{
    "cid": "x-ND8Pz34",
    "authorUid": "bd-1743862202",
    "authorUserName": "185******99",
    "title": "",
    "description": "",
    "latestVersion": 2,
    "alwaysLatest": 1,
    "createTime": "2020-01-02T08:26:57.000Z",
    "lastUpdateTime": "2020-01-02T08:26:57.000Z",
    "auth": 2,
    "uid": "bd-1743862202",
    "publishedVersion": 0,
    "forkFrom": "-",
    "isSpam": 0,
    "version": 2,
    "parentVersion": 1,
    "echartsVersion": "4.4.0",
    "versionCreateTime": "2020-01-02T08:27:35.000Z",
    "html": "",
    "externalScripts": "",
    "updaterUID": "bd-1743862202",
    "theme": "",
    "layout": "",
    "viewCount": 367,
    "userName": "185******99",
    "commentCount": 0,
    "starCount": 1,
    "isStared": 0,
    "thumbnailURL": "https://www.makeapie.com/ecg-storage/ec_gallery_thumbnail/x-ND8Pz34.png?v=1577953655641",
    "isCustomThumbnail": 0,
    "builtinTags": [
        "category-work",
        "grid",
        "legend",
        "markPoint",
        "series-line",
        "title",
        "tooltip"
    ],
    "customTags": [],
    "updaterUserName": "185******99"
}