{
    "cid": "x0793oC44",
    "authorUid": "bd-1026796932",
    "authorUserName": "尸***营",
    "title": "关系图支持相同 name 节点显示",
    "description": "",
    "latestVersion": 1,
    "alwaysLatest": 1,
    "createTime": "2020-01-02T02:27:07.000Z",
    "lastUpdateTime": "2020-01-02T02:27:07.000Z",
    "auth": 2,
    "uid": "bd-1026796932",
    "publishedVersion": 0,
    "forkFrom": "-",
    "isSpam": 0,
    "version": 1,
    "parentVersion": -1,
    "echartsVersion": "4.4.0",
    "versionCreateTime": "2020-01-02T02:27:07.000Z",
    "html": "",
    "externalScripts": "",
    "updaterUID": "bd-1026796932",
    "theme": "",
    "layout": "",
    "viewCount": 362,
    "userName": "尸***营",
    "commentCount": 0,
    "starCount": 0,
    "isStared": 0,
    "thumbnailURL": "https://www.makeapie.com/ecg-storage/ec_gallery_thumbnail/x0793oC44.png?v=1577932027783",
    "isCustomThumbnail": 0,
    "builtinTags": [
        "category-work",
        "series-graph"
    ],
    "customTags": [],
    "updaterUserName": "尸***营"
}