{
    "cid": "x36yUCrRW",
    "authorUid": "bd-3008612119",
    "authorUserName": "S***夕",
    "title": "象形柱图",
    "description": "",
    "latestVersion": 3,
    "alwaysLatest": 1,
    "createTime": "2020-01-04T02:29:10.000Z",
    "lastUpdateTime": "2020-01-04T02:29:10.000Z",
    "auth": 2,
    "uid": "bd-3008612119",
    "publishedVersion": 0,
    "forkFrom": "-",
    "isSpam": 0,
    "version": 3,
    "parentVersion": 2,
    "echartsVersion": "4.4.0",
    "versionCreateTime": "2020-01-04T02:30:22.000Z",
    "html": "",
    "externalScripts": "",
    "updaterUID": "bd-3008612119",
    "theme": "",
    "layout": "",
    "viewCount": 3314,
    "userName": "S***夕",
    "commentCount": 0,
    "starCount": 14,
    "isStared": 0,
    "thumbnailURL": "https://www.makeapie.com/ecg-storage/ec_gallery_thumbnail/x36yUCrRW.png?v=1578105022579",
    "isCustomThumbnail": 0,
    "builtinTags": [
        "category-work",
        "grid",
        "series-pictorialBar"
    ],
    "customTags": [],
    "updaterUserName": "S***夕"
}