{
    "cid": "x8ODfanJK",
    "authorUid": "bd-1873793385",
    "authorUserName": "w***3",
    "title": "时钟",
    "description": "",
    "latestVersion": 1,
    "alwaysLatest": 1,
    "createTime": "2020-01-02T04:23:54.000Z",
    "lastUpdateTime": "2020-01-02T04:23:54.000Z",
    "auth": 2,
    "uid": "bd-1873793385",
    "publishedVersion": 0,
    "forkFrom": "-",
    "isSpam": 0,
    "version": 1,
    "parentVersion": -1,
    "echartsVersion": "4.4.0",
    "versionCreateTime": "2020-01-02T04:23:54.000Z",
    "html": "",
    "externalScripts": "",
    "updaterUID": "bd-1873793385",
    "theme": "",
    "layout": "",
    "viewCount": 322,
    "userName": "w***3",
    "commentCount": 0,
    "starCount": 1,
    "isStared": 0,
    "thumbnailURL": "https://www.makeapie.com/ecg-storage/ec_gallery_thumbnail/x8ODfanJK.png?v=1577939034287",
    "isCustomThumbnail": 0,
    "builtinTags": [
        "category-work",
        "markPoint",
        "series-gauge",
        "series-pie",
        "tooltip"
    ],
    "customTags": [],
    "updaterUserName": "w***3"
}