{
    "cid": "xa3d0tEkI",
    "authorUid": "bd-365218436",
    "authorUserName": "G***G",
    "title": "科幻折线图",
    "description": "",
    "latestVersion": 1,
    "alwaysLatest": 1,
    "createTime": "2020-01-02T07:12:02.000Z",
    "lastUpdateTime": "2020-01-02T07:12:02.000Z",
    "auth": 1,
    "uid": "bd-365218436",
    "publishedVersion": 0,
    "forkFrom": "-",
    "isSpam": 0,
    "version": 1,
    "parentVersion": -1,
    "echartsVersion": "4.4.0",
    "versionCreateTime": "2020-01-02T07:12:02.000Z",
    "html": "",
    "externalScripts": "",
    "updaterUID": "bd-365218436",
    "theme": "dark",
    "layout": "",
    "viewCount": 206,
    "userName": "G***G",
    "commentCount": 0,
    "starCount": 11,
    "isStared": 0,
    "thumbnailURL": "https://www.makeapie.com/ecg-storage/ec_gallery_thumbnail/xa3d0tEkI.png?v=1577949122639",
    "isCustomThumbnail": 0,
    "builtinTags": [
        "category-work",
        "grid",
        "series-line",
        "tooltip"
    ],
    "customTags": [],
    "updaterUserName": "G***G"
}