{
    "cid": "xgHARMlrX",
    "authorUid": "bd-1873793385",
    "authorUserName": "w***3",
    "title": "树神经",
    "description": "",
    "latestVersion": 1,
    "alwaysLatest": 1,
    "createTime": "2020-01-02T04:17:06.000Z",
    "lastUpdateTime": "2020-01-02T04:17:06.000Z",
    "auth": 2,
    "uid": "bd-1873793385",
    "publishedVersion": 0,
    "forkFrom": "-",
    "isSpam": 0,
    "version": 1,
    "parentVersion": -1,
    "echartsVersion": "4.4.0",
    "versionCreateTime": "2020-01-02T04:17:06.000Z",
    "html": "",
    "externalScripts": "",
    "updaterUID": "bd-1873793385",
    "theme": "",
    "layout": "",
    "viewCount": 1120,
    "userName": "w***3",
    "commentCount": 0,
    "starCount": 2,
    "isStared": 0,
    "thumbnailURL": "https://www.makeapie.com/ecg-storage/ec_gallery_thumbnail/xgHARMlrX.png?v=1577938626290",
    "isCustomThumbnail": 0,
    "builtinTags": [
        "category-work",
        "legend",
        "series-graph",
        "title",
        "tooltip"
    ],
    "customTags": [],
    "updaterUserName": "w***3"
}