{
    "cid": "xjvY94LQf",
    "authorUid": "bd-1391950441",
    "authorUserName": "183******28",
    "title": "Awesome Chart",
    "description": "",
    "latestVersion": 2,
    "alwaysLatest": 1,
    "createTime": "2020-01-02T06:59:39.000Z",
    "lastUpdateTime": "2020-01-02T06:59:39.000Z",
    "auth": 1,
    "uid": "bd-1391950441",
    "publishedVersion": 0,
    "forkFrom": "-",
    "isSpam": 0,
    "version": 2,
    "parentVersion": 1,
    "echartsVersion": "4.4.0",
    "versionCreateTime": "2020-01-02T07:00:06.000Z",
    "html": "",
    "externalScripts": "",
    "updaterUID": "bd-1391950441",
    "theme": "",
    "layout": "",
    "viewCount": 3,
    "userName": "183******28",
    "commentCount": 0,
    "starCount": 0,
    "isStared": 0,
    "thumbnailURL": "https://www.makeapie.com/ecg-storage/ec_gallery_thumbnail/xjvY94LQf.png?v=1577948406325",
    "isCustomThumbnail": 0,
    "builtinTags": [
        "category-work",
        "grid",
        "series-line",
        "title"
    ],
    "customTags": [],
    "updaterUserName": "183******28"
}