{
    "cid": "xKjqud5hJ",
    "authorUid": "bd-1928704263",
    "authorUserName": "認***浪",
    "title": "关联双圆",
    "description": "备忘录",
    "latestVersion": 2,
    "alwaysLatest": 1,
    "createTime": "2020-01-03T08:00:34.000Z",
    "lastUpdateTime": "2020-01-03T08:00:34.000Z",
    "auth": 2,
    "uid": "bd-1928704263",
    "publishedVersion": 0,
    "forkFrom": "-",
    "isSpam": 0,
    "version": 2,
    "parentVersion": 1,
    "echartsVersion": "4.4.0",
    "versionCreateTime": "2020-01-03T08:08:55.000Z",
    "html": "",
    "externalScripts": "",
    "updaterUID": "bd-1928704263",
    "theme": "",
    "layout": "",
    "viewCount": 138,
    "userName": "認***浪",
    "commentCount": 0,
    "starCount": 2,
    "isStared": 0,
    "thumbnailURL": "https://www.makeapie.com/ecg-storage/ec_gallery_thumbnail/xKjqud5hJ.png?v=1578038935346",
    "isCustomThumbnail": 0,
    "builtinTags": [
        "category-work",
        "series-pie"
    ],
    "customTags": [],
    "updaterUserName": "認***浪"
}