{
    "cid": "xTPJcBGIq",
    "authorUid": "bd-3040909294",
    "authorUserName": "冷***g",
    "title": "多类目轴分组",
    "description": "",
    "latestVersion": 8,
    "alwaysLatest": 1,
    "createTime": "2020-01-04T07:02:55.000Z",
    "lastUpdateTime": "2020-01-04T08:47:33.000Z",
    "auth": 2,
    "uid": "bd-3040909294",
    "publishedVersion": 0,
    "forkFrom": "-",
    "isSpam": 0,
    "version": 8,
    "parentVersion": 7,
    "echartsVersion": "4.4.0",
    "versionCreateTime": "2020-01-04T09:34:21.000Z",
    "html": "",
    "externalScripts": "",
    "updaterUID": "bd-3040909294",
    "theme": "macarons",
    "layout": "",
    "viewCount": 92,
    "userName": "冷***g",
    "commentCount": 0,
    "starCount": 0,
    "isStared": 0,
    "thumbnailURL": "https://www.makeapie.com/ecg-storage/ec_gallery_thumbnail/xTPJcBGIq.png?v=1578130461902",
    "isCustomThumbnail": 0,
    "builtinTags": [
        "category-work",
        "dataZoom",
        "grid",
        "series-line",
        "title"
    ],
    "customTags": [],
    "updaterUserName": "冷***g"
}