{
    "cid": "x3I1v62meF",
    "authorUid": "bd-3560695082",
    "authorUserName": "射***士",
    "title": "清新雷达图",
    "description": "简洁清新的雷达图",
    "latestVersion": 5,
    "alwaysLatest": 1,
    "createTime": "2019-07-19T04:14:50.000Z",
    "lastUpdateTime": "2019-07-19T04:14:50.000Z",
    "auth": 2,
    "uid": "bd-3560695082",
    "publishedVersion": 0,
    "forkFrom": "-",
    "isSpam": 0,
    "version": 5,
    "parentVersion": 4,
    "echartsVersion": "4.8.0",
    "versionCreateTime": "2020-09-28T10:12:51.000Z",
    "html": "",
    "externalScripts": "",
    "updaterUID": "bd-3560695082",
    "theme": "",
    "layout": "",
    "viewCount": 1591,
    "userName": "射***士",
    "commentCount": 0,
    "starCount": 7,
    "isStared": 0,
    "thumbnailURL": "https://www.makeapie.com/ecg-storage/ec_gallery_thumbnail/x3I1v62meF.png?v=1601287971720",
    "isCustomThumbnail": 0,
    "builtinTags": [
        "category-work",
        "radar",
        "series-radar",
        "tooltip"
    ],
    "customTags": [],
    "updaterUserName": "射***士"
}