{
    "cid": "xEeRApX5fO",
    "authorUid": "bd-738656695",
    "authorUserName": "花***囝",
    "title": "渐变色热力图",
    "description": "",
    "latestVersion": 1,
    "alwaysLatest": 1,
    "createTime": "2019-07-18T08:48:27.000Z",
    "lastUpdateTime": "2019-07-18T08:48:27.000Z",
    "auth": 2,
    "uid": "bd-738656695",
    "publishedVersion": 0,
    "forkFrom": "-",
    "isSpam": 0,
    "version": 1,
    "parentVersion": -1,
    "echartsVersion": "4.2.1",
    "versionCreateTime": "2019-07-18T08:48:27.000Z",
    "html": "",
    "externalScripts": "",
    "updaterUID": "bd-738656695",
    "theme": "",
    "layout": "",
    "viewCount": 1141,
    "userName": "花***囝",
    "commentCount": 0,
    "starCount": 5,
    "isStared": 0,
    "thumbnailURL": "https://www.makeapie.com/ecg-storage/ec_gallery_thumbnail/xEeRApX5fO.png?v=1563439707244",
    "isCustomThumbnail": 0,
    "builtinTags": [
        "category-work",
        "grid",
        "series-heatmap",
        "tooltip",
        "visualMap"
    ],
    "customTags": [],
    "updaterUserName": "花***囝"
}