{
    "cid": "xfG_eiAIL2",
    "authorUid": "bd-4281181254",
    "authorUserName": "宋***说",
    "title": "折线图",
    "description": "",
    "latestVersion": 1,
    "alwaysLatest": 1,
    "createTime": "2019-07-19T05:38:38.000Z",
    "lastUpdateTime": "2019-07-19T05:38:38.000Z",
    "auth": 2,
    "uid": "bd-4281181254",
    "publishedVersion": 0,
    "forkFrom": "-",
    "isSpam": 0,
    "version": 1,
    "parentVersion": -1,
    "echartsVersion": "4.2.1",
    "versionCreateTime": "2019-07-19T05:38:38.000Z",
    "html": "",
    "externalScripts": "",
    "updaterUID": "bd-4281181254",
    "theme": "",
    "layout": "",
    "viewCount": 21,
    "userName": "宋***说",
    "commentCount": 0,
    "starCount": 0,
    "isStared": 0,
    "thumbnailURL": "https://www.makeapie.com/ecg-storage/ec_gallery_thumbnail/xfG_eiAIL2.png?v=1563514718629",
    "isCustomThumbnail": 0,
    "builtinTags": [
        "category-work",
        "grid",
        "series-line",
        "tooltip"
    ],
    "customTags": [],
    "updaterUserName": "宋***说"
}