{
    "cid": "xhr10Pg964",
    "authorUid": "bd-738271008",
    "authorUserName": "6***6",
    "title": "test2",
    "description": "",
    "latestVersion": 3,
    "alwaysLatest": 1,
    "createTime": "2019-07-17T08:53:10.000Z",
    "lastUpdateTime": "2019-07-17T08:53:10.000Z",
    "auth": 2,
    "uid": "bd-738271008",
    "publishedVersion": 0,
    "forkFrom": "-",
    "isSpam": 0,
    "version": 3,
    "parentVersion": 2,
    "echartsVersion": "4.2.1",
    "versionCreateTime": "2019-07-18T03:12:15.000Z",
    "html": "",
    "externalScripts": "",
    "updaterUID": "bd-738271008",
    "theme": "default",
    "layout": "",
    "viewCount": 283,
    "userName": "6***6",
    "commentCount": 0,
    "starCount": 0,
    "isStared": 0,
    "thumbnailURL": "https://www.makeapie.com/ecg-storage/ec_gallery_thumbnail/xhr10Pg964.png?v=1563419535451",
    "isCustomThumbnail": 0,
    "builtinTags": [
        "category-work",
        "grid",
        "legend",
        "markLine",
        "markPoint",
        "series-bar",
        "title",
        "toolbox",
        "tooltip"
    ],
    "customTags": [],
    "updaterUserName": "6***6"
}