{
    "cid": "xLPTGBZUZF",
    "authorUid": "bd-3509914490",
    "authorUserName": "c***2",
    "title": "柱状图05",
    "description": "",
    "latestVersion": 3,
    "alwaysLatest": 1,
    "createTime": "2019-07-17T07:52:55.000Z",
    "lastUpdateTime": "2019-07-17T07:52:55.000Z",
    "auth": 2,
    "uid": "bd-3509914490",
    "publishedVersion": 0,
    "forkFrom": "-",
    "isSpam": 0,
    "version": 3,
    "parentVersion": 2,
    "echartsVersion": "4.2.1",
    "versionCreateTime": "2019-07-17T09:02:56.000Z",
    "html": "",
    "externalScripts": "",
    "updaterUID": "bd-3509914490",
    "theme": "",
    "layout": "",
    "viewCount": 2349,
    "userName": "c***2",
    "commentCount": 0,
    "starCount": 11,
    "isStared": 0,
    "thumbnailURL": "https://www.makeapie.com/ecg-storage/ec_gallery_thumbnail/xLPTGBZUZF.png?v=1563354176962",
    "isCustomThumbnail": 0,
    "builtinTags": [
        "category-work",
        "grid",
        "legend",
        "series-bar",
        "tooltip"
    ],
    "customTags": [],
    "updaterUserName": "c***2"
}