{
    "cid": "xN1tDVTaCH",
    "authorUid": "bd-306140582",
    "authorUserName": "就***d",
    "title": "折线平滑面积图",
    "description": "vue版echarts请查看https://blog.csdn.net/qq_42221334/article/details/96315748",
    "latestVersion": 1,
    "alwaysLatest": 1,
    "createTime": "2019-07-17T07:49:49.000Z",
    "lastUpdateTime": "2019-07-17T07:49:49.000Z",
    "auth": 2,
    "uid": "bd-306140582",
    "publishedVersion": 0,
    "forkFrom": "-",
    "isSpam": 0,
    "version": 1,
    "parentVersion": -1,
    "echartsVersion": "4.2.1",
    "versionCreateTime": "2019-07-17T07:49:49.000Z",
    "html": "",
    "externalScripts": "",
    "updaterUID": "bd-306140582",
    "theme": "",
    "layout": "",
    "viewCount": 344,
    "userName": "就***d",
    "commentCount": 0,
    "starCount": 7,
    "isStared": 0,
    "thumbnailURL": "https://www.makeapie.com/ecg-storage/ec_gallery_thumbnail/xN1tDVTaCH.png?v=1563349789626",
    "isCustomThumbnail": 1,
    "builtinTags": [
        "category-work",
        "grid",
        "legend",
        "series-line",
        "tooltip"
    ],
    "customTags": [
        "平滑",
        "折线",
        "面积"
    ],
    "updaterUserName": "就***d"
}