{
    "cid": "xyBuPruduO",
    "authorUid": "bd-4232753340",
    "authorUserName": "滚***球",
    "title": "淮安市人口分布（万人）",
    "description": "人口数量",
    "latestVersion": 1,
    "alwaysLatest": 1,
    "createTime": "2019-07-19T07:26:18.000Z",
    "lastUpdateTime": "2019-07-19T07:26:18.000Z",
    "auth": 2,
    "uid": "bd-4232753340",
    "publishedVersion": 0,
    "forkFrom": "-",
    "isSpam": 0,
    "version": 1,
    "parentVersion": -1,
    "echartsVersion": "4.2.1",
    "versionCreateTime": "2019-07-19T07:26:18.000Z",
    "html": "",
    "externalScripts": "",
    "updaterUID": "bd-4232753340",
    "theme": "",
    "layout": "",
    "viewCount": 68,
    "userName": "滚***球",
    "commentCount": 0,
    "starCount": 0,
    "isStared": 0,
    "thumbnailURL": "https://www.makeapie.com/ecg-storage/ec_gallery_thumbnail/xyBuPruduO.png?v=1563521178549",
    "isCustomThumbnail": 0,
    "builtinTags": [
        "category-work",
        "grid",
        "series-pictorialBar",
        "title",
        "tooltip"
    ],
    "customTags": [],
    "updaterUserName": "滚***球"
}