{
    "cid": "xYEvfwf035",
    "authorUid": "bd-4281181254",
    "authorUserName": "宋***说",
    "title": "雷达图",
    "description": "",
    "latestVersion": 2,
    "alwaysLatest": 1,
    "createTime": "2019-07-19T05:33:51.000Z",
    "lastUpdateTime": "2019-07-19T05:33:51.000Z",
    "auth": 2,
    "uid": "bd-4281181254",
    "publishedVersion": 0,
    "forkFrom": "-",
    "isSpam": 0,
    "version": 2,
    "parentVersion": 1,
    "echartsVersion": "4.2.1",
    "versionCreateTime": "2019-07-19T05:34:19.000Z",
    "html": "",
    "externalScripts": "",
    "updaterUID": "bd-4281181254",
    "theme": "",
    "layout": "",
    "viewCount": 428,
    "userName": "宋***说",
    "commentCount": 0,
    "starCount": 2,
    "isStared": 0,
    "thumbnailURL": "https://www.makeapie.com/ecg-storage/ec_gallery_thumbnail/xYEvfwf035.png?v=1563514460006",
    "isCustomThumbnail": 0,
    "builtinTags": [
        "category-work",
        "radar",
        "series-radar"
    ],
    "customTags": [],
    "updaterUserName": "宋***说"
}