{
    "cid": "x3RYXYAGI",
    "authorUid": "bd-1073186",
    "authorUserName": "y***y",
    "title": "立体柱状图",
    "description": "立体柱状图",
    "latestVersion": 1,
    "alwaysLatest": 1,
    "createTime": "2020-03-17T10:16:12.000Z",
    "lastUpdateTime": "2020-03-17T10:16:12.000Z",
    "auth": 2,
    "uid": "bd-1073186",
    "publishedVersion": 0,
    "forkFrom": "-",
    "isSpam": 0,
    "version": 1,
    "parentVersion": -1,
    "echartsVersion": "4.4.0",
    "versionCreateTime": "2020-03-17T10:16:12.000Z",
    "html": "",
    "externalScripts": "",
    "updaterUID": "bd-1073186",
    "theme": "",
    "layout": "",
    "viewCount": 5812,
    "userName": "y***y",
    "commentCount": 0,
    "starCount": 25,
    "isStared": 0,
    "thumbnailURL": "https://www.makeapie.com/ecg-storage/ec_gallery_thumbnail/x3RYXYAGI.png?v=1584440172925",
    "isCustomThumbnail": 0,
    "builtinTags": [
        "category-work",
        "grid",
        "series-bar",
        "series-pictorialBar",
        "tooltip"
    ],
    "customTags": [],
    "updaterUserName": "y***y"
}