{
    "cid": "x9rKMpB6Pu",
    "authorUid": "bd-2778520127",
    "authorUserName": "沫***儿",
    "title": "数据控制仪表盘",
    "description": "通过数据动态的控制仪表盘颜色的显示",
    "latestVersion": 1,
    "alwaysLatest": 1,
    "createTime": "2020-03-24T08:09:44.000Z",
    "lastUpdateTime": "2020-03-24T08:09:44.000Z",
    "auth": 2,
    "uid": "bd-2778520127",
    "publishedVersion": 0,
    "forkFrom": "-",
    "isSpam": 0,
    "version": 1,
    "parentVersion": -1,
    "echartsVersion": "4.7.0",
    "versionCreateTime": "2020-03-24T08:09:44.000Z",
    "html": "",
    "externalScripts": "",
    "updaterUID": "bd-2778520127",
    "theme": "",
    "layout": "",
    "viewCount": 5841,
    "userName": "沫***儿",
    "commentCount": 0,
    "starCount": 28,
    "isStared": 0,
    "thumbnailURL": "https://www.makeapie.com/ecg-storage/ec_gallery_thumbnail/x9rKMpB6Pu.png?v=1585037385535",
    "isCustomThumbnail": 1,
    "builtinTags": [
        "category-work",
        "series-gauge"
    ],
    "customTags": [],
    "updaterUserName": "沫***儿"
}