{
    "cid": "xDZgBfM5g",
    "authorUid": "bd-289450008",
    "authorUserName": "T***3",
    "title": " \n计划数量\n实际产出\n达成率\n生产效率",
    "description": "",
    "latestVersion": 9,
    "alwaysLatest": 1,
    "createTime": "2020-03-11T09:05:12.000Z",
    "lastUpdateTime": "2020-03-11T09:05:12.000Z",
    "auth": 2,
    "uid": "bd-289450008",
    "publishedVersion": 0,
    "forkFrom": "-",
    "isSpam": 0,
    "version": 9,
    "parentVersion": 8,
    "echartsVersion": "4.4.0",
    "versionCreateTime": "2020-03-11T10:26:50.000Z",
    "html": "",
    "externalScripts": "",
    "updaterUID": "bd-289450008",
    "theme": "",
    "layout": "",
    "viewCount": 6378,
    "userName": "T***3",
    "commentCount": 0,
    "starCount": 23,
    "isStared": 0,
    "thumbnailURL": "https://www.makeapie.com/ecg-storage/ec_gallery_thumbnail/xDZgBfM5g.png?v=1583922410282",
    "isCustomThumbnail": 0,
    "builtinTags": [
        "category-work",
        "graphic",
        "grid",
        "legend",
        "series-bar",
        "title",
        "tooltip"
    ],
    "customTags": [],
    "updaterUserName": "T***3"
}