{
    "cid": "xFI_wsbAh",
    "authorUid": "bd-1627449234",
    "authorUserName": "l***w",
    "title": "疫情输入型传播",
    "description": "",
    "latestVersion": 5,
    "alwaysLatest": 1,
    "createTime": "2020-02-27T03:08:15.000Z",
    "lastUpdateTime": "2020-02-27T03:08:15.000Z",
    "auth": 2,
    "uid": "bd-1627449234",
    "publishedVersion": 0,
    "forkFrom": "-",
    "isSpam": 0,
    "version": 5,
    "parentVersion": 4,
    "echartsVersion": "4.4.0",
    "versionCreateTime": "2020-02-27T13:50:20.000Z",
    "html": "",
    "externalScripts": "/dep/echarts/map/js/china.js",
    "updaterUID": "bd-1627449234",
    "theme": "",
    "layout": "",
    "viewCount": 4136,
    "userName": "l***w",
    "commentCount": 0,
    "starCount": 22,
    "isStared": 0,
    "thumbnailURL": "https://www.makeapie.com/ecg-storage/ec_gallery_thumbnail/xFI_wsbAh.png?v=1582811421077",
    "isCustomThumbnail": 0,
    "builtinTags": [
        "category-work",
        "geo",
        "grid",
        "series-effectScatter",
        "series-lines",
        "title",
        "tooltip"
    ],
    "customTags": [],
    "updaterUserName": "l***w"
}