{
    "cid": "xfR2AKDf4",
    "authorUid": "bd-876036826",
    "authorUserName": "袁***1",
    "title": "柱状图",
    "description": "",
    "latestVersion": 1,
    "alwaysLatest": 1,
    "createTime": "2020-01-15T05:37:02.000Z",
    "lastUpdateTime": "2020-01-15T05:37:02.000Z",
    "auth": 2,
    "uid": "bd-876036826",
    "publishedVersion": 0,
    "forkFrom": "-",
    "isSpam": 0,
    "version": 1,
    "parentVersion": -1,
    "echartsVersion": "4.4.0",
    "versionCreateTime": "2020-01-15T05:37:02.000Z",
    "html": "",
    "externalScripts": "",
    "updaterUID": "bd-876036826",
    "theme": "",
    "layout": "",
    "viewCount": 2948,
    "userName": "袁***1",
    "commentCount": 1,
    "starCount": 28,
    "isStared": 0,
    "thumbnailURL": "https://www.makeapie.com/ecg-storage/ec_gallery_thumbnail/xfR2AKDf4.png?v=1579066622876",
    "isCustomThumbnail": 0,
    "builtinTags": [
        "category-work",
        "grid",
        "series-pictorialBar",
        "tooltip"
    ],
    "customTags": [],
    "updaterUserName": "袁***1"
}