{
    "cid": "xG9FYWv88",
    "authorUid": "bd-3677644573",
    "authorUserName": "王***1",
    "title": "色温气泡图",
    "description": "色温图和气泡图的融合",
    "latestVersion": 2,
    "alwaysLatest": 1,
    "createTime": "2020-02-21T08:31:50.000Z",
    "lastUpdateTime": "2020-02-21T08:31:50.000Z",
    "auth": 2,
    "uid": "bd-3677644573",
    "publishedVersion": 0,
    "forkFrom": "-",
    "isSpam": 0,
    "version": 2,
    "parentVersion": 1,
    "echartsVersion": "4.4.0",
    "versionCreateTime": "2020-02-21T08:50:15.000Z",
    "html": "",
    "externalScripts": "",
    "updaterUID": "bd-3677644573",
    "theme": "",
    "layout": "",
    "viewCount": 17742,
    "userName": "王***1",
    "commentCount": 0,
    "starCount": 27,
    "isStared": 0,
    "thumbnailURL": "https://www.makeapie.com/ecg-storage/ec_gallery_thumbnail/xG9FYWv88.png?v=1582275015279",
    "isCustomThumbnail": 0,
    "builtinTags": [
        "category-work",
        "geo",
        "series-map",
        "series-scatter",
        "tooltip",
        "visualMap"
    ],
    "customTags": [],
    "updaterUserName": "王***1"
}