{
    "cid": "xJaWFFQMTn",
    "authorUid": "bd-2461361090",
    "authorUserName": "鍙***0",
    "title": "重庆坠江事件微博用户性别信息",
    "description": "",
    "latestVersion": 1,
    "alwaysLatest": 1,
    "createTime": "2020-03-24T13:15:35.000Z",
    "lastUpdateTime": "2020-03-24T13:15:35.000Z",
    "auth": 2,
    "uid": "bd-2461361090",
    "publishedVersion": 0,
    "forkFrom": "-",
    "isSpam": 0,
    "version": 1,
    "parentVersion": -1,
    "echartsVersion": "4.7.0",
    "versionCreateTime": "2020-03-24T13:15:35.000Z",
    "html": "",
    "externalScripts": "",
    "updaterUID": "bd-2461361090",
    "theme": "default",
    "layout": "",
    "viewCount": 1794,
    "userName": "鍙***0",
    "commentCount": 0,
    "starCount": 24,
    "isStared": 0,
    "thumbnailURL": "https://www.makeapie.com/ecg-storage/ec_gallery_thumbnail/xJaWFFQMTn.png?v=1585055735128",
    "isCustomThumbnail": 0,
    "builtinTags": [
        "category-work",
        "grid",
        "legend",
        "series-pictorialBar",
        "tooltip"
    ],
    "customTags": [],
    "updaterUserName": "鍙***0"
}