{
    "cid": "xMH7RcMuI",
    "authorUid": "bd-1785484718",
    "authorUserName": "闵***君",
    "title": "水球图",
    "description": "",
    "latestVersion": 3,
    "alwaysLatest": 1,
    "createTime": "2020-01-17T04:13:26.000Z",
    "lastUpdateTime": "2020-01-17T04:13:26.000Z",
    "auth": 2,
    "uid": "bd-1785484718",
    "publishedVersion": 0,
    "forkFrom": "-",
    "isSpam": 0,
    "version": 3,
    "parentVersion": 2,
    "echartsVersion": "4.4.0",
    "versionCreateTime": "2020-01-17T04:29:39.000Z",
    "html": "",
    "externalScripts": "https://echarts.baidu.com/resource/echarts-liquidfill-latest/dist/echarts-liquidfill.min.js",
    "updaterUID": "bd-1785484718",
    "theme": "",
    "layout": "",
    "viewCount": 3085,
    "userName": "闵***君",
    "commentCount": 0,
    "starCount": 22,
    "isStared": 0,
    "thumbnailURL": "https://www.makeapie.com/ecg-storage/ec_gallery_thumbnail/xMH7RcMuI.png?v=1579235379526",
    "isCustomThumbnail": 0,
    "builtinTags": [
        "category-work",
        "series-liquidFill",
        "title"
    ],
    "customTags": [],
    "updaterUserName": "闵***君"
}