{
    "cid": "xQjKkIDII",
    "authorUid": "bd-104596799",
    "authorUserName": "1***的",
    "title": "门禁告警数量",
    "description": "",
    "latestVersion": 1,
    "alwaysLatest": 1,
    "createTime": "2020-02-28T09:22:05.000Z",
    "lastUpdateTime": "2020-02-28T09:22:05.000Z",
    "auth": 2,
    "uid": "bd-104596799",
    "publishedVersion": 0,
    "forkFrom": "-",
    "isSpam": 0,
    "version": 1,
    "parentVersion": -1,
    "echartsVersion": "4.4.0",
    "versionCreateTime": "2020-02-28T09:22:05.000Z",
    "html": "",
    "externalScripts": "",
    "updaterUID": "bd-104596799",
    "theme": "",
    "layout": "",
    "viewCount": 3950,
    "userName": "1***的",
    "commentCount": 0,
    "starCount": 25,
    "isStared": 0,
    "thumbnailURL": "https://www.makeapie.com/ecg-storage/ec_gallery_thumbnail/xQjKkIDII.png?v=1582881725167",
    "isCustomThumbnail": 0,
    "builtinTags": [
        "category-work",
        "dataZoom",
        "grid",
        "legend",
        "series-bar",
        "title",
        "tooltip"
    ],
    "customTags": [],
    "updaterUserName": "1***的"
}