{
    "cid": "xwb0HoNy1",
    "authorUid": "bd-932660515",
    "authorUserName": "每***涯",
    "title": "水晶球",
    "description": "更改球内文字大小",
    "latestVersion": 1,
    "alwaysLatest": 1,
    "createTime": "2020-03-10T11:57:58.000Z",
    "lastUpdateTime": "2020-03-10T11:57:58.000Z",
    "auth": 2,
    "uid": "bd-932660515",
    "publishedVersion": 0,
    "forkFrom": "-",
    "isSpam": 0,
    "version": 1,
    "parentVersion": -1,
    "echartsVersion": "4.4.0",
    "versionCreateTime": "2020-03-10T11:57:58.000Z",
    "html": "",
    "externalScripts": "http://echarts.baidu.com/resource/echarts-liquidfill-1.0.4/dist/echarts-liquidfill.js",
    "updaterUID": "bd-932660515",
    "theme": "",
    "layout": "",
    "viewCount": 2168,
    "userName": "每***涯",
    "commentCount": 0,
    "starCount": 31,
    "isStared": 0,
    "thumbnailURL": "https://www.makeapie.com/ecg-storage/ec_gallery_thumbnail/xwb0HoNy1.png?v=1583841479086",
    "isCustomThumbnail": 0,
    "builtinTags": [
        "category-work",
        "series-liquidFill"
    ],
    "customTags": [],
    "updaterUserName": "每***涯"
}