{
    "cid": "xWgsDWxHq8",
    "authorUid": "bd-4061446379",
    "authorUserName": "A***9",
    "title": "弧形端头双环饼图",
    "description": "自定义echarts脚本，为环形饼图拼接端头添加弧形圆帽（在series设置中通过roundCap属性进行配置）",
    "latestVersion": 16,
    "alwaysLatest": 1,
    "createTime": "2020-03-27T05:26:36.000Z",
    "lastUpdateTime": "2021-12-05T16:44:39.000Z",
    "auth": 1,
    "uid": "bd-4061446379",
    "publishedVersion": 0,
    "forkFrom": "-",
    "isSpam": 0,
    "version": 16,
    "parentVersion": 15,
    "echartsVersion": "4.6.0",
    "versionCreateTime": "2021-12-05T16:44:39.000Z",
    "html": "",
    "externalScripts": "https://cdn.jsdelivr.net/gh/a413107719/echarts-pie-roundcap/echarts.simple.min.js",
    "updaterUID": "obd-oCScNvqsrBQQnmbEKSODni9mn-TKz3F",
    "theme": "",
    "layout": "",
    "viewCount": 6228,
    "userName": "A***9",
    "commentCount": 2,
    "starCount": 34,
    "isStared": 0,
    "thumbnailURL": "https://www.makeapie.com/ecg-storage/ec_gallery_thumbnail/xWgsDWxHq8.png?v=1638722679195",
    "isCustomThumbnail": 0,
    "builtinTags": [
        "category-work",
        "series-pie"
    ],
    "customTags": [
        "roundCap",
        "双环",
        "圆帽",
        "弧形端头",
        "环形",
        "端头",
        "饼图"
    ],
    "updaterUserName": "b***0"
}