{
    "cid": "xwS4cOjbiX",
    "authorUid": "bd-3723970825",
    "authorUserName": "A***2",
    "title": "立体柱图",
    "description": "立体柱图",
    "latestVersion": 1,
    "alwaysLatest": 1,
    "createTime": "2020-03-26T06:17:02.000Z",
    "lastUpdateTime": "2020-03-26T06:17:02.000Z",
    "auth": 2,
    "uid": "bd-3723970825",
    "publishedVersion": 0,
    "forkFrom": "-",
    "isSpam": 0,
    "version": 1,
    "parentVersion": -1,
    "echartsVersion": "4.7.0",
    "versionCreateTime": "2020-03-26T06:17:02.000Z",
    "html": "",
    "externalScripts": "",
    "updaterUID": "bd-3723970825",
    "theme": "",
    "layout": "",
    "viewCount": 1802,
    "userName": "A***2",
    "commentCount": 0,
    "starCount": 21,
    "isStared": 0,
    "thumbnailURL": "https://www.makeapie.com/ecg-storage/ec_gallery_thumbnail/xwS4cOjbiX.png?v=1585203422291",
    "isCustomThumbnail": 0,
    "builtinTags": [
        "category-work",
        "grid",
        "legend",
        "series-bar",
        "series-pictorialBar",
        "title"
    ],
    "customTags": [],
    "updaterUserName": "A***2"
}