{
    "cid": "x2h_Ec79tE",
    "authorUid": "obd-o0AOEyQ0U41_pra4-fFlMsR_LxW-zFU",
    "authorUserName": "大***0",
    "title": "产销差",
    "description": "",
    "latestVersion": 3,
    "alwaysLatest": 0,
    "createTime": "2021-06-01T07:24:41.000Z",
    "lastUpdateTime": "2021-06-01T07:24:41.000Z",
    "auth": 2,
    "uid": "obd-o0AOEyQ0U41_pra4-fFlMsR_LxW-zFU",
    "publishedVersion": 0,
    "forkFrom": "-",
    "isSpam": 0,
    "version": 3,
    "parentVersion": 2,
    "echartsVersion": "5.1.1",
    "versionCreateTime": "2021-06-01T08:09:28.000Z",
    "html": "",
    "externalScripts": "",
    "updaterUID": "obd-o0AOEyQ0U41_pra4-fFlMsR_LxW-zFU",
    "theme": "",
    "layout": "",
    "viewCount": 0,
    "userName": "大***0",
    "commentCount": 0,
    "starCount": 0,
    "isStared": 0,
    "thumbnailURL": "https://www.makeapie.com/ecg-storage/ec_gallery_thumbnail/x2h_Ec79tE.png?v=1622534968780",
    "isCustomThumbnail": 0,
    "builtinTags": [
        "category-work",
        "grid",
        "legend",
        "series-bar"
    ],
    "customTags": [],
    "updaterUserName": "大***0"
}