{
    "cid": "x8E1XqmJqu",
    "authorUid": "obd-oDCQUJeWkPHSvIuegIYhyGbZ3K8n21v",
    "authorUserName": "l***L",
    "title": "横向柱状图",
    "description": "横向柱状图",
    "latestVersion": 1,
    "alwaysLatest": 0,
    "createTime": "2021-06-01T05:41:24.000Z",
    "lastUpdateTime": "2021-06-01T05:41:24.000Z",
    "auth": 1,
    "uid": "obd-oDCQUJeWkPHSvIuegIYhyGbZ3K8n21v",
    "publishedVersion": 0,
    "forkFrom": "-",
    "isSpam": 0,
    "version": 1,
    "parentVersion": -1,
    "echartsVersion": "5.1.1",
    "versionCreateTime": "2021-06-01T05:41:24.000Z",
    "html": "",
    "externalScripts": "",
    "updaterUID": "obd-oDCQUJeWkPHSvIuegIYhyGbZ3K8n21v",
    "theme": "",
    "layout": "",
    "viewCount": 0,
    "userName": "l***L",
    "commentCount": 0,
    "starCount": 0,
    "isStared": 0,
    "thumbnailURL": "https://www.makeapie.com/ecg-storage/ec_gallery_thumbnail/x8E1XqmJqu.png?v=1622526084951",
    "isCustomThumbnail": 0,
    "builtinTags": [
        "category-work",
        "grid",
        "series-bar",
        "tooltip"
    ],
    "customTags": [],
    "updaterUserName": "l***L"
}