{
    "cid": "x9c2gG7ZSO",
    "authorUid": "obd-oNg25yjXqnbvUC72PhC0EDXZDVQ34CY",
    "authorUserName": "9***4",
    "title": "体测项目雷达图",
    "description": "",
    "latestVersion": 1,
    "alwaysLatest": 0,
    "createTime": "2021-05-31T09:19:28.000Z",
    "lastUpdateTime": "2021-05-31T09:19:28.000Z",
    "auth": 2,
    "uid": "obd-oNg25yjXqnbvUC72PhC0EDXZDVQ34CY",
    "publishedVersion": 0,
    "forkFrom": "-",
    "isSpam": 0,
    "version": 1,
    "parentVersion": -1,
    "echartsVersion": "5.1.1",
    "versionCreateTime": "2021-05-31T09:19:28.000Z",
    "html": "",
    "externalScripts": "",
    "updaterUID": "obd-oNg25yjXqnbvUC72PhC0EDXZDVQ34CY",
    "theme": "",
    "layout": "",
    "viewCount": 0,
    "userName": "9***4",
    "commentCount": 0,
    "starCount": 0,
    "isStared": 0,
    "thumbnailURL": "https://www.makeapie.com/ecg-storage/ec_gallery_thumbnail/x9c2gG7ZSO.png?v=1622452769094",
    "isCustomThumbnail": 0,
    "builtinTags": [
        "category-work",
        "radar",
        "series-radar",
        "tooltip"
    ],
    "customTags": [],
    "updaterUserName": "9***4"
}