{
    "cid": "x_dO_wc7If",
    "authorUid": "obd-olmfWOISzDvRz3PoktuOKx2EPkpLL0U",
    "authorUserName": "白***鹫",
    "title": "闪烁动画",
    "description": "闪烁动画",
    "latestVersion": 3,
    "alwaysLatest": 1,
    "createTime": "2021-05-31T10:04:15.000Z",
    "lastUpdateTime": "2021-06-25T09:34:15.000Z",
    "auth": 2,
    "uid": "obd-olmfWOISzDvRz3PoktuOKx2EPkpLL0U",
    "publishedVersion": 0,
    "forkFrom": "-",
    "isSpam": 0,
    "version": 3,
    "parentVersion": 2,
    "echartsVersion": "5.1.1",
    "versionCreateTime": "2021-06-01T05:53:39.000Z",
    "html": "",
    "externalScripts": "",
    "updaterUID": "obd-olmfWOISzDvRz3PoktuOKx2EPkpLL0U",
    "theme": "default",
    "layout": "",
    "viewCount": 0,
    "userName": "白***鹫",
    "commentCount": 0,
    "starCount": 1,
    "isStared": 0,
    "thumbnailURL": "https://www.makeapie.com/ecg-storage/ec_gallery_thumbnail/x_dO_wc7If.png?v=1624613656242",
    "isCustomThumbnail": 0,
    "builtinTags": [
        "category-work",
        "dataZoom",
        "grid",
        "markLine",
        "series-bar",
        "series-pictorialBar"
    ],
    "customTags": [],
    "updaterUserName": "白***鹫"
}