{
    "cid": "xEKXxyne0v",
    "authorUid": "bd-2552167583",
    "authorUserName": "z***g",
    "title": "地图",
    "description": "",
    "latestVersion": 7,
    "alwaysLatest": 0,
    "createTime": "2021-06-01T06:22:02.000Z",
    "lastUpdateTime": "2021-07-07T01:26:55.000Z",
    "auth": 2,
    "uid": "bd-2552167583",
    "publishedVersion": 0,
    "forkFrom": "-",
    "isSpam": 0,
    "version": 7,
    "parentVersion": 6,
    "echartsVersion": "4.9.0",
    "versionCreateTime": "2021-07-07T01:26:55.000Z",
    "html": "",
    "externalScripts": "https://cdn.jsdelivr.net/npm/echarts-gl@2/dist/echarts-gl.min.js,https://cdn.jsdelivr.net/npm/papaparse/papaparse.min.js,https://cdn.jsdelivr.net/npm/echarts-stat/dist/ecStat.min.js,https://cdn.jsdelivr.net/npm/echarts-liquidfill@3/dist/echarts-liquidfill.min.js",
    "updaterUID": "bd-2552167583",
    "theme": "",
    "layout": "",
    "viewCount": 0,
    "userName": "z***g",
    "commentCount": 0,
    "starCount": 2,
    "isStared": 0,
    "thumbnailURL": "https://www.makeapie.com/ecg-storage/ec_gallery_thumbnail/xEKXxyne0v.png?v=1625621215792",
    "isCustomThumbnail": 0,
    "builtinTags": [
        "category-work",
        "geo",
        "series-map",
        "series-scatter"
    ],
    "customTags": [],
    "updaterUserName": "z***g"
}