{
    "cid": "xfkyKm-T4l",
    "authorUid": "obd-oNg25yjXqnbvUC72PhC0EDXZDVQ34CY",
    "authorUserName": "9***4",
    "title": "体测平均值对比分析",
    "description": "",
    "latestVersion": 1,
    "alwaysLatest": 0,
    "createTime": "2021-06-01T02:03:57.000Z",
    "lastUpdateTime": "2021-06-01T02:03:57.000Z",
    "auth": 2,
    "uid": "obd-oNg25yjXqnbvUC72PhC0EDXZDVQ34CY",
    "publishedVersion": 0,
    "forkFrom": "-",
    "isSpam": 0,
    "version": 1,
    "parentVersion": -1,
    "echartsVersion": "5.1.1",
    "versionCreateTime": "2021-06-01T02:03:57.000Z",
    "html": "",
    "externalScripts": "",
    "updaterUID": "obd-oNg25yjXqnbvUC72PhC0EDXZDVQ34CY",
    "theme": "",
    "layout": "",
    "viewCount": 0,
    "userName": "9***4",
    "commentCount": 0,
    "starCount": 1,
    "isStared": 0,
    "thumbnailURL": "https://www.makeapie.com/ecg-storage/ec_gallery_thumbnail/xfkyKm-T4l.png?v=1622513037887",
    "isCustomThumbnail": 0,
    "builtinTags": [
        "category-work",
        "dataZoom",
        "grid",
        "series-line",
        "toolbox",
        "tooltip"
    ],
    "customTags": [],
    "updaterUserName": "9***4"
}