{
    "cid": "xFSFxD_0os",
    "authorUid": "bd-2972011940",
    "authorUserName": "y***5",
    "title": "知识图谱",
    "description": "",
    "latestVersion": 1,
    "alwaysLatest": 1,
    "createTime": "2021-05-31T03:50:21.000Z",
    "lastUpdateTime": "2021-05-31T03:50:21.000Z",
    "auth": 2,
    "uid": "bd-2972011940",
    "publishedVersion": 0,
    "forkFrom": "-",
    "isSpam": 0,
    "version": 1,
    "parentVersion": -1,
    "echartsVersion": "5.1.1",
    "versionCreateTime": "2021-05-31T03:50:21.000Z",
    "html": "",
    "externalScripts": "",
    "updaterUID": "bd-2972011940",
    "theme": "",
    "layout": "",
    "viewCount": 0,
    "userName": "y***5",
    "commentCount": 1,
    "starCount": 3,
    "isStared": 0,
    "thumbnailURL": "https://www.makeapie.com/ecg-storage/ec_gallery_thumbnail/xFSFxD_0os.png?v=1622433021590",
    "isCustomThumbnail": 0,
    "builtinTags": [
        "category-work",
        "legend",
        "series-graph",
        "tooltip"
    ],
    "customTags": [],
    "updaterUserName": "y***5"
}