{
    "cid": "xPSJ-75KN2",
    "authorUid": "obd-o0AOEyQ0U41_pra4-fFlMsR_LxW-zFU",
    "authorUserName": "大***0",
    "title": "基因图",
    "description": "",
    "latestVersion": 5,
    "alwaysLatest": 0,
    "createTime": "2021-05-31T08:31:19.000Z",
    "lastUpdateTime": "2021-05-31T08:31:19.000Z",
    "auth": 2,
    "uid": "obd-o0AOEyQ0U41_pra4-fFlMsR_LxW-zFU",
    "publishedVersion": 0,
    "forkFrom": "-",
    "isSpam": 0,
    "version": 5,
    "parentVersion": 4,
    "echartsVersion": "5.1.1",
    "versionCreateTime": "2021-05-31T09:15:36.000Z",
    "html": "",
    "externalScripts": "",
    "updaterUID": "obd-o0AOEyQ0U41_pra4-fFlMsR_LxW-zFU",
    "theme": "",
    "layout": "",
    "viewCount": 0,
    "userName": "大***0",
    "commentCount": 0,
    "starCount": 1,
    "isStared": 0,
    "thumbnailURL": "https://www.makeapie.com/ecg-storage/ec_gallery_thumbnail/xPSJ-75KN2.png?v=1622452536691",
    "isCustomThumbnail": 0,
    "builtinTags": [
        "category-work",
        "grid",
        "legend",
        "series-bar",
        "series-line",
        "title"
    ],
    "customTags": [],
    "updaterUserName": "大***0"
}