{
    "cid": "xS3OrJvr9B",
    "authorUid": "obd-oCghmT11NwoeFdDBgQh02zSCDdW1y3V",
    "authorUserName": "茶***子",
    "title": "渐变横向柱图",
    "description": "",
    "latestVersion": 2,
    "alwaysLatest": 0,
    "createTime": "2021-05-31T07:41:46.000Z",
    "lastUpdateTime": "2021-05-31T07:41:46.000Z",
    "auth": 2,
    "uid": "obd-oCghmT11NwoeFdDBgQh02zSCDdW1y3V",
    "publishedVersion": 0,
    "forkFrom": "-",
    "isSpam": 0,
    "version": 2,
    "parentVersion": 1,
    "echartsVersion": "5.1.1",
    "versionCreateTime": "2021-05-31T07:42:52.000Z",
    "html": "",
    "externalScripts": "",
    "updaterUID": "obd-oCghmT11NwoeFdDBgQh02zSCDdW1y3V",
    "theme": "",
    "layout": "",
    "viewCount": 0,
    "userName": "茶***子",
    "commentCount": 0,
    "starCount": 4,
    "isStared": 0,
    "thumbnailURL": "https://www.makeapie.com/ecg-storage/ec_gallery_thumbnail/xS3OrJvr9B.png?v=1622446973107",
    "isCustomThumbnail": 0,
    "builtinTags": [
        "category-work",
        "grid",
        "legend",
        "series-bar",
        "title",
        "tooltip"
    ],
    "customTags": [],
    "updaterUserName": "茶***子"
}