{
    "cid": "xSuwdl-2gf",
    "authorUid": "bd-868859481",
    "authorUserName": "新***乐",
    "title": "中国各省GDP排名（2000-2020）",
    "description": "陈闯数据可视化作业",
    "latestVersion": 15,
    "alwaysLatest": 0,
    "createTime": "2021-05-29T11:38:42.000Z",
    "lastUpdateTime": "2021-05-29T11:38:42.000Z",
    "auth": 2,
    "uid": "bd-868859481",
    "publishedVersion": 0,
    "forkFrom": "-",
    "isSpam": 0,
    "version": 15,
    "parentVersion": 14,
    "echartsVersion": "5.1.1",
    "versionCreateTime": "2021-05-29T14:07:39.000Z",
    "html": "",
    "externalScripts": "",
    "updaterUID": "bd-868859481",
    "theme": "",
    "layout": "",
    "viewCount": 0,
    "userName": "新***乐",
    "commentCount": 0,
    "starCount": 5,
    "isStared": 0,
    "thumbnailURL": "https://www.makeapie.com/ecg-storage/ec_gallery_thumbnail/xSuwdl-2gf.png?v=1622297259290",
    "isCustomThumbnail": 0,
    "builtinTags": [
        "category-work",
        "grid",
        "markLine",
        "series-bar",
        "timeline",
        "title",
        "tooltip"
    ],
    "customTags": [],
    "updaterUserName": "新***乐"
}