{
    "cid": "xV8CZ9XpWq",
    "authorUid": "obd-oEcwxKRb9MXzlqffQE5Qh0LLHdW7b4g",
    "authorUserName": "o***y",
    "title": "横向3d柱状图",
    "description": "",
    "latestVersion": 1,
    "alwaysLatest": 0,
    "createTime": "2021-05-31T08:38:51.000Z",
    "lastUpdateTime": "2021-05-31T08:38:51.000Z",
    "auth": 2,
    "uid": "obd-oEcwxKRb9MXzlqffQE5Qh0LLHdW7b4g",
    "publishedVersion": 0,
    "forkFrom": "-",
    "isSpam": 0,
    "version": 1,
    "parentVersion": -1,
    "echartsVersion": "5.1.1",
    "versionCreateTime": "2021-05-31T08:38:51.000Z",
    "html": "",
    "externalScripts": "",
    "updaterUID": "obd-oEcwxKRb9MXzlqffQE5Qh0LLHdW7b4g",
    "theme": "",
    "layout": "",
    "viewCount": 0,
    "userName": "o***y",
    "commentCount": 0,
    "starCount": 1,
    "isStared": 0,
    "thumbnailURL": "https://www.makeapie.com/ecg-storage/ec_gallery_thumbnail/xV8CZ9XpWq.png?v=1622450332097",
    "isCustomThumbnail": 0,
    "builtinTags": [
        "category-work",
        "grid",
        "series-bar",
        "series-pictorialBar",
        "tooltip"
    ],
    "customTags": [],
    "updaterUserName": "o***y"
}