{
    "cid": "xvBodmYkBz",
    "authorUid": "obd-oFG60aqHPLOsnQKl9vL7ZeymZXCoB5s",
    "authorUserName": "草***の",
    "title": "业绩走势",
    "description": "设置origin属性 让绘制的area都在折线的下面",
    "latestVersion": 3,
    "alwaysLatest": 0,
    "createTime": "2021-06-01T08:05:13.000Z",
    "lastUpdateTime": "2021-06-01T08:05:13.000Z",
    "auth": 2,
    "uid": "obd-oFG60aqHPLOsnQKl9vL7ZeymZXCoB5s",
    "publishedVersion": 0,
    "forkFrom": "-",
    "isSpam": 0,
    "version": 3,
    "parentVersion": 2,
    "echartsVersion": "5.1.0",
    "versionCreateTime": "2021-06-01T08:12:21.000Z",
    "html": "",
    "externalScripts": "",
    "updaterUID": "obd-oFG60aqHPLOsnQKl9vL7ZeymZXCoB5s",
    "theme": "",
    "layout": "",
    "viewCount": 0,
    "userName": "草***の",
    "commentCount": 0,
    "starCount": 0,
    "isStared": 0,
    "thumbnailURL": "https://www.makeapie.com/ecg-storage/ec_gallery_thumbnail/xvBodmYkBz.png?v=1622535141860",
    "isCustomThumbnail": 0,
    "builtinTags": [
        "category-work",
        "grid",
        "series-line",
        "title"
    ],
    "customTags": [],
    "updaterUserName": "草***の"
}