{
    "cid": "xwnOOIFiRH",
    "authorUid": "obd-olRpaL9nFdhFY_sNHcZS1w2iUM1OS0L",
    "authorUserName": "水***圣",
    "title": "测试",
    "description": "临时测试",
    "latestVersion": 3,
    "alwaysLatest": 0,
    "createTime": "2021-05-31T12:47:37.000Z",
    "lastUpdateTime": "2021-05-31T12:47:37.000Z",
    "auth": 1,
    "uid": "obd-olRpaL9nFdhFY_sNHcZS1w2iUM1OS0L",
    "publishedVersion": 0,
    "forkFrom": "-",
    "isSpam": 0,
    "version": 3,
    "parentVersion": 2,
    "echartsVersion": "5.1.1",
    "versionCreateTime": "2021-05-31T13:07:18.000Z",
    "html": "",
    "externalScripts": "",
    "updaterUID": "obd-olRpaL9nFdhFY_sNHcZS1w2iUM1OS0L",
    "theme": "",
    "layout": "",
    "viewCount": 0,
    "userName": "水***圣",
    "commentCount": 0,
    "starCount": 2,
    "isStared": 0,
    "thumbnailURL": "https://www.makeapie.com/ecg-storage/ec_gallery_thumbnail/xwnOOIFiRH.png?v=1622466438121",
    "isCustomThumbnail": 0,
    "builtinTags": [
        "category-work",
        "grid",
        "series-bar",
        "series-pictorialBar",
        "tooltip"
    ],
    "customTags": [],
    "updaterUserName": "水***圣"
}