{
    "cid": "xXYhUd-WTb",
    "authorUid": "obd-o24ymbNi3Yq60yH7vRNH5fWBkdEbxBI",
    "authorUserName": "136******85",
    "title": "折线图",
    "description": "",
    "latestVersion": 1,
    "alwaysLatest": 0,
    "createTime": "2021-05-31T02:37:24.000Z",
    "lastUpdateTime": "2021-05-31T02:37:24.000Z",
    "auth": 2,
    "uid": "obd-o24ymbNi3Yq60yH7vRNH5fWBkdEbxBI",
    "publishedVersion": 0,
    "forkFrom": "-",
    "isSpam": 0,
    "version": 1,
    "parentVersion": -1,
    "echartsVersion": "5.1.1",
    "versionCreateTime": "2021-05-31T02:37:24.000Z",
    "html": "",
    "externalScripts": "",
    "updaterUID": "obd-o24ymbNi3Yq60yH7vRNH5fWBkdEbxBI",
    "theme": "",
    "layout": "",
    "viewCount": 0,
    "userName": "136******85",
    "commentCount": 0,
    "starCount": 1,
    "isStared": 0,
    "thumbnailURL": "https://www.makeapie.com/ecg-storage/ec_gallery_thumbnail/xXYhUd-WTb.png?v=1622428644701",
    "isCustomThumbnail": 0,
    "builtinTags": [
        "category-work",
        "grid",
        "legend",
        "series-line",
        "tooltip"
    ],
    "customTags": [],
    "updaterUserName": "136******85"
}