{
    "cid": "xzJkPaF4-w",
    "authorUid": "obd-oNg25yjXqnbvUC72PhC0EDXZDVQ34CY",
    "authorUserName": "9***4",
    "title": "体测评分占比",
    "description": "",
    "latestVersion": 2,
    "alwaysLatest": 0,
    "createTime": "2021-05-31T09:57:04.000Z",
    "lastUpdateTime": "2021-05-31T09:57:04.000Z",
    "auth": 2,
    "uid": "obd-oNg25yjXqnbvUC72PhC0EDXZDVQ34CY",
    "publishedVersion": 0,
    "forkFrom": "-",
    "isSpam": 0,
    "version": 2,
    "parentVersion": 1,
    "echartsVersion": "5.1.1",
    "versionCreateTime": "2021-05-31T09:59:36.000Z",
    "html": "",
    "externalScripts": "",
    "updaterUID": "obd-oNg25yjXqnbvUC72PhC0EDXZDVQ34CY",
    "theme": "",
    "layout": "",
    "viewCount": 0,
    "userName": "9***4",
    "commentCount": 0,
    "starCount": 2,
    "isStared": 0,
    "thumbnailURL": "https://www.makeapie.com/ecg-storage/ec_gallery_thumbnail/xzJkPaF4-w.png?v=1622455176154",
    "isCustomThumbnail": 0,
    "builtinTags": [
        "category-work",
        "grid",
        "series-bar",
        "tooltip"
    ],
    "customTags": [],
    "updaterUserName": "9***4"
}