{
    "cid": "xAOdaXoWPJ",
    "authorUid": "obd-oFEwd0joeU2pSH5p5Q4afXJwlY77h5l",
    "authorUserName": "l***孤",
    "title": "echarts地图渲染（厦门市）",
    "description": "使用的地图数据是自己选出来的，有部分重复，不放大没问题",
    "latestVersion": 7,
    "alwaysLatest": 0,
    "createTime": "2021-08-04T02:25:42.000Z",
    "lastUpdateTime": "2021-12-21T08:47:05.000Z",
    "auth": 1,
    "uid": "obd-oFEwd0joeU2pSH5p5Q4afXJwlY77h5l",
    "publishedVersion": 0,
    "forkFrom": "-",
    "isSpam": 0,
    "version": 7,
    "parentVersion": 6,
    "echartsVersion": "5.1.2",
    "versionCreateTime": "2021-12-21T08:47:05.000Z",
    "html": "",
    "externalScripts": "",
    "updaterUID": "bd-1160960185",
    "theme": "",
    "layout": "",
    "viewCount": 0,
    "userName": "l***孤",
    "commentCount": 1,
    "starCount": 1,
    "isStared": 0,
    "thumbnailURL": "https://www.makeapie.com/ecg-storage/ec_gallery_thumbnail/xAOdaXoWPJ.png?v=1640076426073",
    "isCustomThumbnail": 0,
    "builtinTags": [
        "category-work",
        "geo",
        "series-scatter",
        "title",
        "tooltip"
    ],
    "customTags": [
        "厦门市",
        "地图"
    ],
    "updaterUserName": "你***乄"
}