{
    "cid": "xC4Pef9gPL",
    "authorUid": "bd-7382906384",
    "authorUserName": "满***6",
    "title": "新版本环形图",
    "description": "可以设置鼠标移入后的扇形大小",
    "latestVersion": 1,
    "alwaysLatest": 0,
    "createTime": "2021-08-03T06:34:54.000Z",
    "lastUpdateTime": "2021-08-03T06:34:54.000Z",
    "auth": 2,
    "uid": "bd-7382906384",
    "publishedVersion": 0,
    "forkFrom": "-",
    "isSpam": 0,
    "version": 1,
    "parentVersion": -1,
    "echartsVersion": "5.1.2",
    "versionCreateTime": "2021-08-03T06:34:54.000Z",
    "html": "",
    "externalScripts": "",
    "updaterUID": "bd-7382906384",
    "theme": "",
    "layout": "",
    "viewCount": 0,
    "userName": "满***6",
    "commentCount": 0,
    "starCount": 0,
    "isStared": 0,
    "thumbnailURL": "https://www.makeapie.com/ecg-storage/ec_gallery_thumbnail/xC4Pef9gPL.png?v=1627972494510",
    "isCustomThumbnail": 0,
    "builtinTags": [
        "category-work",
        "legend",
        "series-pie",
        "tooltip"
    ],
    "customTags": [],
    "updaterUserName": "满***6"
}