{
    "cid": "xfNVaR4E-k",
    "authorUid": "bd-299579202",
    "authorUserName": "166******95",
    "title": "安全评分-仪表盘",
    "description": "多个图例组合形成的复杂仪表盘",
    "latestVersion": 2,
    "alwaysLatest": 0,
    "createTime": "2021-08-03T08:41:34.000Z",
    "lastUpdateTime": "2021-08-03T09:21:40.000Z",
    "auth": 2,
    "uid": "bd-299579202",
    "publishedVersion": 0,
    "forkFrom": "-",
    "isSpam": 0,
    "version": 2,
    "parentVersion": 1,
    "echartsVersion": "4.9.0",
    "versionCreateTime": "2021-08-03T09:21:40.000Z",
    "html": "",
    "externalScripts": "",
    "updaterUID": "bd-299579202",
    "theme": "",
    "layout": "",
    "viewCount": 0,
    "userName": "166******95",
    "commentCount": 0,
    "starCount": 4,
    "isStared": 0,
    "thumbnailURL": "https://www.makeapie.com/ecg-storage/ec_gallery_thumbnail/xfNVaR4E-k.png?v=1627982500691",
    "isCustomThumbnail": 0,
    "builtinTags": [
        "category-work",
        "series-gauge",
        "series-pie",
        "title"
    ],
    "customTags": [],
    "updaterUserName": "166******95"
}