{
    "cid": "xn0sduOmB0",
    "authorUid": "obd-olIAwJLD2ka1IaNYOs2bYtijyuAtj0F",
    "authorUserName": "士***方",
    "title": "雷达图",
    "description": "",
    "latestVersion": 1,
    "alwaysLatest": 0,
    "createTime": "2021-08-03T06:47:21.000Z",
    "lastUpdateTime": "2021-08-03T06:47:21.000Z",
    "auth": 2,
    "uid": "obd-olIAwJLD2ka1IaNYOs2bYtijyuAtj0F",
    "publishedVersion": 0,
    "forkFrom": "-",
    "isSpam": 0,
    "version": 1,
    "parentVersion": -1,
    "echartsVersion": "5.1.2",
    "versionCreateTime": "2021-08-03T06:47:21.000Z",
    "html": "",
    "externalScripts": "",
    "updaterUID": "obd-olIAwJLD2ka1IaNYOs2bYtijyuAtj0F",
    "theme": "",
    "layout": "",
    "viewCount": 0,
    "userName": "士***方",
    "commentCount": 0,
    "starCount": 0,
    "isStared": 0,
    "thumbnailURL": "https://www.makeapie.com/ecg-storage/ec_gallery_thumbnail/xn0sduOmB0.png?v=1627973242141",
    "isCustomThumbnail": 0,
    "builtinTags": [
        "category-work",
        "radar",
        "series-radar",
        "tooltip"
    ],
    "customTags": [],
    "updaterUserName": "士***方"
}