{
    "cid": "xp8CXW7kAf",
    "authorUid": "bd-4013131402",
    "authorUserName": "o***4",
    "title": "针对上层转化率的漏斗图",
    "description": "",
    "latestVersion": 1,
    "alwaysLatest": 0,
    "createTime": "2021-08-04T03:44:23.000Z",
    "lastUpdateTime": "2021-08-04T03:44:23.000Z",
    "auth": 2,
    "uid": "bd-4013131402",
    "publishedVersion": 0,
    "forkFrom": "-",
    "isSpam": 0,
    "version": 1,
    "parentVersion": -1,
    "echartsVersion": "5.1.2",
    "versionCreateTime": "2021-08-04T03:44:23.000Z",
    "html": "",
    "externalScripts": "",
    "updaterUID": "bd-4013131402",
    "theme": "",
    "layout": "",
    "viewCount": 0,
    "userName": "o***4",
    "commentCount": 0,
    "starCount": 0,
    "isStared": 0,
    "thumbnailURL": "https://www.makeapie.com/ecg-storage/ec_gallery_thumbnail/xp8CXW7kAf.png?v=1628048663695",
    "isCustomThumbnail": 0,
    "builtinTags": [
        "category-work",
        "legend",
        "series-funnel",
        "title",
        "toolbox",
        "tooltip"
    ],
    "customTags": [],
    "updaterUserName": "o***4"
}