{
    "cid": "x1OaMw12NL",
    "authorUid": "obd-oMiVSrAZclWDkBSPRsiN5RBSjSFzg2t",
    "authorUserName": "西***雨",
    "title": "粉丝分析饼图",
    "description": "饼图图例右侧居中，并自定义图例，增加百分比",
    "latestVersion": 1,
    "alwaysLatest": 0,
    "createTime": "2021-07-23T09:56:09.000Z",
    "lastUpdateTime": "2021-07-23T09:56:09.000Z",
    "auth": 2,
    "uid": "obd-oMiVSrAZclWDkBSPRsiN5RBSjSFzg2t",
    "publishedVersion": 0,
    "forkFrom": "-",
    "isSpam": 0,
    "version": 1,
    "parentVersion": -1,
    "echartsVersion": "5.1.2",
    "versionCreateTime": "2021-07-23T09:56:09.000Z",
    "html": "",
    "externalScripts": "",
    "updaterUID": "obd-oMiVSrAZclWDkBSPRsiN5RBSjSFzg2t",
    "theme": "",
    "layout": "",
    "viewCount": 0,
    "userName": "西***雨",
    "commentCount": 0,
    "starCount": 1,
    "isStared": 0,
    "thumbnailURL": "https://www.makeapie.com/ecg-storage/ec_gallery_thumbnail/x1OaMw12NL.png?v=1627034169736",
    "isCustomThumbnail": 0,
    "builtinTags": [
        "category-work",
        "legend",
        "series-pie",
        "title",
        "tooltip"
    ],
    "customTags": [],
    "updaterUserName": "西***雨"
}