{
    "cid": "x_-XgnCd3O",
    "authorUid": "obd-ojazCfL_sSLdvfEqAYLBaeVDVsjenE4",
    "authorUserName": "点***滴",
    "title": "整改率环形图",
    "description": "",
    "latestVersion": 1,
    "alwaysLatest": 0,
    "createTime": "2021-07-22T09:53:58.000Z",
    "lastUpdateTime": "2021-07-22T09:53:58.000Z",
    "auth": 2,
    "uid": "obd-ojazCfL_sSLdvfEqAYLBaeVDVsjenE4",
    "publishedVersion": 0,
    "forkFrom": "-",
    "isSpam": 0,
    "version": 1,
    "parentVersion": -1,
    "echartsVersion": "5.1.2",
    "versionCreateTime": "2021-07-22T09:53:58.000Z",
    "html": "",
    "externalScripts": "",
    "updaterUID": "obd-ojazCfL_sSLdvfEqAYLBaeVDVsjenE4",
    "theme": "",
    "layout": "",
    "viewCount": 0,
    "userName": "点***滴",
    "commentCount": 0,
    "starCount": 5,
    "isStared": 0,
    "thumbnailURL": "https://www.makeapie.com/ecg-storage/ec_gallery_thumbnail/x_-XgnCd3O.png?v=1626947638586",
    "isCustomThumbnail": 0,
    "builtinTags": [
        "category-work",
        "polar",
        "series-bar",
        "series-gauge",
        "title"
    ],
    "customTags": [],
    "updaterUserName": "点***滴"
}