{
    "cid": "xegAlY4z7n",
    "authorUid": "obd-o-cClmFtKHS1g3WdJNoD_AZHGj8koA4",
    "authorUserName": "d***c",
    "title": "地图",
    "description": "",
    "latestVersion": 1,
    "alwaysLatest": 0,
    "createTime": "2021-07-23T06:18:00.000Z",
    "lastUpdateTime": "2021-07-23T06:18:00.000Z",
    "auth": 2,
    "uid": "obd-o-cClmFtKHS1g3WdJNoD_AZHGj8koA4",
    "publishedVersion": 0,
    "forkFrom": "-",
    "isSpam": 0,
    "version": 1,
    "parentVersion": -1,
    "echartsVersion": "5.1.2",
    "versionCreateTime": "2021-07-23T06:18:00.000Z",
    "html": "",
    "externalScripts": "",
    "updaterUID": "obd-o-cClmFtKHS1g3WdJNoD_AZHGj8koA4",
    "theme": "",
    "layout": "",
    "viewCount": 0,
    "userName": "d***c",
    "commentCount": 0,
    "starCount": 2,
    "isStared": 0,
    "thumbnailURL": "https://www.makeapie.com/ecg-storage/ec_gallery_thumbnail/xegAlY4z7n.png?v=1627021081241",
    "isCustomThumbnail": 0,
    "builtinTags": [
        "category-work",
        "geo",
        "grid",
        "series-bar",
        "series-effectScatter",
        "series-map",
        "series-scatter",
        "timeline",
        "title",
        "tooltip"
    ],
    "customTags": [],
    "updaterUserName": "d***c"
}