{
    "cid": "xgfZreZJzZ",
    "authorUid": "obd-oAFgf0amNP0lzyj8SGsnnqbkHnGU273",
    "authorUserName": "遂***",
    "title": "多个饼图",
    "description": "",
    "latestVersion": 1,
    "alwaysLatest": 1,
    "createTime": "2021-07-23T03:50:21.000Z",
    "lastUpdateTime": "2021-07-23T03:50:21.000Z",
    "auth": 2,
    "uid": "obd-oAFgf0amNP0lzyj8SGsnnqbkHnGU273",
    "publishedVersion": 0,
    "forkFrom": "-",
    "isSpam": 0,
    "version": 1,
    "parentVersion": -1,
    "echartsVersion": "5.1.2",
    "versionCreateTime": "2021-07-23T03:50:21.000Z",
    "html": "",
    "externalScripts": "",
    "updaterUID": "obd-oAFgf0amNP0lzyj8SGsnnqbkHnGU273",
    "theme": "",
    "layout": "",
    "viewCount": 0,
    "userName": "遂***",
    "commentCount": 0,
    "starCount": 0,
    "isStared": 0,
    "thumbnailURL": "https://www.makeapie.com/ecg-storage/ec_gallery_thumbnail/xgfZreZJzZ.png?v=1627012222593",
    "isCustomThumbnail": 1,
    "builtinTags": [
        "category-work",
        "series-gauge",
        "series-pie",
        "title"
    ],
    "customTags": [],
    "updaterUserName": "遂***"
}