{
    "cid": "xmJx1zvghx",
    "authorUid": "obd-ojpPDDTgr2EuNdSrDO-dcYmQylLTqDi",
    "authorUserName": "谢***s",
    "title": "立方体柱状图",
    "description": "",
    "latestVersion": 2,
    "alwaysLatest": 0,
    "createTime": "2021-07-23T03:23:06.000Z",
    "lastUpdateTime": "2021-11-05T02:32:27.000Z",
    "auth": 1,
    "uid": "obd-ojpPDDTgr2EuNdSrDO-dcYmQylLTqDi",
    "publishedVersion": 0,
    "forkFrom": "-",
    "isSpam": 0,
    "version": 2,
    "parentVersion": 1,
    "echartsVersion": "5.1.2",
    "versionCreateTime": "2021-11-05T02:32:27.000Z",
    "html": "",
    "externalScripts": "",
    "updaterUID": "bd-4015626751",
    "theme": "",
    "layout": "",
    "viewCount": 0,
    "userName": "谢***s",
    "commentCount": 0,
    "starCount": 1,
    "isStared": 0,
    "thumbnailURL": "https://www.makeapie.com/ecg-storage/ec_gallery_thumbnail/xmJx1zvghx.png?v=1636079547684",
    "isCustomThumbnail": 0,
    "builtinTags": [
        "category-work",
        "grid",
        "series-bar",
        "series-custom",
        "tooltip"
    ],
    "customTags": [],
    "updaterUserName": "183*****944"
}