{
    "cid": "xn4xGv0UAd",
    "authorUid": "bd-1007260984",
    "authorUserName": "语***e",
    "title": "3D地球",
    "description": "",
    "latestVersion": 2,
    "alwaysLatest": 0,
    "createTime": "2021-07-23T08:34:16.000Z",
    "lastUpdateTime": "2021-07-23T08:34:33.000Z",
    "auth": 1,
    "uid": "bd-1007260984",
    "publishedVersion": 0,
    "forkFrom": "-",
    "isSpam": 0,
    "version": 2,
    "parentVersion": 1,
    "echartsVersion": "4.8.0",
    "versionCreateTime": "2021-07-23T08:34:33.000Z",
    "html": "",
    "externalScripts": "https://echarts.baidu.com/resource/echarts-gl-latest/dist/echarts-gl.min.js,/dep/echarts/map/js/china.js,https://cdn.jsdelivr.net/gh/SHJ33/EchartsMapJson@master/js/world.js",
    "updaterUID": "bd-1007260984",
    "theme": "",
    "layout": "",
    "viewCount": 0,
    "userName": "语***e",
    "commentCount": 0,
    "starCount": 0,
    "isStared": 0,
    "thumbnailURL": "https://www.makeapie.com/ecg-storage/ec_gallery_thumbnail/xn4xGv0UAd.png?v=1627029273214",
    "isCustomThumbnail": 0,
    "builtinTags": [
        "category-work",
        "globe",
        "series-bar3D",
        "series-lines3D",
        "tooltip",
        "visualMap"
    ],
    "customTags": [
        "3D地球"
    ],
    "updaterUserName": "语***e"
}