{
    "cid": "xoaUIGFBjE",
    "authorUid": "obd-o2Sg-Zvo0DwS3XHiOBkYTA-p_VnijBN",
    "authorUserName": "t***y",
    "title": "渐变柱状图-带轮播显示数据",
    "description": "渐变柱状图，带轮播显示数据，颜色随意配置",
    "latestVersion": 1,
    "alwaysLatest": 0,
    "createTime": "2021-07-23T01:25:18.000Z",
    "lastUpdateTime": "2021-07-23T01:25:18.000Z",
    "auth": 1,
    "uid": "obd-o2Sg-Zvo0DwS3XHiOBkYTA-p_VnijBN",
    "publishedVersion": 0,
    "forkFrom": "-",
    "isSpam": 0,
    "version": 1,
    "parentVersion": -1,
    "echartsVersion": "5.1.2",
    "versionCreateTime": "2021-07-23T01:25:18.000Z",
    "html": "",
    "externalScripts": "",
    "updaterUID": "obd-o2Sg-Zvo0DwS3XHiOBkYTA-p_VnijBN",
    "theme": "",
    "layout": "",
    "viewCount": 0,
    "userName": "t***y",
    "commentCount": 0,
    "starCount": 0,
    "isStared": 0,
    "thumbnailURL": "https://www.makeapie.com/ecg-storage/ec_gallery_thumbnail/xoaUIGFBjE.png?v=1627003518607",
    "isCustomThumbnail": 0,
    "builtinTags": [
        "category-work",
        "grid",
        "series-bar",
        "tooltip"
    ],
    "customTags": [],
    "updaterUserName": "t***y"
}