{
    "cid": "xS6-RHepv7",
    "authorUid": "bd-1767830562",
    "authorUserName": "s***l",
    "title": "新地图",
    "description": "",
    "latestVersion": 4,
    "alwaysLatest": 0,
    "createTime": "2021-07-22T10:23:10.000Z",
    "lastUpdateTime": "2021-09-14T09:29:12.000Z",
    "auth": 2,
    "uid": "bd-1767830562",
    "publishedVersion": 0,
    "forkFrom": "-",
    "isSpam": 0,
    "version": 4,
    "parentVersion": 3,
    "echartsVersion": "4.9.0",
    "versionCreateTime": "2021-09-14T09:29:13.000Z",
    "html": "",
    "externalScripts": "",
    "updaterUID": "bd-1767830562",
    "theme": "",
    "layout": "",
    "viewCount": 0,
    "userName": "s***l",
    "commentCount": 0,
    "starCount": 1,
    "isStared": 0,
    "thumbnailURL": "https://www.makeapie.com/ecg-storage/ec_gallery_thumbnail/xS6-RHepv7.png?v=1631611753390",
    "isCustomThumbnail": 0,
    "builtinTags": [
        "category-work",
        "geo",
        "series-map",
        "tooltip"
    ],
    "customTags": [],
    "updaterUserName": "s***l"
}