{
    "cid": "xVqK5_xsdj",
    "authorUid": "bd-3225273598",
    "authorUserName": "冷***_",
    "title": "YYYYMMDD版本生产测试计划看板",
    "description": "YYYYMMDD版本生产测试计划看板",
    "latestVersion": 18,
    "alwaysLatest": 0,
    "createTime": "2021-07-23T09:32:37.000Z",
    "lastUpdateTime": "2021-08-09T03:19:06.000Z",
    "auth": 2,
    "uid": "bd-3225273598",
    "publishedVersion": 0,
    "forkFrom": "-",
    "isSpam": 0,
    "version": 18,
    "parentVersion": 17,
    "echartsVersion": "5.1.2",
    "versionCreateTime": "2021-08-09T03:19:06.000Z",
    "html": "",
    "externalScripts": "/dep/echarts/map/js/china.js,/dep/echarts/latest/extension/bmap.min.js",
    "updaterUID": "bd-3225273598",
    "theme": "",
    "layout": "",
    "viewCount": 0,
    "userName": "冷***_",
    "commentCount": 0,
    "starCount": 4,
    "isStared": 0,
    "thumbnailURL": "https://www.makeapie.com/ecg-storage/ec_gallery_thumbnail/xVqK5_xsdj.png?v=1628479146761",
    "isCustomThumbnail": 0,
    "builtinTags": [
        "category-work",
        "geo",
        "grid",
        "legend",
        "series-bar",
        "series-map",
        "series-scatter",
        "timeline",
        "title",
        "tooltip",
        "visualMap"
    ],
    "customTags": [],
    "updaterUserName": "冷***_"
}