{
    "cid": "xVtQwD0kHP",
    "authorUid": "obd-o2Sg-Zvo0DwS3XHiOBkYTA-p_VnijBN",
    "authorUserName": "t***y",
    "title": "内阴影饼图，带轮询显示数据",
    "description": "内阴影饼图，带轮询显示数据，轮询效果可以按自己需要修改，这里仅列出例子",
    "latestVersion": 2,
    "alwaysLatest": 0,
    "createTime": "2021-07-23T01:47:16.000Z",
    "lastUpdateTime": "2021-07-23T01:48:37.000Z",
    "auth": 1,
    "uid": "obd-o2Sg-Zvo0DwS3XHiOBkYTA-p_VnijBN",
    "publishedVersion": 0,
    "forkFrom": "-",
    "isSpam": 0,
    "version": 2,
    "parentVersion": 1,
    "echartsVersion": "5.1.2",
    "versionCreateTime": "2021-07-23T01:48:37.000Z",
    "html": "",
    "externalScripts": "",
    "updaterUID": "obd-o2Sg-Zvo0DwS3XHiOBkYTA-p_VnijBN",
    "theme": "",
    "layout": "",
    "viewCount": 0,
    "userName": "t***y",
    "commentCount": 0,
    "starCount": 0,
    "isStared": 0,
    "thumbnailURL": "https://www.makeapie.com/ecg-storage/ec_gallery_thumbnail/xVtQwD0kHP.png?v=1627004917988",
    "isCustomThumbnail": 0,
    "builtinTags": [
        "category-work",
        "legend",
        "series-pie",
        "title",
        "tooltip"
    ],
    "customTags": [],
    "updaterUserName": "t***y"
}