{
    "cid": "xwiQasJpGW",
    "authorUid": "obd-o2LT5SPsRm62u1sF90rM6cs58MmkP66",
    "authorUserName": "j***9",
    "title": "质量问题",
    "description": "",
    "latestVersion": 2,
    "alwaysLatest": 0,
    "createTime": "2021-07-23T06:12:34.000Z",
    "lastUpdateTime": "2021-07-23T06:12:53.000Z",
    "auth": 2,
    "uid": "obd-o2LT5SPsRm62u1sF90rM6cs58MmkP66",
    "publishedVersion": 0,
    "forkFrom": "-",
    "isSpam": 0,
    "version": 2,
    "parentVersion": 1,
    "echartsVersion": "5.1.2",
    "versionCreateTime": "2021-07-23T06:12:53.000Z",
    "html": "",
    "externalScripts": "",
    "updaterUID": "obd-o2LT5SPsRm62u1sF90rM6cs58MmkP66",
    "theme": "",
    "layout": "",
    "viewCount": 0,
    "userName": "j***9",
    "commentCount": 0,
    "starCount": 0,
    "isStared": 0,
    "thumbnailURL": "https://www.makeapie.com/ecg-storage/ec_gallery_thumbnail/xwiQasJpGW.png?v=1627020773379",
    "isCustomThumbnail": 0,
    "builtinTags": [
        "category-work",
        "dataZoom",
        "grid",
        "legend",
        "series-bar",
        "tooltip"
    ],
    "customTags": [],
    "updaterUserName": "j***9"
}