{
    "cid": "xxVuAltBB1",
    "authorUid": "bd-1007260984",
    "authorUserName": "语***e",
    "title": "map3D",
    "description": "",
    "latestVersion": 1,
    "alwaysLatest": 1,
    "createTime": "2021-07-23T06:50:22.000Z",
    "lastUpdateTime": "2021-07-23T06:50:22.000Z",
    "auth": 1,
    "uid": "bd-1007260984",
    "publishedVersion": 0,
    "forkFrom": "-",
    "isSpam": 0,
    "version": 1,
    "parentVersion": -1,
    "echartsVersion": "4.9.0",
    "versionCreateTime": "2021-07-23T06:50:22.000Z",
    "html": "",
    "externalScripts": "https://echarts.baidu.com/resource/echarts-gl-latest/dist/echarts-gl.min.js,/dep/echarts/map/js/china.js",
    "updaterUID": "bd-1007260984",
    "theme": "",
    "layout": "",
    "viewCount": 0,
    "userName": "语***e",
    "commentCount": 1,
    "starCount": 3,
    "isStared": 0,
    "thumbnailURL": "https://www.makeapie.com/ecg-storage/ec_gallery_thumbnail/xxVuAltBB1.png?v=1627023023178",
    "isCustomThumbnail": 0,
    "builtinTags": [
        "category-work",
        "series-map3D"
    ],
    "customTags": [
        "3D地图",
        "map3D",
        "中国"
    ],
    "updaterUserName": "语***e"
}