{
    "cid": "xBkyTcg6Zz",
    "authorUid": "bd-2166094446",
    "authorUserName": "乔***1",
    "title": "测试          ",
    "description": "",
    "latestVersion": 2,
    "alwaysLatest": 1,
    "createTime": "2017-12-12T06:44:06.000Z",
    "lastUpdateTime": "2017-12-12T06:44:06.000Z",
    "auth": 2,
    "uid": "bd-2166094446",
    "publishedVersion": 0,
    "forkFrom": "-",
    "isSpam": 0,
    "version": 2,
    "parentVersion": 1,
    "echartsVersion": "3.8.0",
    "versionCreateTime": "2017-12-12T07:22:02.000Z",
    "html": "",
    "externalScripts": "",
    "updaterUID": "bd-2166094446",
    "theme": "",
    "layout": "",
    "viewCount": 323,
    "userName": "乔***1",
    "commentCount": 0,
    "starCount": 0,
    "isStared": 0,
    "thumbnailURL": "https://www.makeapie.com/ecg-storage/ec_gallery_thumbnail/xBkyTcg6Zz.png?v=1513063322230",
    "isCustomThumbnail": 0,
    "builtinTags": [
        "category-work",
        "dataZoom",
        "grid",
        "markPoint",
        "series-line"
    ],
    "customTags": [],
    "updaterUserName": "乔***1"
}