{
    "cid": "xByLfAJnWz",
    "authorUid": "bd-2282772228",
    "authorUserName": "jackieli123723",
    "title": "补0封装不同数组字段",
    "description": "",
    "latestVersion": 1,
    "alwaysLatest": 1,
    "createTime": "2017-12-11T11:37:49.000Z",
    "lastUpdateTime": "2017-12-11T11:37:49.000Z",
    "auth": 2,
    "uid": "bd-2282772228",
    "publishedVersion": 0,
    "forkFrom": "-",
    "isSpam": 0,
    "version": 1,
    "parentVersion": -1,
    "echartsVersion": "3.8.0",
    "versionCreateTime": "2017-12-11T11:37:49.000Z",
    "html": "",
    "externalScripts": "",
    "updaterUID": "bd-2282772228",
    "theme": "",
    "layout": "",
    "viewCount": 42,
    "userName": "jackieli123723",
    "commentCount": 0,
    "starCount": 0,
    "isStared": 0,
    "thumbnailURL": "https://www.makeapie.com/ecg-storage/ec_gallery_thumbnail/xByLfAJnWz.png?v=1512992269872",
    "isCustomThumbnail": 0,
    "builtinTags": [
        "category-work",
        "grid",
        "series-line",
        "title"
    ],
    "customTags": [],
    "updaterUserName": "jackieli123723"
}