{
    "cid": "xH1e7Uf6WG",
    "authorUid": "bd-1679780508",
    "authorUserName": "l***7",
    "title": "label换行",
    "description": "数据来自国家统计局",
    "latestVersion": 1,
    "alwaysLatest": 1,
    "createTime": "2017-12-12T08:40:55.000Z",
    "lastUpdateTime": "2017-12-12T08:40:55.000Z",
    "auth": 2,
    "uid": "bd-1679780508",
    "publishedVersion": 0,
    "forkFrom": "-",
    "isSpam": 0,
    "version": 1,
    "parentVersion": -1,
    "echartsVersion": "3.8.0",
    "versionCreateTime": "2017-12-12T08:40:55.000Z",
    "html": "",
    "externalScripts": "",
    "updaterUID": "bd-1679780508",
    "theme": "",
    "layout": "",
    "viewCount": 920,
    "userName": "l***7",
    "commentCount": 0,
    "starCount": 5,
    "isStared": 0,
    "thumbnailURL": "https://www.makeapie.com/ecg-storage/ec_gallery_thumbnail/xH1e7Uf6WG.png?v=1513068055777",
    "isCustomThumbnail": 0,
    "builtinTags": [
        "category-work",
        "grid",
        "legend",
        "series-bar",
        "series-pie",
        "timeline",
        "title",
        "tooltip"
    ],
    "customTags": [],
    "updaterUserName": "l***7"
}