{
    "cid": "xrJQO2r1fG",
    "authorUid": "bd-310919958",
    "authorUserName": "188******56",
    "title": "传播平台来源分析",
    "description": "数据",
    "latestVersion": 6,
    "alwaysLatest": 1,
    "createTime": "2017-12-14T00:57:14.000Z",
    "lastUpdateTime": "2017-12-14T00:57:14.000Z",
    "auth": 2,
    "uid": "bd-310919958",
    "publishedVersion": 0,
    "forkFrom": "-",
    "isSpam": 0,
    "version": 6,
    "parentVersion": 5,
    "echartsVersion": "3.8.0",
    "versionCreateTime": "2017-12-14T02:00:49.000Z",
    "html": "",
    "externalScripts": "",
    "updaterUID": "bd-310919958",
    "theme": "macarons",
    "layout": "",
    "viewCount": 193,
    "userName": "188******56",
    "commentCount": 0,
    "starCount": 3,
    "isStared": 0,
    "thumbnailURL": "https://www.makeapie.com/ecg-storage/ec_gallery_thumbnail/xrJQO2r1fG.png?v=1513216849641",
    "isCustomThumbnail": 0,
    "builtinTags": [
        "category-work",
        "legend",
        "series-funnel",
        "title",
        "toolbox",
        "tooltip"
    ],
    "customTags": [],
    "updaterUserName": "188******56"
}