{
    "cid": "xrJRrS-0Zf",
    "authorUid": "bd-1031056",
    "authorUserName": "小***米",
    "title": "仪表",
    "description": "",
    "latestVersion": 5,
    "alwaysLatest": 1,
    "createTime": "2017-12-13T01:41:25.000Z",
    "lastUpdateTime": "2017-12-13T01:41:25.000Z",
    "auth": 1,
    "uid": "bd-1031056",
    "publishedVersion": 0,
    "forkFrom": "-",
    "isSpam": 0,
    "version": 5,
    "parentVersion": 4,
    "echartsVersion": "3.8.0",
    "versionCreateTime": "2019-06-21T01:24:38.000Z",
    "html": "",
    "externalScripts": "",
    "updaterUID": "bd-1031056",
    "theme": "",
    "layout": "",
    "viewCount": 1853,
    "userName": "小***米",
    "commentCount": 0,
    "starCount": 4,
    "isStared": 0,
    "thumbnailURL": "https://www.makeapie.com/ecg-storage/ec_gallery_thumbnail/xrJRrS-0Zf.png?v=1513129286084",
    "isCustomThumbnail": 1,
    "builtinTags": [
        "category-work",
        "graphic",
        "series-gauge",
        "tooltip"
    ],
    "customTags": [],
    "updaterUserName": "小***米"
}