{
    "cid": "xrypu6B1zz",
    "authorUid": "bd-1799079665",
    "authorUserName": "188******13",
    "title": "词频统计",
    "description": "",
    "latestVersion": 1,
    "alwaysLatest": 1,
    "createTime": "2017-12-14T01:01:41.000Z",
    "lastUpdateTime": "2017-12-14T01:01:41.000Z",
    "auth": 2,
    "uid": "bd-1799079665",
    "publishedVersion": 0,
    "forkFrom": "-",
    "isSpam": 0,
    "version": 1,
    "parentVersion": -1,
    "echartsVersion": "3.8.0",
    "versionCreateTime": "2017-12-14T01:01:41.000Z",
    "html": "",
    "externalScripts": "",
    "updaterUID": "bd-1799079665",
    "theme": "",
    "layout": "",
    "viewCount": 360,
    "userName": "188******13",
    "commentCount": 0,
    "starCount": 3,
    "isStared": 0,
    "thumbnailURL": "https://www.makeapie.com/ecg-storage/ec_gallery_thumbnail/xrypu6B1zz.png?v=1513213301588",
    "isCustomThumbnail": 0,
    "builtinTags": [
        "category-work",
        "legend",
        "series-pie",
        "title"
    ],
    "customTags": [],
    "updaterUserName": "188******13"
}