{
    "cid": "xryttZW3Zf",
    "authorUid": "bd-2839532712",
    "authorUserName": "FFoxxxes",
    "title": "澎湃新闻情感倾向",
    "description": "纯属虚构",
    "latestVersion": 1,
    "alwaysLatest": 1,
    "createTime": "2017-12-11T13:00:48.000Z",
    "lastUpdateTime": "2017-12-11T13:00:48.000Z",
    "auth": 1,
    "uid": "bd-2839532712",
    "publishedVersion": 0,
    "forkFrom": "-",
    "isSpam": 0,
    "version": 1,
    "parentVersion": -1,
    "echartsVersion": "3.8.0",
    "versionCreateTime": "2017-12-11T13:00:48.000Z",
    "html": "",
    "externalScripts": "",
    "updaterUID": "bd-2839532712",
    "theme": "",
    "layout": "",
    "viewCount": 16,
    "userName": "FFoxxxes",
    "commentCount": 0,
    "starCount": 0,
    "isStared": 0,
    "thumbnailURL": "https://www.makeapie.com/ecg-storage/ec_gallery_thumbnail/xryttZW3Zf.png?v=1512997248718",
    "isCustomThumbnail": 0,
    "builtinTags": [
        "category-work",
        "legend",
        "series-pie",
        "title",
        "tooltip"
    ],
    "customTags": [],
    "updaterUserName": "FFoxxxes"
}