{
    "cid": "xSkq7dwA-M",
    "authorUid": "bd-3569452633",
    "authorUserName": "L***白",
    "title": "scatter3D",
    "description": "项目使用,仅作备份,数据均为模拟值.\n感谢@pissang 的作品Transparent Bar3D,",
    "latestVersion": 1,
    "alwaysLatest": 1,
    "createTime": "2017-12-13T08:43:13.000Z",
    "lastUpdateTime": "2017-12-13T08:43:13.000Z",
    "auth": 1,
    "uid": "bd-3569452633",
    "publishedVersion": 0,
    "forkFrom": "-",
    "isSpam": 0,
    "version": 1,
    "parentVersion": -1,
    "echartsVersion": "3.8.0",
    "versionCreateTime": "2017-12-13T08:43:13.000Z",
    "html": "",
    "externalScripts": "http://echarts.baidu.com/resource/echarts-gl-latest/dist/echarts-gl.min.js",
    "updaterUID": "bd-3569452633",
    "theme": "",
    "layout": "",
    "viewCount": 177,
    "userName": "L***白",
    "commentCount": 0,
    "starCount": 0,
    "isStared": 0,
    "thumbnailURL": "https://www.makeapie.com/ecg-storage/ec_gallery_thumbnail/xSkq7dwA-M.png?v=1513154593935",
    "isCustomThumbnail": 0,
    "builtinTags": [
        "category-work",
        "grid3D",
        "series-scatter3D",
        "tooltip",
        "visualMap"
    ],
    "customTags": [],
    "updaterUserName": "L***白"
}