{
    "cid": "xSkRy7LyGG",
    "authorUid": "bd-2495986475",
    "authorUserName": "枫雨叶露",
    "title": "奚梦瑶摔倒事件",
    "description": "纯属虚构",
    "latestVersion": 1,
    "alwaysLatest": 1,
    "createTime": "2017-12-14T01:24:54.000Z",
    "lastUpdateTime": "2017-12-14T01:24:54.000Z",
    "auth": 2,
    "uid": "bd-2495986475",
    "publishedVersion": 0,
    "forkFrom": "-",
    "isSpam": 0,
    "version": 1,
    "parentVersion": -1,
    "echartsVersion": "3.8.0",
    "versionCreateTime": "2017-12-14T01:24:54.000Z",
    "html": "",
    "externalScripts": "",
    "updaterUID": "bd-2495986475",
    "theme": "",
    "layout": "",
    "viewCount": 70,
    "userName": "枫雨叶露",
    "commentCount": 0,
    "starCount": 0,
    "isStared": 0,
    "thumbnailURL": "https://www.makeapie.com/ecg-storage/ec_gallery_thumbnail/xSkRy7LyGG.png?v=1513214694376",
    "isCustomThumbnail": 0,
    "builtinTags": [
        "category-work",
        "legend",
        "series-pie",
        "title",
        "tooltip"
    ],
    "customTags": [],
    "updaterUserName": "枫雨叶露"
}