{
    "cid": "xSydjNLJMM",
    "authorUid": "bd-1632570998",
    "authorUserName": "一土思玮",
    "title": "",
    "description": "",
    "latestVersion": 2,
    "alwaysLatest": 1,
    "createTime": "2017-12-14T01:32:16.000Z",
    "lastUpdateTime": "2017-12-14T01:32:16.000Z",
    "auth": 2,
    "uid": "bd-1632570998",
    "publishedVersion": 0,
    "forkFrom": "-",
    "isSpam": 0,
    "version": 2,
    "parentVersion": 1,
    "echartsVersion": "3.8.0",
    "versionCreateTime": "2017-12-14T01:32:27.000Z",
    "html": "",
    "externalScripts": "",
    "updaterUID": "bd-1632570998",
    "theme": "",
    "layout": "",
    "viewCount": 62,
    "userName": "一土思玮",
    "commentCount": 0,
    "starCount": 0,
    "isStared": 0,
    "thumbnailURL": "https://www.makeapie.com/ecg-storage/ec_gallery_thumbnail/xSydjNLJMM.png?v=1513215147667",
    "isCustomThumbnail": 0,
    "builtinTags": [
        "category-work",
        "graphic",
        "series-pie"
    ],
    "customTags": [],
    "updaterUserName": "一土思玮"
}