{
    "cid": "xCgKARG7jn",
    "authorUid": "bd-2719702255",
    "authorUserName": "6***2",
    "title": "广州地铁线路图",
    "description": "",
    "latestVersion": 1,
    "alwaysLatest": 1,
    "createTime": "2020-10-28T01:24:05.000Z",
    "lastUpdateTime": "2020-10-28T01:24:05.000Z",
    "auth": 2,
    "uid": "bd-2719702255",
    "publishedVersion": 0,
    "forkFrom": "-",
    "isSpam": 0,
    "version": 1,
    "parentVersion": -1,
    "echartsVersion": "4.8.0",
    "versionCreateTime": "2020-10-28T01:24:05.000Z",
    "html": "",
    "externalScripts": "",
    "updaterUID": "bd-2719702255",
    "theme": "",
    "layout": "",
    "viewCount": 1382,
    "userName": "6***2",
    "commentCount": 0,
    "starCount": 14,
    "isStared": 0,
    "thumbnailURL": "https://www.makeapie.com/ecg-storage/ec_gallery_thumbnail/xCgKARG7jn.png?v=1603848245626",
    "isCustomThumbnail": 0,
    "builtinTags": [
        "category-work",
        "grid",
        "series-effectScatter",
        "series-graph",
        "series-lines",
        "title",
        "tooltip"
    ],
    "customTags": [],
    "updaterUserName": "6***2"
}