{
    "cid": "xd6ZD-2QqN",
    "authorUid": "obd-oAD1HbaVk-tYIjzXgiXqh-eo0g6cS7m",
    "authorUserName": "173******76",
    "title": "用户价值分析",
    "description": "",
    "latestVersion": 1,
    "alwaysLatest": 1,
    "createTime": "2020-10-28T01:41:21.000Z",
    "lastUpdateTime": "2020-10-28T01:41:21.000Z",
    "auth": 2,
    "uid": "obd-oAD1HbaVk-tYIjzXgiXqh-eo0g6cS7m",
    "publishedVersion": 0,
    "forkFrom": "-",
    "isSpam": 0,
    "version": 1,
    "parentVersion": -1,
    "echartsVersion": "4.8.0",
    "versionCreateTime": "2020-10-28T01:41:21.000Z",
    "html": "",
    "externalScripts": "",
    "updaterUID": "obd-oAD1HbaVk-tYIjzXgiXqh-eo0g6cS7m",
    "theme": "",
    "layout": "",
    "viewCount": 66,
    "userName": "173******76",
    "commentCount": 0,
    "starCount": 0,
    "isStared": 0,
    "thumbnailURL": "https://www.makeapie.com/ecg-storage/ec_gallery_thumbnail/xd6ZD-2QqN.png?v=1603849281841",
    "isCustomThumbnail": 0,
    "builtinTags": [
        "category-work",
        "dataZoom",
        "grid",
        "markPoint",
        "series-line",
        "tooltip"
    ],
    "customTags": [],
    "updaterUserName": "173******76"
}