{
    "cid": "xKYreY_AoL",
    "authorUid": "bd-2468652156",
    "authorUserName": "z***2",
    "title": "时序图",
    "description": "时序图",
    "latestVersion": 1,
    "alwaysLatest": 1,
    "createTime": "2020-10-28T09:59:43.000Z",
    "lastUpdateTime": "2020-10-28T09:59:43.000Z",
    "auth": 2,
    "uid": "bd-2468652156",
    "publishedVersion": 0,
    "forkFrom": "-",
    "isSpam": 0,
    "version": 1,
    "parentVersion": -1,
    "echartsVersion": "4.8.0",
    "versionCreateTime": "2020-10-28T09:59:43.000Z",
    "html": "",
    "externalScripts": "",
    "updaterUID": "bd-2468652156",
    "theme": "",
    "layout": "",
    "viewCount": 207,
    "userName": "z***2",
    "commentCount": 0,
    "starCount": 3,
    "isStared": 0,
    "thumbnailURL": "https://www.makeapie.com/ecg-storage/ec_gallery_thumbnail/xKYreY_AoL.png?v=1603879183727",
    "isCustomThumbnail": 0,
    "builtinTags": [
        "category-work",
        "dataZoom",
        "grid",
        "legend",
        "series-custom",
        "series-line",
        "series-scatter",
        "title",
        "tooltip"
    ],
    "customTags": [],
    "updaterUserName": "z***2"
}