{
    "cid": "xoWhRoB6na",
    "authorUid": "obd-oPL-y2DVp_yt9R6F5ctN0kSV6Obi_95",
    "authorUserName": "达***飞",
    "title": "动态柱状图0。1",
    "description": "",
    "latestVersion": 1,
    "alwaysLatest": 1,
    "createTime": "2020-10-29T03:40:02.000Z",
    "lastUpdateTime": "2020-10-29T03:40:02.000Z",
    "auth": 1,
    "uid": "obd-oPL-y2DVp_yt9R6F5ctN0kSV6Obi_95",
    "publishedVersion": 0,
    "forkFrom": "-",
    "isSpam": 0,
    "version": 1,
    "parentVersion": -1,
    "echartsVersion": "4.8.0",
    "versionCreateTime": "2020-10-29T03:40:02.000Z",
    "html": "",
    "externalScripts": "",
    "updaterUID": "obd-oPL-y2DVp_yt9R6F5ctN0kSV6Obi_95",
    "theme": "",
    "layout": "",
    "viewCount": 245,
    "userName": "达***飞",
    "commentCount": 0,
    "starCount": 1,
    "isStared": 0,
    "thumbnailURL": "https://www.makeapie.com/ecg-storage/ec_gallery_thumbnail/xoWhRoB6na.png?v=1603942802582",
    "isCustomThumbnail": 0,
    "builtinTags": [
        "category-work",
        "grid",
        "legend",
        "series-bar",
        "timeline",
        "title",
        "tooltip"
    ],
    "customTags": [],
    "updaterUserName": "达***飞"
}