{
    "cid": "xqBC1PLbiV",
    "authorUid": "obd-o2pLFbsgpOsmKddigccXbTX7T_Can6e",
    "authorUserName": "l***y",
    "title": "渐变柱状图",
    "description": "条纹背景；圆角",
    "latestVersion": 2,
    "alwaysLatest": 1,
    "createTime": "2020-10-28T07:45:49.000Z",
    "lastUpdateTime": "2020-10-28T07:45:49.000Z",
    "auth": 2,
    "uid": "obd-o2pLFbsgpOsmKddigccXbTX7T_Can6e",
    "publishedVersion": 0,
    "forkFrom": "-",
    "isSpam": 0,
    "version": 2,
    "parentVersion": 1,
    "echartsVersion": "4.8.0",
    "versionCreateTime": "2020-10-28T07:47:19.000Z",
    "html": "",
    "externalScripts": "",
    "updaterUID": "obd-o2pLFbsgpOsmKddigccXbTX7T_Can6e",
    "theme": "",
    "layout": "",
    "viewCount": 81,
    "userName": "l***y",
    "commentCount": 0,
    "starCount": 0,
    "isStared": 0,
    "thumbnailURL": "https://www.makeapie.com/ecg-storage/ec_gallery_thumbnail/xqBC1PLbiV.png?v=1603871239872",
    "isCustomThumbnail": 0,
    "builtinTags": [
        "category-work",
        "dataZoom",
        "grid",
        "legend",
        "series-bar",
        "tooltip"
    ],
    "customTags": [],
    "updaterUserName": "l***y"
}