{
    "cid": "xQxiJtbFod",
    "authorUid": "bd-2461361090",
    "authorUserName": "鍙***0",
    "title": "timeline",
    "description": "单位:Mwh",
    "latestVersion": 3,
    "alwaysLatest": 1,
    "createTime": "2020-10-28T16:42:00.000Z",
    "lastUpdateTime": "2020-10-28T16:42:00.000Z",
    "auth": 2,
    "uid": "bd-2461361090",
    "publishedVersion": 0,
    "forkFrom": "-",
    "isSpam": 0,
    "version": 3,
    "parentVersion": 2,
    "echartsVersion": "4.8.0",
    "versionCreateTime": "2020-10-29T03:11:39.000Z",
    "html": "",
    "externalScripts": "",
    "updaterUID": "bd-2461361090",
    "theme": "",
    "layout": "",
    "viewCount": 116,
    "userName": "鍙***0",
    "commentCount": 0,
    "starCount": 5,
    "isStared": 0,
    "thumbnailURL": "https://www.makeapie.com/ecg-storage/ec_gallery_thumbnail/xQxiJtbFod.png?v=1603941099922",
    "isCustomThumbnail": 0,
    "builtinTags": [
        "category-work",
        "grid",
        "series-bar",
        "timeline",
        "title",
        "tooltip"
    ],
    "customTags": [],
    "updaterUserName": "鍙***0"
}