{
    "cid": "xV5GQVem4c",
    "authorUid": "obd-oAD1HbaVk-tYIjzXgiXqh-eo0g6cS7m",
    "authorUserName": "173******76",
    "title": "用户价值分析",
    "description": "",
    "latestVersion": 1,
    "alwaysLatest": 1,
    "createTime": "2020-10-28T12:06:07.000Z",
    "lastUpdateTime": "2020-10-28T12:06:07.000Z",
    "auth": 2,
    "uid": "obd-oAD1HbaVk-tYIjzXgiXqh-eo0g6cS7m",
    "publishedVersion": 0,
    "forkFrom": "-",
    "isSpam": 0,
    "version": 1,
    "parentVersion": -1,
    "echartsVersion": "4.8.0",
    "versionCreateTime": "2020-10-28T12:06:07.000Z",
    "html": "",
    "externalScripts": "",
    "updaterUID": "obd-oAD1HbaVk-tYIjzXgiXqh-eo0g6cS7m",
    "theme": "",
    "layout": "",
    "viewCount": 589,
    "userName": "173******76",
    "commentCount": 0,
    "starCount": 5,
    "isStared": 0,
    "thumbnailURL": "https://www.makeapie.com/ecg-storage/ec_gallery_thumbnail/xV5GQVem4c.png?v=1603886768015",
    "isCustomThumbnail": 0,
    "builtinTags": [
        "category-work",
        "graphic",
        "legend",
        "series-pie",
        "tooltip"
    ],
    "customTags": [],
    "updaterUserName": "173******76"
}