{
    "cid": "xwOrBVplLu0",
    "authorUid": "bd-71012466",
    "authorUserName": "前***n",
    "title": "测试",
    "description": "",
    "latestVersion": 1,
    "alwaysLatest": 1,
    "createTime": "2020-10-28T08:02:50.000Z",
    "lastUpdateTime": "2020-10-28T08:02:50.000Z",
    "auth": 1,
    "uid": "bd-71012466",
    "publishedVersion": 0,
    "forkFrom": "-",
    "isSpam": 0,
    "version": 1,
    "parentVersion": -1,
    "echartsVersion": "4.8.0",
    "versionCreateTime": "2020-10-28T08:02:51.000Z",
    "html": "",
    "externalScripts": "",
    "updaterUID": "bd-71012466",
    "theme": "",
    "layout": "",
    "viewCount": 37,
    "userName": "前***n",
    "commentCount": 0,
    "starCount": 0,
    "isStared": 0,
    "thumbnailURL": "https://www.makeapie.com/ecg-storage/ec_gallery_thumbnail/xwOrBVplLu0.png?v=1603872171269",
    "isCustomThumbnail": 0,
    "builtinTags": [
        "category-work",
        "geo",
        "series-lines",
        "tooltip"
    ],
    "customTags": [],
    "updaterUserName": "前***n"
}