{
    "cid": "xXqXYrBfsB",
    "authorUid": "obd-oFDGIAg6N1kh405Cwscl7Yywx999O5F",
    "authorUserName": "阙***星",
    "title": "堆叠区域图测试",
    "description": "测试",
    "latestVersion": 1,
    "alwaysLatest": 1,
    "createTime": "2020-10-28T07:33:39.000Z",
    "lastUpdateTime": "2020-10-28T07:33:39.000Z",
    "auth": 2,
    "uid": "obd-oFDGIAg6N1kh405Cwscl7Yywx999O5F",
    "publishedVersion": 0,
    "forkFrom": "-",
    "isSpam": 0,
    "version": 1,
    "parentVersion": -1,
    "echartsVersion": "4.8.0",
    "versionCreateTime": "2020-10-28T07:33:39.000Z",
    "html": "",
    "externalScripts": "",
    "updaterUID": "obd-oFDGIAg6N1kh405Cwscl7Yywx999O5F",
    "theme": "",
    "layout": "",
    "viewCount": 60,
    "userName": "阙***星",
    "commentCount": 0,
    "starCount": 0,
    "isStared": 0,
    "thumbnailURL": "https://www.makeapie.com/ecg-storage/ec_gallery_thumbnail/xXqXYrBfsB.png?v=1603870419535",
    "isCustomThumbnail": 0,
    "builtinTags": [
        "category-work",
        "grid",
        "legend",
        "series-line",
        "title",
        "toolbox",
        "tooltip"
    ],
    "customTags": [],
    "updaterUserName": "阙***星"
}