{
    "cid": "x-vNlSw5o",
    "authorUid": "bd-1268398460",
    "authorUserName": "幻***风",
    "title": "仓位与存活率",
    "description": "",
    "latestVersion": 2,
    "alwaysLatest": 1,
    "createTime": "2019-11-11T17:17:48.000Z",
    "lastUpdateTime": "2019-11-11T17:17:48.000Z",
    "auth": 2,
    "uid": "bd-1268398460",
    "publishedVersion": 0,
    "forkFrom": "-",
    "isSpam": 0,
    "version": 2,
    "parentVersion": 1,
    "echartsVersion": "4.4.0",
    "versionCreateTime": "2019-11-11T17:18:44.000Z",
    "html": "",
    "externalScripts": "",
    "updaterUID": "bd-1268398460",
    "theme": "",
    "layout": "",
    "viewCount": 277,
    "userName": "幻***风",
    "commentCount": 0,
    "starCount": 0,
    "isStared": 0,
    "thumbnailURL": "https://www.makeapie.com/ecg-storage/ec_gallery_thumbnail/x-vNlSw5o.png?v=1573492725042",
    "isCustomThumbnail": 0,
    "builtinTags": [
        "category-work",
        "grid",
        "legend",
        "series-bar",
        "tooltip"
    ],
    "customTags": [],
    "updaterUserName": "幻***风"
}