{
    "cid": "x72oOnKBV",
    "authorUid": "bd-2795971960",
    "authorUserName": "n***月",
    "title": "多个饼图",
    "description": "",
    "latestVersion": 1,
    "alwaysLatest": 1,
    "createTime": "2019-11-11T09:14:14.000Z",
    "lastUpdateTime": "2019-11-11T09:14:14.000Z",
    "auth": 2,
    "uid": "bd-2795971960",
    "publishedVersion": 0,
    "forkFrom": "-",
    "isSpam": 0,
    "version": 1,
    "parentVersion": -1,
    "echartsVersion": "4.4.0",
    "versionCreateTime": "2019-11-11T09:14:14.000Z",
    "html": "",
    "externalScripts": "",
    "updaterUID": "bd-2795971960",
    "theme": "",
    "layout": "",
    "viewCount": 707,
    "userName": "n***月",
    "commentCount": 0,
    "starCount": 5,
    "isStared": 0,
    "thumbnailURL": "https://www.makeapie.com/ecg-storage/ec_gallery_thumbnail/x72oOnKBV.png?v=1573463654733",
    "isCustomThumbnail": 0,
    "builtinTags": [
        "category-work",
        "series-pie",
        "title"
    ],
    "customTags": [],
    "updaterUserName": "n***月"
}