{
    "cid": "xaFrEXp36",
    "authorUid": "bd-3084140089",
    "authorUserName": "w***猫",
    "title": "pre模拟旭日图",
    "description": "pre模拟旭日图",
    "latestVersion": 1,
    "alwaysLatest": 1,
    "createTime": "2019-11-11T08:31:31.000Z",
    "lastUpdateTime": "2019-11-11T08:31:31.000Z",
    "auth": 2,
    "uid": "bd-3084140089",
    "publishedVersion": 0,
    "forkFrom": "-",
    "isSpam": 0,
    "version": 1,
    "parentVersion": -1,
    "echartsVersion": "4.4.0",
    "versionCreateTime": "2019-11-11T08:31:31.000Z",
    "html": "",
    "externalScripts": "",
    "updaterUID": "bd-3084140089",
    "theme": "",
    "layout": "",
    "viewCount": 287,
    "userName": "w***猫",
    "commentCount": 0,
    "starCount": 4,
    "isStared": 0,
    "thumbnailURL": "https://www.makeapie.com/ecg-storage/ec_gallery_thumbnail/xaFrEXp36.png?v=1573461092122",
    "isCustomThumbnail": 0,
    "builtinTags": [
        "category-work",
        "series-pie",
        "title",
        "tooltip"
    ],
    "customTags": [],
    "updaterUserName": "w***猫"
}