{
    "cid": "xAo6-aT2P",
    "authorUid": "bd-2384254881",
    "authorUserName": "y***g",
    "title": "双向柱状图",
    "description": "",
    "latestVersion": 1,
    "alwaysLatest": 1,
    "createTime": "2019-11-11T07:08:59.000Z",
    "lastUpdateTime": "2019-11-11T07:08:59.000Z",
    "auth": 2,
    "uid": "bd-2384254881",
    "publishedVersion": 0,
    "forkFrom": "-",
    "isSpam": 0,
    "version": 1,
    "parentVersion": -1,
    "echartsVersion": "4.4.0",
    "versionCreateTime": "2019-11-11T07:08:59.000Z",
    "html": "",
    "externalScripts": "https://echarts.baidu.com/resource/echarts-gl-latest/dist/echarts-gl.min.js,/dep/echarts/map/js/china.js",
    "updaterUID": "bd-2384254881",
    "theme": "",
    "layout": "",
    "viewCount": 497,
    "userName": "y***g",
    "commentCount": 0,
    "starCount": 3,
    "isStared": 0,
    "thumbnailURL": "https://www.makeapie.com/ecg-storage/ec_gallery_thumbnail/xAo6-aT2P.png?v=1573456139268",
    "isCustomThumbnail": 0,
    "builtinTags": [
        "category-work",
        "grid",
        "legend",
        "series-bar",
        "tooltip"
    ],
    "customTags": [],
    "updaterUserName": "y***g"
}