{
    "cid": "xAtPg0xge",
    "authorUid": "bd-2378705900",
    "authorUserName": "2***a",
    "title": "柱状图_彩色",
    "description": "张小帅制作：每一行颜色不统一",
    "latestVersion": 1,
    "alwaysLatest": 1,
    "createTime": "2019-11-11T09:01:43.000Z",
    "lastUpdateTime": "2019-11-11T09:01:43.000Z",
    "auth": 2,
    "uid": "bd-2378705900",
    "publishedVersion": 0,
    "forkFrom": "-",
    "isSpam": 0,
    "version": 1,
    "parentVersion": -1,
    "echartsVersion": "4.4.0",
    "versionCreateTime": "2019-11-11T09:01:43.000Z",
    "html": "",
    "externalScripts": "",
    "updaterUID": "bd-2378705900",
    "theme": "",
    "layout": "",
    "viewCount": 114,
    "userName": "2***a",
    "commentCount": 0,
    "starCount": 0,
    "isStared": 0,
    "thumbnailURL": "https://www.makeapie.com/ecg-storage/ec_gallery_thumbnail/xAtPg0xge.png?v=1573462903941",
    "isCustomThumbnail": 0,
    "builtinTags": [
        "category-work",
        "grid",
        "series-bar",
        "tooltip"
    ],
    "customTags": [],
    "updaterUserName": "2***a"
}