{
    "cid": "xBVQ3Lk_2",
    "authorUid": "bd-3084140089",
    "authorUserName": "w***猫",
    "title": "不同颜色的单柱状图",
    "description": "不同颜色的单柱状图",
    "latestVersion": 1,
    "alwaysLatest": 1,
    "createTime": "2019-11-11T08:23:24.000Z",
    "lastUpdateTime": "2019-11-11T08:23:24.000Z",
    "auth": 2,
    "uid": "bd-3084140089",
    "publishedVersion": 0,
    "forkFrom": "-",
    "isSpam": 0,
    "version": 1,
    "parentVersion": -1,
    "echartsVersion": "4.4.0",
    "versionCreateTime": "2019-11-11T08:23:24.000Z",
    "html": "",
    "externalScripts": "",
    "updaterUID": "bd-3084140089",
    "theme": "",
    "layout": "",
    "viewCount": 141,
    "userName": "w***猫",
    "commentCount": 0,
    "starCount": 1,
    "isStared": 0,
    "thumbnailURL": "https://www.makeapie.com/ecg-storage/ec_gallery_thumbnail/xBVQ3Lk_2.png?v=1573460604646",
    "isCustomThumbnail": 1,
    "builtinTags": [
        "category-work",
        "dataset",
        "grid",
        "series-bar",
        "tooltip",
        "visualMap"
    ],
    "customTags": [],
    "updaterUserName": "w***猫"
}