{
    "cid": "xhQ4K7OLY",
    "authorUid": "bd-2674457144",
    "authorUserName": "低***h",
    "title": "横向字符云",
    "description": "",
    "latestVersion": 1,
    "alwaysLatest": 1,
    "createTime": "2019-11-12T09:52:13.000Z",
    "lastUpdateTime": "2019-11-12T09:52:13.000Z",
    "auth": 2,
    "uid": "bd-2674457144",
    "publishedVersion": 0,
    "forkFrom": "-",
    "isSpam": 0,
    "version": 1,
    "parentVersion": -1,
    "echartsVersion": "4.4.0",
    "versionCreateTime": "2019-11-12T09:52:13.000Z",
    "html": "",
    "externalScripts": "https://oisanjavax.github.io/echarts-wordcloud/dist/echarts-wordcloud.min.js",
    "updaterUID": "bd-2674457144",
    "theme": "",
    "layout": "",
    "viewCount": 2682,
    "userName": "低***h",
    "commentCount": 0,
    "starCount": 11,
    "isStared": 0,
    "thumbnailURL": "https://www.makeapie.com/ecg-storage/ec_gallery_thumbnail/xhQ4K7OLY.png?v=1573552333591",
    "isCustomThumbnail": 0,
    "builtinTags": [
        "category-work",
        "series-wordCloud",
        "tooltip"
    ],
    "customTags": [],
    "updaterUserName": "低***h"
}