{
    "cid": "xip6fuDIY",
    "authorUid": "bd-1268398460",
    "authorUserName": "幻***风",
    "title": "身份与存活率",
    "description": "",
    "latestVersion": 1,
    "alwaysLatest": 1,
    "createTime": "2019-11-11T19:02:02.000Z",
    "lastUpdateTime": "2019-11-11T19:02:02.000Z",
    "auth": 2,
    "uid": "bd-1268398460",
    "publishedVersion": 0,
    "forkFrom": "-",
    "isSpam": 0,
    "version": 1,
    "parentVersion": -1,
    "echartsVersion": "4.4.0",
    "versionCreateTime": "2019-11-11T19:02:02.000Z",
    "html": "",
    "externalScripts": "",
    "updaterUID": "bd-1268398460",
    "theme": "",
    "layout": "",
    "viewCount": 92,
    "userName": "幻***风",
    "commentCount": 0,
    "starCount": 1,
    "isStared": 0,
    "thumbnailURL": "https://www.makeapie.com/ecg-storage/ec_gallery_thumbnail/xip6fuDIY.png?v=1573498922501",
    "isCustomThumbnail": 0,
    "builtinTags": [
        "category-work",
        "grid",
        "series-bar",
        "series-scatter"
    ],
    "customTags": [],
    "updaterUserName": "幻***风"
}