{
    "cid": "xJ6kM6ZGb",
    "authorUid": "bd-1785988351",
    "authorUserName": "百度用户#0971362260",
    "title": "自定义画图",
    "description": "",
    "latestVersion": 3,
    "alwaysLatest": 1,
    "createTime": "2019-11-11T12:26:39.000Z",
    "lastUpdateTime": "2019-11-11T12:26:39.000Z",
    "auth": 2,
    "uid": "bd-1785988351",
    "publishedVersion": 0,
    "forkFrom": "-",
    "isSpam": 0,
    "version": 3,
    "parentVersion": 2,
    "echartsVersion": "4.4.0",
    "versionCreateTime": "2019-11-11T12:27:11.000Z",
    "html": "",
    "externalScripts": "",
    "updaterUID": "bd-1785988351",
    "theme": "",
    "layout": "",
    "viewCount": 18,
    "userName": "百度用户#0971362260",
    "commentCount": 0,
    "starCount": 0,
    "isStared": 0,
    "thumbnailURL": "https://www.makeapie.com/ecg-storage/ec_gallery_thumbnail/xJ6kM6ZGb.png?v=1573475231269",
    "isCustomThumbnail": 0,
    "builtinTags": [
        "category-work",
        "dataset",
        "series-custom"
    ],
    "customTags": [],
    "updaterUserName": "百度用户#0971362260"
}