{
    "cid": "xjPRODLuy",
    "authorUid": "bd-2503764166",
    "authorUserName": "s***o",
    "title": "仪表盘",
    "description": "生成奇怪的效果",
    "latestVersion": 4,
    "alwaysLatest": 1,
    "createTime": "2019-11-12T09:39:14.000Z",
    "lastUpdateTime": "2021-09-02T10:10:44.000Z",
    "auth": 1,
    "uid": "bd-2503764166",
    "publishedVersion": 0,
    "forkFrom": "-",
    "isSpam": 0,
    "version": 4,
    "parentVersion": 3,
    "echartsVersion": "4.9.0",
    "versionCreateTime": "2021-09-02T10:10:44.000Z",
    "html": "",
    "externalScripts": "",
    "updaterUID": "obd-otRA5i9rEaNowidU4IRkdb2X1EQW28W",
    "theme": "",
    "layout": "",
    "viewCount": 1330,
    "userName": "s***o",
    "commentCount": 0,
    "starCount": 9,
    "isStared": 0,
    "thumbnailURL": "https://www.makeapie.com/ecg-storage/ec_gallery_thumbnail/xjPRODLuy.png?v=1630577444658",
    "isCustomThumbnail": 0,
    "builtinTags": [
        "category-work",
        "grid",
        "series-gauge",
        "series-pie"
    ],
    "customTags": [],
    "updaterUserName": "i***5"
}