{
    "cid": "xNdSHZrBb",
    "authorUid": "bd-1042038476",
    "authorUserName": "一***行",
    "title": "南丁格尔玫瑰图",
    "description": "纯属虚构",
    "latestVersion": 2,
    "alwaysLatest": 1,
    "createTime": "2019-11-12T08:30:18.000Z",
    "lastUpdateTime": "2019-11-12T08:50:56.000Z",
    "auth": 2,
    "uid": "bd-1042038476",
    "publishedVersion": 0,
    "forkFrom": "-",
    "isSpam": 0,
    "version": 2,
    "parentVersion": 1,
    "echartsVersion": "4.4.0",
    "versionCreateTime": "2019-11-12T10:13:42.000Z",
    "html": "",
    "externalScripts": "",
    "updaterUID": "bd-1042038476",
    "theme": "dark",
    "layout": "",
    "viewCount": 114,
    "userName": "一***行",
    "commentCount": 0,
    "starCount": 2,
    "isStared": 0,
    "thumbnailURL": "https://www.makeapie.com/ecg-storage/ec_gallery_thumbnail/xNdSHZrBb.png?v=1573553622349",
    "isCustomThumbnail": 0,
    "builtinTags": [
        "category-work",
        "legend",
        "series-pie",
        "tooltip"
    ],
    "customTags": [],
    "updaterUserName": "一***行"
}