{
    "cid": "xnNiU_N-q",
    "authorUid": "bd-1268398460",
    "authorUserName": "幻***风",
    "title": "离岸港口与存活率",
    "description": "",
    "latestVersion": 2,
    "alwaysLatest": 1,
    "createTime": "2019-11-11T18:46:26.000Z",
    "lastUpdateTime": "2019-11-11T18:46:26.000Z",
    "auth": 2,
    "uid": "bd-1268398460",
    "publishedVersion": 0,
    "forkFrom": "-",
    "isSpam": 0,
    "version": 2,
    "parentVersion": 1,
    "echartsVersion": "4.4.0",
    "versionCreateTime": "2019-11-25T12:47:18.000Z",
    "html": "",
    "externalScripts": "",
    "updaterUID": "bd-1268398460",
    "theme": "",
    "layout": "",
    "viewCount": 151,
    "userName": "幻***风",
    "commentCount": 0,
    "starCount": 1,
    "isStared": 0,
    "thumbnailURL": "https://www.makeapie.com/ecg-storage/ec_gallery_thumbnail/xnNiU_N-q.png?v=1574686038193",
    "isCustomThumbnail": 0,
    "builtinTags": [
        "category-work",
        "series-pie"
    ],
    "customTags": [],
    "updaterUserName": "幻***风"
}