{
    "cid": "xq-l2twW_",
    "authorUid": "bd-1745950243",
    "authorUserName": "k***0",
    "title": "Les Miserables",
    "description": "Default layout",
    "latestVersion": 3,
    "alwaysLatest": 1,
    "createTime": "2019-11-12T03:20:52.000Z",
    "lastUpdateTime": "2019-11-12T03:20:52.000Z",
    "auth": 2,
    "uid": "bd-1745950243",
    "publishedVersion": 0,
    "forkFrom": "-",
    "isSpam": 0,
    "version": 3,
    "parentVersion": 2,
    "echartsVersion": "4.4.0",
    "versionCreateTime": "2019-11-12T03:46:27.000Z",
    "html": "",
    "externalScripts": "",
    "updaterUID": "bd-1745950243",
    "theme": "",
    "layout": "",
    "viewCount": 249,
    "userName": "k***0",
    "commentCount": 0,
    "starCount": 0,
    "isStared": 0,
    "thumbnailURL": "https://www.makeapie.com/ecg-storage/ec_gallery_thumbnail/xq-l2twW_.png?v=1573530387957",
    "isCustomThumbnail": 0,
    "builtinTags": [
        "category-work",
        "legend",
        "series-graph",
        "title",
        "tooltip"
    ],
    "customTags": [],
    "updaterUserName": "k***0"
}