{
    "cid": "xq6ICXnpo",
    "authorUid": "bd-1393317740",
    "authorUserName": "枫***轩",
    "title": "2019英语一模得分率%最低",
    "description": "前十名",
    "latestVersion": 3,
    "alwaysLatest": 1,
    "createTime": "2019-11-12T08:00:19.000Z",
    "lastUpdateTime": "2019-11-12T08:00:19.000Z",
    "auth": 2,
    "uid": "bd-1393317740",
    "publishedVersion": 0,
    "forkFrom": "-",
    "isSpam": 0,
    "version": 3,
    "parentVersion": 2,
    "echartsVersion": "4.4.0",
    "versionCreateTime": "2019-11-12T08:09:23.000Z",
    "html": "",
    "externalScripts": "",
    "updaterUID": "bd-1393317740",
    "theme": "",
    "layout": "",
    "viewCount": 100,
    "userName": "枫***轩",
    "commentCount": 0,
    "starCount": 0,
    "isStared": 0,
    "thumbnailURL": "https://www.makeapie.com/ecg-storage/ec_gallery_thumbnail/xq6ICXnpo.png?v=1573546163633",
    "isCustomThumbnail": 0,
    "builtinTags": [
        "category-work",
        "dataZoom",
        "grid",
        "legend",
        "markLine",
        "markPoint",
        "series-bar",
        "title",
        "toolbox",
        "tooltip"
    ],
    "customTags": [],
    "updaterUserName": "枫***轩"
}