{
    "cid": "xS7dcLkBy",
    "authorUid": "bd-2795971960",
    "authorUserName": "n***月",
    "title": "柱状图",
    "description": "",
    "latestVersion": 2,
    "alwaysLatest": 1,
    "createTime": "2019-11-11T10:00:35.000Z",
    "lastUpdateTime": "2019-11-11T10:00:35.000Z",
    "auth": 2,
    "uid": "bd-2795971960",
    "publishedVersion": 0,
    "forkFrom": "-",
    "isSpam": 0,
    "version": 2,
    "parentVersion": 1,
    "echartsVersion": "4.4.0",
    "versionCreateTime": "2019-11-15T07:47:45.000Z",
    "html": "",
    "externalScripts": "",
    "updaterUID": "bd-2795971960",
    "theme": "",
    "layout": "",
    "viewCount": 108,
    "userName": "n***月",
    "commentCount": 0,
    "starCount": 1,
    "isStared": 0,
    "thumbnailURL": "https://www.makeapie.com/ecg-storage/ec_gallery_thumbnail/xS7dcLkBy.png?v=1573804065610",
    "isCustomThumbnail": 0,
    "builtinTags": [
        "category-work",
        "grid",
        "series-bar"
    ],
    "customTags": [],
    "updaterUserName": "n***月"
}