{
    "cid": "xulOYg1Pj",
    "authorUid": "bd-3831842444",
    "authorUserName": "晨***c",
    "title": "多个实时电机参数监控",
    "description": "",
    "latestVersion": 1,
    "alwaysLatest": 1,
    "createTime": "2019-11-12T00:55:37.000Z",
    "lastUpdateTime": "2019-11-12T00:55:37.000Z",
    "auth": 2,
    "uid": "bd-3831842444",
    "publishedVersion": 0,
    "forkFrom": "-",
    "isSpam": 0,
    "version": 1,
    "parentVersion": -1,
    "echartsVersion": "4.4.0",
    "versionCreateTime": "2019-11-12T00:55:37.000Z",
    "html": "",
    "externalScripts": "",
    "updaterUID": "bd-3831842444",
    "theme": "",
    "layout": "",
    "viewCount": 80,
    "userName": "晨***c",
    "commentCount": 0,
    "starCount": 0,
    "isStared": 0,
    "thumbnailURL": "https://www.makeapie.com/ecg-storage/ec_gallery_thumbnail/xulOYg1Pj.png?v=1573520137590",
    "isCustomThumbnail": 0,
    "builtinTags": [
        "category-work",
        "dataZoom",
        "grid",
        "legend",
        "series-line",
        "title",
        "tooltip"
    ],
    "customTags": [],
    "updaterUserName": "晨***c"
}