{
    "cid": "xwX1KeALn",
    "authorUid": "bd-2795971960",
    "authorUserName": "n***月",
    "title": "折线图",
    "description": "",
    "latestVersion": 2,
    "alwaysLatest": 1,
    "createTime": "2019-11-11T09:15:04.000Z",
    "lastUpdateTime": "2019-11-11T09:15:04.000Z",
    "auth": 2,
    "uid": "bd-2795971960",
    "publishedVersion": 0,
    "forkFrom": "-",
    "isSpam": 0,
    "version": 2,
    "parentVersion": 1,
    "echartsVersion": "4.4.0",
    "versionCreateTime": "2019-11-11T09:15:34.000Z",
    "html": "",
    "externalScripts": "",
    "updaterUID": "bd-2795971960",
    "theme": "",
    "layout": "",
    "viewCount": 83,
    "userName": "n***月",
    "commentCount": 0,
    "starCount": 0,
    "isStared": 0,
    "thumbnailURL": "https://www.makeapie.com/ecg-storage/ec_gallery_thumbnail/xwX1KeALn.png?v=1573463734608",
    "isCustomThumbnail": 0,
    "builtinTags": [
        "category-work",
        "grid",
        "legend",
        "series-line",
        "toolbox",
        "tooltip"
    ],
    "customTags": [],
    "updaterUserName": "n***月"
}