{
    "cid": "xYlk4u646",
    "authorUid": "bd-3474885913",
    "authorUserName": "雨***月",
    "title": "ECharts 入门示例",
    "description": "分组",
    "latestVersion": 3,
    "alwaysLatest": 1,
    "createTime": "2019-11-12T04:58:54.000Z",
    "lastUpdateTime": "2019-11-12T04:58:54.000Z",
    "auth": 2,
    "uid": "bd-3474885913",
    "publishedVersion": 0,
    "forkFrom": "-",
    "isSpam": 0,
    "version": 3,
    "parentVersion": 2,
    "echartsVersion": "4.4.0",
    "versionCreateTime": "2019-11-12T07:13:56.000Z",
    "html": "",
    "externalScripts": "",
    "updaterUID": "bd-3474885913",
    "theme": "",
    "layout": "",
    "viewCount": 87,
    "userName": "雨***月",
    "commentCount": 0,
    "starCount": 0,
    "isStared": 0,
    "thumbnailURL": "https://www.makeapie.com/ecg-storage/ec_gallery_thumbnail/xYlk4u646.png?v=1573542836214",
    "isCustomThumbnail": 0,
    "builtinTags": [
        "category-work",
        "grid",
        "legend",
        "series-bar",
        "title",
        "tooltip"
    ],
    "customTags": [],
    "updaterUserName": "雨***月"
}