{
    "cid": "xYyvbOh_O",
    "authorUid": "bd-998331607",
    "authorUserName": "衢***傲",
    "title": "象形柱状",
    "description": "象形柱状没有stack属性，目前处理数据，达到效果",
    "latestVersion": 2,
    "alwaysLatest": 1,
    "createTime": "2019-11-12T09:31:05.000Z",
    "lastUpdateTime": "2019-11-12T09:31:05.000Z",
    "auth": 2,
    "uid": "bd-998331607",
    "publishedVersion": 0,
    "forkFrom": "-",
    "isSpam": 0,
    "version": 2,
    "parentVersion": 1,
    "echartsVersion": "4.4.0",
    "versionCreateTime": "2019-11-22T05:12:45.000Z",
    "html": "",
    "externalScripts": "",
    "updaterUID": "bd-998331607",
    "theme": "",
    "layout": "",
    "viewCount": 313,
    "userName": "衢***傲",
    "commentCount": 0,
    "starCount": 2,
    "isStared": 0,
    "thumbnailURL": "https://www.makeapie.com/ecg-storage/ec_gallery_thumbnail/xYyvbOh_O.png?v=1574399566088",
    "isCustomThumbnail": 0,
    "builtinTags": [
        "category-work",
        "grid",
        "legend",
        "series-bar",
        "series-pictorialBar",
        "tooltip"
    ],
    "customTags": [],
    "updaterUserName": "衢***傲"
}