{
    "cid": "xz7Lomld8",
    "authorUid": "bd-1042038476",
    "authorUserName": "一***行",
    "title": "排名",
    "description": "",
    "latestVersion": 5,
    "alwaysLatest": 1,
    "createTime": "2019-11-12T13:02:10.000Z",
    "lastUpdateTime": "2019-11-12T13:02:10.000Z",
    "auth": 2,
    "uid": "bd-1042038476",
    "publishedVersion": 0,
    "forkFrom": "-",
    "isSpam": 0,
    "version": 5,
    "parentVersion": 3,
    "echartsVersion": "4.4.0",
    "versionCreateTime": "2019-11-12T15:52:59.000Z",
    "html": "",
    "externalScripts": "",
    "updaterUID": "bd-1042038476",
    "theme": "default",
    "layout": "",
    "viewCount": 125,
    "userName": "一***行",
    "commentCount": 0,
    "starCount": 2,
    "isStared": 0,
    "thumbnailURL": "https://www.makeapie.com/ecg-storage/ec_gallery_thumbnail/xz7Lomld8.png?v=1573573979729",
    "isCustomThumbnail": 0,
    "builtinTags": [
        "category-work",
        "grid",
        "series-bar",
        "tooltip"
    ],
    "customTags": [],
    "updaterUserName": "一***行"
}