{
    "cid": "xzMr1YS1V",
    "authorUid": "bd-2795971960",
    "authorUserName": "n***月",
    "title": "环形图",
    "description": "立邦-环形图",
    "latestVersion": 3,
    "alwaysLatest": 1,
    "createTime": "2019-11-11T09:13:18.000Z",
    "lastUpdateTime": "2019-11-11T09:13:18.000Z",
    "auth": 2,
    "uid": "bd-2795971960",
    "publishedVersion": 0,
    "forkFrom": "-",
    "isSpam": 0,
    "version": 3,
    "parentVersion": 2,
    "echartsVersion": "4.4.0",
    "versionCreateTime": "2019-11-12T10:57:36.000Z",
    "html": "",
    "externalScripts": "",
    "updaterUID": "bd-2795971960",
    "theme": "",
    "layout": "",
    "viewCount": 105,
    "userName": "n***月",
    "commentCount": 0,
    "starCount": 0,
    "isStared": 0,
    "thumbnailURL": "https://www.makeapie.com/ecg-storage/ec_gallery_thumbnail/xzMr1YS1V.png?v=1573556256332",
    "isCustomThumbnail": 0,
    "builtinTags": [
        "category-work",
        "legend",
        "series-pie",
        "title"
    ],
    "customTags": [],
    "updaterUserName": "n***月"
}