{
    "cid": "xzn76Ygqt",
    "authorUid": "bd-1268398460",
    "authorUserName": "幻***风",
    "title": "性别-仓位与存活率",
    "description": "",
    "latestVersion": 1,
    "alwaysLatest": 1,
    "createTime": "2019-11-11T19:35:13.000Z",
    "lastUpdateTime": "2019-11-11T19:35:13.000Z",
    "auth": 2,
    "uid": "bd-1268398460",
    "publishedVersion": 0,
    "forkFrom": "-",
    "isSpam": 0,
    "version": 1,
    "parentVersion": -1,
    "echartsVersion": "4.4.0",
    "versionCreateTime": "2019-11-11T19:35:13.000Z",
    "html": "",
    "externalScripts": "",
    "updaterUID": "bd-1268398460",
    "theme": "",
    "layout": "",
    "viewCount": 63,
    "userName": "幻***风",
    "commentCount": 0,
    "starCount": 1,
    "isStared": 0,
    "thumbnailURL": "https://www.makeapie.com/ecg-storage/ec_gallery_thumbnail/xzn76Ygqt.png?v=1573500913595",
    "isCustomThumbnail": 0,
    "builtinTags": [
        "category-work",
        "grid",
        "legend",
        "series-bar",
        "tooltip"
    ],
    "customTags": [],
    "updaterUserName": "幻***风"
}