{
    "cid": "x-48omjITL",
    "authorUid": "bd-1309162528",
    "authorUserName": "小***7",
    "title": "多色柱状图",
    "description": "",
    "latestVersion": 1,
    "alwaysLatest": 0,
    "createTime": "2021-04-29T13:05:42.000Z",
    "lastUpdateTime": "2021-04-29T13:05:42.000Z",
    "auth": 2,
    "uid": "bd-1309162528",
    "publishedVersion": 0,
    "forkFrom": "-",
    "isSpam": 0,
    "version": 1,
    "parentVersion": -1,
    "echartsVersion": "5.1.1",
    "versionCreateTime": "2021-04-29T13:05:42.000Z",
    "html": "",
    "externalScripts": "",
    "updaterUID": "bd-1309162528",
    "theme": "",
    "layout": "",
    "viewCount": 0,
    "userName": "小***7",
    "commentCount": 0,
    "starCount": 1,
    "isStared": 0,
    "thumbnailURL": "https://www.makeapie.com/ecg-storage/ec_gallery_thumbnail/x-48omjITL.png?v=1619701542238",
    "isCustomThumbnail": 0,
    "builtinTags": [
        "category-work",
        "grid",
        "series-bar"
    ],
    "customTags": [],
    "updaterUserName": "小***7"
}