{
    "cid": "x-culhkjae",
    "authorUid": "bd-171648521",
    "authorUserName": "绿***绿",
    "title": "百度地图",
    "description": "导入外连接百度地图AK\n",
    "latestVersion": 3,
    "alwaysLatest": 0,
    "createTime": "2021-05-06T02:57:27.000Z",
    "lastUpdateTime": "2021-05-06T02:57:27.000Z",
    "auth": 2,
    "uid": "bd-171648521",
    "publishedVersion": 0,
    "forkFrom": "-",
    "isSpam": 0,
    "version": 3,
    "parentVersion": 2,
    "echartsVersion": "5.0.2",
    "versionCreateTime": "2021-05-06T08:18:20.000Z",
    "html": "",
    "externalScripts": "https://cdn.jsdelivr.net/npm/echarts@5/dist/extension/bmap.min.js,https://api.map.baidu.com/api?v=2.0&ak=kSHwBZIBdILmBpxf4oL9aYIgO1YGZ1d6",
    "updaterUID": "bd-171648521",
    "theme": "default",
    "layout": "",
    "viewCount": 0,
    "userName": "绿***绿",
    "commentCount": 0,
    "starCount": 0,
    "isStared": 0,
    "thumbnailURL": "https://www.makeapie.com/ecg-storage/ec_gallery_thumbnail/x-culhkjae.undefined?v=",
    "isCustomThumbnail": 0,
    "builtinTags": [
        "category-work"
    ],
    "customTags": [],
    "updaterUserName": "绿***绿"
}