{
    "cid": "x-M49ZC8dT",
    "authorUid": "obd-o049K6rsdqi2LsCosRhqiLbT8R5o6F9",
    "authorUserName": "水***枂",
    "title": "饼图自定义图例",
    "description": "",
    "latestVersion": 1,
    "alwaysLatest": 0,
    "createTime": "2021-05-06T05:45:33.000Z",
    "lastUpdateTime": "2021-05-06T05:45:33.000Z",
    "auth": 1,
    "uid": "obd-o049K6rsdqi2LsCosRhqiLbT8R5o6F9",
    "publishedVersion": 0,
    "forkFrom": "-",
    "isSpam": 0,
    "version": 1,
    "parentVersion": -1,
    "echartsVersion": "5.1.1",
    "versionCreateTime": "2021-05-06T05:45:33.000Z",
    "html": "",
    "externalScripts": "",
    "updaterUID": "obd-o049K6rsdqi2LsCosRhqiLbT8R5o6F9",
    "theme": "",
    "layout": "",
    "viewCount": 0,
    "userName": "水***枂",
    "commentCount": 0,
    "starCount": 1,
    "isStared": 0,
    "thumbnailURL": "https://www.makeapie.com/ecg-storage/ec_gallery_thumbnail/x-M49ZC8dT.png?v=1620279933336",
    "isCustomThumbnail": 0,
    "builtinTags": [
        "category-work",
        "grid",
        "legend",
        "series-pie"
    ],
    "customTags": [],
    "updaterUserName": "水***枂"
}