{
    "cid": "x8xUeR6_W5",
    "authorUid": "obd-oNr2vFnrK5EowjvTdv72llFxBPZggC6",
    "authorUserName": "淡***e",
    "title": "象形图1627",
    "description": "",
    "latestVersion": 1,
    "alwaysLatest": 0,
    "createTime": "2021-04-29T08:27:32.000Z",
    "lastUpdateTime": "2021-04-29T08:27:32.000Z",
    "auth": 2,
    "uid": "obd-oNr2vFnrK5EowjvTdv72llFxBPZggC6",
    "publishedVersion": 0,
    "forkFrom": "-",
    "isSpam": 0,
    "version": 1,
    "parentVersion": -1,
    "echartsVersion": "5.1.1",
    "versionCreateTime": "2021-04-29T08:27:32.000Z",
    "html": "",
    "externalScripts": "",
    "updaterUID": "obd-oNr2vFnrK5EowjvTdv72llFxBPZggC6",
    "theme": "",
    "layout": "",
    "viewCount": 0,
    "userName": "淡***e",
    "commentCount": 0,
    "starCount": 1,
    "isStared": 0,
    "thumbnailURL": "https://www.makeapie.com/ecg-storage/ec_gallery_thumbnail/x8xUeR6_W5.png?v=1619684852703",
    "isCustomThumbnail": 0,
    "builtinTags": [
        "category-work",
        "grid",
        "legend",
        "series-pictorialBar",
        "tooltip"
    ],
    "customTags": [],
    "updaterUserName": "淡***e"
}