{
    "cid": "x_zufOF1qg",
    "authorUid": "bd-1841183165",
    "authorUserName": "o***趣",
    "title": "TEST",
    "description": "",
    "latestVersion": 3,
    "alwaysLatest": 0,
    "createTime": "2021-04-30T07:56:32.000Z",
    "lastUpdateTime": "2021-04-30T07:56:32.000Z",
    "auth": 2,
    "uid": "bd-1841183165",
    "publishedVersion": 0,
    "forkFrom": "-",
    "isSpam": 0,
    "version": 3,
    "parentVersion": 2,
    "echartsVersion": "5.1.1",
    "versionCreateTime": "2021-04-30T09:52:01.000Z",
    "html": "",
    "externalScripts": "",
    "updaterUID": "bd-1841183165",
    "theme": "",
    "layout": "",
    "viewCount": 0,
    "userName": "o***趣",
    "commentCount": 0,
    "starCount": 3,
    "isStared": 0,
    "thumbnailURL": "https://www.makeapie.com/ecg-storage/ec_gallery_thumbnail/x_zufOF1qg.png?v=1619776321581",
    "isCustomThumbnail": 0,
    "builtinTags": [
        "category-work",
        "grid",
        "radar",
        "series-effectScatter",
        "series-pie",
        "series-radar",
        "tooltip"
    ],
    "customTags": [],
    "updaterUserName": "o***趣"
}