{
    "cid": "xc3CPjOQ2C",
    "authorUid": "obd-oCXtyz0xOcP6EqG0lH2aL9xyfMkRj3G",
    "authorUserName": "玉***s",
    "title": "柱状图-图例切换",
    "description": "",
    "latestVersion": 2,
    "alwaysLatest": 0,
    "createTime": "2021-04-29T03:44:16.000Z",
    "lastUpdateTime": "2021-04-29T03:44:16.000Z",
    "auth": 1,
    "uid": "obd-oCXtyz0xOcP6EqG0lH2aL9xyfMkRj3G",
    "publishedVersion": 0,
    "forkFrom": "-",
    "isSpam": 0,
    "version": 2,
    "parentVersion": 1,
    "echartsVersion": "5.1.1",
    "versionCreateTime": "2021-04-29T06:17:59.000Z",
    "html": "",
    "externalScripts": "",
    "updaterUID": "obd-oCXtyz0xOcP6EqG0lH2aL9xyfMkRj3G",
    "theme": "",
    "layout": "",
    "viewCount": 0,
    "userName": "玉***s",
    "commentCount": 0,
    "starCount": 1,
    "isStared": 0,
    "thumbnailURL": "https://www.makeapie.com/ecg-storage/ec_gallery_thumbnail/xc3CPjOQ2C.png?v=1619677080037",
    "isCustomThumbnail": 0,
    "builtinTags": [
        "category-work",
        "grid",
        "legend",
        "series-bar"
    ],
    "customTags": [],
    "updaterUserName": "玉***s"
}