{
    "cid": "xd9DFId1Dr",
    "authorUid": "obd-o049K6rsdqi2LsCosRhqiLbT8R5o6F9",
    "authorUserName": "水***枂",
    "title": "圆环",
    "description": "",
    "latestVersion": 2,
    "alwaysLatest": 0,
    "createTime": "2021-05-06T05:56:51.000Z",
    "lastUpdateTime": "2021-05-06T05:56:51.000Z",
    "auth": 1,
    "uid": "obd-o049K6rsdqi2LsCosRhqiLbT8R5o6F9",
    "publishedVersion": 0,
    "forkFrom": "-",
    "isSpam": 0,
    "version": 2,
    "parentVersion": 1,
    "echartsVersion": "5.1.1",
    "versionCreateTime": "2021-05-12T06:10:31.000Z",
    "html": "",
    "externalScripts": "",
    "updaterUID": "obd-o049K6rsdqi2LsCosRhqiLbT8R5o6F9",
    "theme": "",
    "layout": "",
    "viewCount": 0,
    "userName": "水***枂",
    "commentCount": 0,
    "starCount": 0,
    "isStared": 0,
    "thumbnailURL": "https://www.makeapie.com/ecg-storage/ec_gallery_thumbnail/xd9DFId1Dr.png?v=1620799831865",
    "isCustomThumbnail": 0,
    "builtinTags": [
        "category-work",
        "series-pie"
    ],
    "customTags": [],
    "updaterUserName": "水***枂"
}