{
    "cid": "xdwX9QbgQk",
    "authorUid": "obd-o-oeceXjJJ87BTheuqfaeIjINvjASAD",
    "authorUserName": "H***里",
    "title": "带阴影的柱状图",
    "description": "",
    "latestVersion": 1,
    "alwaysLatest": 0,
    "createTime": "2021-04-30T10:00:24.000Z",
    "lastUpdateTime": "2021-04-30T10:00:24.000Z",
    "auth": 2,
    "uid": "obd-o-oeceXjJJ87BTheuqfaeIjINvjASAD",
    "publishedVersion": 0,
    "forkFrom": "-",
    "isSpam": 0,
    "version": 1,
    "parentVersion": -1,
    "echartsVersion": "5.1.1",
    "versionCreateTime": "2021-04-30T10:00:24.000Z",
    "html": "",
    "externalScripts": "",
    "updaterUID": "obd-o-oeceXjJJ87BTheuqfaeIjINvjASAD",
    "theme": "",
    "layout": "",
    "viewCount": 0,
    "userName": "H***里",
    "commentCount": 0,
    "starCount": 1,
    "isStared": 0,
    "thumbnailURL": "https://www.makeapie.com/ecg-storage/ec_gallery_thumbnail/xdwX9QbgQk.png?v=1619776824690",
    "isCustomThumbnail": 0,
    "builtinTags": [
        "category-work",
        "grid",
        "legend",
        "series-bar",
        "series-line",
        "tooltip"
    ],
    "customTags": [],
    "updaterUserName": "H***里"
}