{
    "cid": "xmQq6_LUVQ",
    "authorUid": "obd-oj1my7-HsRKGCl-ncA96nmk3uA3FhDb",
    "authorUserName": "y***g",
    "title": "堆叠柱状图",
    "description": "",
    "latestVersion": 2,
    "alwaysLatest": 0,
    "createTime": "2021-04-29T03:32:53.000Z",
    "lastUpdateTime": "2021-04-29T03:32:53.000Z",
    "auth": 2,
    "uid": "obd-oj1my7-HsRKGCl-ncA96nmk3uA3FhDb",
    "publishedVersion": 0,
    "forkFrom": "-",
    "isSpam": 0,
    "version": 2,
    "parentVersion": 1,
    "echartsVersion": "5.1.1",
    "versionCreateTime": "2021-05-11T02:45:25.000Z",
    "html": "",
    "externalScripts": "",
    "updaterUID": "obd-oj1my7-HsRKGCl-ncA96nmk3uA3FhDb",
    "theme": "",
    "layout": "",
    "viewCount": 0,
    "userName": "y***g",
    "commentCount": 0,
    "starCount": 2,
    "isStared": 0,
    "thumbnailURL": "https://www.makeapie.com/ecg-storage/ec_gallery_thumbnail/xmQq6_LUVQ.png?v=1620701125454",
    "isCustomThumbnail": 0,
    "builtinTags": [
        "category-work",
        "grid",
        "legend",
        "series-bar",
        "tooltip"
    ],
    "customTags": [],
    "updaterUserName": "y***g"
}