{
    "cid": "xNqeeJIcJ1",
    "authorUid": "obd-oPe-Vp1_b9glEYvmNYG8EMvJ_pNUC9x",
    "authorUserName": "希***兵",
    "title": "立体柱子",
    "description": "立体柱子",
    "latestVersion": 1,
    "alwaysLatest": 0,
    "createTime": "2021-05-07T00:59:11.000Z",
    "lastUpdateTime": "2021-05-07T00:59:11.000Z",
    "auth": 2,
    "uid": "obd-oPe-Vp1_b9glEYvmNYG8EMvJ_pNUC9x",
    "publishedVersion": 0,
    "forkFrom": "-",
    "isSpam": 0,
    "version": 1,
    "parentVersion": -1,
    "echartsVersion": "5.1.1",
    "versionCreateTime": "2021-05-07T00:59:12.000Z",
    "html": "",
    "externalScripts": "",
    "updaterUID": "obd-oPe-Vp1_b9glEYvmNYG8EMvJ_pNUC9x",
    "theme": "",
    "layout": "",
    "viewCount": 0,
    "userName": "希***兵",
    "commentCount": 0,
    "starCount": 1,
    "isStared": 0,
    "thumbnailURL": "https://www.makeapie.com/ecg-storage/ec_gallery_thumbnail/xNqeeJIcJ1.png?v=1620349152163",
    "isCustomThumbnail": 0,
    "builtinTags": [
        "category-work",
        "grid",
        "series-bar",
        "series-pictorialBar",
        "title"
    ],
    "customTags": [],
    "updaterUserName": "希***兵"
}