{
    "cid": "xPk7f9bYeW",
    "authorUid": "obd-oEw_GWxrwt_3h3TYzCknFnrumH9mX40",
    "authorUserName": "a***e",
    "title": "立体柱状图",
    "description": "需固定大小，固定展示x及列，否则上下圆偏移",
    "latestVersion": 1,
    "alwaysLatest": 0,
    "createTime": "2021-04-29T07:46:36.000Z",
    "lastUpdateTime": "2021-04-29T07:46:36.000Z",
    "auth": 2,
    "uid": "obd-oEw_GWxrwt_3h3TYzCknFnrumH9mX40",
    "publishedVersion": 0,
    "forkFrom": "-",
    "isSpam": 0,
    "version": 1,
    "parentVersion": -1,
    "echartsVersion": "5.1.1",
    "versionCreateTime": "2021-04-29T07:46:37.000Z",
    "html": "",
    "externalScripts": "",
    "updaterUID": "obd-oEw_GWxrwt_3h3TYzCknFnrumH9mX40",
    "theme": "",
    "layout": "",
    "viewCount": 0,
    "userName": "a***e",
    "commentCount": 0,
    "starCount": 1,
    "isStared": 0,
    "thumbnailURL": "https://www.makeapie.com/ecg-storage/ec_gallery_thumbnail/xPk7f9bYeW.png?v=1619682397170",
    "isCustomThumbnail": 0,
    "builtinTags": [
        "category-work",
        "grid",
        "legend",
        "series-bar",
        "series-pictorialBar",
        "tooltip"
    ],
    "customTags": [],
    "updaterUserName": "a***e"
}