{
    "cid": "xrJrbrxNuZ",
    "authorUid": "obd-oFbwwcc7SlYVyKNBU9Y2XjhwaP1BV5o",
    "authorUserName": "相***q",
    "title": "动态饼图",
    "description": "循环高亮各个饼块",
    "latestVersion": 2,
    "alwaysLatest": 0,
    "createTime": "2021-04-28T09:18:10.000Z",
    "lastUpdateTime": "2021-04-28T09:18:10.000Z",
    "auth": 2,
    "uid": "obd-oFbwwcc7SlYVyKNBU9Y2XjhwaP1BV5o",
    "publishedVersion": 0,
    "forkFrom": "-",
    "isSpam": 0,
    "version": 2,
    "parentVersion": 1,
    "echartsVersion": "5.1.1",
    "versionCreateTime": "2021-04-28T09:38:15.000Z",
    "html": "",
    "externalScripts": "",
    "updaterUID": "obd-oFbwwcc7SlYVyKNBU9Y2XjhwaP1BV5o",
    "theme": "",
    "layout": "",
    "viewCount": 0,
    "userName": "相***q",
    "commentCount": 0,
    "starCount": 1,
    "isStared": 0,
    "thumbnailURL": "https://www.makeapie.com/ecg-storage/ec_gallery_thumbnail/xrJrbrxNuZ.png?v=1619602695445",
    "isCustomThumbnail": 0,
    "builtinTags": [
        "category-work",
        "dataset",
        "graphic",
        "series-pie",
        "title",
        "tooltip"
    ],
    "customTags": [],
    "updaterUserName": "相***q"
}