{
    "cid": "xxNsz-lWKu",
    "authorUid": "obd-oCTnGnrJQoxYAJwb1AL6wlwFSXQzU31",
    "authorUserName": "浣***e",
    "title": "沿海航线图",
    "description": "",
    "latestVersion": 6,
    "alwaysLatest": 0,
    "createTime": "2021-05-06T05:38:01.000Z",
    "lastUpdateTime": "2021-05-06T05:38:01.000Z",
    "auth": 2,
    "uid": "obd-oCTnGnrJQoxYAJwb1AL6wlwFSXQzU31",
    "publishedVersion": 0,
    "forkFrom": "-",
    "isSpam": 0,
    "version": 6,
    "parentVersion": 5,
    "echartsVersion": "4.8.0",
    "versionCreateTime": "2021-05-06T07:14:42.000Z",
    "html": "",
    "externalScripts": "https://cdn.jsdelivr.net/npm/echarts-gl@2/dist/echarts-gl.min.js,https://cdn.jsdelivr.net/npm/echarts-gl@2/dist/echarts-gl.min.js",
    "updaterUID": "obd-oCTnGnrJQoxYAJwb1AL6wlwFSXQzU31",
    "theme": "",
    "layout": "",
    "viewCount": 0,
    "userName": "浣***e",
    "commentCount": 0,
    "starCount": 0,
    "isStared": 0,
    "thumbnailURL": "https://www.makeapie.com/ecg-storage/ec_gallery_thumbnail/xxNsz-lWKu.png?v=1620285282780",
    "isCustomThumbnail": 0,
    "builtinTags": [
        "category-work",
        "geo",
        "series-lines"
    ],
    "customTags": [],
    "updaterUserName": "浣***e"
}