{
    "cid": "xzX1YYXulM",
    "authorUid": "obd-ol0lDmf9JR8NngODP1mdUIb21LQSy07",
    "authorUserName": "l***1",
    "title": "test",
    "description": "",
    "latestVersion": 1,
    "alwaysLatest": 0,
    "createTime": "2021-05-06T05:22:54.000Z",
    "lastUpdateTime": "2021-05-06T05:22:54.000Z",
    "auth": 1,
    "uid": "obd-ol0lDmf9JR8NngODP1mdUIb21LQSy07",
    "publishedVersion": 0,
    "forkFrom": "-",
    "isSpam": 0,
    "version": 1,
    "parentVersion": -1,
    "echartsVersion": "5.1.1",
    "versionCreateTime": "2021-05-06T05:22:54.000Z",
    "html": "",
    "externalScripts": "",
    "updaterUID": "obd-ol0lDmf9JR8NngODP1mdUIb21LQSy07",
    "theme": "",
    "layout": "",
    "viewCount": 0,
    "userName": "l***1",
    "commentCount": 0,
    "starCount": 0,
    "isStared": 0,
    "thumbnailURL": "https://www.makeapie.com/ecg-storage/ec_gallery_thumbnail/xzX1YYXulM.png?v=1620278574186",
    "isCustomThumbnail": 0,
    "builtinTags": [
        "category-work",
        "grid",
        "series-bar",
        "title"
    ],
    "customTags": [],
    "updaterUserName": "l***1"
}