{
    "cid": "x-Jkap_gch",
    "authorUid": "bd-3626886291",
    "authorUserName": "l***u",
    "title": "多图网格布局算法",
    "description": "多图表网格自动布局",
    "latestVersion": 3,
    "alwaysLatest": 0,
    "createTime": "2021-11-28T19:16:53.000Z",
    "lastUpdateTime": "2021-12-02T03:38:54.000Z",
    "auth": 2,
    "uid": "bd-3626886291",
    "publishedVersion": 0,
    "forkFrom": "-",
    "isSpam": 0,
    "version": 3,
    "parentVersion": 2,
    "echartsVersion": "5.2.2",
    "versionCreateTime": "2021-12-02T03:38:54.000Z",
    "html": "",
    "externalScripts": "",
    "updaterUID": "bd-3626886291",
    "theme": "",
    "layout": "",
    "viewCount": 0,
    "userName": "l***u",
    "commentCount": 0,
    "starCount": 0,
    "isStared": 0,
    "thumbnailURL": "https://www.makeapie.com/ecg-storage/ec_gallery_thumbnail/x-Jkap_gch.png?v=1638416334326",
    "isCustomThumbnail": 0,
    "builtinTags": [
        "category-work",
        "grid",
        "series-line",
        "title"
    ],
    "customTags": [
        "多图",
        "多行多列",
        "布局",
        "网格",
        "自动布局"
    ],
    "updaterUserName": "l***u"
}