{
    "cid": "x8mbYrxUZn",
    "authorUid": "obd-oN6D-m6oOgog1ap8g2xNcaUy-nYCTCe",
    "authorUserName": "有***4",
    "title": "按钮饼状图",
    "description": "",
    "latestVersion": 2,
    "alwaysLatest": 0,
    "createTime": "2021-11-29T01:47:09.000Z",
    "lastUpdateTime": "2021-11-29T02:28:48.000Z",
    "auth": 2,
    "uid": "obd-oN6D-m6oOgog1ap8g2xNcaUy-nYCTCe",
    "publishedVersion": 0,
    "forkFrom": "-",
    "isSpam": 0,
    "version": 2,
    "parentVersion": 1,
    "echartsVersion": "5.2.2",
    "versionCreateTime": "2021-11-29T02:28:48.000Z",
    "html": "",
    "externalScripts": "",
    "updaterUID": "obd-oN6D-m6oOgog1ap8g2xNcaUy-nYCTCe",
    "theme": "",
    "layout": "",
    "viewCount": 0,
    "userName": "有***4",
    "commentCount": 0,
    "starCount": 3,
    "isStared": 0,
    "thumbnailURL": "https://www.makeapie.com/ecg-storage/ec_gallery_thumbnail/x8mbYrxUZn.png?v=1638152928440",
    "isCustomThumbnail": 0,
    "builtinTags": [
        "category-work",
        "series-pie"
    ],
    "customTags": [],
    "updaterUserName": "有***4"
}