{
    "cid": "xbDCgxE6Qf",
    "authorUid": "obd-o0mqwsFYaLfbQRq843pB6B11XC2iIF2",
    "authorUserName": "d***0",
    "title": "World Population (2010)",
    "description": "from United Nations, Total population, both sexes combined, as of 1 July (thousands)",
    "latestVersion": 6,
    "alwaysLatest": 0,
    "createTime": "2021-11-29T07:26:12.000Z",
    "lastUpdateTime": "2021-11-29T07:35:04.000Z",
    "auth": 2,
    "uid": "obd-o0mqwsFYaLfbQRq843pB6B11XC2iIF2",
    "publishedVersion": 0,
    "forkFrom": "-",
    "isSpam": 0,
    "version": 6,
    "parentVersion": 5,
    "echartsVersion": "5.2.2",
    "versionCreateTime": "2021-11-29T07:35:04.000Z",
    "html": "",
    "externalScripts": "/dep/echarts/map/js/world.js",
    "updaterUID": "obd-o0mqwsFYaLfbQRq843pB6B11XC2iIF2",
    "theme": "",
    "layout": "",
    "viewCount": 0,
    "userName": "d***0",
    "commentCount": 0,
    "starCount": 1,
    "isStared": 0,
    "thumbnailURL": "https://www.makeapie.com/ecg-storage/ec_gallery_thumbnail/xbDCgxE6Qf.png?v=1638171304748",
    "isCustomThumbnail": 0,
    "builtinTags": [
        "category-work",
        "series-map",
        "title",
        "toolbox",
        "tooltip",
        "visualMap"
    ],
    "customTags": [],
    "updaterUserName": "d***0"
}