{
    "cid": "xG84b-uo3C",
    "authorUid": "obd-o2cajj5nsrS5p3TCIBxm7-d0jNgEL6g",
    "authorUserName": "旭***涯",
    "title": "饼状图，分组显示",
    "description": "",
    "latestVersion": 1,
    "alwaysLatest": 0,
    "createTime": "2021-11-26T07:24:59.000Z",
    "lastUpdateTime": "2021-11-26T07:24:59.000Z",
    "auth": 1,
    "uid": "obd-o2cajj5nsrS5p3TCIBxm7-d0jNgEL6g",
    "publishedVersion": 0,
    "forkFrom": "-",
    "isSpam": 0,
    "version": 1,
    "parentVersion": -1,
    "echartsVersion": "5.2.2",
    "versionCreateTime": "2021-11-26T07:24:59.000Z",
    "html": "",
    "externalScripts": "",
    "updaterUID": "obd-o2cajj5nsrS5p3TCIBxm7-d0jNgEL6g",
    "theme": "",
    "layout": "",
    "viewCount": 0,
    "userName": "旭***涯",
    "commentCount": 0,
    "starCount": 0,
    "isStared": 0,
    "thumbnailURL": "https://www.makeapie.com/ecg-storage/ec_gallery_thumbnail/xG84b-uo3C.png?v=1637911499717",
    "isCustomThumbnail": 0,
    "builtinTags": [
        "category-work",
        "legend",
        "series-pie",
        "tooltip"
    ],
    "customTags": [],
    "updaterUserName": "旭***涯"
}