{
    "cid": "xpmF7zEAOl",
    "authorUid": "bd-540836030",
    "authorUserName": "霸***y",
    "title": "饼图实现圆环缝隙",
    "description": "",
    "latestVersion": 2,
    "alwaysLatest": 1,
    "createTime": "2021-11-26T06:38:26.000Z",
    "lastUpdateTime": "2021-11-26T06:39:03.000Z",
    "auth": 2,
    "uid": "bd-540836030",
    "publishedVersion": 0,
    "forkFrom": "-",
    "isSpam": 0,
    "version": 2,
    "parentVersion": 1,
    "echartsVersion": "5.2.2",
    "versionCreateTime": "2021-11-26T06:39:03.000Z",
    "html": "",
    "externalScripts": "",
    "updaterUID": "bd-540836030",
    "theme": "",
    "layout": "",
    "viewCount": 0,
    "userName": "霸***y",
    "commentCount": 0,
    "starCount": 1,
    "isStared": 0,
    "thumbnailURL": "https://www.makeapie.com/ecg-storage/ec_gallery_thumbnail/xpmF7zEAOl.png?v=1637908743370",
    "isCustomThumbnail": 0,
    "builtinTags": [
        "category-work",
        "series-pie",
        "toolbox"
    ],
    "customTags": [
        "圆环",
        "饼图"
    ],
    "updaterUserName": "霸***y"
}