{
    "cid": "xrqHBOlTv-",
    "authorUid": "obd-oEVgzPtcAFbBbl44ALGIUlM7k1YPq4k",
    "authorUserName": "露***鞋",
    "title": "饼图",
    "description": "",
    "latestVersion": 1,
    "alwaysLatest": 0,
    "createTime": "2021-11-29T04:20:13.000Z",
    "lastUpdateTime": "2021-11-29T04:20:13.000Z",
    "auth": 1,
    "uid": "obd-oEVgzPtcAFbBbl44ALGIUlM7k1YPq4k",
    "publishedVersion": 0,
    "forkFrom": "-",
    "isSpam": 0,
    "version": 1,
    "parentVersion": -1,
    "echartsVersion": "5.1.2",
    "versionCreateTime": "2021-11-29T04:20:13.000Z",
    "html": "",
    "externalScripts": "",
    "updaterUID": "obd-oEVgzPtcAFbBbl44ALGIUlM7k1YPq4k",
    "theme": "",
    "layout": "",
    "viewCount": 0,
    "userName": "露***鞋",
    "commentCount": 0,
    "starCount": 0,
    "isStared": 0,
    "thumbnailURL": "https://www.makeapie.com/ecg-storage/ec_gallery_thumbnail/xrqHBOlTv-.png?v=1638159613384",
    "isCustomThumbnail": 0,
    "builtinTags": [
        "category-work",
        "series-pie"
    ],
    "customTags": [],
    "updaterUserName": "露***鞋"
}