{
    "cid": "xuyrqs5O3R",
    "authorUid": "bd-2469886102",
    "authorUserName": "芊***8",
    "title": "柱状图极坐标",
    "description": "",
    "latestVersion": 1,
    "alwaysLatest": 0,
    "createTime": "2021-11-29T02:29:15.000Z",
    "lastUpdateTime": "2021-11-29T02:29:15.000Z",
    "auth": 1,
    "uid": "bd-2469886102",
    "publishedVersion": 0,
    "forkFrom": "-",
    "isSpam": 0,
    "version": 1,
    "parentVersion": -1,
    "echartsVersion": "5.2.2",
    "versionCreateTime": "2021-11-29T02:29:15.000Z",
    "html": "",
    "externalScripts": "",
    "updaterUID": "bd-2469886102",
    "theme": "",
    "layout": "",
    "viewCount": 0,
    "userName": "芊***8",
    "commentCount": 0,
    "starCount": 0,
    "isStared": 0,
    "thumbnailURL": "https://www.makeapie.com/ecg-storage/ec_gallery_thumbnail/xuyrqs5O3R.png?v=1638152955499",
    "isCustomThumbnail": 0,
    "builtinTags": [
        "category-work",
        "polar",
        "series-bar",
        "title",
        "tooltip"
    ],
    "customTags": [],
    "updaterUserName": "芊***8"
}