{
    "cid": "xY4xdPissS",
    "authorUid": "bd-540836030",
    "authorUserName": "霸***y",
    "title": "半圆环极坐标柱状图",
    "description": "半圆环极坐标柱状图",
    "latestVersion": 10,
    "alwaysLatest": 1,
    "createTime": "2021-11-26T07:33:10.000Z",
    "lastUpdateTime": "2021-12-06T06:09:12.000Z",
    "auth": 2,
    "uid": "bd-540836030",
    "publishedVersion": 0,
    "forkFrom": "-",
    "isSpam": 0,
    "version": 10,
    "parentVersion": 9,
    "echartsVersion": "5.2.2",
    "versionCreateTime": "2021-12-06T06:09:12.000Z",
    "html": "",
    "externalScripts": "",
    "updaterUID": "bd-540836030",
    "theme": "",
    "layout": "",
    "viewCount": 0,
    "userName": "霸***y",
    "commentCount": 0,
    "starCount": 0,
    "isStared": 0,
    "thumbnailURL": "https://www.makeapie.com/ecg-storage/ec_gallery_thumbnail/xY4xdPissS.png?v=1638770952734",
    "isCustomThumbnail": 0,
    "builtinTags": [
        "category-work",
        "polar",
        "series-bar"
    ],
    "customTags": [
        "半圆环",
        "极坐标",
        "柱状图"
    ],
    "updaterUserName": "霸***y"
}