{
    "cid": "xyL4USsRBi",
    "authorUid": "bd-2838182126",
    "authorUserName": "小***7",
    "title": "占比",
    "description": "占比",
    "latestVersion": 1,
    "alwaysLatest": 0,
    "createTime": "2021-11-27T06:03:53.000Z",
    "lastUpdateTime": "2021-11-27T06:03:53.000Z",
    "auth": 1,
    "uid": "bd-2838182126",
    "publishedVersion": 0,
    "forkFrom": "-",
    "isSpam": 0,
    "version": 1,
    "parentVersion": -1,
    "echartsVersion": "4.8.0",
    "versionCreateTime": "2021-11-27T06:03:53.000Z",
    "html": "",
    "externalScripts": "",
    "updaterUID": "bd-2838182126",
    "theme": "",
    "layout": "",
    "viewCount": 0,
    "userName": "小***7",
    "commentCount": 0,
    "starCount": 2,
    "isStared": 0,
    "thumbnailURL": "https://www.makeapie.com/ecg-storage/ec_gallery_thumbnail/xyL4USsRBi.png?v=1637993033978",
    "isCustomThumbnail": 0,
    "builtinTags": [
        "category-work",
        "series-gauge",
        "series-pie",
        "title"
    ],
    "customTags": [],
    "updaterUserName": "小***7"
}