{
    "cid": "xZ8HFZC60y",
    "authorUid": "obd-oj4MZxYfhXWjiBgh8zRr4RQGpVufeD4",
    "authorUserName": "g***u",
    "title": "立体层叠多指标柱状图",
    "description": "脑子被驴踢了的需求非要搞个多指标，立体层叠的柱状图，个人翻阅了hightchart，echarts各种charts，发现想要实现dataZoom、stack、立体等等功能，echarts最合适。如果不是多指标和层叠还可以用echarts的自定义图标。这是个体力活，仅供参考",
    "latestVersion": 1,
    "alwaysLatest": 0,
    "createTime": "2021-11-26T07:58:30.000Z",
    "lastUpdateTime": "2021-11-26T07:58:30.000Z",
    "auth": 1,
    "uid": "obd-oj4MZxYfhXWjiBgh8zRr4RQGpVufeD4",
    "publishedVersion": 0,
    "forkFrom": "-",
    "isSpam": 0,
    "version": 1,
    "parentVersion": -1,
    "echartsVersion": "5.2.2",
    "versionCreateTime": "2021-11-26T07:58:30.000Z",
    "html": "",
    "externalScripts": "",
    "updaterUID": "obd-oj4MZxYfhXWjiBgh8zRr4RQGpVufeD4",
    "theme": "",
    "layout": "",
    "viewCount": 0,
    "userName": "g***u",
    "commentCount": 0,
    "starCount": 0,
    "isStared": 0,
    "thumbnailURL": "https://www.makeapie.com/ecg-storage/ec_gallery_thumbnail/xZ8HFZC60y.png?v=1637913510676",
    "isCustomThumbnail": 0,
    "builtinTags": [
        "category-work",
        "dataZoom",
        "grid",
        "legend",
        "series-bar",
        "series-pictorialBar",
        "tooltip"
    ],
    "customTags": [],
    "updaterUserName": "g***u"
}