{
    "cid": "x7IX82ACxG",
    "authorUid": "bd-3969692056",
    "authorUserName": "r***y",
    "title": "简单的地图迁徙效果",
    "description": "简单的地图迁徙效果",
    "latestVersion": 2,
    "alwaysLatest": 1,
    "createTime": "2019-05-21T08:46:30.000Z",
    "lastUpdateTime": "2019-05-21T08:46:30.000Z",
    "auth": 2,
    "uid": "bd-3969692056",
    "publishedVersion": 0,
    "forkFrom": "-",
    "isSpam": 0,
    "version": 2,
    "parentVersion": 1,
    "echartsVersion": "4.2.1",
    "versionCreateTime": "2019-05-24T03:47:59.000Z",
    "html": "",
    "externalScripts": "/dep/echarts/map/js/china.js,/dep/echarts/latest/extension/bmap.min.js",
    "updaterUID": "bd-3969692056",
    "theme": "",
    "layout": "",
    "viewCount": 10626,
    "userName": "r***y",
    "commentCount": 0,
    "starCount": 26,
    "isStared": 0,
    "thumbnailURL": "https://www.makeapie.com/ecg-storage/ec_gallery_thumbnail/x7IX82ACxG.png?v=1558669680109",
    "isCustomThumbnail": 0,
    "builtinTags": [
        "category-work",
        "geo",
        "series-effectScatter",
        "series-lines",
        "series-map",
        "series-scatter",
        "tooltip",
        "visualMap"
    ],
    "customTags": [
        "china",
        "map",
        "迁徙"
    ],
    "updaterUserName": "r***y"
}