{
    "cid": "xbKAad_zwq",
    "authorUid": "bd-724021782",
    "authorUserName": "lingyun5013",
    "title": "hebei",
    "description": "",
    "latestVersion": 1,
    "alwaysLatest": 1,
    "createTime": "2019-05-21T13:54:53.000Z",
    "lastUpdateTime": "2019-05-21T13:54:53.000Z",
    "auth": 1,
    "uid": "bd-724021782",
    "publishedVersion": 0,
    "forkFrom": "-",
    "isSpam": 0,
    "version": 1,
    "parentVersion": -1,
    "echartsVersion": "4.2.1",
    "versionCreateTime": "2019-05-21T13:54:53.000Z",
    "html": "",
    "externalScripts": "",
    "updaterUID": "bd-724021782",
    "theme": "",
    "layout": "",
    "viewCount": 215,
    "userName": "lingyun5013",
    "commentCount": 0,
    "starCount": 1,
    "isStared": 0,
    "thumbnailURL": "https://www.makeapie.com/ecg-storage/ec_gallery_thumbnail/xbKAad_zwq.png?v=1558446893409",
    "isCustomThumbnail": 0,
    "builtinTags": [
        "category-work",
        "series-map",
        "toolbox",
        "visualMap"
    ],
    "customTags": [],
    "updaterUserName": "lingyun5013"
}