{
    "cid": "xCxIOgCzDg",
    "authorUid": "bd-3969692056",
    "authorUserName": "r***y",
    "title": "饼图效果",
    "description": "饼图效果",
    "latestVersion": 1,
    "alwaysLatest": 1,
    "createTime": "2019-05-21T08:25:38.000Z",
    "lastUpdateTime": "2019-05-21T08:25:38.000Z",
    "auth": 2,
    "uid": "bd-3969692056",
    "publishedVersion": 0,
    "forkFrom": "-",
    "isSpam": 0,
    "version": 1,
    "parentVersion": -1,
    "echartsVersion": "4.2.1",
    "versionCreateTime": "2019-05-21T08:25:38.000Z",
    "html": "",
    "externalScripts": "",
    "updaterUID": "bd-3969692056",
    "theme": "",
    "layout": "",
    "viewCount": 83,
    "userName": "r***y",
    "commentCount": 0,
    "starCount": 1,
    "isStared": 0,
    "thumbnailURL": "https://www.makeapie.com/ecg-storage/ec_gallery_thumbnail/xCxIOgCzDg.png?v=1558427139066",
    "isCustomThumbnail": 0,
    "builtinTags": [
        "category-work",
        "series-pie",
        "title"
    ],
    "customTags": [
        "pie"
    ],
    "updaterUserName": "r***y"
}