{
    "cid": "xE8JL7GKEp",
    "authorUid": "bd-2537251955",
    "authorUserName": "小小路人_回忆",
    "title": "大波浪",
    "description": "",
    "latestVersion": 1,
    "alwaysLatest": 1,
    "createTime": "2019-05-21T06:11:21.000Z",
    "lastUpdateTime": "2019-05-21T06:11:21.000Z",
    "auth": 2,
    "uid": "bd-2537251955",
    "publishedVersion": 0,
    "forkFrom": "-",
    "isSpam": 0,
    "version": 1,
    "parentVersion": -1,
    "echartsVersion": "4.2.1",
    "versionCreateTime": "2019-05-21T06:11:21.000Z",
    "html": "",
    "externalScripts": "",
    "updaterUID": "bd-2537251955",
    "theme": "",
    "layout": "",
    "viewCount": 58,
    "userName": "小小路人_回忆",
    "commentCount": 0,
    "starCount": 0,
    "isStared": 0,
    "thumbnailURL": "https://www.makeapie.com/ecg-storage/ec_gallery_thumbnail/xE8JL7GKEp.png?v=1558419081438",
    "isCustomThumbnail": 0,
    "builtinTags": [
        "category-work",
        "grid",
        "legend",
        "series-line",
        "tooltip"
    ],
    "customTags": [],
    "updaterUserName": "小小路人_回忆"
}