{
    "cid": "xLVNzbVhRY",
    "authorUid": "bd-623649287",
    "authorUserName": "l***c",
    "title": "柱状图-reverse",
    "description": "数据来自网络",
    "latestVersion": 5,
    "alwaysLatest": 1,
    "createTime": "2019-05-21T09:12:47.000Z",
    "lastUpdateTime": "2019-05-21T09:12:47.000Z",
    "auth": 2,
    "uid": "bd-623649287",
    "publishedVersion": 0,
    "forkFrom": "-",
    "isSpam": 0,
    "version": 5,
    "parentVersion": 4,
    "echartsVersion": "4.2.1",
    "versionCreateTime": "2019-05-21T14:00:45.000Z",
    "html": "",
    "externalScripts": "",
    "updaterUID": "bd-623649287",
    "theme": "",
    "layout": "",
    "viewCount": 97,
    "userName": "l***c",
    "commentCount": 0,
    "starCount": 1,
    "isStared": 0,
    "thumbnailURL": "https://www.makeapie.com/ecg-storage/ec_gallery_thumbnail/xLVNzbVhRY.png?v=1558447245425",
    "isCustomThumbnail": 0,
    "builtinTags": [
        "category-work",
        "grid",
        "legend",
        "series-bar",
        "title",
        "tooltip"
    ],
    "customTags": [],
    "updaterUserName": "l***c"
}