{
    "cid": "xWLNfCmAXP",
    "authorUid": "bd-2402612370",
    "authorUserName": "高***6",
    "title": "业务处理按时完成率",
    "description": "",
    "latestVersion": 1,
    "alwaysLatest": 1,
    "createTime": "2019-05-21T08:43:57.000Z",
    "lastUpdateTime": "2019-05-21T08:43:57.000Z",
    "auth": 1,
    "uid": "bd-2402612370",
    "publishedVersion": 0,
    "forkFrom": "-",
    "isSpam": 0,
    "version": 1,
    "parentVersion": -1,
    "echartsVersion": "4.2.1",
    "versionCreateTime": "2019-05-21T08:43:57.000Z",
    "html": "",
    "externalScripts": "",
    "updaterUID": "bd-2402612370",
    "theme": "",
    "layout": "",
    "viewCount": 639,
    "userName": "高***6",
    "commentCount": 0,
    "starCount": 6,
    "isStared": 0,
    "thumbnailURL": "https://www.makeapie.com/ecg-storage/ec_gallery_thumbnail/xWLNfCmAXP.png?v=1558428237246",
    "isCustomThumbnail": 0,
    "builtinTags": [
        "category-work",
        "legend",
        "series-gauge",
        "series-pie",
        "title",
        "tooltip"
    ],
    "customTags": [],
    "updaterUserName": "高***6"
}