{
    "cid": "xys6O0MPF8",
    "authorUid": "bd-361253046",
    "authorUserName": "雨***1",
    "title": "双向柱状横向对比",
    "description": "学生阅读量对比",
    "latestVersion": 1,
    "alwaysLatest": 1,
    "createTime": "2019-05-21T03:01:03.000Z",
    "lastUpdateTime": "2019-05-21T03:01:03.000Z",
    "auth": 2,
    "uid": "bd-361253046",
    "publishedVersion": 0,
    "forkFrom": "-",
    "isSpam": 0,
    "version": 1,
    "parentVersion": -1,
    "echartsVersion": "4.2.1",
    "versionCreateTime": "2019-05-21T03:01:03.000Z",
    "html": "",
    "externalScripts": "",
    "updaterUID": "bd-361253046",
    "theme": "",
    "layout": "",
    "viewCount": 304,
    "userName": "雨***1",
    "commentCount": 0,
    "starCount": 1,
    "isStared": 0,
    "thumbnailURL": "https://www.makeapie.com/ecg-storage/ec_gallery_thumbnail/xys6O0MPF8.png?v=1558407663848",
    "isCustomThumbnail": 0,
    "builtinTags": [
        "category-work",
        "grid",
        "legend",
        "series-bar",
        "timeline",
        "title",
        "tooltip"
    ],
    "customTags": [],
    "updaterUserName": "雨***1"
}