{
    "cid": "xytpeIfaxX",
    "authorUid": "bd-1789385225",
    "authorUserName": "大***祖",
    "title": "苏州",
    "description": "",
    "latestVersion": 4,
    "alwaysLatest": 1,
    "createTime": "2019-05-20T11:32:25.000Z",
    "lastUpdateTime": "2019-05-20T11:32:25.000Z",
    "auth": 2,
    "uid": "bd-1789385225",
    "publishedVersion": 0,
    "forkFrom": "-",
    "isSpam": 0,
    "version": 4,
    "parentVersion": 3,
    "echartsVersion": "4.2.1",
    "versionCreateTime": "2019-05-23T09:31:25.000Z",
    "html": "",
    "externalScripts": "",
    "updaterUID": "bd-1789385225",
    "theme": "",
    "layout": "",
    "viewCount": 1926,
    "userName": "大***祖",
    "commentCount": 1,
    "starCount": 5,
    "isStared": 0,
    "thumbnailURL": "https://www.makeapie.com/ecg-storage/ec_gallery_thumbnail/xytpeIfaxX.png?v=1558603885335",
    "isCustomThumbnail": 0,
    "builtinTags": [
        "category-work",
        "geo",
        "series-effectScatter",
        "series-lines",
        "series-map",
        "series-scatter",
        "tooltip",
        "visualMap"
    ],
    "customTags": [],
    "updaterUserName": "大***祖"
}