{
    "cid": "xzrJJ9WxBQ",
    "authorUid": "bd-1078437236",
    "authorUserName": "右***变",
    "title": "异性柱状图",
    "description": "",
    "latestVersion": 3,
    "alwaysLatest": 1,
    "createTime": "2019-05-21T09:01:07.000Z",
    "lastUpdateTime": "2019-05-21T09:01:07.000Z",
    "auth": 2,
    "uid": "bd-1078437236",
    "publishedVersion": 0,
    "forkFrom": "-",
    "isSpam": 0,
    "version": 3,
    "parentVersion": 2,
    "echartsVersion": "4.2.1",
    "versionCreateTime": "2019-05-22T06:28:43.000Z",
    "html": "",
    "externalScripts": "",
    "updaterUID": "bd-1078437236",
    "theme": "",
    "layout": "",
    "viewCount": 25,
    "userName": "右***变",
    "commentCount": 0,
    "starCount": 0,
    "isStared": 0,
    "thumbnailURL": "https://www.makeapie.com/ecg-storage/ec_gallery_thumbnail/xzrJJ9WxBQ.png?v=1558506523498",
    "isCustomThumbnail": 0,
    "builtinTags": [
        "category-work",
        "grid",
        "series-bar",
        "tooltip"
    ],
    "customTags": [],
    "updaterUserName": "右***变"
}