{
    "cid": "x2yNAWcnLq",
    "authorUid": "obd-oNxO_0pSiX4Qhzuy4VZap5faODTirCs",
    "authorUserName": "梦***呢",
    "title": "圆柱图",
    "description": "自定义颜色",
    "latestVersion": 1,
    "alwaysLatest": 0,
    "createTime": "2021-07-30T01:12:59.000Z",
    "lastUpdateTime": "2021-07-30T01:12:59.000Z",
    "auth": 2,
    "uid": "obd-oNxO_0pSiX4Qhzuy4VZap5faODTirCs",
    "publishedVersion": 0,
    "forkFrom": "-",
    "isSpam": 0,
    "version": 1,
    "parentVersion": -1,
    "echartsVersion": "4.9.0",
    "versionCreateTime": "2021-07-30T01:12:59.000Z",
    "html": "",
    "externalScripts": "/dep/echarts/map/js/china.js",
    "updaterUID": "obd-oNxO_0pSiX4Qhzuy4VZap5faODTirCs",
    "theme": "",
    "layout": "",
    "viewCount": 0,
    "userName": "梦***呢",
    "commentCount": 0,
    "starCount": 1,
    "isStared": 0,
    "thumbnailURL": "https://www.makeapie.com/ecg-storage/ec_gallery_thumbnail/x2yNAWcnLq.png?v=1627607579623",
    "isCustomThumbnail": 0,
    "builtinTags": [
        "category-work",
        "grid",
        "series-bar",
        "series-pictorialBar",
        "title",
        "tooltip"
    ],
    "customTags": [],
    "updaterUserName": "梦***呢"
}