{
    "cid": "x4PCyUoS3u",
    "authorUid": "bd-1007260984",
    "authorUserName": "语***e",
    "title": "河北省",
    "description": "",
    "latestVersion": 1,
    "alwaysLatest": 0,
    "createTime": "2021-07-28T10:07:23.000Z",
    "lastUpdateTime": "2021-07-28T10:07:23.000Z",
    "auth": 2,
    "uid": "bd-1007260984",
    "publishedVersion": 0,
    "forkFrom": "-",
    "isSpam": 0,
    "version": 1,
    "parentVersion": -1,
    "echartsVersion": "4.9.0",
    "versionCreateTime": "2021-07-28T10:07:23.000Z",
    "html": "",
    "externalScripts": "",
    "updaterUID": "bd-1007260984",
    "theme": "",
    "layout": "",
    "viewCount": 0,
    "userName": "语***e",
    "commentCount": 0,
    "starCount": 2,
    "isStared": 0,
    "thumbnailURL": "https://www.makeapie.com/ecg-storage/ec_gallery_thumbnail/x4PCyUoS3u.png?v=1627466843765",
    "isCustomThumbnail": 0,
    "builtinTags": [
        "category-work",
        "geo",
        "series-effectScatter",
        "title"
    ],
    "customTags": [],
    "updaterUserName": "语***e"
}