{
    "cid": "xBWSqOkq67",
    "authorUid": "bd-1007260984",
    "authorUserName": "语***e",
    "title": "河北3D地图 geo3D",
    "description": "",
    "latestVersion": 5,
    "alwaysLatest": 0,
    "createTime": "2021-07-27T08:39:43.000Z",
    "lastUpdateTime": "2021-07-28T08:12:34.000Z",
    "auth": 2,
    "uid": "bd-1007260984",
    "publishedVersion": 0,
    "forkFrom": "-",
    "isSpam": 0,
    "version": 5,
    "parentVersion": 4,
    "echartsVersion": "4.9.0",
    "versionCreateTime": "2021-07-28T08:12:34.000Z",
    "html": "",
    "externalScripts": "https://echarts.baidu.com/resource/echarts-gl-latest/dist/echarts-gl.min.js",
    "updaterUID": "bd-1007260984",
    "theme": "",
    "layout": "",
    "viewCount": 0,
    "userName": "语***e",
    "commentCount": 0,
    "starCount": 1,
    "isStared": 0,
    "thumbnailURL": "https://www.makeapie.com/ecg-storage/ec_gallery_thumbnail/xBWSqOkq67.png?v=1627375183463",
    "isCustomThumbnail": 1,
    "builtinTags": [
        "category-work",
        "geo3D"
    ],
    "customTags": [
        "3D",
        "3D地图",
        "geo3D",
        "河北"
    ],
    "updaterUserName": "语***e"
}