{
    "cid": "xMyaPgqXq4",
    "authorUid": "obd-oDAQ2PL5d7q0TD1qKELd7wJIafQ4d1k",
    "authorUserName": "文***1",
    "title": "阈值线",
    "description": "",
    "latestVersion": 1,
    "alwaysLatest": 0,
    "createTime": "2021-07-28T08:42:20.000Z",
    "lastUpdateTime": "2021-07-28T08:42:20.000Z",
    "auth": 2,
    "uid": "obd-oDAQ2PL5d7q0TD1qKELd7wJIafQ4d1k",
    "publishedVersion": 0,
    "forkFrom": "-",
    "isSpam": 0,
    "version": 1,
    "parentVersion": -1,
    "echartsVersion": "5.1.2",
    "versionCreateTime": "2021-07-28T08:42:20.000Z",
    "html": "",
    "externalScripts": "",
    "updaterUID": "obd-oDAQ2PL5d7q0TD1qKELd7wJIafQ4d1k",
    "theme": "",
    "layout": "",
    "viewCount": 0,
    "userName": "文***1",
    "commentCount": 0,
    "starCount": 0,
    "isStared": 0,
    "thumbnailURL": "https://www.makeapie.com/ecg-storage/ec_gallery_thumbnail/xMyaPgqXq4.png?v=1627461740293",
    "isCustomThumbnail": 0,
    "builtinTags": [
        "category-work",
        "grid",
        "legend",
        "markLine",
        "series-line",
        "tooltip"
    ],
    "customTags": [],
    "updaterUserName": "文***1"
}