{
    "cid": "xo1jYugQIo",
    "authorUid": "bd-1007260984",
    "authorUserName": "语***e",
    "title": "河北地图",
    "description": "",
    "latestVersion": 2,
    "alwaysLatest": 0,
    "createTime": "2021-07-29T07:39:46.000Z",
    "lastUpdateTime": "2021-07-29T07:57:09.000Z",
    "auth": 2,
    "uid": "bd-1007260984",
    "publishedVersion": 0,
    "forkFrom": "-",
    "isSpam": 0,
    "version": 2,
    "parentVersion": 1,
    "echartsVersion": "4.9.0",
    "versionCreateTime": "2021-07-29T07:57:09.000Z",
    "html": "",
    "externalScripts": "https://cdn.jsdelivr.net/gh/SHJ33/EchartsMapJson@master/json/province/hebei.json",
    "updaterUID": "bd-1007260984",
    "theme": "",
    "layout": "",
    "viewCount": 0,
    "userName": "语***e",
    "commentCount": 0,
    "starCount": 4,
    "isStared": 0,
    "thumbnailURL": "https://www.makeapie.com/ecg-storage/ec_gallery_thumbnail/xo1jYugQIo.png?v=1627545429466",
    "isCustomThumbnail": 0,
    "builtinTags": [
        "category-work",
        "geo",
        "series-effectScatter"
    ],
    "customTags": [],
    "updaterUserName": "语***e"
}