{
    "cid": "xROZffWV2j",
    "authorUid": "obd-olLAU1BTSerG8y0U7GNm2DkGxr9dK0e",
    "authorUserName": "曹***灰",
    "title": "柱状图-差值",
    "description": "",
    "latestVersion": 1,
    "alwaysLatest": 0,
    "createTime": "2021-07-27T08:46:29.000Z",
    "lastUpdateTime": "2021-07-27T08:46:29.000Z",
    "auth": 2,
    "uid": "obd-olLAU1BTSerG8y0U7GNm2DkGxr9dK0e",
    "publishedVersion": 0,
    "forkFrom": "-",
    "isSpam": 0,
    "version": 1,
    "parentVersion": -1,
    "echartsVersion": "5.1.2",
    "versionCreateTime": "2021-07-27T08:46:29.000Z",
    "html": "",
    "externalScripts": "",
    "updaterUID": "obd-olLAU1BTSerG8y0U7GNm2DkGxr9dK0e",
    "theme": "dark",
    "layout": "",
    "viewCount": 0,
    "userName": "曹***灰",
    "commentCount": 0,
    "starCount": 0,
    "isStared": 0,
    "thumbnailURL": "https://www.makeapie.com/ecg-storage/ec_gallery_thumbnail/xROZffWV2j.png?v=1627375590129",
    "isCustomThumbnail": 0,
    "builtinTags": [
        "category-work",
        "dataset",
        "grid",
        "legend",
        "series-bar",
        "tooltip"
    ],
    "customTags": [],
    "updaterUserName": "曹***灰"
}