{
    "cid": "xs-304xxKH",
    "authorUid": "obd-oCTnGnrJQoxYAJwb1AL6wlwFSXQzU31",
    "authorUserName": "浣***e",
    "title": "风级风向分布图",
    "description": "",
    "latestVersion": 1,
    "alwaysLatest": 0,
    "createTime": "2021-07-27T09:10:26.000Z",
    "lastUpdateTime": "2021-07-27T09:10:26.000Z",
    "auth": 2,
    "uid": "obd-oCTnGnrJQoxYAJwb1AL6wlwFSXQzU31",
    "publishedVersion": 0,
    "forkFrom": "-",
    "isSpam": 0,
    "version": 1,
    "parentVersion": -1,
    "echartsVersion": "5.1.2",
    "versionCreateTime": "2021-07-27T09:10:26.000Z",
    "html": "",
    "externalScripts": "",
    "updaterUID": "obd-oCTnGnrJQoxYAJwb1AL6wlwFSXQzU31",
    "theme": "",
    "layout": "",
    "viewCount": 0,
    "userName": "浣***e",
    "commentCount": 0,
    "starCount": 3,
    "isStared": 0,
    "thumbnailURL": "https://www.makeapie.com/ecg-storage/ec_gallery_thumbnail/xs-304xxKH.png?v=1627377026446",
    "isCustomThumbnail": 0,
    "builtinTags": [
        "category-work",
        "legend",
        "polar",
        "series-bar"
    ],
    "customTags": [],
    "updaterUserName": "浣***e"
}