{
    "cid": "xUGmPNuT59",
    "authorUid": "obd-oMLb5msA439bJGSC6grvaJuiu7eiK2I",
    "authorUserName": "l***心",
    "title": "条形进度条上侧展示名称",
    "description": "上侧展示名称，分别定义每个柱形颜色，分隔型柱状图",
    "latestVersion": 3,
    "alwaysLatest": 0,
    "createTime": "2021-07-29T03:09:09.000Z",
    "lastUpdateTime": "2021-07-30T09:18:53.000Z",
    "auth": 2,
    "uid": "obd-oMLb5msA439bJGSC6grvaJuiu7eiK2I",
    "publishedVersion": 0,
    "forkFrom": "-",
    "isSpam": 0,
    "version": 3,
    "parentVersion": 2,
    "echartsVersion": "5.1.2",
    "versionCreateTime": "2021-07-30T09:18:53.000Z",
    "html": "",
    "externalScripts": "",
    "updaterUID": "obd-oMLb5msA439bJGSC6grvaJuiu7eiK2I",
    "theme": "",
    "layout": "",
    "viewCount": 0,
    "userName": "l***心",
    "commentCount": 0,
    "starCount": 1,
    "isStared": 0,
    "thumbnailURL": "https://www.makeapie.com/ecg-storage/ec_gallery_thumbnail/xUGmPNuT59.png?v=1627636733297",
    "isCustomThumbnail": 0,
    "builtinTags": [
        "category-work",
        "grid",
        "series-bar",
        "series-pictorialBar"
    ],
    "customTags": [],
    "updaterUserName": "l***心"
}