{
    "cid": "x-yyG8TklM",
    "authorUid": "bd-1413186747",
    "authorUserName": "Eden007qin",
    "title": "Awesome Chart",
    "description": "lines",
    "latestVersion": 1,
    "alwaysLatest": 1,
    "createTime": "2019-02-22T08:27:52.000Z",
    "lastUpdateTime": "2019-02-22T08:27:52.000Z",
    "auth": 2,
    "uid": "bd-1413186747",
    "publishedVersion": 0,
    "forkFrom": "-",
    "isSpam": 0,
    "version": 1,
    "parentVersion": -1,
    "echartsVersion": "4.2.1",
    "versionCreateTime": "2019-02-22T08:27:52.000Z",
    "html": "",
    "externalScripts": "",
    "updaterUID": "bd-1413186747",
    "theme": "",
    "layout": "",
    "viewCount": 304,
    "userName": "Eden007qin",
    "commentCount": 0,
    "starCount": 2,
    "isStared": 0,
    "thumbnailURL": "https://www.makeapie.com/ecg-storage/ec_gallery_thumbnail/x-yyG8TklM.png?v=1550824072904",
    "isCustomThumbnail": 0,
    "builtinTags": [
        "category-work",
        "grid",
        "series-line",
        "title"
    ],
    "customTags": [],
    "updaterUserName": "Eden007qin"
}