{
    "cid": "x594M7S7Ev",
    "authorUid": "bd-2105958829",
    "authorUserName": "安***子",
    "title": "环形Map",
    "description": "",
    "latestVersion": 2,
    "alwaysLatest": 1,
    "createTime": "2019-02-22T06:04:12.000Z",
    "lastUpdateTime": "2019-02-22T06:04:12.000Z",
    "auth": 2,
    "uid": "bd-2105958829",
    "publishedVersion": 0,
    "forkFrom": "-",
    "isSpam": 0,
    "version": 2,
    "parentVersion": 1,
    "echartsVersion": "4.2.1",
    "versionCreateTime": "2019-02-22T06:05:51.000Z",
    "html": "",
    "externalScripts": "",
    "updaterUID": "bd-2105958829",
    "theme": "",
    "layout": "",
    "viewCount": 1528,
    "userName": "安***子",
    "commentCount": 0,
    "starCount": 8,
    "isStared": 0,
    "thumbnailURL": "https://www.makeapie.com/ecg-storage/ec_gallery_thumbnail/x594M7S7Ev.png?v=1550815551315",
    "isCustomThumbnail": 0,
    "builtinTags": [
        "category-work",
        "series-pie",
        "tooltip",
        "visualMap"
    ],
    "customTags": [],
    "updaterUserName": "安***子"
}