{
    "cid": "x9ccAio6wM",
    "authorUid": "bd-3951734745",
    "authorUserName": "花***4",
    "title": "95种",
    "description": "数据处理回执饼图",
    "latestVersion": 1,
    "alwaysLatest": 1,
    "createTime": "2019-02-19T01:34:57.000Z",
    "lastUpdateTime": "2019-02-19T01:34:57.000Z",
    "auth": 2,
    "uid": "bd-3951734745",
    "publishedVersion": 0,
    "forkFrom": "-",
    "isSpam": 0,
    "version": 1,
    "parentVersion": -1,
    "echartsVersion": "4.2.1",
    "versionCreateTime": "2019-02-19T01:34:57.000Z",
    "html": "",
    "externalScripts": "",
    "updaterUID": "bd-3951734745",
    "theme": "",
    "layout": "",
    "viewCount": 743,
    "userName": "花***4",
    "commentCount": 0,
    "starCount": 1,
    "isStared": 0,
    "thumbnailURL": "https://www.makeapie.com/ecg-storage/ec_gallery_thumbnail/x9ccAio6wM.png?v=1550540098095",
    "isCustomThumbnail": 0,
    "builtinTags": [
        "category-work",
        "legend",
        "series-pie",
        "title",
        "tooltip"
    ],
    "customTags": [],
    "updaterUserName": "花***4"
}