{
    "cid": "xdOeFN_9IB",
    "authorUid": "bd-190462113",
    "authorUserName": "185*****887",
    "title": "利润池",
    "description": "利润池基本出行",
    "latestVersion": 3,
    "alwaysLatest": 1,
    "createTime": "2019-02-22T09:16:05.000Z",
    "lastUpdateTime": "2019-02-22T09:16:05.000Z",
    "auth": 2,
    "uid": "bd-190462113",
    "publishedVersion": 0,
    "forkFrom": "-",
    "isSpam": 0,
    "version": 3,
    "parentVersion": 2,
    "echartsVersion": "4.2.1",
    "versionCreateTime": "2019-02-25T06:11:34.000Z",
    "html": "",
    "externalScripts": "https://echarts.baidu.com/resource/echarts-gl-latest/dist/echarts-gl.min.js,/dep/echarts/map/js/china.js",
    "updaterUID": "bd-190462113",
    "theme": "infographic",
    "layout": "",
    "viewCount": 37,
    "userName": "185*****887",
    "commentCount": 0,
    "starCount": 0,
    "isStared": 0,
    "thumbnailURL": "https://www.makeapie.com/ecg-storage/ec_gallery_thumbnail/xdOeFN_9IB.png?v=1551075094609",
    "isCustomThumbnail": 0,
    "builtinTags": [
        "category-work",
        "grid",
        "series-custom",
        "title",
        "tooltip"
    ],
    "customTags": [],
    "updaterUserName": "185*****887"
}