{
    "cid": "xDXeODvdfX",
    "authorUid": "bd-3054333982",
    "authorUserName": "b***2",
    "title": "多彩嵌套圆环",
    "description": "今日报警事件",
    "latestVersion": 4,
    "alwaysLatest": 1,
    "createTime": "2019-02-19T01:33:00.000Z",
    "lastUpdateTime": "2019-02-19T01:33:00.000Z",
    "auth": 2,
    "uid": "bd-3054333982",
    "publishedVersion": 0,
    "forkFrom": "-",
    "isSpam": 0,
    "version": 4,
    "parentVersion": 3,
    "echartsVersion": "4.2.1",
    "versionCreateTime": "2019-02-19T03:45:47.000Z",
    "html": "",
    "externalScripts": "",
    "updaterUID": "bd-3054333982",
    "theme": "",
    "layout": "",
    "viewCount": 224,
    "userName": "b***2",
    "commentCount": 0,
    "starCount": 2,
    "isStared": 0,
    "thumbnailURL": "https://www.makeapie.com/ecg-storage/ec_gallery_thumbnail/xDXeODvdfX.png?v=1550547948050",
    "isCustomThumbnail": 0,
    "builtinTags": [
        "category-work",
        "legend",
        "series-pie",
        "title",
        "tooltip"
    ],
    "customTags": [],
    "updaterUserName": "b***2"
}