{
    "cid": "xeV7smah2a",
    "authorUid": "bd-3793071787",
    "authorUserName": "二***弃",
    "title": "室内覆盖率(%)",
    "description": "鼠标移入自定义显示",
    "latestVersion": 1,
    "alwaysLatest": 1,
    "createTime": "2019-02-20T03:39:18.000Z",
    "lastUpdateTime": "2019-02-20T03:39:18.000Z",
    "auth": 1,
    "uid": "bd-3793071787",
    "publishedVersion": 0,
    "forkFrom": "-",
    "isSpam": 0,
    "version": 1,
    "parentVersion": -1,
    "echartsVersion": "4.2.1",
    "versionCreateTime": "2019-02-20T03:39:18.000Z",
    "html": "",
    "externalScripts": "",
    "updaterUID": "bd-3793071787",
    "theme": "",
    "layout": "",
    "viewCount": 31,
    "userName": "二***弃",
    "commentCount": 0,
    "starCount": 1,
    "isStared": 0,
    "thumbnailURL": "https://www.makeapie.com/ecg-storage/ec_gallery_thumbnail/xeV7smah2a.png?v=1550633958299",
    "isCustomThumbnail": 0,
    "builtinTags": [
        "category-work",
        "grid",
        "legend",
        "series-line",
        "title",
        "tooltip"
    ],
    "customTags": [],
    "updaterUserName": "二***弃"
}