{
    "cid": "xFr0igUJwS",
    "authorUid": "bd-134433512",
    "authorUserName": "安***D",
    "title": "排行榜-测试",
    "description": "",
    "latestVersion": 12,
    "alwaysLatest": 1,
    "createTime": "2019-02-18T07:12:55.000Z",
    "lastUpdateTime": "2019-02-18T07:12:55.000Z",
    "auth": 1,
    "uid": "bd-134433512",
    "publishedVersion": 0,
    "forkFrom": "-",
    "isSpam": 0,
    "version": 12,
    "parentVersion": 11,
    "echartsVersion": "4.4.0",
    "versionCreateTime": "2019-12-12T03:12:31.000Z",
    "html": "",
    "externalScripts": "",
    "updaterUID": "bd-2269702664",
    "theme": "",
    "layout": "",
    "viewCount": 5607,
    "userName": "安***D",
    "commentCount": 4,
    "starCount": 25,
    "isStared": 0,
    "thumbnailURL": "https://www.makeapie.com/ecg-storage/ec_gallery_thumbnail/xFr0igUJwS.png?v=1576120352117",
    "isCustomThumbnail": 0,
    "builtinTags": [
        "category-work",
        "grid",
        "series-bar",
        "timeline",
        "title"
    ],
    "customTags": [],
    "updaterUserName": "夏***夏"
}