{
    "cid": "xg4uXzMcgb",
    "authorUid": "bd-3634915921",
    "authorUserName": "黄***伦",
    "title": "柱状图（颜色渐变）",
    "description": "",
    "latestVersion": 1,
    "alwaysLatest": 1,
    "createTime": "2019-02-19T02:40:41.000Z",
    "lastUpdateTime": "2019-02-19T02:40:41.000Z",
    "auth": 2,
    "uid": "bd-3634915921",
    "publishedVersion": 0,
    "forkFrom": "-",
    "isSpam": 0,
    "version": 1,
    "parentVersion": -1,
    "echartsVersion": "4.2.1",
    "versionCreateTime": "2019-02-19T02:40:41.000Z",
    "html": "",
    "externalScripts": "",
    "updaterUID": "bd-3634915921",
    "theme": "",
    "layout": "",
    "viewCount": 59,
    "userName": "黄***伦",
    "commentCount": 0,
    "starCount": 0,
    "isStared": 0,
    "thumbnailURL": "https://www.makeapie.com/ecg-storage/ec_gallery_thumbnail/xg4uXzMcgb.png?v=1550544041147",
    "isCustomThumbnail": 0,
    "builtinTags": [
        "category-work",
        "grid",
        "series-bar",
        "tooltip"
    ],
    "customTags": [],
    "updaterUserName": "黄***伦"
}