{
    "cid": "xgdtRYDvLA",
    "authorUid": "bd-4135962908",
    "authorUserName": "飞龙之吻痕",
    "title": "服务导向图",
    "description": "服务客户   客户分布",
    "latestVersion": 1,
    "alwaysLatest": 1,
    "createTime": "2019-02-19T09:22:10.000Z",
    "lastUpdateTime": "2019-02-19T09:22:10.000Z",
    "auth": 2,
    "uid": "bd-4135962908",
    "publishedVersion": 0,
    "forkFrom": "-",
    "isSpam": 0,
    "version": 1,
    "parentVersion": -1,
    "echartsVersion": "4.2.1",
    "versionCreateTime": "2019-02-19T09:22:10.000Z",
    "html": "",
    "externalScripts": "",
    "updaterUID": "bd-4135962908",
    "theme": "",
    "layout": "",
    "viewCount": 854,
    "userName": "飞龙之吻痕",
    "commentCount": 0,
    "starCount": 1,
    "isStared": 0,
    "thumbnailURL": "https://www.makeapie.com/ecg-storage/ec_gallery_thumbnail/xgdtRYDvLA.png?v=1550568130144",
    "isCustomThumbnail": 0,
    "builtinTags": [
        "category-work",
        "series-graph",
        "title"
    ],
    "customTags": [],
    "updaterUserName": "飞龙之吻痕"
}