{
    "cid": "xgND0b8jFW",
    "authorUid": "bd-1194627706",
    "authorUserName": "星***夜",
    "title": "部队军衔人数分析",
    "description": "部队军衔人数分析",
    "latestVersion": 5,
    "alwaysLatest": 1,
    "createTime": "2019-02-17T05:48:39.000Z",
    "lastUpdateTime": "2019-02-17T05:48:39.000Z",
    "auth": 2,
    "uid": "bd-1194627706",
    "publishedVersion": 0,
    "forkFrom": "-",
    "isSpam": 0,
    "version": 5,
    "parentVersion": 4,
    "echartsVersion": "4.2.1",
    "versionCreateTime": "2019-02-17T06:47:23.000Z",
    "html": "",
    "externalScripts": "",
    "updaterUID": "bd-1194627706",
    "theme": "",
    "layout": "",
    "viewCount": 214,
    "userName": "星***夜",
    "commentCount": 0,
    "starCount": 2,
    "isStared": 0,
    "thumbnailURL": "https://www.makeapie.com/ecg-storage/ec_gallery_thumbnail/xgND0b8jFW.png?v=1550386043971",
    "isCustomThumbnail": 0,
    "builtinTags": [
        "category-work",
        "legend",
        "series-pie",
        "title",
        "tooltip"
    ],
    "customTags": [],
    "updaterUserName": "星***夜"
}