{
    "cid": "xIDDlHRfaX",
    "authorUid": "bd-740494445",
    "authorUserName": "I***E",
    "title": "南丁格尔玫瑰图--PieHalfRose",
    "description": "",
    "latestVersion": 3,
    "alwaysLatest": 1,
    "createTime": "2019-02-20T05:54:06.000Z",
    "lastUpdateTime": "2019-02-20T05:54:06.000Z",
    "auth": 2,
    "uid": "bd-740494445",
    "publishedVersion": 0,
    "forkFrom": "-",
    "isSpam": 0,
    "version": 3,
    "parentVersion": 2,
    "echartsVersion": "4.2.1",
    "versionCreateTime": "2019-02-20T06:34:18.000Z",
    "html": "",
    "externalScripts": "",
    "updaterUID": "bd-740494445",
    "theme": "",
    "layout": "",
    "viewCount": 49,
    "userName": "I***E",
    "commentCount": 0,
    "starCount": 0,
    "isStared": 0,
    "thumbnailURL": "https://www.makeapie.com/ecg-storage/ec_gallery_thumbnail/xIDDlHRfaX.png?v=1550644458940",
    "isCustomThumbnail": 0,
    "builtinTags": [
        "category-work",
        "series-pie",
        "toolbox",
        "tooltip"
    ],
    "customTags": [],
    "updaterUserName": "I***E"
}