{
    "cid": "xiM1hR2Nu4",
    "authorUid": "bd-4129269411",
    "authorUserName": "1***9",
    "title": "双tooltip的type的想法",
    "description": "移动的时候type是line，然后点击的时候加上shadow,移开的话新的显示line旧的shadow照旧存在，直到再次点击",
    "latestVersion": 2,
    "alwaysLatest": 1,
    "createTime": "2019-02-20T01:39:45.000Z",
    "lastUpdateTime": "2019-02-20T01:39:45.000Z",
    "auth": 2,
    "uid": "bd-4129269411",
    "publishedVersion": 0,
    "forkFrom": "-",
    "isSpam": 0,
    "version": 2,
    "parentVersion": 1,
    "echartsVersion": "4.2.1",
    "versionCreateTime": "2019-02-20T01:42:47.000Z",
    "html": "",
    "externalScripts": "",
    "updaterUID": "bd-4129269411",
    "theme": "",
    "layout": "",
    "viewCount": 87,
    "userName": "1***9",
    "commentCount": 0,
    "starCount": 0,
    "isStared": 0,
    "thumbnailURL": "https://www.makeapie.com/ecg-storage/ec_gallery_thumbnail/xiM1hR2Nu4.png?v=1550626967746",
    "isCustomThumbnail": 0,
    "builtinTags": [
        "category-work",
        "grid",
        "legend",
        "series-bar",
        "title",
        "tooltip"
    ],
    "customTags": [],
    "updaterUserName": "1***9"
}