{
    "cid": "xMYCqsVPW0",
    "authorUid": "bd-1980176336",
    "authorUserName": "明***月",
    "title": "技术功效图-PCIE",
    "description": "",
    "latestVersion": 3,
    "alwaysLatest": 1,
    "createTime": "2019-02-18T03:32:12.000Z",
    "lastUpdateTime": "2019-02-18T03:32:12.000Z",
    "auth": 2,
    "uid": "bd-1980176336",
    "publishedVersion": 0,
    "forkFrom": "-",
    "isSpam": 0,
    "version": 3,
    "parentVersion": 2,
    "echartsVersion": "4.2.1",
    "versionCreateTime": "2019-02-19T08:27:14.000Z",
    "html": "",
    "externalScripts": "",
    "updaterUID": "bd-1980176336",
    "theme": "infographic",
    "layout": "",
    "viewCount": 548,
    "userName": "明***月",
    "commentCount": 0,
    "starCount": 3,
    "isStared": 0,
    "thumbnailURL": "https://www.makeapie.com/ecg-storage/ec_gallery_thumbnail/xMYCqsVPW0.png?v=1550564834976",
    "isCustomThumbnail": 0,
    "builtinTags": [
        "category-work",
        "grid",
        "series-scatter",
        "title",
        "toolbox",
        "tooltip"
    ],
    "customTags": [],
    "updaterUserName": "明***月"
}