{
    "cid": "xOlJINOK5-",
    "authorUid": "bd-3225283816",
    "authorUserName": "啸***y",
    "title": "四环仪表图",
    "description": "该作品采用四个仪表,能测试四种不同的种类",
    "latestVersion": 1,
    "alwaysLatest": 1,
    "createTime": "2019-02-20T07:24:19.000Z",
    "lastUpdateTime": "2019-02-20T07:24:19.000Z",
    "auth": 2,
    "uid": "bd-3225283816",
    "publishedVersion": 0,
    "forkFrom": "-",
    "isSpam": 0,
    "version": 1,
    "parentVersion": -1,
    "echartsVersion": "4.2.1",
    "versionCreateTime": "2019-02-20T07:24:19.000Z",
    "html": "",
    "externalScripts": "",
    "updaterUID": "bd-3225283816",
    "theme": "",
    "layout": "",
    "viewCount": 4784,
    "userName": "啸***y",
    "commentCount": 0,
    "starCount": 18,
    "isStared": 0,
    "thumbnailURL": "https://www.makeapie.com/ecg-storage/ec_gallery_thumbnail/xOlJINOK5-.png?v=1550647460105",
    "isCustomThumbnail": 0,
    "builtinTags": [
        "category-work",
        "series-gauge"
    ],
    "customTags": [],
    "updaterUserName": "啸***y"
}