{
    "cid": "xVhlakUlDv",
    "authorUid": "bd-2469886102",
    "authorUserName": "芊***8",
    "title": "部门关系",
    "description": "",
    "latestVersion": 2,
    "alwaysLatest": 1,
    "createTime": "2019-02-19T03:17:45.000Z",
    "lastUpdateTime": "2019-02-19T03:17:45.000Z",
    "auth": 1,
    "uid": "bd-2469886102",
    "publishedVersion": 0,
    "forkFrom": "-",
    "isSpam": 0,
    "version": 2,
    "parentVersion": 1,
    "echartsVersion": "4.2.1",
    "versionCreateTime": "2019-03-15T08:13:13.000Z",
    "html": "",
    "externalScripts": "",
    "updaterUID": "bd-1394274129",
    "theme": "",
    "layout": "",
    "viewCount": 827,
    "userName": "芊***8",
    "commentCount": 0,
    "starCount": 1,
    "isStared": 0,
    "thumbnailURL": "https://www.makeapie.com/ecg-storage/ec_gallery_thumbnail/xVhlakUlDv.png?v=1552637594136",
    "isCustomThumbnail": 0,
    "builtinTags": [
        "category-work",
        "legend",
        "series-graph",
        "tooltip"
    ],
    "customTags": [],
    "updaterUserName": "zbb1991123"
}