{
    "cid": "xWXw-JGXkz",
    "authorUid": "bd-2302755999",
    "authorUserName": "159*****209",
    "title": "tree环",
    "description": "tree环",
    "latestVersion": 1,
    "alwaysLatest": 1,
    "createTime": "2019-02-19T09:38:32.000Z",
    "lastUpdateTime": "2019-02-19T09:38:32.000Z",
    "auth": 2,
    "uid": "bd-2302755999",
    "publishedVersion": 0,
    "forkFrom": "-",
    "isSpam": 0,
    "version": 1,
    "parentVersion": -1,
    "echartsVersion": "4.2.1",
    "versionCreateTime": "2019-02-19T09:38:32.000Z",
    "html": "",
    "externalScripts": "",
    "updaterUID": "bd-2302755999",
    "theme": "",
    "layout": "",
    "viewCount": 83,
    "userName": "159*****209",
    "commentCount": 0,
    "starCount": 0,
    "isStared": 0,
    "thumbnailURL": "https://www.makeapie.com/ecg-storage/ec_gallery_thumbnail/xWXw-JGXkz.png?v=1550569112313",
    "isCustomThumbnail": 0,
    "builtinTags": [
        "category-work",
        "series-sunburst",
        "title",
        "tooltip"
    ],
    "customTags": [],
    "updaterUserName": "159*****209"
}