{
    "cid": "xxGQCSaCN4",
    "authorUid": "bd-3951734745",
    "authorUserName": "花***4",
    "title": "处理柱状图数据渲染",
    "description": "",
    "latestVersion": 1,
    "alwaysLatest": 1,
    "createTime": "2019-02-15T14:34:43.000Z",
    "lastUpdateTime": "2019-02-15T14:34:43.000Z",
    "auth": 2,
    "uid": "bd-3951734745",
    "publishedVersion": 0,
    "forkFrom": "-",
    "isSpam": 0,
    "version": 1,
    "parentVersion": -1,
    "echartsVersion": "4.2.1",
    "versionCreateTime": "2019-02-15T14:34:43.000Z",
    "html": "",
    "externalScripts": "",
    "updaterUID": "bd-3951734745",
    "theme": "",
    "layout": "",
    "viewCount": 43,
    "userName": "花***4",
    "commentCount": 0,
    "starCount": 0,
    "isStared": 0,
    "thumbnailURL": "https://www.makeapie.com/ecg-storage/ec_gallery_thumbnail/xxGQCSaCN4.png?v=1550241284106",
    "isCustomThumbnail": 0,
    "builtinTags": [
        "category-work",
        "grid",
        "series-bar",
        "tooltip"
    ],
    "customTags": [],
    "updaterUserName": "花***4"
}