{
    "cid": "x9y3Sf5wBZ",
    "authorUid": "obd-oA55SP5RtL-Zs0CVhRRqu8sr8qTfD7r",
    "authorUserName": "是***爷",
    "title": "横向柱状堆叠图",
    "description": "",
    "latestVersion": 1,
    "alwaysLatest": 0,
    "createTime": "2021-10-19T10:40:12.000Z",
    "lastUpdateTime": "2021-10-19T10:40:12.000Z",
    "auth": 2,
    "uid": "obd-oA55SP5RtL-Zs0CVhRRqu8sr8qTfD7r",
    "publishedVersion": 0,
    "forkFrom": "-",
    "isSpam": 0,
    "version": 1,
    "parentVersion": -1,
    "echartsVersion": "5.2.1",
    "versionCreateTime": "2021-10-19T10:40:12.000Z",
    "html": "",
    "externalScripts": "",
    "updaterUID": "obd-oA55SP5RtL-Zs0CVhRRqu8sr8qTfD7r",
    "theme": "",
    "layout": "",
    "viewCount": 0,
    "userName": "是***爷",
    "commentCount": 0,
    "starCount": 1,
    "isStared": 0,
    "thumbnailURL": "https://www.makeapie.com/ecg-storage/ec_gallery_thumbnail/x9y3Sf5wBZ.png?v=1634640012185",
    "isCustomThumbnail": 0,
    "builtinTags": [
        "category-work",
        "grid",
        "legend",
        "series-bar"
    ],
    "customTags": [],
    "updaterUserName": "是***爷"
}