{
    "cid": "xeEI5O1UnQ",
    "authorUid": "bd-1531710809",
    "authorUserName": "y***o",
    "title": "超期事项",
    "description": "2",
    "latestVersion": 1,
    "alwaysLatest": 0,
    "createTime": "2021-10-20T03:21:00.000Z",
    "lastUpdateTime": "2021-10-20T03:21:00.000Z",
    "auth": 2,
    "uid": "bd-1531710809",
    "publishedVersion": 0,
    "forkFrom": "-",
    "isSpam": 0,
    "version": 1,
    "parentVersion": -1,
    "echartsVersion": "5.2.1",
    "versionCreateTime": "2021-10-20T03:21:00.000Z",
    "html": "",
    "externalScripts": "",
    "updaterUID": "bd-1531710809",
    "theme": "",
    "layout": "",
    "viewCount": 0,
    "userName": "y***o",
    "commentCount": 0,
    "starCount": 0,
    "isStared": 0,
    "thumbnailURL": "https://www.makeapie.com/ecg-storage/ec_gallery_thumbnail/xeEI5O1UnQ.png?v=1634700060701",
    "isCustomThumbnail": 0,
    "builtinTags": [
        "category-work",
        "grid",
        "legend",
        "series-pie",
        "title",
        "tooltip"
    ],
    "customTags": [],
    "updaterUserName": "y***o"
}