{
    "cid": "xQnLI49AbI",
    "authorUid": "obd-oPpylKg39e7drdFEglnKT-yLcUOyo9J",
    "authorUserName": "星***子",
    "title": "双坐标柱状折线图",
    "description": "",
    "latestVersion": 3,
    "alwaysLatest": 0,
    "createTime": "2021-10-19T10:30:34.000Z",
    "lastUpdateTime": "2021-10-19T11:02:10.000Z",
    "auth": 2,
    "uid": "obd-oPpylKg39e7drdFEglnKT-yLcUOyo9J",
    "publishedVersion": 0,
    "forkFrom": "-",
    "isSpam": 0,
    "version": 3,
    "parentVersion": 2,
    "echartsVersion": "5.2.1",
    "versionCreateTime": "2021-10-19T11:02:10.000Z",
    "html": "",
    "externalScripts": "",
    "updaterUID": "obd-oPpylKg39e7drdFEglnKT-yLcUOyo9J",
    "theme": "",
    "layout": "",
    "viewCount": 0,
    "userName": "星***子",
    "commentCount": 0,
    "starCount": 10,
    "isStared": 0,
    "thumbnailURL": "https://www.makeapie.com/ecg-storage/ec_gallery_thumbnail/xQnLI49AbI.png?v=1634641330907",
    "isCustomThumbnail": 0,
    "builtinTags": [
        "category-work",
        "grid",
        "legend",
        "series-bar",
        "series-line",
        "tooltip"
    ],
    "customTags": [],
    "updaterUserName": "星***子"
}