{
    "cid": "xSJb9a-pjk",
    "authorUid": "obd-oD-aKWDdffoVmUzOJRBfqsrRMpNlo1W",
    "authorUserName": "奈***h",
    "title": "双柱折线图",
    "description": "",
    "latestVersion": 1,
    "alwaysLatest": 0,
    "createTime": "2021-10-19T05:50:50.000Z",
    "lastUpdateTime": "2021-10-19T05:50:50.000Z",
    "auth": 1,
    "uid": "obd-oD-aKWDdffoVmUzOJRBfqsrRMpNlo1W",
    "publishedVersion": 0,
    "forkFrom": "-",
    "isSpam": 0,
    "version": 1,
    "parentVersion": -1,
    "echartsVersion": "5.2.1",
    "versionCreateTime": "2021-10-19T05:50:50.000Z",
    "html": "",
    "externalScripts": "",
    "updaterUID": "obd-oD-aKWDdffoVmUzOJRBfqsrRMpNlo1W",
    "theme": "",
    "layout": "",
    "viewCount": 0,
    "userName": "奈***h",
    "commentCount": 0,
    "starCount": 2,
    "isStared": 0,
    "thumbnailURL": "https://www.makeapie.com/ecg-storage/ec_gallery_thumbnail/xSJb9a-pjk.png?v=1634622650721",
    "isCustomThumbnail": 0,
    "builtinTags": [
        "category-work",
        "grid",
        "legend",
        "series-bar",
        "series-line",
        "tooltip"
    ],
    "customTags": [],
    "updaterUserName": "奈***h"
}