{
    "cid": "xU0gv4urue",
    "authorUid": "obd-oj1TdsM_DNBP9syEyw_Nra3U7wgdDDP",
    "authorUserName": "l***啊",
    "title": "饼图",
    "description": "",
    "latestVersion": 1,
    "alwaysLatest": 0,
    "createTime": "2021-10-19T08:34:22.000Z",
    "lastUpdateTime": "2021-10-19T08:34:22.000Z",
    "auth": 2,
    "uid": "obd-oj1TdsM_DNBP9syEyw_Nra3U7wgdDDP",
    "publishedVersion": 0,
    "forkFrom": "-",
    "isSpam": 0,
    "version": 1,
    "parentVersion": -1,
    "echartsVersion": "5.2.1",
    "versionCreateTime": "2021-10-19T08:34:22.000Z",
    "html": "",
    "externalScripts": "",
    "updaterUID": "obd-oj1TdsM_DNBP9syEyw_Nra3U7wgdDDP",
    "theme": "",
    "layout": "",
    "viewCount": 0,
    "userName": "l***啊",
    "commentCount": 0,
    "starCount": 9,
    "isStared": 0,
    "thumbnailURL": "https://www.makeapie.com/ecg-storage/ec_gallery_thumbnail/xU0gv4urue.png?v=1634632463205",
    "isCustomThumbnail": 0,
    "builtinTags": [
        "category-work",
        "polar",
        "series-pie"
    ],
    "customTags": [],
    "updaterUserName": "l***啊"
}