{
    "cid": "xVo-VuQrtp",
    "authorUid": "obd-oNtOhMOh-wjzpFYZvKrQWoZxRLjrnCS",
    "authorUserName": "f***6",
    "title": "中国省-市 二级下钻 修改版本",
    "description": "",
    "latestVersion": 2,
    "alwaysLatest": 0,
    "createTime": "2021-10-20T01:24:16.000Z",
    "lastUpdateTime": "2021-10-20T05:53:55.000Z",
    "auth": 1,
    "uid": "obd-oNtOhMOh-wjzpFYZvKrQWoZxRLjrnCS",
    "publishedVersion": 0,
    "forkFrom": "-",
    "isSpam": 0,
    "version": 2,
    "parentVersion": 1,
    "echartsVersion": "4.8.0",
    "versionCreateTime": "2021-10-20T05:53:55.000Z",
    "html": "",
    "externalScripts": "https://echarts.baidu.com/resource/echarts-liquidfill-latest/dist/echarts-liquidfill.min.js",
    "updaterUID": "obd-oNtOhMOh-wjzpFYZvKrQWoZxRLjrnCS",
    "theme": "",
    "layout": "",
    "viewCount": 0,
    "userName": "f***6",
    "commentCount": 0,
    "starCount": 0,
    "isStared": 0,
    "thumbnailURL": "https://www.makeapie.com/ecg-storage/ec_gallery_thumbnail/xVo-VuQrtp.png?v=1634709235919",
    "isCustomThumbnail": 0,
    "builtinTags": [
        "category-work",
        "series-map",
        "title",
        "toolbox",
        "tooltip",
        "visualMap"
    ],
    "customTags": [],
    "updaterUserName": "f***6"
}