{
    "cid": "x09tdpn1UE",
    "authorUid": "obd-o-xzvMrIuCaVvugSm20HspSd2ZJq8AL",
    "authorUserName": "186*****564",
    "title": "采样间隔(s)",
    "description": "",
    "latestVersion": 2,
    "alwaysLatest": 0,
    "createTime": "2021-08-15T02:23:33.000Z",
    "lastUpdateTime": "2021-09-07T07:57:40.000Z",
    "auth": 1,
    "uid": "obd-o-xzvMrIuCaVvugSm20HspSd2ZJq8AL",
    "publishedVersion": 0,
    "forkFrom": "-",
    "isSpam": 0,
    "version": 2,
    "parentVersion": 1,
    "echartsVersion": "5.1.2",
    "versionCreateTime": "2021-09-07T07:57:40.000Z",
    "html": "",
    "externalScripts": "",
    "updaterUID": "obd-o-xzvMrIuCaVvugSm20HspSd2ZJq8AL",
    "theme": "",
    "layout": "",
    "viewCount": 0,
    "userName": "186*****564",
    "commentCount": 0,
    "starCount": 0,
    "isStared": 0,
    "thumbnailURL": "https://www.makeapie.com/ecg-storage/ec_gallery_thumbnail/x09tdpn1UE.png?v=1631001460345",
    "isCustomThumbnail": 0,
    "builtinTags": [
        "category-work",
        "dataset",
        "grid",
        "legend",
        "series-boxplot",
        "title",
        "toolbox",
        "tooltip"
    ],
    "customTags": [],
    "updaterUserName": "186*****564"
}