{
    "cid": "xe3E00Cz0P",
    "authorUid": "obd-oElg9JvMp45CdbzpDVq0iK_gqlJw-4s",
    "authorUserName": "b***0",
    "title": "改变legend图标以及样式",
    "description": "",
    "latestVersion": 2,
    "alwaysLatest": 0,
    "createTime": "2021-08-17T03:47:21.000Z",
    "lastUpdateTime": "2021-08-17T03:47:56.000Z",
    "auth": 2,
    "uid": "obd-oElg9JvMp45CdbzpDVq0iK_gqlJw-4s",
    "publishedVersion": 0,
    "forkFrom": "-",
    "isSpam": 0,
    "version": 2,
    "parentVersion": 1,
    "echartsVersion": "5.1.2",
    "versionCreateTime": "2021-08-17T03:47:56.000Z",
    "html": "",
    "externalScripts": "",
    "updaterUID": "obd-oElg9JvMp45CdbzpDVq0iK_gqlJw-4s",
    "theme": "",
    "layout": "",
    "viewCount": 0,
    "userName": "b***0",
    "commentCount": 0,
    "starCount": 0,
    "isStared": 0,
    "thumbnailURL": "https://www.makeapie.com/ecg-storage/ec_gallery_thumbnail/xe3E00Cz0P.png?v=1629172076228",
    "isCustomThumbnail": 0,
    "builtinTags": [
        "category-work",
        "legend",
        "series-pie",
        "tooltip"
    ],
    "customTags": [],
    "updaterUserName": "b***0"
}