{
    "cid": "xeE_dyld9y",
    "authorUid": "obd-oA11C4gw2lL-CVieg0ZWJ12-DRQFX7h",
    "authorUserName": "百度用户#0411936596",
    "title": "pieChart",
    "description": "",
    "latestVersion": 1,
    "alwaysLatest": 0,
    "createTime": "2021-08-16T08:32:56.000Z",
    "lastUpdateTime": "2021-08-16T08:32:56.000Z",
    "auth": 2,
    "uid": "obd-oA11C4gw2lL-CVieg0ZWJ12-DRQFX7h",
    "publishedVersion": 0,
    "forkFrom": "-",
    "isSpam": 0,
    "version": 1,
    "parentVersion": -1,
    "echartsVersion": "5.1.2",
    "versionCreateTime": "2021-08-16T08:32:56.000Z",
    "html": "",
    "externalScripts": "",
    "updaterUID": "obd-oA11C4gw2lL-CVieg0ZWJ12-DRQFX7h",
    "theme": "",
    "layout": "",
    "viewCount": 0,
    "userName": "百度用户#0411936596",
    "commentCount": 0,
    "starCount": 4,
    "isStared": 0,
    "thumbnailURL": "https://www.makeapie.com/ecg-storage/ec_gallery_thumbnail/xeE_dyld9y.png?v=1629102776578",
    "isCustomThumbnail": 0,
    "builtinTags": [
        "category-work",
        "series-pie",
        "title",
        "tooltip"
    ],
    "customTags": [],
    "updaterUserName": "百度用户#0411936596"
}