{
    "cid": "xEonvPcoS0",
    "authorUid": "bd-1291963670",
    "authorUserName": "7***6",
    "title": "引力散点图",
    "description": "",
    "latestVersion": 1,
    "alwaysLatest": 0,
    "createTime": "2021-08-17T08:17:46.000Z",
    "lastUpdateTime": "2021-08-17T08:17:46.000Z",
    "auth": 1,
    "uid": "bd-1291963670",
    "publishedVersion": 0,
    "forkFrom": "-",
    "isSpam": 0,
    "version": 1,
    "parentVersion": -1,
    "echartsVersion": "5.1.2",
    "versionCreateTime": "2021-08-17T08:17:46.000Z",
    "html": "",
    "externalScripts": "",
    "updaterUID": "bd-1291963670",
    "theme": "",
    "layout": "",
    "viewCount": 0,
    "userName": "7***6",
    "commentCount": 0,
    "starCount": 7,
    "isStared": 0,
    "thumbnailURL": "https://www.makeapie.com/ecg-storage/ec_gallery_thumbnail/xEonvPcoS0.png?v=1629188266295",
    "isCustomThumbnail": 0,
    "builtinTags": [
        "category-work",
        "series-graph",
        "tooltip"
    ],
    "customTags": [],
    "updaterUserName": "7***6"
}