{
    "cid": "xFFrnvMIbj",
    "authorUid": "obd-o25gdjGDZdA41bnhWgcbt8cYcm_quBD",
    "authorUserName": "a***代",
    "title": "自定义标线位置",
    "description": "",
    "latestVersion": 1,
    "alwaysLatest": 0,
    "createTime": "2021-08-16T03:41:05.000Z",
    "lastUpdateTime": "2021-08-16T03:41:05.000Z",
    "auth": 2,
    "uid": "obd-o25gdjGDZdA41bnhWgcbt8cYcm_quBD",
    "publishedVersion": 0,
    "forkFrom": "-",
    "isSpam": 0,
    "version": 1,
    "parentVersion": -1,
    "echartsVersion": "4.9.0",
    "versionCreateTime": "2021-08-16T03:41:05.000Z",
    "html": "",
    "externalScripts": "",
    "updaterUID": "obd-o25gdjGDZdA41bnhWgcbt8cYcm_quBD",
    "theme": "",
    "layout": "",
    "viewCount": 0,
    "userName": "a***代",
    "commentCount": 0,
    "starCount": 1,
    "isStared": 0,
    "thumbnailURL": "https://www.makeapie.com/ecg-storage/ec_gallery_thumbnail/xFFrnvMIbj.png?v=1629085265661",
    "isCustomThumbnail": 0,
    "builtinTags": [
        "category-work",
        "grid",
        "legend",
        "markLine",
        "series-pictorialBar",
        "tooltip"
    ],
    "customTags": [],
    "updaterUserName": "a***代"
}