{
    "cid": "xIe-VYyDNZ",
    "authorUid": "bd-1291963670",
    "authorUserName": "7***6",
    "title": "饼图",
    "description": "",
    "latestVersion": 2,
    "alwaysLatest": 0,
    "createTime": "2021-08-16T09:12:11.000Z",
    "lastUpdateTime": "2021-08-16T09:30:12.000Z",
    "auth": 1,
    "uid": "bd-1291963670",
    "publishedVersion": 0,
    "forkFrom": "-",
    "isSpam": 0,
    "version": 2,
    "parentVersion": 1,
    "echartsVersion": "5.1.2",
    "versionCreateTime": "2021-08-16T09:30:12.000Z",
    "html": "",
    "externalScripts": "",
    "updaterUID": "bd-1291963670",
    "theme": "",
    "layout": "",
    "viewCount": 0,
    "userName": "7***6",
    "commentCount": 0,
    "starCount": 3,
    "isStared": 0,
    "thumbnailURL": "https://www.makeapie.com/ecg-storage/ec_gallery_thumbnail/xIe-VYyDNZ.png?v=1629106212818",
    "isCustomThumbnail": 0,
    "builtinTags": [
        "category-work",
        "legend",
        "series-pie",
        "title"
    ],
    "customTags": [],
    "updaterUserName": "7***6"
}