{
    "cid": "xJbXZwdwjr",
    "authorUid": "obd-o25gdjGDZdA41bnhWgcbt8cYcm_quBD",
    "authorUserName": "a***代",
    "title": "立体柱状图加超标线",
    "description": "",
    "latestVersion": 1,
    "alwaysLatest": 0,
    "createTime": "2021-08-16T02:47:11.000Z",
    "lastUpdateTime": "2021-08-16T02:47:11.000Z",
    "auth": 2,
    "uid": "obd-o25gdjGDZdA41bnhWgcbt8cYcm_quBD",
    "publishedVersion": 0,
    "forkFrom": "-",
    "isSpam": 0,
    "version": 1,
    "parentVersion": -1,
    "echartsVersion": "4.9.0",
    "versionCreateTime": "2021-08-16T02:47:11.000Z",
    "html": "",
    "externalScripts": "",
    "updaterUID": "obd-o25gdjGDZdA41bnhWgcbt8cYcm_quBD",
    "theme": "",
    "layout": "",
    "viewCount": 0,
    "userName": "a***代",
    "commentCount": 0,
    "starCount": 1,
    "isStared": 0,
    "thumbnailURL": "https://www.makeapie.com/ecg-storage/ec_gallery_thumbnail/xJbXZwdwjr.png?v=1629082031572",
    "isCustomThumbnail": 0,
    "builtinTags": [
        "category-work",
        "grid",
        "legend",
        "markLine",
        "series-bar",
        "series-pictorialBar"
    ],
    "customTags": [],
    "updaterUserName": "a***代"
}