{
    "cid": "xkiGWGrx-9",
    "authorUid": "obd-olXpvt8s8qfNkuuaXMGtNrN2OBOuK0U",
    "authorUserName": "高***8",
    "title": "江苏省 - 兴化市",
    "description": "",
    "latestVersion": 1,
    "alwaysLatest": 0,
    "createTime": "2021-08-16T09:39:35.000Z",
    "lastUpdateTime": "2021-08-16T09:39:35.000Z",
    "auth": 2,
    "uid": "obd-olXpvt8s8qfNkuuaXMGtNrN2OBOuK0U",
    "publishedVersion": 0,
    "forkFrom": "-",
    "isSpam": 0,
    "version": 1,
    "parentVersion": -1,
    "echartsVersion": "5.1.2",
    "versionCreateTime": "2021-08-16T09:39:35.000Z",
    "html": "",
    "externalScripts": "",
    "updaterUID": "obd-olXpvt8s8qfNkuuaXMGtNrN2OBOuK0U",
    "theme": "",
    "layout": "",
    "viewCount": 0,
    "userName": "高***8",
    "commentCount": 0,
    "starCount": 0,
    "isStared": 0,
    "thumbnailURL": "https://www.makeapie.com/ecg-storage/ec_gallery_thumbnail/xkiGWGrx-9.png?v=1629106775429",
    "isCustomThumbnail": 0,
    "builtinTags": [
        "category-work",
        "geo",
        "series-effectScatter",
        "series-map",
        "series-scatter",
        "title"
    ],
    "customTags": [],
    "updaterUserName": "高***8"
}