{
    "cid": "xM9BqWGAZl",
    "authorUid": "bd-1291963670",
    "authorUserName": "7***6",
    "title": "摄像头统计-柱状图",
    "description": "",
    "latestVersion": 4,
    "alwaysLatest": 0,
    "createTime": "2021-08-16T08:20:11.000Z",
    "lastUpdateTime": "2021-11-18T01:42:33.000Z",
    "auth": 1,
    "uid": "bd-1291963670",
    "publishedVersion": 0,
    "forkFrom": "-",
    "isSpam": 0,
    "version": 4,
    "parentVersion": 3,
    "echartsVersion": "5.1.2",
    "versionCreateTime": "2021-11-18T01:42:33.000Z",
    "html": "",
    "externalScripts": "",
    "updaterUID": "obd-oDCQ7fqkN-sUAGlEQ498dBly2srdv1I",
    "theme": "",
    "layout": "",
    "viewCount": 0,
    "userName": "7***6",
    "commentCount": 0,
    "starCount": 7,
    "isStared": 0,
    "thumbnailURL": "https://www.makeapie.com/ecg-storage/ec_gallery_thumbnail/xM9BqWGAZl.png?v=1629102012122",
    "isCustomThumbnail": 1,
    "builtinTags": [
        "category-work",
        "grid",
        "series-bar",
        "series-pictorialBar",
        "title",
        "tooltip"
    ],
    "customTags": [],
    "updaterUserName": "福***0"
}