{
    "cid": "xQ3-r44Lv4",
    "authorUid": "obd-oP4yFspLjRVwrJMfdPnGV7KDfYDUc9Q",
    "authorUserName": "宁***群",
    "title": "Pie图-dataset-可切换绘制类型",
    "description": "Pie图-dataset传值-自定义可切换绘制类型按钮",
    "latestVersion": 1,
    "alwaysLatest": 0,
    "createTime": "2021-08-16T09:57:06.000Z",
    "lastUpdateTime": "2021-08-16T09:57:06.000Z",
    "auth": 2,
    "uid": "obd-oP4yFspLjRVwrJMfdPnGV7KDfYDUc9Q",
    "publishedVersion": 0,
    "forkFrom": "-",
    "isSpam": 0,
    "version": 1,
    "parentVersion": -1,
    "echartsVersion": "5.1.2",
    "versionCreateTime": "2021-08-16T09:57:06.000Z",
    "html": "",
    "externalScripts": "",
    "updaterUID": "obd-oP4yFspLjRVwrJMfdPnGV7KDfYDUc9Q",
    "theme": "",
    "layout": "",
    "viewCount": 0,
    "userName": "宁***群",
    "commentCount": 0,
    "starCount": 3,
    "isStared": 0,
    "thumbnailURL": "https://www.makeapie.com/ecg-storage/ec_gallery_thumbnail/xQ3-r44Lv4.png?v=1629107826953",
    "isCustomThumbnail": 0,
    "builtinTags": [
        "category-work",
        "dataset",
        "legend",
        "series-pie",
        "toolbox",
        "tooltip"
    ],
    "customTags": [],
    "updaterUserName": "宁***群"
}