{
    "cid": "xSqrNkf010",
    "authorUid": "obd-oA11C4gw2lL-CVieg0ZWJ12-DRQFX7h",
    "authorUserName": "百度用户#0411936596",
    "title": "山水油田上线",
    "description": "",
    "latestVersion": 1,
    "alwaysLatest": 0,
    "createTime": "2021-08-16T09:33:47.000Z",
    "lastUpdateTime": "2021-08-16T09:33:47.000Z",
    "auth": 2,
    "uid": "obd-oA11C4gw2lL-CVieg0ZWJ12-DRQFX7h",
    "publishedVersion": 0,
    "forkFrom": "-",
    "isSpam": 0,
    "version": 1,
    "parentVersion": -1,
    "echartsVersion": "5.1.2",
    "versionCreateTime": "2021-08-16T09:33:47.000Z",
    "html": "",
    "externalScripts": "",
    "updaterUID": "obd-oA11C4gw2lL-CVieg0ZWJ12-DRQFX7h",
    "theme": "",
    "layout": "",
    "viewCount": 0,
    "userName": "百度用户#0411936596",
    "commentCount": 0,
    "starCount": 1,
    "isStared": 0,
    "thumbnailURL": "https://www.makeapie.com/ecg-storage/ec_gallery_thumbnail/xSqrNkf010.png?v=1629106427900",
    "isCustomThumbnail": 0,
    "builtinTags": [
        "category-work",
        "grid",
        "legend",
        "series-line",
        "title",
        "tooltip"
    ],
    "customTags": [],
    "updaterUserName": "百度用户#0411936596"
}