{
    "cid": "xtsYC2dZiI",
    "authorUid": "obd-oFbxvYoSWxSLUyDt5qcvCYwk1vh505o",
    "authorUserName": "情***6",
    "title": "象形柱图+柱状背景",
    "description": "",
    "latestVersion": 1,
    "alwaysLatest": 0,
    "createTime": "2021-08-16T03:25:02.000Z",
    "lastUpdateTime": "2021-08-16T03:25:02.000Z",
    "auth": 2,
    "uid": "obd-oFbxvYoSWxSLUyDt5qcvCYwk1vh505o",
    "publishedVersion": 0,
    "forkFrom": "-",
    "isSpam": 0,
    "version": 1,
    "parentVersion": -1,
    "echartsVersion": "5.1.2",
    "versionCreateTime": "2021-08-16T03:25:02.000Z",
    "html": "",
    "externalScripts": "",
    "updaterUID": "obd-oFbxvYoSWxSLUyDt5qcvCYwk1vh505o",
    "theme": "dark",
    "layout": "",
    "viewCount": 0,
    "userName": "情***6",
    "commentCount": 0,
    "starCount": 4,
    "isStared": 0,
    "thumbnailURL": "https://www.makeapie.com/ecg-storage/ec_gallery_thumbnail/xtsYC2dZiI.png?v=1629084302607",
    "isCustomThumbnail": 0,
    "builtinTags": [
        "category-work",
        "grid",
        "series-bar",
        "series-pictorialBar",
        "tooltip"
    ],
    "customTags": [
        "bar",
        "pictorialBar"
    ],
    "updaterUserName": "情***6"
}