{
    "cid": "xYzOBJ8UzJ",
    "authorUid": "obd-ol7lKxK-eIyyttjOnmyLAeEw1yrmZ0F",
    "authorUserName": "s***a",
    "title": "0816_test",
    "description": "",
    "latestVersion": 27,
    "alwaysLatest": 0,
    "createTime": "2021-08-16T09:28:28.000Z",
    "lastUpdateTime": "2021-08-16T13:35:36.000Z",
    "auth": 2,
    "uid": "obd-ol7lKxK-eIyyttjOnmyLAeEw1yrmZ0F",
    "publishedVersion": 0,
    "forkFrom": "-",
    "isSpam": 0,
    "version": 27,
    "parentVersion": 26,
    "echartsVersion": "5.1.2",
    "versionCreateTime": "2021-08-16T13:35:36.000Z",
    "html": "",
    "externalScripts": "",
    "updaterUID": "obd-ol7lKxK-eIyyttjOnmyLAeEw1yrmZ0F",
    "theme": "",
    "layout": "",
    "viewCount": 0,
    "userName": "s***a",
    "commentCount": 0,
    "starCount": 0,
    "isStared": 0,
    "thumbnailURL": "https://www.makeapie.com/ecg-storage/ec_gallery_thumbnail/xYzOBJ8UzJ.png?v=1629113135676",
    "isCustomThumbnail": 0,
    "builtinTags": [
        "category-work",
        "grid",
        "series-bar",
        "title"
    ],
    "customTags": [],
    "updaterUserName": "s***a"
}