{
    "cid": "x2LxjbtMp",
    "authorUid": "bd-1743862202",
    "authorUserName": "185******99",
    "title": "柱状图",
    "description": "",
    "latestVersion": 1,
    "alwaysLatest": 1,
    "createTime": "2019-12-20T03:06:46.000Z",
    "lastUpdateTime": "2019-12-20T03:06:46.000Z",
    "auth": 2,
    "uid": "bd-1743862202",
    "publishedVersion": 0,
    "forkFrom": "-",
    "isSpam": 0,
    "version": 1,
    "parentVersion": -1,
    "echartsVersion": "4.4.0",
    "versionCreateTime": "2019-12-20T03:06:46.000Z",
    "html": "",
    "externalScripts": "",
    "updaterUID": "bd-1743862202",
    "theme": "",
    "layout": "",
    "viewCount": 277,
    "userName": "185******99",
    "commentCount": 0,
    "starCount": 2,
    "isStared": 0,
    "thumbnailURL": "https://www.makeapie.com/ecg-storage/ec_gallery_thumbnail/x2LxjbtMp.png?v=1576811206530",
    "isCustomThumbnail": 0,
    "builtinTags": [
        "category-work",
        "grid",
        "legend",
        "series-bar",
        "tooltip"
    ],
    "customTags": [],
    "updaterUserName": "185******99"
}