{
    "cid": "x69LInwsi",
    "authorUid": "bd-191893672",
    "authorUserName": "天***子",
    "title": "叠加柱状图",
    "description": "",
    "latestVersion": 8,
    "alwaysLatest": 1,
    "createTime": "2019-12-18T05:10:06.000Z",
    "lastUpdateTime": "2019-12-18T05:10:06.000Z",
    "auth": 2,
    "uid": "bd-191893672",
    "publishedVersion": 0,
    "forkFrom": "-",
    "isSpam": 0,
    "version": 8,
    "parentVersion": 6,
    "echartsVersion": "4.4.0",
    "versionCreateTime": "2019-12-18T05:54:13.000Z",
    "html": "",
    "externalScripts": "",
    "updaterUID": "bd-191893672",
    "theme": "",
    "layout": "",
    "viewCount": 274,
    "userName": "天***子",
    "commentCount": 0,
    "starCount": 2,
    "isStared": 0,
    "thumbnailURL": "https://www.makeapie.com/ecg-storage/ec_gallery_thumbnail/x69LInwsi.png?v=1576648453200",
    "isCustomThumbnail": 0,
    "builtinTags": [
        "category-work",
        "grid",
        "legend",
        "series-bar",
        "title",
        "tooltip"
    ],
    "customTags": [],
    "updaterUserName": "天***子"
}