{
    "cid": "x6b_CNqaj",
    "authorUid": "bd-900618179",
    "authorUserName": "御***r",
    "title": "数据分类统计情况",
    "description": "可以展示同一维度不同类型的数据，也可以展示多个维度的数据",
    "latestVersion": 1,
    "alwaysLatest": 1,
    "createTime": "2019-12-18T09:24:45.000Z",
    "lastUpdateTime": "2019-12-18T09:24:45.000Z",
    "auth": 2,
    "uid": "bd-900618179",
    "publishedVersion": 0,
    "forkFrom": "-",
    "isSpam": 0,
    "version": 1,
    "parentVersion": -1,
    "echartsVersion": "4.4.0",
    "versionCreateTime": "2019-12-18T09:24:45.000Z",
    "html": "",
    "externalScripts": "",
    "updaterUID": "bd-900618179",
    "theme": "dark",
    "layout": "",
    "viewCount": 1660,
    "userName": "御***r",
    "commentCount": 0,
    "starCount": 11,
    "isStared": 0,
    "thumbnailURL": "https://www.makeapie.com/ecg-storage/ec_gallery_thumbnail/x6b_CNqaj.png?v=1576661085539",
    "isCustomThumbnail": 0,
    "builtinTags": [
        "category-work",
        "geo",
        "grid",
        "series-bar",
        "series-effectScatter",
        "series-lines",
        "series-scatter",
        "timeline",
        "title",
        "tooltip"
    ],
    "customTags": [],
    "updaterUserName": "御***r"
}