{
    "cid": "xa8jDXfwd",
    "authorUid": "bd-1445099419",
    "authorUserName": "浅***一",
    "title": "动态echarts图",
    "description": "",
    "latestVersion": 5,
    "alwaysLatest": 1,
    "createTime": "2019-12-18T10:23:54.000Z",
    "lastUpdateTime": "2019-12-18T10:23:54.000Z",
    "auth": 2,
    "uid": "bd-1445099419",
    "publishedVersion": 0,
    "forkFrom": "-",
    "isSpam": 0,
    "version": 5,
    "parentVersion": 4,
    "echartsVersion": "4.4.0",
    "versionCreateTime": "2019-12-19T01:51:07.000Z",
    "html": "",
    "externalScripts": "",
    "updaterUID": "bd-1445099419",
    "theme": "macarons",
    "layout": "",
    "viewCount": 495,
    "userName": "浅***一",
    "commentCount": 0,
    "starCount": 4,
    "isStared": 0,
    "thumbnailURL": "https://www.makeapie.com/ecg-storage/ec_gallery_thumbnail/xa8jDXfwd.png?v=1576720267113",
    "isCustomThumbnail": 0,
    "builtinTags": [
        "category-work",
        "dataZoom",
        "grid",
        "markLine",
        "series-line",
        "tooltip"
    ],
    "customTags": [],
    "updaterUserName": "浅***一"
}