{
    "cid": "xbAlmwrWA",
    "authorUid": "bd-1841183165",
    "authorUserName": "o***趣",
    "title": "Remove stitches",
    "description": "没想好",
    "latestVersion": 14,
    "alwaysLatest": 1,
    "createTime": "2019-12-18T08:23:36.000Z",
    "lastUpdateTime": "2019-12-18T08:23:36.000Z",
    "auth": 2,
    "uid": "bd-1841183165",
    "publishedVersion": 0,
    "forkFrom": "-",
    "isSpam": 0,
    "version": 14,
    "parentVersion": 13,
    "echartsVersion": "4.7.0",
    "versionCreateTime": "2020-05-18T07:55:07.000Z",
    "html": "",
    "externalScripts": "",
    "updaterUID": "bd-1841183165",
    "theme": "",
    "layout": "",
    "viewCount": 3090,
    "userName": "o***趣",
    "commentCount": 2,
    "starCount": 29,
    "isStared": 0,
    "thumbnailURL": "https://www.makeapie.com/ecg-storage/ec_gallery_thumbnail/xbAlmwrWA.png?v=1589788507674",
    "isCustomThumbnail": 0,
    "builtinTags": [
        "category-work",
        "grid",
        "series-line",
        "series-lines",
        "title"
    ],
    "customTags": [],
    "updaterUserName": "o***趣"
}