{
    "cid": "xDNmT2xv7",
    "authorUid": "bd-191893672",
    "authorUserName": "天***子",
    "title": "折线图",
    "description": "",
    "latestVersion": 3,
    "alwaysLatest": 1,
    "createTime": "2019-12-18T06:44:19.000Z",
    "lastUpdateTime": "2019-12-18T06:44:19.000Z",
    "auth": 2,
    "uid": "bd-191893672",
    "publishedVersion": 0,
    "forkFrom": "-",
    "isSpam": 0,
    "version": 3,
    "parentVersion": 2,
    "echartsVersion": "4.4.0",
    "versionCreateTime": "2019-12-18T07:25:01.000Z",
    "html": "",
    "externalScripts": "",
    "updaterUID": "bd-191893672",
    "theme": "",
    "layout": "",
    "viewCount": 88,
    "userName": "天***子",
    "commentCount": 0,
    "starCount": 0,
    "isStared": 0,
    "thumbnailURL": "https://www.makeapie.com/ecg-storage/ec_gallery_thumbnail/xDNmT2xv7.png?v=1576653901088",
    "isCustomThumbnail": 0,
    "builtinTags": [
        "category-work",
        "dataZoom",
        "grid",
        "legend",
        "series-line",
        "title",
        "tooltip"
    ],
    "customTags": [],
    "updaterUserName": "天***子"
}