{
    "cid": "xDrOgKzyr",
    "authorUid": "bd-2641514709",
    "authorUserName": "谷***1",
    "title": "echarts设置x轴，标签与x轴的距离（当y轴有负数时，x轴标签紧贴x轴）",
    "description": "折线图y轴有负数，x轴标签紧贴x轴（0刻度线）",
    "latestVersion": 1,
    "alwaysLatest": 1,
    "createTime": "2019-12-19T04:44:18.000Z",
    "lastUpdateTime": "2019-12-19T04:44:18.000Z",
    "auth": 1,
    "uid": "bd-2641514709",
    "publishedVersion": 0,
    "forkFrom": "-",
    "isSpam": 0,
    "version": 1,
    "parentVersion": -1,
    "echartsVersion": "4.4.0",
    "versionCreateTime": "2019-12-19T04:44:18.000Z",
    "html": "",
    "externalScripts": "",
    "updaterUID": "bd-2641514709",
    "theme": "",
    "layout": "",
    "viewCount": 60,
    "userName": "谷***1",
    "commentCount": 0,
    "starCount": 0,
    "isStared": 0,
    "thumbnailURL": "https://www.makeapie.com/ecg-storage/ec_gallery_thumbnail/xDrOgKzyr.png?v=1576730658817",
    "isCustomThumbnail": 0,
    "builtinTags": [
        "category-work",
        "grid",
        "series-line"
    ],
    "customTags": [],
    "updaterUserName": "谷***1"
}