{
    "cid": "xdZGeCn1C",
    "authorUid": "bd-1833889722",
    "authorUserName": "1***鱼",
    "title": "接口日访问量",
    "description": "",
    "latestVersion": 1,
    "alwaysLatest": 1,
    "createTime": "2019-12-18T08:16:25.000Z",
    "lastUpdateTime": "2019-12-18T08:16:25.000Z",
    "auth": 2,
    "uid": "bd-1833889722",
    "publishedVersion": 0,
    "forkFrom": "-",
    "isSpam": 0,
    "version": 1,
    "parentVersion": -1,
    "echartsVersion": "4.4.0",
    "versionCreateTime": "2019-12-18T08:16:25.000Z",
    "html": "",
    "externalScripts": "",
    "updaterUID": "bd-1833889722",
    "theme": "",
    "layout": "",
    "viewCount": 35,
    "userName": "1***鱼",
    "commentCount": 0,
    "starCount": 0,
    "isStared": 0,
    "thumbnailURL": "https://www.makeapie.com/ecg-storage/ec_gallery_thumbnail/xdZGeCn1C.png?v=1576656985770",
    "isCustomThumbnail": 0,
    "builtinTags": [
        "category-work",
        "dataset",
        "grid",
        "legend",
        "series-bar",
        "title",
        "tooltip"
    ],
    "customTags": [],
    "updaterUserName": "1***鱼"
}