{
    "cid": "xifXQtIBb",
    "authorUid": "bd-3966635089",
    "authorUserName": "s***C",
    "title": "关系图",
    "description": "",
    "latestVersion": 1,
    "alwaysLatest": 1,
    "createTime": "2019-12-20T01:47:00.000Z",
    "lastUpdateTime": "2019-12-20T01:47:00.000Z",
    "auth": 2,
    "uid": "bd-3966635089",
    "publishedVersion": 0,
    "forkFrom": "-",
    "isSpam": 0,
    "version": 1,
    "parentVersion": -1,
    "echartsVersion": "4.4.0",
    "versionCreateTime": "2019-12-20T01:47:00.000Z",
    "html": "",
    "externalScripts": "",
    "updaterUID": "bd-3966635089",
    "theme": "",
    "layout": "",
    "viewCount": 481,
    "userName": "s***C",
    "commentCount": 0,
    "starCount": 1,
    "isStared": 0,
    "thumbnailURL": "https://www.makeapie.com/ecg-storage/ec_gallery_thumbnail/xifXQtIBb.png?v=1576806420428",
    "isCustomThumbnail": 0,
    "builtinTags": [
        "category-work",
        "grid",
        "series-graph"
    ],
    "customTags": [],
    "updaterUserName": "s***C"
}