{
    "cid": "xK-A1GZUT",
    "authorUid": "bd-900618179",
    "authorUserName": "御***r",
    "title": "3D地图  飞线 散点 柱状图  叠加柱状图",
    "description": "可展示方向路径、数据分布、数值展示、数据映射",
    "latestVersion": 1,
    "alwaysLatest": 1,
    "createTime": "2019-12-19T08:52:55.000Z",
    "lastUpdateTime": "2019-12-19T08:52:55.000Z",
    "auth": 2,
    "uid": "bd-900618179",
    "publishedVersion": 0,
    "forkFrom": "-",
    "isSpam": 0,
    "version": 1,
    "parentVersion": -1,
    "echartsVersion": "4.4.0",
    "versionCreateTime": "2019-12-19T08:52:55.000Z",
    "html": "",
    "externalScripts": "https://echarts.baidu.com/resource/echarts-gl-latest/dist/echarts-gl.min.js,/dep/echarts/map/js/china.js",
    "updaterUID": "bd-900618179",
    "theme": "",
    "layout": "",
    "viewCount": 259,
    "userName": "御***r",
    "commentCount": 0,
    "starCount": 0,
    "isStared": 0,
    "thumbnailURL": "https://www.makeapie.com/ecg-storage/ec_gallery_thumbnail/xK-A1GZUT.png?v=1576745575528",
    "isCustomThumbnail": 0,
    "builtinTags": [
        "category-work",
        "geo3D",
        "series-bar3D",
        "series-lines3D",
        "series-scatter3D"
    ],
    "customTags": [],
    "updaterUserName": "御***r"
}