{
    "cid": "xQ0efeNer",
    "authorUid": "bd-261075462",
    "authorUserName": "谜***头",
    "title": "双y轴展示数据",
    "description": "",
    "latestVersion": 1,
    "alwaysLatest": 1,
    "createTime": "2019-12-18T05:35:34.000Z",
    "lastUpdateTime": "2019-12-18T05:35:34.000Z",
    "auth": 2,
    "uid": "bd-261075462",
    "publishedVersion": 0,
    "forkFrom": "-",
    "isSpam": 0,
    "version": 1,
    "parentVersion": -1,
    "echartsVersion": "4.4.0",
    "versionCreateTime": "2019-12-18T05:35:34.000Z",
    "html": "",
    "externalScripts": "",
    "updaterUID": "bd-261075462",
    "theme": "",
    "layout": "",
    "viewCount": 34,
    "userName": "谜***头",
    "commentCount": 0,
    "starCount": 0,
    "isStared": 0,
    "thumbnailURL": "https://www.makeapie.com/ecg-storage/ec_gallery_thumbnail/xQ0efeNer.png?v=1576647334231",
    "isCustomThumbnail": 1,
    "builtinTags": [
        "category-work",
        "dataset",
        "grid",
        "series-bar",
        "tooltip"
    ],
    "customTags": [],
    "updaterUserName": "谜***头"
}