{
    "cid": "xuCevCbKb",
    "authorUid": "bd-1900401859",
    "authorUserName": "1***发",
    "title": "仪表盘+堆叠进度条（饼状图模仿）",
    "description": "仪表盘+堆叠进度条（饼状图模仿）",
    "latestVersion": 2,
    "alwaysLatest": 1,
    "createTime": "2019-12-18T09:17:38.000Z",
    "lastUpdateTime": "2019-12-18T09:17:38.000Z",
    "auth": 2,
    "uid": "bd-1900401859",
    "publishedVersion": 0,
    "forkFrom": "-",
    "isSpam": 0,
    "version": 2,
    "parentVersion": 1,
    "echartsVersion": "4.4.0",
    "versionCreateTime": "2019-12-18T09:31:56.000Z",
    "html": "",
    "externalScripts": "",
    "updaterUID": "bd-1900401859",
    "theme": "",
    "layout": "",
    "viewCount": 1513,
    "userName": "1***发",
    "commentCount": 0,
    "starCount": 15,
    "isStared": 0,
    "thumbnailURL": "https://www.makeapie.com/ecg-storage/ec_gallery_thumbnail/xuCevCbKb.png?v=1576661516883",
    "isCustomThumbnail": 0,
    "builtinTags": [
        "category-work",
        "legend",
        "series-gauge",
        "series-pie",
        "title",
        "tooltip"
    ],
    "customTags": [
        "pie"
    ],
    "updaterUserName": "1***发"
}