{
    "cid": "xwXEj4hXE",
    "authorUid": "bd-1440836473",
    "authorUserName": "159******65",
    "title": "first",
    "description": "",
    "latestVersion": 1,
    "alwaysLatest": 1,
    "createTime": "2019-12-19T06:02:37.000Z",
    "lastUpdateTime": "2019-12-19T06:02:37.000Z",
    "auth": 2,
    "uid": "bd-1440836473",
    "publishedVersion": 0,
    "forkFrom": "-",
    "isSpam": 0,
    "version": 1,
    "parentVersion": -1,
    "echartsVersion": "4.4.0",
    "versionCreateTime": "2019-12-19T06:02:37.000Z",
    "html": "",
    "externalScripts": "",
    "updaterUID": "bd-1440836473",
    "theme": "",
    "layout": "",
    "viewCount": 205,
    "userName": "159******65",
    "commentCount": 0,
    "starCount": 1,
    "isStared": 0,
    "thumbnailURL": "https://www.makeapie.com/ecg-storage/ec_gallery_thumbnail/xwXEj4hXE.png?v=1576735358052",
    "isCustomThumbnail": 0,
    "builtinTags": [
        "category-work",
        "grid",
        "series-bar",
        "timeline",
        "title",
        "tooltip"
    ],
    "customTags": [],
    "updaterUserName": "159******65"
}