{
    "cid": "x4pF9xwGBT",
    "authorUid": "obd-ol9pMakAVJkLuQHoURIKWjUg-AnvS0x",
    "authorUserName": "c***6",
    "title": "饼状图分段",
    "description": "使饼状图图分段隔开",
    "latestVersion": 2,
    "alwaysLatest": 1,
    "createTime": "2020-07-02T02:03:00.000Z",
    "lastUpdateTime": "2020-07-02T02:03:00.000Z",
    "auth": 2,
    "uid": "obd-ol9pMakAVJkLuQHoURIKWjUg-AnvS0x",
    "publishedVersion": 0,
    "forkFrom": "-",
    "isSpam": 0,
    "version": 2,
    "parentVersion": 1,
    "echartsVersion": "4.8.0",
    "versionCreateTime": "2020-07-02T02:03:40.000Z",
    "html": "",
    "externalScripts": "",
    "updaterUID": "obd-ol9pMakAVJkLuQHoURIKWjUg-AnvS0x",
    "theme": "",
    "layout": "",
    "viewCount": 152,
    "userName": "c***6",
    "commentCount": 0,
    "starCount": 1,
    "isStared": 0,
    "thumbnailURL": "https://www.makeapie.com/ecg-storage/ec_gallery_thumbnail/x4pF9xwGBT.png?v=1593655420929",
    "isCustomThumbnail": 0,
    "builtinTags": [
        "category-work",
        "legend",
        "series-pie",
        "tooltip"
    ],
    "customTags": [],
    "updaterUserName": "c***6"
}