{
    "cid": "x7EN_JYYmP",
    "authorUid": "bd-2377623573",
    "authorUserName": "飞***5",
    "title": "基础柱形图",
    "description": "",
    "latestVersion": 1,
    "alwaysLatest": 1,
    "createTime": "2020-07-01T08:29:58.000Z",
    "lastUpdateTime": "2020-07-01T08:29:58.000Z",
    "auth": 2,
    "uid": "bd-2377623573",
    "publishedVersion": 0,
    "forkFrom": "-",
    "isSpam": 0,
    "version": 1,
    "parentVersion": -1,
    "echartsVersion": "4.8.0",
    "versionCreateTime": "2020-07-01T08:29:59.000Z",
    "html": "",
    "externalScripts": "",
    "updaterUID": "bd-2377623573",
    "theme": "",
    "layout": "",
    "viewCount": 53,
    "userName": "飞***5",
    "commentCount": 0,
    "starCount": 0,
    "isStared": 0,
    "thumbnailURL": "https://www.makeapie.com/ecg-storage/ec_gallery_thumbnail/x7EN_JYYmP.png?v=1593592199134",
    "isCustomThumbnail": 0,
    "builtinTags": [
        "category-work",
        "grid",
        "series-bar"
    ],
    "customTags": [],
    "updaterUserName": "飞***5"
}