{
    "cid": "x9xraqvRkf",
    "authorUid": "obd-ojfPXP4IAGkB3Xf9q4Qx4WTLaDP2gD9",
    "authorUserName": "D***e",
    "title": "柱图的代码的方法的示例",
    "description": "",
    "latestVersion": 1,
    "alwaysLatest": 1,
    "createTime": "2020-07-01T06:52:43.000Z",
    "lastUpdateTime": "2020-07-01T06:52:43.000Z",
    "auth": 2,
    "uid": "obd-ojfPXP4IAGkB3Xf9q4Qx4WTLaDP2gD9",
    "publishedVersion": 0,
    "forkFrom": "-",
    "isSpam": 0,
    "version": 1,
    "parentVersion": -1,
    "echartsVersion": "4.8.0",
    "versionCreateTime": "2020-07-01T06:52:43.000Z",
    "html": "",
    "externalScripts": "",
    "updaterUID": "obd-ojfPXP4IAGkB3Xf9q4Qx4WTLaDP2gD9",
    "theme": "",
    "layout": "",
    "viewCount": 45,
    "userName": "D***e",
    "commentCount": 0,
    "starCount": 0,
    "isStared": 0,
    "thumbnailURL": "https://www.makeapie.com/ecg-storage/ec_gallery_thumbnail/x9xraqvRkf.png?v=1593586363660",
    "isCustomThumbnail": 0,
    "builtinTags": [
        "category-work",
        "grid",
        "legend",
        "series-bar",
        "tooltip"
    ],
    "customTags": [],
    "updaterUserName": "D***e"
}