{
    "cid": "xcIBD1blB1",
    "authorUid": "bd-4199582992",
    "authorUserName": "秀***起",
    "title": "123",
    "description": "",
    "latestVersion": 1,
    "alwaysLatest": 1,
    "createTime": "2020-07-02T06:04:09.000Z",
    "lastUpdateTime": "2020-07-02T06:04:09.000Z",
    "auth": 2,
    "uid": "bd-4199582992",
    "publishedVersion": 0,
    "forkFrom": "-",
    "isSpam": 0,
    "version": 1,
    "parentVersion": -1,
    "echartsVersion": "4.8.0",
    "versionCreateTime": "2020-07-02T06:04:09.000Z",
    "html": "",
    "externalScripts": "",
    "updaterUID": "bd-4199582992",
    "theme": "",
    "layout": "",
    "viewCount": 275,
    "userName": "秀***起",
    "commentCount": 0,
    "starCount": 1,
    "isStared": 0,
    "thumbnailURL": "https://www.makeapie.com/ecg-storage/ec_gallery_thumbnail/xcIBD1blB1.png?v=1593669849995",
    "isCustomThumbnail": 0,
    "builtinTags": [
        "category-work",
        "grid",
        "markLine",
        "markPoint",
        "series-line",
        "tooltip"
    ],
    "customTags": [],
    "updaterUserName": "秀***起"
}