{
    "cid": "xpcn87RxxQ",
    "authorUid": "obd-o0SPU7pjdd5PlBu7PpJYQLyF7YElOFi",
    "authorUserName": "蓝***曦",
    "title": "气象数据七要素分析",
    "description": "",
    "latestVersion": 1,
    "alwaysLatest": 1,
    "createTime": "2020-07-01T07:46:16.000Z",
    "lastUpdateTime": "2020-07-01T07:46:16.000Z",
    "auth": 2,
    "uid": "obd-o0SPU7pjdd5PlBu7PpJYQLyF7YElOFi",
    "publishedVersion": 0,
    "forkFrom": "-",
    "isSpam": 0,
    "version": 1,
    "parentVersion": -1,
    "echartsVersion": "4.8.0",
    "versionCreateTime": "2020-07-01T07:46:16.000Z",
    "html": "",
    "externalScripts": "",
    "updaterUID": "obd-o0SPU7pjdd5PlBu7PpJYQLyF7YElOFi",
    "theme": "",
    "layout": "",
    "viewCount": 35,
    "userName": "蓝***曦",
    "commentCount": 0,
    "starCount": 0,
    "isStared": 0,
    "thumbnailURL": "https://www.makeapie.com/ecg-storage/ec_gallery_thumbnail/xpcn87RxxQ.png?v=1593589576376",
    "isCustomThumbnail": 0,
    "builtinTags": [
        "category-work",
        "dataset",
        "dataZoom",
        "grid",
        "legend",
        "series-line",
        "title",
        "toolbox"
    ],
    "customTags": [],
    "updaterUserName": "蓝***曦"
}