{
    "cid": "xSD1hHsA2f",
    "authorUid": "obd-o0F99Swp-oZFAsL_N-a3lZcT6M7pvFh",
    "authorUserName": "零***e",
    "title": "渐变色柱状图",
    "description": "",
    "latestVersion": 1,
    "alwaysLatest": 1,
    "createTime": "2020-07-02T06:05:18.000Z",
    "lastUpdateTime": "2020-07-02T06:05:18.000Z",
    "auth": 2,
    "uid": "obd-o0F99Swp-oZFAsL_N-a3lZcT6M7pvFh",
    "publishedVersion": 0,
    "forkFrom": "-",
    "isSpam": 0,
    "version": 1,
    "parentVersion": -1,
    "echartsVersion": "4.8.0",
    "versionCreateTime": "2020-07-02T06:05:18.000Z",
    "html": "",
    "externalScripts": "",
    "updaterUID": "obd-o0F99Swp-oZFAsL_N-a3lZcT6M7pvFh",
    "theme": "",
    "layout": "",
    "viewCount": 62,
    "userName": "零***e",
    "commentCount": 0,
    "starCount": 0,
    "isStared": 0,
    "thumbnailURL": "https://www.makeapie.com/ecg-storage/ec_gallery_thumbnail/xSD1hHsA2f.png?v=1593669918173",
    "isCustomThumbnail": 0,
    "builtinTags": [
        "category-work",
        "grid",
        "series-bar",
        "tooltip"
    ],
    "customTags": [],
    "updaterUserName": "零***e"
}