{
    "cid": "x-thSEq5E0",
    "authorUid": "bd-34533374",
    "authorUserName": "m***g",
    "title": "line",
    "description": "",
    "latestVersion": 1,
    "alwaysLatest": 1,
    "createTime": "2019-07-05T02:05:42.000Z",
    "lastUpdateTime": "2019-07-05T02:05:42.000Z",
    "auth": 2,
    "uid": "bd-34533374",
    "publishedVersion": 0,
    "forkFrom": "-",
    "isSpam": 0,
    "version": 1,
    "parentVersion": -1,
    "echartsVersion": "4.2.1",
    "versionCreateTime": "2019-07-05T02:05:42.000Z",
    "html": "",
    "externalScripts": "",
    "updaterUID": "bd-34533374",
    "theme": "",
    "layout": "",
    "viewCount": 757,
    "userName": "m***g",
    "commentCount": 0,
    "starCount": 1,
    "isStared": 0,
    "thumbnailURL": "https://www.makeapie.com/ecg-storage/ec_gallery_thumbnail/x-thSEq5E0.png?v=1562292342962",
    "isCustomThumbnail": 0,
    "builtinTags": [
        "category-work",
        "grid",
        "legend",
        "series-line",
        "tooltip"
    ],
    "customTags": [],
    "updaterUserName": "m***g"
}