{
    "cid": "x3Z9uXTi8o",
    "authorUid": "bd-41852191",
    "authorUserName": "洛***大",
    "title": "扇形",
    "description": "练手",
    "latestVersion": 2,
    "alwaysLatest": 1,
    "createTime": "2019-07-05T02:08:33.000Z",
    "lastUpdateTime": "2019-07-05T02:08:33.000Z",
    "auth": 1,
    "uid": "bd-41852191",
    "publishedVersion": 0,
    "forkFrom": "-",
    "isSpam": 0,
    "version": 2,
    "parentVersion": 1,
    "echartsVersion": "4.2.1",
    "versionCreateTime": "2019-07-10T02:20:42.000Z",
    "html": "",
    "externalScripts": "",
    "updaterUID": "bd-41852191",
    "theme": "",
    "layout": "",
    "viewCount": 317,
    "userName": "洛***大",
    "commentCount": 0,
    "starCount": 1,
    "isStared": 0,
    "thumbnailURL": "https://www.makeapie.com/ecg-storage/ec_gallery_thumbnail/x3Z9uXTi8o.png?v=1562725242241",
    "isCustomThumbnail": 0,
    "builtinTags": [
        "category-work",
        "series-pie"
    ],
    "customTags": [],
    "updaterUserName": "洛***大"
}