{
    "cid": "x7bp4PQpD8",
    "authorUid": "bd-1497446243",
    "authorUserName": "唯***生",
    "title": "折线柱形图多维度混合",
    "description": "",
    "latestVersion": 6,
    "alwaysLatest": 1,
    "createTime": "2019-07-04T07:27:39.000Z",
    "lastUpdateTime": "2019-07-04T07:27:39.000Z",
    "auth": 1,
    "uid": "bd-1497446243",
    "publishedVersion": 0,
    "forkFrom": "-",
    "isSpam": 0,
    "version": 6,
    "parentVersion": 5,
    "echartsVersion": "4.8.0",
    "versionCreateTime": "2020-05-28T05:59:46.000Z",
    "html": "",
    "externalScripts": "",
    "updaterUID": "bd-1497446243",
    "theme": "",
    "layout": "",
    "viewCount": 317,
    "userName": "唯***生",
    "commentCount": 0,
    "starCount": 2,
    "isStared": 0,
    "thumbnailURL": "https://www.makeapie.com/ecg-storage/ec_gallery_thumbnail/x7bp4PQpD8.png?v=1590645586189",
    "isCustomThumbnail": 0,
    "builtinTags": [
        "category-work",
        "grid",
        "legend",
        "series-bar",
        "series-line"
    ],
    "customTags": [
        "24小时",
        "两种颜色z",
        "折线柱形"
    ],
    "updaterUserName": "唯***生"
}