{
    "cid": "xhPVRNG4Jy",
    "authorUid": "bd-3207513388",
    "authorUserName": "x***n",
    "title": "柱状图堆叠",
    "description": "",
    "latestVersion": 2,
    "alwaysLatest": 1,
    "createTime": "2019-07-04T08:53:08.000Z",
    "lastUpdateTime": "2019-07-04T08:53:08.000Z",
    "auth": 2,
    "uid": "bd-3207513388",
    "publishedVersion": 0,
    "forkFrom": "-",
    "isSpam": 0,
    "version": 2,
    "parentVersion": 1,
    "echartsVersion": "4.2.1",
    "versionCreateTime": "2019-07-31T09:41:00.000Z",
    "html": "",
    "externalScripts": "",
    "updaterUID": "bd-3207513388",
    "theme": "",
    "layout": "",
    "viewCount": 53,
    "userName": "x***n",
    "commentCount": 0,
    "starCount": 1,
    "isStared": 0,
    "thumbnailURL": "https://www.makeapie.com/ecg-storage/ec_gallery_thumbnail/xhPVRNG4Jy.png?v=1564566060092",
    "isCustomThumbnail": 0,
    "builtinTags": [
        "category-work",
        "grid",
        "series-bar",
        "tooltip"
    ],
    "customTags": [],
    "updaterUserName": "x***n"
}