{
    "cid": "xMT1Sx7I9i",
    "authorUid": "bd-41852191",
    "authorUserName": "洛***大",
    "title": "饼图",
    "description": "练手",
    "latestVersion": 1,
    "alwaysLatest": 1,
    "createTime": "2019-07-05T01:35:35.000Z",
    "lastUpdateTime": "2019-07-05T01:35:35.000Z",
    "auth": 1,
    "uid": "bd-41852191",
    "publishedVersion": 0,
    "forkFrom": "-",
    "isSpam": 0,
    "version": 1,
    "parentVersion": -1,
    "echartsVersion": "4.2.1",
    "versionCreateTime": "2019-07-05T01:35:35.000Z",
    "html": "",
    "externalScripts": "",
    "updaterUID": "bd-41852191",
    "theme": "",
    "layout": "",
    "viewCount": 99,
    "userName": "洛***大",
    "commentCount": 0,
    "starCount": 1,
    "isStared": 0,
    "thumbnailURL": "https://www.makeapie.com/ecg-storage/ec_gallery_thumbnail/xMT1Sx7I9i.png?v=1562290535910",
    "isCustomThumbnail": 0,
    "builtinTags": [
        "category-work",
        "legend",
        "series-pie"
    ],
    "customTags": [],
    "updaterUserName": "洛***大"
}