{
    "cid": "xnNr698s5t",
    "authorUid": "bd-3207513388",
    "authorUserName": "x***n",
    "title": "中考知识点",
    "description": "中考知识点",
    "latestVersion": 1,
    "alwaysLatest": 1,
    "createTime": "2019-07-04T08:54:23.000Z",
    "lastUpdateTime": "2019-07-04T08:54:23.000Z",
    "auth": 2,
    "uid": "bd-3207513388",
    "publishedVersion": 0,
    "forkFrom": "-",
    "isSpam": 0,
    "version": 1,
    "parentVersion": -1,
    "echartsVersion": "4.2.1",
    "versionCreateTime": "2019-07-04T08:54:23.000Z",
    "html": "",
    "externalScripts": "",
    "updaterUID": "bd-3207513388",
    "theme": "",
    "layout": "",
    "viewCount": 34,
    "userName": "x***n",
    "commentCount": 0,
    "starCount": 1,
    "isStared": 0,
    "thumbnailURL": "https://www.makeapie.com/ecg-storage/ec_gallery_thumbnail/xnNr698s5t.png?v=1562230463905",
    "isCustomThumbnail": 0,
    "builtinTags": [
        "category-work",
        "legend",
        "series-pie",
        "title",
        "tooltip"
    ],
    "customTags": [],
    "updaterUserName": "x***n"
}