{
    "cid": "xOBHdPMPem",
    "authorUid": "bd-1376687611",
    "authorUserName": "安***打",
    "title": "grid 上下拖动",
    "description": "grid上下拖动的实例",
    "latestVersion": 1,
    "alwaysLatest": 1,
    "createTime": "2019-07-04T09:48:47.000Z",
    "lastUpdateTime": "2019-07-04T09:48:47.000Z",
    "auth": 2,
    "uid": "bd-1376687611",
    "publishedVersion": 0,
    "forkFrom": "-",
    "isSpam": 0,
    "version": 1,
    "parentVersion": -1,
    "echartsVersion": "4.2.1",
    "versionCreateTime": "2019-07-04T09:48:47.000Z",
    "html": "",
    "externalScripts": "",
    "updaterUID": "bd-1376687611",
    "theme": "",
    "layout": "",
    "viewCount": 167,
    "userName": "安***打",
    "commentCount": 0,
    "starCount": 0,
    "isStared": 0,
    "thumbnailURL": "https://www.makeapie.com/ecg-storage/ec_gallery_thumbnail/xOBHdPMPem.png?v=1562233728033",
    "isCustomThumbnail": 0,
    "builtinTags": [
        "category-work",
        "dataZoom",
        "graphic",
        "grid",
        "series-scatter",
        "tooltip"
    ],
    "customTags": [],
    "updaterUserName": "安***打"
}