{
    "cid": "xpQQ0q3bOm",
    "authorUid": "bd-41852191",
    "authorUserName": "洛***大",
    "title": "横向堆叠柱状图",
    "description": "练手用",
    "latestVersion": 1,
    "alwaysLatest": 1,
    "createTime": "2019-07-04T06:35:11.000Z",
    "lastUpdateTime": "2019-07-04T06:35:11.000Z",
    "auth": 1,
    "uid": "bd-41852191",
    "publishedVersion": 0,
    "forkFrom": "-",
    "isSpam": 0,
    "version": 1,
    "parentVersion": -1,
    "echartsVersion": "4.2.1",
    "versionCreateTime": "2019-07-04T06:35:11.000Z",
    "html": "",
    "externalScripts": "",
    "updaterUID": "bd-41852191",
    "theme": "",
    "layout": "",
    "viewCount": 164,
    "userName": "洛***大",
    "commentCount": 0,
    "starCount": 1,
    "isStared": 0,
    "thumbnailURL": "https://www.makeapie.com/ecg-storage/ec_gallery_thumbnail/xpQQ0q3bOm.png?v=1562222111669",
    "isCustomThumbnail": 0,
    "builtinTags": [
        "category-work",
        "grid",
        "series-bar",
        "tooltip"
    ],
    "customTags": [],
    "updaterUserName": "洛***大"
}