{
    "cid": "xvQvIToDaj",
    "authorUid": "bd-547909240",
    "authorUserName": "i***明",
    "title": "饼图",
    "description": "",
    "latestVersion": 1,
    "alwaysLatest": 1,
    "createTime": "2019-07-05T02:50:10.000Z",
    "lastUpdateTime": "2019-07-05T02:50:10.000Z",
    "auth": 2,
    "uid": "bd-547909240",
    "publishedVersion": 0,
    "forkFrom": "-",
    "isSpam": 0,
    "version": 1,
    "parentVersion": -1,
    "echartsVersion": "4.2.1",
    "versionCreateTime": "2019-07-05T02:50:10.000Z",
    "html": "",
    "externalScripts": "",
    "updaterUID": "bd-547909240",
    "theme": "",
    "layout": "",
    "viewCount": 206,
    "userName": "i***明",
    "commentCount": 0,
    "starCount": 2,
    "isStared": 0,
    "thumbnailURL": "https://www.makeapie.com/ecg-storage/ec_gallery_thumbnail/xvQvIToDaj.png?v=1562295010672",
    "isCustomThumbnail": 0,
    "builtinTags": [
        "category-work",
        "legend",
        "polar",
        "series-bar",
        "tooltip"
    ],
    "customTags": [],
    "updaterUserName": "i***明"
}