{
    "cid": "xwsyY9DhLb",
    "authorUid": "bd-101698999",
    "authorUserName": "Z***8",
    "title": "by Zacknero@github",
    "description": "station，modify sth.",
    "latestVersion": 3,
    "alwaysLatest": 1,
    "createTime": "2019-07-04T09:10:37.000Z",
    "lastUpdateTime": "2019-07-04T09:10:37.000Z",
    "auth": 2,
    "uid": "bd-101698999",
    "publishedVersion": 0,
    "forkFrom": "-",
    "isSpam": 0,
    "version": 3,
    "parentVersion": 2,
    "echartsVersion": "4.2.1",
    "versionCreateTime": "2019-08-06T09:12:13.000Z",
    "html": "",
    "externalScripts": "",
    "updaterUID": "bd-101698999",
    "theme": "",
    "layout": "",
    "viewCount": 781,
    "userName": "Z***8",
    "commentCount": 0,
    "starCount": 1,
    "isStared": 0,
    "thumbnailURL": "https://www.makeapie.com/ecg-storage/ec_gallery_thumbnail/xwsyY9DhLb.png?v=1565082733409",
    "isCustomThumbnail": 0,
    "builtinTags": [
        "category-work",
        "timeline"
    ],
    "customTags": [],
    "updaterUserName": "Z***8"
}