{
    "cid": "x-AfDx70W",
    "authorUid": "bd-744440825",
    "authorUserName": "f***化",
    "title": "氧化铝生产工艺流程前版1111",
    "description": "",
    "latestVersion": 1,
    "alwaysLatest": 1,
    "createTime": "2020-01-06T08:49:34.000Z",
    "lastUpdateTime": "2020-01-06T08:49:34.000Z",
    "auth": 2,
    "uid": "bd-744440825",
    "publishedVersion": 0,
    "forkFrom": "-",
    "isSpam": 0,
    "version": 1,
    "parentVersion": -1,
    "echartsVersion": "4.4.0",
    "versionCreateTime": "2020-01-06T08:49:34.000Z",
    "html": "",
    "externalScripts": "",
    "updaterUID": "bd-744440825",
    "theme": "",
    "layout": "",
    "viewCount": 434,
    "userName": "f***化",
    "commentCount": 0,
    "starCount": 1,
    "isStared": 0,
    "thumbnailURL": "https://www.makeapie.com/ecg-storage/ec_gallery_thumbnail/x-AfDx70W.png?v=1578300574238",
    "isCustomThumbnail": 0,
    "builtinTags": [
        "category-work",
        "grid",
        "legend",
        "markLine",
        "markPoint",
        "series-line",
        "series-pie",
        "title",
        "tooltip"
    ],
    "customTags": [],
    "updaterUserName": "f***化"
}