{
    "cid": "x4O_IARAD",
    "authorUid": "bd-204036557",
    "authorUserName": "d***f",
    "title": "标签环形展示",
    "description": "",
    "latestVersion": 6,
    "alwaysLatest": 1,
    "createTime": "2020-01-09T01:09:58.000Z",
    "lastUpdateTime": "2020-05-11T08:46:07.000Z",
    "auth": 2,
    "uid": "bd-204036557",
    "publishedVersion": 0,
    "forkFrom": "-",
    "isSpam": 0,
    "version": 6,
    "parentVersion": 5,
    "echartsVersion": "4.7.0",
    "versionCreateTime": "2020-05-11T09:01:09.000Z",
    "html": "",
    "externalScripts": "",
    "updaterUID": "bd-204036557",
    "theme": "vintage",
    "layout": "",
    "viewCount": 721,
    "userName": "d***f",
    "commentCount": 0,
    "starCount": 3,
    "isStared": 0,
    "thumbnailURL": "https://www.makeapie.com/ecg-storage/ec_gallery_thumbnail/x4O_IARAD.png?v=1589187669730",
    "isCustomThumbnail": 0,
    "builtinTags": [
        "category-work",
        "series-graph"
    ],
    "customTags": [],
    "updaterUserName": "d***f"
}