{
    "cid": "x6seA9_qO",
    "authorUid": "bd-6442928284",
    "authorUserName": "流***r",
    "title": "斜角柱图",
    "description": "内阴影，柱子底部切斜角",
    "latestVersion": 5,
    "alwaysLatest": 1,
    "createTime": "2020-01-08T10:51:28.000Z",
    "lastUpdateTime": "2020-01-08T10:51:28.000Z",
    "auth": 2,
    "uid": "bd-6442928284",
    "publishedVersion": 0,
    "forkFrom": "-",
    "isSpam": 0,
    "version": 5,
    "parentVersion": 4,
    "echartsVersion": "4.4.0",
    "versionCreateTime": "2020-01-09T12:39:59.000Z",
    "html": "",
    "externalScripts": "",
    "updaterUID": "bd-6442928284",
    "theme": "",
    "layout": "",
    "viewCount": 1737,
    "userName": "流***r",
    "commentCount": 1,
    "starCount": 18,
    "isStared": 0,
    "thumbnailURL": "https://www.makeapie.com/ecg-storage/ec_gallery_thumbnail/x6seA9_qO.png?v=1578573599137",
    "isCustomThumbnail": 0,
    "builtinTags": [
        "category-work",
        "grid",
        "series-custom"
    ],
    "customTags": [
        "inset",
        "shadow",
        "内阴影",
        "斜角"
    ],
    "updaterUserName": "流***r"
}