{
    "cid": "xA7v1Mij0",
    "authorUid": "bd-3695957236",
    "authorUserName": "剔***j",
    "title": "仪表盘",
    "description": "",
    "latestVersion": 2,
    "alwaysLatest": 1,
    "createTime": "2020-01-06T08:03:31.000Z",
    "lastUpdateTime": "2020-01-06T08:03:31.000Z",
    "auth": 2,
    "uid": "bd-3695957236",
    "publishedVersion": 0,
    "forkFrom": "-",
    "isSpam": 0,
    "version": 2,
    "parentVersion": 1,
    "echartsVersion": "4.4.0",
    "versionCreateTime": "2020-01-06T08:04:23.000Z",
    "html": "",
    "externalScripts": "",
    "updaterUID": "bd-3695957236",
    "theme": "",
    "layout": "",
    "viewCount": 303,
    "userName": "剔***j",
    "commentCount": 0,
    "starCount": 2,
    "isStared": 0,
    "thumbnailURL": "https://www.makeapie.com/ecg-storage/ec_gallery_thumbnail/xA7v1Mij0.png?v=1578297863970",
    "isCustomThumbnail": 0,
    "builtinTags": [
        "category-work",
        "series-gauge",
        "title"
    ],
    "customTags": [],
    "updaterUserName": "剔***j"
}