{
    "cid": "xBCjxcyBJ",
    "authorUid": "bd-2385645868",
    "authorUserName": "闻***哒",
    "title": "一个折线图两个x轴可缩放",
    "description": "一个折线图两个x轴可缩放",
    "latestVersion": 3,
    "alwaysLatest": 1,
    "createTime": "2020-01-07T06:15:14.000Z",
    "lastUpdateTime": "2020-01-07T06:15:14.000Z",
    "auth": 1,
    "uid": "bd-2385645868",
    "publishedVersion": 0,
    "forkFrom": "-",
    "isSpam": 0,
    "version": 3,
    "parentVersion": 2,
    "echartsVersion": "4.7.0",
    "versionCreateTime": "2020-05-08T02:16:49.000Z",
    "html": "",
    "externalScripts": "",
    "updaterUID": "bd-2385645868",
    "theme": "",
    "layout": "",
    "viewCount": 215,
    "userName": "闻***哒",
    "commentCount": 0,
    "starCount": 0,
    "isStared": 0,
    "thumbnailURL": "https://www.makeapie.com/ecg-storage/ec_gallery_thumbnail/xBCjxcyBJ.png?v=1588904209297",
    "isCustomThumbnail": 0,
    "builtinTags": [
        "category-work",
        "dataZoom",
        "grid",
        "legend",
        "series-line",
        "title",
        "tooltip"
    ],
    "customTags": [
        "dataZoom",
        "line",
        "两个x轴"
    ],
    "updaterUserName": "闻***哒"
}