{
    "cid": "xFGRD6Y9e",
    "authorUid": "bd-1212377779",
    "authorUserName": "逗***思",
    "title": "上榜车辆",
    "description": "",
    "latestVersion": 4,
    "alwaysLatest": 1,
    "createTime": "2020-01-06T10:05:33.000Z",
    "lastUpdateTime": "2020-01-06T10:05:33.000Z",
    "auth": 2,
    "uid": "bd-1212377779",
    "publishedVersion": 0,
    "forkFrom": "-",
    "isSpam": 0,
    "version": 4,
    "parentVersion": 3,
    "echartsVersion": "4.4.0",
    "versionCreateTime": "2020-01-07T10:53:00.000Z",
    "html": "",
    "externalScripts": "",
    "updaterUID": "bd-1212377779",
    "theme": "",
    "layout": "",
    "viewCount": 169,
    "userName": "逗***思",
    "commentCount": 0,
    "starCount": 1,
    "isStared": 0,
    "thumbnailURL": "https://www.makeapie.com/ecg-storage/ec_gallery_thumbnail/xFGRD6Y9e.png?v=1578394380866",
    "isCustomThumbnail": 0,
    "builtinTags": [
        "category-work",
        "grid",
        "legend",
        "markLine",
        "markPoint",
        "series-bar",
        "tooltip"
    ],
    "customTags": [],
    "updaterUserName": "逗***思"
}