{
    "cid": "xlBQ_TMz1",
    "authorUid": "bd-3040334221",
    "authorUserName": "冷***r",
    "title": "多色渐变图",
    "description": "",
    "latestVersion": 1,
    "alwaysLatest": 1,
    "createTime": "2020-01-08T09:04:56.000Z",
    "lastUpdateTime": "2020-01-08T09:04:56.000Z",
    "auth": 2,
    "uid": "bd-3040334221",
    "publishedVersion": 0,
    "forkFrom": "-",
    "isSpam": 0,
    "version": 1,
    "parentVersion": -1,
    "echartsVersion": "4.4.0",
    "versionCreateTime": "2020-01-08T09:04:56.000Z",
    "html": "",
    "externalScripts": "",
    "updaterUID": "bd-3040334221",
    "theme": "",
    "layout": "",
    "viewCount": 145,
    "userName": "冷***r",
    "commentCount": 0,
    "starCount": 4,
    "isStared": 0,
    "thumbnailURL": "https://www.makeapie.com/ecg-storage/ec_gallery_thumbnail/xlBQ_TMz1.png?v=1578474297082",
    "isCustomThumbnail": 0,
    "builtinTags": [
        "category-work",
        "grid",
        "series-bar",
        "tooltip"
    ],
    "customTags": [],
    "updaterUserName": "冷***r"
}