{
    "cid": "xlKdwfDka",
    "authorUid": "bd-1767830562",
    "authorUserName": "s***l",
    "title": "数据列表--pictorialBar",
    "description": "",
    "latestVersion": 1,
    "alwaysLatest": 1,
    "createTime": "2020-01-08T06:49:03.000Z",
    "lastUpdateTime": "2020-01-08T06:49:03.000Z",
    "auth": 2,
    "uid": "bd-1767830562",
    "publishedVersion": 0,
    "forkFrom": "-",
    "isSpam": 0,
    "version": 1,
    "parentVersion": -1,
    "echartsVersion": "4.4.0",
    "versionCreateTime": "2020-01-08T06:49:03.000Z",
    "html": "",
    "externalScripts": "",
    "updaterUID": "bd-1767830562",
    "theme": "",
    "layout": "",
    "viewCount": 63,
    "userName": "s***l",
    "commentCount": 0,
    "starCount": 1,
    "isStared": 0,
    "thumbnailURL": "https://www.makeapie.com/ecg-storage/ec_gallery_thumbnail/xlKdwfDka.png?v=1578466144049",
    "isCustomThumbnail": 0,
    "builtinTags": [
        "category-work",
        "grid",
        "legend",
        "series-pictorialBar",
        "tooltip"
    ],
    "customTags": [],
    "updaterUserName": "s***l"
}