{
    "cid": "xlNYO0aN4",
    "authorUid": "bd-1896067372",
    "authorUserName": "a***6",
    "title": "发亮发光",
    "description": "",
    "latestVersion": 1,
    "alwaysLatest": 1,
    "createTime": "2020-01-09T06:41:30.000Z",
    "lastUpdateTime": "2020-01-09T06:41:30.000Z",
    "auth": 2,
    "uid": "bd-1896067372",
    "publishedVersion": 0,
    "forkFrom": "-",
    "isSpam": 0,
    "version": 1,
    "parentVersion": -1,
    "echartsVersion": "4.4.0",
    "versionCreateTime": "2020-01-09T06:41:30.000Z",
    "html": "",
    "externalScripts": "",
    "updaterUID": "bd-1896067372",
    "theme": "",
    "layout": "",
    "viewCount": 103,
    "userName": "a***6",
    "commentCount": 0,
    "starCount": 1,
    "isStared": 0,
    "thumbnailURL": "https://www.makeapie.com/ecg-storage/ec_gallery_thumbnail/xlNYO0aN4.png?v=1578552091090",
    "isCustomThumbnail": 0,
    "builtinTags": [
        "category-work",
        "series-pie",
        "title"
    ],
    "customTags": [],
    "updaterUserName": "a***6"
}