{
    "cid": "xobRdQQgl",
    "authorUid": "bd-2545319",
    "authorUserName": "i***绘",
    "title": "径向渐变",
    "description": "",
    "latestVersion": 4,
    "alwaysLatest": 1,
    "createTime": "2020-01-06T10:29:17.000Z",
    "lastUpdateTime": "2020-01-06T10:29:17.000Z",
    "auth": 2,
    "uid": "bd-2545319",
    "publishedVersion": 0,
    "forkFrom": "-",
    "isSpam": 0,
    "version": 4,
    "parentVersion": 3,
    "echartsVersion": "4.4.0",
    "versionCreateTime": "2020-01-14T07:38:28.000Z",
    "html": "",
    "externalScripts": "",
    "updaterUID": "bd-2545319",
    "theme": "",
    "layout": "",
    "viewCount": 1614,
    "userName": "i***绘",
    "commentCount": 0,
    "starCount": 4,
    "isStared": 0,
    "thumbnailURL": "https://www.makeapie.com/ecg-storage/ec_gallery_thumbnail/xobRdQQgl.png?v=1578987508460",
    "isCustomThumbnail": 0,
    "builtinTags": [
        "category-work",
        "series-gauge",
        "series-pie"
    ],
    "customTags": [],
    "updaterUserName": "i***绘"
}