{
    "cid": "xPKwkqvo8",
    "authorUid": "bd-3695957236",
    "authorUserName": "剔***j",
    "title": "条形柱状图",
    "description": "",
    "latestVersion": 1,
    "alwaysLatest": 1,
    "createTime": "2020-01-06T07:44:40.000Z",
    "lastUpdateTime": "2020-01-06T07:44:40.000Z",
    "auth": 2,
    "uid": "bd-3695957236",
    "publishedVersion": 0,
    "forkFrom": "-",
    "isSpam": 0,
    "version": 1,
    "parentVersion": -1,
    "echartsVersion": "4.4.0",
    "versionCreateTime": "2020-01-06T07:44:40.000Z",
    "html": "",
    "externalScripts": "",
    "updaterUID": "bd-3695957236",
    "theme": "",
    "layout": "",
    "viewCount": 236,
    "userName": "剔***j",
    "commentCount": 0,
    "starCount": 5,
    "isStared": 0,
    "thumbnailURL": "https://www.makeapie.com/ecg-storage/ec_gallery_thumbnail/xPKwkqvo8.png?v=1578296681014",
    "isCustomThumbnail": 0,
    "builtinTags": [
        "category-work",
        "grid",
        "series-bar",
        "tooltip"
    ],
    "customTags": [],
    "updaterUserName": "剔***j"
}