{
    "cid": "xV1S8sB_W",
    "authorUid": "bd-749254193",
    "authorUserName": "欧***一",
    "title": "24",
    "description": "沥青工",
    "latestVersion": 2,
    "alwaysLatest": 1,
    "createTime": "2020-01-08T09:34:48.000Z",
    "lastUpdateTime": "2020-01-08T09:34:48.000Z",
    "auth": 2,
    "uid": "bd-749254193",
    "publishedVersion": 0,
    "forkFrom": "-",
    "isSpam": 0,
    "version": 2,
    "parentVersion": 1,
    "echartsVersion": "4.4.0",
    "versionCreateTime": "2020-01-09T02:55:03.000Z",
    "html": "",
    "externalScripts": "",
    "updaterUID": "bd-749254193",
    "theme": "",
    "layout": "",
    "viewCount": 233,
    "userName": "欧***一",
    "commentCount": 0,
    "starCount": 2,
    "isStared": 0,
    "thumbnailURL": "https://www.makeapie.com/ecg-storage/ec_gallery_thumbnail/xV1S8sB_W.png?v=1578538503414",
    "isCustomThumbnail": 0,
    "builtinTags": [
        "category-work",
        "legend",
        "series-pie",
        "title"
    ],
    "customTags": [],
    "updaterUserName": "欧***一"
}