{
    "cid": "xW_r0gBwx",
    "authorUid": "bd-1212377779",
    "authorUserName": "逗***思",
    "title": "左边点击跳转和点击柱图跳转",
    "description": "",
    "latestVersion": 1,
    "alwaysLatest": 1,
    "createTime": "2020-01-07T10:56:38.000Z",
    "lastUpdateTime": "2020-01-07T10:56:38.000Z",
    "auth": 2,
    "uid": "bd-1212377779",
    "publishedVersion": 0,
    "forkFrom": "-",
    "isSpam": 0,
    "version": 1,
    "parentVersion": -1,
    "echartsVersion": "4.4.0",
    "versionCreateTime": "2020-01-07T10:56:38.000Z",
    "html": "",
    "externalScripts": "",
    "updaterUID": "bd-1212377779",
    "theme": "",
    "layout": "",
    "viewCount": 298,
    "userName": "逗***思",
    "commentCount": 0,
    "starCount": 3,
    "isStared": 0,
    "thumbnailURL": "https://www.makeapie.com/ecg-storage/ec_gallery_thumbnail/xW_r0gBwx.png?v=1578394598582",
    "isCustomThumbnail": 0,
    "builtinTags": [
        "category-work",
        "grid",
        "legend",
        "markPoint",
        "series-bar",
        "tooltip"
    ],
    "customTags": [],
    "updaterUserName": "逗***思"
}