{
    "cid": "xz5z801XC",
    "authorUid": "bd-1212377779",
    "authorUserName": "逗***思",
    "title": "坐标点击跳转",
    "description": "点击坐标跳转，点击柱图跳转",
    "latestVersion": 1,
    "alwaysLatest": 1,
    "createTime": "2020-01-07T10:50:36.000Z",
    "lastUpdateTime": "2020-01-07T10:50:36.000Z",
    "auth": 2,
    "uid": "bd-1212377779",
    "publishedVersion": 0,
    "forkFrom": "-",
    "isSpam": 0,
    "version": 1,
    "parentVersion": -1,
    "echartsVersion": "4.4.0",
    "versionCreateTime": "2020-01-07T10:50:36.000Z",
    "html": "",
    "externalScripts": "",
    "updaterUID": "bd-1212377779",
    "theme": "",
    "layout": "",
    "viewCount": 226,
    "userName": "逗***思",
    "commentCount": 0,
    "starCount": 2,
    "isStared": 0,
    "thumbnailURL": "https://www.makeapie.com/ecg-storage/ec_gallery_thumbnail/xz5z801XC.png?v=1578394236430",
    "isCustomThumbnail": 0,
    "builtinTags": [
        "category-work",
        "grid",
        "legend",
        "markLine",
        "markPoint",
        "series-bar",
        "tooltip"
    ],
    "customTags": [],
    "updaterUserName": "逗***思"
}