{
    "cid": "xB1u7KjddX",
    "authorUid": "bd-86379122",
    "authorUserName": "x***m",
    "title": "辅助线",
    "description": "",
    "latestVersion": 2,
    "alwaysLatest": 1,
    "createTime": "2018-09-14T03:21:03.000Z",
    "lastUpdateTime": "2018-09-14T03:21:03.000Z",
    "auth": 2,
    "uid": "bd-86379122",
    "publishedVersion": 0,
    "forkFrom": "-",
    "isSpam": 0,
    "version": 2,
    "parentVersion": 1,
    "echartsVersion": "4.2.1",
    "versionCreateTime": "2019-06-13T07:57:30.000Z",
    "html": "",
    "externalScripts": "",
    "updaterUID": "bd-86379122",
    "theme": "",
    "layout": "",
    "viewCount": 692,
    "userName": "x***m",
    "commentCount": 0,
    "starCount": 2,
    "isStared": 0,
    "thumbnailURL": "https://www.makeapie.com/ecg-storage/ec_gallery_thumbnail/xB1u7KjddX.png?v=1560412650380",
    "isCustomThumbnail": 0,
    "builtinTags": [
        "category-work",
        "grid",
        "legend",
        "markLine",
        "series-bar",
        "title",
        "toolbox",
        "tooltip"
    ],
    "customTags": [],
    "updaterUserName": "x***m"
}