{
    "cid": "xBkdMUpv_7",
    "authorUid": "bd-2267096890",
    "authorUserName": "As_风泠泠",
    "title": "满意程度热点图",
    "description": "直径大小表示反馈人员数\nx坐标位置表示满意程度",
    "latestVersion": 3,
    "alwaysLatest": 1,
    "createTime": "2018-09-13T11:12:15.000Z",
    "lastUpdateTime": "2018-09-13T11:12:15.000Z",
    "auth": 2,
    "uid": "bd-2267096890",
    "publishedVersion": 0,
    "forkFrom": "-",
    "isSpam": 0,
    "version": 3,
    "parentVersion": 2,
    "echartsVersion": "4.1.0",
    "versionCreateTime": "2018-09-13T12:28:42.000Z",
    "html": "",
    "externalScripts": "",
    "updaterUID": "bd-2267096890",
    "theme": "",
    "layout": "",
    "viewCount": 1417,
    "userName": "As_风泠泠",
    "commentCount": 1,
    "starCount": 5,
    "isStared": 0,
    "thumbnailURL": "https://www.makeapie.com/ecg-storage/ec_gallery_thumbnail/xBkdMUpv_7.png?v=1536841722152",
    "isCustomThumbnail": 0,
    "builtinTags": [
        "category-work",
        "grid",
        "series-scatter"
    ],
    "customTags": [],
    "updaterUserName": "As_风泠泠"
}