{
    "cid": "xHkCNc9kKm",
    "authorUid": "bd-353054937",
    "authorUserName": "t***g",
    "title": "折线图tooltip为item显示数字",
    "description": "折线图tooltip为item显示数字",
    "latestVersion": 3,
    "alwaysLatest": 1,
    "createTime": "2018-09-19T09:43:17.000Z",
    "lastUpdateTime": "2018-09-19T09:43:17.000Z",
    "auth": 2,
    "uid": "bd-353054937",
    "publishedVersion": 0,
    "forkFrom": "-",
    "isSpam": 0,
    "version": 3,
    "parentVersion": 2,
    "echartsVersion": "4.8.0",
    "versionCreateTime": "2020-06-23T07:53:38.000Z",
    "html": "",
    "externalScripts": "",
    "updaterUID": "bd-353054937",
    "theme": "",
    "layout": "",
    "viewCount": 109,
    "userName": "t***g",
    "commentCount": 0,
    "starCount": 1,
    "isStared": 0,
    "thumbnailURL": "https://www.makeapie.com/ecg-storage/ec_gallery_thumbnail/xHkCNc9kKm.png?v=1592898818498",
    "isCustomThumbnail": 0,
    "builtinTags": [
        "category-work",
        "grid",
        "series-line",
        "tooltip"
    ],
    "customTags": [],
    "updaterUserName": "t***g"
}