{
    "cid": "xHkRYGKD_7",
    "authorUid": "bd-4061446379",
    "authorUserName": "A***9",
    "title": "直角坐标系热力图（仿GEO热力图效果）",
    "description": "在直角坐标系上实现GEO热力图效果",
    "latestVersion": 5,
    "alwaysLatest": 1,
    "createTime": "2018-09-13T06:24:05.000Z",
    "lastUpdateTime": "2018-09-13T06:24:05.000Z",
    "auth": 1,
    "uid": "bd-4061446379",
    "publishedVersion": 0,
    "forkFrom": "-",
    "isSpam": 0,
    "version": 5,
    "parentVersion": 4,
    "echartsVersion": "4.4.0",
    "versionCreateTime": "2020-02-16T08:17:51.000Z",
    "html": "",
    "externalScripts": "http://echarts.baidu.com/resource/echarts-gl-latest/dist/echarts-gl.min.js,/dep/echarts/latest/extension/bmap.min.js,/dep/echarts/map/js/world.js,/dep/echarts/latest/extension/dataTool.min.js",
    "updaterUID": "bd-2137545045",
    "theme": "",
    "layout": "",
    "viewCount": 3727,
    "userName": "A***9",
    "commentCount": 10,
    "starCount": 7,
    "isStared": 0,
    "thumbnailURL": "https://www.makeapie.com/ecg-storage/ec_gallery_thumbnail/xHkRYGKD_7.png?v=1581841071882",
    "isCustomThumbnail": 0,
    "builtinTags": [
        "category-work",
        "geo",
        "grid",
        "series-heatmap",
        "tooltip",
        "visualMap"
    ],
    "customTags": [],
    "updaterUserName": "11...7@qq.com"
}