{
    "cid": "xHyN3kHwu7",
    "authorUid": "bd-3977042860",
    "authorUserName": "英凰广场迎黄英",
    "title": "【hlx】今日生产线效率统计",
    "description": "",
    "latestVersion": 2,
    "alwaysLatest": 1,
    "createTime": "2018-09-13T01:38:52.000Z",
    "lastUpdateTime": "2018-09-13T01:38:52.000Z",
    "auth": 2,
    "uid": "bd-3977042860",
    "publishedVersion": 0,
    "forkFrom": "-",
    "isSpam": 0,
    "version": 2,
    "parentVersion": 1,
    "echartsVersion": "4.1.0",
    "versionCreateTime": "2018-09-13T01:44:52.000Z",
    "html": "",
    "externalScripts": "",
    "updaterUID": "bd-3977042860",
    "theme": "",
    "layout": "",
    "viewCount": 161,
    "userName": "英凰广场迎黄英",
    "commentCount": 0,
    "starCount": 0,
    "isStared": 0,
    "thumbnailURL": "https://www.makeapie.com/ecg-storage/ec_gallery_thumbnail/xHyN3kHwu7.png?v=1536803092976",
    "isCustomThumbnail": 0,
    "builtinTags": [
        "category-work",
        "grid",
        "legend",
        "markLine",
        "series-bar",
        "series-line",
        "title",
        "tooltip"
    ],
    "customTags": [],
    "updaterUserName": "英凰广场迎黄英"
}