{
    "cid": "xr1DjhT2_7",
    "authorUid": "bd-993140707",
    "authorUserName": "time陌上无人",
    "title": "ISIL恐怖袭击地区分布",
    "description": "",
    "latestVersion": 1,
    "alwaysLatest": 1,
    "createTime": "2018-09-17T06:41:35.000Z",
    "lastUpdateTime": "2018-09-17T06:41:35.000Z",
    "auth": 2,
    "uid": "bd-993140707",
    "publishedVersion": 0,
    "forkFrom": "-",
    "isSpam": 0,
    "version": 1,
    "parentVersion": -1,
    "echartsVersion": "4.1.0",
    "versionCreateTime": "2018-09-17T06:41:35.000Z",
    "html": "",
    "externalScripts": "",
    "updaterUID": "bd-993140707",
    "theme": "",
    "layout": "",
    "viewCount": 103,
    "userName": "time陌上无人",
    "commentCount": 0,
    "starCount": 0,
    "isStared": 0,
    "thumbnailURL": "https://www.makeapie.com/ecg-storage/ec_gallery_thumbnail/xr1DjhT2_7.png?v=1537166495222",
    "isCustomThumbnail": 0,
    "builtinTags": [
        "category-work",
        "dataset",
        "grid",
        "legend",
        "series-line",
        "series-pie",
        "tooltip"
    ],
    "customTags": [],
    "updaterUserName": "time陌上无人"
}