{
    "cid": "xrJVaLOJtX",
    "authorUid": "bd-859018119",
    "authorUserName": "omglhw",
    "title": "中国地图-产品流向",
    "description": "",
    "latestVersion": 3,
    "alwaysLatest": 1,
    "createTime": "2018-09-19T07:11:56.000Z",
    "lastUpdateTime": "2018-09-19T07:11:56.000Z",
    "auth": 2,
    "uid": "bd-859018119",
    "publishedVersion": 0,
    "forkFrom": "-",
    "isSpam": 0,
    "version": 3,
    "parentVersion": 2,
    "echartsVersion": "4.1.0",
    "versionCreateTime": "2018-09-19T07:17:25.000Z",
    "html": "",
    "externalScripts": "/dep/echarts/map/js/china.js",
    "updaterUID": "bd-859018119",
    "theme": "",
    "layout": "",
    "viewCount": 2302,
    "userName": "omglhw",
    "commentCount": 0,
    "starCount": 9,
    "isStared": 0,
    "thumbnailURL": "https://www.makeapie.com/ecg-storage/ec_gallery_thumbnail/xrJVaLOJtX.png?v=1537341445412",
    "isCustomThumbnail": 0,
    "builtinTags": [
        "category-work",
        "geo",
        "legend",
        "series-effectScatter",
        "series-lines",
        "tooltip"
    ],
    "customTags": [],
    "updaterUserName": "omglhw"
}