{
    "cid": "xrkC4a_sdm",
    "authorUid": "bd-4129269411",
    "authorUserName": "1***9",
    "title": "",
    "description": "",
    "latestVersion": 2,
    "alwaysLatest": 1,
    "createTime": "2018-09-16T06:50:30.000Z",
    "lastUpdateTime": "2018-09-16T06:50:30.000Z",
    "auth": 2,
    "uid": "bd-4129269411",
    "publishedVersion": 0,
    "forkFrom": "-",
    "isSpam": 0,
    "version": 2,
    "parentVersion": 1,
    "echartsVersion": "4.1.0",
    "versionCreateTime": "2018-09-17T02:15:35.000Z",
    "html": "",
    "externalScripts": "",
    "updaterUID": "bd-4129269411",
    "theme": "",
    "layout": "",
    "viewCount": 161,
    "userName": "1***9",
    "commentCount": 0,
    "starCount": 0,
    "isStared": 0,
    "thumbnailURL": "https://www.makeapie.com/ecg-storage/ec_gallery_thumbnail/xrkC4a_sdm.png?v=1537150535647",
    "isCustomThumbnail": 0,
    "builtinTags": [
        "category-work",
        "grid",
        "series-bar"
    ],
    "customTags": [],
    "updaterUserName": "1***9"
}