{
    "cid": "xrkhXhy_uX",
    "authorUid": "bd-2378501199",
    "authorUserName": "yyhyongheng",
    "title": "pie-circle",
    "description": "pie circle",
    "latestVersion": 9,
    "alwaysLatest": 1,
    "createTime": "2018-09-13T13:54:43.000Z",
    "lastUpdateTime": "2018-09-13T13:54:43.000Z",
    "auth": 2,
    "uid": "bd-2378501199",
    "publishedVersion": 0,
    "forkFrom": "-",
    "isSpam": 0,
    "version": 9,
    "parentVersion": 8,
    "echartsVersion": "4.1.0",
    "versionCreateTime": "2018-09-13T15:03:06.000Z",
    "html": "",
    "externalScripts": "",
    "updaterUID": "bd-2378501199",
    "theme": "",
    "layout": "",
    "viewCount": 263,
    "userName": "yyhyongheng",
    "commentCount": 0,
    "starCount": 4,
    "isStared": 0,
    "thumbnailURL": "https://www.makeapie.com/ecg-storage/ec_gallery_thumbnail/xrkhXhy_uX.png?v=1536850986599",
    "isCustomThumbnail": 0,
    "builtinTags": [
        "category-work",
        "legend",
        "series-pie",
        "title",
        "toolbox",
        "tooltip"
    ],
    "customTags": [],
    "updaterUserName": "yyhyongheng"
}