{
    "cid": "xSkdAT62uQ",
    "authorUid": "bd-993140707",
    "authorUserName": "time陌上无人",
    "title": "ISIL国家分布",
    "description": "",
    "latestVersion": 2,
    "alwaysLatest": 1,
    "createTime": "2018-09-17T06:46:40.000Z",
    "lastUpdateTime": "2018-09-17T06:49:56.000Z",
    "auth": 2,
    "uid": "bd-993140707",
    "publishedVersion": 0,
    "forkFrom": "-",
    "isSpam": 0,
    "version": 2,
    "parentVersion": 1,
    "echartsVersion": "4.1.0",
    "versionCreateTime": "2018-09-17T06:53:49.000Z",
    "html": "",
    "externalScripts": "",
    "updaterUID": "bd-993140707",
    "theme": "shine",
    "layout": "",
    "viewCount": 95,
    "userName": "time陌上无人",
    "commentCount": 0,
    "starCount": 1,
    "isStared": 0,
    "thumbnailURL": "https://www.makeapie.com/ecg-storage/ec_gallery_thumbnail/xSkdAT62uQ.png?v=1537167229796",
    "isCustomThumbnail": 0,
    "builtinTags": [
        "category-work",
        "dataset",
        "grid",
        "legend",
        "series-line",
        "series-pie",
        "tooltip"
    ],
    "customTags": [],
    "updaterUserName": "time陌上无人"
}