{
    "cid": "xSyRb895OQ",
    "authorUid": "bd-2152667559",
    "authorUserName": "月碎梦心",
    "title": "Awesome Chart",
    "description": "",
    "latestVersion": 1,
    "alwaysLatest": 1,
    "createTime": "2018-09-15T14:24:06.000Z",
    "lastUpdateTime": "2018-09-15T14:24:06.000Z",
    "auth": 2,
    "uid": "bd-2152667559",
    "publishedVersion": 0,
    "forkFrom": "-",
    "isSpam": 0,
    "version": 1,
    "parentVersion": -1,
    "echartsVersion": "4.1.0",
    "versionCreateTime": "2018-09-15T14:24:06.000Z",
    "html": "",
    "externalScripts": "",
    "updaterUID": "bd-2152667559",
    "theme": "",
    "layout": "",
    "viewCount": 6,
    "userName": "月碎梦心",
    "commentCount": 0,
    "starCount": 0,
    "isStared": 0,
    "thumbnailURL": "https://www.makeapie.com/ecg-storage/ec_gallery_thumbnail/xSyRb895OQ.png?v=1537021446873",
    "isCustomThumbnail": 1,
    "builtinTags": [
        "category-work",
        "grid",
        "series-line",
        "title"
    ],
    "customTags": [],
    "updaterUserName": "月碎梦心"
}