{
    "cid": "xSyTNy2v_m",
    "authorUid": "bd-1031056",
    "authorUserName": "小***米",
    "title": "",
    "description": "",
    "latestVersion": 2,
    "alwaysLatest": 1,
    "createTime": "2018-09-13T09:34:45.000Z",
    "lastUpdateTime": "2018-09-13T09:34:45.000Z",
    "auth": 2,
    "uid": "bd-1031056",
    "publishedVersion": 0,
    "forkFrom": "-",
    "isSpam": 0,
    "version": 2,
    "parentVersion": 1,
    "echartsVersion": "4.2.1",
    "versionCreateTime": "2019-06-21T01:24:05.000Z",
    "html": "",
    "externalScripts": "https://www.easy-mock.com/mock/5b23695ff3c9fb2931a37f75/example/ruzhou",
    "updaterUID": "bd-1031056",
    "theme": "",
    "layout": "",
    "viewCount": 255,
    "userName": "小***米",
    "commentCount": 0,
    "starCount": 1,
    "isStared": 0,
    "thumbnailURL": "https://www.makeapie.com/ecg-storage/ec_gallery_thumbnail/xSyTNy2v_m.png?v=1561080245973",
    "isCustomThumbnail": 0,
    "builtinTags": [
        "category-work",
        "geo",
        "legend",
        "series-map",
        "series-scatter",
        "tooltip",
        "visualMap"
    ],
    "customTags": [],
    "updaterUserName": "小***米"
}