{
    "cid": "x_Nn5JwPhR",
    "authorUid": "bd-910820811",
    "authorUserName": "W***斯",
    "title": "纯文本",
    "description": "geaphic的应用",
    "latestVersion": 1,
    "alwaysLatest": 1,
    "createTime": "2020-08-08T07:06:19.000Z",
    "lastUpdateTime": "2020-08-08T07:06:19.000Z",
    "auth": 2,
    "uid": "bd-910820811",
    "publishedVersion": 0,
    "forkFrom": "-",
    "isSpam": 0,
    "version": 1,
    "parentVersion": -1,
    "echartsVersion": "4.8.0",
    "versionCreateTime": "2020-08-08T07:06:19.000Z",
    "html": "",
    "externalScripts": "",
    "updaterUID": "bd-910820811",
    "theme": "",
    "layout": "",
    "viewCount": 54,
    "userName": "W***斯",
    "commentCount": 0,
    "starCount": 1,
    "isStared": 0,
    "thumbnailURL": "https://www.makeapie.com/ecg-storage/ec_gallery_thumbnail/x_Nn5JwPhR.png?v=1596870379522",
    "isCustomThumbnail": 0,
    "builtinTags": [
        "category-work",
        "graphic"
    ],
    "customTags": [],
    "updaterUserName": "W***斯"
}