{
    "cid": "xbYZ0A0aVc",
    "authorUid": "obd-oNr2-lwg_wwldkymiQ8PUj5_pfiayC6",
    "authorUserName": "杨***d",
    "title": "网络流量监测",
    "description": "",
    "latestVersion": 1,
    "alwaysLatest": 1,
    "createTime": "2020-08-07T07:19:23.000Z",
    "lastUpdateTime": "2020-08-07T07:19:23.000Z",
    "auth": 2,
    "uid": "obd-oNr2-lwg_wwldkymiQ8PUj5_pfiayC6",
    "publishedVersion": 0,
    "forkFrom": "-",
    "isSpam": 0,
    "version": 1,
    "parentVersion": -1,
    "echartsVersion": "4.8.0",
    "versionCreateTime": "2020-08-07T07:19:23.000Z",
    "html": "",
    "externalScripts": "",
    "updaterUID": "obd-oNr2-lwg_wwldkymiQ8PUj5_pfiayC6",
    "theme": "",
    "layout": "",
    "viewCount": 526,
    "userName": "杨***d",
    "commentCount": 1,
    "starCount": 0,
    "isStared": 0,
    "thumbnailURL": "https://www.makeapie.com/ecg-storage/ec_gallery_thumbnail/xbYZ0A0aVc.png?v=1596784764029",
    "isCustomThumbnail": 0,
    "builtinTags": [
        "category-work",
        "geo",
        "grid",
        "series-bar",
        "series-effectScatter",
        "series-lines",
        "series-map",
        "series-scatter",
        "timeline",
        "title",
        "tooltip",
        "visualMap"
    ],
    "customTags": [],
    "updaterUserName": "杨***d"
}