{
    "cid": "xErdUU7NZ8",
    "authorUid": "obd-ojD2J1-_2eHU3TncYEJL7ej94Xe50EI",
    "authorUserName": "王***d",
    "title": "镜像折线",
    "description": "",
    "latestVersion": 1,
    "alwaysLatest": 1,
    "createTime": "2020-08-06T08:47:48.000Z",
    "lastUpdateTime": "2020-08-06T08:47:48.000Z",
    "auth": 1,
    "uid": "obd-ojD2J1-_2eHU3TncYEJL7ej94Xe50EI",
    "publishedVersion": 0,
    "forkFrom": "-",
    "isSpam": 0,
    "version": 1,
    "parentVersion": -1,
    "echartsVersion": "4.8.0",
    "versionCreateTime": "2020-08-06T08:47:49.000Z",
    "html": "",
    "externalScripts": "",
    "updaterUID": "obd-ojD2J1-_2eHU3TncYEJL7ej94Xe50EI",
    "theme": "",
    "layout": "",
    "viewCount": 283,
    "userName": "王***d",
    "commentCount": 1,
    "starCount": 3,
    "isStared": 0,
    "thumbnailURL": "https://www.makeapie.com/ecg-storage/ec_gallery_thumbnail/xErdUU7NZ8.png?v=1596703669305",
    "isCustomThumbnail": 0,
    "builtinTags": [
        "category-work",
        "dataZoom",
        "grid",
        "legend",
        "markLine",
        "series-line",
        "tooltip"
    ],
    "customTags": [],
    "updaterUserName": "王***d"
}