{
    "cid": "xgcoNPoV-l",
    "authorUid": "bd-171648521",
    "authorUserName": "绿***绿",
    "title": "中国3D地图",
    "description": "3d地图\n",
    "latestVersion": 13,
    "alwaysLatest": 1,
    "createTime": "2020-08-06T09:32:12.000Z",
    "lastUpdateTime": "2020-08-06T09:32:12.000Z",
    "auth": 2,
    "uid": "bd-171648521",
    "publishedVersion": 0,
    "forkFrom": "-",
    "isSpam": 0,
    "version": 13,
    "parentVersion": 12,
    "echartsVersion": "4.8.0",
    "versionCreateTime": "2020-08-13T01:36:27.000Z",
    "html": "",
    "externalScripts": "/dep/echarts/map/js/china.js,https://echarts.baidu.com/resource/echarts-gl-latest/dist/echarts-gl.min.js",
    "updaterUID": "bd-171648521",
    "theme": "",
    "layout": "",
    "viewCount": 53,
    "userName": "绿***绿",
    "commentCount": 0,
    "starCount": 0,
    "isStared": 0,
    "thumbnailURL": "https://www.makeapie.com/ecg-storage/ec_gallery_thumbnail/xgcoNPoV-l.png?v=1597282587393",
    "isCustomThumbnail": 0,
    "builtinTags": [
        "category-work",
        "series-map3D",
        "title",
        "tooltip"
    ],
    "customTags": [],
    "updaterUserName": "绿***绿"
}