{
    "cid": "xK9EWn3US0",
    "authorUid": "obd-oMu8EHf1M48tRn5X1gVuh2VpQ-2Nt2q",
    "authorUserName": "性***发",
    "title": "防疫经费来源",
    "description": "数据来源：锡良档案中的清册",
    "latestVersion": 3,
    "alwaysLatest": 1,
    "createTime": "2020-08-08T06:30:41.000Z",
    "lastUpdateTime": "2020-08-08T06:30:41.000Z",
    "auth": 2,
    "uid": "obd-oMu8EHf1M48tRn5X1gVuh2VpQ-2Nt2q",
    "publishedVersion": 0,
    "forkFrom": "-",
    "isSpam": 0,
    "version": 3,
    "parentVersion": 2,
    "echartsVersion": "4.8.0",
    "versionCreateTime": "2020-08-12T09:47:42.000Z",
    "html": "",
    "externalScripts": "",
    "updaterUID": "obd-oMu8EHf1M48tRn5X1gVuh2VpQ-2Nt2q",
    "theme": "",
    "layout": "",
    "viewCount": 66,
    "userName": "性***发",
    "commentCount": 0,
    "starCount": 1,
    "isStared": 0,
    "thumbnailURL": "https://www.makeapie.com/ecg-storage/ec_gallery_thumbnail/xK9EWn3US0.png?v=1597225663100",
    "isCustomThumbnail": 0,
    "builtinTags": [
        "category-work",
        "series-sunburst",
        "title"
    ],
    "customTags": [],
    "updaterUserName": "性***发"
}