{
    "cid": "xKfbCkk8Sn",
    "authorUid": "bd-3892622203",
    "authorUserName": "s***1",
    "title": "全血细胞趋势",
    "description": "",
    "latestVersion": 6,
    "alwaysLatest": 1,
    "createTime": "2020-08-09T04:39:39.000Z",
    "lastUpdateTime": "2020-08-09T04:39:39.000Z",
    "auth": 2,
    "uid": "bd-3892622203",
    "publishedVersion": 0,
    "forkFrom": "-",
    "isSpam": 0,
    "version": 6,
    "parentVersion": 5,
    "echartsVersion": "4.8.0",
    "versionCreateTime": "2020-08-09T05:36:32.000Z",
    "html": "",
    "externalScripts": "",
    "updaterUID": "bd-3892622203",
    "theme": "",
    "layout": "",
    "viewCount": 4162,
    "userName": "s***1",
    "commentCount": 0,
    "starCount": 6,
    "isStared": 0,
    "thumbnailURL": "https://www.makeapie.com/ecg-storage/ec_gallery_thumbnail/xKfbCkk8Sn.png?v=1596951392440",
    "isCustomThumbnail": 0,
    "builtinTags": [
        "category-work",
        "grid",
        "legend",
        "markPoint",
        "series-line",
        "tooltip"
    ],
    "customTags": [],
    "updaterUserName": "s***1"
}