{
    "cid": "xKklqky5d6",
    "authorUid": "bd-68708734",
    "authorUserName": "有***谁",
    "title": "云网demo1",
    "description": "",
    "latestVersion": 2,
    "alwaysLatest": 1,
    "createTime": "2020-08-08T09:11:04.000Z",
    "lastUpdateTime": "2020-08-08T09:11:04.000Z",
    "auth": 2,
    "uid": "bd-68708734",
    "publishedVersion": 0,
    "forkFrom": "-",
    "isSpam": 0,
    "version": 2,
    "parentVersion": 1,
    "echartsVersion": "4.8.0",
    "versionCreateTime": "2020-08-13T07:19:21.000Z",
    "html": "",
    "externalScripts": "https://echarts.baidu.com/resource/echarts-gl-latest/dist/echarts-gl.min.js,/dep/echarts/map/js/china.js",
    "updaterUID": "bd-68708734",
    "theme": "",
    "layout": "",
    "viewCount": 154,
    "userName": "有***谁",
    "commentCount": 0,
    "starCount": 0,
    "isStared": 0,
    "thumbnailURL": "https://www.makeapie.com/ecg-storage/ec_gallery_thumbnail/xKklqky5d6.png?v=1597303161811",
    "isCustomThumbnail": 0,
    "builtinTags": [
        "category-work",
        "legend",
        "series-pie",
        "tooltip"
    ],
    "customTags": [],
    "updaterUserName": "有***谁"
}