{
    "cid": "xpXAeyUg_4",
    "authorUid": "bd-910820811",
    "authorUserName": "W***斯",
    "title": "实心饼图",
    "description": "",
    "latestVersion": 1,
    "alwaysLatest": 1,
    "createTime": "2020-08-08T06:54:11.000Z",
    "lastUpdateTime": "2020-08-08T06:54:11.000Z",
    "auth": 2,
    "uid": "bd-910820811",
    "publishedVersion": 0,
    "forkFrom": "-",
    "isSpam": 0,
    "version": 1,
    "parentVersion": -1,
    "echartsVersion": "4.8.0",
    "versionCreateTime": "2020-08-08T06:54:11.000Z",
    "html": "",
    "externalScripts": "",
    "updaterUID": "bd-910820811",
    "theme": "",
    "layout": "",
    "viewCount": 130,
    "userName": "W***斯",
    "commentCount": 0,
    "starCount": 0,
    "isStared": 0,
    "thumbnailURL": "https://www.makeapie.com/ecg-storage/ec_gallery_thumbnail/xpXAeyUg_4.png?v=1596869651564",
    "isCustomThumbnail": 0,
    "builtinTags": [
        "category-work",
        "graphic",
        "legend",
        "series-pie",
        "toolbox",
        "tooltip"
    ],
    "customTags": [],
    "updaterUserName": "W***斯"
}