{
    "cid": "xq8Hcg2-il",
    "authorUid": "obd-oNxF5K6UBd7xoC6OIMVGV045RCXy6Cx",
    "authorUserName": "q***d",
    "title": "进度条式柱图",
    "description": "",
    "latestVersion": 2,
    "alwaysLatest": 1,
    "createTime": "2020-08-06T09:31:37.000Z",
    "lastUpdateTime": "2020-08-06T09:31:37.000Z",
    "auth": 1,
    "uid": "obd-oNxF5K6UBd7xoC6OIMVGV045RCXy6Cx",
    "publishedVersion": 0,
    "forkFrom": "-",
    "isSpam": 0,
    "version": 2,
    "parentVersion": 1,
    "echartsVersion": "4.8.0",
    "versionCreateTime": "2021-02-08T10:13:17.000Z",
    "html": "",
    "externalScripts": "",
    "updaterUID": "obd-o2XuS6oQ68E4hFrpyi7aMs4vYItYoBH",
    "theme": "",
    "layout": "",
    "viewCount": 2048,
    "userName": "q***d",
    "commentCount": 0,
    "starCount": 8,
    "isStared": 0,
    "thumbnailURL": "https://www.makeapie.com/ecg-storage/ec_gallery_thumbnail/xq8Hcg2-il.png?v=1612779197772",
    "isCustomThumbnail": 0,
    "builtinTags": [
        "category-work",
        "grid",
        "series-bar"
    ],
    "customTags": [],
    "updaterUserName": "笑***1"
}