{
    "cid": "xqeCfaLjUT",
    "authorUid": "bd-910820811",
    "authorUserName": "W***斯",
    "title": "横向柱状图",
    "description": "graphic 和 柱状图的结合使用",
    "latestVersion": 1,
    "alwaysLatest": 1,
    "createTime": "2020-08-08T07:42:10.000Z",
    "lastUpdateTime": "2020-08-08T07:42:10.000Z",
    "auth": 2,
    "uid": "bd-910820811",
    "publishedVersion": 0,
    "forkFrom": "-",
    "isSpam": 0,
    "version": 1,
    "parentVersion": -1,
    "echartsVersion": "4.8.0",
    "versionCreateTime": "2020-08-08T07:42:10.000Z",
    "html": "",
    "externalScripts": "",
    "updaterUID": "bd-910820811",
    "theme": "",
    "layout": "",
    "viewCount": 30,
    "userName": "W***斯",
    "commentCount": 0,
    "starCount": 0,
    "isStared": 0,
    "thumbnailURL": "https://www.makeapie.com/ecg-storage/ec_gallery_thumbnail/xqeCfaLjUT.png?v=1596872530656",
    "isCustomThumbnail": 0,
    "builtinTags": [
        "category-work",
        "graphic",
        "grid",
        "legend",
        "series-bar",
        "tooltip"
    ],
    "customTags": [],
    "updaterUserName": "W***斯"
}