{
    "cid": "xxc0kZMDr4",
    "authorUid": "obd-ojD2J1-_2eHU3TncYEJL7ej94Xe50EI",
    "authorUserName": "王***d",
    "title": "搓板分组柱状图",
    "description": "",
    "latestVersion": 6,
    "alwaysLatest": 1,
    "createTime": "2020-08-06T08:03:33.000Z",
    "lastUpdateTime": "2020-08-06T08:03:33.000Z",
    "auth": 1,
    "uid": "obd-ojD2J1-_2eHU3TncYEJL7ej94Xe50EI",
    "publishedVersion": 0,
    "forkFrom": "-",
    "isSpam": 0,
    "version": 6,
    "parentVersion": 5,
    "echartsVersion": "4.9.0",
    "versionCreateTime": "2021-06-11T11:32:27.000Z",
    "html": "",
    "externalScripts": "",
    "updaterUID": "obd-ojD2J1-_2eHU3TncYEJL7ej94Xe50EI",
    "theme": "",
    "layout": "",
    "viewCount": 3852,
    "userName": "王***d",
    "commentCount": 1,
    "starCount": 8,
    "isStared": 0,
    "thumbnailURL": "https://www.makeapie.com/ecg-storage/ec_gallery_thumbnail/xxc0kZMDr4.png?v=1623411147259",
    "isCustomThumbnail": 0,
    "builtinTags": [
        "category-work",
        "dataZoom",
        "grid",
        "legend",
        "markLine",
        "series-line",
        "series-pictorialBar",
        "title",
        "tooltip"
    ],
    "customTags": [],
    "updaterUserName": "王***d"
}