{
    "cid": "xXCT1qcv9B",
    "authorUid": "obd-o-HS0ZTEBpotGpv-NJsAwpsi1oLQiAQ",
    "authorUserName": "s***1",
    "title": "分类百分比柱图",
    "description": "横向柱图，Y轴标签+数值标签调位展示",
    "latestVersion": 3,
    "alwaysLatest": 1,
    "createTime": "2020-08-06T10:00:13.000Z",
    "lastUpdateTime": "2020-08-17T08:09:23.000Z",
    "auth": 1,
    "uid": "obd-o-HS0ZTEBpotGpv-NJsAwpsi1oLQiAQ",
    "publishedVersion": 0,
    "forkFrom": "-",
    "isSpam": 0,
    "version": 3,
    "parentVersion": 2,
    "echartsVersion": "4.8.0",
    "versionCreateTime": "2020-08-17T10:09:13.000Z",
    "html": "",
    "externalScripts": "",
    "updaterUID": "obd-o-HS0ZTEBpotGpv-NJsAwpsi1oLQiAQ",
    "theme": "dark",
    "layout": "",
    "viewCount": 61,
    "userName": "s***1",
    "commentCount": 0,
    "starCount": 1,
    "isStared": 0,
    "thumbnailURL": "https://www.makeapie.com/ecg-storage/ec_gallery_thumbnail/xXCT1qcv9B.png?v=1597658953970",
    "isCustomThumbnail": 0,
    "builtinTags": [],
    "customTags": [],
    "updaterUserName": "s***1"
}