{
    "cid": "xzW5ipBKod",
    "authorUid": "obd-ojnT5tSZJmq6Cighx2Iq8bxB1YZtgDG",
    "authorUserName": "b***u",
    "title": "echarts自适应div尺寸的变化",
    "description": "echarts自适应div尺寸的变化",
    "latestVersion": 2,
    "alwaysLatest": 1,
    "createTime": "2020-08-07T16:13:09.000Z",
    "lastUpdateTime": "2020-08-07T16:13:09.000Z",
    "auth": 2,
    "uid": "obd-ojnT5tSZJmq6Cighx2Iq8bxB1YZtgDG",
    "publishedVersion": 0,
    "forkFrom": "-",
    "isSpam": 0,
    "version": 2,
    "parentVersion": 1,
    "echartsVersion": "4.8.0",
    "versionCreateTime": "2020-08-07T16:13:57.000Z",
    "html": "",
    "externalScripts": "",
    "updaterUID": "obd-ojnT5tSZJmq6Cighx2Iq8bxB1YZtgDG",
    "theme": "",
    "layout": "",
    "viewCount": 46,
    "userName": "b***u",
    "commentCount": 0,
    "starCount": 0,
    "isStared": 0,
    "thumbnailURL": "https://www.makeapie.com/ecg-storage/ec_gallery_thumbnail/xzW5ipBKod.png?v=1596816837559",
    "isCustomThumbnail": 0,
    "builtinTags": [
        "category-work",
        "grid",
        "series-line"
    ],
    "customTags": [
        "resize",
        "自适应"
    ],
    "updaterUserName": "b***u"
}