{
    "cid": "x2Kly0k73Y",
    "authorUid": "bd-929366491",
    "authorUserName": "遗***夏",
    "title": "颜色比较多的柱状图 --EK",
    "description": "",
    "latestVersion": 1,
    "alwaysLatest": 0,
    "createTime": "2021-09-07T01:59:37.000Z",
    "lastUpdateTime": "2021-09-07T01:59:37.000Z",
    "auth": 2,
    "uid": "bd-929366491",
    "publishedVersion": 0,
    "forkFrom": "-",
    "isSpam": 0,
    "version": 1,
    "parentVersion": -1,
    "echartsVersion": "5.2.0",
    "versionCreateTime": "2021-09-07T01:59:37.000Z",
    "html": "",
    "externalScripts": "",
    "updaterUID": "bd-929366491",
    "theme": "",
    "layout": "",
    "viewCount": 0,
    "userName": "遗***夏",
    "commentCount": 0,
    "starCount": 0,
    "isStared": 0,
    "thumbnailURL": "https://www.makeapie.com/ecg-storage/ec_gallery_thumbnail/x2Kly0k73Y.png?v=1630979977608",
    "isCustomThumbnail": 0,
    "builtinTags": [
        "category-work",
        "grid",
        "series-bar"
    ],
    "customTags": [],
    "updaterUserName": "遗***夏"
}