{
    "cid": "xbVccKKtGT",
    "authorUid": "obd-olzlS3XHONSiXBQ5hqUE4juZajtPF0U",
    "authorUserName": "C***酱",
    "title": "流程",
    "description": "",
    "latestVersion": 5,
    "alwaysLatest": 0,
    "createTime": "2021-09-07T08:02:50.000Z",
    "lastUpdateTime": "2021-09-07T08:51:01.000Z",
    "auth": 2,
    "uid": "obd-olzlS3XHONSiXBQ5hqUE4juZajtPF0U",
    "publishedVersion": 0,
    "forkFrom": "-",
    "isSpam": 0,
    "version": 5,
    "parentVersion": 4,
    "echartsVersion": "5.2.0",
    "versionCreateTime": "2021-09-07T08:51:01.000Z",
    "html": "",
    "externalScripts": "",
    "updaterUID": "obd-olzlS3XHONSiXBQ5hqUE4juZajtPF0U",
    "theme": "",
    "layout": "",
    "viewCount": 0,
    "userName": "C***酱",
    "commentCount": 0,
    "starCount": 4,
    "isStared": 0,
    "thumbnailURL": "https://www.makeapie.com/ecg-storage/ec_gallery_thumbnail/xbVccKKtGT.png?v=1631004661454",
    "isCustomThumbnail": 0,
    "builtinTags": [
        "category-work",
        "grid",
        "series-graph",
        "series-lines"
    ],
    "customTags": [],
    "updaterUserName": "C***酱"
}