{
    "cid": "xeHVxt6gnD",
    "authorUid": "bd-2218151701",
    "authorUserName": "爱***鲜",
    "title": " 横向柱状图",
    "description": "",
    "latestVersion": 1,
    "alwaysLatest": 0,
    "createTime": "2021-09-07T03:15:33.000Z",
    "lastUpdateTime": "2021-09-07T03:15:33.000Z",
    "auth": 2,
    "uid": "bd-2218151701",
    "publishedVersion": 0,
    "forkFrom": "-",
    "isSpam": 0,
    "version": 1,
    "parentVersion": -1,
    "echartsVersion": "5.2.0",
    "versionCreateTime": "2021-09-07T03:15:33.000Z",
    "html": "",
    "externalScripts": "",
    "updaterUID": "bd-2218151701",
    "theme": "",
    "layout": "",
    "viewCount": 0,
    "userName": "爱***鲜",
    "commentCount": 0,
    "starCount": 0,
    "isStared": 0,
    "thumbnailURL": "https://www.makeapie.com/ecg-storage/ec_gallery_thumbnail/xeHVxt6gnD.png?v=1630984533614",
    "isCustomThumbnail": 0,
    "builtinTags": [
        "category-work",
        "grid",
        "series-bar",
        "tooltip"
    ],
    "customTags": [],
    "updaterUserName": "爱***鲜"
}