{
    "cid": "xgk-hrCNR-",
    "authorUid": "obd-oFy6ABsC1B3LykIYwLoZ8yLIuKLm95u",
    "authorUserName": "蠢***心",
    "title": "航行时间柱状图",
    "description": "",
    "latestVersion": 13,
    "alwaysLatest": 0,
    "createTime": "2021-09-07T02:45:15.000Z",
    "lastUpdateTime": "2021-09-15T09:31:43.000Z",
    "auth": 2,
    "uid": "obd-oFy6ABsC1B3LykIYwLoZ8yLIuKLm95u",
    "publishedVersion": 0,
    "forkFrom": "-",
    "isSpam": 0,
    "version": 13,
    "parentVersion": 12,
    "echartsVersion": "4.9.0",
    "versionCreateTime": "2021-09-15T09:31:43.000Z",
    "html": "",
    "externalScripts": "",
    "updaterUID": "obd-oFy6ABsC1B3LykIYwLoZ8yLIuKLm95u",
    "theme": "",
    "layout": "",
    "viewCount": 0,
    "userName": "蠢***心",
    "commentCount": 0,
    "starCount": 0,
    "isStared": 0,
    "thumbnailURL": "https://www.makeapie.com/ecg-storage/ec_gallery_thumbnail/xgk-hrCNR-.png?v=1631698303228",
    "isCustomThumbnail": 0,
    "builtinTags": [
        "category-work",
        "grid",
        "legend",
        "series-bar",
        "title",
        "tooltip"
    ],
    "customTags": [],
    "updaterUserName": "蠢***心"
}