{
    "cid": "xnabHwBNWp",
    "authorUid": "bd-3808521487",
    "authorUserName": "请***片",
    "title": "bar",
    "description": "",
    "latestVersion": 1,
    "alwaysLatest": 0,
    "createTime": "2021-09-07T07:48:32.000Z",
    "lastUpdateTime": "2021-09-07T07:48:32.000Z",
    "auth": 2,
    "uid": "bd-3808521487",
    "publishedVersion": 0,
    "forkFrom": "-",
    "isSpam": 0,
    "version": 1,
    "parentVersion": -1,
    "echartsVersion": "5.2.0",
    "versionCreateTime": "2021-09-07T07:48:32.000Z",
    "html": "",
    "externalScripts": "",
    "updaterUID": "bd-3808521487",
    "theme": "",
    "layout": "",
    "viewCount": 0,
    "userName": "请***片",
    "commentCount": 0,
    "starCount": 0,
    "isStared": 0,
    "thumbnailURL": "https://www.makeapie.com/ecg-storage/ec_gallery_thumbnail/xnabHwBNWp.png?v=1631000912466",
    "isCustomThumbnail": 0,
    "builtinTags": [
        "category-work",
        "grid",
        "series-bar",
        "series-custom",
        "title"
    ],
    "customTags": [],
    "updaterUserName": "请***片"
}