{
    "cid": "xp2MIzr4aE",
    "authorUid": "obd-otnT9o_JsJMuD5jKItoonsBVwIzt-8b",
    "authorUserName": "a***4",
    "title": "饼图",
    "description": "",
    "latestVersion": 2,
    "alwaysLatest": 0,
    "createTime": "2021-09-06T08:36:44.000Z",
    "lastUpdateTime": "2021-09-07T06:17:29.000Z",
    "auth": 1,
    "uid": "obd-otnT9o_JsJMuD5jKItoonsBVwIzt-8b",
    "publishedVersion": 0,
    "forkFrom": "-",
    "isSpam": 0,
    "version": 2,
    "parentVersion": 1,
    "echartsVersion": "5.2.0",
    "versionCreateTime": "2021-09-07T06:17:29.000Z",
    "html": "",
    "externalScripts": "",
    "updaterUID": "obd-otnT9o_JsJMuD5jKItoonsBVwIzt-8b",
    "theme": "",
    "layout": "",
    "viewCount": 0,
    "userName": "a***4",
    "commentCount": 0,
    "starCount": 8,
    "isStared": 0,
    "thumbnailURL": "https://www.makeapie.com/ecg-storage/ec_gallery_thumbnail/xp2MIzr4aE.png?v=1630995449758",
    "isCustomThumbnail": 0,
    "builtinTags": [
        "category-work",
        "series-pie",
        "tooltip"
    ],
    "customTags": [],
    "updaterUserName": "a***4"
}