{
    "cid": "xUOO0Z-eMX",
    "authorUid": "bd-974516874",
    "authorUserName": "彻***O",
    "title": "地图",
    "description": "",
    "latestVersion": 1,
    "alwaysLatest": 0,
    "createTime": "2021-09-04T08:41:50.000Z",
    "lastUpdateTime": "2021-09-04T08:41:50.000Z",
    "auth": 2,
    "uid": "bd-974516874",
    "publishedVersion": 0,
    "forkFrom": "-",
    "isSpam": 0,
    "version": 1,
    "parentVersion": -1,
    "echartsVersion": "5.2.0",
    "versionCreateTime": "2021-09-04T08:41:50.000Z",
    "html": "",
    "externalScripts": "/dep/echarts/map/js/china.js,/dep/echarts/latest/extension/bmap.min.js,/dep/echarts/map/js/world.js",
    "updaterUID": "bd-974516874",
    "theme": "",
    "layout": "",
    "viewCount": 0,
    "userName": "彻***O",
    "commentCount": 0,
    "starCount": 3,
    "isStared": 0,
    "thumbnailURL": "https://www.makeapie.com/ecg-storage/ec_gallery_thumbnail/xUOO0Z-eMX.png?v=1630744910660",
    "isCustomThumbnail": 0,
    "builtinTags": [
        "category-work",
        "geo",
        "tooltip"
    ],
    "customTags": [],
    "updaterUserName": "彻***O"
}