{
    "cid": "xWk0PVWnLj",
    "authorUid": "bd-3244135873",
    "authorUserName": "金***1",
    "title": "蓄电池总电压采集值对比",
    "description": "根据阈值动态改变柱子颜色",
    "latestVersion": 1,
    "alwaysLatest": 0,
    "createTime": "2021-09-07T07:10:07.000Z",
    "lastUpdateTime": "2021-09-07T07:10:07.000Z",
    "auth": 2,
    "uid": "bd-3244135873",
    "publishedVersion": 0,
    "forkFrom": "-",
    "isSpam": 0,
    "version": 1,
    "parentVersion": -1,
    "echartsVersion": "5.2.0",
    "versionCreateTime": "2021-09-07T07:10:07.000Z",
    "html": "",
    "externalScripts": "",
    "updaterUID": "bd-3244135873",
    "theme": "",
    "layout": "",
    "viewCount": 0,
    "userName": "金***1",
    "commentCount": 0,
    "starCount": 0,
    "isStared": 0,
    "thumbnailURL": "https://www.makeapie.com/ecg-storage/ec_gallery_thumbnail/xWk0PVWnLj.png?v=1630998607488",
    "isCustomThumbnail": 0,
    "builtinTags": [
        "category-work",
        "grid",
        "series-bar",
        "title",
        "tooltip"
    ],
    "customTags": [],
    "updaterUserName": "金***1"
}