{
    "cid": "xyKCu9dJdD",
    "authorUid": "obd-otnT9o_JsJMuD5jKItoonsBVwIzt-8b",
    "authorUserName": "a***4",
    "title": "两个对比分析图",
    "description": "",
    "latestVersion": 3,
    "alwaysLatest": 1,
    "createTime": "2021-09-07T03:45:31.000Z",
    "lastUpdateTime": "2021-09-07T03:57:43.000Z",
    "auth": 2,
    "uid": "obd-otnT9o_JsJMuD5jKItoonsBVwIzt-8b",
    "publishedVersion": 0,
    "forkFrom": "-",
    "isSpam": 0,
    "version": 3,
    "parentVersion": 2,
    "echartsVersion": "5.2.0",
    "versionCreateTime": "2021-09-07T03:57:43.000Z",
    "html": "",
    "externalScripts": "",
    "updaterUID": "obd-otnT9o_JsJMuD5jKItoonsBVwIzt-8b",
    "theme": "",
    "layout": "",
    "viewCount": 0,
    "userName": "a***4",
    "commentCount": 0,
    "starCount": 9,
    "isStared": 0,
    "thumbnailURL": "https://www.makeapie.com/ecg-storage/ec_gallery_thumbnail/xyKCu9dJdD.png?v=1630987063627",
    "isCustomThumbnail": 0,
    "builtinTags": [
        "category-work",
        "grid",
        "series-bar"
    ],
    "customTags": [],
    "updaterUserName": "a***4"
}