{
    "cid": "xypQO50rKg",
    "authorUid": "obd-ojLRBrAONi5_FL-D7zCsQEUi8H6CYEn",
    "authorUserName": "苏***缚",
    "title": "",
    "description": "",
    "latestVersion": 1,
    "alwaysLatest": 0,
    "createTime": "2021-09-06T16:30:17.000Z",
    "lastUpdateTime": "2021-09-06T16:30:17.000Z",
    "auth": 2,
    "uid": "obd-ojLRBrAONi5_FL-D7zCsQEUi8H6CYEn",
    "publishedVersion": 0,
    "forkFrom": "-",
    "isSpam": 0,
    "version": 1,
    "parentVersion": -1,
    "echartsVersion": "5.2.0",
    "versionCreateTime": "2021-09-06T16:30:17.000Z",
    "html": "",
    "externalScripts": "",
    "updaterUID": "obd-ojLRBrAONi5_FL-D7zCsQEUi8H6CYEn",
    "theme": "",
    "layout": "",
    "viewCount": 0,
    "userName": "苏***缚",
    "commentCount": 0,
    "starCount": 0,
    "isStared": 0,
    "thumbnailURL": "https://www.makeapie.com/ecg-storage/ec_gallery_thumbnail/xypQO50rKg.png?v=1630945817418",
    "isCustomThumbnail": 0,
    "builtinTags": [
        "category-work",
        "grid",
        "series-bar"
    ],
    "customTags": [],
    "updaterUserName": "苏***缚"
}