{
    "cid": "xZmb0JKxGL",
    "authorUid": "bd-929366491",
    "authorUserName": "遗***夏",
    "title": "词云 --EK",
    "description": "",
    "latestVersion": 2,
    "alwaysLatest": 0,
    "createTime": "2021-09-07T09:10:08.000Z",
    "lastUpdateTime": "2021-09-07T09:11:37.000Z",
    "auth": 2,
    "uid": "bd-929366491",
    "publishedVersion": 0,
    "forkFrom": "-",
    "isSpam": 0,
    "version": 2,
    "parentVersion": 1,
    "echartsVersion": "4.9.0",
    "versionCreateTime": "2021-09-07T09:11:37.000Z",
    "html": "",
    "externalScripts": "https://oisanjavax.github.io/echarts-wordcloud/dist/echarts-wordcloud.min.js",
    "updaterUID": "bd-929366491",
    "theme": "",
    "layout": "",
    "viewCount": 0,
    "userName": "遗***夏",
    "commentCount": 0,
    "starCount": 2,
    "isStared": 0,
    "thumbnailURL": "https://www.makeapie.com/ecg-storage/ec_gallery_thumbnail/xZmb0JKxGL.png?v=1631005897266",
    "isCustomThumbnail": 0,
    "builtinTags": [
        "category-work",
        "series-wordCloud",
        "tooltip"
    ],
    "customTags": [],
    "updaterUserName": "遗***夏"
}