{
    "cid": "x-uf_oMNcU",
    "authorUid": "obd-oEgw8Gpbsy-r87HrxoICPkT-N161C4b",
    "authorUserName": "温***眼",
    "title": "Awesome Chart",
    "description": "",
    "latestVersion": 1,
    "alwaysLatest": 0,
    "createTime": "2021-05-12T10:00:46.000Z",
    "lastUpdateTime": "2021-05-12T10:00:46.000Z",
    "auth": 2,
    "uid": "obd-oEgw8Gpbsy-r87HrxoICPkT-N161C4b",
    "publishedVersion": 0,
    "forkFrom": "-",
    "isSpam": 0,
    "version": 1,
    "parentVersion": -1,
    "echartsVersion": "5.1.1",
    "versionCreateTime": "2021-05-12T10:00:46.000Z",
    "html": "",
    "externalScripts": "",
    "updaterUID": "obd-oEgw8Gpbsy-r87HrxoICPkT-N161C4b",
    "theme": "",
    "layout": "",
    "viewCount": 0,
    "userName": "温***眼",
    "commentCount": 0,
    "starCount": 0,
    "isStared": 0,
    "thumbnailURL": "https://www.makeapie.com/ecg-storage/ec_gallery_thumbnail/x-uf_oMNcU.png?v=1620813647118",
    "isCustomThumbnail": 0,
    "builtinTags": [
        "category-work",
        "grid",
        "series-bar",
        "title"
    ],
    "customTags": [],
    "updaterUserName": "温***眼"
}