{
    "cid": "x3xwZyfr0Y",
    "authorUid": "obd-oM3zkwLzyXVx0EvbQUJuvnYMNrBKR2g",
    "authorUserName": "温***n",
    "title": "仪表盘-年度投资",
    "description": "",
    "latestVersion": 15,
    "alwaysLatest": 0,
    "createTime": "2021-05-13T11:52:40.000Z",
    "lastUpdateTime": "2021-11-25T14:43:13.000Z",
    "auth": 1,
    "uid": "obd-oM3zkwLzyXVx0EvbQUJuvnYMNrBKR2g",
    "publishedVersion": 0,
    "forkFrom": "-",
    "isSpam": 0,
    "version": 15,
    "parentVersion": 14,
    "echartsVersion": "5.1.1",
    "versionCreateTime": "2021-11-25T14:43:13.000Z",
    "html": "",
    "externalScripts": "",
    "updaterUID": "obd-oM18etZjWukmgBZIUZLPNxiYBKiP-2L",
    "theme": "",
    "layout": "",
    "viewCount": 0,
    "userName": "温***n",
    "commentCount": 0,
    "starCount": 7,
    "isStared": 0,
    "thumbnailURL": "https://www.makeapie.com/ecg-storage/ec_gallery_thumbnail/x3xwZyfr0Y.png?v=1637851393380",
    "isCustomThumbnail": 0,
    "builtinTags": [
        "category-work",
        "legend",
        "series-gauge",
        "title"
    ],
    "customTags": [],
    "updaterUserName": "151******65"
}