{
    "cid": "xI6xOSnOeR",
    "authorUid": "bd-4178186601",
    "authorUserName": "2***0",
    "title": "环境监测",
    "description": "",
    "latestVersion": 2,
    "alwaysLatest": 1,
    "createTime": "2021-05-12T07:33:28.000Z",
    "lastUpdateTime": "2021-05-12T07:33:28.000Z",
    "auth": 2,
    "uid": "bd-4178186601",
    "publishedVersion": 0,
    "forkFrom": "-",
    "isSpam": 0,
    "version": 2,
    "parentVersion": 1,
    "echartsVersion": "5.1.1",
    "versionCreateTime": "2021-05-12T07:33:55.000Z",
    "html": "",
    "externalScripts": "",
    "updaterUID": "bd-4178186601",
    "theme": "",
    "layout": "",
    "viewCount": 0,
    "userName": "2***0",
    "commentCount": 0,
    "starCount": 1,
    "isStared": 0,
    "thumbnailURL": "https://www.makeapie.com/ecg-storage/ec_gallery_thumbnail/xI6xOSnOeR.png?v=1620804835798",
    "isCustomThumbnail": 0,
    "builtinTags": [
        "category-work",
        "series-pie",
        "title"
    ],
    "customTags": [],
    "updaterUserName": "2***0"
}