{
    "cid": "xKujFgM0wE",
    "authorUid": "obd-ojazAcIOz7mZHJ3FulkITQORw3OgeEf",
    "authorUserName": "刈***5",
    "title": "叠加旋转效果",
    "description": "",
    "latestVersion": 1,
    "alwaysLatest": 0,
    "createTime": "2021-05-12T10:24:07.000Z",
    "lastUpdateTime": "2021-05-12T10:24:07.000Z",
    "auth": 2,
    "uid": "obd-ojazAcIOz7mZHJ3FulkITQORw3OgeEf",
    "publishedVersion": 0,
    "forkFrom": "-",
    "isSpam": 0,
    "version": 1,
    "parentVersion": -1,
    "echartsVersion": "5.1.1",
    "versionCreateTime": "2021-05-12T10:24:07.000Z",
    "html": "",
    "externalScripts": "",
    "updaterUID": "obd-ojazAcIOz7mZHJ3FulkITQORw3OgeEf",
    "theme": "",
    "layout": "",
    "viewCount": 0,
    "userName": "刈***5",
    "commentCount": 0,
    "starCount": 1,
    "isStared": 0,
    "thumbnailURL": "https://www.makeapie.com/ecg-storage/ec_gallery_thumbnail/xKujFgM0wE.png?v=1620815047264",
    "isCustomThumbnail": 0,
    "builtinTags": [
        "category-work",
        "series-custom",
        "title"
    ],
    "customTags": [],
    "updaterUserName": "刈***5"
}