{
    "cid": "xok5XY9Kr2",
    "authorUid": "bd-3423954353",
    "authorUserName": "枫***子",
    "title": "世界人口总量",
    "description": "数据来自网络",
    "latestVersion": 1,
    "alwaysLatest": 0,
    "createTime": "2021-05-13T00:40:05.000Z",
    "lastUpdateTime": "2021-05-13T00:40:05.000Z",
    "auth": 2,
    "uid": "bd-3423954353",
    "publishedVersion": 0,
    "forkFrom": "-",
    "isSpam": 0,
    "version": 1,
    "parentVersion": -1,
    "echartsVersion": "5.1.1",
    "versionCreateTime": "2021-05-13T00:40:05.000Z",
    "html": "",
    "externalScripts": "",
    "updaterUID": "bd-3423954353",
    "theme": "",
    "layout": "",
    "viewCount": 0,
    "userName": "枫***子",
    "commentCount": 0,
    "starCount": 0,
    "isStared": 0,
    "thumbnailURL": "https://www.makeapie.com/ecg-storage/ec_gallery_thumbnail/xok5XY9Kr2.png?v=1620866406037",
    "isCustomThumbnail": 0,
    "builtinTags": [
        "category-work",
        "grid",
        "legend",
        "series-bar",
        "title",
        "tooltip"
    ],
    "customTags": [],
    "updaterUserName": "枫***子"
}