{
    "cid": "xu3oL84E9v",
    "authorUid": "obd-oDoa8L5uR364zXRk5QpC_cigut0tw1m",
    "authorUserName": "花***n",
    "title": "8-玫瑰图-学历",
    "description": "",
    "latestVersion": 2,
    "alwaysLatest": 0,
    "createTime": "2021-05-13T01:08:23.000Z",
    "lastUpdateTime": "2021-05-13T01:08:23.000Z",
    "auth": 1,
    "uid": "obd-oDoa8L5uR364zXRk5QpC_cigut0tw1m",
    "publishedVersion": 0,
    "forkFrom": "-",
    "isSpam": 0,
    "version": 2,
    "parentVersion": 1,
    "echartsVersion": "5.1.1",
    "versionCreateTime": "2021-05-13T03:02:39.000Z",
    "html": "",
    "externalScripts": "",
    "updaterUID": "obd-oDoa8L5uR364zXRk5QpC_cigut0tw1m",
    "theme": "",
    "layout": "",
    "viewCount": 0,
    "userName": "花***n",
    "commentCount": 0,
    "starCount": 1,
    "isStared": 0,
    "thumbnailURL": "https://www.makeapie.com/ecg-storage/ec_gallery_thumbnail/xu3oL84E9v.png?v=1620874959975",
    "isCustomThumbnail": 0,
    "builtinTags": [
        "category-work",
        "series-pie",
        "toolbox"
    ],
    "customTags": [],
    "updaterUserName": "花***n"
}