{
    "cid": "xUK9qmX6RW",
    "authorUid": "obd-oDoa8L5uR364zXRk5QpC_cigut0tw1m",
    "authorUserName": "花***n",
    "title": "9-仪表盘-全校双师占比",
    "description": "",
    "latestVersion": 1,
    "alwaysLatest": 0,
    "createTime": "2021-05-13T01:11:08.000Z",
    "lastUpdateTime": "2021-05-13T01:11:08.000Z",
    "auth": 1,
    "uid": "obd-oDoa8L5uR364zXRk5QpC_cigut0tw1m",
    "publishedVersion": 0,
    "forkFrom": "-",
    "isSpam": 0,
    "version": 1,
    "parentVersion": -1,
    "echartsVersion": "5.1.1",
    "versionCreateTime": "2021-05-13T01:11:08.000Z",
    "html": "",
    "externalScripts": "",
    "updaterUID": "obd-oDoa8L5uR364zXRk5QpC_cigut0tw1m",
    "theme": "",
    "layout": "",
    "viewCount": 0,
    "userName": "花***n",
    "commentCount": 0,
    "starCount": 0,
    "isStared": 0,
    "thumbnailURL": "https://www.makeapie.com/ecg-storage/ec_gallery_thumbnail/xUK9qmX6RW.undefined?v=",
    "isCustomThumbnail": 0,
    "builtinTags": [
        "category-work"
    ],
    "customTags": [],
    "updaterUserName": "花***n"
}