{
    "cid": "x8_dOrMSr9",
    "authorUid": "bd-2776330661",
    "authorUserName": "183******17",
    "title": "會員性別比例",
    "description": "",
    "latestVersion": 5,
    "alwaysLatest": 1,
    "createTime": "2019-05-31T09:51:51.000Z",
    "lastUpdateTime": "2019-05-31T09:51:51.000Z",
    "auth": 2,
    "uid": "bd-2776330661",
    "publishedVersion": 0,
    "forkFrom": "-",
    "isSpam": 0,
    "version": 5,
    "parentVersion": 4,
    "echartsVersion": "4.2.1",
    "versionCreateTime": "2019-05-31T14:36:15.000Z",
    "html": "",
    "externalScripts": "",
    "updaterUID": "bd-2776330661",
    "theme": "",
    "layout": "",
    "viewCount": 93,
    "userName": "183******17",
    "commentCount": 0,
    "starCount": 2,
    "isStared": 0,
    "thumbnailURL": "https://www.makeapie.com/ecg-storage/ec_gallery_thumbnail/x8_dOrMSr9.png?v=1559313375277",
    "isCustomThumbnail": 0,
    "builtinTags": [
        "category-work",
        "series-pie"
    ],
    "customTags": [],
    "updaterUserName": "183******17"
}