{
    "cid": "xBIaI8js0X",
    "authorUid": "bd-101698999",
    "authorUserName": "Z***8",
    "title": "文曲星词典猜数字游戏",
    "description": "文曲星词典猜数字游戏\n1A1B 解释：1A 代表有一个数字相同且位置相同，1B 代表有一个数字相同位置不同",
    "latestVersion": 1,
    "alwaysLatest": 1,
    "createTime": "2019-05-30T08:18:32.000Z",
    "lastUpdateTime": "2019-05-30T08:18:32.000Z",
    "auth": 2,
    "uid": "bd-101698999",
    "publishedVersion": 0,
    "forkFrom": "-",
    "isSpam": 0,
    "version": 1,
    "parentVersion": -1,
    "echartsVersion": "4.2.1",
    "versionCreateTime": "2019-05-30T08:18:32.000Z",
    "html": "",
    "externalScripts": "/dep/echarts/map/js/world.js,https://echarts.baidu.com/resource/echarts-gl-latest/dist/echarts-gl.min.js",
    "updaterUID": "bd-101698999",
    "theme": "",
    "layout": "",
    "viewCount": 349,
    "userName": "Z***8",
    "commentCount": 0,
    "starCount": 2,
    "isStared": 0,
    "thumbnailURL": "https://www.makeapie.com/ecg-storage/ec_gallery_thumbnail/xBIaI8js0X.png?v=1559204312375",
    "isCustomThumbnail": 0,
    "builtinTags": [
        "category-work",
        "graphic",
        "grid",
        "series-heatmap",
        "title",
        "tooltip"
    ],
    "customTags": [],
    "updaterUserName": "Z***8"
}