{
    "cid": "xf8UVaHEJN",
    "authorUid": "bd-1768347336",
    "authorUserName": "哈***伴",
    "title": "多層bar的tooltip同時顯示數值、百分比、圖例",
    "description": "原本多層的柱狀圖只能顯示數值\n這個tooltip的formatter可以\n同時顯示數值與百分比，並顯示顏色圖例",
    "latestVersion": 2,
    "alwaysLatest": 1,
    "createTime": "2019-05-31T06:59:25.000Z",
    "lastUpdateTime": "2019-05-31T06:59:25.000Z",
    "auth": 2,
    "uid": "bd-1768347336",
    "publishedVersion": 0,
    "forkFrom": "-",
    "isSpam": 0,
    "version": 2,
    "parentVersion": 1,
    "echartsVersion": "4.2.1",
    "versionCreateTime": "2019-05-31T07:02:34.000Z",
    "html": "",
    "externalScripts": "",
    "updaterUID": "bd-1768347336",
    "theme": "",
    "layout": "",
    "viewCount": 91,
    "userName": "哈***伴",
    "commentCount": 0,
    "starCount": 0,
    "isStared": 0,
    "thumbnailURL": "https://www.makeapie.com/ecg-storage/ec_gallery_thumbnail/xf8UVaHEJN.png?v=1559286154982",
    "isCustomThumbnail": 0,
    "builtinTags": [
        "category-work",
        "grid",
        "series-bar",
        "tooltip"
    ],
    "customTags": [],
    "updaterUserName": "哈***伴"
}