{
    "cid": "xGKVa1WdvK",
    "authorUid": "bd-3928677882",
    "authorUserName": "高***范",
    "title": "综合评估仪表盘",
    "description": "用于评分评级的仪表",
    "latestVersion": 1,
    "alwaysLatest": 1,
    "createTime": "2019-06-02T06:02:35.000Z",
    "lastUpdateTime": "2019-06-02T06:02:35.000Z",
    "auth": 2,
    "uid": "bd-3928677882",
    "publishedVersion": 0,
    "forkFrom": "-",
    "isSpam": 0,
    "version": 1,
    "parentVersion": -1,
    "echartsVersion": "4.2.1",
    "versionCreateTime": "2019-06-02T06:02:35.000Z",
    "html": "",
    "externalScripts": "",
    "updaterUID": "bd-3928677882",
    "theme": "",
    "layout": "",
    "viewCount": 2127,
    "userName": "高***范",
    "commentCount": 0,
    "starCount": 10,
    "isStared": 0,
    "thumbnailURL": "https://www.makeapie.com/ecg-storage/ec_gallery_thumbnail/xGKVa1WdvK.png?v=1559455355776",
    "isCustomThumbnail": 0,
    "builtinTags": [
        "category-work",
        "series-gauge"
    ],
    "customTags": [],
    "updaterUserName": "高***范"
}