{
    "cid": "xiI_CcZEF-",
    "authorUid": "bd-3594736627",
    "authorUserName": "q***r",
    "title": "得分情况",
    "description": "渐变色，pie与gauge结合",
    "latestVersion": 2,
    "alwaysLatest": 1,
    "createTime": "2019-05-30T09:19:23.000Z",
    "lastUpdateTime": "2019-05-30T09:19:23.000Z",
    "auth": 2,
    "uid": "bd-3594736627",
    "publishedVersion": 0,
    "forkFrom": "-",
    "isSpam": 0,
    "version": 2,
    "parentVersion": 1,
    "echartsVersion": "4.2.1",
    "versionCreateTime": "2019-05-30T09:31:57.000Z",
    "html": "",
    "externalScripts": "",
    "updaterUID": "bd-3594736627",
    "theme": "",
    "layout": "",
    "viewCount": 1767,
    "userName": "q***r",
    "commentCount": 0,
    "starCount": 15,
    "isStared": 0,
    "thumbnailURL": "https://www.makeapie.com/ecg-storage/ec_gallery_thumbnail/xiI_CcZEF-.png?v=1559208717954",
    "isCustomThumbnail": 0,
    "builtinTags": [
        "category-work",
        "series-gauge",
        "series-pie",
        "toolbox"
    ],
    "customTags": [],
    "updaterUserName": "q***r"
}