{
    "cid": "xL_vudszZW",
    "authorUid": "bd-1546383952",
    "authorUserName": "奥***y",
    "title": "带间隙的饼图",
    "description": "",
    "latestVersion": 1,
    "alwaysLatest": 1,
    "createTime": "2019-05-30T03:44:47.000Z",
    "lastUpdateTime": "2019-05-30T03:44:47.000Z",
    "auth": 2,
    "uid": "bd-1546383952",
    "publishedVersion": 0,
    "forkFrom": "-",
    "isSpam": 0,
    "version": 1,
    "parentVersion": -1,
    "echartsVersion": "4.2.1",
    "versionCreateTime": "2019-05-30T03:44:47.000Z",
    "html": "",
    "externalScripts": "",
    "updaterUID": "bd-1546383952",
    "theme": "",
    "layout": "",
    "viewCount": 74,
    "userName": "奥***y",
    "commentCount": 0,
    "starCount": 0,
    "isStared": 0,
    "thumbnailURL": "https://www.makeapie.com/ecg-storage/ec_gallery_thumbnail/xL_vudszZW.png?v=1559187887178",
    "isCustomThumbnail": 0,
    "builtinTags": [
        "category-work",
        "legend",
        "series-pie",
        "title",
        "tooltip"
    ],
    "customTags": [],
    "updaterUserName": "奥***y"
}