{
    "cid": "xOcSj7iBIG",
    "authorUid": "bd-1442301324",
    "authorUserName": "178******92",
    "title": "2011年与2017年各省每万人清华大学录取人数",
    "description": "",
    "latestVersion": 4,
    "alwaysLatest": 1,
    "createTime": "2019-06-01T10:00:33.000Z",
    "lastUpdateTime": "2019-06-01T10:00:33.000Z",
    "auth": 2,
    "uid": "bd-1442301324",
    "publishedVersion": 0,
    "forkFrom": "-",
    "isSpam": 0,
    "version": 4,
    "parentVersion": 3,
    "echartsVersion": "4.2.1",
    "versionCreateTime": "2019-06-02T14:09:33.000Z",
    "html": "",
    "externalScripts": "",
    "updaterUID": "bd-1442301324",
    "theme": "",
    "layout": "",
    "viewCount": 75,
    "userName": "178******92",
    "commentCount": 0,
    "starCount": 0,
    "isStared": 0,
    "thumbnailURL": "https://www.makeapie.com/ecg-storage/ec_gallery_thumbnail/xOcSj7iBIG.png?v=1559484573985",
    "isCustomThumbnail": 0,
    "builtinTags": [
        "category-work",
        "grid",
        "legend",
        "series-scatter",
        "title",
        "tooltip"
    ],
    "customTags": [],
    "updaterUserName": "178******92"
}