{
    "cid": "xTg9NxI7hQ",
    "authorUid": "bd-1899772313",
    "authorUserName": "温***1",
    "title": "男女占比图",
    "description": "",
    "latestVersion": 3,
    "alwaysLatest": 1,
    "createTime": "2019-05-31T07:52:38.000Z",
    "lastUpdateTime": "2019-05-31T07:52:38.000Z",
    "auth": 2,
    "uid": "bd-1899772313",
    "publishedVersion": 0,
    "forkFrom": "-",
    "isSpam": 0,
    "version": 3,
    "parentVersion": 2,
    "echartsVersion": "4.2.1",
    "versionCreateTime": "2019-06-03T05:56:05.000Z",
    "html": "",
    "externalScripts": "",
    "updaterUID": "bd-1899772313",
    "theme": "",
    "layout": "",
    "viewCount": 200,
    "userName": "温***1",
    "commentCount": 0,
    "starCount": 1,
    "isStared": 0,
    "thumbnailURL": "https://www.makeapie.com/ecg-storage/ec_gallery_thumbnail/xTg9NxI7hQ.png?v=1559541365825",
    "isCustomThumbnail": 0,
    "builtinTags": [
        "category-work",
        "grid",
        "series-pictorialBar",
        "title",
        "tooltip"
    ],
    "customTags": [],
    "updaterUserName": "温***1"
}