{
    "cid": "xWJcJkEYb6",
    "authorUid": "bd-504008900",
    "authorUserName": "十***路",
    "title": "市场客户",
    "description": "",
    "latestVersion": 2,
    "alwaysLatest": 1,
    "createTime": "2019-05-30T02:32:03.000Z",
    "lastUpdateTime": "2019-05-30T02:32:03.000Z",
    "auth": 2,
    "uid": "bd-504008900",
    "publishedVersion": 0,
    "forkFrom": "-",
    "isSpam": 0,
    "version": 2,
    "parentVersion": 1,
    "echartsVersion": "4.2.1",
    "versionCreateTime": "2019-05-30T02:38:56.000Z",
    "html": "",
    "externalScripts": "/dep/echarts/map/js/world.js",
    "updaterUID": "bd-504008900",
    "theme": "",
    "layout": "",
    "viewCount": 547,
    "userName": "十***路",
    "commentCount": 0,
    "starCount": 4,
    "isStared": 0,
    "thumbnailURL": "https://www.makeapie.com/ecg-storage/ec_gallery_thumbnail/xWJcJkEYb6.png?v=1559183936307",
    "isCustomThumbnail": 0,
    "builtinTags": [
        "category-work",
        "geo",
        "series-effectScatter",
        "series-lines",
        "title"
    ],
    "customTags": [],
    "updaterUserName": "十***路"
}