{
    "cid": "xxhDbFOvRE",
    "authorUid": "bd-3553659272",
    "authorUserName": "你***来",
    "title": "分段折线天气",
    "description": "分段折线天气",
    "latestVersion": 4,
    "alwaysLatest": 1,
    "createTime": "2019-05-30T08:16:09.000Z",
    "lastUpdateTime": "2019-05-30T08:16:09.000Z",
    "auth": 2,
    "uid": "bd-3553659272",
    "publishedVersion": 0,
    "forkFrom": "-",
    "isSpam": 0,
    "version": 4,
    "parentVersion": 3,
    "echartsVersion": "4.2.1",
    "versionCreateTime": "2019-05-30T09:14:20.000Z",
    "html": "",
    "externalScripts": "",
    "updaterUID": "bd-3553659272",
    "theme": "",
    "layout": "",
    "viewCount": 199,
    "userName": "你***来",
    "commentCount": 0,
    "starCount": 0,
    "isStared": 0,
    "thumbnailURL": "https://www.makeapie.com/ecg-storage/ec_gallery_thumbnail/xxhDbFOvRE.png?v=1559207660563",
    "isCustomThumbnail": 0,
    "builtinTags": [
        "category-work",
        "dataZoom",
        "grid",
        "markArea",
        "series-line",
        "tooltip"
    ],
    "customTags": [],
    "updaterUserName": "你***来"
}