{
    "cid": "x2HWYLVoub",
    "authorUid": "bd-3817636711",
    "authorUserName": "S***G",
    "title": "双y轴 零刻度对齐 负值反向渐变",
    "description": "双y轴 0点x轴对齐 负镜像渐变柱状折线图",
    "latestVersion": 2,
    "alwaysLatest": 1,
    "createTime": "2020-04-03T07:39:21.000Z",
    "lastUpdateTime": "2020-04-03T07:39:21.000Z",
    "auth": 1,
    "uid": "bd-3817636711",
    "publishedVersion": 0,
    "forkFrom": "-",
    "isSpam": 0,
    "version": 2,
    "parentVersion": 1,
    "echartsVersion": "4.7.0",
    "versionCreateTime": "2020-04-03T07:39:47.000Z",
    "html": "",
    "externalScripts": "",
    "updaterUID": "bd-3817636711",
    "theme": "",
    "layout": "",
    "viewCount": 1256,
    "userName": "S***G",
    "commentCount": 0,
    "starCount": 9,
    "isStared": 0,
    "thumbnailURL": "https://www.makeapie.com/ecg-storage/ec_gallery_thumbnail/x2HWYLVoub.png?v=1585899587609",
    "isCustomThumbnail": 0,
    "builtinTags": [
        "category-work",
        "grid",
        "series-bar",
        "series-line",
        "tooltip"
    ],
    "customTags": [],
    "updaterUserName": "S***G"
}