{
    "cid": "x605DIAONW",
    "authorUid": "obd-oA95fxJHewPXKTyqe4qnTIvRs-cRm7s",
    "authorUserName": "g***过",
    "title": "App 驾驶舱",
    "description": "",
    "latestVersion": 2,
    "alwaysLatest": 1,
    "createTime": "2020-04-02T10:10:15.000Z",
    "lastUpdateTime": "2020-04-02T10:10:15.000Z",
    "auth": 2,
    "uid": "obd-oA95fxJHewPXKTyqe4qnTIvRs-cRm7s",
    "publishedVersion": 0,
    "forkFrom": "-",
    "isSpam": 0,
    "version": 2,
    "parentVersion": 1,
    "echartsVersion": "4.7.0",
    "versionCreateTime": "2020-04-07T05:37:27.000Z",
    "html": "",
    "externalScripts": "",
    "updaterUID": "obd-oA95fxJHewPXKTyqe4qnTIvRs-cRm7s",
    "theme": "",
    "layout": "",
    "viewCount": 1175,
    "userName": "g***过",
    "commentCount": 0,
    "starCount": 8,
    "isStared": 0,
    "thumbnailURL": "https://www.makeapie.com/ecg-storage/ec_gallery_thumbnail/x605DIAONW.png?v=1586237847739",
    "isCustomThumbnail": 0,
    "builtinTags": [
        "category-work",
        "series-sankey",
        "title",
        "tooltip"
    ],
    "customTags": [],
    "updaterUserName": "g***过"
}