{
    "cid": "x93rnoAAGv",
    "authorUid": "bd-104596799",
    "authorUserName": "1***的",
    "title": "学生违纪情况",
    "description": "323",
    "latestVersion": 1,
    "alwaysLatest": 1,
    "createTime": "2020-04-02T09:07:55.000Z",
    "lastUpdateTime": "2020-04-02T09:07:55.000Z",
    "auth": 2,
    "uid": "bd-104596799",
    "publishedVersion": 0,
    "forkFrom": "-",
    "isSpam": 0,
    "version": 1,
    "parentVersion": -1,
    "echartsVersion": "4.7.0",
    "versionCreateTime": "2020-04-02T09:07:55.000Z",
    "html": "",
    "externalScripts": "",
    "updaterUID": "bd-104596799",
    "theme": "",
    "layout": "",
    "viewCount": 144,
    "userName": "1***的",
    "commentCount": 0,
    "starCount": 1,
    "isStared": 0,
    "thumbnailURL": "https://www.makeapie.com/ecg-storage/ec_gallery_thumbnail/x93rnoAAGv.png?v=1585818476026",
    "isCustomThumbnail": 0,
    "builtinTags": [
        "category-work",
        "legend",
        "series-pie",
        "title"
    ],
    "customTags": [],
    "updaterUserName": "1***的"
}