{
    "cid": "xasurrNpqV",
    "authorUid": "obd-o-HS0ZTEBpotGpv-NJsAwpsi1oLQiAQ",
    "authorUserName": "s***1",
    "title": "注册渠道分析",
    "description": "Show Data",
    "latestVersion": 2,
    "alwaysLatest": 1,
    "createTime": "2020-04-03T08:01:24.000Z",
    "lastUpdateTime": "2020-04-03T08:01:24.000Z",
    "auth": 1,
    "uid": "obd-o-HS0ZTEBpotGpv-NJsAwpsi1oLQiAQ",
    "publishedVersion": 1,
    "forkFrom": "-",
    "isSpam": 0,
    "version": 1,
    "parentVersion": -1,
    "echartsVersion": "4.7.0",
    "versionCreateTime": "2020-04-03T08:01:24.000Z",
    "html": "",
    "externalScripts": "",
    "updaterUID": "obd-o-HS0ZTEBpotGpv-NJsAwpsi1oLQiAQ",
    "theme": "",
    "layout": "",
    "viewCount": 62,
    "userName": "s***1",
    "commentCount": 0,
    "starCount": 1,
    "isStared": 0,
    "thumbnailURL": "https://www.makeapie.com/ecg-storage/ec_gallery_thumbnail/xasurrNpqV.png?v=1585900884739",
    "isCustomThumbnail": 0,
    "builtinTags": [
        "category-work",
        "grid",
        "legend",
        "series-bar",
        "title",
        "tooltip"
    ],
    "customTags": [],
    "updaterUserName": "s***1"
}