{
    "cid": "xDkORIPBjC",
    "authorUid": "obd-olRli-x7XCduYZxsmJ9fQSRbj9Uuu0c",
    "authorUserName": "6***3",
    "title": "环状水波图",
    "description": "",
    "latestVersion": 4,
    "alwaysLatest": 1,
    "createTime": "2020-04-02T09:24:09.000Z",
    "lastUpdateTime": "2020-04-02T09:24:09.000Z",
    "auth": 1,
    "uid": "obd-olRli-x7XCduYZxsmJ9fQSRbj9Uuu0c",
    "publishedVersion": 0,
    "forkFrom": "-",
    "isSpam": 0,
    "version": 4,
    "parentVersion": 3,
    "echartsVersion": "4.7.0",
    "versionCreateTime": "2020-04-03T01:04:49.000Z",
    "html": "",
    "externalScripts": "https://echarts.baidu.com/resource/echarts-liquidfill-1.0.4/dist/echarts-liquidfill.js",
    "updaterUID": "obd-olRli-x7XCduYZxsmJ9fQSRbj9Uuu0c",
    "theme": "",
    "layout": "",
    "viewCount": 401,
    "userName": "6***3",
    "commentCount": 0,
    "starCount": 1,
    "isStared": 0,
    "thumbnailURL": "https://www.makeapie.com/ecg-storage/ec_gallery_thumbnail/xDkORIPBjC.png?v=1585875889210",
    "isCustomThumbnail": 0,
    "builtinTags": [
        "category-work",
        "legend",
        "series-liquidFill",
        "series-pie"
    ],
    "customTags": [],
    "updaterUserName": "6***3"
}