{
    "cid": "xg9iDNZr1P",
    "authorUid": "obd-oEZ79vvBuf09XoIQeYv9Lqz07hvue4q",
    "authorUserName": "任***凯",
    "title": "",
    "description": "",
    "latestVersion": 1,
    "alwaysLatest": 1,
    "createTime": "2020-04-03T06:02:34.000Z",
    "lastUpdateTime": "2020-04-03T06:02:34.000Z",
    "auth": 2,
    "uid": "obd-oEZ79vvBuf09XoIQeYv9Lqz07hvue4q",
    "publishedVersion": 0,
    "forkFrom": "-",
    "isSpam": 0,
    "version": 1,
    "parentVersion": -1,
    "echartsVersion": "4.7.0",
    "versionCreateTime": "2020-04-03T06:02:34.000Z",
    "html": "",
    "externalScripts": "",
    "updaterUID": "obd-oEZ79vvBuf09XoIQeYv9Lqz07hvue4q",
    "theme": "",
    "layout": "",
    "viewCount": 59,
    "userName": "任***凯",
    "commentCount": 0,
    "starCount": 0,
    "isStared": 0,
    "thumbnailURL": "https://www.makeapie.com/ecg-storage/ec_gallery_thumbnail/xg9iDNZr1P.png?v=1585893754503",
    "isCustomThumbnail": 0,
    "builtinTags": [
        "category-work",
        "grid",
        "series-bar",
        "tooltip"
    ],
    "customTags": [],
    "updaterUserName": "任***凯"
}