{
    "cid": "xirJgfLElD",
    "authorUid": "bd-1899263927",
    "authorUserName": "C***凵",
    "title": "雷达自存",
    "description": "",
    "latestVersion": 1,
    "alwaysLatest": 1,
    "createTime": "2020-04-03T06:19:49.000Z",
    "lastUpdateTime": "2020-04-03T06:19:49.000Z",
    "auth": 2,
    "uid": "bd-1899263927",
    "publishedVersion": 0,
    "forkFrom": "-",
    "isSpam": 0,
    "version": 1,
    "parentVersion": -1,
    "echartsVersion": "4.7.0",
    "versionCreateTime": "2020-04-03T06:19:49.000Z",
    "html": "",
    "externalScripts": "",
    "updaterUID": "bd-1899263927",
    "theme": "",
    "layout": "",
    "viewCount": 841,
    "userName": "C***凵",
    "commentCount": 0,
    "starCount": 1,
    "isStared": 0,
    "thumbnailURL": "https://www.makeapie.com/ecg-storage/ec_gallery_thumbnail/xirJgfLElD.png?v=1585894789292",
    "isCustomThumbnail": 0,
    "builtinTags": [
        "category-work",
        "legend",
        "radar",
        "series-radar",
        "title",
        "tooltip"
    ],
    "customTags": [],
    "updaterUserName": "C***凵"
}