{
    "cid": "xjewJktOlj",
    "authorUid": "bd-759420408",
    "authorUserName": "可***3",
    "title": "舆情情感度雷达图",
    "description": "",
    "latestVersion": 2,
    "alwaysLatest": 1,
    "createTime": "2020-04-02T12:10:56.000Z",
    "lastUpdateTime": "2020-04-02T12:10:56.000Z",
    "auth": 2,
    "uid": "bd-759420408",
    "publishedVersion": 0,
    "forkFrom": "-",
    "isSpam": 0,
    "version": 2,
    "parentVersion": 1,
    "echartsVersion": "4.7.0",
    "versionCreateTime": "2020-04-02T12:28:49.000Z",
    "html": "",
    "externalScripts": "",
    "updaterUID": "bd-759420408",
    "theme": "",
    "layout": "",
    "viewCount": 267,
    "userName": "可***3",
    "commentCount": 0,
    "starCount": 1,
    "isStared": 0,
    "thumbnailURL": "https://www.makeapie.com/ecg-storage/ec_gallery_thumbnail/xjewJktOlj.png?v=1585830529287",
    "isCustomThumbnail": 0,
    "builtinTags": [
        "category-work",
        "radar",
        "series-radar",
        "title",
        "tooltip"
    ],
    "customTags": [],
    "updaterUserName": "可***3"
}