{
    "cid": "xlDgNE8Z-h",
    "authorUid": "bd-4197905510",
    "authorUserName": "c***6",
    "title": "正负轴动画",
    "description": "",
    "latestVersion": 4,
    "alwaysLatest": 1,
    "createTime": "2020-04-03T07:10:53.000Z",
    "lastUpdateTime": "2020-04-03T07:10:53.000Z",
    "auth": 2,
    "uid": "bd-4197905510",
    "publishedVersion": 0,
    "forkFrom": "-",
    "isSpam": 0,
    "version": 4,
    "parentVersion": 1,
    "echartsVersion": "4.7.0",
    "versionCreateTime": "2020-04-03T07:25:39.000Z",
    "html": "",
    "externalScripts": "",
    "updaterUID": "bd-4197905510",
    "theme": "",
    "layout": "",
    "viewCount": 222,
    "userName": "c***6",
    "commentCount": 0,
    "starCount": 0,
    "isStared": 0,
    "thumbnailURL": "https://www.makeapie.com/ecg-storage/ec_gallery_thumbnail/xlDgNE8Z-h.png?v=1585898739933",
    "isCustomThumbnail": 0,
    "builtinTags": [
        "category-work",
        "grid",
        "legend",
        "series-bar",
        "tooltip"
    ],
    "customTags": [],
    "updaterUserName": "c***6"
}