{
    "cid": "xQXPr1t43t",
    "authorUid": "bd-759420408",
    "authorUserName": "可***3",
    "title": "舆情一级指标雷达图",
    "description": "",
    "latestVersion": 3,
    "alwaysLatest": 1,
    "createTime": "2020-04-02T10:10:16.000Z",
    "lastUpdateTime": "2020-06-04T00:39:45.000Z",
    "auth": 2,
    "uid": "bd-759420408",
    "publishedVersion": 0,
    "forkFrom": "-",
    "isSpam": 0,
    "version": 3,
    "parentVersion": 2,
    "echartsVersion": "4.7.0",
    "versionCreateTime": "2020-04-02T14:47:08.000Z",
    "html": "",
    "externalScripts": "",
    "updaterUID": "bd-759420408",
    "theme": "dark",
    "layout": "",
    "viewCount": 50,
    "userName": "可***3",
    "commentCount": 0,
    "starCount": 0,
    "isStared": 0,
    "thumbnailURL": "https://www.makeapie.com/ecg-storage/ec_gallery_thumbnail/xQXPr1t43t.png?v=1585838828347",
    "isCustomThumbnail": 0,
    "builtinTags": [],
    "customTags": [],
    "updaterUserName": "可***3"
}