{
    "cid": "xUdCUwLo3i",
    "authorUid": "obd-o2na1BLU71O8_z1p18uJ5epuR_trJ6G",
    "authorUserName": "默***三",
    "title": "low",
    "description": "",
    "latestVersion": 2,
    "alwaysLatest": 1,
    "createTime": "2020-04-02T10:23:09.000Z",
    "lastUpdateTime": "2020-04-02T10:23:09.000Z",
    "auth": 1,
    "uid": "obd-o2na1BLU71O8_z1p18uJ5epuR_trJ6G",
    "publishedVersion": 0,
    "forkFrom": "-",
    "isSpam": 0,
    "version": 2,
    "parentVersion": 1,
    "echartsVersion": "4.7.0",
    "versionCreateTime": "2020-04-02T10:24:53.000Z",
    "html": "",
    "externalScripts": "",
    "updaterUID": "obd-o2na1BLU71O8_z1p18uJ5epuR_trJ6G",
    "theme": "",
    "layout": "",
    "viewCount": 37,
    "userName": "默***三",
    "commentCount": 0,
    "starCount": 1,
    "isStared": 0,
    "thumbnailURL": "https://www.makeapie.com/ecg-storage/ec_gallery_thumbnail/xUdCUwLo3i.png?v=1585823093928",
    "isCustomThumbnail": 0,
    "builtinTags": [
        "category-work",
        "grid",
        "series-bar"
    ],
    "customTags": [],
    "updaterUserName": "默***三"
}