{
    "cid": "xVqVZx7i1x",
    "authorUid": "bd-171648521",
    "authorUserName": "绿***绿",
    "title": "Awesome Chart",
    "description": "复制",
    "latestVersion": 4,
    "alwaysLatest": 1,
    "createTime": "2020-04-03T08:29:10.000Z",
    "lastUpdateTime": "2020-04-03T08:29:10.000Z",
    "auth": 2,
    "uid": "bd-171648521",
    "publishedVersion": 0,
    "forkFrom": "-",
    "isSpam": 0,
    "version": 4,
    "parentVersion": 3,
    "echartsVersion": "4.8.0",
    "versionCreateTime": "2020-07-30T06:21:28.000Z",
    "html": "",
    "externalScripts": "",
    "updaterUID": "bd-171648521",
    "theme": "",
    "layout": "",
    "viewCount": 163,
    "userName": "绿***绿",
    "commentCount": 0,
    "starCount": 1,
    "isStared": 0,
    "thumbnailURL": "https://www.makeapie.com/ecg-storage/ec_gallery_thumbnail/xVqVZx7i1x.png?v=1596090088539",
    "isCustomThumbnail": 0,
    "builtinTags": [
        "category-work",
        "grid",
        "legend",
        "series-line",
        "tooltip"
    ],
    "customTags": [],
    "updaterUserName": "绿***绿"
}