{
    "cid": "xXwVgLi428",
    "authorUid": "bd-1801852221",
    "authorUserName": "J***乐",
    "title": "最简单的关系图",
    "description": "",
    "latestVersion": 7,
    "alwaysLatest": 1,
    "createTime": "2020-04-03T08:23:45.000Z",
    "lastUpdateTime": "2020-04-03T08:23:45.000Z",
    "auth": 2,
    "uid": "bd-1801852221",
    "publishedVersion": 0,
    "forkFrom": "-",
    "isSpam": 0,
    "version": 7,
    "parentVersion": 6,
    "echartsVersion": "4.8.0",
    "versionCreateTime": "2020-06-04T02:50:18.000Z",
    "html": "",
    "externalScripts": "",
    "updaterUID": "bd-1801852221",
    "theme": "",
    "layout": "",
    "viewCount": 3348,
    "userName": "J***乐",
    "commentCount": 0,
    "starCount": 19,
    "isStared": 0,
    "thumbnailURL": "https://www.makeapie.com/ecg-storage/ec_gallery_thumbnail/xXwVgLi428.png?v=1591239018888",
    "isCustomThumbnail": 0,
    "builtinTags": [
        "category-work",
        "series-graph",
        "toolbox"
    ],
    "customTags": [],
    "updaterUserName": "J***乐"
}