{
    "cid": "xXzsT9QICV",
    "authorUid": "bd-3473861235",
    "authorUserName": "c***a",
    "title": "折线2",
    "description": "",
    "latestVersion": 2,
    "alwaysLatest": 1,
    "createTime": "2020-04-02T03:44:36.000Z",
    "lastUpdateTime": "2020-04-02T03:44:36.000Z",
    "auth": 2,
    "uid": "bd-3473861235",
    "publishedVersion": 0,
    "forkFrom": "-",
    "isSpam": 0,
    "version": 2,
    "parentVersion": 1,
    "echartsVersion": "4.7.0",
    "versionCreateTime": "2020-04-02T05:01:25.000Z",
    "html": "",
    "externalScripts": "",
    "updaterUID": "bd-3473861235",
    "theme": "",
    "layout": "",
    "viewCount": 28,
    "userName": "c***a",
    "commentCount": 0,
    "starCount": 0,
    "isStared": 0,
    "thumbnailURL": "https://www.makeapie.com/ecg-storage/ec_gallery_thumbnail/xXzsT9QICV.png?v=1585803686048",
    "isCustomThumbnail": 0,
    "builtinTags": [
        "category-work",
        "grid",
        "legend",
        "series-line",
        "tooltip"
    ],
    "customTags": [],
    "updaterUserName": "c***a"
}