{
    "cid": "x0BK-V6XCP",
    "authorUid": "obd-oFdGg1Jp2IYos1NUWX8ivxaDiGOUl5t",
    "authorUserName": "w***璞",
    "title": "柱状图内阴影(阴影为SVG、边框为bar)",
    "description": "",
    "latestVersion": 1,
    "alwaysLatest": 0,
    "createTime": "2021-12-04T06:27:00.000Z",
    "lastUpdateTime": "2021-12-04T06:27:00.000Z",
    "auth": 2,
    "uid": "obd-oFdGg1Jp2IYos1NUWX8ivxaDiGOUl5t",
    "publishedVersion": 0,
    "forkFrom": "-",
    "isSpam": 0,
    "version": 1,
    "parentVersion": -1,
    "echartsVersion": "5.2.2",
    "versionCreateTime": "2021-12-04T06:27:00.000Z",
    "html": "",
    "externalScripts": "",
    "updaterUID": "obd-oFdGg1Jp2IYos1NUWX8ivxaDiGOUl5t",
    "theme": "",
    "layout": "",
    "viewCount": 0,
    "userName": "w***璞",
    "commentCount": 0,
    "starCount": 1,
    "isStared": 0,
    "thumbnailURL": "https://www.makeapie.com/ecg-storage/ec_gallery_thumbnail/x0BK-V6XCP.png?v=1638599220952",
    "isCustomThumbnail": 0,
    "builtinTags": [
        "category-work",
        "grid",
        "series-bar",
        "series-pictorialBar",
        "tooltip"
    ],
    "customTags": [],
    "updaterUserName": "w***璞"
}