{
    "cid": "x0Th6yaREY",
    "authorUid": "bd-3224702414",
    "authorUserName": "大***愁",
    "title": "平均利用率",
    "description": "",
    "latestVersion": 2,
    "alwaysLatest": 0,
    "createTime": "2021-12-03T09:18:03.000Z",
    "lastUpdateTime": "2021-12-06T09:14:48.000Z",
    "auth": 2,
    "uid": "bd-3224702414",
    "publishedVersion": 0,
    "forkFrom": "-",
    "isSpam": 0,
    "version": 2,
    "parentVersion": 1,
    "echartsVersion": "5.2.2",
    "versionCreateTime": "2021-12-06T09:14:48.000Z",
    "html": "",
    "externalScripts": "",
    "updaterUID": "bd-3224702414",
    "theme": "",
    "layout": "",
    "viewCount": 0,
    "userName": "大***愁",
    "commentCount": 0,
    "starCount": 2,
    "isStared": 0,
    "thumbnailURL": "https://www.makeapie.com/ecg-storage/ec_gallery_thumbnail/x0Th6yaREY.png?v=1638782088489",
    "isCustomThumbnail": 0,
    "builtinTags": [
        "category-work",
        "grid",
        "legend",
        "series-line",
        "tooltip"
    ],
    "customTags": [],
    "updaterUserName": "大***愁"
}