{
    "cid": "x3BoBJgHz7",
    "authorUid": "obd-otakK4zPqKuG9zZO5LOzsMmEZbMGW8N",
    "authorUserName": "施***娟",
    "title": "环形图",
    "description": "",
    "latestVersion": 2,
    "alwaysLatest": 0,
    "createTime": "2021-12-03T03:06:40.000Z",
    "lastUpdateTime": "2021-12-03T04:40:13.000Z",
    "auth": 2,
    "uid": "obd-otakK4zPqKuG9zZO5LOzsMmEZbMGW8N",
    "publishedVersion": 0,
    "forkFrom": "-",
    "isSpam": 0,
    "version": 2,
    "parentVersion": 1,
    "echartsVersion": "5.2.2",
    "versionCreateTime": "2021-12-03T04:40:13.000Z",
    "html": "",
    "externalScripts": "",
    "updaterUID": "obd-otakK4zPqKuG9zZO5LOzsMmEZbMGW8N",
    "theme": "",
    "layout": "",
    "viewCount": 0,
    "userName": "施***娟",
    "commentCount": 0,
    "starCount": 0,
    "isStared": 0,
    "thumbnailURL": "https://www.makeapie.com/ecg-storage/ec_gallery_thumbnail/x3BoBJgHz7.png?v=1638506413919",
    "isCustomThumbnail": 0,
    "builtinTags": [
        "category-work",
        "series-pie",
        "tooltip"
    ],
    "customTags": [],
    "updaterUserName": "施***娟"
}