{
    "cid": "x9AjwNuVVd",
    "authorUid": "obd-oN5Ds0RSZeHageOmpvV6ymVe71BRVCx",
    "authorUserName": "正***眼",
    "title": "折线图",
    "description": "折线图",
    "latestVersion": 4,
    "alwaysLatest": 0,
    "createTime": "2021-12-05T12:30:47.000Z",
    "lastUpdateTime": "2021-12-05T12:56:41.000Z",
    "auth": 2,
    "uid": "obd-oN5Ds0RSZeHageOmpvV6ymVe71BRVCx",
    "publishedVersion": 0,
    "forkFrom": "-",
    "isSpam": 0,
    "version": 4,
    "parentVersion": 3,
    "echartsVersion": "5.2.2",
    "versionCreateTime": "2021-12-05T12:56:41.000Z",
    "html": "",
    "externalScripts": "",
    "updaterUID": "obd-oN5Ds0RSZeHageOmpvV6ymVe71BRVCx",
    "theme": "",
    "layout": "",
    "viewCount": 0,
    "userName": "正***眼",
    "commentCount": 0,
    "starCount": 0,
    "isStared": 0,
    "thumbnailURL": "https://www.makeapie.com/ecg-storage/ec_gallery_thumbnail/x9AjwNuVVd.png?v=1638709001990",
    "isCustomThumbnail": 0,
    "builtinTags": [
        "category-work",
        "grid",
        "legend",
        "series-line",
        "title",
        "tooltip"
    ],
    "customTags": [],
    "updaterUserName": "正***眼"
}