{
    "cid": "xCR0D95Bo9",
    "authorUid": "obd-oj9P4Fm-TlTPtBqsOpSRNCQiWFwTpDO",
    "authorUserName": "害***",
    "title": "立体柱状图",
    "description": "柱状图展示出立体效果",
    "latestVersion": 2,
    "alwaysLatest": 0,
    "createTime": "2021-12-06T06:28:34.000Z",
    "lastUpdateTime": "2021-12-06T06:32:15.000Z",
    "auth": 2,
    "uid": "obd-oj9P4Fm-TlTPtBqsOpSRNCQiWFwTpDO",
    "publishedVersion": 0,
    "forkFrom": "-",
    "isSpam": 0,
    "version": 2,
    "parentVersion": 1,
    "echartsVersion": "5.2.2",
    "versionCreateTime": "2021-12-06T06:32:15.000Z",
    "html": "",
    "externalScripts": "",
    "updaterUID": "obd-oj9P4Fm-TlTPtBqsOpSRNCQiWFwTpDO",
    "theme": "",
    "layout": "",
    "viewCount": 0,
    "userName": "害***",
    "commentCount": 0,
    "starCount": 4,
    "isStared": 0,
    "thumbnailURL": "https://www.makeapie.com/ecg-storage/ec_gallery_thumbnail/xCR0D95Bo9.png?v=1638772335281",
    "isCustomThumbnail": 0,
    "builtinTags": [
        "category-work",
        "grid",
        "legend",
        "series-bar",
        "series-pictorialBar",
        "tooltip"
    ],
    "customTags": [
        "柱状图",
        "立体"
    ],
    "updaterUserName": "害***"
}