{
    "cid": "xDqPWWOIl4",
    "authorUid": "bd-171648521",
    "authorUserName": "绿***绿",
    "title": "仪表盘",
    "description": "",
    "latestVersion": 2,
    "alwaysLatest": 0,
    "createTime": "2021-12-05T14:39:55.000Z",
    "lastUpdateTime": "2021-12-11T16:40:17.000Z",
    "auth": 2,
    "uid": "bd-171648521",
    "publishedVersion": 0,
    "forkFrom": "-",
    "isSpam": 0,
    "version": 2,
    "parentVersion": 1,
    "echartsVersion": "5.2.2",
    "versionCreateTime": "2021-12-11T16:40:17.000Z",
    "html": "",
    "externalScripts": "",
    "updaterUID": "bd-171648521",
    "theme": "",
    "layout": "",
    "viewCount": 0,
    "userName": "绿***绿",
    "commentCount": 0,
    "starCount": 0,
    "isStared": 0,
    "thumbnailURL": "https://www.makeapie.com/ecg-storage/ec_gallery_thumbnail/xDqPWWOIl4.png?v=1639240817265",
    "isCustomThumbnail": 0,
    "builtinTags": [
        "category-work",
        "grid",
        "markLine",
        "series-gauge",
        "series-pie"
    ],
    "customTags": [],
    "updaterUserName": "绿***绿"
}