{
    "cid": "xe1uMVfNHx",
    "authorUid": "obd-oMp8xbVxmYMgfq6P_Ifounj-c9DqD2w",
    "authorUserName": "秒***z",
    "title": "价格区间-TT",
    "description": "",
    "latestVersion": 3,
    "alwaysLatest": 0,
    "createTime": "2021-12-03T07:45:11.000Z",
    "lastUpdateTime": "2021-12-03T08:09:37.000Z",
    "auth": 2,
    "uid": "obd-oMp8xbVxmYMgfq6P_Ifounj-c9DqD2w",
    "publishedVersion": 0,
    "forkFrom": "-",
    "isSpam": 0,
    "version": 3,
    "parentVersion": 2,
    "echartsVersion": "5.2.2",
    "versionCreateTime": "2021-12-03T08:09:37.000Z",
    "html": "",
    "externalScripts": "",
    "updaterUID": "obd-oMp8xbVxmYMgfq6P_Ifounj-c9DqD2w",
    "theme": "",
    "layout": "",
    "viewCount": 0,
    "userName": "秒***z",
    "commentCount": 0,
    "starCount": 1,
    "isStared": 0,
    "thumbnailURL": "https://www.makeapie.com/ecg-storage/ec_gallery_thumbnail/xe1uMVfNHx.png?v=1638518977813",
    "isCustomThumbnail": 0,
    "builtinTags": [
        "category-work",
        "grid",
        "legend",
        "markPoint",
        "series-bar",
        "title",
        "tooltip"
    ],
    "customTags": [],
    "updaterUserName": "秒***z"
}