{
    "cid": "xgDoKklati",
    "authorUid": "obd-oMZ897aaM_c6bLXIWmPsGtDThCLj12j",
    "authorUserName": "安***听",
    "title": "象形图+叠积图+markPoint",
    "description": "",
    "latestVersion": 2,
    "alwaysLatest": 0,
    "createTime": "2021-12-03T07:14:18.000Z",
    "lastUpdateTime": "2021-12-03T07:14:58.000Z",
    "auth": 2,
    "uid": "obd-oMZ897aaM_c6bLXIWmPsGtDThCLj12j",
    "publishedVersion": 0,
    "forkFrom": "-",
    "isSpam": 0,
    "version": 2,
    "parentVersion": 1,
    "echartsVersion": "5.2.2",
    "versionCreateTime": "2021-12-03T07:14:58.000Z",
    "html": "",
    "externalScripts": "",
    "updaterUID": "obd-oMZ897aaM_c6bLXIWmPsGtDThCLj12j",
    "theme": "",
    "layout": "",
    "viewCount": 0,
    "userName": "安***听",
    "commentCount": 0,
    "starCount": 0,
    "isStared": 0,
    "thumbnailURL": "https://www.makeapie.com/ecg-storage/ec_gallery_thumbnail/xgDoKklati.png?v=1638515698991",
    "isCustomThumbnail": 0,
    "builtinTags": [
        "category-work",
        "grid",
        "legend",
        "markPoint",
        "series-bar",
        "series-pictorialBar",
        "tooltip"
    ],
    "customTags": [],
    "updaterUserName": "安***听"
}