{
    "cid": "xkGga6_5um",
    "authorUid": "obd-oN5Ds0RSZeHageOmpvV6ymVe71BRVCx",
    "authorUserName": "正***眼",
    "title": "横向柱状图",
    "description": "横向柱状图",
    "latestVersion": 3,
    "alwaysLatest": 0,
    "createTime": "2021-12-05T10:24:54.000Z",
    "lastUpdateTime": "2021-12-05T10:48:06.000Z",
    "auth": 2,
    "uid": "obd-oN5Ds0RSZeHageOmpvV6ymVe71BRVCx",
    "publishedVersion": 0,
    "forkFrom": "-",
    "isSpam": 0,
    "version": 3,
    "parentVersion": 2,
    "echartsVersion": "5.2.2",
    "versionCreateTime": "2021-12-05T10:48:06.000Z",
    "html": "",
    "externalScripts": "",
    "updaterUID": "obd-oN5Ds0RSZeHageOmpvV6ymVe71BRVCx",
    "theme": "",
    "layout": "",
    "viewCount": 0,
    "userName": "正***眼",
    "commentCount": 0,
    "starCount": 1,
    "isStared": 0,
    "thumbnailURL": "https://www.makeapie.com/ecg-storage/ec_gallery_thumbnail/xkGga6_5um.png?v=1638701287079",
    "isCustomThumbnail": 0,
    "builtinTags": [
        "category-work",
        "grid",
        "series-bar",
        "title",
        "tooltip"
    ],
    "customTags": [],
    "updaterUserName": "正***眼"
}