{
    "cid": "xPxuIEVpkt",
    "authorUid": "obd-oMZ897aaM_c6bLXIWmPsGtDThCLj12j",
    "authorUserName": "安***听",
    "title": "柱状图 两端装饰",
    "description": "",
    "latestVersion": 1,
    "alwaysLatest": 0,
    "createTime": "2021-12-03T07:55:18.000Z",
    "lastUpdateTime": "2021-12-03T07:55:18.000Z",
    "auth": 2,
    "uid": "obd-oMZ897aaM_c6bLXIWmPsGtDThCLj12j",
    "publishedVersion": 0,
    "forkFrom": "-",
    "isSpam": 0,
    "version": 1,
    "parentVersion": -1,
    "echartsVersion": "5.2.2",
    "versionCreateTime": "2021-12-03T07:55:18.000Z",
    "html": "",
    "externalScripts": "",
    "updaterUID": "obd-oMZ897aaM_c6bLXIWmPsGtDThCLj12j",
    "theme": "",
    "layout": "",
    "viewCount": 0,
    "userName": "安***听",
    "commentCount": 0,
    "starCount": 2,
    "isStared": 0,
    "thumbnailURL": "https://www.makeapie.com/ecg-storage/ec_gallery_thumbnail/xPxuIEVpkt.png?v=1638518118897",
    "isCustomThumbnail": 0,
    "builtinTags": [
        "category-work",
        "grid",
        "markPoint",
        "series-bar",
        "series-pictorialBar",
        "tooltip"
    ],
    "customTags": [],
    "updaterUserName": "安***听"
}