{
    "cid": "xT0wn-vDCb",
    "authorUid": "bd-3224702414",
    "authorUserName": "大***愁",
    "title": "CT排行",
    "description": "",
    "latestVersion": 2,
    "alwaysLatest": 0,
    "createTime": "2021-12-04T06:07:47.000Z",
    "lastUpdateTime": "2021-12-08T03:13:18.000Z",
    "auth": 2,
    "uid": "bd-3224702414",
    "publishedVersion": 0,
    "forkFrom": "-",
    "isSpam": 0,
    "version": 2,
    "parentVersion": 1,
    "echartsVersion": "5.2.2",
    "versionCreateTime": "2021-12-08T03:13:18.000Z",
    "html": "",
    "externalScripts": "",
    "updaterUID": "bd-3224702414",
    "theme": "",
    "layout": "",
    "viewCount": 0,
    "userName": "大***愁",
    "commentCount": 0,
    "starCount": 0,
    "isStared": 0,
    "thumbnailURL": "https://www.makeapie.com/ecg-storage/ec_gallery_thumbnail/xT0wn-vDCb.png?v=1638933198306",
    "isCustomThumbnail": 0,
    "builtinTags": [
        "category-work",
        "grid",
        "legend",
        "series-bar",
        "tooltip"
    ],
    "customTags": [],
    "updaterUserName": "大***愁"
}