{
    "cid": "xwHAb9P6lO",
    "authorUid": "obd-o-WeIDz9pQFG3HlZjbY3v-MnvKKSvAj",
    "authorUserName": "王***表",
    "title": "",
    "description": "",
    "latestVersion": 1,
    "alwaysLatest": 1,
    "createTime": "2021-12-03T03:47:53.000Z",
    "lastUpdateTime": "2021-12-03T03:47:53.000Z",
    "auth": 1,
    "uid": "obd-o-WeIDz9pQFG3HlZjbY3v-MnvKKSvAj",
    "publishedVersion": 0,
    "forkFrom": "-",
    "isSpam": 0,
    "version": 1,
    "parentVersion": -1,
    "echartsVersion": "4.9.0",
    "versionCreateTime": "2021-12-03T03:47:53.000Z",
    "html": "",
    "externalScripts": "",
    "updaterUID": "obd-o-WeIDz9pQFG3HlZjbY3v-MnvKKSvAj",
    "theme": "",
    "layout": "",
    "viewCount": 0,
    "userName": "王***表",
    "commentCount": 0,
    "starCount": 0,
    "isStared": 0,
    "thumbnailURL": "https://www.makeapie.com/ecg-storage/ec_gallery_thumbnail/xwHAb9P6lO.png?v=1638503273295",
    "isCustomThumbnail": 0,
    "builtinTags": [
        "category-work",
        "grid",
        "series-bar"
    ],
    "customTags": [
        "bar"
    ],
    "updaterUserName": "王***表"
}