{
    "cid": "x-bLMl6BVu",
    "authorUid": "bd-19576254",
    "authorUserName": "只为one",
    "title": "loading",
    "description": "",
    "latestVersion": 2,
    "alwaysLatest": 1,
    "createTime": "2018-11-13T00:31:36.000Z",
    "lastUpdateTime": "2018-11-13T00:31:36.000Z",
    "auth": 2,
    "uid": "bd-19576254",
    "publishedVersion": 0,
    "forkFrom": "-",
    "isSpam": 0,
    "version": 2,
    "parentVersion": 1,
    "echartsVersion": "4.2.1",
    "versionCreateTime": "2019-02-13T01:56:38.000Z",
    "html": "",
    "externalScripts": "",
    "updaterUID": "bd-19576254",
    "theme": "",
    "layout": "",
    "viewCount": 647,
    "userName": "只为one",
    "commentCount": 0,
    "starCount": 4,
    "isStared": 0,
    "thumbnailURL": "https://www.makeapie.com/ecg-storage/ec_gallery_thumbnail/x-bLMl6BVu.png?v=1550022998911",
    "isCustomThumbnail": 0,
    "builtinTags": [
        "category-work",
        "dataZoom",
        "grid",
        "series-bar",
        "title"
    ],
    "customTags": [],
    "updaterUserName": "只为one"
}