{
    "cid": "x-BZ5ZvSL3",
    "authorUid": "bd-1896067372",
    "authorUserName": "a***6",
    "title": "彩虹图",
    "description": "",
    "latestVersion": 1,
    "alwaysLatest": 1,
    "createTime": "2018-11-15T01:06:37.000Z",
    "lastUpdateTime": "2018-11-15T01:06:37.000Z",
    "auth": 2,
    "uid": "bd-1896067372",
    "publishedVersion": 0,
    "forkFrom": "-",
    "isSpam": 0,
    "version": 1,
    "parentVersion": -1,
    "echartsVersion": "4.2.0",
    "versionCreateTime": "2018-11-15T01:06:37.000Z",
    "html": "",
    "externalScripts": "",
    "updaterUID": "bd-1896067372",
    "theme": "",
    "layout": "",
    "viewCount": 1901,
    "userName": "a***6",
    "commentCount": 0,
    "starCount": 6,
    "isStared": 0,
    "thumbnailURL": "https://www.makeapie.com/ecg-storage/ec_gallery_thumbnail/x-BZ5ZvSL3.png?v=1542243997154",
    "isCustomThumbnail": 0,
    "builtinTags": [
        "category-work",
        "series-gauge",
        "series-pie",
        "tooltip"
    ],
    "customTags": [],
    "updaterUserName": "a***6"
}