{
    "cid": "x3I9DOnjZU",
    "authorUid": "bd-1044119663",
    "authorUserName": "brokencolor",
    "title": "异常情况总览",
    "description": "折线图",
    "latestVersion": 23,
    "alwaysLatest": 1,
    "createTime": "2018-11-14T01:39:25.000Z",
    "lastUpdateTime": "2018-11-14T01:39:25.000Z",
    "auth": 2,
    "uid": "bd-1044119663",
    "publishedVersion": 0,
    "forkFrom": "-",
    "isSpam": 0,
    "version": 23,
    "parentVersion": 22,
    "echartsVersion": "4.2.0",
    "versionCreateTime": "2018-11-16T08:55:24.000Z",
    "html": "",
    "externalScripts": "",
    "updaterUID": "bd-1044119663",
    "theme": "",
    "layout": "",
    "viewCount": 2704,
    "userName": "brokencolor",
    "commentCount": 0,
    "starCount": 11,
    "isStared": 0,
    "thumbnailURL": "https://www.makeapie.com/ecg-storage/ec_gallery_thumbnail/x3I9DOnjZU.png?v=1542358524450",
    "isCustomThumbnail": 0,
    "builtinTags": [
        "category-work",
        "grid",
        "legend",
        "series-effectScatter",
        "series-line",
        "title",
        "tooltip"
    ],
    "customTags": [],
    "updaterUserName": "brokencolor"
}