{
    "cid": "x5nJVnqhLi",
    "authorUid": "bd-3506552690",
    "authorUserName": "sdtazhanghe",
    "title": "预测示例(添加置信区间)",
    "description": "",
    "latestVersion": 1,
    "alwaysLatest": 1,
    "createTime": "2018-11-12T07:22:22.000Z",
    "lastUpdateTime": "2018-11-12T07:22:22.000Z",
    "auth": 2,
    "uid": "bd-3506552690",
    "publishedVersion": 0,
    "forkFrom": "-",
    "isSpam": 0,
    "version": 1,
    "parentVersion": -1,
    "echartsVersion": "4.2.0",
    "versionCreateTime": "2018-11-12T07:22:22.000Z",
    "html": "",
    "externalScripts": "",
    "updaterUID": "bd-3506552690",
    "theme": "",
    "layout": "",
    "viewCount": 404,
    "userName": "sdtazhanghe",
    "commentCount": 0,
    "starCount": 1,
    "isStared": 0,
    "thumbnailURL": "https://www.makeapie.com/ecg-storage/ec_gallery_thumbnail/x5nJVnqhLi.png?v=1542007342488",
    "isCustomThumbnail": 0,
    "builtinTags": [
        "category-work",
        "grid",
        "legend",
        "series-line",
        "title",
        "toolbox",
        "tooltip"
    ],
    "customTags": [],
    "updaterUserName": "sdtazhanghe"
}