{
    "cid": "xFjwuIyh9d",
    "authorUid": "bd-439675705",
    "authorUserName": "g***1",
    "title": "Awesome Chart",
    "description": "",
    "latestVersion": 6,
    "alwaysLatest": 1,
    "createTime": "2018-11-13T06:37:00.000Z",
    "lastUpdateTime": "2018-11-13T06:37:00.000Z",
    "auth": 2,
    "uid": "bd-439675705",
    "publishedVersion": 0,
    "forkFrom": "-",
    "isSpam": 0,
    "version": 6,
    "parentVersion": 5,
    "echartsVersion": "4.2.0",
    "versionCreateTime": "2018-11-19T07:13:43.000Z",
    "html": "",
    "externalScripts": "",
    "updaterUID": "bd-439675705",
    "theme": "",
    "layout": "",
    "viewCount": 20,
    "userName": "g***1",
    "commentCount": 0,
    "starCount": 0,
    "isStared": 0,
    "thumbnailURL": "https://www.makeapie.com/ecg-storage/ec_gallery_thumbnail/xFjwuIyh9d.png?v=1542611623286",
    "isCustomThumbnail": 0,
    "builtinTags": [
        "category-work",
        "dataZoom",
        "grid",
        "series-line",
        "title"
    ],
    "customTags": [],
    "updaterUserName": "g***1"
}