{
    "cid": "xHOUwTULgh",
    "authorUid": "bd-2513061118",
    "authorUserName": "w***y",
    "title": "学界二级领域人才分布",
    "description": "漏斗图",
    "latestVersion": 1,
    "alwaysLatest": 1,
    "createTime": "2018-11-14T09:54:05.000Z",
    "lastUpdateTime": "2018-11-14T09:54:05.000Z",
    "auth": 2,
    "uid": "bd-2513061118",
    "publishedVersion": 0,
    "forkFrom": "-",
    "isSpam": 0,
    "version": 1,
    "parentVersion": -1,
    "echartsVersion": "4.2.0",
    "versionCreateTime": "2018-11-14T09:54:05.000Z",
    "html": "",
    "externalScripts": "",
    "updaterUID": "bd-2513061118",
    "theme": "",
    "layout": "",
    "viewCount": 570,
    "userName": "w***y",
    "commentCount": 0,
    "starCount": 1,
    "isStared": 0,
    "thumbnailURL": "https://www.makeapie.com/ecg-storage/ec_gallery_thumbnail/xHOUwTULgh.png?v=1542189245775",
    "isCustomThumbnail": 0,
    "builtinTags": [
        "category-work",
        "legend",
        "series-funnel",
        "title",
        "toolbox",
        "tooltip"
    ],
    "customTags": [],
    "updaterUserName": "w***y"
}