{
    "cid": "xIeoDnW3C0",
    "authorUid": "bd-2673054839",
    "authorUserName": "找***e",
    "title": "市级动态增长",
    "description": "123",
    "latestVersion": 2,
    "alwaysLatest": 1,
    "createTime": "2018-11-15T08:37:55.000Z",
    "lastUpdateTime": "2018-11-15T08:37:55.000Z",
    "auth": 2,
    "uid": "bd-2673054839",
    "publishedVersion": 0,
    "forkFrom": "-",
    "isSpam": 0,
    "version": 2,
    "parentVersion": 1,
    "echartsVersion": "4.2.0",
    "versionCreateTime": "2018-11-15T08:41:48.000Z",
    "html": "",
    "externalScripts": "",
    "updaterUID": "bd-2673054839",
    "theme": "",
    "layout": "",
    "viewCount": 222,
    "userName": "找***e",
    "commentCount": 0,
    "starCount": 1,
    "isStared": 0,
    "thumbnailURL": "https://www.makeapie.com/ecg-storage/ec_gallery_thumbnail/xIeoDnW3C0.png?v=1542271308970",
    "isCustomThumbnail": 0,
    "builtinTags": [
        "category-work",
        "series-pie"
    ],
    "customTags": [],
    "updaterUserName": "找***e"
}