{
    "cid": "xKQX4ul-6U",
    "authorUid": "bd-2410434837",
    "authorUserName": "不***名",
    "title": "右侧百分比",
    "description": "参考别人的",
    "latestVersion": 2,
    "alwaysLatest": 1,
    "createTime": "2018-11-12T13:33:49.000Z",
    "lastUpdateTime": "2018-11-12T13:33:49.000Z",
    "auth": 2,
    "uid": "bd-2410434837",
    "publishedVersion": 0,
    "forkFrom": "-",
    "isSpam": 0,
    "version": 2,
    "parentVersion": 1,
    "echartsVersion": "4.2.0",
    "versionCreateTime": "2018-11-13T02:42:56.000Z",
    "html": "",
    "externalScripts": "",
    "updaterUID": "bd-2410434837",
    "theme": "",
    "layout": "",
    "viewCount": 147,
    "userName": "不***名",
    "commentCount": 0,
    "starCount": 4,
    "isStared": 0,
    "thumbnailURL": "https://www.makeapie.com/ecg-storage/ec_gallery_thumbnail/xKQX4ul-6U.png?v=1542076977034",
    "isCustomThumbnail": 0,
    "builtinTags": [
        "category-work",
        "grid",
        "legend",
        "series-bar"
    ],
    "customTags": [],
    "updaterUserName": "不***名"
}