{
    "cid": "xKU6wn9pL_",
    "authorUid": "bd-2385886544",
    "authorUserName": "等***W",
    "title": "堆叠区域图",
    "description": "",
    "latestVersion": 1,
    "alwaysLatest": 1,
    "createTime": "2018-11-13T08:16:33.000Z",
    "lastUpdateTime": "2018-11-13T08:16:33.000Z",
    "auth": 2,
    "uid": "bd-2385886544",
    "publishedVersion": 0,
    "forkFrom": "-",
    "isSpam": 0,
    "version": 1,
    "parentVersion": -1,
    "echartsVersion": "4.2.0",
    "versionCreateTime": "2018-11-13T08:16:33.000Z",
    "html": "",
    "externalScripts": "",
    "updaterUID": "bd-2385886544",
    "theme": "",
    "layout": "",
    "viewCount": 83,
    "userName": "等***W",
    "commentCount": 0,
    "starCount": 0,
    "isStared": 0,
    "thumbnailURL": "https://www.makeapie.com/ecg-storage/ec_gallery_thumbnail/xKU6wn9pL_.png?v=1542096994011",
    "isCustomThumbnail": 0,
    "builtinTags": [
        "category-work",
        "grid",
        "legend",
        "series-line",
        "title",
        "toolbox",
        "tooltip"
    ],
    "customTags": [],
    "updaterUserName": "等***W"
}