{
    "cid": "xvuHQPz2Sv",
    "authorUid": "bd-2656394799",
    "authorUserName": "最***弱",
    "title": "分别展示数据走势demo",
    "description": "",
    "latestVersion": 1,
    "alwaysLatest": 1,
    "createTime": "2018-11-14T03:25:19.000Z",
    "lastUpdateTime": "2018-11-14T03:25:19.000Z",
    "auth": 2,
    "uid": "bd-2656394799",
    "publishedVersion": 0,
    "forkFrom": "-",
    "isSpam": 0,
    "version": 1,
    "parentVersion": -1,
    "echartsVersion": "4.2.0",
    "versionCreateTime": "2018-11-14T03:25:19.000Z",
    "html": "",
    "externalScripts": "",
    "updaterUID": "bd-2656394799",
    "theme": "",
    "layout": "",
    "viewCount": 36,
    "userName": "最***弱",
    "commentCount": 0,
    "starCount": 1,
    "isStared": 0,
    "thumbnailURL": "https://www.makeapie.com/ecg-storage/ec_gallery_thumbnail/xvuHQPz2Sv.png?v=1542165919793",
    "isCustomThumbnail": 0,
    "builtinTags": [
        "category-work",
        "grid",
        "legend",
        "series-line",
        "title",
        "toolbox",
        "tooltip"
    ],
    "customTags": [],
    "updaterUserName": "最***弱"
}