{
    "cid": "xwc5yUaM70",
    "authorUid": "bd-2656394799",
    "authorUserName": "最***弱",
    "title": "实时监控某一数据的变化demo",
    "description": "按小时展示去监控,一分钟一变化",
    "latestVersion": 1,
    "alwaysLatest": 1,
    "createTime": "2018-11-14T03:30:27.000Z",
    "lastUpdateTime": "2018-11-14T03:30:27.000Z",
    "auth": 2,
    "uid": "bd-2656394799",
    "publishedVersion": 0,
    "forkFrom": "-",
    "isSpam": 0,
    "version": 1,
    "parentVersion": -1,
    "echartsVersion": "4.2.0",
    "versionCreateTime": "2018-11-14T03:30:27.000Z",
    "html": "",
    "externalScripts": "",
    "updaterUID": "bd-2656394799",
    "theme": "",
    "layout": "",
    "viewCount": 86,
    "userName": "最***弱",
    "commentCount": 0,
    "starCount": 0,
    "isStared": 0,
    "thumbnailURL": "https://www.makeapie.com/ecg-storage/ec_gallery_thumbnail/xwc5yUaM70.png?v=1542166227743",
    "isCustomThumbnail": 0,
    "builtinTags": [
        "category-work",
        "grid",
        "series-line",
        "title",
        "tooltip"
    ],
    "customTags": [],
    "updaterUserName": "最***弱"
}