{
    "cid": "xwI4aRJN7B",
    "authorUid": "bd-4179640802",
    "authorUserName": "四***8",
    "title": "仪表盘",
    "description": "",
    "latestVersion": 1,
    "alwaysLatest": 1,
    "createTime": "2018-11-12T03:09:09.000Z",
    "lastUpdateTime": "2018-11-12T03:09:09.000Z",
    "auth": 2,
    "uid": "bd-4179640802",
    "publishedVersion": 0,
    "forkFrom": "-",
    "isSpam": 0,
    "version": 1,
    "parentVersion": -1,
    "echartsVersion": "4.2.0",
    "versionCreateTime": "2018-11-12T03:09:09.000Z",
    "html": "",
    "externalScripts": "",
    "updaterUID": "bd-4179640802",
    "theme": "",
    "layout": "",
    "viewCount": 1096,
    "userName": "四***8",
    "commentCount": 0,
    "starCount": 5,
    "isStared": 0,
    "thumbnailURL": "https://www.makeapie.com/ecg-storage/ec_gallery_thumbnail/xwI4aRJN7B.png?v=1541992149778",
    "isCustomThumbnail": 0,
    "builtinTags": [
        "category-work",
        "series-gauge",
        "toolbox",
        "tooltip"
    ],
    "customTags": [],
    "updaterUserName": "四***8"
}