{
    "cid": "x7YfKM-wsR",
    "authorUid": "bd-4286708132",
    "authorUserName": "L***h",
    "title": "折线图",
    "description": "项目需要---记录",
    "latestVersion": 1,
    "alwaysLatest": 0,
    "createTime": "2021-06-15T02:14:30.000Z",
    "lastUpdateTime": "2021-06-15T02:14:30.000Z",
    "auth": 2,
    "uid": "bd-4286708132",
    "publishedVersion": 0,
    "forkFrom": "-",
    "isSpam": 0,
    "version": 1,
    "parentVersion": -1,
    "echartsVersion": "4.9.0",
    "versionCreateTime": "2021-06-15T02:14:30.000Z",
    "html": "",
    "externalScripts": "",
    "updaterUID": "bd-4286708132",
    "theme": "",
    "layout": "",
    "viewCount": 0,
    "userName": "L***h",
    "commentCount": 0,
    "starCount": 6,
    "isStared": 0,
    "thumbnailURL": "https://www.makeapie.com/ecg-storage/ec_gallery_thumbnail/x7YfKM-wsR.png?v=1623723270859",
    "isCustomThumbnail": 0,
    "builtinTags": [
        "category-work",
        "grid",
        "series-line",
        "tooltip"
    ],
    "customTags": [],
    "updaterUserName": "L***h"
}