{
    "cid": "x8Zj5e11Y0",
    "authorUid": "bd-3079028567",
    "authorUserName": "金***7",
    "title": "渐变三柱状图",
    "description": "",
    "latestVersion": 8,
    "alwaysLatest": 0,
    "createTime": "2021-06-09T08:09:50.000Z",
    "lastUpdateTime": "2021-06-09T08:09:50.000Z",
    "auth": 2,
    "uid": "bd-3079028567",
    "publishedVersion": 0,
    "forkFrom": "-",
    "isSpam": 0,
    "version": 8,
    "parentVersion": 7,
    "echartsVersion": "5.1.1",
    "versionCreateTime": "2021-06-09T08:59:57.000Z",
    "html": "",
    "externalScripts": "",
    "updaterUID": "bd-3079028567",
    "theme": "",
    "layout": "",
    "viewCount": 0,
    "userName": "金***7",
    "commentCount": 0,
    "starCount": 0,
    "isStared": 0,
    "thumbnailURL": "https://www.makeapie.com/ecg-storage/ec_gallery_thumbnail/x8Zj5e11Y0.png?v=1623229197878",
    "isCustomThumbnail": 0,
    "builtinTags": [
        "category-work",
        "grid",
        "series-bar",
        "title"
    ],
    "customTags": [
        "三个柱状图",
        "渐变"
    ],
    "updaterUserName": "金***7"
}