{
    "cid": "x9Mhprzl6p",
    "authorUid": "bd-1768072455",
    "authorUserName": "越***y",
    "title": "孔洞开挖深度",
    "description": "已经挖了100米。孔洞总深度300米",
    "latestVersion": 1,
    "alwaysLatest": 0,
    "createTime": "2021-06-11T01:56:01.000Z",
    "lastUpdateTime": "2021-06-11T01:56:01.000Z",
    "auth": 2,
    "uid": "bd-1768072455",
    "publishedVersion": 0,
    "forkFrom": "-",
    "isSpam": 0,
    "version": 1,
    "parentVersion": -1,
    "echartsVersion": "5.1.2",
    "versionCreateTime": "2021-06-11T01:56:01.000Z",
    "html": "",
    "externalScripts": "",
    "updaterUID": "bd-1768072455",
    "theme": "",
    "layout": "",
    "viewCount": 0,
    "userName": "越***y",
    "commentCount": 0,
    "starCount": 0,
    "isStared": 0,
    "thumbnailURL": "https://www.makeapie.com/ecg-storage/ec_gallery_thumbnail/x9Mhprzl6p.png?v=1623376561951",
    "isCustomThumbnail": 0,
    "builtinTags": [
        "category-work",
        "grid",
        "series-bar",
        "series-pictorialBar",
        "tooltip"
    ],
    "customTags": [],
    "updaterUserName": "越***y"
}