{
    "cid": "xaIhfW_c1g",
    "authorUid": "bd-3079028567",
    "authorUserName": "金***7",
    "title": "柱状图 点图",
    "description": "",
    "latestVersion": 3,
    "alwaysLatest": 0,
    "createTime": "2021-06-09T12:49:34.000Z",
    "lastUpdateTime": "2021-06-09T12:49:34.000Z",
    "auth": 2,
    "uid": "bd-3079028567",
    "publishedVersion": 0,
    "forkFrom": "-",
    "isSpam": 0,
    "version": 3,
    "parentVersion": 2,
    "echartsVersion": "5.1.2",
    "versionCreateTime": "2021-06-18T07:27:55.000Z",
    "html": "",
    "externalScripts": "",
    "updaterUID": "bd-3079028567",
    "theme": "",
    "layout": "",
    "viewCount": 0,
    "userName": "金***7",
    "commentCount": 0,
    "starCount": 6,
    "isStared": 0,
    "thumbnailURL": "https://www.makeapie.com/ecg-storage/ec_gallery_thumbnail/xaIhfW_c1g.png?v=1624001275476",
    "isCustomThumbnail": 0,
    "builtinTags": [
        "category-work",
        "grid",
        "series-bar",
        "title"
    ],
    "customTags": [
        "柱状图",
        "点图"
    ],
    "updaterUserName": "金***7"
}