{
    "cid": "xEElAHXagZ",
    "authorUid": "obd-otKTalBiqmznxT3yvWthSha_Yb6tq8E",
    "authorUserName": "L***8",
    "title": "",
    "description": "",
    "latestVersion": 2,
    "alwaysLatest": 0,
    "createTime": "2021-06-11T12:02:52.000Z",
    "lastUpdateTime": "2021-06-11T12:02:52.000Z",
    "auth": 2,
    "uid": "obd-otKTalBiqmznxT3yvWthSha_Yb6tq8E",
    "publishedVersion": 0,
    "forkFrom": "-",
    "isSpam": 0,
    "version": 2,
    "parentVersion": 1,
    "echartsVersion": "5.1.2",
    "versionCreateTime": "2021-06-11T12:03:04.000Z",
    "html": "",
    "externalScripts": "",
    "updaterUID": "obd-otKTalBiqmznxT3yvWthSha_Yb6tq8E",
    "theme": "",
    "layout": "",
    "viewCount": 0,
    "userName": "L***8",
    "commentCount": 0,
    "starCount": 1,
    "isStared": 0,
    "thumbnailURL": "https://www.makeapie.com/ecg-storage/ec_gallery_thumbnail/xEElAHXagZ.png?v=1623412984832",
    "isCustomThumbnail": 0,
    "builtinTags": [
        "category-work",
        "grid",
        "legend",
        "series-bar",
        "series-line",
        "toolbox",
        "tooltip"
    ],
    "customTags": [],
    "updaterUserName": "L***8"
}