{
    "cid": "xFD_EsdS7j",
    "authorUid": "obd-oAD1MSTwijPGRo4EVQuekwlAYg8aP7h",
    "authorUserName": "V***殇",
    "title": "同一数据两条折线实现切断处虚线连接",
    "description": "同一数据两条折线实现切断处虚线连接",
    "latestVersion": 3,
    "alwaysLatest": 0,
    "createTime": "2021-06-12T11:16:02.000Z",
    "lastUpdateTime": "2021-06-12T11:16:02.000Z",
    "auth": 2,
    "uid": "obd-oAD1MSTwijPGRo4EVQuekwlAYg8aP7h",
    "publishedVersion": 0,
    "forkFrom": "-",
    "isSpam": 0,
    "version": 3,
    "parentVersion": 2,
    "echartsVersion": "5.1.2",
    "versionCreateTime": "2021-06-12T11:20:59.000Z",
    "html": "",
    "externalScripts": "",
    "updaterUID": "obd-oAD1MSTwijPGRo4EVQuekwlAYg8aP7h",
    "theme": "",
    "layout": "",
    "viewCount": 0,
    "userName": "V***殇",
    "commentCount": 0,
    "starCount": 0,
    "isStared": 0,
    "thumbnailURL": "https://www.makeapie.com/ecg-storage/ec_gallery_thumbnail/xFD_EsdS7j.png?v=1623496859718",
    "isCustomThumbnail": 0,
    "builtinTags": [
        "category-work",
        "grid",
        "series-line",
        "title",
        "tooltip"
    ],
    "customTags": [],
    "updaterUserName": "V***殇"
}