{
    "cid": "xgXqT1fNlU",
    "authorUid": "bd-3079028567",
    "authorUserName": "金***7",
    "title": "温度计 三柱状图",
    "description": "",
    "latestVersion": 7,
    "alwaysLatest": 0,
    "createTime": "2021-06-09T09:02:21.000Z",
    "lastUpdateTime": "2021-06-09T09:02:21.000Z",
    "auth": 2,
    "uid": "bd-3079028567",
    "publishedVersion": 0,
    "forkFrom": "-",
    "isSpam": 0,
    "version": 7,
    "parentVersion": 6,
    "echartsVersion": "5.1.2",
    "versionCreateTime": "2021-06-09T12:48:20.000Z",
    "html": "",
    "externalScripts": "",
    "updaterUID": "bd-3079028567",
    "theme": "",
    "layout": "",
    "viewCount": 0,
    "userName": "金***7",
    "commentCount": 0,
    "starCount": 1,
    "isStared": 0,
    "thumbnailURL": "https://www.makeapie.com/ecg-storage/ec_gallery_thumbnail/xgXqT1fNlU.png?v=1623242900235",
    "isCustomThumbnail": 0,
    "builtinTags": [
        "category-work",
        "grid",
        "series-bar",
        "title"
    ],
    "customTags": [
        "三柱状图",
        "温度计"
    ],
    "updaterUserName": "金***7"
}