{
    "cid": "xiDEkdiCmr",
    "authorUid": "obd-oAlgIZJFnuvh9axS5_Xd6Owy9HgEy7A",
    "authorUserName": "帝***字",
    "title": "雨量",
    "description": "",
    "latestVersion": 4,
    "alwaysLatest": 0,
    "createTime": "2021-06-12T10:47:14.000Z",
    "lastUpdateTime": "2021-06-12T10:47:14.000Z",
    "auth": 2,
    "uid": "obd-oAlgIZJFnuvh9axS5_Xd6Owy9HgEy7A",
    "publishedVersion": 0,
    "forkFrom": "-",
    "isSpam": 0,
    "version": 4,
    "parentVersion": 3,
    "echartsVersion": "5.1.2",
    "versionCreateTime": "2021-06-12T10:53:10.000Z",
    "html": "",
    "externalScripts": "",
    "updaterUID": "obd-oAlgIZJFnuvh9axS5_Xd6Owy9HgEy7A",
    "theme": "dark",
    "layout": "",
    "viewCount": 0,
    "userName": "帝***字",
    "commentCount": 0,
    "starCount": 0,
    "isStared": 0,
    "thumbnailURL": "https://www.makeapie.com/ecg-storage/ec_gallery_thumbnail/xiDEkdiCmr.png?v=1623495190291",
    "isCustomThumbnail": 0,
    "builtinTags": [
        "category-work",
        "grid",
        "series-pictorialBar",
        "tooltip"
    ],
    "customTags": [],
    "updaterUserName": "帝***字"
}