{
    "cid": "xiMzfEq-PO",
    "authorUid": "obd-oAh1pmOtRq8dpE1-TB9zEDrgNUYDa75",
    "authorUserName": "y***车",
    "title": "折线区域图",
    "description": "",
    "latestVersion": 1,
    "alwaysLatest": 0,
    "createTime": "2021-06-10T07:06:52.000Z",
    "lastUpdateTime": "2021-06-10T07:06:52.000Z",
    "auth": 2,
    "uid": "obd-oAh1pmOtRq8dpE1-TB9zEDrgNUYDa75",
    "publishedVersion": 0,
    "forkFrom": "-",
    "isSpam": 0,
    "version": 1,
    "parentVersion": -1,
    "echartsVersion": "5.1.2",
    "versionCreateTime": "2021-06-10T07:06:52.000Z",
    "html": "",
    "externalScripts": "",
    "updaterUID": "obd-oAh1pmOtRq8dpE1-TB9zEDrgNUYDa75",
    "theme": "",
    "layout": "",
    "viewCount": 0,
    "userName": "y***车",
    "commentCount": 0,
    "starCount": 0,
    "isStared": 0,
    "thumbnailURL": "https://www.makeapie.com/ecg-storage/ec_gallery_thumbnail/xiMzfEq-PO.png?v=1623308812348",
    "isCustomThumbnail": 0,
    "builtinTags": [
        "category-work",
        "grid",
        "legend",
        "series-line",
        "tooltip"
    ],
    "customTags": [],
    "updaterUserName": "y***车"
}