{
    "cid": "xm7GPoaixZ",
    "authorUid": "bd-2773585429",
    "authorUserName": "百度用户#0045103430",
    "title": "",
    "description": "",
    "latestVersion": 1,
    "alwaysLatest": 0,
    "createTime": "2021-06-10T03:49:32.000Z",
    "lastUpdateTime": "2021-06-10T03:49:32.000Z",
    "auth": 2,
    "uid": "bd-2773585429",
    "publishedVersion": 0,
    "forkFrom": "-",
    "isSpam": 0,
    "version": 1,
    "parentVersion": -1,
    "echartsVersion": "5.1.2",
    "versionCreateTime": "2021-06-10T03:49:32.000Z",
    "html": "",
    "externalScripts": "",
    "updaterUID": "bd-2773585429",
    "theme": "",
    "layout": "",
    "viewCount": 0,
    "userName": "百度用户#0045103430",
    "commentCount": 0,
    "starCount": 1,
    "isStared": 0,
    "thumbnailURL": "https://www.makeapie.com/ecg-storage/ec_gallery_thumbnail/xm7GPoaixZ.png?v=1623296972571",
    "isCustomThumbnail": 0,
    "builtinTags": [
        "category-work",
        "grid",
        "legend",
        "series-bar",
        "tooltip"
    ],
    "customTags": [],
    "updaterUserName": "百度用户#0045103430"
}