{
    "cid": "x-xwhKEKlt",
    "authorUid": "bd-1101694830",
    "authorUserName": "奋斗的我们友善",
    "title": "世界各国经常账户情况",
    "description": "数据来源：worldbank data",
    "latestVersion": 1,
    "alwaysLatest": 1,
    "createTime": "2018-11-29T02:57:31.000Z",
    "lastUpdateTime": "2018-11-29T02:57:31.000Z",
    "auth": 2,
    "uid": "bd-1101694830",
    "publishedVersion": 0,
    "forkFrom": "-",
    "isSpam": 0,
    "version": 1,
    "parentVersion": -1,
    "echartsVersion": "4.2.0",
    "versionCreateTime": "2018-11-29T02:57:31.000Z",
    "html": "",
    "externalScripts": "/dep/echarts/map/js/world.js",
    "updaterUID": "bd-1101694830",
    "theme": "",
    "layout": "",
    "viewCount": 3296,
    "userName": "奋斗的我们友善",
    "commentCount": 0,
    "starCount": 7,
    "isStared": 0,
    "thumbnailURL": "https://www.makeapie.com/ecg-storage/ec_gallery_thumbnail/x-xwhKEKlt.png?v=1543460251558",
    "isCustomThumbnail": 0,
    "builtinTags": [
        "category-work",
        "series-map",
        "timeline",
        "title",
        "visualMap"
    ],
    "customTags": [],
    "updaterUserName": "奋斗的我们友善"
}