{
    "cid": "x1g1fS0Vi4",
    "authorUid": "bd-101698999",
    "authorUserName": "Z***8",
    "title": "百度知道回答，labelLine与图形脱离",
    "description": "",
    "latestVersion": 2,
    "alwaysLatest": 1,
    "createTime": "2018-11-28T05:40:05.000Z",
    "lastUpdateTime": "2018-11-28T05:40:05.000Z",
    "auth": 2,
    "uid": "bd-101698999",
    "publishedVersion": 0,
    "forkFrom": "-",
    "isSpam": 0,
    "version": 2,
    "parentVersion": 1,
    "echartsVersion": "4.2.0",
    "versionCreateTime": "2018-11-28T05:58:32.000Z",
    "html": "",
    "externalScripts": "",
    "updaterUID": "bd-101698999",
    "theme": "",
    "layout": "",
    "viewCount": 1164,
    "userName": "Z***8",
    "commentCount": 0,
    "starCount": 0,
    "isStared": 0,
    "thumbnailURL": "https://www.makeapie.com/ecg-storage/ec_gallery_thumbnail/x1g1fS0Vi4.png?v=1543383605728",
    "isCustomThumbnail": 1,
    "builtinTags": [
        "category-work",
        "dataset",
        "grid",
        "series-pie",
        "title"
    ],
    "customTags": [],
    "updaterUserName": "Z***8"
}