{
    "cid": "x4pUjCzm2l",
    "authorUid": "bd-201593938",
    "authorUserName": "l***2",
    "title": "折线图实现的长沙地铁图",
    "description": "",
    "latestVersion": 5,
    "alwaysLatest": 1,
    "createTime": "2018-12-01T08:37:08.000Z",
    "lastUpdateTime": "2018-12-01T08:37:08.000Z",
    "auth": 1,
    "uid": "bd-201593938",
    "publishedVersion": 0,
    "forkFrom": "-",
    "isSpam": 0,
    "version": 5,
    "parentVersion": 4,
    "echartsVersion": "4.2.0",
    "versionCreateTime": "2018-12-21T14:21:25.000Z",
    "html": "",
    "externalScripts": "",
    "updaterUID": "bd-201593938",
    "theme": "",
    "layout": "",
    "viewCount": 1264,
    "userName": "l***2",
    "commentCount": 0,
    "starCount": 8,
    "isStared": 0,
    "thumbnailURL": "https://www.makeapie.com/ecg-storage/ec_gallery_thumbnail/x4pUjCzm2l.png?v=1545402085485",
    "isCustomThumbnail": 0,
    "builtinTags": [
        "category-work",
        "dataZoom",
        "grid",
        "legend",
        "series-effectScatter",
        "series-line",
        "title",
        "tooltip"
    ],
    "customTags": [],
    "updaterUserName": "l***2"
}