{
    "cid": "x_kmXlIRYn",
    "authorUid": "bd-127895190",
    "authorUserName": "C***N",
    "title": "圣诞水球图",
    "description": "echarts 圣诞水球图",
    "latestVersion": 3,
    "alwaysLatest": 1,
    "createTime": "2018-11-29T14:23:45.000Z",
    "lastUpdateTime": "2018-11-29T14:23:45.000Z",
    "auth": 2,
    "uid": "bd-127895190",
    "publishedVersion": 0,
    "forkFrom": "-",
    "isSpam": 0,
    "version": 3,
    "parentVersion": 2,
    "echartsVersion": "4.2.1",
    "versionCreateTime": "2019-07-12T02:33:57.000Z",
    "html": "",
    "externalScripts": "http://echarts.baidu.com/resource/echarts-liquidfill-1.0.4/dist/echarts-liquidfill.js",
    "updaterUID": "bd-127895190",
    "theme": "",
    "layout": "",
    "viewCount": 1597,
    "userName": "C***N",
    "commentCount": 0,
    "starCount": 9,
    "isStared": 0,
    "thumbnailURL": "https://www.makeapie.com/ecg-storage/ec_gallery_thumbnail/x_kmXlIRYn.png?v=1562898837752",
    "isCustomThumbnail": 0,
    "builtinTags": [
        "category-work",
        "graphic",
        "series-liquidFill"
    ],
    "customTags": [],
    "updaterUserName": "C***N"
}