{
    "cid": "xaZ6st41VO",
    "authorUid": "bd-3894911789",
    "authorUserName": "t***3",
    "title": "带有lenged的seclect选中状态",
    "description": "",
    "latestVersion": 1,
    "alwaysLatest": 1,
    "createTime": "2018-11-29T08:34:54.000Z",
    "lastUpdateTime": "2018-11-29T08:34:54.000Z",
    "auth": 2,
    "uid": "bd-3894911789",
    "publishedVersion": 0,
    "forkFrom": "-",
    "isSpam": 0,
    "version": 1,
    "parentVersion": -1,
    "echartsVersion": "4.2.0",
    "versionCreateTime": "2018-11-29T08:34:54.000Z",
    "html": "",
    "externalScripts": "",
    "updaterUID": "bd-3894911789",
    "theme": "",
    "layout": "",
    "viewCount": 959,
    "userName": "t***3",
    "commentCount": 1,
    "starCount": 2,
    "isStared": 0,
    "thumbnailURL": "https://www.makeapie.com/ecg-storage/ec_gallery_thumbnail/xaZ6st41VO.png?v=1543480494975",
    "isCustomThumbnail": 0,
    "builtinTags": [
        "category-work",
        "series-pie"
    ],
    "customTags": [],
    "updaterUserName": "t***3"
}