{
    "cid": "xbc7NtG3aX",
    "authorUid": "bd-4197761524",
    "authorUserName": "1***y",
    "title": "Echarts浙江省地图气泡",
    "description": "解决toolitip在引入jquery文件后，鼠标悬浮气泡，提示框出现覆盖某一个地图气泡后，再次鼠标悬浮被覆盖的气泡会使气泡原本的高亮效果会失效。",
    "latestVersion": 1,
    "alwaysLatest": 1,
    "createTime": "2018-11-30T08:01:00.000Z",
    "lastUpdateTime": "2018-11-30T08:01:00.000Z",
    "auth": 2,
    "uid": "bd-4197761524",
    "publishedVersion": 0,
    "forkFrom": "-",
    "isSpam": 0,
    "version": 1,
    "parentVersion": -1,
    "echartsVersion": "4.2.0",
    "versionCreateTime": "2018-11-30T08:01:00.000Z",
    "html": "",
    "externalScripts": "",
    "updaterUID": "bd-4197761524",
    "theme": "",
    "layout": "",
    "viewCount": 894,
    "userName": "1***y",
    "commentCount": 0,
    "starCount": 4,
    "isStared": 0,
    "thumbnailURL": "https://www.makeapie.com/ecg-storage/ec_gallery_thumbnail/xbc7NtG3aX.png?v=1543564860314",
    "isCustomThumbnail": 0,
    "builtinTags": [
        "category-work",
        "geo",
        "series-scatter",
        "tooltip",
        "visualMap"
    ],
    "customTags": [],
    "updaterUserName": "1***y"
}