{
    "cid": "xi8c6HW-pn",
    "authorUid": "bd-286065306",
    "authorUserName": "T***o",
    "title": "展示波峰值",
    "description": "展示波峰的label",
    "latestVersion": 4,
    "alwaysLatest": 1,
    "createTime": "2018-12-01T07:11:53.000Z",
    "lastUpdateTime": "2018-12-01T07:11:53.000Z",
    "auth": 2,
    "uid": "bd-286065306",
    "publishedVersion": 0,
    "forkFrom": "-",
    "isSpam": 0,
    "version": 4,
    "parentVersion": 3,
    "echartsVersion": "4.2.0",
    "versionCreateTime": "2018-12-02T11:18:30.000Z",
    "html": "",
    "externalScripts": "",
    "updaterUID": "bd-286065306",
    "theme": "",
    "layout": "",
    "viewCount": 160,
    "userName": "T***o",
    "commentCount": 0,
    "starCount": 2,
    "isStared": 0,
    "thumbnailURL": "https://www.makeapie.com/ecg-storage/ec_gallery_thumbnail/xi8c6HW-pn.png?v=1543749510317",
    "isCustomThumbnail": 0,
    "builtinTags": [
        "category-work",
        "grid",
        "series-line",
        "tooltip"
    ],
    "customTags": [],
    "updaterUserName": "T***o"
}