{
    "cid": "xkRGGtsmmI",
    "authorUid": "bd-1174716781",
    "authorUserName": "跃臣猫",
    "title": "来水信息管理",
    "description": "",
    "latestVersion": 4,
    "alwaysLatest": 1,
    "createTime": "2018-11-30T02:01:04.000Z",
    "lastUpdateTime": "2018-11-30T02:01:04.000Z",
    "auth": 2,
    "uid": "bd-1174716781",
    "publishedVersion": 0,
    "forkFrom": "-",
    "isSpam": 0,
    "version": 4,
    "parentVersion": 3,
    "echartsVersion": "4.2.0",
    "versionCreateTime": "2018-11-30T06:50:47.000Z",
    "html": "",
    "externalScripts": "",
    "updaterUID": "bd-1174716781",
    "theme": "",
    "layout": "",
    "viewCount": 385,
    "userName": "跃臣猫",
    "commentCount": 0,
    "starCount": 0,
    "isStared": 0,
    "thumbnailURL": "https://www.makeapie.com/ecg-storage/ec_gallery_thumbnail/xkRGGtsmmI.png?v=1543560647259",
    "isCustomThumbnail": 0,
    "builtinTags": [
        "category-work",
        "dataZoom",
        "grid",
        "legend",
        "markLine",
        "markPoint",
        "series-line",
        "title",
        "toolbox",
        "tooltip"
    ],
    "customTags": [],
    "updaterUserName": "跃臣猫"
}