{
    "cid": "xNi9D7nevc",
    "authorUid": "bd-3948774354",
    "authorUserName": "球球大战脑残粉",
    "title": "仪表盘",
    "description": "woxDesign ",
    "latestVersion": 3,
    "alwaysLatest": 1,
    "createTime": "2018-11-28T02:55:55.000Z",
    "lastUpdateTime": "2018-11-28T02:55:55.000Z",
    "auth": 1,
    "uid": "bd-3948774354",
    "publishedVersion": 0,
    "forkFrom": "-",
    "isSpam": 0,
    "version": 3,
    "parentVersion": 2,
    "echartsVersion": "4.2.1",
    "versionCreateTime": "2019-09-16T02:17:13.000Z",
    "html": "",
    "externalScripts": "",
    "updaterUID": "bd-2036778861",
    "theme": "",
    "layout": "",
    "viewCount": 863,
    "userName": "球球大战脑残粉",
    "commentCount": 0,
    "starCount": 7,
    "isStared": 0,
    "thumbnailURL": "https://www.makeapie.com/ecg-storage/ec_gallery_thumbnail/xNi9D7nevc.png?v=1568600233368",
    "isCustomThumbnail": 0,
    "builtinTags": [
        "category-work",
        "series-gauge",
        "title"
    ],
    "customTags": [],
    "updaterUserName": "l***t"
}