{
    "cid": "xOJmh9nY_o",
    "authorUid": "bd-2268903234",
    "authorUserName": "神经质Dusty521",
    "title": "窗口人员在线",
    "description": "通过柱状图展示用户在线情况",
    "latestVersion": 3,
    "alwaysLatest": 1,
    "createTime": "2018-11-28T13:33:46.000Z",
    "lastUpdateTime": "2018-11-28T13:33:46.000Z",
    "auth": 2,
    "uid": "bd-2268903234",
    "publishedVersion": 0,
    "forkFrom": "-",
    "isSpam": 0,
    "version": 3,
    "parentVersion": 2,
    "echartsVersion": "4.2.0",
    "versionCreateTime": "2018-12-04T02:02:12.000Z",
    "html": "",
    "externalScripts": "",
    "updaterUID": "bd-2268903234",
    "theme": "",
    "layout": "",
    "viewCount": 214,
    "userName": "神经质Dusty521",
    "commentCount": 0,
    "starCount": 0,
    "isStared": 0,
    "thumbnailURL": "https://www.makeapie.com/ecg-storage/ec_gallery_thumbnail/xOJmh9nY_o.png?v=1543888932171",
    "isCustomThumbnail": 0,
    "builtinTags": [
        "category-work",
        "dataZoom",
        "grid",
        "legend",
        "series-bar",
        "series-custom",
        "title",
        "tooltip"
    ],
    "customTags": [],
    "updaterUserName": "神经质Dusty521"
}