{
    "cid": "xoYBG5lkiR",
    "authorUid": "bd-3762336049",
    "authorUserName": "南柯旧梦岁月",
    "title": "liantuiwang营销工具",
    "description": "q405648513q405648513q405648513q405648513q405648513q405648513q405648513q405648513q405648513q405648513q405648513q405648513q405648513q405648513q405648513q405648513",
    "latestVersion": 1,
    "alwaysLatest": 1,
    "createTime": "2018-11-29T18:22:42.000Z",
    "lastUpdateTime": "2018-11-29T18:22:42.000Z",
    "auth": 2,
    "uid": "bd-3762336049",
    "publishedVersion": 0,
    "forkFrom": "-",
    "isSpam": 0,
    "version": 1,
    "parentVersion": -1,
    "echartsVersion": "4.2.0",
    "versionCreateTime": "2018-11-29T18:22:42.000Z",
    "html": "",
    "externalScripts": "",
    "updaterUID": "bd-3762336049",
    "theme": "",
    "layout": "",
    "viewCount": 7,
    "userName": "南柯旧梦岁月",
    "commentCount": 0,
    "starCount": 0,
    "isStared": 0,
    "thumbnailURL": "https://www.makeapie.com/ecg-storage/ec_gallery_thumbnail/xoYBG5lkiR.png?v=1543515762442",
    "isCustomThumbnail": 0,
    "builtinTags": [
        "category-work",
        "grid",
        "series-line",
        "title"
    ],
    "customTags": [],
    "updaterUserName": "南柯旧梦岁月"
}