{
    "cid": "xSzCQvRNRs",
    "authorUid": "bd-743842079",
    "authorUserName": "sandy梦到徽州",
    "title": "圆环",
    "description": "圆环内部字体带样式, 且每行字体样式不同",
    "latestVersion": 3,
    "alwaysLatest": 1,
    "createTime": "2018-12-03T02:03:29.000Z",
    "lastUpdateTime": "2018-12-03T02:03:29.000Z",
    "auth": 2,
    "uid": "bd-743842079",
    "publishedVersion": 0,
    "forkFrom": "-",
    "isSpam": 0,
    "version": 3,
    "parentVersion": 2,
    "echartsVersion": "4.2.0",
    "versionCreateTime": "2018-12-03T02:26:57.000Z",
    "html": "",
    "externalScripts": "http://api.map.baidu.com/api?v=2.0&ak=ZUONbpqGBsYGXNIYHicvbAbM,/dep/echarts/latest/extension/bmap.min.js,http://echarts.baidu.com/resource/echarts-gl-latest/dist/echarts-gl.min.js,/dep/echarts/map/js/china.js",
    "updaterUID": "bd-743842079",
    "theme": "",
    "layout": "",
    "viewCount": 76,
    "userName": "sandy梦到徽州",
    "commentCount": 0,
    "starCount": 0,
    "isStared": 0,
    "thumbnailURL": "https://www.makeapie.com/ecg-storage/ec_gallery_thumbnail/xSzCQvRNRs.png?v=1543804017730",
    "isCustomThumbnail": 0,
    "builtinTags": [
        "category-work",
        "series-pie"
    ],
    "customTags": [],
    "updaterUserName": "sandy梦到徽州"
}