{
    "cid": "xTFKm08zP9",
    "authorUid": "bd-624055021",
    "authorUserName": "我***爱",
    "title": "柱状图配水滴",
    "description": "柱状图tip换成水滴，希望可以做到水滴内的信息可以自定义样式（自定义展示形式）",
    "latestVersion": 2,
    "alwaysLatest": 1,
    "createTime": "2018-12-02T11:13:14.000Z",
    "lastUpdateTime": "2018-12-02T11:13:14.000Z",
    "auth": 2,
    "uid": "bd-624055021",
    "publishedVersion": 1,
    "forkFrom": "-",
    "isSpam": 0,
    "version": 1,
    "parentVersion": -1,
    "echartsVersion": "4.2.0",
    "versionCreateTime": "2018-12-02T11:13:14.000Z",
    "html": "",
    "externalScripts": "http://echarts.baidu.com/resource/echarts-liquidfill-latest/dist/echarts-liquidfill.min.js",
    "updaterUID": "bd-624055021",
    "theme": "",
    "layout": "",
    "viewCount": 458,
    "userName": "我***爱",
    "commentCount": 0,
    "starCount": 3,
    "isStared": 0,
    "thumbnailURL": "https://www.makeapie.com/ecg-storage/ec_gallery_thumbnail/xTFKm08zP9.png?v=1543749194980",
    "isCustomThumbnail": 0,
    "builtinTags": [
        "category-work",
        "grid",
        "series-bar",
        "series-liquidFill"
    ],
    "customTags": [
        "自定义"
    ],
    "updaterUserName": "我***爱"
}