{
    "cid": "xtqTC6G-PQ",
    "authorUid": "bd-571672047",
    "authorUserName": "wangfan0840",
    "title": "用户路径分析桑基图",
    "description": "",
    "latestVersion": 6,
    "alwaysLatest": 1,
    "createTime": "2018-11-29T08:54:01.000Z",
    "lastUpdateTime": "2018-11-29T08:54:01.000Z",
    "auth": 2,
    "uid": "bd-571672047",
    "publishedVersion": 0,
    "forkFrom": "-",
    "isSpam": 0,
    "version": 6,
    "parentVersion": 3,
    "echartsVersion": "4.2.0",
    "versionCreateTime": "2018-11-29T13:08:35.000Z",
    "html": "",
    "externalScripts": "",
    "updaterUID": "bd-571672047",
    "theme": "",
    "layout": "",
    "viewCount": 758,
    "userName": "wangfan0840",
    "commentCount": 0,
    "starCount": 0,
    "isStared": 0,
    "thumbnailURL": "https://www.makeapie.com/ecg-storage/ec_gallery_thumbnail/xtqTC6G-PQ.png?v=1543496915709",
    "isCustomThumbnail": 0,
    "builtinTags": [
        "category-work",
        "series-sankey",
        "title",
        "tooltip"
    ],
    "customTags": [],
    "updaterUserName": "wangfan0840"
}