{
    "cid": "xXpI83cd-B",
    "authorUid": "bd-4211215265",
    "authorUserName": "江***士",
    "title": "DCO二期开发四象限图",
    "description": "",
    "latestVersion": 1,
    "alwaysLatest": 1,
    "createTime": "2018-11-28T01:58:07.000Z",
    "lastUpdateTime": "2018-11-28T01:58:07.000Z",
    "auth": 2,
    "uid": "bd-4211215265",
    "publishedVersion": 0,
    "forkFrom": "-",
    "isSpam": 0,
    "version": 1,
    "parentVersion": -1,
    "echartsVersion": "4.2.0",
    "versionCreateTime": "2018-11-28T01:58:07.000Z",
    "html": "",
    "externalScripts": "",
    "updaterUID": "bd-4211215265",
    "theme": "",
    "layout": "",
    "viewCount": 265,
    "userName": "江***士",
    "commentCount": 0,
    "starCount": 0,
    "isStared": 0,
    "thumbnailURL": "https://www.makeapie.com/ecg-storage/ec_gallery_thumbnail/xXpI83cd-B.png?v=1543370287720",
    "isCustomThumbnail": 0,
    "builtinTags": [
        "category-work",
        "dataZoom",
        "grid",
        "markArea",
        "markLine",
        "series-scatter",
        "title",
        "toolbox",
        "tooltip"
    ],
    "customTags": [],
    "updaterUserName": "江***士"
}