{
    "cid": "xZ4AZg_U58",
    "authorUid": "bd-4164208518",
    "authorUserName": "绝***的",
    "title": "饼图",
    "description": "饼图",
    "latestVersion": 1,
    "alwaysLatest": 1,
    "createTime": "2018-11-28T01:47:32.000Z",
    "lastUpdateTime": "2018-11-28T01:47:32.000Z",
    "auth": 2,
    "uid": "bd-4164208518",
    "publishedVersion": 0,
    "forkFrom": "-",
    "isSpam": 0,
    "version": 1,
    "parentVersion": -1,
    "echartsVersion": "4.2.0",
    "versionCreateTime": "2018-11-28T01:47:32.000Z",
    "html": "",
    "externalScripts": "",
    "updaterUID": "bd-4164208518",
    "theme": "",
    "layout": "",
    "viewCount": 86,
    "userName": "绝***的",
    "commentCount": 0,
    "starCount": 0,
    "isStared": 0,
    "thumbnailURL": "https://www.makeapie.com/ecg-storage/ec_gallery_thumbnail/xZ4AZg_U58.png?v=1543369652588",
    "isCustomThumbnail": 0,
    "builtinTags": [
        "category-work",
        "series-pie",
        "tooltip",
        "visualMap"
    ],
    "customTags": [],
    "updaterUserName": "绝***的"
}