{
    "cid": "xzHoZGp_TU",
    "authorUid": "bd-1479787612",
    "authorUserName": "xxffxxgg",
    "title": "Hello World",
    "description": "helloworld",
    "latestVersion": 1,
    "alwaysLatest": 1,
    "createTime": "2018-11-30T03:40:42.000Z",
    "lastUpdateTime": "2018-11-30T03:40:42.000Z",
    "auth": 2,
    "uid": "bd-1479787612",
    "publishedVersion": 0,
    "forkFrom": "-",
    "isSpam": 0,
    "version": 1,
    "parentVersion": -1,
    "echartsVersion": "4.2.0",
    "versionCreateTime": "2018-11-30T03:40:42.000Z",
    "html": "",
    "externalScripts": "",
    "updaterUID": "bd-1479787612",
    "theme": "",
    "layout": "",
    "viewCount": 4,
    "userName": "xxffxxgg",
    "commentCount": 0,
    "starCount": 0,
    "isStared": 0,
    "thumbnailURL": "https://www.makeapie.com/ecg-storage/ec_gallery_thumbnail/xzHoZGp_TU.png?v=1543549242270",
    "isCustomThumbnail": 0,
    "builtinTags": [
        "category-work",
        "grid",
        "series-line",
        "title"
    ],
    "customTags": [],
    "updaterUserName": "xxffxxgg"
}