{
    "cid": "xBJF7T_jWz",
    "authorUid": "bd-1177841325",
    "authorUserName": "i***o",
    "title": "测试1",
    "description": "测试1",
    "latestVersion": 5,
    "alwaysLatest": 1,
    "createTime": "2017-12-11T03:36:01.000Z",
    "lastUpdateTime": "2017-12-11T03:36:01.000Z",
    "auth": 2,
    "uid": "bd-1177841325",
    "publishedVersion": 0,
    "forkFrom": "-",
    "isSpam": 0,
    "version": 5,
    "parentVersion": 4,
    "echartsVersion": "3.8.0",
    "versionCreateTime": "2017-12-11T09:14:50.000Z",
    "html": "",
    "externalScripts": "/dep/echarts/map/js/world.js",
    "updaterUID": "bd-1177841325",
    "theme": "",
    "layout": "",
    "viewCount": 6022,
    "userName": "i***o",
    "commentCount": 1,
    "starCount": 23,
    "isStared": 0,
    "thumbnailURL": "https://www.makeapie.com/ecg-storage/ec_gallery_thumbnail/xBJF7T_jWz.png?v=1512983690721",
    "isCustomThumbnail": 0,
    "builtinTags": [
        "category-work",
        "geo",
        "series-effectScatter",
        "series-lines",
        "series-scatter",
        "title",
        "tooltip",
        "visualMap"
    ],
    "customTags": [],
    "updaterUserName": "i***o"
}