{
    "cid": "xBJVQU29Wz",
    "authorUid": "bd-1536945990",
    "authorUserName": "栗子与花生",
    "title": "参与评论年龄分布",
    "description": "纯属虚构",
    "latestVersion": 1,
    "alwaysLatest": 1,
    "createTime": "2017-12-10T13:26:51.000Z",
    "lastUpdateTime": "2017-12-10T13:27:41.000Z",
    "auth": 2,
    "uid": "bd-1536945990",
    "publishedVersion": 0,
    "forkFrom": "-",
    "isSpam": 0,
    "version": 1,
    "parentVersion": -1,
    "echartsVersion": "3.8.0",
    "versionCreateTime": "2017-12-10T13:26:51.000Z",
    "html": "",
    "externalScripts": "",
    "updaterUID": "bd-1536945990",
    "theme": "macarons",
    "layout": "",
    "viewCount": 625,
    "userName": "栗子与花生",
    "commentCount": 0,
    "starCount": 0,
    "isStared": 0,
    "thumbnailURL": "https://www.makeapie.com/ecg-storage/ec_gallery_thumbnail/xBJVQU29Wz.png?v=1512912411844",
    "isCustomThumbnail": 0,
    "builtinTags": [],
    "customTags": [],
    "updaterUserName": "栗子与花生"
}