{
    "cid": "xBkfxK12Wz",
    "authorUid": "bd-2282772228",
    "authorUserName": "jackieli123723",
    "title": "补0",
    "description": "补0",
    "latestVersion": 4,
    "alwaysLatest": 1,
    "createTime": "2017-12-11T11:15:54.000Z",
    "lastUpdateTime": "2017-12-11T11:15:54.000Z",
    "auth": 2,
    "uid": "bd-2282772228",
    "publishedVersion": 0,
    "forkFrom": "-",
    "isSpam": 0,
    "version": 4,
    "parentVersion": 3,
    "echartsVersion": "3.8.0",
    "versionCreateTime": "2017-12-11T11:36:34.000Z",
    "html": "",
    "externalScripts": "",
    "updaterUID": "bd-2282772228",
    "theme": "",
    "layout": "",
    "viewCount": 126,
    "userName": "jackieli123723",
    "commentCount": 0,
    "starCount": 0,
    "isStared": 0,
    "thumbnailURL": "https://www.makeapie.com/ecg-storage/ec_gallery_thumbnail/xBkfxK12Wz.png?v=1512992194958",
    "isCustomThumbnail": 0,
    "builtinTags": [
        "category-work",
        "grid",
        "legend",
        "series-bar",
        "tooltip"
    ],
    "customTags": [],
    "updaterUserName": "jackieli123723"
}