{
    "cid": "xBkPnAicZM",
    "authorUid": "bd-1195352646",
    "authorUserName": "静夏西凉",
    "title": "情感倾向统计表",
    "description": "",
    "latestVersion": 1,
    "alwaysLatest": 1,
    "createTime": "2017-12-10T12:55:10.000Z",
    "lastUpdateTime": "2017-12-10T12:55:10.000Z",
    "auth": 2,
    "uid": "bd-1195352646",
    "publishedVersion": 0,
    "forkFrom": "-",
    "isSpam": 0,
    "version": 1,
    "parentVersion": -1,
    "echartsVersion": "3.8.0",
    "versionCreateTime": "2017-12-10T12:55:10.000Z",
    "html": "",
    "externalScripts": "",
    "updaterUID": "bd-1195352646",
    "theme": "",
    "layout": "",
    "viewCount": 161,
    "userName": "静夏西凉",
    "commentCount": 0,
    "starCount": 0,
    "isStared": 0,
    "thumbnailURL": "https://www.makeapie.com/ecg-storage/ec_gallery_thumbnail/xBkPnAicZM.png?v=1512910510961",
    "isCustomThumbnail": 0,
    "builtinTags": [
        "category-work",
        "grid",
        "legend",
        "series-bar",
        "title",
        "tooltip"
    ],
    "customTags": [],
    "updaterUserName": "静夏西凉"
}