{
    "cid": "xBy6GQiiWz",
    "authorUid": "bd-3892893637",
    "authorUserName": "hm1989wz",
    "title": "饼图",
    "description": "",
    "latestVersion": 3,
    "alwaysLatest": 1,
    "createTime": "2017-12-11T06:17:57.000Z",
    "lastUpdateTime": "2017-12-11T06:17:57.000Z",
    "auth": 1,
    "uid": "bd-3892893637",
    "publishedVersion": 0,
    "forkFrom": "-",
    "isSpam": 0,
    "version": 3,
    "parentVersion": 2,
    "echartsVersion": "3.8.0",
    "versionCreateTime": "2018-11-13T10:20:21.000Z",
    "html": "",
    "externalScripts": "",
    "updaterUID": "bd-3942773152",
    "theme": "",
    "layout": "",
    "viewCount": 1067,
    "userName": "hm1989wz",
    "commentCount": 0,
    "starCount": 3,
    "isStared": 0,
    "thumbnailURL": "https://www.makeapie.com/ecg-storage/ec_gallery_thumbnail/xBy6GQiiWz.png?v=1542104421148",
    "isCustomThumbnail": 0,
    "builtinTags": [
        "category-work",
        "legend",
        "series-pie",
        "title",
        "tooltip"
    ],
    "customTags": [],
    "updaterUserName": "lp52761"
}