{
    "cid": "xByIwJp9-f",
    "authorUid": "bd-992912682",
    "authorUserName": "轩晨忆流年",
    "title": "媒体报道数量",
    "description": "",
    "latestVersion": 1,
    "alwaysLatest": 1,
    "createTime": "2017-12-10T14:06:22.000Z",
    "lastUpdateTime": "2017-12-10T14:06:22.000Z",
    "auth": 2,
    "uid": "bd-992912682",
    "publishedVersion": 0,
    "forkFrom": "-",
    "isSpam": 0,
    "version": 1,
    "parentVersion": -1,
    "echartsVersion": "3.8.0",
    "versionCreateTime": "2017-12-10T14:06:22.000Z",
    "html": "",
    "externalScripts": "",
    "updaterUID": "bd-992912682",
    "theme": "",
    "layout": "",
    "viewCount": 86,
    "userName": "轩晨忆流年",
    "commentCount": 0,
    "starCount": 0,
    "isStared": 0,
    "thumbnailURL": "https://www.makeapie.com/ecg-storage/ec_gallery_thumbnail/xByIwJp9-f.png?v=1512914782290",
    "isCustomThumbnail": 0,
    "builtinTags": [
        "category-work",
        "legend",
        "series-pie",
        "title",
        "tooltip"
    ],
    "customTags": [],
    "updaterUserName": "轩晨忆流年"
}