{
    "cid": "xH15eSCoWM",
    "authorUid": "bd-386801398",
    "authorUserName": "想飞的猪八戒",
    "title": "",
    "description": "",
    "latestVersion": 1,
    "alwaysLatest": 1,
    "createTime": "2017-12-11T09:50:41.000Z",
    "lastUpdateTime": "2017-12-11T09:50:41.000Z",
    "auth": 1,
    "uid": "bd-386801398",
    "publishedVersion": 0,
    "forkFrom": "-",
    "isSpam": 0,
    "version": 1,
    "parentVersion": -1,
    "echartsVersion": "3.8.0",
    "versionCreateTime": "2017-12-11T09:50:41.000Z",
    "html": "",
    "externalScripts": "",
    "updaterUID": "bd-386801398",
    "theme": "",
    "layout": "",
    "viewCount": 220,
    "userName": "想飞的猪八戒",
    "commentCount": 0,
    "starCount": 5,
    "isStared": 0,
    "thumbnailURL": "https://www.makeapie.com/ecg-storage/ec_gallery_thumbnail/xH15eSCoWM.png?v=1512985841693",
    "isCustomThumbnail": 0,
    "builtinTags": [
        "category-work",
        "grid",
        "series-bar",
        "tooltip"
    ],
    "customTags": [],
    "updaterUserName": "想飞的猪八戒"
}