{
    "cid": "xHJCqmxsWz",
    "authorUid": "bd-1820517648",
    "authorUserName": "墨凡羚洛",
    "title": "中国LGBT群体的经济状况",
    "description": "",
    "latestVersion": 1,
    "alwaysLatest": 1,
    "createTime": "2017-12-10T17:49:09.000Z",
    "lastUpdateTime": "2017-12-10T17:49:09.000Z",
    "auth": 2,
    "uid": "bd-1820517648",
    "publishedVersion": 0,
    "forkFrom": "-",
    "isSpam": 0,
    "version": 1,
    "parentVersion": -1,
    "echartsVersion": "3.8.0",
    "versionCreateTime": "2017-12-10T17:49:09.000Z",
    "html": "",
    "externalScripts": "",
    "updaterUID": "bd-1820517648",
    "theme": "vintage",
    "layout": "",
    "viewCount": 170,
    "userName": "墨凡羚洛",
    "commentCount": 0,
    "starCount": 2,
    "isStared": 0,
    "thumbnailURL": "https://www.makeapie.com/ecg-storage/ec_gallery_thumbnail/xHJCqmxsWz.png?v=1512928149693",
    "isCustomThumbnail": 0,
    "builtinTags": [
        "category-work",
        "grid",
        "legend",
        "series-pictorialBar",
        "title",
        "tooltip"
    ],
    "customTags": [],
    "updaterUserName": "墨凡羚洛"
}