{
    "cid": "xHkEA2u9Wz",
    "authorUid": "bd-1195352646",
    "authorUserName": "静夏西凉",
    "title": "事件评论主体",
    "description": "",
    "latestVersion": 1,
    "alwaysLatest": 1,
    "createTime": "2017-12-10T09:22:20.000Z",
    "lastUpdateTime": "2017-12-10T09:22:20.000Z",
    "auth": 2,
    "uid": "bd-1195352646",
    "publishedVersion": 0,
    "forkFrom": "-",
    "isSpam": 0,
    "version": 1,
    "parentVersion": -1,
    "echartsVersion": "3.8.0",
    "versionCreateTime": "2017-12-10T09:22:20.000Z",
    "html": "",
    "externalScripts": "",
    "updaterUID": "bd-1195352646",
    "theme": "vintage",
    "layout": "",
    "viewCount": 30,
    "userName": "静夏西凉",
    "commentCount": 0,
    "starCount": 0,
    "isStared": 0,
    "thumbnailURL": "https://www.makeapie.com/ecg-storage/ec_gallery_thumbnail/xHkEA2u9Wz.png?v=1512897740392",
    "isCustomThumbnail": 0,
    "builtinTags": [
        "category-work",
        "grid",
        "series-bar",
        "title"
    ],
    "customTags": [],
    "updaterUserName": "静夏西凉"
}