{
    "cid": "xHy63b6q-f",
    "authorUid": "bd-1772129157",
    "authorUserName": "130******66",
    "title": "nike3月份男性女性销售额",
    "description": "作者:徐兆宜 ",
    "latestVersion": 1,
    "alwaysLatest": 1,
    "createTime": "2017-12-10T14:16:21.000Z",
    "lastUpdateTime": "2017-12-10T14:16:21.000Z",
    "auth": 2,
    "uid": "bd-1772129157",
    "publishedVersion": 0,
    "forkFrom": "-",
    "isSpam": 0,
    "version": 1,
    "parentVersion": -1,
    "echartsVersion": "3.8.0",
    "versionCreateTime": "2017-12-10T14:16:21.000Z",
    "html": "",
    "externalScripts": "",
    "updaterUID": "bd-1772129157",
    "theme": "",
    "layout": "",
    "viewCount": 594,
    "userName": "130******66",
    "commentCount": 0,
    "starCount": 5,
    "isStared": 0,
    "thumbnailURL": "https://www.makeapie.com/ecg-storage/ec_gallery_thumbnail/xHy63b6q-f.png?v=1512915381361",
    "isCustomThumbnail": 0,
    "builtinTags": [
        "category-work",
        "dataZoom",
        "grid",
        "legend",
        "series-bar",
        "timeline",
        "title",
        "toolbox",
        "tooltip"
    ],
    "customTags": [],
    "updaterUserName": "130******66"
}