{
    "cid": "xHyU7c79-M",
    "authorUid": "bd-2457960988",
    "authorUserName": "150******79",
    "title": "桑基图练习 by 15媒调魏雪莹",
    "description": "2014-2017上半年各省票房收入桑基图",
    "latestVersion": 1,
    "alwaysLatest": 1,
    "createTime": "2017-12-10T03:29:33.000Z",
    "lastUpdateTime": "2017-12-10T03:29:33.000Z",
    "auth": 2,
    "uid": "bd-2457960988",
    "publishedVersion": 0,
    "forkFrom": "-",
    "isSpam": 0,
    "version": 1,
    "parentVersion": -1,
    "echartsVersion": "3.8.0",
    "versionCreateTime": "2017-12-10T03:29:33.000Z",
    "html": "",
    "externalScripts": "",
    "updaterUID": "bd-2457960988",
    "theme": "",
    "layout": "",
    "viewCount": 1076,
    "userName": "150******79",
    "commentCount": 0,
    "starCount": 2,
    "isStared": 0,
    "thumbnailURL": "https://www.makeapie.com/ecg-storage/ec_gallery_thumbnail/xHyU7c79-M.png?v=1512876573785",
    "isCustomThumbnail": 0,
    "builtinTags": [
        "category-work",
        "series-sankey",
        "title",
        "tooltip"
    ],
    "customTags": [],
    "updaterUserName": "150******79"
}