{
    "cid": "xrkfN1Ys-M",
    "authorUid": "bd-3894911789",
    "authorUserName": "t***3",
    "title": "天气情况统计",
    "description": "rich点",
    "latestVersion": 1,
    "alwaysLatest": 1,
    "createTime": "2017-12-11T03:44:42.000Z",
    "lastUpdateTime": "2017-12-11T03:44:42.000Z",
    "auth": 2,
    "uid": "bd-3894911789",
    "publishedVersion": 0,
    "forkFrom": "-",
    "isSpam": 0,
    "version": 1,
    "parentVersion": -1,
    "echartsVersion": "3.8.0",
    "versionCreateTime": "2017-12-11T03:44:42.000Z",
    "html": "",
    "externalScripts": "",
    "updaterUID": "bd-3894911789",
    "theme": "",
    "layout": "",
    "viewCount": 135,
    "userName": "t***3",
    "commentCount": 0,
    "starCount": 1,
    "isStared": 0,
    "thumbnailURL": "https://www.makeapie.com/ecg-storage/ec_gallery_thumbnail/xrkfN1Ys-M.png?v=1512963882198",
    "isCustomThumbnail": 0,
    "builtinTags": [
        "category-work",
        "legend",
        "series-pie",
        "title",
        "tooltip"
    ],
    "customTags": [],
    "updaterUserName": "t***3"
}