{
    "cid": "xS1GXJH5-M",
    "authorUid": "bd-2457960988",
    "authorUserName": "150******79",
    "title": "堆叠区域图练习 by 15媒调魏雪莹",
    "description": "近十年中国电影产业票房信息一览",
    "latestVersion": 1,
    "alwaysLatest": 1,
    "createTime": "2017-12-10T04:59:06.000Z",
    "lastUpdateTime": "2017-12-10T04:59:06.000Z",
    "auth": 2,
    "uid": "bd-2457960988",
    "publishedVersion": 0,
    "forkFrom": "-",
    "isSpam": 0,
    "version": 1,
    "parentVersion": -1,
    "echartsVersion": "3.8.0",
    "versionCreateTime": "2017-12-10T04:59:06.000Z",
    "html": "",
    "externalScripts": "",
    "updaterUID": "bd-2457960988",
    "theme": "",
    "layout": "",
    "viewCount": 62,
    "userName": "150******79",
    "commentCount": 0,
    "starCount": 0,
    "isStared": 0,
    "thumbnailURL": "https://www.makeapie.com/ecg-storage/ec_gallery_thumbnail/xS1GXJH5-M.png?v=1512881946211",
    "isCustomThumbnail": 0,
    "builtinTags": [
        "category-work",
        "grid",
        "legend",
        "series-line",
        "title",
        "toolbox",
        "tooltip"
    ],
    "customTags": [],
    "updaterUserName": "150******79"
}