{
    "cid": "xS1kkiwc-z",
    "authorUid": "bd-2496054850",
    "authorUserName": "emmmmmmm5",
    "title": "Awesome Chart",
    "description": "",
    "latestVersion": 1,
    "alwaysLatest": 1,
    "createTime": "2017-12-10T08:05:43.000Z",
    "lastUpdateTime": "2017-12-10T08:05:43.000Z",
    "auth": 2,
    "uid": "bd-2496054850",
    "publishedVersion": 0,
    "forkFrom": "-",
    "isSpam": 0,
    "version": 1,
    "parentVersion": -1,
    "echartsVersion": "3.8.0",
    "versionCreateTime": "2017-12-10T08:05:43.000Z",
    "html": "",
    "externalScripts": "",
    "updaterUID": "bd-2496054850",
    "theme": "",
    "layout": "",
    "viewCount": 14,
    "userName": "emmmmmmm5",
    "commentCount": 0,
    "starCount": 0,
    "isStared": 0,
    "thumbnailURL": "https://www.makeapie.com/ecg-storage/ec_gallery_thumbnail/xS1kkiwc-z.png?v=1512893143119",
    "isCustomThumbnail": 0,
    "builtinTags": [
        "category-work",
        "grid",
        "series-line",
        "title"
    ],
    "customTags": [],
    "updaterUserName": "emmmmmmm5"
}