{
    "cid": "xSJL0QeibG",
    "authorUid": "bd-1820517648",
    "authorUserName": "墨凡羚洛",
    "title": "日常生活环境对性少数的接受程度",
    "description": "",
    "latestVersion": 1,
    "alwaysLatest": 1,
    "createTime": "2017-12-10T17:50:05.000Z",
    "lastUpdateTime": "2017-12-10T17:50:05.000Z",
    "auth": 2,
    "uid": "bd-1820517648",
    "publishedVersion": 0,
    "forkFrom": "-",
    "isSpam": 0,
    "version": 1,
    "parentVersion": -1,
    "echartsVersion": "3.8.0",
    "versionCreateTime": "2017-12-10T17:50:05.000Z",
    "html": "",
    "externalScripts": "",
    "updaterUID": "bd-1820517648",
    "theme": "dark",
    "layout": "",
    "viewCount": 132,
    "userName": "墨凡羚洛",
    "commentCount": 0,
    "starCount": 0,
    "isStared": 0,
    "thumbnailURL": "https://www.makeapie.com/ecg-storage/ec_gallery_thumbnail/xSJL0QeibG.png?v=1512928205843",
    "isCustomThumbnail": 0,
    "builtinTags": [
        "category-work",
        "grid",
        "legend",
        "series-bar",
        "title",
        "tooltip"
    ],
    "customTags": [],
    "updaterUserName": "墨凡羚洛"
}