{
    "cid": "xSk719ii-G",
    "authorUid": "bd-105423592",
    "authorUserName": "wo...e@sina.com",
    "title": "Log View",
    "description": "",
    "latestVersion": 2,
    "alwaysLatest": 1,
    "createTime": "2017-12-11T06:46:51.000Z",
    "lastUpdateTime": "2017-12-11T06:46:51.000Z",
    "auth": 2,
    "uid": "bd-105423592",
    "publishedVersion": 0,
    "forkFrom": "-",
    "isSpam": 0,
    "version": 2,
    "parentVersion": 1,
    "echartsVersion": "3.8.0",
    "versionCreateTime": "2017-12-11T06:59:39.000Z",
    "html": "",
    "externalScripts": "",
    "updaterUID": "bd-105423592",
    "theme": "",
    "layout": "",
    "viewCount": 191,
    "userName": "wo...e@sina.com",
    "commentCount": 0,
    "starCount": 0,
    "isStared": 0,
    "thumbnailURL": "https://www.makeapie.com/ecg-storage/ec_gallery_thumbnail/xSk719ii-G.png?v=1512975579728",
    "isCustomThumbnail": 0,
    "builtinTags": [
        "category-work",
        "dataZoom",
        "grid",
        "legend",
        "series-line",
        "title",
        "toolbox",
        "tooltip"
    ],
    "customTags": [],
    "updaterUserName": "wo...e@sina.com"
}