{
    "cid": "xSkxFGgo-G",
    "authorUid": "bd-1820517648",
    "authorUserName": "墨凡羚洛",
    "title": "性少数在社会服务环境下是否介意披露自己的身份",
    "description": "",
    "latestVersion": 1,
    "alwaysLatest": 1,
    "createTime": "2017-12-10T17:44:23.000Z",
    "lastUpdateTime": "2017-12-10T17:44:23.000Z",
    "auth": 2,
    "uid": "bd-1820517648",
    "publishedVersion": 0,
    "forkFrom": "-",
    "isSpam": 0,
    "version": 1,
    "parentVersion": -1,
    "echartsVersion": "3.8.0",
    "versionCreateTime": "2017-12-10T17:44:23.000Z",
    "html": "",
    "externalScripts": "",
    "updaterUID": "bd-1820517648",
    "theme": "vintage",
    "layout": "",
    "viewCount": 54,
    "userName": "墨凡羚洛",
    "commentCount": 0,
    "starCount": 0,
    "isStared": 0,
    "thumbnailURL": "https://www.makeapie.com/ecg-storage/ec_gallery_thumbnail/xSkxFGgo-G.png?v=1512927863793",
    "isCustomThumbnail": 0,
    "builtinTags": [
        "category-work",
        "grid",
        "legend",
        "series-bar",
        "title",
        "tooltip"
    ],
    "customTags": [],
    "updaterUserName": "墨凡羚洛"
}