{
    "cid": "xbrpsj-16X",
    "authorUid": "obd-oPX-eR-j5Y79fMrIJK3v3_4rbEoOf94",
    "authorUserName": "总***朕",
    "title": "微博签到数据点亮中国",
    "description": "From ThinkGIS",
    "latestVersion": 1,
    "alwaysLatest": 1,
    "createTime": "2020-11-25T07:00:23.000Z",
    "lastUpdateTime": "2020-11-25T07:06:46.000Z",
    "auth": 2,
    "uid": "obd-oPX-eR-j5Y79fMrIJK3v3_4rbEoOf94",
    "publishedVersion": 0,
    "forkFrom": "-",
    "isSpam": 0,
    "version": 1,
    "parentVersion": -1,
    "echartsVersion": "4.8.0",
    "versionCreateTime": "2020-11-25T07:00:23.000Z",
    "html": "",
    "externalScripts": "",
    "updaterUID": "obd-oPX-eR-j5Y79fMrIJK3v3_4rbEoOf94",
    "theme": "dark",
    "layout": "",
    "viewCount": 8,
    "userName": "总***朕",
    "commentCount": 0,
    "starCount": 0,
    "isStared": 0,
    "thumbnailURL": "https://www.makeapie.com/ecg-storage/ec_gallery_thumbnail/xbrpsj-16X.png?v=1606287624077",
    "isCustomThumbnail": 0,
    "builtinTags": [],
    "customTags": [],
    "updaterUserName": "总***朕"
}