{
    "cid": "xfyceghEDQ",
    "authorUid": "obd-otRvJpsfMfZ1av5G-19OI6SYprA6382",
    "authorUserName": "i***水",
    "title": "多任务24小时监测",
    "description": "使用echarts自定义绘图实现多任务24小时运行监测",
    "latestVersion": 1,
    "alwaysLatest": 1,
    "createTime": "2020-11-25T08:34:02.000Z",
    "lastUpdateTime": "2020-11-25T08:34:02.000Z",
    "auth": 2,
    "uid": "obd-otRvJpsfMfZ1av5G-19OI6SYprA6382",
    "publishedVersion": 0,
    "forkFrom": "-",
    "isSpam": 0,
    "version": 1,
    "parentVersion": -1,
    "echartsVersion": "4.8.0",
    "versionCreateTime": "2020-11-25T08:34:02.000Z",
    "html": "",
    "externalScripts": "",
    "updaterUID": "obd-otRvJpsfMfZ1av5G-19OI6SYprA6382",
    "theme": "",
    "layout": "",
    "viewCount": 628,
    "userName": "i***水",
    "commentCount": 0,
    "starCount": 6,
    "isStared": 0,
    "thumbnailURL": "https://www.makeapie.com/ecg-storage/ec_gallery_thumbnail/xfyceghEDQ.png?v=1606293242588",
    "isCustomThumbnail": 0,
    "builtinTags": [
        "category-work",
        "dataZoom",
        "grid",
        "series-custom",
        "title"
    ],
    "customTags": [],
    "updaterUserName": "i***水"
}