{
    "cid": "xJMNK4teFz",
    "authorUid": "obd-o2pLFbsgpOsmKddigccXbTX7T_Can6e",
    "authorUserName": "l***y",
    "title": "排行条形图-标签文字左对齐",
    "description": "富文本；grip left与 axisLabel margin配合实现标签文字正常显示",
    "latestVersion": 1,
    "alwaysLatest": 1,
    "createTime": "2020-11-25T07:39:35.000Z",
    "lastUpdateTime": "2020-11-25T07:39:35.000Z",
    "auth": 2,
    "uid": "obd-o2pLFbsgpOsmKddigccXbTX7T_Can6e",
    "publishedVersion": 0,
    "forkFrom": "-",
    "isSpam": 0,
    "version": 1,
    "parentVersion": -1,
    "echartsVersion": "4.8.0",
    "versionCreateTime": "2020-11-25T07:39:35.000Z",
    "html": "",
    "externalScripts": "",
    "updaterUID": "obd-o2pLFbsgpOsmKddigccXbTX7T_Can6e",
    "theme": "",
    "layout": "",
    "viewCount": 96,
    "userName": "l***y",
    "commentCount": 0,
    "starCount": 0,
    "isStared": 0,
    "thumbnailURL": "https://www.makeapie.com/ecg-storage/ec_gallery_thumbnail/xJMNK4teFz.png?v=1606289975503",
    "isCustomThumbnail": 0,
    "builtinTags": [
        "category-work",
        "grid",
        "series-bar"
    ],
    "customTags": [],
    "updaterUserName": "l***y"
}