{
    "cid": "xJqkbudpIA",
    "authorUid": "obd-oDlZAyNk0MR8MOJcaHD4t_P3ohkEK17",
    "authorUserName": "码***记",
    "title": "异常监测点分布",
    "description": "",
    "latestVersion": 1,
    "alwaysLatest": 1,
    "createTime": "2020-11-25T01:51:13.000Z",
    "lastUpdateTime": "2020-11-25T01:51:13.000Z",
    "auth": 2,
    "uid": "obd-oDlZAyNk0MR8MOJcaHD4t_P3ohkEK17",
    "publishedVersion": 0,
    "forkFrom": "-",
    "isSpam": 0,
    "version": 1,
    "parentVersion": -1,
    "echartsVersion": "4.8.0",
    "versionCreateTime": "2020-11-25T01:51:13.000Z",
    "html": "",
    "externalScripts": "",
    "updaterUID": "obd-oDlZAyNk0MR8MOJcaHD4t_P3ohkEK17",
    "theme": "",
    "layout": "",
    "viewCount": 31,
    "userName": "码***记",
    "commentCount": 0,
    "starCount": 2,
    "isStared": 0,
    "thumbnailURL": "https://www.makeapie.com/ecg-storage/ec_gallery_thumbnail/xJqkbudpIA.png?v=1606269073647",
    "isCustomThumbnail": 0,
    "builtinTags": [
        "category-work",
        "grid",
        "series-bar",
        "title",
        "tooltip"
    ],
    "customTags": [],
    "updaterUserName": "码***记"
}