{
    "cid": "xlYi_cZI-p",
    "authorUid": "obd-o2LTBBVH-_wnf3bp-4xqHedZzh9Ah6j",
    "authorUserName": "l***n",
    "title": "指数热度仪表板",
    "description": "",
    "latestVersion": 8,
    "alwaysLatest": 1,
    "createTime": "2020-11-26T03:42:55.000Z",
    "lastUpdateTime": "2020-11-26T03:42:55.000Z",
    "auth": 2,
    "uid": "obd-o2LTBBVH-_wnf3bp-4xqHedZzh9Ah6j",
    "publishedVersion": 0,
    "forkFrom": "-",
    "isSpam": 0,
    "version": 8,
    "parentVersion": 7,
    "echartsVersion": "4.8.0",
    "versionCreateTime": "2021-01-04T07:15:16.000Z",
    "html": "",
    "externalScripts": "",
    "updaterUID": "obd-o2LTBBVH-_wnf3bp-4xqHedZzh9Ah6j",
    "theme": "",
    "layout": "",
    "viewCount": 427,
    "userName": "l***n",
    "commentCount": 0,
    "starCount": 7,
    "isStared": 0,
    "thumbnailURL": "https://www.makeapie.com/ecg-storage/ec_gallery_thumbnail/xlYi_cZI-p.png?v=1609744516386",
    "isCustomThumbnail": 0,
    "builtinTags": [
        "category-work",
        "series-gauge",
        "series-pie"
    ],
    "customTags": [],
    "updaterUserName": "l***n"
}