{
    "cid": "xmmaPXhcU9",
    "authorUid": "bd-1680604854",
    "authorUserName": "雾***鹿",
    "title": "招聘岗位总数",
    "description": "环形圆角渐变图",
    "latestVersion": 1,
    "alwaysLatest": 1,
    "createTime": "2020-11-24T12:30:39.000Z",
    "lastUpdateTime": "2020-11-24T12:30:39.000Z",
    "auth": 2,
    "uid": "bd-1680604854",
    "publishedVersion": 0,
    "forkFrom": "-",
    "isSpam": 0,
    "version": 1,
    "parentVersion": -1,
    "echartsVersion": "4.8.0",
    "versionCreateTime": "2020-11-24T12:30:39.000Z",
    "html": "",
    "externalScripts": "",
    "updaterUID": "bd-1680604854",
    "theme": "",
    "layout": "",
    "viewCount": 286,
    "userName": "雾***鹿",
    "commentCount": 0,
    "starCount": 3,
    "isStared": 0,
    "thumbnailURL": "https://www.makeapie.com/ecg-storage/ec_gallery_thumbnail/xmmaPXhcU9.png?v=1606221039239",
    "isCustomThumbnail": 0,
    "builtinTags": [
        "category-work",
        "polar",
        "series-bar",
        "series-gauge",
        "title"
    ],
    "customTags": [],
    "updaterUserName": "雾***鹿"
}