{
    "cid": "xu_KM4HLFe",
    "authorUid": "obd-o2nLdA_55TetlV8DF_ebSZNrY0Pyu6M",
    "authorUserName": "1***1",
    "title": "车型流量统计",
    "description": "",
    "latestVersion": 1,
    "alwaysLatest": 1,
    "createTime": "2020-11-26T02:19:44.000Z",
    "lastUpdateTime": "2020-11-26T02:19:44.000Z",
    "auth": 2,
    "uid": "obd-o2nLdA_55TetlV8DF_ebSZNrY0Pyu6M",
    "publishedVersion": 0,
    "forkFrom": "-",
    "isSpam": 0,
    "version": 1,
    "parentVersion": -1,
    "echartsVersion": "4.8.0",
    "versionCreateTime": "2020-11-26T02:19:44.000Z",
    "html": "",
    "externalScripts": "",
    "updaterUID": "obd-o2nLdA_55TetlV8DF_ebSZNrY0Pyu6M",
    "theme": "",
    "layout": "",
    "viewCount": 33,
    "userName": "1***1",
    "commentCount": 0,
    "starCount": 0,
    "isStared": 0,
    "thumbnailURL": "https://www.makeapie.com/ecg-storage/ec_gallery_thumbnail/xu_KM4HLFe.png?v=1606357184963",
    "isCustomThumbnail": 0,
    "builtinTags": [
        "category-work",
        "grid",
        "legend",
        "series-bar",
        "series-line",
        "title",
        "tooltip"
    ],
    "customTags": [],
    "updaterUserName": "1***1"
}