{
    "cid": "xxADPYUZkn",
    "authorUid": "obd-oAh5_knWB7xcTTADTQvQqhe3ooIl37n",
    "authorUserName": "z***9",
    "title": "空气监测",
    "description": "",
    "latestVersion": 1,
    "alwaysLatest": 1,
    "createTime": "2020-11-25T07:35:24.000Z",
    "lastUpdateTime": "2020-11-25T07:35:24.000Z",
    "auth": 2,
    "uid": "obd-oAh5_knWB7xcTTADTQvQqhe3ooIl37n",
    "publishedVersion": 0,
    "forkFrom": "-",
    "isSpam": 0,
    "version": 1,
    "parentVersion": -1,
    "echartsVersion": "4.8.0",
    "versionCreateTime": "2020-11-25T07:35:24.000Z",
    "html": "",
    "externalScripts": "",
    "updaterUID": "obd-oAh5_knWB7xcTTADTQvQqhe3ooIl37n",
    "theme": "",
    "layout": "",
    "viewCount": 245,
    "userName": "z***9",
    "commentCount": 0,
    "starCount": 4,
    "isStared": 0,
    "thumbnailURL": "https://www.makeapie.com/ecg-storage/ec_gallery_thumbnail/xxADPYUZkn.png?v=1606289724207",
    "isCustomThumbnail": 0,
    "builtinTags": [
        "category-work",
        "grid",
        "legend",
        "markLine",
        "series-effectScatter",
        "series-line",
        "tooltip",
        "visualMap"
    ],
    "customTags": [],
    "updaterUserName": "z***9"
}