{
    "cid": "xXdP-9Q5g1",
    "authorUid": "bd-3214593594",
    "authorUserName": "杨***6",
    "title": "针型图 柱状图",
    "description": "针型图 柱状图",
    "latestVersion": 1,
    "alwaysLatest": 1,
    "createTime": "2020-11-24T09:42:15.000Z",
    "lastUpdateTime": "2020-11-24T09:42:15.000Z",
    "auth": 2,
    "uid": "bd-3214593594",
    "publishedVersion": 0,
    "forkFrom": "-",
    "isSpam": 0,
    "version": 1,
    "parentVersion": -1,
    "echartsVersion": "4.8.0",
    "versionCreateTime": "2020-11-24T09:42:15.000Z",
    "html": "",
    "externalScripts": "",
    "updaterUID": "bd-3214593594",
    "theme": "",
    "layout": "",
    "viewCount": 24,
    "userName": "杨***6",
    "commentCount": 0,
    "starCount": 1,
    "isStared": 0,
    "thumbnailURL": "https://www.makeapie.com/ecg-storage/ec_gallery_thumbnail/xXdP-9Q5g1.png?v=1606210936130",
    "isCustomThumbnail": 0,
    "builtinTags": [
        "category-work",
        "grid",
        "series-pictorialBar",
        "tooltip"
    ],
    "customTags": [],
    "updaterUserName": "杨***6"
}