{
    "cid": "xyuJO6Ev8D",
    "authorUid": "bd-4145772538",
    "authorUserName": "X***s",
    "title": "玫瑰图假比例",
    "description": "玫瑰图假比例",
    "latestVersion": 2,
    "alwaysLatest": 1,
    "createTime": "2020-11-25T01:50:26.000Z",
    "lastUpdateTime": "2020-11-25T01:50:26.000Z",
    "auth": 2,
    "uid": "bd-4145772538",
    "publishedVersion": 0,
    "forkFrom": "-",
    "isSpam": 0,
    "version": 2,
    "parentVersion": 1,
    "echartsVersion": "4.8.0",
    "versionCreateTime": "2020-11-25T01:52:06.000Z",
    "html": "",
    "externalScripts": "",
    "updaterUID": "bd-4145772538",
    "theme": "",
    "layout": "",
    "viewCount": 9,
    "userName": "X***s",
    "commentCount": 0,
    "starCount": 0,
    "isStared": 0,
    "thumbnailURL": "https://www.makeapie.com/ecg-storage/ec_gallery_thumbnail/xyuJO6Ev8D.png?v=1606269127047",
    "isCustomThumbnail": 0,
    "builtinTags": [
        "category-work"
    ],
    "customTags": [],
    "updaterUserName": "X***s"
}