{
    "cid": "x-8gaFeZcl",
    "authorUid": "obd-oA55SP5RtL-Zs0CVhRRqu8sr8qTfD7r",
    "authorUserName": "是***爷",
    "title": "波浪滚动折线图",
    "description": "",
    "latestVersion": 1,
    "alwaysLatest": 0,
    "createTime": "2021-11-03T03:42:51.000Z",
    "lastUpdateTime": "2021-11-03T03:42:51.000Z",
    "auth": 2,
    "uid": "obd-oA55SP5RtL-Zs0CVhRRqu8sr8qTfD7r",
    "publishedVersion": 0,
    "forkFrom": "-",
    "isSpam": 0,
    "version": 1,
    "parentVersion": -1,
    "echartsVersion": "5.2.2",
    "versionCreateTime": "2021-11-03T03:42:51.000Z",
    "html": "",
    "externalScripts": "",
    "updaterUID": "obd-oA55SP5RtL-Zs0CVhRRqu8sr8qTfD7r",
    "theme": "",
    "layout": "",
    "viewCount": 0,
    "userName": "是***爷",
    "commentCount": 0,
    "starCount": 0,
    "isStared": 0,
    "thumbnailURL": "https://www.makeapie.com/ecg-storage/ec_gallery_thumbnail/x-8gaFeZcl.png?v=1635910971313",
    "isCustomThumbnail": 0,
    "builtinTags": [
        "category-work",
        "dataZoom",
        "grid",
        "legend",
        "series-line",
        "tooltip"
    ],
    "customTags": [],
    "updaterUserName": "是***爷"
}