{
    "cid": "xElfNYOxbI",
    "authorUid": "obd-ojpPDDTgr2EuNdSrDO-dcYmQylLTqDi",
    "authorUserName": "谢***s",
    "title": "多柱状图",
    "description": "多柱状图",
    "latestVersion": 1,
    "alwaysLatest": 0,
    "createTime": "2021-11-03T05:54:26.000Z",
    "lastUpdateTime": "2021-11-03T05:54:26.000Z",
    "auth": 1,
    "uid": "obd-ojpPDDTgr2EuNdSrDO-dcYmQylLTqDi",
    "publishedVersion": 0,
    "forkFrom": "-",
    "isSpam": 0,
    "version": 1,
    "parentVersion": -1,
    "echartsVersion": "5.2.2",
    "versionCreateTime": "2021-11-03T05:54:26.000Z",
    "html": "",
    "externalScripts": "",
    "updaterUID": "obd-ojpPDDTgr2EuNdSrDO-dcYmQylLTqDi",
    "theme": "",
    "layout": "",
    "viewCount": 0,
    "userName": "谢***s",
    "commentCount": 0,
    "starCount": 1,
    "isStared": 0,
    "thumbnailURL": "https://www.makeapie.com/ecg-storage/ec_gallery_thumbnail/xElfNYOxbI.png?v=1635918867106",
    "isCustomThumbnail": 0,
    "builtinTags": [
        "category-work",
        "grid",
        "series-bar",
        "series-pictorialBar",
        "tooltip"
    ],
    "customTags": [],
    "updaterUserName": "谢***s"
}