{
    "cid": "xg68MZaTQ_",
    "authorUid": "obd-oE_wE0De_Z2wR-p3OGZGaLlU4ra4K49",
    "authorUserName": "L***g",
    "title": "",
    "description": "环形图",
    "latestVersion": 1,
    "alwaysLatest": 0,
    "createTime": "2021-11-03T03:29:50.000Z",
    "lastUpdateTime": "2021-11-03T03:29:50.000Z",
    "auth": 1,
    "uid": "obd-oE_wE0De_Z2wR-p3OGZGaLlU4ra4K49",
    "publishedVersion": 0,
    "forkFrom": "-",
    "isSpam": 0,
    "version": 1,
    "parentVersion": -1,
    "echartsVersion": "5.2.2",
    "versionCreateTime": "2021-11-03T03:29:50.000Z",
    "html": "",
    "externalScripts": "",
    "updaterUID": "obd-oE_wE0De_Z2wR-p3OGZGaLlU4ra4K49",
    "theme": "",
    "layout": "",
    "viewCount": 0,
    "userName": "L***g",
    "commentCount": 0,
    "starCount": 1,
    "isStared": 0,
    "thumbnailURL": "https://www.makeapie.com/ecg-storage/ec_gallery_thumbnail/xg68MZaTQ_.png?v=1635910190459",
    "isCustomThumbnail": 0,
    "builtinTags": [
        "category-work",
        "legend",
        "series-pie",
        "tooltip"
    ],
    "customTags": [],
    "updaterUserName": "L***g"
}