{
    "cid": "xhJQ2NaPON",
    "authorUid": "obd-oNSON4L6i3YnaITQX240ucHQDsyeCCw",
    "authorUserName": "酷***i",
    "title": "学历分布",
    "description": "2w2w2",
    "latestVersion": 1,
    "alwaysLatest": 0,
    "createTime": "2021-11-03T06:16:34.000Z",
    "lastUpdateTime": "2021-11-03T06:16:34.000Z",
    "auth": 2,
    "uid": "obd-oNSON4L6i3YnaITQX240ucHQDsyeCCw",
    "publishedVersion": 0,
    "forkFrom": "-",
    "isSpam": 0,
    "version": 1,
    "parentVersion": -1,
    "echartsVersion": "5.2.2",
    "versionCreateTime": "2021-11-03T06:16:34.000Z",
    "html": "",
    "externalScripts": "",
    "updaterUID": "obd-oNSON4L6i3YnaITQX240ucHQDsyeCCw",
    "theme": "",
    "layout": "",
    "viewCount": 0,
    "userName": "酷***i",
    "commentCount": 0,
    "starCount": 0,
    "isStared": 0,
    "thumbnailURL": "https://www.makeapie.com/ecg-storage/ec_gallery_thumbnail/xhJQ2NaPON.png?v=1635920194460",
    "isCustomThumbnail": 0,
    "builtinTags": [
        "category-work",
        "legend",
        "series-pie",
        "tooltip"
    ],
    "customTags": [],
    "updaterUserName": "酷***i"
}