{
    "cid": "xMQNuAkUYq",
    "authorUid": "obd-o-czg22nrwGHOgg4SuAB83CZbu6BnAF",
    "authorUserName": "孟***8",
    "title": "近3年全国主要城市空气质量情况1",
    "description": "",
    "latestVersion": 1,
    "alwaysLatest": 0,
    "createTime": "2021-11-03T09:08:01.000Z",
    "lastUpdateTime": "2021-11-03T09:08:01.000Z",
    "auth": 2,
    "uid": "obd-o-czg22nrwGHOgg4SuAB83CZbu6BnAF",
    "publishedVersion": 0,
    "forkFrom": "-",
    "isSpam": 0,
    "version": 1,
    "parentVersion": -1,
    "echartsVersion": "5.2.2",
    "versionCreateTime": "2021-11-03T09:08:01.000Z",
    "html": "",
    "externalScripts": "",
    "updaterUID": "obd-o-czg22nrwGHOgg4SuAB83CZbu6BnAF",
    "theme": "",
    "layout": "",
    "viewCount": 0,
    "userName": "孟***8",
    "commentCount": 0,
    "starCount": 1,
    "isStared": 0,
    "thumbnailURL": "https://www.makeapie.com/ecg-storage/ec_gallery_thumbnail/xMQNuAkUYq.png?v=1635930481559",
    "isCustomThumbnail": 0,
    "builtinTags": [
        "category-work",
        "geo",
        "grid",
        "series-bar",
        "series-effectScatter",
        "series-map",
        "timeline",
        "title",
        "tooltip"
    ],
    "customTags": [],
    "updaterUserName": "孟***8"
}