{
    "cid": "xohugqcS8C",
    "authorUid": "obd-oMZV4Fo367AgIV4T7A6GzJdAzWdOA2V",
    "authorUserName": "g***k",
    "title": "资产处置",
    "description": "",
    "latestVersion": 1,
    "alwaysLatest": 0,
    "createTime": "2021-11-03T02:16:01.000Z",
    "lastUpdateTime": "2021-11-03T02:16:01.000Z",
    "auth": 2,
    "uid": "obd-oMZV4Fo367AgIV4T7A6GzJdAzWdOA2V",
    "publishedVersion": 0,
    "forkFrom": "-",
    "isSpam": 0,
    "version": 1,
    "parentVersion": -1,
    "echartsVersion": "5.2.2",
    "versionCreateTime": "2021-11-03T02:16:01.000Z",
    "html": "",
    "externalScripts": "",
    "updaterUID": "obd-oMZV4Fo367AgIV4T7A6GzJdAzWdOA2V",
    "theme": "",
    "layout": "",
    "viewCount": 0,
    "userName": "g***k",
    "commentCount": 0,
    "starCount": 1,
    "isStared": 0,
    "thumbnailURL": "https://www.makeapie.com/ecg-storage/ec_gallery_thumbnail/xohugqcS8C.png?v=1635905761910",
    "isCustomThumbnail": 0,
    "builtinTags": [
        "category-work",
        "legend",
        "series-pie",
        "tooltip"
    ],
    "customTags": [],
    "updaterUserName": "g***k"
}