{
    "cid": "xsnJsUTXdH",
    "authorUid": "bd-1338241561",
    "authorUserName": "H***骨",
    "title": "饼图",
    "description": "基础饼图",
    "latestVersion": 2,
    "alwaysLatest": 0,
    "createTime": "2021-11-03T06:33:01.000Z",
    "lastUpdateTime": "2021-11-03T06:49:18.000Z",
    "auth": 2,
    "uid": "bd-1338241561",
    "publishedVersion": 0,
    "forkFrom": "-",
    "isSpam": 0,
    "version": 2,
    "parentVersion": 1,
    "echartsVersion": "5.2.2",
    "versionCreateTime": "2021-11-03T06:49:18.000Z",
    "html": "",
    "externalScripts": "",
    "updaterUID": "bd-1338241561",
    "theme": "",
    "layout": "",
    "viewCount": 0,
    "userName": "H***骨",
    "commentCount": 0,
    "starCount": 0,
    "isStared": 0,
    "thumbnailURL": "https://www.makeapie.com/ecg-storage/ec_gallery_thumbnail/xsnJsUTXdH.png?v=1635922158987",
    "isCustomThumbnail": 0,
    "builtinTags": [
        "category-work",
        "legend",
        "series-pie",
        "title",
        "tooltip"
    ],
    "customTags": [],
    "updaterUserName": "H***骨"
}