{
    "cid": "xulMx7XKet",
    "authorUid": "bd-2652911079",
    "authorUserName": "囧***哥",
    "title": "3D柱状图-背景柱状图",
    "description": "",
    "latestVersion": 1,
    "alwaysLatest": 0,
    "createTime": "2021-11-03T01:58:31.000Z",
    "lastUpdateTime": "2021-11-03T01:58:31.000Z",
    "auth": 2,
    "uid": "bd-2652911079",
    "publishedVersion": 0,
    "forkFrom": "-",
    "isSpam": 0,
    "version": 1,
    "parentVersion": -1,
    "echartsVersion": "5.2.2",
    "versionCreateTime": "2021-11-03T01:58:31.000Z",
    "html": "",
    "externalScripts": "",
    "updaterUID": "bd-2652911079",
    "theme": "default",
    "layout": "",
    "viewCount": 0,
    "userName": "囧***哥",
    "commentCount": 0,
    "starCount": 0,
    "isStared": 0,
    "thumbnailURL": "https://www.makeapie.com/ecg-storage/ec_gallery_thumbnail/xulMx7XKet.png?v=1635904711180",
    "isCustomThumbnail": 0,
    "builtinTags": [
        "category-work",
        "grid",
        "series-bar",
        "series-pictorialBar",
        "title",
        "tooltip"
    ],
    "customTags": [],
    "updaterUserName": "囧***哥"
}