{
    "cid": "xvbrkncYyR",
    "authorUid": "obd-ojnm31z3RkeoNSy0A6cKT7-dqAP-QDI",
    "authorUserName": "热***9",
    "title": "2021年上半年山东省各市GDP地图",
    "description": "",
    "latestVersion": 1,
    "alwaysLatest": 0,
    "createTime": "2021-11-03T14:09:28.000Z",
    "lastUpdateTime": "2021-11-03T14:09:28.000Z",
    "auth": 2,
    "uid": "obd-ojnm31z3RkeoNSy0A6cKT7-dqAP-QDI",
    "publishedVersion": 0,
    "forkFrom": "-",
    "isSpam": 0,
    "version": 1,
    "parentVersion": -1,
    "echartsVersion": "5.2.2",
    "versionCreateTime": "2021-11-03T14:09:28.000Z",
    "html": "",
    "externalScripts": "",
    "updaterUID": "obd-ojnm31z3RkeoNSy0A6cKT7-dqAP-QDI",
    "theme": "",
    "layout": "",
    "viewCount": 0,
    "userName": "热***9",
    "commentCount": 0,
    "starCount": 0,
    "isStared": 0,
    "thumbnailURL": "https://www.makeapie.com/ecg-storage/ec_gallery_thumbnail/xvbrkncYyR.png?v=1635948568193",
    "isCustomThumbnail": 0,
    "builtinTags": [
        "category-work",
        "legend",
        "series-map",
        "title",
        "toolbox",
        "visualMap"
    ],
    "customTags": [],
    "updaterUserName": "热***9"
}