{
    "cid": "xX_nZgFJpa",
    "authorUid": "obd-olGlvexqpIB8iHoeA8rxA8dqa7mIm0q",
    "authorUserName": "c***t",
    "title": "山东科技大学2020年各省市计划录取人数",
    "description": "及文理科收录人数",
    "latestVersion": 5,
    "alwaysLatest": 0,
    "createTime": "2021-11-03T15:36:20.000Z",
    "lastUpdateTime": "2021-11-11T08:43:55.000Z",
    "auth": 2,
    "uid": "obd-olGlvexqpIB8iHoeA8rxA8dqa7mIm0q",
    "publishedVersion": 0,
    "forkFrom": "-",
    "isSpam": 0,
    "version": 5,
    "parentVersion": 4,
    "echartsVersion": "5.2.2",
    "versionCreateTime": "2021-11-11T08:43:55.000Z",
    "html": "",
    "externalScripts": "/dep/echarts/map/js/china.js",
    "updaterUID": "obd-olGlvexqpIB8iHoeA8rxA8dqa7mIm0q",
    "theme": "",
    "layout": "",
    "viewCount": 0,
    "userName": "c***t",
    "commentCount": 0,
    "starCount": 4,
    "isStared": 0,
    "thumbnailURL": "https://www.makeapie.com/ecg-storage/ec_gallery_thumbnail/xX_nZgFJpa.png?v=1636620235944",
    "isCustomThumbnail": 0,
    "builtinTags": [
        "category-work",
        "geo",
        "series-effectScatter",
        "series-map",
        "series-scatter",
        "title",
        "tooltip",
        "visualMap"
    ],
    "customTags": [],
    "updaterUserName": "c***t"
}