{
    "cid": "x-SfMZPXVa",
    "authorUid": "bd-2133619855",
    "authorUserName": "小***乖",
    "title": "柱状图",
    "description": "柱状图",
    "latestVersion": 1,
    "alwaysLatest": 1,
    "createTime": "2019-06-06T03:16:20.000Z",
    "lastUpdateTime": "2019-06-06T03:16:20.000Z",
    "auth": 2,
    "uid": "bd-2133619855",
    "publishedVersion": 0,
    "forkFrom": "-",
    "isSpam": 0,
    "version": 1,
    "parentVersion": -1,
    "echartsVersion": "4.2.1",
    "versionCreateTime": "2019-06-06T03:16:20.000Z",
    "html": "",
    "externalScripts": "",
    "updaterUID": "bd-2133619855",
    "theme": "",
    "layout": "",
    "viewCount": 579,
    "userName": "小***乖",
    "commentCount": 0,
    "starCount": 1,
    "isStared": 0,
    "thumbnailURL": "https://www.makeapie.com/ecg-storage/ec_gallery_thumbnail/x-SfMZPXVa.png?v=1559790980831",
    "isCustomThumbnail": 0,
    "builtinTags": [
        "category-work",
        "grid",
        "series-bar",
        "series-line",
        "title",
        "toolbox",
        "tooltip"
    ],
    "customTags": [],
    "updaterUserName": "小***乖"
}