{
    "cid": "xd2a45h1Lc",
    "authorUid": "bd-1101197343",
    "authorUserName": "名***取",
    "title": "断桥残雪真好听",
    "description": "",
    "latestVersion": 1,
    "alwaysLatest": 1,
    "createTime": "2019-06-05T05:30:04.000Z",
    "lastUpdateTime": "2019-06-05T05:30:04.000Z",
    "auth": 2,
    "uid": "bd-1101197343",
    "publishedVersion": 0,
    "forkFrom": "-",
    "isSpam": 0,
    "version": 1,
    "parentVersion": -1,
    "echartsVersion": "4.2.1",
    "versionCreateTime": "2019-06-05T05:30:04.000Z",
    "html": "",
    "externalScripts": "",
    "updaterUID": "bd-1101197343",
    "theme": "",
    "layout": "",
    "viewCount": 253,
    "userName": "名***取",
    "commentCount": 0,
    "starCount": 2,
    "isStared": 0,
    "thumbnailURL": "https://www.makeapie.com/ecg-storage/ec_gallery_thumbnail/xd2a45h1Lc.png?v=1559712605097",
    "isCustomThumbnail": 0,
    "builtinTags": [
        "category-work",
        "grid",
        "legend",
        "series-bar",
        "title",
        "tooltip"
    ],
    "customTags": [],
    "updaterUserName": "名***取"
}