{
    "cid": "xDMDY-0JKE",
    "authorUid": "bd-5174556",
    "authorUserName": "G***西",
    "title": "进度条",
    "description": "党员类型",
    "latestVersion": 1,
    "alwaysLatest": 1,
    "createTime": "2019-06-05T09:06:52.000Z",
    "lastUpdateTime": "2019-06-05T09:06:52.000Z",
    "auth": 2,
    "uid": "bd-5174556",
    "publishedVersion": 0,
    "forkFrom": "-",
    "isSpam": 0,
    "version": 1,
    "parentVersion": -1,
    "echartsVersion": "4.2.1",
    "versionCreateTime": "2019-06-05T09:06:52.000Z",
    "html": "",
    "externalScripts": "",
    "updaterUID": "bd-5174556",
    "theme": "",
    "layout": "",
    "viewCount": 429,
    "userName": "G***西",
    "commentCount": 0,
    "starCount": 0,
    "isStared": 0,
    "thumbnailURL": "https://www.makeapie.com/ecg-storage/ec_gallery_thumbnail/xDMDY-0JKE.png?v=1559725612944",
    "isCustomThumbnail": 0,
    "builtinTags": [
        "category-work",
        "series-pie"
    ],
    "customTags": [],
    "updaterUserName": "G***西"
}