{
    "cid": "xe60chja8b",
    "authorUid": "bd-1557544138",
    "authorUserName": "MadisonF",
    "title": "1937年",
    "description": "全国",
    "latestVersion": 26,
    "alwaysLatest": 1,
    "createTime": "2019-06-05T08:47:19.000Z",
    "lastUpdateTime": "2019-06-05T08:47:19.000Z",
    "auth": 2,
    "uid": "bd-1557544138",
    "publishedVersion": 0,
    "forkFrom": "-",
    "isSpam": 0,
    "version": 26,
    "parentVersion": 25,
    "echartsVersion": "4.2.1",
    "versionCreateTime": "2019-06-05T12:48:44.000Z",
    "html": "",
    "externalScripts": "/dep/echarts/map/js/china.js",
    "updaterUID": "bd-1557544138",
    "theme": "",
    "layout": "",
    "viewCount": 445,
    "userName": "MadisonF",
    "commentCount": 0,
    "starCount": 0,
    "isStared": 0,
    "thumbnailURL": "https://www.makeapie.com/ecg-storage/ec_gallery_thumbnail/xe60chja8b.png?v=1559738924647",
    "isCustomThumbnail": 0,
    "builtinTags": [
        "category-work",
        "series-map",
        "timeline",
        "title",
        "tooltip",
        "visualMap"
    ],
    "customTags": [],
    "updaterUserName": "MadisonF"
}