{
    "cid": "xEAY2enWva",
    "authorUid": "bd-1325586035",
    "authorUserName": "金***牛",
    "title": "precision vs recall曲线",
    "description": "precision vs recall，x轴与y轴自定义",
    "latestVersion": 3,
    "alwaysLatest": 1,
    "createTime": "2019-06-05T07:01:13.000Z",
    "lastUpdateTime": "2019-06-05T07:01:13.000Z",
    "auth": 2,
    "uid": "bd-1325586035",
    "publishedVersion": 0,
    "forkFrom": "-",
    "isSpam": 0,
    "version": 3,
    "parentVersion": 2,
    "echartsVersion": "4.2.1",
    "versionCreateTime": "2019-06-05T10:24:16.000Z",
    "html": "",
    "externalScripts": "",
    "updaterUID": "bd-1325586035",
    "theme": "",
    "layout": "",
    "viewCount": 36,
    "userName": "金***牛",
    "commentCount": 0,
    "starCount": 1,
    "isStared": 0,
    "thumbnailURL": "https://www.makeapie.com/ecg-storage/ec_gallery_thumbnail/xEAY2enWva.png?v=1559730256906",
    "isCustomThumbnail": 0,
    "builtinTags": [
        "category-work",
        "dataset",
        "grid",
        "series-line",
        "tooltip"
    ],
    "customTags": [
        "line"
    ],
    "updaterUserName": "金***牛"
}