{
    "cid": "xFR9Ej74kM",
    "authorUid": "bd-1101197343",
    "authorUserName": "名***取",
    "title": "许嵩之千百度",
    "description": "",
    "latestVersion": 1,
    "alwaysLatest": 1,
    "createTime": "2019-06-06T03:33:18.000Z",
    "lastUpdateTime": "2019-06-06T03:33:18.000Z",
    "auth": 2,
    "uid": "bd-1101197343",
    "publishedVersion": 0,
    "forkFrom": "-",
    "isSpam": 0,
    "version": 1,
    "parentVersion": -1,
    "echartsVersion": "4.2.1",
    "versionCreateTime": "2019-06-06T03:33:18.000Z",
    "html": "",
    "externalScripts": "",
    "updaterUID": "bd-1101197343",
    "theme": "",
    "layout": "",
    "viewCount": 2115,
    "userName": "名***取",
    "commentCount": 0,
    "starCount": 8,
    "isStared": 0,
    "thumbnailURL": "https://www.makeapie.com/ecg-storage/ec_gallery_thumbnail/xFR9Ej74kM.png?v=1559791999008",
    "isCustomThumbnail": 0,
    "builtinTags": [
        "category-work",
        "grid",
        "legend",
        "series-bar",
        "series-pie",
        "title",
        "tooltip"
    ],
    "customTags": [],
    "updaterUserName": "名***取"
}