{
    "cid": "xhDdw4MYGg",
    "authorUid": "bd-554908277",
    "authorUserName": "宸***",
    "title": "饼图",
    "description": "7789",
    "latestVersion": 5,
    "alwaysLatest": 1,
    "createTime": "2019-06-05T04:06:54.000Z",
    "lastUpdateTime": "2019-06-05T04:06:54.000Z",
    "auth": 2,
    "uid": "bd-554908277",
    "publishedVersion": 0,
    "forkFrom": "-",
    "isSpam": 0,
    "version": 5,
    "parentVersion": 4,
    "echartsVersion": "4.2.1",
    "versionCreateTime": "2019-06-05T08:42:15.000Z",
    "html": "",
    "externalScripts": "",
    "updaterUID": "bd-554908277",
    "theme": "",
    "layout": "",
    "viewCount": 185,
    "userName": "宸***",
    "commentCount": 0,
    "starCount": 0,
    "isStared": 0,
    "thumbnailURL": "https://www.makeapie.com/ecg-storage/ec_gallery_thumbnail/xhDdw4MYGg.png?v=1559724135492",
    "isCustomThumbnail": 0,
    "builtinTags": [
        "category-work",
        "legend",
        "series-pie",
        "title",
        "tooltip"
    ],
    "customTags": [],
    "updaterUserName": "宸***"
}