{
    "cid": "xSSVevOq-G",
    "authorUid": "bd-3188047607",
    "authorUserName": "d***i",
    "title": "geo地图，唐玄奘取经路线，鉴真东渡路线",
    "description": "",
    "latestVersion": 7,
    "alwaysLatest": 1,
    "createTime": "2019-06-05T13:20:56.000Z",
    "lastUpdateTime": "2019-06-05T14:38:31.000Z",
    "auth": 2,
    "uid": "bd-3188047607",
    "publishedVersion": 0,
    "forkFrom": "-",
    "isSpam": 0,
    "version": 7,
    "parentVersion": 6,
    "echartsVersion": "4.2.1",
    "versionCreateTime": "2019-06-11T09:01:16.000Z",
    "html": "",
    "externalScripts": "/dep/echarts/map/js/world.js,/dep/echarts/map/js/china.js",
    "updaterUID": "bd-3188047607",
    "theme": "default",
    "layout": "",
    "viewCount": 3089,
    "userName": "d***i",
    "commentCount": 2,
    "starCount": 13,
    "isStared": 0,
    "thumbnailURL": "https://www.makeapie.com/ecg-storage/ec_gallery_thumbnail/xSSVevOq-G.png?v=1560243676358",
    "isCustomThumbnail": 0,
    "builtinTags": [
        "category-work",
        "geo",
        "legend",
        "series-lines",
        "series-scatter",
        "title"
    ],
    "customTags": [],
    "updaterUserName": "d***i"
}