{
    "cid": "xtk-yw1jfw",
    "authorUid": "bd-5174556",
    "authorUserName": "G***西",
    "title": "党建活动",
    "description": "党建活动折线图",
    "latestVersion": 1,
    "alwaysLatest": 1,
    "createTime": "2019-06-05T09:03:49.000Z",
    "lastUpdateTime": "2019-06-05T09:03:49.000Z",
    "auth": 2,
    "uid": "bd-5174556",
    "publishedVersion": 0,
    "forkFrom": "-",
    "isSpam": 0,
    "version": 1,
    "parentVersion": -1,
    "echartsVersion": "4.2.1",
    "versionCreateTime": "2019-06-05T09:03:49.000Z",
    "html": "",
    "externalScripts": "",
    "updaterUID": "bd-5174556",
    "theme": "",
    "layout": "",
    "viewCount": 61,
    "userName": "G***西",
    "commentCount": 0,
    "starCount": 0,
    "isStared": 0,
    "thumbnailURL": "https://www.makeapie.com/ecg-storage/ec_gallery_thumbnail/xtk-yw1jfw.png?v=1559725429429",
    "isCustomThumbnail": 0,
    "builtinTags": [
        "category-work",
        "grid",
        "legend",
        "series-line",
        "title"
    ],
    "customTags": [],
    "updaterUserName": "G***西"
}