{
    "cid": "xWgrdUyLWe",
    "authorUid": "bd-1557544138",
    "authorUserName": "MadisonF",
    "title": "全国各地区森林火灾分布情况",
    "description": "",
    "latestVersion": 2,
    "alwaysLatest": 1,
    "createTime": "2019-06-05T12:56:28.000Z",
    "lastUpdateTime": "2019-06-05T12:56:28.000Z",
    "auth": 2,
    "uid": "bd-1557544138",
    "publishedVersion": 0,
    "forkFrom": "-",
    "isSpam": 0,
    "version": 2,
    "parentVersion": 1,
    "echartsVersion": "4.2.1",
    "versionCreateTime": "2019-06-07T09:07:58.000Z",
    "html": "",
    "externalScripts": "/dep/echarts/map/js/china.js",
    "updaterUID": "bd-1557544138",
    "theme": "",
    "layout": "",
    "viewCount": 189,
    "userName": "MadisonF",
    "commentCount": 0,
    "starCount": 0,
    "isStared": 0,
    "thumbnailURL": "https://www.makeapie.com/ecg-storage/ec_gallery_thumbnail/xWgrdUyLWe.png?v=1559898478728",
    "isCustomThumbnail": 0,
    "builtinTags": [
        "category-work",
        "series-map",
        "timeline",
        "title",
        "tooltip",
        "visualMap"
    ],
    "customTags": [],
    "updaterUserName": "MadisonF"
}