{
    "cid": "x4Bhsg4yf3",
    "authorUid": "obd-oErgVwIMisCSyX6stHl4JgD7t7-_r4M",
    "authorUserName": "选***岐",
    "title": "环形数据图",
    "description": "",
    "latestVersion": 1,
    "alwaysLatest": 0,
    "createTime": "2021-04-27T08:11:28.000Z",
    "lastUpdateTime": "2021-04-27T08:11:28.000Z",
    "auth": 2,
    "uid": "obd-oErgVwIMisCSyX6stHl4JgD7t7-_r4M",
    "publishedVersion": 0,
    "forkFrom": "-",
    "isSpam": 0,
    "version": 1,
    "parentVersion": -1,
    "echartsVersion": "5.1.1",
    "versionCreateTime": "2021-04-27T08:11:28.000Z",
    "html": "",
    "externalScripts": "",
    "updaterUID": "obd-oErgVwIMisCSyX6stHl4JgD7t7-_r4M",
    "theme": "",
    "layout": "",
    "viewCount": 0,
    "userName": "选***岐",
    "commentCount": 0,
    "starCount": 0,
    "isStared": 0,
    "thumbnailURL": "https://www.makeapie.com/ecg-storage/ec_gallery_thumbnail/x4Bhsg4yf3.png?v=1619511088703",
    "isCustomThumbnail": 0,
    "builtinTags": [
        "category-work",
        "polar",
        "series-bar",
        "series-gauge",
        "title"
    ],
    "customTags": [],
    "updaterUserName": "选***岐"
}