{
    "cid": "x5_Ahrog9L",
    "authorUid": "obd-oFbwwcc7SlYVyKNBU9Y2XjhwaP1BV5o",
    "authorUserName": "相***q",
    "title": "直角扇形图",
    "description": "",
    "latestVersion": 3,
    "alwaysLatest": 0,
    "createTime": "2021-04-27T08:48:47.000Z",
    "lastUpdateTime": "2021-04-27T08:48:47.000Z",
    "auth": 2,
    "uid": "obd-oFbwwcc7SlYVyKNBU9Y2XjhwaP1BV5o",
    "publishedVersion": 0,
    "forkFrom": "-",
    "isSpam": 0,
    "version": 3,
    "parentVersion": 2,
    "echartsVersion": "5.1.0",
    "versionCreateTime": "2021-04-28T06:59:22.000Z",
    "html": "",
    "externalScripts": "",
    "updaterUID": "obd-oFbwwcc7SlYVyKNBU9Y2XjhwaP1BV5o",
    "theme": "",
    "layout": "",
    "viewCount": 0,
    "userName": "相***q",
    "commentCount": 0,
    "starCount": 2,
    "isStared": 0,
    "thumbnailURL": "https://www.makeapie.com/ecg-storage/ec_gallery_thumbnail/x5_Ahrog9L.png?v=1619593162172",
    "isCustomThumbnail": 0,
    "builtinTags": [
        "category-work",
        "polar",
        "series-pie",
        "title"
    ],
    "customTags": [],
    "updaterUserName": "相***q"
}