{
    "cid": "xiUrt3-oYE",
    "authorUid": "obd-o-1zI7rdBxP6n8aGB69kgIdgL0iEJAa",
    "authorUserName": "穻***",
    "title": "4个饼状图",
    "description": "",
    "latestVersion": 1,
    "alwaysLatest": 0,
    "createTime": "2021-04-27T07:18:50.000Z",
    "lastUpdateTime": "2021-04-27T07:18:50.000Z",
    "auth": 2,
    "uid": "obd-o-1zI7rdBxP6n8aGB69kgIdgL0iEJAa",
    "publishedVersion": 0,
    "forkFrom": "-",
    "isSpam": 0,
    "version": 1,
    "parentVersion": -1,
    "echartsVersion": "4.2.1",
    "versionCreateTime": "2021-04-27T07:18:50.000Z",
    "html": "",
    "externalScripts": "",
    "updaterUID": "obd-o-1zI7rdBxP6n8aGB69kgIdgL0iEJAa",
    "theme": "",
    "layout": "",
    "viewCount": 0,
    "userName": "穻***",
    "commentCount": 0,
    "starCount": 8,
    "isStared": 0,
    "thumbnailURL": "https://www.makeapie.com/ecg-storage/ec_gallery_thumbnail/xiUrt3-oYE.png?v=1619507930837",
    "isCustomThumbnail": 1,
    "builtinTags": [
        "category-work",
        "series-pie",
        "title"
    ],
    "customTags": [],
    "updaterUserName": "穻***"
}