{
    "cid": "xnQZX77LPY",
    "authorUid": "bd-171648521",
    "authorUserName": "绿***绿",
    "title": "pie ",
    "description": "lable 背景图",
    "latestVersion": 2,
    "alwaysLatest": 0,
    "createTime": "2021-04-27T08:28:20.000Z",
    "lastUpdateTime": "2021-04-27T08:28:20.000Z",
    "auth": 2,
    "uid": "bd-171648521",
    "publishedVersion": 0,
    "forkFrom": "-",
    "isSpam": 0,
    "version": 2,
    "parentVersion": 1,
    "echartsVersion": "5.1.1",
    "versionCreateTime": "2021-04-27T08:29:32.000Z",
    "html": "",
    "externalScripts": "",
    "updaterUID": "bd-171648521",
    "theme": "",
    "layout": "",
    "viewCount": 0,
    "userName": "绿***绿",
    "commentCount": 0,
    "starCount": 0,
    "isStared": 0,
    "thumbnailURL": "https://www.makeapie.com/ecg-storage/ec_gallery_thumbnail/xnQZX77LPY.png?v=1619512172304",
    "isCustomThumbnail": 0,
    "builtinTags": [
        "category-work"
    ],
    "customTags": [],
    "updaterUserName": "绿***绿"
}