{
    "cid": "xoQCCM5wyk",
    "authorUid": "obd-oErgVwIMisCSyX6stHl4JgD7t7-_r4M",
    "authorUserName": "选***岐",
    "title": "双环饼图",
    "description": "",
    "latestVersion": 1,
    "alwaysLatest": 0,
    "createTime": "2021-04-27T07:21:59.000Z",
    "lastUpdateTime": "2021-04-27T07:21:59.000Z",
    "auth": 2,
    "uid": "obd-oErgVwIMisCSyX6stHl4JgD7t7-_r4M",
    "publishedVersion": 0,
    "forkFrom": "-",
    "isSpam": 0,
    "version": 1,
    "parentVersion": -1,
    "echartsVersion": "5.1.1",
    "versionCreateTime": "2021-04-27T07:21:59.000Z",
    "html": "",
    "externalScripts": "",
    "updaterUID": "obd-oErgVwIMisCSyX6stHl4JgD7t7-_r4M",
    "theme": "",
    "layout": "",
    "viewCount": 0,
    "userName": "选***岐",
    "commentCount": 0,
    "starCount": 0,
    "isStared": 0,
    "thumbnailURL": "https://www.makeapie.com/ecg-storage/ec_gallery_thumbnail/xoQCCM5wyk.png?v=1619508119225",
    "isCustomThumbnail": 0,
    "builtinTags": [
        "category-work",
        "legend",
        "series-pie",
        "title",
        "tooltip"
    ],
    "customTags": [],
    "updaterUserName": "选***岐"
}