{
    "cid": "xQvBFCbAO0",
    "authorUid": "obd-oFbGlmoGCLoo1gpjeBm0URutX99Iq59",
    "authorUserName": "软***蚊",
    "title": "多项目多阶段进度条",
    "description": "y轴显示项目代码，每个项目存在四个按顺序排列的阶段：设计、备料、组装、调试，显示每个项目进度的进度",
    "latestVersion": 2,
    "alwaysLatest": 0,
    "createTime": "2021-04-27T02:08:05.000Z",
    "lastUpdateTime": "2021-04-27T02:08:05.000Z",
    "auth": 2,
    "uid": "obd-oFbGlmoGCLoo1gpjeBm0URutX99Iq59",
    "publishedVersion": 0,
    "forkFrom": "-",
    "isSpam": 0,
    "version": 2,
    "parentVersion": 1,
    "echartsVersion": "5.1.0",
    "versionCreateTime": "2021-04-27T02:08:44.000Z",
    "html": "",
    "externalScripts": "",
    "updaterUID": "obd-oFbGlmoGCLoo1gpjeBm0URutX99Iq59",
    "theme": "",
    "layout": "",
    "viewCount": 0,
    "userName": "软***蚊",
    "commentCount": 0,
    "starCount": 0,
    "isStared": 0,
    "thumbnailURL": "https://www.makeapie.com/ecg-storage/ec_gallery_thumbnail/xQvBFCbAO0.png?v=1619489325003",
    "isCustomThumbnail": 0,
    "builtinTags": [
        "category-work",
        "dataZoom",
        "grid",
        "series-bar"
    ],
    "customTags": [],
    "updaterUserName": "软***蚊"
}