{
    "cid": "xXDFxJmQiN",
    "authorUid": "bd-1832203306",
    "authorUserName": "小***a",
    "title": "流转测绘",
    "description": "敏感数据流转测绘追踪",
    "latestVersion": 3,
    "alwaysLatest": 0,
    "createTime": "2021-04-26T07:30:32.000Z",
    "lastUpdateTime": "2021-07-20T02:39:20.000Z",
    "auth": 1,
    "uid": "bd-1832203306",
    "publishedVersion": 0,
    "forkFrom": "-",
    "isSpam": 0,
    "version": 3,
    "parentVersion": 2,
    "echartsVersion": "5.1.0",
    "versionCreateTime": "2021-07-20T02:39:20.000Z",
    "html": "",
    "externalScripts": "",
    "updaterUID": "obd-oDLaYoSFpVa9G-BeKFgryxMT-uYIg1s",
    "theme": "",
    "layout": "",
    "viewCount": 0,
    "userName": "小***a",
    "commentCount": 0,
    "starCount": 1,
    "isStared": 0,
    "thumbnailURL": "https://www.makeapie.com/ecg-storage/ec_gallery_thumbnail/xXDFxJmQiN.png?v=1626748760750",
    "isCustomThumbnail": 0,
    "builtinTags": [
        "category-work",
        "legend",
        "series-graph",
        "title",
        "toolbox",
        "tooltip"
    ],
    "customTags": [],
    "updaterUserName": "1***8"
}