{
    "cid": "xBJByaU96",
    "authorUid": "bd-1192091434",
    "authorUserName": "s***2",
    "title": "两个维度的堆积柱状图",
    "description": "Stacked bar with 2 dimensions",
    "latestVersion": 1,
    "alwaysLatest": 1,
    "createTime": "2016-09-29T09:20:28.000Z",
    "lastUpdateTime": "2016-09-29T09:23:23.000Z",
    "auth": 2,
    "uid": "bd-1192091434",
    "publishedVersion": 0,
    "forkFrom": "-",
    "isSpam": 0,
    "version": 1,
    "parentVersion": -1,
    "echartsVersion": "3.2.3",
    "versionCreateTime": "2016-09-29T09:20:28.000Z",
    "html": "",
    "externalScripts": "",
    "updaterUID": "bd-1192091434",
    "theme": "default",
    "layout": "",
    "viewCount": 4692,
    "userName": "s***2",
    "commentCount": 0,
    "starCount": 16,
    "isStared": 0,
    "thumbnailURL": "https://www.makeapie.com/ecg-storage/ec_gallery_thumbnail/xBJByaU96.png?v=1475140829104",
    "isCustomThumbnail": 0,
    "builtinTags": [
        "category-work",
        "grid",
        "legend",
        "series-bar",
        "tooltip"
    ],
    "customTags": [],
    "updaterUserName": "s***2"
}