{
    "cid": "xBJPYj08eg",
    "authorUid": "bd-2500662229",
    "authorUserName": "虚***顶",
    "title": "词云图-自定义形状",
    "description": "echarts3官方词云图，可以自定义形状。",
    "latestVersion": 3,
    "alwaysLatest": 1,
    "createTime": "2016-11-02T03:20:31.000Z",
    "lastUpdateTime": "2016-11-29T09:41:24.000Z",
    "auth": 2,
    "uid": "bd-2500662229",
    "publishedVersion": 0,
    "forkFrom": "-",
    "isSpam": 0,
    "version": 3,
    "parentVersion": 2,
    "echartsVersion": "3.3.2",
    "versionCreateTime": "2016-11-29T09:41:40.000Z",
    "html": "",
    "externalScripts": "http://data-visual.cn/datav/src/js/echarts/extension/echarts-wordcloud.min.js",
    "updaterUID": "bd-2500662229",
    "theme": "default",
    "layout": "",
    "viewCount": 12686,
    "userName": "虚***顶",
    "commentCount": 9,
    "starCount": 37,
    "isStared": 0,
    "thumbnailURL": "https://www.makeapie.com/ecg-storage/ec_gallery_thumbnail/xBJPYj08eg.png?v=1478074738837",
    "isCustomThumbnail": 1,
    "builtinTags": [
        "category-work",
        "series-wordCloud"
    ],
    "customTags": [
        "tagCloud",
        "type",
        "字符云",
        "自定义形状",
        "词云图"
    ],
    "updaterUserName": "虚***顶"
}