{
    "cid": "xBkhXQQOgl",
    "authorUid": "bd-2537542864",
    "authorUserName": "_贰木",
    "title": "一天用电量分布",
    "description": "纯属虚构",
    "latestVersion": 4,
    "alwaysLatest": 1,
    "createTime": "2016-11-03T02:38:27.000Z",
    "lastUpdateTime": "2016-11-03T02:38:27.000Z",
    "auth": 2,
    "uid": "bd-2537542864",
    "publishedVersion": 0,
    "forkFrom": "-",
    "isSpam": 0,
    "version": 4,
    "parentVersion": 3,
    "echartsVersion": "3.3.0",
    "versionCreateTime": "2016-11-03T02:53:09.000Z",
    "html": "",
    "externalScripts": "",
    "updaterUID": "bd-2537542864",
    "theme": "",
    "layout": "",
    "viewCount": 2554,
    "userName": "_贰木",
    "commentCount": 0,
    "starCount": 8,
    "isStared": 0,
    "thumbnailURL": "https://www.makeapie.com/ecg-storage/ec_gallery_thumbnail/xBkhXQQOgl.png?v=1478141589166",
    "isCustomThumbnail": 0,
    "builtinTags": [
        "category-work",
        "grid",
        "markPoint",
        "series-line",
        "title",
        "toolbox",
        "tooltip"
    ],
    "customTags": [],
    "updaterUserName": "_贰木"
}