{
    "cid": "xBkPR9vWn",
    "authorUid": "bd-2282699073",
    "authorUserName": "黯夜卿卿",
    "title": "柱图填满整个容器",
    "description": "柱图填满整个容器，鼠标经过提示不一样哦",
    "latestVersion": 15,
    "alwaysLatest": 1,
    "createTime": "2016-09-10T11:13:19.000Z",
    "lastUpdateTime": "2016-09-10T11:40:57.000Z",
    "auth": 1,
    "uid": "bd-2282699073",
    "publishedVersion": 0,
    "forkFrom": "-",
    "isSpam": 0,
    "version": 15,
    "parentVersion": 11,
    "echartsVersion": "3.8.0",
    "versionCreateTime": "2018-12-17T09:41:28.000Z",
    "html": "",
    "externalScripts": "",
    "updaterUID": "bd-2341513011",
    "theme": "default",
    "layout": "",
    "viewCount": 2911,
    "userName": "黯夜卿卿",
    "commentCount": 0,
    "starCount": 15,
    "isStared": 0,
    "thumbnailURL": "https://www.makeapie.com/ecg-storage/ec_gallery_thumbnail/xBkPR9vWn.png?v=1545039688317",
    "isCustomThumbnail": 0,
    "builtinTags": [
        "category-work",
        "grid",
        "series-bar",
        "tooltip"
    ],
    "customTags": [],
    "updaterUserName": "k***雪"
}