{
    "cid": "xBy18IeDlg",
    "authorUid": "bd-1192091434",
    "authorUserName": "s***2",
    "title": "RTF (Right to Left) Sample (راست به چپ)",
    "description": "RTF (Right to Left) Sample in Persian.\nRTF (راست به چپ) نمونه به زبان فارسی.\n",
    "latestVersion": 1,
    "alwaysLatest": 1,
    "createTime": "2016-11-02T05:14:46.000Z",
    "lastUpdateTime": "2016-11-02T05:14:46.000Z",
    "auth": 2,
    "uid": "bd-1192091434",
    "publishedVersion": 0,
    "forkFrom": "-",
    "isSpam": 0,
    "version": 1,
    "parentVersion": -1,
    "echartsVersion": "3.3.0",
    "versionCreateTime": "2016-11-02T05:14:46.000Z",
    "html": "",
    "externalScripts": "",
    "updaterUID": "bd-1192091434",
    "theme": "",
    "layout": "",
    "viewCount": 2338,
    "userName": "s***2",
    "commentCount": 0,
    "starCount": 5,
    "isStared": 0,
    "thumbnailURL": "https://www.makeapie.com/ecg-storage/ec_gallery_thumbnail/xBy18IeDlg.png?v=1478063687019",
    "isCustomThumbnail": 0,
    "builtinTags": [
        "category-work",
        "grid",
        "legend",
        "series-line",
        "title"
    ],
    "customTags": [
        "RTF"
    ],
    "updaterUserName": "s***2"
}