{
    "cid": "xHkoPp6lT",
    "authorUid": "bd-974862758",
    "authorUserName": "p***p",
    "title": "散点图标",
    "description": "纯属虚构",
    "latestVersion": 4,
    "alwaysLatest": 1,
    "createTime": "2016-09-22T03:17:54.000Z",
    "lastUpdateTime": "2016-09-22T03:17:54.000Z",
    "auth": 2,
    "uid": "bd-974862758",
    "publishedVersion": 0,
    "forkFrom": "-",
    "isSpam": 0,
    "version": 4,
    "parentVersion": 3,
    "echartsVersion": "3.2.3",
    "versionCreateTime": "2016-09-22T03:27:55.000Z",
    "html": "",
    "externalScripts": "/dep/echarts/map/js/china.js",
    "updaterUID": "bd-974862758",
    "theme": "",
    "layout": "",
    "viewCount": 5456,
    "userName": "p***p",
    "commentCount": 0,
    "starCount": 8,
    "isStared": 0,
    "thumbnailURL": "https://www.makeapie.com/ecg-storage/ec_gallery_thumbnail/xHkoPp6lT.png?v=1474514875566",
    "isCustomThumbnail": 0,
    "builtinTags": [
        "category-work",
        "geo",
        "legend",
        "series-scatter",
        "title",
        "tooltip"
    ],
    "customTags": [],
    "updaterUserName": "p***p"
}