{
    "cid": "xry4nXxLgx",
    "authorUid": "bd-1180405963",
    "authorUserName": "塘厦123456",
    "title": "业务数量/个",
    "description": "option = {\n\t\t//主标题\n\t\ttitle: {\n\t\t\ttext: '业务数量/个',\n\t\t\ttextStyle: {\n\t\t\t\tcolor: [\"#333333\"],\n\t\t\t\tfontStyle: [\"微软雅黑\"],\n\t\t\t\tfontSize: ['14'],\n\t\t\t},\n\t\t\tleft: 90,\n\t\t\ttop: 30,\n\t\t},\n\n\t\ttooltip: {\n\t\t\ttrigger: 'axis',\n\t\t\taxisPointer: { // 坐标轴指示器，坐标轴触发有效\n\t\t\t\ttype: 'shadow' // 默认为直线，可选为：'line' | 'shadow'\n\t\t\t},\n\t\t\t//计算平均值 \n\t\t\tformatter: function(params) {\n\t\t\t\t//取整\n\t\t\t\tvar str = (params[0].value / params[1].value);\n\t\t\t\tstr = str.toFixed(1);\n\t\t\t\treturn params[0].name + '<br/>' + params[0].seriesName + ' : ' + params[0].value + '<br/>' + params[1].seriesName + ' : ' + params[1].value + '<br/>' +\n\t\t\t\t//业务占比\n\t\t\t\tparams[3].seriesName + ' : ' + (str) * 0.5 + '%' + '<br/>' +\n\t\t\t\t//全部任务\n\t\t\t\tparams[2].seriesName + ' : ' + (params[0].value + params[1].value);\n\n\t\t\t}\n\t\t},\n\t\tcolor: ['#22a0d3', '#a7d9ed'],\n\t\tlegend: {\n\t\t\tdata: ['土地', '房产']\n\t\t},\n\n\t\ttoolbox: {\n\t\t\tshow: true,\n\t\t\tfeature: {\n\t\t\t\tmark: {\n\t\t\t\t\tshow: true\n\t\t\t\t},\n\t\t\t\tdataView: {\n\t\t\t\t\tshow: true,\n\t\t\t\t\treadOnly: false\n\t\t\t\t},\n\t\t\t\tmagicType: {\n\t\t\t\t\tshow: true,\n",
    "latestVersion": 1,
    "alwaysLatest": 1,
    "createTime": "2016-11-01T10:51:24.000Z",
    "lastUpdateTime": "2016-11-01T10:51:24.000Z",
    "auth": 2,
    "uid": "bd-1180405963",
    "publishedVersion": 0,
    "forkFrom": "-",
    "isSpam": 0,
    "version": 1,
    "parentVersion": -1,
    "echartsVersion": "3.3.0",
    "versionCreateTime": "2016-11-01T10:51:24.000Z",
    "html": "",
    "externalScripts": "",
    "updaterUID": "bd-1180405963",
    "theme": "",
    "layout": "",
    "viewCount": 1920,
    "userName": "塘厦123456",
    "commentCount": 1,
    "starCount": 5,
    "isStared": 0,
    "thumbnailURL": "https://www.makeapie.com/ecg-storage/ec_gallery_thumbnail/xry4nXxLgx.png?v=1477997484218",
    "isCustomThumbnail": 0,
    "builtinTags": [
        "category-work",
        "grid",
        "legend",
        "series-bar",
        "title",
        "toolbox",
        "tooltip"
    ],
    "customTags": [],
    "updaterUserName": "塘厦123456"
}