{
    "cid": "xrydJ5pHlx",
    "authorUid": "bd-2537542864",
    "authorUserName": "_贰木",
    "title": "带状图",
    "description": "描述一段时间内，异常情况",
    "latestVersion": 3,
    "alwaysLatest": 1,
    "createTime": "2016-11-01T07:53:03.000Z",
    "lastUpdateTime": "2016-11-01T07:53:03.000Z",
    "auth": 2,
    "uid": "bd-2537542864",
    "publishedVersion": 0,
    "forkFrom": "-",
    "isSpam": 0,
    "version": 3,
    "parentVersion": 2,
    "echartsVersion": "3.3.0",
    "versionCreateTime": "2016-11-07T07:21:07.000Z",
    "html": "",
    "externalScripts": "",
    "updaterUID": "bd-2537542864",
    "theme": "",
    "layout": "",
    "viewCount": 569,
    "userName": "_贰木",
    "commentCount": 0,
    "starCount": 2,
    "isStared": 0,
    "thumbnailURL": "https://www.makeapie.com/ecg-storage/ec_gallery_thumbnail/xrydJ5pHlx.png?v=1478503267704",
    "isCustomThumbnail": 0,
    "builtinTags": [
        "category-work",
        "grid",
        "series-line",
        "series-scatter"
    ],
    "customTags": [],
    "updaterUserName": "_贰木"
}