{
    "cid": "xrySmjykh",
    "authorUid": "bd-3676951086",
    "authorUserName": "缘***m",
    "title": "Jer - 自定义toolbox",
    "description": "转的",
    "latestVersion": 4,
    "alwaysLatest": 1,
    "createTime": "2016-09-08T13:43:56.000Z",
    "lastUpdateTime": "2016-09-08T13:43:56.000Z",
    "auth": 1,
    "uid": "bd-3676951086",
    "publishedVersion": 0,
    "forkFrom": "-",
    "isSpam": 0,
    "version": 4,
    "parentVersion": 3,
    "echartsVersion": "3.3.0",
    "versionCreateTime": "2016-11-13T07:39:16.000Z",
    "html": "",
    "externalScripts": "",
    "updaterUID": "bd-2902726735",
    "theme": "",
    "layout": "",
    "viewCount": 869,
    "userName": "缘***m",
    "commentCount": 0,
    "starCount": 3,
    "isStared": 0,
    "thumbnailURL": "https://www.makeapie.com/ecg-storage/ec_gallery_thumbnail/xrySmjykh.png?v=1479022756813",
    "isCustomThumbnail": 0,
    "builtinTags": [
        "category-work",
        "dataZoom",
        "grid",
        "legend",
        "series-line",
        "toolbox",
        "tooltip"
    ],
    "customTags": [],
    "updaterUserName": "ak47f16200"
}