{
    "cid": "xrytARQwlx",
    "authorUid": "bd-3796128407",
    "authorUserName": "王***响",
    "title": "平日甜食占比",
    "description": "本人爱吃甜食，数据虚拟",
    "latestVersion": 2,
    "alwaysLatest": 1,
    "createTime": "2016-11-02T09:16:01.000Z",
    "lastUpdateTime": "2016-11-02T09:16:01.000Z",
    "auth": 2,
    "uid": "bd-3796128407",
    "publishedVersion": 0,
    "forkFrom": "-",
    "isSpam": 0,
    "version": 2,
    "parentVersion": 1,
    "echartsVersion": "3.3.2",
    "versionCreateTime": "2016-12-08T15:00:23.000Z",
    "html": "",
    "externalScripts": "",
    "updaterUID": "bd-3796128407",
    "theme": "",
    "layout": "",
    "viewCount": 3187,
    "userName": "王***响",
    "commentCount": 0,
    "starCount": 15,
    "isStared": 0,
    "thumbnailURL": "https://www.makeapie.com/ecg-storage/ec_gallery_thumbnail/xrytARQwlx.png?v=1481209223504",
    "isCustomThumbnail": 0,
    "builtinTags": [
        "category-work",
        "legend",
        "series-pie",
        "title",
        "tooltip"
    ],
    "customTags": [],
    "updaterUserName": "王***响"
}