{
    "cid": "xS1WT5Sb2",
    "authorUid": "bd-2282699073",
    "authorUserName": "黯夜卿卿",
    "title": "不知道这个是什么名称",
    "description": "不知道这个是什么名称",
    "latestVersion": 24,
    "alwaysLatest": 1,
    "createTime": "2016-09-10T08:56:24.000Z",
    "lastUpdateTime": "2016-09-10T09:06:32.000Z",
    "auth": 1,
    "uid": "bd-2282699073",
    "publishedVersion": 0,
    "forkFrom": "-",
    "isSpam": 0,
    "version": 24,
    "parentVersion": 23,
    "echartsVersion": "3.3.2",
    "versionCreateTime": "2016-12-20T07:07:03.000Z",
    "html": "",
    "externalScripts": "",
    "updaterUID": "bd-1008590",
    "theme": "default",
    "layout": "",
    "viewCount": 2618,
    "userName": "黯夜卿卿",
    "commentCount": 0,
    "starCount": 9,
    "isStared": 0,
    "thumbnailURL": "https://www.makeapie.com/ecg-storage/ec_gallery_thumbnail/xS1WT5Sb2.png?v=1482217623170",
    "isCustomThumbnail": 0,
    "builtinTags": [
        "category-work",
        "grid",
        "legend",
        "series-bar",
        "series-line",
        "title",
        "tooltip"
    ],
    "customTags": [],
    "updaterUserName": "betanet"
}