{
    "cid": "xB1IqStLuM",
    "authorUid": "bd-1353429936",
    "authorUserName": "m***e",
    "title": "“一带一路”沿线省区市关注领域",
    "description": "纯属虚构  饼图",
    "latestVersion": 4,
    "alwaysLatest": 1,
    "createTime": "2018-03-02T08:04:30.000Z",
    "lastUpdateTime": "2018-03-02T08:04:30.000Z",
    "auth": 2,
    "uid": "bd-1353429936",
    "publishedVersion": 0,
    "forkFrom": "-",
    "isSpam": 0,
    "version": 4,
    "parentVersion": 1,
    "echartsVersion": "4.1.0",
    "versionCreateTime": "2018-06-07T07:44:38.000Z",
    "html": "",
    "externalScripts": "",
    "updaterUID": "bd-1353429936",
    "theme": "roma",
    "layout": "",
    "viewCount": 5619,
    "userName": "m***e",
    "commentCount": 4,
    "starCount": 8,
    "isStared": 0,
    "thumbnailURL": "https://www.makeapie.com/ecg-storage/ec_gallery_thumbnail/xB1IqStLuM.png?v=1519977870479",
    "isCustomThumbnail": 1,
    "builtinTags": [
        "category-work",
        "series-pie",
        "title",
        "tooltip"
    ],
    "customTags": [],
    "updaterUserName": "m***e"
}