{
    "cid": "xBJr54KUuf",
    "authorUid": "bd-1353429936",
    "authorUserName": "m***e",
    "title": "“一带一路”沿线省区市活动参与",
    "description": "纯属虚构   空心饼图",
    "latestVersion": 2,
    "alwaysLatest": 1,
    "createTime": "2018-03-02T08:00:12.000Z",
    "lastUpdateTime": "2018-03-02T08:00:12.000Z",
    "auth": 2,
    "uid": "bd-1353429936",
    "publishedVersion": 0,
    "forkFrom": "-",
    "isSpam": 0,
    "version": 2,
    "parentVersion": 1,
    "echartsVersion": "4.1.0",
    "versionCreateTime": "2018-09-13T09:07:57.000Z",
    "html": "",
    "externalScripts": "",
    "updaterUID": "bd-1353429936",
    "theme": "macarons",
    "layout": "",
    "viewCount": 4647,
    "userName": "m***e",
    "commentCount": 5,
    "starCount": 8,
    "isStared": 0,
    "thumbnailURL": "https://www.makeapie.com/ecg-storage/ec_gallery_thumbnail/xBJr54KUuf.png?v=1519977613143",
    "isCustomThumbnail": 1,
    "builtinTags": [
        "category-work",
        "legend",
        "series-pie",
        "title",
        "tooltip"
    ],
    "customTags": [],
    "updaterUserName": "m***e"
}