{
    "cid": "xBys9xoIuf",
    "authorUid": "bd-1353429936",
    "authorUserName": "m***e",
    "title": "“中国”经济社会发展综合评价指数-卓越竞争型",
    "description": "纯属虚构   仪表盘",
    "latestVersion": 1,
    "alwaysLatest": 1,
    "createTime": "2018-03-02T09:59:47.000Z",
    "lastUpdateTime": "2018-03-02T09:59:47.000Z",
    "auth": 2,
    "uid": "bd-1353429936",
    "publishedVersion": 0,
    "forkFrom": "-",
    "isSpam": 0,
    "version": 1,
    "parentVersion": -1,
    "echartsVersion": "4.0.4",
    "versionCreateTime": "2018-03-02T09:59:47.000Z",
    "html": "",
    "externalScripts": "",
    "updaterUID": "bd-1353429936",
    "theme": "",
    "layout": "",
    "viewCount": 988,
    "userName": "m***e",
    "commentCount": 0,
    "starCount": 1,
    "isStared": 0,
    "thumbnailURL": "https://www.makeapie.com/ecg-storage/ec_gallery_thumbnail/xBys9xoIuf.png?v=1519984787127",
    "isCustomThumbnail": 1,
    "builtinTags": [
        "category-work",
        "series-gauge",
        "title",
        "tooltip"
    ],
    "customTags": [],
    "updaterUserName": "m***e"
}