{
    "cid": "xHJpiTFYuz",
    "authorUid": "bd-1696688313",
    "authorUserName": "水***6",
    "title": "广东地图",
    "description": "",
    "latestVersion": 1,
    "alwaysLatest": 1,
    "createTime": "2018-03-04T15:15:48.000Z",
    "lastUpdateTime": "2018-03-04T15:15:48.000Z",
    "auth": 2,
    "uid": "bd-1696688313",
    "publishedVersion": 0,
    "forkFrom": "-",
    "isSpam": 0,
    "version": 1,
    "parentVersion": -1,
    "echartsVersion": "4.0.4",
    "versionCreateTime": "2018-03-04T15:15:48.000Z",
    "html": "",
    "externalScripts": "",
    "updaterUID": "bd-1696688313",
    "theme": "",
    "layout": "",
    "viewCount": 1562,
    "userName": "水***6",
    "commentCount": 0,
    "starCount": 5,
    "isStared": 0,
    "thumbnailURL": "https://www.makeapie.com/ecg-storage/ec_gallery_thumbnail/xHJpiTFYuz.png?v=1520176548882",
    "isCustomThumbnail": 0,
    "builtinTags": [
        "category-work",
        "legend",
        "series-map"
    ],
    "customTags": [],
    "updaterUserName": "水***6"
}