{
    "cid": "xHJZPSmddz",
    "authorUid": "bd-441871429",
    "authorUserName": "牧羊yun",
    "title": "食品安全抽检处置情况分析_处置完成情况",
    "description": "生产环节处置完成率",
    "latestVersion": 1,
    "alwaysLatest": 1,
    "createTime": "2018-03-03T13:38:32.000Z",
    "lastUpdateTime": "2018-03-03T13:38:32.000Z",
    "auth": 2,
    "uid": "bd-441871429",
    "publishedVersion": 0,
    "forkFrom": "-",
    "isSpam": 0,
    "version": 1,
    "parentVersion": -1,
    "echartsVersion": "4.0.4",
    "versionCreateTime": "2018-03-03T13:38:32.000Z",
    "html": "",
    "externalScripts": "",
    "updaterUID": "bd-441871429",
    "theme": "",
    "layout": "",
    "viewCount": 1076,
    "userName": "牧羊yun",
    "commentCount": 0,
    "starCount": 5,
    "isStared": 0,
    "thumbnailURL": "https://www.makeapie.com/ecg-storage/ec_gallery_thumbnail/xHJZPSmddz.png?v=1520084312775",
    "isCustomThumbnail": 0,
    "builtinTags": [
        "category-work",
        "series-gauge",
        "title",
        "tooltip"
    ],
    "customTags": [],
    "updaterUserName": "牧羊yun"
}