{
    "cid": "xHkWH_B_Oz",
    "authorUid": "bd-3523468067",
    "authorUserName": "亡殛天下",
    "title": "中国铁路",
    "description": "",
    "latestVersion": 4,
    "alwaysLatest": 1,
    "createTime": "2018-03-03T16:07:21.000Z",
    "lastUpdateTime": "2018-03-03T16:07:21.000Z",
    "auth": 2,
    "uid": "bd-3523468067",
    "publishedVersion": 0,
    "forkFrom": "-",
    "isSpam": 0,
    "version": 4,
    "parentVersion": 3,
    "echartsVersion": "4.0.4",
    "versionCreateTime": "2018-03-25T01:32:33.000Z",
    "html": "",
    "externalScripts": "/dep/echarts/map/js/china.js",
    "updaterUID": "bd-3523468067",
    "theme": "",
    "layout": "",
    "viewCount": 1455,
    "userName": "亡殛天下",
    "commentCount": 0,
    "starCount": 7,
    "isStared": 0,
    "thumbnailURL": "https://www.makeapie.com/ecg-storage/ec_gallery_thumbnail/xHkWH_B_Oz.png?v=1521941554060",
    "isCustomThumbnail": 0,
    "builtinTags": [
        "category-work",
        "geo",
        "series-lines"
    ],
    "customTags": [],
    "updaterUserName": "亡殛天下"
}