{
    "cid": "xrJP2tYI_f",
    "authorUid": "bd-1353429936",
    "authorUserName": "m***e",
    "title": "“一带一路”传播趋势分析（月度）",
    "description": "纯属虚构  平滑的折线图",
    "latestVersion": 1,
    "alwaysLatest": 1,
    "createTime": "2018-03-02T08:22:07.000Z",
    "lastUpdateTime": "2018-03-02T08:22:07.000Z",
    "auth": 2,
    "uid": "bd-1353429936",
    "publishedVersion": 0,
    "forkFrom": "-",
    "isSpam": 0,
    "version": 1,
    "parentVersion": -1,
    "echartsVersion": "4.0.4",
    "versionCreateTime": "2018-03-02T08:22:07.000Z",
    "html": "",
    "externalScripts": "",
    "updaterUID": "bd-1353429936",
    "theme": "",
    "layout": "",
    "viewCount": 237,
    "userName": "m***e",
    "commentCount": 0,
    "starCount": 3,
    "isStared": 0,
    "thumbnailURL": "https://www.makeapie.com/ecg-storage/ec_gallery_thumbnail/xrJP2tYI_f.png?v=1519978927153",
    "isCustomThumbnail": 1,
    "builtinTags": [
        "category-work",
        "grid",
        "series-line",
        "title",
        "toolbox",
        "tooltip"
    ],
    "customTags": [],
    "updaterUserName": "m***e"
}