{
    "cid": "xrJQhxmdOM",
    "authorUid": "bd-441871429",
    "authorUserName": "牧羊yun",
    "title": "食品安全抽检处置情况分析",
    "description": "地区处置企业次数排名",
    "latestVersion": 1,
    "alwaysLatest": 1,
    "createTime": "2018-03-03T13:18:34.000Z",
    "lastUpdateTime": "2018-03-03T13:18:34.000Z",
    "auth": 2,
    "uid": "bd-441871429",
    "publishedVersion": 0,
    "forkFrom": "-",
    "isSpam": 0,
    "version": 1,
    "parentVersion": -1,
    "echartsVersion": "4.0.4",
    "versionCreateTime": "2018-03-03T13:18:34.000Z",
    "html": "",
    "externalScripts": "",
    "updaterUID": "bd-441871429",
    "theme": "",
    "layout": "",
    "viewCount": 89,
    "userName": "牧羊yun",
    "commentCount": 0,
    "starCount": 0,
    "isStared": 0,
    "thumbnailURL": "https://www.makeapie.com/ecg-storage/ec_gallery_thumbnail/xrJQhxmdOM.png?v=1520083115012",
    "isCustomThumbnail": 0,
    "builtinTags": [
        "category-work",
        "grid",
        "legend",
        "series-bar",
        "title",
        "toolbox",
        "tooltip"
    ],
    "customTags": [],
    "updaterUserName": "牧羊yun"
}