{
    "cid": "xrkR5rYUdG",
    "authorUid": "bd-1679792466",
    "authorUserName": "沉沦在回忆中",
    "title": "抽检异议情况分析",
    "description": "异议通过率",
    "latestVersion": 2,
    "alwaysLatest": 1,
    "createTime": "2018-03-02T08:04:38.000Z",
    "lastUpdateTime": "2018-03-02T08:04:38.000Z",
    "auth": 2,
    "uid": "bd-1679792466",
    "publishedVersion": 0,
    "forkFrom": "-",
    "isSpam": 0,
    "version": 2,
    "parentVersion": 1,
    "echartsVersion": "4.0.4",
    "versionCreateTime": "2018-03-02T09:36:38.000Z",
    "html": "",
    "externalScripts": "",
    "updaterUID": "bd-1679792466",
    "theme": "",
    "layout": "",
    "viewCount": 356,
    "userName": "沉沦在回忆中",
    "commentCount": 0,
    "starCount": 0,
    "isStared": 0,
    "thumbnailURL": "https://www.makeapie.com/ecg-storage/ec_gallery_thumbnail/xrkR5rYUdG.png?v=1519983398939",
    "isCustomThumbnail": 0,
    "builtinTags": [
        "category-work",
        "series-gauge",
        "title",
        "tooltip"
    ],
    "customTags": [],
    "updaterUserName": "沉沦在回忆中"
}