{
    "cid": "xrkYGrt8uG",
    "authorUid": "bd-1679792466",
    "authorUserName": "沉沦在回忆中",
    "title": "抽检异议情况分析",
    "description": "异议提出率",
    "latestVersion": 4,
    "alwaysLatest": 1,
    "createTime": "2018-03-02T08:02:24.000Z",
    "lastUpdateTime": "2018-03-02T08:02:24.000Z",
    "auth": 2,
    "uid": "bd-1679792466",
    "publishedVersion": 0,
    "forkFrom": "-",
    "isSpam": 0,
    "version": 4,
    "parentVersion": 3,
    "echartsVersion": "4.0.4",
    "versionCreateTime": "2018-03-05T01:35:09.000Z",
    "html": "",
    "externalScripts": "",
    "updaterUID": "bd-1679792466",
    "theme": "",
    "layout": "",
    "viewCount": 346,
    "userName": "沉沦在回忆中",
    "commentCount": 0,
    "starCount": 0,
    "isStared": 0,
    "thumbnailURL": "https://www.makeapie.com/ecg-storage/ec_gallery_thumbnail/xrkYGrt8uG.png?v=1520213709332",
    "isCustomThumbnail": 0,
    "builtinTags": [
        "category-work",
        "series-gauge",
        "title",
        "tooltip"
    ],
    "customTags": [],
    "updaterUserName": "沉沦在回忆中"
}