{
    "cid": "xc02yfI_Ej",
    "authorUid": "obd-oCTc_U8hPZbn_FmFJxbd5rj6Wwbow3n",
    "authorUserName": "J***x",
    "title": "玫瑰图带底色",
    "description": "",
    "latestVersion": 2,
    "alwaysLatest": 1,
    "createTime": "2020-07-31T08:17:53.000Z",
    "lastUpdateTime": "2020-07-31T08:17:53.000Z",
    "auth": 2,
    "uid": "obd-oCTc_U8hPZbn_FmFJxbd5rj6Wwbow3n",
    "publishedVersion": 0,
    "forkFrom": "-",
    "isSpam": 0,
    "version": 2,
    "parentVersion": 1,
    "echartsVersion": "4.9.0",
    "versionCreateTime": "2021-04-25T08:23:54.000Z",
    "html": "",
    "externalScripts": "",
    "updaterUID": "obd-oCTc_U8hPZbn_FmFJxbd5rj6Wwbow3n",
    "theme": "",
    "layout": "",
    "viewCount": 1186,
    "userName": "J***x",
    "commentCount": 0,
    "starCount": 19,
    "isStared": 0,
    "thumbnailURL": "https://www.makeapie.com/ecg-storage/ec_gallery_thumbnail/xc02yfI_Ej.png?v=1619339034598",
    "isCustomThumbnail": 0,
    "builtinTags": [
        "category-work",
        "legend",
        "series-pie"
    ],
    "customTags": [],
    "updaterUserName": "J***x"
}