{
    "cid": "xc_NS03HyO",
    "authorUid": "obd-o0BPMkpK65xAtNiND9uxZK_3dmTk_FX",
    "authorUserName": "断***青",
    "title": "江苏港口",
    "description": "",
    "latestVersion": 2,
    "alwaysLatest": 1,
    "createTime": "2020-07-30T08:28:13.000Z",
    "lastUpdateTime": "2020-07-30T08:28:13.000Z",
    "auth": 2,
    "uid": "obd-o0BPMkpK65xAtNiND9uxZK_3dmTk_FX",
    "publishedVersion": 0,
    "forkFrom": "-",
    "isSpam": 0,
    "version": 2,
    "parentVersion": 1,
    "echartsVersion": "4.8.0",
    "versionCreateTime": "2020-07-30T08:29:29.000Z",
    "html": "",
    "externalScripts": "",
    "updaterUID": "obd-o0BPMkpK65xAtNiND9uxZK_3dmTk_FX",
    "theme": "",
    "layout": "",
    "viewCount": 173,
    "userName": "断***青",
    "commentCount": 0,
    "starCount": 0,
    "isStared": 0,
    "thumbnailURL": "https://www.makeapie.com/ecg-storage/ec_gallery_thumbnail/xc_NS03HyO.png?v=1596097769841",
    "isCustomThumbnail": 0,
    "builtinTags": [
        "category-work",
        "grid",
        "markLine",
        "series-bar",
        "timeline",
        "title",
        "tooltip"
    ],
    "customTags": [],
    "updaterUserName": "断***青"
}