{
    "cid": "xdinyZR3Dw",
    "authorUid": "obd-otCTMZZqSJG59FAQvCWVWF0YuCyrn8o",
    "authorUserName": "小***0",
    "title": "水球图",
    "description": "",
    "latestVersion": 1,
    "alwaysLatest": 1,
    "createTime": "2020-07-30T07:32:37.000Z",
    "lastUpdateTime": "2020-07-30T07:32:37.000Z",
    "auth": 2,
    "uid": "obd-otCTMZZqSJG59FAQvCWVWF0YuCyrn8o",
    "publishedVersion": 0,
    "forkFrom": "-",
    "isSpam": 0,
    "version": 1,
    "parentVersion": -1,
    "echartsVersion": "4.8.0",
    "versionCreateTime": "2020-07-30T07:32:37.000Z",
    "html": "",
    "externalScripts": "https://echarts.baidu.com/resource/echarts-liquidfill-latest/dist/echarts-liquidfill.min.js,https://echarts.baidu.com/resource/echarts-liquidfill-latest/dist/echarts-liquidfill.min.js",
    "updaterUID": "obd-otCTMZZqSJG59FAQvCWVWF0YuCyrn8o",
    "theme": "",
    "layout": "",
    "viewCount": 95,
    "userName": "小***0",
    "commentCount": 0,
    "starCount": 1,
    "isStared": 0,
    "thumbnailURL": "https://www.makeapie.com/ecg-storage/ec_gallery_thumbnail/xdinyZR3Dw.png?v=1596094357935",
    "isCustomThumbnail": 0,
    "builtinTags": [
        "category-work",
        "series-liquidFill"
    ],
    "customTags": [],
    "updaterUserName": "小***0"
}