{
    "cid": "xEv7gy3gS3",
    "authorUid": "bd-1866429146",
    "authorUserName": "S***康",
    "title": "客户统计-转化分析",
    "description": "客户统计-转化分析",
    "latestVersion": 2,
    "alwaysLatest": 1,
    "createTime": "2020-07-31T05:23:32.000Z",
    "lastUpdateTime": "2020-07-31T05:23:32.000Z",
    "auth": 2,
    "uid": "bd-1866429146",
    "publishedVersion": 0,
    "forkFrom": "-",
    "isSpam": 0,
    "version": 2,
    "parentVersion": 1,
    "echartsVersion": "4.8.0",
    "versionCreateTime": "2020-08-04T01:32:14.000Z",
    "html": "",
    "externalScripts": "",
    "updaterUID": "bd-1866429146",
    "theme": "",
    "layout": "",
    "viewCount": 106,
    "userName": "S***康",
    "commentCount": 0,
    "starCount": 0,
    "isStared": 0,
    "thumbnailURL": "https://www.makeapie.com/ecg-storage/ec_gallery_thumbnail/xEv7gy3gS3.png?v=1596504734199",
    "isCustomThumbnail": 0,
    "builtinTags": [
        "category-work",
        "grid",
        "legend",
        "series-line",
        "tooltip"
    ],
    "customTags": [],
    "updaterUserName": "S***康"
}