{
    "cid": "xgfdpUsow_",
    "authorUid": "bd-1873793385",
    "authorUserName": "w***3",
    "title": "今日完成进度--环性进度图",
    "description": "(占所有数据的的60.00%)",
    "latestVersion": 1,
    "alwaysLatest": 1,
    "createTime": "2020-07-31T10:19:39.000Z",
    "lastUpdateTime": "2020-07-31T10:19:39.000Z",
    "auth": 2,
    "uid": "bd-1873793385",
    "publishedVersion": 0,
    "forkFrom": "-",
    "isSpam": 0,
    "version": 1,
    "parentVersion": -1,
    "echartsVersion": "4.8.0",
    "versionCreateTime": "2020-07-31T10:19:39.000Z",
    "html": "",
    "externalScripts": "https://echarts.baidu.com/resource/echarts-liquidfill-latest/dist/echarts-liquidfill.min.js",
    "updaterUID": "bd-1873793385",
    "theme": "",
    "layout": "",
    "viewCount": 289,
    "userName": "w***3",
    "commentCount": 0,
    "starCount": 1,
    "isStared": 0,
    "thumbnailURL": "https://www.makeapie.com/ecg-storage/ec_gallery_thumbnail/xgfdpUsow_.png?v=1596190779518",
    "isCustomThumbnail": 0,
    "builtinTags": [
        "category-work",
        "series-liquidFill",
        "series-pie",
        "title",
        "tooltip"
    ],
    "customTags": [],
    "updaterUserName": "w***3"
}