{
    "cid": "xIL4VaAoKJ",
    "authorUid": "bd-1801099061",
    "authorUserName": "韩***天",
    "title": "图例位置修改",
    "description": "",
    "latestVersion": 1,
    "alwaysLatest": 1,
    "createTime": "2020-07-30T10:34:20.000Z",
    "lastUpdateTime": "2020-07-30T10:34:20.000Z",
    "auth": 2,
    "uid": "bd-1801099061",
    "publishedVersion": 0,
    "forkFrom": "-",
    "isSpam": 0,
    "version": 1,
    "parentVersion": -1,
    "echartsVersion": "4.8.0",
    "versionCreateTime": "2020-07-30T10:34:20.000Z",
    "html": "",
    "externalScripts": "",
    "updaterUID": "bd-1801099061",
    "theme": "",
    "layout": "",
    "viewCount": 37,
    "userName": "韩***天",
    "commentCount": 0,
    "starCount": 0,
    "isStared": 0,
    "thumbnailURL": "https://www.makeapie.com/ecg-storage/ec_gallery_thumbnail/xIL4VaAoKJ.png?v=1596105260552",
    "isCustomThumbnail": 0,
    "builtinTags": [
        "category-work",
        "legend",
        "series-pie",
        "tooltip"
    ],
    "customTags": [],
    "updaterUserName": "韩***天"
}