{
    "cid": "xkr7PSzO28",
    "authorUid": "obd-oA71sl5w5y420IFnOKh5FHGP8lXuP76",
    "authorUserName": "S***1",
    "title": "渐变色柱状图堆叠和折线图混用",
    "description": "管网数据展示时使用的demo\n",
    "latestVersion": 6,
    "alwaysLatest": 1,
    "createTime": "2020-07-31T06:40:54.000Z",
    "lastUpdateTime": "2020-07-31T06:40:54.000Z",
    "auth": 2,
    "uid": "obd-oA71sl5w5y420IFnOKh5FHGP8lXuP76",
    "publishedVersion": 0,
    "forkFrom": "-",
    "isSpam": 0,
    "version": 6,
    "parentVersion": 5,
    "echartsVersion": "4.8.0",
    "versionCreateTime": "2020-07-31T06:46:49.000Z",
    "html": "",
    "externalScripts": "",
    "updaterUID": "obd-oA71sl5w5y420IFnOKh5FHGP8lXuP76",
    "theme": "",
    "layout": "",
    "viewCount": 103,
    "userName": "S***1",
    "commentCount": 0,
    "starCount": 1,
    "isStared": 0,
    "thumbnailURL": "https://www.makeapie.com/ecg-storage/ec_gallery_thumbnail/xkr7PSzO28.png?v=1596178009284",
    "isCustomThumbnail": 0,
    "builtinTags": [
        "category-work",
        "grid",
        "legend",
        "series-bar",
        "series-line",
        "toolbox",
        "tooltip"
    ],
    "customTags": [],
    "updaterUserName": "S***1"
}