{
    "cid": "xlWWm5cuvW",
    "authorUid": "bd-1866429146",
    "authorUserName": "S***康",
    "title": "客户统计-客户走势",
    "description": "客户统计-客户走势",
    "latestVersion": 3,
    "alwaysLatest": 1,
    "createTime": "2020-07-31T05:10:29.000Z",
    "lastUpdateTime": "2020-07-31T05:10:29.000Z",
    "auth": 2,
    "uid": "bd-1866429146",
    "publishedVersion": 0,
    "forkFrom": "-",
    "isSpam": 0,
    "version": 3,
    "parentVersion": 2,
    "echartsVersion": "4.8.0",
    "versionCreateTime": "2020-07-31T05:17:14.000Z",
    "html": "",
    "externalScripts": "",
    "updaterUID": "bd-1866429146",
    "theme": "",
    "layout": "",
    "viewCount": 71,
    "userName": "S***康",
    "commentCount": 0,
    "starCount": 0,
    "isStared": 0,
    "thumbnailURL": "https://www.makeapie.com/ecg-storage/ec_gallery_thumbnail/xlWWm5cuvW.png?v=1596172634173",
    "isCustomThumbnail": 0,
    "builtinTags": [
        "category-work",
        "grid",
        "legend",
        "series-line",
        "tooltip"
    ],
    "customTags": [],
    "updaterUserName": "S***康"
}