{
    "cid": "xrr1v9JBNq",
    "authorUid": "bd-104777865",
    "authorUserName": "远***空",
    "title": "嵌套 对比图",
    "description": "多列数据嵌套对比",
    "latestVersion": 1,
    "alwaysLatest": 1,
    "createTime": "2020-07-31T09:04:42.000Z",
    "lastUpdateTime": "2020-07-31T09:04:42.000Z",
    "auth": 2,
    "uid": "bd-104777865",
    "publishedVersion": 0,
    "forkFrom": "-",
    "isSpam": 0,
    "version": 1,
    "parentVersion": -1,
    "echartsVersion": "4.8.0",
    "versionCreateTime": "2020-07-31T09:04:42.000Z",
    "html": "",
    "externalScripts": "",
    "updaterUID": "bd-104777865",
    "theme": "",
    "layout": "",
    "viewCount": 121,
    "userName": "远***空",
    "commentCount": 0,
    "starCount": 0,
    "isStared": 0,
    "thumbnailURL": "https://www.makeapie.com/ecg-storage/ec_gallery_thumbnail/xrr1v9JBNq.png?v=1596186282830",
    "isCustomThumbnail": 0,
    "builtinTags": [
        "category-work",
        "grid",
        "legend",
        "series-bar",
        "title",
        "toolbox",
        "tooltip"
    ],
    "customTags": [],
    "updaterUserName": "远***空"
}