{
    "cid": "xygz-sjYiZ",
    "authorUid": "obd-otxkel8eKQAQ4XeCgmorRkfq2S8Lg8J",
    "authorUserName": "136*****728",
    "title": "年级月考统计",
    "description": "",
    "latestVersion": 2,
    "alwaysLatest": 1,
    "createTime": "2020-07-30T14:35:34.000Z",
    "lastUpdateTime": "2020-07-30T14:35:34.000Z",
    "auth": 1,
    "uid": "obd-otxkel8eKQAQ4XeCgmorRkfq2S8Lg8J",
    "publishedVersion": 0,
    "forkFrom": "-",
    "isSpam": 0,
    "version": 2,
    "parentVersion": 1,
    "echartsVersion": "4.8.0",
    "versionCreateTime": "2020-07-30T14:47:50.000Z",
    "html": "",
    "externalScripts": "",
    "updaterUID": "obd-otxkel8eKQAQ4XeCgmorRkfq2S8Lg8J",
    "theme": "default",
    "layout": "",
    "viewCount": 473,
    "userName": "136*****728",
    "commentCount": 0,
    "starCount": 4,
    "isStared": 0,
    "thumbnailURL": "https://www.makeapie.com/ecg-storage/ec_gallery_thumbnail/xygz-sjYiZ.png?v=1596119734731",
    "isCustomThumbnail": 1,
    "builtinTags": [
        "category-work",
        "grid",
        "legend",
        "series-line",
        "series-pie",
        "series-scatter",
        "timeline",
        "title",
        "tooltip"
    ],
    "customTags": [],
    "updaterUserName": "136*****728"
}