{
    "cid": "xZ4_jkZFN1",
    "authorUid": "bd-1801099061",
    "authorUserName": "韩***天",
    "title": "只展示xy轴线",
    "description": "只展示轴线",
    "latestVersion": 1,
    "alwaysLatest": 1,
    "createTime": "2020-07-30T09:39:51.000Z",
    "lastUpdateTime": "2020-07-30T09:39:51.000Z",
    "auth": 2,
    "uid": "bd-1801099061",
    "publishedVersion": 0,
    "forkFrom": "-",
    "isSpam": 0,
    "version": 1,
    "parentVersion": -1,
    "echartsVersion": "4.8.0",
    "versionCreateTime": "2020-07-30T09:39:51.000Z",
    "html": "",
    "externalScripts": "",
    "updaterUID": "bd-1801099061",
    "theme": "",
    "layout": "",
    "viewCount": 18,
    "userName": "韩***天",
    "commentCount": 0,
    "starCount": 0,
    "isStared": 0,
    "thumbnailURL": "https://www.makeapie.com/ecg-storage/ec_gallery_thumbnail/xZ4_jkZFN1.png?v=1596101991168",
    "isCustomThumbnail": 0,
    "builtinTags": [
        "category-work",
        "grid",
        "series-line",
        "tooltip"
    ],
    "customTags": [],
    "updaterUserName": "韩***天"
}