{
    "cid": "xZ7jcTEEQn",
    "authorUid": "bd-1899772313",
    "authorUserName": "温***1",
    "title": "地图",
    "description": "",
    "latestVersion": 1,
    "alwaysLatest": 1,
    "createTime": "2020-07-31T08:23:19.000Z",
    "lastUpdateTime": "2020-07-31T08:23:19.000Z",
    "auth": 2,
    "uid": "bd-1899772313",
    "publishedVersion": 0,
    "forkFrom": "-",
    "isSpam": 0,
    "version": 1,
    "parentVersion": -1,
    "echartsVersion": "4.8.0",
    "versionCreateTime": "2020-07-31T08:23:20.000Z",
    "html": "",
    "externalScripts": "",
    "updaterUID": "bd-1899772313",
    "theme": "",
    "layout": "",
    "viewCount": 354,
    "userName": "温***1",
    "commentCount": 0,
    "starCount": 1,
    "isStared": 0,
    "thumbnailURL": "https://www.makeapie.com/ecg-storage/ec_gallery_thumbnail/xZ7jcTEEQn.png?v=1596183800419",
    "isCustomThumbnail": 0,
    "builtinTags": [
        "category-work",
        "geo",
        "series-effectScatter",
        "series-lines",
        "title",
        "tooltip"
    ],
    "customTags": [],
    "updaterUserName": "温***1"
}