{
    "cid": "x260DQqh6Y",
    "authorUid": "obd-o25yP2Jbl2lQxsfovrkwqyTIWZXeJB1",
    "authorUserName": "阿***圆",
    "title": "折线图1",
    "description": "",
    "latestVersion": 1,
    "alwaysLatest": 0,
    "createTime": "2021-06-18T03:39:42.000Z",
    "lastUpdateTime": "2021-06-18T03:39:42.000Z",
    "auth": 1,
    "uid": "obd-o25yP2Jbl2lQxsfovrkwqyTIWZXeJB1",
    "publishedVersion": 0,
    "forkFrom": "-",
    "isSpam": 0,
    "version": 1,
    "parentVersion": -1,
    "echartsVersion": "5.1.2",
    "versionCreateTime": "2021-06-18T03:39:42.000Z",
    "html": "",
    "externalScripts": "",
    "updaterUID": "obd-o25yP2Jbl2lQxsfovrkwqyTIWZXeJB1",
    "theme": "",
    "layout": "",
    "viewCount": 0,
    "userName": "阿***圆",
    "commentCount": 0,
    "starCount": 5,
    "isStared": 0,
    "thumbnailURL": "https://www.makeapie.com/ecg-storage/ec_gallery_thumbnail/x260DQqh6Y.png?v=1623987582506",
    "isCustomThumbnail": 0,
    "builtinTags": [
        "category-work",
        "grid",
        "series-line",
        "title"
    ],
    "customTags": [],
    "updaterUserName": "阿***圆"
}