{
    "cid": "x_1XspwI8T",
    "authorUid": "obd-ojfTPSPb434TsfQ0AGHZba1mHkd_WD2",
    "authorUserName": "风***记",
    "title": "外边框",
    "description": "报警占比",
    "latestVersion": 1,
    "alwaysLatest": 0,
    "createTime": "2021-06-17T14:51:17.000Z",
    "lastUpdateTime": "2021-06-17T14:51:17.000Z",
    "auth": 2,
    "uid": "obd-ojfTPSPb434TsfQ0AGHZba1mHkd_WD2",
    "publishedVersion": 0,
    "forkFrom": "-",
    "isSpam": 0,
    "version": 1,
    "parentVersion": -1,
    "echartsVersion": "5.1.2",
    "versionCreateTime": "2021-06-17T14:51:17.000Z",
    "html": "",
    "externalScripts": "",
    "updaterUID": "obd-ojfTPSPb434TsfQ0AGHZba1mHkd_WD2",
    "theme": "",
    "layout": "",
    "viewCount": 0,
    "userName": "风***记",
    "commentCount": 0,
    "starCount": 3,
    "isStared": 0,
    "thumbnailURL": "https://www.makeapie.com/ecg-storage/ec_gallery_thumbnail/x_1XspwI8T.png?v=1623941478315",
    "isCustomThumbnail": 0,
    "builtinTags": [
        "category-work",
        "legend",
        "series-pie",
        "title"
    ],
    "customTags": [],
    "updaterUserName": "风***记"
}