{
    "cid": "xcSCJeVsDG",
    "authorUid": "obd-oCTtK1F18rvwWmU200HhH1I1fcxy639",
    "authorUserName": "H***呵",
    "title": "饼图比例",
    "description": "饼图比例",
    "latestVersion": 1,
    "alwaysLatest": 0,
    "createTime": "2021-06-18T07:55:50.000Z",
    "lastUpdateTime": "2021-06-18T07:55:50.000Z",
    "auth": 1,
    "uid": "obd-oCTtK1F18rvwWmU200HhH1I1fcxy639",
    "publishedVersion": 0,
    "forkFrom": "-",
    "isSpam": 0,
    "version": 1,
    "parentVersion": -1,
    "echartsVersion": "5.1.2",
    "versionCreateTime": "2021-06-18T07:55:50.000Z",
    "html": "",
    "externalScripts": "",
    "updaterUID": "obd-oCTtK1F18rvwWmU200HhH1I1fcxy639",
    "theme": "",
    "layout": "",
    "viewCount": 0,
    "userName": "H***呵",
    "commentCount": 0,
    "starCount": 0,
    "isStared": 0,
    "thumbnailURL": "https://www.makeapie.com/ecg-storage/ec_gallery_thumbnail/xcSCJeVsDG.png?v=1624002950685",
    "isCustomThumbnail": 0,
    "builtinTags": [
        "category-work",
        "series-pie",
        "title"
    ],
    "customTags": [
        "pie"
    ],
    "updaterUserName": "H***呵"
}