{
    "cid": "xe3CeMOyjT",
    "authorUid": "obd-oA0FLjFpzSNQia8AxuYYDSWpoDnYG7I",
    "authorUserName": "长***依",
    "title": "组合tooltip",
    "description": "系列值、参考线tooltip并存",
    "latestVersion": 6,
    "alwaysLatest": 0,
    "createTime": "2021-06-17T06:33:36.000Z",
    "lastUpdateTime": "2021-07-03T04:02:56.000Z",
    "auth": 2,
    "uid": "obd-oA0FLjFpzSNQia8AxuYYDSWpoDnYG7I",
    "publishedVersion": 0,
    "forkFrom": "-",
    "isSpam": 0,
    "version": 6,
    "parentVersion": 5,
    "echartsVersion": "4.9.0",
    "versionCreateTime": "2021-07-03T04:02:56.000Z",
    "html": "",
    "externalScripts": "",
    "updaterUID": "obd-oA0FLjFpzSNQia8AxuYYDSWpoDnYG7I",
    "theme": "",
    "layout": "",
    "viewCount": 0,
    "userName": "长***依",
    "commentCount": 0,
    "starCount": 4,
    "isStared": 0,
    "thumbnailURL": "https://www.makeapie.com/ecg-storage/ec_gallery_thumbnail/xe3CeMOyjT.png?v=1625284977012",
    "isCustomThumbnail": 0,
    "builtinTags": [
        "category-work",
        "dataZoom",
        "grid",
        "legend",
        "markLine",
        "markPoint",
        "series-line",
        "title",
        "toolbox",
        "tooltip"
    ],
    "customTags": [],
    "updaterUserName": "长***依"
}