{
    "cid": "xEE8aSONpG",
    "authorUid": "obd-oCOn_0cg9EoJvLSodOb1bst5tHDUG3y",
    "authorUserName": "阿***啊",
    "title": "app bar",
    "description": "",
    "latestVersion": 3,
    "alwaysLatest": 0,
    "createTime": "2021-06-17T06:35:46.000Z",
    "lastUpdateTime": "2021-06-17T06:35:46.000Z",
    "auth": 1,
    "uid": "obd-oCOn_0cg9EoJvLSodOb1bst5tHDUG3y",
    "publishedVersion": 0,
    "forkFrom": "-",
    "isSpam": 0,
    "version": 3,
    "parentVersion": 2,
    "echartsVersion": "5.1.2",
    "versionCreateTime": "2021-06-17T09:02:01.000Z",
    "html": "",
    "externalScripts": "",
    "updaterUID": "obd-oCOn_0cg9EoJvLSodOb1bst5tHDUG3y",
    "theme": "",
    "layout": "",
    "viewCount": 0,
    "userName": "阿***啊",
    "commentCount": 0,
    "starCount": 0,
    "isStared": 0,
    "thumbnailURL": "https://www.makeapie.com/ecg-storage/ec_gallery_thumbnail/xEE8aSONpG.png?v=1623920521154",
    "isCustomThumbnail": 0,
    "builtinTags": [
        "category-work",
        "dataZoom",
        "grid",
        "series-bar",
        "tooltip"
    ],
    "customTags": [],
    "updaterUserName": "阿***啊"
}