{
    "cid": "xETEUuyCGR",
    "authorUid": "bd-899322333",
    "authorUserName": "139*****254",
    "title": "折线图1",
    "description": "",
    "latestVersion": 5,
    "alwaysLatest": 0,
    "createTime": "2021-06-18T01:42:00.000Z",
    "lastUpdateTime": "2021-06-18T01:42:00.000Z",
    "auth": 2,
    "uid": "bd-899322333",
    "publishedVersion": 0,
    "forkFrom": "-",
    "isSpam": 0,
    "version": 5,
    "parentVersion": 4,
    "echartsVersion": "5.1.2",
    "versionCreateTime": "2021-06-22T02:23:06.000Z",
    "html": "",
    "externalScripts": "",
    "updaterUID": "bd-899322333",
    "theme": "",
    "layout": "",
    "viewCount": 0,
    "userName": "139*****254",
    "commentCount": 0,
    "starCount": 0,
    "isStared": 0,
    "thumbnailURL": "https://www.makeapie.com/ecg-storage/ec_gallery_thumbnail/xETEUuyCGR.png?v=1624328586781",
    "isCustomThumbnail": 0,
    "builtinTags": [
        "category-work",
        "grid",
        "legend",
        "series-line",
        "tooltip"
    ],
    "customTags": [],
    "updaterUserName": "139*****254"
}