{
    "cid": "xFnXM05rg5",
    "authorUid": "obd-ojfTPSPb434TsfQ0AGHZba1mHkd_WD2",
    "authorUserName": "风***记",
    "title": "训练总量",
    "description": "",
    "latestVersion": 1,
    "alwaysLatest": 0,
    "createTime": "2021-06-17T14:50:05.000Z",
    "lastUpdateTime": "2021-06-17T14:50:05.000Z",
    "auth": 2,
    "uid": "obd-ojfTPSPb434TsfQ0AGHZba1mHkd_WD2",
    "publishedVersion": 0,
    "forkFrom": "-",
    "isSpam": 0,
    "version": 1,
    "parentVersion": -1,
    "echartsVersion": "5.1.2",
    "versionCreateTime": "2021-06-17T14:50:05.000Z",
    "html": "",
    "externalScripts": "",
    "updaterUID": "obd-ojfTPSPb434TsfQ0AGHZba1mHkd_WD2",
    "theme": "",
    "layout": "",
    "viewCount": 0,
    "userName": "风***记",
    "commentCount": 0,
    "starCount": 2,
    "isStared": 0,
    "thumbnailURL": "https://www.makeapie.com/ecg-storage/ec_gallery_thumbnail/xFnXM05rg5.png?v=1623941405300",
    "isCustomThumbnail": 0,
    "builtinTags": [
        "category-work",
        "legend",
        "series-pie",
        "title",
        "tooltip"
    ],
    "customTags": [],
    "updaterUserName": "风***记"
}