{
    "cid": "xKyOPpoYz1",
    "authorUid": "obd-o25yP2Jbl2lQxsfovrkwqyTIWZXeJB1",
    "authorUserName": "阿***圆",
    "title": "83.43%",
    "description": "",
    "latestVersion": 6,
    "alwaysLatest": 0,
    "createTime": "2021-06-17T10:47:18.000Z",
    "lastUpdateTime": "2021-10-20T01:25:43.000Z",
    "auth": 1,
    "uid": "obd-o25yP2Jbl2lQxsfovrkwqyTIWZXeJB1",
    "publishedVersion": 0,
    "forkFrom": "-",
    "isSpam": 0,
    "version": 6,
    "parentVersion": 5,
    "echartsVersion": "5.1.2",
    "versionCreateTime": "2021-10-20T01:25:43.000Z",
    "html": "",
    "externalScripts": "",
    "updaterUID": "obd-o25yP2Jbl2lQxsfovrkwqyTIWZXeJB1",
    "theme": "",
    "layout": "",
    "viewCount": 0,
    "userName": "阿***圆",
    "commentCount": 0,
    "starCount": 1,
    "isStared": 0,
    "thumbnailURL": "https://www.makeapie.com/ecg-storage/ec_gallery_thumbnail/xKyOPpoYz1.png?v=1634693143321",
    "isCustomThumbnail": 0,
    "builtinTags": [
        "category-work",
        "series-pie",
        "title"
    ],
    "customTags": [],
    "updaterUserName": "阿***圆"
}