{
    "cid": "xmGbtdwQtG",
    "authorUid": "bd-1230793542",
    "authorUserName": "菜***y",
    "title": "圆环图带标点（标图片）",
    "description": "用图片替换饼图的引导线区域",
    "latestVersion": 1,
    "alwaysLatest": 0,
    "createTime": "2021-06-18T02:38:05.000Z",
    "lastUpdateTime": "2021-06-18T02:38:05.000Z",
    "auth": 2,
    "uid": "bd-1230793542",
    "publishedVersion": 0,
    "forkFrom": "-",
    "isSpam": 0,
    "version": 1,
    "parentVersion": -1,
    "echartsVersion": "5.1.2",
    "versionCreateTime": "2021-06-18T02:38:05.000Z",
    "html": "",
    "externalScripts": "",
    "updaterUID": "bd-1230793542",
    "theme": "",
    "layout": "",
    "viewCount": 0,
    "userName": "菜***y",
    "commentCount": 0,
    "starCount": 1,
    "isStared": 0,
    "thumbnailURL": "https://www.makeapie.com/ecg-storage/ec_gallery_thumbnail/xmGbtdwQtG.png?v=1623983886177",
    "isCustomThumbnail": 0,
    "builtinTags": [
        "category-work",
        "series-pie",
        "title"
    ],
    "customTags": [
        "pie"
    ],
    "updaterUserName": "菜***y"
}