{
    "cid": "xB1Z4FIG-G",
    "authorUid": "bd-3490003427",
    "authorUserName": "j***g",
    "title": "资源树拓扑",
    "description": "",
    "latestVersion": 2,
    "alwaysLatest": 1,
    "createTime": "2017-12-04T05:12:09.000Z",
    "lastUpdateTime": "2017-12-04T05:12:09.000Z",
    "auth": 2,
    "uid": "bd-3490003427",
    "publishedVersion": 0,
    "forkFrom": "-",
    "isSpam": 0,
    "version": 2,
    "parentVersion": 1,
    "echartsVersion": "3.8.0",
    "versionCreateTime": "2017-12-04T05:46:25.000Z",
    "html": "",
    "externalScripts": "",
    "updaterUID": "bd-3490003427",
    "theme": "",
    "layout": "",
    "viewCount": 4832,
    "userName": "j***g",
    "commentCount": 0,
    "starCount": 11,
    "isStared": 0,
    "thumbnailURL": "https://www.makeapie.com/ecg-storage/ec_gallery_thumbnail/xB1Z4FIG-G.png?v=1512366385449",
    "isCustomThumbnail": 0,
    "builtinTags": [
        "category-work",
        "legend",
        "series-tree",
        "tooltip"
    ],
    "customTags": [],
    "updaterUserName": "j***g"
}