{
    "cid": "xBJUF6_m-z",
    "authorUid": "bd-539743881",
    "authorUserName": "午叶新空",
    "title": "应急物资统计",
    "description": "",
    "latestVersion": 1,
    "alwaysLatest": 1,
    "createTime": "2017-12-05T01:59:25.000Z",
    "lastUpdateTime": "2017-12-05T01:59:25.000Z",
    "auth": 2,
    "uid": "bd-539743881",
    "publishedVersion": 0,
    "forkFrom": "-",
    "isSpam": 0,
    "version": 1,
    "parentVersion": -1,
    "echartsVersion": "3.8.0",
    "versionCreateTime": "2017-12-05T01:59:25.000Z",
    "html": "",
    "externalScripts": "",
    "updaterUID": "bd-539743881",
    "theme": "",
    "layout": "",
    "viewCount": 162,
    "userName": "午叶新空",
    "commentCount": 0,
    "starCount": 5,
    "isStared": 0,
    "thumbnailURL": "https://www.makeapie.com/ecg-storage/ec_gallery_thumbnail/xBJUF6_m-z.png?v=1512439165822",
    "isCustomThumbnail": 0,
    "builtinTags": [
        "category-work",
        "grid",
        "series-bar",
        "title",
        "tooltip"
    ],
    "customTags": [],
    "updaterUserName": "午叶新空"
}