{
    "cid": "xBy9HPTzWG",
    "authorUid": "bd-897376931",
    "authorUserName": "183******66",
    "title": "词频分析2",
    "description": "",
    "latestVersion": 1,
    "alwaysLatest": 1,
    "createTime": "2017-12-04T13:01:54.000Z",
    "lastUpdateTime": "2017-12-04T13:01:54.000Z",
    "auth": 2,
    "uid": "bd-897376931",
    "publishedVersion": 0,
    "forkFrom": "-",
    "isSpam": 0,
    "version": 1,
    "parentVersion": -1,
    "echartsVersion": "3.8.0",
    "versionCreateTime": "2017-12-04T13:01:54.000Z",
    "html": "",
    "externalScripts": "",
    "updaterUID": "bd-897376931",
    "theme": "dark",
    "layout": "",
    "viewCount": 282,
    "userName": "183******66",
    "commentCount": 0,
    "starCount": 0,
    "isStared": 0,
    "thumbnailURL": "https://www.makeapie.com/ecg-storage/ec_gallery_thumbnail/xBy9HPTzWG.png?v=1512392514616",
    "isCustomThumbnail": 0,
    "builtinTags": [
        "category-work",
        "grid",
        "legend",
        "series-bar",
        "tooltip"
    ],
    "customTags": [],
    "updaterUserName": "183******66"
}