{
    "cid": "xByM86pMbf",
    "authorUid": "bd-897376931",
    "authorUserName": "183******66",
    "title": "总体词频分析",
    "description": "",
    "latestVersion": 1,
    "alwaysLatest": 1,
    "createTime": "2017-12-04T13:27:38.000Z",
    "lastUpdateTime": "2017-12-04T13:27:38.000Z",
    "auth": 2,
    "uid": "bd-897376931",
    "publishedVersion": 0,
    "forkFrom": "-",
    "isSpam": 0,
    "version": 1,
    "parentVersion": -1,
    "echartsVersion": "3.8.0",
    "versionCreateTime": "2017-12-04T13:27:38.000Z",
    "html": "",
    "externalScripts": "",
    "updaterUID": "bd-897376931",
    "theme": "",
    "layout": "",
    "viewCount": 187,
    "userName": "183******66",
    "commentCount": 0,
    "starCount": 1,
    "isStared": 0,
    "thumbnailURL": "https://www.makeapie.com/ecg-storage/ec_gallery_thumbnail/xByM86pMbf.png?v=1512394058533",
    "isCustomThumbnail": 0,
    "builtinTags": [
        "category-work",
        "series-pie",
        "title",
        "tooltip"
    ],
    "customTags": [],
    "updaterUserName": "183******66"
}