{
    "cid": "xr1HzLAG-f",
    "authorUid": "bd-3039368995",
    "authorUserName": "Tt是SJ团饭",
    "title": "微博情感倾向对比",
    "description": "",
    "latestVersion": 1,
    "alwaysLatest": 1,
    "createTime": "2017-12-04T14:05:00.000Z",
    "lastUpdateTime": "2017-12-04T14:05:00.000Z",
    "auth": 2,
    "uid": "bd-3039368995",
    "publishedVersion": 0,
    "forkFrom": "-",
    "isSpam": 0,
    "version": 1,
    "parentVersion": -1,
    "echartsVersion": "3.8.0",
    "versionCreateTime": "2017-12-04T14:05:00.000Z",
    "html": "",
    "externalScripts": "",
    "updaterUID": "bd-3039368995",
    "theme": "",
    "layout": "",
    "viewCount": 20,
    "userName": "Tt是SJ团饭",
    "commentCount": 0,
    "starCount": 0,
    "isStared": 0,
    "thumbnailURL": "https://www.makeapie.com/ecg-storage/ec_gallery_thumbnail/xr1HzLAG-f.png?v=1512396300854",
    "isCustomThumbnail": 0,
    "builtinTags": [
        "category-work",
        "grid",
        "series-bar",
        "tooltip"
    ],
    "customTags": [],
    "updaterUserName": "Tt是SJ团饭"
}