{
    "cid": "xrki7okXZz",
    "authorUid": "bd-1112027397",
    "authorUserName": "coco2kk",
    "title": "不同平台情感倾向",
    "description": "",
    "latestVersion": 3,
    "alwaysLatest": 1,
    "createTime": "2017-12-04T15:34:59.000Z",
    "lastUpdateTime": "2017-12-04T15:34:59.000Z",
    "auth": 2,
    "uid": "bd-1112027397",
    "publishedVersion": 0,
    "forkFrom": "-",
    "isSpam": 0,
    "version": 3,
    "parentVersion": 2,
    "echartsVersion": "3.8.0",
    "versionCreateTime": "2017-12-17T12:34:36.000Z",
    "html": "",
    "externalScripts": "",
    "updaterUID": "bd-1112027397",
    "theme": "",
    "layout": "",
    "viewCount": 50,
    "userName": "coco2kk",
    "commentCount": 0,
    "starCount": 1,
    "isStared": 0,
    "thumbnailURL": "https://www.makeapie.com/ecg-storage/ec_gallery_thumbnail/xrki7okXZz.png?v=1513514077050",
    "isCustomThumbnail": 0,
    "builtinTags": [
        "category-work",
        "grid",
        "legend",
        "series-bar",
        "tooltip"
    ],
    "customTags": [],
    "updaterUserName": "coco2kk"
}