{
    "cid": "xryXn9OCef",
    "authorUid": "bd-2852304203",
    "authorUserName": "yqfly2008",
    "title": "自己搞",
    "description": "",
    "latestVersion": 14,
    "alwaysLatest": 1,
    "createTime": "2017-12-01T06:46:02.000Z",
    "lastUpdateTime": "2017-12-01T06:46:02.000Z",
    "auth": 2,
    "uid": "bd-2852304203",
    "publishedVersion": 0,
    "forkFrom": "-",
    "isSpam": 0,
    "version": 14,
    "parentVersion": 13,
    "echartsVersion": "3.8.0",
    "versionCreateTime": "2017-12-05T09:42:50.000Z",
    "html": "",
    "externalScripts": "http://echarts.baidu.com/resource/echarts-gl-latest/dist/echarts-gl.min.js",
    "updaterUID": "bd-2852304203",
    "theme": "",
    "layout": "",
    "viewCount": 79,
    "userName": "yqfly2008",
    "commentCount": 0,
    "starCount": 0,
    "isStared": 0,
    "thumbnailURL": "https://www.makeapie.com/ecg-storage/ec_gallery_thumbnail/xryXn9OCef.png?v=1512466970478",
    "isCustomThumbnail": 0,
    "builtinTags": [
        "category-work",
        "series-map3D",
        "title"
    ],
    "customTags": [],
    "updaterUserName": "yqfly2008"
}