{
    "cid": "xS1qm890eG",
    "authorUid": "bd-805518474",
    "authorUserName": "8***5",
    "title": "重庆公交查询展示",
    "description": "基于百度地图的重庆公交数据查询展示",
    "latestVersion": 11,
    "alwaysLatest": 1,
    "createTime": "2017-12-01T08:43:13.000Z",
    "lastUpdateTime": "2017-12-01T08:43:13.000Z",
    "auth": 2,
    "uid": "bd-805518474",
    "publishedVersion": 0,
    "forkFrom": "-",
    "isSpam": 0,
    "version": 11,
    "parentVersion": 10,
    "echartsVersion": "3.8.0",
    "versionCreateTime": "2017-12-01T09:02:24.000Z",
    "html": "",
    "externalScripts": "/dep/echarts/latest/extension/bmap.min.js,http://api.map.baidu.com/api?v=2.0&ak=toAFwIKnTOGUAhwCErLtHCh1kDBFIGMQ",
    "updaterUID": "bd-805518474",
    "theme": "",
    "layout": "",
    "viewCount": 309,
    "userName": "8***5",
    "commentCount": 0,
    "starCount": 5,
    "isStared": 0,
    "thumbnailURL": "https://www.makeapie.com/ecg-storage/ec_gallery_thumbnail/xS1qm890eG.png?v=1512117797497",
    "isCustomThumbnail": 1,
    "builtinTags": [
        "category-work"
    ],
    "customTags": [],
    "updaterUserName": "8***5"
}