{
    "cid": "xSkBE3AMZG",
    "authorUid": "bd-2578839760",
    "authorUserName": "188******47",
    "title": "舆情分析课",
    "description": "网友的态度",
    "latestVersion": 1,
    "alwaysLatest": 1,
    "createTime": "2017-12-04T14:31:08.000Z",
    "lastUpdateTime": "2017-12-04T14:31:08.000Z",
    "auth": 2,
    "uid": "bd-2578839760",
    "publishedVersion": 0,
    "forkFrom": "-",
    "isSpam": 0,
    "version": 1,
    "parentVersion": -1,
    "echartsVersion": "3.8.0",
    "versionCreateTime": "2017-12-04T14:31:08.000Z",
    "html": "",
    "externalScripts": "",
    "updaterUID": "bd-2578839760",
    "theme": "",
    "layout": "",
    "viewCount": 19,
    "userName": "188******47",
    "commentCount": 0,
    "starCount": 0,
    "isStared": 0,
    "thumbnailURL": "https://www.makeapie.com/ecg-storage/ec_gallery_thumbnail/xSkBE3AMZG.png?v=1512397869023",
    "isCustomThumbnail": 0,
    "builtinTags": [
        "category-work",
        "grid",
        "series-bar",
        "tooltip"
    ],
    "customTags": [],
    "updaterUserName": "188******47"
}