{
    "cid": "xSkeVSzWZf",
    "authorUid": "bd-1803895219",
    "authorUserName": "扛扛kk",
    "title": "对所评论主题的态度",
    "description": "",
    "latestVersion": 4,
    "alwaysLatest": 1,
    "createTime": "2017-12-03T06:09:44.000Z",
    "lastUpdateTime": "2017-12-03T06:09:44.000Z",
    "auth": 2,
    "uid": "bd-1803895219",
    "publishedVersion": 0,
    "forkFrom": "-",
    "isSpam": 0,
    "version": 4,
    "parentVersion": 3,
    "echartsVersion": "3.8.0",
    "versionCreateTime": "2017-12-03T06:37:34.000Z",
    "html": "",
    "externalScripts": "",
    "updaterUID": "bd-1803895219",
    "theme": "",
    "layout": "",
    "viewCount": 44,
    "userName": "扛扛kk",
    "commentCount": 0,
    "starCount": 0,
    "isStared": 0,
    "thumbnailURL": "https://www.makeapie.com/ecg-storage/ec_gallery_thumbnail/xSkeVSzWZf.png?v=1512283054434",
    "isCustomThumbnail": 0,
    "builtinTags": [
        "category-work",
        "grid",
        "legend",
        "series-bar",
        "title",
        "tooltip"
    ],
    "customTags": [],
    "updaterUserName": "扛扛kk"
}