{
    "cid": "xSkKFO5fWz",
    "authorUid": "bd-4147301189",
    "authorUserName": "一朵花336",
    "title": "Awesome Chart",
    "description": "",
    "latestVersion": 1,
    "alwaysLatest": 1,
    "createTime": "2017-12-04T09:42:25.000Z",
    "lastUpdateTime": "2017-12-04T09:42:25.000Z",
    "auth": 2,
    "uid": "bd-4147301189",
    "publishedVersion": 0,
    "forkFrom": "-",
    "isSpam": 0,
    "version": 1,
    "parentVersion": -1,
    "echartsVersion": "3.8.0",
    "versionCreateTime": "2017-12-04T09:42:25.000Z",
    "html": "",
    "externalScripts": "",
    "updaterUID": "bd-4147301189",
    "theme": "",
    "layout": "",
    "viewCount": 3,
    "userName": "一朵花336",
    "commentCount": 0,
    "starCount": 0,
    "isStared": 0,
    "thumbnailURL": "https://www.makeapie.com/ecg-storage/ec_gallery_thumbnail/xSkKFO5fWz.png?v=1512380545437",
    "isCustomThumbnail": 0,
    "builtinTags": [
        "category-work",
        "grid",
        "series-line",
        "title"
    ],
    "customTags": [],
    "updaterUserName": "一朵花336"
}