{
    "cid": "xSkMa-fWWG",
    "authorUid": "bd-3724910628",
    "authorUserName": "mudoo",
    "title": "多环饼图",
    "description": "",
    "latestVersion": 1,
    "alwaysLatest": 1,
    "createTime": "2017-12-03T05:55:06.000Z",
    "lastUpdateTime": "2017-12-03T05:55:06.000Z",
    "auth": 2,
    "uid": "bd-3724910628",
    "publishedVersion": 0,
    "forkFrom": "-",
    "isSpam": 0,
    "version": 1,
    "parentVersion": -1,
    "echartsVersion": "3.8.0",
    "versionCreateTime": "2017-12-03T05:55:06.000Z",
    "html": "",
    "externalScripts": "",
    "updaterUID": "bd-3724910628",
    "theme": "",
    "layout": "",
    "viewCount": 512,
    "userName": "mudoo",
    "commentCount": 0,
    "starCount": 3,
    "isStared": 0,
    "thumbnailURL": "https://www.makeapie.com/ecg-storage/ec_gallery_thumbnail/xSkMa-fWWG.png?v=1512280506284",
    "isCustomThumbnail": 0,
    "builtinTags": [
        "category-work",
        "legend",
        "series-pie"
    ],
    "customTags": [],
    "updaterUserName": "mudoo"
}