{
    "cid": "xSkOKwGW-M",
    "authorUid": "bd-1403751951",
    "authorUserName": "北京华联高超",
    "title": "新疆设备部署图",
    "description": "散点圆的大小随设备数量改变而改变",
    "latestVersion": 1,
    "alwaysLatest": 1,
    "createTime": "2017-12-03T06:19:44.000Z",
    "lastUpdateTime": "2017-12-03T10:25:02.000Z",
    "auth": 2,
    "uid": "bd-1403751951",
    "publishedVersion": 0,
    "forkFrom": "-",
    "isSpam": 0,
    "version": 1,
    "parentVersion": -1,
    "echartsVersion": "3.8.0",
    "versionCreateTime": "2017-12-03T06:19:44.000Z",
    "html": "",
    "externalScripts": "",
    "updaterUID": "bd-1403751951",
    "theme": "macarons",
    "layout": "",
    "viewCount": 2878,
    "userName": "北京华联高超",
    "commentCount": 0,
    "starCount": 12,
    "isStared": 0,
    "thumbnailURL": "https://www.makeapie.com/ecg-storage/ec_gallery_thumbnail/xSkOKwGW-M.png?v=1512281984177",
    "isCustomThumbnail": 0,
    "builtinTags": [],
    "customTags": [],
    "updaterUserName": "北京华联高超"
}