{
    "cid": "xB1E6wi3fQ",
    "authorUid": "bd-2148370509",
    "authorUserName": "雪云狼",
    "title": "测试 Awesome Chart",
    "description": "",
    "latestVersion": 1,
    "alwaysLatest": 1,
    "createTime": "2018-07-06T08:26:35.000Z",
    "lastUpdateTime": "2018-07-06T08:26:35.000Z",
    "auth": 2,
    "uid": "bd-2148370509",
    "publishedVersion": 0,
    "forkFrom": "-",
    "isSpam": 0,
    "version": 1,
    "parentVersion": -1,
    "echartsVersion": "4.1.0",
    "versionCreateTime": "2018-07-06T08:26:35.000Z",
    "html": "",
    "externalScripts": "",
    "updaterUID": "bd-2148370509",
    "theme": "",
    "layout": "",
    "viewCount": 97,
    "userName": "雪云狼",
    "commentCount": 0,
    "starCount": 0,
    "isStared": 0,
    "thumbnailURL": "https://www.makeapie.com/ecg-storage/ec_gallery_thumbnail/xB1E6wi3fQ.png?v=1530865595846",
    "isCustomThumbnail": 0,
    "builtinTags": [
        "category-work",
        "grid",
        "series-line",
        "title"
    ],
    "customTags": [],
    "updaterUserName": "雪云狼"
}