{
    "cid": "xB1UJFEkmm",
    "authorUid": "bd-3189720129",
    "authorUserName": "thirtyjin",
    "title": "关键词云",
    "description": "度量衡图表库示例",
    "latestVersion": 1,
    "alwaysLatest": 1,
    "createTime": "2018-07-08T07:10:21.000Z",
    "lastUpdateTime": "2018-07-08T07:10:21.000Z",
    "auth": 2,
    "uid": "bd-3189720129",
    "publishedVersion": 0,
    "forkFrom": "-",
    "isSpam": 0,
    "version": 1,
    "parentVersion": -1,
    "echartsVersion": "4.1.0",
    "versionCreateTime": "2018-07-08T07:10:21.000Z",
    "html": "",
    "externalScripts": "https://cdn.rawgit.com/ecomfe/echarts-wordcloud/833ed011/dist/echarts-wordcloud.min.js",
    "updaterUID": "bd-3189720129",
    "theme": "",
    "layout": "",
    "viewCount": 3560,
    "userName": "thirtyjin",
    "commentCount": 0,
    "starCount": 9,
    "isStared": 0,
    "thumbnailURL": "https://www.makeapie.com/ecg-storage/ec_gallery_thumbnail/xB1UJFEkmm.png?v=1531033822123",
    "isCustomThumbnail": 0,
    "builtinTags": [
        "category-work",
        "series-wordCloud",
        "title",
        "toolbox",
        "tooltip"
    ],
    "customTags": [
        "duxcharts",
        "度量衡"
    ],
    "updaterUserName": "thirtyjin"
}