{
    "cid": "xBJqKf8e7m",
    "authorUid": "bd-2501078763",
    "authorUserName": "格***s",
    "title": "饼图内颜色渐变",
    "description": "",
    "latestVersion": 3,
    "alwaysLatest": 1,
    "createTime": "2018-07-09T03:12:02.000Z",
    "lastUpdateTime": "2018-07-09T03:12:02.000Z",
    "auth": 2,
    "uid": "bd-2501078763",
    "publishedVersion": 0,
    "forkFrom": "-",
    "isSpam": 0,
    "version": 3,
    "parentVersion": 2,
    "echartsVersion": "4.1.0",
    "versionCreateTime": "2018-07-09T03:13:10.000Z",
    "html": "",
    "externalScripts": "",
    "updaterUID": "bd-2501078763",
    "theme": "",
    "layout": "",
    "viewCount": 524,
    "userName": "格***s",
    "commentCount": 0,
    "starCount": 2,
    "isStared": 0,
    "thumbnailURL": "https://www.makeapie.com/ecg-storage/ec_gallery_thumbnail/xBJqKf8e7m.png?v=1531105990510",
    "isCustomThumbnail": 0,
    "builtinTags": [
        "category-work",
        "series-pie",
        "title",
        "tooltip"
    ],
    "customTags": [],
    "updaterUserName": "格***s"
}