{
    "cid": "xBkrfv2nfm",
    "authorUid": "bd-1025214267",
    "authorUserName": "d***e",
    "title": "省市区下钻",
    "description": "高德api结合echart完成省市区地图下钻",
    "latestVersion": 5,
    "alwaysLatest": 1,
    "createTime": "2018-07-06T09:31:56.000Z",
    "lastUpdateTime": "2018-07-06T09:31:56.000Z",
    "auth": 2,
    "uid": "bd-1025214267",
    "publishedVersion": 0,
    "forkFrom": "-",
    "isSpam": 0,
    "version": 5,
    "parentVersion": 4,
    "echartsVersion": "4.1.0",
    "versionCreateTime": "2018-07-20T09:38:32.000Z",
    "html": "",
    "externalScripts": "http://webapi.amap.com/maps?v=1.4.6&key=71b7119ba58b3e113a95951ccf340381,http://webapi.amap.com/ui/1.0/main.js?v=1.0.11,http://echarts.baidu.com/dist/echarts.min.js",
    "updaterUID": "bd-1025214267",
    "theme": "",
    "layout": "",
    "viewCount": 10818,
    "userName": "d***e",
    "commentCount": 12,
    "starCount": 22,
    "isStared": 0,
    "thumbnailURL": "https://www.makeapie.com/ecg-storage/ec_gallery_thumbnail/xBkrfv2nfm.png?v=1532079512806",
    "isCustomThumbnail": 0,
    "builtinTags": [
        "category-work",
        "geo",
        "graphic",
        "series-pie",
        "tooltip",
        "visualMap"
    ],
    "customTags": [
        "amap",
        "map"
    ],
    "updaterUserName": "d***e"
}