{
    "cid": "xBksT6spMm",
    "authorUid": "bd-1350219281",
    "authorUserName": "yutons",
    "title": "top5排行榜",
    "description": "top5排行榜",
    "latestVersion": 1,
    "alwaysLatest": 1,
    "createTime": "2018-07-07T03:04:34.000Z",
    "lastUpdateTime": "2018-07-07T03:04:34.000Z",
    "auth": 2,
    "uid": "bd-1350219281",
    "publishedVersion": 0,
    "forkFrom": "-",
    "isSpam": 0,
    "version": 1,
    "parentVersion": -1,
    "echartsVersion": "4.1.0",
    "versionCreateTime": "2018-07-07T03:04:34.000Z",
    "html": "",
    "externalScripts": "",
    "updaterUID": "bd-1350219281",
    "theme": "",
    "layout": "",
    "viewCount": 420,
    "userName": "yutons",
    "commentCount": 0,
    "starCount": 2,
    "isStared": 0,
    "thumbnailURL": "https://www.makeapie.com/ecg-storage/ec_gallery_thumbnail/xBksT6spMm.png?v=1530932675055",
    "isCustomThumbnail": 0,
    "builtinTags": [
        "category-work",
        "grid",
        "series-bar",
        "title"
    ],
    "customTags": [],
    "updaterUserName": "yutons"
}