{
    "cid": "xH1HsZCxX7",
    "authorUid": "bd-1903340390",
    "authorUserName": "情浅W缘深",
    "title": "Awesome Chart",
    "description": "",
    "latestVersion": 3,
    "alwaysLatest": 1,
    "createTime": "2018-07-09T12:14:21.000Z",
    "lastUpdateTime": "2018-07-09T12:40:24.000Z",
    "auth": 2,
    "uid": "bd-1903340390",
    "publishedVersion": 0,
    "forkFrom": "-",
    "isSpam": 0,
    "version": 3,
    "parentVersion": 2,
    "echartsVersion": "4.1.0",
    "versionCreateTime": "2018-07-09T12:39:20.000Z",
    "html": "",
    "externalScripts": "",
    "updaterUID": "bd-1903340390",
    "theme": "default",
    "layout": "",
    "viewCount": 20,
    "userName": "情浅W缘深",
    "commentCount": 0,
    "starCount": 0,
    "isStared": 0,
    "thumbnailURL": "https://www.makeapie.com/ecg-storage/ec_gallery_thumbnail/xH1HsZCxX7.png?v=1531138461524",
    "isCustomThumbnail": 1,
    "builtinTags": [],
    "customTags": [],
    "updaterUserName": "情浅W缘深"
}