{
    "cid": "xHJTaEB17X",
    "authorUid": "bd-3189720129",
    "authorUserName": "thirtyjin",
    "title": "地域分布",
    "description": "地域分布",
    "latestVersion": 2,
    "alwaysLatest": 1,
    "createTime": "2018-07-08T08:01:09.000Z",
    "lastUpdateTime": "2018-07-08T08:01:09.000Z",
    "auth": 2,
    "uid": "bd-3189720129",
    "publishedVersion": 0,
    "forkFrom": "-",
    "isSpam": 0,
    "version": 2,
    "parentVersion": 1,
    "echartsVersion": "4.1.0",
    "versionCreateTime": "2018-07-09T03:31:56.000Z",
    "html": "",
    "externalScripts": "http://thirtyjin.com/dux_charts/assets/js/charts_common.js,/dep/echarts/map/js/china.js",
    "updaterUID": "bd-3189720129",
    "theme": "",
    "layout": "",
    "viewCount": 4596,
    "userName": "thirtyjin",
    "commentCount": 0,
    "starCount": 9,
    "isStared": 0,
    "thumbnailURL": "https://www.makeapie.com/ecg-storage/ec_gallery_thumbnail/xHJTaEB17X.png?v=1531107116285",
    "isCustomThumbnail": 0,
    "builtinTags": [
        "category-work",
        "grid",
        "legend",
        "series-bar",
        "series-map",
        "title",
        "toolbox",
        "tooltip",
        "visualMap"
    ],
    "customTags": [
        "duxcharts",
        "度量衡"
    ],
    "updaterUserName": "thirtyjin"
}