{
    "cid": "xHy_-v9m7m",
    "authorUid": "bd-442035385",
    "authorUserName": "小***了",
    "title": "男性女性身高体重分布",
    "description": "抽样调查来自: Heinz  2003",
    "latestVersion": 1,
    "alwaysLatest": 1,
    "createTime": "2018-07-11T14:41:04.000Z",
    "lastUpdateTime": "2018-07-11T14:41:04.000Z",
    "auth": 2,
    "uid": "bd-442035385",
    "publishedVersion": 0,
    "forkFrom": "-",
    "isSpam": 0,
    "version": 1,
    "parentVersion": -1,
    "echartsVersion": "4.1.0",
    "versionCreateTime": "2018-07-11T14:41:04.000Z",
    "html": "",
    "externalScripts": "",
    "updaterUID": "bd-442035385",
    "theme": "",
    "layout": "",
    "viewCount": 203,
    "userName": "小***了",
    "commentCount": 0,
    "starCount": 0,
    "isStared": 0,
    "thumbnailURL": "https://www.makeapie.com/ecg-storage/ec_gallery_thumbnail/xHy_-v9m7m.png?v=1531320064459",
    "isCustomThumbnail": 0,
    "builtinTags": [
        "category-work",
        "grid",
        "legend",
        "series-scatter",
        "title"
    ],
    "customTags": [],
    "updaterUserName": "小***了"
}