{
    "cid": "xHyyzP8xQm",
    "authorUid": "bd-2889079406",
    "authorUserName": "六***论",
    "title": "医院基础数据图",
    "description": "",
    "latestVersion": 2,
    "alwaysLatest": 1,
    "createTime": "2018-07-09T03:31:19.000Z",
    "lastUpdateTime": "2018-07-09T03:31:19.000Z",
    "auth": 2,
    "uid": "bd-2889079406",
    "publishedVersion": 0,
    "forkFrom": "-",
    "isSpam": 0,
    "version": 2,
    "parentVersion": 1,
    "echartsVersion": "4.1.0",
    "versionCreateTime": "2018-07-09T03:42:54.000Z",
    "html": "",
    "externalScripts": "",
    "updaterUID": "bd-2889079406",
    "theme": "",
    "layout": "",
    "viewCount": 301,
    "userName": "六***论",
    "commentCount": 0,
    "starCount": 0,
    "isStared": 0,
    "thumbnailURL": "https://www.makeapie.com/ecg-storage/ec_gallery_thumbnail/xHyyzP8xQm.png?v=1531107774453",
    "isCustomThumbnail": 0,
    "builtinTags": [
        "category-work",
        "legend",
        "radar",
        "series-radar",
        "title",
        "tooltip"
    ],
    "customTags": [],
    "updaterUserName": "六***论"
}