{
    "cid": "xr1tAkueXm",
    "authorUid": "bd-2889079406",
    "authorUserName": "六***论",
    "title": "医院人员构成数据",
    "description": "",
    "latestVersion": 1,
    "alwaysLatest": 1,
    "createTime": "2018-07-09T05:17:05.000Z",
    "lastUpdateTime": "2018-07-09T05:17:05.000Z",
    "auth": 2,
    "uid": "bd-2889079406",
    "publishedVersion": 0,
    "forkFrom": "-",
    "isSpam": 0,
    "version": 1,
    "parentVersion": -1,
    "echartsVersion": "4.1.0",
    "versionCreateTime": "2018-07-09T05:17:05.000Z",
    "html": "",
    "externalScripts": "",
    "updaterUID": "bd-2889079406",
    "theme": "",
    "layout": "",
    "viewCount": 1549,
    "userName": "六***论",
    "commentCount": 0,
    "starCount": 4,
    "isStared": 0,
    "thumbnailURL": "https://www.makeapie.com/ecg-storage/ec_gallery_thumbnail/xr1tAkueXm.png?v=1531113425448",
    "isCustomThumbnail": 0,
    "builtinTags": [
        "category-work",
        "grid",
        "legend",
        "series-bar",
        "series-pie",
        "tooltip"
    ],
    "customTags": [],
    "updaterUserName": "六***论"
}