{
    "cid": "xrJ8LvS2Mm",
    "authorUid": "bd-1126432422",
    "authorUserName": "风***2",
    "title": "世界地图",
    "description": "",
    "latestVersion": 7,
    "alwaysLatest": 1,
    "createTime": "2018-07-06T01:35:09.000Z",
    "lastUpdateTime": "2018-07-06T01:35:09.000Z",
    "auth": 2,
    "uid": "bd-1126432422",
    "publishedVersion": 0,
    "forkFrom": "-",
    "isSpam": 0,
    "version": 7,
    "parentVersion": 6,
    "echartsVersion": "4.1.0",
    "versionCreateTime": "2018-07-06T02:58:01.000Z",
    "html": "",
    "externalScripts": "/dep/echarts/map/js/world.js",
    "updaterUID": "bd-1126432422",
    "theme": "",
    "layout": "",
    "viewCount": 151,
    "userName": "风***2",
    "commentCount": 0,
    "starCount": 0,
    "isStared": 0,
    "thumbnailURL": "https://www.makeapie.com/ecg-storage/ec_gallery_thumbnail/xrJ8LvS2Mm.png?v=1530845881681",
    "isCustomThumbnail": 0,
    "builtinTags": [
        "category-work",
        "geo",
        "series-effectScatter",
        "series-lines",
        "series-scatter",
        "title",
        "tooltip",
        "visualMap"
    ],
    "customTags": [],
    "updaterUserName": "风***2"
}