{
    "cid": "xrkMpzL7mm",
    "authorUid": "bd-1606641265",
    "authorUserName": "你***1",
    "title": "刻度",
    "description": "温度计，试管刻度",
    "latestVersion": 2,
    "alwaysLatest": 1,
    "createTime": "2018-07-11T09:49:45.000Z",
    "lastUpdateTime": "2018-07-11T09:49:45.000Z",
    "auth": 2,
    "uid": "bd-1606641265",
    "publishedVersion": 0,
    "forkFrom": "-",
    "isSpam": 0,
    "version": 2,
    "parentVersion": 1,
    "echartsVersion": "4.1.0",
    "versionCreateTime": "2018-07-12T03:11:54.000Z",
    "html": "",
    "externalScripts": "",
    "updaterUID": "bd-1606641265",
    "theme": "",
    "layout": "",
    "viewCount": 350,
    "userName": "你***1",
    "commentCount": 0,
    "starCount": 6,
    "isStared": 0,
    "thumbnailURL": "https://www.makeapie.com/ecg-storage/ec_gallery_thumbnail/xrkMpzL7mm.png?v=1531365114545",
    "isCustomThumbnail": 0,
    "builtinTags": [
        "category-work",
        "grid",
        "series-bar",
        "title"
    ],
    "customTags": [],
    "updaterUserName": "你***1"
}