{
    "cid": "xS1dSrYiMQ",
    "authorUid": "bd-3990257290",
    "authorUserName": "w***T",
    "title": "仪表",
    "description": "",
    "latestVersion": 2,
    "alwaysLatest": 1,
    "createTime": "2018-07-05T11:47:12.000Z",
    "lastUpdateTime": "2018-07-05T11:47:12.000Z",
    "auth": 2,
    "uid": "bd-3990257290",
    "publishedVersion": 0,
    "forkFrom": "-",
    "isSpam": 0,
    "version": 2,
    "parentVersion": 1,
    "echartsVersion": "4.1.0",
    "versionCreateTime": "2018-07-05T12:10:55.000Z",
    "html": "",
    "externalScripts": "",
    "updaterUID": "bd-3990257290",
    "theme": "",
    "layout": "",
    "viewCount": 928,
    "userName": "w***T",
    "commentCount": 0,
    "starCount": 1,
    "isStared": 0,
    "thumbnailURL": "https://www.makeapie.com/ecg-storage/ec_gallery_thumbnail/xS1dSrYiMQ.png?v=1530792655354",
    "isCustomThumbnail": 0,
    "builtinTags": [
        "category-work",
        "series-gauge",
        "tooltip"
    ],
    "customTags": [],
    "updaterUserName": "w***T"
}