{
    "cid": "xS1XruBgQX",
    "authorUid": "bd-1912877271",
    "authorUserName": "爱上重命名",
    "title": "人民的名义关系图谱",
    "description": "",
    "latestVersion": 2,
    "alwaysLatest": 1,
    "createTime": "2018-07-09T02:28:11.000Z",
    "lastUpdateTime": "2018-07-09T02:28:11.000Z",
    "auth": 2,
    "uid": "bd-1912877271",
    "publishedVersion": 0,
    "forkFrom": "-",
    "isSpam": 0,
    "version": 2,
    "parentVersion": 1,
    "echartsVersion": "4.1.0",
    "versionCreateTime": "2018-07-09T02:36:12.000Z",
    "html": "",
    "externalScripts": "",
    "updaterUID": "bd-1912877271",
    "theme": "",
    "layout": "",
    "viewCount": 4605,
    "userName": "爱上重命名",
    "commentCount": 3,
    "starCount": 14,
    "isStared": 0,
    "thumbnailURL": "https://www.makeapie.com/ecg-storage/ec_gallery_thumbnail/xS1XruBgQX.png?v=1531103772203",
    "isCustomThumbnail": 0,
    "builtinTags": [
        "category-work",
        "series-graph",
        "title",
        "tooltip"
    ],
    "customTags": [],
    "updaterUserName": "爱上重命名"
}