{
    "cid": "xSkP4Qhx7X",
    "authorUid": "bd-3847064092",
    "authorUserName": "啊呗茄嘚",
    "title": "",
    "description": "",
    "latestVersion": 1,
    "alwaysLatest": 1,
    "createTime": "2018-07-09T10:04:30.000Z",
    "lastUpdateTime": "2018-07-09T10:04:30.000Z",
    "auth": 2,
    "uid": "bd-3847064092",
    "publishedVersion": 0,
    "forkFrom": "-",
    "isSpam": 0,
    "version": 1,
    "parentVersion": -1,
    "echartsVersion": "4.1.0",
    "versionCreateTime": "2018-07-09T10:04:30.000Z",
    "html": "",
    "externalScripts": "",
    "updaterUID": "bd-3847064092",
    "theme": "",
    "layout": "",
    "viewCount": 47,
    "userName": "啊呗茄嘚",
    "commentCount": 0,
    "starCount": 0,
    "isStared": 0,
    "thumbnailURL": "https://www.makeapie.com/ecg-storage/ec_gallery_thumbnail/xSkP4Qhx7X.png?v=1531130671062",
    "isCustomThumbnail": 0,
    "builtinTags": [
        "category-work",
        "series-pie"
    ],
    "customTags": [],
    "updaterUserName": "啊呗茄嘚"
}