{
    "cid": "x-nah-Prc9",
    "authorUid": "obd-oFbGrFILH3Na7lIeMhGEEbfJU4S445q",
    "authorUserName": "逛***a",
    "title": "雷达图",
    "description": "超级好看雷达图",
    "latestVersion": 5,
    "alwaysLatest": 1,
    "createTime": "2020-04-13T09:06:01.000Z",
    "lastUpdateTime": "2020-04-13T09:06:01.000Z",
    "auth": 1,
    "uid": "obd-oFbGrFILH3Na7lIeMhGEEbfJU4S445q",
    "publishedVersion": 0,
    "forkFrom": "-",
    "isSpam": 0,
    "version": 5,
    "parentVersion": 4,
    "echartsVersion": "4.8.0",
    "versionCreateTime": "2020-08-01T13:36:46.000Z",
    "html": "",
    "externalScripts": "",
    "updaterUID": "obd-oN6DbqcxOF3k-MA8mZ6eFior8Bkn-Ch",
    "theme": "",
    "layout": "",
    "viewCount": 2327,
    "userName": "逛***a",
    "commentCount": 0,
    "starCount": 11,
    "isStared": 0,
    "thumbnailURL": "https://www.makeapie.com/ecg-storage/ec_gallery_thumbnail/x-nah-Prc9.png?v=1596289007060",
    "isCustomThumbnail": 0,
    "builtinTags": [
        "category-work",
        "legend",
        "radar",
        "series-radar"
    ],
    "customTags": [],
    "updaterUserName": "2***d"
}