{
    "cid": "x4fxsif103",
    "authorUid": "bd-1839720448",
    "authorUserName": "哆***嗦",
    "title": "多颜色切换动态圆角柱状图",
    "description": "",
    "latestVersion": 5,
    "alwaysLatest": 1,
    "createTime": "2020-04-13T09:15:30.000Z",
    "lastUpdateTime": "2020-04-13T09:15:30.000Z",
    "auth": 2,
    "uid": "bd-1839720448",
    "publishedVersion": 0,
    "forkFrom": "-",
    "isSpam": 0,
    "version": 5,
    "parentVersion": 4,
    "echartsVersion": "4.7.0",
    "versionCreateTime": "2020-04-14T06:09:46.000Z",
    "html": "",
    "externalScripts": "",
    "updaterUID": "bd-1839720448",
    "theme": "",
    "layout": "",
    "viewCount": 2449,
    "userName": "哆***嗦",
    "commentCount": 0,
    "starCount": 13,
    "isStared": 0,
    "thumbnailURL": "https://www.makeapie.com/ecg-storage/ec_gallery_thumbnail/x4fxsif103.png?v=1586844587053",
    "isCustomThumbnail": 0,
    "builtinTags": [
        "category-work",
        "grid",
        "series-bar",
        "tooltip"
    ],
    "customTags": [
        "动态",
        "柱状图"
    ],
    "updaterUserName": "哆***嗦"
}