{
    "cid": "x7vhr_b_T3",
    "authorUid": "bd-992272830",
    "authorUserName": "藏***i",
    "title": "饼状图",
    "description": "",
    "latestVersion": 1,
    "alwaysLatest": 1,
    "createTime": "2020-04-09T14:13:22.000Z",
    "lastUpdateTime": "2020-04-09T14:13:22.000Z",
    "auth": 2,
    "uid": "bd-992272830",
    "publishedVersion": 0,
    "forkFrom": "-",
    "isSpam": 0,
    "version": 1,
    "parentVersion": -1,
    "echartsVersion": "4.7.0",
    "versionCreateTime": "2020-04-09T14:13:22.000Z",
    "html": "",
    "externalScripts": "",
    "updaterUID": "bd-992272830",
    "theme": "",
    "layout": "",
    "viewCount": 108,
    "userName": "藏***i",
    "commentCount": 0,
    "starCount": 1,
    "isStared": 0,
    "thumbnailURL": "https://www.makeapie.com/ecg-storage/ec_gallery_thumbnail/x7vhr_b_T3.png?v=1586441602381",
    "isCustomThumbnail": 0,
    "builtinTags": [
        "category-work",
        "series-pie",
        "title",
        "tooltip",
        "visualMap"
    ],
    "customTags": [],
    "updaterUserName": "藏***i"
}