{
    "cid": "xA3VhBIIgr",
    "authorUid": "bd-1839720448",
    "authorUserName": "哆***嗦",
    "title": "圆角渐变动态柱状图",
    "description": "",
    "latestVersion": 4,
    "alwaysLatest": 1,
    "createTime": "2020-04-13T09:11:56.000Z",
    "lastUpdateTime": "2020-04-13T09:11:56.000Z",
    "auth": 2,
    "uid": "bd-1839720448",
    "publishedVersion": 0,
    "forkFrom": "-",
    "isSpam": 0,
    "version": 4,
    "parentVersion": 3,
    "echartsVersion": "4.7.0",
    "versionCreateTime": "2020-04-14T07:07:34.000Z",
    "html": "",
    "externalScripts": "",
    "updaterUID": "bd-1839720448",
    "theme": "",
    "layout": "",
    "viewCount": 582,
    "userName": "哆***嗦",
    "commentCount": 0,
    "starCount": 4,
    "isStared": 0,
    "thumbnailURL": "https://www.makeapie.com/ecg-storage/ec_gallery_thumbnail/xA3VhBIIgr.png?v=1586848054551",
    "isCustomThumbnail": 0,
    "builtinTags": [
        "category-work",
        "grid",
        "series-bar",
        "title",
        "tooltip"
    ],
    "customTags": [
        "动态",
        "柱状图",
        "渐变"
    ],
    "updaterUserName": "哆***嗦"
}