{
    "cid": "xaoXkeXjGu",
    "authorUid": "obd-oAl1ffVMnIHSiDVqHUdQ_WeQfkWmb7X",
    "authorUserName": "i***畔",
    "title": "测试",
    "description": "",
    "latestVersion": 3,
    "alwaysLatest": 1,
    "createTime": "2020-04-11T12:25:56.000Z",
    "lastUpdateTime": "2020-04-11T12:25:56.000Z",
    "auth": 2,
    "uid": "obd-oAl1ffVMnIHSiDVqHUdQ_WeQfkWmb7X",
    "publishedVersion": 0,
    "forkFrom": "-",
    "isSpam": 0,
    "version": 3,
    "parentVersion": 2,
    "echartsVersion": "4.7.0",
    "versionCreateTime": "2020-04-11T15:30:49.000Z",
    "html": "",
    "externalScripts": "",
    "updaterUID": "obd-oAl1ffVMnIHSiDVqHUdQ_WeQfkWmb7X",
    "theme": "",
    "layout": "",
    "viewCount": 360,
    "userName": "i***畔",
    "commentCount": 0,
    "starCount": 0,
    "isStared": 0,
    "thumbnailURL": "https://www.makeapie.com/ecg-storage/ec_gallery_thumbnail/xaoXkeXjGu.png?v=1586619050150",
    "isCustomThumbnail": 0,
    "builtinTags": [
        "category-work",
        "geo",
        "series-heatmap",
        "tooltip",
        "visualMap"
    ],
    "customTags": [],
    "updaterUserName": "i***畔"
}