{
    "cid": "xgPmNSt27Q",
    "authorUid": "bd-181101713",
    "authorUserName": "j***6",
    "title": "阴影折线图",
    "description": "带阴影折线图",
    "latestVersion": 1,
    "alwaysLatest": 1,
    "createTime": "2020-04-10T06:19:17.000Z",
    "lastUpdateTime": "2020-04-10T06:19:17.000Z",
    "auth": 2,
    "uid": "bd-181101713",
    "publishedVersion": 0,
    "forkFrom": "-",
    "isSpam": 0,
    "version": 1,
    "parentVersion": -1,
    "echartsVersion": "4.7.0",
    "versionCreateTime": "2020-04-10T06:19:17.000Z",
    "html": "",
    "externalScripts": "",
    "updaterUID": "bd-181101713",
    "theme": "",
    "layout": "",
    "viewCount": 49,
    "userName": "j***6",
    "commentCount": 0,
    "starCount": 0,
    "isStared": 0,
    "thumbnailURL": "https://www.makeapie.com/ecg-storage/ec_gallery_thumbnail/xgPmNSt27Q.png?v=1586499557578",
    "isCustomThumbnail": 0,
    "builtinTags": [
        "category-work",
        "grid",
        "series-line"
    ],
    "customTags": [],
    "updaterUserName": "j***6"
}