{
    "cid": "xJEqrZ2kxy",
    "authorUid": "bd-168489742",
    "authorUserName": "w***5",
    "title": "2011-2013年微博发布情况",
    "description": "titlecalendartooltipvisualMapheatmap",
    "latestVersion": 1,
    "alwaysLatest": 1,
    "createTime": "2020-04-10T06:30:01.000Z",
    "lastUpdateTime": "2020-04-10T06:30:01.000Z",
    "auth": 2,
    "uid": "bd-168489742",
    "publishedVersion": 0,
    "forkFrom": "-",
    "isSpam": 0,
    "version": 1,
    "parentVersion": -1,
    "echartsVersion": "4.7.0",
    "versionCreateTime": "2020-04-10T06:30:01.000Z",
    "html": "",
    "externalScripts": "",
    "updaterUID": "bd-168489742",
    "theme": "",
    "layout": "",
    "viewCount": 467,
    "userName": "w***5",
    "commentCount": 0,
    "starCount": 1,
    "isStared": 0,
    "thumbnailURL": "https://www.makeapie.com/ecg-storage/ec_gallery_thumbnail/xJEqrZ2kxy.png?v=1586500202084",
    "isCustomThumbnail": 0,
    "builtinTags": [
        "calendar",
        "category-work",
        "series-heatmap",
        "title",
        "tooltip",
        "visualMap"
    ],
    "customTags": [],
    "updaterUserName": "w***5"
}