{
    "cid": "xKKJxkE7Dp",
    "authorUid": "obd-oFbGrFILH3Na7lIeMhGEEbfJU4S445q",
    "authorUserName": "逛***a",
    "title": "仪表图",
    "description": "超级好看仪表盘",
    "latestVersion": 1,
    "alwaysLatest": 1,
    "createTime": "2020-04-13T08:47:38.000Z",
    "lastUpdateTime": "2020-04-13T08:47:38.000Z",
    "auth": 1,
    "uid": "obd-oFbGrFILH3Na7lIeMhGEEbfJU4S445q",
    "publishedVersion": 0,
    "forkFrom": "-",
    "isSpam": 0,
    "version": 1,
    "parentVersion": -1,
    "echartsVersion": "4.7.0",
    "versionCreateTime": "2020-04-13T08:47:38.000Z",
    "html": "",
    "externalScripts": "",
    "updaterUID": "obd-oFbGrFILH3Na7lIeMhGEEbfJU4S445q",
    "theme": "",
    "layout": "",
    "viewCount": 603,
    "userName": "逛***a",
    "commentCount": 0,
    "starCount": 2,
    "isStared": 0,
    "thumbnailURL": "https://www.makeapie.com/ecg-storage/ec_gallery_thumbnail/xKKJxkE7Dp.png?v=1586767658189",
    "isCustomThumbnail": 0,
    "builtinTags": [
        "category-work",
        "series-gauge",
        "tooltip"
    ],
    "customTags": [],
    "updaterUserName": "逛***a"
}