{
    "cid": "xm0ebAf7qj",
    "authorUid": "obd-o0Fq_jse0SmKILCaYi8lS_UCHLGvoFy",
    "authorUserName": "幻***月",
    "title": "产品进度表",
    "description": "",
    "latestVersion": 1,
    "alwaysLatest": 1,
    "createTime": "2020-04-11T08:27:00.000Z",
    "lastUpdateTime": "2020-04-11T08:27:00.000Z",
    "auth": 2,
    "uid": "obd-o0Fq_jse0SmKILCaYi8lS_UCHLGvoFy",
    "publishedVersion": 0,
    "forkFrom": "-",
    "isSpam": 0,
    "version": 1,
    "parentVersion": -1,
    "echartsVersion": "4.7.0",
    "versionCreateTime": "2020-04-11T08:27:00.000Z",
    "html": "",
    "externalScripts": "",
    "updaterUID": "obd-o0Fq_jse0SmKILCaYi8lS_UCHLGvoFy",
    "theme": "",
    "layout": "",
    "viewCount": 454,
    "userName": "幻***月",
    "commentCount": 0,
    "starCount": 4,
    "isStared": 0,
    "thumbnailURL": "https://www.makeapie.com/ecg-storage/ec_gallery_thumbnail/xm0ebAf7qj.png?v=1586593621031",
    "isCustomThumbnail": 0,
    "builtinTags": [
        "category-work",
        "grid",
        "legend",
        "series-bar",
        "title",
        "tooltip"
    ],
    "customTags": [],
    "updaterUserName": "幻***月"
}