{
    "cid": "xpa2eRXeNm",
    "authorUid": "bd-992272830",
    "authorUserName": "藏***i",
    "title": "渐变对数函数直线渐变",
    "description": "",
    "latestVersion": 1,
    "alwaysLatest": 1,
    "createTime": "2020-04-10T07:15:09.000Z",
    "lastUpdateTime": "2020-04-10T07:15:09.000Z",
    "auth": 2,
    "uid": "bd-992272830",
    "publishedVersion": 0,
    "forkFrom": "-",
    "isSpam": 0,
    "version": 1,
    "parentVersion": -1,
    "echartsVersion": "4.7.0",
    "versionCreateTime": "2020-04-10T07:15:09.000Z",
    "html": "",
    "externalScripts": "",
    "updaterUID": "bd-992272830",
    "theme": "",
    "layout": "",
    "viewCount": 32,
    "userName": "藏***i",
    "commentCount": 0,
    "starCount": 0,
    "isStared": 0,
    "thumbnailURL": "https://www.makeapie.com/ecg-storage/ec_gallery_thumbnail/xpa2eRXeNm.png?v=1586502909164",
    "isCustomThumbnail": 0,
    "builtinTags": [
        "category-work",
        "grid",
        "series-line",
        "title",
        "tooltip"
    ],
    "customTags": [],
    "updaterUserName": "藏***i"
}