{
    "cid": "xpHw6Ll042",
    "authorUid": "obd-otBvxBmhTmycSJHbvTfgJHyVCQS_U8n",
    "authorUserName": "_***l",
    "title": "疫情牺牲人员死亡原因分析",
    "description": "",
    "latestVersion": 3,
    "alwaysLatest": 1,
    "createTime": "2020-04-12T08:22:57.000Z",
    "lastUpdateTime": "2020-04-12T08:22:57.000Z",
    "auth": 2,
    "uid": "obd-otBvxBmhTmycSJHbvTfgJHyVCQS_U8n",
    "publishedVersion": 0,
    "forkFrom": "-",
    "isSpam": 0,
    "version": 3,
    "parentVersion": 2,
    "echartsVersion": "4.7.0",
    "versionCreateTime": "2020-04-13T03:28:11.000Z",
    "html": "",
    "externalScripts": "",
    "updaterUID": "obd-otBvxBmhTmycSJHbvTfgJHyVCQS_U8n",
    "theme": "",
    "layout": "",
    "viewCount": 841,
    "userName": "_***l",
    "commentCount": 0,
    "starCount": 5,
    "isStared": 0,
    "thumbnailURL": "https://www.makeapie.com/ecg-storage/ec_gallery_thumbnail/xpHw6Ll042.png?v=1586748492130",
    "isCustomThumbnail": 0,
    "builtinTags": [
        "category-work",
        "series-sankey"
    ],
    "customTags": [],
    "updaterUserName": "_***l"
}