{
    "cid": "xpMTT0USy7",
    "authorUid": "bd-992272830",
    "authorUserName": "藏***i",
    "title": "lizi",
    "description": "",
    "latestVersion": 2,
    "alwaysLatest": 1,
    "createTime": "2020-04-12T09:00:29.000Z",
    "lastUpdateTime": "2020-04-12T09:00:29.000Z",
    "auth": 2,
    "uid": "bd-992272830",
    "publishedVersion": 0,
    "forkFrom": "-",
    "isSpam": 0,
    "version": 2,
    "parentVersion": 1,
    "echartsVersion": "4.7.0",
    "versionCreateTime": "2020-04-12T13:04:23.000Z",
    "html": "",
    "externalScripts": "",
    "updaterUID": "bd-992272830",
    "theme": "",
    "layout": "",
    "viewCount": 363,
    "userName": "藏***i",
    "commentCount": 0,
    "starCount": 1,
    "isStared": 0,
    "thumbnailURL": "https://www.makeapie.com/ecg-storage/ec_gallery_thumbnail/xpMTT0USy7.png?v=1586696664043",
    "isCustomThumbnail": 0,
    "builtinTags": [
        "category-work",
        "grid",
        "series-bar",
        "series-pictorialBar",
        "title",
        "tooltip"
    ],
    "customTags": [],
    "updaterUserName": "藏***i"
}