{
    "cid": "xquK0VVms7",
    "authorUid": "bd-1428347226",
    "authorUserName": "九***网",
    "title": "组织结构图",
    "description": "",
    "latestVersion": 1,
    "alwaysLatest": 1,
    "createTime": "2020-04-10T23:45:34.000Z",
    "lastUpdateTime": "2020-04-10T23:45:34.000Z",
    "auth": 2,
    "uid": "bd-1428347226",
    "publishedVersion": 0,
    "forkFrom": "-",
    "isSpam": 0,
    "version": 1,
    "parentVersion": -1,
    "echartsVersion": "4.7.0",
    "versionCreateTime": "2020-04-10T23:45:34.000Z",
    "html": "",
    "externalScripts": "",
    "updaterUID": "bd-1428347226",
    "theme": "",
    "layout": "",
    "viewCount": 888,
    "userName": "九***网",
    "commentCount": 1,
    "starCount": 3,
    "isStared": 0,
    "thumbnailURL": "https://www.makeapie.com/ecg-storage/ec_gallery_thumbnail/xquK0VVms7.png?v=1586562334404",
    "isCustomThumbnail": 0,
    "builtinTags": [
        "category-work",
        "series-tree",
        "title",
        "tooltip"
    ],
    "customTags": [],
    "updaterUserName": "九***网"
}