{
    "cid": "xRqLOiHWG7",
    "authorUid": "bd-171648521",
    "authorUserName": "绿***绿",
    "title": "单位/个",
    "description": "阴影",
    "latestVersion": 4,
    "alwaysLatest": 1,
    "createTime": "2020-04-13T02:34:54.000Z",
    "lastUpdateTime": "2020-04-13T02:34:54.000Z",
    "auth": 2,
    "uid": "bd-171648521",
    "publishedVersion": 0,
    "forkFrom": "-",
    "isSpam": 0,
    "version": 4,
    "parentVersion": 3,
    "echartsVersion": "4.7.0",
    "versionCreateTime": "2020-04-20T12:41:15.000Z",
    "html": "",
    "externalScripts": "",
    "updaterUID": "bd-171648521",
    "theme": "",
    "layout": "",
    "viewCount": 1004,
    "userName": "绿***绿",
    "commentCount": 0,
    "starCount": 7,
    "isStared": 0,
    "thumbnailURL": "https://www.makeapie.com/ecg-storage/ec_gallery_thumbnail/xRqLOiHWG7.png?v=1587386476053",
    "isCustomThumbnail": 0,
    "builtinTags": [
        "category-work",
        "grid",
        "series-bar",
        "series-pictorialBar",
        "tooltip"
    ],
    "customTags": [],
    "updaterUserName": "绿***绿"
}