{
    "cid": "x-BdJ9KRD4",
    "authorUid": "obd-oj9m3g7nxfCD1Xbc9cAkQlklZHqLQDT",
    "authorUserName": "S***少",
    "title": "图标demo1",
    "description": "",
    "latestVersion": 6,
    "alwaysLatest": 0,
    "createTime": "2021-09-02T02:51:15.000Z",
    "lastUpdateTime": "2021-09-02T08:23:14.000Z",
    "auth": 2,
    "uid": "obd-oj9m3g7nxfCD1Xbc9cAkQlklZHqLQDT",
    "publishedVersion": 0,
    "forkFrom": "-",
    "isSpam": 0,
    "version": 6,
    "parentVersion": 5,
    "echartsVersion": "5.2.0",
    "versionCreateTime": "2021-09-02T08:23:14.000Z",
    "html": "",
    "externalScripts": "",
    "updaterUID": "obd-oj9m3g7nxfCD1Xbc9cAkQlklZHqLQDT",
    "theme": "",
    "layout": "",
    "viewCount": 0,
    "userName": "S***少",
    "commentCount": 0,
    "starCount": 1,
    "isStared": 0,
    "thumbnailURL": "https://www.makeapie.com/ecg-storage/ec_gallery_thumbnail/x-BdJ9KRD4.png?v=1630570994628",
    "isCustomThumbnail": 0,
    "builtinTags": [
        "category-work",
        "series-gauge"
    ],
    "customTags": [],
    "updaterUserName": "S***少"
}