{
    "cid": "x1wH1XQL-a",
    "authorUid": "bd-929366491",
    "authorUserName": "遗***夏",
    "title": "配置较全的饼图  --EK",
    "description": "",
    "latestVersion": 1,
    "alwaysLatest": 0,
    "createTime": "2021-09-02T07:12:07.000Z",
    "lastUpdateTime": "2021-09-02T07:12:07.000Z",
    "auth": 2,
    "uid": "bd-929366491",
    "publishedVersion": 0,
    "forkFrom": "-",
    "isSpam": 0,
    "version": 1,
    "parentVersion": -1,
    "echartsVersion": "4.2.1",
    "versionCreateTime": "2021-09-02T07:12:08.000Z",
    "html": "",
    "externalScripts": "",
    "updaterUID": "bd-929366491",
    "theme": "",
    "layout": "",
    "viewCount": 0,
    "userName": "遗***夏",
    "commentCount": 0,
    "starCount": 1,
    "isStared": 0,
    "thumbnailURL": "https://www.makeapie.com/ecg-storage/ec_gallery_thumbnail/x1wH1XQL-a.png?v=1630566728177",
    "isCustomThumbnail": 0,
    "builtinTags": [
        "category-work",
        "legend",
        "series-pie",
        "title",
        "tooltip"
    ],
    "customTags": [],
    "updaterUserName": "遗***夏"
}