{
    "cid": "x5-1QBGjXC",
    "authorUid": "obd-o0NPYcai2ITO5g8A06tgsvtbAks7tFX",
    "authorUserName": "H***了",
    "title": "仪表盘",
    "description": "",
    "latestVersion": 2,
    "alwaysLatest": 0,
    "createTime": "2021-09-02T07:09:09.000Z",
    "lastUpdateTime": "2021-09-02T07:14:52.000Z",
    "auth": 2,
    "uid": "obd-o0NPYcai2ITO5g8A06tgsvtbAks7tFX",
    "publishedVersion": 0,
    "forkFrom": "-",
    "isSpam": 0,
    "version": 2,
    "parentVersion": 1,
    "echartsVersion": "5.2.0",
    "versionCreateTime": "2021-09-02T07:14:52.000Z",
    "html": "",
    "externalScripts": "",
    "updaterUID": "obd-o0NPYcai2ITO5g8A06tgsvtbAks7tFX",
    "theme": "",
    "layout": "",
    "viewCount": 0,
    "userName": "H***了",
    "commentCount": 0,
    "starCount": 1,
    "isStared": 0,
    "thumbnailURL": "https://www.makeapie.com/ecg-storage/ec_gallery_thumbnail/x5-1QBGjXC.png?v=1630566892656",
    "isCustomThumbnail": 0,
    "builtinTags": [
        "category-work",
        "polar",
        "series-bar",
        "series-gauge",
        "tooltip"
    ],
    "customTags": [],
    "updaterUserName": "H***了"
}