{
    "cid": "x88QsNiPYS",
    "authorUid": "obd-o-oSW3Tjp_Q5DtQUud9psKoYDWfzAA0",
    "authorUserName": "白***3",
    "title": "股份TSP链路",
    "description": "",
    "latestVersion": 2,
    "alwaysLatest": 0,
    "createTime": "2021-09-02T06:49:52.000Z",
    "lastUpdateTime": "2021-09-03T01:59:01.000Z",
    "auth": 2,
    "uid": "obd-o-oSW3Tjp_Q5DtQUud9psKoYDWfzAA0",
    "publishedVersion": 0,
    "forkFrom": "-",
    "isSpam": 0,
    "version": 2,
    "parentVersion": 1,
    "echartsVersion": "5.2.0",
    "versionCreateTime": "2021-09-03T01:59:01.000Z",
    "html": "",
    "externalScripts": "",
    "updaterUID": "obd-o-oSW3Tjp_Q5DtQUud9psKoYDWfzAA0",
    "theme": "",
    "layout": "",
    "viewCount": 0,
    "userName": "白***3",
    "commentCount": 0,
    "starCount": 3,
    "isStared": 0,
    "thumbnailURL": "https://www.makeapie.com/ecg-storage/ec_gallery_thumbnail/x88QsNiPYS.png?v=1630634341264",
    "isCustomThumbnail": 0,
    "builtinTags": [
        "category-work",
        "grid",
        "markPoint",
        "series-graph",
        "series-lines",
        "title",
        "tooltip"
    ],
    "customTags": [],
    "updaterUserName": "白***3"
}