{
    "cid": "x89RR4T_2c",
    "authorUid": "obd-oj9m3g7nxfCD1Xbc9cAkQlklZHqLQDT",
    "authorUserName": "S***少",
    "title": "2-1  4折线",
    "description": "",
    "latestVersion": 1,
    "alwaysLatest": 0,
    "createTime": "2021-09-02T05:48:11.000Z",
    "lastUpdateTime": "2021-09-02T05:48:11.000Z",
    "auth": 2,
    "uid": "obd-oj9m3g7nxfCD1Xbc9cAkQlklZHqLQDT",
    "publishedVersion": 0,
    "forkFrom": "-",
    "isSpam": 0,
    "version": 1,
    "parentVersion": -1,
    "echartsVersion": "5.2.0",
    "versionCreateTime": "2021-09-02T05:48:11.000Z",
    "html": "",
    "externalScripts": "",
    "updaterUID": "obd-oj9m3g7nxfCD1Xbc9cAkQlklZHqLQDT",
    "theme": "",
    "layout": "",
    "viewCount": 0,
    "userName": "S***少",
    "commentCount": 0,
    "starCount": 1,
    "isStared": 0,
    "thumbnailURL": "https://www.makeapie.com/ecg-storage/ec_gallery_thumbnail/x89RR4T_2c.png?v=1630561691406",
    "isCustomThumbnail": 0,
    "builtinTags": [
        "category-work",
        "grid",
        "legend",
        "series-line",
        "title",
        "tooltip"
    ],
    "customTags": [],
    "updaterUserName": "S***少"
}