{
    "cid": "x9_rMMZxP8",
    "authorUid": "obd-oj9m3g7nxfCD1Xbc9cAkQlklZHqLQDT",
    "authorUserName": "S***少",
    "title": "图1-2 柱状图",
    "description": "",
    "latestVersion": 1,
    "alwaysLatest": 0,
    "createTime": "2021-09-02T05:16:28.000Z",
    "lastUpdateTime": "2021-09-02T05:16:28.000Z",
    "auth": 2,
    "uid": "obd-oj9m3g7nxfCD1Xbc9cAkQlklZHqLQDT",
    "publishedVersion": 0,
    "forkFrom": "-",
    "isSpam": 0,
    "version": 1,
    "parentVersion": -1,
    "echartsVersion": "5.2.0",
    "versionCreateTime": "2021-09-02T05:16:28.000Z",
    "html": "",
    "externalScripts": "",
    "updaterUID": "obd-oj9m3g7nxfCD1Xbc9cAkQlklZHqLQDT",
    "theme": "",
    "layout": "",
    "viewCount": 0,
    "userName": "S***少",
    "commentCount": 0,
    "starCount": 0,
    "isStared": 0,
    "thumbnailURL": "https://www.makeapie.com/ecg-storage/ec_gallery_thumbnail/x9_rMMZxP8.png?v=1630559788392",
    "isCustomThumbnail": 0,
    "builtinTags": [
        "category-work",
        "grid",
        "series-bar",
        "title",
        "tooltip"
    ],
    "customTags": [],
    "updaterUserName": "S***少"
}