{
    "cid": "xfL3FKo0Li",
    "authorUid": "obd-oPs-es5vJzr-wbaXiNPKTt0bFJR4F9r",
    "authorUserName": "X***2",
    "title": "不同颜色拐点的雷达图",
    "description": "不同颜色拐点的雷达图",
    "latestVersion": 1,
    "alwaysLatest": 0,
    "createTime": "2021-09-01T11:41:11.000Z",
    "lastUpdateTime": "2021-09-01T11:41:11.000Z",
    "auth": 1,
    "uid": "obd-oPs-es5vJzr-wbaXiNPKTt0bFJR4F9r",
    "publishedVersion": 0,
    "forkFrom": "-",
    "isSpam": 0,
    "version": 1,
    "parentVersion": -1,
    "echartsVersion": "5.2.0",
    "versionCreateTime": "2021-09-01T11:41:11.000Z",
    "html": "",
    "externalScripts": "",
    "updaterUID": "obd-oPs-es5vJzr-wbaXiNPKTt0bFJR4F9r",
    "theme": "",
    "layout": "",
    "viewCount": 0,
    "userName": "X***2",
    "commentCount": 0,
    "starCount": 1,
    "isStared": 0,
    "thumbnailURL": "https://www.makeapie.com/ecg-storage/ec_gallery_thumbnail/xfL3FKo0Li.png?v=1630496472202",
    "isCustomThumbnail": 0,
    "builtinTags": [
        "category-work",
        "radar",
        "series-radar"
    ],
    "customTags": [],
    "updaterUserName": "X***2"
}