{
    "cid": "xHeq2HAQnG",
    "authorUid": "obd-oD5ZP4PdCoOYaeAiu75WSRH-ZV9-61w",
    "authorUserName": "牛***啦",
    "title": "环形饼图",
    "description": "",
    "latestVersion": 1,
    "alwaysLatest": 1,
    "createTime": "2021-09-02T07:18:47.000Z",
    "lastUpdateTime": "2021-09-02T07:18:47.000Z",
    "auth": 1,
    "uid": "obd-oD5ZP4PdCoOYaeAiu75WSRH-ZV9-61w",
    "publishedVersion": 0,
    "forkFrom": "-",
    "isSpam": 0,
    "version": 1,
    "parentVersion": -1,
    "echartsVersion": "5.2.0",
    "versionCreateTime": "2021-09-02T07:18:47.000Z",
    "html": "",
    "externalScripts": "",
    "updaterUID": "obd-oD5ZP4PdCoOYaeAiu75WSRH-ZV9-61w",
    "theme": "",
    "layout": "",
    "viewCount": 0,
    "userName": "牛***啦",
    "commentCount": 0,
    "starCount": 1,
    "isStared": 0,
    "thumbnailURL": "https://www.makeapie.com/ecg-storage/ec_gallery_thumbnail/xHeq2HAQnG.png?v=1630567127650",
    "isCustomThumbnail": 0,
    "builtinTags": [
        "category-work",
        "polar",
        "series-bar",
        "series-gauge",
        "title"
    ],
    "customTags": [],
    "updaterUserName": "牛***啦"
}