{
    "cid": "xiTzhBdP_i",
    "authorUid": "obd-o2Sg-Zvo0DwS3XHiOBkYTA-p_VnijBN",
    "authorUserName": "t***y",
    "title": "仪表盘",
    "description": "",
    "latestVersion": 2,
    "alwaysLatest": 0,
    "createTime": "2021-09-02T06:19:18.000Z",
    "lastUpdateTime": "2021-09-02T07:12:45.000Z",
    "auth": 1,
    "uid": "obd-o2Sg-Zvo0DwS3XHiOBkYTA-p_VnijBN",
    "publishedVersion": 0,
    "forkFrom": "-",
    "isSpam": 0,
    "version": 2,
    "parentVersion": 1,
    "echartsVersion": "5.2.0",
    "versionCreateTime": "2021-09-02T07:12:45.000Z",
    "html": "",
    "externalScripts": "",
    "updaterUID": "obd-o2Sg-Zvo0DwS3XHiOBkYTA-p_VnijBN",
    "theme": "",
    "layout": "",
    "viewCount": 0,
    "userName": "t***y",
    "commentCount": 0,
    "starCount": 2,
    "isStared": 0,
    "thumbnailURL": "https://www.makeapie.com/ecg-storage/ec_gallery_thumbnail/xiTzhBdP_i.png?v=1630566765899",
    "isCustomThumbnail": 0,
    "builtinTags": [
        "category-work",
        "series-gauge"
    ],
    "customTags": [],
    "updaterUserName": "t***y"
}