{
    "cid": "xlFZtwWyZp",
    "authorUid": "bd-929366491",
    "authorUserName": "遗***夏",
    "title": "横向柱状图  --EK",
    "description": "",
    "latestVersion": 1,
    "alwaysLatest": 0,
    "createTime": "2021-09-01T10:23:08.000Z",
    "lastUpdateTime": "2021-09-01T10:23:08.000Z",
    "auth": 2,
    "uid": "bd-929366491",
    "publishedVersion": 0,
    "forkFrom": "-",
    "isSpam": 0,
    "version": 1,
    "parentVersion": -1,
    "echartsVersion": "5.2.0",
    "versionCreateTime": "2021-09-01T10:23:08.000Z",
    "html": "",
    "externalScripts": "",
    "updaterUID": "bd-929366491",
    "theme": "",
    "layout": "",
    "viewCount": 0,
    "userName": "遗***夏",
    "commentCount": 0,
    "starCount": 0,
    "isStared": 0,
    "thumbnailURL": "https://www.makeapie.com/ecg-storage/ec_gallery_thumbnail/xlFZtwWyZp.png?v=1630491788506",
    "isCustomThumbnail": 0,
    "builtinTags": [
        "category-work",
        "grid",
        "series-bar",
        "tooltip"
    ],
    "customTags": [],
    "updaterUserName": "遗***夏"
}