{
    "cid": "xQ-UY5PCaF",
    "authorUid": "bd-929366491",
    "authorUserName": "遗***夏",
    "title": "配置较全的多柱形图  --EK",
    "description": "",
    "latestVersion": 1,
    "alwaysLatest": 0,
    "createTime": "2021-09-02T03:19:20.000Z",
    "lastUpdateTime": "2021-09-02T03:19:20.000Z",
    "auth": 2,
    "uid": "bd-929366491",
    "publishedVersion": 0,
    "forkFrom": "-",
    "isSpam": 0,
    "version": 1,
    "parentVersion": -1,
    "echartsVersion": "4.2.1",
    "versionCreateTime": "2021-09-02T03:19:20.000Z",
    "html": "",
    "externalScripts": "",
    "updaterUID": "bd-929366491",
    "theme": "",
    "layout": "",
    "viewCount": 0,
    "userName": "遗***夏",
    "commentCount": 0,
    "starCount": 0,
    "isStared": 0,
    "thumbnailURL": "https://www.makeapie.com/ecg-storage/ec_gallery_thumbnail/xQ-UY5PCaF.png?v=1630552760693",
    "isCustomThumbnail": 0,
    "builtinTags": [
        "category-work",
        "grid",
        "legend",
        "series-bar",
        "tooltip"
    ],
    "customTags": [],
    "updaterUserName": "遗***夏"
}