{
    "cid": "xT7N2BwaoX",
    "authorUid": "obd-oj9m3g7nxfCD1Xbc9cAkQlklZHqLQDT",
    "authorUserName": "S***少",
    "title": "主图 渐变色",
    "description": "",
    "latestVersion": 1,
    "alwaysLatest": 0,
    "createTime": "2021-09-02T06:01:00.000Z",
    "lastUpdateTime": "2021-09-02T06:01:00.000Z",
    "auth": 2,
    "uid": "obd-oj9m3g7nxfCD1Xbc9cAkQlklZHqLQDT",
    "publishedVersion": 0,
    "forkFrom": "-",
    "isSpam": 0,
    "version": 1,
    "parentVersion": -1,
    "echartsVersion": "5.2.0",
    "versionCreateTime": "2021-09-02T06:01:00.000Z",
    "html": "",
    "externalScripts": "",
    "updaterUID": "obd-oj9m3g7nxfCD1Xbc9cAkQlklZHqLQDT",
    "theme": "",
    "layout": "",
    "viewCount": 0,
    "userName": "S***少",
    "commentCount": 0,
    "starCount": 0,
    "isStared": 0,
    "thumbnailURL": "https://www.makeapie.com/ecg-storage/ec_gallery_thumbnail/xT7N2BwaoX.png?v=1630562460540",
    "isCustomThumbnail": 0,
    "builtinTags": [
        "category-work",
        "grid",
        "series-bar"
    ],
    "customTags": [],
    "updaterUserName": "S***少"
}