{
    "cid": "xw8DBxfd-m",
    "authorUid": "bd-1696688313",
    "authorUserName": "水***6",
    "title": "自定义图形",
    "description": "",
    "latestVersion": 7,
    "alwaysLatest": 0,
    "createTime": "2021-09-02T06:23:18.000Z",
    "lastUpdateTime": "2021-09-03T01:17:35.000Z",
    "auth": 2,
    "uid": "bd-1696688313",
    "publishedVersion": 0,
    "forkFrom": "-",
    "isSpam": 0,
    "version": 7,
    "parentVersion": 6,
    "echartsVersion": "5.2.0",
    "versionCreateTime": "2021-09-03T01:17:35.000Z",
    "html": "",
    "externalScripts": "",
    "updaterUID": "bd-1696688313",
    "theme": "",
    "layout": "",
    "viewCount": 0,
    "userName": "水***6",
    "commentCount": 0,
    "starCount": 1,
    "isStared": 0,
    "thumbnailURL": "https://www.makeapie.com/ecg-storage/ec_gallery_thumbnail/xw8DBxfd-m.png?v=1630631856063",
    "isCustomThumbnail": 0,
    "builtinTags": [
        "category-work",
        "dataZoom",
        "grid",
        "legend",
        "series-custom",
        "tooltip"
    ],
    "customTags": [],
    "updaterUserName": "水***6"
}