{
    "cid": "xYQn7xY3y4",
    "authorUid": "bd-929366491",
    "authorUserName": "遗***夏",
    "title": "4.8.0可用，配置柱形图背景  --EK",
    "description": "",
    "latestVersion": 2,
    "alwaysLatest": 0,
    "createTime": "2021-09-02T08:11:34.000Z",
    "lastUpdateTime": "2021-09-02T08:11:58.000Z",
    "auth": 2,
    "uid": "bd-929366491",
    "publishedVersion": 0,
    "forkFrom": "-",
    "isSpam": 0,
    "version": 2,
    "parentVersion": 1,
    "echartsVersion": "4.8.0",
    "versionCreateTime": "2021-09-02T08:11:58.000Z",
    "html": "",
    "externalScripts": "",
    "updaterUID": "bd-929366491",
    "theme": "",
    "layout": "",
    "viewCount": 0,
    "userName": "遗***夏",
    "commentCount": 0,
    "starCount": 1,
    "isStared": 0,
    "thumbnailURL": "https://www.makeapie.com/ecg-storage/ec_gallery_thumbnail/xYQn7xY3y4.png?v=1630570319016",
    "isCustomThumbnail": 0,
    "builtinTags": [
        "category-work",
        "grid",
        "series-bar"
    ],
    "customTags": [],
    "updaterUserName": "遗***夏"
}