{
    "cid": "xA7SE_bsQT",
    "authorUid": "bd-2687908434",
    "authorUserName": "健***才",
    "title": "dataset映射示例",
    "description": "dataset映射多图表",
    "latestVersion": 1,
    "alwaysLatest": 1,
    "createTime": "2020-08-04T02:43:33.000Z",
    "lastUpdateTime": "2020-08-04T02:43:33.000Z",
    "auth": 2,
    "uid": "bd-2687908434",
    "publishedVersion": 0,
    "forkFrom": "-",
    "isSpam": 0,
    "version": 1,
    "parentVersion": -1,
    "echartsVersion": "4.8.0",
    "versionCreateTime": "2020-08-04T02:43:33.000Z",
    "html": "",
    "externalScripts": "",
    "updaterUID": "bd-2687908434",
    "theme": "",
    "layout": "",
    "viewCount": 38,
    "userName": "健***才",
    "commentCount": 0,
    "starCount": 1,
    "isStared": 0,
    "thumbnailURL": "https://www.makeapie.com/ecg-storage/ec_gallery_thumbnail/xA7SE_bsQT.png?v=1596509014040",
    "isCustomThumbnail": 0,
    "builtinTags": [
        "category-work",
        "dataset",
        "grid",
        "legend",
        "series-bar",
        "tooltip"
    ],
    "customTags": [],
    "updaterUserName": "健***才"
}