{
    "cid": "xbfbD007h-",
    "authorUid": "bd-1866429146",
    "authorUserName": "S***康",
    "title": "客户统计-年龄分布",
    "description": "客户统计-年龄分布",
    "latestVersion": 2,
    "alwaysLatest": 1,
    "createTime": "2020-08-03T05:17:01.000Z",
    "lastUpdateTime": "2020-08-03T05:17:01.000Z",
    "auth": 2,
    "uid": "bd-1866429146",
    "publishedVersion": 0,
    "forkFrom": "-",
    "isSpam": 0,
    "version": 2,
    "parentVersion": 1,
    "echartsVersion": "4.8.0",
    "versionCreateTime": "2020-08-04T01:35:45.000Z",
    "html": "",
    "externalScripts": "",
    "updaterUID": "bd-1866429146",
    "theme": "",
    "layout": "",
    "viewCount": 87,
    "userName": "S***康",
    "commentCount": 0,
    "starCount": 1,
    "isStared": 0,
    "thumbnailURL": "https://www.makeapie.com/ecg-storage/ec_gallery_thumbnail/xbfbD007h-.png?v=1596504945686",
    "isCustomThumbnail": 0,
    "builtinTags": [
        "category-work",
        "series-pie",
        "tooltip"
    ],
    "customTags": [],
    "updaterUserName": "S***康"
}