{
    "cid": "xG55W5CTQM",
    "authorUid": "bd-2552167583",
    "authorUserName": "z***g",
    "title": "饼图",
    "description": "",
    "latestVersion": 4,
    "alwaysLatest": 1,
    "createTime": "2020-07-31T11:23:58.000Z",
    "lastUpdateTime": "2020-07-31T11:23:58.000Z",
    "auth": 2,
    "uid": "bd-2552167583",
    "publishedVersion": 0,
    "forkFrom": "-",
    "isSpam": 0,
    "version": 4,
    "parentVersion": 3,
    "echartsVersion": "4.9.0",
    "versionCreateTime": "2021-06-09T09:10:14.000Z",
    "html": "",
    "externalScripts": "",
    "updaterUID": "bd-2552167583",
    "theme": "",
    "layout": "",
    "viewCount": 354,
    "userName": "z***g",
    "commentCount": 0,
    "starCount": 5,
    "isStared": 0,
    "thumbnailURL": "https://www.makeapie.com/ecg-storage/ec_gallery_thumbnail/xG55W5CTQM.png?v=1623229814512",
    "isCustomThumbnail": 0,
    "builtinTags": [
        "category-work",
        "legend",
        "series-pie",
        "title",
        "tooltip"
    ],
    "customTags": [],
    "updaterUserName": "z***g"
}