{
    "cid": "xLLrNms-7-",
    "authorUid": "bd-2687908434",
    "authorUserName": "健***才",
    "title": "dataset的使用示例",
    "description": "方便数据与图形分离开发",
    "latestVersion": 2,
    "alwaysLatest": 1,
    "createTime": "2020-08-04T02:41:17.000Z",
    "lastUpdateTime": "2020-08-04T02:41:17.000Z",
    "auth": 2,
    "uid": "bd-2687908434",
    "publishedVersion": 0,
    "forkFrom": "-",
    "isSpam": 0,
    "version": 2,
    "parentVersion": 1,
    "echartsVersion": "4.8.0",
    "versionCreateTime": "2020-08-04T07:41:22.000Z",
    "html": "",
    "externalScripts": "",
    "updaterUID": "bd-2687908434",
    "theme": "",
    "layout": "",
    "viewCount": 41,
    "userName": "健***才",
    "commentCount": 0,
    "starCount": 1,
    "isStared": 0,
    "thumbnailURL": "https://www.makeapie.com/ecg-storage/ec_gallery_thumbnail/xLLrNms-7-.png?v=1596526882663",
    "isCustomThumbnail": 0,
    "builtinTags": [
        "category-work",
        "dataset",
        "grid",
        "legend",
        "series-bar",
        "tooltip"
    ],
    "customTags": [],
    "updaterUserName": "健***才"
}