{
    "cid": "xmoHGPkhwg",
    "authorUid": "bd-1866429146",
    "authorUserName": "S***康",
    "title": "客户统计-消费排行",
    "description": "客户统计-消费排行",
    "latestVersion": 3,
    "alwaysLatest": 1,
    "createTime": "2020-08-03T05:14:17.000Z",
    "lastUpdateTime": "2020-08-03T05:14:17.000Z",
    "auth": 2,
    "uid": "bd-1866429146",
    "publishedVersion": 0,
    "forkFrom": "-",
    "isSpam": 0,
    "version": 3,
    "parentVersion": 2,
    "echartsVersion": "4.8.0",
    "versionCreateTime": "2020-08-04T01:29:01.000Z",
    "html": "",
    "externalScripts": "",
    "updaterUID": "bd-1866429146",
    "theme": "",
    "layout": "",
    "viewCount": 56,
    "userName": "S***康",
    "commentCount": 0,
    "starCount": 0,
    "isStared": 0,
    "thumbnailURL": "https://www.makeapie.com/ecg-storage/ec_gallery_thumbnail/xmoHGPkhwg.png?v=1596504541499",
    "isCustomThumbnail": 0,
    "builtinTags": [
        "category-work",
        "grid",
        "series-bar",
        "tooltip"
    ],
    "customTags": [],
    "updaterUserName": "S***康"
}