{
    "cid": "xq7Dlmou3_",
    "authorUid": "bd-1866429146",
    "authorUserName": "S***康",
    "title": "客户统计-消费等级",
    "description": "客户统计-消费等级",
    "latestVersion": 1,
    "alwaysLatest": 1,
    "createTime": "2020-08-04T01:38:14.000Z",
    "lastUpdateTime": "2020-08-04T01:38:14.000Z",
    "auth": 2,
    "uid": "bd-1866429146",
    "publishedVersion": 0,
    "forkFrom": "-",
    "isSpam": 0,
    "version": 1,
    "parentVersion": -1,
    "echartsVersion": "4.8.0",
    "versionCreateTime": "2020-08-04T01:38:14.000Z",
    "html": "",
    "externalScripts": "",
    "updaterUID": "bd-1866429146",
    "theme": "",
    "layout": "",
    "viewCount": 49,
    "userName": "S***康",
    "commentCount": 0,
    "starCount": 0,
    "isStared": 0,
    "thumbnailURL": "https://www.makeapie.com/ecg-storage/ec_gallery_thumbnail/xq7Dlmou3_.png?v=1596505094150",
    "isCustomThumbnail": 0,
    "builtinTags": [
        "category-work",
        "grid",
        "series-bar",
        "tooltip"
    ],
    "customTags": [],
    "updaterUserName": "S***康"
}