{
    "cid": "xsD-wDXfxe",
    "authorUid": "bd-1841183165",
    "authorUserName": "o***趣",
    "title": "TEST",
    "description": "",
    "latestVersion": 8,
    "alwaysLatest": 1,
    "createTime": "2020-08-03T06:54:34.000Z",
    "lastUpdateTime": "2020-08-03T06:54:34.000Z",
    "auth": 2,
    "uid": "bd-1841183165",
    "publishedVersion": 0,
    "forkFrom": "-",
    "isSpam": 0,
    "version": 8,
    "parentVersion": 7,
    "echartsVersion": "4.8.0",
    "versionCreateTime": "2020-09-03T10:06:17.000Z",
    "html": "",
    "externalScripts": "",
    "updaterUID": "bd-1841183165",
    "theme": "",
    "layout": "",
    "viewCount": 496,
    "userName": "o***趣",
    "commentCount": 4,
    "starCount": 5,
    "isStared": 0,
    "thumbnailURL": "https://www.makeapie.com/ecg-storage/ec_gallery_thumbnail/xsD-wDXfxe.png?v=1599127577854",
    "isCustomThumbnail": 0,
    "builtinTags": [
        "category-work",
        "grid",
        "series-bar",
        "tooltip"
    ],
    "customTags": [],
    "updaterUserName": "o***趣"
}