{
    "cid": "xSQrOlJlxd",
    "authorUid": "bd-1866429146",
    "authorUserName": "S***康",
    "title": "客户统计-订单分布",
    "description": "客户统计-订单分布",
    "latestVersion": 2,
    "alwaysLatest": 1,
    "createTime": "2020-08-04T01:41:31.000Z",
    "lastUpdateTime": "2020-08-04T01:41:31.000Z",
    "auth": 2,
    "uid": "bd-1866429146",
    "publishedVersion": 0,
    "forkFrom": "-",
    "isSpam": 0,
    "version": 2,
    "parentVersion": 1,
    "echartsVersion": "4.8.0",
    "versionCreateTime": "2020-08-04T03:37:12.000Z",
    "html": "",
    "externalScripts": "",
    "updaterUID": "bd-1866429146",
    "theme": "",
    "layout": "",
    "viewCount": 57,
    "userName": "S***康",
    "commentCount": 0,
    "starCount": 0,
    "isStared": 0,
    "thumbnailURL": "https://www.makeapie.com/ecg-storage/ec_gallery_thumbnail/xSQrOlJlxd.png?v=1596512232643",
    "isCustomThumbnail": 0,
    "builtinTags": [
        "category-work",
        "grid",
        "series-bar",
        "tooltip"
    ],
    "customTags": [],
    "updaterUserName": "S***康"
}