{
    "cid": "xsyvcgYb9Q",
    "authorUid": "bd-171648521",
    "authorUserName": "绿***绿",
    "title": "单位/人",
    "description": "bar",
    "latestVersion": 1,
    "alwaysLatest": 1,
    "createTime": "2020-07-31T11:58:27.000Z",
    "lastUpdateTime": "2020-07-31T11:58:27.000Z",
    "auth": 2,
    "uid": "bd-171648521",
    "publishedVersion": 0,
    "forkFrom": "-",
    "isSpam": 0,
    "version": 1,
    "parentVersion": -1,
    "echartsVersion": "4.8.0",
    "versionCreateTime": "2020-07-31T11:58:27.000Z",
    "html": "",
    "externalScripts": "",
    "updaterUID": "bd-171648521",
    "theme": "",
    "layout": "",
    "viewCount": 32,
    "userName": "绿***绿",
    "commentCount": 0,
    "starCount": 0,
    "isStared": 0,
    "thumbnailURL": "https://www.makeapie.com/ecg-storage/ec_gallery_thumbnail/xsyvcgYb9Q.png?v=1596196707789",
    "isCustomThumbnail": 0,
    "builtinTags": [
        "category-work",
        "grid",
        "series-bar",
        "title"
    ],
    "customTags": [],
    "updaterUserName": "绿***绿"
}