{
    "cid": "xuZMb_GGN-",
    "authorUid": "bd-171648521",
    "authorUserName": "绿***绿",
    "title": "流量 （M）",
    "description": "line",
    "latestVersion": 2,
    "alwaysLatest": 1,
    "createTime": "2020-08-01T03:01:17.000Z",
    "lastUpdateTime": "2020-08-01T03:01:17.000Z",
    "auth": 2,
    "uid": "bd-171648521",
    "publishedVersion": 0,
    "forkFrom": "-",
    "isSpam": 0,
    "version": 2,
    "parentVersion": 1,
    "echartsVersion": "4.8.0",
    "versionCreateTime": "2020-08-01T03:17:45.000Z",
    "html": "",
    "externalScripts": "",
    "updaterUID": "bd-171648521",
    "theme": "",
    "layout": "",
    "viewCount": 345,
    "userName": "绿***绿",
    "commentCount": 0,
    "starCount": 3,
    "isStared": 0,
    "thumbnailURL": "https://www.makeapie.com/ecg-storage/ec_gallery_thumbnail/xuZMb_GGN-.png?v=1596251865303",
    "isCustomThumbnail": 0,
    "builtinTags": [
        "category-work",
        "grid",
        "markLine",
        "series-line",
        "title",
        "tooltip"
    ],
    "customTags": [],
    "updaterUserName": "绿***绿"
}