{
    "cid": "xX58-gLUKQ",
    "authorUid": "obd-oCOnsvEw84q8Smhy67gT8OaB3Q2OV3E",
    "authorUserName": "j***巨",
    "title": "Boss骑士新增/日活数据",
    "description": "",
    "latestVersion": 19,
    "alwaysLatest": 1,
    "createTime": "2020-08-03T06:34:35.000Z",
    "lastUpdateTime": "2020-08-03T06:34:35.000Z",
    "auth": 2,
    "uid": "obd-oCOnsvEw84q8Smhy67gT8OaB3Q2OV3E",
    "publishedVersion": 0,
    "forkFrom": "-",
    "isSpam": 0,
    "version": 19,
    "parentVersion": 18,
    "echartsVersion": "4.8.0",
    "versionCreateTime": "2020-10-26T13:51:29.000Z",
    "html": "",
    "externalScripts": "",
    "updaterUID": "obd-oCOnsvEw84q8Smhy67gT8OaB3Q2OV3E",
    "theme": "",
    "layout": "",
    "viewCount": 199,
    "userName": "j***巨",
    "commentCount": 0,
    "starCount": 1,
    "isStared": 0,
    "thumbnailURL": "https://www.makeapie.com/ecg-storage/ec_gallery_thumbnail/xX58-gLUKQ.png?v=1603720289476",
    "isCustomThumbnail": 0,
    "builtinTags": [
        "category-work",
        "grid",
        "legend",
        "series-line",
        "title"
    ],
    "customTags": [],
    "updaterUserName": "j***巨"
}