{
    "cid": "xxnejlH0F4",
    "authorUid": "bd-171648521",
    "authorUserName": "绿***绿",
    "title": "资产总数",
    "description": "pie",
    "latestVersion": 1,
    "alwaysLatest": 1,
    "createTime": "2020-08-01T02:35:06.000Z",
    "lastUpdateTime": "2020-08-01T02:35:06.000Z",
    "auth": 2,
    "uid": "bd-171648521",
    "publishedVersion": 0,
    "forkFrom": "-",
    "isSpam": 0,
    "version": 1,
    "parentVersion": -1,
    "echartsVersion": "4.8.0",
    "versionCreateTime": "2020-08-01T02:35:06.000Z",
    "html": "",
    "externalScripts": "",
    "updaterUID": "bd-171648521",
    "theme": "",
    "layout": "",
    "viewCount": 193,
    "userName": "绿***绿",
    "commentCount": 0,
    "starCount": 1,
    "isStared": 0,
    "thumbnailURL": "https://www.makeapie.com/ecg-storage/ec_gallery_thumbnail/xxnejlH0F4.png?v=1596249307013",
    "isCustomThumbnail": 0,
    "builtinTags": [
        "category-work",
        "legend",
        "series-pie",
        "title",
        "tooltip"
    ],
    "customTags": [],
    "updaterUserName": "绿***绿"
}