{
    "cid": "xyDAvZQv2I",
    "authorUid": "bd-1866429146",
    "authorUserName": "S***康",
    "title": "客户统计-下单时间",
    "description": "客户统计-下单时间",
    "latestVersion": 3,
    "alwaysLatest": 1,
    "createTime": "2020-08-03T06:16:37.000Z",
    "lastUpdateTime": "2020-08-03T06:16:37.000Z",
    "auth": 2,
    "uid": "bd-1866429146",
    "publishedVersion": 0,
    "forkFrom": "-",
    "isSpam": 0,
    "version": 3,
    "parentVersion": 2,
    "echartsVersion": "4.8.0",
    "versionCreateTime": "2020-08-04T01:30:22.000Z",
    "html": "",
    "externalScripts": "",
    "updaterUID": "bd-1866429146",
    "theme": "",
    "layout": "",
    "viewCount": 54,
    "userName": "S***康",
    "commentCount": 0,
    "starCount": 0,
    "isStared": 0,
    "thumbnailURL": "https://www.makeapie.com/ecg-storage/ec_gallery_thumbnail/xyDAvZQv2I.png?v=1596504623043",
    "isCustomThumbnail": 0,
    "builtinTags": [
        "category-work",
        "grid",
        "series-bar",
        "tooltip"
    ],
    "customTags": [],
    "updaterUserName": "S***康"
}