{
    "cid": "boxplot-light-velocity2",
    "authorUid": "bd-2135947294",
    "authorUserName": "echarts",
    "title": "Michelson-Morley Experiment",
    "description": "另一个方向的 boxplot",
    "latestVersion": 1,
    "alwaysLatest": 1,
    "createTime": "2016-04-26T03:33:08.000Z",
    "lastUpdateTime": "2016-04-26T03:33:08.000Z",
    "auth": 2,
    "uid": "bd-2135947294",
    "publishedVersion": 0,
    "forkFrom": "-",
    "isSpam": 0,
    "version": 1,
    "parentVersion": -1,
    "echartsVersion": "3.1.6",
    "versionCreateTime": "2016-04-26T03:33:08.000Z",
    "html": "",
    "externalScripts": "/dep/echarts/latest/extension/dataTool.min.js",
    "updaterUID": "bd-2135947294",
    "theme": "default",
    "layout": "",
    "viewCount": 1404,
    "userName": "echarts",
    "commentCount": 0,
    "starCount": 5,
    "isStared": 0,
    "thumbnailURL": "https://www.makeapie.com/ecg-storage/ec_gallery_thumbnail/boxplot-light-velocity2.png?v=1461641589200",
    "isCustomThumbnail": 0,
    "builtinTags": [
        "category-work",
        "grid",
        "legend",
        "series-boxplot",
        "series-scatter",
        "title",
        "tooltip"
    ],
    "customTags": [],
    "updaterUserName": "echarts"
}