{
    "cid": "boxplot-light-velocity",
    "authorUid": "bd-2135947294",
    "authorUserName": "echarts",
    "title": "Michelson-Morley Experiment",
    "description": "又名 盒图、盒须图、箱线图、箱型图等。可结合散点图、MarkPoint、MarkLine 进行标注。",
    "latestVersion": 2,
    "alwaysLatest": 1,
    "createTime": "2016-04-26T03:28:03.000Z",
    "lastUpdateTime": "2016-04-26T03:28:03.000Z",
    "auth": 2,
    "uid": "bd-2135947294",
    "publishedVersion": 0,
    "forkFrom": "-",
    "isSpam": 0,
    "version": 2,
    "parentVersion": 1,
    "echartsVersion": "3.1.10",
    "versionCreateTime": "2016-06-06T08:05:56.000Z",
    "html": "",
    "externalScripts": "/dep/echarts/latest/extension/dataTool.min.js",
    "updaterUID": "bd-2135947294",
    "theme": "default",
    "layout": "",
    "viewCount": 4175,
    "userName": "echarts",
    "commentCount": 3,
    "starCount": 8,
    "isStared": 0,
    "thumbnailURL": "https://www.makeapie.com/ecg-storage/ec_gallery_thumbnail/boxplot-light-velocity.png?v=1465200356916",
    "isCustomThumbnail": 0,
    "builtinTags": [
        "category-work",
        "grid",
        "legend",
        "series-boxplot",
        "series-scatter",
        "title",
        "tooltip"
    ],
    "customTags": [],
    "updaterUserName": "echarts"
}