{
    "cid": "candlestick-sh",
    "authorUid": "bd-2135947294",
    "authorUserName": "echarts",
    "title": "上证指数",
    "description": "K线图（candlestick）。可结合折线图（line）。可使用 markPoint/markLine 标注。",
    "latestVersion": 2,
    "alwaysLatest": 1,
    "createTime": "2016-04-25T12:46:22.000Z",
    "lastUpdateTime": "2016-04-25T12:46:22.000Z",
    "auth": 2,
    "uid": "bd-2135947294",
    "publishedVersion": 0,
    "forkFrom": "-",
    "isSpam": 0,
    "version": 2,
    "parentVersion": 1,
    "echartsVersion": "3.1.6",
    "versionCreateTime": "2016-04-25T12:54:20.000Z",
    "html": "",
    "externalScripts": "",
    "updaterUID": "bd-2135947294",
    "theme": "default",
    "layout": "",
    "viewCount": 28365,
    "userName": "echarts",
    "commentCount": 0,
    "starCount": 44,
    "isStared": 0,
    "thumbnailURL": "https://www.makeapie.com/ecg-storage/ec_gallery_thumbnail/candlestick-sh.png?v=1461588861233",
    "isCustomThumbnail": 0,
    "builtinTags": [
        "category-work",
        "dataZoom",
        "grid",
        "legend",
        "series-candlestick",
        "series-line",
        "title",
        "tooltip"
    ],
    "customTags": [],
    "updaterUserName": "echarts"
}