{
    "cid": "graph",
    "authorUid": "bd-2135947294",
    "authorUserName": "echarts",
    "title": "Les Miserables",
    "description": "图展现，gexf 格式解析插件引入",
    "latestVersion": 1,
    "alwaysLatest": 1,
    "createTime": "2016-04-27T06:06:12.000Z",
    "lastUpdateTime": "2016-04-27T06:06:12.000Z",
    "auth": 2,
    "uid": "bd-2135947294",
    "publishedVersion": 0,
    "forkFrom": "-",
    "isSpam": 0,
    "version": 1,
    "parentVersion": -1,
    "echartsVersion": "3.1.6",
    "versionCreateTime": "2016-04-27T06:06:12.000Z",
    "html": "",
    "externalScripts": "/dep/echarts/latest/extension/dataTool.min.js",
    "updaterUID": "bd-2135947294",
    "theme": "default",
    "layout": "",
    "viewCount": 24203,
    "userName": "echarts",
    "commentCount": 6,
    "starCount": 33,
    "isStared": 0,
    "thumbnailURL": "https://www.makeapie.com/ecg-storage/ec_gallery_thumbnail/graph.png?v=1461737174097",
    "isCustomThumbnail": 0,
    "builtinTags": [
        "category-work",
        "legend",
        "series-graph",
        "title",
        "tooltip"
    ],
    "customTags": [
        "gexf"
    ],
    "updaterUserName": "echarts"
}