{
    "cid": "graph-force2",
    "authorUid": "bd-2135947294",
    "authorUserName": "echarts",
    "title": "力引导布局",
    "description": "力引导布局简单示例",
    "latestVersion": 1,
    "alwaysLatest": 1,
    "createTime": "2016-04-27T06:03:24.000Z",
    "lastUpdateTime": "2016-04-27T06:06:56.000Z",
    "auth": 2,
    "uid": "bd-2135947294",
    "publishedVersion": 0,
    "forkFrom": "-",
    "isSpam": 0,
    "version": 1,
    "parentVersion": -1,
    "echartsVersion": "3.1.6",
    "versionCreateTime": "2016-04-27T06:03:24.000Z",
    "html": "",
    "externalScripts": "",
    "updaterUID": "bd-2135947294",
    "theme": "default",
    "layout": "",
    "viewCount": 4390,
    "userName": "echarts",
    "commentCount": 0,
    "starCount": 10,
    "isStared": 0,
    "thumbnailURL": "https://www.makeapie.com/ecg-storage/ec_gallery_thumbnail/graph-force2.png?v=1461737004742",
    "isCustomThumbnail": 0,
    "builtinTags": [
        "category-work",
        "series-graph"
    ],
    "customTags": [
        "force-directed"
    ],
    "updaterUserName": "echarts"
}