{
    "cid": "graph-force",
    "authorUid": "bd-2135947294",
    "authorUserName": "echarts",
    "title": "Les Miserables",
    "description": "Graph 力引导布局",
    "latestVersion": 1,
    "alwaysLatest": 1,
    "createTime": "2016-04-27T06:02:12.000Z",
    "lastUpdateTime": "2016-04-27T06:06:42.000Z",
    "auth": 2,
    "uid": "bd-2135947294",
    "publishedVersion": 0,
    "forkFrom": "-",
    "isSpam": 0,
    "version": 1,
    "parentVersion": -1,
    "echartsVersion": "3.1.6",
    "versionCreateTime": "2016-04-27T06:02:12.000Z",
    "html": "",
    "externalScripts": "/dep/echarts/latest/extension/dataTool.min.js",
    "updaterUID": "bd-2135947294",
    "theme": "default",
    "layout": "",
    "viewCount": 14610,
    "userName": "echarts",
    "commentCount": 0,
    "starCount": 25,
    "isStared": 0,
    "thumbnailURL": "https://www.makeapie.com/ecg-storage/ec_gallery_thumbnail/graph-force.png?v=1461736933573",
    "isCustomThumbnail": 0,
    "builtinTags": [
        "category-work",
        "legend",
        "series-graph",
        "title",
        "tooltip"
    ],
    "customTags": [
        "force-directed",
        "gexf"
    ],
    "updaterUserName": "echarts"
}