{
    "cid": "heatmap-map",
    "authorUid": "bd-2135947294",
    "authorUserName": "echarts",
    "title": "全国主要城市空气质量",
    "description": "地理坐标系上的热力图。结合 visualMap 组件。",
    "latestVersion": 1,
    "alwaysLatest": 1,
    "createTime": "2016-04-26T03:38:58.000Z",
    "lastUpdateTime": "2016-04-26T03:41:16.000Z",
    "auth": 2,
    "uid": "bd-2135947294",
    "publishedVersion": 0,
    "forkFrom": "-",
    "isSpam": 0,
    "version": 1,
    "parentVersion": -1,
    "echartsVersion": "3.1.6",
    "versionCreateTime": "2016-04-26T03:38:58.000Z",
    "html": "",
    "externalScripts": "/dep/echarts/map/js/china.js",
    "updaterUID": "bd-2135947294",
    "theme": "default",
    "layout": "",
    "viewCount": 29852,
    "userName": "echarts",
    "commentCount": 6,
    "starCount": 52,
    "isStared": 0,
    "thumbnailURL": "https://www.makeapie.com/ecg-storage/ec_gallery_thumbnail/heatmap-map.png?v=1461641939078",
    "isCustomThumbnail": 0,
    "builtinTags": [
        "category-work",
        "geo",
        "series-heatmap",
        "title",
        "visualMap"
    ],
    "customTags": [],
    "updaterUserName": "echarts"
}