{
    "cid": "map-HK",
    "authorUid": "bd-2135947294",
    "authorUserName": "echarts",
    "title": "香港18区人口密度 （2011）",
    "description": "异步地图加载和注册",
    "latestVersion": 1,
    "alwaysLatest": 1,
    "createTime": "2016-04-25T11:45:50.000Z",
    "lastUpdateTime": "2016-04-25T11:45:50.000Z",
    "auth": 2,
    "uid": "bd-2135947294",
    "publishedVersion": 0,
    "forkFrom": "-",
    "isSpam": 0,
    "version": 1,
    "parentVersion": -1,
    "echartsVersion": "3.1.6",
    "versionCreateTime": "2016-04-25T11:45:50.000Z",
    "html": "",
    "externalScripts": "",
    "updaterUID": "bd-2135947294",
    "theme": "default",
    "layout": "",
    "viewCount": 8742,
    "userName": "echarts",
    "commentCount": 1,
    "starCount": 15,
    "isStared": 0,
    "thumbnailURL": "https://www.makeapie.com/ecg-storage/ec_gallery_thumbnail/map-HK.png?v=1461584752136",
    "isCustomThumbnail": 0,
    "builtinTags": [
        "category-work",
        "series-map",
        "title",
        "toolbox",
        "tooltip",
        "visualMap"
    ],
    "customTags": [],
    "updaterUserName": "echarts"
}