{
    "cid": "pie-doughnut",
    "authorUid": "bd-2135947294",
    "authorUserName": "echarts",
    "title": "环形图",
    "description": "基本环形图",
    "latestVersion": 1,
    "alwaysLatest": 1,
    "createTime": "2016-04-25T11:51:19.000Z",
    "lastUpdateTime": "2016-04-25T12:37:42.000Z",
    "auth": 2,
    "uid": "bd-2135947294",
    "publishedVersion": 0,
    "forkFrom": "-",
    "isSpam": 0,
    "version": 1,
    "parentVersion": -1,
    "echartsVersion": "3.1.6",
    "versionCreateTime": "2016-04-25T11:51:19.000Z",
    "html": "",
    "externalScripts": "",
    "updaterUID": "bd-2135947294",
    "theme": "default",
    "layout": "",
    "viewCount": 17784,
    "userName": "echarts",
    "commentCount": 0,
    "starCount": 27,
    "isStared": 0,
    "thumbnailURL": "https://www.makeapie.com/ecg-storage/ec_gallery_thumbnail/pie-doughnut.png?v=1461585079701",
    "isCustomThumbnail": 0,
    "builtinTags": [
        "category-work",
        "legend",
        "series-pie",
        "tooltip"
    ],
    "customTags": [],
    "updaterUserName": "echarts"
}