{
    "cid": "radar-aqi",
    "authorUid": "bd-2135947294",
    "authorUserName": "echarts",
    "title": "AQI - 雷达图",
    "description": "",
    "latestVersion": 2,
    "alwaysLatest": 1,
    "createTime": "2016-04-25T12:09:14.000Z",
    "lastUpdateTime": "2016-04-25T12:09:14.000Z",
    "auth": 2,
    "uid": "bd-2135947294",
    "publishedVersion": 0,
    "forkFrom": "-",
    "isSpam": 0,
    "version": 2,
    "parentVersion": 1,
    "echartsVersion": "3.1.6",
    "versionCreateTime": "2016-04-29T06:09:44.000Z",
    "html": "",
    "externalScripts": "",
    "updaterUID": "bd-2135947294",
    "theme": "default",
    "layout": "",
    "viewCount": 6976,
    "userName": "echarts",
    "commentCount": 0,
    "starCount": 32,
    "isStared": 0,
    "thumbnailURL": "https://www.makeapie.com/ecg-storage/ec_gallery_thumbnail/radar-aqi.png?v=1461910185590",
    "isCustomThumbnail": 0,
    "builtinTags": [
        "category-work",
        "legend",
        "radar",
        "series-radar",
        "title"
    ],
    "customTags": [],
    "updaterUserName": "echarts"
}