{
    "cid": "xS14p-Luz",
    "authorUid": "bd-2215764494",
    "authorUserName": "p***g",
    "title": "Normal Distribution",
    "description": "",
    "latestVersion": 1,
    "alwaysLatest": 1,
    "createTime": "2016-05-17T08:09:32.000Z",
    "lastUpdateTime": "2016-05-17T08:09:32.000Z",
    "auth": 2,
    "uid": "bd-2215764494",
    "publishedVersion": 0,
    "forkFrom": "-",
    "isSpam": 0,
    "version": 1,
    "parentVersion": -1,
    "echartsVersion": "3.1.9",
    "versionCreateTime": "2016-05-17T08:09:32.000Z",
    "html": "",
    "externalScripts": "",
    "updaterUID": "bd-2215764494",
    "theme": "",
    "layout": "",
    "viewCount": 453,
    "userName": "p***g",
    "commentCount": 0,
    "starCount": 0,
    "isStared": 0,
    "thumbnailURL": "https://www.makeapie.com/ecg-storage/ec_gallery_thumbnail/xS14p-Luz.png?v=1463472572474",
    "isCustomThumbnail": 0,
    "builtinTags": [
        "category-work",
        "grid",
        "series-line"
    ],
    "customTags": [],
    "updaterUserName": "p***g"
}