{
    "cid": "xS1f7Hkwf",
    "authorUid": "bd-2215764494",
    "authorUserName": "p***g",
    "title": "Alcohol Consumption Per Country",
    "description": "The World Health Organization (WHO)'s breakdown of per capita alcohol\nconsumption among adults over 15.",
    "latestVersion": 4,
    "alwaysLatest": 1,
    "createTime": "2016-05-16T06:13:46.000Z",
    "lastUpdateTime": "2016-05-16T06:13:46.000Z",
    "auth": 2,
    "uid": "bd-2215764494",
    "publishedVersion": 0,
    "forkFrom": "-",
    "isSpam": 0,
    "version": 4,
    "parentVersion": 3,
    "echartsVersion": "3.1.9",
    "versionCreateTime": "2016-05-16T10:47:37.000Z",
    "html": "",
    "externalScripts": "https://cdn.bootcss.com/PapaParse/4.1.2/papaparse.min.js,/dep/echarts/map/js/world.js",
    "updaterUID": "bd-2215764494",
    "theme": "",
    "layout": "",
    "viewCount": 862,
    "userName": "p***g",
    "commentCount": 0,
    "starCount": 0,
    "isStared": 0,
    "thumbnailURL": "https://www.makeapie.com/ecg-storage/ec_gallery_thumbnail/xS1f7Hkwf.png?v=1463395658254",
    "isCustomThumbnail": 0,
    "builtinTags": [
        "category-work",
        "series-map",
        "title",
        "visualMap"
    ],
    "customTags": [],
    "updaterUserName": "p***g"
}