{
    "cid": "xSJNibj-f",
    "authorUid": "bd-2215764494",
    "authorUserName": "p***g",
    "title": "2016/04 ECharts 配置项查询分布",
    "description": "",
    "latestVersion": 1,
    "alwaysLatest": 1,
    "createTime": "2016-05-12T06:24:27.000Z",
    "lastUpdateTime": "2016-05-12T06:24:27.000Z",
    "auth": 2,
    "uid": "bd-2215764494",
    "publishedVersion": 0,
    "forkFrom": "-",
    "isSpam": 0,
    "version": 1,
    "parentVersion": -1,
    "echartsVersion": "3.1.9",
    "versionCreateTime": "2016-05-12T06:24:27.000Z",
    "html": "",
    "externalScripts": "",
    "updaterUID": "bd-2215764494",
    "theme": "vintage",
    "layout": "",
    "viewCount": 1859,
    "userName": "p***g",
    "commentCount": 0,
    "starCount": 4,
    "isStared": 0,
    "thumbnailURL": "https://www.makeapie.com/ecg-storage/ec_gallery_thumbnail/xSJNibj-f.png?v=1463034267921",
    "isCustomThumbnail": 0,
    "builtinTags": [
        "category-work",
        "series-treemap",
        "title",
        "tooltip"
    ],
    "customTags": [],
    "updaterUserName": "p***g"
}