{
    "cid": "xSkXTJGOM",
    "authorUid": "bd-2215764494",
    "authorUserName": "p***g",
    "title": "柱状图示例",
    "description": "https://segmentfault.com/q/1010000005137138",
    "latestVersion": 1,
    "alwaysLatest": 1,
    "createTime": "2016-05-17T03:27:54.000Z",
    "lastUpdateTime": "2016-05-17T03:27:54.000Z",
    "auth": 2,
    "uid": "bd-2215764494",
    "publishedVersion": 0,
    "forkFrom": "-",
    "isSpam": 0,
    "version": 1,
    "parentVersion": -1,
    "echartsVersion": "3.1.9",
    "versionCreateTime": "2016-05-17T03:27:54.000Z",
    "html": "",
    "externalScripts": "",
    "updaterUID": "bd-2215764494",
    "theme": "",
    "layout": "",
    "viewCount": 4202,
    "userName": "p***g",
    "commentCount": 0,
    "starCount": 14,
    "isStared": 0,
    "thumbnailURL": "https://www.makeapie.com/ecg-storage/ec_gallery_thumbnail/xSkXTJGOM.png?v=1463455675176",
    "isCustomThumbnail": 0,
    "builtinTags": [
        "category-work",
        "grid",
        "series-bar",
        "title"
    ],
    "customTags": [],
    "updaterUserName": "p***g"
}