{
    "cid": "xSy3z9pMG",
    "authorUid": "bd-2215764494",
    "authorUserName": "p***g",
    "title": "Sankey Diagram",
    "description": "",
    "latestVersion": 3,
    "alwaysLatest": 1,
    "createTime": "2016-05-13T03:29:24.000Z",
    "lastUpdateTime": "2016-05-13T03:29:35.000Z",
    "auth": 2,
    "uid": "bd-2215764494",
    "publishedVersion": 0,
    "forkFrom": "-",
    "isSpam": 0,
    "version": 3,
    "parentVersion": 2,
    "echartsVersion": "3.1.9",
    "versionCreateTime": "2016-05-13T05:51:32.000Z",
    "html": "",
    "externalScripts": "",
    "updaterUID": "bd-2215764494",
    "theme": "vintage",
    "layout": "",
    "viewCount": 4442,
    "userName": "p***g",
    "commentCount": 0,
    "starCount": 5,
    "isStared": 0,
    "thumbnailURL": "https://www.makeapie.com/ecg-storage/ec_gallery_thumbnail/xSy3z9pMG.png?v=1463118693126",
    "isCustomThumbnail": 0,
    "builtinTags": [
        "category-work",
        "series-sankey",
        "title",
        "tooltip"
    ],
    "customTags": [],
    "updaterUserName": "p***g"
}