{
    "cid": "x3QD3NOQbg",
    "authorUid": "obd-ojhRm8nb0Mdg5ce3jJ9iolPvqMrl6EH",
    "authorUserName": "跩***K",
    "title": "待提取数据",
    "description": "5624行",
    "latestVersion": 2,
    "alwaysLatest": 0,
    "createTime": "2021-12-01T05:58:43.000Z",
    "lastUpdateTime": "2021-12-01T06:12:03.000Z",
    "auth": 2,
    "uid": "obd-ojhRm8nb0Mdg5ce3jJ9iolPvqMrl6EH",
    "publishedVersion": 0,
    "forkFrom": "-",
    "isSpam": 0,
    "version": 2,
    "parentVersion": 1,
    "echartsVersion": "5.2.2",
    "versionCreateTime": "2021-12-01T06:12:03.000Z",
    "html": "",
    "externalScripts": "",
    "updaterUID": "obd-ojhRm8nb0Mdg5ce3jJ9iolPvqMrl6EH",
    "theme": "",
    "layout": "",
    "viewCount": 0,
    "userName": "跩***K",
    "commentCount": 0,
    "starCount": 0,
    "isStared": 0,
    "thumbnailURL": "https://www.makeapie.com/ecg-storage/ec_gallery_thumbnail/x3QD3NOQbg.png?v=1638339123911",
    "isCustomThumbnail": 0,
    "builtinTags": [
        "category-work",
        "series-pie",
        "title",
        "tooltip"
    ],
    "customTags": [],
    "updaterUserName": "跩***K"
}