{
    "cid": "xbrDaCVbI7",
    "authorUid": "obd-otxAEjVMrmwt7BT80l_akdGT1OHE08j",
    "authorUserName": "天***9",
    "title": "柱折图",
    "description": "柱折属性",
    "latestVersion": 1,
    "alwaysLatest": 0,
    "createTime": "2021-12-01T07:11:27.000Z",
    "lastUpdateTime": "2021-12-01T07:11:27.000Z",
    "auth": 2,
    "uid": "obd-otxAEjVMrmwt7BT80l_akdGT1OHE08j",
    "publishedVersion": 0,
    "forkFrom": "-",
    "isSpam": 0,
    "version": 1,
    "parentVersion": -1,
    "echartsVersion": "5.2.2",
    "versionCreateTime": "2021-12-01T07:11:27.000Z",
    "html": "",
    "externalScripts": "",
    "updaterUID": "obd-otxAEjVMrmwt7BT80l_akdGT1OHE08j",
    "theme": "",
    "layout": "",
    "viewCount": 0,
    "userName": "天***9",
    "commentCount": 0,
    "starCount": 0,
    "isStared": 0,
    "thumbnailURL": "https://www.makeapie.com/ecg-storage/ec_gallery_thumbnail/xbrDaCVbI7.png?v=1638342687398",
    "isCustomThumbnail": 0,
    "builtinTags": [
        "category-work",
        "grid",
        "legend",
        "series-bar",
        "series-line",
        "title",
        "tooltip"
    ],
    "customTags": [],
    "updaterUserName": "天***9"
}