{
    "cid": "xeHAooILVW",
    "authorUid": "obd-oNbF8V9QSyAff6lRTwUN5RFFEpo2UCD",
    "authorUserName": "y***_",
    "title": "双向柱状图",
    "description": "",
    "latestVersion": 1,
    "alwaysLatest": 1,
    "createTime": "2021-11-29T09:48:52.000Z",
    "lastUpdateTime": "2021-11-29T09:48:52.000Z",
    "auth": 2,
    "uid": "obd-oNbF8V9QSyAff6lRTwUN5RFFEpo2UCD",
    "publishedVersion": 0,
    "forkFrom": "-",
    "isSpam": 0,
    "version": 1,
    "parentVersion": -1,
    "echartsVersion": "5.2.2",
    "versionCreateTime": "2021-11-29T09:48:52.000Z",
    "html": "",
    "externalScripts": "",
    "updaterUID": "obd-oNbF8V9QSyAff6lRTwUN5RFFEpo2UCD",
    "theme": "",
    "layout": "",
    "viewCount": 0,
    "userName": "y***_",
    "commentCount": 0,
    "starCount": 4,
    "isStared": 0,
    "thumbnailURL": "https://www.makeapie.com/ecg-storage/ec_gallery_thumbnail/xeHAooILVW.png?v=1638179332850",
    "isCustomThumbnail": 0,
    "builtinTags": [
        "category-work",
        "grid",
        "series-bar",
        "tooltip"
    ],
    "customTags": [],
    "updaterUserName": "y***_"
}