{
    "cid": "xgy-0wK6vj",
    "authorUid": "obd-ojhRm8nb0Mdg5ce3jJ9iolPvqMrl6EH",
    "authorUserName": "跩***K",
    "title": "小环图",
    "description": "",
    "latestVersion": 1,
    "alwaysLatest": 0,
    "createTime": "2021-11-29T11:31:30.000Z",
    "lastUpdateTime": "2021-11-29T11:31:30.000Z",
    "auth": 2,
    "uid": "obd-ojhRm8nb0Mdg5ce3jJ9iolPvqMrl6EH",
    "publishedVersion": 0,
    "forkFrom": "-",
    "isSpam": 0,
    "version": 1,
    "parentVersion": -1,
    "echartsVersion": "5.2.2",
    "versionCreateTime": "2021-11-29T11:31:30.000Z",
    "html": "",
    "externalScripts": "",
    "updaterUID": "obd-ojhRm8nb0Mdg5ce3jJ9iolPvqMrl6EH",
    "theme": "",
    "layout": "",
    "viewCount": 0,
    "userName": "跩***K",
    "commentCount": 0,
    "starCount": 1,
    "isStared": 0,
    "thumbnailURL": "https://www.makeapie.com/ecg-storage/ec_gallery_thumbnail/xgy-0wK6vj.png?v=1638185490858",
    "isCustomThumbnail": 0,
    "builtinTags": [
        "category-work",
        "graphic",
        "legend",
        "series-pie",
        "toolbox",
        "tooltip"
    ],
    "customTags": [],
    "updaterUserName": "跩***K"
}