{
    "cid": "xHA3ApBzjc",
    "authorUid": "obd-oMLbfwM7lRUCiBfrIF3uVAHIPC9Qa2u",
    "authorUserName": "t***1",
    "title": "流量水球图",
    "description": "具体样式自行在修改",
    "latestVersion": 1,
    "alwaysLatest": 0,
    "createTime": "2021-11-30T09:53:01.000Z",
    "lastUpdateTime": "2021-11-30T09:53:01.000Z",
    "auth": 2,
    "uid": "obd-oMLbfwM7lRUCiBfrIF3uVAHIPC9Qa2u",
    "publishedVersion": 0,
    "forkFrom": "-",
    "isSpam": 0,
    "version": 1,
    "parentVersion": -1,
    "echartsVersion": "4.9.0",
    "versionCreateTime": "2021-11-30T09:53:01.000Z",
    "html": "",
    "externalScripts": "https://cdn.jsdelivr.net/npm/echarts-liquidfill@2/dist/echarts-liquidfill.min.js",
    "updaterUID": "obd-oMLbfwM7lRUCiBfrIF3uVAHIPC9Qa2u",
    "theme": "",
    "layout": "",
    "viewCount": 0,
    "userName": "t***1",
    "commentCount": 0,
    "starCount": 1,
    "isStared": 0,
    "thumbnailURL": "https://www.makeapie.com/ecg-storage/ec_gallery_thumbnail/xHA3ApBzjc.png?v=1638265981268",
    "isCustomThumbnail": 0,
    "builtinTags": [
        "category-work",
        "series-liquidFill",
        "title"
    ],
    "customTags": [],
    "updaterUserName": "t***1"
}