{
    "cid": "xiiQKOZaVw",
    "authorUid": "obd-oj4MZxYfhXWjiBgh8zRr4RQGpVufeD4",
    "authorUserName": "g***u",
    "title": "立体多类型堆叠",
    "description": "可爱的需求(平复下自己的心情，收起39米的大刀)提出要3D立体的、多类型的、层叠的柱状图。喏，我就只能做成这个鬼样子了",
    "latestVersion": 1,
    "alwaysLatest": 0,
    "createTime": "2021-11-30T03:11:36.000Z",
    "lastUpdateTime": "2021-11-30T03:11:36.000Z",
    "auth": 2,
    "uid": "obd-oj4MZxYfhXWjiBgh8zRr4RQGpVufeD4",
    "publishedVersion": 0,
    "forkFrom": "-",
    "isSpam": 0,
    "version": 1,
    "parentVersion": -1,
    "echartsVersion": "5.2.2",
    "versionCreateTime": "2021-11-30T03:11:36.000Z",
    "html": "",
    "externalScripts": "",
    "updaterUID": "obd-oj4MZxYfhXWjiBgh8zRr4RQGpVufeD4",
    "theme": "",
    "layout": "",
    "viewCount": 0,
    "userName": "g***u",
    "commentCount": 0,
    "starCount": 1,
    "isStared": 0,
    "thumbnailURL": "https://www.makeapie.com/ecg-storage/ec_gallery_thumbnail/xiiQKOZaVw.png?v=1638241896289",
    "isCustomThumbnail": 0,
    "builtinTags": [
        "category-work",
        "dataZoom",
        "grid",
        "legend",
        "series-bar",
        "series-pictorialBar",
        "tooltip"
    ],
    "customTags": [],
    "updaterUserName": "g***u"
}