{
    "cid": "xiJh-5VLRG",
    "authorUid": "obd-oAhFX8QG0qEnDVJvSw2YjZSq5ITu27v",
    "authorUserName": "沉***控",
    "title": "圆环图",
    "description": "",
    "latestVersion": 2,
    "alwaysLatest": 0,
    "createTime": "2021-11-30T06:34:14.000Z",
    "lastUpdateTime": "2021-11-30T06:35:15.000Z",
    "auth": 2,
    "uid": "obd-oAhFX8QG0qEnDVJvSw2YjZSq5ITu27v",
    "publishedVersion": 0,
    "forkFrom": "-",
    "isSpam": 0,
    "version": 2,
    "parentVersion": 1,
    "echartsVersion": "5.2.2",
    "versionCreateTime": "2021-11-30T06:35:15.000Z",
    "html": "",
    "externalScripts": "",
    "updaterUID": "obd-oAhFX8QG0qEnDVJvSw2YjZSq5ITu27v",
    "theme": "",
    "layout": "",
    "viewCount": 0,
    "userName": "沉***控",
    "commentCount": 0,
    "starCount": 0,
    "isStared": 0,
    "thumbnailURL": "https://www.makeapie.com/ecg-storage/ec_gallery_thumbnail/xiJh-5VLRG.png?v=1638254115166",
    "isCustomThumbnail": 0,
    "builtinTags": [
        "category-work",
        "polar",
        "series-bar"
    ],
    "customTags": [],
    "updaterUserName": "沉***控"
}