{
    "cid": "xkGaylAg8S",
    "authorUid": "obd-o2mg1MLO6aQbBNs4hqs_9YMJDDPeFBg",
    "authorUserName": "0***s",
    "title": "归途",
    "description": "哈哈",
    "latestVersion": 1,
    "alwaysLatest": 0,
    "createTime": "2021-11-30T10:05:41.000Z",
    "lastUpdateTime": "2021-11-30T10:05:41.000Z",
    "auth": 1,
    "uid": "obd-o2mg1MLO6aQbBNs4hqs_9YMJDDPeFBg",
    "publishedVersion": 0,
    "forkFrom": "-",
    "isSpam": 0,
    "version": 1,
    "parentVersion": -1,
    "echartsVersion": "5.2.2",
    "versionCreateTime": "2021-11-30T10:05:41.000Z",
    "html": "",
    "externalScripts": "",
    "updaterUID": "obd-o2mg1MLO6aQbBNs4hqs_9YMJDDPeFBg",
    "theme": "",
    "layout": "",
    "viewCount": 0,
    "userName": "0***s",
    "commentCount": 0,
    "starCount": 1,
    "isStared": 0,
    "thumbnailURL": "https://www.makeapie.com/ecg-storage/ec_gallery_thumbnail/xkGaylAg8S.png?v=1638266742083",
    "isCustomThumbnail": 0,
    "builtinTags": [
        "category-work",
        "geo",
        "series-effectScatter",
        "series-map"
    ],
    "customTags": [],
    "updaterUserName": "0***s"
}