{
    "cid": "xlaUM9a-UZ",
    "authorUid": "obd-ojhRm8nb0Mdg5ce3jJ9iolPvqMrl6EH",
    "authorUserName": "跩***K",
    "title": "磁盘占用情况",
    "description": "",
    "latestVersion": 2,
    "alwaysLatest": 0,
    "createTime": "2021-11-30T08:59:53.000Z",
    "lastUpdateTime": "2021-11-30T09:05:54.000Z",
    "auth": 2,
    "uid": "obd-ojhRm8nb0Mdg5ce3jJ9iolPvqMrl6EH",
    "publishedVersion": 0,
    "forkFrom": "-",
    "isSpam": 0,
    "version": 2,
    "parentVersion": 1,
    "echartsVersion": "5.2.2",
    "versionCreateTime": "2021-11-30T09:05:55.000Z",
    "html": "",
    "externalScripts": "",
    "updaterUID": "obd-ojhRm8nb0Mdg5ce3jJ9iolPvqMrl6EH",
    "theme": "",
    "layout": "",
    "viewCount": 0,
    "userName": "跩***K",
    "commentCount": 0,
    "starCount": 0,
    "isStared": 0,
    "thumbnailURL": "https://www.makeapie.com/ecg-storage/ec_gallery_thumbnail/xlaUM9a-UZ.png?v=1638263155089",
    "isCustomThumbnail": 0,
    "builtinTags": [
        "category-work",
        "legend",
        "series-pie",
        "title",
        "tooltip"
    ],
    "customTags": [],
    "updaterUserName": "跩***K"
}