{
    "cid": "xlc5Rg0nD9",
    "authorUid": "obd-otxAEjVMrmwt7BT80l_akdGT1OHE08j",
    "authorUserName": "天***9",
    "title": "雷达折点图",
    "description": "雷达和折点结合",
    "latestVersion": 1,
    "alwaysLatest": 0,
    "createTime": "2021-12-01T07:18:37.000Z",
    "lastUpdateTime": "2021-12-01T07:18:37.000Z",
    "auth": 2,
    "uid": "obd-otxAEjVMrmwt7BT80l_akdGT1OHE08j",
    "publishedVersion": 0,
    "forkFrom": "-",
    "isSpam": 0,
    "version": 1,
    "parentVersion": -1,
    "echartsVersion": "5.2.2",
    "versionCreateTime": "2021-12-01T07:18:37.000Z",
    "html": "",
    "externalScripts": "",
    "updaterUID": "obd-otxAEjVMrmwt7BT80l_akdGT1OHE08j",
    "theme": "",
    "layout": "",
    "viewCount": 0,
    "userName": "天***9",
    "commentCount": 0,
    "starCount": 0,
    "isStared": 0,
    "thumbnailURL": "https://www.makeapie.com/ecg-storage/ec_gallery_thumbnail/xlc5Rg0nD9.png?v=1638343117239",
    "isCustomThumbnail": 0,
    "builtinTags": [
        "category-work",
        "legend",
        "radar",
        "series-radar",
        "title",
        "tooltip"
    ],
    "customTags": [],
    "updaterUserName": "天***9"
}