{
    "cid": "xpPWTm9VJK",
    "authorUid": "obd-oFd64iLxhAywTLaUchf9ttBthjei75o",
    "authorUserName": "毛***羽",
    "title": "test",
    "description": "",
    "latestVersion": 2,
    "alwaysLatest": 0,
    "createTime": "2021-11-30T08:52:04.000Z",
    "lastUpdateTime": "2021-11-30T09:02:40.000Z",
    "auth": 2,
    "uid": "obd-oFd64iLxhAywTLaUchf9ttBthjei75o",
    "publishedVersion": 0,
    "forkFrom": "-",
    "isSpam": 0,
    "version": 2,
    "parentVersion": 1,
    "echartsVersion": "5.2.2",
    "versionCreateTime": "2021-11-30T09:02:40.000Z",
    "html": "",
    "externalScripts": "",
    "updaterUID": "obd-oFd64iLxhAywTLaUchf9ttBthjei75o",
    "theme": "",
    "layout": "",
    "viewCount": 0,
    "userName": "毛***羽",
    "commentCount": 0,
    "starCount": 1,
    "isStared": 0,
    "thumbnailURL": "https://www.makeapie.com/ecg-storage/ec_gallery_thumbnail/xpPWTm9VJK.png?v=1638262960315",
    "isCustomThumbnail": 0,
    "builtinTags": [
        "category-work",
        "grid",
        "legend",
        "series-bar",
        "series-line",
        "tooltip"
    ],
    "customTags": [],
    "updaterUserName": "毛***羽"
}