{
    "cid": "xrBV9VKTRO",
    "authorUid": "obd-oDoZIY2Utcmo-T-oDy9pwF--e8gVz15",
    "authorUserName": "q***6",
    "title": "仪表盘",
    "description": "",
    "latestVersion": 3,
    "alwaysLatest": 0,
    "createTime": "2021-12-01T09:03:34.000Z",
    "lastUpdateTime": "2021-12-01T09:14:05.000Z",
    "auth": 2,
    "uid": "obd-oDoZIY2Utcmo-T-oDy9pwF--e8gVz15",
    "publishedVersion": 0,
    "forkFrom": "-",
    "isSpam": 0,
    "version": 3,
    "parentVersion": 2,
    "echartsVersion": "5.2.2",
    "versionCreateTime": "2021-12-01T09:14:05.000Z",
    "html": "",
    "externalScripts": "",
    "updaterUID": "obd-oDoZIY2Utcmo-T-oDy9pwF--e8gVz15",
    "theme": "",
    "layout": "",
    "viewCount": 0,
    "userName": "q***6",
    "commentCount": 0,
    "starCount": 3,
    "isStared": 0,
    "thumbnailURL": "https://www.makeapie.com/ecg-storage/ec_gallery_thumbnail/xrBV9VKTRO.png?v=1638350045990",
    "isCustomThumbnail": 0,
    "builtinTags": [
        "category-work",
        "series-gauge"
    ],
    "customTags": [],
    "updaterUserName": "q***6"
}