{
    "cid": "xTmxRpCQbL",
    "authorUid": "obd-ojhRm8nb0Mdg5ce3jJ9iolPvqMrl6EH",
    "authorUserName": "跩***K",
    "title": "通过率/数据质量评价",
    "description": "",
    "latestVersion": 3,
    "alwaysLatest": 0,
    "createTime": "2021-11-30T07:32:52.000Z",
    "lastUpdateTime": "2021-12-23T02:43:29.000Z",
    "auth": 1,
    "uid": "obd-ojhRm8nb0Mdg5ce3jJ9iolPvqMrl6EH",
    "publishedVersion": 0,
    "forkFrom": "-",
    "isSpam": 0,
    "version": 3,
    "parentVersion": 2,
    "echartsVersion": "5.2.2",
    "versionCreateTime": "2021-12-23T02:43:29.000Z",
    "html": "",
    "externalScripts": "",
    "updaterUID": "obd-ojdzXiK2bgzv5mP3a5elLqhMuavlKEL",
    "theme": "",
    "layout": "",
    "viewCount": 0,
    "userName": "跩***K",
    "commentCount": 0,
    "starCount": 2,
    "isStared": 0,
    "thumbnailURL": "https://www.makeapie.com/ecg-storage/ec_gallery_thumbnail/xTmxRpCQbL.png?v=1640227409568",
    "isCustomThumbnail": 0,
    "builtinTags": [
        "category-work",
        "legend",
        "series-pie",
        "title",
        "tooltip"
    ],
    "customTags": [],
    "updaterUserName": "爱***r"
}