{
    "cid": "xuFzSwEWaQ",
    "authorUid": "bd-1624748243",
    "authorUserName": "l***3",
    "title": "堆叠饼图",
    "description": "右侧lend自定义,嵌套饼图",
    "latestVersion": 1,
    "alwaysLatest": 0,
    "createTime": "2021-12-01T03:51:39.000Z",
    "lastUpdateTime": "2021-12-01T03:51:39.000Z",
    "auth": 1,
    "uid": "bd-1624748243",
    "publishedVersion": 0,
    "forkFrom": "-",
    "isSpam": 0,
    "version": 1,
    "parentVersion": -1,
    "echartsVersion": "5.2.2",
    "versionCreateTime": "2021-12-01T03:51:39.000Z",
    "html": "",
    "externalScripts": "",
    "updaterUID": "bd-1624748243",
    "theme": "",
    "layout": "",
    "viewCount": 0,
    "userName": "l***3",
    "commentCount": 0,
    "starCount": 0,
    "isStared": 0,
    "thumbnailURL": "https://www.makeapie.com/ecg-storage/ec_gallery_thumbnail/xuFzSwEWaQ.png?v=1638330699455",
    "isCustomThumbnail": 0,
    "builtinTags": [
        "category-work",
        "legend",
        "series-pie"
    ],
    "customTags": [],
    "updaterUserName": "l***3"
}