{
    "cid": "xvVr6bQOfp",
    "authorUid": "obd-ojhRm8nb0Mdg5ce3jJ9iolPvqMrl6EH",
    "authorUserName": "跩***K",
    "title": "导入/清洗入库数据量",
    "description": "",
    "latestVersion": 1,
    "alwaysLatest": 0,
    "createTime": "2021-11-30T03:27:53.000Z",
    "lastUpdateTime": "2021-11-30T03:27:53.000Z",
    "auth": 1,
    "uid": "obd-ojhRm8nb0Mdg5ce3jJ9iolPvqMrl6EH",
    "publishedVersion": 0,
    "forkFrom": "-",
    "isSpam": 0,
    "version": 1,
    "parentVersion": -1,
    "echartsVersion": "5.2.2",
    "versionCreateTime": "2021-11-30T03:27:53.000Z",
    "html": "",
    "externalScripts": "",
    "updaterUID": "obd-ojhRm8nb0Mdg5ce3jJ9iolPvqMrl6EH",
    "theme": "",
    "layout": "",
    "viewCount": 0,
    "userName": "跩***K",
    "commentCount": 0,
    "starCount": 0,
    "isStared": 0,
    "thumbnailURL": "https://www.makeapie.com/ecg-storage/ec_gallery_thumbnail/xvVr6bQOfp.png?v=1638242873824",
    "isCustomThumbnail": 0,
    "builtinTags": [
        "category-work",
        "grid",
        "legend",
        "series-bar",
        "title",
        "tooltip"
    ],
    "customTags": [],
    "updaterUserName": "跩***K"
}