{
    "cid": "xWLlfr4cBX",
    "authorUid": "obd-oMZboHfkOCO8vSHtpa3iJelPGV7_-2j",
    "authorUserName": "距***离",
    "title": "柱图加线",
    "description": "",
    "latestVersion": 2,
    "alwaysLatest": 0,
    "createTime": "2021-12-01T08:04:39.000Z",
    "lastUpdateTime": "2021-12-01T08:43:26.000Z",
    "auth": 2,
    "uid": "obd-oMZboHfkOCO8vSHtpa3iJelPGV7_-2j",
    "publishedVersion": 0,
    "forkFrom": "-",
    "isSpam": 0,
    "version": 2,
    "parentVersion": 1,
    "echartsVersion": "5.2.2",
    "versionCreateTime": "2021-12-01T08:43:26.000Z",
    "html": "",
    "externalScripts": "",
    "updaterUID": "obd-oMZboHfkOCO8vSHtpa3iJelPGV7_-2j",
    "theme": "",
    "layout": "",
    "viewCount": 0,
    "userName": "距***离",
    "commentCount": 0,
    "starCount": 0,
    "isStared": 0,
    "thumbnailURL": "https://www.makeapie.com/ecg-storage/ec_gallery_thumbnail/xWLlfr4cBX.png?v=1638348206504",
    "isCustomThumbnail": 0,
    "builtinTags": [
        "category-work",
        "grid",
        "series-bar",
        "series-line",
        "series-pictorialBar",
        "tooltip"
    ],
    "customTags": [],
    "updaterUserName": "距***离"
}