{
    "cid": "xwO_VRTOk8",
    "authorUid": "bd-2469886102",
    "authorUserName": "芊***8",
    "title": "词云",
    "description": "",
    "latestVersion": 1,
    "alwaysLatest": 0,
    "createTime": "2021-12-01T06:05:50.000Z",
    "lastUpdateTime": "2021-12-01T06:05:50.000Z",
    "auth": 1,
    "uid": "bd-2469886102",
    "publishedVersion": 0,
    "forkFrom": "-",
    "isSpam": 0,
    "version": 1,
    "parentVersion": -1,
    "echartsVersion": "5.2.2",
    "versionCreateTime": "2021-12-01T06:05:50.000Z",
    "html": "",
    "externalScripts": "https://cdn.jsdelivr.net/npm/echarts-wordcloud@2/dist/echarts-wordcloud.min.js",
    "updaterUID": "bd-2469886102",
    "theme": "",
    "layout": "",
    "viewCount": 0,
    "userName": "芊***8",
    "commentCount": 0,
    "starCount": 2,
    "isStared": 0,
    "thumbnailURL": "https://www.makeapie.com/ecg-storage/ec_gallery_thumbnail/xwO_VRTOk8.png?v=1638338751293",
    "isCustomThumbnail": 0,
    "builtinTags": [
        "category-work",
        "series-wordCloud",
        "tooltip"
    ],
    "customTags": [],
    "updaterUserName": "芊***8"
}