{
    "cid": "xZ-8DKaOqd",
    "authorUid": "obd-oEygZsDTLxuwmnak0OUEpb82X1KBU4e",
    "authorUserName": "谢***4",
    "title": "雷达图",
    "description": "",
    "latestVersion": 1,
    "alwaysLatest": 0,
    "createTime": "2021-12-01T07:11:38.000Z",
    "lastUpdateTime": "2021-12-01T07:11:38.000Z",
    "auth": 1,
    "uid": "obd-oEygZsDTLxuwmnak0OUEpb82X1KBU4e",
    "publishedVersion": 0,
    "forkFrom": "-",
    "isSpam": 0,
    "version": 1,
    "parentVersion": -1,
    "echartsVersion": "5.2.2",
    "versionCreateTime": "2021-12-01T07:11:38.000Z",
    "html": "",
    "externalScripts": "",
    "updaterUID": "obd-oEygZsDTLxuwmnak0OUEpb82X1KBU4e",
    "theme": "",
    "layout": "",
    "viewCount": 0,
    "userName": "谢***4",
    "commentCount": 0,
    "starCount": 4,
    "isStared": 0,
    "thumbnailURL": "https://www.makeapie.com/ecg-storage/ec_gallery_thumbnail/xZ-8DKaOqd.png?v=1638342698833",
    "isCustomThumbnail": 0,
    "builtinTags": [
        "category-work",
        "radar",
        "series-radar"
    ],
    "customTags": [],
    "updaterUserName": "谢***4"
}