{
    "cid": "x0vgsHMDpg",
    "authorUid": "bd-258377155",
    "authorUserName": "最***虎",
    "title": "波浪线",
    "description": "",
    "latestVersion": 1,
    "alwaysLatest": 1,
    "createTime": "2019-08-22T11:17:38.000Z",
    "lastUpdateTime": "2019-08-22T11:17:38.000Z",
    "auth": 2,
    "uid": "bd-258377155",
    "publishedVersion": 0,
    "forkFrom": "-",
    "isSpam": 0,
    "version": 1,
    "parentVersion": -1,
    "echartsVersion": "4.2.1",
    "versionCreateTime": "2019-08-22T11:17:38.000Z",
    "html": "",
    "externalScripts": "",
    "updaterUID": "bd-258377155",
    "theme": "",
    "layout": "",
    "viewCount": 771,
    "userName": "最***虎",
    "commentCount": 0,
    "starCount": 4,
    "isStared": 0,
    "thumbnailURL": "https://www.makeapie.com/ecg-storage/ec_gallery_thumbnail/x0vgsHMDpg.png?v=1566472658824",
    "isCustomThumbnail": 0,
    "builtinTags": [
        "category-work",
        "grid",
        "legend",
        "series-line",
        "title",
        "tooltip"
    ],
    "customTags": [],
    "updaterUserName": "最***虎"
}