{
    "cid": "xdrf0FtcE9",
    "authorUid": "bd-171648521",
    "authorUserName": "绿***绿",
    "title": "仪表盘",
    "description": "仪表盘",
    "latestVersion": 3,
    "alwaysLatest": 1,
    "createTime": "2019-08-20T08:38:38.000Z",
    "lastUpdateTime": "2019-08-20T08:38:38.000Z",
    "auth": 2,
    "uid": "bd-171648521",
    "publishedVersion": 0,
    "forkFrom": "-",
    "isSpam": 0,
    "version": 3,
    "parentVersion": 1,
    "echartsVersion": "4.2.1",
    "versionCreateTime": "2019-08-20T09:10:42.000Z",
    "html": "",
    "externalScripts": "",
    "updaterUID": "bd-171648521",
    "theme": "",
    "layout": "",
    "viewCount": 664,
    "userName": "绿***绿",
    "commentCount": 0,
    "starCount": 4,
    "isStared": 0,
    "thumbnailURL": "https://www.makeapie.com/ecg-storage/ec_gallery_thumbnail/xdrf0FtcE9.png?v=1566292242448",
    "isCustomThumbnail": 0,
    "builtinTags": [
        "category-work",
        "series-gauge",
        "title",
        "tooltip"
    ],
    "customTags": [],
    "updaterUserName": "绿***绿"
}