{
    "cid": "xfa7Mkxz9vU",
    "authorUid": "bd-1631520711",
    "authorUserName": "孤***回",
    "title": "上下阈值折线图",
    "description": "阈值上下颜色不同",
    "latestVersion": 1,
    "alwaysLatest": 1,
    "createTime": "2019-08-23T03:39:58.000Z",
    "lastUpdateTime": "2019-08-23T03:39:58.000Z",
    "auth": 2,
    "uid": "bd-1631520711",
    "publishedVersion": 0,
    "forkFrom": "-",
    "isSpam": 0,
    "version": 1,
    "parentVersion": -1,
    "echartsVersion": "4.2.1",
    "versionCreateTime": "2019-08-23T03:39:58.000Z",
    "html": "",
    "externalScripts": "",
    "updaterUID": "bd-1631520711",
    "theme": "",
    "layout": "",
    "viewCount": 197,
    "userName": "孤***回",
    "commentCount": 0,
    "starCount": 0,
    "isStared": 0,
    "thumbnailURL": "https://www.makeapie.com/ecg-storage/ec_gallery_thumbnail/xfa7Mkxz9vU.png?v=1566531598926",
    "isCustomThumbnail": 0,
    "builtinTags": [
        "category-work",
        "grid",
        "legend",
        "markLine",
        "series-line",
        "tooltip",
        "visualMap"
    ],
    "customTags": [
        "line",
        "markline",
        "visuaMap"
    ],
    "updaterUserName": "孤***回"
}