{
    "cid": "xGByJNrKaR",
    "authorUid": "bd-2469095704",
    "authorUserName": "旺***湾",
    "title": "明了显示百分比",
    "description": "明了显示百分比",
    "latestVersion": 2,
    "alwaysLatest": 1,
    "createTime": "2019-08-21T03:08:31.000Z",
    "lastUpdateTime": "2019-08-21T03:08:31.000Z",
    "auth": 2,
    "uid": "bd-2469095704",
    "publishedVersion": 0,
    "forkFrom": "-",
    "isSpam": 0,
    "version": 2,
    "parentVersion": 1,
    "echartsVersion": "4.2.1",
    "versionCreateTime": "2019-08-21T03:09:23.000Z",
    "html": "",
    "externalScripts": "",
    "updaterUID": "bd-2469095704",
    "theme": "",
    "layout": "",
    "viewCount": 647,
    "userName": "旺***湾",
    "commentCount": 0,
    "starCount": 7,
    "isStared": 0,
    "thumbnailURL": "https://www.makeapie.com/ecg-storage/ec_gallery_thumbnail/xGByJNrKaR.png?v=1566356963658",
    "isCustomThumbnail": 0,
    "builtinTags": [
        "category-work",
        "grid",
        "series-bar"
    ],
    "customTags": [],
    "updaterUserName": "旺***湾"
}