{
    "cid": "xgwoYN3JFJ",
    "authorUid": "bd-3996849279",
    "authorUserName": "N***1",
    "title": "项目进程",
    "description": "",
    "latestVersion": 5,
    "alwaysLatest": 1,
    "createTime": "2019-08-23T01:50:24.000Z",
    "lastUpdateTime": "2019-08-23T01:50:24.000Z",
    "auth": 2,
    "uid": "bd-3996849279",
    "publishedVersion": 0,
    "forkFrom": "-",
    "isSpam": 0,
    "version": 5,
    "parentVersion": 4,
    "echartsVersion": "4.2.1",
    "versionCreateTime": "2019-08-23T13:15:11.000Z",
    "html": "",
    "externalScripts": "",
    "updaterUID": "bd-3996849279",
    "theme": "",
    "layout": "",
    "viewCount": 217,
    "userName": "N***1",
    "commentCount": 0,
    "starCount": 2,
    "isStared": 0,
    "thumbnailURL": "https://www.makeapie.com/ecg-storage/ec_gallery_thumbnail/xgwoYN3JFJ.png?v=1566566111547",
    "isCustomThumbnail": 0,
    "builtinTags": [
        "category-work",
        "grid",
        "series-bar",
        "title",
        "tooltip"
    ],
    "customTags": [],
    "updaterUserName": "N***1"
}