{
    "cid": "xJWWI6qAml",
    "authorUid": "bd-171648521",
    "authorUserName": "绿***绿",
    "title": "仪表盘",
    "description": "仪表盘",
    "latestVersion": 2,
    "alwaysLatest": 1,
    "createTime": "2019-08-20T09:14:34.000Z",
    "lastUpdateTime": "2019-08-20T09:14:34.000Z",
    "auth": 2,
    "uid": "bd-171648521",
    "publishedVersion": 0,
    "forkFrom": "-",
    "isSpam": 0,
    "version": 2,
    "parentVersion": 1,
    "echartsVersion": "4.2.1",
    "versionCreateTime": "2019-08-20T09:30:36.000Z",
    "html": "",
    "externalScripts": "",
    "updaterUID": "bd-171648521",
    "theme": "",
    "layout": "",
    "viewCount": 425,
    "userName": "绿***绿",
    "commentCount": 0,
    "starCount": 2,
    "isStared": 0,
    "thumbnailURL": "https://www.makeapie.com/ecg-storage/ec_gallery_thumbnail/xJWWI6qAml.png?v=1566293436265",
    "isCustomThumbnail": 0,
    "builtinTags": [
        "category-work",
        "series-gauge",
        "toolbox",
        "tooltip"
    ],
    "customTags": [],
    "updaterUserName": "绿***绿"
}