{
    "cid": "xmCCJfCRke",
    "authorUid": "bd-3773765287",
    "authorUserName": "大***边",
    "title": "动态柱状",
    "description": "",
    "latestVersion": 1,
    "alwaysLatest": 1,
    "createTime": "2019-08-22T03:06:22.000Z",
    "lastUpdateTime": "2019-08-22T03:06:22.000Z",
    "auth": 2,
    "uid": "bd-3773765287",
    "publishedVersion": 0,
    "forkFrom": "-",
    "isSpam": 0,
    "version": 1,
    "parentVersion": -1,
    "echartsVersion": "4.2.1",
    "versionCreateTime": "2019-08-22T03:06:22.000Z",
    "html": "",
    "externalScripts": "",
    "updaterUID": "bd-3773765287",
    "theme": "",
    "layout": "",
    "viewCount": 313,
    "userName": "大***边",
    "commentCount": 0,
    "starCount": 3,
    "isStared": 0,
    "thumbnailURL": "https://www.makeapie.com/ecg-storage/ec_gallery_thumbnail/xmCCJfCRke.png?v=1566443182655",
    "isCustomThumbnail": 0,
    "builtinTags": [
        "category-work",
        "grid",
        "legend",
        "series-bar",
        "timeline",
        "tooltip"
    ],
    "customTags": [],
    "updaterUserName": "大***边"
}