{
    "cid": "xnPivwRr-W",
    "authorUid": "bd-1398140008",
    "authorUserName": "时***n",
    "title": "左右两边柱状对比图",
    "description": "",
    "latestVersion": 2,
    "alwaysLatest": 1,
    "createTime": "2019-08-20T09:25:20.000Z",
    "lastUpdateTime": "2019-08-20T09:25:20.000Z",
    "auth": 1,
    "uid": "bd-1398140008",
    "publishedVersion": 0,
    "forkFrom": "-",
    "isSpam": 0,
    "version": 2,
    "parentVersion": 1,
    "echartsVersion": "4.2.1",
    "versionCreateTime": "2019-08-20T09:26:53.000Z",
    "html": "",
    "externalScripts": "",
    "updaterUID": "bd-1398140008",
    "theme": "",
    "layout": "",
    "viewCount": 86,
    "userName": "时***n",
    "commentCount": 0,
    "starCount": 1,
    "isStared": 0,
    "thumbnailURL": "https://www.makeapie.com/ecg-storage/ec_gallery_thumbnail/xnPivwRr-W.png?v=1566293214043",
    "isCustomThumbnail": 0,
    "builtinTags": [
        "category-work",
        "grid",
        "legend",
        "series-bar",
        "title",
        "tooltip"
    ],
    "customTags": [],
    "updaterUserName": "时***n"
}