{
    "cid": "xQ-GQZq9VX",
    "authorUid": "bd-3773765287",
    "authorUserName": "大***边",
    "title": "荷叶图点击联动",
    "description": "",
    "latestVersion": 2,
    "alwaysLatest": 1,
    "createTime": "2019-08-22T04:05:22.000Z",
    "lastUpdateTime": "2019-08-22T04:05:22.000Z",
    "auth": 2,
    "uid": "bd-3773765287",
    "publishedVersion": 0,
    "forkFrom": "-",
    "isSpam": 0,
    "version": 2,
    "parentVersion": 1,
    "echartsVersion": "4.2.1",
    "versionCreateTime": "2019-08-22T04:05:51.000Z",
    "html": "",
    "externalScripts": "",
    "updaterUID": "bd-3773765287",
    "theme": "",
    "layout": "",
    "viewCount": 315,
    "userName": "大***边",
    "commentCount": 0,
    "starCount": 5,
    "isStared": 0,
    "thumbnailURL": "https://www.makeapie.com/ecg-storage/ec_gallery_thumbnail/xQ-GQZq9VX.png?v=1566446751115",
    "isCustomThumbnail": 0,
    "builtinTags": [
        "category-work",
        "legend",
        "series-pie",
        "tooltip"
    ],
    "customTags": [],
    "updaterUserName": "大***边"
}