{
    "cid": "xsxM4Jnvym",
    "authorUid": "bd-1631520711",
    "authorUserName": "孤***回",
    "title": "上下渐变的折线图",
    "description": "上下渐变的折线图",
    "latestVersion": 1,
    "alwaysLatest": 1,
    "createTime": "2019-08-23T03:20:54.000Z",
    "lastUpdateTime": "2019-08-23T03:20:54.000Z",
    "auth": 2,
    "uid": "bd-1631520711",
    "publishedVersion": 0,
    "forkFrom": "-",
    "isSpam": 0,
    "version": 1,
    "parentVersion": -1,
    "echartsVersion": "4.2.1",
    "versionCreateTime": "2019-08-23T03:20:54.000Z",
    "html": "",
    "externalScripts": "",
    "updaterUID": "bd-1631520711",
    "theme": "",
    "layout": "",
    "viewCount": 25,
    "userName": "孤***回",
    "commentCount": 0,
    "starCount": 0,
    "isStared": 0,
    "thumbnailURL": "https://www.makeapie.com/ecg-storage/ec_gallery_thumbnail/xsxM4Jnvym.png?v=1566530454684",
    "isCustomThumbnail": 0,
    "builtinTags": [
        "category-work",
        "grid",
        "legend",
        "series-line",
        "tooltip"
    ],
    "customTags": [
        "line"
    ],
    "updaterUserName": "孤***回"
}