{
    "cid": "xuL85O4A0b",
    "authorUid": "bd-1325957375",
    "authorUserName": "L***n",
    "title": "十大领域发展情况",
    "description": "青年十大领域发展情况",
    "latestVersion": 13,
    "alwaysLatest": 1,
    "createTime": "2019-08-22T03:23:33.000Z",
    "lastUpdateTime": "2019-08-22T03:23:33.000Z",
    "auth": 1,
    "uid": "bd-1325957375",
    "publishedVersion": 0,
    "forkFrom": "-",
    "isSpam": 0,
    "version": 13,
    "parentVersion": 12,
    "echartsVersion": "4.8.0",
    "versionCreateTime": "2020-12-25T08:36:57.000Z",
    "html": "",
    "externalScripts": "",
    "updaterUID": "obd-oDLaYoSFpVa9G-BeKFgryxMT-uYIg1s",
    "theme": "",
    "layout": "",
    "viewCount": 368,
    "userName": "L***n",
    "commentCount": 0,
    "starCount": 1,
    "isStared": 0,
    "thumbnailURL": "https://www.makeapie.com/ecg-storage/ec_gallery_thumbnail/xuL85O4A0b.png?v=1608885418284",
    "isCustomThumbnail": 0,
    "builtinTags": [
        "category-work",
        "legend",
        "radar",
        "series-radar",
        "title",
        "tooltip"
    ],
    "customTags": [],
    "updaterUserName": "1***8"
}