{
    "cid": "xvjVnT_TYe",
    "authorUid": "bd-2137545045",
    "authorUserName": "11...7@qq.com",
    "title": "比例热力图",
    "description": "描述比例的热力图",
    "latestVersion": 2,
    "alwaysLatest": 1,
    "createTime": "2019-08-21T03:24:20.000Z",
    "lastUpdateTime": "2019-08-21T03:24:20.000Z",
    "auth": 1,
    "uid": "bd-2137545045",
    "publishedVersion": 0,
    "forkFrom": "-",
    "isSpam": 0,
    "version": 2,
    "parentVersion": 1,
    "echartsVersion": "4.2.1",
    "versionCreateTime": "2019-08-21T03:25:32.000Z",
    "html": "",
    "externalScripts": "",
    "updaterUID": "bd-2137545045",
    "theme": "",
    "layout": "",
    "viewCount": 1279,
    "userName": "11...7@qq.com",
    "commentCount": 0,
    "starCount": 2,
    "isStared": 0,
    "thumbnailURL": "https://www.makeapie.com/ecg-storage/ec_gallery_thumbnail/xvjVnT_TYe.png?v=1566357932866",
    "isCustomThumbnail": 0,
    "builtinTags": [
        "category-work",
        "grid",
        "series-heatmap",
        "tooltip",
        "visualMap"
    ],
    "customTags": [],
    "updaterUserName": "11...7@qq.com"
}