{
    "cid": "xvkv0QMys0",
    "authorUid": "bd-34533374",
    "authorUserName": "m***g",
    "title": "仪表盘",
    "description": "",
    "latestVersion": 12,
    "alwaysLatest": 1,
    "createTime": "2019-08-21T08:20:08.000Z",
    "lastUpdateTime": "2021-10-28T15:10:44.000Z",
    "auth": 1,
    "uid": "bd-34533374",
    "publishedVersion": 0,
    "forkFrom": "-",
    "isSpam": 0,
    "version": 12,
    "parentVersion": 11,
    "echartsVersion": "4.9.0",
    "versionCreateTime": "2021-10-28T15:10:44.000Z",
    "html": "",
    "externalScripts": "",
    "updaterUID": "obd-oNSDcP3L2zae7iuXDgUKmTRnk9m43Cz",
    "theme": "",
    "layout": "",
    "viewCount": 680,
    "userName": "m***g",
    "commentCount": 0,
    "starCount": 1,
    "isStared": 0,
    "thumbnailURL": "https://www.makeapie.com/ecg-storage/ec_gallery_thumbnail/xvkv0QMys0.png?v=1635433844628",
    "isCustomThumbnail": 0,
    "builtinTags": [
        "category-work",
        "series-gauge",
        "series-pie",
        "title",
        "toolbox"
    ],
    "customTags": [],
    "updaterUserName": "冰***7"
}