{
    "cid": "xUzM3KZ4jj",
    "authorUid": "obd-ol9pMakAVJkLuQHoURIKWjUg-AnvS0x",
    "authorUserName": "c***6",
    "title": "Customized Pie",
    "description": "",
    "latestVersion": 1,
    "alwaysLatest": 0,
    "createTime": "2021-08-28T09:29:58.000Z",
    "lastUpdateTime": "2021-08-28T09:29:58.000Z",
    "auth": 2,
    "uid": "obd-ol9pMakAVJkLuQHoURIKWjUg-AnvS0x",
    "publishedVersion": 0,
    "forkFrom": "-",
    "isSpam": 0,
    "version": 1,
    "parentVersion": -1,
    "echartsVersion": "5.1.2",
    "versionCreateTime": "2021-08-28T09:29:58.000Z",
    "html": "",
    "externalScripts": "",
    "updaterUID": "obd-ol9pMakAVJkLuQHoURIKWjUg-AnvS0x",
    "theme": "",
    "layout": "",
    "viewCount": 0,
    "userName": "c***6",
    "commentCount": 0,
    "starCount": 0,
    "isStared": 0,
    "thumbnailURL": "https://www.makeapie.com/ecg-storage/ec_gallery_thumbnail/xUzM3KZ4jj.png?v=1630142998910",
    "isCustomThumbnail": 0,
    "builtinTags": [
        "category-work",
        "series-pie",
        "title",
        "tooltip",
        "visualMap"
    ],
    "customTags": [],
    "updaterUserName": "c***6"
}