{
    "cid": "xvtOdzEfSQ",
    "authorUid": "bd-621198641",
    "authorUserName": "l***2",
    "title": "",
    "description": "",
    "latestVersion": 1,
    "alwaysLatest": 0,
    "createTime": "2021-08-30T08:45:10.000Z",
    "lastUpdateTime": "2021-08-30T08:45:10.000Z",
    "auth": 2,
    "uid": "bd-621198641",
    "publishedVersion": 0,
    "forkFrom": "-",
    "isSpam": 0,
    "version": 1,
    "parentVersion": -1,
    "echartsVersion": "5.1.2",
    "versionCreateTime": "2021-08-30T08:45:10.000Z",
    "html": "",
    "externalScripts": "",
    "updaterUID": "bd-621198641",
    "theme": "",
    "layout": "",
    "viewCount": 0,
    "userName": "l***2",
    "commentCount": 0,
    "starCount": 0,
    "isStared": 0,
    "thumbnailURL": "https://www.makeapie.com/ecg-storage/ec_gallery_thumbnail/xvtOdzEfSQ.undefined?v=",
    "isCustomThumbnail": 0,
    "builtinTags": [
        "category-work"
    ],
    "customTags": [],
    "updaterUserName": "l***2"
}