{
    "cid": "xYmqazHXkS",
    "authorUid": "obd-ol9pMakAVJkLuQHoURIKWjUg-AnvS0x",
    "authorUserName": "c***6",
    "title": "带标图标的地图",
    "description": "",
    "latestVersion": 2,
    "alwaysLatest": 0,
    "createTime": "2021-08-28T09:24:56.000Z",
    "lastUpdateTime": "2021-08-28T09:27:05.000Z",
    "auth": 2,
    "uid": "obd-ol9pMakAVJkLuQHoURIKWjUg-AnvS0x",
    "publishedVersion": 0,
    "forkFrom": "-",
    "isSpam": 0,
    "version": 2,
    "parentVersion": 1,
    "echartsVersion": "5.1.2",
    "versionCreateTime": "2021-08-28T09:27:05.000Z",
    "html": "",
    "externalScripts": "",
    "updaterUID": "obd-ol9pMakAVJkLuQHoURIKWjUg-AnvS0x",
    "theme": "",
    "layout": "",
    "viewCount": 0,
    "userName": "c***6",
    "commentCount": 0,
    "starCount": 0,
    "isStared": 0,
    "thumbnailURL": "https://www.makeapie.com/ecg-storage/ec_gallery_thumbnail/xYmqazHXkS.png?v=1630142825444",
    "isCustomThumbnail": 0,
    "builtinTags": [
        "category-work",
        "geo",
        "legend",
        "markPoint",
        "series-map",
        "series-scatter",
        "tooltip",
        "visualMap"
    ],
    "customTags": [],
    "updaterUserName": "c***6"
}