{
    "cid": "x5XWzYSy-8",
    "authorUid": "obd-oNg2ZYdQu5G_JeoojKjpV5hVlM6aCCP",
    "authorUserName": "T***靈",
    "title": "频谱",
    "description": "时间动态频谱模拟",
    "latestVersion": 5,
    "alwaysLatest": 0,
    "createTime": "2021-12-31T05:04:08.000Z",
    "lastUpdateTime": "2022-01-05T05:44:57.000Z",
    "auth": 2,
    "uid": "obd-oNg2ZYdQu5G_JeoojKjpV5hVlM6aCCP",
    "publishedVersion": 0,
    "forkFrom": "-",
    "isSpam": 0,
    "version": 5,
    "parentVersion": 4,
    "echartsVersion": "5.2.2",
    "versionCreateTime": "2022-01-05T05:44:57.000Z",
    "html": "",
    "externalScripts": "",
    "updaterUID": "obd-oNg2ZYdQu5G_JeoojKjpV5hVlM6aCCP",
    "theme": "",
    "layout": "",
    "viewCount": 0,
    "userName": "T***靈",
    "commentCount": 0,
    "starCount": 2,
    "isStared": 0,
    "thumbnailURL": "https://www.makeapie.com/ecg-storage/ec_gallery_thumbnail/x5XWzYSy-8.png?v=1641361498162",
    "isCustomThumbnail": 0,
    "builtinTags": [
        "category-work",
        "dataZoom",
        "grid",
        "series-line",
        "tooltip"
    ],
    "customTags": [],
    "updaterUserName": "T***靈"
}