{
    "cid": "x8EnxfiCBY",
    "authorUid": "obd-o-cSpWfAZeHw3bnpJA_rQT5STZccVAy",
    "authorUserName": "懒***·",
    "title": "2022",
    "description": "",
    "latestVersion": 2,
    "alwaysLatest": 0,
    "createTime": "2022-01-04T05:45:46.000Z",
    "lastUpdateTime": "2022-01-04T05:49:01.000Z",
    "auth": 2,
    "uid": "obd-o-cSpWfAZeHw3bnpJA_rQT5STZccVAy",
    "publishedVersion": 0,
    "forkFrom": "-",
    "isSpam": 0,
    "version": 2,
    "parentVersion": 1,
    "echartsVersion": "5.2.2",
    "versionCreateTime": "2022-01-04T05:49:01.000Z",
    "html": "",
    "externalScripts": "",
    "updaterUID": "obd-o-cSpWfAZeHw3bnpJA_rQT5STZccVAy",
    "theme": "",
    "layout": "",
    "viewCount": 0,
    "userName": "懒***·",
    "commentCount": 0,
    "starCount": 0,
    "isStared": 0,
    "thumbnailURL": "https://www.makeapie.com/ecg-storage/ec_gallery_thumbnail/x8EnxfiCBY.png?v=1641275342027",
    "isCustomThumbnail": 0,
    "builtinTags": [
        "category-work",
        "grid",
        "series-bar",
        "series-custom",
        "title"
    ],
    "customTags": [],
    "updaterUserName": "懒***·"
}