{
    "cid": "x9YeU8CEqy",
    "authorUid": "obd-oNg2ZYdQu5G_JeoojKjpV5hVlM6aCCP",
    "authorUserName": "T***靈",
    "title": "波形模拟",
    "description": "波形图谱模拟",
    "latestVersion": 5,
    "alwaysLatest": 0,
    "createTime": "2021-12-31T04:49:48.000Z",
    "lastUpdateTime": "2022-01-10T07:54:55.000Z",
    "auth": 2,
    "uid": "obd-oNg2ZYdQu5G_JeoojKjpV5hVlM6aCCP",
    "publishedVersion": 0,
    "forkFrom": "-",
    "isSpam": 0,
    "version": 5,
    "parentVersion": 4,
    "echartsVersion": "5.2.2",
    "versionCreateTime": "2022-01-10T07:54:55.000Z",
    "html": "",
    "externalScripts": "",
    "updaterUID": "obd-oNg2ZYdQu5G_JeoojKjpV5hVlM6aCCP",
    "theme": "",
    "layout": "",
    "viewCount": 0,
    "userName": "T***靈",
    "commentCount": 0,
    "starCount": 2,
    "isStared": 0,
    "thumbnailURL": "https://www.makeapie.com/ecg-storage/ec_gallery_thumbnail/x9YeU8CEqy.png?v=1641801295962",
    "isCustomThumbnail": 0,
    "builtinTags": [
        "category-work",
        "dataZoom",
        "grid",
        "legend",
        "series-bar",
        "title",
        "tooltip"
    ],
    "customTags": [],
    "updaterUserName": "T***靈"
}