{
    "cid": "xCwEAi033Q",
    "authorUid": "obd-oDoZIY2Utcmo-T-oDy9pwF--e8gVz15",
    "authorUserName": "q***6",
    "title": "双环",
    "description": "",
    "latestVersion": 1,
    "alwaysLatest": 0,
    "createTime": "2022-01-04T08:31:02.000Z",
    "lastUpdateTime": "2022-01-04T08:31:02.000Z",
    "auth": 2,
    "uid": "obd-oDoZIY2Utcmo-T-oDy9pwF--e8gVz15",
    "publishedVersion": 0,
    "forkFrom": "-",
    "isSpam": 0,
    "version": 1,
    "parentVersion": -1,
    "echartsVersion": "4.8.0",
    "versionCreateTime": "2022-01-04T08:31:02.000Z",
    "html": "",
    "externalScripts": "",
    "updaterUID": "obd-oDoZIY2Utcmo-T-oDy9pwF--e8gVz15",
    "theme": "",
    "layout": "",
    "viewCount": 0,
    "userName": "q***6",
    "commentCount": 0,
    "starCount": 0,
    "isStared": 0,
    "thumbnailURL": "https://www.makeapie.com/ecg-storage/ec_gallery_thumbnail/xCwEAi033Q.png?v=1641285062272",
    "isCustomThumbnail": 0,
    "builtinTags": [
        "category-work",
        "series-gauge",
        "series-pie",
        "title"
    ],
    "customTags": [],
    "updaterUserName": "q***6"
}