{
    "cid": "xlN79wyc1R",
    "authorUid": "obd-oCutFfVoiKeLZwDUt4lqaEIgRDbg23h",
    "authorUserName": "为***纸",
    "title": "双值柱状图",
    "description": "",
    "latestVersion": 1,
    "alwaysLatest": 0,
    "createTime": "2021-12-31T02:47:14.000Z",
    "lastUpdateTime": "2021-12-31T02:47:14.000Z",
    "auth": 2,
    "uid": "obd-oCutFfVoiKeLZwDUt4lqaEIgRDbg23h",
    "publishedVersion": 0,
    "forkFrom": "-",
    "isSpam": 0,
    "version": 1,
    "parentVersion": -1,
    "echartsVersion": "5.2.2",
    "versionCreateTime": "2021-12-31T02:47:14.000Z",
    "html": "",
    "externalScripts": "",
    "updaterUID": "obd-oCutFfVoiKeLZwDUt4lqaEIgRDbg23h",
    "theme": "",
    "layout": "",
    "viewCount": 0,
    "userName": "为***纸",
    "commentCount": 0,
    "starCount": 0,
    "isStared": 0,
    "thumbnailURL": "https://www.makeapie.com/ecg-storage/ec_gallery_thumbnail/xlN79wyc1R.png?v=1640918834863",
    "isCustomThumbnail": 0,
    "builtinTags": [
        "category-work",
        "grid",
        "legend",
        "series-bar",
        "tooltip"
    ],
    "customTags": [],
    "updaterUserName": "为***纸"
}