{
    "cid": "xNgkgRu_A_",
    "authorUid": "bd-2437013587",
    "authorUserName": "就***呵",
    "title": "EPPR-50220（优化后）",
    "description": "",
    "latestVersion": 1,
    "alwaysLatest": 0,
    "createTime": "2021-12-31T07:13:27.000Z",
    "lastUpdateTime": "2021-12-31T07:13:27.000Z",
    "auth": 2,
    "uid": "bd-2437013587",
    "publishedVersion": 0,
    "forkFrom": "-",
    "isSpam": 0,
    "version": 1,
    "parentVersion": -1,
    "echartsVersion": "5.2.2",
    "versionCreateTime": "2021-12-31T07:13:27.000Z",
    "html": "",
    "externalScripts": "",
    "updaterUID": "bd-2437013587",
    "theme": "",
    "layout": "",
    "viewCount": 0,
    "userName": "就***呵",
    "commentCount": 0,
    "starCount": 0,
    "isStared": 0,
    "thumbnailURL": "https://www.makeapie.com/ecg-storage/ec_gallery_thumbnail/xNgkgRu_A_.png?v=1640934807972",
    "isCustomThumbnail": 0,
    "builtinTags": [
        "category-work",
        "dataZoom",
        "grid",
        "legend",
        "series-bar",
        "tooltip"
    ],
    "customTags": [],
    "updaterUserName": "就***呵"
}