{
    "cid": "xrBoLgBA2Z",
    "authorUid": "obd-oCutFfVoiKeLZwDUt4lqaEIgRDbg23h",
    "authorUserName": "为***纸",
    "title": "横向柱状图",
    "description": "",
    "latestVersion": 2,
    "alwaysLatest": 0,
    "createTime": "2022-01-04T08:35:05.000Z",
    "lastUpdateTime": "2022-01-04T08:36:01.000Z",
    "auth": 2,
    "uid": "obd-oCutFfVoiKeLZwDUt4lqaEIgRDbg23h",
    "publishedVersion": 0,
    "forkFrom": "-",
    "isSpam": 0,
    "version": 2,
    "parentVersion": 1,
    "echartsVersion": "5.2.2",
    "versionCreateTime": "2022-01-04T08:36:01.000Z",
    "html": "",
    "externalScripts": "",
    "updaterUID": "obd-oCutFfVoiKeLZwDUt4lqaEIgRDbg23h",
    "theme": "",
    "layout": "",
    "viewCount": 0,
    "userName": "为***纸",
    "commentCount": 0,
    "starCount": 0,
    "isStared": 0,
    "thumbnailURL": "https://www.makeapie.com/ecg-storage/ec_gallery_thumbnail/xrBoLgBA2Z.png?v=1641285361748",
    "isCustomThumbnail": 0,
    "builtinTags": [
        "category-work",
        "grid",
        "series-bar"
    ],
    "customTags": [],
    "updaterUserName": "为***纸"
}