{
    "cid": "xt_knA-wj7",
    "authorUid": "obd-ojok0alWTQPs_TXsuxZyvC6hqlv3kE5",
    "authorUserName": "h***鸦",
    "title": "折线图添加箭头标记",
    "description": "",
    "latestVersion": 1,
    "alwaysLatest": 1,
    "createTime": "2022-01-04T07:28:39.000Z",
    "lastUpdateTime": "2022-01-04T07:28:39.000Z",
    "auth": 2,
    "uid": "obd-ojok0alWTQPs_TXsuxZyvC6hqlv3kE5",
    "publishedVersion": 0,
    "forkFrom": "-",
    "isSpam": 0,
    "version": 1,
    "parentVersion": -1,
    "echartsVersion": "5.2.2",
    "versionCreateTime": "2022-01-04T07:28:39.000Z",
    "html": "",
    "externalScripts": "",
    "updaterUID": "obd-ojok0alWTQPs_TXsuxZyvC6hqlv3kE5",
    "theme": "",
    "layout": "",
    "viewCount": 0,
    "userName": "h***鸦",
    "commentCount": 0,
    "starCount": 1,
    "isStared": 0,
    "thumbnailURL": "https://www.makeapie.com/ecg-storage/ec_gallery_thumbnail/xt_knA-wj7.png?v=1641281319737",
    "isCustomThumbnail": 0,
    "builtinTags": [
        "category-work",
        "grid",
        "legend",
        "markPoint",
        "series-bar",
        "series-line",
        "title",
        "toolbox",
        "tooltip"
    ],
    "customTags": [],
    "updaterUserName": "h***鸦"
}