{
    "cid": "xUMq-Tj6Rh",
    "authorUid": "obd-oEc70QTGd0ywmAB7Raqv5CBkzdVXZ4N",
    "authorUserName": "泡***_",
    "title": "南丁格尔玫瑰图",
    "description": "",
    "latestVersion": 1,
    "alwaysLatest": 1,
    "createTime": "2022-01-04T08:27:58.000Z",
    "lastUpdateTime": "2022-01-04T08:27:58.000Z",
    "auth": 2,
    "uid": "obd-oEc70QTGd0ywmAB7Raqv5CBkzdVXZ4N",
    "publishedVersion": 0,
    "forkFrom": "-",
    "isSpam": 0,
    "version": 1,
    "parentVersion": -1,
    "echartsVersion": "5.2.2",
    "versionCreateTime": "2022-01-04T08:27:58.000Z",
    "html": "",
    "externalScripts": "",
    "updaterUID": "obd-oEc70QTGd0ywmAB7Raqv5CBkzdVXZ4N",
    "theme": "",
    "layout": "",
    "viewCount": 0,
    "userName": "泡***_",
    "commentCount": 0,
    "starCount": 1,
    "isStared": 0,
    "thumbnailURL": "https://www.makeapie.com/ecg-storage/ec_gallery_thumbnail/xUMq-Tj6Rh.png?v=1641284878836",
    "isCustomThumbnail": 0,
    "builtinTags": [
        "category-work",
        "legend",
        "series-pie",
        "title",
        "toolbox",
        "tooltip"
    ],
    "customTags": [],
    "updaterUserName": "泡***_"
}