{
    "cid": "xVg_lHjcYY",
    "authorUid": "bd-4030174378",
    "authorUserName": "零***解",
    "title": "玫瑰饼图",
    "description": "金融产品",
    "latestVersion": 1,
    "alwaysLatest": 0,
    "createTime": "2021-12-31T01:37:33.000Z",
    "lastUpdateTime": "2021-12-31T01:37:33.000Z",
    "auth": 1,
    "uid": "bd-4030174378",
    "publishedVersion": 0,
    "forkFrom": "-",
    "isSpam": 0,
    "version": 1,
    "parentVersion": -1,
    "echartsVersion": "5.2.2",
    "versionCreateTime": "2021-12-31T01:37:33.000Z",
    "html": "",
    "externalScripts": "",
    "updaterUID": "bd-4030174378",
    "theme": "",
    "layout": "",
    "viewCount": 0,
    "userName": "零***解",
    "commentCount": 0,
    "starCount": 0,
    "isStared": 0,
    "thumbnailURL": "https://www.makeapie.com/ecg-storage/ec_gallery_thumbnail/xVg_lHjcYY.png?v=1640914653780",
    "isCustomThumbnail": 0,
    "builtinTags": [
        "category-work",
        "legend",
        "series-pie",
        "toolbox",
        "tooltip"
    ],
    "customTags": [],
    "updaterUserName": "零***解"
}