{
    "cid": "xXD3VDaZz4",
    "authorUid": "obd-oCutFfVoiKeLZwDUt4lqaEIgRDbg23h",
    "authorUserName": "为***纸",
    "title": "饼图",
    "description": "",
    "latestVersion": 2,
    "alwaysLatest": 0,
    "createTime": "2021-12-31T03:04:13.000Z",
    "lastUpdateTime": "2021-12-31T06:15:07.000Z",
    "auth": 2,
    "uid": "obd-oCutFfVoiKeLZwDUt4lqaEIgRDbg23h",
    "publishedVersion": 0,
    "forkFrom": "-",
    "isSpam": 0,
    "version": 2,
    "parentVersion": 1,
    "echartsVersion": "5.2.2",
    "versionCreateTime": "2021-12-31T06:15:07.000Z",
    "html": "",
    "externalScripts": "",
    "updaterUID": "obd-oCutFfVoiKeLZwDUt4lqaEIgRDbg23h",
    "theme": "",
    "layout": "",
    "viewCount": 0,
    "userName": "为***纸",
    "commentCount": 0,
    "starCount": 0,
    "isStared": 0,
    "thumbnailURL": "https://www.makeapie.com/ecg-storage/ec_gallery_thumbnail/xXD3VDaZz4.png?v=1640931307801",
    "isCustomThumbnail": 0,
    "builtinTags": [
        "category-work",
        "legend",
        "series-pie",
        "tooltip"
    ],
    "customTags": [],
    "updaterUserName": "为***纸"
}