{
    "cid": "xYmcguY_8p",
    "authorUid": "bd-2091739457",
    "authorUserName": "好***y",
    "title": "纵向堆叠图",
    "description": "",
    "latestVersion": 2,
    "alwaysLatest": 0,
    "createTime": "2021-12-31T03:25:02.000Z",
    "lastUpdateTime": "2021-12-31T06:18:39.000Z",
    "auth": 2,
    "uid": "bd-2091739457",
    "publishedVersion": 0,
    "forkFrom": "-",
    "isSpam": 0,
    "version": 2,
    "parentVersion": 1,
    "echartsVersion": "5.2.2",
    "versionCreateTime": "2021-12-31T06:18:39.000Z",
    "html": "",
    "externalScripts": "",
    "updaterUID": "bd-2091739457",
    "theme": "",
    "layout": "",
    "viewCount": 0,
    "userName": "好***y",
    "commentCount": 0,
    "starCount": 0,
    "isStared": 0,
    "thumbnailURL": "https://www.makeapie.com/ecg-storage/ec_gallery_thumbnail/xYmcguY_8p.png?v=1640931519992",
    "isCustomThumbnail": 0,
    "builtinTags": [
        "category-work",
        "grid",
        "legend",
        "series-bar",
        "tooltip"
    ],
    "customTags": [],
    "updaterUserName": "好***y"
}