{
    "cid": "xZwaxNIc5v",
    "authorUid": "obd-ojY2SoNvjWizfqUywqIqYSYrmEhJ9EZ",
    "authorUserName": "溢***诗",
    "title": "仪表盘-进度",
    "description": "",
    "latestVersion": 1,
    "alwaysLatest": 0,
    "createTime": "2021-12-30T15:43:02.000Z",
    "lastUpdateTime": "2021-12-30T15:43:02.000Z",
    "auth": 2,
    "uid": "obd-ojY2SoNvjWizfqUywqIqYSYrmEhJ9EZ",
    "publishedVersion": 0,
    "forkFrom": "-",
    "isSpam": 0,
    "version": 1,
    "parentVersion": -1,
    "echartsVersion": "5.2.2",
    "versionCreateTime": "2021-12-30T15:43:02.000Z",
    "html": "",
    "externalScripts": "",
    "updaterUID": "obd-ojY2SoNvjWizfqUywqIqYSYrmEhJ9EZ",
    "theme": "",
    "layout": "",
    "viewCount": 0,
    "userName": "溢***诗",
    "commentCount": 0,
    "starCount": 0,
    "isStared": 0,
    "thumbnailURL": "https://www.makeapie.com/ecg-storage/ec_gallery_thumbnail/xZwaxNIc5v.png?v=1640878982958",
    "isCustomThumbnail": 0,
    "builtinTags": [
        "category-work",
        "series-gauge",
        "series-pie",
        "title"
    ],
    "customTags": [],
    "updaterUserName": "溢***诗"
}