{
    "cid": "x42SZaY0JY",
    "authorUid": "obd-oPXyCvlvIkIbodFLGIRIZZVYVE02N9F",
    "authorUserName": "l***3",
    "title": "单色图-纵向",
    "description": "颜色自生成,可切换显隐",
    "latestVersion": 2,
    "alwaysLatest": 0,
    "createTime": "2021-10-19T02:38:19.000Z",
    "lastUpdateTime": "2021-10-19T07:01:59.000Z",
    "auth": 2,
    "uid": "obd-oPXyCvlvIkIbodFLGIRIZZVYVE02N9F",
    "publishedVersion": 0,
    "forkFrom": "-",
    "isSpam": 0,
    "version": 2,
    "parentVersion": 1,
    "echartsVersion": "5.2.1",
    "versionCreateTime": "2021-10-19T07:01:59.000Z",
    "html": "",
    "externalScripts": "",
    "updaterUID": "obd-oPXyCvlvIkIbodFLGIRIZZVYVE02N9F",
    "theme": "",
    "layout": "",
    "viewCount": 0,
    "userName": "l***3",
    "commentCount": 0,
    "starCount": 0,
    "isStared": 0,
    "thumbnailURL": "https://www.makeapie.com/ecg-storage/ec_gallery_thumbnail/x42SZaY0JY.png?v=1634626919945",
    "isCustomThumbnail": 0,
    "builtinTags": [
        "category-work",
        "grid",
        "legend",
        "series-bar",
        "toolbox",
        "tooltip"
    ],
    "customTags": [],
    "updaterUserName": "l***3"
}