{
    "cid": "xBgeaPu0Tq",
    "authorUid": "obd-oD3awiE94SSX5iyOSgx8Jyu5uKqtu1k",
    "authorUserName": "徐***r",
    "title": "柱状图",
    "description": "",
    "latestVersion": 4,
    "alwaysLatest": 0,
    "createTime": "2021-10-16T11:01:01.000Z",
    "lastUpdateTime": "2021-10-22T07:16:32.000Z",
    "auth": 1,
    "uid": "obd-oD3awiE94SSX5iyOSgx8Jyu5uKqtu1k",
    "publishedVersion": 0,
    "forkFrom": "-",
    "isSpam": 0,
    "version": 4,
    "parentVersion": 3,
    "echartsVersion": "5.2.1",
    "versionCreateTime": "2021-10-22T07:16:32.000Z",
    "html": "",
    "externalScripts": "",
    "updaterUID": "obd-oD3awiE94SSX5iyOSgx8Jyu5uKqtu1k",
    "theme": "",
    "layout": "",
    "viewCount": 0,
    "userName": "徐***r",
    "commentCount": 0,
    "starCount": 0,
    "isStared": 0,
    "thumbnailURL": "https://www.makeapie.com/ecg-storage/ec_gallery_thumbnail/xBgeaPu0Tq.png?v=1634886993118",
    "isCustomThumbnail": 0,
    "builtinTags": [
        "category-work",
        "grid",
        "legend",
        "series-pictorialBar",
        "tooltip"
    ],
    "customTags": [],
    "updaterUserName": "徐***r"
}