{
    "cid": "xcPaD5qHBN",
    "authorUid": "obd-otnT5w9iDZ0Hky9JjS-do63hawsLL8F",
    "authorUserName": "q***0",
    "title": "上海市地图",
    "description": "",
    "latestVersion": 1,
    "alwaysLatest": 0,
    "createTime": "2021-10-18T03:28:08.000Z",
    "lastUpdateTime": "2021-10-18T03:28:08.000Z",
    "auth": 2,
    "uid": "obd-otnT5w9iDZ0Hky9JjS-do63hawsLL8F",
    "publishedVersion": 0,
    "forkFrom": "-",
    "isSpam": 0,
    "version": 1,
    "parentVersion": -1,
    "echartsVersion": "5.2.1",
    "versionCreateTime": "2021-10-18T03:28:08.000Z",
    "html": "",
    "externalScripts": "",
    "updaterUID": "obd-otnT5w9iDZ0Hky9JjS-do63hawsLL8F",
    "theme": "",
    "layout": "",
    "viewCount": 0,
    "userName": "q***0",
    "commentCount": 0,
    "starCount": 0,
    "isStared": 0,
    "thumbnailURL": "https://www.makeapie.com/ecg-storage/ec_gallery_thumbnail/xcPaD5qHBN.png?v=1634527688912",
    "isCustomThumbnail": 0,
    "builtinTags": [
        "category-work",
        "geo",
        "series-effectScatter",
        "series-map",
        "series-scatter",
        "title",
        "tooltip",
        "visualMap"
    ],
    "customTags": [],
    "updaterUserName": "q***0"
}