{
    "cid": "xeAq4qfmOb",
    "authorUid": "obd-oPXyCvlvIkIbodFLGIRIZZVYVE02N9F",
    "authorUserName": "l***3",
    "title": "甘特图-仅供参考",
    "description": "内容和颜色的对应关系可用html去在图上方写一个,仅表示对应关系",
    "latestVersion": 1,
    "alwaysLatest": 0,
    "createTime": "2021-10-19T02:57:06.000Z",
    "lastUpdateTime": "2021-10-19T02:57:06.000Z",
    "auth": 2,
    "uid": "obd-oPXyCvlvIkIbodFLGIRIZZVYVE02N9F",
    "publishedVersion": 0,
    "forkFrom": "-",
    "isSpam": 0,
    "version": 1,
    "parentVersion": -1,
    "echartsVersion": "5.2.1",
    "versionCreateTime": "2021-10-19T02:57:06.000Z",
    "html": "",
    "externalScripts": "",
    "updaterUID": "obd-oPXyCvlvIkIbodFLGIRIZZVYVE02N9F",
    "theme": "",
    "layout": "",
    "viewCount": 0,
    "userName": "l***3",
    "commentCount": 0,
    "starCount": 0,
    "isStared": 0,
    "thumbnailURL": "https://www.makeapie.com/ecg-storage/ec_gallery_thumbnail/xeAq4qfmOb.png?v=1634612226717",
    "isCustomThumbnail": 0,
    "builtinTags": [
        "category-work",
        "dataZoom",
        "grid",
        "series-custom",
        "tooltip"
    ],
    "customTags": [],
    "updaterUserName": "l***3"
}