{
    "cid": "xgcNKl4yrZ",
    "authorUid": "obd-oD3awiE94SSX5iyOSgx8Jyu5uKqtu1k",
    "authorUserName": "徐***r",
    "title": "折线图",
    "description": "",
    "latestVersion": 2,
    "alwaysLatest": 0,
    "createTime": "2021-10-17T07:10:45.000Z",
    "lastUpdateTime": "2021-10-17T07:11:15.000Z",
    "auth": 1,
    "uid": "obd-oD3awiE94SSX5iyOSgx8Jyu5uKqtu1k",
    "publishedVersion": 0,
    "forkFrom": "-",
    "isSpam": 0,
    "version": 2,
    "parentVersion": 1,
    "echartsVersion": "5.2.1",
    "versionCreateTime": "2021-10-17T07:11:15.000Z",
    "html": "",
    "externalScripts": "",
    "updaterUID": "obd-oD3awiE94SSX5iyOSgx8Jyu5uKqtu1k",
    "theme": "",
    "layout": "",
    "viewCount": 0,
    "userName": "徐***r",
    "commentCount": 0,
    "starCount": 2,
    "isStared": 0,
    "thumbnailURL": "https://www.makeapie.com/ecg-storage/ec_gallery_thumbnail/xgcNKl4yrZ.png?v=1634454675937",
    "isCustomThumbnail": 0,
    "builtinTags": [
        "category-work",
        "grid",
        "series-line",
        "title",
        "tooltip"
    ],
    "customTags": [],
    "updaterUserName": "徐***r"
}