{
    "cid": "xhCTijsEv-",
    "authorUid": "obd-o2LLJ3HnfCDuXIBOUe1ARmZF4qcvx60",
    "authorUserName": "沉***梦",
    "title": "漏斗图",
    "description": "",
    "latestVersion": 7,
    "alwaysLatest": 0,
    "createTime": "2021-10-18T02:19:20.000Z",
    "lastUpdateTime": "2021-10-18T09:14:38.000Z",
    "auth": 2,
    "uid": "obd-o2LLJ3HnfCDuXIBOUe1ARmZF4qcvx60",
    "publishedVersion": 0,
    "forkFrom": "-",
    "isSpam": 0,
    "version": 7,
    "parentVersion": 6,
    "echartsVersion": "3.8.5",
    "versionCreateTime": "2021-10-18T09:14:38.000Z",
    "html": "",
    "externalScripts": "",
    "updaterUID": "obd-o2LLJ3HnfCDuXIBOUe1ARmZF4qcvx60",
    "theme": "",
    "layout": "",
    "viewCount": 0,
    "userName": "沉***梦",
    "commentCount": 0,
    "starCount": 6,
    "isStared": 0,
    "thumbnailURL": "https://www.makeapie.com/ecg-storage/ec_gallery_thumbnail/xhCTijsEv-.png?v=1634548478146",
    "isCustomThumbnail": 0,
    "builtinTags": [
        "category-work",
        "series-funnel"
    ],
    "customTags": [],
    "updaterUserName": "沉***梦"
}