{
    "cid": "xHfP89cuh8",
    "authorUid": "obd-ojgTs_jdAA-jsHdwfk15r7p6NNzmTDK",
    "authorUserName": "一***心",
    "title": "风险热力图",
    "description": "",
    "latestVersion": 2,
    "alwaysLatest": 0,
    "createTime": "2021-10-18T05:55:36.000Z",
    "lastUpdateTime": "2021-10-18T07:47:50.000Z",
    "auth": 2,
    "uid": "obd-ojgTs_jdAA-jsHdwfk15r7p6NNzmTDK",
    "publishedVersion": 0,
    "forkFrom": "-",
    "isSpam": 0,
    "version": 2,
    "parentVersion": 1,
    "echartsVersion": "5.2.1",
    "versionCreateTime": "2021-10-18T07:47:50.000Z",
    "html": "",
    "externalScripts": "",
    "updaterUID": "obd-ojgTs_jdAA-jsHdwfk15r7p6NNzmTDK",
    "theme": "",
    "layout": "",
    "viewCount": 0,
    "userName": "一***心",
    "commentCount": 0,
    "starCount": 0,
    "isStared": 0,
    "thumbnailURL": "https://www.makeapie.com/ecg-storage/ec_gallery_thumbnail/xHfP89cuh8.png?v=1634543270262",
    "isCustomThumbnail": 0,
    "builtinTags": [
        "category-work",
        "grid",
        "legend",
        "series-scatter",
        "title"
    ],
    "customTags": [],
    "updaterUserName": "一***心"
}