{
    "cid": "xo7qVaVsOK",
    "authorUid": "obd-oD3awiE94SSX5iyOSgx8Jyu5uKqtu1k",
    "authorUserName": "徐***r",
    "title": "单折线",
    "description": "",
    "latestVersion": 1,
    "alwaysLatest": 0,
    "createTime": "2021-10-18T08:18:51.000Z",
    "lastUpdateTime": "2021-10-18T08:18:51.000Z",
    "auth": 2,
    "uid": "obd-oD3awiE94SSX5iyOSgx8Jyu5uKqtu1k",
    "publishedVersion": 0,
    "forkFrom": "-",
    "isSpam": 0,
    "version": 1,
    "parentVersion": -1,
    "echartsVersion": "5.2.1",
    "versionCreateTime": "2021-10-18T08:18:51.000Z",
    "html": "",
    "externalScripts": "",
    "updaterUID": "obd-oD3awiE94SSX5iyOSgx8Jyu5uKqtu1k",
    "theme": "",
    "layout": "",
    "viewCount": 0,
    "userName": "徐***r",
    "commentCount": 0,
    "starCount": 1,
    "isStared": 0,
    "thumbnailURL": "https://www.makeapie.com/ecg-storage/ec_gallery_thumbnail/xo7qVaVsOK.png?v=1634545131630",
    "isCustomThumbnail": 0,
    "builtinTags": [
        "category-work",
        "grid",
        "legend",
        "series-line",
        "tooltip"
    ],
    "customTags": [],
    "updaterUserName": "徐***r"
}