{
    "cid": "xrnAlecZE7",
    "authorUid": "bd-2673666397",
    "authorUserName": "I***j",
    "title": "每周成本对比",
    "description": "每周消耗图",
    "latestVersion": 3,
    "alwaysLatest": 0,
    "createTime": "2021-10-18T03:52:16.000Z",
    "lastUpdateTime": "2021-11-01T05:39:05.000Z",
    "auth": 2,
    "uid": "bd-2673666397",
    "publishedVersion": 0,
    "forkFrom": "-",
    "isSpam": 0,
    "version": 3,
    "parentVersion": 2,
    "echartsVersion": "3.8.5",
    "versionCreateTime": "2021-11-01T05:39:05.000Z",
    "html": "",
    "externalScripts": "",
    "updaterUID": "bd-2673666397",
    "theme": "",
    "layout": "",
    "viewCount": 0,
    "userName": "I***j",
    "commentCount": 0,
    "starCount": 0,
    "isStared": 0,
    "thumbnailURL": "https://www.makeapie.com/ecg-storage/ec_gallery_thumbnail/xrnAlecZE7.png?v=1635745145774",
    "isCustomThumbnail": 0,
    "builtinTags": [
        "category-work",
        "dataZoom",
        "grid",
        "legend",
        "series-bar",
        "series-line",
        "title",
        "tooltip"
    ],
    "customTags": [],
    "updaterUserName": "I***j"
}