{
    "cid": "xuBYjWnhD3",
    "authorUid": "obd-oMZV4Fo367AgIV4T7A6GzJdAzWdOA2V",
    "authorUserName": "g***k",
    "title": "中国地图",
    "description": "中国地图",
    "latestVersion": 2,
    "alwaysLatest": 1,
    "createTime": "2021-10-18T01:50:00.000Z",
    "lastUpdateTime": "2021-11-03T02:09:48.000Z",
    "auth": 2,
    "uid": "obd-oMZV4Fo367AgIV4T7A6GzJdAzWdOA2V",
    "publishedVersion": 0,
    "forkFrom": "-",
    "isSpam": 0,
    "version": 2,
    "parentVersion": 1,
    "echartsVersion": "5.2.2",
    "versionCreateTime": "2021-11-03T02:09:48.000Z",
    "html": "",
    "externalScripts": "",
    "updaterUID": "obd-oMZV4Fo367AgIV4T7A6GzJdAzWdOA2V",
    "theme": "",
    "layout": "",
    "viewCount": 0,
    "userName": "g***k",
    "commentCount": 0,
    "starCount": 1,
    "isStared": 0,
    "thumbnailURL": "https://www.makeapie.com/ecg-storage/ec_gallery_thumbnail/xuBYjWnhD3.png?v=1635905388652",
    "isCustomThumbnail": 0,
    "builtinTags": [
        "category-work",
        "series-map",
        "tooltip",
        "visualMap"
    ],
    "customTags": [],
    "updaterUserName": "g***k"
}