{
    "cid": "xY8E3cB1WP",
    "authorUid": "obd-oEV7GQDl8UnBj5tFWjhOczXdiZo3A4b",
    "authorUserName": "w***5",
    "title": "柱折图",
    "description": "柱折图",
    "latestVersion": 1,
    "alwaysLatest": 0,
    "createTime": "2021-10-18T07:01:59.000Z",
    "lastUpdateTime": "2021-10-18T07:01:59.000Z",
    "auth": 2,
    "uid": "obd-oEV7GQDl8UnBj5tFWjhOczXdiZo3A4b",
    "publishedVersion": 0,
    "forkFrom": "-",
    "isSpam": 0,
    "version": 1,
    "parentVersion": -1,
    "echartsVersion": "5.2.1",
    "versionCreateTime": "2021-10-18T07:01:59.000Z",
    "html": "",
    "externalScripts": "",
    "updaterUID": "obd-oEV7GQDl8UnBj5tFWjhOczXdiZo3A4b",
    "theme": "",
    "layout": "",
    "viewCount": 0,
    "userName": "w***5",
    "commentCount": 0,
    "starCount": 2,
    "isStared": 0,
    "thumbnailURL": "https://www.makeapie.com/ecg-storage/ec_gallery_thumbnail/xY8E3cB1WP.png?v=1634540520034",
    "isCustomThumbnail": 0,
    "builtinTags": [
        "category-work",
        "grid",
        "legend",
        "series-bar",
        "series-line",
        "tooltip"
    ],
    "customTags": [],
    "updaterUserName": "w***5"
}