{
    "cid": "xz-aGvgst4",
    "authorUid": "bd-3797133147",
    "authorUserName": "专***年",
    "title": "堆叠百分比",
    "description": "",
    "latestVersion": 1,
    "alwaysLatest": 0,
    "createTime": "2021-10-16T09:24:55.000Z",
    "lastUpdateTime": "2021-10-16T09:24:55.000Z",
    "auth": 2,
    "uid": "bd-3797133147",
    "publishedVersion": 0,
    "forkFrom": "-",
    "isSpam": 0,
    "version": 1,
    "parentVersion": -1,
    "echartsVersion": "5.2.1",
    "versionCreateTime": "2021-10-16T09:24:56.000Z",
    "html": "",
    "externalScripts": "",
    "updaterUID": "bd-3797133147",
    "theme": "",
    "layout": "",
    "viewCount": 0,
    "userName": "专***年",
    "commentCount": 0,
    "starCount": 4,
    "isStared": 0,
    "thumbnailURL": "https://www.makeapie.com/ecg-storage/ec_gallery_thumbnail/xz-aGvgst4.png?v=1634376296211",
    "isCustomThumbnail": 0,
    "builtinTags": [
        "category-work",
        "grid",
        "legend",
        "series-bar",
        "title"
    ],
    "customTags": [],
    "updaterUserName": "专***年"
}