{
    "cid": "xzi8Tb3SjB",
    "authorUid": "obd-oNxO_0pSiX4Qhzuy4VZap5faODTirCs",
    "authorUserName": "梦***呢",
    "title": "立体柱状图",
    "description": "",
    "latestVersion": 1,
    "alwaysLatest": 0,
    "createTime": "2021-10-18T12:02:57.000Z",
    "lastUpdateTime": "2021-10-18T12:02:57.000Z",
    "auth": 2,
    "uid": "obd-oNxO_0pSiX4Qhzuy4VZap5faODTirCs",
    "publishedVersion": 0,
    "forkFrom": "-",
    "isSpam": 0,
    "version": 1,
    "parentVersion": -1,
    "echartsVersion": "5.2.1",
    "versionCreateTime": "2021-10-18T12:02:57.000Z",
    "html": "",
    "externalScripts": "",
    "updaterUID": "obd-oNxO_0pSiX4Qhzuy4VZap5faODTirCs",
    "theme": "",
    "layout": "",
    "viewCount": 0,
    "userName": "梦***呢",
    "commentCount": 0,
    "starCount": 1,
    "isStared": 0,
    "thumbnailURL": "https://www.makeapie.com/ecg-storage/ec_gallery_thumbnail/xzi8Tb3SjB.png?v=1634558577954",
    "isCustomThumbnail": 0,
    "builtinTags": [
        "category-work",
        "grid",
        "legend",
        "series-bar",
        "series-pictorialBar",
        "tooltip"
    ],
    "customTags": [],
    "updaterUserName": "梦***呢"
}