{
    "cid": "x1ScMWv6MZ",
    "authorUid": "bd-1831823249",
    "authorUserName": "W***一",
    "title": "环比饼图折线图",
    "description": "",
    "latestVersion": 1,
    "alwaysLatest": 1,
    "createTime": "2020-06-15T05:59:00.000Z",
    "lastUpdateTime": "2020-06-15T05:59:00.000Z",
    "auth": 2,
    "uid": "bd-1831823249",
    "publishedVersion": 0,
    "forkFrom": "-",
    "isSpam": 0,
    "version": 1,
    "parentVersion": -1,
    "echartsVersion": "4.8.0",
    "versionCreateTime": "2020-06-15T05:59:00.000Z",
    "html": "",
    "externalScripts": "",
    "updaterUID": "bd-1831823249",
    "theme": "",
    "layout": "",
    "viewCount": 113,
    "userName": "W***一",
    "commentCount": 0,
    "starCount": 0,
    "isStared": 0,
    "thumbnailURL": "https://www.makeapie.com/ecg-storage/ec_gallery_thumbnail/x1ScMWv6MZ.png?v=1592200740237",
    "isCustomThumbnail": 0,
    "builtinTags": [
        "category-work",
        "grid",
        "legend",
        "series-bar",
        "series-line",
        "title",
        "tooltip"
    ],
    "customTags": [],
    "updaterUserName": "W***一"
}