{
    "cid": "x30wx4qXQE",
    "authorUid": "obd-otaAfgIp_bpJM4KWJkvID1rr6cybb8U",
    "authorUserName": "d***懂",
    "title": "嵌套饼图(Nested Pies)",
    "description": "嵌套饼图(Nested Pies)",
    "latestVersion": 2,
    "alwaysLatest": 1,
    "createTime": "2020-06-15T02:03:51.000Z",
    "lastUpdateTime": "2020-06-15T02:03:51.000Z",
    "auth": 2,
    "uid": "obd-otaAfgIp_bpJM4KWJkvID1rr6cybb8U",
    "publishedVersion": 0,
    "forkFrom": "-",
    "isSpam": 0,
    "version": 2,
    "parentVersion": 1,
    "echartsVersion": "4.8.0",
    "versionCreateTime": "2020-06-15T07:32:02.000Z",
    "html": "",
    "externalScripts": "",
    "updaterUID": "obd-otaAfgIp_bpJM4KWJkvID1rr6cybb8U",
    "theme": "",
    "layout": "",
    "viewCount": 225,
    "userName": "d***懂",
    "commentCount": 0,
    "starCount": 3,
    "isStared": 0,
    "thumbnailURL": "https://www.makeapie.com/ecg-storage/ec_gallery_thumbnail/x30wx4qXQE.png?v=1592206322480",
    "isCustomThumbnail": 0,
    "builtinTags": [
        "category-work",
        "legend",
        "series-pie",
        "tooltip"
    ],
    "customTags": [
        "Nested",
        "NestedPies"
    ],
    "updaterUserName": "d***懂"
}