{
    "cid": "x4eOFsAad9",
    "authorUid": "bd-2552167583",
    "authorUserName": "z***g",
    "title": "折现图",
    "description": "",
    "latestVersion": 3,
    "alwaysLatest": 1,
    "createTime": "2020-06-15T06:25:21.000Z",
    "lastUpdateTime": "2020-06-15T06:25:21.000Z",
    "auth": 2,
    "uid": "bd-2552167583",
    "publishedVersion": 0,
    "forkFrom": "-",
    "isSpam": 0,
    "version": 3,
    "parentVersion": 2,
    "echartsVersion": "4.9.0",
    "versionCreateTime": "2021-05-27T08:38:37.000Z",
    "html": "",
    "externalScripts": "",
    "updaterUID": "bd-2552167583",
    "theme": "",
    "layout": "",
    "viewCount": 112,
    "userName": "z***g",
    "commentCount": 0,
    "starCount": 0,
    "isStared": 0,
    "thumbnailURL": "https://www.makeapie.com/ecg-storage/ec_gallery_thumbnail/x4eOFsAad9.png?v=1622104717644",
    "isCustomThumbnail": 0,
    "builtinTags": [
        "category-work",
        "grid",
        "legend",
        "series-line",
        "title",
        "tooltip"
    ],
    "customTags": [],
    "updaterUserName": "z***g"
}