{
    "cid": "x9Cc7_T097",
    "authorUid": "bd-2552167583",
    "authorUserName": "z***g",
    "title": "饼图",
    "description": "共添加（名）",
    "latestVersion": 6,
    "alwaysLatest": 1,
    "createTime": "2020-06-15T06:50:20.000Z",
    "lastUpdateTime": "2020-06-15T06:50:20.000Z",
    "auth": 2,
    "uid": "bd-2552167583",
    "publishedVersion": 0,
    "forkFrom": "-",
    "isSpam": 0,
    "version": 6,
    "parentVersion": 5,
    "echartsVersion": "4.8.0",
    "versionCreateTime": "2020-06-16T02:08:21.000Z",
    "html": "",
    "externalScripts": "",
    "updaterUID": "bd-2552167583",
    "theme": "",
    "layout": "",
    "viewCount": 246,
    "userName": "z***g",
    "commentCount": 0,
    "starCount": 1,
    "isStared": 0,
    "thumbnailURL": "https://www.makeapie.com/ecg-storage/ec_gallery_thumbnail/x9Cc7_T097.png?v=1592273301275",
    "isCustomThumbnail": 0,
    "builtinTags": [
        "category-work",
        "legend",
        "series-pie",
        "title"
    ],
    "customTags": [],
    "updaterUserName": "z***g"
}