{
    "cid": "xa-5Mn_sx9",
    "authorUid": "obd-olRAPUkwkr0FSB5mp69XajXbP2Smj0G",
    "authorUserName": "3***5",
    "title": "堆叠柱状图",
    "description": "label裁剪旋转",
    "latestVersion": 1,
    "alwaysLatest": 1,
    "createTime": "2020-06-16T02:10:59.000Z",
    "lastUpdateTime": "2020-06-16T02:10:59.000Z",
    "auth": 2,
    "uid": "obd-olRAPUkwkr0FSB5mp69XajXbP2Smj0G",
    "publishedVersion": 0,
    "forkFrom": "-",
    "isSpam": 0,
    "version": 1,
    "parentVersion": -1,
    "echartsVersion": "4.8.0",
    "versionCreateTime": "2020-06-16T02:10:59.000Z",
    "html": "",
    "externalScripts": "",
    "updaterUID": "obd-olRAPUkwkr0FSB5mp69XajXbP2Smj0G",
    "theme": "",
    "layout": "",
    "viewCount": 125,
    "userName": "3***5",
    "commentCount": 0,
    "starCount": 0,
    "isStared": 0,
    "thumbnailURL": "https://www.makeapie.com/ecg-storage/ec_gallery_thumbnail/xa-5Mn_sx9.png?v=1592273459870",
    "isCustomThumbnail": 0,
    "builtinTags": [
        "category-work",
        "grid",
        "legend",
        "series-bar",
        "tooltip"
    ],
    "customTags": [],
    "updaterUserName": "3***5"
}