{
    "cid": "xBS1VfE4Hq",
    "authorUid": "bd-957324835",
    "authorUserName": "厌***抱",
    "title": "test",
    "description": "",
    "latestVersion": 1,
    "alwaysLatest": 1,
    "createTime": "2020-06-15T06:10:11.000Z",
    "lastUpdateTime": "2020-06-15T06:10:11.000Z",
    "auth": 2,
    "uid": "bd-957324835",
    "publishedVersion": 0,
    "forkFrom": "-",
    "isSpam": 0,
    "version": 1,
    "parentVersion": -1,
    "echartsVersion": "4.8.0",
    "versionCreateTime": "2020-06-15T06:10:11.000Z",
    "html": "",
    "externalScripts": "https://echarts.baidu.com/resource/echarts-gl-latest/dist/echarts-gl.min.js,/dep/echarts/map/js/world.js",
    "updaterUID": "bd-957324835",
    "theme": "",
    "layout": "",
    "viewCount": 13,
    "userName": "厌***抱",
    "commentCount": 0,
    "starCount": 0,
    "isStared": 0,
    "thumbnailURL": "https://www.makeapie.com/ecg-storage/ec_gallery_thumbnail/xBS1VfE4Hq.png?v=1592201411710",
    "isCustomThumbnail": 0,
    "builtinTags": [
        "category-work",
        "series-map3D"
    ],
    "customTags": [],
    "updaterUserName": "厌***抱"
}