{
    "cid": "xdjh61naeF",
    "authorUid": "obd-o0E9ALnqYu6NzQ7Fy5lgul92N301gFi",
    "authorUserName": "J***n",
    "title": "血糖统计图",
    "description": "血糖统计图",
    "latestVersion": 2,
    "alwaysLatest": 1,
    "createTime": "2020-06-15T06:12:43.000Z",
    "lastUpdateTime": "2020-06-15T06:12:43.000Z",
    "auth": 2,
    "uid": "obd-o0E9ALnqYu6NzQ7Fy5lgul92N301gFi",
    "publishedVersion": 0,
    "forkFrom": "-",
    "isSpam": 0,
    "version": 2,
    "parentVersion": 1,
    "echartsVersion": "4.8.0",
    "versionCreateTime": "2020-06-15T06:33:51.000Z",
    "html": "",
    "externalScripts": "",
    "updaterUID": "obd-o0E9ALnqYu6NzQ7Fy5lgul92N301gFi",
    "theme": "",
    "layout": "",
    "viewCount": 75,
    "userName": "J***n",
    "commentCount": 0,
    "starCount": 0,
    "isStared": 0,
    "thumbnailURL": "https://www.makeapie.com/ecg-storage/ec_gallery_thumbnail/xdjh61naeF.png?v=1592202832001",
    "isCustomThumbnail": 0,
    "builtinTags": [
        "category-work",
        "grid",
        "series-line",
        "title",
        "tooltip"
    ],
    "customTags": [],
    "updaterUserName": "J***n"
}