{
    "cid": "xDmY6DJokJ",
    "authorUid": "bd-1832650076",
    "authorUserName": "凌***殇",
    "title": "基本柱状图-y轴刻度不显示0 设置最小刻度",
    "description": "",
    "latestVersion": 1,
    "alwaysLatest": 1,
    "createTime": "2020-06-15T06:51:14.000Z",
    "lastUpdateTime": "2020-06-15T06:51:14.000Z",
    "auth": 2,
    "uid": "bd-1832650076",
    "publishedVersion": 0,
    "forkFrom": "-",
    "isSpam": 0,
    "version": 1,
    "parentVersion": -1,
    "echartsVersion": "4.8.0",
    "versionCreateTime": "2020-06-15T06:51:14.000Z",
    "html": "",
    "externalScripts": "",
    "updaterUID": "bd-1832650076",
    "theme": "",
    "layout": "",
    "viewCount": 126,
    "userName": "凌***殇",
    "commentCount": 0,
    "starCount": 0,
    "isStared": 0,
    "thumbnailURL": "https://www.makeapie.com/ecg-storage/ec_gallery_thumbnail/xDmY6DJokJ.png?v=1592203874870",
    "isCustomThumbnail": 0,
    "builtinTags": [
        "category-work",
        "grid",
        "legend",
        "series-bar",
        "tooltip"
    ],
    "customTags": [],
    "updaterUserName": "凌***殇"
}