{
    "cid": "xDuf_o2699",
    "authorUid": "bd-4286708132",
    "authorUserName": "L***h",
    "title": "进度条",
    "description": "",
    "latestVersion": 3,
    "alwaysLatest": 1,
    "createTime": "2020-06-13T08:12:11.000Z",
    "lastUpdateTime": "2020-06-13T08:12:11.000Z",
    "auth": 2,
    "uid": "bd-4286708132",
    "publishedVersion": 0,
    "forkFrom": "-",
    "isSpam": 0,
    "version": 3,
    "parentVersion": 2,
    "echartsVersion": "4.8.0",
    "versionCreateTime": "2020-06-22T03:31:04.000Z",
    "html": "",
    "externalScripts": "",
    "updaterUID": "bd-4286708132",
    "theme": "",
    "layout": "",
    "viewCount": 450,
    "userName": "L***h",
    "commentCount": 0,
    "starCount": 3,
    "isStared": 0,
    "thumbnailURL": "https://www.makeapie.com/ecg-storage/ec_gallery_thumbnail/xDuf_o2699.png?v=1592796664899",
    "isCustomThumbnail": 0,
    "builtinTags": [
        "category-work",
        "grid",
        "series-bar",
        "series-scatter"
    ],
    "customTags": [],
    "updaterUserName": "L***h"
}