{
    "cid": "xjhoOX3CsG",
    "authorUid": "bd-4286708132",
    "authorUserName": "L***h",
    "title": "横向柱状图",
    "description": "",
    "latestVersion": 7,
    "alwaysLatest": 1,
    "createTime": "2020-06-13T03:47:56.000Z",
    "lastUpdateTime": "2020-06-13T03:47:56.000Z",
    "auth": 2,
    "uid": "bd-4286708132",
    "publishedVersion": 0,
    "forkFrom": "-",
    "isSpam": 0,
    "version": 7,
    "parentVersion": 6,
    "echartsVersion": "4.8.0",
    "versionCreateTime": "2020-06-24T01:01:31.000Z",
    "html": "",
    "externalScripts": "",
    "updaterUID": "bd-4286708132",
    "theme": "",
    "layout": "",
    "viewCount": 370,
    "userName": "L***h",
    "commentCount": 0,
    "starCount": 3,
    "isStared": 0,
    "thumbnailURL": "https://www.makeapie.com/ecg-storage/ec_gallery_thumbnail/xjhoOX3CsG.png?v=1592960491846",
    "isCustomThumbnail": 0,
    "builtinTags": [
        "category-work",
        "grid",
        "legend",
        "series-bar",
        "tooltip"
    ],
    "customTags": [],
    "updaterUserName": "L***h"
}