{
    "cid": "xJoDdhh15z",
    "authorUid": "bd-2152283816",
    "authorUserName": "x***信",
    "title": "饼状图",
    "description": "",
    "latestVersion": 4,
    "alwaysLatest": 1,
    "createTime": "2020-06-13T06:41:12.000Z",
    "lastUpdateTime": "2021-07-23T14:42:26.000Z",
    "auth": 1,
    "uid": "bd-2152283816",
    "publishedVersion": 0,
    "forkFrom": "-",
    "isSpam": 0,
    "version": 4,
    "parentVersion": 3,
    "echartsVersion": "5.1.2",
    "versionCreateTime": "2021-07-23T14:42:26.000Z",
    "html": "",
    "externalScripts": "",
    "updaterUID": "bd-3973442401",
    "theme": "",
    "layout": "",
    "viewCount": 2886,
    "userName": "x***信",
    "commentCount": 0,
    "starCount": 18,
    "isStared": 0,
    "thumbnailURL": "https://www.makeapie.com/ecg-storage/ec_gallery_thumbnail/xJoDdhh15z.png?v=1592030472381",
    "isCustomThumbnail": 1,
    "builtinTags": [
        "category-work",
        "legend",
        "series-pie",
        "tooltip"
    ],
    "customTags": [],
    "updaterUserName": "X***o"
}