{
    "cid": "xluUvsVqMM",
    "authorUid": "obd-o0FOjjPGdXI6Sm5sgj7hgEwmg0o9VFv",
    "authorUserName": "U***e",
    "title": "重庆地图小作业",
    "description": "",
    "latestVersion": 2,
    "alwaysLatest": 1,
    "createTime": "2020-06-14T13:31:40.000Z",
    "lastUpdateTime": "2020-06-14T13:31:40.000Z",
    "auth": 2,
    "uid": "obd-o0FOjjPGdXI6Sm5sgj7hgEwmg0o9VFv",
    "publishedVersion": 0,
    "forkFrom": "-",
    "isSpam": 0,
    "version": 2,
    "parentVersion": 1,
    "echartsVersion": "4.8.0",
    "versionCreateTime": "2020-06-14T15:21:12.000Z",
    "html": "",
    "externalScripts": "https://echarts.baidu.com/resource/echarts-gl-latest/dist/echarts-gl.min.js",
    "updaterUID": "obd-o0FOjjPGdXI6Sm5sgj7hgEwmg0o9VFv",
    "theme": "",
    "layout": "",
    "viewCount": 1506,
    "userName": "U***e",
    "commentCount": 0,
    "starCount": 3,
    "isStared": 0,
    "thumbnailURL": "https://www.makeapie.com/ecg-storage/ec_gallery_thumbnail/xluUvsVqMM.png?v=1592148073162",
    "isCustomThumbnail": 0,
    "builtinTags": [
        "category-work",
        "geo",
        "legend",
        "series-effectScatter",
        "series-lines",
        "series-map",
        "series-scatter",
        "title",
        "tooltip",
        "visualMap"
    ],
    "customTags": [],
    "updaterUserName": "U***e"
}