{
    "cid": "xpsUMzkR7x",
    "authorUid": "obd-ojP2gHAckVtfwspDyYC5FR1RH3Sj8E7",
    "authorUserName": "最***平",
    "title": "地图",
    "description": "",
    "latestVersion": 15,
    "alwaysLatest": 1,
    "createTime": "2020-06-15T14:55:14.000Z",
    "lastUpdateTime": "2021-11-25T07:59:00.000Z",
    "auth": 1,
    "uid": "obd-ojP2gHAckVtfwspDyYC5FR1RH3Sj8E7",
    "publishedVersion": 0,
    "forkFrom": "-",
    "isSpam": 0,
    "version": 15,
    "parentVersion": 14,
    "echartsVersion": "4.9.0",
    "versionCreateTime": "2021-11-25T07:59:00.000Z",
    "html": "",
    "externalScripts": "",
    "updaterUID": "obd-oj3TGM1V2cBGJDIOGbvV2TIt_iZK_DD",
    "theme": "",
    "layout": "",
    "viewCount": 6365,
    "userName": "最***平",
    "commentCount": 0,
    "starCount": 19,
    "isStared": 0,
    "thumbnailURL": "https://www.makeapie.com/ecg-storage/ec_gallery_thumbnail/xpsUMzkR7x.png?v=1637827140335",
    "isCustomThumbnail": 0,
    "builtinTags": [
        "category-work",
        "geo",
        "series-effectScatter",
        "series-lines",
        "series-map",
        "series-scatter",
        "timeline"
    ],
    "customTags": [],
    "updaterUserName": "w***2"
}