{
    "cid": "xQPHLZiBw2",
    "authorUid": "bd-138418302",
    "authorUserName": "157*****657",
    "title": "按钮",
    "description": "",
    "latestVersion": 2,
    "alwaysLatest": 1,
    "createTime": "2020-06-12T09:53:56.000Z",
    "lastUpdateTime": "2020-06-12T09:53:56.000Z",
    "auth": 2,
    "uid": "bd-138418302",
    "publishedVersion": 0,
    "forkFrom": "-",
    "isSpam": 0,
    "version": 2,
    "parentVersion": 1,
    "echartsVersion": "4.8.0",
    "versionCreateTime": "2020-06-12T10:13:13.000Z",
    "html": "",
    "externalScripts": "",
    "updaterUID": "bd-138418302",
    "theme": "",
    "layout": "",
    "viewCount": 67,
    "userName": "157*****657",
    "commentCount": 0,
    "starCount": 0,
    "isStared": 0,
    "thumbnailURL": "https://www.makeapie.com/ecg-storage/ec_gallery_thumbnail/xQPHLZiBw2.png?v=1591956793959",
    "isCustomThumbnail": 0,
    "builtinTags": [
        "category-work",
        "graphic",
        "grid",
        "series-line",
        "title"
    ],
    "customTags": [],
    "updaterUserName": "157*****657"
}