{
    "cid": "xW0MeTr5Fp",
    "authorUid": "obd-o2paRBq6w-q0boXaqi9izCAyoa9wI6F",
    "authorUserName": "天***然",
    "title": "多跳节点",
    "description": "",
    "latestVersion": 6,
    "alwaysLatest": 1,
    "createTime": "2020-06-12T19:29:04.000Z",
    "lastUpdateTime": "2020-06-12T19:29:04.000Z",
    "auth": 2,
    "uid": "obd-o2paRBq6w-q0boXaqi9izCAyoa9wI6F",
    "publishedVersion": 0,
    "forkFrom": "-",
    "isSpam": 0,
    "version": 6,
    "parentVersion": 5,
    "echartsVersion": "4.8.0",
    "versionCreateTime": "2020-06-18T02:59:59.000Z",
    "html": "",
    "externalScripts": "",
    "updaterUID": "obd-o2paRBq6w-q0boXaqi9izCAyoa9wI6F",
    "theme": "",
    "layout": "",
    "viewCount": 5177,
    "userName": "天***然",
    "commentCount": 0,
    "starCount": 12,
    "isStared": 0,
    "thumbnailURL": "https://www.makeapie.com/ecg-storage/ec_gallery_thumbnail/xW0MeTr5Fp.png?v=1592449199463",
    "isCustomThumbnail": 0,
    "builtinTags": [
        "category-work",
        "legend",
        "series-graph",
        "title",
        "tooltip"
    ],
    "customTags": [],
    "updaterUserName": "天***然"
}