{
    "cid": "xZm9f_fWZL",
    "authorUid": "bd-1006967428",
    "authorUserName": "w***7",
    "title": "伪3D条形图",
    "description": "",
    "latestVersion": 1,
    "alwaysLatest": 1,
    "createTime": "2020-06-15T12:04:26.000Z",
    "lastUpdateTime": "2020-06-15T12:04:26.000Z",
    "auth": 2,
    "uid": "bd-1006967428",
    "publishedVersion": 0,
    "forkFrom": "-",
    "isSpam": 0,
    "version": 1,
    "parentVersion": -1,
    "echartsVersion": "4.8.0",
    "versionCreateTime": "2020-06-15T12:04:26.000Z",
    "html": "",
    "externalScripts": "",
    "updaterUID": "bd-1006967428",
    "theme": "dark",
    "layout": "",
    "viewCount": 1508,
    "userName": "w***7",
    "commentCount": 0,
    "starCount": 10,
    "isStared": 0,
    "thumbnailURL": "https://www.makeapie.com/ecg-storage/ec_gallery_thumbnail/xZm9f_fWZL.png?v=1592222666325",
    "isCustomThumbnail": 0,
    "builtinTags": [
        "category-work",
        "grid",
        "series-bar",
        "series-pictorialBar"
    ],
    "customTags": [],
    "updaterUserName": "w***7"
}