{
    "cid": "x5YvTHfSql",
    "authorUid": "bd-1627449234",
    "authorUserName": "l***w",
    "title": "排行",
    "description": "",
    "latestVersion": 7,
    "alwaysLatest": 0,
    "createTime": "2021-06-30T02:23:44.000Z",
    "lastUpdateTime": "2021-07-02T05:42:15.000Z",
    "auth": 2,
    "uid": "bd-1627449234",
    "publishedVersion": 0,
    "forkFrom": "-",
    "isSpam": 0,
    "version": 7,
    "parentVersion": 6,
    "echartsVersion": "4.8.0",
    "versionCreateTime": "2021-07-02T05:42:15.000Z",
    "html": "",
    "externalScripts": "",
    "updaterUID": "bd-1627449234",
    "theme": "",
    "layout": "",
    "viewCount": 0,
    "userName": "l***w",
    "commentCount": 0,
    "starCount": 2,
    "isStared": 0,
    "thumbnailURL": "https://www.makeapie.com/ecg-storage/ec_gallery_thumbnail/x5YvTHfSql.png?v=1625204535445",
    "isCustomThumbnail": 0,
    "builtinTags": [
        "category-work",
        "dataZoom",
        "grid",
        "legend",
        "series-bar",
        "title",
        "tooltip"
    ],
    "customTags": [],
    "updaterUserName": "l***w"
}