{
    "cid": "x_QfAnBjSF",
    "authorUid": "obd-o0gqzf0FSkGFZPcI_M3qnaoOiujQmFk",
    "authorUserName": "x***y",
    "title": "2",
    "description": "",
    "latestVersion": 9,
    "alwaysLatest": 0,
    "createTime": "2021-06-30T03:36:57.000Z",
    "lastUpdateTime": "2021-07-01T06:21:21.000Z",
    "auth": 2,
    "uid": "obd-o0gqzf0FSkGFZPcI_M3qnaoOiujQmFk",
    "publishedVersion": 0,
    "forkFrom": "-",
    "isSpam": 0,
    "version": 9,
    "parentVersion": 8,
    "echartsVersion": "5.1.2",
    "versionCreateTime": "2021-07-01T06:21:21.000Z",
    "html": "",
    "externalScripts": "",
    "updaterUID": "obd-o0gqzf0FSkGFZPcI_M3qnaoOiujQmFk",
    "theme": "",
    "layout": "",
    "viewCount": 0,
    "userName": "x***y",
    "commentCount": 0,
    "starCount": 0,
    "isStared": 0,
    "thumbnailURL": "https://www.makeapie.com/ecg-storage/ec_gallery_thumbnail/x_QfAnBjSF.png?v=1625120482057",
    "isCustomThumbnail": 0,
    "builtinTags": [
        "category-work",
        "grid",
        "series-graph",
        "series-lines"
    ],
    "customTags": [],
    "updaterUserName": "x***y"
}