{
    "cid": "xipNofPHzV",
    "authorUid": "bd-2664777658",
    "authorUserName": "我***畅",
    "title": "双向柱形图",
    "description": "",
    "latestVersion": 1,
    "alwaysLatest": 1,
    "createTime": "2021-06-30T07:33:06.000Z",
    "lastUpdateTime": "2021-06-30T07:33:06.000Z",
    "auth": 2,
    "uid": "bd-2664777658",
    "publishedVersion": 0,
    "forkFrom": "-",
    "isSpam": 0,
    "version": 1,
    "parentVersion": -1,
    "echartsVersion": "5.1.2",
    "versionCreateTime": "2021-06-30T07:33:06.000Z",
    "html": "",
    "externalScripts": "",
    "updaterUID": "bd-2664777658",
    "theme": "",
    "layout": "",
    "viewCount": 0,
    "userName": "我***畅",
    "commentCount": 0,
    "starCount": 5,
    "isStared": 0,
    "thumbnailURL": "https://www.makeapie.com/ecg-storage/ec_gallery_thumbnail/xipNofPHzV.png?v=1625038386651",
    "isCustomThumbnail": 0,
    "builtinTags": [
        "category-work",
        "grid",
        "series-bar",
        "tooltip"
    ],
    "customTags": [],
    "updaterUserName": "我***畅"
}