{
    "cid": "xM-RzVp3B3",
    "authorUid": "obd-o-bzamOyKisbMH8qxkQTGLajxRaBXAI",
    "authorUserName": "Y***d",
    "title": "堆叠柱状图 - 动态变化",
    "description": "个人收藏，为工作使用",
    "latestVersion": 3,
    "alwaysLatest": 0,
    "createTime": "2021-06-30T07:05:48.000Z",
    "lastUpdateTime": "2021-11-04T12:33:32.000Z",
    "auth": 1,
    "uid": "obd-o-bzamOyKisbMH8qxkQTGLajxRaBXAI",
    "publishedVersion": 0,
    "forkFrom": "-",
    "isSpam": 0,
    "version": 3,
    "parentVersion": 2,
    "echartsVersion": "5.1.2",
    "versionCreateTime": "2021-11-04T12:33:32.000Z",
    "html": "",
    "externalScripts": "",
    "updaterUID": "obd-o-bzamOyKisbMH8qxkQTGLajxRaBXAI",
    "theme": "default",
    "layout": "",
    "viewCount": 0,
    "userName": "Y***d",
    "commentCount": 0,
    "starCount": 3,
    "isStared": 0,
    "thumbnailURL": "https://www.makeapie.com/ecg-storage/ec_gallery_thumbnail/xM-RzVp3B3.png?v=1636029212803",
    "isCustomThumbnail": 0,
    "builtinTags": [
        "category-work",
        "grid",
        "series-bar",
        "tooltip"
    ],
    "customTags": [],
    "updaterUserName": "Y***d"
}