{
    "cid": "xQgh_DvgrP",
    "authorUid": "bd-3560695082",
    "authorUserName": "射***士",
    "title": "原生水波",
    "description": "项目",
    "latestVersion": 1,
    "alwaysLatest": 0,
    "createTime": "2021-06-29T09:34:35.000Z",
    "lastUpdateTime": "2021-06-29T09:34:35.000Z",
    "auth": 2,
    "uid": "bd-3560695082",
    "publishedVersion": 0,
    "forkFrom": "-",
    "isSpam": 0,
    "version": 1,
    "parentVersion": -1,
    "echartsVersion": "5.1.2",
    "versionCreateTime": "2021-06-29T09:34:35.000Z",
    "html": "",
    "externalScripts": "https://cdn.jsdelivr.net/npm/echarts-liquidfill@3/dist/echarts-liquidfill.min.js",
    "updaterUID": "bd-3560695082",
    "theme": "",
    "layout": "",
    "viewCount": 0,
    "userName": "射***士",
    "commentCount": 0,
    "starCount": 0,
    "isStared": 0,
    "thumbnailURL": "https://www.makeapie.com/ecg-storage/ec_gallery_thumbnail/xQgh_DvgrP.png?v=1624959275842",
    "isCustomThumbnail": 0,
    "builtinTags": [
        "category-work",
        "series-liquidFill",
        "title"
    ],
    "customTags": [],
    "updaterUserName": "射***士"
}