{
    "cid": "xVvn6zVuL5",
    "authorUid": "obd-o-aCWJAoN50TiLm9Y8hAL3rZY4O4qAy",
    "authorUserName": "流***星",
    "title": "纵断面洪水过程",
    "description": "",
    "latestVersion": 1,
    "alwaysLatest": 0,
    "createTime": "2021-06-29T08:57:08.000Z",
    "lastUpdateTime": "2021-06-29T08:57:08.000Z",
    "auth": 2,
    "uid": "obd-o-aCWJAoN50TiLm9Y8hAL3rZY4O4qAy",
    "publishedVersion": 0,
    "forkFrom": "-",
    "isSpam": 0,
    "version": 1,
    "parentVersion": -1,
    "echartsVersion": "5.1.2",
    "versionCreateTime": "2021-06-29T08:57:08.000Z",
    "html": "",
    "externalScripts": "",
    "updaterUID": "obd-o-aCWJAoN50TiLm9Y8hAL3rZY4O4qAy",
    "theme": "",
    "layout": "",
    "viewCount": 0,
    "userName": "流***星",
    "commentCount": 0,
    "starCount": 2,
    "isStared": 0,
    "thumbnailURL": "https://www.makeapie.com/ecg-storage/ec_gallery_thumbnail/xVvn6zVuL5.png?v=1624957029034",
    "isCustomThumbnail": 0,
    "builtinTags": [
        "category-work",
        "dataZoom",
        "grid",
        "legend",
        "series-line",
        "tooltip"
    ],
    "customTags": [],
    "updaterUserName": "流***星"
}