{
    "cid": "xyI8Tw_eot",
    "authorUid": "obd-olXplCStLdeEMIRyKN53CY6O6SgoY0U",
    "authorUserName": "夜***空",
    "title": "环形",
    "description": "",
    "latestVersion": 1,
    "alwaysLatest": 0,
    "createTime": "2021-06-30T02:37:50.000Z",
    "lastUpdateTime": "2021-06-30T02:37:50.000Z",
    "auth": 2,
    "uid": "obd-olXplCStLdeEMIRyKN53CY6O6SgoY0U",
    "publishedVersion": 0,
    "forkFrom": "-",
    "isSpam": 0,
    "version": 1,
    "parentVersion": -1,
    "echartsVersion": "5.1.2",
    "versionCreateTime": "2021-06-30T02:37:50.000Z",
    "html": "",
    "externalScripts": "",
    "updaterUID": "obd-olXplCStLdeEMIRyKN53CY6O6SgoY0U",
    "theme": "",
    "layout": "",
    "viewCount": 0,
    "userName": "夜***空",
    "commentCount": 0,
    "starCount": 0,
    "isStared": 0,
    "thumbnailURL": "https://www.makeapie.com/ecg-storage/ec_gallery_thumbnail/xyI8Tw_eot.png?v=1625020670823",
    "isCustomThumbnail": 0,
    "builtinTags": [
        "category-work",
        "legend",
        "series-pie",
        "title",
        "tooltip"
    ],
    "customTags": [],
    "updaterUserName": "夜***空"
}