{
    "cid": "xzbSfl1kEJ",
    "authorUid": "obd-olzfCSZCumgHKulBoTFBtiDlRcIlD0u",
    "authorUserName": "佑***杰",
    "title": "测试图表",
    "description": "",
    "latestVersion": 1,
    "alwaysLatest": 0,
    "createTime": "2021-06-30T08:27:37.000Z",
    "lastUpdateTime": "2021-06-30T08:27:37.000Z",
    "auth": 2,
    "uid": "obd-olzfCSZCumgHKulBoTFBtiDlRcIlD0u",
    "publishedVersion": 0,
    "forkFrom": "-",
    "isSpam": 0,
    "version": 1,
    "parentVersion": -1,
    "echartsVersion": "5.1.2",
    "versionCreateTime": "2021-06-30T08:27:37.000Z",
    "html": "",
    "externalScripts": "",
    "updaterUID": "obd-olzfCSZCumgHKulBoTFBtiDlRcIlD0u",
    "theme": "",
    "layout": "",
    "viewCount": 0,
    "userName": "佑***杰",
    "commentCount": 0,
    "starCount": 0,
    "isStared": 0,
    "thumbnailURL": "https://www.makeapie.com/ecg-storage/ec_gallery_thumbnail/xzbSfl1kEJ.png?v=1625041657860",
    "isCustomThumbnail": 0,
    "builtinTags": [
        "category-work",
        "grid",
        "legend",
        "series-line",
        "title"
    ],
    "customTags": [],
    "updaterUserName": "佑***杰"
}