{
    "cid": "x7tWDB3uMP",
    "authorUid": "bd-2400219193",
    "authorUserName": "t***哥",
    "title": "六学家基础入门",
    "description": "六学家基础入门",
    "latestVersion": 1,
    "alwaysLatest": 1,
    "createTime": "2018-12-26T11:02:05.000Z",
    "lastUpdateTime": "2018-12-26T11:02:05.000Z",
    "auth": 2,
    "uid": "bd-2400219193",
    "publishedVersion": 0,
    "forkFrom": "-",
    "isSpam": 0,
    "version": 1,
    "parentVersion": -1,
    "echartsVersion": "4.2.0",
    "versionCreateTime": "2018-12-26T11:02:05.000Z",
    "html": "",
    "externalScripts": "",
    "updaterUID": "bd-2400219193",
    "theme": "",
    "layout": "",
    "viewCount": 4395,
    "userName": "t***哥",
    "commentCount": 1,
    "starCount": 2,
    "isStared": 0,
    "thumbnailURL": "https://www.makeapie.com/ecg-storage/ec_gallery_thumbnail/x7tWDB3uMP.png?v=1545822125765",
    "isCustomThumbnail": 0,
    "builtinTags": [
        "category-work",
        "series-sankey",
        "title",
        "tooltip"
    ],
    "customTags": [
        "六学"
    ],
    "updaterUserName": "t***哥"
}