{
    "cid": "x8xfcsMBuF",
    "authorUid": "bd-1246294056",
    "authorUserName": "领悟463",
    "title": "Awesome Chart fgddfd",
    "description": "",
    "latestVersion": 1,
    "alwaysLatest": 1,
    "createTime": "2018-12-26T03:47:07.000Z",
    "lastUpdateTime": "2018-12-26T03:47:07.000Z",
    "auth": 2,
    "uid": "bd-1246294056",
    "publishedVersion": 0,
    "forkFrom": "-",
    "isSpam": 0,
    "version": 1,
    "parentVersion": -1,
    "echartsVersion": "4.2.0",
    "versionCreateTime": "2018-12-26T03:47:08.000Z",
    "html": "",
    "externalScripts": "",
    "updaterUID": "bd-1246294056",
    "theme": "",
    "layout": "",
    "viewCount": 61,
    "userName": "领悟463",
    "commentCount": 0,
    "starCount": 0,
    "isStared": 0,
    "thumbnailURL": "https://www.makeapie.com/ecg-storage/ec_gallery_thumbnail/x8xfcsMBuF.png?v=1545796028120",
    "isCustomThumbnail": 0,
    "builtinTags": [
        "category-work",
        "grid",
        "series-line",
        "title"
    ],
    "customTags": [],
    "updaterUserName": "领悟463"
}