{
    "cid": "xbyC6_17IT",
    "authorUid": "bd-3315746725",
    "authorUserName": "chen892446383",
    "title": "广西地图及城市标点",
    "description": "广西地图及城市标点",
    "latestVersion": 3,
    "alwaysLatest": 1,
    "createTime": "2018-12-24T09:19:43.000Z",
    "lastUpdateTime": "2018-12-24T09:19:43.000Z",
    "auth": 2,
    "uid": "bd-3315746725",
    "publishedVersion": 0,
    "forkFrom": "-",
    "isSpam": 0,
    "version": 3,
    "parentVersion": 2,
    "echartsVersion": "4.2.0",
    "versionCreateTime": "2018-12-24T09:28:23.000Z",
    "html": "",
    "externalScripts": "",
    "updaterUID": "bd-3315746725",
    "theme": "",
    "layout": "",
    "viewCount": 946,
    "userName": "chen892446383",
    "commentCount": 0,
    "starCount": 8,
    "isStared": 0,
    "thumbnailURL": "https://www.makeapie.com/ecg-storage/ec_gallery_thumbnail/xbyC6_17IT.png?v=1545643703620",
    "isCustomThumbnail": 0,
    "builtinTags": [
        "category-work",
        "geo",
        "graphic",
        "series-effectScatter",
        "tooltip"
    ],
    "customTags": [],
    "updaterUserName": "chen892446383"
}