{
    "cid": "xC5HJSwulh",
    "authorUid": "bd-2890925003",
    "authorUserName": "Y***D",
    "title": "横向bar条",
    "description": "基础款，无x，y轴",
    "latestVersion": 1,
    "alwaysLatest": 1,
    "createTime": "2018-12-25T06:25:15.000Z",
    "lastUpdateTime": "2018-12-25T06:25:15.000Z",
    "auth": 2,
    "uid": "bd-2890925003",
    "publishedVersion": 0,
    "forkFrom": "-",
    "isSpam": 0,
    "version": 1,
    "parentVersion": -1,
    "echartsVersion": "4.2.0",
    "versionCreateTime": "2018-12-25T06:25:15.000Z",
    "html": "",
    "externalScripts": "",
    "updaterUID": "bd-2890925003",
    "theme": "",
    "layout": "",
    "viewCount": 1072,
    "userName": "Y***D",
    "commentCount": 0,
    "starCount": 15,
    "isStared": 0,
    "thumbnailURL": "https://www.makeapie.com/ecg-storage/ec_gallery_thumbnail/xC5HJSwulh.png?v=1545719115815",
    "isCustomThumbnail": 0,
    "builtinTags": [
        "category-work",
        "grid",
        "series-bar"
    ],
    "customTags": [],
    "updaterUserName": "Y***D"
}