{
    "cid": "xfFXyHOQo4",
    "authorUid": "bd-2341513011",
    "authorUserName": "k***雪",
    "title": "项目进度展示",
    "description": "项目进度展示~多项目",
    "latestVersion": 2,
    "alwaysLatest": 1,
    "createTime": "2018-12-24T02:41:57.000Z",
    "lastUpdateTime": "2018-12-24T02:41:57.000Z",
    "auth": 2,
    "uid": "bd-2341513011",
    "publishedVersion": 0,
    "forkFrom": "-",
    "isSpam": 0,
    "version": 2,
    "parentVersion": 1,
    "echartsVersion": "4.2.0",
    "versionCreateTime": "2018-12-24T02:45:29.000Z",
    "html": "",
    "externalScripts": "",
    "updaterUID": "bd-2341513011",
    "theme": "",
    "layout": "",
    "viewCount": 1021,
    "userName": "k***雪",
    "commentCount": 0,
    "starCount": 12,
    "isStared": 0,
    "thumbnailURL": "https://www.makeapie.com/ecg-storage/ec_gallery_thumbnail/xfFXyHOQo4.png?v=1545619529176",
    "isCustomThumbnail": 0,
    "builtinTags": [
        "category-work",
        "grid",
        "series-bar"
    ],
    "customTags": [],
    "updaterUserName": "k***雪"
}