{
    "cid": "xFnIZAxedD",
    "authorUid": "bd-4139738642",
    "authorUserName": "s***呵",
    "title": "hillCahrt",
    "description": "",
    "latestVersion": 1,
    "alwaysLatest": 1,
    "createTime": "2018-12-24T06:37:39.000Z",
    "lastUpdateTime": "2018-12-24T06:37:39.000Z",
    "auth": 2,
    "uid": "bd-4139738642",
    "publishedVersion": 0,
    "forkFrom": "-",
    "isSpam": 0,
    "version": 1,
    "parentVersion": -1,
    "echartsVersion": "4.2.0",
    "versionCreateTime": "2018-12-24T06:37:39.000Z",
    "html": "",
    "externalScripts": "",
    "updaterUID": "bd-4139738642",
    "theme": "",
    "layout": "",
    "viewCount": 43,
    "userName": "s***呵",
    "commentCount": 0,
    "starCount": 1,
    "isStared": 0,
    "thumbnailURL": "https://www.makeapie.com/ecg-storage/ec_gallery_thumbnail/xFnIZAxedD.png?v=1545633459271",
    "isCustomThumbnail": 0,
    "builtinTags": [
        "category-work",
        "grid",
        "series-pictorialBar",
        "title"
    ],
    "customTags": [],
    "updaterUserName": "s***呵"
}