{
    "cid": "xHIBxwXrJ5",
    "authorUid": "bd-478037203",
    "authorUserName": "177******58",
    "title": "员工生产效率图",
    "description": "",
    "latestVersion": 1,
    "alwaysLatest": 1,
    "createTime": "2018-12-26T02:34:11.000Z",
    "lastUpdateTime": "2018-12-26T02:34:11.000Z",
    "auth": 1,
    "uid": "bd-478037203",
    "publishedVersion": 0,
    "forkFrom": "-",
    "isSpam": 0,
    "version": 1,
    "parentVersion": -1,
    "echartsVersion": "4.2.0",
    "versionCreateTime": "2018-12-26T02:34:11.000Z",
    "html": "",
    "externalScripts": "",
    "updaterUID": "bd-478037203",
    "theme": "",
    "layout": "",
    "viewCount": 35,
    "userName": "177******58",
    "commentCount": 0,
    "starCount": 0,
    "isStared": 0,
    "thumbnailURL": "https://www.makeapie.com/ecg-storage/ec_gallery_thumbnail/xHIBxwXrJ5.png?v=1545791651916",
    "isCustomThumbnail": 0,
    "builtinTags": [
        "category-work",
        "grid",
        "series-line",
        "title"
    ],
    "customTags": [],
    "updaterUserName": "177******58"
}