{
    "cid": "xiQkQMNI6s",
    "authorUid": "bd-1246294056",
    "authorUserName": "领悟463",
    "title": "Awesome Chart",
    "description": "",
    "latestVersion": 3,
    "alwaysLatest": 1,
    "createTime": "2018-12-26T03:43:52.000Z",
    "lastUpdateTime": "2018-12-26T03:43:52.000Z",
    "auth": 2,
    "uid": "bd-1246294056",
    "publishedVersion": 0,
    "forkFrom": "-",
    "isSpam": 0,
    "version": 3,
    "parentVersion": 1,
    "echartsVersion": "4.2.0",
    "versionCreateTime": "2018-12-26T03:46:07.000Z",
    "html": "",
    "externalScripts": "",
    "updaterUID": "bd-1246294056",
    "theme": "",
    "layout": "",
    "viewCount": 8,
    "userName": "领悟463",
    "commentCount": 0,
    "starCount": 0,
    "isStared": 0,
    "thumbnailURL": "https://www.makeapie.com/ecg-storage/ec_gallery_thumbnail/xiQkQMNI6s.png?v=1545795967247",
    "isCustomThumbnail": 0,
    "builtinTags": [
        "category-work",
        "grid",
        "series-line",
        "title"
    ],
    "customTags": [],
    "updaterUserName": "领悟463"
}