{
    "cid": "xzvJRPTvMR",
    "authorUid": "bd-1493481016",
    "authorUserName": "i***a",
    "title": "最近三个月各产品良率和出货率变化趋势",
    "description": "产品分组折线图，多grid，并且可根据分组个数设置每个grid占用的宽度",
    "latestVersion": 10,
    "alwaysLatest": 1,
    "createTime": "2018-12-24T05:47:35.000Z",
    "lastUpdateTime": "2018-12-24T05:47:35.000Z",
    "auth": 2,
    "uid": "bd-1493481016",
    "publishedVersion": 0,
    "forkFrom": "-",
    "isSpam": 0,
    "version": 10,
    "parentVersion": 9,
    "echartsVersion": "4.2.0",
    "versionCreateTime": "2019-01-03T02:00:59.000Z",
    "html": "",
    "externalScripts": "",
    "updaterUID": "bd-1493481016",
    "theme": "",
    "layout": "",
    "viewCount": 255,
    "userName": "i***a",
    "commentCount": 0,
    "starCount": 1,
    "isStared": 0,
    "thumbnailURL": "https://www.makeapie.com/ecg-storage/ec_gallery_thumbnail/xzvJRPTvMR.png?v=1546480859680",
    "isCustomThumbnail": 0,
    "builtinTags": [
        "category-work",
        "grid",
        "legend",
        "markLine",
        "series-line",
        "title",
        "toolbox",
        "tooltip"
    ],
    "customTags": [],
    "updaterUserName": "i***a"
}