{
    "cid": "xBkGs4pS2z",
    "authorUid": "bd-2198309696",
    "authorUserName": "4***0",
    "title": "地图自定义线标签",
    "description": "",
    "latestVersion": 3,
    "alwaysLatest": 1,
    "createTime": "2018-04-19T07:26:18.000Z",
    "lastUpdateTime": "2018-04-19T07:26:18.000Z",
    "auth": 2,
    "uid": "bd-2198309696",
    "publishedVersion": 0,
    "forkFrom": "-",
    "isSpam": 0,
    "version": 3,
    "parentVersion": 2,
    "echartsVersion": "4.2.1",
    "versionCreateTime": "2019-09-11T02:54:28.000Z",
    "html": "",
    "externalScripts": "/dep/echarts/latest/extension/bmap.min.js,https://api.map.baidu.com/api?v=2.0&ak=KOmVjPVUAey1G2E8zNhPiuQ6QiEmAwZu&__ec_v__=20190126",
    "updaterUID": "bd-2198309696",
    "theme": "",
    "layout": "",
    "viewCount": 443,
    "userName": "4***0",
    "commentCount": 0,
    "starCount": 0,
    "isStared": 0,
    "thumbnailURL": "https://www.makeapie.com/ecg-storage/ec_gallery_thumbnail/xBkGs4pS2z.png?v=1524122778678",
    "isCustomThumbnail": 1,
    "builtinTags": [
        "category-work"
    ],
    "customTags": [
        "百度地图"
    ],
    "updaterUserName": "4***0"
}