{
    "cid": "xH1cseOD3G",
    "authorUid": "bd-404965171",
    "authorUserName": "小***物",
    "title": "环形样式",
    "description": "",
    "latestVersion": 1,
    "alwaysLatest": 1,
    "createTime": "2018-04-20T13:52:34.000Z",
    "lastUpdateTime": "2018-04-20T13:52:34.000Z",
    "auth": 2,
    "uid": "bd-404965171",
    "publishedVersion": 0,
    "forkFrom": "-",
    "isSpam": 0,
    "version": 1,
    "parentVersion": -1,
    "echartsVersion": "4.0.4",
    "versionCreateTime": "2018-04-20T13:52:34.000Z",
    "html": "",
    "externalScripts": "",
    "updaterUID": "bd-404965171",
    "theme": "",
    "layout": "",
    "viewCount": 191,
    "userName": "小***物",
    "commentCount": 0,
    "starCount": 0,
    "isStared": 0,
    "thumbnailURL": "https://www.makeapie.com/ecg-storage/ec_gallery_thumbnail/xH1cseOD3G.png?v=1524232354167",
    "isCustomThumbnail": 0,
    "builtinTags": [
        "category-work",
        "series-pie",
        "tooltip"
    ],
    "customTags": [],
    "updaterUserName": "小***物"
}