{
    "cid": "xHk2w_N_3M",
    "authorUid": "bd-4045424085",
    "authorUserName": "s***2",
    "title": "散点图、折线图、Y轴数字加汉字",
    "description": "",
    "latestVersion": 4,
    "alwaysLatest": 1,
    "createTime": "2018-04-21T04:04:52.000Z",
    "lastUpdateTime": "2018-04-21T04:04:52.000Z",
    "auth": 1,
    "uid": "bd-4045424085",
    "publishedVersion": 0,
    "forkFrom": "-",
    "isSpam": 0,
    "version": 4,
    "parentVersion": 3,
    "echartsVersion": "4.8.0",
    "versionCreateTime": "2020-06-11T07:24:56.000Z",
    "html": "",
    "externalScripts": "",
    "updaterUID": "obd-oDoFB9LyTo_CRKsqLfEUF8Ndd5rTk1G",
    "theme": "",
    "layout": "",
    "viewCount": 298,
    "userName": "s***2",
    "commentCount": 0,
    "starCount": 1,
    "isStared": 0,
    "thumbnailURL": "https://www.makeapie.com/ecg-storage/ec_gallery_thumbnail/xHk2w_N_3M.png?v=1591860296488",
    "isCustomThumbnail": 0,
    "builtinTags": [
        "category-work",
        "grid",
        "series-line",
        "series-scatter"
    ],
    "customTags": [],
    "updaterUserName": "是***i"
}