{
    "cid": "xHkLPR2E2f",
    "authorUid": "bd-3778831175",
    "authorUserName": "m***i",
    "title": "NY Taxi Road Display",
    "description": "NY Taxi Road Display",
    "latestVersion": 3,
    "alwaysLatest": 1,
    "createTime": "2018-04-18T12:47:26.000Z",
    "lastUpdateTime": "2018-04-18T12:47:26.000Z",
    "auth": 2,
    "uid": "bd-3778831175",
    "publishedVersion": 0,
    "forkFrom": "-",
    "isSpam": 0,
    "version": 3,
    "parentVersion": 2,
    "echartsVersion": "4.1.0",
    "versionCreateTime": "2019-01-09T10:40:46.000Z",
    "html": "",
    "externalScripts": "https://cdn.jsdelivr.net/npm/maptalks@0.39.3/dist/maptalks.min.js,https://cdn.bootcss.com/echarts/4.1.0/echarts.min.js,https://deyihu.github.io/src/lib/echarts-gl.1.1.3.js?tdsourcetag=s_pctim_aiomsg,https://cdn.bootcss.com/jquery/2.0.3/jquery.min.js",
    "updaterUID": "bd-3778831175",
    "theme": "",
    "layout": "",
    "viewCount": 2296,
    "userName": "m***i",
    "commentCount": 0,
    "starCount": 4,
    "isStared": 0,
    "thumbnailURL": "https://www.makeapie.com/ecg-storage/ec_gallery_thumbnail/xHkLPR2E2f.png?v=1524055647868",
    "isCustomThumbnail": 1,
    "builtinTags": [
        "category-work",
        "maptalks3D",
        "series-lines3D"
    ],
    "customTags": [
        "echarts-gl"
    ],
    "updaterUserName": "m***i"
}