{
    "cid": "xHkyxUaNnM",
    "authorUid": "bd-3778831175",
    "authorUserName": "m***i",
    "title": "NY Buildings",
    "description": "NY Buildings",
    "latestVersion": 4,
    "alwaysLatest": 1,
    "createTime": "2018-04-18T13:19:35.000Z",
    "lastUpdateTime": "2018-04-18T13:19:35.000Z",
    "auth": 2,
    "uid": "bd-3778831175",
    "publishedVersion": 0,
    "forkFrom": "-",
    "isSpam": 0,
    "version": 4,
    "parentVersion": 3,
    "echartsVersion": "4.1.0",
    "versionCreateTime": "2019-01-09T10:41:57.000Z",
    "html": "",
    "externalScripts": "https://cdn.jsdelivr.net/npm/maptalks@0.39.3/dist/maptalks.min.js,https://cdn.bootcss.com/echarts/4.1.0/echarts.min.js,https://deyihu.github.io/src/lib/echarts-gl.1.1.3.js?tdsourcetag=s_pctim_aiomsg,https://cdn.bootcss.com/jquery/2.0.3/jquery.min.js",
    "updaterUID": "bd-3778831175",
    "theme": "",
    "layout": "",
    "viewCount": 858,
    "userName": "m***i",
    "commentCount": 0,
    "starCount": 2,
    "isStared": 0,
    "thumbnailURL": "https://www.makeapie.com/ecg-storage/ec_gallery_thumbnail/xHkyxUaNnM.png?v=1524057575905",
    "isCustomThumbnail": 1,
    "builtinTags": [
        "category-work",
        "maptalks3D",
        "series-map3D"
    ],
    "customTags": [
        "echarts-gl"
    ],
    "updaterUserName": "m***i"
}