{
    "cid": "xHy4MEdS3f",
    "authorUid": "bd-4045424085",
    "authorUserName": "s***2",
    "title": "条形统计图堆叠效果及圆形统计图",
    "description": "条形统计图堆叠效果及圆形统计图，数据满足数据格式即可，其他项根据实际情况可以自行设置",
    "latestVersion": 2,
    "alwaysLatest": 1,
    "createTime": "2018-04-19T01:42:36.000Z",
    "lastUpdateTime": "2018-04-19T01:42:36.000Z",
    "auth": 1,
    "uid": "bd-4045424085",
    "publishedVersion": 0,
    "forkFrom": "-",
    "isSpam": 0,
    "version": 2,
    "parentVersion": 1,
    "echartsVersion": "4.0.4",
    "versionCreateTime": "2018-04-19T07:45:14.000Z",
    "html": "",
    "externalScripts": "",
    "updaterUID": "bd-4045424085",
    "theme": "",
    "layout": "",
    "viewCount": 158,
    "userName": "s***2",
    "commentCount": 0,
    "starCount": 0,
    "isStared": 0,
    "thumbnailURL": "https://www.makeapie.com/ecg-storage/ec_gallery_thumbnail/xHy4MEdS3f.png?v=1524123914336",
    "isCustomThumbnail": 0,
    "builtinTags": [
        "category-work",
        "grid",
        "legend",
        "series-bar",
        "series-pie",
        "tooltip"
    ],
    "customTags": [],
    "updaterUserName": "s***2"
}