{
    "cid": "xrkiJ0fvhz",
    "authorUid": "bd-2048334472",
    "authorUserName": "小***5",
    "title": "现居地为蓬江区，有意愿租房比例",
    "description": "",
    "latestVersion": 1,
    "alwaysLatest": 1,
    "createTime": "2018-04-20T07:59:31.000Z",
    "lastUpdateTime": "2018-04-20T07:59:31.000Z",
    "auth": 2,
    "uid": "bd-2048334472",
    "publishedVersion": 0,
    "forkFrom": "-",
    "isSpam": 0,
    "version": 1,
    "parentVersion": -1,
    "echartsVersion": "4.0.4",
    "versionCreateTime": "2018-04-20T07:59:31.000Z",
    "html": "",
    "externalScripts": "",
    "updaterUID": "bd-2048334472",
    "theme": "",
    "layout": "",
    "viewCount": 307,
    "userName": "小***5",
    "commentCount": 0,
    "starCount": 0,
    "isStared": 0,
    "thumbnailURL": "https://www.makeapie.com/ecg-storage/ec_gallery_thumbnail/xrkiJ0fvhz.png?v=1524211171261",
    "isCustomThumbnail": 0,
    "builtinTags": [
        "category-work",
        "geo",
        "legend",
        "series-effectScatter",
        "series-lines",
        "title"
    ],
    "customTags": [],
    "updaterUserName": "小***5"
}