{
    "cid": "xrkv2F5V2f",
    "authorUid": "bd-2172926024",
    "authorUserName": "185*****231",
    "title": "进度02",
    "description": "",
    "latestVersion": 1,
    "alwaysLatest": 1,
    "createTime": "2018-04-18T10:10:54.000Z",
    "lastUpdateTime": "2018-04-18T10:10:54.000Z",
    "auth": 2,
    "uid": "bd-2172926024",
    "publishedVersion": 0,
    "forkFrom": "-",
    "isSpam": 0,
    "version": 1,
    "parentVersion": -1,
    "echartsVersion": "4.0.4",
    "versionCreateTime": "2018-04-18T10:10:54.000Z",
    "html": "",
    "externalScripts": "",
    "updaterUID": "bd-2172926024",
    "theme": "",
    "layout": "",
    "viewCount": 35,
    "userName": "185*****231",
    "commentCount": 0,
    "starCount": 0,
    "isStared": 0,
    "thumbnailURL": "https://www.makeapie.com/ecg-storage/ec_gallery_thumbnail/xrkv2F5V2f.png?v=1524046254751",
    "isCustomThumbnail": 0,
    "builtinTags": [
        "category-work",
        "legend",
        "series-pie"
    ],
    "customTags": [],
    "updaterUserName": "185*****231"
}