{
    "cid": "xryb857PnM",
    "authorUid": "bd-1033638345",
    "authorUserName": "s***O",
    "title": "人员折线图",
    "description": "",
    "latestVersion": 1,
    "alwaysLatest": 1,
    "createTime": "2018-04-20T08:52:25.000Z",
    "lastUpdateTime": "2018-04-20T08:52:25.000Z",
    "auth": 2,
    "uid": "bd-1033638345",
    "publishedVersion": 0,
    "forkFrom": "-",
    "isSpam": 0,
    "version": 1,
    "parentVersion": -1,
    "echartsVersion": "4.0.4",
    "versionCreateTime": "2018-04-20T08:52:25.000Z",
    "html": "",
    "externalScripts": "",
    "updaterUID": "bd-1033638345",
    "theme": "",
    "layout": "",
    "viewCount": 31,
    "userName": "s***O",
    "commentCount": 0,
    "starCount": 0,
    "isStared": 0,
    "thumbnailURL": "https://www.makeapie.com/ecg-storage/ec_gallery_thumbnail/xryb857PnM.png?v=1524214345519",
    "isCustomThumbnail": 0,
    "builtinTags": [
        "category-work",
        "grid",
        "legend",
        "series-line",
        "tooltip"
    ],
    "customTags": [],
    "updaterUserName": "s***O"
}