{
    "cid": "xS1F5cEv2f",
    "authorUid": "bd-1572363763",
    "authorUserName": "szdbb320",
    "title": "仓容容量",
    "description": "",
    "latestVersion": 1,
    "alwaysLatest": 1,
    "createTime": "2018-04-20T10:01:52.000Z",
    "lastUpdateTime": "2018-04-20T10:01:52.000Z",
    "auth": 1,
    "uid": "bd-1572363763",
    "publishedVersion": 0,
    "forkFrom": "-",
    "isSpam": 0,
    "version": 1,
    "parentVersion": -1,
    "echartsVersion": "4.0.4",
    "versionCreateTime": "2018-04-20T10:01:52.000Z",
    "html": "",
    "externalScripts": "",
    "updaterUID": "bd-1572363763",
    "theme": "vintage",
    "layout": "",
    "viewCount": 106,
    "userName": "szdbb320",
    "commentCount": 0,
    "starCount": 0,
    "isStared": 0,
    "thumbnailURL": "https://www.makeapie.com/ecg-storage/ec_gallery_thumbnail/xS1F5cEv2f.png?v=1524218513071",
    "isCustomThumbnail": 0,
    "builtinTags": [
        "category-work",
        "grid",
        "series-bar",
        "tooltip"
    ],
    "customTags": [],
    "updaterUserName": "szdbb320"
}