{
    "cid": "xSJeBsGUhM",
    "authorUid": "bd-1485068260",
    "authorUserName": "158******98",
    "title": "散点（大小标记）",
    "description": "",
    "latestVersion": 4,
    "alwaysLatest": 1,
    "createTime": "2018-04-19T13:35:51.000Z",
    "lastUpdateTime": "2018-04-19T13:35:51.000Z",
    "auth": 2,
    "uid": "bd-1485068260",
    "publishedVersion": 0,
    "forkFrom": "-",
    "isSpam": 0,
    "version": 4,
    "parentVersion": 3,
    "echartsVersion": "4.0.4",
    "versionCreateTime": "2018-04-19T15:37:50.000Z",
    "html": "",
    "externalScripts": "",
    "updaterUID": "bd-1485068260",
    "theme": "",
    "layout": "",
    "viewCount": 115,
    "userName": "158******98",
    "commentCount": 0,
    "starCount": 0,
    "isStared": 0,
    "thumbnailURL": "https://www.makeapie.com/ecg-storage/ec_gallery_thumbnail/xSJeBsGUhM.png?v=1524152270580",
    "isCustomThumbnail": 0,
    "builtinTags": [
        "category-work",
        "grid",
        "legend",
        "series-scatter",
        "title",
        "toolbox",
        "tooltip"
    ],
    "customTags": [],
    "updaterUserName": "158******98"
}