{
    "cid": "xSJonFy8nG",
    "authorUid": "bd-2048334472",
    "authorUserName": "小***5",
    "title": "江门市购房意愿",
    "description": "",
    "latestVersion": 4,
    "alwaysLatest": 1,
    "createTime": "2018-04-19T10:04:34.000Z",
    "lastUpdateTime": "2018-04-19T10:04:34.000Z",
    "auth": 2,
    "uid": "bd-2048334472",
    "publishedVersion": 0,
    "forkFrom": "-",
    "isSpam": 0,
    "version": 4,
    "parentVersion": 3,
    "echartsVersion": "4.0.4",
    "versionCreateTime": "2018-04-20T07:47:07.000Z",
    "html": "",
    "externalScripts": "",
    "updaterUID": "bd-2048334472",
    "theme": "",
    "layout": "",
    "viewCount": 311,
    "userName": "小***5",
    "commentCount": 3,
    "starCount": 0,
    "isStared": 0,
    "thumbnailURL": "https://www.makeapie.com/ecg-storage/ec_gallery_thumbnail/xSJonFy8nG.png?v=1524132274838",
    "isCustomThumbnail": 1,
    "builtinTags": [
        "category-work",
        "geo",
        "legend",
        "series-effectScatter",
        "series-lines",
        "title"
    ],
    "customTags": [],
    "updaterUserName": "小***5"
}