{
    "cid": "xSkxnCq4v2G",
    "authorUid": "bd-3442830020",
    "authorUserName": "ggk狼狼",
    "title": "阴影区域渐变",
    "description": "",
    "latestVersion": 1,
    "alwaysLatest": 1,
    "createTime": "2018-04-20T10:03:00.000Z",
    "lastUpdateTime": "2018-04-20T10:03:00.000Z",
    "auth": 2,
    "uid": "bd-3442830020",
    "publishedVersion": 0,
    "forkFrom": "-",
    "isSpam": 0,
    "version": 1,
    "parentVersion": -1,
    "echartsVersion": "4.0.4",
    "versionCreateTime": "2018-04-20T10:03:00.000Z",
    "html": "",
    "externalScripts": "",
    "updaterUID": "bd-3442830020",
    "theme": "",
    "layout": "",
    "viewCount": 90,
    "userName": "ggk狼狼",
    "commentCount": 0,
    "starCount": 2,
    "isStared": 0,
    "thumbnailURL": "https://www.makeapie.com/ecg-storage/ec_gallery_thumbnail/xSkxnCq4v2G.png?v=1524218580308",
    "isCustomThumbnail": 0,
    "builtinTags": [
        "category-work",
        "dataZoom",
        "grid",
        "legend",
        "series-line",
        "tooltip"
    ],
    "customTags": [],
    "updaterUserName": "ggk狼狼"
}