{
    "cid": "x0QTzlfxbK",
    "authorUid": "bd-1866429146",
    "authorUserName": "S***康",
    "title": "库存统计-库存趋势",
    "description": "库存统计-库存趋势",
    "latestVersion": 2,
    "alwaysLatest": 1,
    "createTime": "2020-07-30T02:21:27.000Z",
    "lastUpdateTime": "2020-07-30T02:21:27.000Z",
    "auth": 2,
    "uid": "bd-1866429146",
    "publishedVersion": 0,
    "forkFrom": "-",
    "isSpam": 0,
    "version": 2,
    "parentVersion": 1,
    "echartsVersion": "4.8.0",
    "versionCreateTime": "2020-08-04T01:49:52.000Z",
    "html": "",
    "externalScripts": "",
    "updaterUID": "bd-1866429146",
    "theme": "",
    "layout": "",
    "viewCount": 82,
    "userName": "S***康",
    "commentCount": 0,
    "starCount": 1,
    "isStared": 0,
    "thumbnailURL": "https://www.makeapie.com/ecg-storage/ec_gallery_thumbnail/x0QTzlfxbK.png?v=1596505792744",
    "isCustomThumbnail": 0,
    "builtinTags": [
        "category-work",
        "grid",
        "series-line",
        "tooltip"
    ],
    "customTags": [],
    "updaterUserName": "S***康"
}