{
    "cid": "x3e9QdzpBB",
    "authorUid": "obd-oA91CUDZXn4TC5PFx3DRbsj6RVatW7r",
    "authorUserName": "天***城",
    "title": "Awesome Chart",
    "description": "ss",
    "latestVersion": 1,
    "alwaysLatest": 1,
    "createTime": "2020-07-30T01:35:18.000Z",
    "lastUpdateTime": "2020-07-30T01:35:18.000Z",
    "auth": 2,
    "uid": "obd-oA91CUDZXn4TC5PFx3DRbsj6RVatW7r",
    "publishedVersion": 0,
    "forkFrom": "-",
    "isSpam": 0,
    "version": 1,
    "parentVersion": -1,
    "echartsVersion": "4.8.0",
    "versionCreateTime": "2020-07-30T01:35:18.000Z",
    "html": "",
    "externalScripts": "",
    "updaterUID": "obd-oA91CUDZXn4TC5PFx3DRbsj6RVatW7r",
    "theme": "",
    "layout": "",
    "viewCount": 18,
    "userName": "天***城",
    "commentCount": 0,
    "starCount": 0,
    "isStared": 0,
    "thumbnailURL": "https://www.makeapie.com/ecg-storage/ec_gallery_thumbnail/x3e9QdzpBB.png?v=1596072919060",
    "isCustomThumbnail": 0,
    "builtinTags": [
        "category-work",
        "grid",
        "series-line",
        "title"
    ],
    "customTags": [],
    "updaterUserName": "天***城"
}