{
    "cid": "x_1lidFKm9",
    "authorUid": "bd-2680668432",
    "authorUserName": "C***酱",
    "title": "自定义图标示例0",
    "description": "编辑一个EChart可渲染的图标",
    "latestVersion": 3,
    "alwaysLatest": 1,
    "createTime": "2020-07-30T03:30:14.000Z",
    "lastUpdateTime": "2020-07-30T03:30:14.000Z",
    "auth": 2,
    "uid": "bd-2680668432",
    "publishedVersion": 0,
    "forkFrom": "-",
    "isSpam": 0,
    "version": 3,
    "parentVersion": 2,
    "echartsVersion": "4.8.0",
    "versionCreateTime": "2020-07-31T07:55:33.000Z",
    "html": "",
    "externalScripts": "",
    "updaterUID": "bd-2680668432",
    "theme": "",
    "layout": "",
    "viewCount": 239,
    "userName": "C***酱",
    "commentCount": 0,
    "starCount": 0,
    "isStared": 0,
    "thumbnailURL": "https://www.makeapie.com/ecg-storage/ec_gallery_thumbnail/x_1lidFKm9.png?v=1596182133709",
    "isCustomThumbnail": 0,
    "builtinTags": [
        "category-work",
        "grid",
        "series-line"
    ],
    "customTags": [],
    "updaterUserName": "C***酱"
}