{
    "cid": "xAvgENIkp4",
    "authorUid": "obd-oMpzwAuCKXtSzZgLHDlYbZjUfZqDs2E",
    "authorUserName": "j***9",
    "title": "抄袭的",
    "description": "抄袭的",
    "latestVersion": 2,
    "alwaysLatest": 1,
    "createTime": "2020-07-30T02:26:30.000Z",
    "lastUpdateTime": "2020-07-30T02:26:30.000Z",
    "auth": 2,
    "uid": "obd-oMpzwAuCKXtSzZgLHDlYbZjUfZqDs2E",
    "publishedVersion": 0,
    "forkFrom": "-",
    "isSpam": 0,
    "version": 2,
    "parentVersion": 1,
    "echartsVersion": "4.8.0",
    "versionCreateTime": "2020-07-30T08:05:17.000Z",
    "html": "",
    "externalScripts": "",
    "updaterUID": "obd-oMpzwAuCKXtSzZgLHDlYbZjUfZqDs2E",
    "theme": "",
    "layout": "",
    "viewCount": 268,
    "userName": "j***9",
    "commentCount": 0,
    "starCount": 0,
    "isStared": 0,
    "thumbnailURL": "https://www.makeapie.com/ecg-storage/ec_gallery_thumbnail/xAvgENIkp4.png?v=1596096317841",
    "isCustomThumbnail": 0,
    "builtinTags": [
        "category-work",
        "grid",
        "series-graph",
        "series-lines"
    ],
    "customTags": [],
    "updaterUserName": "j***9"
}