{
    "cid": "xBSiTBwJnu",
    "authorUid": "obd-otakjcfuBJSiMIOBRrWEE8krK0_Y88D",
    "authorUserName": "L***L",
    "title": "geo",
    "description": "",
    "latestVersion": 1,
    "alwaysLatest": 1,
    "createTime": "2020-07-29T09:22:32.000Z",
    "lastUpdateTime": "2020-07-29T09:22:32.000Z",
    "auth": 1,
    "uid": "obd-otakjcfuBJSiMIOBRrWEE8krK0_Y88D",
    "publishedVersion": 0,
    "forkFrom": "-",
    "isSpam": 0,
    "version": 1,
    "parentVersion": -1,
    "echartsVersion": "4.8.0",
    "versionCreateTime": "2020-07-29T09:22:32.000Z",
    "html": "",
    "externalScripts": "/dep/echarts/map/js/china.js",
    "updaterUID": "obd-otakjcfuBJSiMIOBRrWEE8krK0_Y88D",
    "theme": "",
    "layout": "",
    "viewCount": 1276,
    "userName": "L***L",
    "commentCount": 0,
    "starCount": 4,
    "isStared": 0,
    "thumbnailURL": "https://www.makeapie.com/ecg-storage/ec_gallery_thumbnail/xBSiTBwJnu.png?v=1596014552278",
    "isCustomThumbnail": 0,
    "builtinTags": [
        "category-work",
        "geo",
        "series-effectScatter",
        "series-lines",
        "series-map"
    ],
    "customTags": [],
    "updaterUserName": "L***L"
}