{
    "cid": "xd_ros0BJ7",
    "authorUid": "bd-1899772313",
    "authorUserName": "温***1",
    "title": "柱状图",
    "description": "",
    "latestVersion": 3,
    "alwaysLatest": 1,
    "createTime": "2020-07-30T02:53:42.000Z",
    "lastUpdateTime": "2020-07-30T02:53:42.000Z",
    "auth": 2,
    "uid": "bd-1899772313",
    "publishedVersion": 0,
    "forkFrom": "-",
    "isSpam": 0,
    "version": 3,
    "parentVersion": 2,
    "echartsVersion": "4.8.0",
    "versionCreateTime": "2020-07-30T05:23:47.000Z",
    "html": "",
    "externalScripts": "",
    "updaterUID": "bd-1899772313",
    "theme": "",
    "layout": "",
    "viewCount": 87,
    "userName": "温***1",
    "commentCount": 0,
    "starCount": 0,
    "isStared": 0,
    "thumbnailURL": "https://www.makeapie.com/ecg-storage/ec_gallery_thumbnail/xd_ros0BJ7.png?v=1596086627466",
    "isCustomThumbnail": 0,
    "builtinTags": [
        "category-work",
        "grid",
        "series-bar",
        "title",
        "tooltip"
    ],
    "customTags": [],
    "updaterUserName": "温***1"
}