{
    "cid": "xGohuEy8Cs",
    "authorUid": "bd-1866429146",
    "authorUserName": "S***康",
    "title": "库存统计-价格分布",
    "description": "库存统计-价格分布",
    "latestVersion": 3,
    "alwaysLatest": 1,
    "createTime": "2020-07-30T03:25:10.000Z",
    "lastUpdateTime": "2020-07-30T03:25:10.000Z",
    "auth": 2,
    "uid": "bd-1866429146",
    "publishedVersion": 0,
    "forkFrom": "-",
    "isSpam": 0,
    "version": 3,
    "parentVersion": 2,
    "echartsVersion": "4.8.0",
    "versionCreateTime": "2020-08-04T01:45:45.000Z",
    "html": "",
    "externalScripts": "",
    "updaterUID": "bd-1866429146",
    "theme": "",
    "layout": "",
    "viewCount": 83,
    "userName": "S***康",
    "commentCount": 0,
    "starCount": 1,
    "isStared": 0,
    "thumbnailURL": "https://www.makeapie.com/ecg-storage/ec_gallery_thumbnail/xGohuEy8Cs.png?v=1596505546017",
    "isCustomThumbnail": 0,
    "builtinTags": [
        "category-work",
        "series-pie",
        "tooltip"
    ],
    "customTags": [],
    "updaterUserName": "S***康"
}