{
    "cid": "xU9STGjyZY",
    "authorUid": "obd-ot3AeGM8AUWY_lY3k6SRE51Mu-0Ha8B",
    "authorUserName": "无***i",
    "title": "前方带有图标柱状图",
    "description": "",
    "latestVersion": 5,
    "alwaysLatest": 1,
    "createTime": "2020-07-29T08:59:48.000Z",
    "lastUpdateTime": "2020-07-30T03:17:30.000Z",
    "auth": 2,
    "uid": "obd-ot3AeGM8AUWY_lY3k6SRE51Mu-0Ha8B",
    "publishedVersion": 0,
    "forkFrom": "-",
    "isSpam": 0,
    "version": 5,
    "parentVersion": 4,
    "echartsVersion": "4.8.0",
    "versionCreateTime": "2020-07-30T03:17:40.000Z",
    "html": "",
    "externalScripts": "",
    "updaterUID": "obd-ot3AeGM8AUWY_lY3k6SRE51Mu-0Ha8B",
    "theme": "vintage",
    "layout": "",
    "viewCount": 33,
    "userName": "无***i",
    "commentCount": 0,
    "starCount": 0,
    "isStared": 0,
    "thumbnailURL": "https://www.makeapie.com/ecg-storage/ec_gallery_thumbnail/xU9STGjyZY.png?v=1596079060186",
    "isCustomThumbnail": 0,
    "builtinTags": [],
    "customTags": [],
    "updaterUserName": "无***i"
}