{
    "cid": "xw5-SoGld_",
    "authorUid": "bd-2552167583",
    "authorUserName": "z***g",
    "title": "环形",
    "description": "",
    "latestVersion": 1,
    "alwaysLatest": 1,
    "createTime": "2020-07-29T11:43:01.000Z",
    "lastUpdateTime": "2020-07-29T11:43:01.000Z",
    "auth": 2,
    "uid": "bd-2552167583",
    "publishedVersion": 0,
    "forkFrom": "-",
    "isSpam": 0,
    "version": 1,
    "parentVersion": -1,
    "echartsVersion": "4.8.0",
    "versionCreateTime": "2020-07-29T11:43:01.000Z",
    "html": "",
    "externalScripts": "",
    "updaterUID": "bd-2552167583",
    "theme": "",
    "layout": "",
    "viewCount": 322,
    "userName": "z***g",
    "commentCount": 0,
    "starCount": 1,
    "isStared": 0,
    "thumbnailURL": "https://www.makeapie.com/ecg-storage/ec_gallery_thumbnail/xw5-SoGld_.png?v=1596022982093",
    "isCustomThumbnail": 0,
    "builtinTags": [
        "category-work",
        "polar",
        "series-bar",
        "series-gauge",
        "title"
    ],
    "customTags": [],
    "updaterUserName": "z***g"
}