{
    "cid": "xWQ5N4Q_dK",
    "authorUid": "bd-171648521",
    "authorUserName": "绿***绿",
    "title": "9%",
    "description": "bar",
    "latestVersion": 2,
    "alwaysLatest": 1,
    "createTime": "2020-07-29T03:03:07.000Z",
    "lastUpdateTime": "2020-07-29T03:03:07.000Z",
    "auth": 2,
    "uid": "bd-171648521",
    "publishedVersion": 0,
    "forkFrom": "-",
    "isSpam": 0,
    "version": 2,
    "parentVersion": 1,
    "echartsVersion": "4.8.0",
    "versionCreateTime": "2020-07-29T03:42:22.000Z",
    "html": "",
    "externalScripts": "",
    "updaterUID": "bd-171648521",
    "theme": "",
    "layout": "",
    "viewCount": 26,
    "userName": "绿***绿",
    "commentCount": 0,
    "starCount": 0,
    "isStared": 0,
    "thumbnailURL": "https://www.makeapie.com/ecg-storage/ec_gallery_thumbnail/xWQ5N4Q_dK.png?v=1595994142734",
    "isCustomThumbnail": 0,
    "builtinTags": [
        "category-work",
        "series-pie",
        "title",
        "tooltip"
    ],
    "customTags": [],
    "updaterUserName": "绿***绿"
}