{
    "cid": "x11aTtYmRI",
    "authorUid": "bd-3794649450",
    "authorUserName": "p***z",
    "title": "3D地球仪",
    "description": "",
    "latestVersion": 3,
    "alwaysLatest": 1,
    "createTime": "2018-12-18T10:17:56.000Z",
    "lastUpdateTime": "2018-12-18T10:17:56.000Z",
    "auth": 2,
    "uid": "bd-3794649450",
    "publishedVersion": 0,
    "forkFrom": "-",
    "isSpam": 0,
    "version": 3,
    "parentVersion": 2,
    "echartsVersion": "4.2.0",
    "versionCreateTime": "2018-12-19T01:53:29.000Z",
    "html": "",
    "externalScripts": "/dep/echarts/map/js/world.js,http://www.echartsjs.com/dist/echarts-gl.min.js",
    "updaterUID": "bd-3794649450",
    "theme": "",
    "layout": "",
    "viewCount": 942,
    "userName": "p***z",
    "commentCount": 0,
    "starCount": 4,
    "isStared": 0,
    "thumbnailURL": "https://www.makeapie.com/ecg-storage/ec_gallery_thumbnail/x11aTtYmRI.png?v=1545128278153",
    "isCustomThumbnail": 1,
    "builtinTags": [
        "category-work",
        "globe"
    ],
    "customTags": [],
    "updaterUserName": "p***z"
}