{
    "cid": "xITopoeN7H",
    "authorUid": "bd-807539803",
    "authorUserName": "走***7",
    "title": "异型柱状图",
    "description": "不会切图片切得不好所以不得已拉伸了",
    "latestVersion": 1,
    "alwaysLatest": 1,
    "createTime": "2018-12-17T11:05:38.000Z",
    "lastUpdateTime": "2018-12-17T11:05:38.000Z",
    "auth": 1,
    "uid": "bd-807539803",
    "publishedVersion": 0,
    "forkFrom": "-",
    "isSpam": 0,
    "version": 1,
    "parentVersion": -1,
    "echartsVersion": "4.2.0",
    "versionCreateTime": "2018-12-17T11:05:38.000Z",
    "html": "",
    "externalScripts": "",
    "updaterUID": "bd-807539803",
    "theme": "",
    "layout": "",
    "viewCount": 200,
    "userName": "走***7",
    "commentCount": 0,
    "starCount": 5,
    "isStared": 0,
    "thumbnailURL": "https://www.makeapie.com/ecg-storage/ec_gallery_thumbnail/xITopoeN7H.png?v=1545044738154",
    "isCustomThumbnail": 0,
    "builtinTags": [
        "category-work",
        "grid",
        "series-pictorialBar",
        "title",
        "tooltip"
    ],
    "customTags": [],
    "updaterUserName": "走***7"
}