{
    "cid": "xJTo884Psc",
    "authorUid": "bd-2122468014",
    "authorUserName": "南***墨",
    "title": "模拟心电图动画",
    "description": "",
    "latestVersion": 1,
    "alwaysLatest": 1,
    "createTime": "2018-12-18T08:59:47.000Z",
    "lastUpdateTime": "2018-12-18T08:59:47.000Z",
    "auth": 2,
    "uid": "bd-2122468014",
    "publishedVersion": 0,
    "forkFrom": "-",
    "isSpam": 0,
    "version": 1,
    "parentVersion": -1,
    "echartsVersion": "4.2.0",
    "versionCreateTime": "2018-12-18T08:59:47.000Z",
    "html": "",
    "externalScripts": "",
    "updaterUID": "bd-2122468014",
    "theme": "",
    "layout": "",
    "viewCount": 336,
    "userName": "南***墨",
    "commentCount": 0,
    "starCount": 0,
    "isStared": 0,
    "thumbnailURL": "https://www.makeapie.com/ecg-storage/ec_gallery_thumbnail/xJTo884Psc.png?v=1545123587727",
    "isCustomThumbnail": 0,
    "builtinTags": [
        "category-work",
        "grid",
        "series-line",
        "visualMap"
    ],
    "customTags": [],
    "updaterUserName": "南***墨"
}