{
    "cid": "xKbeMtpIgA",
    "authorUid": "bd-2341513011",
    "authorUserName": "k***雪",
    "title": "有毒气体雷达图",
    "description": "雷达图",
    "latestVersion": 4,
    "alwaysLatest": 1,
    "createTime": "2018-12-18T08:06:15.000Z",
    "lastUpdateTime": "2018-12-18T08:06:15.000Z",
    "auth": 2,
    "uid": "bd-2341513011",
    "publishedVersion": 0,
    "forkFrom": "-",
    "isSpam": 0,
    "version": 4,
    "parentVersion": 3,
    "echartsVersion": "4.2.0",
    "versionCreateTime": "2018-12-19T08:08:26.000Z",
    "html": "",
    "externalScripts": "",
    "updaterUID": "bd-2341513011",
    "theme": "",
    "layout": "",
    "viewCount": 1598,
    "userName": "k***雪",
    "commentCount": 0,
    "starCount": 18,
    "isStared": 0,
    "thumbnailURL": "https://www.makeapie.com/ecg-storage/ec_gallery_thumbnail/xKbeMtpIgA.png?v=1545206906981",
    "isCustomThumbnail": 0,
    "builtinTags": [
        "category-work",
        "legend",
        "radar",
        "series-radar",
        "tooltip"
    ],
    "customTags": [],
    "updaterUserName": "k***雪"
}