{
    "cid": "xl9cIhj0Jb",
    "authorUid": "bd-1130739571",
    "authorUserName": "不***吗",
    "title": "scotter",
    "description": "",
    "latestVersion": 1,
    "alwaysLatest": 1,
    "createTime": "2018-12-17T08:07:47.000Z",
    "lastUpdateTime": "2018-12-17T08:07:47.000Z",
    "auth": 2,
    "uid": "bd-1130739571",
    "publishedVersion": 0,
    "forkFrom": "-",
    "isSpam": 0,
    "version": 1,
    "parentVersion": -1,
    "echartsVersion": "4.2.0",
    "versionCreateTime": "2018-12-17T08:07:47.000Z",
    "html": "",
    "externalScripts": "",
    "updaterUID": "bd-1130739571",
    "theme": "",
    "layout": "",
    "viewCount": 103,
    "userName": "不***吗",
    "commentCount": 0,
    "starCount": 0,
    "isStared": 0,
    "thumbnailURL": "https://www.makeapie.com/ecg-storage/ec_gallery_thumbnail/xl9cIhj0Jb.png?v=1545034067601",
    "isCustomThumbnail": 0,
    "builtinTags": [
        "category-work",
        "grid",
        "legend",
        "series-scatter",
        "tooltip"
    ],
    "customTags": [],
    "updaterUserName": "不***吗"
}