{
    "cid": "xN0NvAuUEg",
    "authorUid": "bd-1442910900",
    "authorUserName": "B***u",
    "title": "厂用电率",
    "description": "",
    "latestVersion": 2,
    "alwaysLatest": 1,
    "createTime": "2018-12-18T08:41:03.000Z",
    "lastUpdateTime": "2018-12-18T08:41:03.000Z",
    "auth": 2,
    "uid": "bd-1442910900",
    "publishedVersion": 0,
    "forkFrom": "-",
    "isSpam": 0,
    "version": 2,
    "parentVersion": 1,
    "echartsVersion": "4.2.0",
    "versionCreateTime": "2018-12-19T06:49:44.000Z",
    "html": "",
    "externalScripts": "",
    "updaterUID": "bd-1442910900",
    "theme": "",
    "layout": "",
    "viewCount": 26,
    "userName": "B***u",
    "commentCount": 0,
    "starCount": 1,
    "isStared": 0,
    "thumbnailURL": "https://www.makeapie.com/ecg-storage/ec_gallery_thumbnail/xN0NvAuUEg.png?v=1545202184830",
    "isCustomThumbnail": 0,
    "builtinTags": [
        "category-work",
        "grid",
        "series-line",
        "tooltip"
    ],
    "customTags": [],
    "updaterUserName": "B***u"
}