{
    "cid": "xNzmgFgu1y",
    "authorUid": "bd-2855129307",
    "authorUserName": "w***i",
    "title": "lines 圆轨迹",
    "description": "尝试",
    "latestVersion": 3,
    "alwaysLatest": 1,
    "createTime": "2018-12-17T10:55:26.000Z",
    "lastUpdateTime": "2018-12-17T10:55:26.000Z",
    "auth": 2,
    "uid": "bd-2855129307",
    "publishedVersion": 0,
    "forkFrom": "-",
    "isSpam": 0,
    "version": 3,
    "parentVersion": 2,
    "echartsVersion": "4.2.0",
    "versionCreateTime": "2018-12-18T02:19:04.000Z",
    "html": "",
    "externalScripts": "",
    "updaterUID": "bd-2855129307",
    "theme": "",
    "layout": "",
    "viewCount": 609,
    "userName": "w***i",
    "commentCount": 1,
    "starCount": 10,
    "isStared": 0,
    "thumbnailURL": "https://www.makeapie.com/ecg-storage/ec_gallery_thumbnail/xNzmgFgu1y.png?v=1545099544924",
    "isCustomThumbnail": 0,
    "builtinTags": [
        "category-work",
        "grid",
        "series-lines"
    ],
    "customTags": [],
    "updaterUserName": "w***i"
}