{
    "cid": "xrY37rxdxh",
    "authorUid": "bd-2250429553",
    "authorUserName": "桥***q",
    "title": "图腾",
    "description": "中式鼓点music visualization",
    "latestVersion": 1,
    "alwaysLatest": 1,
    "createTime": "2018-12-17T01:30:48.000Z",
    "lastUpdateTime": "2018-12-17T01:30:48.000Z",
    "auth": 2,
    "uid": "bd-2250429553",
    "publishedVersion": 0,
    "forkFrom": "-",
    "isSpam": 0,
    "version": 1,
    "parentVersion": -1,
    "echartsVersion": "4.2.0",
    "versionCreateTime": "2018-12-17T01:30:48.000Z",
    "html": "",
    "externalScripts": "http://echarts.baidu.com/resource/echarts-gl-latest/dist/echarts-gl.min.js ",
    "updaterUID": "bd-2250429553",
    "theme": "",
    "layout": "",
    "viewCount": 179,
    "userName": "桥***q",
    "commentCount": 0,
    "starCount": 1,
    "isStared": 0,
    "thumbnailURL": "https://www.makeapie.com/ecg-storage/ec_gallery_thumbnail/xrY37rxdxh.png?v=1545010249117",
    "isCustomThumbnail": 1,
    "builtinTags": [
        "category-work",
        "grid3D",
        "series-bar3D",
        "tooltip",
        "visualMap"
    ],
    "customTags": [],
    "updaterUserName": "桥***q"
}