{
    "cid": "xSxeKHdXJT",
    "authorUid": "bd-3476712581",
    "authorUserName": "温***孔",
    "title": "areaStyle&&symbolSize",
    "description": "legend点击渲染item的bug解决",
    "latestVersion": 1,
    "alwaysLatest": 1,
    "createTime": "2018-12-14T03:24:29.000Z",
    "lastUpdateTime": "2018-12-14T03:24:29.000Z",
    "auth": 2,
    "uid": "bd-3476712581",
    "publishedVersion": 0,
    "forkFrom": "-",
    "isSpam": 0,
    "version": 1,
    "parentVersion": -1,
    "echartsVersion": "4.2.0",
    "versionCreateTime": "2018-12-14T03:24:29.000Z",
    "html": "",
    "externalScripts": "",
    "updaterUID": "bd-3476712581",
    "theme": "",
    "layout": "",
    "viewCount": 344,
    "userName": "温***孔",
    "commentCount": 0,
    "starCount": 9,
    "isStared": 0,
    "thumbnailURL": "https://www.makeapie.com/ecg-storage/ec_gallery_thumbnail/xSxeKHdXJT.png?v=1544757869919",
    "isCustomThumbnail": 0,
    "builtinTags": [
        "category-work",
        "grid",
        "legend",
        "markPoint",
        "series-line"
    ],
    "customTags": [],
    "updaterUserName": "温***孔"
}