{
    "cid": "xT5oejCmH-",
    "authorUid": "bd-3499102607",
    "authorUserName": "Lalalanda",
    "title": "近年电影行业类型分布",
    "description": "周佳怡\n2018秋 数据可视化",
    "latestVersion": 1,
    "alwaysLatest": 1,
    "createTime": "2018-12-14T01:28:40.000Z",
    "lastUpdateTime": "2018-12-14T01:28:40.000Z",
    "auth": 2,
    "uid": "bd-3499102607",
    "publishedVersion": 0,
    "forkFrom": "-",
    "isSpam": 0,
    "version": 1,
    "parentVersion": -1,
    "echartsVersion": "4.2.0",
    "versionCreateTime": "2018-12-14T01:28:40.000Z",
    "html": "",
    "externalScripts": "",
    "updaterUID": "bd-3499102607",
    "theme": "",
    "layout": "",
    "viewCount": 58,
    "userName": "Lalalanda",
    "commentCount": 0,
    "starCount": 1,
    "isStared": 0,
    "thumbnailURL": "https://www.makeapie.com/ecg-storage/ec_gallery_thumbnail/xT5oejCmH-.png?v=1544750920275",
    "isCustomThumbnail": 0,
    "builtinTags": [
        "category-work",
        "grid",
        "legend",
        "series-bar",
        "tooltip"
    ],
    "customTags": [
        "电影"
    ],
    "updaterUserName": "Lalalanda"
}