{
    "cid": "xx7FQ1ZNwz",
    "authorUid": "bd-3499102607",
    "authorUserName": "Lalalanda",
    "title": "三年中国专利申请情况",
    "description": "周佳怡\n2018秋 数据可视化",
    "latestVersion": 1,
    "alwaysLatest": 1,
    "createTime": "2018-12-14T02:30:55.000Z",
    "lastUpdateTime": "2018-12-14T02:30:55.000Z",
    "auth": 2,
    "uid": "bd-3499102607",
    "publishedVersion": 0,
    "forkFrom": "-",
    "isSpam": 0,
    "version": 1,
    "parentVersion": -1,
    "echartsVersion": "4.2.0",
    "versionCreateTime": "2018-12-14T02:30:55.000Z",
    "html": "",
    "externalScripts": "",
    "updaterUID": "bd-3499102607",
    "theme": "",
    "layout": "",
    "viewCount": 708,
    "userName": "Lalalanda",
    "commentCount": 0,
    "starCount": 3,
    "isStared": 0,
    "thumbnailURL": "https://www.makeapie.com/ecg-storage/ec_gallery_thumbnail/xx7FQ1ZNwz.png?v=1544754655351",
    "isCustomThumbnail": 0,
    "builtinTags": [
        "category-work",
        "legend",
        "radar",
        "series-radar"
    ],
    "customTags": [
        "专利"
    ],
    "updaterUserName": "Lalalanda"
}