{
    "cid": "xXANGXbwqa",
    "authorUid": "bd-1580834365",
    "authorUserName": "随***空",
    "title": "渐变色+文字省略",
    "description": "文字过多省略，柱状图双色交叉渐变",
    "latestVersion": 1,
    "alwaysLatest": 1,
    "createTime": "2018-12-14T10:47:51.000Z",
    "lastUpdateTime": "2018-12-14T10:47:51.000Z",
    "auth": 2,
    "uid": "bd-1580834365",
    "publishedVersion": 0,
    "forkFrom": "-",
    "isSpam": 0,
    "version": 1,
    "parentVersion": -1,
    "echartsVersion": "4.2.0",
    "versionCreateTime": "2018-12-14T10:47:51.000Z",
    "html": "",
    "externalScripts": "",
    "updaterUID": "bd-1580834365",
    "theme": "",
    "layout": "",
    "viewCount": 117,
    "userName": "随***空",
    "commentCount": 0,
    "starCount": 1,
    "isStared": 0,
    "thumbnailURL": "https://www.makeapie.com/ecg-storage/ec_gallery_thumbnail/xXANGXbwqa.png?v=1544784471617",
    "isCustomThumbnail": 0,
    "builtinTags": [
        "category-work",
        "grid",
        "series-bar",
        "tooltip"
    ],
    "customTags": [
        "bar"
    ],
    "updaterUserName": "随***空"
}