{
    "cid": "xY1VoymYYG",
    "authorUid": "bd-3476712581",
    "authorUserName": "温***孔",
    "title": "pie渐变色",
    "description": "比例展示",
    "latestVersion": 1,
    "alwaysLatest": 1,
    "createTime": "2018-12-14T03:54:44.000Z",
    "lastUpdateTime": "2018-12-14T03:54:44.000Z",
    "auth": 2,
    "uid": "bd-3476712581",
    "publishedVersion": 0,
    "forkFrom": "-",
    "isSpam": 0,
    "version": 1,
    "parentVersion": -1,
    "echartsVersion": "4.2.0",
    "versionCreateTime": "2018-12-14T03:54:44.000Z",
    "html": "",
    "externalScripts": "",
    "updaterUID": "bd-3476712581",
    "theme": "",
    "layout": "",
    "viewCount": 152,
    "userName": "温***孔",
    "commentCount": 0,
    "starCount": 3,
    "isStared": 0,
    "thumbnailURL": "https://www.makeapie.com/ecg-storage/ec_gallery_thumbnail/xY1VoymYYG.png?v=1544759684699",
    "isCustomThumbnail": 0,
    "builtinTags": [
        "category-work",
        "graphic",
        "series-pie"
    ],
    "customTags": [],
    "updaterUserName": "温***孔"
}