{
    "cid": "xYBC2NOoFY",
    "authorUid": "bd-3794649450",
    "authorUserName": "p***z",
    "title": "金属质感地球",
    "description": "",
    "latestVersion": 1,
    "alwaysLatest": 1,
    "createTime": "2018-12-18T10:28:40.000Z",
    "lastUpdateTime": "2018-12-18T10:28:40.000Z",
    "auth": 2,
    "uid": "bd-3794649450",
    "publishedVersion": 0,
    "forkFrom": "-",
    "isSpam": 0,
    "version": 1,
    "parentVersion": -1,
    "echartsVersion": "4.2.0",
    "versionCreateTime": "2018-12-18T10:28:40.000Z",
    "html": "",
    "externalScripts": "/dep/echarts/map/js/world.js,http://www.echartsjs.com/dist/echarts-gl.min.js",
    "updaterUID": "bd-3794649450",
    "theme": "",
    "layout": "",
    "viewCount": 307,
    "userName": "p***z",
    "commentCount": 0,
    "starCount": 1,
    "isStared": 0,
    "thumbnailURL": "https://www.makeapie.com/ecg-storage/ec_gallery_thumbnail/xYBC2NOoFY.png?v=1545128921863",
    "isCustomThumbnail": 1,
    "builtinTags": [
        "category-work",
        "globe",
        "series-lines3D"
    ],
    "customTags": [],
    "updaterUserName": "p***z"
}