{
    "cid": "xCRWIEYdfs",
    "authorUid": "obd-o0SPtN9NpbjDgUZXWI9U-smc9-f6pFD",
    "authorUserName": "w***8",
    "title": "Awesome Chart",
    "description": "Awesome Chart",
    "latestVersion": 1,
    "alwaysLatest": 0,
    "createTime": "2021-07-13T09:16:54.000Z",
    "lastUpdateTime": "2021-07-13T09:16:54.000Z",
    "auth": 2,
    "uid": "obd-o0SPtN9NpbjDgUZXWI9U-smc9-f6pFD",
    "publishedVersion": 0,
    "forkFrom": "-",
    "isSpam": 0,
    "version": 1,
    "parentVersion": -1,
    "echartsVersion": "5.1.2",
    "versionCreateTime": "2021-07-13T09:16:55.000Z",
    "html": "",
    "externalScripts": "",
    "updaterUID": "obd-o0SPtN9NpbjDgUZXWI9U-smc9-f6pFD",
    "theme": "",
    "layout": "",
    "viewCount": 0,
    "userName": "w***8",
    "commentCount": 0,
    "starCount": 0,
    "isStared": 0,
    "thumbnailURL": "https://www.makeapie.com/ecg-storage/ec_gallery_thumbnail/xCRWIEYdfs.png?v=1626167815196",
    "isCustomThumbnail": 0,
    "builtinTags": [
        "category-work",
        "grid",
        "series-bar",
        "title"
    ],
    "customTags": [],
    "updaterUserName": "w***8"
}