{
    "cid": "xG-VmVKYAl",
    "authorUid": "bd-7415968053",
    "authorUserName": "w***6",
    "title": "请问",
    "description": "请问",
    "latestVersion": 1,
    "alwaysLatest": 0,
    "createTime": "2021-07-13T08:40:36.000Z",
    "lastUpdateTime": "2021-07-13T08:40:36.000Z",
    "auth": 2,
    "uid": "bd-7415968053",
    "publishedVersion": 0,
    "forkFrom": "-",
    "isSpam": 0,
    "version": 1,
    "parentVersion": -1,
    "echartsVersion": "5.1.2",
    "versionCreateTime": "2021-07-13T08:40:36.000Z",
    "html": "",
    "externalScripts": "",
    "updaterUID": "bd-7415968053",
    "theme": "",
    "layout": "",
    "viewCount": 0,
    "userName": "w***6",
    "commentCount": 0,
    "starCount": 0,
    "isStared": 0,
    "thumbnailURL": "https://www.makeapie.com/ecg-storage/ec_gallery_thumbnail/xG-VmVKYAl.png?v=1626165637069",
    "isCustomThumbnail": 0,
    "builtinTags": [
        "category-work",
        "grid",
        "series-bar",
        "series-pictorialBar",
        "tooltip"
    ],
    "customTags": [],
    "updaterUserName": "w***6"
}