{
    "cid": "xGvU2vyp4S",
    "authorUid": "obd-oFR6emXnNJzgdn2n_0cA9aNS3erBE5A",
    "authorUserName": "z***5",
    "title": "租转购",
    "description": "",
    "latestVersion": 1,
    "alwaysLatest": 0,
    "createTime": "2021-07-15T02:03:14.000Z",
    "lastUpdateTime": "2021-07-15T02:03:14.000Z",
    "auth": 2,
    "uid": "obd-oFR6emXnNJzgdn2n_0cA9aNS3erBE5A",
    "publishedVersion": 0,
    "forkFrom": "-",
    "isSpam": 0,
    "version": 1,
    "parentVersion": -1,
    "echartsVersion": "5.1.2",
    "versionCreateTime": "2021-07-15T02:03:14.000Z",
    "html": "",
    "externalScripts": "",
    "updaterUID": "obd-oFR6emXnNJzgdn2n_0cA9aNS3erBE5A",
    "theme": "",
    "layout": "",
    "viewCount": 0,
    "userName": "z***5",
    "commentCount": 0,
    "starCount": 0,
    "isStared": 0,
    "thumbnailURL": "https://www.makeapie.com/ecg-storage/ec_gallery_thumbnail/xGvU2vyp4S.png?v=1626314594774",
    "isCustomThumbnail": 0,
    "builtinTags": [
        "category-work",
        "series-graph"
    ],
    "customTags": [],
    "updaterUserName": "z***5"
}