{
    "cid": "xKboChLpz6",
    "authorUid": "obd-oM3zkwLzyXVx0EvbQUJuvnYMNrBKR2g",
    "authorUserName": "温***n",
    "title": "智慧园区建设-工程总览-质量问题统计",
    "description": "",
    "latestVersion": 3,
    "alwaysLatest": 0,
    "createTime": "2021-07-14T06:57:15.000Z",
    "lastUpdateTime": "2021-07-14T07:26:01.000Z",
    "auth": 2,
    "uid": "obd-oM3zkwLzyXVx0EvbQUJuvnYMNrBKR2g",
    "publishedVersion": 0,
    "forkFrom": "-",
    "isSpam": 0,
    "version": 3,
    "parentVersion": 2,
    "echartsVersion": "5.1.2",
    "versionCreateTime": "2021-07-14T07:26:01.000Z",
    "html": "",
    "externalScripts": "",
    "updaterUID": "obd-oM3zkwLzyXVx0EvbQUJuvnYMNrBKR2g",
    "theme": "",
    "layout": "",
    "viewCount": 0,
    "userName": "温***n",
    "commentCount": 0,
    "starCount": 2,
    "isStared": 0,
    "thumbnailURL": "https://www.makeapie.com/ecg-storage/ec_gallery_thumbnail/xKboChLpz6.png?v=1626247562007",
    "isCustomThumbnail": 0,
    "builtinTags": [
        "category-work",
        "graphic",
        "legend",
        "series-pie",
        "tooltip"
    ],
    "customTags": [],
    "updaterUserName": "温***n"
}