{
    "cid": "xlgrByVSs_",
    "authorUid": "obd-oAlFYQdyTUHX0d0BP55WUmEUCTu6W7D",
    "authorUserName": "范***e",
    "title": "点击创建3d热力图",
    "description": "",
    "latestVersion": 1,
    "alwaysLatest": 0,
    "createTime": "2021-07-15T02:58:04.000Z",
    "lastUpdateTime": "2021-07-15T02:58:04.000Z",
    "auth": 1,
    "uid": "obd-oAlFYQdyTUHX0d0BP55WUmEUCTu6W7D",
    "publishedVersion": 0,
    "forkFrom": "-",
    "isSpam": 0,
    "version": 1,
    "parentVersion": -1,
    "echartsVersion": "5.1.2",
    "versionCreateTime": "2021-07-15T02:58:04.000Z",
    "html": "",
    "externalScripts": "https://cdn.jsdelivr.net/npm/echarts-gl@2/dist/echarts-gl.min.js,https://cdn.jsdelivr.net/npm/echarts-gl@1/dist/echarts-gl.min.js,https://cdn.jsdelivr.net/npm/echarts-stat/dist/ecStat.min.js,https://cdn.jsdelivr.net/npm/papaparse/papaparse.min.js",
    "updaterUID": "obd-oAlFYQdyTUHX0d0BP55WUmEUCTu6W7D",
    "theme": "",
    "layout": "",
    "viewCount": 0,
    "userName": "范***e",
    "commentCount": 0,
    "starCount": 1,
    "isStared": 0,
    "thumbnailURL": "https://www.makeapie.com/ecg-storage/ec_gallery_thumbnail/xlgrByVSs_.png?v=1626317884994",
    "isCustomThumbnail": 0,
    "builtinTags": [
        "category-work",
        "grid3D",
        "series-surface",
        "tooltip",
        "visualMap"
    ],
    "customTags": [],
    "updaterUserName": "范***e"
}