{
    "cid": "xPThG1h7dc",
    "authorUid": "obd-otxAQY9JGZ1pF9w2uGzu67lndgYnx8j",
    "authorUserName": "热***冰",
    "title": "双指针仪表盘",
    "description": "合格值-实际值 双指针",
    "latestVersion": 5,
    "alwaysLatest": 0,
    "createTime": "2021-07-13T05:11:23.000Z",
    "lastUpdateTime": "2021-07-23T03:13:31.000Z",
    "auth": 2,
    "uid": "obd-otxAQY9JGZ1pF9w2uGzu67lndgYnx8j",
    "publishedVersion": 0,
    "forkFrom": "-",
    "isSpam": 0,
    "version": 5,
    "parentVersion": 4,
    "echartsVersion": "5.1.2",
    "versionCreateTime": "2021-07-23T03:13:31.000Z",
    "html": "",
    "externalScripts": "",
    "updaterUID": "obd-otxAQY9JGZ1pF9w2uGzu67lndgYnx8j",
    "theme": "",
    "layout": "",
    "viewCount": 0,
    "userName": "热***冰",
    "commentCount": 0,
    "starCount": 4,
    "isStared": 0,
    "thumbnailURL": "https://www.makeapie.com/ecg-storage/ec_gallery_thumbnail/xPThG1h7dc.png?v=1627010011353",
    "isCustomThumbnail": 0,
    "builtinTags": [
        "category-work",
        "series-gauge",
        "tooltip"
    ],
    "customTags": [],
    "updaterUserName": "热***冰"
}