{
    "cid": "xY7d_n8xa1",
    "authorUid": "obd-oM3zkwLzyXVx0EvbQUJuvnYMNrBKR2g",
    "authorUserName": "温***n",
    "title": "智慧园区建设-工程总览-工程倒计时",
    "description": "",
    "latestVersion": 1,
    "alwaysLatest": 0,
    "createTime": "2021-07-14T11:26:29.000Z",
    "lastUpdateTime": "2021-07-14T11:26:29.000Z",
    "auth": 1,
    "uid": "obd-oM3zkwLzyXVx0EvbQUJuvnYMNrBKR2g",
    "publishedVersion": 0,
    "forkFrom": "-",
    "isSpam": 0,
    "version": 1,
    "parentVersion": -1,
    "echartsVersion": "5.1.2",
    "versionCreateTime": "2021-07-14T11:26:29.000Z",
    "html": "",
    "externalScripts": "",
    "updaterUID": "obd-oM3zkwLzyXVx0EvbQUJuvnYMNrBKR2g",
    "theme": "",
    "layout": "",
    "viewCount": 0,
    "userName": "温***n",
    "commentCount": 0,
    "starCount": 2,
    "isStared": 0,
    "thumbnailURL": "https://www.makeapie.com/ecg-storage/ec_gallery_thumbnail/xY7d_n8xa1.png?v=1626261989437",
    "isCustomThumbnail": 0,
    "builtinTags": [
        "category-work",
        "legend",
        "series-gauge"
    ],
    "customTags": [],
    "updaterUserName": "温***n"
}