{
    "cid": "x1ERS-LITQ",
    "authorUid": "bd-306466163",
    "authorUserName": "与***醉",
    "title": "各级财政提供资金",
    "description": "总计",
    "latestVersion": 2,
    "alwaysLatest": 1,
    "createTime": "2020-04-15T06:47:05.000Z",
    "lastUpdateTime": "2020-04-15T06:47:05.000Z",
    "auth": 2,
    "uid": "bd-306466163",
    "publishedVersion": 0,
    "forkFrom": "-",
    "isSpam": 0,
    "version": 2,
    "parentVersion": 1,
    "echartsVersion": "4.7.0",
    "versionCreateTime": "2020-04-15T06:56:55.000Z",
    "html": "",
    "externalScripts": "",
    "updaterUID": "bd-306466163",
    "theme": "",
    "layout": "",
    "viewCount": 8563,
    "userName": "与***醉",
    "commentCount": 0,
    "starCount": 26,
    "isStared": 0,
    "thumbnailURL": "https://www.makeapie.com/ecg-storage/ec_gallery_thumbnail/x1ERS-LITQ.png?v=1586933816041",
    "isCustomThumbnail": 0,
    "builtinTags": [
        "category-work",
        "legend",
        "series-pie",
        "title",
        "tooltip"
    ],
    "customTags": [],
    "updaterUserName": "与***醉"
}