{
    "cid": "x2o7ysFc0s",
    "authorUid": "bd-3070534699",
    "authorUserName": "c***6",
    "title": "水球图加基线",
    "description": "水球图,基线",
    "latestVersion": 4,
    "alwaysLatest": 1,
    "createTime": "2020-05-08T02:22:36.000Z",
    "lastUpdateTime": "2020-05-08T02:22:36.000Z",
    "auth": 2,
    "uid": "bd-3070534699",
    "publishedVersion": 0,
    "forkFrom": "-",
    "isSpam": 0,
    "version": 4,
    "parentVersion": 1,
    "echartsVersion": "4.7.0",
    "versionCreateTime": "2020-05-08T02:48:45.000Z",
    "html": "",
    "externalScripts": "https://echarts.baidu.com/resource/echarts-liquidfill-latest/dist/echarts-liquidfill.min.js",
    "updaterUID": "bd-3070534699",
    "theme": "",
    "layout": "",
    "viewCount": 6568,
    "userName": "c***6",
    "commentCount": 0,
    "starCount": 34,
    "isStared": 0,
    "thumbnailURL": "https://www.makeapie.com/ecg-storage/ec_gallery_thumbnail/x2o7ysFc0s.png?v=1588906125461",
    "isCustomThumbnail": 0,
    "builtinTags": [
        "category-work",
        "grid",
        "markLine",
        "series-line",
        "series-liquidFill"
    ],
    "customTags": [
        "水球图"
    ],
    "updaterUserName": "c***6"
}