{
    "cid": "x94KqNS42L",
    "authorUid": "obd-oj4MK60C5RrD2WtybFl7tZUKIoHtuDy",
    "authorUserName": "w***泡",
    "title": "饼图",
    "description": "",
    "latestVersion": 4,
    "alwaysLatest": 1,
    "createTime": "2020-04-26T06:23:44.000Z",
    "lastUpdateTime": "2020-04-26T06:23:44.000Z",
    "auth": 2,
    "uid": "obd-oj4MK60C5RrD2WtybFl7tZUKIoHtuDy",
    "publishedVersion": 0,
    "forkFrom": "-",
    "isSpam": 0,
    "version": 4,
    "parentVersion": 3,
    "echartsVersion": "4.7.0",
    "versionCreateTime": "2020-05-20T08:03:56.000Z",
    "html": "",
    "externalScripts": "",
    "updaterUID": "obd-oj4MK60C5RrD2WtybFl7tZUKIoHtuDy",
    "theme": "",
    "layout": "",
    "viewCount": 9672,
    "userName": "w***泡",
    "commentCount": 0,
    "starCount": 30,
    "isStared": 0,
    "thumbnailURL": "https://www.makeapie.com/ecg-storage/ec_gallery_thumbnail/x94KqNS42L.png?v=1589961836475",
    "isCustomThumbnail": 0,
    "builtinTags": [
        "category-work",
        "series-pie",
        "title",
        "tooltip"
    ],
    "customTags": [],
    "updaterUserName": "w***泡"
}