{
    "cid": "xapaU2cjfB",
    "authorUid": "bd-171648521",
    "authorUserName": "绿***绿",
    "title": "设备总数",
    "description": "饼图",
    "latestVersion": 2,
    "alwaysLatest": 1,
    "createTime": "2020-04-13T02:58:10.000Z",
    "lastUpdateTime": "2020-04-13T02:58:10.000Z",
    "auth": 2,
    "uid": "bd-171648521",
    "publishedVersion": 0,
    "forkFrom": "-",
    "isSpam": 0,
    "version": 2,
    "parentVersion": 1,
    "echartsVersion": "4.7.0",
    "versionCreateTime": "2020-04-13T05:43:04.000Z",
    "html": "",
    "externalScripts": "",
    "updaterUID": "bd-171648521",
    "theme": "",
    "layout": "",
    "viewCount": 4572,
    "userName": "绿***绿",
    "commentCount": 0,
    "starCount": 29,
    "isStared": 0,
    "thumbnailURL": "https://www.makeapie.com/ecg-storage/ec_gallery_thumbnail/xapaU2cjfB.png?v=1586756584995",
    "isCustomThumbnail": 0,
    "builtinTags": [
        "category-work",
        "legend",
        "series-pie",
        "title",
        "tooltip"
    ],
    "customTags": [],
    "updaterUserName": "绿***绿"
}