{
    "cid": "xD4w6iuJl5",
    "authorUid": "bd-2778520127",
    "authorUserName": "沫***儿",
    "title": "温度计柱图",
    "description": "没有任何封装，方便拿来直接用。项目遇到的，以便自己以后再用。看到有的前辈有封装好的列子。",
    "latestVersion": 19,
    "alwaysLatest": 1,
    "createTime": "2020-04-18T12:42:42.000Z",
    "lastUpdateTime": "2021-12-20T05:58:29.000Z",
    "auth": 1,
    "uid": "bd-2778520127",
    "publishedVersion": 0,
    "forkFrom": "-",
    "isSpam": 0,
    "version": 19,
    "parentVersion": 18,
    "echartsVersion": "4.9.0",
    "versionCreateTime": "2021-12-20T05:58:29.000Z",
    "html": "",
    "externalScripts": "",
    "updaterUID": "obd-oNtDRjd7wOtjlxRzd0mrKkgdqvurkCw",
    "theme": "",
    "layout": "",
    "viewCount": 8495,
    "userName": "沫***儿",
    "commentCount": 5,
    "starCount": 37,
    "isStared": 0,
    "thumbnailURL": "https://www.makeapie.com/ecg-storage/ec_gallery_thumbnail/xD4w6iuJl5.png?v=1639979909686",
    "isCustomThumbnail": 0,
    "builtinTags": [
        "category-work",
        "grid",
        "series-bar",
        "tooltip"
    ],
    "customTags": [],
    "updaterUserName": "138*****382"
}