{
    "cid": "xfMb6OiZDN",
    "authorUid": "obd-oA0FLjFpzSNQia8AxuYYDSWpoDnYG7I",
    "authorUserName": "长***依",
    "title": "自定义系列",
    "description": "",
    "latestVersion": 7,
    "alwaysLatest": 1,
    "createTime": "2020-04-23T12:21:09.000Z",
    "lastUpdateTime": "2020-04-23T12:21:09.000Z",
    "auth": 2,
    "uid": "obd-oA0FLjFpzSNQia8AxuYYDSWpoDnYG7I",
    "publishedVersion": 0,
    "forkFrom": "-",
    "isSpam": 0,
    "version": 7,
    "parentVersion": 6,
    "echartsVersion": "4.7.0",
    "versionCreateTime": "2020-05-08T07:44:51.000Z",
    "html": "",
    "externalScripts": "",
    "updaterUID": "obd-oA0FLjFpzSNQia8AxuYYDSWpoDnYG7I",
    "theme": "",
    "layout": "",
    "viewCount": 5647,
    "userName": "长***依",
    "commentCount": 0,
    "starCount": 27,
    "isStared": 0,
    "thumbnailURL": "https://www.makeapie.com/ecg-storage/ec_gallery_thumbnail/xfMb6OiZDN.png?v=1588923891858",
    "isCustomThumbnail": 0,
    "builtinTags": [
        "category-work",
        "grid",
        "series-custom",
        "series-line",
        "title",
        "tooltip"
    ],
    "customTags": [],
    "updaterUserName": "长***依"
}