{
    "cid": "xklpJYbVAy",
    "authorUid": "bd-3126721731",
    "authorUserName": "挚***心",
    "title": "一带一路五大经济区下钻",
    "description": "",
    "latestVersion": 12,
    "alwaysLatest": 1,
    "createTime": "2020-03-30T06:20:45.000Z",
    "lastUpdateTime": "2020-03-30T07:32:19.000Z",
    "auth": 2,
    "uid": "bd-3126721731",
    "publishedVersion": 0,
    "forkFrom": "-",
    "isSpam": 0,
    "version": 12,
    "parentVersion": 11,
    "echartsVersion": "4.7.0",
    "versionCreateTime": "2020-04-02T06:34:48.000Z",
    "html": "",
    "externalScripts": "",
    "updaterUID": "bd-3126721731",
    "theme": "default",
    "layout": "",
    "viewCount": 16043,
    "userName": "挚***心",
    "commentCount": 12,
    "starCount": 29,
    "isStared": 0,
    "thumbnailURL": "https://www.makeapie.com/ecg-storage/ec_gallery_thumbnail/xklpJYbVAy.png?v=1585809289060",
    "isCustomThumbnail": 0,
    "builtinTags": [
        "category-work",
        "geo",
        "graphic",
        "series-effectScatter",
        "series-map",
        "tooltip",
        "visualMap"
    ],
    "customTags": [],
    "updaterUserName": "挚***心"
}