{
    "cid": "xNA8-Rj_wd",
    "authorUid": "bd-181101713",
    "authorUserName": "j***6",
    "title": "散点分布图",
    "description": "暂未完成，参考来源：https://tongji.baidu.com/research/site#browser",
    "latestVersion": 1,
    "alwaysLatest": 1,
    "createTime": "2020-04-18T02:53:07.000Z",
    "lastUpdateTime": "2020-04-18T02:53:07.000Z",
    "auth": 2,
    "uid": "bd-181101713",
    "publishedVersion": 0,
    "forkFrom": "-",
    "isSpam": 0,
    "version": 1,
    "parentVersion": -1,
    "echartsVersion": "4.7.0",
    "versionCreateTime": "2020-04-18T02:53:07.000Z",
    "html": "",
    "externalScripts": "",
    "updaterUID": "bd-181101713",
    "theme": "",
    "layout": "",
    "viewCount": 7426,
    "userName": "j***6",
    "commentCount": 0,
    "starCount": 25,
    "isStared": 0,
    "thumbnailURL": "https://www.makeapie.com/ecg-storage/ec_gallery_thumbnail/xNA8-Rj_wd.png?v=1587178387889",
    "isCustomThumbnail": 1,
    "builtinTags": [
        "category-work",
        "grid",
        "series-scatter"
    ],
    "customTags": [],
    "updaterUserName": "j***6"
}