{
    "cid": "xnP8Y6MI2u",
    "authorUid": "obd-oFbGrFILH3Na7lIeMhGEEbfJU4S445q",
    "authorUserName": "逛***a",
    "title": "散点图",
    "description": "",
    "latestVersion": 1,
    "alwaysLatest": 1,
    "createTime": "2020-04-20T07:34:45.000Z",
    "lastUpdateTime": "2020-04-20T07:34:45.000Z",
    "auth": 2,
    "uid": "obd-oFbGrFILH3Na7lIeMhGEEbfJU4S445q",
    "publishedVersion": 0,
    "forkFrom": "-",
    "isSpam": 0,
    "version": 1,
    "parentVersion": -1,
    "echartsVersion": "4.7.0",
    "versionCreateTime": "2020-04-20T07:34:45.000Z",
    "html": "",
    "externalScripts": "",
    "updaterUID": "obd-oFbGrFILH3Na7lIeMhGEEbfJU4S445q",
    "theme": "",
    "layout": "",
    "viewCount": 3952,
    "userName": "逛***a",
    "commentCount": 0,
    "starCount": 31,
    "isStared": 0,
    "thumbnailURL": "https://www.makeapie.com/ecg-storage/ec_gallery_thumbnail/xnP8Y6MI2u.png?v=1587368085203",
    "isCustomThumbnail": 0,
    "builtinTags": [
        "category-work",
        "grid",
        "series-scatter"
    ],
    "customTags": [],
    "updaterUserName": "逛***a"
}