{
    "cid": "xpfnXANI7v",
    "authorUid": "bd-923300720",
    "authorUserName": "4***0",
    "title": "平面3D地图",
    "description": "",
    "latestVersion": 1,
    "alwaysLatest": 1,
    "createTime": "2020-04-30T07:44:32.000Z",
    "lastUpdateTime": "2020-04-30T07:44:32.000Z",
    "auth": 2,
    "uid": "bd-923300720",
    "publishedVersion": 0,
    "forkFrom": "-",
    "isSpam": 0,
    "version": 1,
    "parentVersion": -1,
    "echartsVersion": "4.7.0",
    "versionCreateTime": "2020-04-30T07:44:32.000Z",
    "html": "",
    "externalScripts": "/dep/echarts/map/js/china.js",
    "updaterUID": "bd-923300720",
    "theme": "",
    "layout": "",
    "viewCount": 15758,
    "userName": "4***0",
    "commentCount": 4,
    "starCount": 32,
    "isStared": 0,
    "thumbnailURL": "https://www.makeapie.com/ecg-storage/ec_gallery_thumbnail/xpfnXANI7v.png?v=1588232673032",
    "isCustomThumbnail": 0,
    "builtinTags": [
        "category-work",
        "geo",
        "legend",
        "series-map",
        "tooltip"
    ],
    "customTags": [],
    "updaterUserName": "4***0"
}