{
    "cid": "xqzOOnAEm_",
    "authorUid": "bd-509072023",
    "authorUserName": "M***8",
    "title": "供回温度曲线",
    "description": "矢量画五角星\n柱状图渐变时修改设置tooltip的marker\n默认不显示某个legend\ndata为对象数组",
    "latestVersion": 2,
    "alwaysLatest": 1,
    "createTime": "2020-04-27T05:44:08.000Z",
    "lastUpdateTime": "2020-04-27T05:44:08.000Z",
    "auth": 2,
    "uid": "bd-509072023",
    "publishedVersion": 0,
    "forkFrom": "-",
    "isSpam": 0,
    "version": 2,
    "parentVersion": 1,
    "echartsVersion": "4.8.0",
    "versionCreateTime": "2020-09-04T06:33:30.000Z",
    "html": "",
    "externalScripts": "/dep/echarts/latest/extension/bmap.min.js",
    "updaterUID": "bd-509072023",
    "theme": "",
    "layout": "",
    "viewCount": 7530,
    "userName": "M***8",
    "commentCount": 0,
    "starCount": 28,
    "isStared": 0,
    "thumbnailURL": "https://www.makeapie.com/ecg-storage/ec_gallery_thumbnail/xqzOOnAEm_.png?v=1599201210888",
    "isCustomThumbnail": 0,
    "builtinTags": [
        "category-work",
        "grid",
        "legend",
        "series-bar",
        "series-line",
        "title",
        "tooltip"
    ],
    "customTags": [],
    "updaterUserName": "M***8"
}