{
    "cid": "xsKvpTAMQ0",
    "authorUid": "bd-2201957543",
    "authorUserName": "运***好",
    "title": "CPU",
    "description": "",
    "latestVersion": 2,
    "alwaysLatest": 1,
    "createTime": "2020-05-04T05:01:45.000Z",
    "lastUpdateTime": "2020-05-04T05:01:45.000Z",
    "auth": 2,
    "uid": "bd-2201957543",
    "publishedVersion": 0,
    "forkFrom": "-",
    "isSpam": 0,
    "version": 2,
    "parentVersion": 1,
    "echartsVersion": "4.7.0",
    "versionCreateTime": "2020-05-04T05:37:33.000Z",
    "html": "",
    "externalScripts": "",
    "updaterUID": "bd-2201957543",
    "theme": "",
    "layout": "",
    "viewCount": 3078,
    "userName": "运***好",
    "commentCount": 0,
    "starCount": 35,
    "isStared": 0,
    "thumbnailURL": "https://www.makeapie.com/ecg-storage/ec_gallery_thumbnail/xsKvpTAMQ0.png?v=1588570653509",
    "isCustomThumbnail": 0,
    "builtinTags": [
        "category-work",
        "series-pie",
        "title"
    ],
    "customTags": [],
    "updaterUserName": "运***好"
}