{
    "cid": "xTSki-xBRW",
    "authorUid": "bd-2942162721",
    "authorUserName": "向***蓉",
    "title": "自动化用例调用链模拟",
    "description": "自动化用例调用链模拟",
    "latestVersion": 1,
    "alwaysLatest": 1,
    "createTime": "2020-04-29T03:58:28.000Z",
    "lastUpdateTime": "2020-04-29T03:58:28.000Z",
    "auth": 2,
    "uid": "bd-2942162721",
    "publishedVersion": 0,
    "forkFrom": "-",
    "isSpam": 0,
    "version": 1,
    "parentVersion": -1,
    "echartsVersion": "4.7.0",
    "versionCreateTime": "2020-04-29T03:58:28.000Z",
    "html": "",
    "externalScripts": "",
    "updaterUID": "bd-2942162721",
    "theme": "",
    "layout": "",
    "viewCount": 3606,
    "userName": "向***蓉",
    "commentCount": 0,
    "starCount": 25,
    "isStared": 0,
    "thumbnailURL": "https://www.makeapie.com/ecg-storage/ec_gallery_thumbnail/xTSki-xBRW.png?v=1588132708305",
    "isCustomThumbnail": 0,
    "builtinTags": [
        "category-work",
        "grid",
        "series-bar",
        "series-graph",
        "tooltip"
    ],
    "customTags": [
        "流程图",
        "调用链",
        "贪吃蛇"
    ],
    "updaterUserName": "向***蓉"
}