{
    "cid": "xWnXJSqgHd",
    "authorUid": "bd-973328106",
    "authorUserName": "虹***岚",
    "title": "堆叠分离柱形图",
    "description": "",
    "latestVersion": 13,
    "alwaysLatest": 1,
    "createTime": "2020-05-07T04:05:56.000Z",
    "lastUpdateTime": "2022-01-07T03:40:36.000Z",
    "auth": 1,
    "uid": "bd-973328106",
    "publishedVersion": 0,
    "forkFrom": "-",
    "isSpam": 0,
    "version": 13,
    "parentVersion": 12,
    "echartsVersion": "5.2.2",
    "versionCreateTime": "2022-01-07T03:40:36.000Z",
    "html": "",
    "externalScripts": "",
    "updaterUID": "obd-oPgyZx79vaTlY_MFo4k1Nv_IlrLNZ9H",
    "theme": "",
    "layout": "",
    "viewCount": 4197,
    "userName": "虹***岚",
    "commentCount": 0,
    "starCount": 32,
    "isStared": 0,
    "thumbnailURL": "https://www.makeapie.com/ecg-storage/ec_gallery_thumbnail/xWnXJSqgHd.png?v=1641526836345",
    "isCustomThumbnail": 0,
    "builtinTags": [
        "category-work",
        "grid",
        "series-bar",
        "tooltip"
    ],
    "customTags": [
        "bar"
    ],
    "updaterUserName": "157*****408"
}