{
    "cid": "xZFr7m32oC",
    "authorUid": "bd-420474456",
    "authorUserName": "彼***儡",
    "title": "地图轨迹",
    "description": "",
    "latestVersion": 2,
    "alwaysLatest": 1,
    "createTime": "2020-04-09T09:51:58.000Z",
    "lastUpdateTime": "2020-04-09T09:51:58.000Z",
    "auth": 2,
    "uid": "bd-420474456",
    "publishedVersion": 0,
    "forkFrom": "-",
    "isSpam": 0,
    "version": 2,
    "parentVersion": 1,
    "echartsVersion": "4.7.0",
    "versionCreateTime": "2020-04-09T09:53:27.000Z",
    "html": "",
    "externalScripts": "https://gallery.echartsjs.com/dep/echarts/map/js/china.js",
    "updaterUID": "bd-420474456",
    "theme": "",
    "layout": "",
    "viewCount": 10484,
    "userName": "彼***儡",
    "commentCount": 2,
    "starCount": 22,
    "isStared": 0,
    "thumbnailURL": "https://www.makeapie.com/ecg-storage/ec_gallery_thumbnail/xZFr7m32oC.png?v=1586426007248",
    "isCustomThumbnail": 0,
    "builtinTags": [
        "category-work",
        "geo",
        "series-effectScatter",
        "series-lines",
        "tooltip",
        "visualMap"
    ],
    "customTags": [],
    "updaterUserName": "彼***儡"
}