{
    "cid": "xBJ4wp1WfM",
    "authorUid": "bd-1679780508",
    "authorUserName": "l***7",
    "title": "custom symbol path",
    "description": "",
    "latestVersion": 2,
    "alwaysLatest": 1,
    "createTime": "2017-12-15T06:36:12.000Z",
    "lastUpdateTime": "2017-12-15T06:36:12.000Z",
    "auth": 2,
    "uid": "bd-1679780508",
    "publishedVersion": 0,
    "forkFrom": "-",
    "isSpam": 0,
    "version": 2,
    "parentVersion": 1,
    "echartsVersion": "3.8.0",
    "versionCreateTime": "2017-12-21T07:22:29.000Z",
    "html": "",
    "externalScripts": "",
    "updaterUID": "bd-1679780508",
    "theme": "",
    "layout": "",
    "viewCount": 4356,
    "userName": "l***7",
    "commentCount": 0,
    "starCount": 4,
    "isStared": 0,
    "thumbnailURL": "https://www.makeapie.com/ecg-storage/ec_gallery_thumbnail/xBJ4wp1WfM.png?v=1513840950018",
    "isCustomThumbnail": 0,
    "builtinTags": [
        "category-work",
        "legend",
        "series-graph",
        "title",
        "tooltip"
    ],
    "customTags": [
        "path"
    ],
    "updaterUserName": "l***7"
}