{
    "cid": "xBkyQrnxfz",
    "authorUid": "bd-4104077439",
    "authorUserName": "多事的笨蛋",
    "title": "评价主体",
    "description": "From ExcelHome",
    "latestVersion": 3,
    "alwaysLatest": 1,
    "createTime": "2017-12-15T02:36:07.000Z",
    "lastUpdateTime": "2017-12-15T02:36:07.000Z",
    "auth": 1,
    "uid": "bd-4104077439",
    "publishedVersion": 0,
    "forkFrom": "-",
    "isSpam": 0,
    "version": 3,
    "parentVersion": 2,
    "echartsVersion": "3.8.0",
    "versionCreateTime": "2017-12-19T08:38:24.000Z",
    "html": "",
    "externalScripts": "",
    "updaterUID": "bd-4104077439",
    "theme": "",
    "layout": "",
    "viewCount": 147,
    "userName": "多事的笨蛋",
    "commentCount": 0,
    "starCount": 0,
    "isStared": 0,
    "thumbnailURL": "https://www.makeapie.com/ecg-storage/ec_gallery_thumbnail/xBkyQrnxfz.png?v=1513672704811",
    "isCustomThumbnail": 0,
    "builtinTags": [
        "category-work",
        "grid",
        "series-bar",
        "title",
        "tooltip"
    ],
    "customTags": [],
    "updaterUserName": "多事的笨蛋"
}