{
    "cid": "xByOYdjgMz",
    "authorUid": "bd-1679780508",
    "authorUserName": "l***7",
    "title": "circular graph",
    "description": "",
    "latestVersion": 6,
    "alwaysLatest": 1,
    "createTime": "2017-12-15T01:42:24.000Z",
    "lastUpdateTime": "2017-12-15T01:42:24.000Z",
    "auth": 2,
    "uid": "bd-1679780508",
    "publishedVersion": 0,
    "forkFrom": "-",
    "isSpam": 0,
    "version": 6,
    "parentVersion": 5,
    "echartsVersion": "3.8.0",
    "versionCreateTime": "2017-12-21T07:23:39.000Z",
    "html": "",
    "externalScripts": "",
    "updaterUID": "bd-1679780508",
    "theme": "",
    "layout": "",
    "viewCount": 2136,
    "userName": "l***7",
    "commentCount": 0,
    "starCount": 0,
    "isStared": 0,
    "thumbnailURL": "https://www.makeapie.com/ecg-storage/ec_gallery_thumbnail/xByOYdjgMz.png?v=1513841019362",
    "isCustomThumbnail": 0,
    "builtinTags": [
        "category-work",
        "legend",
        "series-graph",
        "title",
        "tooltip"
    ],
    "customTags": [],
    "updaterUserName": "l***7"
}