{
    "cid": "xHJWR7exGf",
    "authorUid": "bd-2578839760",
    "authorUserName": "188******47",
    "title": "报道量变化图",
    "description": "舆情分析课",
    "latestVersion": 1,
    "alwaysLatest": 1,
    "createTime": "2017-12-14T12:51:21.000Z",
    "lastUpdateTime": "2017-12-14T12:51:21.000Z",
    "auth": 2,
    "uid": "bd-2578839760",
    "publishedVersion": 0,
    "forkFrom": "-",
    "isSpam": 0,
    "version": 1,
    "parentVersion": -1,
    "echartsVersion": "3.8.0",
    "versionCreateTime": "2017-12-14T12:51:21.000Z",
    "html": "",
    "externalScripts": "",
    "updaterUID": "bd-2578839760",
    "theme": "",
    "layout": "",
    "viewCount": 383,
    "userName": "188******47",
    "commentCount": 0,
    "starCount": 0,
    "isStared": 0,
    "thumbnailURL": "https://www.makeapie.com/ecg-storage/ec_gallery_thumbnail/xHJWR7exGf.png?v=1513255881220",
    "isCustomThumbnail": 0,
    "builtinTags": [
        "category-work",
        "grid",
        "markArea",
        "series-line",
        "title",
        "toolbox",
        "tooltip",
        "visualMap"
    ],
    "customTags": [],
    "updaterUserName": "188******47"
}