{
    "cid": "xHkgUPJWfM",
    "authorUid": "bd-607966589",
    "authorUserName": "281315514lwy",
    "title": "天涯平台的评论倾向",
    "description": "",
    "latestVersion": 1,
    "alwaysLatest": 1,
    "createTime": "2017-12-15T06:10:16.000Z",
    "lastUpdateTime": "2017-12-15T06:10:16.000Z",
    "auth": 2,
    "uid": "bd-607966589",
    "publishedVersion": 0,
    "forkFrom": "-",
    "isSpam": 0,
    "version": 1,
    "parentVersion": -1,
    "echartsVersion": "3.8.0",
    "versionCreateTime": "2017-12-15T06:10:16.000Z",
    "html": "",
    "externalScripts": "",
    "updaterUID": "bd-607966589",
    "theme": "",
    "layout": "",
    "viewCount": 303,
    "userName": "281315514lwy",
    "commentCount": 0,
    "starCount": 0,
    "isStared": 0,
    "thumbnailURL": "https://www.makeapie.com/ecg-storage/ec_gallery_thumbnail/xHkgUPJWfM.png?v=1513318216356",
    "isCustomThumbnail": 0,
    "builtinTags": [
        "category-work",
        "legend",
        "radar",
        "series-radar",
        "title",
        "tooltip"
    ],
    "customTags": [],
    "updaterUserName": "281315514lwy"
}