{
    "cid": "xr11pC3JzM",
    "authorUid": "bd-2852304203",
    "authorUserName": "yqfly2008",
    "title": "接口调用总量(次数)",
    "description": "",
    "latestVersion": 1,
    "alwaysLatest": 1,
    "createTime": "2017-12-14T09:04:54.000Z",
    "lastUpdateTime": "2017-12-14T09:04:54.000Z",
    "auth": 1,
    "uid": "bd-2852304203",
    "publishedVersion": 0,
    "forkFrom": "-",
    "isSpam": 0,
    "version": 1,
    "parentVersion": -1,
    "echartsVersion": "3.8.0",
    "versionCreateTime": "2017-12-14T09:04:54.000Z",
    "html": "",
    "externalScripts": "",
    "updaterUID": "bd-2852304203",
    "theme": "",
    "layout": "",
    "viewCount": 105,
    "userName": "yqfly2008",
    "commentCount": 0,
    "starCount": 1,
    "isStared": 0,
    "thumbnailURL": "https://www.makeapie.com/ecg-storage/ec_gallery_thumbnail/xr11pC3JzM.png?v=1513242294874",
    "isCustomThumbnail": 0,
    "builtinTags": [
        "category-work",
        "dataZoom",
        "grid",
        "legend",
        "series-line",
        "title",
        "toolbox",
        "tooltip"
    ],
    "customTags": [],
    "updaterUserName": "yqfly2008"
}