{
    "cid": "xrJpAqakMG",
    "authorUid": "bd-1684439857",
    "authorUserName": "爱地劳工",
    "title": "折线测试",
    "description": " test",
    "latestVersion": 3,
    "alwaysLatest": 1,
    "createTime": "2017-12-14T09:56:37.000Z",
    "lastUpdateTime": "2017-12-14T09:56:37.000Z",
    "auth": 2,
    "uid": "bd-1684439857",
    "publishedVersion": 0,
    "forkFrom": "-",
    "isSpam": 0,
    "version": 3,
    "parentVersion": 2,
    "echartsVersion": "3.8.0",
    "versionCreateTime": "2017-12-14T11:44:35.000Z",
    "html": "",
    "externalScripts": "",
    "updaterUID": "bd-1684439857",
    "theme": "",
    "layout": "",
    "viewCount": 35,
    "userName": "爱地劳工",
    "commentCount": 0,
    "starCount": 0,
    "isStared": 0,
    "thumbnailURL": "https://www.makeapie.com/ecg-storage/ec_gallery_thumbnail/xrJpAqakMG.png?v=1513251875172",
    "isCustomThumbnail": 0,
    "builtinTags": [
        "category-work",
        "dataZoom",
        "grid",
        "legend",
        "series-line",
        "tooltip"
    ],
    "customTags": [],
    "updaterUserName": "爱地劳工"
}