{
    "cid": "xSJFlF1Zzz",
    "authorUid": "bd-2237727618",
    "authorUserName": "洛颜烯泪",
    "title": "2",
    "description": "",
    "latestVersion": 1,
    "alwaysLatest": 1,
    "createTime": "2017-12-15T06:17:20.000Z",
    "lastUpdateTime": "2017-12-15T06:17:20.000Z",
    "auth": 2,
    "uid": "bd-2237727618",
    "publishedVersion": 0,
    "forkFrom": "-",
    "isSpam": 0,
    "version": 1,
    "parentVersion": -1,
    "echartsVersion": "3.8.0",
    "versionCreateTime": "2017-12-15T06:17:20.000Z",
    "html": "",
    "externalScripts": "",
    "updaterUID": "bd-2237727618",
    "theme": "",
    "layout": "",
    "viewCount": 239,
    "userName": "洛颜烯泪",
    "commentCount": 0,
    "starCount": 0,
    "isStared": 0,
    "thumbnailURL": "https://www.makeapie.com/ecg-storage/ec_gallery_thumbnail/xSJFlF1Zzz.png?v=1513318641029",
    "isCustomThumbnail": 0,
    "builtinTags": [
        "category-work",
        "legend",
        "polar",
        "series-bar"
    ],
    "customTags": [],
    "updaterUserName": "洛颜烯泪"
}