{
    "cid": "xSkpO_2lMM",
    "authorUid": "bd-388611864",
    "authorUserName": "暖日阳光半倾城",
    "title": "榆林产妇坠楼事件 网民话题分析图（数据单位:%）",
    "description": "",
    "latestVersion": 2,
    "alwaysLatest": 1,
    "createTime": "2017-12-15T02:50:29.000Z",
    "lastUpdateTime": "2017-12-15T02:50:29.000Z",
    "auth": 2,
    "uid": "bd-388611864",
    "publishedVersion": 0,
    "forkFrom": "-",
    "isSpam": 0,
    "version": 2,
    "parentVersion": 1,
    "echartsVersion": "3.8.0",
    "versionCreateTime": "2017-12-18T08:38:53.000Z",
    "html": "",
    "externalScripts": "",
    "updaterUID": "bd-388611864",
    "theme": "",
    "layout": "",
    "viewCount": 92,
    "userName": "暖日阳光半倾城",
    "commentCount": 0,
    "starCount": 0,
    "isStared": 0,
    "thumbnailURL": "https://www.makeapie.com/ecg-storage/ec_gallery_thumbnail/xSkpO_2lMM.png?v=1513586333615",
    "isCustomThumbnail": 0,
    "builtinTags": [
        "category-work",
        "grid",
        "series-bar",
        "title",
        "tooltip"
    ],
    "customTags": [],
    "updaterUserName": "暖日阳光半倾城"
}