{
    "cid": "x0EB4Zflkz",
    "authorUid": "bd-302329192",
    "authorUserName": "k***e",
    "title": "极坐标饼图",
    "description": "类似极坐标堆叠柱状图效果",
    "latestVersion": 1,
    "alwaysLatest": 0,
    "createTime": "2021-08-02T09:48:15.000Z",
    "lastUpdateTime": "2021-08-02T09:48:15.000Z",
    "auth": 2,
    "uid": "bd-302329192",
    "publishedVersion": 0,
    "forkFrom": "-",
    "isSpam": 0,
    "version": 1,
    "parentVersion": -1,
    "echartsVersion": "5.1.2",
    "versionCreateTime": "2021-08-02T09:48:15.000Z",
    "html": "",
    "externalScripts": "https://cdn.jsdelivr.net/npm/echarts-liquidfill@3/dist/echarts-liquidfill.min.js",
    "updaterUID": "bd-302329192",
    "theme": "",
    "layout": "",
    "viewCount": 0,
    "userName": "k***e",
    "commentCount": 0,
    "starCount": 1,
    "isStared": 0,
    "thumbnailURL": "https://www.makeapie.com/ecg-storage/ec_gallery_thumbnail/x0EB4Zflkz.png?v=1627897695787",
    "isCustomThumbnail": 0,
    "builtinTags": [
        "category-work",
        "dataset",
        "legend",
        "polar",
        "series-pie",
        "tooltip"
    ],
    "customTags": [
        "dataset",
        "pie",
        "polar"
    ],
    "updaterUserName": "k***e"
}