{
    "cid": "x0NH89Qu1U",
    "authorUid": "bd-405506747",
    "authorUserName": "s***a",
    "title": "上海社区为老服务中心GRID热力图",
    "description": "",
    "latestVersion": 3,
    "alwaysLatest": 0,
    "createTime": "2021-07-31T12:04:59.000Z",
    "lastUpdateTime": "2021-08-03T02:28:22.000Z",
    "auth": 2,
    "uid": "bd-405506747",
    "publishedVersion": 0,
    "forkFrom": "-",
    "isSpam": 0,
    "version": 3,
    "parentVersion": 2,
    "echartsVersion": "5.1.2",
    "versionCreateTime": "2021-08-03T02:28:22.000Z",
    "html": "",
    "externalScripts": "https://cdn.jsdelivr.net/npm/echarts@5/dist/extension/bmap.min.js,https://api.map.baidu.com/api?v=3.0&ak=HzuYrxViWWHGdz1XiBCOukN4rKmmLju7",
    "updaterUID": "bd-405506747",
    "theme": "",
    "layout": "",
    "viewCount": 0,
    "userName": "s***a",
    "commentCount": 0,
    "starCount": 3,
    "isStared": 0,
    "thumbnailURL": "https://www.makeapie.com/ecg-storage/ec_gallery_thumbnail/x0NH89Qu1U.png?v=1627733099767",
    "isCustomThumbnail": 0,
    "builtinTags": [
        "category-work"
    ],
    "customTags": [],
    "updaterUserName": "s***a"
}