{
    "cid": "x2rPEDdKKK",
    "authorUid": "obd-oEOgKeBR-t45-OhjwEI3H4En0MuR44d",
    "authorUserName": "花***9",
    "title": "line",
    "description": "line",
    "latestVersion": 1,
    "alwaysLatest": 0,
    "createTime": "2021-07-30T08:08:02.000Z",
    "lastUpdateTime": "2021-07-30T08:08:02.000Z",
    "auth": 2,
    "uid": "obd-oEOgKeBR-t45-OhjwEI3H4En0MuR44d",
    "publishedVersion": 0,
    "forkFrom": "-",
    "isSpam": 0,
    "version": 1,
    "parentVersion": -1,
    "echartsVersion": "5.1.2",
    "versionCreateTime": "2021-07-30T08:08:02.000Z",
    "html": "",
    "externalScripts": "",
    "updaterUID": "obd-oEOgKeBR-t45-OhjwEI3H4En0MuR44d",
    "theme": "",
    "layout": "",
    "viewCount": 0,
    "userName": "花***9",
    "commentCount": 0,
    "starCount": 2,
    "isStared": 0,
    "thumbnailURL": "https://www.makeapie.com/ecg-storage/ec_gallery_thumbnail/x2rPEDdKKK.png?v=1627632482390",
    "isCustomThumbnail": 0,
    "builtinTags": [
        "category-work",
        "grid",
        "series-line",
        "tooltip"
    ],
    "customTags": [],
    "updaterUserName": "花***9"
}