{
    "cid": "x3InkYsrWr",
    "authorUid": "obd-oNgFYtv8kll7znQLPgEDoLyTqZvicCW",
    "authorUserName": "未***",
    "title": "test",
    "description": "",
    "latestVersion": 2,
    "alwaysLatest": 0,
    "createTime": "2021-08-02T10:26:52.000Z",
    "lastUpdateTime": "2021-08-02T10:36:51.000Z",
    "auth": 2,
    "uid": "obd-oNgFYtv8kll7znQLPgEDoLyTqZvicCW",
    "publishedVersion": 0,
    "forkFrom": "-",
    "isSpam": 0,
    "version": 2,
    "parentVersion": 1,
    "echartsVersion": "5.1.2",
    "versionCreateTime": "2021-08-02T10:36:51.000Z",
    "html": "",
    "externalScripts": "",
    "updaterUID": "obd-oNgFYtv8kll7znQLPgEDoLyTqZvicCW",
    "theme": "",
    "layout": "",
    "viewCount": 0,
    "userName": "未***",
    "commentCount": 0,
    "starCount": 0,
    "isStared": 0,
    "thumbnailURL": "https://www.makeapie.com/ecg-storage/ec_gallery_thumbnail/x3InkYsrWr.png?v=1627900611945",
    "isCustomThumbnail": 0,
    "builtinTags": [
        "category-work",
        "grid",
        "legend",
        "series-line",
        "title",
        "tooltip"
    ],
    "customTags": [],
    "updaterUserName": "未***"
}