{
    "cid": "x4xEpiCjX8",
    "authorUid": "obd-oEOgKeBR-t45-OhjwEI3H4En0MuR44d",
    "authorUserName": "花***9",
    "title": "横向柱状图",
    "description": "个人收藏",
    "latestVersion": 1,
    "alwaysLatest": 0,
    "createTime": "2021-07-30T06:37:47.000Z",
    "lastUpdateTime": "2021-07-30T06:37:47.000Z",
    "auth": 2,
    "uid": "obd-oEOgKeBR-t45-OhjwEI3H4En0MuR44d",
    "publishedVersion": 0,
    "forkFrom": "-",
    "isSpam": 0,
    "version": 1,
    "parentVersion": -1,
    "echartsVersion": "5.1.2",
    "versionCreateTime": "2021-07-30T06:37:47.000Z",
    "html": "",
    "externalScripts": "",
    "updaterUID": "obd-oEOgKeBR-t45-OhjwEI3H4En0MuR44d",
    "theme": "",
    "layout": "",
    "viewCount": 0,
    "userName": "花***9",
    "commentCount": 0,
    "starCount": 4,
    "isStared": 0,
    "thumbnailURL": "https://www.makeapie.com/ecg-storage/ec_gallery_thumbnail/x4xEpiCjX8.png?v=1627627067153",
    "isCustomThumbnail": 0,
    "builtinTags": [
        "category-work",
        "grid",
        "series-bar",
        "series-pictorialBar"
    ],
    "customTags": [],
    "updaterUserName": "花***9"
}