{
    "cid": "xbbFQXO1Nz",
    "authorUid": "bd-2720940282",
    "authorUserName": "猴***9",
    "title": "饼图",
    "description": "",
    "latestVersion": 2,
    "alwaysLatest": 0,
    "createTime": "2021-08-03T01:20:03.000Z",
    "lastUpdateTime": "2021-08-26T02:13:10.000Z",
    "auth": 2,
    "uid": "bd-2720940282",
    "publishedVersion": 0,
    "forkFrom": "-",
    "isSpam": 0,
    "version": 2,
    "parentVersion": 1,
    "echartsVersion": "4.1.0",
    "versionCreateTime": "2021-08-26T02:13:10.000Z",
    "html": "",
    "externalScripts": "",
    "updaterUID": "bd-2720940282",
    "theme": "",
    "layout": "",
    "viewCount": 0,
    "userName": "猴***9",
    "commentCount": 0,
    "starCount": 6,
    "isStared": 0,
    "thumbnailURL": "https://www.makeapie.com/ecg-storage/ec_gallery_thumbnail/xbbFQXO1Nz.png?v=1629943990345",
    "isCustomThumbnail": 0,
    "builtinTags": [
        "category-work",
        "legend",
        "series-pie",
        "tooltip"
    ],
    "customTags": [],
    "updaterUserName": "猴***9"
}