{
    "cid": "xbvomSIHDp",
    "authorUid": "obd-oCjhaXFbRoGEF9SHhuXZpbFC4UN2l3W",
    "authorUserName": "188******75",
    "title": "柱状图轮播",
    "description": "shopping",
    "latestVersion": 1,
    "alwaysLatest": 0,
    "createTime": "2021-08-03T01:07:21.000Z",
    "lastUpdateTime": "2021-08-03T01:07:21.000Z",
    "auth": 2,
    "uid": "obd-oCjhaXFbRoGEF9SHhuXZpbFC4UN2l3W",
    "publishedVersion": 0,
    "forkFrom": "-",
    "isSpam": 0,
    "version": 1,
    "parentVersion": -1,
    "echartsVersion": "5.1.2",
    "versionCreateTime": "2021-08-03T01:07:21.000Z",
    "html": "",
    "externalScripts": "",
    "updaterUID": "obd-oCjhaXFbRoGEF9SHhuXZpbFC4UN2l3W",
    "theme": "",
    "layout": "",
    "viewCount": 0,
    "userName": "188******75",
    "commentCount": 0,
    "starCount": 0,
    "isStared": 0,
    "thumbnailURL": "https://www.makeapie.com/ecg-storage/ec_gallery_thumbnail/xbvomSIHDp.png?v=1627952841616",
    "isCustomThumbnail": 0,
    "builtinTags": [
        "category-work",
        "dataZoom",
        "grid",
        "series-bar"
    ],
    "customTags": [],
    "updaterUserName": "188******75"
}