{
    "cid": "xbWtfRuNaC",
    "authorUid": "obd-oCdcQvn4HLphAIJIn9QnsPPufu6Li3i",
    "authorUserName": "马***熠",
    "title": "Awesome Chart",
    "description": "",
    "latestVersion": 1,
    "alwaysLatest": 0,
    "createTime": "2021-07-30T14:19:46.000Z",
    "lastUpdateTime": "2021-07-30T14:19:46.000Z",
    "auth": 2,
    "uid": "obd-oCdcQvn4HLphAIJIn9QnsPPufu6Li3i",
    "publishedVersion": 0,
    "forkFrom": "-",
    "isSpam": 0,
    "version": 1,
    "parentVersion": -1,
    "echartsVersion": "5.1.2",
    "versionCreateTime": "2021-07-30T14:19:46.000Z",
    "html": "",
    "externalScripts": "",
    "updaterUID": "obd-oCdcQvn4HLphAIJIn9QnsPPufu6Li3i",
    "theme": "",
    "layout": "",
    "viewCount": 0,
    "userName": "马***熠",
    "commentCount": 0,
    "starCount": 0,
    "isStared": 0,
    "thumbnailURL": "https://www.makeapie.com/ecg-storage/ec_gallery_thumbnail/xbWtfRuNaC.png?v=1627654787075",
    "isCustomThumbnail": 0,
    "builtinTags": [
        "category-work",
        "grid",
        "series-bar",
        "title"
    ],
    "customTags": [],
    "updaterUserName": "马***熠"
}