{
    "cid": "xC4Q8KjfQ4",
    "authorUid": "bd-7382906384",
    "authorUserName": "满***6",
    "title": "象形柱子做的散点图",
    "description": "",
    "latestVersion": 1,
    "alwaysLatest": 0,
    "createTime": "2021-08-02T08:25:54.000Z",
    "lastUpdateTime": "2021-08-02T08:25:54.000Z",
    "auth": 2,
    "uid": "bd-7382906384",
    "publishedVersion": 0,
    "forkFrom": "-",
    "isSpam": 0,
    "version": 1,
    "parentVersion": -1,
    "echartsVersion": "5.1.2",
    "versionCreateTime": "2021-08-02T08:25:54.000Z",
    "html": "",
    "externalScripts": "",
    "updaterUID": "bd-7382906384",
    "theme": "",
    "layout": "",
    "viewCount": 0,
    "userName": "满***6",
    "commentCount": 0,
    "starCount": 0,
    "isStared": 0,
    "thumbnailURL": "https://www.makeapie.com/ecg-storage/ec_gallery_thumbnail/xC4Q8KjfQ4.png?v=1627892754812",
    "isCustomThumbnail": 0,
    "builtinTags": [
        "category-work",
        "grid",
        "markLine",
        "series-pictorialBar",
        "tooltip"
    ],
    "customTags": [],
    "updaterUserName": "满***6"
}