{
    "cid": "xf-1QxZLYN",
    "authorUid": "obd-o2-aTjNCXh_ADELOPM4d70VB1G3Oy6I",
    "authorUserName": "衰***命",
    "title": "",
    "description": "",
    "latestVersion": 1,
    "alwaysLatest": 0,
    "createTime": "2021-07-31T05:48:50.000Z",
    "lastUpdateTime": "2021-07-31T05:48:50.000Z",
    "auth": 2,
    "uid": "obd-o2-aTjNCXh_ADELOPM4d70VB1G3Oy6I",
    "publishedVersion": 0,
    "forkFrom": "-",
    "isSpam": 0,
    "version": 1,
    "parentVersion": -1,
    "echartsVersion": "5.1.2",
    "versionCreateTime": "2021-07-31T05:48:50.000Z",
    "html": "",
    "externalScripts": "https://geo.datav.aliyun.com/areas_v3/bound/440000_full.json,/dep/echarts/map/js/china.js",
    "updaterUID": "obd-o2-aTjNCXh_ADELOPM4d70VB1G3Oy6I",
    "theme": "",
    "layout": "",
    "viewCount": 0,
    "userName": "衰***命",
    "commentCount": 0,
    "starCount": 4,
    "isStared": 0,
    "thumbnailURL": "https://www.makeapie.com/ecg-storage/ec_gallery_thumbnail/xf-1QxZLYN.png?v=1627710531100",
    "isCustomThumbnail": 0,
    "builtinTags": [
        "category-work",
        "geo",
        "series-map",
        "series-scatter",
        "tooltip",
        "visualMap"
    ],
    "customTags": [],
    "updaterUserName": "衰***命"
}