{
    "cid": "xi4aZnTxeb",
    "authorUid": "obd-oCjhaXFbRoGEF9SHhuXZpbFC4UN2l3W",
    "authorUserName": "188******75",
    "title": "多色立体圆柱 动画",
    "description": "shopping",
    "latestVersion": 1,
    "alwaysLatest": 0,
    "createTime": "2021-08-02T09:59:32.000Z",
    "lastUpdateTime": "2021-08-02T09:59:32.000Z",
    "auth": 2,
    "uid": "obd-oCjhaXFbRoGEF9SHhuXZpbFC4UN2l3W",
    "publishedVersion": 0,
    "forkFrom": "-",
    "isSpam": 0,
    "version": 1,
    "parentVersion": -1,
    "echartsVersion": "5.1.2",
    "versionCreateTime": "2021-08-02T09:59:32.000Z",
    "html": "",
    "externalScripts": "",
    "updaterUID": "obd-oCjhaXFbRoGEF9SHhuXZpbFC4UN2l3W",
    "theme": "",
    "layout": "",
    "viewCount": 0,
    "userName": "188******75",
    "commentCount": 0,
    "starCount": 6,
    "isStared": 0,
    "thumbnailURL": "https://www.makeapie.com/ecg-storage/ec_gallery_thumbnail/xi4aZnTxeb.png?v=1627898372921",
    "isCustomThumbnail": 0,
    "builtinTags": [
        "category-work",
        "grid",
        "series-bar",
        "series-effectScatter",
        "series-pictorialBar",
        "title"
    ],
    "customTags": [],
    "updaterUserName": "188******75"
}