{
    "cid": "xtNk2Q0zOU",
    "authorUid": "obd-oMGzodsy9PP9jkwvH2kpSrH7o-UO82r",
    "authorUserName": "雎***",
    "title": "x轴多类型折线图",
    "description": "",
    "latestVersion": 1,
    "alwaysLatest": 0,
    "createTime": "2021-07-30T09:37:23.000Z",
    "lastUpdateTime": "2021-07-30T09:37:23.000Z",
    "auth": 2,
    "uid": "obd-oMGzodsy9PP9jkwvH2kpSrH7o-UO82r",
    "publishedVersion": 0,
    "forkFrom": "-",
    "isSpam": 0,
    "version": 1,
    "parentVersion": -1,
    "echartsVersion": "5.1.2",
    "versionCreateTime": "2021-07-30T09:37:23.000Z",
    "html": "",
    "externalScripts": "",
    "updaterUID": "obd-oMGzodsy9PP9jkwvH2kpSrH7o-UO82r",
    "theme": "",
    "layout": "",
    "viewCount": 0,
    "userName": "雎***",
    "commentCount": 0,
    "starCount": 0,
    "isStared": 0,
    "thumbnailURL": "https://www.makeapie.com/ecg-storage/ec_gallery_thumbnail/xtNk2Q0zOU.png?v=1627637843928",
    "isCustomThumbnail": 0,
    "builtinTags": [
        "category-work",
        "grid",
        "series-line",
        "tooltip"
    ],
    "customTags": [],
    "updaterUserName": "雎***"
}