{
    "cid": "xy7KW2aUDS",
    "authorUid": "obd-ol0lDmf9JR8NngODP1mdUIb21LQSy07",
    "authorUserName": "l***1",
    "title": "图表",
    "description": "",
    "latestVersion": 1,
    "alwaysLatest": 0,
    "createTime": "2021-08-01T07:09:19.000Z",
    "lastUpdateTime": "2021-08-01T07:09:19.000Z",
    "auth": 2,
    "uid": "obd-ol0lDmf9JR8NngODP1mdUIb21LQSy07",
    "publishedVersion": 0,
    "forkFrom": "-",
    "isSpam": 0,
    "version": 1,
    "parentVersion": -1,
    "echartsVersion": "5.1.2",
    "versionCreateTime": "2021-08-01T07:09:19.000Z",
    "html": "",
    "externalScripts": "",
    "updaterUID": "obd-ol0lDmf9JR8NngODP1mdUIb21LQSy07",
    "theme": "",
    "layout": "",
    "viewCount": 0,
    "userName": "l***1",
    "commentCount": 0,
    "starCount": 0,
    "isStared": 0,
    "thumbnailURL": "https://www.makeapie.com/ecg-storage/ec_gallery_thumbnail/xy7KW2aUDS.png?v=1627801759501",
    "isCustomThumbnail": 0,
    "builtinTags": [
        "category-work",
        "grid",
        "legend",
        "series-bar",
        "toolbox",
        "tooltip"
    ],
    "customTags": [],
    "updaterUserName": "l***1"
}