{
    "cid": "xGGqcKuNRt",
    "authorUid": "obd-oDJaXOcp04afCdkgE8LxlbX9kzxXl1W",
    "authorUserName": "Y***Z",
    "title": "正负极柱状图",
    "description": "正负极柱状图，自定义单列柱状图样式，颜色，圆角",
    "latestVersion": 1,
    "alwaysLatest": 0,
    "createTime": "2021-12-17T10:18:52.000Z",
    "lastUpdateTime": "2021-12-17T10:18:52.000Z",
    "auth": 2,
    "uid": "obd-oDJaXOcp04afCdkgE8LxlbX9kzxXl1W",
    "publishedVersion": 0,
    "forkFrom": "-",
    "isSpam": 0,
    "version": 1,
    "parentVersion": -1,
    "echartsVersion": "5.2.2",
    "versionCreateTime": "2021-12-17T10:18:52.000Z",
    "html": "",
    "externalScripts": "",
    "updaterUID": "obd-oDJaXOcp04afCdkgE8LxlbX9kzxXl1W",
    "theme": "",
    "layout": "",
    "viewCount": 0,
    "userName": "Y***Z",
    "commentCount": 0,
    "starCount": 1,
    "isStared": 0,
    "thumbnailURL": "https://www.makeapie.com/ecg-storage/ec_gallery_thumbnail/xGGqcKuNRt.png?v=1639736332362",
    "isCustomThumbnail": 0,
    "builtinTags": [
        "category-work",
        "grid",
        "series-bar"
    ],
    "customTags": [],
    "updaterUserName": "Y***Z"
}