{
    "cid": "xIg0NLI5hd",
    "authorUid": "obd-oj3M5PtRQWQ8wIWjgxJcf7ee9fXn_DF",
    "authorUserName": "183*****719",
    "title": "",
    "description": "",
    "latestVersion": 1,
    "alwaysLatest": 0,
    "createTime": "2021-12-16T12:35:17.000Z",
    "lastUpdateTime": "2021-12-16T12:35:17.000Z",
    "auth": 2,
    "uid": "obd-oj3M5PtRQWQ8wIWjgxJcf7ee9fXn_DF",
    "publishedVersion": 0,
    "forkFrom": "-",
    "isSpam": 0,
    "version": 1,
    "parentVersion": -1,
    "echartsVersion": "5.2.2",
    "versionCreateTime": "2021-12-16T12:35:17.000Z",
    "html": "",
    "externalScripts": "",
    "updaterUID": "obd-oj3M5PtRQWQ8wIWjgxJcf7ee9fXn_DF",
    "theme": "",
    "layout": "",
    "viewCount": 0,
    "userName": "183*****719",
    "commentCount": 0,
    "starCount": 0,
    "isStared": 0,
    "thumbnailURL": "https://www.makeapie.com/ecg-storage/ec_gallery_thumbnail/xIg0NLI5hd.png?v=1639658117606",
    "isCustomThumbnail": 0,
    "builtinTags": [
        "category-work",
        "grid",
        "series-bar",
        "tooltip"
    ],
    "customTags": [],
    "updaterUserName": "183*****719"
}