{
    "cid": "xmsfIpUIz6",
    "authorUid": "bd-3372546252",
    "authorUserName": "俏***猪",
    "title": "仅为地图浏览用",
    "description": "",
    "latestVersion": 2,
    "alwaysLatest": 1,
    "createTime": "2021-12-17T07:06:34.000Z",
    "lastUpdateTime": "2021-12-17T07:07:26.000Z",
    "auth": 2,
    "uid": "bd-3372546252",
    "publishedVersion": 0,
    "forkFrom": "-",
    "isSpam": 0,
    "version": 2,
    "parentVersion": 1,
    "echartsVersion": "5.2.2",
    "versionCreateTime": "2021-12-17T07:07:26.000Z",
    "html": "",
    "externalScripts": "https://cdn.jsdelivr.net/npm/echarts@5/dist/extension/bmap.min.js",
    "updaterUID": "bd-3372546252",
    "theme": "",
    "layout": "",
    "viewCount": 0,
    "userName": "俏***猪",
    "commentCount": 0,
    "starCount": 0,
    "isStared": 0,
    "thumbnailURL": "https://www.makeapie.com/ecg-storage/ec_gallery_thumbnail/xmsfIpUIz6.png?v=1639724846793",
    "isCustomThumbnail": 0,
    "builtinTags": [
        "category-work",
        "geo"
    ],
    "customTags": [],
    "updaterUserName": "俏***猪"
}