{
    "cid": "xNzf2x6vd7",
    "authorUid": "obd-oNgD-4TWRKP2-7ejjr1wshg3vtuTaCE",
    "authorUserName": "a***o",
    "title": "专利知识图谱",
    "description": "",
    "latestVersion": 7,
    "alwaysLatest": 0,
    "createTime": "2021-12-17T02:58:58.000Z",
    "lastUpdateTime": "2021-12-17T07:13:22.000Z",
    "auth": 2,
    "uid": "obd-oNgD-4TWRKP2-7ejjr1wshg3vtuTaCE",
    "publishedVersion": 0,
    "forkFrom": "-",
    "isSpam": 0,
    "version": 7,
    "parentVersion": 6,
    "echartsVersion": "5.2.2",
    "versionCreateTime": "2021-12-17T07:13:22.000Z",
    "html": "",
    "externalScripts": "",
    "updaterUID": "obd-oNgD-4TWRKP2-7ejjr1wshg3vtuTaCE",
    "theme": "",
    "layout": "",
    "viewCount": 0,
    "userName": "a***o",
    "commentCount": 0,
    "starCount": 1,
    "isStared": 0,
    "thumbnailURL": "https://www.makeapie.com/ecg-storage/ec_gallery_thumbnail/xNzf2x6vd7.png?v=1639725202880",
    "isCustomThumbnail": 0,
    "builtinTags": [
        "category-work",
        "legend",
        "series-graph",
        "title",
        "toolbox",
        "tooltip"
    ],
    "customTags": [],
    "updaterUserName": "a***o"
}