{
    "cid": "xPqLr1wYZh",
    "authorUid": "bd-1530657551",
    "authorUserName": "谢***Q",
    "title": "分层图表",
    "description": "",
    "latestVersion": 1,
    "alwaysLatest": 0,
    "createTime": "2021-12-16T11:08:09.000Z",
    "lastUpdateTime": "2021-12-16T11:08:09.000Z",
    "auth": 1,
    "uid": "bd-1530657551",
    "publishedVersion": 0,
    "forkFrom": "-",
    "isSpam": 0,
    "version": 1,
    "parentVersion": -1,
    "echartsVersion": "5.2.2",
    "versionCreateTime": "2021-12-16T11:08:09.000Z",
    "html": "",
    "externalScripts": "",
    "updaterUID": "bd-1530657551",
    "theme": "",
    "layout": "",
    "viewCount": 0,
    "userName": "谢***Q",
    "commentCount": 0,
    "starCount": 0,
    "isStared": 0,
    "thumbnailURL": "https://www.makeapie.com/ecg-storage/ec_gallery_thumbnail/xPqLr1wYZh.png?v=1639652889924",
    "isCustomThumbnail": 0,
    "builtinTags": [
        "category-work",
        "dataZoom",
        "grid",
        "series-line",
        "title",
        "tooltip"
    ],
    "customTags": [],
    "updaterUserName": "谢***Q"
}