{
    "cid": "xptMjuGS1A",
    "authorUid": "bd-1530657551",
    "authorUserName": "谢***Q",
    "title": "分段事件轨迹",
    "description": "",
    "latestVersion": 1,
    "alwaysLatest": 0,
    "createTime": "2021-12-16T11:35:15.000Z",
    "lastUpdateTime": "2021-12-16T11:35:15.000Z",
    "auth": 2,
    "uid": "bd-1530657551",
    "publishedVersion": 0,
    "forkFrom": "-",
    "isSpam": 0,
    "version": 1,
    "parentVersion": -1,
    "echartsVersion": "5.2.2",
    "versionCreateTime": "2021-12-16T11:35:15.000Z",
    "html": "",
    "externalScripts": "",
    "updaterUID": "bd-1530657551",
    "theme": "",
    "layout": "",
    "viewCount": 0,
    "userName": "谢***Q",
    "commentCount": 0,
    "starCount": 0,
    "isStared": 0,
    "thumbnailURL": "https://www.makeapie.com/ecg-storage/ec_gallery_thumbnail/xptMjuGS1A.png?v=1639654515455",
    "isCustomThumbnail": 0,
    "builtinTags": [
        "category-work",
        "grid",
        "series-heatmap",
        "title"
    ],
    "customTags": [],
    "updaterUserName": "谢***Q"
}