{
    "cid": "xtRw_XHgPL",
    "authorUid": "obd-oN5Ds0RSZeHageOmpvV6ymVe71BRVCx",
    "authorUserName": "正***眼",
    "title": "矩形树图",
    "description": "矩形树图",
    "latestVersion": 11,
    "alwaysLatest": 0,
    "createTime": "2021-12-17T02:02:12.000Z",
    "lastUpdateTime": "2021-12-24T09:47:31.000Z",
    "auth": 2,
    "uid": "obd-oN5Ds0RSZeHageOmpvV6ymVe71BRVCx",
    "publishedVersion": 0,
    "forkFrom": "-",
    "isSpam": 0,
    "version": 11,
    "parentVersion": 10,
    "echartsVersion": "5.2.2",
    "versionCreateTime": "2021-12-24T09:47:31.000Z",
    "html": "",
    "externalScripts": "",
    "updaterUID": "obd-oN5Ds0RSZeHageOmpvV6ymVe71BRVCx",
    "theme": "",
    "layout": "",
    "viewCount": 0,
    "userName": "正***眼",
    "commentCount": 0,
    "starCount": 0,
    "isStared": 0,
    "thumbnailURL": "https://www.makeapie.com/ecg-storage/ec_gallery_thumbnail/xtRw_XHgPL.png?v=1640339251634",
    "isCustomThumbnail": 0,
    "builtinTags": [
        "category-work"
    ],
    "customTags": [],
    "updaterUserName": "正***眼"
}