{
    "cid": "xUnfXkBjY0",
    "authorUid": "obd-oDlaPHF6i5MEsrC23epVZZjs7jc-T1o",
    "authorUserName": "小***_",
    "title": "横向柱状图带文字",
    "description": "",
    "latestVersion": 1,
    "alwaysLatest": 0,
    "createTime": "2021-12-17T08:16:48.000Z",
    "lastUpdateTime": "2021-12-17T08:16:48.000Z",
    "auth": 2,
    "uid": "obd-oDlaPHF6i5MEsrC23epVZZjs7jc-T1o",
    "publishedVersion": 0,
    "forkFrom": "-",
    "isSpam": 0,
    "version": 1,
    "parentVersion": -1,
    "echartsVersion": "4.9.0",
    "versionCreateTime": "2021-12-17T08:16:48.000Z",
    "html": "",
    "externalScripts": "",
    "updaterUID": "obd-oDlaPHF6i5MEsrC23epVZZjs7jc-T1o",
    "theme": "",
    "layout": "",
    "viewCount": 0,
    "userName": "小***_",
    "commentCount": 0,
    "starCount": 0,
    "isStared": 0,
    "thumbnailURL": "https://www.makeapie.com/ecg-storage/ec_gallery_thumbnail/xUnfXkBjY0.png?v=1639729008193",
    "isCustomThumbnail": 0,
    "builtinTags": [
        "category-work",
        "grid",
        "series-bar"
    ],
    "customTags": [],
    "updaterUserName": "小***_"
}