{
    "cid": "xwr2WwHxae",
    "authorUid": "obd-oM1VlKsG5ZBGX8SPmltDaAa9ymO6y2g",
    "authorUserName": "云***飞",
    "title": "花",
    "description": "",
    "latestVersion": 1,
    "alwaysLatest": 0,
    "createTime": "2021-12-17T06:52:13.000Z",
    "lastUpdateTime": "2021-12-17T06:52:13.000Z",
    "auth": 2,
    "uid": "obd-oM1VlKsG5ZBGX8SPmltDaAa9ymO6y2g",
    "publishedVersion": 0,
    "forkFrom": "-",
    "isSpam": 0,
    "version": 1,
    "parentVersion": -1,
    "echartsVersion": "5.2.2",
    "versionCreateTime": "2021-12-17T06:52:13.000Z",
    "html": "",
    "externalScripts": "",
    "updaterUID": "obd-oM1VlKsG5ZBGX8SPmltDaAa9ymO6y2g",
    "theme": "",
    "layout": "",
    "viewCount": 0,
    "userName": "云***飞",
    "commentCount": 0,
    "starCount": 0,
    "isStared": 0,
    "thumbnailURL": "https://www.makeapie.com/ecg-storage/ec_gallery_thumbnail/xwr2WwHxae.png?v=1639723933626",
    "isCustomThumbnail": 0,
    "builtinTags": [
        "category-work",
        "grid",
        "series-pie",
        "toolbox"
    ],
    "customTags": [],
    "updaterUserName": "云***飞"
}