{
    "cid": "xYLV_gBXcB",
    "authorUid": "bd-142485545",
    "authorUserName": "梦***殇",
    "title": "渐变仪表",
    "description": "",
    "latestVersion": 1,
    "alwaysLatest": 0,
    "createTime": "2021-12-17T02:08:18.000Z",
    "lastUpdateTime": "2021-12-17T02:08:18.000Z",
    "auth": 2,
    "uid": "bd-142485545",
    "publishedVersion": 0,
    "forkFrom": "-",
    "isSpam": 0,
    "version": 1,
    "parentVersion": -1,
    "echartsVersion": "5.2.2",
    "versionCreateTime": "2021-12-17T02:08:18.000Z",
    "html": "",
    "externalScripts": "",
    "updaterUID": "bd-142485545",
    "theme": "",
    "layout": "",
    "viewCount": 0,
    "userName": "梦***殇",
    "commentCount": 0,
    "starCount": 1,
    "isStared": 0,
    "thumbnailURL": "https://www.makeapie.com/ecg-storage/ec_gallery_thumbnail/xYLV_gBXcB.png?v=1639706898880",
    "isCustomThumbnail": 0,
    "builtinTags": [
        "category-work",
        "series-gauge"
    ],
    "customTags": [],
    "updaterUserName": "梦***殇"
}