{
    "cid": "xB1eDxBkhf",
    "authorUid": "bd-442035385",
    "authorUserName": "小***了",
    "title": "我儿子的地图",
    "description": "纯属虚构",
    "latestVersion": 1,
    "alwaysLatest": 1,
    "createTime": "2018-04-14T08:48:24.000Z",
    "lastUpdateTime": "2018-04-14T08:48:24.000Z",
    "auth": 2,
    "uid": "bd-442035385",
    "publishedVersion": 0,
    "forkFrom": "-",
    "isSpam": 0,
    "version": 1,
    "parentVersion": -1,
    "echartsVersion": "4.0.4",
    "versionCreateTime": "2018-04-14T08:48:24.000Z",
    "html": "",
    "externalScripts": "/dep/echarts/map/js/china.js",
    "updaterUID": "bd-442035385",
    "theme": "",
    "layout": "",
    "viewCount": 11378,
    "userName": "小***了",
    "commentCount": 0,
    "starCount": 21,
    "isStared": 0,
    "thumbnailURL": "https://www.makeapie.com/ecg-storage/ec_gallery_thumbnail/xB1eDxBkhf.png?v=1523695704607",
    "isCustomThumbnail": 0,
    "builtinTags": [
        "category-work",
        "series-map",
        "title",
        "toolbox",
        "tooltip",
        "visualMap"
    ],
    "customTags": [],
    "updaterUserName": "小***了"
}