{
    "cid": "xBJtLZihif",
    "authorUid": "bd-2852144331",
    "authorUserName": "k***e",
    "title": "考试-多图",
    "description": "",
    "latestVersion": 1,
    "alwaysLatest": 1,
    "createTime": "2018-04-12T09:05:21.000Z",
    "lastUpdateTime": "2018-04-12T09:05:21.000Z",
    "auth": 2,
    "uid": "bd-2852144331",
    "publishedVersion": 0,
    "forkFrom": "-",
    "isSpam": 0,
    "version": 1,
    "parentVersion": -1,
    "echartsVersion": "4.0.4",
    "versionCreateTime": "2018-04-12T09:05:21.000Z",
    "html": "",
    "externalScripts": "",
    "updaterUID": "bd-2852144331",
    "theme": "",
    "layout": "",
    "viewCount": 1205,
    "userName": "k***e",
    "commentCount": 0,
    "starCount": 2,
    "isStared": 0,
    "thumbnailURL": "https://www.makeapie.com/ecg-storage/ec_gallery_thumbnail/xBJtLZihif.png?v=1523523921125",
    "isCustomThumbnail": 0,
    "builtinTags": [
        "category-work",
        "legend",
        "series-pie",
        "title",
        "tooltip"
    ],
    "customTags": [],
    "updaterUserName": "k***e"
}