{
    "cid": "xBy34okzhz",
    "authorUid": "bd-3493513353",
    "authorUserName": "兔子林_Grace",
    "title": "自定义渐变",
    "description": "渐变雷达图",
    "latestVersion": 1,
    "alwaysLatest": 1,
    "createTime": "2018-04-16T09:21:56.000Z",
    "lastUpdateTime": "2018-04-16T09:21:56.000Z",
    "auth": 2,
    "uid": "bd-3493513353",
    "publishedVersion": 0,
    "forkFrom": "-",
    "isSpam": 0,
    "version": 1,
    "parentVersion": -1,
    "echartsVersion": "4.0.4",
    "versionCreateTime": "2018-04-16T09:21:56.000Z",
    "html": "",
    "externalScripts": "",
    "updaterUID": "bd-3493513353",
    "theme": "",
    "layout": "",
    "viewCount": 1146,
    "userName": "兔子林_Grace",
    "commentCount": 0,
    "starCount": 2,
    "isStared": 0,
    "thumbnailURL": "https://www.makeapie.com/ecg-storage/ec_gallery_thumbnail/xBy34okzhz.png?v=1523870516631",
    "isCustomThumbnail": 0,
    "builtinTags": [
        "category-work",
        "legend",
        "radar",
        "series-pie",
        "series-radar",
        "title"
    ],
    "customTags": [
        "color"
    ],
    "updaterUserName": "兔子林_Grace"
}