{
    "cid": "xByLg3p3jG",
    "authorUid": "bd-4280613197",
    "authorUserName": "木***6",
    "title": "test",
    "description": "",
    "latestVersion": 3,
    "alwaysLatest": 1,
    "createTime": "2018-04-12T12:07:10.000Z",
    "lastUpdateTime": "2018-04-12T12:07:10.000Z",
    "auth": 2,
    "uid": "bd-4280613197",
    "publishedVersion": 0,
    "forkFrom": "-",
    "isSpam": 0,
    "version": 3,
    "parentVersion": 2,
    "echartsVersion": "4.1.0",
    "versionCreateTime": "2018-07-17T14:04:33.000Z",
    "html": "",
    "externalScripts": "/dep/echarts/map/js/china.js,/dep/echarts/map/js/world.js,/dep/echarts/latest/extension/bmap.min.js",
    "updaterUID": "bd-4280613197",
    "theme": "",
    "layout": "",
    "viewCount": 25,
    "userName": "木***6",
    "commentCount": 0,
    "starCount": 0,
    "isStared": 0,
    "thumbnailURL": "https://www.makeapie.com/ecg-storage/ec_gallery_thumbnail/xByLg3p3jG.png?v=1531836273418",
    "isCustomThumbnail": 0,
    "builtinTags": [
        "category-work",
        "legend",
        "series-pie",
        "title",
        "toolbox",
        "tooltip"
    ],
    "customTags": [],
    "updaterUserName": "木***6"
}