{
    "cid": "xHJVyIskhG",
    "authorUid": "bd-621198641",
    "authorUserName": "l***2",
    "title": "水晶仪表盘",
    "description": "车联网 liwdh",
    "latestVersion": 2,
    "alwaysLatest": 1,
    "createTime": "2018-04-14T16:01:31.000Z",
    "lastUpdateTime": "2018-04-14T16:01:31.000Z",
    "auth": 2,
    "uid": "bd-621198641",
    "publishedVersion": 0,
    "forkFrom": "-",
    "isSpam": 0,
    "version": 2,
    "parentVersion": 1,
    "echartsVersion": "4.0.4",
    "versionCreateTime": "2018-04-14T16:04:12.000Z",
    "html": "",
    "externalScripts": "",
    "updaterUID": "bd-621198641",
    "theme": "",
    "layout": "",
    "viewCount": 4171,
    "userName": "l***2",
    "commentCount": 0,
    "starCount": 16,
    "isStared": 0,
    "thumbnailURL": "https://www.makeapie.com/ecg-storage/ec_gallery_thumbnail/xHJVyIskhG.png?v=1523721852793",
    "isCustomThumbnail": 0,
    "builtinTags": [
        "category-work",
        "series-gauge",
        "title"
    ],
    "customTags": [],
    "updaterUserName": "l***2"
}