{
    "cid": "xHyY3lkQhG",
    "authorUid": "bd-606632565",
    "authorUserName": "熐***L",
    "title": "动态数据 + 标注某点值",
    "description": "动态标注某点",
    "latestVersion": 7,
    "alwaysLatest": 1,
    "createTime": "2018-04-17T02:49:21.000Z",
    "lastUpdateTime": "2018-04-17T02:49:21.000Z",
    "auth": 1,
    "uid": "bd-606632565",
    "publishedVersion": 0,
    "forkFrom": "-",
    "isSpam": 0,
    "version": 7,
    "parentVersion": 6,
    "echartsVersion": "4.2.0",
    "versionCreateTime": "2018-12-19T16:33:35.000Z",
    "html": "",
    "externalScripts": "",
    "updaterUID": "bd-2969842187",
    "theme": "",
    "layout": "",
    "viewCount": 1238,
    "userName": "熐***L",
    "commentCount": 0,
    "starCount": 6,
    "isStared": 0,
    "thumbnailURL": "https://www.makeapie.com/ecg-storage/ec_gallery_thumbnail/xHyY3lkQhG.png?v=1545237215428",
    "isCustomThumbnail": 0,
    "builtinTags": [
        "category-work",
        "dataZoom",
        "grid",
        "legend",
        "markLine",
        "markPoint",
        "series-line",
        "title",
        "toolbox",
        "tooltip"
    ],
    "customTags": [],
    "updaterUserName": "s***r"
}