{
    "cid": "xr1obXw7nz",
    "authorUid": "bd-3959495387",
    "authorUserName": "ttkljhh",
    "title": "企业信息",
    "description": "",
    "latestVersion": 3,
    "alwaysLatest": 1,
    "createTime": "2018-04-17T12:05:23.000Z",
    "lastUpdateTime": "2018-04-17T12:05:23.000Z",
    "auth": 2,
    "uid": "bd-3959495387",
    "publishedVersion": 0,
    "forkFrom": "-",
    "isSpam": 0,
    "version": 3,
    "parentVersion": 2,
    "echartsVersion": "4.0.4",
    "versionCreateTime": "2018-04-17T12:10:16.000Z",
    "html": "",
    "externalScripts": "",
    "updaterUID": "bd-3959495387",
    "theme": "",
    "layout": "",
    "viewCount": 85,
    "userName": "ttkljhh",
    "commentCount": 0,
    "starCount": 0,
    "isStared": 0,
    "thumbnailURL": "https://www.makeapie.com/ecg-storage/ec_gallery_thumbnail/xr1obXw7nz.png?v=1523967016329",
    "isCustomThumbnail": 0,
    "builtinTags": [
        "category-work",
        "grid",
        "series-bar",
        "tooltip"
    ],
    "customTags": [],
    "updaterUserName": "ttkljhh"
}