{
    "cid": "xrJ5-HCpiz",
    "authorUid": "bd-721633184",
    "authorUserName": "I***E",
    "title": "物流大屏详细数据样例",
    "description": "物流大屏详细数据展示组件",
    "latestVersion": 9,
    "alwaysLatest": 1,
    "createTime": "2018-04-13T06:58:09.000Z",
    "lastUpdateTime": "2018-04-13T06:58:09.000Z",
    "auth": 2,
    "uid": "bd-721633184",
    "publishedVersion": 0,
    "forkFrom": "-",
    "isSpam": 0,
    "version": 9,
    "parentVersion": 8,
    "echartsVersion": "4.2.1",
    "versionCreateTime": "2019-08-18T05:02:57.000Z",
    "html": "",
    "externalScripts": "",
    "updaterUID": "bd-721633184",
    "theme": "",
    "layout": "",
    "viewCount": 552,
    "userName": "I***E",
    "commentCount": 0,
    "starCount": 4,
    "isStared": 0,
    "thumbnailURL": "https://www.makeapie.com/ecg-storage/ec_gallery_thumbnail/xrJ5-HCpiz.png?v=1566104577561",
    "isCustomThumbnail": 0,
    "builtinTags": [
        "category-work",
        "dataZoom",
        "grid",
        "legend",
        "series-bar",
        "series-line",
        "tooltip"
    ],
    "customTags": [],
    "updaterUserName": "I***E"
}