{
    "cid": "xrJGeNbmhG",
    "authorUid": "bd-591159658",
    "authorUserName": "139******48",
    "title": "检测分析",
    "description": "",
    "latestVersion": 1,
    "alwaysLatest": 1,
    "createTime": "2018-04-17T05:19:37.000Z",
    "lastUpdateTime": "2018-04-17T05:28:28.000Z",
    "auth": 2,
    "uid": "bd-591159658",
    "publishedVersion": 0,
    "forkFrom": "-",
    "isSpam": 0,
    "version": 1,
    "parentVersion": -1,
    "echartsVersion": "4.0.4",
    "versionCreateTime": "2018-04-17T05:19:37.000Z",
    "html": "",
    "externalScripts": "",
    "updaterUID": "bd-591159658",
    "theme": "default",
    "layout": "",
    "viewCount": 270,
    "userName": "139******48",
    "commentCount": 0,
    "starCount": 1,
    "isStared": 0,
    "thumbnailURL": "https://www.makeapie.com/ecg-storage/ec_gallery_thumbnail/xrJGeNbmhG.png?v=1523942377960",
    "isCustomThumbnail": 0,
    "builtinTags": [],
    "customTags": [],
    "updaterUserName": "139******48"
}