{
    "cid": "xrJrVMyZ2M",
    "authorUid": "bd-3491162258",
    "authorUserName": "bnwjzgh",
    "title": "世界各国首都CS沙发主用户量",
    "description": "",
    "latestVersion": 1,
    "alwaysLatest": 1,
    "createTime": "2018-04-15T14:31:08.000Z",
    "lastUpdateTime": "2018-04-15T14:31:08.000Z",
    "auth": 2,
    "uid": "bd-3491162258",
    "publishedVersion": 0,
    "forkFrom": "-",
    "isSpam": 0,
    "version": 1,
    "parentVersion": -1,
    "echartsVersion": "4.0.4",
    "versionCreateTime": "2018-04-15T14:31:08.000Z",
    "html": "",
    "externalScripts": "/asset/get/s/data-1495350605523-SJII63Rl-.js ",
    "updaterUID": "bd-3491162258",
    "theme": "default",
    "layout": "",
    "viewCount": 5025,
    "userName": "bnwjzgh",
    "commentCount": 1,
    "starCount": 13,
    "isStared": 0,
    "thumbnailURL": "https://www.makeapie.com/ecg-storage/ec_gallery_thumbnail/xrJrVMyZ2M.png?v=1523802668897",
    "isCustomThumbnail": 0,
    "builtinTags": [
        "category-work",
        "series-map",
        "timeline",
        "title",
        "tooltip",
        "visualMap"
    ],
    "customTags": [],
    "updaterUserName": "bnwjzgh"
}