{
    "cid": "xSJVZmapsf",
    "authorUid": "bd-2399318835",
    "authorUserName": "1***5",
    "title": "柱图",
    "description": "数据增加柱间隔不变",
    "latestVersion": 3,
    "alwaysLatest": 1,
    "createTime": "2018-04-13T05:41:16.000Z",
    "lastUpdateTime": "2018-04-13T05:41:16.000Z",
    "auth": 2,
    "uid": "bd-2399318835",
    "publishedVersion": 0,
    "forkFrom": "-",
    "isSpam": 0,
    "version": 3,
    "parentVersion": 2,
    "echartsVersion": "4.0.4",
    "versionCreateTime": "2018-04-13T07:14:35.000Z",
    "html": "",
    "externalScripts": "",
    "updaterUID": "bd-2399318835",
    "theme": "",
    "layout": "",
    "viewCount": 68,
    "userName": "1***5",
    "commentCount": 0,
    "starCount": 0,
    "isStared": 0,
    "thumbnailURL": "https://www.makeapie.com/ecg-storage/ec_gallery_thumbnail/xSJVZmapsf.png?v=1523603675619",
    "isCustomThumbnail": 0,
    "builtinTags": [
        "category-work",
        "grid",
        "series-bar",
        "tooltip"
    ],
    "customTags": [],
    "updaterUserName": "1***5"
}