{
    "cid": "xSk3maKCoM",
    "authorUid": "bd-2500638981",
    "authorUserName": "黄心波",
    "title": "学历分布",
    "description": "",
    "latestVersion": 8,
    "alwaysLatest": 1,
    "createTime": "2018-04-13T20:03:47.000Z",
    "lastUpdateTime": "2018-04-13T20:03:47.000Z",
    "auth": 2,
    "uid": "bd-2500638981",
    "publishedVersion": 0,
    "forkFrom": "-",
    "isSpam": 0,
    "version": 8,
    "parentVersion": 7,
    "echartsVersion": "4.0.4",
    "versionCreateTime": "2018-04-13T21:21:16.000Z",
    "html": "",
    "externalScripts": "",
    "updaterUID": "bd-2500638981",
    "theme": "",
    "layout": "",
    "viewCount": 357,
    "userName": "黄心波",
    "commentCount": 0,
    "starCount": 2,
    "isStared": 0,
    "thumbnailURL": "https://www.makeapie.com/ecg-storage/ec_gallery_thumbnail/xSk3maKCoM.png?v=1523654476729",
    "isCustomThumbnail": 0,
    "builtinTags": [
        "category-work",
        "grid",
        "legend",
        "series-bar",
        "tooltip"
    ],
    "customTags": [],
    "updaterUserName": "黄心波"
}