{
    "cid": "xSkqZDXE2f",
    "authorUid": "bd-1883047840",
    "authorUserName": "秋***m",
    "title": "Step Line",
    "description": "带拖拽的折线图，可配置的拖拽条",
    "latestVersion": 1,
    "alwaysLatest": 1,
    "createTime": "2018-04-18T02:01:37.000Z",
    "lastUpdateTime": "2018-04-18T02:01:37.000Z",
    "auth": 2,
    "uid": "bd-1883047840",
    "publishedVersion": 0,
    "forkFrom": "-",
    "isSpam": 0,
    "version": 1,
    "parentVersion": -1,
    "echartsVersion": "4.0.4",
    "versionCreateTime": "2018-04-18T02:01:37.000Z",
    "html": "",
    "externalScripts": "",
    "updaterUID": "bd-1883047840",
    "theme": "",
    "layout": "",
    "viewCount": 166,
    "userName": "秋***m",
    "commentCount": 0,
    "starCount": 0,
    "isStared": 0,
    "thumbnailURL": "https://www.makeapie.com/ecg-storage/ec_gallery_thumbnail/xSkqZDXE2f.png?v=1524016897949",
    "isCustomThumbnail": 0,
    "builtinTags": [
        "category-work",
        "dataZoom",
        "grid",
        "legend",
        "series-line",
        "title",
        "tooltip"
    ],
    "customTags": [],
    "updaterUserName": "秋***m"
}