{
    "cid": "xB139TV7rM",
    "authorUid": "bd-2939525108",
    "authorUserName": "x***鱼",
    "title": "折线提示",
    "description": "",
    "latestVersion": 4,
    "alwaysLatest": 1,
    "createTime": "2018-01-22T10:31:47.000Z",
    "lastUpdateTime": "2018-01-22T10:31:47.000Z",
    "auth": 2,
    "uid": "bd-2939525108",
    "publishedVersion": 0,
    "forkFrom": "-",
    "isSpam": 0,
    "version": 4,
    "parentVersion": 3,
    "echartsVersion": "3.8.0",
    "versionCreateTime": "2018-02-01T05:26:35.000Z",
    "html": "",
    "externalScripts": "",
    "updaterUID": "bd-2939525108",
    "theme": "",
    "layout": "",
    "viewCount": 2990,
    "userName": "x***鱼",
    "commentCount": 0,
    "starCount": 9,
    "isStared": 0,
    "thumbnailURL": "https://www.makeapie.com/ecg-storage/ec_gallery_thumbnail/xB139TV7rM.png?v=1517462795139",
    "isCustomThumbnail": 0,
    "builtinTags": [
        "category-work",
        "grid",
        "legend",
        "series-bar",
        "series-line",
        "tooltip"
    ],
    "customTags": [],
    "updaterUserName": "x***鱼"
}