{
    "cid": "xB1TXNfQBz",
    "authorUid": "bd-1100863769",
    "authorUserName": "我是个小胖子i",
    "title": "用背景颜色来表示合法范围",
    "description": "用背景颜色来表示合法范围",
    "latestVersion": 1,
    "alwaysLatest": 1,
    "createTime": "2018-01-22T07:35:00.000Z",
    "lastUpdateTime": "2018-01-22T07:35:00.000Z",
    "auth": 2,
    "uid": "bd-1100863769",
    "publishedVersion": 0,
    "forkFrom": "-",
    "isSpam": 0,
    "version": 1,
    "parentVersion": -1,
    "echartsVersion": "3.8.0",
    "versionCreateTime": "2018-01-22T07:35:00.000Z",
    "html": "",
    "externalScripts": "",
    "updaterUID": "bd-1100863769",
    "theme": "",
    "layout": "",
    "viewCount": 1367,
    "userName": "我是个小胖子i",
    "commentCount": 1,
    "starCount": 4,
    "isStared": 0,
    "thumbnailURL": "https://www.makeapie.com/ecg-storage/ec_gallery_thumbnail/xB1TXNfQBz.png?v=1516606500940",
    "isCustomThumbnail": 0,
    "builtinTags": [
        "category-work",
        "dataZoom",
        "grid",
        "legend",
        "markArea",
        "series-line",
        "title",
        "toolbox",
        "tooltip"
    ],
    "customTags": [],
    "updaterUserName": "我是个小胖子i"
}