{
    "cid": "xBkzbn9ESM",
    "authorUid": "bd-1031056",
    "authorUserName": "小***米",
    "title": "2008全国宏观经济指标",
    "description": "数据来自国家统计局",
    "latestVersion": 1,
    "alwaysLatest": 1,
    "createTime": "2018-01-23T11:26:50.000Z",
    "lastUpdateTime": "2018-01-23T11:26:50.000Z",
    "auth": 2,
    "uid": "bd-1031056",
    "publishedVersion": 0,
    "forkFrom": "-",
    "isSpam": 0,
    "version": 1,
    "parentVersion": -1,
    "echartsVersion": "3.8.0",
    "versionCreateTime": "2018-01-23T11:26:50.000Z",
    "html": "",
    "externalScripts": "",
    "updaterUID": "bd-1031056",
    "theme": "",
    "layout": "",
    "viewCount": 2008,
    "userName": "小***米",
    "commentCount": 0,
    "starCount": 7,
    "isStared": 0,
    "thumbnailURL": "https://www.makeapie.com/ecg-storage/ec_gallery_thumbnail/xBkzbn9ESM.png?v=1516706810217",
    "isCustomThumbnail": 0,
    "builtinTags": [
        "category-work",
        "grid",
        "legend",
        "series-bar",
        "series-pie",
        "timeline",
        "title",
        "tooltip"
    ],
    "customTags": [],
    "updaterUserName": "小***米"
}