{
    "cid": "xBy1G_WPBM",
    "authorUid": "bd-3778960607",
    "authorUserName": "Luqi丶",
    "title": "双向柱状图",
    "description": "",
    "latestVersion": 3,
    "alwaysLatest": 1,
    "createTime": "2018-01-25T07:32:22.000Z",
    "lastUpdateTime": "2018-01-25T07:32:22.000Z",
    "auth": 2,
    "uid": "bd-3778960607",
    "publishedVersion": 0,
    "forkFrom": "-",
    "isSpam": 0,
    "version": 3,
    "parentVersion": 2,
    "echartsVersion": "3.8.0",
    "versionCreateTime": "2018-01-25T08:06:09.000Z",
    "html": "",
    "externalScripts": "",
    "updaterUID": "bd-3778960607",
    "theme": "",
    "layout": "",
    "viewCount": 2471,
    "userName": "Luqi丶",
    "commentCount": 0,
    "starCount": 15,
    "isStared": 0,
    "thumbnailURL": "https://www.makeapie.com/ecg-storage/ec_gallery_thumbnail/xBy1G_WPBM.png?v=1516867569395",
    "isCustomThumbnail": 0,
    "builtinTags": [
        "category-work",
        "grid",
        "legend",
        "series-bar",
        "timeline",
        "tooltip"
    ],
    "customTags": [],
    "updaterUserName": "Luqi丶"
}