{
    "cid": "xHkiajjBBG",
    "authorUid": "bd-1830759948",
    "authorUserName": "15802926059",
    "title": "王者荣耀英雄战力（坦克）",
    "description": "",
    "latestVersion": 1,
    "alwaysLatest": 1,
    "createTime": "2018-01-24T06:46:26.000Z",
    "lastUpdateTime": "2018-01-24T06:46:26.000Z",
    "auth": 2,
    "uid": "bd-1830759948",
    "publishedVersion": 0,
    "forkFrom": "-",
    "isSpam": 0,
    "version": 1,
    "parentVersion": -1,
    "echartsVersion": "3.8.0",
    "versionCreateTime": "2018-01-24T06:46:26.000Z",
    "html": "",
    "externalScripts": "http://echarts.baidu.com/resource/echarts-stat-latest/dist/ecStat.min.js",
    "updaterUID": "bd-1830759948",
    "theme": "",
    "layout": "",
    "viewCount": 389,
    "userName": "15802926059",
    "commentCount": 0,
    "starCount": 0,
    "isStared": 0,
    "thumbnailURL": "https://www.makeapie.com/ecg-storage/ec_gallery_thumbnail/xHkiajjBBG.png?v=1516776386772",
    "isCustomThumbnail": 0,
    "builtinTags": [
        "category-work",
        "legend",
        "radar",
        "series-radar",
        "title",
        "tooltip"
    ],
    "customTags": [],
    "updaterUserName": "15802926059"
}