{
    "cid": "xrJXsoRHHM",
    "authorUid": "bd-2939525108",
    "authorUserName": "x***鱼",
    "title": "实时健康度",
    "description": "温度计",
    "latestVersion": 1,
    "alwaysLatest": 1,
    "createTime": "2018-01-24T10:10:34.000Z",
    "lastUpdateTime": "2018-01-24T10:10:34.000Z",
    "auth": 2,
    "uid": "bd-2939525108",
    "publishedVersion": 0,
    "forkFrom": "-",
    "isSpam": 0,
    "version": 1,
    "parentVersion": -1,
    "echartsVersion": "3.8.0",
    "versionCreateTime": "2018-01-24T10:10:34.000Z",
    "html": "",
    "externalScripts": "http://echarts.baidu.com/resource/echarts-liquidfill-latest/dist/echarts-liquidfill.min.js",
    "updaterUID": "bd-2939525108",
    "theme": "",
    "layout": "",
    "viewCount": 271,
    "userName": "x***鱼",
    "commentCount": 0,
    "starCount": 1,
    "isStared": 0,
    "thumbnailURL": "https://www.makeapie.com/ecg-storage/ec_gallery_thumbnail/xrJXsoRHHM.png?v=1516788634736",
    "isCustomThumbnail": 0,
    "builtinTags": [
        "category-work",
        "series-liquidFill",
        "title"
    ],
    "customTags": [],
    "updaterUserName": "x***鱼"
}