{
    "cid": "xrkmlBbDSf",
    "authorUid": "bd-1830759948",
    "authorUserName": "15802926059",
    "title": "2016年全国人口前50",
    "description": "人口排名前50的城市",
    "latestVersion": 8,
    "alwaysLatest": 1,
    "createTime": "2018-01-25T07:19:06.000Z",
    "lastUpdateTime": "2018-01-25T07:19:06.000Z",
    "auth": 2,
    "uid": "bd-1830759948",
    "publishedVersion": 0,
    "forkFrom": "-",
    "isSpam": 0,
    "version": 8,
    "parentVersion": 7,
    "echartsVersion": "3.8.0",
    "versionCreateTime": "2018-01-26T06:43:59.000Z",
    "html": "",
    "externalScripts": "",
    "updaterUID": "bd-1830759948",
    "theme": "",
    "layout": "",
    "viewCount": 68,
    "userName": "15802926059",
    "commentCount": 0,
    "starCount": 0,
    "isStared": 0,
    "thumbnailURL": "https://www.makeapie.com/ecg-storage/ec_gallery_thumbnail/xrkmlBbDSf.png?v=1516949040059",
    "isCustomThumbnail": 0,
    "builtinTags": [
        "category-work",
        "series-effectScatter",
        "series-scatter",
        "title",
        "tooltip"
    ],
    "customTags": [],
    "updaterUserName": "15802926059"
}