{
    "cid": "xS1K2uiHSz",
    "authorUid": "bd-1335944923",
    "authorUserName": "锃***6",
    "title": "刻度尺坐标轴",
    "description": "刻度尺坐标轴",
    "latestVersion": 1,
    "alwaysLatest": 1,
    "createTime": "2018-01-24T06:33:20.000Z",
    "lastUpdateTime": "2018-01-24T06:33:20.000Z",
    "auth": 2,
    "uid": "bd-1335944923",
    "publishedVersion": 0,
    "forkFrom": "-",
    "isSpam": 0,
    "version": 1,
    "parentVersion": -1,
    "echartsVersion": "3.8.0",
    "versionCreateTime": "2018-01-24T06:33:20.000Z",
    "html": "",
    "externalScripts": "",
    "updaterUID": "bd-1335944923",
    "theme": "",
    "layout": "",
    "viewCount": 407,
    "userName": "锃***6",
    "commentCount": 0,
    "starCount": 3,
    "isStared": 0,
    "thumbnailURL": "https://www.makeapie.com/ecg-storage/ec_gallery_thumbnail/xS1K2uiHSz.png?v=1516775600731",
    "isCustomThumbnail": 0,
    "builtinTags": [
        "category-work",
        "grid",
        "series-line",
        "title"
    ],
    "customTags": [],
    "updaterUserName": "锃***6"
}