{
    "cid": "xSJ6OrGEHf",
    "authorUid": "bd-2905269377",
    "authorUserName": "4***了",
    "title": "lines结合bamp底图",
    "description": "lines结合bamp底图,lines使用bmap坐标系",
    "latestVersion": 1,
    "alwaysLatest": 1,
    "createTime": "2018-01-23T01:52:53.000Z",
    "lastUpdateTime": "2018-01-23T01:53:45.000Z",
    "auth": 2,
    "uid": "bd-2905269377",
    "publishedVersion": 0,
    "forkFrom": "-",
    "isSpam": 0,
    "version": 1,
    "parentVersion": -1,
    "echartsVersion": "3.8.0",
    "versionCreateTime": "2018-01-23T01:52:53.000Z",
    "html": "",
    "externalScripts": "http://api.map.baidu.com/api?v=2.0&ak=ZUONbpqGBsYGXNIYHicvbAbM,/dep/echarts/latest/extension/bmap.min.js",
    "updaterUID": "bd-2905269377",
    "theme": "default",
    "layout": "",
    "viewCount": 1159,
    "userName": "4***了",
    "commentCount": 0,
    "starCount": 7,
    "isStared": 0,
    "thumbnailURL": "https://www.makeapie.com/ecg-storage/ec_gallery_thumbnail/xSJ6OrGEHf.png?v=1516672427303",
    "isCustomThumbnail": 1,
    "builtinTags": [
        "category-work"
    ],
    "customTags": [
        "bmap",
        "lines"
    ],
    "updaterUserName": "4***了"
}