{
    "cid": "xSJEew5BHf",
    "authorUid": "bd-2434570465",
    "authorUserName": "小爷路过这",
    "title": "折线图",
    "description": "",
    "latestVersion": 3,
    "alwaysLatest": 1,
    "createTime": "2018-01-24T05:17:32.000Z",
    "lastUpdateTime": "2018-01-24T05:17:32.000Z",
    "auth": 2,
    "uid": "bd-2434570465",
    "publishedVersion": 0,
    "forkFrom": "-",
    "isSpam": 0,
    "version": 3,
    "parentVersion": 1,
    "echartsVersion": "3.8.0",
    "versionCreateTime": "2018-01-24T06:03:02.000Z",
    "html": "",
    "externalScripts": "",
    "updaterUID": "bd-2434570465",
    "theme": "",
    "layout": "",
    "viewCount": 61,
    "userName": "小爷路过这",
    "commentCount": 0,
    "starCount": 0,
    "isStared": 0,
    "thumbnailURL": "https://www.makeapie.com/ecg-storage/ec_gallery_thumbnail/xSJEew5BHf.png?v=1516773782593",
    "isCustomThumbnail": 0,
    "builtinTags": [
        "category-work",
        "grid",
        "legend",
        "series-line",
        "title",
        "tooltip"
    ],
    "customTags": [],
    "updaterUserName": "小爷路过这"
}