{
    "cid": "x1Y0UvOfiW",
    "authorUid": "obd-olofOwo72VchGBRM76plPO39etMob0a",
    "authorUserName": "Z***8",
    "title": "饼图分布",
    "description": "",
    "latestVersion": 2,
    "alwaysLatest": 1,
    "createTime": "2020-10-16T06:25:22.000Z",
    "lastUpdateTime": "2020-10-16T06:25:22.000Z",
    "auth": 2,
    "uid": "obd-olofOwo72VchGBRM76plPO39etMob0a",
    "publishedVersion": 0,
    "forkFrom": "-",
    "isSpam": 0,
    "version": 2,
    "parentVersion": 1,
    "echartsVersion": "4.8.0",
    "versionCreateTime": "2020-10-16T06:27:04.000Z",
    "html": "",
    "externalScripts": "",
    "updaterUID": "obd-olofOwo72VchGBRM76plPO39etMob0a",
    "theme": "vintage",
    "layout": "",
    "viewCount": 93,
    "userName": "Z***8",
    "commentCount": 0,
    "starCount": 2,
    "isStared": 0,
    "thumbnailURL": "https://www.makeapie.com/ecg-storage/ec_gallery_thumbnail/x1Y0UvOfiW.png?v=1602829624350",
    "isCustomThumbnail": 0,
    "builtinTags": [
        "category-work",
        "legend",
        "series-pie",
        "title"
    ],
    "customTags": [],
    "updaterUserName": "Z***8"
}