{
    "cid": "x6wMXW5E68",
    "authorUid": "bd-336760053",
    "authorUserName": "w***g",
    "title": "地图加背景图片",
    "description": "",
    "latestVersion": 2,
    "alwaysLatest": 1,
    "createTime": "2020-10-16T08:39:04.000Z",
    "lastUpdateTime": "2020-10-16T08:39:04.000Z",
    "auth": 1,
    "uid": "bd-336760053",
    "publishedVersion": 0,
    "forkFrom": "-",
    "isSpam": 0,
    "version": 2,
    "parentVersion": 1,
    "echartsVersion": "4.8.0",
    "versionCreateTime": "2020-10-16T08:40:20.000Z",
    "html": "",
    "externalScripts": "/dep/echarts/map/js/china.js",
    "updaterUID": "bd-336760053",
    "theme": "",
    "layout": "",
    "viewCount": 293,
    "userName": "w***g",
    "commentCount": 0,
    "starCount": 1,
    "isStared": 0,
    "thumbnailURL": "https://www.makeapie.com/ecg-storage/ec_gallery_thumbnail/x6wMXW5E68.png?v=1602837620695",
    "isCustomThumbnail": 0,
    "builtinTags": [
        "category-work",
        "geo",
        "graphic",
        "series-map",
        "tooltip"
    ],
    "customTags": [],
    "updaterUserName": "w***g"
}