{
    "cid": "x8g0euYbw7",
    "authorUid": "bd-925573494",
    "authorUserName": "群***乐",
    "title": "堆叠柱状图",
    "description": "堆叠柱状图",
    "latestVersion": 1,
    "alwaysLatest": 1,
    "createTime": "2020-10-16T08:44:57.000Z",
    "lastUpdateTime": "2020-10-16T08:44:57.000Z",
    "auth": 1,
    "uid": "bd-925573494",
    "publishedVersion": 0,
    "forkFrom": "-",
    "isSpam": 0,
    "version": 1,
    "parentVersion": -1,
    "echartsVersion": "4.8.0",
    "versionCreateTime": "2020-10-16T08:44:57.000Z",
    "html": "",
    "externalScripts": "",
    "updaterUID": "bd-925573494",
    "theme": "",
    "layout": "",
    "viewCount": 31,
    "userName": "群***乐",
    "commentCount": 0,
    "starCount": 0,
    "isStared": 0,
    "thumbnailURL": "https://www.makeapie.com/ecg-storage/ec_gallery_thumbnail/x8g0euYbw7.png?v=1602837897839",
    "isCustomThumbnail": 0,
    "builtinTags": [
        "category-work",
        "grid",
        "legend",
        "series-bar"
    ],
    "customTags": [],
    "updaterUserName": "群***乐"
}