{
    "cid": "xBT2e5Kq1s",
    "authorUid": "bd-4247900075",
    "authorUserName": "w***s",
    "title": "会动的柱图",
    "description": "",
    "latestVersion": 3,
    "alwaysLatest": 1,
    "createTime": "2020-10-16T06:56:53.000Z",
    "lastUpdateTime": "2020-10-16T06:58:34.000Z",
    "auth": 2,
    "uid": "bd-4247900075",
    "publishedVersion": 0,
    "forkFrom": "-",
    "isSpam": 0,
    "version": 3,
    "parentVersion": 2,
    "echartsVersion": "4.8.0",
    "versionCreateTime": "2020-10-17T16:57:22.000Z",
    "html": "",
    "externalScripts": "",
    "updaterUID": "bd-4247900075",
    "theme": "dark",
    "layout": "",
    "viewCount": 647,
    "userName": "w***s",
    "commentCount": 0,
    "starCount": 6,
    "isStared": 0,
    "thumbnailURL": "https://www.makeapie.com/ecg-storage/ec_gallery_thumbnail/xBT2e5Kq1s.png?v=1602953842229",
    "isCustomThumbnail": 0,
    "builtinTags": [],
    "customTags": [],
    "updaterUserName": "w***s"
}