{
    "cid": "xep6n1PJyH",
    "authorUid": "obd-ojPRjy_GIbzrvAsUH-HINpK1wT2ceEg",
    "authorUserName": "等***嗯",
    "title": "3d 叠加柱状图",
    "description": "3d 叠加柱状图",
    "latestVersion": 1,
    "alwaysLatest": 1,
    "createTime": "2020-10-16T10:08:23.000Z",
    "lastUpdateTime": "2020-10-16T10:08:23.000Z",
    "auth": 2,
    "uid": "obd-ojPRjy_GIbzrvAsUH-HINpK1wT2ceEg",
    "publishedVersion": 0,
    "forkFrom": "-",
    "isSpam": 0,
    "version": 1,
    "parentVersion": -1,
    "echartsVersion": "4.8.0",
    "versionCreateTime": "2020-10-16T10:08:23.000Z",
    "html": "",
    "externalScripts": "",
    "updaterUID": "obd-ojPRjy_GIbzrvAsUH-HINpK1wT2ceEg",
    "theme": "",
    "layout": "",
    "viewCount": 62,
    "userName": "等***嗯",
    "commentCount": 0,
    "starCount": 0,
    "isStared": 0,
    "thumbnailURL": "https://www.makeapie.com/ecg-storage/ec_gallery_thumbnail/xep6n1PJyH.png?v=1602842903928",
    "isCustomThumbnail": 0,
    "builtinTags": [
        "category-work",
        "grid",
        "series-bar",
        "series-pictorialBar"
    ],
    "customTags": [],
    "updaterUserName": "等***嗯"
}