{
    "cid": "xhkcv8WxCH",
    "authorUid": "obd-oAD1HbaVk-tYIjzXgiXqh-eo0g6cS7m",
    "authorUserName": "173******76",
    "title": "(2) 基于时间段的UV",
    "description": "数据来源于阿里云天池，淘宝用户行为分析数据集",
    "latestVersion": 2,
    "alwaysLatest": 1,
    "createTime": "2020-10-16T02:48:18.000Z",
    "lastUpdateTime": "2020-10-16T02:48:18.000Z",
    "auth": 2,
    "uid": "obd-oAD1HbaVk-tYIjzXgiXqh-eo0g6cS7m",
    "publishedVersion": 0,
    "forkFrom": "-",
    "isSpam": 0,
    "version": 2,
    "parentVersion": 1,
    "echartsVersion": "4.8.0",
    "versionCreateTime": "2020-10-16T02:48:44.000Z",
    "html": "",
    "externalScripts": "",
    "updaterUID": "obd-oAD1HbaVk-tYIjzXgiXqh-eo0g6cS7m",
    "theme": "",
    "layout": "",
    "viewCount": 43,
    "userName": "173******76",
    "commentCount": 0,
    "starCount": 0,
    "isStared": 0,
    "thumbnailURL": "https://www.makeapie.com/ecg-storage/ec_gallery_thumbnail/xhkcv8WxCH.png?v=1602816524808",
    "isCustomThumbnail": 0,
    "builtinTags": [
        "category-work",
        "grid",
        "markLine",
        "series-bar",
        "title",
        "toolbox",
        "tooltip"
    ],
    "customTags": [],
    "updaterUserName": "173******76"
}