{
    "cid": "xITkXPkzk2",
    "authorUid": "bd-353054937",
    "authorUserName": "t***g",
    "title": "温度计",
    "description": "整理可配置项",
    "latestVersion": 3,
    "alwaysLatest": 1,
    "createTime": "2020-10-16T06:39:38.000Z",
    "lastUpdateTime": "2020-10-16T06:39:38.000Z",
    "auth": 2,
    "uid": "bd-353054937",
    "publishedVersion": 0,
    "forkFrom": "-",
    "isSpam": 0,
    "version": 3,
    "parentVersion": 2,
    "echartsVersion": "4.8.0",
    "versionCreateTime": "2020-10-16T07:05:21.000Z",
    "html": "",
    "externalScripts": "",
    "updaterUID": "bd-353054937",
    "theme": "",
    "layout": "",
    "viewCount": 792,
    "userName": "t***g",
    "commentCount": 0,
    "starCount": 10,
    "isStared": 0,
    "thumbnailURL": "https://www.makeapie.com/ecg-storage/ec_gallery_thumbnail/xITkXPkzk2.png?v=1602831921167",
    "isCustomThumbnail": 0,
    "builtinTags": [
        "category-work",
        "grid",
        "series-bar",
        "series-scatter"
    ],
    "customTags": [],
    "updaterUserName": "t***g"
}