{
    "cid": "xkNTfsvrso",
    "authorUid": "bd-3323327795",
    "authorUserName": "笑***野",
    "title": "环形图-指标加间隔",
    "description": "",
    "latestVersion": 4,
    "alwaysLatest": 1,
    "createTime": "2020-10-16T07:17:26.000Z",
    "lastUpdateTime": "2020-10-16T07:17:26.000Z",
    "auth": 2,
    "uid": "bd-3323327795",
    "publishedVersion": 0,
    "forkFrom": "-",
    "isSpam": 0,
    "version": 4,
    "parentVersion": 3,
    "echartsVersion": "4.8.0",
    "versionCreateTime": "2021-03-22T06:10:14.000Z",
    "html": "",
    "externalScripts": "",
    "updaterUID": "bd-3323327795",
    "theme": "",
    "layout": "",
    "viewCount": 109,
    "userName": "笑***野",
    "commentCount": 0,
    "starCount": 2,
    "isStared": 0,
    "thumbnailURL": "https://www.makeapie.com/ecg-storage/ec_gallery_thumbnail/xkNTfsvrso.png?v=1616393415017",
    "isCustomThumbnail": 0,
    "builtinTags": [
        "category-work",
        "legend",
        "series-pie"
    ],
    "customTags": [],
    "updaterUserName": "笑***野"
}