{
    "cid": "xLCAbgewJK",
    "authorUid": "obd-oAl5M2T541FKFgGONpz0eRe3pPLhW7N",
    "authorUserName": "a***7",
    "title": "人员年龄分布",
    "description": "",
    "latestVersion": 4,
    "alwaysLatest": 1,
    "createTime": "2020-10-16T05:48:28.000Z",
    "lastUpdateTime": "2020-10-16T05:48:28.000Z",
    "auth": 2,
    "uid": "obd-oAl5M2T541FKFgGONpz0eRe3pPLhW7N",
    "publishedVersion": 0,
    "forkFrom": "-",
    "isSpam": 0,
    "version": 4,
    "parentVersion": 2,
    "echartsVersion": "4.8.0",
    "versionCreateTime": "2020-10-17T06:22:51.000Z",
    "html": "",
    "externalScripts": "",
    "updaterUID": "obd-oAl5M2T541FKFgGONpz0eRe3pPLhW7N",
    "theme": "",
    "layout": "",
    "viewCount": 40,
    "userName": "a***7",
    "commentCount": 0,
    "starCount": 0,
    "isStared": 0,
    "thumbnailURL": "https://www.makeapie.com/ecg-storage/ec_gallery_thumbnail/xLCAbgewJK.png?v=1602915771313",
    "isCustomThumbnail": 0,
    "builtinTags": [
        "category-work",
        "series-pie",
        "title",
        "tooltip"
    ],
    "customTags": [],
    "updaterUserName": "a***7"
}