{
    "cid": "xmNW15y0OO",
    "authorUid": "obd-oE_gsW8GLiqAB6Ga2PdpVikoj-ASR4v",
    "authorUserName": "132*****102",
    "title": "Awesome Chart",
    "description": "",
    "latestVersion": 1,
    "alwaysLatest": 1,
    "createTime": "2020-10-16T10:17:18.000Z",
    "lastUpdateTime": "2020-10-16T10:17:18.000Z",
    "auth": 2,
    "uid": "obd-oE_gsW8GLiqAB6Ga2PdpVikoj-ASR4v",
    "publishedVersion": 0,
    "forkFrom": "-",
    "isSpam": 0,
    "version": 1,
    "parentVersion": -1,
    "echartsVersion": "4.8.0",
    "versionCreateTime": "2020-10-16T10:17:18.000Z",
    "html": "",
    "externalScripts": "",
    "updaterUID": "obd-oE_gsW8GLiqAB6Ga2PdpVikoj-ASR4v",
    "theme": "",
    "layout": "",
    "viewCount": 11,
    "userName": "132*****102",
    "commentCount": 0,
    "starCount": 0,
    "isStared": 0,
    "thumbnailURL": "https://www.makeapie.com/ecg-storage/ec_gallery_thumbnail/xmNW15y0OO.png?v=1602843438634",
    "isCustomThumbnail": 0,
    "builtinTags": [
        "category-work",
        "grid",
        "series-line",
        "title"
    ],
    "customTags": [],
    "updaterUserName": "132*****102"
}