{
    "cid": "xoTvEnhY2L",
    "authorUid": "bd-2382425672",
    "authorUserName": "l***3",
    "title": "大湾生物",
    "description": "公司发展",
    "latestVersion": 3,
    "alwaysLatest": 1,
    "createTime": "2020-10-16T09:03:46.000Z",
    "lastUpdateTime": "2020-10-16T09:03:46.000Z",
    "auth": 2,
    "uid": "bd-2382425672",
    "publishedVersion": 0,
    "forkFrom": "-",
    "isSpam": 0,
    "version": 3,
    "parentVersion": 2,
    "echartsVersion": "4.8.0",
    "versionCreateTime": "2020-10-19T02:08:30.000Z",
    "html": "",
    "externalScripts": "",
    "updaterUID": "bd-2382425672",
    "theme": "",
    "layout": "",
    "viewCount": 114,
    "userName": "l***3",
    "commentCount": 0,
    "starCount": 0,
    "isStared": 0,
    "thumbnailURL": "https://www.makeapie.com/ecg-storage/ec_gallery_thumbnail/xoTvEnhY2L.png?v=1603073310968",
    "isCustomThumbnail": 0,
    "builtinTags": [
        "category-work",
        "geo",
        "legend",
        "series-effectScatter",
        "series-lines",
        "title",
        "tooltip"
    ],
    "customTags": [],
    "updaterUserName": "l***3"
}