{
    "cid": "xS8Px39X8W",
    "authorUid": "obd-oAD1HbaVk-tYIjzXgiXqh-eo0g6cS7m",
    "authorUserName": "173******76",
    "title": "基于时间段的UV环比",
    "description": "数据来源于阿里云天池，用户行为分析数据集",
    "latestVersion": 1,
    "alwaysLatest": 1,
    "createTime": "2020-10-16T07:11:43.000Z",
    "lastUpdateTime": "2020-10-16T07:11:43.000Z",
    "auth": 2,
    "uid": "obd-oAD1HbaVk-tYIjzXgiXqh-eo0g6cS7m",
    "publishedVersion": 0,
    "forkFrom": "-",
    "isSpam": 0,
    "version": 1,
    "parentVersion": -1,
    "echartsVersion": "4.8.0",
    "versionCreateTime": "2020-10-16T07:11:43.000Z",
    "html": "",
    "externalScripts": "",
    "updaterUID": "obd-oAD1HbaVk-tYIjzXgiXqh-eo0g6cS7m",
    "theme": "",
    "layout": "",
    "viewCount": 73,
    "userName": "173******76",
    "commentCount": 0,
    "starCount": 1,
    "isStared": 0,
    "thumbnailURL": "https://www.makeapie.com/ecg-storage/ec_gallery_thumbnail/xS8Px39X8W.png?v=1602832303895",
    "isCustomThumbnail": 0,
    "builtinTags": [
        "category-work",
        "grid",
        "series-bar",
        "title",
        "toolbox",
        "tooltip"
    ],
    "customTags": [],
    "updaterUserName": "173******76"
}