{
    "cid": "xTJyYkJflT",
    "authorUid": "obd-oAD15Tez19emHF-R8Hg9lEk1LgCak7t",
    "authorUserName": "187*****210",
    "title": "双柱状图 数据堆叠 类目轴 时间轴",
    "description": "",
    "latestVersion": 1,
    "alwaysLatest": 1,
    "createTime": "2020-10-16T05:48:44.000Z",
    "lastUpdateTime": "2020-10-16T05:48:44.000Z",
    "auth": 1,
    "uid": "obd-oAD15Tez19emHF-R8Hg9lEk1LgCak7t",
    "publishedVersion": 0,
    "forkFrom": "-",
    "isSpam": 0,
    "version": 1,
    "parentVersion": -1,
    "echartsVersion": "4.8.0",
    "versionCreateTime": "2020-10-16T05:48:44.000Z",
    "html": "",
    "externalScripts": "",
    "updaterUID": "obd-oAD15Tez19emHF-R8Hg9lEk1LgCak7t",
    "theme": "",
    "layout": "",
    "viewCount": 621,
    "userName": "187*****210",
    "commentCount": 0,
    "starCount": 2,
    "isStared": 0,
    "thumbnailURL": "https://www.makeapie.com/ecg-storage/ec_gallery_thumbnail/xTJyYkJflT.png?v=1602827324623",
    "isCustomThumbnail": 0,
    "builtinTags": [
        "category-work",
        "grid",
        "legend",
        "series-bar",
        "title",
        "toolbox",
        "tooltip"
    ],
    "customTags": [],
    "updaterUserName": "187*****210"
}