{
    "cid": "xtwnnkDD7D",
    "authorUid": "bd-2891249456",
    "authorUserName": "曦***儿",
    "title": "简单饼图",
    "description": "简单饼图",
    "latestVersion": 4,
    "alwaysLatest": 1,
    "createTime": "2020-10-15T09:41:15.000Z",
    "lastUpdateTime": "2020-10-15T09:41:15.000Z",
    "auth": 2,
    "uid": "bd-2891249456",
    "publishedVersion": 0,
    "forkFrom": "-",
    "isSpam": 0,
    "version": 4,
    "parentVersion": 3,
    "echartsVersion": "4.8.0",
    "versionCreateTime": "2020-10-15T10:07:33.000Z",
    "html": "",
    "externalScripts": "",
    "updaterUID": "bd-2891249456",
    "theme": "",
    "layout": "",
    "viewCount": 751,
    "userName": "曦***儿",
    "commentCount": 0,
    "starCount": 4,
    "isStared": 0,
    "thumbnailURL": "https://www.makeapie.com/ecg-storage/ec_gallery_thumbnail/xtwnnkDD7D.png?v=1602756453826",
    "isCustomThumbnail": 0,
    "builtinTags": [
        "category-work",
        "legend",
        "series-pie"
    ],
    "customTags": [],
    "updaterUserName": "曦***儿"
}