{
    "cid": "xWSJ6hK20b",
    "authorUid": "obd-otFkG2fGpj16HBljOVKkhLBNLvirR80",
    "authorUserName": "l***4",
    "title": "工作进度",
    "description": "",
    "latestVersion": 1,
    "alwaysLatest": 1,
    "createTime": "2020-10-15T16:37:19.000Z",
    "lastUpdateTime": "2020-10-15T16:37:19.000Z",
    "auth": 2,
    "uid": "obd-otFkG2fGpj16HBljOVKkhLBNLvirR80",
    "publishedVersion": 0,
    "forkFrom": "-",
    "isSpam": 0,
    "version": 1,
    "parentVersion": -1,
    "echartsVersion": "4.8.0",
    "versionCreateTime": "2020-10-15T16:37:19.000Z",
    "html": "",
    "externalScripts": "https://echarts.baidu.com/resource/echarts-liquidfill-latest/dist/echarts-liquidfill.min.js",
    "updaterUID": "obd-otFkG2fGpj16HBljOVKkhLBNLvirR80",
    "theme": "",
    "layout": "",
    "viewCount": 1111,
    "userName": "l***4",
    "commentCount": 0,
    "starCount": 4,
    "isStared": 0,
    "thumbnailURL": "https://www.makeapie.com/ecg-storage/ec_gallery_thumbnail/xWSJ6hK20b.png?v=1602779839734",
    "isCustomThumbnail": 0,
    "builtinTags": [
        "category-work",
        "grid",
        "markLine",
        "series-line",
        "series-liquidFill"
    ],
    "customTags": [],
    "updaterUserName": "l***4"
}