{
    "cid": "x-gLIFyoPN",
    "authorUid": "bd-302219842",
    "authorUserName": "m***m",
    "title": "客单价分布",
    "description": "横向直方图",
    "latestVersion": 1,
    "alwaysLatest": 1,
    "createTime": "2020-03-26T06:45:33.000Z",
    "lastUpdateTime": "2020-03-26T06:45:33.000Z",
    "auth": 2,
    "uid": "bd-302219842",
    "publishedVersion": 0,
    "forkFrom": "-",
    "isSpam": 0,
    "version": 1,
    "parentVersion": -1,
    "echartsVersion": "4.7.0",
    "versionCreateTime": "2020-03-26T06:45:33.000Z",
    "html": "",
    "externalScripts": "",
    "updaterUID": "bd-302219842",
    "theme": "",
    "layout": "",
    "viewCount": 195,
    "userName": "m***m",
    "commentCount": 0,
    "starCount": 0,
    "isStared": 0,
    "thumbnailURL": "https://www.makeapie.com/ecg-storage/ec_gallery_thumbnail/x-gLIFyoPN.png?v=1585205133447",
    "isCustomThumbnail": 0,
    "builtinTags": [
        "category-work",
        "grid",
        "series-bar",
        "title",
        "tooltip"
    ],
    "customTags": [],
    "updaterUserName": "m***m"
}