{
    "cid": "x3rNf7KGws",
    "authorUid": "bd-4197577759",
    "authorUserName": "p***z",
    "title": "Issue Qty % By Root Cause Catalog",
    "description": "饼图图两层叠加将标签显示在圆内，因为内圈变成和背景色一样的颜色，所以标签是一种颜色",
    "latestVersion": 2,
    "alwaysLatest": 1,
    "createTime": "2020-03-25T12:50:33.000Z",
    "lastUpdateTime": "2020-03-25T12:52:33.000Z",
    "auth": 2,
    "uid": "bd-4197577759",
    "publishedVersion": 0,
    "forkFrom": "-",
    "isSpam": 0,
    "version": 2,
    "parentVersion": 1,
    "echartsVersion": "4.7.0",
    "versionCreateTime": "2020-03-25T12:51:27.000Z",
    "html": "",
    "externalScripts": "",
    "updaterUID": "bd-4197577759",
    "theme": "default",
    "layout": "",
    "viewCount": 68,
    "userName": "p***z",
    "commentCount": 0,
    "starCount": 0,
    "isStared": 0,
    "thumbnailURL": "https://www.makeapie.com/ecg-storage/ec_gallery_thumbnail/x3rNf7KGws.png?v=1585140687180",
    "isCustomThumbnail": 0,
    "builtinTags": [
        "category-work",
        "legend",
        "series-pie",
        "title",
        "tooltip"
    ],
    "customTags": [],
    "updaterUserName": "p***z"
}