{
    "cid": "x6PZzo4S27",
    "authorUid": "bd-2383296609",
    "authorUserName": "c***0",
    "title": "tree",
    "description": "",
    "latestVersion": 5,
    "alwaysLatest": 1,
    "createTime": "2020-03-25T05:25:57.000Z",
    "lastUpdateTime": "2020-03-25T05:25:57.000Z",
    "auth": 2,
    "uid": "bd-2383296609",
    "publishedVersion": 0,
    "forkFrom": "-",
    "isSpam": 0,
    "version": 5,
    "parentVersion": 3,
    "echartsVersion": "4.7.0",
    "versionCreateTime": "2020-03-25T05:46:31.000Z",
    "html": "",
    "externalScripts": "",
    "updaterUID": "bd-2383296609",
    "theme": "",
    "layout": "",
    "viewCount": 85,
    "userName": "c***0",
    "commentCount": 0,
    "starCount": 0,
    "isStared": 0,
    "thumbnailURL": "https://www.makeapie.com/ecg-storage/ec_gallery_thumbnail/x6PZzo4S27.png?v=1585115191818",
    "isCustomThumbnail": 0,
    "builtinTags": [
        "category-work",
        "series-tree",
        "tooltip"
    ],
    "customTags": [],
    "updaterUserName": "c***0"
}