{
    "cid": "x_G6CY8-WG",
    "authorUid": "bd-680661138",
    "authorUserName": "n***_",
    "title": "网格状折线图",
    "description": "利用两个x，两个y 实现密密麻麻的网格背景",
    "latestVersion": 3,
    "alwaysLatest": 1,
    "createTime": "2020-03-24T12:48:24.000Z",
    "lastUpdateTime": "2020-03-24T12:48:24.000Z",
    "auth": 2,
    "uid": "bd-680661138",
    "publishedVersion": 0,
    "forkFrom": "-",
    "isSpam": 0,
    "version": 3,
    "parentVersion": 2,
    "echartsVersion": "4.7.0",
    "versionCreateTime": "2020-03-25T07:37:46.000Z",
    "html": "",
    "externalScripts": "",
    "updaterUID": "bd-680661138",
    "theme": "",
    "layout": "",
    "viewCount": 258,
    "userName": "n***_",
    "commentCount": 0,
    "starCount": 2,
    "isStared": 0,
    "thumbnailURL": "https://www.makeapie.com/ecg-storage/ec_gallery_thumbnail/x_G6CY8-WG.png?v=1585121866863",
    "isCustomThumbnail": 0,
    "builtinTags": [
        "category-work",
        "grid",
        "legend",
        "series-line",
        "title",
        "tooltip"
    ],
    "customTags": [],
    "updaterUserName": "n***_"
}