{
    "cid": "xDH9Pfukwc",
    "authorUid": "bd-4163952213",
    "authorUserName": "百度用户#971942916",
    "title": " 点线图",
    "description": "学习",
    "latestVersion": 4,
    "alwaysLatest": 1,
    "createTime": "2020-03-25T08:27:21.000Z",
    "lastUpdateTime": "2020-03-25T08:27:21.000Z",
    "auth": 2,
    "uid": "bd-4163952213",
    "publishedVersion": 0,
    "forkFrom": "-",
    "isSpam": 0,
    "version": 4,
    "parentVersion": 1,
    "echartsVersion": "4.7.0",
    "versionCreateTime": "2020-03-25T09:23:02.000Z",
    "html": "",
    "externalScripts": "",
    "updaterUID": "bd-4163952213",
    "theme": "",
    "layout": "",
    "viewCount": 354,
    "userName": "百度用户#971942916",
    "commentCount": 0,
    "starCount": 2,
    "isStared": 0,
    "thumbnailURL": "https://www.makeapie.com/ecg-storage/ec_gallery_thumbnail/xDH9Pfukwc.png?v=1585128182746",
    "isCustomThumbnail": 0,
    "builtinTags": [
        "category-work",
        "dataZoom",
        "grid",
        "series-graph",
        "title"
    ],
    "customTags": [],
    "updaterUserName": "百度用户#971942916"
}