{
    "cid": "xEHNQ-HWSj",
    "authorUid": "bd-4145772538",
    "authorUserName": "X***s",
    "title": "丘使用",
    "description": "各个题型得分率统计",
    "latestVersion": 3,
    "alwaysLatest": 1,
    "createTime": "2020-03-25T02:34:50.000Z",
    "lastUpdateTime": "2020-03-25T02:34:50.000Z",
    "auth": 2,
    "uid": "bd-4145772538",
    "publishedVersion": 0,
    "forkFrom": "-",
    "isSpam": 0,
    "version": 3,
    "parentVersion": 2,
    "echartsVersion": "4.7.0",
    "versionCreateTime": "2020-03-25T06:57:05.000Z",
    "html": "",
    "externalScripts": "",
    "updaterUID": "bd-4145772538",
    "theme": "",
    "layout": "",
    "viewCount": 122,
    "userName": "X***s",
    "commentCount": 0,
    "starCount": 2,
    "isStared": 0,
    "thumbnailURL": "https://www.makeapie.com/ecg-storage/ec_gallery_thumbnail/xEHNQ-HWSj.png?v=1585119426061",
    "isCustomThumbnail": 0,
    "builtinTags": [
        "category-work",
        "grid",
        "legend",
        "series-bar",
        "tooltip"
    ],
    "customTags": [],
    "updaterUserName": "X***s"
}