{
    "cid": "xhMah-a1km",
    "authorUid": "bd-2867368082",
    "authorUserName": "王***5",
    "title": "深圳市南山区地图结合热力图",
    "description": "",
    "latestVersion": 1,
    "alwaysLatest": 1,
    "createTime": "2020-03-25T08:29:35.000Z",
    "lastUpdateTime": "2020-03-25T08:29:35.000Z",
    "auth": 2,
    "uid": "bd-2867368082",
    "publishedVersion": 0,
    "forkFrom": "-",
    "isSpam": 0,
    "version": 1,
    "parentVersion": -1,
    "echartsVersion": "4.7.0",
    "versionCreateTime": "2020-03-25T08:29:35.000Z",
    "html": "",
    "externalScripts": "",
    "updaterUID": "bd-2867368082",
    "theme": "",
    "layout": "",
    "viewCount": 4289,
    "userName": "王***5",
    "commentCount": 4,
    "starCount": 16,
    "isStared": 0,
    "thumbnailURL": "https://www.makeapie.com/ecg-storage/ec_gallery_thumbnail/xhMah-a1km.png?v=1585124976094",
    "isCustomThumbnail": 0,
    "builtinTags": [
        "category-work",
        "geo",
        "series-heatmap",
        "tooltip",
        "visualMap"
    ],
    "customTags": [],
    "updaterUserName": "王***5"
}