{
    "cid": "xK8xFoA8kK",
    "authorUid": "bd-1904473755",
    "authorUserName": "我***8",
    "title": "耗时",
    "description": "耗时分析",
    "latestVersion": 1,
    "alwaysLatest": 1,
    "createTime": "2020-03-25T10:33:08.000Z",
    "lastUpdateTime": "2020-03-25T10:33:08.000Z",
    "auth": 2,
    "uid": "bd-1904473755",
    "publishedVersion": 0,
    "forkFrom": "-",
    "isSpam": 0,
    "version": 1,
    "parentVersion": -1,
    "echartsVersion": "4.7.0",
    "versionCreateTime": "2020-03-25T10:33:08.000Z",
    "html": "",
    "externalScripts": "",
    "updaterUID": "bd-1904473755",
    "theme": "",
    "layout": "",
    "viewCount": 823,
    "userName": "我***8",
    "commentCount": 0,
    "starCount": 2,
    "isStared": 0,
    "thumbnailURL": "https://www.makeapie.com/ecg-storage/ec_gallery_thumbnail/xK8xFoA8kK.png?v=1585132388714",
    "isCustomThumbnail": 0,
    "builtinTags": [
        "category-work",
        "dataZoom",
        "grid",
        "legend",
        "markLine",
        "markPoint",
        "series-line",
        "title",
        "toolbox",
        "tooltip"
    ],
    "customTags": [],
    "updaterUserName": "我***8"
}