{
    "cid": "xMAvB_16EK",
    "authorUid": "bd-3342206826",
    "authorUserName": "小***琪",
    "title": "仪表盘1",
    "description": "",
    "latestVersion": 2,
    "alwaysLatest": 1,
    "createTime": "2020-03-24T13:51:10.000Z",
    "lastUpdateTime": "2020-08-19T04:35:59.000Z",
    "auth": 2,
    "uid": "bd-3342206826",
    "publishedVersion": 0,
    "forkFrom": "-",
    "isSpam": 0,
    "version": 2,
    "parentVersion": 1,
    "echartsVersion": "4.7.0",
    "versionCreateTime": "2020-03-24T14:10:19.000Z",
    "html": "",
    "externalScripts": "",
    "updaterUID": "bd-3342206826",
    "theme": "default",
    "layout": "",
    "viewCount": 923,
    "userName": "小***琪",
    "commentCount": 0,
    "starCount": 8,
    "isStared": 0,
    "thumbnailURL": "https://www.makeapie.com/ecg-storage/ec_gallery_thumbnail/xMAvB_16EK.png?v=1585059019355",
    "isCustomThumbnail": 0,
    "builtinTags": [
        "category-work",
        "markPoint",
        "series-gauge"
    ],
    "customTags": [],
    "updaterUserName": "小***琪"
}