{
    "cid": "xnqJHtJ6Zx",
    "authorUid": "bd-680661138",
    "authorUserName": "n***_",
    "title": "三个饼图",
    "description": "多个饼图",
    "latestVersion": 1,
    "alwaysLatest": 1,
    "createTime": "2020-03-24T12:53:35.000Z",
    "lastUpdateTime": "2020-03-24T12:53:35.000Z",
    "auth": 2,
    "uid": "bd-680661138",
    "publishedVersion": 0,
    "forkFrom": "-",
    "isSpam": 0,
    "version": 1,
    "parentVersion": -1,
    "echartsVersion": "4.7.0",
    "versionCreateTime": "2020-03-24T12:53:35.000Z",
    "html": "",
    "externalScripts": "",
    "updaterUID": "bd-680661138",
    "theme": "",
    "layout": "",
    "viewCount": 164,
    "userName": "n***_",
    "commentCount": 0,
    "starCount": 0,
    "isStared": 0,
    "thumbnailURL": "https://www.makeapie.com/ecg-storage/ec_gallery_thumbnail/xnqJHtJ6Zx.png?v=1585054415633",
    "isCustomThumbnail": 0,
    "builtinTags": [
        "category-work",
        "series-pie",
        "title"
    ],
    "customTags": [],
    "updaterUserName": "n***_"
}