{
    "cid": "xr05MEyiub",
    "authorUid": "bd-4018496788",
    "authorUserName": "a***座",
    "title": "东莞市",
    "description": "",
    "latestVersion": 11,
    "alwaysLatest": 1,
    "createTime": "2020-03-26T03:37:48.000Z",
    "lastUpdateTime": "2020-03-26T03:37:48.000Z",
    "auth": 2,
    "uid": "bd-4018496788",
    "publishedVersion": 0,
    "forkFrom": "-",
    "isSpam": 0,
    "version": 11,
    "parentVersion": 10,
    "echartsVersion": "4.7.0",
    "versionCreateTime": "2020-03-26T12:46:06.000Z",
    "html": "",
    "externalScripts": "https://echarts.baidu.com/resource/echarts-gl-latest/dist/echarts-gl.min.js,/dep/echarts/latest/extension/bmap.min.js,/dep/echarts/map/js/china.js",
    "updaterUID": "bd-4018496788",
    "theme": "",
    "layout": "",
    "viewCount": 39,
    "userName": "a***座",
    "commentCount": 0,
    "starCount": 0,
    "isStared": 0,
    "thumbnailURL": "https://www.makeapie.com/ecg-storage/ec_gallery_thumbnail/xr05MEyiub.png?v=1585226766108",
    "isCustomThumbnail": 0,
    "builtinTags": [
        "category-work",
        "geo3D",
        "title",
        "tooltip",
        "visualMap"
    ],
    "customTags": [],
    "updaterUserName": "a***座"
}