{
    "cid": "xS2uddA1je",
    "authorUid": "bd-1904473755",
    "authorUserName": "我***8",
    "title": "调用",
    "description": "调用分析",
    "latestVersion": 2,
    "alwaysLatest": 1,
    "createTime": "2020-03-25T09:55:30.000Z",
    "lastUpdateTime": "2020-03-25T10:05:28.000Z",
    "auth": 2,
    "uid": "bd-1904473755",
    "publishedVersion": 0,
    "forkFrom": "-",
    "isSpam": 0,
    "version": 2,
    "parentVersion": 1,
    "echartsVersion": "4.7.0",
    "versionCreateTime": "2020-03-25T10:21:11.000Z",
    "html": "",
    "externalScripts": "",
    "updaterUID": "bd-1904473755",
    "theme": "default",
    "layout": "",
    "viewCount": 779,
    "userName": "我***8",
    "commentCount": 0,
    "starCount": 5,
    "isStared": 0,
    "thumbnailURL": "https://www.makeapie.com/ecg-storage/ec_gallery_thumbnail/xS2uddA1je.png?v=1585131671743",
    "isCustomThumbnail": 0,
    "builtinTags": [
        "category-work",
        "dataZoom",
        "grid",
        "legend",
        "markLine",
        "markPoint",
        "series-line",
        "title",
        "toolbox",
        "tooltip"
    ],
    "customTags": [],
    "updaterUserName": "我***8"
}