{
    "cid": "xsrIeGXMn5",
    "authorUid": "bd-3357729617",
    "authorUserName": "三***漫",
    "title": "付款中某细分占比走势",
    "description": "",
    "latestVersion": 1,
    "alwaysLatest": 1,
    "createTime": "2020-03-26T08:21:52.000Z",
    "lastUpdateTime": "2020-03-26T08:21:52.000Z",
    "auth": 2,
    "uid": "bd-3357729617",
    "publishedVersion": 0,
    "forkFrom": "-",
    "isSpam": 0,
    "version": 1,
    "parentVersion": -1,
    "echartsVersion": "4.7.0",
    "versionCreateTime": "2020-03-26T08:21:52.000Z",
    "html": "",
    "externalScripts": "",
    "updaterUID": "bd-3357729617",
    "theme": "",
    "layout": "",
    "viewCount": 183,
    "userName": "三***漫",
    "commentCount": 0,
    "starCount": 0,
    "isStared": 0,
    "thumbnailURL": "https://www.makeapie.com/ecg-storage/ec_gallery_thumbnail/xsrIeGXMn5.png?v=1585210912261",
    "isCustomThumbnail": 0,
    "builtinTags": [
        "category-work",
        "grid",
        "legend",
        "markPoint",
        "series-bar",
        "series-line",
        "tooltip"
    ],
    "customTags": [],
    "updaterUserName": "三***漫"
}