{
    "cid": "xTbQw1N6F-",
    "authorUid": "bd-4197577759",
    "authorUserName": "p***z",
    "title": "Overall Status Issue Qty",
    "description": "",
    "latestVersion": 1,
    "alwaysLatest": 1,
    "createTime": "2020-03-25T12:33:03.000Z",
    "lastUpdateTime": "2020-03-25T12:33:03.000Z",
    "auth": 2,
    "uid": "bd-4197577759",
    "publishedVersion": 0,
    "forkFrom": "-",
    "isSpam": 0,
    "version": 1,
    "parentVersion": -1,
    "echartsVersion": "4.7.0",
    "versionCreateTime": "2020-03-25T12:33:03.000Z",
    "html": "",
    "externalScripts": "",
    "updaterUID": "bd-4197577759",
    "theme": "",
    "layout": "",
    "viewCount": 62,
    "userName": "p***z",
    "commentCount": 0,
    "starCount": 1,
    "isStared": 0,
    "thumbnailURL": "https://www.makeapie.com/ecg-storage/ec_gallery_thumbnail/xTbQw1N6F-.png?v=1585139583586",
    "isCustomThumbnail": 0,
    "builtinTags": [
        "category-work",
        "grid",
        "legend",
        "series-bar",
        "title",
        "tooltip"
    ],
    "customTags": [],
    "updaterUserName": "p***z"
}