{
    "cid": "xu8Gy8BJI5",
    "authorUid": "bd-2745196405",
    "authorUserName": "寻***2",
    "title": "饼图+柱状图",
    "description": "纯属虚构",
    "latestVersion": 13,
    "alwaysLatest": 1,
    "createTime": "2020-03-25T14:12:08.000Z",
    "lastUpdateTime": "2020-03-25T14:12:08.000Z",
    "auth": 2,
    "uid": "bd-2745196405",
    "publishedVersion": 0,
    "forkFrom": "-",
    "isSpam": 0,
    "version": 13,
    "parentVersion": 11,
    "echartsVersion": "4.7.0",
    "versionCreateTime": "2020-03-25T15:38:03.000Z",
    "html": "",
    "externalScripts": "",
    "updaterUID": "bd-2745196405",
    "theme": "",
    "layout": "",
    "viewCount": 349,
    "userName": "寻***2",
    "commentCount": 0,
    "starCount": 3,
    "isStared": 0,
    "thumbnailURL": "https://www.makeapie.com/ecg-storage/ec_gallery_thumbnail/xu8Gy8BJI5.png?v=1585150683415",
    "isCustomThumbnail": 0,
    "builtinTags": [
        "category-work",
        "grid",
        "legend",
        "series-bar",
        "series-pie",
        "title",
        "tooltip"
    ],
    "customTags": [],
    "updaterUserName": "寻***2"
}