{
    "cid": "xuro5iGK2I",
    "authorUid": "bd-174567515",
    "authorUserName": "D***e",
    "title": "仪表盘",
    "description": "",
    "latestVersion": 2,
    "alwaysLatest": 1,
    "createTime": "2020-03-25T12:03:11.000Z",
    "lastUpdateTime": "2020-03-25T12:03:11.000Z",
    "auth": 2,
    "uid": "bd-174567515",
    "publishedVersion": 0,
    "forkFrom": "-",
    "isSpam": 0,
    "version": 2,
    "parentVersion": 1,
    "echartsVersion": "4.7.0",
    "versionCreateTime": "2020-03-25T12:05:41.000Z",
    "html": "",
    "externalScripts": "",
    "updaterUID": "bd-174567515",
    "theme": "",
    "layout": "",
    "viewCount": 267,
    "userName": "D***e",
    "commentCount": 0,
    "starCount": 1,
    "isStared": 0,
    "thumbnailURL": "https://www.makeapie.com/ecg-storage/ec_gallery_thumbnail/xuro5iGK2I.png?v=1585137941171",
    "isCustomThumbnail": 0,
    "builtinTags": [
        "category-work",
        "series-gauge"
    ],
    "customTags": [],
    "updaterUserName": "D***e"
}