{
    "cid": "xBJIkjDZ87",
    "authorUid": "bd-1610928316",
    "authorUserName": "zhjb7",
    "title": "对数轴横坐标标签值定制",
    "description": "",
    "latestVersion": 3,
    "alwaysLatest": 1,
    "createTime": "2018-08-15T08:57:01.000Z",
    "lastUpdateTime": "2018-08-15T08:57:01.000Z",
    "auth": 1,
    "uid": "bd-1610928316",
    "publishedVersion": 0,
    "forkFrom": "-",
    "isSpam": 0,
    "version": 3,
    "parentVersion": 2,
    "echartsVersion": "4.2.0",
    "versionCreateTime": "2019-01-15T09:05:35.000Z",
    "html": "",
    "externalScripts": "",
    "updaterUID": "bd-3206171235",
    "theme": "",
    "layout": "",
    "viewCount": 202,
    "userName": "zhjb7",
    "commentCount": 0,
    "starCount": 2,
    "isStared": 0,
    "thumbnailURL": "https://www.makeapie.com/ecg-storage/ec_gallery_thumbnail/xBJIkjDZ87.png?v=1547543135541",
    "isCustomThumbnail": 0,
    "builtinTags": [
        "category-work",
        "grid",
        "markLine",
        "series-line",
        "title",
        "tooltip"
    ],
    "customTags": [],
    "updaterUserName": "ljy303758256"
}