{
    "cid": "xBk1WQPAH7",
    "authorUid": "bd-2601561841",
    "authorUserName": "大蛇丸未死",
    "title": "多维度-表格",
    "description": "",
    "latestVersion": 1,
    "alwaysLatest": 1,
    "createTime": "2018-08-13T01:46:31.000Z",
    "lastUpdateTime": "2018-08-13T01:46:31.000Z",
    "auth": 2,
    "uid": "bd-2601561841",
    "publishedVersion": 0,
    "forkFrom": "-",
    "isSpam": 0,
    "version": 1,
    "parentVersion": -1,
    "echartsVersion": "4.1.0",
    "versionCreateTime": "2018-08-13T01:46:31.000Z",
    "html": "",
    "externalScripts": "",
    "updaterUID": "bd-2601561841",
    "theme": "",
    "layout": "",
    "viewCount": 2710,
    "userName": "大蛇丸未死",
    "commentCount": 0,
    "starCount": 10,
    "isStared": 0,
    "thumbnailURL": "https://www.makeapie.com/ecg-storage/ec_gallery_thumbnail/xBk1WQPAH7.png?v=1534124791458",
    "isCustomThumbnail": 0,
    "builtinTags": [
        "category-work",
        "graphic",
        "grid",
        "series-bar",
        "title"
    ],
    "customTags": [],
    "updaterUserName": "大蛇丸未死"
}