{
    "cid": "xH1bhxz2H7",
    "authorUid": "bd-303424661",
    "authorUserName": "请叫我MrX",
    "title": "镇江市公交线路网",
    "description": "镇江市公交线路网",
    "latestVersion": 1,
    "alwaysLatest": 1,
    "createTime": "2018-08-11T07:30:48.000Z",
    "lastUpdateTime": "2018-08-11T07:30:48.000Z",
    "auth": 2,
    "uid": "bd-303424661",
    "publishedVersion": 0,
    "forkFrom": "-",
    "isSpam": 0,
    "version": 1,
    "parentVersion": -1,
    "echartsVersion": "4.1.0",
    "versionCreateTime": "2018-08-11T07:30:48.000Z",
    "html": "",
    "externalScripts": "http://api.map.baidu.com/api?v=2.0&ak=hYCENCEx1nXO0Nt46ldexfG9oI49xBGh,http://echarts.baidu.com/resource/echarts-gl-latest/dist/echarts-gl.min.js,/dep/echarts/latest/extension/bmap.min.js",
    "updaterUID": "bd-303424661",
    "theme": "",
    "layout": "",
    "viewCount": 287,
    "userName": "请叫我MrX",
    "commentCount": 0,
    "starCount": 2,
    "isStared": 0,
    "thumbnailURL": "https://www.makeapie.com/ecg-storage/ec_gallery_thumbnail/xH1bhxz2H7.png?v=1533972650004",
    "isCustomThumbnail": 1,
    "builtinTags": [
        "category-work"
    ],
    "customTags": [],
    "updaterUserName": "请叫我MrX"
}