{
    "cid": "xH1Vpz2CHm",
    "authorUid": "bd-3778831175",
    "authorUserName": "m***i",
    "title": "陆家嘴 区域道路和房屋可视化",
    "description": "陆家嘴 区域道路和房屋可视化",
    "latestVersion": 4,
    "alwaysLatest": 1,
    "createTime": "2018-08-13T07:26:51.000Z",
    "lastUpdateTime": "2018-08-13T07:26:51.000Z",
    "auth": 2,
    "uid": "bd-3778831175",
    "publishedVersion": 0,
    "forkFrom": "-",
    "isSpam": 0,
    "version": 4,
    "parentVersion": 3,
    "echartsVersion": "4.2.0",
    "versionCreateTime": "2019-01-09T11:23:32.000Z",
    "html": "",
    "externalScripts": "https://deyihu.github.io/src/lib/echarts-gl.1.1.3.js?tdsourcetag=s_pctim_aiomsg,https://cdn.jsdelivr.net/npm/maptalks@0.40.1/dist/maptalks.min.js,https://cdn.bootcss.com/Turf.js/5.1.6/turf.min.js",
    "updaterUID": "bd-3778831175",
    "theme": "",
    "layout": "",
    "viewCount": 836,
    "userName": "m***i",
    "commentCount": 1,
    "starCount": 2,
    "isStared": 0,
    "thumbnailURL": "https://www.makeapie.com/ecg-storage/ec_gallery_thumbnail/xH1Vpz2CHm.png?v=1534145213041",
    "isCustomThumbnail": 1,
    "builtinTags": [
        "category-work",
        "maptalks3D",
        "series-lines3D",
        "series-polygons3D",
        "title"
    ],
    "customTags": [],
    "updaterUserName": "m***i"
}