{
    "cid": "xHJnOEkx87",
    "authorUid": "bd-844247823",
    "authorUserName": "代号漏子",
    "title": "郑州市周边县区2018年1月SO2较去年同期变化率",
    "description": "",
    "latestVersion": 4,
    "alwaysLatest": 1,
    "createTime": "2018-08-14T05:11:16.000Z",
    "lastUpdateTime": "2018-08-14T05:11:16.000Z",
    "auth": 2,
    "uid": "bd-844247823",
    "publishedVersion": 0,
    "forkFrom": "-",
    "isSpam": 0,
    "version": 4,
    "parentVersion": 3,
    "echartsVersion": "4.2.0",
    "versionCreateTime": "2018-10-02T08:45:16.000Z",
    "html": "",
    "externalScripts": "",
    "updaterUID": "bd-844247823",
    "theme": "",
    "layout": "",
    "viewCount": 537,
    "userName": "代号漏子",
    "commentCount": 0,
    "starCount": 0,
    "isStared": 0,
    "thumbnailURL": "https://www.makeapie.com/ecg-storage/ec_gallery_thumbnail/xHJnOEkx87.png?v=1538469916989",
    "isCustomThumbnail": 0,
    "builtinTags": [
        "category-work",
        "series-map",
        "title",
        "toolbox",
        "tooltip",
        "visualMap"
    ],
    "customTags": [],
    "updaterUserName": "代号漏子"
}