{
    "cid": "xHkQKFOASm",
    "authorUid": "bd-1847296511",
    "authorUserName": "拽***人",
    "title": "多个环形饼图",
    "description": "多个环形饼图叠加且带间距",
    "latestVersion": 1,
    "alwaysLatest": 1,
    "createTime": "2018-08-13T03:22:35.000Z",
    "lastUpdateTime": "2018-08-13T03:22:35.000Z",
    "auth": 2,
    "uid": "bd-1847296511",
    "publishedVersion": 0,
    "forkFrom": "-",
    "isSpam": 0,
    "version": 1,
    "parentVersion": -1,
    "echartsVersion": "4.1.0",
    "versionCreateTime": "2018-08-13T03:22:35.000Z",
    "html": "",
    "externalScripts": "",
    "updaterUID": "bd-1847296511",
    "theme": "",
    "layout": "",
    "viewCount": 351,
    "userName": "拽***人",
    "commentCount": 0,
    "starCount": 2,
    "isStared": 0,
    "thumbnailURL": "https://www.makeapie.com/ecg-storage/ec_gallery_thumbnail/xHkQKFOASm.png?v=1534130555257",
    "isCustomThumbnail": 0,
    "builtinTags": [
        "category-work",
        "series-pie",
        "title",
        "tooltip"
    ],
    "customTags": [],
    "updaterUserName": "拽***人"
}