{
    "cid": "xHyEckZeLQ",
    "authorUid": "bd-844247823",
    "authorUserName": "代号漏子",
    "title": "2018年一月份AQI",
    "description": "",
    "latestVersion": 1,
    "alwaysLatest": 1,
    "createTime": "2018-08-14T07:06:52.000Z",
    "lastUpdateTime": "2018-08-14T07:06:52.000Z",
    "auth": 2,
    "uid": "bd-844247823",
    "publishedVersion": 0,
    "forkFrom": "-",
    "isSpam": 0,
    "version": 1,
    "parentVersion": -1,
    "echartsVersion": "4.1.0",
    "versionCreateTime": "2018-08-14T07:06:52.000Z",
    "html": "",
    "externalScripts": "",
    "updaterUID": "bd-844247823",
    "theme": "",
    "layout": "",
    "viewCount": 1034,
    "userName": "代号漏子",
    "commentCount": 0,
    "starCount": 1,
    "isStared": 0,
    "thumbnailURL": "https://www.makeapie.com/ecg-storage/ec_gallery_thumbnail/xHyEckZeLQ.png?v=1534230412597",
    "isCustomThumbnail": 0,
    "builtinTags": [
        "calendar",
        "category-work",
        "series-heatmap",
        "title",
        "tooltip",
        "visualMap"
    ],
    "customTags": [],
    "updaterUserName": "代号漏子"
}