{
    "cid": "xrkzgmAkLm",
    "authorUid": "bd-3005307301",
    "authorUserName": "李***1",
    "title": "1961-2016 production",
    "description": "",
    "latestVersion": 4,
    "alwaysLatest": 1,
    "createTime": "2018-08-14T03:56:25.000Z",
    "lastUpdateTime": "2018-08-14T03:56:25.000Z",
    "auth": 2,
    "uid": "bd-3005307301",
    "publishedVersion": 0,
    "forkFrom": "-",
    "isSpam": 0,
    "version": 4,
    "parentVersion": 2,
    "echartsVersion": "4.1.0",
    "versionCreateTime": "2018-08-14T08:00:30.000Z",
    "html": "",
    "externalScripts": "",
    "updaterUID": "bd-3005307301",
    "theme": "",
    "layout": "",
    "viewCount": 354,
    "userName": "李***1",
    "commentCount": 0,
    "starCount": 2,
    "isStared": 0,
    "thumbnailURL": "https://www.makeapie.com/ecg-storage/ec_gallery_thumbnail/xrkzgmAkLm.png?v=1534233630166",
    "isCustomThumbnail": 0,
    "builtinTags": [
        "category-work",
        "grid",
        "series-bar",
        "timeline",
        "title",
        "tooltip"
    ],
    "customTags": [],
    "updaterUserName": "李***1"
}