{
    "cid": "xS15dRexIm",
    "authorUid": "bd-1110193739",
    "authorUserName": "f***g",
    "title": "饼图效果",
    "description": "圆环最大75%",
    "latestVersion": 1,
    "alwaysLatest": 1,
    "createTime": "2018-08-14T07:02:09.000Z",
    "lastUpdateTime": "2018-08-14T07:02:09.000Z",
    "auth": 2,
    "uid": "bd-1110193739",
    "publishedVersion": 0,
    "forkFrom": "-",
    "isSpam": 0,
    "version": 1,
    "parentVersion": -1,
    "echartsVersion": "4.1.0",
    "versionCreateTime": "2018-08-14T07:02:09.000Z",
    "html": "",
    "externalScripts": "",
    "updaterUID": "bd-1110193739",
    "theme": "dark",
    "layout": "",
    "viewCount": 253,
    "userName": "f***g",
    "commentCount": 0,
    "starCount": 1,
    "isStared": 0,
    "thumbnailURL": "https://www.makeapie.com/ecg-storage/ec_gallery_thumbnail/xS15dRexIm.png?v=1534230129666",
    "isCustomThumbnail": 0,
    "builtinTags": [
        "category-work",
        "legend",
        "series-pie"
    ],
    "customTags": [
        "pie"
    ],
    "updaterUserName": "f***g"
}