{
    "cid": "xS1rqEvRBQ",
    "authorUid": "bd-2601561841",
    "authorUserName": "大蛇丸未死",
    "title": "富文本",
    "description": "",
    "latestVersion": 1,
    "alwaysLatest": 1,
    "createTime": "2018-08-13T01:53:17.000Z",
    "lastUpdateTime": "2018-08-13T01:53:17.000Z",
    "auth": 2,
    "uid": "bd-2601561841",
    "publishedVersion": 0,
    "forkFrom": "-",
    "isSpam": 0,
    "version": 1,
    "parentVersion": -1,
    "echartsVersion": "4.1.0",
    "versionCreateTime": "2018-08-13T01:53:17.000Z",
    "html": "",
    "externalScripts": "",
    "updaterUID": "bd-2601561841",
    "theme": "",
    "layout": "",
    "viewCount": 77,
    "userName": "大蛇丸未死",
    "commentCount": 0,
    "starCount": 0,
    "isStared": 0,
    "thumbnailURL": "https://www.makeapie.com/ecg-storage/ec_gallery_thumbnail/xS1rqEvRBQ.png?v=1534125197472",
    "isCustomThumbnail": 0,
    "builtinTags": [
        "category-work",
        "grid",
        "series-scatter"
    ],
    "customTags": [],
    "updaterUserName": "大蛇丸未死"
}