{
    "cid": "xSJ2xEze8Q",
    "authorUid": "bd-1109993339",
    "authorUserName": "淡***p",
    "title": "立体圆柱图",
    "description": "",
    "latestVersion": 2,
    "alwaysLatest": 1,
    "createTime": "2018-08-14T08:33:56.000Z",
    "lastUpdateTime": "2018-08-14T08:33:56.000Z",
    "auth": 2,
    "uid": "bd-1109993339",
    "publishedVersion": 0,
    "forkFrom": "-",
    "isSpam": 0,
    "version": 2,
    "parentVersion": 1,
    "echartsVersion": "4.1.0",
    "versionCreateTime": "2018-08-14T08:35:48.000Z",
    "html": "",
    "externalScripts": "",
    "updaterUID": "bd-1109993339",
    "theme": "",
    "layout": "",
    "viewCount": 2297,
    "userName": "淡***p",
    "commentCount": 1,
    "starCount": 9,
    "isStared": 0,
    "thumbnailURL": "https://www.makeapie.com/ecg-storage/ec_gallery_thumbnail/xSJ2xEze8Q.png?v=1534235748600",
    "isCustomThumbnail": 0,
    "builtinTags": [
        "category-work",
        "grid",
        "series-bar",
        "series-pictorialBar",
        "title"
    ],
    "customTags": [],
    "updaterUserName": "淡***p"
}