{
    "cid": "xB1J_jNvHQ",
    "authorUid": "bd-957549955",
    "authorUserName": "huodu6",
    "title": "《间客》人物关系图",
    "description": "《间客》人物关系图",
    "latestVersion": 3,
    "alwaysLatest": 1,
    "createTime": "2018-08-07T15:31:51.000Z",
    "lastUpdateTime": "2018-08-07T15:31:51.000Z",
    "auth": 2,
    "uid": "bd-957549955",
    "publishedVersion": 0,
    "forkFrom": "-",
    "isSpam": 0,
    "version": 3,
    "parentVersion": 2,
    "echartsVersion": "4.1.0",
    "versionCreateTime": "2018-08-07T23:14:58.000Z",
    "html": "",
    "externalScripts": "",
    "updaterUID": "bd-957549955",
    "theme": "",
    "layout": "",
    "viewCount": 15451,
    "userName": "huodu6",
    "commentCount": 1,
    "starCount": 38,
    "isStared": 0,
    "thumbnailURL": "https://www.makeapie.com/ecg-storage/ec_gallery_thumbnail/xB1J_jNvHQ.png?v=1533683698548",
    "isCustomThumbnail": 0,
    "builtinTags": [
        "category-work",
        "legend",
        "series-graph",
        "tooltip"
    ],
    "customTags": [],
    "updaterUserName": "huodu6"
}