{
    "cid": "xB1pc2i5BQ",
    "authorUid": "bd-3442308267",
    "authorUserName": "heartKrise",
    "title": "各省访客分析",
    "description": "",
    "latestVersion": 2,
    "alwaysLatest": 1,
    "createTime": "2018-08-10T06:11:33.000Z",
    "lastUpdateTime": "2018-08-10T06:11:33.000Z",
    "auth": 2,
    "uid": "bd-3442308267",
    "publishedVersion": 0,
    "forkFrom": "-",
    "isSpam": 0,
    "version": 2,
    "parentVersion": 1,
    "echartsVersion": "4.1.0",
    "versionCreateTime": "2018-08-10T06:29:50.000Z",
    "html": "",
    "externalScripts": "/dep/echarts/map/js/china.js",
    "updaterUID": "bd-3442308267",
    "theme": "",
    "layout": "",
    "viewCount": 6191,
    "userName": "heartKrise",
    "commentCount": 0,
    "starCount": 10,
    "isStared": 0,
    "thumbnailURL": "https://www.makeapie.com/ecg-storage/ec_gallery_thumbnail/xB1pc2i5BQ.png?v=1533882590577",
    "isCustomThumbnail": 0,
    "builtinTags": [
        "category-work",
        "geo",
        "series-effectScatter",
        "series-map",
        "series-scatter",
        "title",
        "tooltip",
        "visualMap"
    ],
    "customTags": [],
    "updaterUserName": "heartKrise"
}