{
    "cid": "xBJiBxt5rm",
    "authorUid": "bd-816325707",
    "authorUserName": "zay0801",
    "title": "茂名市旅游景点迁徙图",
    "description": "",
    "latestVersion": 1,
    "alwaysLatest": 1,
    "createTime": "2018-08-10T03:02:27.000Z",
    "lastUpdateTime": "2018-08-10T03:02:27.000Z",
    "auth": 2,
    "uid": "bd-816325707",
    "publishedVersion": 0,
    "forkFrom": "-",
    "isSpam": 0,
    "version": 1,
    "parentVersion": -1,
    "echartsVersion": "4.1.0",
    "versionCreateTime": "2018-08-10T03:02:27.000Z",
    "html": "",
    "externalScripts": "",
    "updaterUID": "bd-816325707",
    "theme": "",
    "layout": "",
    "viewCount": 754,
    "userName": "zay0801",
    "commentCount": 0,
    "starCount": 0,
    "isStared": 0,
    "thumbnailURL": "https://www.makeapie.com/ecg-storage/ec_gallery_thumbnail/xBJiBxt5rm.png?v=1533870147467",
    "isCustomThumbnail": 0,
    "builtinTags": [
        "category-work",
        "geo",
        "legend",
        "series-effectScatter",
        "series-lines",
        "title"
    ],
    "customTags": [],
    "updaterUserName": "zay0801"
}