{
    "cid": "xBJkhX0UHm",
    "authorUid": "bd-2802308448",
    "authorUserName": "m***5",
    "title": "PUE 能源效率的指标",
    "description": "能源效率的指标",
    "latestVersion": 10,
    "alwaysLatest": 1,
    "createTime": "2018-08-07T08:09:11.000Z",
    "lastUpdateTime": "2018-08-07T08:09:11.000Z",
    "auth": 2,
    "uid": "bd-2802308448",
    "publishedVersion": 0,
    "forkFrom": "-",
    "isSpam": 0,
    "version": 10,
    "parentVersion": 7,
    "echartsVersion": "4.2.1",
    "versionCreateTime": "2019-02-14T07:52:55.000Z",
    "html": "",
    "externalScripts": "",
    "updaterUID": "bd-2802308448",
    "theme": "",
    "layout": "",
    "viewCount": 2557,
    "userName": "m***5",
    "commentCount": 1,
    "starCount": 12,
    "isStared": 0,
    "thumbnailURL": "https://www.makeapie.com/ecg-storage/ec_gallery_thumbnail/xBJkhX0UHm.png?v=1550130776098",
    "isCustomThumbnail": 0,
    "builtinTags": [
        "category-work",
        "series-gauge",
        "series-pie",
        "title"
    ],
    "customTags": [],
    "updaterUserName": "m***5"
}