{
    "cid": "xBkLg8mFBQ",
    "authorUid": "bd-472405119",
    "authorUserName": "z***雨",
    "title": "房间平面图",
    "description": "房间平面图",
    "latestVersion": 1,
    "alwaysLatest": 1,
    "createTime": "2018-08-09T02:24:46.000Z",
    "lastUpdateTime": "2018-08-09T02:24:46.000Z",
    "auth": 2,
    "uid": "bd-472405119",
    "publishedVersion": 0,
    "forkFrom": "-",
    "isSpam": 0,
    "version": 1,
    "parentVersion": -1,
    "echartsVersion": "4.1.0",
    "versionCreateTime": "2018-08-09T02:24:46.000Z",
    "html": "",
    "externalScripts": "",
    "updaterUID": "bd-472405119",
    "theme": "",
    "layout": "",
    "viewCount": 1308,
    "userName": "z***雨",
    "commentCount": 0,
    "starCount": 3,
    "isStared": 0,
    "thumbnailURL": "https://www.makeapie.com/ecg-storage/ec_gallery_thumbnail/xBkLg8mFBQ.png?v=1533781486527",
    "isCustomThumbnail": 0,
    "builtinTags": [
        "category-work",
        "series-treemap",
        "title",
        "tooltip"
    ],
    "customTags": [],
    "updaterUserName": "z***雨"
}