{
    "cid": "xH1gli6cBQ",
    "authorUid": "bd-3005307301",
    "authorUserName": "李***1",
    "title": "雷达图",
    "description": "",
    "latestVersion": 8,
    "alwaysLatest": 1,
    "createTime": "2018-08-10T08:20:56.000Z",
    "lastUpdateTime": "2018-08-10T08:20:56.000Z",
    "auth": 2,
    "uid": "bd-3005307301",
    "publishedVersion": 0,
    "forkFrom": "-",
    "isSpam": 0,
    "version": 8,
    "parentVersion": 7,
    "echartsVersion": "4.1.0",
    "versionCreateTime": "2018-08-13T11:56:16.000Z",
    "html": "",
    "externalScripts": "",
    "updaterUID": "bd-3005307301",
    "theme": "",
    "layout": "",
    "viewCount": 1005,
    "userName": "李***1",
    "commentCount": 0,
    "starCount": 4,
    "isStared": 0,
    "thumbnailURL": "https://www.makeapie.com/ecg-storage/ec_gallery_thumbnail/xH1gli6cBQ.png?v=1534161376246",
    "isCustomThumbnail": 0,
    "builtinTags": [
        "category-work",
        "legend",
        "radar",
        "series-radar",
        "timeline",
        "title",
        "tooltip"
    ],
    "customTags": [],
    "updaterUserName": "李***1"
}