{
    "cid": "xHktrPg0NX",
    "authorUid": "bd-4150708444",
    "authorUserName": "不羁追梦人",
    "title": "今日风险数据统计",
    "description": "",
    "latestVersion": 1,
    "alwaysLatest": 1,
    "createTime": "2018-07-31T14:50:40.000Z",
    "lastUpdateTime": "2018-07-31T14:50:40.000Z",
    "auth": 2,
    "uid": "bd-4150708444",
    "publishedVersion": 0,
    "forkFrom": "-",
    "isSpam": 0,
    "version": 1,
    "parentVersion": -1,
    "echartsVersion": "4.1.0",
    "versionCreateTime": "2018-07-31T14:50:40.000Z",
    "html": "",
    "externalScripts": "",
    "updaterUID": "bd-4150708444",
    "theme": "",
    "layout": "",
    "viewCount": 61,
    "userName": "不羁追梦人",
    "commentCount": 0,
    "starCount": 0,
    "isStared": 0,
    "thumbnailURL": "https://www.makeapie.com/ecg-storage/ec_gallery_thumbnail/xHktrPg0NX.png?v=1533048640672",
    "isCustomThumbnail": 0,
    "builtinTags": [
        "category-work",
        "legend",
        "series-pie",
        "title",
        "tooltip"
    ],
    "customTags": [],
    "updaterUserName": "不羁追梦人"
}