{
    "cid": "xHyh6WuYB7",
    "authorUid": "bd-2504319651",
    "authorUserName": "QQ地0",
    "title": "南丁格尔玫瑰图--PieHalfRose",
    "description": "",
    "latestVersion": 4,
    "alwaysLatest": 1,
    "createTime": "2018-08-09T07:48:19.000Z",
    "lastUpdateTime": "2018-08-09T07:48:19.000Z",
    "auth": 2,
    "uid": "bd-2504319651",
    "publishedVersion": 0,
    "forkFrom": "-",
    "isSpam": 0,
    "version": 4,
    "parentVersion": 3,
    "echartsVersion": "4.1.0",
    "versionCreateTime": "2018-08-09T08:04:32.000Z",
    "html": "",
    "externalScripts": "",
    "updaterUID": "bd-2504319651",
    "theme": "",
    "layout": "",
    "viewCount": 455,
    "userName": "QQ地0",
    "commentCount": 0,
    "starCount": 5,
    "isStared": 0,
    "thumbnailURL": "https://www.makeapie.com/ecg-storage/ec_gallery_thumbnail/xHyh6WuYB7.png?v=1533801872101",
    "isCustomThumbnail": 0,
    "builtinTags": [
        "category-work",
        "legend",
        "series-pie",
        "title",
        "toolbox"
    ],
    "customTags": [],
    "updaterUserName": "QQ地0"
}