{
    "cid": "xr1I69dKrQ",
    "authorUid": "bd-3155085153",
    "authorUserName": "战将莫邪",
    "title": "辅助线。",
    "description": "",
    "latestVersion": 1,
    "alwaysLatest": 1,
    "createTime": "2018-08-09T08:26:37.000Z",
    "lastUpdateTime": "2018-08-09T08:26:37.000Z",
    "auth": 2,
    "uid": "bd-3155085153",
    "publishedVersion": 0,
    "forkFrom": "-",
    "isSpam": 0,
    "version": 1,
    "parentVersion": -1,
    "echartsVersion": "4.1.0",
    "versionCreateTime": "2018-08-09T08:26:37.000Z",
    "html": "",
    "externalScripts": "",
    "updaterUID": "bd-3155085153",
    "theme": "",
    "layout": "",
    "viewCount": 124,
    "userName": "战将莫邪",
    "commentCount": 0,
    "starCount": 1,
    "isStared": 0,
    "thumbnailURL": "https://www.makeapie.com/ecg-storage/ec_gallery_thumbnail/xr1I69dKrQ.png?v=1533803198013",
    "isCustomThumbnail": 0,
    "builtinTags": [
        "category-work",
        "dataZoom",
        "grid",
        "legend",
        "markLine",
        "series-bar",
        "title",
        "toolbox",
        "tooltip"
    ],
    "customTags": [],
    "updaterUserName": "战将莫邪"
}