{
    "cid": "xr1OW9XFHm",
    "authorUid": "bd-2504319651",
    "authorUserName": "QQ地0",
    "title": "已卖车辆总数",
    "description": "开票：200万",
    "latestVersion": 1,
    "alwaysLatest": 1,
    "createTime": "2018-08-09T02:42:07.000Z",
    "lastUpdateTime": "2018-08-09T02:42:07.000Z",
    "auth": 2,
    "uid": "bd-2504319651",
    "publishedVersion": 0,
    "forkFrom": "-",
    "isSpam": 0,
    "version": 1,
    "parentVersion": -1,
    "echartsVersion": "4.1.0",
    "versionCreateTime": "2018-08-09T02:42:07.000Z",
    "html": "",
    "externalScripts": "",
    "updaterUID": "bd-2504319651",
    "theme": "",
    "layout": "",
    "viewCount": 971,
    "userName": "QQ地0",
    "commentCount": 0,
    "starCount": 5,
    "isStared": 0,
    "thumbnailURL": "https://www.makeapie.com/ecg-storage/ec_gallery_thumbnail/xr1OW9XFHm.png?v=1533782528064",
    "isCustomThumbnail": 0,
    "builtinTags": [
        "category-work",
        "series-graph",
        "series-pie",
        "title",
        "visualMap"
    ],
    "customTags": [],
    "updaterUserName": "QQ地0"
}