{
    "cid": "xryrYLNtSQ",
    "authorUid": "bd-1143659820",
    "authorUserName": "钟摆人sway",
    "title": "双向bar",
    "description": "",
    "latestVersion": 3,
    "alwaysLatest": 1,
    "createTime": "2018-08-09T03:35:25.000Z",
    "lastUpdateTime": "2018-08-10T06:34:36.000Z",
    "auth": 2,
    "uid": "bd-1143659820",
    "publishedVersion": 0,
    "forkFrom": "-",
    "isSpam": 0,
    "version": 3,
    "parentVersion": 2,
    "echartsVersion": "4.1.0",
    "versionCreateTime": "2018-08-10T06:29:25.000Z",
    "html": "",
    "externalScripts": "",
    "updaterUID": "bd-1143659820",
    "theme": "infographic",
    "layout": "",
    "viewCount": 1420,
    "userName": "钟摆人sway",
    "commentCount": 0,
    "starCount": 5,
    "isStared": 0,
    "thumbnailURL": "https://www.makeapie.com/ecg-storage/ec_gallery_thumbnail/xryrYLNtSQ.png?v=1533882565614",
    "isCustomThumbnail": 0,
    "builtinTags": [],
    "customTags": [],
    "updaterUserName": "钟摆人sway"
}