{
    "cid": "xS1KPJVYrQ",
    "authorUid": "bd-2504319651",
    "authorUserName": "QQ地0",
    "title": "Punch Card of Github",
    "description": "",
    "latestVersion": 11,
    "alwaysLatest": 1,
    "createTime": "2018-08-09T03:05:05.000Z",
    "lastUpdateTime": "2018-08-09T03:05:05.000Z",
    "auth": 2,
    "uid": "bd-2504319651",
    "publishedVersion": 0,
    "forkFrom": "-",
    "isSpam": 0,
    "version": 11,
    "parentVersion": 10,
    "echartsVersion": "4.1.0",
    "versionCreateTime": "2018-09-03T10:05:18.000Z",
    "html": "",
    "externalScripts": "",
    "updaterUID": "bd-2504319651",
    "theme": "",
    "layout": "",
    "viewCount": 112,
    "userName": "QQ地0",
    "commentCount": 0,
    "starCount": 0,
    "isStared": 0,
    "thumbnailURL": "https://www.makeapie.com/ecg-storage/ec_gallery_thumbnail/xS1KPJVYrQ.png?v=1535969118211",
    "isCustomThumbnail": 0,
    "builtinTags": [
        "category-work",
        "grid",
        "legend",
        "series-scatter",
        "title"
    ],
    "customTags": [],
    "updaterUserName": "QQ地0"
}