{
    "cid": "xSJbPheGBQ",
    "authorUid": "bd-3902108879",
    "authorUserName": "笑***天",
    "title": "四象限",
    "description": "",
    "latestVersion": 1,
    "alwaysLatest": 1,
    "createTime": "2018-08-03T16:01:28.000Z",
    "lastUpdateTime": "2018-08-03T16:01:28.000Z",
    "auth": 1,
    "uid": "bd-3902108879",
    "publishedVersion": 0,
    "forkFrom": "-",
    "isSpam": 0,
    "version": 1,
    "parentVersion": -1,
    "echartsVersion": "4.1.0",
    "versionCreateTime": "2018-08-03T16:01:28.000Z",
    "html": "",
    "externalScripts": "",
    "updaterUID": "bd-3902108879",
    "theme": "",
    "layout": "",
    "viewCount": 444,
    "userName": "笑***天",
    "commentCount": 0,
    "starCount": 4,
    "isStared": 0,
    "thumbnailURL": "https://www.makeapie.com/ecg-storage/ec_gallery_thumbnail/xSJbPheGBQ.png?v=1533312088744",
    "isCustomThumbnail": 0,
    "builtinTags": [
        "category-work",
        "grid",
        "markLine",
        "series-scatter",
        "title"
    ],
    "customTags": [],
    "updaterUserName": "笑***天"
}