{
    "cid": "xSk2S535SQ",
    "authorUid": "bd-3106357165",
    "authorUserName": "临冬阿多",
    "title": "时间轴数据",
    "description": "",
    "latestVersion": 6,
    "alwaysLatest": 1,
    "createTime": "2018-08-10T07:09:55.000Z",
    "lastUpdateTime": "2018-08-10T07:09:55.000Z",
    "auth": 2,
    "uid": "bd-3106357165",
    "publishedVersion": 0,
    "forkFrom": "-",
    "isSpam": 0,
    "version": 6,
    "parentVersion": 5,
    "echartsVersion": "4.1.0",
    "versionCreateTime": "2018-08-13T06:30:36.000Z",
    "html": "",
    "externalScripts": "",
    "updaterUID": "bd-3106357165",
    "theme": "dark",
    "layout": "",
    "viewCount": 48,
    "userName": "临冬阿多",
    "commentCount": 0,
    "starCount": 0,
    "isStared": 0,
    "thumbnailURL": "https://www.makeapie.com/ecg-storage/ec_gallery_thumbnail/xSk2S535SQ.png?v=1534141836172",
    "isCustomThumbnail": 0,
    "builtinTags": [
        "category-work",
        "grid",
        "legend",
        "series-line"
    ],
    "customTags": [],
    "updaterUserName": "临冬阿多"
}