{
    "cid": "calendar-heatmap",
    "authorUid": "bd-2135947294",
    "authorUserName": "echarts",
    "title": "Calendar heatmap horizontal",
    "description": "",
    "latestVersion": 1,
    "alwaysLatest": 1,
    "createTime": "2017-03-27T14:37:14.000Z",
    "lastUpdateTime": "2017-03-27T14:37:14.000Z",
    "auth": 2,
    "uid": "bd-2135947294",
    "publishedVersion": 0,
    "forkFrom": "-",
    "isSpam": 0,
    "version": 1,
    "parentVersion": -1,
    "echartsVersion": "3.5.1",
    "versionCreateTime": "2017-03-27T14:37:14.000Z",
    "html": "",
    "externalScripts": "",
    "updaterUID": "bd-2135947294",
    "theme": "",
    "layout": "",
    "viewCount": 8169,
    "userName": "echarts",
    "commentCount": 1,
    "starCount": 16,
    "isStared": 0,
    "thumbnailURL": "https://www.makeapie.com/ecg-storage/ec_gallery_thumbnail/calendar-heatmap.png?v=1490625434922",
    "isCustomThumbnail": 0,
    "builtinTags": [
        "axisPointer",
        "calendar",
        "category-work",
        "series-heatmap",
        "title",
        "tooltip",
        "visualMap"
    ],
    "customTags": [],
    "updaterUserName": "echarts"
}