{
    "cid": "xB1p_UCQ2e",
    "authorUid": "bd-3608323184",
    "authorUserName": "凹可卡",
    "title": "广州大学数据分析",
    "description": "各大通讯运营商使用占比",
    "latestVersion": 3,
    "alwaysLatest": 1,
    "createTime": "2017-03-25T11:37:25.000Z",
    "lastUpdateTime": "2017-03-25T11:37:25.000Z",
    "auth": 2,
    "uid": "bd-3608323184",
    "publishedVersion": 0,
    "forkFrom": "-",
    "isSpam": 0,
    "version": 3,
    "parentVersion": 2,
    "echartsVersion": "3.4.0",
    "versionCreateTime": "2017-03-26T07:08:21.000Z",
    "html": "",
    "externalScripts": "",
    "updaterUID": "bd-3608323184",
    "theme": "",
    "layout": "",
    "viewCount": 1046,
    "userName": "凹可卡",
    "commentCount": 0,
    "starCount": 1,
    "isStared": 0,
    "thumbnailURL": "https://www.makeapie.com/ecg-storage/ec_gallery_thumbnail/xB1p_UCQ2e.undefined?v=",
    "isCustomThumbnail": 0,
    "builtinTags": [
        "category-work",
        "graphic",
        "legend",
        "series-pie",
        "title"
    ],
    "customTags": [],
    "updaterUserName": "凹可卡"
}