{
    "cid": "xBJGEynUhl",
    "authorUid": "bd-1762150643",
    "authorUserName": "踢***帅",
    "title": "yarn堆积图",
    "description": "带时间轴的折线堆积图",
    "latestVersion": 2,
    "alwaysLatest": 1,
    "createTime": "2017-03-27T15:26:34.000Z",
    "lastUpdateTime": "2017-03-27T15:26:34.000Z",
    "auth": 2,
    "uid": "bd-1762150643",
    "publishedVersion": 0,
    "forkFrom": "-",
    "isSpam": 0,
    "version": 2,
    "parentVersion": 1,
    "echartsVersion": "3.5.1",
    "versionCreateTime": "2017-03-27T15:34:11.000Z",
    "html": "",
    "externalScripts": "",
    "updaterUID": "bd-1762150643",
    "theme": "",
    "layout": "",
    "viewCount": 4122,
    "userName": "踢***帅",
    "commentCount": 0,
    "starCount": 12,
    "isStared": 0,
    "thumbnailURL": "https://www.makeapie.com/ecg-storage/ec_gallery_thumbnail/xBJGEynUhl.png?v=1490628851636",
    "isCustomThumbnail": 0,
    "builtinTags": [
        "axisPointer",
        "category-work",
        "grid",
        "legend",
        "series-line",
        "timeline",
        "tooltip"
    ],
    "customTags": [
        "line",
        "timeline"
    ],
    "updaterUserName": "踢***帅"
}