{
    "cid": "xBkGlk482e",
    "authorUid": "bd-1141746330",
    "authorUserName": "8614126",
    "title": "企业概览",
    "description": "",
    "latestVersion": 3,
    "alwaysLatest": 1,
    "createTime": "2017-03-27T06:19:21.000Z",
    "lastUpdateTime": "2017-03-27T06:19:21.000Z",
    "auth": 2,
    "uid": "bd-1141746330",
    "publishedVersion": 0,
    "forkFrom": "-",
    "isSpam": 0,
    "version": 3,
    "parentVersion": 1,
    "echartsVersion": "3.4.0",
    "versionCreateTime": "2017-03-27T06:48:23.000Z",
    "html": "",
    "externalScripts": "",
    "updaterUID": "bd-1141746330",
    "theme": "",
    "layout": "",
    "viewCount": 16418,
    "userName": "8614126",
    "commentCount": 0,
    "starCount": 25,
    "isStared": 0,
    "thumbnailURL": "https://www.makeapie.com/ecg-storage/ec_gallery_thumbnail/xBkGlk482e.png?v=1490597303861",
    "isCustomThumbnail": 0,
    "builtinTags": [
        "category-work",
        "dataZoom",
        "grid",
        "legend",
        "series-bar",
        "series-line",
        "title",
        "tooltip"
    ],
    "customTags": [],
    "updaterUserName": "8614126"
}