{
    "cid": "xH1uBeYD3g",
    "authorUid": "bd-2908791564",
    "authorUserName": "185*****019",
    "title": "柱形图同级环比百分比",
    "description": "",
    "latestVersion": 4,
    "alwaysLatest": 1,
    "createTime": "2017-03-28T06:18:39.000Z",
    "lastUpdateTime": "2017-03-28T06:18:39.000Z",
    "auth": 1,
    "uid": "bd-2908791564",
    "publishedVersion": 0,
    "forkFrom": "-",
    "isSpam": 0,
    "version": 4,
    "parentVersion": 3,
    "echartsVersion": "3.5.3",
    "versionCreateTime": "2017-04-26T08:10:16.000Z",
    "html": "",
    "externalScripts": "",
    "updaterUID": "bd-3592972554",
    "theme": "",
    "layout": "",
    "viewCount": 930,
    "userName": "185*****019",
    "commentCount": 0,
    "starCount": 4,
    "isStared": 0,
    "thumbnailURL": "https://www.makeapie.com/ecg-storage/ec_gallery_thumbnail/xH1uBeYD3g.png?v=1493194217110",
    "isCustomThumbnail": 0,
    "builtinTags": [
        "category-work",
        "grid",
        "legend",
        "series-bar"
    ],
    "customTags": [],
    "updaterUserName": "动感杂粮粥"
}