{
    "cid": "xHJ2_YOBhe",
    "authorUid": "bd-2460781221",
    "authorUserName": "zmy_0707",
    "title": "三项空气污染指标的月份周期折线图",
    "description": "",
    "latestVersion": 1,
    "alwaysLatest": 1,
    "createTime": "2017-03-26T17:25:07.000Z",
    "lastUpdateTime": "2017-03-26T17:25:07.000Z",
    "auth": 2,
    "uid": "bd-2460781221",
    "publishedVersion": 0,
    "forkFrom": "-",
    "isSpam": 0,
    "version": 1,
    "parentVersion": -1,
    "echartsVersion": "3.4.0",
    "versionCreateTime": "2017-03-26T17:25:07.000Z",
    "html": "",
    "externalScripts": "",
    "updaterUID": "bd-2460781221",
    "theme": "",
    "layout": "",
    "viewCount": 757,
    "userName": "zmy_0707",
    "commentCount": 0,
    "starCount": 1,
    "isStared": 0,
    "thumbnailURL": "https://www.makeapie.com/ecg-storage/ec_gallery_thumbnail/xHJ2_YOBhe.png?v=1490549107984",
    "isCustomThumbnail": 0,
    "builtinTags": [
        "category-work",
        "grid",
        "legend",
        "series-line",
        "title",
        "toolbox",
        "tooltip"
    ],
    "customTags": [],
    "updaterUserName": "zmy_0707"
}