{
    "cid": "xHyFFvFine",
    "authorUid": "bd-1935269022",
    "authorUserName": "LimoneMa",
    "title": "某地区蒸发量和降水量",
    "description": "纯属虚构",
    "latestVersion": 1,
    "alwaysLatest": 1,
    "createTime": "2017-03-31T07:38:40.000Z",
    "lastUpdateTime": "2017-03-31T07:38:40.000Z",
    "auth": 2,
    "uid": "bd-1935269022",
    "publishedVersion": 0,
    "forkFrom": "-",
    "isSpam": 0,
    "version": 1,
    "parentVersion": -1,
    "echartsVersion": "3.5.1",
    "versionCreateTime": "2017-03-31T07:38:40.000Z",
    "html": "",
    "externalScripts": "",
    "updaterUID": "bd-1935269022",
    "theme": "",
    "layout": "",
    "viewCount": 2800,
    "userName": "LimoneMa",
    "commentCount": 0,
    "starCount": 3,
    "isStared": 0,
    "thumbnailURL": "https://www.makeapie.com/ecg-storage/ec_gallery_thumbnail/xHyFFvFine.png?v=1490945921137",
    "isCustomThumbnail": 0,
    "builtinTags": [
        "axisPointer",
        "category-work",
        "grid",
        "legend",
        "series-bar",
        "title",
        "toolbox",
        "tooltip"
    ],
    "customTags": [],
    "updaterUserName": "LimoneMa"
}