{
    "cid": "xrJqwYvUnx",
    "authorUid": "bd-1762150643",
    "authorUserName": "踢***帅",
    "title": "hdfs资源使用情况",
    "description": "hdfs资源使用情况\n柱状堆叠图+折线图",
    "latestVersion": 8,
    "alwaysLatest": 1,
    "createTime": "2017-03-27T10:28:50.000Z",
    "lastUpdateTime": "2017-03-27T10:28:50.000Z",
    "auth": 2,
    "uid": "bd-1762150643",
    "publishedVersion": 0,
    "forkFrom": "-",
    "isSpam": 0,
    "version": 8,
    "parentVersion": 7,
    "echartsVersion": "3.5.1",
    "versionCreateTime": "2017-03-28T01:37:41.000Z",
    "html": "",
    "externalScripts": "",
    "updaterUID": "bd-1762150643",
    "theme": "",
    "layout": "",
    "viewCount": 4236,
    "userName": "踢***帅",
    "commentCount": 2,
    "starCount": 8,
    "isStared": 0,
    "thumbnailURL": "https://www.makeapie.com/ecg-storage/ec_gallery_thumbnail/xrJqwYvUnx.png?v=1490665061826",
    "isCustomThumbnail": 0,
    "builtinTags": [
        "axisPointer",
        "category-work",
        "grid",
        "legend",
        "series-bar",
        "series-line",
        "tooltip"
    ],
    "customTags": [
        "bar",
        "line",
        "tooltip"
    ],
    "updaterUserName": "踢***帅"
}