{
    "cid": "xrymUNiO3e",
    "authorUid": "bd-4013131402",
    "authorUserName": "o***4",
    "title": "没有 padding 的水球图",
    "description": "",
    "latestVersion": 1,
    "alwaysLatest": 1,
    "createTime": "2017-03-29T03:04:42.000Z",
    "lastUpdateTime": "2017-03-29T03:04:42.000Z",
    "auth": 2,
    "uid": "bd-4013131402",
    "publishedVersion": 0,
    "forkFrom": "-",
    "isSpam": 0,
    "version": 1,
    "parentVersion": -1,
    "echartsVersion": "3.5.1",
    "versionCreateTime": "2017-03-29T03:04:42.000Z",
    "html": "",
    "externalScripts": "http://echarts.baidu.com/resource/echarts-liquidfill-1.0.4/dist/echarts-liquidfill.js",
    "updaterUID": "bd-4013131402",
    "theme": "",
    "layout": "",
    "viewCount": 336,
    "userName": "o***4",
    "commentCount": 0,
    "starCount": 0,
    "isStared": 0,
    "thumbnailURL": "https://www.makeapie.com/ecg-storage/ec_gallery_thumbnail/xrymUNiO3e.png?v=1490756683809",
    "isCustomThumbnail": 0,
    "builtinTags": [
        "axisPointer",
        "category-work",
        "series-liquidFill"
    ],
    "customTags": [],
    "updaterUserName": "o***4"
}