{
    "cid": "xrytVrvSne",
    "authorUid": "bd-1762150643",
    "authorUserName": "踢***帅",
    "title": "时间轴散点图动态数据_Job",
    "description": "job实时数量\n动态修改tooltip样式",
    "latestVersion": 7,
    "alwaysLatest": 1,
    "createTime": "2017-03-26T15:58:41.000Z",
    "lastUpdateTime": "2017-03-26T15:58:41.000Z",
    "auth": 2,
    "uid": "bd-1762150643",
    "publishedVersion": 0,
    "forkFrom": "-",
    "isSpam": 0,
    "version": 7,
    "parentVersion": 6,
    "echartsVersion": "3.5.3",
    "versionCreateTime": "2017-04-19T10:07:19.000Z",
    "html": "",
    "externalScripts": "",
    "updaterUID": "bd-1762150643",
    "theme": "",
    "layout": "",
    "viewCount": 4931,
    "userName": "踢***帅",
    "commentCount": 0,
    "starCount": 10,
    "isStared": 0,
    "thumbnailURL": "https://www.makeapie.com/ecg-storage/ec_gallery_thumbnail/xrytVrvSne.png?v=1492596439499",
    "isCustomThumbnail": 0,
    "builtinTags": [
        "category-work",
        "dataZoom",
        "grid",
        "series-scatter",
        "timeline",
        "title",
        "tooltip",
        "visualMap"
    ],
    "customTags": [
        "scatter",
        "timeline",
        "tooltip",
        "visualMap"
    ],
    "updaterUserName": "踢***帅"
}