{
    "cid": "xS1T_X893l",
    "authorUid": "bd-3658041824",
    "authorUserName": "明天你就是我",
    "title": "折线图动态数据的一个小bug",
    "description": "折线图动态数据的一个小bug折线绘制有问题",
    "latestVersion": 2,
    "alwaysLatest": 1,
    "createTime": "2017-03-30T09:44:20.000Z",
    "lastUpdateTime": "2017-03-30T09:44:20.000Z",
    "auth": 2,
    "uid": "bd-3658041824",
    "publishedVersion": 0,
    "forkFrom": "-",
    "isSpam": 0,
    "version": 2,
    "parentVersion": 1,
    "echartsVersion": "3.5.1",
    "versionCreateTime": "2017-03-30T09:46:02.000Z",
    "html": "",
    "externalScripts": "",
    "updaterUID": "bd-3658041824",
    "theme": "",
    "layout": "",
    "viewCount": 1626,
    "userName": "明天你就是我",
    "commentCount": 2,
    "starCount": 3,
    "isStared": 0,
    "thumbnailURL": "https://www.makeapie.com/ecg-storage/ec_gallery_thumbnail/xS1T_X893l.png?v=1490867162930",
    "isCustomThumbnail": 0,
    "builtinTags": [
        "axisPointer",
        "category-work",
        "dataZoom",
        "grid",
        "legend",
        "series-line",
        "title",
        "toolbox",
        "tooltip"
    ],
    "customTags": [
        "dataZoom"
    ],
    "updaterUserName": "明天你就是我"
}