{
    "cid": "xSkL9RJMng",
    "authorUid": "bd-2231537149",
    "authorUserName": "KStyle_凌枫",
    "title": "个性化tooltip",
    "description": "tooltip相关参数使用",
    "latestVersion": 1,
    "alwaysLatest": 1,
    "createTime": "2017-03-24T00:55:42.000Z",
    "lastUpdateTime": "2017-03-24T00:55:42.000Z",
    "auth": 1,
    "uid": "bd-2231537149",
    "publishedVersion": 0,
    "forkFrom": "-",
    "isSpam": 0,
    "version": 1,
    "parentVersion": -1,
    "echartsVersion": "3.4.0",
    "versionCreateTime": "2017-03-24T00:55:42.000Z",
    "html": "",
    "externalScripts": "",
    "updaterUID": "bd-2231537149",
    "theme": "",
    "layout": "",
    "viewCount": 205,
    "userName": "KStyle_凌枫",
    "commentCount": 0,
    "starCount": 0,
    "isStared": 0,
    "thumbnailURL": "https://www.makeapie.com/ecg-storage/ec_gallery_thumbnail/xSkL9RJMng.png?v=1490316942505",
    "isCustomThumbnail": 0,
    "builtinTags": [
        "category-work",
        "grid",
        "series-bar",
        "toolbox",
        "tooltip"
    ],
    "customTags": [],
    "updaterUserName": "KStyle_凌枫"
}