{
    "cid": "xSkQ7FOShl",
    "authorUid": "bd-2460781221",
    "authorUserName": "zmy_0707",
    "title": "空气污染三项指标平行坐标图",
    "description": "",
    "latestVersion": 1,
    "alwaysLatest": 1,
    "createTime": "2017-03-26T17:23:39.000Z",
    "lastUpdateTime": "2017-03-26T17:23:39.000Z",
    "auth": 2,
    "uid": "bd-2460781221",
    "publishedVersion": 0,
    "forkFrom": "-",
    "isSpam": 0,
    "version": 1,
    "parentVersion": -1,
    "echartsVersion": "3.4.0",
    "versionCreateTime": "2017-03-26T17:23:39.000Z",
    "html": "",
    "externalScripts": "",
    "updaterUID": "bd-2460781221",
    "theme": "",
    "layout": "",
    "viewCount": 1540,
    "userName": "zmy_0707",
    "commentCount": 0,
    "starCount": 1,
    "isStared": 0,
    "thumbnailURL": "https://www.makeapie.com/ecg-storage/ec_gallery_thumbnail/xSkQ7FOShl.png?v=1490549019771",
    "isCustomThumbnail": 0,
    "builtinTags": [
        "category-work",
        "legend",
        "parallel",
        "series-parallel",
        "tooltip",
        "visualMap"
    ],
    "customTags": [],
    "updaterUserName": "zmy_0707"
}