{
    "cid": "xSktBF5sne",
    "authorUid": "bd-2887307673",
    "authorUserName": "我就是him",
    "title": "2002全国宏观经济指标",
    "description": "人口金字塔，并伴随时间轴而变化",
    "latestVersion": 1,
    "alwaysLatest": 1,
    "createTime": "2017-03-31T08:54:25.000Z",
    "lastUpdateTime": "2017-03-31T08:54:25.000Z",
    "auth": 2,
    "uid": "bd-2887307673",
    "publishedVersion": 1,
    "forkFrom": "-",
    "isSpam": 0,
    "version": 1,
    "parentVersion": -1,
    "echartsVersion": "3.5.1",
    "versionCreateTime": "2017-03-31T08:54:25.000Z",
    "html": "",
    "externalScripts": "",
    "updaterUID": "bd-2887307673",
    "theme": "",
    "layout": "",
    "viewCount": 3376,
    "userName": "我就是him",
    "commentCount": 0,
    "starCount": 12,
    "isStared": 0,
    "thumbnailURL": "https://www.makeapie.com/ecg-storage/ec_gallery_thumbnail/xSktBF5sne.png?v=1490950465348",
    "isCustomThumbnail": 0,
    "builtinTags": [
        "axisPointer",
        "category-work",
        "grid",
        "legend",
        "series-bar",
        "series-pie",
        "timeline",
        "title",
        "toolbox"
    ],
    "customTags": [],
    "updaterUserName": "我就是him"
}