{
    "cid": "xByuoTHkMf",
    "authorUid": "bd-2859771119",
    "authorUserName": "sjh子夜",
    "title": "情感倾向",
    "description": "",
    "latestVersion": 1,
    "alwaysLatest": 1,
    "createTime": "2017-12-14T01:02:24.000Z",
    "lastUpdateTime": "2017-12-14T01:02:24.000Z",
    "auth": 2,
    "uid": "bd-2859771119",
    "publishedVersion": 0,
    "forkFrom": "-",
    "isSpam": 0,
    "version": 1,
    "parentVersion": -1,
    "echartsVersion": "3.8.0",
    "versionCreateTime": "2017-12-14T01:02:24.000Z",
    "html": "",
    "externalScripts": "",
    "updaterUID": "bd-2859771119",
    "theme": "",
    "layout": "",
    "viewCount": 129,
    "userName": "sjh子夜",
    "commentCount": 0,
    "starCount": 1,
    "isStared": 0,
    "thumbnailURL": "https://www.makeapie.com/ecg-storage/ec_gallery_thumbnail/xByuoTHkMf.png?v=1513213344571",
    "isCustomThumbnail": 0,
    "builtinTags": [
        "category-work",
        "series-pie",
        "title",
        "tooltip",
        "visualMap"
    ],
    "customTags": [],
    "updaterUserName": "sjh子夜"
}