{
    "cid": "xHJedeZRWM",
    "authorUid": "bd-1031056",
    "authorUserName": "小***米",
    "title": "仪表",
    "description": "",
    "latestVersion": 2,
    "alwaysLatest": 1,
    "createTime": "2017-12-13T01:20:39.000Z",
    "lastUpdateTime": "2017-12-13T01:20:39.000Z",
    "auth": 1,
    "uid": "bd-1031056",
    "publishedVersion": 0,
    "forkFrom": "-",
    "isSpam": 0,
    "version": 2,
    "parentVersion": 1,
    "echartsVersion": "3.8.0",
    "versionCreateTime": "2021-04-08T10:07:48.000Z",
    "html": "",
    "externalScripts": "",
    "updaterUID": "obd-ojfPDKVF6otngJvEpv6IEaDNUlGUODq",
    "theme": "",
    "layout": "",
    "viewCount": 2126,
    "userName": "小***米",
    "commentCount": 0,
    "starCount": 6,
    "isStared": 0,
    "thumbnailURL": "https://www.makeapie.com/ecg-storage/ec_gallery_thumbnail/xHJedeZRWM.png?v=1617876468624",
    "isCustomThumbnail": 0,
    "builtinTags": [
        "category-work",
        "series-gauge",
        "title",
        "tooltip"
    ],
    "customTags": [],
    "updaterUserName": "娄***爺"
}