{
    "cid": "xHJV0bL1Gz",
    "authorUid": "bd-2859771119",
    "authorUserName": "sjh子夜",
    "title": "",
    "description": "",
    "latestVersion": 1,
    "alwaysLatest": 1,
    "createTime": "2017-12-14T01:20:12.000Z",
    "lastUpdateTime": "2017-12-14T01:20:12.000Z",
    "auth": 2,
    "uid": "bd-2859771119",
    "publishedVersion": 0,
    "forkFrom": "-",
    "isSpam": 0,
    "version": 1,
    "parentVersion": -1,
    "echartsVersion": "3.8.0",
    "versionCreateTime": "2017-12-14T01:20:12.000Z",
    "html": "",
    "externalScripts": "",
    "updaterUID": "bd-2859771119",
    "theme": "",
    "layout": "",
    "viewCount": 57,
    "userName": "sjh子夜",
    "commentCount": 0,
    "starCount": 0,
    "isStared": 0,
    "thumbnailURL": "https://www.makeapie.com/ecg-storage/ec_gallery_thumbnail/xHJV0bL1Gz.png?v=1513214412555",
    "isCustomThumbnail": 0,
    "builtinTags": [
        "category-work",
        "grid",
        "series-bar",
        "tooltip"
    ],
    "customTags": [],
    "updaterUserName": "sjh子夜"
}