{
    "cid": "xr1oE7wabf",
    "authorUid": "bd-3934268337",
    "authorUserName": "188******23",
    "title": "",
    "description": "",
    "latestVersion": 2,
    "alwaysLatest": 1,
    "createTime": "2017-12-12T14:09:55.000Z",
    "lastUpdateTime": "2017-12-12T14:09:55.000Z",
    "auth": 2,
    "uid": "bd-3934268337",
    "publishedVersion": 0,
    "forkFrom": "-",
    "isSpam": 0,
    "version": 2,
    "parentVersion": 1,
    "echartsVersion": "3.8.0",
    "versionCreateTime": "2017-12-13T13:38:38.000Z",
    "html": "",
    "externalScripts": "",
    "updaterUID": "bd-3934268337",
    "theme": "",
    "layout": "",
    "viewCount": 99,
    "userName": "188******23",
    "commentCount": 0,
    "starCount": 2,
    "isStared": 0,
    "thumbnailURL": "https://www.makeapie.com/ecg-storage/ec_gallery_thumbnail/xr1oE7wabf.png?v=1513172318374",
    "isCustomThumbnail": 0,
    "builtinTags": [
        "category-work",
        "series-pie",
        "tooltip"
    ],
    "customTags": [],
    "updaterUserName": "188******23"
}