{
    "cid": "xrkNS6IJfz",
    "authorUid": "bd-2501078763",
    "authorUserName": "格***s",
    "title": "自定义形状字符云",
    "description": "",
    "latestVersion": 4,
    "alwaysLatest": 1,
    "createTime": "2017-12-14T02:08:59.000Z",
    "lastUpdateTime": "2017-12-14T02:08:59.000Z",
    "auth": 2,
    "uid": "bd-2501078763",
    "publishedVersion": 0,
    "forkFrom": "-",
    "isSpam": 0,
    "version": 4,
    "parentVersion": 3,
    "echartsVersion": "3.8.0",
    "versionCreateTime": "2017-12-14T02:22:30.000Z",
    "html": "",
    "externalScripts": "http://data-visual.cn/datav/src/js/echarts/extension/echarts-wordcloud.min.js",
    "updaterUID": "bd-2501078763",
    "theme": "",
    "layout": "",
    "viewCount": 4158,
    "userName": "格***s",
    "commentCount": 2,
    "starCount": 16,
    "isStared": 0,
    "thumbnailURL": "https://www.makeapie.com/ecg-storage/ec_gallery_thumbnail/xrkNS6IJfz.png?v=1513218150593",
    "isCustomThumbnail": 0,
    "builtinTags": [
        "category-work",
        "series-wordCloud"
    ],
    "customTags": [],
    "updaterUserName": "格***s"
}