{
    "cid": "xry6W6mpbz",
    "authorUid": "bd-3591882659",
    "authorUserName": "f***r",
    "title": "饼图-动态-用户模型",
    "description": "表示-用户结构的变迁",
    "latestVersion": 2,
    "alwaysLatest": 1,
    "createTime": "2017-12-12T10:18:45.000Z",
    "lastUpdateTime": "2017-12-12T10:18:45.000Z",
    "auth": 2,
    "uid": "bd-3591882659",
    "publishedVersion": 0,
    "forkFrom": "-",
    "isSpam": 0,
    "version": 2,
    "parentVersion": 1,
    "echartsVersion": "3.8.0",
    "versionCreateTime": "2017-12-12T10:38:37.000Z",
    "html": "",
    "externalScripts": "",
    "updaterUID": "bd-3591882659",
    "theme": "",
    "layout": "",
    "viewCount": 649,
    "userName": "f***r",
    "commentCount": 0,
    "starCount": 2,
    "isStared": 0,
    "thumbnailURL": "https://www.makeapie.com/ecg-storage/ec_gallery_thumbnail/xry6W6mpbz.png?v=1513075117497",
    "isCustomThumbnail": 0,
    "builtinTags": [
        "category-work",
        "series-pie",
        "timeline",
        "title",
        "tooltip"
    ],
    "customTags": [],
    "updaterUserName": "f***r"
}