{
    "cid": "xBkqpohnEW",
    "authorUid": "bd-2215764494",
    "authorUserName": "p***g",
    "title": "皮革材质",
    "description": "",
    "latestVersion": 2,
    "alwaysLatest": 1,
    "createTime": "2017-07-07T07:44:02.000Z",
    "lastUpdateTime": "2017-07-07T07:44:02.000Z",
    "auth": 2,
    "uid": "bd-2215764494",
    "publishedVersion": 0,
    "forkFrom": "-",
    "isSpam": 0,
    "version": 2,
    "parentVersion": 1,
    "echartsVersion": "3.6.2",
    "versionCreateTime": "2017-07-07T08:31:59.000Z",
    "html": "",
    "externalScripts": "http://echarts.baidu.com/resource/echarts-gl-latest/dist/echarts-gl.min.js",
    "updaterUID": "bd-2215764494",
    "theme": "dark",
    "layout": "",
    "viewCount": 3623,
    "userName": "p***g",
    "commentCount": 0,
    "starCount": 3,
    "isStared": 0,
    "thumbnailURL": "https://www.makeapie.com/ecg-storage/ec_gallery_thumbnail/xBkqpohnEW.png?v=1499413444602",
    "isCustomThumbnail": 1,
    "builtinTags": [
        "category-work",
        "grid3D",
        "series-surface"
    ],
    "customTags": [
        "echarts-gl"
    ],
    "updaterUserName": "p***g"
}