{
    "cid": "xH1OYSeMSW",
    "authorUid": "bd-4113946480",
    "authorUserName": "梦心语0526",
    "title": "上周排名",
    "description": "",
    "latestVersion": 1,
    "alwaysLatest": 1,
    "createTime": "2017-07-11T06:51:44.000Z",
    "lastUpdateTime": "2017-07-11T06:51:44.000Z",
    "auth": 2,
    "uid": "bd-4113946480",
    "publishedVersion": 0,
    "forkFrom": "-",
    "isSpam": 0,
    "version": 1,
    "parentVersion": -1,
    "echartsVersion": "3.6.2",
    "versionCreateTime": "2017-07-11T06:51:44.000Z",
    "html": "",
    "externalScripts": "",
    "updaterUID": "bd-4113946480",
    "theme": "",
    "layout": "",
    "viewCount": 158,
    "userName": "梦心语0526",
    "commentCount": 0,
    "starCount": 0,
    "isStared": 0,
    "thumbnailURL": "https://www.makeapie.com/ecg-storage/ec_gallery_thumbnail/xH1OYSeMSW.png?v=1499755904305",
    "isCustomThumbnail": 0,
    "builtinTags": [
        "category-work",
        "grid",
        "legend",
        "series-line",
        "title",
        "toolbox",
        "tooltip"
    ],
    "customTags": [],
    "updaterUserName": "梦心语0526"
}