{
    "cid": "xHJrygK34b",
    "authorUid": "bd-460850157",
    "authorUserName": "S***七",
    "title": "横向柱形图",
    "description": "",
    "latestVersion": 2,
    "alwaysLatest": 1,
    "createTime": "2017-07-07T03:28:29.000Z",
    "lastUpdateTime": "2017-07-07T03:28:29.000Z",
    "auth": 2,
    "uid": "bd-460850157",
    "publishedVersion": 0,
    "forkFrom": "-",
    "isSpam": 0,
    "version": 2,
    "parentVersion": 1,
    "echartsVersion": "3.8.0",
    "versionCreateTime": "2018-02-05T05:34:42.000Z",
    "html": "",
    "externalScripts": "",
    "updaterUID": "bd-460850157",
    "theme": "",
    "layout": "",
    "viewCount": 1443,
    "userName": "S***七",
    "commentCount": 0,
    "starCount": 8,
    "isStared": 0,
    "thumbnailURL": "https://www.makeapie.com/ecg-storage/ec_gallery_thumbnail/xHJrygK34b.png?v=1517808882907",
    "isCustomThumbnail": 0,
    "builtinTags": [
        "category-work",
        "grid",
        "series-bar",
        "title",
        "tooltip"
    ],
    "customTags": [],
    "updaterUserName": "S***七"
}