{
    "cid": "xHkQWgPoEW",
    "authorUid": "bd-1192091434",
    "authorUserName": "s***2",
    "title": "Sales Trends by Year within Each Month",
    "description": "Sample of Cycle Plot",
    "latestVersion": 1,
    "alwaysLatest": 1,
    "createTime": "2017-07-06T07:00:11.000Z",
    "lastUpdateTime": "2017-07-06T07:00:11.000Z",
    "auth": 2,
    "uid": "bd-1192091434",
    "publishedVersion": 0,
    "forkFrom": "-",
    "isSpam": 0,
    "version": 1,
    "parentVersion": -1,
    "echartsVersion": "3.6.2",
    "versionCreateTime": "2017-07-06T07:00:11.000Z",
    "html": "",
    "externalScripts": "",
    "updaterUID": "bd-1192091434",
    "theme": "",
    "layout": "",
    "viewCount": 193,
    "userName": "s***2",
    "commentCount": 0,
    "starCount": 0,
    "isStared": 0,
    "thumbnailURL": "https://www.makeapie.com/ecg-storage/ec_gallery_thumbnail/xHkQWgPoEW.png?v=1499324411577",
    "isCustomThumbnail": 0,
    "builtinTags": [
        "category-work",
        "dataZoom",
        "grid",
        "legend",
        "series-custom",
        "title",
        "tooltip"
    ],
    "customTags": [],
    "updaterUserName": "s***2"
}