{
    "cid": "xHky5vlpNZ",
    "authorUid": "bd-460850157",
    "authorUserName": "S***七",
    "title": "地图-按照分类显示省+散点",
    "description": "",
    "latestVersion": 4,
    "alwaysLatest": 1,
    "createTime": "2017-07-07T11:59:02.000Z",
    "lastUpdateTime": "2017-07-07T11:59:02.000Z",
    "auth": 2,
    "uid": "bd-460850157",
    "publishedVersion": 0,
    "forkFrom": "-",
    "isSpam": 0,
    "version": 4,
    "parentVersion": 3,
    "echartsVersion": "3.7.1",
    "versionCreateTime": "2017-09-19T07:09:51.000Z",
    "html": "",
    "externalScripts": "/dep/echarts/map/js/china.js",
    "updaterUID": "bd-460850157",
    "theme": "",
    "layout": "",
    "viewCount": 13321,
    "userName": "S***七",
    "commentCount": 3,
    "starCount": 18,
    "isStared": 0,
    "thumbnailURL": "https://www.makeapie.com/ecg-storage/ec_gallery_thumbnail/xHky5vlpNZ.png?v=1505804992121",
    "isCustomThumbnail": 0,
    "builtinTags": [
        "category-work",
        "geo",
        "legend",
        "series-map",
        "series-scatter",
        "tooltip",
        "visualMap"
    ],
    "customTags": [],
    "updaterUserName": "S***七"
}