{
    "cid": "xr1HXKlzHZ",
    "authorUid": "bd-841732013",
    "authorUserName": "亡心6",
    "title": "买房投资与理财投资回报分析",
    "description": "",
    "latestVersion": 3,
    "alwaysLatest": 1,
    "createTime": "2017-07-11T07:07:08.000Z",
    "lastUpdateTime": "2017-07-11T07:07:08.000Z",
    "auth": 2,
    "uid": "bd-841732013",
    "publishedVersion": 0,
    "forkFrom": "-",
    "isSpam": 0,
    "version": 3,
    "parentVersion": 2,
    "echartsVersion": "3.6.2",
    "versionCreateTime": "2017-07-11T08:53:53.000Z",
    "html": "",
    "externalScripts": "",
    "updaterUID": "bd-841732013",
    "theme": "",
    "layout": "",
    "viewCount": 105,
    "userName": "亡心6",
    "commentCount": 0,
    "starCount": 0,
    "isStared": 0,
    "thumbnailURL": "https://www.makeapie.com/ecg-storage/ec_gallery_thumbnail/xr1HXKlzHZ.png?v=1499763234079",
    "isCustomThumbnail": 0,
    "builtinTags": [
        "category-work",
        "grid",
        "legend",
        "series-line",
        "tooltip"
    ],
    "customTags": [],
    "updaterUserName": "亡心6"
}