{
    "cid": "xr1z5Z6eB-",
    "authorUid": "bd-922784848",
    "authorUserName": "g***1",
    "title": "人均养老水平分析",
    "description": "",
    "latestVersion": 1,
    "alwaysLatest": 1,
    "createTime": "2017-07-10T08:57:45.000Z",
    "lastUpdateTime": "2017-07-10T08:57:45.000Z",
    "auth": 2,
    "uid": "bd-922784848",
    "publishedVersion": 0,
    "forkFrom": "-",
    "isSpam": 0,
    "version": 1,
    "parentVersion": -1,
    "echartsVersion": "3.6.2",
    "versionCreateTime": "2017-07-10T08:57:45.000Z",
    "html": "",
    "externalScripts": "",
    "updaterUID": "bd-922784848",
    "theme": "",
    "layout": "",
    "viewCount": 3228,
    "userName": "g***1",
    "commentCount": 0,
    "starCount": 13,
    "isStared": 0,
    "thumbnailURL": "https://www.makeapie.com/ecg-storage/ec_gallery_thumbnail/xr1z5Z6eB-.png?v=1499677065874",
    "isCustomThumbnail": 0,
    "builtinTags": [
        "category-work",
        "grid",
        "legend",
        "series-bar",
        "title",
        "tooltip"
    ],
    "customTags": [],
    "updaterUserName": "g***1"
}