{
    "cid": "xrJHY-bMS-",
    "authorUid": "bd-1515649092",
    "authorUserName": "可***字",
    "title": "legend超长省略号显示，并且开启legend的tooltip",
    "description": "数据来自网络",
    "latestVersion": 1,
    "alwaysLatest": 1,
    "createTime": "2017-07-11T07:42:52.000Z",
    "lastUpdateTime": "2017-07-11T07:42:52.000Z",
    "auth": 2,
    "uid": "bd-1515649092",
    "publishedVersion": 0,
    "forkFrom": "-",
    "isSpam": 0,
    "version": 1,
    "parentVersion": -1,
    "echartsVersion": "3.6.2",
    "versionCreateTime": "2017-07-11T07:42:52.000Z",
    "html": "",
    "externalScripts": "",
    "updaterUID": "bd-1515649092",
    "theme": "",
    "layout": "",
    "viewCount": 215,
    "userName": "可***字",
    "commentCount": 0,
    "starCount": 0,
    "isStared": 0,
    "thumbnailURL": "https://www.makeapie.com/ecg-storage/ec_gallery_thumbnail/xrJHY-bMS-.png?v=1499758972837",
    "isCustomThumbnail": 0,
    "builtinTags": [
        "category-work",
        "grid",
        "legend",
        "series-bar",
        "title",
        "tooltip"
    ],
    "customTags": [],
    "updaterUserName": "可***字"
}