{
    "cid": "xrJj2CIoNW",
    "authorUid": "bd-2972570324",
    "authorUserName": "yjp2636313057",
    "title": "第一个echarts gallery",
    "description": "",
    "latestVersion": 1,
    "alwaysLatest": 1,
    "createTime": "2017-07-06T06:54:43.000Z",
    "lastUpdateTime": "2017-07-06T06:54:43.000Z",
    "auth": 2,
    "uid": "bd-2972570324",
    "publishedVersion": 0,
    "forkFrom": "-",
    "isSpam": 0,
    "version": 1,
    "parentVersion": -1,
    "echartsVersion": "3.6.2",
    "versionCreateTime": "2017-07-06T06:54:43.000Z",
    "html": "",
    "externalScripts": "http://echarts.baidu.com/resource/echarts-gl-latest/dist/echarts-gl.min.js,/dep/echarts/map/js/china.js",
    "updaterUID": "bd-2972570324",
    "theme": "",
    "layout": "",
    "viewCount": 39,
    "userName": "yjp2636313057",
    "commentCount": 0,
    "starCount": 0,
    "isStared": 0,
    "thumbnailURL": "https://www.makeapie.com/ecg-storage/ec_gallery_thumbnail/xrJj2CIoNW.png?v=1499324083368",
    "isCustomThumbnail": 0,
    "builtinTags": [
        "category-work",
        "series-map3D"
    ],
    "customTags": [],
    "updaterUserName": "yjp2636313057"
}