{
    "cid": "xrkHWhsxrb",
    "authorUid": "bd-922784848",
    "authorUserName": "g***1",
    "title": "三角形渐变",
    "description": "渐变颜色三角形",
    "latestVersion": 2,
    "alwaysLatest": 1,
    "createTime": "2017-07-10T07:25:49.000Z",
    "lastUpdateTime": "2017-07-10T07:25:49.000Z",
    "auth": 2,
    "uid": "bd-922784848",
    "publishedVersion": 0,
    "forkFrom": "-",
    "isSpam": 0,
    "version": 2,
    "parentVersion": 1,
    "echartsVersion": "3.6.2",
    "versionCreateTime": "2017-07-10T07:26:04.000Z",
    "html": "",
    "externalScripts": "",
    "updaterUID": "bd-922784848",
    "theme": "",
    "layout": "",
    "viewCount": 269,
    "userName": "g***1",
    "commentCount": 0,
    "starCount": 4,
    "isStared": 0,
    "thumbnailURL": "https://www.makeapie.com/ecg-storage/ec_gallery_thumbnail/xrkHWhsxrb.png?v=1499671564972",
    "isCustomThumbnail": 0,
    "builtinTags": [
        "category-work",
        "grid",
        "legend",
        "series-pictorialBar"
    ],
    "customTags": [],
    "updaterUserName": "g***1"
}