{
    "cid": "xS1mv9-WH-",
    "authorUid": "bd-2452479794",
    "authorUserName": "凌风111234",
    "title": "中国各省城市建设用地扩张速度",
    "description": "",
    "latestVersion": 6,
    "alwaysLatest": 1,
    "createTime": "2017-07-10T14:08:26.000Z",
    "lastUpdateTime": "2017-07-10T14:08:26.000Z",
    "auth": 2,
    "uid": "bd-2452479794",
    "publishedVersion": 0,
    "forkFrom": "-",
    "isSpam": 0,
    "version": 6,
    "parentVersion": 5,
    "echartsVersion": "3.6.2",
    "versionCreateTime": "2017-07-10T14:43:34.000Z",
    "html": "",
    "externalScripts": "/dep/echarts/map/js/china.js",
    "updaterUID": "bd-2452479794",
    "theme": "",
    "layout": "",
    "viewCount": 803,
    "userName": "凌风111234",
    "commentCount": 0,
    "starCount": 2,
    "isStared": 0,
    "thumbnailURL": "https://www.makeapie.com/ecg-storage/ec_gallery_thumbnail/xS1mv9-WH-.png?v=1499697814891",
    "isCustomThumbnail": 0,
    "builtinTags": [
        "category-work",
        "series-map",
        "title",
        "toolbox",
        "tooltip",
        "visualMap"
    ],
    "customTags": [],
    "updaterUserName": "凌风111234"
}