{
    "cid": "xSJ_qeYj4Z",
    "authorUid": "bd-3796128407",
    "authorUserName": "王***响",
    "title": "circle packing-line",
    "description": "",
    "latestVersion": 1,
    "alwaysLatest": 1,
    "createTime": "2017-07-06T09:19:12.000Z",
    "lastUpdateTime": "2020-01-09T03:09:00.000Z",
    "auth": 2,
    "uid": "bd-3796128407",
    "publishedVersion": 0,
    "forkFrom": "-",
    "isSpam": 0,
    "version": 1,
    "parentVersion": -1,
    "echartsVersion": "3.6.2",
    "versionCreateTime": "2017-07-06T09:19:12.000Z",
    "html": "",
    "externalScripts": "https://d3js.org/d3.v4.min.js",
    "updaterUID": "bd-3796128407",
    "theme": "default",
    "layout": "",
    "viewCount": 327,
    "userName": "王***响",
    "commentCount": 1,
    "starCount": 0,
    "isStared": 0,
    "thumbnailURL": "https://www.makeapie.com/ecg-storage/ec_gallery_thumbnail/xSJ_qeYj4Z.png?v=1578539340981",
    "isCustomThumbnail": 1,
    "builtinTags": [
        "category-work",
        "grid",
        "series-custom",
        "tooltip",
        "visualMap"
    ],
    "customTags": [],
    "updaterUserName": "王***响"
}