{
    "cid": "xSJxQoIxS-",
    "authorUid": "bd-1479745787",
    "authorUserName": "喂V你温柔点",
    "title": "百度地图迁徙图",
    "description": "通过官方实例修改的",
    "latestVersion": 1,
    "alwaysLatest": 1,
    "createTime": "2017-07-10T01:40:40.000Z",
    "lastUpdateTime": "2017-07-10T01:40:40.000Z",
    "auth": 2,
    "uid": "bd-1479745787",
    "publishedVersion": 0,
    "forkFrom": "-",
    "isSpam": 0,
    "version": 1,
    "parentVersion": -1,
    "echartsVersion": "3.6.2",
    "versionCreateTime": "2017-07-10T01:40:40.000Z",
    "html": "",
    "externalScripts": "/dep/echarts/latest/extension/bmap.min.js,/dep/echarts/map/js/china.js,http://api.map.baidu.com/api?v=2.0&ak=oq75GF57Gc2a5ZUlQ4FtWcCx",
    "updaterUID": "bd-1479745787",
    "theme": "",
    "layout": "",
    "viewCount": 699,
    "userName": "喂V你温柔点",
    "commentCount": 1,
    "starCount": 2,
    "isStared": 0,
    "thumbnailURL": "https://www.makeapie.com/ecg-storage/ec_gallery_thumbnail/xSJxQoIxS-.undefined?v=",
    "isCustomThumbnail": 0,
    "builtinTags": [
        "category-work"
    ],
    "customTags": [],
    "updaterUserName": "喂V你温柔点"
}