{
    "cid": "xSy3zT03NZ",
    "authorUid": "bd-1577806679",
    "authorUserName": "zhaozexiang88",
    "title": "仪盘表",
    "description": "",
    "latestVersion": 2,
    "alwaysLatest": 1,
    "createTime": "2017-07-07T10:06:12.000Z",
    "lastUpdateTime": "2017-07-07T10:06:12.000Z",
    "auth": 2,
    "uid": "bd-1577806679",
    "publishedVersion": 0,
    "forkFrom": "-",
    "isSpam": 0,
    "version": 2,
    "parentVersion": 1,
    "echartsVersion": "3.8.0",
    "versionCreateTime": "2017-12-05T06:09:33.000Z",
    "html": "",
    "externalScripts": "",
    "updaterUID": "bd-1577806679",
    "theme": "",
    "layout": "",
    "viewCount": 3683,
    "userName": "zhaozexiang88",
    "commentCount": 2,
    "starCount": 14,
    "isStared": 0,
    "thumbnailURL": "https://www.makeapie.com/ecg-storage/ec_gallery_thumbnail/xSy3zT03NZ.png?v=1512454173118",
    "isCustomThumbnail": 0,
    "builtinTags": [
        "category-work",
        "series-gauge",
        "tooltip"
    ],
    "customTags": [],
    "updaterUserName": "zhaozexiang88"
}