{
    "cid": "xSybNWujNW",
    "authorUid": "bd-2969893266",
    "authorUserName": "jiajw0426",
    "title": "签名算法",
    "description": "",
    "latestVersion": 2,
    "alwaysLatest": 1,
    "createTime": "2017-07-06T08:13:29.000Z",
    "lastUpdateTime": "2017-07-06T08:13:29.000Z",
    "auth": 2,
    "uid": "bd-2969893266",
    "publishedVersion": 0,
    "forkFrom": "-",
    "isSpam": 0,
    "version": 2,
    "parentVersion": 1,
    "echartsVersion": "3.6.2",
    "versionCreateTime": "2017-07-06T08:17:30.000Z",
    "html": "",
    "externalScripts": "",
    "updaterUID": "bd-2969893266",
    "theme": "",
    "layout": "",
    "viewCount": 90,
    "userName": "jiajw0426",
    "commentCount": 0,
    "starCount": 0,
    "isStared": 0,
    "thumbnailURL": "https://www.makeapie.com/ecg-storage/ec_gallery_thumbnail/xSybNWujNW.png?v=1499329050277",
    "isCustomThumbnail": 0,
    "builtinTags": [
        "category-work",
        "dataZoom",
        "grid",
        "legend",
        "series-line",
        "toolbox",
        "tooltip"
    ],
    "customTags": [],
    "updaterUserName": "jiajw0426"
}