{
    "cid": "xB1JciS22Z",
    "authorUid": "bd-1393317740",
    "authorUserName": "枫***轩",
    "title": "新世纪外语老师旗下学生数",
    "description": "",
    "latestVersion": 2,
    "alwaysLatest": 1,
    "createTime": "2017-10-12T01:55:18.000Z",
    "lastUpdateTime": "2017-10-12T01:55:18.000Z",
    "auth": 2,
    "uid": "bd-1393317740",
    "publishedVersion": 0,
    "forkFrom": "-",
    "isSpam": 0,
    "version": 2,
    "parentVersion": 1,
    "echartsVersion": "3.7.2",
    "versionCreateTime": "2017-10-14T17:06:46.000Z",
    "html": "",
    "externalScripts": "",
    "updaterUID": "bd-1393317740",
    "theme": "",
    "layout": "",
    "viewCount": 1715,
    "userName": "枫***轩",
    "commentCount": 0,
    "starCount": 4,
    "isStared": 0,
    "thumbnailURL": "https://www.makeapie.com/ecg-storage/ec_gallery_thumbnail/xB1JciS22Z.png?v=1508000806409",
    "isCustomThumbnail": 0,
    "builtinTags": [
        "category-work",
        "grid",
        "markLine",
        "markPoint",
        "series-bar",
        "title",
        "toolbox",
        "tooltip"
    ],
    "customTags": [],
    "updaterUserName": "枫***轩"
}