{
    "cid": "xB1P-v8j2Z",
    "authorUid": "bd-990060618",
    "authorUserName": "Y***y",
    "title": "水珠图-小庭子",
    "description": "上面的三角房顶，应该在加个圈，会好看一点点。",
    "latestVersion": 9,
    "alwaysLatest": 1,
    "createTime": "2017-10-11T08:31:58.000Z",
    "lastUpdateTime": "2017-10-11T08:31:58.000Z",
    "auth": 2,
    "uid": "bd-990060618",
    "publishedVersion": 0,
    "forkFrom": "-",
    "isSpam": 0,
    "version": 9,
    "parentVersion": 8,
    "echartsVersion": "3.8.0",
    "versionCreateTime": "2019-01-11T07:04:14.000Z",
    "html": "",
    "externalScripts": "http://echarts.baidu.com/resource/echarts-liquidfill-latest/dist/echarts-liquidfill.min.js,https://echarts.baidu.com/resource/echarts-liquidfill-latest/dist/echarts-liquidfill.min.js,https://echarts.baidu.com/resource/echarts-gl-latest/dist/echarts-gl.min.js",
    "updaterUID": "bd-990060618",
    "theme": "",
    "layout": "",
    "viewCount": 1079,
    "userName": "Y***y",
    "commentCount": 1,
    "starCount": 5,
    "isStared": 0,
    "thumbnailURL": "https://www.makeapie.com/ecg-storage/ec_gallery_thumbnail/xB1P-v8j2Z.png?v=1547190254681",
    "isCustomThumbnail": 0,
    "builtinTags": [
        "category-work",
        "series-liquidFill"
    ],
    "customTags": [],
    "updaterUserName": "Y***y"
}