{
    "cid": "xBkEGDK2nb",
    "authorUid": "bd-1094490071",
    "authorUserName": "Kiss錵錵",
    "title": "10.1 00:00 - 10.2 00:00",
    "description": "",
    "latestVersion": 1,
    "alwaysLatest": 1,
    "createTime": "2017-10-12T06:09:16.000Z",
    "lastUpdateTime": "2017-10-12T06:09:16.000Z",
    "auth": 2,
    "uid": "bd-1094490071",
    "publishedVersion": 1,
    "forkFrom": "-",
    "isSpam": 0,
    "version": 1,
    "parentVersion": -1,
    "echartsVersion": "3.7.2",
    "versionCreateTime": "2017-10-12T06:09:16.000Z",
    "html": "",
    "externalScripts": "/dep/echarts/map/js/china.js",
    "updaterUID": "bd-1094490071",
    "theme": "",
    "layout": "",
    "viewCount": 2460,
    "userName": "Kiss錵錵",
    "commentCount": 0,
    "starCount": 0,
    "isStared": 0,
    "thumbnailURL": "https://www.makeapie.com/ecg-storage/ec_gallery_thumbnail/xBkEGDK2nb.png?v=1507788556461",
    "isCustomThumbnail": 0,
    "builtinTags": [
        "category-work",
        "series-map",
        "title",
        "toolbox",
        "tooltip",
        "visualMap"
    ],
    "customTags": [],
    "updaterUserName": "Kiss錵錵"
}