{
    "cid": "xHJJ8GGsnZ",
    "authorUid": "bd-2257836860",
    "authorUserName": "151*****175",
    "title": "来源占比走势图",
    "description": "",
    "latestVersion": 2,
    "alwaysLatest": 1,
    "createTime": "2017-10-11T03:38:46.000Z",
    "lastUpdateTime": "2017-10-11T03:38:46.000Z",
    "auth": 2,
    "uid": "bd-2257836860",
    "publishedVersion": 0,
    "forkFrom": "-",
    "isSpam": 0,
    "version": 2,
    "parentVersion": 1,
    "echartsVersion": "3.7.2",
    "versionCreateTime": "2017-10-11T03:44:26.000Z",
    "html": "",
    "externalScripts": "",
    "updaterUID": "bd-2257836860",
    "theme": "shine",
    "layout": "",
    "viewCount": 95,
    "userName": "151*****175",
    "commentCount": 0,
    "starCount": 0,
    "isStared": 0,
    "thumbnailURL": "https://www.makeapie.com/ecg-storage/ec_gallery_thumbnail/xHJJ8GGsnZ.png?v=1507693466475",
    "isCustomThumbnail": 0,
    "builtinTags": [
        "category-work",
        "grid",
        "legend",
        "series-line",
        "title",
        "toolbox",
        "tooltip"
    ],
    "customTags": [],
    "updaterUserName": "151*****175"
}