{
    "cid": "xHkLOYH3n-",
    "authorUid": "bd-2651083991",
    "authorUserName": "ho121",
    "title": "部分城市下单轨迹",
    "description": "",
    "latestVersion": 30,
    "alwaysLatest": 1,
    "createTime": "2017-10-12T01:46:22.000Z",
    "lastUpdateTime": "2017-10-12T01:46:22.000Z",
    "auth": 2,
    "uid": "bd-2651083991",
    "publishedVersion": 0,
    "forkFrom": "-",
    "isSpam": 0,
    "version": 30,
    "parentVersion": 29,
    "echartsVersion": "3.7.2",
    "versionCreateTime": "2017-10-18T09:28:17.000Z",
    "html": "",
    "externalScripts": "/dep/echarts/latest/extension/bmap.min.js,http://api.map.baidu.com/api?v=2.0&ak=uHkkRqHOFj3Z6Ajv3lLhCD8WjYjb6rFM",
    "updaterUID": "bd-2651083991",
    "theme": "",
    "layout": "",
    "viewCount": 166,
    "userName": "ho121",
    "commentCount": 0,
    "starCount": 0,
    "isStared": 0,
    "thumbnailURL": "https://www.makeapie.com/ecg-storage/ec_gallery_thumbnail/xHkLOYH3n-.png?v=1508313849978",
    "isCustomThumbnail": 0,
    "builtinTags": [
        "category-work"
    ],
    "customTags": [],
    "updaterUserName": "ho121"
}