{
    "cid": "xrJwD4Sohb",
    "authorUid": "bd-2257836860",
    "authorUserName": "151*****175",
    "title": "5",
    "description": "",
    "latestVersion": 1,
    "alwaysLatest": 1,
    "createTime": "2017-10-11T07:12:30.000Z",
    "lastUpdateTime": "2017-10-11T07:12:30.000Z",
    "auth": 2,
    "uid": "bd-2257836860",
    "publishedVersion": 0,
    "forkFrom": "-",
    "isSpam": 0,
    "version": 1,
    "parentVersion": -1,
    "echartsVersion": "3.7.2",
    "versionCreateTime": "2017-10-11T07:12:31.000Z",
    "html": "",
    "externalScripts": "",
    "updaterUID": "bd-2257836860",
    "theme": "",
    "layout": "",
    "viewCount": 10,
    "userName": "151*****175",
    "commentCount": 0,
    "starCount": 0,
    "isStared": 0,
    "thumbnailURL": "https://www.makeapie.com/ecg-storage/ec_gallery_thumbnail/xrJwD4Sohb.png?v=1507705951079",
    "isCustomThumbnail": 0,
    "builtinTags": [
        "category-work",
        "grid",
        "series-line",
        "title"
    ],
    "customTags": [],
    "updaterUserName": "151*****175"
}