{
    "cid": "xrJYmBu22Z",
    "authorUid": "bd-2302143762",
    "authorUserName": "二杆子1995",
    "title": "多x y轴数据",
    "description": "",
    "latestVersion": 4,
    "alwaysLatest": 1,
    "createTime": "2017-10-12T04:52:48.000Z",
    "lastUpdateTime": "2017-10-12T04:52:48.000Z",
    "auth": 1,
    "uid": "bd-2302143762",
    "publishedVersion": 0,
    "forkFrom": "-",
    "isSpam": 0,
    "version": 4,
    "parentVersion": 3,
    "echartsVersion": "3.7.2",
    "versionCreateTime": "2017-10-12T06:20:29.000Z",
    "html": "",
    "externalScripts": "",
    "updaterUID": "bd-2302143762",
    "theme": "",
    "layout": "",
    "viewCount": 430,
    "userName": "二杆子1995",
    "commentCount": 0,
    "starCount": 0,
    "isStared": 0,
    "thumbnailURL": "https://www.makeapie.com/ecg-storage/ec_gallery_thumbnail/xrJYmBu22Z.png?v=1507789230027",
    "isCustomThumbnail": 0,
    "builtinTags": [
        "category-work",
        "grid",
        "legend",
        "markArea",
        "series-line",
        "toolbox",
        "tooltip"
    ],
    "customTags": [],
    "updaterUserName": "二杆子1995"
}