{
    "cid": "xryDQYt3nZ",
    "authorUid": "bd-1939112099",
    "authorUserName": "长***离",
    "title": "散点图",
    "description": "",
    "latestVersion": 4,
    "alwaysLatest": 1,
    "createTime": "2017-10-12T06:18:06.000Z",
    "lastUpdateTime": "2017-10-12T06:18:06.000Z",
    "auth": 2,
    "uid": "bd-1939112099",
    "publishedVersion": 0,
    "forkFrom": "-",
    "isSpam": 0,
    "version": 4,
    "parentVersion": 3,
    "echartsVersion": "3.8.0",
    "versionCreateTime": "2018-06-12T07:04:36.000Z",
    "html": "",
    "externalScripts": "",
    "updaterUID": "bd-1939112099",
    "theme": "",
    "layout": "",
    "viewCount": 449,
    "userName": "长***离",
    "commentCount": 0,
    "starCount": 2,
    "isStared": 0,
    "thumbnailURL": "https://www.makeapie.com/ecg-storage/ec_gallery_thumbnail/xryDQYt3nZ.png?v=1528787076905",
    "isCustomThumbnail": 0,
    "builtinTags": [
        "category-work",
        "grid",
        "legend",
        "series-scatter"
    ],
    "customTags": [],
    "updaterUserName": "长***离"
}