{
    "cid": "xS1qnEGo3W",
    "authorUid": "bd-2257836860",
    "authorUserName": "151*****175",
    "title": "发放金额走势",
    "description": "",
    "latestVersion": 1,
    "alwaysLatest": 1,
    "createTime": "2017-10-11T03:49:06.000Z",
    "lastUpdateTime": "2017-10-11T03:49:06.000Z",
    "auth": 2,
    "uid": "bd-2257836860",
    "publishedVersion": 0,
    "forkFrom": "-",
    "isSpam": 0,
    "version": 1,
    "parentVersion": -1,
    "echartsVersion": "3.7.2",
    "versionCreateTime": "2017-10-11T03:49:06.000Z",
    "html": "",
    "externalScripts": "",
    "updaterUID": "bd-2257836860",
    "theme": "shine",
    "layout": "",
    "viewCount": 30,
    "userName": "151*****175",
    "commentCount": 0,
    "starCount": 0,
    "isStared": 0,
    "thumbnailURL": "https://www.makeapie.com/ecg-storage/ec_gallery_thumbnail/xS1qnEGo3W.png?v=1507693746572",
    "isCustomThumbnail": 0,
    "builtinTags": [
        "category-work",
        "grid",
        "legend",
        "series-line",
        "title",
        "toolbox",
        "tooltip"
    ],
    "customTags": [],
    "updaterUserName": "151*****175"
}