{
    "cid": "xSkRVnbinZ",
    "authorUid": "bd-2257836860",
    "authorUserName": "151*****175",
    "title": "来源占比2",
    "description": "虚构数据",
    "latestVersion": 1,
    "alwaysLatest": 1,
    "createTime": "2017-10-11T03:12:54.000Z",
    "lastUpdateTime": "2017-10-11T03:12:54.000Z",
    "auth": 2,
    "uid": "bd-2257836860",
    "publishedVersion": 0,
    "forkFrom": "-",
    "isSpam": 0,
    "version": 1,
    "parentVersion": -1,
    "echartsVersion": "3.7.2",
    "versionCreateTime": "2017-10-11T03:12:54.000Z",
    "html": "",
    "externalScripts": "",
    "updaterUID": "bd-2257836860",
    "theme": "shine",
    "layout": "",
    "viewCount": 81,
    "userName": "151*****175",
    "commentCount": 0,
    "starCount": 0,
    "isStared": 0,
    "thumbnailURL": "https://www.makeapie.com/ecg-storage/ec_gallery_thumbnail/xSkRVnbinZ.png?v=1507691574505",
    "isCustomThumbnail": 0,
    "builtinTags": [
        "category-work",
        "legend",
        "series-pie",
        "title",
        "tooltip"
    ],
    "customTags": [],
    "updaterUserName": "151*****175"
}