{
    "cid": "x-UP5sR7eV",
    "authorUid": "bd-2013481626",
    "authorUserName": "じ***ゞ",
    "title": "展示风向标",
    "description": "风速+风向",
    "latestVersion": 2,
    "alwaysLatest": 1,
    "createTime": "2019-07-29T10:53:54.000Z",
    "lastUpdateTime": "2019-07-29T10:53:54.000Z",
    "auth": 2,
    "uid": "bd-2013481626",
    "publishedVersion": 0,
    "forkFrom": "-",
    "isSpam": 0,
    "version": 2,
    "parentVersion": 1,
    "echartsVersion": "4.8.0",
    "versionCreateTime": "2020-08-28T06:39:02.000Z",
    "html": "",
    "externalScripts": "",
    "updaterUID": "bd-2013481626",
    "theme": "",
    "layout": "",
    "viewCount": 1008,
    "userName": "じ***ゞ",
    "commentCount": 0,
    "starCount": 4,
    "isStared": 0,
    "thumbnailURL": "https://www.makeapie.com/ecg-storage/ec_gallery_thumbnail/x-UP5sR7eV.png?v=1598596742462",
    "isCustomThumbnail": 0,
    "builtinTags": [
        "category-work",
        "dataZoom",
        "grid",
        "series-line",
        "title",
        "tooltip"
    ],
    "customTags": [],
    "updaterUserName": "じ***ゞ"
}