{
    "cid": "x0OWfXnLg4",
    "authorUid": "bd-3996849279",
    "authorUserName": "N***1",
    "title": "雷达图-对比",
    "description": "模拟数据",
    "latestVersion": 6,
    "alwaysLatest": 1,
    "createTime": "2019-07-29T07:03:35.000Z",
    "lastUpdateTime": "2019-07-29T07:03:35.000Z",
    "auth": 2,
    "uid": "bd-3996849279",
    "publishedVersion": 0,
    "forkFrom": "-",
    "isSpam": 0,
    "version": 6,
    "parentVersion": 5,
    "echartsVersion": "4.2.1",
    "versionCreateTime": "2019-08-28T08:21:47.000Z",
    "html": "",
    "externalScripts": "",
    "updaterUID": "bd-3996849279",
    "theme": "",
    "layout": "",
    "viewCount": 1261,
    "userName": "N***1",
    "commentCount": 0,
    "starCount": 3,
    "isStared": 0,
    "thumbnailURL": "https://www.makeapie.com/ecg-storage/ec_gallery_thumbnail/x0OWfXnLg4.png?v=1566980508023",
    "isCustomThumbnail": 0,
    "builtinTags": [
        "category-work",
        "legend",
        "radar",
        "series-radar",
        "title",
        "tooltip"
    ],
    "customTags": [],
    "updaterUserName": "N***1"
}