{
    "cid": "x5L0YBfReB",
    "authorUid": "bd-241258636",
    "authorUserName": "木***戒",
    "title": "本月同比上月上升、下降值",
    "description": "",
    "latestVersion": 1,
    "alwaysLatest": 1,
    "createTime": "2019-07-29T07:16:32.000Z",
    "lastUpdateTime": "2019-07-29T07:16:32.000Z",
    "auth": 2,
    "uid": "bd-241258636",
    "publishedVersion": 0,
    "forkFrom": "-",
    "isSpam": 0,
    "version": 1,
    "parentVersion": -1,
    "echartsVersion": "4.2.1",
    "versionCreateTime": "2019-07-29T07:16:32.000Z",
    "html": "",
    "externalScripts": "",
    "updaterUID": "bd-241258636",
    "theme": "",
    "layout": "",
    "viewCount": 509,
    "userName": "木***戒",
    "commentCount": 0,
    "starCount": 4,
    "isStared": 0,
    "thumbnailURL": "https://www.makeapie.com/ecg-storage/ec_gallery_thumbnail/x5L0YBfReB.png?v=1564384592777",
    "isCustomThumbnail": 0,
    "builtinTags": [
        "category-work",
        "grid",
        "series-bar"
    ],
    "customTags": [],
    "updaterUserName": "木***戒"
}