{
    "cid": "xATo7tbw2o",
    "authorUid": "bd-1515647365",
    "authorUserName": "沙***薇",
    "title": "能耗与温度检测",
    "description": "能耗与室内外温湿度",
    "latestVersion": 2,
    "alwaysLatest": 1,
    "createTime": "2019-07-30T09:37:39.000Z",
    "lastUpdateTime": "2019-07-30T09:37:39.000Z",
    "auth": 2,
    "uid": "bd-1515647365",
    "publishedVersion": 0,
    "forkFrom": "-",
    "isSpam": 0,
    "version": 2,
    "parentVersion": 1,
    "echartsVersion": "4.2.1",
    "versionCreateTime": "2019-07-30T09:38:53.000Z",
    "html": "",
    "externalScripts": "",
    "updaterUID": "bd-1515647365",
    "theme": "",
    "layout": "",
    "viewCount": 247,
    "userName": "沙***薇",
    "commentCount": 0,
    "starCount": 2,
    "isStared": 0,
    "thumbnailURL": "https://www.makeapie.com/ecg-storage/ec_gallery_thumbnail/xATo7tbw2o.png?v=1564479533660",
    "isCustomThumbnail": 0,
    "builtinTags": [
        "category-work",
        "dataZoom",
        "grid",
        "legend",
        "markArea",
        "series-line",
        "title",
        "toolbox",
        "tooltip"
    ],
    "customTags": [],
    "updaterUserName": "沙***薇"
}