{
    "cid": "xaW_MEm-TN",
    "authorUid": "bd-2167339596",
    "authorUserName": "x***x",
    "title": "计划完成率",
    "description": "",
    "latestVersion": 2,
    "alwaysLatest": 1,
    "createTime": "2019-07-30T01:27:55.000Z",
    "lastUpdateTime": "2019-10-23T03:21:45.000Z",
    "auth": 2,
    "uid": "bd-2167339596",
    "publishedVersion": 0,
    "forkFrom": "-",
    "isSpam": 0,
    "version": 2,
    "parentVersion": 1,
    "echartsVersion": "4.2.1",
    "versionCreateTime": "2019-07-30T02:13:55.000Z",
    "html": "",
    "externalScripts": "",
    "updaterUID": "bd-2167339596",
    "theme": "",
    "layout": "{\"name\":\"Nx1\",\"width\":[\"100%\"],\"height\":[\"50%\",\"50%\"]}",
    "viewCount": 865,
    "userName": "x***x",
    "commentCount": 0,
    "starCount": 4,
    "isStared": 0,
    "thumbnailURL": "https://www.makeapie.com/ecg-storage/ec_gallery_thumbnail/xaW_MEm-TN.png?v=1564452835232",
    "isCustomThumbnail": 0,
    "builtinTags": [],
    "customTags": [],
    "updaterUserName": "x***x"
}