{
    "cid": "xcmpqWpaE8",
    "authorUid": "bd-3656130145",
    "authorUserName": "8***e",
    "title": "南丁格尔玫瑰图",
    "description": "",
    "latestVersion": 1,
    "alwaysLatest": 1,
    "createTime": "2019-07-28T10:48:07.000Z",
    "lastUpdateTime": "2019-07-28T10:48:07.000Z",
    "auth": 2,
    "uid": "bd-3656130145",
    "publishedVersion": 0,
    "forkFrom": "-",
    "isSpam": 0,
    "version": 1,
    "parentVersion": -1,
    "echartsVersion": "4.2.1",
    "versionCreateTime": "2019-07-28T10:48:08.000Z",
    "html": "",
    "externalScripts": "",
    "updaterUID": "bd-3656130145",
    "theme": "",
    "layout": "",
    "viewCount": 86,
    "userName": "8***e",
    "commentCount": 0,
    "starCount": 0,
    "isStared": 0,
    "thumbnailURL": "https://www.makeapie.com/ecg-storage/ec_gallery_thumbnail/xcmpqWpaE8.png?v=1564310888103",
    "isCustomThumbnail": 0,
    "builtinTags": [
        "category-work",
        "legend",
        "series-pie",
        "title",
        "toolbox",
        "tooltip"
    ],
    "customTags": [],
    "updaterUserName": "8***e"
}