{
    "cid": "xePDYqL-OC",
    "authorUid": "bd-173256095",
    "authorUserName": "小***8",
    "title": "堆叠条形图联动饼状图",
    "description": "加上平均值",
    "latestVersion": 5,
    "alwaysLatest": 1,
    "createTime": "2019-07-30T08:43:47.000Z",
    "lastUpdateTime": "2019-07-30T08:43:47.000Z",
    "auth": 2,
    "uid": "bd-173256095",
    "publishedVersion": 0,
    "forkFrom": "-",
    "isSpam": 0,
    "version": 5,
    "parentVersion": 4,
    "echartsVersion": "4.2.1",
    "versionCreateTime": "2019-07-31T10:13:06.000Z",
    "html": "",
    "externalScripts": "",
    "updaterUID": "bd-173256095",
    "theme": "",
    "layout": "",
    "viewCount": 170,
    "userName": "小***8",
    "commentCount": 0,
    "starCount": 1,
    "isStared": 0,
    "thumbnailURL": "https://www.makeapie.com/ecg-storage/ec_gallery_thumbnail/xePDYqL-OC.png?v=1564567986537",
    "isCustomThumbnail": 0,
    "builtinTags": [
        "category-work",
        "dataset",
        "grid",
        "legend",
        "markLine",
        "series-bar",
        "series-line",
        "series-pie",
        "tooltip"
    ],
    "customTags": [],
    "updaterUserName": "小***8"
}