{
    "cid": "xIKKZPgb16Q",
    "authorUid": "bd-2421545895",
    "authorUserName": "顾***芳",
    "title": "",
    "description": "",
    "latestVersion": 2,
    "alwaysLatest": 1,
    "createTime": "2019-07-30T08:43:10.000Z",
    "lastUpdateTime": "2021-10-20T05:56:03.000Z",
    "auth": 2,
    "uid": "bd-2421545895",
    "publishedVersion": 0,
    "forkFrom": "-",
    "isSpam": 0,
    "version": 2,
    "parentVersion": 1,
    "echartsVersion": "4.9.0",
    "versionCreateTime": "2021-10-20T05:56:03.000Z",
    "html": "",
    "externalScripts": "",
    "updaterUID": "bd-2421545895",
    "theme": "",
    "layout": "",
    "viewCount": 49,
    "userName": "顾***芳",
    "commentCount": 0,
    "starCount": 2,
    "isStared": 0,
    "thumbnailURL": "https://www.makeapie.com/ecg-storage/ec_gallery_thumbnail/xIKKZPgb16Q.png?v=1634709363436",
    "isCustomThumbnail": 0,
    "builtinTags": [
        "category-work",
        "grid",
        "series-pictorialBar",
        "tooltip"
    ],
    "customTags": [],
    "updaterUserName": "顾***芳"
}