{
    "cid": "xOsRXTJnrR",
    "authorUid": "bd-2941282864",
    "authorUserName": "l***f",
    "title": "柱图重叠",
    "description": " \"barGap\": \"-100%\",",
    "latestVersion": 3,
    "alwaysLatest": 1,
    "createTime": "2019-07-28T09:13:32.000Z",
    "lastUpdateTime": "2019-07-28T09:13:32.000Z",
    "auth": 2,
    "uid": "bd-2941282864",
    "publishedVersion": 0,
    "forkFrom": "-",
    "isSpam": 0,
    "version": 3,
    "parentVersion": 2,
    "echartsVersion": "4.4.0",
    "versionCreateTime": "2019-10-16T09:45:16.000Z",
    "html": "",
    "externalScripts": "",
    "updaterUID": "bd-2941282864",
    "theme": "",
    "layout": "",
    "viewCount": 110,
    "userName": "l***f",
    "commentCount": 0,
    "starCount": 1,
    "isStared": 0,
    "thumbnailURL": "https://www.makeapie.com/ecg-storage/ec_gallery_thumbnail/xOsRXTJnrR.png?v=1571219117015",
    "isCustomThumbnail": 0,
    "builtinTags": [
        "category-work",
        "grid",
        "legend",
        "series-bar",
        "tooltip"
    ],
    "customTags": [],
    "updaterUserName": "l***f"
}