{
    "cid": "xPZxZoPCxP",
    "authorUid": "bd-3356326692",
    "authorUserName": "x***y",
    "title": "横轴加粗问题",
    "description": "",
    "latestVersion": 2,
    "alwaysLatest": 1,
    "createTime": "2019-07-29T09:56:34.000Z",
    "lastUpdateTime": "2019-07-29T09:56:34.000Z",
    "auth": 1,
    "uid": "bd-3356326692",
    "publishedVersion": 0,
    "forkFrom": "-",
    "isSpam": 0,
    "version": 2,
    "parentVersion": 1,
    "echartsVersion": "4.2.1",
    "versionCreateTime": "2019-07-29T11:41:44.000Z",
    "html": "",
    "externalScripts": "",
    "updaterUID": "bd-2852386591",
    "theme": "",
    "layout": "",
    "viewCount": 78,
    "userName": "x***y",
    "commentCount": 0,
    "starCount": 1,
    "isStared": 0,
    "thumbnailURL": "https://www.makeapie.com/ecg-storage/ec_gallery_thumbnail/xPZxZoPCxP.png?v=1564400505043",
    "isCustomThumbnail": 0,
    "builtinTags": [
        "category-work",
        "grid",
        "series-bar",
        "tooltip"
    ],
    "customTags": [],
    "updaterUserName": "h***k"
}