{
    "cid": "xufBLZFhyj",
    "authorUid": "bd-1501584058",
    "authorUserName": "浅***尽",
    "title": "多坐标轴联动",
    "description": "在相同x轴下实现多个y轴，使多个坐标轴联动起来",
    "latestVersion": 1,
    "alwaysLatest": 1,
    "createTime": "2019-07-29T09:50:21.000Z",
    "lastUpdateTime": "2019-07-29T09:50:21.000Z",
    "auth": 2,
    "uid": "bd-1501584058",
    "publishedVersion": 0,
    "forkFrom": "-",
    "isSpam": 0,
    "version": 1,
    "parentVersion": -1,
    "echartsVersion": "4.2.1",
    "versionCreateTime": "2019-07-29T09:50:21.000Z",
    "html": "",
    "externalScripts": "",
    "updaterUID": "bd-1501584058",
    "theme": "",
    "layout": "",
    "viewCount": 98,
    "userName": "浅***尽",
    "commentCount": 0,
    "starCount": 0,
    "isStared": 0,
    "thumbnailURL": "https://www.makeapie.com/ecg-storage/ec_gallery_thumbnail/xufBLZFhyj.png?v=1564393821303",
    "isCustomThumbnail": 0,
    "builtinTags": [
        "category-work",
        "dataZoom",
        "grid",
        "series-line",
        "tooltip"
    ],
    "customTags": [],
    "updaterUserName": "浅***尽"
}