{
    "cid": "xXvZGhhWGA",
    "authorUid": "bd-3348891277",
    "authorUserName": "乐***8",
    "title": "Disk Usage",
    "description": "",
    "latestVersion": 1,
    "alwaysLatest": 1,
    "createTime": "2019-07-26T10:03:43.000Z",
    "lastUpdateTime": "2019-07-26T10:03:43.000Z",
    "auth": 2,
    "uid": "bd-3348891277",
    "publishedVersion": 0,
    "forkFrom": "-",
    "isSpam": 0,
    "version": 1,
    "parentVersion": -1,
    "echartsVersion": "4.2.1",
    "versionCreateTime": "2019-07-26T10:03:43.000Z",
    "html": "",
    "externalScripts": "",
    "updaterUID": "bd-3348891277",
    "theme": "",
    "layout": "",
    "viewCount": 771,
    "userName": "乐***8",
    "commentCount": 0,
    "starCount": 0,
    "isStared": 0,
    "thumbnailURL": "https://www.makeapie.com/ecg-storage/ec_gallery_thumbnail/xXvZGhhWGA.png?v=1564135423565",
    "isCustomThumbnail": 0,
    "builtinTags": [
        "category-work",
        "series-treemap",
        "title",
        "tooltip"
    ],
    "customTags": [],
    "updaterUserName": "乐***8"
}