{
    "cid": "xBJbIXMSq-",
    "authorUid": "bd-2215764494",
    "authorUserName": "p***g",
    "title": "Global wind visualization",
    "description": "",
    "latestVersion": 4,
    "alwaysLatest": 1,
    "createTime": "2017-09-12T07:56:56.000Z",
    "lastUpdateTime": "2017-09-12T07:56:56.000Z",
    "auth": 2,
    "uid": "bd-2215764494",
    "publishedVersion": 0,
    "forkFrom": "-",
    "isSpam": 0,
    "version": 4,
    "parentVersion": 3,
    "echartsVersion": "3.7.1",
    "versionCreateTime": "2017-09-12T08:05:18.000Z",
    "html": "",
    "externalScripts": "http://echarts.baidu.com/resource/echarts-gl-latest/dist/echarts-gl.min.js,http://api.map.baidu.com/api?v=2.0&ak=ZUONbpqGBsYGXNIYHicvbAbM,/dep/echarts/latest/extension/bmap.min.js",
    "updaterUID": "bd-2215764494",
    "theme": "",
    "layout": "",
    "viewCount": 3636,
    "userName": "p***g",
    "commentCount": 0,
    "starCount": 6,
    "isStared": 0,
    "thumbnailURL": "https://www.makeapie.com/ecg-storage/ec_gallery_thumbnail/xBJbIXMSq-.png?v=1505203020775",
    "isCustomThumbnail": 1,
    "builtinTags": [
        "category-work"
    ],
    "customTags": [
        "echarts-gl"
    ],
    "updaterUserName": "p***g"
}