{
    "cid": "xBkqPU88c-",
    "authorUid": "bd-4247789592",
    "authorUserName": "fan3652",
    "title": "折线堆积柱状图",
    "description": "",
    "latestVersion": 1,
    "alwaysLatest": 1,
    "createTime": "2017-09-13T06:55:29.000Z",
    "lastUpdateTime": "2017-09-13T06:55:29.000Z",
    "auth": 2,
    "uid": "bd-4247789592",
    "publishedVersion": 0,
    "forkFrom": "-",
    "isSpam": 0,
    "version": 1,
    "parentVersion": -1,
    "echartsVersion": "3.7.1",
    "versionCreateTime": "2017-09-13T06:55:29.000Z",
    "html": "",
    "externalScripts": "",
    "updaterUID": "bd-4247789592",
    "theme": "",
    "layout": "",
    "viewCount": 996,
    "userName": "fan3652",
    "commentCount": 0,
    "starCount": 6,
    "isStared": 0,
    "thumbnailURL": "https://www.makeapie.com/ecg-storage/ec_gallery_thumbnail/xBkqPU88c-.png?v=1505285729625",
    "isCustomThumbnail": 0,
    "builtinTags": [
        "category-work",
        "grid",
        "legend",
        "series-bar",
        "series-line",
        "toolbox",
        "tooltip"
    ],
    "customTags": [],
    "updaterUserName": "fan3652"
}