{
    "cid": "xBkZELaQ9b",
    "authorUid": "bd-3769424993",
    "authorUserName": "w***啊",
    "title": "简化的3D柱状图",
    "description": "数据规整，简单易看",
    "latestVersion": 4,
    "alwaysLatest": 1,
    "createTime": "2017-09-11T08:15:37.000Z",
    "lastUpdateTime": "2017-09-11T08:15:37.000Z",
    "auth": 2,
    "uid": "bd-3769424993",
    "publishedVersion": 0,
    "forkFrom": "-",
    "isSpam": 0,
    "version": 4,
    "parentVersion": 3,
    "echartsVersion": "3.7.1",
    "versionCreateTime": "2017-09-12T01:20:33.000Z",
    "html": "",
    "externalScripts": "http://echarts.baidu.com/resource/echarts-gl-latest/dist/echarts-gl.min.js",
    "updaterUID": "bd-3769424993",
    "theme": "",
    "layout": "",
    "viewCount": 6331,
    "userName": "w***啊",
    "commentCount": 16,
    "starCount": 27,
    "isStared": 0,
    "thumbnailURL": "https://www.makeapie.com/ecg-storage/ec_gallery_thumbnail/xBkZELaQ9b.png?v=1505179233591",
    "isCustomThumbnail": 0,
    "builtinTags": [
        "category-work",
        "grid3D",
        "series-bar3D",
        "tooltip"
    ],
    "customTags": [],
    "updaterUserName": "w***啊"
}