{
    "cid": "xHJTwNiDq-",
    "authorUid": "bd-1125403132",
    "authorUserName": "灯应橙",
    "title": "实时流量折线图",
    "description": "不同拐点标志折线图",
    "latestVersion": 2,
    "alwaysLatest": 1,
    "createTime": "2017-09-14T06:40:37.000Z",
    "lastUpdateTime": "2017-09-14T06:40:37.000Z",
    "auth": 2,
    "uid": "bd-1125403132",
    "publishedVersion": 0,
    "forkFrom": "-",
    "isSpam": 0,
    "version": 2,
    "parentVersion": 1,
    "echartsVersion": "3.7.1",
    "versionCreateTime": "2017-09-14T08:15:51.000Z",
    "html": "",
    "externalScripts": "",
    "updaterUID": "bd-1125403132",
    "theme": "",
    "layout": "",
    "viewCount": 636,
    "userName": "灯应橙",
    "commentCount": 0,
    "starCount": 5,
    "isStared": 0,
    "thumbnailURL": "https://www.makeapie.com/ecg-storage/ec_gallery_thumbnail/xHJTwNiDq-.png?v=1505376951443",
    "isCustomThumbnail": 0,
    "builtinTags": [
        "category-work",
        "grid",
        "legend",
        "series-line",
        "title",
        "toolbox",
        "tooltip"
    ],
    "customTags": [],
    "updaterUserName": "灯应橙"
}