{
    "cid": "xHy6MlRk9W",
    "authorUid": "bd-1245979803",
    "authorUserName": "d***t",
    "title": "XX专业大一课程表",
    "description": "数据虚构",
    "latestVersion": 14,
    "alwaysLatest": 1,
    "createTime": "2017-09-08T08:08:52.000Z",
    "lastUpdateTime": "2017-09-08T08:08:52.000Z",
    "auth": 2,
    "uid": "bd-1245979803",
    "publishedVersion": 0,
    "forkFrom": "-",
    "isSpam": 0,
    "version": 14,
    "parentVersion": 13,
    "echartsVersion": "3.8.0",
    "versionCreateTime": "2020-10-21T02:26:37.000Z",
    "html": "",
    "externalScripts": "",
    "updaterUID": "bd-1245979803",
    "theme": "",
    "layout": "",
    "viewCount": 652,
    "userName": "d***t",
    "commentCount": 0,
    "starCount": 4,
    "isStared": 0,
    "thumbnailURL": "https://www.makeapie.com/ecg-storage/ec_gallery_thumbnail/xHy6MlRk9W.png?v=1603247197294",
    "isCustomThumbnail": 0,
    "builtinTags": [
        "category-work",
        "grid",
        "legend",
        "series-scatter",
        "title",
        "toolbox",
        "tooltip"
    ],
    "customTags": [],
    "updaterUserName": "d***t"
}