{
    "cid": "xHyidLwU5b",
    "authorUid": "bd-2386579279",
    "authorUserName": "m***橘",
    "title": "双轴曲线与柱状图",
    "description": "双轴曲线line与柱状图bar",
    "latestVersion": 1,
    "alwaysLatest": 1,
    "createTime": "2017-09-13T08:04:02.000Z",
    "lastUpdateTime": "2017-09-13T08:04:02.000Z",
    "auth": 2,
    "uid": "bd-2386579279",
    "publishedVersion": 0,
    "forkFrom": "-",
    "isSpam": 0,
    "version": 1,
    "parentVersion": -1,
    "echartsVersion": "3.7.1",
    "versionCreateTime": "2017-09-13T08:04:02.000Z",
    "html": "",
    "externalScripts": "",
    "updaterUID": "bd-2386579279",
    "theme": "",
    "layout": "",
    "viewCount": 113,
    "userName": "m***橘",
    "commentCount": 0,
    "starCount": 0,
    "isStared": 0,
    "thumbnailURL": "https://www.makeapie.com/ecg-storage/ec_gallery_thumbnail/xHyidLwU5b.png?v=1505289842737",
    "isCustomThumbnail": 0,
    "builtinTags": [
        "category-work",
        "grid",
        "series-bar",
        "series-line",
        "tooltip"
    ],
    "customTags": [],
    "updaterUserName": "m***橘"
}