{
    "cid": "xHyQWNvDcb",
    "authorUid": "bd-2386579279",
    "authorUserName": "m***橘",
    "title": "水泡图demo",
    "description": "水泡图样式demo 共享",
    "latestVersion": 2,
    "alwaysLatest": 1,
    "createTime": "2017-09-14T02:05:47.000Z",
    "lastUpdateTime": "2017-09-14T02:05:47.000Z",
    "auth": 2,
    "uid": "bd-2386579279",
    "publishedVersion": 0,
    "forkFrom": "-",
    "isSpam": 0,
    "version": 2,
    "parentVersion": 1,
    "echartsVersion": "3.7.1",
    "versionCreateTime": "2017-09-14T02:53:09.000Z",
    "html": "",
    "externalScripts": "http://echarts.baidu.com/resource/echarts-liquidfill-latest/dist/echarts-liquidfill.min.js",
    "updaterUID": "bd-2386579279",
    "theme": "",
    "layout": "",
    "viewCount": 1729,
    "userName": "m***橘",
    "commentCount": 0,
    "starCount": 6,
    "isStared": 0,
    "thumbnailURL": "https://www.makeapie.com/ecg-storage/ec_gallery_thumbnail/xHyQWNvDcb.png?v=1505357589700",
    "isCustomThumbnail": 0,
    "builtinTags": [
        "category-work",
        "series-liquidFill",
        "title",
        "tooltip"
    ],
    "customTags": [],
    "updaterUserName": "m***橘"
}