{
    "cid": "xrJEwtpE5-",
    "authorUid": "bd-3769424993",
    "authorUserName": "w***啊",
    "title": "堆叠柱状图3D",
    "description": "",
    "latestVersion": 2,
    "alwaysLatest": 1,
    "createTime": "2017-09-12T02:41:31.000Z",
    "lastUpdateTime": "2017-09-12T02:41:31.000Z",
    "auth": 2,
    "uid": "bd-3769424993",
    "publishedVersion": 0,
    "forkFrom": "-",
    "isSpam": 0,
    "version": 2,
    "parentVersion": 1,
    "echartsVersion": "3.7.1",
    "versionCreateTime": "2017-09-13T06:13:33.000Z",
    "html": "",
    "externalScripts": "http://echarts.baidu.com/resource/echarts-gl-latest/dist/echarts-gl.min.js",
    "updaterUID": "bd-3769424993",
    "theme": "",
    "layout": "",
    "viewCount": 716,
    "userName": "w***啊",
    "commentCount": 0,
    "starCount": 1,
    "isStared": 0,
    "thumbnailURL": "https://www.makeapie.com/ecg-storage/ec_gallery_thumbnail/xrJEwtpE5-.png?v=1505283213929",
    "isCustomThumbnail": 0,
    "builtinTags": [
        "category-work",
        "grid3D",
        "legend",
        "series-bar3D",
        "tooltip"
    ],
    "customTags": [],
    "updaterUserName": "w***啊"
}