{
    "cid": "xrkJy50z5b",
    "authorUid": "bd-4130823160",
    "authorUserName": "q***1",
    "title": "Breath Chart",
    "description": "",
    "latestVersion": 7,
    "alwaysLatest": 1,
    "createTime": "2017-09-10T15:27:18.000Z",
    "lastUpdateTime": "2017-09-10T15:27:18.000Z",
    "auth": 2,
    "uid": "bd-4130823160",
    "publishedVersion": 0,
    "forkFrom": "-",
    "isSpam": 0,
    "version": 7,
    "parentVersion": 6,
    "echartsVersion": "3.7.2",
    "versionCreateTime": "2017-11-06T07:35:08.000Z",
    "html": "",
    "externalScripts": "",
    "updaterUID": "bd-4130823160",
    "theme": "",
    "layout": "",
    "viewCount": 155,
    "userName": "q***1",
    "commentCount": 0,
    "starCount": 0,
    "isStared": 0,
    "thumbnailURL": "https://www.makeapie.com/ecg-storage/ec_gallery_thumbnail/xrkJy50z5b.png?v=1509953708975",
    "isCustomThumbnail": 0,
    "builtinTags": [
        "category-work",
        "dataZoom",
        "grid",
        "legend",
        "markLine",
        "markPoint",
        "series-line",
        "title",
        "toolbox",
        "tooltip",
        "visualMap"
    ],
    "customTags": [],
    "updaterUserName": "q***1"
}