{
    "cid": "xrkJtnKJq-",
    "authorUid": "bd-1245979803",
    "authorUserName": "d***t",
    "title": "深湛高铁线路",
    "description": "数据来源百度百科",
    "latestVersion": 32,
    "alwaysLatest": 1,
    "createTime": "2017-09-08T03:20:23.000Z",
    "lastUpdateTime": "2017-09-08T03:20:23.000Z",
    "auth": 2,
    "uid": "bd-1245979803",
    "publishedVersion": 0,
    "forkFrom": "-",
    "isSpam": 0,
    "version": 32,
    "parentVersion": 31,
    "echartsVersion": "3.8.0",
    "versionCreateTime": "2020-10-21T07:27:42.000Z",
    "html": "",
    "externalScripts": "",
    "updaterUID": "bd-1245979803",
    "theme": "",
    "layout": "",
    "viewCount": 7793,
    "userName": "d***t",
    "commentCount": 11,
    "starCount": 18,
    "isStared": 0,
    "thumbnailURL": "https://www.makeapie.com/ecg-storage/ec_gallery_thumbnail/xrkJtnKJq-.png?v=1603265262827",
    "isCustomThumbnail": 0,
    "builtinTags": [
        "category-work",
        "geo",
        "legend",
        "series-effectScatter",
        "series-lines",
        "series-scatter",
        "title"
    ],
    "customTags": [],
    "updaterUserName": "d***t"
}