{
    "cid": "xrkJdNuW5b",
    "authorUid": "bd-1175296831",
    "authorUserName": "U***o",
    "title": "车辆位置信息监控",
    "description": "",
    "latestVersion": 3,
    "alwaysLatest": 1,
    "createTime": "2017-09-09T14:02:14.000Z",
    "lastUpdateTime": "2017-09-09T14:29:57.000Z",
    "auth": 2,
    "uid": "bd-1175296831",
    "publishedVersion": 0,
    "forkFrom": "-",
    "isSpam": 0,
    "version": 3,
    "parentVersion": 2,
    "echartsVersion": "3.7.1",
    "versionCreateTime": "2017-09-09T14:30:24.000Z",
    "html": "",
    "externalScripts": "http://api.map.baidu.com/api?v=2.0&ak=hYCENCEx1nXO0Nt46ldexfG9oI49xBGh,http://echarts.baidu.com/resource/echarts-gl-latest/dist/echarts-gl.min.js,/dep/echarts/latest/extension/bmap.min.js",
    "updaterUID": "bd-1175296831",
    "theme": "default",
    "layout": "",
    "viewCount": 1036,
    "userName": "U***o",
    "commentCount": 0,
    "starCount": 5,
    "isStared": 0,
    "thumbnailURL": "https://www.makeapie.com/ecg-storage/ec_gallery_thumbnail/xrkJdNuW5b.png?v=1504967398936",
    "isCustomThumbnail": 1,
    "builtinTags": [
        "category-work"
    ],
    "customTags": [
        "echarts-glecharts特效车辆散点图"
    ],
    "updaterUserName": "U***o"
}