{
    "cid": "xryCax6Jcb",
    "authorUid": "bd-1225946474",
    "authorUserName": "无聊D木木",
    "title": "",
    "description": "",
    "latestVersion": 1,
    "alwaysLatest": 1,
    "createTime": "2017-09-08T07:03:34.000Z",
    "lastUpdateTime": "2017-09-08T07:03:34.000Z",
    "auth": 1,
    "uid": "bd-1225946474",
    "publishedVersion": 0,
    "forkFrom": "-",
    "isSpam": 0,
    "version": 1,
    "parentVersion": -1,
    "echartsVersion": "3.7.1",
    "versionCreateTime": "2017-09-08T07:03:34.000Z",
    "html": "",
    "externalScripts": "/dep/echarts/latest/extension/bmap.min.js,http://api.map.baidu.com/api?v=2.0&ak=hYCENCEx1nXO0Nt46ldexfG9oI49xBGh,http://echarts.baidu.com/resource/echarts-gl-latest/dist/echarts-gl.min.js,https://cdn.bootcss.com/jquery/2.0.0/jquery.min.js",
    "updaterUID": "bd-1225946474",
    "theme": "",
    "layout": "",
    "viewCount": 49,
    "userName": "无聊D木木",
    "commentCount": 0,
    "starCount": 0,
    "isStared": 0,
    "thumbnailURL": "https://www.makeapie.com/ecg-storage/ec_gallery_thumbnail/xryCax6Jcb.undefined?v=",
    "isCustomThumbnail": 0,
    "builtinTags": [
        "category-work"
    ],
    "customTags": [],
    "updaterUserName": "无聊D木木"
}