{
    "cid": "xS1AQqT7qZ",
    "authorUid": "bd-2215764494",
    "authorUserName": "p***g",
    "title": "Global wind visualization",
    "description": "",
    "latestVersion": 4,
    "alwaysLatest": 1,
    "createTime": "2017-09-11T08:32:37.000Z",
    "lastUpdateTime": "2017-09-11T08:32:37.000Z",
    "auth": 2,
    "uid": "bd-2215764494",
    "publishedVersion": 0,
    "forkFrom": "-",
    "isSpam": 0,
    "version": 4,
    "parentVersion": 3,
    "echartsVersion": "3.7.1",
    "versionCreateTime": "2017-09-11T08:41:24.000Z",
    "html": "",
    "externalScripts": "/dep/echarts/map/js/world.js",
    "updaterUID": "bd-2215764494",
    "theme": "",
    "layout": "",
    "viewCount": 360,
    "userName": "p***g",
    "commentCount": 0,
    "starCount": 1,
    "isStared": 0,
    "thumbnailURL": "https://www.makeapie.com/ecg-storage/ec_gallery_thumbnail/xS1AQqT7qZ.png?v=1505119284494",
    "isCustomThumbnail": 0,
    "builtinTags": [
        "category-work",
        "geo",
        "series-custom",
        "visualMap"
    ],
    "customTags": [],
    "updaterUserName": "p***g"
}