{
    "cid": "xS1HfL2v9b",
    "authorUid": "bd-3021662072",
    "authorUserName": "上帝已封神",
    "title": "geo3D地图",
    "description": "云南geo3D地图，加上标注标签",
    "latestVersion": 2,
    "alwaysLatest": 1,
    "createTime": "2017-09-14T07:55:56.000Z",
    "lastUpdateTime": "2017-09-14T07:55:56.000Z",
    "auth": 2,
    "uid": "bd-3021662072",
    "publishedVersion": 0,
    "forkFrom": "-",
    "isSpam": 0,
    "version": 2,
    "parentVersion": 1,
    "echartsVersion": "3.7.1",
    "versionCreateTime": "2017-09-15T06:43:46.000Z",
    "html": "",
    "externalScripts": "http://echarts.baidu.com/resource/echarts-gl-latest/dist/echarts-gl.min.js,/dep/echarts/map/js/province/yunnan.js",
    "updaterUID": "bd-3021662072",
    "theme": "",
    "layout": "",
    "viewCount": 110,
    "userName": "上帝已封神",
    "commentCount": 0,
    "starCount": 0,
    "isStared": 0,
    "thumbnailURL": "https://www.makeapie.com/ecg-storage/ec_gallery_thumbnail/xS1HfL2v9b.png?v=1505457826494",
    "isCustomThumbnail": 0,
    "builtinTags": [
        "category-work",
        "geo3D",
        "series-scatter3D"
    ],
    "customTags": [],
    "updaterUserName": "上帝已封神"
}