{
    "cid": "xSJtoKtG5Z",
    "authorUid": "bd-2200857278",
    "authorUserName": "d***4",
    "title": "股票分时图",
    "description": "",
    "latestVersion": 9,
    "alwaysLatest": 1,
    "createTime": "2017-09-10T09:45:05.000Z",
    "lastUpdateTime": "2017-09-10T09:45:05.000Z",
    "auth": 2,
    "uid": "bd-2200857278",
    "publishedVersion": 0,
    "forkFrom": "-",
    "isSpam": 0,
    "version": 9,
    "parentVersion": 8,
    "echartsVersion": "3.8.0",
    "versionCreateTime": "2017-11-26T13:17:56.000Z",
    "html": "",
    "externalScripts": "",
    "updaterUID": "bd-2200857278",
    "theme": "",
    "layout": "",
    "viewCount": 523,
    "userName": "d***4",
    "commentCount": 0,
    "starCount": 0,
    "isStared": 0,
    "thumbnailURL": "https://www.makeapie.com/ecg-storage/ec_gallery_thumbnail/xSJtoKtG5Z.png?v=1511702276562",
    "isCustomThumbnail": 0,
    "builtinTags": [
        "category-work",
        "grid",
        "series-line",
        "title",
        "tooltip"
    ],
    "customTags": [
        "stock"
    ],
    "updaterUserName": "d***4"
}