{
    "cid": "xSkdtvzWc-",
    "authorUid": "bd-3006695220",
    "authorUserName": "ZTQ的天空",
    "title": "双坐标",
    "description": "",
    "latestVersion": 1,
    "alwaysLatest": 1,
    "createTime": "2017-09-09T07:25:52.000Z",
    "lastUpdateTime": "2017-09-09T07:25:52.000Z",
    "auth": 2,
    "uid": "bd-3006695220",
    "publishedVersion": 0,
    "forkFrom": "-",
    "isSpam": 0,
    "version": 1,
    "parentVersion": -1,
    "echartsVersion": "3.7.1",
    "versionCreateTime": "2017-09-09T07:25:52.000Z",
    "html": "",
    "externalScripts": "",
    "updaterUID": "bd-3006695220",
    "theme": "",
    "layout": "",
    "viewCount": 87,
    "userName": "ZTQ的天空",
    "commentCount": 0,
    "starCount": 0,
    "isStared": 0,
    "thumbnailURL": "https://www.makeapie.com/ecg-storage/ec_gallery_thumbnail/xSkdtvzWc-.png?v=1504941952540",
    "isCustomThumbnail": 0,
    "builtinTags": [
        "category-work",
        "grid",
        "legend",
        "series-bar",
        "tooltip"
    ],
    "customTags": [],
    "updaterUserName": "ZTQ的天空"
}