{
    "cid": "xSkxSSU85b",
    "authorUid": "bd-3040650561",
    "authorUserName": "灬終點站灬",
    "title": "辽宁省销量",
    "description": "纯属虚构",
    "latestVersion": 1,
    "alwaysLatest": 1,
    "createTime": "2017-09-13T06:50:31.000Z",
    "lastUpdateTime": "2017-09-13T06:50:31.000Z",
    "auth": 2,
    "uid": "bd-3040650561",
    "publishedVersion": 0,
    "forkFrom": "-",
    "isSpam": 0,
    "version": 1,
    "parentVersion": -1,
    "echartsVersion": "3.7.1",
    "versionCreateTime": "2017-09-13T06:50:31.000Z",
    "html": "",
    "externalScripts": "",
    "updaterUID": "bd-3040650561",
    "theme": "",
    "layout": "",
    "viewCount": 579,
    "userName": "灬終點站灬",
    "commentCount": 0,
    "starCount": 0,
    "isStared": 0,
    "thumbnailURL": "https://www.makeapie.com/ecg-storage/ec_gallery_thumbnail/xSkxSSU85b.png?v=1505285432042",
    "isCustomThumbnail": 0,
    "builtinTags": [
        "category-work",
        "legend",
        "series-map",
        "title",
        "toolbox",
        "tooltip",
        "visualMap"
    ],
    "customTags": [],
    "updaterUserName": "灬終點站灬"
}