{
    "cid": "xSyQKBnw9-",
    "authorUid": "bd-2386579279",
    "authorUserName": "m***橘",
    "title": "单曲线图",
    "description": "单曲线图",
    "latestVersion": 1,
    "alwaysLatest": 1,
    "createTime": "2017-09-14T07:53:31.000Z",
    "lastUpdateTime": "2017-09-14T07:53:31.000Z",
    "auth": 2,
    "uid": "bd-2386579279",
    "publishedVersion": 0,
    "forkFrom": "-",
    "isSpam": 0,
    "version": 1,
    "parentVersion": -1,
    "echartsVersion": "3.7.1",
    "versionCreateTime": "2017-09-14T07:53:31.000Z",
    "html": "",
    "externalScripts": "",
    "updaterUID": "bd-2386579279",
    "theme": "",
    "layout": "",
    "viewCount": 64,
    "userName": "m***橘",
    "commentCount": 0,
    "starCount": 0,
    "isStared": 0,
    "thumbnailURL": "https://www.makeapie.com/ecg-storage/ec_gallery_thumbnail/xSyQKBnw9-.png?v=1505375611603",
    "isCustomThumbnail": 0,
    "builtinTags": [
        "category-work",
        "grid",
        "series-line",
        "tooltip"
    ],
    "customTags": [
        "line"
    ],
    "updaterUserName": "m***橘"
}