{
    "cid": "xSySqfa1q-",
    "authorUid": "bd-4130823160",
    "authorUserName": "q***1",
    "title": "睡眠",
    "description": "纯属虚构",
    "latestVersion": 6,
    "alwaysLatest": 1,
    "createTime": "2017-09-08T07:11:08.000Z",
    "lastUpdateTime": "2017-09-08T07:11:08.000Z",
    "auth": 2,
    "uid": "bd-4130823160",
    "publishedVersion": 0,
    "forkFrom": "-",
    "isSpam": 0,
    "version": 6,
    "parentVersion": 5,
    "echartsVersion": "3.7.1",
    "versionCreateTime": "2017-09-09T18:28:46.000Z",
    "html": "",
    "externalScripts": "",
    "updaterUID": "bd-4130823160",
    "theme": "",
    "layout": "",
    "viewCount": 137,
    "userName": "q***1",
    "commentCount": 0,
    "starCount": 1,
    "isStared": 0,
    "thumbnailURL": "https://www.makeapie.com/ecg-storage/ec_gallery_thumbnail/xSySqfa1q-.png?v=1504981726543",
    "isCustomThumbnail": 0,
    "builtinTags": [
        "category-work",
        "legend",
        "series-pie",
        "title",
        "tooltip"
    ],
    "customTags": [],
    "updaterUserName": "q***1"
}