{
    "cid": "x04Y1zdZby",
    "authorUid": "bd-1010675480",
    "authorUserName": "易水1236",
    "title": "本地设备空闲率",
    "description": "",
    "latestVersion": 2,
    "alwaysLatest": 1,
    "createTime": "2019-03-29T10:51:29.000Z",
    "lastUpdateTime": "2019-03-29T10:51:29.000Z",
    "auth": 2,
    "uid": "bd-1010675480",
    "publishedVersion": 0,
    "forkFrom": "-",
    "isSpam": 0,
    "version": 2,
    "parentVersion": 1,
    "echartsVersion": "4.2.1",
    "versionCreateTime": "2019-04-01T08:30:21.000Z",
    "html": "",
    "externalScripts": "",
    "updaterUID": "bd-1010675480",
    "theme": "",
    "layout": "",
    "viewCount": 184,
    "userName": "易水1236",
    "commentCount": 0,
    "starCount": 0,
    "isStared": 0,
    "thumbnailURL": "https://www.makeapie.com/ecg-storage/ec_gallery_thumbnail/x04Y1zdZby.png?v=1554107421386",
    "isCustomThumbnail": 0,
    "builtinTags": [
        "category-work",
        "grid",
        "legend",
        "series-bar",
        "toolbox",
        "tooltip"
    ],
    "customTags": [],
    "updaterUserName": "易水1236"
}