{
    "cid": "x43EUjf-4-",
    "authorUid": "bd-3594932657",
    "authorUserName": "E***g",
    "title": "雷达图-去掉阴影",
    "description": "",
    "latestVersion": 13,
    "alwaysLatest": 1,
    "createTime": "2019-03-31T12:44:29.000Z",
    "lastUpdateTime": "2019-03-31T12:44:29.000Z",
    "auth": 2,
    "uid": "bd-3594932657",
    "publishedVersion": 0,
    "forkFrom": "-",
    "isSpam": 0,
    "version": 13,
    "parentVersion": 12,
    "echartsVersion": "4.2.1",
    "versionCreateTime": "2019-04-02T09:52:40.000Z",
    "html": "",
    "externalScripts": "",
    "updaterUID": "bd-3594932657",
    "theme": "",
    "layout": "",
    "viewCount": 1845,
    "userName": "E***g",
    "commentCount": 0,
    "starCount": 8,
    "isStared": 0,
    "thumbnailURL": "https://www.makeapie.com/ecg-storage/ec_gallery_thumbnail/x43EUjf-4-.png?v=1554198760149",
    "isCustomThumbnail": 0,
    "builtinTags": [
        "category-work",
        "legend",
        "radar",
        "series-radar",
        "title",
        "tooltip"
    ],
    "customTags": [],
    "updaterUserName": "E***g"
}