{
    "cid": "x7IjV0l5ml",
    "authorUid": "bd-18786276",
    "authorUserName": "威***S",
    "title": "基础雷达图",
    "description": "",
    "latestVersion": 3,
    "alwaysLatest": 1,
    "createTime": "2019-04-01T03:30:55.000Z",
    "lastUpdateTime": "2019-04-01T09:21:48.000Z",
    "auth": 2,
    "uid": "bd-18786276",
    "publishedVersion": 0,
    "forkFrom": "-",
    "isSpam": 0,
    "version": 3,
    "parentVersion": 2,
    "echartsVersion": "4.2.1",
    "versionCreateTime": "2019-04-01T06:01:17.000Z",
    "html": "",
    "externalScripts": "",
    "updaterUID": "bd-18786276",
    "theme": "default",
    "layout": "",
    "viewCount": 5317,
    "userName": "威***S",
    "commentCount": 0,
    "starCount": 27,
    "isStared": 0,
    "thumbnailURL": "https://www.makeapie.com/ecg-storage/ec_gallery_thumbnail/x7IjV0l5ml.png?v=1554098477467",
    "isCustomThumbnail": 0,
    "builtinTags": [],
    "customTags": [],
    "updaterUserName": "威***S"
}