{
    "cid": "x_GBbl8zyJ",
    "authorUid": "bd-2133619855",
    "authorUserName": "小***乖",
    "title": "国内产品使用以及分布情况",
    "description": "数据都是假的",
    "latestVersion": 1,
    "alwaysLatest": 1,
    "createTime": "2019-04-02T03:10:27.000Z",
    "lastUpdateTime": "2019-04-02T03:10:27.000Z",
    "auth": 2,
    "uid": "bd-2133619855",
    "publishedVersion": 0,
    "forkFrom": "-",
    "isSpam": 0,
    "version": 1,
    "parentVersion": -1,
    "echartsVersion": "4.2.1",
    "versionCreateTime": "2019-04-02T03:10:27.000Z",
    "html": "",
    "externalScripts": "/dep/echarts/map/js/china.js",
    "updaterUID": "bd-2133619855",
    "theme": "",
    "layout": "",
    "viewCount": 3630,
    "userName": "小***乖",
    "commentCount": 0,
    "starCount": 9,
    "isStared": 0,
    "thumbnailURL": "https://www.makeapie.com/ecg-storage/ec_gallery_thumbnail/x_GBbl8zyJ.png?v=1554174627275",
    "isCustomThumbnail": 0,
    "builtinTags": [
        "category-work",
        "geo",
        "series-map",
        "tooltip",
        "visualMap"
    ],
    "customTags": [],
    "updaterUserName": "小***乖"
}