{
    "cid": "xaWNU2Rvbg",
    "authorUid": "bd-2133619855",
    "authorUserName": "小***乖",
    "title": "项目-人次变化趋势",
    "description": "肺悦项目-人次变化",
    "latestVersion": 6,
    "alwaysLatest": 1,
    "createTime": "2019-04-02T02:01:17.000Z",
    "lastUpdateTime": "2019-04-02T02:01:17.000Z",
    "auth": 2,
    "uid": "bd-2133619855",
    "publishedVersion": 0,
    "forkFrom": "-",
    "isSpam": 0,
    "version": 6,
    "parentVersion": 5,
    "echartsVersion": "4.2.1",
    "versionCreateTime": "2019-05-13T10:18:13.000Z",
    "html": "",
    "externalScripts": "",
    "updaterUID": "bd-2133619855",
    "theme": "",
    "layout": "",
    "viewCount": 256,
    "userName": "小***乖",
    "commentCount": 0,
    "starCount": 1,
    "isStared": 0,
    "thumbnailURL": "https://www.makeapie.com/ecg-storage/ec_gallery_thumbnail/xaWNU2Rvbg.png?v=1557742693139",
    "isCustomThumbnail": 0,
    "builtinTags": [
        "category-work",
        "dataZoom",
        "grid",
        "series-line",
        "title",
        "tooltip"
    ],
    "customTags": [],
    "updaterUserName": "小***乖"
}