{
    "cid": "xcxK9CRmZZ",
    "authorUid": "bd-3205003534",
    "authorUserName": "xiaoniaozhijia",
    "title": "中国新一线城市房价",
    "description": "房价和工资",
    "latestVersion": 4,
    "alwaysLatest": 1,
    "createTime": "2019-03-29T07:39:02.000Z",
    "lastUpdateTime": "2019-03-29T07:39:02.000Z",
    "auth": 2,
    "uid": "bd-3205003534",
    "publishedVersion": 0,
    "forkFrom": "-",
    "isSpam": 0,
    "version": 4,
    "parentVersion": 3,
    "echartsVersion": "4.2.1",
    "versionCreateTime": "2019-03-30T03:26:37.000Z",
    "html": "",
    "externalScripts": "/dep/echarts/map/js/china.js",
    "updaterUID": "bd-3205003534",
    "theme": "",
    "layout": "",
    "viewCount": 794,
    "userName": "xiaoniaozhijia",
    "commentCount": 0,
    "starCount": 4,
    "isStared": 0,
    "thumbnailURL": "https://www.makeapie.com/ecg-storage/ec_gallery_thumbnail/xcxK9CRmZZ.png?v=1553916397546",
    "isCustomThumbnail": 0,
    "builtinTags": [
        "category-work",
        "geo",
        "grid",
        "series-bar",
        "title"
    ],
    "customTags": [],
    "updaterUserName": "xiaoniaozhijia"
}