{
    "cid": "xEdlz8tkCo",
    "authorUid": "bd-1010675480",
    "authorUserName": "易水1236",
    "title": "集群GPU空闲率对比",
    "description": "",
    "latestVersion": 4,
    "alwaysLatest": 1,
    "createTime": "2019-04-01T08:29:22.000Z",
    "lastUpdateTime": "2019-04-01T08:29:22.000Z",
    "auth": 2,
    "uid": "bd-1010675480",
    "publishedVersion": 0,
    "forkFrom": "-",
    "isSpam": 0,
    "version": 4,
    "parentVersion": 1,
    "echartsVersion": "4.2.1",
    "versionCreateTime": "2019-04-08T09:02:34.000Z",
    "html": "",
    "externalScripts": "",
    "updaterUID": "bd-1010675480",
    "theme": "shine",
    "layout": "",
    "viewCount": 34,
    "userName": "易水1236",
    "commentCount": 0,
    "starCount": 0,
    "isStared": 0,
    "thumbnailURL": "https://www.makeapie.com/ecg-storage/ec_gallery_thumbnail/xEdlz8tkCo.png?v=1554714154959",
    "isCustomThumbnail": 0,
    "builtinTags": [
        "category-work",
        "grid",
        "legend",
        "series-line",
        "title",
        "toolbox",
        "tooltip"
    ],
    "customTags": [],
    "updaterUserName": "易水1236"
}