{
    "cid": "xFsEqYkkpN",
    "authorUid": "bd-1010675480",
    "authorUserName": "易水1236",
    "title": "Dgnet一周评价得分",
    "description": "",
    "latestVersion": 3,
    "alwaysLatest": 1,
    "createTime": "2019-03-31T14:58:58.000Z",
    "lastUpdateTime": "2019-03-31T14:58:58.000Z",
    "auth": 2,
    "uid": "bd-1010675480",
    "publishedVersion": 0,
    "forkFrom": "-",
    "isSpam": 0,
    "version": 3,
    "parentVersion": 1,
    "echartsVersion": "4.2.1",
    "versionCreateTime": "2019-04-08T16:03:30.000Z",
    "html": "",
    "externalScripts": "",
    "updaterUID": "bd-1010675480",
    "theme": "",
    "layout": "",
    "viewCount": 41,
    "userName": "易水1236",
    "commentCount": 0,
    "starCount": 0,
    "isStared": 0,
    "thumbnailURL": "https://www.makeapie.com/ecg-storage/ec_gallery_thumbnail/xFsEqYkkpN.png?v=1554739410388",
    "isCustomThumbnail": 0,
    "builtinTags": [
        "category-work",
        "grid",
        "legend",
        "series-bar",
        "toolbox",
        "tooltip"
    ],
    "customTags": [],
    "updaterUserName": "易水1236"
}