{
    "cid": "xKxrjroAoR",
    "authorUid": "bd-220550682",
    "authorUserName": "d***蝠",
    "title": "面积图参数实验",
    "description": "",
    "latestVersion": 13,
    "alwaysLatest": 1,
    "createTime": "2019-04-01T17:13:39.000Z",
    "lastUpdateTime": "2019-04-01T17:13:39.000Z",
    "auth": 2,
    "uid": "bd-220550682",
    "publishedVersion": 0,
    "forkFrom": "-",
    "isSpam": 0,
    "version": 13,
    "parentVersion": 12,
    "echartsVersion": "4.2.1",
    "versionCreateTime": "2019-04-18T05:38:54.000Z",
    "html": "",
    "externalScripts": "",
    "updaterUID": "bd-220550682",
    "theme": "",
    "layout": "",
    "viewCount": 58,
    "userName": "d***蝠",
    "commentCount": 0,
    "starCount": 0,
    "isStared": 0,
    "thumbnailURL": "https://www.makeapie.com/ecg-storage/ec_gallery_thumbnail/xKxrjroAoR.png?v=1555565934132",
    "isCustomThumbnail": 0,
    "builtinTags": [
        "category-work",
        "grid",
        "series-bar",
        "series-line",
        "title"
    ],
    "customTags": [],
    "updaterUserName": "d***蝠"
}