{
    "cid": "xlff2uhBVH",
    "authorUid": "bd-3510721450",
    "authorUserName": "JustDOchris",
    "title": "Awesome Chart",
    "description": "test",
    "latestVersion": 1,
    "alwaysLatest": 1,
    "createTime": "2019-04-02T06:07:12.000Z",
    "lastUpdateTime": "2019-04-02T06:07:12.000Z",
    "auth": 2,
    "uid": "bd-3510721450",
    "publishedVersion": 0,
    "forkFrom": "-",
    "isSpam": 0,
    "version": 1,
    "parentVersion": -1,
    "echartsVersion": "4.2.1",
    "versionCreateTime": "2019-04-02T06:07:12.000Z",
    "html": "",
    "externalScripts": "",
    "updaterUID": "bd-3510721450",
    "theme": "",
    "layout": "",
    "viewCount": 7,
    "userName": "JustDOchris",
    "commentCount": 0,
    "starCount": 0,
    "isStared": 0,
    "thumbnailURL": "https://www.makeapie.com/ecg-storage/ec_gallery_thumbnail/xlff2uhBVH.png?v=1554185232714",
    "isCustomThumbnail": 0,
    "builtinTags": [
        "category-work",
        "grid",
        "series-line",
        "title"
    ],
    "customTags": [
        "line"
    ],
    "updaterUserName": "JustDOchris"
}