{
    "cid": "xp_DOUFY_a",
    "authorUid": "bd-2133619855",
    "authorUserName": "小***乖",
    "title": "显示一类数据，但是 tooltip显示多个数据",
    "description": "",
    "latestVersion": 4,
    "alwaysLatest": 1,
    "createTime": "2019-04-02T03:02:20.000Z",
    "lastUpdateTime": "2019-04-02T03:02:20.000Z",
    "auth": 2,
    "uid": "bd-2133619855",
    "publishedVersion": 0,
    "forkFrom": "-",
    "isSpam": 0,
    "version": 4,
    "parentVersion": 3,
    "echartsVersion": "4.2.1",
    "versionCreateTime": "2019-04-02T07:14:04.000Z",
    "html": "",
    "externalScripts": "",
    "updaterUID": "bd-2133619855",
    "theme": "",
    "layout": "",
    "viewCount": 54,
    "userName": "小***乖",
    "commentCount": 0,
    "starCount": 1,
    "isStared": 0,
    "thumbnailURL": "https://www.makeapie.com/ecg-storage/ec_gallery_thumbnail/xp_DOUFY_a.png?v=1554189244308",
    "isCustomThumbnail": 0,
    "builtinTags": [
        "category-work",
        "grid",
        "series-line",
        "tooltip"
    ],
    "customTags": [],
    "updaterUserName": "小***乖"
}