{
    "cid": "xTEnhekiqe",
    "authorUid": "bd-792150176",
    "authorUserName": "HKdream_",
    "title": "被引文献去向",
    "description": "",
    "latestVersion": 3,
    "alwaysLatest": 1,
    "createTime": "2019-03-29T16:55:53.000Z",
    "lastUpdateTime": "2019-03-29T16:55:53.000Z",
    "auth": 2,
    "uid": "bd-792150176",
    "publishedVersion": 0,
    "forkFrom": "-",
    "isSpam": 0,
    "version": 3,
    "parentVersion": 2,
    "echartsVersion": "4.2.1",
    "versionCreateTime": "2019-04-05T08:25:00.000Z",
    "html": "",
    "externalScripts": "",
    "updaterUID": "bd-792150176",
    "theme": "",
    "layout": "",
    "viewCount": 442,
    "userName": "HKdream_",
    "commentCount": 1,
    "starCount": 1,
    "isStared": 0,
    "thumbnailURL": "https://www.makeapie.com/ecg-storage/ec_gallery_thumbnail/xTEnhekiqe.png?v=1554452700375",
    "isCustomThumbnail": 0,
    "builtinTags": [
        "category-work",
        "series-sankey"
    ],
    "customTags": [],
    "updaterUserName": "HKdream_"
}