{
    "cid": "xVJLMswEbg",
    "authorUid": "bd-1010675480",
    "authorUserName": "易水1236",
    "title": "2019/3/26gpu概况",
    "description": "",
    "latestVersion": 4,
    "alwaysLatest": 1,
    "createTime": "2019-03-29T06:50:08.000Z",
    "lastUpdateTime": "2019-03-29T06:50:08.000Z",
    "auth": 2,
    "uid": "bd-1010675480",
    "publishedVersion": 0,
    "forkFrom": "-",
    "isSpam": 0,
    "version": 4,
    "parentVersion": 1,
    "echartsVersion": "4.2.1",
    "versionCreateTime": "2019-03-29T07:02:54.000Z",
    "html": "",
    "externalScripts": "",
    "updaterUID": "bd-1010675480",
    "theme": "",
    "layout": "",
    "viewCount": 19,
    "userName": "易水1236",
    "commentCount": 0,
    "starCount": 0,
    "isStared": 0,
    "thumbnailURL": "https://www.makeapie.com/ecg-storage/ec_gallery_thumbnail/xVJLMswEbg.png?v=1553842974947",
    "isCustomThumbnail": 0,
    "builtinTags": [
        "category-work",
        "grid",
        "legend",
        "series-bar",
        "tooltip"
    ],
    "customTags": [],
    "updaterUserName": "易水1236"
}