{
    "cid": "xyZxCgPIiL",
    "authorUid": "bd-269920849",
    "authorUserName": "御宝一家",
    "title": "工程统计",
    "description": "",
    "latestVersion": 3,
    "alwaysLatest": 1,
    "createTime": "2019-04-02T01:03:59.000Z",
    "lastUpdateTime": "2019-04-02T01:03:59.000Z",
    "auth": 2,
    "uid": "bd-269920849",
    "publishedVersion": 0,
    "forkFrom": "-",
    "isSpam": 0,
    "version": 3,
    "parentVersion": 2,
    "echartsVersion": "4.2.1",
    "versionCreateTime": "2019-04-04T16:01:11.000Z",
    "html": "",
    "externalScripts": "",
    "updaterUID": "bd-269920849",
    "theme": "",
    "layout": "",
    "viewCount": 33,
    "userName": "御宝一家",
    "commentCount": 0,
    "starCount": 2,
    "isStared": 0,
    "thumbnailURL": "https://www.makeapie.com/ecg-storage/ec_gallery_thumbnail/xyZxCgPIiL.png?v=1554393671537",
    "isCustomThumbnail": 0,
    "builtinTags": [
        "category-work",
        "grid",
        "series-bar",
        "tooltip"
    ],
    "customTags": [],
    "updaterUserName": "御宝一家"
}