{
    "cid": "x-VNgaZSTF",
    "authorUid": "obd-ojGzlc1WQUJsK4QHNR1rN9WDZ_ZotEL",
    "authorUserName": "盖***_",
    "title": "柱状图",
    "description": "",
    "latestVersion": 2,
    "alwaysLatest": 1,
    "createTime": "2020-12-16T07:00:41.000Z",
    "lastUpdateTime": "2020-12-16T07:00:41.000Z",
    "auth": 2,
    "uid": "obd-ojGzlc1WQUJsK4QHNR1rN9WDZ_ZotEL",
    "publishedVersion": 0,
    "forkFrom": "-",
    "isSpam": 0,
    "version": 2,
    "parentVersion": 1,
    "echartsVersion": "4.8.0",
    "versionCreateTime": "2020-12-16T07:02:24.000Z",
    "html": "",
    "externalScripts": "",
    "updaterUID": "obd-ojGzlc1WQUJsK4QHNR1rN9WDZ_ZotEL",
    "theme": "",
    "layout": "",
    "viewCount": 30,
    "userName": "盖***_",
    "commentCount": 0,
    "starCount": 1,
    "isStared": 0,
    "thumbnailURL": "https://www.makeapie.com/ecg-storage/ec_gallery_thumbnail/x-VNgaZSTF.png?v=1608102144637",
    "isCustomThumbnail": 0,
    "builtinTags": [
        "category-work",
        "grid",
        "series-bar",
        "tooltip"
    ],
    "customTags": [],
    "updaterUserName": "盖***_"
}