{
    "cid": "x56xJMWahE",
    "authorUid": "obd-ojGzlc1WQUJsK4QHNR1rN9WDZ_ZotEL",
    "authorUserName": "盖***_",
    "title": "条形",
    "description": "",
    "latestVersion": 1,
    "alwaysLatest": 1,
    "createTime": "2020-12-16T06:47:29.000Z",
    "lastUpdateTime": "2020-12-16T06:47:29.000Z",
    "auth": 2,
    "uid": "obd-ojGzlc1WQUJsK4QHNR1rN9WDZ_ZotEL",
    "publishedVersion": 0,
    "forkFrom": "-",
    "isSpam": 0,
    "version": 1,
    "parentVersion": -1,
    "echartsVersion": "4.8.0",
    "versionCreateTime": "2020-12-16T06:47:29.000Z",
    "html": "",
    "externalScripts": "",
    "updaterUID": "obd-ojGzlc1WQUJsK4QHNR1rN9WDZ_ZotEL",
    "theme": "",
    "layout": "",
    "viewCount": 59,
    "userName": "盖***_",
    "commentCount": 0,
    "starCount": 5,
    "isStared": 0,
    "thumbnailURL": "https://www.makeapie.com/ecg-storage/ec_gallery_thumbnail/x56xJMWahE.png?v=1608101249295",
    "isCustomThumbnail": 0,
    "builtinTags": [
        "category-work",
        "grid",
        "series-bar",
        "tooltip"
    ],
    "customTags": [],
    "updaterUserName": "盖***_"
}