{
    "cid": "x9OTr1E6eE",
    "authorUid": "obd-oPfy07aNXnfq7aUxlcqzG4mwxbzQI9C",
    "authorUserName": "鱼***堡",
    "title": "教师多元发展",
    "description": "专业教师多元发展路线图",
    "latestVersion": 4,
    "alwaysLatest": 1,
    "createTime": "2020-12-16T02:28:38.000Z",
    "lastUpdateTime": "2020-12-16T02:28:38.000Z",
    "auth": 2,
    "uid": "obd-oPfy07aNXnfq7aUxlcqzG4mwxbzQI9C",
    "publishedVersion": 0,
    "forkFrom": "-",
    "isSpam": 0,
    "version": 4,
    "parentVersion": 3,
    "echartsVersion": "4.8.0",
    "versionCreateTime": "2020-12-17T02:26:21.000Z",
    "html": "",
    "externalScripts": "",
    "updaterUID": "obd-oPfy07aNXnfq7aUxlcqzG4mwxbzQI9C",
    "theme": "",
    "layout": "",
    "viewCount": 204,
    "userName": "鱼***堡",
    "commentCount": 0,
    "starCount": 0,
    "isStared": 0,
    "thumbnailURL": "https://www.makeapie.com/ecg-storage/ec_gallery_thumbnail/x9OTr1E6eE.png?v=1608171981319",
    "isCustomThumbnail": 0,
    "builtinTags": [
        "category-work",
        "series-sankey",
        "title",
        "tooltip"
    ],
    "customTags": [],
    "updaterUserName": "鱼***堡"
}