{
    "cid": "xA2VqqkkOt",
    "authorUid": "bd-709776767",
    "authorUserName": "q***n",
    "title": "四个折线图",
    "description": "",
    "latestVersion": 4,
    "alwaysLatest": 1,
    "createTime": "2020-12-15T06:51:48.000Z",
    "lastUpdateTime": "2020-12-15T06:51:48.000Z",
    "auth": 2,
    "uid": "bd-709776767",
    "publishedVersion": 0,
    "forkFrom": "-",
    "isSpam": 0,
    "version": 4,
    "parentVersion": 3,
    "echartsVersion": "4.8.0",
    "versionCreateTime": "2020-12-15T09:35:51.000Z",
    "html": "",
    "externalScripts": "https://echarts.baidu.com/resource/echarts-liquidfill-latest/dist/echarts-liquidfill.min.js",
    "updaterUID": "bd-709776767",
    "theme": "",
    "layout": "",
    "viewCount": 266,
    "userName": "q***n",
    "commentCount": 0,
    "starCount": 3,
    "isStared": 0,
    "thumbnailURL": "https://www.makeapie.com/ecg-storage/ec_gallery_thumbnail/xA2VqqkkOt.png?v=1608024951180",
    "isCustomThumbnail": 0,
    "builtinTags": [
        "category-work",
        "dataZoom",
        "grid",
        "legend",
        "series-line",
        "toolbox",
        "tooltip"
    ],
    "customTags": [],
    "updaterUserName": "q***n"
}