{
    "cid": "xAHPsNodRF",
    "authorUid": "bd-709776767",
    "authorUserName": "q***n",
    "title": "双饼图",
    "description": "",
    "latestVersion": 1,
    "alwaysLatest": 1,
    "createTime": "2020-12-16T06:56:43.000Z",
    "lastUpdateTime": "2020-12-16T06:56:43.000Z",
    "auth": 2,
    "uid": "bd-709776767",
    "publishedVersion": 0,
    "forkFrom": "-",
    "isSpam": 0,
    "version": 1,
    "parentVersion": -1,
    "echartsVersion": "4.8.0",
    "versionCreateTime": "2020-12-16T06:56:43.000Z",
    "html": "",
    "externalScripts": "",
    "updaterUID": "bd-709776767",
    "theme": "",
    "layout": "",
    "viewCount": 85,
    "userName": "q***n",
    "commentCount": 0,
    "starCount": 2,
    "isStared": 0,
    "thumbnailURL": "https://www.makeapie.com/ecg-storage/ec_gallery_thumbnail/xAHPsNodRF.png?v=1608101803888",
    "isCustomThumbnail": 0,
    "builtinTags": [
        "category-work",
        "graphic",
        "series-pie",
        "title",
        "toolbox",
        "tooltip"
    ],
    "customTags": [],
    "updaterUserName": "q***n"
}