{
    "cid": "xEhvGbUlHi",
    "authorUid": "bd-1830561704",
    "authorUserName": "偶***念",
    "title": "进度条警戒线",
    "description": "",
    "latestVersion": 1,
    "alwaysLatest": 1,
    "createTime": "2020-12-16T01:32:09.000Z",
    "lastUpdateTime": "2020-12-16T01:32:09.000Z",
    "auth": 2,
    "uid": "bd-1830561704",
    "publishedVersion": 0,
    "forkFrom": "-",
    "isSpam": 0,
    "version": 1,
    "parentVersion": -1,
    "echartsVersion": "4.8.0",
    "versionCreateTime": "2020-12-16T01:32:10.000Z",
    "html": "",
    "externalScripts": "",
    "updaterUID": "bd-1830561704",
    "theme": "",
    "layout": "",
    "viewCount": 107,
    "userName": "偶***念",
    "commentCount": 0,
    "starCount": 0,
    "isStared": 0,
    "thumbnailURL": "https://www.makeapie.com/ecg-storage/ec_gallery_thumbnail/xEhvGbUlHi.png?v=1608082330136",
    "isCustomThumbnail": 0,
    "builtinTags": [
        "category-work",
        "grid",
        "series-bar"
    ],
    "customTags": [],
    "updaterUserName": "偶***念"
}