{
    "cid": "xf10M089ru",
    "authorUid": "obd-otaAfgIp_bpJM4KWJkvID1rr6cybb8U",
    "authorUserName": "d***懂",
    "title": "CustomizedPierEcharts",
    "description": "getCustomizedPierEcharts",
    "latestVersion": 1,
    "alwaysLatest": 1,
    "createTime": "2020-12-15T08:01:03.000Z",
    "lastUpdateTime": "2020-12-15T08:01:03.000Z",
    "auth": 2,
    "uid": "obd-otaAfgIp_bpJM4KWJkvID1rr6cybb8U",
    "publishedVersion": 0,
    "forkFrom": "-",
    "isSpam": 0,
    "version": 1,
    "parentVersion": -1,
    "echartsVersion": "4.8.0",
    "versionCreateTime": "2020-12-15T08:01:03.000Z",
    "html": "",
    "externalScripts": "",
    "updaterUID": "obd-otaAfgIp_bpJM4KWJkvID1rr6cybb8U",
    "theme": "",
    "layout": "",
    "viewCount": 56,
    "userName": "d***懂",
    "commentCount": 0,
    "starCount": 0,
    "isStared": 0,
    "thumbnailURL": "https://www.makeapie.com/ecg-storage/ec_gallery_thumbnail/xf10M089ru.png?v=1608019264049",
    "isCustomThumbnail": 0,
    "builtinTags": [
        "category-work",
        "series-pie"
    ],
    "customTags": [
        "Customized",
        "CustomizedPie"
    ],
    "updaterUserName": "d***懂"
}