{
    "cid": "xGVjRbPJD_",
    "authorUid": "obd-oNlDRNEPgQA1_62kDoI9_o1x04e14Cb",
    "authorUserName": "走***V",
    "title": "广西地图",
    "description": "",
    "latestVersion": 1,
    "alwaysLatest": 1,
    "createTime": "2020-12-15T07:33:52.000Z",
    "lastUpdateTime": "2020-12-15T07:33:52.000Z",
    "auth": 2,
    "uid": "obd-oNlDRNEPgQA1_62kDoI9_o1x04e14Cb",
    "publishedVersion": 0,
    "forkFrom": "-",
    "isSpam": 0,
    "version": 1,
    "parentVersion": -1,
    "echartsVersion": "4.8.0",
    "versionCreateTime": "2020-12-15T07:33:52.000Z",
    "html": "",
    "externalScripts": "",
    "updaterUID": "obd-oNlDRNEPgQA1_62kDoI9_o1x04e14Cb",
    "theme": "",
    "layout": "",
    "viewCount": 136,
    "userName": "走***V",
    "commentCount": 0,
    "starCount": 0,
    "isStared": 0,
    "thumbnailURL": "https://www.makeapie.com/ecg-storage/ec_gallery_thumbnail/xGVjRbPJD_.png?v=1608017632532",
    "isCustomThumbnail": 0,
    "builtinTags": [
        "category-work",
        "geo",
        "series-map",
        "series-scatter",
        "title"
    ],
    "customTags": [],
    "updaterUserName": "走***V"
}