{
    "cid": "xGweURbjLB",
    "authorUid": "obd-o0Xq0nmwZ1I5MBcYvRpz5OS1sZk2iFJ",
    "authorUserName": "喋***1",
    "title": "2010-2019年中国65岁及其以上人口比例变化数据",
    "description": "",
    "latestVersion": 1,
    "alwaysLatest": 1,
    "createTime": "2020-12-16T05:18:46.000Z",
    "lastUpdateTime": "2020-12-16T05:18:46.000Z",
    "auth": 2,
    "uid": "obd-o0Xq0nmwZ1I5MBcYvRpz5OS1sZk2iFJ",
    "publishedVersion": 0,
    "forkFrom": "-",
    "isSpam": 0,
    "version": 1,
    "parentVersion": -1,
    "echartsVersion": "4.8.0",
    "versionCreateTime": "2020-12-16T05:18:46.000Z",
    "html": "",
    "externalScripts": "",
    "updaterUID": "obd-o0Xq0nmwZ1I5MBcYvRpz5OS1sZk2iFJ",
    "theme": "",
    "layout": "",
    "viewCount": 115,
    "userName": "喋***1",
    "commentCount": 0,
    "starCount": 1,
    "isStared": 0,
    "thumbnailURL": "https://www.makeapie.com/ecg-storage/ec_gallery_thumbnail/xGweURbjLB.png?v=1608095926760",
    "isCustomThumbnail": 0,
    "builtinTags": [
        "category-work",
        "grid",
        "legend",
        "series-bar",
        "series-line",
        "title",
        "tooltip"
    ],
    "customTags": [],
    "updaterUserName": "喋***1"
}