{
    "cid": "xppc-QzFJ_",
    "authorUid": "bd-732371637",
    "authorUserName": "g***f",
    "title": "函数曲线",
    "description": "双 y 轴，①x的3次方  ②x的立方根",
    "latestVersion": 1,
    "alwaysLatest": 1,
    "createTime": "2020-12-15T05:50:45.000Z",
    "lastUpdateTime": "2020-12-15T05:50:45.000Z",
    "auth": 2,
    "uid": "bd-732371637",
    "publishedVersion": 0,
    "forkFrom": "-",
    "isSpam": 0,
    "version": 1,
    "parentVersion": -1,
    "echartsVersion": "4.8.0",
    "versionCreateTime": "2020-12-15T05:50:45.000Z",
    "html": "",
    "externalScripts": "",
    "updaterUID": "bd-732371637",
    "theme": "",
    "layout": "",
    "viewCount": 48,
    "userName": "g***f",
    "commentCount": 0,
    "starCount": 2,
    "isStared": 0,
    "thumbnailURL": "https://www.makeapie.com/ecg-storage/ec_gallery_thumbnail/xppc-QzFJ_.png?v=1608011445676",
    "isCustomThumbnail": 0,
    "builtinTags": [
        "category-work",
        "grid",
        "series-line",
        "title",
        "tooltip"
    ],
    "customTags": [],
    "updaterUserName": "g***f"
}