{
    "cid": "xV6Wvfz_b-",
    "authorUid": "bd-86379122",
    "authorUserName": "x***m",
    "title": "饼状图",
    "description": "",
    "latestVersion": 1,
    "alwaysLatest": 1,
    "createTime": "2020-12-16T03:38:10.000Z",
    "lastUpdateTime": "2020-12-16T03:38:10.000Z",
    "auth": 2,
    "uid": "bd-86379122",
    "publishedVersion": 0,
    "forkFrom": "-",
    "isSpam": 0,
    "version": 1,
    "parentVersion": -1,
    "echartsVersion": "4.8.0",
    "versionCreateTime": "2020-12-16T03:38:10.000Z",
    "html": "",
    "externalScripts": "",
    "updaterUID": "bd-86379122",
    "theme": "",
    "layout": "",
    "viewCount": 100,
    "userName": "x***m",
    "commentCount": 0,
    "starCount": 0,
    "isStared": 0,
    "thumbnailURL": "https://www.makeapie.com/ecg-storage/ec_gallery_thumbnail/xV6Wvfz_b-.png?v=1608089890500",
    "isCustomThumbnail": 0,
    "builtinTags": [
        "category-work",
        "legend",
        "series-pie",
        "tooltip"
    ],
    "customTags": [],
    "updaterUserName": "x***m"
}