{
    "cid": "xVQQYvYX6m",
    "authorUid": "bd-3913771301",
    "authorUserName": "因***凡",
    "title": "留白间隙处理",
    "description": "留白间隙处理",
    "latestVersion": 1,
    "alwaysLatest": 1,
    "createTime": "2020-12-15T06:29:15.000Z",
    "lastUpdateTime": "2020-12-15T06:29:15.000Z",
    "auth": 1,
    "uid": "bd-3913771301",
    "publishedVersion": 0,
    "forkFrom": "-",
    "isSpam": 0,
    "version": 1,
    "parentVersion": -1,
    "echartsVersion": "4.8.0",
    "versionCreateTime": "2020-12-15T06:29:15.000Z",
    "html": "",
    "externalScripts": "",
    "updaterUID": "bd-3913771301",
    "theme": "",
    "layout": "",
    "viewCount": 86,
    "userName": "因***凡",
    "commentCount": 0,
    "starCount": 1,
    "isStared": 0,
    "thumbnailURL": "https://www.makeapie.com/ecg-storage/ec_gallery_thumbnail/xVQQYvYX6m.png?v=1608013755509",
    "isCustomThumbnail": 0,
    "builtinTags": [
        "category-work",
        "grid",
        "markArea",
        "series-line"
    ],
    "customTags": [
        "markArea"
    ],
    "updaterUserName": "因***凡"
}