{
    "cid": "xyNj8Y0N0J",
    "authorUid": "bd-2100154623",
    "authorUserName": "I***筱",
    "title": "配置参数",
    "description": "",
    "latestVersion": 2,
    "alwaysLatest": 1,
    "createTime": "2020-12-15T06:23:21.000Z",
    "lastUpdateTime": "2020-12-15T06:23:21.000Z",
    "auth": 1,
    "uid": "bd-2100154623",
    "publishedVersion": 0,
    "forkFrom": "-",
    "isSpam": 0,
    "version": 2,
    "parentVersion": 1,
    "echartsVersion": "4.8.0",
    "versionCreateTime": "2020-12-21T09:33:39.000Z",
    "html": "",
    "externalScripts": "",
    "updaterUID": "bd-2100154623",
    "theme": "",
    "layout": "",
    "viewCount": 28,
    "userName": "I***筱",
    "commentCount": 0,
    "starCount": 0,
    "isStared": 0,
    "thumbnailURL": "https://www.makeapie.com/ecg-storage/ec_gallery_thumbnail/xyNj8Y0N0J.png?v=1608543219500",
    "isCustomThumbnail": 0,
    "builtinTags": [
        "category-work",
        "grid",
        "series-line",
        "title"
    ],
    "customTags": [],
    "updaterUserName": "I***筱"
}