{
    "cid": "xzC8AuZEc9",
    "authorUid": "bd-709776767",
    "authorUserName": "q***n",
    "title": "多个纵轴",
    "description": "",
    "latestVersion": 5,
    "alwaysLatest": 1,
    "createTime": "2020-12-16T06:00:01.000Z",
    "lastUpdateTime": "2020-12-16T06:00:01.000Z",
    "auth": 2,
    "uid": "bd-709776767",
    "publishedVersion": 0,
    "forkFrom": "-",
    "isSpam": 0,
    "version": 5,
    "parentVersion": 4,
    "echartsVersion": "4.8.0",
    "versionCreateTime": "2020-12-17T04:10:26.000Z",
    "html": "",
    "externalScripts": "",
    "updaterUID": "bd-709776767",
    "theme": "",
    "layout": "",
    "viewCount": 43,
    "userName": "q***n",
    "commentCount": 0,
    "starCount": 0,
    "isStared": 0,
    "thumbnailURL": "https://www.makeapie.com/ecg-storage/ec_gallery_thumbnail/xzC8AuZEc9.png?v=1608178226988",
    "isCustomThumbnail": 0,
    "builtinTags": [
        "category-work",
        "grid",
        "legend",
        "series-bar",
        "title",
        "toolbox",
        "tooltip"
    ],
    "customTags": [],
    "updaterUserName": "q***n"
}