{
    "cid": "x7S1h3Z2mf",
    "authorUid": "obd-oEr7472YyfOuS8bsQ4K9zpwv2UqqQ4t",
    "authorUserName": "冷***妍",
    "title": "大数据量面积图touch事件测试",
    "description": "",
    "latestVersion": 1,
    "alwaysLatest": 1,
    "createTime": "2020-10-29T10:11:29.000Z",
    "lastUpdateTime": "2020-10-29T10:11:29.000Z",
    "auth": 2,
    "uid": "obd-oEr7472YyfOuS8bsQ4K9zpwv2UqqQ4t",
    "publishedVersion": 0,
    "forkFrom": "-",
    "isSpam": 0,
    "version": 1,
    "parentVersion": -1,
    "echartsVersion": "4.8.0",
    "versionCreateTime": "2020-10-29T10:11:29.000Z",
    "html": "",
    "externalScripts": "",
    "updaterUID": "obd-oEr7472YyfOuS8bsQ4K9zpwv2UqqQ4t",
    "theme": "",
    "layout": "",
    "viewCount": 100,
    "userName": "冷***妍",
    "commentCount": 0,
    "starCount": 2,
    "isStared": 0,
    "thumbnailURL": "https://www.makeapie.com/ecg-storage/ec_gallery_thumbnail/x7S1h3Z2mf.png?v=1603966289447",
    "isCustomThumbnail": 0,
    "builtinTags": [
        "category-work",
        "dataZoom",
        "grid",
        "series-line",
        "title",
        "toolbox",
        "tooltip"
    ],
    "customTags": [],
    "updaterUserName": "冷***妍"
}