{
    "cid": "xBFwYXADv4",
    "authorUid": "obd-o-6CYsi_TskTMkUrYjZZ4SbG-0eQTA0",
    "authorUserName": "那***你",
    "title": "立体柱形图",
    "description": "立体柱形图",
    "latestVersion": 1,
    "alwaysLatest": 1,
    "createTime": "2020-10-30T08:47:39.000Z",
    "lastUpdateTime": "2020-10-30T08:47:39.000Z",
    "auth": 2,
    "uid": "obd-o-6CYsi_TskTMkUrYjZZ4SbG-0eQTA0",
    "publishedVersion": 0,
    "forkFrom": "-",
    "isSpam": 0,
    "version": 1,
    "parentVersion": -1,
    "echartsVersion": "4.8.0",
    "versionCreateTime": "2020-10-30T08:47:39.000Z",
    "html": "",
    "externalScripts": "",
    "updaterUID": "obd-o-6CYsi_TskTMkUrYjZZ4SbG-0eQTA0",
    "theme": "",
    "layout": "",
    "viewCount": 857,
    "userName": "那***你",
    "commentCount": 0,
    "starCount": 6,
    "isStared": 0,
    "thumbnailURL": "https://www.makeapie.com/ecg-storage/ec_gallery_thumbnail/xBFwYXADv4.png?v=1604047659601",
    "isCustomThumbnail": 0,
    "builtinTags": [
        "category-work",
        "grid",
        "series-bar",
        "series-pictorialBar",
        "tooltip"
    ],
    "customTags": [],
    "updaterUserName": "那***你"
}