{
    "cid": "xi4FH2t8Cc",
    "authorUid": "bd-3763434512",
    "authorUserName": "152*****229",
    "title": "柱状图Y轴格式化显示",
    "description": "用rich对象，格式化显示Y轴",
    "latestVersion": 1,
    "alwaysLatest": 1,
    "createTime": "2020-10-30T03:28:26.000Z",
    "lastUpdateTime": "2020-10-30T03:28:26.000Z",
    "auth": 2,
    "uid": "bd-3763434512",
    "publishedVersion": 0,
    "forkFrom": "-",
    "isSpam": 0,
    "version": 1,
    "parentVersion": -1,
    "echartsVersion": "4.8.0",
    "versionCreateTime": "2020-10-30T03:28:26.000Z",
    "html": "",
    "externalScripts": "",
    "updaterUID": "bd-3763434512",
    "theme": "",
    "layout": "",
    "viewCount": 74,
    "userName": "152*****229",
    "commentCount": 0,
    "starCount": 0,
    "isStared": 0,
    "thumbnailURL": "https://www.makeapie.com/ecg-storage/ec_gallery_thumbnail/xi4FH2t8Cc.png?v=1604028506406",
    "isCustomThumbnail": 0,
    "builtinTags": [
        "category-work",
        "grid",
        "series-bar",
        "tooltip"
    ],
    "customTags": [
        "rich"
    ],
    "updaterUserName": "152*****229"
}