{
    "cid": "xjxn6ExKQ3",
    "authorUid": "obd-o24uUOkviLDgErT_zIs6z5dWYQTJyB4",
    "authorUserName": "断***1",
    "title": "自定义堆叠图",
    "description": "",
    "latestVersion": 5,
    "alwaysLatest": 1,
    "createTime": "2020-10-29T06:55:19.000Z",
    "lastUpdateTime": "2020-10-29T06:55:19.000Z",
    "auth": 2,
    "uid": "obd-o24uUOkviLDgErT_zIs6z5dWYQTJyB4",
    "publishedVersion": 0,
    "forkFrom": "-",
    "isSpam": 0,
    "version": 5,
    "parentVersion": 4,
    "echartsVersion": "4.8.0",
    "versionCreateTime": "2020-10-30T06:59:41.000Z",
    "html": "",
    "externalScripts": "",
    "updaterUID": "obd-o24uUOkviLDgErT_zIs6z5dWYQTJyB4",
    "theme": "",
    "layout": "",
    "viewCount": 71,
    "userName": "断***1",
    "commentCount": 0,
    "starCount": 0,
    "isStared": 0,
    "thumbnailURL": "https://www.makeapie.com/ecg-storage/ec_gallery_thumbnail/xjxn6ExKQ3.png?v=1604041181873",
    "isCustomThumbnail": 0,
    "builtinTags": [
        "category-work",
        "grid",
        "legend",
        "series-line",
        "title",
        "toolbox",
        "tooltip"
    ],
    "customTags": [],
    "updaterUserName": "断***1"
}