{
    "cid": "xNIyIHny45",
    "authorUid": "obd-oPq-D_TmziUI_F52ZpetU5_vcYK9s9R",
    "authorUserName": "请***1",
    "title": "柱状图双Y轴展示车位使用对比图",
    "description": "车位总量与已使用数量对比，使用不同颜色区分，双y轴展示",
    "latestVersion": 2,
    "alwaysLatest": 1,
    "createTime": "2020-10-30T02:16:31.000Z",
    "lastUpdateTime": "2021-12-02T05:30:03.000Z",
    "auth": 1,
    "uid": "obd-oPq-D_TmziUI_F52ZpetU5_vcYK9s9R",
    "publishedVersion": 0,
    "forkFrom": "-",
    "isSpam": 0,
    "version": 2,
    "parentVersion": 1,
    "echartsVersion": "4.9.0",
    "versionCreateTime": "2021-12-02T05:30:03.000Z",
    "html": "",
    "externalScripts": "",
    "updaterUID": "obd-oDoZIY2Utcmo-T-oDy9pwF--e8gVz15",
    "theme": "",
    "layout": "",
    "viewCount": 194,
    "userName": "请***1",
    "commentCount": 0,
    "starCount": 2,
    "isStared": 0,
    "thumbnailURL": "https://www.makeapie.com/ecg-storage/ec_gallery_thumbnail/xNIyIHny45.png?v=1638423003872",
    "isCustomThumbnail": 0,
    "builtinTags": [
        "category-work",
        "grid",
        "legend",
        "series-bar",
        "tooltip"
    ],
    "customTags": [],
    "updaterUserName": "q***6"
}