{
    "cid": "xqv0q-VRvq",
    "authorUid": "obd-otekd-YM0M8gP8RvWV6od5DtA1h0d8e",
    "authorUserName": "心***现",
    "title": "委托复审接口调用",
    "description": "",
    "latestVersion": 1,
    "alwaysLatest": 1,
    "createTime": "2020-10-30T09:51:53.000Z",
    "lastUpdateTime": "2020-10-30T09:51:53.000Z",
    "auth": 2,
    "uid": "obd-otekd-YM0M8gP8RvWV6od5DtA1h0d8e",
    "publishedVersion": 0,
    "forkFrom": "-",
    "isSpam": 0,
    "version": 1,
    "parentVersion": -1,
    "echartsVersion": "4.8.0",
    "versionCreateTime": "2020-10-30T09:51:53.000Z",
    "html": "",
    "externalScripts": "",
    "updaterUID": "obd-otekd-YM0M8gP8RvWV6od5DtA1h0d8e",
    "theme": "",
    "layout": "",
    "viewCount": 33,
    "userName": "心***现",
    "commentCount": 0,
    "starCount": 0,
    "isStared": 0,
    "thumbnailURL": "https://www.makeapie.com/ecg-storage/ec_gallery_thumbnail/xqv0q-VRvq.png?v=1604051513522",
    "isCustomThumbnail": 0,
    "builtinTags": [
        "category-work",
        "series-tree",
        "title",
        "tooltip"
    ],
    "customTags": [],
    "updaterUserName": "心***现"
}