{
    "cid": "xUE812xGVi",
    "authorUid": "bd-3763434512",
    "authorUserName": "152*****229",
    "title": "饼状图",
    "description": "中间显示总数",
    "latestVersion": 1,
    "alwaysLatest": 1,
    "createTime": "2020-10-30T07:53:15.000Z",
    "lastUpdateTime": "2020-10-30T07:53:15.000Z",
    "auth": 2,
    "uid": "bd-3763434512",
    "publishedVersion": 0,
    "forkFrom": "-",
    "isSpam": 0,
    "version": 1,
    "parentVersion": -1,
    "echartsVersion": "4.8.0",
    "versionCreateTime": "2020-10-30T07:53:15.000Z",
    "html": "",
    "externalScripts": "",
    "updaterUID": "bd-3763434512",
    "theme": "",
    "layout": "",
    "viewCount": 66,
    "userName": "152*****229",
    "commentCount": 0,
    "starCount": 0,
    "isStared": 0,
    "thumbnailURL": "https://www.makeapie.com/ecg-storage/ec_gallery_thumbnail/xUE812xGVi.png?v=1604044395723",
    "isCustomThumbnail": 0,
    "builtinTags": [
        "category-work",
        "legend",
        "series-pie"
    ],
    "customTags": [],
    "updaterUserName": "152*****229"
}