{
    "cid": "xUVOhYcYSy",
    "authorUid": "bd-3763434512",
    "authorUserName": "152*****229",
    "title": "漏斗图",
    "description": "最外层呈金字塔状",
    "latestVersion": 1,
    "alwaysLatest": 1,
    "createTime": "2020-10-30T06:02:12.000Z",
    "lastUpdateTime": "2020-10-30T06:02:12.000Z",
    "auth": 2,
    "uid": "bd-3763434512",
    "publishedVersion": 0,
    "forkFrom": "-",
    "isSpam": 0,
    "version": 1,
    "parentVersion": -1,
    "echartsVersion": "4.8.0",
    "versionCreateTime": "2020-10-30T06:02:12.000Z",
    "html": "",
    "externalScripts": "",
    "updaterUID": "bd-3763434512",
    "theme": "",
    "layout": "",
    "viewCount": 190,
    "userName": "152*****229",
    "commentCount": 0,
    "starCount": 1,
    "isStared": 0,
    "thumbnailURL": "https://www.makeapie.com/ecg-storage/ec_gallery_thumbnail/xUVOhYcYSy.png?v=1604037732895",
    "isCustomThumbnail": 0,
    "builtinTags": [
        "category-work",
        "legend",
        "series-funnel"
    ],
    "customTags": [],
    "updaterUserName": "152*****229"
}