{
    "cid": "xWvvwupnI0",
    "authorUid": "obd-ojwR0V6OQTNkE4fY9R26_jKcpXG_IEs",
    "authorUserName": "划***剑",
    "title": "横向柱状图",
    "description": "",
    "latestVersion": 3,
    "alwaysLatest": 1,
    "createTime": "2020-10-29T09:35:13.000Z",
    "lastUpdateTime": "2020-10-29T09:35:13.000Z",
    "auth": 2,
    "uid": "obd-ojwR0V6OQTNkE4fY9R26_jKcpXG_IEs",
    "publishedVersion": 0,
    "forkFrom": "-",
    "isSpam": 0,
    "version": 3,
    "parentVersion": 2,
    "echartsVersion": "4.8.0",
    "versionCreateTime": "2020-10-29T09:37:52.000Z",
    "html": "",
    "externalScripts": "",
    "updaterUID": "obd-ojwR0V6OQTNkE4fY9R26_jKcpXG_IEs",
    "theme": "",
    "layout": "",
    "viewCount": 33,
    "userName": "划***剑",
    "commentCount": 0,
    "starCount": 0,
    "isStared": 0,
    "thumbnailURL": "https://www.makeapie.com/ecg-storage/ec_gallery_thumbnail/xWvvwupnI0.png?v=1603964272308",
    "isCustomThumbnail": 0,
    "builtinTags": [
        "category-work",
        "grid",
        "legend",
        "series-bar"
    ],
    "customTags": [],
    "updaterUserName": "划***剑"
}