{
    "cid": "x3GHqfOgql",
    "authorUid": "bd-4044788461",
    "authorUserName": "话***有",
    "title": "多个展位图，圆形",
    "description": "",
    "latestVersion": 4,
    "alwaysLatest": 1,
    "createTime": "2019-08-27T14:11:29.000Z",
    "lastUpdateTime": "2019-08-27T14:11:29.000Z",
    "auth": 2,
    "uid": "bd-4044788461",
    "publishedVersion": 0,
    "forkFrom": "-",
    "isSpam": 0,
    "version": 4,
    "parentVersion": 3,
    "echartsVersion": "4.4.0",
    "versionCreateTime": "2020-01-06T06:37:48.000Z",
    "html": "",
    "externalScripts": "",
    "updaterUID": "bd-4044788461",
    "theme": "",
    "layout": "",
    "viewCount": 5037,
    "userName": "话***有",
    "commentCount": 0,
    "starCount": 40,
    "isStared": 0,
    "thumbnailURL": "https://www.makeapie.com/ecg-storage/ec_gallery_thumbnail/x3GHqfOgql.png?v=1578292668603",
    "isCustomThumbnail": 0,
    "builtinTags": [
        "category-work",
        "series-pie",
        "title"
    ],
    "customTags": [],
    "updaterUserName": "话***有"
}