{
    "cid": "x5IgA3FaTX",
    "authorUid": "bd-2873389831",
    "authorUserName": "山***7",
    "title": "嵌套环形图",
    "description": "通过环形图嵌套，增加颜色渐变来优化视觉效果",
    "latestVersion": 1,
    "alwaysLatest": 1,
    "createTime": "2019-08-09T03:35:53.000Z",
    "lastUpdateTime": "2019-08-09T03:35:53.000Z",
    "auth": 2,
    "uid": "bd-2873389831",
    "publishedVersion": 0,
    "forkFrom": "-",
    "isSpam": 0,
    "version": 1,
    "parentVersion": -1,
    "echartsVersion": "4.2.1",
    "versionCreateTime": "2019-08-09T03:35:53.000Z",
    "html": "",
    "externalScripts": "",
    "updaterUID": "bd-2873389831",
    "theme": "",
    "layout": "",
    "viewCount": 6861,
    "userName": "山***7",
    "commentCount": 0,
    "starCount": 54,
    "isStared": 0,
    "thumbnailURL": "https://www.makeapie.com/ecg-storage/ec_gallery_thumbnail/x5IgA3FaTX.png?v=1565321753151",
    "isCustomThumbnail": 0,
    "builtinTags": [
        "category-work",
        "legend",
        "series-pie",
        "title",
        "tooltip"
    ],
    "customTags": [],
    "updaterUserName": "山***7"
}