{
    "cid": "x6VnXPfxlx",
    "authorUid": "bd-3182588218",
    "authorUserName": "飞***燕",
    "title": "备选可调节labelLine位置的饼状图表",
    "description": "完成部门占比",
    "latestVersion": 3,
    "alwaysLatest": 1,
    "createTime": "2019-08-14T13:03:16.000Z",
    "lastUpdateTime": "2019-08-14T13:03:16.000Z",
    "auth": 2,
    "uid": "bd-3182588218",
    "publishedVersion": 0,
    "forkFrom": "-",
    "isSpam": 0,
    "version": 3,
    "parentVersion": 2,
    "echartsVersion": "4.2.1",
    "versionCreateTime": "2019-08-15T02:43:47.000Z",
    "html": "",
    "externalScripts": "",
    "updaterUID": "bd-3182588218",
    "theme": "",
    "layout": "",
    "viewCount": 6489,
    "userName": "飞***燕",
    "commentCount": 0,
    "starCount": 41,
    "isStared": 0,
    "thumbnailURL": "https://www.makeapie.com/ecg-storage/ec_gallery_thumbnail/x6VnXPfxlx.png?v=1565837027172",
    "isCustomThumbnail": 0,
    "builtinTags": [
        "category-work",
        "grid",
        "legend",
        "series-pie",
        "series-scatter",
        "tooltip"
    ],
    "customTags": [],
    "updaterUserName": "飞***燕"
}