{
    "cid": "x_nzI2fZ7S",
    "authorUid": "bd-3182588218",
    "authorUserName": "飞***燕",
    "title": "备选饼状图表",
    "description": "",
    "latestVersion": 2,
    "alwaysLatest": 1,
    "createTime": "2019-08-15T07:17:18.000Z",
    "lastUpdateTime": "2019-08-15T07:17:18.000Z",
    "auth": 2,
    "uid": "bd-3182588218",
    "publishedVersion": 0,
    "forkFrom": "-",
    "isSpam": 0,
    "version": 2,
    "parentVersion": 1,
    "echartsVersion": "4.2.1",
    "versionCreateTime": "2019-08-17T05:34:21.000Z",
    "html": "",
    "externalScripts": "",
    "updaterUID": "bd-3182588218",
    "theme": "",
    "layout": "",
    "viewCount": 9288,
    "userName": "飞***燕",
    "commentCount": 0,
    "starCount": 47,
    "isStared": 0,
    "thumbnailURL": "https://www.makeapie.com/ecg-storage/ec_gallery_thumbnail/x_nzI2fZ7S.png?v=1566020062034",
    "isCustomThumbnail": 0,
    "builtinTags": [
        "category-work",
        "series-pie"
    ],
    "customTags": [],
    "updaterUserName": "飞***燕"
}