{
    "cid": "xHkp863AO",
    "authorUid": "bd-1478846943",
    "authorUserName": "W***O",
    "title": "1111",
    "description": "",
    "latestVersion": 5,
    "alwaysLatest": 1,
    "createTime": "2020-01-11T08:44:07.000Z",
    "lastUpdateTime": "2020-01-11T08:44:07.000Z",
    "auth": 2,
    "uid": "bd-1478846943",
    "publishedVersion": 0,
    "forkFrom": "-",
    "isSpam": 0,
    "version": 5,
    "parentVersion": 4,
    "echartsVersion": "4.4.0",
    "versionCreateTime": "2020-01-11T08:59:41.000Z",
    "html": "",
    "externalScripts": "/dep/echarts/map/js/china.js,/dep/echarts/map/js/world.js",
    "updaterUID": "bd-1478846943",
    "theme": "",
    "layout": "",
    "viewCount": 15876,
    "userName": "W***O",
    "commentCount": 0,
    "starCount": 24,
    "isStared": 0,
    "thumbnailURL": "https://www.makeapie.com/ecg-storage/ec_gallery_thumbnail/xHkp863AO.png?v=1578733182106",
    "isCustomThumbnail": 0,
    "builtinTags": [
        "category-work",
        "geo",
        "series-effectScatter",
        "series-lines",
        "series-map",
        "tooltip"
    ],
    "customTags": [],
    "updaterUserName": "W***O"
}