{
    "cid": "xKWzUhXgSD",
    "authorUid": "bd-3182588218",
    "authorUserName": "飞***燕",
    "title": "重庆市3D地图",
    "description": "",
    "latestVersion": 4,
    "alwaysLatest": 1,
    "createTime": "2019-09-18T03:39:10.000Z",
    "lastUpdateTime": "2021-07-07T05:55:44.000Z",
    "auth": 1,
    "uid": "bd-3182588218",
    "publishedVersion": 0,
    "forkFrom": "-",
    "isSpam": 0,
    "version": 4,
    "parentVersion": 3,
    "echartsVersion": "4.9.0",
    "versionCreateTime": "2021-07-07T05:55:44.000Z",
    "html": "",
    "externalScripts": "https://echarts.baidu.com/resource/echarts-gl-latest/dist/echarts-gl.min.js,https://a1115040996.github.io/MyHTML/area/chongqing.js",
    "updaterUID": "obd-oj9T2lzzEN-rkSViR-16WZnD_zQpPD7",
    "theme": "",
    "layout": "",
    "viewCount": 5202,
    "userName": "飞***燕",
    "commentCount": 0,
    "starCount": 34,
    "isStared": 0,
    "thumbnailURL": "https://www.makeapie.com/ecg-storage/ec_gallery_thumbnail/xKWzUhXgSD.png?v=1568777950893",
    "isCustomThumbnail": 1,
    "builtinTags": [
        "category-work",
        "geo3D",
        "series-bar3D",
        "series-scatter3D",
        "visualMap"
    ],
    "customTags": [],
    "updaterUserName": "z***3"
}