{
    "cid": "xo5rUMV4qe",
    "authorUid": "bd-974516874",
    "authorUserName": "彻***O",
    "title": "第三采油厂",
    "description": "总数: 599",
    "latestVersion": 2,
    "alwaysLatest": 1,
    "createTime": "2019-09-10T08:33:34.000Z",
    "lastUpdateTime": "2021-09-06T05:50:17.000Z",
    "auth": 2,
    "uid": "bd-974516874",
    "publishedVersion": 0,
    "forkFrom": "-",
    "isSpam": 0,
    "version": 2,
    "parentVersion": 1,
    "echartsVersion": "4.9.0",
    "versionCreateTime": "2021-09-06T05:50:17.000Z",
    "html": "",
    "externalScripts": "",
    "updaterUID": "bd-974516874",
    "theme": "",
    "layout": "",
    "viewCount": 4685,
    "userName": "彻***O",
    "commentCount": 0,
    "starCount": 46,
    "isStared": 0,
    "thumbnailURL": "https://www.makeapie.com/ecg-storage/ec_gallery_thumbnail/xo5rUMV4qe.png?v=1630907417315",
    "isCustomThumbnail": 0,
    "builtinTags": [
        "category-work",
        "grid",
        "series-bar",
        "series-pictorialBar",
        "title",
        "tooltip"
    ],
    "customTags": [],
    "updaterUserName": "彻***O"
}