{
    "cid": "xuNMRg76r2",
    "authorUid": "bd-51178710",
    "authorUserName": "小***奇",
    "title": "力导向关系图--实现点击节点展开折叠",
    "description": "实现点击节点展开收缩--通用逻辑--模块化",
    "latestVersion": 39,
    "alwaysLatest": 1,
    "createTime": "2019-08-20T08:49:55.000Z",
    "lastUpdateTime": "2021-08-15T02:06:28.000Z",
    "auth": 1,
    "uid": "bd-51178710",
    "publishedVersion": 10,
    "forkFrom": "-",
    "isSpam": 0,
    "version": 10,
    "parentVersion": 4,
    "echartsVersion": "4.4.0",
    "versionCreateTime": "2019-10-22T09:14:14.000Z",
    "html": "",
    "externalScripts": "",
    "updaterUID": "bd-51178710",
    "theme": "default",
    "layout": "",
    "viewCount": 20322,
    "userName": "小***奇",
    "commentCount": 13,
    "starCount": 57,
    "isStared": 0,
    "thumbnailURL": "https://www.makeapie.com/ecg-storage/ec_gallery_thumbnail/xuNMRg76r2.png?v=1566300012159",
    "isCustomThumbnail": 1,
    "builtinTags": [
        "category-work",
        "series-graph",
        "title",
        "tooltip"
    ],
    "customTags": [
        "force",
        "关系图",
        "力导向图",
        "折叠",
        "模块化",
        "点击"
    ],
    "updaterUserName": "小***奇"
}