{
    "cid": "xvYwcPcXNv",
    "authorUid": "bd-2132094589",
    "authorUserName": "鬼***钢",
    "title": "中国-世界",
    "description": "",
    "latestVersion": 7,
    "alwaysLatest": 1,
    "createTime": "2019-08-08T10:14:22.000Z",
    "lastUpdateTime": "2019-08-08T10:14:22.000Z",
    "auth": 2,
    "uid": "bd-2132094589",
    "publishedVersion": 0,
    "forkFrom": "-",
    "isSpam": 0,
    "version": 7,
    "parentVersion": 6,
    "echartsVersion": "4.2.1",
    "versionCreateTime": "2019-08-09T02:48:09.000Z",
    "html": "",
    "externalScripts": "",
    "updaterUID": "bd-2132094589",
    "theme": "",
    "layout": "",
    "viewCount": 9309,
    "userName": "鬼***钢",
    "commentCount": 1,
    "starCount": 37,
    "isStared": 0,
    "thumbnailURL": "https://www.makeapie.com/ecg-storage/ec_gallery_thumbnail/xvYwcPcXNv.png?v=1565318889589",
    "isCustomThumbnail": 0,
    "builtinTags": [
        "category-work",
        "geo",
        "series-effectScatter",
        "series-lines",
        "series-scatter",
        "tooltip",
        "visualMap"
    ],
    "customTags": [],
    "updaterUserName": "鬼***钢"
}