{
    "cid": "x31_ri4W3q",
    "authorUid": "obd-otnT9o_JsJMuD5jKItoonsBVwIzt-8b",
    "authorUserName": "a***4",
    "title": "仪表盘",
    "description": "",
    "latestVersion": 3,
    "alwaysLatest": 0,
    "createTime": "2021-12-23T06:42:47.000Z",
    "lastUpdateTime": "2021-12-27T05:39:00.000Z",
    "auth": 1,
    "uid": "obd-otnT9o_JsJMuD5jKItoonsBVwIzt-8b",
    "publishedVersion": 0,
    "forkFrom": "-",
    "isSpam": 0,
    "version": 3,
    "parentVersion": 2,
    "echartsVersion": "4.3.0",
    "versionCreateTime": "2021-12-27T05:39:00.000Z",
    "html": "",
    "externalScripts": "",
    "updaterUID": "obd-otnT9o_JsJMuD5jKItoonsBVwIzt-8b",
    "theme": "",
    "layout": "",
    "viewCount": 0,
    "userName": "a***4",
    "commentCount": 0,
    "starCount": 0,
    "isStared": 0,
    "thumbnailURL": "https://www.makeapie.com/ecg-storage/ec_gallery_thumbnail/x31_ri4W3q.png?v=1640583541082",
    "isCustomThumbnail": 0,
    "builtinTags": [
        "category-work",
        "series-gauge"
    ],
    "customTags": [],
    "updaterUserName": "a***4"
}