{
    "cid": "xDGWjgnDUS",
    "authorUid": "bd-508094647",
    "authorUserName": "y***n",
    "title": "单纯曲线",
    "description": "",
    "latestVersion": 1,
    "alwaysLatest": 0,
    "createTime": "2021-12-23T06:33:17.000Z",
    "lastUpdateTime": "2021-12-23T06:33:17.000Z",
    "auth": 2,
    "uid": "bd-508094647",
    "publishedVersion": 0,
    "forkFrom": "-",
    "isSpam": 0,
    "version": 1,
    "parentVersion": -1,
    "echartsVersion": "5.2.2",
    "versionCreateTime": "2021-12-23T06:33:17.000Z",
    "html": "",
    "externalScripts": "",
    "updaterUID": "bd-508094647",
    "theme": "",
    "layout": "",
    "viewCount": 0,
    "userName": "y***n",
    "commentCount": 0,
    "starCount": 0,
    "isStared": 0,
    "thumbnailURL": "https://www.makeapie.com/ecg-storage/ec_gallery_thumbnail/xDGWjgnDUS.png?v=1640241197963",
    "isCustomThumbnail": 0,
    "builtinTags": [
        "category-work",
        "grid",
        "series-line"
    ],
    "customTags": [],
    "updaterUserName": "y***n"
}