{
    "cid": "xDH22AOWJE",
    "authorUid": "bd-3020153009",
    "authorUserName": "2***7",
    "title": "zqw",
    "description": "",
    "latestVersion": 1,
    "alwaysLatest": 0,
    "createTime": "2021-12-23T03:25:48.000Z",
    "lastUpdateTime": "2021-12-23T03:25:48.000Z",
    "auth": 2,
    "uid": "bd-3020153009",
    "publishedVersion": 0,
    "forkFrom": "-",
    "isSpam": 0,
    "version": 1,
    "parentVersion": -1,
    "echartsVersion": "5.2.2",
    "versionCreateTime": "2021-12-23T03:25:48.000Z",
    "html": "",
    "externalScripts": "",
    "updaterUID": "bd-3020153009",
    "theme": "",
    "layout": "",
    "viewCount": 0,
    "userName": "2***7",
    "commentCount": 0,
    "starCount": 1,
    "isStared": 0,
    "thumbnailURL": "https://www.makeapie.com/ecg-storage/ec_gallery_thumbnail/xDH22AOWJE.png?v=1640229948258",
    "isCustomThumbnail": 0,
    "builtinTags": [
        "category-work",
        "grid",
        "legend",
        "series-pie",
        "tooltip"
    ],
    "customTags": [],
    "updaterUserName": "2***7"
}