{
    "cid": "xHTYmp8uAk",
    "authorUid": "obd-oDTZV9ecpn-ddreydrTbrS5IuHuO11x",
    "authorUserName": "y***3",
    "title": "双向图标流动",
    "description": "",
    "latestVersion": 3,
    "alwaysLatest": 0,
    "createTime": "2021-12-22T08:43:55.000Z",
    "lastUpdateTime": "2021-12-22T09:02:47.000Z",
    "auth": 1,
    "uid": "obd-oDTZV9ecpn-ddreydrTbrS5IuHuO11x",
    "publishedVersion": 0,
    "forkFrom": "-",
    "isSpam": 0,
    "version": 3,
    "parentVersion": 2,
    "echartsVersion": "5.2.2",
    "versionCreateTime": "2021-12-22T09:02:47.000Z",
    "html": "",
    "externalScripts": "",
    "updaterUID": "obd-oDTZV9ecpn-ddreydrTbrS5IuHuO11x",
    "theme": "",
    "layout": "",
    "viewCount": 0,
    "userName": "y***3",
    "commentCount": 0,
    "starCount": 0,
    "isStared": 0,
    "thumbnailURL": "https://www.makeapie.com/ecg-storage/ec_gallery_thumbnail/xHTYmp8uAk.png?v=1640163768019",
    "isCustomThumbnail": 0,
    "builtinTags": [
        "category-work",
        "geo",
        "series-effectScatter",
        "series-lines",
        "title",
        "tooltip"
    ],
    "customTags": [],
    "updaterUserName": "y***3"
}