{
    "cid": "xI1in-8WA6",
    "authorUid": "obd-oPXA22-lfAAvFGV9zZl7R8or_b6ff9u",
    "authorUserName": "C***e",
    "title": "海底捞全国各省数量统计图",
    "description": "",
    "latestVersion": 2,
    "alwaysLatest": 0,
    "createTime": "2021-12-22T11:06:34.000Z",
    "lastUpdateTime": "2021-12-22T11:07:20.000Z",
    "auth": 2,
    "uid": "obd-oPXA22-lfAAvFGV9zZl7R8or_b6ff9u",
    "publishedVersion": 0,
    "forkFrom": "-",
    "isSpam": 0,
    "version": 2,
    "parentVersion": 1,
    "echartsVersion": "5.2.2",
    "versionCreateTime": "2021-12-22T11:07:20.000Z",
    "html": "",
    "externalScripts": "",
    "updaterUID": "obd-oPXA22-lfAAvFGV9zZl7R8or_b6ff9u",
    "theme": "",
    "layout": "",
    "viewCount": 0,
    "userName": "C***e",
    "commentCount": 0,
    "starCount": 1,
    "isStared": 0,
    "thumbnailURL": "https://www.makeapie.com/ecg-storage/ec_gallery_thumbnail/xI1in-8WA6.png?v=1640171240647",
    "isCustomThumbnail": 0,
    "builtinTags": [
        "category-work",
        "legend",
        "series-pie",
        "title",
        "toolbox"
    ],
    "customTags": [],
    "updaterUserName": "C***e"
}