{
    "cid": "xIGJkOrCi3",
    "authorUid": "obd-oPxyIVwYuBzU69mzpj3t2hBkim_jn9G",
    "authorUserName": "呀***x",
    "title": "代表性传承人",
    "description": "",
    "latestVersion": 2,
    "alwaysLatest": 0,
    "createTime": "2021-12-23T05:18:33.000Z",
    "lastUpdateTime": "2021-12-23T05:21:57.000Z",
    "auth": 2,
    "uid": "obd-oPxyIVwYuBzU69mzpj3t2hBkim_jn9G",
    "publishedVersion": 0,
    "forkFrom": "-",
    "isSpam": 0,
    "version": 2,
    "parentVersion": 1,
    "echartsVersion": "5.2.2",
    "versionCreateTime": "2021-12-23T05:21:57.000Z",
    "html": "",
    "externalScripts": "https://cdn.jsdelivr.net/npm/echarts-gl@2/dist/echarts-gl.min.js",
    "updaterUID": "obd-oPxyIVwYuBzU69mzpj3t2hBkim_jn9G",
    "theme": "",
    "layout": "",
    "viewCount": 0,
    "userName": "呀***x",
    "commentCount": 0,
    "starCount": 3,
    "isStared": 0,
    "thumbnailURL": "https://www.makeapie.com/ecg-storage/ec_gallery_thumbnail/xIGJkOrCi3.png?v=1640236917955",
    "isCustomThumbnail": 0,
    "builtinTags": [
        "category-work",
        "grid",
        "legend",
        "series-custom",
        "tooltip"
    ],
    "customTags": [],
    "updaterUserName": "呀***x"
}