{
    "cid": "xNt1VCUmh1",
    "authorUid": "obd-oN7OQrfc4T57mcSC_m70cvg4_pbrEC6",
    "authorUserName": "小***画",
    "title": "饼图-今日进度-动态图",
    "description": "",
    "latestVersion": 3,
    "alwaysLatest": 0,
    "createTime": "2021-12-23T07:29:04.000Z",
    "lastUpdateTime": "2021-12-23T10:41:25.000Z",
    "auth": 2,
    "uid": "obd-oN7OQrfc4T57mcSC_m70cvg4_pbrEC6",
    "publishedVersion": 0,
    "forkFrom": "-",
    "isSpam": 0,
    "version": 3,
    "parentVersion": 2,
    "echartsVersion": "5.2.2",
    "versionCreateTime": "2021-12-23T10:41:25.000Z",
    "html": "",
    "externalScripts": "",
    "updaterUID": "obd-oN7OQrfc4T57mcSC_m70cvg4_pbrEC6",
    "theme": "",
    "layout": "",
    "viewCount": 0,
    "userName": "小***画",
    "commentCount": 0,
    "starCount": 0,
    "isStared": 0,
    "thumbnailURL": "https://www.makeapie.com/ecg-storage/ec_gallery_thumbnail/xNt1VCUmh1.png?v=1640256085412",
    "isCustomThumbnail": 0,
    "builtinTags": [
        "category-work",
        "legend",
        "series-pie",
        "title",
        "tooltip"
    ],
    "customTags": [],
    "updaterUserName": "小***画"
}