{
    "cid": "xpDZBDGKmK",
    "authorUid": "obd-ojdkZeJUshBcBk_o2OfEz4oUtXKp4EZ",
    "authorUserName": "S***h",
    "title": "省际漫游TOP",
    "description": "",
    "latestVersion": 4,
    "alwaysLatest": 0,
    "createTime": "2021-12-22T13:59:47.000Z",
    "lastUpdateTime": "2021-12-23T01:06:44.000Z",
    "auth": 2,
    "uid": "obd-ojdkZeJUshBcBk_o2OfEz4oUtXKp4EZ",
    "publishedVersion": 0,
    "forkFrom": "-",
    "isSpam": 0,
    "version": 4,
    "parentVersion": 3,
    "echartsVersion": "5.2.2",
    "versionCreateTime": "2021-12-23T01:06:44.000Z",
    "html": "",
    "externalScripts": "",
    "updaterUID": "obd-ojdkZeJUshBcBk_o2OfEz4oUtXKp4EZ",
    "theme": "",
    "layout": "",
    "viewCount": 0,
    "userName": "S***h",
    "commentCount": 0,
    "starCount": 0,
    "isStared": 0,
    "thumbnailURL": "https://www.makeapie.com/ecg-storage/ec_gallery_thumbnail/xpDZBDGKmK.png?v=1640221604620",
    "isCustomThumbnail": 0,
    "builtinTags": [
        "category-work",
        "grid",
        "series-bar",
        "title"
    ],
    "customTags": [],
    "updaterUserName": "S***h"
}