{
    "cid": "xurUMKBfKQ",
    "authorUid": "obd-oMZb_41oNw0EswcUA4bfn8FBOApm52j",
    "authorUserName": "这***到",
    "title": "群体画像",
    "description": "",
    "latestVersion": 1,
    "alwaysLatest": 0,
    "createTime": "2021-12-23T06:10:58.000Z",
    "lastUpdateTime": "2021-12-23T06:10:58.000Z",
    "auth": 2,
    "uid": "obd-oMZb_41oNw0EswcUA4bfn8FBOApm52j",
    "publishedVersion": 0,
    "forkFrom": "-",
    "isSpam": 0,
    "version": 1,
    "parentVersion": -1,
    "echartsVersion": "5.2.2",
    "versionCreateTime": "2021-12-23T06:10:58.000Z",
    "html": "",
    "externalScripts": "",
    "updaterUID": "obd-oMZb_41oNw0EswcUA4bfn8FBOApm52j",
    "theme": "",
    "layout": "",
    "viewCount": 0,
    "userName": "这***到",
    "commentCount": 0,
    "starCount": 0,
    "isStared": 0,
    "thumbnailURL": "https://www.makeapie.com/ecg-storage/ec_gallery_thumbnail/xurUMKBfKQ.png?v=1640239858602",
    "isCustomThumbnail": 0,
    "builtinTags": [
        "category-work",
        "legend",
        "series-pie",
        "toolbox",
        "tooltip"
    ],
    "customTags": [],
    "updaterUserName": "这***到"
}