{
    "cid": "xwKPhIj6xZ",
    "authorUid": "obd-o2SThaCHSK0kiVBCLSZEWMoeo_e0w6d",
    "authorUserName": "浮***少",
    "title": "横向汇总",
    "description": "",
    "latestVersion": 1,
    "alwaysLatest": 0,
    "createTime": "2021-12-22T08:19:58.000Z",
    "lastUpdateTime": "2021-12-22T08:19:58.000Z",
    "auth": 2,
    "uid": "obd-o2SThaCHSK0kiVBCLSZEWMoeo_e0w6d",
    "publishedVersion": 0,
    "forkFrom": "-",
    "isSpam": 0,
    "version": 1,
    "parentVersion": -1,
    "echartsVersion": "5.2.2",
    "versionCreateTime": "2021-12-22T08:19:58.000Z",
    "html": "",
    "externalScripts": "",
    "updaterUID": "obd-o2SThaCHSK0kiVBCLSZEWMoeo_e0w6d",
    "theme": "",
    "layout": "",
    "viewCount": 0,
    "userName": "浮***少",
    "commentCount": 0,
    "starCount": 1,
    "isStared": 0,
    "thumbnailURL": "https://www.makeapie.com/ecg-storage/ec_gallery_thumbnail/xwKPhIj6xZ.png?v=1640161199079",
    "isCustomThumbnail": 0,
    "builtinTags": [
        "category-work",
        "grid",
        "series-bar",
        "tooltip"
    ],
    "customTags": [],
    "updaterUserName": "浮***少"
}