{
    "cid": "x61o0ujpho",
    "authorUid": "obd-oN7O8cnrB7cACxn6yytWXvsVtzIC5C7",
    "authorUserName": "桃***样",
    "title": "条形图",
    "description": "背景 yAxis label",
    "latestVersion": 2,
    "alwaysLatest": 1,
    "createTime": "2020-12-07T06:07:28.000Z",
    "lastUpdateTime": "2020-12-07T06:07:28.000Z",
    "auth": 2,
    "uid": "obd-oN7O8cnrB7cACxn6yytWXvsVtzIC5C7",
    "publishedVersion": 0,
    "forkFrom": "-",
    "isSpam": 0,
    "version": 2,
    "parentVersion": 1,
    "echartsVersion": "4.8.0",
    "versionCreateTime": "2020-12-07T07:43:34.000Z",
    "html": "",
    "externalScripts": "",
    "updaterUID": "obd-oN7O8cnrB7cACxn6yytWXvsVtzIC5C7",
    "theme": "",
    "layout": "",
    "viewCount": 107,
    "userName": "桃***样",
    "commentCount": 0,
    "starCount": 0,
    "isStared": 0,
    "thumbnailURL": "https://www.makeapie.com/ecg-storage/ec_gallery_thumbnail/x61o0ujpho.png?v=1607327014542",
    "isCustomThumbnail": 0,
    "builtinTags": [
        "category-work",
        "grid",
        "series-bar"
    ],
    "customTags": [],
    "updaterUserName": "桃***样"
}