{
    "cid": "x92YljHcWq",
    "authorUid": "bd-365218436",
    "authorUserName": "G***G",
    "title": "基础柱状图",
    "description": "现在的图标都太花里胡哨了，所以整一个基础的图表库",
    "latestVersion": 2,
    "alwaysLatest": 1,
    "createTime": "2020-12-07T02:57:55.000Z",
    "lastUpdateTime": "2020-12-07T02:57:55.000Z",
    "auth": 2,
    "uid": "bd-365218436",
    "publishedVersion": 0,
    "forkFrom": "-",
    "isSpam": 0,
    "version": 2,
    "parentVersion": 1,
    "echartsVersion": "4.8.0",
    "versionCreateTime": "2020-12-07T07:08:10.000Z",
    "html": "",
    "externalScripts": "",
    "updaterUID": "bd-365218436",
    "theme": "",
    "layout": "",
    "viewCount": 84,
    "userName": "G***G",
    "commentCount": 0,
    "starCount": 9,
    "isStared": 0,
    "thumbnailURL": "https://www.makeapie.com/ecg-storage/ec_gallery_thumbnail/x92YljHcWq.png?v=1607324890914",
    "isCustomThumbnail": 0,
    "builtinTags": [
        "category-work",
        "grid",
        "series-bar",
        "tooltip"
    ],
    "customTags": [],
    "updaterUserName": "G***G"
}