{
    "cid": "xCpCVCLHW2",
    "authorUid": "obd-oFD6gRdQjcU1hS86g5uFhmXfOPfEl5Z",
    "authorUserName": "旑***",
    "title": "单个option生成多层bar-line结合的图表",
    "description": "三组图标放于同一个option，每组bar-line都有图例",
    "latestVersion": 1,
    "alwaysLatest": 1,
    "createTime": "2020-12-07T06:27:12.000Z",
    "lastUpdateTime": "2020-12-07T06:27:12.000Z",
    "auth": 1,
    "uid": "obd-oFD6gRdQjcU1hS86g5uFhmXfOPfEl5Z",
    "publishedVersion": 0,
    "forkFrom": "-",
    "isSpam": 0,
    "version": 1,
    "parentVersion": -1,
    "echartsVersion": "4.8.0",
    "versionCreateTime": "2020-12-07T06:27:12.000Z",
    "html": "",
    "externalScripts": "",
    "updaterUID": "obd-oFD6gRdQjcU1hS86g5uFhmXfOPfEl5Z",
    "theme": "",
    "layout": "",
    "viewCount": 117,
    "userName": "旑***",
    "commentCount": 0,
    "starCount": 3,
    "isStared": 0,
    "thumbnailURL": "https://www.makeapie.com/ecg-storage/ec_gallery_thumbnail/xCpCVCLHW2.png?v=1607322432195",
    "isCustomThumbnail": 0,
    "builtinTags": [
        "category-work",
        "grid",
        "legend",
        "series-bar",
        "series-line",
        "tooltip"
    ],
    "customTags": [],
    "updaterUserName": "旑***"
}