{
    "cid": "xEXy35f3h5",
    "authorUid": "obd-ol2fKTAPmINONtzTsf8BTLbcaJTgO0M",
    "authorUserName": "f***s",
    "title": "深圳所参与地方标准制定类型",
    "description": "",
    "latestVersion": 1,
    "alwaysLatest": 1,
    "createTime": "2020-12-06T02:49:56.000Z",
    "lastUpdateTime": "2020-12-06T02:49:56.000Z",
    "auth": 2,
    "uid": "obd-ol2fKTAPmINONtzTsf8BTLbcaJTgO0M",
    "publishedVersion": 0,
    "forkFrom": "-",
    "isSpam": 0,
    "version": 1,
    "parentVersion": -1,
    "echartsVersion": "4.8.0",
    "versionCreateTime": "2020-12-06T02:49:56.000Z",
    "html": "",
    "externalScripts": "",
    "updaterUID": "obd-ol2fKTAPmINONtzTsf8BTLbcaJTgO0M",
    "theme": "",
    "layout": "",
    "viewCount": 68,
    "userName": "f***s",
    "commentCount": 0,
    "starCount": 0,
    "isStared": 0,
    "thumbnailURL": "https://www.makeapie.com/ecg-storage/ec_gallery_thumbnail/xEXy35f3h5.png?v=1607222996527",
    "isCustomThumbnail": 0,
    "builtinTags": [
        "category-work",
        "graphic",
        "legend",
        "series-pie",
        "title",
        "toolbox",
        "tooltip"
    ],
    "customTags": [],
    "updaterUserName": "f***s"
}