{
    "cid": "xk8veXt8oE",
    "authorUid": "obd-oAF5JVJ-wXOM5jB7a6Q7p4EIiXiOO7E",
    "authorUserName": "q***j",
    "title": "带legend饼图",
    "description": "",
    "latestVersion": 1,
    "alwaysLatest": 1,
    "createTime": "2020-12-07T02:44:44.000Z",
    "lastUpdateTime": "2020-12-07T02:44:44.000Z",
    "auth": 2,
    "uid": "obd-oAF5JVJ-wXOM5jB7a6Q7p4EIiXiOO7E",
    "publishedVersion": 0,
    "forkFrom": "-",
    "isSpam": 0,
    "version": 1,
    "parentVersion": -1,
    "echartsVersion": "4.8.0",
    "versionCreateTime": "2020-12-07T02:44:44.000Z",
    "html": "",
    "externalScripts": "",
    "updaterUID": "obd-oAF5JVJ-wXOM5jB7a6Q7p4EIiXiOO7E",
    "theme": "",
    "layout": "",
    "viewCount": 129,
    "userName": "q***j",
    "commentCount": 0,
    "starCount": 0,
    "isStared": 0,
    "thumbnailURL": "https://www.makeapie.com/ecg-storage/ec_gallery_thumbnail/xk8veXt8oE.png?v=1607309084980",
    "isCustomThumbnail": 0,
    "builtinTags": [
        "category-work",
        "legend",
        "series-pie",
        "tooltip"
    ],
    "customTags": [],
    "updaterUserName": "q***j"
}