{
    "cid": "xMXC0YlbcQ",
    "authorUid": "obd-ojGzlc1WQUJsK4QHNR1rN9WDZ_ZotEL",
    "authorUserName": "盖***_",
    "title": "地图",
    "description": "",
    "latestVersion": 4,
    "alwaysLatest": 1,
    "createTime": "2020-12-07T06:08:49.000Z",
    "lastUpdateTime": "2020-12-07T06:08:49.000Z",
    "auth": 2,
    "uid": "obd-ojGzlc1WQUJsK4QHNR1rN9WDZ_ZotEL",
    "publishedVersion": 0,
    "forkFrom": "-",
    "isSpam": 0,
    "version": 4,
    "parentVersion": 3,
    "echartsVersion": "4.8.0",
    "versionCreateTime": "2020-12-08T03:33:31.000Z",
    "html": "",
    "externalScripts": "/dep/echarts/map/js/china.js",
    "updaterUID": "obd-ojGzlc1WQUJsK4QHNR1rN9WDZ_ZotEL",
    "theme": "",
    "layout": "",
    "viewCount": 566,
    "userName": "盖***_",
    "commentCount": 0,
    "starCount": 12,
    "isStared": 0,
    "thumbnailURL": "https://www.makeapie.com/ecg-storage/ec_gallery_thumbnail/xMXC0YlbcQ.png?v=1607398411931",
    "isCustomThumbnail": 0,
    "builtinTags": [
        "category-work",
        "geo",
        "series-effectScatter",
        "series-map",
        "tooltip"
    ],
    "customTags": [],
    "updaterUserName": "盖***_"
}