{
    "cid": "xOwk5sojJl",
    "authorUid": "obd-o0gPvp7MdMzXNkVgmpuDLsrm4zE3bFC",
    "authorUserName": "午***禾",
    "title": "公司排名",
    "description": "Feature Sample: Gradient Color, Shadow, Click Zoom",
    "latestVersion": 2,
    "alwaysLatest": 1,
    "createTime": "2020-12-04T11:52:31.000Z",
    "lastUpdateTime": "2020-12-04T11:52:31.000Z",
    "auth": 2,
    "uid": "obd-o0gPvp7MdMzXNkVgmpuDLsrm4zE3bFC",
    "publishedVersion": 0,
    "forkFrom": "-",
    "isSpam": 0,
    "version": 2,
    "parentVersion": 1,
    "echartsVersion": "4.8.0",
    "versionCreateTime": "2020-12-04T12:07:35.000Z",
    "html": "",
    "externalScripts": "",
    "updaterUID": "obd-o0gPvp7MdMzXNkVgmpuDLsrm4zE3bFC",
    "theme": "",
    "layout": "",
    "viewCount": 110,
    "userName": "午***禾",
    "commentCount": 0,
    "starCount": 3,
    "isStared": 0,
    "thumbnailURL": "https://www.makeapie.com/ecg-storage/ec_gallery_thumbnail/xOwk5sojJl.png?v=1607083656023",
    "isCustomThumbnail": 0,
    "builtinTags": [
        "category-work",
        "grid",
        "series-bar",
        "title",
        "tooltip"
    ],
    "customTags": [],
    "updaterUserName": "午***禾"
}