{
    "cid": "xqiPuyjO93",
    "authorUid": "obd-o0gPvp7MdMzXNkVgmpuDLsrm4zE3bFC",
    "authorUserName": "午***禾",
    "title": "制定标准的分类变化情况",
    "description": "",
    "latestVersion": 3,
    "alwaysLatest": 1,
    "createTime": "2020-12-04T11:01:16.000Z",
    "lastUpdateTime": "2020-12-04T11:01:16.000Z",
    "auth": 2,
    "uid": "obd-o0gPvp7MdMzXNkVgmpuDLsrm4zE3bFC",
    "publishedVersion": 0,
    "forkFrom": "-",
    "isSpam": 0,
    "version": 3,
    "parentVersion": 2,
    "echartsVersion": "4.8.0",
    "versionCreateTime": "2020-12-04T11:20:45.000Z",
    "html": "",
    "externalScripts": "",
    "updaterUID": "obd-o0gPvp7MdMzXNkVgmpuDLsrm4zE3bFC",
    "theme": "",
    "layout": "",
    "viewCount": 150,
    "userName": "午***禾",
    "commentCount": 0,
    "starCount": 2,
    "isStared": 0,
    "thumbnailURL": "https://www.makeapie.com/ecg-storage/ec_gallery_thumbnail/xqiPuyjO93.png?v=1607080845238",
    "isCustomThumbnail": 0,
    "builtinTags": [
        "category-work",
        "grid",
        "markLine",
        "series-bar",
        "timeline",
        "title",
        "tooltip"
    ],
    "customTags": [],
    "updaterUserName": "午***禾"
}