{
    "cid": "xV8TdEGXzY",
    "authorUid": "obd-ol9fSufWi4ZbiI6fshkD3LG6LTVNz0B",
    "authorUserName": "星***色",
    "title": "地图图标点击变化",
    "description": "地图图标点击变化",
    "latestVersion": 2,
    "alwaysLatest": 1,
    "createTime": "2020-12-06T09:55:05.000Z",
    "lastUpdateTime": "2020-12-06T09:55:05.000Z",
    "auth": 2,
    "uid": "obd-ol9fSufWi4ZbiI6fshkD3LG6LTVNz0B",
    "publishedVersion": 1,
    "forkFrom": "-",
    "isSpam": 0,
    "version": 1,
    "parentVersion": -1,
    "echartsVersion": "4.8.0",
    "versionCreateTime": "2020-12-06T09:55:05.000Z",
    "html": "",
    "externalScripts": "",
    "updaterUID": "obd-ol9fSufWi4ZbiI6fshkD3LG6LTVNz0B",
    "theme": "",
    "layout": "",
    "viewCount": 105,
    "userName": "星***色",
    "commentCount": 0,
    "starCount": 0,
    "isStared": 0,
    "thumbnailURL": "https://www.makeapie.com/ecg-storage/ec_gallery_thumbnail/xV8TdEGXzY.png?v=1607248506082",
    "isCustomThumbnail": 0,
    "builtinTags": [
        "category-work",
        "geo",
        "legend",
        "series-map",
        "series-scatter",
        "tooltip"
    ],
    "customTags": [],
    "updaterUserName": "星***色"
}