{
    "cid": "xwgN3W6eti",
    "authorUid": "obd-o0gPvp7MdMzXNkVgmpuDLsrm4zE3bFC",
    "authorUserName": "午***禾",
    "title": "各个区标准排名情况",
    "description": "",
    "latestVersion": 1,
    "alwaysLatest": 1,
    "createTime": "2020-12-04T11:59:48.000Z",
    "lastUpdateTime": "2020-12-04T11:59:48.000Z",
    "auth": 2,
    "uid": "obd-o0gPvp7MdMzXNkVgmpuDLsrm4zE3bFC",
    "publishedVersion": 0,
    "forkFrom": "-",
    "isSpam": 0,
    "version": 1,
    "parentVersion": -1,
    "echartsVersion": "4.8.0",
    "versionCreateTime": "2020-12-04T11:59:48.000Z",
    "html": "",
    "externalScripts": "",
    "updaterUID": "obd-o0gPvp7MdMzXNkVgmpuDLsrm4zE3bFC",
    "theme": "",
    "layout": "",
    "viewCount": 183,
    "userName": "午***禾",
    "commentCount": 1,
    "starCount": 6,
    "isStared": 0,
    "thumbnailURL": "https://www.makeapie.com/ecg-storage/ec_gallery_thumbnail/xwgN3W6eti.png?v=1607083188294",
    "isCustomThumbnail": 0,
    "builtinTags": [
        "category-work",
        "grid",
        "markLine",
        "series-bar",
        "timeline",
        "title",
        "tooltip"
    ],
    "customTags": [],
    "updaterUserName": "午***禾"
}