{
    "cid": "xXqcpYxAQR",
    "authorUid": "obd-ol2fKTAPmINONtzTsf8BTLbcaJTgO0M",
    "authorUserName": "f***s",
    "title": "柱状图模板",
    "description": "",
    "latestVersion": 1,
    "alwaysLatest": 1,
    "createTime": "2020-12-06T03:07:31.000Z",
    "lastUpdateTime": "2020-12-06T03:07:31.000Z",
    "auth": 2,
    "uid": "obd-ol2fKTAPmINONtzTsf8BTLbcaJTgO0M",
    "publishedVersion": 0,
    "forkFrom": "-",
    "isSpam": 0,
    "version": 1,
    "parentVersion": -1,
    "echartsVersion": "4.8.0",
    "versionCreateTime": "2020-12-06T03:07:31.000Z",
    "html": "",
    "externalScripts": "",
    "updaterUID": "obd-ol2fKTAPmINONtzTsf8BTLbcaJTgO0M",
    "theme": "",
    "layout": "",
    "viewCount": 89,
    "userName": "f***s",
    "commentCount": 0,
    "starCount": 2,
    "isStared": 0,
    "thumbnailURL": "https://www.makeapie.com/ecg-storage/ec_gallery_thumbnail/xXqcpYxAQR.png?v=1607224051241",
    "isCustomThumbnail": 0,
    "builtinTags": [
        "category-work",
        "grid",
        "series-bar",
        "title",
        "tooltip"
    ],
    "customTags": [],
    "updaterUserName": "f***s"
}