{
    "cid": "xByFnHjI47",
    "authorUid": "bd-1033638345",
    "authorUserName": "s***O",
    "title": "easy-circle",
    "description": "用 pie 写的简单的圆",
    "latestVersion": 2,
    "alwaysLatest": 1,
    "createTime": "2018-07-26T01:36:48.000Z",
    "lastUpdateTime": "2018-07-26T01:36:48.000Z",
    "auth": 1,
    "uid": "bd-1033638345",
    "publishedVersion": 0,
    "forkFrom": "-",
    "isSpam": 0,
    "version": 2,
    "parentVersion": 1,
    "echartsVersion": "4.1.0",
    "versionCreateTime": "2018-07-26T02:04:23.000Z",
    "html": "",
    "externalScripts": "",
    "updaterUID": "bd-1033638345",
    "theme": "",
    "layout": "",
    "viewCount": 218,
    "userName": "s***O",
    "commentCount": 0,
    "starCount": 1,
    "isStared": 0,
    "thumbnailURL": "https://www.makeapie.com/ecg-storage/ec_gallery_thumbnail/xByFnHjI47.png?v=1532570663911",
    "isCustomThumbnail": 0,
    "builtinTags": [
        "category-work",
        "series-pie"
    ],
    "customTags": [],
    "updaterUserName": "s***O"
}