{
    "cid": "xByVsMMQN7",
    "authorUid": "bd-599414847",
    "authorUserName": "A***M",
    "title": "tree",
    "description": "tree",
    "latestVersion": 2,
    "alwaysLatest": 1,
    "createTime": "2018-07-23T08:32:27.000Z",
    "lastUpdateTime": "2018-07-23T08:32:27.000Z",
    "auth": 2,
    "uid": "bd-599414847",
    "publishedVersion": 0,
    "forkFrom": "-",
    "isSpam": 0,
    "version": 2,
    "parentVersion": 1,
    "echartsVersion": "4.1.0",
    "versionCreateTime": "2018-07-23T09:11:08.000Z",
    "html": "",
    "externalScripts": "",
    "updaterUID": "bd-599414847",
    "theme": "",
    "layout": "",
    "viewCount": 1291,
    "userName": "A***M",
    "commentCount": 2,
    "starCount": 7,
    "isStared": 0,
    "thumbnailURL": "https://www.makeapie.com/ecg-storage/ec_gallery_thumbnail/xByVsMMQN7.png?v=1532337068763",
    "isCustomThumbnail": 0,
    "builtinTags": [
        "category-work",
        "series-tree",
        "tooltip"
    ],
    "customTags": [],
    "updaterUserName": "A***M"
}