{
    "cid": "xH1AsQSm47",
    "authorUid": "bd-4113762805",
    "authorUserName": "Extreme_Will",
    "title": "Alpha2B",
    "description": "",
    "latestVersion": 3,
    "alwaysLatest": 1,
    "createTime": "2018-07-23T12:01:41.000Z",
    "lastUpdateTime": "2018-07-23T12:01:41.000Z",
    "auth": 2,
    "uid": "bd-4113762805",
    "publishedVersion": 0,
    "forkFrom": "-",
    "isSpam": 0,
    "version": 3,
    "parentVersion": 2,
    "echartsVersion": "4.1.0",
    "versionCreateTime": "2018-07-23T12:20:44.000Z",
    "html": "",
    "externalScripts": "",
    "updaterUID": "bd-4113762805",
    "theme": "dark",
    "layout": "",
    "viewCount": 94,
    "userName": "Extreme_Will",
    "commentCount": 0,
    "starCount": 0,
    "isStared": 0,
    "thumbnailURL": "https://www.makeapie.com/ecg-storage/ec_gallery_thumbnail/xH1AsQSm47.png?v=1532348445077",
    "isCustomThumbnail": 0,
    "builtinTags": [
        "category-work",
        "grid",
        "legend",
        "series-line"
    ],
    "customTags": [],
    "updaterUserName": "Extreme_Will"
}