{
    "cid": "xH1FZd66QQ",
    "authorUid": "bd-1023526302",
    "authorUserName": "langzichanglu",
    "title": "柱状图与饼图混搭",
    "description": "",
    "latestVersion": 1,
    "alwaysLatest": 1,
    "createTime": "2018-07-19T08:12:48.000Z",
    "lastUpdateTime": "2018-07-19T08:12:48.000Z",
    "auth": 2,
    "uid": "bd-1023526302",
    "publishedVersion": 0,
    "forkFrom": "-",
    "isSpam": 0,
    "version": 1,
    "parentVersion": -1,
    "echartsVersion": "4.1.0",
    "versionCreateTime": "2018-07-19T08:12:48.000Z",
    "html": "",
    "externalScripts": "",
    "updaterUID": "bd-1023526302",
    "theme": "",
    "layout": "",
    "viewCount": 286,
    "userName": "langzichanglu",
    "commentCount": 0,
    "starCount": 0,
    "isStared": 0,
    "thumbnailURL": "https://www.makeapie.com/ecg-storage/ec_gallery_thumbnail/xH1FZd66QQ.png?v=1531987969061",
    "isCustomThumbnail": 0,
    "builtinTags": [
        "category-work",
        "grid",
        "series-bar",
        "series-pie",
        "title"
    ],
    "customTags": [],
    "updaterUserName": "langzichanglu"
}