{
    "cid": "xHJv2g-Cm7",
    "authorUid": "bd-2459271525",
    "authorUserName": "柳***6",
    "title": "堆叠柱图",
    "description": "",
    "latestVersion": 2,
    "alwaysLatest": 1,
    "createTime": "2018-07-19T12:14:39.000Z",
    "lastUpdateTime": "2018-07-23T06:28:59.000Z",
    "auth": 2,
    "uid": "bd-2459271525",
    "publishedVersion": 0,
    "forkFrom": "-",
    "isSpam": 0,
    "version": 2,
    "parentVersion": 1,
    "echartsVersion": "4.1.0",
    "versionCreateTime": "2018-07-19T12:38:27.000Z",
    "html": "",
    "externalScripts": "",
    "updaterUID": "bd-2459271525",
    "theme": "dark",
    "layout": "",
    "viewCount": 170,
    "userName": "柳***6",
    "commentCount": 0,
    "starCount": 0,
    "isStared": 0,
    "thumbnailURL": "https://www.makeapie.com/ecg-storage/ec_gallery_thumbnail/xHJv2g-Cm7.png?v=1532003907416",
    "isCustomThumbnail": 0,
    "builtinTags": [],
    "customTags": [],
    "updaterUserName": "柳***6"
}