{
    "cid": "xrkMtQaAmQ",
    "authorUid": "bd-599414847",
    "authorUserName": "A***M",
    "title": "仪表盘",
    "description": "仪表盘-guage",
    "latestVersion": 1,
    "alwaysLatest": 1,
    "createTime": "2018-07-20T02:05:45.000Z",
    "lastUpdateTime": "2018-07-20T02:05:45.000Z",
    "auth": 2,
    "uid": "bd-599414847",
    "publishedVersion": 0,
    "forkFrom": "-",
    "isSpam": 0,
    "version": 1,
    "parentVersion": -1,
    "echartsVersion": "4.1.0",
    "versionCreateTime": "2018-07-20T02:05:45.000Z",
    "html": "",
    "externalScripts": "",
    "updaterUID": "bd-599414847",
    "theme": "",
    "layout": "",
    "viewCount": 1149,
    "userName": "A***M",
    "commentCount": 0,
    "starCount": 9,
    "isStared": 0,
    "thumbnailURL": "https://www.makeapie.com/ecg-storage/ec_gallery_thumbnail/xrkMtQaAmQ.png?v=1532052345726",
    "isCustomThumbnail": 0,
    "builtinTags": [
        "category-work",
        "series-gauge",
        "series-pie",
        "title"
    ],
    "customTags": [],
    "updaterUserName": "A***M"
}