{
    "cid": "xSyA6zMyNm",
    "authorUid": "bd-2034114696",
    "authorUserName": "心情好呵哦",
    "title": "test",
    "description": "",
    "latestVersion": 5,
    "alwaysLatest": 1,
    "createTime": "2018-07-20T07:44:05.000Z",
    "lastUpdateTime": "2018-07-20T07:44:05.000Z",
    "auth": 2,
    "uid": "bd-2034114696",
    "publishedVersion": 0,
    "forkFrom": "-",
    "isSpam": 0,
    "version": 5,
    "parentVersion": 4,
    "echartsVersion": "4.1.0",
    "versionCreateTime": "2018-07-23T05:57:24.000Z",
    "html": "",
    "externalScripts": "",
    "updaterUID": "bd-2034114696",
    "theme": "",
    "layout": "",
    "viewCount": 29,
    "userName": "心情好呵哦",
    "commentCount": 0,
    "starCount": 0,
    "isStared": 0,
    "thumbnailURL": "https://www.makeapie.com/ecg-storage/ec_gallery_thumbnail/xSyA6zMyNm.png?v=1532325444183",
    "isCustomThumbnail": 0,
    "builtinTags": [
        "category-work",
        "grid",
        "series-bar",
        "tooltip"
    ],
    "customTags": [],
    "updaterUserName": "心情好呵哦"
}