{
    "cid": "xSyiwCgE4Q",
    "authorUid": "bd-3577702803",
    "authorUserName": "J***音",
    "title": "圆底柱图",
    "description": "",
    "latestVersion": 3,
    "alwaysLatest": 1,
    "createTime": "2018-07-24T01:18:26.000Z",
    "lastUpdateTime": "2018-07-24T01:18:26.000Z",
    "auth": 2,
    "uid": "bd-3577702803",
    "publishedVersion": 0,
    "forkFrom": "-",
    "isSpam": 0,
    "version": 3,
    "parentVersion": 2,
    "echartsVersion": "4.4.0",
    "versionCreateTime": "2019-10-23T13:02:19.000Z",
    "html": "",
    "externalScripts": "",
    "updaterUID": "bd-3577702803",
    "theme": "",
    "layout": "",
    "viewCount": 352,
    "userName": "J***音",
    "commentCount": 0,
    "starCount": 6,
    "isStared": 0,
    "thumbnailURL": "https://www.makeapie.com/ecg-storage/ec_gallery_thumbnail/xSyiwCgE4Q.png?v=1571835739983",
    "isCustomThumbnail": 0,
    "builtinTags": [
        "category-work",
        "grid",
        "series-pictorialBar"
    ],
    "customTags": [],
    "updaterUserName": "J***音"
}