{
    "cid": "xB1k9i7gRM",
    "authorUid": "bd-460850157",
    "authorUserName": "S***七",
    "title": "事故类型",
    "description": "",
    "latestVersion": 1,
    "alwaysLatest": 1,
    "createTime": "2018-05-09T08:04:23.000Z",
    "lastUpdateTime": "2018-05-09T08:04:23.000Z",
    "auth": 1,
    "uid": "bd-460850157",
    "publishedVersion": 0,
    "forkFrom": "-",
    "isSpam": 0,
    "version": 1,
    "parentVersion": -1,
    "echartsVersion": "4.1.0",
    "versionCreateTime": "2018-05-09T08:04:23.000Z",
    "html": "",
    "externalScripts": "",
    "updaterUID": "bd-460850157",
    "theme": "",
    "layout": "",
    "viewCount": 779,
    "userName": "S***七",
    "commentCount": 0,
    "starCount": 2,
    "isStared": 0,
    "thumbnailURL": "https://www.makeapie.com/ecg-storage/ec_gallery_thumbnail/xB1k9i7gRM.png?v=1525853063207",
    "isCustomThumbnail": 0,
    "builtinTags": [
        "category-work",
        "legend",
        "series-pie",
        "title"
    ],
    "customTags": [],
    "updaterUserName": "S***七"
}