{
    "cid": "xB1K4kqRTM",
    "authorUid": "bd-3004182960",
    "authorUserName": "lihbcn",
    "title": "资负比 ",
    "description": "堆叠、柱状图、x轴bar无间隔、折线混搭",
    "latestVersion": 2,
    "alwaysLatest": 1,
    "createTime": "2018-05-08T02:45:04.000Z",
    "lastUpdateTime": "2018-05-08T02:45:04.000Z",
    "auth": 2,
    "uid": "bd-3004182960",
    "publishedVersion": 0,
    "forkFrom": "-",
    "isSpam": 0,
    "version": 2,
    "parentVersion": 1,
    "echartsVersion": "4.1.0",
    "versionCreateTime": "2018-05-08T03:04:59.000Z",
    "html": "",
    "externalScripts": "",
    "updaterUID": "bd-3004182960",
    "theme": "",
    "layout": "",
    "viewCount": 353,
    "userName": "lihbcn",
    "commentCount": 0,
    "starCount": 0,
    "isStared": 0,
    "thumbnailURL": "https://www.makeapie.com/ecg-storage/ec_gallery_thumbnail/xB1K4kqRTM.png?v=1525748699678",
    "isCustomThumbnail": 0,
    "builtinTags": [
        "category-work",
        "grid",
        "legend",
        "series-bar",
        "series-line",
        "title",
        "tooltip"
    ],
    "customTags": [],
    "updaterUserName": "lihbcn"
}