{
    "cid": "xBk153HeAf",
    "authorUid": "bd-3645309627",
    "authorUserName": "1***_",
    "title": "通告发布情况统计",
    "description": "",
    "latestVersion": 1,
    "alwaysLatest": 1,
    "createTime": "2018-05-09T10:25:10.000Z",
    "lastUpdateTime": "2018-05-09T10:25:10.000Z",
    "auth": 2,
    "uid": "bd-3645309627",
    "publishedVersion": 0,
    "forkFrom": "-",
    "isSpam": 0,
    "version": 1,
    "parentVersion": -1,
    "echartsVersion": "4.1.0",
    "versionCreateTime": "2018-05-09T10:25:10.000Z",
    "html": "",
    "externalScripts": "http://echarts.baidu.com/asset/map/js/province/anhui.js",
    "updaterUID": "bd-3645309627",
    "theme": "",
    "layout": "",
    "viewCount": 354,
    "userName": "1***_",
    "commentCount": 0,
    "starCount": 3,
    "isStared": 0,
    "thumbnailURL": "https://www.makeapie.com/ecg-storage/ec_gallery_thumbnail/xBk153HeAf.png?v=1525861510922",
    "isCustomThumbnail": 0,
    "builtinTags": [
        "category-work",
        "legend",
        "series-sunburst",
        "title",
        "tooltip"
    ],
    "customTags": [],
    "updaterUserName": "1***_"
}