{
    "cid": "xH1pR2QeAG",
    "authorUid": "bd-1681794668",
    "authorUserName": "上帝子民Chris",
    "title": "流程图模拟",
    "description": "",
    "latestVersion": 1,
    "alwaysLatest": 1,
    "createTime": "2018-05-09T08:09:57.000Z",
    "lastUpdateTime": "2018-05-09T08:09:57.000Z",
    "auth": 2,
    "uid": "bd-1681794668",
    "publishedVersion": 0,
    "forkFrom": "-",
    "isSpam": 0,
    "version": 1,
    "parentVersion": -1,
    "echartsVersion": "4.1.0",
    "versionCreateTime": "2018-05-09T08:09:57.000Z",
    "html": "",
    "externalScripts": "",
    "updaterUID": "bd-1681794668",
    "theme": "",
    "layout": "",
    "viewCount": 2912,
    "userName": "上帝子民Chris",
    "commentCount": 0,
    "starCount": 9,
    "isStared": 0,
    "thumbnailURL": "https://www.makeapie.com/ecg-storage/ec_gallery_thumbnail/xH1pR2QeAG.png?v=1525853397469",
    "isCustomThumbnail": 0,
    "builtinTags": [
        "category-work",
        "grid",
        "series-graph",
        "series-lines",
        "title",
        "tooltip"
    ],
    "customTags": [],
    "updaterUserName": "上帝子民Chris"
}