{
    "cid": "xHklp_cTpz",
    "authorUid": "bd-2239932449",
    "authorUserName": "137*****470",
    "title": "环形图",
    "description": "",
    "latestVersion": 1,
    "alwaysLatest": 1,
    "createTime": "2018-05-07T09:13:27.000Z",
    "lastUpdateTime": "2018-05-07T09:13:27.000Z",
    "auth": 2,
    "uid": "bd-2239932449",
    "publishedVersion": 0,
    "forkFrom": "-",
    "isSpam": 0,
    "version": 1,
    "parentVersion": -1,
    "echartsVersion": "4.1.0",
    "versionCreateTime": "2018-05-07T09:13:28.000Z",
    "html": "",
    "externalScripts": "",
    "updaterUID": "bd-2239932449",
    "theme": "",
    "layout": "",
    "viewCount": 71,
    "userName": "137*****470",
    "commentCount": 0,
    "starCount": 0,
    "isStared": 0,
    "thumbnailURL": "https://www.makeapie.com/ecg-storage/ec_gallery_thumbnail/xHklp_cTpz.png?v=1525684408152",
    "isCustomThumbnail": 0,
    "builtinTags": [
        "category-work",
        "legend",
        "series-pie",
        "title",
        "tooltip"
    ],
    "customTags": [],
    "updaterUserName": "137*****470"
}