{
    "cid": "xr1enTXTTTf",
    "authorUid": "bd-3882009687",
    "authorUserName": "183*****196",
    "title": "不完整方块柱图",
    "description": "by zxm",
    "latestVersion": 2,
    "alwaysLatest": 1,
    "createTime": "2018-05-07T12:17:08.000Z",
    "lastUpdateTime": "2018-05-07T12:17:08.000Z",
    "auth": 2,
    "uid": "bd-3882009687",
    "publishedVersion": 0,
    "forkFrom": "-",
    "isSpam": 0,
    "version": 2,
    "parentVersion": 1,
    "echartsVersion": "4.1.0",
    "versionCreateTime": "2018-05-08T06:43:25.000Z",
    "html": "",
    "externalScripts": "",
    "updaterUID": "bd-3882009687",
    "theme": "",
    "layout": "",
    "viewCount": 2910,
    "userName": "183*****196",
    "commentCount": 0,
    "starCount": 32,
    "isStared": 0,
    "thumbnailURL": "https://www.makeapie.com/ecg-storage/ec_gallery_thumbnail/xr1enTXTTTf.png?v=1525761805429",
    "isCustomThumbnail": 0,
    "builtinTags": [
        "category-work",
        "grid",
        "series-pictorialBar",
        "title",
        "tooltip"
    ],
    "customTags": [],
    "updaterUserName": "183*****196"
}