{
    "cid": "xrJ_X-0aTG",
    "authorUid": "bd-504629861",
    "authorUserName": "s***1",
    "title": "shu",
    "description": "",
    "latestVersion": 1,
    "alwaysLatest": 1,
    "createTime": "2018-05-07T13:14:07.000Z",
    "lastUpdateTime": "2018-05-07T13:14:07.000Z",
    "auth": 2,
    "uid": "bd-504629861",
    "publishedVersion": 0,
    "forkFrom": "-",
    "isSpam": 0,
    "version": 1,
    "parentVersion": -1,
    "echartsVersion": "4.1.0",
    "versionCreateTime": "2018-05-07T13:14:07.000Z",
    "html": "",
    "externalScripts": "",
    "updaterUID": "bd-504629861",
    "theme": "dark",
    "layout": "",
    "viewCount": 35,
    "userName": "s***1",
    "commentCount": 0,
    "starCount": 0,
    "isStared": 0,
    "thumbnailURL": "https://www.makeapie.com/ecg-storage/ec_gallery_thumbnail/xrJ_X-0aTG.png?v=1525698847967",
    "isCustomThumbnail": 0,
    "builtinTags": [
        "category-work",
        "grid",
        "series-pictorialBar"
    ],
    "customTags": [],
    "updaterUserName": "s***1"
}