{
    "cid": "xrJILT2ATz",
    "authorUid": "bd-238392997",
    "authorUserName": "不愿一人沉沦",
    "title": "重叠折柱混合",
    "description": "",
    "latestVersion": 1,
    "alwaysLatest": 1,
    "createTime": "2018-05-08T06:01:50.000Z",
    "lastUpdateTime": "2018-05-08T06:01:50.000Z",
    "auth": 2,
    "uid": "bd-238392997",
    "publishedVersion": 0,
    "forkFrom": "-",
    "isSpam": 0,
    "version": 1,
    "parentVersion": -1,
    "echartsVersion": "4.1.0",
    "versionCreateTime": "2018-05-08T06:01:50.000Z",
    "html": "",
    "externalScripts": "",
    "updaterUID": "bd-238392997",
    "theme": "",
    "layout": "",
    "viewCount": 721,
    "userName": "不愿一人沉沦",
    "commentCount": 0,
    "starCount": 6,
    "isStared": 0,
    "thumbnailURL": "https://www.makeapie.com/ecg-storage/ec_gallery_thumbnail/xrJILT2ATz.png?v=1525759310402",
    "isCustomThumbnail": 0,
    "builtinTags": [
        "category-work",
        "grid",
        "markPoint",
        "series-bar",
        "series-line",
        "tooltip"
    ],
    "customTags": [],
    "updaterUserName": "不愿一人沉沦"
}