{
    "cid": "xrkmq7zeRf",
    "authorUid": "bd-505497963",
    "authorUserName": "A***絡",
    "title": "波纹折线图",
    "description": "去注释直接应用",
    "latestVersion": 1,
    "alwaysLatest": 1,
    "createTime": "2018-05-09T06:22:03.000Z",
    "lastUpdateTime": "2018-05-09T06:22:03.000Z",
    "auth": 2,
    "uid": "bd-505497963",
    "publishedVersion": 0,
    "forkFrom": "-",
    "isSpam": 0,
    "version": 1,
    "parentVersion": -1,
    "echartsVersion": "4.1.0",
    "versionCreateTime": "2018-05-09T06:22:03.000Z",
    "html": "",
    "externalScripts": "",
    "updaterUID": "bd-505497963",
    "theme": "",
    "layout": "",
    "viewCount": 138,
    "userName": "A***絡",
    "commentCount": 0,
    "starCount": 0,
    "isStared": 0,
    "thumbnailURL": "https://www.makeapie.com/ecg-storage/ec_gallery_thumbnail/xrkmq7zeRf.png?v=1525846923310",
    "isCustomThumbnail": 0,
    "builtinTags": [
        "category-work",
        "grid",
        "legend",
        "series-line",
        "title",
        "tooltip"
    ],
    "customTags": [],
    "updaterUserName": "A***絡"
}