{
    "cid": "xS1eQ822aM",
    "authorUid": "bd-33629441",
    "authorUserName": "6***4",
    "title": "可用余额",
    "description": "",
    "latestVersion": 5,
    "alwaysLatest": 1,
    "createTime": "2018-05-06T17:06:31.000Z",
    "lastUpdateTime": "2018-05-06T17:06:31.000Z",
    "auth": 2,
    "uid": "bd-33629441",
    "publishedVersion": 0,
    "forkFrom": "-",
    "isSpam": 0,
    "version": 5,
    "parentVersion": 4,
    "echartsVersion": "4.1.0",
    "versionCreateTime": "2018-05-07T02:02:21.000Z",
    "html": "",
    "externalScripts": "",
    "updaterUID": "bd-33629441",
    "theme": "",
    "layout": "",
    "viewCount": 154,
    "userName": "6***4",
    "commentCount": 0,
    "starCount": 1,
    "isStared": 0,
    "thumbnailURL": "https://www.makeapie.com/ecg-storage/ec_gallery_thumbnail/xS1eQ822aM.png?v=1525658541159",
    "isCustomThumbnail": 0,
    "builtinTags": [
        "category-work",
        "legend",
        "series-pie",
        "title",
        "tooltip"
    ],
    "customTags": [],
    "updaterUserName": "6***4"
}