{
    "cid": "xS1EKP7TpG",
    "authorUid": "bd-69008640",
    "authorUserName": "秋***黑",
    "title": "温度剖面曲线",
    "description": "",
    "latestVersion": 1,
    "alwaysLatest": 1,
    "createTime": "2018-05-07T01:10:20.000Z",
    "lastUpdateTime": "2018-05-07T01:10:20.000Z",
    "auth": 2,
    "uid": "bd-69008640",
    "publishedVersion": 0,
    "forkFrom": "-",
    "isSpam": 0,
    "version": 1,
    "parentVersion": -1,
    "echartsVersion": "4.1.0",
    "versionCreateTime": "2018-05-07T01:10:20.000Z",
    "html": "",
    "externalScripts": "",
    "updaterUID": "bd-69008640",
    "theme": "",
    "layout": "",
    "viewCount": 35,
    "userName": "秋***黑",
    "commentCount": 0,
    "starCount": 1,
    "isStared": 0,
    "thumbnailURL": "https://www.makeapie.com/ecg-storage/ec_gallery_thumbnail/xS1EKP7TpG.png?v=1525655420322",
    "isCustomThumbnail": 0,
    "builtinTags": [
        "category-work",
        "grid",
        "legend",
        "series-line",
        "toolbox",
        "tooltip"
    ],
    "customTags": [],
    "updaterUserName": "秋***黑"
}