{
    "cid": "xS1WmHRJRf",
    "authorUid": "bd-1380664696",
    "authorUserName": "丫***咚",
    "title": "散点图占比效果显示",
    "description": "散点图每个点上显示占比效果",
    "latestVersion": 1,
    "alwaysLatest": 1,
    "createTime": "2018-05-09T01:55:36.000Z",
    "lastUpdateTime": "2018-05-09T01:55:36.000Z",
    "auth": 2,
    "uid": "bd-1380664696",
    "publishedVersion": 0,
    "forkFrom": "-",
    "isSpam": 0,
    "version": 1,
    "parentVersion": -1,
    "echartsVersion": "4.1.0",
    "versionCreateTime": "2018-05-09T01:55:36.000Z",
    "html": "",
    "externalScripts": "",
    "updaterUID": "bd-1380664696",
    "theme": "",
    "layout": "",
    "viewCount": 199,
    "userName": "丫***咚",
    "commentCount": 0,
    "starCount": 1,
    "isStared": 0,
    "thumbnailURL": "https://www.makeapie.com/ecg-storage/ec_gallery_thumbnail/xS1WmHRJRf.png?v=1525830937027",
    "isCustomThumbnail": 1,
    "builtinTags": [
        "category-work"
    ],
    "customTags": [
        "graph",
        "pie",
        "scatter"
    ],
    "updaterUserName": "丫***咚"
}