{
    "cid": "xSJw2i7-CG",
    "authorUid": "bd-3963752781",
    "authorUserName": "he889712345",
    "title": "nhmap",
    "description": "nhmap",
    "latestVersion": 2,
    "alwaysLatest": 1,
    "createTime": "2018-05-10T02:17:18.000Z",
    "lastUpdateTime": "2018-05-10T02:17:18.000Z",
    "auth": 2,
    "uid": "bd-3963752781",
    "publishedVersion": 0,
    "forkFrom": "-",
    "isSpam": 0,
    "version": 2,
    "parentVersion": 1,
    "echartsVersion": "4.1.0",
    "versionCreateTime": "2018-05-10T02:20:29.000Z",
    "html": "",
    "externalScripts": "",
    "updaterUID": "bd-3963752781",
    "theme": "",
    "layout": "",
    "viewCount": 21,
    "userName": "he889712345",
    "commentCount": 0,
    "starCount": 0,
    "isStared": 0,
    "thumbnailURL": "https://www.makeapie.com/ecg-storage/ec_gallery_thumbnail/xSJw2i7-CG.png?v=1525918829795",
    "isCustomThumbnail": 0,
    "builtinTags": [
        "category-work"
    ],
    "customTags": [],
    "updaterUserName": "he889712345"
}