{
    "cid": "xSkxDrwnTM",
    "authorUid": "bd-1065478858",
    "authorUserName": "187******49",
    "title": "总学生数",
    "description": "",
    "latestVersion": 1,
    "alwaysLatest": 1,
    "createTime": "2018-05-06T11:22:00.000Z",
    "lastUpdateTime": "2018-05-06T11:22:00.000Z",
    "auth": 2,
    "uid": "bd-1065478858",
    "publishedVersion": 0,
    "forkFrom": "-",
    "isSpam": 0,
    "version": 1,
    "parentVersion": -1,
    "echartsVersion": "4.1.0",
    "versionCreateTime": "2018-05-06T11:22:00.000Z",
    "html": "",
    "externalScripts": "/dep/echarts/map/js/china.js",
    "updaterUID": "bd-1065478858",
    "theme": "",
    "layout": "",
    "viewCount": 144,
    "userName": "187******49",
    "commentCount": 0,
    "starCount": 0,
    "isStared": 0,
    "thumbnailURL": "https://www.makeapie.com/ecg-storage/ec_gallery_thumbnail/xSkxDrwnTM.png?v=1525605720134",
    "isCustomThumbnail": 0,
    "builtinTags": [
        "category-work",
        "legend",
        "series-pie",
        "title"
    ],
    "customTags": [],
    "updaterUserName": "187******49"
}