{
    "cid": "xSyNozfgAG",
    "authorUid": "bd-505497963",
    "authorUserName": "A***絡",
    "title": "外刻度仪表盘",
    "description": "去掉头尾注释直接应用",
    "latestVersion": 1,
    "alwaysLatest": 1,
    "createTime": "2018-05-09T06:18:03.000Z",
    "lastUpdateTime": "2018-05-09T06:18:03.000Z",
    "auth": 2,
    "uid": "bd-505497963",
    "publishedVersion": 0,
    "forkFrom": "-",
    "isSpam": 0,
    "version": 1,
    "parentVersion": -1,
    "echartsVersion": "4.1.0",
    "versionCreateTime": "2018-05-09T06:18:03.000Z",
    "html": "",
    "externalScripts": "",
    "updaterUID": "bd-505497963",
    "theme": "",
    "layout": "",
    "viewCount": 1269,
    "userName": "A***絡",
    "commentCount": 0,
    "starCount": 6,
    "isStared": 0,
    "thumbnailURL": "https://www.makeapie.com/ecg-storage/ec_gallery_thumbnail/xSyNozfgAG.png?v=1525846683810",
    "isCustomThumbnail": 0,
    "builtinTags": [
        "category-work",
        "series-gauge",
        "title",
        "toolbox",
        "tooltip"
    ],
    "customTags": [],
    "updaterUserName": "A***絡"
}