{
    "cid": "xdFJZNHVIT",
    "authorUid": "obd-o0BP2KecILZ7t1c-z3RMmqBVAqcGdF9",
    "authorUserName": "1***b",
    "title": "90分以上比例",
    "description": "",
    "latestVersion": 1,
    "alwaysLatest": 0,
    "createTime": "2021-08-20T08:38:46.000Z",
    "lastUpdateTime": "2021-08-20T08:38:46.000Z",
    "auth": 2,
    "uid": "obd-o0BP2KecILZ7t1c-z3RMmqBVAqcGdF9",
    "publishedVersion": 0,
    "forkFrom": "-",
    "isSpam": 0,
    "version": 1,
    "parentVersion": -1,
    "echartsVersion": "5.1.2",
    "versionCreateTime": "2021-08-20T08:38:46.000Z",
    "html": "",
    "externalScripts": "",
    "updaterUID": "obd-o0BP2KecILZ7t1c-z3RMmqBVAqcGdF9",
    "theme": "",
    "layout": "",
    "viewCount": 0,
    "userName": "1***b",
    "commentCount": 0,
    "starCount": 0,
    "isStared": 0,
    "thumbnailURL": "https://www.makeapie.com/ecg-storage/ec_gallery_thumbnail/xdFJZNHVIT.png?v=1629448727037",
    "isCustomThumbnail": 0,
    "builtinTags": [
        "category-work",
        "legend",
        "series-pie",
        "title"
    ],
    "customTags": [],
    "updaterUserName": "1***b"
}