{
    "cid": "xE8Q9ed-t6",
    "authorUid": "obd-o0BP2KecILZ7t1c-z3RMmqBVAqcGdF9",
    "authorUserName": "1***b",
    "title": "男女比例",
    "description": "1个",
    "latestVersion": 2,
    "alwaysLatest": 0,
    "createTime": "2021-08-20T08:33:16.000Z",
    "lastUpdateTime": "2021-08-20T08:35:03.000Z",
    "auth": 2,
    "uid": "obd-o0BP2KecILZ7t1c-z3RMmqBVAqcGdF9",
    "publishedVersion": 0,
    "forkFrom": "-",
    "isSpam": 0,
    "version": 2,
    "parentVersion": 1,
    "echartsVersion": "5.1.2",
    "versionCreateTime": "2021-08-20T08:35:03.000Z",
    "html": "",
    "externalScripts": "",
    "updaterUID": "obd-o0BP2KecILZ7t1c-z3RMmqBVAqcGdF9",
    "theme": "",
    "layout": "",
    "viewCount": 0,
    "userName": "1***b",
    "commentCount": 0,
    "starCount": 0,
    "isStared": 0,
    "thumbnailURL": "https://www.makeapie.com/ecg-storage/ec_gallery_thumbnail/xE8Q9ed-t6.png?v=1629448503405",
    "isCustomThumbnail": 0,
    "builtinTags": [
        "category-work",
        "legend",
        "series-pie",
        "title",
        "tooltip"
    ],
    "customTags": [],
    "updaterUserName": "1***b"
}