{
    "cid": "xGCzOUMzZE",
    "authorUid": "bd-575768103",
    "authorUserName": "黯***殇",
    "title": "半圆环渐变指数",
    "description": "",
    "latestVersion": 2,
    "alwaysLatest": 0,
    "createTime": "2021-08-19T09:56:09.000Z",
    "lastUpdateTime": "2021-08-19T10:01:41.000Z",
    "auth": 2,
    "uid": "bd-575768103",
    "publishedVersion": 0,
    "forkFrom": "-",
    "isSpam": 0,
    "version": 2,
    "parentVersion": 1,
    "echartsVersion": "4.8.0",
    "versionCreateTime": "2021-08-19T10:01:41.000Z",
    "html": "",
    "externalScripts": "",
    "updaterUID": "bd-575768103",
    "theme": "",
    "layout": "",
    "viewCount": 0,
    "userName": "黯***殇",
    "commentCount": 0,
    "starCount": 0,
    "isStared": 0,
    "thumbnailURL": "https://www.makeapie.com/ecg-storage/ec_gallery_thumbnail/xGCzOUMzZE.png?v=1629367301563",
    "isCustomThumbnail": 0,
    "builtinTags": [
        "category-work",
        "series-gauge",
        "title"
    ],
    "customTags": [],
    "updaterUserName": "黯***殇"
}