{
    "cid": "xh6L_c0hzB",
    "authorUid": "bd-2536962124",
    "authorUserName": "韩***翎",
    "title": "啥玩意",
    "description": "",
    "latestVersion": 1,
    "alwaysLatest": 0,
    "createTime": "2021-08-20T09:56:56.000Z",
    "lastUpdateTime": "2021-08-20T09:56:56.000Z",
    "auth": 2,
    "uid": "bd-2536962124",
    "publishedVersion": 0,
    "forkFrom": "-",
    "isSpam": 0,
    "version": 1,
    "parentVersion": -1,
    "echartsVersion": "5.1.2",
    "versionCreateTime": "2021-08-20T09:56:56.000Z",
    "html": "",
    "externalScripts": "",
    "updaterUID": "bd-2536962124",
    "theme": "",
    "layout": "",
    "viewCount": 0,
    "userName": "韩***翎",
    "commentCount": 0,
    "starCount": 5,
    "isStared": 0,
    "thumbnailURL": "https://www.makeapie.com/ecg-storage/ec_gallery_thumbnail/xh6L_c0hzB.png?v=1629453417116",
    "isCustomThumbnail": 0,
    "builtinTags": [
        "category-work",
        "series-custom",
        "series-pie",
        "title"
    ],
    "customTags": [],
    "updaterUserName": "韩***翎"
}