{
    "cid": "xi1H_a0hBf",
    "authorUid": "obd-o-bzamOyKisbMH8qxkQTGLajxRaBXAI",
    "authorUserName": "Y***d",
    "title": "折线图",
    "description": "工作使用",
    "latestVersion": 3,
    "alwaysLatest": 0,
    "createTime": "2021-08-19T11:38:55.000Z",
    "lastUpdateTime": "2021-08-19T12:58:19.000Z",
    "auth": 2,
    "uid": "obd-o-bzamOyKisbMH8qxkQTGLajxRaBXAI",
    "publishedVersion": 0,
    "forkFrom": "-",
    "isSpam": 0,
    "version": 3,
    "parentVersion": 2,
    "echartsVersion": "4.9.0",
    "versionCreateTime": "2021-08-19T12:58:19.000Z",
    "html": "",
    "externalScripts": "",
    "updaterUID": "obd-o-bzamOyKisbMH8qxkQTGLajxRaBXAI",
    "theme": "",
    "layout": "",
    "viewCount": 0,
    "userName": "Y***d",
    "commentCount": 0,
    "starCount": 1,
    "isStared": 0,
    "thumbnailURL": "https://www.makeapie.com/ecg-storage/ec_gallery_thumbnail/xi1H_a0hBf.png?v=1629377900077",
    "isCustomThumbnail": 0,
    "builtinTags": [
        "brush",
        "category-work",
        "dataZoom",
        "grid",
        "legend",
        "series-line",
        "toolbox",
        "tooltip"
    ],
    "customTags": [],
    "updaterUserName": "Y***d"
}