{
    "cid": "xiayMz-d_6",
    "authorUid": "obd-oAc5r6yAgOjOqTkSLZbru0HDvV1RW7m",
    "authorUserName": "季***_",
    "title": "3D柱状图",
    "description": "",
    "latestVersion": 2,
    "alwaysLatest": 0,
    "createTime": "2021-08-19T08:45:22.000Z",
    "lastUpdateTime": "2021-08-19T08:45:58.000Z",
    "auth": 2,
    "uid": "obd-oAc5r6yAgOjOqTkSLZbru0HDvV1RW7m",
    "publishedVersion": 0,
    "forkFrom": "-",
    "isSpam": 0,
    "version": 2,
    "parentVersion": 1,
    "echartsVersion": "5.1.2",
    "versionCreateTime": "2021-08-19T08:45:58.000Z",
    "html": "",
    "externalScripts": "",
    "updaterUID": "obd-oAc5r6yAgOjOqTkSLZbru0HDvV1RW7m",
    "theme": "",
    "layout": "",
    "viewCount": 0,
    "userName": "季***_",
    "commentCount": 0,
    "starCount": 1,
    "isStared": 0,
    "thumbnailURL": "https://www.makeapie.com/ecg-storage/ec_gallery_thumbnail/xiayMz-d_6.png?v=1629362758737",
    "isCustomThumbnail": 0,
    "builtinTags": [
        "category-work",
        "grid",
        "series-bar",
        "series-pictorialBar",
        "tooltip"
    ],
    "customTags": [],
    "updaterUserName": "季***_"
}