{
    "cid": "xj9YTHgSr6",
    "authorUid": "obd-o-FC47nbqEI5veO5tNbS1S-KADyYKAf",
    "authorUserName": "以***茗",
    "title": "双列散点折线图",
    "description": "",
    "latestVersion": 1,
    "alwaysLatest": 0,
    "createTime": "2021-08-20T07:20:23.000Z",
    "lastUpdateTime": "2021-08-20T07:20:23.000Z",
    "auth": 2,
    "uid": "obd-o-FC47nbqEI5veO5tNbS1S-KADyYKAf",
    "publishedVersion": 0,
    "forkFrom": "-",
    "isSpam": 0,
    "version": 1,
    "parentVersion": -1,
    "echartsVersion": "5.1.2",
    "versionCreateTime": "2021-08-20T07:20:23.000Z",
    "html": "",
    "externalScripts": "",
    "updaterUID": "obd-o-FC47nbqEI5veO5tNbS1S-KADyYKAf",
    "theme": "dark",
    "layout": "",
    "viewCount": 0,
    "userName": "以***茗",
    "commentCount": 0,
    "starCount": 2,
    "isStared": 0,
    "thumbnailURL": "https://www.makeapie.com/ecg-storage/ec_gallery_thumbnail/xj9YTHgSr6.png?v=1629444023731",
    "isCustomThumbnail": 0,
    "builtinTags": [
        "category-work",
        "grid",
        "legend",
        "series-line",
        "series-scatter"
    ],
    "customTags": [],
    "updaterUserName": "以***茗"
}