{
    "cid": "xk0fNT7UUK",
    "authorUid": "obd-o0aq2vJxVWUE5t58B76N781oKgDFTFp",
    "authorUserName": "半***4",
    "title": "markArea demo",
    "description": "",
    "latestVersion": 3,
    "alwaysLatest": 0,
    "createTime": "2021-08-19T15:35:43.000Z",
    "lastUpdateTime": "2021-08-19T15:48:16.000Z",
    "auth": 2,
    "uid": "obd-o0aq2vJxVWUE5t58B76N781oKgDFTFp",
    "publishedVersion": 0,
    "forkFrom": "-",
    "isSpam": 0,
    "version": 3,
    "parentVersion": 2,
    "echartsVersion": "5.1.2",
    "versionCreateTime": "2021-08-19T15:48:16.000Z",
    "html": "",
    "externalScripts": "",
    "updaterUID": "obd-o0aq2vJxVWUE5t58B76N781oKgDFTFp",
    "theme": "",
    "layout": "",
    "viewCount": 0,
    "userName": "半***4",
    "commentCount": 0,
    "starCount": 3,
    "isStared": 0,
    "thumbnailURL": "https://www.makeapie.com/ecg-storage/ec_gallery_thumbnail/xk0fNT7UUK.png?v=1629388096839",
    "isCustomThumbnail": 0,
    "builtinTags": [
        "category-work",
        "grid",
        "markArea",
        "series-line"
    ],
    "customTags": [],
    "updaterUserName": "半***4"
}