{
    "cid": "xlgGu_U4mH",
    "authorUid": "obd-ojLRBrAONi5_FL-D7zCsQEUi8H6CYEn",
    "authorUserName": "苏***缚",
    "title": "p1",
    "description": "",
    "latestVersion": 2,
    "alwaysLatest": 0,
    "createTime": "2021-08-21T08:31:17.000Z",
    "lastUpdateTime": "2021-08-21T08:33:23.000Z",
    "auth": 2,
    "uid": "obd-ojLRBrAONi5_FL-D7zCsQEUi8H6CYEn",
    "publishedVersion": 0,
    "forkFrom": "-",
    "isSpam": 0,
    "version": 2,
    "parentVersion": 1,
    "echartsVersion": "4.9.0",
    "versionCreateTime": "2021-08-21T08:33:23.000Z",
    "html": "",
    "externalScripts": "",
    "updaterUID": "obd-ojLRBrAONi5_FL-D7zCsQEUi8H6CYEn",
    "theme": "",
    "layout": "",
    "viewCount": 0,
    "userName": "苏***缚",
    "commentCount": 0,
    "starCount": 0,
    "isStared": 0,
    "thumbnailURL": "https://www.makeapie.com/ecg-storage/ec_gallery_thumbnail/xlgGu_U4mH.png?v=1629534803696",
    "isCustomThumbnail": 0,
    "builtinTags": [
        "category-work",
        "series-pie",
        "tooltip"
    ],
    "customTags": [],
    "updaterUserName": "苏***缚"
}