{
    "cid": "xslWsf5-Kd",
    "authorUid": "obd-ojVMPZ1g1FK25X1qYcxbF9QHyhwgQDd",
    "authorUserName": "阳***兰",
    "title": "体重变化曲线",
    "description": "",
    "latestVersion": 1,
    "alwaysLatest": 0,
    "createTime": "2021-08-20T02:55:47.000Z",
    "lastUpdateTime": "2021-08-20T02:55:47.000Z",
    "auth": 2,
    "uid": "obd-ojVMPZ1g1FK25X1qYcxbF9QHyhwgQDd",
    "publishedVersion": 0,
    "forkFrom": "-",
    "isSpam": 0,
    "version": 1,
    "parentVersion": -1,
    "echartsVersion": "5.1.2",
    "versionCreateTime": "2021-08-20T02:55:47.000Z",
    "html": "",
    "externalScripts": "",
    "updaterUID": "obd-ojVMPZ1g1FK25X1qYcxbF9QHyhwgQDd",
    "theme": "",
    "layout": "",
    "viewCount": 0,
    "userName": "阳***兰",
    "commentCount": 0,
    "starCount": 1,
    "isStared": 0,
    "thumbnailURL": "https://www.makeapie.com/ecg-storage/ec_gallery_thumbnail/xslWsf5-Kd.png?v=1629428148069",
    "isCustomThumbnail": 0,
    "builtinTags": [
        "category-work",
        "grid",
        "legend",
        "series-line",
        "title",
        "tooltip"
    ],
    "customTags": [],
    "updaterUserName": "阳***兰"
}