{
    "cid": "xTfWpVavjG",
    "authorUid": "obd-oP4-ZByoFRNYGFeNalIYF1jQhtdIQ9B",
    "authorUserName": "Y***8",
    "title": "新的圆弧",
    "description": "",
    "latestVersion": 2,
    "alwaysLatest": 0,
    "createTime": "2021-08-19T10:35:19.000Z",
    "lastUpdateTime": "2021-08-20T05:38:16.000Z",
    "auth": 2,
    "uid": "obd-oP4-ZByoFRNYGFeNalIYF1jQhtdIQ9B",
    "publishedVersion": 0,
    "forkFrom": "-",
    "isSpam": 0,
    "version": 2,
    "parentVersion": 1,
    "echartsVersion": "5.1.2",
    "versionCreateTime": "2021-08-20T05:38:16.000Z",
    "html": "",
    "externalScripts": "",
    "updaterUID": "obd-oP4-ZByoFRNYGFeNalIYF1jQhtdIQ9B",
    "theme": "",
    "layout": "",
    "viewCount": 0,
    "userName": "Y***8",
    "commentCount": 0,
    "starCount": 1,
    "isStared": 0,
    "thumbnailURL": "https://www.makeapie.com/ecg-storage/ec_gallery_thumbnail/xTfWpVavjG.png?v=1629437896519",
    "isCustomThumbnail": 0,
    "builtinTags": [
        "category-work",
        "polar",
        "series-bar",
        "series-pie"
    ],
    "customTags": [],
    "updaterUserName": "Y***8"
}