{
    "cid": "xWZFfiID8p",
    "authorUid": "obd-oFuGckFOV92nzK_kcCLtu6GHy-wWX5u",
    "authorUserName": "a***4",
    "title": "饼图常用",
    "description": "",
    "latestVersion": 2,
    "alwaysLatest": 0,
    "createTime": "2021-08-20T07:37:25.000Z",
    "lastUpdateTime": "2021-08-20T07:42:01.000Z",
    "auth": 2,
    "uid": "obd-oFuGckFOV92nzK_kcCLtu6GHy-wWX5u",
    "publishedVersion": 0,
    "forkFrom": "-",
    "isSpam": 0,
    "version": 2,
    "parentVersion": 1,
    "echartsVersion": "5.1.2",
    "versionCreateTime": "2021-08-20T07:42:01.000Z",
    "html": "",
    "externalScripts": "",
    "updaterUID": "obd-oFuGckFOV92nzK_kcCLtu6GHy-wWX5u",
    "theme": "",
    "layout": "",
    "viewCount": 0,
    "userName": "a***4",
    "commentCount": 0,
    "starCount": 2,
    "isStared": 0,
    "thumbnailURL": "https://www.makeapie.com/ecg-storage/ec_gallery_thumbnail/xWZFfiID8p.png?v=1629445321416",
    "isCustomThumbnail": 0,
    "builtinTags": [
        "category-work",
        "legend",
        "series-pie",
        "title"
    ],
    "customTags": [],
    "updaterUserName": "a***4"
}