{
    "cid": "xxDG8HuioF",
    "authorUid": "obd-oNr2vFnrK5EowjvTdv72llFxBPZggC6",
    "authorUserName": "淡***e",
    "title": "12个月12个项目",
    "description": "",
    "latestVersion": 1,
    "alwaysLatest": 0,
    "createTime": "2021-08-21T04:50:06.000Z",
    "lastUpdateTime": "2021-08-21T04:50:06.000Z",
    "auth": 2,
    "uid": "obd-oNr2vFnrK5EowjvTdv72llFxBPZggC6",
    "publishedVersion": 0,
    "forkFrom": "-",
    "isSpam": 0,
    "version": 1,
    "parentVersion": -1,
    "echartsVersion": "5.1.2",
    "versionCreateTime": "2021-08-21T04:50:06.000Z",
    "html": "",
    "externalScripts": "",
    "updaterUID": "obd-oNr2vFnrK5EowjvTdv72llFxBPZggC6",
    "theme": "",
    "layout": "",
    "viewCount": 0,
    "userName": "淡***e",
    "commentCount": 0,
    "starCount": 1,
    "isStared": 0,
    "thumbnailURL": "https://www.makeapie.com/ecg-storage/ec_gallery_thumbnail/xxDG8HuioF.png?v=1629521406272",
    "isCustomThumbnail": 0,
    "builtinTags": [
        "category-work",
        "dataZoom",
        "grid",
        "legend",
        "series-bar",
        "tooltip"
    ],
    "customTags": [],
    "updaterUserName": "淡***e"
}