{
    "cid": "xZEHjHbXGW",
    "authorUid": "bd-3162658551",
    "authorUserName": "s***郭",
    "title": "多组椭圆柱状图",
    "description": "",
    "latestVersion": 1,
    "alwaysLatest": 0,
    "createTime": "2021-08-20T09:31:22.000Z",
    "lastUpdateTime": "2021-08-20T09:31:22.000Z",
    "auth": 1,
    "uid": "bd-3162658551",
    "publishedVersion": 0,
    "forkFrom": "-",
    "isSpam": 0,
    "version": 1,
    "parentVersion": -1,
    "echartsVersion": "5.1.2",
    "versionCreateTime": "2021-08-20T09:31:22.000Z",
    "html": "",
    "externalScripts": "",
    "updaterUID": "bd-3162658551",
    "theme": "",
    "layout": "",
    "viewCount": 0,
    "userName": "s***郭",
    "commentCount": 0,
    "starCount": 1,
    "isStared": 0,
    "thumbnailURL": "https://www.makeapie.com/ecg-storage/ec_gallery_thumbnail/xZEHjHbXGW.png?v=1629451883119",
    "isCustomThumbnail": 0,
    "builtinTags": [
        "category-work",
        "grid",
        "legend",
        "series-bar",
        "series-pictorialBar",
        "tooltip"
    ],
    "customTags": [],
    "updaterUserName": "s***郭"
}