{
    "cid": "xB1KR5i5fb",
    "authorUid": "bd-2829104805",
    "authorUserName": "baoditqm",
    "title": "开关电源比较",
    "description": "杀杀杀",
    "latestVersion": 3,
    "alwaysLatest": 1,
    "createTime": "2017-06-11T11:34:40.000Z",
    "lastUpdateTime": "2017-06-11T11:36:18.000Z",
    "auth": 2,
    "uid": "bd-2829104805",
    "publishedVersion": 0,
    "forkFrom": "-",
    "isSpam": 0,
    "version": 3,
    "parentVersion": 1,
    "echartsVersion": "3.6.1",
    "versionCreateTime": "2017-06-11T12:06:33.000Z",
    "html": "",
    "externalScripts": "",
    "updaterUID": "bd-2829104805",
    "theme": "default",
    "layout": "",
    "viewCount": 1378,
    "userName": "baoditqm",
    "commentCount": 0,
    "starCount": 6,
    "isStared": 0,
    "thumbnailURL": "https://www.makeapie.com/ecg-storage/ec_gallery_thumbnail/xB1KR5i5fb.png?v=1497182794099",
    "isCustomThumbnail": 0,
    "builtinTags": [
        "category-work",
        "grid",
        "legend",
        "series-bar",
        "toolbox",
        "tooltip"
    ],
    "customTags": [],
    "updaterUserName": "baoditqm"
}