{
    "cid": "xB1z8jODMW",
    "authorUid": "bd-2553259635",
    "authorUserName": "下一页__521",
    "title": "多图同时展示",
    "description": "柱状图加百分比",
    "latestVersion": 4,
    "alwaysLatest": 1,
    "createTime": "2017-06-09T01:35:05.000Z",
    "lastUpdateTime": "2017-06-09T08:08:45.000Z",
    "auth": 2,
    "uid": "bd-2553259635",
    "publishedVersion": 0,
    "forkFrom": "-",
    "isSpam": 0,
    "version": 4,
    "parentVersion": 3,
    "echartsVersion": "3.6.1",
    "versionCreateTime": "2017-06-09T08:09:00.000Z",
    "html": "",
    "externalScripts": "",
    "updaterUID": "bd-2553259635",
    "theme": "macarons",
    "layout": "",
    "viewCount": 4887,
    "userName": "下一页__521",
    "commentCount": 1,
    "starCount": 12,
    "isStared": 0,
    "thumbnailURL": "https://www.makeapie.com/ecg-storage/ec_gallery_thumbnail/xB1z8jODMW.png?v=1496995741192",
    "isCustomThumbnail": 0,
    "builtinTags": [
        "category-work",
        "grid",
        "legend",
        "series-bar",
        "series-pie",
        "title",
        "tooltip"
    ],
    "customTags": [],
    "updaterUserName": "下一页__521"
}