{
    "cid": "xBJrjgRBM-",
    "authorUid": "bd-2400219193",
    "authorUserName": "t***哥",
    "title": "上古官二代",
    "description": "真正牛逼的人，都有一个祖先叫黄帝。",
    "latestVersion": 4,
    "alwaysLatest": 1,
    "createTime": "2017-06-07T19:14:37.000Z",
    "lastUpdateTime": "2017-06-07T19:14:37.000Z",
    "auth": 1,
    "uid": "bd-2400219193",
    "publishedVersion": 0,
    "forkFrom": "-",
    "isSpam": 0,
    "version": 4,
    "parentVersion": 3,
    "echartsVersion": "3.8.0",
    "versionCreateTime": "2019-08-27T10:08:29.000Z",
    "html": "",
    "externalScripts": "",
    "updaterUID": "bd-1446636383",
    "theme": "",
    "layout": "",
    "viewCount": 18064,
    "userName": "t***哥",
    "commentCount": 8,
    "starCount": 30,
    "isStared": 0,
    "thumbnailURL": "https://www.makeapie.com/ecg-storage/ec_gallery_thumbnail/xBJrjgRBM-.png?v=1566900509939",
    "isCustomThumbnail": 0,
    "builtinTags": [
        "category-work",
        "series-graph",
        "title"
    ],
    "customTags": [
        "历史"
    ],
    "updaterUserName": "浮***2"
}