{
    "cid": "xBkSx1lSfW",
    "authorUid": "bd-4070845197",
    "authorUserName": "碧水蓝天青山隐",
    "title": "横向包裹柱图",
    "description": "用来显示总量中某个分类的值",
    "latestVersion": 2,
    "alwaysLatest": 1,
    "createTime": "2017-06-07T03:11:41.000Z",
    "lastUpdateTime": "2017-06-07T03:11:41.000Z",
    "auth": 2,
    "uid": "bd-4070845197",
    "publishedVersion": 0,
    "forkFrom": "-",
    "isSpam": 0,
    "version": 2,
    "parentVersion": 1,
    "echartsVersion": "3.7.0",
    "versionCreateTime": "2017-08-25T06:23:24.000Z",
    "html": "",
    "externalScripts": "",
    "updaterUID": "bd-4070845197",
    "theme": "",
    "layout": "",
    "viewCount": 8751,
    "userName": "碧水蓝天青山隐",
    "commentCount": 12,
    "starCount": 20,
    "isStared": 0,
    "thumbnailURL": "https://www.makeapie.com/ecg-storage/ec_gallery_thumbnail/xBkSx1lSfW.png?v=1503642204804",
    "isCustomThumbnail": 0,
    "builtinTags": [
        "category-work",
        "grid",
        "series-bar",
        "tooltip"
    ],
    "customTags": [],
    "updaterUserName": "碧水蓝天青山隐"
}