{
    "cid": "xBkY4tpszb",
    "authorUid": "bd-3796128407",
    "authorUserName": "王***响",
    "title": "三维地图教程",
    "description": "如何在 ECharts GL 中绘制三维地图",
    "latestVersion": 3,
    "alwaysLatest": 1,
    "createTime": "2017-06-12T07:56:32.000Z",
    "lastUpdateTime": "2020-01-09T02:27:11.000Z",
    "auth": 2,
    "uid": "bd-3796128407",
    "publishedVersion": 0,
    "forkFrom": "-",
    "isSpam": 0,
    "version": 3,
    "parentVersion": 2,
    "echartsVersion": "3.8.0",
    "versionCreateTime": "2019-05-21T04:51:01.000Z",
    "html": "",
    "externalScripts": "https://echarts.baidu.com/resource/echarts-gl-latest/dist/echarts-gl.min.js,/dep/echarts/map/js/world.js",
    "updaterUID": "bd-3796128407",
    "theme": "default",
    "layout": "",
    "viewCount": 21768,
    "userName": "王***响",
    "commentCount": 9,
    "starCount": 31,
    "isStared": 0,
    "thumbnailURL": "https://www.makeapie.com/ecg-storage/ec_gallery_thumbnail/xBkY4tpszb.png?v=1578536831709",
    "isCustomThumbnail": 1,
    "builtinTags": [
        "category-work",
        "series-map3D",
        "visualMap"
    ],
    "customTags": [],
    "updaterUserName": "王***响"
}