{
    "cid": "xHJsSRrUfW",
    "authorUid": "bd-4265933866",
    "authorUserName": "h***1",
    "title": "安全排名",
    "description": "",
    "latestVersion": 6,
    "alwaysLatest": 1,
    "createTime": "2017-06-08T04:10:42.000Z",
    "lastUpdateTime": "2017-06-08T04:10:42.000Z",
    "auth": 2,
    "uid": "bd-4265933866",
    "publishedVersion": 0,
    "forkFrom": "-",
    "isSpam": 0,
    "version": 6,
    "parentVersion": 5,
    "echartsVersion": "3.8.0",
    "versionCreateTime": "2018-01-26T03:38:21.000Z",
    "html": "",
    "externalScripts": "",
    "updaterUID": "bd-4265933866",
    "theme": "",
    "layout": "",
    "viewCount": 648,
    "userName": "h***1",
    "commentCount": 0,
    "starCount": 4,
    "isStared": 0,
    "thumbnailURL": "https://www.makeapie.com/ecg-storage/ec_gallery_thumbnail/xHJsSRrUfW.png?v=1516937901971",
    "isCustomThumbnail": 0,
    "builtinTags": [
        "category-work",
        "grid",
        "legend",
        "markLine",
        "series-bar",
        "tooltip"
    ],
    "customTags": [],
    "updaterUserName": "h***1"
}