{
    "cid": "xHJWHdW6G-",
    "authorUid": "bd-3307702605",
    "authorUserName": "siqhdjm58875",
    "title": "",
    "description": "",
    "latestVersion": 2,
    "alwaysLatest": 1,
    "createTime": "2017-06-13T06:37:45.000Z",
    "lastUpdateTime": "2017-06-13T06:37:45.000Z",
    "auth": 2,
    "uid": "bd-3307702605",
    "publishedVersion": 0,
    "forkFrom": "-",
    "isSpam": 0,
    "version": 2,
    "parentVersion": 1,
    "echartsVersion": "3.6.1",
    "versionCreateTime": "2017-06-13T06:43:37.000Z",
    "html": "",
    "externalScripts": "",
    "updaterUID": "bd-3307702605",
    "theme": "",
    "layout": "",
    "viewCount": 649,
    "userName": "siqhdjm58875",
    "commentCount": 0,
    "starCount": 4,
    "isStared": 0,
    "thumbnailURL": "https://www.makeapie.com/ecg-storage/ec_gallery_thumbnail/xHJWHdW6G-.png?v=1497336217479",
    "isCustomThumbnail": 0,
    "builtinTags": [
        "category-work",
        "dataZoom",
        "grid",
        "legend",
        "series-bar",
        "series-custom",
        "tooltip"
    ],
    "customTags": [],
    "updaterUserName": "siqhdjm58875"
}