{
    "cid": "xrJBLOC9GW",
    "authorUid": "bd-2215764494",
    "authorUserName": "p***g",
    "title": "木质世界地图",
    "description": "",
    "latestVersion": 7,
    "alwaysLatest": 1,
    "createTime": "2017-06-11T14:48:44.000Z",
    "lastUpdateTime": "2018-01-04T03:32:05.000Z",
    "auth": 2,
    "uid": "bd-2215764494",
    "publishedVersion": 0,
    "forkFrom": "-",
    "isSpam": 0,
    "version": 7,
    "parentVersion": 6,
    "echartsVersion": "3.6.2",
    "versionCreateTime": "2017-06-26T14:21:28.000Z",
    "html": "",
    "externalScripts": "http://echarts.baidu.com/resource/echarts-gl-latest/dist/echarts-gl.min.js,/dep/echarts/map/js/world.js",
    "updaterUID": "bd-2215764494",
    "theme": "default",
    "layout": "",
    "viewCount": 2608,
    "userName": "p***g",
    "commentCount": 1,
    "starCount": 3,
    "isStared": 0,
    "thumbnailURL": "https://www.makeapie.com/ecg-storage/ec_gallery_thumbnail/xrJBLOC9GW.png?v=1515036729700",
    "isCustomThumbnail": 1,
    "builtinTags": [
        "category-work",
        "series-map3D"
    ],
    "customTags": [
        "echarts-gl"
    ],
    "updaterUserName": "p***g"
}