{
    "cid": "xrJljZbazb",
    "authorUid": "bd-3962533135",
    "authorUserName": "okyangxuanlun",
    "title": "产业分布",
    "description": "",
    "latestVersion": 2,
    "alwaysLatest": 1,
    "createTime": "2017-06-13T06:09:28.000Z",
    "lastUpdateTime": "2017-06-13T06:09:28.000Z",
    "auth": 2,
    "uid": "bd-3962533135",
    "publishedVersion": 0,
    "forkFrom": "-",
    "isSpam": 0,
    "version": 2,
    "parentVersion": 1,
    "echartsVersion": "3.6.1",
    "versionCreateTime": "2017-06-13T06:18:59.000Z",
    "html": "",
    "externalScripts": "",
    "updaterUID": "bd-3962533135",
    "theme": "",
    "layout": "",
    "viewCount": 186,
    "userName": "okyangxuanlun",
    "commentCount": 0,
    "starCount": 0,
    "isStared": 0,
    "thumbnailURL": "https://www.makeapie.com/ecg-storage/ec_gallery_thumbnail/xrJljZbazb.png?v=1497334739890",
    "isCustomThumbnail": 0,
    "builtinTags": [
        "category-work",
        "legend",
        "series-pie",
        "tooltip"
    ],
    "customTags": [],
    "updaterUserName": "okyangxuanlun"
}