{
    "cid": "xrk0n05sfb",
    "authorUid": "bd-1711316227",
    "authorUserName": "amingkiss",
    "title": "开行列次",
    "description": "",
    "latestVersion": 9,
    "alwaysLatest": 1,
    "createTime": "2017-06-12T04:55:17.000Z",
    "lastUpdateTime": "2017-06-12T04:55:17.000Z",
    "auth": 1,
    "uid": "bd-1711316227",
    "publishedVersion": 0,
    "forkFrom": "-",
    "isSpam": 0,
    "version": 9,
    "parentVersion": 8,
    "echartsVersion": "3.8.0",
    "versionCreateTime": "2020-03-11T08:31:35.000Z",
    "html": "",
    "externalScripts": "",
    "updaterUID": "bd-1729066997",
    "theme": "",
    "layout": "",
    "viewCount": 3550,
    "userName": "amingkiss",
    "commentCount": 0,
    "starCount": 4,
    "isStared": 0,
    "thumbnailURL": "https://www.makeapie.com/ecg-storage/ec_gallery_thumbnail/xrk0n05sfb.png?v=1583915495318",
    "isCustomThumbnail": 0,
    "builtinTags": [
        "category-work",
        "series-gauge",
        "timeline",
        "title",
        "tooltip"
    ],
    "customTags": [],
    "updaterUserName": "y***8"
}