{
    "cid": "xryRwdEHf-",
    "authorUid": "bd-2606568544",
    "authorUserName": "倾听_是我",
    "title": "动态仪表盘",
    "description": "",
    "latestVersion": 1,
    "alwaysLatest": 1,
    "createTime": "2017-06-07T08:25:09.000Z",
    "lastUpdateTime": "2017-06-07T08:25:09.000Z",
    "auth": 1,
    "uid": "bd-2606568544",
    "publishedVersion": 0,
    "forkFrom": "-",
    "isSpam": 0,
    "version": 1,
    "parentVersion": -1,
    "echartsVersion": "3.6.1",
    "versionCreateTime": "2017-06-07T08:25:09.000Z",
    "html": "",
    "externalScripts": "",
    "updaterUID": "bd-2606568544",
    "theme": "",
    "layout": "",
    "viewCount": 406,
    "userName": "倾听_是我",
    "commentCount": 0,
    "starCount": 1,
    "isStared": 0,
    "thumbnailURL": "https://www.makeapie.com/ecg-storage/ec_gallery_thumbnail/xryRwdEHf-.png?v=1496823910213",
    "isCustomThumbnail": 0,
    "builtinTags": [
        "category-work",
        "series-pie"
    ],
    "customTags": [],
    "updaterUserName": "倾听_是我"
}