{
    "cid": "xS1DFaHHfb",
    "authorUid": "bd-2517455509",
    "authorUserName": "守望wolf",
    "title": "日历组件加时间线",
    "description": "背景为黑色。",
    "latestVersion": 2,
    "alwaysLatest": 1,
    "createTime": "2017-06-07T09:55:10.000Z",
    "lastUpdateTime": "2017-06-07T10:07:07.000Z",
    "auth": 2,
    "uid": "bd-2517455509",
    "publishedVersion": 0,
    "forkFrom": "-",
    "isSpam": 0,
    "version": 2,
    "parentVersion": 1,
    "echartsVersion": "3.6.1",
    "versionCreateTime": "2017-06-07T10:06:30.000Z",
    "html": "",
    "externalScripts": "",
    "updaterUID": "bd-2517455509",
    "theme": "dark",
    "layout": "",
    "viewCount": 1615,
    "userName": "守望wolf",
    "commentCount": 1,
    "starCount": 2,
    "isStared": 0,
    "thumbnailURL": "https://www.makeapie.com/ecg-storage/ec_gallery_thumbnail/xS1DFaHHfb.png?v=1496829990734",
    "isCustomThumbnail": 0,
    "builtinTags": [],
    "customTags": [],
    "updaterUserName": "守望wolf"
}