{
    "cid": "xS1V4ky_fb",
    "authorUid": "bd-50961958",
    "authorUserName": "哑子南ABC",
    "title": "custum series event not work 1",
    "description": "",
    "latestVersion": 1,
    "alwaysLatest": 1,
    "createTime": "2017-06-09T08:41:16.000Z",
    "lastUpdateTime": "2017-06-09T08:41:16.000Z",
    "auth": 1,
    "uid": "bd-50961958",
    "publishedVersion": 0,
    "forkFrom": "-",
    "isSpam": 0,
    "version": 1,
    "parentVersion": -1,
    "echartsVersion": "3.6.1",
    "versionCreateTime": "2017-06-09T08:41:16.000Z",
    "html": "",
    "externalScripts": "",
    "updaterUID": "bd-50961958",
    "theme": "",
    "layout": "",
    "viewCount": 255,
    "userName": "哑子南ABC",
    "commentCount": 0,
    "starCount": 0,
    "isStared": 0,
    "thumbnailURL": "https://www.makeapie.com/ecg-storage/ec_gallery_thumbnail/xS1V4ky_fb.undefined?v=",
    "isCustomThumbnail": 0,
    "builtinTags": [
        "category-work",
        "graphic",
        "grid",
        "legend",
        "series-bar",
        "tooltip"
    ],
    "customTags": [],
    "updaterUserName": "哑子南ABC"
}