{
    "cid": "xSJcowCvz-",
    "authorUid": "bd-2785207534",
    "authorUserName": "George0627",
    "title": "散花",
    "description": "散花",
    "latestVersion": 4,
    "alwaysLatest": 1,
    "createTime": "2017-06-09T08:09:06.000Z",
    "lastUpdateTime": "2017-06-09T08:09:06.000Z",
    "auth": 1,
    "uid": "bd-2785207534",
    "publishedVersion": 0,
    "forkFrom": "-",
    "isSpam": 0,
    "version": 4,
    "parentVersion": 3,
    "echartsVersion": "3.8.0",
    "versionCreateTime": "2018-09-11T01:41:25.000Z",
    "html": "",
    "externalScripts": "",
    "updaterUID": "bd-2705594983",
    "theme": "",
    "layout": "",
    "viewCount": 3137,
    "userName": "George0627",
    "commentCount": 0,
    "starCount": 14,
    "isStared": 0,
    "thumbnailURL": "https://www.makeapie.com/ecg-storage/ec_gallery_thumbnail/xSJcowCvz-.png?v=1496995746774",
    "isCustomThumbnail": 1,
    "builtinTags": [
        "category-work",
        "grid",
        "radar",
        "series-lines",
        "series-radar"
    ],
    "customTags": [],
    "updaterUserName": "国二MySQL"
}