{
    "cid": "xakoQnhJV5",
    "authorUid": "obd-ojhmrVr7HMv34xoKX5wbXcbj4nEThDB",
    "authorUserName": "咔***尅",
    "title": "仪表盘",
    "description": "",
    "latestVersion": 1,
    "alwaysLatest": 1,
    "createTime": "2020-11-16T10:52:05.000Z",
    "lastUpdateTime": "2020-11-16T10:52:05.000Z",
    "auth": 2,
    "uid": "obd-ojhmrVr7HMv34xoKX5wbXcbj4nEThDB",
    "publishedVersion": 0,
    "forkFrom": "-",
    "isSpam": 0,
    "version": 1,
    "parentVersion": -1,
    "echartsVersion": "4.8.0",
    "versionCreateTime": "2020-11-16T10:52:05.000Z",
    "html": "",
    "externalScripts": "",
    "updaterUID": "obd-ojhmrVr7HMv34xoKX5wbXcbj4nEThDB",
    "theme": "",
    "layout": "",
    "viewCount": 162,
    "userName": "咔***尅",
    "commentCount": 0,
    "starCount": 3,
    "isStared": 0,
    "thumbnailURL": "https://www.makeapie.com/ecg-storage/ec_gallery_thumbnail/xakoQnhJV5.png?v=1605523925969",
    "isCustomThumbnail": 0,
    "builtinTags": [
        "category-work",
        "series-gauge",
        "tooltip"
    ],
    "customTags": [],
    "updaterUserName": "咔***尅"
}