{
    "cid": "xHpPdrr9X2",
    "authorUid": "obd-o2TqhU5V49yi28tSjDqysoIw4zUTi6H",
    "authorUserName": "m***h",
    "title": "男女比例图",
    "description": "",
    "latestVersion": 4,
    "alwaysLatest": 1,
    "createTime": "2020-11-16T03:56:19.000Z",
    "lastUpdateTime": "2020-11-16T03:56:19.000Z",
    "auth": 1,
    "uid": "obd-o2TqhU5V49yi28tSjDqysoIw4zUTi6H",
    "publishedVersion": 0,
    "forkFrom": "-",
    "isSpam": 0,
    "version": 4,
    "parentVersion": 3,
    "echartsVersion": "4.9.0",
    "versionCreateTime": "2021-04-29T08:07:45.000Z",
    "html": "",
    "externalScripts": "",
    "updaterUID": "obd-ojomZWttxqnPKj3WtD1Uinm1mq69BD1",
    "theme": "",
    "layout": "",
    "viewCount": 255,
    "userName": "m***h",
    "commentCount": 0,
    "starCount": 9,
    "isStared": 0,
    "thumbnailURL": "https://www.makeapie.com/ecg-storage/ec_gallery_thumbnail/xHpPdrr9X2.png?v=1605498980072",
    "isCustomThumbnail": 1,
    "builtinTags": [
        "category-work",
        "graphic",
        "grid",
        "series-bar",
        "title"
    ],
    "customTags": [],
    "updaterUserName": "1***9"
}