{
    "cid": "xivvVx3BU1",
    "authorUid": "obd-oMuzI7JV2pMeoKfv93aMSoKFBDF_R2N",
    "authorUserName": "月***鸟",
    "title": "aaa",
    "description": "",
    "latestVersion": 2,
    "alwaysLatest": 1,
    "createTime": "2020-11-14T06:30:51.000Z",
    "lastUpdateTime": "2020-11-14T06:30:51.000Z",
    "auth": 2,
    "uid": "obd-oMuzI7JV2pMeoKfv93aMSoKFBDF_R2N",
    "publishedVersion": 0,
    "forkFrom": "-",
    "isSpam": 0,
    "version": 2,
    "parentVersion": 1,
    "echartsVersion": "4.8.0",
    "versionCreateTime": "2020-11-14T07:15:15.000Z",
    "html": "",
    "externalScripts": "",
    "updaterUID": "obd-oMuzI7JV2pMeoKfv93aMSoKFBDF_R2N",
    "theme": "",
    "layout": "",
    "viewCount": 167,
    "userName": "月***鸟",
    "commentCount": 0,
    "starCount": 3,
    "isStared": 0,
    "thumbnailURL": "https://www.makeapie.com/ecg-storage/ec_gallery_thumbnail/xivvVx3BU1.png?v=1605338115854",
    "isCustomThumbnail": 0,
    "builtinTags": [
        "category-work",
        "dataZoom",
        "grid",
        "legend",
        "series-line",
        "visualMap"
    ],
    "customTags": [],
    "updaterUserName": "月***鸟"
}