{
    "cid": "xKoSrlL1cn",
    "authorUid": "obd-oDVFdXAbRTDzJrtQvxxdYqcvNMi851V",
    "authorUserName": "y***9",
    "title": "象形柱图",
    "description": "使用svg画图形",
    "latestVersion": 1,
    "alwaysLatest": 1,
    "createTime": "2020-11-16T09:54:37.000Z",
    "lastUpdateTime": "2020-11-16T09:54:37.000Z",
    "auth": 2,
    "uid": "obd-oDVFdXAbRTDzJrtQvxxdYqcvNMi851V",
    "publishedVersion": 0,
    "forkFrom": "-",
    "isSpam": 0,
    "version": 1,
    "parentVersion": -1,
    "echartsVersion": "4.8.0",
    "versionCreateTime": "2020-11-16T09:54:37.000Z",
    "html": "",
    "externalScripts": "",
    "updaterUID": "obd-oDVFdXAbRTDzJrtQvxxdYqcvNMi851V",
    "theme": "",
    "layout": "",
    "viewCount": 17,
    "userName": "y***9",
    "commentCount": 0,
    "starCount": 0,
    "isStared": 0,
    "thumbnailURL": "https://www.makeapie.com/ecg-storage/ec_gallery_thumbnail/xKoSrlL1cn.png?v=1605520477368",
    "isCustomThumbnail": 0,
    "builtinTags": [
        "category-work",
        "grid",
        "series-pictorialBar",
        "tooltip"
    ],
    "customTags": [],
    "updaterUserName": "y***9"
}