{
    "cid": "xkVFhnTkTd",
    "authorUid": "obd-oEw_mam498iVLh0aDxNVleoWFGDX94y",
    "authorUserName": "心***c",
    "title": "山东地图",
    "description": "",
    "latestVersion": 2,
    "alwaysLatest": 1,
    "createTime": "2020-11-16T07:37:16.000Z",
    "lastUpdateTime": "2020-11-16T07:37:16.000Z",
    "auth": 2,
    "uid": "obd-oEw_mam498iVLh0aDxNVleoWFGDX94y",
    "publishedVersion": 0,
    "forkFrom": "-",
    "isSpam": 0,
    "version": 2,
    "parentVersion": 1,
    "echartsVersion": "4.8.0",
    "versionCreateTime": "2020-12-31T09:13:29.000Z",
    "html": "",
    "externalScripts": "",
    "updaterUID": "obd-oEw_mam498iVLh0aDxNVleoWFGDX94y",
    "theme": "",
    "layout": "",
    "viewCount": 6921,
    "userName": "心***c",
    "commentCount": 0,
    "starCount": 16,
    "isStared": 0,
    "thumbnailURL": "https://www.makeapie.com/ecg-storage/ec_gallery_thumbnail/xkVFhnTkTd.png?v=1609406009315",
    "isCustomThumbnail": 0,
    "builtinTags": [
        "category-work",
        "geo",
        "series-map",
        "series-scatter",
        "title",
        "visualMap"
    ],
    "customTags": [],
    "updaterUserName": "心***c"
}