{
    "cid": "xlm3WHfbw2",
    "authorUid": "obd-o0SO6DxYWUE6nDc7FiLQhkA8KsphJFi",
    "authorUserName": "铃***当",
    "title": "济南市",
    "description": "",
    "latestVersion": 2,
    "alwaysLatest": 1,
    "createTime": "2020-11-17T02:12:59.000Z",
    "lastUpdateTime": "2020-11-17T02:12:59.000Z",
    "auth": 1,
    "uid": "obd-o0SO6DxYWUE6nDc7FiLQhkA8KsphJFi",
    "publishedVersion": 0,
    "forkFrom": "-",
    "isSpam": 0,
    "version": 2,
    "parentVersion": 1,
    "echartsVersion": "4.9.0",
    "versionCreateTime": "2021-05-13T03:45:00.000Z",
    "html": "",
    "externalScripts": "",
    "updaterUID": "obd-oEZgHgoOAuN_kTH9UwQVYKD6MhYoy4u",
    "theme": "",
    "layout": "",
    "viewCount": 1722,
    "userName": "铃***当",
    "commentCount": 0,
    "starCount": 3,
    "isStared": 0,
    "thumbnailURL": "https://www.makeapie.com/ecg-storage/ec_gallery_thumbnail/xlm3WHfbw2.png?v=1620877500694",
    "isCustomThumbnail": 0,
    "builtinTags": [
        "category-work",
        "geo",
        "legend",
        "series-map",
        "series-scatter"
    ],
    "customTags": [],
    "updaterUserName": "城***字"
}