{
    "cid": "xM1HihDHn0",
    "authorUid": "bd-2461361090",
    "authorUserName": "鍙***0",
    "title": "",
    "description": "",
    "latestVersion": 1,
    "alwaysLatest": 1,
    "createTime": "2020-11-14T14:28:11.000Z",
    "lastUpdateTime": "2020-11-14T14:28:11.000Z",
    "auth": 2,
    "uid": "bd-2461361090",
    "publishedVersion": 0,
    "forkFrom": "-",
    "isSpam": 0,
    "version": 1,
    "parentVersion": -1,
    "echartsVersion": "4.8.0",
    "versionCreateTime": "2020-11-14T14:28:11.000Z",
    "html": "",
    "externalScripts": "",
    "updaterUID": "bd-2461361090",
    "theme": "",
    "layout": "",
    "viewCount": 612,
    "userName": "鍙***0",
    "commentCount": 0,
    "starCount": 6,
    "isStared": 0,
    "thumbnailURL": "https://www.makeapie.com/ecg-storage/ec_gallery_thumbnail/xM1HihDHn0.png?v=1605364091993",
    "isCustomThumbnail": 0,
    "builtinTags": [
        "category-work",
        "dataZoom",
        "grid",
        "legend",
        "series-bar",
        "series-custom",
        "tooltip"
    ],
    "customTags": [],
    "updaterUserName": "鍙***0"
}