{
    "cid": "xmWW3z5MLC",
    "authorUid": "obd-ojDzE-xujyTCJS64xgvhQ6b1sM_MAEh",
    "authorUserName": "自***篮",
    "title": "审核流程 - 分行并行",
    "description": "审核流程 - 分行并行",
    "latestVersion": 1,
    "alwaysLatest": 1,
    "createTime": "2020-11-16T02:47:48.000Z",
    "lastUpdateTime": "2020-11-16T02:47:48.000Z",
    "auth": 2,
    "uid": "obd-ojDzE-xujyTCJS64xgvhQ6b1sM_MAEh",
    "publishedVersion": 0,
    "forkFrom": "-",
    "isSpam": 0,
    "version": 1,
    "parentVersion": -1,
    "echartsVersion": "4.8.0",
    "versionCreateTime": "2020-11-16T02:47:48.000Z",
    "html": "",
    "externalScripts": "",
    "updaterUID": "obd-ojDzE-xujyTCJS64xgvhQ6b1sM_MAEh",
    "theme": "",
    "layout": "",
    "viewCount": 1732,
    "userName": "自***篮",
    "commentCount": 0,
    "starCount": 7,
    "isStared": 0,
    "thumbnailURL": "https://www.makeapie.com/ecg-storage/ec_gallery_thumbnail/xmWW3z5MLC.png?v=1605494869115",
    "isCustomThumbnail": 0,
    "builtinTags": [
        "category-work",
        "series-graph",
        "title",
        "tooltip"
    ],
    "customTags": [],
    "updaterUserName": "自***篮"
}