{
    "cid": "xnyIkFwq_h",
    "authorUid": "obd-oDzQwU50Iea8GggcWyKqn5pyq56VK12",
    "authorUserName": "卧***竹",
    "title": "双轴折线动态图",
    "description": "",
    "latestVersion": 2,
    "alwaysLatest": 1,
    "createTime": "2020-11-13T12:40:27.000Z",
    "lastUpdateTime": "2020-11-13T12:40:27.000Z",
    "auth": 2,
    "uid": "obd-oDzQwU50Iea8GggcWyKqn5pyq56VK12",
    "publishedVersion": 0,
    "forkFrom": "-",
    "isSpam": 0,
    "version": 2,
    "parentVersion": 1,
    "echartsVersion": "4.8.0",
    "versionCreateTime": "2020-11-13T13:09:33.000Z",
    "html": "",
    "externalScripts": "",
    "updaterUID": "obd-oDzQwU50Iea8GggcWyKqn5pyq56VK12",
    "theme": "",
    "layout": "",
    "viewCount": 62,
    "userName": "卧***竹",
    "commentCount": 0,
    "starCount": 0,
    "isStared": 0,
    "thumbnailURL": "https://www.makeapie.com/ecg-storage/ec_gallery_thumbnail/xnyIkFwq_h.png?v=1605272974028",
    "isCustomThumbnail": 0,
    "builtinTags": [
        "category-work",
        "grid",
        "legend",
        "series-line",
        "tooltip"
    ],
    "customTags": [],
    "updaterUserName": "卧***竹"
}