{
    "cid": "xSdn1jb4B3",
    "authorUid": "bd-171648521",
    "authorUserName": "绿***绿",
    "title": "",
    "description": "仪表盘",
    "latestVersion": 1,
    "alwaysLatest": 1,
    "createTime": "2020-11-17T03:44:00.000Z",
    "lastUpdateTime": "2020-11-17T03:44:00.000Z",
    "auth": 2,
    "uid": "bd-171648521",
    "publishedVersion": 0,
    "forkFrom": "-",
    "isSpam": 0,
    "version": 1,
    "parentVersion": -1,
    "echartsVersion": "4.8.0",
    "versionCreateTime": "2020-11-17T03:44:00.000Z",
    "html": "",
    "externalScripts": "",
    "updaterUID": "bd-171648521",
    "theme": "",
    "layout": "",
    "viewCount": 74,
    "userName": "绿***绿",
    "commentCount": 0,
    "starCount": 1,
    "isStared": 0,
    "thumbnailURL": "https://www.makeapie.com/ecg-storage/ec_gallery_thumbnail/xSdn1jb4B3.png?v=1605584640523",
    "isCustomThumbnail": 0,
    "builtinTags": [
        "category-work",
        "series-gauge"
    ],
    "customTags": [],
    "updaterUserName": "绿***绿"
}