{
    "cid": "xu1obYT1hc",
    "authorUid": "obd-o2TTux6sCIerHPY1RSJbDPeqvAik46P",
    "authorUserName": "世***殇",
    "title": "柱状图堆叠，最上方显示总数",
    "description": "三个堆叠柱状图，最上方显示总数悬浮，总数用了line图，隐藏样式",
    "latestVersion": 2,
    "alwaysLatest": 1,
    "createTime": "2020-11-17T03:25:42.000Z",
    "lastUpdateTime": "2020-11-17T03:25:42.000Z",
    "auth": 2,
    "uid": "obd-o2TTux6sCIerHPY1RSJbDPeqvAik46P",
    "publishedVersion": 1,
    "forkFrom": "-",
    "isSpam": 0,
    "version": 1,
    "parentVersion": -1,
    "echartsVersion": "4.8.0",
    "versionCreateTime": "2020-11-17T03:25:42.000Z",
    "html": "",
    "externalScripts": "",
    "updaterUID": "obd-o2TTux6sCIerHPY1RSJbDPeqvAik46P",
    "theme": "",
    "layout": "",
    "viewCount": 141,
    "userName": "世***殇",
    "commentCount": 0,
    "starCount": 0,
    "isStared": 0,
    "thumbnailURL": "https://www.makeapie.com/ecg-storage/ec_gallery_thumbnail/xu1obYT1hc.png?v=1605583542428",
    "isCustomThumbnail": 0,
    "builtinTags": [
        "category-work",
        "grid",
        "legend",
        "series-bar",
        "series-line",
        "tooltip"
    ],
    "customTags": [],
    "updaterUserName": "世***殇"
}