{
    "cid": "xXLNGVbptP",
    "authorUid": "obd-o-GzwBbGh7Gs0nk4R9MLceb0j1NINAm",
    "authorUserName": "0***0",
    "title": "单条树状图",
    "description": "",
    "latestVersion": 1,
    "alwaysLatest": 1,
    "createTime": "2020-11-16T08:08:58.000Z",
    "lastUpdateTime": "2020-11-16T08:08:58.000Z",
    "auth": 2,
    "uid": "obd-o-GzwBbGh7Gs0nk4R9MLceb0j1NINAm",
    "publishedVersion": 0,
    "forkFrom": "-",
    "isSpam": 0,
    "version": 1,
    "parentVersion": -1,
    "echartsVersion": "4.8.0",
    "versionCreateTime": "2020-11-16T08:08:58.000Z",
    "html": "",
    "externalScripts": "",
    "updaterUID": "obd-o-GzwBbGh7Gs0nk4R9MLceb0j1NINAm",
    "theme": "",
    "layout": "",
    "viewCount": 115,
    "userName": "0***0",
    "commentCount": 0,
    "starCount": 3,
    "isStared": 0,
    "thumbnailURL": "https://www.makeapie.com/ecg-storage/ec_gallery_thumbnail/xXLNGVbptP.png?v=1605514138619",
    "isCustomThumbnail": 0,
    "builtinTags": [
        "category-work",
        "grid",
        "series-bar",
        "tooltip"
    ],
    "customTags": [],
    "updaterUserName": "0***0"
}