{
    "cid": "xB1fud_jrg",
    "authorUid": "bd-289208728",
    "authorUserName": "kkkkkkkk785",
    "title": "长宁区商圈合规成本分析",
    "description": "源涞国际长宁区商圈合规成本分析",
    "latestVersion": 4,
    "alwaysLatest": 1,
    "createTime": "2017-01-05T07:40:25.000Z",
    "lastUpdateTime": "2017-01-05T07:40:25.000Z",
    "auth": 2,
    "uid": "bd-289208728",
    "publishedVersion": 0,
    "forkFrom": "-",
    "isSpam": 0,
    "version": 4,
    "parentVersion": 2,
    "echartsVersion": "3.3.2",
    "versionCreateTime": "2017-01-05T08:06:09.000Z",
    "html": "",
    "externalScripts": "",
    "updaterUID": "bd-289208728",
    "theme": "",
    "layout": "",
    "viewCount": 23046,
    "userName": "kkkkkkkk785",
    "commentCount": 0,
    "starCount": 31,
    "isStared": 0,
    "thumbnailURL": "https://www.makeapie.com/ecg-storage/ec_gallery_thumbnail/xB1fud_jrg.png?v=1483603569386",
    "isCustomThumbnail": 0,
    "builtinTags": [
        "category-work",
        "grid",
        "legend",
        "series-bar",
        "title",
        "tooltip"
    ],
    "customTags": [],
    "updaterUserName": "kkkkkkkk785"
}