{
    "cid": "xB1KfrLXBl",
    "authorUid": "bd-3929898319",
    "authorUserName": "潇***扬",
    "title": "青岛地图下钻",
    "description": "",
    "latestVersion": 1,
    "alwaysLatest": 1,
    "createTime": "2016-12-30T03:31:29.000Z",
    "lastUpdateTime": "2016-12-30T03:31:29.000Z",
    "auth": 2,
    "uid": "bd-3929898319",
    "publishedVersion": 0,
    "forkFrom": "-",
    "isSpam": 0,
    "version": 1,
    "parentVersion": -1,
    "echartsVersion": "3.3.2",
    "versionCreateTime": "2016-12-30T03:31:29.000Z",
    "html": "",
    "externalScripts": "",
    "updaterUID": "bd-3929898319",
    "theme": "",
    "layout": "",
    "viewCount": 6213,
    "userName": "潇***扬",
    "commentCount": 10,
    "starCount": 7,
    "isStared": 0,
    "thumbnailURL": "https://www.makeapie.com/ecg-storage/ec_gallery_thumbnail/xB1KfrLXBl.png?v=1483068689439",
    "isCustomThumbnail": 0,
    "builtinTags": [
        "category-work",
        "legend",
        "series-map",
        "toolbox",
        "tooltip",
        "visualMap"
    ],
    "customTags": [],
    "updaterUserName": "潇***扬"
}