{
    "cid": "xBkFRRLXSx",
    "authorUid": "bd-3439691017",
    "authorUserName": "wangbin2188",
    "title": "电商订单转化率模型",
    "description": "只有先准确描述问题，才能找到原因",
    "latestVersion": 1,
    "alwaysLatest": 1,
    "createTime": "2016-12-30T04:13:04.000Z",
    "lastUpdateTime": "2016-12-30T04:13:04.000Z",
    "auth": 2,
    "uid": "bd-3439691017",
    "publishedVersion": 0,
    "forkFrom": "-",
    "isSpam": 0,
    "version": 1,
    "parentVersion": -1,
    "echartsVersion": "3.3.2",
    "versionCreateTime": "2016-12-30T04:13:04.000Z",
    "html": "",
    "externalScripts": "",
    "updaterUID": "bd-3439691017",
    "theme": "",
    "layout": "",
    "viewCount": 2636,
    "userName": "wangbin2188",
    "commentCount": 1,
    "starCount": 0,
    "isStared": 0,
    "thumbnailURL": "https://www.makeapie.com/ecg-storage/ec_gallery_thumbnail/xBkFRRLXSx.png?v=1483071184729",
    "isCustomThumbnail": 0,
    "builtinTags": [
        "category-work",
        "grid",
        "series-bar",
        "series-graph",
        "title",
        "tooltip"
    ],
    "customTags": [],
    "updaterUserName": "wangbin2188"
}