{
    "cid": "xByZiMMbBl",
    "authorUid": "bd-2017928837",
    "authorUserName": "大圆圆fly",
    "title": "北极海冰正在减少",
    "description": "",
    "latestVersion": 3,
    "alwaysLatest": 1,
    "createTime": "2016-12-28T10:23:21.000Z",
    "lastUpdateTime": "2016-12-28T10:23:21.000Z",
    "auth": 1,
    "uid": "bd-2017928837",
    "publishedVersion": 0,
    "forkFrom": "-",
    "isSpam": 0,
    "version": 3,
    "parentVersion": 2,
    "echartsVersion": "3.4.0",
    "versionCreateTime": "2017-03-17T10:13:46.000Z",
    "html": "",
    "externalScripts": "",
    "updaterUID": "bd-440607527",
    "theme": "",
    "layout": "",
    "viewCount": 1131,
    "userName": "大圆圆fly",
    "commentCount": 0,
    "starCount": 2,
    "isStared": 0,
    "thumbnailURL": "https://www.makeapie.com/ecg-storage/ec_gallery_thumbnail/xByZiMMbBl.png?v=1489745626921",
    "isCustomThumbnail": 0,
    "builtinTags": [
        "category-work",
        "dataZoom",
        "grid",
        "legend",
        "series-bar",
        "title",
        "tooltip"
    ],
    "customTags": [],
    "updaterUserName": "小***子"
}