{
    "cid": "xHknJZBjSg",
    "authorUid": "bd-3842984072",
    "authorUserName": "472059806",
    "title": "life cycle",
    "description": "简单实现的专利生命周期图",
    "latestVersion": 3,
    "alwaysLatest": 1,
    "createTime": "2017-01-05T03:43:31.000Z",
    "lastUpdateTime": "2017-01-05T05:49:28.000Z",
    "auth": 2,
    "uid": "bd-3842984072",
    "publishedVersion": 0,
    "forkFrom": "-",
    "isSpam": 0,
    "version": 3,
    "parentVersion": 2,
    "echartsVersion": "3.3.2",
    "versionCreateTime": "2017-01-05T03:44:51.000Z",
    "html": "",
    "externalScripts": "",
    "updaterUID": "bd-3842984072",
    "theme": "macarons",
    "layout": "",
    "viewCount": 972,
    "userName": "472059806",
    "commentCount": 0,
    "starCount": 3,
    "isStared": 0,
    "thumbnailURL": "https://www.makeapie.com/ecg-storage/ec_gallery_thumbnail/xHknJZBjSg.png?v=1483587891398",
    "isCustomThumbnail": 0,
    "builtinTags": [],
    "customTags": [],
    "updaterUserName": "472059806"
}