{
    "cid": "xrJO4CyqSl",
    "authorUid": "bd-4013131402",
    "authorUserName": "o***4",
    "title": "水球图修改阴影样式",
    "description": "",
    "latestVersion": 4,
    "alwaysLatest": 1,
    "createTime": "2017-01-04T03:38:24.000Z",
    "lastUpdateTime": "2017-01-04T03:47:37.000Z",
    "auth": 2,
    "uid": "bd-4013131402",
    "publishedVersion": 0,
    "forkFrom": "-",
    "isSpam": 0,
    "version": 4,
    "parentVersion": 3,
    "echartsVersion": "3.6.0",
    "versionCreateTime": "2017-05-26T04:57:38.000Z",
    "html": "",
    "externalScripts": "http://echarts.baidu.com/resource/echarts-liquidfill-latest/dist/echarts-liquidfill.min.js",
    "updaterUID": "bd-4013131402",
    "theme": "default",
    "layout": "",
    "viewCount": 2682,
    "userName": "o***4",
    "commentCount": 0,
    "starCount": 1,
    "isStared": 0,
    "thumbnailURL": "https://www.makeapie.com/ecg-storage/ec_gallery_thumbnail/xrJO4CyqSl.png?v=1495774659113",
    "isCustomThumbnail": 0,
    "builtinTags": [
        "category-work",
        "series-liquidFill"
    ],
    "customTags": [
        "liquidFill"
    ],
    "updaterUserName": "o***4"
}