{
    "cid": "xrkPm0NqHx",
    "authorUid": "bd-1258761372",
    "authorUserName": "zw921016",
    "title": "终极鱿鱼",
    "description": "终极鱿鱼",
    "latestVersion": 69,
    "alwaysLatest": 1,
    "createTime": "2017-01-04T09:19:26.000Z",
    "lastUpdateTime": "2017-01-04T09:19:26.000Z",
    "auth": 2,
    "uid": "bd-1258761372",
    "publishedVersion": 0,
    "forkFrom": "-",
    "isSpam": 0,
    "version": 69,
    "parentVersion": 68,
    "echartsVersion": "3.5.1",
    "versionCreateTime": "2017-03-30T07:08:11.000Z",
    "html": "",
    "externalScripts": "",
    "updaterUID": "bd-1258761372",
    "theme": "",
    "layout": "",
    "viewCount": 604,
    "userName": "zw921016",
    "commentCount": 0,
    "starCount": 0,
    "isStared": 0,
    "thumbnailURL": "https://www.makeapie.com/ecg-storage/ec_gallery_thumbnail/xrkPm0NqHx.png?v=1490857691839",
    "isCustomThumbnail": 0,
    "builtinTags": [
        "axisPointer",
        "category-work",
        "dataZoom",
        "grid",
        "legend",
        "series-line",
        "title",
        "toolbox",
        "tooltip"
    ],
    "customTags": [],
    "updaterUserName": "zw921016"
}