{
    "cid": "xrkwSn1qHx",
    "authorUid": "bd-4013131402",
    "authorUserName": "o***4",
    "title": "水球图自定义文字",
    "description": "",
    "latestVersion": 3,
    "alwaysLatest": 1,
    "createTime": "2017-01-04T03:30:07.000Z",
    "lastUpdateTime": "2017-01-04T03:48:09.000Z",
    "auth": 2,
    "uid": "bd-4013131402",
    "publishedVersion": 0,
    "forkFrom": "-",
    "isSpam": 0,
    "version": 3,
    "parentVersion": 2,
    "echartsVersion": "3.6.0",
    "versionCreateTime": "2017-05-26T04:58:23.000Z",
    "html": "",
    "externalScripts": "http://echarts.baidu.com/resource/echarts-liquidfill-latest/dist/echarts-liquidfill.min.js",
    "updaterUID": "bd-4013131402",
    "theme": "default",
    "layout": "",
    "viewCount": 2762,
    "userName": "o***4",
    "commentCount": 0,
    "starCount": 1,
    "isStared": 0,
    "thumbnailURL": "https://www.makeapie.com/ecg-storage/ec_gallery_thumbnail/xrkwSn1qHx.png?v=1495774704049",
    "isCustomThumbnail": 0,
    "builtinTags": [
        "category-work",
        "series-liquidFill"
    ],
    "customTags": [
        "liquidFill"
    ],
    "updaterUserName": "o***4"
}