{
    "cid": "xS1Ts8dsrl",
    "authorUid": "bd-289208728",
    "authorUserName": "kkkkkkkk785",
    "title": "区县合规成本分析",
    "description": "源涞国际",
    "latestVersion": 6,
    "alwaysLatest": 1,
    "createTime": "2017-01-05T07:32:53.000Z",
    "lastUpdateTime": "2017-01-05T07:32:53.000Z",
    "auth": 2,
    "uid": "bd-289208728",
    "publishedVersion": 0,
    "forkFrom": "-",
    "isSpam": 0,
    "version": 6,
    "parentVersion": 5,
    "echartsVersion": "3.3.2",
    "versionCreateTime": "2017-01-05T07:52:05.000Z",
    "html": "",
    "externalScripts": "",
    "updaterUID": "bd-289208728",
    "theme": "infographic",
    "layout": "",
    "viewCount": 559,
    "userName": "kkkkkkkk785",
    "commentCount": 0,
    "starCount": 0,
    "isStared": 0,
    "thumbnailURL": "https://www.makeapie.com/ecg-storage/ec_gallery_thumbnail/xS1Ts8dsrl.png?v=1483602725173",
    "isCustomThumbnail": 0,
    "builtinTags": [
        "category-work",
        "grid",
        "legend",
        "series-bar",
        "title",
        "tooltip"
    ],
    "customTags": [],
    "updaterUserName": "kkkkkkkk785"
}