{
    "cid": "xSk8I5JcHe",
    "authorUid": "bd-4013131402",
    "authorUserName": "o***4",
    "title": "水球图动画效果设置",
    "description": "animationDuration 设置初始动画长度，animationDurationUpdate 设置更新动画长度。",
    "latestVersion": 3,
    "alwaysLatest": 1,
    "createTime": "2017-01-04T03:21:49.000Z",
    "lastUpdateTime": "2017-01-04T03:21:49.000Z",
    "auth": 2,
    "uid": "bd-4013131402",
    "publishedVersion": 0,
    "forkFrom": "-",
    "isSpam": 0,
    "version": 3,
    "parentVersion": 2,
    "echartsVersion": "3.6.0",
    "versionCreateTime": "2017-05-26T04:59:08.000Z",
    "html": "",
    "externalScripts": "http://echarts.baidu.com/resource/echarts-liquidfill-latest/dist/echarts-liquidfill.min.js",
    "updaterUID": "bd-4013131402",
    "theme": "",
    "layout": "",
    "viewCount": 1947,
    "userName": "o***4",
    "commentCount": 0,
    "starCount": 2,
    "isStared": 0,
    "thumbnailURL": "https://www.makeapie.com/ecg-storage/ec_gallery_thumbnail/xSk8I5JcHe.png?v=1495774748835",
    "isCustomThumbnail": 0,
    "builtinTags": [
        "category-work",
        "series-liquidFill"
    ],
    "customTags": [
        "liquidFill"
    ],
    "updaterUserName": "o***4"
}