{
    "cid": "x1y7ZGjT8xn",
    "authorUid": "bd-2836518829",
    "authorUserName": "J***儿",
    "title": "学习进度",
    "description": "",
    "latestVersion": 6,
    "alwaysLatest": 1,
    "createTime": "2020-07-08T03:38:48.000Z",
    "lastUpdateTime": "2020-07-08T03:38:48.000Z",
    "auth": 2,
    "uid": "bd-2836518829",
    "publishedVersion": 0,
    "forkFrom": "-",
    "isSpam": 0,
    "version": 6,
    "parentVersion": 5,
    "echartsVersion": "4.8.0",
    "versionCreateTime": "2020-07-08T03:45:55.000Z",
    "html": "",
    "externalScripts": "",
    "updaterUID": "bd-2836518829",
    "theme": "",
    "layout": "",
    "viewCount": 262,
    "userName": "J***儿",
    "commentCount": 0,
    "starCount": 1,
    "isStared": 0,
    "thumbnailURL": "https://www.makeapie.com/ecg-storage/ec_gallery_thumbnail/x1y7ZGjT8xn.png?v=1594179955816",
    "isCustomThumbnail": 0,
    "builtinTags": [
        "category-work",
        "series-gauge",
        "title"
    ],
    "customTags": [],
    "updaterUserName": "J***儿"
}