{
    "cid": "xAjJQD-_Jx",
    "authorUid": "obd-oM9V-0oytR-SeMQRZhZ3Ax9RO5b_E2T",
    "authorUserName": "t***0",
    "title": "折线与散点",
    "description": "",
    "latestVersion": 22,
    "alwaysLatest": 1,
    "createTime": "2020-07-08T11:36:17.000Z",
    "lastUpdateTime": "2020-07-08T11:36:17.000Z",
    "auth": 2,
    "uid": "obd-oM9V-0oytR-SeMQRZhZ3Ax9RO5b_E2T",
    "publishedVersion": 0,
    "forkFrom": "-",
    "isSpam": 0,
    "version": 22,
    "parentVersion": 21,
    "echartsVersion": "4.8.0",
    "versionCreateTime": "2020-07-08T19:14:24.000Z",
    "html": "",
    "externalScripts": "",
    "updaterUID": "obd-oM9V-0oytR-SeMQRZhZ3Ax9RO5b_E2T",
    "theme": "",
    "layout": "",
    "viewCount": 225,
    "userName": "t***0",
    "commentCount": 0,
    "starCount": 1,
    "isStared": 0,
    "thumbnailURL": "https://www.makeapie.com/ecg-storage/ec_gallery_thumbnail/xAjJQD-_Jx.png?v=1594235665008",
    "isCustomThumbnail": 0,
    "builtinTags": [
        "category-work",
        "dataZoom",
        "grid",
        "legend",
        "series-line",
        "series-scatter",
        "toolbox",
        "tooltip"
    ],
    "customTags": [],
    "updaterUserName": "t***0"
}