{
    "cid": "xAtAJ3Bwf8",
    "authorUid": "obd-oM9V-0oytR-SeMQRZhZ3Ax9RO5b_E2T",
    "authorUserName": "t***0",
    "title": "",
    "description": "",
    "latestVersion": 6,
    "alwaysLatest": 1,
    "createTime": "2020-07-09T02:42:16.000Z",
    "lastUpdateTime": "2020-07-09T02:42:16.000Z",
    "auth": 2,
    "uid": "obd-oM9V-0oytR-SeMQRZhZ3Ax9RO5b_E2T",
    "publishedVersion": 0,
    "forkFrom": "-",
    "isSpam": 0,
    "version": 6,
    "parentVersion": 5,
    "echartsVersion": "4.8.0",
    "versionCreateTime": "2020-07-09T03:25:47.000Z",
    "html": "",
    "externalScripts": "",
    "updaterUID": "obd-oM9V-0oytR-SeMQRZhZ3Ax9RO5b_E2T",
    "theme": "",
    "layout": "",
    "viewCount": 50,
    "userName": "t***0",
    "commentCount": 0,
    "starCount": 0,
    "isStared": 0,
    "thumbnailURL": "https://www.makeapie.com/ecg-storage/ec_gallery_thumbnail/xAtAJ3Bwf8.png?v=1594265147193",
    "isCustomThumbnail": 0,
    "builtinTags": [
        "category-work",
        "grid",
        "legend",
        "series-line",
        "toolbox",
        "tooltip"
    ],
    "customTags": [],
    "updaterUserName": "t***0"
}