{
    "cid": "xB93W-TAyn",
    "authorUid": "bd-1464931953",
    "authorUserName": "承***生",
    "title": "半环进度",
    "description": "半环进度",
    "latestVersion": 1,
    "alwaysLatest": 1,
    "createTime": "2020-07-07T07:28:20.000Z",
    "lastUpdateTime": "2020-07-07T07:28:20.000Z",
    "auth": 2,
    "uid": "bd-1464931953",
    "publishedVersion": 0,
    "forkFrom": "-",
    "isSpam": 0,
    "version": 1,
    "parentVersion": -1,
    "echartsVersion": "4.8.0",
    "versionCreateTime": "2020-07-07T07:28:20.000Z",
    "html": "",
    "externalScripts": "",
    "updaterUID": "bd-1464931953",
    "theme": "",
    "layout": "",
    "viewCount": 251,
    "userName": "承***生",
    "commentCount": 0,
    "starCount": 6,
    "isStared": 0,
    "thumbnailURL": "https://www.makeapie.com/ecg-storage/ec_gallery_thumbnail/xB93W-TAyn.png?v=1594106900316",
    "isCustomThumbnail": 0,
    "builtinTags": [
        "category-work",
        "polar",
        "series-bar",
        "series-custom"
    ],
    "customTags": [],
    "updaterUserName": "承***生"
}