{
    "cid": "xd227J0jLO",
    "authorUid": "obd-oPTA1aXI-WKeyX42sED5dLa5vXXjH9Q",
    "authorUserName": "情***云",
    "title": "简单折现图",
    "description": "动态tooltip显示",
    "latestVersion": 7,
    "alwaysLatest": 1,
    "createTime": "2020-07-08T08:11:36.000Z",
    "lastUpdateTime": "2020-07-08T08:11:36.000Z",
    "auth": 1,
    "uid": "obd-oPTA1aXI-WKeyX42sED5dLa5vXXjH9Q",
    "publishedVersion": 0,
    "forkFrom": "-",
    "isSpam": 0,
    "version": 7,
    "parentVersion": 6,
    "echartsVersion": "4.8.0",
    "versionCreateTime": "2020-07-15T07:47:11.000Z",
    "html": "",
    "externalScripts": "",
    "updaterUID": "bd-1268795425",
    "theme": "",
    "layout": "",
    "viewCount": 2312,
    "userName": "情***云",
    "commentCount": 0,
    "starCount": 8,
    "isStared": 0,
    "thumbnailURL": "https://www.makeapie.com/ecg-storage/ec_gallery_thumbnail/xd227J0jLO.png?v=1594799231536",
    "isCustomThumbnail": 0,
    "builtinTags": [
        "category-work",
        "grid",
        "legend",
        "series-line",
        "title",
        "tooltip"
    ],
    "customTags": [],
    "updaterUserName": "c***4"
}