{
    "cid": "xHURW8Ttr0",
    "authorUid": "bd-3490920103",
    "authorUserName": "a***4",
    "title": "动态排名",
    "description": "动态排名",
    "latestVersion": 8,
    "alwaysLatest": 1,
    "createTime": "2020-07-07T07:12:12.000Z",
    "lastUpdateTime": "2021-08-28T13:30:51.000Z",
    "auth": 1,
    "uid": "bd-3490920103",
    "publishedVersion": 0,
    "forkFrom": "-",
    "isSpam": 0,
    "version": 8,
    "parentVersion": 7,
    "echartsVersion": "4.9.0",
    "versionCreateTime": "2021-08-28T13:30:51.000Z",
    "html": "",
    "externalScripts": "",
    "updaterUID": "bd-3489355751",
    "theme": "",
    "layout": "",
    "viewCount": 503,
    "userName": "a***4",
    "commentCount": 0,
    "starCount": 3,
    "isStared": 0,
    "thumbnailURL": "https://www.makeapie.com/ecg-storage/ec_gallery_thumbnail/xHURW8Ttr0.png?v=1594105932327",
    "isCustomThumbnail": 1,
    "builtinTags": [
        "category-work",
        "grid",
        "series-bar",
        "timeline",
        "tooltip"
    ],
    "customTags": [],
    "updaterUserName": "火***冰"
}