{
    "cid": "xJ0-cCWJBc",
    "authorUid": "bd-3407194657",
    "authorUserName": "w***8",
    "title": "测试轮播",
    "description": "",
    "latestVersion": 7,
    "alwaysLatest": 1,
    "createTime": "2020-07-07T09:47:55.000Z",
    "lastUpdateTime": "2021-11-03T08:31:27.000Z",
    "auth": 2,
    "uid": "bd-3407194657",
    "publishedVersion": 0,
    "forkFrom": "-",
    "isSpam": 0,
    "version": 7,
    "parentVersion": 6,
    "echartsVersion": "5.2.2",
    "versionCreateTime": "2021-11-03T08:31:27.000Z",
    "html": "",
    "externalScripts": "",
    "updaterUID": "bd-3407194657",
    "theme": "",
    "layout": "",
    "viewCount": 104,
    "userName": "w***8",
    "commentCount": 0,
    "starCount": 0,
    "isStared": 0,
    "thumbnailURL": "https://www.makeapie.com/ecg-storage/ec_gallery_thumbnail/xJ0-cCWJBc.png?v=1635928287219",
    "isCustomThumbnail": 0,
    "builtinTags": [
        "category-work",
        "legend",
        "series-pie",
        "title",
        "tooltip"
    ],
    "customTags": [],
    "updaterUserName": "w***8"
}