{
    "cid": "xkkzcs3rBK",
    "authorUid": "obd-ojfPXP4IAGkB3Xf9q4Qx4WTLaDP2gD9",
    "authorUserName": "D***e",
    "title": "折现率 颜色渐变",
    "description": "",
    "latestVersion": 1,
    "alwaysLatest": 1,
    "createTime": "2020-07-09T06:07:29.000Z",
    "lastUpdateTime": "2020-07-09T06:07:29.000Z",
    "auth": 2,
    "uid": "obd-ojfPXP4IAGkB3Xf9q4Qx4WTLaDP2gD9",
    "publishedVersion": 0,
    "forkFrom": "-",
    "isSpam": 0,
    "version": 1,
    "parentVersion": -1,
    "echartsVersion": "4.8.0",
    "versionCreateTime": "2020-07-09T06:07:29.000Z",
    "html": "",
    "externalScripts": "",
    "updaterUID": "obd-ojfPXP4IAGkB3Xf9q4Qx4WTLaDP2gD9",
    "theme": "",
    "layout": "",
    "viewCount": 27,
    "userName": "D***e",
    "commentCount": 0,
    "starCount": 0,
    "isStared": 0,
    "thumbnailURL": "https://www.makeapie.com/ecg-storage/ec_gallery_thumbnail/xkkzcs3rBK.png?v=1594274849181",
    "isCustomThumbnail": 0,
    "builtinTags": [
        "category-work",
        "grid",
        "series-line",
        "title"
    ],
    "customTags": [],
    "updaterUserName": "D***e"
}