{
    "cid": "xRTSJO6Lbg",
    "authorUid": "bd-71012466",
    "authorUserName": "前***n",
    "title": "自定义路径",
    "description": "自定义路径",
    "latestVersion": 1,
    "alwaysLatest": 1,
    "createTime": "2020-07-07T06:19:08.000Z",
    "lastUpdateTime": "2020-07-07T06:19:08.000Z",
    "auth": 2,
    "uid": "bd-71012466",
    "publishedVersion": 0,
    "forkFrom": "-",
    "isSpam": 0,
    "version": 1,
    "parentVersion": -1,
    "echartsVersion": "4.8.0",
    "versionCreateTime": "2020-07-07T06:19:08.000Z",
    "html": "",
    "externalScripts": "/dep/echarts/map/js/china.js",
    "updaterUID": "bd-71012466",
    "theme": "",
    "layout": "",
    "viewCount": 205,
    "userName": "前***n",
    "commentCount": 0,
    "starCount": 1,
    "isStared": 0,
    "thumbnailURL": "https://www.makeapie.com/ecg-storage/ec_gallery_thumbnail/xRTSJO6Lbg.png?v=1594102748508",
    "isCustomThumbnail": 0,
    "builtinTags": [
        "category-work",
        "geo",
        "series-lines"
    ],
    "customTags": [],
    "updaterUserName": "前***n"
}