{
    "cid": "x1Ys4VBX1a",
    "authorUid": "obd-oj4mj_1ziPTIa6ESs-cdd3e_FaAv6DQ",
    "authorUserName": "檬***岁",
    "title": "年龄统计",
    "description": "年龄统计玫瑰图",
    "latestVersion": 2,
    "alwaysLatest": 1,
    "createTime": "2020-07-24T06:53:24.000Z",
    "lastUpdateTime": "2020-07-24T06:53:24.000Z",
    "auth": 2,
    "uid": "obd-oj4mj_1ziPTIa6ESs-cdd3e_FaAv6DQ",
    "publishedVersion": 0,
    "forkFrom": "-",
    "isSpam": 0,
    "version": 2,
    "parentVersion": 1,
    "echartsVersion": "4.8.0",
    "versionCreateTime": "2020-07-24T07:06:19.000Z",
    "html": "",
    "externalScripts": "",
    "updaterUID": "obd-oj4mj_1ziPTIa6ESs-cdd3e_FaAv6DQ",
    "theme": "",
    "layout": "",
    "viewCount": 778,
    "userName": "檬***岁",
    "commentCount": 0,
    "starCount": 6,
    "isStared": 0,
    "thumbnailURL": "https://www.makeapie.com/ecg-storage/ec_gallery_thumbnail/x1Ys4VBX1a.png?v=1595574379826",
    "isCustomThumbnail": 0,
    "builtinTags": [
        "category-work",
        "legend",
        "series-pie",
        "tooltip"
    ],
    "customTags": [
        "年龄",
        "玫瑰图"
    ],
    "updaterUserName": "檬***岁"
}