{
    "cid": "x2Ggs8tOUe",
    "authorUid": "obd-otBvpsHHoGg_sc-yx1jQLNtoGfsP68W",
    "authorUserName": "此***秘",
    "title": "可滚动折线图",
    "description": "可滚动折线图",
    "latestVersion": 4,
    "alwaysLatest": 1,
    "createTime": "2020-07-28T03:41:35.000Z",
    "lastUpdateTime": "2020-07-28T03:41:35.000Z",
    "auth": 2,
    "uid": "obd-otBvpsHHoGg_sc-yx1jQLNtoGfsP68W",
    "publishedVersion": 0,
    "forkFrom": "-",
    "isSpam": 0,
    "version": 4,
    "parentVersion": 3,
    "echartsVersion": "4.8.0",
    "versionCreateTime": "2020-07-28T03:49:51.000Z",
    "html": "",
    "externalScripts": "",
    "updaterUID": "obd-otBvpsHHoGg_sc-yx1jQLNtoGfsP68W",
    "theme": "",
    "layout": "",
    "viewCount": 258,
    "userName": "此***秘",
    "commentCount": 0,
    "starCount": 0,
    "isStared": 0,
    "thumbnailURL": "https://www.makeapie.com/ecg-storage/ec_gallery_thumbnail/x2Ggs8tOUe.png?v=1595908191482",
    "isCustomThumbnail": 0,
    "builtinTags": [
        "category-work",
        "dataZoom",
        "grid",
        "legend",
        "series-line",
        "tooltip"
    ],
    "customTags": [],
    "updaterUserName": "此***秘"
}