{
    "cid": "x3OFEO6ZjC",
    "authorUid": "bd-1866429146",
    "authorUserName": "S***康",
    "title": "商品统计-热销Top",
    "description": "商品统计-热销Top",
    "latestVersion": 2,
    "alwaysLatest": 1,
    "createTime": "2020-07-24T11:35:57.000Z",
    "lastUpdateTime": "2020-07-24T11:35:57.000Z",
    "auth": 2,
    "uid": "bd-1866429146",
    "publishedVersion": 0,
    "forkFrom": "-",
    "isSpam": 0,
    "version": 2,
    "parentVersion": 1,
    "echartsVersion": "4.8.0",
    "versionCreateTime": "2020-08-04T02:16:35.000Z",
    "html": "",
    "externalScripts": "",
    "updaterUID": "bd-1866429146",
    "theme": "",
    "layout": "",
    "viewCount": 36,
    "userName": "S***康",
    "commentCount": 0,
    "starCount": 0,
    "isStared": 0,
    "thumbnailURL": "https://www.makeapie.com/ecg-storage/ec_gallery_thumbnail/x3OFEO6ZjC.png?v=1596507395386",
    "isCustomThumbnail": 0,
    "builtinTags": [
        "category-work",
        "grid",
        "series-bar",
        "tooltip"
    ],
    "customTags": [],
    "updaterUserName": "S***康"
}