{
    "cid": "x4n8cQDWVV",
    "authorUid": "obd-oFywMxOTC0LpUlk0zoQqAnIExMwvJ5r",
    "authorUserName": "硬***人",
    "title": "气泡文字云",
    "description": "",
    "latestVersion": 2,
    "alwaysLatest": 1,
    "createTime": "2020-07-24T09:00:14.000Z",
    "lastUpdateTime": "2020-07-24T09:00:14.000Z",
    "auth": 2,
    "uid": "obd-oFywMxOTC0LpUlk0zoQqAnIExMwvJ5r",
    "publishedVersion": 0,
    "forkFrom": "-",
    "isSpam": 0,
    "version": 2,
    "parentVersion": 1,
    "echartsVersion": "4.8.0",
    "versionCreateTime": "2020-07-28T08:53:47.000Z",
    "html": "",
    "externalScripts": "",
    "updaterUID": "obd-oFywMxOTC0LpUlk0zoQqAnIExMwvJ5r",
    "theme": "",
    "layout": "",
    "viewCount": 2976,
    "userName": "硬***人",
    "commentCount": 0,
    "starCount": 9,
    "isStared": 0,
    "thumbnailURL": "https://www.makeapie.com/ecg-storage/ec_gallery_thumbnail/x4n8cQDWVV.png?v=1595926428043",
    "isCustomThumbnail": 0,
    "builtinTags": [
        "category-work",
        "series-graph"
    ],
    "customTags": [
        "wordclouds"
    ],
    "updaterUserName": "硬***人"
}