{
    "cid": "x7v5IXigUE",
    "authorUid": "obd-oEn_ZtlLJ8NNxQ4jo7no6Srzn2K6_4N",
    "authorUserName": "y***i",
    "title": "待修改",
    "description": "",
    "latestVersion": 3,
    "alwaysLatest": 1,
    "createTime": "2020-07-24T15:23:42.000Z",
    "lastUpdateTime": "2020-07-24T15:23:42.000Z",
    "auth": 2,
    "uid": "obd-oEn_ZtlLJ8NNxQ4jo7no6Srzn2K6_4N",
    "publishedVersion": 0,
    "forkFrom": "-",
    "isSpam": 0,
    "version": 3,
    "parentVersion": 2,
    "echartsVersion": "4.8.0",
    "versionCreateTime": "2020-08-02T02:20:26.000Z",
    "html": "",
    "externalScripts": "",
    "updaterUID": "obd-oEn_ZtlLJ8NNxQ4jo7no6Srzn2K6_4N",
    "theme": "",
    "layout": "",
    "viewCount": 168,
    "userName": "y***i",
    "commentCount": 0,
    "starCount": 2,
    "isStared": 0,
    "thumbnailURL": "https://www.makeapie.com/ecg-storage/ec_gallery_thumbnail/x7v5IXigUE.png?v=1596334826520",
    "isCustomThumbnail": 0,
    "builtinTags": [
        "category-work",
        "legend",
        "polar",
        "series-bar"
    ],
    "customTags": [],
    "updaterUserName": "y***i"
}