{
    "cid": "xiK9_en2Ne",
    "authorUid": "obd-oEuwKb-QtiNMeo1Z6rtkYlJ2Nat8_4m",
    "authorUserName": "i***t",
    "title": "网络攻击流量图（中国/全球）",
    "description": "网络攻击流量图，可切换中国和全球流量走势。@idhyt ",
    "latestVersion": 2,
    "alwaysLatest": 1,
    "createTime": "2020-07-24T09:48:01.000Z",
    "lastUpdateTime": "2020-07-24T09:48:01.000Z",
    "auth": 2,
    "uid": "obd-oEuwKb-QtiNMeo1Z6rtkYlJ2Nat8_4m",
    "publishedVersion": 0,
    "forkFrom": "-",
    "isSpam": 0,
    "version": 2,
    "parentVersion": 1,
    "echartsVersion": "4.8.0",
    "versionCreateTime": "2020-07-29T08:09:25.000Z",
    "html": "",
    "externalScripts": "/dep/echarts/map/js/china.js,/dep/echarts/map/js/world.js",
    "updaterUID": "obd-oEuwKb-QtiNMeo1Z6rtkYlJ2Nat8_4m",
    "theme": "",
    "layout": "",
    "viewCount": 1452,
    "userName": "i***t",
    "commentCount": 0,
    "starCount": 5,
    "isStared": 0,
    "thumbnailURL": "https://www.makeapie.com/ecg-storage/ec_gallery_thumbnail/xiK9_en2Ne.png?v=1596010165926",
    "isCustomThumbnail": 0,
    "builtinTags": [
        "category-work",
        "geo",
        "series-effectScatter",
        "series-lines",
        "title",
        "toolbox",
        "tooltip",
        "visualMap"
    ],
    "customTags": [],
    "updaterUserName": "i***t"
}