{
    "cid": "xLbKzIIF7E",
    "authorUid": "obd-oP6KHCLYTW46E2tYzf2EajDWZtmey95",
    "authorUserName": "静***y",
    "title": "利用极坐标实现环形图圆角",
    "description": "",
    "latestVersion": 2,
    "alwaysLatest": 1,
    "createTime": "2020-07-24T07:19:05.000Z",
    "lastUpdateTime": "2020-07-24T07:19:05.000Z",
    "auth": 2,
    "uid": "obd-oP6KHCLYTW46E2tYzf2EajDWZtmey95",
    "publishedVersion": 0,
    "forkFrom": "-",
    "isSpam": 0,
    "version": 2,
    "parentVersion": 1,
    "echartsVersion": "4.8.0",
    "versionCreateTime": "2020-07-24T07:45:32.000Z",
    "html": "",
    "externalScripts": "",
    "updaterUID": "obd-oP6KHCLYTW46E2tYzf2EajDWZtmey95",
    "theme": "",
    "layout": "",
    "viewCount": 83,
    "userName": "静***y",
    "commentCount": 0,
    "starCount": 0,
    "isStared": 0,
    "thumbnailURL": "https://www.makeapie.com/ecg-storage/ec_gallery_thumbnail/xLbKzIIF7E.png?v=1595576732553",
    "isCustomThumbnail": 0,
    "builtinTags": [
        "category-work",
        "legend",
        "polar",
        "series-bar"
    ],
    "customTags": [],
    "updaterUserName": "静***y"
}