{
    "cid": "xMU2rDI3A1",
    "authorUid": "bd-2773585429",
    "authorUserName": "百度用户#0045103430",
    "title": "",
    "description": "",
    "latestVersion": 1,
    "alwaysLatest": 1,
    "createTime": "2020-07-29T01:15:51.000Z",
    "lastUpdateTime": "2020-07-29T01:15:51.000Z",
    "auth": 2,
    "uid": "bd-2773585429",
    "publishedVersion": 0,
    "forkFrom": "-",
    "isSpam": 0,
    "version": 1,
    "parentVersion": -1,
    "echartsVersion": "4.8.0",
    "versionCreateTime": "2020-07-29T01:15:51.000Z",
    "html": "",
    "externalScripts": "",
    "updaterUID": "bd-2773585429",
    "theme": "",
    "layout": "",
    "viewCount": 117,
    "userName": "百度用户#0045103430",
    "commentCount": 0,
    "starCount": 1,
    "isStared": 0,
    "thumbnailURL": "https://www.makeapie.com/ecg-storage/ec_gallery_thumbnail/xMU2rDI3A1.png?v=1595985351867",
    "isCustomThumbnail": 0,
    "builtinTags": [
        "category-work",
        "grid",
        "series-bar",
        "series-pictorialBar",
        "tooltip"
    ],
    "customTags": [],
    "updaterUserName": "百度用户#0045103430"
}