{
    "cid": "xNZbYOA5wW",
    "authorUid": "obd-ojG2J37x7ij6OwByti7gvxQQn2SxoEU",
    "authorUserName": "s***d",
    "title": "bar2-susin",
    "description": "",
    "latestVersion": 1,
    "alwaysLatest": 1,
    "createTime": "2020-07-28T06:20:12.000Z",
    "lastUpdateTime": "2020-07-28T06:20:12.000Z",
    "auth": 2,
    "uid": "obd-ojG2J37x7ij6OwByti7gvxQQn2SxoEU",
    "publishedVersion": 0,
    "forkFrom": "-",
    "isSpam": 0,
    "version": 1,
    "parentVersion": -1,
    "echartsVersion": "4.8.0",
    "versionCreateTime": "2020-07-28T06:20:12.000Z",
    "html": "",
    "externalScripts": "",
    "updaterUID": "obd-ojG2J37x7ij6OwByti7gvxQQn2SxoEU",
    "theme": "",
    "layout": "",
    "viewCount": 33,
    "userName": "s***d",
    "commentCount": 2,
    "starCount": 0,
    "isStared": 0,
    "thumbnailURL": "https://www.makeapie.com/ecg-storage/ec_gallery_thumbnail/xNZbYOA5wW.png?v=1595917212824",
    "isCustomThumbnail": 0,
    "builtinTags": [
        "category-work",
        "grid",
        "series-bar"
    ],
    "customTags": [],
    "updaterUserName": "s***d"
}