{
    "cid": "xonbS6dqqD",
    "authorUid": "bd-1866429146",
    "authorUserName": "S***康",
    "title": "订单统计-退货率",
    "description": "订单统计-退货率",
    "latestVersion": 3,
    "alwaysLatest": 1,
    "createTime": "2020-07-24T11:18:06.000Z",
    "lastUpdateTime": "2020-07-24T11:18:06.000Z",
    "auth": 2,
    "uid": "bd-1866429146",
    "publishedVersion": 0,
    "forkFrom": "-",
    "isSpam": 0,
    "version": 3,
    "parentVersion": 2,
    "echartsVersion": "4.8.0",
    "versionCreateTime": "2020-08-04T03:10:00.000Z",
    "html": "",
    "externalScripts": "",
    "updaterUID": "bd-1866429146",
    "theme": "",
    "layout": "",
    "viewCount": 41,
    "userName": "S***康",
    "commentCount": 0,
    "starCount": 0,
    "isStared": 0,
    "thumbnailURL": "https://www.makeapie.com/ecg-storage/ec_gallery_thumbnail/xonbS6dqqD.png?v=1596510600495",
    "isCustomThumbnail": 0,
    "builtinTags": [
        "category-work",
        "grid",
        "legend",
        "series-line",
        "tooltip"
    ],
    "customTags": [],
    "updaterUserName": "S***康"
}