{
    "cid": "xw-HsNI7F0",
    "authorUid": "bd-1879947317",
    "authorUserName": "刘***1",
    "title": "净利润",
    "description": "",
    "latestVersion": 3,
    "alwaysLatest": 1,
    "createTime": "2020-07-27T15:56:13.000Z",
    "lastUpdateTime": "2020-07-27T15:56:13.000Z",
    "auth": 2,
    "uid": "bd-1879947317",
    "publishedVersion": 0,
    "forkFrom": "-",
    "isSpam": 0,
    "version": 3,
    "parentVersion": 2,
    "echartsVersion": "4.8.0",
    "versionCreateTime": "2020-07-27T16:06:19.000Z",
    "html": "",
    "externalScripts": "",
    "updaterUID": "bd-1879947317",
    "theme": "",
    "layout": "",
    "viewCount": 117,
    "userName": "刘***1",
    "commentCount": 0,
    "starCount": 0,
    "isStared": 0,
    "thumbnailURL": "https://www.makeapie.com/ecg-storage/ec_gallery_thumbnail/xw-HsNI7F0.png?v=1595865979242",
    "isCustomThumbnail": 0,
    "builtinTags": [
        "category-work",
        "grid",
        "series-bar",
        "title",
        "tooltip"
    ],
    "customTags": [],
    "updaterUserName": "刘***1"
}