{
    "cid": "xwEj3eUXsD",
    "authorUid": "obd-ojhmcZ6ihEeb0PLMzAC4bccFUN0WfDQ",
    "authorUserName": "伯***o",
    "title": "双向柱状图排名对比",
    "description": "双向柱状图排名对比",
    "latestVersion": 10,
    "alwaysLatest": 1,
    "createTime": "2020-07-26T11:35:40.000Z",
    "lastUpdateTime": "2020-07-26T11:35:40.000Z",
    "auth": 1,
    "uid": "obd-ojhmcZ6ihEeb0PLMzAC4bccFUN0WfDQ",
    "publishedVersion": 0,
    "forkFrom": "-",
    "isSpam": 0,
    "version": 10,
    "parentVersion": 9,
    "echartsVersion": "4.8.0",
    "versionCreateTime": "2020-08-18T03:05:50.000Z",
    "html": "",
    "externalScripts": "",
    "updaterUID": "obd-o2cadfIem6LqCOL2nEtG90_0NUkyq6s",
    "theme": "",
    "layout": "",
    "viewCount": 4540,
    "userName": "伯***o",
    "commentCount": 0,
    "starCount": 17,
    "isStared": 0,
    "thumbnailURL": "https://www.makeapie.com/ecg-storage/ec_gallery_thumbnail/xwEj3eUXsD.png?v=1597719950207",
    "isCustomThumbnail": 0,
    "builtinTags": [
        "category-work",
        "grid",
        "legend",
        "series-bar",
        "tooltip"
    ],
    "customTags": [
        "对比",
        "排名",
        "断面"
    ],
    "updaterUserName": "百度用户#972737979"
}