{
    "cid": "xWlFzYpngd",
    "authorUid": "obd-otRAu8T0SwGjUVcDPagJChJ58KpK-8R",
    "authorUserName": "a***5",
    "title": "带背景的渐变柱状图",
    "description": "",
    "latestVersion": 1,
    "alwaysLatest": 1,
    "createTime": "2020-07-24T07:21:36.000Z",
    "lastUpdateTime": "2020-07-24T07:21:36.000Z",
    "auth": 1,
    "uid": "obd-otRAu8T0SwGjUVcDPagJChJ58KpK-8R",
    "publishedVersion": 0,
    "forkFrom": "-",
    "isSpam": 0,
    "version": 1,
    "parentVersion": -1,
    "echartsVersion": "4.8.0",
    "versionCreateTime": "2020-07-24T07:21:36.000Z",
    "html": "",
    "externalScripts": "",
    "updaterUID": "obd-otRAu8T0SwGjUVcDPagJChJ58KpK-8R",
    "theme": "",
    "layout": "",
    "viewCount": 689,
    "userName": "a***5",
    "commentCount": 0,
    "starCount": 5,
    "isStared": 0,
    "thumbnailURL": "https://www.makeapie.com/ecg-storage/ec_gallery_thumbnail/xWlFzYpngd.png?v=1595575296634",
    "isCustomThumbnail": 0,
    "builtinTags": [
        "category-work",
        "grid",
        "series-bar",
        "tooltip"
    ],
    "customTags": [],
    "updaterUserName": "a***5"
}