{
    "cid": "x0EvGxm9D",
    "authorUid": "bd-188374333",
    "authorUserName": "张***5",
    "title": "统计总量/分量叠加效果",
    "description": "",
    "latestVersion": 3,
    "alwaysLatest": 1,
    "createTime": "2020-01-09T10:27:06.000Z",
    "lastUpdateTime": "2020-01-09T10:27:06.000Z",
    "auth": 2,
    "uid": "bd-188374333",
    "publishedVersion": 1,
    "forkFrom": "-",
    "isSpam": 0,
    "version": 1,
    "parentVersion": -1,
    "echartsVersion": "4.4.0",
    "versionCreateTime": "2020-01-09T10:27:06.000Z",
    "html": "",
    "externalScripts": "",
    "updaterUID": "bd-188374333",
    "theme": "",
    "layout": "",
    "viewCount": 1052,
    "userName": "张***5",
    "commentCount": 0,
    "starCount": 2,
    "isStared": 0,
    "thumbnailURL": "https://www.makeapie.com/ecg-storage/ec_gallery_thumbnail/x0EvGxm9D.png?v=1578565626789",
    "isCustomThumbnail": 0,
    "builtinTags": [
        "category-work",
        "grid",
        "legend",
        "series-bar",
        "title",
        "tooltip"
    ],
    "customTags": [],
    "updaterUserName": "张***5"
}