{
    "cid": "xAYLTA9HH",
    "authorUid": "bd-900618179",
    "authorUserName": "御***r",
    "title": "三国名将",
    "description": "一吕二赵三典韦，四关五马六张飞，七黄八许九姜维",
    "latestVersion": 1,
    "alwaysLatest": 1,
    "createTime": "2020-01-13T07:49:36.000Z",
    "lastUpdateTime": "2020-01-13T07:49:36.000Z",
    "auth": 2,
    "uid": "bd-900618179",
    "publishedVersion": 0,
    "forkFrom": "-",
    "isSpam": 0,
    "version": 1,
    "parentVersion": -1,
    "echartsVersion": "4.4.0",
    "versionCreateTime": "2020-01-13T07:49:36.000Z",
    "html": "",
    "externalScripts": "https://oisanjavax.github.io/echarts-wordcloud/dist/echarts-wordcloud.min.js",
    "updaterUID": "bd-900618179",
    "theme": "",
    "layout": "",
    "viewCount": 275,
    "userName": "御***r",
    "commentCount": 0,
    "starCount": 0,
    "isStared": 0,
    "thumbnailURL": "https://www.makeapie.com/ecg-storage/ec_gallery_thumbnail/xAYLTA9HH.png?v=1578901776453",
    "isCustomThumbnail": 0,
    "builtinTags": [
        "category-work",
        "series-wordCloud",
        "title",
        "tooltip"
    ],
    "customTags": [
        "waterMarkText"
    ],
    "updaterUserName": "御***r"
}