{
    "cid": "xf6fnuAUA",
    "authorUid": "bd-944243892",
    "authorUserName": "韩***能",
    "title": "声量的情感-24小时趋势",
    "description": "",
    "latestVersion": 1,
    "alwaysLatest": 1,
    "createTime": "2020-01-12T07:20:42.000Z",
    "lastUpdateTime": "2020-01-12T07:20:42.000Z",
    "auth": 2,
    "uid": "bd-944243892",
    "publishedVersion": 0,
    "forkFrom": "-",
    "isSpam": 0,
    "version": 1,
    "parentVersion": -1,
    "echartsVersion": "4.4.0",
    "versionCreateTime": "2020-01-12T07:20:42.000Z",
    "html": "",
    "externalScripts": "",
    "updaterUID": "bd-944243892",
    "theme": "",
    "layout": "",
    "viewCount": 39,
    "userName": "韩***能",
    "commentCount": 0,
    "starCount": 0,
    "isStared": 0,
    "thumbnailURL": "https://www.makeapie.com/ecg-storage/ec_gallery_thumbnail/xf6fnuAUA.png?v=1578813642661",
    "isCustomThumbnail": 0,
    "builtinTags": [
        "category-work",
        "dataset",
        "grid",
        "legend",
        "series-line",
        "title"
    ],
    "customTags": [
        "情感"
    ],
    "updaterUserName": "韩***能"
}