{
    "cid": "xGIFgm_zS",
    "authorUid": "bd-944243892",
    "authorUserName": "韩***能",
    "title": "路径分析",
    "description": "",
    "latestVersion": 5,
    "alwaysLatest": 1,
    "createTime": "2020-01-13T04:45:48.000Z",
    "lastUpdateTime": "2020-01-13T04:45:48.000Z",
    "auth": 2,
    "uid": "bd-944243892",
    "publishedVersion": 0,
    "forkFrom": "-",
    "isSpam": 0,
    "version": 5,
    "parentVersion": 4,
    "echartsVersion": "4.4.0",
    "versionCreateTime": "2020-01-16T07:44:47.000Z",
    "html": "",
    "externalScripts": "",
    "updaterUID": "bd-944243892",
    "theme": "",
    "layout": "",
    "viewCount": 96,
    "userName": "韩***能",
    "commentCount": 0,
    "starCount": 0,
    "isStared": 0,
    "thumbnailURL": "https://www.makeapie.com/ecg-storage/ec_gallery_thumbnail/xGIFgm_zS.png?v=1579160687320",
    "isCustomThumbnail": 0,
    "builtinTags": [
        "category-work",
        "dataset",
        "grid",
        "series-scatter",
        "tooltip",
        "visualMap"
    ],
    "customTags": [
        "气泡图"
    ],
    "updaterUserName": "韩***能"
}