{
    "cid": "xIV9nyinW",
    "authorUid": "bd-6442928284",
    "authorUserName": "流***r",
    "title": "内发光 外发光",
    "description": "柱图 内发光 外发光",
    "latestVersion": 6,
    "alwaysLatest": 1,
    "createTime": "2020-01-10T03:14:44.000Z",
    "lastUpdateTime": "2020-01-10T03:14:44.000Z",
    "auth": 2,
    "uid": "bd-6442928284",
    "publishedVersion": 0,
    "forkFrom": "-",
    "isSpam": 0,
    "version": 6,
    "parentVersion": 5,
    "echartsVersion": "4.4.0",
    "versionCreateTime": "2020-01-10T03:42:44.000Z",
    "html": "",
    "externalScripts": "",
    "updaterUID": "bd-6442928284",
    "theme": "",
    "layout": "",
    "viewCount": 211,
    "userName": "流***r",
    "commentCount": 0,
    "starCount": 1,
    "isStared": 0,
    "thumbnailURL": "https://www.makeapie.com/ecg-storage/ec_gallery_thumbnail/xIV9nyinW.png?v=1578627764194",
    "isCustomThumbnail": 0,
    "builtinTags": [
        "category-work",
        "grid",
        "series-custom"
    ],
    "customTags": [
        "shadow",
        "内发光",
        "内阴影",
        "外发光",
        "外阴影"
    ],
    "updaterUserName": "流***r"
}