{
    "cid": "xJ9oWXQED",
    "authorUid": "bd-3040334221",
    "authorUserName": "冷***r",
    "title": "叠图",
    "description": "",
    "latestVersion": 3,
    "alwaysLatest": 1,
    "createTime": "2020-01-09T08:05:51.000Z",
    "lastUpdateTime": "2020-01-09T08:05:51.000Z",
    "auth": 2,
    "uid": "bd-3040334221",
    "publishedVersion": 0,
    "forkFrom": "-",
    "isSpam": 0,
    "version": 3,
    "parentVersion": 1,
    "echartsVersion": "4.4.0",
    "versionCreateTime": "2020-01-09T08:08:08.000Z",
    "html": "",
    "externalScripts": "",
    "updaterUID": "bd-3040334221",
    "theme": "",
    "layout": "",
    "viewCount": 51,
    "userName": "冷***r",
    "commentCount": 0,
    "starCount": 1,
    "isStared": 0,
    "thumbnailURL": "https://www.makeapie.com/ecg-storage/ec_gallery_thumbnail/xJ9oWXQED.png?v=1578557289041",
    "isCustomThumbnail": 0,
    "builtinTags": [
        "category-work",
        "grid",
        "series-pictorialBar",
        "tooltip"
    ],
    "customTags": [],
    "updaterUserName": "冷***r"
}