{
    "cid": "xJlxrdvsV",
    "authorUid": "bd-1227565231",
    "authorUserName": "姜***肖",
    "title": "不同柱子不同渐变色",
    "description": "",
    "latestVersion": 2,
    "alwaysLatest": 1,
    "createTime": "2020-01-09T08:28:34.000Z",
    "lastUpdateTime": "2020-01-09T08:28:34.000Z",
    "auth": 2,
    "uid": "bd-1227565231",
    "publishedVersion": 0,
    "forkFrom": "-",
    "isSpam": 0,
    "version": 2,
    "parentVersion": 1,
    "echartsVersion": "4.4.0",
    "versionCreateTime": "2020-01-09T08:34:31.000Z",
    "html": "",
    "externalScripts": "",
    "updaterUID": "bd-1227565231",
    "theme": "",
    "layout": "",
    "viewCount": 2937,
    "userName": "姜***肖",
    "commentCount": 0,
    "starCount": 21,
    "isStared": 0,
    "thumbnailURL": "https://www.makeapie.com/ecg-storage/ec_gallery_thumbnail/xJlxrdvsV.png?v=1578558871710",
    "isCustomThumbnail": 0,
    "builtinTags": [
        "category-work",
        "grid",
        "series-bar"
    ],
    "customTags": [
        "不同颜色",
        "柱状图",
        "渐变色"
    ],
    "updaterUserName": "姜***肖"
}