{
    "cid": "xL1Sidt3F",
    "authorUid": "bd-1477312183",
    "authorUserName": "l***0",
    "title": "点击X轴清除该条数据",
    "description": "点击X轴清除掉该条数据",
    "latestVersion": 1,
    "alwaysLatest": 1,
    "createTime": "2020-01-09T08:51:22.000Z",
    "lastUpdateTime": "2020-01-09T08:51:22.000Z",
    "auth": 1,
    "uid": "bd-1477312183",
    "publishedVersion": 0,
    "forkFrom": "-",
    "isSpam": 0,
    "version": 1,
    "parentVersion": -1,
    "echartsVersion": "4.4.0",
    "versionCreateTime": "2020-01-09T08:51:22.000Z",
    "html": "",
    "externalScripts": "",
    "updaterUID": "bd-1477312183",
    "theme": "",
    "layout": "",
    "viewCount": 190,
    "userName": "l***0",
    "commentCount": 0,
    "starCount": 2,
    "isStared": 0,
    "thumbnailURL": "https://www.makeapie.com/ecg-storage/ec_gallery_thumbnail/xL1Sidt3F.png?v=1578559882222",
    "isCustomThumbnail": 0,
    "builtinTags": [
        "category-work",
        "grid",
        "legend",
        "series-bar",
        "series-line",
        "title",
        "tooltip"
    ],
    "customTags": [
        "xAxis"
    ],
    "updaterUserName": "l***0"
}