{
    "cid": "xOo7EcIWj",
    "authorUid": "bd-4030101515",
    "authorUserName": "回***子",
    "title": "饼图线条",
    "description": "",
    "latestVersion": 3,
    "alwaysLatest": 1,
    "createTime": "2020-01-10T08:43:24.000Z",
    "lastUpdateTime": "2020-01-10T08:43:24.000Z",
    "auth": 2,
    "uid": "bd-4030101515",
    "publishedVersion": 0,
    "forkFrom": "-",
    "isSpam": 0,
    "version": 3,
    "parentVersion": 2,
    "echartsVersion": "4.4.0",
    "versionCreateTime": "2020-01-10T10:02:51.000Z",
    "html": "",
    "externalScripts": "",
    "updaterUID": "bd-4030101515",
    "theme": "",
    "layout": "",
    "viewCount": 96,
    "userName": "回***子",
    "commentCount": 0,
    "starCount": 0,
    "isStared": 0,
    "thumbnailURL": "https://www.makeapie.com/ecg-storage/ec_gallery_thumbnail/xOo7EcIWj.png?v=1578650571533",
    "isCustomThumbnail": 0,
    "builtinTags": [
        "category-work",
        "series-pie",
        "tooltip"
    ],
    "customTags": [],
    "updaterUserName": "回***子"
}