{
    "cid": "xs8WrpANZ",
    "authorUid": "bd-1227565231",
    "authorUserName": "姜***肖",
    "title": "圆环图",
    "description": "",
    "latestVersion": 1,
    "alwaysLatest": 1,
    "createTime": "2020-01-12T08:26:21.000Z",
    "lastUpdateTime": "2020-01-12T08:26:21.000Z",
    "auth": 2,
    "uid": "bd-1227565231",
    "publishedVersion": 0,
    "forkFrom": "-",
    "isSpam": 0,
    "version": 1,
    "parentVersion": -1,
    "echartsVersion": "4.4.0",
    "versionCreateTime": "2020-01-12T08:26:21.000Z",
    "html": "",
    "externalScripts": "",
    "updaterUID": "bd-1227565231",
    "theme": "",
    "layout": "",
    "viewCount": 98,
    "userName": "姜***肖",
    "commentCount": 0,
    "starCount": 1,
    "isStared": 0,
    "thumbnailURL": "https://www.makeapie.com/ecg-storage/ec_gallery_thumbnail/xs8WrpANZ.png?v=1578817581965",
    "isCustomThumbnail": 0,
    "builtinTags": [
        "category-work",
        "series-pie"
    ],
    "customTags": [
        "圆环"
    ],
    "updaterUserName": "姜***肖"
}