{
    "cid": "xw7LekTxG",
    "authorUid": "bd-3796128407",
    "authorUserName": "王***响",
    "title": "手机销量",
    "description": "",
    "latestVersion": 1,
    "alwaysLatest": 1,
    "createTime": "2020-01-09T08:55:46.000Z",
    "lastUpdateTime": "2020-01-09T08:55:46.000Z",
    "auth": 2,
    "uid": "bd-3796128407",
    "publishedVersion": 0,
    "forkFrom": "-",
    "isSpam": 0,
    "version": 1,
    "parentVersion": -1,
    "echartsVersion": "4.4.0",
    "versionCreateTime": "2020-01-09T08:55:46.000Z",
    "html": "",
    "externalScripts": "",
    "updaterUID": "bd-3796128407",
    "theme": "",
    "layout": "",
    "viewCount": 177,
    "userName": "王***响",
    "commentCount": 0,
    "starCount": 0,
    "isStared": 0,
    "thumbnailURL": "https://www.makeapie.com/ecg-storage/ec_gallery_thumbnail/xw7LekTxG.png?v=1578560146807",
    "isCustomThumbnail": 1,
    "builtinTags": [
        "category-work",
        "series-pie"
    ],
    "customTags": [],
    "updaterUserName": "王***响"
}