{
    "cid": "xzkzaOAlh",
    "authorUid": "bd-3308202265",
    "authorUserName": "L***灾",
    "title": "等分仪表盘 ",
    "description": "饼图 模仿仪表盘 ",
    "latestVersion": 1,
    "alwaysLatest": 1,
    "createTime": "2020-01-13T11:00:24.000Z",
    "lastUpdateTime": "2020-01-13T11:00:24.000Z",
    "auth": 2,
    "uid": "bd-3308202265",
    "publishedVersion": 0,
    "forkFrom": "-",
    "isSpam": 0,
    "version": 1,
    "parentVersion": -1,
    "echartsVersion": "4.4.0",
    "versionCreateTime": "2020-01-13T11:00:24.000Z",
    "html": "",
    "externalScripts": "",
    "updaterUID": "bd-3308202265",
    "theme": "",
    "layout": "",
    "viewCount": 79,
    "userName": "L***灾",
    "commentCount": 0,
    "starCount": 0,
    "isStared": 0,
    "thumbnailURL": "https://www.makeapie.com/ecg-storage/ec_gallery_thumbnail/xzkzaOAlh.png?v=1578913224696",
    "isCustomThumbnail": 0,
    "builtinTags": [
        "category-work",
        "legend",
        "series-pie",
        "tooltip"
    ],
    "customTags": [],
    "updaterUserName": "L***灾"
}