{
    "cid": "x2R6jHnz7I",
    "authorUid": "bd-773815788",
    "authorUserName": "不***ゞ",
    "title": "进度图",
    "description": "",
    "latestVersion": 2,
    "alwaysLatest": 1,
    "createTime": "2020-05-28T11:08:11.000Z",
    "lastUpdateTime": "2020-05-28T11:08:11.000Z",
    "auth": 2,
    "uid": "bd-773815788",
    "publishedVersion": 0,
    "forkFrom": "-",
    "isSpam": 0,
    "version": 2,
    "parentVersion": 1,
    "echartsVersion": "4.8.0",
    "versionCreateTime": "2020-05-29T01:24:52.000Z",
    "html": "",
    "externalScripts": "",
    "updaterUID": "bd-773815788",
    "theme": "",
    "layout": "",
    "viewCount": 100,
    "userName": "不***ゞ",
    "commentCount": 0,
    "starCount": 0,
    "isStared": 0,
    "thumbnailURL": "https://www.makeapie.com/ecg-storage/ec_gallery_thumbnail/x2R6jHnz7I.png?v=1590715492850",
    "isCustomThumbnail": 0,
    "builtinTags": [
        "category-work",
        "polar",
        "series-bar",
        "visualMap"
    ],
    "customTags": [],
    "updaterUserName": "不***ゞ"
}