{
    "cid": "x2yrwjdkOA",
    "authorUid": "obd-o0K9KIbd0GiIH08vGxZbkaIV8JQtsFA",
    "authorUserName": "_***跑",
    "title": "不固定总数百分比条形图",
    "description": "",
    "latestVersion": 1,
    "alwaysLatest": 1,
    "createTime": "2020-05-28T08:54:05.000Z",
    "lastUpdateTime": "2020-05-28T08:54:05.000Z",
    "auth": 2,
    "uid": "obd-o0K9KIbd0GiIH08vGxZbkaIV8JQtsFA",
    "publishedVersion": 0,
    "forkFrom": "-",
    "isSpam": 0,
    "version": 1,
    "parentVersion": -1,
    "echartsVersion": "4.8.0",
    "versionCreateTime": "2020-05-28T08:54:05.000Z",
    "html": "",
    "externalScripts": "",
    "updaterUID": "obd-o0K9KIbd0GiIH08vGxZbkaIV8JQtsFA",
    "theme": "",
    "layout": "",
    "viewCount": 978,
    "userName": "_***跑",
    "commentCount": 1,
    "starCount": 3,
    "isStared": 0,
    "thumbnailURL": "https://www.makeapie.com/ecg-storage/ec_gallery_thumbnail/x2yrwjdkOA.png?v=1590656045370",
    "isCustomThumbnail": 1,
    "builtinTags": [
        "category-work",
        "grid",
        "series-bar"
    ],
    "customTags": [],
    "updaterUserName": "_***跑"
}