{
    "cid": "x8yhvtqDCC",
    "authorUid": "obd-ojoT_IrXhj0zm-vNlGypyP2UG3P4KDc",
    "authorUserName": "z***2",
    "title": "完成进度",
    "description": "半圆仪表盘",
    "latestVersion": 1,
    "alwaysLatest": 1,
    "createTime": "2020-05-29T01:52:23.000Z",
    "lastUpdateTime": "2020-05-29T01:52:23.000Z",
    "auth": 2,
    "uid": "obd-ojoT_IrXhj0zm-vNlGypyP2UG3P4KDc",
    "publishedVersion": 0,
    "forkFrom": "-",
    "isSpam": 0,
    "version": 1,
    "parentVersion": -1,
    "echartsVersion": "4.8.0",
    "versionCreateTime": "2020-05-29T01:52:23.000Z",
    "html": "",
    "externalScripts": "",
    "updaterUID": "obd-ojoT_IrXhj0zm-vNlGypyP2UG3P4KDc",
    "theme": "",
    "layout": "",
    "viewCount": 3469,
    "userName": "z***2",
    "commentCount": 0,
    "starCount": 9,
    "isStared": 0,
    "thumbnailURL": "https://www.makeapie.com/ecg-storage/ec_gallery_thumbnail/x8yhvtqDCC.png?v=1590717143643",
    "isCustomThumbnail": 0,
    "builtinTags": [
        "category-work",
        "series-gauge",
        "title",
        "tooltip"
    ],
    "customTags": [],
    "updaterUserName": "z***2"
}