{
    "cid": "xadWzJ6pN3",
    "authorUid": "bd-138257330",
    "authorUserName": "o***5",
    "title": "SingleValue",
    "description": "SingleValue",
    "latestVersion": 5,
    "alwaysLatest": 1,
    "createTime": "2020-05-28T07:23:34.000Z",
    "lastUpdateTime": "2020-05-28T07:23:34.000Z",
    "auth": 2,
    "uid": "bd-138257330",
    "publishedVersion": 0,
    "forkFrom": "-",
    "isSpam": 0,
    "version": 5,
    "parentVersion": 4,
    "echartsVersion": "4.8.0",
    "versionCreateTime": "2020-05-28T10:14:54.000Z",
    "html": "",
    "externalScripts": "",
    "updaterUID": "bd-138257330",
    "theme": "",
    "layout": "",
    "viewCount": 56,
    "userName": "o***5",
    "commentCount": 0,
    "starCount": 0,
    "isStared": 0,
    "thumbnailURL": "https://www.makeapie.com/ecg-storage/ec_gallery_thumbnail/xadWzJ6pN3.png?v=1590660894853",
    "isCustomThumbnail": 0,
    "builtinTags": [
        "category-work",
        "grid",
        "series-line",
        "title"
    ],
    "customTags": [],
    "updaterUserName": "o***5"
}