{
    "cid": "xfLxzp5ZDJ",
    "authorUid": "bd-1991272748",
    "authorUserName": "圪***哔",
    "title": "地图 增加文字标注和图片",
    "description": "",
    "latestVersion": 3,
    "alwaysLatest": 1,
    "createTime": "2020-05-29T02:21:21.000Z",
    "lastUpdateTime": "2020-05-29T02:21:21.000Z",
    "auth": 1,
    "uid": "bd-1991272748",
    "publishedVersion": 0,
    "forkFrom": "-",
    "isSpam": 0,
    "version": 3,
    "parentVersion": 2,
    "echartsVersion": "4.8.0",
    "versionCreateTime": "2020-07-04T11:25:35.000Z",
    "html": "",
    "externalScripts": "",
    "updaterUID": "obd-o-pCRuAr_bYhuC_4WbxKJTKvnVHIlA0",
    "theme": "",
    "layout": "",
    "viewCount": 695,
    "userName": "圪***哔",
    "commentCount": 0,
    "starCount": 1,
    "isStared": 0,
    "thumbnailURL": "https://www.makeapie.com/ecg-storage/ec_gallery_thumbnail/xfLxzp5ZDJ.png?v=1593861935989",
    "isCustomThumbnail": 0,
    "builtinTags": [
        "category-work",
        "geo",
        "series-effectScatter",
        "series-map",
        "series-scatter",
        "tooltip"
    ],
    "customTags": [],
    "updaterUserName": "E***Y"
}