{
    "cid": "xgOojU4dfg",
    "authorUid": "obd-o-szkpZL2VDGBCb8dvBUHxzOPVDqEA1",
    "authorUserName": "唉***3",
    "title": "柱状图",
    "description": "",
    "latestVersion": 1,
    "alwaysLatest": 1,
    "createTime": "2020-05-29T03:28:04.000Z",
    "lastUpdateTime": "2020-05-29T03:28:04.000Z",
    "auth": 2,
    "uid": "obd-o-szkpZL2VDGBCb8dvBUHxzOPVDqEA1",
    "publishedVersion": 0,
    "forkFrom": "-",
    "isSpam": 0,
    "version": 1,
    "parentVersion": -1,
    "echartsVersion": "4.8.0",
    "versionCreateTime": "2020-05-29T03:28:04.000Z",
    "html": "",
    "externalScripts": "",
    "updaterUID": "obd-o-szkpZL2VDGBCb8dvBUHxzOPVDqEA1",
    "theme": "",
    "layout": "",
    "viewCount": 76,
    "userName": "唉***3",
    "commentCount": 0,
    "starCount": 1,
    "isStared": 0,
    "thumbnailURL": "https://www.makeapie.com/ecg-storage/ec_gallery_thumbnail/xgOojU4dfg.png?v=1590722884594",
    "isCustomThumbnail": 0,
    "builtinTags": [
        "category-work",
        "grid",
        "legend",
        "series-bar",
        "series-pictorialBar",
        "title",
        "tooltip"
    ],
    "customTags": [],
    "updaterUserName": "唉***3"
}