{
    "cid": "xiJwgvrAQt",
    "authorUid": "bd-4018496788",
    "authorUserName": "a***座",
    "title": "仪表盘",
    "description": "渐变的仪表盘",
    "latestVersion": 1,
    "alwaysLatest": 1,
    "createTime": "2020-05-29T06:07:50.000Z",
    "lastUpdateTime": "2020-05-29T06:07:50.000Z",
    "auth": 1,
    "uid": "bd-4018496788",
    "publishedVersion": 0,
    "forkFrom": "-",
    "isSpam": 0,
    "version": 1,
    "parentVersion": -1,
    "echartsVersion": "4.8.0",
    "versionCreateTime": "2020-05-29T06:07:50.000Z",
    "html": "",
    "externalScripts": "",
    "updaterUID": "bd-4018496788",
    "theme": "",
    "layout": "",
    "viewCount": 261,
    "userName": "a***座",
    "commentCount": 0,
    "starCount": 2,
    "isStared": 0,
    "thumbnailURL": "https://www.makeapie.com/ecg-storage/ec_gallery_thumbnail/xiJwgvrAQt.png?v=1590732470697",
    "isCustomThumbnail": 0,
    "builtinTags": [
        "category-work",
        "series-gauge",
        "series-pie",
        "title"
    ],
    "customTags": [],
    "updaterUserName": "a***座"
}