{
    "cid": "xOQbJvdt6R",
    "authorUid": "obd-o0eON-cnAmP8IpkP7UKrNvBg3O1vJF8",
    "authorUserName": "最***字",
    "title": "label内容的对称效果",
    "description": "",
    "latestVersion": 3,
    "alwaysLatest": 1,
    "createTime": "2020-05-29T06:11:56.000Z",
    "lastUpdateTime": "2020-05-29T06:11:56.000Z",
    "auth": 1,
    "uid": "obd-o0eON-cnAmP8IpkP7UKrNvBg3O1vJF8",
    "publishedVersion": 0,
    "forkFrom": "-",
    "isSpam": 0,
    "version": 3,
    "parentVersion": 2,
    "echartsVersion": "4.8.0",
    "versionCreateTime": "2020-11-03T01:15:35.000Z",
    "html": "",
    "externalScripts": "",
    "updaterUID": "obd-o0eON-cnAmP8IpkP7UKrNvBg3O1vJF8",
    "theme": "",
    "layout": "",
    "viewCount": 140,
    "userName": "最***字",
    "commentCount": 0,
    "starCount": 0,
    "isStared": 0,
    "thumbnailURL": "https://www.makeapie.com/ecg-storage/ec_gallery_thumbnail/xOQbJvdt6R.png?v=1604366135904",
    "isCustomThumbnail": 0,
    "builtinTags": [
        "category-work",
        "series-pie"
    ],
    "customTags": [],
    "updaterUserName": "最***字"
}