{
    "cid": "x-TSwS0W4i",
    "authorUid": "obd-o2ETba-lpHCyaZ2ZAaI4kxbEyd4Me6O",
    "authorUserName": "h***6",
    "title": "医疗机构监管",
    "description": "",
    "latestVersion": 1,
    "alwaysLatest": 1,
    "createTime": "2021-01-28T07:29:27.000Z",
    "lastUpdateTime": "2021-01-28T07:29:27.000Z",
    "auth": 2,
    "uid": "obd-o2ETba-lpHCyaZ2ZAaI4kxbEyd4Me6O",
    "publishedVersion": 0,
    "forkFrom": "-",
    "isSpam": 0,
    "version": 1,
    "parentVersion": -1,
    "echartsVersion": "4.8.0",
    "versionCreateTime": "2021-01-28T07:29:27.000Z",
    "html": "",
    "externalScripts": "",
    "updaterUID": "obd-o2ETba-lpHCyaZ2ZAaI4kxbEyd4Me6O",
    "theme": "",
    "layout": "",
    "viewCount": 119,
    "userName": "h***6",
    "commentCount": 0,
    "starCount": 56,
    "isStared": 0,
    "thumbnailURL": "https://www.makeapie.com/ecg-storage/ec_gallery_thumbnail/x-TSwS0W4i.png?v=1611818967731",
    "isCustomThumbnail": 0,
    "builtinTags": [
        "category-work",
        "legend",
        "series-pie",
        "title",
        "tooltip"
    ],
    "customTags": [],
    "updaterUserName": "h***6"
}