{
    "cid": "x0oZWoncE",
    "authorUid": "bd-51993056",
    "authorUserName": "凌***少",
    "title": "成立1-5年的企业分类",
    "description": "",
    "latestVersion": 2,
    "alwaysLatest": 1,
    "createTime": "2020-01-07T03:42:07.000Z",
    "lastUpdateTime": "2020-01-07T03:42:07.000Z",
    "auth": 2,
    "uid": "bd-51993056",
    "publishedVersion": 0,
    "forkFrom": "-",
    "isSpam": 0,
    "version": 2,
    "parentVersion": 1,
    "echartsVersion": "4.4.0",
    "versionCreateTime": "2020-01-07T03:43:25.000Z",
    "html": "",
    "externalScripts": "",
    "updaterUID": "bd-51993056",
    "theme": "",
    "layout": "",
    "viewCount": 18047,
    "userName": "凌***少",
    "commentCount": 0,
    "starCount": 112,
    "isStared": 0,
    "thumbnailURL": "https://www.makeapie.com/ecg-storage/ec_gallery_thumbnail/x0oZWoncE.png?v=1578368605784",
    "isCustomThumbnail": 0,
    "builtinTags": [
        "category-work",
        "grid",
        "series-bar",
        "title",
        "tooltip"
    ],
    "customTags": [],
    "updaterUserName": "凌***少"
}