{
    "cid": "x4UNE79YjK",
    "authorUid": "bd-749254193",
    "authorUserName": "欧***一",
    "title": "2019年销售水量和主营业务收入对比",
    "description": "柱状图，双左边，颜色渐变",
    "latestVersion": 3,
    "alwaysLatest": 1,
    "createTime": "2019-05-21T03:56:38.000Z",
    "lastUpdateTime": "2019-05-21T03:56:38.000Z",
    "auth": 2,
    "uid": "bd-749254193",
    "publishedVersion": 0,
    "forkFrom": "-",
    "isSpam": 0,
    "version": 3,
    "parentVersion": 2,
    "echartsVersion": "4.4.0",
    "versionCreateTime": "2020-03-06T03:10:32.000Z",
    "html": "",
    "externalScripts": "",
    "updaterUID": "bd-749254193",
    "theme": "",
    "layout": "",
    "viewCount": 55577,
    "userName": "欧***一",
    "commentCount": 2,
    "starCount": 155,
    "isStared": 0,
    "thumbnailURL": "https://www.makeapie.com/ecg-storage/ec_gallery_thumbnail/x4UNE79YjK.png?v=1583464232500",
    "isCustomThumbnail": 0,
    "builtinTags": [
        "category-work",
        "grid",
        "legend",
        "series-bar",
        "series-line",
        "title",
        "tooltip"
    ],
    "customTags": [],
    "updaterUserName": "欧***一"
}