{
    "cid": "xAqxk9ZhVv",
    "authorUid": "bd-1606641265",
    "authorUserName": "你***1",
    "title": "多个饼图",
    "description": "",
    "latestVersion": 1,
    "alwaysLatest": 1,
    "createTime": "2019-05-23T07:37:14.000Z",
    "lastUpdateTime": "2019-05-23T07:37:14.000Z",
    "auth": 2,
    "uid": "bd-1606641265",
    "publishedVersion": 0,
    "forkFrom": "-",
    "isSpam": 0,
    "version": 1,
    "parentVersion": -1,
    "echartsVersion": "4.2.1",
    "versionCreateTime": "2019-05-23T07:37:14.000Z",
    "html": "",
    "externalScripts": "",
    "updaterUID": "bd-1606641265",
    "theme": "",
    "layout": "",
    "viewCount": 46741,
    "userName": "你***1",
    "commentCount": 2,
    "starCount": 200,
    "isStared": 0,
    "thumbnailURL": "https://www.makeapie.com/ecg-storage/ec_gallery_thumbnail/xAqxk9ZhVv.png?v=1558597034281",
    "isCustomThumbnail": 0,
    "builtinTags": [
        "category-work",
        "series-pie",
        "title"
    ],
    "customTags": [],
    "updaterUserName": "你***1"
}