{
    "cid": "xBJDR584vG",
    "authorUid": "bd-442035385",
    "authorUserName": "小***了",
    "title": "中国人民大学2017年各省市计划录取人数",
    "description": "数据爬取自千栀网\n上海、浙江无文理科录取人数",
    "latestVersion": 7,
    "alwaysLatest": 1,
    "createTime": "2018-02-16T13:21:18.000Z",
    "lastUpdateTime": "2018-02-16T13:21:18.000Z",
    "auth": 2,
    "uid": "bd-442035385",
    "publishedVersion": 0,
    "forkFrom": "-",
    "isSpam": 0,
    "version": 7,
    "parentVersion": 5,
    "echartsVersion": "3.8.0",
    "versionCreateTime": "2020-02-18T15:32:18.000Z",
    "html": "",
    "externalScripts": "/dep/echarts/map/js/china.js",
    "updaterUID": "bd-442035385",
    "theme": "",
    "layout": "",
    "viewCount": 153646,
    "userName": "小***了",
    "commentCount": 71,
    "starCount": 280,
    "isStared": 0,
    "thumbnailURL": "https://www.makeapie.com/ecg-storage/ec_gallery_thumbnail/xBJDR584vG.png?v=1582039938588",
    "isCustomThumbnail": 0,
    "builtinTags": [
        "category-work",
        "geo",
        "series-effectScatter",
        "series-map",
        "series-scatter",
        "title",
        "tooltip",
        "visualMap"
    ],
    "customTags": [],
    "updaterUserName": "小***了"
}