{
    "cid": "xdExzKlpOh",
    "authorUid": "bd-3931679992",
    "authorUserName": "我***_",
    "title": "地图formatter,effectScatter使用实例",
    "description": "通过formatter，effectScatter实现效果，可更改多种，具体看要求",
    "latestVersion": 8,
    "alwaysLatest": 1,
    "createTime": "2019-08-12T08:04:49.000Z",
    "lastUpdateTime": "2019-08-12T08:04:49.000Z",
    "auth": 2,
    "uid": "bd-3931679992",
    "publishedVersion": 0,
    "forkFrom": "-",
    "isSpam": 0,
    "version": 8,
    "parentVersion": 7,
    "echartsVersion": "4.2.1",
    "versionCreateTime": "2019-08-29T09:37:51.000Z",
    "html": "",
    "externalScripts": "/dep/echarts/map/js/china.js",
    "updaterUID": "bd-3931679992",
    "theme": "",
    "layout": "",
    "viewCount": 60795,
    "userName": "我***_",
    "commentCount": 18,
    "starCount": 194,
    "isStared": 0,
    "thumbnailURL": "https://www.makeapie.com/ecg-storage/ec_gallery_thumbnail/xdExzKlpOh.png?v=1567071471616",
    "isCustomThumbnail": 0,
    "builtinTags": [
        "category-work",
        "geo",
        "grid",
        "series-bar",
        "series-effectScatter",
        "series-map",
        "title"
    ],
    "customTags": [],
    "updaterUserName": "我***_"
}