{
    "cid": "xeZyb7y9_",
    "authorUid": "bd-1531921383",
    "authorUserName": "C***狼",
    "title": "仪表盘带进度条",
    "description": "仪表盘带进度条",
    "latestVersion": 4,
    "alwaysLatest": 1,
    "createTime": "2020-02-21T08:32:37.000Z",
    "lastUpdateTime": "2020-02-21T08:32:37.000Z",
    "auth": 2,
    "uid": "bd-1531921383",
    "publishedVersion": 0,
    "forkFrom": "-",
    "isSpam": 0,
    "version": 4,
    "parentVersion": 3,
    "echartsVersion": "4.4.0",
    "versionCreateTime": "2020-02-23T04:12:06.000Z",
    "html": "",
    "externalScripts": "",
    "updaterUID": "bd-1531921383",
    "theme": "",
    "layout": "",
    "viewCount": 18896,
    "userName": "C***狼",
    "commentCount": 3,
    "starCount": 112,
    "isStared": 0,
    "thumbnailURL": "https://www.makeapie.com/ecg-storage/ec_gallery_thumbnail/xeZyb7y9_.png?v=1582431126829",
    "isCustomThumbnail": 0,
    "builtinTags": [
        "category-work",
        "series-gauge",
        "tooltip"
    ],
    "customTags": [],
    "updaterUserName": "C***狼"
}