{
    "cid": "xG61SsUMJi",
    "authorUid": "bd-1884180431",
    "authorUserName": "z***e",
    "title": "饼图带图标",
    "description": "",
    "latestVersion": 1,
    "alwaysLatest": 1,
    "createTime": "2019-05-29T09:17:14.000Z",
    "lastUpdateTime": "2019-05-29T09:17:14.000Z",
    "auth": 2,
    "uid": "bd-1884180431",
    "publishedVersion": 0,
    "forkFrom": "-",
    "isSpam": 0,
    "version": 1,
    "parentVersion": -1,
    "echartsVersion": "4.2.1",
    "versionCreateTime": "2019-05-29T09:17:14.000Z",
    "html": "",
    "externalScripts": "",
    "updaterUID": "bd-1884180431",
    "theme": "",
    "layout": "",
    "viewCount": 60110,
    "userName": "z***e",
    "commentCount": 1,
    "starCount": 196,
    "isStared": 0,
    "thumbnailURL": "https://www.makeapie.com/ecg-storage/ec_gallery_thumbnail/xG61SsUMJi.png?v=1559121434774",
    "isCustomThumbnail": 0,
    "builtinTags": [
        "category-work",
        "legend",
        "series-pie",
        "title"
    ],
    "customTags": [],
    "updaterUserName": "z***e"
}