{
    "cid": "xiYTXi-W4v",
    "authorUid": "bd-3342206826",
    "authorUserName": "小***琪",
    "title": "折线图3",
    "description": "",
    "latestVersion": 1,
    "alwaysLatest": 1,
    "createTime": "2020-03-25T01:58:21.000Z",
    "lastUpdateTime": "2020-03-25T01:58:21.000Z",
    "auth": 2,
    "uid": "bd-3342206826",
    "publishedVersion": 0,
    "forkFrom": "-",
    "isSpam": 0,
    "version": 1,
    "parentVersion": -1,
    "echartsVersion": "4.7.0",
    "versionCreateTime": "2020-03-25T01:58:21.000Z",
    "html": "",
    "externalScripts": "",
    "updaterUID": "bd-3342206826",
    "theme": "",
    "layout": "",
    "viewCount": 25984,
    "userName": "小***琪",
    "commentCount": 0,
    "starCount": 115,
    "isStared": 0,
    "thumbnailURL": "https://www.makeapie.com/ecg-storage/ec_gallery_thumbnail/xiYTXi-W4v.png?v=1585101502074",
    "isCustomThumbnail": 0,
    "builtinTags": [
        "category-work",
        "grid",
        "legend",
        "series-line",
        "tooltip"
    ],
    "customTags": [],
    "updaterUserName": "小***琪"
}