{
    "cid": "xnyknPF1R",
    "authorUid": "bd-3182588218",
    "authorUserName": "飞***燕",
    "title": "3D地球+扫描特效",
    "description": "",
    "latestVersion": 1,
    "alwaysLatest": 1,
    "createTime": "2019-11-01T03:47:22.000Z",
    "lastUpdateTime": "2019-11-01T03:47:22.000Z",
    "auth": 2,
    "uid": "bd-3182588218",
    "publishedVersion": 0,
    "forkFrom": "-",
    "isSpam": 0,
    "version": 1,
    "parentVersion": -1,
    "echartsVersion": "4.4.0",
    "versionCreateTime": "2019-11-01T03:47:22.000Z",
    "html": "",
    "externalScripts": "/dep/echarts/latest/extension/bmap.min.js,https://a1115040996.github.io/MyHTML/echarts/js/echarts-gl.js,https://a1115040996.github.io/MyHTML/echarts/js/d3-geo.js,https://a1115040996.github.io/MyHTML/echarts/js/d3-timer.js,https://a1115040996.github.io/MyHTML/echarts/js/d3-contour.js",
    "updaterUID": "bd-3182588218",
    "theme": "",
    "layout": "",
    "viewCount": 30240,
    "userName": "飞***燕",
    "commentCount": 33,
    "starCount": 200,
    "isStared": 0,
    "thumbnailURL": "https://www.makeapie.com/ecg-storage/ec_gallery_thumbnail/xnyknPF1R.png?v=1572580042644",
    "isCustomThumbnail": 1,
    "builtinTags": [
        "category-work",
        "globe",
        "series-scatter3D"
    ],
    "customTags": [],
    "updaterUserName": "飞***燕"
}