{
    "cid": "xoqSlmiSRZ",
    "authorUid": "bd-2030442140",
    "authorUserName": "l***y",
    "title": "伪立体柱状图",
    "description": "很多人都在找的，网上很多伪立体柱状图效果都不太好，要么不立体，要么不能自适应",
    "latestVersion": 51,
    "alwaysLatest": 1,
    "createTime": "2020-05-15T11:25:39.000Z",
    "lastUpdateTime": "2021-09-14T01:03:26.000Z",
    "auth": 1,
    "uid": "bd-2030442140",
    "publishedVersion": 0,
    "forkFrom": "-",
    "isSpam": 0,
    "version": 51,
    "parentVersion": 44,
    "echartsVersion": "4.9.0",
    "versionCreateTime": "2021-09-14T01:03:26.000Z",
    "html": "",
    "externalScripts": "",
    "updaterUID": "ec-gallery-anonymous",
    "theme": "",
    "layout": "",
    "viewCount": 31900,
    "userName": "l***y",
    "commentCount": 7,
    "starCount": 109,
    "isStared": 0,
    "thumbnailURL": "https://www.makeapie.com/ecg-storage/ec_gallery_thumbnail/xoqSlmiSRZ.png?v=1631581407096",
    "isCustomThumbnail": 0,
    "builtinTags": [
        "category-work",
        "grid",
        "series-bar",
        "series-custom",
        "title"
    ],
    "customTags": [
        "柱状图",
        "立体，",
        "立体柱状图"
    ]
}