{
    "cid": "xRHCwW5jq1",
    "authorUid": "bd-3878378063",
    "authorUserName": "為***e",
    "title": "极点+roseType",
    "description": "",
    "latestVersion": 1,
    "alwaysLatest": 1,
    "createTime": "2019-06-21T08:49:46.000Z",
    "lastUpdateTime": "2019-06-21T08:49:46.000Z",
    "auth": 2,
    "uid": "bd-3878378063",
    "publishedVersion": 0,
    "forkFrom": "-",
    "isSpam": 0,
    "version": 1,
    "parentVersion": -1,
    "echartsVersion": "4.2.1",
    "versionCreateTime": "2019-06-21T08:49:46.000Z",
    "html": "",
    "externalScripts": "",
    "updaterUID": "bd-3878378063",
    "theme": "",
    "layout": "",
    "viewCount": 33244,
    "userName": "為***e",
    "commentCount": 0,
    "starCount": 152,
    "isStared": 0,
    "thumbnailURL": "https://www.makeapie.com/ecg-storage/ec_gallery_thumbnail/xRHCwW5jq1.png?v=1561106986708",
    "isCustomThumbnail": 1,
    "builtinTags": [
        "category-work",
        "legend",
        "polar",
        "series-pie",
        "tooltip"
    ],
    "customTags": [],
    "updaterUserName": "為***e"
}