{
    "cid": "xu9Sl6QC5",
    "authorUid": "bd-3882834585",
    "authorUserName": "g***4",
    "title": "象形柱图",
    "description": "",
    "latestVersion": 2,
    "alwaysLatest": 1,
    "createTime": "2020-01-02T06:22:24.000Z",
    "lastUpdateTime": "2020-01-02T06:22:24.000Z",
    "auth": 2,
    "uid": "bd-3882834585",
    "publishedVersion": 0,
    "forkFrom": "-",
    "isSpam": 0,
    "version": 2,
    "parentVersion": 1,
    "echartsVersion": "4.4.0",
    "versionCreateTime": "2020-01-02T06:22:50.000Z",
    "html": "",
    "externalScripts": "",
    "updaterUID": "bd-3882834585",
    "theme": "",
    "layout": "",
    "viewCount": 33935,
    "userName": "g***4",
    "commentCount": 0,
    "starCount": 121,
    "isStared": 0,
    "thumbnailURL": "https://www.makeapie.com/ecg-storage/ec_gallery_thumbnail/xu9Sl6QC5.png?v=1577946144602",
    "isCustomThumbnail": 1,
    "builtinTags": [
        "category-work",
        "grid",
        "series-pictorialBar"
    ],
    "customTags": [],
    "updaterUserName": "g***4"
}