{
    "cid": "xuKTa8K-3L",
    "authorUid": "obd-oDLaYoSFpVa9G-BeKFgryxMT-uYIg1s",
    "authorUserName": "1***8",
    "title": "塔状图",
    "description": "",
    "latestVersion": 3,
    "alwaysLatest": 1,
    "createTime": "2021-01-15T02:14:27.000Z",
    "lastUpdateTime": "2021-01-15T02:14:27.000Z",
    "auth": 2,
    "uid": "obd-oDLaYoSFpVa9G-BeKFgryxMT-uYIg1s",
    "publishedVersion": 0,
    "forkFrom": "-",
    "isSpam": 0,
    "version": 3,
    "parentVersion": 2,
    "echartsVersion": "4.8.0",
    "versionCreateTime": "2021-01-15T02:29:20.000Z",
    "html": "",
    "externalScripts": "",
    "updaterUID": "obd-oDLaYoSFpVa9G-BeKFgryxMT-uYIg1s",
    "theme": "",
    "layout": "",
    "viewCount": 253,
    "userName": "1***8",
    "commentCount": 0,
    "starCount": 59,
    "isStared": 0,
    "thumbnailURL": "https://www.makeapie.com/ecg-storage/ec_gallery_thumbnail/xuKTa8K-3L.png?v=1610677760293",
    "isCustomThumbnail": 0,
    "builtinTags": [
        "category-work",
        "grid",
        "series-bar",
        "series-pictorialBar",
        "tooltip"
    ],
    "customTags": [],
    "updaterUserName": "1***8"
}