{
    "cid": "xyqMtbahqc",
    "authorUid": "obd-oEww4z3waAVPnr2YlV0RhGC97yM0B4K",
    "authorUserName": "s***6",
    "title": "热词   随机颜色动态显示",
    "description": "热词圆形显示    颜色可随机  ",
    "latestVersion": 1,
    "alwaysLatest": 0,
    "createTime": "2021-04-29T01:20:00.000Z",
    "lastUpdateTime": "2021-04-29T01:20:00.000Z",
    "auth": 2,
    "uid": "obd-oEww4z3waAVPnr2YlV0RhGC97yM0B4K",
    "publishedVersion": 0,
    "forkFrom": "-",
    "isSpam": 0,
    "version": 1,
    "parentVersion": -1,
    "echartsVersion": "5.1.1",
    "versionCreateTime": "2021-04-29T01:20:00.000Z",
    "html": "",
    "externalScripts": "",
    "updaterUID": "obd-oEww4z3waAVPnr2YlV0RhGC97yM0B4K",
    "theme": "",
    "layout": "",
    "viewCount": 0,
    "userName": "s***6",
    "commentCount": 0,
    "starCount": 52,
    "isStared": 0,
    "thumbnailURL": "https://www.makeapie.com/ecg-storage/ec_gallery_thumbnail/xyqMtbahqc.png?v=1619659201021",
    "isCustomThumbnail": 0,
    "builtinTags": [
        "category-work",
        "series-graph",
        "title",
        "toolbox"
    ],
    "customTags": [],
    "updaterUserName": "s***6"
}