{
    "cid": "x22TVoDrO4",
    "authorUid": "obd-oE17WSS2LCqiUxej9fKOdqQf_bxxZ4O",
    "authorUserName": "q***6",
    "title": "",
    "description": "",
    "latestVersion": 6,
    "alwaysLatest": 1,
    "createTime": "2020-08-17T03:50:29.000Z",
    "lastUpdateTime": "2020-08-17T03:50:29.000Z",
    "auth": 2,
    "uid": "obd-oE17WSS2LCqiUxej9fKOdqQf_bxxZ4O",
    "publishedVersion": 0,
    "forkFrom": "-",
    "isSpam": 0,
    "version": 6,
    "parentVersion": 5,
    "echartsVersion": "4.8.0",
    "versionCreateTime": "2020-08-17T05:51:06.000Z",
    "html": "",
    "externalScripts": "",
    "updaterUID": "obd-oE17WSS2LCqiUxej9fKOdqQf_bxxZ4O",
    "theme": "",
    "layout": "",
    "viewCount": 423,
    "userName": "q***6",
    "commentCount": 0,
    "starCount": 2,
    "isStared": 0,
    "thumbnailURL": "https://www.makeapie.com/ecg-storage/ec_gallery_thumbnail/x22TVoDrO4.png?v=1597643466920",
    "isCustomThumbnail": 0,
    "builtinTags": [
        "category-work",
        "grid",
        "series-pie"
    ],
    "customTags": [],
    "updaterUserName": "q***6"
}