{
    "cid": "x5QTPeXmjq",
    "authorUid": "obd-ojCkNXchMZnGICIMD7ecH8hdnDusoEA",
    "authorUserName": "173******90",
    "title": "散点图",
    "description": "",
    "latestVersion": 1,
    "alwaysLatest": 1,
    "createTime": "2020-08-14T13:12:43.000Z",
    "lastUpdateTime": "2020-08-14T13:12:43.000Z",
    "auth": 2,
    "uid": "obd-ojCkNXchMZnGICIMD7ecH8hdnDusoEA",
    "publishedVersion": 0,
    "forkFrom": "-",
    "isSpam": 0,
    "version": 1,
    "parentVersion": -1,
    "echartsVersion": "4.8.0",
    "versionCreateTime": "2020-08-14T13:12:43.000Z",
    "html": "",
    "externalScripts": "",
    "updaterUID": "obd-ojCkNXchMZnGICIMD7ecH8hdnDusoEA",
    "theme": "",
    "layout": "",
    "viewCount": 349,
    "userName": "173******90",
    "commentCount": 0,
    "starCount": 1,
    "isStared": 0,
    "thumbnailURL": "https://www.makeapie.com/ecg-storage/ec_gallery_thumbnail/x5QTPeXmjq.png?v=1597410763471",
    "isCustomThumbnail": 0,
    "builtinTags": [
        "category-work",
        "grid",
        "legend",
        "series-scatter"
    ],
    "customTags": [],
    "updaterUserName": "173******90"
}