{
    "cid": "xB_A7sXO4g",
    "authorUid": "obd-oE17WSS2LCqiUxej9fKOdqQf_bxxZ4O",
    "authorUserName": "q***6",
    "title": "",
    "description": "",
    "latestVersion": 2,
    "alwaysLatest": 1,
    "createTime": "2020-08-17T08:22:10.000Z",
    "lastUpdateTime": "2020-08-17T08:22:10.000Z",
    "auth": 2,
    "uid": "obd-oE17WSS2LCqiUxej9fKOdqQf_bxxZ4O",
    "publishedVersion": 0,
    "forkFrom": "-",
    "isSpam": 0,
    "version": 2,
    "parentVersion": 1,
    "echartsVersion": "4.8.0",
    "versionCreateTime": "2020-08-17T11:16:41.000Z",
    "html": "",
    "externalScripts": "",
    "updaterUID": "obd-oE17WSS2LCqiUxej9fKOdqQf_bxxZ4O",
    "theme": "",
    "layout": "",
    "viewCount": 141,
    "userName": "q***6",
    "commentCount": 0,
    "starCount": 0,
    "isStared": 0,
    "thumbnailURL": "https://www.makeapie.com/ecg-storage/ec_gallery_thumbnail/xB_A7sXO4g.png?v=1597663001818",
    "isCustomThumbnail": 0,
    "builtinTags": [
        "category-work",
        "polar",
        "series-bar",
        "tooltip"
    ],
    "customTags": [],
    "updaterUserName": "q***6"
}