{
    "cid": "xbJ2_a1z85",
    "authorUid": "obd-oP6yJI7kyijvh0Vw37m6H-NpCRGKj9V",
    "authorUserName": "h***年",
    "title": "温度",
    "description": "",
    "latestVersion": 1,
    "alwaysLatest": 1,
    "createTime": "2020-08-14T08:54:19.000Z",
    "lastUpdateTime": "2020-08-14T08:54:19.000Z",
    "auth": 2,
    "uid": "obd-oP6yJI7kyijvh0Vw37m6H-NpCRGKj9V",
    "publishedVersion": 0,
    "forkFrom": "-",
    "isSpam": 0,
    "version": 1,
    "parentVersion": -1,
    "echartsVersion": "4.8.0",
    "versionCreateTime": "2020-08-14T08:54:19.000Z",
    "html": "",
    "externalScripts": "",
    "updaterUID": "obd-oP6yJI7kyijvh0Vw37m6H-NpCRGKj9V",
    "theme": "",
    "layout": "",
    "viewCount": 359,
    "userName": "h***年",
    "commentCount": 0,
    "starCount": 3,
    "isStared": 0,
    "thumbnailURL": "https://www.makeapie.com/ecg-storage/ec_gallery_thumbnail/xbJ2_a1z85.png?v=1597395259356",
    "isCustomThumbnail": 0,
    "builtinTags": [
        "category-work",
        "series-gauge",
        "tooltip"
    ],
    "customTags": [],
    "updaterUserName": "h***年"
}