{
    "cid": "xcXHHM6M98",
    "authorUid": "obd-oFGGHOD2u9iFyLYItMxmncN9QSJZS5n",
    "authorUserName": "儒***游",
    "title": "Awesome Chart",
    "description": "",
    "latestVersion": 2,
    "alwaysLatest": 1,
    "createTime": "2020-08-14T16:01:42.000Z",
    "lastUpdateTime": "2020-08-14T16:01:42.000Z",
    "auth": 2,
    "uid": "obd-oFGGHOD2u9iFyLYItMxmncN9QSJZS5n",
    "publishedVersion": 0,
    "forkFrom": "-",
    "isSpam": 0,
    "version": 2,
    "parentVersion": 1,
    "echartsVersion": "4.8.0",
    "versionCreateTime": "2020-08-14T16:23:55.000Z",
    "html": "",
    "externalScripts": "",
    "updaterUID": "obd-oFGGHOD2u9iFyLYItMxmncN9QSJZS5n",
    "theme": "",
    "layout": "",
    "viewCount": 42,
    "userName": "儒***游",
    "commentCount": 0,
    "starCount": 1,
    "isStared": 0,
    "thumbnailURL": "https://www.makeapie.com/ecg-storage/ec_gallery_thumbnail/xcXHHM6M98.png?v=1597422235398",
    "isCustomThumbnail": 0,
    "builtinTags": [
        "category-work",
        "grid",
        "series-line",
        "title"
    ],
    "customTags": [],
    "updaterUserName": "儒***游"
}