{
    "cid": "xEtKBlOYf4",
    "authorUid": "obd-oCXcyPuzu5FKR0sIDwh3Tu_r7s61y3x",
    "authorUserName": "h***笙",
    "title": "“设备实行情况” - 驻马店市",
    "description": "自定义上传json文件，修改地理坐标，可做本地市区分析展示",
    "latestVersion": 1,
    "alwaysLatest": 1,
    "createTime": "2020-08-15T01:01:01.000Z",
    "lastUpdateTime": "2020-08-15T01:01:01.000Z",
    "auth": 2,
    "uid": "obd-oCXcyPuzu5FKR0sIDwh3Tu_r7s61y3x",
    "publishedVersion": 0,
    "forkFrom": "-",
    "isSpam": 0,
    "version": 1,
    "parentVersion": -1,
    "echartsVersion": "4.8.0",
    "versionCreateTime": "2020-08-15T01:01:01.000Z",
    "html": "",
    "externalScripts": "http://mc3mc3.applinzi.com/map/jquery-3.4.1.js",
    "updaterUID": "obd-oCXcyPuzu5FKR0sIDwh3Tu_r7s61y3x",
    "theme": "",
    "layout": "",
    "viewCount": 8640,
    "userName": "h***笙",
    "commentCount": 0,
    "starCount": 8,
    "isStared": 0,
    "thumbnailURL": "https://www.makeapie.com/ecg-storage/ec_gallery_thumbnail/xEtKBlOYf4.png?v=1597453261935",
    "isCustomThumbnail": 0,
    "builtinTags": [
        "category-work",
        "geo",
        "legend",
        "series-map",
        "series-scatter",
        "title",
        "tooltip",
        "visualMap"
    ],
    "customTags": [],
    "updaterUserName": "h***笙"
}