{
    "cid": "xHuGCNnkbF",
    "authorUid": "obd-oCGnck_WqUyz4f6cTCUJy1HORdiw-3s",
    "authorUserName": "暗***溪",
    "title": "间隔热力图",
    "description": "",
    "latestVersion": 1,
    "alwaysLatest": 1,
    "createTime": "2020-08-14T07:43:04.000Z",
    "lastUpdateTime": "2020-08-14T07:43:04.000Z",
    "auth": 2,
    "uid": "obd-oCGnck_WqUyz4f6cTCUJy1HORdiw-3s",
    "publishedVersion": 0,
    "forkFrom": "-",
    "isSpam": 0,
    "version": 1,
    "parentVersion": -1,
    "echartsVersion": "4.8.0",
    "versionCreateTime": "2020-08-14T07:43:04.000Z",
    "html": "",
    "externalScripts": "",
    "updaterUID": "obd-oCGnck_WqUyz4f6cTCUJy1HORdiw-3s",
    "theme": "",
    "layout": "",
    "viewCount": 712,
    "userName": "暗***溪",
    "commentCount": 0,
    "starCount": 3,
    "isStared": 0,
    "thumbnailURL": "https://www.makeapie.com/ecg-storage/ec_gallery_thumbnail/xHuGCNnkbF.png?v=1597390984705",
    "isCustomThumbnail": 0,
    "builtinTags": [
        "category-work",
        "grid",
        "series-heatmap",
        "tooltip",
        "visualMap"
    ],
    "customTags": [],
    "updaterUserName": "暗***溪"
}