{
    "cid": "xKZSzuJjZ7",
    "authorUid": "obd-o0e96aNrnpG57R5hoNAq1ZGIJuu7oFN",
    "authorUserName": "H***黑",
    "title": "维修完成详情",
    "description": "无~",
    "latestVersion": 1,
    "alwaysLatest": 1,
    "createTime": "2020-08-15T08:21:45.000Z",
    "lastUpdateTime": "2020-08-15T08:21:45.000Z",
    "auth": 2,
    "uid": "obd-o0e96aNrnpG57R5hoNAq1ZGIJuu7oFN",
    "publishedVersion": 0,
    "forkFrom": "-",
    "isSpam": 0,
    "version": 1,
    "parentVersion": -1,
    "echartsVersion": "4.8.0",
    "versionCreateTime": "2020-08-15T08:21:45.000Z",
    "html": "",
    "externalScripts": "",
    "updaterUID": "obd-o0e96aNrnpG57R5hoNAq1ZGIJuu7oFN",
    "theme": "",
    "layout": "",
    "viewCount": 184,
    "userName": "H***黑",
    "commentCount": 0,
    "starCount": 3,
    "isStared": 0,
    "thumbnailURL": "https://www.makeapie.com/ecg-storage/ec_gallery_thumbnail/xKZSzuJjZ7.png?v=1597479705444",
    "isCustomThumbnail": 0,
    "builtinTags": [
        "category-work",
        "series-gauge",
        "title"
    ],
    "customTags": [],
    "updaterUserName": "H***黑"
}