{
    "cid": "xm2RKd1h0k",
    "authorUid": "obd-oFGGHOD2u9iFyLYItMxmncN9QSJZS5n",
    "authorUserName": "儒***游",
    "title": "使用多个x轴重叠-1",
    "description": "",
    "latestVersion": 1,
    "alwaysLatest": 1,
    "createTime": "2020-08-14T15:18:54.000Z",
    "lastUpdateTime": "2020-08-14T15:18:54.000Z",
    "auth": 1,
    "uid": "obd-oFGGHOD2u9iFyLYItMxmncN9QSJZS5n",
    "publishedVersion": 0,
    "forkFrom": "-",
    "isSpam": 0,
    "version": 1,
    "parentVersion": -1,
    "echartsVersion": "4.8.0",
    "versionCreateTime": "2020-08-14T15:18:54.000Z",
    "html": "",
    "externalScripts": "",
    "updaterUID": "obd-oFGGHOD2u9iFyLYItMxmncN9QSJZS5n",
    "theme": "",
    "layout": "",
    "viewCount": 312,
    "userName": "儒***游",
    "commentCount": 0,
    "starCount": 3,
    "isStared": 0,
    "thumbnailURL": "https://www.makeapie.com/ecg-storage/ec_gallery_thumbnail/xm2RKd1h0k.png?v=1597418334400",
    "isCustomThumbnail": 0,
    "builtinTags": [
        "category-work",
        "grid",
        "legend",
        "series-bar",
        "title"
    ],
    "customTags": [],
    "updaterUserName": "儒***游"
}