{
    "cid": "xr7qszmOlO",
    "authorUid": "obd-olRfFA5IF-Y7H92oEjE6M2poQh6UA08",
    "authorUserName": "逍***心",
    "title": "可拖拽的折线柱状图",
    "description": "",
    "latestVersion": 1,
    "alwaysLatest": 1,
    "createTime": "2020-08-15T02:30:57.000Z",
    "lastUpdateTime": "2020-08-15T02:30:57.000Z",
    "auth": 2,
    "uid": "obd-olRfFA5IF-Y7H92oEjE6M2poQh6UA08",
    "publishedVersion": 0,
    "forkFrom": "-",
    "isSpam": 0,
    "version": 1,
    "parentVersion": -1,
    "echartsVersion": "4.8.0",
    "versionCreateTime": "2020-08-15T02:30:57.000Z",
    "html": "",
    "externalScripts": "",
    "updaterUID": "obd-olRfFA5IF-Y7H92oEjE6M2poQh6UA08",
    "theme": "",
    "layout": "",
    "viewCount": 167,
    "userName": "逍***心",
    "commentCount": 0,
    "starCount": 0,
    "isStared": 0,
    "thumbnailURL": "https://www.makeapie.com/ecg-storage/ec_gallery_thumbnail/xr7qszmOlO.png?v=1597458658102",
    "isCustomThumbnail": 0,
    "builtinTags": [
        "category-work",
        "dataZoom",
        "graphic",
        "grid",
        "series-bar",
        "series-line",
        "tooltip"
    ],
    "customTags": [],
    "updaterUserName": "逍***心"
}