{
    "cid": "xRSvaHiGPC",
    "authorUid": "obd-oCGnck_WqUyz4f6cTCUJy1HORdiw-3s",
    "authorUserName": "暗***溪",
    "title": "单元环百分比",
    "description": "",
    "latestVersion": 1,
    "alwaysLatest": 1,
    "createTime": "2020-08-14T09:58:06.000Z",
    "lastUpdateTime": "2020-08-14T09:58:06.000Z",
    "auth": 2,
    "uid": "obd-oCGnck_WqUyz4f6cTCUJy1HORdiw-3s",
    "publishedVersion": 0,
    "forkFrom": "-",
    "isSpam": 0,
    "version": 1,
    "parentVersion": -1,
    "echartsVersion": "4.8.0",
    "versionCreateTime": "2020-08-14T09:58:06.000Z",
    "html": "",
    "externalScripts": "",
    "updaterUID": "obd-oCGnck_WqUyz4f6cTCUJy1HORdiw-3s",
    "theme": "",
    "layout": "",
    "viewCount": 85,
    "userName": "暗***溪",
    "commentCount": 0,
    "starCount": 2,
    "isStared": 0,
    "thumbnailURL": "https://www.makeapie.com/ecg-storage/ec_gallery_thumbnail/xRSvaHiGPC.png?v=1597399086424",
    "isCustomThumbnail": 0,
    "builtinTags": [
        "category-work",
        "polar",
        "series-bar",
        "title"
    ],
    "customTags": [],
    "updaterUserName": "暗***溪"
}