{
    "cid": "xrvoaIMY4w",
    "authorUid": "obd-oAcFlMOXC46SjxCK4GaDywFhSlolu7U",
    "authorUserName": "暮***师",
    "title": "海信集团各领域数据治理现状分析",
    "description": "",
    "latestVersion": 4,
    "alwaysLatest": 1,
    "createTime": "2020-08-14T07:50:42.000Z",
    "lastUpdateTime": "2020-08-14T07:50:42.000Z",
    "auth": 2,
    "uid": "obd-oAcFlMOXC46SjxCK4GaDywFhSlolu7U",
    "publishedVersion": 0,
    "forkFrom": "-",
    "isSpam": 0,
    "version": 4,
    "parentVersion": 3,
    "echartsVersion": "4.8.0",
    "versionCreateTime": "2020-08-14T08:38:16.000Z",
    "html": "",
    "externalScripts": "",
    "updaterUID": "obd-oAcFlMOXC46SjxCK4GaDywFhSlolu7U",
    "theme": "",
    "layout": "",
    "viewCount": 316,
    "userName": "暮***师",
    "commentCount": 0,
    "starCount": 1,
    "isStared": 0,
    "thumbnailURL": "https://www.makeapie.com/ecg-storage/ec_gallery_thumbnail/xrvoaIMY4w.png?v=1597394296906",
    "isCustomThumbnail": 0,
    "builtinTags": [
        "category-work",
        "legend",
        "radar",
        "series-radar",
        "title",
        "tooltip"
    ],
    "customTags": [],
    "updaterUserName": "暮***师"
}