{
    "cid": "xry2OOHXeI",
    "authorUid": "obd-o-FeFmq-QaWycb5fqwh8s5Jk1P-toAT",
    "authorUserName": "冷***S",
    "title": "福建省3D",
    "description": "",
    "latestVersion": 5,
    "alwaysLatest": 1,
    "createTime": "2020-08-14T03:32:17.000Z",
    "lastUpdateTime": "2020-08-14T03:32:17.000Z",
    "auth": 2,
    "uid": "obd-o-FeFmq-QaWycb5fqwh8s5Jk1P-toAT",
    "publishedVersion": 0,
    "forkFrom": "-",
    "isSpam": 0,
    "version": 5,
    "parentVersion": 4,
    "echartsVersion": "4.8.0",
    "versionCreateTime": "2020-08-14T04:12:35.000Z",
    "html": "",
    "externalScripts": "",
    "updaterUID": "obd-o-FeFmq-QaWycb5fqwh8s5Jk1P-toAT",
    "theme": "",
    "layout": "",
    "viewCount": 2390,
    "userName": "冷***S",
    "commentCount": 0,
    "starCount": 3,
    "isStared": 0,
    "thumbnailURL": "https://www.makeapie.com/ecg-storage/ec_gallery_thumbnail/xry2OOHXeI.png?v=1597378355982",
    "isCustomThumbnail": 0,
    "builtinTags": [
        "category-work",
        "geo",
        "series-effectScatter",
        "series-map",
        "title"
    ],
    "customTags": [],
    "updaterUserName": "冷***S"
}