{
    "cid": "xs0XKsrky-",
    "authorUid": "obd-o2nqRuxLCsX9eTsGo-8aQ8CYAS5ro6D",
    "authorUserName": "z***8",
    "title": "横向柱状图双数据",
    "description": "横向柱状图双数据",
    "latestVersion": 1,
    "alwaysLatest": 1,
    "createTime": "2020-08-14T05:54:20.000Z",
    "lastUpdateTime": "2020-08-14T05:54:20.000Z",
    "auth": 2,
    "uid": "obd-o2nqRuxLCsX9eTsGo-8aQ8CYAS5ro6D",
    "publishedVersion": 0,
    "forkFrom": "-",
    "isSpam": 0,
    "version": 1,
    "parentVersion": -1,
    "echartsVersion": "4.8.0",
    "versionCreateTime": "2020-08-14T05:54:20.000Z",
    "html": "",
    "externalScripts": "",
    "updaterUID": "obd-o2nqRuxLCsX9eTsGo-8aQ8CYAS5ro6D",
    "theme": "",
    "layout": "",
    "viewCount": 265,
    "userName": "z***8",
    "commentCount": 0,
    "starCount": 5,
    "isStared": 0,
    "thumbnailURL": "https://www.makeapie.com/ecg-storage/ec_gallery_thumbnail/xs0XKsrky-.png?v=1597384461068",
    "isCustomThumbnail": 0,
    "builtinTags": [
        "category-work",
        "grid",
        "legend",
        "series-bar"
    ],
    "customTags": [],
    "updaterUserName": "z***8"
}