{
    "cid": "xStIN9oXQK",
    "authorUid": "obd-ojnM7wiuVS0JUGLoth7my2F-AwsMoDp",
    "authorUserName": "艾***利",
    "title": "饼图12",
    "description": "123",
    "latestVersion": 1,
    "alwaysLatest": 1,
    "createTime": "2020-08-14T06:27:10.000Z",
    "lastUpdateTime": "2020-08-14T06:27:10.000Z",
    "auth": 2,
    "uid": "obd-ojnM7wiuVS0JUGLoth7my2F-AwsMoDp",
    "publishedVersion": 0,
    "forkFrom": "-",
    "isSpam": 0,
    "version": 1,
    "parentVersion": -1,
    "echartsVersion": "4.8.0",
    "versionCreateTime": "2020-08-14T06:27:10.000Z",
    "html": "",
    "externalScripts": "",
    "updaterUID": "obd-ojnM7wiuVS0JUGLoth7my2F-AwsMoDp",
    "theme": "",
    "layout": "",
    "viewCount": 253,
    "userName": "艾***利",
    "commentCount": 0,
    "starCount": 3,
    "isStared": 0,
    "thumbnailURL": "https://www.makeapie.com/ecg-storage/ec_gallery_thumbnail/xStIN9oXQK.png?v=1597386430873",
    "isCustomThumbnail": 0,
    "builtinTags": [
        "category-work",
        "series-pie",
        "title",
        "tooltip"
    ],
    "customTags": [
        "饼图"
    ],
    "updaterUserName": "艾***利"
}