{
    "cid": "x7UqKnXWXg",
    "authorUid": "bd-535635155",
    "authorUserName": "z***7",
    "title": "双x",
    "description": "",
    "latestVersion": 2,
    "alwaysLatest": 0,
    "createTime": "2021-11-08T11:51:35.000Z",
    "lastUpdateTime": "2021-11-10T07:42:38.000Z",
    "auth": 2,
    "uid": "bd-535635155",
    "publishedVersion": 0,
    "forkFrom": "-",
    "isSpam": 0,
    "version": 2,
    "parentVersion": 1,
    "echartsVersion": "5.2.2",
    "versionCreateTime": "2021-11-10T07:42:38.000Z",
    "html": "",
    "externalScripts": "",
    "updaterUID": "bd-535635155",
    "theme": "",
    "layout": "",
    "viewCount": 0,
    "userName": "z***7",
    "commentCount": 0,
    "starCount": 1,
    "isStared": 0,
    "thumbnailURL": "https://www.makeapie.com/ecg-storage/ec_gallery_thumbnail/x7UqKnXWXg.png?v=1636530158511",
    "isCustomThumbnail": 0,
    "builtinTags": [
        "category-work",
        "dataZoom",
        "grid",
        "legend",
        "series-line",
        "tooltip"
    ],
    "customTags": [],
    "updaterUserName": "z***7"
}