{
    "cid": "x81WZ1fx35",
    "authorUid": "obd-olGpG1LaGLBVmc70-ev4RdeVccyJ60K",
    "authorUserName": "七***弟",
    "title": "柱状图",
    "description": "",
    "latestVersion": 4,
    "alwaysLatest": 0,
    "createTime": "2021-11-08T06:19:22.000Z",
    "lastUpdateTime": "2021-11-08T09:30:25.000Z",
    "auth": 2,
    "uid": "obd-olGpG1LaGLBVmc70-ev4RdeVccyJ60K",
    "publishedVersion": 0,
    "forkFrom": "-",
    "isSpam": 0,
    "version": 4,
    "parentVersion": 3,
    "echartsVersion": "5.2.2",
    "versionCreateTime": "2021-11-08T09:30:25.000Z",
    "html": "",
    "externalScripts": "",
    "updaterUID": "obd-olGpG1LaGLBVmc70-ev4RdeVccyJ60K",
    "theme": "",
    "layout": "",
    "viewCount": 0,
    "userName": "七***弟",
    "commentCount": 0,
    "starCount": 1,
    "isStared": 0,
    "thumbnailURL": "https://www.makeapie.com/ecg-storage/ec_gallery_thumbnail/x81WZ1fx35.png?v=1636363825258",
    "isCustomThumbnail": 0,
    "builtinTags": [
        "category-work",
        "grid",
        "series-bar",
        "tooltip"
    ],
    "customTags": [],
    "updaterUserName": "七***弟"
}