{
    "cid": "xazN5tiiwi",
    "authorUid": "obd-o-3e2nRCEhhcnfo8QAXK1R9OlIryYAM",
    "authorUserName": "哎***了",
    "title": "阶梯折线图，",
    "description": "修改拐点样式",
    "latestVersion": 1,
    "alwaysLatest": 1,
    "createTime": "2021-11-08T08:55:13.000Z",
    "lastUpdateTime": "2021-11-08T08:55:13.000Z",
    "auth": 2,
    "uid": "obd-o-3e2nRCEhhcnfo8QAXK1R9OlIryYAM",
    "publishedVersion": 0,
    "forkFrom": "-",
    "isSpam": 0,
    "version": 1,
    "parentVersion": -1,
    "echartsVersion": "5.2.2",
    "versionCreateTime": "2021-11-08T08:55:13.000Z",
    "html": "",
    "externalScripts": "",
    "updaterUID": "obd-o-3e2nRCEhhcnfo8QAXK1R9OlIryYAM",
    "theme": "",
    "layout": "",
    "viewCount": 0,
    "userName": "哎***了",
    "commentCount": 0,
    "starCount": 0,
    "isStared": 0,
    "thumbnailURL": "https://www.makeapie.com/ecg-storage/ec_gallery_thumbnail/xazN5tiiwi.png?v=1636361713785",
    "isCustomThumbnail": 0,
    "builtinTags": [
        "category-work",
        "grid",
        "legend",
        "series-line"
    ],
    "customTags": [],
    "updaterUserName": "哎***了"
}