{
    "cid": "xCefJEgEiP",
    "authorUid": "obd-oN72xHJXQNm1DmoSVmwAz4Ryg0qQNCX",
    "authorUserName": "来***思",
    "title": "高校专利运用",
    "description": "",
    "latestVersion": 1,
    "alwaysLatest": 0,
    "createTime": "2021-11-08T10:37:08.000Z",
    "lastUpdateTime": "2021-11-08T10:37:08.000Z",
    "auth": 1,
    "uid": "obd-oN72xHJXQNm1DmoSVmwAz4Ryg0qQNCX",
    "publishedVersion": 0,
    "forkFrom": "-",
    "isSpam": 0,
    "version": 1,
    "parentVersion": -1,
    "echartsVersion": "5.2.2",
    "versionCreateTime": "2021-11-08T10:37:08.000Z",
    "html": "",
    "externalScripts": "",
    "updaterUID": "obd-oN72xHJXQNm1DmoSVmwAz4Ryg0qQNCX",
    "theme": "",
    "layout": "",
    "viewCount": 0,
    "userName": "来***思",
    "commentCount": 0,
    "starCount": 1,
    "isStared": 0,
    "thumbnailURL": "https://www.makeapie.com/ecg-storage/ec_gallery_thumbnail/xCefJEgEiP.png?v=1636367828645",
    "isCustomThumbnail": 0,
    "builtinTags": [
        "category-work",
        "grid",
        "legend",
        "series-bar",
        "tooltip"
    ],
    "customTags": [],
    "updaterUserName": "来***思"
}