{
    "cid": "xgKx8RFlkp",
    "authorUid": "obd-o2pqduIJs9_1vxwcTdu4Dqw6pZ8Vk61",
    "authorUserName": "跟***哒",
    "title": "ttest",
    "description": "",
    "latestVersion": 3,
    "alwaysLatest": 0,
    "createTime": "2021-11-08T07:12:42.000Z",
    "lastUpdateTime": "2021-11-08T08:27:36.000Z",
    "auth": 2,
    "uid": "obd-o2pqduIJs9_1vxwcTdu4Dqw6pZ8Vk61",
    "publishedVersion": 0,
    "forkFrom": "-",
    "isSpam": 0,
    "version": 3,
    "parentVersion": 2,
    "echartsVersion": "5.2.2",
    "versionCreateTime": "2021-11-08T08:27:36.000Z",
    "html": "",
    "externalScripts": "",
    "updaterUID": "obd-o2pqduIJs9_1vxwcTdu4Dqw6pZ8Vk61",
    "theme": "",
    "layout": "",
    "viewCount": 0,
    "userName": "跟***哒",
    "commentCount": 1,
    "starCount": 5,
    "isStared": 0,
    "thumbnailURL": "https://www.makeapie.com/ecg-storage/ec_gallery_thumbnail/xgKx8RFlkp.png?v=1636360056535",
    "isCustomThumbnail": 0,
    "builtinTags": [
        "category-work",
        "grid",
        "series-bar",
        "series-custom",
        "title"
    ],
    "customTags": [],
    "updaterUserName": "跟***哒"
}