{
    "cid": "xJpkyjFD9T",
    "authorUid": "bd-899322333",
    "authorUserName": "139*****254",
    "title": "检查任务数据",
    "description": "",
    "latestVersion": 2,
    "alwaysLatest": 0,
    "createTime": "2021-11-08T07:03:56.000Z",
    "lastUpdateTime": "2021-11-08T07:21:35.000Z",
    "auth": 2,
    "uid": "bd-899322333",
    "publishedVersion": 0,
    "forkFrom": "-",
    "isSpam": 0,
    "version": 2,
    "parentVersion": 1,
    "echartsVersion": "5.2.2",
    "versionCreateTime": "2021-11-08T07:21:35.000Z",
    "html": "",
    "externalScripts": "",
    "updaterUID": "bd-899322333",
    "theme": "",
    "layout": "",
    "viewCount": 0,
    "userName": "139*****254",
    "commentCount": 0,
    "starCount": 1,
    "isStared": 0,
    "thumbnailURL": "https://www.makeapie.com/ecg-storage/ec_gallery_thumbnail/xJpkyjFD9T.png?v=1636356095297",
    "isCustomThumbnail": 0,
    "builtinTags": [
        "category-work",
        "legend",
        "series-pie",
        "tooltip"
    ],
    "customTags": [],
    "updaterUserName": "139*****254"
}