{
    "cid": "xNguFjy-rH",
    "authorUid": "obd-oCShU4_h1_MRDgYsmGGGtKmFk6Es93f",
    "authorUserName": "130******38",
    "title": "柱状图",
    "description": "自定义提示文字",
    "latestVersion": 2,
    "alwaysLatest": 0,
    "createTime": "2021-11-08T07:16:19.000Z",
    "lastUpdateTime": "2021-11-08T10:02:39.000Z",
    "auth": 2,
    "uid": "obd-oCShU4_h1_MRDgYsmGGGtKmFk6Es93f",
    "publishedVersion": 0,
    "forkFrom": "-",
    "isSpam": 0,
    "version": 2,
    "parentVersion": 1,
    "echartsVersion": "5.2.2",
    "versionCreateTime": "2021-11-08T10:02:40.000Z",
    "html": "",
    "externalScripts": "",
    "updaterUID": "obd-oCShU4_h1_MRDgYsmGGGtKmFk6Es93f",
    "theme": "",
    "layout": "",
    "viewCount": 0,
    "userName": "130******38",
    "commentCount": 0,
    "starCount": 3,
    "isStared": 0,
    "thumbnailURL": "https://www.makeapie.com/ecg-storage/ec_gallery_thumbnail/xNguFjy-rH.png?v=1636365760107",
    "isCustomThumbnail": 0,
    "builtinTags": [
        "category-work",
        "grid",
        "series-bar",
        "title"
    ],
    "customTags": [],
    "updaterUserName": "130******38"
}