{
    "cid": "xw4BL2Mq6R",
    "authorUid": "obd-o-aCWJAoN50TiLm9Y8hAL3rZY4O4qAy",
    "authorUserName": "流***星",
    "title": "XXX干旱指数面积统计(VCI)",
    "description": "重写了饼图的legend",
    "latestVersion": 1,
    "alwaysLatest": 0,
    "createTime": "2021-11-08T02:41:59.000Z",
    "lastUpdateTime": "2021-11-08T02:41:59.000Z",
    "auth": 2,
    "uid": "obd-o-aCWJAoN50TiLm9Y8hAL3rZY4O4qAy",
    "publishedVersion": 0,
    "forkFrom": "-",
    "isSpam": 0,
    "version": 1,
    "parentVersion": -1,
    "echartsVersion": "5.2.2",
    "versionCreateTime": "2021-11-08T02:41:59.000Z",
    "html": "",
    "externalScripts": "",
    "updaterUID": "obd-o-aCWJAoN50TiLm9Y8hAL3rZY4O4qAy",
    "theme": "",
    "layout": "",
    "viewCount": 0,
    "userName": "流***星",
    "commentCount": 0,
    "starCount": 1,
    "isStared": 0,
    "thumbnailURL": "https://www.makeapie.com/ecg-storage/ec_gallery_thumbnail/xw4BL2Mq6R.png?v=1636339319198",
    "isCustomThumbnail": 0,
    "builtinTags": [
        "category-work",
        "legend",
        "series-pie",
        "title",
        "tooltip"
    ],
    "customTags": [],
    "updaterUserName": "流***星"
}