{
    "cid": "xH1vI4KUqg",
    "authorUid": "bd-1610942177",
    "authorUserName": "i***t",
    "title": "苏州企业招聘分布",
    "description": "",
    "latestVersion": 5,
    "alwaysLatest": 1,
    "createTime": "2017-03-03T05:51:10.000Z",
    "lastUpdateTime": "2017-03-03T05:51:10.000Z",
    "auth": 2,
    "uid": "bd-1610942177",
    "publishedVersion": 0,
    "forkFrom": "-",
    "isSpam": 0,
    "version": 5,
    "parentVersion": 4,
    "echartsVersion": "3.5.3",
    "versionCreateTime": "2017-04-24T06:54:09.000Z",
    "html": "",
    "externalScripts": "/dep/echarts/latest/extension/bmap.min.js,http://api.map.baidu.com/api?v=2.0&ak=ZUONbpqGBsYGXNIYHicvbAbM",
    "updaterUID": "bd-1610942177",
    "theme": "",
    "layout": "",
    "viewCount": 11679,
    "userName": "i***t",
    "commentCount": 9,
    "starCount": 37,
    "isStared": 0,
    "thumbnailURL": "https://www.makeapie.com/ecg-storage/ec_gallery_thumbnail/xH1vI4KUqg.png?v=1488520273007",
    "isCustomThumbnail": 1,
    "builtinTags": [
        "category-work"
    ],
    "customTags": [
        "百度地图"
    ],
    "updaterUserName": "i***t"
}