{
    "cid": "xHJ9nMN4cg",
    "authorUid": "bd-1195124638",
    "authorUserName": "你***毛",
    "title": "SCI国家数据频率2",
    "description": "世界分布图",
    "latestVersion": 3,
    "alwaysLatest": 1,
    "createTime": "2017-03-01T11:38:26.000Z",
    "lastUpdateTime": "2017-03-01T11:38:26.000Z",
    "auth": 2,
    "uid": "bd-1195124638",
    "publishedVersion": 0,
    "forkFrom": "-",
    "isSpam": 0,
    "version": 3,
    "parentVersion": 1,
    "echartsVersion": "3.4.0",
    "versionCreateTime": "2017-03-02T13:23:24.000Z",
    "html": "",
    "externalScripts": "/dep/echarts/map/js/world.js ",
    "updaterUID": "bd-1195124638",
    "theme": "",
    "layout": "",
    "viewCount": 1479,
    "userName": "你***毛",
    "commentCount": 0,
    "starCount": 3,
    "isStared": 0,
    "thumbnailURL": "https://www.makeapie.com/ecg-storage/ec_gallery_thumbnail/xHJ9nMN4cg.png?v=1488461005166",
    "isCustomThumbnail": 0,
    "builtinTags": [
        "category-work",
        "series-map",
        "timeline",
        "title",
        "visualMap"
    ],
    "customTags": [],
    "updaterUserName": "你***毛"
}