{
    "cid": "xHJCwQnX9x",
    "authorUid": "bd-1610942177",
    "authorUserName": "i***t",
    "title": "苏州前端薪资演示",
    "description": "",
    "latestVersion": 1,
    "alwaysLatest": 1,
    "createTime": "2017-03-01T02:35:17.000Z",
    "lastUpdateTime": "2017-03-01T02:35:17.000Z",
    "auth": 2,
    "uid": "bd-1610942177",
    "publishedVersion": 0,
    "forkFrom": "-",
    "isSpam": 0,
    "version": 1,
    "parentVersion": -1,
    "echartsVersion": "3.4.0",
    "versionCreateTime": "2017-03-01T02:35:17.000Z",
    "html": "",
    "externalScripts": "/dep/echarts/latest/extension/bmap.min.js,http://api.map.baidu.com/api?v=2.0&ak=ZUONbpqGBsYGXNIYHicvbAbM",
    "updaterUID": "bd-1610942177",
    "theme": "",
    "layout": "",
    "viewCount": 4248,
    "userName": "i***t",
    "commentCount": 5,
    "starCount": 13,
    "isStared": 0,
    "thumbnailURL": "https://www.makeapie.com/ecg-storage/ec_gallery_thumbnail/xHJCwQnX9x.png?v=1488335719468",
    "isCustomThumbnail": 1,
    "builtinTags": [
        "category-work"
    ],
    "customTags": [],
    "updaterUserName": "i***t"
}