{
    "cid": "xr1f-Bvfce",
    "authorUid": "bd-3894911789",
    "authorUserName": "t***3",
    "title": "iphone销量 加表格",
    "description": "纯属虚构",
    "latestVersion": 1,
    "alwaysLatest": 1,
    "createTime": "2017-02-28T02:48:26.000Z",
    "lastUpdateTime": "2017-02-28T02:48:26.000Z",
    "auth": 2,
    "uid": "bd-3894911789",
    "publishedVersion": 0,
    "forkFrom": "-",
    "isSpam": 0,
    "version": 1,
    "parentVersion": -1,
    "echartsVersion": "3.4.0",
    "versionCreateTime": "2017-02-28T02:48:26.000Z",
    "html": "",
    "externalScripts": "/dep/echarts/map/js/china.js,/dep/echarts/latest/extension/bmap.min.js",
    "updaterUID": "bd-3894911789",
    "theme": "",
    "layout": "",
    "viewCount": 2839,
    "userName": "t***3",
    "commentCount": 0,
    "starCount": 2,
    "isStared": 0,
    "thumbnailURL": "https://www.makeapie.com/ecg-storage/ec_gallery_thumbnail/xr1f-Bvfce.png?v=1488250106599",
    "isCustomThumbnail": 0,
    "builtinTags": [
        "category-work",
        "grid",
        "legend",
        "series-bar",
        "series-map",
        "title",
        "toolbox",
        "tooltip",
        "visualMap"
    ],
    "customTags": [],
    "updaterUserName": "t***3"
}