{
    "cid": "xrJKh_pfqe",
    "authorUid": "bd-54322411",
    "authorUserName": "纵横捭阖越千年",
    "title": "股票分时刷新图",
    "description": "股票分时刷新，坐标轴刻度颜色，tooltip formatter",
    "latestVersion": 2,
    "alwaysLatest": 1,
    "createTime": "2017-02-28T09:53:52.000Z",
    "lastUpdateTime": "2017-02-28T09:53:52.000Z",
    "auth": 2,
    "uid": "bd-54322411",
    "publishedVersion": 0,
    "forkFrom": "-",
    "isSpam": 0,
    "version": 2,
    "parentVersion": 1,
    "echartsVersion": "3.4.0",
    "versionCreateTime": "2017-02-28T09:55:39.000Z",
    "html": "",
    "externalScripts": "",
    "updaterUID": "bd-54322411",
    "theme": "",
    "layout": "",
    "viewCount": 1272,
    "userName": "纵横捭阖越千年",
    "commentCount": 0,
    "starCount": 2,
    "isStared": 0,
    "thumbnailURL": "https://www.makeapie.com/ecg-storage/ec_gallery_thumbnail/xrJKh_pfqe.png?v=1488275740190",
    "isCustomThumbnail": 0,
    "builtinTags": [
        "category-work",
        "dataZoom",
        "grid",
        "markLine",
        "markPoint",
        "series-line",
        "title",
        "toolbox",
        "tooltip"
    ],
    "customTags": [],
    "updaterUserName": "纵横捭阖越千年"
}