{
    "cid": "xrJlCp425l",
    "authorUid": "bd-1195124638",
    "authorUserName": "你***毛",
    "title": "5",
    "description": " ",
    "latestVersion": 4,
    "alwaysLatest": 1,
    "createTime": "2017-03-07T14:03:51.000Z",
    "lastUpdateTime": "2017-03-07T14:03:51.000Z",
    "auth": 2,
    "uid": "bd-1195124638",
    "publishedVersion": 0,
    "forkFrom": "-",
    "isSpam": 0,
    "version": 4,
    "parentVersion": 3,
    "echartsVersion": "3.5.1",
    "versionCreateTime": "2017-03-31T08:23:00.000Z",
    "html": "",
    "externalScripts": "/dep/echarts/map/js/china.js ",
    "updaterUID": "bd-1195124638",
    "theme": "",
    "layout": "",
    "viewCount": 768,
    "userName": "你***毛",
    "commentCount": 0,
    "starCount": 1,
    "isStared": 0,
    "thumbnailURL": "https://www.makeapie.com/ecg-storage/ec_gallery_thumbnail/xrJlCp425l.png?v=1490948581011",
    "isCustomThumbnail": 0,
    "builtinTags": [
        "axisPointer",
        "category-work",
        "geo",
        "series-scatter",
        "title",
        "tooltip",
        "visualMap"
    ],
    "customTags": [],
    "updaterUserName": "你***毛"
}