{
    "cid": "xrkv1TGN5g",
    "authorUid": "bd-3894911789",
    "authorUserName": "t***3",
    "title": "树形矩形图",
    "description": "数据下钻例子，虚构数据",
    "latestVersion": 4,
    "alwaysLatest": 1,
    "createTime": "2017-03-01T10:05:19.000Z",
    "lastUpdateTime": "2017-03-01T10:05:19.000Z",
    "auth": 2,
    "uid": "bd-3894911789",
    "publishedVersion": 0,
    "forkFrom": "-",
    "isSpam": 0,
    "version": 4,
    "parentVersion": 3,
    "echartsVersion": "3.4.0",
    "versionCreateTime": "2017-03-02T06:50:32.000Z",
    "html": "",
    "externalScripts": "",
    "updaterUID": "bd-3894911789",
    "theme": "dark",
    "layout": "",
    "viewCount": 2085,
    "userName": "t***3",
    "commentCount": 0,
    "starCount": 0,
    "isStared": 0,
    "thumbnailURL": "https://www.makeapie.com/ecg-storage/ec_gallery_thumbnail/xrkv1TGN5g.png?v=1488437432394",
    "isCustomThumbnail": 0,
    "builtinTags": [
        "category-work",
        "series-treemap",
        "tooltip"
    ],
    "customTags": [],
    "updaterUserName": "t***3"
}