{
    "cid": "xS1rlpc8qx",
    "authorUid": "bd-2063742719",
    "authorUserName": "edyang123",
    "title": "汽车用户年龄结构变化",
    "description": "汽车用户年龄结构变化",
    "latestVersion": 4,
    "alwaysLatest": 1,
    "createTime": "2017-03-03T07:36:13.000Z",
    "lastUpdateTime": "2017-03-03T07:36:13.000Z",
    "auth": 2,
    "uid": "bd-2063742719",
    "publishedVersion": 0,
    "forkFrom": "-",
    "isSpam": 0,
    "version": 4,
    "parentVersion": 3,
    "echartsVersion": "3.4.0",
    "versionCreateTime": "2017-03-03T07:49:10.000Z",
    "html": "",
    "externalScripts": "",
    "updaterUID": "bd-2063742719",
    "theme": "",
    "layout": "",
    "viewCount": 2570,
    "userName": "edyang123",
    "commentCount": 0,
    "starCount": 7,
    "isStared": 0,
    "thumbnailURL": "https://www.makeapie.com/ecg-storage/ec_gallery_thumbnail/xS1rlpc8qx.png?v=1488527350440",
    "isCustomThumbnail": 0,
    "builtinTags": [
        "category-work",
        "grid",
        "legend",
        "markLine",
        "series-bar"
    ],
    "customTags": [],
    "updaterUserName": "edyang123"
}