{
    "cid": "xSkBzjNBcx",
    "authorUid": "bd-3793921970",
    "authorUserName": "jwyC5606",
    "title": "多雷达图－标签",
    "description": "测试标签问题",
    "latestVersion": 1,
    "alwaysLatest": 1,
    "createTime": "2017-03-02T06:26:20.000Z",
    "lastUpdateTime": "2017-03-02T06:26:20.000Z",
    "auth": 2,
    "uid": "bd-3793921970",
    "publishedVersion": 0,
    "forkFrom": "-",
    "isSpam": 0,
    "version": 1,
    "parentVersion": -1,
    "echartsVersion": "3.4.0",
    "versionCreateTime": "2017-03-02T06:26:20.000Z",
    "html": "",
    "externalScripts": "",
    "updaterUID": "bd-3793921970",
    "theme": "",
    "layout": "",
    "viewCount": 1102,
    "userName": "jwyC5606",
    "commentCount": 0,
    "starCount": 1,
    "isStared": 0,
    "thumbnailURL": "https://www.makeapie.com/ecg-storage/ec_gallery_thumbnail/xSkBzjNBcx.png?v=1488435981625",
    "isCustomThumbnail": 0,
    "builtinTags": [
        "category-work",
        "legend",
        "radar",
        "series-radar",
        "title",
        "tooltip"
    ],
    "customTags": [],
    "updaterUserName": "jwyC5606"
}