{
    "cid": "x06pmoER8",
    "authorUid": "bd-77825077",
    "authorUserName": "冰***孩",
    "title": "雷达图",
    "description": "雷达图，可以设置最大值",
    "latestVersion": 1,
    "alwaysLatest": 1,
    "createTime": "2019-10-17T06:49:38.000Z",
    "lastUpdateTime": "2019-10-17T06:49:38.000Z",
    "auth": 2,
    "uid": "bd-77825077",
    "publishedVersion": 0,
    "forkFrom": "-",
    "isSpam": 0,
    "version": 1,
    "parentVersion": -1,
    "echartsVersion": "4.4.0",
    "versionCreateTime": "2019-10-17T06:49:38.000Z",
    "html": "",
    "externalScripts": "",
    "updaterUID": "bd-77825077",
    "theme": "",
    "layout": "",
    "viewCount": 683,
    "userName": "冰***孩",
    "commentCount": 0,
    "starCount": 2,
    "isStared": 0,
    "thumbnailURL": "https://www.makeapie.com/ecg-storage/ec_gallery_thumbnail/x06pmoER8.png?v=1571294978272",
    "isCustomThumbnail": 0,
    "builtinTags": [
        "category-work",
        "radar",
        "series-radar",
        "tooltip"
    ],
    "customTags": [],
    "updaterUserName": "冰***孩"
}