{
    "cid": "x5F5iq5f0",
    "authorUid": "bd-3182588218",
    "authorUserName": "飞***燕",
    "title": "备选 世界地图",
    "description": "",
    "latestVersion": 18,
    "alwaysLatest": 1,
    "createTime": "2019-10-17T08:03:26.000Z",
    "lastUpdateTime": "2019-10-17T08:03:26.000Z",
    "auth": 1,
    "uid": "bd-3182588218",
    "publishedVersion": 0,
    "forkFrom": "-",
    "isSpam": 0,
    "version": 18,
    "parentVersion": 1,
    "echartsVersion": "4.8.0",
    "versionCreateTime": "2020-08-04T03:28:46.000Z",
    "html": "",
    "externalScripts": "/dep/echarts/map/js/world.js",
    "updaterUID": "obd-oMZVXLL-pI7xELb0leVVNgdVSIWNr2W",
    "theme": "",
    "layout": "",
    "viewCount": 4010,
    "userName": "飞***燕",
    "commentCount": 2,
    "starCount": 20,
    "isStared": 0,
    "thumbnailURL": "https://www.makeapie.com/ecg-storage/ec_gallery_thumbnail/x5F5iq5f0.png?v=1596511727005",
    "isCustomThumbnail": 0,
    "builtinTags": [
        "category-work",
        "geo",
        "series-effectScatter"
    ],
    "customTags": [],
    "updaterUserName": "犹***影"
}