{
    "cid": "x_CcXn9jh",
    "authorUid": "bd-2235327794",
    "authorUserName": "爱***野",
    "title": "y轴 value",
    "description": "",
    "latestVersion": 1,
    "alwaysLatest": 1,
    "createTime": "2019-10-19T06:29:27.000Z",
    "lastUpdateTime": "2019-10-19T06:29:27.000Z",
    "auth": 2,
    "uid": "bd-2235327794",
    "publishedVersion": 0,
    "forkFrom": "-",
    "isSpam": 0,
    "version": 1,
    "parentVersion": -1,
    "echartsVersion": "4.4.0",
    "versionCreateTime": "2019-10-19T06:29:27.000Z",
    "html": "",
    "externalScripts": "",
    "updaterUID": "bd-2235327794",
    "theme": "",
    "layout": "",
    "viewCount": 119,
    "userName": "爱***野",
    "commentCount": 0,
    "starCount": 0,
    "isStared": 0,
    "thumbnailURL": "https://www.makeapie.com/ecg-storage/ec_gallery_thumbnail/x_CcXn9jh.png?v=1571466567856",
    "isCustomThumbnail": 0,
    "builtinTags": [
        "category-work",
        "grid",
        "series-bar",
        "tooltip"
    ],
    "customTags": [],
    "updaterUserName": "爱***野"
}