{
    "cid": "xMVkDskHQ",
    "authorUid": "bd-2584478235",
    "authorUserName": "枫***0",
    "title": "Awesome Chart 1111",
    "description": "test",
    "latestVersion": 3,
    "alwaysLatest": 1,
    "createTime": "2019-10-17T09:15:37.000Z",
    "lastUpdateTime": "2019-10-17T09:15:37.000Z",
    "auth": 2,
    "uid": "bd-2584478235",
    "publishedVersion": 0,
    "forkFrom": "-",
    "isSpam": 0,
    "version": 3,
    "parentVersion": 2,
    "echartsVersion": "4.4.0",
    "versionCreateTime": "2019-10-17T09:34:46.000Z",
    "html": "",
    "externalScripts": "",
    "updaterUID": "bd-2584478235",
    "theme": "",
    "layout": "",
    "viewCount": 17,
    "userName": "枫***0",
    "commentCount": 0,
    "starCount": 0,
    "isStared": 0,
    "thumbnailURL": "https://www.makeapie.com/ecg-storage/ec_gallery_thumbnail/xMVkDskHQ.png?v=1571304886206",
    "isCustomThumbnail": 0,
    "builtinTags": [
        "category-work",
        "grid",
        "legend",
        "series-bar",
        "title",
        "toolbox",
        "tooltip"
    ],
    "customTags": [],
    "updaterUserName": "枫***0"
}