{
    "cid": "xp33XtZW_",
    "authorUid": "bd-77825077",
    "authorUserName": "冰***孩",
    "title": "关系图 知识图谱",
    "description": "关系图 知识图谱",
    "latestVersion": 1,
    "alwaysLatest": 1,
    "createTime": "2019-10-17T08:55:13.000Z",
    "lastUpdateTime": "2019-10-17T08:55:13.000Z",
    "auth": 2,
    "uid": "bd-77825077",
    "publishedVersion": 0,
    "forkFrom": "-",
    "isSpam": 0,
    "version": 1,
    "parentVersion": -1,
    "echartsVersion": "4.4.0",
    "versionCreateTime": "2019-10-17T08:55:13.000Z",
    "html": "",
    "externalScripts": "",
    "updaterUID": "bd-77825077",
    "theme": "",
    "layout": "",
    "viewCount": 1015,
    "userName": "冰***孩",
    "commentCount": 0,
    "starCount": 4,
    "isStared": 0,
    "thumbnailURL": "https://www.makeapie.com/ecg-storage/ec_gallery_thumbnail/xp33XtZW_.png?v=1571302513990",
    "isCustomThumbnail": 0,
    "builtinTags": [
        "category-work",
        "series-graph"
    ],
    "customTags": [],
    "updaterUserName": "冰***孩"
}