{
    "cid": "xqldsieP7",
    "authorUid": "bd-2584478235",
    "authorUserName": "枫***0",
    "title": "日计划与生产对比图",
    "description": "11111",
    "latestVersion": 6,
    "alwaysLatest": 1,
    "createTime": "2019-10-17T09:58:22.000Z",
    "lastUpdateTime": "2019-10-17T09:58:22.000Z",
    "auth": 2,
    "uid": "bd-2584478235",
    "publishedVersion": 0,
    "forkFrom": "-",
    "isSpam": 0,
    "version": 6,
    "parentVersion": 5,
    "echartsVersion": "4.4.0",
    "versionCreateTime": "2019-10-17T10:39:28.000Z",
    "html": "",
    "externalScripts": "",
    "updaterUID": "bd-2584478235",
    "theme": "",
    "layout": "",
    "viewCount": 67,
    "userName": "枫***0",
    "commentCount": 0,
    "starCount": 0,
    "isStared": 0,
    "thumbnailURL": "https://www.makeapie.com/ecg-storage/ec_gallery_thumbnail/xqldsieP7.png?v=1571308768502",
    "isCustomThumbnail": 0,
    "builtinTags": [
        "category-work",
        "grid",
        "legend",
        "markPoint",
        "series-line",
        "title",
        "toolbox",
        "tooltip"
    ],
    "customTags": [],
    "updaterUserName": "枫***0"
}