{
    "cid": "xswPYeiqI",
    "authorUid": "bd-977196853",
    "authorUserName": "残***漫",
    "title": "折线统计图",
    "description": "",
    "latestVersion": 1,
    "alwaysLatest": 1,
    "createTime": "2019-10-21T01:22:33.000Z",
    "lastUpdateTime": "2019-10-21T01:22:33.000Z",
    "auth": 2,
    "uid": "bd-977196853",
    "publishedVersion": 0,
    "forkFrom": "-",
    "isSpam": 0,
    "version": 1,
    "parentVersion": -1,
    "echartsVersion": "4.4.0",
    "versionCreateTime": "2019-10-21T01:22:33.000Z",
    "html": "",
    "externalScripts": "",
    "updaterUID": "bd-977196853",
    "theme": "",
    "layout": "",
    "viewCount": 13,
    "userName": "残***漫",
    "commentCount": 0,
    "starCount": 0,
    "isStared": 0,
    "thumbnailURL": "https://www.makeapie.com/ecg-storage/ec_gallery_thumbnail/xswPYeiqI.png?v=1571620953984",
    "isCustomThumbnail": 0,
    "builtinTags": [
        "category-work",
        "grid",
        "series-line",
        "title",
        "tooltip"
    ],
    "customTags": [],
    "updaterUserName": "残***漫"
}