{
    "cid": "xufdr7fur",
    "authorUid": "bd-3161425597",
    "authorUserName": "魑***魅",
    "title": "细柱状图",
    "description": "",
    "latestVersion": 3,
    "alwaysLatest": 1,
    "createTime": "2019-10-19T15:09:59.000Z",
    "lastUpdateTime": "2019-10-19T15:09:59.000Z",
    "auth": 2,
    "uid": "bd-3161425597",
    "publishedVersion": 0,
    "forkFrom": "-",
    "isSpam": 0,
    "version": 3,
    "parentVersion": 2,
    "echartsVersion": "4.4.0",
    "versionCreateTime": "2019-10-23T03:06:39.000Z",
    "html": "",
    "externalScripts": "",
    "updaterUID": "bd-3161425597",
    "theme": "",
    "layout": "",
    "viewCount": 28,
    "userName": "魑***魅",
    "commentCount": 0,
    "starCount": 0,
    "isStared": 0,
    "thumbnailURL": "https://www.makeapie.com/ecg-storage/ec_gallery_thumbnail/xufdr7fur.png?v=1571799999699",
    "isCustomThumbnail": 0,
    "builtinTags": [
        "category-work",
        "grid",
        "series-bar",
        "title",
        "tooltip"
    ],
    "customTags": [],
    "updaterUserName": "魑***魅"
}