{
    "cid": "xW2QKeImG",
    "authorUid": "bd-998331607",
    "authorUserName": "衢***傲",
    "title": "散点+柱形 比例图",
    "description": "",
    "latestVersion": 1,
    "alwaysLatest": 1,
    "createTime": "2019-10-21T02:35:56.000Z",
    "lastUpdateTime": "2019-10-21T02:35:56.000Z",
    "auth": 2,
    "uid": "bd-998331607",
    "publishedVersion": 0,
    "forkFrom": "-",
    "isSpam": 0,
    "version": 1,
    "parentVersion": -1,
    "echartsVersion": "4.4.0",
    "versionCreateTime": "2019-10-21T02:35:56.000Z",
    "html": "",
    "externalScripts": "",
    "updaterUID": "bd-998331607",
    "theme": "",
    "layout": "",
    "viewCount": 166,
    "userName": "衢***傲",
    "commentCount": 0,
    "starCount": 5,
    "isStared": 0,
    "thumbnailURL": "https://www.makeapie.com/ecg-storage/ec_gallery_thumbnail/xW2QKeImG.png?v=1571625356162",
    "isCustomThumbnail": 0,
    "builtinTags": [
        "category-work",
        "grid",
        "series-bar",
        "series-scatter",
        "tooltip"
    ],
    "customTags": [],
    "updaterUserName": "衢***傲"
}