{
    "cid": "x4iMiNA6e5",
    "authorUid": "obd-oF66KE_hTejxIRYvMW6MRlRJtCutk5c",
    "authorUserName": "小***归",
    "title": "关系图表",
    "description": "",
    "latestVersion": 1,
    "alwaysLatest": 1,
    "createTime": "2020-06-21T15:49:30.000Z",
    "lastUpdateTime": "2020-06-21T15:49:30.000Z",
    "auth": 2,
    "uid": "obd-oF66KE_hTejxIRYvMW6MRlRJtCutk5c",
    "publishedVersion": 0,
    "forkFrom": "-",
    "isSpam": 0,
    "version": 1,
    "parentVersion": -1,
    "echartsVersion": "4.8.0",
    "versionCreateTime": "2020-06-21T15:49:30.000Z",
    "html": "",
    "externalScripts": "",
    "updaterUID": "obd-oF66KE_hTejxIRYvMW6MRlRJtCutk5c",
    "theme": "",
    "layout": "",
    "viewCount": 148,
    "userName": "小***归",
    "commentCount": 0,
    "starCount": 0,
    "isStared": 0,
    "thumbnailURL": "https://www.makeapie.com/ecg-storage/ec_gallery_thumbnail/x4iMiNA6e5.png?v=1592754570703",
    "isCustomThumbnail": 0,
    "builtinTags": [
        "category-work",
        "series-graph",
        "title"
    ],
    "customTags": [],
    "updaterUserName": "小***归"
}