{
    "cid": "x_LTJSWy9K",
    "authorUid": "bd-2083624178",
    "authorUserName": "霸***7",
    "title": "分段折线图",
    "description": "",
    "latestVersion": 1,
    "alwaysLatest": 1,
    "createTime": "2020-06-19T05:56:27.000Z",
    "lastUpdateTime": "2020-06-19T05:56:27.000Z",
    "auth": 2,
    "uid": "bd-2083624178",
    "publishedVersion": 0,
    "forkFrom": "-",
    "isSpam": 0,
    "version": 1,
    "parentVersion": -1,
    "echartsVersion": "4.8.0",
    "versionCreateTime": "2020-06-19T05:56:27.000Z",
    "html": "",
    "externalScripts": "/dep/echarts/latest/extension/dataTool.min.js,https://echarts.baidu.com/resource/echarts-stat-latest/dist/ecStat.min.js",
    "updaterUID": "bd-2083624178",
    "theme": "",
    "layout": "",
    "viewCount": 216,
    "userName": "霸***7",
    "commentCount": 0,
    "starCount": 0,
    "isStared": 0,
    "thumbnailURL": "https://www.makeapie.com/ecg-storage/ec_gallery_thumbnail/x_LTJSWy9K.png?v=1592546187327",
    "isCustomThumbnail": 0,
    "builtinTags": [
        "category-work",
        "grid",
        "markLine",
        "series-line"
    ],
    "customTags": [],
    "updaterUserName": "霸***7"
}