{
    "cid": "xfvLK6YYkH",
    "authorUid": "bd-2947300467",
    "authorUserName": "莱***o",
    "title": "合作品牌数-AxurePro",
    "description": "分析合作品牌的增长趋势",
    "latestVersion": 1,
    "alwaysLatest": 1,
    "createTime": "2020-06-18T08:44:37.000Z",
    "lastUpdateTime": "2020-06-18T08:44:37.000Z",
    "auth": 2,
    "uid": "bd-2947300467",
    "publishedVersion": 0,
    "forkFrom": "-",
    "isSpam": 0,
    "version": 1,
    "parentVersion": -1,
    "echartsVersion": "4.8.0",
    "versionCreateTime": "2020-06-18T08:44:37.000Z",
    "html": "",
    "externalScripts": "",
    "updaterUID": "bd-2947300467",
    "theme": "infographic",
    "layout": "",
    "viewCount": 220,
    "userName": "莱***o",
    "commentCount": 0,
    "starCount": 2,
    "isStared": 0,
    "thumbnailURL": "https://www.makeapie.com/ecg-storage/ec_gallery_thumbnail/xfvLK6YYkH.png?v=1592469878076",
    "isCustomThumbnail": 0,
    "builtinTags": [
        "category-work",
        "grid",
        "legend",
        "series-line",
        "tooltip"
    ],
    "customTags": [
        "折线图"
    ],
    "updaterUserName": "莱***o"
}