{
    "cid": "xGL9zWfFgU",
    "authorUid": "bd-71012466",
    "authorUserName": "前***n",
    "title": "玫瑰图 饼图",
    "description": "玫瑰图 饼图",
    "latestVersion": 1,
    "alwaysLatest": 1,
    "createTime": "2020-06-19T00:57:07.000Z",
    "lastUpdateTime": "2020-06-19T00:57:07.000Z",
    "auth": 2,
    "uid": "bd-71012466",
    "publishedVersion": 0,
    "forkFrom": "-",
    "isSpam": 0,
    "version": 1,
    "parentVersion": -1,
    "echartsVersion": "4.8.0",
    "versionCreateTime": "2020-06-19T00:57:07.000Z",
    "html": "",
    "externalScripts": "",
    "updaterUID": "bd-71012466",
    "theme": "",
    "layout": "",
    "viewCount": 1261,
    "userName": "前***n",
    "commentCount": 0,
    "starCount": 7,
    "isStared": 0,
    "thumbnailURL": "https://www.makeapie.com/ecg-storage/ec_gallery_thumbnail/xGL9zWfFgU.png?v=1592528227207",
    "isCustomThumbnail": 0,
    "builtinTags": [
        "category-work",
        "series-pie",
        "tooltip"
    ],
    "customTags": [],
    "updaterUserName": "前***n"
}