{
    "cid": "xiHv-IJP6D",
    "authorUid": "bd-3594736627",
    "authorUserName": "q***r",
    "title": "渐变色极坐标",
    "description": "",
    "latestVersion": 1,
    "alwaysLatest": 1,
    "createTime": "2020-06-20T12:51:41.000Z",
    "lastUpdateTime": "2020-06-20T12:51:41.000Z",
    "auth": 2,
    "uid": "bd-3594736627",
    "publishedVersion": 0,
    "forkFrom": "-",
    "isSpam": 0,
    "version": 1,
    "parentVersion": -1,
    "echartsVersion": "4.8.0",
    "versionCreateTime": "2020-06-20T12:51:41.000Z",
    "html": "",
    "externalScripts": "",
    "updaterUID": "bd-3594736627",
    "theme": "",
    "layout": "",
    "viewCount": 214,
    "userName": "q***r",
    "commentCount": 0,
    "starCount": 1,
    "isStared": 0,
    "thumbnailURL": "https://www.makeapie.com/ecg-storage/ec_gallery_thumbnail/xiHv-IJP6D.png?v=1592657501265",
    "isCustomThumbnail": 0,
    "builtinTags": [
        "category-work",
        "legend",
        "polar",
        "series-bar",
        "series-line",
        "title",
        "tooltip"
    ],
    "customTags": [],
    "updaterUserName": "q***r"
}