{
    "cid": "xiSTuV9HHr",
    "authorUid": "bd-2680668432",
    "authorUserName": "C***酱",
    "title": "带有顶部装饰的bar-stack",
    "description": "",
    "latestVersion": 1,
    "alwaysLatest": 1,
    "createTime": "2020-06-21T12:05:18.000Z",
    "lastUpdateTime": "2020-06-21T12:05:18.000Z",
    "auth": 2,
    "uid": "bd-2680668432",
    "publishedVersion": 0,
    "forkFrom": "-",
    "isSpam": 0,
    "version": 1,
    "parentVersion": -1,
    "echartsVersion": "4.8.0",
    "versionCreateTime": "2020-06-21T12:05:18.000Z",
    "html": "",
    "externalScripts": "",
    "updaterUID": "bd-2680668432",
    "theme": "",
    "layout": "",
    "viewCount": 128,
    "userName": "C***酱",
    "commentCount": 0,
    "starCount": 0,
    "isStared": 0,
    "thumbnailURL": "https://www.makeapie.com/ecg-storage/ec_gallery_thumbnail/xiSTuV9HHr.png?v=1592741118578",
    "isCustomThumbnail": 0,
    "builtinTags": [
        "category-work",
        "grid",
        "series-bar"
    ],
    "customTags": [],
    "updaterUserName": "C***酱"
}