{
    "cid": "xIVoX5gZcT",
    "authorUid": "bd-3796128407",
    "authorUserName": "王***响",
    "title": "热力图-红色蓝色",
    "description": "",
    "latestVersion": 2,
    "alwaysLatest": 1,
    "createTime": "2020-06-19T08:09:25.000Z",
    "lastUpdateTime": "2020-06-19T08:09:25.000Z",
    "auth": 2,
    "uid": "bd-3796128407",
    "publishedVersion": 0,
    "forkFrom": "-",
    "isSpam": 0,
    "version": 2,
    "parentVersion": 1,
    "echartsVersion": "4.8.0",
    "versionCreateTime": "2020-06-19T08:11:34.000Z",
    "html": "",
    "externalScripts": "data/asset/data/aqi-beijing.json,/dep/echarts/map/js/china.js",
    "updaterUID": "bd-3796128407",
    "theme": "",
    "layout": "",
    "viewCount": 841,
    "userName": "王***响",
    "commentCount": 0,
    "starCount": 1,
    "isStared": 0,
    "thumbnailURL": "https://www.makeapie.com/ecg-storage/ec_gallery_thumbnail/xIVoX5gZcT.png?v=1592554294448",
    "isCustomThumbnail": 0,
    "builtinTags": [
        "category-work",
        "grid",
        "series-heatmap",
        "tooltip",
        "visualMap"
    ],
    "customTags": [],
    "updaterUserName": "王***响"
}