{
    "cid": "xjSCaU_Aw3",
    "authorUid": "obd-oPgKgCGlKl7OZUOBFYZW8HuzhAt7D96",
    "authorUserName": "m***8",
    "title": "test",
    "description": "",
    "latestVersion": 4,
    "alwaysLatest": 1,
    "createTime": "2020-06-18T12:33:48.000Z",
    "lastUpdateTime": "2020-06-18T12:33:48.000Z",
    "auth": 1,
    "uid": "obd-oPgKgCGlKl7OZUOBFYZW8HuzhAt7D96",
    "publishedVersion": 0,
    "forkFrom": "-",
    "isSpam": 0,
    "version": 4,
    "parentVersion": 3,
    "echartsVersion": "4.8.0",
    "versionCreateTime": "2020-07-05T09:57:49.000Z",
    "html": "",
    "externalScripts": "",
    "updaterUID": "obd-oPgKgCGlKl7OZUOBFYZW8HuzhAt7D96",
    "theme": "",
    "layout": "",
    "viewCount": 200,
    "userName": "m***8",
    "commentCount": 0,
    "starCount": 2,
    "isStared": 0,
    "thumbnailURL": "https://www.makeapie.com/ecg-storage/ec_gallery_thumbnail/xjSCaU_Aw3.png?v=1593943069270",
    "isCustomThumbnail": 0,
    "builtinTags": [
        "category-work",
        "grid",
        "series-effectScatter",
        "series-line",
        "series-scatter",
        "title"
    ],
    "customTags": [],
    "updaterUserName": "m***8"
}