{
    "cid": "xnppeSqPkE",
    "authorUid": "obd-oA059jI7iL4PksG6hwqkWgwCurzW674",
    "authorUserName": "贺***咻",
    "title": "大事记图",
    "description": "",
    "latestVersion": 2,
    "alwaysLatest": 1,
    "createTime": "2020-06-18T13:16:06.000Z",
    "lastUpdateTime": "2020-06-18T13:16:06.000Z",
    "auth": 2,
    "uid": "obd-oA059jI7iL4PksG6hwqkWgwCurzW674",
    "publishedVersion": 0,
    "forkFrom": "-",
    "isSpam": 0,
    "version": 2,
    "parentVersion": 1,
    "echartsVersion": "4.8.0",
    "versionCreateTime": "2020-08-26T05:29:48.000Z",
    "html": "",
    "externalScripts": "",
    "updaterUID": "obd-oA059jI7iL4PksG6hwqkWgwCurzW674",
    "theme": "",
    "layout": "",
    "viewCount": 1993,
    "userName": "贺***咻",
    "commentCount": 0,
    "starCount": 15,
    "isStared": 0,
    "thumbnailURL": "https://www.makeapie.com/ecg-storage/ec_gallery_thumbnail/xnppeSqPkE.png?v=1598419788889",
    "isCustomThumbnail": 0,
    "builtinTags": [
        "category-work",
        "dataZoom",
        "grid",
        "series-pictorialBar"
    ],
    "customTags": [],
    "updaterUserName": "贺***咻"
}