{
    "cid": "xPmKOoPRCC",
    "authorUid": "bd-2947300467",
    "authorUserName": "莱***o",
    "title": "合作品牌增长趋势图 -柱状图",
    "description": "合作品牌增长趋势图 -柱状图",
    "latestVersion": 3,
    "alwaysLatest": 1,
    "createTime": "2020-06-18T08:47:26.000Z",
    "lastUpdateTime": "2021-07-08T12:53:57.000Z",
    "auth": 1,
    "uid": "bd-2947300467",
    "publishedVersion": 0,
    "forkFrom": "-",
    "isSpam": 0,
    "version": 3,
    "parentVersion": 2,
    "echartsVersion": "4.9.0",
    "versionCreateTime": "2021-07-08T12:53:57.000Z",
    "html": "",
    "externalScripts": "",
    "updaterUID": "obd-oPqyB5J9acY2mrSNhthULndW0xvVN9y",
    "theme": "",
    "layout": "",
    "viewCount": 150,
    "userName": "莱***o",
    "commentCount": 0,
    "starCount": 1,
    "isStared": 0,
    "thumbnailURL": "https://www.makeapie.com/ecg-storage/ec_gallery_thumbnail/xPmKOoPRCC.png?v=1625748837965",
    "isCustomThumbnail": 0,
    "builtinTags": [
        "category-work",
        "grid",
        "series-bar",
        "title",
        "tooltip"
    ],
    "customTags": [
        "柱状图",
        "趋势图"
    ],
    "updaterUserName": "防***益"
}