{
    "cid": "xqLgLs05Iz",
    "authorUid": "obd-oNYFJJ4MU8KNQD9oMp8m_0P-6M74_CL",
    "authorUserName": "哈***4",
    "title": "饼图",
    "description": "",
    "latestVersion": 3,
    "alwaysLatest": 1,
    "createTime": "2020-06-19T02:38:38.000Z",
    "lastUpdateTime": "2020-06-19T02:38:38.000Z",
    "auth": 1,
    "uid": "obd-oNYFJJ4MU8KNQD9oMp8m_0P-6M74_CL",
    "publishedVersion": 0,
    "forkFrom": "-",
    "isSpam": 0,
    "version": 3,
    "parentVersion": 2,
    "echartsVersion": "4.8.0",
    "versionCreateTime": "2020-11-12T08:29:30.000Z",
    "html": "",
    "externalScripts": "",
    "updaterUID": "obd-o0XO8F9yv_3Q6yERaf7jgrMBeXQnIFS",
    "theme": "",
    "layout": "",
    "viewCount": 664,
    "userName": "哈***4",
    "commentCount": 0,
    "starCount": 7,
    "isStared": 0,
    "thumbnailURL": "https://www.makeapie.com/ecg-storage/ec_gallery_thumbnail/xqLgLs05Iz.png?v=1605169770843",
    "isCustomThumbnail": 0,
    "builtinTags": [
        "category-work",
        "series-pie"
    ],
    "customTags": [],
    "updaterUserName": "n***8"
}