{
    "cid": "xwbYfKhLul",
    "authorUid": "obd-oM38Hlg1qWRCrnkn0YRjxj0cKhAG02g",
    "authorUserName": "耶***l",
    "title": "1",
    "description": "",
    "latestVersion": 1,
    "alwaysLatest": 1,
    "createTime": "2020-06-18T11:02:04.000Z",
    "lastUpdateTime": "2020-06-18T11:02:04.000Z",
    "auth": 2,
    "uid": "obd-oM38Hlg1qWRCrnkn0YRjxj0cKhAG02g",
    "publishedVersion": 0,
    "forkFrom": "-",
    "isSpam": 0,
    "version": 1,
    "parentVersion": -1,
    "echartsVersion": "4.8.0",
    "versionCreateTime": "2020-06-18T11:02:04.000Z",
    "html": "",
    "externalScripts": "",
    "updaterUID": "obd-oM38Hlg1qWRCrnkn0YRjxj0cKhAG02g",
    "theme": "",
    "layout": "",
    "viewCount": 937,
    "userName": "耶***l",
    "commentCount": 0,
    "starCount": 5,
    "isStared": 0,
    "thumbnailURL": "https://www.makeapie.com/ecg-storage/ec_gallery_thumbnail/xwbYfKhLul.png?v=1592478124923",
    "isCustomThumbnail": 0,
    "builtinTags": [
        "category-work",
        "geo",
        "series-effectScatter",
        "series-lines",
        "visualMap"
    ],
    "customTags": [],
    "updaterUserName": "耶***l"
}