{
    "cid": "xZrNyFFAqZ",
    "authorUid": "obd-o0XPVYRrseonpp1ZaecR52BqMND6MFH",
    "authorUserName": "租***第",
    "title": "哑铃图",
    "description": "哑铃图",
    "latestVersion": 3,
    "alwaysLatest": 1,
    "createTime": "2020-06-18T10:04:13.000Z",
    "lastUpdateTime": "2020-06-18T10:04:13.000Z",
    "auth": 1,
    "uid": "obd-o0XPVYRrseonpp1ZaecR52BqMND6MFH",
    "publishedVersion": 0,
    "forkFrom": "-",
    "isSpam": 0,
    "version": 3,
    "parentVersion": 2,
    "echartsVersion": "4.8.0",
    "versionCreateTime": "2020-07-20T08:39:05.000Z",
    "html": "",
    "externalScripts": "https://echarts.baidu.com/resource/echarts-gl-latest/dist/echarts-gl.min.js,/dep/echarts/latest/extension/bmap.min.js,https://echarts.baidu.com/resource/echarts-liquidfill-latest/dist/echarts-liquidfill.min.js,https://cdn.rawgit.com/ecomfe/echarts-wordcloud/833ed011/dist/echarts-wordcloud.min.js,https://echarts.baidu.com/resource/echarts-stat-latest/dist/ecStat.min.js,/dep/echarts/latest/extension/dataTool.min.js,https://cdn.bootcss.com/PapaParse/4.1.2/papaparse.min.js,/dep/echarts/map/js/china.js,/dep/echarts/map/js/world.js",
    "updaterUID": "obd-o0XPVYRrseonpp1ZaecR52BqMND6MFH",
    "theme": "",
    "layout": "",
    "viewCount": 1321,
    "userName": "租***第",
    "commentCount": 0,
    "starCount": 5,
    "isStared": 0,
    "thumbnailURL": "https://www.makeapie.com/ecg-storage/ec_gallery_thumbnail/xZrNyFFAqZ.png?v=1595234345529",
    "isCustomThumbnail": 0,
    "builtinTags": [
        "category-work",
        "grid",
        "series-bar",
        "series-line",
        "title",
        "tooltip"
    ],
    "customTags": [],
    "updaterUserName": "租***第"
}