{
    "cid": "x43o8RhUq",
    "authorUid": "bd-2574360473",
    "authorUserName": "132*****250",
    "title": "路径",
    "description": "",
    "latestVersion": 2,
    "alwaysLatest": 1,
    "createTime": "2020-03-17T02:30:54.000Z",
    "lastUpdateTime": "2020-03-17T02:30:54.000Z",
    "auth": 2,
    "uid": "bd-2574360473",
    "publishedVersion": 0,
    "forkFrom": "-",
    "isSpam": 0,
    "version": 2,
    "parentVersion": 1,
    "echartsVersion": "4.4.0",
    "versionCreateTime": "2020-03-17T07:46:45.000Z",
    "html": "",
    "externalScripts": "/dep/echarts/map/js/china.js",
    "updaterUID": "bd-2574360473",
    "theme": "",
    "layout": "",
    "viewCount": 1710,
    "userName": "132*****250",
    "commentCount": 0,
    "starCount": 4,
    "isStared": 0,
    "thumbnailURL": "https://www.makeapie.com/ecg-storage/ec_gallery_thumbnail/x43o8RhUq.png?v=1584431205723",
    "isCustomThumbnail": 0,
    "builtinTags": [
        "category-work",
        "geo",
        "legend",
        "series-effectScatter",
        "series-lines",
        "title"
    ],
    "customTags": [],
    "updaterUserName": "132*****250"
}