{
    "cid": "x4EneDc23",
    "authorUid": "bd-727828176",
    "authorUserName": "6***k",
    "title": "横圆柱统计图",
    "description": "",
    "latestVersion": 1,
    "alwaysLatest": 1,
    "createTime": "2020-03-16T16:47:11.000Z",
    "lastUpdateTime": "2020-03-16T16:47:11.000Z",
    "auth": 2,
    "uid": "bd-727828176",
    "publishedVersion": 0,
    "forkFrom": "-",
    "isSpam": 0,
    "version": 1,
    "parentVersion": -1,
    "echartsVersion": "4.4.0",
    "versionCreateTime": "2020-03-16T16:47:11.000Z",
    "html": "",
    "externalScripts": "",
    "updaterUID": "bd-727828176",
    "theme": "vintage",
    "layout": "",
    "viewCount": 302,
    "userName": "6***k",
    "commentCount": 0,
    "starCount": 0,
    "isStared": 0,
    "thumbnailURL": "https://www.makeapie.com/ecg-storage/ec_gallery_thumbnail/x4EneDc23.png?v=1584377231361",
    "isCustomThumbnail": 0,
    "builtinTags": [
        "category-work",
        "grid",
        "markLine",
        "series-bar",
        "series-effectScatter",
        "series-pictorialBar",
        "title"
    ],
    "customTags": [
        "3D"
    ],
    "updaterUserName": "6***k"
}