{
    "cid": "xAnfPeOpB",
    "authorUid": "bd-271912429",
    "authorUserName": "s***d",
    "title": "关系图",
    "description": "",
    "latestVersion": 1,
    "alwaysLatest": 1,
    "createTime": "2020-03-17T09:36:03.000Z",
    "lastUpdateTime": "2020-03-17T09:36:03.000Z",
    "auth": 2,
    "uid": "bd-271912429",
    "publishedVersion": 0,
    "forkFrom": "-",
    "isSpam": 0,
    "version": 1,
    "parentVersion": -1,
    "echartsVersion": "4.4.0",
    "versionCreateTime": "2020-03-17T09:36:03.000Z",
    "html": "",
    "externalScripts": "",
    "updaterUID": "bd-271912429",
    "theme": "",
    "layout": "",
    "viewCount": 2220,
    "userName": "s***d",
    "commentCount": 0,
    "starCount": 4,
    "isStared": 0,
    "thumbnailURL": "https://www.makeapie.com/ecg-storage/ec_gallery_thumbnail/xAnfPeOpB.png?v=1584437763885",
    "isCustomThumbnail": 0,
    "builtinTags": [
        "category-work",
        "series-graph",
        "tooltip"
    ],
    "customTags": [
        "sybgfhcd"
    ],
    "updaterUserName": "s***d"
}