{
    "cid": "xF2cfQWEJ",
    "authorUid": "bd-2574360473",
    "authorUserName": "132*****250",
    "title": "医药行业各细分领域市值变化情况",
    "description": "",
    "latestVersion": 1,
    "alwaysLatest": 1,
    "createTime": "2020-03-17T01:47:42.000Z",
    "lastUpdateTime": "2020-03-17T01:47:42.000Z",
    "auth": 2,
    "uid": "bd-2574360473",
    "publishedVersion": 0,
    "forkFrom": "-",
    "isSpam": 0,
    "version": 1,
    "parentVersion": -1,
    "echartsVersion": "4.4.0",
    "versionCreateTime": "2020-03-17T01:47:42.000Z",
    "html": "",
    "externalScripts": "",
    "updaterUID": "bd-2574360473",
    "theme": "",
    "layout": "",
    "viewCount": 289,
    "userName": "132*****250",
    "commentCount": 0,
    "starCount": 3,
    "isStared": 0,
    "thumbnailURL": "https://www.makeapie.com/ecg-storage/ec_gallery_thumbnail/xF2cfQWEJ.png?v=1584409662373",
    "isCustomThumbnail": 0,
    "builtinTags": [
        "category-work",
        "grid",
        "legend",
        "markLine",
        "series-line",
        "title"
    ],
    "customTags": [],
    "updaterUserName": "132*****250"
}