{
    "cid": "xLmApcQ-u",
    "authorUid": "bd-727828176",
    "authorUserName": "6***k",
    "title": "3D柱状统计图",
    "description": "",
    "latestVersion": 3,
    "alwaysLatest": 1,
    "createTime": "2020-03-16T16:26:54.000Z",
    "lastUpdateTime": "2020-03-16T16:26:54.000Z",
    "auth": 2,
    "uid": "bd-727828176",
    "publishedVersion": 0,
    "forkFrom": "-",
    "isSpam": 0,
    "version": 3,
    "parentVersion": 2,
    "echartsVersion": "4.4.0",
    "versionCreateTime": "2020-03-17T02:52:32.000Z",
    "html": "",
    "externalScripts": "",
    "updaterUID": "bd-727828176",
    "theme": "macarons",
    "layout": "",
    "viewCount": 496,
    "userName": "6***k",
    "commentCount": 0,
    "starCount": 1,
    "isStared": 0,
    "thumbnailURL": "https://www.makeapie.com/ecg-storage/ec_gallery_thumbnail/xLmApcQ-u.png?v=1584413552294",
    "isCustomThumbnail": 0,
    "builtinTags": [
        "category-work",
        "grid",
        "markLine",
        "series-bar",
        "series-pictorialBar",
        "title"
    ],
    "customTags": [
        "3D"
    ],
    "updaterUserName": "6***k"
}