{
    "cid": "xMgGwPs6R",
    "authorUid": "bd-1984284290",
    "authorUserName": "游***飘",
    "title": "中国教育行业细分领域划分图",
    "description": "",
    "latestVersion": 10,
    "alwaysLatest": 1,
    "createTime": "2020-03-18T06:29:11.000Z",
    "lastUpdateTime": "2020-03-18T06:29:11.000Z",
    "auth": 2,
    "uid": "bd-1984284290",
    "publishedVersion": 0,
    "forkFrom": "-",
    "isSpam": 0,
    "version": 10,
    "parentVersion": 9,
    "echartsVersion": "4.7.0",
    "versionCreateTime": "2020-04-08T07:27:56.000Z",
    "html": "",
    "externalScripts": "",
    "updaterUID": "bd-1984284290",
    "theme": "",
    "layout": "",
    "viewCount": 1074,
    "userName": "游***飘",
    "commentCount": 0,
    "starCount": 1,
    "isStared": 0,
    "thumbnailURL": "https://www.makeapie.com/ecg-storage/ec_gallery_thumbnail/xMgGwPs6R.png?v=1586330876452",
    "isCustomThumbnail": 0,
    "builtinTags": [
        "category-work",
        "series-sunburst",
        "title"
    ],
    "customTags": [],
    "updaterUserName": "游***飘"
}