{
    "cid": "xNvqTaFq6",
    "authorUid": "bd-2603632873",
    "authorUserName": "y***8",
    "title": "工作量综合统计",
    "description": "折线图示例\n参与医生多少用圆点面积大小区分",
    "latestVersion": 1,
    "alwaysLatest": 1,
    "createTime": "2020-03-18T09:45:08.000Z",
    "lastUpdateTime": "2020-03-18T09:45:08.000Z",
    "auth": 2,
    "uid": "bd-2603632873",
    "publishedVersion": 0,
    "forkFrom": "-",
    "isSpam": 0,
    "version": 1,
    "parentVersion": -1,
    "echartsVersion": "4.4.0",
    "versionCreateTime": "2020-03-18T09:45:08.000Z",
    "html": "",
    "externalScripts": "",
    "updaterUID": "bd-2603632873",
    "theme": "",
    "layout": "",
    "viewCount": 90,
    "userName": "y***8",
    "commentCount": 0,
    "starCount": 0,
    "isStared": 0,
    "thumbnailURL": "https://www.makeapie.com/ecg-storage/ec_gallery_thumbnail/xNvqTaFq6.png?v=1584524708413",
    "isCustomThumbnail": 0,
    "builtinTags": [
        "category-work",
        "dataZoom",
        "grid",
        "legend",
        "series-line",
        "title",
        "toolbox",
        "tooltip"
    ],
    "customTags": [],
    "updaterUserName": "y***8"
}