{
    "cid": "xo_bzMEHX",
    "authorUid": "bd-2852144331",
    "authorUserName": "k***e",
    "title": "示范",
    "description": "",
    "latestVersion": 1,
    "alwaysLatest": 1,
    "createTime": "2020-03-18T08:31:39.000Z",
    "lastUpdateTime": "2020-03-18T08:31:39.000Z",
    "auth": 2,
    "uid": "bd-2852144331",
    "publishedVersion": 0,
    "forkFrom": "-",
    "isSpam": 0,
    "version": 1,
    "parentVersion": -1,
    "echartsVersion": "4.4.0",
    "versionCreateTime": "2020-03-18T08:31:39.000Z",
    "html": "",
    "externalScripts": "",
    "updaterUID": "bd-2852144331",
    "theme": "",
    "layout": "",
    "viewCount": 35,
    "userName": "k***e",
    "commentCount": 0,
    "starCount": 0,
    "isStared": 0,
    "thumbnailURL": "https://www.makeapie.com/ecg-storage/ec_gallery_thumbnail/xo_bzMEHX.png?v=1584520299872",
    "isCustomThumbnail": 0,
    "builtinTags": [
        "category-work",
        "grid",
        "legend",
        "series-bar",
        "tooltip"
    ],
    "customTags": [],
    "updaterUserName": "k***e"
}