{
    "cid": "xTaX4LMmY",
    "authorUid": "bd-2603632873",
    "authorUserName": "y***8",
    "title": "大规模散点图",
    "description": "散点图示例",
    "latestVersion": 1,
    "alwaysLatest": 1,
    "createTime": "2020-03-18T10:06:08.000Z",
    "lastUpdateTime": "2020-03-18T10:06:08.000Z",
    "auth": 2,
    "uid": "bd-2603632873",
    "publishedVersion": 0,
    "forkFrom": "-",
    "isSpam": 0,
    "version": 1,
    "parentVersion": -1,
    "echartsVersion": "4.4.0",
    "versionCreateTime": "2020-03-18T10:06:08.000Z",
    "html": "",
    "externalScripts": "",
    "updaterUID": "bd-2603632873",
    "theme": "",
    "layout": "",
    "viewCount": 196,
    "userName": "y***8",
    "commentCount": 0,
    "starCount": 0,
    "isStared": 0,
    "thumbnailURL": "https://www.makeapie.com/ecg-storage/ec_gallery_thumbnail/xTaX4LMmY.png?v=1584525969022",
    "isCustomThumbnail": 0,
    "builtinTags": [
        "category-work",
        "dataZoom",
        "grid",
        "legend",
        "series-scatter",
        "title",
        "toolbox",
        "tooltip"
    ],
    "customTags": [],
    "updaterUserName": "y***8"
}