{
    "cid": "xv56WcYtf",
    "authorUid": "bd-2201358302",
    "authorUserName": "左***分",
    "title": "test",
    "description": "",
    "latestVersion": 1,
    "alwaysLatest": 1,
    "createTime": "2020-03-18T01:42:13.000Z",
    "lastUpdateTime": "2020-03-18T01:42:13.000Z",
    "auth": 2,
    "uid": "bd-2201358302",
    "publishedVersion": 0,
    "forkFrom": "-",
    "isSpam": 0,
    "version": 1,
    "parentVersion": -1,
    "echartsVersion": "4.4.0",
    "versionCreateTime": "2020-03-18T01:42:13.000Z",
    "html": "",
    "externalScripts": "",
    "updaterUID": "bd-2201358302",
    "theme": "",
    "layout": "",
    "viewCount": 156,
    "userName": "左***分",
    "commentCount": 0,
    "starCount": 1,
    "isStared": 0,
    "thumbnailURL": "https://www.makeapie.com/ecg-storage/ec_gallery_thumbnail/xv56WcYtf.png?v=1584495733906",
    "isCustomThumbnail": 0,
    "builtinTags": [
        "category-work",
        "graphic",
        "grid",
        "markArea",
        "series-line",
        "tooltip"
    ],
    "customTags": [],
    "updaterUserName": "左***分"
}