{
    "cid": "xVyVaLVgH",
    "authorUid": "bd-4063414552",
    "authorUserName": "紧***了",
    "title": "柱状图_两列_堆叠",
    "description": "柱状图有两列，每列有堆叠效果",
    "latestVersion": 3,
    "alwaysLatest": 1,
    "createTime": "2020-03-18T09:04:24.000Z",
    "lastUpdateTime": "2020-03-18T09:04:24.000Z",
    "auth": 2,
    "uid": "bd-4063414552",
    "publishedVersion": 0,
    "forkFrom": "-",
    "isSpam": 0,
    "version": 3,
    "parentVersion": 2,
    "echartsVersion": "4.4.0",
    "versionCreateTime": "2020-03-18T09:40:03.000Z",
    "html": "",
    "externalScripts": "",
    "updaterUID": "bd-4063414552",
    "theme": "",
    "layout": "",
    "viewCount": 209,
    "userName": "紧***了",
    "commentCount": 0,
    "starCount": 0,
    "isStared": 0,
    "thumbnailURL": "https://www.makeapie.com/ecg-storage/ec_gallery_thumbnail/xVyVaLVgH.png?v=1584524403554",
    "isCustomThumbnail": 0,
    "builtinTags": [
        "category-work",
        "dataZoom",
        "grid",
        "legend",
        "series-bar",
        "tooltip"
    ],
    "customTags": [],
    "updaterUserName": "紧***了"
}