{
    "cid": "xZvaBAZNo",
    "authorUid": "bd-2603632873",
    "authorUserName": "y***8",
    "title": "科室门诊数统计",
    "description": "饼状图示例",
    "latestVersion": 1,
    "alwaysLatest": 1,
    "createTime": "2020-03-18T09:41:51.000Z",
    "lastUpdateTime": "2020-03-18T09:41:51.000Z",
    "auth": 2,
    "uid": "bd-2603632873",
    "publishedVersion": 0,
    "forkFrom": "-",
    "isSpam": 0,
    "version": 1,
    "parentVersion": -1,
    "echartsVersion": "4.4.0",
    "versionCreateTime": "2020-03-18T09:41:51.000Z",
    "html": "",
    "externalScripts": "",
    "updaterUID": "bd-2603632873",
    "theme": "",
    "layout": "",
    "viewCount": 70,
    "userName": "y***8",
    "commentCount": 0,
    "starCount": 0,
    "isStared": 0,
    "thumbnailURL": "https://www.makeapie.com/ecg-storage/ec_gallery_thumbnail/xZvaBAZNo.png?v=1584524511689",
    "isCustomThumbnail": 0,
    "builtinTags": [
        "category-work",
        "legend",
        "series-pie",
        "title",
        "toolbox",
        "tooltip"
    ],
    "customTags": [],
    "updaterUserName": "y***8"
}