{
    "cid": "xZxyPXr7M",
    "authorUid": "bd-1666412095",
    "authorUserName": "儒***w",
    "title": "homework1",
    "description": "",
    "latestVersion": 3,
    "alwaysLatest": 1,
    "createTime": "2020-03-17T04:25:11.000Z",
    "lastUpdateTime": "2020-03-17T04:25:11.000Z",
    "auth": 1,
    "uid": "bd-1666412095",
    "publishedVersion": 0,
    "forkFrom": "-",
    "isSpam": 0,
    "version": 3,
    "parentVersion": 1,
    "echartsVersion": "4.4.0",
    "versionCreateTime": "2020-03-17T04:50:57.000Z",
    "html": "",
    "externalScripts": "",
    "updaterUID": "bd-1666412095",
    "theme": "",
    "layout": "",
    "viewCount": 13,
    "userName": "儒***w",
    "commentCount": 0,
    "starCount": 0,
    "isStared": 0,
    "thumbnailURL": "https://www.makeapie.com/ecg-storage/ec_gallery_thumbnail/xZxyPXr7M.png?v=1584420657715",
    "isCustomThumbnail": 0,
    "builtinTags": [
        "category-work",
        "grid",
        "series-line",
        "title"
    ],
    "customTags": [],
    "updaterUserName": "儒***w"
}