{
    "cid": "x3BtPBxRa6",
    "authorUid": "bd-3980129793",
    "authorUserName": "斩***悔",
    "title": "项目工作量占比",
    "description": "",
    "latestVersion": 1,
    "alwaysLatest": 1,
    "createTime": "2019-05-16T10:25:53.000Z",
    "lastUpdateTime": "2019-05-16T10:25:53.000Z",
    "auth": 2,
    "uid": "bd-3980129793",
    "publishedVersion": 0,
    "forkFrom": "-",
    "isSpam": 0,
    "version": 1,
    "parentVersion": -1,
    "echartsVersion": "4.2.1",
    "versionCreateTime": "2019-05-16T10:25:53.000Z",
    "html": "",
    "externalScripts": "",
    "updaterUID": "bd-3980129793",
    "theme": "",
    "layout": "",
    "viewCount": 637,
    "userName": "斩***悔",
    "commentCount": 0,
    "starCount": 1,
    "isStared": 0,
    "thumbnailURL": "https://www.makeapie.com/ecg-storage/ec_gallery_thumbnail/x3BtPBxRa6.png?v=1558002354080",
    "isCustomThumbnail": 0,
    "builtinTags": [
        "category-work",
        "series-pie",
        "tooltip",
        "visualMap"
    ],
    "customTags": [],
    "updaterUserName": "斩***悔"
}