{
    "cid": "x5X779Ijtq",
    "authorUid": "bd-3409592402",
    "authorUserName": "孤***末",
    "title": "Fly 图",
    "description": "练手",
    "latestVersion": 4,
    "alwaysLatest": 1,
    "createTime": "2019-05-18T08:25:54.000Z",
    "lastUpdateTime": "2019-05-18T08:25:54.000Z",
    "auth": 1,
    "uid": "bd-3409592402",
    "publishedVersion": 0,
    "forkFrom": "-",
    "isSpam": 0,
    "version": 4,
    "parentVersion": 3,
    "echartsVersion": "4.2.1",
    "versionCreateTime": "2019-05-19T03:19:49.000Z",
    "html": "",
    "externalScripts": "",
    "updaterUID": "bd-3409592402",
    "theme": "",
    "layout": "{\"name\":\"1xN\",\"width\":[\"40.1%\",\"59.9%\"],\"height\":[\"100%\"]}",
    "viewCount": 4807,
    "userName": "孤***末",
    "commentCount": 0,
    "starCount": 15,
    "isStared": 0,
    "thumbnailURL": "https://www.makeapie.com/ecg-storage/ec_gallery_thumbnail/x5X779Ijtq.png?v=1558235989901",
    "isCustomThumbnail": 0,
    "builtinTags": [
        "category-work",
        "dataZoom",
        "grid",
        "legend",
        "radar",
        "series-line",
        "series-radar",
        "title",
        "toolbox",
        "tooltip"
    ],
    "customTags": [],
    "updaterUserName": "孤***末"
}