{
    "cid": "xAi9VBmJLg",
    "authorUid": "bd-2086182671",
    "authorUserName": "万瘦观使要努力",
    "title": "嵌套柱图",
    "description": "",
    "latestVersion": 1,
    "alwaysLatest": 1,
    "createTime": "2019-05-18T06:30:27.000Z",
    "lastUpdateTime": "2019-05-18T06:30:27.000Z",
    "auth": 2,
    "uid": "bd-2086182671",
    "publishedVersion": 0,
    "forkFrom": "-",
    "isSpam": 0,
    "version": 1,
    "parentVersion": -1,
    "echartsVersion": "4.2.1",
    "versionCreateTime": "2019-05-18T06:30:27.000Z",
    "html": "",
    "externalScripts": "",
    "updaterUID": "bd-2086182671",
    "theme": "",
    "layout": "",
    "viewCount": 431,
    "userName": "万瘦观使要努力",
    "commentCount": 0,
    "starCount": 0,
    "isStared": 0,
    "thumbnailURL": "https://www.makeapie.com/ecg-storage/ec_gallery_thumbnail/xAi9VBmJLg.png?v=1558161027870",
    "isCustomThumbnail": 0,
    "builtinTags": [
        "category-work",
        "grid",
        "legend",
        "series-bar",
        "title",
        "tooltip"
    ],
    "customTags": [],
    "updaterUserName": "万瘦观使要努力"
}