{
    "cid": "xAvknb6NtA",
    "authorUid": "bd-135386625",
    "authorUserName": "橙***料",
    "title": "仪表盘渐变",
    "description": "仪表盘",
    "latestVersion": 1,
    "alwaysLatest": 1,
    "createTime": "2019-05-17T06:29:53.000Z",
    "lastUpdateTime": "2019-05-17T06:29:53.000Z",
    "auth": 2,
    "uid": "bd-135386625",
    "publishedVersion": 0,
    "forkFrom": "-",
    "isSpam": 0,
    "version": 1,
    "parentVersion": -1,
    "echartsVersion": "4.2.1",
    "versionCreateTime": "2019-05-17T06:29:53.000Z",
    "html": "",
    "externalScripts": "",
    "updaterUID": "bd-135386625",
    "theme": "",
    "layout": "",
    "viewCount": 1247,
    "userName": "橙***料",
    "commentCount": 0,
    "starCount": 3,
    "isStared": 0,
    "thumbnailURL": "https://www.makeapie.com/ecg-storage/ec_gallery_thumbnail/xAvknb6NtA.png?v=1558074593215",
    "isCustomThumbnail": 1,
    "builtinTags": [
        "category-work",
        "series-gauge"
    ],
    "customTags": [],
    "updaterUserName": "橙***料"
}