{
    "cid": "xc3efw2MtF",
    "authorUid": "bd-2110333776",
    "authorUserName": "Chiekoxfy",
    "title": "GDP Structure of Chengdu",
    "description": "",
    "latestVersion": 1,
    "alwaysLatest": 1,
    "createTime": "2019-05-16T10:36:23.000Z",
    "lastUpdateTime": "2019-05-16T10:36:23.000Z",
    "auth": 2,
    "uid": "bd-2110333776",
    "publishedVersion": 0,
    "forkFrom": "-",
    "isSpam": 0,
    "version": 1,
    "parentVersion": -1,
    "echartsVersion": "4.2.1",
    "versionCreateTime": "2019-05-16T10:36:23.000Z",
    "html": "",
    "externalScripts": "",
    "updaterUID": "bd-2110333776",
    "theme": "macarons",
    "layout": "",
    "viewCount": 182,
    "userName": "Chiekoxfy",
    "commentCount": 0,
    "starCount": 1,
    "isStared": 0,
    "thumbnailURL": "https://www.makeapie.com/ecg-storage/ec_gallery_thumbnail/xc3efw2MtF.png?v=1558002983130",
    "isCustomThumbnail": 0,
    "builtinTags": [
        "category-work",
        "dataZoom",
        "grid",
        "legend",
        "series-bar",
        "series-line",
        "title",
        "tooltip"
    ],
    "customTags": [],
    "updaterUserName": "Chiekoxfy"
}