{
    "cid": "xEUTJL2H08",
    "authorUid": "bd-4028402768",
    "authorUserName": "y***3",
    "title": "炫酷的仪表盘效果",
    "description": "纯 echarts 实现的 炫酷的仪表盘效果",
    "latestVersion": 1,
    "alwaysLatest": 1,
    "createTime": "2019-05-17T10:49:18.000Z",
    "lastUpdateTime": "2019-05-17T10:49:18.000Z",
    "auth": 2,
    "uid": "bd-4028402768",
    "publishedVersion": 0,
    "forkFrom": "-",
    "isSpam": 0,
    "version": 1,
    "parentVersion": -1,
    "echartsVersion": "4.2.1",
    "versionCreateTime": "2019-05-17T10:49:18.000Z",
    "html": "",
    "externalScripts": "",
    "updaterUID": "bd-4028402768",
    "theme": "dark",
    "layout": "",
    "viewCount": 725,
    "userName": "y***3",
    "commentCount": 0,
    "starCount": 3,
    "isStared": 0,
    "thumbnailURL": "https://www.makeapie.com/ecg-storage/ec_gallery_thumbnail/xEUTJL2H08.png?v=1558090158378",
    "isCustomThumbnail": 0,
    "builtinTags": [
        "category-work",
        "series-gauge",
        "tooltip"
    ],
    "customTags": [],
    "updaterUserName": "y***3"
}