{
    "cid": "xgGBE6EhrK",
    "authorUid": "bd-171648521",
    "authorUserName": "绿***绿",
    "title": "饼图",
    "description": "自定义，引导线提示，legend",
    "latestVersion": 4,
    "alwaysLatest": 1,
    "createTime": "2019-05-16T08:47:10.000Z",
    "lastUpdateTime": "2019-05-16T08:47:10.000Z",
    "auth": 2,
    "uid": "bd-171648521",
    "publishedVersion": 0,
    "forkFrom": "-",
    "isSpam": 0,
    "version": 4,
    "parentVersion": 3,
    "echartsVersion": "4.8.0",
    "versionCreateTime": "2020-07-10T01:15:34.000Z",
    "html": "",
    "externalScripts": "",
    "updaterUID": "bd-171648521",
    "theme": "",
    "layout": "",
    "viewCount": 147,
    "userName": "绿***绿",
    "commentCount": 0,
    "starCount": 1,
    "isStared": 0,
    "thumbnailURL": "https://www.makeapie.com/ecg-storage/ec_gallery_thumbnail/xgGBE6EhrK.png?v=1594343734114",
    "isCustomThumbnail": 0,
    "builtinTags": [
        "category-work",
        "legend",
        "series-pie",
        "title",
        "tooltip"
    ],
    "customTags": [],
    "updaterUserName": "绿***绿"
}