{
    "cid": "xiWZFJLRPz",
    "authorUid": "bd-4064472030",
    "authorUserName": "普***奏",
    "title": "圆环",
    "description": "实现dotted画圆弧",
    "latestVersion": 1,
    "alwaysLatest": 1,
    "createTime": "2019-05-16T02:57:17.000Z",
    "lastUpdateTime": "2019-05-16T02:57:17.000Z",
    "auth": 1,
    "uid": "bd-4064472030",
    "publishedVersion": 0,
    "forkFrom": "-",
    "isSpam": 0,
    "version": 1,
    "parentVersion": -1,
    "echartsVersion": "4.2.1",
    "versionCreateTime": "2019-05-16T02:57:17.000Z",
    "html": "",
    "externalScripts": "",
    "updaterUID": "bd-4064472030",
    "theme": "",
    "layout": "",
    "viewCount": 171,
    "userName": "普***奏",
    "commentCount": 0,
    "starCount": 2,
    "isStared": 0,
    "thumbnailURL": "https://www.makeapie.com/ecg-storage/ec_gallery_thumbnail/xiWZFJLRPz.png?v=1557975437863",
    "isCustomThumbnail": 0,
    "builtinTags": [
        "category-work",
        "series-pie",
        "tooltip",
        "visualMap"
    ],
    "customTags": [],
    "updaterUserName": "普***奏"
}