{
    "cid": "xixN_Ek44C",
    "authorUid": "bd-2086182671",
    "authorUserName": "万瘦观使要努力",
    "title": "自定义嵌套柱图",
    "description": "",
    "latestVersion": 1,
    "alwaysLatest": 1,
    "createTime": "2019-05-18T06:25:21.000Z",
    "lastUpdateTime": "2019-05-18T06:25:21.000Z",
    "auth": 2,
    "uid": "bd-2086182671",
    "publishedVersion": 0,
    "forkFrom": "-",
    "isSpam": 0,
    "version": 1,
    "parentVersion": -1,
    "echartsVersion": "4.2.1",
    "versionCreateTime": "2019-05-18T06:25:21.000Z",
    "html": "",
    "externalScripts": "",
    "updaterUID": "bd-2086182671",
    "theme": "dark",
    "layout": "{\"name\":\"NxM\",\"width\":[],\"height\":[]}",
    "viewCount": 47,
    "userName": "万瘦观使要努力",
    "commentCount": 0,
    "starCount": 1,
    "isStared": 0,
    "thumbnailURL": "https://www.makeapie.com/ecg-storage/ec_gallery_thumbnail/xixN_Ek44C.png?v=1558160721370",
    "isCustomThumbnail": 0,
    "builtinTags": [
        "category-work",
        "grid",
        "legend",
        "series-custom",
        "title",
        "tooltip"
    ],
    "customTags": [],
    "updaterUserName": "万瘦观使要努力"
}