{
    "cid": "xMy8hj_bxe",
    "authorUid": "bd-171648521",
    "authorUserName": "绿***绿",
    "title": "柱状图",
    "description": "数据根据一天24小时动态展示",
    "latestVersion": 1,
    "alwaysLatest": 1,
    "createTime": "2019-05-16T09:43:05.000Z",
    "lastUpdateTime": "2019-05-16T09:43:05.000Z",
    "auth": 2,
    "uid": "bd-171648521",
    "publishedVersion": 0,
    "forkFrom": "-",
    "isSpam": 0,
    "version": 1,
    "parentVersion": -1,
    "echartsVersion": "4.2.1",
    "versionCreateTime": "2019-05-16T09:43:05.000Z",
    "html": "",
    "externalScripts": "",
    "updaterUID": "bd-171648521",
    "theme": "",
    "layout": "",
    "viewCount": 99,
    "userName": "绿***绿",
    "commentCount": 0,
    "starCount": 1,
    "isStared": 0,
    "thumbnailURL": "https://www.makeapie.com/ecg-storage/ec_gallery_thumbnail/xMy8hj_bxe.png?v=1557999785728",
    "isCustomThumbnail": 0,
    "builtinTags": [
        "category-work",
        "grid",
        "series-bar",
        "series-pictorialBar",
        "title",
        "tooltip"
    ],
    "customTags": [],
    "updaterUserName": "绿***绿"
}