{
    "cid": "xnVF0pjSkN",
    "authorUid": "bd-3980129793",
    "authorUserName": "斩***悔",
    "title": "项目工作量分析",
    "description": "按有误合同分析个行业的项目个数及项目工作量",
    "latestVersion": 1,
    "alwaysLatest": 1,
    "createTime": "2019-05-16T07:37:51.000Z",
    "lastUpdateTime": "2019-05-16T07:37:51.000Z",
    "auth": 2,
    "uid": "bd-3980129793",
    "publishedVersion": 0,
    "forkFrom": "-",
    "isSpam": 0,
    "version": 1,
    "parentVersion": -1,
    "echartsVersion": "4.2.1",
    "versionCreateTime": "2019-05-16T07:37:51.000Z",
    "html": "",
    "externalScripts": "",
    "updaterUID": "bd-3980129793",
    "theme": "",
    "layout": "",
    "viewCount": 69,
    "userName": "斩***悔",
    "commentCount": 0,
    "starCount": 2,
    "isStared": 0,
    "thumbnailURL": "https://www.makeapie.com/ecg-storage/ec_gallery_thumbnail/xnVF0pjSkN.png?v=1557992271766",
    "isCustomThumbnail": 0,
    "builtinTags": [
        "category-work",
        "grid",
        "legend",
        "series-bar",
        "tooltip"
    ],
    "customTags": [],
    "updaterUserName": "斩***悔"
}