{
    "cid": "xof05bkUXb",
    "authorUid": "bd-1953133753",
    "authorUserName": "9603漫漫",
    "title": "点图",
    "description": "",
    "latestVersion": 1,
    "alwaysLatest": 1,
    "createTime": "2019-05-16T07:29:43.000Z",
    "lastUpdateTime": "2019-05-16T07:29:43.000Z",
    "auth": 2,
    "uid": "bd-1953133753",
    "publishedVersion": 0,
    "forkFrom": "-",
    "isSpam": 0,
    "version": 1,
    "parentVersion": -1,
    "echartsVersion": "4.2.1",
    "versionCreateTime": "2019-05-16T07:29:43.000Z",
    "html": "",
    "externalScripts": "",
    "updaterUID": "bd-1953133753",
    "theme": "",
    "layout": "",
    "viewCount": 50,
    "userName": "9603漫漫",
    "commentCount": 0,
    "starCount": 0,
    "isStared": 0,
    "thumbnailURL": "https://www.makeapie.com/ecg-storage/ec_gallery_thumbnail/xof05bkUXb.png?v=1557991783698",
    "isCustomThumbnail": 0,
    "builtinTags": [
        "category-work",
        "grid",
        "legend",
        "series-scatter"
    ],
    "customTags": [],
    "updaterUserName": "9603漫漫"
}