{
    "cid": "xPtDwjby0Z",
    "authorUid": "bd-3668439753",
    "authorUserName": "Kinana_",
    "title": "Awesome Chart",
    "description": "",
    "latestVersion": 1,
    "alwaysLatest": 1,
    "createTime": "2019-05-19T09:13:30.000Z",
    "lastUpdateTime": "2019-05-19T09:13:30.000Z",
    "auth": 2,
    "uid": "bd-3668439753",
    "publishedVersion": 0,
    "forkFrom": "-",
    "isSpam": 0,
    "version": 1,
    "parentVersion": -1,
    "echartsVersion": "4.2.1",
    "versionCreateTime": "2019-05-19T09:13:30.000Z",
    "html": "",
    "externalScripts": "",
    "updaterUID": "bd-3668439753",
    "theme": "",
    "layout": "",
    "viewCount": 7,
    "userName": "Kinana_",
    "commentCount": 0,
    "starCount": 0,
    "isStared": 0,
    "thumbnailURL": "https://www.makeapie.com/ecg-storage/ec_gallery_thumbnail/xPtDwjby0Z.png?v=1558257210956",
    "isCustomThumbnail": 0,
    "builtinTags": [
        "category-work",
        "grid",
        "series-line",
        "title"
    ],
    "customTags": [],
    "updaterUserName": "Kinana_"
}