{
    "cid": "x0B1NJtYsa",
    "authorUid": "bd-572211633",
    "authorUserName": "y***4",
    "title": "甘特图",
    "description": "gantt",
    "latestVersion": 1,
    "alwaysLatest": 1,
    "createTime": "2019-08-07T07:29:29.000Z",
    "lastUpdateTime": "2019-08-07T07:29:29.000Z",
    "auth": 2,
    "uid": "bd-572211633",
    "publishedVersion": 0,
    "forkFrom": "-",
    "isSpam": 0,
    "version": 1,
    "parentVersion": -1,
    "echartsVersion": "4.2.1",
    "versionCreateTime": "2019-08-07T07:29:29.000Z",
    "html": "",
    "externalScripts": "",
    "updaterUID": "bd-572211633",
    "theme": "",
    "layout": "",
    "viewCount": 1640,
    "userName": "y***4",
    "commentCount": 0,
    "starCount": 4,
    "isStared": 0,
    "thumbnailURL": "https://www.makeapie.com/ecg-storage/ec_gallery_thumbnail/x0B1NJtYsa.png?v=1565162970052",
    "isCustomThumbnail": 0,
    "builtinTags": [
        "category-work",
        "grid",
        "series-custom",
        "title",
        "tooltip"
    ],
    "customTags": [
        "gantt"
    ],
    "updaterUserName": "y***4"
}