{
    "cid": "x3p-BBosK5",
    "authorUid": "bd-3932906741",
    "authorUserName": "邻***孩",
    "title": "多个线图",
    "description": "",
    "latestVersion": 1,
    "alwaysLatest": 1,
    "createTime": "2019-08-09T02:01:39.000Z",
    "lastUpdateTime": "2019-08-09T02:01:39.000Z",
    "auth": 2,
    "uid": "bd-3932906741",
    "publishedVersion": 0,
    "forkFrom": "-",
    "isSpam": 0,
    "version": 1,
    "parentVersion": -1,
    "echartsVersion": "4.2.1",
    "versionCreateTime": "2019-08-09T02:01:39.000Z",
    "html": "",
    "externalScripts": "",
    "updaterUID": "bd-3932906741",
    "theme": "",
    "layout": "",
    "viewCount": 460,
    "userName": "邻***孩",
    "commentCount": 0,
    "starCount": 1,
    "isStared": 0,
    "thumbnailURL": "https://www.makeapie.com/ecg-storage/ec_gallery_thumbnail/x3p-BBosK5.png?v=1565316099314",
    "isCustomThumbnail": 0,
    "builtinTags": [
        "category-work",
        "grid",
        "legend",
        "series-line",
        "tooltip"
    ],
    "customTags": [],
    "updaterUserName": "邻***孩"
}