{
    "cid": "x3vG-xRVpc",
    "authorUid": "bd-369993984",
    "authorUserName": "帝***基",
    "title": "风机健康度",
    "description": "",
    "latestVersion": 1,
    "alwaysLatest": 1,
    "createTime": "2019-08-07T07:01:24.000Z",
    "lastUpdateTime": "2019-08-07T07:01:24.000Z",
    "auth": 2,
    "uid": "bd-369993984",
    "publishedVersion": 0,
    "forkFrom": "-",
    "isSpam": 0,
    "version": 1,
    "parentVersion": -1,
    "echartsVersion": "4.2.1",
    "versionCreateTime": "2019-08-07T07:01:24.000Z",
    "html": "",
    "externalScripts": "",
    "updaterUID": "bd-369993984",
    "theme": "",
    "layout": "",
    "viewCount": 299,
    "userName": "帝***基",
    "commentCount": 0,
    "starCount": 0,
    "isStared": 0,
    "thumbnailURL": "https://www.makeapie.com/ecg-storage/ec_gallery_thumbnail/x3vG-xRVpc.png?v=1565161284613",
    "isCustomThumbnail": 0,
    "builtinTags": [
        "category-work",
        "grid",
        "legend",
        "series-bar",
        "title",
        "tooltip"
    ],
    "customTags": [],
    "updaterUserName": "帝***基"
}