{
    "cid": "x4ppG2gInF",
    "authorUid": "bd-2536962124",
    "authorUserName": "韩***翎",
    "title": "资源消耗",
    "description": "",
    "latestVersion": 1,
    "alwaysLatest": 1,
    "createTime": "2019-08-08T11:56:28.000Z",
    "lastUpdateTime": "2019-08-08T11:56:28.000Z",
    "auth": 2,
    "uid": "bd-2536962124",
    "publishedVersion": 0,
    "forkFrom": "-",
    "isSpam": 0,
    "version": 1,
    "parentVersion": -1,
    "echartsVersion": "4.2.1",
    "versionCreateTime": "2019-08-08T11:56:28.000Z",
    "html": "",
    "externalScripts": "",
    "updaterUID": "bd-2536962124",
    "theme": "",
    "layout": "",
    "viewCount": 1466,
    "userName": "韩***翎",
    "commentCount": 0,
    "starCount": 10,
    "isStared": 0,
    "thumbnailURL": "https://www.makeapie.com/ecg-storage/ec_gallery_thumbnail/x4ppG2gInF.png?v=1565265388959",
    "isCustomThumbnail": 0,
    "builtinTags": [
        "category-work",
        "grid",
        "legend",
        "series-bar",
        "series-pie",
        "tooltip"
    ],
    "customTags": [],
    "updaterUserName": "韩***翎"
}