{
    "cid": "x5SoR94Y75",
    "authorUid": "bd-101698999",
    "authorUserName": "Z***8",
    "title": "bar3D 堆叠拟合渐变色（版本 3 使用 barSize 自定义柱子宽度）",
    "description": "【版本5及以前的，GL组件链接失效了】\nbar3D 似乎不支持 colorStops，纹理贴图也不行\n只好用 stack 堆…… tooltip 还没研究好，trigger='axis' 似乎不管用，可能得重写鼠标事件（待尝试）",
    "latestVersion": 7,
    "alwaysLatest": 1,
    "createTime": "2019-08-08T08:56:57.000Z",
    "lastUpdateTime": "2021-10-25T13:16:18.000Z",
    "auth": 2,
    "uid": "bd-101698999",
    "publishedVersion": 2,
    "forkFrom": "-",
    "isSpam": 0,
    "version": 2,
    "parentVersion": 1,
    "echartsVersion": "4.2.1",
    "versionCreateTime": "2019-08-09T06:10:40.000Z",
    "html": "",
    "externalScripts": "https://echarts.baidu.com/examples/vendors/echarts-gl/echarts-gl.js,/dep/echarts/map/js/world.js",
    "updaterUID": "bd-101698999",
    "theme": "default",
    "layout": "",
    "viewCount": 1777,
    "userName": "Z***8",
    "commentCount": 5,
    "starCount": 12,
    "isStared": 0,
    "thumbnailURL": "https://www.makeapie.com/ecg-storage/ec_gallery_thumbnail/x5SoR94Y75.png?v=1565311044415",
    "isCustomThumbnail": 1,
    "builtinTags": [
        "category-work",
        "grid3D",
        "series-bar3D",
        "tooltip"
    ],
    "customTags": [
        "颜色渐变"
    ],
    "updaterUserName": "Z***8"
}