{
    "cid": "xfUGR0eT-U",
    "authorUid": "bd-2804485459",
    "authorUserName": "疯***子",
    "title": "数据库表血缘图",
    "description": "",
    "latestVersion": 1,
    "alwaysLatest": 1,
    "createTime": "2019-08-09T05:55:06.000Z",
    "lastUpdateTime": "2019-08-09T05:55:06.000Z",
    "auth": 2,
    "uid": "bd-2804485459",
    "publishedVersion": 0,
    "forkFrom": "-",
    "isSpam": 0,
    "version": 1,
    "parentVersion": -1,
    "echartsVersion": "4.2.1",
    "versionCreateTime": "2019-08-09T05:55:06.000Z",
    "html": "",
    "externalScripts": "",
    "updaterUID": "bd-2804485459",
    "theme": "",
    "layout": "",
    "viewCount": 2278,
    "userName": "疯***子",
    "commentCount": 0,
    "starCount": 8,
    "isStared": 0,
    "thumbnailURL": "https://www.makeapie.com/ecg-storage/ec_gallery_thumbnail/xfUGR0eT-U.png?v=1565330106480",
    "isCustomThumbnail": 0,
    "builtinTags": [
        "category-work",
        "geo",
        "series-lines",
        "series-scatter",
        "title",
        "tooltip"
    ],
    "customTags": [],
    "updaterUserName": "疯***子"
}