{
    "cid": "xJYGqPhYDS",
    "authorUid": "bd-443331510",
    "authorUserName": "w***s",
    "title": "香港18区人口密度 （2011）",
    "description": "人口密度数据来自Wikipedia",
    "latestVersion": 1,
    "alwaysLatest": 1,
    "createTime": "2019-08-09T06:58:23.000Z",
    "lastUpdateTime": "2019-08-09T06:58:23.000Z",
    "auth": 2,
    "uid": "bd-443331510",
    "publishedVersion": 0,
    "forkFrom": "-",
    "isSpam": 0,
    "version": 1,
    "parentVersion": -1,
    "echartsVersion": "4.2.1",
    "versionCreateTime": "2019-08-09T06:58:23.000Z",
    "html": "",
    "externalScripts": "",
    "updaterUID": "bd-443331510",
    "theme": "",
    "layout": "",
    "viewCount": 282,
    "userName": "w***s",
    "commentCount": 0,
    "starCount": 0,
    "isStared": 0,
    "thumbnailURL": "https://www.makeapie.com/ecg-storage/ec_gallery_thumbnail/xJYGqPhYDS.png?v=1565333903417",
    "isCustomThumbnail": 0,
    "builtinTags": [
        "category-work",
        "series-map",
        "title",
        "toolbox",
        "tooltip",
        "visualMap"
    ],
    "customTags": [
        "人口",
        "香港"
    ],
    "updaterUserName": "w***s"
}