{
    "cid": "xLi25hpVCE",
    "authorUid": "bd-1147272236",
    "authorUserName": "百度用户#0889601063",
    "title": "近一周腾空拆除情况",
    "description": "点值显示折线图",
    "latestVersion": 3,
    "alwaysLatest": 1,
    "createTime": "2019-08-08T01:50:12.000Z",
    "lastUpdateTime": "2019-08-08T01:50:12.000Z",
    "auth": 1,
    "uid": "bd-1147272236",
    "publishedVersion": 0,
    "forkFrom": "-",
    "isSpam": 0,
    "version": 3,
    "parentVersion": 2,
    "echartsVersion": "4.8.0",
    "versionCreateTime": "2020-07-27T03:29:54.000Z",
    "html": "",
    "externalScripts": "",
    "updaterUID": "obd-oAY55Ddxerhhx94nkotQrnBB8Wwey7r",
    "theme": "",
    "layout": "",
    "viewCount": 69,
    "userName": "百度用户#0889601063",
    "commentCount": 0,
    "starCount": 1,
    "isStared": 0,
    "thumbnailURL": "https://www.makeapie.com/ecg-storage/ec_gallery_thumbnail/xLi25hpVCE.png?v=1595820594112",
    "isCustomThumbnail": 0,
    "builtinTags": [
        "category-work",
        "dataZoom",
        "grid",
        "legend",
        "series-line",
        "toolbox",
        "tooltip"
    ],
    "customTags": [],
    "updaterUserName": "M***凯"
}