{
    "cid": "xlurGZonev",
    "authorUid": "bd-68708734",
    "authorUserName": "有***谁",
    "title": "筋斗云 测试数据图",
    "description": "",
    "latestVersion": 7,
    "alwaysLatest": 1,
    "createTime": "2019-08-08T09:07:15.000Z",
    "lastUpdateTime": "2019-08-08T09:07:15.000Z",
    "auth": 2,
    "uid": "bd-68708734",
    "publishedVersion": 0,
    "forkFrom": "-",
    "isSpam": 0,
    "version": 7,
    "parentVersion": 6,
    "echartsVersion": "4.2.1",
    "versionCreateTime": "2019-08-20T03:58:37.000Z",
    "html": "",
    "externalScripts": "",
    "updaterUID": "bd-68708734",
    "theme": "",
    "layout": "",
    "viewCount": 65,
    "userName": "有***谁",
    "commentCount": 0,
    "starCount": 0,
    "isStared": 0,
    "thumbnailURL": "https://www.makeapie.com/ecg-storage/ec_gallery_thumbnail/xlurGZonev.png?v=1566273517370",
    "isCustomThumbnail": 0,
    "builtinTags": [
        "category-work",
        "grid",
        "series-bar"
    ],
    "customTags": [],
    "updaterUserName": "有***谁"
}