{
    "cid": "xmwyUUvFU_",
    "authorUid": "bd-2469095704",
    "authorUserName": "旺***湾",
    "title": "tree 的练习",
    "description": "tree 的练习",
    "latestVersion": 2,
    "alwaysLatest": 1,
    "createTime": "2019-08-09T06:23:15.000Z",
    "lastUpdateTime": "2019-08-09T06:23:15.000Z",
    "auth": 2,
    "uid": "bd-2469095704",
    "publishedVersion": 0,
    "forkFrom": "-",
    "isSpam": 0,
    "version": 2,
    "parentVersion": 1,
    "echartsVersion": "4.2.1",
    "versionCreateTime": "2019-08-09T09:14:48.000Z",
    "html": "",
    "externalScripts": "",
    "updaterUID": "bd-2469095704",
    "theme": "",
    "layout": "",
    "viewCount": 104,
    "userName": "旺***湾",
    "commentCount": 0,
    "starCount": 0,
    "isStared": 0,
    "thumbnailURL": "https://www.makeapie.com/ecg-storage/ec_gallery_thumbnail/xmwyUUvFU_.png?v=1565342088912",
    "isCustomThumbnail": 0,
    "builtinTags": [
        "category-work",
        "series-tree"
    ],
    "customTags": [],
    "updaterUserName": "旺***湾"
}