{
    "cid": "xrwCr0BmUs",
    "authorUid": "bd-1695364889",
    "authorUserName": "y***r",
    "title": "饼图",
    "description": "渐变饼图",
    "latestVersion": 1,
    "alwaysLatest": 1,
    "createTime": "2019-08-08T06:30:53.000Z",
    "lastUpdateTime": "2019-08-08T06:30:53.000Z",
    "auth": 2,
    "uid": "bd-1695364889",
    "publishedVersion": 0,
    "forkFrom": "-",
    "isSpam": 0,
    "version": 1,
    "parentVersion": -1,
    "echartsVersion": "4.2.1",
    "versionCreateTime": "2019-08-08T06:30:53.000Z",
    "html": "",
    "externalScripts": "",
    "updaterUID": "bd-1695364889",
    "theme": "",
    "layout": "",
    "viewCount": 431,
    "userName": "y***r",
    "commentCount": 0,
    "starCount": 3,
    "isStared": 0,
    "thumbnailURL": "https://www.makeapie.com/ecg-storage/ec_gallery_thumbnail/xrwCr0BmUs.png?v=1565245853624",
    "isCustomThumbnail": 0,
    "builtinTags": [
        "category-work",
        "series-pie",
        "title"
    ],
    "customTags": [],
    "updaterUserName": "y***r"
}