{
    "cid": "xXikkKroeY",
    "authorUid": "bd-1334942351",
    "authorUserName": "烟***心",
    "title": "Azure Blob 轮训下载稳定性测试",
    "description": "",
    "latestVersion": 2,
    "alwaysLatest": 1,
    "createTime": "2019-08-09T03:38:22.000Z",
    "lastUpdateTime": "2019-08-09T03:38:22.000Z",
    "auth": 2,
    "uid": "bd-1334942351",
    "publishedVersion": 0,
    "forkFrom": "-",
    "isSpam": 0,
    "version": 2,
    "parentVersion": 1,
    "echartsVersion": "4.2.1",
    "versionCreateTime": "2019-08-09T03:38:47.000Z",
    "html": "",
    "externalScripts": "",
    "updaterUID": "bd-1334942351",
    "theme": "",
    "layout": "",
    "viewCount": 181,
    "userName": "烟***心",
    "commentCount": 0,
    "starCount": 0,
    "isStared": 0,
    "thumbnailURL": "https://www.makeapie.com/ecg-storage/ec_gallery_thumbnail/xXikkKroeY.png?v=1565321928001",
    "isCustomThumbnail": 0,
    "builtinTags": [
        "category-work",
        "dataZoom",
        "grid",
        "markLine",
        "series-line",
        "title",
        "toolbox",
        "tooltip",
        "visualMap"
    ],
    "customTags": [],
    "updaterUserName": "烟***心"
}