{
    "cid": "xyWzlCfQyp",
    "authorUid": "bd-3966635089",
    "authorUserName": "s***C",
    "title": "三棱锥",
    "description": "",
    "latestVersion": 1,
    "alwaysLatest": 1,
    "createTime": "2019-08-07T08:10:54.000Z",
    "lastUpdateTime": "2019-08-07T08:10:54.000Z",
    "auth": 1,
    "uid": "bd-3966635089",
    "publishedVersion": 0,
    "forkFrom": "-",
    "isSpam": 0,
    "version": 1,
    "parentVersion": -1,
    "echartsVersion": "4.2.1",
    "versionCreateTime": "2019-08-07T08:10:54.000Z",
    "html": "",
    "externalScripts": "",
    "updaterUID": "bd-3966635089",
    "theme": "",
    "layout": "",
    "viewCount": 85,
    "userName": "s***C",
    "commentCount": 0,
    "starCount": 1,
    "isStared": 0,
    "thumbnailURL": "https://www.makeapie.com/ecg-storage/ec_gallery_thumbnail/xyWzlCfQyp.png?v=1565165454699",
    "isCustomThumbnail": 0,
    "builtinTags": [
        "category-work",
        "grid",
        "series-pictorialBar"
    ],
    "customTags": [],
    "updaterUserName": "s***C"
}