{
    "cid": "xzxR3wEIar",
    "authorUid": "bd-68708734",
    "authorUserName": "有***谁",
    "title": "面积-测试图",
    "description": "项目准备",
    "latestVersion": 2,
    "alwaysLatest": 1,
    "createTime": "2019-08-07T06:30:04.000Z",
    "lastUpdateTime": "2019-08-07T06:30:04.000Z",
    "auth": 2,
    "uid": "bd-68708734",
    "publishedVersion": 0,
    "forkFrom": "-",
    "isSpam": 0,
    "version": 2,
    "parentVersion": 1,
    "echartsVersion": "4.2.1",
    "versionCreateTime": "2019-08-07T06:52:59.000Z",
    "html": "",
    "externalScripts": "",
    "updaterUID": "bd-68708734",
    "theme": "",
    "layout": "",
    "viewCount": 92,
    "userName": "有***谁",
    "commentCount": 0,
    "starCount": 1,
    "isStared": 0,
    "thumbnailURL": "https://www.makeapie.com/ecg-storage/ec_gallery_thumbnail/xzxR3wEIar.png?v=1565160779603",
    "isCustomThumbnail": 0,
    "builtinTags": [
        "category-work",
        "grid",
        "legend",
        "series-bar",
        "series-line",
        "tooltip"
    ],
    "customTags": [],
    "updaterUserName": "有***谁"
}