{
    "cid": "xB1FL88G8m",
    "authorUid": "bd-2119633778",
    "authorUserName": "三***H",
    "title": "echarts-demo(单系列水平堆叠柱状图)",
    "description": "echarts-demo(单系列水平堆叠柱状图)",
    "latestVersion": 4,
    "alwaysLatest": 1,
    "createTime": "2018-08-16T01:41:37.000Z",
    "lastUpdateTime": "2018-08-16T01:41:37.000Z",
    "auth": 1,
    "uid": "bd-2119633778",
    "publishedVersion": 0,
    "forkFrom": "-",
    "isSpam": 0,
    "version": 4,
    "parentVersion": 3,
    "echartsVersion": "4.1.0",
    "versionCreateTime": "2018-08-29T08:58:23.000Z",
    "html": "",
    "externalScripts": "",
    "updaterUID": "bd-1998844990",
    "theme": "",
    "layout": "",
    "viewCount": 1009,
    "userName": "三***H",
    "commentCount": 0,
    "starCount": 4,
    "isStared": 0,
    "thumbnailURL": "https://www.makeapie.com/ecg-storage/ec_gallery_thumbnail/xB1FL88G8m.png?v=1535533103397",
    "isCustomThumbnail": 0,
    "builtinTags": [
        "category-work",
        "grid",
        "legend",
        "series-bar",
        "tooltip"
    ],
    "customTags": [],
    "updaterUserName": "萧***星"
}