{
    "cid": "xBJ06lIMUQ",
    "authorUid": "bd-2119633778",
    "authorUserName": "三***H",
    "title": "标准柱状图，不同柱子渐变色",
    "description": "，不同柱子渐变色",
    "latestVersion": 2,
    "alwaysLatest": 1,
    "createTime": "2018-08-16T01:17:58.000Z",
    "lastUpdateTime": "2018-08-16T01:17:58.000Z",
    "auth": 1,
    "uid": "bd-2119633778",
    "publishedVersion": 0,
    "forkFrom": "-",
    "isSpam": 0,
    "version": 2,
    "parentVersion": 1,
    "echartsVersion": "4.2.0",
    "versionCreateTime": "2018-11-21T04:23:08.000Z",
    "html": "",
    "externalScripts": "",
    "updaterUID": "bd-4231888024",
    "theme": "",
    "layout": "",
    "viewCount": 673,
    "userName": "三***H",
    "commentCount": 0,
    "starCount": 2,
    "isStared": 0,
    "thumbnailURL": "https://www.makeapie.com/ecg-storage/ec_gallery_thumbnail/xBJ06lIMUQ.png?v=1542774188318",
    "isCustomThumbnail": 0,
    "builtinTags": [
        "category-work",
        "grid",
        "series-bar",
        "tooltip"
    ],
    "customTags": [],
    "updaterUserName": "139*****400"
}