{
    "cid": "xBJeNYhfU7",
    "authorUid": "bd-1033638345",
    "authorUserName": "s***O",
    "title": "趋势变化图",
    "description": "",
    "latestVersion": 1,
    "alwaysLatest": 1,
    "createTime": "2018-08-16T08:43:20.000Z",
    "lastUpdateTime": "2018-08-16T08:43:20.000Z",
    "auth": 2,
    "uid": "bd-1033638345",
    "publishedVersion": 0,
    "forkFrom": "-",
    "isSpam": 0,
    "version": 1,
    "parentVersion": -1,
    "echartsVersion": "4.1.0",
    "versionCreateTime": "2018-08-16T08:43:20.000Z",
    "html": "",
    "externalScripts": "",
    "updaterUID": "bd-1033638345",
    "theme": "",
    "layout": "",
    "viewCount": 121,
    "userName": "s***O",
    "commentCount": 0,
    "starCount": 1,
    "isStared": 0,
    "thumbnailURL": "https://www.makeapie.com/ecg-storage/ec_gallery_thumbnail/xBJeNYhfU7.png?v=1534409000280",
    "isCustomThumbnail": 0,
    "builtinTags": [
        "category-work",
        "grid",
        "legend",
        "series-line",
        "title",
        "tooltip"
    ],
    "customTags": [],
    "updaterUserName": "s***O"
}