{
    "cid": "xBJGbPIfLQ",
    "authorUid": "bd-2119633778",
    "authorUserName": "三***H",
    "title": "echarts-demo(垂直胶囊柱状图)",
    "description": "echarts-demo(垂直胶囊柱状图)",
    "latestVersion": 2,
    "alwaysLatest": 1,
    "createTime": "2018-08-16T01:44:26.000Z",
    "lastUpdateTime": "2018-08-16T01:44:26.000Z",
    "auth": 1,
    "uid": "bd-2119633778",
    "publishedVersion": 0,
    "forkFrom": "-",
    "isSpam": 0,
    "version": 2,
    "parentVersion": 1,
    "echartsVersion": "4.2.1",
    "versionCreateTime": "2019-08-05T03:00:17.000Z",
    "html": "",
    "externalScripts": "",
    "updaterUID": "bd-286152394",
    "theme": "",
    "layout": "",
    "viewCount": 863,
    "userName": "三***H",
    "commentCount": 0,
    "starCount": 7,
    "isStared": 0,
    "thumbnailURL": "https://www.makeapie.com/ecg-storage/ec_gallery_thumbnail/xBJGbPIfLQ.png?v=1564974017921",
    "isCustomThumbnail": 0,
    "builtinTags": [
        "category-work",
        "grid",
        "legend",
        "series-bar",
        "tooltip"
    ],
    "customTags": [],
    "updaterUserName": "x***g"
}