{
    "cid": "xBJOnv8fI7",
    "authorUid": "bd-2119633778",
    "authorUserName": "三***H",
    "title": "echarts-demo(折线柱状图)",
    "description": "echarts-demo(折线柱状图)",
    "latestVersion": 2,
    "alwaysLatest": 1,
    "createTime": "2018-08-16T01:47:27.000Z",
    "lastUpdateTime": "2018-08-16T01:47:27.000Z",
    "auth": 1,
    "uid": "bd-2119633778",
    "publishedVersion": 0,
    "forkFrom": "-",
    "isSpam": 0,
    "version": 2,
    "parentVersion": 1,
    "echartsVersion": "4.2.1",
    "versionCreateTime": "2019-05-21T09:06:31.000Z",
    "html": "",
    "externalScripts": "",
    "updaterUID": "bd-749254193",
    "theme": "",
    "layout": "",
    "viewCount": 1111,
    "userName": "三***H",
    "commentCount": 0,
    "starCount": 10,
    "isStared": 0,
    "thumbnailURL": "https://www.makeapie.com/ecg-storage/ec_gallery_thumbnail/xBJOnv8fI7.png?v=1558429591865",
    "isCustomThumbnail": 0,
    "builtinTags": [
        "category-work",
        "grid",
        "legend",
        "series-bar",
        "series-line",
        "title",
        "tooltip"
    ],
    "customTags": [],
    "updaterUserName": "欧***一"
}