{
    "cid": "xBkjb8vM8Q",
    "authorUid": "bd-2119633778",
    "authorUserName": "三***H",
    "title": "lineExample(简单折线图)",
    "description": "lineExample(简单折线图)",
    "latestVersion": 1,
    "alwaysLatest": 1,
    "createTime": "2018-08-16T02:48:35.000Z",
    "lastUpdateTime": "2018-08-16T02:48:35.000Z",
    "auth": 2,
    "uid": "bd-2119633778",
    "publishedVersion": 0,
    "forkFrom": "-",
    "isSpam": 0,
    "version": 1,
    "parentVersion": -1,
    "echartsVersion": "4.1.0",
    "versionCreateTime": "2018-08-16T02:48:35.000Z",
    "html": "",
    "externalScripts": "",
    "updaterUID": "bd-2119633778",
    "theme": "",
    "layout": "",
    "viewCount": 169,
    "userName": "三***H",
    "commentCount": 0,
    "starCount": 0,
    "isStared": 0,
    "thumbnailURL": "https://www.makeapie.com/ecg-storage/ec_gallery_thumbnail/xBkjb8vM8Q.png?v=1534387715204",
    "isCustomThumbnail": 0,
    "builtinTags": [
        "category-work",
        "grid",
        "legend",
        "series-line",
        "title",
        "toolbox",
        "tooltip"
    ],
    "customTags": [],
    "updaterUserName": "三***H"
}