{
    "cid": "xH1z-AIzIX",
    "authorUid": "bd-2119633778",
    "authorUserName": "三***H",
    "title": "echarts-demo(仪表盘图)",
    "description": "echarts-demo(仪表盘图)",
    "latestVersion": 1,
    "alwaysLatest": 1,
    "createTime": "2018-08-16T02:14:17.000Z",
    "lastUpdateTime": "2018-08-16T02:14:17.000Z",
    "auth": 1,
    "uid": "bd-2119633778",
    "publishedVersion": 0,
    "forkFrom": "-",
    "isSpam": 0,
    "version": 1,
    "parentVersion": -1,
    "echartsVersion": "4.1.0",
    "versionCreateTime": "2018-08-16T02:14:17.000Z",
    "html": "",
    "externalScripts": "",
    "updaterUID": "bd-2119633778",
    "theme": "",
    "layout": "",
    "viewCount": 1093,
    "userName": "三***H",
    "commentCount": 0,
    "starCount": 4,
    "isStared": 0,
    "thumbnailURL": "https://www.makeapie.com/ecg-storage/ec_gallery_thumbnail/xH1z-AIzIX.png?v=1534385657842",
    "isCustomThumbnail": 0,
    "builtinTags": [
        "category-work",
        "series-gauge",
        "tooltip"
    ],
    "customTags": [],
    "updaterUserName": "三***H"
}