{
    "cid": "xHJCoLPfIm",
    "authorUid": "bd-2119633778",
    "authorUserName": "三***H",
    "title": "rosePie(玫瑰图)",
    "description": "rosePie(玫瑰图)",
    "latestVersion": 1,
    "alwaysLatest": 1,
    "createTime": "2018-08-16T02:51:17.000Z",
    "lastUpdateTime": "2018-08-16T02:51:17.000Z",
    "auth": 2,
    "uid": "bd-2119633778",
    "publishedVersion": 0,
    "forkFrom": "-",
    "isSpam": 0,
    "version": 1,
    "parentVersion": -1,
    "echartsVersion": "4.1.0",
    "versionCreateTime": "2018-08-16T02:51:17.000Z",
    "html": "",
    "externalScripts": "",
    "updaterUID": "bd-2119633778",
    "theme": "",
    "layout": "",
    "viewCount": 208,
    "userName": "三***H",
    "commentCount": 0,
    "starCount": 0,
    "isStared": 0,
    "thumbnailURL": "https://www.makeapie.com/ecg-storage/ec_gallery_thumbnail/xHJCoLPfIm.png?v=1534387877855",
    "isCustomThumbnail": 0,
    "builtinTags": [
        "category-work",
        "series-pie",
        "title",
        "tooltip",
        "visualMap"
    ],
    "customTags": [],
    "updaterUserName": "三***H"
}