{
    "cid": "xHk-R_IG8m",
    "authorUid": "bd-2119633778",
    "authorUserName": "三***H",
    "title": "echarts-demo(水平正负柱状图)",
    "description": "echarts-demo(水平正负柱状图)",
    "latestVersion": 4,
    "alwaysLatest": 1,
    "createTime": "2018-08-16T01:52:09.000Z",
    "lastUpdateTime": "2018-11-23T06:34:49.000Z",
    "auth": 2,
    "uid": "bd-2119633778",
    "publishedVersion": 1,
    "forkFrom": "-",
    "isSpam": 0,
    "version": 1,
    "parentVersion": -1,
    "echartsVersion": "4.1.0",
    "versionCreateTime": "2018-08-16T01:52:09.000Z",
    "html": "",
    "externalScripts": "",
    "updaterUID": "bd-2119633778",
    "theme": "default",
    "layout": "",
    "viewCount": 812,
    "userName": "三***H",
    "commentCount": 0,
    "starCount": 8,
    "isStared": 0,
    "thumbnailURL": "https://www.makeapie.com/ecg-storage/ec_gallery_thumbnail/xHk-R_IG8m.png?v=1542941803317",
    "isCustomThumbnail": 0,
    "builtinTags": [
        "category-work",
        "grid",
        "legend",
        "series-bar",
        "tooltip"
    ],
    "customTags": [],
    "updaterUserName": "三***H"
}