{
    "cid": "xHyvxxOMIX",
    "authorUid": "bd-3659238790",
    "authorUserName": "死***翼",
    "title": "功率质量监测",
    "description": "",
    "latestVersion": 1,
    "alwaysLatest": 1,
    "createTime": "2018-08-16T03:30:54.000Z",
    "lastUpdateTime": "2018-08-16T03:30:54.000Z",
    "auth": 2,
    "uid": "bd-3659238790",
    "publishedVersion": 0,
    "forkFrom": "-",
    "isSpam": 0,
    "version": 1,
    "parentVersion": -1,
    "echartsVersion": "4.1.0",
    "versionCreateTime": "2018-08-16T03:30:54.000Z",
    "html": "",
    "externalScripts": "",
    "updaterUID": "bd-3659238790",
    "theme": "",
    "layout": "",
    "viewCount": 1030,
    "userName": "死***翼",
    "commentCount": 0,
    "starCount": 3,
    "isStared": 0,
    "thumbnailURL": "https://www.makeapie.com/ecg-storage/ec_gallery_thumbnail/xHyvxxOMIX.png?v=1534390254776",
    "isCustomThumbnail": 1,
    "builtinTags": [
        "category-work",
        "series-gauge",
        "series-pie",
        "tooltip"
    ],
    "customTags": [],
    "updaterUserName": "死***翼"
}