{
    "cid": "xr18-vDfIm",
    "authorUid": "bd-2119633778",
    "authorUserName": "三***H",
    "title": "scatterDiagram(散点)",
    "description": "scatterDiagram(散点)",
    "latestVersion": 1,
    "alwaysLatest": 1,
    "createTime": "2018-08-16T02:52:46.000Z",
    "lastUpdateTime": "2018-08-16T02:52:46.000Z",
    "auth": 1,
    "uid": "bd-2119633778",
    "publishedVersion": 0,
    "forkFrom": "-",
    "isSpam": 0,
    "version": 1,
    "parentVersion": -1,
    "echartsVersion": "4.1.0",
    "versionCreateTime": "2018-08-16T02:52:46.000Z",
    "html": "",
    "externalScripts": "",
    "updaterUID": "bd-2119633778",
    "theme": "",
    "layout": "",
    "viewCount": 120,
    "userName": "三***H",
    "commentCount": 0,
    "starCount": 0,
    "isStared": 0,
    "thumbnailURL": "https://www.makeapie.com/ecg-storage/ec_gallery_thumbnail/xr18-vDfIm.png?v=1534387966496",
    "isCustomThumbnail": 0,
    "builtinTags": [
        "category-work",
        "grid",
        "series-scatter",
        "title",
        "tooltip"
    ],
    "customTags": [],
    "updaterUserName": "三***H"
}