{
    "cid": "xrJNMy0z87",
    "authorUid": "bd-3894911789",
    "authorUserName": "t***3",
    "title": "gague+星星点灯",
    "description": "",
    "latestVersion": 1,
    "alwaysLatest": 1,
    "createTime": "2018-08-16T10:16:44.000Z",
    "lastUpdateTime": "2018-08-16T10:16:44.000Z",
    "auth": 2,
    "uid": "bd-3894911789",
    "publishedVersion": 0,
    "forkFrom": "-",
    "isSpam": 0,
    "version": 1,
    "parentVersion": -1,
    "echartsVersion": "4.1.0",
    "versionCreateTime": "2018-08-16T10:16:44.000Z",
    "html": "",
    "externalScripts": "",
    "updaterUID": "bd-3894911789",
    "theme": "",
    "layout": "",
    "viewCount": 838,
    "userName": "t***3",
    "commentCount": 0,
    "starCount": 3,
    "isStared": 0,
    "thumbnailURL": "https://www.makeapie.com/ecg-storage/ec_gallery_thumbnail/xrJNMy0z87.png?v=1534414604377",
    "isCustomThumbnail": 0,
    "builtinTags": [
        "category-work",
        "grid",
        "series-gauge",
        "series-pictorialBar",
        "tooltip"
    ],
    "customTags": [],
    "updaterUserName": "t***3"
}