{
    "cid": "xSJx4JjG8X",
    "authorUid": "bd-900618179",
    "authorUserName": "御***r",
    "title": "160种path",
    "description": "复制与别人，分享与大家",
    "latestVersion": 1,
    "alwaysLatest": 1,
    "createTime": "2018-08-16T06:52:23.000Z",
    "lastUpdateTime": "2018-08-16T06:52:23.000Z",
    "auth": 2,
    "uid": "bd-900618179",
    "publishedVersion": 0,
    "forkFrom": "-",
    "isSpam": 0,
    "version": 1,
    "parentVersion": -1,
    "echartsVersion": "4.1.0",
    "versionCreateTime": "2018-08-16T06:52:24.000Z",
    "html": "",
    "externalScripts": "",
    "updaterUID": "bd-900618179",
    "theme": "",
    "layout": "",
    "viewCount": 1769,
    "userName": "御***r",
    "commentCount": 0,
    "starCount": 17,
    "isStared": 0,
    "thumbnailURL": "https://www.makeapie.com/ecg-storage/ec_gallery_thumbnail/xSJx4JjG8X.png?v=1534402344211",
    "isCustomThumbnail": 0,
    "builtinTags": [
        "category-work",
        "grid",
        "legend",
        "series-bar",
        "title"
    ],
    "customTags": [
        "icon"
    ],
    "updaterUserName": "御***r"
}