{
    "cid": "xSkiwvLMLm",
    "authorUid": "bd-2119633778",
    "authorUserName": "三***H",
    "title": "echarts-demo(多系列堆叠柱状图)",
    "description": "echarts-demo(多系列堆叠柱状图)",
    "latestVersion": 1,
    "alwaysLatest": 1,
    "createTime": "2018-08-16T01:46:11.000Z",
    "lastUpdateTime": "2018-08-16T01:46:11.000Z",
    "auth": 1,
    "uid": "bd-2119633778",
    "publishedVersion": 0,
    "forkFrom": "-",
    "isSpam": 0,
    "version": 1,
    "parentVersion": -1,
    "echartsVersion": "4.1.0",
    "versionCreateTime": "2018-08-16T01:46:11.000Z",
    "html": "",
    "externalScripts": "",
    "updaterUID": "bd-2119633778",
    "theme": "",
    "layout": "",
    "viewCount": 105,
    "userName": "三***H",
    "commentCount": 0,
    "starCount": 0,
    "isStared": 0,
    "thumbnailURL": "https://www.makeapie.com/ecg-storage/ec_gallery_thumbnail/xSkiwvLMLm.png?v=1534383971301",
    "isCustomThumbnail": 0,
    "builtinTags": [
        "category-work",
        "grid",
        "legend",
        "series-bar",
        "tooltip"
    ],
    "customTags": [],
    "updaterUserName": "三***H"
}