{
    "cid": "xSkls2nfUQ",
    "authorUid": "bd-3659238790",
    "authorUserName": "死***翼",
    "title": "饼图展示",
    "description": "主要是label 的样式展示",
    "latestVersion": 2,
    "alwaysLatest": 1,
    "createTime": "2018-08-16T08:58:00.000Z",
    "lastUpdateTime": "2018-08-16T08:58:00.000Z",
    "auth": 2,
    "uid": "bd-3659238790",
    "publishedVersion": 0,
    "forkFrom": "-",
    "isSpam": 0,
    "version": 2,
    "parentVersion": 1,
    "echartsVersion": "4.1.0",
    "versionCreateTime": "2018-08-16T09:10:36.000Z",
    "html": "",
    "externalScripts": "",
    "updaterUID": "bd-3659238790",
    "theme": "",
    "layout": "",
    "viewCount": 2530,
    "userName": "死***翼",
    "commentCount": 0,
    "starCount": 9,
    "isStared": 0,
    "thumbnailURL": "https://www.makeapie.com/ecg-storage/ec_gallery_thumbnail/xSkls2nfUQ.png?v=1534410636813",
    "isCustomThumbnail": 0,
    "builtinTags": [
        "category-work",
        "legend",
        "series-pie",
        "tooltip"
    ],
    "customTags": [],
    "updaterUserName": "死***翼"
}