{
    "cid": "x-eGwKCseS",
    "authorUid": "obd-oP4yFspLjRVwrJMfdPnGV7KDfYDUc9Q",
    "authorUserName": "宁***群",
    "title": "K线图-dataset",
    "description": "K线图-探索使用dataset设置值",
    "latestVersion": 1,
    "alwaysLatest": 0,
    "createTime": "2021-08-13T06:58:53.000Z",
    "lastUpdateTime": "2021-08-13T06:58:53.000Z",
    "auth": 2,
    "uid": "obd-oP4yFspLjRVwrJMfdPnGV7KDfYDUc9Q",
    "publishedVersion": 0,
    "forkFrom": "-",
    "isSpam": 0,
    "version": 1,
    "parentVersion": -1,
    "echartsVersion": "4.9.0",
    "versionCreateTime": "2021-08-13T06:58:53.000Z",
    "html": "",
    "externalScripts": "",
    "updaterUID": "obd-oP4yFspLjRVwrJMfdPnGV7KDfYDUc9Q",
    "theme": "",
    "layout": "",
    "viewCount": 0,
    "userName": "宁***群",
    "commentCount": 0,
    "starCount": 1,
    "isStared": 0,
    "thumbnailURL": "https://www.makeapie.com/ecg-storage/ec_gallery_thumbnail/x-eGwKCseS.png?v=1628837933678",
    "isCustomThumbnail": 0,
    "builtinTags": [
        "category-work",
        "dataset",
        "dataZoom",
        "grid",
        "legend",
        "series-candlestick",
        "tooltip"
    ],
    "customTags": [],
    "updaterUserName": "宁***群"
}