{
    "cid": "x2AEZfczI4",
    "authorUid": "bd-156132975",
    "authorUserName": "坏***羯",
    "title": "折线图-饼图数据联动",
    "description": "折线图-饼图数据联动\n数据集属性dataset使用",
    "latestVersion": 7,
    "alwaysLatest": 0,
    "createTime": "2021-08-12T06:57:14.000Z",
    "lastUpdateTime": "2021-08-25T01:52:04.000Z",
    "auth": 1,
    "uid": "bd-156132975",
    "publishedVersion": 0,
    "forkFrom": "-",
    "isSpam": 0,
    "version": 7,
    "parentVersion": 6,
    "echartsVersion": "5.1.2",
    "versionCreateTime": "2021-08-25T01:52:04.000Z",
    "html": "",
    "externalScripts": "",
    "updaterUID": "bd-156132975",
    "theme": "default",
    "layout": "",
    "viewCount": 0,
    "userName": "坏***羯",
    "commentCount": 1,
    "starCount": 5,
    "isStared": 0,
    "thumbnailURL": "https://www.makeapie.com/ecg-storage/ec_gallery_thumbnail/x2AEZfczI4.png?v=1629856324975",
    "isCustomThumbnail": 0,
    "builtinTags": [
        "category-work",
        "dataset",
        "grid",
        "legend",
        "series-line",
        "series-pie",
        "title",
        "tooltip"
    ],
    "customTags": [
        "formatter"
    ],
    "updaterUserName": "坏***羯"
}