{
    "cid": "x65qygcLFS",
    "authorUid": "obd-otrTmdlPtbfrzTNt5DDKQLVfvvtoa8t",
    "authorUserName": "唧***楠",
    "title": "生产情况",
    "description": "",
    "latestVersion": 3,
    "alwaysLatest": 0,
    "createTime": "2021-08-13T07:44:33.000Z",
    "lastUpdateTime": "2021-08-13T09:35:54.000Z",
    "auth": 2,
    "uid": "obd-otrTmdlPtbfrzTNt5DDKQLVfvvtoa8t",
    "publishedVersion": 0,
    "forkFrom": "-",
    "isSpam": 0,
    "version": 3,
    "parentVersion": 2,
    "echartsVersion": "5.1.2",
    "versionCreateTime": "2021-08-13T09:35:54.000Z",
    "html": "",
    "externalScripts": "",
    "updaterUID": "obd-otrTmdlPtbfrzTNt5DDKQLVfvvtoa8t",
    "theme": "",
    "layout": "",
    "viewCount": 0,
    "userName": "唧***楠",
    "commentCount": 0,
    "starCount": 3,
    "isStared": 0,
    "thumbnailURL": "https://www.makeapie.com/ecg-storage/ec_gallery_thumbnail/x65qygcLFS.png?v=1628847354910",
    "isCustomThumbnail": 0,
    "builtinTags": [
        "category-work",
        "grid",
        "series-bar",
        "title"
    ],
    "customTags": [],
    "updaterUserName": "唧***楠"
}