{
    "cid": "xlCA5Px7Ji",
    "authorUid": "bd-2940081396",
    "authorUserName": "w***色",
    "title": "新能源使用进度条",
    "description": "",
    "latestVersion": 7,
    "alwaysLatest": 0,
    "createTime": "2021-08-13T03:13:43.000Z",
    "lastUpdateTime": "2021-08-13T03:37:06.000Z",
    "auth": 2,
    "uid": "bd-2940081396",
    "publishedVersion": 0,
    "forkFrom": "-",
    "isSpam": 0,
    "version": 7,
    "parentVersion": 6,
    "echartsVersion": "5.1.2",
    "versionCreateTime": "2021-08-13T03:37:06.000Z",
    "html": "",
    "externalScripts": "",
    "updaterUID": "bd-2940081396",
    "theme": "",
    "layout": "",
    "viewCount": 0,
    "userName": "w***色",
    "commentCount": 0,
    "starCount": 5,
    "isStared": 0,
    "thumbnailURL": "https://www.makeapie.com/ecg-storage/ec_gallery_thumbnail/xlCA5Px7Ji.png?v=1628825827040",
    "isCustomThumbnail": 0,
    "builtinTags": [
        "category-work",
        "grid",
        "series-bar",
        "series-pictorialBar"
    ],
    "customTags": [],
    "updaterUserName": "w***色"
}