{
    "cid": "xMipKyMQ58",
    "authorUid": "obd-otrTmdlPtbfrzTNt5DDKQLVfvvtoa8t",
    "authorUserName": "唧***楠",
    "title": "原材料",
    "description": "",
    "latestVersion": 2,
    "alwaysLatest": 0,
    "createTime": "2021-08-13T07:41:16.000Z",
    "lastUpdateTime": "2021-08-13T07:43:46.000Z",
    "auth": 2,
    "uid": "obd-otrTmdlPtbfrzTNt5DDKQLVfvvtoa8t",
    "publishedVersion": 0,
    "forkFrom": "-",
    "isSpam": 0,
    "version": 2,
    "parentVersion": 1,
    "echartsVersion": "5.1.2",
    "versionCreateTime": "2021-08-13T07:43:47.000Z",
    "html": "",
    "externalScripts": "",
    "updaterUID": "obd-otrTmdlPtbfrzTNt5DDKQLVfvvtoa8t",
    "theme": "",
    "layout": "",
    "viewCount": 0,
    "userName": "唧***楠",
    "commentCount": 0,
    "starCount": 0,
    "isStared": 0,
    "thumbnailURL": "https://www.makeapie.com/ecg-storage/ec_gallery_thumbnail/xMipKyMQ58.png?v=1628840627093",
    "isCustomThumbnail": 0,
    "builtinTags": [
        "category-work",
        "grid",
        "legend",
        "series-bar",
        "series-line",
        "tooltip"
    ],
    "customTags": [],
    "updaterUserName": "唧***楠"
}