{
    "cid": "xnAZ08xTob",
    "authorUid": "bd-3359884264",
    "authorUserName": "橙***蝎",
    "title": "pie",
    "description": "",
    "latestVersion": 2,
    "alwaysLatest": 0,
    "createTime": "2021-08-13T07:51:56.000Z",
    "lastUpdateTime": "2021-08-13T08:38:29.000Z",
    "auth": 2,
    "uid": "bd-3359884264",
    "publishedVersion": 0,
    "forkFrom": "-",
    "isSpam": 0,
    "version": 2,
    "parentVersion": 1,
    "echartsVersion": "4.4.0",
    "versionCreateTime": "2021-08-13T08:38:29.000Z",
    "html": "",
    "externalScripts": "",
    "updaterUID": "bd-3359884264",
    "theme": "",
    "layout": "",
    "viewCount": 0,
    "userName": "橙***蝎",
    "commentCount": 0,
    "starCount": 0,
    "isStared": 0,
    "thumbnailURL": "https://www.makeapie.com/ecg-storage/ec_gallery_thumbnail/xnAZ08xTob.png?v=1628843909899",
    "isCustomThumbnail": 0,
    "builtinTags": [
        "category-work",
        "legend",
        "series-pie",
        "title",
        "tooltip"
    ],
    "customTags": [],
    "updaterUserName": "橙***蝎"
}