{
    "cid": "xRDExZJb0p",
    "authorUid": "obd-oCgtoOmYRqaIdMPNFZOsDsFZnHhSR3J",
    "authorUserName": "落***e",
    "title": "双柱状图",
    "description": "",
    "latestVersion": 1,
    "alwaysLatest": 0,
    "createTime": "2021-08-12T09:08:47.000Z",
    "lastUpdateTime": "2021-08-12T09:08:47.000Z",
    "auth": 2,
    "uid": "obd-oCgtoOmYRqaIdMPNFZOsDsFZnHhSR3J",
    "publishedVersion": 0,
    "forkFrom": "-",
    "isSpam": 0,
    "version": 1,
    "parentVersion": -1,
    "echartsVersion": "5.1.2",
    "versionCreateTime": "2021-08-12T09:08:47.000Z",
    "html": "",
    "externalScripts": "",
    "updaterUID": "obd-oCgtoOmYRqaIdMPNFZOsDsFZnHhSR3J",
    "theme": "",
    "layout": "",
    "viewCount": 0,
    "userName": "落***e",
    "commentCount": 0,
    "starCount": 1,
    "isStared": 0,
    "thumbnailURL": "https://www.makeapie.com/ecg-storage/ec_gallery_thumbnail/xRDExZJb0p.png?v=1628759328004",
    "isCustomThumbnail": 0,
    "builtinTags": [
        "category-work",
        "grid",
        "legend",
        "series-bar"
    ],
    "customTags": [],
    "updaterUserName": "落***e"
}