{
    "cid": "xsaVe8X_Yy",
    "authorUid": "obd-otrTmdlPtbfrzTNt5DDKQLVfvvtoa8t",
    "authorUserName": "唧***楠",
    "title": "image柱体",
    "description": "",
    "latestVersion": 2,
    "alwaysLatest": 0,
    "createTime": "2021-08-13T03:35:32.000Z",
    "lastUpdateTime": "2021-08-13T03:36:46.000Z",
    "auth": 2,
    "uid": "obd-otrTmdlPtbfrzTNt5DDKQLVfvvtoa8t",
    "publishedVersion": 0,
    "forkFrom": "-",
    "isSpam": 0,
    "version": 2,
    "parentVersion": 1,
    "echartsVersion": "5.1.2",
    "versionCreateTime": "2021-08-13T03:36:46.000Z",
    "html": "",
    "externalScripts": "",
    "updaterUID": "obd-otrTmdlPtbfrzTNt5DDKQLVfvvtoa8t",
    "theme": "",
    "layout": "",
    "viewCount": 0,
    "userName": "唧***楠",
    "commentCount": 0,
    "starCount": 7,
    "isStared": 0,
    "thumbnailURL": "https://www.makeapie.com/ecg-storage/ec_gallery_thumbnail/xsaVe8X_Yy.png?v=1628825806576",
    "isCustomThumbnail": 0,
    "builtinTags": [
        "category-work",
        "grid",
        "series-bar",
        "series-pictorialBar",
        "tooltip"
    ],
    "customTags": [],
    "updaterUserName": "唧***楠"
}