{
    "cid": "xugsUt6nx2",
    "authorUid": "bd-1291963670",
    "authorUserName": "7***6",
    "title": "深色饼图柱状图",
    "description": "",
    "latestVersion": 3,
    "alwaysLatest": 0,
    "createTime": "2021-08-13T02:28:41.000Z",
    "lastUpdateTime": "2021-08-16T03:19:16.000Z",
    "auth": 1,
    "uid": "bd-1291963670",
    "publishedVersion": 0,
    "forkFrom": "-",
    "isSpam": 0,
    "version": 3,
    "parentVersion": 2,
    "echartsVersion": "5.1.2",
    "versionCreateTime": "2021-08-16T03:19:16.000Z",
    "html": "",
    "externalScripts": "",
    "updaterUID": "bd-1291963670",
    "theme": "dark",
    "layout": "",
    "viewCount": 0,
    "userName": "7***6",
    "commentCount": 0,
    "starCount": 7,
    "isStared": 0,
    "thumbnailURL": "https://www.makeapie.com/ecg-storage/ec_gallery_thumbnail/xugsUt6nx2.png?v=1628821721227",
    "isCustomThumbnail": 1,
    "builtinTags": [
        "category-work",
        "dataset",
        "grid",
        "legend",
        "series-bar",
        "series-pie",
        "title",
        "tooltip"
    ],
    "customTags": [],
    "updaterUserName": "7***6"
}