{
    "cid": "xVbAdNS634",
    "authorUid": "obd-oP4y-Gr-m9aGJo9yK9wsF6iVjPKa49A",
    "authorUserName": "爱***帅",
    "title": "组织架构树",
    "description": "根据节点需要不同方向展现文字表述的组织架构树(关系树)",
    "latestVersion": 1,
    "alwaysLatest": 0,
    "createTime": "2021-08-13T06:49:49.000Z",
    "lastUpdateTime": "2021-08-13T06:49:49.000Z",
    "auth": 2,
    "uid": "obd-oP4y-Gr-m9aGJo9yK9wsF6iVjPKa49A",
    "publishedVersion": 0,
    "forkFrom": "-",
    "isSpam": 0,
    "version": 1,
    "parentVersion": -1,
    "echartsVersion": "5.1.2",
    "versionCreateTime": "2021-08-13T06:49:49.000Z",
    "html": "",
    "externalScripts": "",
    "updaterUID": "obd-oP4y-Gr-m9aGJo9yK9wsF6iVjPKa49A",
    "theme": "",
    "layout": "",
    "viewCount": 0,
    "userName": "爱***帅",
    "commentCount": 0,
    "starCount": 2,
    "isStared": 0,
    "thumbnailURL": "https://www.makeapie.com/ecg-storage/ec_gallery_thumbnail/xVbAdNS634.png?v=1628837389829",
    "isCustomThumbnail": 0,
    "builtinTags": [
        "category-work",
        "series-tree",
        "tooltip"
    ],
    "customTags": [],
    "updaterUserName": "爱***帅"
}