{
    "cid": "x4mXtZsLkJ",
    "authorUid": "obd-oEwg5-k2amAA08MhaKxt6o9w26g9W4u",
    "authorUserName": "迷***e",
    "title": "xx省全天电价时段分布图",
    "description": "电价分布图",
    "latestVersion": 8,
    "alwaysLatest": 0,
    "createTime": "2021-09-17T03:23:12.000Z",
    "lastUpdateTime": "2021-09-17T05:57:08.000Z",
    "auth": 2,
    "uid": "obd-oEwg5-k2amAA08MhaKxt6o9w26g9W4u",
    "publishedVersion": 0,
    "forkFrom": "-",
    "isSpam": 0,
    "version": 8,
    "parentVersion": 7,
    "echartsVersion": "5.2.0",
    "versionCreateTime": "2021-09-17T05:57:08.000Z",
    "html": "",
    "externalScripts": "",
    "updaterUID": "obd-oEwg5-k2amAA08MhaKxt6o9w26g9W4u",
    "theme": "",
    "layout": "",
    "viewCount": 0,
    "userName": "迷***e",
    "commentCount": 0,
    "starCount": 0,
    "isStared": 0,
    "thumbnailURL": "https://www.makeapie.com/ecg-storage/ec_gallery_thumbnail/x4mXtZsLkJ.png?v=1631858228987",
    "isCustomThumbnail": 0,
    "builtinTags": [
        "category-work",
        "grid",
        "series-custom",
        "title",
        "tooltip"
    ],
    "customTags": [],
    "updaterUserName": "迷***e"
}