{
    "cid": "xaVI_MdBbL",
    "authorUid": "bd-1606641265",
    "authorUserName": "你***1",
    "title": "水球",
    "description": "",
    "latestVersion": 1,
    "alwaysLatest": 0,
    "createTime": "2021-09-16T12:15:58.000Z",
    "lastUpdateTime": "2021-09-16T12:15:58.000Z",
    "auth": 2,
    "uid": "bd-1606641265",
    "publishedVersion": 0,
    "forkFrom": "-",
    "isSpam": 0,
    "version": 1,
    "parentVersion": -1,
    "echartsVersion": "4.9.0",
    "versionCreateTime": "2021-09-16T12:15:58.000Z",
    "html": "",
    "externalScripts": "https://cdn.jsdelivr.net/npm/echarts-liquidfill@2/dist/echarts-liquidfill.min.js",
    "updaterUID": "bd-1606641265",
    "theme": "",
    "layout": "",
    "viewCount": 0,
    "userName": "你***1",
    "commentCount": 0,
    "starCount": 8,
    "isStared": 0,
    "thumbnailURL": "https://www.makeapie.com/ecg-storage/ec_gallery_thumbnail/xaVI_MdBbL.png?v=1631794558896",
    "isCustomThumbnail": 0,
    "builtinTags": [
        "category-work",
        "polar",
        "series-bar",
        "series-liquidFill",
        "title"
    ],
    "customTags": [],
    "updaterUserName": "你***1"
}