{
    "cid": "xaXFU_7nkL",
    "authorUid": "bd-1063260687",
    "authorUserName": "大***饭",
    "title": "学历分布柱状图",
    "description": "学历分布柱状图",
    "latestVersion": 1,
    "alwaysLatest": 0,
    "createTime": "2021-09-17T02:57:03.000Z",
    "lastUpdateTime": "2021-09-17T02:57:03.000Z",
    "auth": 1,
    "uid": "bd-1063260687",
    "publishedVersion": 0,
    "forkFrom": "-",
    "isSpam": 0,
    "version": 1,
    "parentVersion": -1,
    "echartsVersion": "4.8.0",
    "versionCreateTime": "2021-09-17T02:57:03.000Z",
    "html": "",
    "externalScripts": "",
    "updaterUID": "bd-1063260687",
    "theme": "",
    "layout": "",
    "viewCount": 0,
    "userName": "大***饭",
    "commentCount": 0,
    "starCount": 1,
    "isStared": 0,
    "thumbnailURL": "https://www.makeapie.com/ecg-storage/ec_gallery_thumbnail/xaXFU_7nkL.png?v=1631847423586",
    "isCustomThumbnail": 0,
    "builtinTags": [
        "category-work",
        "grid",
        "series-bar",
        "tooltip"
    ],
    "customTags": [
        "bar"
    ],
    "updaterUserName": "大***饭"
}