{
    "cid": "xN-Rf3MWWI",
    "authorUid": "obd-oMhbaFPMuo2KxgAwAP9UGKskFf_si2S",
    "authorUserName": "L***k",
    "title": "Awesome Chart",
    "description": "",
    "latestVersion": 1,
    "alwaysLatest": 0,
    "createTime": "2021-09-17T03:45:56.000Z",
    "lastUpdateTime": "2021-09-17T03:45:56.000Z",
    "auth": 2,
    "uid": "obd-oMhbaFPMuo2KxgAwAP9UGKskFf_si2S",
    "publishedVersion": 0,
    "forkFrom": "-",
    "isSpam": 0,
    "version": 1,
    "parentVersion": -1,
    "echartsVersion": "5.2.0",
    "versionCreateTime": "2021-09-17T03:45:56.000Z",
    "html": "",
    "externalScripts": "",
    "updaterUID": "obd-oMhbaFPMuo2KxgAwAP9UGKskFf_si2S",
    "theme": "",
    "layout": "",
    "viewCount": 0,
    "userName": "L***k",
    "commentCount": 0,
    "starCount": 0,
    "isStared": 0,
    "thumbnailURL": "https://www.makeapie.com/ecg-storage/ec_gallery_thumbnail/xN-Rf3MWWI.png?v=1631850356785",
    "isCustomThumbnail": 0,
    "builtinTags": [
        "category-work",
        "grid",
        "series-bar",
        "title"
    ],
    "customTags": [],
    "updaterUserName": "L***k"
}