{
    "cid": "xqC4cdtXp2",
    "authorUid": "bd-4286708132",
    "authorUserName": "L***h",
    "title": "项目记录",
    "description": "在伊***铖作品的基础上修改",
    "latestVersion": 1,
    "alwaysLatest": 0,
    "createTime": "2021-09-16T03:20:30.000Z",
    "lastUpdateTime": "2021-09-16T03:20:30.000Z",
    "auth": 2,
    "uid": "bd-4286708132",
    "publishedVersion": 0,
    "forkFrom": "-",
    "isSpam": 0,
    "version": 1,
    "parentVersion": -1,
    "echartsVersion": "5.2.0",
    "versionCreateTime": "2021-09-16T03:20:30.000Z",
    "html": "",
    "externalScripts": "",
    "updaterUID": "bd-4286708132",
    "theme": "",
    "layout": "",
    "viewCount": 0,
    "userName": "L***h",
    "commentCount": 0,
    "starCount": 0,
    "isStared": 0,
    "thumbnailURL": "https://www.makeapie.com/ecg-storage/ec_gallery_thumbnail/xqC4cdtXp2.png?v=1631762431054",
    "isCustomThumbnail": 0,
    "builtinTags": [
        "category-work",
        "grid",
        "series-bar",
        "series-pictorialBar"
    ],
    "customTags": [],
    "updaterUserName": "L***h"
}