{
    "cid": "xQuvui2eOn",
    "authorUid": "obd-oj1TdsM_DNBP9syEyw_Nra3U7wgdDDP",
    "authorUserName": "l***啊",
    "title": "飞机柱状图",
    "description": "",
    "latestVersion": 1,
    "alwaysLatest": 0,
    "createTime": "2021-09-16T08:29:28.000Z",
    "lastUpdateTime": "2021-09-16T08:29:28.000Z",
    "auth": 2,
    "uid": "obd-oj1TdsM_DNBP9syEyw_Nra3U7wgdDDP",
    "publishedVersion": 0,
    "forkFrom": "-",
    "isSpam": 0,
    "version": 1,
    "parentVersion": -1,
    "echartsVersion": "5.2.0",
    "versionCreateTime": "2021-09-16T08:29:28.000Z",
    "html": "",
    "externalScripts": "",
    "updaterUID": "obd-oj1TdsM_DNBP9syEyw_Nra3U7wgdDDP",
    "theme": "",
    "layout": "",
    "viewCount": 0,
    "userName": "l***啊",
    "commentCount": 0,
    "starCount": 2,
    "isStared": 0,
    "thumbnailURL": "https://www.makeapie.com/ecg-storage/ec_gallery_thumbnail/xQuvui2eOn.png?v=1631780969080",
    "isCustomThumbnail": 0,
    "builtinTags": [
        "category-work",
        "grid",
        "series-bar",
        "series-pictorialBar",
        "tooltip"
    ],
    "customTags": [],
    "updaterUserName": "l***啊"
}