{
    "cid": "xSrH8whgoX",
    "authorUid": "obd-oPX-bGgM59S-cvdAf4xdmVOFWbjwt9y",
    "authorUserName": "132*****767",
    "title": "发单总数量趋势图",
    "description": "",
    "latestVersion": 1,
    "alwaysLatest": 0,
    "createTime": "2021-09-15T09:41:35.000Z",
    "lastUpdateTime": "2021-09-15T09:41:35.000Z",
    "auth": 2,
    "uid": "obd-oPX-bGgM59S-cvdAf4xdmVOFWbjwt9y",
    "publishedVersion": 0,
    "forkFrom": "-",
    "isSpam": 0,
    "version": 1,
    "parentVersion": -1,
    "echartsVersion": "5.2.0",
    "versionCreateTime": "2021-09-15T09:41:35.000Z",
    "html": "",
    "externalScripts": "",
    "updaterUID": "obd-oPX-bGgM59S-cvdAf4xdmVOFWbjwt9y",
    "theme": "",
    "layout": "",
    "viewCount": 0,
    "userName": "132*****767",
    "commentCount": 0,
    "starCount": 0,
    "isStared": 0,
    "thumbnailURL": "https://www.makeapie.com/ecg-storage/ec_gallery_thumbnail/xSrH8whgoX.png?v=1631698895548",
    "isCustomThumbnail": 0,
    "builtinTags": [
        "category-work",
        "grid",
        "series-line",
        "title",
        "tooltip"
    ],
    "customTags": [],
    "updaterUserName": "132*****767"
}