{
    "cid": "xvr7NjbHbF",
    "authorUid": "bd-3817636711",
    "authorUserName": "S***G",
    "title": "太极",
    "description": "简单的一批，如果能动起来就更好了",
    "latestVersion": 1,
    "alwaysLatest": 0,
    "createTime": "2021-09-15T09:21:51.000Z",
    "lastUpdateTime": "2021-09-15T09:21:51.000Z",
    "auth": 2,
    "uid": "bd-3817636711",
    "publishedVersion": 0,
    "forkFrom": "-",
    "isSpam": 0,
    "version": 1,
    "parentVersion": -1,
    "echartsVersion": "5.2.0",
    "versionCreateTime": "2021-09-15T09:21:51.000Z",
    "html": "",
    "externalScripts": "",
    "updaterUID": "bd-3817636711",
    "theme": "",
    "layout": "",
    "viewCount": 0,
    "userName": "S***G",
    "commentCount": 0,
    "starCount": 7,
    "isStared": 0,
    "thumbnailURL": "https://www.makeapie.com/ecg-storage/ec_gallery_thumbnail/xvr7NjbHbF.png?v=1631697711225",
    "isCustomThumbnail": 0,
    "builtinTags": [
        "category-work",
        "series-pie"
    ],
    "customTags": [],
    "updaterUserName": "S***G"
}