{
    "cid": "xZ25JbQAb9",
    "authorUid": "bd-1063260687",
    "authorUserName": "大***饭",
    "title": "考核成绩趋势图",
    "description": "考核成绩趋势图",
    "latestVersion": 1,
    "alwaysLatest": 0,
    "createTime": "2021-09-17T02:34:41.000Z",
    "lastUpdateTime": "2021-09-17T02:34:41.000Z",
    "auth": 1,
    "uid": "bd-1063260687",
    "publishedVersion": 0,
    "forkFrom": "-",
    "isSpam": 0,
    "version": 1,
    "parentVersion": -1,
    "echartsVersion": "5.2.0",
    "versionCreateTime": "2021-09-17T02:34:42.000Z",
    "html": "",
    "externalScripts": "",
    "updaterUID": "bd-1063260687",
    "theme": "",
    "layout": "",
    "viewCount": 0,
    "userName": "大***饭",
    "commentCount": 0,
    "starCount": 0,
    "isStared": 0,
    "thumbnailURL": "https://www.makeapie.com/ecg-storage/ec_gallery_thumbnail/xZ25JbQAb9.png?v=1631846082125",
    "isCustomThumbnail": 0,
    "builtinTags": [
        "category-work",
        "grid",
        "series-line",
        "tooltip"
    ],
    "customTags": [
        "line"
    ],
    "updaterUserName": "大***饭"
}