{
    "cid": "x5J3XFscI3",
    "authorUid": "obd-oj8mWmh-FHYDaZZWhb8foYb1HjsvEDK",
    "authorUserName": "藍***友",
    "title": "百分比面积图",
    "description": "纵坐标为百分比",
    "latestVersion": 2,
    "alwaysLatest": 1,
    "createTime": "2020-12-10T12:15:15.000Z",
    "lastUpdateTime": "2020-12-10T12:15:15.000Z",
    "auth": 2,
    "uid": "obd-oj8mWmh-FHYDaZZWhb8foYb1HjsvEDK",
    "publishedVersion": 0,
    "forkFrom": "-",
    "isSpam": 0,
    "version": 2,
    "parentVersion": 1,
    "echartsVersion": "4.8.0",
    "versionCreateTime": "2020-12-28T12:57:36.000Z",
    "html": "",
    "externalScripts": "",
    "updaterUID": "obd-oj8mWmh-FHYDaZZWhb8foYb1HjsvEDK",
    "theme": "",
    "layout": "",
    "viewCount": 51,
    "userName": "藍***友",
    "commentCount": 0,
    "starCount": 1,
    "isStared": 0,
    "thumbnailURL": "https://www.makeapie.com/ecg-storage/ec_gallery_thumbnail/x5J3XFscI3.png?v=1609160256890",
    "isCustomThumbnail": 0,
    "builtinTags": [
        "category-work",
        "grid",
        "series-line",
        "tooltip"
    ],
    "customTags": [
        "折线",
        "百分比",
        "面积图"
    ],
    "updaterUserName": "藍***友"
}