{
    "cid": "x_pe2JA-h_",
    "authorUid": "obd-oF_xBEUaU3oyzHh0hg5ntWKmhb36Y5U",
    "authorUserName": "a***u",
    "title": "等比例缩放散点图",
    "description": "等比例缩放散点图",
    "latestVersion": 1,
    "alwaysLatest": 1,
    "createTime": "2020-12-14T08:21:55.000Z",
    "lastUpdateTime": "2020-12-14T08:21:55.000Z",
    "auth": 2,
    "uid": "obd-oF_xBEUaU3oyzHh0hg5ntWKmhb36Y5U",
    "publishedVersion": 0,
    "forkFrom": "-",
    "isSpam": 0,
    "version": 1,
    "parentVersion": -1,
    "echartsVersion": "4.8.0",
    "versionCreateTime": "2020-12-14T08:21:55.000Z",
    "html": "",
    "externalScripts": "",
    "updaterUID": "obd-oF_xBEUaU3oyzHh0hg5ntWKmhb36Y5U",
    "theme": "",
    "layout": "",
    "viewCount": 194,
    "userName": "a***u",
    "commentCount": 0,
    "starCount": 4,
    "isStared": 0,
    "thumbnailURL": "https://www.makeapie.com/ecg-storage/ec_gallery_thumbnail/x_pe2JA-h_.png?v=1607934115486",
    "isCustomThumbnail": 0,
    "builtinTags": [
        "category-work",
        "dataZoom",
        "grid",
        "legend",
        "series-scatter"
    ],
    "customTags": [
        "等比例缩放散点图"
    ],
    "updaterUserName": "a***u"
}