{
    "cid": "xGX5w72_mT",
    "authorUid": "obd-oDlZAyNk0MR8MOJcaHD4t_P3ohkEK17",
    "authorUserName": "码***记",
    "title": "",
    "description": "",
    "latestVersion": 1,
    "alwaysLatest": 1,
    "createTime": "2020-12-10T15:01:18.000Z",
    "lastUpdateTime": "2020-12-10T15:01:18.000Z",
    "auth": 2,
    "uid": "obd-oDlZAyNk0MR8MOJcaHD4t_P3ohkEK17",
    "publishedVersion": 0,
    "forkFrom": "-",
    "isSpam": 0,
    "version": 1,
    "parentVersion": -1,
    "echartsVersion": "4.8.0",
    "versionCreateTime": "2020-12-10T15:01:18.000Z",
    "html": "",
    "externalScripts": "",
    "updaterUID": "obd-oDlZAyNk0MR8MOJcaHD4t_P3ohkEK17",
    "theme": "dark",
    "layout": "",
    "viewCount": 49,
    "userName": "码***记",
    "commentCount": 0,
    "starCount": 1,
    "isStared": 0,
    "thumbnailURL": "https://www.makeapie.com/ecg-storage/ec_gallery_thumbnail/xGX5w72_mT.png?v=1607612478717",
    "isCustomThumbnail": 0,
    "builtinTags": [
        "category-work",
        "grid",
        "legend",
        "series-line",
        "tooltip"
    ],
    "customTags": [],
    "updaterUserName": "码***记"
}