{
    "cid": "xhiPrKCl9D",
    "authorUid": "obd-oF_xBEUaU3oyzHh0hg5ntWKmhb36Y5U",
    "authorUserName": "a***u",
    "title": "竖向进度条",
    "description": "竖向进度条",
    "latestVersion": 3,
    "alwaysLatest": 1,
    "createTime": "2020-12-14T01:45:20.000Z",
    "lastUpdateTime": "2020-12-14T01:45:20.000Z",
    "auth": 2,
    "uid": "obd-oF_xBEUaU3oyzHh0hg5ntWKmhb36Y5U",
    "publishedVersion": 0,
    "forkFrom": "-",
    "isSpam": 0,
    "version": 3,
    "parentVersion": 2,
    "echartsVersion": "4.8.0",
    "versionCreateTime": "2020-12-14T01:49:07.000Z",
    "html": "",
    "externalScripts": "",
    "updaterUID": "obd-oF_xBEUaU3oyzHh0hg5ntWKmhb36Y5U",
    "theme": "",
    "layout": "",
    "viewCount": 91,
    "userName": "a***u",
    "commentCount": 0,
    "starCount": 2,
    "isStared": 0,
    "thumbnailURL": "https://www.makeapie.com/ecg-storage/ec_gallery_thumbnail/xhiPrKCl9D.png?v=1607910547875",
    "isCustomThumbnail": 0,
    "builtinTags": [
        "category-work",
        "grid",
        "series-pictorialBar"
    ],
    "customTags": [
        "进度条"
    ],
    "updaterUserName": "a***u"
}