{
    "cid": "xHrcyIj0z6",
    "authorUid": "bd-2671340109",
    "authorUserName": "Q***儿",
    "title": "柱状图",
    "description": "",
    "latestVersion": 1,
    "alwaysLatest": 1,
    "createTime": "2020-12-15T03:37:30.000Z",
    "lastUpdateTime": "2020-12-15T03:37:30.000Z",
    "auth": 2,
    "uid": "bd-2671340109",
    "publishedVersion": 0,
    "forkFrom": "-",
    "isSpam": 0,
    "version": 1,
    "parentVersion": -1,
    "echartsVersion": "4.8.0",
    "versionCreateTime": "2020-12-15T03:37:30.000Z",
    "html": "",
    "externalScripts": "",
    "updaterUID": "bd-2671340109",
    "theme": "",
    "layout": "",
    "viewCount": 74,
    "userName": "Q***儿",
    "commentCount": 0,
    "starCount": 0,
    "isStared": 0,
    "thumbnailURL": "https://www.makeapie.com/ecg-storage/ec_gallery_thumbnail/xHrcyIj0z6.png?v=1608003450510",
    "isCustomThumbnail": 0,
    "builtinTags": [
        "category-work",
        "dataZoom",
        "grid",
        "legend",
        "series-bar",
        "title"
    ],
    "customTags": [],
    "updaterUserName": "Q***儿"
}