{
    "cid": "xjEYRPusEg",
    "authorUid": "obd-o2mg74FfwyHhXevgAXUSg1re_wFg1B8",
    "authorUserName": "l***6",
    "title": "图例后面带着数据",
    "description": "",
    "latestVersion": 1,
    "alwaysLatest": 1,
    "createTime": "2020-12-15T02:47:54.000Z",
    "lastUpdateTime": "2020-12-15T02:47:54.000Z",
    "auth": 1,
    "uid": "obd-o2mg74FfwyHhXevgAXUSg1re_wFg1B8",
    "publishedVersion": 0,
    "forkFrom": "-",
    "isSpam": 0,
    "version": 1,
    "parentVersion": -1,
    "echartsVersion": "4.8.0",
    "versionCreateTime": "2020-12-15T02:47:54.000Z",
    "html": "",
    "externalScripts": "",
    "updaterUID": "obd-o2mg74FfwyHhXevgAXUSg1re_wFg1B8",
    "theme": "",
    "layout": "",
    "viewCount": 42,
    "userName": "l***6",
    "commentCount": 0,
    "starCount": 0,
    "isStared": 0,
    "thumbnailURL": "https://www.makeapie.com/ecg-storage/ec_gallery_thumbnail/xjEYRPusEg.png?v=1608000475029",
    "isCustomThumbnail": 0,
    "builtinTags": [
        "category-work",
        "legend",
        "series-pie",
        "tooltip"
    ],
    "customTags": [],
    "updaterUserName": "l***6"
}