{
    "cid": "xkORptBJt8",
    "authorUid": "bd-1317155940",
    "authorUserName": "雪***0",
    "title": "饼图",
    "description": "",
    "latestVersion": 2,
    "alwaysLatest": 1,
    "createTime": "2020-12-10T09:36:13.000Z",
    "lastUpdateTime": "2020-12-10T09:36:13.000Z",
    "auth": 2,
    "uid": "bd-1317155940",
    "publishedVersion": 0,
    "forkFrom": "-",
    "isSpam": 0,
    "version": 2,
    "parentVersion": 1,
    "echartsVersion": "4.8.0",
    "versionCreateTime": "2020-12-10T09:37:17.000Z",
    "html": "",
    "externalScripts": "",
    "updaterUID": "bd-1317155940",
    "theme": "",
    "layout": "",
    "viewCount": 107,
    "userName": "雪***0",
    "commentCount": 0,
    "starCount": 3,
    "isStared": 0,
    "thumbnailURL": "https://www.makeapie.com/ecg-storage/ec_gallery_thumbnail/xkORptBJt8.png?v=1607593037229",
    "isCustomThumbnail": 0,
    "builtinTags": [
        "category-work",
        "legend",
        "series-pie",
        "toolbox",
        "tooltip"
    ],
    "customTags": [],
    "updaterUserName": "雪***0"
}