{
    "cid": "xniCJPfHER",
    "authorUid": "obd-oF_xBEUaU3oyzHh0hg5ntWKmhb36Y5U",
    "authorUserName": "a***u",
    "title": "双X轴混合图",
    "description": "双X轴混合图",
    "latestVersion": 1,
    "alwaysLatest": 1,
    "createTime": "2020-12-14T01:54:07.000Z",
    "lastUpdateTime": "2020-12-14T01:54:07.000Z",
    "auth": 2,
    "uid": "obd-oF_xBEUaU3oyzHh0hg5ntWKmhb36Y5U",
    "publishedVersion": 0,
    "forkFrom": "-",
    "isSpam": 0,
    "version": 1,
    "parentVersion": -1,
    "echartsVersion": "4.8.0",
    "versionCreateTime": "2020-12-14T01:54:07.000Z",
    "html": "",
    "externalScripts": "",
    "updaterUID": "obd-oF_xBEUaU3oyzHh0hg5ntWKmhb36Y5U",
    "theme": "",
    "layout": "",
    "viewCount": 137,
    "userName": "a***u",
    "commentCount": 0,
    "starCount": 3,
    "isStared": 0,
    "thumbnailURL": "https://www.makeapie.com/ecg-storage/ec_gallery_thumbnail/xniCJPfHER.png?v=1607910847639",
    "isCustomThumbnail": 0,
    "builtinTags": [
        "category-work",
        "grid",
        "legend",
        "markLine",
        "series-bar",
        "series-line",
        "title",
        "tooltip"
    ],
    "customTags": [
        "混合图"
    ],
    "updaterUserName": "a***u"
}