{
    "cid": "xUkntDaTWU",
    "authorUid": "obd-o2HgkLuqycYWva2zUwRH05Gg8sUI1Bv",
    "authorUserName": "s***5",
    "title": "动态旋转",
    "description": "",
    "latestVersion": 1,
    "alwaysLatest": 1,
    "createTime": "2020-12-14T03:03:19.000Z",
    "lastUpdateTime": "2020-12-14T03:03:19.000Z",
    "auth": 2,
    "uid": "obd-o2HgkLuqycYWva2zUwRH05Gg8sUI1Bv",
    "publishedVersion": 0,
    "forkFrom": "-",
    "isSpam": 0,
    "version": 1,
    "parentVersion": -1,
    "echartsVersion": "4.8.0",
    "versionCreateTime": "2020-12-14T03:03:19.000Z",
    "html": "",
    "externalScripts": "",
    "updaterUID": "obd-o2HgkLuqycYWva2zUwRH05Gg8sUI1Bv",
    "theme": "",
    "layout": "",
    "viewCount": 466,
    "userName": "s***5",
    "commentCount": 0,
    "starCount": 10,
    "isStared": 0,
    "thumbnailURL": "https://www.makeapie.com/ecg-storage/ec_gallery_thumbnail/xUkntDaTWU.png?v=1607914999571",
    "isCustomThumbnail": 0,
    "builtinTags": [
        "category-work",
        "polar",
        "series-bar",
        "series-custom",
        "series-pie",
        "title"
    ],
    "customTags": [],
    "updaterUserName": "s***5"
}