{
    "cid": "xXnbOf9SN1",
    "authorUid": "obd-otaTgClS5h3PFs_r6csL_JkZfjTtL8Y",
    "authorUserName": "b***5",
    "title": "血缘桑基",
    "description": "",
    "latestVersion": 1,
    "alwaysLatest": 1,
    "createTime": "2020-12-14T03:05:06.000Z",
    "lastUpdateTime": "2020-12-14T03:05:06.000Z",
    "auth": 2,
    "uid": "obd-otaTgClS5h3PFs_r6csL_JkZfjTtL8Y",
    "publishedVersion": 0,
    "forkFrom": "-",
    "isSpam": 0,
    "version": 1,
    "parentVersion": -1,
    "echartsVersion": "4.8.0",
    "versionCreateTime": "2020-12-14T03:05:06.000Z",
    "html": "",
    "externalScripts": "",
    "updaterUID": "obd-otaTgClS5h3PFs_r6csL_JkZfjTtL8Y",
    "theme": "",
    "layout": "",
    "viewCount": 241,
    "userName": "b***5",
    "commentCount": 0,
    "starCount": 0,
    "isStared": 0,
    "thumbnailURL": "https://www.makeapie.com/ecg-storage/ec_gallery_thumbnail/xXnbOf9SN1.png?v=1607915106815",
    "isCustomThumbnail": 0,
    "builtinTags": [
        "category-work",
        "series-sankey",
        "title",
        "tooltip"
    ],
    "customTags": [],
    "updaterUserName": "b***5"
}