{
    "cid": "xYMSE9HF_o",
    "authorUid": "obd-olol5MsPFn9VQgI910phiIYhEwT6J0l",
    "authorUserName": "g***翔",
    "title": "戴帽子的柱状图",
    "description": "",
    "latestVersion": 1,
    "alwaysLatest": 1,
    "createTime": "2020-12-14T15:06:24.000Z",
    "lastUpdateTime": "2020-12-14T15:06:24.000Z",
    "auth": 2,
    "uid": "obd-olol5MsPFn9VQgI910phiIYhEwT6J0l",
    "publishedVersion": 0,
    "forkFrom": "-",
    "isSpam": 0,
    "version": 1,
    "parentVersion": -1,
    "echartsVersion": "4.8.0",
    "versionCreateTime": "2020-12-14T15:06:24.000Z",
    "html": "",
    "externalScripts": "",
    "updaterUID": "obd-olol5MsPFn9VQgI910phiIYhEwT6J0l",
    "theme": "",
    "layout": "",
    "viewCount": 34,
    "userName": "g***翔",
    "commentCount": 0,
    "starCount": 1,
    "isStared": 0,
    "thumbnailURL": "https://www.makeapie.com/ecg-storage/ec_gallery_thumbnail/xYMSE9HF_o.png?v=1607958384557",
    "isCustomThumbnail": 0,
    "builtinTags": [
        "category-work",
        "grid",
        "series-bar",
        "series-pictorialBar",
        "tooltip"
    ],
    "customTags": [],
    "updaterUserName": "g***翔"
}