{
    "cid": "xBJjBJPSjg",
    "authorUid": "bd-2215764494",
    "authorUserName": "p***g",
    "title": "柱状图渐变色",
    "description": "",
    "latestVersion": 2,
    "alwaysLatest": 1,
    "createTime": "2017-03-14T12:17:06.000Z",
    "lastUpdateTime": "2017-03-14T12:17:06.000Z",
    "auth": 2,
    "uid": "bd-2215764494",
    "publishedVersion": 0,
    "forkFrom": "-",
    "isSpam": 0,
    "version": 2,
    "parentVersion": 1,
    "echartsVersion": "3.4.0",
    "versionCreateTime": "2017-03-14T12:17:53.000Z",
    "html": "",
    "externalScripts": "",
    "updaterUID": "bd-2215764494",
    "theme": "",
    "layout": "",
    "viewCount": 2530,
    "userName": "p***g",
    "commentCount": 0,
    "starCount": 12,
    "isStared": 0,
    "thumbnailURL": "https://www.makeapie.com/ecg-storage/ec_gallery_thumbnail/xBJjBJPSjg.png?v=1489493874158",
    "isCustomThumbnail": 0,
    "builtinTags": [
        "category-work",
        "grid",
        "series-bar",
        "title"
    ],
    "customTags": [],
    "updaterUserName": "p***g"
}