{
    "cid": "xBJZvd5Rce",
    "authorUid": "bd-2034378441",
    "authorUserName": "丶***光",
    "title": "关系图",
    "description": "关系图",
    "latestVersion": 5,
    "alwaysLatest": 1,
    "createTime": "2017-03-09T08:54:48.000Z",
    "lastUpdateTime": "2017-03-09T08:54:48.000Z",
    "auth": 1,
    "uid": "bd-2034378441",
    "publishedVersion": 0,
    "forkFrom": "-",
    "isSpam": 0,
    "version": 5,
    "parentVersion": 4,
    "echartsVersion": "3.7.1",
    "versionCreateTime": "2017-09-23T07:22:46.000Z",
    "html": "",
    "externalScripts": "",
    "updaterUID": "bd-1696688313",
    "theme": "",
    "layout": "",
    "viewCount": 3150,
    "userName": "丶***光",
    "commentCount": 0,
    "starCount": 3,
    "isStared": 0,
    "thumbnailURL": "https://www.makeapie.com/ecg-storage/ec_gallery_thumbnail/xBJZvd5Rce.png?v=1506151366513",
    "isCustomThumbnail": 0,
    "builtinTags": [
        "category-work",
        "series-graph"
    ],
    "customTags": [],
    "updaterUserName": "水***6"
}