{
    "cid": "xHJLSXuIsx",
    "authorUid": "bd-1766609470",
    "authorUserName": "风悠悠兮C",
    "title": "饼图",
    "description": "",
    "latestVersion": 2,
    "alwaysLatest": 1,
    "createTime": "2017-03-15T07:54:37.000Z",
    "lastUpdateTime": "2017-03-15T07:54:37.000Z",
    "auth": 2,
    "uid": "bd-1766609470",
    "publishedVersion": 0,
    "forkFrom": "-",
    "isSpam": 0,
    "version": 2,
    "parentVersion": 1,
    "echartsVersion": "3.4.0",
    "versionCreateTime": "2017-03-15T08:04:16.000Z",
    "html": "",
    "externalScripts": "",
    "updaterUID": "bd-1766609470",
    "theme": "",
    "layout": "",
    "viewCount": 1012,
    "userName": "风悠悠兮C",
    "commentCount": 0,
    "starCount": 0,
    "isStared": 0,
    "thumbnailURL": "https://www.makeapie.com/ecg-storage/ec_gallery_thumbnail/xHJLSXuIsx.png?v=1489565056510",
    "isCustomThumbnail": 0,
    "builtinTags": [
        "category-work",
        "legend",
        "series-pie",
        "title",
        "tooltip"
    ],
    "customTags": [],
    "updaterUserName": "风悠悠兮C"
}