{
    "cid": "xHyFyYowsx",
    "authorUid": "bd-1515649092",
    "authorUserName": "可***字",
    "title": "多个饼图，label居中，横坐标区分",
    "description": "将label置于饼图中间显示，并添加横坐标区分",
    "latestVersion": 6,
    "alwaysLatest": 1,
    "createTime": "2017-03-16T05:55:44.000Z",
    "lastUpdateTime": "2017-03-16T05:55:44.000Z",
    "auth": 2,
    "uid": "bd-1515649092",
    "publishedVersion": 0,
    "forkFrom": "-",
    "isSpam": 0,
    "version": 6,
    "parentVersion": 5,
    "echartsVersion": "3.5.4",
    "versionCreateTime": "2017-05-12T01:46:17.000Z",
    "html": "",
    "externalScripts": "",
    "updaterUID": "bd-1515649092",
    "theme": "",
    "layout": "",
    "viewCount": 10618,
    "userName": "可***字",
    "commentCount": 0,
    "starCount": 11,
    "isStared": 0,
    "thumbnailURL": "https://www.makeapie.com/ecg-storage/ec_gallery_thumbnail/xHyFyYowsx.png?v=1494553577537",
    "isCustomThumbnail": 0,
    "builtinTags": [
        "category-work",
        "grid",
        "series-pie",
        "tooltip"
    ],
    "customTags": [],
    "updaterUserName": "可***字"
}