{
    "cid": "xr1gtk7csg",
    "authorUid": "bd-340078567",
    "authorUserName": "文***湃",
    "title": "饼状图",
    "description": "",
    "latestVersion": 1,
    "alwaysLatest": 1,
    "createTime": "2017-03-18T02:46:16.000Z",
    "lastUpdateTime": "2017-03-18T02:46:16.000Z",
    "auth": 2,
    "uid": "bd-340078567",
    "publishedVersion": 0,
    "forkFrom": "-",
    "isSpam": 0,
    "version": 1,
    "parentVersion": -1,
    "echartsVersion": "3.4.0",
    "versionCreateTime": "2017-03-18T02:46:16.000Z",
    "html": "",
    "externalScripts": "",
    "updaterUID": "bd-340078567",
    "theme": "",
    "layout": "",
    "viewCount": 7860,
    "userName": "文***湃",
    "commentCount": 0,
    "starCount": 11,
    "isStared": 0,
    "thumbnailURL": "https://www.makeapie.com/ecg-storage/ec_gallery_thumbnail/xr1gtk7csg.png?v=1489805176840",
    "isCustomThumbnail": 0,
    "builtinTags": [
        "category-work",
        "legend",
        "series-pie",
        "title",
        "tooltip"
    ],
    "customTags": [],
    "updaterUserName": "文***湃"
}