{
    "cid": "xr1YyQydog",
    "authorUid": "bd-84308560",
    "authorUserName": "575751386",
    "title": "简洁折线图",
    "description": "",
    "latestVersion": 3,
    "alwaysLatest": 1,
    "createTime": "2017-03-16T10:03:12.000Z",
    "lastUpdateTime": "2017-03-16T10:03:12.000Z",
    "auth": 2,
    "uid": "bd-84308560",
    "publishedVersion": 0,
    "forkFrom": "-",
    "isSpam": 0,
    "version": 3,
    "parentVersion": 2,
    "echartsVersion": "3.4.0",
    "versionCreateTime": "2017-03-17T02:32:13.000Z",
    "html": "",
    "externalScripts": "",
    "updaterUID": "bd-84308560",
    "theme": "",
    "layout": "",
    "viewCount": 199,
    "userName": "575751386",
    "commentCount": 0,
    "starCount": 0,
    "isStared": 0,
    "thumbnailURL": "https://www.makeapie.com/ecg-storage/ec_gallery_thumbnail/xr1YyQydog.png?v=1489717933559",
    "isCustomThumbnail": 0,
    "builtinTags": [
        "category-work",
        "grid",
        "series-line",
        "tooltip"
    ],
    "customTags": [],
    "updaterUserName": "575751386"
}