{
    "cid": "xrJkUZ1Nox",
    "authorUid": "bd-2970656997",
    "authorUserName": "出***户",
    "title": "柱状图",
    "description": "",
    "latestVersion": 38,
    "alwaysLatest": 1,
    "createTime": "2017-03-13T09:07:19.000Z",
    "lastUpdateTime": "2017-03-13T09:07:19.000Z",
    "auth": 1,
    "uid": "bd-2970656997",
    "publishedVersion": 0,
    "forkFrom": "-",
    "isSpam": 0,
    "version": 38,
    "parentVersion": 37,
    "echartsVersion": "3.8.0",
    "versionCreateTime": "2018-07-18T09:37:17.000Z",
    "html": "",
    "externalScripts": "",
    "updaterUID": "bd-3005307301",
    "theme": "",
    "layout": "",
    "viewCount": 10824,
    "userName": "出***户",
    "commentCount": 0,
    "starCount": 17,
    "isStared": 0,
    "thumbnailURL": "https://www.makeapie.com/ecg-storage/ec_gallery_thumbnail/xrJkUZ1Nox.png?v=1531906638062",
    "isCustomThumbnail": 0,
    "builtinTags": [
        "category-work",
        "grid",
        "legend",
        "series-bar",
        "title",
        "tooltip"
    ],
    "customTags": [],
    "updaterUserName": "李***1"
}