{
    "cid": "xry06afSje",
    "authorUid": "bd-2215764494",
    "authorUserName": "p***g",
    "title": "保证 x 轴显示最后一个标签",
    "description": "",
    "latestVersion": 1,
    "alwaysLatest": 1,
    "createTime": "2017-03-14T07:37:41.000Z",
    "lastUpdateTime": "2017-03-14T07:37:41.000Z",
    "auth": 2,
    "uid": "bd-2215764494",
    "publishedVersion": 0,
    "forkFrom": "-",
    "isSpam": 0,
    "version": 1,
    "parentVersion": -1,
    "echartsVersion": "3.4.0",
    "versionCreateTime": "2017-03-14T07:37:41.000Z",
    "html": "",
    "externalScripts": "",
    "updaterUID": "bd-2215764494",
    "theme": "",
    "layout": "",
    "viewCount": 3089,
    "userName": "p***g",
    "commentCount": 1,
    "starCount": 1,
    "isStared": 0,
    "thumbnailURL": "https://www.makeapie.com/ecg-storage/ec_gallery_thumbnail/xry06afSje.png?v=1489477062262",
    "isCustomThumbnail": 0,
    "builtinTags": [
        "category-work",
        "dataZoom",
        "grid",
        "series-line",
        "title",
        "toolbox",
        "tooltip"
    ],
    "customTags": [],
    "updaterUserName": "p***g"
}