{
    "cid": "xryCJHJijl",
    "authorUid": "bd-1412566899",
    "authorUserName": "范勒个二",
    "title": "全国36城小区专家数",
    "description": "data from Anjuke",
    "latestVersion": 6,
    "alwaysLatest": 1,
    "createTime": "2017-03-18T16:48:37.000Z",
    "lastUpdateTime": "2017-03-18T16:48:37.000Z",
    "auth": 2,
    "uid": "bd-1412566899",
    "publishedVersion": 0,
    "forkFrom": "-",
    "isSpam": 0,
    "version": 6,
    "parentVersion": 5,
    "echartsVersion": "3.4.0",
    "versionCreateTime": "2017-03-24T02:26:45.000Z",
    "html": "",
    "externalScripts": "/dep/echarts/map/js/china.js",
    "updaterUID": "bd-1412566899",
    "theme": "",
    "layout": "",
    "viewCount": 3735,
    "userName": "范勒个二",
    "commentCount": 0,
    "starCount": 7,
    "isStared": 0,
    "thumbnailURL": "https://www.makeapie.com/ecg-storage/ec_gallery_thumbnail/xryCJHJijl.png?v=1490322406440",
    "isCustomThumbnail": 0,
    "builtinTags": [
        "brush",
        "category-work",
        "dataZoom",
        "geo",
        "grid",
        "series-bar",
        "series-effectScatter",
        "series-scatter",
        "title",
        "toolbox",
        "tooltip"
    ],
    "customTags": [],
    "updaterUserName": "范勒个二"
}