{
    "cid": "xSJ_5id65x",
    "authorUid": "bd-1195124638",
    "authorUserName": "你***毛",
    "title": " 验方数据",
    "description": "",
    "latestVersion": 3,
    "alwaysLatest": 1,
    "createTime": "2017-03-08T12:39:43.000Z",
    "lastUpdateTime": "2017-03-08T12:39:43.000Z",
    "auth": 2,
    "uid": "bd-1195124638",
    "publishedVersion": 0,
    "forkFrom": "-",
    "isSpam": 0,
    "version": 3,
    "parentVersion": 2,
    "echartsVersion": "3.4.0",
    "versionCreateTime": "2017-03-19T02:24:45.000Z",
    "html": "",
    "externalScripts": "",
    "updaterUID": "bd-1195124638",
    "theme": "roma",
    "layout": "",
    "viewCount": 312,
    "userName": "你***毛",
    "commentCount": 0,
    "starCount": 1,
    "isStared": 0,
    "thumbnailURL": "https://www.makeapie.com/ecg-storage/ec_gallery_thumbnail/xSJ_5id65x.png?v=1489890286255",
    "isCustomThumbnail": 0,
    "builtinTags": [
        "category-work",
        "grid",
        "legend",
        "series-scatter",
        "title",
        "tooltip"
    ],
    "customTags": [],
    "updaterUserName": "你***毛"
}