{
    "cid": "xSJeIT7Bsl",
    "authorUid": "bd-3393722029",
    "authorUserName": "189*****321",
    "title": "30 days sale data",
    "description": "data from taobao",
    "latestVersion": 1,
    "alwaysLatest": 1,
    "createTime": "2017-03-14T08:43:52.000Z",
    "lastUpdateTime": "2017-03-14T08:43:52.000Z",
    "auth": 2,
    "uid": "bd-3393722029",
    "publishedVersion": 0,
    "forkFrom": "-",
    "isSpam": 0,
    "version": 1,
    "parentVersion": -1,
    "echartsVersion": "3.4.0",
    "versionCreateTime": "2017-03-14T08:43:52.000Z",
    "html": "",
    "externalScripts": "/dep/echarts/map/js/china.js",
    "updaterUID": "bd-3393722029",
    "theme": "",
    "layout": "",
    "viewCount": 546,
    "userName": "189*****321",
    "commentCount": 0,
    "starCount": 0,
    "isStared": 0,
    "thumbnailURL": "https://www.makeapie.com/ecg-storage/ec_gallery_thumbnail/xSJeIT7Bsl.png?v=1489481032759",
    "isCustomThumbnail": 0,
    "builtinTags": [
        "category-work",
        "geo",
        "legend",
        "series-effectScatter",
        "series-scatter",
        "title",
        "tooltip"
    ],
    "customTags": [],
    "updaterUserName": "189*****321"
}