{
    "cid": "xSJhP_Wtil",
    "authorUid": "bd-84308560",
    "authorUserName": "575751386",
    "title": "简洁 Area Chart",
    "description": "",
    "latestVersion": 4,
    "alwaysLatest": 1,
    "createTime": "2017-03-17T06:55:31.000Z",
    "lastUpdateTime": "2017-03-17T06:55:31.000Z",
    "auth": 2,
    "uid": "bd-84308560",
    "publishedVersion": 0,
    "forkFrom": "-",
    "isSpam": 0,
    "version": 4,
    "parentVersion": 3,
    "echartsVersion": "3.4.0",
    "versionCreateTime": "2017-03-20T02:47:43.000Z",
    "html": "",
    "externalScripts": "",
    "updaterUID": "bd-84308560",
    "theme": "",
    "layout": "",
    "viewCount": 261,
    "userName": "575751386",
    "commentCount": 0,
    "starCount": 1,
    "isStared": 0,
    "thumbnailURL": "https://www.makeapie.com/ecg-storage/ec_gallery_thumbnail/xSJhP_Wtil.png?v=1489978064085",
    "isCustomThumbnail": 0,
    "builtinTags": [
        "category-work",
        "grid",
        "series-line",
        "tooltip"
    ],
    "customTags": [],
    "updaterUserName": "575751386"
}