{
    "cid": "xSJpN0Ztig",
    "authorUid": "bd-4278441409",
    "authorUserName": "CathaieseAndy",
    "title": "Intraday Chart",
    "description": "snapshots and pnls",
    "latestVersion": 2,
    "alwaysLatest": 1,
    "createTime": "2017-03-17T07:20:20.000Z",
    "lastUpdateTime": "2017-03-17T07:20:20.000Z",
    "auth": 2,
    "uid": "bd-4278441409",
    "publishedVersion": 0,
    "forkFrom": "-",
    "isSpam": 0,
    "version": 2,
    "parentVersion": 1,
    "echartsVersion": "3.4.0",
    "versionCreateTime": "2017-03-17T07:20:49.000Z",
    "html": "",
    "externalScripts": "",
    "updaterUID": "bd-4278441409",
    "theme": "",
    "layout": "",
    "viewCount": 5525,
    "userName": "CathaieseAndy",
    "commentCount": 0,
    "starCount": 9,
    "isStared": 0,
    "thumbnailURL": "https://www.makeapie.com/ecg-storage/ec_gallery_thumbnail/xSJpN0Ztig.png?v=1489735249943",
    "isCustomThumbnail": 0,
    "builtinTags": [
        "category-work",
        "dataZoom",
        "grid",
        "series-bar",
        "series-line",
        "series-scatter",
        "title",
        "tooltip"
    ],
    "customTags": [],
    "updaterUserName": "CathaieseAndy"
}