{
    "cid": "xSJuQfYkol",
    "authorUid": "bd-1813650783",
    "authorUserName": "y***8",
    "title": "报故核实统计",
    "description": "环形加线条",
    "latestVersion": 1,
    "alwaysLatest": 1,
    "createTime": "2017-03-10T01:32:15.000Z",
    "lastUpdateTime": "2017-03-10T01:32:15.000Z",
    "auth": 2,
    "uid": "bd-1813650783",
    "publishedVersion": 0,
    "forkFrom": "-",
    "isSpam": 0,
    "version": 1,
    "parentVersion": -1,
    "echartsVersion": "3.4.0",
    "versionCreateTime": "2017-03-10T01:32:15.000Z",
    "html": "",
    "externalScripts": "",
    "updaterUID": "bd-1813650783",
    "theme": "",
    "layout": "",
    "viewCount": 300,
    "userName": "y***8",
    "commentCount": 0,
    "starCount": 0,
    "isStared": 0,
    "thumbnailURL": "https://www.makeapie.com/ecg-storage/ec_gallery_thumbnail/xSJuQfYkol.png?v=1489109535874",
    "isCustomThumbnail": 0,
    "builtinTags": [
        "category-work",
        "legend",
        "series-pie",
        "title",
        "tooltip"
    ],
    "customTags": [],
    "updaterUserName": "y***8"
}