{
    "cid": "xSkDJNiCqe",
    "authorUid": "bd-447152811",
    "authorUserName": "BREEZE微风2016",
    "title": "",
    "description": "",
    "latestVersion": 1,
    "alwaysLatest": 1,
    "createTime": "2017-03-09T09:43:58.000Z",
    "lastUpdateTime": "2017-03-09T09:43:58.000Z",
    "auth": 2,
    "uid": "bd-447152811",
    "publishedVersion": 0,
    "forkFrom": "-",
    "isSpam": 0,
    "version": 1,
    "parentVersion": -1,
    "echartsVersion": "3.4.0",
    "versionCreateTime": "2017-03-09T09:43:58.000Z",
    "html": "",
    "externalScripts": "",
    "updaterUID": "bd-447152811",
    "theme": "",
    "layout": "",
    "viewCount": 5614,
    "userName": "BREEZE微风2016",
    "commentCount": 1,
    "starCount": 5,
    "isStared": 0,
    "thumbnailURL": "https://www.makeapie.com/ecg-storage/ec_gallery_thumbnail/xSkDJNiCqe.png?v=1489052639016",
    "isCustomThumbnail": 0,
    "builtinTags": [
        "category-work",
        "grid",
        "legend",
        "series-bar",
        "series-line",
        "toolbox",
        "tooltip"
    ],
    "customTags": [],
    "updaterUserName": "BREEZE微风2016"
}