{
    "cid": "xBJ4rjHg_-",
    "authorUid": "bd-4013131402",
    "authorUserName": "o***4",
    "title": "moment 的使用例子",
    "description": "",
    "latestVersion": 1,
    "alwaysLatest": 1,
    "createTime": "2017-08-15T10:21:48.000Z",
    "lastUpdateTime": "2017-08-15T10:21:48.000Z",
    "auth": 2,
    "uid": "bd-4013131402",
    "publishedVersion": 0,
    "forkFrom": "-",
    "isSpam": 0,
    "version": 1,
    "parentVersion": -1,
    "echartsVersion": "3.6.2",
    "versionCreateTime": "2017-08-15T10:21:48.000Z",
    "html": "",
    "externalScripts": "http://momentjs.com/downloads/moment.min.js",
    "updaterUID": "bd-4013131402",
    "theme": "",
    "layout": "",
    "viewCount": 444,
    "userName": "o***4",
    "commentCount": 0,
    "starCount": 0,
    "isStared": 0,
    "thumbnailURL": "https://www.makeapie.com/ecg-storage/ec_gallery_thumbnail/xBJ4rjHg_-.png?v=1502792508369",
    "isCustomThumbnail": 0,
    "builtinTags": [
        "category-work",
        "grid",
        "series-line"
    ],
    "customTags": [],
    "updaterUserName": "o***4"
}