{
    "cid": "xBkkDVV-uW",
    "authorUid": "bd-3490003427",
    "authorUserName": "j***g",
    "title": "全国视频质量",
    "description": "地图上呈现 两组指标 示例",
    "latestVersion": 1,
    "alwaysLatest": 1,
    "createTime": "2017-08-16T02:56:22.000Z",
    "lastUpdateTime": "2017-08-16T02:56:22.000Z",
    "auth": 2,
    "uid": "bd-3490003427",
    "publishedVersion": 0,
    "forkFrom": "-",
    "isSpam": 0,
    "version": 1,
    "parentVersion": -1,
    "echartsVersion": "3.6.2",
    "versionCreateTime": "2017-08-16T02:56:22.000Z",
    "html": "",
    "externalScripts": "/dep/echarts/map/js/china.js",
    "updaterUID": "bd-3490003427",
    "theme": "macarons",
    "layout": "",
    "viewCount": 1071,
    "userName": "j***g",
    "commentCount": 0,
    "starCount": 1,
    "isStared": 0,
    "thumbnailURL": "https://www.makeapie.com/ecg-storage/ec_gallery_thumbnail/xBkkDVV-uW.png?v=1502852182916",
    "isCustomThumbnail": 0,
    "builtinTags": [
        "category-work",
        "geo",
        "legend",
        "series-scatter",
        "title",
        "tooltip"
    ],
    "customTags": [],
    "updaterUserName": "j***g"
}