{
    "cid": "xByHjpCQuW",
    "authorUid": "bd-4145736568",
    "authorUserName": "J***月",
    "title": "散点图",
    "description": "",
    "latestVersion": 5,
    "alwaysLatest": 1,
    "createTime": "2017-08-18T03:23:08.000Z",
    "lastUpdateTime": "2017-08-18T03:23:08.000Z",
    "auth": 2,
    "uid": "bd-4145736568",
    "publishedVersion": 0,
    "forkFrom": "-",
    "isSpam": 0,
    "version": 5,
    "parentVersion": 4,
    "echartsVersion": "3.6.2",
    "versionCreateTime": "2017-08-18T03:47:31.000Z",
    "html": "",
    "externalScripts": "http://echarts.baidu.com/resource/echarts-liquidfill-latest/dist/echarts-liquidfill.min.js,https://cdn.rawgit.com/ecomfe/echarts-wordcloud/833ed011/dist/echarts-wordcloud.min.js",
    "updaterUID": "bd-4145736568",
    "theme": "",
    "layout": "",
    "viewCount": 2378,
    "userName": "J***月",
    "commentCount": 0,
    "starCount": 2,
    "isStared": 0,
    "thumbnailURL": "https://www.makeapie.com/ecg-storage/ec_gallery_thumbnail/xByHjpCQuW.png?v=1503028051516",
    "isCustomThumbnail": 0,
    "builtinTags": [
        "category-work",
        "grid",
        "legend",
        "series-scatter"
    ],
    "customTags": [],
    "updaterUserName": "J***月"
}