{
    "cid": "xHJxewNZdW",
    "authorUid": "bd-1245979803",
    "authorUserName": "d***t",
    "title": "2016广东省各市人口与GDP",
    "description": "人口，GDP点切换显示",
    "latestVersion": 24,
    "alwaysLatest": 1,
    "createTime": "2017-08-16T03:07:20.000Z",
    "lastUpdateTime": "2017-08-16T03:07:20.000Z",
    "auth": 2,
    "uid": "bd-1245979803",
    "publishedVersion": 0,
    "forkFrom": "-",
    "isSpam": 0,
    "version": 24,
    "parentVersion": 23,
    "echartsVersion": "3.8.0",
    "versionCreateTime": "2020-10-21T01:45:35.000Z",
    "html": "",
    "externalScripts": "",
    "updaterUID": "bd-1245979803",
    "theme": "",
    "layout": "",
    "viewCount": 8158,
    "userName": "d***t",
    "commentCount": 6,
    "starCount": 22,
    "isStared": 0,
    "thumbnailURL": "https://www.makeapie.com/ecg-storage/ec_gallery_thumbnail/xHJxewNZdW.png?v=1603244735671",
    "isCustomThumbnail": 0,
    "builtinTags": [
        "category-work",
        "graphic",
        "legend",
        "series-map",
        "title",
        "toolbox",
        "tooltip",
        "visualMap"
    ],
    "customTags": [],
    "updaterUserName": "d***t"
}