{
    "cid": "xHky3OZ7_-",
    "authorUid": "bd-2501078763",
    "authorUserName": "格***s",
    "title": "renhang",
    "description": "renhang",
    "latestVersion": 11,
    "alwaysLatest": 1,
    "createTime": "2017-08-17T12:14:30.000Z",
    "lastUpdateTime": "2017-08-17T12:14:30.000Z",
    "auth": 2,
    "uid": "bd-2501078763",
    "publishedVersion": 0,
    "forkFrom": "-",
    "isSpam": 0,
    "version": 11,
    "parentVersion": 10,
    "echartsVersion": "3.6.2",
    "versionCreateTime": "2017-08-21T07:16:08.000Z",
    "html": "",
    "externalScripts": "",
    "updaterUID": "bd-2501078763",
    "theme": "default",
    "layout": "",
    "viewCount": 714,
    "userName": "格***s",
    "commentCount": 0,
    "starCount": 10,
    "isStared": 0,
    "thumbnailURL": "https://www.makeapie.com/ecg-storage/ec_gallery_thumbnail/xHky3OZ7_-.png?v=1503299768165",
    "isCustomThumbnail": 0,
    "builtinTags": [
        "category-work",
        "grid",
        "legend",
        "series-bar",
        "series-line",
        "title",
        "tooltip"
    ],
    "customTags": [],
    "updaterUserName": "格***s"
}