{
    "cid": "xHy-tejbOb",
    "authorUid": "bd-2802325258",
    "authorUserName": "达***奇",
    "title": "企业、个体私营",
    "description": "",
    "latestVersion": 1,
    "alwaysLatest": 1,
    "createTime": "2017-08-16T10:37:44.000Z",
    "lastUpdateTime": "2017-08-16T10:37:44.000Z",
    "auth": 2,
    "uid": "bd-2802325258",
    "publishedVersion": 0,
    "forkFrom": "-",
    "isSpam": 0,
    "version": 1,
    "parentVersion": -1,
    "echartsVersion": "3.6.2",
    "versionCreateTime": "2017-08-16T10:37:44.000Z",
    "html": "",
    "externalScripts": "",
    "updaterUID": "bd-2802325258",
    "theme": "",
    "layout": "",
    "viewCount": 207,
    "userName": "达***奇",
    "commentCount": 0,
    "starCount": 0,
    "isStared": 0,
    "thumbnailURL": "https://www.makeapie.com/ecg-storage/ec_gallery_thumbnail/xHy-tejbOb.png?v=1502879865115",
    "isCustomThumbnail": 0,
    "builtinTags": [
        "category-work",
        "legend",
        "series-pie",
        "tooltip"
    ],
    "customTags": [],
    "updaterUserName": "达***奇"
}