{
    "cid": "xHyBj-qZ_b",
    "authorUid": "bd-2802325258",
    "authorUserName": "达***奇",
    "title": "渐变柱状",
    "description": "",
    "latestVersion": 2,
    "alwaysLatest": 1,
    "createTime": "2017-08-16T09:34:20.000Z",
    "lastUpdateTime": "2017-08-16T09:34:20.000Z",
    "auth": 2,
    "uid": "bd-2802325258",
    "publishedVersion": 0,
    "forkFrom": "-",
    "isSpam": 0,
    "version": 2,
    "parentVersion": 1,
    "echartsVersion": "3.6.2",
    "versionCreateTime": "2017-08-17T09:53:51.000Z",
    "html": "",
    "externalScripts": "",
    "updaterUID": "bd-2802325258",
    "theme": "",
    "layout": "",
    "viewCount": 136,
    "userName": "达***奇",
    "commentCount": 0,
    "starCount": 0,
    "isStared": 0,
    "thumbnailURL": "https://www.makeapie.com/ecg-storage/ec_gallery_thumbnail/xHyBj-qZ_b.png?v=1502963631548",
    "isCustomThumbnail": 0,
    "builtinTags": [
        "category-work",
        "grid",
        "series-bar",
        "tooltip"
    ],
    "customTags": [],
    "updaterUserName": "达***奇"
}