{
    "cid": "xHyIExk4OW",
    "authorUid": "bd-4145736568",
    "authorUserName": "J***月",
    "title": "折线图",
    "description": "",
    "latestVersion": 1,
    "alwaysLatest": 1,
    "createTime": "2017-08-18T03:34:05.000Z",
    "lastUpdateTime": "2017-08-18T03:34:05.000Z",
    "auth": 2,
    "uid": "bd-4145736568",
    "publishedVersion": 0,
    "forkFrom": "-",
    "isSpam": 0,
    "version": 1,
    "parentVersion": -1,
    "echartsVersion": "3.6.2",
    "versionCreateTime": "2017-08-18T03:34:05.000Z",
    "html": "",
    "externalScripts": "",
    "updaterUID": "bd-4145736568",
    "theme": "",
    "layout": "",
    "viewCount": 95,
    "userName": "J***月",
    "commentCount": 0,
    "starCount": 0,
    "isStared": 0,
    "thumbnailURL": "https://www.makeapie.com/ecg-storage/ec_gallery_thumbnail/xHyIExk4OW.png?v=1503027245974",
    "isCustomThumbnail": 0,
    "builtinTags": [
        "category-work",
        "grid",
        "legend",
        "series-line",
        "title",
        "toolbox",
        "tooltip"
    ],
    "customTags": [],
    "updaterUserName": "J***月"
}