{
    "cid": "xHyq1a4-d-",
    "authorUid": "bd-658419289",
    "authorUserName": "经***4",
    "title": "3D-Demo",
    "description": "练习",
    "latestVersion": 7,
    "alwaysLatest": 1,
    "createTime": "2017-08-16T03:32:49.000Z",
    "lastUpdateTime": "2017-08-16T03:32:49.000Z",
    "auth": 1,
    "uid": "bd-658419289",
    "publishedVersion": 0,
    "forkFrom": "-",
    "isSpam": 0,
    "version": 7,
    "parentVersion": 6,
    "echartsVersion": "3.8.0",
    "versionCreateTime": "2019-02-15T08:13:19.000Z",
    "html": "",
    "externalScripts": "http://echarts.baidu.com/resource/echarts-gl-latest/dist/echarts-gl.min.js,/dep/echarts/map/js/world.js",
    "updaterUID": "bd-2402949443",
    "theme": "",
    "layout": "",
    "viewCount": 1028,
    "userName": "经***4",
    "commentCount": 0,
    "starCount": 4,
    "isStared": 0,
    "thumbnailURL": "https://www.makeapie.com/ecg-storage/ec_gallery_thumbnail/xHyq1a4-d-.png?v=1550218399149",
    "isCustomThumbnail": 0,
    "builtinTags": [
        "category-work",
        "geo",
        "legend",
        "series-effectScatter",
        "title",
        "tooltip"
    ],
    "customTags": [],
    "updaterUserName": "包***5"
}