{
    "cid": "xrJ1kIfeub",
    "authorUid": "bd-2550250860",
    "authorUserName": "635913935",
    "title": "会员分布图",
    "description": "项目中用到的",
    "latestVersion": 54,
    "alwaysLatest": 1,
    "createTime": "2017-08-15T06:33:58.000Z",
    "lastUpdateTime": "2021-08-03T06:48:04.000Z",
    "auth": 1,
    "uid": "bd-2550250860",
    "publishedVersion": 0,
    "forkFrom": "-",
    "isSpam": 0,
    "version": 54,
    "parentVersion": 53,
    "echartsVersion": "3.8.5",
    "versionCreateTime": "2021-08-03T06:48:04.000Z",
    "html": "",
    "externalScripts": "/dep/echarts/map/js/china.js",
    "updaterUID": "obd-ojdzrZTV4f6klGdd72JhrRtUOTs3iEH",
    "theme": "",
    "layout": "",
    "viewCount": 14236,
    "userName": "635913935",
    "commentCount": 10,
    "starCount": 21,
    "isStared": 0,
    "thumbnailURL": "https://www.makeapie.com/ecg-storage/ec_gallery_thumbnail/xrJ1kIfeub.png?v=1627973284920",
    "isCustomThumbnail": 0,
    "builtinTags": [
        "category-work",
        "geo",
        "series-map",
        "series-scatter",
        "title",
        "tooltip",
        "visualMap"
    ],
    "customTags": [],
    "updaterUserName": "花***锅"
}