{
    "cid": "xrJo5TazO-",
    "authorUid": "bd-3796128407",
    "authorUserName": "王***响",
    "title": "河南蓝色",
    "description": "",
    "latestVersion": 1,
    "alwaysLatest": 1,
    "createTime": "2017-08-17T08:02:27.000Z",
    "lastUpdateTime": "2020-01-09T03:34:42.000Z",
    "auth": 2,
    "uid": "bd-3796128407",
    "publishedVersion": 0,
    "forkFrom": "-",
    "isSpam": 0,
    "version": 1,
    "parentVersion": -1,
    "echartsVersion": "3.6.2",
    "versionCreateTime": "2017-08-17T08:02:27.000Z",
    "html": "",
    "externalScripts": "",
    "updaterUID": "bd-3796128407",
    "theme": "default",
    "layout": "",
    "viewCount": 1042,
    "userName": "王***响",
    "commentCount": 2,
    "starCount": 0,
    "isStared": 0,
    "thumbnailURL": "https://www.makeapie.com/ecg-storage/ec_gallery_thumbnail/xrJo5TazO-.png?v=1578540883024",
    "isCustomThumbnail": 0,
    "builtinTags": [
        "category-work",
        "series-map",
        "visualMap"
    ],
    "customTags": [],
    "updaterUserName": "王***响"
}