{
    "cid": "xry00UGxdZ",
    "authorUid": "bd-1195210646",
    "authorUserName": "a***o",
    "title": "环形图",
    "description": "",
    "latestVersion": 1,
    "alwaysLatest": 1,
    "createTime": "2017-08-15T06:38:13.000Z",
    "lastUpdateTime": "2017-08-15T06:38:13.000Z",
    "auth": 2,
    "uid": "bd-1195210646",
    "publishedVersion": 0,
    "forkFrom": "-",
    "isSpam": 0,
    "version": 1,
    "parentVersion": -1,
    "echartsVersion": "3.6.2",
    "versionCreateTime": "2017-08-15T06:38:13.000Z",
    "html": "",
    "externalScripts": "",
    "updaterUID": "bd-1195210646",
    "theme": "",
    "layout": "",
    "viewCount": 394,
    "userName": "a***o",
    "commentCount": 0,
    "starCount": 2,
    "isStared": 0,
    "thumbnailURL": "https://www.makeapie.com/ecg-storage/ec_gallery_thumbnail/xry00UGxdZ.png?v=1502779093978",
    "isCustomThumbnail": 0,
    "builtinTags": [
        "category-work",
        "legend",
        "series-pie"
    ],
    "customTags": [],
    "updaterUserName": "a***o"
}