{
    "cid": "xryOoDamuZ",
    "authorUid": "bd-658419289",
    "authorUserName": "经***4",
    "title": "仪表",
    "description": "简单，便捷，直接调用",
    "latestVersion": 1,
    "alwaysLatest": 1,
    "createTime": "2017-08-18T01:49:19.000Z",
    "lastUpdateTime": "2017-08-18T01:49:19.000Z",
    "auth": 1,
    "uid": "bd-658419289",
    "publishedVersion": 0,
    "forkFrom": "-",
    "isSpam": 0,
    "version": 1,
    "parentVersion": -1,
    "echartsVersion": "3.6.2",
    "versionCreateTime": "2017-08-18T01:49:19.000Z",
    "html": "",
    "externalScripts": "http://echarts.baidu.com/resource/echarts-gl-latest/dist/echarts-gl.min.js,/dep/echarts/map/js/world.js",
    "updaterUID": "bd-658419289",
    "theme": "",
    "layout": "",
    "viewCount": 729,
    "userName": "经***4",
    "commentCount": 0,
    "starCount": 1,
    "isStared": 0,
    "thumbnailURL": "https://www.makeapie.com/ecg-storage/ec_gallery_thumbnail/xryOoDamuZ.png?v=1503020959854",
    "isCustomThumbnail": 0,
    "builtinTags": [
        "category-work",
        "series-gauge"
    ],
    "customTags": [],
    "updaterUserName": "经***4"
}