{
    "cid": "xSk8U6FGO-",
    "authorUid": "bd-2888526053",
    "authorUserName": "風凌乱了思念",
    "title": "旱情概况",
    "description": "尝试用echarts满足自己的需求",
    "latestVersion": 2,
    "alwaysLatest": 1,
    "createTime": "2017-08-17T03:28:13.000Z",
    "lastUpdateTime": "2017-08-17T03:28:13.000Z",
    "auth": 2,
    "uid": "bd-2888526053",
    "publishedVersion": 0,
    "forkFrom": "-",
    "isSpam": 0,
    "version": 2,
    "parentVersion": 1,
    "echartsVersion": "3.6.2",
    "versionCreateTime": "2017-08-21T02:09:24.000Z",
    "html": "",
    "externalScripts": "/asset/get/s/data-1502936404527-HyaUp_Gub.js",
    "updaterUID": "bd-2888526053",
    "theme": "",
    "layout": "",
    "viewCount": 629,
    "userName": "風凌乱了思念",
    "commentCount": 0,
    "starCount": 1,
    "isStared": 0,
    "thumbnailURL": "https://www.makeapie.com/ecg-storage/ec_gallery_thumbnail/xSk8U6FGO-.png?v=1503281364503",
    "isCustomThumbnail": 0,
    "builtinTags": [
        "category-work",
        "series-map",
        "timeline",
        "title",
        "tooltip"
    ],
    "customTags": [],
    "updaterUserName": "風凌乱了思念"
}