{
    "cid": "xSyf72IWOZ",
    "authorUid": "bd-658419289",
    "authorUserName": "经***4",
    "title": "三层折现图",
    "description": "三层折现图",
    "latestVersion": 1,
    "alwaysLatest": 1,
    "createTime": "2017-08-16T05:46:02.000Z",
    "lastUpdateTime": "2017-08-16T05:46:02.000Z",
    "auth": 1,
    "uid": "bd-658419289",
    "publishedVersion": 0,
    "forkFrom": "-",
    "isSpam": 0,
    "version": 1,
    "parentVersion": -1,
    "echartsVersion": "3.6.2",
    "versionCreateTime": "2017-08-16T05:46:02.000Z",
    "html": "",
    "externalScripts": "",
    "updaterUID": "bd-658419289",
    "theme": "",
    "layout": "",
    "viewCount": 116,
    "userName": "经***4",
    "commentCount": 0,
    "starCount": 1,
    "isStared": 0,
    "thumbnailURL": "https://www.makeapie.com/ecg-storage/ec_gallery_thumbnail/xSyf72IWOZ.png?v=1502862362438",
    "isCustomThumbnail": 0,
    "builtinTags": [
        "category-work",
        "grid",
        "series-line",
        "tooltip"
    ],
    "customTags": [],
    "updaterUserName": "经***4"
}