{
    "cid": "xSyq2lBedW",
    "authorUid": "bd-1195210646",
    "authorUserName": "a***o",
    "title": "柱图堆叠图",
    "description": "",
    "latestVersion": 1,
    "alwaysLatest": 1,
    "createTime": "2017-08-15T09:36:50.000Z",
    "lastUpdateTime": "2017-08-15T09:36:50.000Z",
    "auth": 2,
    "uid": "bd-1195210646",
    "publishedVersion": 0,
    "forkFrom": "-",
    "isSpam": 0,
    "version": 1,
    "parentVersion": -1,
    "echartsVersion": "3.6.2",
    "versionCreateTime": "2017-08-15T09:36:50.000Z",
    "html": "",
    "externalScripts": "",
    "updaterUID": "bd-1195210646",
    "theme": "",
    "layout": "",
    "viewCount": 146,
    "userName": "a***o",
    "commentCount": 0,
    "starCount": 1,
    "isStared": 0,
    "thumbnailURL": "https://www.makeapie.com/ecg-storage/ec_gallery_thumbnail/xSyq2lBedW.png?v=1502789810470",
    "isCustomThumbnail": 0,
    "builtinTags": [
        "category-work",
        "grid",
        "series-bar",
        "tooltip"
    ],
    "customTags": [],
    "updaterUserName": "a***o"
}