{
    "cid": "x4LHoZ93Zc",
    "authorUid": "obd-o-HS0ZTEBpotGpv-NJsAwpsi1oLQiAQ",
    "authorUserName": "s***1",
    "title": "立体柱状图",
    "description": "",
    "latestVersion": 29,
    "alwaysLatest": 1,
    "createTime": "2020-11-04T06:39:59.000Z",
    "lastUpdateTime": "2021-09-15T12:11:06.000Z",
    "auth": 1,
    "uid": "obd-o-HS0ZTEBpotGpv-NJsAwpsi1oLQiAQ",
    "publishedVersion": 0,
    "forkFrom": "-",
    "isSpam": 0,
    "version": 29,
    "parentVersion": 27,
    "echartsVersion": "4.9.0",
    "versionCreateTime": "2021-09-15T12:11:06.000Z",
    "html": "",
    "externalScripts": "",
    "updaterUID": "obd-o-HS0ZTEBpotGpv-NJsAwpsi1oLQiAQ",
    "theme": "dark",
    "layout": "",
    "viewCount": 10618,
    "userName": "s***1",
    "commentCount": 2,
    "starCount": 55,
    "isStared": 0,
    "thumbnailURL": "https://www.makeapie.com/ecg-storage/ec_gallery_thumbnail/x4LHoZ93Zc.png?v=1631707866585",
    "isCustomThumbnail": 0,
    "builtinTags": [
        "category-work",
        "graphic",
        "grid",
        "legend",
        "series-bar",
        "series-pictorialBar",
        "tooltip"
    ],
    "customTags": [],
    "updaterUserName": "s***1"
}