{
    "cid": "x8qMIlaLpr",
    "authorUid": "bd-3675198357",
    "authorUserName": "碎***泪",
    "title": "3d 地图",
    "description": "",
    "latestVersion": 2,
    "alwaysLatest": 1,
    "createTime": "2021-01-08T08:19:48.000Z",
    "lastUpdateTime": "2021-01-08T08:19:48.000Z",
    "auth": 2,
    "uid": "bd-3675198357",
    "publishedVersion": 0,
    "forkFrom": "-",
    "isSpam": 0,
    "version": 2,
    "parentVersion": 1,
    "echartsVersion": "4.8.0",
    "versionCreateTime": "2021-01-08T09:05:55.000Z",
    "html": "",
    "externalScripts": "https://echarts.baidu.com/resource/echarts-gl-latest/dist/echarts-gl.min.js",
    "updaterUID": "bd-3675198357",
    "theme": "",
    "layout": "",
    "viewCount": 206,
    "userName": "碎***泪",
    "commentCount": 0,
    "starCount": 24,
    "isStared": 0,
    "thumbnailURL": "https://www.makeapie.com/ecg-storage/ec_gallery_thumbnail/x8qMIlaLpr.png?v=1610093989061",
    "isCustomThumbnail": 1,
    "builtinTags": [
        "category-work",
        "series-map3D",
        "visualMap"
    ],
    "customTags": [],
    "updaterUserName": "碎***泪"
}