{
    "cid": "xBnkDjUWnN",
    "authorUid": "bd-3817636711",
    "authorUserName": "S***G",
    "title": "镜像圆点饼图示例优化",
    "description": "镜像圆点饼图多重示例+配置项优化总结",
    "latestVersion": 2,
    "alwaysLatest": 1,
    "createTime": "2020-11-04T08:08:47.000Z",
    "lastUpdateTime": "2020-11-04T08:10:47.000Z",
    "auth": 2,
    "uid": "bd-3817636711",
    "publishedVersion": 0,
    "forkFrom": "-",
    "isSpam": 0,
    "version": 2,
    "parentVersion": 1,
    "echartsVersion": "4.8.0",
    "versionCreateTime": "2020-11-04T08:09:49.000Z",
    "html": "",
    "externalScripts": "",
    "updaterUID": "bd-3817636711",
    "theme": "default",
    "layout": "",
    "viewCount": 12110,
    "userName": "S***G",
    "commentCount": 0,
    "starCount": 43,
    "isStared": 0,
    "thumbnailURL": "https://www.makeapie.com/ecg-storage/ec_gallery_thumbnail/xBnkDjUWnN.png?v=1604477389707",
    "isCustomThumbnail": 0,
    "builtinTags": [
        "category-work",
        "series-pie",
        "tooltip"
    ],
    "customTags": [
        "formatter",
        "label",
        "pie",
        "rich",
        "tooltip",
        "圆点",
        "小圆点",
        "指示器",
        "镜像",
        "镜像圆点",
        "饼图"
    ],
    "updaterUserName": "S***G"
}