{
    "cid": "xE3BPPHzY2",
    "authorUid": "obd-oCTc_U8hPZbn_FmFJxbd5rj6Wwbow3n",
    "authorUserName": "J***x",
    "title": "好看的饼图",
    "description": "",
    "latestVersion": 3,
    "alwaysLatest": 1,
    "createTime": "2021-01-14T08:39:56.000Z",
    "lastUpdateTime": "2021-01-14T08:39:56.000Z",
    "auth": 2,
    "uid": "obd-oCTc_U8hPZbn_FmFJxbd5rj6Wwbow3n",
    "publishedVersion": 0,
    "forkFrom": "-",
    "isSpam": 0,
    "version": 3,
    "parentVersion": 2,
    "echartsVersion": "4.8.0",
    "versionCreateTime": "2021-01-27T06:29:24.000Z",
    "html": "",
    "externalScripts": "",
    "updaterUID": "obd-oCTc_U8hPZbn_FmFJxbd5rj6Wwbow3n",
    "theme": "",
    "layout": "",
    "viewCount": 102,
    "userName": "J***x",
    "commentCount": 0,
    "starCount": 23,
    "isStared": 0,
    "thumbnailURL": "https://www.makeapie.com/ecg-storage/ec_gallery_thumbnail/xE3BPPHzY2.png?v=1611728964809",
    "isCustomThumbnail": 0,
    "builtinTags": [
        "category-work",
        "series-pie",
        "tooltip"
    ],
    "customTags": [],
    "updaterUserName": "J***x"
}