{
    "cid": "xiFm2XK64I",
    "authorUid": "obd-ojG2xM8Bnfz2DlBr-im2NNL6E_G8oE7",
    "authorUserName": "位***哥",
    "title": "饼图进度条",
    "description": "饼图进度条",
    "latestVersion": 1,
    "alwaysLatest": 1,
    "createTime": "2020-10-22T01:10:22.000Z",
    "lastUpdateTime": "2020-10-22T01:10:22.000Z",
    "auth": 2,
    "uid": "obd-ojG2xM8Bnfz2DlBr-im2NNL6E_G8oE7",
    "publishedVersion": 0,
    "forkFrom": "-",
    "isSpam": 0,
    "version": 1,
    "parentVersion": -1,
    "echartsVersion": "4.8.0",
    "versionCreateTime": "2020-10-22T01:10:22.000Z",
    "html": "",
    "externalScripts": "",
    "updaterUID": "obd-ojG2xM8Bnfz2DlBr-im2NNL6E_G8oE7",
    "theme": "",
    "layout": "",
    "viewCount": 4417,
    "userName": "位***哥",
    "commentCount": 0,
    "starCount": 49,
    "isStared": 0,
    "thumbnailURL": "https://www.makeapie.com/ecg-storage/ec_gallery_thumbnail/xiFm2XK64I.png?v=1603329022862",
    "isCustomThumbnail": 0,
    "builtinTags": [
        "category-work",
        "polar",
        "series-bar",
        "series-pie",
        "title"
    ],
    "customTags": [
        "pie"
    ],
    "updaterUserName": "位***哥"
}