{
    "cid": "xOB_SkK40D",
    "authorUid": "obd-oFRwLMxFFajuhJjdWa0OOm4t7CUif5z",
    "authorUserName": "鳌***",
    "title": "echarts1",
    "description": "",
    "latestVersion": 1,
    "alwaysLatest": 1,
    "createTime": "2021-01-27T06:27:30.000Z",
    "lastUpdateTime": "2021-01-27T06:27:30.000Z",
    "auth": 2,
    "uid": "obd-oFRwLMxFFajuhJjdWa0OOm4t7CUif5z",
    "publishedVersion": 0,
    "forkFrom": "-",
    "isSpam": 0,
    "version": 1,
    "parentVersion": -1,
    "echartsVersion": "4.8.0",
    "versionCreateTime": "2021-01-27T06:27:30.000Z",
    "html": "",
    "externalScripts": "",
    "updaterUID": "obd-oFRwLMxFFajuhJjdWa0OOm4t7CUif5z",
    "theme": "",
    "layout": "",
    "viewCount": 169,
    "userName": "鳌***",
    "commentCount": 0,
    "starCount": 21,
    "isStared": 0,
    "thumbnailURL": "https://www.makeapie.com/ecg-storage/ec_gallery_thumbnail/xOB_SkK40D.png?v=1611728850754",
    "isCustomThumbnail": 0,
    "builtinTags": [
        "category-work",
        "series-gauge",
        "series-pie",
        "title"
    ],
    "customTags": [
        "wd"
    ],
    "updaterUserName": "鳌***"
}