{
    "cid": "xOJOlagFK4",
    "authorUid": "obd-oE_wLhUFpnPqSq0mKo0re7GDe5dwp4c",
    "authorUserName": "李***o",
    "title": "雷达图",
    "description": "",
    "latestVersion": 1,
    "alwaysLatest": 1,
    "createTime": "2020-08-13T02:19:44.000Z",
    "lastUpdateTime": "2020-08-13T02:19:44.000Z",
    "auth": 2,
    "uid": "obd-oE_wLhUFpnPqSq0mKo0re7GDe5dwp4c",
    "publishedVersion": 0,
    "forkFrom": "-",
    "isSpam": 0,
    "version": 1,
    "parentVersion": -1,
    "echartsVersion": "4.8.0",
    "versionCreateTime": "2020-08-13T02:19:44.000Z",
    "html": "",
    "externalScripts": "",
    "updaterUID": "obd-oE_wLhUFpnPqSq0mKo0re7GDe5dwp4c",
    "theme": "",
    "layout": "",
    "viewCount": 6217,
    "userName": "李***o",
    "commentCount": 0,
    "starCount": 55,
    "isStared": 0,
    "thumbnailURL": "https://www.makeapie.com/ecg-storage/ec_gallery_thumbnail/xOJOlagFK4.png?v=1597285184227",
    "isCustomThumbnail": 0,
    "builtinTags": [
        "category-work",
        "radar",
        "series-radar"
    ],
    "customTags": [],
    "updaterUserName": "李***o"
}