{
    "cid": "xPdRLgxfkf",
    "authorUid": "obd-oE17WSS2LCqiUxej9fKOdqQf_bxxZ4O",
    "authorUserName": "q***6",
    "title": "立体柱",
    "description": "",
    "latestVersion": 2,
    "alwaysLatest": 1,
    "createTime": "2020-08-19T02:59:40.000Z",
    "lastUpdateTime": "2020-08-19T02:59:40.000Z",
    "auth": 2,
    "uid": "obd-oE17WSS2LCqiUxej9fKOdqQf_bxxZ4O",
    "publishedVersion": 0,
    "forkFrom": "-",
    "isSpam": 0,
    "version": 2,
    "parentVersion": 1,
    "echartsVersion": "4.8.0",
    "versionCreateTime": "2020-08-19T03:08:31.000Z",
    "html": "",
    "externalScripts": "",
    "updaterUID": "obd-oE17WSS2LCqiUxej9fKOdqQf_bxxZ4O",
    "theme": "",
    "layout": "",
    "viewCount": 4479,
    "userName": "q***6",
    "commentCount": 0,
    "starCount": 42,
    "isStared": 0,
    "thumbnailURL": "https://www.makeapie.com/ecg-storage/ec_gallery_thumbnail/xPdRLgxfkf.png?v=1597806511711",
    "isCustomThumbnail": 0,
    "builtinTags": [
        "category-work",
        "grid",
        "series-bar",
        "series-pictorialBar",
        "tooltip"
    ],
    "customTags": [],
    "updaterUserName": "q***6"
}