{
    "cid": "xPNCYhFb63",
    "authorUid": "obd-oDVQ7nmt4J_TZ-x2ZzGE5KJLMpCFJ1Y",
    "authorUserName": "无***",
    "title": "模板",
    "description": "",
    "latestVersion": 1,
    "alwaysLatest": 1,
    "createTime": "2020-09-25T06:30:33.000Z",
    "lastUpdateTime": "2020-09-25T06:30:33.000Z",
    "auth": 2,
    "uid": "obd-oDVQ7nmt4J_TZ-x2ZzGE5KJLMpCFJ1Y",
    "publishedVersion": 0,
    "forkFrom": "-",
    "isSpam": 0,
    "version": 1,
    "parentVersion": -1,
    "echartsVersion": "4.8.0",
    "versionCreateTime": "2020-09-25T06:30:33.000Z",
    "html": "",
    "externalScripts": "",
    "updaterUID": "obd-oDVQ7nmt4J_TZ-x2ZzGE5KJLMpCFJ1Y",
    "theme": "",
    "layout": "",
    "viewCount": 7803,
    "userName": "无***",
    "commentCount": 0,
    "starCount": 50,
    "isStared": 0,
    "thumbnailURL": "https://www.makeapie.com/ecg-storage/ec_gallery_thumbnail/xPNCYhFb63.png?v=1601015433678",
    "isCustomThumbnail": 0,
    "builtinTags": [
        "category-work",
        "grid",
        "legend",
        "series-bar",
        "series-pictorialBar"
    ],
    "customTags": [],
    "updaterUserName": "无***"
}