{
    "cid": "xpPnGaEDX-",
    "authorUid": "bd-4044629902",
    "authorUserName": "z***z",
    "title": "24小时—全国空气质量3D可视化",
    "description": "通过百度云函数CFC调用vercel的python脚本，每小时爬取pm25网站数据。存储于leancould。通过api调取数据",
    "latestVersion": 2,
    "alwaysLatest": 1,
    "createTime": "2021-01-23T16:55:27.000Z",
    "lastUpdateTime": "2021-01-23T16:55:27.000Z",
    "auth": 2,
    "uid": "bd-4044629902",
    "publishedVersion": 0,
    "forkFrom": "-",
    "isSpam": 0,
    "version": 2,
    "parentVersion": 1,
    "echartsVersion": "4.8.0",
    "versionCreateTime": "2021-01-23T17:00:40.000Z",
    "html": "",
    "externalScripts": "/dep/echarts/map/js/china.js,http://echarts.baidu.com/resource/echarts-gl-latest/dist/echarts-gl.min.js,https://aqi.zfe.space/js/location.js,/dep/echarts/map/js/world.js,https://api.mapbox.com/mapbox-gl-js/v0.38.0/mapbox-gl.js",
    "updaterUID": "bd-4044629902",
    "theme": "",
    "layout": "",
    "viewCount": 321,
    "userName": "z***z",
    "commentCount": 0,
    "starCount": 22,
    "isStared": 0,
    "thumbnailURL": "https://www.makeapie.com/ecg-storage/ec_gallery_thumbnail/xpPnGaEDX-.png?v=1611420928238",
    "isCustomThumbnail": 1,
    "builtinTags": [
        "category-work",
        "geo3D",
        "legend",
        "series-bar3D",
        "timeline",
        "title",
        "tooltip",
        "visualMap"
    ],
    "customTags": [
        "leancould",
        "python",
        "vercel",
        "云函数CFC"
    ],
    "updaterUserName": "z***z"
}