{
    "cid": "xTQ5gy5KIv",
    "authorUid": "obd-o2Xu06T0HTK0KYiOdT3Y-cYj1WFgJBH",
    "authorUserName": "球***鞋",
    "title": "圆点环形图",
    "description": "",
    "latestVersion": 2,
    "alwaysLatest": 1,
    "createTime": "2020-07-31T06:29:09.000Z",
    "lastUpdateTime": "2020-07-31T06:29:09.000Z",
    "auth": 2,
    "uid": "obd-o2Xu06T0HTK0KYiOdT3Y-cYj1WFgJBH",
    "publishedVersion": 0,
    "forkFrom": "-",
    "isSpam": 0,
    "version": 2,
    "parentVersion": 1,
    "echartsVersion": "4.9.0",
    "versionCreateTime": "2021-06-23T09:12:29.000Z",
    "html": "",
    "externalScripts": "",
    "updaterUID": "obd-o2Xu06T0HTK0KYiOdT3Y-cYj1WFgJBH",
    "theme": "",
    "layout": "",
    "viewCount": 10634,
    "userName": "球***鞋",
    "commentCount": 0,
    "starCount": 51,
    "isStared": 0,
    "thumbnailURL": "https://www.makeapie.com/ecg-storage/ec_gallery_thumbnail/xTQ5gy5KIv.png?v=1624439549813",
    "isCustomThumbnail": 0,
    "builtinTags": [
        "category-work",
        "legend",
        "series-gauge",
        "series-pie",
        "toolbox",
        "tooltip"
    ],
    "customTags": [],
    "updaterUserName": "球***鞋"
}