{
    "cid": "xww6zP3A8X",
    "authorUid": "bd-68708734",
    "authorUserName": "有***谁",
    "title": "demo",
    "description": "",
    "latestVersion": 1,
    "alwaysLatest": 1,
    "createTime": "2020-08-18T08:53:56.000Z",
    "lastUpdateTime": "2020-08-18T08:53:56.000Z",
    "auth": 2,
    "uid": "bd-68708734",
    "publishedVersion": 0,
    "forkFrom": "-",
    "isSpam": 0,
    "version": 1,
    "parentVersion": -1,
    "echartsVersion": "4.8.0",
    "versionCreateTime": "2020-08-18T08:53:57.000Z",
    "html": "",
    "externalScripts": "",
    "updaterUID": "bd-68708734",
    "theme": "",
    "layout": "",
    "viewCount": 10655,
    "userName": "有***谁",
    "commentCount": 0,
    "starCount": 55,
    "isStared": 0,
    "thumbnailURL": "https://www.makeapie.com/ecg-storage/ec_gallery_thumbnail/xww6zP3A8X.png?v=1597740837288",
    "isCustomThumbnail": 0,
    "builtinTags": [
        "category-work",
        "geo",
        "series-lines",
        "series-map",
        "series-scatter",
        "tooltip"
    ],
    "customTags": [],
    "updaterUserName": "有***谁"
}