{
    "cid": "xxAn25hm0t",
    "authorUid": "bd-1006967428",
    "authorUserName": "w***7",
    "title": "伪3D地图柱状图",
    "description": "",
    "latestVersion": 3,
    "alwaysLatest": 1,
    "createTime": "2020-10-13T08:23:51.000Z",
    "lastUpdateTime": "2020-10-13T08:23:51.000Z",
    "auth": 2,
    "uid": "bd-1006967428",
    "publishedVersion": 0,
    "forkFrom": "-",
    "isSpam": 0,
    "version": 3,
    "parentVersion": 2,
    "echartsVersion": "4.8.0",
    "versionCreateTime": "2020-10-13T08:37:22.000Z",
    "html": "",
    "externalScripts": "",
    "updaterUID": "bd-1006967428",
    "theme": "",
    "layout": "",
    "viewCount": 15010,
    "userName": "w***7",
    "commentCount": 19,
    "starCount": 55,
    "isStared": 0,
    "thumbnailURL": "https://www.makeapie.com/ecg-storage/ec_gallery_thumbnail/xxAn25hm0t.png?v=1602578242682",
    "isCustomThumbnail": 0,
    "builtinTags": [
        "category-work",
        "geo",
        "series-effectScatter",
        "series-lines",
        "series-scatter"
    ],
    "customTags": [
        "bar"
    ],
    "updaterUserName": "w***7"
}