{
    "cid": "xXUTkbZj3C",
    "authorUid": "obd-oMHVs8kfIoF_AcaSW0q3I15lEgHZp2h",
    "authorUserName": "童***一",
    "title": "实心点平滑双折线图",
    "description": "实心点平滑双折线图",
    "latestVersion": 2,
    "alwaysLatest": 1,
    "createTime": "2020-08-19T09:57:19.000Z",
    "lastUpdateTime": "2020-08-19T09:57:19.000Z",
    "auth": 2,
    "uid": "obd-oMHVs8kfIoF_AcaSW0q3I15lEgHZp2h",
    "publishedVersion": 1,
    "forkFrom": "-",
    "isSpam": 0,
    "version": 1,
    "parentVersion": -1,
    "echartsVersion": "4.8.0",
    "versionCreateTime": "2020-08-19T09:57:19.000Z",
    "html": "",
    "externalScripts": "",
    "updaterUID": "obd-oMHVs8kfIoF_AcaSW0q3I15lEgHZp2h",
    "theme": "",
    "layout": "",
    "viewCount": 7783,
    "userName": "童***一",
    "commentCount": 0,
    "starCount": 51,
    "isStared": 0,
    "thumbnailURL": "https://www.makeapie.com/ecg-storage/ec_gallery_thumbnail/xXUTkbZj3C.png?v=1597831040091",
    "isCustomThumbnail": 0,
    "builtinTags": [
        "category-work",
        "grid",
        "legend",
        "series-line",
        "tooltip"
    ],
    "customTags": [],
    "updaterUserName": "童***一"
}