{
    "cid": "xyeqVXpvrf",
    "authorUid": "obd-oA55UQ2FMEMTmlzVoI7lgLDPlm4wP7K",
    "authorUserName": "无***默",
    "title": "无意义但好看",
    "description": "无意义但好看",
    "latestVersion": 1,
    "alwaysLatest": 1,
    "createTime": "2020-09-22T07:16:33.000Z",
    "lastUpdateTime": "2020-09-22T07:16:33.000Z",
    "auth": 2,
    "uid": "obd-oA55UQ2FMEMTmlzVoI7lgLDPlm4wP7K",
    "publishedVersion": 0,
    "forkFrom": "-",
    "isSpam": 0,
    "version": 1,
    "parentVersion": -1,
    "echartsVersion": "4.8.0",
    "versionCreateTime": "2020-09-22T07:16:33.000Z",
    "html": "",
    "externalScripts": "https://echarts.baidu.com/resource/echarts-liquidfill-latest/dist/echarts-liquidfill.min.js",
    "updaterUID": "obd-oA55UQ2FMEMTmlzVoI7lgLDPlm4wP7K",
    "theme": "",
    "layout": "",
    "viewCount": 2572,
    "userName": "无***默",
    "commentCount": 4,
    "starCount": 54,
    "isStared": 0,
    "thumbnailURL": "https://www.makeapie.com/ecg-storage/ec_gallery_thumbnail/xyeqVXpvrf.png?v=1600758993965",
    "isCustomThumbnail": 0,
    "builtinTags": [
        "category-work",
        "series-custom",
        "series-liquidFill"
    ],
    "customTags": [
        "pie"
    ],
    "updaterUserName": "无***默"
}