{
    "cid": "x67wZCup8c",
    "authorUid": "bd-171648521",
    "authorUserName": "绿***绿",
    "title": "",
    "description": "",
    "latestVersion": 2,
    "alwaysLatest": 1,
    "createTime": "2020-07-23T01:22:12.000Z",
    "lastUpdateTime": "2020-07-23T01:22:12.000Z",
    "auth": 2,
    "uid": "bd-171648521",
    "publishedVersion": 0,
    "forkFrom": "-",
    "isSpam": 0,
    "version": 2,
    "parentVersion": 1,
    "echartsVersion": "4.8.0",
    "versionCreateTime": "2020-07-30T07:36:11.000Z",
    "html": "",
    "externalScripts": "/dep/echarts/map/js/china.js",
    "updaterUID": "bd-171648521",
    "theme": "",
    "layout": "",
    "viewCount": 7696,
    "userName": "绿***绿",
    "commentCount": 0,
    "starCount": 11,
    "isStared": 0,
    "thumbnailURL": "https://www.makeapie.com/ecg-storage/ec_gallery_thumbnail/x67wZCup8c.png?v=1596094571624",
    "isCustomThumbnail": 0,
    "builtinTags": [
        "category-work",
        "geo",
        "series-effectScatter",
        "series-lines",
        "series-map",
        "series-scatter"
    ],
    "customTags": [],
    "updaterUserName": "绿***绿"
}