{
    "cid": "x9__pxb_CY",
    "authorUid": "obd-oj8MmIvomgMLCBkYnCwqKQCbOh412Dl",
    "authorUserName": "a***1",
    "title": "折线图箭头",
    "description": "",
    "latestVersion": 4,
    "alwaysLatest": 1,
    "createTime": "2020-07-23T14:56:16.000Z",
    "lastUpdateTime": "2020-07-23T14:56:16.000Z",
    "auth": 2,
    "uid": "obd-oj8MmIvomgMLCBkYnCwqKQCbOh412Dl",
    "publishedVersion": 0,
    "forkFrom": "-",
    "isSpam": 0,
    "version": 4,
    "parentVersion": 3,
    "echartsVersion": "4.8.0",
    "versionCreateTime": "2020-07-23T15:22:11.000Z",
    "html": "",
    "externalScripts": "",
    "updaterUID": "obd-oj8MmIvomgMLCBkYnCwqKQCbOh412Dl",
    "theme": "",
    "layout": "",
    "viewCount": 360,
    "userName": "a***1",
    "commentCount": 0,
    "starCount": 0,
    "isStared": 0,
    "thumbnailURL": "https://www.makeapie.com/ecg-storage/ec_gallery_thumbnail/x9__pxb_CY.png?v=1595517731606",
    "isCustomThumbnail": 0,
    "builtinTags": [
        "category-work",
        "dataZoom",
        "grid",
        "markLine",
        "series-line"
    ],
    "customTags": [],
    "updaterUserName": "a***1"
}