{
    "cid": "xcK8a_910U",
    "authorUid": "obd-o2-aTjNCXh_ADELOPM4d70VB1G3Oy6I",
    "authorUserName": "衰***命",
    "title": "日期热力图",
    "description": "",
    "latestVersion": 1,
    "alwaysLatest": 1,
    "createTime": "2020-07-23T01:29:01.000Z",
    "lastUpdateTime": "2020-07-23T01:29:01.000Z",
    "auth": 2,
    "uid": "obd-o2-aTjNCXh_ADELOPM4d70VB1G3Oy6I",
    "publishedVersion": 0,
    "forkFrom": "-",
    "isSpam": 0,
    "version": 1,
    "parentVersion": -1,
    "echartsVersion": "4.8.0",
    "versionCreateTime": "2020-07-23T01:29:01.000Z",
    "html": "",
    "externalScripts": "",
    "updaterUID": "obd-o2-aTjNCXh_ADELOPM4d70VB1G3Oy6I",
    "theme": "",
    "layout": "",
    "viewCount": 1021,
    "userName": "衰***命",
    "commentCount": 0,
    "starCount": 6,
    "isStared": 0,
    "thumbnailURL": "https://www.makeapie.com/ecg-storage/ec_gallery_thumbnail/xcK8a_910U.png?v=1595467742110",
    "isCustomThumbnail": 0,
    "builtinTags": [
        "category-work",
        "grid",
        "series-heatmap",
        "tooltip",
        "visualMap"
    ],
    "customTags": [],
    "updaterUserName": "衰***命"
}