{
    "cid": "xJkIOKl-kS",
    "authorUid": "obd-oM1zftLBV6P4Ll0PPdXbaRx5PsgCk2F",
    "authorUserName": "1***9",
    "title": "柱状图数据翻滚排序效果",
    "description": "翻滚",
    "latestVersion": 2,
    "alwaysLatest": 1,
    "createTime": "2020-07-24T01:57:08.000Z",
    "lastUpdateTime": "2020-07-24T01:57:08.000Z",
    "auth": 2,
    "uid": "obd-oM1zftLBV6P4Ll0PPdXbaRx5PsgCk2F",
    "publishedVersion": 0,
    "forkFrom": "-",
    "isSpam": 0,
    "version": 2,
    "parentVersion": 1,
    "echartsVersion": "4.8.0",
    "versionCreateTime": "2020-07-24T02:11:53.000Z",
    "html": "",
    "externalScripts": "",
    "updaterUID": "obd-oM1zftLBV6P4Ll0PPdXbaRx5PsgCk2F",
    "theme": "",
    "layout": "",
    "viewCount": 186,
    "userName": "1***9",
    "commentCount": 0,
    "starCount": 0,
    "isStared": 0,
    "thumbnailURL": "https://www.makeapie.com/ecg-storage/ec_gallery_thumbnail/xJkIOKl-kS.png?v=1595556714001",
    "isCustomThumbnail": 0,
    "builtinTags": [
        "category-work",
        "grid",
        "series-bar",
        "title"
    ],
    "customTags": [],
    "updaterUserName": "1***9"
}