{
    "cid": "xMCl_2tKjg",
    "authorUid": "bd-168489742",
    "authorUserName": "w***5",
    "title": "山东省3D柱状图",
    "description": "山东省3D柱状图",
    "latestVersion": 9,
    "alwaysLatest": 1,
    "createTime": "2020-07-23T09:20:10.000Z",
    "lastUpdateTime": "2020-07-23T09:20:10.000Z",
    "auth": 2,
    "uid": "bd-168489742",
    "publishedVersion": 0,
    "forkFrom": "-",
    "isSpam": 0,
    "version": 9,
    "parentVersion": 8,
    "echartsVersion": "4.9.0",
    "versionCreateTime": "2021-04-29T06:17:16.000Z",
    "html": "",
    "externalScripts": "https://echarts.baidu.com/resource/echarts-gl-latest/dist/echarts-gl.min.js,/dep/echarts/map/js/china.js",
    "updaterUID": "bd-168489742",
    "theme": "",
    "layout": "",
    "viewCount": 446,
    "userName": "w***5",
    "commentCount": 0,
    "starCount": 2,
    "isStared": 0,
    "thumbnailURL": "https://www.makeapie.com/ecg-storage/ec_gallery_thumbnail/xMCl_2tKjg.png?v=1619677037022",
    "isCustomThumbnail": 0,
    "builtinTags": [
        "category-work",
        "geo",
        "series-effectScatter",
        "series-map",
        "tooltip"
    ],
    "customTags": [],
    "updaterUserName": "w***5"
}