{
    "cid": "xnS8vgOo7k",
    "authorUid": "obd-oDpFraKPqOlCcnEoNhReIq2VfHEB81g",
    "authorUserName": "膝***纹",
    "title": "表格双联动+布局自适应",
    "description": "",
    "latestVersion": 2,
    "alwaysLatest": 1,
    "createTime": "2020-07-23T11:56:13.000Z",
    "lastUpdateTime": "2020-07-23T11:56:13.000Z",
    "auth": 2,
    "uid": "obd-oDpFraKPqOlCcnEoNhReIq2VfHEB81g",
    "publishedVersion": 0,
    "forkFrom": "-",
    "isSpam": 0,
    "version": 2,
    "parentVersion": 1,
    "echartsVersion": "4.8.0",
    "versionCreateTime": "2020-07-23T11:59:25.000Z",
    "html": "",
    "externalScripts": "",
    "updaterUID": "obd-oDpFraKPqOlCcnEoNhReIq2VfHEB81g",
    "theme": "",
    "layout": "",
    "viewCount": 326,
    "userName": "膝***纹",
    "commentCount": 0,
    "starCount": 1,
    "isStared": 0,
    "thumbnailURL": "https://www.makeapie.com/ecg-storage/ec_gallery_thumbnail/xnS8vgOo7k.png?v=1595505373326",
    "isCustomThumbnail": 1,
    "builtinTags": [
        "category-work",
        "dataset",
        "grid",
        "legend",
        "series-bar",
        "series-pie",
        "tooltip"
    ],
    "customTags": [
        "dispatchAction",
        "media"
    ],
    "updaterUserName": "膝***纹"
}