{
    "cid": "xqq0v1fGri",
    "authorUid": "obd-oEy7erhEaz27W2Z9RLYwx5bnabe104O",
    "authorUserName": "邹***平",
    "title": "圆环柱状图",
    "description": "",
    "latestVersion": 1,
    "alwaysLatest": 1,
    "createTime": "2020-07-23T08:31:12.000Z",
    "lastUpdateTime": "2020-07-23T08:31:12.000Z",
    "auth": 2,
    "uid": "obd-oEy7erhEaz27W2Z9RLYwx5bnabe104O",
    "publishedVersion": 0,
    "forkFrom": "-",
    "isSpam": 0,
    "version": 1,
    "parentVersion": -1,
    "echartsVersion": "4.8.0",
    "versionCreateTime": "2020-07-23T08:31:12.000Z",
    "html": "",
    "externalScripts": "",
    "updaterUID": "obd-oEy7erhEaz27W2Z9RLYwx5bnabe104O",
    "theme": "",
    "layout": "",
    "viewCount": 1082,
    "userName": "邹***平",
    "commentCount": 0,
    "starCount": 10,
    "isStared": 0,
    "thumbnailURL": "https://www.makeapie.com/ecg-storage/ec_gallery_thumbnail/xqq0v1fGri.png?v=1595493072512",
    "isCustomThumbnail": 0,
    "builtinTags": [
        "category-work",
        "polar",
        "series-bar",
        "series-custom",
        "title"
    ],
    "customTags": [],
    "updaterUserName": "邹***平"
}