{
    "cid": "xRSHYHvNyh",
    "authorUid": "obd-o24uUOkviLDgErT_zIs6z5dWYQTJyB4",
    "authorUserName": "断***1",
    "title": "多y轴排序",
    "description": "",
    "latestVersion": 2,
    "alwaysLatest": 1,
    "createTime": "2020-07-23T02:16:27.000Z",
    "lastUpdateTime": "2020-07-23T02:16:27.000Z",
    "auth": 2,
    "uid": "obd-o24uUOkviLDgErT_zIs6z5dWYQTJyB4",
    "publishedVersion": 0,
    "forkFrom": "-",
    "isSpam": 0,
    "version": 2,
    "parentVersion": 1,
    "echartsVersion": "4.8.0",
    "versionCreateTime": "2020-07-23T02:52:14.000Z",
    "html": "",
    "externalScripts": "",
    "updaterUID": "obd-o24uUOkviLDgErT_zIs6z5dWYQTJyB4",
    "theme": "",
    "layout": "",
    "viewCount": 71,
    "userName": "断***1",
    "commentCount": 0,
    "starCount": 0,
    "isStared": 0,
    "thumbnailURL": "https://www.makeapie.com/ecg-storage/ec_gallery_thumbnail/xRSHYHvNyh.png?v=1595472734482",
    "isCustomThumbnail": 0,
    "builtinTags": [
        "category-work",
        "grid",
        "legend",
        "series-bar",
        "title",
        "tooltip"
    ],
    "customTags": [],
    "updaterUserName": "断***1"
}