{
    "cid": "xSJvHPoU7H",
    "authorUid": "obd-o24uUOkviLDgErT_zIs6z5dWYQTJyB4",
    "authorUserName": "断***1",
    "title": "图标排序",
    "description": "图标列可以排序",
    "latestVersion": 11,
    "alwaysLatest": 1,
    "createTime": "2020-07-22T10:59:02.000Z",
    "lastUpdateTime": "2020-07-22T10:59:02.000Z",
    "auth": 2,
    "uid": "obd-o24uUOkviLDgErT_zIs6z5dWYQTJyB4",
    "publishedVersion": 0,
    "forkFrom": "-",
    "isSpam": 0,
    "version": 11,
    "parentVersion": 10,
    "echartsVersion": "4.8.0",
    "versionCreateTime": "2020-07-28T09:35:16.000Z",
    "html": "",
    "externalScripts": "",
    "updaterUID": "obd-o24uUOkviLDgErT_zIs6z5dWYQTJyB4",
    "theme": "",
    "layout": "",
    "viewCount": 128,
    "userName": "断***1",
    "commentCount": 0,
    "starCount": 0,
    "isStared": 0,
    "thumbnailURL": "https://www.makeapie.com/ecg-storage/ec_gallery_thumbnail/xSJvHPoU7H.png?v=1595928916920",
    "isCustomThumbnail": 0,
    "builtinTags": [
        "category-work",
        "grid",
        "legend",
        "series-bar",
        "title",
        "tooltip"
    ],
    "customTags": [],
    "updaterUserName": "断***1"
}