{
    "cid": "xT0w9o-ngr",
    "authorUid": "bd-3913771301",
    "authorUserName": "因***凡",
    "title": "阶段分布",
    "description": "阶段分布，采用标域实现。可放大缩小。",
    "latestVersion": 1,
    "alwaysLatest": 1,
    "createTime": "2020-07-23T05:33:03.000Z",
    "lastUpdateTime": "2020-07-23T05:33:03.000Z",
    "auth": 1,
    "uid": "bd-3913771301",
    "publishedVersion": 0,
    "forkFrom": "-",
    "isSpam": 0,
    "version": 1,
    "parentVersion": -1,
    "echartsVersion": "4.8.0",
    "versionCreateTime": "2020-07-23T05:33:03.000Z",
    "html": "",
    "externalScripts": "",
    "updaterUID": "bd-3913771301",
    "theme": "",
    "layout": "",
    "viewCount": 154,
    "userName": "因***凡",
    "commentCount": 0,
    "starCount": 1,
    "isStared": 0,
    "thumbnailURL": "https://www.makeapie.com/ecg-storage/ec_gallery_thumbnail/xT0w9o-ngr.png?v=1595482383286",
    "isCustomThumbnail": 0,
    "builtinTags": [
        "category-work",
        "dataZoom",
        "grid",
        "markArea",
        "series-line"
    ],
    "customTags": [],
    "updaterUserName": "因***凡"
}