{
    "cid": "xubfLJBCVR",
    "authorUid": "obd-oEy7erhEaz27W2Z9RLYwx5bnabe104O",
    "authorUserName": "邹***平",
    "title": "横向圆弧边柱状图",
    "description": "",
    "latestVersion": 1,
    "alwaysLatest": 1,
    "createTime": "2020-07-23T08:23:09.000Z",
    "lastUpdateTime": "2020-07-23T08:23:09.000Z",
    "auth": 1,
    "uid": "obd-oEy7erhEaz27W2Z9RLYwx5bnabe104O",
    "publishedVersion": 0,
    "forkFrom": "-",
    "isSpam": 0,
    "version": 1,
    "parentVersion": -1,
    "echartsVersion": "4.8.0",
    "versionCreateTime": "2020-07-23T08:23:09.000Z",
    "html": "",
    "externalScripts": "",
    "updaterUID": "obd-oEy7erhEaz27W2Z9RLYwx5bnabe104O",
    "theme": "",
    "layout": "",
    "viewCount": 69,
    "userName": "邹***平",
    "commentCount": 0,
    "starCount": 0,
    "isStared": 0,
    "thumbnailURL": "https://www.makeapie.com/ecg-storage/ec_gallery_thumbnail/xubfLJBCVR.png?v=1595492589511",
    "isCustomThumbnail": 0,
    "builtinTags": [
        "category-work",
        "grid",
        "series-bar",
        "title"
    ],
    "customTags": [],
    "updaterUserName": "邹***平"
}