{
    "cid": "xvxNRYUoT-",
    "authorUid": "obd-o04OccG9yCRbA0oM-73q71CaKDzhWFm",
    "authorUserName": "e***9",
    "title": "叠加柱状图",
    "description": "",
    "latestVersion": 1,
    "alwaysLatest": 1,
    "createTime": "2020-07-23T08:33:20.000Z",
    "lastUpdateTime": "2020-07-23T08:33:20.000Z",
    "auth": 2,
    "uid": "obd-o04OccG9yCRbA0oM-73q71CaKDzhWFm",
    "publishedVersion": 0,
    "forkFrom": "-",
    "isSpam": 0,
    "version": 1,
    "parentVersion": -1,
    "echartsVersion": "4.8.0",
    "versionCreateTime": "2020-07-23T08:33:20.000Z",
    "html": "",
    "externalScripts": "",
    "updaterUID": "obd-o04OccG9yCRbA0oM-73q71CaKDzhWFm",
    "theme": "",
    "layout": "",
    "viewCount": 2048,
    "userName": "e***9",
    "commentCount": 0,
    "starCount": 10,
    "isStared": 0,
    "thumbnailURL": "https://www.makeapie.com/ecg-storage/ec_gallery_thumbnail/xvxNRYUoT-.png?v=1595493200553",
    "isCustomThumbnail": 0,
    "builtinTags": [
        "category-work",
        "grid",
        "series-bar",
        "tooltip"
    ],
    "customTags": [],
    "updaterUserName": "e***9"
}