{
    "cid": "xwvLvzYixA",
    "authorUid": "obd-ojhzVR0BsdaD4SXcYD1Of9E2ka4tqEq",
    "authorUserName": "小***3",
    "title": "情绪分析折线图",
    "description": "",
    "latestVersion": 2,
    "alwaysLatest": 1,
    "createTime": "2020-07-24T04:11:06.000Z",
    "lastUpdateTime": "2020-07-24T04:11:06.000Z",
    "auth": 2,
    "uid": "obd-ojhzVR0BsdaD4SXcYD1Of9E2ka4tqEq",
    "publishedVersion": 0,
    "forkFrom": "-",
    "isSpam": 0,
    "version": 2,
    "parentVersion": 1,
    "echartsVersion": "4.8.0",
    "versionCreateTime": "2020-07-27T09:17:36.000Z",
    "html": "",
    "externalScripts": "",
    "updaterUID": "obd-ojhzVR0BsdaD4SXcYD1Of9E2ka4tqEq",
    "theme": "dark",
    "layout": "",
    "viewCount": 126,
    "userName": "小***3",
    "commentCount": 0,
    "starCount": 1,
    "isStared": 0,
    "thumbnailURL": "https://www.makeapie.com/ecg-storage/ec_gallery_thumbnail/xwvLvzYixA.png?v=1595841456367",
    "isCustomThumbnail": 0,
    "builtinTags": [
        "category-work",
        "grid",
        "legend",
        "series-line",
        "tooltip"
    ],
    "customTags": [],
    "updaterUserName": "小***3"
}