{
    "cid": "xzJ2PdnPAj",
    "authorUid": "obd-otRAu8T0SwGjUVcDPagJChJ58KpK-8R",
    "authorUserName": "a***5",
    "title": "雷达渐变图",
    "description": "",
    "latestVersion": 2,
    "alwaysLatest": 1,
    "createTime": "2020-07-24T03:24:35.000Z",
    "lastUpdateTime": "2020-07-24T03:24:35.000Z",
    "auth": 1,
    "uid": "obd-otRAu8T0SwGjUVcDPagJChJ58KpK-8R",
    "publishedVersion": 0,
    "forkFrom": "-",
    "isSpam": 0,
    "version": 2,
    "parentVersion": 1,
    "echartsVersion": "4.8.0",
    "versionCreateTime": "2020-08-17T11:34:59.000Z",
    "html": "",
    "externalScripts": "",
    "updaterUID": "obd-oE17WSS2LCqiUxej9fKOdqQf_bxxZ4O",
    "theme": "",
    "layout": "",
    "viewCount": 461,
    "userName": "a***5",
    "commentCount": 0,
    "starCount": 0,
    "isStared": 0,
    "thumbnailURL": "https://www.makeapie.com/ecg-storage/ec_gallery_thumbnail/xzJ2PdnPAj.png?v=1597664099543",
    "isCustomThumbnail": 0,
    "builtinTags": [
        "category-work",
        "radar",
        "series-radar"
    ],
    "customTags": [],
    "updaterUserName": "q***6"
}