{
    "cid": "x1Nr4AD_b2",
    "authorUid": "bd-337639173",
    "authorUserName": "会***泉",
    "title": "象形柱状图",
    "description": "",
    "latestVersion": 1,
    "alwaysLatest": 1,
    "createTime": "2018-10-26T06:16:05.000Z",
    "lastUpdateTime": "2018-10-26T06:16:05.000Z",
    "auth": 2,
    "uid": "bd-337639173",
    "publishedVersion": 0,
    "forkFrom": "-",
    "isSpam": 0,
    "version": 1,
    "parentVersion": -1,
    "echartsVersion": "4.2.0",
    "versionCreateTime": "2018-10-26T06:16:05.000Z",
    "html": "",
    "externalScripts": "",
    "updaterUID": "bd-337639173",
    "theme": "",
    "layout": "",
    "viewCount": 126,
    "userName": "会***泉",
    "commentCount": 0,
    "starCount": 1,
    "isStared": 0,
    "thumbnailURL": "https://www.makeapie.com/ecg-storage/ec_gallery_thumbnail/x1Nr4AD_b2.png?v=1540534565467",
    "isCustomThumbnail": 0,
    "builtinTags": [
        "category-work",
        "grid",
        "legend",
        "series-pictorialBar"
    ],
    "customTags": [],
    "updaterUserName": "会***泉"
}