{
    "cid": "xB3AAMaXbj",
    "authorUid": "bd-86379122",
    "authorUserName": "x***m",
    "title": "热力图",
    "description": "",
    "latestVersion": 2,
    "alwaysLatest": 1,
    "createTime": "2018-10-25T08:51:02.000Z",
    "lastUpdateTime": "2018-10-25T08:51:02.000Z",
    "auth": 2,
    "uid": "bd-86379122",
    "publishedVersion": 0,
    "forkFrom": "-",
    "isSpam": 0,
    "version": 2,
    "parentVersion": 1,
    "echartsVersion": "4.2.1",
    "versionCreateTime": "2019-06-13T07:54:26.000Z",
    "html": "",
    "externalScripts": "/dep/echarts/map/js/china.js",
    "updaterUID": "bd-86379122",
    "theme": "",
    "layout": "",
    "viewCount": 3635,
    "userName": "x***m",
    "commentCount": 0,
    "starCount": 16,
    "isStared": 0,
    "thumbnailURL": "https://www.makeapie.com/ecg-storage/ec_gallery_thumbnail/xB3AAMaXbj.png?v=1560412467227",
    "isCustomThumbnail": 0,
    "builtinTags": [
        "category-work",
        "geo",
        "series-heatmap",
        "series-scatter",
        "visualMap"
    ],
    "customTags": [],
    "updaterUserName": "x***m"
}