{
    "cid": "xbZXYwwwux",
    "authorUid": "bd-1744915690",
    "authorUserName": "ZHSCDO",
    "title": "Awesome Chart",
    "description": "1",
    "latestVersion": 2,
    "alwaysLatest": 1,
    "createTime": "2018-10-24T15:18:50.000Z",
    "lastUpdateTime": "2018-10-24T15:18:50.000Z",
    "auth": 1,
    "uid": "bd-1744915690",
    "publishedVersion": 0,
    "forkFrom": "-",
    "isSpam": 0,
    "version": 2,
    "parentVersion": 1,
    "echartsVersion": "4.2.0",
    "versionCreateTime": "2018-10-24T15:20:08.000Z",
    "html": "",
    "externalScripts": "",
    "updaterUID": "bd-1744915690",
    "theme": "default",
    "layout": "",
    "viewCount": 20,
    "userName": "ZHSCDO",
    "commentCount": 0,
    "starCount": 0,
    "isStared": 0,
    "thumbnailURL": "https://www.makeapie.com/ecg-storage/ec_gallery_thumbnail/xbZXYwwwux.png?v=1540394408162",
    "isCustomThumbnail": 0,
    "builtinTags": [
        "category-work",
        "grid",
        "series-line",
        "title"
    ],
    "customTags": [],
    "updaterUserName": "ZHSCDO"
}