{
    "cid": "xdW1Sc3B9l",
    "authorUid": "bd-337639173",
    "authorUserName": "会***泉",
    "title": "数值不同自动变色柱状图",
    "description": "",
    "latestVersion": 1,
    "alwaysLatest": 1,
    "createTime": "2018-10-26T06:09:23.000Z",
    "lastUpdateTime": "2018-10-26T06:09:23.000Z",
    "auth": 2,
    "uid": "bd-337639173",
    "publishedVersion": 0,
    "forkFrom": "-",
    "isSpam": 0,
    "version": 1,
    "parentVersion": -1,
    "echartsVersion": "4.2.0",
    "versionCreateTime": "2018-10-26T06:09:23.000Z",
    "html": "",
    "externalScripts": "",
    "updaterUID": "bd-337639173",
    "theme": "",
    "layout": "",
    "viewCount": 94,
    "userName": "会***泉",
    "commentCount": 0,
    "starCount": 1,
    "isStared": 0,
    "thumbnailURL": "https://www.makeapie.com/ecg-storage/ec_gallery_thumbnail/xdW1Sc3B9l.png?v=1540534163795",
    "isCustomThumbnail": 0,
    "builtinTags": [
        "category-work",
        "grid",
        "series-bar",
        "toolbox",
        "tooltip"
    ],
    "customTags": [],
    "updaterUserName": "会***泉"
}