{
    "cid": "xeUIEK8vVn",
    "authorUid": "bd-939842705",
    "authorUserName": "j***h",
    "title": "老人出行时间规律",
    "description": "厦门老人公交出行，2014年5月数据时间规律研究",
    "latestVersion": 2,
    "alwaysLatest": 1,
    "createTime": "2018-10-26T10:15:36.000Z",
    "lastUpdateTime": "2018-11-09T08:43:30.000Z",
    "auth": 2,
    "uid": "bd-939842705",
    "publishedVersion": 0,
    "forkFrom": "-",
    "isSpam": 0,
    "version": 2,
    "parentVersion": 1,
    "echartsVersion": "4.2.1",
    "versionCreateTime": "2019-02-17T11:29:13.000Z",
    "html": "",
    "externalScripts": "",
    "updaterUID": "bd-939842705",
    "theme": "default",
    "layout": "",
    "viewCount": 497,
    "userName": "j***h",
    "commentCount": 0,
    "starCount": 10,
    "isStared": 0,
    "thumbnailURL": "https://www.makeapie.com/ecg-storage/ec_gallery_thumbnail/xeUIEK8vVn.png?v=1550402953222",
    "isCustomThumbnail": 0,
    "builtinTags": [
        "category-work",
        "grid",
        "legend",
        "series-bar",
        "series-line",
        "title",
        "tooltip"
    ],
    "customTags": [],
    "updaterUserName": "j***h"
}