{
    "cid": "xhYsHnDp2o",
    "authorUid": "bd-4196992462",
    "authorUserName": "s***8",
    "title": "人员打点2",
    "description": "",
    "latestVersion": 1,
    "alwaysLatest": 1,
    "createTime": "2018-10-25T06:59:18.000Z",
    "lastUpdateTime": "2018-10-25T06:59:18.000Z",
    "auth": 2,
    "uid": "bd-4196992462",
    "publishedVersion": 0,
    "forkFrom": "-",
    "isSpam": 0,
    "version": 1,
    "parentVersion": -1,
    "echartsVersion": "4.2.0",
    "versionCreateTime": "2018-10-25T06:59:18.000Z",
    "html": "",
    "externalScripts": "/dep/echarts/latest/extension/bmap.min.js,http://api.map.baidu.com/api?v=2.0&ak=ZUONbpqGBsYGXNIYHicvbAbM",
    "updaterUID": "bd-4196992462",
    "theme": "",
    "layout": "",
    "viewCount": 26,
    "userName": "s***8",
    "commentCount": 0,
    "starCount": 0,
    "isStared": 0,
    "thumbnailURL": "https://www.makeapie.com/ecg-storage/ec_gallery_thumbnail/xhYsHnDp2o.undefined?v=",
    "isCustomThumbnail": 0,
    "builtinTags": [
        "category-work"
    ],
    "customTags": [],
    "updaterUserName": "s***8"
}