{
    "cid": "xiqwiy_21C",
    "authorUid": "bd-101698999",
    "authorUserName": "Z***8",
    "title": "百度知道回答，自定义tooltip环比增长",
    "description": "",
    "latestVersion": 1,
    "alwaysLatest": 1,
    "createTime": "2018-10-29T00:53:49.000Z",
    "lastUpdateTime": "2019-08-09T00:39:47.000Z",
    "auth": 2,
    "uid": "bd-101698999",
    "publishedVersion": 0,
    "forkFrom": "-",
    "isSpam": 0,
    "version": 1,
    "parentVersion": -1,
    "echartsVersion": "4.2.0",
    "versionCreateTime": "2018-10-29T00:53:49.000Z",
    "html": "",
    "externalScripts": "",
    "updaterUID": "bd-101698999",
    "theme": "default",
    "layout": "",
    "viewCount": 440,
    "userName": "Z***8",
    "commentCount": 0,
    "starCount": 1,
    "isStared": 0,
    "thumbnailURL": "https://www.makeapie.com/ecg-storage/ec_gallery_thumbnail/xiqwiy_21C.png?v=1565311187849",
    "isCustomThumbnail": 1,
    "builtinTags": [
        "category-work",
        "grid",
        "series-bar",
        "tooltip"
    ],
    "customTags": [],
    "updaterUserName": "Z***8"
}