{
    "cid": "xj3c22h2BR",
    "authorUid": "bd-4111537438",
    "authorUserName": "ROS_NANA",
    "title": "车辆维修分析",
    "description": "车辆维修分析-维修项目分布",
    "latestVersion": 1,
    "alwaysLatest": 1,
    "createTime": "2018-10-25T07:28:57.000Z",
    "lastUpdateTime": "2018-10-25T07:28:57.000Z",
    "auth": 2,
    "uid": "bd-4111537438",
    "publishedVersion": 0,
    "forkFrom": "-",
    "isSpam": 0,
    "version": 1,
    "parentVersion": -1,
    "echartsVersion": "4.2.0",
    "versionCreateTime": "2018-10-25T07:28:57.000Z",
    "html": "",
    "externalScripts": "",
    "updaterUID": "bd-4111537438",
    "theme": "",
    "layout": "",
    "viewCount": 40,
    "userName": "ROS_NANA",
    "commentCount": 0,
    "starCount": 0,
    "isStared": 0,
    "thumbnailURL": "https://www.makeapie.com/ecg-storage/ec_gallery_thumbnail/xj3c22h2BR.png?v=1540452537725",
    "isCustomThumbnail": 0,
    "builtinTags": [
        "category-work",
        "series-sunburst",
        "visualMap"
    ],
    "customTags": [],
    "updaterUserName": "ROS_NANA"
}