{
    "cid": "xKM9osgrY5",
    "authorUid": "bd-134433512",
    "authorUserName": "安***D",
    "title": "数据分布-亮色-带标签",
    "description": "",
    "latestVersion": 4,
    "alwaysLatest": 1,
    "createTime": "2018-10-26T01:59:56.000Z",
    "lastUpdateTime": "2018-10-26T01:59:56.000Z",
    "auth": 2,
    "uid": "bd-134433512",
    "publishedVersion": 0,
    "forkFrom": "-",
    "isSpam": 0,
    "version": 4,
    "parentVersion": 3,
    "echartsVersion": "4.2.0",
    "versionCreateTime": "2018-11-13T05:53:39.000Z",
    "html": "",
    "externalScripts": "",
    "updaterUID": "bd-134433512",
    "theme": "",
    "layout": "",
    "viewCount": 2528,
    "userName": "安***D",
    "commentCount": 1,
    "starCount": 15,
    "isStared": 0,
    "thumbnailURL": "https://www.makeapie.com/ecg-storage/ec_gallery_thumbnail/xKM9osgrY5.png?v=1542088419296",
    "isCustomThumbnail": 0,
    "builtinTags": [
        "category-work",
        "series-treemap",
        "title",
        "toolbox",
        "tooltip"
    ],
    "customTags": [],
    "updaterUserName": "安***D"
}