{
    "cid": "xLarIIH_5y",
    "authorUid": "bd-3650162791",
    "authorUserName": "富贵竹284",
    "title": "航线上zcZx  座率分析",
    "description": "想想",
    "latestVersion": 2,
    "alwaysLatest": 1,
    "createTime": "2018-10-26T02:56:14.000Z",
    "lastUpdateTime": "2018-10-26T02:56:14.000Z",
    "auth": 2,
    "uid": "bd-3650162791",
    "publishedVersion": 0,
    "forkFrom": "-",
    "isSpam": 0,
    "version": 2,
    "parentVersion": 1,
    "echartsVersion": "4.2.0",
    "versionCreateTime": "2018-10-26T03:28:31.000Z",
    "html": "",
    "externalScripts": "",
    "updaterUID": "bd-3650162791",
    "theme": "",
    "layout": "",
    "viewCount": 60,
    "userName": "富贵竹284",
    "commentCount": 0,
    "starCount": 1,
    "isStared": 0,
    "thumbnailURL": "https://www.makeapie.com/ecg-storage/ec_gallery_thumbnail/xLarIIH_5y.png?v=1540524512053",
    "isCustomThumbnail": 0,
    "builtinTags": [
        "category-work",
        "grid",
        "legend",
        "series-line",
        "title",
        "tooltip"
    ],
    "customTags": [],
    "updaterUserName": "富贵竹284"
}