{
    "cid": "xLiM0_TSe5",
    "authorUid": "bd-3887061366",
    "authorUserName": "驍叔叔",
    "title": "模拟温度计",
    "description": "",
    "latestVersion": 4,
    "alwaysLatest": 1,
    "createTime": "2018-10-25T09:41:41.000Z",
    "lastUpdateTime": "2018-10-25T09:41:41.000Z",
    "auth": 2,
    "uid": "bd-3887061366",
    "publishedVersion": 0,
    "forkFrom": "-",
    "isSpam": 0,
    "version": 4,
    "parentVersion": 3,
    "echartsVersion": "4.2.0",
    "versionCreateTime": "2018-10-26T02:30:36.000Z",
    "html": "",
    "externalScripts": "",
    "updaterUID": "bd-3887061366",
    "theme": "",
    "layout": "",
    "viewCount": 140,
    "userName": "驍叔叔",
    "commentCount": 0,
    "starCount": 5,
    "isStared": 0,
    "thumbnailURL": "https://www.makeapie.com/ecg-storage/ec_gallery_thumbnail/xLiM0_TSe5.png?v=1540521036173",
    "isCustomThumbnail": 0,
    "builtinTags": [
        "category-work",
        "grid",
        "series-bar"
    ],
    "customTags": [],
    "updaterUserName": "驍叔叔"
}