{
    "cid": "xM-4CIYYHv",
    "authorUid": "bd-2952966886",
    "authorUserName": "滑头莹莹",
    "title": "line-断点连接",
    "description": "line数据中出现断点时解决",
    "latestVersion": 1,
    "alwaysLatest": 1,
    "createTime": "2018-10-25T11:10:37.000Z",
    "lastUpdateTime": "2018-10-25T11:10:37.000Z",
    "auth": 2,
    "uid": "bd-2952966886",
    "publishedVersion": 0,
    "forkFrom": "-",
    "isSpam": 0,
    "version": 1,
    "parentVersion": -1,
    "echartsVersion": "4.2.0",
    "versionCreateTime": "2018-10-25T11:10:37.000Z",
    "html": "",
    "externalScripts": "",
    "updaterUID": "bd-2952966886",
    "theme": "",
    "layout": "",
    "viewCount": 653,
    "userName": "滑头莹莹",
    "commentCount": 0,
    "starCount": 0,
    "isStared": 0,
    "thumbnailURL": "https://www.makeapie.com/ecg-storage/ec_gallery_thumbnail/xM-4CIYYHv.png?v=1540465837589",
    "isCustomThumbnail": 0,
    "builtinTags": [
        "category-work",
        "grid",
        "series-line",
        "title"
    ],
    "customTags": [],
    "updaterUserName": "滑头莹莹"
}