{
    "cid": "xmnw3I4YlZ",
    "authorUid": "bd-3478498634",
    "authorUserName": "惊蜗牛梦",
    "title": "湖北省各市区人数图",
    "description": "",
    "latestVersion": 3,
    "alwaysLatest": 1,
    "createTime": "2018-10-28T07:57:06.000Z",
    "lastUpdateTime": "2018-10-28T07:57:06.000Z",
    "auth": 2,
    "uid": "bd-3478498634",
    "publishedVersion": 0,
    "forkFrom": "-",
    "isSpam": 0,
    "version": 3,
    "parentVersion": 2,
    "echartsVersion": "4.2.0",
    "versionCreateTime": "2018-10-28T08:31:40.000Z",
    "html": "",
    "externalScripts": "",
    "updaterUID": "bd-3478498634",
    "theme": "",
    "layout": "",
    "viewCount": 1014,
    "userName": "惊蜗牛梦",
    "commentCount": 1,
    "starCount": 2,
    "isStared": 0,
    "thumbnailURL": "https://www.makeapie.com/ecg-storage/ec_gallery_thumbnail/xmnw3I4YlZ.png?v=1540715501048",
    "isCustomThumbnail": 0,
    "builtinTags": [
        "category-work",
        "geo",
        "series-scatter",
        "tooltip",
        "visualMap"
    ],
    "customTags": [],
    "updaterUserName": "惊蜗牛梦"
}