{
    "cid": "xP0AMakJ_8",
    "authorUid": "bd-134433512",
    "authorUserName": "安***D",
    "title": "数据分布-暗色-带标签",
    "description": "",
    "latestVersion": 1,
    "alwaysLatest": 1,
    "createTime": "2018-10-26T02:08:01.000Z",
    "lastUpdateTime": "2018-10-26T02:08:01.000Z",
    "auth": 2,
    "uid": "bd-134433512",
    "publishedVersion": 0,
    "forkFrom": "-",
    "isSpam": 0,
    "version": 1,
    "parentVersion": -1,
    "echartsVersion": "4.2.0",
    "versionCreateTime": "2018-10-26T02:08:01.000Z",
    "html": "",
    "externalScripts": "",
    "updaterUID": "bd-134433512",
    "theme": "",
    "layout": "",
    "viewCount": 608,
    "userName": "安***D",
    "commentCount": 0,
    "starCount": 0,
    "isStared": 0,
    "thumbnailURL": "https://www.makeapie.com/ecg-storage/ec_gallery_thumbnail/xP0AMakJ_8.png?v=1540519681173",
    "isCustomThumbnail": 0,
    "builtinTags": [
        "category-work",
        "series-treemap",
        "title",
        "toolbox",
        "tooltip"
    ],
    "customTags": [],
    "updaterUserName": "安***D"
}