{
    "cid": "xt-Om0PKJ8",
    "authorUid": "bd-3650162791",
    "authorUserName": "富贵竹284",
    "title": "航线上座率分析fbadnfd",
    "description": "fn ",
    "latestVersion": 1,
    "alwaysLatest": 1,
    "createTime": "2018-10-26T02:55:48.000Z",
    "lastUpdateTime": "2018-10-26T02:55:48.000Z",
    "auth": 2,
    "uid": "bd-3650162791",
    "publishedVersion": 0,
    "forkFrom": "-",
    "isSpam": 0,
    "version": 1,
    "parentVersion": -1,
    "echartsVersion": "4.2.0",
    "versionCreateTime": "2018-10-26T02:55:48.000Z",
    "html": "",
    "externalScripts": "",
    "updaterUID": "bd-3650162791",
    "theme": "",
    "layout": "",
    "viewCount": 45,
    "userName": "富贵竹284",
    "commentCount": 0,
    "starCount": 0,
    "isStared": 0,
    "thumbnailURL": "https://www.makeapie.com/ecg-storage/ec_gallery_thumbnail/xt-Om0PKJ8.png?v=1540522548513",
    "isCustomThumbnail": 0,
    "builtinTags": [
        "category-work",
        "grid",
        "legend",
        "series-line",
        "title",
        "tooltip"
    ],
    "customTags": [],
    "updaterUserName": "富贵竹284"
}