{
    "cid": "xUthbRw3pT",
    "authorUid": "bd-1196622443",
    "authorUserName": "布***斯",
    "title": "带网格的图表",
    "description": "",
    "latestVersion": 1,
    "alwaysLatest": 1,
    "createTime": "2018-10-25T06:54:00.000Z",
    "lastUpdateTime": "2018-10-25T06:54:00.000Z",
    "auth": 2,
    "uid": "bd-1196622443",
    "publishedVersion": 0,
    "forkFrom": "-",
    "isSpam": 0,
    "version": 1,
    "parentVersion": -1,
    "echartsVersion": "4.2.0",
    "versionCreateTime": "2018-10-25T06:54:01.000Z",
    "html": "",
    "externalScripts": "",
    "updaterUID": "bd-1196622443",
    "theme": "",
    "layout": "",
    "viewCount": 76,
    "userName": "布***斯",
    "commentCount": 0,
    "starCount": 0,
    "isStared": 0,
    "thumbnailURL": "https://www.makeapie.com/ecg-storage/ec_gallery_thumbnail/xUthbRw3pT.png?v=1540450441119",
    "isCustomThumbnail": 0,
    "builtinTags": [
        "category-work",
        "grid",
        "series-bar",
        "tooltip"
    ],
    "customTags": [],
    "updaterUserName": "布***斯"
}