{
    "cid": "xWDrrZON59",
    "authorUid": "bd-367837783",
    "authorUserName": "中杨知信",
    "title": "陕西省2018年企业专利分布热力图",
    "description": "陕西省2018年企业专利分布热力图",
    "latestVersion": 3,
    "alwaysLatest": 1,
    "createTime": "2018-10-24T13:37:53.000Z",
    "lastUpdateTime": "2018-10-24T13:37:53.000Z",
    "auth": 2,
    "uid": "bd-367837783",
    "publishedVersion": 0,
    "forkFrom": "-",
    "isSpam": 0,
    "version": 3,
    "parentVersion": 2,
    "echartsVersion": "4.2.0",
    "versionCreateTime": "2018-10-24T13:45:32.000Z",
    "html": "",
    "externalScripts": "/dep/echarts/map/js/china.js,/dep/echarts/latest/extension/bmap.min.js,http://api.map.baidu.com/api?v=2.0&ak=ZUONbpqGBsYGXNIYHicvbAbM",
    "updaterUID": "bd-367837783",
    "theme": "",
    "layout": "",
    "viewCount": 118,
    "userName": "中杨知信",
    "commentCount": 0,
    "starCount": 0,
    "isStared": 0,
    "thumbnailURL": "https://www.makeapie.com/ecg-storage/ec_gallery_thumbnail/xWDrrZON59.png?v=1540388274501",
    "isCustomThumbnail": 1,
    "builtinTags": [
        "category-work"
    ],
    "customTags": [],
    "updaterUserName": "中杨知信"
}