{
    "cid": "x-bLaFSYY5",
    "authorUid": "obd-oNS2s5dkhkzeEyPhm5XMCAzZG5ST1CR",
    "authorUserName": "柠***儿",
    "title": "pip center tooltip",
    "description": "环形图中心弹窗，一般用于汇总数据",
    "latestVersion": 2,
    "alwaysLatest": 1,
    "createTime": "2021-02-04T09:01:05.000Z",
    "lastUpdateTime": "2021-02-04T09:01:05.000Z",
    "auth": 2,
    "uid": "obd-oNS2s5dkhkzeEyPhm5XMCAzZG5ST1CR",
    "publishedVersion": 0,
    "forkFrom": "-",
    "isSpam": 0,
    "version": 2,
    "parentVersion": 1,
    "echartsVersion": "4.8.0",
    "versionCreateTime": "2021-02-04T09:02:57.000Z",
    "html": "",
    "externalScripts": "",
    "updaterUID": "obd-oNS2s5dkhkzeEyPhm5XMCAzZG5ST1CR",
    "theme": "",
    "layout": "",
    "viewCount": 53,
    "userName": "柠***儿",
    "commentCount": 0,
    "starCount": 5,
    "isStared": 0,
    "thumbnailURL": "https://www.makeapie.com/ecg-storage/ec_gallery_thumbnail/x-bLaFSYY5.png?v=1612429377947",
    "isCustomThumbnail": 0,
    "builtinTags": [
        "category-work",
        "legend",
        "series-pie",
        "tooltip"
    ],
    "customTags": [],
    "updaterUserName": "柠***儿"
}