{
    "cid": "x-lbCaDfbf",
    "authorUid": "obd-ojM2tX4jX-zPwdqCrLMrj9MjslDI8Em",
    "authorUserName": "勤***语",
    "title": "全国地图下钻",
    "description": "给大家提供动态加载echarts官方各省geojson数据，，地级市的数据需要自己下载",
    "latestVersion": 8,
    "alwaysLatest": 1,
    "createTime": "2021-02-03T10:39:55.000Z",
    "lastUpdateTime": "2021-02-04T03:46:12.000Z",
    "auth": 2,
    "uid": "obd-ojM2tX4jX-zPwdqCrLMrj9MjslDI8Em",
    "publishedVersion": 0,
    "forkFrom": "-",
    "isSpam": 0,
    "version": 8,
    "parentVersion": 7,
    "echartsVersion": "4.8.0",
    "versionCreateTime": "2021-02-04T03:41:17.000Z",
    "html": "",
    "externalScripts": "china,/dep/echarts/map/js/china.js",
    "updaterUID": "obd-ojM2tX4jX-zPwdqCrLMrj9MjslDI8Em",
    "theme": "default",
    "layout": "",
    "viewCount": 237,
    "userName": "勤***语",
    "commentCount": 1,
    "starCount": 1,
    "isStared": 0,
    "thumbnailURL": "https://www.makeapie.com/ecg-storage/ec_gallery_thumbnail/x-lbCaDfbf.png?v=1612410077592",
    "isCustomThumbnail": 0,
    "builtinTags": [
        "category-work"
    ],
    "customTags": [
        "map",
        "下钻",
        "全国",
        "省市"
    ],
    "updaterUserName": "勤***语"
}