{
    "cid": "x0INj6d5oi",
    "authorUid": "bd-1006967428",
    "authorUserName": "w***7",
    "title": "流光效果柱状图",
    "description": "",
    "latestVersion": 1,
    "alwaysLatest": 1,
    "createTime": "2021-02-05T01:46:52.000Z",
    "lastUpdateTime": "2021-02-05T01:46:52.000Z",
    "auth": 2,
    "uid": "bd-1006967428",
    "publishedVersion": 0,
    "forkFrom": "-",
    "isSpam": 0,
    "version": 1,
    "parentVersion": -1,
    "echartsVersion": "4.8.0",
    "versionCreateTime": "2021-02-05T01:46:52.000Z",
    "html": "",
    "externalScripts": "",
    "updaterUID": "bd-1006967428",
    "theme": "",
    "layout": "",
    "viewCount": 28,
    "userName": "w***7",
    "commentCount": 0,
    "starCount": 1,
    "isStared": 0,
    "thumbnailURL": "https://www.makeapie.com/ecg-storage/ec_gallery_thumbnail/x0INj6d5oi.png?v=1612489612474",
    "isCustomThumbnail": 0,
    "builtinTags": [
        "category-work",
        "grid",
        "series-bar",
        "series-lines"
    ],
    "customTags": [],
    "updaterUserName": "w***7"
}