{
    "cid": "x_ufZ3w1hC",
    "authorUid": "obd-oN528wIObCqHWTdyYWagEUlEAauDUCO",
    "authorUserName": "景***莉",
    "title": "Awesome Chart",
    "description": "",
    "latestVersion": 1,
    "alwaysLatest": 1,
    "createTime": "2021-02-04T07:08:41.000Z",
    "lastUpdateTime": "2021-02-04T07:08:41.000Z",
    "auth": 2,
    "uid": "obd-oN528wIObCqHWTdyYWagEUlEAauDUCO",
    "publishedVersion": 0,
    "forkFrom": "-",
    "isSpam": 0,
    "version": 1,
    "parentVersion": -1,
    "echartsVersion": "4.8.0",
    "versionCreateTime": "2021-02-04T07:08:41.000Z",
    "html": "",
    "externalScripts": "",
    "updaterUID": "obd-oN528wIObCqHWTdyYWagEUlEAauDUCO",
    "theme": "",
    "layout": "",
    "viewCount": 17,
    "userName": "景***莉",
    "commentCount": 0,
    "starCount": 0,
    "isStared": 0,
    "thumbnailURL": "https://www.makeapie.com/ecg-storage/ec_gallery_thumbnail/x_ufZ3w1hC.png?v=1612422521624",
    "isCustomThumbnail": 0,
    "builtinTags": [
        "category-work",
        "grid",
        "series-line",
        "title"
    ],
    "customTags": [],
    "updaterUserName": "景***莉"
}