{
    "cid": "xA5Gyu6pNz",
    "authorUid": "obd-oNlDRNEPgQA1_62kDoI9_o1x04e14Cb",
    "authorUserName": "走***V",
    "title": "test",
    "description": "",
    "latestVersion": 3,
    "alwaysLatest": 1,
    "createTime": "2021-02-04T07:21:20.000Z",
    "lastUpdateTime": "2021-02-04T07:21:20.000Z",
    "auth": 2,
    "uid": "obd-oNlDRNEPgQA1_62kDoI9_o1x04e14Cb",
    "publishedVersion": 0,
    "forkFrom": "-",
    "isSpam": 0,
    "version": 3,
    "parentVersion": 2,
    "echartsVersion": "4.8.0",
    "versionCreateTime": "2021-02-04T07:26:56.000Z",
    "html": "",
    "externalScripts": "",
    "updaterUID": "obd-oNlDRNEPgQA1_62kDoI9_o1x04e14Cb",
    "theme": "",
    "layout": "",
    "viewCount": 109,
    "userName": "走***V",
    "commentCount": 0,
    "starCount": 2,
    "isStared": 0,
    "thumbnailURL": "https://www.makeapie.com/ecg-storage/ec_gallery_thumbnail/xA5Gyu6pNz.png?v=1612423616490",
    "isCustomThumbnail": 0,
    "builtinTags": [
        "category-work",
        "grid",
        "series-bar",
        "series-pictorialBar",
        "tooltip"
    ],
    "customTags": [],
    "updaterUserName": "走***V"
}