{
    "cid": "xjibqzr67I",
    "authorUid": "obd-oCXtyz0xOcP6EqG0lH2aL9xyfMkRj3G",
    "authorUserName": "玉***s",
    "title": "股权穿透图",
    "description": "股权穿透图",
    "latestVersion": 1,
    "alwaysLatest": 1,
    "createTime": "2021-02-03T12:28:42.000Z",
    "lastUpdateTime": "2021-02-03T12:28:42.000Z",
    "auth": 1,
    "uid": "obd-oCXtyz0xOcP6EqG0lH2aL9xyfMkRj3G",
    "publishedVersion": 0,
    "forkFrom": "-",
    "isSpam": 0,
    "version": 1,
    "parentVersion": -1,
    "echartsVersion": "4.8.0",
    "versionCreateTime": "2021-02-03T12:28:42.000Z",
    "html": "",
    "externalScripts": "",
    "updaterUID": "obd-oCXtyz0xOcP6EqG0lH2aL9xyfMkRj3G",
    "theme": "",
    "layout": "",
    "viewCount": 32,
    "userName": "玉***s",
    "commentCount": 0,
    "starCount": 1,
    "isStared": 0,
    "thumbnailURL": "https://www.makeapie.com/ecg-storage/ec_gallery_thumbnail/xjibqzr67I.png?v=1612355322769",
    "isCustomThumbnail": 0,
    "builtinTags": [
        "category-work",
        "series-tree",
        "tooltip"
    ],
    "customTags": [],
    "updaterUserName": "玉***s"
}