{
    "cid": "xohdrDoEzk",
    "authorUid": "obd-oEl_m2bhNtGYd26mx3sVbOiFI2DLY4m",
    "authorUserName": "张***A",
    "title": "环状图",
    "description": "",
    "latestVersion": 1,
    "alwaysLatest": 1,
    "createTime": "2021-02-04T09:13:03.000Z",
    "lastUpdateTime": "2021-02-04T09:13:03.000Z",
    "auth": 2,
    "uid": "obd-oEl_m2bhNtGYd26mx3sVbOiFI2DLY4m",
    "publishedVersion": 0,
    "forkFrom": "-",
    "isSpam": 0,
    "version": 1,
    "parentVersion": -1,
    "echartsVersion": "4.8.0",
    "versionCreateTime": "2021-02-04T09:13:03.000Z",
    "html": "",
    "externalScripts": "",
    "updaterUID": "obd-oEl_m2bhNtGYd26mx3sVbOiFI2DLY4m",
    "theme": "",
    "layout": "",
    "viewCount": 39,
    "userName": "张***A",
    "commentCount": 0,
    "starCount": 0,
    "isStared": 0,
    "thumbnailURL": "https://www.makeapie.com/ecg-storage/ec_gallery_thumbnail/xohdrDoEzk.png?v=1612429984039",
    "isCustomThumbnail": 0,
    "builtinTags": [
        "category-work",
        "series-pie",
        "tooltip"
    ],
    "customTags": [],
    "updaterUserName": "张***A"
}