{
    "cid": "xP9f3zcQtJ",
    "authorUid": "obd-o2TqhU5V49yi28tSjDqysoIw4zUTi6H",
    "authorUserName": "m***h",
    "title": "",
    "description": "",
    "latestVersion": 1,
    "alwaysLatest": 1,
    "createTime": "2021-02-04T13:03:59.000Z",
    "lastUpdateTime": "2021-02-04T13:03:59.000Z",
    "auth": 2,
    "uid": "obd-o2TqhU5V49yi28tSjDqysoIw4zUTi6H",
    "publishedVersion": 0,
    "forkFrom": "-",
    "isSpam": 0,
    "version": 1,
    "parentVersion": -1,
    "echartsVersion": "4.8.0",
    "versionCreateTime": "2021-02-04T13:03:59.000Z",
    "html": "",
    "externalScripts": "",
    "updaterUID": "obd-o2TqhU5V49yi28tSjDqysoIw4zUTi6H",
    "theme": "",
    "layout": "",
    "viewCount": 64,
    "userName": "m***h",
    "commentCount": 0,
    "starCount": 8,
    "isStared": 0,
    "thumbnailURL": "https://www.makeapie.com/ecg-storage/ec_gallery_thumbnail/xP9f3zcQtJ.png?v=1612443839588",
    "isCustomThumbnail": 0,
    "builtinTags": [
        "category-work",
        "polar",
        "series-bar",
        "series-gauge"
    ],
    "customTags": [],
    "updaterUserName": "m***h"
}