{
    "cid": "xpulFUZ05h",
    "authorUid": "bd-220550682",
    "authorUserName": "d***蝠",
    "title": "0轴对齐实验",
    "description": "",
    "latestVersion": 1,
    "alwaysLatest": 1,
    "createTime": "2021-02-04T05:37:08.000Z",
    "lastUpdateTime": "2021-02-04T05:37:08.000Z",
    "auth": 2,
    "uid": "bd-220550682",
    "publishedVersion": 0,
    "forkFrom": "-",
    "isSpam": 0,
    "version": 1,
    "parentVersion": -1,
    "echartsVersion": "4.8.0",
    "versionCreateTime": "2021-02-04T05:37:08.000Z",
    "html": "",
    "externalScripts": "",
    "updaterUID": "bd-220550682",
    "theme": "",
    "layout": "",
    "viewCount": 37,
    "userName": "d***蝠",
    "commentCount": 0,
    "starCount": 0,
    "isStared": 0,
    "thumbnailURL": "https://www.makeapie.com/ecg-storage/ec_gallery_thumbnail/xpulFUZ05h.png?v=1612417028814",
    "isCustomThumbnail": 0,
    "builtinTags": [
        "category-work",
        "grid",
        "legend",
        "series-bar",
        "series-line",
        "toolbox",
        "tooltip"
    ],
    "customTags": [],
    "updaterUserName": "d***蝠"
}