{
    "cid": "xRgWugMPzB",
    "authorUid": "bd-839832962",
    "authorUserName": "c***6",
    "title": "新冠肺炎确证数中国地图1",
    "description": "中国地图-个人备份",
    "latestVersion": 4,
    "alwaysLatest": 1,
    "createTime": "2021-02-05T07:21:37.000Z",
    "lastUpdateTime": "2021-11-03T09:06:44.000Z",
    "auth": 1,
    "uid": "bd-839832962",
    "publishedVersion": 0,
    "forkFrom": "-",
    "isSpam": 0,
    "version": 4,
    "parentVersion": 3,
    "echartsVersion": "4.9.0",
    "versionCreateTime": "2021-11-03T09:06:44.000Z",
    "html": "",
    "externalScripts": "/dep/echarts/map/js/china.js",
    "updaterUID": "obd-oAYgtdKfRZklaGraxKCYYmBRCVzyS71",
    "theme": "",
    "layout": "",
    "viewCount": 211,
    "userName": "c***6",
    "commentCount": 0,
    "starCount": 2,
    "isStared": 0,
    "thumbnailURL": "https://www.makeapie.com/ecg-storage/ec_gallery_thumbnail/xRgWugMPzB.png?v=1635930404645",
    "isCustomThumbnail": 0,
    "builtinTags": [
        "category-work",
        "geo",
        "series-map",
        "tooltip",
        "visualMap"
    ],
    "customTags": [],
    "updaterUserName": "一***孩"
}