{
    "cid": "xsArRPznMJ",
    "authorUid": "obd-oFw6glJj50ycBaKY4l0l_DeSck8-S55",
    "authorUserName": "街***8",
    "title": "双柱图",
    "description": "",
    "latestVersion": 1,
    "alwaysLatest": 1,
    "createTime": "2021-02-05T07:38:37.000Z",
    "lastUpdateTime": "2021-02-05T07:38:37.000Z",
    "auth": 2,
    "uid": "obd-oFw6glJj50ycBaKY4l0l_DeSck8-S55",
    "publishedVersion": 0,
    "forkFrom": "-",
    "isSpam": 0,
    "version": 1,
    "parentVersion": -1,
    "echartsVersion": "4.8.0",
    "versionCreateTime": "2021-02-05T07:38:37.000Z",
    "html": "",
    "externalScripts": "",
    "updaterUID": "obd-oFw6glJj50ycBaKY4l0l_DeSck8-S55",
    "theme": "",
    "layout": "",
    "viewCount": 47,
    "userName": "街***8",
    "commentCount": 0,
    "starCount": 0,
    "isStared": 0,
    "thumbnailURL": "https://www.makeapie.com/ecg-storage/ec_gallery_thumbnail/xsArRPznMJ.png?v=1612510717842",
    "isCustomThumbnail": 0,
    "builtinTags": [
        "category-work",
        "grid",
        "legend",
        "series-bar"
    ],
    "customTags": [],
    "updaterUserName": "街***8"
}