{
    "cid": "xXjTuIWjGZ",
    "authorUid": "bd-839832962",
    "authorUserName": "c***6",
    "title": "2021年中国各省市肺炎感染人数-中国地图2",
    "description": "中国地图2，个人备份",
    "latestVersion": 3,
    "alwaysLatest": 1,
    "createTime": "2021-02-05T07:33:28.000Z",
    "lastUpdateTime": "2021-02-05T07:33:28.000Z",
    "auth": 1,
    "uid": "bd-839832962",
    "publishedVersion": 0,
    "forkFrom": "-",
    "isSpam": 0,
    "version": 3,
    "parentVersion": 2,
    "echartsVersion": "4.9.0",
    "versionCreateTime": "2021-06-03T06:04:15.000Z",
    "html": "",
    "externalScripts": "/dep/echarts/map/js/china.js",
    "updaterUID": "bd-1879983178",
    "theme": "",
    "layout": "",
    "viewCount": 155,
    "userName": "c***6",
    "commentCount": 0,
    "starCount": 1,
    "isStared": 0,
    "thumbnailURL": "https://www.makeapie.com/ecg-storage/ec_gallery_thumbnail/xXjTuIWjGZ.png?v=1622700255935",
    "isCustomThumbnail": 0,
    "builtinTags": [
        "category-work",
        "geo",
        "series-effectScatter",
        "series-map",
        "series-scatter",
        "title",
        "tooltip",
        "visualMap"
    ],
    "customTags": [],
    "updaterUserName": "k***3"
}