{
    "cid": "x-XcpDMNEa",
    "authorUid": "bd-1464931953",
    "authorUserName": "承***生",
    "title": "一半饼图",
    "description": "UI的天马行空，受罪的程序员。",
    "latestVersion": 5,
    "alwaysLatest": 0,
    "createTime": "2021-11-19T03:01:24.000Z",
    "lastUpdateTime": "2021-11-19T05:46:52.000Z",
    "auth": 2,
    "uid": "bd-1464931953",
    "publishedVersion": 0,
    "forkFrom": "-",
    "isSpam": 0,
    "version": 5,
    "parentVersion": 4,
    "echartsVersion": "4.7.0",
    "versionCreateTime": "2021-11-19T05:46:52.000Z",
    "html": "",
    "externalScripts": "",
    "updaterUID": "bd-1464931953",
    "theme": "",
    "layout": "",
    "viewCount": 0,
    "userName": "承***生",
    "commentCount": 0,
    "starCount": 1,
    "isStared": 0,
    "thumbnailURL": "https://www.makeapie.com/ecg-storage/ec_gallery_thumbnail/x-XcpDMNEa.png?v=1637300813023",
    "isCustomThumbnail": 0,
    "builtinTags": [
        "category-work",
        "series-pie"
    ],
    "customTags": [],
    "updaterUserName": "承***生"
}