{
    "cid": "x6-ty0QCeM",
    "authorUid": "obd-otakK4zPqKuG9zZO5LOzsMmEZbMGW8N",
    "authorUserName": "施***娟",
    "title": "花开朵朵",
    "description": "",
    "latestVersion": 1,
    "alwaysLatest": 0,
    "createTime": "2021-11-19T09:09:00.000Z",
    "lastUpdateTime": "2021-11-19T09:09:00.000Z",
    "auth": 1,
    "uid": "obd-otakK4zPqKuG9zZO5LOzsMmEZbMGW8N",
    "publishedVersion": 0,
    "forkFrom": "-",
    "isSpam": 0,
    "version": 1,
    "parentVersion": -1,
    "echartsVersion": "5.2.2",
    "versionCreateTime": "2021-11-19T09:09:01.000Z",
    "html": "",
    "externalScripts": "",
    "updaterUID": "obd-otakK4zPqKuG9zZO5LOzsMmEZbMGW8N",
    "theme": "",
    "layout": "",
    "viewCount": 0,
    "userName": "施***娟",
    "commentCount": 0,
    "starCount": 1,
    "isStared": 0,
    "thumbnailURL": "https://www.makeapie.com/ecg-storage/ec_gallery_thumbnail/x6-ty0QCeM.png?v=1637312941214",
    "isCustomThumbnail": 0,
    "builtinTags": [
        "calendar",
        "category-work",
        "series-effectScatter",
        "series-graph",
        "series-heatmap",
        "series-scatter",
        "tooltip",
        "visualMap"
    ],
    "customTags": [],
    "updaterUserName": "施***娟"
}