{
    "cid": "x8j4fQ7tts",
    "authorUid": "bd-3055827877",
    "authorUserName": "怒***8",
    "title": "层叠地图+自定义图标",
    "description": "",
    "latestVersion": 1,
    "alwaysLatest": 0,
    "createTime": "2021-11-19T08:33:32.000Z",
    "lastUpdateTime": "2021-11-19T08:33:32.000Z",
    "auth": 2,
    "uid": "bd-3055827877",
    "publishedVersion": 0,
    "forkFrom": "-",
    "isSpam": 0,
    "version": 1,
    "parentVersion": -1,
    "echartsVersion": "5.2.2",
    "versionCreateTime": "2021-11-19T08:33:32.000Z",
    "html": "",
    "externalScripts": "https://www.makeapie.com/asset/get/s/data-1637292963063-JQ-w59UaH.js",
    "updaterUID": "bd-3055827877",
    "theme": "",
    "layout": "",
    "viewCount": 0,
    "userName": "怒***8",
    "commentCount": 1,
    "starCount": 8,
    "isStared": 0,
    "thumbnailURL": "https://www.makeapie.com/ecg-storage/ec_gallery_thumbnail/x8j4fQ7tts.png?v=1637310812993",
    "isCustomThumbnail": 0,
    "builtinTags": [
        "category-work",
        "geo",
        "series-effectScatter",
        "series-scatter",
        "tooltip",
        "visualMap"
    ],
    "customTags": [],
    "updaterUserName": "怒***8"
}