{
    "cid": "x_Zc1c7Tbr",
    "authorUid": "bd-3055827877",
    "authorUserName": "怒***8",
    "title": "饼图饼图饼图",
    "description": "",
    "latestVersion": 1,
    "alwaysLatest": 0,
    "createTime": "2021-11-18T10:11:38.000Z",
    "lastUpdateTime": "2021-11-18T10:11:38.000Z",
    "auth": 2,
    "uid": "bd-3055827877",
    "publishedVersion": 0,
    "forkFrom": "-",
    "isSpam": 0,
    "version": 1,
    "parentVersion": -1,
    "echartsVersion": "4.7.0",
    "versionCreateTime": "2021-11-18T10:11:38.000Z",
    "html": "",
    "externalScripts": "",
    "updaterUID": "bd-3055827877",
    "theme": "",
    "layout": "",
    "viewCount": 0,
    "userName": "怒***8",
    "commentCount": 0,
    "starCount": 0,
    "isStared": 0,
    "thumbnailURL": "https://www.makeapie.com/ecg-storage/ec_gallery_thumbnail/x_Zc1c7Tbr.png?v=1637230298530",
    "isCustomThumbnail": 0,
    "builtinTags": [
        "category-work",
        "legend",
        "series-pie",
        "tooltip"
    ],
    "customTags": [],
    "updaterUserName": "怒***8"
}