{
    "cid": "xdWrggO-U5",
    "authorUid": "obd-oAF5L7r9_ycRTVNprHUZ2oT8jlDVH7b",
    "authorUserName": "钰***",
    "title": "地理线图",
    "description": "数据纯属虚构",
    "latestVersion": 1,
    "alwaysLatest": 0,
    "createTime": "2021-11-18T13:30:41.000Z",
    "lastUpdateTime": "2021-11-18T13:30:41.000Z",
    "auth": 2,
    "uid": "obd-oAF5L7r9_ycRTVNprHUZ2oT8jlDVH7b",
    "publishedVersion": 0,
    "forkFrom": "-",
    "isSpam": 0,
    "version": 1,
    "parentVersion": -1,
    "echartsVersion": "4.9.0",
    "versionCreateTime": "2021-11-18T13:30:41.000Z",
    "html": "",
    "externalScripts": "",
    "updaterUID": "obd-oAF5L7r9_ycRTVNprHUZ2oT8jlDVH7b",
    "theme": "",
    "layout": "",
    "viewCount": 0,
    "userName": "钰***",
    "commentCount": 0,
    "starCount": 0,
    "isStared": 0,
    "thumbnailURL": "https://www.makeapie.com/ecg-storage/ec_gallery_thumbnail/xdWrggO-U5.png?v=1637242242096",
    "isCustomThumbnail": 0,
    "builtinTags": [
        "category-work",
        "geo",
        "legend",
        "series-effectScatter",
        "series-lines",
        "title",
        "tooltip",
        "visualMap"
    ],
    "customTags": [],
    "updaterUserName": "钰***"
}