{
    "cid": "xGWgp5Rgf-",
    "authorUid": "obd-o2PLaeE_ayglzhN9wQuWR_uH7nH-a6Q",
    "authorUserName": "咘***乖",
    "title": "",
    "description": "光环饼图",
    "latestVersion": 1,
    "alwaysLatest": 0,
    "createTime": "2021-11-19T09:45:28.000Z",
    "lastUpdateTime": "2021-11-19T09:45:28.000Z",
    "auth": 2,
    "uid": "obd-o2PLaeE_ayglzhN9wQuWR_uH7nH-a6Q",
    "publishedVersion": 0,
    "forkFrom": "-",
    "isSpam": 0,
    "version": 1,
    "parentVersion": -1,
    "echartsVersion": "5.2.2",
    "versionCreateTime": "2021-11-19T09:45:28.000Z",
    "html": "",
    "externalScripts": "",
    "updaterUID": "obd-o2PLaeE_ayglzhN9wQuWR_uH7nH-a6Q",
    "theme": "",
    "layout": "",
    "viewCount": 0,
    "userName": "咘***乖",
    "commentCount": 0,
    "starCount": 0,
    "isStared": 0,
    "thumbnailURL": "https://www.makeapie.com/ecg-storage/ec_gallery_thumbnail/xGWgp5Rgf-.png?v=1637315128525",
    "isCustomThumbnail": 0,
    "builtinTags": [
        "category-work",
        "legend",
        "series-pie"
    ],
    "customTags": [],
    "updaterUserName": "咘***乖"
}