{
    "cid": "xHLiY09dR0",
    "authorUid": "obd-olol75ql0BFZtXWppLIn9ObSKXsxU0t",
    "authorUserName": "C***r",
    "title": "供应南系晚与企业内... \n企业背部门T系统与物...",
    "description": "",
    "latestVersion": 1,
    "alwaysLatest": 0,
    "createTime": "2021-11-19T03:10:17.000Z",
    "lastUpdateTime": "2021-11-19T03:10:17.000Z",
    "auth": 2,
    "uid": "obd-olol75ql0BFZtXWppLIn9ObSKXsxU0t",
    "publishedVersion": 0,
    "forkFrom": "-",
    "isSpam": 0,
    "version": 1,
    "parentVersion": -1,
    "echartsVersion": "5.2.2",
    "versionCreateTime": "2021-11-19T03:10:17.000Z",
    "html": "",
    "externalScripts": "",
    "updaterUID": "obd-olol75ql0BFZtXWppLIn9ObSKXsxU0t",
    "theme": "dark",
    "layout": "",
    "viewCount": 0,
    "userName": "C***r",
    "commentCount": 0,
    "starCount": 4,
    "isStared": 0,
    "thumbnailURL": "https://www.makeapie.com/ecg-storage/ec_gallery_thumbnail/xHLiY09dR0.png?v=1637291418016",
    "isCustomThumbnail": 0,
    "builtinTags": [
        "category-work",
        "grid",
        "series-bar",
        "title",
        "tooltip"
    ],
    "customTags": [],
    "updaterUserName": "C***r"
}