{
    "cid": "xN__N-Tcxv",
    "authorUid": "obd-oMLVcU1rKtZ_GuXX1QjbfdzryFNfL2l",
    "authorUserName": "h***了",
    "title": "showTIP自动循环播放",
    "description": "",
    "latestVersion": 1,
    "alwaysLatest": 0,
    "createTime": "2021-11-19T08:31:05.000Z",
    "lastUpdateTime": "2021-11-19T08:31:05.000Z",
    "auth": 2,
    "uid": "obd-oMLVcU1rKtZ_GuXX1QjbfdzryFNfL2l",
    "publishedVersion": 0,
    "forkFrom": "-",
    "isSpam": 0,
    "version": 1,
    "parentVersion": -1,
    "echartsVersion": "5.2.2",
    "versionCreateTime": "2021-11-19T08:31:05.000Z",
    "html": "",
    "externalScripts": "",
    "updaterUID": "obd-oMLVcU1rKtZ_GuXX1QjbfdzryFNfL2l",
    "theme": "",
    "layout": "",
    "viewCount": 0,
    "userName": "h***了",
    "commentCount": 0,
    "starCount": 1,
    "isStared": 0,
    "thumbnailURL": "https://www.makeapie.com/ecg-storage/ec_gallery_thumbnail/xN__N-Tcxv.png?v=1637310665687",
    "isCustomThumbnail": 0,
    "builtinTags": [
        "category-work",
        "grid",
        "series-line",
        "tooltip"
    ],
    "customTags": [],
    "updaterUserName": "h***了"
}