{
    "cid": "xnmi7r_kvz",
    "authorUid": "obd-ojpmgDvF5Qz4DIK9TqdoMmTtmkktuDp",
    "authorUserName": "郑***代",
    "title": "直角扇形",
    "description": "",
    "latestVersion": 2,
    "alwaysLatest": 0,
    "createTime": "2021-11-19T09:17:39.000Z",
    "lastUpdateTime": "2021-11-19T09:34:16.000Z",
    "auth": 1,
    "uid": "obd-ojpmgDvF5Qz4DIK9TqdoMmTtmkktuDp",
    "publishedVersion": 0,
    "forkFrom": "-",
    "isSpam": 0,
    "version": 2,
    "parentVersion": 1,
    "echartsVersion": "4.9.0",
    "versionCreateTime": "2021-11-19T09:34:16.000Z",
    "html": "",
    "externalScripts": "",
    "updaterUID": "obd-ojpmgDvF5Qz4DIK9TqdoMmTtmkktuDp",
    "theme": "",
    "layout": "",
    "viewCount": 0,
    "userName": "郑***代",
    "commentCount": 0,
    "starCount": 1,
    "isStared": 0,
    "thumbnailURL": "https://www.makeapie.com/ecg-storage/ec_gallery_thumbnail/xnmi7r_kvz.png?v=1637314456783",
    "isCustomThumbnail": 0,
    "builtinTags": [
        "category-work",
        "legend",
        "series-gauge",
        "series-pie",
        "tooltip"
    ],
    "customTags": [],
    "updaterUserName": "郑***代"
}