{
    "cid": "xs7tGQ65Hg",
    "authorUid": "obd-oFExWqdXj7kG8CenuVwwJ8OidRNeD5P",
    "authorUserName": "y***i",
    "title": "2bar",
    "description": "2bar",
    "latestVersion": 1,
    "alwaysLatest": 0,
    "createTime": "2021-11-18T09:49:41.000Z",
    "lastUpdateTime": "2021-11-18T09:49:41.000Z",
    "auth": 1,
    "uid": "obd-oFExWqdXj7kG8CenuVwwJ8OidRNeD5P",
    "publishedVersion": 0,
    "forkFrom": "-",
    "isSpam": 0,
    "version": 1,
    "parentVersion": -1,
    "echartsVersion": "5.2.2",
    "versionCreateTime": "2021-11-18T09:49:41.000Z",
    "html": "",
    "externalScripts": "",
    "updaterUID": "obd-oFExWqdXj7kG8CenuVwwJ8OidRNeD5P",
    "theme": "",
    "layout": "",
    "viewCount": 0,
    "userName": "y***i",
    "commentCount": 0,
    "starCount": 1,
    "isStared": 0,
    "thumbnailURL": "https://www.makeapie.com/ecg-storage/ec_gallery_thumbnail/xs7tGQ65Hg.png?v=1637228981703",
    "isCustomThumbnail": 0,
    "builtinTags": [
        "category-work",
        "grid",
        "legend",
        "series-bar",
        "tooltip"
    ],
    "customTags": [],
    "updaterUserName": "y***i"
}