{
    "cid": "xTElGU-kyX",
    "authorUid": "obd-ojqR2R71HfNeZrbszI8Q_fWxKTKNGE3",
    "authorUserName": "x***爷",
    "title": "",
    "description": "",
    "latestVersion": 1,
    "alwaysLatest": 0,
    "createTime": "2021-11-19T08:29:11.000Z",
    "lastUpdateTime": "2021-11-19T08:29:11.000Z",
    "auth": 1,
    "uid": "obd-ojqR2R71HfNeZrbszI8Q_fWxKTKNGE3",
    "publishedVersion": 0,
    "forkFrom": "-",
    "isSpam": 0,
    "version": 1,
    "parentVersion": -1,
    "echartsVersion": "5.2.2",
    "versionCreateTime": "2021-11-19T08:29:11.000Z",
    "html": "",
    "externalScripts": "",
    "updaterUID": "obd-ojqR2R71HfNeZrbszI8Q_fWxKTKNGE3",
    "theme": "",
    "layout": "",
    "viewCount": 0,
    "userName": "x***爷",
    "commentCount": 0,
    "starCount": 1,
    "isStared": 0,
    "thumbnailURL": "https://www.makeapie.com/ecg-storage/ec_gallery_thumbnail/xTElGU-kyX.png?v=1637310551379",
    "isCustomThumbnail": 0,
    "builtinTags": [
        "category-work",
        "grid",
        "series-bar",
        "tooltip"
    ],
    "customTags": [],
    "updaterUserName": "x***爷"
}