{
    "cid": "xtrwKmShHH",
    "authorUid": "obd-oMubyz7OLBQRQnUkAoo4JCDiWZBL-2N",
    "authorUserName": "181*****283",
    "title": "带负数的纵坐标",
    "description": "",
    "latestVersion": 1,
    "alwaysLatest": 0,
    "createTime": "2021-11-19T09:23:54.000Z",
    "lastUpdateTime": "2021-11-19T09:23:54.000Z",
    "auth": 1,
    "uid": "obd-oMubyz7OLBQRQnUkAoo4JCDiWZBL-2N",
    "publishedVersion": 0,
    "forkFrom": "-",
    "isSpam": 0,
    "version": 1,
    "parentVersion": -1,
    "echartsVersion": "5.2.2",
    "versionCreateTime": "2021-11-19T09:23:54.000Z",
    "html": "",
    "externalScripts": "",
    "updaterUID": "obd-oMubyz7OLBQRQnUkAoo4JCDiWZBL-2N",
    "theme": "",
    "layout": "",
    "viewCount": 0,
    "userName": "181*****283",
    "commentCount": 0,
    "starCount": 0,
    "isStared": 0,
    "thumbnailURL": "https://www.makeapie.com/ecg-storage/ec_gallery_thumbnail/xtrwKmShHH.png?v=1637313834526",
    "isCustomThumbnail": 0,
    "builtinTags": [
        "category-work",
        "grid",
        "series-bar",
        "tooltip"
    ],
    "customTags": [],
    "updaterUserName": "181*****283"
}