{
    "cid": "xwWCIYAC66",
    "authorUid": "obd-oNjFnAvn9NTHlZXtLeJbiQG-hFvj1C3",
    "authorUserName": "东***t",
    "title": "动态折线图",
    "description": "",
    "latestVersion": 1,
    "alwaysLatest": 0,
    "createTime": "2021-11-19T10:31:52.000Z",
    "lastUpdateTime": "2021-11-19T10:31:52.000Z",
    "auth": 2,
    "uid": "obd-oNjFnAvn9NTHlZXtLeJbiQG-hFvj1C3",
    "publishedVersion": 0,
    "forkFrom": "-",
    "isSpam": 0,
    "version": 1,
    "parentVersion": -1,
    "echartsVersion": "4.8.0",
    "versionCreateTime": "2021-11-19T10:31:52.000Z",
    "html": "",
    "externalScripts": "",
    "updaterUID": "obd-oNjFnAvn9NTHlZXtLeJbiQG-hFvj1C3",
    "theme": "",
    "layout": "",
    "viewCount": 0,
    "userName": "东***t",
    "commentCount": 0,
    "starCount": 0,
    "isStared": 0,
    "thumbnailURL": "https://www.makeapie.com/ecg-storage/ec_gallery_thumbnail/xwWCIYAC66.png?v=1637317912211",
    "isCustomThumbnail": 0,
    "builtinTags": [
        "category-work",
        "grid",
        "legend",
        "series-line",
        "tooltip"
    ],
    "customTags": [],
    "updaterUserName": "东***t"
}