{
    "cid": "xZP0nWL25z",
    "authorUid": "bd-1277561159",
    "authorUserName": "执***开",
    "title": "Awesome Chart",
    "description": "",
    "latestVersion": 1,
    "alwaysLatest": 0,
    "createTime": "2021-11-20T01:42:53.000Z",
    "lastUpdateTime": "2021-11-20T01:42:53.000Z",
    "auth": 2,
    "uid": "bd-1277561159",
    "publishedVersion": 0,
    "forkFrom": "-",
    "isSpam": 0,
    "version": 1,
    "parentVersion": -1,
    "echartsVersion": "4.0.4",
    "versionCreateTime": "2021-11-20T01:42:53.000Z",
    "html": "",
    "externalScripts": "",
    "updaterUID": "bd-1277561159",
    "theme": "",
    "layout": "",
    "viewCount": 0,
    "userName": "执***开",
    "commentCount": 0,
    "starCount": 2,
    "isStared": 0,
    "thumbnailURL": "https://www.makeapie.com/ecg-storage/ec_gallery_thumbnail/xZP0nWL25z.png?v=1637372573515",
    "isCustomThumbnail": 0,
    "builtinTags": [
        "category-work",
        "grid",
        "legend",
        "series-bar",
        "title"
    ],
    "customTags": [],
    "updaterUserName": "执***开"
}