{
    "cid": "xzrTBcIEtC",
    "authorUid": "bd-1841183165",
    "authorUserName": "o***趣",
    "title": "TEST",
    "description": "",
    "latestVersion": 5,
    "alwaysLatest": 0,
    "createTime": "2021-11-19T07:24:05.000Z",
    "lastUpdateTime": "2021-11-22T07:18:26.000Z",
    "auth": 2,
    "uid": "bd-1841183165",
    "publishedVersion": 0,
    "forkFrom": "-",
    "isSpam": 0,
    "version": 5,
    "parentVersion": 4,
    "echartsVersion": "5.2.2",
    "versionCreateTime": "2021-11-22T06:31:17.000Z",
    "html": "",
    "externalScripts": "",
    "updaterUID": "bd-1841183165",
    "theme": "default",
    "layout": "",
    "viewCount": 0,
    "userName": "o***趣",
    "commentCount": 0,
    "starCount": 2,
    "isStared": 0,
    "thumbnailURL": "https://www.makeapie.com/ecg-storage/ec_gallery_thumbnail/xzrTBcIEtC.png?v=1637565506800",
    "isCustomThumbnail": 1,
    "builtinTags": [
        "category-work",
        "grid",
        "series-bar",
        "series-effectScatter",
        "series-pictorialBar",
        "title"
    ],
    "customTags": [],
    "updaterUserName": "o***趣"
}