{
    "cid": "x35UTzJkK",
    "authorUid": "bd-51993056",
    "authorUserName": "凌***少",
    "title": "新入驻企业收入",
    "description": "",
    "latestVersion": 1,
    "alwaysLatest": 1,
    "createTime": "2019-12-27T07:40:45.000Z",
    "lastUpdateTime": "2019-12-27T07:40:45.000Z",
    "auth": 2,
    "uid": "bd-51993056",
    "publishedVersion": 0,
    "forkFrom": "-",
    "isSpam": 0,
    "version": 1,
    "parentVersion": -1,
    "echartsVersion": "4.4.0",
    "versionCreateTime": "2019-12-27T07:40:45.000Z",
    "html": "",
    "externalScripts": "",
    "updaterUID": "bd-51993056",
    "theme": "",
    "layout": "",
    "viewCount": 350,
    "userName": "凌***少",
    "commentCount": 0,
    "starCount": 2,
    "isStared": 0,
    "thumbnailURL": "https://www.makeapie.com/ecg-storage/ec_gallery_thumbnail/x35UTzJkK.png?v=1577432445897",
    "isCustomThumbnail": 0,
    "builtinTags": [
        "category-work",
        "grid",
        "legend",
        "series-bar",
        "series-line",
        "tooltip"
    ],
    "customTags": [],
    "updaterUserName": "凌***少"
}