{
    "cid": "xcQRPrEAS",
    "authorUid": "bd-2856137297",
    "authorUserName": "落***青",
    "title": "多图",
    "description": "多图联动",
    "latestVersion": 1,
    "alwaysLatest": 1,
    "createTime": "2019-12-27T07:43:38.000Z",
    "lastUpdateTime": "2019-12-27T07:43:38.000Z",
    "auth": 2,
    "uid": "bd-2856137297",
    "publishedVersion": 0,
    "forkFrom": "-",
    "isSpam": 0,
    "version": 1,
    "parentVersion": -1,
    "echartsVersion": "4.4.0",
    "versionCreateTime": "2019-12-27T07:43:38.000Z",
    "html": "",
    "externalScripts": "",
    "updaterUID": "bd-2856137297",
    "theme": "",
    "layout": "",
    "viewCount": 97,
    "userName": "落***青",
    "commentCount": 0,
    "starCount": 0,
    "isStared": 0,
    "thumbnailURL": "https://www.makeapie.com/ecg-storage/ec_gallery_thumbnail/xcQRPrEAS.png?v=1577432618786",
    "isCustomThumbnail": 0,
    "builtinTags": [
        "category-work",
        "dataset",
        "grid",
        "series-bar",
        "series-pie"
    ],
    "customTags": [],
    "updaterUserName": "落***青"
}