{
    "cid": "xeGmy6EgR",
    "authorUid": "bd-839832962",
    "authorUserName": "c***6",
    "title": "2019年广东省各地级市退役士兵安置情况分析",
    "description": "柱状图",
    "latestVersion": 4,
    "alwaysLatest": 1,
    "createTime": "2019-12-27T06:51:22.000Z",
    "lastUpdateTime": "2019-12-27T06:51:22.000Z",
    "auth": 1,
    "uid": "bd-839832962",
    "publishedVersion": 0,
    "forkFrom": "-",
    "isSpam": 0,
    "version": 4,
    "parentVersion": 3,
    "echartsVersion": "4.8.0",
    "versionCreateTime": "2021-02-05T07:51:16.000Z",
    "html": "",
    "externalScripts": "",
    "updaterUID": "bd-839832962",
    "theme": "",
    "layout": "",
    "viewCount": 44,
    "userName": "c***6",
    "commentCount": 0,
    "starCount": 0,
    "isStared": 0,
    "thumbnailURL": "https://www.makeapie.com/ecg-storage/ec_gallery_thumbnail/xeGmy6EgR.png?v=1612511476981",
    "isCustomThumbnail": 0,
    "builtinTags": [
        "category-work",
        "grid",
        "legend",
        "series-bar",
        "title",
        "tooltip"
    ],
    "customTags": [],
    "updaterUserName": "c***6"
}