{
    "cid": "xoN-n5oQ-",
    "authorUid": "bd-1841183165",
    "authorUserName": "o***趣",
    "title": "沙漠",
    "description": "",
    "latestVersion": 2,
    "alwaysLatest": 1,
    "createTime": "2019-12-26T08:52:22.000Z",
    "lastUpdateTime": "2019-12-26T08:52:22.000Z",
    "auth": 2,
    "uid": "bd-1841183165",
    "publishedVersion": 0,
    "forkFrom": "-",
    "isSpam": 0,
    "version": 2,
    "parentVersion": 1,
    "echartsVersion": "4.4.0",
    "versionCreateTime": "2019-12-27T01:43:27.000Z",
    "html": "",
    "externalScripts": "https://echarts.baidu.com/resource/echarts-liquidfill-1.0.4/dist/echarts-liquidfill.js",
    "updaterUID": "bd-1841183165",
    "theme": "",
    "layout": "",
    "viewCount": 243,
    "userName": "o***趣",
    "commentCount": 0,
    "starCount": 7,
    "isStared": 0,
    "thumbnailURL": "https://www.makeapie.com/ecg-storage/ec_gallery_thumbnail/xoN-n5oQ-.png?v=1577411007334",
    "isCustomThumbnail": 0,
    "builtinTags": [
        "category-work",
        "series-liquidFill"
    ],
    "customTags": [],
    "updaterUserName": "o***趣"
}