{
    "cid": "xpwQiPXyd",
    "authorUid": "bd-3265344428",
    "authorUserName": "狮***斌",
    "title": "2019.12.13~2019.12.19每日绑定环比（日）、同比（周）",
    "description": "数据统计，日环比、周环比",
    "latestVersion": 4,
    "alwaysLatest": 1,
    "createTime": "2019-12-27T02:36:28.000Z",
    "lastUpdateTime": "2019-12-27T02:36:28.000Z",
    "auth": 2,
    "uid": "bd-3265344428",
    "publishedVersion": 0,
    "forkFrom": "-",
    "isSpam": 0,
    "version": 4,
    "parentVersion": 3,
    "echartsVersion": "4.4.0",
    "versionCreateTime": "2019-12-27T05:03:13.000Z",
    "html": "",
    "externalScripts": "",
    "updaterUID": "bd-3265344428",
    "theme": "",
    "layout": "",
    "viewCount": 200,
    "userName": "狮***斌",
    "commentCount": 0,
    "starCount": 0,
    "isStared": 0,
    "thumbnailURL": "https://www.makeapie.com/ecg-storage/ec_gallery_thumbnail/xpwQiPXyd.png?v=1577422993714",
    "isCustomThumbnail": 0,
    "builtinTags": [
        "category-work",
        "grid",
        "legend",
        "series-bar",
        "series-line",
        "title",
        "toolbox",
        "tooltip"
    ],
    "customTags": [],
    "updaterUserName": "狮***斌"
}