{
    "cid": "xULkjRfsg",
    "authorUid": "bd-2945604246",
    "authorUserName": "初***人",
    "title": "散点模拟标注柱图",
    "description": "",
    "latestVersion": 1,
    "alwaysLatest": 1,
    "createTime": "2019-12-27T08:48:00.000Z",
    "lastUpdateTime": "2019-12-27T08:48:00.000Z",
    "auth": 1,
    "uid": "bd-2945604246",
    "publishedVersion": 0,
    "forkFrom": "-",
    "isSpam": 0,
    "version": 1,
    "parentVersion": -1,
    "echartsVersion": "4.4.0",
    "versionCreateTime": "2019-12-27T08:48:00.000Z",
    "html": "",
    "externalScripts": "",
    "updaterUID": "bd-2945604246",
    "theme": "",
    "layout": "",
    "viewCount": 93,
    "userName": "初***人",
    "commentCount": 0,
    "starCount": 0,
    "isStared": 0,
    "thumbnailURL": "https://www.makeapie.com/ecg-storage/ec_gallery_thumbnail/xULkjRfsg.png?v=1577436481030",
    "isCustomThumbnail": 1,
    "builtinTags": [
        "category-work",
        "grid",
        "series-bar",
        "series-scatter",
        "tooltip"
    ],
    "customTags": [],
    "updaterUserName": "初***人"
}