{
    "cid": "xw6aUnqTx",
    "authorUid": "bd-1743862202",
    "authorUserName": "185******99",
    "title": "饼图",
    "description": "",
    "latestVersion": 1,
    "alwaysLatest": 1,
    "createTime": "2019-12-26T11:35:56.000Z",
    "lastUpdateTime": "2019-12-26T11:35:56.000Z",
    "auth": 2,
    "uid": "bd-1743862202",
    "publishedVersion": 0,
    "forkFrom": "-",
    "isSpam": 0,
    "version": 1,
    "parentVersion": -1,
    "echartsVersion": "4.4.0",
    "versionCreateTime": "2019-12-26T11:35:56.000Z",
    "html": "",
    "externalScripts": "",
    "updaterUID": "bd-1743862202",
    "theme": "",
    "layout": "",
    "viewCount": 210,
    "userName": "185******99",
    "commentCount": 0,
    "starCount": 3,
    "isStared": 0,
    "thumbnailURL": "https://www.makeapie.com/ecg-storage/ec_gallery_thumbnail/xw6aUnqTx.png?v=1577360156927",
    "isCustomThumbnail": 0,
    "builtinTags": [
        "category-work",
        "legend",
        "polar",
        "series-pie",
        "tooltip"
    ],
    "customTags": [],
    "updaterUserName": "185******99"
}