{
    "cid": "xWYcTPjs0",
    "authorUid": "bd-839832962",
    "authorUserName": "c***6",
    "title": "饼图-1",
    "description": "练习",
    "latestVersion": 1,
    "alwaysLatest": 1,
    "createTime": "2019-12-27T07:15:53.000Z",
    "lastUpdateTime": "2019-12-27T07:15:53.000Z",
    "auth": 1,
    "uid": "bd-839832962",
    "publishedVersion": 0,
    "forkFrom": "-",
    "isSpam": 0,
    "version": 1,
    "parentVersion": -1,
    "echartsVersion": "4.4.0",
    "versionCreateTime": "2019-12-27T07:15:53.000Z",
    "html": "",
    "externalScripts": "",
    "updaterUID": "bd-839832962",
    "theme": "",
    "layout": "",
    "viewCount": 42,
    "userName": "c***6",
    "commentCount": 0,
    "starCount": 0,
    "isStared": 0,
    "thumbnailURL": "https://www.makeapie.com/ecg-storage/ec_gallery_thumbnail/xWYcTPjs0.png?v=1577430953898",
    "isCustomThumbnail": 0,
    "builtinTags": [
        "category-work",
        "legend",
        "series-pie",
        "tooltip"
    ],
    "customTags": [],
    "updaterUserName": "c***6"
}