{
    "cid": "xXb2lFaL8",
    "authorUid": "bd-4145369206",
    "authorUserName": "→***→",
    "title": "",
    "description": "",
    "latestVersion": 1,
    "alwaysLatest": 1,
    "createTime": "2019-12-27T11:25:32.000Z",
    "lastUpdateTime": "2019-12-27T11:25:32.000Z",
    "auth": 1,
    "uid": "bd-4145369206",
    "publishedVersion": 0,
    "forkFrom": "-",
    "isSpam": 0,
    "version": 1,
    "parentVersion": -1,
    "echartsVersion": "4.4.0",
    "versionCreateTime": "2019-12-27T11:25:32.000Z",
    "html": "",
    "externalScripts": "",
    "updaterUID": "bd-4145369206",
    "theme": "",
    "layout": "",
    "viewCount": 41,
    "userName": "→***→",
    "commentCount": 0,
    "starCount": 0,
    "isStared": 0,
    "thumbnailURL": "https://www.makeapie.com/ecg-storage/ec_gallery_thumbnail/xXb2lFaL8.png?v=1577445932369",
    "isCustomThumbnail": 0,
    "builtinTags": [
        "category-work",
        "legend",
        "series-themeRiver",
        "singleAxis"
    ],
    "customTags": [],
    "updaterUserName": "→***→"
}