{
    "cid": "xyuXoah5f",
    "authorUid": "bd-2291206321",
    "authorUserName": "1***去",
    "title": "热源出力",
    "description": "345",
    "latestVersion": 3,
    "alwaysLatest": 1,
    "createTime": "2019-12-28T06:29:24.000Z",
    "lastUpdateTime": "2019-12-28T06:29:24.000Z",
    "auth": 2,
    "uid": "bd-2291206321",
    "publishedVersion": 0,
    "forkFrom": "-",
    "isSpam": 0,
    "version": 3,
    "parentVersion": 2,
    "echartsVersion": "4.8.0",
    "versionCreateTime": "2020-09-23T03:19:14.000Z",
    "html": "",
    "externalScripts": "",
    "updaterUID": "bd-2291206321",
    "theme": "",
    "layout": "",
    "viewCount": 398,
    "userName": "1***去",
    "commentCount": 0,
    "starCount": 0,
    "isStared": 0,
    "thumbnailURL": "https://www.makeapie.com/ecg-storage/ec_gallery_thumbnail/xyuXoah5f.png?v=1600831154382",
    "isCustomThumbnail": 0,
    "builtinTags": [
        "category-work",
        "legend",
        "radar",
        "series-radar",
        "title",
        "tooltip"
    ],
    "customTags": [],
    "updaterUserName": "1***去"
}