{
    "cid": "x3--GqBy5z",
    "authorUid": "bd-4228074734",
    "authorUserName": "hyq8510",
    "title": "单个环形图",
    "description": "当个环形图目标完成百分比",
    "latestVersion": 1,
    "alwaysLatest": 1,
    "createTime": "2019-03-29T01:58:37.000Z",
    "lastUpdateTime": "2019-03-29T01:58:37.000Z",
    "auth": 2,
    "uid": "bd-4228074734",
    "publishedVersion": 0,
    "forkFrom": "-",
    "isSpam": 0,
    "version": 1,
    "parentVersion": -1,
    "echartsVersion": "4.2.1",
    "versionCreateTime": "2019-03-29T01:58:37.000Z",
    "html": "",
    "externalScripts": "",
    "updaterUID": "bd-4228074734",
    "theme": "",
    "layout": "",
    "viewCount": 593,
    "userName": "hyq8510",
    "commentCount": 0,
    "starCount": 1,
    "isStared": 0,
    "thumbnailURL": "https://www.makeapie.com/ecg-storage/ec_gallery_thumbnail/x3--GqBy5z.png?v=1553824717627",
    "isCustomThumbnail": 0,
    "builtinTags": [
        "category-work",
        "legend",
        "series-pie",
        "title"
    ],
    "customTags": [],
    "updaterUserName": "hyq8510"
}