{
    "cid": "x3KTW34R-2",
    "authorUid": "bd-1024850420",
    "authorUserName": "坠叶飞扬",
    "title": "进度条",
    "description": "进度条or电池电量",
    "latestVersion": 1,
    "alwaysLatest": 1,
    "createTime": "2019-03-27T08:57:40.000Z",
    "lastUpdateTime": "2019-03-27T08:57:40.000Z",
    "auth": 2,
    "uid": "bd-1024850420",
    "publishedVersion": 0,
    "forkFrom": "-",
    "isSpam": 0,
    "version": 1,
    "parentVersion": -1,
    "echartsVersion": "4.2.1",
    "versionCreateTime": "2019-03-27T08:57:40.000Z",
    "html": "",
    "externalScripts": "",
    "updaterUID": "bd-1024850420",
    "theme": "",
    "layout": "",
    "viewCount": 316,
    "userName": "坠叶飞扬",
    "commentCount": 0,
    "starCount": 1,
    "isStared": 0,
    "thumbnailURL": "https://www.makeapie.com/ecg-storage/ec_gallery_thumbnail/x3KTW34R-2.png?v=1553677060284",
    "isCustomThumbnail": 0,
    "builtinTags": [
        "category-work",
        "grid",
        "series-pictorialBar",
        "tooltip"
    ],
    "customTags": [],
    "updaterUserName": "坠叶飞扬"
}