{
    "cid": "x5zXRydPFd",
    "authorUid": "bd-1732058280",
    "authorUserName": "W***8",
    "title": "百分比堆积柱状",
    "description": "",
    "latestVersion": 1,
    "alwaysLatest": 1,
    "createTime": "2019-03-28T02:40:31.000Z",
    "lastUpdateTime": "2019-03-28T02:40:31.000Z",
    "auth": 2,
    "uid": "bd-1732058280",
    "publishedVersion": 0,
    "forkFrom": "-",
    "isSpam": 0,
    "version": 1,
    "parentVersion": -1,
    "echartsVersion": "4.2.1",
    "versionCreateTime": "2019-03-28T02:40:31.000Z",
    "html": "",
    "externalScripts": "",
    "updaterUID": "bd-1732058280",
    "theme": "",
    "layout": "",
    "viewCount": 1290,
    "userName": "W***8",
    "commentCount": 0,
    "starCount": 5,
    "isStared": 0,
    "thumbnailURL": "https://www.makeapie.com/ecg-storage/ec_gallery_thumbnail/x5zXRydPFd.png?v=1553740831605",
    "isCustomThumbnail": 0,
    "builtinTags": [
        "category-work",
        "grid",
        "legend",
        "series-bar",
        "toolbox",
        "tooltip"
    ],
    "customTags": [],
    "updaterUserName": "W***8"
}