{
    "cid": "x8riuztZHW",
    "authorUid": "bd-553805209",
    "authorUserName": "q***4",
    "title": "评分统计",
    "description": "",
    "latestVersion": 1,
    "alwaysLatest": 1,
    "createTime": "2019-03-28T02:36:37.000Z",
    "lastUpdateTime": "2019-03-28T02:36:37.000Z",
    "auth": 2,
    "uid": "bd-553805209",
    "publishedVersion": 0,
    "forkFrom": "-",
    "isSpam": 0,
    "version": 1,
    "parentVersion": -1,
    "echartsVersion": "4.2.1",
    "versionCreateTime": "2019-03-28T02:36:37.000Z",
    "html": "",
    "externalScripts": "",
    "updaterUID": "bd-553805209",
    "theme": "",
    "layout": "",
    "viewCount": 5565,
    "userName": "q***4",
    "commentCount": 0,
    "starCount": 15,
    "isStared": 0,
    "thumbnailURL": "https://www.makeapie.com/ecg-storage/ec_gallery_thumbnail/x8riuztZHW.png?v=1553740597397",
    "isCustomThumbnail": 0,
    "builtinTags": [
        "category-work",
        "graphic",
        "legend",
        "series-pie",
        "title"
    ],
    "customTags": [],
    "updaterUserName": "q***4"
}