{
    "cid": "x8TduspYzl",
    "authorUid": "bd-993634818",
    "authorUserName": "6***9",
    "title": "简易仪表盘",
    "description": "",
    "latestVersion": 1,
    "alwaysLatest": 1,
    "createTime": "2019-03-27T08:16:11.000Z",
    "lastUpdateTime": "2019-03-27T08:16:11.000Z",
    "auth": 2,
    "uid": "bd-993634818",
    "publishedVersion": 0,
    "forkFrom": "-",
    "isSpam": 0,
    "version": 1,
    "parentVersion": -1,
    "echartsVersion": "4.2.1",
    "versionCreateTime": "2019-03-27T08:16:11.000Z",
    "html": "",
    "externalScripts": "",
    "updaterUID": "bd-993634818",
    "theme": "",
    "layout": "",
    "viewCount": 1046,
    "userName": "6***9",
    "commentCount": 0,
    "starCount": 2,
    "isStared": 0,
    "thumbnailURL": "https://www.makeapie.com/ecg-storage/ec_gallery_thumbnail/x8TduspYzl.png?v=1553674572018",
    "isCustomThumbnail": 0,
    "builtinTags": [
        "category-work",
        "series-gauge"
    ],
    "customTags": [],
    "updaterUserName": "6***9"
}