{
    "cid": "xBocqJiQ-U",
    "authorUid": "bd-2466829054",
    "authorUserName": "7***7",
    "title": "一天用电量分布",
    "description": "纯属虚构、官网实例",
    "latestVersion": 6,
    "alwaysLatest": 1,
    "createTime": "2019-03-28T03:16:39.000Z",
    "lastUpdateTime": "2019-03-28T03:16:39.000Z",
    "auth": 2,
    "uid": "bd-2466829054",
    "publishedVersion": 0,
    "forkFrom": "-",
    "isSpam": 0,
    "version": 6,
    "parentVersion": 5,
    "echartsVersion": "4.2.1",
    "versionCreateTime": "2019-03-29T07:22:08.000Z",
    "html": "",
    "externalScripts": "",
    "updaterUID": "bd-2466829054",
    "theme": "",
    "layout": "",
    "viewCount": 565,
    "userName": "7***7",
    "commentCount": 0,
    "starCount": 2,
    "isStared": 0,
    "thumbnailURL": "https://www.makeapie.com/ecg-storage/ec_gallery_thumbnail/xBocqJiQ-U.png?v=1553844128248",
    "isCustomThumbnail": 0,
    "builtinTags": [
        "category-work",
        "grid",
        "series-line",
        "title",
        "toolbox",
        "tooltip",
        "visualMap"
    ],
    "customTags": [],
    "updaterUserName": "7***7"
}