{
    "cid": "xDNu6Vaoef",
    "authorUid": "bd-2466829054",
    "authorUserName": "7***7",
    "title": "点击高亮图例",
    "description": "",
    "latestVersion": 3,
    "alwaysLatest": 1,
    "createTime": "2019-03-28T08:08:56.000Z",
    "lastUpdateTime": "2019-03-28T08:08:56.000Z",
    "auth": 2,
    "uid": "bd-2466829054",
    "publishedVersion": 0,
    "forkFrom": "-",
    "isSpam": 0,
    "version": 3,
    "parentVersion": 2,
    "echartsVersion": "4.2.1",
    "versionCreateTime": "2019-03-28T08:33:36.000Z",
    "html": "",
    "externalScripts": "",
    "updaterUID": "bd-2466829054",
    "theme": "",
    "layout": "",
    "viewCount": 36,
    "userName": "7***7",
    "commentCount": 0,
    "starCount": 0,
    "isStared": 0,
    "thumbnailURL": "https://www.makeapie.com/ecg-storage/ec_gallery_thumbnail/xDNu6Vaoef.png?v=1553762016654",
    "isCustomThumbnail": 0,
    "builtinTags": [
        "category-work",
        "grid",
        "series-bar"
    ],
    "customTags": [],
    "updaterUserName": "7***7"
}