{
    "cid": "xfg5eG--G6",
    "authorUid": "bd-1934266707",
    "authorUserName": "爆裂晶晶",
    "title": "广东省热点展示",
    "description": "",
    "latestVersion": 1,
    "alwaysLatest": 1,
    "createTime": "2019-03-28T10:41:05.000Z",
    "lastUpdateTime": "2019-03-28T10:41:05.000Z",
    "auth": 2,
    "uid": "bd-1934266707",
    "publishedVersion": 0,
    "forkFrom": "-",
    "isSpam": 0,
    "version": 1,
    "parentVersion": -1,
    "echartsVersion": "4.2.1",
    "versionCreateTime": "2019-03-28T10:41:05.000Z",
    "html": "",
    "externalScripts": "",
    "updaterUID": "bd-1934266707",
    "theme": "",
    "layout": "",
    "viewCount": 334,
    "userName": "爆裂晶晶",
    "commentCount": 0,
    "starCount": 0,
    "isStared": 0,
    "thumbnailURL": "https://www.makeapie.com/ecg-storage/ec_gallery_thumbnail/xfg5eG--G6.png?v=1553769665881",
    "isCustomThumbnail": 0,
    "builtinTags": [
        "category-work",
        "geo",
        "legend",
        "series-effectScatter",
        "tooltip"
    ],
    "customTags": [],
    "updaterUserName": "爆裂晶晶"
}