{
    "cid": "xK50dLlEqi",
    "authorUid": "bd-553805209",
    "authorUserName": "q***4",
    "title": "活动/展会期间人流统计",
    "description": "",
    "latestVersion": 1,
    "alwaysLatest": 1,
    "createTime": "2019-03-28T03:07:07.000Z",
    "lastUpdateTime": "2019-03-28T03:07:07.000Z",
    "auth": 2,
    "uid": "bd-553805209",
    "publishedVersion": 0,
    "forkFrom": "-",
    "isSpam": 0,
    "version": 1,
    "parentVersion": -1,
    "echartsVersion": "4.2.1",
    "versionCreateTime": "2019-03-28T03:07:07.000Z",
    "html": "",
    "externalScripts": "",
    "updaterUID": "bd-553805209",
    "theme": "",
    "layout": "",
    "viewCount": 43,
    "userName": "q***4",
    "commentCount": 0,
    "starCount": 0,
    "isStared": 0,
    "thumbnailURL": "https://www.makeapie.com/ecg-storage/ec_gallery_thumbnail/xK50dLlEqi.png?v=1553742427939",
    "isCustomThumbnail": 0,
    "builtinTags": [
        "category-work",
        "dataZoom",
        "grid",
        "legend",
        "series-line",
        "title",
        "toolbox",
        "tooltip"
    ],
    "customTags": [],
    "updaterUserName": "q***4"
}