{
    "cid": "xKwVrqaLK1",
    "authorUid": "bd-4166199668",
    "authorUserName": "虾***3",
    "title": "标域",
    "description": "",
    "latestVersion": 3,
    "alwaysLatest": 1,
    "createTime": "2019-03-28T04:02:18.000Z",
    "lastUpdateTime": "2019-03-28T04:02:18.000Z",
    "auth": 2,
    "uid": "bd-4166199668",
    "publishedVersion": 0,
    "forkFrom": "-",
    "isSpam": 0,
    "version": 3,
    "parentVersion": 2,
    "echartsVersion": "4.2.1",
    "versionCreateTime": "2019-03-28T04:16:00.000Z",
    "html": "",
    "externalScripts": "",
    "updaterUID": "bd-4166199668",
    "theme": "",
    "layout": "",
    "viewCount": 69,
    "userName": "虾***3",
    "commentCount": 0,
    "starCount": 1,
    "isStared": 0,
    "thumbnailURL": "https://www.makeapie.com/ecg-storage/ec_gallery_thumbnail/xKwVrqaLK1.png?v=1553746560462",
    "isCustomThumbnail": 0,
    "builtinTags": [
        "category-work",
        "grid",
        "legend",
        "markArea",
        "series-line",
        "title"
    ],
    "customTags": [],
    "updaterUserName": "虾***3"
}