{
    "cid": "xq81oK10hF",
    "authorUid": "bd-1194627706",
    "authorUserName": "星***夜",
    "title": "开机次数统计",
    "description": "7789",
    "latestVersion": 2,
    "alwaysLatest": 1,
    "createTime": "2019-03-28T07:54:58.000Z",
    "lastUpdateTime": "2019-03-28T07:54:58.000Z",
    "auth": 2,
    "uid": "bd-1194627706",
    "publishedVersion": 0,
    "forkFrom": "-",
    "isSpam": 0,
    "version": 2,
    "parentVersion": 1,
    "echartsVersion": "4.2.1",
    "versionCreateTime": "2019-03-28T08:26:49.000Z",
    "html": "",
    "externalScripts": "",
    "updaterUID": "bd-1194627706",
    "theme": "",
    "layout": "",
    "viewCount": 6159,
    "userName": "星***夜",
    "commentCount": 0,
    "starCount": 16,
    "isStared": 0,
    "thumbnailURL": "https://www.makeapie.com/ecg-storage/ec_gallery_thumbnail/xq81oK10hF.png?v=1553761609156",
    "isCustomThumbnail": 0,
    "builtinTags": [
        "category-work",
        "legend",
        "series-pie",
        "title",
        "tooltip"
    ],
    "customTags": [],
    "updaterUserName": "星***夜"
}