{
    "cid": "x0dPCqPsMC",
    "authorUid": "obd-o2rLNh0qJ5G_mzprXJjN5B9Qq8wlO6K",
    "authorUserName": "c***J",
    "title": "仪表盘",
    "description": "",
    "latestVersion": 1,
    "alwaysLatest": 0,
    "createTime": "2021-04-26T06:51:20.000Z",
    "lastUpdateTime": "2021-04-26T06:51:20.000Z",
    "auth": 2,
    "uid": "obd-o2rLNh0qJ5G_mzprXJjN5B9Qq8wlO6K",
    "publishedVersion": 0,
    "forkFrom": "-",
    "isSpam": 0,
    "version": 1,
    "parentVersion": -1,
    "echartsVersion": "5.1.0",
    "versionCreateTime": "2021-04-26T06:51:20.000Z",
    "html": "",
    "externalScripts": "",
    "updaterUID": "obd-o2rLNh0qJ5G_mzprXJjN5B9Qq8wlO6K",
    "theme": "",
    "layout": "",
    "viewCount": 0,
    "userName": "c***J",
    "commentCount": 1,
    "starCount": 17,
    "isStared": 0,
    "thumbnailURL": "https://www.makeapie.com/ecg-storage/ec_gallery_thumbnail/x0dPCqPsMC.png?v=1619419880666",
    "isCustomThumbnail": 0,
    "builtinTags": [
        "category-work",
        "series-gauge"
    ],
    "customTags": [],
    "updaterUserName": "c***J"
}