{
    "cid": "x9nrKFWE2K",
    "authorUid": "obd-o-beVPGIoLEcXBNGwQ-Jxlwp0Pkn4Ao",
    "authorUserName": "追***S",
    "title": "散点图内阴影渲染",
    "description": "散点图内阴影渲染",
    "latestVersion": 2,
    "alwaysLatest": 1,
    "createTime": "2021-03-19T00:44:55.000Z",
    "lastUpdateTime": "2021-03-19T00:44:55.000Z",
    "auth": 2,
    "uid": "obd-o-beVPGIoLEcXBNGwQ-Jxlwp0Pkn4Ao",
    "publishedVersion": 0,
    "forkFrom": "-",
    "isSpam": 0,
    "version": 2,
    "parentVersion": 1,
    "echartsVersion": "4.8.0",
    "versionCreateTime": "2021-04-02T02:28:42.000Z",
    "html": "",
    "externalScripts": "",
    "updaterUID": "obd-o-beVPGIoLEcXBNGwQ-Jxlwp0Pkn4Ao",
    "theme": "",
    "layout": "",
    "viewCount": 138,
    "userName": "追***S",
    "commentCount": 0,
    "starCount": 14,
    "isStared": 0,
    "thumbnailURL": "https://www.makeapie.com/ecg-storage/ec_gallery_thumbnail/x9nrKFWE2K.png?v=1617330522768",
    "isCustomThumbnail": 0,
    "builtinTags": [
        "category-work",
        "grid",
        "series-scatter"
    ],
    "customTags": [],
    "updaterUserName": "追***S"
}