{
    "cid": "xDW9MM9fI6",
    "authorUid": "obd-oCdtUObZW4PCkRl06E-1zWIIILSoE3W",
    "authorUserName": "Z***4",
    "title": "立体柱线混合图",
    "description": "",
    "latestVersion": 7,
    "alwaysLatest": 1,
    "createTime": "2021-04-21T03:02:46.000Z",
    "lastUpdateTime": "2021-12-09T08:33:29.000Z",
    "auth": 1,
    "uid": "obd-oCdtUObZW4PCkRl06E-1zWIIILSoE3W",
    "publishedVersion": 0,
    "forkFrom": "-",
    "isSpam": 0,
    "version": 7,
    "parentVersion": 6,
    "echartsVersion": "4.9.0",
    "versionCreateTime": "2021-12-09T08:33:29.000Z",
    "html": "",
    "externalScripts": "",
    "updaterUID": "ec-gallery-anonymous",
    "theme": "",
    "layout": "",
    "viewCount": 66,
    "userName": "Z***4",
    "commentCount": 0,
    "starCount": 13,
    "isStared": 0,
    "thumbnailURL": "https://www.makeapie.com/ecg-storage/ec_gallery_thumbnail/xDW9MM9fI6.png?v=1639038809354",
    "isCustomThumbnail": 0,
    "builtinTags": [
        "category-work",
        "grid",
        "legend",
        "series-bar",
        "series-line",
        "series-pictorialBar",
        "tooltip"
    ],
    "customTags": []
}