{
    "cid": "xE-eSdSaM9",
    "authorUid": "obd-oNT2qaHmiNKqRJTl4Cdr38NgZWophCI",
    "authorUserName": "弑***菇",
    "title": "60%",
    "description": "堆叠柱状图",
    "latestVersion": 1,
    "alwaysLatest": 1,
    "createTime": "2021-03-29T08:29:18.000Z",
    "lastUpdateTime": "2021-03-29T08:29:18.000Z",
    "auth": 2,
    "uid": "obd-oNT2qaHmiNKqRJTl4Cdr38NgZWophCI",
    "publishedVersion": 0,
    "forkFrom": "-",
    "isSpam": 0,
    "version": 1,
    "parentVersion": -1,
    "echartsVersion": "4.8.0",
    "versionCreateTime": "2021-03-29T08:29:18.000Z",
    "html": "",
    "externalScripts": "",
    "updaterUID": "obd-oNT2qaHmiNKqRJTl4Cdr38NgZWophCI",
    "theme": "",
    "layout": "",
    "viewCount": 141,
    "userName": "弑***菇",
    "commentCount": 0,
    "starCount": 16,
    "isStared": 0,
    "thumbnailURL": "https://www.makeapie.com/ecg-storage/ec_gallery_thumbnail/xE-eSdSaM9.png?v=1617006559677",
    "isCustomThumbnail": 1,
    "builtinTags": [
        "category-work",
        "grid",
        "series-bar",
        "series-pictorialBar",
        "title",
        "tooltip"
    ],
    "customTags": [],
    "updaterUserName": "弑***菇"
}