{
    "cid": "xiNx8Hhdde",
    "authorUid": "obd-oNCO-DtLBvju7IDWqG9rk7x8gPgnTCg",
    "authorUserName": "1***时",
    "title": "兰考县分布情况",
    "description": "因项目需求 , 自定义抠取兰考县边界值 , 整合为县级地图 ,",
    "latestVersion": 3,
    "alwaysLatest": 0,
    "createTime": "2021-04-25T01:38:13.000Z",
    "lastUpdateTime": "2021-04-25T01:38:13.000Z",
    "auth": 2,
    "uid": "obd-oNCO-DtLBvju7IDWqG9rk7x8gPgnTCg",
    "publishedVersion": 0,
    "forkFrom": "-",
    "isSpam": 0,
    "version": 3,
    "parentVersion": 2,
    "echartsVersion": "5.1.0",
    "versionCreateTime": "2021-04-25T02:27:55.000Z",
    "html": "",
    "externalScripts": "",
    "updaterUID": "obd-oNCO-DtLBvju7IDWqG9rk7x8gPgnTCg",
    "theme": "",
    "layout": "",
    "viewCount": 0,
    "userName": "1***时",
    "commentCount": 7,
    "starCount": 19,
    "isStared": 0,
    "thumbnailURL": "https://www.makeapie.com/ecg-storage/ec_gallery_thumbnail/xiNx8Hhdde.png?v=1619317675911",
    "isCustomThumbnail": 0,
    "builtinTags": [
        "category-work",
        "geo",
        "series-map",
        "series-scatter",
        "visualMap"
    ],
    "customTags": [],
    "updaterUserName": "1***时"
}