{
    "cid": "xm1UPfChgG",
    "authorUid": "obd-o2mg74FfwyHhXevgAXUSg1re_wFg1B8",
    "authorUserName": "l***6",
    "title": "横向进度柱状图",
    "description": "",
    "latestVersion": 1,
    "alwaysLatest": 1,
    "createTime": "2021-04-02T10:32:08.000Z",
    "lastUpdateTime": "2021-04-02T10:32:08.000Z",
    "auth": 2,
    "uid": "obd-o2mg74FfwyHhXevgAXUSg1re_wFg1B8",
    "publishedVersion": 0,
    "forkFrom": "-",
    "isSpam": 0,
    "version": 1,
    "parentVersion": -1,
    "echartsVersion": "4.8.0",
    "versionCreateTime": "2021-04-02T10:32:08.000Z",
    "html": "",
    "externalScripts": "",
    "updaterUID": "obd-o2mg74FfwyHhXevgAXUSg1re_wFg1B8",
    "theme": "",
    "layout": "",
    "viewCount": 31,
    "userName": "l***6",
    "commentCount": 1,
    "starCount": 12,
    "isStared": 0,
    "thumbnailURL": "https://www.makeapie.com/ecg-storage/ec_gallery_thumbnail/xm1UPfChgG.png?v=1617359529116",
    "isCustomThumbnail": 0,
    "builtinTags": [
        "category-work",
        "grid",
        "series-bar",
        "tooltip"
    ],
    "customTags": [],
    "updaterUserName": "l***6"
}