{
    "cid": "xO5PQpSbNl",
    "authorUid": "bd-365218436",
    "authorUserName": "G***G",
    "title": "仪表盘",
    "description": "",
    "latestVersion": 3,
    "alwaysLatest": 1,
    "createTime": "2021-04-21T08:49:45.000Z",
    "lastUpdateTime": "2021-09-15T01:20:28.000Z",
    "auth": 2,
    "uid": "bd-365218436",
    "publishedVersion": 0,
    "forkFrom": "-",
    "isSpam": 0,
    "version": 3,
    "parentVersion": 2,
    "echartsVersion": "4.9.0",
    "versionCreateTime": "2021-09-15T01:20:28.000Z",
    "html": "",
    "externalScripts": "",
    "updaterUID": "bd-365218436",
    "theme": "",
    "layout": "",
    "viewCount": 10,
    "userName": "G***G",
    "commentCount": 0,
    "starCount": 19,
    "isStared": 0,
    "thumbnailURL": "https://www.makeapie.com/ecg-storage/ec_gallery_thumbnail/xO5PQpSbNl.png?v=1631668828917",
    "isCustomThumbnail": 0,
    "builtinTags": [
        "category-work",
        "grid",
        "series-gauge"
    ],
    "customTags": [],
    "updaterUserName": "G***G"
}