{
    "cid": "xpjeoUOeD2",
    "authorUid": "obd-oMuVUEhRH-KU8ZOkZx0aApOOJzRRH27",
    "authorUserName": "Y***D",
    "title": "圆角环形图",
    "description": "",
    "latestVersion": 4,
    "alwaysLatest": 1,
    "createTime": "2021-02-25T09:14:53.000Z",
    "lastUpdateTime": "2021-12-08T03:52:11.000Z",
    "auth": 1,
    "uid": "obd-oMuVUEhRH-KU8ZOkZx0aApOOJzRRH27",
    "publishedVersion": 0,
    "forkFrom": "-",
    "isSpam": 0,
    "version": 4,
    "parentVersion": 3,
    "echartsVersion": "4.9.0",
    "versionCreateTime": "2021-12-08T03:52:11.000Z",
    "html": "",
    "externalScripts": "",
    "updaterUID": "obd-o0eP8jrCrCO_hHkZ9pCVxk1mkeggkFi",
    "theme": "",
    "layout": "",
    "viewCount": 216,
    "userName": "Y***D",
    "commentCount": 0,
    "starCount": 14,
    "isStared": 0,
    "thumbnailURL": "https://www.makeapie.com/ecg-storage/ec_gallery_thumbnail/xpjeoUOeD2.png?v=1638935531287",
    "isCustomThumbnail": 0,
    "builtinTags": [
        "category-work",
        "graphic",
        "legend",
        "series-pie",
        "title",
        "toolbox",
        "tooltip"
    ],
    "customTags": [],
    "updaterUserName": "大***上"
}