{
    "cid": "xqvZ4o4JOt",
    "authorUid": "bd-1767830562",
    "authorUserName": "s***l",
    "title": "饼图-年轮",
    "description": "",
    "latestVersion": 4,
    "alwaysLatest": 1,
    "createTime": "2021-03-26T03:00:41.000Z",
    "lastUpdateTime": "2021-07-23T01:58:19.000Z",
    "auth": 2,
    "uid": "bd-1767830562",
    "publishedVersion": 0,
    "forkFrom": "-",
    "isSpam": 0,
    "version": 4,
    "parentVersion": 3,
    "echartsVersion": "4.9.0",
    "versionCreateTime": "2021-07-23T01:58:19.000Z",
    "html": "",
    "externalScripts": "",
    "updaterUID": "bd-1767830562",
    "theme": "",
    "layout": "",
    "viewCount": 60,
    "userName": "s***l",
    "commentCount": 4,
    "starCount": 19,
    "isStared": 0,
    "thumbnailURL": "https://www.makeapie.com/ecg-storage/ec_gallery_thumbnail/xqvZ4o4JOt.png?v=1627005499321",
    "isCustomThumbnail": 0,
    "builtinTags": [
        "category-work",
        "legend",
        "series-pie",
        "tooltip"
    ],
    "customTags": [],
    "updaterUserName": "s***l"
}