{
    "cid": "xxUpQhX1ee",
    "authorUid": "obd-oEZw0nsw98UeAC72TvJ_wJnZsMyEP4n",
    "authorUserName": "p***y",
    "title": "数值带动画的多个仪表图",
    "description": "需v5.0.0以上版本支持",
    "latestVersion": 1,
    "alwaysLatest": 1,
    "createTime": "2021-04-23T02:32:19.000Z",
    "lastUpdateTime": "2021-04-23T02:32:19.000Z",
    "auth": 2,
    "uid": "obd-oEZw0nsw98UeAC72TvJ_wJnZsMyEP4n",
    "publishedVersion": 0,
    "forkFrom": "-",
    "isSpam": 0,
    "version": 1,
    "parentVersion": -1,
    "echartsVersion": "4.8.0",
    "versionCreateTime": "2021-04-23T02:32:19.000Z",
    "html": "",
    "externalScripts": "",
    "updaterUID": "obd-oEZw0nsw98UeAC72TvJ_wJnZsMyEP4n",
    "theme": "",
    "layout": "",
    "viewCount": 10,
    "userName": "p***y",
    "commentCount": 0,
    "starCount": 11,
    "isStared": 0,
    "thumbnailURL": "https://www.makeapie.com/ecg-storage/ec_gallery_thumbnail/xxUpQhX1ee.png?v=1619145139363",
    "isCustomThumbnail": 1,
    "builtinTags": [
        "category-work",
        "series-gauge",
        "title"
    ],
    "customTags": [],
    "updaterUserName": "p***y"
}