{
    "cid": "x25LCgnIRM",
    "authorUid": "obd-oFH6EKHJqNA9g_Ervbx4E_5TAQ_6t5c",
    "authorUserName": "算***吧",
    "title": "VisualMap与symbol",
    "description": "visualMap与symbol",
    "latestVersion": 1,
    "alwaysLatest": 1,
    "createTime": "2021-01-25T12:10:15.000Z",
    "lastUpdateTime": "2021-01-25T12:10:15.000Z",
    "auth": 2,
    "uid": "obd-oFH6EKHJqNA9g_Ervbx4E_5TAQ_6t5c",
    "publishedVersion": 0,
    "forkFrom": "-",
    "isSpam": 0,
    "version": 1,
    "parentVersion": -1,
    "echartsVersion": "4.8.0",
    "versionCreateTime": "2021-01-25T12:10:15.000Z",
    "html": "",
    "externalScripts": "",
    "updaterUID": "obd-oFH6EKHJqNA9g_Ervbx4E_5TAQ_6t5c",
    "theme": "",
    "layout": "",
    "viewCount": 41,
    "userName": "算***吧",
    "commentCount": 0,
    "starCount": 0,
    "isStared": 0,
    "thumbnailURL": "https://www.makeapie.com/ecg-storage/ec_gallery_thumbnail/x25LCgnIRM.png?v=1611576615312",
    "isCustomThumbnail": 0,
    "builtinTags": [
        "category-work",
        "grid",
        "legend",
        "series-line",
        "title",
        "toolbox",
        "tooltip",
        "visualMap"
    ],
    "customTags": [],
    "updaterUserName": "算***吧"
}