{
    "cid": "x2qwtuME88",
    "authorUid": "bd-738512056",
    "authorUserName": "铁***龙",
    "title": "指标统计",
    "description": "指标统计",
    "latestVersion": 2,
    "alwaysLatest": 1,
    "createTime": "2021-01-26T01:39:04.000Z",
    "lastUpdateTime": "2021-01-26T01:39:04.000Z",
    "auth": 2,
    "uid": "bd-738512056",
    "publishedVersion": 0,
    "forkFrom": "-",
    "isSpam": 0,
    "version": 2,
    "parentVersion": 1,
    "echartsVersion": "4.8.0",
    "versionCreateTime": "2021-01-26T01:45:14.000Z",
    "html": "",
    "externalScripts": "",
    "updaterUID": "bd-738512056",
    "theme": "",
    "layout": "",
    "viewCount": 49,
    "userName": "铁***龙",
    "commentCount": 0,
    "starCount": 1,
    "isStared": 0,
    "thumbnailURL": "https://www.makeapie.com/ecg-storage/ec_gallery_thumbnail/x2qwtuME88.png?v=1611625514516",
    "isCustomThumbnail": 0,
    "builtinTags": [
        "category-work",
        "grid",
        "legend",
        "series-line",
        "title",
        "tooltip"
    ],
    "customTags": [],
    "updaterUserName": "铁***龙"
}