{
    "cid": "x9_gPweZQ1n",
    "authorUid": "obd-olmlg7w-krehHOeg2Ur7CKe92vvsu06",
    "authorUserName": "x***2",
    "title": "x轴数据不同的折线",
    "description": "ecahrs",
    "latestVersion": 1,
    "alwaysLatest": 1,
    "createTime": "2021-01-25T09:38:19.000Z",
    "lastUpdateTime": "2021-01-25T09:38:19.000Z",
    "auth": 2,
    "uid": "obd-olmlg7w-krehHOeg2Ur7CKe92vvsu06",
    "publishedVersion": 0,
    "forkFrom": "-",
    "isSpam": 0,
    "version": 1,
    "parentVersion": -1,
    "echartsVersion": "4.8.0",
    "versionCreateTime": "2021-01-25T09:38:19.000Z",
    "html": "",
    "externalScripts": "",
    "updaterUID": "obd-olmlg7w-krehHOeg2Ur7CKe92vvsu06",
    "theme": "dark",
    "layout": "",
    "viewCount": 120,
    "userName": "x***2",
    "commentCount": 0,
    "starCount": 0,
    "isStared": 0,
    "thumbnailURL": "https://www.makeapie.com/ecg-storage/ec_gallery_thumbnail/x9_gPweZQ1n.png?v=1611567499259",
    "isCustomThumbnail": 0,
    "builtinTags": [
        "brush",
        "category-work",
        "dataZoom",
        "grid",
        "legend",
        "markArea",
        "markLine",
        "series-line",
        "toolbox",
        "tooltip"
    ],
    "customTags": [],
    "updaterUserName": "x***2"
}