{
    "cid": "xfS6J4q9ut",
    "authorUid": "obd-olGfOrxetmWVSHvURGPmfWchxFQhp0D",
    "authorUserName": "2***工",
    "title": "模拟飞行路线模块地图模块",
    "description": "",
    "latestVersion": 1,
    "alwaysLatest": 1,
    "createTime": "2021-01-26T01:35:39.000Z",
    "lastUpdateTime": "2021-01-26T01:35:39.000Z",
    "auth": 2,
    "uid": "obd-olGfOrxetmWVSHvURGPmfWchxFQhp0D",
    "publishedVersion": 0,
    "forkFrom": "-",
    "isSpam": 0,
    "version": 1,
    "parentVersion": -1,
    "echartsVersion": "4.8.0",
    "versionCreateTime": "2021-01-26T01:35:39.000Z",
    "html": "",
    "externalScripts": "/dep/echarts/map/js/china.js",
    "updaterUID": "obd-olGfOrxetmWVSHvURGPmfWchxFQhp0D",
    "theme": "",
    "layout": "",
    "viewCount": 190,
    "userName": "2***工",
    "commentCount": 0,
    "starCount": 0,
    "isStared": 0,
    "thumbnailURL": "https://www.makeapie.com/ecg-storage/ec_gallery_thumbnail/xfS6J4q9ut.png?v=1611624939975",
    "isCustomThumbnail": 0,
    "builtinTags": [
        "category-work",
        "geo",
        "legend",
        "series-effectScatter",
        "series-lines",
        "tooltip"
    ],
    "customTags": [],
    "updaterUserName": "2***工"
}