{
    "cid": "xjFJ9Wf9ew",
    "authorUid": "bd-2199653737",
    "authorUserName": "m***n",
    "title": "买入看涨期权",
    "description": "美股期权收益曲线",
    "latestVersion": 2,
    "alwaysLatest": 1,
    "createTime": "2021-01-25T13:40:37.000Z",
    "lastUpdateTime": "2021-01-25T13:41:44.000Z",
    "auth": 2,
    "uid": "bd-2199653737",
    "publishedVersion": 0,
    "forkFrom": "-",
    "isSpam": 0,
    "version": 2,
    "parentVersion": 1,
    "echartsVersion": "4.8.0",
    "versionCreateTime": "2021-01-25T13:59:52.000Z",
    "html": "",
    "externalScripts": "",
    "updaterUID": "bd-2199653737",
    "theme": "dark",
    "layout": "",
    "viewCount": 10,
    "userName": "m***n",
    "commentCount": 0,
    "starCount": 0,
    "isStared": 0,
    "thumbnailURL": "https://www.makeapie.com/ecg-storage/ec_gallery_thumbnail/xjFJ9Wf9ew.png?v=1611583192645",
    "isCustomThumbnail": 0,
    "builtinTags": [],
    "customTags": [],
    "updaterUserName": "m***n"
}