{
    "cid": "xLZPGV9CqU",
    "authorUid": "obd-olmlg7w-krehHOeg2Ur7CKe92vvsu06",
    "authorUserName": "x***2",
    "title": "不同颜色柱状图",
    "description": "",
    "latestVersion": 1,
    "alwaysLatest": 1,
    "createTime": "2021-01-25T09:44:55.000Z",
    "lastUpdateTime": "2021-01-25T09:44:55.000Z",
    "auth": 2,
    "uid": "obd-olmlg7w-krehHOeg2Ur7CKe92vvsu06",
    "publishedVersion": 0,
    "forkFrom": "-",
    "isSpam": 0,
    "version": 1,
    "parentVersion": -1,
    "echartsVersion": "4.8.0",
    "versionCreateTime": "2021-01-25T09:44:55.000Z",
    "html": "",
    "externalScripts": "",
    "updaterUID": "obd-olmlg7w-krehHOeg2Ur7CKe92vvsu06",
    "theme": "",
    "layout": "",
    "viewCount": 76,
    "userName": "x***2",
    "commentCount": 0,
    "starCount": 0,
    "isStared": 0,
    "thumbnailURL": "https://www.makeapie.com/ecg-storage/ec_gallery_thumbnail/xLZPGV9CqU.png?v=1611567895260",
    "isCustomThumbnail": 0,
    "builtinTags": [
        "category-work",
        "dataZoom",
        "grid",
        "series-bar",
        "tooltip"
    ],
    "customTags": [],
    "updaterUserName": "x***2"
}