{
    "cid": "xnS1J2OM98",
    "authorUid": "obd-oFuxGxTia-XknNKjZ2noW44DSpZUV5b",
    "authorUserName": "潴***卜",
    "title": "男女比例",
    "description": "",
    "latestVersion": 1,
    "alwaysLatest": 1,
    "createTime": "2021-01-26T01:33:01.000Z",
    "lastUpdateTime": "2021-01-26T01:33:01.000Z",
    "auth": 2,
    "uid": "obd-oFuxGxTia-XknNKjZ2noW44DSpZUV5b",
    "publishedVersion": 0,
    "forkFrom": "-",
    "isSpam": 0,
    "version": 1,
    "parentVersion": -1,
    "echartsVersion": "4.8.0",
    "versionCreateTime": "2021-01-26T01:33:01.000Z",
    "html": "",
    "externalScripts": "",
    "updaterUID": "obd-oFuxGxTia-XknNKjZ2noW44DSpZUV5b",
    "theme": "",
    "layout": "",
    "viewCount": 50,
    "userName": "潴***卜",
    "commentCount": 0,
    "starCount": 0,
    "isStared": 0,
    "thumbnailURL": "https://www.makeapie.com/ecg-storage/ec_gallery_thumbnail/xnS1J2OM98.png?v=1611624782017",
    "isCustomThumbnail": 0,
    "builtinTags": [
        "category-work",
        "legend",
        "series-pie",
        "tooltip"
    ],
    "customTags": [],
    "updaterUserName": "潴***卜"
}