{
    "cid": "xpzf7D5UMQ",
    "authorUid": "bd-2368053025",
    "authorUserName": "灬***辰",
    "title": "多段渐变折线图",
    "description": "参考 https://github.com/territoryfan/echarts",
    "latestVersion": 2,
    "alwaysLatest": 1,
    "createTime": "2021-01-26T04:57:32.000Z",
    "lastUpdateTime": "2021-01-26T04:57:32.000Z",
    "auth": 2,
    "uid": "bd-2368053025",
    "publishedVersion": 0,
    "forkFrom": "-",
    "isSpam": 0,
    "version": 2,
    "parentVersion": 1,
    "echartsVersion": "4.8.0",
    "versionCreateTime": "2021-01-26T04:59:17.000Z",
    "html": "",
    "externalScripts": "",
    "updaterUID": "bd-2368053025",
    "theme": "",
    "layout": "",
    "viewCount": 105,
    "userName": "灬***辰",
    "commentCount": 0,
    "starCount": 0,
    "isStared": 0,
    "thumbnailURL": "https://www.makeapie.com/ecg-storage/ec_gallery_thumbnail/xpzf7D5UMQ.png?v=1611637157579",
    "isCustomThumbnail": 0,
    "builtinTags": [
        "category-work",
        "grid",
        "series-line"
    ],
    "customTags": [],
    "updaterUserName": "灬***辰"
}