{
    "cid": "xqPgVJMBlH",
    "authorUid": "obd-o2ETba-lpHCyaZ2ZAaI4kxbEyd4Me6O",
    "authorUserName": "h***6",
    "title": "雷达图",
    "description": "",
    "latestVersion": 1,
    "alwaysLatest": 1,
    "createTime": "2021-01-27T07:12:37.000Z",
    "lastUpdateTime": "2021-01-27T07:12:37.000Z",
    "auth": 2,
    "uid": "obd-o2ETba-lpHCyaZ2ZAaI4kxbEyd4Me6O",
    "publishedVersion": 0,
    "forkFrom": "-",
    "isSpam": 0,
    "version": 1,
    "parentVersion": -1,
    "echartsVersion": "4.8.0",
    "versionCreateTime": "2021-01-27T07:12:37.000Z",
    "html": "",
    "externalScripts": "",
    "updaterUID": "obd-o2ETba-lpHCyaZ2ZAaI4kxbEyd4Me6O",
    "theme": "",
    "layout": "",
    "viewCount": 134,
    "userName": "h***6",
    "commentCount": 0,
    "starCount": 1,
    "isStared": 0,
    "thumbnailURL": "https://www.makeapie.com/ecg-storage/ec_gallery_thumbnail/xqPgVJMBlH.png?v=1611731557541",
    "isCustomThumbnail": 0,
    "builtinTags": [
        "category-work",
        "radar",
        "series-radar"
    ],
    "customTags": [],
    "updaterUserName": "h***6"
}