{
    "cid": "xRxUwjzI8b",
    "authorUid": "bd-2718535201",
    "authorUserName": "w***g",
    "title": "镜像图",
    "description": "",
    "latestVersion": 6,
    "alwaysLatest": 1,
    "createTime": "2021-01-25T04:00:03.000Z",
    "lastUpdateTime": "2021-01-25T04:00:03.000Z",
    "auth": 2,
    "uid": "bd-2718535201",
    "publishedVersion": 0,
    "forkFrom": "-",
    "isSpam": 0,
    "version": 6,
    "parentVersion": 3,
    "echartsVersion": "4.8.0",
    "versionCreateTime": "2021-02-04T10:36:18.000Z",
    "html": "",
    "externalScripts": "",
    "updaterUID": "bd-2718535201",
    "theme": "",
    "layout": "",
    "viewCount": 32,
    "userName": "w***g",
    "commentCount": 0,
    "starCount": 0,
    "isStared": 0,
    "thumbnailURL": "https://www.makeapie.com/ecg-storage/ec_gallery_thumbnail/xRxUwjzI8b.png?v=1612434978648",
    "isCustomThumbnail": 0,
    "builtinTags": [
        "category-work",
        "dataZoom",
        "grid",
        "series-line",
        "title",
        "toolbox",
        "tooltip"
    ],
    "customTags": [],
    "updaterUserName": "w***g"
}