{
    "cid": "xsJlgtN83h",
    "authorUid": "bd-3079028567",
    "authorUserName": "金***7",
    "title": "折线图2",
    "description": "折线图",
    "latestVersion": 5,
    "alwaysLatest": 1,
    "createTime": "2021-01-25T05:28:23.000Z",
    "lastUpdateTime": "2021-01-25T05:28:23.000Z",
    "auth": 2,
    "uid": "bd-3079028567",
    "publishedVersion": 0,
    "forkFrom": "-",
    "isSpam": 0,
    "version": 5,
    "parentVersion": 3,
    "echartsVersion": "4.8.0",
    "versionCreateTime": "2021-01-25T07:46:58.000Z",
    "html": "",
    "externalScripts": "",
    "updaterUID": "bd-3079028567",
    "theme": "",
    "layout": "",
    "viewCount": 85,
    "userName": "金***7",
    "commentCount": 0,
    "starCount": 2,
    "isStared": 0,
    "thumbnailURL": "https://www.makeapie.com/ecg-storage/ec_gallery_thumbnail/xsJlgtN83h.png?v=1611560819095",
    "isCustomThumbnail": 0,
    "builtinTags": [
        "category-work",
        "grid",
        "series-line",
        "title"
    ],
    "customTags": [],
    "updaterUserName": "金***7"
}