{
    "cid": "xuXGskNA4m",
    "authorUid": "obd-oPqA-P_wbGUa0FRyvs-bH-OP0Twub9V",
    "authorUserName": "潜***丿",
    "title": "Y 轴 label 左侧对齐",
    "description": "数据来自网络",
    "latestVersion": 1,
    "alwaysLatest": 1,
    "createTime": "2021-01-25T06:19:37.000Z",
    "lastUpdateTime": "2021-01-25T06:19:37.000Z",
    "auth": 2,
    "uid": "obd-oPqA-P_wbGUa0FRyvs-bH-OP0Twub9V",
    "publishedVersion": 0,
    "forkFrom": "-",
    "isSpam": 0,
    "version": 1,
    "parentVersion": -1,
    "echartsVersion": "4.8.0",
    "versionCreateTime": "2021-01-25T06:19:37.000Z",
    "html": "",
    "externalScripts": "",
    "updaterUID": "obd-oPqA-P_wbGUa0FRyvs-bH-OP0Twub9V",
    "theme": "",
    "layout": "",
    "viewCount": 50,
    "userName": "潜***丿",
    "commentCount": 0,
    "starCount": 0,
    "isStared": 0,
    "thumbnailURL": "https://www.makeapie.com/ecg-storage/ec_gallery_thumbnail/xuXGskNA4m.png?v=1611555577793",
    "isCustomThumbnail": 0,
    "builtinTags": [
        "category-work",
        "grid",
        "legend",
        "series-bar",
        "title",
        "tooltip"
    ],
    "customTags": [],
    "updaterUserName": "潜***丿"
}