{
    "cid": "xz8jmu8q1T",
    "authorUid": "obd-o2ETba-lpHCyaZ2ZAaI4kxbEyd4Me6O",
    "authorUserName": "h***6",
    "title": "医院_偏高(3倍以上)_饼图",
    "description": "",
    "latestVersion": 2,
    "alwaysLatest": 1,
    "createTime": "2021-01-27T03:09:12.000Z",
    "lastUpdateTime": "2021-01-27T03:09:12.000Z",
    "auth": 2,
    "uid": "obd-o2ETba-lpHCyaZ2ZAaI4kxbEyd4Me6O",
    "publishedVersion": 0,
    "forkFrom": "-",
    "isSpam": 0,
    "version": 2,
    "parentVersion": 1,
    "echartsVersion": "4.8.0",
    "versionCreateTime": "2021-01-27T05:44:28.000Z",
    "html": "",
    "externalScripts": "",
    "updaterUID": "obd-o2ETba-lpHCyaZ2ZAaI4kxbEyd4Me6O",
    "theme": "",
    "layout": "",
    "viewCount": 38,
    "userName": "h***6",
    "commentCount": 0,
    "starCount": 1,
    "isStared": 0,
    "thumbnailURL": "https://www.makeapie.com/ecg-storage/ec_gallery_thumbnail/xz8jmu8q1T.png?v=1611726268980",
    "isCustomThumbnail": 0,
    "builtinTags": [
        "category-work",
        "series-pie",
        "title",
        "tooltip"
    ],
    "customTags": [],
    "updaterUserName": "h***6"
}