{
    "cid": "xZvMTOBj7p",
    "authorUid": "bd-732371637",
    "authorUserName": "g***f",
    "title": "折扇",
    "description": "素是自然色，圆因裁制功。飒如松起籁，飘似鹤翻空。\n盛夏不销雪，终年无尽风。引秋生手里，藏月入怀中。\n麈尾斑非疋，蒲葵陋不同。何人称相对，清瘦白须翁。",
    "latestVersion": 4,
    "alwaysLatest": 1,
    "createTime": "2021-01-26T10:15:05.000Z",
    "lastUpdateTime": "2021-01-26T10:15:05.000Z",
    "auth": 2,
    "uid": "bd-732371637",
    "publishedVersion": 0,
    "forkFrom": "-",
    "isSpam": 0,
    "version": 4,
    "parentVersion": 2,
    "echartsVersion": "4.8.0",
    "versionCreateTime": "2021-01-27T02:31:35.000Z",
    "html": "",
    "externalScripts": "",
    "updaterUID": "bd-732371637",
    "theme": "default",
    "layout": "",
    "viewCount": 140,
    "userName": "g***f",
    "commentCount": 0,
    "starCount": 9,
    "isStared": 0,
    "thumbnailURL": "https://www.makeapie.com/ecg-storage/ec_gallery_thumbnail/xZvMTOBj7p.png?v=1611714695898",
    "isCustomThumbnail": 0,
    "builtinTags": [
        "category-work",
        "series-sunburst"
    ],
    "customTags": [],
    "updaterUserName": "g***f"
}