{
    "cid": "pictorialBar-dotted",
    "authorUid": "bd-2135947294",
    "authorUserName": "echarts",
    "title": "虚线和渐变的模拟",
    "description": "",
    "latestVersion": 2,
    "alwaysLatest": 1,
    "createTime": "2017-01-12T12:03:37.000Z",
    "lastUpdateTime": "2017-01-12T12:03:37.000Z",
    "auth": 2,
    "uid": "bd-2135947294",
    "publishedVersion": 0,
    "forkFrom": "-",
    "isSpam": 0,
    "version": 2,
    "parentVersion": 1,
    "echartsVersion": "3.5.1",
    "versionCreateTime": "2017-03-27T14:50:03.000Z",
    "html": "",
    "externalScripts": "",
    "updaterUID": "bd-2135947294",
    "theme": "",
    "layout": "",
    "viewCount": 130589,
    "userName": "echarts",
    "commentCount": 4,
    "starCount": 271,
    "isStared": 0,
    "thumbnailURL": "https://www.makeapie.com/ecg-storage/ec_gallery_thumbnail/pictorialBar-dotted.png?v=1490626203384",
    "isCustomThumbnail": 0,
    "builtinTags": [
        "axisPointer",
        "category-work",
        "grid",
        "legend",
        "series-bar",
        "series-line",
        "series-pictorialBar",
        "tooltip"
    ],
    "customTags": [],
    "updaterUserName": "echarts"
}