{
    "cid": "x-YcVtquuH",
    "authorUid": "obd-oDVaU0zAb0L4eMJdO-BskqAGNq2x-1l",
    "authorUserName": "r***h",
    "title": "设备状态03",
    "description": "",
    "latestVersion": 3,
    "alwaysLatest": 0,
    "createTime": "2021-04-25T03:57:35.000Z",
    "lastUpdateTime": "2021-04-25T03:57:35.000Z",
    "auth": 2,
    "uid": "obd-oDVaU0zAb0L4eMJdO-BskqAGNq2x-1l",
    "publishedVersion": 0,
    "forkFrom": "-",
    "isSpam": 0,
    "version": 3,
    "parentVersion": 2,
    "echartsVersion": "5.1.0",
    "versionCreateTime": "2021-04-25T05:40:05.000Z",
    "html": "",
    "externalScripts": "",
    "updaterUID": "obd-oDVaU0zAb0L4eMJdO-BskqAGNq2x-1l",
    "theme": "",
    "layout": "",
    "viewCount": 0,
    "userName": "r***h",
    "commentCount": 0,
    "starCount": 46,
    "isStared": 0,
    "thumbnailURL": "https://www.makeapie.com/ecg-storage/ec_gallery_thumbnail/x-YcVtquuH.png?v=1619329205586",
    "isCustomThumbnail": 0,
    "builtinTags": [
        "category-work",
        "graphic",
        "legend",
        "series-pie",
        "title",
        "toolbox",
        "tooltip"
    ],
    "customTags": [],
    "updaterUserName": "r***h"
}