{
    "cid": "x65Xqw5MAf",
    "authorUid": "obd-oFd6cOQC5k-tY6jvDS0uNLVc7YLZ25M",
    "authorUserName": "飞***g",
    "title": "排名渐变色光效",
    "description": "",
    "latestVersion": 1,
    "alwaysLatest": 1,
    "createTime": "2020-08-19T06:48:08.000Z",
    "lastUpdateTime": "2020-08-19T06:48:08.000Z",
    "auth": 2,
    "uid": "obd-oFd6cOQC5k-tY6jvDS0uNLVc7YLZ25M",
    "publishedVersion": 0,
    "forkFrom": "-",
    "isSpam": 0,
    "version": 1,
    "parentVersion": -1,
    "echartsVersion": "4.8.0",
    "versionCreateTime": "2020-08-19T06:48:08.000Z",
    "html": "",
    "externalScripts": "",
    "updaterUID": "obd-oFd6cOQC5k-tY6jvDS0uNLVc7YLZ25M",
    "theme": "",
    "layout": "",
    "viewCount": 13264,
    "userName": "飞***g",
    "commentCount": 3,
    "starCount": 80,
    "isStared": 0,
    "thumbnailURL": "https://www.makeapie.com/ecg-storage/ec_gallery_thumbnail/x65Xqw5MAf.png?v=1597819688843",
    "isCustomThumbnail": 0,
    "builtinTags": [
        "category-work",
        "grid",
        "series-bar",
        "series-pictorialBar"
    ],
    "customTags": [],
    "updaterUserName": "飞***g"
}