{
    "cid": "xMiluI6hAH",
    "authorUid": "obd-oA_1nmod4HpMI9CqzlZgfCCAH6J887Q",
    "authorUserName": "I***穹",
    "title": "柱折双图",
    "description": "柱折双图",
    "latestVersion": 1,
    "alwaysLatest": 0,
    "createTime": "2021-05-15T09:10:11.000Z",
    "lastUpdateTime": "2021-05-15T09:10:11.000Z",
    "auth": 2,
    "uid": "obd-oA_1nmod4HpMI9CqzlZgfCCAH6J887Q",
    "publishedVersion": 0,
    "forkFrom": "-",
    "isSpam": 0,
    "version": 1,
    "parentVersion": -1,
    "echartsVersion": "5.1.1",
    "versionCreateTime": "2021-05-15T09:10:11.000Z",
    "html": "",
    "externalScripts": "",
    "updaterUID": "obd-oA_1nmod4HpMI9CqzlZgfCCAH6J887Q",
    "theme": "",
    "layout": "",
    "viewCount": 0,
    "userName": "I***穹",
    "commentCount": 0,
    "starCount": 42,
    "isStared": 0,
    "thumbnailURL": "https://www.makeapie.com/ecg-storage/ec_gallery_thumbnail/xMiluI6hAH.png?v=1621069811765",
    "isCustomThumbnail": 0,
    "builtinTags": [
        "category-work",
        "grid",
        "legend",
        "series-bar",
        "series-line",
        "tooltip"
    ],
    "customTags": [],
    "updaterUserName": "I***穹"
}