{
    "cid": "xPc3r7d1-6",
    "authorUid": "bd-365218436",
    "authorUserName": "G***G",
    "title": "双立体柱状图",
    "description": "",
    "latestVersion": 6,
    "alwaysLatest": 1,
    "createTime": "2021-02-20T02:21:25.000Z",
    "lastUpdateTime": "2021-09-15T01:21:32.000Z",
    "auth": 2,
    "uid": "bd-365218436",
    "publishedVersion": 0,
    "forkFrom": "-",
    "isSpam": 0,
    "version": 6,
    "parentVersion": 5,
    "echartsVersion": "4.9.0",
    "versionCreateTime": "2021-09-15T01:21:32.000Z",
    "html": "",
    "externalScripts": "",
    "updaterUID": "bd-365218436",
    "theme": "",
    "layout": "",
    "viewCount": 149,
    "userName": "G***G",
    "commentCount": 0,
    "starCount": 47,
    "isStared": 0,
    "thumbnailURL": "https://www.makeapie.com/ecg-storage/ec_gallery_thumbnail/xPc3r7d1-6.png?v=1631668892397",
    "isCustomThumbnail": 0,
    "builtinTags": [
        "category-work",
        "grid",
        "series-line",
        "title"
    ],
    "customTags": [],
    "updaterUserName": "G***G"
}