{
    "cid": "xrJHCfsfE-",
    "authorUid": "bd-2215764494",
    "authorUserName": "p***g",
    "title": "Taxi routes of Cape Town",
    "description": "",
    "latestVersion": 3,
    "alwaysLatest": 1,
    "createTime": "2017-06-29T15:54:52.000Z",
    "lastUpdateTime": "2019-07-02T02:13:50.000Z",
    "auth": 2,
    "uid": "bd-2215764494",
    "publishedVersion": 0,
    "forkFrom": "-",
    "isSpam": 0,
    "version": 3,
    "parentVersion": 2,
    "echartsVersion": "3.8.0",
    "versionCreateTime": "2019-01-15T05:02:11.000Z",
    "html": "",
    "externalScripts": "https://unpkg.com/shapefile@0.6,https://echarts.baidu.com/resource/echarts-gl-latest/dist/echarts-gl.min.js,https://api.mapbox.com/mapbox-gl-js/v0.38.0/mapbox-gl.js,https://echarts.baidu.com/resource/echarts-gl-latest/mapboxgl-token.js",
    "updaterUID": "bd-2215764494",
    "theme": "default",
    "layout": "",
    "viewCount": 141788,
    "userName": "p***g",
    "commentCount": 26,
    "starCount": 267,
    "isStared": 0,
    "thumbnailURL": "https://www.makeapie.com/ecg-storage/ec_gallery_thumbnail/xrJHCfsfE-.png?v=1562033633162",
    "isCustomThumbnail": 1,
    "builtinTags": [
        "category-work",
        "mapbox",
        "series-lines3D",
        "series-map3D"
    ],
    "customTags": [
        "echarts-gl"
    ],
    "updaterUserName": "p***g"
}