{
    "cid": "xzpJWdcQCX",
    "authorUid": "obd-ojM2tX4jX-zPwdqCrLMrj9MjslDI8Em",
    "authorUserName": "勤***语",
    "title": "圆环图自定义legend、设置默认选中",
    "description": "用户自定义legend样式，，并且设置默认选中项",
    "latestVersion": 2,
    "alwaysLatest": 1,
    "createTime": "2021-02-08T06:54:44.000Z",
    "lastUpdateTime": "2021-02-08T06:54:44.000Z",
    "auth": 2,
    "uid": "obd-ojM2tX4jX-zPwdqCrLMrj9MjslDI8Em",
    "publishedVersion": 0,
    "forkFrom": "-",
    "isSpam": 0,
    "version": 2,
    "parentVersion": 1,
    "echartsVersion": "4.8.0",
    "versionCreateTime": "2021-02-08T06:55:33.000Z",
    "html": "",
    "externalScripts": "",
    "updaterUID": "obd-ojM2tX4jX-zPwdqCrLMrj9MjslDI8Em",
    "theme": "",
    "layout": "",
    "viewCount": 103,
    "userName": "勤***语",
    "commentCount": 0,
    "starCount": 46,
    "isStared": 0,
    "thumbnailURL": "https://www.makeapie.com/ecg-storage/ec_gallery_thumbnail/xzpJWdcQCX.png?v=1612767333242",
    "isCustomThumbnail": 0,
    "builtinTags": [
        "category-work",
        "legend",
        "series-pie",
        "title"
    ],
    "customTags": [
        "自定义",
        "默认选中"
    ],
    "updaterUserName": "勤***语"
}