{
    "cid": "xHJg014rlm",
    "authorUid": "bd-4164334920",
    "authorUserName": "harry_tech",
    "title": "4s_flow_graph",
    "description": "",
    "latestVersion": 6,
    "alwaysLatest": 1,
    "createTime": "2018-06-06T09:56:24.000Z",
    "lastUpdateTime": "2018-06-06T09:56:24.000Z",
    "auth": 2,
    "uid": "bd-4164334920",
    "publishedVersion": 0,
    "forkFrom": "-",
    "isSpam": 0,
    "version": 6,
    "parentVersion": 4,
    "echartsVersion": "4.1.0",
    "versionCreateTime": "2018-06-07T11:39:32.000Z",
    "html": "",
    "externalScripts": "http://api.map.baidu.com/api?v=2.0&ak=ZUONbpqGBsYGXNIYHicvbAbM,/dep/echarts/latest/extension/bmap.min.js",
    "updaterUID": "bd-4164334920",
    "theme": "",
    "layout": "",
    "viewCount": 49,
    "userName": "harry_tech",
    "commentCount": 0,
    "starCount": 0,
    "isStared": 0,
    "thumbnailURL": "https://www.makeapie.com/ecg-storage/ec_gallery_thumbnail/xHJg014rlm.undefined?v=",
    "isCustomThumbnail": 0,
    "builtinTags": [
        "category-work"
    ],
    "customTags": [],
    "updaterUserName": "harry_tech"
}