{
    "cid": "xHJMwn5Qe7",
    "authorUid": "bd-540836030",
    "authorUserName": "霸***y",
    "title": "简单折线面积图",
    "description": "",
    "latestVersion": 6,
    "alwaysLatest": 1,
    "createTime": "2018-06-05T05:15:06.000Z",
    "lastUpdateTime": "2021-09-03T07:09:23.000Z",
    "auth": 2,
    "uid": "bd-540836030",
    "publishedVersion": 0,
    "forkFrom": "-",
    "isSpam": 0,
    "version": 6,
    "parentVersion": 5,
    "echartsVersion": "4.9.0",
    "versionCreateTime": "2021-09-03T07:09:23.000Z",
    "html": "",
    "externalScripts": "",
    "updaterUID": "bd-540836030",
    "theme": "",
    "layout": "",
    "viewCount": 150,
    "userName": "霸***y",
    "commentCount": 0,
    "starCount": 1,
    "isStared": 0,
    "thumbnailURL": "https://www.makeapie.com/ecg-storage/ec_gallery_thumbnail/xHJMwn5Qe7.png?v=1630652964023",
    "isCustomThumbnail": 0,
    "builtinTags": [
        "category-work",
        "grid",
        "series-line",
        "tooltip"
    ],
    "customTags": [],
    "updaterUserName": "霸***y"
}