{
    "cid": "xr1NLHuQxX",
    "authorUid": "bd-571672047",
    "authorUserName": "wangfan0840",
    "title": "联动效果",
    "description": "",
    "latestVersion": 1,
    "alwaysLatest": 1,
    "createTime": "2018-06-05T02:28:28.000Z",
    "lastUpdateTime": "2018-06-05T02:28:28.000Z",
    "auth": 2,
    "uid": "bd-571672047",
    "publishedVersion": 0,
    "forkFrom": "-",
    "isSpam": 0,
    "version": 1,
    "parentVersion": -1,
    "echartsVersion": "4.1.0",
    "versionCreateTime": "2018-06-05T02:28:28.000Z",
    "html": "",
    "externalScripts": "",
    "updaterUID": "bd-571672047",
    "theme": "",
    "layout": "",
    "viewCount": 177,
    "userName": "wangfan0840",
    "commentCount": 0,
    "starCount": 0,
    "isStared": 0,
    "thumbnailURL": "https://www.makeapie.com/ecg-storage/ec_gallery_thumbnail/xr1NLHuQxX.png?v=1528165708112",
    "isCustomThumbnail": 0,
    "builtinTags": [
        "category-work",
        "dataset",
        "grid",
        "legend",
        "series-line",
        "series-pie",
        "tooltip"
    ],
    "customTags": [],
    "updaterUserName": "wangfan0840"
}