{
    "cid": "xrkIItUrlm",
    "authorUid": "bd-2066513247",
    "authorUserName": "g***8",
    "title": "",
    "description": "倒柱子",
    "latestVersion": 2,
    "alwaysLatest": 1,
    "createTime": "2018-06-06T12:53:33.000Z",
    "lastUpdateTime": "2018-06-06T12:53:33.000Z",
    "auth": 2,
    "uid": "bd-2066513247",
    "publishedVersion": 0,
    "forkFrom": "-",
    "isSpam": 0,
    "version": 2,
    "parentVersion": 1,
    "echartsVersion": "4.1.0",
    "versionCreateTime": "2018-06-06T12:55:23.000Z",
    "html": "",
    "externalScripts": "",
    "updaterUID": "bd-2066513247",
    "theme": "",
    "layout": "",
    "viewCount": 41,
    "userName": "g***8",
    "commentCount": 0,
    "starCount": 0,
    "isStared": 0,
    "thumbnailURL": "https://www.makeapie.com/ecg-storage/ec_gallery_thumbnail/xrkIItUrlm.png?v=1528289723370",
    "isCustomThumbnail": 0,
    "builtinTags": [
        "category-work",
        "grid",
        "legend",
        "series-bar",
        "series-scatter"
    ],
    "customTags": [],
    "updaterUserName": "g***8"
}