{
    "cid": "xrkmrKfSxQ",
    "authorUid": "bd-2652911079",
    "authorUserName": "囧***哥",
    "title": "旭日图",
    "description": "",
    "latestVersion": 2,
    "alwaysLatest": 1,
    "createTime": "2018-06-06T08:20:10.000Z",
    "lastUpdateTime": "2018-06-06T08:20:10.000Z",
    "auth": 2,
    "uid": "bd-2652911079",
    "publishedVersion": 0,
    "forkFrom": "-",
    "isSpam": 0,
    "version": 2,
    "parentVersion": 1,
    "echartsVersion": "4.9.0",
    "versionCreateTime": "2021-05-10T08:18:17.000Z",
    "html": "",
    "externalScripts": "",
    "updaterUID": "bd-2652911079",
    "theme": "",
    "layout": "",
    "viewCount": 240,
    "userName": "囧***哥",
    "commentCount": 0,
    "starCount": 2,
    "isStared": 0,
    "thumbnailURL": "https://www.makeapie.com/ecg-storage/ec_gallery_thumbnail/xrkmrKfSxQ.png?v=1620634697768",
    "isCustomThumbnail": 0,
    "builtinTags": [
        "category-work",
        "series-sunburst",
        "toolbox"
    ],
    "customTags": [],
    "updaterUserName": "囧***哥"
}