{
    "cid": "xrkvZcnXeQ",
    "authorUid": "bd-1912877271",
    "authorUserName": "爱上重命名",
    "title": "项目K线图",
    "description": "",
    "latestVersion": 1,
    "alwaysLatest": 1,
    "createTime": "2018-06-05T07:21:34.000Z",
    "lastUpdateTime": "2018-06-05T07:21:34.000Z",
    "auth": 2,
    "uid": "bd-1912877271",
    "publishedVersion": 0,
    "forkFrom": "-",
    "isSpam": 0,
    "version": 1,
    "parentVersion": -1,
    "echartsVersion": "4.1.0",
    "versionCreateTime": "2018-06-05T07:21:34.000Z",
    "html": "",
    "externalScripts": "",
    "updaterUID": "bd-1912877271",
    "theme": "",
    "layout": "",
    "viewCount": 990,
    "userName": "爱上重命名",
    "commentCount": 0,
    "starCount": 1,
    "isStared": 0,
    "thumbnailURL": "https://www.makeapie.com/ecg-storage/ec_gallery_thumbnail/xrkvZcnXeQ.png?v=1528183294919",
    "isCustomThumbnail": 0,
    "builtinTags": [
        "category-work",
        "dataZoom",
        "grid",
        "legend",
        "markPoint",
        "series-candlestick",
        "series-line",
        "title",
        "tooltip"
    ],
    "customTags": [],
    "updaterUserName": "爱上重命名"
}