{
    "cid": "xS1TZjnVlm",
    "authorUid": "bd-298693538",
    "authorUserName": "费***3",
    "title": "简单地图",
    "description": "",
    "latestVersion": 1,
    "alwaysLatest": 1,
    "createTime": "2018-06-06T01:38:13.000Z",
    "lastUpdateTime": "2018-06-06T01:38:13.000Z",
    "auth": 2,
    "uid": "bd-298693538",
    "publishedVersion": 0,
    "forkFrom": "-",
    "isSpam": 0,
    "version": 1,
    "parentVersion": -1,
    "echartsVersion": "4.1.0",
    "versionCreateTime": "2018-06-06T01:38:13.000Z",
    "html": "",
    "externalScripts": "",
    "updaterUID": "bd-298693538",
    "theme": "",
    "layout": "",
    "viewCount": 797,
    "userName": "费***3",
    "commentCount": 0,
    "starCount": 1,
    "isStared": 0,
    "thumbnailURL": "https://www.makeapie.com/ecg-storage/ec_gallery_thumbnail/xS1TZjnVlm.png?v=1528249093209",
    "isCustomThumbnail": 0,
    "builtinTags": [
        "category-work",
        "legend",
        "series-map",
        "visualMap"
    ],
    "customTags": [],
    "updaterUserName": "费***3"
}