{
    "cid": "xSJ9CqcXeX",
    "authorUid": "bd-1912877271",
    "authorUserName": "爱上重命名",
    "title": "上证指数K线图",
    "description": "空闲图",
    "latestVersion": 2,
    "alwaysLatest": 1,
    "createTime": "2018-06-05T05:08:34.000Z",
    "lastUpdateTime": "2018-06-05T05:08:34.000Z",
    "auth": 2,
    "uid": "bd-1912877271",
    "publishedVersion": 0,
    "forkFrom": "-",
    "isSpam": 0,
    "version": 2,
    "parentVersion": 1,
    "echartsVersion": "4.1.0",
    "versionCreateTime": "2018-06-05T07:12:49.000Z",
    "html": "",
    "externalScripts": "",
    "updaterUID": "bd-1912877271",
    "theme": "",
    "layout": "",
    "viewCount": 1215,
    "userName": "爱上重命名",
    "commentCount": 0,
    "starCount": 3,
    "isStared": 0,
    "thumbnailURL": "https://www.makeapie.com/ecg-storage/ec_gallery_thumbnail/xSJ9CqcXeX.png?v=1528182769901",
    "isCustomThumbnail": 0,
    "builtinTags": [
        "category-work",
        "dataZoom",
        "grid",
        "legend",
        "markLine",
        "markPoint",
        "series-candlestick",
        "series-line",
        "title",
        "tooltip"
    ],
    "customTags": [],
    "updaterUserName": "爱上重命名"
}