{
    "cid": "xSkBYlfrgm",
    "authorUid": "bd-3843205677",
    "authorUserName": "可***他",
    "title": "Saturday",
    "description": "",
    "latestVersion": 3,
    "alwaysLatest": 1,
    "createTime": "2018-06-06T07:42:53.000Z",
    "lastUpdateTime": "2018-06-06T07:42:53.000Z",
    "auth": 2,
    "uid": "bd-3843205677",
    "publishedVersion": 0,
    "forkFrom": "-",
    "isSpam": 0,
    "version": 3,
    "parentVersion": 2,
    "echartsVersion": "4.1.0",
    "versionCreateTime": "2018-06-06T08:41:01.000Z",
    "html": "",
    "externalScripts": "",
    "updaterUID": "bd-3843205677",
    "theme": "",
    "layout": "",
    "viewCount": 578,
    "userName": "可***他",
    "commentCount": 0,
    "starCount": 0,
    "isStared": 0,
    "thumbnailURL": "https://www.makeapie.com/ecg-storage/ec_gallery_thumbnail/xSkBYlfrgm.png?v=1528274461268",
    "isCustomThumbnail": 0,
    "builtinTags": [
        "category-work",
        "series-scatter",
        "singleAxis",
        "title",
        "tooltip"
    ],
    "customTags": [],
    "updaterUserName": "可***他"
}