{
    "cid": "xSkqdjwDlX",
    "authorUid": "bd-2034378441",
    "authorUserName": "丶***光",
    "title": "动态数据 + 时间坐标轴",
    "description": "",
    "latestVersion": 1,
    "alwaysLatest": 1,
    "createTime": "2018-06-08T02:35:29.000Z",
    "lastUpdateTime": "2018-06-08T02:35:29.000Z",
    "auth": 2,
    "uid": "bd-2034378441",
    "publishedVersion": 0,
    "forkFrom": "-",
    "isSpam": 0,
    "version": 1,
    "parentVersion": -1,
    "echartsVersion": "4.1.0",
    "versionCreateTime": "2018-06-08T02:35:29.000Z",
    "html": "",
    "externalScripts": "https://cdn.bootcss.com/moment.js/2.22.1/moment.min.js",
    "updaterUID": "bd-2034378441",
    "theme": "",
    "layout": "",
    "viewCount": 156,
    "userName": "丶***光",
    "commentCount": 0,
    "starCount": 0,
    "isStared": 0,
    "thumbnailURL": "https://www.makeapie.com/ecg-storage/ec_gallery_thumbnail/xSkqdjwDlX.png?v=1528425329851",
    "isCustomThumbnail": 0,
    "builtinTags": [
        "category-work",
        "dataZoom",
        "grid",
        "series-line",
        "title",
        "tooltip"
    ],
    "customTags": [],
    "updaterUserName": "丶***光"
}