{
    "cid": "xSkqZYYGem",
    "authorUid": "bd-3778831175",
    "authorUserName": "m***i",
    "title": "8W+  polygons  ",
    "description": "8万+   房屋数据绘制测试",
    "latestVersion": 5,
    "alwaysLatest": 1,
    "createTime": "2018-06-04T09:40:17.000Z",
    "lastUpdateTime": "2018-06-04T09:40:17.000Z",
    "auth": 2,
    "uid": "bd-3778831175",
    "publishedVersion": 0,
    "forkFrom": "-",
    "isSpam": 0,
    "version": 5,
    "parentVersion": 4,
    "echartsVersion": "4.2.0",
    "versionCreateTime": "2019-01-09T11:05:09.000Z",
    "html": "",
    "externalScripts": "https://deyihu.github.io/src/lib/echarts-gl.1.1.3.js?tdsourcetag=s_pctim_aiomsg,https://cdn.jsdelivr.net/npm/maptalks@0.40.1/dist/maptalks.min.js",
    "updaterUID": "bd-3778831175",
    "theme": "",
    "layout": "",
    "viewCount": 1704,
    "userName": "m***i",
    "commentCount": 0,
    "starCount": 3,
    "isStared": 0,
    "thumbnailURL": "https://www.makeapie.com/ecg-storage/ec_gallery_thumbnail/xSkqZYYGem.png?v=1528105219407",
    "isCustomThumbnail": 1,
    "builtinTags": [
        "category-work",
        "maptalks3D",
        "series-polygons3D"
    ],
    "customTags": [],
    "updaterUserName": "m***i"
}