{
    "cid": "x1C5iBwP5I",
    "authorUid": "bd-1580834365",
    "authorUserName": "随***空",
    "title": "象形柱状图",
    "description": "",
    "latestVersion": 2,
    "alwaysLatest": 1,
    "createTime": "2019-09-11T07:16:06.000Z",
    "lastUpdateTime": "2019-09-11T07:16:06.000Z",
    "auth": 2,
    "uid": "bd-1580834365",
    "publishedVersion": 0,
    "forkFrom": "-",
    "isSpam": 0,
    "version": 2,
    "parentVersion": 1,
    "echartsVersion": "4.3.0",
    "versionCreateTime": "2019-09-17T03:45:09.000Z",
    "html": "",
    "externalScripts": "",
    "updaterUID": "bd-1580834365",
    "theme": "",
    "layout": "",
    "viewCount": 1100,
    "userName": "随***空",
    "commentCount": 0,
    "starCount": 5,
    "isStared": 0,
    "thumbnailURL": "https://www.makeapie.com/ecg-storage/ec_gallery_thumbnail/x1C5iBwP5I.png?v=1568691909263",
    "isCustomThumbnail": 0,
    "builtinTags": [
        "category-work",
        "grid",
        "series-pictorialBar"
    ],
    "customTags": [
        "bar",
        "pictorialBar"
    ],
    "updaterUserName": "随***空"
}