{
    "cid": "x99CTd8ahF",
    "authorUid": "bd-3793071787",
    "authorUserName": "二***弃",
    "title": "3个y轴",
    "description": "3个y轴",
    "latestVersion": 1,
    "alwaysLatest": 1,
    "createTime": "2019-09-12T03:54:13.000Z",
    "lastUpdateTime": "2019-09-12T03:54:13.000Z",
    "auth": 1,
    "uid": "bd-3793071787",
    "publishedVersion": 0,
    "forkFrom": "-",
    "isSpam": 0,
    "version": 1,
    "parentVersion": -1,
    "echartsVersion": "4.2.1",
    "versionCreateTime": "2019-09-12T03:54:13.000Z",
    "html": "",
    "externalScripts": "",
    "updaterUID": "bd-3793071787",
    "theme": "",
    "layout": "",
    "viewCount": 54,
    "userName": "二***弃",
    "commentCount": 0,
    "starCount": 0,
    "isStared": 0,
    "thumbnailURL": "https://www.makeapie.com/ecg-storage/ec_gallery_thumbnail/x99CTd8ahF.png?v=1568260453805",
    "isCustomThumbnail": 0,
    "builtinTags": [
        "category-work",
        "grid",
        "legend",
        "series-line",
        "title",
        "toolbox",
        "tooltip"
    ],
    "customTags": [],
    "updaterUserName": "二***弃"
}