{
    "cid": "xa30J7XFbp",
    "authorUid": "bd-1830065533",
    "authorUserName": "q***9",
    "title": "堆叠图标",
    "description": "",
    "latestVersion": 3,
    "alwaysLatest": 1,
    "createTime": "2019-09-12T09:36:14.000Z",
    "lastUpdateTime": "2019-09-12T09:36:14.000Z",
    "auth": 2,
    "uid": "bd-1830065533",
    "publishedVersion": 0,
    "forkFrom": "-",
    "isSpam": 0,
    "version": 3,
    "parentVersion": 2,
    "echartsVersion": "4.2.1",
    "versionCreateTime": "2019-09-12T09:37:46.000Z",
    "html": "",
    "externalScripts": "",
    "updaterUID": "bd-1830065533",
    "theme": "",
    "layout": "",
    "viewCount": 600,
    "userName": "q***9",
    "commentCount": 0,
    "starCount": 1,
    "isStared": 0,
    "thumbnailURL": "https://www.makeapie.com/ecg-storage/ec_gallery_thumbnail/xa30J7XFbp.png?v=1568281066194",
    "isCustomThumbnail": 0,
    "builtinTags": [
        "category-work",
        "grid",
        "legend",
        "series-bar",
        "series-line",
        "toolbox",
        "tooltip"
    ],
    "customTags": [],
    "updaterUserName": "q***9"
}