{
    "cid": "xAavzpxOUB",
    "authorUid": "bd-3594932657",
    "authorUserName": "E***g",
    "title": "饼图 图例 颜色",
    "description": "饼图 图例 颜色",
    "latestVersion": 1,
    "alwaysLatest": 1,
    "createTime": "2019-09-10T07:36:18.000Z",
    "lastUpdateTime": "2019-09-10T07:36:18.000Z",
    "auth": 2,
    "uid": "bd-3594932657",
    "publishedVersion": 0,
    "forkFrom": "-",
    "isSpam": 0,
    "version": 1,
    "parentVersion": -1,
    "echartsVersion": "4.2.1",
    "versionCreateTime": "2019-09-10T07:36:18.000Z",
    "html": "",
    "externalScripts": "",
    "updaterUID": "bd-3594932657",
    "theme": "",
    "layout": "",
    "viewCount": 172,
    "userName": "E***g",
    "commentCount": 0,
    "starCount": 0,
    "isStared": 0,
    "thumbnailURL": "https://www.makeapie.com/ecg-storage/ec_gallery_thumbnail/xAavzpxOUB.png?v=1568100978843",
    "isCustomThumbnail": 0,
    "builtinTags": [
        "category-work",
        "legend",
        "series-pie",
        "tooltip"
    ],
    "customTags": [],
    "updaterUserName": "E***g"
}