{
    "cid": "xaVWcpw0yl",
    "authorUid": "bd-1631520711",
    "authorUserName": "孤***回",
    "title": "漏斗图-金字塔",
    "description": "纯属虚构",
    "latestVersion": 3,
    "alwaysLatest": 1,
    "createTime": "2019-09-10T12:19:24.000Z",
    "lastUpdateTime": "2019-09-10T12:19:24.000Z",
    "auth": 2,
    "uid": "bd-1631520711",
    "publishedVersion": 0,
    "forkFrom": "-",
    "isSpam": 0,
    "version": 3,
    "parentVersion": 1,
    "echartsVersion": "4.2.1",
    "versionCreateTime": "2019-09-10T12:59:43.000Z",
    "html": "",
    "externalScripts": "",
    "updaterUID": "bd-1631520711",
    "theme": "",
    "layout": "",
    "viewCount": 1256,
    "userName": "孤***回",
    "commentCount": 0,
    "starCount": 6,
    "isStared": 0,
    "thumbnailURL": "https://www.makeapie.com/ecg-storage/ec_gallery_thumbnail/xaVWcpw0yl.png?v=1568120383352",
    "isCustomThumbnail": 0,
    "builtinTags": [
        "category-work",
        "legend",
        "series-funnel",
        "title",
        "toolbox",
        "tooltip"
    ],
    "customTags": [],
    "updaterUserName": "孤***回"
}