{
    "cid": "xESsd50dP9",
    "authorUid": "bd-1631520711",
    "authorUserName": "孤***回",
    "title": "百分比饼图",
    "description": "",
    "latestVersion": 1,
    "alwaysLatest": 1,
    "createTime": "2019-09-11T02:10:37.000Z",
    "lastUpdateTime": "2019-09-11T02:10:37.000Z",
    "auth": 2,
    "uid": "bd-1631520711",
    "publishedVersion": 0,
    "forkFrom": "-",
    "isSpam": 0,
    "version": 1,
    "parentVersion": -1,
    "echartsVersion": "4.2.1",
    "versionCreateTime": "2019-09-11T02:10:37.000Z",
    "html": "",
    "externalScripts": "",
    "updaterUID": "bd-1631520711",
    "theme": "",
    "layout": "",
    "viewCount": 2742,
    "userName": "孤***回",
    "commentCount": 0,
    "starCount": 10,
    "isStared": 0,
    "thumbnailURL": "https://www.makeapie.com/ecg-storage/ec_gallery_thumbnail/xESsd50dP9.png?v=1568167837535",
    "isCustomThumbnail": 0,
    "builtinTags": [
        "category-work",
        "series-pie",
        "title"
    ],
    "customTags": [],
    "updaterUserName": "孤***回"
}