{
    "cid": "xgNokxt0aI",
    "authorUid": "bd-708931454",
    "authorUserName": "忠***O",
    "title": "饼图",
    "description": "",
    "latestVersion": 2,
    "alwaysLatest": 1,
    "createTime": "2019-09-10T07:34:30.000Z",
    "lastUpdateTime": "2019-09-10T07:34:30.000Z",
    "auth": 2,
    "uid": "bd-708931454",
    "publishedVersion": 0,
    "forkFrom": "-",
    "isSpam": 0,
    "version": 2,
    "parentVersion": 1,
    "echartsVersion": "4.2.1",
    "versionCreateTime": "2019-09-10T07:35:08.000Z",
    "html": "",
    "externalScripts": "",
    "updaterUID": "bd-708931454",
    "theme": "",
    "layout": "",
    "viewCount": 26,
    "userName": "忠***O",
    "commentCount": 0,
    "starCount": 0,
    "isStared": 0,
    "thumbnailURL": "https://www.makeapie.com/ecg-storage/ec_gallery_thumbnail/xgNokxt0aI.png?v=1568100908601",
    "isCustomThumbnail": 0,
    "builtinTags": [
        "category-work",
        "series-pie",
        "tooltip"
    ],
    "customTags": [],
    "updaterUserName": "忠***O"
}