{
    "cid": "xIJRAakX_m",
    "authorUid": "bd-1631520711",
    "authorUserName": "孤***回",
    "title": "邪恶的百分比柱状图",
    "description": "",
    "latestVersion": 1,
    "alwaysLatest": 1,
    "createTime": "2019-09-11T02:17:08.000Z",
    "lastUpdateTime": "2019-09-11T02:17:08.000Z",
    "auth": 2,
    "uid": "bd-1631520711",
    "publishedVersion": 0,
    "forkFrom": "-",
    "isSpam": 0,
    "version": 1,
    "parentVersion": -1,
    "echartsVersion": "4.2.1",
    "versionCreateTime": "2019-09-11T02:17:08.000Z",
    "html": "",
    "externalScripts": "",
    "updaterUID": "bd-1631520711",
    "theme": "",
    "layout": "",
    "viewCount": 116,
    "userName": "孤***回",
    "commentCount": 0,
    "starCount": 3,
    "isStared": 0,
    "thumbnailURL": "https://www.makeapie.com/ecg-storage/ec_gallery_thumbnail/xIJRAakX_m.png?v=1568168229076",
    "isCustomThumbnail": 0,
    "builtinTags": [
        "category-work",
        "grid",
        "series-pictorialBar"
    ],
    "customTags": [],
    "updaterUserName": "孤***回"
}