{
    "cid": "xn7BGrE5fm",
    "authorUid": "bd-708931454",
    "authorUserName": "忠***O",
    "title": "仪表盘",
    "description": "",
    "latestVersion": 1,
    "alwaysLatest": 1,
    "createTime": "2019-09-11T09:11:44.000Z",
    "lastUpdateTime": "2019-09-11T09:11:44.000Z",
    "auth": 2,
    "uid": "bd-708931454",
    "publishedVersion": 0,
    "forkFrom": "-",
    "isSpam": 0,
    "version": 1,
    "parentVersion": -1,
    "echartsVersion": "4.2.1",
    "versionCreateTime": "2019-09-11T09:11:44.000Z",
    "html": "",
    "externalScripts": "",
    "updaterUID": "bd-708931454",
    "theme": "",
    "layout": "",
    "viewCount": 707,
    "userName": "忠***O",
    "commentCount": 0,
    "starCount": 1,
    "isStared": 0,
    "thumbnailURL": "https://www.makeapie.com/ecg-storage/ec_gallery_thumbnail/xn7BGrE5fm.png?v=1568193104557",
    "isCustomThumbnail": 0,
    "builtinTags": [
        "category-work",
        "markPoint",
        "series-gauge",
        "tooltip"
    ],
    "customTags": [],
    "updaterUserName": "忠***O"
}