{
    "cid": "xOE3gLjkOg",
    "authorUid": "bd-3658046543",
    "authorUserName": "秦***1",
    "title": "环形渐变色效果",
    "description": "",
    "latestVersion": 3,
    "alwaysLatest": 1,
    "createTime": "2019-09-10T10:14:40.000Z",
    "lastUpdateTime": "2019-09-10T10:14:40.000Z",
    "auth": 2,
    "uid": "bd-3658046543",
    "publishedVersion": 0,
    "forkFrom": "-",
    "isSpam": 0,
    "version": 3,
    "parentVersion": 2,
    "echartsVersion": "4.2.1",
    "versionCreateTime": "2019-09-11T12:30:44.000Z",
    "html": "",
    "externalScripts": "",
    "updaterUID": "bd-3658046543",
    "theme": "",
    "layout": "",
    "viewCount": 116,
    "userName": "秦***1",
    "commentCount": 0,
    "starCount": 0,
    "isStared": 0,
    "thumbnailURL": "https://www.makeapie.com/ecg-storage/ec_gallery_thumbnail/xOE3gLjkOg.png?v=1568205044557",
    "isCustomThumbnail": 0,
    "builtinTags": [
        "category-work",
        "legend",
        "series-pie",
        "title"
    ],
    "customTags": [],
    "updaterUserName": "秦***1"
}