{
    "cid": "xTPhTDNom4",
    "authorUid": "bd-1487608026",
    "authorUserName": "L***星",
    "title": "双饼图",
    "description": "",
    "latestVersion": 1,
    "alwaysLatest": 1,
    "createTime": "2019-09-12T08:03:13.000Z",
    "lastUpdateTime": "2019-09-12T08:03:13.000Z",
    "auth": 2,
    "uid": "bd-1487608026",
    "publishedVersion": 0,
    "forkFrom": "-",
    "isSpam": 0,
    "version": 1,
    "parentVersion": -1,
    "echartsVersion": "4.2.1",
    "versionCreateTime": "2019-09-12T08:03:13.000Z",
    "html": "",
    "externalScripts": "",
    "updaterUID": "bd-1487608026",
    "theme": "",
    "layout": "",
    "viewCount": 56,
    "userName": "L***星",
    "commentCount": 0,
    "starCount": 1,
    "isStared": 0,
    "thumbnailURL": "https://www.makeapie.com/ecg-storage/ec_gallery_thumbnail/xTPhTDNom4.png?v=1568275393248",
    "isCustomThumbnail": 0,
    "builtinTags": [
        "category-work",
        "legend",
        "series-pie",
        "toolbox",
        "tooltip"
    ],
    "customTags": [],
    "updaterUserName": "L***星"
}