{
    "cid": "x-vHmcmv66",
    "authorUid": "bd-3844618338",
    "authorUserName": "来我来不来",
    "title": "全市有效事件",
    "description": "2019年4月23日",
    "latestVersion": 1,
    "alwaysLatest": 1,
    "createTime": "2019-04-23T06:01:03.000Z",
    "lastUpdateTime": "2019-04-23T06:01:03.000Z",
    "auth": 2,
    "uid": "bd-3844618338",
    "publishedVersion": 0,
    "forkFrom": "-",
    "isSpam": 0,
    "version": 1,
    "parentVersion": -1,
    "echartsVersion": "4.2.1",
    "versionCreateTime": "2019-04-23T06:01:03.000Z",
    "html": "",
    "externalScripts": "",
    "updaterUID": "bd-3844618338",
    "theme": "",
    "layout": "",
    "viewCount": 214,
    "userName": "来我来不来",
    "commentCount": 0,
    "starCount": 0,
    "isStared": 0,
    "thumbnailURL": "https://www.makeapie.com/ecg-storage/ec_gallery_thumbnail/x-vHmcmv66.png?v=1555999263446",
    "isCustomThumbnail": 0,
    "builtinTags": [
        "category-work",
        "grid",
        "legend",
        "series-bar",
        "title",
        "tooltip"
    ],
    "customTags": [],
    "updaterUserName": "来我来不来"
}