{
    "cid": "xA7Seq0a2K",
    "authorUid": "bd-1934266707",
    "authorUserName": "爆裂晶晶",
    "title": "全国色阶地图条形图",
    "description": "",
    "latestVersion": 1,
    "alwaysLatest": 1,
    "createTime": "2019-04-24T09:46:25.000Z",
    "lastUpdateTime": "2019-04-24T09:46:25.000Z",
    "auth": 2,
    "uid": "bd-1934266707",
    "publishedVersion": 0,
    "forkFrom": "-",
    "isSpam": 0,
    "version": 1,
    "parentVersion": -1,
    "echartsVersion": "4.2.1",
    "versionCreateTime": "2019-04-24T09:46:25.000Z",
    "html": "",
    "externalScripts": "",
    "updaterUID": "bd-1934266707",
    "theme": "",
    "layout": "",
    "viewCount": 760,
    "userName": "爆裂晶晶",
    "commentCount": 0,
    "starCount": 0,
    "isStared": 0,
    "thumbnailURL": "https://www.makeapie.com/ecg-storage/ec_gallery_thumbnail/xA7Seq0a2K.png?v=1556099185291",
    "isCustomThumbnail": 0,
    "builtinTags": [
        "category-work",
        "geo",
        "grid",
        "series-bar",
        "series-map",
        "title",
        "tooltip",
        "visualMap"
    ],
    "customTags": [],
    "updaterUserName": "爆裂晶晶"
}