{
    "cid": "xG1jSAAl0z",
    "authorUid": "bd-3225283816",
    "authorUserName": "啸***y",
    "title": "柱状图与折线图",
    "description": "",
    "latestVersion": 1,
    "alwaysLatest": 1,
    "createTime": "2019-04-24T08:16:31.000Z",
    "lastUpdateTime": "2019-04-24T08:16:31.000Z",
    "auth": 2,
    "uid": "bd-3225283816",
    "publishedVersion": 0,
    "forkFrom": "-",
    "isSpam": 0,
    "version": 1,
    "parentVersion": -1,
    "echartsVersion": "4.2.1",
    "versionCreateTime": "2019-04-24T08:16:31.000Z",
    "html": "",
    "externalScripts": "",
    "updaterUID": "bd-3225283816",
    "theme": "",
    "layout": "",
    "viewCount": 910,
    "userName": "啸***y",
    "commentCount": 0,
    "starCount": 11,
    "isStared": 0,
    "thumbnailURL": "https://www.makeapie.com/ecg-storage/ec_gallery_thumbnail/xG1jSAAl0z.png?v=1556093792010",
    "isCustomThumbnail": 0,
    "builtinTags": [
        "category-work",
        "grid",
        "legend",
        "series-bar",
        "series-line",
        "title",
        "tooltip"
    ],
    "customTags": [],
    "updaterUserName": "啸***y"
}