{
    "cid": "xHounZ_JFe",
    "authorUid": "bd-4028402768",
    "authorUserName": "y***3",
    "title": "横向条形图",
    "description": "横向条形图，两边带指示标",
    "latestVersion": 1,
    "alwaysLatest": 1,
    "createTime": "2019-04-24T09:29:39.000Z",
    "lastUpdateTime": "2019-04-24T09:29:39.000Z",
    "auth": 2,
    "uid": "bd-4028402768",
    "publishedVersion": 0,
    "forkFrom": "-",
    "isSpam": 0,
    "version": 1,
    "parentVersion": -1,
    "echartsVersion": "4.2.1",
    "versionCreateTime": "2019-04-24T09:29:39.000Z",
    "html": "",
    "externalScripts": "",
    "updaterUID": "bd-4028402768",
    "theme": "",
    "layout": "",
    "viewCount": 42,
    "userName": "y***3",
    "commentCount": 0,
    "starCount": 0,
    "isStared": 0,
    "thumbnailURL": "https://www.makeapie.com/ecg-storage/ec_gallery_thumbnail/xHounZ_JFe.png?v=1556098179966",
    "isCustomThumbnail": 0,
    "builtinTags": [
        "category-work",
        "grid",
        "markPoint",
        "series-bar",
        "title",
        "tooltip"
    ],
    "customTags": [],
    "updaterUserName": "y***3"
}