{
    "cid": "xId8UAWN7V",
    "authorUid": "bd-2105958829",
    "authorUserName": "安***子",
    "title": "中国地图",
    "description": "中国地图显示各个省份，指定模块更改颜色",
    "latestVersion": 3,
    "alwaysLatest": 1,
    "createTime": "2019-04-23T07:29:31.000Z",
    "lastUpdateTime": "2019-04-23T07:29:31.000Z",
    "auth": 2,
    "uid": "bd-2105958829",
    "publishedVersion": 0,
    "forkFrom": "-",
    "isSpam": 0,
    "version": 3,
    "parentVersion": 2,
    "echartsVersion": "4.4.0",
    "versionCreateTime": "2019-12-09T10:17:48.000Z",
    "html": "",
    "externalScripts": "/dep/echarts/map/js/china.js",
    "updaterUID": "bd-2105958829",
    "theme": "",
    "layout": "",
    "viewCount": 1262,
    "userName": "安***子",
    "commentCount": 0,
    "starCount": 1,
    "isStared": 0,
    "thumbnailURL": "https://www.makeapie.com/ecg-storage/ec_gallery_thumbnail/xId8UAWN7V.png?v=1575886668228",
    "isCustomThumbnail": 0,
    "builtinTags": [
        "category-work",
        "geo",
        "series-effectScatter",
        "series-lines",
        "series-map",
        "toolbox",
        "visualMap"
    ],
    "customTags": [],
    "updaterUserName": "安***子"
}