{
    "cid": "xihfQGNrwE",
    "authorUid": "bd-1934266707",
    "authorUserName": "爆裂晶晶",
    "title": "全国地图",
    "description": "",
    "latestVersion": 1,
    "alwaysLatest": 1,
    "createTime": "2019-04-24T08:59:12.000Z",
    "lastUpdateTime": "2019-04-24T08:59:12.000Z",
    "auth": 2,
    "uid": "bd-1934266707",
    "publishedVersion": 0,
    "forkFrom": "-",
    "isSpam": 0,
    "version": 1,
    "parentVersion": -1,
    "echartsVersion": "4.2.1",
    "versionCreateTime": "2019-04-24T08:59:12.000Z",
    "html": "",
    "externalScripts": "",
    "updaterUID": "bd-1934266707",
    "theme": "",
    "layout": "",
    "viewCount": 253,
    "userName": "爆裂晶晶",
    "commentCount": 0,
    "starCount": 1,
    "isStared": 0,
    "thumbnailURL": "https://www.makeapie.com/ecg-storage/ec_gallery_thumbnail/xihfQGNrwE.png?v=1556096352671",
    "isCustomThumbnail": 0,
    "builtinTags": [
        "category-work",
        "geo",
        "graphic",
        "series-effectScatter",
        "tooltip"
    ],
    "customTags": [],
    "updaterUserName": "爆裂晶晶"
}