{
    "cid": "xt3H02lsfk",
    "authorUid": "bd-45102880",
    "authorUserName": "我爱话梅的故事",
    "title": "南京工业大学学部学院关系图",
    "description": "",
    "latestVersion": 1,
    "alwaysLatest": 1,
    "createTime": "2019-04-24T14:13:26.000Z",
    "lastUpdateTime": "2019-04-24T14:13:26.000Z",
    "auth": 2,
    "uid": "bd-45102880",
    "publishedVersion": 0,
    "forkFrom": "-",
    "isSpam": 0,
    "version": 1,
    "parentVersion": -1,
    "echartsVersion": "4.2.1",
    "versionCreateTime": "2019-04-24T14:13:26.000Z",
    "html": "",
    "externalScripts": "",
    "updaterUID": "bd-45102880",
    "theme": "",
    "layout": "",
    "viewCount": 1329,
    "userName": "我爱话梅的故事",
    "commentCount": 0,
    "starCount": 2,
    "isStared": 0,
    "thumbnailURL": "https://www.makeapie.com/ecg-storage/ec_gallery_thumbnail/xt3H02lsfk.png?v=1556115206457",
    "isCustomThumbnail": 0,
    "builtinTags": [
        "category-work",
        "legend",
        "series-graph",
        "title",
        "tooltip"
    ],
    "customTags": [],
    "updaterUserName": "我爱话梅的故事"
}