{
    "cid": "xvGYz6cCjn",
    "authorUid": "bd-1057558165",
    "authorUserName": "7856193333",
    "title": "跑道图",
    "description": "",
    "latestVersion": 1,
    "alwaysLatest": 1,
    "createTime": "2019-04-24T08:15:08.000Z",
    "lastUpdateTime": "2019-04-24T08:15:08.000Z",
    "auth": 2,
    "uid": "bd-1057558165",
    "publishedVersion": 0,
    "forkFrom": "-",
    "isSpam": 0,
    "version": 1,
    "parentVersion": -1,
    "echartsVersion": "4.2.1",
    "versionCreateTime": "2019-04-24T08:15:08.000Z",
    "html": "",
    "externalScripts": "",
    "updaterUID": "bd-1057558165",
    "theme": "",
    "layout": "",
    "viewCount": 68,
    "userName": "7856193333",
    "commentCount": 0,
    "starCount": 1,
    "isStared": 0,
    "thumbnailURL": "https://www.makeapie.com/ecg-storage/ec_gallery_thumbnail/xvGYz6cCjn.png?v=1556093708778",
    "isCustomThumbnail": 0,
    "builtinTags": [
        "category-work",
        "legend",
        "series-pie",
        "title",
        "tooltip"
    ],
    "customTags": [],
    "updaterUserName": "7856193333"
}