{
    "cid": "xVrfrYk1OA",
    "authorUid": "bd-1681259629",
    "authorUserName": "残***1",
    "title": "滑线",
    "description": "",
    "latestVersion": 2,
    "alwaysLatest": 1,
    "createTime": "2019-04-23T06:59:10.000Z",
    "lastUpdateTime": "2019-04-23T06:59:10.000Z",
    "auth": 2,
    "uid": "bd-1681259629",
    "publishedVersion": 0,
    "forkFrom": "-",
    "isSpam": 0,
    "version": 2,
    "parentVersion": 1,
    "echartsVersion": "4.2.1",
    "versionCreateTime": "2019-04-23T07:00:21.000Z",
    "html": "",
    "externalScripts": "",
    "updaterUID": "bd-1681259629",
    "theme": "",
    "layout": "",
    "viewCount": 16,
    "userName": "残***1",
    "commentCount": 0,
    "starCount": 0,
    "isStared": 0,
    "thumbnailURL": "https://www.makeapie.com/ecg-storage/ec_gallery_thumbnail/xVrfrYk1OA.png?v=1556002821456",
    "isCustomThumbnail": 0,
    "builtinTags": [
        "category-work",
        "grid",
        "legend",
        "series-line",
        "tooltip"
    ],
    "customTags": [],
    "updaterUserName": "残***1"
}