{
    "cid": "xXZuLmjYWz",
    "authorUid": "bd-1027481994",
    "authorUserName": "銭***",
    "title": "矿石填充",
    "description": "",
    "latestVersion": 3,
    "alwaysLatest": 1,
    "createTime": "2019-04-23T09:01:40.000Z",
    "lastUpdateTime": "2019-04-23T09:01:40.000Z",
    "auth": 2,
    "uid": "bd-1027481994",
    "publishedVersion": 0,
    "forkFrom": "-",
    "isSpam": 0,
    "version": 3,
    "parentVersion": 2,
    "echartsVersion": "4.2.1",
    "versionCreateTime": "2019-04-30T16:16:12.000Z",
    "html": "",
    "externalScripts": "",
    "updaterUID": "bd-1027481994",
    "theme": "",
    "layout": "",
    "viewCount": 111,
    "userName": "銭***",
    "commentCount": 0,
    "starCount": 5,
    "isStared": 0,
    "thumbnailURL": "https://www.makeapie.com/ecg-storage/ec_gallery_thumbnail/xXZuLmjYWz.png?v=1556640972880",
    "isCustomThumbnail": 0,
    "builtinTags": [
        "category-work",
        "legend",
        "series-pie",
        "title",
        "tooltip"
    ],
    "customTags": [],
    "updaterUserName": "銭***"
}