{
    "cid": "xZ2GZdt2M0",
    "authorUid": "bd-1881521124",
    "authorUserName": "cz630219994",
    "title": "ww",
    "description": "",
    "latestVersion": 2,
    "alwaysLatest": 1,
    "createTime": "2019-04-24T06:34:44.000Z",
    "lastUpdateTime": "2019-04-24T06:34:44.000Z",
    "auth": 1,
    "uid": "bd-1881521124",
    "publishedVersion": 0,
    "forkFrom": "-",
    "isSpam": 0,
    "version": 2,
    "parentVersion": 1,
    "echartsVersion": "4.2.1",
    "versionCreateTime": "2019-04-24T06:35:48.000Z",
    "html": "",
    "externalScripts": "",
    "updaterUID": "bd-1881521124",
    "theme": "",
    "layout": "",
    "viewCount": 36,
    "userName": "cz630219994",
    "commentCount": 0,
    "starCount": 0,
    "isStared": 0,
    "thumbnailURL": "https://www.makeapie.com/ecg-storage/ec_gallery_thumbnail/xZ2GZdt2M0.png?v=1556087748611",
    "isCustomThumbnail": 0,
    "builtinTags": [
        "category-work",
        "grid",
        "legend",
        "series-line",
        "tooltip"
    ],
    "customTags": [],
    "updaterUserName": "cz630219994"
}