{
    "cid": "xZgIuU1er-",
    "authorUid": "bd-1681259629",
    "authorUserName": "残***1",
    "title": "柱状-近15月",
    "description": "",
    "latestVersion": 2,
    "alwaysLatest": 1,
    "createTime": "2019-04-23T06:40:21.000Z",
    "lastUpdateTime": "2019-04-23T06:40:21.000Z",
    "auth": 2,
    "uid": "bd-1681259629",
    "publishedVersion": 0,
    "forkFrom": "-",
    "isSpam": 0,
    "version": 2,
    "parentVersion": 1,
    "echartsVersion": "4.2.1",
    "versionCreateTime": "2019-04-23T06:45:42.000Z",
    "html": "",
    "externalScripts": "",
    "updaterUID": "bd-1681259629",
    "theme": "",
    "layout": "",
    "viewCount": 18,
    "userName": "残***1",
    "commentCount": 0,
    "starCount": 0,
    "isStared": 0,
    "thumbnailURL": "https://www.makeapie.com/ecg-storage/ec_gallery_thumbnail/xZgIuU1er-.png?v=1556001942301",
    "isCustomThumbnail": 0,
    "builtinTags": [
        "category-work",
        "grid",
        "series-bar",
        "tooltip"
    ],
    "customTags": [],
    "updaterUserName": "残***1"
}