{
    "cid": "xzGiN1YZAQ",
    "authorUid": "bd-2752702185",
    "authorUserName": "zhi2470",
    "title": "",
    "description": "",
    "latestVersion": 2,
    "alwaysLatest": 1,
    "createTime": "2019-04-24T09:52:10.000Z",
    "lastUpdateTime": "2019-04-24T09:52:10.000Z",
    "auth": 2,
    "uid": "bd-2752702185",
    "publishedVersion": 0,
    "forkFrom": "-",
    "isSpam": 0,
    "version": 2,
    "parentVersion": 1,
    "echartsVersion": "4.2.1",
    "versionCreateTime": "2019-04-24T09:52:22.000Z",
    "html": "",
    "externalScripts": "",
    "updaterUID": "bd-2752702185",
    "theme": "",
    "layout": "",
    "viewCount": 22,
    "userName": "zhi2470",
    "commentCount": 0,
    "starCount": 0,
    "isStared": 0,
    "thumbnailURL": "https://www.makeapie.com/ecg-storage/ec_gallery_thumbnail/xzGiN1YZAQ.png?v=1556099542910",
    "isCustomThumbnail": 0,
    "builtinTags": [
        "category-work",
        "grid",
        "legend",
        "series-bar",
        "title"
    ],
    "customTags": [],
    "updaterUserName": "zhi2470"
}