{
    "cid": "x1-kIyaV6u",
    "authorUid": "bd-71012466",
    "authorUserName": "前***n",
    "title": "3D环形图",
    "description": "根据他人作品改造而成 cr.Z***8",
    "latestVersion": 1,
    "alwaysLatest": 1,
    "createTime": "2020-11-13T02:18:52.000Z",
    "lastUpdateTime": "2020-11-13T02:18:52.000Z",
    "auth": 2,
    "uid": "bd-71012466",
    "publishedVersion": 0,
    "forkFrom": "-",
    "isSpam": 0,
    "version": 1,
    "parentVersion": -1,
    "echartsVersion": "4.8.0",
    "versionCreateTime": "2020-11-13T02:18:52.000Z",
    "html": "",
    "externalScripts": "https://echarts.baidu.com/resource/echarts-gl-latest/dist/echarts-gl.min.js",
    "updaterUID": "bd-71012466",
    "theme": "",
    "layout": "",
    "viewCount": 7029,
    "userName": "前***n",
    "commentCount": 3,
    "starCount": 121,
    "isStared": 0,
    "thumbnailURL": "https://www.makeapie.com/ecg-storage/ec_gallery_thumbnail/x1-kIyaV6u.png?v=1605233933010",
    "isCustomThumbnail": 1,
    "builtinTags": [
        "category-work",
        "grid3D",
        "legend",
        "series-surface",
        "tooltip"
    ],
    "customTags": [],
    "updaterUserName": "前***n"
}