{
    "cid": "x1X3VynDa-",
    "authorUid": "obd-oCXhu5Ci-jvoIw7NPqT4YgxkmbLM53L",
    "authorUserName": "S***l",
    "title": "今年每年买衣服的件数",
    "description": "3D叠加柱状图和抛物线图相结合",
    "latestVersion": 1,
    "alwaysLatest": 0,
    "createTime": "2021-04-28T02:34:42.000Z",
    "lastUpdateTime": "2021-04-28T02:34:42.000Z",
    "auth": 2,
    "uid": "obd-oCXhu5Ci-jvoIw7NPqT4YgxkmbLM53L",
    "publishedVersion": 0,
    "forkFrom": "-",
    "isSpam": 0,
    "version": 1,
    "parentVersion": -1,
    "echartsVersion": "5.1.1",
    "versionCreateTime": "2021-04-28T02:34:42.000Z",
    "html": "",
    "externalScripts": "",
    "updaterUID": "obd-oCXhu5Ci-jvoIw7NPqT4YgxkmbLM53L",
    "theme": "",
    "layout": "",
    "viewCount": 0,
    "userName": "S***l",
    "commentCount": 1,
    "starCount": 77,
    "isStared": 0,
    "thumbnailURL": "https://www.makeapie.com/ecg-storage/ec_gallery_thumbnail/x1X3VynDa-.png?v=1619577282966",
    "isCustomThumbnail": 0,
    "builtinTags": [
        "category-work",
        "grid",
        "legend",
        "series-bar",
        "series-line",
        "series-pictorialBar",
        "tooltip"
    ],
    "customTags": [],
    "updaterUserName": "S***l"
}