{
    "cid": "x6krJ6XPg9",
    "authorUid": "obd-oFbxvYoSWxSLUyDt5qcvCYwk1vh505o",
    "authorUserName": "情***6",
    "title": "多层圆环+动态label三角朝向",
    "description": "",
    "latestVersion": 6,
    "alwaysLatest": 0,
    "createTime": "2021-04-26T05:39:35.000Z",
    "lastUpdateTime": "2021-09-13T09:53:18.000Z",
    "auth": 2,
    "uid": "obd-oFbxvYoSWxSLUyDt5qcvCYwk1vh505o",
    "publishedVersion": 0,
    "forkFrom": "-",
    "isSpam": 0,
    "version": 6,
    "parentVersion": 5,
    "echartsVersion": "4.9.0",
    "versionCreateTime": "2021-09-13T09:53:18.000Z",
    "html": "",
    "externalScripts": "",
    "updaterUID": "obd-oFbxvYoSWxSLUyDt5qcvCYwk1vh505o",
    "theme": "",
    "layout": "",
    "viewCount": 0,
    "userName": "情***6",
    "commentCount": 1,
    "starCount": 68,
    "isStared": 0,
    "thumbnailURL": "https://www.makeapie.com/ecg-storage/ec_gallery_thumbnail/x6krJ6XPg9.png?v=1631526798399",
    "isCustomThumbnail": 0,
    "builtinTags": [
        "category-work",
        "series-pie",
        "tooltip"
    ],
    "customTags": [],
    "updaterUserName": "情***6"
}