{
    "cid": "x7ts0gJ21y",
    "authorUid": "bd-4286708132",
    "authorUserName": "L***h",
    "title": "年审核问题分布情况",
    "description": "项目需要---记录",
    "latestVersion": 1,
    "alwaysLatest": 0,
    "createTime": "2021-05-17T08:45:38.000Z",
    "lastUpdateTime": "2021-05-17T08:45:38.000Z",
    "auth": 2,
    "uid": "bd-4286708132",
    "publishedVersion": 0,
    "forkFrom": "-",
    "isSpam": 0,
    "version": 1,
    "parentVersion": -1,
    "echartsVersion": "4.8.0",
    "versionCreateTime": "2021-05-17T08:45:38.000Z",
    "html": "",
    "externalScripts": "https://echarts.baidu.com/resource/echarts-gl-latest/dist/echarts-gl.min.js",
    "updaterUID": "bd-4286708132",
    "theme": "",
    "layout": "",
    "viewCount": 0,
    "userName": "L***h",
    "commentCount": 1,
    "starCount": 73,
    "isStared": 0,
    "thumbnailURL": "https://www.makeapie.com/ecg-storage/ec_gallery_thumbnail/x7ts0gJ21y.png?v=1621241138967",
    "isCustomThumbnail": 0,
    "builtinTags": [
        "category-work",
        "grid3D",
        "series-surface",
        "title",
        "tooltip"
    ],
    "customTags": [],
    "updaterUserName": "L***h"
}