{
    "cid": "x9dsJQiYl",
    "authorUid": "bd-3456915023",
    "authorUserName": "咏***恒",
    "title": "跨境电商百度指数",
    "description": "",
    "latestVersion": 1,
    "alwaysLatest": 1,
    "createTime": "2020-02-29T07:42:16.000Z",
    "lastUpdateTime": "2020-02-29T07:42:16.000Z",
    "auth": 2,
    "uid": "bd-3456915023",
    "publishedVersion": 0,
    "forkFrom": "-",
    "isSpam": 0,
    "version": 1,
    "parentVersion": -1,
    "echartsVersion": "4.4.0",
    "versionCreateTime": "2020-02-29T07:42:16.000Z",
    "html": "",
    "externalScripts": "",
    "updaterUID": "bd-3456915023",
    "theme": "",
    "layout": "",
    "viewCount": 74065,
    "userName": "咏***恒",
    "commentCount": 16,
    "starCount": 167,
    "isStared": 0,
    "thumbnailURL": "https://www.makeapie.com/ecg-storage/ec_gallery_thumbnail/x9dsJQiYl.png?v=1582962136266",
    "isCustomThumbnail": 0,
    "builtinTags": [
        "category-work",
        "geo",
        "grid",
        "series-bar",
        "series-effectScatter",
        "series-map",
        "timeline",
        "title",
        "tooltip"
    ],
    "customTags": [],
    "updaterUserName": "咏***恒"
}