{
    "cid": "xIKt_VPkNs",
    "authorUid": "bd-1841183165",
    "authorUserName": "o***趣",
    "title": "GOAL",
    "description": "",
    "latestVersion": 12,
    "alwaysLatest": 1,
    "createTime": "2020-08-12T02:39:42.000Z",
    "lastUpdateTime": "2020-08-12T02:39:42.000Z",
    "auth": 2,
    "uid": "bd-1841183165",
    "publishedVersion": 0,
    "forkFrom": "-",
    "isSpam": 0,
    "version": 12,
    "parentVersion": 11,
    "echartsVersion": "4.8.0",
    "versionCreateTime": "2020-08-12T08:34:38.000Z",
    "html": "",
    "externalScripts": "",
    "updaterUID": "bd-1841183165",
    "theme": "",
    "layout": "",
    "viewCount": 17718,
    "userName": "o***趣",
    "commentCount": 1,
    "starCount": 130,
    "isStared": 0,
    "thumbnailURL": "https://www.makeapie.com/ecg-storage/ec_gallery_thumbnail/xIKt_VPkNs.png?v=1597221278640",
    "isCustomThumbnail": 0,
    "builtinTags": [
        "category-work",
        "series-gauge",
        "series-pie",
        "title"
    ],
    "customTags": [],
    "updaterUserName": "o***趣"
}