{
    "cid": "xl9BKLKVRb",
    "authorUid": "obd-oPsAFin8dCmZouwfOojtBUH5-SsNy96",
    "authorUserName": "日***远",
    "title": "纵向事件线",
    "description": "",
    "latestVersion": 4,
    "alwaysLatest": 0,
    "createTime": "2021-06-10T07:47:56.000Z",
    "lastUpdateTime": "2021-07-19T08:44:10.000Z",
    "auth": 2,
    "uid": "obd-oPsAFin8dCmZouwfOojtBUH5-SsNy96",
    "publishedVersion": 0,
    "forkFrom": "-",
    "isSpam": 0,
    "version": 4,
    "parentVersion": 3,
    "echartsVersion": "5.1.2",
    "versionCreateTime": "2021-07-19T08:44:11.000Z",
    "html": "",
    "externalScripts": "",
    "updaterUID": "obd-oPsAFin8dCmZouwfOojtBUH5-SsNy96",
    "theme": "",
    "layout": "",
    "viewCount": 0,
    "userName": "日***远",
    "commentCount": 0,
    "starCount": 65,
    "isStared": 0,
    "thumbnailURL": "https://www.makeapie.com/ecg-storage/ec_gallery_thumbnail/xl9BKLKVRb.png?v=1626684251228",
    "isCustomThumbnail": 0,
    "builtinTags": [
        "category-work",
        "grid",
        "legend",
        "series-line"
    ],
    "customTags": [],
    "updaterUserName": "日***远"
}