{
    "cid": "xmCAi_XNuJ",
    "authorUid": "bd-2297895968",
    "authorUserName": "H***g",
    "title": "自定义tooltip，实时获取最新geojson数据",
    "description": "提供最新geojson数据下载，自定义tooltip，实时获取最新geojson数据",
    "latestVersion": 5,
    "alwaysLatest": 1,
    "createTime": "2019-04-26T08:42:37.000Z",
    "lastUpdateTime": "2019-04-26T08:42:37.000Z",
    "auth": 2,
    "uid": "bd-2297895968",
    "publishedVersion": 0,
    "forkFrom": "-",
    "isSpam": 0,
    "version": 5,
    "parentVersion": 4,
    "echartsVersion": "4.4.0",
    "versionCreateTime": "2020-03-21T16:04:02.000Z",
    "html": "",
    "externalScripts": "https://webapi.amap.com/maps?v=1.4.11&key=48ac105f5110918254ede3b136b4159d,https://webapi.amap.com/maps?v=1.4.11&key=48ac105f5110918254ede3b136b4159d&plugin=AMap.DistrictSearch,https://webapi.amap.com/ui/1.0/main.js?v=1.0.11",
    "updaterUID": "bd-2297895968",
    "theme": "",
    "layout": "",
    "viewCount": 49819,
    "userName": "H***g",
    "commentCount": 47,
    "starCount": 216,
    "isStared": 0,
    "thumbnailURL": "https://www.makeapie.com/ecg-storage/ec_gallery_thumbnail/xmCAi_XNuJ.png?v=1556268158432",
    "isCustomThumbnail": 1,
    "builtinTags": [
        "category-work",
        "series-map",
        "visualMap"
    ],
    "customTags": [],
    "updaterUserName": "H***g"
}