{
    "cid": "xoqvPj8xI9",
    "authorUid": "obd-oClnUgYZq3rXuY0lCmEO2F7juKRmh36",
    "authorUserName": "我***e",
    "title": "横向柱状图",
    "description": "",
    "latestVersion": 1,
    "alwaysLatest": 0,
    "createTime": "2021-06-07T01:25:53.000Z",
    "lastUpdateTime": "2021-06-07T01:25:53.000Z",
    "auth": 2,
    "uid": "obd-oClnUgYZq3rXuY0lCmEO2F7juKRmh36",
    "publishedVersion": 0,
    "forkFrom": "-",
    "isSpam": 0,
    "version": 1,
    "parentVersion": -1,
    "echartsVersion": "5.1.1",
    "versionCreateTime": "2021-06-07T01:25:53.000Z",
    "html": "",
    "externalScripts": "",
    "updaterUID": "obd-oClnUgYZq3rXuY0lCmEO2F7juKRmh36",
    "theme": "",
    "layout": "",
    "viewCount": 0,
    "userName": "我***e",
    "commentCount": 1,
    "starCount": 66,
    "isStared": 0,
    "thumbnailURL": "https://www.makeapie.com/ecg-storage/ec_gallery_thumbnail/xoqvPj8xI9.png?v=1623029153805",
    "isCustomThumbnail": 0,
    "builtinTags": [
        "category-work",
        "grid",
        "series-bar",
        "series-custom",
        "title"
    ],
    "customTags": [],
    "updaterUserName": "我***e"
}