{
    "cid": "xp2-DidkB5",
    "authorUid": "obd-o-bS6Fbt-aRb1y5Txw1VXsg167OqYAU",
    "authorUserName": "H***9",
    "title": "中国地图",
    "description": "保姆式教学 https://blog.csdn.net/qq_47410017",
    "latestVersion": 2,
    "alwaysLatest": 0,
    "createTime": "2021-05-25T13:34:36.000Z",
    "lastUpdateTime": "2021-05-25T13:34:36.000Z",
    "auth": 2,
    "uid": "obd-o-bS6Fbt-aRb1y5Txw1VXsg167OqYAU",
    "publishedVersion": 0,
    "forkFrom": "-",
    "isSpam": 0,
    "version": 2,
    "parentVersion": 1,
    "echartsVersion": "5.1.1",
    "versionCreateTime": "2021-05-25T13:46:24.000Z",
    "html": "",
    "externalScripts": "",
    "updaterUID": "obd-o-bS6Fbt-aRb1y5Txw1VXsg167OqYAU",
    "theme": "",
    "layout": "",
    "viewCount": 0,
    "userName": "H***9",
    "commentCount": 2,
    "starCount": 75,
    "isStared": 0,
    "thumbnailURL": "https://www.makeapie.com/ecg-storage/ec_gallery_thumbnail/xp2-DidkB5.png?v=1621950385088",
    "isCustomThumbnail": 0,
    "builtinTags": [
        "category-work",
        "geo",
        "series-map",
        "series-scatter"
    ],
    "customTags": [
        "geomap"
    ],
    "updaterUserName": "H***9"
}