{
    "cid": "xrjq3c0xeX",
    "authorUid": "bd-925573494",
    "authorUserName": "群***乐",
    "title": "柱状体",
    "description": "柱状体",
    "latestVersion": 2,
    "alwaysLatest": 1,
    "createTime": "2021-02-24T04:06:57.000Z",
    "lastUpdateTime": "2021-03-02T08:08:56.000Z",
    "auth": 2,
    "uid": "bd-925573494",
    "publishedVersion": 0,
    "forkFrom": "-",
    "isSpam": 0,
    "version": 2,
    "parentVersion": 1,
    "echartsVersion": "4.8.0",
    "versionCreateTime": "2021-02-27T08:51:15.000Z",
    "html": "",
    "externalScripts": "",
    "updaterUID": "obd-o2VdGe5NpwwQ1Jwos0ALsTGV0iH-ABt",
    "theme": "default",
    "layout": "",
    "viewCount": 242,
    "userName": "群***乐",
    "commentCount": 1,
    "starCount": 63,
    "isStared": 0,
    "thumbnailURL": "https://www.makeapie.com/ecg-storage/ec_gallery_thumbnail/xrjq3c0xeX.png?v=1614415875579",
    "isCustomThumbnail": 0,
    "builtinTags": [
        "category-work",
        "grid",
        "series-bar",
        "series-pictorialBar",
        "tooltip"
    ],
    "customTags": [],
    "updaterUserName": "颖***哥"
}