{
    "cid": "xtb1sE6zH",
    "authorUid": "bd-123396791",
    "authorUserName": "伊***铖",
    "title": "水平柱图 科技风",
    "description": "",
    "latestVersion": 1,
    "alwaysLatest": 1,
    "createTime": "2020-01-20T07:03:22.000Z",
    "lastUpdateTime": "2020-01-20T07:03:22.000Z",
    "auth": 2,
    "uid": "bd-123396791",
    "publishedVersion": 0,
    "forkFrom": "-",
    "isSpam": 0,
    "version": 1,
    "parentVersion": -1,
    "echartsVersion": "4.4.0",
    "versionCreateTime": "2020-01-20T07:03:22.000Z",
    "html": "",
    "externalScripts": "",
    "updaterUID": "bd-123396791",
    "theme": "",
    "layout": "",
    "viewCount": 27339,
    "userName": "伊***铖",
    "commentCount": 3,
    "starCount": 138,
    "isStared": 0,
    "thumbnailURL": "https://www.makeapie.com/ecg-storage/ec_gallery_thumbnail/xtb1sE6zH.png?v=1579503802201",
    "isCustomThumbnail": 1,
    "builtinTags": [
        "category-work",
        "grid",
        "series-bar",
        "series-pictorialBar"
    ],
    "customTags": [],
    "updaterUserName": "伊***铖"
}