{
    "cid": "xvh81yeAKa",
    "authorUid": "bd-3723970825",
    "authorUserName": "A***2",
    "title": "立体圆柱Charts",
    "description": "立体圆柱",
    "latestVersion": 8,
    "alwaysLatest": 1,
    "createTime": "2020-03-25T01:46:05.000Z",
    "lastUpdateTime": "2021-09-28T02:26:24.000Z",
    "auth": 2,
    "uid": "bd-3723970825",
    "publishedVersion": 0,
    "forkFrom": "-",
    "isSpam": 0,
    "version": 8,
    "parentVersion": 7,
    "echartsVersion": "4.9.0",
    "versionCreateTime": "2021-09-28T02:26:24.000Z",
    "html": "",
    "externalScripts": "",
    "updaterUID": "bd-3723970825",
    "theme": "",
    "layout": "",
    "viewCount": 23068,
    "userName": "A***2",
    "commentCount": 15,
    "starCount": 150,
    "isStared": 0,
    "thumbnailURL": "https://www.makeapie.com/ecg-storage/ec_gallery_thumbnail/xvh81yeAKa.png?v=1632795984285",
    "isCustomThumbnail": 0,
    "builtinTags": [
        "category-work",
        "grid",
        "series-bar",
        "series-pictorialBar"
    ],
    "customTags": [
        "圆柱",
        "立体"
    ],
    "updaterUserName": "A***2"
}