{
    "cid": "xXrFZ19lL",
    "authorUid": "bd-910341353",
    "authorUserName": "栗***燃",
    "title": "全链路拓扑图",
    "description": "一个应用到模块到节点的拓扑图",
    "latestVersion": 1,
    "alwaysLatest": 1,
    "createTime": "2020-03-16T14:00:31.000Z",
    "lastUpdateTime": "2020-03-16T14:00:31.000Z",
    "auth": 2,
    "uid": "bd-910341353",
    "publishedVersion": 0,
    "forkFrom": "-",
    "isSpam": 0,
    "version": 1,
    "parentVersion": -1,
    "echartsVersion": "4.4.0",
    "versionCreateTime": "2020-03-16T14:00:31.000Z",
    "html": "",
    "externalScripts": "",
    "updaterUID": "bd-910341353",
    "theme": "",
    "layout": "",
    "viewCount": 28360,
    "userName": "栗***燃",
    "commentCount": 2,
    "starCount": 176,
    "isStared": 0,
    "thumbnailURL": "https://www.makeapie.com/ecg-storage/ec_gallery_thumbnail/xXrFZ19lL.png?v=1584367231685",
    "isCustomThumbnail": 0,
    "builtinTags": [
        "category-work",
        "grid",
        "series-graph",
        "series-lines"
    ],
    "customTags": [],
    "updaterUserName": "栗***燃"
}