{
    "cid": "x8Y-XJGThp",
    "authorUid": "bd-1606641265",
    "authorUserName": "你***1",
    "title": "分类关系图",
    "description": "",
    "latestVersion": 1,
    "alwaysLatest": 1,
    "createTime": "2018-12-19T05:58:40.000Z",
    "lastUpdateTime": "2018-12-19T05:58:40.000Z",
    "auth": 2,
    "uid": "bd-1606641265",
    "publishedVersion": 0,
    "forkFrom": "-",
    "isSpam": 0,
    "version": 1,
    "parentVersion": -1,
    "echartsVersion": "4.2.0",
    "versionCreateTime": "2018-12-19T05:58:40.000Z",
    "html": "",
    "externalScripts": "",
    "updaterUID": "bd-1606641265",
    "theme": "",
    "layout": "",
    "viewCount": 1069,
    "userName": "你***1",
    "commentCount": 0,
    "starCount": 1,
    "isStared": 0,
    "thumbnailURL": "https://www.makeapie.com/ecg-storage/ec_gallery_thumbnail/x8Y-XJGThp.png?v=1545199120493",
    "isCustomThumbnail": 0,
    "builtinTags": [
        "category-work",
        "grid",
        "series-graph",
        "series-pie"
    ],
    "customTags": [],
    "updaterUserName": "你***1"
}