{
    "cid": "xdd0QjPZAr",
    "authorUid": "bd-1411450294",
    "authorUserName": "永恒的洛伦丹",
    "title": "各矿信息",
    "description": "",
    "latestVersion": 1,
    "alwaysLatest": 1,
    "createTime": "2018-12-19T03:45:56.000Z",
    "lastUpdateTime": "2018-12-19T03:45:56.000Z",
    "auth": 2,
    "uid": "bd-1411450294",
    "publishedVersion": 0,
    "forkFrom": "-",
    "isSpam": 0,
    "version": 1,
    "parentVersion": -1,
    "echartsVersion": "4.2.0",
    "versionCreateTime": "2018-12-19T03:45:56.000Z",
    "html": "",
    "externalScripts": "",
    "updaterUID": "bd-1411450294",
    "theme": "",
    "layout": "",
    "viewCount": 49,
    "userName": "永恒的洛伦丹",
    "commentCount": 0,
    "starCount": 1,
    "isStared": 0,
    "thumbnailURL": "https://www.makeapie.com/ecg-storage/ec_gallery_thumbnail/xdd0QjPZAr.png?v=1545191156681",
    "isCustomThumbnail": 0,
    "builtinTags": [
        "category-work",
        "grid",
        "series-bar",
        "tooltip"
    ],
    "customTags": [],
    "updaterUserName": "永恒的洛伦丹"
}