{
    "cid": "xhetT3ZDmq",
    "authorUid": "bd-541148407",
    "authorUserName": "活***1",
    "title": "Draw Time Waiting Process Distributions",
    "description": "game winning distributions",
    "latestVersion": 5,
    "alwaysLatest": 1,
    "createTime": "2018-12-19T17:20:23.000Z",
    "lastUpdateTime": "2018-12-19T17:20:23.000Z",
    "auth": 1,
    "uid": "bd-541148407",
    "publishedVersion": 0,
    "forkFrom": "-",
    "isSpam": 0,
    "version": 5,
    "parentVersion": 4,
    "echartsVersion": "4.2.0",
    "versionCreateTime": "2018-12-27T17:54:49.000Z",
    "html": "",
    "externalScripts": "",
    "updaterUID": "bd-541148407",
    "theme": "",
    "layout": "",
    "viewCount": 107,
    "userName": "活***1",
    "commentCount": 0,
    "starCount": 1,
    "isStared": 0,
    "thumbnailURL": "https://www.makeapie.com/ecg-storage/ec_gallery_thumbnail/xhetT3ZDmq.png?v=1545933289991",
    "isCustomThumbnail": 0,
    "builtinTags": [
        "category-work",
        "grid",
        "markLine",
        "markPoint",
        "series-bar",
        "title",
        "toolbox",
        "tooltip"
    ],
    "customTags": [],
    "updaterUserName": "活***1"
}