{
    "cid": "xLp2-WYQAn",
    "authorUid": "bd-2166891000",
    "authorUserName": "白羊浪浪",
    "title": "柱状图-多数据纵向展示",
    "description": "",
    "latestVersion": 1,
    "alwaysLatest": 1,
    "createTime": "2018-12-19T05:39:19.000Z",
    "lastUpdateTime": "2018-12-19T05:39:19.000Z",
    "auth": 2,
    "uid": "bd-2166891000",
    "publishedVersion": 0,
    "forkFrom": "-",
    "isSpam": 0,
    "version": 1,
    "parentVersion": -1,
    "echartsVersion": "4.2.0",
    "versionCreateTime": "2018-12-19T05:39:19.000Z",
    "html": "",
    "externalScripts": "",
    "updaterUID": "bd-2166891000",
    "theme": "",
    "layout": "",
    "viewCount": 37,
    "userName": "白羊浪浪",
    "commentCount": 0,
    "starCount": 0,
    "isStared": 0,
    "thumbnailURL": "https://www.makeapie.com/ecg-storage/ec_gallery_thumbnail/xLp2-WYQAn.png?v=1545197960006",
    "isCustomThumbnail": 0,
    "builtinTags": [
        "category-work",
        "grid",
        "legend",
        "series-bar",
        "tooltip"
    ],
    "customTags": [],
    "updaterUserName": "白羊浪浪"
}