{
    "cid": "xlZ7ZFEgKS",
    "authorUid": "bd-3793071787",
    "authorUserName": "二***弃",
    "title": "一周营业额",
    "description": "注释的部分有下钻的代码",
    "latestVersion": 1,
    "alwaysLatest": 1,
    "createTime": "2018-12-20T02:06:22.000Z",
    "lastUpdateTime": "2018-12-20T02:06:22.000Z",
    "auth": 1,
    "uid": "bd-3793071787",
    "publishedVersion": 0,
    "forkFrom": "-",
    "isSpam": 0,
    "version": 1,
    "parentVersion": -1,
    "echartsVersion": "4.2.0",
    "versionCreateTime": "2018-12-20T02:06:22.000Z",
    "html": "",
    "externalScripts": "",
    "updaterUID": "bd-3793071787",
    "theme": "",
    "layout": "",
    "viewCount": 159,
    "userName": "二***弃",
    "commentCount": 0,
    "starCount": 1,
    "isStared": 0,
    "thumbnailURL": "https://www.makeapie.com/ecg-storage/ec_gallery_thumbnail/xlZ7ZFEgKS.png?v=1545271582729",
    "isCustomThumbnail": 0,
    "builtinTags": [
        "category-work",
        "grid",
        "series-bar",
        "title",
        "tooltip"
    ],
    "customTags": [],
    "updaterUserName": "二***弃"
}