{
    "cid": "xonsGGUFzU",
    "authorUid": "bd-3846176449",
    "authorUserName": "f***5",
    "title": "12987392",
    "description": "多个title",
    "latestVersion": 1,
    "alwaysLatest": 1,
    "createTime": "2018-12-19T07:54:41.000Z",
    "lastUpdateTime": "2018-12-19T07:54:41.000Z",
    "auth": 2,
    "uid": "bd-3846176449",
    "publishedVersion": 0,
    "forkFrom": "-",
    "isSpam": 0,
    "version": 1,
    "parentVersion": -1,
    "echartsVersion": "4.2.0",
    "versionCreateTime": "2018-12-19T07:54:41.000Z",
    "html": "",
    "externalScripts": "",
    "updaterUID": "bd-3846176449",
    "theme": "",
    "layout": "",
    "viewCount": 196,
    "userName": "f***5",
    "commentCount": 0,
    "starCount": 1,
    "isStared": 0,
    "thumbnailURL": "https://www.makeapie.com/ecg-storage/ec_gallery_thumbnail/xonsGGUFzU.png?v=1545206081421",
    "isCustomThumbnail": 0,
    "builtinTags": [
        "category-work",
        "legend",
        "series-pie",
        "title"
    ],
    "customTags": [],
    "updaterUserName": "f***5"
}