{
    "cid": "xqjlO2udxM",
    "authorUid": "bd-2217829247",
    "authorUserName": "5***e",
    "title": "物联设备概况条形统计图",
    "description": "2018年",
    "latestVersion": 1,
    "alwaysLatest": 1,
    "createTime": "2018-12-19T01:49:18.000Z",
    "lastUpdateTime": "2018-12-19T01:49:18.000Z",
    "auth": 2,
    "uid": "bd-2217829247",
    "publishedVersion": 0,
    "forkFrom": "-",
    "isSpam": 0,
    "version": 1,
    "parentVersion": -1,
    "echartsVersion": "4.2.0",
    "versionCreateTime": "2018-12-19T01:49:18.000Z",
    "html": "",
    "externalScripts": "",
    "updaterUID": "bd-2217829247",
    "theme": "",
    "layout": "",
    "viewCount": 38,
    "userName": "5***e",
    "commentCount": 0,
    "starCount": 0,
    "isStared": 0,
    "thumbnailURL": "https://www.makeapie.com/ecg-storage/ec_gallery_thumbnail/xqjlO2udxM.png?v=1545184158645",
    "isCustomThumbnail": 0,
    "builtinTags": [
        "category-work",
        "grid",
        "series-bar",
        "title",
        "tooltip"
    ],
    "customTags": [],
    "updaterUserName": "5***e"
}