{
    "cid": "xrxVZTVkRK",
    "authorUid": "bd-1442910900",
    "authorUserName": "B***u",
    "title": "水火",
    "description": "",
    "latestVersion": 1,
    "alwaysLatest": 1,
    "createTime": "2018-12-19T08:26:43.000Z",
    "lastUpdateTime": "2018-12-19T08:26:43.000Z",
    "auth": 2,
    "uid": "bd-1442910900",
    "publishedVersion": 0,
    "forkFrom": "-",
    "isSpam": 0,
    "version": 1,
    "parentVersion": -1,
    "echartsVersion": "4.2.0",
    "versionCreateTime": "2018-12-19T08:26:43.000Z",
    "html": "",
    "externalScripts": "",
    "updaterUID": "bd-1442910900",
    "theme": "",
    "layout": "",
    "viewCount": 10,
    "userName": "B***u",
    "commentCount": 0,
    "starCount": 0,
    "isStared": 0,
    "thumbnailURL": "https://www.makeapie.com/ecg-storage/ec_gallery_thumbnail/xrxVZTVkRK.png?v=1545208003977",
    "isCustomThumbnail": 0,
    "builtinTags": [
        "category-work",
        "grid",
        "legend",
        "series-line"
    ],
    "customTags": [],
    "updaterUserName": "B***u"
}