{
    "cid": "xTz93GGXbm",
    "authorUid": "bd-377674893",
    "authorUserName": "FrankBilly",
    "title": "3D城市路线 NSOC 2 (修改自成都出租@pissaing)",
    "description": "",
    "latestVersion": 3,
    "alwaysLatest": 1,
    "createTime": "2018-12-18T12:48:01.000Z",
    "lastUpdateTime": "2018-12-18T12:48:01.000Z",
    "auth": 2,
    "uid": "bd-377674893",
    "publishedVersion": 0,
    "forkFrom": "-",
    "isSpam": 0,
    "version": 3,
    "parentVersion": 2,
    "echartsVersion": "4.2.1",
    "versionCreateTime": "2019-02-26T11:07:25.000Z",
    "html": "",
    "externalScripts": "https://api.tiles.mapbox.com/mapbox-gl-js/v0.45.0/mapbox-gl.css,https://api.tiles.mapbox.com/mapbox-gl-js/v0.43.0/mapbox-gl.js,https://echarts.baidu.com/resource/echarts-gl-latest/dist/echarts-gl.min.js,https://api.mapbox.com/mapbox-gl-js/plugins/mapbox-gl-language/v0.9.2/mapbox-gl-language.js",
    "updaterUID": "bd-377674893",
    "theme": "",
    "layout": "",
    "viewCount": 557,
    "userName": "FrankBilly",
    "commentCount": 0,
    "starCount": 4,
    "isStared": 0,
    "thumbnailURL": "https://www.makeapie.com/ecg-storage/ec_gallery_thumbnail/xTz93GGXbm.png?v=1545137282730",
    "isCustomThumbnail": 1,
    "builtinTags": [
        "category-work",
        "mapbox",
        "series-lines3D"
    ],
    "customTags": [],
    "updaterUserName": "FrankBilly"
}