{
    "cid": "xUgfM1Xcrl",
    "authorUid": "bd-3020475805",
    "authorUserName": "l***7",
    "title": "在线率",
    "description": "",
    "latestVersion": 2,
    "alwaysLatest": 1,
    "createTime": "2018-12-20T02:09:56.000Z",
    "lastUpdateTime": "2018-12-20T02:12:52.000Z",
    "auth": 2,
    "uid": "bd-3020475805",
    "publishedVersion": 0,
    "forkFrom": "-",
    "isSpam": 0,
    "version": 2,
    "parentVersion": 1,
    "echartsVersion": "4.2.0",
    "versionCreateTime": "2018-12-20T03:02:25.000Z",
    "html": "",
    "externalScripts": "",
    "updaterUID": "bd-3020475805",
    "theme": "vintage",
    "layout": "",
    "viewCount": 140,
    "userName": "l***7",
    "commentCount": 0,
    "starCount": 0,
    "isStared": 0,
    "thumbnailURL": "https://www.makeapie.com/ecg-storage/ec_gallery_thumbnail/xUgfM1Xcrl.png?v=1545274946077",
    "isCustomThumbnail": 0,
    "builtinTags": [
        "category-work",
        "dataZoom",
        "grid",
        "legend",
        "markLine",
        "markPoint",
        "series-line",
        "toolbox",
        "tooltip"
    ],
    "customTags": [],
    "updaterUserName": "l***7"
}