{
    "cid": "xVKBar-ndt",
    "authorUid": "bd-2341513011",
    "authorUserName": "k***雪",
    "title": "注浆补浆",
    "description": "注浆补浆",
    "latestVersion": 6,
    "alwaysLatest": 1,
    "createTime": "2018-12-19T10:07:22.000Z",
    "lastUpdateTime": "2018-12-19T10:07:22.000Z",
    "auth": 2,
    "uid": "bd-2341513011",
    "publishedVersion": 0,
    "forkFrom": "-",
    "isSpam": 0,
    "version": 6,
    "parentVersion": 5,
    "echartsVersion": "4.2.0",
    "versionCreateTime": "2018-12-26T10:05:38.000Z",
    "html": "",
    "externalScripts": "",
    "updaterUID": "bd-2341513011",
    "theme": "",
    "layout": "",
    "viewCount": 49,
    "userName": "k***雪",
    "commentCount": 0,
    "starCount": 1,
    "isStared": 0,
    "thumbnailURL": "https://www.makeapie.com/ecg-storage/ec_gallery_thumbnail/xVKBar-ndt.png?v=1545818738161",
    "isCustomThumbnail": 0,
    "builtinTags": [
        "category-work",
        "grid",
        "legend",
        "series-line",
        "tooltip"
    ],
    "customTags": [],
    "updaterUserName": "k***雪"
}