{
    "cid": "xxbmx9Tm4w",
    "authorUid": "bd-2483681998",
    "authorUserName": "h***t",
    "title": "基础环形图",
    "description": "模拟数据异步加载，图例显示 百分比",
    "latestVersion": 1,
    "alwaysLatest": 1,
    "createTime": "2018-12-19T07:34:02.000Z",
    "lastUpdateTime": "2018-12-19T07:34:02.000Z",
    "auth": 2,
    "uid": "bd-2483681998",
    "publishedVersion": 0,
    "forkFrom": "-",
    "isSpam": 0,
    "version": 1,
    "parentVersion": -1,
    "echartsVersion": "4.2.0",
    "versionCreateTime": "2018-12-19T07:34:02.000Z",
    "html": "",
    "externalScripts": "",
    "updaterUID": "bd-2483681998",
    "theme": "",
    "layout": "",
    "viewCount": 52,
    "userName": "h***t",
    "commentCount": 0,
    "starCount": 0,
    "isStared": 0,
    "thumbnailURL": "https://www.makeapie.com/ecg-storage/ec_gallery_thumbnail/xxbmx9Tm4w.png?v=1545204842500",
    "isCustomThumbnail": 0,
    "builtinTags": [
        "category-work",
        "legend",
        "series-pie",
        "tooltip"
    ],
    "customTags": [],
    "updaterUserName": "h***t"
}