{
    "cid": "xxGaGsTwjT",
    "authorUid": "bd-1411450294",
    "authorUserName": "永恒的洛伦丹",
    "title": "矿压监测",
    "description": "",
    "latestVersion": 4,
    "alwaysLatest": 1,
    "createTime": "2018-12-19T02:39:46.000Z",
    "lastUpdateTime": "2018-12-19T02:39:46.000Z",
    "auth": 2,
    "uid": "bd-1411450294",
    "publishedVersion": 0,
    "forkFrom": "-",
    "isSpam": 0,
    "version": 4,
    "parentVersion": 3,
    "echartsVersion": "4.2.0",
    "versionCreateTime": "2018-12-23T07:00:00.000Z",
    "html": "",
    "externalScripts": "",
    "updaterUID": "bd-1411450294",
    "theme": "",
    "layout": "",
    "viewCount": 70,
    "userName": "永恒的洛伦丹",
    "commentCount": 0,
    "starCount": 1,
    "isStared": 0,
    "thumbnailURL": "https://www.makeapie.com/ecg-storage/ec_gallery_thumbnail/xxGaGsTwjT.png?v=1545548400711",
    "isCustomThumbnail": 0,
    "builtinTags": [
        "category-work",
        "grid",
        "markLine",
        "series-bar",
        "title"
    ],
    "customTags": [],
    "updaterUserName": "永恒的洛伦丹"
}