{
    "cid": "x5RdzP7yDg",
    "authorUid": "obd-oMhbxXP34wfnKiFLkLNCLlaGPYkK62U",
    "authorUserName": "C***鞋",
    "title": "圆角环图",
    "description": "做不到完全相互覆盖，必定有一个在两边都显示",
    "latestVersion": 2,
    "alwaysLatest": 1,
    "createTime": "2020-08-31T09:51:17.000Z",
    "lastUpdateTime": "2020-08-31T09:51:17.000Z",
    "auth": 2,
    "uid": "obd-oMhbxXP34wfnKiFLkLNCLlaGPYkK62U",
    "publishedVersion": 0,
    "forkFrom": "-",
    "isSpam": 0,
    "version": 2,
    "parentVersion": 1,
    "echartsVersion": "4.8.0",
    "versionCreateTime": "2020-08-31T09:59:07.000Z",
    "html": "",
    "externalScripts": "",
    "updaterUID": "obd-oMhbxXP34wfnKiFLkLNCLlaGPYkK62U",
    "theme": "",
    "layout": "",
    "viewCount": 116,
    "userName": "C***鞋",
    "commentCount": 0,
    "starCount": 0,
    "isStared": 0,
    "thumbnailURL": "https://www.makeapie.com/ecg-storage/ec_gallery_thumbnail/x5RdzP7yDg.png?v=1598867947256",
    "isCustomThumbnail": 0,
    "builtinTags": [
        "category-work",
        "legend",
        "polar",
        "series-bar",
        "tooltip"
    ],
    "customTags": [
        "pie"
    ],
    "updaterUserName": "C***鞋"
}