{
    "cid": "xeKfmWLtpH",
    "authorUid": "obd-o2Xu1AJ-eOfrwy4_CP_ocx5Xyq6ndBK",
    "authorUserName": "深***子",
    "title": "仪表盘模拟角度渐变",
    "description": "将rgb颜色切成多份填充，",
    "latestVersion": 9,
    "alwaysLatest": 1,
    "createTime": "2020-09-01T01:23:29.000Z",
    "lastUpdateTime": "2020-09-01T01:23:29.000Z",
    "auth": 2,
    "uid": "obd-o2Xu1AJ-eOfrwy4_CP_ocx5Xyq6ndBK",
    "publishedVersion": 0,
    "forkFrom": "-",
    "isSpam": 0,
    "version": 9,
    "parentVersion": 8,
    "echartsVersion": "4.8.0",
    "versionCreateTime": "2020-09-02T13:19:26.000Z",
    "html": "",
    "externalScripts": "",
    "updaterUID": "obd-o2Xu1AJ-eOfrwy4_CP_ocx5Xyq6ndBK",
    "theme": "",
    "layout": "",
    "viewCount": 159,
    "userName": "深***子",
    "commentCount": 0,
    "starCount": 0,
    "isStared": 0,
    "thumbnailURL": "https://www.makeapie.com/ecg-storage/ec_gallery_thumbnail/xeKfmWLtpH.png?v=1599052766941",
    "isCustomThumbnail": 0,
    "builtinTags": [
        "category-work",
        "series-gauge"
    ],
    "customTags": [
        "gauge"
    ],
    "updaterUserName": "深***子"
}