{
    "cid": "xGxN5kw205",
    "authorUid": "bd-3796128407",
    "authorUserName": "王***响",
    "title": "仪表盘",
    "description": "",
    "latestVersion": 3,
    "alwaysLatest": 1,
    "createTime": "2020-09-01T08:10:23.000Z",
    "lastUpdateTime": "2020-09-28T12:56:33.000Z",
    "auth": 1,
    "uid": "bd-3796128407",
    "publishedVersion": 0,
    "forkFrom": "-",
    "isSpam": 0,
    "version": 3,
    "parentVersion": 2,
    "echartsVersion": "4.8.0",
    "versionCreateTime": "2020-09-03T06:42:22.000Z",
    "html": "",
    "externalScripts": "",
    "updaterUID": "bd-3796128407",
    "theme": "default",
    "layout": "",
    "viewCount": 323,
    "userName": "王***响",
    "commentCount": 0,
    "starCount": 2,
    "isStared": 0,
    "thumbnailURL": "https://www.makeapie.com/ecg-storage/ec_gallery_thumbnail/xGxN5kw205.png?v=1599115342735",
    "isCustomThumbnail": 0,
    "builtinTags": [
        "category-work",
        "markPoint",
        "series-gauge"
    ],
    "customTags": [],
    "updaterUserName": "王***响"
}