{
    "cid": "xHLbRW18_y",
    "authorUid": "obd-oP4yFspLjRVwrJMfdPnGV7KDfYDUc9Q",
    "authorUserName": "宁***群",
    "title": "简易面积图（只是将数据部分单独提出）",
    "description": "将数据部分单独提出，便于配置数据\n（自留图参考，小白记录）",
    "latestVersion": 2,
    "alwaysLatest": 1,
    "createTime": "2020-09-01T07:47:00.000Z",
    "lastUpdateTime": "2020-09-01T07:47:00.000Z",
    "auth": 1,
    "uid": "obd-oP4yFspLjRVwrJMfdPnGV7KDfYDUc9Q",
    "publishedVersion": 0,
    "forkFrom": "-",
    "isSpam": 0,
    "version": 2,
    "parentVersion": 1,
    "echartsVersion": "4.8.0",
    "versionCreateTime": "2020-11-03T07:32:25.000Z",
    "html": "",
    "externalScripts": "",
    "updaterUID": "obd-oP4yFspLjRVwrJMfdPnGV7KDfYDUc9Q",
    "theme": "",
    "layout": "",
    "viewCount": 24,
    "userName": "宁***群",
    "commentCount": 0,
    "starCount": 2,
    "isStared": 0,
    "thumbnailURL": "https://www.makeapie.com/ecg-storage/ec_gallery_thumbnail/xHLbRW18_y.png?v=1604388745108",
    "isCustomThumbnail": 0,
    "builtinTags": [
        "category-work",
        "grid",
        "series-line",
        "tooltip"
    ],
    "customTags": [],
    "updaterUserName": "宁***群"
}