{
    "cid": "xii2NN-RLg",
    "authorUid": "obd-oj1TY3WT3Cwpj0eTk4gxuUCDHx7FKDh",
    "authorUserName": "l***4",
    "title": "柱状图含平均线目标线",
    "description": "",
    "latestVersion": 1,
    "alwaysLatest": 1,
    "createTime": "2020-09-01T06:54:28.000Z",
    "lastUpdateTime": "2020-09-01T06:54:28.000Z",
    "auth": 2,
    "uid": "obd-oj1TY3WT3Cwpj0eTk4gxuUCDHx7FKDh",
    "publishedVersion": 0,
    "forkFrom": "-",
    "isSpam": 0,
    "version": 1,
    "parentVersion": -1,
    "echartsVersion": "4.8.0",
    "versionCreateTime": "2020-09-01T06:54:28.000Z",
    "html": "",
    "externalScripts": "",
    "updaterUID": "obd-oj1TY3WT3Cwpj0eTk4gxuUCDHx7FKDh",
    "theme": "",
    "layout": "",
    "viewCount": 92,
    "userName": "l***4",
    "commentCount": 0,
    "starCount": 0,
    "isStared": 0,
    "thumbnailURL": "https://www.makeapie.com/ecg-storage/ec_gallery_thumbnail/xii2NN-RLg.png?v=1598943268872",
    "isCustomThumbnail": 0,
    "builtinTags": [
        "category-work",
        "grid",
        "markLine",
        "series-bar",
        "series-line",
        "tooltip"
    ],
    "customTags": [],
    "updaterUserName": "l***4"
}