{
    "cid": "xOuoZn4q2q",
    "authorUid": "obd-oAF1zLf_O1ZBdth5s8F3_9OmWY4PH7W",
    "authorUserName": "2***5",
    "title": "连云港70年人口变化图",
    "description": "",
    "latestVersion": 1,
    "alwaysLatest": 1,
    "createTime": "2020-09-02T03:27:48.000Z",
    "lastUpdateTime": "2020-09-02T03:27:48.000Z",
    "auth": 2,
    "uid": "obd-oAF1zLf_O1ZBdth5s8F3_9OmWY4PH7W",
    "publishedVersion": 0,
    "forkFrom": "-",
    "isSpam": 0,
    "version": 1,
    "parentVersion": -1,
    "echartsVersion": "4.8.0",
    "versionCreateTime": "2020-09-02T03:27:48.000Z",
    "html": "",
    "externalScripts": "",
    "updaterUID": "obd-oAF1zLf_O1ZBdth5s8F3_9OmWY4PH7W",
    "theme": "",
    "layout": "",
    "viewCount": 42,
    "userName": "2***5",
    "commentCount": 0,
    "starCount": 0,
    "isStared": 0,
    "thumbnailURL": "https://www.makeapie.com/ecg-storage/ec_gallery_thumbnail/xOuoZn4q2q.png?v=1599017268805",
    "isCustomThumbnail": 0,
    "builtinTags": [
        "category-work",
        "grid",
        "legend",
        "series-line",
        "title",
        "toolbox",
        "tooltip"
    ],
    "customTags": [],
    "updaterUserName": "2***5"
}