{
    "cid": "xQev5qBbEh",
    "authorUid": "obd-ojCkNXchMZnGICIMD7ecH8hdnDusoEA",
    "authorUserName": "173******90",
    "title": "Awesome Chart",
    "description": "根据type改变颜色",
    "latestVersion": 2,
    "alwaysLatest": 1,
    "createTime": "2020-09-01T07:23:26.000Z",
    "lastUpdateTime": "2020-09-01T07:23:26.000Z",
    "auth": 2,
    "uid": "obd-ojCkNXchMZnGICIMD7ecH8hdnDusoEA",
    "publishedVersion": 0,
    "forkFrom": "-",
    "isSpam": 0,
    "version": 2,
    "parentVersion": 1,
    "echartsVersion": "4.8.0",
    "versionCreateTime": "2020-09-01T07:23:51.000Z",
    "html": "",
    "externalScripts": "",
    "updaterUID": "obd-ojCkNXchMZnGICIMD7ecH8hdnDusoEA",
    "theme": "",
    "layout": "",
    "viewCount": 54,
    "userName": "173******90",
    "commentCount": 0,
    "starCount": 0,
    "isStared": 0,
    "thumbnailURL": "https://www.makeapie.com/ecg-storage/ec_gallery_thumbnail/xQev5qBbEh.png?v=1598945031725",
    "isCustomThumbnail": 0,
    "builtinTags": [
        "category-work",
        "grid",
        "series-bar",
        "title"
    ],
    "customTags": [],
    "updaterUserName": "173******90"
}