{
    "cid": "xrV3Kt249X",
    "authorUid": "obd-oNj2zvJFkuHMgFWUoXv43O1sHezoVCz",
    "authorUserName": "t***e",
    "title": "环图",
    "description": "label比较不一样",
    "latestVersion": 1,
    "alwaysLatest": 1,
    "createTime": "2020-09-02T02:48:05.000Z",
    "lastUpdateTime": "2020-09-02T02:48:05.000Z",
    "auth": 2,
    "uid": "obd-oNj2zvJFkuHMgFWUoXv43O1sHezoVCz",
    "publishedVersion": 0,
    "forkFrom": "-",
    "isSpam": 0,
    "version": 1,
    "parentVersion": -1,
    "echartsVersion": "4.8.0",
    "versionCreateTime": "2020-09-02T02:48:05.000Z",
    "html": "",
    "externalScripts": "",
    "updaterUID": "obd-oNj2zvJFkuHMgFWUoXv43O1sHezoVCz",
    "theme": "",
    "layout": "",
    "viewCount": 105,
    "userName": "t***e",
    "commentCount": 0,
    "starCount": 0,
    "isStared": 0,
    "thumbnailURL": "https://www.makeapie.com/ecg-storage/ec_gallery_thumbnail/xrV3Kt249X.png?v=1599014885820",
    "isCustomThumbnail": 0,
    "builtinTags": [
        "category-work",
        "legend",
        "series-pie",
        "title",
        "tooltip"
    ],
    "customTags": [
        "label"
    ],
    "updaterUserName": "t***e"
}