{
    "cid": "xwMNq61kJx",
    "authorUid": "bd-1832650076",
    "authorUserName": "凌***殇",
    "title": "饼图-有合计",
    "description": "图例选择会改变合计值",
    "latestVersion": 5,
    "alwaysLatest": 1,
    "createTime": "2020-09-01T07:05:09.000Z",
    "lastUpdateTime": "2020-09-01T07:05:09.000Z",
    "auth": 2,
    "uid": "bd-1832650076",
    "publishedVersion": 0,
    "forkFrom": "-",
    "isSpam": 0,
    "version": 5,
    "parentVersion": 4,
    "echartsVersion": "4.8.0",
    "versionCreateTime": "2021-04-01T06:14:45.000Z",
    "html": "",
    "externalScripts": "",
    "updaterUID": "bd-1832650076",
    "theme": "",
    "layout": "",
    "viewCount": 1156,
    "userName": "凌***殇",
    "commentCount": 0,
    "starCount": 5,
    "isStared": 0,
    "thumbnailURL": "https://www.makeapie.com/ecg-storage/ec_gallery_thumbnail/xwMNq61kJx.png?v=1617257686136",
    "isCustomThumbnail": 0,
    "builtinTags": [
        "category-work",
        "legend",
        "series-pie",
        "title",
        "tooltip"
    ],
    "customTags": [],
    "updaterUserName": "凌***殇"
}