{
    "cid": "xyhYUmatKw",
    "authorUid": "bd-171648521",
    "authorUserName": "绿***绿",
    "title": "",
    "description": "地图",
    "latestVersion": 8,
    "alwaysLatest": 1,
    "createTime": "2020-09-01T09:00:14.000Z",
    "lastUpdateTime": "2020-09-01T09:00:14.000Z",
    "auth": 2,
    "uid": "bd-171648521",
    "publishedVersion": 0,
    "forkFrom": "-",
    "isSpam": 0,
    "version": 8,
    "parentVersion": 7,
    "echartsVersion": "4.9.0",
    "versionCreateTime": "2021-05-06T02:36:39.000Z",
    "html": "",
    "externalScripts": "https://echarts.baidu.com/resource/echarts-gl-latest/dist/echarts-gl.min.js",
    "updaterUID": "bd-171648521",
    "theme": "",
    "layout": "",
    "viewCount": 752,
    "userName": "绿***绿",
    "commentCount": 1,
    "starCount": 6,
    "isStared": 0,
    "thumbnailURL": "https://www.makeapie.com/ecg-storage/ec_gallery_thumbnail/xyhYUmatKw.png?v=1598950815202",
    "isCustomThumbnail": 1,
    "builtinTags": [
        "category-work",
        "geo3D",
        "series-scatter3D"
    ],
    "customTags": [],
    "updaterUserName": "绿***绿"
}