{
    "cid": "x2Cey2p8mC",
    "authorUid": "bd-3560695082",
    "authorUserName": "射***士",
    "title": "渐变柱状图",
    "description": "清新风格渐变柱状图",
    "latestVersion": 2,
    "alwaysLatest": 1,
    "createTime": "2019-08-09T09:51:34.000Z",
    "lastUpdateTime": "2019-08-09T09:51:34.000Z",
    "auth": 2,
    "uid": "bd-3560695082",
    "publishedVersion": 0,
    "forkFrom": "-",
    "isSpam": 0,
    "version": 2,
    "parentVersion": 1,
    "echartsVersion": "4.8.0",
    "versionCreateTime": "2020-09-28T10:12:02.000Z",
    "html": "",
    "externalScripts": "",
    "updaterUID": "bd-3560695082",
    "theme": "",
    "layout": "",
    "viewCount": 237,
    "userName": "射***士",
    "commentCount": 0,
    "starCount": 3,
    "isStared": 0,
    "thumbnailURL": "https://www.makeapie.com/ecg-storage/ec_gallery_thumbnail/x2Cey2p8mC.png?v=1601287922583",
    "isCustomThumbnail": 0,
    "builtinTags": [
        "category-work",
        "grid",
        "series-bar"
    ],
    "customTags": [],
    "updaterUserName": "射***士"
}