{
    "cid": "x7BA-birFf",
    "authorUid": "bd-4280613197",
    "authorUserName": "木***6",
    "title": "1990 与 2015 年各国家人均寿命与 GDP",
    "description": "",
    "latestVersion": 5,
    "alwaysLatest": 1,
    "createTime": "2019-08-14T01:46:36.000Z",
    "lastUpdateTime": "2019-08-14T01:46:36.000Z",
    "auth": 2,
    "uid": "bd-4280613197",
    "publishedVersion": 0,
    "forkFrom": "-",
    "isSpam": 0,
    "version": 5,
    "parentVersion": 4,
    "echartsVersion": "4.2.1",
    "versionCreateTime": "2019-08-16T02:52:53.000Z",
    "html": "",
    "externalScripts": "",
    "updaterUID": "bd-4280613197",
    "theme": "",
    "layout": "",
    "viewCount": 347,
    "userName": "木***6",
    "commentCount": 0,
    "starCount": 1,
    "isStared": 0,
    "thumbnailURL": "https://www.makeapie.com/ecg-storage/ec_gallery_thumbnail/x7BA-birFf.png?v=1565923973991",
    "isCustomThumbnail": 0,
    "builtinTags": [
        "category-work",
        "grid",
        "legend",
        "series-scatter",
        "title"
    ],
    "customTags": [],
    "updaterUserName": "木***6"
}