{
    "cid": "x9kxqsTpUE",
    "authorUid": "bd-3241410369",
    "authorUserName": "2***回",
    "title": "留存率",
    "description": "",
    "latestVersion": 2,
    "alwaysLatest": 1,
    "createTime": "2019-08-12T04:44:20.000Z",
    "lastUpdateTime": "2019-08-12T04:44:20.000Z",
    "auth": 2,
    "uid": "bd-3241410369",
    "publishedVersion": 0,
    "forkFrom": "-",
    "isSpam": 0,
    "version": 2,
    "parentVersion": 1,
    "echartsVersion": "4.2.1",
    "versionCreateTime": "2019-08-14T09:11:57.000Z",
    "html": "",
    "externalScripts": "",
    "updaterUID": "bd-3241410369",
    "theme": "",
    "layout": "",
    "viewCount": 272,
    "userName": "2***回",
    "commentCount": 0,
    "starCount": 2,
    "isStared": 0,
    "thumbnailURL": "https://www.makeapie.com/ecg-storage/ec_gallery_thumbnail/x9kxqsTpUE.png?v=1565773917643",
    "isCustomThumbnail": 0,
    "builtinTags": [
        "category-work",
        "grid",
        "legend",
        "series-line",
        "title",
        "tooltip"
    ],
    "customTags": [],
    "updaterUserName": "2***回"
}