{
    "cid": "xB2TF0UFvr",
    "authorUid": "bd-68708734",
    "authorUserName": "有***谁",
    "title": "GALAX银河 测试数据图-饼图",
    "description": "",
    "latestVersion": 5,
    "alwaysLatest": 1,
    "createTime": "2019-08-13T09:29:50.000Z",
    "lastUpdateTime": "2019-08-13T09:29:50.000Z",
    "auth": 2,
    "uid": "bd-68708734",
    "publishedVersion": 0,
    "forkFrom": "-",
    "isSpam": 0,
    "version": 5,
    "parentVersion": 4,
    "echartsVersion": "4.2.1",
    "versionCreateTime": "2019-08-20T07:51:29.000Z",
    "html": "",
    "externalScripts": "",
    "updaterUID": "bd-68708734",
    "theme": "",
    "layout": "",
    "viewCount": 192,
    "userName": "有***谁",
    "commentCount": 0,
    "starCount": 0,
    "isStared": 0,
    "thumbnailURL": "https://www.makeapie.com/ecg-storage/ec_gallery_thumbnail/xB2TF0UFvr.png?v=1566287489143",
    "isCustomThumbnail": 0,
    "builtinTags": [
        "category-work",
        "legend",
        "series-pie",
        "tooltip"
    ],
    "customTags": [],
    "updaterUserName": "有***谁"
}