{
    "cid": "xbft82WCP1",
    "authorUid": "bd-3734599122",
    "authorUserName": "吴***想",
    "title": "立体长方体柱状图",
    "description": "",
    "latestVersion": 12,
    "alwaysLatest": 1,
    "createTime": "2019-08-12T06:23:31.000Z",
    "lastUpdateTime": "2019-08-12T06:23:31.000Z",
    "auth": 1,
    "uid": "bd-3734599122",
    "publishedVersion": 0,
    "forkFrom": "-",
    "isSpam": 0,
    "version": 12,
    "parentVersion": 11,
    "echartsVersion": "4.4.0",
    "versionCreateTime": "2019-11-01T07:55:41.000Z",
    "html": "",
    "externalScripts": "",
    "updaterUID": "bd-2305766017",
    "theme": "",
    "layout": "",
    "viewCount": 5556,
    "userName": "吴***想",
    "commentCount": 0,
    "starCount": 14,
    "isStared": 0,
    "thumbnailURL": "https://www.makeapie.com/ecg-storage/ec_gallery_thumbnail/xbft82WCP1.png?v=1572594941256",
    "isCustomThumbnail": 0,
    "builtinTags": [
        "category-work",
        "grid",
        "series-bar",
        "series-pictorialBar"
    ],
    "customTags": [],
    "updaterUserName": "小***阳"
}