{
    "cid": "xIOUsCa9Ch",
    "authorUid": "bd-2804485459",
    "authorUserName": "疯***子",
    "title": "血缘图自动版",
    "description": "",
    "latestVersion": 1,
    "alwaysLatest": 1,
    "createTime": "2019-08-13T04:14:49.000Z",
    "lastUpdateTime": "2019-08-13T04:14:49.000Z",
    "auth": 2,
    "uid": "bd-2804485459",
    "publishedVersion": 0,
    "forkFrom": "-",
    "isSpam": 0,
    "version": 1,
    "parentVersion": -1,
    "echartsVersion": "4.2.1",
    "versionCreateTime": "2019-08-13T04:14:49.000Z",
    "html": "",
    "externalScripts": "",
    "updaterUID": "bd-2804485459",
    "theme": "",
    "layout": "",
    "viewCount": 833,
    "userName": "疯***子",
    "commentCount": 0,
    "starCount": 3,
    "isStared": 0,
    "thumbnailURL": "https://www.makeapie.com/ecg-storage/ec_gallery_thumbnail/xIOUsCa9Ch.png?v=1565669689559",
    "isCustomThumbnail": 0,
    "builtinTags": [
        "category-work",
        "legend",
        "series-graph",
        "title",
        "tooltip"
    ],
    "customTags": [],
    "updaterUserName": "疯***子"
}