{
    "cid": "xIxvqW35P9",
    "authorUid": "bd-3560695082",
    "authorUserName": "射***士",
    "title": "边框为透明的环形图",
    "description": "所见即所得...",
    "latestVersion": 3,
    "alwaysLatest": 1,
    "createTime": "2019-08-09T10:58:16.000Z",
    "lastUpdateTime": "2019-08-09T10:58:16.000Z",
    "auth": 2,
    "uid": "bd-3560695082",
    "publishedVersion": 0,
    "forkFrom": "-",
    "isSpam": 0,
    "version": 3,
    "parentVersion": 2,
    "echartsVersion": "4.8.0",
    "versionCreateTime": "2020-09-28T10:11:17.000Z",
    "html": "",
    "externalScripts": "",
    "updaterUID": "bd-3560695082",
    "theme": "",
    "layout": "",
    "viewCount": 66,
    "userName": "射***士",
    "commentCount": 0,
    "starCount": 1,
    "isStared": 0,
    "thumbnailURL": "https://www.makeapie.com/ecg-storage/ec_gallery_thumbnail/xIxvqW35P9.png?v=1601287877106",
    "isCustomThumbnail": 0,
    "builtinTags": [
        "category-work",
        "legend",
        "series-pie",
        "toolbox",
        "tooltip"
    ],
    "customTags": [],
    "updaterUserName": "射***士"
}