{
    "cid": "xODB6YToAy",
    "authorUid": "bd-554908277",
    "authorUserName": "宸***",
    "title": "Awesome Chart",
    "description": "",
    "latestVersion": 1,
    "alwaysLatest": 1,
    "createTime": "2019-08-13T03:50:27.000Z",
    "lastUpdateTime": "2019-08-13T03:50:27.000Z",
    "auth": 2,
    "uid": "bd-554908277",
    "publishedVersion": 0,
    "forkFrom": "-",
    "isSpam": 0,
    "version": 1,
    "parentVersion": -1,
    "echartsVersion": "4.2.1",
    "versionCreateTime": "2019-08-13T03:50:27.000Z",
    "html": "",
    "externalScripts": "",
    "updaterUID": "bd-554908277",
    "theme": "",
    "layout": "",
    "viewCount": 7,
    "userName": "宸***",
    "commentCount": 0,
    "starCount": 0,
    "isStared": 0,
    "thumbnailURL": "https://www.makeapie.com/ecg-storage/ec_gallery_thumbnail/xODB6YToAy.png?v=1565668227870",
    "isCustomThumbnail": 0,
    "builtinTags": [
        "category-work",
        "grid",
        "series-line",
        "title"
    ],
    "customTags": [],
    "updaterUserName": "宸***"
}