{
    "cid": "xVHnVFkt2T",
    "authorUid": "bd-4061919180",
    "authorUserName": "9***4",
    "title": "南丁格尔图",
    "description": "",
    "latestVersion": 1,
    "alwaysLatest": 1,
    "createTime": "2019-08-10T03:22:06.000Z",
    "lastUpdateTime": "2019-08-10T03:22:06.000Z",
    "auth": 2,
    "uid": "bd-4061919180",
    "publishedVersion": 0,
    "forkFrom": "-",
    "isSpam": 0,
    "version": 1,
    "parentVersion": -1,
    "echartsVersion": "4.2.1",
    "versionCreateTime": "2019-08-10T03:22:06.000Z",
    "html": "",
    "externalScripts": "https://www.kcory.com/echarts-gl.js,https://api.mapbox.com/mapbox-gl-js/v0.38.0/mapbox-gl.js",
    "updaterUID": "bd-4061919180",
    "theme": "",
    "layout": "",
    "viewCount": 53,
    "userName": "9***4",
    "commentCount": 0,
    "starCount": 0,
    "isStared": 0,
    "thumbnailURL": "https://www.makeapie.com/ecg-storage/ec_gallery_thumbnail/xVHnVFkt2T.png?v=1565407326224",
    "isCustomThumbnail": 0,
    "builtinTags": [
        "category-work",
        "legend",
        "series-pie",
        "tooltip"
    ],
    "customTags": [],
    "updaterUserName": "9***4"
}