{
    "cid": "xZFlPw3QKK",
    "authorUid": "bd-3109896911",
    "authorUserName": "11...4@qq.com",
    "title": "",
    "description": "",
    "latestVersion": 5,
    "alwaysLatest": 1,
    "createTime": "2019-08-12T08:44:18.000Z",
    "lastUpdateTime": "2019-08-12T08:44:18.000Z",
    "auth": 2,
    "uid": "bd-3109896911",
    "publishedVersion": 0,
    "forkFrom": "-",
    "isSpam": 0,
    "version": 5,
    "parentVersion": 4,
    "echartsVersion": "4.4.0",
    "versionCreateTime": "2020-03-03T09:55:24.000Z",
    "html": "",
    "externalScripts": "",
    "updaterUID": "bd-3109896911",
    "theme": "",
    "layout": "",
    "viewCount": 28,
    "userName": "11...4@qq.com",
    "commentCount": 0,
    "starCount": 0,
    "isStared": 0,
    "thumbnailURL": "https://www.makeapie.com/ecg-storage/ec_gallery_thumbnail/xZFlPw3QKK.png?v=1583229324131",
    "isCustomThumbnail": 0,
    "builtinTags": [
        "category-work",
        "legend",
        "series-pie",
        "title",
        "tooltip"
    ],
    "customTags": [],
    "updaterUserName": "11...4@qq.com"
}