{
    "cid": "xzZ_CbWwZU",
    "authorUid": "bd-2941282864",
    "authorUserName": "l***f",
    "title": "折线",
    "description": "",
    "latestVersion": 1,
    "alwaysLatest": 1,
    "createTime": "2019-08-13T02:32:06.000Z",
    "lastUpdateTime": "2019-08-13T02:32:06.000Z",
    "auth": 2,
    "uid": "bd-2941282864",
    "publishedVersion": 0,
    "forkFrom": "-",
    "isSpam": 0,
    "version": 1,
    "parentVersion": -1,
    "echartsVersion": "4.2.1",
    "versionCreateTime": "2019-08-13T02:32:06.000Z",
    "html": "",
    "externalScripts": "",
    "updaterUID": "bd-2941282864",
    "theme": "",
    "layout": "",
    "viewCount": 75,
    "userName": "l***f",
    "commentCount": 0,
    "starCount": 1,
    "isStared": 0,
    "thumbnailURL": "https://www.makeapie.com/ecg-storage/ec_gallery_thumbnail/xzZ_CbWwZU.png?v=1565663526322",
    "isCustomThumbnail": 0,
    "builtinTags": [
        "category-work",
        "grid",
        "series-line",
        "tooltip"
    ],
    "customTags": [],
    "updaterUserName": "l***f"
}