{
    "cid": "xBy1JoKtMx",
    "authorUid": "bd-755801371",
    "authorUserName": "文***潇",
    "title": "迁徙图汇集到统一点，并且不同颜色路线",
    "description": "迁徙图汇集到统一点，并且不同颜色路线",
    "latestVersion": 11,
    "alwaysLatest": 1,
    "createTime": "2016-11-28T10:45:43.000Z",
    "lastUpdateTime": "2016-11-28T10:45:43.000Z",
    "auth": 1,
    "uid": "bd-755801371",
    "publishedVersion": 0,
    "forkFrom": "-",
    "isSpam": 0,
    "version": 11,
    "parentVersion": 9,
    "echartsVersion": "3.8.0",
    "versionCreateTime": "2019-12-17T03:35:08.000Z",
    "html": "",
    "externalScripts": "/dep/echarts/map/js/china.js",
    "updaterUID": "bd-755801371",
    "theme": "",
    "layout": "",
    "viewCount": 4819,
    "userName": "文***潇",
    "commentCount": 11,
    "starCount": 10,
    "isStared": 0,
    "thumbnailURL": "https://www.makeapie.com/ecg-storage/ec_gallery_thumbnail/xBy1JoKtMx.png?v=1576553708823",
    "isCustomThumbnail": 0,
    "builtinTags": [
        "category-work",
        "geo",
        "series-effectScatter",
        "series-lines",
        "title",
        "tooltip"
    ],
    "customTags": [
        "geo",
        "lines"
    ],
    "updaterUserName": "文***潇"
}