{
    "cid": "xBy6G6fFze",
    "authorUid": "bd-523599052",
    "authorUserName": "dianyitongxiao",
    "title": "初复诊测试",
    "description": "",
    "latestVersion": 2,
    "alwaysLatest": 1,
    "createTime": "2016-11-28T02:57:24.000Z",
    "lastUpdateTime": "2016-11-28T02:57:24.000Z",
    "auth": 2,
    "uid": "bd-523599052",
    "publishedVersion": 0,
    "forkFrom": "-",
    "isSpam": 0,
    "version": 2,
    "parentVersion": 1,
    "echartsVersion": "3.3.2",
    "versionCreateTime": "2016-11-28T11:21:25.000Z",
    "html": "",
    "externalScripts": "",
    "updaterUID": "bd-523599052",
    "theme": "",
    "layout": "",
    "viewCount": 1806,
    "userName": "dianyitongxiao",
    "commentCount": 0,
    "starCount": 3,
    "isStared": 0,
    "thumbnailURL": "https://www.makeapie.com/ecg-storage/ec_gallery_thumbnail/xBy6G6fFze.png?v=1480332085414",
    "isCustomThumbnail": 0,
    "builtinTags": [
        "category-work",
        "grid",
        "legend",
        "series-bar",
        "toolbox",
        "tooltip"
    ],
    "customTags": [],
    "updaterUserName": "dianyitongxiao"
}