{
    "cid": "xByLXVHFzl",
    "authorUid": "bd-4013131402",
    "authorUserName": "o***4",
    "title": "Gallery 每周统计",
    "description": "",
    "latestVersion": 16,
    "alwaysLatest": 1,
    "createTime": "2016-11-28T05:43:57.000Z",
    "lastUpdateTime": "2017-04-12T09:15:05.000Z",
    "auth": 4,
    "share": "",
    "uid": "bd-4013131402",
    "publishedVersion": 0,
    "forkFrom": "-",
    "isSpam": 0,
    "version": 16,
    "parentVersion": 15,
    "echartsVersion": "3.5.3",
    "versionCreateTime": "2017-04-17T07:32:55.000Z",
    "html": "",
    "externalScripts": "",
    "updaterUID": "bd-1728584363",
    "theme": "default",
    "layout": "",
    "viewCount": 660,
    "userName": "o***4",
    "commentCount": 0,
    "starCount": 1,
    "isStared": 0,
    "thumbnailURL": "https://www.makeapie.com/ecg-storage/ec_gallery_thumbnail/xByLXVHFzl.png?v=1492414375650",
    "isCustomThumbnail": 0,
    "builtinTags": [
        "category-work",
        "grid",
        "legend",
        "series-line",
        "title",
        "tooltip"
    ],
    "customTags": [],
    "updaterUserName": "九月秋过"
}