{
    "cid": "xH1Hc5TMfx",
    "authorUid": "bd-118370542",
    "authorUserName": "8***2",
    "title": "简单的双向柱状图",
    "description": "",
    "latestVersion": 1,
    "alwaysLatest": 1,
    "createTime": "2016-11-23T07:51:40.000Z",
    "lastUpdateTime": "2016-11-23T07:51:40.000Z",
    "auth": 2,
    "uid": "bd-118370542",
    "publishedVersion": 0,
    "forkFrom": "-",
    "isSpam": 0,
    "version": 1,
    "parentVersion": -1,
    "echartsVersion": "3.3.1",
    "versionCreateTime": "2016-11-23T07:51:40.000Z",
    "html": "",
    "externalScripts": "",
    "updaterUID": "bd-118370542",
    "theme": "",
    "layout": "",
    "viewCount": 1256,
    "userName": "8***2",
    "commentCount": 0,
    "starCount": 0,
    "isStared": 0,
    "thumbnailURL": "https://www.makeapie.com/ecg-storage/ec_gallery_thumbnail/xH1Hc5TMfx.png?v=1479887500773",
    "isCustomThumbnail": 0,
    "builtinTags": [
        "category-work",
        "grid",
        "series-bar",
        "tooltip"
    ],
    "customTags": [],
    "updaterUserName": "8***2"
}