{
    "cid": "xH1O6g94fl",
    "authorUid": "bd-2762228889",
    "authorUserName": "TheresaYan44",
    "title": "Poor households - housing characteristic (KT)",
    "description": "",
    "latestVersion": 1,
    "alwaysLatest": 1,
    "createTime": "2016-11-24T16:09:35.000Z",
    "lastUpdateTime": "2016-11-24T16:09:35.000Z",
    "auth": 2,
    "uid": "bd-2762228889",
    "publishedVersion": 0,
    "forkFrom": "-",
    "isSpam": 0,
    "version": 1,
    "parentVersion": -1,
    "echartsVersion": "3.3.1",
    "versionCreateTime": "2016-11-24T16:09:35.000Z",
    "html": "",
    "externalScripts": "",
    "updaterUID": "bd-2762228889",
    "theme": "",
    "layout": "",
    "viewCount": 1133,
    "userName": "TheresaYan44",
    "commentCount": 0,
    "starCount": 0,
    "isStared": 0,
    "thumbnailURL": "https://www.makeapie.com/ecg-storage/ec_gallery_thumbnail/xH1O6g94fl.png?v=1480003776085",
    "isCustomThumbnail": 0,
    "builtinTags": [
        "category-work",
        "legend",
        "series-pie",
        "tooltip"
    ],
    "customTags": [],
    "updaterUserName": "TheresaYan44"
}