{
    "cid": "xrJKSPXVfx",
    "authorUid": "bd-2315755981",
    "authorUserName": "cqcn1991",
    "title": "Median Percent Return",
    "description": "of assets in study",
    "latestVersion": 1,
    "alwaysLatest": 1,
    "createTime": "2016-11-24T08:39:29.000Z",
    "lastUpdateTime": "2016-11-24T08:39:29.000Z",
    "auth": 2,
    "uid": "bd-2315755981",
    "publishedVersion": 0,
    "forkFrom": "-",
    "isSpam": 0,
    "version": 1,
    "parentVersion": -1,
    "echartsVersion": "3.3.1",
    "versionCreateTime": "2016-11-24T08:39:29.000Z",
    "html": "",
    "externalScripts": "",
    "updaterUID": "bd-2315755981",
    "theme": "dark",
    "layout": "",
    "viewCount": 457,
    "userName": "cqcn1991",
    "commentCount": 0,
    "starCount": 1,
    "isStared": 0,
    "thumbnailURL": "https://www.makeapie.com/ecg-storage/ec_gallery_thumbnail/xrJKSPXVfx.png?v=1479976769533",
    "isCustomThumbnail": 0,
    "builtinTags": [
        "category-work",
        "grid",
        "series-bar",
        "title",
        "tooltip"
    ],
    "customTags": [],
    "updaterUserName": "cqcn1991"
}