{
    "cid": "xrk4Z_TrMx",
    "authorUid": "bd-2013473857",
    "authorUserName": "private可心",
    "title": "2006-2014 Maternal Mortality Rate in China",
    "description": "Maternal Mortality Rate in Different Provinces (per 100,000)",
    "latestVersion": 3,
    "alwaysLatest": 1,
    "createTime": "2016-11-25T14:17:32.000Z",
    "lastUpdateTime": "2016-11-25T14:17:32.000Z",
    "auth": 2,
    "uid": "bd-2013473857",
    "publishedVersion": 0,
    "forkFrom": "-",
    "isSpam": 0,
    "version": 3,
    "parentVersion": 2,
    "echartsVersion": "3.3.2",
    "versionCreateTime": "2016-12-01T08:27:27.000Z",
    "html": "",
    "externalScripts": "/dep/echarts/map/js/china.js",
    "updaterUID": "bd-2013473857",
    "theme": "default",
    "layout": "",
    "viewCount": 11275,
    "userName": "private可心",
    "commentCount": 1,
    "starCount": 25,
    "isStared": 0,
    "thumbnailURL": "https://www.makeapie.com/ecg-storage/ec_gallery_thumbnail/xrk4Z_TrMx.png?v=1480580847415",
    "isCustomThumbnail": 0,
    "builtinTags": [
        "category-work",
        "series-map",
        "timeline",
        "title",
        "tooltip"
    ],
    "customTags": [],
    "updaterUserName": "private可心"
}