{
    "cid": "xry0lMueGx",
    "authorUid": "bd-2762228889",
    "authorUserName": "TheresaYan44",
    "title": " Poverty Rate(%) by district Council district (2015)",
    "description": "Data from Commission on Poverty",
    "latestVersion": 4,
    "alwaysLatest": 1,
    "createTime": "2016-11-21T13:09:09.000Z",
    "lastUpdateTime": "2016-11-21T13:09:09.000Z",
    "auth": 2,
    "uid": "bd-2762228889",
    "publishedVersion": 0,
    "forkFrom": "-",
    "isSpam": 0,
    "version": 4,
    "parentVersion": 3,
    "echartsVersion": "3.3.1",
    "versionCreateTime": "2016-11-24T15:22:22.000Z",
    "html": "",
    "externalScripts": "",
    "updaterUID": "bd-2762228889",
    "theme": "",
    "layout": "",
    "viewCount": 1046,
    "userName": "TheresaYan44",
    "commentCount": 0,
    "starCount": 3,
    "isStared": 0,
    "thumbnailURL": "https://www.makeapie.com/ecg-storage/ec_gallery_thumbnail/xry0lMueGx.png?v=1480000943061",
    "isCustomThumbnail": 0,
    "builtinTags": [
        "category-work",
        "series-map",
        "title",
        "toolbox",
        "tooltip",
        "visualMap"
    ],
    "customTags": [],
    "updaterUserName": "TheresaYan44"
}