{
    "cid": "xSJ6jtvrfe",
    "authorUid": "bd-2316145965",
    "authorUserName": "miaolz123",
    "title": "抗战劳工籍贯分布",
    "description": "抗战劳工籍贯分布",
    "latestVersion": 2,
    "alwaysLatest": 1,
    "createTime": "2016-11-25T07:35:01.000Z",
    "lastUpdateTime": "2016-11-25T07:35:01.000Z",
    "auth": 2,
    "uid": "bd-2316145965",
    "publishedVersion": 0,
    "forkFrom": "-",
    "isSpam": 0,
    "version": 2,
    "parentVersion": 1,
    "echartsVersion": "3.3.2",
    "versionCreateTime": "2016-11-25T07:43:08.000Z",
    "html": "",
    "externalScripts": "/dep/echarts/map/js/china.js",
    "updaterUID": "bd-2316145965",
    "theme": "",
    "layout": "",
    "viewCount": 2355,
    "userName": "miaolz123",
    "commentCount": 0,
    "starCount": 3,
    "isStared": 0,
    "thumbnailURL": "https://www.makeapie.com/ecg-storage/ec_gallery_thumbnail/xSJ6jtvrfe.png?v=1480059788363",
    "isCustomThumbnail": 0,
    "builtinTags": [
        "category-work",
        "series-map",
        "timeline",
        "title",
        "tooltip"
    ],
    "customTags": [],
    "updaterUserName": "miaolz123"
}