{
    "cid": "xSJIDktHzl",
    "authorUid": "bd-3830429508",
    "authorUserName": "L***i",
    "title": "纵向单位： (个)    横向单位：日期(时间段) ",
    "description": "化繁为简，柱型图。简约主义",
    "latestVersion": 1,
    "alwaysLatest": 1,
    "createTime": "2016-11-25T09:07:42.000Z",
    "lastUpdateTime": "2016-11-25T09:07:42.000Z",
    "auth": 2,
    "uid": "bd-3830429508",
    "publishedVersion": 0,
    "forkFrom": "-",
    "isSpam": 0,
    "version": 1,
    "parentVersion": -1,
    "echartsVersion": "3.3.2",
    "versionCreateTime": "2016-11-25T09:07:42.000Z",
    "html": "",
    "externalScripts": "",
    "updaterUID": "bd-3830429508",
    "theme": "",
    "layout": "",
    "viewCount": 815,
    "userName": "L***i",
    "commentCount": 0,
    "starCount": 2,
    "isStared": 0,
    "thumbnailURL": "https://www.makeapie.com/ecg-storage/ec_gallery_thumbnail/xSJIDktHzl.png?v=1480064862237",
    "isCustomThumbnail": 0,
    "builtinTags": [
        "category-work",
        "grid",
        "series-bar",
        "title"
    ],
    "customTags": [],
    "updaterUserName": "L***i"
}