{
    "cid": "xSyA1REWGg",
    "authorUid": "bd-3305117732",
    "authorUserName": "夸父逐光",
    "title": "仪表盘",
    "description": "",
    "latestVersion": 4,
    "alwaysLatest": 1,
    "createTime": "2016-11-22T03:39:17.000Z",
    "lastUpdateTime": "2016-11-22T03:39:17.000Z",
    "auth": 2,
    "uid": "bd-3305117732",
    "publishedVersion": 0,
    "forkFrom": "-",
    "isSpam": 0,
    "version": 4,
    "parentVersion": 3,
    "echartsVersion": "3.3.1",
    "versionCreateTime": "2016-11-22T06:41:55.000Z",
    "html": "",
    "externalScripts": "",
    "updaterUID": "bd-3305117732",
    "theme": "",
    "layout": "",
    "viewCount": 3153,
    "userName": "夸父逐光",
    "commentCount": 0,
    "starCount": 2,
    "isStared": 0,
    "thumbnailURL": "https://www.makeapie.com/ecg-storage/ec_gallery_thumbnail/xSyA1REWGg.png?v=1479796915762",
    "isCustomThumbnail": 0,
    "builtinTags": [
        "category-work",
        "legend",
        "series-gauge",
        "title"
    ],
    "customTags": [],
    "updaterUserName": "夸父逐光"
}