{
    "cid": "xSyTBjFfMe",
    "authorUid": "bd-722184630",
    "authorUserName": "fjz92419",
    "title": "有效问卷分布",
    "description": "",
    "latestVersion": 2,
    "alwaysLatest": 1,
    "createTime": "2016-11-23T03:21:41.000Z",
    "lastUpdateTime": "2016-11-23T03:21:41.000Z",
    "auth": 2,
    "uid": "bd-722184630",
    "publishedVersion": 0,
    "forkFrom": "-",
    "isSpam": 0,
    "version": 2,
    "parentVersion": 1,
    "echartsVersion": "3.6.2",
    "versionCreateTime": "2017-08-18T02:18:00.000Z",
    "html": "",
    "externalScripts": "/dep/echarts/map/js/china.js",
    "updaterUID": "bd-722184630",
    "theme": "",
    "layout": "",
    "viewCount": 1157,
    "userName": "fjz92419",
    "commentCount": 0,
    "starCount": 2,
    "isStared": 0,
    "thumbnailURL": "https://www.makeapie.com/ecg-storage/ec_gallery_thumbnail/xSyTBjFfMe.png?v=1503022680180",
    "isCustomThumbnail": 0,
    "builtinTags": [
        "category-work",
        "geo",
        "series-scatter",
        "visualMap"
    ],
    "customTags": [],
    "updaterUserName": "fjz92419"
}