{
    "cid": "x6zb28HIv4",
    "authorUid": "obd-o2SatazKKSL2OpuaqBHoEoqYuA2iU6o",
    "authorUserName": "我***风",
    "title": "清新漏斗图",
    "description": "",
    "latestVersion": 1,
    "alwaysLatest": 1,
    "createTime": "2020-08-05T03:06:00.000Z",
    "lastUpdateTime": "2020-08-05T03:06:00.000Z",
    "auth": 2,
    "uid": "obd-o2SatazKKSL2OpuaqBHoEoqYuA2iU6o",
    "publishedVersion": 0,
    "forkFrom": "-",
    "isSpam": 0,
    "version": 1,
    "parentVersion": -1,
    "echartsVersion": "4.8.0",
    "versionCreateTime": "2020-08-05T03:06:00.000Z",
    "html": "",
    "externalScripts": "",
    "updaterUID": "obd-o2SatazKKSL2OpuaqBHoEoqYuA2iU6o",
    "theme": "",
    "layout": "",
    "viewCount": 508,
    "userName": "我***风",
    "commentCount": 0,
    "starCount": 1,
    "isStared": 0,
    "thumbnailURL": "https://www.makeapie.com/ecg-storage/ec_gallery_thumbnail/x6zb28HIv4.png?v=1596596760400",
    "isCustomThumbnail": 0,
    "builtinTags": [
        "category-work",
        "series-funnel",
        "tooltip"
    ],
    "customTags": [],
    "updaterUserName": "我***风"
}