{
    "cid": "xe0cVY4ytU",
    "authorUid": "bd-623649287",
    "authorUserName": "l***c",
    "title": "患者时间轴-line",
    "description": "",
    "latestVersion": 2,
    "alwaysLatest": 1,
    "createTime": "2020-08-05T09:55:23.000Z",
    "lastUpdateTime": "2020-08-05T09:55:23.000Z",
    "auth": 2,
    "uid": "bd-623649287",
    "publishedVersion": 0,
    "forkFrom": "-",
    "isSpam": 0,
    "version": 2,
    "parentVersion": 1,
    "echartsVersion": "4.8.0",
    "versionCreateTime": "2020-08-07T06:15:37.000Z",
    "html": "",
    "externalScripts": "",
    "updaterUID": "bd-623649287",
    "theme": "",
    "layout": "",
    "viewCount": 85,
    "userName": "l***c",
    "commentCount": 0,
    "starCount": 1,
    "isStared": 0,
    "thumbnailURL": "https://www.makeapie.com/ecg-storage/ec_gallery_thumbnail/xe0cVY4ytU.png?v=1596780937870",
    "isCustomThumbnail": 0,
    "builtinTags": [
        "category-work",
        "grid",
        "series-line",
        "title"
    ],
    "customTags": [],
    "updaterUserName": "l***c"
}