{
    "cid": "xgbjPRN8up",
    "authorUid": "bd-1999656674",
    "authorUserName": "s***凉",
    "title": "柱状图进阶版本",
    "description": "之前那一版有点瑕疵",
    "latestVersion": 1,
    "alwaysLatest": 1,
    "createTime": "2020-08-06T04:30:12.000Z",
    "lastUpdateTime": "2020-08-06T04:30:12.000Z",
    "auth": 2,
    "uid": "bd-1999656674",
    "publishedVersion": 0,
    "forkFrom": "-",
    "isSpam": 0,
    "version": 1,
    "parentVersion": -1,
    "echartsVersion": "4.8.0",
    "versionCreateTime": "2020-08-06T04:30:12.000Z",
    "html": "",
    "externalScripts": "",
    "updaterUID": "bd-1999656674",
    "theme": "",
    "layout": "",
    "viewCount": 184,
    "userName": "s***凉",
    "commentCount": 0,
    "starCount": 0,
    "isStared": 0,
    "thumbnailURL": "https://www.makeapie.com/ecg-storage/ec_gallery_thumbnail/xgbjPRN8up.png?v=1596688212671",
    "isCustomThumbnail": 0,
    "builtinTags": [
        "category-work",
        "grid",
        "legend",
        "markLine",
        "series-bar",
        "toolbox",
        "tooltip"
    ],
    "customTags": [],
    "updaterUserName": "s***凉"
}