{
    "cid": "xHYxMd7xUD",
    "authorUid": "obd-o2SatazKKSL2OpuaqBHoEoqYuA2iU6o",
    "authorUserName": "我***风",
    "title": "炫酷饼状图",
    "description": "",
    "latestVersion": 3,
    "alwaysLatest": 1,
    "createTime": "2020-08-04T08:06:21.000Z",
    "lastUpdateTime": "2020-08-04T08:06:21.000Z",
    "auth": 2,
    "uid": "obd-o2SatazKKSL2OpuaqBHoEoqYuA2iU6o",
    "publishedVersion": 0,
    "forkFrom": "-",
    "isSpam": 0,
    "version": 3,
    "parentVersion": 2,
    "echartsVersion": "4.8.0",
    "versionCreateTime": "2020-08-04T09:23:59.000Z",
    "html": "",
    "externalScripts": "",
    "updaterUID": "obd-o2SatazKKSL2OpuaqBHoEoqYuA2iU6o",
    "theme": "",
    "layout": "",
    "viewCount": 285,
    "userName": "我***风",
    "commentCount": 0,
    "starCount": 6,
    "isStared": 0,
    "thumbnailURL": "https://www.makeapie.com/ecg-storage/ec_gallery_thumbnail/xHYxMd7xUD.png?v=1596533039412",
    "isCustomThumbnail": 0,
    "builtinTags": [
        "category-work",
        "grid",
        "series-line",
        "title"
    ],
    "customTags": [],
    "updaterUserName": "我***风"
}