{
    "cid": "xiAcBcRsqb",
    "authorUid": "obd-o2SatazKKSL2OpuaqBHoEoqYuA2iU6o",
    "authorUserName": "我***风",
    "title": "清新雷达图",
    "description": "",
    "latestVersion": 3,
    "alwaysLatest": 1,
    "createTime": "2020-08-04T10:24:22.000Z",
    "lastUpdateTime": "2020-08-04T10:24:22.000Z",
    "auth": 2,
    "uid": "obd-o2SatazKKSL2OpuaqBHoEoqYuA2iU6o",
    "publishedVersion": 0,
    "forkFrom": "-",
    "isSpam": 0,
    "version": 3,
    "parentVersion": 2,
    "echartsVersion": "4.8.0",
    "versionCreateTime": "2020-08-07T01:50:14.000Z",
    "html": "",
    "externalScripts": "",
    "updaterUID": "obd-o2SatazKKSL2OpuaqBHoEoqYuA2iU6o",
    "theme": "",
    "layout": "",
    "viewCount": 655,
    "userName": "我***风",
    "commentCount": 0,
    "starCount": 1,
    "isStared": 0,
    "thumbnailURL": "https://www.makeapie.com/ecg-storage/ec_gallery_thumbnail/xiAcBcRsqb.png?v=1596765014659",
    "isCustomThumbnail": 0,
    "builtinTags": [
        "category-work",
        "radar",
        "series-radar",
        "tooltip"
    ],
    "customTags": [],
    "updaterUserName": "我***风"
}