{
    "cid": "xJp_utFT3E",
    "authorUid": "obd-oAL51T-3FRqT6TkeEhUB7cS1Zj4xU7c",
    "authorUserName": "h***2",
    "title": "test3",
    "description": "",
    "latestVersion": 6,
    "alwaysLatest": 1,
    "createTime": "2020-08-05T10:24:42.000Z",
    "lastUpdateTime": "2020-08-05T10:24:42.000Z",
    "auth": 2,
    "uid": "obd-oAL51T-3FRqT6TkeEhUB7cS1Zj4xU7c",
    "publishedVersion": 0,
    "forkFrom": "-",
    "isSpam": 0,
    "version": 6,
    "parentVersion": 5,
    "echartsVersion": "4.8.0",
    "versionCreateTime": "2020-08-18T09:11:39.000Z",
    "html": "",
    "externalScripts": "",
    "updaterUID": "obd-oAL51T-3FRqT6TkeEhUB7cS1Zj4xU7c",
    "theme": "",
    "layout": "",
    "viewCount": 428,
    "userName": "h***2",
    "commentCount": 0,
    "starCount": 0,
    "isStared": 0,
    "thumbnailURL": "https://www.makeapie.com/ecg-storage/ec_gallery_thumbnail/xJp_utFT3E.png?v=1597741900038",
    "isCustomThumbnail": 0,
    "builtinTags": [
        "category-work",
        "grid",
        "legend",
        "series-bar",
        "tooltip"
    ],
    "customTags": [],
    "updaterUserName": "h***2"
}