{
    "cid": "xkEYAMGffh",
    "authorUid": "obd-ojnT5tSZJmq6Cighx2Iq8bxB1YZtgDG",
    "authorUserName": "b***u",
    "title": "成都地铁人流量动态监测",
    "description": "",
    "latestVersion": 2,
    "alwaysLatest": 1,
    "createTime": "2020-08-06T06:58:03.000Z",
    "lastUpdateTime": "2020-08-06T06:58:03.000Z",
    "auth": 2,
    "uid": "obd-ojnT5tSZJmq6Cighx2Iq8bxB1YZtgDG",
    "publishedVersion": 0,
    "forkFrom": "-",
    "isSpam": 0,
    "version": 2,
    "parentVersion": 1,
    "echartsVersion": "4.8.0",
    "versionCreateTime": "2020-08-06T06:59:06.000Z",
    "html": "",
    "externalScripts": "",
    "updaterUID": "obd-ojnT5tSZJmq6Cighx2Iq8bxB1YZtgDG",
    "theme": "",
    "layout": "",
    "viewCount": 523,
    "userName": "b***u",
    "commentCount": 0,
    "starCount": 2,
    "isStared": 0,
    "thumbnailURL": "https://www.makeapie.com/ecg-storage/ec_gallery_thumbnail/xkEYAMGffh.png?v=1596697146743",
    "isCustomThumbnail": 0,
    "builtinTags": [
        "category-work",
        "grid",
        "series-line",
        "title"
    ],
    "customTags": [],
    "updaterUserName": "b***u"
}