{
    "cid": "xN7UAfhw_0",
    "authorUid": "obd-o24grMmy0X-OkXC4_SzQy6Xe5iJNEBA",
    "authorUserName": "小***9",
    "title": "曲线区域渐变",
    "description": "曲线区域渐变",
    "latestVersion": 3,
    "alwaysLatest": 1,
    "createTime": "2020-08-06T02:27:09.000Z",
    "lastUpdateTime": "2020-08-06T02:27:09.000Z",
    "auth": 1,
    "uid": "obd-o24grMmy0X-OkXC4_SzQy6Xe5iJNEBA",
    "publishedVersion": 0,
    "forkFrom": "-",
    "isSpam": 0,
    "version": 3,
    "parentVersion": 2,
    "echartsVersion": "4.8.0",
    "versionCreateTime": "2020-09-15T07:49:21.000Z",
    "html": "",
    "externalScripts": "",
    "updaterUID": "ec-gallery-anonymous",
    "theme": "dark",
    "layout": "",
    "viewCount": 136,
    "userName": "小***9",
    "commentCount": 0,
    "starCount": 2,
    "isStared": 0,
    "thumbnailURL": "https://www.makeapie.com/ecg-storage/ec_gallery_thumbnail/xN7UAfhw_0.png?v=1600156161668",
    "isCustomThumbnail": 0,
    "builtinTags": [
        "category-work",
        "grid",
        "series-line",
        "tooltip"
    ],
    "customTags": []
}