{
    "cid": "xnVmzkV9ew",
    "authorUid": "bd-4230294754",
    "authorUserName": "无***K",
    "title": "环形图",
    "description": "",
    "latestVersion": 4,
    "alwaysLatest": 1,
    "createTime": "2020-08-04T07:04:29.000Z",
    "lastUpdateTime": "2020-08-04T07:04:29.000Z",
    "auth": 2,
    "uid": "bd-4230294754",
    "publishedVersion": 0,
    "forkFrom": "-",
    "isSpam": 0,
    "version": 4,
    "parentVersion": 3,
    "echartsVersion": "4.8.0",
    "versionCreateTime": "2020-08-14T10:05:03.000Z",
    "html": "",
    "externalScripts": "",
    "updaterUID": "bd-4230294754",
    "theme": "",
    "layout": "",
    "viewCount": 305,
    "userName": "无***K",
    "commentCount": 0,
    "starCount": 4,
    "isStared": 0,
    "thumbnailURL": "https://www.makeapie.com/ecg-storage/ec_gallery_thumbnail/xnVmzkV9ew.png?v=1597399503408",
    "isCustomThumbnail": 0,
    "builtinTags": [
        "category-work",
        "legend",
        "series-pie",
        "tooltip"
    ],
    "customTags": [],
    "updaterUserName": "无***K"
}