{
    "cid": "xT5mcy7Tbn",
    "authorUid": "obd-oFhwuecjjxXxN8nxe45eXUZly4CnR5h",
    "authorUserName": "浅***笑",
    "title": "直方图",
    "description": "",
    "latestVersion": 2,
    "alwaysLatest": 1,
    "createTime": "2020-08-05T07:52:14.000Z",
    "lastUpdateTime": "2020-08-05T07:52:14.000Z",
    "auth": 2,
    "uid": "obd-oFhwuecjjxXxN8nxe45eXUZly4CnR5h",
    "publishedVersion": 0,
    "forkFrom": "-",
    "isSpam": 0,
    "version": 2,
    "parentVersion": 1,
    "echartsVersion": "4.8.0",
    "versionCreateTime": "2020-08-05T07:52:32.000Z",
    "html": "",
    "externalScripts": "",
    "updaterUID": "obd-oFhwuecjjxXxN8nxe45eXUZly4CnR5h",
    "theme": "",
    "layout": "",
    "viewCount": 15,
    "userName": "浅***笑",
    "commentCount": 0,
    "starCount": 0,
    "isStared": 0,
    "thumbnailURL": "https://www.makeapie.com/ecg-storage/ec_gallery_thumbnail/xT5mcy7Tbn.png?v=1596613952370",
    "isCustomThumbnail": 0,
    "builtinTags": [
        "category-work",
        "grid",
        "series-bar"
    ],
    "customTags": [],
    "updaterUserName": "浅***笑"
}