{
    "cid": "xVEyxY8ICG",
    "authorUid": "obd-oAL51T-3FRqT6TkeEhUB7cS1Zj4xU7c",
    "authorUserName": "h***2",
    "title": "测试图",
    "description": "",
    "latestVersion": 5,
    "alwaysLatest": 1,
    "createTime": "2020-08-05T06:16:41.000Z",
    "lastUpdateTime": "2020-08-05T06:25:22.000Z",
    "auth": 2,
    "uid": "obd-oAL51T-3FRqT6TkeEhUB7cS1Zj4xU7c",
    "publishedVersion": 0,
    "forkFrom": "-",
    "isSpam": 0,
    "version": 5,
    "parentVersion": 4,
    "echartsVersion": "4.8.0",
    "versionCreateTime": "2020-08-10T03:19:18.000Z",
    "html": "",
    "externalScripts": "",
    "updaterUID": "obd-oAL51T-3FRqT6TkeEhUB7cS1Zj4xU7c",
    "theme": "shine",
    "layout": "",
    "viewCount": 191,
    "userName": "h***2",
    "commentCount": 0,
    "starCount": 1,
    "isStared": 0,
    "thumbnailURL": "https://www.makeapie.com/ecg-storage/ec_gallery_thumbnail/xVEyxY8ICG.png?v=1597029558349",
    "isCustomThumbnail": 0,
    "builtinTags": [],
    "customTags": [],
    "updaterUserName": "h***2"
}