{
    "cid": "xwYVB_8jfm",
    "authorUid": "obd-oCvnwOwKNcu79dRgzPbzQaGSYlnbt36",
    "authorUserName": "宇***独",
    "title": "排行榜，数值正确版",
    "description": "",
    "latestVersion": 1,
    "alwaysLatest": 1,
    "createTime": "2020-08-05T07:59:40.000Z",
    "lastUpdateTime": "2020-08-05T07:59:40.000Z",
    "auth": 2,
    "uid": "obd-oCvnwOwKNcu79dRgzPbzQaGSYlnbt36",
    "publishedVersion": 0,
    "forkFrom": "-",
    "isSpam": 0,
    "version": 1,
    "parentVersion": -1,
    "echartsVersion": "4.8.0",
    "versionCreateTime": "2020-08-05T07:59:40.000Z",
    "html": "",
    "externalScripts": "",
    "updaterUID": "obd-oCvnwOwKNcu79dRgzPbzQaGSYlnbt36",
    "theme": "",
    "layout": "",
    "viewCount": 309,
    "userName": "宇***独",
    "commentCount": 0,
    "starCount": 2,
    "isStared": 0,
    "thumbnailURL": "https://www.makeapie.com/ecg-storage/ec_gallery_thumbnail/xwYVB_8jfm.png?v=1596614380610",
    "isCustomThumbnail": 0,
    "builtinTags": [
        "category-work",
        "grid",
        "series-bar",
        "title",
        "tooltip"
    ],
    "customTags": [],
    "updaterUserName": "宇***独"
}