{
    "cid": "xB1GtSeU4G",
    "authorUid": "bd-259133423",
    "authorUserName": "祖***6",
    "title": "",
    "description": "",
    "latestVersion": 1,
    "alwaysLatest": 1,
    "createTime": "2018-01-12T08:44:41.000Z",
    "lastUpdateTime": "2018-01-12T08:44:41.000Z",
    "auth": 2,
    "uid": "bd-259133423",
    "publishedVersion": 0,
    "forkFrom": "-",
    "isSpam": 0,
    "version": 1,
    "parentVersion": -1,
    "echartsVersion": "3.8.0",
    "versionCreateTime": "2018-01-12T08:44:41.000Z",
    "html": "",
    "externalScripts": "",
    "updaterUID": "bd-259133423",
    "theme": "",
    "layout": "",
    "viewCount": 885,
    "userName": "祖***6",
    "commentCount": 0,
    "starCount": 0,
    "isStared": 0,
    "thumbnailURL": "https://www.makeapie.com/ecg-storage/ec_gallery_thumbnail/xB1GtSeU4G.png?v=1515746681868",
    "isCustomThumbnail": 0,
    "builtinTags": [
        "category-work",
        "legend",
        "series-pie",
        "tooltip"
    ],
    "customTags": [],
    "updaterUserName": "祖***6"
}