{
    "cid": "xB1jiElLEz",
    "authorUid": "bd-259133423",
    "authorUserName": "祖***6",
    "title": "",
    "description": "",
    "latestVersion": 2,
    "alwaysLatest": 1,
    "createTime": "2018-01-12T08:41:07.000Z",
    "lastUpdateTime": "2018-01-12T08:41:07.000Z",
    "auth": 2,
    "uid": "bd-259133423",
    "publishedVersion": 0,
    "forkFrom": "-",
    "isSpam": 0,
    "version": 2,
    "parentVersion": 1,
    "echartsVersion": "3.8.0",
    "versionCreateTime": "2018-01-12T08:42:13.000Z",
    "html": "",
    "externalScripts": "",
    "updaterUID": "bd-259133423",
    "theme": "",
    "layout": "",
    "viewCount": 1126,
    "userName": "祖***6",
    "commentCount": 0,
    "starCount": 3,
    "isStared": 0,
    "thumbnailURL": "https://www.makeapie.com/ecg-storage/ec_gallery_thumbnail/xB1jiElLEz.png?v=1515746533618",
    "isCustomThumbnail": 0,
    "builtinTags": [
        "category-work",
        "grid",
        "series-line",
        "title",
        "tooltip"
    ],
    "customTags": [],
    "updaterUserName": "祖***6"
}