{
    "cid": "xBkv79t4EG",
    "authorUid": "bd-3107974484",
    "authorUserName": "亭***影",
    "title": "纵向双轴折线图",
    "description": "移动端纵向显示，对轴等分",
    "latestVersion": 3,
    "alwaysLatest": 1,
    "createTime": "2018-01-11T06:54:23.000Z",
    "lastUpdateTime": "2018-01-11T06:54:23.000Z",
    "auth": 2,
    "uid": "bd-3107974484",
    "publishedVersion": 0,
    "forkFrom": "-",
    "isSpam": 0,
    "version": 3,
    "parentVersion": 2,
    "echartsVersion": "3.8.0",
    "versionCreateTime": "2018-01-11T10:14:36.000Z",
    "html": "",
    "externalScripts": "",
    "updaterUID": "bd-3107974484",
    "theme": "",
    "layout": "",
    "viewCount": 253,
    "userName": "亭***影",
    "commentCount": 0,
    "starCount": 1,
    "isStared": 0,
    "thumbnailURL": "https://www.makeapie.com/ecg-storage/ec_gallery_thumbnail/xBkv79t4EG.png?v=1515665676171",
    "isCustomThumbnail": 0,
    "builtinTags": [
        "category-work",
        "grid",
        "series-line",
        "tooltip"
    ],
    "customTags": [
        "等分",
        "纵向"
    ],
    "updaterUserName": "亭***影"
}