{
    "cid": "xBySVyDV4M",
    "authorUid": "bd-2136137468",
    "authorUserName": "h***4",
    "title": "饼图",
    "description": "",
    "latestVersion": 2,
    "alwaysLatest": 1,
    "createTime": "2018-01-11T03:51:09.000Z",
    "lastUpdateTime": "2018-01-11T03:51:09.000Z",
    "auth": 2,
    "uid": "bd-2136137468",
    "publishedVersion": 0,
    "forkFrom": "-",
    "isSpam": 0,
    "version": 2,
    "parentVersion": 1,
    "echartsVersion": "3.8.0",
    "versionCreateTime": "2018-01-11T03:53:49.000Z",
    "html": "",
    "externalScripts": "",
    "updaterUID": "bd-2136137468",
    "theme": "",
    "layout": "",
    "viewCount": 224,
    "userName": "h***4",
    "commentCount": 0,
    "starCount": 0,
    "isStared": 0,
    "thumbnailURL": "https://www.makeapie.com/ecg-storage/ec_gallery_thumbnail/xBySVyDV4M.png?v=1515642829946",
    "isCustomThumbnail": 0,
    "builtinTags": [
        "category-work",
        "series-pie",
        "tooltip"
    ],
    "customTags": [],
    "updaterUserName": "h***4"
}