{
    "cid": "xHkXDpcNEG",
    "authorUid": "bd-2399318835",
    "authorUserName": "1***5",
    "title": "简单柱状图",
    "description": "",
    "latestVersion": 1,
    "alwaysLatest": 1,
    "createTime": "2018-01-11T08:16:26.000Z",
    "lastUpdateTime": "2018-01-11T08:16:26.000Z",
    "auth": 2,
    "uid": "bd-2399318835",
    "publishedVersion": 0,
    "forkFrom": "-",
    "isSpam": 0,
    "version": 1,
    "parentVersion": -1,
    "echartsVersion": "3.8.0",
    "versionCreateTime": "2018-01-11T08:16:26.000Z",
    "html": "",
    "externalScripts": "",
    "updaterUID": "bd-2399318835",
    "theme": "",
    "layout": "",
    "viewCount": 229,
    "userName": "1***5",
    "commentCount": 0,
    "starCount": 1,
    "isStared": 0,
    "thumbnailURL": "https://www.makeapie.com/ecg-storage/ec_gallery_thumbnail/xHkXDpcNEG.png?v=1515658586894",
    "isCustomThumbnail": 0,
    "builtinTags": [
        "category-work",
        "dataZoom",
        "grid",
        "series-bar",
        "tooltip"
    ],
    "customTags": [],
    "updaterUserName": "1***5"
}