{
    "cid": "xHyiG_MDEz",
    "authorUid": "bd-3778831175",
    "authorUserName": "m***i",
    "title": "北京道路动态展示  GL   maptalks",
    "description": "北京道路动态展示  GL   maptalks",
    "latestVersion": 5,
    "alwaysLatest": 1,
    "createTime": "2018-01-13T05:24:35.000Z",
    "lastUpdateTime": "2018-01-13T05:24:35.000Z",
    "auth": 2,
    "uid": "bd-3778831175",
    "publishedVersion": 0,
    "forkFrom": "-",
    "isSpam": 0,
    "version": 5,
    "parentVersion": 4,
    "echartsVersion": "4.1.0",
    "versionCreateTime": "2019-01-09T10:44:25.000Z",
    "html": "",
    "externalScripts": "https://cdn.jsdelivr.net/npm/maptalks@0.39.3/dist/maptalks.min.js,https://cdn.bootcss.com/echarts/4.1.0/echarts.min.js,https://deyihu.github.io/src/lib/echarts-gl.1.1.3.js?tdsourcetag=s_pctim_aiomsg,https://cdn.bootcss.com/jquery/2.0.3/jquery.min.js,https://cdn.bootcss.com/proj4js/2.4.4/proj4.js",
    "updaterUID": "bd-3778831175",
    "theme": "",
    "layout": "",
    "viewCount": 1480,
    "userName": "m***i",
    "commentCount": 2,
    "starCount": 7,
    "isStared": 0,
    "thumbnailURL": "https://www.makeapie.com/ecg-storage/ec_gallery_thumbnail/xHyiG_MDEz.png?v=1515821075550",
    "isCustomThumbnail": 1,
    "builtinTags": [
        "category-work",
        "maptalks3D",
        "series-lines3D"
    ],
    "customTags": [],
    "updaterUserName": "m***i"
}