{
    "cid": "xHyiwNe8EG",
    "authorUid": "bd-259133423",
    "authorUserName": "祖***6",
    "title": "",
    "description": "",
    "latestVersion": 1,
    "alwaysLatest": 1,
    "createTime": "2018-01-12T08:40:02.000Z",
    "lastUpdateTime": "2018-01-12T08:40:02.000Z",
    "auth": 2,
    "uid": "bd-259133423",
    "publishedVersion": 0,
    "forkFrom": "-",
    "isSpam": 0,
    "version": 1,
    "parentVersion": -1,
    "echartsVersion": "3.8.0",
    "versionCreateTime": "2018-01-12T08:40:02.000Z",
    "html": "",
    "externalScripts": "/dep/echarts/map/js/china.js",
    "updaterUID": "bd-259133423",
    "theme": "",
    "layout": "",
    "viewCount": 1305,
    "userName": "祖***6",
    "commentCount": 0,
    "starCount": 2,
    "isStared": 0,
    "thumbnailURL": "https://www.makeapie.com/ecg-storage/ec_gallery_thumbnail/xHyiwNe8EG.png?v=1515746402808",
    "isCustomThumbnail": 0,
    "builtinTags": [
        "category-work",
        "grid",
        "series-bar",
        "series-map",
        "tooltip",
        "visualMap"
    ],
    "customTags": [],
    "updaterUserName": "祖***6"
}