{
    "cid": "xHyPtsjB4G",
    "authorUid": "bd-2504481645",
    "authorUserName": "樊篱的自由",
    "title": "华北水利水电大学数据分析",
    "description": "各学院专业关系",
    "latestVersion": 1,
    "alwaysLatest": 1,
    "createTime": "2018-01-12T03:29:03.000Z",
    "lastUpdateTime": "2018-01-12T03:29:03.000Z",
    "auth": 2,
    "uid": "bd-2504481645",
    "publishedVersion": 0,
    "forkFrom": "-",
    "isSpam": 0,
    "version": 1,
    "parentVersion": -1,
    "echartsVersion": "3.8.0",
    "versionCreateTime": "2018-01-12T03:29:03.000Z",
    "html": "",
    "externalScripts": "",
    "updaterUID": "bd-2504481645",
    "theme": "macarons",
    "layout": "",
    "viewCount": 754,
    "userName": "樊篱的自由",
    "commentCount": 0,
    "starCount": 0,
    "isStared": 0,
    "thumbnailURL": "https://www.makeapie.com/ecg-storage/ec_gallery_thumbnail/xHyPtsjB4G.png?v=1515727743458",
    "isCustomThumbnail": 0,
    "builtinTags": [
        "category-work",
        "legend",
        "series-graph",
        "title",
        "toolbox",
        "tooltip"
    ],
    "customTags": [],
    "updaterUserName": "樊篱的自由"
}