{
    "cid": "xr11MMiBVG",
    "authorUid": "bd-1901045381",
    "authorUserName": "greatqgao",
    "title": "3D地球飞行线-自我测试",
    "description": "",
    "latestVersion": 5,
    "alwaysLatest": 1,
    "createTime": "2018-01-12T02:48:39.000Z",
    "lastUpdateTime": "2018-01-12T02:48:39.000Z",
    "auth": 2,
    "uid": "bd-1901045381",
    "publishedVersion": 0,
    "forkFrom": "-",
    "isSpam": 0,
    "version": 5,
    "parentVersion": 4,
    "echartsVersion": "3.8.0",
    "versionCreateTime": "2018-01-12T03:13:07.000Z",
    "html": "",
    "externalScripts": "http://echarts.baidu.com/resource/echarts-gl-latest/dist/echarts-gl.min.js",
    "updaterUID": "bd-1901045381",
    "theme": "",
    "layout": "",
    "viewCount": 716,
    "userName": "greatqgao",
    "commentCount": 0,
    "starCount": 2,
    "isStared": 0,
    "thumbnailURL": "https://www.makeapie.com/ecg-storage/ec_gallery_thumbnail/xr11MMiBVG.png?v=1515726788089",
    "isCustomThumbnail": 0,
    "builtinTags": [
        "category-work",
        "globe",
        "series-lines3D"
    ],
    "customTags": [],
    "updaterUserName": "greatqgao"
}