{
    "cid": "xrk1TLCrVz",
    "authorUid": "bd-1479180151",
    "authorUserName": "ywfish1989",
    "title": "World events (2015.02)",
    "description": "From GDELT",
    "latestVersion": 2,
    "alwaysLatest": 1,
    "createTime": "2018-01-12T06:33:26.000Z",
    "lastUpdateTime": "2018-01-12T06:33:26.000Z",
    "auth": 2,
    "uid": "bd-1479180151",
    "publishedVersion": 0,
    "forkFrom": "-",
    "isSpam": 0,
    "version": 2,
    "parentVersion": 1,
    "echartsVersion": "3.8.0",
    "versionCreateTime": "2018-01-12T06:34:24.000Z",
    "html": "",
    "externalScripts": "/dep/echarts/map/js/world.js",
    "updaterUID": "bd-1479180151",
    "theme": "",
    "layout": "",
    "viewCount": 559,
    "userName": "ywfish1989",
    "commentCount": 0,
    "starCount": 3,
    "isStared": 0,
    "thumbnailURL": "https://www.makeapie.com/ecg-storage/ec_gallery_thumbnail/xrk1TLCrVz.png?v=1515738864736",
    "isCustomThumbnail": 0,
    "builtinTags": [
        "category-work",
        "geo",
        "series-scatter",
        "title",
        "tooltip",
        "visualMap"
    ],
    "customTags": [],
    "updaterUserName": "ywfish1989"
}