{
    "cid": "xrkH6c9ENf",
    "authorUid": "bd-3692871165",
    "authorUserName": "z***1",
    "title": "雷达图",
    "description": "",
    "latestVersion": 1,
    "alwaysLatest": 1,
    "createTime": "2018-01-11T08:05:16.000Z",
    "lastUpdateTime": "2018-01-11T08:05:16.000Z",
    "auth": 2,
    "uid": "bd-3692871165",
    "publishedVersion": 0,
    "forkFrom": "-",
    "isSpam": 0,
    "version": 1,
    "parentVersion": -1,
    "echartsVersion": "3.8.0",
    "versionCreateTime": "2018-01-11T08:05:16.000Z",
    "html": "",
    "externalScripts": "",
    "updaterUID": "bd-3692871165",
    "theme": "",
    "layout": "",
    "viewCount": 266,
    "userName": "z***1",
    "commentCount": 0,
    "starCount": 0,
    "isStared": 0,
    "thumbnailURL": "https://www.makeapie.com/ecg-storage/ec_gallery_thumbnail/xrkH6c9ENf.png?v=1515657916898",
    "isCustomThumbnail": 0,
    "builtinTags": [
        "category-work",
        "legend",
        "radar",
        "series-radar",
        "title",
        "toolbox",
        "tooltip"
    ],
    "customTags": [],
    "updaterUserName": "z***1"
}