{
    "cid": "xryXklHNNG",
    "authorUid": "bd-186954852",
    "authorUserName": "l***7",
    "title": "伪3d柱状图",
    "description": "",
    "latestVersion": 3,
    "alwaysLatest": 1,
    "createTime": "2018-01-11T01:37:30.000Z",
    "lastUpdateTime": "2018-01-11T01:37:30.000Z",
    "auth": 2,
    "uid": "bd-186954852",
    "publishedVersion": 0,
    "forkFrom": "-",
    "isSpam": 0,
    "version": 3,
    "parentVersion": 2,
    "echartsVersion": "3.8.0",
    "versionCreateTime": "2018-01-11T03:04:36.000Z",
    "html": "",
    "externalScripts": "",
    "updaterUID": "bd-186954852",
    "theme": "",
    "layout": "",
    "viewCount": 4178,
    "userName": "l***7",
    "commentCount": 1,
    "starCount": 35,
    "isStared": 0,
    "thumbnailURL": "https://www.makeapie.com/ecg-storage/ec_gallery_thumbnail/xryXklHNNG.png?v=1515639876796",
    "isCustomThumbnail": 0,
    "builtinTags": [
        "category-work",
        "grid",
        "series-pictorialBar"
    ],
    "customTags": [],
    "updaterUserName": "l***7"
}