{
    "cid": "xS1KGKo4VM",
    "authorUid": "bd-2399318835",
    "authorUserName": "1***5",
    "title": "柱状比例图",
    "description": "",
    "latestVersion": 1,
    "alwaysLatest": 1,
    "createTime": "2018-01-11T09:06:25.000Z",
    "lastUpdateTime": "2018-01-11T09:06:25.000Z",
    "auth": 2,
    "uid": "bd-2399318835",
    "publishedVersion": 0,
    "forkFrom": "-",
    "isSpam": 0,
    "version": 1,
    "parentVersion": -1,
    "echartsVersion": "3.8.0",
    "versionCreateTime": "2018-01-11T09:06:25.000Z",
    "html": "",
    "externalScripts": "",
    "updaterUID": "bd-2399318835",
    "theme": "",
    "layout": "",
    "viewCount": 1031,
    "userName": "1***5",
    "commentCount": 0,
    "starCount": 10,
    "isStared": 0,
    "thumbnailURL": "https://www.makeapie.com/ecg-storage/ec_gallery_thumbnail/xS1KGKo4VM.png?v=1515661585147",
    "isCustomThumbnail": 0,
    "builtinTags": [
        "category-work",
        "grid",
        "legend",
        "series-bar",
        "tooltip"
    ],
    "customTags": [],
    "updaterUserName": "1***5"
}