{
    "cid": "xS1Tbdr8EG",
    "authorUid": "bd-3796128407",
    "authorUserName": "王***响",
    "title": "折线过渡装饰错误示例",
    "description": "过渡依赖图例，会让人分心",
    "latestVersion": 3,
    "alwaysLatest": 1,
    "createTime": "2018-01-12T14:36:52.000Z",
    "lastUpdateTime": "2020-01-09T04:06:17.000Z",
    "auth": 2,
    "uid": "bd-3796128407",
    "publishedVersion": 0,
    "forkFrom": "-",
    "isSpam": 0,
    "version": 3,
    "parentVersion": 2,
    "echartsVersion": "3.8.0",
    "versionCreateTime": "2018-01-16T03:19:42.000Z",
    "html": "",
    "externalScripts": "",
    "updaterUID": "bd-3796128407",
    "theme": "default",
    "layout": "",
    "viewCount": 267,
    "userName": "王***响",
    "commentCount": 0,
    "starCount": 0,
    "isStared": 0,
    "thumbnailURL": "https://www.makeapie.com/ecg-storage/ec_gallery_thumbnail/xS1Tbdr8EG.png?v=1578542777583",
    "isCustomThumbnail": 0,
    "builtinTags": [
        "category-work",
        "grid",
        "legend",
        "series-line",
        "tooltip"
    ],
    "customTags": [],
    "updaterUserName": "王***响"
}