{
    "cid": "xSJcLttVVf",
    "authorUid": "bd-1901045381",
    "authorUserName": "greatqgao",
    "title": "3d迁徙",
    "description": "",
    "latestVersion": 1,
    "alwaysLatest": 1,
    "createTime": "2018-01-11T06:50:58.000Z",
    "lastUpdateTime": "2018-01-11T06:50:58.000Z",
    "auth": 2,
    "uid": "bd-1901045381",
    "publishedVersion": 0,
    "forkFrom": "-",
    "isSpam": 0,
    "version": 1,
    "parentVersion": -1,
    "echartsVersion": "3.8.0",
    "versionCreateTime": "2018-01-11T06:50:58.000Z",
    "html": "",
    "externalScripts": "http://echarts.baidu.com/resource/echarts-gl-latest/dist/echarts-gl.min.js,/dep/echarts/map/js/china.js",
    "updaterUID": "bd-1901045381",
    "theme": "",
    "layout": "",
    "viewCount": 3346,
    "userName": "greatqgao",
    "commentCount": 0,
    "starCount": 11,
    "isStared": 0,
    "thumbnailURL": "https://www.makeapie.com/ecg-storage/ec_gallery_thumbnail/xSJcLttVVf.png?v=1515653458713",
    "isCustomThumbnail": 0,
    "builtinTags": [
        "category-work",
        "geo3D",
        "series-bar3D",
        "series-lines3D"
    ],
    "customTags": [],
    "updaterUserName": "greatqgao"
}