{
    "cid": "xSycKF6SVG",
    "authorUid": "bd-2939525108",
    "authorUserName": "x***鱼",
    "title": "单柱提示",
    "description": "",
    "latestVersion": 4,
    "alwaysLatest": 1,
    "createTime": "2018-01-12T05:37:06.000Z",
    "lastUpdateTime": "2018-01-12T05:37:06.000Z",
    "auth": 2,
    "uid": "bd-2939525108",
    "publishedVersion": 0,
    "forkFrom": "-",
    "isSpam": 0,
    "version": 4,
    "parentVersion": 3,
    "echartsVersion": "3.8.0",
    "versionCreateTime": "2018-01-23T09:20:09.000Z",
    "html": "",
    "externalScripts": "http://echarts.baidu.com/resource/echarts-liquidfill-latest/dist/echarts-liquidfill.min.js,http://echarts.baidu.com/resource/echarts-liquidfill-latest/dist/echarts-liquidfill.min.js",
    "updaterUID": "bd-2939525108",
    "theme": "",
    "layout": "",
    "viewCount": 434,
    "userName": "x***鱼",
    "commentCount": 0,
    "starCount": 2,
    "isStared": 0,
    "thumbnailURL": "https://www.makeapie.com/ecg-storage/ec_gallery_thumbnail/xSycKF6SVG.png?v=1516699209472",
    "isCustomThumbnail": 0,
    "builtinTags": [
        "category-work",
        "grid",
        "legend",
        "markPoint",
        "series-bar"
    ],
    "customTags": [],
    "updaterUserName": "x***鱼"
}