{
    "cid": "xFSwMyrCk",
    "authorUid": "bd-2839265078",
    "authorUserName": "寂***柔",
    "title": "出入库统计",
    "description": "商品入库出库统计",
    "latestVersion": 1,
    "alwaysLatest": 1,
    "createTime": "2020-01-19T10:09:42.000Z",
    "lastUpdateTime": "2020-01-19T10:09:42.000Z",
    "auth": 2,
    "uid": "bd-2839265078",
    "publishedVersion": 0,
    "forkFrom": "-",
    "isSpam": 0,
    "version": 1,
    "parentVersion": -1,
    "echartsVersion": "4.4.0",
    "versionCreateTime": "2020-01-19T10:09:42.000Z",
    "html": "",
    "externalScripts": "",
    "updaterUID": "bd-2839265078",
    "theme": "",
    "layout": "",
    "viewCount": 535,
    "userName": "寂***柔",
    "commentCount": 0,
    "starCount": 5,
    "isStared": 0,
    "thumbnailURL": "https://www.makeapie.com/ecg-storage/ec_gallery_thumbnail/xFSwMyrCk.png?v=1579428582450",
    "isCustomThumbnail": 0,
    "builtinTags": [
        "category-work",
        "grid",
        "legend",
        "series-line",
        "tooltip"
    ],
    "customTags": [
        "入出库",
        "入库",
        "出入库",
        "出库"
    ],
    "updaterUserName": "寂***柔"
}