{
    "cid": "xgYt9IWMq",
    "authorUid": "bd-291747636",
    "authorUserName": "提***凡",
    "title": "山东省新型肺炎疫情实时动态地图",
    "description": "",
    "latestVersion": 1,
    "alwaysLatest": 1,
    "createTime": "2020-01-27T12:04:13.000Z",
    "lastUpdateTime": "2020-01-27T12:04:13.000Z",
    "auth": 2,
    "uid": "bd-291747636",
    "publishedVersion": 0,
    "forkFrom": "-",
    "isSpam": 0,
    "version": 1,
    "parentVersion": -1,
    "echartsVersion": "4.4.0",
    "versionCreateTime": "2020-01-27T12:04:13.000Z",
    "html": "",
    "externalScripts": "",
    "updaterUID": "bd-291747636",
    "theme": "",
    "layout": "",
    "viewCount": 790,
    "userName": "提***凡",
    "commentCount": 0,
    "starCount": 3,
    "isStared": 0,
    "thumbnailURL": "https://www.makeapie.com/ecg-storage/ec_gallery_thumbnail/xgYt9IWMq.png?v=1580126653447",
    "isCustomThumbnail": 0,
    "builtinTags": [
        "category-work",
        "legend",
        "series-map",
        "title",
        "toolbox",
        "visualMap"
    ],
    "customTags": [],
    "updaterUserName": "提***凡"
}