{
    "cid": "xIBqPa3mN",
    "authorUid": "bd-3611983648",
    "authorUserName": "h***大",
    "title": "全国图",
    "description": "中国、美国、巴西、澳大利亚间的放射效果，默认显示IP",
    "latestVersion": 1,
    "alwaysLatest": 1,
    "createTime": "2020-01-22T09:02:27.000Z",
    "lastUpdateTime": "2020-01-22T09:02:27.000Z",
    "auth": 2,
    "uid": "bd-3611983648",
    "publishedVersion": 0,
    "forkFrom": "-",
    "isSpam": 0,
    "version": 1,
    "parentVersion": -1,
    "echartsVersion": "4.4.0",
    "versionCreateTime": "2020-01-22T09:02:27.000Z",
    "html": "",
    "externalScripts": "/dep/echarts/map/js/world.js",
    "updaterUID": "bd-3611983648",
    "theme": "dark",
    "layout": "",
    "viewCount": 1970,
    "userName": "h***大",
    "commentCount": 0,
    "starCount": 9,
    "isStared": 0,
    "thumbnailURL": "https://www.makeapie.com/ecg-storage/ec_gallery_thumbnail/xIBqPa3mN.png?v=1579683747394",
    "isCustomThumbnail": 0,
    "builtinTags": [
        "category-work",
        "geo",
        "series-effectScatter",
        "series-lines",
        "series-scatter",
        "tooltip"
    ],
    "customTags": [
        "IP",
        "world"
    ],
    "updaterUserName": "h***大"
}