{
    "cid": "xiWcI0lHE",
    "authorUid": "bd-6442928284",
    "authorUserName": "流***r",
    "title": "饼图内阴影",
    "description": "",
    "latestVersion": 3,
    "alwaysLatest": 1,
    "createTime": "2020-01-20T11:45:48.000Z",
    "lastUpdateTime": "2020-01-20T11:45:48.000Z",
    "auth": 2,
    "uid": "bd-6442928284",
    "publishedVersion": 0,
    "forkFrom": "-",
    "isSpam": 0,
    "version": 3,
    "parentVersion": 1,
    "echartsVersion": "4.4.0",
    "versionCreateTime": "2020-01-21T03:07:45.000Z",
    "html": "",
    "externalScripts": "",
    "updaterUID": "bd-6442928284",
    "theme": "",
    "layout": "",
    "viewCount": 302,
    "userName": "流***r",
    "commentCount": 0,
    "starCount": 1,
    "isStared": 0,
    "thumbnailURL": "https://www.makeapie.com/ecg-storage/ec_gallery_thumbnail/xiWcI0lHE.png?v=1579576065556",
    "isCustomThumbnail": 0,
    "builtinTags": [
        "category-work",
        "polar",
        "series-custom",
        "series-pie",
        "tooltip"
    ],
    "customTags": [
        "inset",
        "内阴影",
        "饼图"
    ],
    "updaterUserName": "流***r"
}