{
    "cid": "xKD4FjbJO",
    "authorUid": "bd-2375100838",
    "authorUserName": "2***克",
    "title": "多柱圆柱",
    "description": "",
    "latestVersion": 1,
    "alwaysLatest": 1,
    "createTime": "2020-01-17T06:12:26.000Z",
    "lastUpdateTime": "2020-01-17T06:12:26.000Z",
    "auth": 2,
    "uid": "bd-2375100838",
    "publishedVersion": 0,
    "forkFrom": "-",
    "isSpam": 0,
    "version": 1,
    "parentVersion": -1,
    "echartsVersion": "4.4.0",
    "versionCreateTime": "2020-01-17T06:12:26.000Z",
    "html": "",
    "externalScripts": "",
    "updaterUID": "bd-2375100838",
    "theme": "",
    "layout": "",
    "viewCount": 118,
    "userName": "2***克",
    "commentCount": 0,
    "starCount": 1,
    "isStared": 0,
    "thumbnailURL": "https://www.makeapie.com/ecg-storage/ec_gallery_thumbnail/xKD4FjbJO.png?v=1579241546431",
    "isCustomThumbnail": 0,
    "builtinTags": [
        "category-work",
        "dataZoom",
        "grid",
        "legend",
        "series-bar",
        "tooltip"
    ],
    "customTags": [],
    "updaterUserName": "2***克"
}