{
    "cid": "xTxulQ4Tu",
    "authorUid": "bd-3507625298",
    "authorUserName": "天***仞",
    "title": "客流流向图",
    "description": "",
    "latestVersion": 1,
    "alwaysLatest": 1,
    "createTime": "2020-01-20T08:06:18.000Z",
    "lastUpdateTime": "2020-01-20T08:06:18.000Z",
    "auth": 2,
    "uid": "bd-3507625298",
    "publishedVersion": 0,
    "forkFrom": "-",
    "isSpam": 0,
    "version": 1,
    "parentVersion": -1,
    "echartsVersion": "4.4.0",
    "versionCreateTime": "2020-01-20T08:06:18.000Z",
    "html": "",
    "externalScripts": "",
    "updaterUID": "bd-3507625298",
    "theme": "",
    "layout": "",
    "viewCount": 179,
    "userName": "天***仞",
    "commentCount": 0,
    "starCount": 2,
    "isStared": 0,
    "thumbnailURL": "https://www.makeapie.com/ecg-storage/ec_gallery_thumbnail/xTxulQ4Tu.png?v=1579507578217",
    "isCustomThumbnail": 0,
    "builtinTags": [
        "category-work",
        "series-graph",
        "title"
    ],
    "customTags": [],
    "updaterUserName": "天***仞"
}