{
    "cid": "xDnbM1kfgd",
    "authorUid": "bd-4009782658",
    "authorUserName": "siling_host",
    "title": "Awesome Chart",
    "description": "",
    "latestVersion": 1,
    "alwaysLatest": 1,
    "createTime": "2018-09-27T10:15:17.000Z",
    "lastUpdateTime": "2018-09-27T10:15:17.000Z",
    "auth": 2,
    "uid": "bd-4009782658",
    "publishedVersion": 0,
    "forkFrom": "-",
    "isSpam": 0,
    "version": 1,
    "parentVersion": -1,
    "echartsVersion": "4.2.0",
    "versionCreateTime": "2018-09-27T10:15:17.000Z",
    "html": "",
    "externalScripts": "",
    "updaterUID": "bd-4009782658",
    "theme": "",
    "layout": "",
    "viewCount": 9,
    "userName": "siling_host",
    "commentCount": 0,
    "starCount": 0,
    "isStared": 0,
    "thumbnailURL": "https://www.makeapie.com/ecg-storage/ec_gallery_thumbnail/xDnbM1kfgd.png?v=1538043317445",
    "isCustomThumbnail": 0,
    "builtinTags": [
        "category-work",
        "grid",
        "series-line",
        "title"
    ],
    "customTags": [],
    "updaterUserName": "siling_host"
}