{
    "cid": "xe4sPbjR_l",
    "authorUid": "bd-996351643",
    "authorUserName": "丨陌上花開",
    "title": "虚实相接，解决无数据虚线填充",
    "description": "解决无数据虚线填充",
    "latestVersion": 3,
    "alwaysLatest": 1,
    "createTime": "2018-09-29T05:29:54.000Z",
    "lastUpdateTime": "2018-09-29T05:29:54.000Z",
    "auth": 2,
    "uid": "bd-996351643",
    "publishedVersion": 0,
    "forkFrom": "-",
    "isSpam": 0,
    "version": 3,
    "parentVersion": 2,
    "echartsVersion": "4.2.0",
    "versionCreateTime": "2018-09-29T06:42:50.000Z",
    "html": "",
    "externalScripts": "",
    "updaterUID": "bd-996351643",
    "theme": "",
    "layout": "",
    "viewCount": 94,
    "userName": "丨陌上花開",
    "commentCount": 0,
    "starCount": 0,
    "isStared": 0,
    "thumbnailURL": "https://www.makeapie.com/ecg-storage/ec_gallery_thumbnail/xe4sPbjR_l.png?v=1538203370879",
    "isCustomThumbnail": 0,
    "builtinTags": [
        "category-work",
        "grid",
        "series-line"
    ],
    "customTags": [],
    "updaterUserName": "丨陌上花開"
}