{
    "cid": "xpg88pe2UT",
    "authorUid": "bd-662148189",
    "authorUserName": "非***农",
    "title": "气泡图Tooltip样式",
    "description": "气泡图Tooltip样式",
    "latestVersion": 1,
    "alwaysLatest": 1,
    "createTime": "2018-09-28T08:03:37.000Z",
    "lastUpdateTime": "2018-09-28T08:03:37.000Z",
    "auth": 2,
    "uid": "bd-662148189",
    "publishedVersion": 0,
    "forkFrom": "-",
    "isSpam": 0,
    "version": 1,
    "parentVersion": -1,
    "echartsVersion": "4.2.0",
    "versionCreateTime": "2018-09-28T08:03:37.000Z",
    "html": "",
    "externalScripts": "",
    "updaterUID": "bd-662148189",
    "theme": "",
    "layout": "",
    "viewCount": 83,
    "userName": "非***农",
    "commentCount": 0,
    "starCount": 0,
    "isStared": 0,
    "thumbnailURL": "https://www.makeapie.com/ecg-storage/ec_gallery_thumbnail/xpg88pe2UT.png?v=1538121817393",
    "isCustomThumbnail": 0,
    "builtinTags": [
        "category-work",
        "grid",
        "series-scatter",
        "tooltip"
    ],
    "customTags": [],
    "updaterUserName": "非***农"
}