{
    "cid": "xqmEMdZf2e",
    "authorUid": "bd-2459271525",
    "authorUserName": "柳***6",
    "title": "嵌套环形图",
    "description": "",
    "latestVersion": 1,
    "alwaysLatest": 1,
    "createTime": "2018-09-29T01:31:18.000Z",
    "lastUpdateTime": "2018-09-29T01:31:18.000Z",
    "auth": 2,
    "uid": "bd-2459271525",
    "publishedVersion": 0,
    "forkFrom": "-",
    "isSpam": 0,
    "version": 1,
    "parentVersion": -1,
    "echartsVersion": "4.2.0",
    "versionCreateTime": "2018-09-29T01:31:18.000Z",
    "html": "",
    "externalScripts": "",
    "updaterUID": "bd-2459271525",
    "theme": "",
    "layout": "",
    "viewCount": 1950,
    "userName": "柳***6",
    "commentCount": 0,
    "starCount": 7,
    "isStared": 0,
    "thumbnailURL": "https://www.makeapie.com/ecg-storage/ec_gallery_thumbnail/xqmEMdZf2e.png?v=1538184678415",
    "isCustomThumbnail": 0,
    "builtinTags": [
        "category-work",
        "legend",
        "series-pie"
    ],
    "customTags": [],
    "updaterUserName": "柳***6"
}