{
    "cid": "xqnDHk2iP4",
    "authorUid": "bd-3207513388",
    "authorUserName": "x***n",
    "title": "雷达图",
    "description": "",
    "latestVersion": 2,
    "alwaysLatest": 1,
    "createTime": "2018-09-27T02:39:15.000Z",
    "lastUpdateTime": "2022-01-06T06:41:46.000Z",
    "auth": 2,
    "uid": "bd-3207513388",
    "publishedVersion": 0,
    "forkFrom": "-",
    "isSpam": 0,
    "version": 2,
    "parentVersion": 1,
    "echartsVersion": "4.9.0",
    "versionCreateTime": "2022-01-06T06:41:46.000Z",
    "html": "",
    "externalScripts": "",
    "updaterUID": "bd-3207513388",
    "theme": "",
    "layout": "",
    "viewCount": 237,
    "userName": "x***n",
    "commentCount": 0,
    "starCount": 2,
    "isStared": 0,
    "thumbnailURL": "https://www.makeapie.com/ecg-storage/ec_gallery_thumbnail/xqnDHk2iP4.png?v=1641451306445",
    "isCustomThumbnail": 0,
    "builtinTags": [
        "category-work",
        "legend",
        "radar",
        "series-radar",
        "tooltip"
    ],
    "customTags": [],
    "updaterUserName": "x***n"
}