{
    "cid": "xS5IJYqU_c",
    "authorUid": "bd-2805291651",
    "authorUserName": "南宫雪凡",
    "title": "仪表盘进度条",
    "description": "调整蓝色部分需要去改动蓝色圈的角度",
    "latestVersion": 2,
    "alwaysLatest": 1,
    "createTime": "2018-09-26T02:58:35.000Z",
    "lastUpdateTime": "2018-09-26T02:58:35.000Z",
    "auth": 1,
    "uid": "bd-2805291651",
    "publishedVersion": 0,
    "forkFrom": "-",
    "isSpam": 0,
    "version": 2,
    "parentVersion": 1,
    "echartsVersion": "4.2.1",
    "versionCreateTime": "2019-03-06T05:34:20.000Z",
    "html": "",
    "externalScripts": "",
    "updaterUID": "bd-1999433011",
    "theme": "",
    "layout": "",
    "viewCount": 1532,
    "userName": "南宫雪凡",
    "commentCount": 0,
    "starCount": 12,
    "isStared": 0,
    "thumbnailURL": "https://www.makeapie.com/ecg-storage/ec_gallery_thumbnail/xS5IJYqU_c.png?v=1551850461088",
    "isCustomThumbnail": 0,
    "builtinTags": [
        "category-work",
        "grid",
        "series-gauge",
        "toolbox"
    ],
    "customTags": [
        "toolbox"
    ],
    "updaterUserName": "s***6"
}