{
    "cid": "xv2jEyv1G6",
    "authorUid": "bd-409843033",
    "authorUserName": "J***n",
    "title": "极坐标",
    "description": "极坐标",
    "latestVersion": 2,
    "alwaysLatest": 1,
    "createTime": "2018-09-29T08:55:17.000Z",
    "lastUpdateTime": "2021-12-16T01:54:54.000Z",
    "auth": 1,
    "uid": "bd-409843033",
    "publishedVersion": 0,
    "forkFrom": "-",
    "isSpam": 0,
    "version": 2,
    "parentVersion": 1,
    "echartsVersion": "4.9.0",
    "versionCreateTime": "2021-12-16T01:54:54.000Z",
    "html": "",
    "externalScripts": "",
    "updaterUID": "obd-oNbFeH764Sno42dHeOd7q4PkKEprDCF",
    "theme": "",
    "layout": "",
    "viewCount": 505,
    "userName": "J***n",
    "commentCount": 0,
    "starCount": 6,
    "isStared": 0,
    "thumbnailURL": "https://www.makeapie.com/ecg-storage/ec_gallery_thumbnail/xv2jEyv1G6.png?v=1639619694929",
    "isCustomThumbnail": 0,
    "builtinTags": [
        "category-work",
        "polar",
        "series-bar"
    ],
    "customTags": [
        "极坐标"
    ],
    "updaterUserName": "東***6"
}