{
    "cid": "xWzxa8Pznj",
    "authorUid": "bd-2484260932",
    "authorUserName": "虚风吹过的梦",
    "title": "渐变仪表盘",
    "description": "渐变的仪表盘",
    "latestVersion": 1,
    "alwaysLatest": 1,
    "createTime": "2018-09-27T10:38:16.000Z",
    "lastUpdateTime": "2018-09-27T10:38:16.000Z",
    "auth": 2,
    "uid": "bd-2484260932",
    "publishedVersion": 0,
    "forkFrom": "-",
    "isSpam": 0,
    "version": 1,
    "parentVersion": -1,
    "echartsVersion": "4.2.0",
    "versionCreateTime": "2018-09-27T10:38:16.000Z",
    "html": "",
    "externalScripts": "",
    "updaterUID": "bd-2484260932",
    "theme": "",
    "layout": "",
    "viewCount": 776,
    "userName": "虚风吹过的梦",
    "commentCount": 0,
    "starCount": 1,
    "isStared": 0,
    "thumbnailURL": "https://www.makeapie.com/ecg-storage/ec_gallery_thumbnail/xWzxa8Pznj.png?v=1538044696228",
    "isCustomThumbnail": 0,
    "builtinTags": [
        "category-work",
        "series-gauge",
        "series-pie",
        "tooltip"
    ],
    "customTags": [],
    "updaterUserName": "虚风吹过的梦"
}