{
    "cid": "xXhsmtQYVp",
    "authorUid": "bd-3476719847",
    "authorUserName": "我是王蛋蛋她妈",
    "title": "深圳地图",
    "description": "",
    "latestVersion": 1,
    "alwaysLatest": 1,
    "createTime": "2018-09-29T03:19:29.000Z",
    "lastUpdateTime": "2018-09-29T03:19:29.000Z",
    "auth": 2,
    "uid": "bd-3476719847",
    "publishedVersion": 0,
    "forkFrom": "-",
    "isSpam": 0,
    "version": 1,
    "parentVersion": -1,
    "echartsVersion": "4.2.0",
    "versionCreateTime": "2018-09-29T03:19:29.000Z",
    "html": "",
    "externalScripts": "http://api.map.baidu.com/api?v=2.0&ak=hYCENCEx1nXO0Nt46ldexfG9oI49xBGh,http://echarts.baidu.com/resource/echarts-gl-latest/dist/echarts-gl.min.js,/dep/echarts/latest/extension/bmap.min.js",
    "updaterUID": "bd-3476719847",
    "theme": "",
    "layout": "",
    "viewCount": 147,
    "userName": "我是王蛋蛋她妈",
    "commentCount": 0,
    "starCount": 2,
    "isStared": 0,
    "thumbnailURL": "https://www.makeapie.com/ecg-storage/ec_gallery_thumbnail/xXhsmtQYVp.undefined?v=",
    "isCustomThumbnail": 0,
    "builtinTags": [
        "category-work"
    ],
    "customTags": [],
    "updaterUserName": "我是王蛋蛋她妈"
}