{
    "cid": "xXXYMMpMIS",
    "authorUid": "bd-2034378441",
    "authorUserName": "丶***光",
    "title": "一个撒点图测试",
    "description": "测试撒点图",
    "latestVersion": 1,
    "alwaysLatest": 1,
    "createTime": "2018-09-29T01:26:54.000Z",
    "lastUpdateTime": "2018-09-29T01:26:54.000Z",
    "auth": 2,
    "uid": "bd-2034378441",
    "publishedVersion": 0,
    "forkFrom": "-",
    "isSpam": 0,
    "version": 1,
    "parentVersion": -1,
    "echartsVersion": "4.2.0",
    "versionCreateTime": "2018-09-29T01:26:54.000Z",
    "html": "",
    "externalScripts": "/dep/echarts/map/js/china.js",
    "updaterUID": "bd-2034378441",
    "theme": "",
    "layout": "",
    "viewCount": 69,
    "userName": "丶***光",
    "commentCount": 0,
    "starCount": 0,
    "isStared": 0,
    "thumbnailURL": "https://www.makeapie.com/ecg-storage/ec_gallery_thumbnail/xXXYMMpMIS.png?v=1538184414297",
    "isCustomThumbnail": 0,
    "builtinTags": [
        "category-work",
        "geo",
        "legend",
        "series-effectScatter",
        "tooltip"
    ],
    "customTags": [],
    "updaterUserName": "丶***光"
}