{
    "cid": "x8YeVj-sL7",
    "authorUid": "bd-2218151701",
    "authorUserName": "爱***鲜",
    "title": "双向柱形图",
    "description": "",
    "latestVersion": 1,
    "alwaysLatest": 0,
    "createTime": "2021-11-11T03:05:04.000Z",
    "lastUpdateTime": "2021-11-11T03:05:04.000Z",
    "auth": 2,
    "uid": "bd-2218151701",
    "publishedVersion": 0,
    "forkFrom": "-",
    "isSpam": 0,
    "version": 1,
    "parentVersion": -1,
    "echartsVersion": "5.2.2",
    "versionCreateTime": "2021-11-11T03:05:04.000Z",
    "html": "",
    "externalScripts": "",
    "updaterUID": "bd-2218151701",
    "theme": "",
    "layout": "",
    "viewCount": 0,
    "userName": "爱***鲜",
    "commentCount": 0,
    "starCount": 1,
    "isStared": 0,
    "thumbnailURL": "https://www.makeapie.com/ecg-storage/ec_gallery_thumbnail/x8YeVj-sL7.png?v=1636599904189",
    "isCustomThumbnail": 0,
    "builtinTags": [
        "category-work",
        "grid",
        "legend",
        "series-bar"
    ],
    "customTags": [],
    "updaterUserName": "爱***鲜"
}