{
    "cid": "xavDBnmkbV",
    "authorUid": "obd-oMLzPX7UjuFLGhwK9id9zEbmJY1QN2S",
    "authorUserName": "铁***猪",
    "title": "圆环",
    "description": "",
    "latestVersion": 6,
    "alwaysLatest": 0,
    "createTime": "2021-11-10T07:39:31.000Z",
    "lastUpdateTime": "2021-11-10T07:54:27.000Z",
    "auth": 2,
    "uid": "obd-oMLzPX7UjuFLGhwK9id9zEbmJY1QN2S",
    "publishedVersion": 0,
    "forkFrom": "-",
    "isSpam": 0,
    "version": 6,
    "parentVersion": 5,
    "echartsVersion": "5.2.2",
    "versionCreateTime": "2021-11-10T07:54:27.000Z",
    "html": "",
    "externalScripts": "",
    "updaterUID": "obd-oMLzPX7UjuFLGhwK9id9zEbmJY1QN2S",
    "theme": "",
    "layout": "",
    "viewCount": 0,
    "userName": "铁***猪",
    "commentCount": 0,
    "starCount": 1,
    "isStared": 0,
    "thumbnailURL": "https://www.makeapie.com/ecg-storage/ec_gallery_thumbnail/xavDBnmkbV.png?v=1636530867791",
    "isCustomThumbnail": 0,
    "builtinTags": [
        "category-work",
        "legend",
        "series-custom",
        "series-pie",
        "title"
    ],
    "customTags": [],
    "updaterUserName": "铁***猪"
}