{
    "cid": "xeAFrjyb4J",
    "authorUid": "bd-1338241561",
    "authorUserName": "H***骨",
    "title": "柱状图 label在上面，vlaue跟随",
    "description": "柱状图 label在上面，vlaue跟随展示",
    "latestVersion": 1,
    "alwaysLatest": 0,
    "createTime": "2021-11-11T06:31:18.000Z",
    "lastUpdateTime": "2021-11-11T06:31:18.000Z",
    "auth": 2,
    "uid": "bd-1338241561",
    "publishedVersion": 0,
    "forkFrom": "-",
    "isSpam": 0,
    "version": 1,
    "parentVersion": -1,
    "echartsVersion": "5.2.2",
    "versionCreateTime": "2021-11-11T06:31:18.000Z",
    "html": "",
    "externalScripts": "",
    "updaterUID": "bd-1338241561",
    "theme": "",
    "layout": "",
    "viewCount": 0,
    "userName": "H***骨",
    "commentCount": 0,
    "starCount": 0,
    "isStared": 0,
    "thumbnailURL": "https://www.makeapie.com/ecg-storage/ec_gallery_thumbnail/xeAFrjyb4J.png?v=1636612278538",
    "isCustomThumbnail": 0,
    "builtinTags": [
        "category-work",
        "grid",
        "series-bar",
        "title",
        "tooltip"
    ],
    "customTags": [],
    "updaterUserName": "H***骨"
}