{
    "cid": "xesOzDM-qJ",
    "authorUid": "bd-1464931953",
    "authorUserName": "承***生",
    "title": "控制X轴文本显示隐藏",
    "description": "项目中会遇到X轴标签过多的情况，这样会导致标签显示不全。处理方法有很多，本示例仅提供一种参考。",
    "latestVersion": 2,
    "alwaysLatest": 0,
    "createTime": "2021-11-11T01:39:00.000Z",
    "lastUpdateTime": "2021-11-11T01:41:57.000Z",
    "auth": 2,
    "uid": "bd-1464931953",
    "publishedVersion": 0,
    "forkFrom": "-",
    "isSpam": 0,
    "version": 2,
    "parentVersion": 1,
    "echartsVersion": "5.2.2",
    "versionCreateTime": "2021-11-11T01:41:57.000Z",
    "html": "",
    "externalScripts": "",
    "updaterUID": "bd-1464931953",
    "theme": "",
    "layout": "",
    "viewCount": 0,
    "userName": "承***生",
    "commentCount": 0,
    "starCount": 1,
    "isStared": 0,
    "thumbnailURL": "https://www.makeapie.com/ecg-storage/ec_gallery_thumbnail/xesOzDM-qJ.png?v=1636594917153",
    "isCustomThumbnail": 0,
    "builtinTags": [
        "category-work",
        "grid",
        "series-line"
    ],
    "customTags": [],
    "updaterUserName": "承***生"
}