{
    "cid": "xEZ8SKMljz",
    "authorUid": "bd-2427534238",
    "authorUserName": "阳***还",
    "title": "3D 饼图",
    "description": "",
    "latestVersion": 5,
    "alwaysLatest": 0,
    "createTime": "2021-11-11T07:51:36.000Z",
    "lastUpdateTime": "2021-11-15T03:30:54.000Z",
    "auth": 2,
    "uid": "bd-2427534238",
    "publishedVersion": 0,
    "forkFrom": "-",
    "isSpam": 0,
    "version": 5,
    "parentVersion": 4,
    "echartsVersion": "5.2.2",
    "versionCreateTime": "2021-11-15T03:30:54.000Z",
    "html": "",
    "externalScripts": "https://cdnjs.cloudflare.com/ajax/libs/echarts-gl/2.0.8/echarts-gl.min.js",
    "updaterUID": "bd-2427534238",
    "theme": "",
    "layout": "",
    "viewCount": 0,
    "userName": "阳***还",
    "commentCount": 0,
    "starCount": 2,
    "isStared": 0,
    "thumbnailURL": "https://www.makeapie.com/ecg-storage/ec_gallery_thumbnail/xEZ8SKMljz.png?v=1636947054950",
    "isCustomThumbnail": 0,
    "builtinTags": [
        "category-work",
        "grid3D",
        "legend",
        "series-surface",
        "title",
        "tooltip"
    ],
    "customTags": [],
    "updaterUserName": "阳***还"
}