{
    "cid": "xG7XY8SAdb",
    "authorUid": "obd-o0KOAwjiyaS4GqeD8bi27uMCsvOirFk",
    "authorUserName": "Y***o",
    "title": "",
    "description": "",
    "latestVersion": 1,
    "alwaysLatest": 0,
    "createTime": "2021-11-11T06:10:58.000Z",
    "lastUpdateTime": "2021-11-11T06:10:58.000Z",
    "auth": 2,
    "uid": "obd-o0KOAwjiyaS4GqeD8bi27uMCsvOirFk",
    "publishedVersion": 0,
    "forkFrom": "-",
    "isSpam": 0,
    "version": 1,
    "parentVersion": -1,
    "echartsVersion": "5.2.2",
    "versionCreateTime": "2021-11-11T06:10:58.000Z",
    "html": "",
    "externalScripts": "",
    "updaterUID": "obd-o0KOAwjiyaS4GqeD8bi27uMCsvOirFk",
    "theme": "",
    "layout": "",
    "viewCount": 0,
    "userName": "Y***o",
    "commentCount": 0,
    "starCount": 2,
    "isStared": 0,
    "thumbnailURL": "https://www.makeapie.com/ecg-storage/ec_gallery_thumbnail/xG7XY8SAdb.png?v=1636611058730",
    "isCustomThumbnail": 0,
    "builtinTags": [
        "category-work",
        "dataZoom",
        "grid",
        "legend",
        "series-bar",
        "tooltip"
    ],
    "customTags": [],
    "updaterUserName": "Y***o"
}