{
    "cid": "xJHBQCO0Er",
    "authorUid": "bd-372621293",
    "authorUserName": "一***恼",
    "title": "百度地图+echarts",
    "description": "",
    "latestVersion": 1,
    "alwaysLatest": 0,
    "createTime": "2021-11-10T06:53:04.000Z",
    "lastUpdateTime": "2021-11-10T06:53:04.000Z",
    "auth": 2,
    "uid": "bd-372621293",
    "publishedVersion": 0,
    "forkFrom": "-",
    "isSpam": 0,
    "version": 1,
    "parentVersion": -1,
    "echartsVersion": "5.2.2",
    "versionCreateTime": "2021-11-10T06:53:04.000Z",
    "html": "",
    "externalScripts": "https://cdn.jsdelivr.net/npm/echarts@5/dist/extension/bmap.min.js",
    "updaterUID": "bd-372621293",
    "theme": "",
    "layout": "",
    "viewCount": 0,
    "userName": "一***恼",
    "commentCount": 0,
    "starCount": 0,
    "isStared": 0,
    "thumbnailURL": "https://www.makeapie.com/ecg-storage/ec_gallery_thumbnail/xJHBQCO0Er.png?v=1636527184477",
    "isCustomThumbnail": 0,
    "builtinTags": [
        "category-work"
    ],
    "customTags": [],
    "updaterUserName": "一***恼"
}