{
    "cid": "xJKNLuwmsM",
    "authorUid": "obd-oN6DE6jkQODgMMPj_0XoMAzm-HPlyCo",
    "authorUserName": "外***公",
    "title": "Awesome Chart",
    "description": "",
    "latestVersion": 5,
    "alwaysLatest": 0,
    "createTime": "2021-11-11T07:28:26.000Z",
    "lastUpdateTime": "2021-11-11T07:58:34.000Z",
    "auth": 2,
    "uid": "obd-oN6DE6jkQODgMMPj_0XoMAzm-HPlyCo",
    "publishedVersion": 0,
    "forkFrom": "-",
    "isSpam": 0,
    "version": 5,
    "parentVersion": 4,
    "echartsVersion": "5.2.2",
    "versionCreateTime": "2021-11-11T07:58:34.000Z",
    "html": "",
    "externalScripts": "https://cdn.jsdelivr.net/npm/echarts-gl@2/dist/echarts-gl.min.js",
    "updaterUID": "obd-oN6DE6jkQODgMMPj_0XoMAzm-HPlyCo",
    "theme": "",
    "layout": "",
    "viewCount": 0,
    "userName": "外***公",
    "commentCount": 0,
    "starCount": 0,
    "isStared": 0,
    "thumbnailURL": "https://www.makeapie.com/ecg-storage/ec_gallery_thumbnail/xJKNLuwmsM.png?v=1636617514945",
    "isCustomThumbnail": 0,
    "builtinTags": [
        "category-work",
        "grid",
        "series-bar",
        "title"
    ],
    "customTags": [],
    "updaterUserName": "外***公"
}