{
    "cid": "xKTTTWZzEP",
    "authorUid": "bd-540836030",
    "authorUserName": "霸***y",
    "title": "水平叠加柱状图",
    "description": "水平叠加柱状图",
    "latestVersion": 2,
    "alwaysLatest": 1,
    "createTime": "2021-11-10T07:07:41.000Z",
    "lastUpdateTime": "2021-11-30T10:49:14.000Z",
    "auth": 2,
    "uid": "bd-540836030",
    "publishedVersion": 0,
    "forkFrom": "-",
    "isSpam": 0,
    "version": 2,
    "parentVersion": 1,
    "echartsVersion": "5.2.2",
    "versionCreateTime": "2021-11-30T10:49:14.000Z",
    "html": "",
    "externalScripts": "",
    "updaterUID": "bd-540836030",
    "theme": "",
    "layout": "",
    "viewCount": 0,
    "userName": "霸***y",
    "commentCount": 0,
    "starCount": 0,
    "isStared": 0,
    "thumbnailURL": "https://www.makeapie.com/ecg-storage/ec_gallery_thumbnail/xKTTTWZzEP.png?v=1638269354898",
    "isCustomThumbnail": 0,
    "builtinTags": [
        "category-work",
        "grid",
        "series-bar",
        "title"
    ],
    "customTags": [
        "柱状图",
        "水平"
    ],
    "updaterUserName": "霸***y"
}