{
    "cid": "xkVP2U8zmR",
    "authorUid": "obd-oAF1g4alvnnK-gBnL8LViz1xpYStV7D",
    "authorUserName": "西***宝",
    "title": "performance",
    "description": "",
    "latestVersion": 3,
    "alwaysLatest": 0,
    "createTime": "2021-11-10T06:14:42.000Z",
    "lastUpdateTime": "2021-11-10T06:16:32.000Z",
    "auth": 1,
    "uid": "obd-oAF1g4alvnnK-gBnL8LViz1xpYStV7D",
    "publishedVersion": 0,
    "forkFrom": "-",
    "isSpam": 0,
    "version": 3,
    "parentVersion": 2,
    "echartsVersion": "5.2.2",
    "versionCreateTime": "2021-11-10T06:16:32.000Z",
    "html": "",
    "externalScripts": "",
    "updaterUID": "obd-oAF1g4alvnnK-gBnL8LViz1xpYStV7D",
    "theme": "",
    "layout": "",
    "viewCount": 0,
    "userName": "西***宝",
    "commentCount": 0,
    "starCount": 1,
    "isStared": 0,
    "thumbnailURL": "https://www.makeapie.com/ecg-storage/ec_gallery_thumbnail/xkVP2U8zmR.png?v=1636524992834",
    "isCustomThumbnail": 0,
    "builtinTags": [
        "category-work",
        "grid",
        "series-bar",
        "title"
    ],
    "customTags": [],
    "updaterUserName": "西***宝"
}