{
    "cid": "xqvZtiLyfD",
    "authorUid": "obd-oNg2pYJ4BToJmZKWeFXf-GvxY7736Ch",
    "authorUserName": "民***i",
    "title": "2021年11月6日全国新型冠状病毒本土现存确诊情况",
    "description": "",
    "latestVersion": 2,
    "alwaysLatest": 0,
    "createTime": "2021-11-11T02:06:26.000Z",
    "lastUpdateTime": "2021-11-11T03:40:32.000Z",
    "auth": 2,
    "uid": "obd-oNg2pYJ4BToJmZKWeFXf-GvxY7736Ch",
    "publishedVersion": 0,
    "forkFrom": "-",
    "isSpam": 0,
    "version": 2,
    "parentVersion": 1,
    "echartsVersion": "5.2.2",
    "versionCreateTime": "2021-11-11T03:40:32.000Z",
    "html": "",
    "externalScripts": "",
    "updaterUID": "obd-oNg2pYJ4BToJmZKWeFXf-GvxY7736Ch",
    "theme": "",
    "layout": "",
    "viewCount": 0,
    "userName": "民***i",
    "commentCount": 2,
    "starCount": 0,
    "isStared": 0,
    "thumbnailURL": "https://www.makeapie.com/ecg-storage/ec_gallery_thumbnail/xqvZtiLyfD.png?v=1636602032241",
    "isCustomThumbnail": 0,
    "builtinTags": [
        "category-work",
        "series-map",
        "title",
        "toolbox",
        "tooltip",
        "visualMap"
    ],
    "customTags": [],
    "updaterUserName": "民***i"
}