{
    "cid": "xU1vfjvNvg",
    "authorUid": "obd-oMZb_41oNw0EswcUA4bfn8FBOApm52j",
    "authorUserName": "这***到",
    "title": "消费能力",
    "description": "",
    "latestVersion": 1,
    "alwaysLatest": 0,
    "createTime": "2021-11-11T08:46:37.000Z",
    "lastUpdateTime": "2021-11-11T08:46:37.000Z",
    "auth": 2,
    "uid": "obd-oMZb_41oNw0EswcUA4bfn8FBOApm52j",
    "publishedVersion": 0,
    "forkFrom": "-",
    "isSpam": 0,
    "version": 1,
    "parentVersion": -1,
    "echartsVersion": "5.2.2",
    "versionCreateTime": "2021-11-11T08:46:37.000Z",
    "html": "",
    "externalScripts": "",
    "updaterUID": "obd-oMZb_41oNw0EswcUA4bfn8FBOApm52j",
    "theme": "vintage",
    "layout": "",
    "viewCount": 0,
    "userName": "这***到",
    "commentCount": 0,
    "starCount": 4,
    "isStared": 0,
    "thumbnailURL": "https://www.makeapie.com/ecg-storage/ec_gallery_thumbnail/xU1vfjvNvg.png?v=1636620397295",
    "isCustomThumbnail": 0,
    "builtinTags": [
        "category-work",
        "legend",
        "polar",
        "series-pie",
        "tooltip"
    ],
    "customTags": [],
    "updaterUserName": "这***到"
}