{
    "cid": "xwQTnWN_LI",
    "authorUid": "bd-688927624",
    "authorUserName": "l***7",
    "title": "世界统计",
    "description": "",
    "latestVersion": 2,
    "alwaysLatest": 0,
    "createTime": "2021-11-11T07:35:54.000Z",
    "lastUpdateTime": "2021-11-11T07:56:42.000Z",
    "auth": 2,
    "uid": "bd-688927624",
    "publishedVersion": 0,
    "forkFrom": "-",
    "isSpam": 0,
    "version": 2,
    "parentVersion": 1,
    "echartsVersion": "5.2.2",
    "versionCreateTime": "2021-11-11T07:56:43.000Z",
    "html": "",
    "externalScripts": "",
    "updaterUID": "bd-688927624",
    "theme": "",
    "layout": "",
    "viewCount": 0,
    "userName": "l***7",
    "commentCount": 1,
    "starCount": 1,
    "isStared": 0,
    "thumbnailURL": "https://www.makeapie.com/ecg-storage/ec_gallery_thumbnail/xwQTnWN_LI.png?v=1636617403563",
    "isCustomThumbnail": 0,
    "builtinTags": [
        "category-work",
        "geo",
        "legend",
        "series-map",
        "series-scatter",
        "title",
        "tooltip",
        "visualMap"
    ],
    "customTags": [],
    "updaterUserName": "l***7"
}