{
    "cid": "x8MSnB66IL",
    "authorUid": "bd-1129564499",
    "authorUserName": "致***丶",
    "title": "渐变折线",
    "description": "",
    "latestVersion": 1,
    "alwaysLatest": 1,
    "createTime": "2020-03-30T06:10:58.000Z",
    "lastUpdateTime": "2020-03-30T06:10:58.000Z",
    "auth": 2,
    "uid": "bd-1129564499",
    "publishedVersion": 0,
    "forkFrom": "-",
    "isSpam": 0,
    "version": 1,
    "parentVersion": -1,
    "echartsVersion": "4.7.0",
    "versionCreateTime": "2020-03-30T06:10:58.000Z",
    "html": "",
    "externalScripts": "",
    "updaterUID": "bd-1129564499",
    "theme": "",
    "layout": "",
    "viewCount": 73,
    "userName": "致***丶",
    "commentCount": 0,
    "starCount": 1,
    "isStared": 0,
    "thumbnailURL": "https://www.makeapie.com/ecg-storage/ec_gallery_thumbnail/x8MSnB66IL.png?v=1585548659055",
    "isCustomThumbnail": 0,
    "builtinTags": [
        "category-work",
        "grid",
        "legend",
        "series-line"
    ],
    "customTags": [],
    "updaterUserName": "致***丶"
}