{
    "cid": "xFNOOa7NQu",
    "authorUid": "bd-2641689181",
    "authorUserName": "未***w",
    "title": "缺数据时让提示框正常轮播",
    "description": "",
    "latestVersion": 1,
    "alwaysLatest": 1,
    "createTime": "2020-03-26T13:00:17.000Z",
    "lastUpdateTime": "2020-03-26T13:00:17.000Z",
    "auth": 2,
    "uid": "bd-2641689181",
    "publishedVersion": 0,
    "forkFrom": "-",
    "isSpam": 0,
    "version": 1,
    "parentVersion": -1,
    "echartsVersion": "4.7.0",
    "versionCreateTime": "2020-03-26T13:00:17.000Z",
    "html": "",
    "externalScripts": "",
    "updaterUID": "bd-2641689181",
    "theme": "",
    "layout": "",
    "viewCount": 150,
    "userName": "未***w",
    "commentCount": 0,
    "starCount": 1,
    "isStared": 0,
    "thumbnailURL": "https://www.makeapie.com/ecg-storage/ec_gallery_thumbnail/xFNOOa7NQu.png?v=1585227618060",
    "isCustomThumbnail": 0,
    "builtinTags": [
        "category-work",
        "grid",
        "legend",
        "series-bar",
        "tooltip"
    ],
    "customTags": [
        "showTip"
    ],
    "updaterUserName": "未***w"
}