{
    "cid": "xGvk4rRC0J",
    "authorUid": "bd-4061446379",
    "authorUserName": "A***9",
    "title": "弧形拼接环形饼图",
    "description": "自定义带roundCap的环形饼图",
    "latestVersion": 3,
    "alwaysLatest": 1,
    "createTime": "2020-03-27T04:56:22.000Z",
    "lastUpdateTime": "2020-03-27T04:56:22.000Z",
    "auth": 1,
    "uid": "bd-4061446379",
    "publishedVersion": 0,
    "forkFrom": "-",
    "isSpam": 0,
    "version": 3,
    "parentVersion": 2,
    "echartsVersion": "4.6.0",
    "versionCreateTime": "2020-08-05T12:33:17.000Z",
    "html": "",
    "externalScripts": "https://cdn.jsdelivr.net/gh/a413107719/echarts-pie-roundcap/echarts.simple.min-custom.js",
    "updaterUID": "obd-ojCkNXchMZnGICIMD7ecH8hdnDusoEA",
    "theme": "",
    "layout": "",
    "viewCount": 1952,
    "userName": "A***9",
    "commentCount": 6,
    "starCount": 7,
    "isStared": 0,
    "thumbnailURL": "https://www.makeapie.com/ecg-storage/ec_gallery_thumbnail/xGvk4rRC0J.png?v=1596630798006",
    "isCustomThumbnail": 0,
    "builtinTags": [
        "category-work",
        "series-pie"
    ],
    "customTags": [
        "roundCap",
        "弧形",
        "弧形端头",
        "拼接",
        "端头"
    ],
    "updaterUserName": "173******90"
}