{
    "cid": "xiBI2JqbSH",
    "authorUid": "bd-1160972906",
    "authorUserName": "U***",
    "title": "中国生产总值色阶图",
    "description": "中国生产总值色阶图",
    "latestVersion": 2,
    "alwaysLatest": 1,
    "createTime": "2020-03-26T15:34:46.000Z",
    "lastUpdateTime": "2020-03-26T15:34:46.000Z",
    "auth": 2,
    "uid": "bd-1160972906",
    "publishedVersion": 0,
    "forkFrom": "-",
    "isSpam": 0,
    "version": 2,
    "parentVersion": 1,
    "echartsVersion": "4.7.0",
    "versionCreateTime": "2020-03-26T15:35:15.000Z",
    "html": "",
    "externalScripts": "/dep/echarts/map/js/china.js",
    "updaterUID": "bd-1160972906",
    "theme": "",
    "layout": "",
    "viewCount": 2363,
    "userName": "U***",
    "commentCount": 0,
    "starCount": 2,
    "isStared": 0,
    "thumbnailURL": "https://www.makeapie.com/ecg-storage/ec_gallery_thumbnail/xiBI2JqbSH.png?v=1585236915638",
    "isCustomThumbnail": 0,
    "builtinTags": [
        "category-work",
        "geo",
        "grid",
        "series-bar",
        "series-map",
        "title",
        "tooltip",
        "visualMap"
    ],
    "customTags": [
        "GDP",
        "色阶"
    ],
    "updaterUserName": "U***"
}