{
    "cid": "xKS473NDHZ",
    "authorUid": "bd-1731291088",
    "authorUserName": "走***a",
    "title": "数据关联",
    "description": "",
    "latestVersion": 1,
    "alwaysLatest": 1,
    "createTime": "2020-03-27T02:10:57.000Z",
    "lastUpdateTime": "2020-03-27T02:10:57.000Z",
    "auth": 2,
    "uid": "bd-1731291088",
    "publishedVersion": 0,
    "forkFrom": "-",
    "isSpam": 0,
    "version": 1,
    "parentVersion": -1,
    "echartsVersion": "4.7.0",
    "versionCreateTime": "2020-03-27T02:10:57.000Z",
    "html": "",
    "externalScripts": "",
    "updaterUID": "bd-1731291088",
    "theme": "",
    "layout": "",
    "viewCount": 250,
    "userName": "走***a",
    "commentCount": 0,
    "starCount": 0,
    "isStared": 0,
    "thumbnailURL": "https://www.makeapie.com/ecg-storage/ec_gallery_thumbnail/xKS473NDHZ.png?v=1585275057793",
    "isCustomThumbnail": 0,
    "builtinTags": [
        "calendar",
        "category-work",
        "series-graph",
        "tooltip"
    ],
    "customTags": [],
    "updaterUserName": "走***a"
}