{
    "cid": "xlPWEVa_XI",
    "authorUid": "bd-1731291088",
    "authorUserName": "走***a",
    "title": "多组数据关联",
    "description": "",
    "latestVersion": 10,
    "alwaysLatest": 1,
    "createTime": "2020-03-26T09:32:28.000Z",
    "lastUpdateTime": "2020-03-26T09:32:28.000Z",
    "auth": 2,
    "uid": "bd-1731291088",
    "publishedVersion": 0,
    "forkFrom": "-",
    "isSpam": 0,
    "version": 10,
    "parentVersion": 9,
    "echartsVersion": "4.8.0",
    "versionCreateTime": "2020-09-18T11:04:12.000Z",
    "html": "",
    "externalScripts": "",
    "updaterUID": "bd-1731291088",
    "theme": "",
    "layout": "",
    "viewCount": 440,
    "userName": "走***a",
    "commentCount": 0,
    "starCount": 4,
    "isStared": 0,
    "thumbnailURL": "https://www.makeapie.com/ecg-storage/ec_gallery_thumbnail/xlPWEVa_XI.png?v=1600427052760",
    "isCustomThumbnail": 0,
    "builtinTags": [
        "category-work",
        "series-scatter",
        "singleAxis",
        "title",
        "tooltip"
    ],
    "customTags": [],
    "updaterUserName": "走***a"
}