{
    "cid": "xO6OSaadQu",
    "authorUid": "bd-4018496788",
    "authorUserName": "a***座",
    "title": "象形图",
    "description": "",
    "latestVersion": 1,
    "alwaysLatest": 1,
    "createTime": "2020-03-26T12:54:59.000Z",
    "lastUpdateTime": "2020-03-26T12:54:59.000Z",
    "auth": 2,
    "uid": "bd-4018496788",
    "publishedVersion": 0,
    "forkFrom": "-",
    "isSpam": 0,
    "version": 1,
    "parentVersion": -1,
    "echartsVersion": "4.7.0",
    "versionCreateTime": "2020-03-26T12:54:59.000Z",
    "html": "",
    "externalScripts": "",
    "updaterUID": "bd-4018496788",
    "theme": "",
    "layout": "",
    "viewCount": 71,
    "userName": "a***座",
    "commentCount": 0,
    "starCount": 0,
    "isStared": 0,
    "thumbnailURL": "https://www.makeapie.com/ecg-storage/ec_gallery_thumbnail/xO6OSaadQu.png?v=1585227299510",
    "isCustomThumbnail": 0,
    "builtinTags": [
        "category-work",
        "grid",
        "series-pictorialBar",
        "tooltip"
    ],
    "customTags": [],
    "updaterUserName": "a***座"
}