{
    "cid": "xwq111Z9AU",
    "authorUid": "bd-3457259807",
    "authorUserName": "L***0",
    "title": "日历热力图",
    "description": "日历热力图",
    "latestVersion": 1,
    "alwaysLatest": 1,
    "createTime": "2020-03-26T09:56:58.000Z",
    "lastUpdateTime": "2020-03-26T09:56:58.000Z",
    "auth": 2,
    "uid": "bd-3457259807",
    "publishedVersion": 0,
    "forkFrom": "-",
    "isSpam": 0,
    "version": 1,
    "parentVersion": -1,
    "echartsVersion": "4.7.0",
    "versionCreateTime": "2020-03-26T09:56:58.000Z",
    "html": "",
    "externalScripts": "",
    "updaterUID": "bd-3457259807",
    "theme": "",
    "layout": "",
    "viewCount": 653,
    "userName": "L***0",
    "commentCount": 0,
    "starCount": 4,
    "isStared": 0,
    "thumbnailURL": "https://www.makeapie.com/ecg-storage/ec_gallery_thumbnail/xwq111Z9AU.png?v=1585216618389",
    "isCustomThumbnail": 0,
    "builtinTags": [
        "calendar",
        "category-work",
        "series-effectScatter",
        "tooltip"
    ],
    "customTags": [],
    "updaterUserName": "L***0"
}