{
    "cid": "x7uhYM_xU4",
    "authorUid": "obd-otBkh-twA9VLc7yc6UjsLy4Jpf5gd88",
    "authorUserName": "U***1",
    "title": "统计分析图ceshi1",
    "description": "",
    "latestVersion": 2,
    "alwaysLatest": 0,
    "createTime": "2021-10-21T04:37:49.000Z",
    "lastUpdateTime": "2021-10-21T08:58:38.000Z",
    "auth": 2,
    "uid": "obd-otBkh-twA9VLc7yc6UjsLy4Jpf5gd88",
    "publishedVersion": 0,
    "forkFrom": "-",
    "isSpam": 0,
    "version": 2,
    "parentVersion": 1,
    "echartsVersion": "5.2.1",
    "versionCreateTime": "2021-10-21T08:58:38.000Z",
    "html": "",
    "externalScripts": "",
    "updaterUID": "obd-otBkh-twA9VLc7yc6UjsLy4Jpf5gd88",
    "theme": "",
    "layout": "",
    "viewCount": 0,
    "userName": "U***1",
    "commentCount": 0,
    "starCount": 0,
    "isStared": 0,
    "thumbnailURL": "https://www.makeapie.com/ecg-storage/ec_gallery_thumbnail/x7uhYM_xU4.png?v=1634806718531",
    "isCustomThumbnail": 0,
    "builtinTags": [
        "category-work",
        "dataset",
        "grid",
        "series-bar",
        "title",
        "tooltip"
    ],
    "customTags": [],
    "updaterUserName": "U***1"
}