{
    "cid": "xcIzJUnVS3",
    "authorUid": "obd-o2VuWGIcxFhwKtWYANxa_f2_5U9tYBr",
    "authorUserName": "151*****267",
    "title": "动态柱状图",
    "description": "",
    "latestVersion": 1,
    "alwaysLatest": 0,
    "createTime": "2021-10-21T15:05:26.000Z",
    "lastUpdateTime": "2021-10-21T15:05:26.000Z",
    "auth": 2,
    "uid": "obd-o2VuWGIcxFhwKtWYANxa_f2_5U9tYBr",
    "publishedVersion": 0,
    "forkFrom": "-",
    "isSpam": 0,
    "version": 1,
    "parentVersion": -1,
    "echartsVersion": "5.2.1",
    "versionCreateTime": "2021-10-21T15:05:26.000Z",
    "html": "",
    "externalScripts": "",
    "updaterUID": "obd-o2VuWGIcxFhwKtWYANxa_f2_5U9tYBr",
    "theme": "",
    "layout": "",
    "viewCount": 0,
    "userName": "151*****267",
    "commentCount": 0,
    "starCount": 1,
    "isStared": 0,
    "thumbnailURL": "https://www.makeapie.com/ecg-storage/ec_gallery_thumbnail/xcIzJUnVS3.png?v=1634828726494",
    "isCustomThumbnail": 0,
    "builtinTags": [
        "category-work",
        "dataZoom",
        "grid",
        "legend",
        "series-bar",
        "toolbox",
        "tooltip"
    ],
    "customTags": [],
    "updaterUserName": "151*****267"
}