{
    "cid": "xdbo1DnM2s",
    "authorUid": "obd-otekrZuSZt8ceA74B914GnWbEZyav85",
    "authorUserName": "派***u",
    "title": "基层站所情况",
    "description": "多环图",
    "latestVersion": 1,
    "alwaysLatest": 0,
    "createTime": "2021-10-20T10:04:08.000Z",
    "lastUpdateTime": "2021-10-20T10:04:08.000Z",
    "auth": 2,
    "uid": "obd-otekrZuSZt8ceA74B914GnWbEZyav85",
    "publishedVersion": 0,
    "forkFrom": "-",
    "isSpam": 0,
    "version": 1,
    "parentVersion": -1,
    "echartsVersion": "5.2.1",
    "versionCreateTime": "2021-10-20T10:04:08.000Z",
    "html": "",
    "externalScripts": "",
    "updaterUID": "obd-otekrZuSZt8ceA74B914GnWbEZyav85",
    "theme": "",
    "layout": "",
    "viewCount": 0,
    "userName": "派***u",
    "commentCount": 0,
    "starCount": 2,
    "isStared": 0,
    "thumbnailURL": "https://www.makeapie.com/ecg-storage/ec_gallery_thumbnail/xdbo1DnM2s.png?v=1634724248903",
    "isCustomThumbnail": 0,
    "builtinTags": [
        "category-work",
        "legend",
        "series-pie",
        "title",
        "tooltip"
    ],
    "customTags": [],
    "updaterUserName": "派***u"
}