{
    "cid": "xFJ--pKRR_",
    "authorUid": "obd-oCXci_RolYUjjHLA-X4-aSYX89tcP3h",
    "authorUserName": "157*****625",
    "title": "阶梯图",
    "description": "",
    "latestVersion": 1,
    "alwaysLatest": 0,
    "createTime": "2021-10-21T00:58:21.000Z",
    "lastUpdateTime": "2021-10-21T00:58:21.000Z",
    "auth": 2,
    "uid": "obd-oCXci_RolYUjjHLA-X4-aSYX89tcP3h",
    "publishedVersion": 0,
    "forkFrom": "-",
    "isSpam": 0,
    "version": 1,
    "parentVersion": -1,
    "echartsVersion": "5.2.1",
    "versionCreateTime": "2021-10-21T00:58:21.000Z",
    "html": "",
    "externalScripts": "",
    "updaterUID": "obd-oCXci_RolYUjjHLA-X4-aSYX89tcP3h",
    "theme": "",
    "layout": "",
    "viewCount": 0,
    "userName": "157*****625",
    "commentCount": 0,
    "starCount": 1,
    "isStared": 0,
    "thumbnailURL": "https://www.makeapie.com/ecg-storage/ec_gallery_thumbnail/xFJ--pKRR_.png?v=1634777901979",
    "isCustomThumbnail": 0,
    "builtinTags": [
        "category-work",
        "grid",
        "series-bar"
    ],
    "customTags": [],
    "updaterUserName": "157*****625"
}