{
    "cid": "xlNowxrXat",
    "authorUid": "obd-oDAQSNxsDuQOSLC0lX2wIAuFm5tZU1b",
    "authorUserName": "g***1",
    "title": "tooltip 展示子图表",
    "description": "tooltip 展示子图表",
    "latestVersion": 1,
    "alwaysLatest": 0,
    "createTime": "2021-10-21T07:24:47.000Z",
    "lastUpdateTime": "2021-10-21T07:24:47.000Z",
    "auth": 2,
    "uid": "obd-oDAQSNxsDuQOSLC0lX2wIAuFm5tZU1b",
    "publishedVersion": 0,
    "forkFrom": "-",
    "isSpam": 0,
    "version": 1,
    "parentVersion": -1,
    "echartsVersion": "5.2.1",
    "versionCreateTime": "2021-10-21T07:24:47.000Z",
    "html": "",
    "externalScripts": "",
    "updaterUID": "obd-oDAQSNxsDuQOSLC0lX2wIAuFm5tZU1b",
    "theme": "dark",
    "layout": "",
    "viewCount": 0,
    "userName": "g***1",
    "commentCount": 0,
    "starCount": 2,
    "isStared": 0,
    "thumbnailURL": "https://www.makeapie.com/ecg-storage/ec_gallery_thumbnail/xlNowxrXat.png?v=1634801088155",
    "isCustomThumbnail": 0,
    "builtinTags": [
        "category-work",
        "grid",
        "series-line",
        "tooltip"
    ],
    "customTags": [],
    "updaterUserName": "g***1"
}