{
    "cid": "xnsPpcvWbV",
    "authorUid": "obd-o-czvZDtHmldb1GsL8tFb3drih_AUAG",
    "authorUserName": "t***c",
    "title": "数据统一管理平台",
    "description": "展示数据汇聚动态图",
    "latestVersion": 3,
    "alwaysLatest": 0,
    "createTime": "2021-10-20T14:02:50.000Z",
    "lastUpdateTime": "2021-10-20T14:04:39.000Z",
    "auth": 2,
    "uid": "obd-o-czvZDtHmldb1GsL8tFb3drih_AUAG",
    "publishedVersion": 0,
    "forkFrom": "-",
    "isSpam": 0,
    "version": 3,
    "parentVersion": 2,
    "echartsVersion": "5.2.1",
    "versionCreateTime": "2021-10-20T14:04:40.000Z",
    "html": "",
    "externalScripts": "",
    "updaterUID": "obd-o-czvZDtHmldb1GsL8tFb3drih_AUAG",
    "theme": "",
    "layout": "",
    "viewCount": 0,
    "userName": "t***c",
    "commentCount": 0,
    "starCount": 6,
    "isStared": 0,
    "thumbnailURL": "https://www.makeapie.com/ecg-storage/ec_gallery_thumbnail/xnsPpcvWbV.png?v=1634738680430",
    "isCustomThumbnail": 0,
    "builtinTags": [
        "category-work",
        "grid",
        "series-graph",
        "series-lines",
        "series-pie",
        "title"
    ],
    "customTags": [],
    "updaterUserName": "t***c"
}