{
    "cid": "xOjd7Ck4_m",
    "authorUid": "obd-o0SPFhHBmPPNuxCtGkgS025fSIw5FFS",
    "authorUserName": "幸***屁",
    "title": "实线加虚线-折线图表",
    "description": "实线加虚线-折线图表",
    "latestVersion": 5,
    "alwaysLatest": 0,
    "createTime": "2021-10-20T13:15:26.000Z",
    "lastUpdateTime": "2021-10-21T08:17:24.000Z",
    "auth": 2,
    "uid": "obd-o0SPFhHBmPPNuxCtGkgS025fSIw5FFS",
    "publishedVersion": 0,
    "forkFrom": "-",
    "isSpam": 0,
    "version": 5,
    "parentVersion": 4,
    "echartsVersion": "5.2.1",
    "versionCreateTime": "2021-10-21T08:17:24.000Z",
    "html": "",
    "externalScripts": "",
    "updaterUID": "obd-o0SPFhHBmPPNuxCtGkgS025fSIw5FFS",
    "theme": "",
    "layout": "",
    "viewCount": 0,
    "userName": "幸***屁",
    "commentCount": 0,
    "starCount": 0,
    "isStared": 0,
    "thumbnailURL": "https://www.makeapie.com/ecg-storage/ec_gallery_thumbnail/xOjd7Ck4_m.png?v=1634804244747",
    "isCustomThumbnail": 0,
    "builtinTags": [
        "category-work",
        "grid",
        "series-bar",
        "title"
    ],
    "customTags": [
        "linedashedline"
    ],
    "updaterUserName": "幸***屁"
}