{
    "cid": "xqQfZ8PLpY",
    "authorUid": "obd-olGfOrxetmWVSHvURGPmfWchxFQhp0D",
    "authorUserName": "2***工",
    "title": "故障统计图",
    "description": "",
    "latestVersion": 4,
    "alwaysLatest": 0,
    "createTime": "2021-10-21T10:07:47.000Z",
    "lastUpdateTime": "2021-10-22T03:13:03.000Z",
    "auth": 2,
    "uid": "obd-olGfOrxetmWVSHvURGPmfWchxFQhp0D",
    "publishedVersion": 0,
    "forkFrom": "-",
    "isSpam": 0,
    "version": 4,
    "parentVersion": 3,
    "echartsVersion": "4.8.0",
    "versionCreateTime": "2021-10-22T03:13:03.000Z",
    "html": "",
    "externalScripts": "",
    "updaterUID": "obd-olGfOrxetmWVSHvURGPmfWchxFQhp0D",
    "theme": "",
    "layout": "",
    "viewCount": 0,
    "userName": "2***工",
    "commentCount": 0,
    "starCount": 0,
    "isStared": 0,
    "thumbnailURL": "https://www.makeapie.com/ecg-storage/ec_gallery_thumbnail/xqQfZ8PLpY.png?v=1634872383520",
    "isCustomThumbnail": 0,
    "builtinTags": [
        "category-work",
        "grid",
        "series-bar",
        "series-effectScatter",
        "series-pictorialBar",
        "title",
        "tooltip"
    ],
    "customTags": [],
    "updaterUserName": "2***工"
}