{
    "cid": "xWefxGcxue",
    "authorUid": "obd-oMmVgYjzB50Xt-n57QwUKkfNi6WhY2E",
    "authorUserName": "伯***生",
    "title": "柱状图",
    "description": "",
    "latestVersion": 1,
    "alwaysLatest": 0,
    "createTime": "2021-10-21T12:37:25.000Z",
    "lastUpdateTime": "2021-10-21T12:37:25.000Z",
    "auth": 2,
    "uid": "obd-oMmVgYjzB50Xt-n57QwUKkfNi6WhY2E",
    "publishedVersion": 0,
    "forkFrom": "-",
    "isSpam": 0,
    "version": 1,
    "parentVersion": -1,
    "echartsVersion": "5.2.1",
    "versionCreateTime": "2021-10-21T12:37:25.000Z",
    "html": "",
    "externalScripts": "",
    "updaterUID": "obd-oMmVgYjzB50Xt-n57QwUKkfNi6WhY2E",
    "theme": "",
    "layout": "",
    "viewCount": 0,
    "userName": "伯***生",
    "commentCount": 0,
    "starCount": 0,
    "isStared": 0,
    "thumbnailURL": "https://www.makeapie.com/ecg-storage/ec_gallery_thumbnail/xWefxGcxue.png?v=1634819845918",
    "isCustomThumbnail": 0,
    "builtinTags": [
        "category-work",
        "grid",
        "legend",
        "markPoint",
        "series-bar",
        "tooltip"
    ],
    "customTags": [],
    "updaterUserName": "伯***生"
}