{
    "cid": "x1DrEkwibt",
    "authorUid": "obd-olkpcGo9ZMT-ZXqz3USEbMZSYguOZ0u",
    "authorUserName": "z***q",
    "title": "供热图",
    "description": "",
    "latestVersion": 3,
    "alwaysLatest": 1,
    "createTime": "2020-11-16T06:25:54.000Z",
    "lastUpdateTime": "2020-11-16T06:25:54.000Z",
    "auth": 2,
    "uid": "obd-olkpcGo9ZMT-ZXqz3USEbMZSYguOZ0u",
    "publishedVersion": 0,
    "forkFrom": "-",
    "isSpam": 0,
    "version": 3,
    "parentVersion": 2,
    "echartsVersion": "4.8.0",
    "versionCreateTime": "2021-01-20T08:19:31.000Z",
    "html": "",
    "externalScripts": "",
    "updaterUID": "obd-olkpcGo9ZMT-ZXqz3USEbMZSYguOZ0u",
    "theme": "",
    "layout": "",
    "viewCount": 1643,
    "userName": "z***q",
    "commentCount": 2,
    "starCount": 23,
    "isStared": 0,
    "thumbnailURL": "https://www.makeapie.com/ecg-storage/ec_gallery_thumbnail/x1DrEkwibt.png?v=1611130772121",
    "isCustomThumbnail": 0,
    "builtinTags": [
        "category-work",
        "graphic",
        "grid",
        "series-graph",
        "series-lines",
        "title",
        "tooltip"
    ],
    "customTags": [],
    "updaterUserName": "z***q"
}