{
    "cid": "x5TJ1IGK9F",
    "authorUid": "obd-o2pLp-mjfOYKu7p_y_CppZ-gZ5YLe6S",
    "authorUserName": "s***0",
    "title": "Dashboard案例",
    "description": "ECharts数据可视化入门、实战与进阶7.2",
    "latestVersion": 6,
    "alwaysLatest": 1,
    "createTime": "2021-02-08T11:40:54.000Z",
    "lastUpdateTime": "2021-12-03T03:29:49.000Z",
    "auth": 1,
    "uid": "obd-o2pLp-mjfOYKu7p_y_CppZ-gZ5YLe6S",
    "publishedVersion": 0,
    "forkFrom": "-",
    "isSpam": 0,
    "version": 6,
    "parentVersion": 5,
    "echartsVersion": "5.2.2",
    "versionCreateTime": "2021-12-03T03:29:49.000Z",
    "html": "",
    "externalScripts": "",
    "updaterUID": "obd-ojwRKCrPXZaQmZwz_ohSkRJM2qDVyEO",
    "theme": "",
    "layout": "",
    "viewCount": 159,
    "userName": "s***0",
    "commentCount": 0,
    "starCount": 15,
    "isStared": 0,
    "thumbnailURL": "https://www.makeapie.com/ecg-storage/ec_gallery_thumbnail/x5TJ1IGK9F.png?v=1638502189822",
    "isCustomThumbnail": 0,
    "builtinTags": [
        "category-work",
        "grid",
        "legend",
        "series-bar",
        "series-line",
        "series-pie",
        "title",
        "tooltip"
    ],
    "customTags": [],
    "updaterUserName": "善***g"
}