{
    "cid": "x8lNGG6V6t",
    "authorUid": "obd-o2LL6JmmcNA2ugUBaI29CbFY5gJDi6W",
    "authorUserName": "乐***b",
    "title": "地图数据",
    "description": "",
    "latestVersion": 2,
    "alwaysLatest": 1,
    "createTime": "2021-01-08T05:55:34.000Z",
    "lastUpdateTime": "2021-01-08T05:55:34.000Z",
    "auth": 2,
    "uid": "obd-o2LL6JmmcNA2ugUBaI29CbFY5gJDi6W",
    "publishedVersion": 0,
    "forkFrom": "-",
    "isSpam": 0,
    "version": 2,
    "parentVersion": 1,
    "echartsVersion": "4.8.0",
    "versionCreateTime": "2021-01-08T05:55:54.000Z",
    "html": "",
    "externalScripts": "",
    "updaterUID": "obd-o2LL6JmmcNA2ugUBaI29CbFY5gJDi6W",
    "theme": "",
    "layout": "",
    "viewCount": 843,
    "userName": "乐***b",
    "commentCount": 0,
    "starCount": 14,
    "isStared": 0,
    "thumbnailURL": "https://www.makeapie.com/ecg-storage/ec_gallery_thumbnail/x8lNGG6V6t.png?v=1610085355001",
    "isCustomThumbnail": 0,
    "builtinTags": [
        "category-work",
        "geo",
        "series-effectScatter",
        "series-map",
        "series-scatter",
        "visualMap"
    ],
    "customTags": [],
    "updaterUserName": "乐***b"
}