{
    "cid": "xcdsmNxTkt",
    "authorUid": "bd-839832962",
    "authorUserName": "c***6",
    "title": "新冠肺炎感染情况",
    "description": "螺旋饼图-个人备份",
    "latestVersion": 4,
    "alwaysLatest": 1,
    "createTime": "2021-02-05T08:02:26.000Z",
    "lastUpdateTime": "2021-12-03T03:40:33.000Z",
    "auth": 1,
    "uid": "bd-839832962",
    "publishedVersion": 0,
    "forkFrom": "-",
    "isSpam": 0,
    "version": 4,
    "parentVersion": 3,
    "echartsVersion": "4.9.0",
    "versionCreateTime": "2021-12-03T03:40:33.000Z",
    "html": "",
    "externalScripts": "",
    "updaterUID": "bd-1865259021",
    "theme": "",
    "layout": "",
    "viewCount": 99,
    "userName": "c***6",
    "commentCount": 0,
    "starCount": 12,
    "isStared": 0,
    "thumbnailURL": "https://www.makeapie.com/ecg-storage/ec_gallery_thumbnail/xcdsmNxTkt.png?v=1638502833727",
    "isCustomThumbnail": 0,
    "builtinTags": [
        "category-work",
        "graphic",
        "series-pie",
        "title",
        "toolbox",
        "tooltip"
    ],
    "customTags": [],
    "updaterUserName": "古***斋"
}