{
    "cid": "xDM7CZ43-D",
    "authorUid": "obd-o0hPZtDSDXmjn0V4F6MGap8iWWa5OFW",
    "authorUserName": "勇***粥",
    "title": "demo Chart",
    "description": "线图，阴影区域，水波纹节点",
    "latestVersion": 4,
    "alwaysLatest": 1,
    "createTime": "2021-02-03T07:33:30.000Z",
    "lastUpdateTime": "2021-02-25T06:07:59.000Z",
    "auth": 2,
    "uid": "obd-o0hPZtDSDXmjn0V4F6MGap8iWWa5OFW",
    "publishedVersion": 0,
    "forkFrom": "-",
    "isSpam": 0,
    "version": 4,
    "parentVersion": 3,
    "echartsVersion": "4.8.0",
    "versionCreateTime": "2021-02-03T07:59:14.000Z",
    "html": "",
    "externalScripts": "",
    "updaterUID": "obd-o0hPZtDSDXmjn0V4F6MGap8iWWa5OFW",
    "theme": "default",
    "layout": "",
    "viewCount": 113,
    "userName": "勇***粥",
    "commentCount": 0,
    "starCount": 11,
    "isStared": 0,
    "thumbnailURL": "https://www.makeapie.com/ecg-storage/ec_gallery_thumbnail/xDM7CZ43-D.png?v=1612339154526",
    "isCustomThumbnail": 0,
    "builtinTags": [
        "category-work",
        "grid",
        "series-line",
        "title"
    ],
    "customTags": [
        "point"
    ],
    "updaterUserName": "勇***粥"
}