{
    "cid": "xhZZoOIOII",
    "authorUid": "bd-3079028567",
    "authorUserName": "金***7",
    "title": "雷达图1",
    "description": "雷达图-多因素得分",
    "latestVersion": 4,
    "alwaysLatest": 1,
    "createTime": "2021-01-22T06:58:28.000Z",
    "lastUpdateTime": "2021-01-22T06:58:28.000Z",
    "auth": 2,
    "uid": "bd-3079028567",
    "publishedVersion": 0,
    "forkFrom": "-",
    "isSpam": 0,
    "version": 4,
    "parentVersion": 3,
    "echartsVersion": "4.8.0",
    "versionCreateTime": "2021-01-26T05:34:14.000Z",
    "html": "",
    "externalScripts": "",
    "updaterUID": "bd-3079028567",
    "theme": "",
    "layout": "",
    "viewCount": 49,
    "userName": "金***7",
    "commentCount": 0,
    "starCount": 11,
    "isStared": 0,
    "thumbnailURL": "https://www.makeapie.com/ecg-storage/ec_gallery_thumbnail/xhZZoOIOII.png?v=1611639254616",
    "isCustomThumbnail": 0,
    "builtinTags": [
        "category-work",
        "grid",
        "series-line",
        "title"
    ],
    "customTags": [],
    "updaterUserName": "金***7"
}