{
    "cid": "xj6ynAuQOQ",
    "authorUid": "obd-o2Ea8wrkofBx18EYpjBmtNJT-KamO6i",
    "authorUserName": "o***蝎",
    "title": "环形图",
    "description": "",
    "latestVersion": 1,
    "alwaysLatest": 1,
    "createTime": "2021-02-06T07:11:40.000Z",
    "lastUpdateTime": "2021-02-06T07:11:40.000Z",
    "auth": 1,
    "uid": "obd-o2Ea8wrkofBx18EYpjBmtNJT-KamO6i",
    "publishedVersion": 0,
    "forkFrom": "-",
    "isSpam": 0,
    "version": 1,
    "parentVersion": -1,
    "echartsVersion": "4.8.0",
    "versionCreateTime": "2021-02-06T07:11:40.000Z",
    "html": "",
    "externalScripts": "",
    "updaterUID": "obd-o2Ea8wrkofBx18EYpjBmtNJT-KamO6i",
    "theme": "",
    "layout": "",
    "viewCount": 154,
    "userName": "o***蝎",
    "commentCount": 0,
    "starCount": 16,
    "isStared": 0,
    "thumbnailURL": "https://www.makeapie.com/ecg-storage/ec_gallery_thumbnail/xj6ynAuQOQ.png?v=1612595500252",
    "isCustomThumbnail": 0,
    "builtinTags": [
        "category-work",
        "series-gauge",
        "series-pie",
        "title"
    ],
    "customTags": [],
    "updaterUserName": "o***蝎"
}