{
    "cid": "xLMEPGuurl",
    "authorUid": "obd-o-1eH-Twf3D5T3SqHTE-_ejkeDRkBAx",
    "authorUserName": "s***1",
    "title": "人员分布",
    "description": "",
    "latestVersion": 1,
    "alwaysLatest": 1,
    "createTime": "2021-01-14T08:09:28.000Z",
    "lastUpdateTime": "2021-01-14T08:09:28.000Z",
    "auth": 2,
    "uid": "obd-o-1eH-Twf3D5T3SqHTE-_ejkeDRkBAx",
    "publishedVersion": 0,
    "forkFrom": "-",
    "isSpam": 0,
    "version": 1,
    "parentVersion": -1,
    "echartsVersion": "4.8.0",
    "versionCreateTime": "2021-01-14T08:09:28.000Z",
    "html": "",
    "externalScripts": "",
    "updaterUID": "obd-o-1eH-Twf3D5T3SqHTE-_ejkeDRkBAx",
    "theme": "",
    "layout": "",
    "viewCount": 287,
    "userName": "s***1",
    "commentCount": 0,
    "starCount": 12,
    "isStared": 0,
    "thumbnailURL": "https://www.makeapie.com/ecg-storage/ec_gallery_thumbnail/xLMEPGuurl.png?v=1610611768337",
    "isCustomThumbnail": 0,
    "builtinTags": [
        "category-work",
        "series-graph",
        "tooltip"
    ],
    "customTags": [],
    "updaterUserName": "s***1"
}