{
    "cid": "xnu74MKJWL",
    "authorUid": "obd-oD0FFHJpMhQm98f08NmRJwAGWUn5I1x",
    "authorUserName": "心***7",
    "title": "立体渐变柱状图",
    "description": "立体效果，带渐变的柱状图",
    "latestVersion": 1,
    "alwaysLatest": 1,
    "createTime": "2021-01-13T10:41:22.000Z",
    "lastUpdateTime": "2021-01-13T10:41:22.000Z",
    "auth": 2,
    "uid": "obd-oD0FFHJpMhQm98f08NmRJwAGWUn5I1x",
    "publishedVersion": 0,
    "forkFrom": "-",
    "isSpam": 0,
    "version": 1,
    "parentVersion": -1,
    "echartsVersion": "4.8.0",
    "versionCreateTime": "2021-01-13T10:41:22.000Z",
    "html": "",
    "externalScripts": "",
    "updaterUID": "obd-oD0FFHJpMhQm98f08NmRJwAGWUn5I1x",
    "theme": "",
    "layout": "",
    "viewCount": 156,
    "userName": "心***7",
    "commentCount": 0,
    "starCount": 18,
    "isStared": 0,
    "thumbnailURL": "https://www.makeapie.com/ecg-storage/ec_gallery_thumbnail/xnu74MKJWL.png?v=1610534483047",
    "isCustomThumbnail": 0,
    "builtinTags": [
        "category-work",
        "grid",
        "series-bar",
        "series-custom",
        "title",
        "tooltip"
    ],
    "customTags": [],
    "updaterUserName": "心***7"
}