{
    "cid": "xqDD4vF2OI",
    "authorUid": "obd-oN6D7vzv3Q7uBh4-eToB7_kniBqbqCb",
    "authorUserName": "短***瓶",
    "title": "实时旋转饼图",
    "description": "",
    "latestVersion": 1,
    "alwaysLatest": 1,
    "createTime": "2021-02-04T05:44:40.000Z",
    "lastUpdateTime": "2021-02-04T05:44:40.000Z",
    "auth": 2,
    "uid": "obd-oN6D7vzv3Q7uBh4-eToB7_kniBqbqCb",
    "publishedVersion": 0,
    "forkFrom": "-",
    "isSpam": 0,
    "version": 1,
    "parentVersion": -1,
    "echartsVersion": "4.8.0",
    "versionCreateTime": "2021-02-04T05:44:40.000Z",
    "html": "",
    "externalScripts": "",
    "updaterUID": "obd-oN6D7vzv3Q7uBh4-eToB7_kniBqbqCb",
    "theme": "dark",
    "layout": "",
    "viewCount": 199,
    "userName": "短***瓶",
    "commentCount": 0,
    "starCount": 18,
    "isStared": 0,
    "thumbnailURL": "https://www.makeapie.com/ecg-storage/ec_gallery_thumbnail/xqDD4vF2OI.png?v=1612417481124",
    "isCustomThumbnail": 0,
    "builtinTags": [
        "category-work",
        "series-gauge",
        "series-pie",
        "title"
    ],
    "customTags": [],
    "updaterUserName": "短***瓶"
}