{
    "cid": "x7TpjtvvK3",
    "authorUid": "obd-oMZboHfkOCO8vSHtpa3iJelPGV7_-2j",
    "authorUserName": "距***离",
    "title": "叠柱图2",
    "description": "",
    "latestVersion": 1,
    "alwaysLatest": 1,
    "createTime": "2021-12-29T10:23:31.000Z",
    "lastUpdateTime": "2021-12-29T10:23:31.000Z",
    "auth": 2,
    "uid": "obd-oMZboHfkOCO8vSHtpa3iJelPGV7_-2j",
    "publishedVersion": 0,
    "forkFrom": "-",
    "isSpam": 0,
    "version": 1,
    "parentVersion": -1,
    "echartsVersion": "5.2.2",
    "versionCreateTime": "2021-12-29T10:23:31.000Z",
    "html": "",
    "externalScripts": "",
    "updaterUID": "obd-oMZboHfkOCO8vSHtpa3iJelPGV7_-2j",
    "theme": "",
    "layout": "",
    "viewCount": 0,
    "userName": "距***离",
    "commentCount": 0,
    "starCount": 1,
    "isStared": 0,
    "thumbnailURL": "https://www.makeapie.com/ecg-storage/ec_gallery_thumbnail/x7TpjtvvK3.png?v=1640773411894",
    "isCustomThumbnail": 0,
    "builtinTags": [
        "category-work",
        "grid",
        "legend",
        "series-bar",
        "series-pictorialBar",
        "tooltip"
    ],
    "customTags": [],
    "updaterUserName": "距***离"
}