{
    "cid": "x9keri6JPb",
    "authorUid": "obd-o-azDscGK7-vKZlxiPUw9kcroswYDAB",
    "authorUserName": "X***r",
    "title": "动态折现堆叠+动画效果",
    "description": "折现堆叠+动画效果源自网友分享",
    "latestVersion": 6,
    "alwaysLatest": 0,
    "createTime": "2021-12-29T08:42:37.000Z",
    "lastUpdateTime": "2021-12-29T09:46:35.000Z",
    "auth": 2,
    "uid": "obd-o-azDscGK7-vKZlxiPUw9kcroswYDAB",
    "publishedVersion": 0,
    "forkFrom": "-",
    "isSpam": 0,
    "version": 6,
    "parentVersion": 5,
    "echartsVersion": "5.2.2",
    "versionCreateTime": "2021-12-29T09:46:35.000Z",
    "html": "",
    "externalScripts": "",
    "updaterUID": "obd-o-azDscGK7-vKZlxiPUw9kcroswYDAB",
    "theme": "",
    "layout": "",
    "viewCount": 0,
    "userName": "X***r",
    "commentCount": 0,
    "starCount": 1,
    "isStared": 0,
    "thumbnailURL": "https://www.makeapie.com/ecg-storage/ec_gallery_thumbnail/x9keri6JPb.png?v=1640771196011",
    "isCustomThumbnail": 0,
    "builtinTags": [
        "category-work",
        "grid",
        "legend",
        "series-line",
        "series-lines",
        "tooltip"
    ],
    "customTags": [],
    "updaterUserName": "X***r"
}