{
    "cid": "xhvdw4MM0J",
    "authorUid": "obd-o2mybEVK1vVzleokXqdTsE6D_QYzUBs",
    "authorUserName": "158*****244",
    "title": "线图-颜色随机分配",
    "description": "",
    "latestVersion": 1,
    "alwaysLatest": 0,
    "createTime": "2021-12-30T07:27:34.000Z",
    "lastUpdateTime": "2021-12-30T07:27:34.000Z",
    "auth": 2,
    "uid": "obd-o2mybEVK1vVzleokXqdTsE6D_QYzUBs",
    "publishedVersion": 0,
    "forkFrom": "-",
    "isSpam": 0,
    "version": 1,
    "parentVersion": -1,
    "echartsVersion": "5.2.2",
    "versionCreateTime": "2021-12-30T07:27:34.000Z",
    "html": "",
    "externalScripts": "",
    "updaterUID": "obd-o2mybEVK1vVzleokXqdTsE6D_QYzUBs",
    "theme": "",
    "layout": "",
    "viewCount": 0,
    "userName": "158*****244",
    "commentCount": 0,
    "starCount": 1,
    "isStared": 0,
    "thumbnailURL": "https://www.makeapie.com/ecg-storage/ec_gallery_thumbnail/xhvdw4MM0J.png?v=1640849254845",
    "isCustomThumbnail": 0,
    "builtinTags": [
        "category-work",
        "geo",
        "series-effectScatter",
        "series-lines",
        "series-map",
        "tooltip"
    ],
    "customTags": [],
    "updaterUserName": "158*****244"
}