{
    "cid": "xJ1BmJwatv",
    "authorUid": "obd-oPYA-IkiqrHiTdcXPieWDrMgSqUor9J",
    "authorUserName": "w***2",
    "title": "阶梯图",
    "description": "",
    "latestVersion": 1,
    "alwaysLatest": 0,
    "createTime": "2021-12-28T12:53:59.000Z",
    "lastUpdateTime": "2021-12-28T12:53:59.000Z",
    "auth": 2,
    "uid": "obd-oPYA-IkiqrHiTdcXPieWDrMgSqUor9J",
    "publishedVersion": 0,
    "forkFrom": "-",
    "isSpam": 0,
    "version": 1,
    "parentVersion": -1,
    "echartsVersion": "5.2.2",
    "versionCreateTime": "2021-12-28T12:53:59.000Z",
    "html": "",
    "externalScripts": "",
    "updaterUID": "obd-oPYA-IkiqrHiTdcXPieWDrMgSqUor9J",
    "theme": "",
    "layout": "",
    "viewCount": 0,
    "userName": "w***2",
    "commentCount": 0,
    "starCount": 0,
    "isStared": 0,
    "thumbnailURL": "https://www.makeapie.com/ecg-storage/ec_gallery_thumbnail/xJ1BmJwatv.png?v=1640696039523",
    "isCustomThumbnail": 0,
    "builtinTags": [
        "category-work",
        "grid",
        "legend",
        "series-bar",
        "title",
        "tooltip"
    ],
    "customTags": [],
    "updaterUserName": "w***2"
}