{
    "cid": "xj3SIRZhgb",
    "authorUid": "obd-o-OeXe5PLxlNCY1DGWhcRy04UpKTZAL",
    "authorUserName": "婕***鬼",
    "title": "出勤监控",
    "description": "echarts版本需要5以下",
    "latestVersion": 1,
    "alwaysLatest": 0,
    "createTime": "2021-12-30T09:16:01.000Z",
    "lastUpdateTime": "2021-12-30T09:16:01.000Z",
    "auth": 2,
    "uid": "obd-o-OeXe5PLxlNCY1DGWhcRy04UpKTZAL",
    "publishedVersion": 0,
    "forkFrom": "-",
    "isSpam": 0,
    "version": 1,
    "parentVersion": -1,
    "echartsVersion": "4.9.0",
    "versionCreateTime": "2021-12-30T09:16:01.000Z",
    "html": "",
    "externalScripts": "",
    "updaterUID": "obd-o-OeXe5PLxlNCY1DGWhcRy04UpKTZAL",
    "theme": "",
    "layout": "",
    "viewCount": 0,
    "userName": "婕***鬼",
    "commentCount": 0,
    "starCount": 0,
    "isStared": 0,
    "thumbnailURL": "https://www.makeapie.com/ecg-storage/ec_gallery_thumbnail/xj3SIRZhgb.png?v=1640855761707",
    "isCustomThumbnail": 0,
    "builtinTags": [
        "category-work",
        "graphic",
        "series-pie",
        "title",
        "toolbox",
        "tooltip"
    ],
    "customTags": [],
    "updaterUserName": "婕***鬼"
}