{
    "cid": "xkMgDbjF4S",
    "authorUid": "obd-oNb2iaZpAw__RgANeSyWwQnpcYw_mCu",
    "authorUserName": "源***彩",
    "title": "️送检场次",
    "description": "",
    "latestVersion": 1,
    "alwaysLatest": 0,
    "createTime": "2021-12-30T02:25:41.000Z",
    "lastUpdateTime": "2021-12-30T02:25:41.000Z",
    "auth": 2,
    "uid": "obd-oNb2iaZpAw__RgANeSyWwQnpcYw_mCu",
    "publishedVersion": 0,
    "forkFrom": "-",
    "isSpam": 0,
    "version": 1,
    "parentVersion": -1,
    "echartsVersion": "5.2.2",
    "versionCreateTime": "2021-12-30T02:25:41.000Z",
    "html": "",
    "externalScripts": "",
    "updaterUID": "obd-oNb2iaZpAw__RgANeSyWwQnpcYw_mCu",
    "theme": "",
    "layout": "",
    "viewCount": 0,
    "userName": "源***彩",
    "commentCount": 0,
    "starCount": 0,
    "isStared": 0,
    "thumbnailURL": "https://www.makeapie.com/ecg-storage/ec_gallery_thumbnail/xkMgDbjF4S.png?v=1640831141456",
    "isCustomThumbnail": 0,
    "builtinTags": [
        "category-work",
        "legend",
        "series-pie",
        "title"
    ],
    "customTags": [],
    "updaterUserName": "源***彩"
}