{
    "cid": "xmxvCX9f0Y",
    "authorUid": "obd-oCutFfVoiKeLZwDUt4lqaEIgRDbg23h",
    "authorUserName": "为***纸",
    "title": "环形饼图",
    "description": "",
    "latestVersion": 2,
    "alwaysLatest": 0,
    "createTime": "2021-12-30T01:54:22.000Z",
    "lastUpdateTime": "2021-12-31T06:44:25.000Z",
    "auth": 2,
    "uid": "obd-oCutFfVoiKeLZwDUt4lqaEIgRDbg23h",
    "publishedVersion": 0,
    "forkFrom": "-",
    "isSpam": 0,
    "version": 2,
    "parentVersion": 1,
    "echartsVersion": "5.2.2",
    "versionCreateTime": "2021-12-31T06:44:25.000Z",
    "html": "",
    "externalScripts": "",
    "updaterUID": "obd-oCutFfVoiKeLZwDUt4lqaEIgRDbg23h",
    "theme": "",
    "layout": "",
    "viewCount": 0,
    "userName": "为***纸",
    "commentCount": 0,
    "starCount": 1,
    "isStared": 0,
    "thumbnailURL": "https://www.makeapie.com/ecg-storage/ec_gallery_thumbnail/xmxvCX9f0Y.png?v=1640933065382",
    "isCustomThumbnail": 0,
    "builtinTags": [
        "category-work",
        "graphic",
        "legend",
        "series-pie"
    ],
    "customTags": [],
    "updaterUserName": "为***纸"
}