{
    "cid": "xoNKNfDEia",
    "authorUid": "obd-ojGzOKTrwwIRJtGImmZBMYaJ7sK2VEL",
    "authorUserName": "风***破",
    "title": "柱状图阴影",
    "description": "放在柱状图上面也会出现对应数据",
    "latestVersion": 1,
    "alwaysLatest": 0,
    "createTime": "2021-12-30T07:03:33.000Z",
    "lastUpdateTime": "2021-12-30T07:03:33.000Z",
    "auth": 2,
    "uid": "obd-ojGzOKTrwwIRJtGImmZBMYaJ7sK2VEL",
    "publishedVersion": 0,
    "forkFrom": "-",
    "isSpam": 0,
    "version": 1,
    "parentVersion": -1,
    "echartsVersion": "5.2.2",
    "versionCreateTime": "2021-12-30T07:03:33.000Z",
    "html": "",
    "externalScripts": "",
    "updaterUID": "obd-ojGzOKTrwwIRJtGImmZBMYaJ7sK2VEL",
    "theme": "",
    "layout": "",
    "viewCount": 0,
    "userName": "风***破",
    "commentCount": 0,
    "starCount": 0,
    "isStared": 0,
    "thumbnailURL": "https://www.makeapie.com/ecg-storage/ec_gallery_thumbnail/xoNKNfDEia.png?v=1640847813750",
    "isCustomThumbnail": 0,
    "builtinTags": [
        "category-work",
        "grid",
        "legend",
        "series-bar",
        "title",
        "tooltip"
    ],
    "customTags": [],
    "updaterUserName": "风***破"
}