{
    "cid": "xR8PKUwrb3",
    "authorUid": "obd-oD5ZP4PdCoOYaeAiu75WSRH-ZV9-61w",
    "authorUserName": "牛***啦",
    "title": "双柱状图",
    "description": "",
    "latestVersion": 1,
    "alwaysLatest": 0,
    "createTime": "2021-12-28T09:07:06.000Z",
    "lastUpdateTime": "2021-12-28T09:07:06.000Z",
    "auth": 1,
    "uid": "obd-oD5ZP4PdCoOYaeAiu75WSRH-ZV9-61w",
    "publishedVersion": 0,
    "forkFrom": "-",
    "isSpam": 0,
    "version": 1,
    "parentVersion": -1,
    "echartsVersion": "5.2.2",
    "versionCreateTime": "2021-12-28T09:07:06.000Z",
    "html": "",
    "externalScripts": "",
    "updaterUID": "obd-oD5ZP4PdCoOYaeAiu75WSRH-ZV9-61w",
    "theme": "",
    "layout": "",
    "viewCount": 0,
    "userName": "牛***啦",
    "commentCount": 0,
    "starCount": 0,
    "isStared": 0,
    "thumbnailURL": "https://www.makeapie.com/ecg-storage/ec_gallery_thumbnail/xR8PKUwrb3.png?v=1640682427045",
    "isCustomThumbnail": 0,
    "builtinTags": [
        "category-work",
        "grid",
        "legend",
        "series-bar",
        "series-effectScatter",
        "series-pictorialBar",
        "tooltip"
    ],
    "customTags": [],
    "updaterUserName": "牛***啦"
}