{
    "cid": "xRexFvQt_X",
    "authorUid": "obd-oPYA-IkiqrHiTdcXPieWDrMgSqUor9J",
    "authorUserName": "w***2",
    "title": "柱状图和饼图",
    "description": "",
    "latestVersion": 5,
    "alwaysLatest": 0,
    "createTime": "2021-12-28T12:49:03.000Z",
    "lastUpdateTime": "2022-01-15T01:59:56.000Z",
    "auth": 2,
    "uid": "obd-oPYA-IkiqrHiTdcXPieWDrMgSqUor9J",
    "publishedVersion": 0,
    "forkFrom": "-",
    "isSpam": 0,
    "version": 5,
    "parentVersion": 4,
    "echartsVersion": "5.2.2",
    "versionCreateTime": "2022-01-15T01:59:56.000Z",
    "html": "",
    "externalScripts": "",
    "updaterUID": "obd-oPYA-IkiqrHiTdcXPieWDrMgSqUor9J",
    "theme": "",
    "layout": "",
    "viewCount": 0,
    "userName": "w***2",
    "commentCount": 0,
    "starCount": 0,
    "isStared": 0,
    "thumbnailURL": "https://www.makeapie.com/ecg-storage/ec_gallery_thumbnail/xRexFvQt_X.png?v=1642211996718",
    "isCustomThumbnail": 0,
    "builtinTags": [
        "category-work",
        "grid",
        "series-bar",
        "series-pie",
        "tooltip"
    ],
    "customTags": [],
    "updaterUserName": "w***2"
}