{
    "cid": "xroLjRKea7",
    "authorUid": "obd-oFD6zzHfPr5Q9Zh5ldEv3mN2rMf845G",
    "authorUserName": "一***4",
    "title": "环形图",
    "description": "",
    "latestVersion": 1,
    "alwaysLatest": 0,
    "createTime": "2021-12-28T12:43:58.000Z",
    "lastUpdateTime": "2021-12-28T12:43:58.000Z",
    "auth": 2,
    "uid": "obd-oFD6zzHfPr5Q9Zh5ldEv3mN2rMf845G",
    "publishedVersion": 0,
    "forkFrom": "-",
    "isSpam": 0,
    "version": 1,
    "parentVersion": -1,
    "echartsVersion": "5.2.2",
    "versionCreateTime": "2021-12-28T12:43:58.000Z",
    "html": "",
    "externalScripts": "",
    "updaterUID": "obd-oFD6zzHfPr5Q9Zh5ldEv3mN2rMf845G",
    "theme": "dark",
    "layout": "",
    "viewCount": 0,
    "userName": "一***4",
    "commentCount": 0,
    "starCount": 0,
    "isStared": 0,
    "thumbnailURL": "https://www.makeapie.com/ecg-storage/ec_gallery_thumbnail/xroLjRKea7.png?v=1640695438200",
    "isCustomThumbnail": 0,
    "builtinTags": [
        "category-work",
        "legend",
        "series-pie",
        "tooltip"
    ],
    "customTags": [],
    "updaterUserName": "一***4"
}