{
    "cid": "xswYmHiGcP",
    "authorUid": "bd-1409565658",
    "authorUserName": "阿***",
    "title": "测试",
    "description": "",
    "latestVersion": 2,
    "alwaysLatest": 0,
    "createTime": "2021-12-30T03:35:24.000Z",
    "lastUpdateTime": "2021-12-30T03:41:17.000Z",
    "auth": 2,
    "uid": "bd-1409565658",
    "publishedVersion": 0,
    "forkFrom": "-",
    "isSpam": 0,
    "version": 2,
    "parentVersion": 1,
    "echartsVersion": "5.2.2",
    "versionCreateTime": "2021-12-30T03:41:17.000Z",
    "html": "",
    "externalScripts": "",
    "updaterUID": "bd-1409565658",
    "theme": "",
    "layout": "",
    "viewCount": 0,
    "userName": "阿***",
    "commentCount": 0,
    "starCount": 0,
    "isStared": 0,
    "thumbnailURL": "https://www.makeapie.com/ecg-storage/ec_gallery_thumbnail/xswYmHiGcP.png?v=1640835677249",
    "isCustomThumbnail": 0,
    "builtinTags": [
        "category-work",
        "grid",
        "legend",
        "series-line",
        "tooltip"
    ],
    "customTags": [],
    "updaterUserName": "阿***"
}