{
    "cid": "xYXFSPUNze",
    "authorUid": "obd-o-pzU7YGAbcAnpvDoPr4mj_GylZF3AP",
    "authorUserName": "一***我",
    "title": "智能水表\n占比",
    "description": "50%",
    "latestVersion": 1,
    "alwaysLatest": 1,
    "createTime": "2021-12-30T02:23:34.000Z",
    "lastUpdateTime": "2021-12-30T02:23:34.000Z",
    "auth": 1,
    "uid": "obd-o-pzU7YGAbcAnpvDoPr4mj_GylZF3AP",
    "publishedVersion": 0,
    "forkFrom": "-",
    "isSpam": 0,
    "version": 1,
    "parentVersion": -1,
    "echartsVersion": "5.2.2",
    "versionCreateTime": "2021-12-30T02:23:34.000Z",
    "html": "",
    "externalScripts": "",
    "updaterUID": "obd-o-pzU7YGAbcAnpvDoPr4mj_GylZF3AP",
    "theme": "",
    "layout": "",
    "viewCount": 0,
    "userName": "一***我",
    "commentCount": 0,
    "starCount": 0,
    "isStared": 0,
    "thumbnailURL": "https://www.makeapie.com/ecg-storage/ec_gallery_thumbnail/xYXFSPUNze.png?v=1640831014438",
    "isCustomThumbnail": 0,
    "builtinTags": [
        "category-work",
        "legend",
        "series-pie",
        "title",
        "tooltip"
    ],
    "customTags": [],
    "updaterUserName": "一***我"
}