{
    "cid": "x-Yw4VLFUo",
    "authorUid": "obd-o-1SLhH1kkPp8_ImwKzwYvECZweJZAW",
    "authorUserName": "U***羽",
    "title": "历史数据-曲线",
    "description": "",
    "latestVersion": 4,
    "alwaysLatest": 0,
    "createTime": "2021-12-21T09:54:56.000Z",
    "lastUpdateTime": "2021-12-21T10:02:09.000Z",
    "auth": 2,
    "uid": "obd-o-1SLhH1kkPp8_ImwKzwYvECZweJZAW",
    "publishedVersion": 0,
    "forkFrom": "-",
    "isSpam": 0,
    "version": 4,
    "parentVersion": 3,
    "echartsVersion": "5.2.2",
    "versionCreateTime": "2021-12-21T10:02:09.000Z",
    "html": "",
    "externalScripts": "",
    "updaterUID": "obd-o-1SLhH1kkPp8_ImwKzwYvECZweJZAW",
    "theme": "",
    "layout": "",
    "viewCount": 0,
    "userName": "U***羽",
    "commentCount": 0,
    "starCount": 0,
    "isStared": 0,
    "thumbnailURL": "https://www.makeapie.com/ecg-storage/ec_gallery_thumbnail/x-Yw4VLFUo.png?v=1640080929419",
    "isCustomThumbnail": 0,
    "builtinTags": [
        "category-work",
        "grid",
        "legend",
        "markLine",
        "series-line",
        "title",
        "tooltip"
    ],
    "customTags": [],
    "updaterUserName": "U***羽"
}