{
    "cid": "xatcKFOhvV",
    "authorUid": "obd-oPYK9YrL8pYi0BClp4VfETTH5ZYvC9p",
    "authorUserName": "z***6",
    "title": "Awesome Chart",
    "description": "",
    "latestVersion": 1,
    "alwaysLatest": 0,
    "createTime": "2021-12-21T08:00:36.000Z",
    "lastUpdateTime": "2021-12-21T08:00:36.000Z",
    "auth": 2,
    "uid": "obd-oPYK9YrL8pYi0BClp4VfETTH5ZYvC9p",
    "publishedVersion": 0,
    "forkFrom": "-",
    "isSpam": 0,
    "version": 1,
    "parentVersion": -1,
    "echartsVersion": "5.2.2",
    "versionCreateTime": "2021-12-21T08:00:36.000Z",
    "html": "",
    "externalScripts": "",
    "updaterUID": "obd-oPYK9YrL8pYi0BClp4VfETTH5ZYvC9p",
    "theme": "",
    "layout": "",
    "viewCount": 0,
    "userName": "z***6",
    "commentCount": 0,
    "starCount": 0,
    "isStared": 0,
    "thumbnailURL": "https://www.makeapie.com/ecg-storage/ec_gallery_thumbnail/xatcKFOhvV.png?v=1640073636752",
    "isCustomThumbnail": 0,
    "builtinTags": [
        "category-work",
        "grid",
        "series-bar",
        "title"
    ],
    "customTags": [],
    "updaterUserName": "z***6"
}