{
    "cid": "xboJrBusi1",
    "authorUid": "obd-o28yv7PuVMyHujQT90qsB3zWoMnjmB8",
    "authorUserName": "钟***2",
    "title": "环形图",
    "description": "",
    "latestVersion": 5,
    "alwaysLatest": 0,
    "createTime": "2021-12-21T08:40:06.000Z",
    "lastUpdateTime": "2021-12-21T09:58:45.000Z",
    "auth": 2,
    "uid": "obd-o28yv7PuVMyHujQT90qsB3zWoMnjmB8",
    "publishedVersion": 0,
    "forkFrom": "-",
    "isSpam": 0,
    "version": 5,
    "parentVersion": 4,
    "echartsVersion": "5.2.2",
    "versionCreateTime": "2021-12-21T09:58:45.000Z",
    "html": "",
    "externalScripts": "",
    "updaterUID": "obd-o28yv7PuVMyHujQT90qsB3zWoMnjmB8",
    "theme": "",
    "layout": "",
    "viewCount": 0,
    "userName": "钟***2",
    "commentCount": 0,
    "starCount": 1,
    "isStared": 0,
    "thumbnailURL": "https://www.makeapie.com/ecg-storage/ec_gallery_thumbnail/xboJrBusi1.png?v=1640080725155",
    "isCustomThumbnail": 0,
    "builtinTags": [
        "category-work",
        "grid",
        "series-bar",
        "title"
    ],
    "customTags": [],
    "updaterUserName": "钟***2"
}