{
    "cid": "xbWHuTeKb2",
    "authorUid": "obd-oFD6zzHfPr5Q9Zh5ldEv3mN2rMf845G",
    "authorUserName": "一***4",
    "title": "饼图",
    "description": "",
    "latestVersion": 4,
    "alwaysLatest": 0,
    "createTime": "2021-12-22T07:20:12.000Z",
    "lastUpdateTime": "2021-12-23T01:43:19.000Z",
    "auth": 2,
    "uid": "obd-oFD6zzHfPr5Q9Zh5ldEv3mN2rMf845G",
    "publishedVersion": 0,
    "forkFrom": "-",
    "isSpam": 0,
    "version": 4,
    "parentVersion": 3,
    "echartsVersion": "5.2.2",
    "versionCreateTime": "2021-12-23T01:43:19.000Z",
    "html": "",
    "externalScripts": "",
    "updaterUID": "obd-oFD6zzHfPr5Q9Zh5ldEv3mN2rMf845G",
    "theme": "",
    "layout": "",
    "viewCount": 0,
    "userName": "一***4",
    "commentCount": 0,
    "starCount": 0,
    "isStared": 0,
    "thumbnailURL": "https://www.makeapie.com/ecg-storage/ec_gallery_thumbnail/xbWHuTeKb2.png?v=1640223799969",
    "isCustomThumbnail": 0,
    "builtinTags": [
        "category-work",
        "series-pie",
        "title",
        "tooltip"
    ],
    "customTags": [],
    "updaterUserName": "一***4"
}