{
    "cid": "xGIkrrjVe0",
    "authorUid": "obd-oj3MBZIJXWcfK4EmL-okrMj5KgM8eDG",
    "authorUserName": "许***她",
    "title": "旋转",
    "description": "",
    "latestVersion": 2,
    "alwaysLatest": 0,
    "createTime": "2021-12-21T07:46:51.000Z",
    "lastUpdateTime": "2021-12-21T07:47:16.000Z",
    "auth": 2,
    "uid": "obd-oj3MBZIJXWcfK4EmL-okrMj5KgM8eDG",
    "publishedVersion": 0,
    "forkFrom": "-",
    "isSpam": 0,
    "version": 2,
    "parentVersion": 1,
    "echartsVersion": "5.2.2",
    "versionCreateTime": "2021-12-21T07:47:16.000Z",
    "html": "",
    "externalScripts": "",
    "updaterUID": "obd-oj3MBZIJXWcfK4EmL-okrMj5KgM8eDG",
    "theme": "",
    "layout": "",
    "viewCount": 0,
    "userName": "许***她",
    "commentCount": 0,
    "starCount": 0,
    "isStared": 0,
    "thumbnailURL": "https://www.makeapie.com/ecg-storage/ec_gallery_thumbnail/xGIkrrjVe0.png?v=1640072836154",
    "isCustomThumbnail": 0,
    "builtinTags": [
        "category-work",
        "grid",
        "legend",
        "series-pie"
    ],
    "customTags": [],
    "updaterUserName": "许***她"
}