{
    "cid": "xlEuK39OgA",
    "authorUid": "obd-oFD6zzHfPr5Q9Zh5ldEv3mN2rMf845G",
    "authorUserName": "一***4",
    "title": "",
    "description": "固定&自定义y轴条形图",
    "latestVersion": 3,
    "alwaysLatest": 0,
    "createTime": "2021-12-21T10:16:58.000Z",
    "lastUpdateTime": "2021-12-22T02:05:38.000Z",
    "auth": 2,
    "uid": "obd-oFD6zzHfPr5Q9Zh5ldEv3mN2rMf845G",
    "publishedVersion": 0,
    "forkFrom": "-",
    "isSpam": 0,
    "version": 3,
    "parentVersion": 2,
    "echartsVersion": "5.2.2",
    "versionCreateTime": "2021-12-22T02:05:38.000Z",
    "html": "",
    "externalScripts": "",
    "updaterUID": "obd-oFD6zzHfPr5Q9Zh5ldEv3mN2rMf845G",
    "theme": "dark",
    "layout": "",
    "viewCount": 0,
    "userName": "一***4",
    "commentCount": 0,
    "starCount": 0,
    "isStared": 0,
    "thumbnailURL": "https://www.makeapie.com/ecg-storage/ec_gallery_thumbnail/xlEuK39OgA.png?v=1640138738958",
    "isCustomThumbnail": 0,
    "builtinTags": [
        "category-work",
        "grid",
        "series-bar",
        "tooltip"
    ],
    "customTags": [],
    "updaterUserName": "一***4"
}