{
    "cid": "xm7HzhLC5w",
    "authorUid": "obd-o2LdqDYQWWwjquFQve3zYIXY_IXgBBP",
    "authorUserName": "e***y",
    "title": "世界人口",
    "description": "",
    "latestVersion": 1,
    "alwaysLatest": 0,
    "createTime": "2021-12-22T03:44:39.000Z",
    "lastUpdateTime": "2021-12-22T03:44:39.000Z",
    "auth": 2,
    "uid": "obd-o2LdqDYQWWwjquFQve3zYIXY_IXgBBP",
    "publishedVersion": 0,
    "forkFrom": "-",
    "isSpam": 0,
    "version": 1,
    "parentVersion": -1,
    "echartsVersion": "5.2.2",
    "versionCreateTime": "2021-12-22T03:44:39.000Z",
    "html": "",
    "externalScripts": "",
    "updaterUID": "obd-o2LdqDYQWWwjquFQve3zYIXY_IXgBBP",
    "theme": "",
    "layout": "",
    "viewCount": 0,
    "userName": "e***y",
    "commentCount": 0,
    "starCount": 0,
    "isStared": 0,
    "thumbnailURL": "https://www.makeapie.com/ecg-storage/ec_gallery_thumbnail/xm7HzhLC5w.png?v=1640144679856",
    "isCustomThumbnail": 0,
    "builtinTags": [
        "category-work",
        "series-pie",
        "tooltip"
    ],
    "customTags": [],
    "updaterUserName": "e***y"
}