{
    "cid": "xpHE6nGSIG",
    "authorUid": "obd-oD5Fcr6HNNsAX9-F-TYKbniTWmQ9k1L",
    "authorUserName": "章***将",
    "title": "水文预报数据可视化",
    "description": "多坐标轴-时间轴数据融合展示",
    "latestVersion": 2,
    "alwaysLatest": 0,
    "createTime": "2021-12-22T03:45:13.000Z",
    "lastUpdateTime": "2021-12-22T04:05:37.000Z",
    "auth": 2,
    "uid": "obd-oD5Fcr6HNNsAX9-F-TYKbniTWmQ9k1L",
    "publishedVersion": 0,
    "forkFrom": "-",
    "isSpam": 0,
    "version": 2,
    "parentVersion": 1,
    "echartsVersion": "5.2.2",
    "versionCreateTime": "2021-12-22T04:05:38.000Z",
    "html": "",
    "externalScripts": "",
    "updaterUID": "obd-oD5Fcr6HNNsAX9-F-TYKbniTWmQ9k1L",
    "theme": "dark",
    "layout": "",
    "viewCount": 0,
    "userName": "章***将",
    "commentCount": 0,
    "starCount": 1,
    "isStared": 0,
    "thumbnailURL": "https://www.makeapie.com/ecg-storage/ec_gallery_thumbnail/xpHE6nGSIG.png?v=1640145938290",
    "isCustomThumbnail": 0,
    "builtinTags": [
        "category-work",
        "dataZoom",
        "grid",
        "legend",
        "markLine",
        "series-bar",
        "series-line",
        "tooltip"
    ],
    "customTags": [],
    "updaterUserName": "章***将"
}