{
    "cid": "xsTZyHmplb",
    "authorUid": "obd-oEcgBN48kgW4_6amvIoHzt62bDCll4M",
    "authorUserName": "x***2",
    "title": "甘特图",
    "description": "项目开发流程-甘特图",
    "latestVersion": 1,
    "alwaysLatest": 1,
    "createTime": "2021-12-22T03:46:39.000Z",
    "lastUpdateTime": "2021-12-22T03:46:39.000Z",
    "auth": 2,
    "uid": "obd-oEcgBN48kgW4_6amvIoHzt62bDCll4M",
    "publishedVersion": 0,
    "forkFrom": "-",
    "isSpam": 0,
    "version": 1,
    "parentVersion": -1,
    "echartsVersion": "4.9.0",
    "versionCreateTime": "2021-12-22T03:46:39.000Z",
    "html": "",
    "externalScripts": "",
    "updaterUID": "obd-oEcgBN48kgW4_6amvIoHzt62bDCll4M",
    "theme": "",
    "layout": "",
    "viewCount": 0,
    "userName": "x***2",
    "commentCount": 0,
    "starCount": 0,
    "isStared": 0,
    "thumbnailURL": "https://www.makeapie.com/ecg-storage/ec_gallery_thumbnail/xsTZyHmplb.png?v=1640144799176",
    "isCustomThumbnail": 0,
    "builtinTags": [
        "category-work",
        "dataZoom",
        "grid",
        "series-custom",
        "tooltip"
    ],
    "customTags": [
        "bar"
    ],
    "updaterUserName": "x***2"
}