{
    "cid": "xva_G1QLeS",
    "authorUid": "obd-o2LdqDYQWWwjquFQve3zYIXY_IXgBBP",
    "authorUserName": "e***y",
    "title": "zhou_task001",
    "description": "",
    "latestVersion": 7,
    "alwaysLatest": 0,
    "createTime": "2021-12-21T07:26:52.000Z",
    "lastUpdateTime": "2021-12-22T03:43:58.000Z",
    "auth": 2,
    "uid": "obd-o2LdqDYQWWwjquFQve3zYIXY_IXgBBP",
    "publishedVersion": 0,
    "forkFrom": "-",
    "isSpam": 0,
    "version": 7,
    "parentVersion": 6,
    "echartsVersion": "5.2.2",
    "versionCreateTime": "2021-12-22T03:43:58.000Z",
    "html": "",
    "externalScripts": "",
    "updaterUID": "obd-o2LdqDYQWWwjquFQve3zYIXY_IXgBBP",
    "theme": "",
    "layout": "",
    "viewCount": 0,
    "userName": "e***y",
    "commentCount": 0,
    "starCount": 0,
    "isStared": 0,
    "thumbnailURL": "https://www.makeapie.com/ecg-storage/ec_gallery_thumbnail/xva_G1QLeS.png?v=1640144638732",
    "isCustomThumbnail": 0,
    "builtinTags": [
        "category-work",
        "series-pie"
    ],
    "customTags": [],
    "updaterUserName": "e***y"
}