{
    "cid": "xwBV8UJB0_",
    "authorUid": "obd-oEV7GQDl8UnBj5tFWjhOczXdiZo3A4b",
    "authorUserName": "w***5",
    "title": "map",
    "description": "",
    "latestVersion": 1,
    "alwaysLatest": 0,
    "createTime": "2021-12-21T08:43:39.000Z",
    "lastUpdateTime": "2021-12-21T08:43:39.000Z",
    "auth": 2,
    "uid": "obd-oEV7GQDl8UnBj5tFWjhOczXdiZo3A4b",
    "publishedVersion": 0,
    "forkFrom": "-",
    "isSpam": 0,
    "version": 1,
    "parentVersion": -1,
    "echartsVersion": "5.2.2",
    "versionCreateTime": "2021-12-21T08:43:39.000Z",
    "html": "",
    "externalScripts": "",
    "updaterUID": "obd-oEV7GQDl8UnBj5tFWjhOczXdiZo3A4b",
    "theme": "",
    "layout": "",
    "viewCount": 0,
    "userName": "w***5",
    "commentCount": 0,
    "starCount": 0,
    "isStared": 0,
    "thumbnailURL": "https://www.makeapie.com/ecg-storage/ec_gallery_thumbnail/xwBV8UJB0_.png?v=1640076219509",
    "isCustomThumbnail": 0,
    "builtinTags": [
        "category-work",
        "geo",
        "series-map",
        "series-scatter",
        "visualMap"
    ],
    "customTags": [],
    "updaterUserName": "w***5"
}