{
    "cid": "xxObvhhOTG",
    "authorUid": "obd-oFRx1Wecq8n7_Wt24-NdXsw7Qvssl5b",
    "authorUserName": "h***7",
    "title": "马哥echart版本来了",
    "description": "",
    "latestVersion": 7,
    "alwaysLatest": 0,
    "createTime": "2021-12-21T11:52:03.000Z",
    "lastUpdateTime": "2021-12-21T14:09:35.000Z",
    "auth": 2,
    "uid": "obd-oFRx1Wecq8n7_Wt24-NdXsw7Qvssl5b",
    "publishedVersion": 0,
    "forkFrom": "-",
    "isSpam": 0,
    "version": 7,
    "parentVersion": 6,
    "echartsVersion": "5.2.2",
    "versionCreateTime": "2021-12-21T14:09:35.000Z",
    "html": "",
    "externalScripts": "",
    "updaterUID": "obd-oFRx1Wecq8n7_Wt24-NdXsw7Qvssl5b",
    "theme": "",
    "layout": "",
    "viewCount": 0,
    "userName": "h***7",
    "commentCount": 0,
    "starCount": 1,
    "isStared": 0,
    "thumbnailURL": "https://www.makeapie.com/ecg-storage/ec_gallery_thumbnail/xxObvhhOTG.png?v=1640095775716",
    "isCustomThumbnail": 0,
    "builtinTags": [
        "category-work",
        "grid",
        "series-bar",
        "title"
    ],
    "customTags": [],
    "updaterUserName": "h***7"
}