{
    "cid": "xZw-XsYCfO",
    "authorUid": "obd-o2SThaCHSK0kiVBCLSZEWMoeo_e0w6d",
    "authorUserName": "浮***少",
    "title": "设备稼动率",
    "description": "",
    "latestVersion": 1,
    "alwaysLatest": 1,
    "createTime": "2021-12-22T07:36:17.000Z",
    "lastUpdateTime": "2021-12-22T07:36:17.000Z",
    "auth": 2,
    "uid": "obd-o2SThaCHSK0kiVBCLSZEWMoeo_e0w6d",
    "publishedVersion": 0,
    "forkFrom": "-",
    "isSpam": 0,
    "version": 1,
    "parentVersion": -1,
    "echartsVersion": "4.9.0",
    "versionCreateTime": "2021-12-22T07:36:17.000Z",
    "html": "",
    "externalScripts": "",
    "updaterUID": "obd-o2SThaCHSK0kiVBCLSZEWMoeo_e0w6d",
    "theme": "",
    "layout": "",
    "viewCount": 0,
    "userName": "浮***少",
    "commentCount": 0,
    "starCount": 0,
    "isStared": 0,
    "thumbnailURL": "https://www.makeapie.com/ecg-storage/ec_gallery_thumbnail/xZw-XsYCfO.png?v=1640158577654",
    "isCustomThumbnail": 0,
    "builtinTags": [
        "category-work",
        "series-gauge"
    ],
    "customTags": [],
    "updaterUserName": "浮***少"
}