{
    "cid": "xBJ-XwSbtg",
    "authorUid": "bd-1696688313",
    "authorUserName": "水***6",
    "title": "pie饼",
    "description": "2017年",
    "latestVersion": 1,
    "alwaysLatest": 1,
    "createTime": "2017-02-15T03:12:25.000Z",
    "lastUpdateTime": "2017-02-15T03:12:25.000Z",
    "auth": 2,
    "uid": "bd-1696688313",
    "publishedVersion": 0,
    "forkFrom": "-",
    "isSpam": 0,
    "version": 1,
    "parentVersion": -1,
    "echartsVersion": "3.4.0",
    "versionCreateTime": "2017-02-15T03:12:25.000Z",
    "html": "",
    "externalScripts": "",
    "updaterUID": "bd-1696688313",
    "theme": "",
    "layout": "",
    "viewCount": 6267,
    "userName": "水***6",
    "commentCount": 0,
    "starCount": 11,
    "isStared": 0,
    "thumbnailURL": "https://www.makeapie.com/ecg-storage/ec_gallery_thumbnail/xBJ-XwSbtg.png?v=1487128345554",
    "isCustomThumbnail": 0,
    "builtinTags": [
        "category-work",
        "graphic",
        "legend",
        "series-pie",
        "title",
        "tooltip"
    ],
    "customTags": [],
    "updaterUserName": "水***6"
}