{
    "cid": "xBynsUJMFe",
    "authorUid": "bd-1195124638",
    "authorUserName": "你***毛",
    "title": "各民族常用动物药",
    "description": "南丁格尔玫瑰图",
    "latestVersion": 3,
    "alwaysLatest": 1,
    "createTime": "2017-02-15T14:33:07.000Z",
    "lastUpdateTime": "2017-02-15T14:33:07.000Z",
    "auth": 2,
    "uid": "bd-1195124638",
    "publishedVersion": 0,
    "forkFrom": "-",
    "isSpam": 0,
    "version": 3,
    "parentVersion": 2,
    "echartsVersion": "3.4.0",
    "versionCreateTime": "2017-03-18T12:14:37.000Z",
    "html": "",
    "externalScripts": "",
    "updaterUID": "bd-1195124638",
    "theme": "macarons",
    "layout": "",
    "viewCount": 3856,
    "userName": "你***毛",
    "commentCount": 0,
    "starCount": 8,
    "isStared": 0,
    "thumbnailURL": "https://www.makeapie.com/ecg-storage/ec_gallery_thumbnail/xBynsUJMFe.png?v=1489839278240",
    "isCustomThumbnail": 0,
    "builtinTags": [
        "category-work",
        "legend",
        "series-pie",
        "title",
        "toolbox",
        "tooltip"
    ],
    "customTags": [],
    "updaterUserName": "你***毛"
}