{
    "cid": "xHJOfH1fFx",
    "authorUid": "bd-1195124638",
    "authorUserName": "你***毛",
    "title": "各省藏区药科研发机构",
    "description": "空间分布图",
    "latestVersion": 4,
    "alwaysLatest": 1,
    "createTime": "2017-02-15T14:26:23.000Z",
    "lastUpdateTime": "2017-02-15T14:26:23.000Z",
    "auth": 2,
    "uid": "bd-1195124638",
    "publishedVersion": 0,
    "forkFrom": "-",
    "isSpam": 0,
    "version": 4,
    "parentVersion": 3,
    "echartsVersion": "3.5.1",
    "versionCreateTime": "2017-04-07T03:12:56.000Z",
    "html": "",
    "externalScripts": "/dep/echarts/map/js/china.js",
    "updaterUID": "bd-1195124638",
    "theme": "",
    "layout": "",
    "viewCount": 15622,
    "userName": "你***毛",
    "commentCount": 1,
    "starCount": 18,
    "isStared": 0,
    "thumbnailURL": "https://www.makeapie.com/ecg-storage/ec_gallery_thumbnail/xHJOfH1fFx.png?v=1491534776733",
    "isCustomThumbnail": 0,
    "builtinTags": [
        "axisPointer",
        "category-work",
        "geo",
        "legend",
        "series-map",
        "title",
        "toolbox",
        "tooltip",
        "visualMap"
    ],
    "customTags": [],
    "updaterUserName": "你***毛"
}