{
    "cid": "xHknaayAue",
    "authorUid": "bd-576345086",
    "authorUserName": "寂静独白Murray",
    "title": "售后驳回数据排名",
    "description": "",
    "latestVersion": 2,
    "alwaysLatest": 1,
    "createTime": "2017-02-12T14:14:28.000Z",
    "lastUpdateTime": "2017-02-12T14:14:28.000Z",
    "auth": 2,
    "uid": "bd-576345086",
    "publishedVersion": 0,
    "forkFrom": "-",
    "isSpam": 0,
    "version": 2,
    "parentVersion": 1,
    "echartsVersion": "3.4.0",
    "versionCreateTime": "2017-02-12T14:15:48.000Z",
    "html": "",
    "externalScripts": "",
    "updaterUID": "bd-576345086",
    "theme": "",
    "layout": "",
    "viewCount": 692,
    "userName": "寂静独白Murray",
    "commentCount": 0,
    "starCount": 1,
    "isStared": 0,
    "thumbnailURL": "https://www.makeapie.com/ecg-storage/ec_gallery_thumbnail/xHknaayAue.png?v=1486908949178",
    "isCustomThumbnail": 0,
    "builtinTags": [
        "category-work",
        "grid",
        "series-bar",
        "title",
        "tooltip"
    ],
    "customTags": [],
    "updaterUserName": "寂静独白Murray"
}