{
    "cid": "xHyaNv0fFe",
    "authorUid": "bd-3997154932",
    "authorUserName": "l***d",
    "title": "exponential regression - 1981 to 1998 gross domestic product GDP (trillion yuan)",
    "description": "using exponential regression to fit 1981 to 1998 gross domestic product GDP (trillion yuan)",
    "latestVersion": 8,
    "alwaysLatest": 1,
    "createTime": "2017-02-16T07:39:32.000Z",
    "lastUpdateTime": "2017-02-16T07:39:32.000Z",
    "auth": 2,
    "uid": "bd-3997154932",
    "publishedVersion": 0,
    "forkFrom": "-",
    "isSpam": 0,
    "version": 8,
    "parentVersion": 7,
    "echartsVersion": "3.6.0",
    "versionCreateTime": "2017-05-26T02:57:51.000Z",
    "html": "",
    "externalScripts": "http://echarts.baidu.com/resource/echarts-stat-latest/dist/ecStat.min.js",
    "updaterUID": "bd-3997154932",
    "theme": "",
    "layout": "",
    "viewCount": 4071,
    "userName": "l***d",
    "commentCount": 3,
    "starCount": 10,
    "isStared": 0,
    "thumbnailURL": "https://www.makeapie.com/ecg-storage/ec_gallery_thumbnail/xHyaNv0fFe.png?v=1495767471809",
    "isCustomThumbnail": 0,
    "builtinTags": [
        "category-work",
        "grid",
        "markPoint",
        "series-line",
        "series-scatter",
        "title",
        "tooltip"
    ],
    "customTags": [
        "line",
        "regression"
    ],
    "updaterUserName": "l***d"
}