{
    "cid": "xHyr-esMtg",
    "authorUid": "bd-3997154932",
    "authorUserName": "l***d",
    "title": "Dynamic Clustering ",
    "description": "Visual analysis of the process of clustering",
    "latestVersion": 6,
    "alwaysLatest": 1,
    "createTime": "2017-02-16T03:43:57.000Z",
    "lastUpdateTime": "2017-02-16T03:43:57.000Z",
    "auth": 2,
    "uid": "bd-3997154932",
    "publishedVersion": 0,
    "forkFrom": "-",
    "isSpam": 0,
    "version": 6,
    "parentVersion": 5,
    "echartsVersion": "3.6.0",
    "versionCreateTime": "2017-05-26T02:58:21.000Z",
    "html": "",
    "externalScripts": "http://echarts.baidu.com/resource/echarts-stat-latest/dist/ecStat.min.js",
    "updaterUID": "bd-3997154932",
    "theme": "",
    "layout": "",
    "viewCount": 3692,
    "userName": "l***d",
    "commentCount": 0,
    "starCount": 3,
    "isStared": 0,
    "thumbnailURL": "https://www.makeapie.com/ecg-storage/ec_gallery_thumbnail/xHyr-esMtg.png?v=1495767501429",
    "isCustomThumbnail": 0,
    "builtinTags": [
        "category-work",
        "grid",
        "markPoint",
        "series-scatter",
        "timeline",
        "tooltip"
    ],
    "customTags": [
        "clustering",
        "scatter"
    ],
    "updaterUserName": "l***d"
}