{
    "cid": "xr1ACz-AOl",
    "authorUid": "bd-576345086",
    "authorUserName": "寂静独白Murray",
    "title": "解决状态排名",
    "description": "",
    "latestVersion": 4,
    "alwaysLatest": 1,
    "createTime": "2017-02-12T15:44:22.000Z",
    "lastUpdateTime": "2017-02-12T15:44:22.000Z",
    "auth": 2,
    "uid": "bd-576345086",
    "publishedVersion": 0,
    "forkFrom": "-",
    "isSpam": 0,
    "version": 4,
    "parentVersion": 3,
    "echartsVersion": "3.4.0",
    "versionCreateTime": "2017-02-12T16:04:19.000Z",
    "html": "",
    "externalScripts": "",
    "updaterUID": "bd-576345086",
    "theme": "",
    "layout": "",
    "viewCount": 2856,
    "userName": "寂静独白Murray",
    "commentCount": 1,
    "starCount": 7,
    "isStared": 0,
    "thumbnailURL": "https://www.makeapie.com/ecg-storage/ec_gallery_thumbnail/xr1ACz-AOl.png?v=1486915459588",
    "isCustomThumbnail": 0,
    "builtinTags": [
        "category-work",
        "series-pie",
        "title",
        "tooltip",
        "visualMap"
    ],
    "customTags": [],
    "updaterUserName": "寂静独白Murray"
}