{
    "cid": "xr1bFgZJYx",
    "authorUid": "bd-3911393345",
    "authorUserName": "wolf赵帅帅",
    "title": "调用关系图",
    "description": "展示各服务的上下游调用关系",
    "latestVersion": 1,
    "alwaysLatest": 1,
    "createTime": "2017-02-13T09:46:32.000Z",
    "lastUpdateTime": "2017-02-13T09:46:32.000Z",
    "auth": 2,
    "uid": "bd-3911393345",
    "publishedVersion": 0,
    "forkFrom": "-",
    "isSpam": 0,
    "version": 1,
    "parentVersion": -1,
    "echartsVersion": "3.4.0",
    "versionCreateTime": "2017-02-13T09:46:33.000Z",
    "html": "",
    "externalScripts": "",
    "updaterUID": "bd-3911393345",
    "theme": "",
    "layout": "",
    "viewCount": 4255,
    "userName": "wolf赵帅帅",
    "commentCount": 1,
    "starCount": 9,
    "isStared": 0,
    "thumbnailURL": "https://www.makeapie.com/ecg-storage/ec_gallery_thumbnail/xr1bFgZJYx.png?v=1486979193680",
    "isCustomThumbnail": 0,
    "builtinTags": [
        "category-work",
        "series-graph",
        "title",
        "tooltip"
    ],
    "customTags": [],
    "updaterUserName": "wolf赵帅帅"
}