{
    "cid": "xr1PlOGkKe",
    "authorUid": "bd-4130823160",
    "authorUserName": "q***1",
    "title": "MyChartsTest",
    "description": "测试",
    "latestVersion": 2,
    "alwaysLatest": 1,
    "createTime": "2017-02-13T11:26:39.000Z",
    "lastUpdateTime": "2017-02-13T11:26:39.000Z",
    "auth": 2,
    "uid": "bd-4130823160",
    "publishedVersion": 0,
    "forkFrom": "-",
    "isSpam": 0,
    "version": 2,
    "parentVersion": 1,
    "echartsVersion": "3.4.0",
    "versionCreateTime": "2017-02-13T11:26:55.000Z",
    "html": "",
    "externalScripts": "/dep/echarts/latest/extension/dataTool.min.js",
    "updaterUID": "bd-4130823160",
    "theme": "",
    "layout": "",
    "viewCount": 386,
    "userName": "q***1",
    "commentCount": 0,
    "starCount": 1,
    "isStared": 0,
    "thumbnailURL": "https://www.makeapie.com/ecg-storage/ec_gallery_thumbnail/xr1PlOGkKe.png?v=1486985215896",
    "isCustomThumbnail": 0,
    "builtinTags": [
        "category-work",
        "grid",
        "series-line"
    ],
    "customTags": [],
    "updaterUserName": "q***1"
}