{
    "cid": "xr1T2vegtl",
    "authorUid": "bd-1881559225",
    "authorUserName": "roychenyi",
    "title": "多饼图，百分比",
    "description": "",
    "latestVersion": 2,
    "alwaysLatest": 1,
    "createTime": "2017-02-14T03:21:24.000Z",
    "lastUpdateTime": "2017-02-14T03:21:24.000Z",
    "auth": 2,
    "uid": "bd-1881559225",
    "publishedVersion": 0,
    "forkFrom": "-",
    "isSpam": 0,
    "version": 2,
    "parentVersion": 1,
    "echartsVersion": "3.4.0",
    "versionCreateTime": "2017-02-16T08:43:02.000Z",
    "html": "",
    "externalScripts": "",
    "updaterUID": "bd-1881559225",
    "theme": "",
    "layout": "",
    "viewCount": 1093,
    "userName": "roychenyi",
    "commentCount": 0,
    "starCount": 2,
    "isStared": 0,
    "thumbnailURL": "https://www.makeapie.com/ecg-storage/ec_gallery_thumbnail/xr1T2vegtl.png?v=1487234582950",
    "isCustomThumbnail": 0,
    "builtinTags": [
        "category-work",
        "legend",
        "series-pie",
        "title",
        "toolbox",
        "tooltip"
    ],
    "customTags": [],
    "updaterUserName": "roychenyi"
}