{
    "cid": "xr1waGC0ux",
    "authorUid": "bd-4013131402",
    "authorUserName": "o***4",
    "title": "情人节创意",
    "description": "",
    "latestVersion": 5,
    "alwaysLatest": 1,
    "createTime": "2017-02-13T06:31:26.000Z",
    "lastUpdateTime": "2017-02-20T03:27:52.000Z",
    "auth": 2,
    "uid": "bd-4013131402",
    "publishedVersion": 0,
    "forkFrom": "-",
    "isSpam": 0,
    "version": 5,
    "parentVersion": 4,
    "echartsVersion": "3.4.0",
    "versionCreateTime": "2017-02-20T03:27:34.000Z",
    "html": "",
    "externalScripts": "https://rawgit.com/ecomfe/echarts-liquidfill/0bd405f012e1a23408e1bf70ec3a727cab169c16/dist/echarts-liquidfill.js,https://cdn.rawgit.com/mathiasbynens/utf8.js/5566334e/utf8.js,https://cdn.rawgit.com/mathiasbynens/base64/a8d7cabd/base64.js",
    "updaterUID": "bd-4013131402",
    "theme": "default",
    "layout": "",
    "viewCount": 14375,
    "userName": "o***4",
    "commentCount": 4,
    "starCount": 26,
    "isStared": 0,
    "thumbnailURL": "https://www.makeapie.com/ecg-storage/ec_gallery_thumbnail/xr1waGC0ux.png?v=1487561256751",
    "isCustomThumbnail": 0,
    "builtinTags": [
        "category-work",
        "series-liquidFill",
        "title"
    ],
    "customTags": [],
    "updaterUserName": "o***4"
}