{
    "cid": "xrksFcMyKe",
    "authorUid": "bd-4093941774",
    "authorUserName": "landerson",
    "title": "宠物产品消费归类",
    "description": "",
    "latestVersion": 5,
    "alwaysLatest": 1,
    "createTime": "2017-02-13T11:37:38.000Z",
    "lastUpdateTime": "2017-02-14T02:53:09.000Z",
    "auth": 2,
    "uid": "bd-4093941774",
    "publishedVersion": 0,
    "forkFrom": "-",
    "isSpam": 0,
    "version": 5,
    "parentVersion": 4,
    "echartsVersion": "3.4.0",
    "versionCreateTime": "2017-02-14T02:30:14.000Z",
    "html": "",
    "externalScripts": "",
    "updaterUID": "bd-4093941774",
    "theme": "",
    "layout": "{\"name\":\"Nx1\",\"width\":[],\"height\":[]}",
    "viewCount": 1187,
    "userName": "landerson",
    "commentCount": 1,
    "starCount": 3,
    "isStared": 0,
    "thumbnailURL": "https://www.makeapie.com/ecg-storage/ec_gallery_thumbnail/xrksFcMyKe.png?v=1487039415018",
    "isCustomThumbnail": 0,
    "builtinTags": [],
    "customTags": [],
    "updaterUserName": "landerson"
}