{
    "cid": "xrybpVXxKe",
    "authorUid": "bd-1213367419",
    "authorUserName": "Docoren044",
    "title": "网络攻击示意图",
    "description": "简单的配置了一下~",
    "latestVersion": 42,
    "alwaysLatest": 1,
    "createTime": "2017-02-14T06:33:28.000Z",
    "lastUpdateTime": "2017-02-14T06:33:28.000Z",
    "auth": 1,
    "uid": "bd-1213367419",
    "publishedVersion": 0,
    "forkFrom": "-",
    "isSpam": 0,
    "version": 42,
    "parentVersion": 41,
    "echartsVersion": "3.8.0",
    "versionCreateTime": "2019-01-29T09:55:16.000Z",
    "html": "",
    "externalScripts": "/dep/echarts/map/js/china.js",
    "updaterUID": "bd-4027847022",
    "theme": "",
    "layout": "",
    "viewCount": 24495,
    "userName": "Docoren044",
    "commentCount": 3,
    "starCount": 31,
    "isStared": 0,
    "thumbnailURL": "https://www.makeapie.com/ecg-storage/ec_gallery_thumbnail/xrybpVXxKe.png?v=1548755716437",
    "isCustomThumbnail": 0,
    "builtinTags": [
        "category-work",
        "geo",
        "series-effectScatter",
        "series-lines",
        "title",
        "tooltip"
    ],
    "customTags": [],
    "updaterUserName": "黄幽啸"
}