{
    "cid": "xrybi9qzFe",
    "authorUid": "bd-151087839",
    "authorUserName": "冰№夜雨",
    "title": "带边框的仪表盘",
    "description": "使用饼图实现",
    "latestVersion": 8,
    "alwaysLatest": 1,
    "createTime": "2017-02-16T03:20:57.000Z",
    "lastUpdateTime": "2017-02-16T03:20:57.000Z",
    "auth": 2,
    "uid": "bd-151087839",
    "publishedVersion": 0,
    "forkFrom": "-",
    "isSpam": 0,
    "version": 8,
    "parentVersion": 7,
    "echartsVersion": "3.4.0",
    "versionCreateTime": "2017-02-16T09:28:31.000Z",
    "html": "",
    "externalScripts": "",
    "updaterUID": "bd-151087839",
    "theme": "",
    "layout": "",
    "viewCount": 21890,
    "userName": "冰№夜雨",
    "commentCount": 1,
    "starCount": 47,
    "isStared": 0,
    "thumbnailURL": "https://www.makeapie.com/ecg-storage/ec_gallery_thumbnail/xrybi9qzFe.png?v=1487237311532",
    "isCustomThumbnail": 0,
    "builtinTags": [
        "category-work",
        "series-pie",
        "title"
    ],
    "customTags": [],
    "updaterUserName": "冰№夜雨"
}