{
    "cid": "xryglll0Oe",
    "authorUid": "bd-576345086",
    "authorUserName": "寂静独白Murray",
    "title": "工单整体趋势图",
    "description": "",
    "latestVersion": 1,
    "alwaysLatest": 1,
    "createTime": "2017-02-12T14:23:35.000Z",
    "lastUpdateTime": "2017-02-12T14:23:35.000Z",
    "auth": 2,
    "uid": "bd-576345086",
    "publishedVersion": 0,
    "forkFrom": "-",
    "isSpam": 0,
    "version": 1,
    "parentVersion": -1,
    "echartsVersion": "3.4.0",
    "versionCreateTime": "2017-02-12T14:23:35.000Z",
    "html": "",
    "externalScripts": "",
    "updaterUID": "bd-576345086",
    "theme": "",
    "layout": "",
    "viewCount": 185,
    "userName": "寂静独白Murray",
    "commentCount": 0,
    "starCount": 1,
    "isStared": 0,
    "thumbnailURL": "https://www.makeapie.com/ecg-storage/ec_gallery_thumbnail/xryglll0Oe.png?v=1486909416175",
    "isCustomThumbnail": 0,
    "builtinTags": [
        "category-work",
        "grid",
        "legend",
        "series-line",
        "title",
        "toolbox",
        "tooltip"
    ],
    "customTags": [],
    "updaterUserName": "寂静独白Murray"
}