{
    "cid": "xSJwNw1zFl",
    "authorUid": "bd-1195124638",
    "authorUserName": "你***毛",
    "title": "各民族常用植物药分类",
    "description": "南丁格尔玫瑰图",
    "latestVersion": 2,
    "alwaysLatest": 1,
    "createTime": "2017-02-15T14:35:27.000Z",
    "lastUpdateTime": "2017-02-15T14:35:27.000Z",
    "auth": 2,
    "uid": "bd-1195124638",
    "publishedVersion": 0,
    "forkFrom": "-",
    "isSpam": 0,
    "version": 2,
    "parentVersion": 1,
    "echartsVersion": "3.4.0",
    "versionCreateTime": "2017-02-17T14:07:37.000Z",
    "html": "",
    "externalScripts": "",
    "updaterUID": "bd-1195124638",
    "theme": "macarons",
    "layout": "",
    "viewCount": 4312,
    "userName": "你***毛",
    "commentCount": 0,
    "starCount": 12,
    "isStared": 0,
    "thumbnailURL": "https://www.makeapie.com/ecg-storage/ec_gallery_thumbnail/xSJwNw1zFl.png?v=1487340457508",
    "isCustomThumbnail": 0,
    "builtinTags": [
        "category-work",
        "legend",
        "series-pie",
        "title",
        "toolbox",
        "tooltip"
    ],
    "customTags": [],
    "updaterUserName": "你***毛"
}