{
    "cid": "xSkBOEaGtx",
    "authorUid": "bd-3997154932",
    "authorUserName": "l***d",
    "title": "static clustering",
    "description": "The clustering algorithm is used to classify the data",
    "latestVersion": 13,
    "alwaysLatest": 1,
    "createTime": "2017-02-16T06:19:24.000Z",
    "lastUpdateTime": "2017-06-27T05:29:01.000Z",
    "auth": 2,
    "uid": "bd-3997154932",
    "publishedVersion": 0,
    "forkFrom": "-",
    "isSpam": 0,
    "version": 13,
    "parentVersion": 12,
    "echartsVersion": "3.6.0",
    "versionCreateTime": "2017-05-26T03:01:28.000Z",
    "html": "",
    "externalScripts": "http://echarts.baidu.com/resource/echarts-stat-latest/dist/ecStat.min.js",
    "updaterUID": "bd-3997154932",
    "theme": "default",
    "layout": "",
    "viewCount": 3051,
    "userName": "l***d",
    "commentCount": 0,
    "starCount": 2,
    "isStared": 0,
    "thumbnailURL": "https://www.makeapie.com/ecg-storage/ec_gallery_thumbnail/xSkBOEaGtx.png?v=1495767688965",
    "isCustomThumbnail": 0,
    "builtinTags": [],
    "customTags": [],
    "updaterUserName": "l***d"
}