{
    "cid": "x0OYh7MSUR",
    "authorUid": "obd-oAl5M2T541FKFgGONpz0eRe3pPLhW7N",
    "authorUserName": "a***7",
    "title": "消防器材类别统计",
    "description": "",
    "latestVersion": 4,
    "alwaysLatest": 1,
    "createTime": "2020-10-17T08:11:21.000Z",
    "lastUpdateTime": "2020-10-17T08:11:21.000Z",
    "auth": 2,
    "uid": "obd-oAl5M2T541FKFgGONpz0eRe3pPLhW7N",
    "publishedVersion": 0,
    "forkFrom": "-",
    "isSpam": 0,
    "version": 4,
    "parentVersion": 3,
    "echartsVersion": "4.8.0",
    "versionCreateTime": "2020-10-17T08:15:17.000Z",
    "html": "",
    "externalScripts": "",
    "updaterUID": "obd-oAl5M2T541FKFgGONpz0eRe3pPLhW7N",
    "theme": "",
    "layout": "",
    "viewCount": 47,
    "userName": "a***7",
    "commentCount": 0,
    "starCount": 0,
    "isStared": 0,
    "thumbnailURL": "https://www.makeapie.com/ecg-storage/ec_gallery_thumbnail/x0OYh7MSUR.png?v=1602922517811",
    "isCustomThumbnail": 0,
    "builtinTags": [
        "category-work",
        "legend",
        "series-pie",
        "title",
        "tooltip"
    ],
    "customTags": [],
    "updaterUserName": "a***7"
}