{
    "cid": "xbh_AZnYWj",
    "authorUid": "obd-oDCQKM5wnL0yNYeWq4hmZJOSENvgZ1u",
    "authorUserName": "适***止",
    "title": "消防车辆质量分析",
    "description": "消防车辆质量分析",
    "latestVersion": 3,
    "alwaysLatest": 1,
    "createTime": "2020-10-17T01:26:39.000Z",
    "lastUpdateTime": "2020-10-17T01:26:39.000Z",
    "auth": 1,
    "uid": "obd-oDCQKM5wnL0yNYeWq4hmZJOSENvgZ1u",
    "publishedVersion": 0,
    "forkFrom": "-",
    "isSpam": 0,
    "version": 3,
    "parentVersion": 1,
    "echartsVersion": "4.8.0",
    "versionCreateTime": "2020-10-19T02:56:43.000Z",
    "html": "",
    "externalScripts": "",
    "updaterUID": "obd-oDCQKM5wnL0yNYeWq4hmZJOSENvgZ1u",
    "theme": "",
    "layout": "",
    "viewCount": 64,
    "userName": "适***止",
    "commentCount": 0,
    "starCount": 0,
    "isStared": 0,
    "thumbnailURL": "https://www.makeapie.com/ecg-storage/ec_gallery_thumbnail/xbh_AZnYWj.png?v=1603076203086",
    "isCustomThumbnail": 0,
    "builtinTags": [
        "category-work",
        "grid",
        "legend",
        "series-bar",
        "tooltip"
    ],
    "customTags": [],
    "updaterUserName": "适***止"
}