{
    "cid": "xE0ccdc7dE",
    "authorUid": "obd-oDCQKM5wnL0yNYeWq4hmZJOSENvgZ1u",
    "authorUserName": "适***止",
    "title": "消防器材类别分布",
    "description": "消防器材类别分布",
    "latestVersion": 3,
    "alwaysLatest": 1,
    "createTime": "2020-10-17T02:17:48.000Z",
    "lastUpdateTime": "2020-10-17T02:17:48.000Z",
    "auth": 1,
    "uid": "obd-oDCQKM5wnL0yNYeWq4hmZJOSENvgZ1u",
    "publishedVersion": 0,
    "forkFrom": "-",
    "isSpam": 0,
    "version": 3,
    "parentVersion": 2,
    "echartsVersion": "4.8.0",
    "versionCreateTime": "2020-10-19T03:10:19.000Z",
    "html": "",
    "externalScripts": "",
    "updaterUID": "obd-oDCQKM5wnL0yNYeWq4hmZJOSENvgZ1u",
    "theme": "",
    "layout": "",
    "viewCount": 54,
    "userName": "适***止",
    "commentCount": 0,
    "starCount": 0,
    "isStared": 0,
    "thumbnailURL": "https://www.makeapie.com/ecg-storage/ec_gallery_thumbnail/xE0ccdc7dE.png?v=1603077019400",
    "isCustomThumbnail": 0,
    "builtinTags": [
        "category-work",
        "grid",
        "legend",
        "series-bar",
        "tooltip"
    ],
    "customTags": [],
    "updaterUserName": "适***止"
}