{
    "cid": "xFCiLy6gP3",
    "authorUid": "obd-oDCQKM5wnL0yNYeWq4hmZJOSENvgZ1u",
    "authorUserName": "适***止",
    "title": "消防器材质量分析",
    "description": "消防器材质量分析",
    "latestVersion": 2,
    "alwaysLatest": 1,
    "createTime": "2020-10-17T02:35:12.000Z",
    "lastUpdateTime": "2020-10-17T02:35:12.000Z",
    "auth": 1,
    "uid": "obd-oDCQKM5wnL0yNYeWq4hmZJOSENvgZ1u",
    "publishedVersion": 0,
    "forkFrom": "-",
    "isSpam": 0,
    "version": 2,
    "parentVersion": 1,
    "echartsVersion": "4.8.0",
    "versionCreateTime": "2020-10-19T03:11:04.000Z",
    "html": "",
    "externalScripts": "",
    "updaterUID": "obd-oDCQKM5wnL0yNYeWq4hmZJOSENvgZ1u",
    "theme": "",
    "layout": "",
    "viewCount": 40,
    "userName": "适***止",
    "commentCount": 0,
    "starCount": 0,
    "isStared": 0,
    "thumbnailURL": "https://www.makeapie.com/ecg-storage/ec_gallery_thumbnail/xFCiLy6gP3.png?v=1603077064201",
    "isCustomThumbnail": 0,
    "builtinTags": [
        "category-work",
        "grid",
        "legend",
        "series-bar",
        "tooltip"
    ],
    "customTags": [],
    "updaterUserName": "适***止"
}