{
    "cid": "xFQdbRsIQ1",
    "authorUid": "obd-oC-nKeGvxxwI9yHkc5NoISPyQRtcs3h",
    "authorUserName": "w***8",
    "title": "柱形增长变化图",
    "description": "",
    "latestVersion": 1,
    "alwaysLatest": 1,
    "createTime": "2020-10-19T03:10:42.000Z",
    "lastUpdateTime": "2020-10-19T03:10:42.000Z",
    "auth": 2,
    "uid": "obd-oC-nKeGvxxwI9yHkc5NoISPyQRtcs3h",
    "publishedVersion": 0,
    "forkFrom": "-",
    "isSpam": 0,
    "version": 1,
    "parentVersion": -1,
    "echartsVersion": "4.8.0",
    "versionCreateTime": "2020-10-19T03:10:42.000Z",
    "html": "",
    "externalScripts": "",
    "updaterUID": "obd-oC-nKeGvxxwI9yHkc5NoISPyQRtcs3h",
    "theme": "",
    "layout": "",
    "viewCount": 80,
    "userName": "w***8",
    "commentCount": 0,
    "starCount": 2,
    "isStared": 0,
    "thumbnailURL": "https://www.makeapie.com/ecg-storage/ec_gallery_thumbnail/xFQdbRsIQ1.png?v=1603077043093",
    "isCustomThumbnail": 0,
    "builtinTags": [
        "category-work",
        "grid",
        "series-bar",
        "tooltip"
    ],
    "customTags": [],
    "updaterUserName": "w***8"
}