{
    "cid": "xHiCpgJS_B",
    "authorUid": "obd-oAl5M2T541FKFgGONpz0eRe3pPLhW7N",
    "authorUserName": "a***7",
    "title": "检查单位类型分布",
    "description": "",
    "latestVersion": 1,
    "alwaysLatest": 1,
    "createTime": "2020-10-17T09:06:12.000Z",
    "lastUpdateTime": "2020-10-17T09:06:12.000Z",
    "auth": 2,
    "uid": "obd-oAl5M2T541FKFgGONpz0eRe3pPLhW7N",
    "publishedVersion": 0,
    "forkFrom": "-",
    "isSpam": 0,
    "version": 1,
    "parentVersion": -1,
    "echartsVersion": "4.8.0",
    "versionCreateTime": "2020-10-17T09:06:12.000Z",
    "html": "",
    "externalScripts": "",
    "updaterUID": "obd-oAl5M2T541FKFgGONpz0eRe3pPLhW7N",
    "theme": "",
    "layout": "",
    "viewCount": 38,
    "userName": "a***7",
    "commentCount": 0,
    "starCount": 0,
    "isStared": 0,
    "thumbnailURL": "https://www.makeapie.com/ecg-storage/ec_gallery_thumbnail/xHiCpgJS_B.png?v=1602925572220",
    "isCustomThumbnail": 0,
    "builtinTags": [
        "category-work",
        "series-pie",
        "title",
        "tooltip"
    ],
    "customTags": [],
    "updaterUserName": "a***7"
}