{
    "cid": "xobbmhTqvY",
    "authorUid": "bd-171648521",
    "authorUserName": "绿***绿",
    "title": "",
    "description": "地图",
    "latestVersion": 1,
    "alwaysLatest": 1,
    "createTime": "2020-10-17T05:58:27.000Z",
    "lastUpdateTime": "2020-10-17T05:58:27.000Z",
    "auth": 2,
    "uid": "bd-171648521",
    "publishedVersion": 0,
    "forkFrom": "-",
    "isSpam": 0,
    "version": 1,
    "parentVersion": -1,
    "echartsVersion": "4.8.0",
    "versionCreateTime": "2020-10-17T05:58:27.000Z",
    "html": "",
    "externalScripts": "/dep/echarts/map/js/china.js",
    "updaterUID": "bd-171648521",
    "theme": "",
    "layout": "",
    "viewCount": 1191,
    "userName": "绿***绿",
    "commentCount": 0,
    "starCount": 5,
    "isStared": 0,
    "thumbnailURL": "https://www.makeapie.com/ecg-storage/ec_gallery_thumbnail/xobbmhTqvY.png?v=1602914307521",
    "isCustomThumbnail": 0,
    "builtinTags": [
        "category-work",
        "geo",
        "series-effectScatter",
        "series-lines",
        "series-map",
        "series-scatter"
    ],
    "customTags": [],
    "updaterUserName": "绿***绿"
}