{
    "cid": "xqubaQQi3e",
    "authorUid": "obd-oAl5M2T541FKFgGONpz0eRe3pPLhW7N",
    "authorUserName": "a***7",
    "title": "消防车辆类别统计",
    "description": "",
    "latestVersion": 1,
    "alwaysLatest": 1,
    "createTime": "2020-10-17T07:49:21.000Z",
    "lastUpdateTime": "2020-10-17T07:49:21.000Z",
    "auth": 2,
    "uid": "obd-oAl5M2T541FKFgGONpz0eRe3pPLhW7N",
    "publishedVersion": 0,
    "forkFrom": "-",
    "isSpam": 0,
    "version": 1,
    "parentVersion": -1,
    "echartsVersion": "4.8.0",
    "versionCreateTime": "2020-10-17T07:49:21.000Z",
    "html": "",
    "externalScripts": "",
    "updaterUID": "obd-oAl5M2T541FKFgGONpz0eRe3pPLhW7N",
    "theme": "",
    "layout": "",
    "viewCount": 27,
    "userName": "a***7",
    "commentCount": 0,
    "starCount": 1,
    "isStared": 0,
    "thumbnailURL": "https://www.makeapie.com/ecg-storage/ec_gallery_thumbnail/xqubaQQi3e.png?v=1602920961763",
    "isCustomThumbnail": 0,
    "builtinTags": [
        "category-work",
        "legend",
        "series-pie",
        "title",
        "tooltip"
    ],
    "customTags": [],
    "updaterUserName": "a***7"
}