{
    "cid": "xzB3KrsxNn",
    "authorUid": "obd-oDCQKM5wnL0yNYeWq4hmZJOSENvgZ1u",
    "authorUserName": "适***止",
    "title": "假警",
    "description": "假警",
    "latestVersion": 2,
    "alwaysLatest": 1,
    "createTime": "2020-10-19T00:35:27.000Z",
    "lastUpdateTime": "2020-10-19T00:35:27.000Z",
    "auth": 1,
    "uid": "obd-oDCQKM5wnL0yNYeWq4hmZJOSENvgZ1u",
    "publishedVersion": 0,
    "forkFrom": "-",
    "isSpam": 0,
    "version": 2,
    "parentVersion": 1,
    "echartsVersion": "4.8.0",
    "versionCreateTime": "2020-10-19T01:13:32.000Z",
    "html": "",
    "externalScripts": "",
    "updaterUID": "obd-oDCQKM5wnL0yNYeWq4hmZJOSENvgZ1u",
    "theme": "",
    "layout": "",
    "viewCount": 98,
    "userName": "适***止",
    "commentCount": 0,
    "starCount": 2,
    "isStared": 0,
    "thumbnailURL": "https://www.makeapie.com/ecg-storage/ec_gallery_thumbnail/xzB3KrsxNn.png?v=1603070012851",
    "isCustomThumbnail": 0,
    "builtinTags": [
        "category-work",
        "grid",
        "legend",
        "series-bar",
        "tooltip"
    ],
    "customTags": [],
    "updaterUserName": "适***止"
}