{
    "cid": "xZVzNYkwvO",
    "authorUid": "obd-oj8MmIvomgMLCBkYnCwqKQCbOh412Dl",
    "authorUserName": "a***1",
    "title": "",
    "description": "",
    "latestVersion": 1,
    "alwaysLatest": 1,
    "createTime": "2020-10-16T16:37:16.000Z",
    "lastUpdateTime": "2020-10-16T16:37:16.000Z",
    "auth": 2,
    "uid": "obd-oj8MmIvomgMLCBkYnCwqKQCbOh412Dl",
    "publishedVersion": 0,
    "forkFrom": "-",
    "isSpam": 0,
    "version": 1,
    "parentVersion": -1,
    "echartsVersion": "4.8.0",
    "versionCreateTime": "2020-10-16T16:37:16.000Z",
    "html": "",
    "externalScripts": "",
    "updaterUID": "obd-oj8MmIvomgMLCBkYnCwqKQCbOh412Dl",
    "theme": "",
    "layout": "",
    "viewCount": 147,
    "userName": "a***1",
    "commentCount": 0,
    "starCount": 3,
    "isStared": 0,
    "thumbnailURL": "https://www.makeapie.com/ecg-storage/ec_gallery_thumbnail/xZVzNYkwvO.png?v=1602866237056",
    "isCustomThumbnail": 0,
    "builtinTags": [
        "category-work",
        "series-sunburst"
    ],
    "customTags": [],
    "updaterUserName": "a***1"
}