{
    "cid": "x2_Lf-_bsQ",
    "authorUid": "obd-ojCkNXchMZnGICIMD7ecH8hdnDusoEA",
    "authorUserName": "173******90",
    "title": "xxx的各题型失分率",
    "description": "",
    "latestVersion": 2,
    "alwaysLatest": 1,
    "createTime": "2020-08-12T13:05:40.000Z",
    "lastUpdateTime": "2020-08-12T13:05:40.000Z",
    "auth": 2,
    "uid": "obd-ojCkNXchMZnGICIMD7ecH8hdnDusoEA",
    "publishedVersion": 0,
    "forkFrom": "-",
    "isSpam": 0,
    "version": 2,
    "parentVersion": 1,
    "echartsVersion": "4.8.0",
    "versionCreateTime": "2020-08-12T13:12:02.000Z",
    "html": "",
    "externalScripts": "",
    "updaterUID": "obd-ojCkNXchMZnGICIMD7ecH8hdnDusoEA",
    "theme": "",
    "layout": "",
    "viewCount": 1942,
    "userName": "173******90",
    "commentCount": 0,
    "starCount": 22,
    "isStared": 0,
    "thumbnailURL": "https://www.makeapie.com/ecg-storage/ec_gallery_thumbnail/x2_Lf-_bsQ.png?v=1597237922781",
    "isCustomThumbnail": 0,
    "builtinTags": [
        "category-work",
        "grid",
        "legend",
        "series-bar",
        "series-custom",
        "title",
        "tooltip"
    ],
    "customTags": [],
    "updaterUserName": "173******90"
}