{
    "cid": "x3ahu5gSp2",
    "authorUid": "bd-504714054",
    "authorUserName": "j***n",
    "title": "排行统计图",
    "description": "",
    "latestVersion": 3,
    "alwaysLatest": 1,
    "createTime": "2020-08-04T02:35:24.000Z",
    "lastUpdateTime": "2020-08-04T02:35:24.000Z",
    "auth": 2,
    "uid": "bd-504714054",
    "publishedVersion": 0,
    "forkFrom": "-",
    "isSpam": 0,
    "version": 3,
    "parentVersion": 2,
    "echartsVersion": "4.8.0",
    "versionCreateTime": "2020-08-04T08:43:55.000Z",
    "html": "",
    "externalScripts": "",
    "updaterUID": "bd-504714054",
    "theme": "",
    "layout": "",
    "viewCount": 6473,
    "userName": "j***n",
    "commentCount": 0,
    "starCount": 23,
    "isStared": 0,
    "thumbnailURL": "https://www.makeapie.com/ecg-storage/ec_gallery_thumbnail/x3ahu5gSp2.png?v=1596530635101",
    "isCustomThumbnail": 0,
    "builtinTags": [
        "category-work",
        "dataZoom",
        "grid",
        "legend",
        "series-bar",
        "tooltip"
    ],
    "customTags": [],
    "updaterUserName": "j***n"
}