{
    "cid": "x6m5dMemS-",
    "authorUid": "obd-oNj2zvJFkuHMgFWUoXv43O1sHezoVCz",
    "authorUserName": "t***e",
    "title": "环图",
    "description": "",
    "latestVersion": 1,
    "alwaysLatest": 1,
    "createTime": "2020-09-02T03:15:54.000Z",
    "lastUpdateTime": "2020-09-02T03:15:54.000Z",
    "auth": 2,
    "uid": "obd-oNj2zvJFkuHMgFWUoXv43O1sHezoVCz",
    "publishedVersion": 0,
    "forkFrom": "-",
    "isSpam": 0,
    "version": 1,
    "parentVersion": -1,
    "echartsVersion": "4.8.0",
    "versionCreateTime": "2020-09-02T03:15:54.000Z",
    "html": "",
    "externalScripts": "",
    "updaterUID": "obd-oNj2zvJFkuHMgFWUoXv43O1sHezoVCz",
    "theme": "",
    "layout": "",
    "viewCount": 3519,
    "userName": "t***e",
    "commentCount": 0,
    "starCount": 28,
    "isStared": 0,
    "thumbnailURL": "https://www.makeapie.com/ecg-storage/ec_gallery_thumbnail/x6m5dMemS-.png?v=1599016554268",
    "isCustomThumbnail": 0,
    "builtinTags": [
        "category-work",
        "series-pie"
    ],
    "customTags": [],
    "updaterUserName": "t***e"
}