{
    "cid": "xC3OonYj42",
    "authorUid": "bd-171648521",
    "authorUserName": "绿***绿",
    "title": "3dmap",
    "description": "hover",
    "latestVersion": 9,
    "alwaysLatest": 1,
    "createTime": "2020-08-13T03:54:18.000Z",
    "lastUpdateTime": "2020-08-13T03:54:18.000Z",
    "auth": 2,
    "uid": "bd-171648521",
    "publishedVersion": 0,
    "forkFrom": "-",
    "isSpam": 0,
    "version": 9,
    "parentVersion": 8,
    "echartsVersion": "4.8.0",
    "versionCreateTime": "2020-08-14T08:44:50.000Z",
    "html": "",
    "externalScripts": "https://echarts.baidu.com/resource/echarts-gl-latest/dist/echarts-gl.min.js,/dep/echarts/map/js/china.js",
    "updaterUID": "bd-171648521",
    "theme": "",
    "layout": "",
    "viewCount": 5124,
    "userName": "绿***绿",
    "commentCount": 0,
    "starCount": 30,
    "isStared": 0,
    "thumbnailURL": "https://www.makeapie.com/ecg-storage/ec_gallery_thumbnail/xC3OonYj42.png?v=1597290858863",
    "isCustomThumbnail": 1,
    "builtinTags": [
        "category-work",
        "geo3D",
        "series-lines3D",
        "series-scatter3D"
    ],
    "customTags": [],
    "updaterUserName": "绿***绿"
}