{
    "cid": "xF_1WmhcOV",
    "authorUid": "obd-o-HS0ZTEBpotGpv-NJsAwpsi1oLQiAQ",
    "authorUserName": "s***1",
    "title": "两级分类双饼图",
    "description": "",
    "latestVersion": 7,
    "alwaysLatest": 1,
    "createTime": "2020-09-09T03:01:25.000Z",
    "lastUpdateTime": "2020-09-09T03:01:25.000Z",
    "auth": 1,
    "uid": "obd-o-HS0ZTEBpotGpv-NJsAwpsi1oLQiAQ",
    "publishedVersion": 0,
    "forkFrom": "-",
    "isSpam": 0,
    "version": 7,
    "parentVersion": 6,
    "echartsVersion": "4.8.0",
    "versionCreateTime": "2021-01-26T07:07:53.000Z",
    "html": "",
    "externalScripts": "",
    "updaterUID": "obd-ojozwhfIoWQiTKXoij4UhHe4gG2aNE6",
    "theme": "dark",
    "layout": "",
    "viewCount": 2858,
    "userName": "s***1",
    "commentCount": 0,
    "starCount": 24,
    "isStared": 0,
    "thumbnailURL": "https://www.makeapie.com/ecg-storage/ec_gallery_thumbnail/xF_1WmhcOV.png?v=1611644873970",
    "isCustomThumbnail": 0,
    "builtinTags": [
        "category-work",
        "series-pie"
    ],
    "customTags": [],
    "updaterUserName": "风***兔"
}