{
    "cid": "xgI5CgBkI2",
    "authorUid": "obd-oFhwuecjjxXxN8nxe45eXUZly4CnR5h",
    "authorUserName": "浅***笑",
    "title": "柱状图+折线图",
    "description": "3D柱状图+折线图",
    "latestVersion": 1,
    "alwaysLatest": 1,
    "createTime": "2020-08-12T00:28:15.000Z",
    "lastUpdateTime": "2020-08-12T00:28:15.000Z",
    "auth": 2,
    "uid": "obd-oFhwuecjjxXxN8nxe45eXUZly4CnR5h",
    "publishedVersion": 0,
    "forkFrom": "-",
    "isSpam": 0,
    "version": 1,
    "parentVersion": -1,
    "echartsVersion": "4.8.0",
    "versionCreateTime": "2020-08-12T00:28:15.000Z",
    "html": "",
    "externalScripts": "",
    "updaterUID": "obd-oFhwuecjjxXxN8nxe45eXUZly4CnR5h",
    "theme": "",
    "layout": "",
    "viewCount": 3559,
    "userName": "浅***笑",
    "commentCount": 0,
    "starCount": 25,
    "isStared": 0,
    "thumbnailURL": "https://www.makeapie.com/ecg-storage/ec_gallery_thumbnail/xgI5CgBkI2.png?v=1597192095323",
    "isCustomThumbnail": 0,
    "builtinTags": [
        "category-work",
        "grid",
        "series-bar",
        "series-line",
        "series-pictorialBar",
        "tooltip"
    ],
    "customTags": [],
    "updaterUserName": "浅***笑"
}