{
    "cid": "xwX-OvbvPz",
    "authorUid": "obd-oMu8EHf1M48tRn5X1gVuh2VpQ-2Nt2q",
    "authorUserName": "性***发",
    "title": "奉天全省疫毙男女人数",
    "description": "",
    "latestVersion": 1,
    "alwaysLatest": 1,
    "createTime": "2020-08-18T12:31:50.000Z",
    "lastUpdateTime": "2020-08-18T12:31:50.000Z",
    "auth": 2,
    "uid": "obd-oMu8EHf1M48tRn5X1gVuh2VpQ-2Nt2q",
    "publishedVersion": 0,
    "forkFrom": "-",
    "isSpam": 0,
    "version": 1,
    "parentVersion": -1,
    "echartsVersion": "4.8.0",
    "versionCreateTime": "2020-08-18T12:31:50.000Z",
    "html": "",
    "externalScripts": "",
    "updaterUID": "obd-oMu8EHf1M48tRn5X1gVuh2VpQ-2Nt2q",
    "theme": "",
    "layout": "",
    "viewCount": 1689,
    "userName": "性***发",
    "commentCount": 0,
    "starCount": 24,
    "isStared": 0,
    "thumbnailURL": "https://www.makeapie.com/ecg-storage/ec_gallery_thumbnail/xwX-OvbvPz.png?v=1597753910529",
    "isCustomThumbnail": 1,
    "builtinTags": [
        "category-work",
        "grid",
        "legend",
        "series-bar",
        "timeline",
        "title"
    ],
    "customTags": [],
    "updaterUserName": "性***发"
}