{
    "cid": "xYEY9T4A01",
    "authorUid": "obd-o-HS0ZTEBpotGpv-NJsAwpsi1oLQiAQ",
    "authorUserName": "s***1",
    "title": "流动地图",
    "description": "第二版：简单国内省界地图背景+国界阴影+双渐变色流动线，替换第一版自定义背景中国地图",
    "latestVersion": 3,
    "alwaysLatest": 1,
    "createTime": "2020-09-08T10:49:19.000Z",
    "lastUpdateTime": "2020-09-08T10:49:19.000Z",
    "auth": 2,
    "uid": "obd-o-HS0ZTEBpotGpv-NJsAwpsi1oLQiAQ",
    "publishedVersion": 0,
    "forkFrom": "-",
    "isSpam": 0,
    "version": 3,
    "parentVersion": 2,
    "echartsVersion": "4.8.0",
    "versionCreateTime": "2020-09-25T02:01:17.000Z",
    "html": "",
    "externalScripts": "/dep/echarts/map/js/china.js",
    "updaterUID": "obd-o-HS0ZTEBpotGpv-NJsAwpsi1oLQiAQ",
    "theme": "",
    "layout": "",
    "viewCount": 12268,
    "userName": "s***1",
    "commentCount": 0,
    "starCount": 39,
    "isStared": 0,
    "thumbnailURL": "https://www.makeapie.com/ecg-storage/ec_gallery_thumbnail/xYEY9T4A01.png?v=1600999277829",
    "isCustomThumbnail": 0,
    "builtinTags": [
        "category-work",
        "geo",
        "legend",
        "series-lines",
        "series-map",
        "tooltip"
    ],
    "customTags": [],
    "updaterUserName": "s***1"
}