{
    "cid": "xB1LKnlbHe",
    "authorUid": "bd-3240562327",
    "authorUserName": "sunweizy",
    "title": "某展会商品类别分布图",
    "description": "By sunweizy\n点击柱状图显示各个类别的百分比",
    "latestVersion": 2,
    "alwaysLatest": 1,
    "createTime": "2016-12-28T08:49:02.000Z",
    "lastUpdateTime": "2016-12-28T08:49:02.000Z",
    "auth": 2,
    "uid": "bd-3240562327",
    "publishedVersion": 0,
    "forkFrom": "-",
    "isSpam": 0,
    "version": 2,
    "parentVersion": 1,
    "echartsVersion": "3.3.2",
    "versionCreateTime": "2016-12-28T08:50:32.000Z",
    "html": "",
    "externalScripts": "",
    "updaterUID": "bd-3240562327",
    "theme": "",
    "layout": "",
    "viewCount": 4595,
    "userName": "sunweizy",
    "commentCount": 0,
    "starCount": 7,
    "isStared": 0,
    "thumbnailURL": "https://www.makeapie.com/ecg-storage/ec_gallery_thumbnail/xB1LKnlbHe.png?v=1482915032465",
    "isCustomThumbnail": 0,
    "builtinTags": [
        "category-work",
        "grid",
        "legend",
        "series-bar",
        "title",
        "tooltip"
    ],
    "customTags": [],
    "updaterUserName": "sunweizy"
}