{
    "cid": "xB1zuw5w4l",
    "authorUid": "bd-4017584725",
    "authorUserName": "b***1",
    "title": "季度GDP总值趋势图",
    "description": "季度GDP总值趋势图，针对需求x轴最右边显示最新的季度，并且显示每年的这个季度，同时要显示和隐藏数据。主要解决了两个问题，第一是echarts默认显示x轴第一个数据，通过设置inverse: true让数据和x轴的反转来实现，第二是数据的显示和隐藏，通过labelTag的值来实现",
    "latestVersion": 2,
    "alwaysLatest": 1,
    "createTime": "2016-12-21T05:47:22.000Z",
    "lastUpdateTime": "2016-12-21T05:47:22.000Z",
    "auth": 2,
    "uid": "bd-4017584725",
    "publishedVersion": 0,
    "forkFrom": "-",
    "isSpam": 0,
    "version": 2,
    "parentVersion": 1,
    "echartsVersion": "3.4.0",
    "versionCreateTime": "2017-03-10T03:39:33.000Z",
    "html": "",
    "externalScripts": "",
    "updaterUID": "bd-4017584725",
    "theme": "",
    "layout": "",
    "viewCount": 3571,
    "userName": "b***1",
    "commentCount": 0,
    "starCount": 9,
    "isStared": 0,
    "thumbnailURL": "https://www.makeapie.com/ecg-storage/ec_gallery_thumbnail/xB1zuw5w4l.png?v=1489117173712",
    "isCustomThumbnail": 0,
    "builtinTags": [
        "category-work",
        "grid",
        "legend",
        "series-bar",
        "series-line",
        "title",
        "tooltip"
    ],
    "customTags": [
        "label",
        "line",
        "xAxis"
    ],
    "updaterUserName": "b***1"
}