{
    "cid": "xBJlBWoD4x",
    "authorUid": "bd-3676951086",
    "authorUserName": "缘***m",
    "title": "折线的实线虚线交替",
    "description": "两条线重叠样式",
    "latestVersion": 3,
    "alwaysLatest": 1,
    "createTime": "2016-12-21T06:29:12.000Z",
    "lastUpdateTime": "2016-12-21T06:29:12.000Z",
    "auth": 1,
    "uid": "bd-3676951086",
    "publishedVersion": 0,
    "forkFrom": "-",
    "isSpam": 0,
    "version": 3,
    "parentVersion": 2,
    "echartsVersion": "3.8.0",
    "versionCreateTime": "2020-03-04T12:58:15.000Z",
    "html": "",
    "externalScripts": "",
    "updaterUID": "bd-1983375875",
    "theme": "",
    "layout": "",
    "viewCount": 3196,
    "userName": "缘***m",
    "commentCount": 0,
    "starCount": 4,
    "isStared": 0,
    "thumbnailURL": "https://www.makeapie.com/ecg-storage/ec_gallery_thumbnail/xBJlBWoD4x.png?v=1583326695210",
    "isCustomThumbnail": 0,
    "builtinTags": [
        "category-work",
        "grid",
        "series-line",
        "visualMap"
    ],
    "customTags": [],
    "updaterUserName": "月***2"
}