{
    "cid": "xH1l7un1Hx",
    "authorUid": "bd-3121334658",
    "authorUserName": "1989龙浩南",
    "title": "饼图和散点图结合",
    "description": "",
    "latestVersion": 1,
    "alwaysLatest": 1,
    "createTime": "2016-12-27T09:44:55.000Z",
    "lastUpdateTime": "2016-12-27T09:44:55.000Z",
    "auth": 2,
    "uid": "bd-3121334658",
    "publishedVersion": 0,
    "forkFrom": "-",
    "isSpam": 0,
    "version": 1,
    "parentVersion": -1,
    "echartsVersion": "3.3.2",
    "versionCreateTime": "2016-12-27T09:44:55.000Z",
    "html": "",
    "externalScripts": "",
    "updaterUID": "bd-3121334658",
    "theme": "",
    "layout": "",
    "viewCount": 5187,
    "userName": "1989龙浩南",
    "commentCount": 0,
    "starCount": 17,
    "isStared": 0,
    "thumbnailURL": "https://www.makeapie.com/ecg-storage/ec_gallery_thumbnail/xH1l7un1Hx.png?v=1482831896786",
    "isCustomThumbnail": 0,
    "builtinTags": [
        "category-work",
        "grid",
        "markLine",
        "series-pie",
        "series-scatter",
        "title"
    ],
    "customTags": [],
    "updaterUserName": "1989龙浩南"
}