{
    "cid": "xHJ2J7adNl",
    "authorUid": "bd-924436183",
    "authorUserName": "1105740695",
    "title": "设备已使用寿命提醒",
    "description": "设备已使用寿命提醒",
    "latestVersion": 1,
    "alwaysLatest": 1,
    "createTime": "2016-12-22T03:05:07.000Z",
    "lastUpdateTime": "2016-12-22T03:05:07.000Z",
    "auth": 2,
    "uid": "bd-924436183",
    "publishedVersion": 0,
    "forkFrom": "-",
    "isSpam": 0,
    "version": 1,
    "parentVersion": -1,
    "echartsVersion": "3.3.2",
    "versionCreateTime": "2016-12-22T03:05:07.000Z",
    "html": "",
    "externalScripts": "",
    "updaterUID": "bd-924436183",
    "theme": "",
    "layout": "",
    "viewCount": 1389,
    "userName": "1105740695",
    "commentCount": 0,
    "starCount": 4,
    "isStared": 0,
    "thumbnailURL": "https://www.makeapie.com/ecg-storage/ec_gallery_thumbnail/xHJ2J7adNl.png?v=1482375907757",
    "isCustomThumbnail": 0,
    "builtinTags": [
        "category-work",
        "grid",
        "series-bar",
        "tooltip"
    ],
    "customTags": [],
    "updaterUserName": "1105740695"
}