{
    "cid": "xHJJaDe-Sx",
    "authorUid": "bd-4013131402",
    "authorUserName": "o***4",
    "title": "羡辙 2016 读过/想读哪类书籍",
    "description": "",
    "latestVersion": 4,
    "alwaysLatest": 1,
    "createTime": "2016-12-28T08:28:39.000Z",
    "lastUpdateTime": "2016-12-28T08:28:39.000Z",
    "auth": 2,
    "uid": "bd-4013131402",
    "publishedVersion": 0,
    "forkFrom": "-",
    "isSpam": 0,
    "version": 4,
    "parentVersion": 3,
    "echartsVersion": "3.3.2",
    "versionCreateTime": "2017-01-04T08:27:24.000Z",
    "html": "",
    "externalScripts": "",
    "updaterUID": "bd-4013131402",
    "theme": "",
    "layout": "",
    "viewCount": 829,
    "userName": "o***4",
    "commentCount": 0,
    "starCount": 5,
    "isStared": 0,
    "thumbnailURL": "https://www.makeapie.com/ecg-storage/ec_gallery_thumbnail/xHJJaDe-Sx.png?v=1483518444886",
    "isCustomThumbnail": 0,
    "builtinTags": [
        "category-work",
        "grid",
        "legend",
        "series-bar",
        "title",
        "visualMap"
    ],
    "customTags": [
        "xianzhe-reading-2016"
    ],
    "updaterUserName": "o***4"
}