{
    "cid": "xHJPmInD4l",
    "authorUid": "bd-2578205059",
    "authorUserName": "追风筝的孩子_7",
    "title": "多维度，达标值，挑战值",
    "description": "多维护展示图",
    "latestVersion": 1,
    "alwaysLatest": 1,
    "createTime": "2016-12-21T07:58:22.000Z",
    "lastUpdateTime": "2016-12-21T07:58:22.000Z",
    "auth": 2,
    "uid": "bd-2578205059",
    "publishedVersion": 0,
    "forkFrom": "-",
    "isSpam": 0,
    "version": 1,
    "parentVersion": -1,
    "echartsVersion": "3.3.2",
    "versionCreateTime": "2016-12-21T07:58:22.000Z",
    "html": "",
    "externalScripts": "",
    "updaterUID": "bd-2578205059",
    "theme": "",
    "layout": "",
    "viewCount": 1222,
    "userName": "追风筝的孩子_7",
    "commentCount": 0,
    "starCount": 6,
    "isStared": 0,
    "thumbnailURL": "https://www.makeapie.com/ecg-storage/ec_gallery_thumbnail/xHJPmInD4l.png?v=1482307103044",
    "isCustomThumbnail": 0,
    "builtinTags": [
        "category-work",
        "grid",
        "legend",
        "series-bar",
        "series-scatter",
        "title",
        "tooltip"
    ],
    "customTags": [],
    "updaterUserName": "追风筝的孩子_7"
}