{
    "cid": "xHkFcXODVx",
    "authorUid": "bd-4017584725",
    "authorUserName": "b***1",
    "title": "柱状对比图",
    "description": "柱状对比图，针对两种不同类别，同一时间的数据做对比，能够根据数据的大小做出不同的等分，并且x轴上的负数和数值以正数显示",
    "latestVersion": 1,
    "alwaysLatest": 1,
    "createTime": "2016-12-21T03:14:25.000Z",
    "lastUpdateTime": "2016-12-21T03:14:25.000Z",
    "auth": 2,
    "uid": "bd-4017584725",
    "publishedVersion": 0,
    "forkFrom": "-",
    "isSpam": 0,
    "version": 1,
    "parentVersion": -1,
    "echartsVersion": "3.3.2",
    "versionCreateTime": "2016-12-21T03:14:25.000Z",
    "html": "",
    "externalScripts": "",
    "updaterUID": "bd-4017584725",
    "theme": "",
    "layout": "",
    "viewCount": 1079,
    "userName": "b***1",
    "commentCount": 0,
    "starCount": 4,
    "isStared": 0,
    "thumbnailURL": "https://www.makeapie.com/ecg-storage/ec_gallery_thumbnail/xHkFcXODVx.png?v=1482290065355",
    "isCustomThumbnail": 0,
    "builtinTags": [
        "category-work",
        "grid",
        "legend",
        "series-bar",
        "title",
        "tooltip"
    ],
    "customTags": [
        "BarChart",
        "tooltip",
        "xAxis"
    ],
    "updaterUserName": "b***1"
}