{
    "cid": "xHyC0Qpd4x",
    "authorUid": "bd-4113707025",
    "authorUserName": "亡***仆",
    "title": "分值比例",
    "description": "小试一把",
    "latestVersion": 4,
    "alwaysLatest": 1,
    "createTime": "2016-12-22T03:09:09.000Z",
    "lastUpdateTime": "2016-12-22T03:09:09.000Z",
    "auth": 2,
    "uid": "bd-4113707025",
    "publishedVersion": 0,
    "forkFrom": "-",
    "isSpam": 0,
    "version": 4,
    "parentVersion": 3,
    "echartsVersion": "3.3.2",
    "versionCreateTime": "2016-12-22T06:35:08.000Z",
    "html": "",
    "externalScripts": "",
    "updaterUID": "bd-4113707025",
    "theme": "",
    "layout": "",
    "viewCount": 832,
    "userName": "亡***仆",
    "commentCount": 2,
    "starCount": 1,
    "isStared": 0,
    "thumbnailURL": "https://www.makeapie.com/ecg-storage/ec_gallery_thumbnail/xHyC0Qpd4x.png?v=1482388508647",
    "isCustomThumbnail": 0,
    "builtinTags": [
        "category-work",
        "legend",
        "series-pie",
        "title",
        "toolbox"
    ],
    "customTags": [],
    "updaterUserName": "亡***仆"
}