{
    "cid": "xr1OIeiJHe",
    "authorUid": "bd-726298962",
    "authorUserName": "一只年轻的老虎",
    "title": "多层次分类",
    "description": "中间和外围实现联动，实现总分展示关系",
    "latestVersion": 5,
    "alwaysLatest": 1,
    "createTime": "2016-12-27T08:03:28.000Z",
    "lastUpdateTime": "2016-12-27T08:03:28.000Z",
    "auth": 2,
    "uid": "bd-726298962",
    "publishedVersion": 0,
    "forkFrom": "-",
    "isSpam": 0,
    "version": 5,
    "parentVersion": 4,
    "echartsVersion": "3.3.2",
    "versionCreateTime": "2016-12-28T05:39:23.000Z",
    "html": "",
    "externalScripts": "",
    "updaterUID": "bd-726298962",
    "theme": "",
    "layout": "",
    "viewCount": 1429,
    "userName": "一只年轻的老虎",
    "commentCount": 0,
    "starCount": 4,
    "isStared": 0,
    "thumbnailURL": "https://www.makeapie.com/ecg-storage/ec_gallery_thumbnail/xr1OIeiJHe.png?v=1482903563501",
    "isCustomThumbnail": 0,
    "builtinTags": [
        "category-work",
        "legend",
        "series-pie",
        "tooltip"
    ],
    "customTags": [],
    "updaterUserName": "一只年轻的老虎"
}