{
    "cid": "xSkt5B_jNg",
    "authorUid": "bd-1041919606",
    "authorUserName": "601439739",
    "title": "关系图边的命名",
    "description": "在官网上没有找到怎么设置关系图边的名称的方法，这里使用了一个其他方式替代",
    "latestVersion": 4,
    "alwaysLatest": 1,
    "createTime": "2016-12-24T04:12:00.000Z",
    "lastUpdateTime": "2016-12-24T04:12:00.000Z",
    "auth": 1,
    "uid": "bd-1041919606",
    "publishedVersion": 0,
    "forkFrom": "-",
    "isSpam": 0,
    "version": 4,
    "parentVersion": 3,
    "echartsVersion": "3.8.0",
    "versionCreateTime": "2018-04-28T08:31:38.000Z",
    "html": "",
    "externalScripts": "",
    "updaterUID": "bd-822109252",
    "theme": "",
    "layout": "",
    "viewCount": 2900,
    "userName": "601439739",
    "commentCount": 1,
    "starCount": 6,
    "isStared": 0,
    "thumbnailURL": "https://www.makeapie.com/ecg-storage/ec_gallery_thumbnail/xSkt5B_jNg.png?v=1524904298672",
    "isCustomThumbnail": 0,
    "builtinTags": [
        "category-work",
        "series-graph",
        "title",
        "tooltip"
    ],
    "customTags": [
        "关系图",
        "边"
    ],
    "updaterUserName": "冷心有泪"
}