{
    "cid": "xSySxR_JBg",
    "authorUid": "bd-4013131402",
    "authorUserName": "o***4",
    "title": "无边框的水波图",
    "description": "",
    "latestVersion": 1,
    "alwaysLatest": 1,
    "createTime": "2016-12-27T05:36:44.000Z",
    "lastUpdateTime": "2016-12-27T05:36:44.000Z",
    "auth": 2,
    "uid": "bd-4013131402",
    "publishedVersion": 0,
    "forkFrom": "-",
    "isSpam": 0,
    "version": 1,
    "parentVersion": -1,
    "echartsVersion": "3.3.2",
    "versionCreateTime": "2016-12-27T05:36:44.000Z",
    "html": "",
    "externalScripts": "https://rawgit.com/ecomfe/echarts-liquidfill/master/dist/echarts-liquidfill.js",
    "updaterUID": "bd-4013131402",
    "theme": "",
    "layout": "",
    "viewCount": 2375,
    "userName": "o***4",
    "commentCount": 0,
    "starCount": 1,
    "isStared": 0,
    "thumbnailURL": "https://www.makeapie.com/ecg-storage/ec_gallery_thumbnail/xSySxR_JBg.png?v=1482817004747",
    "isCustomThumbnail": 0,
    "builtinTags": [
        "category-work",
        "series-liquidFill",
        "title"
    ],
    "customTags": [
        "liquidFill"
    ],
    "updaterUserName": "o***4"
}