{
    "cid": "x-wJLk7_X_",
    "authorUid": "obd-oETw1pgnGaPczqip7gjnQDrcVlyeY4i",
    "authorUserName": "立***e",
    "title": "有阴影的折线图",
    "description": "",
    "latestVersion": 1,
    "alwaysLatest": 1,
    "createTime": "2021-03-25T13:22:23.000Z",
    "lastUpdateTime": "2021-03-25T13:22:23.000Z",
    "auth": 2,
    "uid": "obd-oETw1pgnGaPczqip7gjnQDrcVlyeY4i",
    "publishedVersion": 0,
    "forkFrom": "-",
    "isSpam": 0,
    "version": 1,
    "parentVersion": -1,
    "echartsVersion": "4.8.0",
    "versionCreateTime": "2021-03-25T13:22:23.000Z",
    "html": "",
    "externalScripts": "",
    "updaterUID": "obd-oETw1pgnGaPczqip7gjnQDrcVlyeY4i",
    "theme": "",
    "layout": "",
    "viewCount": 34,
    "userName": "立***e",
    "commentCount": 0,
    "starCount": 2,
    "isStared": 0,
    "thumbnailURL": "https://www.makeapie.com/ecg-storage/ec_gallery_thumbnail/x-wJLk7_X_.png?v=1616678543285",
    "isCustomThumbnail": 0,
    "builtinTags": [
        "category-work",
        "dataZoom",
        "grid",
        "series-line",
        "tooltip"
    ],
    "customTags": [],
    "updaterUserName": "立***e"
}