{
    "cid": "x248X9qplR",
    "authorUid": "bd-2100154623",
    "authorUserName": "I***筱",
    "title": "多象形柱图",
    "description": "",
    "latestVersion": 1,
    "alwaysLatest": 1,
    "createTime": "2021-03-25T05:42:12.000Z",
    "lastUpdateTime": "2021-03-25T05:42:12.000Z",
    "auth": 1,
    "uid": "bd-2100154623",
    "publishedVersion": 0,
    "forkFrom": "-",
    "isSpam": 0,
    "version": 1,
    "parentVersion": -1,
    "echartsVersion": "4.8.0",
    "versionCreateTime": "2021-03-25T05:42:12.000Z",
    "html": "",
    "externalScripts": "",
    "updaterUID": "bd-2100154623",
    "theme": "",
    "layout": "",
    "viewCount": 13,
    "userName": "I***筱",
    "commentCount": 0,
    "starCount": 0,
    "isStared": 0,
    "thumbnailURL": "https://www.makeapie.com/ecg-storage/ec_gallery_thumbnail/x248X9qplR.png?v=1616650932855",
    "isCustomThumbnail": 1,
    "builtinTags": [
        "category-work",
        "dataset",
        "grid",
        "series-pictorialBar"
    ],
    "customTags": [],
    "updaterUserName": "I***筱"
}