{
    "cid": "x3K2BhZkVc",
    "authorUid": "obd-ojG2EJ8YCU_WB2P-GREom13723QteEj",
    "authorUserName": "豪***害",
    "title": "服务器安全隐患统计",
    "description": "",
    "latestVersion": 8,
    "alwaysLatest": 1,
    "createTime": "2021-03-23T14:56:05.000Z",
    "lastUpdateTime": "2021-03-23T14:56:05.000Z",
    "auth": 2,
    "uid": "obd-ojG2EJ8YCU_WB2P-GREom13723QteEj",
    "publishedVersion": 0,
    "forkFrom": "-",
    "isSpam": 0,
    "version": 8,
    "parentVersion": 7,
    "echartsVersion": "4.8.0",
    "versionCreateTime": "2021-03-25T07:29:27.000Z",
    "html": "",
    "externalScripts": "",
    "updaterUID": "obd-ojG2EJ8YCU_WB2P-GREom13723QteEj",
    "theme": "",
    "layout": "",
    "viewCount": 69,
    "userName": "豪***害",
    "commentCount": 0,
    "starCount": 1,
    "isStared": 0,
    "thumbnailURL": "https://www.makeapie.com/ecg-storage/ec_gallery_thumbnail/x3K2BhZkVc.png?v=1616657367452",
    "isCustomThumbnail": 0,
    "builtinTags": [
        "category-work",
        "grid",
        "series-bar",
        "title"
    ],
    "customTags": [],
    "updaterUserName": "豪***害"
}