{
    "cid": "xaegDhnnqt",
    "authorUid": "obd-oETw1pgnGaPczqip7gjnQDrcVlyeY4i",
    "authorUserName": "立***e",
    "title": "饼状图",
    "description": "",
    "latestVersion": 2,
    "alwaysLatest": 1,
    "createTime": "2021-03-23T07:47:06.000Z",
    "lastUpdateTime": "2021-03-23T07:47:06.000Z",
    "auth": 2,
    "uid": "obd-oETw1pgnGaPczqip7gjnQDrcVlyeY4i",
    "publishedVersion": 0,
    "forkFrom": "-",
    "isSpam": 0,
    "version": 2,
    "parentVersion": 1,
    "echartsVersion": "4.8.0",
    "versionCreateTime": "2021-03-23T07:55:22.000Z",
    "html": "",
    "externalScripts": "",
    "updaterUID": "obd-oETw1pgnGaPczqip7gjnQDrcVlyeY4i",
    "theme": "",
    "layout": "",
    "viewCount": 19,
    "userName": "立***e",
    "commentCount": 0,
    "starCount": 0,
    "isStared": 0,
    "thumbnailURL": "https://www.makeapie.com/ecg-storage/ec_gallery_thumbnail/xaegDhnnqt.png?v=1616486122153",
    "isCustomThumbnail": 0,
    "builtinTags": [
        "category-work",
        "legend",
        "series-pie"
    ],
    "customTags": [],
    "updaterUserName": "立***e"
}