{
    "cid": "xe70ZUBldC",
    "authorUid": "obd-o2LgI2pkVf9mddcHOk63ohWZi-vIuBd",
    "authorUserName": "听***道",
    "title": "3D饼图",
    "description": "之前在社区看到过一个案例，找不到了现在。留作分享。  \n图表的高度和显示的数据进行了分离  ，直观不明显但是更加美观了",
    "latestVersion": 1,
    "alwaysLatest": 1,
    "createTime": "2021-03-26T09:25:30.000Z",
    "lastUpdateTime": "2021-03-26T09:25:30.000Z",
    "auth": 2,
    "uid": "obd-o2LgI2pkVf9mddcHOk63ohWZi-vIuBd",
    "publishedVersion": 0,
    "forkFrom": "-",
    "isSpam": 0,
    "version": 1,
    "parentVersion": -1,
    "echartsVersion": "4.8.0",
    "versionCreateTime": "2021-03-26T09:25:30.000Z",
    "html": "",
    "externalScripts": "https://echarts.baidu.com/resource/echarts-gl-latest/dist/echarts-gl.min.js",
    "updaterUID": "obd-o2LgI2pkVf9mddcHOk63ohWZi-vIuBd",
    "theme": "",
    "layout": "",
    "viewCount": 20,
    "userName": "听***道",
    "commentCount": 0,
    "starCount": 0,
    "isStared": 0,
    "thumbnailURL": "https://www.makeapie.com/ecg-storage/ec_gallery_thumbnail/xe70ZUBldC.png?v=1616750730984",
    "isCustomThumbnail": 0,
    "builtinTags": [
        "category-work",
        "grid3D",
        "legend",
        "series-surface",
        "tooltip"
    ],
    "customTags": [],
    "updaterUserName": "听***道"
}