{
    "cid": "xJObYdSeRB",
    "authorUid": "obd-oFbxfOlGkoVXv2Gg4ljMXpULydY6U5B",
    "authorUserName": "d***5",
    "title": "玫瑰饼图加雷达图",
    "description": "",
    "latestVersion": 1,
    "alwaysLatest": 1,
    "createTime": "2021-03-25T10:12:14.000Z",
    "lastUpdateTime": "2021-03-25T10:12:14.000Z",
    "auth": 2,
    "uid": "obd-oFbxfOlGkoVXv2Gg4ljMXpULydY6U5B",
    "publishedVersion": 0,
    "forkFrom": "-",
    "isSpam": 0,
    "version": 1,
    "parentVersion": -1,
    "echartsVersion": "4.8.0",
    "versionCreateTime": "2021-03-25T10:12:14.000Z",
    "html": "",
    "externalScripts": "",
    "updaterUID": "obd-oFbxfOlGkoVXv2Gg4ljMXpULydY6U5B",
    "theme": "",
    "layout": "",
    "viewCount": 69,
    "userName": "d***5",
    "commentCount": 0,
    "starCount": 1,
    "isStared": 0,
    "thumbnailURL": "https://www.makeapie.com/ecg-storage/ec_gallery_thumbnail/xJObYdSeRB.png?v=1616667135060",
    "isCustomThumbnail": 0,
    "builtinTags": [
        "category-work",
        "legend",
        "polar",
        "series-pie",
        "tooltip"
    ],
    "customTags": [],
    "updaterUserName": "d***5"
}