{
    "cid": "xREmuhrnCn",
    "authorUid": "bd-1841183165",
    "authorUserName": "o***趣",
    "title": "TEST",
    "description": "",
    "latestVersion": 4,
    "alwaysLatest": 1,
    "createTime": "2021-03-26T03:58:43.000Z",
    "lastUpdateTime": "2021-03-26T03:58:43.000Z",
    "auth": 2,
    "uid": "bd-1841183165",
    "publishedVersion": 0,
    "forkFrom": "-",
    "isSpam": 0,
    "version": 4,
    "parentVersion": 3,
    "echartsVersion": "4.9.0",
    "versionCreateTime": "2021-06-04T08:56:26.000Z",
    "html": "",
    "externalScripts": "",
    "updaterUID": "bd-1841183165",
    "theme": "",
    "layout": "",
    "viewCount": 71,
    "userName": "o***趣",
    "commentCount": 0,
    "starCount": 10,
    "isStared": 0,
    "thumbnailURL": "https://www.makeapie.com/ecg-storage/ec_gallery_thumbnail/xREmuhrnCn.png?v=1622796986143",
    "isCustomThumbnail": 0,
    "builtinTags": [
        "category-work",
        "grid",
        "series-bar",
        "series-effectScatter",
        "series-pictorialBar"
    ],
    "customTags": [],
    "updaterUserName": "o***趣"
}