{
    "cid": "xtO1wKNAvs",
    "authorUid": "obd-oFbxfOlGkoVXv2Gg4ljMXpULydY6U5B",
    "authorUserName": "d***5",
    "title": "双叠圆环图",
    "description": "默认鼠标展示",
    "latestVersion": 2,
    "alwaysLatest": 1,
    "createTime": "2021-03-24T08:46:09.000Z",
    "lastUpdateTime": "2021-03-24T08:46:09.000Z",
    "auth": 2,
    "uid": "obd-oFbxfOlGkoVXv2Gg4ljMXpULydY6U5B",
    "publishedVersion": 0,
    "forkFrom": "-",
    "isSpam": 0,
    "version": 2,
    "parentVersion": 1,
    "echartsVersion": "4.9.0",
    "versionCreateTime": "2021-06-03T03:39:43.000Z",
    "html": "",
    "externalScripts": "https://echarts.baidu.com/resource/echarts-gl-latest/dist/echarts-gl.min.js",
    "updaterUID": "obd-oFbxfOlGkoVXv2Gg4ljMXpULydY6U5B",
    "theme": "",
    "layout": "",
    "viewCount": 35,
    "userName": "d***5",
    "commentCount": 0,
    "starCount": 0,
    "isStared": 0,
    "thumbnailURL": "https://www.makeapie.com/ecg-storage/ec_gallery_thumbnail/xtO1wKNAvs.png?v=1622691583874",
    "isCustomThumbnail": 0,
    "builtinTags": [
        "category-work",
        "legend",
        "series-pie"
    ],
    "customTags": [],
    "updaterUserName": "d***5"
}