{
    "cid": "xvCWqLi4Kn",
    "authorUid": "obd-oETw1pgnGaPczqip7gjnQDrcVlyeY4i",
    "authorUserName": "立***e",
    "title": "柱状图和折线图",
    "description": "",
    "latestVersion": 1,
    "alwaysLatest": 1,
    "createTime": "2021-03-25T12:53:17.000Z",
    "lastUpdateTime": "2021-03-25T12:53:17.000Z",
    "auth": 2,
    "uid": "obd-oETw1pgnGaPczqip7gjnQDrcVlyeY4i",
    "publishedVersion": 0,
    "forkFrom": "-",
    "isSpam": 0,
    "version": 1,
    "parentVersion": -1,
    "echartsVersion": "4.8.0",
    "versionCreateTime": "2021-03-25T12:53:17.000Z",
    "html": "",
    "externalScripts": "",
    "updaterUID": "obd-oETw1pgnGaPczqip7gjnQDrcVlyeY4i",
    "theme": "",
    "layout": "",
    "viewCount": 36,
    "userName": "立***e",
    "commentCount": 0,
    "starCount": 1,
    "isStared": 0,
    "thumbnailURL": "https://www.makeapie.com/ecg-storage/ec_gallery_thumbnail/xvCWqLi4Kn.png?v=1616676797456",
    "isCustomThumbnail": 1,
    "builtinTags": [
        "category-work",
        "dataZoom",
        "grid",
        "series-bar",
        "series-line",
        "title",
        "tooltip"
    ],
    "customTags": [],
    "updaterUserName": "立***e"
}