{
    "cid": "xZ0FmcfrHB",
    "authorUid": "bd-2136137468",
    "authorUserName": "h***4",
    "title": "水球 liquidFill",
    "description": "水球完整属性",
    "latestVersion": 1,
    "alwaysLatest": 1,
    "createTime": "2021-03-23T10:01:49.000Z",
    "lastUpdateTime": "2021-03-23T10:01:49.000Z",
    "auth": 2,
    "uid": "bd-2136137468",
    "publishedVersion": 0,
    "forkFrom": "-",
    "isSpam": 0,
    "version": 1,
    "parentVersion": -1,
    "echartsVersion": "4.8.0",
    "versionCreateTime": "2021-03-23T10:01:50.000Z",
    "html": "",
    "externalScripts": "https://echarts.baidu.com/resource/echarts-liquidfill-latest/dist/echarts-liquidfill.min.js",
    "updaterUID": "bd-2136137468",
    "theme": "",
    "layout": "",
    "viewCount": 48,
    "userName": "h***4",
    "commentCount": 0,
    "starCount": 0,
    "isStared": 0,
    "thumbnailURL": "https://www.makeapie.com/ecg-storage/ec_gallery_thumbnail/xZ0FmcfrHB.png?v=1616493710149",
    "isCustomThumbnail": 0,
    "builtinTags": [
        "category-work",
        "series-liquidFill",
        "title"
    ],
    "customTags": [],
    "updaterUserName": "h***4"
}