{
    "cid": "x46gZdf5H",
    "authorUid": "bd-521877759",
    "authorUserName": "0***磊",
    "title": "百分比堆叠图",
    "description": "",
    "latestVersion": 2,
    "alwaysLatest": 1,
    "createTime": "2019-12-12T06:56:31.000Z",
    "lastUpdateTime": "2019-12-12T06:56:31.000Z",
    "auth": 2,
    "uid": "bd-521877759",
    "publishedVersion": 0,
    "forkFrom": "-",
    "isSpam": 0,
    "version": 2,
    "parentVersion": 1,
    "echartsVersion": "4.4.0",
    "versionCreateTime": "2019-12-30T08:38:13.000Z",
    "html": "",
    "externalScripts": "",
    "updaterUID": "bd-521877759",
    "theme": "",
    "layout": "",
    "viewCount": 384,
    "userName": "0***磊",
    "commentCount": 0,
    "starCount": 1,
    "isStared": 0,
    "thumbnailURL": "https://www.makeapie.com/ecg-storage/ec_gallery_thumbnail/x46gZdf5H.png?v=1577695093945",
    "isCustomThumbnail": 0,
    "builtinTags": [
        "category-work",
        "grid",
        "legend",
        "series-bar",
        "tooltip"
    ],
    "customTags": [],
    "updaterUserName": "0***磊"
}