{
    "cid": "x6Dv5wXyc",
    "authorUid": "bd-1841183165",
    "authorUserName": "o***趣",
    "title": "Water Polo",
    "description": "",
    "latestVersion": 3,
    "alwaysLatest": 1,
    "createTime": "2019-12-13T01:59:38.000Z",
    "lastUpdateTime": "2019-12-13T01:59:38.000Z",
    "auth": 2,
    "uid": "bd-1841183165",
    "publishedVersion": 0,
    "forkFrom": "-",
    "isSpam": 0,
    "version": 3,
    "parentVersion": 2,
    "echartsVersion": "4.4.0",
    "versionCreateTime": "2019-12-13T02:12:14.000Z",
    "html": "",
    "externalScripts": "https://echarts.baidu.com/resource/echarts-liquidfill-1.0.4/dist/echarts-liquidfill.js",
    "updaterUID": "bd-1841183165",
    "theme": "",
    "layout": "",
    "viewCount": 846,
    "userName": "o***趣",
    "commentCount": 2,
    "starCount": 8,
    "isStared": 0,
    "thumbnailURL": "https://www.makeapie.com/ecg-storage/ec_gallery_thumbnail/x6Dv5wXyc.png?v=1576203134862",
    "isCustomThumbnail": 0,
    "builtinTags": [
        "category-work",
        "graphic",
        "series-liquidFill",
        "title"
    ],
    "customTags": [],
    "updaterUserName": "o***趣"
}