{
    "cid": "x6INrqhU_",
    "authorUid": "bd-1191663638",
    "authorUserName": "s***1",
    "title": "重庆市 热办图",
    "description": "重庆市 热办图",
    "latestVersion": 3,
    "alwaysLatest": 1,
    "createTime": "2019-12-13T02:04:45.000Z",
    "lastUpdateTime": "2021-09-30T09:40:15.000Z",
    "auth": 2,
    "uid": "bd-1191663638",
    "publishedVersion": 0,
    "forkFrom": "-",
    "isSpam": 0,
    "version": 3,
    "parentVersion": 2,
    "echartsVersion": "4.9.0",
    "versionCreateTime": "2021-09-30T09:40:15.000Z",
    "html": "",
    "externalScripts": "",
    "updaterUID": "bd-1191663638",
    "theme": "",
    "layout": "",
    "viewCount": 893,
    "userName": "s***1",
    "commentCount": 0,
    "starCount": 1,
    "isStared": 0,
    "thumbnailURL": "https://www.makeapie.com/ecg-storage/ec_gallery_thumbnail/x6INrqhU_.png?v=1632994815468",
    "isCustomThumbnail": 0,
    "builtinTags": [
        "category-work",
        "series-map",
        "tooltip",
        "visualMap"
    ],
    "customTags": [],
    "updaterUserName": "s***1"
}