{
    "cid": "x7BJKjYkP",
    "authorUid": "bd-1191663638",
    "authorUserName": "s***1",
    "title": "",
    "description": "",
    "latestVersion": 3,
    "alwaysLatest": 1,
    "createTime": "2019-12-13T02:18:28.000Z",
    "lastUpdateTime": "2021-09-30T09:40:43.000Z",
    "auth": 2,
    "uid": "bd-1191663638",
    "publishedVersion": 0,
    "forkFrom": "-",
    "isSpam": 0,
    "version": 3,
    "parentVersion": 2,
    "echartsVersion": "4.9.0",
    "versionCreateTime": "2021-09-30T09:40:43.000Z",
    "html": "",
    "externalScripts": "",
    "updaterUID": "bd-1191663638",
    "theme": "",
    "layout": "",
    "viewCount": 398,
    "userName": "s***1",
    "commentCount": 0,
    "starCount": 1,
    "isStared": 0,
    "thumbnailURL": "https://www.makeapie.com/ecg-storage/ec_gallery_thumbnail/x7BJKjYkP.png?v=1632994843521",
    "isCustomThumbnail": 0,
    "builtinTags": [
        "category-work",
        "grid",
        "legend",
        "series-bar",
        "series-line",
        "tooltip"
    ],
    "customTags": [],
    "updaterUserName": "s***1"
}