{
    "cid": "xbAxX3-7o",
    "authorUid": "bd-4149294756",
    "authorUserName": "q***角",
    "title": "热力图",
    "description": "展示中文的热力图",
    "latestVersion": 1,
    "alwaysLatest": 1,
    "createTime": "2019-12-12T08:30:43.000Z",
    "lastUpdateTime": "2019-12-12T08:30:43.000Z",
    "auth": 2,
    "uid": "bd-4149294756",
    "publishedVersion": 0,
    "forkFrom": "-",
    "isSpam": 0,
    "version": 1,
    "parentVersion": -1,
    "echartsVersion": "4.4.0",
    "versionCreateTime": "2019-12-12T08:30:43.000Z",
    "html": "",
    "externalScripts": "",
    "updaterUID": "bd-4149294756",
    "theme": "",
    "layout": "",
    "viewCount": 214,
    "userName": "q***角",
    "commentCount": 0,
    "starCount": 1,
    "isStared": 0,
    "thumbnailURL": "https://www.makeapie.com/ecg-storage/ec_gallery_thumbnail/xbAxX3-7o.png?v=1576139444035",
    "isCustomThumbnail": 0,
    "builtinTags": [
        "category-work",
        "grid",
        "series-heatmap",
        "title",
        "toolbox",
        "tooltip",
        "visualMap"
    ],
    "customTags": [],
    "updaterUserName": "q***角"
}