{
    "cid": "xFFpzJgnA",
    "authorUid": "bd-1191663638",
    "authorUserName": "s***1",
    "title": "超单位的百度比",
    "description": "超单位的百度比",
    "latestVersion": 2,
    "alwaysLatest": 1,
    "createTime": "2019-12-13T02:31:53.000Z",
    "lastUpdateTime": "2021-09-30T09:31:27.000Z",
    "auth": 2,
    "uid": "bd-1191663638",
    "publishedVersion": 0,
    "forkFrom": "-",
    "isSpam": 0,
    "version": 2,
    "parentVersion": 1,
    "echartsVersion": "4.9.0",
    "versionCreateTime": "2021-09-30T09:31:27.000Z",
    "html": "",
    "externalScripts": "",
    "updaterUID": "bd-1191663638",
    "theme": "",
    "layout": "",
    "viewCount": 379,
    "userName": "s***1",
    "commentCount": 0,
    "starCount": 6,
    "isStared": 0,
    "thumbnailURL": "https://www.makeapie.com/ecg-storage/ec_gallery_thumbnail/xFFpzJgnA.png?v=1632994287172",
    "isCustomThumbnail": 0,
    "builtinTags": [
        "category-work",
        "series-pie",
        "title"
    ],
    "customTags": [],
    "updaterUserName": "s***1"
}