{
    "cid": "xj-na7gYw",
    "authorUid": "bd-738512056",
    "authorUserName": "铁***龙",
    "title": "带背景图的图表",
    "description": "",
    "latestVersion": 12,
    "alwaysLatest": 1,
    "createTime": "2019-12-12T07:08:01.000Z",
    "lastUpdateTime": "2019-12-12T07:08:01.000Z",
    "auth": 2,
    "uid": "bd-738512056",
    "publishedVersion": 0,
    "forkFrom": "-",
    "isSpam": 0,
    "version": 12,
    "parentVersion": 11,
    "echartsVersion": "4.4.0",
    "versionCreateTime": "2019-12-13T09:00:32.000Z",
    "html": "",
    "externalScripts": "",
    "updaterUID": "bd-738512056",
    "theme": "",
    "layout": "",
    "viewCount": 1290,
    "userName": "铁***龙",
    "commentCount": 0,
    "starCount": 12,
    "isStared": 0,
    "thumbnailURL": "https://www.makeapie.com/ecg-storage/ec_gallery_thumbnail/xj-na7gYw.png?v=1576227633172",
    "isCustomThumbnail": 0,
    "builtinTags": [
        "category-work",
        "series-graph",
        "title",
        "tooltip"
    ],
    "customTags": [],
    "updaterUserName": "铁***龙"
}