{
    "cid": "xlgZmwfSk",
    "authorUid": "bd-3361204259",
    "authorUserName": "儒***君",
    "title": "渐变柱状图",
    "description": "",
    "latestVersion": 7,
    "alwaysLatest": 1,
    "createTime": "2019-12-12T10:52:28.000Z",
    "lastUpdateTime": "2019-12-12T10:52:28.000Z",
    "auth": 1,
    "uid": "bd-3361204259",
    "publishedVersion": 0,
    "forkFrom": "-",
    "isSpam": 0,
    "version": 7,
    "parentVersion": 6,
    "echartsVersion": "4.4.0",
    "versionCreateTime": "2019-12-18T07:18:19.000Z",
    "html": "",
    "externalScripts": "",
    "updaterUID": "bd-57623373",
    "theme": "",
    "layout": "",
    "viewCount": 148,
    "userName": "儒***君",
    "commentCount": 0,
    "starCount": 4,
    "isStared": 0,
    "thumbnailURL": "https://www.makeapie.com/ecg-storage/ec_gallery_thumbnail/xlgZmwfSk.png?v=1576653499238",
    "isCustomThumbnail": 0,
    "builtinTags": [
        "category-work",
        "grid",
        "legend",
        "series-bar"
    ],
    "customTags": [],
    "updaterUserName": "二***i"
}