{
    "cid": "xsWmxb2Sk",
    "authorUid": "bd-56285859",
    "authorUserName": "笔***地",
    "title": "Echarts 气泡图",
    "description": "",
    "latestVersion": 12,
    "alwaysLatest": 1,
    "createTime": "2019-12-13T03:36:35.000Z",
    "lastUpdateTime": "2021-10-15T07:50:01.000Z",
    "auth": 1,
    "uid": "bd-56285859",
    "publishedVersion": 0,
    "forkFrom": "-",
    "isSpam": 0,
    "version": 12,
    "parentVersion": 11,
    "echartsVersion": "4.9.0",
    "versionCreateTime": "2021-10-15T07:50:01.000Z",
    "html": "",
    "externalScripts": "",
    "updaterUID": "obd-o2Ddhxs8w2CRgTDIeNePRpfCS3stZBY",
    "theme": "",
    "layout": "",
    "viewCount": 1282,
    "userName": "笔***地",
    "commentCount": 0,
    "starCount": 12,
    "isStared": 0,
    "thumbnailURL": "https://www.makeapie.com/ecg-storage/ec_gallery_thumbnail/xsWmxb2Sk.png?v=1634284201646",
    "isCustomThumbnail": 0,
    "builtinTags": [
        "category-work",
        "series-graph",
        "tooltip"
    ],
    "customTags": [
        "气泡图"
    ],
    "updaterUserName": "彭***6"
}