{
    "cid": "xt875H2Qp",
    "authorUid": "bd-261075462",
    "authorUserName": "谜***头",
    "title": "柱状图排行榜例子",
    "description": "",
    "latestVersion": 2,
    "alwaysLatest": 1,
    "createTime": "2019-12-12T14:56:05.000Z",
    "lastUpdateTime": "2019-12-12T14:56:05.000Z",
    "auth": 2,
    "uid": "bd-261075462",
    "publishedVersion": 0,
    "forkFrom": "-",
    "isSpam": 0,
    "version": 2,
    "parentVersion": 1,
    "echartsVersion": "4.4.0",
    "versionCreateTime": "2019-12-26T00:37:29.000Z",
    "html": "",
    "externalScripts": "",
    "updaterUID": "bd-261075462",
    "theme": "",
    "layout": "",
    "viewCount": 93,
    "userName": "谜***头",
    "commentCount": 0,
    "starCount": 0,
    "isStared": 0,
    "thumbnailURL": "https://www.makeapie.com/ecg-storage/ec_gallery_thumbnail/xt875H2Qp.png?v=1577320649287",
    "isCustomThumbnail": 0,
    "builtinTags": [
        "category-work",
        "grid",
        "series-bar",
        "tooltip"
    ],
    "customTags": [],
    "updaterUserName": "谜***头"
}