{
    "cid": "xtTl3Qv6S",
    "authorUid": "bd-1147429777",
    "authorUserName": "请***哦",
    "title": "滑坡监测分类",
    "description": "",
    "latestVersion": 2,
    "alwaysLatest": 1,
    "createTime": "2019-12-12T11:19:44.000Z",
    "lastUpdateTime": "2019-12-12T11:19:44.000Z",
    "auth": 2,
    "uid": "bd-1147429777",
    "publishedVersion": 0,
    "forkFrom": "-",
    "isSpam": 0,
    "version": 2,
    "parentVersion": 1,
    "echartsVersion": "4.4.0",
    "versionCreateTime": "2019-12-13T01:56:21.000Z",
    "html": "",
    "externalScripts": "",
    "updaterUID": "bd-1147429777",
    "theme": "",
    "layout": "",
    "viewCount": 94,
    "userName": "请***哦",
    "commentCount": 3,
    "starCount": 1,
    "isStared": 0,
    "thumbnailURL": "https://www.makeapie.com/ecg-storage/ec_gallery_thumbnail/xtTl3Qv6S.png?v=1576202181254",
    "isCustomThumbnail": 0,
    "builtinTags": [
        "category-work",
        "legend",
        "series-pie",
        "title"
    ],
    "customTags": [],
    "updaterUserName": "请***哦"
}