{
    "cid": "xUd7p0k4F",
    "authorUid": "bd-1191663638",
    "authorUserName": "s***1",
    "title": "四川—— 路线图",
    "description": "四川—— 路线图",
    "latestVersion": 3,
    "alwaysLatest": 1,
    "createTime": "2019-12-13T02:06:23.000Z",
    "lastUpdateTime": "2021-09-30T09:40:11.000Z",
    "auth": 2,
    "uid": "bd-1191663638",
    "publishedVersion": 0,
    "forkFrom": "-",
    "isSpam": 0,
    "version": 3,
    "parentVersion": 2,
    "echartsVersion": "4.9.0",
    "versionCreateTime": "2021-09-30T09:40:11.000Z",
    "html": "",
    "externalScripts": "",
    "updaterUID": "bd-1191663638",
    "theme": "",
    "layout": "",
    "viewCount": 534,
    "userName": "s***1",
    "commentCount": 0,
    "starCount": 3,
    "isStared": 0,
    "thumbnailURL": "https://www.makeapie.com/ecg-storage/ec_gallery_thumbnail/xUd7p0k4F.png?v=1632994811497",
    "isCustomThumbnail": 0,
    "builtinTags": [
        "category-work",
        "geo",
        "series-effectScatter",
        "series-lines",
        "tooltip",
        "visualMap"
    ],
    "customTags": [],
    "updaterUserName": "s***1"
}