{
    "cid": "xVo7SThy-",
    "authorUid": "bd-3172106163",
    "authorUserName": "m***3",
    "title": "渐变色饼图",
    "description": "渐变色饼图,中间显示总数量",
    "latestVersion": 1,
    "alwaysLatest": 1,
    "createTime": "2019-12-13T02:17:34.000Z",
    "lastUpdateTime": "2019-12-13T02:17:34.000Z",
    "auth": 2,
    "uid": "bd-3172106163",
    "publishedVersion": 0,
    "forkFrom": "-",
    "isSpam": 0,
    "version": 1,
    "parentVersion": -1,
    "echartsVersion": "4.4.0",
    "versionCreateTime": "2019-12-13T02:17:34.000Z",
    "html": "",
    "externalScripts": "",
    "updaterUID": "bd-3172106163",
    "theme": "",
    "layout": "",
    "viewCount": 424,
    "userName": "m***3",
    "commentCount": 0,
    "starCount": 8,
    "isStared": 0,
    "thumbnailURL": "https://www.makeapie.com/ecg-storage/ec_gallery_thumbnail/xVo7SThy-.png?v=1576203454181",
    "isCustomThumbnail": 0,
    "builtinTags": [
        "category-work",
        "legend",
        "series-pie",
        "title",
        "tooltip"
    ],
    "customTags": [
        "渐变色"
    ],
    "updaterUserName": "m***3"
}