{
    "cid": "xwCrrt7XK",
    "authorUid": "bd-336012355",
    "authorUserName": "k***",
    "title": "多柱图",
    "description": "",
    "latestVersion": 1,
    "alwaysLatest": 1,
    "createTime": "2019-12-13T03:18:07.000Z",
    "lastUpdateTime": "2019-12-13T03:18:07.000Z",
    "auth": 1,
    "uid": "bd-336012355",
    "publishedVersion": 0,
    "forkFrom": "-",
    "isSpam": 0,
    "version": 1,
    "parentVersion": -1,
    "echartsVersion": "4.4.0",
    "versionCreateTime": "2019-12-13T03:18:07.000Z",
    "html": "",
    "externalScripts": "",
    "updaterUID": "bd-336012355",
    "theme": "",
    "layout": "",
    "viewCount": 20,
    "userName": "k***",
    "commentCount": 0,
    "starCount": 0,
    "isStared": 0,
    "thumbnailURL": "https://www.makeapie.com/ecg-storage/ec_gallery_thumbnail/xwCrrt7XK.png?v=1576207087818",
    "isCustomThumbnail": 0,
    "builtinTags": [
        "category-work",
        "grid",
        "legend",
        "series-bar"
    ],
    "customTags": [],
    "updaterUserName": "k***"
}