{
    "cid": "xwfkR3J1u",
    "authorUid": "bd-1841183165",
    "authorUserName": "o***趣",
    "title": "I do not know!",
    "description": "什么数据可以用这个图表？",
    "latestVersion": 4,
    "alwaysLatest": 1,
    "createTime": "2019-12-13T02:44:00.000Z",
    "lastUpdateTime": "2019-12-13T02:44:00.000Z",
    "auth": 2,
    "uid": "bd-1841183165",
    "publishedVersion": 0,
    "forkFrom": "-",
    "isSpam": 0,
    "version": 4,
    "parentVersion": 3,
    "echartsVersion": "4.4.0",
    "versionCreateTime": "2019-12-19T02:18:32.000Z",
    "html": "",
    "externalScripts": "",
    "updaterUID": "bd-1841183165",
    "theme": "",
    "layout": "",
    "viewCount": 91,
    "userName": "o***趣",
    "commentCount": 0,
    "starCount": 5,
    "isStared": 0,
    "thumbnailURL": "https://www.makeapie.com/ecg-storage/ec_gallery_thumbnail/xwfkR3J1u.png?v=1576721912926",
    "isCustomThumbnail": 0,
    "builtinTags": [
        "category-work",
        "grid",
        "series-bar",
        "tooltip",
        "visualMap"
    ],
    "customTags": [],
    "updaterUserName": "o***趣"
}