{
    "cid": "xXJFYrANk",
    "authorUid": "bd-1191663638",
    "authorUserName": "s***1",
    "title": "包含关系饼图",
    "description": "包含关系饼图",
    "latestVersion": 3,
    "alwaysLatest": 1,
    "createTime": "2019-12-13T02:22:25.000Z",
    "lastUpdateTime": "2021-09-30T09:40:41.000Z",
    "auth": 2,
    "uid": "bd-1191663638",
    "publishedVersion": 0,
    "forkFrom": "-",
    "isSpam": 0,
    "version": 3,
    "parentVersion": 2,
    "echartsVersion": "4.9.0",
    "versionCreateTime": "2021-09-30T09:40:41.000Z",
    "html": "",
    "externalScripts": "",
    "updaterUID": "bd-1191663638",
    "theme": "",
    "layout": "",
    "viewCount": 88,
    "userName": "s***1",
    "commentCount": 0,
    "starCount": 2,
    "isStared": 0,
    "thumbnailURL": "https://www.makeapie.com/ecg-storage/ec_gallery_thumbnail/xXJFYrANk.png?v=1632994841130",
    "isCustomThumbnail": 0,
    "builtinTags": [
        "category-work",
        "series-pie"
    ],
    "customTags": [],
    "updaterUserName": "s***1"
}