{
    "cid": "x-I-d3Om7",
    "authorUid": "bd-927643697",
    "authorUserName": "N***4",
    "title": "时间类型X轴示例",
    "description": "",
    "latestVersion": 1,
    "alwaysLatest": 1,
    "createTime": "2019-11-20T11:54:29.000Z",
    "lastUpdateTime": "2019-11-20T11:54:29.000Z",
    "auth": 2,
    "uid": "bd-927643697",
    "publishedVersion": 0,
    "forkFrom": "-",
    "isSpam": 0,
    "version": 1,
    "parentVersion": -1,
    "echartsVersion": "4.4.0",
    "versionCreateTime": "2019-11-20T11:54:29.000Z",
    "html": "",
    "externalScripts": "",
    "updaterUID": "bd-927643697",
    "theme": "",
    "layout": "",
    "viewCount": 170,
    "userName": "N***4",
    "commentCount": 0,
    "starCount": 0,
    "isStared": 0,
    "thumbnailURL": "https://www.makeapie.com/ecg-storage/ec_gallery_thumbnail/x-I-d3Om7.png?v=1574250869141",
    "isCustomThumbnail": 0,
    "builtinTags": [
        "category-work",
        "grid",
        "series-line",
        "title",
        "tooltip"
    ],
    "customTags": [],
    "updaterUserName": "N***4"
}