{
    "cid": "x1yQg8eee",
    "authorUid": "bd-858908526",
    "authorUserName": "_***_",
    "title": "Tree图动态改变连线颜色",
    "description": "动态修改tree图的连线颜色",
    "latestVersion": 2,
    "alwaysLatest": 1,
    "createTime": "2019-11-21T01:11:40.000Z",
    "lastUpdateTime": "2019-11-21T01:11:40.000Z",
    "auth": 2,
    "uid": "bd-858908526",
    "publishedVersion": 0,
    "forkFrom": "-",
    "isSpam": 0,
    "version": 2,
    "parentVersion": 1,
    "echartsVersion": "4.4.0",
    "versionCreateTime": "2019-11-21T01:13:07.000Z",
    "html": "",
    "externalScripts": "",
    "updaterUID": "bd-858908526",
    "theme": "",
    "layout": "",
    "viewCount": 480,
    "userName": "_***_",
    "commentCount": 0,
    "starCount": 1,
    "isStared": 0,
    "thumbnailURL": "https://www.makeapie.com/ecg-storage/ec_gallery_thumbnail/x1yQg8eee.png?v=1574298787166",
    "isCustomThumbnail": 0,
    "builtinTags": [
        "category-work",
        "series-tree"
    ],
    "customTags": [],
    "updaterUserName": "_***_"
}