{
    "cid": "x2LaV8aVH",
    "authorUid": "bd-3022614706",
    "authorUserName": "祝***1",
    "title": "2018-2019年10月全国猪产品价格走势图",
    "description": "中南大学文学与新闻传播学院广电17级1701班数据新闻（徐雪婷，邱雅诗，王思琪，陈啟柯）",
    "latestVersion": 9,
    "alwaysLatest": 1,
    "createTime": "2019-11-20T12:27:58.000Z",
    "lastUpdateTime": "2019-11-20T12:27:58.000Z",
    "auth": 2,
    "uid": "bd-3022614706",
    "publishedVersion": 0,
    "forkFrom": "-",
    "isSpam": 0,
    "version": 9,
    "parentVersion": 8,
    "echartsVersion": "4.4.0",
    "versionCreateTime": "2019-11-20T12:38:42.000Z",
    "html": "",
    "externalScripts": "",
    "updaterUID": "bd-3022614706",
    "theme": "",
    "layout": "",
    "viewCount": 272,
    "userName": "祝***1",
    "commentCount": 0,
    "starCount": 2,
    "isStared": 0,
    "thumbnailURL": "https://www.makeapie.com/ecg-storage/ec_gallery_thumbnail/x2LaV8aVH.png?v=1574253522503",
    "isCustomThumbnail": 0,
    "builtinTags": [
        "category-work",
        "grid",
        "legend",
        "series-line",
        "title",
        "toolbox",
        "tooltip"
    ],
    "customTags": [],
    "updaterUserName": "祝***1"
}