{
    "cid": "x8mGi3U-w",
    "authorUid": "bd-4128622076",
    "authorUserName": "执***岸",
    "title": "好多图",
    "description": "",
    "latestVersion": 1,
    "alwaysLatest": 1,
    "createTime": "2019-11-21T03:35:31.000Z",
    "lastUpdateTime": "2019-11-21T03:35:31.000Z",
    "auth": 1,
    "uid": "bd-4128622076",
    "publishedVersion": 0,
    "forkFrom": "-",
    "isSpam": 0,
    "version": 1,
    "parentVersion": -1,
    "echartsVersion": "4.4.0",
    "versionCreateTime": "2019-11-21T03:35:31.000Z",
    "html": "",
    "externalScripts": "",
    "updaterUID": "bd-4128622076",
    "theme": "",
    "layout": "",
    "viewCount": 288,
    "userName": "执***岸",
    "commentCount": 0,
    "starCount": 2,
    "isStared": 0,
    "thumbnailURL": "https://www.makeapie.com/ecg-storage/ec_gallery_thumbnail/x8mGi3U-w.png?v=1574307331269",
    "isCustomThumbnail": 0,
    "builtinTags": [
        "category-work",
        "grid",
        "series-bar",
        "series-effectScatter",
        "series-line",
        "series-scatter",
        "tooltip"
    ],
    "customTags": [],
    "updaterUserName": "执***岸"
}