{
    "cid": "xAHmpIQQt",
    "authorUid": "bd-3191188200",
    "authorUserName": "泪***活",
    "title": "客户好评饼图",
    "description": "",
    "latestVersion": 12,
    "alwaysLatest": 1,
    "createTime": "2019-11-21T13:37:41.000Z",
    "lastUpdateTime": "2021-11-22T13:58:57.000Z",
    "auth": 1,
    "uid": "bd-3191188200",
    "publishedVersion": 0,
    "forkFrom": "-",
    "isSpam": 0,
    "version": 12,
    "parentVersion": 11,
    "echartsVersion": "4.9.0",
    "versionCreateTime": "2021-11-22T13:58:57.000Z",
    "html": "",
    "externalScripts": "",
    "updaterUID": "obd-oEg7psSDQ_0KP-o3Dn4NkhFmBcdTh4Q",
    "theme": "",
    "layout": "",
    "viewCount": 2248,
    "userName": "泪***活",
    "commentCount": 0,
    "starCount": 27,
    "isStared": 0,
    "thumbnailURL": "https://www.makeapie.com/ecg-storage/ec_gallery_thumbnail/xAHmpIQQt.png?v=1637589538065",
    "isCustomThumbnail": 0,
    "builtinTags": [
        "category-work",
        "markLine",
        "series-pie"
    ],
    "customTags": [],
    "updaterUserName": "a***i"
}