{
    "cid": "xb4pAmxTV",
    "authorUid": "bd-1581080321",
    "authorUserName": "p***若",
    "title": "迁徙图",
    "description": "选择性展示省份地图",
    "latestVersion": 2,
    "alwaysLatest": 1,
    "createTime": "2019-11-19T10:01:46.000Z",
    "lastUpdateTime": "2019-11-19T10:01:46.000Z",
    "auth": 2,
    "uid": "bd-1581080321",
    "publishedVersion": 0,
    "forkFrom": "-",
    "isSpam": 0,
    "version": 2,
    "parentVersion": 1,
    "echartsVersion": "4.4.0",
    "versionCreateTime": "2019-11-20T01:36:29.000Z",
    "html": "",
    "externalScripts": "https://gallerybox.echartsjs.com/dep/echarts/map/js/province/beijing.js,https://gallerybox.echartsjs.com/dep/echarts/map/js/province/hebei.js,https://gallerybox.echartsjs.com/dep/echarts/map/js/province/tianjin.js",
    "updaterUID": "bd-1581080321",
    "theme": "",
    "layout": "",
    "viewCount": 1007,
    "userName": "p***若",
    "commentCount": 4,
    "starCount": 4,
    "isStared": 0,
    "thumbnailURL": "https://www.makeapie.com/ecg-storage/ec_gallery_thumbnail/xb4pAmxTV.png?v=1574213789631",
    "isCustomThumbnail": 0,
    "builtinTags": [
        "category-work",
        "geo",
        "grid",
        "series-effectScatter",
        "series-lines",
        "tooltip"
    ],
    "customTags": [],
    "updaterUserName": "p***若"
}