{
    "cid": "xiKWNtsBx",
    "authorUid": "bd-2030356527",
    "authorUserName": "c***5",
    "title": "柱状图",
    "description": "",
    "latestVersion": 1,
    "alwaysLatest": 1,
    "createTime": "2019-11-19T09:56:10.000Z",
    "lastUpdateTime": "2019-11-19T09:56:10.000Z",
    "auth": 2,
    "uid": "bd-2030356527",
    "publishedVersion": 0,
    "forkFrom": "-",
    "isSpam": 0,
    "version": 1,
    "parentVersion": -1,
    "echartsVersion": "4.4.0",
    "versionCreateTime": "2019-11-19T09:56:10.000Z",
    "html": "",
    "externalScripts": "",
    "updaterUID": "bd-2030356527",
    "theme": "",
    "layout": "",
    "viewCount": 40,
    "userName": "c***5",
    "commentCount": 0,
    "starCount": 0,
    "isStared": 0,
    "thumbnailURL": "https://www.makeapie.com/ecg-storage/ec_gallery_thumbnail/xiKWNtsBx.png?v=1574157370279",
    "isCustomThumbnail": 0,
    "builtinTags": [
        "category-work",
        "grid",
        "series-bar",
        "tooltip"
    ],
    "customTags": [],
    "updaterUserName": "c***5"
}