{
    "cid": "xiLBY4nVL",
    "authorUid": "bd-4247058731",
    "authorUserName": "强***来",
    "title": "三维地图",
    "description": "",
    "latestVersion": 2,
    "alwaysLatest": 1,
    "createTime": "2019-11-21T01:48:48.000Z",
    "lastUpdateTime": "2019-11-21T01:48:48.000Z",
    "auth": 2,
    "uid": "bd-4247058731",
    "publishedVersion": 0,
    "forkFrom": "-",
    "isSpam": 0,
    "version": 2,
    "parentVersion": 1,
    "echartsVersion": "4.4.0",
    "versionCreateTime": "2019-11-21T02:22:01.000Z",
    "html": "",
    "externalScripts": "https://echarts.baidu.com/resource/echarts-gl-latest/dist/echarts-gl.min.js,/dep/echarts/map/js/china.js",
    "updaterUID": "bd-4247058731",
    "theme": "",
    "layout": "",
    "viewCount": 29,
    "userName": "强***来",
    "commentCount": 0,
    "starCount": 0,
    "isStared": 0,
    "thumbnailURL": "https://www.makeapie.com/ecg-storage/ec_gallery_thumbnail/xiLBY4nVL.png?v=1574302921664",
    "isCustomThumbnail": 0,
    "builtinTags": [
        "category-work",
        "geo3D",
        "series-bar3D",
        "series-map3D",
        "visualMap"
    ],
    "customTags": [],
    "updaterUserName": "强***来"
}