{
    "cid": "xLW1d9tbI",
    "authorUid": "bd-1276968252",
    "authorUserName": "吕***遥",
    "title": "仪表盘（无问题版本）",
    "description": "",
    "latestVersion": 1,
    "alwaysLatest": 1,
    "createTime": "2019-11-19T08:57:21.000Z",
    "lastUpdateTime": "2019-11-19T08:57:21.000Z",
    "auth": 2,
    "uid": "bd-1276968252",
    "publishedVersion": 0,
    "forkFrom": "-",
    "isSpam": 0,
    "version": 1,
    "parentVersion": -1,
    "echartsVersion": "4.4.0",
    "versionCreateTime": "2019-11-19T08:57:21.000Z",
    "html": "",
    "externalScripts": "",
    "updaterUID": "bd-1276968252",
    "theme": "",
    "layout": "",
    "viewCount": 802,
    "userName": "吕***遥",
    "commentCount": 0,
    "starCount": 4,
    "isStared": 0,
    "thumbnailURL": "https://www.makeapie.com/ecg-storage/ec_gallery_thumbnail/xLW1d9tbI.png?v=1574153841575",
    "isCustomThumbnail": 0,
    "builtinTags": [
        "category-work",
        "series-gauge",
        "series-pie",
        "tooltip"
    ],
    "customTags": [],
    "updaterUserName": "吕***遥"
}