{
    "cid": "xQdqr9UGC",
    "authorUid": "bd-3608919469",
    "authorUserName": "我***了",
    "title": "前十省份分布",
    "description": "",
    "latestVersion": 1,
    "alwaysLatest": 1,
    "createTime": "2019-11-20T10:26:00.000Z",
    "lastUpdateTime": "2019-11-20T10:26:00.000Z",
    "auth": 2,
    "uid": "bd-3608919469",
    "publishedVersion": 0,
    "forkFrom": "-",
    "isSpam": 0,
    "version": 1,
    "parentVersion": -1,
    "echartsVersion": "4.4.0",
    "versionCreateTime": "2019-11-20T10:26:00.000Z",
    "html": "",
    "externalScripts": "/dep/echarts/map/js/china.js",
    "updaterUID": "bd-3608919469",
    "theme": "",
    "layout": "",
    "viewCount": 313,
    "userName": "我***了",
    "commentCount": 0,
    "starCount": 1,
    "isStared": 0,
    "thumbnailURL": "https://www.makeapie.com/ecg-storage/ec_gallery_thumbnail/xQdqr9UGC.png?v=1574245560400",
    "isCustomThumbnail": 0,
    "builtinTags": [
        "category-work",
        "grid",
        "legend",
        "series-bar",
        "series-map",
        "title",
        "toolbox",
        "tooltip",
        "visualMap"
    ],
    "customTags": [],
    "updaterUserName": "我***了"
}