{
    "cid": "xRWeE_hIe",
    "authorUid": "bd-778803181",
    "authorUserName": "187*****536",
    "title": "Graph demo 及点击节点",
    "description": "",
    "latestVersion": 1,
    "alwaysLatest": 1,
    "createTime": "2019-11-22T07:23:00.000Z",
    "lastUpdateTime": "2019-11-22T07:23:00.000Z",
    "auth": 2,
    "uid": "bd-778803181",
    "publishedVersion": 0,
    "forkFrom": "-",
    "isSpam": 0,
    "version": 1,
    "parentVersion": -1,
    "echartsVersion": "4.4.0",
    "versionCreateTime": "2019-11-22T07:23:00.000Z",
    "html": "",
    "externalScripts": "",
    "updaterUID": "bd-778803181",
    "theme": "",
    "layout": "",
    "viewCount": 233,
    "userName": "187*****536",
    "commentCount": 0,
    "starCount": 0,
    "isStared": 0,
    "thumbnailURL": "https://www.makeapie.com/ecg-storage/ec_gallery_thumbnail/xRWeE_hIe.png?v=1574407380398",
    "isCustomThumbnail": 0,
    "builtinTags": [
        "category-work",
        "series-graph",
        "title",
        "tooltip"
    ],
    "customTags": [],
    "updaterUserName": "187*****536"
}