{
    "cid": "xTiEEfE0b",
    "authorUid": "bd-3182588218",
    "authorUserName": "飞***燕",
    "title": "备选 水球图+饼图 显示百分比",
    "description": "",
    "latestVersion": 1,
    "alwaysLatest": 1,
    "createTime": "2019-11-21T05:19:00.000Z",
    "lastUpdateTime": "2019-11-21T05:19:00.000Z",
    "auth": 2,
    "uid": "bd-3182588218",
    "publishedVersion": 0,
    "forkFrom": "-",
    "isSpam": 0,
    "version": 1,
    "parentVersion": -1,
    "echartsVersion": "4.4.0",
    "versionCreateTime": "2019-11-21T05:19:00.000Z",
    "html": "",
    "externalScripts": "",
    "updaterUID": "bd-3182588218",
    "theme": "",
    "layout": "",
    "viewCount": 912,
    "userName": "飞***燕",
    "commentCount": 0,
    "starCount": 5,
    "isStared": 0,
    "thumbnailURL": "https://www.makeapie.com/ecg-storage/ec_gallery_thumbnail/xTiEEfE0b.png?v=1574313540901",
    "isCustomThumbnail": 0,
    "builtinTags": [
        "category-work",
        "series-liquidFill",
        "series-pie"
    ],
    "customTags": [],
    "updaterUserName": "飞***燕"
}