{
    "cid": "xTl8nP8ux",
    "authorUid": "bd-2220499163",
    "authorUserName": "吹***记",
    "title": "雷达图",
    "description": "雷达图 带注释",
    "latestVersion": 1,
    "alwaysLatest": 1,
    "createTime": "2019-11-22T07:50:03.000Z",
    "lastUpdateTime": "2019-11-22T07:50:03.000Z",
    "auth": 2,
    "uid": "bd-2220499163",
    "publishedVersion": 0,
    "forkFrom": "-",
    "isSpam": 0,
    "version": 1,
    "parentVersion": -1,
    "echartsVersion": "4.4.0",
    "versionCreateTime": "2019-11-22T07:50:03.000Z",
    "html": "",
    "externalScripts": "",
    "updaterUID": "bd-2220499163",
    "theme": "",
    "layout": "",
    "viewCount": 547,
    "userName": "吹***记",
    "commentCount": 0,
    "starCount": 9,
    "isStared": 0,
    "thumbnailURL": "https://www.makeapie.com/ecg-storage/ec_gallery_thumbnail/xTl8nP8ux.png?v=1574409003740",
    "isCustomThumbnail": 0,
    "builtinTags": [
        "category-work",
        "radar",
        "series-radar",
        "tooltip"
    ],
    "customTags": [],
    "updaterUserName": "吹***记"
}