{
    "cid": "xw76Apmce",
    "authorUid": "bd-3182588218",
    "authorUserName": "飞***燕",
    "title": "广州市部分公交车线路数据",
    "description": "",
    "latestVersion": 1,
    "alwaysLatest": 1,
    "createTime": "2019-11-21T05:24:45.000Z",
    "lastUpdateTime": "2019-11-21T05:24:45.000Z",
    "auth": 2,
    "uid": "bd-3182588218",
    "publishedVersion": 0,
    "forkFrom": "-",
    "isSpam": 0,
    "version": 1,
    "parentVersion": -1,
    "echartsVersion": "4.4.0",
    "versionCreateTime": "2019-11-21T05:24:45.000Z",
    "html": "",
    "externalScripts": "https://api.map.baidu.com/api?v=3.0&ak=UAumsTfvpKBlNPUd9e5PvAEnR0YGNllO,https://echarts.baidu.com/resource/echarts-gl-latest/dist/echarts-gl.min.js,/dep/echarts/latest/extension/bmap.min.js",
    "updaterUID": "bd-3182588218",
    "theme": "",
    "layout": "",
    "viewCount": 254,
    "userName": "飞***燕",
    "commentCount": 0,
    "starCount": 5,
    "isStared": 0,
    "thumbnailURL": "https://www.makeapie.com/ecg-storage/ec_gallery_thumbnail/xw76Apmce.png?v=1574313887619",
    "isCustomThumbnail": 1,
    "builtinTags": [
        "category-work"
    ],
    "customTags": [],
    "updaterUserName": "飞***燕"
}