{
    "cid": "xxlgNJ6Ye",
    "authorUid": "bd-2920278125",
    "authorUserName": "f***0",
    "title": "重庆市地图",
    "description": "第一次画Echarts，借鉴了很多已有的资源，最终成果如下，望大家不吝指导。",
    "latestVersion": 3,
    "alwaysLatest": 1,
    "createTime": "2019-11-22T07:54:58.000Z",
    "lastUpdateTime": "2019-11-22T07:54:58.000Z",
    "auth": 1,
    "uid": "bd-2920278125",
    "publishedVersion": 0,
    "forkFrom": "-",
    "isSpam": 0,
    "version": 3,
    "parentVersion": 2,
    "echartsVersion": "4.4.0",
    "versionCreateTime": "2019-11-25T09:14:10.000Z",
    "html": "",
    "externalScripts": "",
    "updaterUID": "bd-2920278125",
    "theme": "",
    "layout": "",
    "viewCount": 406,
    "userName": "f***0",
    "commentCount": 0,
    "starCount": 3,
    "isStared": 0,
    "thumbnailURL": "https://www.makeapie.com/ecg-storage/ec_gallery_thumbnail/xxlgNJ6Ye.png?v=1574673250437",
    "isCustomThumbnail": 0,
    "builtinTags": [
        "category-work",
        "grid",
        "series-bar",
        "series-map",
        "title",
        "toolbox",
        "visualMap"
    ],
    "customTags": [],
    "updaterUserName": "f***0"
}