{
    "cid": "xztlXNu7i",
    "authorUid": "bd-1841183165",
    "authorUserName": "o***趣",
    "title": "饼图",
    "description": "",
    "latestVersion": 9,
    "alwaysLatest": 1,
    "createTime": "2019-11-20T03:43:35.000Z",
    "lastUpdateTime": "2019-11-20T03:43:35.000Z",
    "auth": 2,
    "uid": "bd-1841183165",
    "publishedVersion": 0,
    "forkFrom": "-",
    "isSpam": 0,
    "version": 9,
    "parentVersion": 8,
    "echartsVersion": "4.4.0",
    "versionCreateTime": "2019-11-20T09:23:08.000Z",
    "html": "",
    "externalScripts": "",
    "updaterUID": "bd-1841183165",
    "theme": "",
    "layout": "",
    "viewCount": 113,
    "userName": "o***趣",
    "commentCount": 0,
    "starCount": 2,
    "isStared": 0,
    "thumbnailURL": "https://www.makeapie.com/ecg-storage/ec_gallery_thumbnail/xztlXNu7i.png?v=1574241788511",
    "isCustomThumbnail": 0,
    "builtinTags": [
        "category-work",
        "series-pie",
        "title",
        "tooltip"
    ],
    "customTags": [],
    "updaterUserName": "o***趣"
}