{
    "cid": "x3Zv9aoXdP",
    "authorUid": "obd-oAFgu3CraL6PyY6kdTw4EbIUeCSvl7M",
    "authorUserName": "l***i",
    "title": "北美洲1980-1990",
    "description": "",
    "latestVersion": 2,
    "alwaysLatest": 0,
    "createTime": "2021-11-25T07:48:48.000Z",
    "lastUpdateTime": "2021-11-25T08:19:26.000Z",
    "auth": 2,
    "uid": "obd-oAFgu3CraL6PyY6kdTw4EbIUeCSvl7M",
    "publishedVersion": 0,
    "forkFrom": "-",
    "isSpam": 0,
    "version": 2,
    "parentVersion": 1,
    "echartsVersion": "5.2.2",
    "versionCreateTime": "2021-11-25T08:19:26.000Z",
    "html": "",
    "externalScripts": "",
    "updaterUID": "obd-oAFgu3CraL6PyY6kdTw4EbIUeCSvl7M",
    "theme": "",
    "layout": "",
    "viewCount": 0,
    "userName": "l***i",
    "commentCount": 0,
    "starCount": 0,
    "isStared": 0,
    "thumbnailURL": "https://www.makeapie.com/ecg-storage/ec_gallery_thumbnail/x3Zv9aoXdP.png?v=1637828366887",
    "isCustomThumbnail": 0,
    "builtinTags": [
        "category-work",
        "series-graph"
    ],
    "customTags": [],
    "updaterUserName": "l***i"
}