{
    "cid": "xag1bjiCLk",
    "authorUid": "obd-ojL2FfMPRuG2PCsEggz89Z7-aU92VEt",
    "authorUserName": "t***8",
    "title": "饼干timi-饼图",
    "description": "饼图",
    "latestVersion": 1,
    "alwaysLatest": 0,
    "createTime": "2021-11-25T07:03:04.000Z",
    "lastUpdateTime": "2021-11-25T07:03:04.000Z",
    "auth": 2,
    "uid": "obd-ojL2FfMPRuG2PCsEggz89Z7-aU92VEt",
    "publishedVersion": 0,
    "forkFrom": "-",
    "isSpam": 0,
    "version": 1,
    "parentVersion": -1,
    "echartsVersion": "5.2.2",
    "versionCreateTime": "2021-11-25T07:03:04.000Z",
    "html": "",
    "externalScripts": "",
    "updaterUID": "obd-ojL2FfMPRuG2PCsEggz89Z7-aU92VEt",
    "theme": "",
    "layout": "",
    "viewCount": 0,
    "userName": "t***8",
    "commentCount": 0,
    "starCount": 5,
    "isStared": 0,
    "thumbnailURL": "https://www.makeapie.com/ecg-storage/ec_gallery_thumbnail/xag1bjiCLk.png?v=1637823785102",
    "isCustomThumbnail": 0,
    "builtinTags": [
        "category-work",
        "polar",
        "series-bar",
        "series-gauge",
        "series-pie",
        "title"
    ],
    "customTags": [],
    "updaterUserName": "t***8"
}