{
    "cid": "xhZN2wiBuJ",
    "authorUid": "obd-oAFgu3CraL6PyY6kdTw4EbIUeCSvl7M",
    "authorUserName": "l***i",
    "title": "欧洲 2010-2020 灾害关系图",
    "description": "",
    "latestVersion": 1,
    "alwaysLatest": 0,
    "createTime": "2021-11-25T08:37:43.000Z",
    "lastUpdateTime": "2021-11-25T08:37:43.000Z",
    "auth": 2,
    "uid": "obd-oAFgu3CraL6PyY6kdTw4EbIUeCSvl7M",
    "publishedVersion": 0,
    "forkFrom": "-",
    "isSpam": 0,
    "version": 1,
    "parentVersion": -1,
    "echartsVersion": "5.2.2",
    "versionCreateTime": "2021-11-25T08:37:43.000Z",
    "html": "",
    "externalScripts": "",
    "updaterUID": "obd-oAFgu3CraL6PyY6kdTw4EbIUeCSvl7M",
    "theme": "",
    "layout": "",
    "viewCount": 0,
    "userName": "l***i",
    "commentCount": 0,
    "starCount": 0,
    "isStared": 0,
    "thumbnailURL": "https://www.makeapie.com/ecg-storage/ec_gallery_thumbnail/xhZN2wiBuJ.png?v=1637829463934",
    "isCustomThumbnail": 0,
    "builtinTags": [
        "category-work",
        "series-graph"
    ],
    "customTags": [],
    "updaterUserName": "l***i"
}