{
    "cid": "xiZoVciVea",
    "authorUid": "obd-o2VdGe5NpwwQ1Jwos0ALsTGV0iH-ABt",
    "authorUserName": "颖***哥",
    "title": "自用",
    "description": "",
    "latestVersion": 1,
    "alwaysLatest": 0,
    "createTime": "2021-11-25T10:07:05.000Z",
    "lastUpdateTime": "2021-11-25T10:07:05.000Z",
    "auth": 2,
    "uid": "obd-o2VdGe5NpwwQ1Jwos0ALsTGV0iH-ABt",
    "publishedVersion": 0,
    "forkFrom": "-",
    "isSpam": 0,
    "version": 1,
    "parentVersion": -1,
    "echartsVersion": "5.2.2",
    "versionCreateTime": "2021-11-25T10:07:05.000Z",
    "html": "",
    "externalScripts": "",
    "updaterUID": "obd-o2VdGe5NpwwQ1Jwos0ALsTGV0iH-ABt",
    "theme": "",
    "layout": "",
    "viewCount": 0,
    "userName": "颖***哥",
    "commentCount": 0,
    "starCount": 3,
    "isStared": 0,
    "thumbnailURL": "https://www.makeapie.com/ecg-storage/ec_gallery_thumbnail/xiZoVciVea.png?v=1637834825482",
    "isCustomThumbnail": 0,
    "builtinTags": [
        "category-work",
        "grid",
        "legend",
        "markLine",
        "series-line",
        "title",
        "tooltip"
    ],
    "customTags": [],
    "updaterUserName": "颖***哥"
}