{
    "cid": "xKeZXr7nGX",
    "authorUid": "obd-oAFgu3CraL6PyY6kdTw4EbIUeCSvl7M",
    "authorUserName": "l***i",
    "title": "北美洲1990-2000灾害关系图",
    "description": "",
    "latestVersion": 4,
    "alwaysLatest": 0,
    "createTime": "2021-11-25T07:50:10.000Z",
    "lastUpdateTime": "2021-11-25T08:18:27.000Z",
    "auth": 2,
    "uid": "obd-oAFgu3CraL6PyY6kdTw4EbIUeCSvl7M",
    "publishedVersion": 0,
    "forkFrom": "-",
    "isSpam": 0,
    "version": 4,
    "parentVersion": 3,
    "echartsVersion": "5.2.2",
    "versionCreateTime": "2021-11-25T08:18:27.000Z",
    "html": "",
    "externalScripts": "",
    "updaterUID": "obd-oAFgu3CraL6PyY6kdTw4EbIUeCSvl7M",
    "theme": "",
    "layout": "",
    "viewCount": 0,
    "userName": "l***i",
    "commentCount": 0,
    "starCount": 0,
    "isStared": 0,
    "thumbnailURL": "https://www.makeapie.com/ecg-storage/ec_gallery_thumbnail/xKeZXr7nGX.png?v=1637828307181",
    "isCustomThumbnail": 0,
    "builtinTags": [
        "category-work",
        "series-graph"
    ],
    "customTags": [],
    "updaterUserName": "l***i"
}