{
    "cid": "xMeUI3uC5m",
    "authorUid": "obd-ol9pE2sCHjs5tGi3U2Vn24_hawPDV0q",
    "authorUserName": "锦***l",
    "title": "雷达图",
    "description": "",
    "latestVersion": 1,
    "alwaysLatest": 0,
    "createTime": "2021-11-26T02:27:54.000Z",
    "lastUpdateTime": "2021-11-26T02:27:54.000Z",
    "auth": 2,
    "uid": "obd-ol9pE2sCHjs5tGi3U2Vn24_hawPDV0q",
    "publishedVersion": 0,
    "forkFrom": "-",
    "isSpam": 0,
    "version": 1,
    "parentVersion": -1,
    "echartsVersion": "5.2.2",
    "versionCreateTime": "2021-11-26T02:27:54.000Z",
    "html": "",
    "externalScripts": "",
    "updaterUID": "obd-ol9pE2sCHjs5tGi3U2Vn24_hawPDV0q",
    "theme": "",
    "layout": "",
    "viewCount": 0,
    "userName": "锦***l",
    "commentCount": 0,
    "starCount": 0,
    "isStared": 0,
    "thumbnailURL": "https://www.makeapie.com/ecg-storage/ec_gallery_thumbnail/xMeUI3uC5m.png?v=1637893675029",
    "isCustomThumbnail": 0,
    "builtinTags": [
        "category-work",
        "legend",
        "polar",
        "radar",
        "series-radar",
        "title",
        "tooltip"
    ],
    "customTags": [],
    "updaterUserName": "锦***l"
}