{
    "cid": "xPtYXLKhXq",
    "authorUid": "obd-o-peRIsrfTkhfWETgbWKBKqpsyz8AAl",
    "authorUserName": "皮***说",
    "title": "条形图",
    "description": "我菜菜不菜菜",
    "latestVersion": 1,
    "alwaysLatest": 0,
    "createTime": "2021-11-25T05:44:30.000Z",
    "lastUpdateTime": "2021-11-25T05:44:30.000Z",
    "auth": 2,
    "uid": "obd-o-peRIsrfTkhfWETgbWKBKqpsyz8AAl",
    "publishedVersion": 0,
    "forkFrom": "-",
    "isSpam": 0,
    "version": 1,
    "parentVersion": -1,
    "echartsVersion": "5.2.2",
    "versionCreateTime": "2021-11-25T05:44:30.000Z",
    "html": "",
    "externalScripts": "",
    "updaterUID": "obd-o-peRIsrfTkhfWETgbWKBKqpsyz8AAl",
    "theme": "",
    "layout": "",
    "viewCount": 0,
    "userName": "皮***说",
    "commentCount": 0,
    "starCount": 1,
    "isStared": 0,
    "thumbnailURL": "https://www.makeapie.com/ecg-storage/ec_gallery_thumbnail/xPtYXLKhXq.png?v=1637819070193",
    "isCustomThumbnail": 0,
    "builtinTags": [
        "category-work",
        "grid",
        "series-bar",
        "tooltip"
    ],
    "customTags": [],
    "updaterUserName": "皮***说"
}