{
    "cid": "xpuLDJJbgq",
    "authorUid": "obd-o-pzU7YGAbcAnpvDoPr4mj_GylZF3AP",
    "authorUserName": "一***我",
    "title": "折线图",
    "description": "",
    "latestVersion": 1,
    "alwaysLatest": 0,
    "createTime": "2021-11-25T06:34:56.000Z",
    "lastUpdateTime": "2021-11-25T06:34:56.000Z",
    "auth": 1,
    "uid": "obd-o-pzU7YGAbcAnpvDoPr4mj_GylZF3AP",
    "publishedVersion": 0,
    "forkFrom": "-",
    "isSpam": 0,
    "version": 1,
    "parentVersion": -1,
    "echartsVersion": "5.2.2",
    "versionCreateTime": "2021-11-25T06:34:56.000Z",
    "html": "",
    "externalScripts": "",
    "updaterUID": "obd-o-pzU7YGAbcAnpvDoPr4mj_GylZF3AP",
    "theme": "",
    "layout": "",
    "viewCount": 0,
    "userName": "一***我",
    "commentCount": 0,
    "starCount": 0,
    "isStared": 0,
    "thumbnailURL": "https://www.makeapie.com/ecg-storage/ec_gallery_thumbnail/xpuLDJJbgq.png?v=1637822097000",
    "isCustomThumbnail": 0,
    "builtinTags": [
        "category-work",
        "grid",
        "legend",
        "series-line"
    ],
    "customTags": [],
    "updaterUserName": "一***我"
}