{
    "cid": "xV8kC0o1xC",
    "authorUid": "obd-oNj2zvJFkuHMgFWUoXv43O1sHezoVCz",
    "authorUserName": "t***e",
    "title": "可拖拽的流程图/树形图",
    "description": "使用的是echarts/chart/graph的拖拽功能",
    "latestVersion": 2,
    "alwaysLatest": 1,
    "createTime": "2021-11-25T08:35:25.000Z",
    "lastUpdateTime": "2021-11-26T06:21:48.000Z",
    "auth": 2,
    "uid": "obd-oNj2zvJFkuHMgFWUoXv43O1sHezoVCz",
    "publishedVersion": 0,
    "forkFrom": "-",
    "isSpam": 0,
    "version": 2,
    "parentVersion": 1,
    "echartsVersion": "4.8.0",
    "versionCreateTime": "2021-11-26T06:21:48.000Z",
    "html": "",
    "externalScripts": "",
    "updaterUID": "obd-oNj2zvJFkuHMgFWUoXv43O1sHezoVCz",
    "theme": "",
    "layout": "",
    "viewCount": 0,
    "userName": "t***e",
    "commentCount": 0,
    "starCount": 1,
    "isStared": 0,
    "thumbnailURL": "https://www.makeapie.com/ecg-storage/ec_gallery_thumbnail/xV8kC0o1xC.png?v=1637907708300",
    "isCustomThumbnail": 0,
    "builtinTags": [
        "category-work",
        "legend",
        "series-graph"
    ],
    "customTags": [],
    "updaterUserName": "t***e"
}