{
    "cid": "xvONaCqMri",
    "authorUid": "obd-o2PLaeE_ayglzhN9wQuWR_uH7nH-a6Q",
    "authorUserName": "咘***乖",
    "title": "双饼图",
    "description": "",
    "latestVersion": 2,
    "alwaysLatest": 0,
    "createTime": "2021-11-26T02:43:46.000Z",
    "lastUpdateTime": "2021-12-08T03:58:54.000Z",
    "auth": 2,
    "uid": "obd-o2PLaeE_ayglzhN9wQuWR_uH7nH-a6Q",
    "publishedVersion": 0,
    "forkFrom": "-",
    "isSpam": 0,
    "version": 2,
    "parentVersion": 1,
    "echartsVersion": "5.2.2",
    "versionCreateTime": "2021-12-08T03:58:54.000Z",
    "html": "",
    "externalScripts": "",
    "updaterUID": "obd-o2PLaeE_ayglzhN9wQuWR_uH7nH-a6Q",
    "theme": "",
    "layout": "",
    "viewCount": 0,
    "userName": "咘***乖",
    "commentCount": 0,
    "starCount": 1,
    "isStared": 0,
    "thumbnailURL": "https://www.makeapie.com/ecg-storage/ec_gallery_thumbnail/xvONaCqMri.png?v=1638935934859",
    "isCustomThumbnail": 0,
    "builtinTags": [
        "category-work",
        "series-pie"
    ],
    "customTags": [],
    "updaterUserName": "咘***乖"
}