{
    "cid": "xYUrh3sgHgT",
    "authorUid": "obd-oDLQXfFFCgW_0Mle9oMj3aSu038zf15",
    "authorUserName": "0***3",
    "title": "发光背景地图重叠",
    "description": "发光背景，解决地图不重叠问题",
    "latestVersion": 1,
    "alwaysLatest": 0,
    "createTime": "2021-11-25T08:37:48.000Z",
    "lastUpdateTime": "2021-11-25T08:37:48.000Z",
    "auth": 2,
    "uid": "obd-oDLQXfFFCgW_0Mle9oMj3aSu038zf15",
    "publishedVersion": 0,
    "forkFrom": "-",
    "isSpam": 0,
    "version": 1,
    "parentVersion": -1,
    "echartsVersion": "5.2.2",
    "versionCreateTime": "2021-11-25T08:37:49.000Z",
    "html": "",
    "externalScripts": "",
    "updaterUID": "obd-oDLQXfFFCgW_0Mle9oMj3aSu038zf15",
    "theme": "",
    "layout": "",
    "viewCount": 0,
    "userName": "0***3",
    "commentCount": 0,
    "starCount": 2,
    "isStared": 0,
    "thumbnailURL": "https://www.makeapie.com/ecg-storage/ec_gallery_thumbnail/xYUrh3sgHgT.png?v=1637829469736",
    "isCustomThumbnail": 0,
    "builtinTags": [
        "category-work",
        "series-map",
        "tooltip"
    ],
    "customTags": [],
    "updaterUserName": "0***3"
}