{
    "cid": "x2AKgQOxLi",
    "authorUid": "obd-ojMkZGEqVjS64-BuneeMmDhNFy71-Ea",
    "authorUserName": "辰***g",
    "title": "散点图-象限区域",
    "description": "散点图-象限区域",
    "latestVersion": 37,
    "alwaysLatest": 0,
    "createTime": "2021-11-16T08:23:16.000Z",
    "lastUpdateTime": "2021-11-23T02:44:06.000Z",
    "auth": 2,
    "uid": "obd-ojMkZGEqVjS64-BuneeMmDhNFy71-Ea",
    "publishedVersion": 0,
    "forkFrom": "-",
    "isSpam": 0,
    "version": 37,
    "parentVersion": 36,
    "echartsVersion": "5.2.2",
    "versionCreateTime": "2021-11-23T02:44:06.000Z",
    "html": "",
    "externalScripts": "",
    "updaterUID": "obd-ojMkZGEqVjS64-BuneeMmDhNFy71-Ea",
    "theme": "",
    "layout": "",
    "viewCount": 0,
    "userName": "辰***g",
    "commentCount": 0,
    "starCount": 0,
    "isStared": 0,
    "thumbnailURL": "https://www.makeapie.com/ecg-storage/ec_gallery_thumbnail/x2AKgQOxLi.png?v=1637635446390",
    "isCustomThumbnail": 0,
    "builtinTags": [
        "category-work",
        "grid",
        "markArea",
        "markLine",
        "markPoint",
        "series-scatter",
        "tooltip"
    ],
    "customTags": [],
    "updaterUserName": "辰***g"
}