{
    "cid": "x6rX5PbIsx",
    "authorUid": "obd-oPbySUqxQ2a1W30cGXoShZie1sT7B99",
    "authorUserName": "181*****670",
    "title": "渐变饼图",
    "description": "",
    "latestVersion": 2,
    "alwaysLatest": 1,
    "createTime": "2021-11-16T05:35:51.000Z",
    "lastUpdateTime": "2021-11-16T05:37:00.000Z",
    "auth": 1,
    "uid": "obd-oPbySUqxQ2a1W30cGXoShZie1sT7B99",
    "publishedVersion": 0,
    "forkFrom": "-",
    "isSpam": 0,
    "version": 2,
    "parentVersion": 1,
    "echartsVersion": "5.2.2",
    "versionCreateTime": "2021-11-16T05:37:00.000Z",
    "html": "",
    "externalScripts": "",
    "updaterUID": "obd-oPbySUqxQ2a1W30cGXoShZie1sT7B99",
    "theme": "",
    "layout": "",
    "viewCount": 0,
    "userName": "181*****670",
    "commentCount": 0,
    "starCount": 0,
    "isStared": 0,
    "thumbnailURL": "https://www.makeapie.com/ecg-storage/ec_gallery_thumbnail/x6rX5PbIsx.png?v=1637041020754",
    "isCustomThumbnail": 0,
    "builtinTags": [
        "category-work",
        "legend",
        "series-pie",
        "tooltip"
    ],
    "customTags": [],
    "updaterUserName": "181*****670"
}