{
    "cid": "xCao3S_lRs",
    "authorUid": "bd-315078094",
    "authorUserName": "g***5",
    "title": "穷哈哈",
    "description": "",
    "latestVersion": 1,
    "alwaysLatest": 0,
    "createTime": "2021-11-17T01:26:47.000Z",
    "lastUpdateTime": "2021-11-17T01:26:47.000Z",
    "auth": 2,
    "uid": "bd-315078094",
    "publishedVersion": 0,
    "forkFrom": "-",
    "isSpam": 0,
    "version": 1,
    "parentVersion": -1,
    "echartsVersion": "5.2.2",
    "versionCreateTime": "2021-11-17T01:26:47.000Z",
    "html": "",
    "externalScripts": "",
    "updaterUID": "bd-315078094",
    "theme": "",
    "layout": "",
    "viewCount": 0,
    "userName": "g***5",
    "commentCount": 0,
    "starCount": 2,
    "isStared": 0,
    "thumbnailURL": "https://www.makeapie.com/ecg-storage/ec_gallery_thumbnail/xCao3S_lRs.png?v=1637112407539",
    "isCustomThumbnail": 0,
    "builtinTags": [
        "category-work",
        "legend",
        "series-pie",
        "tooltip"
    ],
    "customTags": [],
    "updaterUserName": "g***5"
}