{
    "cid": "xcBsFjbRk6",
    "authorUid": "bd-302329192",
    "authorUserName": "k***e",
    "title": "热力图",
    "description": "",
    "latestVersion": 3,
    "alwaysLatest": 0,
    "createTime": "2021-11-15T10:00:39.000Z",
    "lastUpdateTime": "2021-11-16T07:39:13.000Z",
    "auth": 2,
    "uid": "bd-302329192",
    "publishedVersion": 0,
    "forkFrom": "-",
    "isSpam": 0,
    "version": 3,
    "parentVersion": 2,
    "echartsVersion": "5.2.2",
    "versionCreateTime": "2021-11-16T07:39:13.000Z",
    "html": "",
    "externalScripts": "",
    "updaterUID": "bd-302329192",
    "theme": "",
    "layout": "",
    "viewCount": 0,
    "userName": "k***e",
    "commentCount": 0,
    "starCount": 0,
    "isStared": 0,
    "thumbnailURL": "https://www.makeapie.com/ecg-storage/ec_gallery_thumbnail/xcBsFjbRk6.png?v=1637048353367",
    "isCustomThumbnail": 0,
    "builtinTags": [
        "category-work",
        "grid",
        "series-heatmap",
        "tooltip",
        "visualMap"
    ],
    "customTags": [],
    "updaterUserName": "k***e"
}