{
    "cid": "xesDvN0x4-",
    "authorUid": "obd-oM38P8L4n0oSkGrexR2d-mkXo_rEm27",
    "authorUserName": "疯***1",
    "title": "三个原型互相连接",
    "description": "",
    "latestVersion": 1,
    "alwaysLatest": 0,
    "createTime": "2021-11-16T11:09:05.000Z",
    "lastUpdateTime": "2021-11-16T11:09:05.000Z",
    "auth": 2,
    "uid": "obd-oM38P8L4n0oSkGrexR2d-mkXo_rEm27",
    "publishedVersion": 0,
    "forkFrom": "-",
    "isSpam": 0,
    "version": 1,
    "parentVersion": -1,
    "echartsVersion": "5.2.2",
    "versionCreateTime": "2021-11-16T11:09:05.000Z",
    "html": "",
    "externalScripts": "",
    "updaterUID": "obd-oM38P8L4n0oSkGrexR2d-mkXo_rEm27",
    "theme": "",
    "layout": "",
    "viewCount": 0,
    "userName": "疯***1",
    "commentCount": 0,
    "starCount": 0,
    "isStared": 0,
    "thumbnailURL": "https://www.makeapie.com/ecg-storage/ec_gallery_thumbnail/xesDvN0x4-.png?v=1637060945750",
    "isCustomThumbnail": 0,
    "builtinTags": [
        "category-work",
        "grid",
        "series-graph",
        "series-lines",
        "tooltip"
    ],
    "customTags": [],
    "updaterUserName": "疯***1"
}