{
    "cid": "xHGTzDqbS4",
    "authorUid": "obd-olwlsVCYckha7MVoh8piQxHogxyTy0l",
    "authorUserName": "R***3",
    "title": "Awesome Chart",
    "description": "",
    "latestVersion": 1,
    "alwaysLatest": 0,
    "createTime": "2021-11-16T07:06:30.000Z",
    "lastUpdateTime": "2021-11-16T07:06:30.000Z",
    "auth": 1,
    "uid": "obd-olwlsVCYckha7MVoh8piQxHogxyTy0l",
    "publishedVersion": 0,
    "forkFrom": "-",
    "isSpam": 0,
    "version": 1,
    "parentVersion": -1,
    "echartsVersion": "5.2.2",
    "versionCreateTime": "2021-11-16T07:06:30.000Z",
    "html": "",
    "externalScripts": "https://baidu.com/",
    "updaterUID": "obd-olwlsVCYckha7MVoh8piQxHogxyTy0l",
    "theme": "",
    "layout": "",
    "viewCount": 0,
    "userName": "R***3",
    "commentCount": 0,
    "starCount": 0,
    "isStared": 0,
    "thumbnailURL": "https://www.makeapie.com/ecg-storage/ec_gallery_thumbnail/xHGTzDqbS4.png?v=1637046392939",
    "isCustomThumbnail": 1,
    "builtinTags": [
        "category-work",
        "grid",
        "series-bar",
        "title"
    ],
    "customTags": [],
    "updaterUserName": "R***3"
}