{
    "cid": "xMJ9Nw-BPA",
    "authorUid": "obd-olklQJ5sjZKwPYyZ-aqnIwaQIE1sk0O",
    "authorUserName": "j***e",
    "title": "信用指数",
    "description": "",
    "latestVersion": 1,
    "alwaysLatest": 0,
    "createTime": "2021-11-17T03:19:28.000Z",
    "lastUpdateTime": "2021-11-17T03:19:28.000Z",
    "auth": 2,
    "uid": "obd-olklQJ5sjZKwPYyZ-aqnIwaQIE1sk0O",
    "publishedVersion": 0,
    "forkFrom": "-",
    "isSpam": 0,
    "version": 1,
    "parentVersion": -1,
    "echartsVersion": "5.2.2",
    "versionCreateTime": "2021-11-17T03:19:28.000Z",
    "html": "",
    "externalScripts": "",
    "updaterUID": "obd-olklQJ5sjZKwPYyZ-aqnIwaQIE1sk0O",
    "theme": "",
    "layout": "",
    "viewCount": 0,
    "userName": "j***e",
    "commentCount": 0,
    "starCount": 0,
    "isStared": 0,
    "thumbnailURL": "https://www.makeapie.com/ecg-storage/ec_gallery_thumbnail/xMJ9Nw-BPA.png?v=1637119169063",
    "isCustomThumbnail": 0,
    "builtinTags": [
        "category-work",
        "series-pie",
        "title"
    ],
    "customTags": [],
    "updaterUserName": "j***e"
}