{
    "cid": "xMxW6-OxqW",
    "authorUid": "obd-olkpp4BeEEzeUnDBghlOlkzU-0rck0O",
    "authorUserName": "y***y",
    "title": "双y轴（bar  line）",
    "description": "",
    "latestVersion": 1,
    "alwaysLatest": 0,
    "createTime": "2021-11-16T10:22:56.000Z",
    "lastUpdateTime": "2021-11-16T10:22:56.000Z",
    "auth": 2,
    "uid": "obd-olkpp4BeEEzeUnDBghlOlkzU-0rck0O",
    "publishedVersion": 0,
    "forkFrom": "-",
    "isSpam": 0,
    "version": 1,
    "parentVersion": -1,
    "echartsVersion": "5.2.2",
    "versionCreateTime": "2021-11-16T10:22:56.000Z",
    "html": "",
    "externalScripts": "",
    "updaterUID": "obd-olkpp4BeEEzeUnDBghlOlkzU-0rck0O",
    "theme": "",
    "layout": "",
    "viewCount": 0,
    "userName": "y***y",
    "commentCount": 0,
    "starCount": 1,
    "isStared": 0,
    "thumbnailURL": "https://www.makeapie.com/ecg-storage/ec_gallery_thumbnail/xMxW6-OxqW.png?v=1637058176390",
    "isCustomThumbnail": 0,
    "builtinTags": [
        "category-work",
        "grid",
        "legend",
        "series-bar",
        "tooltip"
    ],
    "customTags": [],
    "updaterUserName": "y***y"
}