{
    "cid": "xpLyweNWHF",
    "authorUid": "obd-oE7wt-Hr7H0YYXr40UXym0LkgX6bL4H",
    "authorUserName": "183*****210",
    "title": "类目轴分组",
    "description": "",
    "latestVersion": 1,
    "alwaysLatest": 0,
    "createTime": "2021-11-15T10:48:15.000Z",
    "lastUpdateTime": "2021-11-15T10:48:15.000Z",
    "auth": 2,
    "uid": "obd-oE7wt-Hr7H0YYXr40UXym0LkgX6bL4H",
    "publishedVersion": 0,
    "forkFrom": "-",
    "isSpam": 0,
    "version": 1,
    "parentVersion": -1,
    "echartsVersion": "5.2.2",
    "versionCreateTime": "2021-11-15T10:48:15.000Z",
    "html": "",
    "externalScripts": "",
    "updaterUID": "obd-oE7wt-Hr7H0YYXr40UXym0LkgX6bL4H",
    "theme": "",
    "layout": "",
    "viewCount": 0,
    "userName": "183*****210",
    "commentCount": 0,
    "starCount": 0,
    "isStared": 0,
    "thumbnailURL": "https://www.makeapie.com/ecg-storage/ec_gallery_thumbnail/xpLyweNWHF.png?v=1636973296084",
    "isCustomThumbnail": 0,
    "builtinTags": [
        "category-work",
        "dataset",
        "grid",
        "legend",
        "series-bar",
        "tooltip"
    ],
    "customTags": [],
    "updaterUserName": "183*****210"
}