{
    "cid": "xQ5wa_JS-9",
    "authorUid": "obd-o0hqo6Wpv0qL_hPakzZ3URU7ZN3TFFF",
    "authorUserName": "c***n",
    "title": "玫瑰图",
    "description": "",
    "latestVersion": 4,
    "alwaysLatest": 0,
    "createTime": "2021-11-16T09:32:45.000Z",
    "lastUpdateTime": "2021-11-17T06:34:10.000Z",
    "auth": 2,
    "uid": "obd-o0hqo6Wpv0qL_hPakzZ3URU7ZN3TFFF",
    "publishedVersion": 0,
    "forkFrom": "-",
    "isSpam": 0,
    "version": 4,
    "parentVersion": 3,
    "echartsVersion": "5.2.2",
    "versionCreateTime": "2021-11-17T06:34:10.000Z",
    "html": "",
    "externalScripts": "",
    "updaterUID": "obd-o0hqo6Wpv0qL_hPakzZ3URU7ZN3TFFF",
    "theme": "",
    "layout": "",
    "viewCount": 0,
    "userName": "c***n",
    "commentCount": 0,
    "starCount": 1,
    "isStared": 0,
    "thumbnailURL": "https://www.makeapie.com/ecg-storage/ec_gallery_thumbnail/xQ5wa_JS-9.png?v=1637130851118",
    "isCustomThumbnail": 0,
    "builtinTags": [
        "category-work",
        "legend",
        "series-pie",
        "toolbox"
    ],
    "customTags": [],
    "updaterUserName": "c***n"
}