{
    "cid": "xuBKUghFKn",
    "authorUid": "obd-otRkkSG5cnf3OMbAHwrqxmiDlatoO8M",
    "authorUserName": "奔***弟",
    "title": "",
    "description": "",
    "latestVersion": 1,
    "alwaysLatest": 0,
    "createTime": "2021-11-16T08:26:02.000Z",
    "lastUpdateTime": "2021-11-16T08:26:02.000Z",
    "auth": 2,
    "uid": "obd-otRkkSG5cnf3OMbAHwrqxmiDlatoO8M",
    "publishedVersion": 0,
    "forkFrom": "-",
    "isSpam": 0,
    "version": 1,
    "parentVersion": -1,
    "echartsVersion": "5.2.2",
    "versionCreateTime": "2021-11-16T08:26:02.000Z",
    "html": "",
    "externalScripts": "",
    "updaterUID": "obd-otRkkSG5cnf3OMbAHwrqxmiDlatoO8M",
    "theme": "",
    "layout": "",
    "viewCount": 0,
    "userName": "奔***弟",
    "commentCount": 0,
    "starCount": 2,
    "isStared": 0,
    "thumbnailURL": "https://www.makeapie.com/ecg-storage/ec_gallery_thumbnail/xuBKUghFKn.png?v=1637051162844",
    "isCustomThumbnail": 0,
    "builtinTags": [
        "category-work",
        "graphic",
        "series-pie"
    ],
    "customTags": [],
    "updaterUserName": "奔***弟"
}