{
    "cid": "xuckfbtl3B",
    "authorUid": "obd-oPm-gybPJuovGMpO1dqZsKOEEttZd9p",
    "authorUserName": "胖***6",
    "title": "2/3饼图",
    "description": "",
    "latestVersion": 2,
    "alwaysLatest": 0,
    "createTime": "2021-11-16T09:30:27.000Z",
    "lastUpdateTime": "2021-11-22T08:47:41.000Z",
    "auth": 1,
    "uid": "obd-oPm-gybPJuovGMpO1dqZsKOEEttZd9p",
    "publishedVersion": 0,
    "forkFrom": "-",
    "isSpam": 0,
    "version": 2,
    "parentVersion": 1,
    "echartsVersion": "5.2.2",
    "versionCreateTime": "2021-11-22T08:47:41.000Z",
    "html": "",
    "externalScripts": "",
    "updaterUID": "obd-oPm-gybPJuovGMpO1dqZsKOEEttZd9p",
    "theme": "",
    "layout": "",
    "viewCount": 0,
    "userName": "胖***6",
    "commentCount": 0,
    "starCount": 0,
    "isStared": 0,
    "thumbnailURL": "https://www.makeapie.com/ecg-storage/ec_gallery_thumbnail/xuckfbtl3B.png?v=1637570862048",
    "isCustomThumbnail": 0,
    "builtinTags": [
        "category-work",
        "graphic",
        "legend",
        "series-pie",
        "toolbox",
        "tooltip"
    ],
    "customTags": [
        "饼图"
    ],
    "updaterUserName": "胖***6"
}