{
    "cid": "xWtoEix6P0",
    "authorUid": "bd-2248245480",
    "authorUserName": "x***8",
    "title": "抛物线",
    "description": "",
    "latestVersion": 5,
    "alwaysLatest": 0,
    "createTime": "2021-11-16T02:49:25.000Z",
    "lastUpdateTime": "2021-11-26T10:12:40.000Z",
    "auth": 2,
    "uid": "bd-2248245480",
    "publishedVersion": 0,
    "forkFrom": "-",
    "isSpam": 0,
    "version": 5,
    "parentVersion": 4,
    "echartsVersion": "5.2.2",
    "versionCreateTime": "2021-11-26T10:12:40.000Z",
    "html": "",
    "externalScripts": "",
    "updaterUID": "bd-2248245480",
    "theme": "",
    "layout": "",
    "viewCount": 0,
    "userName": "x***8",
    "commentCount": 0,
    "starCount": 0,
    "isStared": 0,
    "thumbnailURL": "https://www.makeapie.com/ecg-storage/ec_gallery_thumbnail/xWtoEix6P0.png?v=1637921560650",
    "isCustomThumbnail": 0,
    "builtinTags": [
        "category-work",
        "grid",
        "series-line",
        "title"
    ],
    "customTags": [],
    "updaterUserName": "x***8"
}