{
    "cid": "xYdL7vr7Ff",
    "authorUid": "bd-1464931953",
    "authorUserName": "承***生",
    "title": "象形柱状图",
    "description": "象形柱状图",
    "latestVersion": 4,
    "alwaysLatest": 0,
    "createTime": "2021-11-16T13:13:47.000Z",
    "lastUpdateTime": "2021-11-17T01:30:35.000Z",
    "auth": 2,
    "uid": "bd-1464931953",
    "publishedVersion": 0,
    "forkFrom": "-",
    "isSpam": 0,
    "version": 4,
    "parentVersion": 3,
    "echartsVersion": "4.7.0",
    "versionCreateTime": "2021-11-17T01:30:35.000Z",
    "html": "",
    "externalScripts": "",
    "updaterUID": "bd-1464931953",
    "theme": "",
    "layout": "",
    "viewCount": 0,
    "userName": "承***生",
    "commentCount": 0,
    "starCount": 1,
    "isStared": 0,
    "thumbnailURL": "https://www.makeapie.com/ecg-storage/ec_gallery_thumbnail/xYdL7vr7Ff.png?v=1637112635833",
    "isCustomThumbnail": 0,
    "builtinTags": [
        "category-work",
        "grid",
        "series-pictorialBar"
    ],
    "customTags": [],
    "updaterUserName": "承***生"
}