{
    "cid": "xzdmx_LkKD",
    "authorUid": "obd-o2Luc7i7zWf9GVS9804GU8ruS6IU5BI",
    "authorUserName": "地***转",
    "title": "订单类型",
    "description": "订单类型",
    "latestVersion": 2,
    "alwaysLatest": 0,
    "createTime": "2021-11-16T03:52:39.000Z",
    "lastUpdateTime": "2021-11-16T03:56:33.000Z",
    "auth": 1,
    "uid": "obd-o2Luc7i7zWf9GVS9804GU8ruS6IU5BI",
    "publishedVersion": 0,
    "forkFrom": "-",
    "isSpam": 0,
    "version": 2,
    "parentVersion": 1,
    "echartsVersion": "5.2.2",
    "versionCreateTime": "2021-11-16T03:56:33.000Z",
    "html": "",
    "externalScripts": "",
    "updaterUID": "obd-o2Luc7i7zWf9GVS9804GU8ruS6IU5BI",
    "theme": "",
    "layout": "",
    "viewCount": 0,
    "userName": "地***转",
    "commentCount": 0,
    "starCount": 1,
    "isStared": 0,
    "thumbnailURL": "https://www.makeapie.com/ecg-storage/ec_gallery_thumbnail/xzdmx_LkKD.png?v=1637034993908",
    "isCustomThumbnail": 0,
    "builtinTags": [
        "category-work",
        "legend",
        "series-pie",
        "title"
    ],
    "customTags": [],
    "updaterUserName": "地***转"
}