{
    "cid": "x-Y-7KhMRc",
    "authorUid": "bd-575684024",
    "authorUserName": "nice比克",
    "title": "甲乙网站每日点击量预测",
    "description": "数据来自nice比克胡编乱造",
    "latestVersion": 1,
    "alwaysLatest": 1,
    "createTime": "2018-10-10T02:39:50.000Z",
    "lastUpdateTime": "2018-10-10T02:39:50.000Z",
    "auth": 1,
    "uid": "bd-575684024",
    "publishedVersion": 0,
    "forkFrom": "-",
    "isSpam": 0,
    "version": 1,
    "parentVersion": -1,
    "echartsVersion": "4.2.0",
    "versionCreateTime": "2018-10-10T02:39:50.000Z",
    "html": "",
    "externalScripts": "",
    "updaterUID": "bd-575684024",
    "theme": "",
    "layout": "",
    "viewCount": 1303,
    "userName": "nice比克",
    "commentCount": 0,
    "starCount": 3,
    "isStared": 0,
    "thumbnailURL": "https://www.makeapie.com/ecg-storage/ec_gallery_thumbnail/x-Y-7KhMRc.png?v=1539139190416",
    "isCustomThumbnail": 0,
    "builtinTags": [
        "category-work",
        "dataZoom",
        "grid",
        "legend",
        "series-line",
        "title",
        "toolbox",
        "tooltip"
    ],
    "customTags": [],
    "updaterUserName": "nice比克"
}