{
    "cid": "xd5bw0wyrD",
    "authorUid": "bd-3559510928",
    "authorUserName": "v***果",
    "title": "xx维护情况分析",
    "description": "",
    "latestVersion": 1,
    "alwaysLatest": 1,
    "createTime": "2018-10-04T02:56:55.000Z",
    "lastUpdateTime": "2018-10-04T02:56:55.000Z",
    "auth": 2,
    "uid": "bd-3559510928",
    "publishedVersion": 0,
    "forkFrom": "-",
    "isSpam": 0,
    "version": 1,
    "parentVersion": -1,
    "echartsVersion": "4.2.0",
    "versionCreateTime": "2018-10-04T02:56:55.000Z",
    "html": "",
    "externalScripts": "",
    "updaterUID": "bd-3559510928",
    "theme": "",
    "layout": "",
    "viewCount": 66,
    "userName": "v***果",
    "commentCount": 0,
    "starCount": 0,
    "isStared": 0,
    "thumbnailURL": "https://www.makeapie.com/ecg-storage/ec_gallery_thumbnail/xd5bw0wyrD.png?v=1538621815896",
    "isCustomThumbnail": 0,
    "builtinTags": [
        "category-work",
        "grid",
        "legend",
        "series-bar",
        "series-line",
        "title",
        "tooltip"
    ],
    "customTags": [],
    "updaterUserName": "v***果"
}