{
    "cid": "xdKbqMOPkE",
    "authorUid": "bd-2520534514",
    "authorUserName": "我***啊",
    "title": "宁围镇镇级地图+排水户点",
    "description": "geoJSON",
    "latestVersion": 7,
    "alwaysLatest": 1,
    "createTime": "2018-10-09T09:32:52.000Z",
    "lastUpdateTime": "2018-10-09T09:32:52.000Z",
    "auth": 2,
    "uid": "bd-2520534514",
    "publishedVersion": 0,
    "forkFrom": "-",
    "isSpam": 0,
    "version": 7,
    "parentVersion": 6,
    "echartsVersion": "4.2.1",
    "versionCreateTime": "2019-08-14T07:50:45.000Z",
    "html": "",
    "externalScripts": "",
    "updaterUID": "bd-2520534514",
    "theme": "",
    "layout": "",
    "viewCount": 213,
    "userName": "我***啊",
    "commentCount": 0,
    "starCount": 0,
    "isStared": 0,
    "thumbnailURL": "https://www.makeapie.com/ecg-storage/ec_gallery_thumbnail/xdKbqMOPkE.png?v=1565769045688",
    "isCustomThumbnail": 0,
    "builtinTags": [
        "category-work",
        "geo",
        "legend",
        "series-effectScatter",
        "title",
        "toolbox",
        "tooltip"
    ],
    "customTags": [],
    "updaterUserName": "我***啊"
}