{
    "cid": "xhXTOi48ob",
    "authorUid": "bd-3619398030",
    "authorUserName": "段佳伟灬",
    "title": "渐变柱状图",
    "description": "",
    "latestVersion": 3,
    "alwaysLatest": 1,
    "createTime": "2018-10-10T07:12:11.000Z",
    "lastUpdateTime": "2018-10-10T07:12:11.000Z",
    "auth": 1,
    "uid": "bd-3619398030",
    "publishedVersion": 0,
    "forkFrom": "-",
    "isSpam": 0,
    "version": 3,
    "parentVersion": 2,
    "echartsVersion": "4.2.1",
    "versionCreateTime": "2019-04-24T03:15:15.000Z",
    "html": "",
    "externalScripts": "",
    "updaterUID": "bd-1681259629",
    "theme": "",
    "layout": "",
    "viewCount": 137,
    "userName": "段佳伟灬",
    "commentCount": 0,
    "starCount": 5,
    "isStared": 0,
    "thumbnailURL": "https://www.makeapie.com/ecg-storage/ec_gallery_thumbnail/xhXTOi48ob.png?v=1556075715635",
    "isCustomThumbnail": 0,
    "builtinTags": [
        "category-work",
        "grid",
        "series-bar",
        "title",
        "tooltip"
    ],
    "customTags": [],
    "updaterUserName": "残***1"
}