{
    "cid": "xiAKndINIO",
    "authorUid": "bd-3619398030",
    "authorUserName": "段佳伟灬",
    "title": "仪表盘",
    "description": "仪表盘",
    "latestVersion": 2,
    "alwaysLatest": 1,
    "createTime": "2018-10-10T03:45:32.000Z",
    "lastUpdateTime": "2018-10-10T03:45:32.000Z",
    "auth": 1,
    "uid": "bd-3619398030",
    "publishedVersion": 0,
    "forkFrom": "-",
    "isSpam": 0,
    "version": 2,
    "parentVersion": 1,
    "echartsVersion": "4.2.0",
    "versionCreateTime": "2018-10-10T03:47:43.000Z",
    "html": "",
    "externalScripts": "",
    "updaterUID": "bd-3619398030",
    "theme": "",
    "layout": "",
    "viewCount": 1254,
    "userName": "段佳伟灬",
    "commentCount": 0,
    "starCount": 3,
    "isStared": 0,
    "thumbnailURL": "https://www.makeapie.com/ecg-storage/ec_gallery_thumbnail/xiAKndINIO.png?v=1539143263706",
    "isCustomThumbnail": 0,
    "builtinTags": [
        "category-work",
        "series-gauge",
        "series-pie",
        "title"
    ],
    "customTags": [],
    "updaterUserName": "段佳伟灬"
}