{
    "cid": "xkVCpD-ENh",
    "authorUid": "bd-1896067372",
    "authorUserName": "a***6",
    "title": "同比环比",
    "description": "",
    "latestVersion": 1,
    "alwaysLatest": 1,
    "createTime": "2018-10-08T05:13:54.000Z",
    "lastUpdateTime": "2018-10-08T05:13:54.000Z",
    "auth": 2,
    "uid": "bd-1896067372",
    "publishedVersion": 0,
    "forkFrom": "-",
    "isSpam": 0,
    "version": 1,
    "parentVersion": -1,
    "echartsVersion": "4.2.0",
    "versionCreateTime": "2018-10-08T05:13:54.000Z",
    "html": "",
    "externalScripts": "",
    "updaterUID": "bd-1896067372",
    "theme": "",
    "layout": "",
    "viewCount": 728,
    "userName": "a***6",
    "commentCount": 0,
    "starCount": 0,
    "isStared": 0,
    "thumbnailURL": "https://www.makeapie.com/ecg-storage/ec_gallery_thumbnail/xkVCpD-ENh.png?v=1538975634958",
    "isCustomThumbnail": 0,
    "builtinTags": [
        "category-work",
        "grid",
        "legend",
        "series-bar",
        "tooltip"
    ],
    "customTags": [],
    "updaterUserName": "a***6"
}