{
    "cid": "xqq3A4XqBi",
    "authorUid": "bd-361253046",
    "authorUserName": "雨***1",
    "title": "X轴的坐标名间隔显示",
    "description": "",
    "latestVersion": 2,
    "alwaysLatest": 1,
    "createTime": "2018-10-10T07:30:20.000Z",
    "lastUpdateTime": "2018-10-10T07:30:20.000Z",
    "auth": 2,
    "uid": "bd-361253046",
    "publishedVersion": 0,
    "forkFrom": "-",
    "isSpam": 0,
    "version": 2,
    "parentVersion": 1,
    "echartsVersion": "4.4.0",
    "versionCreateTime": "2020-01-16T08:22:02.000Z",
    "html": "",
    "externalScripts": "",
    "updaterUID": "bd-361253046",
    "theme": "",
    "layout": "",
    "viewCount": 54,
    "userName": "雨***1",
    "commentCount": 0,
    "starCount": 0,
    "isStared": 0,
    "thumbnailURL": "https://www.makeapie.com/ecg-storage/ec_gallery_thumbnail/xqq3A4XqBi.png?v=1579162922345",
    "isCustomThumbnail": 0,
    "builtinTags": [
        "category-work",
        "grid",
        "series-line",
        "title"
    ],
    "customTags": [],
    "updaterUserName": "雨***1"
}