{
    "cid": "xsHEJEQbfE",
    "authorUid": "bd-3072416246",
    "authorUserName": "Yai_liwqu",
    "title": "1",
    "description": "1",
    "latestVersion": 1,
    "alwaysLatest": 1,
    "createTime": "2018-09-30T03:22:06.000Z",
    "lastUpdateTime": "2018-09-30T03:22:06.000Z",
    "auth": 1,
    "uid": "bd-3072416246",
    "publishedVersion": 0,
    "forkFrom": "-",
    "isSpam": 0,
    "version": 1,
    "parentVersion": -1,
    "echartsVersion": "4.2.0",
    "versionCreateTime": "2018-09-30T03:22:06.000Z",
    "html": "",
    "externalScripts": "",
    "updaterUID": "bd-3072416246",
    "theme": "",
    "layout": "",
    "viewCount": 44,
    "userName": "Yai_liwqu",
    "commentCount": 0,
    "starCount": 0,
    "isStared": 0,
    "thumbnailURL": "https://www.makeapie.com/ecg-storage/ec_gallery_thumbnail/xsHEJEQbfE.png?v=1538277726744",
    "isCustomThumbnail": 0,
    "builtinTags": [
        "category-work",
        "series-pie",
        "title",
        "tooltip"
    ],
    "customTags": [],
    "updaterUserName": "Yai_liwqu"
}