{
    "cid": "xsmfohZq7N",
    "authorUid": "bd-409843033",
    "authorUserName": "J***n",
    "title": "自定义方块图",
    "description": "自定义方块图，柱图",
    "latestVersion": 4,
    "alwaysLatest": 1,
    "createTime": "2018-09-29T09:42:19.000Z",
    "lastUpdateTime": "2018-09-29T09:42:19.000Z",
    "auth": 2,
    "uid": "bd-409843033",
    "publishedVersion": 0,
    "forkFrom": "-",
    "isSpam": 0,
    "version": 4,
    "parentVersion": 3,
    "echartsVersion": "4.2.0",
    "versionCreateTime": "2018-09-29T10:21:57.000Z",
    "html": "",
    "externalScripts": "",
    "updaterUID": "bd-409843033",
    "theme": "",
    "layout": "",
    "viewCount": 207,
    "userName": "J***n",
    "commentCount": 0,
    "starCount": 6,
    "isStared": 0,
    "thumbnailURL": "https://www.makeapie.com/ecg-storage/ec_gallery_thumbnail/xsmfohZq7N.png?v=1538216517983",
    "isCustomThumbnail": 0,
    "builtinTags": [
        "category-work",
        "grid",
        "series-pictorialBar",
        "tooltip"
    ],
    "customTags": [
        "横向柱图",
        "自定义"
    ],
    "updaterUserName": "J***n"
}