{
    "cid": "xU6HsMsaVC",
    "authorUid": "bd-3619398030",
    "authorUserName": "段佳伟灬",
    "title": "饼图",
    "description": "饼图",
    "latestVersion": 1,
    "alwaysLatest": 1,
    "createTime": "2018-10-10T03:41:56.000Z",
    "lastUpdateTime": "2018-10-10T03:41:56.000Z",
    "auth": 1,
    "uid": "bd-3619398030",
    "publishedVersion": 0,
    "forkFrom": "-",
    "isSpam": 0,
    "version": 1,
    "parentVersion": -1,
    "echartsVersion": "4.2.0",
    "versionCreateTime": "2018-10-10T03:41:56.000Z",
    "html": "",
    "externalScripts": "",
    "updaterUID": "bd-3619398030",
    "theme": "",
    "layout": "",
    "viewCount": 104,
    "userName": "段佳伟灬",
    "commentCount": 0,
    "starCount": 4,
    "isStared": 0,
    "thumbnailURL": "https://www.makeapie.com/ecg-storage/ec_gallery_thumbnail/xU6HsMsaVC.png?v=1539142916169",
    "isCustomThumbnail": 0,
    "builtinTags": [
        "category-work",
        "series-pie",
        "tooltip"
    ],
    "customTags": [],
    "updaterUserName": "段佳伟灬"
}