{
    "cid": "xvmQfO_0ao",
    "authorUid": "bd-3619398030",
    "authorUserName": "段佳伟灬",
    "title": "横向柱状图",
    "description": "颜色数组",
    "latestVersion": 1,
    "alwaysLatest": 1,
    "createTime": "2018-10-10T06:59:20.000Z",
    "lastUpdateTime": "2018-10-10T06:59:20.000Z",
    "auth": 1,
    "uid": "bd-3619398030",
    "publishedVersion": 0,
    "forkFrom": "-",
    "isSpam": 0,
    "version": 1,
    "parentVersion": -1,
    "echartsVersion": "4.2.0",
    "versionCreateTime": "2018-10-10T06:59:20.000Z",
    "html": "",
    "externalScripts": "",
    "updaterUID": "bd-3619398030",
    "theme": "",
    "layout": "",
    "viewCount": 101,
    "userName": "段佳伟灬",
    "commentCount": 0,
    "starCount": 0,
    "isStared": 0,
    "thumbnailURL": "https://www.makeapie.com/ecg-storage/ec_gallery_thumbnail/xvmQfO_0ao.png?v=1539154760716",
    "isCustomThumbnail": 0,
    "builtinTags": [
        "category-work",
        "grid",
        "series-bar",
        "tooltip"
    ],
    "customTags": [],
    "updaterUserName": "段佳伟灬"
}