{
    "cid": "xwQmdHbpGw",
    "authorUid": "bd-3138479255",
    "authorUserName": "cslichong00",
    "title": "迁徙图",
    "description": "起点终点城市名显示，覆盖全国城市",
    "latestVersion": 1,
    "alwaysLatest": 1,
    "createTime": "2018-09-30T06:01:20.000Z",
    "lastUpdateTime": "2018-09-30T06:01:20.000Z",
    "auth": 1,
    "uid": "bd-3138479255",
    "publishedVersion": 0,
    "forkFrom": "-",
    "isSpam": 0,
    "version": 1,
    "parentVersion": -1,
    "echartsVersion": "4.2.0",
    "versionCreateTime": "2018-09-30T06:01:20.000Z",
    "html": "",
    "externalScripts": "http://api.map.baidu.com/api?v=2.0&ak=ZUONbpqGBsYGXNIYHicvbAbM,/dep/echarts/latest/extension/bmap.min.js,/dep/echarts/map/js/china.js",
    "updaterUID": "bd-3138479255",
    "theme": "",
    "layout": "",
    "viewCount": 128,
    "userName": "cslichong00",
    "commentCount": 0,
    "starCount": 0,
    "isStared": 0,
    "thumbnailURL": "https://www.makeapie.com/ecg-storage/ec_gallery_thumbnail/xwQmdHbpGw.png?v=1538287281168",
    "isCustomThumbnail": 1,
    "builtinTags": [
        "category-work"
    ],
    "customTags": [],
    "updaterUserName": "cslichong00"
}