{
    "cid": "xyUcvkrLfw",
    "authorUid": "bd-487106728",
    "authorUserName": "y***u",
    "title": "客流拥塞风险",
    "description": "",
    "latestVersion": 8,
    "alwaysLatest": 1,
    "createTime": "2018-10-09T13:00:57.000Z",
    "lastUpdateTime": "2018-10-09T13:09:52.000Z",
    "auth": 2,
    "uid": "bd-487106728",
    "publishedVersion": 0,
    "forkFrom": "-",
    "isSpam": 0,
    "version": 8,
    "parentVersion": 7,
    "echartsVersion": "4.2.0",
    "versionCreateTime": "2018-10-21T03:32:20.000Z",
    "html": "",
    "externalScripts": "",
    "updaterUID": "bd-487106728",
    "theme": "default",
    "layout": "",
    "viewCount": 545,
    "userName": "y***u",
    "commentCount": 0,
    "starCount": 1,
    "isStared": 0,
    "thumbnailURL": "https://www.makeapie.com/ecg-storage/ec_gallery_thumbnail/xyUcvkrLfw.png?v=1540092740177",
    "isCustomThumbnail": 0,
    "builtinTags": [
        "category-work",
        "grid",
        "series-heatmap",
        "tooltip",
        "visualMap"
    ],
    "customTags": [],
    "updaterUserName": "y***u"
}