{
    "cid": "x-CQycsrd9",
    "authorUid": "obd-oM9V-0oytR-SeMQRZhZ3Ax9RO5b_E2T",
    "authorUserName": "t***0",
    "title": "简单学",
    "description": "",
    "latestVersion": 17,
    "alwaysLatest": 1,
    "createTime": "2020-07-07T00:02:32.000Z",
    "lastUpdateTime": "2020-07-07T00:02:32.000Z",
    "auth": 2,
    "uid": "obd-oM9V-0oytR-SeMQRZhZ3Ax9RO5b_E2T",
    "publishedVersion": 0,
    "forkFrom": "-",
    "isSpam": 0,
    "version": 17,
    "parentVersion": 16,
    "echartsVersion": "4.8.0",
    "versionCreateTime": "2020-07-08T13:20:58.000Z",
    "html": "",
    "externalScripts": "",
    "updaterUID": "obd-oM9V-0oytR-SeMQRZhZ3Ax9RO5b_E2T",
    "theme": "",
    "layout": "",
    "viewCount": 98,
    "userName": "t***0",
    "commentCount": 0,
    "starCount": 1,
    "isStared": 0,
    "thumbnailURL": "https://www.makeapie.com/ecg-storage/ec_gallery_thumbnail/x-CQycsrd9.png?v=1594214458420",
    "isCustomThumbnail": 0,
    "builtinTags": [
        "category-work",
        "grid",
        "series-line"
    ],
    "customTags": [],
    "updaterUserName": "t***0"
}