{
    "cid": "x_YZawvLmh",
    "authorUid": "bd-2217967868",
    "authorUserName": "5***3",
    "title": "往地图上添加图标点",
    "description": "",
    "latestVersion": 2,
    "alwaysLatest": 1,
    "createTime": "2020-07-03T09:49:42.000Z",
    "lastUpdateTime": "2020-07-03T09:49:42.000Z",
    "auth": 1,
    "uid": "bd-2217967868",
    "publishedVersion": 0,
    "forkFrom": "-",
    "isSpam": 0,
    "version": 2,
    "parentVersion": 1,
    "echartsVersion": "4.8.0",
    "versionCreateTime": "2020-07-03T09:50:21.000Z",
    "html": "",
    "externalScripts": "",
    "updaterUID": "bd-2217967868",
    "theme": "",
    "layout": "",
    "viewCount": 326,
    "userName": "5***3",
    "commentCount": 0,
    "starCount": 1,
    "isStared": 0,
    "thumbnailURL": "https://www.makeapie.com/ecg-storage/ec_gallery_thumbnail/x_YZawvLmh.png?v=1593769821931",
    "isCustomThumbnail": 0,
    "builtinTags": [
        "category-work",
        "geo",
        "legend",
        "series-scatter",
        "title",
        "tooltip",
        "visualMap"
    ],
    "customTags": [
        "scatter",
        "tooltip"
    ],
    "updaterUserName": "5***3"
}