{
    "cid": "xDLUSGCIav",
    "authorUid": "bd-1991272748",
    "authorUserName": "圪***哔",
    "title": "气泡图片代替方式",
    "description": "",
    "latestVersion": 1,
    "alwaysLatest": 1,
    "createTime": "2020-07-06T09:04:56.000Z",
    "lastUpdateTime": "2020-07-06T09:04:56.000Z",
    "auth": 1,
    "uid": "bd-1991272748",
    "publishedVersion": 0,
    "forkFrom": "-",
    "isSpam": 0,
    "version": 1,
    "parentVersion": -1,
    "echartsVersion": "4.8.0",
    "versionCreateTime": "2020-07-06T09:04:56.000Z",
    "html": "",
    "externalScripts": "",
    "updaterUID": "bd-1991272748",
    "theme": "",
    "layout": "",
    "viewCount": 40,
    "userName": "圪***哔",
    "commentCount": 0,
    "starCount": 1,
    "isStared": 0,
    "thumbnailURL": "https://www.makeapie.com/ecg-storage/ec_gallery_thumbnail/xDLUSGCIav.png?v=1594026296247",
    "isCustomThumbnail": 0,
    "builtinTags": [
        "category-work",
        "grid",
        "series-pictorialBar"
    ],
    "customTags": [],
    "updaterUserName": "圪***哔"
}