{
    "cid": "xeTwc-i-M6",
    "authorUid": "bd-177248094",
    "authorUserName": "150******33",
    "title": "折线图和标注图标",
    "description": "",
    "latestVersion": 1,
    "alwaysLatest": 1,
    "createTime": "2020-07-06T09:12:57.000Z",
    "lastUpdateTime": "2020-07-06T09:12:57.000Z",
    "auth": 2,
    "uid": "bd-177248094",
    "publishedVersion": 0,
    "forkFrom": "-",
    "isSpam": 0,
    "version": 1,
    "parentVersion": -1,
    "echartsVersion": "4.8.0",
    "versionCreateTime": "2020-07-06T09:12:57.000Z",
    "html": "",
    "externalScripts": "",
    "updaterUID": "bd-177248094",
    "theme": "",
    "layout": "",
    "viewCount": 114,
    "userName": "150******33",
    "commentCount": 0,
    "starCount": 0,
    "isStared": 0,
    "thumbnailURL": "https://www.makeapie.com/ecg-storage/ec_gallery_thumbnail/xeTwc-i-M6.png?v=1594026777939",
    "isCustomThumbnail": 0,
    "builtinTags": [
        "category-work",
        "grid",
        "series-bar",
        "series-line",
        "series-pictorialBar"
    ],
    "customTags": [],
    "updaterUserName": "150******33"
}