{
    "cid": "xUuClWMfXu",
    "authorUid": "obd-o0NO9syvHNyAp6oMjKBQ0rd66IP0eFj",
    "authorUserName": "离***酚",
    "title": "四章空间分析图 2016",
    "description": "",
    "latestVersion": 1,
    "alwaysLatest": 1,
    "createTime": "2020-07-05T04:21:38.000Z",
    "lastUpdateTime": "2020-07-05T04:21:38.000Z",
    "auth": 2,
    "uid": "obd-o0NO9syvHNyAp6oMjKBQ0rd66IP0eFj",
    "publishedVersion": 0,
    "forkFrom": "-",
    "isSpam": 0,
    "version": 1,
    "parentVersion": -1,
    "echartsVersion": "4.8.0",
    "versionCreateTime": "2020-07-05T04:21:38.000Z",
    "html": "",
    "externalScripts": "",
    "updaterUID": "obd-o0NO9syvHNyAp6oMjKBQ0rd66IP0eFj",
    "theme": "",
    "layout": "",
    "viewCount": 89,
    "userName": "离***酚",
    "commentCount": 0,
    "starCount": 1,
    "isStared": 0,
    "thumbnailURL": "https://www.makeapie.com/ecg-storage/ec_gallery_thumbnail/xUuClWMfXu.png?v=1593922898418",
    "isCustomThumbnail": 0,
    "builtinTags": [
        "category-work",
        "series-map",
        "title",
        "toolbox",
        "tooltip",
        "visualMap"
    ],
    "customTags": [],
    "updaterUserName": "离***酚"
}