{
    "cid": "xXom96AnU8",
    "authorUid": "obd-oM1zftLBV6P4Ll0PPdXbaRx5PsgCk2F",
    "authorUserName": "1***9",
    "title": "类似时间轴的数据排版",
    "description": "类似时间轴的数据排版",
    "latestVersion": 2,
    "alwaysLatest": 1,
    "createTime": "2020-07-06T08:56:03.000Z",
    "lastUpdateTime": "2020-07-06T08:56:03.000Z",
    "auth": 2,
    "uid": "obd-oM1zftLBV6P4Ll0PPdXbaRx5PsgCk2F",
    "publishedVersion": 0,
    "forkFrom": "-",
    "isSpam": 0,
    "version": 2,
    "parentVersion": 1,
    "echartsVersion": "4.8.0",
    "versionCreateTime": "2020-07-06T09:37:44.000Z",
    "html": "",
    "externalScripts": "",
    "updaterUID": "obd-oM1zftLBV6P4Ll0PPdXbaRx5PsgCk2F",
    "theme": "",
    "layout": "",
    "viewCount": 1007,
    "userName": "1***9",
    "commentCount": 0,
    "starCount": 20,
    "isStared": 0,
    "thumbnailURL": "https://www.makeapie.com/ecg-storage/ec_gallery_thumbnail/xXom96AnU8.png?v=1594028264592",
    "isCustomThumbnail": 0,
    "builtinTags": [
        "category-work",
        "grid",
        "legend",
        "series-bar",
        "series-line"
    ],
    "customTags": [],
    "updaterUserName": "1***9"
}