{
    "cid": "x1WxGi5g9",
    "authorUid": "bd-2305057860",
    "authorUserName": "52...5@qq.com",
    "title": "数据分布",
    "description": "",
    "latestVersion": 3,
    "alwaysLatest": 1,
    "createTime": "2020-02-20T14:23:08.000Z",
    "lastUpdateTime": "2020-02-20T14:23:08.000Z",
    "auth": 2,
    "uid": "bd-2305057860",
    "publishedVersion": 0,
    "forkFrom": "-",
    "isSpam": 0,
    "version": 3,
    "parentVersion": 2,
    "echartsVersion": "4.4.0",
    "versionCreateTime": "2020-02-21T03:27:55.000Z",
    "html": "",
    "externalScripts": "/dep/echarts/map/js/china.js",
    "updaterUID": "bd-2305057860",
    "theme": "",
    "layout": "",
    "viewCount": 1171,
    "userName": "52...5@qq.com",
    "commentCount": 0,
    "starCount": 5,
    "isStared": 0,
    "thumbnailURL": "https://www.makeapie.com/ecg-storage/ec_gallery_thumbnail/x1WxGi5g9.png?v=1582255675472",
    "isCustomThumbnail": 0,
    "builtinTags": [
        "category-work",
        "series-map",
        "title",
        "toolbox",
        "tooltip",
        "visualMap"
    ],
    "customTags": [],
    "updaterUserName": "52...5@qq.com"
}