{
    "cid": "x7Vkw9R0F",
    "authorUid": "bd-340078567",
    "authorUserName": "文***湃",
    "title": "中国地图",
    "description": "",
    "latestVersion": 1,
    "alwaysLatest": 1,
    "createTime": "2020-02-18T12:28:29.000Z",
    "lastUpdateTime": "2020-02-18T12:28:29.000Z",
    "auth": 2,
    "uid": "bd-340078567",
    "publishedVersion": 0,
    "forkFrom": "-",
    "isSpam": 0,
    "version": 1,
    "parentVersion": -1,
    "echartsVersion": "4.4.0",
    "versionCreateTime": "2020-02-18T12:28:29.000Z",
    "html": "",
    "externalScripts": "/dep/echarts/map/js/china.js",
    "updaterUID": "bd-340078567",
    "theme": "",
    "layout": "",
    "viewCount": 108,
    "userName": "文***湃",
    "commentCount": 0,
    "starCount": 1,
    "isStared": 0,
    "thumbnailURL": "https://www.makeapie.com/ecg-storage/ec_gallery_thumbnail/x7Vkw9R0F.png?v=1582028909539",
    "isCustomThumbnail": 0,
    "builtinTags": [
        "category-work",
        "geo",
        "series-scatter"
    ],
    "customTags": [],
    "updaterUserName": "文***湃"
}