{
    "cid": "xc3Pw4yNK",
    "authorUid": "bd-3935712987",
    "authorUserName": "z***1",
    "title": "圆环间隔",
    "description": "",
    "latestVersion": 3,
    "alwaysLatest": 1,
    "createTime": "2020-02-19T01:18:16.000Z",
    "lastUpdateTime": "2020-02-19T01:18:16.000Z",
    "auth": 1,
    "uid": "bd-3935712987",
    "publishedVersion": 0,
    "forkFrom": "-",
    "isSpam": 0,
    "version": 3,
    "parentVersion": 2,
    "echartsVersion": "4.4.0",
    "versionCreateTime": "2020-03-06T16:09:11.000Z",
    "html": "",
    "externalScripts": "",
    "updaterUID": "bd-3935712987",
    "theme": "",
    "layout": "",
    "viewCount": 183,
    "userName": "z***1",
    "commentCount": 0,
    "starCount": 1,
    "isStared": 0,
    "thumbnailURL": "https://www.makeapie.com/ecg-storage/ec_gallery_thumbnail/xc3Pw4yNK.png?v=1583510951931",
    "isCustomThumbnail": 0,
    "builtinTags": [
        "category-work",
        "legend",
        "series-pie",
        "title",
        "toolbox",
        "tooltip"
    ],
    "customTags": [],
    "updaterUserName": "z***1"
}