{
    "cid": "xiKoNKN7E",
    "authorUid": "bd-2399318835",
    "authorUserName": "1***5",
    "title": "地图-省份",
    "description": "",
    "latestVersion": 9,
    "alwaysLatest": 1,
    "createTime": "2020-02-19T12:11:18.000Z",
    "lastUpdateTime": "2020-02-19T12:11:18.000Z",
    "auth": 1,
    "uid": "bd-2399318835",
    "publishedVersion": 0,
    "forkFrom": "-",
    "isSpam": 0,
    "version": 9,
    "parentVersion": 8,
    "echartsVersion": "4.8.0",
    "versionCreateTime": "2020-06-12T07:45:35.000Z",
    "html": "",
    "externalScripts": "/dep/echarts/map/js/china.js",
    "updaterUID": "obd-oE__uu8xOtNzWPuR0nx4xnBId19Xm4f",
    "theme": "",
    "layout": "",
    "viewCount": 474,
    "userName": "1***5",
    "commentCount": 0,
    "starCount": 0,
    "isStared": 0,
    "thumbnailURL": "https://www.makeapie.com/ecg-storage/ec_gallery_thumbnail/xiKoNKN7E.png?v=1591947935520",
    "isCustomThumbnail": 0,
    "builtinTags": [
        "category-work",
        "geo",
        "series-map",
        "visualMap"
    ],
    "customTags": [],
    "updaterUserName": "189******21"
}