{
    "cid": "xJRmyUrzN",
    "authorUid": "bd-2332969606",
    "authorUserName": "1***生",
    "title": "caicai折+虚",
    "description": "cai",
    "latestVersion": 1,
    "alwaysLatest": 1,
    "createTime": "2020-02-18T03:43:06.000Z",
    "lastUpdateTime": "2020-02-18T03:43:06.000Z",
    "auth": 2,
    "uid": "bd-2332969606",
    "publishedVersion": 0,
    "forkFrom": "-",
    "isSpam": 0,
    "version": 1,
    "parentVersion": -1,
    "echartsVersion": "4.4.0",
    "versionCreateTime": "2020-02-18T03:43:06.000Z",
    "html": "",
    "externalScripts": "",
    "updaterUID": "bd-2332969606",
    "theme": "",
    "layout": "",
    "viewCount": 36,
    "userName": "1***生",
    "commentCount": 0,
    "starCount": 0,
    "isStared": 0,
    "thumbnailURL": "https://www.makeapie.com/ecg-storage/ec_gallery_thumbnail/xJRmyUrzN.png?v=1581997386328",
    "isCustomThumbnail": 0,
    "builtinTags": [
        "category-work",
        "grid",
        "legend",
        "series-line",
        "title",
        "toolbox",
        "tooltip"
    ],
    "customTags": [],
    "updaterUserName": "1***生"
}