{
    "cid": "xkIx-4THG",
    "authorUid": "bd-1513160053",
    "authorUserName": "2***体",
    "title": "疫情地图",
    "description": "0220",
    "latestVersion": 7,
    "alwaysLatest": 1,
    "createTime": "2020-02-20T01:38:37.000Z",
    "lastUpdateTime": "2020-02-20T01:38:37.000Z",
    "auth": 2,
    "uid": "bd-1513160053",
    "publishedVersion": 0,
    "forkFrom": "-",
    "isSpam": 0,
    "version": 7,
    "parentVersion": 6,
    "echartsVersion": "4.4.0",
    "versionCreateTime": "2020-03-22T13:47:48.000Z",
    "html": "",
    "externalScripts": "/dep/echarts/map/js/china.js",
    "updaterUID": "bd-1513160053",
    "theme": "",
    "layout": "",
    "viewCount": 1675,
    "userName": "2***体",
    "commentCount": 0,
    "starCount": 2,
    "isStared": 0,
    "thumbnailURL": "https://www.makeapie.com/ecg-storage/ec_gallery_thumbnail/xkIx-4THG.png?v=1584884868975",
    "isCustomThumbnail": 0,
    "builtinTags": [
        "category-work",
        "geo",
        "series-map",
        "toolbox",
        "tooltip",
        "visualMap"
    ],
    "customTags": [],
    "updaterUserName": "2***体"
}