{
    "cid": "xPLngHx_Z",
    "authorUid": "bd-759420408",
    "authorUserName": "可***3",
    "title": "#一张图看懂新冠肺炎#话题图谱",
    "description": "",
    "latestVersion": 1,
    "alwaysLatest": 1,
    "createTime": "2020-02-19T03:15:53.000Z",
    "lastUpdateTime": "2020-02-19T03:15:53.000Z",
    "auth": 2,
    "uid": "bd-759420408",
    "publishedVersion": 0,
    "forkFrom": "-",
    "isSpam": 0,
    "version": 1,
    "parentVersion": -1,
    "echartsVersion": "4.4.0",
    "versionCreateTime": "2020-02-19T03:15:53.000Z",
    "html": "",
    "externalScripts": "",
    "updaterUID": "bd-759420408",
    "theme": "",
    "layout": "",
    "viewCount": 7309,
    "userName": "可***3",
    "commentCount": 0,
    "starCount": 18,
    "isStared": 0,
    "thumbnailURL": "https://www.makeapie.com/ecg-storage/ec_gallery_thumbnail/xPLngHx_Z.png?v=1582082153763",
    "isCustomThumbnail": 0,
    "builtinTags": [
        "category-work",
        "legend",
        "series-graph",
        "title",
        "tooltip"
    ],
    "customTags": [],
    "updaterUserName": "可***3"
}