{
    "cid": "xPvUgMfs2",
    "authorUid": "bd-1057088331",
    "authorUserName": "b***9",
    "title": "",
    "description": "",
    "latestVersion": 2,
    "alwaysLatest": 1,
    "createTime": "2020-02-17T03:30:06.000Z",
    "lastUpdateTime": "2020-02-17T03:30:06.000Z",
    "auth": 2,
    "uid": "bd-1057088331",
    "publishedVersion": 0,
    "forkFrom": "-",
    "isSpam": 0,
    "version": 2,
    "parentVersion": 1,
    "echartsVersion": "4.4.0",
    "versionCreateTime": "2020-02-17T09:11:29.000Z",
    "html": "",
    "externalScripts": "",
    "updaterUID": "bd-1057088331",
    "theme": "",
    "layout": "",
    "viewCount": 59,
    "userName": "b***9",
    "commentCount": 0,
    "starCount": 1,
    "isStared": 0,
    "thumbnailURL": "https://www.makeapie.com/ecg-storage/ec_gallery_thumbnail/xPvUgMfs2.png?v=1581930689851",
    "isCustomThumbnail": 0,
    "builtinTags": [
        "category-work",
        "grid",
        "legend",
        "series-line",
        "title",
        "tooltip"
    ],
    "customTags": [],
    "updaterUserName": "b***9"
}