{
    "cid": "xPZ4Ikv_b",
    "authorUid": "bd-3342206826",
    "authorUserName": "小***琪",
    "title": "进度展示",
    "description": "",
    "latestVersion": 1,
    "alwaysLatest": 1,
    "createTime": "2020-02-19T06:58:31.000Z",
    "lastUpdateTime": "2020-08-19T04:48:07.000Z",
    "auth": 2,
    "uid": "bd-3342206826",
    "publishedVersion": 0,
    "forkFrom": "-",
    "isSpam": 0,
    "version": 1,
    "parentVersion": -1,
    "echartsVersion": "4.4.0",
    "versionCreateTime": "2020-02-19T06:58:31.000Z",
    "html": "",
    "externalScripts": "",
    "updaterUID": "bd-3342206826",
    "theme": "default",
    "layout": "",
    "viewCount": 173,
    "userName": "小***琪",
    "commentCount": 0,
    "starCount": 3,
    "isStared": 0,
    "thumbnailURL": "https://www.makeapie.com/ecg-storage/ec_gallery_thumbnail/xPZ4Ikv_b.png?v=1582095511573",
    "isCustomThumbnail": 0,
    "builtinTags": [
        "category-work",
        "graphic",
        "legend",
        "series-pie"
    ],
    "customTags": [],
    "updaterUserName": "小***琪"
}