{
    "cid": "xR36gkX9o",
    "authorUid": "bd-3087274484",
    "authorUserName": "x***t",
    "title": "新冠肺炎20200219全国统计",
    "description": "新冠肺炎20200219全国统计",
    "latestVersion": 5,
    "alwaysLatest": 1,
    "createTime": "2020-02-20T04:28:44.000Z",
    "lastUpdateTime": "2020-02-20T04:28:44.000Z",
    "auth": 1,
    "uid": "bd-3087274484",
    "publishedVersion": 0,
    "forkFrom": "-",
    "isSpam": 0,
    "version": 5,
    "parentVersion": 4,
    "echartsVersion": "4.9.0",
    "versionCreateTime": "2021-05-24T13:46:24.000Z",
    "html": "",
    "externalScripts": "/dep/echarts/map/js/china.js",
    "updaterUID": "obd-oML8txmyoU7d32j0KUJEfhqUyKBR12H",
    "theme": "",
    "layout": "",
    "viewCount": 3301,
    "userName": "x***t",
    "commentCount": 0,
    "starCount": 6,
    "isStared": 0,
    "thumbnailURL": "https://www.makeapie.com/ecg-storage/ec_gallery_thumbnail/xR36gkX9o.png?v=1621863984491",
    "isCustomThumbnail": 0,
    "builtinTags": [
        "category-work",
        "geo",
        "series-effectScatter",
        "series-map",
        "series-scatter",
        "title",
        "toolbox",
        "tooltip",
        "visualMap"
    ],
    "customTags": [],
    "updaterUserName": "M***y"
}