{
    "cid": "xR6S3bwrg",
    "authorUid": "bd-2399318835",
    "authorUserName": "1***5",
    "title": "测试移动端双指缩放",
    "description": "",
    "latestVersion": 1,
    "alwaysLatest": 1,
    "createTime": "2020-02-20T14:22:15.000Z",
    "lastUpdateTime": "2020-02-20T14:22:15.000Z",
    "auth": 2,
    "uid": "bd-2399318835",
    "publishedVersion": 0,
    "forkFrom": "-",
    "isSpam": 0,
    "version": 1,
    "parentVersion": -1,
    "echartsVersion": "4.4.0",
    "versionCreateTime": "2020-02-20T14:22:15.000Z",
    "html": "",
    "externalScripts": "/dep/echarts/map/js/china.js",
    "updaterUID": "bd-2399318835",
    "theme": "",
    "layout": "",
    "viewCount": 73,
    "userName": "1***5",
    "commentCount": 0,
    "starCount": 0,
    "isStared": 0,
    "thumbnailURL": "https://www.makeapie.com/ecg-storage/ec_gallery_thumbnail/xR6S3bwrg.png?v=1582208535856",
    "isCustomThumbnail": 0,
    "builtinTags": [
        "category-work",
        "geo"
    ],
    "customTags": [],
    "updaterUserName": "1***5"
}