{
    "cid": "xRGUEflZy",
    "authorUid": "bd-2973692819",
    "authorUserName": "189*****065",
    "title": "Awesome Chart",
    "description": "",
    "latestVersion": 1,
    "alwaysLatest": 1,
    "createTime": "2020-02-19T11:10:56.000Z",
    "lastUpdateTime": "2020-02-19T11:10:56.000Z",
    "auth": 2,
    "uid": "bd-2973692819",
    "publishedVersion": 0,
    "forkFrom": "-",
    "isSpam": 0,
    "version": 1,
    "parentVersion": -1,
    "echartsVersion": "4.4.0",
    "versionCreateTime": "2020-02-19T11:10:56.000Z",
    "html": "",
    "externalScripts": "",
    "updaterUID": "bd-2973692819",
    "theme": "",
    "layout": "",
    "viewCount": 6,
    "userName": "189*****065",
    "commentCount": 0,
    "starCount": 0,
    "isStared": 0,
    "thumbnailURL": "https://www.makeapie.com/ecg-storage/ec_gallery_thumbnail/xRGUEflZy.png?v=1582110657083",
    "isCustomThumbnail": 0,
    "builtinTags": [
        "category-work",
        "grid",
        "series-line",
        "title"
    ],
    "customTags": [],
    "updaterUserName": "189*****065"
}