{
    "cid": "xsnN1cVjT",
    "authorUid": "bd-3553659272",
    "authorUserName": "你***来",
    "title": "面积域",
    "description": "纯属虚构",
    "latestVersion": 2,
    "alwaysLatest": 1,
    "createTime": "2020-02-19T04:51:53.000Z",
    "lastUpdateTime": "2020-02-19T04:51:53.000Z",
    "auth": 2,
    "uid": "bd-3553659272",
    "publishedVersion": 0,
    "forkFrom": "-",
    "isSpam": 0,
    "version": 2,
    "parentVersion": 1,
    "echartsVersion": "4.4.0",
    "versionCreateTime": "2020-02-21T11:10:28.000Z",
    "html": "",
    "externalScripts": "",
    "updaterUID": "bd-3553659272",
    "theme": "",
    "layout": "",
    "viewCount": 273,
    "userName": "你***来",
    "commentCount": 0,
    "starCount": 1,
    "isStared": 0,
    "thumbnailURL": "https://www.makeapie.com/ecg-storage/ec_gallery_thumbnail/xsnN1cVjT.png?v=1582283428644",
    "isCustomThumbnail": 0,
    "builtinTags": [
        "category-work",
        "grid",
        "markArea",
        "series-line",
        "title",
        "toolbox",
        "tooltip"
    ],
    "customTags": [],
    "updaterUserName": "你***来"
}