{
    "cid": "xT56qOnxb",
    "authorUid": "bd-4150559213",
    "authorUserName": "M***x",
    "title": "上一月仓储业务单据(条)",
    "description": "",
    "latestVersion": 1,
    "alwaysLatest": 1,
    "createTime": "2020-02-17T04:31:49.000Z",
    "lastUpdateTime": "2020-02-17T04:31:49.000Z",
    "auth": 2,
    "uid": "bd-4150559213",
    "publishedVersion": 0,
    "forkFrom": "-",
    "isSpam": 0,
    "version": 1,
    "parentVersion": -1,
    "echartsVersion": "4.4.0",
    "versionCreateTime": "2020-02-17T04:31:49.000Z",
    "html": "",
    "externalScripts": "",
    "updaterUID": "bd-4150559213",
    "theme": "",
    "layout": "",
    "viewCount": 42,
    "userName": "M***x",
    "commentCount": 0,
    "starCount": 0,
    "isStared": 0,
    "thumbnailURL": "https://www.makeapie.com/ecg-storage/ec_gallery_thumbnail/xT56qOnxb.png?v=1581913909730",
    "isCustomThumbnail": 0,
    "builtinTags": [
        "category-work",
        "grid",
        "legend",
        "series-line",
        "title",
        "tooltip"
    ],
    "customTags": [],
    "updaterUserName": "M***x"
}