{
    "cid": "xx1X7dOOI",
    "authorUid": "bd-181101713",
    "authorUserName": "j***6",
    "title": "双Y轴，时长换算",
    "description": "两个Y轴，毫秒转换时长计算",
    "latestVersion": 5,
    "alwaysLatest": 1,
    "createTime": "2020-02-16T06:32:58.000Z",
    "lastUpdateTime": "2020-02-16T06:32:58.000Z",
    "auth": 2,
    "uid": "bd-181101713",
    "publishedVersion": 0,
    "forkFrom": "-",
    "isSpam": 0,
    "version": 5,
    "parentVersion": 3,
    "echartsVersion": "4.4.0",
    "versionCreateTime": "2020-02-16T11:30:38.000Z",
    "html": "",
    "externalScripts": "",
    "updaterUID": "bd-181101713",
    "theme": "",
    "layout": "",
    "viewCount": 157,
    "userName": "j***6",
    "commentCount": 0,
    "starCount": 1,
    "isStared": 0,
    "thumbnailURL": "https://www.makeapie.com/ecg-storage/ec_gallery_thumbnail/xx1X7dOOI.png?v=1581852638462",
    "isCustomThumbnail": 0,
    "builtinTags": [
        "category-work",
        "grid",
        "legend",
        "series-bar",
        "series-line",
        "tooltip"
    ],
    "customTags": [],
    "updaterUserName": "j***6"
}