{
    "cid": "xYjVcHZZd",
    "authorUid": "bd-3342206826",
    "authorUserName": "小***琪",
    "title": "仪表图2",
    "description": "",
    "latestVersion": 3,
    "alwaysLatest": 1,
    "createTime": "2020-02-19T06:10:20.000Z",
    "lastUpdateTime": "2020-08-19T04:48:19.000Z",
    "auth": 2,
    "uid": "bd-3342206826",
    "publishedVersion": 0,
    "forkFrom": "-",
    "isSpam": 0,
    "version": 3,
    "parentVersion": 1,
    "echartsVersion": "4.4.0",
    "versionCreateTime": "2020-02-20T07:22:59.000Z",
    "html": "",
    "externalScripts": "",
    "updaterUID": "bd-3342206826",
    "theme": "default",
    "layout": "",
    "viewCount": 206,
    "userName": "小***琪",
    "commentCount": 0,
    "starCount": 4,
    "isStared": 0,
    "thumbnailURL": "https://www.makeapie.com/ecg-storage/ec_gallery_thumbnail/xYjVcHZZd.png?v=1582183379940",
    "isCustomThumbnail": 0,
    "builtinTags": [
        "category-work",
        "graphic",
        "legend",
        "series-gauge"
    ],
    "customTags": [],
    "updaterUserName": "小***琪"
}