{
    "cid": "x0HSX7ghWj",
    "authorUid": "obd-o2nqRuxLCsX9eTsGo-8aQ8CYAS5ro6D",
    "authorUserName": "z***8",
    "title": "饼图-环形",
    "description": "",
    "latestVersion": 1,
    "alwaysLatest": 1,
    "createTime": "2020-07-10T06:18:49.000Z",
    "lastUpdateTime": "2020-07-10T06:18:49.000Z",
    "auth": 1,
    "uid": "obd-o2nqRuxLCsX9eTsGo-8aQ8CYAS5ro6D",
    "publishedVersion": 0,
    "forkFrom": "-",
    "isSpam": 0,
    "version": 1,
    "parentVersion": -1,
    "echartsVersion": "4.8.0",
    "versionCreateTime": "2020-07-10T06:18:49.000Z",
    "html": "",
    "externalScripts": "",
    "updaterUID": "obd-o2nqRuxLCsX9eTsGo-8aQ8CYAS5ro6D",
    "theme": "",
    "layout": "",
    "viewCount": 108,
    "userName": "z***8",
    "commentCount": 0,
    "starCount": 2,
    "isStared": 0,
    "thumbnailURL": "https://www.makeapie.com/ecg-storage/ec_gallery_thumbnail/x0HSX7ghWj.png?v=1594361930040",
    "isCustomThumbnail": 0,
    "builtinTags": [
        "category-work",
        "graphic",
        "series-pie",
        "tooltip"
    ],
    "customTags": [],
    "updaterUserName": "z***8"
}