{
    "cid": "x1Z0a7tiIY",
    "authorUid": "bd-251912376",
    "authorUserName": "h***0",
    "title": "实时访问频率排名前10",
    "description": "",
    "latestVersion": 3,
    "alwaysLatest": 1,
    "createTime": "2020-07-10T03:23:46.000Z",
    "lastUpdateTime": "2020-07-10T03:23:46.000Z",
    "auth": 2,
    "uid": "bd-251912376",
    "publishedVersion": 0,
    "forkFrom": "-",
    "isSpam": 0,
    "version": 3,
    "parentVersion": 2,
    "echartsVersion": "4.8.0",
    "versionCreateTime": "2020-07-10T05:26:24.000Z",
    "html": "",
    "externalScripts": "",
    "updaterUID": "bd-251912376",
    "theme": "",
    "layout": "",
    "viewCount": 209,
    "userName": "h***0",
    "commentCount": 0,
    "starCount": 1,
    "isStared": 0,
    "thumbnailURL": "https://www.makeapie.com/ecg-storage/ec_gallery_thumbnail/x1Z0a7tiIY.png?v=1594358784577",
    "isCustomThumbnail": 0,
    "builtinTags": [
        "category-work",
        "grid",
        "series-bar",
        "tooltip"
    ],
    "customTags": [],
    "updaterUserName": "h***0"
}