{
    "cid": "x3DtNddk13",
    "authorUid": "bd-171648521",
    "authorUserName": "绿***绿",
    "title": "",
    "description": "地图",
    "latestVersion": 3,
    "alwaysLatest": 1,
    "createTime": "2020-07-09T09:39:51.000Z",
    "lastUpdateTime": "2020-07-09T09:39:51.000Z",
    "auth": 2,
    "uid": "bd-171648521",
    "publishedVersion": 0,
    "forkFrom": "-",
    "isSpam": 0,
    "version": 3,
    "parentVersion": 2,
    "echartsVersion": "4.8.0",
    "versionCreateTime": "2020-07-17T09:29:33.000Z",
    "html": "",
    "externalScripts": "/dep/echarts/map/js/china.js,https://echarts.baidu.com/resource/echarts-gl-latest/dist/echarts-gl.min.js",
    "updaterUID": "bd-171648521",
    "theme": "",
    "layout": "",
    "viewCount": 2342,
    "userName": "绿***绿",
    "commentCount": 0,
    "starCount": 8,
    "isStared": 0,
    "thumbnailURL": "https://www.makeapie.com/ecg-storage/ec_gallery_thumbnail/x3DtNddk13.png?v=1594978174128",
    "isCustomThumbnail": 0,
    "builtinTags": [
        "category-work",
        "geo",
        "series-effectScatter",
        "series-lines",
        "series-map"
    ],
    "customTags": [],
    "updaterUserName": "绿***绿"
}