{
    "cid": "x8M75Bhb78",
    "authorUid": "obd-o2nqRuxLCsX9eTsGo-8aQ8CYAS5ro6D",
    "authorUserName": "z***8",
    "title": "南丁格尔玫瑰图",
    "description": "",
    "latestVersion": 6,
    "alwaysLatest": 1,
    "createTime": "2020-07-10T06:19:42.000Z",
    "lastUpdateTime": "2020-07-10T06:19:42.000Z",
    "auth": 1,
    "uid": "obd-o2nqRuxLCsX9eTsGo-8aQ8CYAS5ro6D",
    "publishedVersion": 0,
    "forkFrom": "-",
    "isSpam": 0,
    "version": 6,
    "parentVersion": 5,
    "echartsVersion": "4.9.0",
    "versionCreateTime": "2021-06-24T02:57:29.000Z",
    "html": "",
    "externalScripts": "",
    "updaterUID": "obd-oFEw4q-476dXS1eZ8jIUgrJRUU-PT52",
    "theme": "",
    "layout": "",
    "viewCount": 2986,
    "userName": "z***8",
    "commentCount": 0,
    "starCount": 20,
    "isStared": 0,
    "thumbnailURL": "https://www.makeapie.com/ecg-storage/ec_gallery_thumbnail/x8M75Bhb78.png?v=1624503449269",
    "isCustomThumbnail": 0,
    "builtinTags": [
        "category-work",
        "series-pie",
        "toolbox",
        "tooltip"
    ],
    "customTags": [],
    "updaterUserName": "黑***叶"
}