{
    "cid": "x_YPoYnbs6",
    "authorUid": "bd-171648521",
    "authorUserName": "绿***绿",
    "title": "75\n{a|%}",
    "description": "水波球",
    "latestVersion": 1,
    "alwaysLatest": 1,
    "createTime": "2020-07-11T06:54:26.000Z",
    "lastUpdateTime": "2020-07-11T06:54:26.000Z",
    "auth": 2,
    "uid": "bd-171648521",
    "publishedVersion": 0,
    "forkFrom": "-",
    "isSpam": 0,
    "version": 1,
    "parentVersion": -1,
    "echartsVersion": "4.8.0",
    "versionCreateTime": "2020-07-11T06:54:26.000Z",
    "html": "",
    "externalScripts": "https://echarts.baidu.com/resource/echarts-liquidfill-latest/dist/echarts-liquidfill.min.js",
    "updaterUID": "bd-171648521",
    "theme": "",
    "layout": "",
    "viewCount": 209,
    "userName": "绿***绿",
    "commentCount": 0,
    "starCount": 0,
    "isStared": 0,
    "thumbnailURL": "https://www.makeapie.com/ecg-storage/ec_gallery_thumbnail/x_YPoYnbs6.png?v=1594450466612",
    "isCustomThumbnail": 0,
    "builtinTags": [
        "category-work",
        "grid",
        "series-liquidFill",
        "title"
    ],
    "customTags": [],
    "updaterUserName": "绿***绿"
}