{
    "cid": "xBny0os0L3",
    "authorUid": "bd-171648521",
    "authorUserName": "绿***绿",
    "title": "Awesome Chart",
    "description": "pie",
    "latestVersion": 2,
    "alwaysLatest": 1,
    "createTime": "2020-07-09T10:21:26.000Z",
    "lastUpdateTime": "2020-07-09T10:21:26.000Z",
    "auth": 2,
    "uid": "bd-171648521",
    "publishedVersion": 0,
    "forkFrom": "-",
    "isSpam": 0,
    "version": 2,
    "parentVersion": 1,
    "echartsVersion": "4.8.0",
    "versionCreateTime": "2020-07-10T02:29:50.000Z",
    "html": "",
    "externalScripts": "",
    "updaterUID": "bd-171648521",
    "theme": "",
    "layout": "",
    "viewCount": 65,
    "userName": "绿***绿",
    "commentCount": 0,
    "starCount": 1,
    "isStared": 0,
    "thumbnailURL": "https://www.makeapie.com/ecg-storage/ec_gallery_thumbnail/xBny0os0L3.png?v=1594348190277",
    "isCustomThumbnail": 0,
    "builtinTags": [
        "category-work",
        "grid",
        "series-line",
        "title"
    ],
    "customTags": [],
    "updaterUserName": "绿***绿"
}