{
    "cid": "xddj0j0Llk",
    "authorUid": "obd-o2nqRuxLCsX9eTsGo-8aQ8CYAS5ro6D",
    "authorUserName": "z***8",
    "title": "仪表盘",
    "description": "",
    "latestVersion": 2,
    "alwaysLatest": 1,
    "createTime": "2020-07-10T06:16:48.000Z",
    "lastUpdateTime": "2020-07-10T06:16:48.000Z",
    "auth": 1,
    "uid": "obd-o2nqRuxLCsX9eTsGo-8aQ8CYAS5ro6D",
    "publishedVersion": 0,
    "forkFrom": "-",
    "isSpam": 0,
    "version": 2,
    "parentVersion": 1,
    "echartsVersion": "4.8.0",
    "versionCreateTime": "2020-10-23T08:24:45.000Z",
    "html": "",
    "externalScripts": "",
    "updaterUID": "obd-o2nqRuxLCsX9eTsGo-8aQ8CYAS5ro6D",
    "theme": "",
    "layout": "",
    "viewCount": 833,
    "userName": "z***8",
    "commentCount": 0,
    "starCount": 5,
    "isStared": 0,
    "thumbnailURL": "https://www.makeapie.com/ecg-storage/ec_gallery_thumbnail/xddj0j0Llk.png?v=1594361808912",
    "isCustomThumbnail": 1,
    "builtinTags": [
        "category-work",
        "markPoint",
        "series-gauge",
        "toolbox",
        "tooltip"
    ],
    "customTags": [],
    "updaterUserName": "z***8"
}