{
    "cid": "xen9TuTw8j",
    "authorUid": "bd-1606641265",
    "authorUserName": "你***1",
    "title": "自定义legend",
    "description": "",
    "latestVersion": 2,
    "alwaysLatest": 1,
    "createTime": "2020-07-09T08:07:03.000Z",
    "lastUpdateTime": "2021-08-18T09:33:19.000Z",
    "auth": 2,
    "uid": "bd-1606641265",
    "publishedVersion": 0,
    "forkFrom": "-",
    "isSpam": 0,
    "version": 2,
    "parentVersion": 1,
    "echartsVersion": "4.9.0",
    "versionCreateTime": "2021-08-18T09:33:19.000Z",
    "html": "",
    "externalScripts": "",
    "updaterUID": "bd-1606641265",
    "theme": "",
    "layout": "",
    "viewCount": 140,
    "userName": "你***1",
    "commentCount": 0,
    "starCount": 0,
    "isStared": 0,
    "thumbnailURL": "https://www.makeapie.com/ecg-storage/ec_gallery_thumbnail/xen9TuTw8j.png?v=1629279199461",
    "isCustomThumbnail": 0,
    "builtinTags": [
        "category-work",
        "legend",
        "series-pie",
        "tooltip"
    ],
    "customTags": [],
    "updaterUserName": "你***1"
}