{
    "cid": "xgjpWdJovs",
    "authorUid": "obd-ojhzVR0BsdaD4SXcYD1Of9E2ka4tqEq",
    "authorUserName": "小***3",
    "title": "柱状图",
    "description": "",
    "latestVersion": 2,
    "alwaysLatest": 1,
    "createTime": "2020-07-10T07:48:18.000Z",
    "lastUpdateTime": "2020-07-10T07:48:18.000Z",
    "auth": 2,
    "uid": "obd-ojhzVR0BsdaD4SXcYD1Of9E2ka4tqEq",
    "publishedVersion": 0,
    "forkFrom": "-",
    "isSpam": 0,
    "version": 2,
    "parentVersion": 1,
    "echartsVersion": "4.8.0",
    "versionCreateTime": "2020-07-17T10:44:03.000Z",
    "html": "",
    "externalScripts": "",
    "updaterUID": "obd-ojhzVR0BsdaD4SXcYD1Of9E2ka4tqEq",
    "theme": "dark",
    "layout": "",
    "viewCount": 206,
    "userName": "小***3",
    "commentCount": 0,
    "starCount": 0,
    "isStared": 0,
    "thumbnailURL": "https://www.makeapie.com/ecg-storage/ec_gallery_thumbnail/xgjpWdJovs.png?v=1594982644029",
    "isCustomThumbnail": 0,
    "builtinTags": [
        "category-work",
        "grid",
        "series-bar",
        "title",
        "tooltip"
    ],
    "customTags": [],
    "updaterUserName": "小***3"
}