{
    "cid": "xJJY5yIXf7",
    "authorUid": "obd-o2nqRuxLCsX9eTsGo-8aQ8CYAS5ro6D",
    "authorUserName": "z***8",
    "title": "横向柱状图",
    "description": "",
    "latestVersion": 10,
    "alwaysLatest": 1,
    "createTime": "2020-07-10T06:22:36.000Z",
    "lastUpdateTime": "2020-07-10T06:22:36.000Z",
    "auth": 1,
    "uid": "obd-o2nqRuxLCsX9eTsGo-8aQ8CYAS5ro6D",
    "publishedVersion": 0,
    "forkFrom": "-",
    "isSpam": 0,
    "version": 10,
    "parentVersion": 9,
    "echartsVersion": "4.9.0",
    "versionCreateTime": "2021-05-14T06:37:02.000Z",
    "html": "",
    "externalScripts": "",
    "updaterUID": "bd-2752879575",
    "theme": "",
    "layout": "",
    "viewCount": 5242,
    "userName": "z***8",
    "commentCount": 0,
    "starCount": 15,
    "isStared": 0,
    "thumbnailURL": "https://www.makeapie.com/ecg-storage/ec_gallery_thumbnail/xJJY5yIXf7.png?v=1620974222606",
    "isCustomThumbnail": 0,
    "builtinTags": [
        "category-work",
        "grid",
        "series-bar"
    ],
    "customTags": [],
    "updaterUserName": "张***杰"
}