{
    "cid": "xkrWvkcR6f",
    "authorUid": "obd-oCAn0py4agO8uEBCdnu3WSH2cOEzW3P",
    "authorUserName": "寒***枫",
    "title": "磁盘",
    "description": "",
    "latestVersion": 2,
    "alwaysLatest": 1,
    "createTime": "2020-07-09T06:37:43.000Z",
    "lastUpdateTime": "2020-07-09T06:37:43.000Z",
    "auth": 1,
    "uid": "obd-oCAn0py4agO8uEBCdnu3WSH2cOEzW3P",
    "publishedVersion": 0,
    "forkFrom": "-",
    "isSpam": 0,
    "version": 2,
    "parentVersion": 1,
    "echartsVersion": "4.8.0",
    "versionCreateTime": "2020-07-09T07:42:44.000Z",
    "html": "",
    "externalScripts": "",
    "updaterUID": "obd-oCAn0py4agO8uEBCdnu3WSH2cOEzW3P",
    "theme": "",
    "layout": "",
    "viewCount": 28,
    "userName": "寒***枫",
    "commentCount": 0,
    "starCount": 0,
    "isStared": 0,
    "thumbnailURL": "https://www.makeapie.com/ecg-storage/ec_gallery_thumbnail/xkrWvkcR6f.png?v=1594280564196",
    "isCustomThumbnail": 0,
    "builtinTags": [
        "category-work",
        "legend",
        "series-pie"
    ],
    "customTags": [],
    "updaterUserName": "寒***枫"
}