{
    "cid": "xoIq3czViP",
    "authorUid": "bd-251912376",
    "authorUserName": "h***0",
    "title": "日增量",
    "description": "",
    "latestVersion": 2,
    "alwaysLatest": 1,
    "createTime": "2020-07-09T10:17:28.000Z",
    "lastUpdateTime": "2020-07-09T10:17:28.000Z",
    "auth": 2,
    "uid": "bd-251912376",
    "publishedVersion": 0,
    "forkFrom": "-",
    "isSpam": 0,
    "version": 2,
    "parentVersion": 1,
    "echartsVersion": "4.8.0",
    "versionCreateTime": "2020-07-09T10:18:25.000Z",
    "html": "",
    "externalScripts": "",
    "updaterUID": "bd-251912376",
    "theme": "",
    "layout": "",
    "viewCount": 224,
    "userName": "h***0",
    "commentCount": 0,
    "starCount": 0,
    "isStared": 0,
    "thumbnailURL": "https://www.makeapie.com/ecg-storage/ec_gallery_thumbnail/xoIq3czViP.png?v=1594289906143",
    "isCustomThumbnail": 0,
    "builtinTags": [
        "category-work",
        "grid",
        "legend",
        "series-line",
        "tooltip"
    ],
    "customTags": [
        "line"
    ],
    "updaterUserName": "h***0"
}