{
    "cid": "xqM0qkgY75",
    "authorUid": "bd-177248094",
    "authorUserName": "150******33",
    "title": "地图过滤地区",
    "description": "地图过滤地区",
    "latestVersion": 2,
    "alwaysLatest": 1,
    "createTime": "2020-07-09T09:08:35.000Z",
    "lastUpdateTime": "2020-07-09T09:08:35.000Z",
    "auth": 2,
    "uid": "bd-177248094",
    "publishedVersion": 0,
    "forkFrom": "-",
    "isSpam": 0,
    "version": 2,
    "parentVersion": 1,
    "echartsVersion": "4.8.0",
    "versionCreateTime": "2020-07-09T09:14:22.000Z",
    "html": "",
    "externalScripts": "",
    "updaterUID": "bd-177248094",
    "theme": "",
    "layout": "",
    "viewCount": 139,
    "userName": "150******33",
    "commentCount": 0,
    "starCount": 0,
    "isStared": 0,
    "thumbnailURL": "https://www.makeapie.com/ecg-storage/ec_gallery_thumbnail/xqM0qkgY75.png?v=1594286062153",
    "isCustomThumbnail": 0,
    "builtinTags": [
        "category-work",
        "geo",
        "series-map",
        "tooltip",
        "visualMap"
    ],
    "customTags": [],
    "updaterUserName": "150******33"
}