{
    "cid": "xs3AzcdJfY",
    "authorUid": "bd-251912376",
    "authorUserName": "h***0",
    "title": "单品数据量",
    "description": "",
    "latestVersion": 1,
    "alwaysLatest": 1,
    "createTime": "2020-07-09T10:19:35.000Z",
    "lastUpdateTime": "2020-07-09T10:19:35.000Z",
    "auth": 2,
    "uid": "bd-251912376",
    "publishedVersion": 0,
    "forkFrom": "-",
    "isSpam": 0,
    "version": 1,
    "parentVersion": -1,
    "echartsVersion": "4.8.0",
    "versionCreateTime": "2020-07-09T10:19:35.000Z",
    "html": "",
    "externalScripts": "",
    "updaterUID": "bd-251912376",
    "theme": "",
    "layout": "",
    "viewCount": 112,
    "userName": "h***0",
    "commentCount": 0,
    "starCount": 1,
    "isStared": 0,
    "thumbnailURL": "https://www.makeapie.com/ecg-storage/ec_gallery_thumbnail/xs3AzcdJfY.png?v=1594289976066",
    "isCustomThumbnail": 0,
    "builtinTags": [
        "category-work",
        "legend",
        "series-pie",
        "title",
        "tooltip"
    ],
    "customTags": [
        "pie"
    ],
    "updaterUserName": "h***0"
}