{
    "cid": "xX6ccvqpn-",
    "authorUid": "obd-o2nqRuxLCsX9eTsGo-8aQ8CYAS5ro6D",
    "authorUserName": "z***8",
    "title": "柱状图蓝色",
    "description": "",
    "latestVersion": 6,
    "alwaysLatest": 1,
    "createTime": "2020-07-10T06:21:58.000Z",
    "lastUpdateTime": "2021-12-18T10:03:10.000Z",
    "auth": 1,
    "uid": "obd-o2nqRuxLCsX9eTsGo-8aQ8CYAS5ro6D",
    "publishedVersion": 0,
    "forkFrom": "-",
    "isSpam": 0,
    "version": 6,
    "parentVersion": 5,
    "echartsVersion": "4.9.0",
    "versionCreateTime": "2021-12-18T10:03:10.000Z",
    "html": "",
    "externalScripts": "",
    "updaterUID": "obd-oPLyRguFB5fnU27mj38UeKBW7XTtV9f",
    "theme": "",
    "layout": "",
    "viewCount": 5732,
    "userName": "z***8",
    "commentCount": 0,
    "starCount": 15,
    "isStared": 0,
    "thumbnailURL": "https://www.makeapie.com/ecg-storage/ec_gallery_thumbnail/xX6ccvqpn-.png?v=1639821790655",
    "isCustomThumbnail": 0,
    "builtinTags": [
        "category-work",
        "grid",
        "series-bar",
        "series-line"
    ],
    "customTags": [],
    "updaterUserName": "1***p"
}