{
    "cid": "xy_eUShFSj",
    "authorUid": "bd-251912376",
    "authorUserName": "h***0",
    "title": "层叠柱形图，随时间更新数据",
    "description": "",
    "latestVersion": 1,
    "alwaysLatest": 1,
    "createTime": "2020-07-10T02:58:06.000Z",
    "lastUpdateTime": "2020-07-10T02:58:06.000Z",
    "auth": 2,
    "uid": "bd-251912376",
    "publishedVersion": 0,
    "forkFrom": "-",
    "isSpam": 0,
    "version": 1,
    "parentVersion": -1,
    "echartsVersion": "4.8.0",
    "versionCreateTime": "2020-07-10T02:58:06.000Z",
    "html": "",
    "externalScripts": "",
    "updaterUID": "bd-251912376",
    "theme": "",
    "layout": "",
    "viewCount": 210,
    "userName": "h***0",
    "commentCount": 0,
    "starCount": 1,
    "isStared": 0,
    "thumbnailURL": "https://www.makeapie.com/ecg-storage/ec_gallery_thumbnail/xy_eUShFSj.png?v=1594349886926",
    "isCustomThumbnail": 0,
    "builtinTags": [
        "category-work",
        "grid",
        "legend",
        "series-bar",
        "tooltip"
    ],
    "customTags": [
        "bar"
    ],
    "updaterUserName": "h***0"
}