{
    "cid": "x2GnKcZ2_Y",
    "authorUid": "bd-1402301208",
    "authorUserName": "d***l",
    "title": "Graph+lines 拓扑图",
    "description": "",
    "latestVersion": 5,
    "alwaysLatest": 1,
    "createTime": "2019-08-19T06:09:27.000Z",
    "lastUpdateTime": "2019-08-19T06:09:27.000Z",
    "auth": 2,
    "uid": "bd-1402301208",
    "publishedVersion": 0,
    "forkFrom": "-",
    "isSpam": 0,
    "version": 5,
    "parentVersion": 4,
    "echartsVersion": "4.8.0",
    "versionCreateTime": "2020-09-15T03:25:10.000Z",
    "html": "",
    "externalScripts": "",
    "updaterUID": "bd-1402301208",
    "theme": "",
    "layout": "",
    "viewCount": 2437,
    "userName": "d***l",
    "commentCount": 0,
    "starCount": 11,
    "isStared": 0,
    "thumbnailURL": "https://www.makeapie.com/ecg-storage/ec_gallery_thumbnail/x2GnKcZ2_Y.png?v=1600140310932",
    "isCustomThumbnail": 0,
    "builtinTags": [
        "category-work",
        "polar",
        "series-graph",
        "series-lines",
        "title"
    ],
    "customTags": [],
    "updaterUserName": "d***l"
}