{
    "cid": "x8b2lQ4sb7",
    "authorUid": "bd-4129269411",
    "authorUserName": "1***9",
    "title": "3D学习",
    "description": "",
    "latestVersion": 3,
    "alwaysLatest": 1,
    "createTime": "2019-08-16T05:41:20.000Z",
    "lastUpdateTime": "2019-08-16T05:41:20.000Z",
    "auth": 2,
    "uid": "bd-4129269411",
    "publishedVersion": 0,
    "forkFrom": "-",
    "isSpam": 0,
    "version": 3,
    "parentVersion": 2,
    "echartsVersion": "4.2.1",
    "versionCreateTime": "2019-08-16T06:02:50.000Z",
    "html": "",
    "externalScripts": "https://echarts.baidu.com/examples/vendors/echarts-gl/echarts-gl.js",
    "updaterUID": "bd-4129269411",
    "theme": "",
    "layout": "",
    "viewCount": 174,
    "userName": "1***9",
    "commentCount": 0,
    "starCount": 2,
    "isStared": 0,
    "thumbnailURL": "https://www.makeapie.com/ecg-storage/ec_gallery_thumbnail/x8b2lQ4sb7.png?v=1565935370612",
    "isCustomThumbnail": 0,
    "builtinTags": [
        "category-work",
        "grid3D",
        "series-bar3D",
        "tooltip",
        "visualMap"
    ],
    "customTags": [],
    "updaterUserName": "1***9"
}