{
    "cid": "x9XyfZTpZ1",
    "authorUid": "bd-36670323",
    "authorUserName": "s***r",
    "title": "消防告警类型饼图",
    "description": "",
    "latestVersion": 5,
    "alwaysLatest": 1,
    "createTime": "2019-08-20T01:57:30.000Z",
    "lastUpdateTime": "2019-08-20T01:57:30.000Z",
    "auth": 2,
    "uid": "bd-36670323",
    "publishedVersion": 0,
    "forkFrom": "-",
    "isSpam": 0,
    "version": 5,
    "parentVersion": 4,
    "echartsVersion": "4.2.1",
    "versionCreateTime": "2019-08-20T06:01:38.000Z",
    "html": "",
    "externalScripts": "",
    "updaterUID": "bd-36670323",
    "theme": "",
    "layout": "",
    "viewCount": 412,
    "userName": "s***r",
    "commentCount": 0,
    "starCount": 0,
    "isStared": 0,
    "thumbnailURL": "https://www.makeapie.com/ecg-storage/ec_gallery_thumbnail/x9XyfZTpZ1.png?v=1566280898575",
    "isCustomThumbnail": 0,
    "builtinTags": [
        "category-work",
        "series-pie",
        "tooltip"
    ],
    "customTags": [],
    "updaterUserName": "s***r"
}