{
    "cid": "xaRpZhmBlf",
    "authorUid": "bd-1828767492",
    "authorUserName": "t***q",
    "title": "状态",
    "description": "From ExcelHome",
    "latestVersion": 3,
    "alwaysLatest": 1,
    "createTime": "2019-08-16T08:06:19.000Z",
    "lastUpdateTime": "2019-08-16T08:06:19.000Z",
    "auth": 2,
    "uid": "bd-1828767492",
    "publishedVersion": 0,
    "forkFrom": "-",
    "isSpam": 0,
    "version": 3,
    "parentVersion": 2,
    "echartsVersion": "4.2.1",
    "versionCreateTime": "2019-08-16T09:45:26.000Z",
    "html": "",
    "externalScripts": "",
    "updaterUID": "bd-1828767492",
    "theme": "",
    "layout": "",
    "viewCount": 323,
    "userName": "t***q",
    "commentCount": 1,
    "starCount": 2,
    "isStared": 0,
    "thumbnailURL": "https://www.makeapie.com/ecg-storage/ec_gallery_thumbnail/xaRpZhmBlf.png?v=1565948726218",
    "isCustomThumbnail": 0,
    "builtinTags": [
        "category-work",
        "grid",
        "series-bar",
        "title",
        "tooltip"
    ],
    "customTags": [],
    "updaterUserName": "t***q"
}