{
    "cid": "xiZA-PI54x",
    "authorUid": "bd-1579745590",
    "authorUserName": "水***题",
    "title": "折线图",
    "description": "pedesie",
    "latestVersion": 1,
    "alwaysLatest": 1,
    "createTime": "2019-08-15T08:26:35.000Z",
    "lastUpdateTime": "2019-08-15T08:26:35.000Z",
    "auth": 2,
    "uid": "bd-1579745590",
    "publishedVersion": 0,
    "forkFrom": "-",
    "isSpam": 0,
    "version": 1,
    "parentVersion": -1,
    "echartsVersion": "4.2.1",
    "versionCreateTime": "2019-08-15T08:26:35.000Z",
    "html": "",
    "externalScripts": "",
    "updaterUID": "bd-1579745590",
    "theme": "",
    "layout": "",
    "viewCount": 53,
    "userName": "水***题",
    "commentCount": 0,
    "starCount": 2,
    "isStared": 0,
    "thumbnailURL": "https://www.makeapie.com/ecg-storage/ec_gallery_thumbnail/xiZA-PI54x.png?v=1565857595412",
    "isCustomThumbnail": 0,
    "builtinTags": [
        "category-work",
        "grid",
        "series-line",
        "tooltip"
    ],
    "customTags": [
        "pedesis"
    ],
    "updaterUserName": "水***题"
}