{
    "cid": "xk7OJovCPh",
    "authorUid": "bd-2856137297",
    "authorUserName": "落***青",
    "title": "半定量项目质控图",
    "description": "带cut-0ff界限的半定量 质控图",
    "latestVersion": 2,
    "alwaysLatest": 1,
    "createTime": "2019-08-16T07:49:03.000Z",
    "lastUpdateTime": "2019-08-16T07:49:03.000Z",
    "auth": 2,
    "uid": "bd-2856137297",
    "publishedVersion": 0,
    "forkFrom": "-",
    "isSpam": 0,
    "version": 2,
    "parentVersion": 1,
    "echartsVersion": "4.4.0",
    "versionCreateTime": "2019-11-08T04:14:34.000Z",
    "html": "",
    "externalScripts": "",
    "updaterUID": "bd-2856137297",
    "theme": "",
    "layout": "",
    "viewCount": 285,
    "userName": "落***青",
    "commentCount": 0,
    "starCount": 1,
    "isStared": 0,
    "thumbnailURL": "https://www.makeapie.com/ecg-storage/ec_gallery_thumbnail/xk7OJovCPh.png?v=1573186474104",
    "isCustomThumbnail": 0,
    "builtinTags": [
        "category-work",
        "grid",
        "markArea",
        "markLine",
        "markPoint",
        "series-bar",
        "series-line",
        "series-scatter",
        "tooltip"
    ],
    "customTags": [],
    "updaterUserName": "落***青"
}