{
    "cid": "xktNgVi4ge",
    "authorUid": "bd-2304124606",
    "authorUserName": "小***3",
    "title": "地图下钻+离散点",
    "description": "data from PM25.in",
    "latestVersion": 7,
    "alwaysLatest": 1,
    "createTime": "2019-08-19T08:14:40.000Z",
    "lastUpdateTime": "2019-08-19T08:14:40.000Z",
    "auth": 2,
    "uid": "bd-2304124606",
    "publishedVersion": 0,
    "forkFrom": "-",
    "isSpam": 0,
    "version": 7,
    "parentVersion": 6,
    "echartsVersion": "4.2.1",
    "versionCreateTime": "2019-08-20T06:25:06.000Z",
    "html": "",
    "externalScripts": "",
    "updaterUID": "bd-2304124606",
    "theme": "",
    "layout": "",
    "viewCount": 1279,
    "userName": "小***3",
    "commentCount": 1,
    "starCount": 4,
    "isStared": 0,
    "thumbnailURL": "https://www.makeapie.com/ecg-storage/ec_gallery_thumbnail/xktNgVi4ge.png?v=1566202480779",
    "isCustomThumbnail": 1,
    "builtinTags": [
        "category-work",
        "geo",
        "series-effectScatter",
        "series-map",
        "tooltip",
        "visualMap"
    ],
    "customTags": [],
    "updaterUserName": "小***3"
}