{
    "cid": "xlb6Btp05F",
    "authorUid": "bd-721745551",
    "authorUserName": "y***9",
    "title": "组织结构图",
    "description": "组织结构图",
    "latestVersion": 1,
    "alwaysLatest": 1,
    "createTime": "2019-08-16T00:45:14.000Z",
    "lastUpdateTime": "2019-08-16T00:45:14.000Z",
    "auth": 2,
    "uid": "bd-721745551",
    "publishedVersion": 0,
    "forkFrom": "-",
    "isSpam": 0,
    "version": 1,
    "parentVersion": -1,
    "echartsVersion": "4.2.1",
    "versionCreateTime": "2019-08-16T00:45:14.000Z",
    "html": "",
    "externalScripts": "",
    "updaterUID": "bd-721745551",
    "theme": "",
    "layout": "",
    "viewCount": 414,
    "userName": "y***9",
    "commentCount": 0,
    "starCount": 0,
    "isStared": 0,
    "thumbnailURL": "https://www.makeapie.com/ecg-storage/ec_gallery_thumbnail/xlb6Btp05F.png?v=1565916315026",
    "isCustomThumbnail": 0,
    "builtinTags": [
        "category-work",
        "series-tree",
        "title",
        "toolbox",
        "tooltip"
    ],
    "customTags": [],
    "updaterUserName": "y***9"
}