{
    "cid": "xnS4LmmduQ",
    "authorUid": "bd-181101713",
    "authorUserName": "j***6",
    "title": "报修物品类型分布图",
    "description": "简单饼图",
    "latestVersion": 4,
    "alwaysLatest": 1,
    "createTime": "2019-08-20T05:58:43.000Z",
    "lastUpdateTime": "2019-08-20T05:58:43.000Z",
    "auth": 2,
    "uid": "bd-181101713",
    "publishedVersion": 0,
    "forkFrom": "-",
    "isSpam": 0,
    "version": 4,
    "parentVersion": 3,
    "echartsVersion": "4.2.1",
    "versionCreateTime": "2019-08-22T08:34:13.000Z",
    "html": "",
    "externalScripts": "",
    "updaterUID": "bd-181101713",
    "theme": "",
    "layout": "",
    "viewCount": 52,
    "userName": "j***6",
    "commentCount": 0,
    "starCount": 1,
    "isStared": 0,
    "thumbnailURL": "https://www.makeapie.com/ecg-storage/ec_gallery_thumbnail/xnS4LmmduQ.png?v=1566462853664",
    "isCustomThumbnail": 0,
    "builtinTags": [
        "category-work",
        "legend",
        "series-pie",
        "title",
        "toolbox",
        "tooltip"
    ],
    "customTags": [],
    "updaterUserName": "j***6"
}