{
    "cid": "xovnyHW3fs",
    "authorUid": "bd-749254193",
    "authorUserName": "欧***一",
    "title": "18年19年智能表水量对比",
    "description": "18年19年智能表水量对比",
    "latestVersion": 2,
    "alwaysLatest": 1,
    "createTime": "2019-08-15T09:41:18.000Z",
    "lastUpdateTime": "2019-08-15T09:41:18.000Z",
    "auth": 2,
    "uid": "bd-749254193",
    "publishedVersion": 0,
    "forkFrom": "-",
    "isSpam": 0,
    "version": 2,
    "parentVersion": 1,
    "echartsVersion": "4.4.0",
    "versionCreateTime": "2020-01-16T08:34:40.000Z",
    "html": "",
    "externalScripts": "",
    "updaterUID": "bd-749254193",
    "theme": "macarons",
    "layout": "",
    "viewCount": 121,
    "userName": "欧***一",
    "commentCount": 0,
    "starCount": 1,
    "isStared": 0,
    "thumbnailURL": "https://www.makeapie.com/ecg-storage/ec_gallery_thumbnail/xovnyHW3fs.png?v=1579163680179",
    "isCustomThumbnail": 0,
    "builtinTags": [
        "category-work",
        "grid",
        "legend",
        "series-bar",
        "series-line",
        "title",
        "toolbox",
        "tooltip"
    ],
    "customTags": [],
    "updaterUserName": "欧***一"
}