{
    "cid": "xoVzhQiNTJ",
    "authorUid": "bd-2617406112",
    "authorUserName": "a***9",
    "title": "各日期订单数",
    "description": "",
    "latestVersion": 1,
    "alwaysLatest": 1,
    "createTime": "2019-08-20T01:43:15.000Z",
    "lastUpdateTime": "2019-08-20T01:43:15.000Z",
    "auth": 2,
    "uid": "bd-2617406112",
    "publishedVersion": 0,
    "forkFrom": "-",
    "isSpam": 0,
    "version": 1,
    "parentVersion": -1,
    "echartsVersion": "4.2.1",
    "versionCreateTime": "2019-08-20T01:43:15.000Z",
    "html": "",
    "externalScripts": "",
    "updaterUID": "bd-2617406112",
    "theme": "",
    "layout": "",
    "viewCount": 15,
    "userName": "a***9",
    "commentCount": 0,
    "starCount": 0,
    "isStared": 0,
    "thumbnailURL": "https://www.makeapie.com/ecg-storage/ec_gallery_thumbnail/xoVzhQiNTJ.png?v=1566265395493",
    "isCustomThumbnail": 0,
    "builtinTags": [
        "category-work",
        "grid",
        "series-line",
        "tooltip"
    ],
    "customTags": [],
    "updaterUserName": "a***9"
}