{
    "cid": "xowqfGiwf5",
    "authorUid": "bd-36670323",
    "authorUserName": "s***r",
    "title": "消防水饼图",
    "description": "",
    "latestVersion": 2,
    "alwaysLatest": 1,
    "createTime": "2019-08-20T01:56:22.000Z",
    "lastUpdateTime": "2019-08-20T01:56:22.000Z",
    "auth": 2,
    "uid": "bd-36670323",
    "publishedVersion": 0,
    "forkFrom": "-",
    "isSpam": 0,
    "version": 2,
    "parentVersion": 1,
    "echartsVersion": "4.2.1",
    "versionCreateTime": "2019-08-20T06:09:01.000Z",
    "html": "",
    "externalScripts": "",
    "updaterUID": "bd-36670323",
    "theme": "",
    "layout": "",
    "viewCount": 107,
    "userName": "s***r",
    "commentCount": 0,
    "starCount": 0,
    "isStared": 0,
    "thumbnailURL": "https://www.makeapie.com/ecg-storage/ec_gallery_thumbnail/xowqfGiwf5.png?v=1566281341363",
    "isCustomThumbnail": 0,
    "builtinTags": [
        "category-work",
        "series-pie",
        "tooltip"
    ],
    "customTags": [],
    "updaterUserName": "s***r"
}