{
    "cid": "xQmGNE_Yk_",
    "authorUid": "bd-749254193",
    "authorUserName": "欧***一",
    "title": "在线水表分析",
    "description": "",
    "latestVersion": 1,
    "alwaysLatest": 1,
    "createTime": "2019-08-16T06:02:58.000Z",
    "lastUpdateTime": "2019-08-16T06:02:58.000Z",
    "auth": 2,
    "uid": "bd-749254193",
    "publishedVersion": 0,
    "forkFrom": "-",
    "isSpam": 0,
    "version": 1,
    "parentVersion": -1,
    "echartsVersion": "4.2.1",
    "versionCreateTime": "2019-08-16T06:02:58.000Z",
    "html": "",
    "externalScripts": "",
    "updaterUID": "bd-749254193",
    "theme": "",
    "layout": "",
    "viewCount": 110,
    "userName": "欧***一",
    "commentCount": 0,
    "starCount": 0,
    "isStared": 0,
    "thumbnailURL": "https://www.makeapie.com/ecg-storage/ec_gallery_thumbnail/xQmGNE_Yk_.png?v=1565935378740",
    "isCustomThumbnail": 0,
    "builtinTags": [
        "category-work",
        "legend",
        "series-pie",
        "tooltip"
    ],
    "customTags": [],
    "updaterUserName": "欧***一"
}