{
    "cid": "xTMmGhG4UA",
    "authorUid": "bd-3808521487",
    "authorUserName": "请***片",
    "title": "3d 曲面图",
    "description": "",
    "latestVersion": 1,
    "alwaysLatest": 1,
    "createTime": "2019-08-19T04:10:58.000Z",
    "lastUpdateTime": "2019-08-19T04:10:58.000Z",
    "auth": 1,
    "uid": "bd-3808521487",
    "publishedVersion": 0,
    "forkFrom": "-",
    "isSpam": 0,
    "version": 1,
    "parentVersion": -1,
    "echartsVersion": "4.2.1",
    "versionCreateTime": "2019-08-19T04:10:58.000Z",
    "html": "",
    "externalScripts": "https://echarts.baidu.com/dist/echarts-gl.min.js,https://cdn.bootcss.com/moment.js/2.24.0/moment.min.js",
    "updaterUID": "bd-3808521487",
    "theme": "",
    "layout": "",
    "viewCount": 184,
    "userName": "请***片",
    "commentCount": 0,
    "starCount": 0,
    "isStared": 0,
    "thumbnailURL": "https://www.makeapie.com/ecg-storage/ec_gallery_thumbnail/xTMmGhG4UA.png?v=1566187858886",
    "isCustomThumbnail": 0,
    "builtinTags": [
        "category-work",
        "grid3D",
        "series-surface",
        "tooltip",
        "visualMap"
    ],
    "customTags": [],
    "updaterUserName": "请***片"
}