{
    "cid": "xVGCbW3UuF",
    "authorUid": "bd-927643697",
    "authorUserName": "N***4",
    "title": "正弦标识线",
    "description": "",
    "latestVersion": 1,
    "alwaysLatest": 1,
    "createTime": "2019-08-16T08:54:48.000Z",
    "lastUpdateTime": "2019-08-16T08:54:48.000Z",
    "auth": 2,
    "uid": "bd-927643697",
    "publishedVersion": 0,
    "forkFrom": "-",
    "isSpam": 0,
    "version": 1,
    "parentVersion": -1,
    "echartsVersion": "4.2.1",
    "versionCreateTime": "2019-08-16T08:54:48.000Z",
    "html": "",
    "externalScripts": "",
    "updaterUID": "bd-927643697",
    "theme": "",
    "layout": "",
    "viewCount": 197,
    "userName": "N***4",
    "commentCount": 0,
    "starCount": 0,
    "isStared": 0,
    "thumbnailURL": "https://www.makeapie.com/ecg-storage/ec_gallery_thumbnail/xVGCbW3UuF.png?v=1565945688687",
    "isCustomThumbnail": 0,
    "builtinTags": [
        "category-work",
        "grid",
        "legend",
        "series-line",
        "series-scatter",
        "title",
        "tooltip"
    ],
    "customTags": [],
    "updaterUserName": "N***4"
}