{
    "cid": "xDsA9ccOA7",
    "authorUid": "bd-1309162528",
    "authorUserName": "小***7",
    "title": "渐变柱状图",
    "description": "",
    "latestVersion": 2,
    "alwaysLatest": 0,
    "createTime": "2021-05-19T08:07:47.000Z",
    "lastUpdateTime": "2021-05-19T08:07:47.000Z",
    "auth": 2,
    "uid": "bd-1309162528",
    "publishedVersion": 0,
    "forkFrom": "-",
    "isSpam": 0,
    "version": 2,
    "parentVersion": 1,
    "echartsVersion": "5.1.1",
    "versionCreateTime": "2021-05-24T02:53:57.000Z",
    "html": "",
    "externalScripts": "",
    "updaterUID": "bd-1309162528",
    "theme": "",
    "layout": "",
    "viewCount": 0,
    "userName": "小***7",
    "commentCount": 0,
    "starCount": 6,
    "isStared": 0,
    "thumbnailURL": "https://www.makeapie.com/ecg-storage/ec_gallery_thumbnail/xDsA9ccOA7.png?v=1621824837702",
    "isCustomThumbnail": 0,
    "builtinTags": [
        "category-work",
        "grid",
        "legend",
        "series-bar"
    ],
    "customTags": [],
    "updaterUserName": "小***7"
}