{
    "cid": "xENFM7gOUL",
    "authorUid": "obd-oCGcWiu2X_5p6aWJAKO-cNDHOf5vJ35",
    "authorUserName": "花***舞",
    "title": "近六月停车趋势",
    "description": "最高水平，平均水平，最低水平",
    "latestVersion": 2,
    "alwaysLatest": 0,
    "createTime": "2021-05-19T10:22:25.000Z",
    "lastUpdateTime": "2021-08-24T10:09:02.000Z",
    "auth": 1,
    "uid": "obd-oCGcWiu2X_5p6aWJAKO-cNDHOf5vJ35",
    "publishedVersion": 0,
    "forkFrom": "-",
    "isSpam": 0,
    "version": 2,
    "parentVersion": 1,
    "echartsVersion": "5.1.1",
    "versionCreateTime": "2021-08-24T10:09:02.000Z",
    "html": "",
    "externalScripts": "",
    "updaterUID": "bd-2117324520",
    "theme": "",
    "layout": "",
    "viewCount": 0,
    "userName": "花***舞",
    "commentCount": 0,
    "starCount": 0,
    "isStared": 0,
    "thumbnailURL": "https://www.makeapie.com/ecg-storage/ec_gallery_thumbnail/xENFM7gOUL.png?v=1629799742402",
    "isCustomThumbnail": 0,
    "builtinTags": [
        "category-work",
        "grid",
        "series-line",
        "title",
        "tooltip"
    ],
    "customTags": [],
    "updaterUserName": "z***r"
}