{
    "cid": "xeSYrC7gC3",
    "authorUid": "bd-659604629",
    "authorUserName": "1***右",
    "title": "bar",
    "description": "",
    "latestVersion": 1,
    "alwaysLatest": 0,
    "createTime": "2021-05-19T09:40:48.000Z",
    "lastUpdateTime": "2021-05-19T09:40:48.000Z",
    "auth": 2,
    "uid": "bd-659604629",
    "publishedVersion": 0,
    "forkFrom": "-",
    "isSpam": 0,
    "version": 1,
    "parentVersion": -1,
    "echartsVersion": "5.1.1",
    "versionCreateTime": "2021-05-19T09:40:48.000Z",
    "html": "",
    "externalScripts": "",
    "updaterUID": "bd-659604629",
    "theme": "",
    "layout": "",
    "viewCount": 0,
    "userName": "1***右",
    "commentCount": 0,
    "starCount": 0,
    "isStared": 0,
    "thumbnailURL": "https://www.makeapie.com/ecg-storage/ec_gallery_thumbnail/xeSYrC7gC3.png?v=1621417248657",
    "isCustomThumbnail": 0,
    "builtinTags": [
        "category-work",
        "grid",
        "series-bar",
        "tooltip"
    ],
    "customTags": [],
    "updaterUserName": "1***右"
}