{
    "cid": "xfx4oqIOQg",
    "authorUid": "obd-oPb-br8qMzQ5Rn0Wo-QZxwFVi5hNl9i",
    "authorUserName": "我***解",
    "title": "堆积柱状图",
    "description": "",
    "latestVersion": 1,
    "alwaysLatest": 0,
    "createTime": "2021-05-20T02:53:24.000Z",
    "lastUpdateTime": "2021-05-20T02:53:24.000Z",
    "auth": 1,
    "uid": "obd-oPb-br8qMzQ5Rn0Wo-QZxwFVi5hNl9i",
    "publishedVersion": 0,
    "forkFrom": "-",
    "isSpam": 0,
    "version": 1,
    "parentVersion": -1,
    "echartsVersion": "5.1.1",
    "versionCreateTime": "2021-05-20T02:53:24.000Z",
    "html": "",
    "externalScripts": "",
    "updaterUID": "obd-oPb-br8qMzQ5Rn0Wo-QZxwFVi5hNl9i",
    "theme": "",
    "layout": "",
    "viewCount": 0,
    "userName": "我***解",
    "commentCount": 0,
    "starCount": 0,
    "isStared": 0,
    "thumbnailURL": "https://www.makeapie.com/ecg-storage/ec_gallery_thumbnail/xfx4oqIOQg.png?v=1621479204354",
    "isCustomThumbnail": 0,
    "builtinTags": [
        "category-work",
        "grid",
        "legend",
        "series-bar",
        "tooltip"
    ],
    "customTags": [
        "bar"
    ],
    "updaterUserName": "我***解"
}