{
    "cid": "xipO_zivKB",
    "authorUid": "bd-688927624",
    "authorUserName": "l***7",
    "title": "电站状态",
    "description": "",
    "latestVersion": 1,
    "alwaysLatest": 0,
    "createTime": "2021-05-19T09:39:34.000Z",
    "lastUpdateTime": "2021-05-19T09:39:34.000Z",
    "auth": 2,
    "uid": "bd-688927624",
    "publishedVersion": 0,
    "forkFrom": "-",
    "isSpam": 0,
    "version": 1,
    "parentVersion": -1,
    "echartsVersion": "5.1.1",
    "versionCreateTime": "2021-05-19T09:39:34.000Z",
    "html": "",
    "externalScripts": "",
    "updaterUID": "bd-688927624",
    "theme": "",
    "layout": "",
    "viewCount": 0,
    "userName": "l***7",
    "commentCount": 0,
    "starCount": 1,
    "isStared": 0,
    "thumbnailURL": "https://www.makeapie.com/ecg-storage/ec_gallery_thumbnail/xipO_zivKB.png?v=1621417174440",
    "isCustomThumbnail": 0,
    "builtinTags": [
        "category-work",
        "legend",
        "series-pie",
        "title"
    ],
    "customTags": [],
    "updaterUserName": "l***7"
}