{
    "cid": "xz1AMs2avk",
    "authorUid": "obd-oMZboHfkOCO8vSHtpa3iJelPGV7_-2j",
    "authorUserName": "距***离",
    "title": "立体柱图",
    "description": "",
    "latestVersion": 1,
    "alwaysLatest": 0,
    "createTime": "2021-05-20T01:24:50.000Z",
    "lastUpdateTime": "2021-05-20T01:24:50.000Z",
    "auth": 2,
    "uid": "obd-oMZboHfkOCO8vSHtpa3iJelPGV7_-2j",
    "publishedVersion": 0,
    "forkFrom": "-",
    "isSpam": 0,
    "version": 1,
    "parentVersion": -1,
    "echartsVersion": "4.9.0",
    "versionCreateTime": "2021-05-20T01:24:50.000Z",
    "html": "",
    "externalScripts": "",
    "updaterUID": "obd-oMZboHfkOCO8vSHtpa3iJelPGV7_-2j",
    "theme": "",
    "layout": "",
    "viewCount": 0,
    "userName": "距***离",
    "commentCount": 0,
    "starCount": 1,
    "isStared": 0,
    "thumbnailURL": "https://www.makeapie.com/ecg-storage/ec_gallery_thumbnail/xz1AMs2avk.png?v=1621473890998",
    "isCustomThumbnail": 0,
    "builtinTags": [
        "category-work",
        "grid",
        "legend",
        "series-custom",
        "tooltip"
    ],
    "customTags": [],
    "updaterUserName": "距***离"
}