{
    "cid": "x5x9Ckaw0C",
    "authorUid": "obd-oAg1eYO4QuHK-vm2kQGAJCtuxn1907b",
    "authorUserName": "s***9",
    "title": "图表系列2",
    "description": "",
    "latestVersion": 1,
    "alwaysLatest": 0,
    "createTime": "2021-11-12T05:27:36.000Z",
    "lastUpdateTime": "2021-11-12T05:27:36.000Z",
    "auth": 1,
    "uid": "obd-oAg1eYO4QuHK-vm2kQGAJCtuxn1907b",
    "publishedVersion": 0,
    "forkFrom": "-",
    "isSpam": 0,
    "version": 1,
    "parentVersion": -1,
    "echartsVersion": "5.2.2",
    "versionCreateTime": "2021-11-12T05:27:36.000Z",
    "html": "",
    "externalScripts": "",
    "updaterUID": "obd-oAg1eYO4QuHK-vm2kQGAJCtuxn1907b",
    "theme": "",
    "layout": "",
    "viewCount": 0,
    "userName": "s***9",
    "commentCount": 0,
    "starCount": 2,
    "isStared": 0,
    "thumbnailURL": "https://www.makeapie.com/ecg-storage/ec_gallery_thumbnail/x5x9Ckaw0C.png?v=1636694856228",
    "isCustomThumbnail": 0,
    "builtinTags": [
        "category-work",
        "grid",
        "legend",
        "series-bar",
        "tooltip"
    ],
    "customTags": [],
    "updaterUserName": "s***9"
}