{
    "cid": "x9f0o2s3GS",
    "authorUid": "obd-o-WeIDz9pQFG3HlZjbY3v-MnvKKSvAj",
    "authorUserName": "王***表",
    "title": "饼图--边框",
    "description": "信息产业",
    "latestVersion": 1,
    "alwaysLatest": 0,
    "createTime": "2021-11-12T08:07:12.000Z",
    "lastUpdateTime": "2021-11-12T08:07:12.000Z",
    "auth": 2,
    "uid": "obd-o-WeIDz9pQFG3HlZjbY3v-MnvKKSvAj",
    "publishedVersion": 0,
    "forkFrom": "-",
    "isSpam": 0,
    "version": 1,
    "parentVersion": -1,
    "echartsVersion": "5.2.2",
    "versionCreateTime": "2021-11-12T08:07:12.000Z",
    "html": "",
    "externalScripts": "",
    "updaterUID": "obd-o-WeIDz9pQFG3HlZjbY3v-MnvKKSvAj",
    "theme": "",
    "layout": "",
    "viewCount": 0,
    "userName": "王***表",
    "commentCount": 0,
    "starCount": 1,
    "isStared": 0,
    "thumbnailURL": "https://www.makeapie.com/ecg-storage/ec_gallery_thumbnail/x9f0o2s3GS.png?v=1636704432648",
    "isCustomThumbnail": 0,
    "builtinTags": [
        "category-work",
        "legend",
        "series-pie",
        "title"
    ],
    "customTags": [
        "pie"
    ],
    "updaterUserName": "王***表"
}