{
    "cid": "xagnq58HSS",
    "authorUid": "obd-oETgwvt7DrTObml-zz9rR_u32LvxM4X",
    "authorUserName": "回***点",
    "title": "3D柱状图",
    "description": "3D柱状图",
    "latestVersion": 3,
    "alwaysLatest": 0,
    "createTime": "2021-11-12T10:19:00.000Z",
    "lastUpdateTime": "2021-11-16T06:17:39.000Z",
    "auth": 2,
    "uid": "obd-oETgwvt7DrTObml-zz9rR_u32LvxM4X",
    "publishedVersion": 0,
    "forkFrom": "-",
    "isSpam": 0,
    "version": 3,
    "parentVersion": 2,
    "echartsVersion": "5.2.2",
    "versionCreateTime": "2021-11-16T06:17:39.000Z",
    "html": "",
    "externalScripts": "",
    "updaterUID": "obd-oETgwvt7DrTObml-zz9rR_u32LvxM4X",
    "theme": "",
    "layout": "",
    "viewCount": 0,
    "userName": "回***点",
    "commentCount": 0,
    "starCount": 0,
    "isStared": 0,
    "thumbnailURL": "https://www.makeapie.com/ecg-storage/ec_gallery_thumbnail/xagnq58HSS.png?v=1637043460077",
    "isCustomThumbnail": 0,
    "builtinTags": [
        "category-work",
        "grid",
        "series-bar",
        "series-effectScatter",
        "series-pictorialBar"
    ],
    "customTags": [],
    "updaterUserName": "回***点"
}