{
    "cid": "xDHZC-AkxA",
    "authorUid": "obd-o-WeIDz9pQFG3HlZjbY3v-MnvKKSvAj",
    "authorUserName": "王***表",
    "title": "自定义图片的tree",
    "description": "",
    "latestVersion": 2,
    "alwaysLatest": 0,
    "createTime": "2021-11-12T08:02:26.000Z",
    "lastUpdateTime": "2021-11-12T08:36:22.000Z",
    "auth": 2,
    "uid": "obd-o-WeIDz9pQFG3HlZjbY3v-MnvKKSvAj",
    "publishedVersion": 0,
    "forkFrom": "-",
    "isSpam": 0,
    "version": 2,
    "parentVersion": 1,
    "echartsVersion": "5.2.2",
    "versionCreateTime": "2021-11-12T08:36:22.000Z",
    "html": "",
    "externalScripts": "",
    "updaterUID": "obd-o-WeIDz9pQFG3HlZjbY3v-MnvKKSvAj",
    "theme": "",
    "layout": "",
    "viewCount": 0,
    "userName": "王***表",
    "commentCount": 0,
    "starCount": 2,
    "isStared": 0,
    "thumbnailURL": "https://www.makeapie.com/ecg-storage/ec_gallery_thumbnail/xDHZC-AkxA.png?v=1636704147209",
    "isCustomThumbnail": 1,
    "builtinTags": [
        "category-work",
        "grid",
        "series-bar",
        "title"
    ],
    "customTags": [
        "tree"
    ],
    "updaterUserName": "王***表"
}