{
    "cid": "xQQq0QpHII",
    "authorUid": "obd-oMLbfwM7lRUCiBfrIF3uVAHIPC9Qa2u",
    "authorUserName": "t***1",
    "title": "折线图-很普通的",
    "description": "数据不同可以自行修改配置 看注释",
    "latestVersion": 6,
    "alwaysLatest": 0,
    "createTime": "2021-11-12T07:19:50.000Z",
    "lastUpdateTime": "2021-11-12T10:35:29.000Z",
    "auth": 2,
    "uid": "obd-oMLbfwM7lRUCiBfrIF3uVAHIPC9Qa2u",
    "publishedVersion": 0,
    "forkFrom": "-",
    "isSpam": 0,
    "version": 6,
    "parentVersion": 5,
    "echartsVersion": "4.8.0",
    "versionCreateTime": "2021-11-12T10:35:29.000Z",
    "html": "",
    "externalScripts": "",
    "updaterUID": "obd-oMLbfwM7lRUCiBfrIF3uVAHIPC9Qa2u",
    "theme": "",
    "layout": "",
    "viewCount": 0,
    "userName": "t***1",
    "commentCount": 0,
    "starCount": 0,
    "isStared": 0,
    "thumbnailURL": "https://www.makeapie.com/ecg-storage/ec_gallery_thumbnail/xQQq0QpHII.png?v=1636713330102",
    "isCustomThumbnail": 0,
    "builtinTags": [
        "category-work",
        "grid",
        "legend",
        "series-line",
        "title",
        "tooltip"
    ],
    "customTags": [],
    "updaterUserName": "t***1"
}