{
    "cid": "xy6XqX9Ags",
    "authorUid": "obd-olkA2wM1LpX6NTAT1647s5RvLoXTD0M",
    "authorUserName": "T***Y",
    "title": "螺旋图",
    "description": "",
    "latestVersion": 3,
    "alwaysLatest": 1,
    "createTime": "2021-11-12T03:46:41.000Z",
    "lastUpdateTime": "2021-11-12T03:49:13.000Z",
    "auth": 2,
    "uid": "obd-olkA2wM1LpX6NTAT1647s5RvLoXTD0M",
    "publishedVersion": 0,
    "forkFrom": "-",
    "isSpam": 0,
    "version": 3,
    "parentVersion": 2,
    "echartsVersion": "5.2.2",
    "versionCreateTime": "2021-11-12T03:49:13.000Z",
    "html": "",
    "externalScripts": "",
    "updaterUID": "obd-olkA2wM1LpX6NTAT1647s5RvLoXTD0M",
    "theme": "infographic",
    "layout": "",
    "viewCount": 0,
    "userName": "T***Y",
    "commentCount": 0,
    "starCount": 0,
    "isStared": 0,
    "thumbnailURL": "https://www.makeapie.com/ecg-storage/ec_gallery_thumbnail/xy6XqX9Ags.png?v=1636688801224",
    "isCustomThumbnail": 1,
    "builtinTags": [
        "category-work",
        "graphic",
        "series-pie",
        "toolbox",
        "tooltip"
    ],
    "customTags": [],
    "updaterUserName": "T***Y"
}