{
    "cid": "xBJJEFJjeM",
    "authorUid": "bd-1530780611",
    "authorUserName": "花了开森森",
    "title": "各类型电影票房比较",
    "description": "各类型电影总票房比较",
    "latestVersion": 1,
    "alwaysLatest": 1,
    "createTime": "2017-11-28T13:48:23.000Z",
    "lastUpdateTime": "2017-11-28T13:48:23.000Z",
    "auth": 2,
    "uid": "bd-1530780611",
    "publishedVersion": 0,
    "forkFrom": "-",
    "isSpam": 0,
    "version": 1,
    "parentVersion": -1,
    "echartsVersion": "3.8.0",
    "versionCreateTime": "2017-11-28T13:48:23.000Z",
    "html": "",
    "externalScripts": "",
    "updaterUID": "bd-1530780611",
    "theme": "",
    "layout": "",
    "viewCount": 314,
    "userName": "花了开森森",
    "commentCount": 0,
    "starCount": 0,
    "isStared": 0,
    "thumbnailURL": "https://www.makeapie.com/ecg-storage/ec_gallery_thumbnail/xBJJEFJjeM.png?v=1511876903582",
    "isCustomThumbnail": 0,
    "builtinTags": [
        "category-work",
        "legend",
        "series-pie",
        "tooltip"
    ],
    "customTags": [],
    "updaterUserName": "花了开森森"
}