{
    "cid": "xBJSUYZ2ef",
    "authorUid": "bd-2677508976",
    "authorUserName": "水墨23334",
    "title": "各档期电影票房统计图",
    "description": "各档期电影票房统计图",
    "latestVersion": 3,
    "alwaysLatest": 1,
    "createTime": "2017-11-29T10:17:49.000Z",
    "lastUpdateTime": "2017-11-29T10:17:49.000Z",
    "auth": 2,
    "uid": "bd-2677508976",
    "publishedVersion": 0,
    "forkFrom": "-",
    "isSpam": 0,
    "version": 3,
    "parentVersion": 2,
    "echartsVersion": "3.8.0",
    "versionCreateTime": "2017-11-29T10:20:26.000Z",
    "html": "",
    "externalScripts": "",
    "updaterUID": "bd-2677508976",
    "theme": "",
    "layout": "",
    "viewCount": 889,
    "userName": "水墨23334",
    "commentCount": 0,
    "starCount": 4,
    "isStared": 0,
    "thumbnailURL": "https://www.makeapie.com/ecg-storage/ec_gallery_thumbnail/xBJSUYZ2ef.png?v=1511950826398",
    "isCustomThumbnail": 0,
    "builtinTags": [
        "category-work",
        "series-pie",
        "title",
        "tooltip",
        "visualMap"
    ],
    "customTags": [],
    "updaterUserName": "水墨23334"
}