{
    "cid": "xBklrSCqgz",
    "authorUid": "bd-2618800628",
    "authorUserName": "xuzhenhuiboy",
    "title": "深圳市外来人口特征分布",
    "description": "",
    "latestVersion": 1,
    "alwaysLatest": 1,
    "createTime": "2017-11-28T12:23:19.000Z",
    "lastUpdateTime": "2017-11-28T12:23:19.000Z",
    "auth": 2,
    "uid": "bd-2618800628",
    "publishedVersion": 0,
    "forkFrom": "-",
    "isSpam": 0,
    "version": 1,
    "parentVersion": -1,
    "echartsVersion": "3.8.0",
    "versionCreateTime": "2017-11-28T12:23:19.000Z",
    "html": "",
    "externalScripts": "",
    "updaterUID": "bd-2618800628",
    "theme": "",
    "layout": "",
    "viewCount": 1058,
    "userName": "xuzhenhuiboy",
    "commentCount": 0,
    "starCount": 6,
    "isStared": 0,
    "thumbnailURL": "https://www.makeapie.com/ecg-storage/ec_gallery_thumbnail/xBklrSCqgz.png?v=1511871800001",
    "isCustomThumbnail": 0,
    "builtinTags": [
        "category-work",
        "series-pie",
        "title",
        "tooltip"
    ],
    "customTags": [],
    "updaterUserName": "xuzhenhuiboy"
}