{
    "cid": "xH1LqCUcxz",
    "authorUid": "bd-1855122418",
    "authorUserName": "188******78",
    "title": "应用总数：15",
    "description": "",
    "latestVersion": 7,
    "alwaysLatest": 1,
    "createTime": "2017-11-28T03:57:02.000Z",
    "lastUpdateTime": "2017-12-04T12:10:07.000Z",
    "auth": 2,
    "uid": "bd-1855122418",
    "publishedVersion": 0,
    "forkFrom": "-",
    "isSpam": 0,
    "version": 7,
    "parentVersion": 6,
    "echartsVersion": "3.8.0",
    "versionCreateTime": "2017-12-04T11:54:38.000Z",
    "html": "",
    "externalScripts": "",
    "updaterUID": "bd-1855122418",
    "theme": "infographic",
    "layout": "",
    "viewCount": 256,
    "userName": "188******78",
    "commentCount": 0,
    "starCount": 1,
    "isStared": 0,
    "thumbnailURL": "https://www.makeapie.com/ecg-storage/ec_gallery_thumbnail/xH1LqCUcxz.png?v=1512388478311",
    "isCustomThumbnail": 0,
    "builtinTags": [],
    "customTags": [],
    "updaterUserName": "188******78"
}