{
    "cid": "xH1mNaGhxf",
    "authorUid": "bd-740583665",
    "authorUserName": "陈聪179",
    "title": "2016年74城市环境比例",
    "description": "作业",
    "latestVersion": 1,
    "alwaysLatest": 1,
    "createTime": "2017-11-29T11:42:34.000Z",
    "lastUpdateTime": "2017-11-29T11:42:34.000Z",
    "auth": 2,
    "uid": "bd-740583665",
    "publishedVersion": 0,
    "forkFrom": "-",
    "isSpam": 0,
    "version": 1,
    "parentVersion": -1,
    "echartsVersion": "3.8.0",
    "versionCreateTime": "2017-11-29T11:42:34.000Z",
    "html": "",
    "externalScripts": "",
    "updaterUID": "bd-740583665",
    "theme": "",
    "layout": "",
    "viewCount": 72,
    "userName": "陈聪179",
    "commentCount": 0,
    "starCount": 0,
    "isStared": 0,
    "thumbnailURL": "https://www.makeapie.com/ecg-storage/ec_gallery_thumbnail/xH1mNaGhxf.png?v=1511955755016",
    "isCustomThumbnail": 0,
    "builtinTags": [
        "category-work",
        "legend",
        "series-pie",
        "title",
        "tooltip"
    ],
    "customTags": [],
    "updaterUserName": "陈聪179"
}