{
    "cid": "xH1Q_DMheG",
    "authorUid": "bd-2731329764",
    "authorUserName": "185******40",
    "title": "2016北京空气质量统计图",
    "description": "",
    "latestVersion": 1,
    "alwaysLatest": 1,
    "createTime": "2017-11-29T11:18:02.000Z",
    "lastUpdateTime": "2017-11-29T11:18:02.000Z",
    "auth": 2,
    "uid": "bd-2731329764",
    "publishedVersion": 0,
    "forkFrom": "-",
    "isSpam": 0,
    "version": 1,
    "parentVersion": -1,
    "echartsVersion": "3.8.0",
    "versionCreateTime": "2017-11-29T11:18:02.000Z",
    "html": "",
    "externalScripts": "",
    "updaterUID": "bd-2731329764",
    "theme": "",
    "layout": "",
    "viewCount": 131,
    "userName": "185******40",
    "commentCount": 0,
    "starCount": 0,
    "isStared": 0,
    "thumbnailURL": "https://www.makeapie.com/ecg-storage/ec_gallery_thumbnail/xH1Q_DMheG.png?v=1511954282862",
    "isCustomThumbnail": 0,
    "builtinTags": [
        "category-work",
        "legend",
        "series-pie",
        "tooltip"
    ],
    "customTags": [],
    "updaterUserName": "185******40"
}