{
    "cid": "xHkGTRg3lz",
    "authorUid": "bd-2408207681",
    "authorUserName": "外婆卤肉",
    "title": "男性女性生存周期分布图",
    "description": "",
    "latestVersion": 1,
    "alwaysLatest": 1,
    "createTime": "2017-11-29T09:32:41.000Z",
    "lastUpdateTime": "2017-11-29T09:32:41.000Z",
    "auth": 2,
    "uid": "bd-2408207681",
    "publishedVersion": 0,
    "forkFrom": "-",
    "isSpam": 0,
    "version": 1,
    "parentVersion": -1,
    "echartsVersion": "3.8.0",
    "versionCreateTime": "2017-11-29T09:32:41.000Z",
    "html": "",
    "externalScripts": "",
    "updaterUID": "bd-2408207681",
    "theme": "",
    "layout": "",
    "viewCount": 2051,
    "userName": "外婆卤肉",
    "commentCount": 0,
    "starCount": 1,
    "isStared": 0,
    "thumbnailURL": "https://www.makeapie.com/ecg-storage/ec_gallery_thumbnail/xHkGTRg3lz.png?v=1511947961834",
    "isCustomThumbnail": 0,
    "builtinTags": [
        "brush",
        "category-work",
        "dataZoom",
        "grid",
        "legend",
        "markArea",
        "markLine",
        "markPoint",
        "series-pie",
        "series-scatter",
        "title",
        "toolbox",
        "tooltip"
    ],
    "customTags": [],
    "updaterUserName": "外婆卤肉"
}