{
    "cid": "xHysQ8khlG",
    "authorUid": "bd-1023917739",
    "authorUserName": "estury",
    "title": "                                                                                                                             Google User",
    "description": "",
    "latestVersion": 2,
    "alwaysLatest": 1,
    "createTime": "2017-11-29T07:47:47.000Z",
    "lastUpdateTime": "2017-11-29T07:47:47.000Z",
    "auth": 2,
    "uid": "bd-1023917739",
    "publishedVersion": 0,
    "forkFrom": "-",
    "isSpam": 0,
    "version": 2,
    "parentVersion": 1,
    "echartsVersion": "3.8.0",
    "versionCreateTime": "2017-11-29T08:25:45.000Z",
    "html": "",
    "externalScripts": "http://echarts.baidu.com/resource/echarts-gl-latest/dist/echarts-gl.min.js",
    "updaterUID": "bd-1023917739",
    "theme": "",
    "layout": "",
    "viewCount": 30,
    "userName": "estury",
    "commentCount": 0,
    "starCount": 0,
    "isStared": 0,
    "thumbnailURL": "https://www.makeapie.com/ecg-storage/ec_gallery_thumbnail/xHysQ8khlG.png?v=1511943945735",
    "isCustomThumbnail": 0,
    "builtinTags": [
        "category-work",
        "grid",
        "series-bar",
        "title"
    ],
    "customTags": [],
    "updaterUserName": "estury"
}