{
    "cid": "xr1ZLORolM",
    "authorUid": "bd-1679780508",
    "authorUserName": "l***7",
    "title": "diffent tooltip in multiple charts",
    "description": "",
    "latestVersion": 1,
    "alwaysLatest": 1,
    "createTime": "2017-11-29T06:48:40.000Z",
    "lastUpdateTime": "2017-11-29T06:48:40.000Z",
    "auth": 2,
    "uid": "bd-1679780508",
    "publishedVersion": 0,
    "forkFrom": "-",
    "isSpam": 0,
    "version": 1,
    "parentVersion": -1,
    "echartsVersion": "3.8.0",
    "versionCreateTime": "2017-11-29T06:48:40.000Z",
    "html": "",
    "externalScripts": "",
    "updaterUID": "bd-1679780508",
    "theme": "",
    "layout": "",
    "viewCount": 301,
    "userName": "l***7",
    "commentCount": 0,
    "starCount": 0,
    "isStared": 0,
    "thumbnailURL": "https://www.makeapie.com/ecg-storage/ec_gallery_thumbnail/xr1ZLORolM.png?v=1511938120914",
    "isCustomThumbnail": 0,
    "builtinTags": [
        "category-work",
        "grid",
        "legend",
        "series-bar",
        "series-pie",
        "title",
        "tooltip"
    ],
    "customTags": [],
    "updaterUserName": "l***7"
}