{
    "cid": "xrJVJwK5lG",
    "authorUid": "bd-1469156808",
    "authorUserName": "费***2",
    "title": "行星图",
    "description": "",
    "latestVersion": 3,
    "alwaysLatest": 1,
    "createTime": "2017-11-28T06:48:59.000Z",
    "lastUpdateTime": "2017-11-28T06:48:59.000Z",
    "auth": 2,
    "uid": "bd-1469156808",
    "publishedVersion": 0,
    "forkFrom": "-",
    "isSpam": 0,
    "version": 3,
    "parentVersion": 2,
    "echartsVersion": "3.8.0",
    "versionCreateTime": "2017-11-29T12:59:10.000Z",
    "html": "",
    "externalScripts": "",
    "updaterUID": "bd-1469156808",
    "theme": "",
    "layout": "",
    "viewCount": 2586,
    "userName": "费***2",
    "commentCount": 1,
    "starCount": 18,
    "isStared": 0,
    "thumbnailURL": "https://www.makeapie.com/ecg-storage/ec_gallery_thumbnail/xrJVJwK5lG.png?v=1511960350907",
    "isCustomThumbnail": 0,
    "builtinTags": [
        "category-work",
        "legend",
        "polar",
        "series-pie",
        "series-scatter",
        "title"
    ],
    "customTags": [],
    "updaterUserName": "费***2"
}