{
    "cid": "xrkaeYMnxf",
    "authorUid": "bd-740583665",
    "authorUserName": "陈聪179",
    "title": "2016年北京各城区PM2.5平均浓度值",
    "description": "",
    "latestVersion": 5,
    "alwaysLatest": 1,
    "createTime": "2017-11-29T11:24:37.000Z",
    "lastUpdateTime": "2017-11-29T11:24:37.000Z",
    "auth": 2,
    "uid": "bd-740583665",
    "publishedVersion": 0,
    "forkFrom": "-",
    "isSpam": 0,
    "version": 5,
    "parentVersion": 4,
    "echartsVersion": "3.8.0",
    "versionCreateTime": "2017-11-30T01:31:21.000Z",
    "html": "",
    "externalScripts": "",
    "updaterUID": "bd-740583665",
    "theme": "",
    "layout": "",
    "viewCount": 149,
    "userName": "陈聪179",
    "commentCount": 0,
    "starCount": 0,
    "isStared": 0,
    "thumbnailURL": "https://www.makeapie.com/ecg-storage/ec_gallery_thumbnail/xrkaeYMnxf.png?v=1512005481530",
    "isCustomThumbnail": 0,
    "builtinTags": [
        "category-work",
        "legend",
        "series-pie",
        "tooltip"
    ],
    "customTags": [],
    "updaterUserName": "陈聪179"
}