{
    "cid": "xSJOqXehxG",
    "authorUid": "bd-1795978381",
    "authorUserName": "小丑獨白",
    "title": "订货分析",
    "description": "测试 ..",
    "latestVersion": 1,
    "alwaysLatest": 1,
    "createTime": "2017-11-29T08:45:03.000Z",
    "lastUpdateTime": "2017-11-29T08:45:03.000Z",
    "auth": 2,
    "uid": "bd-1795978381",
    "publishedVersion": 0,
    "forkFrom": "-",
    "isSpam": 0,
    "version": 1,
    "parentVersion": -1,
    "echartsVersion": "3.8.0",
    "versionCreateTime": "2017-11-29T08:45:03.000Z",
    "html": "",
    "externalScripts": "",
    "updaterUID": "bd-1795978381",
    "theme": "macarons",
    "layout": "",
    "viewCount": 210,
    "userName": "小丑獨白",
    "commentCount": 0,
    "starCount": 0,
    "isStared": 0,
    "thumbnailURL": "https://www.makeapie.com/ecg-storage/ec_gallery_thumbnail/xSJOqXehxG.png?v=1511945103900",
    "isCustomThumbnail": 0,
    "builtinTags": [
        "category-work",
        "grid",
        "legend",
        "series-bar",
        "series-pie",
        "title",
        "tooltip"
    ],
    "customTags": [],
    "updaterUserName": "小丑獨白"
}