{
    "cid": "xB1Tc581QM",
    "authorUid": "bd-2369086640",
    "authorUserName": "lily海绵",
    "title": "多图折线图",
    "description": "",
    "latestVersion": 1,
    "alwaysLatest": 1,
    "createTime": "2017-12-26T05:13:56.000Z",
    "lastUpdateTime": "2017-12-26T05:13:56.000Z",
    "auth": 2,
    "uid": "bd-2369086640",
    "publishedVersion": 0,
    "forkFrom": "-",
    "isSpam": 0,
    "version": 1,
    "parentVersion": -1,
    "echartsVersion": "3.8.0",
    "versionCreateTime": "2017-12-26T05:13:56.000Z",
    "html": "",
    "externalScripts": "",
    "updaterUID": "bd-2369086640",
    "theme": "",
    "layout": "",
    "viewCount": 970,
    "userName": "lily海绵",
    "commentCount": 0,
    "starCount": 0,
    "isStared": 0,
    "thumbnailURL": "https://www.makeapie.com/ecg-storage/ec_gallery_thumbnail/xB1Tc581QM.png?v=1514265237102",
    "isCustomThumbnail": 0,
    "builtinTags": [
        "category-work",
        "grid",
        "series-line",
        "title",
        "tooltip"
    ],
    "customTags": [],
    "updaterUserName": "lily海绵"
}