{
    "cid": "xBJhzVJ6Gf",
    "authorUid": "bd-1684303134",
    "authorUserName": "朽猫__",
    "title": "十九大报告解读",
    "description": "",
    "latestVersion": 1,
    "alwaysLatest": 1,
    "createTime": "2017-12-24T08:23:47.000Z",
    "lastUpdateTime": "2017-12-24T08:23:47.000Z",
    "auth": 2,
    "uid": "bd-1684303134",
    "publishedVersion": 0,
    "forkFrom": "-",
    "isSpam": 0,
    "version": 1,
    "parentVersion": -1,
    "echartsVersion": "3.8.0",
    "versionCreateTime": "2017-12-24T08:23:47.000Z",
    "html": "",
    "externalScripts": "",
    "updaterUID": "bd-1684303134",
    "theme": "",
    "layout": "",
    "viewCount": 2691,
    "userName": "朽猫__",
    "commentCount": 0,
    "starCount": 5,
    "isStared": 0,
    "thumbnailURL": "https://www.makeapie.com/ecg-storage/ec_gallery_thumbnail/xBJhzVJ6Gf.png?v=1514103827737",
    "isCustomThumbnail": 0,
    "builtinTags": [
        "category-work",
        "series-graph",
        "title",
        "toolbox",
        "tooltip"
    ],
    "customTags": [],
    "updaterUserName": "朽猫__"
}