{
    "cid": "xByLZ2kAMz",
    "authorUid": "bd-1245979803",
    "authorUserName": "d***t",
    "title": "北斗七星",
    "description": "",
    "latestVersion": 12,
    "alwaysLatest": 1,
    "createTime": "2017-12-25T03:09:49.000Z",
    "lastUpdateTime": "2017-12-25T03:09:49.000Z",
    "auth": 2,
    "uid": "bd-1245979803",
    "publishedVersion": 0,
    "forkFrom": "-",
    "isSpam": 0,
    "version": 12,
    "parentVersion": 11,
    "echartsVersion": "3.8.0",
    "versionCreateTime": "2020-10-21T07:35:12.000Z",
    "html": "",
    "externalScripts": "",
    "updaterUID": "bd-1245979803",
    "theme": "",
    "layout": "",
    "viewCount": 1398,
    "userName": "d***t",
    "commentCount": 0,
    "starCount": 7,
    "isStared": 0,
    "thumbnailURL": "https://www.makeapie.com/ecg-storage/ec_gallery_thumbnail/xByLZ2kAMz.png?v=1603265712483",
    "isCustomThumbnail": 0,
    "builtinTags": [
        "category-work",
        "grid",
        "series-line",
        "series-lines",
        "series-pie",
        "series-scatter",
        "title"
    ],
    "customTags": [],
    "updaterUserName": "d***t"
}