{
    "cid": "xr1ggwS9zG",
    "authorUid": "bd-1854960114",
    "authorUserName": "文龍oo",
    "title": "动态list",
    "description": "柱状图实现动态列表",
    "latestVersion": 1,
    "alwaysLatest": 1,
    "createTime": "2017-12-22T08:48:40.000Z",
    "lastUpdateTime": "2017-12-22T08:48:40.000Z",
    "auth": 2,
    "uid": "bd-1854960114",
    "publishedVersion": 0,
    "forkFrom": "-",
    "isSpam": 0,
    "version": 1,
    "parentVersion": -1,
    "echartsVersion": "3.8.0",
    "versionCreateTime": "2017-12-22T08:48:40.000Z",
    "html": "",
    "externalScripts": "",
    "updaterUID": "bd-1854960114",
    "theme": "",
    "layout": "",
    "viewCount": 824,
    "userName": "文龍oo",
    "commentCount": 1,
    "starCount": 5,
    "isStared": 0,
    "thumbnailURL": "https://www.makeapie.com/ecg-storage/ec_gallery_thumbnail/xr1ggwS9zG.png?v=1513932520217",
    "isCustomThumbnail": 0,
    "builtinTags": [
        "category-work",
        "grid",
        "series-bar",
        "tooltip"
    ],
    "customTags": [],
    "updaterUserName": "文龍oo"
}