{
    "cid": "xrJqDd_RzM",
    "authorUid": "bd-1522996459",
    "authorUserName": "Ezastmds",
    "title": "Awesome Chart",
    "description": "",
    "latestVersion": 1,
    "alwaysLatest": 1,
    "createTime": "2017-12-25T13:08:50.000Z",
    "lastUpdateTime": "2017-12-25T13:08:50.000Z",
    "auth": 2,
    "uid": "bd-1522996459",
    "publishedVersion": 0,
    "forkFrom": "-",
    "isSpam": 0,
    "version": 1,
    "parentVersion": -1,
    "echartsVersion": "3.8.0",
    "versionCreateTime": "2017-12-25T13:08:50.000Z",
    "html": "",
    "externalScripts": "",
    "updaterUID": "bd-1522996459",
    "theme": "",
    "layout": "",
    "viewCount": 24,
    "userName": "Ezastmds",
    "commentCount": 0,
    "starCount": 0,
    "isStared": 0,
    "thumbnailURL": "https://www.makeapie.com/ecg-storage/ec_gallery_thumbnail/xrJqDd_RzM.png?v=1514207330114",
    "isCustomThumbnail": 0,
    "builtinTags": [
        "category-work",
        "grid",
        "series-line",
        "title"
    ],
    "customTags": [],
    "updaterUserName": "Ezastmds"
}