{
    "cid": "xrk6-X-9zM",
    "authorUid": "bd-1854960114",
    "authorUserName": "文龍oo",
    "title": "实时更新",
    "description": "",
    "latestVersion": 1,
    "alwaysLatest": 1,
    "createTime": "2017-12-22T03:59:00.000Z",
    "lastUpdateTime": "2017-12-22T03:59:00.000Z",
    "auth": 2,
    "uid": "bd-1854960114",
    "publishedVersion": 0,
    "forkFrom": "-",
    "isSpam": 0,
    "version": 1,
    "parentVersion": -1,
    "echartsVersion": "3.8.0",
    "versionCreateTime": "2017-12-22T03:59:00.000Z",
    "html": "",
    "externalScripts": "",
    "updaterUID": "bd-1854960114",
    "theme": "",
    "layout": "",
    "viewCount": 796,
    "userName": "文龍oo",
    "commentCount": 0,
    "starCount": 15,
    "isStared": 0,
    "thumbnailURL": "https://www.makeapie.com/ecg-storage/ec_gallery_thumbnail/xrk6-X-9zM.png?v=1513915140826",
    "isCustomThumbnail": 0,
    "builtinTags": [
        "category-work",
        "grid",
        "series-bar",
        "title",
        "tooltip"
    ],
    "customTags": [],
    "updaterUserName": "文龍oo"
}