{
    "cid": "xrkm2ykAMz",
    "authorUid": "bd-1344927122",
    "authorUserName": "小饶windy",
    "title": "联动",
    "description": "",
    "latestVersion": 1,
    "alwaysLatest": 1,
    "createTime": "2017-12-25T02:17:14.000Z",
    "lastUpdateTime": "2017-12-25T02:17:14.000Z",
    "auth": 2,
    "uid": "bd-1344927122",
    "publishedVersion": 0,
    "forkFrom": "-",
    "isSpam": 0,
    "version": 1,
    "parentVersion": -1,
    "echartsVersion": "3.8.0",
    "versionCreateTime": "2017-12-25T02:17:14.000Z",
    "html": "",
    "externalScripts": "",
    "updaterUID": "bd-1344927122",
    "theme": "",
    "layout": "",
    "viewCount": 412,
    "userName": "小饶windy",
    "commentCount": 0,
    "starCount": 4,
    "isStared": 0,
    "thumbnailURL": "https://www.makeapie.com/ecg-storage/ec_gallery_thumbnail/xrkm2ykAMz.png?v=1514168234889",
    "isCustomThumbnail": 0,
    "builtinTags": [
        "category-work",
        "grid",
        "series-bar",
        "series-pie",
        "tooltip"
    ],
    "customTags": [],
    "updaterUserName": "小饶windy"
}