{
    "cid": "xryJquyAGM",
    "authorUid": "bd-3390749291",
    "authorUserName": "leitele",
    "title": "stack",
    "description": "",
    "latestVersion": 5,
    "alwaysLatest": 1,
    "createTime": "2017-12-25T02:55:03.000Z",
    "lastUpdateTime": "2017-12-25T02:55:03.000Z",
    "auth": 2,
    "uid": "bd-3390749291",
    "publishedVersion": 0,
    "forkFrom": "-",
    "isSpam": 0,
    "version": 5,
    "parentVersion": 4,
    "echartsVersion": "3.8.0",
    "versionCreateTime": "2018-03-26T01:41:50.000Z",
    "html": "",
    "externalScripts": "",
    "updaterUID": "bd-3390749291",
    "theme": "",
    "layout": "",
    "viewCount": 62,
    "userName": "leitele",
    "commentCount": 0,
    "starCount": 0,
    "isStared": 0,
    "thumbnailURL": "https://www.makeapie.com/ecg-storage/ec_gallery_thumbnail/xryJquyAGM.png?v=1522028510432",
    "isCustomThumbnail": 0,
    "builtinTags": [
        "category-work",
        "grid",
        "legend",
        "series-bar",
        "title",
        "tooltip"
    ],
    "customTags": [],
    "updaterUserName": "leitele"
}