{
    "cid": "xryvQUNqfG",
    "authorUid": "bd-1031056",
    "authorUserName": "小***米",
    "title": "Profile",
    "description": "",
    "latestVersion": 1,
    "alwaysLatest": 1,
    "createTime": "2017-12-22T07:37:03.000Z",
    "lastUpdateTime": "2017-12-22T07:37:03.000Z",
    "auth": 2,
    "uid": "bd-1031056",
    "publishedVersion": 0,
    "forkFrom": "-",
    "isSpam": 0,
    "version": 1,
    "parentVersion": -1,
    "echartsVersion": "3.8.0",
    "versionCreateTime": "2017-12-22T07:37:03.000Z",
    "html": "",
    "externalScripts": "",
    "updaterUID": "bd-1031056",
    "theme": "",
    "layout": "",
    "viewCount": 136,
    "userName": "小***米",
    "commentCount": 0,
    "starCount": 1,
    "isStared": 0,
    "thumbnailURL": "https://www.makeapie.com/ecg-storage/ec_gallery_thumbnail/xryvQUNqfG.png?v=1513928223274",
    "isCustomThumbnail": 0,
    "builtinTags": [
        "category-work",
        "grid",
        "series-line",
        "title",
        "tooltip"
    ],
    "customTags": [],
    "updaterUserName": "小***米"
}