{
    "cid": "xS1Azzf6Mz",
    "authorUid": "bd-3242471975",
    "authorUserName": "12245584d",
    "title": "qingganqingxiang",
    "description": "",
    "latestVersion": 1,
    "alwaysLatest": 1,
    "createTime": "2017-12-24T11:40:06.000Z",
    "lastUpdateTime": "2017-12-24T11:40:06.000Z",
    "auth": 2,
    "uid": "bd-3242471975",
    "publishedVersion": 0,
    "forkFrom": "-",
    "isSpam": 0,
    "version": 1,
    "parentVersion": -1,
    "echartsVersion": "3.8.0",
    "versionCreateTime": "2017-12-24T11:40:06.000Z",
    "html": "",
    "externalScripts": "",
    "updaterUID": "bd-3242471975",
    "theme": "",
    "layout": "",
    "viewCount": 36,
    "userName": "12245584d",
    "commentCount": 0,
    "starCount": 1,
    "isStared": 0,
    "thumbnailURL": "https://www.makeapie.com/ecg-storage/ec_gallery_thumbnail/xS1Azzf6Mz.png?v=1514115606473",
    "isCustomThumbnail": 0,
    "builtinTags": [
        "category-work",
        "legend",
        "series-pie",
        "tooltip"
    ],
    "customTags": [],
    "updaterUserName": "12245584d"
}