{
    "cid": "xSJrtEcAMz",
    "authorUid": "bd-3997154932",
    "authorUserName": "l***d",
    "title": "使用自定义系列编码三个维度的数据",
    "description": "",
    "latestVersion": 1,
    "alwaysLatest": 1,
    "createTime": "2017-12-25T15:08:44.000Z",
    "lastUpdateTime": "2017-12-25T15:08:44.000Z",
    "auth": 2,
    "uid": "bd-3997154932",
    "publishedVersion": 0,
    "forkFrom": "-",
    "isSpam": 0,
    "version": 1,
    "parentVersion": -1,
    "echartsVersion": "3.8.0",
    "versionCreateTime": "2017-12-25T15:08:45.000Z",
    "html": "",
    "externalScripts": "",
    "updaterUID": "bd-3997154932",
    "theme": "",
    "layout": "",
    "viewCount": 176,
    "userName": "l***d",
    "commentCount": 0,
    "starCount": 1,
    "isStared": 0,
    "thumbnailURL": "https://www.makeapie.com/ecg-storage/ec_gallery_thumbnail/xSJrtEcAMz.png?v=1514214525140",
    "isCustomThumbnail": 0,
    "builtinTags": [
        "category-work",
        "grid",
        "series-custom",
        "visualMap"
    ],
    "customTags": [],
    "updaterUserName": "l***d"
}