{
    "cid": "xSyYD0WCGf",
    "authorUid": "bd-897376931",
    "authorUserName": "183******66",
    "title": "杨爽",
    "description": "",
    "latestVersion": 1,
    "alwaysLatest": 1,
    "createTime": "2017-12-25T05:36:33.000Z",
    "lastUpdateTime": "2017-12-25T05:36:33.000Z",
    "auth": 2,
    "uid": "bd-897376931",
    "publishedVersion": 0,
    "forkFrom": "-",
    "isSpam": 0,
    "version": 1,
    "parentVersion": -1,
    "echartsVersion": "3.8.0",
    "versionCreateTime": "2017-12-25T05:36:33.000Z",
    "html": "",
    "externalScripts": "",
    "updaterUID": "bd-897376931",
    "theme": "",
    "layout": "",
    "viewCount": 101,
    "userName": "183******66",
    "commentCount": 0,
    "starCount": 0,
    "isStared": 0,
    "thumbnailURL": "https://www.makeapie.com/ecg-storage/ec_gallery_thumbnail/xSyYD0WCGf.png?v=1514180193187",
    "isCustomThumbnail": 0,
    "builtinTags": [
        "category-work",
        "legend",
        "series-pie",
        "tooltip"
    ],
    "customTags": [],
    "updaterUserName": "183******66"
}