{
    "cid": "x5GfkHM1q",
    "authorUid": "bd-3074825930",
    "authorUserName": "汀***茹",
    "title": "地图和散点",
    "description": "",
    "latestVersion": 1,
    "alwaysLatest": 1,
    "createTime": "2019-12-30T08:39:19.000Z",
    "lastUpdateTime": "2019-12-30T08:39:19.000Z",
    "auth": 2,
    "uid": "bd-3074825930",
    "publishedVersion": 0,
    "forkFrom": "-",
    "isSpam": 0,
    "version": 1,
    "parentVersion": -1,
    "echartsVersion": "4.4.0",
    "versionCreateTime": "2019-12-30T08:39:19.000Z",
    "html": "",
    "externalScripts": "/dep/echarts/map/js/china.js",
    "updaterUID": "bd-3074825930",
    "theme": "",
    "layout": "",
    "viewCount": 534,
    "userName": "汀***茹",
    "commentCount": 0,
    "starCount": 2,
    "isStared": 0,
    "thumbnailURL": "https://www.makeapie.com/ecg-storage/ec_gallery_thumbnail/x5GfkHM1q.png?v=1577695160011",
    "isCustomThumbnail": 0,
    "builtinTags": [
        "category-work",
        "geo",
        "legend",
        "series-scatter",
        "title",
        "tooltip"
    ],
    "customTags": [],
    "updaterUserName": "汀***茹"
}