{
    "cid": "xbk08ccVP",
    "authorUid": "bd-4228668978",
    "authorUserName": "m***g",
    "title": "折线图",
    "description": "",
    "latestVersion": 1,
    "alwaysLatest": 1,
    "createTime": "2019-12-31T03:39:02.000Z",
    "lastUpdateTime": "2019-12-31T03:39:02.000Z",
    "auth": 2,
    "uid": "bd-4228668978",
    "publishedVersion": 0,
    "forkFrom": "-",
    "isSpam": 0,
    "version": 1,
    "parentVersion": -1,
    "echartsVersion": "4.4.0",
    "versionCreateTime": "2019-12-31T03:39:02.000Z",
    "html": "",
    "externalScripts": "",
    "updaterUID": "bd-4228668978",
    "theme": "",
    "layout": "",
    "viewCount": 51,
    "userName": "m***g",
    "commentCount": 0,
    "starCount": 2,
    "isStared": 0,
    "thumbnailURL": "https://www.makeapie.com/ecg-storage/ec_gallery_thumbnail/xbk08ccVP.png?v=1577763543002",
    "isCustomThumbnail": 0,
    "builtinTags": [
        "category-work",
        "grid",
        "series-line",
        "tooltip"
    ],
    "customTags": [],
    "updaterUserName": "m***g"
}