{
    "cid": "xH1JofcKb",
    "authorUid": "bd-4228668978",
    "authorUserName": "m***g",
    "title": "主图",
    "description": "",
    "latestVersion": 2,
    "alwaysLatest": 1,
    "createTime": "2019-12-30T09:06:55.000Z",
    "lastUpdateTime": "2019-12-30T09:06:55.000Z",
    "auth": 2,
    "uid": "bd-4228668978",
    "publishedVersion": 0,
    "forkFrom": "-",
    "isSpam": 0,
    "version": 2,
    "parentVersion": 1,
    "echartsVersion": "4.4.0",
    "versionCreateTime": "2019-12-30T09:10:09.000Z",
    "html": "",
    "externalScripts": "",
    "updaterUID": "bd-4228668978",
    "theme": "",
    "layout": "",
    "viewCount": 43,
    "userName": "m***g",
    "commentCount": 0,
    "starCount": 0,
    "isStared": 0,
    "thumbnailURL": "https://www.makeapie.com/ecg-storage/ec_gallery_thumbnail/xH1JofcKb.png?v=1577697010008",
    "isCustomThumbnail": 0,
    "builtinTags": [
        "category-work",
        "grid",
        "series-bar",
        "tooltip"
    ],
    "customTags": [],
    "updaterUserName": "m***g"
}