{
    "cid": "xKFgJKLMy",
    "authorUid": "bd-749254193",
    "authorUserName": "欧***一",
    "title": "供气用量对比分析",
    "description": "克隆",
    "latestVersion": 1,
    "alwaysLatest": 1,
    "createTime": "2019-12-31T06:29:02.000Z",
    "lastUpdateTime": "2019-12-31T06:29:02.000Z",
    "auth": 2,
    "uid": "bd-749254193",
    "publishedVersion": 0,
    "forkFrom": "-",
    "isSpam": 0,
    "version": 1,
    "parentVersion": -1,
    "echartsVersion": "4.4.0",
    "versionCreateTime": "2019-12-31T06:29:02.000Z",
    "html": "",
    "externalScripts": "",
    "updaterUID": "bd-749254193",
    "theme": "",
    "layout": "",
    "viewCount": 144,
    "userName": "欧***一",
    "commentCount": 0,
    "starCount": 5,
    "isStared": 0,
    "thumbnailURL": "https://www.makeapie.com/ecg-storage/ec_gallery_thumbnail/xKFgJKLMy.png?v=1577773742366",
    "isCustomThumbnail": 0,
    "builtinTags": [
        "category-work",
        "grid",
        "legend",
        "series-bar",
        "series-line",
        "title",
        "tooltip"
    ],
    "customTags": [],
    "updaterUserName": "欧***一"
}