{
    "cid": "xKGyCJ26Y",
    "authorUid": "bd-257182154",
    "authorUserName": "好***胡",
    "title": "地图点击高亮",
    "description": "",
    "latestVersion": 1,
    "alwaysLatest": 1,
    "createTime": "2019-12-30T02:38:29.000Z",
    "lastUpdateTime": "2019-12-30T02:38:29.000Z",
    "auth": 2,
    "uid": "bd-257182154",
    "publishedVersion": 0,
    "forkFrom": "-",
    "isSpam": 0,
    "version": 1,
    "parentVersion": -1,
    "echartsVersion": "4.4.0",
    "versionCreateTime": "2019-12-30T02:38:29.000Z",
    "html": "",
    "externalScripts": "/dep/echarts/map/js/china.js",
    "updaterUID": "bd-257182154",
    "theme": "",
    "layout": "",
    "viewCount": 317,
    "userName": "好***胡",
    "commentCount": 0,
    "starCount": 1,
    "isStared": 0,
    "thumbnailURL": "https://www.makeapie.com/ecg-storage/ec_gallery_thumbnail/xKGyCJ26Y.png?v=1577673509315",
    "isCustomThumbnail": 0,
    "builtinTags": [
        "category-work",
        "legend",
        "series-map",
        "tooltip",
        "visualMap"
    ],
    "customTags": [],
    "updaterUserName": "好***胡"
}