{
    "cid": "xLymxSD6G",
    "authorUid": "bd-293726180",
    "authorUserName": "a***5",
    "title": "时间轴",
    "description": "",
    "latestVersion": 1,
    "alwaysLatest": 1,
    "createTime": "2019-12-30T08:17:40.000Z",
    "lastUpdateTime": "2019-12-30T08:17:40.000Z",
    "auth": 2,
    "uid": "bd-293726180",
    "publishedVersion": 0,
    "forkFrom": "-",
    "isSpam": 0,
    "version": 1,
    "parentVersion": -1,
    "echartsVersion": "4.4.0",
    "versionCreateTime": "2019-12-30T08:17:40.000Z",
    "html": "",
    "externalScripts": "",
    "updaterUID": "bd-293726180",
    "theme": "",
    "layout": "",
    "viewCount": 72,
    "userName": "a***5",
    "commentCount": 0,
    "starCount": 0,
    "isStared": 0,
    "thumbnailURL": "https://www.makeapie.com/ecg-storage/ec_gallery_thumbnail/xLymxSD6G.png?v=1577693860485",
    "isCustomThumbnail": 0,
    "builtinTags": [
        "category-work",
        "grid",
        "legend",
        "series-line",
        "title",
        "tooltip"
    ],
    "customTags": [],
    "updaterUserName": "a***5"
}