{
    "cid": "xNj-u6sAg",
    "authorUid": "bd-4228668978",
    "authorUserName": "m***g",
    "title": "仪盘表",
    "description": "",
    "latestVersion": 2,
    "alwaysLatest": 1,
    "createTime": "2019-12-31T01:49:04.000Z",
    "lastUpdateTime": "2021-08-03T04:19:39.000Z",
    "auth": 1,
    "uid": "bd-4228668978",
    "publishedVersion": 0,
    "forkFrom": "-",
    "isSpam": 0,
    "version": 2,
    "parentVersion": 1,
    "echartsVersion": "4.9.0",
    "versionCreateTime": "2021-08-03T04:19:39.000Z",
    "html": "",
    "externalScripts": "",
    "updaterUID": "bd-3693939231",
    "theme": "",
    "layout": "",
    "viewCount": 504,
    "userName": "m***g",
    "commentCount": 0,
    "starCount": 4,
    "isStared": 0,
    "thumbnailURL": "https://www.makeapie.com/ecg-storage/ec_gallery_thumbnail/xNj-u6sAg.png?v=1627964379963",
    "isCustomThumbnail": 0,
    "builtinTags": [
        "category-work",
        "series-gauge",
        "title"
    ],
    "customTags": [],
    "updaterUserName": "匿***名"
}