{
    "cid": "xpzEfw9L5",
    "authorUid": "bd-3008612119",
    "authorUserName": "S***夕",
    "title": "圆形图",
    "description": "Km/h",
    "latestVersion": 2,
    "alwaysLatest": 1,
    "createTime": "2019-12-30T10:45:24.000Z",
    "lastUpdateTime": "2019-12-30T10:45:24.000Z",
    "auth": 2,
    "uid": "bd-3008612119",
    "publishedVersion": 0,
    "forkFrom": "-",
    "isSpam": 0,
    "version": 2,
    "parentVersion": 1,
    "echartsVersion": "4.4.0",
    "versionCreateTime": "2019-12-30T11:33:41.000Z",
    "html": "",
    "externalScripts": "",
    "updaterUID": "bd-3008612119",
    "theme": "",
    "layout": "",
    "viewCount": 720,
    "userName": "S***夕",
    "commentCount": 0,
    "starCount": 7,
    "isStared": 0,
    "thumbnailURL": "https://www.makeapie.com/ecg-storage/ec_gallery_thumbnail/xpzEfw9L5.png?v=1577705621204",
    "isCustomThumbnail": 0,
    "builtinTags": [
        "category-work",
        "grid",
        "series-gauge",
        "series-pie",
        "title"
    ],
    "customTags": [],
    "updaterUserName": "S***夕"
}