{
    "cid": "xT2AL9o86",
    "authorUid": "bd-1147429777",
    "authorUserName": "请***哦",
    "title": "饼图border",
    "description": "",
    "latestVersion": 1,
    "alwaysLatest": 1,
    "createTime": "2019-12-30T07:57:42.000Z",
    "lastUpdateTime": "2019-12-30T07:57:42.000Z",
    "auth": 2,
    "uid": "bd-1147429777",
    "publishedVersion": 0,
    "forkFrom": "-",
    "isSpam": 0,
    "version": 1,
    "parentVersion": -1,
    "echartsVersion": "4.4.0",
    "versionCreateTime": "2019-12-30T07:57:42.000Z",
    "html": "",
    "externalScripts": "",
    "updaterUID": "bd-1147429777",
    "theme": "",
    "layout": "",
    "viewCount": 53,
    "userName": "请***哦",
    "commentCount": 0,
    "starCount": 0,
    "isStared": 0,
    "thumbnailURL": "https://www.makeapie.com/ecg-storage/ec_gallery_thumbnail/xT2AL9o86.png?v=1577692663027",
    "isCustomThumbnail": 0,
    "builtinTags": [
        "category-work",
        "legend",
        "series-pie"
    ],
    "customTags": [],
    "updaterUserName": "请***哦"
}