{
    "cid": "xvr9DSs7Z",
    "authorUid": "bd-3490003427",
    "authorUserName": "j***g",
    "title": "2019年阅读综合分析",
    "description": "统计统计2019年全年的阅读数据 ",
    "latestVersion": 13,
    "alwaysLatest": 1,
    "createTime": "2019-12-30T00:37:27.000Z",
    "lastUpdateTime": "2020-01-01T14:53:13.000Z",
    "auth": 2,
    "uid": "bd-3490003427",
    "publishedVersion": 0,
    "forkFrom": "-",
    "isSpam": 0,
    "version": 13,
    "parentVersion": 12,
    "echartsVersion": "4.4.0",
    "versionCreateTime": "2020-01-01T14:52:47.000Z",
    "html": "",
    "externalScripts": "/asset/get/s/data-1577872217490-wGLKynGU.txt,http://echarts.baidu.com/resource/echarts-liquidfill-latest/dist/echarts-liquidfill.min.js",
    "updaterUID": "bd-3490003427",
    "theme": "",
    "layout": "{\"name\":\"NxM\",\"width\":[\"33.33%\",\"33.33%\",\"33.33%\"],\"height\":[\"50%\",\"50%\"]}",
    "viewCount": 848,
    "userName": "j***g",
    "commentCount": 0,
    "starCount": 5,
    "isStared": 0,
    "thumbnailURL": "https://www.makeapie.com/ecg-storage/ec_gallery_thumbnail/xvr9DSs7Z.png?v=1577666248067",
    "isCustomThumbnail": 1,
    "builtinTags": [],
    "customTags": [],
    "updaterUserName": "j***g"
}