{
    "cid": "xWRxuI1kg",
    "authorUid": "bd-1743862202",
    "authorUserName": "185******99",
    "title": "未做完",
    "description": "",
    "latestVersion": 1,
    "alwaysLatest": 1,
    "createTime": "2019-12-30T11:17:37.000Z",
    "lastUpdateTime": "2019-12-30T11:17:37.000Z",
    "auth": 2,
    "uid": "bd-1743862202",
    "publishedVersion": 0,
    "forkFrom": "-",
    "isSpam": 0,
    "version": 1,
    "parentVersion": -1,
    "echartsVersion": "4.4.0",
    "versionCreateTime": "2019-12-30T11:17:37.000Z",
    "html": "",
    "externalScripts": "",
    "updaterUID": "bd-1743862202",
    "theme": "",
    "layout": "",
    "viewCount": 164,
    "userName": "185******99",
    "commentCount": 0,
    "starCount": 0,
    "isStared": 0,
    "thumbnailURL": "https://www.makeapie.com/ecg-storage/ec_gallery_thumbnail/xWRxuI1kg.png?v=1577704657918",
    "isCustomThumbnail": 0,
    "builtinTags": [
        "category-work",
        "polar",
        "series-pie"
    ],
    "customTags": [],
    "updaterUserName": "185******99"
}