{
    "cid": "xy0WuN9ED",
    "authorUid": "bd-1147429777",
    "authorUserName": "请***哦",
    "title": "雷达图",
    "description": "",
    "latestVersion": 1,
    "alwaysLatest": 1,
    "createTime": "2019-12-30T07:08:53.000Z",
    "lastUpdateTime": "2019-12-30T07:08:53.000Z",
    "auth": 2,
    "uid": "bd-1147429777",
    "publishedVersion": 0,
    "forkFrom": "-",
    "isSpam": 0,
    "version": 1,
    "parentVersion": -1,
    "echartsVersion": "4.4.0",
    "versionCreateTime": "2019-12-30T07:08:53.000Z",
    "html": "",
    "externalScripts": "",
    "updaterUID": "bd-1147429777",
    "theme": "",
    "layout": "",
    "viewCount": 264,
    "userName": "请***哦",
    "commentCount": 0,
    "starCount": 2,
    "isStared": 0,
    "thumbnailURL": "https://www.makeapie.com/ecg-storage/ec_gallery_thumbnail/xy0WuN9ED.png?v=1577689733945",
    "isCustomThumbnail": 0,
    "builtinTags": [
        "category-work",
        "radar",
        "series-radar"
    ],
    "customTags": [],
    "updaterUserName": "请***哦"
}