{
    "cid": "xybBPKeEW",
    "authorUid": "bd-3008612119",
    "authorUserName": "S***夕",
    "title": "折线图",
    "description": "折前柱背",
    "latestVersion": 1,
    "alwaysLatest": 1,
    "createTime": "2019-12-30T07:00:34.000Z",
    "lastUpdateTime": "2019-12-30T07:00:34.000Z",
    "auth": 2,
    "uid": "bd-3008612119",
    "publishedVersion": 0,
    "forkFrom": "-",
    "isSpam": 0,
    "version": 1,
    "parentVersion": -1,
    "echartsVersion": "4.4.0",
    "versionCreateTime": "2019-12-30T07:00:34.000Z",
    "html": "",
    "externalScripts": "",
    "updaterUID": "bd-3008612119",
    "theme": "",
    "layout": "",
    "viewCount": 161,
    "userName": "S***夕",
    "commentCount": 0,
    "starCount": 5,
    "isStared": 0,
    "thumbnailURL": "https://www.makeapie.com/ecg-storage/ec_gallery_thumbnail/xybBPKeEW.png?v=1577689234489",
    "isCustomThumbnail": 0,
    "builtinTags": [
        "category-work",
        "grid",
        "series-bar",
        "series-line"
    ],
    "customTags": [],
    "updaterUserName": "S***夕"
}