{
    "cid": "xybNQIwEC",
    "authorUid": "bd-1873793385",
    "authorUserName": "w***3",
    "title": "矢量地图下深",
    "description": "点击省可以下深到市",
    "latestVersion": 2,
    "alwaysLatest": 1,
    "createTime": "2019-12-31T09:32:18.000Z",
    "lastUpdateTime": "2019-12-31T09:32:18.000Z",
    "auth": 2,
    "uid": "bd-1873793385",
    "publishedVersion": 0,
    "forkFrom": "-",
    "isSpam": 0,
    "version": 2,
    "parentVersion": 1,
    "echartsVersion": "4.4.0",
    "versionCreateTime": "2019-12-31T09:32:38.000Z",
    "html": "",
    "externalScripts": "https://webapi.amap.com/maps?v=1.4.11&key=35a871e5905ecfd749bd998448b9cd03,https://webapi.amap.com/maps?v=1.4.11&key=35a871e5905ecfd749bd998448b9cd03&plugin=AMap.DistrictSearch,https://webapi.amap.com/ui/1.0/main.js?v=1.0.11",
    "updaterUID": "bd-1873793385",
    "theme": "",
    "layout": "",
    "viewCount": 1136,
    "userName": "w***3",
    "commentCount": 0,
    "starCount": 3,
    "isStared": 0,
    "thumbnailURL": "https://www.makeapie.com/ecg-storage/ec_gallery_thumbnail/xybNQIwEC.png?v=1577784759024",
    "isCustomThumbnail": 0,
    "builtinTags": [
        "category-work",
        "series-map",
        "visualMap"
    ],
    "customTags": [],
    "updaterUserName": "w***3"
}