{
    "cid": "xYyHaTw7n",
    "authorUid": "bd-3964103758",
    "authorUserName": "e***s",
    "title": "修改版 关联图",
    "description": "Default layout",
    "latestVersion": 5,
    "alwaysLatest": 1,
    "createTime": "2019-12-30T06:25:26.000Z",
    "lastUpdateTime": "2019-12-30T06:25:26.000Z",
    "auth": 2,
    "uid": "bd-3964103758",
    "publishedVersion": 0,
    "forkFrom": "-",
    "isSpam": 0,
    "version": 5,
    "parentVersion": 2,
    "echartsVersion": "4.4.0",
    "versionCreateTime": "2020-01-10T02:19:03.000Z",
    "html": "",
    "externalScripts": "",
    "updaterUID": "bd-3964103758",
    "theme": "",
    "layout": "",
    "viewCount": 1194,
    "userName": "e***s",
    "commentCount": 0,
    "starCount": 6,
    "isStared": 0,
    "thumbnailURL": "https://www.makeapie.com/ecg-storage/ec_gallery_thumbnail/xYyHaTw7n.png?v=1578622743603",
    "isCustomThumbnail": 0,
    "builtinTags": [
        "category-work",
        "legend",
        "series-graph",
        "title",
        "tooltip"
    ],
    "customTags": [],
    "updaterUserName": "e***s"
}