{
    "cid": "x-TK4pu9_r",
    "authorUid": "obd-oEZw0nsw98UeAC72TvJ_wJnZsMyEP4n",
    "authorUserName": "p***y",
    "title": "多个柱子合成一个柱子渐变条形图",
    "description": "",
    "latestVersion": 1,
    "alwaysLatest": 1,
    "createTime": "2021-04-23T03:01:19.000Z",
    "lastUpdateTime": "2021-04-23T03:01:19.000Z",
    "auth": 2,
    "uid": "obd-oEZw0nsw98UeAC72TvJ_wJnZsMyEP4n",
    "publishedVersion": 0,
    "forkFrom": "-",
    "isSpam": 0,
    "version": 1,
    "parentVersion": -1,
    "echartsVersion": "4.8.0",
    "versionCreateTime": "2021-04-23T03:01:19.000Z",
    "html": "",
    "externalScripts": "",
    "updaterUID": "obd-oEZw0nsw98UeAC72TvJ_wJnZsMyEP4n",
    "theme": "",
    "layout": "",
    "viewCount": 4,
    "userName": "p***y",
    "commentCount": 0,
    "starCount": 0,
    "isStared": 0,
    "thumbnailURL": "https://www.makeapie.com/ecg-storage/ec_gallery_thumbnail/x-TK4pu9_r.png?v=1619146879215",
    "isCustomThumbnail": 0,
    "builtinTags": [
        "category-work",
        "grid",
        "series-bar",
        "series-pictorialBar",
        "tooltip"
    ],
    "customTags": [],
    "updaterUserName": "p***y"
}