{
    "cid": "x9TyASPF3f",
    "authorUid": "bd-2625263904",
    "authorUserName": "滕***7",
    "title": "1111",
    "description": "",
    "latestVersion": 1,
    "alwaysLatest": 0,
    "createTime": "2021-04-25T02:56:48.000Z",
    "lastUpdateTime": "2021-04-25T02:56:48.000Z",
    "auth": 1,
    "uid": "bd-2625263904",
    "publishedVersion": 0,
    "forkFrom": "-",
    "isSpam": 0,
    "version": 1,
    "parentVersion": -1,
    "echartsVersion": "5.1.0",
    "versionCreateTime": "2021-04-25T02:56:48.000Z",
    "html": "",
    "externalScripts": "",
    "updaterUID": "bd-2625263904",
    "theme": "",
    "layout": "",
    "viewCount": 0,
    "userName": "滕***7",
    "commentCount": 0,
    "starCount": 0,
    "isStared": 0,
    "thumbnailURL": "https://www.makeapie.com/ecg-storage/ec_gallery_thumbnail/x9TyASPF3f.png?v=1619319408680",
    "isCustomThumbnail": 0,
    "builtinTags": [
        "category-work",
        "grid",
        "series-bar",
        "tooltip"
    ],
    "customTags": [],
    "updaterUserName": "滕***7"
}