{
    "cid": "xbTdCgdQQU",
    "authorUid": "obd-oFbxvYoSWxSLUyDt5qcvCYwk1vh505o",
    "authorUserName": "情***6",
    "title": "特殊数据标签折线图",
    "description": "",
    "latestVersion": 2,
    "alwaysLatest": 0,
    "createTime": "2021-04-26T02:55:14.000Z",
    "lastUpdateTime": "2021-04-26T02:55:14.000Z",
    "auth": 2,
    "uid": "obd-oFbxvYoSWxSLUyDt5qcvCYwk1vh505o",
    "publishedVersion": 0,
    "forkFrom": "-",
    "isSpam": 0,
    "version": 2,
    "parentVersion": 1,
    "echartsVersion": "5.1.0",
    "versionCreateTime": "2021-04-26T02:59:25.000Z",
    "html": "",
    "externalScripts": "",
    "updaterUID": "obd-oFbxvYoSWxSLUyDt5qcvCYwk1vh505o",
    "theme": "",
    "layout": "",
    "viewCount": 0,
    "userName": "情***6",
    "commentCount": 0,
    "starCount": 4,
    "isStared": 0,
    "thumbnailURL": "https://www.makeapie.com/ecg-storage/ec_gallery_thumbnail/xbTdCgdQQU.png?v=1619405965630",
    "isCustomThumbnail": 0,
    "builtinTags": [
        "category-work",
        "dataZoom",
        "grid",
        "series-line",
        "tooltip"
    ],
    "customTags": [],
    "updaterUserName": "情***6"
}