{
    "cid": "xcqXcSi90J",
    "authorUid": "bd-1006967428",
    "authorUserName": "w***7",
    "title": "背景仪表盘",
    "description": "",
    "latestVersion": 2,
    "alwaysLatest": 1,
    "createTime": "2021-04-22T08:53:30.000Z",
    "lastUpdateTime": "2021-04-22T08:53:30.000Z",
    "auth": 2,
    "uid": "bd-1006967428",
    "publishedVersion": 0,
    "forkFrom": "-",
    "isSpam": 0,
    "version": 2,
    "parentVersion": 1,
    "echartsVersion": "4.9.0",
    "versionCreateTime": "2021-05-14T07:43:29.000Z",
    "html": "",
    "externalScripts": "",
    "updaterUID": "bd-1006967428",
    "theme": "",
    "layout": "",
    "viewCount": 6,
    "userName": "w***7",
    "commentCount": 0,
    "starCount": 6,
    "isStared": 0,
    "thumbnailURL": "https://www.makeapie.com/ecg-storage/ec_gallery_thumbnail/xcqXcSi90J.png?v=1620978210020",
    "isCustomThumbnail": 0,
    "builtinTags": [
        "category-work",
        "graphic",
        "series-gauge"
    ],
    "customTags": [],
    "updaterUserName": "w***7"
}