{
    "cid": "xeJduVdfNS",
    "authorUid": "obd-o2Ea8wrkofBx18EYpjBmtNJT-KamO6i",
    "authorUserName": "o***蝎",
    "title": "",
    "description": "",
    "latestVersion": 3,
    "alwaysLatest": 1,
    "createTime": "2021-04-23T09:31:25.000Z",
    "lastUpdateTime": "2021-04-23T09:31:25.000Z",
    "auth": 1,
    "uid": "obd-o2Ea8wrkofBx18EYpjBmtNJT-KamO6i",
    "publishedVersion": 0,
    "forkFrom": "-",
    "isSpam": 0,
    "version": 3,
    "parentVersion": 2,
    "echartsVersion": "4.9.0",
    "versionCreateTime": "2021-05-06T06:39:07.000Z",
    "html": "",
    "externalScripts": "",
    "updaterUID": "obd-oFEw4q-476dXS1eZ8jIUgrJRUU-PT52",
    "theme": "",
    "layout": "",
    "viewCount": 5,
    "userName": "o***蝎",
    "commentCount": 0,
    "starCount": 3,
    "isStared": 0,
    "thumbnailURL": "https://www.makeapie.com/ecg-storage/ec_gallery_thumbnail/xeJduVdfNS.png?v=1620283147308",
    "isCustomThumbnail": 0,
    "builtinTags": [
        "category-work",
        "grid",
        "series-bar",
        "series-pictorialBar"
    ],
    "customTags": [
        "bar"
    ],
    "updaterUserName": "黑***叶"
}