{
    "cid": "xey-td6a0B",
    "authorUid": "bd-2353983946",
    "authorUserName": "勤***姐",
    "title": "陕西省地图显示及自定义label说明",
    "description": "",
    "latestVersion": 1,
    "alwaysLatest": 1,
    "createTime": "2021-04-22T09:26:38.000Z",
    "lastUpdateTime": "2021-04-22T09:26:38.000Z",
    "auth": 2,
    "uid": "bd-2353983946",
    "publishedVersion": 0,
    "forkFrom": "-",
    "isSpam": 0,
    "version": 1,
    "parentVersion": -1,
    "echartsVersion": "4.8.0",
    "versionCreateTime": "2021-04-22T09:26:38.000Z",
    "html": "",
    "externalScripts": "",
    "updaterUID": "bd-2353983946",
    "theme": "",
    "layout": "",
    "viewCount": 19,
    "userName": "勤***姐",
    "commentCount": 0,
    "starCount": 0,
    "isStared": 0,
    "thumbnailURL": "https://www.makeapie.com/ecg-storage/ec_gallery_thumbnail/xey-td6a0B.png?v=1619083598710",
    "isCustomThumbnail": 0,
    "builtinTags": [
        "category-work",
        "series-map",
        "toolbox",
        "tooltip",
        "visualMap"
    ],
    "customTags": [],
    "updaterUserName": "勤***姐"
}