{
    "cid": "xi4lkmcjCG",
    "authorUid": "obd-oEZw0nsw98UeAC72TvJ_wJnZsMyEP4n",
    "authorUserName": "p***y",
    "title": "雷达图",
    "description": "",
    "latestVersion": 1,
    "alwaysLatest": 1,
    "createTime": "2021-04-23T02:23:02.000Z",
    "lastUpdateTime": "2021-04-23T02:23:02.000Z",
    "auth": 2,
    "uid": "obd-oEZw0nsw98UeAC72TvJ_wJnZsMyEP4n",
    "publishedVersion": 0,
    "forkFrom": "-",
    "isSpam": 0,
    "version": 1,
    "parentVersion": -1,
    "echartsVersion": "4.8.0",
    "versionCreateTime": "2021-04-23T02:23:02.000Z",
    "html": "",
    "externalScripts": "",
    "updaterUID": "obd-oEZw0nsw98UeAC72TvJ_wJnZsMyEP4n",
    "theme": "",
    "layout": "",
    "viewCount": 7,
    "userName": "p***y",
    "commentCount": 0,
    "starCount": 1,
    "isStared": 0,
    "thumbnailURL": "https://www.makeapie.com/ecg-storage/ec_gallery_thumbnail/xi4lkmcjCG.png?v=1619144582630",
    "isCustomThumbnail": 0,
    "builtinTags": [
        "category-work",
        "legend",
        "radar",
        "series-radar",
        "title"
    ],
    "customTags": [],
    "updaterUserName": "p***y"
}