{
    "cid": "xiiUt-uLI8",
    "authorUid": "bd-1680604854",
    "authorUserName": "雾***鹿",
    "title": "环形图",
    "description": "",
    "latestVersion": 2,
    "alwaysLatest": 1,
    "createTime": "2021-04-23T07:51:24.000Z",
    "lastUpdateTime": "2021-04-23T07:51:24.000Z",
    "auth": 2,
    "uid": "bd-1680604854",
    "publishedVersion": 0,
    "forkFrom": "-",
    "isSpam": 0,
    "version": 2,
    "parentVersion": 1,
    "echartsVersion": "4.8.0",
    "versionCreateTime": "2021-04-23T08:03:27.000Z",
    "html": "",
    "externalScripts": "",
    "updaterUID": "bd-1680604854",
    "theme": "",
    "layout": "",
    "viewCount": 7,
    "userName": "雾***鹿",
    "commentCount": 0,
    "starCount": 2,
    "isStared": 0,
    "thumbnailURL": "https://www.makeapie.com/ecg-storage/ec_gallery_thumbnail/xiiUt-uLI8.png?v=1619165007665",
    "isCustomThumbnail": 0,
    "builtinTags": [
        "category-work",
        "polar",
        "series-bar",
        "series-pie",
        "title"
    ],
    "customTags": [],
    "updaterUserName": "雾***鹿"
}