{
    "cid": "xJgiRsyAdW",
    "authorUid": "obd-o2paVX-Uqs4G3yhLxfy_OrNp-dWKQ6W",
    "authorUserName": "阳***雷",
    "title": "业务分析对比雷达图",
    "description": "话不多说，上代码",
    "latestVersion": 2,
    "alwaysLatest": 0,
    "createTime": "2021-04-26T03:08:46.000Z",
    "lastUpdateTime": "2021-07-08T06:50:53.000Z",
    "auth": 1,
    "uid": "obd-o2paVX-Uqs4G3yhLxfy_OrNp-dWKQ6W",
    "publishedVersion": 0,
    "forkFrom": "-",
    "isSpam": 0,
    "version": 2,
    "parentVersion": 1,
    "echartsVersion": "5.1.0",
    "versionCreateTime": "2021-07-08T06:50:53.000Z",
    "html": "",
    "externalScripts": "",
    "updaterUID": "bd-2652911079",
    "theme": "",
    "layout": "",
    "viewCount": 0,
    "userName": "阳***雷",
    "commentCount": 0,
    "starCount": 1,
    "isStared": 0,
    "thumbnailURL": "https://www.makeapie.com/ecg-storage/ec_gallery_thumbnail/xJgiRsyAdW.png?v=1625727053259",
    "isCustomThumbnail": 0,
    "builtinTags": [
        "category-work",
        "legend",
        "radar",
        "series-radar",
        "title"
    ],
    "customTags": [
        "radar",
        "分析",
        "对比",
        "雷达图"
    ],
    "updaterUserName": "囧***哥"
}