{
    "cid": "xjrW45GOL6",
    "authorUid": "obd-oFOGqxiIduKiDGq_d3S-vi_3gho2g5K",
    "authorUserName": "无***兵",
    "title": "多组圆环数据展示",
    "description": "多组圆环数据展示",
    "latestVersion": 2,
    "alwaysLatest": 0,
    "createTime": "2021-04-24T13:52:26.000Z",
    "lastUpdateTime": "2021-04-24T13:52:26.000Z",
    "auth": 2,
    "uid": "obd-oFOGqxiIduKiDGq_d3S-vi_3gho2g5K",
    "publishedVersion": 0,
    "forkFrom": "-",
    "isSpam": 0,
    "version": 2,
    "parentVersion": 1,
    "echartsVersion": "5.1.0",
    "versionCreateTime": "2021-04-24T13:53:21.000Z",
    "html": "",
    "externalScripts": "",
    "updaterUID": "obd-oFOGqxiIduKiDGq_d3S-vi_3gho2g5K",
    "theme": "",
    "layout": "",
    "viewCount": 0,
    "userName": "无***兵",
    "commentCount": 0,
    "starCount": 1,
    "isStared": 0,
    "thumbnailURL": "https://www.makeapie.com/ecg-storage/ec_gallery_thumbnail/xjrW45GOL6.png?v=1619272401613",
    "isCustomThumbnail": 0,
    "builtinTags": [
        "category-work",
        "legend",
        "series-pie"
    ],
    "customTags": [
        "多组圆环数据展示"
    ],
    "updaterUserName": "无***兵"
}