{
    "cid": "xkVMmeCSoi",
    "authorUid": "bd-2500414095",
    "authorUserName": "韩***波",
    "title": "数据集dataset使用示例",
    "description": "地图、柱状图共用数据集dataset示例图。",
    "latestVersion": 5,
    "alwaysLatest": 0,
    "createTime": "2021-04-25T06:10:28.000Z",
    "lastUpdateTime": "2021-07-13T09:37:59.000Z",
    "auth": 2,
    "uid": "bd-2500414095",
    "publishedVersion": 0,
    "forkFrom": "-",
    "isSpam": 0,
    "version": 5,
    "parentVersion": 4,
    "echartsVersion": "5.1.1",
    "versionCreateTime": "2021-07-13T09:28:54.000Z",
    "html": "",
    "externalScripts": "",
    "updaterUID": "bd-2500414095",
    "theme": "default",
    "layout": "",
    "viewCount": 0,
    "userName": "韩***波",
    "commentCount": 0,
    "starCount": 2,
    "isStared": 0,
    "thumbnailURL": "https://www.makeapie.com/ecg-storage/ec_gallery_thumbnail/xkVMmeCSoi.png?v=1626168534952",
    "isCustomThumbnail": 0,
    "builtinTags": [
        "category-work",
        "dataset",
        "series-map",
        "tooltip",
        "visualMap"
    ],
    "customTags": [
        "bar"
    ],
    "updaterUserName": "韩***波"
}