{
    "cid": "xoSMOiAXhr",
    "authorUid": "obd-o2paVX-Uqs4G3yhLxfy_OrNp-dWKQ6W",
    "authorUserName": "阳***雷",
    "title": "简单的饼图",
    "description": "话不多说，上代码",
    "latestVersion": 1,
    "alwaysLatest": 0,
    "createTime": "2021-04-26T03:20:17.000Z",
    "lastUpdateTime": "2021-04-26T03:20:17.000Z",
    "auth": 1,
    "uid": "obd-o2paVX-Uqs4G3yhLxfy_OrNp-dWKQ6W",
    "publishedVersion": 0,
    "forkFrom": "-",
    "isSpam": 0,
    "version": 1,
    "parentVersion": -1,
    "echartsVersion": "5.1.0",
    "versionCreateTime": "2021-04-26T03:20:17.000Z",
    "html": "",
    "externalScripts": "",
    "updaterUID": "obd-o2paVX-Uqs4G3yhLxfy_OrNp-dWKQ6W",
    "theme": "",
    "layout": "",
    "viewCount": 0,
    "userName": "阳***雷",
    "commentCount": 0,
    "starCount": 1,
    "isStared": 0,
    "thumbnailURL": "https://www.makeapie.com/ecg-storage/ec_gallery_thumbnail/xoSMOiAXhr.png?v=1619407218114",
    "isCustomThumbnail": 0,
    "builtinTags": [
        "category-work",
        "legend",
        "series-pie"
    ],
    "customTags": [
        "pie",
        "饼图"
    ],
    "updaterUserName": "阳***雷"
}