{
    "cid": "xR74Hpigw_",
    "authorUid": "obd-oCOckb6hqM5dHH8EUKQpSCy2OP70i33",
    "authorUserName": "你***笑",
    "title": "论文雷达图",
    "description": "胡瑞是傻逼",
    "latestVersion": 3,
    "alwaysLatest": 1,
    "createTime": "2021-04-22T13:34:37.000Z",
    "lastUpdateTime": "2021-04-22T13:34:37.000Z",
    "auth": 2,
    "uid": "obd-oCOckb6hqM5dHH8EUKQpSCy2OP70i33",
    "publishedVersion": 0,
    "forkFrom": "-",
    "isSpam": 0,
    "version": 3,
    "parentVersion": 2,
    "echartsVersion": "4.8.0",
    "versionCreateTime": "2021-04-22T13:48:32.000Z",
    "html": "",
    "externalScripts": "",
    "updaterUID": "obd-oCOckb6hqM5dHH8EUKQpSCy2OP70i33",
    "theme": "",
    "layout": "",
    "viewCount": 22,
    "userName": "你***笑",
    "commentCount": 0,
    "starCount": 1,
    "isStared": 0,
    "thumbnailURL": "https://www.makeapie.com/ecg-storage/ec_gallery_thumbnail/xR74Hpigw_.png?v=1619099312694",
    "isCustomThumbnail": 0,
    "builtinTags": [
        "category-work",
        "legend",
        "radar",
        "series-radar",
        "tooltip"
    ],
    "customTags": [],
    "updaterUserName": "你***笑"
}