{
    "cid": "xVgdC7l_eI",
    "authorUid": "obd-oCutc9pHaKYsfrE5YiOO7nwoVNTrM3H",
    "authorUserName": "鏃***櫅",
    "title": "3D地图飞线图",
    "description": "",
    "latestVersion": 7,
    "alwaysLatest": 1,
    "createTime": "2021-04-22T06:09:01.000Z",
    "lastUpdateTime": "2021-04-22T06:09:01.000Z",
    "auth": 2,
    "uid": "obd-oCutc9pHaKYsfrE5YiOO7nwoVNTrM3H",
    "publishedVersion": 0,
    "forkFrom": "-",
    "isSpam": 0,
    "version": 7,
    "parentVersion": 6,
    "echartsVersion": "4.8.0",
    "versionCreateTime": "2021-04-23T01:40:12.000Z",
    "html": "",
    "externalScripts": "https://echarts.baidu.com/resource/echarts-gl-latest/dist/echarts-gl.min.js",
    "updaterUID": "obd-oCutc9pHaKYsfrE5YiOO7nwoVNTrM3H",
    "theme": "",
    "layout": "",
    "viewCount": 19,
    "userName": "鏃***櫅",
    "commentCount": 0,
    "starCount": 0,
    "isStared": 0,
    "thumbnailURL": "https://www.makeapie.com/ecg-storage/ec_gallery_thumbnail/xVgdC7l_eI.png?v=1619142013013",
    "isCustomThumbnail": 0,
    "builtinTags": [
        "category-work"
    ],
    "customTags": [],
    "updaterUserName": "鏃***櫅"
}