{
    "cid": "x0ObIY6fM-",
    "authorUid": "bd-290899024",
    "authorUserName": "依***t",
    "title": "c#的金币库",
    "description": "数据来自木可统计局",
    "latestVersion": 1,
    "alwaysLatest": 1,
    "createTime": "2019-03-08T06:10:24.000Z",
    "lastUpdateTime": "2019-03-08T06:10:24.000Z",
    "auth": 2,
    "uid": "bd-290899024",
    "publishedVersion": 0,
    "forkFrom": "-",
    "isSpam": 0,
    "version": 1,
    "parentVersion": -1,
    "echartsVersion": "4.2.1",
    "versionCreateTime": "2019-03-08T06:10:25.000Z",
    "html": "",
    "externalScripts": "",
    "updaterUID": "bd-290899024",
    "theme": "",
    "layout": "",
    "viewCount": 2054,
    "userName": "依***t",
    "commentCount": 0,
    "starCount": 5,
    "isStared": 0,
    "thumbnailURL": "https://www.makeapie.com/ecg-storage/ec_gallery_thumbnail/x0ObIY6fM-.png?v=1552025425127",
    "isCustomThumbnail": 0,
    "builtinTags": [
        "category-work",
        "grid",
        "legend",
        "series-bar",
        "timeline",
        "title",
        "tooltip"
    ],
    "customTags": [],
    "updaterUserName": "依***t"
}