{
    "cid": "x8EzbGS4gD",
    "authorUid": "bd-779443",
    "authorUserName": "乱***尚",
    "title": "历史月度数据",
    "description": "历史月度数据",
    "latestVersion": 2,
    "alwaysLatest": 1,
    "createTime": "2019-03-07T03:14:45.000Z",
    "lastUpdateTime": "2019-03-07T03:14:45.000Z",
    "auth": 2,
    "uid": "bd-779443",
    "publishedVersion": 0,
    "forkFrom": "-",
    "isSpam": 0,
    "version": 2,
    "parentVersion": 1,
    "echartsVersion": "4.2.1",
    "versionCreateTime": "2019-03-07T03:17:44.000Z",
    "html": "",
    "externalScripts": "",
    "updaterUID": "bd-779443",
    "theme": "",
    "layout": "",
    "viewCount": 641,
    "userName": "乱***尚",
    "commentCount": 0,
    "starCount": 2,
    "isStared": 0,
    "thumbnailURL": "https://www.makeapie.com/ecg-storage/ec_gallery_thumbnail/x8EzbGS4gD.png?v=1551928664182",
    "isCustomThumbnail": 0,
    "builtinTags": [
        "category-work",
        "grid",
        "legend",
        "series-line",
        "tooltip"
    ],
    "customTags": [],
    "updaterUserName": "乱***尚"
}