{
    "cid": "x_Upu-MaJW",
    "authorUid": "bd-1298913600",
    "authorUserName": "思***展",
    "title": "联动",
    "description": "多轴联动",
    "latestVersion": 7,
    "alwaysLatest": 1,
    "createTime": "2019-03-07T07:35:25.000Z",
    "lastUpdateTime": "2021-02-04T03:09:26.000Z",
    "auth": 1,
    "uid": "bd-1298913600",
    "publishedVersion": 0,
    "forkFrom": "-",
    "isSpam": 0,
    "version": 7,
    "parentVersion": 6,
    "echartsVersion": "4.8.0",
    "versionCreateTime": "2020-07-01T02:10:15.000Z",
    "html": "",
    "externalScripts": "",
    "updaterUID": "obd-o0SPU7pjdd5PlBu7PpJYQLyF7YElOFi",
    "theme": "default",
    "layout": "",
    "viewCount": 704,
    "userName": "思***展",
    "commentCount": 0,
    "starCount": 0,
    "isStared": 0,
    "thumbnailURL": "https://www.makeapie.com/ecg-storage/ec_gallery_thumbnail/x_Upu-MaJW.png?v=1612408167149",
    "isCustomThumbnail": 1,
    "builtinTags": [
        "category-work",
        "dataset",
        "dataZoom",
        "grid",
        "legend",
        "series-line",
        "tooltip"
    ],
    "customTags": [],
    "updaterUserName": "蓝***曦"
}