{
    "cid": "x_VRqm0EqJ",
    "authorUid": "bd-3379959023",
    "authorUserName": "135******72",
    "title": "地图结合柱状图",
    "description": "地图结合柱状图",
    "latestVersion": 2,
    "alwaysLatest": 1,
    "createTime": "2019-03-07T03:30:21.000Z",
    "lastUpdateTime": "2019-03-07T03:30:21.000Z",
    "auth": 1,
    "uid": "bd-3379959023",
    "publishedVersion": 0,
    "forkFrom": "-",
    "isSpam": 0,
    "version": 2,
    "parentVersion": 1,
    "echartsVersion": "4.2.1",
    "versionCreateTime": "2019-03-07T03:31:56.000Z",
    "html": "",
    "externalScripts": "/dep/echarts/map/js/china.js",
    "updaterUID": "bd-3379959023",
    "theme": "",
    "layout": "",
    "viewCount": 1701,
    "userName": "135******72",
    "commentCount": 0,
    "starCount": 8,
    "isStared": 0,
    "thumbnailURL": "https://www.makeapie.com/ecg-storage/ec_gallery_thumbnail/x_VRqm0EqJ.png?v=1551929516894",
    "isCustomThumbnail": 0,
    "builtinTags": [
        "category-work",
        "geo",
        "grid",
        "series-bar"
    ],
    "customTags": [],
    "updaterUserName": "135******72"
}