{
    "cid": "xbwdhO5n4K",
    "authorUid": "bd-2574360473",
    "authorUserName": "132*****250",
    "title": "百度地图通勤线",
    "description": "",
    "latestVersion": 3,
    "alwaysLatest": 1,
    "createTime": "2019-03-08T07:25:15.000Z",
    "lastUpdateTime": "2019-03-08T07:25:15.000Z",
    "auth": 2,
    "uid": "bd-2574360473",
    "publishedVersion": 0,
    "forkFrom": "-",
    "isSpam": 0,
    "version": 3,
    "parentVersion": 2,
    "echartsVersion": "4.2.1",
    "versionCreateTime": "2019-05-19T10:29:32.000Z",
    "html": "",
    "externalScripts": "/dep/echarts/latest/extension/bmap.min.js,https://api.map.baidu.com/api?v=2.0&ak=4uuypGiOu1eTt3iOIMnNlWre40UUNNmv",
    "updaterUID": "bd-2574360473",
    "theme": "",
    "layout": "",
    "viewCount": 197,
    "userName": "132*****250",
    "commentCount": 0,
    "starCount": 1,
    "isStared": 0,
    "thumbnailURL": "https://www.makeapie.com/ecg-storage/ec_gallery_thumbnail/xbwdhO5n4K.png?v=1552029919626",
    "isCustomThumbnail": 1,
    "builtinTags": [
        "category-work"
    ],
    "customTags": [],
    "updaterUserName": "132*****250"
}