{
    "cid": "xHDFM7AIIi",
    "authorUid": "bd-1298913600",
    "authorUserName": "思***展",
    "title": "地图dataset",
    "description": "地图数据分离",
    "latestVersion": 1,
    "alwaysLatest": 1,
    "createTime": "2019-03-07T09:47:33.000Z",
    "lastUpdateTime": "2021-02-04T03:03:42.000Z",
    "auth": 1,
    "uid": "bd-1298913600",
    "publishedVersion": 0,
    "forkFrom": "-",
    "isSpam": 0,
    "version": 1,
    "parentVersion": -1,
    "echartsVersion": "4.2.1",
    "versionCreateTime": "2019-03-07T09:47:33.000Z",
    "html": "",
    "externalScripts": "",
    "updaterUID": "bd-1298913600",
    "theme": "default",
    "layout": "",
    "viewCount": 181,
    "userName": "思***展",
    "commentCount": 0,
    "starCount": 1,
    "isStared": 0,
    "thumbnailURL": "https://www.makeapie.com/ecg-storage/ec_gallery_thumbnail/xHDFM7AIIi.png?v=1612407822840",
    "isCustomThumbnail": 1,
    "builtinTags": [
        "category-work",
        "dataset",
        "series-map",
        "title",
        "toolbox",
        "tooltip",
        "visualMap"
    ],
    "customTags": [],
    "updaterUserName": "思***展"
}