{
    "cid": "xnA5ZR9OXH",
    "authorUid": "bd-779443",
    "authorUserName": "乱***尚",
    "title": "违规类型分布",
    "description": "",
    "latestVersion": 1,
    "alwaysLatest": 1,
    "createTime": "2019-03-07T03:43:14.000Z",
    "lastUpdateTime": "2019-03-07T03:43:14.000Z",
    "auth": 2,
    "uid": "bd-779443",
    "publishedVersion": 0,
    "forkFrom": "-",
    "isSpam": 0,
    "version": 1,
    "parentVersion": -1,
    "echartsVersion": "4.2.1",
    "versionCreateTime": "2019-03-07T03:43:14.000Z",
    "html": "",
    "externalScripts": "",
    "updaterUID": "bd-779443",
    "theme": "",
    "layout": "",
    "viewCount": 51,
    "userName": "乱***尚",
    "commentCount": 0,
    "starCount": 0,
    "isStared": 0,
    "thumbnailURL": "https://www.makeapie.com/ecg-storage/ec_gallery_thumbnail/xnA5ZR9OXH.png?v=1551930194521",
    "isCustomThumbnail": 0,
    "builtinTags": [
        "category-work",
        "legend",
        "series-pie",
        "tooltip"
    ],
    "customTags": [],
    "updaterUserName": "乱***尚"
}