{
    "cid": "xojSywhapP",
    "authorUid": "bd-950453152",
    "authorUserName": "_***_",
    "title": "For my queen",
    "description": "",
    "latestVersion": 3,
    "alwaysLatest": 1,
    "createTime": "2019-03-08T03:16:56.000Z",
    "lastUpdateTime": "2019-03-08T03:16:56.000Z",
    "auth": 2,
    "uid": "bd-950453152",
    "publishedVersion": 0,
    "forkFrom": "-",
    "isSpam": 0,
    "version": 3,
    "parentVersion": 2,
    "echartsVersion": "4.2.1",
    "versionCreateTime": "2019-03-08T03:24:23.000Z",
    "html": "",
    "externalScripts": "",
    "updaterUID": "bd-950453152",
    "theme": "",
    "layout": "",
    "viewCount": 467,
    "userName": "_***_",
    "commentCount": 0,
    "starCount": 0,
    "isStared": 0,
    "thumbnailURL": "https://www.makeapie.com/ecg-storage/ec_gallery_thumbnail/xojSywhapP.png?v=1552015463404",
    "isCustomThumbnail": 0,
    "builtinTags": [
        "category-work",
        "series-gauge",
        "toolbox",
        "tooltip"
    ],
    "customTags": [],
    "updaterUserName": "_***_"
}