{
    "cid": "xOQb0jvvZr",
    "authorUid": "bd-3379959023",
    "authorUserName": "135******72",
    "title": "web前端知识图谱",
    "description": "",
    "latestVersion": 1,
    "alwaysLatest": 1,
    "createTime": "2019-03-07T03:45:55.000Z",
    "lastUpdateTime": "2019-03-07T03:45:55.000Z",
    "auth": 1,
    "uid": "bd-3379959023",
    "publishedVersion": 0,
    "forkFrom": "-",
    "isSpam": 0,
    "version": 1,
    "parentVersion": -1,
    "echartsVersion": "4.2.1",
    "versionCreateTime": "2019-03-07T03:45:55.000Z",
    "html": "",
    "externalScripts": "",
    "updaterUID": "bd-3379959023",
    "theme": "",
    "layout": "",
    "viewCount": 157,
    "userName": "135******72",
    "commentCount": 0,
    "starCount": 1,
    "isStared": 0,
    "thumbnailURL": "https://www.makeapie.com/ecg-storage/ec_gallery_thumbnail/xOQb0jvvZr.png?v=1551930355584",
    "isCustomThumbnail": 1,
    "builtinTags": [
        "category-work",
        "series-tree",
        "toolbox",
        "tooltip"
    ],
    "customTags": [],
    "updaterUserName": "135******72"
}