{
    "cid": "xPXriznJ6O",
    "authorUid": "bd-1144264210",
    "authorUserName": "m***2",
    "title": "自动生成多颜色",
    "description": "当使用的颜色种类超过11种后，颜色就会重复，本例使用代码自动生成指定曲线个数的不同颜色",
    "latestVersion": 1,
    "alwaysLatest": 1,
    "createTime": "2019-03-07T06:32:04.000Z",
    "lastUpdateTime": "2019-03-07T06:32:04.000Z",
    "auth": 1,
    "uid": "bd-1144264210",
    "publishedVersion": 0,
    "forkFrom": "-",
    "isSpam": 0,
    "version": 1,
    "parentVersion": -1,
    "echartsVersion": "4.2.1",
    "versionCreateTime": "2019-03-07T06:32:04.000Z",
    "html": "",
    "externalScripts": "",
    "updaterUID": "bd-1144264210",
    "theme": "",
    "layout": "",
    "viewCount": 369,
    "userName": "m***2",
    "commentCount": 0,
    "starCount": 2,
    "isStared": 0,
    "thumbnailURL": "https://www.makeapie.com/ecg-storage/ec_gallery_thumbnail/xPXriznJ6O.png?v=1551940324646",
    "isCustomThumbnail": 0,
    "builtinTags": [
        "category-work",
        "legend",
        "radar",
        "series-radar",
        "title",
        "tooltip",
        "visualMap"
    ],
    "customTags": [],
    "updaterUserName": "m***2"
}