{
    "cid": "xRtHtmObto",
    "authorUid": "bd-950453152",
    "authorUserName": "_***_",
    "title": "Awesome Chart",
    "description": "",
    "latestVersion": 2,
    "alwaysLatest": 1,
    "createTime": "2019-03-07T10:24:38.000Z",
    "lastUpdateTime": "2019-03-07T10:24:38.000Z",
    "auth": 1,
    "uid": "bd-950453152",
    "publishedVersion": 0,
    "forkFrom": "-",
    "isSpam": 0,
    "version": 2,
    "parentVersion": 1,
    "echartsVersion": "4.2.1",
    "versionCreateTime": "2019-03-07T10:25:28.000Z",
    "html": "",
    "externalScripts": "",
    "updaterUID": "bd-950453152",
    "theme": "",
    "layout": "",
    "viewCount": 64,
    "userName": "_***_",
    "commentCount": 0,
    "starCount": 0,
    "isStared": 0,
    "thumbnailURL": "https://www.makeapie.com/ecg-storage/ec_gallery_thumbnail/xRtHtmObto.png?v=1551954328379",
    "isCustomThumbnail": 0,
    "builtinTags": [
        "category-work",
        "series-gauge",
        "toolbox",
        "tooltip"
    ],
    "customTags": [],
    "updaterUserName": "_***_"
}