{
    "cid": "xV6YLz9IV5",
    "authorUid": "bd-1298913600",
    "authorUserName": "思***展",
    "title": "山东省地图dataset泵机销售图",
    "description": "dataset分离",
    "latestVersion": 11,
    "alwaysLatest": 1,
    "createTime": "2019-03-07T10:29:13.000Z",
    "lastUpdateTime": "2019-03-07T10:29:13.000Z",
    "auth": 1,
    "uid": "bd-1298913600",
    "publishedVersion": 0,
    "forkFrom": "-",
    "isSpam": 0,
    "version": 11,
    "parentVersion": 10,
    "echartsVersion": "4.2.1",
    "versionCreateTime": "2019-03-12T02:38:18.000Z",
    "html": "",
    "externalScripts": "",
    "updaterUID": "bd-1298913600",
    "theme": "",
    "layout": "",
    "viewCount": 222,
    "userName": "思***展",
    "commentCount": 0,
    "starCount": 1,
    "isStared": 0,
    "thumbnailURL": "https://www.makeapie.com/ecg-storage/ec_gallery_thumbnail/xV6YLz9IV5.png?v=1552358298653",
    "isCustomThumbnail": 0,
    "builtinTags": [
        "category-work",
        "dataset",
        "geo",
        "legend",
        "series-map",
        "series-scatter",
        "title",
        "tooltip",
        "visualMap"
    ],
    "customTags": [],
    "updaterUserName": "思***展"
}