{
    "cid": "xbBCuT5BwE",
    "authorUid": "bd-1469684477",
    "authorUserName": "G***5",
    "title": "合肥辐射地图",
    "description": "为了zsd",
    "latestVersion": 4,
    "alwaysLatest": 0,
    "createTime": "2021-07-16T08:47:25.000Z",
    "lastUpdateTime": "2021-07-16T09:18:06.000Z",
    "auth": 2,
    "uid": "bd-1469684477",
    "publishedVersion": 0,
    "forkFrom": "-",
    "isSpam": 0,
    "version": 4,
    "parentVersion": 3,
    "echartsVersion": "3.8.0",
    "versionCreateTime": "2021-07-16T09:18:06.000Z",
    "html": "",
    "externalScripts": "https://www.makeapie.com/dep/echarts/map/js/china.js",
    "updaterUID": "bd-1469684477",
    "theme": "",
    "layout": "",
    "viewCount": 0,
    "userName": "G***5",
    "commentCount": 0,
    "starCount": 1,
    "isStared": 0,
    "thumbnailURL": "https://www.makeapie.com/ecg-storage/ec_gallery_thumbnail/xbBCuT5BwE.png?v=1626427086392",
    "isCustomThumbnail": 0,
    "builtinTags": [
        "category-work",
        "geo",
        "series-effectScatter",
        "series-lines",
        "series-map",
        "toolbox",
        "visualMap"
    ],
    "customTags": [],
    "updaterUserName": "G***5"
}