{
    "cid": "xchc89PJB5",
    "authorUid": "bd-2341513011",
    "authorUserName": "k***雪",
    "title": "AQI指数",
    "description": "",
    "latestVersion": 1,
    "alwaysLatest": 0,
    "createTime": "2021-07-16T05:44:09.000Z",
    "lastUpdateTime": "2021-07-16T05:44:09.000Z",
    "auth": 2,
    "uid": "bd-2341513011",
    "publishedVersion": 0,
    "forkFrom": "-",
    "isSpam": 0,
    "version": 1,
    "parentVersion": -1,
    "echartsVersion": "5.1.2",
    "versionCreateTime": "2021-07-16T05:44:09.000Z",
    "html": "",
    "externalScripts": "",
    "updaterUID": "bd-2341513011",
    "theme": "",
    "layout": "",
    "viewCount": 0,
    "userName": "k***雪",
    "commentCount": 0,
    "starCount": 0,
    "isStared": 0,
    "thumbnailURL": "https://www.makeapie.com/ecg-storage/ec_gallery_thumbnail/xchc89PJB5.png?v=1626414249480",
    "isCustomThumbnail": 0,
    "builtinTags": [
        "category-work",
        "polar",
        "series-bar",
        "series-gauge",
        "title"
    ],
    "customTags": [],
    "updaterUserName": "k***雪"
}