{
    "cid": "xEi1UtRqET",
    "authorUid": "obd-oPqytw-OfeNPHuv4mSAgXoekc9F1k9E",
    "authorUserName": "水***u",
    "title": "横向柱状图",
    "description": "记录自己做的图表",
    "latestVersion": 2,
    "alwaysLatest": 0,
    "createTime": "2021-07-16T06:14:45.000Z",
    "lastUpdateTime": "2021-07-16T06:19:21.000Z",
    "auth": 2,
    "uid": "obd-oPqytw-OfeNPHuv4mSAgXoekc9F1k9E",
    "publishedVersion": 0,
    "forkFrom": "-",
    "isSpam": 0,
    "version": 2,
    "parentVersion": 1,
    "echartsVersion": "5.1.2",
    "versionCreateTime": "2021-07-16T06:19:21.000Z",
    "html": "",
    "externalScripts": "",
    "updaterUID": "obd-oPqytw-OfeNPHuv4mSAgXoekc9F1k9E",
    "theme": "",
    "layout": "",
    "viewCount": 0,
    "userName": "水***u",
    "commentCount": 0,
    "starCount": 0,
    "isStared": 0,
    "thumbnailURL": "https://www.makeapie.com/ecg-storage/ec_gallery_thumbnail/xEi1UtRqET.png?v=1626416361279",
    "isCustomThumbnail": 0,
    "builtinTags": [
        "category-work",
        "grid",
        "legend",
        "series-bar",
        "tooltip"
    ],
    "customTags": [],
    "updaterUserName": "水***u"
}