{
    "cid": "xLg8NsTRD-",
    "authorUid": "obd-o2HdiatgfizYaO-XMq1VWZaY3rkS0BE",
    "authorUserName": "秋***飒",
    "title": "极值、均值",
    "description": "极值、均值并列展示",
    "latestVersion": 15,
    "alwaysLatest": 0,
    "createTime": "2021-07-15T09:45:07.000Z",
    "lastUpdateTime": "2021-07-16T07:55:16.000Z",
    "auth": 2,
    "uid": "obd-o2HdiatgfizYaO-XMq1VWZaY3rkS0BE",
    "publishedVersion": 0,
    "forkFrom": "-",
    "isSpam": 0,
    "version": 15,
    "parentVersion": 14,
    "echartsVersion": "5.1.2",
    "versionCreateTime": "2021-07-16T07:55:16.000Z",
    "html": "",
    "externalScripts": "",
    "updaterUID": "obd-o2HdiatgfizYaO-XMq1VWZaY3rkS0BE",
    "theme": "",
    "layout": "",
    "viewCount": 0,
    "userName": "秋***飒",
    "commentCount": 0,
    "starCount": 4,
    "isStared": 0,
    "thumbnailURL": "https://www.makeapie.com/ecg-storage/ec_gallery_thumbnail/xLg8NsTRD-.png?v=1626422116995",
    "isCustomThumbnail": 0,
    "builtinTags": [
        "category-work",
        "grid",
        "series-bar",
        "series-pictorialBar",
        "tooltip"
    ],
    "customTags": [],
    "updaterUserName": "秋***飒"
}