{
    "cid": "xqHo-bJ_kK",
    "authorUid": "obd-oA55SP5RtL-Zs0CVhRRqu8sr8qTfD7r",
    "authorUserName": "是***爷",
    "title": "仪表盘/饼图/扇形图",
    "description": "",
    "latestVersion": 3,
    "alwaysLatest": 0,
    "createTime": "2021-07-15T06:50:00.000Z",
    "lastUpdateTime": "2021-11-03T02:23:20.000Z",
    "auth": 1,
    "uid": "obd-oA55SP5RtL-Zs0CVhRRqu8sr8qTfD7r",
    "publishedVersion": 0,
    "forkFrom": "-",
    "isSpam": 0,
    "version": 3,
    "parentVersion": 1,
    "echartsVersion": "5.1.2",
    "versionCreateTime": "2021-11-03T02:23:21.000Z",
    "html": "",
    "externalScripts": "",
    "updaterUID": "obd-oA55SP5RtL-Zs0CVhRRqu8sr8qTfD7r",
    "theme": "dark",
    "layout": "",
    "viewCount": 0,
    "userName": "是***爷",
    "commentCount": 0,
    "starCount": 1,
    "isStared": 0,
    "thumbnailURL": "https://www.makeapie.com/ecg-storage/ec_gallery_thumbnail/xqHo-bJ_kK.png?v=1635906201105",
    "isCustomThumbnail": 0,
    "builtinTags": [
        "category-work",
        "graphic",
        "legend",
        "series-pie",
        "title"
    ],
    "customTags": [],
    "updaterUserName": "是***爷"
}