{
    "cid": "xSHSaHCrVy",
    "authorUid": "bd-3074445319",
    "authorUserName": "黑***来",
    "title": "渐变折线图",
    "description": "",
    "latestVersion": 1,
    "alwaysLatest": 1,
    "createTime": "2021-07-16T12:06:25.000Z",
    "lastUpdateTime": "2021-07-16T12:06:25.000Z",
    "auth": 2,
    "uid": "bd-3074445319",
    "publishedVersion": 0,
    "forkFrom": "-",
    "isSpam": 0,
    "version": 1,
    "parentVersion": -1,
    "echartsVersion": "5.1.2",
    "versionCreateTime": "2021-07-16T12:06:25.000Z",
    "html": "",
    "externalScripts": "",
    "updaterUID": "bd-3074445319",
    "theme": "dark",
    "layout": "",
    "viewCount": 0,
    "userName": "黑***来",
    "commentCount": 0,
    "starCount": 0,
    "isStared": 0,
    "thumbnailURL": "https://www.makeapie.com/ecg-storage/ec_gallery_thumbnail/xSHSaHCrVy.png?v=1626437185304",
    "isCustomThumbnail": 0,
    "builtinTags": [
        "category-work",
        "dataset",
        "grid",
        "series-line"
    ],
    "customTags": [],
    "updaterUserName": "黑***来"
}