{
    "cid": "xv0RCHAw5B",
    "authorUid": "bd-2651118724",
    "authorUserName": "伴***花",
    "title": "启动时长患者端",
    "description": "",
    "latestVersion": 2,
    "alwaysLatest": 0,
    "createTime": "2021-07-15T08:06:45.000Z",
    "lastUpdateTime": "2021-07-15T08:13:25.000Z",
    "auth": 2,
    "uid": "bd-2651118724",
    "publishedVersion": 0,
    "forkFrom": "-",
    "isSpam": 0,
    "version": 2,
    "parentVersion": 1,
    "echartsVersion": "5.1.2",
    "versionCreateTime": "2021-07-15T08:13:25.000Z",
    "html": "",
    "externalScripts": "",
    "updaterUID": "bd-2651118724",
    "theme": "",
    "layout": "",
    "viewCount": 0,
    "userName": "伴***花",
    "commentCount": 0,
    "starCount": 0,
    "isStared": 0,
    "thumbnailURL": "https://www.makeapie.com/ecg-storage/ec_gallery_thumbnail/xv0RCHAw5B.png?v=1626336805634",
    "isCustomThumbnail": 0,
    "builtinTags": [
        "category-work",
        "grid",
        "series-bar",
        "title"
    ],
    "customTags": [],
    "updaterUserName": "伴***花"
}