{
    "cid": "xYnlRCNr6s",
    "authorUid": "bd-2091739457",
    "authorUserName": "好***y",
    "title": "双轴",
    "description": "",
    "latestVersion": 1,
    "alwaysLatest": 1,
    "createTime": "2021-07-15T09:11:50.000Z",
    "lastUpdateTime": "2021-07-15T09:11:50.000Z",
    "auth": 2,
    "uid": "bd-2091739457",
    "publishedVersion": 0,
    "forkFrom": "-",
    "isSpam": 0,
    "version": 1,
    "parentVersion": -1,
    "echartsVersion": "5.1.2",
    "versionCreateTime": "2021-07-15T09:11:50.000Z",
    "html": "",
    "externalScripts": "",
    "updaterUID": "bd-2091739457",
    "theme": "",
    "layout": "",
    "viewCount": 0,
    "userName": "好***y",
    "commentCount": 0,
    "starCount": 1,
    "isStared": 0,
    "thumbnailURL": "https://www.makeapie.com/ecg-storage/ec_gallery_thumbnail/xYnlRCNr6s.png?v=1626340310717",
    "isCustomThumbnail": 1,
    "builtinTags": [
        "category-work",
        "grid",
        "series-line",
        "tooltip"
    ],
    "customTags": [],
    "updaterUserName": "好***y"
}