{
    "cid": "xZsnU2ER_f",
    "authorUid": "obd-o2pTSbbZAClb8mgzx16ALMDePV_pH6Z",
    "authorUserName": "7***q",
    "title": "仪表盘示例",
    "description": "",
    "latestVersion": 2,
    "alwaysLatest": 0,
    "createTime": "2021-07-15T09:50:06.000Z",
    "lastUpdateTime": "2021-07-15T09:51:09.000Z",
    "auth": 1,
    "uid": "obd-o2pTSbbZAClb8mgzx16ALMDePV_pH6Z",
    "publishedVersion": 0,
    "forkFrom": "-",
    "isSpam": 0,
    "version": 2,
    "parentVersion": 1,
    "echartsVersion": "5.1.2",
    "versionCreateTime": "2021-07-15T09:51:09.000Z",
    "html": "",
    "externalScripts": "",
    "updaterUID": "obd-o2pTSbbZAClb8mgzx16ALMDePV_pH6Z",
    "theme": "",
    "layout": "",
    "viewCount": 0,
    "userName": "7***q",
    "commentCount": 0,
    "starCount": 2,
    "isStared": 0,
    "thumbnailURL": "https://www.makeapie.com/ecg-storage/ec_gallery_thumbnail/xZsnU2ER_f.png?v=1626342669186",
    "isCustomThumbnail": 0,
    "builtinTags": [
        "category-work",
        "dataset",
        "graphic",
        "series-gauge",
        "series-pie",
        "title"
    ],
    "customTags": [],
    "updaterUserName": "7***q"
}