{
    "cid": "xzxSJ00jja",
    "authorUid": "obd-oCTnGnrJQoxYAJwb1AL6wlwFSXQzU31",
    "authorUserName": "浣***e",
    "title": "折线覆盖",
    "description": "",
    "latestVersion": 2,
    "alwaysLatest": 0,
    "createTime": "2021-07-15T10:37:02.000Z",
    "lastUpdateTime": "2021-07-15T10:37:36.000Z",
    "auth": 2,
    "uid": "obd-oCTnGnrJQoxYAJwb1AL6wlwFSXQzU31",
    "publishedVersion": 0,
    "forkFrom": "-",
    "isSpam": 0,
    "version": 2,
    "parentVersion": 1,
    "echartsVersion": "5.1.2",
    "versionCreateTime": "2021-07-15T10:37:36.000Z",
    "html": "",
    "externalScripts": "https://cdn.jsdelivr.net/npm/echarts-gl@2/dist/echarts-gl.min.js",
    "updaterUID": "obd-oCTnGnrJQoxYAJwb1AL6wlwFSXQzU31",
    "theme": "",
    "layout": "",
    "viewCount": 0,
    "userName": "浣***e",
    "commentCount": 0,
    "starCount": 0,
    "isStared": 0,
    "thumbnailURL": "https://www.makeapie.com/ecg-storage/ec_gallery_thumbnail/xzxSJ00jja.png?v=1626345456574",
    "isCustomThumbnail": 0,
    "builtinTags": [
        "category-work",
        "geo3D",
        "series-lines3D"
    ],
    "customTags": [],
    "updaterUserName": "浣***e"
}