{
    "cid": "x-0XNLUrKo",
    "authorUid": "bd-1460395036",
    "authorUserName": "阿***美",
    "title": "广西省销售路线",
    "description": "广西省鲜生销售路线",
    "latestVersion": 9,
    "alwaysLatest": 1,
    "createTime": "2019-02-13T09:42:56.000Z",
    "lastUpdateTime": "2019-02-13T09:42:56.000Z",
    "auth": 2,
    "uid": "bd-1460395036",
    "publishedVersion": 0,
    "forkFrom": "-",
    "isSpam": 0,
    "version": 9,
    "parentVersion": 8,
    "echartsVersion": "4.2.1",
    "versionCreateTime": "2019-02-14T04:33:35.000Z",
    "html": "",
    "externalScripts": "",
    "updaterUID": "bd-1460395036",
    "theme": "",
    "layout": "",
    "viewCount": 1627,
    "userName": "阿***美",
    "commentCount": 0,
    "starCount": 2,
    "isStared": 0,
    "thumbnailURL": "https://www.makeapie.com/ecg-storage/ec_gallery_thumbnail/x-0XNLUrKo.png?v=1550118815344",
    "isCustomThumbnail": 0,
    "builtinTags": [
        "category-work",
        "geo",
        "series-effectScatter",
        "series-lines",
        "title",
        "tooltip"
    ],
    "customTags": [],
    "updaterUserName": "阿***美"
}