{
    "cid": "x2z8KnVJIm",
    "authorUid": "bd-939951233",
    "authorUserName": "j***k",
    "title": "2018年投标省份",
    "description": "",
    "latestVersion": 1,
    "alwaysLatest": 1,
    "createTime": "2019-02-13T07:20:54.000Z",
    "lastUpdateTime": "2019-02-13T07:20:54.000Z",
    "auth": 2,
    "uid": "bd-939951233",
    "publishedVersion": 0,
    "forkFrom": "-",
    "isSpam": 0,
    "version": 1,
    "parentVersion": -1,
    "echartsVersion": "4.2.1",
    "versionCreateTime": "2019-02-13T07:20:54.000Z",
    "html": "",
    "externalScripts": "/dep/echarts/map/js/china.js",
    "updaterUID": "bd-939951233",
    "theme": "",
    "layout": "",
    "viewCount": 3129,
    "userName": "j***k",
    "commentCount": 0,
    "starCount": 3,
    "isStared": 0,
    "thumbnailURL": "https://www.makeapie.com/ecg-storage/ec_gallery_thumbnail/x2z8KnVJIm.png?v=1550042454236",
    "isCustomThumbnail": 0,
    "builtinTags": [
        "category-work",
        "series-map",
        "title",
        "toolbox",
        "tooltip",
        "visualMap"
    ],
    "customTags": [],
    "updaterUserName": "j***k"
}