{
    "cid": "xDgQrcsnDT",
    "authorUid": "bd-1335944923",
    "authorUserName": "锃***6",
    "title": "graph+lines",
    "description": "关系图+lines飞线动画",
    "latestVersion": 12,
    "alwaysLatest": 1,
    "createTime": "2019-02-14T08:47:10.000Z",
    "lastUpdateTime": "2019-02-14T08:47:10.000Z",
    "auth": 1,
    "uid": "bd-1335944923",
    "publishedVersion": 0,
    "forkFrom": "-",
    "isSpam": 0,
    "version": 12,
    "parentVersion": 11,
    "echartsVersion": "4.4.0",
    "versionCreateTime": "2019-10-23T13:57:38.000Z",
    "html": "",
    "externalScripts": "",
    "updaterUID": "bd-2611449303",
    "theme": "",
    "layout": "",
    "viewCount": 6735,
    "userName": "锃***6",
    "commentCount": 3,
    "starCount": 14,
    "isStared": 0,
    "thumbnailURL": "https://www.makeapie.com/ecg-storage/ec_gallery_thumbnail/xDgQrcsnDT.png?v=1571839058674",
    "isCustomThumbnail": 0,
    "builtinTags": [
        "category-work",
        "polar",
        "series-graph",
        "tooltip"
    ],
    "customTags": [
        "graph",
        "lines"
    ],
    "updaterUserName": "黑***M"
}