{
    "cid": "xECab_NId-",
    "authorUid": "bd-824743424",
    "authorUserName": "m***7",
    "title": "模拟航线",
    "description": "数据纯属虚构",
    "latestVersion": 1,
    "alwaysLatest": 1,
    "createTime": "2019-02-12T02:46:52.000Z",
    "lastUpdateTime": "2019-02-12T02:46:52.000Z",
    "auth": 2,
    "uid": "bd-824743424",
    "publishedVersion": 0,
    "forkFrom": "-",
    "isSpam": 0,
    "version": 1,
    "parentVersion": -1,
    "echartsVersion": "4.2.1",
    "versionCreateTime": "2019-02-12T02:46:52.000Z",
    "html": "",
    "externalScripts": "",
    "updaterUID": "bd-824743424",
    "theme": "",
    "layout": "",
    "viewCount": 240,
    "userName": "m***7",
    "commentCount": 0,
    "starCount": 0,
    "isStared": 0,
    "thumbnailURL": "https://www.makeapie.com/ecg-storage/ec_gallery_thumbnail/xECab_NId-.png?v=1549939612215",
    "isCustomThumbnail": 0,
    "builtinTags": [
        "category-work",
        "geo",
        "legend",
        "series-effectScatter",
        "series-lines",
        "title",
        "tooltip"
    ],
    "customTags": [],
    "updaterUserName": "m***7"
}