{
    "cid": "xeVOIqHGPw",
    "authorUid": "bd-3426541186",
    "authorUserName": "金葵花佛家",
    "title": "市场部",
    "description": "",
    "latestVersion": 2,
    "alwaysLatest": 1,
    "createTime": "2019-02-13T08:36:27.000Z",
    "lastUpdateTime": "2019-02-13T08:36:27.000Z",
    "auth": 2,
    "uid": "bd-3426541186",
    "publishedVersion": 0,
    "forkFrom": "-",
    "isSpam": 0,
    "version": 2,
    "parentVersion": 1,
    "echartsVersion": "4.2.1",
    "versionCreateTime": "2019-02-13T08:59:00.000Z",
    "html": "",
    "externalScripts": "",
    "updaterUID": "bd-3426541186",
    "theme": "",
    "layout": "",
    "viewCount": 170,
    "userName": "金葵花佛家",
    "commentCount": 0,
    "starCount": 0,
    "isStared": 0,
    "thumbnailURL": "https://www.makeapie.com/ecg-storage/ec_gallery_thumbnail/xeVOIqHGPw.png?v=1550048341035",
    "isCustomThumbnail": 0,
    "builtinTags": [
        "category-work",
        "legend",
        "polar",
        "series-bar",
        "tooltip"
    ],
    "customTags": [],
    "updaterUserName": "金葵花佛家"
}