{
    "cid": "xibL0Qibnl",
    "authorUid": "bd-4013131402",
    "authorUserName": "o***4",
    "title": "Awesome Chart",
    "description": "",
    "latestVersion": 2,
    "alwaysLatest": 1,
    "createTime": "2019-02-13T04:16:47.000Z",
    "lastUpdateTime": "2019-02-13T04:16:47.000Z",
    "auth": 2,
    "uid": "bd-4013131402",
    "publishedVersion": 0,
    "forkFrom": "-",
    "isSpam": 0,
    "version": 2,
    "parentVersion": 1,
    "echartsVersion": "4.8.0",
    "versionCreateTime": "2020-08-04T10:15:51.000Z",
    "html": "",
    "externalScripts": "",
    "updaterUID": "bd-4013131402",
    "theme": "",
    "layout": "",
    "viewCount": 40,
    "userName": "o***4",
    "commentCount": 0,
    "starCount": 0,
    "isStared": 0,
    "thumbnailURL": "https://www.makeapie.com/ecg-storage/ec_gallery_thumbnail/xibL0Qibnl.png?v=1596536151990",
    "isCustomThumbnail": 0,
    "builtinTags": [
        "category-work",
        "grid",
        "series-line",
        "title"
    ],
    "customTags": [],
    "updaterUserName": "o***4"
}