{
    "cid": "xIel3RjOMy",
    "authorUid": "bd-1731680562",
    "authorUserName": "通天塔0526",
    "title": "空气质量",
    "description": "PM25.in",
    "latestVersion": 1,
    "alwaysLatest": 1,
    "createTime": "2019-02-13T00:14:44.000Z",
    "lastUpdateTime": "2019-02-13T00:14:44.000Z",
    "auth": 2,
    "uid": "bd-1731680562",
    "publishedVersion": 0,
    "forkFrom": "-",
    "isSpam": 0,
    "version": 1,
    "parentVersion": -1,
    "echartsVersion": "4.2.1",
    "versionCreateTime": "2019-02-13T00:14:44.000Z",
    "html": "",
    "externalScripts": "https://gallery.echartsjs.com/dep/echarts/map/js/china.js",
    "updaterUID": "bd-1731680562",
    "theme": "",
    "layout": "",
    "viewCount": 184,
    "userName": "通天塔0526",
    "commentCount": 0,
    "starCount": 0,
    "isStared": 0,
    "thumbnailURL": "https://www.makeapie.com/ecg-storage/ec_gallery_thumbnail/xIel3RjOMy.png?v=1550016884896",
    "isCustomThumbnail": 0,
    "builtinTags": [
        "category-work",
        "geo",
        "legend",
        "series-effectScatter",
        "series-scatter",
        "title",
        "tooltip"
    ],
    "customTags": [],
    "updaterUserName": "通天塔0526"
}