{
    "cid": "xMdHglMCBJ",
    "authorUid": "bd-992099902",
    "authorUserName": "论沙场",
    "title": "预测折线图",
    "description": "预测折线图",
    "latestVersion": 1,
    "alwaysLatest": 1,
    "createTime": "2019-02-13T08:17:55.000Z",
    "lastUpdateTime": "2019-02-13T08:17:55.000Z",
    "auth": 1,
    "uid": "bd-992099902",
    "publishedVersion": 0,
    "forkFrom": "-",
    "isSpam": 0,
    "version": 1,
    "parentVersion": -1,
    "echartsVersion": "4.2.1",
    "versionCreateTime": "2019-02-13T08:17:55.000Z",
    "html": "",
    "externalScripts": "",
    "updaterUID": "bd-992099902",
    "theme": "",
    "layout": "",
    "viewCount": 22,
    "userName": "论沙场",
    "commentCount": 0,
    "starCount": 0,
    "isStared": 0,
    "thumbnailURL": "https://www.makeapie.com/ecg-storage/ec_gallery_thumbnail/xMdHglMCBJ.png?v=1550045875999",
    "isCustomThumbnail": 0,
    "builtinTags": [
        "category-work",
        "dataset",
        "grid",
        "legend",
        "series-line",
        "tooltip"
    ],
    "customTags": [],
    "updaterUserName": "论沙场"
}