{
    "cid": "xNurB5vs5a",
    "authorUid": "bd-3426541186",
    "authorUserName": "金葵花佛家",
    "title": "日报、预算",
    "description": "数据来自BEST",
    "latestVersion": 1,
    "alwaysLatest": 1,
    "createTime": "2019-02-13T08:27:49.000Z",
    "lastUpdateTime": "2019-02-13T08:27:49.000Z",
    "auth": 2,
    "uid": "bd-3426541186",
    "publishedVersion": 0,
    "forkFrom": "-",
    "isSpam": 0,
    "version": 1,
    "parentVersion": -1,
    "echartsVersion": "4.2.1",
    "versionCreateTime": "2019-02-13T08:27:49.000Z",
    "html": "",
    "externalScripts": "",
    "updaterUID": "bd-3426541186",
    "theme": "default",
    "layout": "",
    "viewCount": 77,
    "userName": "金葵花佛家",
    "commentCount": 0,
    "starCount": 0,
    "isStared": 0,
    "thumbnailURL": "https://www.makeapie.com/ecg-storage/ec_gallery_thumbnail/xNurB5vs5a.png?v=1550046470081",
    "isCustomThumbnail": 0,
    "builtinTags": [
        "category-work",
        "grid",
        "legend",
        "series-bar",
        "title",
        "tooltip"
    ],
    "customTags": [],
    "updaterUserName": "金葵花佛家"
}