{
    "cid": "xUx_rkV2Bc",
    "authorUid": "bd-680948338",
    "authorUserName": "tztffm",
    "title": "Awesome Chart",
    "description": "",
    "latestVersion": 1,
    "alwaysLatest": 1,
    "createTime": "2019-02-13T02:59:33.000Z",
    "lastUpdateTime": "2019-02-13T02:59:33.000Z",
    "auth": 2,
    "uid": "bd-680948338",
    "publishedVersion": 0,
    "forkFrom": "-",
    "isSpam": 0,
    "version": 1,
    "parentVersion": -1,
    "echartsVersion": "4.2.1",
    "versionCreateTime": "2019-02-13T02:59:33.000Z",
    "html": "",
    "externalScripts": "",
    "updaterUID": "bd-680948338",
    "theme": "",
    "layout": "",
    "viewCount": 10,
    "userName": "tztffm",
    "commentCount": 0,
    "starCount": 0,
    "isStared": 0,
    "thumbnailURL": "https://www.makeapie.com/ecg-storage/ec_gallery_thumbnail/xUx_rkV2Bc.png?v=1550026773223",
    "isCustomThumbnail": 0,
    "builtinTags": [
        "category-work",
        "grid",
        "series-line",
        "title"
    ],
    "customTags": [],
    "updaterUserName": "tztffm"
}