{
    "cid": "xxveE59vna",
    "authorUid": "bd-3634915921",
    "authorUserName": "黄***伦",
    "title": "柱-折线图（含间隔背景色）",
    "description": "",
    "latestVersion": 4,
    "alwaysLatest": 1,
    "createTime": "2019-02-14T07:05:14.000Z",
    "lastUpdateTime": "2019-02-14T07:05:14.000Z",
    "auth": 2,
    "uid": "bd-3634915921",
    "publishedVersion": 0,
    "forkFrom": "-",
    "isSpam": 0,
    "version": 4,
    "parentVersion": 3,
    "echartsVersion": "4.2.1",
    "versionCreateTime": "2019-02-14T07:52:57.000Z",
    "html": "",
    "externalScripts": "",
    "updaterUID": "bd-3634915921",
    "theme": "",
    "layout": "",
    "viewCount": 11305,
    "userName": "黄***伦",
    "commentCount": 0,
    "starCount": 25,
    "isStared": 0,
    "thumbnailURL": "https://www.makeapie.com/ecg-storage/ec_gallery_thumbnail/xxveE59vna.png?v=1550130777312",
    "isCustomThumbnail": 0,
    "builtinTags": [
        "category-work",
        "grid",
        "legend",
        "series-bar",
        "series-line",
        "tooltip"
    ],
    "customTags": [],
    "updaterUserName": "黄***伦"
}