{
    "cid": "xBJ0in4UGM",
    "authorUid": "bd-1344927122",
    "authorUserName": "小饶windy",
    "title": "近6个月平均拜访次数",
    "description": "",
    "latestVersion": 1,
    "alwaysLatest": 1,
    "createTime": "2017-12-19T07:15:50.000Z",
    "lastUpdateTime": "2017-12-19T07:15:50.000Z",
    "auth": 2,
    "uid": "bd-1344927122",
    "publishedVersion": 0,
    "forkFrom": "-",
    "isSpam": 0,
    "version": 1,
    "parentVersion": -1,
    "echartsVersion": "3.8.0",
    "versionCreateTime": "2017-12-19T07:15:50.000Z",
    "html": "",
    "externalScripts": "",
    "updaterUID": "bd-1344927122",
    "theme": "",
    "layout": "",
    "viewCount": 2042,
    "userName": "小饶windy",
    "commentCount": 0,
    "starCount": 6,
    "isStared": 0,
    "thumbnailURL": "https://www.makeapie.com/ecg-storage/ec_gallery_thumbnail/xBJ0in4UGM.png?v=1513667750381",
    "isCustomThumbnail": 0,
    "builtinTags": [
        "category-work",
        "grid",
        "legend",
        "series-line",
        "title",
        "tooltip"
    ],
    "customTags": [],
    "updaterUserName": "小饶windy"
}