{
    "cid": "xBkeRdiSSzf",
    "authorUid": "bd-2758862834",
    "authorUserName": "1996晴天time",
    "title": "年龄分布",
    "description": "",
    "latestVersion": 2,
    "alwaysLatest": 1,
    "createTime": "2017-12-18T14:06:45.000Z",
    "lastUpdateTime": "2017-12-18T14:06:45.000Z",
    "auth": 2,
    "uid": "bd-2758862834",
    "publishedVersion": 0,
    "forkFrom": "-",
    "isSpam": 0,
    "version": 2,
    "parentVersion": 1,
    "echartsVersion": "3.8.0",
    "versionCreateTime": "2017-12-18T14:19:50.000Z",
    "html": "",
    "externalScripts": "",
    "updaterUID": "bd-2758862834",
    "theme": "default",
    "layout": "",
    "viewCount": 585,
    "userName": "1996晴天time",
    "commentCount": 0,
    "starCount": 0,
    "isStared": 0,
    "thumbnailURL": "https://www.makeapie.com/ecg-storage/ec_gallery_thumbnail/xBkeRdiSSzf.png?v=1513606791049",
    "isCustomThumbnail": 0,
    "builtinTags": [
        "category-work",
        "legend",
        "series-pie",
        "title",
        "tooltip"
    ],
    "customTags": [],
    "updaterUserName": "1996晴天time"
}