{
    "cid": "xByIUpjmfG",
    "authorUid": "bd-1837187133",
    "authorUserName": "王旭旭娇",
    "title": "港独男女关注比例",
    "description": "",
    "latestVersion": 2,
    "alwaysLatest": 1,
    "createTime": "2017-12-17T08:39:42.000Z",
    "lastUpdateTime": "2017-12-17T08:39:42.000Z",
    "auth": 2,
    "uid": "bd-1837187133",
    "publishedVersion": 0,
    "forkFrom": "-",
    "isSpam": 0,
    "version": 2,
    "parentVersion": 1,
    "echartsVersion": "3.8.0",
    "versionCreateTime": "2017-12-17T08:41:27.000Z",
    "html": "",
    "externalScripts": "",
    "updaterUID": "bd-1837187133",
    "theme": "",
    "layout": "",
    "viewCount": 156,
    "userName": "王旭旭娇",
    "commentCount": 0,
    "starCount": 0,
    "isStared": 0,
    "thumbnailURL": "https://www.makeapie.com/ecg-storage/ec_gallery_thumbnail/xByIUpjmfG.png?v=1513500087166",
    "isCustomThumbnail": 0,
    "builtinTags": [
        "category-work",
        "grid",
        "series-bar",
        "tooltip"
    ],
    "customTags": [],
    "updaterUserName": "王旭旭娇"
}