{
    "cid": "xByRI0nXGM",
    "authorUid": "bd-1837187133",
    "authorUserName": "王旭旭娇",
    "title": "港独事件情感属性分析",
    "description": "微博、豆瓣",
    "latestVersion": 1,
    "alwaysLatest": 1,
    "createTime": "2017-12-17T09:52:21.000Z",
    "lastUpdateTime": "2017-12-17T09:52:21.000Z",
    "auth": 2,
    "uid": "bd-1837187133",
    "publishedVersion": 0,
    "forkFrom": "-",
    "isSpam": 0,
    "version": 1,
    "parentVersion": -1,
    "echartsVersion": "3.8.0",
    "versionCreateTime": "2017-12-17T09:52:21.000Z",
    "html": "",
    "externalScripts": "",
    "updaterUID": "bd-1837187133",
    "theme": "",
    "layout": "",
    "viewCount": 91,
    "userName": "王旭旭娇",
    "commentCount": 0,
    "starCount": 0,
    "isStared": 0,
    "thumbnailURL": "https://www.makeapie.com/ecg-storage/ec_gallery_thumbnail/xByRI0nXGM.png?v=1513504341792",
    "isCustomThumbnail": 0,
    "builtinTags": [
        "category-work",
        "legend",
        "series-pie",
        "title",
        "tooltip"
    ],
    "customTags": [],
    "updaterUserName": "王旭旭娇"
}