{
    "cid": "xByYCyEUzf",
    "authorUid": "bd-3490003427",
    "authorUserName": "j***g",
    "title": "2017年阅读量统计  手机浏览",
    "description": "每月读完的数量\n3月、4月工作原因没读；8月都在读水浒。",
    "latestVersion": 3,
    "alwaysLatest": 1,
    "createTime": "2017-12-19T06:21:05.000Z",
    "lastUpdateTime": "2017-12-19T06:21:05.000Z",
    "auth": 2,
    "uid": "bd-3490003427",
    "publishedVersion": 0,
    "forkFrom": "-",
    "isSpam": 0,
    "version": 3,
    "parentVersion": 2,
    "echartsVersion": "3.8.0",
    "versionCreateTime": "2017-12-21T03:30:14.000Z",
    "html": "",
    "externalScripts": "",
    "updaterUID": "bd-3490003427",
    "theme": "",
    "layout": "",
    "viewCount": 489,
    "userName": "j***g",
    "commentCount": 0,
    "starCount": 1,
    "isStared": 0,
    "thumbnailURL": "https://www.makeapie.com/ecg-storage/ec_gallery_thumbnail/xByYCyEUzf.png?v=1513827014253",
    "isCustomThumbnail": 0,
    "builtinTags": [
        "category-work",
        "grid",
        "legend",
        "series-bar",
        "title",
        "toolbox",
        "tooltip"
    ],
    "customTags": [],
    "updaterUserName": "j***g"
}