{
    "cid": "xHJu-EHEGG",
    "authorUid": "bd-1379828180",
    "authorUserName": "lichen月上",
    "title": "中国营养不良率",
    "description": "",
    "latestVersion": 2,
    "alwaysLatest": 1,
    "createTime": "2017-12-17T19:22:40.000Z",
    "lastUpdateTime": "2017-12-17T19:22:40.000Z",
    "auth": 2,
    "uid": "bd-1379828180",
    "publishedVersion": 0,
    "forkFrom": "-",
    "isSpam": 0,
    "version": 2,
    "parentVersion": 1,
    "echartsVersion": "3.8.0",
    "versionCreateTime": "2017-12-17T19:24:19.000Z",
    "html": "",
    "externalScripts": "",
    "updaterUID": "bd-1379828180",
    "theme": "",
    "layout": "",
    "viewCount": 345,
    "userName": "lichen月上",
    "commentCount": 0,
    "starCount": 2,
    "isStared": 0,
    "thumbnailURL": "https://www.makeapie.com/ecg-storage/ec_gallery_thumbnail/xHJu-EHEGG.png?v=1513538659780",
    "isCustomThumbnail": 0,
    "builtinTags": [
        "category-work",
        "grid",
        "legend",
        "series-bar",
        "title",
        "tooltip"
    ],
    "customTags": [],
    "updaterUserName": "lichen月上"
}