{
    "cid": "xHy6PKbUMG",
    "authorUid": "bd-3894911789",
    "authorUserName": "t***3",
    "title": "8563",
    "description": "资产总量",
    "latestVersion": 1,
    "alwaysLatest": 1,
    "createTime": "2017-12-19T03:37:09.000Z",
    "lastUpdateTime": "2017-12-19T03:37:09.000Z",
    "auth": 2,
    "uid": "bd-3894911789",
    "publishedVersion": 0,
    "forkFrom": "-",
    "isSpam": 0,
    "version": 1,
    "parentVersion": -1,
    "echartsVersion": "3.8.0",
    "versionCreateTime": "2017-12-19T03:37:09.000Z",
    "html": "",
    "externalScripts": "",
    "updaterUID": "bd-3894911789",
    "theme": "",
    "layout": "",
    "viewCount": 1099,
    "userName": "t***3",
    "commentCount": 0,
    "starCount": 4,
    "isStared": 0,
    "thumbnailURL": "https://www.makeapie.com/ecg-storage/ec_gallery_thumbnail/xHy6PKbUMG.png?v=1513654629383",
    "isCustomThumbnail": 0,
    "builtinTags": [
        "category-work",
        "series-treemap",
        "title",
        "tooltip"
    ],
    "customTags": [],
    "updaterUserName": "t***3"
}