{
    "cid": "xr1HrLwEGG",
    "authorUid": "bd-1379828180",
    "authorUserName": "lichen月上",
    "title": "玉米",
    "description": "",
    "latestVersion": 1,
    "alwaysLatest": 1,
    "createTime": "2017-12-17T21:48:45.000Z",
    "lastUpdateTime": "2017-12-17T21:48:45.000Z",
    "auth": 2,
    "uid": "bd-1379828180",
    "publishedVersion": 0,
    "forkFrom": "-",
    "isSpam": 0,
    "version": 1,
    "parentVersion": -1,
    "echartsVersion": "3.8.0",
    "versionCreateTime": "2017-12-17T21:48:45.000Z",
    "html": "",
    "externalScripts": "",
    "updaterUID": "bd-1379828180",
    "theme": "",
    "layout": "",
    "viewCount": 70,
    "userName": "lichen月上",
    "commentCount": 0,
    "starCount": 0,
    "isStared": 0,
    "thumbnailURL": "https://www.makeapie.com/ecg-storage/ec_gallery_thumbnail/xr1HrLwEGG.png?v=1513547325354",
    "isCustomThumbnail": 0,
    "builtinTags": [
        "category-work",
        "grid",
        "legend",
        "series-bar",
        "tooltip"
    ],
    "customTags": [],
    "updaterUserName": "lichen月上"
}