{
    "cid": "xrJNTPEfff",
    "authorUid": "bd-2240291297",
    "authorUserName": "沉默的书生i",
    "title": "网友对于孕妇跳楼事件的看法",
    "description": "",
    "latestVersion": 3,
    "alwaysLatest": 1,
    "createTime": "2017-12-16T06:05:47.000Z",
    "lastUpdateTime": "2017-12-16T06:05:47.000Z",
    "auth": 2,
    "uid": "bd-2240291297",
    "publishedVersion": 0,
    "forkFrom": "-",
    "isSpam": 0,
    "version": 3,
    "parentVersion": 2,
    "echartsVersion": "3.8.0",
    "versionCreateTime": "2017-12-17T03:30:54.000Z",
    "html": "",
    "externalScripts": "",
    "updaterUID": "bd-2240291297",
    "theme": "",
    "layout": "",
    "viewCount": 35,
    "userName": "沉默的书生i",
    "commentCount": 0,
    "starCount": 0,
    "isStared": 0,
    "thumbnailURL": "https://www.makeapie.com/ecg-storage/ec_gallery_thumbnail/xrJNTPEfff.png?v=1513481454707",
    "isCustomThumbnail": 0,
    "builtinTags": [
        "category-work",
        "legend",
        "series-pie",
        "title",
        "tooltip"
    ],
    "customTags": [],
    "updaterUserName": "沉默的书生i"
}