{
    "cid": "xrkB0ONzff",
    "authorUid": "bd-2240291297",
    "authorUserName": "沉默的书生i",
    "title": "孕妇跳楼事件评论词频统计",
    "description": "",
    "latestVersion": 1,
    "alwaysLatest": 1,
    "createTime": "2017-12-16T06:10:20.000Z",
    "lastUpdateTime": "2017-12-16T06:10:20.000Z",
    "auth": 2,
    "uid": "bd-2240291297",
    "publishedVersion": 0,
    "forkFrom": "-",
    "isSpam": 0,
    "version": 1,
    "parentVersion": -1,
    "echartsVersion": "3.8.0",
    "versionCreateTime": "2017-12-16T06:10:20.000Z",
    "html": "",
    "externalScripts": "",
    "updaterUID": "bd-2240291297",
    "theme": "",
    "layout": "",
    "viewCount": 51,
    "userName": "沉默的书生i",
    "commentCount": 0,
    "starCount": 0,
    "isStared": 0,
    "thumbnailURL": "https://www.makeapie.com/ecg-storage/ec_gallery_thumbnail/xrkB0ONzff.png?v=1513404621066",
    "isCustomThumbnail": 0,
    "builtinTags": [
        "category-work",
        "grid",
        "series-bar",
        "title"
    ],
    "customTags": [],
    "updaterUserName": "沉默的书生i"
}