{
    "cid": "xrklvbbGMG",
    "authorUid": "bd-4077055917",
    "authorUserName": "liren_521",
    "title": "各地区投保率趋势分布图",
    "description": "内部数据",
    "latestVersion": 1,
    "alwaysLatest": 1,
    "createTime": "2017-12-16T02:13:44.000Z",
    "lastUpdateTime": "2017-12-16T02:13:44.000Z",
    "auth": 2,
    "uid": "bd-4077055917",
    "publishedVersion": 0,
    "forkFrom": "-",
    "isSpam": 0,
    "version": 1,
    "parentVersion": -1,
    "echartsVersion": "3.8.0",
    "versionCreateTime": "2017-12-16T02:13:44.000Z",
    "html": "",
    "externalScripts": "",
    "updaterUID": "bd-4077055917",
    "theme": "dark",
    "layout": "",
    "viewCount": 156,
    "userName": "liren_521",
    "commentCount": 0,
    "starCount": 1,
    "isStared": 0,
    "thumbnailURL": "https://www.makeapie.com/ecg-storage/ec_gallery_thumbnail/xrklvbbGMG.png?v=1513390424243",
    "isCustomThumbnail": 0,
    "builtinTags": [
        "category-work",
        "grid",
        "legend",
        "series-bar",
        "series-line",
        "title",
        "tooltip"
    ],
    "customTags": [],
    "updaterUserName": "liren_521"
}