{
    "cid": "xrkWIxufMM",
    "authorUid": "bd-1143857582",
    "authorUserName": "jkbkh3",
    "title": "以为很简单的图",
    "description": "\\(^o^)/~",
    "latestVersion": 2,
    "alwaysLatest": 1,
    "createTime": "2017-12-16T10:07:05.000Z",
    "lastUpdateTime": "2017-12-16T10:07:05.000Z",
    "auth": 2,
    "uid": "bd-1143857582",
    "publishedVersion": 0,
    "forkFrom": "-",
    "isSpam": 0,
    "version": 2,
    "parentVersion": 1,
    "echartsVersion": "3.8.0",
    "versionCreateTime": "2018-03-30T03:53:40.000Z",
    "html": "",
    "externalScripts": "",
    "updaterUID": "bd-1143857582",
    "theme": "",
    "layout": "",
    "viewCount": 53,
    "userName": "jkbkh3",
    "commentCount": 0,
    "starCount": 0,
    "isStared": 0,
    "thumbnailURL": "https://www.makeapie.com/ecg-storage/ec_gallery_thumbnail/xrkWIxufMM.png?v=1522382020885",
    "isCustomThumbnail": 0,
    "builtinTags": [
        "category-work",
        "grid",
        "legend",
        "series-bar",
        "toolbox",
        "tooltip"
    ],
    "customTags": [],
    "updaterUserName": "jkbkh3"
}