{
    "cid": "xryiTlxVMG",
    "authorUid": "bd-3560063467",
    "authorUserName": "dg1009861459",
    "title": "某站点用户访问来源",
    "description": "纯属虚构",
    "latestVersion": 1,
    "alwaysLatest": 1,
    "createTime": "2017-12-17T13:27:30.000Z",
    "lastUpdateTime": "2017-12-17T13:27:30.000Z",
    "auth": 2,
    "uid": "bd-3560063467",
    "publishedVersion": 0,
    "forkFrom": "-",
    "isSpam": 0,
    "version": 1,
    "parentVersion": -1,
    "echartsVersion": "3.8.0",
    "versionCreateTime": "2017-12-17T13:27:30.000Z",
    "html": "",
    "externalScripts": "",
    "updaterUID": "bd-3560063467",
    "theme": "macarons",
    "layout": "",
    "viewCount": 26,
    "userName": "dg1009861459",
    "commentCount": 0,
    "starCount": 0,
    "isStared": 0,
    "thumbnailURL": "https://www.makeapie.com/ecg-storage/ec_gallery_thumbnail/xryiTlxVMG.png?v=1513517250716",
    "isCustomThumbnail": 0,
    "builtinTags": [
        "category-work",
        "legend",
        "series-pie",
        "title",
        "tooltip"
    ],
    "customTags": [],
    "updaterUserName": "dg1009861459"
}