{
    "cid": "xS1QhskBMf",
    "authorUid": "bd-388611864",
    "authorUserName": "暖日阳光半倾城",
    "title": "",
    "description": "",
    "latestVersion": 3,
    "alwaysLatest": 1,
    "createTime": "2017-12-18T07:18:03.000Z",
    "lastUpdateTime": "2017-12-18T07:18:03.000Z",
    "auth": 2,
    "uid": "bd-388611864",
    "publishedVersion": 0,
    "forkFrom": "-",
    "isSpam": 0,
    "version": 3,
    "parentVersion": 2,
    "echartsVersion": "3.8.0",
    "versionCreateTime": "2017-12-18T08:02:58.000Z",
    "html": "",
    "externalScripts": "",
    "updaterUID": "bd-388611864",
    "theme": "",
    "layout": "",
    "viewCount": 25,
    "userName": "暖日阳光半倾城",
    "commentCount": 0,
    "starCount": 0,
    "isStared": 0,
    "thumbnailURL": "https://www.makeapie.com/ecg-storage/ec_gallery_thumbnail/xS1QhskBMf.png?v=1513584178234",
    "isCustomThumbnail": 0,
    "builtinTags": [
        "category-work",
        "grid",
        "legend",
        "series-bar",
        "tooltip"
    ],
    "customTags": [],
    "updaterUserName": "暖日阳光半倾城"
}