{
    "cid": "xSJ6eL2Ezz",
    "authorUid": "bd-1854960114",
    "authorUserName": "文龍oo",
    "title": "组合仪表盘",
    "description": "",
    "latestVersion": 3,
    "alwaysLatest": 1,
    "createTime": "2017-12-18T03:28:53.000Z",
    "lastUpdateTime": "2017-12-18T03:28:53.000Z",
    "auth": 2,
    "uid": "bd-1854960114",
    "publishedVersion": 0,
    "forkFrom": "-",
    "isSpam": 0,
    "version": 3,
    "parentVersion": 2,
    "echartsVersion": "3.8.0",
    "versionCreateTime": "2017-12-18T06:36:12.000Z",
    "html": "",
    "externalScripts": "",
    "updaterUID": "bd-1854960114",
    "theme": "",
    "layout": "",
    "viewCount": 2048,
    "userName": "文龍oo",
    "commentCount": 0,
    "starCount": 13,
    "isStared": 0,
    "thumbnailURL": "https://www.makeapie.com/ecg-storage/ec_gallery_thumbnail/xSJ6eL2Ezz.png?v=1513578972293",
    "isCustomThumbnail": 0,
    "builtinTags": [
        "category-work",
        "series-gauge",
        "series-pie",
        "title"
    ],
    "customTags": [],
    "updaterUserName": "文龍oo"
}