{
    "cid": "xSkDyrimGG",
    "authorUid": "bd-310919958",
    "authorUserName": "188******56",
    "title": "数据来源类型",
    "description": "数据",
    "latestVersion": 1,
    "alwaysLatest": 1,
    "createTime": "2017-12-17T08:03:42.000Z",
    "lastUpdateTime": "2017-12-17T08:04:17.000Z",
    "auth": 2,
    "uid": "bd-310919958",
    "publishedVersion": 0,
    "forkFrom": "-",
    "isSpam": 0,
    "version": 1,
    "parentVersion": -1,
    "echartsVersion": "3.8.0",
    "versionCreateTime": "2017-12-17T08:03:42.000Z",
    "html": "",
    "externalScripts": "",
    "updaterUID": "bd-310919958",
    "theme": "macarons",
    "layout": "",
    "viewCount": 23,
    "userName": "188******56",
    "commentCount": 0,
    "starCount": 1,
    "isStared": 0,
    "thumbnailURL": "https://www.makeapie.com/ecg-storage/ec_gallery_thumbnail/xSkDyrimGG.png?v=1513497822923",
    "isCustomThumbnail": 0,
    "builtinTags": [],
    "customTags": [],
    "updaterUserName": "188******56"
}