{
    "cid": "xSkiWuGHGG",
    "authorUid": "bd-1040393267",
    "authorUserName": "唯郁赢",
    "title": "2017双十一交易额（亿元）",
    "description": "数据来源：亿邦智库",
    "latestVersion": 1,
    "alwaysLatest": 1,
    "createTime": "2017-12-18T10:27:14.000Z",
    "lastUpdateTime": "2017-12-18T10:27:14.000Z",
    "auth": 2,
    "uid": "bd-1040393267",
    "publishedVersion": 0,
    "forkFrom": "-",
    "isSpam": 0,
    "version": 1,
    "parentVersion": -1,
    "echartsVersion": "3.8.0",
    "versionCreateTime": "2017-12-18T10:27:15.000Z",
    "html": "",
    "externalScripts": "",
    "updaterUID": "bd-1040393267",
    "theme": "",
    "layout": "",
    "viewCount": 151,
    "userName": "唯郁赢",
    "commentCount": 0,
    "starCount": 2,
    "isStared": 0,
    "thumbnailURL": "https://www.makeapie.com/ecg-storage/ec_gallery_thumbnail/xSkiWuGHGG.png?v=1513592835103",
    "isCustomThumbnail": 1,
    "builtinTags": [
        "category-work",
        "geo",
        "grid",
        "series-bar",
        "series-effectScatter",
        "series-scatter",
        "title",
        "toolbox",
        "tooltip"
    ],
    "customTags": [],
    "updaterUserName": "唯郁赢"
}