{
    "cid": "xSkUt8cXzz",
    "authorUid": "bd-2239405546",
    "authorUserName": "蔽芾甘棠NANCY",
    "title": "",
    "description": "",
    "latestVersion": 1,
    "alwaysLatest": 1,
    "createTime": "2017-12-17T07:02:22.000Z",
    "lastUpdateTime": "2017-12-17T07:02:22.000Z",
    "auth": 2,
    "uid": "bd-2239405546",
    "publishedVersion": 0,
    "forkFrom": "-",
    "isSpam": 0,
    "version": 1,
    "parentVersion": -1,
    "echartsVersion": "3.8.0",
    "versionCreateTime": "2017-12-17T07:02:22.000Z",
    "html": "",
    "externalScripts": "",
    "updaterUID": "bd-2239405546",
    "theme": "",
    "layout": "",
    "viewCount": 70,
    "userName": "蔽芾甘棠NANCY",
    "commentCount": 0,
    "starCount": 0,
    "isStared": 0,
    "thumbnailURL": "https://www.makeapie.com/ecg-storage/ec_gallery_thumbnail/xSkUt8cXzz.png?v=1513494142501",
    "isCustomThumbnail": 0,
    "builtinTags": [
        "category-work",
        "legend",
        "series-pie",
        "tooltip"
    ],
    "customTags": [],
    "updaterUserName": "蔽芾甘棠NANCY"
}