{
    "cid": "x50ZMggxgO",
    "authorUid": "bd-3526403365",
    "authorUserName": "古***d",
    "title": "3D青岛区地图",
    "description": "",
    "latestVersion": 1,
    "alwaysLatest": 1,
    "createTime": "2020-08-27T09:22:19.000Z",
    "lastUpdateTime": "2020-08-27T09:22:19.000Z",
    "auth": 2,
    "uid": "bd-3526403365",
    "publishedVersion": 0,
    "forkFrom": "-",
    "isSpam": 0,
    "version": 1,
    "parentVersion": -1,
    "echartsVersion": "4.8.0",
    "versionCreateTime": "2020-08-27T09:22:19.000Z",
    "html": "",
    "externalScripts": "https://echarts.baidu.com/resource/echarts-gl-latest/dist/echarts-gl.min.js",
    "updaterUID": "bd-3526403365",
    "theme": "",
    "layout": "",
    "viewCount": 662,
    "userName": "古***d",
    "commentCount": 0,
    "starCount": 8,
    "isStared": 0,
    "thumbnailURL": "https://www.makeapie.com/ecg-storage/ec_gallery_thumbnail/x50ZMggxgO.png?v=1598520139499",
    "isCustomThumbnail": 1,
    "builtinTags": [
        "category-work",
        "series-map3D",
        "visualMap"
    ],
    "customTags": [],
    "updaterUserName": "古***d"
}