{
    "cid": "x5cq0NfWeg",
    "authorUid": "obd-o2SLffPzvTDfnZ9sQqEWrR0PH2VVA64",
    "authorUserName": "该***1",
    "title": "柱状圆角 marklne",
    "description": "上部分圆角， 带 markline  的柱状图",
    "latestVersion": 5,
    "alwaysLatest": 1,
    "createTime": "2020-08-27T08:08:31.000Z",
    "lastUpdateTime": "2020-08-27T08:08:31.000Z",
    "auth": 1,
    "uid": "obd-o2SLffPzvTDfnZ9sQqEWrR0PH2VVA64",
    "publishedVersion": 0,
    "forkFrom": "-",
    "isSpam": 0,
    "version": 5,
    "parentVersion": 4,
    "echartsVersion": "4.8.0",
    "versionCreateTime": "2020-12-31T08:57:56.000Z",
    "html": "",
    "externalScripts": "",
    "updaterUID": "obd-o049K6rsdqi2LsCosRhqiLbT8R5o6F9",
    "theme": "",
    "layout": "",
    "viewCount": 121,
    "userName": "该***1",
    "commentCount": 0,
    "starCount": 0,
    "isStared": 0,
    "thumbnailURL": "https://www.makeapie.com/ecg-storage/ec_gallery_thumbnail/x5cq0NfWeg.png?v=1609405076434",
    "isCustomThumbnail": 0,
    "builtinTags": [
        "category-work",
        "grid",
        "markLine",
        "series-bar",
        "tooltip"
    ],
    "customTags": [
        "radius"
    ],
    "updaterUserName": "水***枂"
}