{
    "cid": "x7WIvcHien",
    "authorUid": "obd-o0mqZLbvNNp8_q5qU-gB7C1nBtGA6Fv",
    "authorUserName": "好***了",
    "title": "环形饼状图",
    "description": "简洁大方的环形饼状图",
    "latestVersion": 2,
    "alwaysLatest": 1,
    "createTime": "2020-08-29T03:37:38.000Z",
    "lastUpdateTime": "2020-08-29T03:37:38.000Z",
    "auth": 2,
    "uid": "obd-o0mqZLbvNNp8_q5qU-gB7C1nBtGA6Fv",
    "publishedVersion": 0,
    "forkFrom": "-",
    "isSpam": 0,
    "version": 2,
    "parentVersion": 1,
    "echartsVersion": "4.8.0",
    "versionCreateTime": "2020-08-29T03:45:19.000Z",
    "html": "",
    "externalScripts": "",
    "updaterUID": "obd-o0mqZLbvNNp8_q5qU-gB7C1nBtGA6Fv",
    "theme": "",
    "layout": "",
    "viewCount": 77,
    "userName": "好***了",
    "commentCount": 0,
    "starCount": 0,
    "isStared": 0,
    "thumbnailURL": "https://www.makeapie.com/ecg-storage/ec_gallery_thumbnail/x7WIvcHien.png?v=1598672720095",
    "isCustomThumbnail": 0,
    "builtinTags": [
        "category-work",
        "legend",
        "series-pie",
        "title",
        "tooltip"
    ],
    "customTags": [],
    "updaterUserName": "好***了"
}