{
    "cid": "xBYZzuCNn2",
    "authorUid": "obd-oj1TY3WT3Cwpj0eTk4gxuUCDHx7FKDh",
    "authorUserName": "l***4",
    "title": "饼图3/4",
    "description": "",
    "latestVersion": 1,
    "alwaysLatest": 1,
    "createTime": "2020-08-28T11:47:31.000Z",
    "lastUpdateTime": "2020-08-28T11:47:31.000Z",
    "auth": 2,
    "uid": "obd-oj1TY3WT3Cwpj0eTk4gxuUCDHx7FKDh",
    "publishedVersion": 0,
    "forkFrom": "-",
    "isSpam": 0,
    "version": 1,
    "parentVersion": -1,
    "echartsVersion": "4.8.0",
    "versionCreateTime": "2020-08-28T11:47:31.000Z",
    "html": "",
    "externalScripts": "",
    "updaterUID": "obd-oj1TY3WT3Cwpj0eTk4gxuUCDHx7FKDh",
    "theme": "",
    "layout": "",
    "viewCount": 135,
    "userName": "l***4",
    "commentCount": 0,
    "starCount": 1,
    "isStared": 0,
    "thumbnailURL": "https://www.makeapie.com/ecg-storage/ec_gallery_thumbnail/xBYZzuCNn2.png?v=1598615251507",
    "isCustomThumbnail": 0,
    "builtinTags": [
        "category-work",
        "grid",
        "series-pie"
    ],
    "customTags": [],
    "updaterUserName": "l***4"
}