{
    "cid": "xF7R6YPWXq",
    "authorUid": "obd-ojWkQA2lhHVAKREMAExX0KH0Qh7sXET",
    "authorUserName": "s***6",
    "title": "echarts世界地图",
    "description": "echarts简单世界地图demo,中国地图,在世界地图上的基础上绘制中国的省份",
    "latestVersion": 2,
    "alwaysLatest": 1,
    "createTime": "2020-08-30T06:57:44.000Z",
    "lastUpdateTime": "2020-08-30T06:57:44.000Z",
    "auth": 2,
    "uid": "obd-ojWkQA2lhHVAKREMAExX0KH0Qh7sXET",
    "publishedVersion": 0,
    "forkFrom": "-",
    "isSpam": 0,
    "version": 2,
    "parentVersion": 1,
    "echartsVersion": "4.9.0",
    "versionCreateTime": "2021-05-27T09:27:18.000Z",
    "html": "",
    "externalScripts": "",
    "updaterUID": "obd-ojWkQA2lhHVAKREMAExX0KH0Qh7sXET",
    "theme": "",
    "layout": "",
    "viewCount": 838,
    "userName": "s***6",
    "commentCount": 0,
    "starCount": 3,
    "isStared": 0,
    "thumbnailURL": "https://www.makeapie.com/ecg-storage/ec_gallery_thumbnail/xF7R6YPWXq.png?v=1622107638421",
    "isCustomThumbnail": 0,
    "builtinTags": [
        "category-work",
        "series-map",
        "visualMap"
    ],
    "customTags": [
        "世界地图",
        "地图"
    ],
    "updaterUserName": "s***6"
}