{
    "cid": "xfGK_cQJC3",
    "authorUid": "bd-3492896087",
    "authorUserName": "l***1",
    "title": "日历坐标结合饼图",
    "description": "日历坐标,每个日期中放一个饼图",
    "latestVersion": 1,
    "alwaysLatest": 1,
    "createTime": "2020-08-31T09:23:19.000Z",
    "lastUpdateTime": "2020-08-31T09:23:19.000Z",
    "auth": 2,
    "uid": "bd-3492896087",
    "publishedVersion": 0,
    "forkFrom": "-",
    "isSpam": 0,
    "version": 1,
    "parentVersion": -1,
    "echartsVersion": "4.8.0",
    "versionCreateTime": "2020-08-31T09:23:19.000Z",
    "html": "",
    "externalScripts": "",
    "updaterUID": "bd-3492896087",
    "theme": "",
    "layout": "",
    "viewCount": 886,
    "userName": "l***1",
    "commentCount": 0,
    "starCount": 7,
    "isStared": 0,
    "thumbnailURL": "https://www.makeapie.com/ecg-storage/ec_gallery_thumbnail/xfGK_cQJC3.png?v=1598865800104",
    "isCustomThumbnail": 0,
    "builtinTags": [
        "calendar",
        "category-work",
        "legend",
        "series-pie",
        "series-scatter"
    ],
    "customTags": [],
    "updaterUserName": "l***1"
}