{
    "cid": "xGqXHXWzRJ",
    "authorUid": "bd-1037470023",
    "authorUserName": "天***课",
    "title": "单击菜单",
    "description": "",
    "latestVersion": 1,
    "alwaysLatest": 1,
    "createTime": "2020-08-27T11:41:23.000Z",
    "lastUpdateTime": "2020-08-27T11:41:23.000Z",
    "auth": 2,
    "uid": "bd-1037470023",
    "publishedVersion": 0,
    "forkFrom": "-",
    "isSpam": 0,
    "version": 1,
    "parentVersion": -1,
    "echartsVersion": "4.8.0",
    "versionCreateTime": "2020-08-27T11:41:23.000Z",
    "html": "",
    "externalScripts": "",
    "updaterUID": "bd-1037470023",
    "theme": "",
    "layout": "",
    "viewCount": 45,
    "userName": "天***课",
    "commentCount": 0,
    "starCount": 0,
    "isStared": 0,
    "thumbnailURL": "https://www.makeapie.com/ecg-storage/ec_gallery_thumbnail/xGqXHXWzRJ.png?v=1598528483705",
    "isCustomThumbnail": 0,
    "builtinTags": [
        "category-work",
        "grid",
        "series-bar"
    ],
    "customTags": [],
    "updaterUserName": "天***课"
}