{
    "cid": "xHkuO6H_AR",
    "authorUid": "bd-1731291088",
    "authorUserName": "走***a",
    "title": "折线图堆叠",
    "description": "me\n",
    "latestVersion": 1,
    "alwaysLatest": 1,
    "createTime": "2020-08-28T04:05:44.000Z",
    "lastUpdateTime": "2020-08-28T04:05:44.000Z",
    "auth": 2,
    "uid": "bd-1731291088",
    "publishedVersion": 0,
    "forkFrom": "-",
    "isSpam": 0,
    "version": 1,
    "parentVersion": -1,
    "echartsVersion": "4.8.0",
    "versionCreateTime": "2020-08-28T04:05:44.000Z",
    "html": "",
    "externalScripts": "",
    "updaterUID": "bd-1731291088",
    "theme": "",
    "layout": "",
    "viewCount": 29,
    "userName": "走***a",
    "commentCount": 0,
    "starCount": 0,
    "isStared": 0,
    "thumbnailURL": "https://www.makeapie.com/ecg-storage/ec_gallery_thumbnail/xHkuO6H_AR.png?v=1598587544467",
    "isCustomThumbnail": 0,
    "builtinTags": [
        "category-work",
        "grid",
        "legend",
        "series-line",
        "title",
        "toolbox",
        "tooltip"
    ],
    "customTags": [],
    "updaterUserName": "走***a"
}