{
    "cid": "xilFedIf32",
    "authorUid": "obd-o2DufMoxJbxk_RqyO_wnHm8y-mreZBp",
    "authorUserName": "M***o",
    "title": "仪表盘",
    "description": "仪表盘",
    "latestVersion": 1,
    "alwaysLatest": 1,
    "createTime": "2020-08-31T09:30:57.000Z",
    "lastUpdateTime": "2020-08-31T09:30:57.000Z",
    "auth": 2,
    "uid": "obd-o2DufMoxJbxk_RqyO_wnHm8y-mreZBp",
    "publishedVersion": 0,
    "forkFrom": "-",
    "isSpam": 0,
    "version": 1,
    "parentVersion": -1,
    "echartsVersion": "4.8.0",
    "versionCreateTime": "2020-08-31T09:30:58.000Z",
    "html": "",
    "externalScripts": "",
    "updaterUID": "obd-o2DufMoxJbxk_RqyO_wnHm8y-mreZBp",
    "theme": "",
    "layout": "",
    "viewCount": 306,
    "userName": "M***o",
    "commentCount": 0,
    "starCount": 1,
    "isStared": 0,
    "thumbnailURL": "https://www.makeapie.com/ecg-storage/ec_gallery_thumbnail/xilFedIf32.png?v=1598866258173",
    "isCustomThumbnail": 0,
    "builtinTags": [
        "category-work",
        "series-gauge",
        "series-pie",
        "title",
        "tooltip"
    ],
    "customTags": [],
    "updaterUserName": "M***o"
}