{
    "cid": "xj4ZrpHBfd",
    "authorUid": "obd-oEgwfC2Zab-broL6tMBlLcPT1wCLL4P",
    "authorUserName": "巨***a",
    "title": "自定义多条曲线显示",
    "description": "不定曲线条数数据展示",
    "latestVersion": 2,
    "alwaysLatest": 1,
    "createTime": "2020-08-31T07:57:53.000Z",
    "lastUpdateTime": "2020-08-31T07:57:53.000Z",
    "auth": 2,
    "uid": "obd-oEgwfC2Zab-broL6tMBlLcPT1wCLL4P",
    "publishedVersion": 0,
    "forkFrom": "-",
    "isSpam": 0,
    "version": 2,
    "parentVersion": 1,
    "echartsVersion": "4.8.0",
    "versionCreateTime": "2020-08-31T08:03:20.000Z",
    "html": "",
    "externalScripts": "",
    "updaterUID": "obd-oEgwfC2Zab-broL6tMBlLcPT1wCLL4P",
    "theme": "",
    "layout": "",
    "viewCount": 148,
    "userName": "巨***a",
    "commentCount": 0,
    "starCount": 1,
    "isStared": 0,
    "thumbnailURL": "https://www.makeapie.com/ecg-storage/ec_gallery_thumbnail/xj4ZrpHBfd.png?v=1598861000634",
    "isCustomThumbnail": 0,
    "builtinTags": [
        "category-work",
        "grid",
        "legend",
        "series-line",
        "tooltip"
    ],
    "customTags": [
        "折线图"
    ],
    "updaterUserName": "巨***a"
}