{
    "cid": "xqp93FQhx3",
    "authorUid": "bd-2307958024",
    "authorUserName": "小***啊",
    "title": "折线图和graphic图表结合",
    "description": "折线图和graphic图表结合，在一张图上同时看趋势和表格数据",
    "latestVersion": 2,
    "alwaysLatest": 1,
    "createTime": "2020-08-28T05:54:21.000Z",
    "lastUpdateTime": "2020-08-28T05:54:21.000Z",
    "auth": 2,
    "uid": "bd-2307958024",
    "publishedVersion": 0,
    "forkFrom": "-",
    "isSpam": 0,
    "version": 2,
    "parentVersion": 1,
    "echartsVersion": "4.8.0",
    "versionCreateTime": "2020-08-28T05:54:52.000Z",
    "html": "",
    "externalScripts": "",
    "updaterUID": "bd-2307958024",
    "theme": "",
    "layout": "",
    "viewCount": 230,
    "userName": "小***啊",
    "commentCount": 0,
    "starCount": 0,
    "isStared": 0,
    "thumbnailURL": "https://www.makeapie.com/ecg-storage/ec_gallery_thumbnail/xqp93FQhx3.png?v=1598594061994",
    "isCustomThumbnail": 1,
    "builtinTags": [
        "category-work",
        "dataZoom",
        "graphic",
        "grid",
        "legend",
        "series-line",
        "title",
        "toolbox",
        "tooltip"
    ],
    "customTags": [],
    "updaterUserName": "小***啊"
}