{
    "cid": "xrDR-k-3KI",
    "authorUid": "obd-o04O7CrQDhi5emJCFFaEUqxSgdGgmFu",
    "authorUserName": "A***8",
    "title": "dataset&encode",
    "description": "测试",
    "latestVersion": 1,
    "alwaysLatest": 1,
    "createTime": "2020-08-28T07:37:31.000Z",
    "lastUpdateTime": "2020-08-28T07:37:31.000Z",
    "auth": 2,
    "uid": "obd-o04O7CrQDhi5emJCFFaEUqxSgdGgmFu",
    "publishedVersion": 0,
    "forkFrom": "-",
    "isSpam": 0,
    "version": 1,
    "parentVersion": -1,
    "echartsVersion": "4.8.0",
    "versionCreateTime": "2020-08-28T07:37:31.000Z",
    "html": "",
    "externalScripts": "",
    "updaterUID": "obd-o04O7CrQDhi5emJCFFaEUqxSgdGgmFu",
    "theme": "",
    "layout": "",
    "viewCount": 31,
    "userName": "A***8",
    "commentCount": 0,
    "starCount": 0,
    "isStared": 0,
    "thumbnailURL": "https://www.makeapie.com/ecg-storage/ec_gallery_thumbnail/xrDR-k-3KI.png?v=1598600252096",
    "isCustomThumbnail": 0,
    "builtinTags": [
        "category-work",
        "dataset",
        "grid",
        "series-bar",
        "title"
    ],
    "customTags": [],
    "updaterUserName": "A***8"
}