{
    "cid": "xuB2HpOtdA",
    "authorUid": "obd-o2SLffPzvTDfnZ9sQqEWrR0PH2VVA64",
    "authorUserName": "该***1",
    "title": "环图",
    "description": "环形图",
    "latestVersion": 2,
    "alwaysLatest": 1,
    "createTime": "2020-08-27T08:52:27.000Z",
    "lastUpdateTime": "2020-08-27T08:52:27.000Z",
    "auth": 2,
    "uid": "obd-o2SLffPzvTDfnZ9sQqEWrR0PH2VVA64",
    "publishedVersion": 0,
    "forkFrom": "-",
    "isSpam": 0,
    "version": 2,
    "parentVersion": 1,
    "echartsVersion": "4.8.0",
    "versionCreateTime": "2020-09-23T06:20:13.000Z",
    "html": "",
    "externalScripts": "",
    "updaterUID": "obd-o2SLffPzvTDfnZ9sQqEWrR0PH2VVA64",
    "theme": "",
    "layout": "",
    "viewCount": 46,
    "userName": "该***1",
    "commentCount": 0,
    "starCount": 1,
    "isStared": 0,
    "thumbnailURL": "https://www.makeapie.com/ecg-storage/ec_gallery_thumbnail/xuB2HpOtdA.png?v=1600842014033",
    "isCustomThumbnail": 0,
    "builtinTags": [
        "category-work",
        "legend",
        "series-pie",
        "tooltip"
    ],
    "customTags": [],
    "updaterUserName": "该***1"
}