{
    "cid": "xyMeDE--Ia",
    "authorUid": "obd-o0XqGEhUO6RpRDUxfuMj9M_OtnPLxFn",
    "authorUserName": "Q***0",
    "title": "雨量图",
    "description": "",
    "latestVersion": 1,
    "alwaysLatest": 1,
    "createTime": "2020-08-28T07:05:03.000Z",
    "lastUpdateTime": "2020-08-28T07:05:03.000Z",
    "auth": 1,
    "uid": "obd-o0XqGEhUO6RpRDUxfuMj9M_OtnPLxFn",
    "publishedVersion": 0,
    "forkFrom": "-",
    "isSpam": 0,
    "version": 1,
    "parentVersion": -1,
    "echartsVersion": "4.8.0",
    "versionCreateTime": "2020-08-28T07:05:03.000Z",
    "html": "",
    "externalScripts": "",
    "updaterUID": "obd-o0XqGEhUO6RpRDUxfuMj9M_OtnPLxFn",
    "theme": "",
    "layout": "",
    "viewCount": 51,
    "userName": "Q***0",
    "commentCount": 0,
    "starCount": 0,
    "isStared": 0,
    "thumbnailURL": "https://www.makeapie.com/ecg-storage/ec_gallery_thumbnail/xyMeDE--Ia.png?v=1598598303617",
    "isCustomThumbnail": 0,
    "builtinTags": [
        "category-work",
        "grid",
        "legend",
        "series-line",
        "tooltip"
    ],
    "customTags": [],
    "updaterUserName": "Q***0"
}