{
    "cid": "xZ8_cMI2AA",
    "authorUid": "obd-o2HyFPM5jHRvvsh4cUkUuXKwwbgK4Bs",
    "authorUserName": "l***4",
    "title": "lg_test",
    "description": "",
    "latestVersion": 1,
    "alwaysLatest": 1,
    "createTime": "2020-08-28T10:03:32.000Z",
    "lastUpdateTime": "2020-08-28T10:03:32.000Z",
    "auth": 2,
    "uid": "obd-o2HyFPM5jHRvvsh4cUkUuXKwwbgK4Bs",
    "publishedVersion": 0,
    "forkFrom": "-",
    "isSpam": 0,
    "version": 1,
    "parentVersion": -1,
    "echartsVersion": "4.8.0",
    "versionCreateTime": "2020-08-28T10:03:32.000Z",
    "html": "",
    "externalScripts": "",
    "updaterUID": "obd-o2HyFPM5jHRvvsh4cUkUuXKwwbgK4Bs",
    "theme": "",
    "layout": "",
    "viewCount": 23,
    "userName": "l***4",
    "commentCount": 0,
    "starCount": 0,
    "isStared": 0,
    "thumbnailURL": "https://www.makeapie.com/ecg-storage/ec_gallery_thumbnail/xZ8_cMI2AA.png?v=1598609013025",
    "isCustomThumbnail": 0,
    "builtinTags": [
        "category-work",
        "grid",
        "series-line",
        "title"
    ],
    "customTags": [],
    "updaterUserName": "l***4"
}