{
    "cid": "x9w9VQA3IU",
    "authorUid": "bd-3476712581",
    "authorUserName": "温***孔",
    "title": "本月闲钱收益",
    "description": "半圆渐变",
    "latestVersion": 3,
    "alwaysLatest": 1,
    "createTime": "2018-11-09T10:41:59.000Z",
    "lastUpdateTime": "2018-11-09T10:41:59.000Z",
    "auth": 2,
    "uid": "bd-3476712581",
    "publishedVersion": 0,
    "forkFrom": "-",
    "isSpam": 0,
    "version": 3,
    "parentVersion": 2,
    "echartsVersion": "4.2.0",
    "versionCreateTime": "2018-11-27T07:40:57.000Z",
    "html": "",
    "externalScripts": "",
    "updaterUID": "bd-3476712581",
    "theme": "",
    "layout": "",
    "viewCount": 941,
    "userName": "温***孔",
    "commentCount": 0,
    "starCount": 5,
    "isStared": 0,
    "thumbnailURL": "https://www.makeapie.com/ecg-storage/ec_gallery_thumbnail/x9w9VQA3IU.png?v=1543304457381",
    "isCustomThumbnail": 0,
    "builtinTags": [
        "category-work",
        "legend",
        "series-pie",
        "title",
        "tooltip"
    ],
    "customTags": [],
    "updaterUserName": "温***孔"
}