{
    "cid": "xAmkCE27HQ",
    "authorUid": "bd-3476712581",
    "authorUserName": "温***孔",
    "title": "本年度阅读书籍类别",
    "description": "2018年",
    "latestVersion": 1,
    "alwaysLatest": 1,
    "createTime": "2018-11-09T09:00:50.000Z",
    "lastUpdateTime": "2018-11-09T09:00:50.000Z",
    "auth": 2,
    "uid": "bd-3476712581",
    "publishedVersion": 0,
    "forkFrom": "-",
    "isSpam": 0,
    "version": 1,
    "parentVersion": -1,
    "echartsVersion": "4.2.0",
    "versionCreateTime": "2018-11-09T09:00:50.000Z",
    "html": "",
    "externalScripts": "",
    "updaterUID": "bd-3476712581",
    "theme": "",
    "layout": "",
    "viewCount": 537,
    "userName": "温***孔",
    "commentCount": 0,
    "starCount": 2,
    "isStared": 0,
    "thumbnailURL": "https://www.makeapie.com/ecg-storage/ec_gallery_thumbnail/xAmkCE27HQ.png?v=1541754051016",
    "isCustomThumbnail": 0,
    "builtinTags": [
        "category-work",
        "legend",
        "series-pie",
        "title",
        "tooltip"
    ],
    "customTags": [
        "展示百分比"
    ],
    "updaterUserName": "温***孔"
}