{
    "cid": "xG6smc8zFG",
    "authorUid": "bd-3476712581",
    "authorUserName": "温***孔",
    "title": "当月个人支出详情",
    "description": "",
    "latestVersion": 1,
    "alwaysLatest": 1,
    "createTime": "2018-11-09T08:05:27.000Z",
    "lastUpdateTime": "2018-11-09T08:05:27.000Z",
    "auth": 2,
    "uid": "bd-3476712581",
    "publishedVersion": 0,
    "forkFrom": "-",
    "isSpam": 0,
    "version": 1,
    "parentVersion": -1,
    "echartsVersion": "4.2.0",
    "versionCreateTime": "2018-11-09T08:05:27.000Z",
    "html": "",
    "externalScripts": "",
    "updaterUID": "bd-3476712581",
    "theme": "",
    "layout": "",
    "viewCount": 130,
    "userName": "温***孔",
    "commentCount": 0,
    "starCount": 2,
    "isStared": 0,
    "thumbnailURL": "https://www.makeapie.com/ecg-storage/ec_gallery_thumbnail/xG6smc8zFG.png?v=1541750727631",
    "isCustomThumbnail": 0,
    "builtinTags": [
        "category-work",
        "grid",
        "legend",
        "series-bar",
        "title",
        "tooltip"
    ],
    "customTags": [],
    "updaterUserName": "温***孔"
}