{
    "cid": "xh1pkUuK34",
    "authorUid": "bd-3476712581",
    "authorUserName": "温***孔",
    "title": "本年度阅读书籍类别",
    "description": "2019年",
    "latestVersion": 1,
    "alwaysLatest": 1,
    "createTime": "2018-11-09T09:50:16.000Z",
    "lastUpdateTime": "2018-11-09T09:50:16.000Z",
    "auth": 2,
    "uid": "bd-3476712581",
    "publishedVersion": 0,
    "forkFrom": "-",
    "isSpam": 0,
    "version": 1,
    "parentVersion": -1,
    "echartsVersion": "4.2.0",
    "versionCreateTime": "2018-11-09T09:50:17.000Z",
    "html": "",
    "externalScripts": "",
    "updaterUID": "bd-3476712581",
    "theme": "",
    "layout": "",
    "viewCount": 169,
    "userName": "温***孔",
    "commentCount": 0,
    "starCount": 1,
    "isStared": 0,
    "thumbnailURL": "https://www.makeapie.com/ecg-storage/ec_gallery_thumbnail/xh1pkUuK34.png?v=1541757017104",
    "isCustomThumbnail": 0,
    "builtinTags": [
        "category-work",
        "series-pie",
        "title",
        "tooltip"
    ],
    "customTags": [
        "圆环无渐变"
    ],
    "updaterUserName": "温***孔"
}