{
    "cid": "xh34adhAPh",
    "authorUid": "bd-1161959795",
    "authorUserName": "程某某960831",
    "title": "漏斗",
    "description": "",
    "latestVersion": 1,
    "alwaysLatest": 1,
    "createTime": "2018-11-10T12:47:30.000Z",
    "lastUpdateTime": "2018-11-10T12:47:30.000Z",
    "auth": 2,
    "uid": "bd-1161959795",
    "publishedVersion": 0,
    "forkFrom": "-",
    "isSpam": 0,
    "version": 1,
    "parentVersion": -1,
    "echartsVersion": "4.2.0",
    "versionCreateTime": "2018-11-10T12:47:30.000Z",
    "html": "",
    "externalScripts": "",
    "updaterUID": "bd-1161959795",
    "theme": "",
    "layout": "",
    "viewCount": 354,
    "userName": "程某某960831",
    "commentCount": 0,
    "starCount": 0,
    "isStared": 0,
    "thumbnailURL": "https://www.makeapie.com/ecg-storage/ec_gallery_thumbnail/xh34adhAPh.png?v=1541854050796",
    "isCustomThumbnail": 0,
    "builtinTags": [
        "category-work",
        "series-funnel",
        "tooltip"
    ],
    "customTags": [],
    "updaterUserName": "程某某960831"
}