{
    "cid": "xH6VAdjvLQ",
    "authorUid": "bd-337639173",
    "authorUserName": "会***泉",
    "title": "柱状图",
    "description": "",
    "latestVersion": 1,
    "alwaysLatest": 1,
    "createTime": "2018-11-08T09:37:07.000Z",
    "lastUpdateTime": "2018-11-08T09:37:07.000Z",
    "auth": 2,
    "uid": "bd-337639173",
    "publishedVersion": 0,
    "forkFrom": "-",
    "isSpam": 0,
    "version": 1,
    "parentVersion": -1,
    "echartsVersion": "4.2.0",
    "versionCreateTime": "2018-11-08T09:37:07.000Z",
    "html": "",
    "externalScripts": "",
    "updaterUID": "bd-337639173",
    "theme": "",
    "layout": "",
    "viewCount": 167,
    "userName": "会***泉",
    "commentCount": 0,
    "starCount": 5,
    "isStared": 0,
    "thumbnailURL": "https://www.makeapie.com/ecg-storage/ec_gallery_thumbnail/xH6VAdjvLQ.png?v=1541669827629",
    "isCustomThumbnail": 0,
    "builtinTags": [
        "category-work",
        "grid",
        "legend",
        "series-bar",
        "title",
        "toolbox"
    ],
    "customTags": [],
    "updaterUserName": "会***泉"
}