{
    "cid": "xh_7-HqP04",
    "authorUid": "bd-337639173",
    "authorUserName": "会***泉",
    "title": "堆叠柱状图",
    "description": "",
    "latestVersion": 1,
    "alwaysLatest": 1,
    "createTime": "2018-11-08T09:47:01.000Z",
    "lastUpdateTime": "2018-11-08T09:47:01.000Z",
    "auth": 2,
    "uid": "bd-337639173",
    "publishedVersion": 0,
    "forkFrom": "-",
    "isSpam": 0,
    "version": 1,
    "parentVersion": -1,
    "echartsVersion": "4.2.0",
    "versionCreateTime": "2018-11-08T09:47:01.000Z",
    "html": "",
    "externalScripts": "",
    "updaterUID": "bd-337639173",
    "theme": "",
    "layout": "",
    "viewCount": 136,
    "userName": "会***泉",
    "commentCount": 0,
    "starCount": 0,
    "isStared": 0,
    "thumbnailURL": "https://www.makeapie.com/ecg-storage/ec_gallery_thumbnail/xh_7-HqP04.png?v=1541670422025",
    "isCustomThumbnail": 1,
    "builtinTags": [
        "category-work",
        "grid",
        "legend",
        "series-bar",
        "tooltip"
    ],
    "customTags": [],
    "updaterUserName": "会***泉"
}