{
    "cid": "xmCcDBNA00",
    "authorUid": "bd-3591635710",
    "authorUserName": "mvphjx",
    "title": "倒查案件数",
    "description": "",
    "latestVersion": 1,
    "alwaysLatest": 1,
    "createTime": "2018-11-10T06:10:47.000Z",
    "lastUpdateTime": "2018-11-10T06:10:47.000Z",
    "auth": 2,
    "uid": "bd-3591635710",
    "publishedVersion": 0,
    "forkFrom": "-",
    "isSpam": 0,
    "version": 1,
    "parentVersion": -1,
    "echartsVersion": "4.2.0",
    "versionCreateTime": "2018-11-10T06:10:48.000Z",
    "html": "",
    "externalScripts": "",
    "updaterUID": "bd-3591635710",
    "theme": "",
    "layout": "",
    "viewCount": 90,
    "userName": "mvphjx",
    "commentCount": 0,
    "starCount": 0,
    "isStared": 0,
    "thumbnailURL": "https://www.makeapie.com/ecg-storage/ec_gallery_thumbnail/xmCcDBNA00.png?v=1541830248165",
    "isCustomThumbnail": 0,
    "builtinTags": [
        "category-work",
        "series-pie",
        "title",
        "visualMap"
    ],
    "customTags": [],
    "updaterUserName": "mvphjx"
}