{
    "cid": "xmvygFYCqY",
    "authorUid": "bd-993634818",
    "authorUserName": "6***9",
    "title": "折线图(白底Demo)",
    "description": "折线图(白底Demo)",
    "latestVersion": 4,
    "alwaysLatest": 1,
    "createTime": "2018-11-09T06:45:04.000Z",
    "lastUpdateTime": "2018-11-09T06:45:04.000Z",
    "auth": 2,
    "uid": "bd-993634818",
    "publishedVersion": 0,
    "forkFrom": "-",
    "isSpam": 0,
    "version": 4,
    "parentVersion": 3,
    "echartsVersion": "4.4.0",
    "versionCreateTime": "2020-03-22T06:59:32.000Z",
    "html": "",
    "externalScripts": "",
    "updaterUID": "bd-993634818",
    "theme": "",
    "layout": "",
    "viewCount": 256,
    "userName": "6***9",
    "commentCount": 0,
    "starCount": 1,
    "isStared": 0,
    "thumbnailURL": "https://www.makeapie.com/ecg-storage/ec_gallery_thumbnail/xmvygFYCqY.png?v=1584860373073",
    "isCustomThumbnail": 0,
    "builtinTags": [
        "category-work",
        "dataZoom",
        "grid",
        "legend",
        "series-line",
        "toolbox",
        "tooltip"
    ],
    "customTags": [],
    "updaterUserName": "6***9"
}