{
    "cid": "xrIanjJsd3",
    "authorUid": "bd-1161959795",
    "authorUserName": "程某某960831",
    "title": "雷达图",
    "description": "",
    "latestVersion": 2,
    "alwaysLatest": 1,
    "createTime": "2018-11-11T06:46:05.000Z",
    "lastUpdateTime": "2018-11-11T06:46:05.000Z",
    "auth": 2,
    "uid": "bd-1161959795",
    "publishedVersion": 0,
    "forkFrom": "-",
    "isSpam": 0,
    "version": 2,
    "parentVersion": 1,
    "echartsVersion": "4.2.0",
    "versionCreateTime": "2018-11-11T07:59:58.000Z",
    "html": "",
    "externalScripts": "",
    "updaterUID": "bd-1161959795",
    "theme": "",
    "layout": "",
    "viewCount": 124,
    "userName": "程某某960831",
    "commentCount": 0,
    "starCount": 0,
    "isStared": 0,
    "thumbnailURL": "https://www.makeapie.com/ecg-storage/ec_gallery_thumbnail/xrIanjJsd3.png?v=1541923198156",
    "isCustomThumbnail": 0,
    "builtinTags": [
        "category-work",
        "radar",
        "series-radar"
    ],
    "customTags": [],
    "updaterUserName": "程某某960831"
}