{
    "cid": "xyS5IWx4wQ",
    "authorUid": "bd-2469886102",
    "authorUserName": "芊***8",
    "title": "年龄分布",
    "description": "",
    "latestVersion": 2,
    "alwaysLatest": 1,
    "createTime": "2018-11-08T08:53:12.000Z",
    "lastUpdateTime": "2018-11-08T08:53:12.000Z",
    "auth": 1,
    "uid": "bd-2469886102",
    "publishedVersion": 0,
    "forkFrom": "-",
    "isSpam": 0,
    "version": 2,
    "parentVersion": 1,
    "echartsVersion": "4.2.0",
    "versionCreateTime": "2018-11-09T10:37:33.000Z",
    "html": "",
    "externalScripts": "",
    "updaterUID": "bd-2469886102",
    "theme": "",
    "layout": "",
    "viewCount": 258,
    "userName": "芊***8",
    "commentCount": 0,
    "starCount": 0,
    "isStared": 0,
    "thumbnailURL": "https://www.makeapie.com/ecg-storage/ec_gallery_thumbnail/xyS5IWx4wQ.png?v=1541759853164",
    "isCustomThumbnail": 0,
    "builtinTags": [
        "category-work",
        "grid",
        "series-bar"
    ],
    "customTags": [],
    "updaterUserName": "芊***8"
}