{
    "cid": "xZlNn3SBQv",
    "authorUid": "bd-3619398030",
    "authorUserName": "段佳伟灬",
    "title": "饼图-占位图",
    "description": "",
    "latestVersion": 1,
    "alwaysLatest": 1,
    "createTime": "2018-11-07T12:11:41.000Z",
    "lastUpdateTime": "2018-11-07T12:11:41.000Z",
    "auth": 2,
    "uid": "bd-3619398030",
    "publishedVersion": 0,
    "forkFrom": "-",
    "isSpam": 0,
    "version": 1,
    "parentVersion": -1,
    "echartsVersion": "4.2.0",
    "versionCreateTime": "2018-11-07T12:11:41.000Z",
    "html": "",
    "externalScripts": "",
    "updaterUID": "bd-3619398030",
    "theme": "",
    "layout": "",
    "viewCount": 62,
    "userName": "段佳伟灬",
    "commentCount": 0,
    "starCount": 0,
    "isStared": 0,
    "thumbnailURL": "https://www.makeapie.com/ecg-storage/ec_gallery_thumbnail/xZlNn3SBQv.png?v=1541592701610",
    "isCustomThumbnail": 0,
    "builtinTags": [
        "category-work",
        "series-pie",
        "tooltip"
    ],
    "customTags": [],
    "updaterUserName": "段佳伟灬"
}