{
    "cid": "xzp2GkY0hT",
    "authorUid": "bd-3930601165",
    "authorUserName": "我***你",
    "title": "本年商场顾客男女人数统计",
    "description": "",
    "latestVersion": 1,
    "alwaysLatest": 1,
    "createTime": "2018-11-09T09:34:06.000Z",
    "lastUpdateTime": "2018-11-09T09:34:06.000Z",
    "auth": 2,
    "uid": "bd-3930601165",
    "publishedVersion": 0,
    "forkFrom": "-",
    "isSpam": 0,
    "version": 1,
    "parentVersion": -1,
    "echartsVersion": "4.2.0",
    "versionCreateTime": "2018-11-09T09:34:06.000Z",
    "html": "",
    "externalScripts": "",
    "updaterUID": "bd-3930601165",
    "theme": "",
    "layout": "",
    "viewCount": 171,
    "userName": "我***你",
    "commentCount": 0,
    "starCount": 0,
    "isStared": 0,
    "thumbnailURL": "https://www.makeapie.com/ecg-storage/ec_gallery_thumbnail/xzp2GkY0hT.png?v=1541756046721",
    "isCustomThumbnail": 0,
    "builtinTags": [
        "category-work",
        "graphic",
        "grid",
        "legend",
        "series-bar",
        "series-line",
        "title",
        "tooltip"
    ],
    "customTags": [],
    "updaterUserName": "我***你"
}