{
    "cid": "xZyhGHlNxa",
    "authorUid": "bd-1966783241",
    "authorUserName": "额***吻",
    "title": "留存老用户配色",
    "description": "",
    "latestVersion": 1,
    "alwaysLatest": 1,
    "createTime": "2018-11-08T04:37:14.000Z",
    "lastUpdateTime": "2018-11-08T04:37:14.000Z",
    "auth": 2,
    "uid": "bd-1966783241",
    "publishedVersion": 0,
    "forkFrom": "-",
    "isSpam": 0,
    "version": 1,
    "parentVersion": -1,
    "echartsVersion": "4.2.0",
    "versionCreateTime": "2018-11-08T04:37:14.000Z",
    "html": "",
    "externalScripts": "",
    "updaterUID": "bd-1966783241",
    "theme": "",
    "layout": "",
    "viewCount": 77,
    "userName": "额***吻",
    "commentCount": 0,
    "starCount": 0,
    "isStared": 0,
    "thumbnailURL": "https://www.makeapie.com/ecg-storage/ec_gallery_thumbnail/xZyhGHlNxa.png?v=1541651834610",
    "isCustomThumbnail": 0,
    "builtinTags": [
        "category-work",
        "grid",
        "markLine",
        "series-bar"
    ],
    "customTags": [],
    "updaterUserName": "额***吻"
}