{
    "cid": "x0BUG_pW8Z",
    "authorUid": "obd-oP4yFspLjRVwrJMfdPnGV7KDfYDUc9Q",
    "authorUserName": "宁***群",
    "title": "Tree Chart",
    "description": "Tree图表，数据结构清晰",
    "latestVersion": 1,
    "alwaysLatest": 0,
    "createTime": "2021-08-09T03:59:46.000Z",
    "lastUpdateTime": "2021-08-09T03:59:46.000Z",
    "auth": 2,
    "uid": "obd-oP4yFspLjRVwrJMfdPnGV7KDfYDUc9Q",
    "publishedVersion": 0,
    "forkFrom": "-",
    "isSpam": 0,
    "version": 1,
    "parentVersion": -1,
    "echartsVersion": "4.9.0",
    "versionCreateTime": "2021-08-09T03:59:46.000Z",
    "html": "",
    "externalScripts": "",
    "updaterUID": "obd-oP4yFspLjRVwrJMfdPnGV7KDfYDUc9Q",
    "theme": "",
    "layout": "",
    "viewCount": 0,
    "userName": "宁***群",
    "commentCount": 0,
    "starCount": 1,
    "isStared": 0,
    "thumbnailURL": "https://www.makeapie.com/ecg-storage/ec_gallery_thumbnail/x0BUG_pW8Z.png?v=1628481587119",
    "isCustomThumbnail": 0,
    "builtinTags": [
        "category-work",
        "legend",
        "series-tree",
        "title",
        "tooltip"
    ],
    "customTags": [],
    "updaterUserName": "宁***群"
}