{
    "cid": "x1ztVD-94_",
    "authorUid": "obd-oNg25yjXqnbvUC72PhC0EDXZDVQ34CY",
    "authorUserName": "9***4",
    "title": "优秀率",
    "description": "",
    "latestVersion": 1,
    "alwaysLatest": 0,
    "createTime": "2021-08-06T08:51:53.000Z",
    "lastUpdateTime": "2021-08-06T08:51:53.000Z",
    "auth": 2,
    "uid": "obd-oNg25yjXqnbvUC72PhC0EDXZDVQ34CY",
    "publishedVersion": 0,
    "forkFrom": "-",
    "isSpam": 0,
    "version": 1,
    "parentVersion": -1,
    "echartsVersion": "5.1.2",
    "versionCreateTime": "2021-08-06T08:51:53.000Z",
    "html": "",
    "externalScripts": "",
    "updaterUID": "obd-oNg25yjXqnbvUC72PhC0EDXZDVQ34CY",
    "theme": "",
    "layout": "",
    "viewCount": 0,
    "userName": "9***4",
    "commentCount": 0,
    "starCount": 6,
    "isStared": 0,
    "thumbnailURL": "https://www.makeapie.com/ecg-storage/ec_gallery_thumbnail/x1ztVD-94_.png?v=1628239913171",
    "isCustomThumbnail": 0,
    "builtinTags": [
        "category-work",
        "series-pie",
        "title"
    ],
    "customTags": [],
    "updaterUserName": "9***4"
}