{
    "cid": "x2Bo54qsSI",
    "authorUid": "obd-oD0F8B0JMTBNgRBhxJoJryui_PeoJ1a",
    "authorUserName": "小***8",
    "title": "整车物流平台1",
    "description": "   数据由整车物流部提供",
    "latestVersion": 5,
    "alwaysLatest": 0,
    "createTime": "2021-08-08T15:49:49.000Z",
    "lastUpdateTime": "2021-09-11T12:21:40.000Z",
    "auth": 1,
    "uid": "obd-oD0F8B0JMTBNgRBhxJoJryui_PeoJ1a",
    "publishedVersion": 0,
    "forkFrom": "-",
    "isSpam": 0,
    "version": 5,
    "parentVersion": 4,
    "echartsVersion": "5.1.2",
    "versionCreateTime": "2021-09-11T12:21:40.000Z",
    "html": "",
    "externalScripts": "",
    "updaterUID": "obd-ojY2qeIXXtqf-HKVSbIBXLSv6J1aTET",
    "theme": "",
    "layout": "",
    "viewCount": 0,
    "userName": "小***8",
    "commentCount": 0,
    "starCount": 6,
    "isStared": 0,
    "thumbnailURL": "https://www.makeapie.com/ecg-storage/ec_gallery_thumbnail/x2Bo54qsSI.png?v=1631362900445",
    "isCustomThumbnail": 0,
    "builtinTags": [
        "category-work",
        "geo",
        "grid",
        "series-bar",
        "series-effectScatter",
        "series-lines",
        "series-map",
        "series-scatter",
        "timeline",
        "title",
        "tooltip"
    ],
    "customTags": [],
    "updaterUserName": "s***5"
}