{
    "cid": "x3NVJKoBUs",
    "authorUid": "bd-3817636711",
    "authorUserName": "S***G",
    "title": "词云",
    "description": "",
    "latestVersion": 1,
    "alwaysLatest": 0,
    "createTime": "2021-08-09T03:06:55.000Z",
    "lastUpdateTime": "2021-08-09T03:06:55.000Z",
    "auth": 2,
    "uid": "bd-3817636711",
    "publishedVersion": 0,
    "forkFrom": "-",
    "isSpam": 0,
    "version": 1,
    "parentVersion": -1,
    "echartsVersion": "5.0.2",
    "versionCreateTime": "2021-08-09T03:06:55.000Z",
    "html": "",
    "externalScripts": "https://cdn.jsdelivr.net/npm/echarts-wordcloud@2/dist/echarts-wordcloud.min.js",
    "updaterUID": "bd-3817636711",
    "theme": "",
    "layout": "",
    "viewCount": 0,
    "userName": "S***G",
    "commentCount": 0,
    "starCount": 7,
    "isStared": 0,
    "thumbnailURL": "https://www.makeapie.com/ecg-storage/ec_gallery_thumbnail/x3NVJKoBUs.png?v=1628478415512",
    "isCustomThumbnail": 0,
    "builtinTags": [
        "category-work",
        "series-wordCloud",
        "tooltip"
    ],
    "customTags": [
        "wordCloud",
        "词云"
    ],
    "updaterUserName": "S***G"
}