{
    "cid": "x5fYNiB0vY",
    "authorUid": "obd-oF6xja0VWju1ZbRZTaGDYeY_9Wkcg54",
    "authorUserName": "b***e",
    "title": "88%",
    "description": "",
    "latestVersion": 1,
    "alwaysLatest": 0,
    "createTime": "2021-08-08T09:19:20.000Z",
    "lastUpdateTime": "2021-08-08T09:19:20.000Z",
    "auth": 2,
    "uid": "obd-oF6xja0VWju1ZbRZTaGDYeY_9Wkcg54",
    "publishedVersion": 0,
    "forkFrom": "-",
    "isSpam": 0,
    "version": 1,
    "parentVersion": -1,
    "echartsVersion": "5.1.2",
    "versionCreateTime": "2021-08-08T09:19:20.000Z",
    "html": "",
    "externalScripts": "",
    "updaterUID": "obd-oF6xja0VWju1ZbRZTaGDYeY_9Wkcg54",
    "theme": "",
    "layout": "",
    "viewCount": 0,
    "userName": "b***e",
    "commentCount": 0,
    "starCount": 1,
    "isStared": 0,
    "thumbnailURL": "https://www.makeapie.com/ecg-storage/ec_gallery_thumbnail/x5fYNiB0vY.png?v=1628414360535",
    "isCustomThumbnail": 0,
    "builtinTags": [
        "category-work",
        "polar",
        "series-bar",
        "title"
    ],
    "customTags": [],
    "updaterUserName": "b***e"
}