{
    "cid": "xEn0VSfsIO",
    "authorUid": "obd-otxTrPknPc7duUHqf5eD2AmmeajlA8y",
    "authorUserName": "y***9",
    "title": "游客评价数据趋势图",
    "description": "折线-双轴-渐变-网格",
    "latestVersion": 1,
    "alwaysLatest": 0,
    "createTime": "2021-08-09T04:11:19.000Z",
    "lastUpdateTime": "2021-08-09T04:11:19.000Z",
    "auth": 2,
    "uid": "obd-otxTrPknPc7duUHqf5eD2AmmeajlA8y",
    "publishedVersion": 0,
    "forkFrom": "-",
    "isSpam": 0,
    "version": 1,
    "parentVersion": -1,
    "echartsVersion": "5.1.2",
    "versionCreateTime": "2021-08-09T04:11:19.000Z",
    "html": "",
    "externalScripts": "",
    "updaterUID": "obd-otxTrPknPc7duUHqf5eD2AmmeajlA8y",
    "theme": "",
    "layout": "",
    "viewCount": 0,
    "userName": "y***9",
    "commentCount": 0,
    "starCount": 1,
    "isStared": 0,
    "thumbnailURL": "https://www.makeapie.com/ecg-storage/ec_gallery_thumbnail/xEn0VSfsIO.png?v=1628482279744",
    "isCustomThumbnail": 0,
    "builtinTags": [
        "category-work",
        "grid",
        "legend",
        "series-line",
        "title"
    ],
    "customTags": [],
    "updaterUserName": "y***9"
}