{
    "cid": "xfvpQJdQK0",
    "authorUid": "obd-ojGzOKTrwwIRJtGImmZBMYaJ7sK2VEL",
    "authorUserName": "风***破",
    "title": "柱状图",
    "description": "",
    "latestVersion": 1,
    "alwaysLatest": 0,
    "createTime": "2021-08-09T01:03:53.000Z",
    "lastUpdateTime": "2021-08-09T01:03:53.000Z",
    "auth": 2,
    "uid": "obd-ojGzOKTrwwIRJtGImmZBMYaJ7sK2VEL",
    "publishedVersion": 0,
    "forkFrom": "-",
    "isSpam": 0,
    "version": 1,
    "parentVersion": -1,
    "echartsVersion": "5.1.2",
    "versionCreateTime": "2021-08-09T01:03:53.000Z",
    "html": "",
    "externalScripts": "",
    "updaterUID": "obd-ojGzOKTrwwIRJtGImmZBMYaJ7sK2VEL",
    "theme": "",
    "layout": "",
    "viewCount": 0,
    "userName": "风***破",
    "commentCount": 0,
    "starCount": 0,
    "isStared": 0,
    "thumbnailURL": "https://www.makeapie.com/ecg-storage/ec_gallery_thumbnail/xfvpQJdQK0.png?v=1628471033760",
    "isCustomThumbnail": 0,
    "builtinTags": [
        "category-work",
        "grid",
        "series-bar",
        "tooltip"
    ],
    "customTags": [],
    "updaterUserName": "风***破"
}