{
    "cid": "xiWApOX-Zb",
    "authorUid": "obd-ojd2pnXiDOXnymtk7zIPKaY7NT0mkE9",
    "authorUserName": "哎***呀",
    "title": "top10",
    "description": "",
    "latestVersion": 1,
    "alwaysLatest": 0,
    "createTime": "2021-08-09T07:44:34.000Z",
    "lastUpdateTime": "2021-08-09T07:44:34.000Z",
    "auth": 2,
    "uid": "obd-ojd2pnXiDOXnymtk7zIPKaY7NT0mkE9",
    "publishedVersion": 0,
    "forkFrom": "-",
    "isSpam": 0,
    "version": 1,
    "parentVersion": -1,
    "echartsVersion": "5.1.2",
    "versionCreateTime": "2021-08-09T07:44:34.000Z",
    "html": "",
    "externalScripts": "",
    "updaterUID": "obd-ojd2pnXiDOXnymtk7zIPKaY7NT0mkE9",
    "theme": "",
    "layout": "",
    "viewCount": 0,
    "userName": "哎***呀",
    "commentCount": 0,
    "starCount": 5,
    "isStared": 0,
    "thumbnailURL": "https://www.makeapie.com/ecg-storage/ec_gallery_thumbnail/xiWApOX-Zb.png?v=1628495074899",
    "isCustomThumbnail": 0,
    "builtinTags": [
        "category-work",
        "grid",
        "series-bar",
        "title",
        "tooltip"
    ],
    "customTags": [],
    "updaterUserName": "哎***呀"
}