{
    "cid": "xLZo0liMag",
    "authorUid": "bd-290307",
    "authorUserName": "n***l",
    "title": "Awesome Chart",
    "description": "",
    "latestVersion": 1,
    "alwaysLatest": 0,
    "createTime": "2021-08-06T02:58:57.000Z",
    "lastUpdateTime": "2021-08-06T02:58:57.000Z",
    "auth": 2,
    "uid": "bd-290307",
    "publishedVersion": 0,
    "forkFrom": "-",
    "isSpam": 0,
    "version": 1,
    "parentVersion": -1,
    "echartsVersion": "5.1.2",
    "versionCreateTime": "2021-08-06T02:58:57.000Z",
    "html": "",
    "externalScripts": "",
    "updaterUID": "bd-290307",
    "theme": "",
    "layout": "",
    "viewCount": 0,
    "userName": "n***l",
    "commentCount": 0,
    "starCount": 0,
    "isStared": 0,
    "thumbnailURL": "https://www.makeapie.com/ecg-storage/ec_gallery_thumbnail/xLZo0liMag.png?v=1628218737423",
    "isCustomThumbnail": 0,
    "builtinTags": [
        "category-work",
        "grid",
        "series-bar",
        "title"
    ],
    "customTags": [],
    "updaterUserName": "n***l"
}