{
    "cid": "xOCW3lQZQl",
    "authorUid": "obd-ojd2pnXiDOXnymtk7zIPKaY7NT0mkE9",
    "authorUserName": "哎***呀",
    "title": "近七天统计",
    "description": "",
    "latestVersion": 1,
    "alwaysLatest": 0,
    "createTime": "2021-08-09T08:31:17.000Z",
    "lastUpdateTime": "2021-08-09T08:31:17.000Z",
    "auth": 2,
    "uid": "obd-ojd2pnXiDOXnymtk7zIPKaY7NT0mkE9",
    "publishedVersion": 0,
    "forkFrom": "-",
    "isSpam": 0,
    "version": 1,
    "parentVersion": -1,
    "echartsVersion": "5.1.2",
    "versionCreateTime": "2021-08-09T08:31:17.000Z",
    "html": "",
    "externalScripts": "",
    "updaterUID": "obd-ojd2pnXiDOXnymtk7zIPKaY7NT0mkE9",
    "theme": "",
    "layout": "",
    "viewCount": 0,
    "userName": "哎***呀",
    "commentCount": 0,
    "starCount": 2,
    "isStared": 0,
    "thumbnailURL": "https://www.makeapie.com/ecg-storage/ec_gallery_thumbnail/xOCW3lQZQl.png?v=1628497877585",
    "isCustomThumbnail": 0,
    "builtinTags": [
        "category-work",
        "grid",
        "series-effectScatter",
        "series-line"
    ],
    "customTags": [],
    "updaterUserName": "哎***呀"
}