{
    "cid": "xomPlAfin-",
    "authorUid": "bd-3489355751",
    "authorUserName": "火***冰",
    "title": "地图",
    "description": "",
    "latestVersion": 5,
    "alwaysLatest": 0,
    "createTime": "2021-08-06T09:55:16.000Z",
    "lastUpdateTime": "2021-08-08T06:32:36.000Z",
    "auth": 2,
    "uid": "bd-3489355751",
    "publishedVersion": 0,
    "forkFrom": "-",
    "isSpam": 0,
    "version": 5,
    "parentVersion": 4,
    "echartsVersion": "4.8.0",
    "versionCreateTime": "2021-08-08T06:32:36.000Z",
    "html": "",
    "externalScripts": "",
    "updaterUID": "bd-3489355751",
    "theme": "",
    "layout": "",
    "viewCount": 0,
    "userName": "火***冰",
    "commentCount": 0,
    "starCount": 2,
    "isStared": 0,
    "thumbnailURL": "https://www.makeapie.com/ecg-storage/ec_gallery_thumbnail/xomPlAfin-.png?v=1628404356495",
    "isCustomThumbnail": 0,
    "builtinTags": [
        "category-work",
        "geo",
        "series-effectScatter",
        "series-lines",
        "series-map",
        "series-scatter",
        "timeline",
        "tooltip"
    ],
    "customTags": [],
    "updaterUserName": "火***冰"
}