{
    "cid": "xP6PSjy3gN",
    "authorUid": "obd-oM18-ur5PzFwQ_ZBBQ3ccR3qNdcL52K",
    "authorUserName": "丨***龍",
    "title": "舟山市",
    "description": "",
    "latestVersion": 1,
    "alwaysLatest": 0,
    "createTime": "2021-08-06T08:51:17.000Z",
    "lastUpdateTime": "2021-08-06T08:51:17.000Z",
    "auth": 2,
    "uid": "obd-oM18-ur5PzFwQ_ZBBQ3ccR3qNdcL52K",
    "publishedVersion": 0,
    "forkFrom": "-",
    "isSpam": 0,
    "version": 1,
    "parentVersion": -1,
    "echartsVersion": "5.1.2",
    "versionCreateTime": "2021-08-06T08:51:17.000Z",
    "html": "",
    "externalScripts": "",
    "updaterUID": "obd-oM18-ur5PzFwQ_ZBBQ3ccR3qNdcL52K",
    "theme": "",
    "layout": "",
    "viewCount": 0,
    "userName": "丨***龍",
    "commentCount": 0,
    "starCount": 3,
    "isStared": 0,
    "thumbnailURL": "https://www.makeapie.com/ecg-storage/ec_gallery_thumbnail/xP6PSjy3gN.png?v=1628239878056",
    "isCustomThumbnail": 0,
    "builtinTags": [
        "category-work",
        "geo",
        "series-map",
        "title"
    ],
    "customTags": [],
    "updaterUserName": "丨***龍"
}