{
    "cid": "xSvqXrqCa5",
    "authorUid": "obd-o2LL6JmmcNA2ugUBaI29CbFY5gJDi6W",
    "authorUserName": "乐***b",
    "title": "重力场散点图",
    "description": "",
    "latestVersion": 1,
    "alwaysLatest": 0,
    "createTime": "2021-08-06T05:58:52.000Z",
    "lastUpdateTime": "2021-08-06T05:58:52.000Z",
    "auth": 2,
    "uid": "obd-o2LL6JmmcNA2ugUBaI29CbFY5gJDi6W",
    "publishedVersion": 0,
    "forkFrom": "-",
    "isSpam": 0,
    "version": 1,
    "parentVersion": -1,
    "echartsVersion": "5.1.2",
    "versionCreateTime": "2021-08-06T05:58:52.000Z",
    "html": "",
    "externalScripts": "",
    "updaterUID": "obd-o2LL6JmmcNA2ugUBaI29CbFY5gJDi6W",
    "theme": "",
    "layout": "",
    "viewCount": 0,
    "userName": "乐***b",
    "commentCount": 0,
    "starCount": 0,
    "isStared": 0,
    "thumbnailURL": "https://www.makeapie.com/ecg-storage/ec_gallery_thumbnail/xSvqXrqCa5.png?v=1628229533106",
    "isCustomThumbnail": 0,
    "builtinTags": [
        "category-work",
        "series-graph",
        "tooltip"
    ],
    "customTags": [],
    "updaterUserName": "乐***b"
}