{
    "cid": "xVkb54RYqf",
    "authorUid": "obd-ojd2pnXiDOXnymtk7zIPKaY7NT0mkE9",
    "authorUserName": "哎***呀",
    "title": "57.3分",
    "description": "仿iwatch运动图",
    "latestVersion": 2,
    "alwaysLatest": 0,
    "createTime": "2021-08-09T07:07:40.000Z",
    "lastUpdateTime": "2021-08-10T06:18:09.000Z",
    "auth": 2,
    "uid": "obd-ojd2pnXiDOXnymtk7zIPKaY7NT0mkE9",
    "publishedVersion": 0,
    "forkFrom": "-",
    "isSpam": 0,
    "version": 2,
    "parentVersion": 1,
    "echartsVersion": "5.1.2",
    "versionCreateTime": "2021-08-10T06:18:09.000Z",
    "html": "",
    "externalScripts": "",
    "updaterUID": "obd-ojd2pnXiDOXnymtk7zIPKaY7NT0mkE9",
    "theme": "",
    "layout": "",
    "viewCount": 0,
    "userName": "哎***呀",
    "commentCount": 0,
    "starCount": 2,
    "isStared": 0,
    "thumbnailURL": "https://www.makeapie.com/ecg-storage/ec_gallery_thumbnail/xVkb54RYqf.png?v=1628576289745",
    "isCustomThumbnail": 0,
    "builtinTags": [
        "category-work",
        "polar",
        "series-bar",
        "title"
    ],
    "customTags": [],
    "updaterUserName": "哎***呀"
}