{
    "cid": "xZJvDY42My",
    "authorUid": "obd-oD9FCc4NR89ijNHAVy-9WQl6n796_1J",
    "authorUserName": "b***英",
    "title": "横向柱状图",
    "description": "",
    "latestVersion": 1,
    "alwaysLatest": 0,
    "createTime": "2021-08-10T03:25:27.000Z",
    "lastUpdateTime": "2021-08-10T03:25:27.000Z",
    "auth": 2,
    "uid": "obd-oD9FCc4NR89ijNHAVy-9WQl6n796_1J",
    "publishedVersion": 0,
    "forkFrom": "-",
    "isSpam": 0,
    "version": 1,
    "parentVersion": -1,
    "echartsVersion": "5.1.2",
    "versionCreateTime": "2021-08-10T03:25:27.000Z",
    "html": "",
    "externalScripts": "",
    "updaterUID": "obd-oD9FCc4NR89ijNHAVy-9WQl6n796_1J",
    "theme": "",
    "layout": "",
    "viewCount": 0,
    "userName": "b***英",
    "commentCount": 0,
    "starCount": 1,
    "isStared": 0,
    "thumbnailURL": "https://www.makeapie.com/ecg-storage/ec_gallery_thumbnail/xZJvDY42My.png?v=1628565927550",
    "isCustomThumbnail": 0,
    "builtinTags": [
        "category-work",
        "grid",
        "series-bar",
        "tooltip"
    ],
    "customTags": [],
    "updaterUserName": "b***英"
}