{
    "cid": "x02yMqYpqC",
    "authorUid": "obd-olnA-xp5BAJ2mYQBxzgmWxw7wQfHP07",
    "authorUserName": "电***n",
    "title": "美国疫情地图",
    "description": "地图数据来源于官方样例，参考：https://gallery.echartsjs.com/editor.html?c=x0dK5jItt",
    "latestVersion": 1,
    "alwaysLatest": 1,
    "createTime": "2020-06-29T05:30:33.000Z",
    "lastUpdateTime": "2020-06-29T05:30:33.000Z",
    "auth": 2,
    "uid": "obd-olnA-xp5BAJ2mYQBxzgmWxw7wQfHP07",
    "publishedVersion": 0,
    "forkFrom": "-",
    "isSpam": 0,
    "version": 1,
    "parentVersion": -1,
    "echartsVersion": "4.8.0",
    "versionCreateTime": "2020-06-29T05:30:33.000Z",
    "html": "",
    "externalScripts": "",
    "updaterUID": "obd-olnA-xp5BAJ2mYQBxzgmWxw7wQfHP07",
    "theme": "",
    "layout": "",
    "viewCount": 2741,
    "userName": "电***n",
    "commentCount": 0,
    "starCount": 10,
    "isStared": 0,
    "thumbnailURL": "https://www.makeapie.com/ecg-storage/ec_gallery_thumbnail/x02yMqYpqC.png?v=1593408634132",
    "isCustomThumbnail": 0,
    "builtinTags": [
        "category-work",
        "geo",
        "grid",
        "series-bar",
        "series-map",
        "timeline",
        "title",
        "tooltip",
        "visualMap"
    ],
    "customTags": [],
    "updaterUserName": "电***n"
}