{
    "cid": "x1KKWSMdjg",
    "authorUid": "bd-1991272748",
    "authorUserName": "圪***哔",
    "title": "半圆",
    "description": "半圆的占比， 数据什么的没列出来 得自行控制渲染然后叠加",
    "latestVersion": 1,
    "alwaysLatest": 1,
    "createTime": "2020-06-30T05:38:02.000Z",
    "lastUpdateTime": "2020-06-30T05:38:02.000Z",
    "auth": 1,
    "uid": "bd-1991272748",
    "publishedVersion": 0,
    "forkFrom": "-",
    "isSpam": 0,
    "version": 1,
    "parentVersion": -1,
    "echartsVersion": "4.8.0",
    "versionCreateTime": "2020-06-30T05:38:02.000Z",
    "html": "",
    "externalScripts": "",
    "updaterUID": "bd-1991272748",
    "theme": "",
    "layout": "",
    "viewCount": 144,
    "userName": "圪***哔",
    "commentCount": 0,
    "starCount": 0,
    "isStared": 0,
    "thumbnailURL": "https://www.makeapie.com/ecg-storage/ec_gallery_thumbnail/x1KKWSMdjg.png?v=1593495483089",
    "isCustomThumbnail": 0,
    "builtinTags": [
        "category-work",
        "series-pie",
        "title"
    ],
    "customTags": [],
    "updaterUserName": "圪***哔"
}