{
    "cid": "xcp3S_Xn4i",
    "authorUid": "bd-3660930699",
    "authorUserName": "一***乱",
    "title": "彩虹旭日图",
    "description": "对任意树结构对象计算出颜色",
    "latestVersion": 2,
    "alwaysLatest": 1,
    "createTime": "2020-06-29T09:57:11.000Z",
    "lastUpdateTime": "2020-06-29T09:57:11.000Z",
    "auth": 2,
    "uid": "bd-3660930699",
    "publishedVersion": 0,
    "forkFrom": "-",
    "isSpam": 0,
    "version": 2,
    "parentVersion": 1,
    "echartsVersion": "4.8.0",
    "versionCreateTime": "2020-06-30T02:35:10.000Z",
    "html": "",
    "externalScripts": "",
    "updaterUID": "bd-3660930699",
    "theme": "",
    "layout": "",
    "viewCount": 85,
    "userName": "一***乱",
    "commentCount": 0,
    "starCount": 1,
    "isStared": 0,
    "thumbnailURL": "https://www.makeapie.com/ecg-storage/ec_gallery_thumbnail/xcp3S_Xn4i.png?v=1593484510907",
    "isCustomThumbnail": 0,
    "builtinTags": [
        "category-work",
        "series-sunburst"
    ],
    "customTags": [],
    "updaterUserName": "一***乱"
}