{
    "cid": "xCZqoiOO5Z",
    "authorUid": "bd-1991272748",
    "authorUserName": "圪***哔",
    "title": "渐变 圆角  横向",
    "description": "横向柱子 渐变 name 调整 圆角 xy轴控制",
    "latestVersion": 1,
    "alwaysLatest": 1,
    "createTime": "2020-06-30T05:25:40.000Z",
    "lastUpdateTime": "2020-06-30T05:25:40.000Z",
    "auth": 1,
    "uid": "bd-1991272748",
    "publishedVersion": 0,
    "forkFrom": "-",
    "isSpam": 0,
    "version": 1,
    "parentVersion": -1,
    "echartsVersion": "4.8.0",
    "versionCreateTime": "2020-06-30T05:25:40.000Z",
    "html": "",
    "externalScripts": "",
    "updaterUID": "bd-1991272748",
    "theme": "",
    "layout": "",
    "viewCount": 64,
    "userName": "圪***哔",
    "commentCount": 0,
    "starCount": 0,
    "isStared": 0,
    "thumbnailURL": "https://www.makeapie.com/ecg-storage/ec_gallery_thumbnail/xCZqoiOO5Z.png?v=1593494740402",
    "isCustomThumbnail": 0,
    "builtinTags": [
        "category-work",
        "grid",
        "series-bar",
        "title",
        "tooltip"
    ],
    "customTags": [],
    "updaterUserName": "圪***哔"
}