{
    "cid": "xfhrY126cr",
    "authorUid": "obd-oDTaF2vy3VNVoyv3Zu3b2aLmrwG-C11",
    "authorUserName": "J***3",
    "title": "利用柱状图画直方图",
    "description": "多个series重叠",
    "latestVersion": 5,
    "alwaysLatest": 1,
    "createTime": "2020-06-30T08:18:14.000Z",
    "lastUpdateTime": "2020-06-30T08:18:14.000Z",
    "auth": 2,
    "uid": "obd-oDTaF2vy3VNVoyv3Zu3b2aLmrwG-C11",
    "publishedVersion": 0,
    "forkFrom": "-",
    "isSpam": 0,
    "version": 5,
    "parentVersion": 4,
    "echartsVersion": "4.8.0",
    "versionCreateTime": "2020-08-31T03:26:14.000Z",
    "html": "",
    "externalScripts": "https://echarts.baidu.com/resource/echarts-stat-latest/dist/ecStat.min.js",
    "updaterUID": "obd-oDTaF2vy3VNVoyv3Zu3b2aLmrwG-C11",
    "theme": "",
    "layout": "",
    "viewCount": 87,
    "userName": "J***3",
    "commentCount": 0,
    "starCount": 0,
    "isStared": 0,
    "thumbnailURL": "https://www.makeapie.com/ecg-storage/ec_gallery_thumbnail/xfhrY126cr.png?v=1598844374867",
    "isCustomThumbnail": 0,
    "builtinTags": [
        "category-work",
        "grid",
        "series-bar",
        "series-line",
        "tooltip"
    ],
    "customTags": [],
    "updaterUserName": "J***3"
}