{
    "cid": "xg4AK5BqX1",
    "authorUid": "bd-2399318835",
    "authorUserName": "1***5",
    "title": "百度指数-需求图谱",
    "description": "https://index.baidu.com/v2/main/index.html#/demand/%E6%99%BA%E8%83%BD%E5%AE%B6%E5%B1%85?words=%E6%99%BA%E8%83%BD%E5%AE%B6%E5%B1%85",
    "latestVersion": 4,
    "alwaysLatest": 1,
    "createTime": "2020-06-30T05:18:43.000Z",
    "lastUpdateTime": "2020-06-30T05:18:43.000Z",
    "auth": 2,
    "uid": "bd-2399318835",
    "publishedVersion": 0,
    "forkFrom": "-",
    "isSpam": 0,
    "version": 4,
    "parentVersion": 3,
    "echartsVersion": "4.8.0",
    "versionCreateTime": "2020-06-30T10:15:04.000Z",
    "html": "",
    "externalScripts": "",
    "updaterUID": "bd-2399318835",
    "theme": "",
    "layout": "",
    "viewCount": 218,
    "userName": "1***5",
    "commentCount": 0,
    "starCount": 0,
    "isStared": 0,
    "thumbnailURL": "https://www.makeapie.com/ecg-storage/ec_gallery_thumbnail/xg4AK5BqX1.png?v=1593512104475",
    "isCustomThumbnail": 0,
    "builtinTags": [
        "category-work",
        "legend",
        "polar",
        "series-scatter",
        "timeline",
        "title",
        "tooltip"
    ],
    "customTags": [],
    "updaterUserName": "1***5"
}