{
    "cid": "xGM73B8mNg",
    "authorUid": "bd-1192091434",
    "authorUserName": "s***2",
    "title": "axis time formatter",
    "description": "",
    "latestVersion": 3,
    "alwaysLatest": 1,
    "createTime": "2020-06-28T13:01:37.000Z",
    "lastUpdateTime": "2020-06-28T13:01:37.000Z",
    "auth": 2,
    "uid": "bd-1192091434",
    "publishedVersion": 0,
    "forkFrom": "-",
    "isSpam": 0,
    "version": 3,
    "parentVersion": 2,
    "echartsVersion": "4.8.0",
    "versionCreateTime": "2020-06-28T13:50:38.000Z",
    "html": "",
    "externalScripts": "",
    "updaterUID": "bd-1192091434",
    "theme": "",
    "layout": "",
    "viewCount": 252,
    "userName": "s***2",
    "commentCount": 0,
    "starCount": 1,
    "isStared": 0,
    "thumbnailURL": "https://www.makeapie.com/ecg-storage/ec_gallery_thumbnail/xGM73B8mNg.png?v=1593352238901",
    "isCustomThumbnail": 0,
    "builtinTags": [
        "category-work",
        "dataZoom",
        "grid",
        "series-line",
        "title",
        "tooltip"
    ],
    "customTags": [],
    "updaterUserName": "s***2"
}