{
    "cid": "xH4dIg05tn",
    "authorUid": "obd-oNbDPm7-pQX--FSr0CBXDx_RVhIVwC0",
    "authorUserName": "善***c",
    "title": "关系",
    "description": "",
    "latestVersion": 1,
    "alwaysLatest": 1,
    "createTime": "2020-06-29T09:20:09.000Z",
    "lastUpdateTime": "2020-06-29T09:20:09.000Z",
    "auth": 2,
    "uid": "obd-oNbDPm7-pQX--FSr0CBXDx_RVhIVwC0",
    "publishedVersion": 0,
    "forkFrom": "-",
    "isSpam": 0,
    "version": 1,
    "parentVersion": -1,
    "echartsVersion": "4.8.0",
    "versionCreateTime": "2020-06-29T09:20:09.000Z",
    "html": "",
    "externalScripts": "",
    "updaterUID": "obd-oNbDPm7-pQX--FSr0CBXDx_RVhIVwC0",
    "theme": "",
    "layout": "",
    "viewCount": 750,
    "userName": "善***c",
    "commentCount": 0,
    "starCount": 0,
    "isStared": 0,
    "thumbnailURL": "https://www.makeapie.com/ecg-storage/ec_gallery_thumbnail/xH4dIg05tn.png?v=1593422409583",
    "isCustomThumbnail": 0,
    "builtinTags": [
        "category-work",
        "series-graph",
        "tooltip"
    ],
    "customTags": [],
    "updaterUserName": "善***c"
}