{
    "cid": "xIMNmbim7m",
    "authorUid": "obd-o-WSxtW8i10muVN-fGvypxP_ZFl9SAL",
    "authorUserName": "j***g",
    "title": "时间坐标轴+自定义渲染",
    "description": "",
    "latestVersion": 2,
    "alwaysLatest": 1,
    "createTime": "2020-06-29T07:06:05.000Z",
    "lastUpdateTime": "2020-06-29T07:06:05.000Z",
    "auth": 1,
    "uid": "obd-o-WSxtW8i10muVN-fGvypxP_ZFl9SAL",
    "publishedVersion": 0,
    "forkFrom": "-",
    "isSpam": 0,
    "version": 2,
    "parentVersion": 1,
    "echartsVersion": "4.8.0",
    "versionCreateTime": "2020-06-29T07:06:22.000Z",
    "html": "",
    "externalScripts": "",
    "updaterUID": "obd-o-WSxtW8i10muVN-fGvypxP_ZFl9SAL",
    "theme": "",
    "layout": "",
    "viewCount": 463,
    "userName": "j***g",
    "commentCount": 0,
    "starCount": 3,
    "isStared": 0,
    "thumbnailURL": "https://www.makeapie.com/ecg-storage/ec_gallery_thumbnail/xIMNmbim7m.png?v=1593414382116",
    "isCustomThumbnail": 0,
    "builtinTags": [
        "category-work",
        "dataZoom",
        "grid",
        "series-custom",
        "title"
    ],
    "customTags": [],
    "updaterUserName": "j***g"
}