{
    "cid": "xlyn7vPZr5",
    "authorUid": "obd-oCvchGapFZRJsAV1ASDgSrYx2Aqx13P",
    "authorUserName": "勤***王",
    "title": "各年级课堂互动情况分析",
    "description": "",
    "latestVersion": 1,
    "alwaysLatest": 1,
    "createTime": "2020-06-30T08:57:37.000Z",
    "lastUpdateTime": "2020-06-30T08:57:37.000Z",
    "auth": 2,
    "uid": "obd-oCvchGapFZRJsAV1ASDgSrYx2Aqx13P",
    "publishedVersion": 0,
    "forkFrom": "-",
    "isSpam": 0,
    "version": 1,
    "parentVersion": -1,
    "echartsVersion": "4.8.0",
    "versionCreateTime": "2020-06-30T08:57:37.000Z",
    "html": "",
    "externalScripts": "",
    "updaterUID": "obd-oCvchGapFZRJsAV1ASDgSrYx2Aqx13P",
    "theme": "",
    "layout": "",
    "viewCount": 1446,
    "userName": "勤***王",
    "commentCount": 0,
    "starCount": 10,
    "isStared": 0,
    "thumbnailURL": "https://www.makeapie.com/ecg-storage/ec_gallery_thumbnail/xlyn7vPZr5.png?v=1593507457679",
    "isCustomThumbnail": 0,
    "builtinTags": [
        "category-work",
        "legend",
        "radar",
        "series-radar",
        "title",
        "tooltip"
    ],
    "customTags": [],
    "updaterUserName": "勤***王"
}