{
    "cid": "xMr8hVyOvZ",
    "authorUid": "obd-olnA-xp5BAJ2mYQBxzgmWxw7wQfHP07",
    "authorUserName": "电***n",
    "title": "世界疫情分布情况图（多级联动）",
    "description": "参考了：echarts 进阶之同心扇形图多级联动 https://cloud.tencent.com/developer/article/1041033",
    "latestVersion": 1,
    "alwaysLatest": 1,
    "createTime": "2020-06-29T05:05:33.000Z",
    "lastUpdateTime": "2020-06-29T05:05:33.000Z",
    "auth": 2,
    "uid": "obd-olnA-xp5BAJ2mYQBxzgmWxw7wQfHP07",
    "publishedVersion": 0,
    "forkFrom": "-",
    "isSpam": 0,
    "version": 1,
    "parentVersion": -1,
    "echartsVersion": "4.8.0",
    "versionCreateTime": "2020-06-29T05:05:33.000Z",
    "html": "",
    "externalScripts": "",
    "updaterUID": "obd-olnA-xp5BAJ2mYQBxzgmWxw7wQfHP07",
    "theme": "",
    "layout": "",
    "viewCount": 299,
    "userName": "电***n",
    "commentCount": 0,
    "starCount": 2,
    "isStared": 0,
    "thumbnailURL": "https://www.makeapie.com/ecg-storage/ec_gallery_thumbnail/xMr8hVyOvZ.png?v=1593407133834",
    "isCustomThumbnail": 0,
    "builtinTags": [
        "category-work",
        "graphic",
        "legend",
        "series-pie",
        "tooltip"
    ],
    "customTags": [],
    "updaterUserName": "电***n"
}