{
    "cid": "xNg2fay_Nz",
    "authorUid": "obd-o2PaPPE30NU7tCSDrdC4WHStWnH1i6v",
    "authorUserName": "z***t",
    "title": "长沙市",
    "description": "各区县",
    "latestVersion": 3,
    "alwaysLatest": 1,
    "createTime": "2020-06-30T15:40:34.000Z",
    "lastUpdateTime": "2020-06-30T15:40:34.000Z",
    "auth": 2,
    "uid": "obd-o2PaPPE30NU7tCSDrdC4WHStWnH1i6v",
    "publishedVersion": 0,
    "forkFrom": "-",
    "isSpam": 0,
    "version": 3,
    "parentVersion": 1,
    "echartsVersion": "4.8.0",
    "versionCreateTime": "2020-07-05T07:35:17.000Z",
    "html": "",
    "externalScripts": "https://echarts.baidu.com/resource/echarts-gl-latest/dist/echarts-gl.min.js,https://gallery.echartsjs.com/asset/get/s/data-1566970916860-cwFZaRQbO.js,https://cdn.jsdelivr.net/npm/echarts@4.8.0/map/js/province/hunan.js,https://raw.githubusercontent.com/apache/incubator-echarts/4.8.0/dist/echarts.js,http://code.jquery.com/jquery-2.1.1.min.js",
    "updaterUID": "obd-o2PaPPE30NU7tCSDrdC4WHStWnH1i6v",
    "theme": "",
    "layout": "",
    "viewCount": 445,
    "userName": "z***t",
    "commentCount": 0,
    "starCount": 1,
    "isStared": 0,
    "thumbnailURL": "https://www.makeapie.com/ecg-storage/ec_gallery_thumbnail/xNg2fay_Nz.png?v=1593934517304",
    "isCustomThumbnail": 0,
    "builtinTags": [
        "category-work",
        "series-map",
        "title",
        "toolbox",
        "tooltip",
        "visualMap"
    ],
    "customTags": [],
    "updaterUserName": "z***t"
}