{
    "cid": "xu4KhpQG6G",
    "authorUid": "obd-oNZD4a4GgsfLbWZPB340nlVKeEm1yCh",
    "authorUserName": "Y***蛋",
    "title": "东莞网格",
    "description": "测试",
    "latestVersion": 3,
    "alwaysLatest": 1,
    "createTime": "2020-07-01T03:04:45.000Z",
    "lastUpdateTime": "2020-07-01T03:04:45.000Z",
    "auth": 2,
    "uid": "obd-oNZD4a4GgsfLbWZPB340nlVKeEm1yCh",
    "publishedVersion": 0,
    "forkFrom": "-",
    "isSpam": 0,
    "version": 3,
    "parentVersion": 2,
    "echartsVersion": "4.8.0",
    "versionCreateTime": "2020-07-01T07:04:48.000Z",
    "html": "",
    "externalScripts": "",
    "updaterUID": "obd-oNZD4a4GgsfLbWZPB340nlVKeEm1yCh",
    "theme": "",
    "layout": "",
    "viewCount": 244,
    "userName": "Y***蛋",
    "commentCount": 0,
    "starCount": 2,
    "isStared": 0,
    "thumbnailURL": "https://www.makeapie.com/ecg-storage/ec_gallery_thumbnail/xu4KhpQG6G.png?v=1593587088601",
    "isCustomThumbnail": 0,
    "builtinTags": [
        "category-work",
        "geo"
    ],
    "customTags": [],
    "updaterUserName": "Y***蛋"
}