{
    "cid": "x_EZFpk0mM",
    "authorUid": "obd-oj4TOdT_q_TeSA5nXFBYEWcbkjELtDf",
    "authorUserName": "哭***人",
    "title": "",
    "description": "环状图",
    "latestVersion": 3,
    "alwaysLatest": 1,
    "createTime": "2020-09-17T12:20:53.000Z",
    "lastUpdateTime": "2020-09-17T12:20:53.000Z",
    "auth": 2,
    "uid": "obd-oj4TOdT_q_TeSA5nXFBYEWcbkjELtDf",
    "publishedVersion": 0,
    "forkFrom": "-",
    "isSpam": 0,
    "version": 3,
    "parentVersion": 2,
    "echartsVersion": "4.8.0",
    "versionCreateTime": "2020-09-17T12:36:09.000Z",
    "html": "",
    "externalScripts": "",
    "updaterUID": "obd-oj4TOdT_q_TeSA5nXFBYEWcbkjELtDf",
    "theme": "",
    "layout": "",
    "viewCount": 1670,
    "userName": "哭***人",
    "commentCount": 0,
    "starCount": 7,
    "isStared": 0,
    "thumbnailURL": "https://www.makeapie.com/ecg-storage/ec_gallery_thumbnail/x_EZFpk0mM.png?v=1600346169331",
    "isCustomThumbnail": 0,
    "builtinTags": [
        "category-work",
        "graphic",
        "legend",
        "series-pie",
        "tooltip"
    ],
    "customTags": [],
    "updaterUserName": "哭***人"
}