{
    "cid": "xbj-g14JXc",
    "authorUid": "bd-3210346019",
    "authorUserName": "无***武",
    "title": "折线中点绘制箭头",
    "description": "折线中点绘制箭头",
    "latestVersion": 1,
    "alwaysLatest": 1,
    "createTime": "2020-09-17T07:53:27.000Z",
    "lastUpdateTime": "2020-09-17T07:53:27.000Z",
    "auth": 1,
    "uid": "bd-3210346019",
    "publishedVersion": 0,
    "forkFrom": "-",
    "isSpam": 0,
    "version": 1,
    "parentVersion": -1,
    "echartsVersion": "4.8.0",
    "versionCreateTime": "2020-09-17T07:53:27.000Z",
    "html": "",
    "externalScripts": "",
    "updaterUID": "bd-3210346019",
    "theme": "",
    "layout": "",
    "viewCount": 39,
    "userName": "无***武",
    "commentCount": 0,
    "starCount": 1,
    "isStared": 0,
    "thumbnailURL": "https://www.makeapie.com/ecg-storage/ec_gallery_thumbnail/xbj-g14JXc.png?v=1600329207809",
    "isCustomThumbnail": 0,
    "builtinTags": [
        "category-work",
        "grid",
        "series-line",
        "title"
    ],
    "customTags": [],
    "updaterUserName": "无***武"
}