{
    "cid": "xD3QcX2xcX",
    "authorUid": "obd-o2CyGYfPgfPWamqoPHaFZ02rb6MpeBz",
    "authorUserName": "我***奥",
    "title": "花瓣饼图",
    "description": "显示比率大小",
    "latestVersion": 2,
    "alwaysLatest": 1,
    "createTime": "2020-09-18T08:38:00.000Z",
    "lastUpdateTime": "2020-09-18T08:38:00.000Z",
    "auth": 2,
    "uid": "obd-o2CyGYfPgfPWamqoPHaFZ02rb6MpeBz",
    "publishedVersion": 0,
    "forkFrom": "-",
    "isSpam": 0,
    "version": 2,
    "parentVersion": 1,
    "echartsVersion": "4.8.0",
    "versionCreateTime": "2020-09-18T08:40:28.000Z",
    "html": "",
    "externalScripts": "",
    "updaterUID": "obd-o2CyGYfPgfPWamqoPHaFZ02rb6MpeBz",
    "theme": "",
    "layout": "",
    "viewCount": 881,
    "userName": "我***奥",
    "commentCount": 0,
    "starCount": 8,
    "isStared": 0,
    "thumbnailURL": "https://www.makeapie.com/ecg-storage/ec_gallery_thumbnail/xD3QcX2xcX.png?v=1600418428505",
    "isCustomThumbnail": 0,
    "builtinTags": [
        "category-work",
        "grid",
        "legend",
        "series-pie",
        "title",
        "toolbox",
        "tooltip"
    ],
    "customTags": [],
    "updaterUserName": "我***奥"
}