{
    "cid": "xK4VC5FMyM",
    "authorUid": "obd-ojGzlc1WQUJsK4QHNR1rN9WDZ_ZotEL",
    "authorUserName": "盖***_",
    "title": "123",
    "description": "",
    "latestVersion": 4,
    "alwaysLatest": 1,
    "createTime": "2020-09-17T12:43:12.000Z",
    "lastUpdateTime": "2020-09-17T12:43:12.000Z",
    "auth": 2,
    "uid": "obd-ojGzlc1WQUJsK4QHNR1rN9WDZ_ZotEL",
    "publishedVersion": 0,
    "forkFrom": "-",
    "isSpam": 0,
    "version": 4,
    "parentVersion": 3,
    "echartsVersion": "4.8.0",
    "versionCreateTime": "2020-09-18T01:53:58.000Z",
    "html": "",
    "externalScripts": "/dep/echarts/map/js/china.js",
    "updaterUID": "obd-ojGzlc1WQUJsK4QHNR1rN9WDZ_ZotEL",
    "theme": "",
    "layout": "",
    "viewCount": 58,
    "userName": "盖***_",
    "commentCount": 0,
    "starCount": 0,
    "isStared": 0,
    "thumbnailURL": "https://www.makeapie.com/ecg-storage/ec_gallery_thumbnail/xK4VC5FMyM.png?v=1600394038906",
    "isCustomThumbnail": 0,
    "builtinTags": [
        "category-work",
        "geo",
        "legend",
        "series-scatter",
        "tooltip",
        "visualMap"
    ],
    "customTags": [],
    "updaterUserName": "盖***_"
}