{
    "cid": "xNEqTU2Ls7",
    "authorUid": "obd-oj4TOdT_q_TeSA5nXFBYEWcbkjELtDf",
    "authorUserName": "哭***人",
    "title": "Awesome Chart",
    "description": "多彩条形图",
    "latestVersion": 1,
    "alwaysLatest": 1,
    "createTime": "2020-09-17T09:47:08.000Z",
    "lastUpdateTime": "2020-09-17T09:47:08.000Z",
    "auth": 2,
    "uid": "obd-oj4TOdT_q_TeSA5nXFBYEWcbkjELtDf",
    "publishedVersion": 0,
    "forkFrom": "-",
    "isSpam": 0,
    "version": 1,
    "parentVersion": -1,
    "echartsVersion": "4.8.0",
    "versionCreateTime": "2020-09-17T09:47:08.000Z",
    "html": "",
    "externalScripts": "",
    "updaterUID": "obd-oj4TOdT_q_TeSA5nXFBYEWcbkjELtDf",
    "theme": "",
    "layout": "",
    "viewCount": 24,
    "userName": "哭***人",
    "commentCount": 0,
    "starCount": 0,
    "isStared": 0,
    "thumbnailURL": "https://www.makeapie.com/ecg-storage/ec_gallery_thumbnail/xNEqTU2Ls7.png?v=1600336028819",
    "isCustomThumbnail": 0,
    "builtinTags": [
        "category-work",
        "grid",
        "series-line",
        "title"
    ],
    "customTags": [],
    "updaterUserName": "哭***人"
}