{
    "cid": "xRIT0tfI5X",
    "authorUid": "bd-3613795525",
    "authorUserName": "F***0",
    "title": "",
    "description": "",
    "latestVersion": 2,
    "alwaysLatest": 1,
    "createTime": "2020-09-17T07:15:25.000Z",
    "lastUpdateTime": "2020-09-17T07:15:25.000Z",
    "auth": 2,
    "uid": "bd-3613795525",
    "publishedVersion": 0,
    "forkFrom": "-",
    "isSpam": 0,
    "version": 2,
    "parentVersion": 1,
    "echartsVersion": "4.8.0",
    "versionCreateTime": "2020-09-17T08:11:43.000Z",
    "html": "",
    "externalScripts": "",
    "updaterUID": "bd-3613795525",
    "theme": "",
    "layout": "",
    "viewCount": 145,
    "userName": "F***0",
    "commentCount": 0,
    "starCount": 0,
    "isStared": 0,
    "thumbnailURL": "https://www.makeapie.com/ecg-storage/ec_gallery_thumbnail/xRIT0tfI5X.png?v=1600330303241",
    "isCustomThumbnail": 0,
    "builtinTags": [
        "category-work",
        "grid",
        "series-bar",
        "timeline"
    ],
    "customTags": [],
    "updaterUserName": "F***0"
}