{
    "cid": "xwme6SYXmQ",
    "authorUid": "bd-1731291088",
    "authorUserName": "走***a",
    "title": "象形柱图",
    "description": "",
    "latestVersion": 3,
    "alwaysLatest": 1,
    "createTime": "2020-09-18T03:05:15.000Z",
    "lastUpdateTime": "2020-09-18T03:05:15.000Z",
    "auth": 2,
    "uid": "bd-1731291088",
    "publishedVersion": 0,
    "forkFrom": "-",
    "isSpam": 0,
    "version": 3,
    "parentVersion": 2,
    "echartsVersion": "4.8.0",
    "versionCreateTime": "2020-09-18T03:31:40.000Z",
    "html": "",
    "externalScripts": "",
    "updaterUID": "bd-1731291088",
    "theme": "",
    "layout": "",
    "viewCount": 33,
    "userName": "走***a",
    "commentCount": 0,
    "starCount": 2,
    "isStared": 0,
    "thumbnailURL": "https://www.makeapie.com/ecg-storage/ec_gallery_thumbnail/xwme6SYXmQ.png?v=1600399900146",
    "isCustomThumbnail": 0,
    "builtinTags": [
        "category-work",
        "grid",
        "series-pictorialBar"
    ],
    "customTags": [],
    "updaterUserName": "走***a"
}