{
    "cid": "x7UGQ1zx5p",
    "authorUid": "bd-1515649092",
    "authorUserName": "可***字",
    "title": "",
    "description": "纯属虚构",
    "latestVersion": 2,
    "alwaysLatest": 1,
    "createTime": "2019-01-17T03:18:23.000Z",
    "lastUpdateTime": "2019-01-17T03:18:23.000Z",
    "auth": 2,
    "uid": "bd-1515649092",
    "publishedVersion": 0,
    "forkFrom": "-",
    "isSpam": 0,
    "version": 2,
    "parentVersion": 1,
    "echartsVersion": "4.2.0",
    "versionCreateTime": "2019-01-18T03:20:43.000Z",
    "html": "",
    "externalScripts": "",
    "updaterUID": "bd-1515649092",
    "theme": "",
    "layout": "",
    "viewCount": 29296,
    "userName": "可***字",
    "commentCount": 1,
    "starCount": 94,
    "isStared": 0,
    "thumbnailURL": "https://www.makeapie.com/ecg-storage/ec_gallery_thumbnail/x7UGQ1zx5p.png?v=1547781643606",
    "isCustomThumbnail": 0,
    "builtinTags": [
        "category-work",
        "legend",
        "series-pie",
        "title",
        "tooltip"
    ],
    "customTags": [],
    "updaterUserName": "可***字"
}