{
    "cid": "x_Tit8c-NN",
    "authorUid": "obd-oN7FqF-9Av8qCnY1JOwg9ZEy-T3l_Cf",
    "authorUserName": "Y***n",
    "title": "旋转饼图",
    "description": "",
    "latestVersion": 1,
    "alwaysLatest": 0,
    "createTime": "2021-11-24T09:09:46.000Z",
    "lastUpdateTime": "2021-11-24T09:09:46.000Z",
    "auth": 2,
    "uid": "obd-oN7FqF-9Av8qCnY1JOwg9ZEy-T3l_Cf",
    "publishedVersion": 0,
    "forkFrom": "-",
    "isSpam": 0,
    "version": 1,
    "parentVersion": -1,
    "echartsVersion": "5.2.2",
    "versionCreateTime": "2021-11-24T09:09:46.000Z",
    "html": "",
    "externalScripts": "",
    "updaterUID": "obd-oN7FqF-9Av8qCnY1JOwg9ZEy-T3l_Cf",
    "theme": "",
    "layout": "",
    "viewCount": 0,
    "userName": "Y***n",
    "commentCount": 0,
    "starCount": 22,
    "isStared": 0,
    "thumbnailURL": "https://www.makeapie.com/ecg-storage/ec_gallery_thumbnail/x_Tit8c-NN.png?v=1637744986770",
    "isCustomThumbnail": 0,
    "builtinTags": [
        "category-work",
        "legend",
        "series-custom",
        "series-pie"
    ],
    "customTags": [],
    "updaterUserName": "Y***n"
}