{
    "cid": "xBkS-KMvQQ",
    "authorUid": "bd-2459271525",
    "authorUserName": "柳***6",
    "title": "水平柱图",
    "description": "",
    "latestVersion": 2,
    "alwaysLatest": 1,
    "createTime": "2018-07-14T06:32:29.000Z",
    "lastUpdateTime": "2018-07-14T06:32:29.000Z",
    "auth": 2,
    "uid": "bd-2459271525",
    "publishedVersion": 0,
    "forkFrom": "-",
    "isSpam": 0,
    "version": 2,
    "parentVersion": 1,
    "echartsVersion": "4.1.0",
    "versionCreateTime": "2018-08-30T02:20:26.000Z",
    "html": "",
    "externalScripts": "",
    "updaterUID": "bd-2459271525",
    "theme": "",
    "layout": "",
    "viewCount": 30353,
    "userName": "柳***6",
    "commentCount": 1,
    "starCount": 136,
    "isStared": 0,
    "thumbnailURL": "https://www.makeapie.com/ecg-storage/ec_gallery_thumbnail/xBkS-KMvQQ.png?v=1535595626524",
    "isCustomThumbnail": 0,
    "builtinTags": [
        "category-work",
        "grid",
        "series-bar"
    ],
    "customTags": [],
    "updaterUserName": "柳***6"
}