{
    "cid": "xBkVnciA0b",
    "authorUid": "bd-3540529313",
    "authorUserName": "c***3",
    "title": "江西省 - “绿色金融”",
    "description": "江西省 - “绿色金融”",
    "latestVersion": 6,
    "alwaysLatest": 1,
    "createTime": "2017-11-07T03:38:20.000Z",
    "lastUpdateTime": "2017-11-07T03:38:20.000Z",
    "auth": 2,
    "uid": "bd-3540529313",
    "publishedVersion": 0,
    "forkFrom": "-",
    "isSpam": 0,
    "version": 6,
    "parentVersion": 5,
    "echartsVersion": "3.7.2",
    "versionCreateTime": "2017-11-07T04:55:30.000Z",
    "html": "",
    "externalScripts": "",
    "updaterUID": "bd-3540529313",
    "theme": "",
    "layout": "",
    "viewCount": 71326,
    "userName": "c***3",
    "commentCount": 32,
    "starCount": 168,
    "isStared": 0,
    "thumbnailURL": "https://www.makeapie.com/ecg-storage/ec_gallery_thumbnail/xBkVnciA0b.png?v=1510030530708",
    "isCustomThumbnail": 0,
    "builtinTags": [
        "category-work",
        "geo",
        "legend",
        "series-effectScatter",
        "series-map",
        "series-scatter",
        "title",
        "tooltip",
        "visualMap"
    ],
    "customTags": [
        "effectScatter",
        "geo",
        "geoindex",
        "legend",
        "map",
        "roam",
        "scatter",
        "seriesIndex",
        "visualMap",
        "江西省"
    ],
    "updaterUserName": "c***3"
}