{
    "cid": "xBR0Q2QDiH",
    "authorUid": "bd-1499308274",
    "authorUserName": "安***贡",
    "title": "多线图，定时刷新",
    "description": "数据无变化时，刷新效果",
    "latestVersion": 1,
    "alwaysLatest": 1,
    "createTime": "2019-01-21T08:34:37.000Z",
    "lastUpdateTime": "2019-01-21T08:34:37.000Z",
    "auth": 2,
    "uid": "bd-1499308274",
    "publishedVersion": 0,
    "forkFrom": "-",
    "isSpam": 0,
    "version": 1,
    "parentVersion": -1,
    "echartsVersion": "4.2.0",
    "versionCreateTime": "2019-01-21T08:34:37.000Z",
    "html": "",
    "externalScripts": "",
    "updaterUID": "bd-1499308274",
    "theme": "",
    "layout": "",
    "viewCount": 39193,
    "userName": "安***贡",
    "commentCount": 2,
    "starCount": 96,
    "isStared": 0,
    "thumbnailURL": "https://www.makeapie.com/ecg-storage/ec_gallery_thumbnail/xBR0Q2QDiH.png?v=1548059678032",
    "isCustomThumbnail": 0,
    "builtinTags": [
        "category-work",
        "grid",
        "legend",
        "markLine",
        "series-line",
        "tooltip"
    ],
    "customTags": [],
    "updaterUserName": "安***贡"
}