{
    "cid": "xDeQtSoqVB",
    "authorUid": "bd-1159505145",
    "authorUserName": "s***汰",
    "title": "需求图谱",
    "description": "模拟百度指数的需求图谱",
    "latestVersion": 2,
    "alwaysLatest": 1,
    "createTime": "2019-01-08T03:03:06.000Z",
    "lastUpdateTime": "2019-01-08T03:03:06.000Z",
    "auth": 2,
    "uid": "bd-1159505145",
    "publishedVersion": 0,
    "forkFrom": "-",
    "isSpam": 0,
    "version": 2,
    "parentVersion": 1,
    "echartsVersion": "4.2.0",
    "versionCreateTime": "2019-01-08T03:03:48.000Z",
    "html": "",
    "externalScripts": "",
    "updaterUID": "bd-1159505145",
    "theme": "",
    "layout": "",
    "viewCount": 20291,
    "userName": "s***汰",
    "commentCount": 0,
    "starCount": 98,
    "isStared": 0,
    "thumbnailURL": "https://www.makeapie.com/ecg-storage/ec_gallery_thumbnail/xDeQtSoqVB.png?v=1546916628345",
    "isCustomThumbnail": 0,
    "builtinTags": [
        "category-work",
        "grid",
        "legend",
        "markLine",
        "series-pie",
        "series-scatter",
        "tooltip",
        "visualMap"
    ],
    "customTags": [
        "pie"
    ],
    "updaterUserName": "s***汰"
}