{
    "cid": "xr1IEt3r4Q",
    "authorUid": "bd-696783921",
    "authorUserName": "n***人",
    "title": "地图GEOJSON下载",
    "description": "提供中国全国地图GEOJSON下载，数据来源为高德行政区划，获取方式为实时获取，保证最新。",
    "latestVersion": 31,
    "alwaysLatest": 1,
    "createTime": "2018-07-25T08:47:42.000Z",
    "lastUpdateTime": "2021-11-08T07:45:32.000Z",
    "auth": 2,
    "uid": "bd-696783921",
    "publishedVersion": 0,
    "forkFrom": "-",
    "isSpam": 0,
    "version": 31,
    "parentVersion": 30,
    "echartsVersion": "4.9.0",
    "versionCreateTime": "2021-11-08T07:19:22.000Z",
    "html": "",
    "externalScripts": "https://code.jquery.com/jquery-3.4.1.min.js,//webapi.amap.com/maps?v=1.4.15&key=35a871e5905ecfd749bd998448b9cd03,//webapi.amap.com/ui/1.0/main.js?v=1.0.11",
    "updaterUID": "bd-696783921",
    "theme": "default",
    "layout": "",
    "viewCount": 257394,
    "userName": "n***人",
    "commentCount": 45,
    "starCount": 155,
    "isStared": 0,
    "thumbnailURL": "https://www.makeapie.com/ecg-storage/ec_gallery_thumbnail/xr1IEt3r4Q.png?v=1636356122858",
    "isCustomThumbnail": 1,
    "builtinTags": [
        "category-work"
    ],
    "customTags": [
        "bmap",
        "geo",
        "heatmap",
        "label",
        "map",
        "visualMap",
        "高德"
    ],
    "updaterUserName": "n***人"
}