{
    "cid": "xrD67xXLT9",
    "authorUid": "bd-1006967428",
    "authorUserName": "w***7",
    "title": "3/4圆环图",
    "description": "",
    "latestVersion": 1,
    "alwaysLatest": 1,
    "createTime": "2019-04-18T02:52:21.000Z",
    "lastUpdateTime": "2019-04-18T02:52:21.000Z",
    "auth": 2,
    "uid": "bd-1006967428",
    "publishedVersion": 0,
    "forkFrom": "-",
    "isSpam": 0,
    "version": 1,
    "parentVersion": -1,
    "echartsVersion": "4.2.1",
    "versionCreateTime": "2019-04-18T02:52:21.000Z",
    "html": "",
    "externalScripts": "",
    "updaterUID": "bd-1006967428",
    "theme": "",
    "layout": "",
    "viewCount": 25881,
    "userName": "w***7",
    "commentCount": 2,
    "starCount": 101,
    "isStared": 0,
    "thumbnailURL": "https://www.makeapie.com/ecg-storage/ec_gallery_thumbnail/xrD67xXLT9.png?v=1555555941715",
    "isCustomThumbnail": 0,
    "builtinTags": [
        "category-work",
        "grid",
        "legend",
        "series-pie",
        "tooltip"
    ],
    "customTags": [],
    "updaterUserName": "w***7"
}