{
    "cid": "xrkJZ2pfeZ",
    "authorUid": "bd-2621770984",
    "authorUserName": "神***枪",
    "title": "俄罗斯方块",
    "description": "小游戏 俄罗斯方块",
    "latestVersion": 6,
    "alwaysLatest": 1,
    "createTime": "2017-05-12T05:45:26.000Z",
    "lastUpdateTime": "2019-11-18T01:13:07.000Z",
    "auth": 2,
    "uid": "bd-2621770984",
    "publishedVersion": 0,
    "forkFrom": "-",
    "isSpam": 0,
    "version": 6,
    "parentVersion": 5,
    "echartsVersion": "3.5.4",
    "versionCreateTime": "2017-05-12T08:51:41.000Z",
    "html": "",
    "externalScripts": "",
    "updaterUID": "bd-2621770984",
    "theme": "default",
    "layout": "",
    "viewCount": 35853,
    "userName": "神***枪",
    "commentCount": 36,
    "starCount": 172,
    "isStared": 0,
    "thumbnailURL": "https://www.makeapie.com/ecg-storage/ec_gallery_thumbnail/xrkJZ2pfeZ.png?v=1574039587534",
    "isCustomThumbnail": 0,
    "builtinTags": [
        "category-work",
        "grid",
        "legend",
        "series-scatter",
        "title"
    ],
    "customTags": [],
    "updaterUserName": "神***枪"
}