{
    "cid": "xrkLGo_5dM",
    "authorUid": "bd-238392997",
    "authorUserName": "不愿一人沉沦",
    "title": "圆角柱图",
    "description": "",
    "latestVersion": 1,
    "alwaysLatest": 1,
    "createTime": "2018-03-05T08:08:45.000Z",
    "lastUpdateTime": "2018-03-05T08:08:45.000Z",
    "auth": 2,
    "uid": "bd-238392997",
    "publishedVersion": 0,
    "forkFrom": "-",
    "isSpam": 0,
    "version": 1,
    "parentVersion": -1,
    "echartsVersion": "4.0.4",
    "versionCreateTime": "2018-03-05T08:08:45.000Z",
    "html": "",
    "externalScripts": "",
    "updaterUID": "bd-238392997",
    "theme": "",
    "layout": "",
    "viewCount": 37499,
    "userName": "不愿一人沉沦",
    "commentCount": 1,
    "starCount": 133,
    "isStared": 0,
    "thumbnailURL": "https://www.makeapie.com/ecg-storage/ec_gallery_thumbnail/xrkLGo_5dM.png?v=1520237325704",
    "isCustomThumbnail": 0,
    "builtinTags": [
        "category-work",
        "grid",
        "legend",
        "series-bar",
        "tooltip"
    ],
    "customTags": [],
    "updaterUserName": "不愿一人沉沦"
}