{
    "cid": "xryOBh22o-",
    "authorUid": "bd-4030174378",
    "authorUserName": "零***解",
    "title": "一周跑步数据",
    "description": "模拟每周跑步数据",
    "latestVersion": 1,
    "alwaysLatest": 1,
    "createTime": "2017-09-30T06:40:00.000Z",
    "lastUpdateTime": "2017-09-30T06:40:00.000Z",
    "auth": 2,
    "uid": "bd-4030174378",
    "publishedVersion": 0,
    "forkFrom": "-",
    "isSpam": 0,
    "version": 1,
    "parentVersion": -1,
    "echartsVersion": "3.7.2",
    "versionCreateTime": "2017-09-30T06:40:00.000Z",
    "html": "",
    "externalScripts": "",
    "updaterUID": "bd-4030174378",
    "theme": "",
    "layout": "",
    "viewCount": 20778,
    "userName": "零***解",
    "commentCount": 0,
    "starCount": 165,
    "isStared": 0,
    "thumbnailURL": "https://www.makeapie.com/ecg-storage/ec_gallery_thumbnail/xryOBh22o-.png?v=1506753600567",
    "isCustomThumbnail": 0,
    "builtinTags": [
        "category-work",
        "grid",
        "legend",
        "markLine",
        "radar",
        "series-bar",
        "series-line",
        "series-radar",
        "title",
        "tooltip"
    ],
    "customTags": [],
    "updaterUserName": "零***解"
}