{
    "cid": "xSkkgklwdg",
    "authorUid": "bd-1158218442",
    "authorUserName": "J***r",
    "title": "孤帆远影碧空尽,唯见长江天际流",
    "description": "",
    "latestVersion": 3,
    "alwaysLatest": 1,
    "createTime": "2017-02-07T06:53:26.000Z",
    "lastUpdateTime": "2017-02-07T06:53:26.000Z",
    "auth": 2,
    "uid": "bd-1158218442",
    "publishedVersion": 0,
    "forkFrom": "-",
    "isSpam": 0,
    "version": 3,
    "parentVersion": 2,
    "echartsVersion": "3.8.0",
    "versionCreateTime": "2018-07-27T01:44:38.000Z",
    "html": "",
    "externalScripts": "",
    "updaterUID": "bd-1158218442",
    "theme": "",
    "layout": "",
    "viewCount": 42163,
    "userName": "J***r",
    "commentCount": 59,
    "starCount": 182,
    "isStared": 0,
    "thumbnailURL": "https://www.makeapie.com/ecg-storage/ec_gallery_thumbnail/xSkkgklwdg.png?v=1532655878650",
    "isCustomThumbnail": 0,
    "builtinTags": [
        "category-work",
        "grid",
        "series-graph",
        "series-line",
        "title"
    ],
    "customTags": [],
    "updaterUserName": "J***r"
}