{
    "cid": "xSy-Adr7Dj",
    "authorUid": "bd-2105958829",
    "authorUserName": "安***子",
    "title": "彩色渐变柱状图",
    "description": "",
    "latestVersion": 1,
    "alwaysLatest": 1,
    "createTime": "2019-02-18T04:12:17.000Z",
    "lastUpdateTime": "2019-02-18T04:12:17.000Z",
    "auth": 2,
    "uid": "bd-2105958829",
    "publishedVersion": 0,
    "forkFrom": "-",
    "isSpam": 0,
    "version": 1,
    "parentVersion": -1,
    "echartsVersion": "4.2.1",
    "versionCreateTime": "2019-02-18T04:12:17.000Z",
    "html": "",
    "externalScripts": "",
    "updaterUID": "bd-2105958829",
    "theme": "",
    "layout": "",
    "viewCount": 18094,
    "userName": "安***子",
    "commentCount": 2,
    "starCount": 103,
    "isStared": 0,
    "thumbnailURL": "https://www.makeapie.com/ecg-storage/ec_gallery_thumbnail/xSy-Adr7Dj.png?v=1550463137258",
    "isCustomThumbnail": 0,
    "builtinTags": [
        "category-work",
        "grid",
        "series-bar",
        "tooltip"
    ],
    "customTags": [],
    "updaterUserName": "安***子"
}