{
    "cid": "xtywy00pVj",
    "authorUid": "obd-oNZ2E-u4io451uTYyhfyM-MOn7YQGCy",
    "authorUserName": "落***孩",
    "title": "{val|20}\n{name|平均毛利率}{unit|（%）}",
    "description": "",
    "latestVersion": 1,
    "alwaysLatest": 0,
    "createTime": "2021-07-15T03:55:22.000Z",
    "lastUpdateTime": "2021-07-15T03:55:22.000Z",
    "auth": 2,
    "uid": "obd-oNZ2E-u4io451uTYyhfyM-MOn7YQGCy",
    "publishedVersion": 0,
    "forkFrom": "-",
    "isSpam": 0,
    "version": 1,
    "parentVersion": -1,
    "echartsVersion": "4.9.0",
    "versionCreateTime": "2021-07-15T03:55:22.000Z",
    "html": "",
    "externalScripts": "",
    "updaterUID": "obd-oNZ2E-u4io451uTYyhfyM-MOn7YQGCy",
    "theme": "",
    "layout": "",
    "viewCount": 0,
    "userName": "落***孩",
    "commentCount": 0,
    "starCount": 26,
    "isStared": 0,
    "thumbnailURL": "https://www.makeapie.com/ecg-storage/ec_gallery_thumbnail/xtywy00pVj.png?v=1626321322509",
    "isCustomThumbnail": 0,
    "builtinTags": [
        "category-work",
        "graphic",
        "legend",
        "series-gauge",
        "title"
    ],
    "customTags": [],
    "updaterUserName": "落***孩"
}