{
    "cid": "xB16SsxX0Z",
    "authorUid": "bd-2348881893",
    "authorUserName": "fym201",
    "title": "btc",
    "description": "",
    "latestVersion": 5,
    "alwaysLatest": 1,
    "createTime": "2017-10-29T06:55:01.000Z",
    "lastUpdateTime": "2017-10-29T06:55:01.000Z",
    "auth": 2,
    "uid": "bd-2348881893",
    "publishedVersion": 0,
    "forkFrom": "-",
    "isSpam": 0,
    "version": 5,
    "parentVersion": 4,
    "echartsVersion": "3.7.2",
    "versionCreateTime": "2017-10-30T06:31:39.000Z",
    "html": "",
    "externalScripts": "",
    "updaterUID": "bd-2348881893",
    "theme": "",
    "layout": "",
    "viewCount": 763,
    "userName": "fym201",
    "commentCount": 0,
    "starCount": 0,
    "isStared": 0,
    "thumbnailURL": "https://www.makeapie.com/ecg-storage/ec_gallery_thumbnail/xB16SsxX0Z.png?v=1509345099699",
    "isCustomThumbnail": 0,
    "builtinTags": [
        "category-work",
        "grid",
        "legend",
        "series-line",
        "title",
        "toolbox",
        "tooltip"
    ],
    "customTags": [],
    "updaterUserName": "fym201"
}