{
    "cid": "xHJiOFbVR-",
    "authorUid": "bd-2284648144",
    "authorUserName": "独***歌",
    "title": ".分环节损耗分析",
    "description": "",
    "latestVersion": 2,
    "alwaysLatest": 1,
    "createTime": "2017-10-30T02:07:46.000Z",
    "lastUpdateTime": "2017-10-30T02:07:46.000Z",
    "auth": 2,
    "uid": "bd-2284648144",
    "publishedVersion": 0,
    "forkFrom": "-",
    "isSpam": 0,
    "version": 2,
    "parentVersion": 1,
    "echartsVersion": "3.7.2",
    "versionCreateTime": "2017-10-30T03:47:33.000Z",
    "html": "",
    "externalScripts": "",
    "updaterUID": "bd-2284648144",
    "theme": "",
    "layout": "",
    "viewCount": 380,
    "userName": "独***歌",
    "commentCount": 0,
    "starCount": 6,
    "isStared": 0,
    "thumbnailURL": "https://www.makeapie.com/ecg-storage/ec_gallery_thumbnail/xHJiOFbVR-.png?v=1509335253150",
    "isCustomThumbnail": 0,
    "builtinTags": [
        "category-work",
        "grid",
        "legend",
        "series-bar",
        "title",
        "tooltip"
    ],
    "customTags": [],
    "updaterUserName": "独***歌"
}