{
    "cid": "xHkK4kbV0-",
    "authorUid": "bd-2284648144",
    "authorUserName": "独***歌",
    "title": ".省公司项目招投标",
    "description": "",
    "latestVersion": 4,
    "alwaysLatest": 1,
    "createTime": "2017-10-30T01:24:01.000Z",
    "lastUpdateTime": "2017-10-30T01:24:01.000Z",
    "auth": 2,
    "uid": "bd-2284648144",
    "publishedVersion": 0,
    "forkFrom": "-",
    "isSpam": 0,
    "version": 4,
    "parentVersion": 3,
    "echartsVersion": "3.7.2",
    "versionCreateTime": "2017-11-07T04:49:06.000Z",
    "html": "",
    "externalScripts": "3D,http://echarts.baidu.com/resource/echarts-gl-latest/dist/echarts-gl.min.js,BMap,/dep/echarts/latest/extension/bmap.min.js",
    "updaterUID": "bd-2284648144",
    "theme": "",
    "layout": "",
    "viewCount": 220,
    "userName": "独***歌",
    "commentCount": 0,
    "starCount": 3,
    "isStared": 0,
    "thumbnailURL": "https://www.makeapie.com/ecg-storage/ec_gallery_thumbnail/xHkK4kbV0-.png?v=1510030146534",
    "isCustomThumbnail": 0,
    "builtinTags": [
        "category-work",
        "grid",
        "series-bar",
        "title",
        "tooltip"
    ],
    "customTags": [],
    "updaterUserName": "独***歌"
}