{
    "cid": "xHkM7meyCZ",
    "authorUid": "bd-1629285645",
    "authorUserName": "magic_10",
    "title": "规模为10000时坐标分布图",
    "description": "",
    "latestVersion": 1,
    "alwaysLatest": 1,
    "createTime": "2017-10-26T05:31:05.000Z",
    "lastUpdateTime": "2017-10-26T05:31:05.000Z",
    "auth": 2,
    "uid": "bd-1629285645",
    "publishedVersion": 0,
    "forkFrom": "-",
    "isSpam": 0,
    "version": 1,
    "parentVersion": -1,
    "echartsVersion": "3.7.2",
    "versionCreateTime": "2017-10-26T05:31:06.000Z",
    "html": "",
    "externalScripts": "",
    "updaterUID": "bd-1629285645",
    "theme": "",
    "layout": "",
    "viewCount": 449,
    "userName": "magic_10",
    "commentCount": 0,
    "starCount": 2,
    "isStared": 0,
    "thumbnailURL": "https://www.makeapie.com/ecg-storage/ec_gallery_thumbnail/xHkM7meyCZ.png?v=1508995866344",
    "isCustomThumbnail": 0,
    "builtinTags": [
        "category-work",
        "grid",
        "series-scatter",
        "title",
        "tooltip",
        "visualMap"
    ],
    "customTags": [],
    "updaterUserName": "magic_10"
}