{
    "cid": "xHy227orCb",
    "authorUid": "bd-4180255969",
    "authorUserName": "Frostmournal",
    "title": "多联动饼状图",
    "description": "多联动饼状图",
    "latestVersion": 4,
    "alwaysLatest": 1,
    "createTime": "2017-10-31T07:18:11.000Z",
    "lastUpdateTime": "2017-10-31T07:18:11.000Z",
    "auth": 1,
    "uid": "bd-4180255969",
    "publishedVersion": 0,
    "forkFrom": "-",
    "isSpam": 0,
    "version": 4,
    "parentVersion": 3,
    "echartsVersion": "3.8.0",
    "versionCreateTime": "2018-06-25T03:13:39.000Z",
    "html": "",
    "externalScripts": "",
    "updaterUID": "bd-405265225",
    "theme": "",
    "layout": "",
    "viewCount": 528,
    "userName": "Frostmournal",
    "commentCount": 0,
    "starCount": 3,
    "isStared": 0,
    "thumbnailURL": "https://www.makeapie.com/ecg-storage/ec_gallery_thumbnail/xHy227orCb.png?v=1529896419184",
    "isCustomThumbnail": 0,
    "builtinTags": [
        "category-work",
        "legend",
        "series-pie",
        "title",
        "tooltip"
    ],
    "customTags": [],
    "updaterUserName": "几***爱"
}