{
    "cid": "xHyI9w_SRb",
    "authorUid": "bd-741667023",
    "authorUserName": "爱***月",
    "title": "2014就业",
    "description": "数据来自国家统计局",
    "latestVersion": 2,
    "alwaysLatest": 1,
    "createTime": "2017-10-31T04:09:50.000Z",
    "lastUpdateTime": "2018-01-17T08:55:04.000Z",
    "auth": 2,
    "uid": "bd-741667023",
    "publishedVersion": 0,
    "forkFrom": "-",
    "isSpam": 0,
    "version": 2,
    "parentVersion": 1,
    "echartsVersion": "3.7.2",
    "versionCreateTime": "2017-10-31T08:01:36.000Z",
    "html": "",
    "externalScripts": "",
    "updaterUID": "bd-741667023",
    "theme": "default",
    "layout": "",
    "viewCount": 673,
    "userName": "爱***月",
    "commentCount": 0,
    "starCount": 0,
    "isStared": 0,
    "thumbnailURL": "https://www.makeapie.com/ecg-storage/ec_gallery_thumbnail/xHyI9w_SRb.png?v=1509436896798",
    "isCustomThumbnail": 0,
    "builtinTags": [],
    "customTags": [],
    "updaterUserName": "爱***月"
}