{
    "cid": "xrJSFuTEA-",
    "authorUid": "bd-3112857463",
    "authorUserName": "席仲勋",
    "title": "1990 与 2015 年各国家人均寿命与 GDP",
    "description": "",
    "latestVersion": 1,
    "alwaysLatest": 1,
    "createTime": "2017-10-30T15:42:53.000Z",
    "lastUpdateTime": "2017-10-30T15:42:53.000Z",
    "auth": 2,
    "uid": "bd-3112857463",
    "publishedVersion": 0,
    "forkFrom": "-",
    "isSpam": 0,
    "version": 1,
    "parentVersion": -1,
    "echartsVersion": "3.7.2",
    "versionCreateTime": "2017-10-30T15:42:53.000Z",
    "html": "",
    "externalScripts": "",
    "updaterUID": "bd-3112857463",
    "theme": "",
    "layout": "",
    "viewCount": 80,
    "userName": "席仲勋",
    "commentCount": 0,
    "starCount": 1,
    "isStared": 0,
    "thumbnailURL": "https://www.makeapie.com/ecg-storage/ec_gallery_thumbnail/xrJSFuTEA-.png?v=1509378173508",
    "isCustomThumbnail": 0,
    "builtinTags": [
        "category-work",
        "grid",
        "legend",
        "series-scatter",
        "title"
    ],
    "customTags": [],
    "updaterUserName": "席仲勋"
}