{
    "cid": "xrkimaZfC-",
    "authorUid": "bd-3710482427",
    "authorUserName": "方传志",
    "title": "复制看看",
    "description": "复制看看",
    "latestVersion": 2,
    "alwaysLatest": 1,
    "createTime": "2017-10-28T13:58:59.000Z",
    "lastUpdateTime": "2017-10-28T13:58:59.000Z",
    "auth": 2,
    "uid": "bd-3710482427",
    "publishedVersion": 0,
    "forkFrom": "-",
    "isSpam": 0,
    "version": 2,
    "parentVersion": 1,
    "echartsVersion": "3.7.2",
    "versionCreateTime": "2017-10-28T13:59:07.000Z",
    "html": "",
    "externalScripts": "",
    "updaterUID": "bd-3710482427",
    "theme": "",
    "layout": "",
    "viewCount": 284,
    "userName": "方传志",
    "commentCount": 0,
    "starCount": 1,
    "isStared": 0,
    "thumbnailURL": "https://www.makeapie.com/ecg-storage/ec_gallery_thumbnail/xrkimaZfC-.png?v=1509199148081",
    "isCustomThumbnail": 0,
    "builtinTags": [
        "category-work",
        "legend",
        "series-pie"
    ],
    "customTags": [],
    "updaterUserName": "方传志"
}