{
    "cid": "xS197Cx4AZ",
    "authorUid": "bd-1850728316",
    "authorUserName": "CrazyStroy",
    "title": "折线图",
    "description": "渐变背景和拐点样式",
    "latestVersion": 3,
    "alwaysLatest": 1,
    "createTime": "2017-10-30T01:19:29.000Z",
    "lastUpdateTime": "2017-10-30T01:19:29.000Z",
    "auth": 2,
    "uid": "bd-1850728316",
    "publishedVersion": 0,
    "forkFrom": "-",
    "isSpam": 0,
    "version": 3,
    "parentVersion": 2,
    "echartsVersion": "3.7.2",
    "versionCreateTime": "2017-10-30T03:19:49.000Z",
    "html": "",
    "externalScripts": "",
    "updaterUID": "bd-1850728316",
    "theme": "dark",
    "layout": "",
    "viewCount": 290,
    "userName": "CrazyStroy",
    "commentCount": 0,
    "starCount": 0,
    "isStared": 0,
    "thumbnailURL": "https://www.makeapie.com/ecg-storage/ec_gallery_thumbnail/xS197Cx4AZ.png?v=1509333589193",
    "isCustomThumbnail": 0,
    "builtinTags": [
        "category-work",
        "grid",
        "markArea",
        "series-line",
        "title"
    ],
    "customTags": [],
    "updaterUserName": "CrazyStroy"
}