{
    "cid": "xS1KhJAM0-",
    "authorUid": "bd-2904937753",
    "authorUserName": "s***3",
    "title": "tianjin",
    "description": "",
    "latestVersion": 1,
    "alwaysLatest": 1,
    "createTime": "2017-10-29T03:49:04.000Z",
    "lastUpdateTime": "2017-10-29T03:49:04.000Z",
    "auth": 2,
    "uid": "bd-2904937753",
    "publishedVersion": 0,
    "forkFrom": "-",
    "isSpam": 0,
    "version": 1,
    "parentVersion": -1,
    "echartsVersion": "3.7.2",
    "versionCreateTime": "2017-10-29T03:49:05.000Z",
    "html": "",
    "externalScripts": "http://echarts.baidu.com/resource/echarts-gl-latest/dist/echarts-gl.min.js,dep/echarts/map/js/world.js,/dep/echarts/map/js/province/tianjin.js,/dep/echarts/map/js/china.js",
    "updaterUID": "bd-2904937753",
    "theme": "",
    "layout": "",
    "viewCount": 33,
    "userName": "s***3",
    "commentCount": 0,
    "starCount": 0,
    "isStared": 0,
    "thumbnailURL": "https://www.makeapie.com/ecg-storage/ec_gallery_thumbnail/xS1KhJAM0-.png?v=1509248945105",
    "isCustomThumbnail": 0,
    "builtinTags": [
        "category-work",
        "series-map3D"
    ],
    "customTags": [],
    "updaterUserName": "s***3"
}