{
    "cid": "xS1ZnSkkCb",
    "authorUid": "bd-2166094446",
    "authorUserName": "乔***1",
    "title": "区域地图上加点             ",
    "description": "自定义 省份 颜色 并在上面 描绘点      ",
    "latestVersion": 1,
    "alwaysLatest": 1,
    "createTime": "2017-10-26T04:33:45.000Z",
    "lastUpdateTime": "2017-10-26T04:33:45.000Z",
    "auth": 2,
    "uid": "bd-2166094446",
    "publishedVersion": 0,
    "forkFrom": "-",
    "isSpam": 0,
    "version": 1,
    "parentVersion": -1,
    "echartsVersion": "3.7.2",
    "versionCreateTime": "2017-10-26T04:33:45.000Z",
    "html": "",
    "externalScripts": "/dep/echarts/map/js/china.js",
    "updaterUID": "bd-2166094446",
    "theme": "",
    "layout": "",
    "viewCount": 1478,
    "userName": "乔***1",
    "commentCount": 0,
    "starCount": 5,
    "isStared": 0,
    "thumbnailURL": "https://www.makeapie.com/ecg-storage/ec_gallery_thumbnail/xS1ZnSkkCb.png?v=1508992425409",
    "isCustomThumbnail": 0,
    "builtinTags": [
        "category-work",
        "legend",
        "markPoint",
        "series-map",
        "tooltip"
    ],
    "customTags": [],
    "updaterUserName": "乔***1"
}