{
    "cid": "xSyFJFPxC-",
    "authorUid": "bd-3490003427",
    "authorUserName": "j***g",
    "title": "告警类别统计",
    "description": "",
    "latestVersion": 2,
    "alwaysLatest": 1,
    "createTime": "2017-10-27T08:05:53.000Z",
    "lastUpdateTime": "2017-10-27T08:05:53.000Z",
    "auth": 2,
    "uid": "bd-3490003427",
    "publishedVersion": 0,
    "forkFrom": "-",
    "isSpam": 0,
    "version": 2,
    "parentVersion": 1,
    "echartsVersion": "3.7.2",
    "versionCreateTime": "2017-10-30T03:28:48.000Z",
    "html": "",
    "externalScripts": "",
    "updaterUID": "bd-3490003427",
    "theme": "",
    "layout": "",
    "viewCount": 139,
    "userName": "j***g",
    "commentCount": 0,
    "starCount": 0,
    "isStared": 0,
    "thumbnailURL": "https://www.makeapie.com/ecg-storage/ec_gallery_thumbnail/xSyFJFPxC-.png?v=1509334128627",
    "isCustomThumbnail": 0,
    "builtinTags": [
        "category-work",
        "legend",
        "series-pie",
        "title",
        "tooltip"
    ],
    "customTags": [],
    "updaterUserName": "j***g"
}