{
    "cid": "xSyGG_TkRW",
    "authorUid": "bd-3033345977",
    "authorUserName": "p***h",
    "title": "Stacked Area Line",
    "description": "",
    "latestVersion": 2,
    "alwaysLatest": 1,
    "createTime": "2017-10-26T20:39:37.000Z",
    "lastUpdateTime": "2017-10-26T20:39:37.000Z",
    "auth": 2,
    "uid": "bd-3033345977",
    "publishedVersion": 0,
    "forkFrom": "-",
    "isSpam": 0,
    "version": 2,
    "parentVersion": 1,
    "echartsVersion": "3.7.2",
    "versionCreateTime": "2017-10-27T05:54:10.000Z",
    "html": "",
    "externalScripts": "",
    "updaterUID": "bd-3033345977",
    "theme": "",
    "layout": "",
    "viewCount": 155,
    "userName": "p***h",
    "commentCount": 0,
    "starCount": 1,
    "isStared": 0,
    "thumbnailURL": "https://www.makeapie.com/ecg-storage/ec_gallery_thumbnail/xSyGG_TkRW.png?v=1509083650617",
    "isCustomThumbnail": 0,
    "builtinTags": [
        "category-work",
        "grid",
        "legend",
        "series-line",
        "tooltip"
    ],
    "customTags": [],
    "updaterUserName": "p***h"
}