{
    "cid": "x_o-Vomgig",
    "authorUid": "bd-2366940248",
    "authorUserName": "相***夜",
    "title": "2014清华大学毕业生去向（共6218人）",
    "description": "",
    "latestVersion": 6,
    "alwaysLatest": 1,
    "createTime": "2018-12-06T04:47:57.000Z",
    "lastUpdateTime": "2018-12-06T22:27:17.000Z",
    "auth": 1,
    "uid": "bd-2366940248",
    "publishedVersion": 0,
    "forkFrom": "-",
    "isSpam": 0,
    "version": 6,
    "parentVersion": 5,
    "echartsVersion": "4.4.0",
    "versionCreateTime": "2020-02-26T12:49:07.000Z",
    "html": "",
    "externalScripts": "",
    "updaterUID": "bd-544130105",
    "theme": "dark",
    "layout": "",
    "viewCount": 1536,
    "userName": "相***夜",
    "commentCount": 0,
    "starCount": 2,
    "isStared": 0,
    "thumbnailURL": "https://www.makeapie.com/ecg-storage/ec_gallery_thumbnail/x_o-Vomgig.png?v=1582721347921",
    "isCustomThumbnail": 0,
    "builtinTags": [
        "category-work",
        "series-treemap",
        "title",
        "tooltip"
    ],
    "customTags": [],
    "updaterUserName": "初***m"
}