{
    "cid": "xCQFKe3hqt",
    "authorUid": "bd-3766368350",
    "authorUserName": "V***s",
    "title": "渐变中心为圆心的径向渐变饼图",
    "description": "没什么可以说的...",
    "latestVersion": 1,
    "alwaysLatest": 1,
    "createTime": "2018-12-04T07:58:44.000Z",
    "lastUpdateTime": "2018-12-04T07:58:44.000Z",
    "auth": 2,
    "uid": "bd-3766368350",
    "publishedVersion": 0,
    "forkFrom": "-",
    "isSpam": 0,
    "version": 1,
    "parentVersion": -1,
    "echartsVersion": "4.2.0",
    "versionCreateTime": "2018-12-04T07:58:44.000Z",
    "html": "",
    "externalScripts": "",
    "updaterUID": "bd-3766368350",
    "theme": "",
    "layout": "",
    "viewCount": 528,
    "userName": "V***s",
    "commentCount": 0,
    "starCount": 5,
    "isStared": 0,
    "thumbnailURL": "https://www.makeapie.com/ecg-storage/ec_gallery_thumbnail/xCQFKe3hqt.png?v=1543910324501",
    "isCustomThumbnail": 0,
    "builtinTags": [
        "category-work",
        "legend",
        "series-pie",
        "title",
        "tooltip"
    ],
    "customTags": [],
    "updaterUserName": "V***s"
}