{
    "cid": "xeTIyyMm8o",
    "authorUid": "bd-1980176336",
    "authorUserName": "明***月",
    "title": "苹果VS笔一",
    "description": "",
    "latestVersion": 6,
    "alwaysLatest": 1,
    "createTime": "2018-12-03T08:15:12.000Z",
    "lastUpdateTime": "2018-12-03T08:15:12.000Z",
    "auth": 2,
    "uid": "bd-1980176336",
    "publishedVersion": 0,
    "forkFrom": "-",
    "isSpam": 0,
    "version": 6,
    "parentVersion": 5,
    "echartsVersion": "4.4.0",
    "versionCreateTime": "2019-12-28T05:42:54.000Z",
    "html": "",
    "externalScripts": "",
    "updaterUID": "bd-1980176336",
    "theme": "",
    "layout": "",
    "viewCount": 185,
    "userName": "明***月",
    "commentCount": 0,
    "starCount": 0,
    "isStared": 0,
    "thumbnailURL": "https://www.makeapie.com/ecg-storage/ec_gallery_thumbnail/xeTIyyMm8o.png?v=1577511775044",
    "isCustomThumbnail": 0,
    "builtinTags": [
        "category-work",
        "grid",
        "legend",
        "series-scatter",
        "toolbox"
    ],
    "customTags": [],
    "updaterUserName": "明***月"
}