{
    "cid": "xfT2k_SU0u",
    "authorUid": "bd-2366940248",
    "authorUserName": "相***夜",
    "title": "2017清华大学毕业生去向（共6620人）",
    "description": "",
    "latestVersion": 7,
    "alwaysLatest": 1,
    "createTime": "2018-12-06T04:51:15.000Z",
    "lastUpdateTime": "2018-12-06T22:21:38.000Z",
    "auth": 1,
    "uid": "bd-2366940248",
    "publishedVersion": 0,
    "forkFrom": "-",
    "isSpam": 0,
    "version": 7,
    "parentVersion": 6,
    "echartsVersion": "4.2.0",
    "versionCreateTime": "2018-12-06T22:31:29.000Z",
    "html": "",
    "externalScripts": "",
    "updaterUID": "bd-2366940248",
    "theme": "dark",
    "layout": "",
    "viewCount": 395,
    "userName": "相***夜",
    "commentCount": 0,
    "starCount": 1,
    "isStared": 0,
    "thumbnailURL": "https://www.makeapie.com/ecg-storage/ec_gallery_thumbnail/xfT2k_SU0u.png?v=1544135489518",
    "isCustomThumbnail": 0,
    "builtinTags": [
        "category-work",
        "series-treemap",
        "title",
        "tooltip"
    ],
    "customTags": [],
    "updaterUserName": "相***夜"
}