{
    "cid": "xGx3HJZpUR",
    "authorUid": "bd-3492888887",
    "authorUserName": "a1004107147",
    "title": "饼图",
    "description": "",
    "latestVersion": 1,
    "alwaysLatest": 1,
    "createTime": "2018-12-05T09:31:43.000Z",
    "lastUpdateTime": "2018-12-05T09:31:43.000Z",
    "auth": 1,
    "uid": "bd-3492888887",
    "publishedVersion": 0,
    "forkFrom": "-",
    "isSpam": 0,
    "version": 1,
    "parentVersion": -1,
    "echartsVersion": "4.2.0",
    "versionCreateTime": "2018-12-05T09:31:43.000Z",
    "html": "",
    "externalScripts": "",
    "updaterUID": "bd-3492888887",
    "theme": "",
    "layout": "",
    "viewCount": 40,
    "userName": "a1004107147",
    "commentCount": 0,
    "starCount": 0,
    "isStared": 0,
    "thumbnailURL": "https://www.makeapie.com/ecg-storage/ec_gallery_thumbnail/xGx3HJZpUR.png?v=1544002303718",
    "isCustomThumbnail": 0,
    "builtinTags": [
        "category-work",
        "series-pie",
        "title"
    ],
    "customTags": [],
    "updaterUserName": "a1004107147"
}