{
    "cid": "xKGDLDGlFT",
    "authorUid": "bd-1812997935",
    "authorUserName": "hjf739175122",
    "title": "波士顿矩阵",
    "description": "散点图分区",
    "latestVersion": 2,
    "alwaysLatest": 1,
    "createTime": "2018-12-04T06:47:04.000Z",
    "lastUpdateTime": "2018-12-04T06:47:04.000Z",
    "auth": 2,
    "uid": "bd-1812997935",
    "publishedVersion": 0,
    "forkFrom": "-",
    "isSpam": 0,
    "version": 2,
    "parentVersion": 1,
    "echartsVersion": "4.2.0",
    "versionCreateTime": "2018-12-13T07:49:42.000Z",
    "html": "",
    "externalScripts": "",
    "updaterUID": "bd-1812997935",
    "theme": "",
    "layout": "",
    "viewCount": 296,
    "userName": "hjf739175122",
    "commentCount": 0,
    "starCount": 0,
    "isStared": 0,
    "thumbnailURL": "https://www.makeapie.com/ecg-storage/ec_gallery_thumbnail/xKGDLDGlFT.png?v=1544687382707",
    "isCustomThumbnail": 0,
    "builtinTags": [
        "category-work",
        "grid",
        "markArea",
        "markLine",
        "series-scatter",
        "title"
    ],
    "customTags": [],
    "updaterUserName": "hjf739175122"
}