{
    "cid": "xoVbCJa4H3",
    "authorUid": "bd-1630668240",
    "authorUserName": "lucky阿陆",
    "title": "磁盘使用情况",
    "description": "测试数据",
    "latestVersion": 1,
    "alwaysLatest": 1,
    "createTime": "2018-12-03T03:39:11.000Z",
    "lastUpdateTime": "2018-12-03T03:39:11.000Z",
    "auth": 2,
    "uid": "bd-1630668240",
    "publishedVersion": 0,
    "forkFrom": "-",
    "isSpam": 0,
    "version": 1,
    "parentVersion": -1,
    "echartsVersion": "4.2.0",
    "versionCreateTime": "2018-12-03T03:39:12.000Z",
    "html": "",
    "externalScripts": "",
    "updaterUID": "bd-1630668240",
    "theme": "",
    "layout": "",
    "viewCount": 50,
    "userName": "lucky阿陆",
    "commentCount": 0,
    "starCount": 0,
    "isStared": 0,
    "thumbnailURL": "https://www.makeapie.com/ecg-storage/ec_gallery_thumbnail/xoVbCJa4H3.png?v=1543808352110",
    "isCustomThumbnail": 0,
    "builtinTags": [
        "category-work",
        "grid",
        "series-bar",
        "title"
    ],
    "customTags": [],
    "updaterUserName": "lucky阿陆"
}