{
    "cid": "xVtmHIdCU4",
    "authorUid": "bd-2351109691",
    "authorUserName": "c***a",
    "title": "GL测试",
    "description": "热力图和基本贴图",
    "latestVersion": 1,
    "alwaysLatest": 1,
    "createTime": "2018-12-05T07:30:03.000Z",
    "lastUpdateTime": "2018-12-05T07:30:03.000Z",
    "auth": 2,
    "uid": "bd-2351109691",
    "publishedVersion": 0,
    "forkFrom": "-",
    "isSpam": 0,
    "version": 1,
    "parentVersion": -1,
    "echartsVersion": "4.2.0",
    "versionCreateTime": "2018-12-05T07:30:03.000Z",
    "html": "",
    "externalScripts": "http://echarts.baidu.com/resource/echarts-gl-latest/dist/echarts-gl.min.js,/dep/echarts/map/js/world.js",
    "updaterUID": "bd-2351109691",
    "theme": "",
    "layout": "",
    "viewCount": 76,
    "userName": "c***a",
    "commentCount": 0,
    "starCount": 0,
    "isStared": 0,
    "thumbnailURL": "https://www.makeapie.com/ecg-storage/ec_gallery_thumbnail/xVtmHIdCU4.png?v=1543995003623",
    "isCustomThumbnail": 0,
    "builtinTags": [
        "category-work",
        "globe"
    ],
    "customTags": [],
    "updaterUserName": "c***a"
}