{
    "cid": "xYp5xNB6_c",
    "authorUid": "bd-355599062",
    "authorUserName": "d***z",
    "title": "性别比例图表",
    "description": "",
    "latestVersion": 1,
    "alwaysLatest": 1,
    "createTime": "2018-12-04T08:07:57.000Z",
    "lastUpdateTime": "2018-12-04T08:07:57.000Z",
    "auth": 2,
    "uid": "bd-355599062",
    "publishedVersion": 0,
    "forkFrom": "-",
    "isSpam": 0,
    "version": 1,
    "parentVersion": -1,
    "echartsVersion": "4.2.0",
    "versionCreateTime": "2018-12-04T08:07:57.000Z",
    "html": "",
    "externalScripts": "",
    "updaterUID": "bd-355599062",
    "theme": "",
    "layout": "",
    "viewCount": 424,
    "userName": "d***z",
    "commentCount": 0,
    "starCount": 4,
    "isStared": 0,
    "thumbnailURL": "https://www.makeapie.com/ecg-storage/ec_gallery_thumbnail/xYp5xNB6_c.png?v=1543910877870",
    "isCustomThumbnail": 0,
    "builtinTags": [
        "category-work",
        "grid",
        "series-bar"
    ],
    "customTags": [
        "sex"
    ],
    "updaterUserName": "d***z"
}