{
    "cid": "xZyLhdBFHG",
    "authorUid": "bd-4013131402",
    "authorUserName": "o***4",
    "title": "标记点",
    "description": "",
    "latestVersion": 2,
    "alwaysLatest": 1,
    "createTime": "2018-12-03T14:33:58.000Z",
    "lastUpdateTime": "2018-12-03T14:33:58.000Z",
    "auth": 2,
    "uid": "bd-4013131402",
    "publishedVersion": 0,
    "forkFrom": "-",
    "isSpam": 0,
    "version": 2,
    "parentVersion": 1,
    "echartsVersion": "4.2.0",
    "versionCreateTime": "2018-12-03T14:41:35.000Z",
    "html": "",
    "externalScripts": "",
    "updaterUID": "bd-4013131402",
    "theme": "",
    "layout": "",
    "viewCount": 129,
    "userName": "o***4",
    "commentCount": 0,
    "starCount": 0,
    "isStared": 0,
    "thumbnailURL": "https://www.makeapie.com/ecg-storage/ec_gallery_thumbnail/xZyLhdBFHG.png?v=1543848095093",
    "isCustomThumbnail": 0,
    "builtinTags": [
        "category-work",
        "grid",
        "markPoint",
        "series-line",
        "tooltip"
    ],
    "customTags": [],
    "updaterUserName": "o***4"
}