{
    "cid": "xB1afDn14W",
    "authorUid": "bd-4070845197",
    "authorUserName": "碧水蓝天青山隐",
    "title": "女总人数对比",
    "description": "点击x轴，改变对应的文字样式",
    "latestVersion": 2,
    "alwaysLatest": 1,
    "createTime": "2017-06-27T10:44:36.000Z",
    "lastUpdateTime": "2017-06-27T10:44:36.000Z",
    "auth": 2,
    "uid": "bd-4070845197",
    "publishedVersion": 0,
    "forkFrom": "-",
    "isSpam": 0,
    "version": 2,
    "parentVersion": 1,
    "echartsVersion": "3.6.2",
    "versionCreateTime": "2017-06-27T10:46:09.000Z",
    "html": "",
    "externalScripts": "",
    "updaterUID": "bd-4070845197",
    "theme": "",
    "layout": "",
    "viewCount": 2306,
    "userName": "碧水蓝天青山隐",
    "commentCount": 0,
    "starCount": 9,
    "isStared": 0,
    "thumbnailURL": "https://www.makeapie.com/ecg-storage/ec_gallery_thumbnail/xB1afDn14W.png?v=1498560369663",
    "isCustomThumbnail": 0,
    "builtinTags": [
        "category-work",
        "grid",
        "legend",
        "series-bar",
        "title",
        "tooltip"
    ],
    "customTags": [],
    "updaterUserName": "碧水蓝天青山隐"
}