{
    "cid": "xBJ9SCYxVb",
    "authorUid": "bd-2889079406",
    "authorUserName": "六***论",
    "title": "投诉分布以及严重情况",
    "description": "点击种类出现分布情况",
    "latestVersion": 2,
    "alwaysLatest": 1,
    "createTime": "2017-06-28T02:02:42.000Z",
    "lastUpdateTime": "2017-06-28T02:02:42.000Z",
    "auth": 2,
    "uid": "bd-2889079406",
    "publishedVersion": 0,
    "forkFrom": "-",
    "isSpam": 0,
    "version": 2,
    "parentVersion": 1,
    "echartsVersion": "3.6.2",
    "versionCreateTime": "2017-06-29T09:10:58.000Z",
    "html": "",
    "externalScripts": "",
    "updaterUID": "bd-2889079406",
    "theme": "",
    "layout": "",
    "viewCount": 5635,
    "userName": "六***论",
    "commentCount": 0,
    "starCount": 15,
    "isStared": 0,
    "thumbnailURL": "https://www.makeapie.com/ecg-storage/ec_gallery_thumbnail/xBJ9SCYxVb.png?v=1498727458547",
    "isCustomThumbnail": 0,
    "builtinTags": [
        "category-work",
        "polar",
        "series-bar",
        "series-pie",
        "title",
        "tooltip"
    ],
    "customTags": [],
    "updaterUserName": "六***论"
}