{
    "cid": "xBk0YkdyEW",
    "authorUid": "bd-2852340314",
    "authorUserName": "c***k",
    "title": "东南亚各国能源消耗比例",
    "description": "2004-2014年，数据来源--世界银行",
    "latestVersion": 2,
    "alwaysLatest": 1,
    "createTime": "2017-06-27T05:39:18.000Z",
    "lastUpdateTime": "2017-06-27T05:39:18.000Z",
    "auth": 2,
    "uid": "bd-2852340314",
    "publishedVersion": 0,
    "forkFrom": "-",
    "isSpam": 0,
    "version": 2,
    "parentVersion": 1,
    "echartsVersion": "3.6.2",
    "versionCreateTime": "2017-06-27T09:17:06.000Z",
    "html": "",
    "externalScripts": "",
    "updaterUID": "bd-2852340314",
    "theme": "",
    "layout": "",
    "viewCount": 2293,
    "userName": "c***k",
    "commentCount": 0,
    "starCount": 5,
    "isStared": 0,
    "thumbnailURL": "https://www.makeapie.com/ecg-storage/ec_gallery_thumbnail/xBk0YkdyEW.png?v=1498555026679",
    "isCustomThumbnail": 0,
    "builtinTags": [
        "category-work",
        "grid",
        "legend",
        "series-bar",
        "timeline",
        "title",
        "tooltip"
    ],
    "customTags": [],
    "updaterUserName": "c***k"
}