{
    "cid": "xBk5Aas-4Z",
    "authorUid": "bd-1023445549",
    "authorUserName": "宋***和",
    "title": "TGraph Development among the Releases of Neo4j",
    "description": "Data from Github (2017-06-29)",
    "latestVersion": 4,
    "alwaysLatest": 1,
    "createTime": "2017-06-28T22:29:38.000Z",
    "lastUpdateTime": "2017-06-28T22:29:38.000Z",
    "auth": 2,
    "uid": "bd-1023445549",
    "publishedVersion": 0,
    "forkFrom": "-",
    "isSpam": 0,
    "version": 4,
    "parentVersion": 3,
    "echartsVersion": "3.8.0",
    "versionCreateTime": "2018-03-26T00:53:04.000Z",
    "html": "",
    "externalScripts": "http://cdn.bootcss.com/underscore.js/1.8.3/underscore-min.js",
    "updaterUID": "bd-1023445549",
    "theme": "infographic",
    "layout": "",
    "viewCount": 1019,
    "userName": "宋***和",
    "commentCount": 0,
    "starCount": 1,
    "isStared": 0,
    "thumbnailURL": "https://www.makeapie.com/ecg-storage/ec_gallery_thumbnail/xBk5Aas-4Z.png?v=1522025584806",
    "isCustomThumbnail": 0,
    "builtinTags": [
        "category-work",
        "grid",
        "legend",
        "series-effectScatter",
        "series-scatter",
        "title",
        "tooltip"
    ],
    "customTags": [
        "github"
    ],
    "updaterUserName": "宋***和"
}