{
    "cid": "xBkhntpgEZ",
    "authorUid": "bd-2852340314",
    "authorUserName": "c***k",
    "title": "各国家2010年食品进出口情况",
    "description": "",
    "latestVersion": 1,
    "alwaysLatest": 1,
    "createTime": "2017-06-28T06:16:20.000Z",
    "lastUpdateTime": "2017-06-28T06:16:20.000Z",
    "auth": 2,
    "uid": "bd-2852340314",
    "publishedVersion": 0,
    "forkFrom": "-",
    "isSpam": 0,
    "version": 1,
    "parentVersion": -1,
    "echartsVersion": "3.6.2",
    "versionCreateTime": "2017-06-28T06:16:20.000Z",
    "html": "",
    "externalScripts": "",
    "updaterUID": "bd-2852340314",
    "theme": "",
    "layout": "",
    "viewCount": 793,
    "userName": "c***k",
    "commentCount": 0,
    "starCount": 2,
    "isStared": 0,
    "thumbnailURL": "https://www.makeapie.com/ecg-storage/ec_gallery_thumbnail/xBkhntpgEZ.png?v=1498630580337",
    "isCustomThumbnail": 0,
    "builtinTags": [
        "category-work",
        "grid",
        "legend",
        "series-bar",
        "series-line",
        "title",
        "tooltip"
    ],
    "customTags": [],
    "updaterUserName": "c***k"
}