{
    "cid": "xHJe_HegEZ",
    "authorUid": "bd-2889079406",
    "authorUserName": "六***论",
    "title": "用户反馈数据表",
    "description": "",
    "latestVersion": 4,
    "alwaysLatest": 1,
    "createTime": "2017-06-27T15:10:32.000Z",
    "lastUpdateTime": "2017-06-27T15:20:59.000Z",
    "auth": 2,
    "uid": "bd-2889079406",
    "publishedVersion": 0,
    "forkFrom": "-",
    "isSpam": 0,
    "version": 4,
    "parentVersion": 3,
    "echartsVersion": "3.6.2",
    "versionCreateTime": "2017-06-29T09:23:08.000Z",
    "html": "",
    "externalScripts": "",
    "updaterUID": "bd-2889079406",
    "theme": "infographic",
    "layout": "",
    "viewCount": 7258,
    "userName": "六***论",
    "commentCount": 0,
    "starCount": 16,
    "isStared": 0,
    "thumbnailURL": "https://www.makeapie.com/ecg-storage/ec_gallery_thumbnail/xHJe_HegEZ.png?v=1498728188599",
    "isCustomThumbnail": 0,
    "builtinTags": [
        "category-work",
        "dataZoom",
        "grid",
        "legend",
        "series-bar",
        "series-line",
        "title",
        "tooltip"
    ],
    "customTags": [],
    "updaterUserName": "六***论"
}