{
    "cid": "xr1JbGqyEb",
    "authorUid": "bd-104634319",
    "authorUserName": "__浅浅小幸福",
    "title": "动态数据+时间轴",
    "description": "每分钟动一次，",
    "latestVersion": 1,
    "alwaysLatest": 1,
    "createTime": "2017-06-27T08:06:15.000Z",
    "lastUpdateTime": "2017-06-27T08:06:15.000Z",
    "auth": 2,
    "uid": "bd-104634319",
    "publishedVersion": 0,
    "forkFrom": "-",
    "isSpam": 0,
    "version": 1,
    "parentVersion": -1,
    "echartsVersion": "3.6.2",
    "versionCreateTime": "2017-06-27T08:06:15.000Z",
    "html": "",
    "externalScripts": "",
    "updaterUID": "bd-104634319",
    "theme": "",
    "layout": "",
    "viewCount": 577,
    "userName": "__浅浅小幸福",
    "commentCount": 0,
    "starCount": 1,
    "isStared": 0,
    "thumbnailURL": "https://www.makeapie.com/ecg-storage/ec_gallery_thumbnail/xr1JbGqyEb.png?v=1498550775655",
    "isCustomThumbnail": 0,
    "builtinTags": [
        "category-work",
        "dataZoom",
        "grid",
        "legend",
        "series-line",
        "title",
        "toolbox",
        "tooltip"
    ],
    "customTags": [],
    "updaterUserName": "__浅浅小幸福"
}