{
    "cid": "xrJ80kEzNb",
    "authorUid": "bd-900618179",
    "authorUserName": "御***r",
    "title": "通过颜色映射销量",
    "description": "根据自己的喜好进行配置，也可以封装一个函数，地图需要第三方脚本，可以官网首页下载。",
    "latestVersion": 1,
    "alwaysLatest": 1,
    "createTime": "2017-06-29T07:44:14.000Z",
    "lastUpdateTime": "2017-06-29T07:44:14.000Z",
    "auth": 2,
    "uid": "bd-900618179",
    "publishedVersion": 0,
    "forkFrom": "-",
    "isSpam": 0,
    "version": 1,
    "parentVersion": -1,
    "echartsVersion": "3.6.2",
    "versionCreateTime": "2017-06-29T07:44:14.000Z",
    "html": "",
    "externalScripts": "/dep/echarts/map/js/china.js",
    "updaterUID": "bd-900618179",
    "theme": "",
    "layout": "",
    "viewCount": 5890,
    "userName": "御***r",
    "commentCount": 0,
    "starCount": 9,
    "isStared": 0,
    "thumbnailURL": "https://www.makeapie.com/ecg-storage/ec_gallery_thumbnail/xrJ80kEzNb.png?v=1498722254323",
    "isCustomThumbnail": 0,
    "builtinTags": [
        "category-work",
        "legend",
        "series-map",
        "title",
        "toolbox",
        "tooltip",
        "visualMap"
    ],
    "customTags": [],
    "updaterUserName": "御***r"
}