{
    "cid": "xryARgbWV-",
    "authorUid": "bd-900618179",
    "authorUserName": "御***r",
    "title": "根据数据显示条形图的个数",
    "description": "可以根据自己的喜好在重新封装",
    "latestVersion": 1,
    "alwaysLatest": 1,
    "createTime": "2017-06-28T10:11:33.000Z",
    "lastUpdateTime": "2017-06-28T10:11:33.000Z",
    "auth": 2,
    "uid": "bd-900618179",
    "publishedVersion": 0,
    "forkFrom": "-",
    "isSpam": 0,
    "version": 1,
    "parentVersion": -1,
    "echartsVersion": "3.6.2",
    "versionCreateTime": "2017-06-28T10:11:33.000Z",
    "html": "",
    "externalScripts": "",
    "updaterUID": "bd-900618179",
    "theme": "",
    "layout": "",
    "viewCount": 155,
    "userName": "御***r",
    "commentCount": 0,
    "starCount": 1,
    "isStared": 0,
    "thumbnailURL": "https://www.makeapie.com/ecg-storage/ec_gallery_thumbnail/xryARgbWV-.png?v=1498644694068",
    "isCustomThumbnail": 0,
    "builtinTags": [
        "category-work",
        "grid",
        "legend",
        "series-bar",
        "title",
        "tooltip"
    ],
    "customTags": [],
    "updaterUserName": "御***r"
}