{
    "cid": "xryVCwpxV-",
    "authorUid": "bd-2704078021",
    "authorUserName": "直觉S",
    "title": "贫血病饼状图分布",
    "description": "",
    "latestVersion": 1,
    "alwaysLatest": 1,
    "createTime": "2017-06-28T06:08:11.000Z",
    "lastUpdateTime": "2017-06-28T06:08:11.000Z",
    "auth": 2,
    "uid": "bd-2704078021",
    "publishedVersion": 0,
    "forkFrom": "-",
    "isSpam": 0,
    "version": 1,
    "parentVersion": -1,
    "echartsVersion": "3.6.2",
    "versionCreateTime": "2017-06-28T06:08:11.000Z",
    "html": "",
    "externalScripts": "",
    "updaterUID": "bd-2704078021",
    "theme": "",
    "layout": "",
    "viewCount": 488,
    "userName": "直觉S",
    "commentCount": 0,
    "starCount": 3,
    "isStared": 0,
    "thumbnailURL": "https://www.makeapie.com/ecg-storage/ec_gallery_thumbnail/xryVCwpxV-.png?v=1498630091939",
    "isCustomThumbnail": 0,
    "builtinTags": [
        "category-work",
        "legend",
        "series-pie",
        "tooltip"
    ],
    "customTags": [],
    "updaterUserName": "直觉S"
}