{
    "cid": "xSJICrl-NZ",
    "authorUid": "bd-2852340314",
    "authorUserName": "c***k",
    "title": "东南亚各国饮水情况",
    "description": "",
    "latestVersion": 1,
    "alwaysLatest": 1,
    "createTime": "2017-06-28T09:24:30.000Z",
    "lastUpdateTime": "2017-06-28T09:24:30.000Z",
    "auth": 2,
    "uid": "bd-2852340314",
    "publishedVersion": 0,
    "forkFrom": "-",
    "isSpam": 0,
    "version": 1,
    "parentVersion": -1,
    "echartsVersion": "3.6.2",
    "versionCreateTime": "2017-06-28T09:24:30.000Z",
    "html": "",
    "externalScripts": "",
    "updaterUID": "bd-2852340314",
    "theme": "",
    "layout": "",
    "viewCount": 662,
    "userName": "c***k",
    "commentCount": 0,
    "starCount": 0,
    "isStared": 0,
    "thumbnailURL": "https://www.makeapie.com/ecg-storage/ec_gallery_thumbnail/xSJICrl-NZ.png?v=1498641870256",
    "isCustomThumbnail": 0,
    "builtinTags": [
        "category-work",
        "series-pie",
        "timeline",
        "title",
        "tooltip"
    ],
    "customTags": [],
    "updaterUserName": "c***k"
}