{
    "cid": "xSk0OKdkNb",
    "authorUid": "bd-2202313678",
    "authorUserName": "作死男青年",
    "title": "投票统计",
    "description": "动态调用新数据",
    "latestVersion": 7,
    "alwaysLatest": 1,
    "createTime": "2017-06-27T06:21:42.000Z",
    "lastUpdateTime": "2017-06-27T06:21:42.000Z",
    "auth": 2,
    "uid": "bd-2202313678",
    "publishedVersion": 0,
    "forkFrom": "-",
    "isSpam": 0,
    "version": 7,
    "parentVersion": 6,
    "echartsVersion": "3.6.2",
    "versionCreateTime": "2017-06-28T13:01:31.000Z",
    "html": "",
    "externalScripts": "",
    "updaterUID": "bd-2202313678",
    "theme": "macarons",
    "layout": "",
    "viewCount": 415,
    "userName": "作死男青年",
    "commentCount": 0,
    "starCount": 3,
    "isStared": 0,
    "thumbnailURL": "https://www.makeapie.com/ecg-storage/ec_gallery_thumbnail/xSk0OKdkNb.png?v=1498654892050",
    "isCustomThumbnail": 0,
    "builtinTags": [
        "category-work",
        "grid",
        "legend",
        "series-bar",
        "title",
        "tooltip"
    ],
    "customTags": [],
    "updaterUserName": "作死男青年"
}