{
    "cid": "xSki4YFyV-",
    "authorUid": "bd-4013131402",
    "authorUserName": "o***4",
    "title": "极坐标下的堆积柱状图",
    "description": "",
    "latestVersion": 1,
    "alwaysLatest": 1,
    "createTime": "2017-06-27T07:28:51.000Z",
    "lastUpdateTime": "2017-06-27T07:28:51.000Z",
    "auth": 2,
    "uid": "bd-4013131402",
    "publishedVersion": 0,
    "forkFrom": "-",
    "isSpam": 0,
    "version": 1,
    "parentVersion": -1,
    "echartsVersion": "3.6.2",
    "versionCreateTime": "2017-06-27T07:28:51.000Z",
    "html": "",
    "externalScripts": "http://echarts.baidu.com/resource/echarts-liquidfill-latest/dist/echarts-liquidfill.min.js",
    "updaterUID": "bd-4013131402",
    "theme": "",
    "layout": "",
    "viewCount": 1120,
    "userName": "o***4",
    "commentCount": 0,
    "starCount": 0,
    "isStared": 0,
    "thumbnailURL": "https://www.makeapie.com/ecg-storage/ec_gallery_thumbnail/xSki4YFyV-.png?v=1498548531576",
    "isCustomThumbnail": 0,
    "builtinTags": [
        "category-work",
        "legend",
        "polar",
        "series-bar",
        "title"
    ],
    "customTags": [],
    "updaterUserName": "o***4"
}