{
    "cid": "xSyf07ilNZ",
    "authorUid": "bd-741667023",
    "authorUserName": "爱***月",
    "title": "经典折线图",
    "description": "",
    "latestVersion": 8,
    "alwaysLatest": 1,
    "createTime": "2017-06-28T03:34:34.000Z",
    "lastUpdateTime": "2017-06-28T03:34:34.000Z",
    "auth": 2,
    "uid": "bd-741667023",
    "publishedVersion": 0,
    "forkFrom": "-",
    "isSpam": 0,
    "version": 8,
    "parentVersion": 7,
    "echartsVersion": "3.8.0",
    "versionCreateTime": "2018-05-10T11:31:50.000Z",
    "html": "",
    "externalScripts": "",
    "updaterUID": "bd-741667023",
    "theme": "",
    "layout": "",
    "viewCount": 302,
    "userName": "爱***月",
    "commentCount": 0,
    "starCount": 1,
    "isStared": 0,
    "thumbnailURL": "https://www.makeapie.com/ecg-storage/ec_gallery_thumbnail/xSyf07ilNZ.png?v=1525951910646",
    "isCustomThumbnail": 0,
    "builtinTags": [
        "category-work",
        "dataZoom",
        "grid",
        "legend",
        "series-line",
        "title",
        "tooltip"
    ],
    "customTags": [],
    "updaterUserName": "爱***月"
}