{
    "cid": "xSyQC63xNW",
    "authorUid": "bd-2704078021",
    "authorUserName": "直觉S",
    "title": "东南亚饮水情况高级切换分布图",
    "description": "",
    "latestVersion": 5,
    "alwaysLatest": 1,
    "createTime": "2017-06-28T05:25:30.000Z",
    "lastUpdateTime": "2017-06-28T05:25:30.000Z",
    "auth": 2,
    "uid": "bd-2704078021",
    "publishedVersion": 0,
    "forkFrom": "-",
    "isSpam": 0,
    "version": 5,
    "parentVersion": 4,
    "echartsVersion": "3.6.2",
    "versionCreateTime": "2017-06-28T07:12:51.000Z",
    "html": "",
    "externalScripts": "",
    "updaterUID": "bd-2704078021",
    "theme": "",
    "layout": "",
    "viewCount": 1149,
    "userName": "直觉S",
    "commentCount": 0,
    "starCount": 3,
    "isStared": 0,
    "thumbnailURL": "https://www.makeapie.com/ecg-storage/ec_gallery_thumbnail/xSyQC63xNW.png?v=1498633971411",
    "isCustomThumbnail": 0,
    "builtinTags": [
        "category-work",
        "series-pie",
        "timeline",
        "title",
        "tooltip"
    ],
    "customTags": [],
    "updaterUserName": "直觉S"
}