{
    "cid": "xSyrvu9gVb",
    "authorUid": "bd-2889079406",
    "authorUserName": "六***论",
    "title": "恶意发帖以及回复效率",
    "description": "看水军速度",
    "latestVersion": 2,
    "alwaysLatest": 1,
    "createTime": "2017-06-28T02:45:48.000Z",
    "lastUpdateTime": "2017-06-28T02:45:48.000Z",
    "auth": 2,
    "uid": "bd-2889079406",
    "publishedVersion": 0,
    "forkFrom": "-",
    "isSpam": 0,
    "version": 2,
    "parentVersion": 1,
    "echartsVersion": "3.6.2",
    "versionCreateTime": "2017-06-28T03:29:41.000Z",
    "html": "",
    "externalScripts": "",
    "updaterUID": "bd-2889079406",
    "theme": "",
    "layout": "",
    "viewCount": 186,
    "userName": "六***论",
    "commentCount": 0,
    "starCount": 1,
    "isStared": 0,
    "thumbnailURL": "https://www.makeapie.com/ecg-storage/ec_gallery_thumbnail/xSyrvu9gVb.png?v=1498620581948",
    "isCustomThumbnail": 0,
    "builtinTags": [
        "category-work",
        "dataZoom",
        "grid",
        "legend",
        "markPoint",
        "series-effectScatter",
        "series-line",
        "title",
        "toolbox",
        "tooltip"
    ],
    "customTags": [],
    "updaterUserName": "六***论"
}