{
    "cid": "x0cF2L73p2",
    "authorUid": "bd-4145772538",
    "authorUserName": "X***s",
    "title": "复习认知知识谱",
    "description": "",
    "latestVersion": 3,
    "alwaysLatest": 1,
    "createTime": "2019-07-15T06:59:49.000Z",
    "lastUpdateTime": "2019-07-15T06:59:49.000Z",
    "auth": 2,
    "uid": "bd-4145772538",
    "publishedVersion": 0,
    "forkFrom": "-",
    "isSpam": 0,
    "version": 3,
    "parentVersion": 2,
    "echartsVersion": "4.2.1",
    "versionCreateTime": "2019-07-15T07:10:41.000Z",
    "html": "",
    "externalScripts": "",
    "updaterUID": "bd-4145772538",
    "theme": "",
    "layout": "",
    "viewCount": 378,
    "userName": "X***s",
    "commentCount": 0,
    "starCount": 2,
    "isStared": 0,
    "thumbnailURL": "https://www.makeapie.com/ecg-storage/ec_gallery_thumbnail/x0cF2L73p2.png?v=1563174641443",
    "isCustomThumbnail": 0,
    "builtinTags": [
        "category-work",
        "grid",
        "series-line",
        "tooltip"
    ],
    "customTags": [],
    "updaterUserName": "X***s"
}