{
    "cid": "x2ILUncB1x",
    "authorUid": "bd-2332969606",
    "authorUserName": "1***生",
    "title": "区域分色柱状图",
    "description": "",
    "latestVersion": 3,
    "alwaysLatest": 1,
    "createTime": "2019-07-16T08:49:34.000Z",
    "lastUpdateTime": "2019-07-16T08:49:34.000Z",
    "auth": 1,
    "uid": "bd-2332969606",
    "publishedVersion": 0,
    "forkFrom": "-",
    "isSpam": 0,
    "version": 3,
    "parentVersion": 2,
    "echartsVersion": "4.2.1",
    "versionCreateTime": "2019-07-16T09:16:16.000Z",
    "html": "",
    "externalScripts": "",
    "updaterUID": "bd-2332969606",
    "theme": "",
    "layout": "",
    "viewCount": 350,
    "userName": "1***生",
    "commentCount": 0,
    "starCount": 0,
    "isStared": 0,
    "thumbnailURL": "https://www.makeapie.com/ecg-storage/ec_gallery_thumbnail/x2ILUncB1x.png?v=1563268576353",
    "isCustomThumbnail": 0,
    "builtinTags": [
        "category-work",
        "grid",
        "series-bar",
        "visualMap"
    ],
    "customTags": [],
    "updaterUserName": "1***生"
}