{
    "cid": "x88x_kzcqy",
    "authorUid": "bd-2013481626",
    "authorUserName": "じ***ゞ",
    "title": "折线图",
    "description": "",
    "latestVersion": 5,
    "alwaysLatest": 1,
    "createTime": "2019-07-17T06:13:53.000Z",
    "lastUpdateTime": "2019-07-17T06:13:53.000Z",
    "auth": 2,
    "uid": "bd-2013481626",
    "publishedVersion": 0,
    "forkFrom": "-",
    "isSpam": 0,
    "version": 5,
    "parentVersion": 4,
    "echartsVersion": "4.2.1",
    "versionCreateTime": "2019-07-26T09:09:30.000Z",
    "html": "",
    "externalScripts": "",
    "updaterUID": "bd-2013481626",
    "theme": "",
    "layout": "",
    "viewCount": 2253,
    "userName": "じ***ゞ",
    "commentCount": 0,
    "starCount": 3,
    "isStared": 0,
    "thumbnailURL": "https://www.makeapie.com/ecg-storage/ec_gallery_thumbnail/x88x_kzcqy.png?v=1564132170699",
    "isCustomThumbnail": 0,
    "builtinTags": [
        "category-work",
        "dataZoom",
        "grid",
        "series-bar",
        "series-line",
        "tooltip"
    ],
    "customTags": [],
    "updaterUserName": "じ***ゞ"
}