{
    "cid": "xaS-kYomnR",
    "authorUid": "bd-778803181",
    "authorUserName": "187*****536",
    "title": "heatMap 实现网格",
    "description": "",
    "latestVersion": 1,
    "alwaysLatest": 1,
    "createTime": "2019-07-15T08:51:02.000Z",
    "lastUpdateTime": "2019-07-15T08:51:02.000Z",
    "auth": 2,
    "uid": "bd-778803181",
    "publishedVersion": 0,
    "forkFrom": "-",
    "isSpam": 0,
    "version": 1,
    "parentVersion": -1,
    "echartsVersion": "4.2.1",
    "versionCreateTime": "2019-07-15T08:51:02.000Z",
    "html": "",
    "externalScripts": "",
    "updaterUID": "bd-778803181",
    "theme": "",
    "layout": "",
    "viewCount": 268,
    "userName": "187*****536",
    "commentCount": 0,
    "starCount": 1,
    "isStared": 0,
    "thumbnailURL": "https://www.makeapie.com/ecg-storage/ec_gallery_thumbnail/xaS-kYomnR.png?v=1563180662391",
    "isCustomThumbnail": 0,
    "builtinTags": [
        "category-work",
        "grid",
        "series-heatmap",
        "title",
        "tooltip"
    ],
    "customTags": [],
    "updaterUserName": "187*****536"
}