{
    "cid": "xgkMjGVn_Y",
    "authorUid": "bd-258458457",
    "authorUserName": "破***火",
    "title": "x轴数据分类",
    "description": "",
    "latestVersion": 1,
    "alwaysLatest": 1,
    "createTime": "2019-07-15T07:12:19.000Z",
    "lastUpdateTime": "2019-07-15T07:12:19.000Z",
    "auth": 2,
    "uid": "bd-258458457",
    "publishedVersion": 0,
    "forkFrom": "-",
    "isSpam": 0,
    "version": 1,
    "parentVersion": -1,
    "echartsVersion": "4.2.1",
    "versionCreateTime": "2019-07-15T07:12:19.000Z",
    "html": "",
    "externalScripts": "",
    "updaterUID": "bd-258458457",
    "theme": "",
    "layout": "",
    "viewCount": 94,
    "userName": "破***火",
    "commentCount": 0,
    "starCount": 0,
    "isStared": 0,
    "thumbnailURL": "https://www.makeapie.com/ecg-storage/ec_gallery_thumbnail/xgkMjGVn_Y.png?v=1563174739329",
    "isCustomThumbnail": 0,
    "builtinTags": [
        "category-work",
        "grid",
        "legend",
        "series-bar",
        "tooltip"
    ],
    "customTags": [
        "xAxis"
    ],
    "updaterUserName": "破***火"
}