{
    "cid": "xiQDZGanyU",
    "authorUid": "bd-547909240",
    "authorUserName": "i***明",
    "title": "折线图",
    "description": "",
    "latestVersion": 1,
    "alwaysLatest": 1,
    "createTime": "2019-07-15T06:33:41.000Z",
    "lastUpdateTime": "2019-07-15T06:33:41.000Z",
    "auth": 2,
    "uid": "bd-547909240",
    "publishedVersion": 0,
    "forkFrom": "-",
    "isSpam": 0,
    "version": 1,
    "parentVersion": -1,
    "echartsVersion": "4.2.1",
    "versionCreateTime": "2019-07-15T06:33:41.000Z",
    "html": "",
    "externalScripts": "",
    "updaterUID": "bd-547909240",
    "theme": "",
    "layout": "",
    "viewCount": 30,
    "userName": "i***明",
    "commentCount": 0,
    "starCount": 0,
    "isStared": 0,
    "thumbnailURL": "https://www.makeapie.com/ecg-storage/ec_gallery_thumbnail/xiQDZGanyU.png?v=1563172421732",
    "isCustomThumbnail": 0,
    "builtinTags": [
        "category-work",
        "grid",
        "legend",
        "series-line",
        "tooltip"
    ],
    "customTags": [],
    "updaterUserName": "i***明"
}