{
    "cid": "xkVpzmjd2p",
    "authorUid": "bd-2721539501",
    "authorUserName": "世***e",
    "title": "折线图堆叠",
    "description": "",
    "latestVersion": 1,
    "alwaysLatest": 1,
    "createTime": "2019-07-16T03:25:02.000Z",
    "lastUpdateTime": "2019-07-16T03:25:02.000Z",
    "auth": 2,
    "uid": "bd-2721539501",
    "publishedVersion": 0,
    "forkFrom": "-",
    "isSpam": 0,
    "version": 1,
    "parentVersion": -1,
    "echartsVersion": "4.2.1",
    "versionCreateTime": "2019-07-16T03:25:02.000Z",
    "html": "",
    "externalScripts": "",
    "updaterUID": "bd-2721539501",
    "theme": "",
    "layout": "",
    "viewCount": 17,
    "userName": "世***e",
    "commentCount": 0,
    "starCount": 0,
    "isStared": 0,
    "thumbnailURL": "https://www.makeapie.com/ecg-storage/ec_gallery_thumbnail/xkVpzmjd2p.png?v=1563247502550",
    "isCustomThumbnail": 0,
    "builtinTags": [
        "category-work",
        "grid",
        "legend",
        "series-line",
        "title",
        "toolbox",
        "tooltip"
    ],
    "customTags": [],
    "updaterUserName": "世***e"
}