{
    "cid": "xM41FFb1EN",
    "authorUid": "bd-1444545025",
    "authorUserName": "真***u",
    "title": "圆形雷达图",
    "description": "大屏上使用的分割区域为原型的雷达图",
    "latestVersion": 2,
    "alwaysLatest": 1,
    "createTime": "2019-07-17T01:40:18.000Z",
    "lastUpdateTime": "2019-07-17T01:40:18.000Z",
    "auth": 2,
    "uid": "bd-1444545025",
    "publishedVersion": 0,
    "forkFrom": "-",
    "isSpam": 0,
    "version": 2,
    "parentVersion": 1,
    "echartsVersion": "4.2.1",
    "versionCreateTime": "2019-07-17T02:28:35.000Z",
    "html": "",
    "externalScripts": "",
    "updaterUID": "bd-1444545025",
    "theme": "",
    "layout": "",
    "viewCount": 276,
    "userName": "真***u",
    "commentCount": 0,
    "starCount": 0,
    "isStared": 0,
    "thumbnailURL": "https://www.makeapie.com/ecg-storage/ec_gallery_thumbnail/xM41FFb1EN.png?v=1563330516042",
    "isCustomThumbnail": 0,
    "builtinTags": [
        "category-work",
        "polar",
        "radar",
        "series-radar",
        "tooltip"
    ],
    "customTags": [],
    "updaterUserName": "真***u"
}