{
    "cid": "xP8oAJT6Yv",
    "authorUid": "bd-118370542",
    "authorUserName": "8***2",
    "title": "多图展示",
    "description": "",
    "latestVersion": 2,
    "alwaysLatest": 1,
    "createTime": "2019-07-14T16:30:25.000Z",
    "lastUpdateTime": "2019-07-14T16:30:25.000Z",
    "auth": 2,
    "uid": "bd-118370542",
    "publishedVersion": 0,
    "forkFrom": "-",
    "isSpam": 0,
    "version": 2,
    "parentVersion": 1,
    "echartsVersion": "4.2.1",
    "versionCreateTime": "2019-07-15T08:27:47.000Z",
    "html": "",
    "externalScripts": "",
    "updaterUID": "bd-118370542",
    "theme": "",
    "layout": "",
    "viewCount": 121,
    "userName": "8***2",
    "commentCount": 0,
    "starCount": 2,
    "isStared": 0,
    "thumbnailURL": "https://www.makeapie.com/ecg-storage/ec_gallery_thumbnail/xP8oAJT6Yv.png?v=1563179267944",
    "isCustomThumbnail": 0,
    "builtinTags": [
        "category-work",
        "grid",
        "legend",
        "series-bar",
        "series-pie",
        "title",
        "tooltip"
    ],
    "customTags": [],
    "updaterUserName": "8***2"
}