{
    "cid": "xpNKljEFAP",
    "authorUid": "bd-2589517385",
    "authorUserName": "徐***盟",
    "title": "上下柱状图联动",
    "description": "",
    "latestVersion": 1,
    "alwaysLatest": 1,
    "createTime": "2019-07-15T05:37:20.000Z",
    "lastUpdateTime": "2019-07-15T05:37:20.000Z",
    "auth": 2,
    "uid": "bd-2589517385",
    "publishedVersion": 0,
    "forkFrom": "-",
    "isSpam": 0,
    "version": 1,
    "parentVersion": -1,
    "echartsVersion": "4.2.1",
    "versionCreateTime": "2019-07-15T05:37:20.000Z",
    "html": "",
    "externalScripts": "",
    "updaterUID": "bd-2589517385",
    "theme": "",
    "layout": "",
    "viewCount": 340,
    "userName": "徐***盟",
    "commentCount": 0,
    "starCount": 1,
    "isStared": 0,
    "thumbnailURL": "https://www.makeapie.com/ecg-storage/ec_gallery_thumbnail/xpNKljEFAP.png?v=1563169040166",
    "isCustomThumbnail": 0,
    "builtinTags": [
        "category-work",
        "dataZoom",
        "grid",
        "series-bar",
        "title",
        "tooltip"
    ],
    "customTags": [
        "bar",
        "datazoom",
        "grid",
        "title",
        "tooltip"
    ],
    "updaterUserName": "徐***盟"
}