{
    "cid": "xRuIEQN6ZF",
    "authorUid": "bd-306140582",
    "authorUserName": "就***d",
    "title": "周月年动态切换数据柱形图+折线图",
    "description": "因结构限制 vue完整版 请看https://blog.csdn.net/qq_42221334/article/details/96307823",
    "latestVersion": 1,
    "alwaysLatest": 1,
    "createTime": "2019-07-17T07:03:54.000Z",
    "lastUpdateTime": "2019-07-17T07:03:54.000Z",
    "auth": 2,
    "uid": "bd-306140582",
    "publishedVersion": 0,
    "forkFrom": "-",
    "isSpam": 0,
    "version": 1,
    "parentVersion": -1,
    "echartsVersion": "4.2.1",
    "versionCreateTime": "2019-07-17T07:03:54.000Z",
    "html": "",
    "externalScripts": "",
    "updaterUID": "bd-306140582",
    "theme": "",
    "layout": "",
    "viewCount": 329,
    "userName": "就***d",
    "commentCount": 0,
    "starCount": 2,
    "isStared": 0,
    "thumbnailURL": "https://www.makeapie.com/ecg-storage/ec_gallery_thumbnail/xRuIEQN6ZF.png?v=1563347034987",
    "isCustomThumbnail": 1,
    "builtinTags": [
        "category-work",
        "grid",
        "legend",
        "series-bar",
        "series-line",
        "tooltip"
    ],
    "customTags": [
        "动态切换数据",
        "折线图",
        "柱形图"
    ],
    "updaterUserName": "就***d"
}