{
    "cid": "xs2fzOXeDp",
    "authorUid": "bd-765612402",
    "authorUserName": "还***学",
    "title": "阶梯瀑布图",
    "description": "From ExcelHome",
    "latestVersion": 1,
    "alwaysLatest": 1,
    "createTime": "2019-07-16T03:37:22.000Z",
    "lastUpdateTime": "2019-07-16T03:37:22.000Z",
    "auth": 2,
    "uid": "bd-765612402",
    "publishedVersion": 0,
    "forkFrom": "-",
    "isSpam": 0,
    "version": 1,
    "parentVersion": -1,
    "echartsVersion": "4.2.1",
    "versionCreateTime": "2019-07-16T03:37:22.000Z",
    "html": "",
    "externalScripts": "",
    "updaterUID": "bd-765612402",
    "theme": "",
    "layout": "",
    "viewCount": 88,
    "userName": "还***学",
    "commentCount": 0,
    "starCount": 1,
    "isStared": 0,
    "thumbnailURL": "https://www.makeapie.com/ecg-storage/ec_gallery_thumbnail/xs2fzOXeDp.png?v=1563248242271",
    "isCustomThumbnail": 0,
    "builtinTags": [
        "category-work",
        "grid",
        "legend",
        "series-bar",
        "title",
        "toolbox",
        "tooltip"
    ],
    "customTags": [],
    "updaterUserName": "还***学"
}