{
    "cid": "xwmmsH9w8K",
    "authorUid": "bd-4246168860",
    "authorUserName": "h***4",
    "title": "环形图显示",
    "description": "默认显示汇总数据，单选显示单项数据，无冗余",
    "latestVersion": 1,
    "alwaysLatest": 1,
    "createTime": "2019-07-15T07:00:02.000Z",
    "lastUpdateTime": "2019-07-15T07:00:02.000Z",
    "auth": 2,
    "uid": "bd-4246168860",
    "publishedVersion": 0,
    "forkFrom": "-",
    "isSpam": 0,
    "version": 1,
    "parentVersion": -1,
    "echartsVersion": "4.2.1",
    "versionCreateTime": "2019-07-15T07:00:02.000Z",
    "html": "",
    "externalScripts": "",
    "updaterUID": "bd-4246168860",
    "theme": "",
    "layout": "",
    "viewCount": 37,
    "userName": "h***4",
    "commentCount": 0,
    "starCount": 0,
    "isStared": 0,
    "thumbnailURL": "https://www.makeapie.com/ecg-storage/ec_gallery_thumbnail/xwmmsH9w8K.png?v=1563174003084",
    "isCustomThumbnail": 0,
    "builtinTags": [
        "category-work",
        "series-pie",
        "title",
        "tooltip"
    ],
    "customTags": [],
    "updaterUserName": "h***4"
}