{
    "cid": "xxFA_gsKet",
    "authorUid": "bd-306140582",
    "authorUserName": "就***d",
    "title": "中国地图地点数据匹配",
    "description": "因结构不同vue版请查看\nhttps://blog.csdn.net/qq_42221334/article/details/95493484",
    "latestVersion": 4,
    "alwaysLatest": 1,
    "createTime": "2019-07-16T06:07:31.000Z",
    "lastUpdateTime": "2019-07-16T06:07:31.000Z",
    "auth": 2,
    "uid": "bd-306140582",
    "publishedVersion": 0,
    "forkFrom": "-",
    "isSpam": 0,
    "version": 4,
    "parentVersion": 3,
    "echartsVersion": "4.2.1",
    "versionCreateTime": "2019-08-09T03:46:13.000Z",
    "html": "",
    "externalScripts": "/dep/echarts/latest/extension/bmap.min.js,/dep/echarts/map/js/china.js",
    "updaterUID": "bd-306140582",
    "theme": "",
    "layout": "",
    "viewCount": 3686,
    "userName": "就***d",
    "commentCount": 0,
    "starCount": 8,
    "isStared": 0,
    "thumbnailURL": "https://www.makeapie.com/ecg-storage/ec_gallery_thumbnail/xxFA_gsKet.png?v=1563257251446",
    "isCustomThumbnail": 1,
    "builtinTags": [
        "category-work",
        "geo",
        "series-map",
        "series-scatter",
        "title",
        "tooltip"
    ],
    "customTags": [],
    "updaterUserName": "就***d"
}