{
    "cid": "xZzZire0-g",
    "authorUid": "bd-1444545025",
    "authorUserName": "真***u",
    "title": "曲线雷达图",
    "description": "",
    "latestVersion": 1,
    "alwaysLatest": 1,
    "createTime": "2019-07-17T07:09:30.000Z",
    "lastUpdateTime": "2019-07-17T07:09:30.000Z",
    "auth": 2,
    "uid": "bd-1444545025",
    "publishedVersion": 0,
    "forkFrom": "-",
    "isSpam": 0,
    "version": 1,
    "parentVersion": -1,
    "echartsVersion": "4.2.1",
    "versionCreateTime": "2019-07-17T07:09:30.000Z",
    "html": "",
    "externalScripts": "",
    "updaterUID": "bd-1444545025",
    "theme": "",
    "layout": "",
    "viewCount": 374,
    "userName": "真***u",
    "commentCount": 0,
    "starCount": 2,
    "isStared": 0,
    "thumbnailURL": "https://www.makeapie.com/ecg-storage/ec_gallery_thumbnail/xZzZire0-g.png?v=1563347370547",
    "isCustomThumbnail": 0,
    "builtinTags": [
        "category-work",
        "polar",
        "series-line",
        "title",
        "tooltip"
    ],
    "customTags": [],
    "updaterUserName": "真***u"
}