{
    "cid": "x76zFsA_P",
    "authorUid": "bd-4145772538",
    "authorUserName": "X***s",
    "title": "个性化认知诊断-综合认知水平历史轨迹",
    "description": "个性化认知诊断系统",
    "latestVersion": 1,
    "alwaysLatest": 1,
    "createTime": "2019-11-14T02:49:07.000Z",
    "lastUpdateTime": "2019-11-14T02:49:07.000Z",
    "auth": 2,
    "uid": "bd-4145772538",
    "publishedVersion": 0,
    "forkFrom": "-",
    "isSpam": 0,
    "version": 1,
    "parentVersion": -1,
    "echartsVersion": "4.4.0",
    "versionCreateTime": "2019-11-14T02:49:07.000Z",
    "html": "",
    "externalScripts": "",
    "updaterUID": "bd-4145772538",
    "theme": "",
    "layout": "",
    "viewCount": 157,
    "userName": "X***s",
    "commentCount": 0,
    "starCount": 0,
    "isStared": 0,
    "thumbnailURL": "https://www.makeapie.com/ecg-storage/ec_gallery_thumbnail/x76zFsA_P.png?v=1573699747923",
    "isCustomThumbnail": 0,
    "builtinTags": [
        "category-work",
        "grid",
        "legend",
        "markPoint",
        "series-line",
        "title",
        "tooltip"
    ],
    "customTags": [],
    "updaterUserName": "X***s"
}