{
    "cid": "x8reSoRig",
    "authorUid": "bd-4145772538",
    "authorUserName": "X***s",
    "title": "个性化认知诊断-认知水平值",
    "description": "个性化认知诊断使用",
    "latestVersion": 3,
    "alwaysLatest": 1,
    "createTime": "2019-11-13T02:02:49.000Z",
    "lastUpdateTime": "2019-11-13T02:02:49.000Z",
    "auth": 2,
    "uid": "bd-4145772538",
    "publishedVersion": 0,
    "forkFrom": "-",
    "isSpam": 0,
    "version": 3,
    "parentVersion": 2,
    "echartsVersion": "4.4.0",
    "versionCreateTime": "2019-11-14T01:37:03.000Z",
    "html": "",
    "externalScripts": "",
    "updaterUID": "bd-4145772538",
    "theme": "",
    "layout": "",
    "viewCount": 183,
    "userName": "X***s",
    "commentCount": 0,
    "starCount": 2,
    "isStared": 0,
    "thumbnailURL": "https://www.makeapie.com/ecg-storage/ec_gallery_thumbnail/x8reSoRig.png?v=1573695423839",
    "isCustomThumbnail": 0,
    "builtinTags": [
        "category-work",
        "series-pie",
        "title"
    ],
    "customTags": [],
    "updaterUserName": "X***s"
}