{
    "cid": "x9Gw-ofdQ",
    "authorUid": "bd-773792846",
    "authorUserName": "▕***ˉ",
    "title": "双十一的第一个十年",
    "description": "双十一这十年销售额",
    "latestVersion": 3,
    "alwaysLatest": 1,
    "createTime": "2019-11-14T03:00:33.000Z",
    "lastUpdateTime": "2019-11-14T03:00:33.000Z",
    "auth": 2,
    "uid": "bd-773792846",
    "publishedVersion": 0,
    "forkFrom": "-",
    "isSpam": 0,
    "version": 3,
    "parentVersion": 2,
    "echartsVersion": "4.4.0",
    "versionCreateTime": "2019-11-14T03:01:39.000Z",
    "html": "",
    "externalScripts": "",
    "updaterUID": "bd-773792846",
    "theme": "dark",
    "layout": "",
    "viewCount": 46,
    "userName": "▕***ˉ",
    "commentCount": 0,
    "starCount": 0,
    "isStared": 0,
    "thumbnailURL": "https://www.makeapie.com/ecg-storage/ec_gallery_thumbnail/x9Gw-ofdQ.png?v=1573700499863",
    "isCustomThumbnail": 0,
    "builtinTags": [
        "category-work",
        "grid",
        "series-bar",
        "title",
        "tooltip"
    ],
    "customTags": [
        "双十一",
        "阿里巴巴"
    ],
    "updaterUserName": "▕***ˉ"
}