{
    "cid": "xBuHbhto9",
    "authorUid": "bd-2517504769",
    "authorUserName": "m***a",
    "title": " 多Y轴+时间轴+缩放+markLine ",
    "description": "\n多Y轴+时间轴+缩放+markLine ",
    "latestVersion": 2,
    "alwaysLatest": 1,
    "createTime": "2019-11-14T08:19:53.000Z",
    "lastUpdateTime": "2019-11-14T08:19:53.000Z",
    "auth": 2,
    "uid": "bd-2517504769",
    "publishedVersion": 0,
    "forkFrom": "-",
    "isSpam": 0,
    "version": 2,
    "parentVersion": 1,
    "echartsVersion": "4.4.0",
    "versionCreateTime": "2019-11-15T05:01:32.000Z",
    "html": "",
    "externalScripts": "",
    "updaterUID": "bd-2517504769",
    "theme": "",
    "layout": "",
    "viewCount": 2291,
    "userName": "m***a",
    "commentCount": 0,
    "starCount": 5,
    "isStared": 0,
    "thumbnailURL": "https://www.makeapie.com/ecg-storage/ec_gallery_thumbnail/xBuHbhto9.png?v=1573794093004",
    "isCustomThumbnail": 0,
    "builtinTags": [
        "category-work",
        "dataZoom",
        "grid",
        "markLine",
        "series-line",
        "series-scatter",
        "tooltip"
    ],
    "customTags": [],
    "updaterUserName": "m***a"
}