{
    "cid": "xDaaaOQ1h",
    "authorUid": "bd-1711678821",
    "authorUserName": "虎***啊",
    "title": "Android APP CPU占用率实时图表",
    "description": "Android APP CPU占用率实时图表",
    "latestVersion": 4,
    "alwaysLatest": 1,
    "createTime": "2019-11-14T03:25:11.000Z",
    "lastUpdateTime": "2019-11-14T03:25:11.000Z",
    "auth": 2,
    "uid": "bd-1711678821",
    "publishedVersion": 0,
    "forkFrom": "-",
    "isSpam": 0,
    "version": 4,
    "parentVersion": 3,
    "echartsVersion": "4.4.0",
    "versionCreateTime": "2019-11-14T06:28:48.000Z",
    "html": "",
    "externalScripts": "",
    "updaterUID": "bd-1711678821",
    "theme": "",
    "layout": "",
    "viewCount": 399,
    "userName": "虎***啊",
    "commentCount": 0,
    "starCount": 5,
    "isStared": 0,
    "thumbnailURL": "https://www.makeapie.com/ecg-storage/ec_gallery_thumbnail/xDaaaOQ1h.png?v=1573712929008",
    "isCustomThumbnail": 0,
    "builtinTags": [
        "category-work",
        "dataZoom",
        "grid",
        "legend",
        "series-line",
        "title",
        "toolbox",
        "tooltip"
    ],
    "customTags": [],
    "updaterUserName": "虎***啊"
}