{
    "cid": "xFF0vXCvz",
    "authorUid": "bd-1928704263",
    "authorUserName": "認***浪",
    "title": "点线",
    "description": "备忘录",
    "latestVersion": 2,
    "alwaysLatest": 1,
    "createTime": "2019-11-13T09:58:00.000Z",
    "lastUpdateTime": "2019-11-13T09:58:00.000Z",
    "auth": 2,
    "uid": "bd-1928704263",
    "publishedVersion": 0,
    "forkFrom": "-",
    "isSpam": 0,
    "version": 2,
    "parentVersion": 1,
    "echartsVersion": "4.4.0",
    "versionCreateTime": "2019-11-13T09:58:25.000Z",
    "html": "",
    "externalScripts": "",
    "updaterUID": "bd-1928704263",
    "theme": "",
    "layout": "",
    "viewCount": 9,
    "userName": "認***浪",
    "commentCount": 0,
    "starCount": 0,
    "isStared": 0,
    "thumbnailURL": "https://www.makeapie.com/ecg-storage/ec_gallery_thumbnail/xFF0vXCvz.png?v=1573639081087",
    "isCustomThumbnail": 0,
    "builtinTags": [
        "category-work"
    ],
    "customTags": [],
    "updaterUserName": "認***浪"
}