{
    "cid": "xnMqkckys",
    "authorUid": "bd-1546383952",
    "authorUserName": "奥***y",
    "title": "hover内陷",
    "description": "",
    "latestVersion": 2,
    "alwaysLatest": 1,
    "createTime": "2019-11-13T03:37:52.000Z",
    "lastUpdateTime": "2019-11-13T03:37:52.000Z",
    "auth": 2,
    "uid": "bd-1546383952",
    "publishedVersion": 0,
    "forkFrom": "-",
    "isSpam": 0,
    "version": 2,
    "parentVersion": 1,
    "echartsVersion": "4.4.0",
    "versionCreateTime": "2019-11-13T03:51:28.000Z",
    "html": "",
    "externalScripts": "",
    "updaterUID": "bd-1546383952",
    "theme": "",
    "layout": "",
    "viewCount": 33,
    "userName": "奥***y",
    "commentCount": 0,
    "starCount": 0,
    "isStared": 0,
    "thumbnailURL": "https://www.makeapie.com/ecg-storage/ec_gallery_thumbnail/xnMqkckys.png?v=1573617088515",
    "isCustomThumbnail": 0,
    "builtinTags": [
        "category-work",
        "legend",
        "series-pie",
        "tooltip"
    ],
    "customTags": [],
    "updaterUserName": "奥***y"
}