{
    "cid": "xRATqIutm",
    "authorUid": "bd-1711678821",
    "authorUserName": "虎***啊",
    "title": "动态CPU占用率",
    "description": "使用饼状图体现动态的CPU使用率",
    "latestVersion": 2,
    "alwaysLatest": 1,
    "createTime": "2019-11-13T08:22:11.000Z",
    "lastUpdateTime": "2019-11-13T08:22:11.000Z",
    "auth": 2,
    "uid": "bd-1711678821",
    "publishedVersion": 0,
    "forkFrom": "-",
    "isSpam": 0,
    "version": 2,
    "parentVersion": 1,
    "echartsVersion": "4.4.0",
    "versionCreateTime": "2019-11-13T08:29:39.000Z",
    "html": "",
    "externalScripts": "",
    "updaterUID": "bd-1711678821",
    "theme": "",
    "layout": "",
    "viewCount": 982,
    "userName": "虎***啊",
    "commentCount": 0,
    "starCount": 10,
    "isStared": 0,
    "thumbnailURL": "https://www.makeapie.com/ecg-storage/ec_gallery_thumbnail/xRATqIutm.png?v=1573633779430",
    "isCustomThumbnail": 0,
    "builtinTags": [
        "category-work",
        "series-pie",
        "title"
    ],
    "customTags": [
        "CPU",
        "使用率",
        "动态",
        "占用率"
    ],
    "updaterUserName": "虎***啊"
}