{
    "cid": "xsu_ZY8r4",
    "authorUid": "bd-4249217762",
    "authorUserName": "不***9",
    "title": "legend文字对齐",
    "description": "legend文字对齐",
    "latestVersion": 1,
    "alwaysLatest": 1,
    "createTime": "2019-11-14T02:24:23.000Z",
    "lastUpdateTime": "2019-11-14T02:24:23.000Z",
    "auth": 1,
    "uid": "bd-4249217762",
    "publishedVersion": 0,
    "forkFrom": "-",
    "isSpam": 0,
    "version": 1,
    "parentVersion": -1,
    "echartsVersion": "4.4.0",
    "versionCreateTime": "2019-11-14T02:24:23.000Z",
    "html": "",
    "externalScripts": "",
    "updaterUID": "bd-4249217762",
    "theme": "",
    "layout": "",
    "viewCount": 175,
    "userName": "不***9",
    "commentCount": 0,
    "starCount": 3,
    "isStared": 0,
    "thumbnailURL": "https://www.makeapie.com/ecg-storage/ec_gallery_thumbnail/xsu_ZY8r4.png?v=1573698263753",
    "isCustomThumbnail": 0,
    "builtinTags": [
        "category-work",
        "legend",
        "series-pie",
        "title",
        "tooltip"
    ],
    "customTags": [],
    "updaterUserName": "不***9"
}