{
    "cid": "xuOTc4Cn_",
    "authorUid": "bd-2374762008",
    "authorUserName": "奔***卜",
    "title": "公司部门人员分布",
    "description": "展示公司三部分人数数量从一月份到是十二月份的数量变动情况2",
    "latestVersion": 1,
    "alwaysLatest": 1,
    "createTime": "2019-11-14T03:37:55.000Z",
    "lastUpdateTime": "2019-11-14T03:37:55.000Z",
    "auth": 1,
    "uid": "bd-2374762008",
    "publishedVersion": 0,
    "forkFrom": "-",
    "isSpam": 0,
    "version": 1,
    "parentVersion": -1,
    "echartsVersion": "4.4.0",
    "versionCreateTime": "2019-11-14T03:37:55.000Z",
    "html": "",
    "externalScripts": "",
    "updaterUID": "bd-2374762008",
    "theme": "",
    "layout": "",
    "viewCount": 75,
    "userName": "奔***卜",
    "commentCount": 0,
    "starCount": 1,
    "isStared": 0,
    "thumbnailURL": "https://www.makeapie.com/ecg-storage/ec_gallery_thumbnail/xuOTc4Cn_.png?v=1573702675891",
    "isCustomThumbnail": 0,
    "builtinTags": [
        "category-work",
        "grid",
        "legend",
        "series-bar",
        "title",
        "tooltip"
    ],
    "customTags": [],
    "updaterUserName": "奔***卜"
}