{
    "cid": "xvoF-8SvM",
    "authorUid": "bd-2545319",
    "authorUserName": "i***绘",
    "title": "带状态的链路",
    "description": "通过level判断链路状态，赋予不同的状态表现",
    "latestVersion": 1,
    "alwaysLatest": 1,
    "createTime": "2019-11-13T06:15:10.000Z",
    "lastUpdateTime": "2019-11-13T06:15:10.000Z",
    "auth": 2,
    "uid": "bd-2545319",
    "publishedVersion": 0,
    "forkFrom": "-",
    "isSpam": 0,
    "version": 1,
    "parentVersion": -1,
    "echartsVersion": "4.4.0",
    "versionCreateTime": "2019-11-13T06:15:10.000Z",
    "html": "",
    "externalScripts": "",
    "updaterUID": "bd-2545319",
    "theme": "",
    "layout": "",
    "viewCount": 3524,
    "userName": "i***绘",
    "commentCount": 0,
    "starCount": 20,
    "isStared": 0,
    "thumbnailURL": "https://www.makeapie.com/ecg-storage/ec_gallery_thumbnail/xvoF-8SvM.png?v=1573625710840",
    "isCustomThumbnail": 0,
    "builtinTags": [
        "category-work",
        "grid",
        "series-effectScatter",
        "series-lines"
    ],
    "customTags": [],
    "updaterUserName": "i***绘"
}