{
    "cid": "xyVHw0jJ8",
    "authorUid": "bd-474718062",
    "authorUserName": "少***心",
    "title": "练习一",
    "description": "",
    "latestVersion": 5,
    "alwaysLatest": 1,
    "createTime": "2019-11-13T11:32:00.000Z",
    "lastUpdateTime": "2019-11-13T11:32:00.000Z",
    "auth": 2,
    "uid": "bd-474718062",
    "publishedVersion": 0,
    "forkFrom": "-",
    "isSpam": 0,
    "version": 5,
    "parentVersion": 4,
    "echartsVersion": "4.4.0",
    "versionCreateTime": "2019-11-13T11:57:02.000Z",
    "html": "",
    "externalScripts": "",
    "updaterUID": "bd-474718062",
    "theme": "",
    "layout": "",
    "viewCount": 122,
    "userName": "少***心",
    "commentCount": 0,
    "starCount": 0,
    "isStared": 0,
    "thumbnailURL": "https://www.makeapie.com/ecg-storage/ec_gallery_thumbnail/xyVHw0jJ8.png?v=1573646222900",
    "isCustomThumbnail": 0,
    "builtinTags": [
        "category-work",
        "legend",
        "radar",
        "series-radar",
        "title"
    ],
    "customTags": [],
    "updaterUserName": "少***心"
}