{
    "cid": "x3e0gYuFIu",
    "authorUid": "bd-2752879575",
    "authorUserName": "张***杰",
    "title": "液位",
    "description": "",
    "latestVersion": 3,
    "alwaysLatest": 1,
    "createTime": "2021-05-14T06:25:42.000Z",
    "lastUpdateTime": "2021-05-14T06:25:42.000Z",
    "auth": 2,
    "uid": "bd-2752879575",
    "publishedVersion": 0,
    "forkFrom": "-",
    "isSpam": 0,
    "version": 3,
    "parentVersion": 2,
    "echartsVersion": "5.1.1",
    "versionCreateTime": "2021-05-16T09:00:45.000Z",
    "html": "",
    "externalScripts": "https://cdn.jsdelivr.net/npm/echarts-liquidfill@3/dist/echarts-liquidfill.min.js",
    "updaterUID": "bd-2752879575",
    "theme": "",
    "layout": "",
    "viewCount": 0,
    "userName": "张***杰",
    "commentCount": 0,
    "starCount": 1,
    "isStared": 0,
    "thumbnailURL": "https://www.makeapie.com/ecg-storage/ec_gallery_thumbnail/x3e0gYuFIu.png?v=1621155645550",
    "isCustomThumbnail": 0,
    "builtinTags": [
        "category-work",
        "series-liquidFill"
    ],
    "customTags": [],
    "updaterUserName": "张***杰"
}