{
    "cid": "x9TITOPqFe",
    "authorUid": "bd-1317155940",
    "authorUserName": "雪***0",
    "title": "radar",
    "description": "",
    "latestVersion": 2,
    "alwaysLatest": 0,
    "createTime": "2021-05-17T07:10:24.000Z",
    "lastUpdateTime": "2021-05-17T07:10:24.000Z",
    "auth": 2,
    "uid": "bd-1317155940",
    "publishedVersion": 0,
    "forkFrom": "-",
    "isSpam": 0,
    "version": 2,
    "parentVersion": 1,
    "echartsVersion": "4.5.0",
    "versionCreateTime": "2021-05-18T00:52:15.000Z",
    "html": "",
    "externalScripts": "",
    "updaterUID": "bd-1317155940",
    "theme": "",
    "layout": "",
    "viewCount": 0,
    "userName": "雪***0",
    "commentCount": 0,
    "starCount": 1,
    "isStared": 0,
    "thumbnailURL": "https://www.makeapie.com/ecg-storage/ec_gallery_thumbnail/x9TITOPqFe.png?v=1621299135200",
    "isCustomThumbnail": 0,
    "builtinTags": [
        "category-work",
        "radar",
        "series-radar",
        "tooltip"
    ],
    "customTags": [],
    "updaterUserName": "雪***0"
}