{
    "cid": "xA0MF2yU3z",
    "authorUid": "bd-4286708132",
    "authorUserName": "L***h",
    "title": "实时刷新",
    "description": "项目需要",
    "latestVersion": 1,
    "alwaysLatest": 0,
    "createTime": "2021-05-14T08:10:13.000Z",
    "lastUpdateTime": "2021-05-14T08:10:13.000Z",
    "auth": 2,
    "uid": "bd-4286708132",
    "publishedVersion": 0,
    "forkFrom": "-",
    "isSpam": 0,
    "version": 1,
    "parentVersion": -1,
    "echartsVersion": "5.1.1",
    "versionCreateTime": "2021-05-14T08:10:14.000Z",
    "html": "",
    "externalScripts": "",
    "updaterUID": "bd-4286708132",
    "theme": "",
    "layout": "",
    "viewCount": 0,
    "userName": "L***h",
    "commentCount": 0,
    "starCount": 1,
    "isStared": 0,
    "thumbnailURL": "https://www.makeapie.com/ecg-storage/ec_gallery_thumbnail/xA0MF2yU3z.png?v=1620979814198",
    "isCustomThumbnail": 0,
    "builtinTags": [
        "category-work",
        "dataZoom",
        "grid",
        "series-line",
        "title",
        "tooltip"
    ],
    "customTags": [],
    "updaterUserName": "L***h"
}