{
    "cid": "xFQ1ZfCT-3",
    "authorUid": "obd-oE7_eBjVTrf4ccH1qQpsdiw_CacmC4l",
    "authorUserName": "露***5",
    "title": "电池进度条",
    "description": "",
    "latestVersion": 6,
    "alwaysLatest": 0,
    "createTime": "2021-05-14T05:56:46.000Z",
    "lastUpdateTime": "2021-05-14T05:56:46.000Z",
    "auth": 1,
    "uid": "obd-oE7_eBjVTrf4ccH1qQpsdiw_CacmC4l",
    "publishedVersion": 0,
    "forkFrom": "-",
    "isSpam": 0,
    "version": 6,
    "parentVersion": 1,
    "echartsVersion": "5.1.1",
    "versionCreateTime": "2021-05-31T02:46:14.000Z",
    "html": "",
    "externalScripts": "",
    "updaterUID": "obd-oE7_eBjVTrf4ccH1qQpsdiw_CacmC4l",
    "theme": "",
    "layout": "",
    "viewCount": 0,
    "userName": "露***5",
    "commentCount": 0,
    "starCount": 1,
    "isStared": 0,
    "thumbnailURL": "https://www.makeapie.com/ecg-storage/ec_gallery_thumbnail/xFQ1ZfCT-3.png?v=1622429174600",
    "isCustomThumbnail": 0,
    "builtinTags": [
        "category-work",
        "grid",
        "series-bar",
        "series-pictorialBar"
    ],
    "customTags": [],
    "updaterUserName": "露***5"
}