{
    "cid": "xpT5T6bcvt",
    "authorUid": "bd-365218436",
    "authorUserName": "G***G",
    "title": "圆环动画",
    "description": "",
    "latestVersion": 1,
    "alwaysLatest": 0,
    "createTime": "2021-05-15T11:56:30.000Z",
    "lastUpdateTime": "2021-05-15T11:56:30.000Z",
    "auth": 2,
    "uid": "bd-365218436",
    "publishedVersion": 0,
    "forkFrom": "-",
    "isSpam": 0,
    "version": 1,
    "parentVersion": -1,
    "echartsVersion": "5.1.1",
    "versionCreateTime": "2021-05-15T11:56:30.000Z",
    "html": "",
    "externalScripts": "",
    "updaterUID": "bd-365218436",
    "theme": "",
    "layout": "",
    "viewCount": 0,
    "userName": "G***G",
    "commentCount": 0,
    "starCount": 4,
    "isStared": 0,
    "thumbnailURL": "https://www.makeapie.com/ecg-storage/ec_gallery_thumbnail/xpT5T6bcvt.png?v=1621079790841",
    "isCustomThumbnail": 0,
    "builtinTags": [
        "category-work",
        "series-custom",
        "series-pie",
        "title",
        "tooltip"
    ],
    "customTags": [],
    "updaterUserName": "G***G"
}