{
    "cid": "xqBy7VTMRo",
    "authorUid": "bd-1317155940",
    "authorUserName": "雪***0",
    "title": "柱状图",
    "description": "",
    "latestVersion": 3,
    "alwaysLatest": 0,
    "createTime": "2021-05-17T02:05:35.000Z",
    "lastUpdateTime": "2021-05-17T02:05:35.000Z",
    "auth": 2,
    "uid": "bd-1317155940",
    "publishedVersion": 0,
    "forkFrom": "-",
    "isSpam": 0,
    "version": 3,
    "parentVersion": 2,
    "echartsVersion": "4.5.0",
    "versionCreateTime": "2021-05-17T09:36:37.000Z",
    "html": "",
    "externalScripts": "",
    "updaterUID": "bd-1317155940",
    "theme": "",
    "layout": "",
    "viewCount": 0,
    "userName": "雪***0",
    "commentCount": 0,
    "starCount": 3,
    "isStared": 0,
    "thumbnailURL": "https://www.makeapie.com/ecg-storage/ec_gallery_thumbnail/xqBy7VTMRo.png?v=1621244197230",
    "isCustomThumbnail": 0,
    "builtinTags": [
        "category-work",
        "grid",
        "legend",
        "series-bar",
        "tooltip"
    ],
    "customTags": [],
    "updaterUserName": "雪***0"
}