{
    "cid": "xsHSS5QBC1",
    "authorUid": "obd-oDoZE0QFQiTJ8fgNYaJmNXNc2nGaq1W",
    "authorUserName": "v***哦",
    "title": "多个雷达图以及titlle",
    "description": "",
    "latestVersion": 2,
    "alwaysLatest": 0,
    "createTime": "2021-05-17T02:35:11.000Z",
    "lastUpdateTime": "2021-05-17T02:35:11.000Z",
    "auth": 2,
    "uid": "obd-oDoZE0QFQiTJ8fgNYaJmNXNc2nGaq1W",
    "publishedVersion": 0,
    "forkFrom": "-",
    "isSpam": 0,
    "version": 2,
    "parentVersion": 1,
    "echartsVersion": "5.1.1",
    "versionCreateTime": "2021-05-17T07:35:40.000Z",
    "html": "",
    "externalScripts": "",
    "updaterUID": "obd-oDoZE0QFQiTJ8fgNYaJmNXNc2nGaq1W",
    "theme": "",
    "layout": "",
    "viewCount": 0,
    "userName": "v***哦",
    "commentCount": 0,
    "starCount": 0,
    "isStared": 0,
    "thumbnailURL": "https://www.makeapie.com/ecg-storage/ec_gallery_thumbnail/xsHSS5QBC1.png?v=1621236940410",
    "isCustomThumbnail": 0,
    "builtinTags": [
        "category-work",
        "legend",
        "radar",
        "series-radar",
        "title"
    ],
    "customTags": [],
    "updaterUserName": "v***哦"
}