{
    "cid": "xSJ0hiDM6a",
    "authorUid": "obd-o0BPXZUjpp-KG0sYDVOB37ku6htmzFy",
    "authorUserName": "t***6",
    "title": "饼图--双标签",
    "description": "",
    "latestVersion": 2,
    "alwaysLatest": 0,
    "createTime": "2021-05-14T02:58:26.000Z",
    "lastUpdateTime": "2021-05-14T02:58:26.000Z",
    "auth": 2,
    "uid": "obd-o0BPXZUjpp-KG0sYDVOB37ku6htmzFy",
    "publishedVersion": 0,
    "forkFrom": "-",
    "isSpam": 0,
    "version": 2,
    "parentVersion": 1,
    "echartsVersion": "5.1.1",
    "versionCreateTime": "2021-05-14T02:59:13.000Z",
    "html": "",
    "externalScripts": "",
    "updaterUID": "obd-o0BPXZUjpp-KG0sYDVOB37ku6htmzFy",
    "theme": "",
    "layout": "",
    "viewCount": 0,
    "userName": "t***6",
    "commentCount": 0,
    "starCount": 1,
    "isStared": 0,
    "thumbnailURL": "https://www.makeapie.com/ecg-storage/ec_gallery_thumbnail/xSJ0hiDM6a.png?v=1620961153123",
    "isCustomThumbnail": 0,
    "builtinTags": [
        "category-work",
        "legend",
        "series-pie",
        "toolbox",
        "tooltip"
    ],
    "customTags": [],
    "updaterUserName": "t***6"
}