{
    "cid": "xX8yBG9Wt_",
    "authorUid": "bd-1317155940",
    "authorUserName": "雪***0",
    "title": "多折线图",
    "description": "",
    "latestVersion": 3,
    "alwaysLatest": 0,
    "createTime": "2021-05-17T03:49:18.000Z",
    "lastUpdateTime": "2021-05-17T03:49:18.000Z",
    "auth": 2,
    "uid": "bd-1317155940",
    "publishedVersion": 0,
    "forkFrom": "-",
    "isSpam": 0,
    "version": 3,
    "parentVersion": 2,
    "echartsVersion": "4.5.0",
    "versionCreateTime": "2021-05-17T06:53:10.000Z",
    "html": "",
    "externalScripts": "",
    "updaterUID": "bd-1317155940",
    "theme": "",
    "layout": "",
    "viewCount": 0,
    "userName": "雪***0",
    "commentCount": 0,
    "starCount": 0,
    "isStared": 0,
    "thumbnailURL": "https://www.makeapie.com/ecg-storage/ec_gallery_thumbnail/xX8yBG9Wt_.png?v=1621234390634",
    "isCustomThumbnail": 0,
    "builtinTags": [
        "category-work",
        "grid",
        "series-line",
        "tooltip"
    ],
    "customTags": [],
    "updaterUserName": "雪***0"
}