{
    "cid": "xXdJqkN9hW",
    "authorUid": "obd-o0hPZtDSDXmjn0V4F6MGap8iWWa5OFW",
    "authorUserName": "勇***粥",
    "title": "进度条",
    "description": "",
    "latestVersion": 2,
    "alwaysLatest": 0,
    "createTime": "2021-05-17T02:48:38.000Z",
    "lastUpdateTime": "2021-05-17T02:48:38.000Z",
    "auth": 2,
    "uid": "obd-o0hPZtDSDXmjn0V4F6MGap8iWWa5OFW",
    "publishedVersion": 0,
    "forkFrom": "-",
    "isSpam": 0,
    "version": 2,
    "parentVersion": 1,
    "echartsVersion": "5.1.1",
    "versionCreateTime": "2021-05-17T02:48:52.000Z",
    "html": "",
    "externalScripts": "",
    "updaterUID": "obd-o0hPZtDSDXmjn0V4F6MGap8iWWa5OFW",
    "theme": "",
    "layout": "",
    "viewCount": 0,
    "userName": "勇***粥",
    "commentCount": 0,
    "starCount": 2,
    "isStared": 0,
    "thumbnailURL": "https://www.makeapie.com/ecg-storage/ec_gallery_thumbnail/xXdJqkN9hW.png?v=1621219732617",
    "isCustomThumbnail": 0,
    "builtinTags": [
        "category-work",
        "grid",
        "series-bar"
    ],
    "customTags": [],
    "updaterUserName": "勇***粥"
}