{
    "cid": "xyAFGbmSjF",
    "authorUid": "bd-1546071765",
    "authorUserName": "m***6",
    "title": "柱状图排序",
    "description": "",
    "latestVersion": 1,
    "alwaysLatest": 0,
    "createTime": "2021-05-14T05:39:29.000Z",
    "lastUpdateTime": "2021-05-14T05:39:29.000Z",
    "auth": 2,
    "uid": "bd-1546071765",
    "publishedVersion": 0,
    "forkFrom": "-",
    "isSpam": 0,
    "version": 1,
    "parentVersion": -1,
    "echartsVersion": "5.1.1",
    "versionCreateTime": "2021-05-14T05:39:29.000Z",
    "html": "",
    "externalScripts": "",
    "updaterUID": "bd-1546071765",
    "theme": "",
    "layout": "",
    "viewCount": 0,
    "userName": "m***6",
    "commentCount": 0,
    "starCount": 2,
    "isStared": 0,
    "thumbnailURL": "https://www.makeapie.com/ecg-storage/ec_gallery_thumbnail/xyAFGbmSjF.png?v=1620970769898",
    "isCustomThumbnail": 0,
    "builtinTags": [
        "category-work",
        "grid",
        "series-bar",
        "tooltip"
    ],
    "customTags": [],
    "updaterUserName": "m***6"
}