{
    "cid": "xZzHMFr_tv",
    "authorUid": "obd-oDCaFX31jiwTXKlwjh_k6OKioVP0t1E",
    "authorUserName": "s***姊",
    "title": "Awesome Chart",
    "description": "",
    "latestVersion": 1,
    "alwaysLatest": 0,
    "createTime": "2021-05-16T11:02:06.000Z",
    "lastUpdateTime": "2021-05-16T11:02:06.000Z",
    "auth": 2,
    "uid": "obd-oDCaFX31jiwTXKlwjh_k6OKioVP0t1E",
    "publishedVersion": 0,
    "forkFrom": "-",
    "isSpam": 0,
    "version": 1,
    "parentVersion": -1,
    "echartsVersion": "5.1.1",
    "versionCreateTime": "2021-05-16T11:02:06.000Z",
    "html": "",
    "externalScripts": "",
    "updaterUID": "obd-oDCaFX31jiwTXKlwjh_k6OKioVP0t1E",
    "theme": "",
    "layout": "",
    "viewCount": 0,
    "userName": "s***姊",
    "commentCount": 0,
    "starCount": 0,
    "isStared": 0,
    "thumbnailURL": "https://www.makeapie.com/ecg-storage/ec_gallery_thumbnail/xZzHMFr_tv.png?v=1621162926738",
    "isCustomThumbnail": 0,
    "builtinTags": [
        "category-work",
        "grid",
        "series-bar",
        "title"
    ],
    "customTags": [],
    "updaterUserName": "s***姊"
}