{
    "cid": "x2-hCdXA8_",
    "authorUid": "obd-oDVacrrTHNUcUgC65H1tIVQwHw1h410",
    "authorUserName": "l***l",
    "title": "梯形条形图",
    "description": "",
    "latestVersion": 1,
    "alwaysLatest": 1,
    "createTime": "2020-10-13T06:55:11.000Z",
    "lastUpdateTime": "2020-10-13T06:55:11.000Z",
    "auth": 2,
    "uid": "obd-oDVacrrTHNUcUgC65H1tIVQwHw1h410",
    "publishedVersion": 0,
    "forkFrom": "-",
    "isSpam": 0,
    "version": 1,
    "parentVersion": -1,
    "echartsVersion": "4.8.0",
    "versionCreateTime": "2020-10-13T06:55:11.000Z",
    "html": "",
    "externalScripts": "",
    "updaterUID": "obd-oDVacrrTHNUcUgC65H1tIVQwHw1h410",
    "theme": "",
    "layout": "",
    "viewCount": 64,
    "userName": "l***l",
    "commentCount": 0,
    "starCount": 1,
    "isStared": 0,
    "thumbnailURL": "https://www.makeapie.com/ecg-storage/ec_gallery_thumbnail/x2-hCdXA8_.png?v=1602572111511",
    "isCustomThumbnail": 0,
    "builtinTags": [
        "category-work",
        "grid",
        "series-line",
        "title"
    ],
    "customTags": [],
    "updaterUserName": "l***l"
}