{
    "cid": "x4Zrfl5Xrz",
    "authorUid": "obd-olofOwo72VchGBRM76plPO39etMob0a",
    "authorUserName": "Z***8",
    "title": "柱状图等级分布",
    "description": "",
    "latestVersion": 1,
    "alwaysLatest": 1,
    "createTime": "2020-10-12T06:07:11.000Z",
    "lastUpdateTime": "2020-10-15T10:02:10.000Z",
    "auth": 2,
    "uid": "obd-olofOwo72VchGBRM76plPO39etMob0a",
    "publishedVersion": 0,
    "forkFrom": "-",
    "isSpam": 0,
    "version": 1,
    "parentVersion": -1,
    "echartsVersion": "4.8.0",
    "versionCreateTime": "2020-10-12T06:07:11.000Z",
    "html": "",
    "externalScripts": "",
    "updaterUID": "obd-olofOwo72VchGBRM76plPO39etMob0a",
    "theme": "vintage",
    "layout": "",
    "viewCount": 21,
    "userName": "Z***8",
    "commentCount": 0,
    "starCount": 0,
    "isStared": 0,
    "thumbnailURL": "https://www.makeapie.com/ecg-storage/ec_gallery_thumbnail/x4Zrfl5Xrz.png?v=1602482831929",
    "isCustomThumbnail": 0,
    "builtinTags": [],
    "customTags": [],
    "updaterUserName": "Z***8"
}