{
    "cid": "x6SrfmlL74",
    "authorUid": "obd-o0KP9csb6CgoeEWnFs5awiZ6w8AnvFm",
    "authorUserName": "紫***穹",
    "title": "tooltip阴影堆叠图",
    "description": "",
    "latestVersion": 1,
    "alwaysLatest": 1,
    "createTime": "2020-10-13T06:41:50.000Z",
    "lastUpdateTime": "2020-10-13T06:41:50.000Z",
    "auth": 2,
    "uid": "obd-o0KP9csb6CgoeEWnFs5awiZ6w8AnvFm",
    "publishedVersion": 0,
    "forkFrom": "-",
    "isSpam": 0,
    "version": 1,
    "parentVersion": -1,
    "echartsVersion": "4.8.0",
    "versionCreateTime": "2020-10-13T06:41:50.000Z",
    "html": "",
    "externalScripts": "",
    "updaterUID": "obd-o0KP9csb6CgoeEWnFs5awiZ6w8AnvFm",
    "theme": "",
    "layout": "",
    "viewCount": 59,
    "userName": "紫***穹",
    "commentCount": 0,
    "starCount": 0,
    "isStared": 0,
    "thumbnailURL": "https://www.makeapie.com/ecg-storage/ec_gallery_thumbnail/x6SrfmlL74.png?v=1602571310765",
    "isCustomThumbnail": 0,
    "builtinTags": [
        "category-work",
        "grid",
        "series-bar",
        "tooltip"
    ],
    "customTags": [],
    "updaterUserName": "紫***穹"
}