{
    "cid": "x77T-epZRN",
    "authorUid": "obd-oj4MK60C5RrD2WtybFl7tZUKIoHtuDy",
    "authorUserName": "w***泡",
    "title": "雨量折线图",
    "description": "",
    "latestVersion": 3,
    "alwaysLatest": 1,
    "createTime": "2020-10-14T02:56:50.000Z",
    "lastUpdateTime": "2020-10-14T02:56:50.000Z",
    "auth": 2,
    "uid": "obd-oj4MK60C5RrD2WtybFl7tZUKIoHtuDy",
    "publishedVersion": 0,
    "forkFrom": "-",
    "isSpam": 0,
    "version": 3,
    "parentVersion": 2,
    "echartsVersion": "4.8.0",
    "versionCreateTime": "2020-10-14T05:20:25.000Z",
    "html": "",
    "externalScripts": "",
    "updaterUID": "obd-oj4MK60C5RrD2WtybFl7tZUKIoHtuDy",
    "theme": "",
    "layout": "",
    "viewCount": 84,
    "userName": "w***泡",
    "commentCount": 0,
    "starCount": 0,
    "isStared": 0,
    "thumbnailURL": "https://www.makeapie.com/ecg-storage/ec_gallery_thumbnail/x77T-epZRN.png?v=1602652825172",
    "isCustomThumbnail": 0,
    "builtinTags": [
        "category-work",
        "dataZoom",
        "graphic",
        "grid",
        "legend",
        "series-line",
        "tooltip"
    ],
    "customTags": [],
    "updaterUserName": "w***泡"
}