{
    "cid": "x7gxog85CJ",
    "authorUid": "bd-4179640802",
    "authorUserName": "四***8",
    "title": "条形分类",
    "description": "",
    "latestVersion": 1,
    "alwaysLatest": 1,
    "createTime": "2020-10-14T05:44:00.000Z",
    "lastUpdateTime": "2020-10-14T05:44:00.000Z",
    "auth": 2,
    "uid": "bd-4179640802",
    "publishedVersion": 0,
    "forkFrom": "-",
    "isSpam": 0,
    "version": 1,
    "parentVersion": -1,
    "echartsVersion": "4.8.0",
    "versionCreateTime": "2020-10-14T05:44:00.000Z",
    "html": "",
    "externalScripts": "",
    "updaterUID": "bd-4179640802",
    "theme": "",
    "layout": "",
    "viewCount": 176,
    "userName": "四***8",
    "commentCount": 0,
    "starCount": 2,
    "isStared": 0,
    "thumbnailURL": "https://www.makeapie.com/ecg-storage/ec_gallery_thumbnail/x7gxog85CJ.png?v=1602654241075",
    "isCustomThumbnail": 0,
    "builtinTags": [
        "category-work",
        "grid",
        "series-bar",
        "tooltip"
    ],
    "customTags": [],
    "updaterUserName": "四***8"
}