{
    "cid": "x9RDz0M-uS",
    "authorUid": "bd-389650542",
    "authorUserName": "夜***雅",
    "title": "水平柱图含统计",
    "description": "",
    "latestVersion": 3,
    "alwaysLatest": 1,
    "createTime": "2020-10-13T06:05:54.000Z",
    "lastUpdateTime": "2020-10-13T06:05:54.000Z",
    "auth": 2,
    "uid": "bd-389650542",
    "publishedVersion": 0,
    "forkFrom": "-",
    "isSpam": 0,
    "version": 3,
    "parentVersion": 2,
    "echartsVersion": "4.8.0",
    "versionCreateTime": "2020-10-13T06:35:57.000Z",
    "html": "",
    "externalScripts": "",
    "updaterUID": "bd-389650542",
    "theme": "default",
    "layout": "",
    "viewCount": 119,
    "userName": "夜***雅",
    "commentCount": 0,
    "starCount": 0,
    "isStared": 0,
    "thumbnailURL": "https://www.makeapie.com/ecg-storage/ec_gallery_thumbnail/x9RDz0M-uS.png?v=1602570957659",
    "isCustomThumbnail": 0,
    "builtinTags": [
        "category-work",
        "grid",
        "series-bar",
        "tooltip"
    ],
    "customTags": [],
    "updaterUserName": "夜***雅"
}