{
    "cid": "xAbs2NSLll",
    "authorUid": "obd-oMuzI7JV2pMeoKfv93aMSoKFBDF_R2N",
    "authorUserName": "月***鸟",
    "title": "visialMap area",
    "description": "",
    "latestVersion": 7,
    "alwaysLatest": 1,
    "createTime": "2020-10-12T08:40:28.000Z",
    "lastUpdateTime": "2020-10-12T08:40:28.000Z",
    "auth": 2,
    "uid": "obd-oMuzI7JV2pMeoKfv93aMSoKFBDF_R2N",
    "publishedVersion": 0,
    "forkFrom": "-",
    "isSpam": 0,
    "version": 7,
    "parentVersion": 5,
    "echartsVersion": "4.8.0",
    "versionCreateTime": "2020-11-14T06:17:04.000Z",
    "html": "",
    "externalScripts": "",
    "updaterUID": "obd-oMuzI7JV2pMeoKfv93aMSoKFBDF_R2N",
    "theme": "",
    "layout": "",
    "viewCount": 529,
    "userName": "月***鸟",
    "commentCount": 0,
    "starCount": 4,
    "isStared": 0,
    "thumbnailURL": "https://www.makeapie.com/ecg-storage/ec_gallery_thumbnail/xAbs2NSLll.png?v=1605334624593",
    "isCustomThumbnail": 0,
    "builtinTags": [
        "category-work",
        "grid",
        "series-line",
        "title"
    ],
    "customTags": [],
    "updaterUserName": "月***鸟"
}