{
    "cid": "xClnDjgPFd",
    "authorUid": "bd-7382906384",
    "authorUserName": "满***6",
    "title": "油表图-数值随着指针位置变动",
    "description": "我太难了 用detail偏移试了好久，定位还是不准确，换个方法终于搞出来了",
    "latestVersion": 2,
    "alwaysLatest": 1,
    "createTime": "2020-10-14T04:10:32.000Z",
    "lastUpdateTime": "2020-10-14T04:10:32.000Z",
    "auth": 2,
    "uid": "bd-7382906384",
    "publishedVersion": 0,
    "forkFrom": "-",
    "isSpam": 0,
    "version": 2,
    "parentVersion": 1,
    "echartsVersion": "4.8.0",
    "versionCreateTime": "2020-10-14T04:11:33.000Z",
    "html": "",
    "externalScripts": "",
    "updaterUID": "bd-7382906384",
    "theme": "",
    "layout": "",
    "viewCount": 205,
    "userName": "满***6",
    "commentCount": 0,
    "starCount": 1,
    "isStared": 0,
    "thumbnailURL": "https://www.makeapie.com/ecg-storage/ec_gallery_thumbnail/xClnDjgPFd.png?v=1602648693272",
    "isCustomThumbnail": 0,
    "builtinTags": [
        "category-work",
        "series-gauge",
        "tooltip"
    ],
    "customTags": [],
    "updaterUserName": "满***6"
}