{
    "cid": "xH6HdnsIRA",
    "authorUid": "obd-oE7g_85M3XppVRxCvYPJKsoCPCpyP4L",
    "authorUserName": "凌***e",
    "title": "",
    "description": "",
    "latestVersion": 1,
    "alwaysLatest": 1,
    "createTime": "2020-10-12T08:15:42.000Z",
    "lastUpdateTime": "2020-10-12T08:15:42.000Z",
    "auth": 2,
    "uid": "obd-oE7g_85M3XppVRxCvYPJKsoCPCpyP4L",
    "publishedVersion": 0,
    "forkFrom": "-",
    "isSpam": 0,
    "version": 1,
    "parentVersion": -1,
    "echartsVersion": "4.8.0",
    "versionCreateTime": "2020-10-12T08:15:42.000Z",
    "html": "",
    "externalScripts": "",
    "updaterUID": "obd-oE7g_85M3XppVRxCvYPJKsoCPCpyP4L",
    "theme": "",
    "layout": "",
    "viewCount": 55,
    "userName": "凌***e",
    "commentCount": 0,
    "starCount": 0,
    "isStared": 0,
    "thumbnailURL": "https://www.makeapie.com/ecg-storage/ec_gallery_thumbnail/xH6HdnsIRA.png?v=1602490542720",
    "isCustomThumbnail": 0,
    "builtinTags": [
        "category-work",
        "series-gauge",
        "title"
    ],
    "customTags": [],
    "updaterUserName": "凌***e"
}