{
    "cid": "xhZthcHFza",
    "authorUid": "obd-oj4MK60C5RrD2WtybFl7tZUKIoHtuDy",
    "authorUserName": "w***泡",
    "title": "雨量",
    "description": "",
    "latestVersion": 9,
    "alwaysLatest": 1,
    "createTime": "2020-10-13T08:04:03.000Z",
    "lastUpdateTime": "2020-10-13T08:04:03.000Z",
    "auth": 2,
    "uid": "obd-oj4MK60C5RrD2WtybFl7tZUKIoHtuDy",
    "publishedVersion": 0,
    "forkFrom": "-",
    "isSpam": 0,
    "version": 9,
    "parentVersion": 8,
    "echartsVersion": "4.8.0",
    "versionCreateTime": "2020-10-14T05:27:38.000Z",
    "html": "",
    "externalScripts": "",
    "updaterUID": "obd-oj4MK60C5RrD2WtybFl7tZUKIoHtuDy",
    "theme": "",
    "layout": "",
    "viewCount": 169,
    "userName": "w***泡",
    "commentCount": 0,
    "starCount": 1,
    "isStared": 0,
    "thumbnailURL": "https://www.makeapie.com/ecg-storage/ec_gallery_thumbnail/xhZthcHFza.png?v=1602653258819",
    "isCustomThumbnail": 0,
    "builtinTags": [
        "category-work",
        "dataZoom",
        "grid",
        "legend",
        "series-bar",
        "tooltip"
    ],
    "customTags": [],
    "updaterUserName": "w***泡"
}