{
    "cid": "xjIUuLd9NO",
    "authorUid": "bd-336760053",
    "authorUserName": "w***g",
    "title": "tooltip轮播",
    "description": "",
    "latestVersion": 4,
    "alwaysLatest": 1,
    "createTime": "2020-10-12T09:14:45.000Z",
    "lastUpdateTime": "2020-10-12T09:14:45.000Z",
    "auth": 1,
    "uid": "bd-336760053",
    "publishedVersion": 0,
    "forkFrom": "-",
    "isSpam": 0,
    "version": 4,
    "parentVersion": 3,
    "echartsVersion": "4.8.0",
    "versionCreateTime": "2020-10-13T03:27:56.000Z",
    "html": "",
    "externalScripts": "/dep/echarts/map/js/china.js",
    "updaterUID": "bd-336760053",
    "theme": "",
    "layout": "",
    "viewCount": 333,
    "userName": "w***g",
    "commentCount": 0,
    "starCount": 1,
    "isStared": 0,
    "thumbnailURL": "https://www.makeapie.com/ecg-storage/ec_gallery_thumbnail/xjIUuLd9NO.png?v=1602559676381",
    "isCustomThumbnail": 0,
    "builtinTags": [
        "category-work",
        "geo",
        "series-map",
        "tooltip"
    ],
    "customTags": [],
    "updaterUserName": "w***g"
}