{
    "cid": "xn1b8oUh1k",
    "authorUid": "bd-3231052437",
    "authorUserName": "谦***秋",
    "title": "x轴为图片的横向柱状图",
    "description": "",
    "latestVersion": 2,
    "alwaysLatest": 1,
    "createTime": "2020-10-13T08:37:52.000Z",
    "lastUpdateTime": "2020-10-13T08:37:52.000Z",
    "auth": 1,
    "uid": "bd-3231052437",
    "publishedVersion": 0,
    "forkFrom": "-",
    "isSpam": 0,
    "version": 2,
    "parentVersion": 1,
    "echartsVersion": "4.8.0",
    "versionCreateTime": "2020-10-13T08:38:11.000Z",
    "html": "",
    "externalScripts": "",
    "updaterUID": "bd-3231052437",
    "theme": "",
    "layout": "",
    "viewCount": 59,
    "userName": "谦***秋",
    "commentCount": 0,
    "starCount": 2,
    "isStared": 0,
    "thumbnailURL": "https://www.makeapie.com/ecg-storage/ec_gallery_thumbnail/xn1b8oUh1k.png?v=1602578292079",
    "isCustomThumbnail": 0,
    "builtinTags": [
        "category-work",
        "grid",
        "series-bar",
        "tooltip"
    ],
    "customTags": [],
    "updaterUserName": "谦***秋"
}