{
    "cid": "xnQSthvsqI",
    "authorUid": "obd-otekd-YM0M8gP8RvWV6od5DtA1h0d8e",
    "authorUserName": "心***现",
    "title": "上传图片接口调用",
    "description": "",
    "latestVersion": 6,
    "alwaysLatest": 1,
    "createTime": "2020-10-14T03:31:13.000Z",
    "lastUpdateTime": "2020-10-14T08:38:58.000Z",
    "auth": 2,
    "uid": "obd-otekd-YM0M8gP8RvWV6od5DtA1h0d8e",
    "publishedVersion": 0,
    "forkFrom": "-",
    "isSpam": 0,
    "version": 6,
    "parentVersion": 5,
    "echartsVersion": "4.8.0",
    "versionCreateTime": "2020-10-22T01:35:52.000Z",
    "html": "",
    "externalScripts": "",
    "updaterUID": "obd-otekd-YM0M8gP8RvWV6od5DtA1h0d8e",
    "theme": "default",
    "layout": "",
    "viewCount": 67,
    "userName": "心***现",
    "commentCount": 0,
    "starCount": 1,
    "isStared": 0,
    "thumbnailURL": "https://www.makeapie.com/ecg-storage/ec_gallery_thumbnail/xnQSthvsqI.png?v=1603330552934",
    "isCustomThumbnail": 0,
    "builtinTags": [
        "category-work",
        "series-tree",
        "title",
        "tooltip"
    ],
    "customTags": [],
    "updaterUserName": "心***现"
}