{
    "cid": "xoHwGFGvvS",
    "authorUid": "obd-o0KP9csb6CgoeEWnFs5awiZ6w8AnvFm",
    "authorUserName": "紫***穹",
    "title": "包含柱状图",
    "description": "",
    "latestVersion": 2,
    "alwaysLatest": 1,
    "createTime": "2020-10-13T08:42:40.000Z",
    "lastUpdateTime": "2020-10-13T08:42:40.000Z",
    "auth": 2,
    "uid": "obd-o0KP9csb6CgoeEWnFs5awiZ6w8AnvFm",
    "publishedVersion": 0,
    "forkFrom": "-",
    "isSpam": 0,
    "version": 2,
    "parentVersion": 1,
    "echartsVersion": "4.8.0",
    "versionCreateTime": "2020-10-13T08:43:11.000Z",
    "html": "",
    "externalScripts": "",
    "updaterUID": "obd-o0KP9csb6CgoeEWnFs5awiZ6w8AnvFm",
    "theme": "",
    "layout": "",
    "viewCount": 48,
    "userName": "紫***穹",
    "commentCount": 0,
    "starCount": 2,
    "isStared": 0,
    "thumbnailURL": "https://www.makeapie.com/ecg-storage/ec_gallery_thumbnail/xoHwGFGvvS.png?v=1602578591510",
    "isCustomThumbnail": 0,
    "builtinTags": [
        "category-work",
        "grid",
        "series-bar",
        "tooltip"
    ],
    "customTags": [],
    "updaterUserName": "紫***穹"
}