{
    "cid": "xPiRRS8peb",
    "authorUid": "bd-2167339596",
    "authorUserName": "x***x",
    "title": "批次检验合格率",
    "description": "2020报表看板专项",
    "latestVersion": 10,
    "alwaysLatest": 1,
    "createTime": "2020-10-13T01:08:06.000Z",
    "lastUpdateTime": "2020-10-13T01:08:06.000Z",
    "auth": 2,
    "uid": "bd-2167339596",
    "publishedVersion": 0,
    "forkFrom": "-",
    "isSpam": 0,
    "version": 10,
    "parentVersion": 9,
    "echartsVersion": "4.8.0",
    "versionCreateTime": "2020-10-14T09:25:18.000Z",
    "html": "",
    "externalScripts": "",
    "updaterUID": "bd-2167339596",
    "theme": "",
    "layout": "",
    "viewCount": 149,
    "userName": "x***x",
    "commentCount": 0,
    "starCount": 1,
    "isStared": 0,
    "thumbnailURL": "https://www.makeapie.com/ecg-storage/ec_gallery_thumbnail/xPiRRS8peb.png?v=1602667518174",
    "isCustomThumbnail": 0,
    "builtinTags": [
        "category-work",
        "grid",
        "legend",
        "series-bar",
        "series-line",
        "title",
        "tooltip"
    ],
    "customTags": [],
    "updaterUserName": "x***x"
}