{
    "cid": "xqC0rbekvz",
    "authorUid": "bd-120045940",
    "authorUserName": "倒***虫",
    "title": "单柱比例图",
    "description": "利用柱状图代替饼状图实现占比的展示",
    "latestVersion": 1,
    "alwaysLatest": 1,
    "createTime": "2020-10-13T13:43:31.000Z",
    "lastUpdateTime": "2020-10-13T13:43:31.000Z",
    "auth": 2,
    "uid": "bd-120045940",
    "publishedVersion": 0,
    "forkFrom": "-",
    "isSpam": 0,
    "version": 1,
    "parentVersion": -1,
    "echartsVersion": "4.8.0",
    "versionCreateTime": "2020-10-13T13:43:31.000Z",
    "html": "",
    "externalScripts": "",
    "updaterUID": "bd-120045940",
    "theme": "",
    "layout": "",
    "viewCount": 351,
    "userName": "倒***虫",
    "commentCount": 0,
    "starCount": 3,
    "isStared": 0,
    "thumbnailURL": "https://www.makeapie.com/ecg-storage/ec_gallery_thumbnail/xqC0rbekvz.png?v=1602596611599",
    "isCustomThumbnail": 0,
    "builtinTags": [
        "category-work",
        "grid",
        "legend",
        "series-bar",
        "tooltip"
    ],
    "customTags": [
        "单柱",
        "占比",
        "比例"
    ],
    "updaterUserName": "倒***虫"
}