{
    "cid": "xuZ49_DgJ3",
    "authorUid": "obd-oAgFGb6MEa5FM7lEEcZQplG8klrvv7N",
    "authorUserName": "筱***e",
    "title": "已完成\n45%",
    "description": "",
    "latestVersion": 1,
    "alwaysLatest": 1,
    "createTime": "2020-10-12T06:12:01.000Z",
    "lastUpdateTime": "2020-10-12T06:12:01.000Z",
    "auth": 2,
    "uid": "obd-oAgFGb6MEa5FM7lEEcZQplG8klrvv7N",
    "publishedVersion": 0,
    "forkFrom": "-",
    "isSpam": 0,
    "version": 1,
    "parentVersion": -1,
    "echartsVersion": "4.8.0",
    "versionCreateTime": "2020-10-12T06:12:01.000Z",
    "html": "",
    "externalScripts": "",
    "updaterUID": "obd-oAgFGb6MEa5FM7lEEcZQplG8klrvv7N",
    "theme": "",
    "layout": "",
    "viewCount": 3509,
    "userName": "筱***e",
    "commentCount": 0,
    "starCount": 13,
    "isStared": 0,
    "thumbnailURL": "https://www.makeapie.com/ecg-storage/ec_gallery_thumbnail/xuZ49_DgJ3.png?v=1602483122106",
    "isCustomThumbnail": 0,
    "builtinTags": [
        "category-work",
        "series-gauge",
        "series-pie",
        "title"
    ],
    "customTags": [],
    "updaterUserName": "筱***e"
}