{
    "cid": "xvo_BaC80U",
    "authorUid": "bd-4179640802",
    "authorUserName": "四***8",
    "title": "待处理数",
    "description": "",
    "latestVersion": 1,
    "alwaysLatest": 1,
    "createTime": "2020-10-13T03:50:34.000Z",
    "lastUpdateTime": "2020-10-13T03:50:34.000Z",
    "auth": 2,
    "uid": "bd-4179640802",
    "publishedVersion": 0,
    "forkFrom": "-",
    "isSpam": 0,
    "version": 1,
    "parentVersion": -1,
    "echartsVersion": "4.8.0",
    "versionCreateTime": "2020-10-13T03:50:34.000Z",
    "html": "",
    "externalScripts": "",
    "updaterUID": "bd-4179640802",
    "theme": "",
    "layout": "",
    "viewCount": 95,
    "userName": "四***8",
    "commentCount": 0,
    "starCount": 0,
    "isStared": 0,
    "thumbnailURL": "https://www.makeapie.com/ecg-storage/ec_gallery_thumbnail/xvo_BaC80U.png?v=1602561035111",
    "isCustomThumbnail": 0,
    "builtinTags": [
        "category-work",
        "series-pie",
        "title"
    ],
    "customTags": [],
    "updaterUserName": "四***8"
}