{
    "cid": "xXx2Na7FF2",
    "authorUid": "obd-o2ranvwwsF3vPuts_jmEmeqIA-SVV6c",
    "authorUserName": "O***o",
    "title": "上周与本周的数量对比",
    "description": "对比柱状图\n",
    "latestVersion": 3,
    "alwaysLatest": 1,
    "createTime": "2020-10-13T12:40:08.000Z",
    "lastUpdateTime": "2020-10-13T12:40:08.000Z",
    "auth": 2,
    "uid": "obd-o2ranvwwsF3vPuts_jmEmeqIA-SVV6c",
    "publishedVersion": 0,
    "forkFrom": "-",
    "isSpam": 0,
    "version": 3,
    "parentVersion": 2,
    "echartsVersion": "4.8.0",
    "versionCreateTime": "2020-10-14T00:49:19.000Z",
    "html": "",
    "externalScripts": "",
    "updaterUID": "obd-o2ranvwwsF3vPuts_jmEmeqIA-SVV6c",
    "theme": "",
    "layout": "",
    "viewCount": 109,
    "userName": "O***o",
    "commentCount": 0,
    "starCount": 0,
    "isStared": 0,
    "thumbnailURL": "https://www.makeapie.com/ecg-storage/ec_gallery_thumbnail/xXx2Na7FF2.png?v=1602636559532",
    "isCustomThumbnail": 0,
    "builtinTags": [
        "category-work",
        "grid",
        "series-bar",
        "tooltip"
    ],
    "customTags": [
        "双项对比"
    ],
    "updaterUserName": "O***o"
}