{
    "cid": "x8Wt12AEWa",
    "authorUid": "obd-oEgwfC2Zab-broL6tMBlLcPT1wCLL4P",
    "authorUserName": "巨***a",
    "title": "环形图",
    "description": "",
    "latestVersion": 2,
    "alwaysLatest": 1,
    "createTime": "2020-09-21T05:53:24.000Z",
    "lastUpdateTime": "2020-09-21T05:53:24.000Z",
    "auth": 2,
    "uid": "obd-oEgwfC2Zab-broL6tMBlLcPT1wCLL4P",
    "publishedVersion": 0,
    "forkFrom": "-",
    "isSpam": 0,
    "version": 2,
    "parentVersion": 1,
    "echartsVersion": "4.8.0",
    "versionCreateTime": "2020-09-21T07:58:03.000Z",
    "html": "",
    "externalScripts": "",
    "updaterUID": "obd-oEgwfC2Zab-broL6tMBlLcPT1wCLL4P",
    "theme": "",
    "layout": "",
    "viewCount": 350,
    "userName": "巨***a",
    "commentCount": 0,
    "starCount": 6,
    "isStared": 0,
    "thumbnailURL": "https://www.makeapie.com/ecg-storage/ec_gallery_thumbnail/x8Wt12AEWa.png?v=1600675083636",
    "isCustomThumbnail": 0,
    "builtinTags": [
        "category-work",
        "series-custom",
        "series-pie",
        "title"
    ],
    "customTags": [],
    "updaterUserName": "巨***a"
}