{
    "cid": "xBlJTj2OAS",
    "authorUid": "obd-oj2MDBltqbkVUF8TkG4kyehpwjXRfDZ",
    "authorUserName": "181******59",
    "title": "2003全国宏观经济指标",
    "description": "数据来自国家统计局",
    "latestVersion": 1,
    "alwaysLatest": 1,
    "createTime": "2020-09-21T10:01:20.000Z",
    "lastUpdateTime": "2020-09-21T10:01:20.000Z",
    "auth": 2,
    "uid": "obd-oj2MDBltqbkVUF8TkG4kyehpwjXRfDZ",
    "publishedVersion": 0,
    "forkFrom": "-",
    "isSpam": 0,
    "version": 1,
    "parentVersion": -1,
    "echartsVersion": "4.8.0",
    "versionCreateTime": "2020-09-21T10:01:20.000Z",
    "html": "",
    "externalScripts": "https://cdn.jsdelivr.net/npm/vue@2.6.12/dist/vue.min.js,https://cdn.jsdelivr.net/npm/vue-echarts@5.0.0-beta.0/dist/vue-echarts.min.js",
    "updaterUID": "obd-oj2MDBltqbkVUF8TkG4kyehpwjXRfDZ",
    "theme": "",
    "layout": "",
    "viewCount": 169,
    "userName": "181******59",
    "commentCount": 0,
    "starCount": 2,
    "isStared": 0,
    "thumbnailURL": "https://www.makeapie.com/ecg-storage/ec_gallery_thumbnail/xBlJTj2OAS.png?v=1600682480398",
    "isCustomThumbnail": 0,
    "builtinTags": [
        "category-work",
        "grid",
        "legend",
        "series-bar",
        "timeline",
        "title",
        "tooltip"
    ],
    "customTags": [],
    "updaterUserName": "181******59"
}