{
    "cid": "xn1hqJRfg_",
    "authorUid": "obd-oNj2zvJFkuHMgFWUoXv43O1sHezoVCz",
    "authorUserName": "t***e",
    "title": "timeLine分页",
    "description": "使用timeline分组显示不同的数据",
    "latestVersion": 1,
    "alwaysLatest": 1,
    "createTime": "2020-09-21T06:15:11.000Z",
    "lastUpdateTime": "2020-09-21T06:15:11.000Z",
    "auth": 2,
    "uid": "obd-oNj2zvJFkuHMgFWUoXv43O1sHezoVCz",
    "publishedVersion": 0,
    "forkFrom": "-",
    "isSpam": 0,
    "version": 1,
    "parentVersion": -1,
    "echartsVersion": "4.8.0",
    "versionCreateTime": "2020-09-21T06:15:11.000Z",
    "html": "",
    "externalScripts": "",
    "updaterUID": "obd-oNj2zvJFkuHMgFWUoXv43O1sHezoVCz",
    "theme": "",
    "layout": "",
    "viewCount": 160,
    "userName": "t***e",
    "commentCount": 0,
    "starCount": 1,
    "isStared": 0,
    "thumbnailURL": "https://www.makeapie.com/ecg-storage/ec_gallery_thumbnail/xn1hqJRfg_.png?v=1600668911656",
    "isCustomThumbnail": 0,
    "builtinTags": [
        "category-work",
        "grid",
        "series-bar",
        "timeline",
        "title",
        "tooltip"
    ],
    "customTags": [],
    "updaterUserName": "t***e"
}