{
    "cid": "xrV_RyYU78",
    "authorUid": "bd-37135131",
    "authorUserName": "s***8",
    "title": "滑动柱状图",
    "description": "",
    "latestVersion": 1,
    "alwaysLatest": 1,
    "createTime": "2020-09-21T03:56:40.000Z",
    "lastUpdateTime": "2020-09-21T03:56:40.000Z",
    "auth": 2,
    "uid": "bd-37135131",
    "publishedVersion": 0,
    "forkFrom": "-",
    "isSpam": 0,
    "version": 1,
    "parentVersion": -1,
    "echartsVersion": "4.8.0",
    "versionCreateTime": "2020-09-21T03:56:40.000Z",
    "html": "",
    "externalScripts": "",
    "updaterUID": "bd-37135131",
    "theme": "",
    "layout": "",
    "viewCount": 87,
    "userName": "s***8",
    "commentCount": 0,
    "starCount": 0,
    "isStared": 0,
    "thumbnailURL": "https://www.makeapie.com/ecg-storage/ec_gallery_thumbnail/xrV_RyYU78.png?v=1600660600921",
    "isCustomThumbnail": 0,
    "builtinTags": [
        "category-work",
        "dataZoom",
        "grid",
        "series-bar"
    ],
    "customTags": [],
    "updaterUserName": "s***8"
}