{
    "cid": "xty5fd-kut",
    "authorUid": "bd-37135131",
    "authorUserName": "s***8",
    "title": "多层柱状图",
    "description": "",
    "latestVersion": 1,
    "alwaysLatest": 1,
    "createTime": "2020-09-21T03:56:08.000Z",
    "lastUpdateTime": "2020-09-21T03:56:08.000Z",
    "auth": 2,
    "uid": "bd-37135131",
    "publishedVersion": 0,
    "forkFrom": "-",
    "isSpam": 0,
    "version": 1,
    "parentVersion": -1,
    "echartsVersion": "4.8.0",
    "versionCreateTime": "2020-09-21T03:56:08.000Z",
    "html": "",
    "externalScripts": "",
    "updaterUID": "bd-37135131",
    "theme": "",
    "layout": "",
    "viewCount": 19,
    "userName": "s***8",
    "commentCount": 0,
    "starCount": 0,
    "isStared": 0,
    "thumbnailURL": "https://www.makeapie.com/ecg-storage/ec_gallery_thumbnail/xty5fd-kut.png?v=1600660568582",
    "isCustomThumbnail": 0,
    "builtinTags": [
        "category-work",
        "grid",
        "legend",
        "series-bar"
    ],
    "customTags": [],
    "updaterUserName": "s***8"
}