{
    "cid": "xU6T0ElWgJ",
    "authorUid": "obd-oCvchGapFZRJsAV1ASDgSrYx2Aqx13P",
    "authorUserName": "勤***王",
    "title": "学生近一个月书籍阅读趋势",
    "description": "",
    "latestVersion": 1,
    "alwaysLatest": 1,
    "createTime": "2020-09-21T09:28:17.000Z",
    "lastUpdateTime": "2020-09-21T09:28:17.000Z",
    "auth": 2,
    "uid": "obd-oCvchGapFZRJsAV1ASDgSrYx2Aqx13P",
    "publishedVersion": 0,
    "forkFrom": "-",
    "isSpam": 0,
    "version": 1,
    "parentVersion": -1,
    "echartsVersion": "4.8.0",
    "versionCreateTime": "2020-09-21T09:28:17.000Z",
    "html": "",
    "externalScripts": "",
    "updaterUID": "obd-oCvchGapFZRJsAV1ASDgSrYx2Aqx13P",
    "theme": "",
    "layout": "",
    "viewCount": 130,
    "userName": "勤***王",
    "commentCount": 0,
    "starCount": 0,
    "isStared": 0,
    "thumbnailURL": "https://www.makeapie.com/ecg-storage/ec_gallery_thumbnail/xU6T0ElWgJ.png?v=1600680498004",
    "isCustomThumbnail": 0,
    "builtinTags": [
        "category-work",
        "dataZoom",
        "grid",
        "legend",
        "series-line",
        "title",
        "tooltip"
    ],
    "customTags": [],
    "updaterUserName": "勤***王"
}