{
    "cid": "xBJwCUa9Iz",
    "authorUid": "bd-1245979803",
    "authorUserName": "d***t",
    "title": "手机CPU性能",
    "description": "数据来源网络",
    "latestVersion": 1,
    "alwaysLatest": 1,
    "createTime": "2018-02-09T06:59:27.000Z",
    "lastUpdateTime": "2018-02-09T06:59:27.000Z",
    "auth": 2,
    "uid": "bd-1245979803",
    "publishedVersion": 0,
    "forkFrom": "-",
    "isSpam": 0,
    "version": 1,
    "parentVersion": -1,
    "echartsVersion": "3.8.0",
    "versionCreateTime": "2018-02-09T06:59:27.000Z",
    "html": "",
    "externalScripts": "",
    "updaterUID": "bd-1245979803",
    "theme": "",
    "layout": "",
    "viewCount": 1385,
    "userName": "d***t",
    "commentCount": 0,
    "starCount": 4,
    "isStared": 0,
    "thumbnailURL": "https://www.makeapie.com/ecg-storage/ec_gallery_thumbnail/xBJwCUa9Iz.png?v=1518159567705",
    "isCustomThumbnail": 0,
    "builtinTags": [
        "category-work",
        "legend",
        "radar",
        "series-radar",
        "title",
        "tooltip"
    ],
    "customTags": [],
    "updaterUserName": "d***t"
}