{
    "cid": "xBkvtz_pUG",
    "authorUid": "bd-3501570857",
    "authorUserName": "186******01",
    "title": "New Mexico Energy Profile",
    "description": "",
    "latestVersion": 2,
    "alwaysLatest": 1,
    "createTime": "2018-02-11T07:36:30.000Z",
    "lastUpdateTime": "2018-02-11T07:36:30.000Z",
    "auth": 2,
    "uid": "bd-3501570857",
    "publishedVersion": 0,
    "forkFrom": "-",
    "isSpam": 0,
    "version": 2,
    "parentVersion": 1,
    "echartsVersion": "3.8.0",
    "versionCreateTime": "2018-02-11T08:27:31.000Z",
    "html": "",
    "externalScripts": "",
    "updaterUID": "bd-3501570857",
    "theme": "macarons",
    "layout": "",
    "viewCount": 1567,
    "userName": "186******01",
    "commentCount": 1,
    "starCount": 9,
    "isStared": 0,
    "thumbnailURL": "https://www.makeapie.com/ecg-storage/ec_gallery_thumbnail/xBkvtz_pUG.png?v=1518337652016",
    "isCustomThumbnail": 0,
    "builtinTags": [
        "category-work",
        "grid",
        "series-bar",
        "series-pie",
        "title",
        "toolbox",
        "tooltip"
    ],
    "customTags": [],
    "updaterUserName": "186******01"
}