{
    "cid": "xBkVngAq8z",
    "authorUid": "bd-2939525108",
    "authorUserName": "x***鱼",
    "title": "多色自定义图标散点图",
    "description": "",
    "latestVersion": 6,
    "alwaysLatest": 1,
    "createTime": "2018-02-09T07:41:31.000Z",
    "lastUpdateTime": "2018-02-09T07:41:31.000Z",
    "auth": 2,
    "uid": "bd-2939525108",
    "publishedVersion": 0,
    "forkFrom": "-",
    "isSpam": 0,
    "version": 6,
    "parentVersion": 5,
    "echartsVersion": "3.8.0",
    "versionCreateTime": "2018-02-09T08:52:35.000Z",
    "html": "",
    "externalScripts": "",
    "updaterUID": "bd-2939525108",
    "theme": "",
    "layout": "",
    "viewCount": 1013,
    "userName": "x***鱼",
    "commentCount": 0,
    "starCount": 1,
    "isStared": 0,
    "thumbnailURL": "https://www.makeapie.com/ecg-storage/ec_gallery_thumbnail/xBkVngAq8z.png?v=1518166355840",
    "isCustomThumbnail": 0,
    "builtinTags": [
        "category-work",
        "grid",
        "legend",
        "series-scatter",
        "title"
    ],
    "customTags": [],
    "updaterUserName": "x***鱼"
}