{
    "cid": "xBy1jFtYLG",
    "authorUid": "bd-1191423521",
    "authorUserName": "lenovolhl",
    "title": "饼图制作简单环形",
    "description": "",
    "latestVersion": 1,
    "alwaysLatest": 1,
    "createTime": "2018-02-08T08:25:59.000Z",
    "lastUpdateTime": "2018-02-08T08:25:59.000Z",
    "auth": 2,
    "uid": "bd-1191423521",
    "publishedVersion": 0,
    "forkFrom": "-",
    "isSpam": 0,
    "version": 1,
    "parentVersion": -1,
    "echartsVersion": "3.8.0",
    "versionCreateTime": "2018-02-08T08:25:59.000Z",
    "html": "",
    "externalScripts": "",
    "updaterUID": "bd-1191423521",
    "theme": "",
    "layout": "",
    "viewCount": 74,
    "userName": "lenovolhl",
    "commentCount": 0,
    "starCount": 0,
    "isStared": 0,
    "thumbnailURL": "https://www.makeapie.com/ecg-storage/ec_gallery_thumbnail/xBy1jFtYLG.png?v=1518078359481",
    "isCustomThumbnail": 0,
    "builtinTags": [
        "category-work",
        "series-pie"
    ],
    "customTags": [],
    "updaterUserName": "lenovolhl"
}