{
    "cid": "xBy3cwYq8G",
    "authorUid": "bd-1662601149",
    "authorUserName": "红***衣",
    "title": "阀值感应",
    "description": "作者：红恋落故衣",
    "latestVersion": 1,
    "alwaysLatest": 1,
    "createTime": "2018-02-09T02:29:39.000Z",
    "lastUpdateTime": "2018-02-09T02:29:39.000Z",
    "auth": 1,
    "uid": "bd-1662601149",
    "publishedVersion": 0,
    "forkFrom": "-",
    "isSpam": 0,
    "version": 1,
    "parentVersion": -1,
    "echartsVersion": "3.8.0",
    "versionCreateTime": "2018-02-09T02:29:39.000Z",
    "html": "",
    "externalScripts": "",
    "updaterUID": "bd-1662601149",
    "theme": "",
    "layout": "",
    "viewCount": 1303,
    "userName": "红***衣",
    "commentCount": 0,
    "starCount": 3,
    "isStared": 0,
    "thumbnailURL": "https://www.makeapie.com/ecg-storage/ec_gallery_thumbnail/xBy3cwYq8G.png?v=1518143379762",
    "isCustomThumbnail": 0,
    "builtinTags": [
        "category-work",
        "series-gauge",
        "title",
        "tooltip"
    ],
    "customTags": [],
    "updaterUserName": "红***衣"
}