{
    "cid": "xByI3XqS8G",
    "authorUid": "bd-1263247155",
    "authorUserName": "心***着",
    "title": "机器在不同时间段cpu、内存使用率",
    "description": "",
    "latestVersion": 10,
    "alwaysLatest": 1,
    "createTime": "2018-02-05T08:19:58.000Z",
    "lastUpdateTime": "2018-02-05T08:19:58.000Z",
    "auth": 1,
    "uid": "bd-1263247155",
    "publishedVersion": 0,
    "forkFrom": "-",
    "isSpam": 0,
    "version": 10,
    "parentVersion": 8,
    "echartsVersion": "3.8.0",
    "versionCreateTime": "2018-12-17T03:18:51.000Z",
    "html": "",
    "externalScripts": "",
    "updaterUID": "bd-2749599748",
    "theme": "",
    "layout": "",
    "viewCount": 4143,
    "userName": "心***着",
    "commentCount": 0,
    "starCount": 5,
    "isStared": 0,
    "thumbnailURL": "https://www.makeapie.com/ecg-storage/ec_gallery_thumbnail/xByI3XqS8G.png?v=1545016731930",
    "isCustomThumbnail": 0,
    "builtinTags": [
        "category-work",
        "grid",
        "legend",
        "series-line",
        "title",
        "tooltip"
    ],
    "customTags": [],
    "updaterUserName": "性感的凌枫"
}