{
    "cid": "xH1WVIUSIM",
    "authorUid": "bd-2802325258",
    "authorUserName": "达***奇",
    "title": "有标注折线图",
    "description": "",
    "latestVersion": 1,
    "alwaysLatest": 1,
    "createTime": "2018-02-05T03:57:29.000Z",
    "lastUpdateTime": "2018-02-05T03:57:29.000Z",
    "auth": 2,
    "uid": "bd-2802325258",
    "publishedVersion": 0,
    "forkFrom": "-",
    "isSpam": 0,
    "version": 1,
    "parentVersion": -1,
    "echartsVersion": "3.8.0",
    "versionCreateTime": "2018-02-05T03:57:29.000Z",
    "html": "",
    "externalScripts": "",
    "updaterUID": "bd-2802325258",
    "theme": "",
    "layout": "",
    "viewCount": 1058,
    "userName": "达***奇",
    "commentCount": 0,
    "starCount": 3,
    "isStared": 0,
    "thumbnailURL": "https://www.makeapie.com/ecg-storage/ec_gallery_thumbnail/xH1WVIUSIM.png?v=1517803049407",
    "isCustomThumbnail": 0,
    "builtinTags": [
        "category-work",
        "grid",
        "markLine",
        "markPoint",
        "series-line"
    ],
    "customTags": [],
    "updaterUserName": "达***奇"
}