{
    "cid": "xH1xx00DUz",
    "authorUid": "bd-17049647",
    "authorUserName": "l***6",
    "title": "柱状多图对比",
    "description": "练习",
    "latestVersion": 1,
    "alwaysLatest": 1,
    "createTime": "2018-02-07T02:01:11.000Z",
    "lastUpdateTime": "2018-02-07T02:01:11.000Z",
    "auth": 1,
    "uid": "bd-17049647",
    "publishedVersion": 0,
    "forkFrom": "-",
    "isSpam": 0,
    "version": 1,
    "parentVersion": -1,
    "echartsVersion": "3.8.0",
    "versionCreateTime": "2018-02-07T02:01:11.000Z",
    "html": "",
    "externalScripts": "",
    "updaterUID": "bd-17049647",
    "theme": "",
    "layout": "",
    "viewCount": 168,
    "userName": "l***6",
    "commentCount": 0,
    "starCount": 3,
    "isStared": 0,
    "thumbnailURL": "https://www.makeapie.com/ecg-storage/ec_gallery_thumbnail/xH1xx00DUz.png?v=1517968871845",
    "isCustomThumbnail": 0,
    "builtinTags": [
        "category-work",
        "grid",
        "series-bar"
    ],
    "customTags": [],
    "updaterUserName": "l***6"
}