{
    "cid": "xHJ-hBWu8f",
    "authorUid": "bd-1191423521",
    "authorUserName": "lenovolhl",
    "title": "Bar显示比率",
    "description": "学习",
    "latestVersion": 2,
    "alwaysLatest": 1,
    "createTime": "2018-02-07T04:50:48.000Z",
    "lastUpdateTime": "2018-02-07T04:50:48.000Z",
    "auth": 2,
    "uid": "bd-1191423521",
    "publishedVersion": 0,
    "forkFrom": "-",
    "isSpam": 0,
    "version": 2,
    "parentVersion": 1,
    "echartsVersion": "3.8.0",
    "versionCreateTime": "2018-02-08T08:26:40.000Z",
    "html": "",
    "externalScripts": "",
    "updaterUID": "bd-1191423521",
    "theme": "",
    "layout": "",
    "viewCount": 1017,
    "userName": "lenovolhl",
    "commentCount": 0,
    "starCount": 4,
    "isStared": 0,
    "thumbnailURL": "https://www.makeapie.com/ecg-storage/ec_gallery_thumbnail/xHJ-hBWu8f.png?v=1518078400598",
    "isCustomThumbnail": 0,
    "builtinTags": [
        "category-work",
        "legend",
        "series-pie"
    ],
    "customTags": [],
    "updaterUserName": "lenovolhl"
}