{
    "cid": "xHyyXqGhUM",
    "authorUid": "bd-2402637255",
    "authorUserName": "灬dole",
    "title": "雷达图1",
    "description": "雷达图1",
    "latestVersion": 1,
    "alwaysLatest": 1,
    "createTime": "2018-02-10T07:07:03.000Z",
    "lastUpdateTime": "2018-02-10T07:07:03.000Z",
    "auth": 2,
    "uid": "bd-2402637255",
    "publishedVersion": 0,
    "forkFrom": "-",
    "isSpam": 0,
    "version": 1,
    "parentVersion": -1,
    "echartsVersion": "3.8.0",
    "versionCreateTime": "2018-02-10T07:07:03.000Z",
    "html": "",
    "externalScripts": "",
    "updaterUID": "bd-2402637255",
    "theme": "dark",
    "layout": "",
    "viewCount": 514,
    "userName": "灬dole",
    "commentCount": 0,
    "starCount": 1,
    "isStared": 0,
    "thumbnailURL": "https://www.makeapie.com/ecg-storage/ec_gallery_thumbnail/xHyyXqGhUM.png?v=1518246423569",
    "isCustomThumbnail": 0,
    "builtinTags": [
        "category-work",
        "radar",
        "series-radar",
        "title",
        "tooltip"
    ],
    "customTags": [],
    "updaterUserName": "灬dole"
}