{
    "cid": "xr101N1wLM",
    "authorUid": "bd-3116964700",
    "authorUserName": "AKApopperheng",
    "title": "单资产多指标静态",
    "description": "",
    "latestVersion": 1,
    "alwaysLatest": 1,
    "createTime": "2018-02-06T08:14:30.000Z",
    "lastUpdateTime": "2018-02-06T08:14:30.000Z",
    "auth": 2,
    "uid": "bd-3116964700",
    "publishedVersion": 0,
    "forkFrom": "-",
    "isSpam": 0,
    "version": 1,
    "parentVersion": -1,
    "echartsVersion": "3.8.0",
    "versionCreateTime": "2018-02-06T08:14:30.000Z",
    "html": "",
    "externalScripts": "",
    "updaterUID": "bd-3116964700",
    "theme": "",
    "layout": "",
    "viewCount": 238,
    "userName": "AKApopperheng",
    "commentCount": 0,
    "starCount": 1,
    "isStared": 0,
    "thumbnailURL": "https://www.makeapie.com/ecg-storage/ec_gallery_thumbnail/xr101N1wLM.png?v=1517904870241",
    "isCustomThumbnail": 0,
    "builtinTags": [
        "category-work",
        "dataZoom",
        "grid",
        "legend",
        "series-bar",
        "series-line",
        "title",
        "toolbox",
        "tooltip"
    ],
    "customTags": [],
    "updaterUserName": "AKApopperheng"
}