{
    "cid": "xrJFLzA98G",
    "authorUid": "bd-3143404117",
    "authorUserName": "1xinge156",
    "title": "单位（辆）",
    "description": "新能源汽车推广走势图",
    "latestVersion": 2,
    "alwaysLatest": 1,
    "createTime": "2018-02-09T07:48:32.000Z",
    "lastUpdateTime": "2018-02-09T07:48:32.000Z",
    "auth": 1,
    "uid": "bd-3143404117",
    "publishedVersion": 0,
    "forkFrom": "-",
    "isSpam": 0,
    "version": 2,
    "parentVersion": 1,
    "echartsVersion": "3.8.0",
    "versionCreateTime": "2018-02-09T07:48:44.000Z",
    "html": "",
    "externalScripts": "",
    "updaterUID": "bd-3143404117",
    "theme": "",
    "layout": "",
    "viewCount": 96,
    "userName": "1xinge156",
    "commentCount": 0,
    "starCount": 1,
    "isStared": 0,
    "thumbnailURL": "https://www.makeapie.com/ecg-storage/ec_gallery_thumbnail/xrJFLzA98G.png?v=1518162524899",
    "isCustomThumbnail": 0,
    "builtinTags": [
        "category-work",
        "grid",
        "legend",
        "series-line",
        "title",
        "tooltip"
    ],
    "customTags": [],
    "updaterUserName": "1xinge156"
}