{
    "cid": "xrkOXHFcIM",
    "authorUid": "bd-1662601149",
    "authorUserName": "红***衣",
    "title": "动态加载数据，类似windows任务管理器",
    "description": "作者 : 红恋落故衣\n动态数据加载，类似windows任务管理器\n初步修改别人的分享，希望大家多多补充类似的图表。",
    "latestVersion": 1,
    "alwaysLatest": 1,
    "createTime": "2018-02-09T02:19:12.000Z",
    "lastUpdateTime": "2018-02-09T02:19:12.000Z",
    "auth": 1,
    "uid": "bd-1662601149",
    "publishedVersion": 0,
    "forkFrom": "-",
    "isSpam": 0,
    "version": 1,
    "parentVersion": -1,
    "echartsVersion": "3.8.0",
    "versionCreateTime": "2018-02-09T02:19:12.000Z",
    "html": "",
    "externalScripts": "",
    "updaterUID": "bd-1662601149",
    "theme": "",
    "layout": "",
    "viewCount": 134,
    "userName": "红***衣",
    "commentCount": 0,
    "starCount": 1,
    "isStared": 0,
    "thumbnailURL": "https://www.makeapie.com/ecg-storage/ec_gallery_thumbnail/xrkOXHFcIM.png?v=1518142752216",
    "isCustomThumbnail": 0,
    "builtinTags": [
        "category-work",
        "dataZoom",
        "grid",
        "legend",
        "series-line",
        "title",
        "toolbox",
        "tooltip"
    ],
    "customTags": [],
    "updaterUserName": "红***衣"
}