{
    "cid": "xryK7KqSUf",
    "authorUid": "bd-269251251",
    "authorUserName": "李嘉璐84",
    "title": "x",
    "description": "",
    "latestVersion": 1,
    "alwaysLatest": 1,
    "createTime": "2018-02-05T08:43:13.000Z",
    "lastUpdateTime": "2018-02-05T08:43:13.000Z",
    "auth": 1,
    "uid": "bd-269251251",
    "publishedVersion": 0,
    "forkFrom": "-",
    "isSpam": 0,
    "version": 1,
    "parentVersion": -1,
    "echartsVersion": "3.8.0",
    "versionCreateTime": "2018-02-05T08:43:13.000Z",
    "html": "",
    "externalScripts": "",
    "updaterUID": "bd-269251251",
    "theme": "",
    "layout": "",
    "viewCount": 205,
    "userName": "李嘉璐84",
    "commentCount": 0,
    "starCount": 0,
    "isStared": 0,
    "thumbnailURL": "https://www.makeapie.com/ecg-storage/ec_gallery_thumbnail/xryK7KqSUf.png?v=1517820193243",
    "isCustomThumbnail": 0,
    "builtinTags": [
        "category-work",
        "geo",
        "series-map",
        "series-scatter",
        "tooltip",
        "visualMap"
    ],
    "customTags": [],
    "updaterUserName": "李嘉璐84"
}