{
    "cid": "xS1IBX1wLz",
    "authorUid": "bd-3116964700",
    "authorUserName": "AKApopperheng",
    "title": "单资产多指标动态示意图",
    "description": "",
    "latestVersion": 5,
    "alwaysLatest": 1,
    "createTime": "2018-02-06T08:11:42.000Z",
    "lastUpdateTime": "2018-02-06T08:11:42.000Z",
    "auth": 2,
    "uid": "bd-3116964700",
    "publishedVersion": 0,
    "forkFrom": "-",
    "isSpam": 0,
    "version": 5,
    "parentVersion": 4,
    "echartsVersion": "3.8.0",
    "versionCreateTime": "2018-02-08T10:57:00.000Z",
    "html": "",
    "externalScripts": "",
    "updaterUID": "bd-3116964700",
    "theme": "",
    "layout": "",
    "viewCount": 126,
    "userName": "AKApopperheng",
    "commentCount": 0,
    "starCount": 0,
    "isStared": 0,
    "thumbnailURL": "https://www.makeapie.com/ecg-storage/ec_gallery_thumbnail/xS1IBX1wLz.png?v=1518087420229",
    "isCustomThumbnail": 0,
    "builtinTags": [
        "category-work",
        "dataZoom",
        "grid",
        "legend",
        "markLine",
        "series-line",
        "title",
        "toolbox",
        "tooltip"
    ],
    "customTags": [],
    "updaterUserName": "AKApopperheng"
}