{
    "cid": "xSJCFQSB8M",
    "authorUid": "bd-2802325258",
    "authorUserName": "达***奇",
    "title": "普通饼图",
    "description": "",
    "latestVersion": 3,
    "alwaysLatest": 1,
    "createTime": "2018-02-05T02:37:57.000Z",
    "lastUpdateTime": "2018-02-05T02:37:57.000Z",
    "auth": 2,
    "uid": "bd-2802325258",
    "publishedVersion": 0,
    "forkFrom": "-",
    "isSpam": 0,
    "version": 3,
    "parentVersion": 2,
    "echartsVersion": "3.8.0",
    "versionCreateTime": "2018-02-06T01:36:27.000Z",
    "html": "",
    "externalScripts": "",
    "updaterUID": "bd-2802325258",
    "theme": "",
    "layout": "",
    "viewCount": 73,
    "userName": "达***奇",
    "commentCount": 0,
    "starCount": 0,
    "isStared": 0,
    "thumbnailURL": "https://www.makeapie.com/ecg-storage/ec_gallery_thumbnail/xSJCFQSB8M.png?v=1517880988019",
    "isCustomThumbnail": 0,
    "builtinTags": [
        "category-work",
        "legend",
        "series-pie",
        "title",
        "tooltip"
    ],
    "customTags": [],
    "updaterUserName": "达***奇"
}