{
    "cid": "xSkHbm1wLG",
    "authorUid": "bd-3116964700",
    "authorUserName": "AKApopperheng",
    "title": "多资产单指标静态示意图",
    "description": "",
    "latestVersion": 2,
    "alwaysLatest": 1,
    "createTime": "2018-02-06T08:10:36.000Z",
    "lastUpdateTime": "2018-02-06T08:10:36.000Z",
    "auth": 2,
    "uid": "bd-3116964700",
    "publishedVersion": 0,
    "forkFrom": "-",
    "isSpam": 0,
    "version": 2,
    "parentVersion": 1,
    "echartsVersion": "3.8.0",
    "versionCreateTime": "2018-02-07T07:10:01.000Z",
    "html": "",
    "externalScripts": "",
    "updaterUID": "bd-3116964700",
    "theme": "",
    "layout": "",
    "viewCount": 77,
    "userName": "AKApopperheng",
    "commentCount": 0,
    "starCount": 0,
    "isStared": 0,
    "thumbnailURL": "https://www.makeapie.com/ecg-storage/ec_gallery_thumbnail/xSkHbm1wLG.png?v=1517987401204",
    "isCustomThumbnail": 0,
    "builtinTags": [
        "category-work",
        "dataZoom",
        "grid",
        "legend",
        "markLine",
        "series-line",
        "title",
        "toolbox",
        "tooltip"
    ],
    "customTags": [],
    "updaterUserName": "AKApopperheng"
}