{
    "cid": "xSyZFMs8Uf",
    "authorUid": "bd-1813650783",
    "authorUserName": "y***8",
    "title": "轴变化",
    "description": "可以根据不同类型数据更换轴显示方向",
    "latestVersion": 1,
    "alwaysLatest": 1,
    "createTime": "2018-02-06T03:35:20.000Z",
    "lastUpdateTime": "2018-02-06T03:35:20.000Z",
    "auth": 2,
    "uid": "bd-1813650783",
    "publishedVersion": 0,
    "forkFrom": "-",
    "isSpam": 0,
    "version": 1,
    "parentVersion": -1,
    "echartsVersion": "3.8.0",
    "versionCreateTime": "2018-02-06T03:35:20.000Z",
    "html": "",
    "externalScripts": "",
    "updaterUID": "bd-1813650783",
    "theme": "",
    "layout": "",
    "viewCount": 80,
    "userName": "y***8",
    "commentCount": 0,
    "starCount": 0,
    "isStared": 0,
    "thumbnailURL": "https://www.makeapie.com/ecg-storage/ec_gallery_thumbnail/xSyZFMs8Uf.png?v=1517888120964",
    "isCustomThumbnail": 0,
    "builtinTags": [
        "category-work",
        "grid",
        "legend",
        "series-line",
        "title",
        "tooltip"
    ],
    "customTags": [],
    "updaterUserName": "y***8"
}