{
    "cid": "x5LrwDzeiV",
    "authorUid": "obd-o2SdpZN1eaEtHTNpUkN3xwCMyPaQmBO",
    "authorUserName": "前***师",
    "title": "故障原因占比",
    "description": "环形图显示占比",
    "latestVersion": 1,
    "alwaysLatest": 1,
    "createTime": "2020-07-18T07:37:34.000Z",
    "lastUpdateTime": "2020-07-18T07:37:34.000Z",
    "auth": 2,
    "uid": "obd-o2SdpZN1eaEtHTNpUkN3xwCMyPaQmBO",
    "publishedVersion": 0,
    "forkFrom": "-",
    "isSpam": 0,
    "version": 1,
    "parentVersion": -1,
    "echartsVersion": "4.8.0",
    "versionCreateTime": "2020-07-18T07:37:34.000Z",
    "html": "",
    "externalScripts": "",
    "updaterUID": "obd-o2SdpZN1eaEtHTNpUkN3xwCMyPaQmBO",
    "theme": "",
    "layout": "",
    "viewCount": 106,
    "userName": "前***师",
    "commentCount": 0,
    "starCount": 1,
    "isStared": 0,
    "thumbnailURL": "https://www.makeapie.com/ecg-storage/ec_gallery_thumbnail/x5LrwDzeiV.png?v=1595057854749",
    "isCustomThumbnail": 0,
    "builtinTags": [
        "category-work",
        "series-pie",
        "title",
        "tooltip"
    ],
    "customTags": [],
    "updaterUserName": "前***师"
}