{
    "cid": "x6wcPOsfiw",
    "authorUid": "obd-oFywMxOTC0LpUlk0zoQqAnIExMwvJ5r",
    "authorUserName": "硬***人",
    "title": "boxplot+自定义图形",
    "description": "",
    "latestVersion": 1,
    "alwaysLatest": 1,
    "createTime": "2020-07-17T03:29:02.000Z",
    "lastUpdateTime": "2020-07-17T03:29:02.000Z",
    "auth": 2,
    "uid": "obd-oFywMxOTC0LpUlk0zoQqAnIExMwvJ5r",
    "publishedVersion": 0,
    "forkFrom": "-",
    "isSpam": 0,
    "version": 1,
    "parentVersion": -1,
    "echartsVersion": "4.8.0",
    "versionCreateTime": "2020-07-17T03:29:02.000Z",
    "html": "",
    "externalScripts": "",
    "updaterUID": "obd-oFywMxOTC0LpUlk0zoQqAnIExMwvJ5r",
    "theme": "",
    "layout": "",
    "viewCount": 356,
    "userName": "硬***人",
    "commentCount": 0,
    "starCount": 2,
    "isStared": 0,
    "thumbnailURL": "https://www.makeapie.com/ecg-storage/ec_gallery_thumbnail/x6wcPOsfiw.png?v=1594956542820",
    "isCustomThumbnail": 0,
    "builtinTags": [
        "category-work",
        "grid",
        "series-boxplot",
        "series-custom",
        "series-scatter",
        "tooltip"
    ],
    "customTags": [],
    "updaterUserName": "硬***人"
}