{
    "cid": "xBQY6K1TCw",
    "authorUid": "obd-oj8PCavbbVdlM3SdSwl9prUqGo-XPD5",
    "authorUserName": "f***e",
    "title": "Legend点击事件联动并实现换行",
    "description": "Legend点击事件联动并实现换行，使用events监听 派发action \nBy:cxd",
    "latestVersion": 4,
    "alwaysLatest": 1,
    "createTime": "2020-07-20T09:22:46.000Z",
    "lastUpdateTime": "2020-07-22T13:21:19.000Z",
    "auth": 2,
    "uid": "obd-oj8PCavbbVdlM3SdSwl9prUqGo-XPD5",
    "publishedVersion": 0,
    "forkFrom": "-",
    "isSpam": 0,
    "version": 4,
    "parentVersion": 3,
    "echartsVersion": "4.8.0",
    "versionCreateTime": "2020-07-22T13:19:43.000Z",
    "html": "",
    "externalScripts": "",
    "updaterUID": "obd-oj8PCavbbVdlM3SdSwl9prUqGo-XPD5",
    "theme": "default",
    "layout": "",
    "viewCount": 129,
    "userName": "f***e",
    "commentCount": 0,
    "starCount": 1,
    "isStared": 0,
    "thumbnailURL": "https://www.makeapie.com/ecg-storage/ec_gallery_thumbnail/xBQY6K1TCw.png?v=1595238188908",
    "isCustomThumbnail": 1,
    "builtinTags": [
        "category-work",
        "dataset",
        "grid",
        "legend",
        "series-bar",
        "series-line",
        "title"
    ],
    "customTags": [],
    "updaterUserName": "f***e"
}