{
    "cid": "xdUdXsAZ3-",
    "authorUid": "obd-otwkbXlSxkFkQPEpyPtP6CMYCCmr18b",
    "authorUserName": "h***0",
    "title": "玩转ECharts之实现“动态颜色的Label”",
    "description": "玩转ECharts之实现“动态颜色的Label”",
    "latestVersion": 12,
    "alwaysLatest": 1,
    "createTime": "2020-07-16T10:46:13.000Z",
    "lastUpdateTime": "2020-07-16T10:46:13.000Z",
    "auth": 2,
    "uid": "obd-otwkbXlSxkFkQPEpyPtP6CMYCCmr18b",
    "publishedVersion": 0,
    "forkFrom": "-",
    "isSpam": 0,
    "version": 12,
    "parentVersion": 6,
    "echartsVersion": "4.8.0",
    "versionCreateTime": "2020-07-17T01:31:28.000Z",
    "html": "",
    "externalScripts": "",
    "updaterUID": "obd-otwkbXlSxkFkQPEpyPtP6CMYCCmr18b",
    "theme": "",
    "layout": "",
    "viewCount": 429,
    "userName": "h***0",
    "commentCount": 0,
    "starCount": 1,
    "isStared": 0,
    "thumbnailURL": "https://www.makeapie.com/ecg-storage/ec_gallery_thumbnail/xdUdXsAZ3-.png?v=1594949488327",
    "isCustomThumbnail": 0,
    "builtinTags": [
        "category-work",
        "series-pie"
    ],
    "customTags": [
        "layer",
        "奇安信",
        "雷尔"
    ],
    "updaterUserName": "h***0"
}