{
    "cid": "xDv4r1R6LS",
    "authorUid": "bd-1866429146",
    "authorUserName": "S***康",
    "title": "营业统计-销售走势",
    "description": "",
    "latestVersion": 11,
    "alwaysLatest": 1,
    "createTime": "2020-07-17T09:37:49.000Z",
    "lastUpdateTime": "2020-07-17T09:37:49.000Z",
    "auth": 2,
    "uid": "bd-1866429146",
    "publishedVersion": 0,
    "forkFrom": "-",
    "isSpam": 0,
    "version": 11,
    "parentVersion": 10,
    "echartsVersion": "4.8.0",
    "versionCreateTime": "2020-08-04T03:12:27.000Z",
    "html": "",
    "externalScripts": "",
    "updaterUID": "bd-1866429146",
    "theme": "",
    "layout": "",
    "viewCount": 135,
    "userName": "S***康",
    "commentCount": 0,
    "starCount": 1,
    "isStared": 0,
    "thumbnailURL": "https://www.makeapie.com/ecg-storage/ec_gallery_thumbnail/xDv4r1R6LS.png?v=1596510748052",
    "isCustomThumbnail": 0,
    "builtinTags": [
        "category-work",
        "grid",
        "legend",
        "series-line",
        "tooltip"
    ],
    "customTags": [],
    "updaterUserName": "S***康"
}