{
    "cid": "xDyvPNMMG7",
    "authorUid": "bd-1866429146",
    "authorUserName": "S***康",
    "title": "订单统计-笔单价",
    "description": "",
    "latestVersion": 3,
    "alwaysLatest": 1,
    "createTime": "2020-07-17T09:06:59.000Z",
    "lastUpdateTime": "2020-07-17T09:06:59.000Z",
    "auth": 2,
    "uid": "bd-1866429146",
    "publishedVersion": 0,
    "forkFrom": "-",
    "isSpam": 0,
    "version": 3,
    "parentVersion": 2,
    "echartsVersion": "4.8.0",
    "versionCreateTime": "2020-08-04T03:14:52.000Z",
    "html": "",
    "externalScripts": "",
    "updaterUID": "bd-1866429146",
    "theme": "",
    "layout": "",
    "viewCount": 88,
    "userName": "S***康",
    "commentCount": 0,
    "starCount": 1,
    "isStared": 0,
    "thumbnailURL": "https://www.makeapie.com/ecg-storage/ec_gallery_thumbnail/xDyvPNMMG7.png?v=1596510892574",
    "isCustomThumbnail": 0,
    "builtinTags": [
        "category-work",
        "grid",
        "legend",
        "series-line",
        "tooltip"
    ],
    "customTags": [],
    "updaterUserName": "S***康"
}