{
    "cid": "xit3cP-T_O",
    "authorUid": "obd-otOvrDikWyrmpHfwEXMHfRFAH8p8_8f",
    "authorUserName": "c***3",
    "title": "渐变柱状图",
    "description": "",
    "latestVersion": 1,
    "alwaysLatest": 1,
    "createTime": "2020-07-16T08:51:25.000Z",
    "lastUpdateTime": "2020-07-16T08:51:25.000Z",
    "auth": 2,
    "uid": "obd-otOvrDikWyrmpHfwEXMHfRFAH8p8_8f",
    "publishedVersion": 0,
    "forkFrom": "-",
    "isSpam": 0,
    "version": 1,
    "parentVersion": -1,
    "echartsVersion": "4.8.0",
    "versionCreateTime": "2020-07-16T08:51:25.000Z",
    "html": "",
    "externalScripts": "",
    "updaterUID": "obd-otOvrDikWyrmpHfwEXMHfRFAH8p8_8f",
    "theme": "",
    "layout": "",
    "viewCount": 1738,
    "userName": "c***3",
    "commentCount": 0,
    "starCount": 11,
    "isStared": 0,
    "thumbnailURL": "https://www.makeapie.com/ecg-storage/ec_gallery_thumbnail/xit3cP-T_O.png?v=1594889486086",
    "isCustomThumbnail": 0,
    "builtinTags": [
        "category-work",
        "grid",
        "series-bar",
        "series-pictorialBar"
    ],
    "customTags": [],
    "updaterUserName": "c***3"
}