{
    "cid": "xN-fBTjwJ0",
    "authorUid": "bd-941681941",
    "authorUserName": "孟***8",
    "title": "3D地图与3D柱状图",
    "description": "3D地图与3D柱状图",
    "latestVersion": 1,
    "alwaysLatest": 1,
    "createTime": "2020-07-17T08:56:27.000Z",
    "lastUpdateTime": "2020-07-17T08:56:27.000Z",
    "auth": 2,
    "uid": "bd-941681941",
    "publishedVersion": 1,
    "forkFrom": "-",
    "isSpam": 0,
    "version": 1,
    "parentVersion": -1,
    "echartsVersion": "4.8.0",
    "versionCreateTime": "2020-07-17T08:56:27.000Z",
    "html": "",
    "externalScripts": "https://www.echartsjs.com/resource/echarts-gl-latest/dist/echarts-gl.min.js,/dep/echarts/map/js/china.js",
    "updaterUID": "bd-941681941",
    "theme": "",
    "layout": "",
    "viewCount": 1344,
    "userName": "孟***8",
    "commentCount": 2,
    "starCount": 3,
    "isStared": 0,
    "thumbnailURL": "https://www.makeapie.com/ecg-storage/ec_gallery_thumbnail/xN-fBTjwJ0.png?v=1594976187550",
    "isCustomThumbnail": 0,
    "builtinTags": [
        "category-work",
        "geo3D",
        "series-bar3D",
        "title"
    ],
    "customTags": [
        "3D",
        "地图",
        "柱状图"
    ],
    "updaterUserName": "孟***8"
}