{
    "cid": "xn1az-pxvO",
    "authorUid": "bd-1703269945",
    "authorUserName": "r***e",
    "title": "快捷入口",
    "description": "",
    "latestVersion": 1,
    "alwaysLatest": 1,
    "createTime": "2020-07-20T08:26:44.000Z",
    "lastUpdateTime": "2020-07-20T08:26:44.000Z",
    "auth": 2,
    "uid": "bd-1703269945",
    "publishedVersion": 0,
    "forkFrom": "-",
    "isSpam": 0,
    "version": 1,
    "parentVersion": -1,
    "echartsVersion": "4.8.0",
    "versionCreateTime": "2020-07-20T08:26:44.000Z",
    "html": "",
    "externalScripts": "",
    "updaterUID": "bd-1703269945",
    "theme": "",
    "layout": "",
    "viewCount": 967,
    "userName": "r***e",
    "commentCount": 0,
    "starCount": 5,
    "isStared": 0,
    "thumbnailURL": "https://www.makeapie.com/ecg-storage/ec_gallery_thumbnail/xn1az-pxvO.png?v=1595233605160",
    "isCustomThumbnail": 0,
    "builtinTags": [
        "category-work",
        "graphic",
        "series-pie",
        "title",
        "tooltip"
    ],
    "customTags": [],
    "updaterUserName": "r***e"
}