{
    "cid": "xnECHFwhpa",
    "authorUid": "obd-oCvnwOwKNcu79dRgzPbzQaGSYlnbt36",
    "authorUserName": "宇***独",
    "title": "渐变表",
    "description": "渐变",
    "latestVersion": 1,
    "alwaysLatest": 1,
    "createTime": "2020-07-16T09:43:51.000Z",
    "lastUpdateTime": "2020-07-16T09:43:51.000Z",
    "auth": 2,
    "uid": "obd-oCvnwOwKNcu79dRgzPbzQaGSYlnbt36",
    "publishedVersion": 0,
    "forkFrom": "-",
    "isSpam": 0,
    "version": 1,
    "parentVersion": -1,
    "echartsVersion": "4.8.0",
    "versionCreateTime": "2020-07-16T09:43:51.000Z",
    "html": "",
    "externalScripts": "",
    "updaterUID": "obd-oCvnwOwKNcu79dRgzPbzQaGSYlnbt36",
    "theme": "",
    "layout": "",
    "viewCount": 2996,
    "userName": "宇***独",
    "commentCount": 0,
    "starCount": 18,
    "isStared": 0,
    "thumbnailURL": "https://www.makeapie.com/ecg-storage/ec_gallery_thumbnail/xnECHFwhpa.png?v=1594892631838",
    "isCustomThumbnail": 0,
    "builtinTags": [
        "category-work",
        "series-pie",
        "title"
    ],
    "customTags": [],
    "updaterUserName": "宇***独"
}