{
    "cid": "xOzgQ4hk1U",
    "authorUid": "bd-3523311449",
    "authorUserName": "H***r",
    "title": "北京3DMap",
    "description": "北京3DMap",
    "latestVersion": 2,
    "alwaysLatest": 1,
    "createTime": "2020-07-18T12:45:53.000Z",
    "lastUpdateTime": "2020-07-18T12:45:53.000Z",
    "auth": 2,
    "uid": "bd-3523311449",
    "publishedVersion": 0,
    "forkFrom": "-",
    "isSpam": 0,
    "version": 2,
    "parentVersion": 1,
    "echartsVersion": "4.8.0",
    "versionCreateTime": "2020-07-18T13:29:25.000Z",
    "html": "",
    "externalScripts": "https://echarts.baidu.com/resource/echarts-gl-latest/dist/echarts-gl.min.js,https://gallery.echartsjs.com/asset/get/s/data-1595075143039-feoBF8Wv-.js",
    "updaterUID": "bd-3523311449",
    "theme": "",
    "layout": "",
    "viewCount": 96,
    "userName": "H***r",
    "commentCount": 0,
    "starCount": 0,
    "isStared": 0,
    "thumbnailURL": "https://www.makeapie.com/ecg-storage/ec_gallery_thumbnail/xOzgQ4hk1U.png?v=1595078965613",
    "isCustomThumbnail": 0,
    "builtinTags": [
        "category-work",
        "geo3D"
    ],
    "customTags": [],
    "updaterUserName": "H***r"
}