{
    "cid": "xXdMXfUZO0",
    "authorUid": "obd-oD3Qyh2lRLadi6vJEA9Im7b0ztpLA16",
    "authorUserName": "夕***未",
    "title": "1,000,000 Points",
    "description": "",
    "latestVersion": 3,
    "alwaysLatest": 1,
    "createTime": "2020-07-20T08:57:51.000Z",
    "lastUpdateTime": "2020-07-20T08:57:51.000Z",
    "auth": 2,
    "uid": "obd-oD3Qyh2lRLadi6vJEA9Im7b0ztpLA16",
    "publishedVersion": 0,
    "forkFrom": "-",
    "isSpam": 0,
    "version": 3,
    "parentVersion": 2,
    "echartsVersion": "4.8.0",
    "versionCreateTime": "2020-07-20T09:04:48.000Z",
    "html": "",
    "externalScripts": "",
    "updaterUID": "obd-oD3Qyh2lRLadi6vJEA9Im7b0ztpLA16",
    "theme": "",
    "layout": "",
    "viewCount": 677,
    "userName": "夕***未",
    "commentCount": 0,
    "starCount": 1,
    "isStared": 0,
    "thumbnailURL": "https://www.makeapie.com/ecg-storage/ec_gallery_thumbnail/xXdMXfUZO0.png?v=1595235888331",
    "isCustomThumbnail": 0,
    "builtinTags": [
        "category-work",
        "dataZoom",
        "grid",
        "legend",
        "series-scatter",
        "title",
        "toolbox",
        "tooltip"
    ],
    "customTags": [],
    "updaterUserName": "夕***未"
}