{
    "cid": "x03QecYIyY",
    "authorUid": "bd-290899024",
    "authorUserName": "依***t",
    "title": "年龄分布柱状图",
    "description": "",
    "latestVersion": 3,
    "alwaysLatest": 1,
    "createTime": "2018-10-22T06:36:13.000Z",
    "lastUpdateTime": "2018-10-22T06:36:13.000Z",
    "auth": 1,
    "uid": "bd-290899024",
    "publishedVersion": 0,
    "forkFrom": "-",
    "isSpam": 0,
    "version": 3,
    "parentVersion": 2,
    "echartsVersion": "4.2.1",
    "versionCreateTime": "2019-02-12T02:16:39.000Z",
    "html": "",
    "externalScripts": "",
    "updaterUID": "bd-1227944044",
    "theme": "",
    "layout": "",
    "viewCount": 2255,
    "userName": "依***t",
    "commentCount": 0,
    "starCount": 10,
    "isStared": 0,
    "thumbnailURL": "https://www.makeapie.com/ecg-storage/ec_gallery_thumbnail/x03QecYIyY.png?v=1549937799504",
    "isCustomThumbnail": 0,
    "builtinTags": [
        "category-work",
        "grid",
        "markPoint",
        "series-bar"
    ],
    "customTags": [],
    "updaterUserName": "无***8"
}