{
    "cid": "x0XKOzuk2w",
    "authorUid": "bd-3792394918",
    "authorUserName": "青萍結綠",
    "title": "3-3 模板",
    "description": "",
    "latestVersion": 1,
    "alwaysLatest": 1,
    "createTime": "2018-10-22T12:17:54.000Z",
    "lastUpdateTime": "2018-10-22T12:17:54.000Z",
    "auth": 1,
    "uid": "bd-3792394918",
    "publishedVersion": 0,
    "forkFrom": "-",
    "isSpam": 0,
    "version": 1,
    "parentVersion": -1,
    "echartsVersion": "4.2.0",
    "versionCreateTime": "2018-10-22T12:17:54.000Z",
    "html": "",
    "externalScripts": "",
    "updaterUID": "bd-3792394918",
    "theme": "",
    "layout": "",
    "viewCount": 528,
    "userName": "青萍結綠",
    "commentCount": 0,
    "starCount": 1,
    "isStared": 0,
    "thumbnailURL": "https://www.makeapie.com/ecg-storage/ec_gallery_thumbnail/x0XKOzuk2w.png?v=1540210674339",
    "isCustomThumbnail": 0,
    "builtinTags": [
        "category-work",
        "series-scatter",
        "singleAxis",
        "title",
        "tooltip"
    ],
    "customTags": [],
    "updaterUserName": "青萍結綠"
}