{
    "cid": "x1UX2edimP",
    "authorUid": "bd-908537384",
    "authorUserName": "情缘一见钟情",
    "title": "整天时间坐标轴",
    "description": "从00:00到24:00",
    "latestVersion": 3,
    "alwaysLatest": 1,
    "createTime": "2018-10-23T01:37:41.000Z",
    "lastUpdateTime": "2018-10-23T01:37:41.000Z",
    "auth": 2,
    "uid": "bd-908537384",
    "publishedVersion": 0,
    "forkFrom": "-",
    "isSpam": 0,
    "version": 3,
    "parentVersion": 2,
    "echartsVersion": "4.2.0",
    "versionCreateTime": "2018-10-23T01:42:24.000Z",
    "html": "",
    "externalScripts": "",
    "updaterUID": "bd-908537384",
    "theme": "",
    "layout": "",
    "viewCount": 662,
    "userName": "情缘一见钟情",
    "commentCount": 0,
    "starCount": 1,
    "isStared": 0,
    "thumbnailURL": "https://www.makeapie.com/ecg-storage/ec_gallery_thumbnail/x1UX2edimP.png?v=1540258944275",
    "isCustomThumbnail": 0,
    "builtinTags": [
        "category-work",
        "grid",
        "series-line",
        "title",
        "tooltip"
    ],
    "customTags": [],
    "updaterUserName": "情缘一见钟情"
}