{
    "cid": "x5sP4_PhTH",
    "authorUid": "bd-3827775615",
    "authorUserName": "水***鸦",
    "title": "",
    "description": "",
    "latestVersion": 3,
    "alwaysLatest": 1,
    "createTime": "2018-10-23T06:21:58.000Z",
    "lastUpdateTime": "2018-10-23T06:21:58.000Z",
    "auth": 2,
    "uid": "bd-3827775615",
    "publishedVersion": 0,
    "forkFrom": "-",
    "isSpam": 0,
    "version": 3,
    "parentVersion": 2,
    "echartsVersion": "4.2.0",
    "versionCreateTime": "2018-10-26T07:42:48.000Z",
    "html": "",
    "externalScripts": "",
    "updaterUID": "bd-3827775615",
    "theme": "",
    "layout": "",
    "viewCount": 448,
    "userName": "水***鸦",
    "commentCount": 0,
    "starCount": 0,
    "isStared": 0,
    "thumbnailURL": "https://www.makeapie.com/ecg-storage/ec_gallery_thumbnail/x5sP4_PhTH.png?v=1540539768564",
    "isCustomThumbnail": 0,
    "builtinTags": [
        "category-work",
        "grid",
        "series-bar",
        "series-line",
        "tooltip"
    ],
    "customTags": [],
    "updaterUserName": "水***鸦"
}