{
    "cid": "xCRHvsy4hk",
    "authorUid": "bd-3675198357",
    "authorUserName": "碎***泪",
    "title": "测试",
    "description": "",
    "latestVersion": 1,
    "alwaysLatest": 1,
    "createTime": "2018-10-24T01:28:43.000Z",
    "lastUpdateTime": "2018-10-24T01:28:43.000Z",
    "auth": 2,
    "uid": "bd-3675198357",
    "publishedVersion": 0,
    "forkFrom": "-",
    "isSpam": 0,
    "version": 1,
    "parentVersion": -1,
    "echartsVersion": "4.2.0",
    "versionCreateTime": "2018-10-24T01:28:43.000Z",
    "html": "",
    "externalScripts": "",
    "updaterUID": "bd-3675198357",
    "theme": "",
    "layout": "",
    "viewCount": 65,
    "userName": "碎***泪",
    "commentCount": 0,
    "starCount": 0,
    "isStared": 0,
    "thumbnailURL": "https://www.makeapie.com/ecg-storage/ec_gallery_thumbnail/xCRHvsy4hk.png?v=1540344523988",
    "isCustomThumbnail": 0,
    "builtinTags": [
        "category-work",
        "grid",
        "series-bar",
        "tooltip"
    ],
    "customTags": [],
    "updaterUserName": "碎***泪"
}