{
    "cid": "xCwoK4Y3VO",
    "authorUid": "bd-2172452247",
    "authorUserName": "又一个大鲸鱼",
    "title": "漏斗图",
    "description": "用柱状图实现的漏斗图，加上转换率",
    "latestVersion": 2,
    "alwaysLatest": 1,
    "createTime": "2018-10-23T15:03:26.000Z",
    "lastUpdateTime": "2018-10-23T15:03:26.000Z",
    "auth": 2,
    "uid": "bd-2172452247",
    "publishedVersion": 0,
    "forkFrom": "-",
    "isSpam": 0,
    "version": 2,
    "parentVersion": 1,
    "echartsVersion": "4.2.0",
    "versionCreateTime": "2018-10-23T15:05:26.000Z",
    "html": "",
    "externalScripts": "",
    "updaterUID": "bd-2172452247",
    "theme": "",
    "layout": "",
    "viewCount": 529,
    "userName": "又一个大鲸鱼",
    "commentCount": 0,
    "starCount": 5,
    "isStared": 0,
    "thumbnailURL": "https://www.makeapie.com/ecg-storage/ec_gallery_thumbnail/xCwoK4Y3VO.png?v=1540307126345",
    "isCustomThumbnail": 0,
    "builtinTags": [
        "category-work",
        "grid",
        "markPoint",
        "series-bar",
        "title"
    ],
    "customTags": [
        "funnel"
    ],
    "updaterUserName": "又一个大鲸鱼"
}