{
    "cid": "xdqjsZzhBc",
    "authorUid": "bd-3902108879",
    "authorUserName": "笑***天",
    "title": "参与抽奖人数(2022）",
    "description": "",
    "latestVersion": 2,
    "alwaysLatest": 1,
    "createTime": "2018-10-24T07:30:22.000Z",
    "lastUpdateTime": "2018-10-24T07:30:22.000Z",
    "auth": 2,
    "uid": "bd-3902108879",
    "publishedVersion": 0,
    "forkFrom": "-",
    "isSpam": 0,
    "version": 2,
    "parentVersion": 1,
    "echartsVersion": "4.2.0",
    "versionCreateTime": "2018-10-24T07:36:55.000Z",
    "html": "",
    "externalScripts": "",
    "updaterUID": "bd-3902108879",
    "theme": "macarons",
    "layout": "",
    "viewCount": 81,
    "userName": "笑***天",
    "commentCount": 0,
    "starCount": 0,
    "isStared": 0,
    "thumbnailURL": "https://www.makeapie.com/ecg-storage/ec_gallery_thumbnail/xdqjsZzhBc.png?v=1540366615453",
    "isCustomThumbnail": 0,
    "builtinTags": [
        "category-work",
        "series-pie",
        "title",
        "tooltip"
    ],
    "customTags": [],
    "updaterUserName": "笑***天"
}