{
    "cid": "xdrs7tPN-N",
    "authorUid": "bd-3650162791",
    "authorUserName": "富贵竹284",
    "title": "dvsdvdb",
    "description": "v",
    "latestVersion": 1,
    "alwaysLatest": 1,
    "createTime": "2018-10-23T07:30:32.000Z",
    "lastUpdateTime": "2018-10-23T07:30:32.000Z",
    "auth": 2,
    "uid": "bd-3650162791",
    "publishedVersion": 0,
    "forkFrom": "-",
    "isSpam": 0,
    "version": 1,
    "parentVersion": -1,
    "echartsVersion": "4.2.0",
    "versionCreateTime": "2018-10-23T07:30:32.000Z",
    "html": "",
    "externalScripts": "",
    "updaterUID": "bd-3650162791",
    "theme": "",
    "layout": "",
    "viewCount": 65,
    "userName": "富贵竹284",
    "commentCount": 0,
    "starCount": 0,
    "isStared": 0,
    "thumbnailURL": "https://www.makeapie.com/ecg-storage/ec_gallery_thumbnail/xdrs7tPN-N.png?v=1540279832308",
    "isCustomThumbnail": 0,
    "builtinTags": [
        "category-work",
        "grid",
        "series-bar"
    ],
    "customTags": [],
    "updaterUserName": "富贵竹284"
}