{
    "cid": "xE9z1ysBXz",
    "authorUid": "bd-3827775615",
    "authorUserName": "水***鸦",
    "title": "",
    "description": "",
    "latestVersion": 2,
    "alwaysLatest": 1,
    "createTime": "2018-10-23T09:27:08.000Z",
    "lastUpdateTime": "2018-10-23T09:27:08.000Z",
    "auth": 2,
    "uid": "bd-3827775615",
    "publishedVersion": 0,
    "forkFrom": "-",
    "isSpam": 0,
    "version": 2,
    "parentVersion": 1,
    "echartsVersion": "4.2.0",
    "versionCreateTime": "2018-10-26T08:13:36.000Z",
    "html": "",
    "externalScripts": "",
    "updaterUID": "bd-3827775615",
    "theme": "",
    "layout": "",
    "viewCount": 230,
    "userName": "水***鸦",
    "commentCount": 0,
    "starCount": 0,
    "isStared": 0,
    "thumbnailURL": "https://www.makeapie.com/ecg-storage/ec_gallery_thumbnail/xE9z1ysBXz.png?v=1540541616550",
    "isCustomThumbnail": 0,
    "builtinTags": [
        "category-work",
        "grid",
        "markArea",
        "series-bar"
    ],
    "customTags": [],
    "updaterUserName": "水***鸦"
}