{
    "cid": "xlCRMWTUVI",
    "authorUid": "bd-3408963407",
    "authorUserName": "霓虹36",
    "title": "多仪表-蓄电池",
    "description": "多仪表盘",
    "latestVersion": 1,
    "alwaysLatest": 1,
    "createTime": "2018-10-24T09:59:40.000Z",
    "lastUpdateTime": "2018-10-24T09:59:40.000Z",
    "auth": 2,
    "uid": "bd-3408963407",
    "publishedVersion": 0,
    "forkFrom": "-",
    "isSpam": 0,
    "version": 1,
    "parentVersion": -1,
    "echartsVersion": "4.2.0",
    "versionCreateTime": "2018-10-24T09:59:40.000Z",
    "html": "",
    "externalScripts": "",
    "updaterUID": "bd-3408963407",
    "theme": "dark",
    "layout": "",
    "viewCount": 843,
    "userName": "霓虹36",
    "commentCount": 0,
    "starCount": 3,
    "isStared": 0,
    "thumbnailURL": "https://www.makeapie.com/ecg-storage/ec_gallery_thumbnail/xlCRMWTUVI.png?v=1540375180605",
    "isCustomThumbnail": 0,
    "builtinTags": [
        "category-work",
        "series-gauge",
        "title",
        "tooltip"
    ],
    "customTags": [
        "仪表",
        "圆环",
        "多仪表",
        "多仪表盘",
        "扇形图"
    ],
    "updaterUserName": "霓虹36"
}