{
    "cid": "xMCnISlTOV",
    "authorUid": "bd-2350564819",
    "authorUserName": "宓儿丶",
    "title": "3-1 韩国",
    "description": "",
    "latestVersion": 2,
    "alwaysLatest": 1,
    "createTime": "2018-10-22T12:36:57.000Z",
    "lastUpdateTime": "2018-10-22T12:36:57.000Z",
    "auth": 1,
    "uid": "bd-2350564819",
    "publishedVersion": 0,
    "forkFrom": "-",
    "isSpam": 0,
    "version": 2,
    "parentVersion": 1,
    "echartsVersion": "4.2.0",
    "versionCreateTime": "2018-10-22T12:42:29.000Z",
    "html": "",
    "externalScripts": "",
    "updaterUID": "bd-2350564819",
    "theme": "",
    "layout": "",
    "viewCount": 10,
    "userName": "宓儿丶",
    "commentCount": 0,
    "starCount": 0,
    "isStared": 0,
    "thumbnailURL": "https://www.makeapie.com/ecg-storage/ec_gallery_thumbnail/xMCnISlTOV.png?v=1540212149956",
    "isCustomThumbnail": 0,
    "builtinTags": [
        "category-work",
        "grid",
        "legend",
        "series-line",
        "title",
        "toolbox",
        "tooltip"
    ],
    "customTags": [],
    "updaterUserName": "宓儿丶"
}