{
    "cid": "xNqGgjufLg",
    "authorUid": "bd-690951045",
    "authorUserName": "hitrjj",
    "title": "",
    "description": "",
    "latestVersion": 5,
    "alwaysLatest": 1,
    "createTime": "2018-10-22T08:18:09.000Z",
    "lastUpdateTime": "2018-10-22T08:18:09.000Z",
    "auth": 2,
    "uid": "bd-690951045",
    "publishedVersion": 0,
    "forkFrom": "-",
    "isSpam": 0,
    "version": 5,
    "parentVersion": 4,
    "echartsVersion": "4.2.0",
    "versionCreateTime": "2018-10-24T07:53:30.000Z",
    "html": "",
    "externalScripts": "http://echarts.baidu.com/resource/echarts-liquidfill-latest/dist/echarts-liquidfill.min.js",
    "updaterUID": "bd-690951045",
    "theme": "",
    "layout": "",
    "viewCount": 135,
    "userName": "hitrjj",
    "commentCount": 0,
    "starCount": 1,
    "isStared": 0,
    "thumbnailURL": "https://www.makeapie.com/ecg-storage/ec_gallery_thumbnail/xNqGgjufLg.png?v=1540367610579",
    "isCustomThumbnail": 0,
    "builtinTags": [
        "category-work",
        "series-liquidFill"
    ],
    "customTags": [],
    "updaterUserName": "hitrjj"
}