{
    "cid": "xrR1L5AnTb",
    "authorUid": "bd-3792394918",
    "authorUserName": "青萍結綠",
    "title": "3-1 中国-模板",
    "description": "",
    "latestVersion": 1,
    "alwaysLatest": 1,
    "createTime": "2018-10-22T12:20:02.000Z",
    "lastUpdateTime": "2018-10-22T12:20:02.000Z",
    "auth": 1,
    "uid": "bd-3792394918",
    "publishedVersion": 0,
    "forkFrom": "-",
    "isSpam": 0,
    "version": 1,
    "parentVersion": -1,
    "echartsVersion": "4.2.0",
    "versionCreateTime": "2018-10-22T12:20:02.000Z",
    "html": "",
    "externalScripts": "",
    "updaterUID": "bd-3792394918",
    "theme": "",
    "layout": "",
    "viewCount": 14,
    "userName": "青萍結綠",
    "commentCount": 0,
    "starCount": 0,
    "isStared": 0,
    "thumbnailURL": "https://www.makeapie.com/ecg-storage/ec_gallery_thumbnail/xrR1L5AnTb.png?v=1540210802698",
    "isCustomThumbnail": 0,
    "builtinTags": [
        "category-work",
        "grid",
        "series-line",
        "title"
    ],
    "customTags": [],
    "updaterUserName": "青萍結綠"
}