{
    "cid": "xTf1UaSrn_",
    "authorUid": "bd-3676951086",
    "authorUserName": "缘***m",
    "title": "柱图-symbol",
    "description": "产品需求",
    "latestVersion": 3,
    "alwaysLatest": 1,
    "createTime": "2018-10-22T06:37:33.000Z",
    "lastUpdateTime": "2018-10-22T06:37:33.000Z",
    "auth": 1,
    "uid": "bd-3676951086",
    "publishedVersion": 0,
    "forkFrom": "-",
    "isSpam": 0,
    "version": 3,
    "parentVersion": 2,
    "echartsVersion": "4.4.0",
    "versionCreateTime": "2019-10-21T03:38:02.000Z",
    "html": "",
    "externalScripts": "",
    "updaterUID": "bd-3161425597",
    "theme": "",
    "layout": "",
    "viewCount": 156,
    "userName": "缘***m",
    "commentCount": 0,
    "starCount": 4,
    "isStared": 0,
    "thumbnailURL": "https://www.makeapie.com/ecg-storage/ec_gallery_thumbnail/xTf1UaSrn_.png?v=1571629082103",
    "isCustomThumbnail": 0,
    "builtinTags": [
        "category-work",
        "grid",
        "markPoint",
        "series-bar"
    ],
    "customTags": [],
    "updaterUserName": "魑***魅"
}