{
    "cid": "xWFEbXAc2P",
    "authorUid": "bd-2673054839",
    "authorUserName": "找***e",
    "title": "环形图--中间带图片",
    "description": "",
    "latestVersion": 4,
    "alwaysLatest": 1,
    "createTime": "2018-10-22T05:48:04.000Z",
    "lastUpdateTime": "2018-11-30T02:40:19.000Z",
    "auth": 2,
    "uid": "bd-2673054839",
    "publishedVersion": 0,
    "forkFrom": "-",
    "isSpam": 0,
    "version": 4,
    "parentVersion": 3,
    "echartsVersion": "4.2.0",
    "versionCreateTime": "2018-11-30T02:42:47.000Z",
    "html": "",
    "externalScripts": "",
    "updaterUID": "bd-2673054839",
    "theme": "dark",
    "layout": "",
    "viewCount": 2711,
    "userName": "找***e",
    "commentCount": 0,
    "starCount": 4,
    "isStared": 0,
    "thumbnailURL": "https://www.makeapie.com/ecg-storage/ec_gallery_thumbnail/xWFEbXAc2P.png?v=1543545767748",
    "isCustomThumbnail": 0,
    "builtinTags": [
        "category-work",
        "graphic",
        "series-pie",
        "tooltip"
    ],
    "customTags": [],
    "updaterUserName": "找***e"
}