{
    "cid": "x-vgm538L_",
    "authorUid": "obd-oNCDFaqavK8zgP2vRQ6ZLHtFg4HEuCQ",
    "authorUserName": "宁***虾",
    "title": "多维度对比图",
    "description": "可以通过坐标系实现多个维度的设置",
    "latestVersion": 1,
    "alwaysLatest": 1,
    "createTime": "2020-06-12T02:59:16.000Z",
    "lastUpdateTime": "2020-06-12T02:59:16.000Z",
    "auth": 2,
    "uid": "obd-oNCDFaqavK8zgP2vRQ6ZLHtFg4HEuCQ",
    "publishedVersion": 0,
    "forkFrom": "-",
    "isSpam": 0,
    "version": 1,
    "parentVersion": -1,
    "echartsVersion": "4.8.0",
    "versionCreateTime": "2020-06-12T02:59:16.000Z",
    "html": "",
    "externalScripts": "",
    "updaterUID": "obd-oNCDFaqavK8zgP2vRQ6ZLHtFg4HEuCQ",
    "theme": "macarons",
    "layout": "",
    "viewCount": 1793,
    "userName": "宁***虾",
    "commentCount": 0,
    "starCount": 6,
    "isStared": 0,
    "thumbnailURL": "https://www.makeapie.com/ecg-storage/ec_gallery_thumbnail/x-vgm538L_.png?v=1591930756794",
    "isCustomThumbnail": 0,
    "builtinTags": [
        "category-work",
        "grid",
        "legend",
        "series-bar",
        "toolbox",
        "tooltip"
    ],
    "customTags": [
        "bar",
        "grid"
    ],
    "updaterUserName": "宁***虾"
}