{
    "cid": "x1ZH1YEfV_",
    "authorUid": "obd-o2UacJV5hzcd4TNt5uY4Ohka8q6Bc6l",
    "authorUserName": "決***0",
    "title": "多轴测试",
    "description": "",
    "latestVersion": 6,
    "alwaysLatest": 1,
    "createTime": "2020-06-11T12:51:43.000Z",
    "lastUpdateTime": "2020-06-11T12:51:43.000Z",
    "auth": 2,
    "uid": "obd-o2UacJV5hzcd4TNt5uY4Ohka8q6Bc6l",
    "publishedVersion": 0,
    "forkFrom": "-",
    "isSpam": 0,
    "version": 6,
    "parentVersion": 5,
    "echartsVersion": "4.9.0",
    "versionCreateTime": "2021-05-12T07:38:07.000Z",
    "html": "",
    "externalScripts": "",
    "updaterUID": "obd-o2UacJV5hzcd4TNt5uY4Ohka8q6Bc6l",
    "theme": "",
    "layout": "",
    "viewCount": 672,
    "userName": "決***0",
    "commentCount": 0,
    "starCount": 5,
    "isStared": 0,
    "thumbnailURL": "https://www.makeapie.com/ecg-storage/ec_gallery_thumbnail/x1ZH1YEfV_.png?v=1620805087883",
    "isCustomThumbnail": 0,
    "builtinTags": [
        "category-work",
        "grid",
        "legend",
        "series-bar",
        "series-line",
        "tooltip"
    ],
    "customTags": [],
    "updaterUserName": "決***0"
}