{
    "cid": "x2hjeAzhFC",
    "authorUid": "bd-3456958835",
    "authorUserName": "蚜***族",
    "title": "格式化Y轴",
    "description": "格式化Y轴",
    "latestVersion": 2,
    "alwaysLatest": 1,
    "createTime": "2020-06-10T06:46:05.000Z",
    "lastUpdateTime": "2020-06-10T06:46:05.000Z",
    "auth": 2,
    "uid": "bd-3456958835",
    "publishedVersion": 0,
    "forkFrom": "-",
    "isSpam": 0,
    "version": 2,
    "parentVersion": 1,
    "echartsVersion": "4.8.0",
    "versionCreateTime": "2020-06-10T06:47:34.000Z",
    "html": "",
    "externalScripts": "",
    "updaterUID": "bd-3456958835",
    "theme": "",
    "layout": "",
    "viewCount": 36,
    "userName": "蚜***族",
    "commentCount": 0,
    "starCount": 0,
    "isStared": 0,
    "thumbnailURL": "https://www.makeapie.com/ecg-storage/ec_gallery_thumbnail/x2hjeAzhFC.png?v=1591771654304",
    "isCustomThumbnail": 0,
    "builtinTags": [
        "category-work",
        "grid",
        "series-line"
    ],
    "customTags": [],
    "updaterUserName": "蚜***族"
}