{
    "cid": "x5VF568j8P",
    "authorUid": "obd-ot1kUB0gck1vtT-UapWntQRZ_I9nN8H",
    "authorUserName": "爱***8",
    "title": "健康度色卡",
    "description": "健康度色卡",
    "latestVersion": 1,
    "alwaysLatest": 1,
    "createTime": "2020-06-10T15:03:54.000Z",
    "lastUpdateTime": "2020-06-10T15:03:54.000Z",
    "auth": 1,
    "uid": "obd-ot1kUB0gck1vtT-UapWntQRZ_I9nN8H",
    "publishedVersion": 0,
    "forkFrom": "-",
    "isSpam": 0,
    "version": 1,
    "parentVersion": -1,
    "echartsVersion": "4.8.0",
    "versionCreateTime": "2020-06-10T15:03:54.000Z",
    "html": "",
    "externalScripts": "",
    "updaterUID": "obd-ot1kUB0gck1vtT-UapWntQRZ_I9nN8H",
    "theme": "",
    "layout": "",
    "viewCount": 171,
    "userName": "爱***8",
    "commentCount": 0,
    "starCount": 1,
    "isStared": 0,
    "thumbnailURL": "https://www.makeapie.com/ecg-storage/ec_gallery_thumbnail/x5VF568j8P.png?v=1591801434849",
    "isCustomThumbnail": 0,
    "builtinTags": [
        "category-work",
        "grid",
        "series-bar",
        "tooltip"
    ],
    "customTags": [],
    "updaterUserName": "爱***8"
}