{
    "cid": "x9Zqf_D1qw",
    "authorUid": "obd-oAg5lTDV9IC8usAvg3hUqDtFawbXb7b",
    "authorUserName": "n***o",
    "title": "中国省份天才人数排行榜",
    "description": "数据来自随机数",
    "latestVersion": 1,
    "alwaysLatest": 1,
    "createTime": "2020-06-10T09:28:13.000Z",
    "lastUpdateTime": "2020-06-10T09:28:13.000Z",
    "auth": 2,
    "uid": "obd-oAg5lTDV9IC8usAvg3hUqDtFawbXb7b",
    "publishedVersion": 0,
    "forkFrom": "-",
    "isSpam": 0,
    "version": 1,
    "parentVersion": -1,
    "echartsVersion": "4.8.0",
    "versionCreateTime": "2020-06-10T09:28:13.000Z",
    "html": "",
    "externalScripts": "/dep/echarts/map/js/china.js",
    "updaterUID": "obd-oAg5lTDV9IC8usAvg3hUqDtFawbXb7b",
    "theme": "",
    "layout": "",
    "viewCount": 204,
    "userName": "n***o",
    "commentCount": 0,
    "starCount": 0,
    "isStared": 0,
    "thumbnailURL": "https://www.makeapie.com/ecg-storage/ec_gallery_thumbnail/x9Zqf_D1qw.png?v=1591781293791",
    "isCustomThumbnail": 0,
    "builtinTags": [
        "category-work",
        "grid",
        "legend",
        "series-bar",
        "title",
        "tooltip"
    ],
    "customTags": [
        "码上生花"
    ],
    "updaterUserName": "n***o"
}