{
    "cid": "xG44UF8tQf",
    "authorUid": "obd-olmlC2OnKFlHonWlcMj87Kv1wxsmv0G",
    "authorUserName": "萨***d",
    "title": "同比分析曲线图",
    "description": "",
    "latestVersion": 1,
    "alwaysLatest": 1,
    "createTime": "2020-06-10T06:49:13.000Z",
    "lastUpdateTime": "2020-06-10T06:49:13.000Z",
    "auth": 2,
    "uid": "obd-olmlC2OnKFlHonWlcMj87Kv1wxsmv0G",
    "publishedVersion": 0,
    "forkFrom": "-",
    "isSpam": 0,
    "version": 1,
    "parentVersion": -1,
    "echartsVersion": "4.8.0",
    "versionCreateTime": "2020-06-10T06:49:13.000Z",
    "html": "",
    "externalScripts": "",
    "updaterUID": "obd-olmlC2OnKFlHonWlcMj87Kv1wxsmv0G",
    "theme": "",
    "layout": "",
    "viewCount": 244,
    "userName": "萨***d",
    "commentCount": 0,
    "starCount": 0,
    "isStared": 0,
    "thumbnailURL": "https://www.makeapie.com/ecg-storage/ec_gallery_thumbnail/xG44UF8tQf.png?v=1591771753913",
    "isCustomThumbnail": 0,
    "builtinTags": [
        "category-work",
        "grid",
        "legend",
        "series-bar",
        "series-line",
        "title",
        "tooltip"
    ],
    "customTags": [],
    "updaterUserName": "萨***d"
}