{
    "cid": "xI2ShCTRSG",
    "authorUid": "obd-o-HCr-wQNl2WAmgMpceTZQgelnQeGAN",
    "authorUserName": "奥***r",
    "title": "带提示折线图",
    "description": "",
    "latestVersion": 1,
    "alwaysLatest": 1,
    "createTime": "2020-06-12T06:19:37.000Z",
    "lastUpdateTime": "2020-06-12T06:19:37.000Z",
    "auth": 2,
    "uid": "obd-o-HCr-wQNl2WAmgMpceTZQgelnQeGAN",
    "publishedVersion": 0,
    "forkFrom": "-",
    "isSpam": 0,
    "version": 1,
    "parentVersion": -1,
    "echartsVersion": "4.8.0",
    "versionCreateTime": "2020-06-12T06:19:37.000Z",
    "html": "",
    "externalScripts": "",
    "updaterUID": "obd-o-HCr-wQNl2WAmgMpceTZQgelnQeGAN",
    "theme": "",
    "layout": "",
    "viewCount": 1222,
    "userName": "奥***r",
    "commentCount": 0,
    "starCount": 9,
    "isStared": 0,
    "thumbnailURL": "https://www.makeapie.com/ecg-storage/ec_gallery_thumbnail/xI2ShCTRSG.png?v=1591942778023",
    "isCustomThumbnail": 0,
    "builtinTags": [
        "category-work",
        "grid",
        "series-line",
        "tooltip"
    ],
    "customTags": [],
    "updaterUserName": "奥***r"
}