{
    "cid": "xjDxhscBTH",
    "authorUid": "obd-ojoP0kMnTo-r5j5cWQiLI-CoAIZhwDx",
    "authorUserName": "还***雨",
    "title": "风险统计2.0",
    "description": "条形图，借用了风险统计条形图的配置",
    "latestVersion": 2,
    "alwaysLatest": 1,
    "createTime": "2020-06-11T10:30:31.000Z",
    "lastUpdateTime": "2020-06-11T10:30:31.000Z",
    "auth": 2,
    "uid": "obd-ojoP0kMnTo-r5j5cWQiLI-CoAIZhwDx",
    "publishedVersion": 0,
    "forkFrom": "-",
    "isSpam": 0,
    "version": 2,
    "parentVersion": 1,
    "echartsVersion": "4.8.0",
    "versionCreateTime": "2020-06-12T01:40:42.000Z",
    "html": "",
    "externalScripts": "",
    "updaterUID": "obd-ojoP0kMnTo-r5j5cWQiLI-CoAIZhwDx",
    "theme": "",
    "layout": "",
    "viewCount": 247,
    "userName": "还***雨",
    "commentCount": 0,
    "starCount": 1,
    "isStared": 0,
    "thumbnailURL": "https://www.makeapie.com/ecg-storage/ec_gallery_thumbnail/xjDxhscBTH.png?v=1591926042245",
    "isCustomThumbnail": 0,
    "builtinTags": [
        "category-work",
        "grid",
        "legend",
        "series-bar",
        "tooltip"
    ],
    "customTags": [],
    "updaterUserName": "还***雨"
}