{
    "cid": "xkrG_YiCsX",
    "authorUid": "obd-o28gZCA88ZFaiUQ2SeusTS2mxWmMuB0",
    "authorUserName": "h***3",
    "title": "时间轴地图",
    "description": "新冠疫情回顾",
    "latestVersion": 1,
    "alwaysLatest": 1,
    "createTime": "2020-06-10T05:13:07.000Z",
    "lastUpdateTime": "2020-06-10T05:13:07.000Z",
    "auth": 2,
    "uid": "obd-o28gZCA88ZFaiUQ2SeusTS2mxWmMuB0",
    "publishedVersion": 0,
    "forkFrom": "-",
    "isSpam": 0,
    "version": 1,
    "parentVersion": -1,
    "echartsVersion": "4.8.0",
    "versionCreateTime": "2020-06-10T05:13:07.000Z",
    "html": "",
    "externalScripts": "",
    "updaterUID": "obd-o28gZCA88ZFaiUQ2SeusTS2mxWmMuB0",
    "theme": "",
    "layout": "",
    "viewCount": 74,
    "userName": "h***3",
    "commentCount": 0,
    "starCount": 0,
    "isStared": 0,
    "thumbnailURL": "https://www.makeapie.com/ecg-storage/ec_gallery_thumbnail/xkrG_YiCsX.png?v=1591765987619",
    "isCustomThumbnail": 0,
    "builtinTags": [
        "category-work",
        "grid",
        "series-line",
        "title"
    ],
    "customTags": [],
    "updaterUserName": "h***3"
}