{
    "cid": "xnfavZtzIW",
    "authorUid": "bd-4286708132",
    "authorUserName": "L***h",
    "title": "圆柱 柱状图  ",
    "description": "",
    "latestVersion": 7,
    "alwaysLatest": 1,
    "createTime": "2020-06-12T03:17:54.000Z",
    "lastUpdateTime": "2020-06-12T03:17:54.000Z",
    "auth": 2,
    "uid": "bd-4286708132",
    "publishedVersion": 0,
    "forkFrom": "-",
    "isSpam": 0,
    "version": 7,
    "parentVersion": 6,
    "echartsVersion": "4.9.0",
    "versionCreateTime": "2021-05-08T09:16:55.000Z",
    "html": "",
    "externalScripts": "",
    "updaterUID": "bd-4286708132",
    "theme": "",
    "layout": "",
    "viewCount": 318,
    "userName": "L***h",
    "commentCount": 1,
    "starCount": 2,
    "isStared": 0,
    "thumbnailURL": "https://www.makeapie.com/ecg-storage/ec_gallery_thumbnail/xnfavZtzIW.png?v=1620465415946",
    "isCustomThumbnail": 0,
    "builtinTags": [
        "category-work",
        "grid",
        "series-bar",
        "series-pictorialBar",
        "tooltip"
    ],
    "customTags": [],
    "updaterUserName": "L***h"
}