{
    "cid": "xqhP5927GZ",
    "authorUid": "bd-2291206321",
    "authorUserName": "1***去",
    "title": "大声道",
    "description": "",
    "latestVersion": 5,
    "alwaysLatest": 1,
    "createTime": "2020-06-11T05:23:15.000Z",
    "lastUpdateTime": "2020-06-11T05:23:15.000Z",
    "auth": 2,
    "uid": "bd-2291206321",
    "publishedVersion": 0,
    "forkFrom": "-",
    "isSpam": 0,
    "version": 5,
    "parentVersion": 4,
    "echartsVersion": "4.8.0",
    "versionCreateTime": "2020-06-12T02:30:44.000Z",
    "html": "",
    "externalScripts": "",
    "updaterUID": "bd-2291206321",
    "theme": "",
    "layout": "",
    "viewCount": 105,
    "userName": "1***去",
    "commentCount": 0,
    "starCount": 0,
    "isStared": 0,
    "thumbnailURL": "https://www.makeapie.com/ecg-storage/ec_gallery_thumbnail/xqhP5927GZ.png?v=1591929044496",
    "isCustomThumbnail": 0,
    "builtinTags": [
        "category-work",
        "dataZoom",
        "grid",
        "legend",
        "series-line",
        "title",
        "toolbox",
        "tooltip"
    ],
    "customTags": [],
    "updaterUserName": "1***去"
}