{
    "cid": "xViDosYmW-",
    "authorUid": "obd-ot7k13F7sMXoL0Hz8Gbj56RDau8o78n",
    "authorUserName": "寒***泪",
    "title": "机型崩溃占比",
    "description": "机型崩溃次数/所有机型崩溃总次数",
    "latestVersion": 2,
    "alwaysLatest": 1,
    "createTime": "2020-06-10T07:06:40.000Z",
    "lastUpdateTime": "2020-06-10T07:06:40.000Z",
    "auth": 2,
    "uid": "obd-ot7k13F7sMXoL0Hz8Gbj56RDau8o78n",
    "publishedVersion": 0,
    "forkFrom": "-",
    "isSpam": 0,
    "version": 2,
    "parentVersion": 1,
    "echartsVersion": "4.8.0",
    "versionCreateTime": "2020-06-10T07:57:45.000Z",
    "html": "",
    "externalScripts": "",
    "updaterUID": "obd-ot7k13F7sMXoL0Hz8Gbj56RDau8o78n",
    "theme": "",
    "layout": "",
    "viewCount": 232,
    "userName": "寒***泪",
    "commentCount": 0,
    "starCount": 0,
    "isStared": 0,
    "thumbnailURL": "https://www.makeapie.com/ecg-storage/ec_gallery_thumbnail/xViDosYmW-.png?v=1591775865758",
    "isCustomThumbnail": 0,
    "builtinTags": [
        "category-work",
        "legend",
        "series-pie",
        "title"
    ],
    "customTags": [],
    "updaterUserName": "寒***泪"
}