{
    "cid": "x2B6KVIsNZ",
    "authorUid": "bd-3231052437",
    "authorUserName": "谦***秋",
    "title": "",
    "description": "",
    "latestVersion": 1,
    "alwaysLatest": 1,
    "createTime": "2019-09-19T06:37:02.000Z",
    "lastUpdateTime": "2019-09-19T06:37:02.000Z",
    "auth": 1,
    "uid": "bd-3231052437",
    "publishedVersion": 0,
    "forkFrom": "-",
    "isSpam": 0,
    "version": 1,
    "parentVersion": -1,
    "echartsVersion": "4.3.0",
    "versionCreateTime": "2019-09-19T06:37:02.000Z",
    "html": "",
    "externalScripts": "",
    "updaterUID": "bd-3231052437",
    "theme": "",
    "layout": "",
    "viewCount": 188,
    "userName": "谦***秋",
    "commentCount": 0,
    "starCount": 2,
    "isStared": 0,
    "thumbnailURL": "https://www.makeapie.com/ecg-storage/ec_gallery_thumbnail/x2B6KVIsNZ.png?v=1568875022294",
    "isCustomThumbnail": 0,
    "builtinTags": [
        "category-work",
        "grid",
        "legend",
        "series-bar",
        "tooltip"
    ],
    "customTags": [],
    "updaterUserName": "谦***秋"
}