{
    "cid": "x7ldqK2wI6",
    "authorUid": "bd-3591177077",
    "authorUserName": "斯***徒",
    "title": "乌镇-搜索热度-散点图",
    "description": "",
    "latestVersion": 2,
    "alwaysLatest": 1,
    "createTime": "2019-09-19T03:35:51.000Z",
    "lastUpdateTime": "2019-09-19T03:35:51.000Z",
    "auth": 2,
    "uid": "bd-3591177077",
    "publishedVersion": 0,
    "forkFrom": "-",
    "isSpam": 0,
    "version": 2,
    "parentVersion": 1,
    "echartsVersion": "4.3.0",
    "versionCreateTime": "2019-09-19T06:39:58.000Z",
    "html": "",
    "externalScripts": "",
    "updaterUID": "bd-3591177077",
    "theme": "dark",
    "layout": "",
    "viewCount": 784,
    "userName": "斯***徒",
    "commentCount": 0,
    "starCount": 7,
    "isStared": 0,
    "thumbnailURL": "https://www.makeapie.com/ecg-storage/ec_gallery_thumbnail/x7ldqK2wI6.png?v=1568875198933",
    "isCustomThumbnail": 0,
    "builtinTags": [
        "category-work",
        "grid",
        "series-scatter"
    ],
    "customTags": [],
    "updaterUserName": "斯***徒"
}