{
    "cid": "x9g_fexpJU",
    "authorUid": "bd-4010387938",
    "authorUserName": "6***9",
    "title": "生鲜利润",
    "description": "",
    "latestVersion": 1,
    "alwaysLatest": 1,
    "createTime": "2019-09-17T02:49:56.000Z",
    "lastUpdateTime": "2019-09-17T02:49:56.000Z",
    "auth": 2,
    "uid": "bd-4010387938",
    "publishedVersion": 0,
    "forkFrom": "-",
    "isSpam": 0,
    "version": 1,
    "parentVersion": -1,
    "echartsVersion": "4.3.0",
    "versionCreateTime": "2019-09-17T02:49:56.000Z",
    "html": "",
    "externalScripts": "",
    "updaterUID": "bd-4010387938",
    "theme": "",
    "layout": "",
    "viewCount": 94,
    "userName": "6***9",
    "commentCount": 0,
    "starCount": 2,
    "isStared": 0,
    "thumbnailURL": "https://www.makeapie.com/ecg-storage/ec_gallery_thumbnail/x9g_fexpJU.png?v=1568688596833",
    "isCustomThumbnail": 0,
    "builtinTags": [
        "category-work",
        "grid",
        "series-line",
        "title",
        "tooltip"
    ],
    "customTags": [],
    "updaterUserName": "6***9"
}