{
    "cid": "x_FX9ve5gO",
    "authorUid": "bd-2391778702",
    "authorUserName": "C***a",
    "title": "横向条形图",
    "description": "",
    "latestVersion": 1,
    "alwaysLatest": 1,
    "createTime": "2019-09-18T07:40:41.000Z",
    "lastUpdateTime": "2019-09-18T07:40:41.000Z",
    "auth": 2,
    "uid": "bd-2391778702",
    "publishedVersion": 0,
    "forkFrom": "-",
    "isSpam": 0,
    "version": 1,
    "parentVersion": -1,
    "echartsVersion": "4.3.0",
    "versionCreateTime": "2019-09-18T07:40:41.000Z",
    "html": "",
    "externalScripts": "",
    "updaterUID": "bd-2391778702",
    "theme": "",
    "layout": "",
    "viewCount": 1073,
    "userName": "C***a",
    "commentCount": 0,
    "starCount": 5,
    "isStared": 0,
    "thumbnailURL": "https://www.makeapie.com/ecg-storage/ec_gallery_thumbnail/x_FX9ve5gO.png?v=1568792441723",
    "isCustomThumbnail": 0,
    "builtinTags": [
        "category-work",
        "grid",
        "series-bar",
        "tooltip"
    ],
    "customTags": [],
    "updaterUserName": "C***a"
}