{
    "cid": "xAhzSzZVZO",
    "authorUid": "bd-2164524988",
    "authorUserName": "s***h",
    "title": "echarts 深度图",
    "description": "",
    "latestVersion": 3,
    "alwaysLatest": 1,
    "createTime": "2019-09-18T11:46:20.000Z",
    "lastUpdateTime": "2019-09-18T11:46:20.000Z",
    "auth": 2,
    "uid": "bd-2164524988",
    "publishedVersion": 0,
    "forkFrom": "-",
    "isSpam": 0,
    "version": 3,
    "parentVersion": 2,
    "echartsVersion": "4.3.0",
    "versionCreateTime": "2019-09-18T12:01:41.000Z",
    "html": "",
    "externalScripts": "",
    "updaterUID": "bd-2164524988",
    "theme": "",
    "layout": "",
    "viewCount": 140,
    "userName": "s***h",
    "commentCount": 0,
    "starCount": 2,
    "isStared": 0,
    "thumbnailURL": "https://www.makeapie.com/ecg-storage/ec_gallery_thumbnail/xAhzSzZVZO.png?v=1568808101802",
    "isCustomThumbnail": 0,
    "builtinTags": [
        "category-work",
        "grid",
        "series-line",
        "tooltip"
    ],
    "customTags": [
        "exchange"
    ],
    "updaterUserName": "s***h"
}