{
    "cid": "xb2svJFGNN",
    "authorUid": "bd-587655903",
    "authorUserName": "D***n",
    "title": "Try Dragging these Points",
    "description": "测试",
    "latestVersion": 8,
    "alwaysLatest": 1,
    "createTime": "2019-09-17T11:20:36.000Z",
    "lastUpdateTime": "2019-09-17T11:20:36.000Z",
    "auth": 2,
    "uid": "bd-587655903",
    "publishedVersion": 0,
    "forkFrom": "-",
    "isSpam": 0,
    "version": 8,
    "parentVersion": 4,
    "echartsVersion": "4.3.0",
    "versionCreateTime": "2019-09-19T07:14:05.000Z",
    "html": "",
    "externalScripts": "",
    "updaterUID": "bd-587655903",
    "theme": "",
    "layout": "",
    "viewCount": 164,
    "userName": "D***n",
    "commentCount": 1,
    "starCount": 0,
    "isStared": 0,
    "thumbnailURL": "https://www.makeapie.com/ecg-storage/ec_gallery_thumbnail/xb2svJFGNN.png?v=1568877245435",
    "isCustomThumbnail": 0,
    "builtinTags": [
        "category-work",
        "graphic",
        "grid",
        "series-bar",
        "series-gauge",
        "series-pie",
        "title",
        "tooltip"
    ],
    "customTags": [],
    "updaterUserName": "D***n"
}