{
    "cid": "xcCpdQbUFo",
    "authorUid": "bd-3793071787",
    "authorUserName": "二***弃",
    "title": "饼状图样式",
    "description": "饼状图样式",
    "latestVersion": 2,
    "alwaysLatest": 1,
    "createTime": "2019-09-17T08:09:09.000Z",
    "lastUpdateTime": "2019-09-17T08:09:09.000Z",
    "auth": 1,
    "uid": "bd-3793071787",
    "publishedVersion": 0,
    "forkFrom": "-",
    "isSpam": 0,
    "version": 2,
    "parentVersion": 1,
    "echartsVersion": "4.4.0",
    "versionCreateTime": "2019-10-30T12:04:33.000Z",
    "html": "",
    "externalScripts": "",
    "updaterUID": "bd-4182076643",
    "theme": "",
    "layout": "",
    "viewCount": 61,
    "userName": "二***弃",
    "commentCount": 0,
    "starCount": 0,
    "isStared": 0,
    "thumbnailURL": "https://www.makeapie.com/ecg-storage/ec_gallery_thumbnail/xcCpdQbUFo.png?v=1572437074098",
    "isCustomThumbnail": 0,
    "builtinTags": [
        "category-work",
        "series-pie",
        "tooltip"
    ],
    "customTags": [],
    "updaterUserName": "136*****176"
}