{
    "cid": "xdetrJfRXO",
    "authorUid": "bd-71012466",
    "authorUserName": "前***n",
    "title": "双进度条",
    "description": "前五名 后五名",
    "latestVersion": 1,
    "alwaysLatest": 1,
    "createTime": "2019-09-18T10:16:26.000Z",
    "lastUpdateTime": "2019-09-18T10:16:26.000Z",
    "auth": 2,
    "uid": "bd-71012466",
    "publishedVersion": 0,
    "forkFrom": "-",
    "isSpam": 0,
    "version": 1,
    "parentVersion": -1,
    "echartsVersion": "4.3.0",
    "versionCreateTime": "2019-09-18T10:16:26.000Z",
    "html": "",
    "externalScripts": "",
    "updaterUID": "bd-71012466",
    "theme": "",
    "layout": "",
    "viewCount": 898,
    "userName": "前***n",
    "commentCount": 0,
    "starCount": 11,
    "isStared": 0,
    "thumbnailURL": "https://www.makeapie.com/ecg-storage/ec_gallery_thumbnail/xdetrJfRXO.png?v=1568801786390",
    "isCustomThumbnail": 0,
    "builtinTags": [
        "category-work",
        "grid",
        "series-bar"
    ],
    "customTags": [],
    "updaterUserName": "前***n"
}