{
    "cid": "xDvndttcQq",
    "authorUid": "bd-4145369206",
    "authorUserName": "→***→",
    "title": "全国数据采集分析",
    "description": "",
    "latestVersion": 1,
    "alwaysLatest": 1,
    "createTime": "2019-09-18T03:16:54.000Z",
    "lastUpdateTime": "2019-09-18T03:16:54.000Z",
    "auth": 2,
    "uid": "bd-4145369206",
    "publishedVersion": 0,
    "forkFrom": "-",
    "isSpam": 0,
    "version": 1,
    "parentVersion": -1,
    "echartsVersion": "4.3.0",
    "versionCreateTime": "2019-09-18T03:16:54.000Z",
    "html": "",
    "externalScripts": "",
    "updaterUID": "bd-4145369206",
    "theme": "",
    "layout": "",
    "viewCount": 6,
    "userName": "→***→",
    "commentCount": 0,
    "starCount": 0,
    "isStared": 0,
    "thumbnailURL": "https://www.makeapie.com/ecg-storage/ec_gallery_thumbnail/xDvndttcQq.png?v=1568776614564",
    "isCustomThumbnail": 0,
    "builtinTags": [
        "category-work",
        "grid",
        "legend",
        "series-line",
        "title",
        "tooltip"
    ],
    "customTags": [],
    "updaterUserName": "→***→"
}