{
    "cid": "xf6Cf-CFPy",
    "authorUid": "bd-2904828977",
    "authorUserName": "谁***于",
    "title": "断层双轴线",
    "description": "断层双轴线",
    "latestVersion": 1,
    "alwaysLatest": 1,
    "createTime": "2019-09-17T09:52:33.000Z",
    "lastUpdateTime": "2019-09-17T09:52:33.000Z",
    "auth": 2,
    "uid": "bd-2904828977",
    "publishedVersion": 0,
    "forkFrom": "-",
    "isSpam": 0,
    "version": 1,
    "parentVersion": -1,
    "echartsVersion": "4.3.0",
    "versionCreateTime": "2019-09-17T09:52:33.000Z",
    "html": "",
    "externalScripts": "",
    "updaterUID": "bd-2904828977",
    "theme": "",
    "layout": "",
    "viewCount": 31,
    "userName": "谁***于",
    "commentCount": 0,
    "starCount": 0,
    "isStared": 0,
    "thumbnailURL": "https://www.makeapie.com/ecg-storage/ec_gallery_thumbnail/xf6Cf-CFPy.png?v=1568713953289",
    "isCustomThumbnail": 0,
    "builtinTags": [
        "category-work",
        "grid",
        "legend",
        "series-line",
        "title",
        "tooltip"
    ],
    "customTags": [],
    "updaterUserName": "谁***于"
}