{
    "cid": "xlqMK-TbOo",
    "authorUid": "bd-749254193",
    "authorUserName": "欧***一",
    "title": "民用户安全隐患",
    "description": "民用户安全隐患 饼图。",
    "latestVersion": 1,
    "alwaysLatest": 1,
    "createTime": "2019-09-17T03:43:10.000Z",
    "lastUpdateTime": "2019-09-17T03:43:10.000Z",
    "auth": 2,
    "uid": "bd-749254193",
    "publishedVersion": 0,
    "forkFrom": "-",
    "isSpam": 0,
    "version": 1,
    "parentVersion": -1,
    "echartsVersion": "4.3.0",
    "versionCreateTime": "2019-09-17T03:43:11.000Z",
    "html": "",
    "externalScripts": "",
    "updaterUID": "bd-749254193",
    "theme": "",
    "layout": "",
    "viewCount": 196,
    "userName": "欧***一",
    "commentCount": 0,
    "starCount": 1,
    "isStared": 0,
    "thumbnailURL": "https://www.makeapie.com/ecg-storage/ec_gallery_thumbnail/xlqMK-TbOo.png?v=1568691791165",
    "isCustomThumbnail": 0,
    "builtinTags": [
        "category-work",
        "series-pie",
        "title",
        "tooltip"
    ],
    "customTags": [],
    "updaterUserName": "欧***一"
}