{
    "cid": "xQmcJViWvt",
    "authorUid": "bd-2332969606",
    "authorUserName": "1***生",
    "title": "极坐标系下的堆叠柱状图根本没有label属性好吧.用custom自定义也无法实现label跟随柱图大小动啊！只能实现固定个死位置，什么鬼设计，我佛了如果有做过的大佬求指点一下吧，",
    "description": "百分百还原设计图就是反人类",
    "latestVersion": 1,
    "alwaysLatest": 1,
    "createTime": "2019-09-17T08:39:45.000Z",
    "lastUpdateTime": "2019-09-17T08:39:45.000Z",
    "auth": 2,
    "uid": "bd-2332969606",
    "publishedVersion": 0,
    "forkFrom": "-",
    "isSpam": 0,
    "version": 1,
    "parentVersion": -1,
    "echartsVersion": "4.3.0",
    "versionCreateTime": "2019-09-17T08:39:45.000Z",
    "html": "",
    "externalScripts": "",
    "updaterUID": "bd-2332969606",
    "theme": "",
    "layout": "",
    "viewCount": 284,
    "userName": "1***生",
    "commentCount": 0,
    "starCount": 0,
    "isStared": 0,
    "thumbnailURL": "https://www.makeapie.com/ecg-storage/ec_gallery_thumbnail/xQmcJViWvt.png?v=1568709585381",
    "isCustomThumbnail": 0,
    "builtinTags": [
        "category-work",
        "legend",
        "polar",
        "series-bar",
        "series-custom",
        "title"
    ],
    "customTags": [],
    "updaterUserName": "1***生"
}