{
    "cid": "xSCCy2rj1y",
    "authorUid": "bd-2391778702",
    "authorUserName": "C***a",
    "title": "饼状图",
    "description": "",
    "latestVersion": 2,
    "alwaysLatest": 1,
    "createTime": "2019-09-18T07:41:48.000Z",
    "lastUpdateTime": "2019-09-18T07:41:48.000Z",
    "auth": 2,
    "uid": "bd-2391778702",
    "publishedVersion": 0,
    "forkFrom": "-",
    "isSpam": 0,
    "version": 2,
    "parentVersion": 1,
    "echartsVersion": "4.3.0",
    "versionCreateTime": "2019-09-18T07:42:04.000Z",
    "html": "",
    "externalScripts": "",
    "updaterUID": "bd-2391778702",
    "theme": "",
    "layout": "",
    "viewCount": 132,
    "userName": "C***a",
    "commentCount": 0,
    "starCount": 1,
    "isStared": 0,
    "thumbnailURL": "https://www.makeapie.com/ecg-storage/ec_gallery_thumbnail/xSCCy2rj1y.png?v=1568792525062",
    "isCustomThumbnail": 0,
    "builtinTags": [
        "category-work",
        "legend",
        "series-pie",
        "title",
        "tooltip"
    ],
    "customTags": [],
    "updaterUserName": "C***a"
}