{
    "cid": "xSN2feAjcH",
    "authorUid": "bd-3443192144",
    "authorUserName": "云***咕",
    "title": "两组不规则区域的折线图",
    "description": "适合有两组数据的不规则区域, 如[低值, 高值], 折线的颜色填充不落在坐标轴上. ",
    "latestVersion": 1,
    "alwaysLatest": 1,
    "createTime": "2019-09-18T06:52:15.000Z",
    "lastUpdateTime": "2019-09-18T06:52:15.000Z",
    "auth": 2,
    "uid": "bd-3443192144",
    "publishedVersion": 0,
    "forkFrom": "-",
    "isSpam": 0,
    "version": 1,
    "parentVersion": -1,
    "echartsVersion": "4.3.0",
    "versionCreateTime": "2019-09-18T06:52:15.000Z",
    "html": "",
    "externalScripts": "",
    "updaterUID": "bd-3443192144",
    "theme": "",
    "layout": "",
    "viewCount": 375,
    "userName": "云***咕",
    "commentCount": 0,
    "starCount": 1,
    "isStared": 0,
    "thumbnailURL": "https://www.makeapie.com/ecg-storage/ec_gallery_thumbnail/xSN2feAjcH.png?v=1568789535951",
    "isCustomThumbnail": 0,
    "builtinTags": [
        "category-work",
        "grid",
        "markArea",
        "series-line",
        "title",
        "tooltip"
    ],
    "customTags": [
        "areaStyle",
        "stack",
        "tooltip"
    ],
    "updaterUserName": "云***咕"
}