{
    "cid": "xV3YVuvgWE",
    "authorUid": "bd-708931454",
    "authorUserName": "忠***O",
    "title": "折线图 x轴数据全",
    "description": "",
    "latestVersion": 2,
    "alwaysLatest": 1,
    "createTime": "2019-09-17T08:02:08.000Z",
    "lastUpdateTime": "2019-09-17T08:02:08.000Z",
    "auth": 2,
    "uid": "bd-708931454",
    "publishedVersion": 0,
    "forkFrom": "-",
    "isSpam": 0,
    "version": 2,
    "parentVersion": 1,
    "echartsVersion": "4.3.0",
    "versionCreateTime": "2019-09-17T08:16:14.000Z",
    "html": "",
    "externalScripts": "",
    "updaterUID": "bd-708931454",
    "theme": "",
    "layout": "",
    "viewCount": 1052,
    "userName": "忠***O",
    "commentCount": 0,
    "starCount": 4,
    "isStared": 0,
    "thumbnailURL": "https://www.makeapie.com/ecg-storage/ec_gallery_thumbnail/xV3YVuvgWE.png?v=1568708174875",
    "isCustomThumbnail": 0,
    "builtinTags": [
        "category-work",
        "grid",
        "series-line",
        "tooltip"
    ],
    "customTags": [],
    "updaterUserName": "忠***O"
}