{
    "cid": "xZYQMckNiI",
    "authorUid": "bd-881718936",
    "authorUserName": "155*****300",
    "title": "断线图",
    "description": "mms项目",
    "latestVersion": 5,
    "alwaysLatest": 1,
    "createTime": "2019-09-18T09:59:09.000Z",
    "lastUpdateTime": "2019-09-18T09:59:09.000Z",
    "auth": 2,
    "uid": "bd-881718936",
    "publishedVersion": 0,
    "forkFrom": "-",
    "isSpam": 0,
    "version": 5,
    "parentVersion": 4,
    "echartsVersion": "4.3.0",
    "versionCreateTime": "2019-09-19T02:01:20.000Z",
    "html": "",
    "externalScripts": "",
    "updaterUID": "bd-881718936",
    "theme": "",
    "layout": "",
    "viewCount": 71,
    "userName": "155*****300",
    "commentCount": 0,
    "starCount": 0,
    "isStared": 0,
    "thumbnailURL": "https://www.makeapie.com/ecg-storage/ec_gallery_thumbnail/xZYQMckNiI.png?v=1568858480831",
    "isCustomThumbnail": 0,
    "builtinTags": [
        "category-work",
        "grid",
        "legend",
        "series-bar",
        "series-line",
        "toolbox",
        "tooltip"
    ],
    "customTags": [],
    "updaterUserName": "155*****300"
}