{
    "cid": "x2_VnDpJDn",
    "authorUid": "obd-oFy6ABsC1B3LykIYwLoZ8yLIuKLm95u",
    "authorUserName": "蠢***心",
    "title": "XX-XX热力图模板",
    "description": "",
    "latestVersion": 9,
    "alwaysLatest": 1,
    "createTime": "2020-12-10T08:12:35.000Z",
    "lastUpdateTime": "2020-12-10T08:12:35.000Z",
    "auth": 2,
    "uid": "obd-oFy6ABsC1B3LykIYwLoZ8yLIuKLm95u",
    "publishedVersion": 0,
    "forkFrom": "-",
    "isSpam": 0,
    "version": 9,
    "parentVersion": 8,
    "echartsVersion": "4.8.0",
    "versionCreateTime": "2020-12-25T01:06:40.000Z",
    "html": "",
    "externalScripts": "",
    "updaterUID": "obd-oFy6ABsC1B3LykIYwLoZ8yLIuKLm95u",
    "theme": "",
    "layout": "",
    "viewCount": 166,
    "userName": "蠢***心",
    "commentCount": 0,
    "starCount": 3,
    "isStared": 0,
    "thumbnailURL": "https://www.makeapie.com/ecg-storage/ec_gallery_thumbnail/x2_VnDpJDn.png?v=1608858400384",
    "isCustomThumbnail": 0,
    "builtinTags": [
        "category-work",
        "grid",
        "series-line",
        "title"
    ],
    "customTags": [],
    "updaterUserName": "蠢***心"
}