{
    "cid": "x3wXvjNMzL",
    "authorUid": "obd-oFx66cI7fBZ8DeVhgELO6zqq4se6p5w",
    "authorUserName": "z***d",
    "title": "成员试试动态总览\n(每10分钟累计发生次数)",
    "description": "",
    "latestVersion": 2,
    "alwaysLatest": 1,
    "createTime": "2020-12-10T08:23:50.000Z",
    "lastUpdateTime": "2020-12-10T08:23:50.000Z",
    "auth": 2,
    "uid": "obd-oFx66cI7fBZ8DeVhgELO6zqq4se6p5w",
    "publishedVersion": 0,
    "forkFrom": "-",
    "isSpam": 0,
    "version": 2,
    "parentVersion": 1,
    "echartsVersion": "4.8.0",
    "versionCreateTime": "2020-12-10T09:17:48.000Z",
    "html": "",
    "externalScripts": "",
    "updaterUID": "obd-oFx66cI7fBZ8DeVhgELO6zqq4se6p5w",
    "theme": "",
    "layout": "",
    "viewCount": 129,
    "userName": "z***d",
    "commentCount": 0,
    "starCount": 1,
    "isStared": 0,
    "thumbnailURL": "https://www.makeapie.com/ecg-storage/ec_gallery_thumbnail/x3wXvjNMzL.png?v=1607588630749",
    "isCustomThumbnail": 1,
    "builtinTags": [
        "category-work",
        "grid",
        "legend",
        "series-bar",
        "title"
    ],
    "customTags": [],
    "updaterUserName": "z***d"
}