{
    "cid": "x66RyGYDw1",
    "authorUid": "bd-3440619920",
    "authorUserName": "建***子",
    "title": "职业分布",
    "description": "",
    "latestVersion": 4,
    "alwaysLatest": 1,
    "createTime": "2020-12-08T10:57:32.000Z",
    "lastUpdateTime": "2020-12-08T10:57:32.000Z",
    "auth": 2,
    "uid": "bd-3440619920",
    "publishedVersion": 0,
    "forkFrom": "-",
    "isSpam": 0,
    "version": 4,
    "parentVersion": 3,
    "echartsVersion": "4.8.0",
    "versionCreateTime": "2020-12-09T03:56:42.000Z",
    "html": "",
    "externalScripts": "",
    "updaterUID": "bd-3440619920",
    "theme": "",
    "layout": "",
    "viewCount": 56,
    "userName": "建***子",
    "commentCount": 0,
    "starCount": 1,
    "isStared": 0,
    "thumbnailURL": "https://www.makeapie.com/ecg-storage/ec_gallery_thumbnail/x66RyGYDw1.png?v=1607486202673",
    "isCustomThumbnail": 0,
    "builtinTags": [
        "category-work",
        "grid",
        "series-bar",
        "tooltip"
    ],
    "customTags": [],
    "updaterUserName": "建***子"
}