{
    "cid": "xbQxrs6Mbq",
    "authorUid": "bd-439334344",
    "authorUserName": "坏***4",
    "title": "公用代码",
    "description": "",
    "latestVersion": 1,
    "alwaysLatest": 1,
    "createTime": "2020-12-09T01:02:24.000Z",
    "lastUpdateTime": "2020-12-09T01:02:24.000Z",
    "auth": 2,
    "uid": "bd-439334344",
    "publishedVersion": 0,
    "forkFrom": "-",
    "isSpam": 0,
    "version": 1,
    "parentVersion": -1,
    "echartsVersion": "4.8.0",
    "versionCreateTime": "2020-12-09T01:02:24.000Z",
    "html": "",
    "externalScripts": "",
    "updaterUID": "bd-439334344",
    "theme": "",
    "layout": "",
    "viewCount": 20,
    "userName": "坏***4",
    "commentCount": 0,
    "starCount": 0,
    "isStared": 0,
    "thumbnailURL": "https://www.makeapie.com/ecg-storage/ec_gallery_thumbnail/xbQxrs6Mbq.png?v=1607475745004",
    "isCustomThumbnail": 0,
    "builtinTags": [
        "category-work",
        "grid",
        "legend",
        "series-line",
        "title",
        "tooltip"
    ],
    "customTags": [],
    "updaterUserName": "坏***4"
}