{
    "cid": "xbr2i3YLpw",
    "authorUid": "obd-oFRwtOXTIT_d5sn_o9Qhi3nQhzc6-5z",
    "authorUserName": "x***c",
    "title": "思想要素统计",
    "description": "",
    "latestVersion": 1,
    "alwaysLatest": 1,
    "createTime": "2020-12-10T02:59:25.000Z",
    "lastUpdateTime": "2020-12-10T02:59:25.000Z",
    "auth": 2,
    "uid": "obd-oFRwtOXTIT_d5sn_o9Qhi3nQhzc6-5z",
    "publishedVersion": 0,
    "forkFrom": "-",
    "isSpam": 0,
    "version": 1,
    "parentVersion": -1,
    "echartsVersion": "4.8.0",
    "versionCreateTime": "2020-12-10T02:59:25.000Z",
    "html": "",
    "externalScripts": "",
    "updaterUID": "obd-oFRwtOXTIT_d5sn_o9Qhi3nQhzc6-5z",
    "theme": "",
    "layout": "",
    "viewCount": 77,
    "userName": "x***c",
    "commentCount": 0,
    "starCount": 0,
    "isStared": 0,
    "thumbnailURL": "https://www.makeapie.com/ecg-storage/ec_gallery_thumbnail/xbr2i3YLpw.png?v=1607569165312",
    "isCustomThumbnail": 0,
    "builtinTags": [
        "category-work",
        "legend",
        "series-pie",
        "title",
        "tooltip"
    ],
    "customTags": [],
    "updaterUserName": "x***c"
}