{
    "cid": "xCJ5zZ1x50",
    "authorUid": "obd-oEgwOklMHTUaO51s600yqFSnQ6BNy4K",
    "authorUserName": "l***n",
    "title": "仪表盘",
    "description": "",
    "latestVersion": 1,
    "alwaysLatest": 1,
    "createTime": "2020-12-10T08:27:04.000Z",
    "lastUpdateTime": "2020-12-10T08:27:04.000Z",
    "auth": 2,
    "uid": "obd-oEgwOklMHTUaO51s600yqFSnQ6BNy4K",
    "publishedVersion": 0,
    "forkFrom": "-",
    "isSpam": 0,
    "version": 1,
    "parentVersion": -1,
    "echartsVersion": "4.8.0",
    "versionCreateTime": "2020-12-10T08:27:04.000Z",
    "html": "",
    "externalScripts": "",
    "updaterUID": "obd-oEgwOklMHTUaO51s600yqFSnQ6BNy4K",
    "theme": "",
    "layout": "",
    "viewCount": 92,
    "userName": "l***n",
    "commentCount": 0,
    "starCount": 2,
    "isStared": 0,
    "thumbnailURL": "https://www.makeapie.com/ecg-storage/ec_gallery_thumbnail/xCJ5zZ1x50.png?v=1607588824548",
    "isCustomThumbnail": 0,
    "builtinTags": [
        "category-work",
        "series-gauge",
        "title"
    ],
    "customTags": [],
    "updaterUserName": "l***n"
}