{
    "cid": "xGO9ykbDFp",
    "authorUid": "obd-oElgx-gz4Vo_USLJPtgypAKS3HDG549",
    "authorUserName": "f***福",
    "title": "3D立体渐变柱状图",
    "description": "一个3d的立体柱状图，运用了线性渐变和发散渐变，支持多个颜色配置。",
    "latestVersion": 4,
    "alwaysLatest": 1,
    "createTime": "2020-12-09T07:11:43.000Z",
    "lastUpdateTime": "2020-12-09T07:11:43.000Z",
    "auth": 1,
    "uid": "obd-oElgx-gz4Vo_USLJPtgypAKS3HDG549",
    "publishedVersion": 0,
    "forkFrom": "-",
    "isSpam": 0,
    "version": 4,
    "parentVersion": 3,
    "echartsVersion": "4.8.0",
    "versionCreateTime": "2020-12-09T07:15:03.000Z",
    "html": "",
    "externalScripts": "",
    "updaterUID": "obd-o0WPM9I64PzsT9W-8nwa9Gv15AeGhF3",
    "theme": "",
    "layout": "",
    "viewCount": 66,
    "userName": "f***福",
    "commentCount": 0,
    "starCount": 0,
    "isStared": 0,
    "thumbnailURL": "https://www.makeapie.com/ecg-storage/ec_gallery_thumbnail/xGO9ykbDFp.png?v=1607498103322",
    "isCustomThumbnail": 0,
    "builtinTags": [
        "category-work",
        "grid",
        "series-bar",
        "series-pictorialBar",
        "title",
        "tooltip"
    ],
    "customTags": [],
    "updaterUserName": "风***2"
}