{
    "cid": "xIwL4KLt5_",
    "authorUid": "bd-439334344",
    "authorUserName": "坏***4",
    "title": "自定义柱状+折线",
    "description": "tooltip随数据变色",
    "latestVersion": 1,
    "alwaysLatest": 1,
    "createTime": "2020-12-10T02:18:55.000Z",
    "lastUpdateTime": "2020-12-10T02:18:55.000Z",
    "auth": 2,
    "uid": "bd-439334344",
    "publishedVersion": 0,
    "forkFrom": "-",
    "isSpam": 0,
    "version": 1,
    "parentVersion": -1,
    "echartsVersion": "4.8.0",
    "versionCreateTime": "2020-12-10T02:18:55.000Z",
    "html": "",
    "externalScripts": "",
    "updaterUID": "bd-439334344",
    "theme": "",
    "layout": "",
    "viewCount": 163,
    "userName": "坏***4",
    "commentCount": 0,
    "starCount": 3,
    "isStared": 0,
    "thumbnailURL": "https://www.makeapie.com/ecg-storage/ec_gallery_thumbnail/xIwL4KLt5_.png?v=1607566735829",
    "isCustomThumbnail": 1,
    "builtinTags": [
        "category-work",
        "dataset",
        "grid",
        "legend",
        "series-bar",
        "series-line",
        "tooltip"
    ],
    "customTags": [],
    "updaterUserName": "坏***4"
}