{
    "cid": "xki35R7gGB",
    "authorUid": "obd-oN5DyyRCSyAA_EPQeLKWjiYs_yrTACf",
    "authorUserName": "慎***茜",
    "title": "竖版甘特图",
    "description": "",
    "latestVersion": 4,
    "alwaysLatest": 1,
    "createTime": "2020-12-09T04:03:06.000Z",
    "lastUpdateTime": "2020-12-09T04:03:06.000Z",
    "auth": 1,
    "uid": "obd-oN5DyyRCSyAA_EPQeLKWjiYs_yrTACf",
    "publishedVersion": 0,
    "forkFrom": "-",
    "isSpam": 0,
    "version": 4,
    "parentVersion": 2,
    "echartsVersion": "4.8.0",
    "versionCreateTime": "2021-01-15T09:03:21.000Z",
    "html": "",
    "externalScripts": "",
    "updaterUID": "obd-olmA2V3cwCQm3rrg2wC-0p22Qp1c90K",
    "theme": "",
    "layout": "",
    "viewCount": 73,
    "userName": "慎***茜",
    "commentCount": 0,
    "starCount": 0,
    "isStared": 0,
    "thumbnailURL": "https://www.makeapie.com/ecg-storage/ec_gallery_thumbnail/xki35R7gGB.png?v=1610701401955",
    "isCustomThumbnail": 0,
    "builtinTags": [
        "category-work",
        "grid",
        "legend",
        "series-custom",
        "tooltip"
    ],
    "customTags": [],
    "updaterUserName": "g***8"
}