{
    "cid": "xksoSOFcEX",
    "authorUid": "bd-439334344",
    "authorUserName": "坏***4",
    "title": "立体圆柱+曲线",
    "description": "",
    "latestVersion": 1,
    "alwaysLatest": 1,
    "createTime": "2020-12-10T02:15:12.000Z",
    "lastUpdateTime": "2020-12-10T02:15:12.000Z",
    "auth": 2,
    "uid": "bd-439334344",
    "publishedVersion": 0,
    "forkFrom": "-",
    "isSpam": 0,
    "version": 1,
    "parentVersion": -1,
    "echartsVersion": "4.8.0",
    "versionCreateTime": "2020-12-10T02:15:12.000Z",
    "html": "",
    "externalScripts": "立体圆柱+曲线",
    "updaterUID": "bd-439334344",
    "theme": "",
    "layout": "",
    "viewCount": 449,
    "userName": "坏***4",
    "commentCount": 0,
    "starCount": 14,
    "isStared": 0,
    "thumbnailURL": "https://www.makeapie.com/ecg-storage/ec_gallery_thumbnail/xksoSOFcEX.png?v=1607566512808",
    "isCustomThumbnail": 1,
    "builtinTags": [
        "category-work",
        "dataset",
        "grid",
        "series-bar",
        "series-line",
        "series-pictorialBar",
        "tooltip"
    ],
    "customTags": [],
    "updaterUserName": "坏***4"
}