{
    "cid": "xmQtBJmkMs",
    "authorUid": "obd-oFRwtOXTIT_d5sn_o9Qhi3nQhzc6-5z",
    "authorUserName": "x***c",
    "title": "经史子集",
    "description": "总计 10887",
    "latestVersion": 2,
    "alwaysLatest": 1,
    "createTime": "2020-12-10T03:12:09.000Z",
    "lastUpdateTime": "2020-12-10T03:12:09.000Z",
    "auth": 2,
    "uid": "obd-oFRwtOXTIT_d5sn_o9Qhi3nQhzc6-5z",
    "publishedVersion": 0,
    "forkFrom": "-",
    "isSpam": 0,
    "version": 2,
    "parentVersion": 1,
    "echartsVersion": "4.8.0",
    "versionCreateTime": "2020-12-10T09:45:42.000Z",
    "html": "",
    "externalScripts": "",
    "updaterUID": "obd-oFRwtOXTIT_d5sn_o9Qhi3nQhzc6-5z",
    "theme": "",
    "layout": "",
    "viewCount": 82,
    "userName": "x***c",
    "commentCount": 0,
    "starCount": 4,
    "isStared": 0,
    "thumbnailURL": "https://www.makeapie.com/ecg-storage/ec_gallery_thumbnail/xmQtBJmkMs.png?v=1607593543084",
    "isCustomThumbnail": 0,
    "builtinTags": [
        "category-work",
        "grid",
        "series-bar",
        "series-pie",
        "title",
        "tooltip"
    ],
    "customTags": [],
    "updaterUserName": "x***c"
}