{
    "cid": "xri6UeL4fl",
    "authorUid": "obd-oCXhu5Ci-jvoIw7NPqT4YgxkmbLM53L",
    "authorUserName": "S***l",
    "title": " 3D柱状图和折线图结合",
    "description": "",
    "latestVersion": 3,
    "alwaysLatest": 1,
    "createTime": "2020-12-08T14:30:22.000Z",
    "lastUpdateTime": "2020-12-08T14:30:22.000Z",
    "auth": 2,
    "uid": "obd-oCXhu5Ci-jvoIw7NPqT4YgxkmbLM53L",
    "publishedVersion": 0,
    "forkFrom": "-",
    "isSpam": 0,
    "version": 3,
    "parentVersion": 2,
    "echartsVersion": "4.9.0",
    "versionCreateTime": "2021-04-28T05:26:42.000Z",
    "html": "",
    "externalScripts": "",
    "updaterUID": "obd-oCXhu5Ci-jvoIw7NPqT4YgxkmbLM53L",
    "theme": "",
    "layout": "",
    "viewCount": 400,
    "userName": "S***l",
    "commentCount": 0,
    "starCount": 5,
    "isStared": 0,
    "thumbnailURL": "https://www.makeapie.com/ecg-storage/ec_gallery_thumbnail/xri6UeL4fl.png?v=1619587602399",
    "isCustomThumbnail": 0,
    "builtinTags": [
        "category-work",
        "grid",
        "legend",
        "series-bar",
        "series-line",
        "series-pictorialBar"
    ],
    "customTags": [],
    "updaterUserName": "S***l"
}