{
    "cid": "xXiA7Qjwn0",
    "authorUid": "bd-1275590612",
    "authorUserName": "n***2",
    "title": "雷达图",
    "description": "",
    "latestVersion": 1,
    "alwaysLatest": 1,
    "createTime": "2020-12-10T01:54:21.000Z",
    "lastUpdateTime": "2020-12-10T01:54:21.000Z",
    "auth": 2,
    "uid": "bd-1275590612",
    "publishedVersion": 0,
    "forkFrom": "-",
    "isSpam": 0,
    "version": 1,
    "parentVersion": -1,
    "echartsVersion": "4.8.0",
    "versionCreateTime": "2020-12-10T01:54:21.000Z",
    "html": "",
    "externalScripts": "",
    "updaterUID": "bd-1275590612",
    "theme": "",
    "layout": "",
    "viewCount": 187,
    "userName": "n***2",
    "commentCount": 0,
    "starCount": 0,
    "isStared": 0,
    "thumbnailURL": "https://www.makeapie.com/ecg-storage/ec_gallery_thumbnail/xXiA7Qjwn0.png?v=1607565261704",
    "isCustomThumbnail": 0,
    "builtinTags": [
        "category-work",
        "legend",
        "radar",
        "series-radar"
    ],
    "customTags": [],
    "updaterUserName": "n***2"
}