{
    "cid": "xy9V0kP78E",
    "authorUid": "obd-oCGcTMfD7BjP8bZ_Cq7vAuKDJZVCq3q",
    "authorUserName": "L***9",
    "title": "测试项目1",
    "description": "",
    "latestVersion": 1,
    "alwaysLatest": 1,
    "createTime": "2020-12-09T08:04:02.000Z",
    "lastUpdateTime": "2020-12-09T08:04:02.000Z",
    "auth": 2,
    "uid": "obd-oCGcTMfD7BjP8bZ_Cq7vAuKDJZVCq3q",
    "publishedVersion": 0,
    "forkFrom": "-",
    "isSpam": 0,
    "version": 1,
    "parentVersion": -1,
    "echartsVersion": "4.8.0",
    "versionCreateTime": "2020-12-09T08:04:02.000Z",
    "html": "",
    "externalScripts": "",
    "updaterUID": "obd-oCGcTMfD7BjP8bZ_Cq7vAuKDJZVCq3q",
    "theme": "",
    "layout": "",
    "viewCount": 37,
    "userName": "L***9",
    "commentCount": 0,
    "starCount": 0,
    "isStared": 0,
    "thumbnailURL": "https://www.makeapie.com/ecg-storage/ec_gallery_thumbnail/xy9V0kP78E.png?v=1607501042651",
    "isCustomThumbnail": 0,
    "builtinTags": [
        "category-work",
        "grid",
        "series-bar"
    ],
    "customTags": [],
    "updaterUserName": "L***9"
}