{
    "cid": "xACFt1MUbp",
    "authorUid": "obd-o2TqISS9V-WLC9tYplzOX0tST5crb61",
    "authorUserName": "阳***噜",
    "title": "test1",
    "description": "",
    "latestVersion": 1,
    "alwaysLatest": 0,
    "createTime": "2021-10-14T10:04:08.000Z",
    "lastUpdateTime": "2021-10-14T10:04:08.000Z",
    "auth": 2,
    "uid": "obd-o2TqISS9V-WLC9tYplzOX0tST5crb61",
    "publishedVersion": 0,
    "forkFrom": "-",
    "isSpam": 0,
    "version": 1,
    "parentVersion": -1,
    "echartsVersion": "5.2.1",
    "versionCreateTime": "2021-10-14T10:04:08.000Z",
    "html": "",
    "externalScripts": "",
    "updaterUID": "obd-o2TqISS9V-WLC9tYplzOX0tST5crb61",
    "theme": "",
    "layout": "",
    "viewCount": 0,
    "userName": "阳***噜",
    "commentCount": 0,
    "starCount": 0,
    "isStared": 0,
    "thumbnailURL": "https://www.makeapie.com/ecg-storage/ec_gallery_thumbnail/xACFt1MUbp.png?v=1634205848408",
    "isCustomThumbnail": 0,
    "builtinTags": [
        "category-work",
        "grid",
        "series-bar"
    ],
    "customTags": [],
    "updaterUserName": "阳***噜"
}