{
    "cid": "xbSIlSiCYL",
    "authorUid": "obd-oD3awiE94SSX5iyOSgx8Jyu5uKqtu1k",
    "authorUserName": "徐***r",
    "title": "饼状图1",
    "description": "",
    "latestVersion": 3,
    "alwaysLatest": 0,
    "createTime": "2021-10-16T02:27:11.000Z",
    "lastUpdateTime": "2021-10-17T03:07:07.000Z",
    "auth": 1,
    "uid": "obd-oD3awiE94SSX5iyOSgx8Jyu5uKqtu1k",
    "publishedVersion": 0,
    "forkFrom": "-",
    "isSpam": 0,
    "version": 3,
    "parentVersion": 2,
    "echartsVersion": "5.2.1",
    "versionCreateTime": "2021-10-17T03:07:07.000Z",
    "html": "",
    "externalScripts": "",
    "updaterUID": "obd-oD3awiE94SSX5iyOSgx8Jyu5uKqtu1k",
    "theme": "",
    "layout": "",
    "viewCount": 0,
    "userName": "徐***r",
    "commentCount": 0,
    "starCount": 3,
    "isStared": 0,
    "thumbnailURL": "https://www.makeapie.com/ecg-storage/ec_gallery_thumbnail/xbSIlSiCYL.png?v=1634440027192",
    "isCustomThumbnail": 0,
    "builtinTags": [
        "category-work",
        "graphic",
        "legend",
        "series-pie",
        "title",
        "toolbox",
        "tooltip"
    ],
    "customTags": [],
    "updaterUserName": "徐***r"
}