{
    "cid": "xc4anClwaz",
    "authorUid": "obd-o-Ge72ZSA15jM3nGn0eDzr4Qu21s7Ap",
    "authorUserName": "东***丷",
    "title": "",
    "description": "柱状图",
    "latestVersion": 1,
    "alwaysLatest": 0,
    "createTime": "2021-10-15T08:03:04.000Z",
    "lastUpdateTime": "2021-10-15T08:03:04.000Z",
    "auth": 2,
    "uid": "obd-o-Ge72ZSA15jM3nGn0eDzr4Qu21s7Ap",
    "publishedVersion": 0,
    "forkFrom": "-",
    "isSpam": 0,
    "version": 1,
    "parentVersion": -1,
    "echartsVersion": "5.2.1",
    "versionCreateTime": "2021-10-15T08:03:04.000Z",
    "html": "",
    "externalScripts": "",
    "updaterUID": "obd-o-Ge72ZSA15jM3nGn0eDzr4Qu21s7Ap",
    "theme": "",
    "layout": "",
    "viewCount": 0,
    "userName": "东***丷",
    "commentCount": 0,
    "starCount": 0,
    "isStared": 0,
    "thumbnailURL": "https://www.makeapie.com/ecg-storage/ec_gallery_thumbnail/xc4anClwaz.png?v=1634284984750",
    "isCustomThumbnail": 0,
    "builtinTags": [
        "category-work",
        "grid",
        "legend",
        "series-bar",
        "tooltip"
    ],
    "customTags": [],
    "updaterUserName": "东***丷"
}