{
    "cid": "xcplHanXmP",
    "authorUid": "obd-ojpMWUKRj60_Kczi-FfrbK5HVuMorDr",
    "authorUserName": "j***1",
    "title": "仪表盘U，指针使用自定义图片",
    "description": "仪表盘指针使用本地图片，转为base64使用",
    "latestVersion": 1,
    "alwaysLatest": 0,
    "createTime": "2021-10-14T07:52:01.000Z",
    "lastUpdateTime": "2021-10-14T07:52:01.000Z",
    "auth": 2,
    "uid": "obd-ojpMWUKRj60_Kczi-FfrbK5HVuMorDr",
    "publishedVersion": 0,
    "forkFrom": "-",
    "isSpam": 0,
    "version": 1,
    "parentVersion": -1,
    "echartsVersion": "5.2.1",
    "versionCreateTime": "2021-10-14T07:52:01.000Z",
    "html": "",
    "externalScripts": "",
    "updaterUID": "obd-ojpMWUKRj60_Kczi-FfrbK5HVuMorDr",
    "theme": "",
    "layout": "",
    "viewCount": 0,
    "userName": "j***1",
    "commentCount": 0,
    "starCount": 9,
    "isStared": 0,
    "thumbnailURL": "https://www.makeapie.com/ecg-storage/ec_gallery_thumbnail/xcplHanXmP.png?v=1634197921984",
    "isCustomThumbnail": 0,
    "builtinTags": [
        "category-work",
        "polar",
        "series-bar",
        "series-gauge",
        "series-pie"
    ],
    "customTags": [],
    "updaterUserName": "j***1"
}