{
    "cid": "xDMpWgWfX9",
    "authorUid": "obd-oD3awiE94SSX5iyOSgx8Jyu5uKqtu1k",
    "authorUserName": "徐***r",
    "title": "玫瑰图2",
    "description": "",
    "latestVersion": 4,
    "alwaysLatest": 0,
    "createTime": "2021-10-16T02:50:58.000Z",
    "lastUpdateTime": "2021-10-18T03:06:38.000Z",
    "auth": 1,
    "uid": "obd-oD3awiE94SSX5iyOSgx8Jyu5uKqtu1k",
    "publishedVersion": 0,
    "forkFrom": "-",
    "isSpam": 0,
    "version": 4,
    "parentVersion": 3,
    "echartsVersion": "5.2.1",
    "versionCreateTime": "2021-10-18T03:06:38.000Z",
    "html": "",
    "externalScripts": "",
    "updaterUID": "obd-oD3awiE94SSX5iyOSgx8Jyu5uKqtu1k",
    "theme": "",
    "layout": "",
    "viewCount": 0,
    "userName": "徐***r",
    "commentCount": 0,
    "starCount": 0,
    "isStared": 0,
    "thumbnailURL": "https://www.makeapie.com/ecg-storage/ec_gallery_thumbnail/xDMpWgWfX9.png?v=1634526398376",
    "isCustomThumbnail": 0,
    "builtinTags": [
        "category-work",
        "legend",
        "series-pie",
        "title",
        "tooltip",
        "visualMap"
    ],
    "customTags": [],
    "updaterUserName": "徐***r"
}