{
    "cid": "xMp8P3kiyL",
    "authorUid": "obd-olGfOrxetmWVSHvURGPmfWchxFQhp0D",
    "authorUserName": "2***工",
    "title": "按年月日折线图-滑动触发数据范围改变",
    "description": "当dataZoom监听事件，更改数据",
    "latestVersion": 1,
    "alwaysLatest": 0,
    "createTime": "2021-10-14T12:44:30.000Z",
    "lastUpdateTime": "2021-10-14T12:44:30.000Z",
    "auth": 2,
    "uid": "obd-olGfOrxetmWVSHvURGPmfWchxFQhp0D",
    "publishedVersion": 0,
    "forkFrom": "-",
    "isSpam": 0,
    "version": 1,
    "parentVersion": -1,
    "echartsVersion": "4.2.1",
    "versionCreateTime": "2021-10-14T12:44:30.000Z",
    "html": "",
    "externalScripts": "https://cdn.jsdelivr.net/npm/papaparse/papaparse.min.js,https://code.jquery.com/jquery-3.1.1.min.js",
    "updaterUID": "obd-olGfOrxetmWVSHvURGPmfWchxFQhp0D",
    "theme": "",
    "layout": "",
    "viewCount": 0,
    "userName": "2***工",
    "commentCount": 0,
    "starCount": 0,
    "isStared": 0,
    "thumbnailURL": "https://www.makeapie.com/ecg-storage/ec_gallery_thumbnail/xMp8P3kiyL.png?v=1634215470177",
    "isCustomThumbnail": 0,
    "builtinTags": [
        "category-work",
        "dataZoom",
        "grid",
        "legend",
        "series-line",
        "title",
        "toolbox",
        "tooltip"
    ],
    "customTags": [],
    "updaterUserName": "2***工"
}