{
    "cid": "xQydvx7m72",
    "authorUid": "obd-o0Bq3PUP1t2Ud_T_Uvx95UZ6D1LKGFL",
    "authorUserName": "178******57",
    "title": " 自定义轮播显示详情",
    "description": "上面大神的demo报错 我修改了一下而已",
    "latestVersion": 6,
    "alwaysLatest": 1,
    "createTime": "2021-10-15T05:56:23.000Z",
    "lastUpdateTime": "2021-11-29T10:16:26.000Z",
    "auth": 1,
    "uid": "obd-o0Bq3PUP1t2Ud_T_Uvx95UZ6D1LKGFL",
    "publishedVersion": 0,
    "forkFrom": "-",
    "isSpam": 0,
    "version": 6,
    "parentVersion": 5,
    "echartsVersion": "5.2.2",
    "versionCreateTime": "2021-11-29T10:16:26.000Z",
    "html": "",
    "externalScripts": "/dep/echarts/map/js/china.js",
    "updaterUID": "obd-oAt16IlBiqFJiqKYRy7eXecd817Qf73",
    "theme": "",
    "layout": "",
    "viewCount": 0,
    "userName": "178******57",
    "commentCount": 0,
    "starCount": 3,
    "isStared": 0,
    "thumbnailURL": "https://www.makeapie.com/ecg-storage/ec_gallery_thumbnail/xQydvx7m72.png?v=1638180986542",
    "isCustomThumbnail": 0,
    "builtinTags": [
        "category-work",
        "geo",
        "series-effectScatter",
        "series-map",
        "series-scatter",
        "tooltip",
        "visualMap"
    ],
    "customTags": [],
    "updaterUserName": "隔***伟"
}