{
    "cid": "xV865BAG4j",
    "authorUid": "bd-167860219",
    "authorUserName": "n***1",
    "title": "百度地图上加载矢量图形",
    "description": "",
    "latestVersion": 3,
    "alwaysLatest": 0,
    "createTime": "2021-10-15T05:16:49.000Z",
    "lastUpdateTime": "2021-10-17T09:22:15.000Z",
    "auth": 2,
    "uid": "bd-167860219",
    "publishedVersion": 0,
    "forkFrom": "-",
    "isSpam": 0,
    "version": 3,
    "parentVersion": 2,
    "echartsVersion": "5.2.1",
    "versionCreateTime": "2021-10-17T09:19:40.000Z",
    "html": "",
    "externalScripts": "http://api.map.baidu.com/getscript?v=2.0&ak=KOmVjPVUAey1G2E8zNhPiuQ6QiEmAwZu&s=1,https://cdn.jsdelivr.net/npm/echarts@5/dist/extension/bmap.js",
    "updaterUID": "bd-167860219",
    "theme": "default",
    "layout": "",
    "viewCount": 0,
    "userName": "n***1",
    "commentCount": 0,
    "starCount": 0,
    "isStared": 0,
    "thumbnailURL": "https://www.makeapie.com/ecg-storage/ec_gallery_thumbnail/xV865BAG4j.png?v=1634462537466",
    "isCustomThumbnail": 1,
    "builtinTags": [
        "category-work"
    ],
    "customTags": [],
    "updaterUserName": "n***1"
}