{
    "cid": "xyc-_7ILi-",
    "authorUid": "bd-1063260687",
    "authorUserName": "大***饭",
    "title": "饼图",
    "description": "饼图",
    "latestVersion": 2,
    "alwaysLatest": 0,
    "createTime": "2021-10-16T02:13:41.000Z",
    "lastUpdateTime": "2021-10-16T02:26:35.000Z",
    "auth": 2,
    "uid": "bd-1063260687",
    "publishedVersion": 0,
    "forkFrom": "-",
    "isSpam": 0,
    "version": 2,
    "parentVersion": 1,
    "echartsVersion": "5.2.1",
    "versionCreateTime": "2021-10-16T02:26:35.000Z",
    "html": "",
    "externalScripts": "",
    "updaterUID": "bd-1063260687",
    "theme": "",
    "layout": "",
    "viewCount": 0,
    "userName": "大***饭",
    "commentCount": 0,
    "starCount": 0,
    "isStared": 0,
    "thumbnailURL": "https://www.makeapie.com/ecg-storage/ec_gallery_thumbnail/xyc-_7ILi-.png?v=1634351195536",
    "isCustomThumbnail": 0,
    "builtinTags": [
        "category-work",
        "legend",
        "series-pie",
        "title",
        "tooltip"
    ],
    "customTags": [
        "pie"
    ],
    "updaterUserName": "大***饭"
}