{
    "cid": "xYo6zH1sbT",
    "authorUid": "obd-oCytk-iscqjAoQgpI34LAUX1d2UkM3Y",
    "authorUserName": "1***4",
    "title": "关系图",
    "description": "",
    "latestVersion": 1,
    "alwaysLatest": 0,
    "createTime": "2021-10-14T08:47:21.000Z",
    "lastUpdateTime": "2021-10-14T08:47:21.000Z",
    "auth": 2,
    "uid": "obd-oCytk-iscqjAoQgpI34LAUX1d2UkM3Y",
    "publishedVersion": 0,
    "forkFrom": "-",
    "isSpam": 0,
    "version": 1,
    "parentVersion": -1,
    "echartsVersion": "5.2.1",
    "versionCreateTime": "2021-10-14T08:47:21.000Z",
    "html": "",
    "externalScripts": "",
    "updaterUID": "obd-oCytk-iscqjAoQgpI34LAUX1d2UkM3Y",
    "theme": "",
    "layout": "",
    "viewCount": 0,
    "userName": "1***4",
    "commentCount": 0,
    "starCount": 1,
    "isStared": 0,
    "thumbnailURL": "https://www.makeapie.com/ecg-storage/ec_gallery_thumbnail/xYo6zH1sbT.png?v=1634201241516",
    "isCustomThumbnail": 0,
    "builtinTags": [
        "category-work",
        "series-graph"
    ],
    "customTags": [],
    "updaterUserName": "1***4"
}