{
    "cid": "xdpTKNsDFz",
    "authorUid": "obd-oCXtyz0xOcP6EqG0lH2aL9xyfMkRj3G",
    "authorUserName": "玉***s",
    "title": "柱状图-顶部为三角形",
    "description": "",
    "latestVersion": 1,
    "alwaysLatest": 1,
    "createTime": "2020-12-30T08:37:52.000Z",
    "lastUpdateTime": "2020-12-30T08:37:52.000Z",
    "auth": 1,
    "uid": "obd-oCXtyz0xOcP6EqG0lH2aL9xyfMkRj3G",
    "publishedVersion": 0,
    "forkFrom": "-",
    "isSpam": 0,
    "version": 1,
    "parentVersion": -1,
    "echartsVersion": "4.8.0",
    "versionCreateTime": "2020-12-30T08:37:52.000Z",
    "html": "",
    "externalScripts": "",
    "updaterUID": "obd-oCXtyz0xOcP6EqG0lH2aL9xyfMkRj3G",
    "theme": "",
    "layout": "",
    "viewCount": 80,
    "userName": "玉***s",
    "commentCount": 0,
    "starCount": 2,
    "isStared": 0,
    "thumbnailURL": "https://www.makeapie.com/ecg-storage/ec_gallery_thumbnail/xdpTKNsDFz.png?v=1609317472931",
    "isCustomThumbnail": 1,
    "builtinTags": [
        "category-work",
        "grid",
        "series-bar",
        "series-pictorialBar"
    ],
    "customTags": [],
    "updaterUserName": "玉***s"
}