{
    "cid": "xFtNywrRlH",
    "authorUid": "obd-oN7FqF-9Av8qCnY1JOwg9ZEy-T3l_Cf",
    "authorUserName": "Y***n",
    "title": "折叠立体图",
    "description": "",
    "latestVersion": 1,
    "alwaysLatest": 1,
    "createTime": "2020-12-29T07:31:13.000Z",
    "lastUpdateTime": "2020-12-29T07:31:13.000Z",
    "auth": 2,
    "uid": "obd-oN7FqF-9Av8qCnY1JOwg9ZEy-T3l_Cf",
    "publishedVersion": 0,
    "forkFrom": "-",
    "isSpam": 0,
    "version": 1,
    "parentVersion": -1,
    "echartsVersion": "4.8.0",
    "versionCreateTime": "2020-12-29T07:31:13.000Z",
    "html": "",
    "externalScripts": "",
    "updaterUID": "obd-oN7FqF-9Av8qCnY1JOwg9ZEy-T3l_Cf",
    "theme": "",
    "layout": "",
    "viewCount": 319,
    "userName": "Y***n",
    "commentCount": 0,
    "starCount": 12,
    "isStared": 0,
    "thumbnailURL": "https://www.makeapie.com/ecg-storage/ec_gallery_thumbnail/xFtNywrRlH.png?v=1609227073578",
    "isCustomThumbnail": 0,
    "builtinTags": [
        "category-work",
        "grid",
        "series-bar",
        "series-pictorialBar",
        "tooltip"
    ],
    "customTags": [],
    "updaterUserName": "Y***n"
}