{
    "cid": "xnoPzc9bq-B",
    "authorUid": "bd-2920285523",
    "authorUserName": "9***5",
    "title": "计划",
    "description": "单个图表，带事件触发，带范围框选",
    "latestVersion": 2,
    "alwaysLatest": 1,
    "createTime": "2020-12-29T07:54:39.000Z",
    "lastUpdateTime": "2020-12-29T07:54:39.000Z",
    "auth": 2,
    "uid": "bd-2920285523",
    "publishedVersion": 0,
    "forkFrom": "-",
    "isSpam": 0,
    "version": 2,
    "parentVersion": 1,
    "echartsVersion": "4.8.0",
    "versionCreateTime": "2020-12-29T15:15:00.000Z",
    "html": "",
    "externalScripts": "",
    "updaterUID": "bd-2920285523",
    "theme": "",
    "layout": "",
    "viewCount": 172,
    "userName": "9***5",
    "commentCount": 0,
    "starCount": 3,
    "isStared": 0,
    "thumbnailURL": "https://www.makeapie.com/ecg-storage/ec_gallery_thumbnail/xnoPzc9bq-B.png?v=1609254900344",
    "isCustomThumbnail": 0,
    "builtinTags": [
        "category-work",
        "grid",
        "series-heatmap",
        "title",
        "tooltip",
        "visualMap"
    ],
    "customTags": [],
    "updaterUserName": "9***5"
}