{
    "cid": "xorZIifJCg",
    "authorUid": "bd-3071323166",
    "authorUserName": "w***1",
    "title": "系列分组",
    "description": "",
    "latestVersion": 2,
    "alwaysLatest": 1,
    "createTime": "2020-12-30T11:38:29.000Z",
    "lastUpdateTime": "2020-12-30T11:38:29.000Z",
    "auth": 1,
    "uid": "bd-3071323166",
    "publishedVersion": 0,
    "forkFrom": "-",
    "isSpam": 0,
    "version": 2,
    "parentVersion": 1,
    "echartsVersion": "4.8.0",
    "versionCreateTime": "2020-12-30T11:51:37.000Z",
    "html": "",
    "externalScripts": "",
    "updaterUID": "bd-3071323166",
    "theme": "",
    "layout": "",
    "viewCount": 62,
    "userName": "w***1",
    "commentCount": 0,
    "starCount": 2,
    "isStared": 0,
    "thumbnailURL": "https://www.makeapie.com/ecg-storage/ec_gallery_thumbnail/xorZIifJCg.png?v=1609329097461",
    "isCustomThumbnail": 0,
    "builtinTags": [
        "category-work",
        "grid",
        "legend",
        "series-bar",
        "toolbox",
        "tooltip"
    ],
    "customTags": [],
    "updaterUserName": "w***1"
}