{
    "cid": "xPDxq7e4iD",
    "authorUid": "obd-oCXtyz0xOcP6EqG0lH2aL9xyfMkRj3G",
    "authorUserName": "玉***s",
    "title": "柱状图+饼图",
    "description": "该饼图由三个饼图叠加而成",
    "latestVersion": 2,
    "alwaysLatest": 1,
    "createTime": "2020-12-30T08:42:46.000Z",
    "lastUpdateTime": "2021-10-04T05:09:24.000Z",
    "auth": 1,
    "uid": "obd-oCXtyz0xOcP6EqG0lH2aL9xyfMkRj3G",
    "publishedVersion": 0,
    "forkFrom": "-",
    "isSpam": 0,
    "version": 2,
    "parentVersion": 1,
    "echartsVersion": "4.9.0",
    "versionCreateTime": "2021-10-04T05:09:24.000Z",
    "html": "",
    "externalScripts": "",
    "updaterUID": "bd-120928410",
    "theme": "",
    "layout": "",
    "viewCount": 258,
    "userName": "玉***s",
    "commentCount": 0,
    "starCount": 3,
    "isStared": 0,
    "thumbnailURL": "https://www.makeapie.com/ecg-storage/ec_gallery_thumbnail/xPDxq7e4iD.png?v=1609317767131",
    "isCustomThumbnail": 1,
    "builtinTags": [
        "category-work",
        "grid",
        "legend",
        "series-bar",
        "series-pie",
        "title"
    ],
    "customTags": [],
    "updaterUserName": "z***j"
}