{
    "cid": "xrnwaDewrz",
    "authorUid": "bd-1644545973",
    "authorUserName": "c***y",
    "title": "金字塔",
    "description": "",
    "latestVersion": 1,
    "alwaysLatest": 1,
    "createTime": "2020-12-30T15:19:01.000Z",
    "lastUpdateTime": "2020-12-30T15:19:01.000Z",
    "auth": 2,
    "uid": "bd-1644545973",
    "publishedVersion": 0,
    "forkFrom": "-",
    "isSpam": 0,
    "version": 1,
    "parentVersion": -1,
    "echartsVersion": "4.8.0",
    "versionCreateTime": "2020-12-30T15:19:01.000Z",
    "html": "",
    "externalScripts": "",
    "updaterUID": "bd-1644545973",
    "theme": "",
    "layout": "",
    "viewCount": 121,
    "userName": "c***y",
    "commentCount": 0,
    "starCount": 2,
    "isStared": 0,
    "thumbnailURL": "https://www.makeapie.com/ecg-storage/ec_gallery_thumbnail/xrnwaDewrz.png?v=1609341541532",
    "isCustomThumbnail": 0,
    "builtinTags": [
        "category-work",
        "series-funnel"
    ],
    "customTags": [],
    "updaterUserName": "c***y"
}