{
    "cid": "xs5KvLuSyt",
    "authorUid": "obd-o2HL0pbvUj6dxSy9zvHoKx8eC2-cr6g",
    "authorUserName": "啧***啧",
    "title": "折线树状图",
    "description": "",
    "latestVersion": 1,
    "alwaysLatest": 1,
    "createTime": "2020-12-30T06:31:01.000Z",
    "lastUpdateTime": "2020-12-30T06:31:01.000Z",
    "auth": 2,
    "uid": "obd-o2HL0pbvUj6dxSy9zvHoKx8eC2-cr6g",
    "publishedVersion": 0,
    "forkFrom": "-",
    "isSpam": 0,
    "version": 1,
    "parentVersion": -1,
    "echartsVersion": "4.8.0",
    "versionCreateTime": "2020-12-30T06:31:01.000Z",
    "html": "",
    "externalScripts": "",
    "updaterUID": "obd-o2HL0pbvUj6dxSy9zvHoKx8eC2-cr6g",
    "theme": "",
    "layout": "",
    "viewCount": 153,
    "userName": "啧***啧",
    "commentCount": 0,
    "starCount": 1,
    "isStared": 0,
    "thumbnailURL": "https://www.makeapie.com/ecg-storage/ec_gallery_thumbnail/xs5KvLuSyt.png?v=1609309861654",
    "isCustomThumbnail": 0,
    "builtinTags": [
        "category-work",
        "series-tree"
    ],
    "customTags": [],
    "updaterUserName": "啧***啧"
}