{
    "cid": "xUy7x40dgy",
    "authorUid": "obd-o0h98F9MSg3fozYZsCiv0L5RtsQuNFA",
    "authorUserName": "缘***诺",
    "title": "{a|55}{b|.33}{c|百分比}",
    "description": "",
    "latestVersion": 1,
    "alwaysLatest": 1,
    "createTime": "2020-12-29T08:30:15.000Z",
    "lastUpdateTime": "2020-12-29T08:30:15.000Z",
    "auth": 2,
    "uid": "obd-o0h98F9MSg3fozYZsCiv0L5RtsQuNFA",
    "publishedVersion": 0,
    "forkFrom": "-",
    "isSpam": 0,
    "version": 1,
    "parentVersion": -1,
    "echartsVersion": "4.8.0",
    "versionCreateTime": "2020-12-29T08:30:15.000Z",
    "html": "",
    "externalScripts": "",
    "updaterUID": "obd-o0h98F9MSg3fozYZsCiv0L5RtsQuNFA",
    "theme": "",
    "layout": "",
    "viewCount": 371,
    "userName": "缘***诺",
    "commentCount": 0,
    "starCount": 12,
    "isStared": 0,
    "thumbnailURL": "https://www.makeapie.com/ecg-storage/ec_gallery_thumbnail/xUy7x40dgy.png?v=1609230615768",
    "isCustomThumbnail": 0,
    "builtinTags": [
        "category-work",
        "series-gauge",
        "series-pie",
        "title"
    ],
    "customTags": [],
    "updaterUserName": "缘***诺"
}