{
    "cid": "xVSOR9SUq8",
    "authorUid": "obd-ojizQPRQAikkJGgtD-Ujoh-6nMX5dEd",
    "authorUserName": "w***雪",
    "title": "系统发送量统计",
    "description": "",
    "latestVersion": 1,
    "alwaysLatest": 1,
    "createTime": "2020-12-30T09:42:30.000Z",
    "lastUpdateTime": "2020-12-30T09:42:30.000Z",
    "auth": 2,
    "uid": "obd-ojizQPRQAikkJGgtD-Ujoh-6nMX5dEd",
    "publishedVersion": 0,
    "forkFrom": "-",
    "isSpam": 0,
    "version": 1,
    "parentVersion": -1,
    "echartsVersion": "4.8.0",
    "versionCreateTime": "2020-12-30T09:42:30.000Z",
    "html": "",
    "externalScripts": "",
    "updaterUID": "obd-ojizQPRQAikkJGgtD-Ujoh-6nMX5dEd",
    "theme": "",
    "layout": "",
    "viewCount": 68,
    "userName": "w***雪",
    "commentCount": 0,
    "starCount": 0,
    "isStared": 0,
    "thumbnailURL": "https://www.makeapie.com/ecg-storage/ec_gallery_thumbnail/xVSOR9SUq8.png?v=1609321350535",
    "isCustomThumbnail": 0,
    "builtinTags": [
        "category-work",
        "grid",
        "series-bar"
    ],
    "customTags": [],
    "updaterUserName": "w***雪"
}