{
    "cid": "xWeI_ZHqC7",
    "authorUid": "obd-oCXtyz0xOcP6EqG0lH2aL9xyfMkRj3G",
    "authorUserName": "玉***s",
    "title": "地图+散点图",
    "description": "散点图icon大小随值变化",
    "latestVersion": 2,
    "alwaysLatest": 1,
    "createTime": "2020-12-31T01:56:39.000Z",
    "lastUpdateTime": "2021-11-03T08:56:03.000Z",
    "auth": 1,
    "uid": "obd-oCXtyz0xOcP6EqG0lH2aL9xyfMkRj3G",
    "publishedVersion": 0,
    "forkFrom": "-",
    "isSpam": 0,
    "version": 2,
    "parentVersion": 1,
    "echartsVersion": "4.9.0",
    "versionCreateTime": "2021-11-03T08:56:04.000Z",
    "html": "",
    "externalScripts": "/dep/echarts/map/js/china.js",
    "updaterUID": "obd-oAYgtdKfRZklaGraxKCYYmBRCVzyS71",
    "theme": "",
    "layout": "",
    "viewCount": 494,
    "userName": "玉***s",
    "commentCount": 0,
    "starCount": 1,
    "isStared": 0,
    "thumbnailURL": "https://www.makeapie.com/ecg-storage/ec_gallery_thumbnail/xWeI_ZHqC7.png?v=1635929764201",
    "isCustomThumbnail": 0,
    "builtinTags": [
        "category-work",
        "geo",
        "legend",
        "series-map",
        "series-scatter",
        "visualMap"
    ],
    "customTags": [],
    "updaterUserName": "一***孩"
}