{
    "cid": "xBJ9svX0w7",
    "authorUid": "bd-4129269411",
    "authorUserName": "1***9",
    "title": "很无聊的我",
    "description": "来自木可",
    "latestVersion": 1,
    "alwaysLatest": 1,
    "createTime": "2018-09-06T04:05:54.000Z",
    "lastUpdateTime": "2018-09-06T04:05:54.000Z",
    "auth": 1,
    "uid": "bd-4129269411",
    "publishedVersion": 0,
    "forkFrom": "-",
    "isSpam": 0,
    "version": 1,
    "parentVersion": -1,
    "echartsVersion": "4.1.0",
    "versionCreateTime": "2018-09-06T04:05:54.000Z",
    "html": "",
    "externalScripts": "",
    "updaterUID": "bd-4129269411",
    "theme": "",
    "layout": "",
    "viewCount": 2151,
    "userName": "1***9",
    "commentCount": 0,
    "starCount": 2,
    "isStared": 0,
    "thumbnailURL": "https://www.makeapie.com/ecg-storage/ec_gallery_thumbnail/xBJ9svX0w7.png?v=1536206754264",
    "isCustomThumbnail": 0,
    "builtinTags": [
        "category-work",
        "geo",
        "series-effectScatter",
        "series-lines",
        "title",
        "tooltip"
    ],
    "customTags": [],
    "updaterUserName": "1***9"
}