{
    "cid": "xBy89aVRD7",
    "authorUid": "bd-3692871165",
    "authorUserName": "z***1",
    "title": "柱形图动态改变颜色",
    "description": "",
    "latestVersion": 1,
    "alwaysLatest": 1,
    "createTime": "2018-09-06T05:39:26.000Z",
    "lastUpdateTime": "2018-09-06T05:39:26.000Z",
    "auth": 2,
    "uid": "bd-3692871165",
    "publishedVersion": 0,
    "forkFrom": "-",
    "isSpam": 0,
    "version": 1,
    "parentVersion": -1,
    "echartsVersion": "4.1.0",
    "versionCreateTime": "2018-09-06T05:39:26.000Z",
    "html": "",
    "externalScripts": "",
    "updaterUID": "bd-3692871165",
    "theme": "",
    "layout": "",
    "viewCount": 182,
    "userName": "z***1",
    "commentCount": 0,
    "starCount": 0,
    "isStared": 0,
    "thumbnailURL": "https://www.makeapie.com/ecg-storage/ec_gallery_thumbnail/xBy89aVRD7.png?v=1536212366291",
    "isCustomThumbnail": 0,
    "builtinTags": [
        "category-work",
        "grid",
        "series-bar",
        "tooltip"
    ],
    "customTags": [],
    "updaterUserName": "z***1"
}