{
    "cid": "xByaqv21dQ",
    "authorUid": "bd-3724974333",
    "authorUserName": "m***3",
    "title": "认证用户",
    "description": "",
    "latestVersion": 3,
    "alwaysLatest": 1,
    "createTime": "2018-09-07T08:32:21.000Z",
    "lastUpdateTime": "2018-09-07T08:32:21.000Z",
    "auth": 2,
    "uid": "bd-3724974333",
    "publishedVersion": 0,
    "forkFrom": "-",
    "isSpam": 0,
    "version": 3,
    "parentVersion": 2,
    "echartsVersion": "4.1.0",
    "versionCreateTime": "2018-09-07T09:42:14.000Z",
    "html": "",
    "externalScripts": "",
    "updaterUID": "bd-3724974333",
    "theme": "",
    "layout": "",
    "viewCount": 990,
    "userName": "m***3",
    "commentCount": 0,
    "starCount": 5,
    "isStared": 0,
    "thumbnailURL": "https://www.makeapie.com/ecg-storage/ec_gallery_thumbnail/xByaqv21dQ.png?v=1536313334739",
    "isCustomThumbnail": 0,
    "builtinTags": [
        "category-work",
        "radar",
        "series-radar",
        "title"
    ],
    "customTags": [],
    "updaterUserName": "m***3"
}