{
    "cid": "xH1r6ssjvX",
    "authorUid": "bd-3724974333",
    "authorUserName": "m***3",
    "title": "自定义动画渐变色饼图",
    "description": "",
    "latestVersion": 5,
    "alwaysLatest": 1,
    "createTime": "2018-09-04T06:52:45.000Z",
    "lastUpdateTime": "2018-09-04T06:53:37.000Z",
    "auth": 2,
    "uid": "bd-3724974333",
    "publishedVersion": 0,
    "forkFrom": "-",
    "isSpam": 0,
    "version": 5,
    "parentVersion": 2,
    "echartsVersion": "4.1.0",
    "versionCreateTime": "2018-09-04T07:29:51.000Z",
    "html": "",
    "externalScripts": "",
    "updaterUID": "bd-3724974333",
    "theme": "default",
    "layout": "",
    "viewCount": 2716,
    "userName": "m***3",
    "commentCount": 0,
    "starCount": 19,
    "isStared": 0,
    "thumbnailURL": "https://www.makeapie.com/ecg-storage/ec_gallery_thumbnail/xH1r6ssjvX.png?v=1536046191139",
    "isCustomThumbnail": 0,
    "builtinTags": [
        "category-work",
        "legend",
        "series-pie",
        "title",
        "tooltip"
    ],
    "customTags": [],
    "updaterUserName": "m***3"
}