{
    "cid": "xHJBLkjJ_7",
    "authorUid": "bd-4032185403",
    "authorUserName": "小孩子PPTpku",
    "title": "Awesome Chart",
    "description": "",
    "latestVersion": 1,
    "alwaysLatest": 1,
    "createTime": "2018-09-07T06:48:44.000Z",
    "lastUpdateTime": "2018-09-07T06:48:44.000Z",
    "auth": 2,
    "uid": "bd-4032185403",
    "publishedVersion": 0,
    "forkFrom": "-",
    "isSpam": 0,
    "version": 1,
    "parentVersion": -1,
    "echartsVersion": "4.1.0",
    "versionCreateTime": "2018-09-07T06:48:44.000Z",
    "html": "",
    "externalScripts": "",
    "updaterUID": "bd-4032185403",
    "theme": "",
    "layout": "",
    "viewCount": 15,
    "userName": "小孩子PPTpku",
    "commentCount": 0,
    "starCount": 0,
    "isStared": 0,
    "thumbnailURL": "https://www.makeapie.com/ecg-storage/ec_gallery_thumbnail/xHJBLkjJ_7.png?v=1536302924932",
    "isCustomThumbnail": 0,
    "builtinTags": [
        "category-work",
        "grid",
        "series-line",
        "title"
    ],
    "customTags": [],
    "updaterUserName": "小孩子PPTpku"
}