{
    "cid": "xHyh1S5kdX",
    "authorUid": "bd-1294224137",
    "authorUserName": "守侯四叶草001",
    "title": "对比漏斗图",
    "description": "纯属虚拟",
    "latestVersion": 1,
    "alwaysLatest": 1,
    "createTime": "2018-09-07T06:04:19.000Z",
    "lastUpdateTime": "2018-09-07T06:04:19.000Z",
    "auth": 2,
    "uid": "bd-1294224137",
    "publishedVersion": 0,
    "forkFrom": "-",
    "isSpam": 0,
    "version": 1,
    "parentVersion": -1,
    "echartsVersion": "4.1.0",
    "versionCreateTime": "2018-09-07T06:04:19.000Z",
    "html": "",
    "externalScripts": "",
    "updaterUID": "bd-1294224137",
    "theme": "",
    "layout": "",
    "viewCount": 432,
    "userName": "守侯四叶草001",
    "commentCount": 0,
    "starCount": 0,
    "isStared": 0,
    "thumbnailURL": "https://www.makeapie.com/ecg-storage/ec_gallery_thumbnail/xHyh1S5kdX.png?v=1536300259970",
    "isCustomThumbnail": 0,
    "builtinTags": [
        "category-work",
        "series-funnel",
        "tooltip"
    ],
    "customTags": [],
    "updaterUserName": "守侯四叶草001"
}