{
    "cid": "xHyjabwiDX",
    "authorUid": "bd-599414847",
    "authorUserName": "A***M",
    "title": "饼图-pie",
    "description": "悬浮无动画；默认选中饼图",
    "latestVersion": 1,
    "alwaysLatest": 1,
    "createTime": "2018-09-04T01:37:07.000Z",
    "lastUpdateTime": "2018-09-04T01:37:07.000Z",
    "auth": 2,
    "uid": "bd-599414847",
    "publishedVersion": 0,
    "forkFrom": "-",
    "isSpam": 0,
    "version": 1,
    "parentVersion": -1,
    "echartsVersion": "4.1.0",
    "versionCreateTime": "2018-09-04T01:37:07.000Z",
    "html": "",
    "externalScripts": "",
    "updaterUID": "bd-599414847",
    "theme": "",
    "layout": "",
    "viewCount": 1484,
    "userName": "A***M",
    "commentCount": 0,
    "starCount": 6,
    "isStared": 0,
    "thumbnailURL": "https://www.makeapie.com/ecg-storage/ec_gallery_thumbnail/xHyjabwiDX.png?v=1536025027552",
    "isCustomThumbnail": 0,
    "builtinTags": [
        "category-work",
        "series-pie",
        "title"
    ],
    "customTags": [],
    "updaterUserName": "A***M"
}