{
    "cid": "xr1gL422DX",
    "authorUid": "bd-2680916706",
    "authorUserName": "Mc_xxlz",
    "title": "增减变化",
    "description": "",
    "latestVersion": 2,
    "alwaysLatest": 1,
    "createTime": "2018-09-05T01:41:27.000Z",
    "lastUpdateTime": "2018-09-05T01:41:27.000Z",
    "auth": 2,
    "uid": "bd-2680916706",
    "publishedVersion": 0,
    "forkFrom": "-",
    "isSpam": 0,
    "version": 2,
    "parentVersion": 1,
    "echartsVersion": "4.1.0",
    "versionCreateTime": "2018-09-05T09:07:03.000Z",
    "html": "",
    "externalScripts": "",
    "updaterUID": "bd-2680916706",
    "theme": "",
    "layout": "",
    "viewCount": 49,
    "userName": "Mc_xxlz",
    "commentCount": 0,
    "starCount": 0,
    "isStared": 0,
    "thumbnailURL": "https://www.makeapie.com/ecg-storage/ec_gallery_thumbnail/xr1gL422DX.png?v=1536138423961",
    "isCustomThumbnail": 0,
    "builtinTags": [
        "category-work",
        "grid",
        "legend",
        "series-bar",
        "title",
        "toolbox",
        "tooltip"
    ],
    "customTags": [],
    "updaterUserName": "Mc_xxlz"
}