{
    "cid": "xrkxZ1mTP7",
    "authorUid": "bd-3692871165",
    "authorUserName": "z***1",
    "title": "折线柱形图合并",
    "description": "",
    "latestVersion": 1,
    "alwaysLatest": 1,
    "createTime": "2018-09-05T09:16:40.000Z",
    "lastUpdateTime": "2018-09-05T09:16:40.000Z",
    "auth": 2,
    "uid": "bd-3692871165",
    "publishedVersion": 0,
    "forkFrom": "-",
    "isSpam": 0,
    "version": 1,
    "parentVersion": -1,
    "echartsVersion": "4.1.0",
    "versionCreateTime": "2018-09-05T09:16:40.000Z",
    "html": "",
    "externalScripts": "",
    "updaterUID": "bd-3692871165",
    "theme": "",
    "layout": "",
    "viewCount": 110,
    "userName": "z***1",
    "commentCount": 0,
    "starCount": 0,
    "isStared": 0,
    "thumbnailURL": "https://www.makeapie.com/ecg-storage/ec_gallery_thumbnail/xrkxZ1mTP7.png?v=1536139000551",
    "isCustomThumbnail": 0,
    "builtinTags": [
        "category-work",
        "grid",
        "legend",
        "series-bar",
        "series-line",
        "tooltip"
    ],
    "customTags": [],
    "updaterUserName": "z***1"
}