{
    "cid": "xrkZpZmawm",
    "authorUid": "bd-3724974333",
    "authorUserName": "m***3",
    "title": "dataset数据管理demo",
    "description": "",
    "latestVersion": 13,
    "alwaysLatest": 1,
    "createTime": "2018-09-05T09:28:24.000Z",
    "lastUpdateTime": "2018-09-05T10:01:49.000Z",
    "auth": 2,
    "uid": "bd-3724974333",
    "publishedVersion": 0,
    "forkFrom": "-",
    "isSpam": 0,
    "version": 13,
    "parentVersion": 12,
    "echartsVersion": "4.1.0",
    "versionCreateTime": "2018-09-19T14:52:24.000Z",
    "html": "",
    "externalScripts": "",
    "updaterUID": "bd-3724974333",
    "theme": "default",
    "layout": "",
    "viewCount": 117,
    "userName": "m***3",
    "commentCount": 0,
    "starCount": 0,
    "isStared": 0,
    "thumbnailURL": "https://www.makeapie.com/ecg-storage/ec_gallery_thumbnail/xrkZpZmawm.png?v=1537368744140",
    "isCustomThumbnail": 0,
    "builtinTags": [
        "category-work",
        "dataset",
        "grid",
        "legend",
        "series-line",
        "series-pie",
        "tooltip"
    ],
    "customTags": [],
    "updaterUserName": "m***3"
}