{
    "cid": "xryBK7njv7",
    "authorUid": "bd-3698239758",
    "authorUserName": "陌若安生014",
    "title": "",
    "description": "",
    "latestVersion": 1,
    "alwaysLatest": 1,
    "createTime": "2018-09-04T07:25:49.000Z",
    "lastUpdateTime": "2018-09-04T07:25:49.000Z",
    "auth": 1,
    "uid": "bd-3698239758",
    "publishedVersion": 0,
    "forkFrom": "-",
    "isSpam": 0,
    "version": 1,
    "parentVersion": -1,
    "echartsVersion": "4.1.0",
    "versionCreateTime": "2018-09-04T07:25:49.000Z",
    "html": "",
    "externalScripts": "",
    "updaterUID": "bd-3698239758",
    "theme": "",
    "layout": "",
    "viewCount": 1154,
    "userName": "陌若安生014",
    "commentCount": 0,
    "starCount": 10,
    "isStared": 0,
    "thumbnailURL": "https://www.makeapie.com/ecg-storage/ec_gallery_thumbnail/xryBK7njv7.png?v=1536045949525",
    "isCustomThumbnail": 0,
    "builtinTags": [
        "category-work",
        "grid",
        "legend",
        "series-bar",
        "tooltip"
    ],
    "customTags": [],
    "updaterUserName": "陌若安生014"
}