{
    "cid": "xSJfWTTk_Q",
    "authorUid": "bd-3427234172",
    "authorUserName": "水友1256",
    "title": "流程图",
    "description": "",
    "latestVersion": 1,
    "alwaysLatest": 1,
    "createTime": "2018-09-07T10:03:38.000Z",
    "lastUpdateTime": "2018-09-07T10:03:38.000Z",
    "auth": 2,
    "uid": "bd-3427234172",
    "publishedVersion": 0,
    "forkFrom": "-",
    "isSpam": 0,
    "version": 1,
    "parentVersion": -1,
    "echartsVersion": "4.1.0",
    "versionCreateTime": "2018-09-07T10:03:38.000Z",
    "html": "",
    "externalScripts": "",
    "updaterUID": "bd-3427234172",
    "theme": "",
    "layout": "",
    "viewCount": 1784,
    "userName": "水友1256",
    "commentCount": 0,
    "starCount": 6,
    "isStared": 0,
    "thumbnailURL": "https://www.makeapie.com/ecg-storage/ec_gallery_thumbnail/xSJfWTTk_Q.png?v=1536314618600",
    "isCustomThumbnail": 0,
    "builtinTags": [
        "category-work",
        "grid",
        "series-graph",
        "series-lines",
        "tooltip"
    ],
    "customTags": [],
    "updaterUserName": "水友1256"
}