{
    "cid": "xSJpBdtJum",
    "authorUid": "bd-1832203306",
    "authorUserName": "小***a",
    "title": "echarts 自定义词云图",
    "description": "",
    "latestVersion": 1,
    "alwaysLatest": 1,
    "createTime": "2018-09-07T05:10:28.000Z",
    "lastUpdateTime": "2018-09-07T05:10:28.000Z",
    "auth": 2,
    "uid": "bd-1832203306",
    "publishedVersion": 0,
    "forkFrom": "-",
    "isSpam": 0,
    "version": 1,
    "parentVersion": -1,
    "echartsVersion": "4.1.0",
    "versionCreateTime": "2018-09-07T05:10:28.000Z",
    "html": "",
    "externalScripts": "http://echarts.baidu.com/christmas/echarts-wordcloud.min.js",
    "updaterUID": "bd-1832203306",
    "theme": "",
    "layout": "",
    "viewCount": 761,
    "userName": "小***a",
    "commentCount": 0,
    "starCount": 3,
    "isStared": 0,
    "thumbnailURL": "https://www.makeapie.com/ecg-storage/ec_gallery_thumbnail/xSJpBdtJum.png?v=1536297028770",
    "isCustomThumbnail": 0,
    "builtinTags": [
        "category-work",
        "series-wordCloud",
        "tooltip"
    ],
    "customTags": [],
    "updaterUserName": "小***a"
}