{
    "cid": "xSkN_qJnvX",
    "authorUid": "bd-3977042860",
    "authorUserName": "英凰广场迎黄英",
    "title": "",
    "description": "【HLX】客户订单统计",
    "latestVersion": 1,
    "alwaysLatest": 1,
    "createTime": "2018-09-04T11:20:12.000Z",
    "lastUpdateTime": "2018-09-04T11:20:12.000Z",
    "auth": 2,
    "uid": "bd-3977042860",
    "publishedVersion": 0,
    "forkFrom": "-",
    "isSpam": 0,
    "version": 1,
    "parentVersion": -1,
    "echartsVersion": "4.1.0",
    "versionCreateTime": "2018-09-04T11:20:12.000Z",
    "html": "",
    "externalScripts": "",
    "updaterUID": "bd-3977042860",
    "theme": "",
    "layout": "",
    "viewCount": 40,
    "userName": "英凰广场迎黄英",
    "commentCount": 0,
    "starCount": 0,
    "isStared": 0,
    "thumbnailURL": "https://www.makeapie.com/ecg-storage/ec_gallery_thumbnail/xSkN_qJnvX.png?v=1536060012560",
    "isCustomThumbnail": 0,
    "builtinTags": [
        "category-work",
        "grid",
        "series-bar"
    ],
    "customTags": [],
    "updaterUserName": "英凰广场迎黄英"
}