{
    "cid": "xSysIl-av7",
    "authorUid": "bd-2653477717",
    "authorUserName": "梦醉仙尘",
    "title": "自定义 tooltip",
    "description": "",
    "latestVersion": 1,
    "alwaysLatest": 1,
    "createTime": "2018-09-05T07:05:54.000Z",
    "lastUpdateTime": "2018-09-05T07:05:54.000Z",
    "auth": 2,
    "uid": "bd-2653477717",
    "publishedVersion": 0,
    "forkFrom": "-",
    "isSpam": 0,
    "version": 1,
    "parentVersion": -1,
    "echartsVersion": "4.1.0",
    "versionCreateTime": "2018-09-05T07:05:54.000Z",
    "html": "",
    "externalScripts": "",
    "updaterUID": "bd-2653477717",
    "theme": "",
    "layout": "",
    "viewCount": 24,
    "userName": "梦醉仙尘",
    "commentCount": 0,
    "starCount": 0,
    "isStared": 0,
    "thumbnailURL": "https://www.makeapie.com/ecg-storage/ec_gallery_thumbnail/xSysIl-av7.png?v=1536131155035",
    "isCustomThumbnail": 0,
    "builtinTags": [
        "category-work",
        "grid",
        "series-line",
        "tooltip"
    ],
    "customTags": [],
    "updaterUserName": "梦醉仙尘"
}