{
    "cid": "xSyuqYskuX",
    "authorUid": "bd-1110193739",
    "authorUserName": "f***g",
    "title": "球加柱子",
    "description": "bar,scatter",
    "latestVersion": 3,
    "alwaysLatest": 1,
    "createTime": "2018-09-07T07:32:32.000Z",
    "lastUpdateTime": "2018-09-07T07:32:32.000Z",
    "auth": 2,
    "uid": "bd-1110193739",
    "publishedVersion": 0,
    "forkFrom": "-",
    "isSpam": 0,
    "version": 3,
    "parentVersion": 2,
    "echartsVersion": "4.1.0",
    "versionCreateTime": "2018-09-07T07:58:44.000Z",
    "html": "",
    "externalScripts": "",
    "updaterUID": "bd-1110193739",
    "theme": "dark",
    "layout": "",
    "viewCount": 299,
    "userName": "f***g",
    "commentCount": 0,
    "starCount": 0,
    "isStared": 0,
    "thumbnailURL": "https://www.makeapie.com/ecg-storage/ec_gallery_thumbnail/xSyuqYskuX.png?v=1536307124881",
    "isCustomThumbnail": 0,
    "builtinTags": [
        "category-work",
        "grid",
        "series-bar",
        "series-lines",
        "series-scatter"
    ],
    "customTags": [],
    "updaterUserName": "f***g"
}