{
    "cid": "x6ZlDOMFi4",
    "authorUid": "obd-oPeAyq58olNgWTPk9q9iacAXXgeEt9A",
    "authorUserName": "W***e",
    "title": "土地利用面积",
    "description": "",
    "latestVersion": 1,
    "alwaysLatest": 1,
    "createTime": "2020-10-08T06:51:15.000Z",
    "lastUpdateTime": "2020-10-08T06:51:15.000Z",
    "auth": 2,
    "uid": "obd-oPeAyq58olNgWTPk9q9iacAXXgeEt9A",
    "publishedVersion": 0,
    "forkFrom": "-",
    "isSpam": 0,
    "version": 1,
    "parentVersion": -1,
    "echartsVersion": "4.8.0",
    "versionCreateTime": "2020-10-08T06:51:15.000Z",
    "html": "",
    "externalScripts": "",
    "updaterUID": "obd-oPeAyq58olNgWTPk9q9iacAXXgeEt9A",
    "theme": "",
    "layout": "",
    "viewCount": 97,
    "userName": "W***e",
    "commentCount": 0,
    "starCount": 1,
    "isStared": 0,
    "thumbnailURL": "https://www.makeapie.com/ecg-storage/ec_gallery_thumbnail/x6ZlDOMFi4.png?v=1602139876026",
    "isCustomThumbnail": 0,
    "builtinTags": [
        "category-work",
        "legend",
        "series-pie",
        "title"
    ],
    "customTags": [
        "pie"
    ],
    "updaterUserName": "W***e"
}