{
    "cid": "x99VYfU0kx",
    "authorUid": "obd-oPeAyq58olNgWTPk9q9iacAXXgeEt9A",
    "authorUserName": "W***e",
    "title": "植被健康指数",
    "description": "",
    "latestVersion": 1,
    "alwaysLatest": 1,
    "createTime": "2020-10-08T06:42:19.000Z",
    "lastUpdateTime": "2020-10-08T06:42:19.000Z",
    "auth": 2,
    "uid": "obd-oPeAyq58olNgWTPk9q9iacAXXgeEt9A",
    "publishedVersion": 0,
    "forkFrom": "-",
    "isSpam": 0,
    "version": 1,
    "parentVersion": -1,
    "echartsVersion": "4.8.0",
    "versionCreateTime": "2020-10-08T06:42:19.000Z",
    "html": "",
    "externalScripts": "",
    "updaterUID": "obd-oPeAyq58olNgWTPk9q9iacAXXgeEt9A",
    "theme": "",
    "layout": "",
    "viewCount": 377,
    "userName": "W***e",
    "commentCount": 0,
    "starCount": 2,
    "isStared": 0,
    "thumbnailURL": "https://www.makeapie.com/ecg-storage/ec_gallery_thumbnail/x99VYfU0kx.png?v=1602139339497",
    "isCustomThumbnail": 0,
    "builtinTags": [
        "category-work",
        "grid",
        "legend",
        "markLine",
        "series-line",
        "title",
        "tooltip"
    ],
    "customTags": [],
    "updaterUserName": "W***e"
}