{
    "cid": "xejs625rv2",
    "authorUid": "obd-oPeAyq58olNgWTPk9q9iacAXXgeEt9A",
    "authorUserName": "W***e",
    "title": "AQI",
    "description": "",
    "latestVersion": 1,
    "alwaysLatest": 1,
    "createTime": "2020-10-08T08:29:41.000Z",
    "lastUpdateTime": "2020-10-08T08:29:41.000Z",
    "auth": 2,
    "uid": "obd-oPeAyq58olNgWTPk9q9iacAXXgeEt9A",
    "publishedVersion": 0,
    "forkFrom": "-",
    "isSpam": 0,
    "version": 1,
    "parentVersion": -1,
    "echartsVersion": "4.8.0",
    "versionCreateTime": "2020-10-08T08:29:41.000Z",
    "html": "",
    "externalScripts": "",
    "updaterUID": "obd-oPeAyq58olNgWTPk9q9iacAXXgeEt9A",
    "theme": "",
    "layout": "",
    "viewCount": 47,
    "userName": "W***e",
    "commentCount": 0,
    "starCount": 0,
    "isStared": 0,
    "thumbnailURL": "https://www.makeapie.com/ecg-storage/ec_gallery_thumbnail/xejs625rv2.png?v=1602145781267",
    "isCustomThumbnail": 0,
    "builtinTags": [
        "category-work",
        "graphic",
        "series-pie"
    ],
    "customTags": [
        "pie"
    ],
    "updaterUserName": "W***e"
}