{
    "cid": "xfrGA58xaf",
    "authorUid": "bd-1245979803",
    "authorUserName": "d***t",
    "title": "月相",
    "description": "",
    "latestVersion": 12,
    "alwaysLatest": 1,
    "createTime": "2020-10-07T07:24:01.000Z",
    "lastUpdateTime": "2020-10-07T07:24:01.000Z",
    "auth": 2,
    "uid": "bd-1245979803",
    "publishedVersion": 0,
    "forkFrom": "-",
    "isSpam": 0,
    "version": 12,
    "parentVersion": 11,
    "echartsVersion": "4.8.0",
    "versionCreateTime": "2020-10-09T02:26:08.000Z",
    "html": "",
    "externalScripts": "",
    "updaterUID": "bd-1245979803",
    "theme": "",
    "layout": "",
    "viewCount": 157,
    "userName": "d***t",
    "commentCount": 0,
    "starCount": 1,
    "isStared": 0,
    "thumbnailURL": "https://www.makeapie.com/ecg-storage/ec_gallery_thumbnail/xfrGA58xaf.png?v=1602210368502",
    "isCustomThumbnail": 0,
    "builtinTags": [
        "category-work",
        "series-graph",
        "title"
    ],
    "customTags": [],
    "updaterUserName": "d***t"
}