{
    "cid": "xhS2UiciI9",
    "authorUid": "obd-oAL5jPuXsO_hz88SF1TmCFV8LpG317F",
    "authorUserName": "鍫***绌",
    "title": "热点图",
    "description": "",
    "latestVersion": 2,
    "alwaysLatest": 1,
    "createTime": "2020-09-30T10:26:08.000Z",
    "lastUpdateTime": "2020-09-30T10:26:08.000Z",
    "auth": 2,
    "uid": "obd-oAL5jPuXsO_hz88SF1TmCFV8LpG317F",
    "publishedVersion": 0,
    "forkFrom": "-",
    "isSpam": 0,
    "version": 2,
    "parentVersion": 1,
    "echartsVersion": "4.8.0",
    "versionCreateTime": "2020-09-30T14:38:16.000Z",
    "html": "",
    "externalScripts": "",
    "updaterUID": "obd-oAL5jPuXsO_hz88SF1TmCFV8LpG317F",
    "theme": "",
    "layout": "",
    "viewCount": 64,
    "userName": "鍫***绌",
    "commentCount": 0,
    "starCount": 0,
    "isStared": 0,
    "thumbnailURL": "https://www.makeapie.com/ecg-storage/ec_gallery_thumbnail/xhS2UiciI9.png?v=1601476696306",
    "isCustomThumbnail": 0,
    "builtinTags": [
        "category-work",
        "grid",
        "series-scatter"
    ],
    "customTags": [],
    "updaterUserName": "鍫***绌"
}