{
    "cid": "xK-u8Ijc-T",
    "authorUid": "bd-2119482761",
    "authorUserName": "丶***u",
    "title": "pie",
    "description": "",
    "latestVersion": 1,
    "alwaysLatest": 1,
    "createTime": "2020-10-03T05:58:40.000Z",
    "lastUpdateTime": "2020-10-03T05:58:40.000Z",
    "auth": 2,
    "uid": "bd-2119482761",
    "publishedVersion": 0,
    "forkFrom": "-",
    "isSpam": 0,
    "version": 1,
    "parentVersion": -1,
    "echartsVersion": "4.8.0",
    "versionCreateTime": "2020-10-03T05:58:40.000Z",
    "html": "",
    "externalScripts": "",
    "updaterUID": "bd-2119482761",
    "theme": "",
    "layout": "",
    "viewCount": 77,
    "userName": "丶***u",
    "commentCount": 0,
    "starCount": 0,
    "isStared": 0,
    "thumbnailURL": "https://www.makeapie.com/ecg-storage/ec_gallery_thumbnail/xK-u8Ijc-T.png?v=1601704720277",
    "isCustomThumbnail": 0,
    "builtinTags": [
        "category-work",
        "legend",
        "series-pie",
        "title",
        "tooltip"
    ],
    "customTags": [],
    "updaterUserName": "丶***u"
}