{
    "cid": "xop6Cor23c",
    "authorUid": "bd-2050871255",
    "authorUserName": "灬***氵",
    "title": "散点图",
    "description": "",
    "latestVersion": 12,
    "alwaysLatest": 1,
    "createTime": "2020-10-08T01:59:42.000Z",
    "lastUpdateTime": "2020-10-08T01:59:42.000Z",
    "auth": 1,
    "uid": "bd-2050871255",
    "publishedVersion": 0,
    "forkFrom": "-",
    "isSpam": 0,
    "version": 12,
    "parentVersion": 11,
    "echartsVersion": "4.8.0",
    "versionCreateTime": "2020-12-30T14:38:17.000Z",
    "html": "",
    "externalScripts": "",
    "updaterUID": "obd-o2Ddx_AUt3lhB0Xp_bA04Ra5q-OzGBO",
    "theme": "",
    "layout": "",
    "viewCount": 1089,
    "userName": "灬***氵",
    "commentCount": 0,
    "starCount": 5,
    "isStared": 0,
    "thumbnailURL": "https://www.makeapie.com/ecg-storage/ec_gallery_thumbnail/xop6Cor23c.png?v=1609339097573",
    "isCustomThumbnail": 0,
    "builtinTags": [
        "category-work",
        "grid",
        "legend",
        "series-scatter",
        "tooltip"
    ],
    "customTags": [
        "category",
        "散点图"
    ],
    "updaterUserName": "c***j"
}