{
    "cid": "xR2_oCZrY8",
    "authorUid": "bd-2050871255",
    "authorUserName": "灬***氵",
    "title": "两个柱状图横向对称对比",
    "description": "",
    "latestVersion": 3,
    "alwaysLatest": 1,
    "createTime": "2020-10-06T09:30:13.000Z",
    "lastUpdateTime": "2020-11-16T07:00:59.000Z",
    "auth": 2,
    "uid": "bd-2050871255",
    "publishedVersion": 0,
    "forkFrom": "-",
    "isSpam": 0,
    "version": 3,
    "parentVersion": 2,
    "echartsVersion": "4.8.0",
    "versionCreateTime": "2020-11-16T07:01:50.000Z",
    "html": "",
    "externalScripts": "",
    "updaterUID": "bd-2050871255",
    "theme": "default",
    "layout": "",
    "viewCount": 166,
    "userName": "灬***氵",
    "commentCount": 0,
    "starCount": 1,
    "isStared": 0,
    "thumbnailURL": "https://www.makeapie.com/ecg-storage/ec_gallery_thumbnail/xR2_oCZrY8.png?v=1605510110152",
    "isCustomThumbnail": 0,
    "builtinTags": [
        "category-work",
        "grid",
        "legend",
        "series-bar",
        "tooltip"
    ],
    "customTags": [
        "bar"
    ],
    "updaterUserName": "灬***氵"
}