{
    "cid": "xTb3peYHSp",
    "authorUid": "bd-1108085009",
    "authorUserName": "y***0",
    "title": "Awesome Chart",
    "description": "",
    "latestVersion": 1,
    "alwaysLatest": 1,
    "createTime": "2020-10-03T15:53:39.000Z",
    "lastUpdateTime": "2020-10-03T15:53:39.000Z",
    "auth": 2,
    "uid": "bd-1108085009",
    "publishedVersion": 0,
    "forkFrom": "-",
    "isSpam": 0,
    "version": 1,
    "parentVersion": -1,
    "echartsVersion": "4.8.0",
    "versionCreateTime": "2020-10-03T15:53:39.000Z",
    "html": "",
    "externalScripts": "",
    "updaterUID": "bd-1108085009",
    "theme": "",
    "layout": "",
    "viewCount": 25,
    "userName": "y***0",
    "commentCount": 0,
    "starCount": 0,
    "isStared": 0,
    "thumbnailURL": "https://www.makeapie.com/ecg-storage/ec_gallery_thumbnail/xTb3peYHSp.png?v=1601740419802",
    "isCustomThumbnail": 0,
    "builtinTags": [
        "category-work",
        "grid",
        "series-line",
        "title"
    ],
    "customTags": [],
    "updaterUserName": "y***0"
}