{
    "cid": "xYaKvN-j1K",
    "authorUid": "obd-o2LyExlQoQYD8sm_-3sG5kWvXTqBFBe",
    "authorUserName": "k***5",
    "title": "炫彩科技风圆环图",
    "description": "",
    "latestVersion": 1,
    "alwaysLatest": 1,
    "createTime": "2020-09-30T08:25:57.000Z",
    "lastUpdateTime": "2020-09-30T08:25:57.000Z",
    "auth": 2,
    "uid": "obd-o2LyExlQoQYD8sm_-3sG5kWvXTqBFBe",
    "publishedVersion": 0,
    "forkFrom": "-",
    "isSpam": 0,
    "version": 1,
    "parentVersion": -1,
    "echartsVersion": "4.8.0",
    "versionCreateTime": "2020-09-30T08:25:57.000Z",
    "html": "",
    "externalScripts": "",
    "updaterUID": "obd-o2LyExlQoQYD8sm_-3sG5kWvXTqBFBe",
    "theme": "",
    "layout": "",
    "viewCount": 615,
    "userName": "k***5",
    "commentCount": 0,
    "starCount": 16,
    "isStared": 0,
    "thumbnailURL": "https://www.makeapie.com/ecg-storage/ec_gallery_thumbnail/xYaKvN-j1K.png?v=1601454358117",
    "isCustomThumbnail": 0,
    "builtinTags": [
        "category-work",
        "legend",
        "series-pie",
        "title",
        "toolbox",
        "tooltip"
    ],
    "customTags": [],
    "updaterUserName": "k***5"
}