{
    "cid": "xcLcPpZasz",
    "authorUid": "bd-306466163",
    "authorUserName": "与***醉",
    "title": "各地区各年数据统计",
    "description": "",
    "latestVersion": 1,
    "alwaysLatest": 1,
    "createTime": "2020-04-19T11:50:34.000Z",
    "lastUpdateTime": "2020-04-19T11:50:34.000Z",
    "auth": 2,
    "uid": "bd-306466163",
    "publishedVersion": 0,
    "forkFrom": "-",
    "isSpam": 0,
    "version": 1,
    "parentVersion": -1,
    "echartsVersion": "4.7.0",
    "versionCreateTime": "2020-04-19T11:50:34.000Z",
    "html": "",
    "externalScripts": "",
    "updaterUID": "bd-306466163",
    "theme": "",
    "layout": "",
    "viewCount": 1925,
    "userName": "与***醉",
    "commentCount": 0,
    "starCount": 8,
    "isStared": 0,
    "thumbnailURL": "https://www.makeapie.com/ecg-storage/ec_gallery_thumbnail/xcLcPpZasz.png?v=1587297034880",
    "isCustomThumbnail": 0,
    "builtinTags": [
        "category-work",
        "grid",
        "series-bar",
        "title",
        "tooltip"
    ],
    "customTags": [],
    "updaterUserName": "与***醉"
}