{
    "cid": "xEkK6x0ZQs",
    "authorUid": "obd-oFbGrFILH3Na7lIeMhGEEbfJU4S445q",
    "authorUserName": "逛***a",
    "title": "环形图",
    "description": "",
    "latestVersion": 1,
    "alwaysLatest": 1,
    "createTime": "2020-04-20T07:26:21.000Z",
    "lastUpdateTime": "2020-04-20T07:26:21.000Z",
    "auth": 2,
    "uid": "obd-oFbGrFILH3Na7lIeMhGEEbfJU4S445q",
    "publishedVersion": 0,
    "forkFrom": "-",
    "isSpam": 0,
    "version": 1,
    "parentVersion": -1,
    "echartsVersion": "4.7.0",
    "versionCreateTime": "2020-04-20T07:26:21.000Z",
    "html": "",
    "externalScripts": "",
    "updaterUID": "obd-oFbGrFILH3Na7lIeMhGEEbfJU4S445q",
    "theme": "",
    "layout": "",
    "viewCount": 131,
    "userName": "逛***a",
    "commentCount": 0,
    "starCount": 1,
    "isStared": 0,
    "thumbnailURL": "https://www.makeapie.com/ecg-storage/ec_gallery_thumbnail/xEkK6x0ZQs.png?v=1587367582010",
    "isCustomThumbnail": 0,
    "builtinTags": [
        "category-work",
        "legend",
        "series-pie"
    ],
    "customTags": [],
    "updaterUserName": "逛***a"
}