{
    "cid": "xhPLzEXgoq",
    "authorUid": "bd-171648521",
    "authorUserName": "绿***绿",
    "title": "",
    "description": "折线图，折线点闪烁\n",
    "latestVersion": 1,
    "alwaysLatest": 1,
    "createTime": "2020-04-17T09:24:16.000Z",
    "lastUpdateTime": "2020-04-17T09:24:16.000Z",
    "auth": 2,
    "uid": "bd-171648521",
    "publishedVersion": 0,
    "forkFrom": "-",
    "isSpam": 0,
    "version": 1,
    "parentVersion": -1,
    "echartsVersion": "4.7.0",
    "versionCreateTime": "2020-04-17T09:24:16.000Z",
    "html": "",
    "externalScripts": "",
    "updaterUID": "bd-171648521",
    "theme": "",
    "layout": "",
    "viewCount": 127,
    "userName": "绿***绿",
    "commentCount": 0,
    "starCount": 0,
    "isStared": 0,
    "thumbnailURL": "https://www.makeapie.com/ecg-storage/ec_gallery_thumbnail/xhPLzEXgoq.png?v=1587115456969",
    "isCustomThumbnail": 0,
    "builtinTags": [
        "category-work",
        "grid",
        "series-effectScatter",
        "series-line"
    ],
    "customTags": [],
    "updaterUserName": "绿***绿"
}