{
    "cid": "xHyWNGD6xB",
    "authorUid": "bd-6442928284",
    "authorUserName": "流***r",
    "title": "quan",
    "description": "",
    "latestVersion": 6,
    "alwaysLatest": 1,
    "createTime": "2020-04-16T06:35:09.000Z",
    "lastUpdateTime": "2020-04-16T06:35:09.000Z",
    "auth": 2,
    "uid": "bd-6442928284",
    "publishedVersion": 0,
    "forkFrom": "-",
    "isSpam": 0,
    "version": 6,
    "parentVersion": 5,
    "echartsVersion": "4.7.0",
    "versionCreateTime": "2020-04-26T07:31:57.000Z",
    "html": "",
    "externalScripts": "",
    "updaterUID": "bd-6442928284",
    "theme": "",
    "layout": "",
    "viewCount": 162,
    "userName": "流***r",
    "commentCount": 0,
    "starCount": 0,
    "isStared": 0,
    "thumbnailURL": "https://www.makeapie.com/ecg-storage/ec_gallery_thumbnail/xHyWNGD6xB.png?v=1587886317366",
    "isCustomThumbnail": 0,
    "builtinTags": [
        "category-work",
        "dataZoom",
        "grid",
        "markPoint",
        "series-line",
        "title",
        "toolbox",
        "tooltip"
    ],
    "customTags": [],
    "updaterUserName": "流***r"
}