{
    "cid": "xilgg5wfjJ",
    "authorUid": "obd-oPbAMddlPDKY94V-WVmcFnAeUOvXb9c",
    "authorUserName": "g***6",
    "title": "进出口主要货物对比（2018）ym",
    "description": "",
    "latestVersion": 9,
    "alwaysLatest": 1,
    "createTime": "2020-04-16T02:47:01.000Z",
    "lastUpdateTime": "2020-04-16T02:47:01.000Z",
    "auth": 2,
    "uid": "obd-oPbAMddlPDKY94V-WVmcFnAeUOvXb9c",
    "publishedVersion": 0,
    "forkFrom": "-",
    "isSpam": 0,
    "version": 9,
    "parentVersion": 5,
    "echartsVersion": "4.7.0",
    "versionCreateTime": "2020-04-16T03:04:06.000Z",
    "html": "",
    "externalScripts": "",
    "updaterUID": "obd-oPbAMddlPDKY94V-WVmcFnAeUOvXb9c",
    "theme": "",
    "layout": "",
    "viewCount": 266,
    "userName": "g***6",
    "commentCount": 0,
    "starCount": 1,
    "isStared": 0,
    "thumbnailURL": "https://www.makeapie.com/ecg-storage/ec_gallery_thumbnail/xilgg5wfjJ.png?v=1587006246387",
    "isCustomThumbnail": 0,
    "builtinTags": [
        "category-work",
        "series-treemap",
        "title",
        "tooltip"
    ],
    "customTags": [],
    "updaterUserName": "g***6"
}