{
    "cid": "xp5G-HSR8P",
    "authorUid": "obd-oDLZT-ANGOM_crm6HzvE8nnZ-0QYp1S",
    "authorUserName": "三***4",
    "title": "无title，无legend圆饼图",
    "description": "自己的模板",
    "latestVersion": 1,
    "alwaysLatest": 1,
    "createTime": "2020-04-20T07:31:38.000Z",
    "lastUpdateTime": "2020-04-20T07:31:38.000Z",
    "auth": 2,
    "uid": "obd-oDLZT-ANGOM_crm6HzvE8nnZ-0QYp1S",
    "publishedVersion": 0,
    "forkFrom": "-",
    "isSpam": 0,
    "version": 1,
    "parentVersion": -1,
    "echartsVersion": "4.7.0",
    "versionCreateTime": "2020-04-20T07:31:38.000Z",
    "html": "",
    "externalScripts": "",
    "updaterUID": "obd-oDLZT-ANGOM_crm6HzvE8nnZ-0QYp1S",
    "theme": "dark",
    "layout": "",
    "viewCount": 1424,
    "userName": "三***4",
    "commentCount": 0,
    "starCount": 6,
    "isStared": 0,
    "thumbnailURL": "https://www.makeapie.com/ecg-storage/ec_gallery_thumbnail/xp5G-HSR8P.png?v=1587367898231",
    "isCustomThumbnail": 0,
    "builtinTags": [
        "category-work",
        "series-pie",
        "tooltip"
    ],
    "customTags": [],
    "updaterUserName": "三***4"
}