{
    "cid": "xSQD31W-4d",
    "authorUid": "bd-4197577759",
    "authorUserName": "p***z",
    "title": "顶部分组",
    "description": "",
    "latestVersion": 3,
    "alwaysLatest": 1,
    "createTime": "2020-04-20T06:53:07.000Z",
    "lastUpdateTime": "2020-04-20T06:53:07.000Z",
    "auth": 2,
    "uid": "bd-4197577759",
    "publishedVersion": 0,
    "forkFrom": "-",
    "isSpam": 0,
    "version": 3,
    "parentVersion": 2,
    "echartsVersion": "4.7.0",
    "versionCreateTime": "2020-04-20T09:19:32.000Z",
    "html": "",
    "externalScripts": "",
    "updaterUID": "bd-4197577759",
    "theme": "",
    "layout": "",
    "viewCount": 182,
    "userName": "p***z",
    "commentCount": 0,
    "starCount": 0,
    "isStared": 0,
    "thumbnailURL": "https://www.makeapie.com/ecg-storage/ec_gallery_thumbnail/xSQD31W-4d.png?v=1587374372907",
    "isCustomThumbnail": 0,
    "builtinTags": [
        "category-work",
        "dataZoom",
        "grid",
        "legend",
        "series-bar",
        "series-scatter",
        "tooltip"
    ],
    "customTags": [],
    "updaterUserName": "p***z"
}