{
    "cid": "xTZRE61e_a",
    "authorUid": "obd-oFOGm8j8dOFX-ppI7ZzDk60Mk6k0e51",
    "authorUserName": "183*****308",
    "title": "第二分区 考核表与计量表日差值分析",
    "description": "",
    "latestVersion": 2,
    "alwaysLatest": 1,
    "createTime": "2020-04-18T03:48:33.000Z",
    "lastUpdateTime": "2020-04-18T03:48:33.000Z",
    "auth": 1,
    "uid": "obd-oFOGm8j8dOFX-ppI7ZzDk60Mk6k0e51",
    "publishedVersion": 0,
    "forkFrom": "-",
    "isSpam": 0,
    "version": 2,
    "parentVersion": 1,
    "echartsVersion": "4.7.0",
    "versionCreateTime": "2020-04-18T03:54:45.000Z",
    "html": "",
    "externalScripts": "",
    "updaterUID": "obd-oFOGm8j8dOFX-ppI7ZzDk60Mk6k0e51",
    "theme": "",
    "layout": "",
    "viewCount": 166,
    "userName": "183*****308",
    "commentCount": 0,
    "starCount": 2,
    "isStared": 0,
    "thumbnailURL": "https://www.makeapie.com/ecg-storage/ec_gallery_thumbnail/xTZRE61e_a.png?v=1587182085444",
    "isCustomThumbnail": 0,
    "builtinTags": [
        "category-work",
        "grid",
        "legend",
        "series-bar",
        "series-line",
        "series-pictorialBar",
        "title",
        "tooltip"
    ],
    "customTags": [],
    "updaterUserName": "183*****308"
}