{
    "cid": "xvMiXZ5pii",
    "authorUid": "bd-2040330552",
    "authorUserName": "草***哥",
    "title": "lr_time_acc",
    "description": "",
    "latestVersion": 1,
    "alwaysLatest": 1,
    "createTime": "2020-04-17T02:57:22.000Z",
    "lastUpdateTime": "2020-04-17T02:57:22.000Z",
    "auth": 2,
    "uid": "bd-2040330552",
    "publishedVersion": 0,
    "forkFrom": "-",
    "isSpam": 0,
    "version": 1,
    "parentVersion": -1,
    "echartsVersion": "4.7.0",
    "versionCreateTime": "2020-04-17T02:57:22.000Z",
    "html": "",
    "externalScripts": "",
    "updaterUID": "bd-2040330552",
    "theme": "",
    "layout": "",
    "viewCount": 131,
    "userName": "草***哥",
    "commentCount": 0,
    "starCount": 1,
    "isStared": 0,
    "thumbnailURL": "https://www.makeapie.com/ecg-storage/ec_gallery_thumbnail/xvMiXZ5pii.png?v=1587092242382",
    "isCustomThumbnail": 0,
    "builtinTags": [
        "category-work",
        "grid",
        "legend",
        "markPoint",
        "series-line",
        "tooltip"
    ],
    "customTags": [],
    "updaterUserName": "草***哥"
}