{
    "cid": "xx7349xGZ3",
    "authorUid": "bd-4197577759",
    "authorUserName": "p***z",
    "title": "顶部分组",
    "description": "",
    "latestVersion": 1,
    "alwaysLatest": 1,
    "createTime": "2020-04-20T07:19:50.000Z",
    "lastUpdateTime": "2020-04-20T07:19:50.000Z",
    "auth": 2,
    "uid": "bd-4197577759",
    "publishedVersion": 0,
    "forkFrom": "-",
    "isSpam": 0,
    "version": 1,
    "parentVersion": -1,
    "echartsVersion": "4.7.0",
    "versionCreateTime": "2020-04-20T07:19:50.000Z",
    "html": "",
    "externalScripts": "",
    "updaterUID": "bd-4197577759",
    "theme": "",
    "layout": "",
    "viewCount": 258,
    "userName": "p***z",
    "commentCount": 0,
    "starCount": 2,
    "isStared": 0,
    "thumbnailURL": "https://www.makeapie.com/ecg-storage/ec_gallery_thumbnail/xx7349xGZ3.png?v=1587367190384",
    "isCustomThumbnail": 0,
    "builtinTags": [
        "category-work",
        "dataZoom",
        "grid",
        "legend",
        "series-bar",
        "series-scatter",
        "tooltip"
    ],
    "customTags": [],
    "updaterUserName": "p***z"
}