{
    "cid": "xxvHzVES23",
    "authorUid": "obd-ojpTwcE1Uhs9hd4AwntSx-Oq7bkD1D3",
    "authorUserName": "安***e",
    "title": "TUST tags",
    "description": "WSJ 001-300",
    "latestVersion": 1,
    "alwaysLatest": 1,
    "createTime": "2020-04-19T11:50:00.000Z",
    "lastUpdateTime": "2020-04-19T11:50:00.000Z",
    "auth": 2,
    "uid": "obd-ojpTwcE1Uhs9hd4AwntSx-Oq7bkD1D3",
    "publishedVersion": 0,
    "forkFrom": "-",
    "isSpam": 0,
    "version": 1,
    "parentVersion": -1,
    "echartsVersion": "4.7.0",
    "versionCreateTime": "2020-04-19T11:50:00.000Z",
    "html": "",
    "externalScripts": "",
    "updaterUID": "obd-ojpTwcE1Uhs9hd4AwntSx-Oq7bkD1D3",
    "theme": "",
    "layout": "",
    "viewCount": 44,
    "userName": "安***e",
    "commentCount": 0,
    "starCount": 0,
    "isStared": 0,
    "thumbnailURL": "https://www.makeapie.com/ecg-storage/ec_gallery_thumbnail/xxvHzVES23.png?v=1587297000945",
    "isCustomThumbnail": 0,
    "builtinTags": [
        "category-work",
        "grid",
        "legend",
        "series-bar",
        "title",
        "toolbox",
        "tooltip"
    ],
    "customTags": [],
    "updaterUserName": "安***e"
}