{
    "cid": "xZo37vCfI4",
    "authorUid": "bd-3291811936",
    "authorUserName": "陈***0",
    "title": "广东热力地图",
    "description": "广东热力地图",
    "latestVersion": 1,
    "alwaysLatest": 1,
    "createTime": "2020-04-17T03:11:00.000Z",
    "lastUpdateTime": "2020-04-17T03:11:00.000Z",
    "auth": 2,
    "uid": "bd-3291811936",
    "publishedVersion": 0,
    "forkFrom": "-",
    "isSpam": 0,
    "version": 1,
    "parentVersion": -1,
    "echartsVersion": "4.7.0",
    "versionCreateTime": "2020-04-17T03:11:00.000Z",
    "html": "",
    "externalScripts": "",
    "updaterUID": "bd-3291811936",
    "theme": "",
    "layout": "",
    "viewCount": 1352,
    "userName": "陈***0",
    "commentCount": 0,
    "starCount": 6,
    "isStared": 0,
    "thumbnailURL": "https://www.makeapie.com/ecg-storage/ec_gallery_thumbnail/xZo37vCfI4.png?v=1587093060670",
    "isCustomThumbnail": 0,
    "builtinTags": [
        "category-work",
        "geo",
        "series-heatmap",
        "tooltip",
        "visualMap"
    ],
    "customTags": [],
    "updaterUserName": "陈***0"
}