{
    "cid": "x51y3SS2x",
    "authorUid": "bd-4145369206",
    "authorUserName": "→***→",
    "title": "1990",
    "description": "",
    "latestVersion": 3,
    "alwaysLatest": 1,
    "createTime": "2019-12-24T07:28:32.000Z",
    "lastUpdateTime": "2019-12-24T07:28:32.000Z",
    "auth": 1,
    "uid": "bd-4145369206",
    "publishedVersion": 0,
    "forkFrom": "-",
    "isSpam": 0,
    "version": 3,
    "parentVersion": 2,
    "echartsVersion": "4.7.0",
    "versionCreateTime": "2020-04-12T08:32:42.000Z",
    "html": "",
    "externalScripts": "",
    "updaterUID": "obd-o0gOi0DN7s52zfTBRpo9HIn6PpLEOFp",
    "theme": "",
    "layout": "",
    "viewCount": 263,
    "userName": "→***→",
    "commentCount": 0,
    "starCount": 0,
    "isStared": 0,
    "thumbnailURL": "https://www.makeapie.com/ecg-storage/ec_gallery_thumbnail/x51y3SS2x.png?v=1586680362155",
    "isCustomThumbnail": 0,
    "builtinTags": [
        "category-work",
        "grid",
        "legend",
        "series-scatter",
        "timeline",
        "title"
    ],
    "customTags": [],
    "updaterUserName": "n***x"
}