{
    "cid": "x5yFcZ0BH",
    "authorUid": "bd-2702188982",
    "authorUserName": "王***财",
    "title": "组合柱状图大比拼",
    "description": "主要是实现组合柱状图在一个示例中进行展示",
    "latestVersion": 1,
    "alwaysLatest": 1,
    "createTime": "2019-12-24T09:48:52.000Z",
    "lastUpdateTime": "2019-12-24T09:48:52.000Z",
    "auth": 2,
    "uid": "bd-2702188982",
    "publishedVersion": 0,
    "forkFrom": "-",
    "isSpam": 0,
    "version": 1,
    "parentVersion": -1,
    "echartsVersion": "4.4.0",
    "versionCreateTime": "2019-12-24T09:48:52.000Z",
    "html": "",
    "externalScripts": "",
    "updaterUID": "bd-2702188982",
    "theme": "",
    "layout": "",
    "viewCount": 439,
    "userName": "王***财",
    "commentCount": 0,
    "starCount": 3,
    "isStared": 0,
    "thumbnailURL": "https://www.makeapie.com/ecg-storage/ec_gallery_thumbnail/x5yFcZ0BH.png?v=1577180932763",
    "isCustomThumbnail": 0,
    "builtinTags": [
        "category-work",
        "grid",
        "legend",
        "series-bar",
        "title",
        "toolbox",
        "tooltip"
    ],
    "customTags": [],
    "updaterUserName": "王***财"
}