{
    "cid": "x7zOAQ0PD",
    "authorUid": "bd-2115128819",
    "authorUserName": "2***k",
    "title": "则线图",
    "description": "demo",
    "latestVersion": 1,
    "alwaysLatest": 1,
    "createTime": "2019-12-26T02:51:05.000Z",
    "lastUpdateTime": "2019-12-26T02:51:05.000Z",
    "auth": 2,
    "uid": "bd-2115128819",
    "publishedVersion": 0,
    "forkFrom": "-",
    "isSpam": 0,
    "version": 1,
    "parentVersion": -1,
    "echartsVersion": "4.4.0",
    "versionCreateTime": "2019-12-26T02:51:05.000Z",
    "html": "",
    "externalScripts": "",
    "updaterUID": "bd-2115128819",
    "theme": "",
    "layout": "",
    "viewCount": 19,
    "userName": "2***k",
    "commentCount": 0,
    "starCount": 0,
    "isStared": 0,
    "thumbnailURL": "https://www.makeapie.com/ecg-storage/ec_gallery_thumbnail/x7zOAQ0PD.png?v=1577328665275",
    "isCustomThumbnail": 0,
    "builtinTags": [
        "category-work",
        "grid",
        "series-line",
        "title"
    ],
    "customTags": [],
    "updaterUserName": "2***k"
}