{
    "cid": "x8kh5qZuq",
    "authorUid": "bd-51993056",
    "authorUserName": "凌***少",
    "title": "北京市新能源汽车地图",
    "description": "时间周期：2017.01.01——2019.12.30",
    "latestVersion": 1,
    "alwaysLatest": 1,
    "createTime": "2019-12-26T00:58:28.000Z",
    "lastUpdateTime": "2019-12-26T00:58:28.000Z",
    "auth": 2,
    "uid": "bd-51993056",
    "publishedVersion": 0,
    "forkFrom": "-",
    "isSpam": 0,
    "version": 1,
    "parentVersion": -1,
    "echartsVersion": "4.4.0",
    "versionCreateTime": "2019-12-26T00:58:28.000Z",
    "html": "",
    "externalScripts": "",
    "updaterUID": "bd-51993056",
    "theme": "",
    "layout": "",
    "viewCount": 1045,
    "userName": "凌***少",
    "commentCount": 0,
    "starCount": 3,
    "isStared": 0,
    "thumbnailURL": "https://www.makeapie.com/ecg-storage/ec_gallery_thumbnail/x8kh5qZuq.png?v=1577321909076",
    "isCustomThumbnail": 0,
    "builtinTags": [
        "category-work",
        "series-map",
        "title",
        "visualMap"
    ],
    "customTags": [],
    "updaterUserName": "凌***少"
}