{
    "cid": "x_WGZCk4f",
    "authorUid": "bd-1594930834",
    "authorUserName": "j***2",
    "title": "组织结构图",
    "description": "组织结构图",
    "latestVersion": 7,
    "alwaysLatest": 1,
    "createTime": "2019-12-25T08:04:38.000Z",
    "lastUpdateTime": "2019-12-25T08:04:38.000Z",
    "auth": 2,
    "uid": "bd-1594930834",
    "publishedVersion": 0,
    "forkFrom": "-",
    "isSpam": 0,
    "version": 7,
    "parentVersion": 6,
    "echartsVersion": "4.4.0",
    "versionCreateTime": "2019-12-26T02:53:14.000Z",
    "html": "",
    "externalScripts": "",
    "updaterUID": "bd-1594930834",
    "theme": "",
    "layout": "",
    "viewCount": 703,
    "userName": "j***2",
    "commentCount": 0,
    "starCount": 3,
    "isStared": 0,
    "thumbnailURL": "https://www.makeapie.com/ecg-storage/ec_gallery_thumbnail/x_WGZCk4f.png?v=1577328794551",
    "isCustomThumbnail": 0,
    "builtinTags": [
        "category-work",
        "series-tree",
        "title",
        "toolbox"
    ],
    "customTags": [],
    "updaterUserName": "j***2"
}