{
    "cid": "xACPmny7o",
    "authorUid": "bd-51993056",
    "authorUserName": "凌***少",
    "title": "京津冀地图",
    "description": "",
    "latestVersion": 1,
    "alwaysLatest": 1,
    "createTime": "2019-12-26T02:24:12.000Z",
    "lastUpdateTime": "2019-12-26T02:24:12.000Z",
    "auth": 2,
    "uid": "bd-51993056",
    "publishedVersion": 0,
    "forkFrom": "-",
    "isSpam": 0,
    "version": 1,
    "parentVersion": -1,
    "echartsVersion": "4.4.0",
    "versionCreateTime": "2019-12-26T02:24:12.000Z",
    "html": "",
    "externalScripts": "",
    "updaterUID": "bd-51993056",
    "theme": "dark",
    "layout": "",
    "viewCount": 2585,
    "userName": "凌***少",
    "commentCount": 1,
    "starCount": 8,
    "isStared": 0,
    "thumbnailURL": "https://www.makeapie.com/ecg-storage/ec_gallery_thumbnail/xACPmny7o.png?v=1577327052926",
    "isCustomThumbnail": 0,
    "builtinTags": [
        "category-work",
        "geo",
        "legend",
        "series-effectScatter",
        "series-map",
        "title",
        "toolbox",
        "tooltip",
        "visualMap"
    ],
    "customTags": [],
    "updaterUserName": "凌***少"
}