{
    "cid": "xFhFUNsM9",
    "authorUid": "bd-4182976038",
    "authorUserName": "大***G",
    "title": "树形网状图",
    "description": "",
    "latestVersion": 6,
    "alwaysLatest": 1,
    "createTime": "2019-12-24T11:37:23.000Z",
    "lastUpdateTime": "2019-12-24T11:37:23.000Z",
    "auth": 1,
    "uid": "bd-4182976038",
    "publishedVersion": 0,
    "forkFrom": "-",
    "isSpam": 0,
    "version": 6,
    "parentVersion": 5,
    "echartsVersion": "4.8.0",
    "versionCreateTime": "2020-11-07T14:57:06.000Z",
    "html": "",
    "externalScripts": "",
    "updaterUID": "bd-4182976038",
    "theme": "",
    "layout": "",
    "viewCount": 339,
    "userName": "大***G",
    "commentCount": 0,
    "starCount": 0,
    "isStared": 0,
    "thumbnailURL": "https://www.makeapie.com/ecg-storage/ec_gallery_thumbnail/xFhFUNsM9.png?v=1604761026317",
    "isCustomThumbnail": 0,
    "builtinTags": [
        "category-work",
        "series-tree",
        "tooltip"
    ],
    "customTags": [],
    "updaterUserName": "大***G"
}