{
    "cid": "xHOZCCuRj",
    "authorUid": "bd-51993056",
    "authorUserName": "凌***少",
    "title": "北京市顺义区新能源企业地图",
    "description": "",
    "latestVersion": 2,
    "alwaysLatest": 1,
    "createTime": "2019-12-26T01:29:34.000Z",
    "lastUpdateTime": "2019-12-26T01:29:34.000Z",
    "auth": 2,
    "uid": "bd-51993056",
    "publishedVersion": 0,
    "forkFrom": "-",
    "isSpam": 0,
    "version": 2,
    "parentVersion": 1,
    "echartsVersion": "4.4.0",
    "versionCreateTime": "2019-12-26T02:14:31.000Z",
    "html": "",
    "externalScripts": "",
    "updaterUID": "bd-51993056",
    "theme": "",
    "layout": "",
    "viewCount": 112,
    "userName": "凌***少",
    "commentCount": 0,
    "starCount": 0,
    "isStared": 0,
    "thumbnailURL": "https://www.makeapie.com/ecg-storage/ec_gallery_thumbnail/xHOZCCuRj.png?v=1577326471224",
    "isCustomThumbnail": 0,
    "builtinTags": [
        "category-work",
        "series-map",
        "title",
        "visualMap"
    ],
    "customTags": [],
    "updaterUserName": "凌***少"
}