{
    "cid": "xkHXcbSP9",
    "authorUid": "bd-822109069",
    "authorUserName": "x***e",
    "title": "堆叠图",
    "description": "cesium",
    "latestVersion": 3,
    "alwaysLatest": 1,
    "createTime": "2019-12-26T03:26:33.000Z",
    "lastUpdateTime": "2019-12-26T03:26:33.000Z",
    "auth": 2,
    "uid": "bd-822109069",
    "publishedVersion": 0,
    "forkFrom": "-",
    "isSpam": 0,
    "version": 3,
    "parentVersion": 2,
    "echartsVersion": "4.4.0",
    "versionCreateTime": "2019-12-26T03:53:17.000Z",
    "html": "",
    "externalScripts": "",
    "updaterUID": "bd-822109069",
    "theme": "",
    "layout": "",
    "viewCount": 186,
    "userName": "x***e",
    "commentCount": 0,
    "starCount": 0,
    "isStared": 0,
    "thumbnailURL": "https://www.makeapie.com/ecg-storage/ec_gallery_thumbnail/xkHXcbSP9.png?v=1577332398078",
    "isCustomThumbnail": 0,
    "builtinTags": [
        "category-work",
        "grid",
        "legend",
        "series-bar",
        "tooltip"
    ],
    "customTags": [],
    "updaterUserName": "x***e"
}