{
    "cid": "xmGBJ7Rjl",
    "authorUid": "bd-2643938469",
    "authorUserName": "181*****192",
    "title": "阿拉丁数据变化",
    "description": "阿拉丁历史数据数据变化",
    "latestVersion": 4,
    "alwaysLatest": 1,
    "createTime": "2019-12-25T06:27:45.000Z",
    "lastUpdateTime": "2019-12-25T06:27:45.000Z",
    "auth": 1,
    "uid": "bd-2643938469",
    "publishedVersion": 0,
    "forkFrom": "-",
    "isSpam": 0,
    "version": 4,
    "parentVersion": 3,
    "echartsVersion": "4.8.0",
    "versionCreateTime": "2020-12-16T03:36:12.000Z",
    "html": "",
    "externalScripts": "",
    "updaterUID": "obd-ojpMX9paK_2FDIWOippzqKaC1q8ZyDk",
    "theme": "",
    "layout": "",
    "viewCount": 1631,
    "userName": "181*****192",
    "commentCount": 2,
    "starCount": 5,
    "isStared": 0,
    "thumbnailURL": "https://www.makeapie.com/ecg-storage/ec_gallery_thumbnail/xmGBJ7Rjl.png?v=1608089772726",
    "isCustomThumbnail": 0,
    "builtinTags": [
        "category-work",
        "geo",
        "grid",
        "series-bar",
        "series-effectScatter",
        "series-map",
        "series-scatter",
        "timeline",
        "title",
        "tooltip"
    ],
    "customTags": [
        "历史",
        "变化"
    ],
    "updaterUserName": "流***夏"
}