{
    "cid": "xSeAi4rno",
    "authorUid": "bd-2741402128",
    "authorUserName": "慕***晨",
    "title": "柱形图-堆叠效果",
    "description": "barGap这个属性的使用",
    "latestVersion": 2,
    "alwaysLatest": 1,
    "createTime": "2019-12-25T10:04:45.000Z",
    "lastUpdateTime": "2019-12-25T10:04:45.000Z",
    "auth": 2,
    "uid": "bd-2741402128",
    "publishedVersion": 0,
    "forkFrom": "-",
    "isSpam": 0,
    "version": 2,
    "parentVersion": 1,
    "echartsVersion": "4.4.0",
    "versionCreateTime": "2019-12-25T10:06:05.000Z",
    "html": "",
    "externalScripts": "",
    "updaterUID": "bd-2741402128",
    "theme": "",
    "layout": "",
    "viewCount": 132,
    "userName": "慕***晨",
    "commentCount": 0,
    "starCount": 1,
    "isStared": 0,
    "thumbnailURL": "https://www.makeapie.com/ecg-storage/ec_gallery_thumbnail/xSeAi4rno.png?v=1577268365940",
    "isCustomThumbnail": 0,
    "builtinTags": [
        "category-work",
        "grid",
        "legend",
        "series-bar",
        "tooltip"
    ],
    "customTags": [],
    "updaterUserName": "慕***晨"
}