{
    "cid": "xtsFIMU7D",
    "authorUid": "bd-749254193",
    "authorUserName": "欧***一",
    "title": "月计划销气量和月实际销气量对比",
    "description": "",
    "latestVersion": 1,
    "alwaysLatest": 1,
    "createTime": "2019-12-25T07:06:18.000Z",
    "lastUpdateTime": "2019-12-25T07:06:18.000Z",
    "auth": 2,
    "uid": "bd-749254193",
    "publishedVersion": 0,
    "forkFrom": "-",
    "isSpam": 0,
    "version": 1,
    "parentVersion": -1,
    "echartsVersion": "4.4.0",
    "versionCreateTime": "2019-12-25T07:06:18.000Z",
    "html": "",
    "externalScripts": "",
    "updaterUID": "bd-749254193",
    "theme": "",
    "layout": "",
    "viewCount": 146,
    "userName": "欧***一",
    "commentCount": 0,
    "starCount": 1,
    "isStared": 0,
    "thumbnailURL": "https://www.makeapie.com/ecg-storage/ec_gallery_thumbnail/xtsFIMU7D.png?v=1577257578874",
    "isCustomThumbnail": 0,
    "builtinTags": [
        "category-work",
        "grid",
        "legend",
        "series-line",
        "title",
        "tooltip"
    ],
    "customTags": [],
    "updaterUserName": "欧***一"
}