{
    "cid": "xvayiPSUH",
    "authorUid": "bd-51993056",
    "authorUserName": "凌***少",
    "title": "中国地图按区域划分",
    "description": "按区域划分",
    "latestVersion": 1,
    "alwaysLatest": 1,
    "createTime": "2019-12-26T01:18:27.000Z",
    "lastUpdateTime": "2019-12-26T01:18:27.000Z",
    "auth": 2,
    "uid": "bd-51993056",
    "publishedVersion": 0,
    "forkFrom": "-",
    "isSpam": 0,
    "version": 1,
    "parentVersion": -1,
    "echartsVersion": "4.4.0",
    "versionCreateTime": "2019-12-26T01:18:27.000Z",
    "html": "",
    "externalScripts": "",
    "updaterUID": "bd-51993056",
    "theme": "",
    "layout": "",
    "viewCount": 791,
    "userName": "凌***少",
    "commentCount": 0,
    "starCount": 4,
    "isStared": 0,
    "thumbnailURL": "https://www.makeapie.com/ecg-storage/ec_gallery_thumbnail/xvayiPSUH.png?v=1577323108153",
    "isCustomThumbnail": 0,
    "builtinTags": [
        "category-work",
        "geo",
        "graphic",
        "series-effectScatter",
        "series-map",
        "tooltip",
        "visualMap"
    ],
    "customTags": [],
    "updaterUserName": "凌***少"
}