{
    "cid": "xvrg13-jS",
    "authorUid": "bd-1743862202",
    "authorUserName": "185******99",
    "title": "单柱",
    "description": "",
    "latestVersion": 1,
    "alwaysLatest": 1,
    "createTime": "2019-12-24T10:20:41.000Z",
    "lastUpdateTime": "2019-12-24T10:20:41.000Z",
    "auth": 2,
    "uid": "bd-1743862202",
    "publishedVersion": 0,
    "forkFrom": "-",
    "isSpam": 0,
    "version": 1,
    "parentVersion": -1,
    "echartsVersion": "4.4.0",
    "versionCreateTime": "2019-12-24T10:20:41.000Z",
    "html": "",
    "externalScripts": "",
    "updaterUID": "bd-1743862202",
    "theme": "",
    "layout": "",
    "viewCount": 143,
    "userName": "185******99",
    "commentCount": 0,
    "starCount": 1,
    "isStared": 0,
    "thumbnailURL": "https://www.makeapie.com/ecg-storage/ec_gallery_thumbnail/xvrg13-jS.png?v=1577182841301",
    "isCustomThumbnail": 0,
    "builtinTags": [
        "category-work",
        "grid",
        "series-bar",
        "series-pictorialBar",
        "title"
    ],
    "customTags": [],
    "updaterUserName": "185******99"
}