{
    "cid": "xB1cgUOpOMm",
    "authorUid": "bd-1443642487",
    "authorUserName": "狂***书",
    "title": "人事变动趋势",
    "description": "人事变动趋势",
    "latestVersion": 4,
    "alwaysLatest": 1,
    "createTime": "2018-07-03T09:56:24.000Z",
    "lastUpdateTime": "2018-07-03T09:56:24.000Z",
    "auth": 2,
    "uid": "bd-1443642487",
    "publishedVersion": 0,
    "forkFrom": "-",
    "isSpam": 0,
    "version": 4,
    "parentVersion": 3,
    "echartsVersion": "4.1.0",
    "versionCreateTime": "2018-09-08T05:53:58.000Z",
    "html": "",
    "externalScripts": "",
    "updaterUID": "bd-1443642487",
    "theme": "",
    "layout": "",
    "viewCount": 465,
    "userName": "狂***书",
    "commentCount": 0,
    "starCount": 2,
    "isStared": 0,
    "thumbnailURL": "https://www.makeapie.com/ecg-storage/ec_gallery_thumbnail/xB1cgUOpOMm.png?v=1536386038986",
    "isCustomThumbnail": 0,
    "builtinTags": [
        "category-work",
        "grid",
        "legend",
        "series-line",
        "title",
        "tooltip"
    ],
    "customTags": [],
    "updaterUserName": "狂***书"
}