{
    "cid": "xB1LgCuozQ",
    "authorUid": "bd-3990257290",
    "authorUserName": "w***T",
    "title": "多表布局",
    "description": "",
    "latestVersion": 1,
    "alwaysLatest": 1,
    "createTime": "2018-07-05T11:15:58.000Z",
    "lastUpdateTime": "2018-07-05T11:15:58.000Z",
    "auth": 2,
    "uid": "bd-3990257290",
    "publishedVersion": 0,
    "forkFrom": "-",
    "isSpam": 0,
    "version": 1,
    "parentVersion": -1,
    "echartsVersion": "4.1.0",
    "versionCreateTime": "2018-07-05T11:15:58.000Z",
    "html": "",
    "externalScripts": "",
    "updaterUID": "bd-3990257290",
    "theme": "",
    "layout": "{\"name\":\"NxM\",\"width\":[\"50%\",\"50%\"],\"height\":[\"33.33%\",\"33.33%\",\"33.33%\"]}",
    "viewCount": 5133,
    "userName": "w***T",
    "commentCount": 0,
    "starCount": 12,
    "isStared": 0,
    "thumbnailURL": "https://www.makeapie.com/ecg-storage/ec_gallery_thumbnail/xB1LgCuozQ.png?v=1530789358478",
    "isCustomThumbnail": 0,
    "builtinTags": [
        "category-work",
        "grid",
        "legend",
        "markLine",
        "markPoint",
        "series-bar",
        "series-line",
        "series-pie",
        "title",
        "toolbox",
        "tooltip"
    ],
    "customTags": [],
    "updaterUserName": "w***T"
}