{
    "cid": "xBkISzG9Gm",
    "authorUid": "bd-3990257290",
    "authorUserName": "w***T",
    "title": "迁徙图",
    "description": "数据纯属虚构",
    "latestVersion": 3,
    "alwaysLatest": 1,
    "createTime": "2018-07-04T09:24:13.000Z",
    "lastUpdateTime": "2018-07-04T09:24:13.000Z",
    "auth": 2,
    "uid": "bd-3990257290",
    "publishedVersion": 0,
    "forkFrom": "-",
    "isSpam": 0,
    "version": 3,
    "parentVersion": 1,
    "echartsVersion": "4.1.0",
    "versionCreateTime": "2018-07-05T03:48:28.000Z",
    "html": "",
    "externalScripts": "/dep/echarts/latest/extension/bmap.min.js,/dep/echarts/map/js/china.js",
    "updaterUID": "bd-3990257290",
    "theme": "",
    "layout": "",
    "viewCount": 1634,
    "userName": "w***T",
    "commentCount": 0,
    "starCount": 3,
    "isStared": 0,
    "thumbnailURL": "https://www.makeapie.com/ecg-storage/ec_gallery_thumbnail/xBkISzG9Gm.png?v=1530762508858",
    "isCustomThumbnail": 0,
    "builtinTags": [
        "category-work",
        "geo",
        "legend",
        "series-effectScatter",
        "series-lines",
        "title",
        "tooltip"
    ],
    "customTags": [],
    "updaterUserName": "w***T"
}