{
    "cid": "xBy44KdoMm",
    "authorUid": "bd-3990257290",
    "authorUserName": "w***T",
    "title": "天津迁徙图",
    "description": "数据可更换，去掉头尾注释可直接应用到本地",
    "latestVersion": 1,
    "alwaysLatest": 1,
    "createTime": "2018-07-05T10:55:40.000Z",
    "lastUpdateTime": "2018-07-05T10:55:40.000Z",
    "auth": 2,
    "uid": "bd-3990257290",
    "publishedVersion": 0,
    "forkFrom": "-",
    "isSpam": 0,
    "version": 1,
    "parentVersion": -1,
    "echartsVersion": "4.1.0",
    "versionCreateTime": "2018-07-05T10:55:40.000Z",
    "html": "",
    "externalScripts": "",
    "updaterUID": "bd-3990257290",
    "theme": "",
    "layout": "",
    "viewCount": 1848,
    "userName": "w***T",
    "commentCount": 1,
    "starCount": 8,
    "isStared": 0,
    "thumbnailURL": "https://www.makeapie.com/ecg-storage/ec_gallery_thumbnail/xBy44KdoMm.png?v=1530788140448",
    "isCustomThumbnail": 0,
    "builtinTags": [
        "category-work",
        "geo",
        "series-effectScatter",
        "series-lines",
        "title",
        "tooltip",
        "visualMap"
    ],
    "customTags": [],
    "updaterUserName": "w***T"
}