{
    "cid": "xH18kBzjfQ",
    "authorUid": "bd-3990257290",
    "authorUserName": "w***T",
    "title": "组织结构图",
    "description": "",
    "latestVersion": 1,
    "alwaysLatest": 1,
    "createTime": "2018-07-05T03:47:42.000Z",
    "lastUpdateTime": "2018-07-05T03:47:42.000Z",
    "auth": 2,
    "uid": "bd-3990257290",
    "publishedVersion": 0,
    "forkFrom": "-",
    "isSpam": 0,
    "version": 1,
    "parentVersion": -1,
    "echartsVersion": "4.1.0",
    "versionCreateTime": "2018-07-05T03:47:42.000Z",
    "html": "",
    "externalScripts": "",
    "updaterUID": "bd-3990257290",
    "theme": "",
    "layout": "",
    "viewCount": 1148,
    "userName": "w***T",
    "commentCount": 1,
    "starCount": 4,
    "isStared": 0,
    "thumbnailURL": "https://www.makeapie.com/ecg-storage/ec_gallery_thumbnail/xH18kBzjfQ.png?v=1530762462347",
    "isCustomThumbnail": 0,
    "builtinTags": [
        "category-work",
        "series-tree",
        "title",
        "toolbox",
        "tooltip"
    ],
    "customTags": [],
    "updaterUserName": "w***T"
}