{
    "cid": "xHJDOpbqz7",
    "authorUid": "bd-1715150284",
    "authorUserName": "我是一只老赓赓",
    "title": "Heterogeneous movie network123",
    "description": "",
    "latestVersion": 2,
    "alwaysLatest": 1,
    "createTime": "2018-07-04T09:03:42.000Z",
    "lastUpdateTime": "2018-07-04T09:03:42.000Z",
    "auth": 2,
    "uid": "bd-1715150284",
    "publishedVersion": 0,
    "forkFrom": "-",
    "isSpam": 0,
    "version": 2,
    "parentVersion": 1,
    "echartsVersion": "4.1.0",
    "versionCreateTime": "2018-07-04T09:05:30.000Z",
    "html": "",
    "externalScripts": "",
    "updaterUID": "bd-1715150284",
    "theme": "",
    "layout": "",
    "viewCount": 246,
    "userName": "我是一只老赓赓",
    "commentCount": 0,
    "starCount": 0,
    "isStared": 0,
    "thumbnailURL": "https://www.makeapie.com/ecg-storage/ec_gallery_thumbnail/xHJDOpbqz7.png?v=1530695130185",
    "isCustomThumbnail": 0,
    "builtinTags": [
        "category-work",
        "legend",
        "series-graph",
        "title",
        "tooltip"
    ],
    "customTags": [],
    "updaterUserName": "我是一只老赓赓"
}