{
    "cid": "xHyRWBWizQ",
    "authorUid": "bd-1802524005",
    "authorUserName": "langzhijjw",
    "title": "断点折线图",
    "description": "",
    "latestVersion": 1,
    "alwaysLatest": 1,
    "createTime": "2018-07-05T02:40:06.000Z",
    "lastUpdateTime": "2018-07-05T02:40:06.000Z",
    "auth": 2,
    "uid": "bd-1802524005",
    "publishedVersion": 0,
    "forkFrom": "-",
    "isSpam": 0,
    "version": 1,
    "parentVersion": -1,
    "echartsVersion": "4.1.0",
    "versionCreateTime": "2018-07-05T02:40:06.000Z",
    "html": "",
    "externalScripts": "",
    "updaterUID": "bd-1802524005",
    "theme": "",
    "layout": "",
    "viewCount": 44,
    "userName": "langzhijjw",
    "commentCount": 0,
    "starCount": 1,
    "isStared": 0,
    "thumbnailURL": "https://www.makeapie.com/ecg-storage/ec_gallery_thumbnail/xHyRWBWizQ.png?v=1530758406418",
    "isCustomThumbnail": 0,
    "builtinTags": [
        "category-work",
        "grid",
        "legend",
        "series-bar",
        "series-line",
        "tooltip"
    ],
    "customTags": [],
    "updaterUserName": "langzhijjw"
}