{
    "cid": "xr1njW-cz7",
    "authorUid": "bd-1766903458",
    "authorUserName": "默***空",
    "title": "Graph 重名节点",
    "description": "Graph 重名节点formatter",
    "latestVersion": 5,
    "alwaysLatest": 1,
    "createTime": "2018-07-04T08:13:24.000Z",
    "lastUpdateTime": "2018-07-04T08:13:24.000Z",
    "auth": 2,
    "uid": "bd-1766903458",
    "publishedVersion": 0,
    "forkFrom": "-",
    "isSpam": 0,
    "version": 5,
    "parentVersion": 4,
    "echartsVersion": "4.1.0",
    "versionCreateTime": "2018-07-04T10:35:18.000Z",
    "html": "",
    "externalScripts": "",
    "updaterUID": "bd-1766903458",
    "theme": "",
    "layout": "",
    "viewCount": 316,
    "userName": "默***空",
    "commentCount": 0,
    "starCount": 0,
    "isStared": 0,
    "thumbnailURL": "https://www.makeapie.com/ecg-storage/ec_gallery_thumbnail/xr1njW-cz7.png?v=1530700518786",
    "isCustomThumbnail": 0,
    "builtinTags": [
        "category-work",
        "series-graph",
        "title",
        "tooltip"
    ],
    "customTags": [],
    "updaterUserName": "默***空"
}