{
    "cid": "xrkHb1b9Mm",
    "authorUid": "bd-1578394436",
    "authorUserName": "0***0",
    "title": "类型分析",
    "description": "",
    "latestVersion": 3,
    "alwaysLatest": 1,
    "createTime": "2018-07-04T08:02:05.000Z",
    "lastUpdateTime": "2018-07-04T08:02:05.000Z",
    "auth": 2,
    "uid": "bd-1578394436",
    "publishedVersion": 0,
    "forkFrom": "-",
    "isSpam": 0,
    "version": 3,
    "parentVersion": 2,
    "echartsVersion": "4.8.0",
    "versionCreateTime": "2020-07-01T02:53:56.000Z",
    "html": "",
    "externalScripts": "",
    "updaterUID": "bd-1578394436",
    "theme": "",
    "layout": "",
    "viewCount": 83,
    "userName": "0***0",
    "commentCount": 0,
    "starCount": 0,
    "isStared": 0,
    "thumbnailURL": "https://www.makeapie.com/ecg-storage/ec_gallery_thumbnail/xrkHb1b9Mm.png?v=1530691325488",
    "isCustomThumbnail": 1,
    "builtinTags": [
        "category-work",
        "grid",
        "legend",
        "series-bar",
        "series-line",
        "title",
        "tooltip"
    ],
    "customTags": [],
    "updaterUserName": "0***0"
}