{
    "cid": "xrkWZh3YGQ",
    "authorUid": "bd-2603984046",
    "authorUserName": "手扶拖拉机life",
    "title": "数据流动",
    "description": "",
    "latestVersion": 1,
    "alwaysLatest": 1,
    "createTime": "2018-07-04T03:16:08.000Z",
    "lastUpdateTime": "2018-07-04T03:16:08.000Z",
    "auth": 2,
    "uid": "bd-2603984046",
    "publishedVersion": 0,
    "forkFrom": "-",
    "isSpam": 0,
    "version": 1,
    "parentVersion": -1,
    "echartsVersion": "4.1.0",
    "versionCreateTime": "2018-07-04T03:16:08.000Z",
    "html": "",
    "externalScripts": "",
    "updaterUID": "bd-2603984046",
    "theme": "",
    "layout": "",
    "viewCount": 76,
    "userName": "手扶拖拉机life",
    "commentCount": 0,
    "starCount": 0,
    "isStared": 0,
    "thumbnailURL": "https://www.makeapie.com/ecg-storage/ec_gallery_thumbnail/xrkWZh3YGQ.png?v=1530674169046",
    "isCustomThumbnail": 0,
    "builtinTags": [
        "category-work",
        "grid",
        "series-line",
        "title"
    ],
    "customTags": [],
    "updaterUserName": "手扶拖拉机life"
}