{
    "cid": "xry2qwusM7",
    "authorUid": "bd-3990257290",
    "authorUserName": "w***T",
    "title": "地图下钻",
    "description": "",
    "latestVersion": 1,
    "alwaysLatest": 1,
    "createTime": "2018-07-05T10:48:52.000Z",
    "lastUpdateTime": "2018-07-05T10:48:52.000Z",
    "auth": 2,
    "uid": "bd-3990257290",
    "publishedVersion": 0,
    "forkFrom": "-",
    "isSpam": 0,
    "version": 1,
    "parentVersion": -1,
    "echartsVersion": "4.1.0",
    "versionCreateTime": "2018-07-05T10:48:52.000Z",
    "html": "",
    "externalScripts": "",
    "updaterUID": "bd-3990257290",
    "theme": "",
    "layout": "",
    "viewCount": 573,
    "userName": "w***T",
    "commentCount": 0,
    "starCount": 3,
    "isStared": 0,
    "thumbnailURL": "https://www.makeapie.com/ecg-storage/ec_gallery_thumbnail/xry2qwusM7.png?v=1530787732461",
    "isCustomThumbnail": 0,
    "builtinTags": [
        "category-work",
        "geo",
        "graphic",
        "series-effectScatter"
    ],
    "customTags": [],
    "updaterUserName": "w***T"
}