{
    "cid": "xry3q__ofQ",
    "authorUid": "bd-3990257290",
    "authorUserName": "w***T",
    "title": "各省市计划录取人数",
    "description": "",
    "latestVersion": 1,
    "alwaysLatest": 1,
    "createTime": "2018-07-05T10:53:08.000Z",
    "lastUpdateTime": "2018-07-05T10:53:08.000Z",
    "auth": 2,
    "uid": "bd-3990257290",
    "publishedVersion": 0,
    "forkFrom": "-",
    "isSpam": 0,
    "version": 1,
    "parentVersion": -1,
    "echartsVersion": "4.1.0",
    "versionCreateTime": "2018-07-05T10:53:08.000Z",
    "html": "",
    "externalScripts": "/dep/echarts/latest/extension/bmap.min.js,http://echarts.baidu.com/resource/echarts-stat-latest/dist/ecStat.min.js,/dep/echarts/map/js/china.js",
    "updaterUID": "bd-3990257290",
    "theme": "",
    "layout": "",
    "viewCount": 2321,
    "userName": "w***T",
    "commentCount": 0,
    "starCount": 3,
    "isStared": 0,
    "thumbnailURL": "https://www.makeapie.com/ecg-storage/ec_gallery_thumbnail/xry3q__ofQ.png?v=1530787988564",
    "isCustomThumbnail": 0,
    "builtinTags": [
        "category-work",
        "geo",
        "series-effectScatter",
        "series-map",
        "series-scatter",
        "title",
        "tooltip",
        "visualMap"
    ],
    "customTags": [],
    "updaterUserName": "w***T"
}