{
    "cid": "xS1s-xZszX",
    "authorUid": "bd-1946612387",
    "authorUserName": "y***5",
    "title": "缠论1f笔构建中枢",
    "description": "缠论1f笔构建中枢",
    "latestVersion": 2,
    "alwaysLatest": 1,
    "createTime": "2018-07-05T02:18:42.000Z",
    "lastUpdateTime": "2018-07-05T02:18:42.000Z",
    "auth": 2,
    "uid": "bd-1946612387",
    "publishedVersion": 0,
    "forkFrom": "-",
    "isSpam": 0,
    "version": 2,
    "parentVersion": 1,
    "echartsVersion": "4.1.0",
    "versionCreateTime": "2018-07-05T16:01:53.000Z",
    "html": "",
    "externalScripts": "",
    "updaterUID": "bd-1946612387",
    "theme": "",
    "layout": "",
    "viewCount": 1156,
    "userName": "y***5",
    "commentCount": 1,
    "starCount": 2,
    "isStared": 0,
    "thumbnailURL": "https://www.makeapie.com/ecg-storage/ec_gallery_thumbnail/xS1s-xZszX.png?v=1530806513725",
    "isCustomThumbnail": 0,
    "builtinTags": [
        "category-work",
        "dataZoom",
        "grid",
        "legend",
        "markArea",
        "markLine",
        "markPoint",
        "series-candlestick",
        "series-line",
        "series-scatter",
        "title",
        "toolbox",
        "tooltip"
    ],
    "customTags": [],
    "updaterUserName": "y***5"
}