{
    "cid": "xSybB6LjzQ",
    "authorUid": "bd-3107913168",
    "authorUserName": "小熊猫940",
    "title": "Awesome Chart",
    "description": "",
    "latestVersion": 1,
    "alwaysLatest": 1,
    "createTime": "2018-07-05T08:56:24.000Z",
    "lastUpdateTime": "2018-07-05T08:56:24.000Z",
    "auth": 2,
    "uid": "bd-3107913168",
    "publishedVersion": 0,
    "forkFrom": "-",
    "isSpam": 0,
    "version": 1,
    "parentVersion": -1,
    "echartsVersion": "4.1.0",
    "versionCreateTime": "2018-07-05T08:56:25.000Z",
    "html": "",
    "externalScripts": "",
    "updaterUID": "bd-3107913168",
    "theme": "",
    "layout": "",
    "viewCount": 13,
    "userName": "小熊猫940",
    "commentCount": 0,
    "starCount": 0,
    "isStared": 0,
    "thumbnailURL": "https://www.makeapie.com/ecg-storage/ec_gallery_thumbnail/xSybB6LjzQ.png?v=1530780985091",
    "isCustomThumbnail": 0,
    "builtinTags": [
        "category-work",
        "grid",
        "series-line",
        "title"
    ],
    "customTags": [],
    "updaterUserName": "小熊猫940"
}