{
    "cid": "x0VblNzFzm",
    "authorUid": "bd-2451952737",
    "authorUserName": "马***6",
    "title": "(更新频率5分钟)",
    "description": "",
    "latestVersion": 1,
    "alwaysLatest": 0,
    "createTime": "2021-12-07T02:13:56.000Z",
    "lastUpdateTime": "2021-12-07T02:13:56.000Z",
    "auth": 2,
    "uid": "bd-2451952737",
    "publishedVersion": 0,
    "forkFrom": "-",
    "isSpam": 0,
    "version": 1,
    "parentVersion": -1,
    "echartsVersion": "5.2.2",
    "versionCreateTime": "2021-12-07T02:13:56.000Z",
    "html": "",
    "externalScripts": "",
    "updaterUID": "bd-2451952737",
    "theme": "",
    "layout": "",
    "viewCount": 0,
    "userName": "马***6",
    "commentCount": 0,
    "starCount": 1,
    "isStared": 0,
    "thumbnailURL": "https://www.makeapie.com/ecg-storage/ec_gallery_thumbnail/x0VblNzFzm.png?v=1638843236972",
    "isCustomThumbnail": 0,
    "builtinTags": [
        "category-work",
        "grid",
        "legend",
        "markArea",
        "series-line",
        "title",
        "tooltip"
    ],
    "customTags": [],
    "updaterUserName": "马***6"
}