{
    "cid": "x5EF4ll0MU",
    "authorUid": "bd-3645309627",
    "authorUserName": "1***_",
    "title": "取色板",
    "description": "",
    "latestVersion": 5,
    "alwaysLatest": 0,
    "createTime": "2021-12-07T05:12:27.000Z",
    "lastUpdateTime": "2021-12-14T08:40:29.000Z",
    "auth": 2,
    "uid": "bd-3645309627",
    "publishedVersion": 0,
    "forkFrom": "-",
    "isSpam": 0,
    "version": 5,
    "parentVersion": 4,
    "echartsVersion": "5.2.2",
    "versionCreateTime": "2021-12-14T08:40:29.000Z",
    "html": "",
    "externalScripts": "",
    "updaterUID": "bd-3645309627",
    "theme": "",
    "layout": "",
    "viewCount": 0,
    "userName": "1***_",
    "commentCount": 0,
    "starCount": 0,
    "isStared": 0,
    "thumbnailURL": "https://www.makeapie.com/ecg-storage/ec_gallery_thumbnail/x5EF4ll0MU.png?v=1639471229518",
    "isCustomThumbnail": 0,
    "builtinTags": [
        "category-work",
        "dataZoom",
        "grid",
        "legend",
        "series-line",
        "title",
        "tooltip"
    ],
    "customTags": [],
    "updaterUserName": "1***_"
}