{
    "cid": "xL2R4TvdYK",
    "authorUid": "obd-o-aSEAdBFmNgzJAn8sMH93q7S4ELLA9",
    "authorUserName": "w***7",
    "title": "设备分类维修次数",
    "description": "",
    "latestVersion": 2,
    "alwaysLatest": 0,
    "createTime": "2021-12-07T02:13:54.000Z",
    "lastUpdateTime": "2021-12-07T06:30:24.000Z",
    "auth": 1,
    "uid": "obd-o-aSEAdBFmNgzJAn8sMH93q7S4ELLA9",
    "publishedVersion": 0,
    "forkFrom": "-",
    "isSpam": 0,
    "version": 2,
    "parentVersion": 1,
    "echartsVersion": "5.2.2",
    "versionCreateTime": "2021-12-07T06:30:24.000Z",
    "html": "",
    "externalScripts": "",
    "updaterUID": "obd-o-aSEAdBFmNgzJAn8sMH93q7S4ELLA9",
    "theme": "",
    "layout": "",
    "viewCount": 0,
    "userName": "w***7",
    "commentCount": 0,
    "starCount": 0,
    "isStared": 0,
    "thumbnailURL": "https://www.makeapie.com/ecg-storage/ec_gallery_thumbnail/xL2R4TvdYK.png?v=1638858624831",
    "isCustomThumbnail": 0,
    "builtinTags": [
        "category-work",
        "graphic",
        "legend",
        "series-pie",
        "toolbox",
        "tooltip"
    ],
    "customTags": [],
    "updaterUserName": "w***7"
}