{
    "cid": "xnl5ZNyOhf",
    "authorUid": "bd-3645309627",
    "authorUserName": "1***_",
    "title": "色板卡",
    "description": "",
    "latestVersion": 7,
    "alwaysLatest": 0,
    "createTime": "2021-12-07T02:34:34.000Z",
    "lastUpdateTime": "2021-12-30T03:18:30.000Z",
    "auth": 1,
    "uid": "bd-3645309627",
    "publishedVersion": 0,
    "forkFrom": "-",
    "isSpam": 0,
    "version": 7,
    "parentVersion": 6,
    "echartsVersion": "5.2.2",
    "versionCreateTime": "2021-12-30T03:18:30.000Z",
    "html": "",
    "externalScripts": "",
    "updaterUID": "bd-3645309627",
    "theme": "",
    "layout": "",
    "viewCount": 0,
    "userName": "1***_",
    "commentCount": 0,
    "starCount": 0,
    "isStared": 0,
    "thumbnailURL": "https://www.makeapie.com/ecg-storage/ec_gallery_thumbnail/xnl5ZNyOhf.png?v=1640834310560",
    "isCustomThumbnail": 0,
    "builtinTags": [
        "category-work",
        "dataset",
        "grid",
        "legend",
        "series-bar",
        "tooltip"
    ],
    "customTags": [],
    "updaterUserName": "1***_"
}