{
    "cid": "xSQlOFyu8f",
    "authorUid": "obd-oNTDg7QM6jcpNYYM_r0WbQ1pKs1hoC8",
    "authorUserName": "L***7",
    "title": "双强指数",
    "description": "面积折线图",
    "latestVersion": 1,
    "alwaysLatest": 0,
    "createTime": "2021-12-07T02:39:28.000Z",
    "lastUpdateTime": "2021-12-07T02:39:28.000Z",
    "auth": 2,
    "uid": "obd-oNTDg7QM6jcpNYYM_r0WbQ1pKs1hoC8",
    "publishedVersion": 0,
    "forkFrom": "-",
    "isSpam": 0,
    "version": 1,
    "parentVersion": -1,
    "echartsVersion": "5.2.2",
    "versionCreateTime": "2021-12-07T02:39:28.000Z",
    "html": "",
    "externalScripts": "",
    "updaterUID": "obd-oNTDg7QM6jcpNYYM_r0WbQ1pKs1hoC8",
    "theme": "",
    "layout": "",
    "viewCount": 0,
    "userName": "L***7",
    "commentCount": 0,
    "starCount": 1,
    "isStared": 0,
    "thumbnailURL": "https://www.makeapie.com/ecg-storage/ec_gallery_thumbnail/xSQlOFyu8f.png?v=1638844768364",
    "isCustomThumbnail": 0,
    "builtinTags": [
        "category-work",
        "grid",
        "legend",
        "series-line",
        "tooltip"
    ],
    "customTags": [],
    "updaterUserName": "L***7"
}