{
    "cid": "xtFSauivFU-",
    "authorUid": "bd-2724980533",
    "authorUserName": "l***9",
    "title": "多个城市动态折线图",
    "description": "",
    "latestVersion": 1,
    "alwaysLatest": 0,
    "createTime": "2021-12-07T02:39:28.000Z",
    "lastUpdateTime": "2021-12-07T02:39:28.000Z",
    "auth": 2,
    "uid": "bd-2724980533",
    "publishedVersion": 0,
    "forkFrom": "-",
    "isSpam": 0,
    "version": 1,
    "parentVersion": -1,
    "echartsVersion": "5.2.2",
    "versionCreateTime": "2021-12-07T02:39:28.000Z",
    "html": "",
    "externalScripts": "",
    "updaterUID": "bd-2724980533",
    "theme": "",
    "layout": "",
    "viewCount": 0,
    "userName": "l***9",
    "commentCount": 0,
    "starCount": 0,
    "isStared": 0,
    "thumbnailURL": "https://www.makeapie.com/ecg-storage/ec_gallery_thumbnail/xtFSauivFU-.png?v=1638844768813",
    "isCustomThumbnail": 0,
    "builtinTags": [
        "category-work",
        "grid",
        "series-line",
        "timeline",
        "title"
    ],
    "customTags": [],
    "updaterUserName": "l***9"
}