{
    "cid": "xU5pcXve_P",
    "authorUid": "bd-2924032490",
    "authorUserName": "b***7",
    "title": "虚线折线图",
    "description": "",
    "latestVersion": 1,
    "alwaysLatest": 0,
    "createTime": "2021-12-07T03:07:57.000Z",
    "lastUpdateTime": "2021-12-07T03:07:57.000Z",
    "auth": 2,
    "uid": "bd-2924032490",
    "publishedVersion": 0,
    "forkFrom": "-",
    "isSpam": 0,
    "version": 1,
    "parentVersion": -1,
    "echartsVersion": "5.2.2",
    "versionCreateTime": "2021-12-07T03:07:57.000Z",
    "html": "",
    "externalScripts": "",
    "updaterUID": "bd-2924032490",
    "theme": "",
    "layout": "",
    "viewCount": 0,
    "userName": "b***7",
    "commentCount": 0,
    "starCount": 1,
    "isStared": 0,
    "thumbnailURL": "https://www.makeapie.com/ecg-storage/ec_gallery_thumbnail/xU5pcXve_P.png?v=1638846477376",
    "isCustomThumbnail": 0,
    "builtinTags": [
        "category-work",
        "grid",
        "series-line",
        "tooltip"
    ],
    "customTags": [],
    "updaterUserName": "b***7"
}