{
    "cid": "xY6aXDKtpy",
    "authorUid": "obd-oD5aElwhuO-0xKjgvap4l0NArRtlQ1q",
    "authorUserName": "忆***人",
    "title": "柱形图",
    "description": "",
    "latestVersion": 1,
    "alwaysLatest": 0,
    "createTime": "2021-12-06T07:01:05.000Z",
    "lastUpdateTime": "2021-12-06T07:01:05.000Z",
    "auth": 1,
    "uid": "obd-oD5aElwhuO-0xKjgvap4l0NArRtlQ1q",
    "publishedVersion": 0,
    "forkFrom": "-",
    "isSpam": 0,
    "version": 1,
    "parentVersion": -1,
    "echartsVersion": "5.2.2",
    "versionCreateTime": "2021-12-06T07:01:05.000Z",
    "html": "",
    "externalScripts": "",
    "updaterUID": "obd-oD5aElwhuO-0xKjgvap4l0NArRtlQ1q",
    "theme": "",
    "layout": "",
    "viewCount": 0,
    "userName": "忆***人",
    "commentCount": 0,
    "starCount": 2,
    "isStared": 0,
    "thumbnailURL": "https://www.makeapie.com/ecg-storage/ec_gallery_thumbnail/xY6aXDKtpy.png?v=1638774065880",
    "isCustomThumbnail": 0,
    "builtinTags": [
        "category-work",
        "grid",
        "series-bar",
        "series-line",
        "series-pictorialBar",
        "tooltip"
    ],
    "customTags": [],
    "updaterUserName": "忆***人"
}