{
    "cid": "x-Xx63m_uD",
    "authorUid": "bd-3409592402",
    "authorUserName": "孤***末",
    "title": "markPoint&markLine",
    "description": "",
    "latestVersion": 1,
    "alwaysLatest": 1,
    "createTime": "2019-06-12T13:00:32.000Z",
    "lastUpdateTime": "2019-06-12T13:00:32.000Z",
    "auth": 2,
    "uid": "bd-3409592402",
    "publishedVersion": 0,
    "forkFrom": "-",
    "isSpam": 0,
    "version": 1,
    "parentVersion": -1,
    "echartsVersion": "4.2.1",
    "versionCreateTime": "2019-06-12T13:00:32.000Z",
    "html": "",
    "externalScripts": "",
    "updaterUID": "bd-3409592402",
    "theme": "",
    "layout": "",
    "viewCount": 764,
    "userName": "孤***末",
    "commentCount": 0,
    "starCount": 2,
    "isStared": 0,
    "thumbnailURL": "https://www.makeapie.com/ecg-storage/ec_gallery_thumbnail/x-Xx63m_uD.png?v=1560344432208",
    "isCustomThumbnail": 0,
    "builtinTags": [
        "category-work",
        "grid",
        "legend",
        "markLine",
        "markPoint",
        "series-bar",
        "series-line",
        "title"
    ],
    "customTags": [],
    "updaterUserName": "孤***末"
}