{
    "cid": "x1t0Fows2X",
    "authorUid": "bd-2769383671",
    "authorUserName": "1***翅",
    "title": "渐变色柱状图",
    "description": "",
    "latestVersion": 1,
    "alwaysLatest": 1,
    "createTime": "2019-06-12T10:16:36.000Z",
    "lastUpdateTime": "2019-06-12T10:16:36.000Z",
    "auth": 2,
    "uid": "bd-2769383671",
    "publishedVersion": 0,
    "forkFrom": "-",
    "isSpam": 0,
    "version": 1,
    "parentVersion": -1,
    "echartsVersion": "4.2.1",
    "versionCreateTime": "2019-06-12T10:16:36.000Z",
    "html": "",
    "externalScripts": "",
    "updaterUID": "bd-2769383671",
    "theme": "",
    "layout": "",
    "viewCount": 2213,
    "userName": "1***翅",
    "commentCount": 0,
    "starCount": 7,
    "isStared": 0,
    "thumbnailURL": "https://www.makeapie.com/ecg-storage/ec_gallery_thumbnail/x1t0Fows2X.png?v=1560334596661",
    "isCustomThumbnail": 0,
    "builtinTags": [
        "category-work",
        "grid",
        "series-bar",
        "tooltip"
    ],
    "customTags": [],
    "updaterUserName": "1***翅"
}