{
    "cid": "x8pFbPxP3C",
    "authorUid": "bd-269380071",
    "authorUserName": "风吹竹鸣",
    "title": "地图插旗",
    "description": "",
    "latestVersion": 13,
    "alwaysLatest": 1,
    "createTime": "2019-06-13T09:08:14.000Z",
    "lastUpdateTime": "2019-06-13T09:30:04.000Z",
    "auth": 2,
    "uid": "bd-269380071",
    "publishedVersion": 0,
    "forkFrom": "-",
    "isSpam": 0,
    "version": 13,
    "parentVersion": 12,
    "echartsVersion": "4.2.1",
    "versionCreateTime": "2019-06-14T03:41:07.000Z",
    "html": "",
    "externalScripts": "/dep/echarts/map/js/china.js",
    "updaterUID": "bd-269380071",
    "theme": "default",
    "layout": "",
    "viewCount": 373,
    "userName": "风吹竹鸣",
    "commentCount": 0,
    "starCount": 4,
    "isStared": 0,
    "thumbnailURL": "https://www.makeapie.com/ecg-storage/ec_gallery_thumbnail/x8pFbPxP3C.png?v=1560483667298",
    "isCustomThumbnail": 0,
    "builtinTags": [
        "category-work",
        "geo",
        "legend",
        "series-scatter",
        "title"
    ],
    "customTags": [
        "map"
    ],
    "updaterUserName": "风吹竹鸣"
}