{
    "cid": "x_hxWhNnDt",
    "authorUid": "bd-2686412061",
    "authorUserName": "dengshao2011",
    "title": "树图tree",
    "description": "可根据所有层级的节点最多的层级的节点和总层级数，自动缩小放大图表容器",
    "latestVersion": 1,
    "alwaysLatest": 1,
    "createTime": "2019-06-12T10:10:19.000Z",
    "lastUpdateTime": "2019-06-12T10:10:19.000Z",
    "auth": 2,
    "uid": "bd-2686412061",
    "publishedVersion": 0,
    "forkFrom": "-",
    "isSpam": 0,
    "version": 1,
    "parentVersion": -1,
    "echartsVersion": "4.2.1",
    "versionCreateTime": "2019-06-12T10:10:19.000Z",
    "html": "",
    "externalScripts": "",
    "updaterUID": "bd-2686412061",
    "theme": "",
    "layout": "",
    "viewCount": 787,
    "userName": "dengshao2011",
    "commentCount": 0,
    "starCount": 1,
    "isStared": 0,
    "thumbnailURL": "https://www.makeapie.com/ecg-storage/ec_gallery_thumbnail/x_hxWhNnDt.png?v=1560334219383",
    "isCustomThumbnail": 0,
    "builtinTags": [
        "category-work",
        "grid",
        "series-line",
        "title"
    ],
    "customTags": [
        "tree",
        "树图"
    ],
    "updaterUserName": "dengshao2011"
}