{
    "cid": "x_pB3AanSo",
    "authorUid": "bd-1883047840",
    "authorUserName": "秋***m",
    "title": "象形柱图-渐变",
    "description": "",
    "latestVersion": 1,
    "alwaysLatest": 1,
    "createTime": "2019-06-12T11:04:54.000Z",
    "lastUpdateTime": "2019-06-12T11:04:54.000Z",
    "auth": 2,
    "uid": "bd-1883047840",
    "publishedVersion": 0,
    "forkFrom": "-",
    "isSpam": 0,
    "version": 1,
    "parentVersion": -1,
    "echartsVersion": "4.2.1",
    "versionCreateTime": "2019-06-12T11:04:54.000Z",
    "html": "",
    "externalScripts": "",
    "updaterUID": "bd-1883047840",
    "theme": "",
    "layout": "",
    "viewCount": 1818,
    "userName": "秋***m",
    "commentCount": 0,
    "starCount": 6,
    "isStared": 0,
    "thumbnailURL": "https://www.makeapie.com/ecg-storage/ec_gallery_thumbnail/x_pB3AanSo.png?v=1560337494630",
    "isCustomThumbnail": 0,
    "builtinTags": [
        "category-work",
        "grid",
        "series-bar",
        "series-pictorialBar"
    ],
    "customTags": [],
    "updaterUserName": "秋***m"
}