{
    "cid": "xAKzwiI8k4",
    "authorUid": "bd-729462903",
    "authorUserName": "C***c",
    "title": "Chart 3: China Special Economic Zone and Coastal Open City",
    "description": "中国地图城市定点",
    "latestVersion": 3,
    "alwaysLatest": 1,
    "createTime": "2019-06-13T09:33:58.000Z",
    "lastUpdateTime": "2019-06-13T09:33:58.000Z",
    "auth": 2,
    "uid": "bd-729462903",
    "publishedVersion": 1,
    "forkFrom": "-",
    "isSpam": 0,
    "version": 1,
    "parentVersion": -1,
    "echartsVersion": "4.2.1",
    "versionCreateTime": "2019-06-13T09:33:58.000Z",
    "html": "",
    "externalScripts": "/dep/echarts/map/js/china.js",
    "updaterUID": "bd-729462903",
    "theme": "",
    "layout": "",
    "viewCount": 183,
    "userName": "C***c",
    "commentCount": 0,
    "starCount": 0,
    "isStared": 0,
    "thumbnailURL": "https://www.makeapie.com/ecg-storage/ec_gallery_thumbnail/xAKzwiI8k4.png?v=1560418438657",
    "isCustomThumbnail": 0,
    "builtinTags": [
        "category-work",
        "geo",
        "series-effectScatter",
        "tooltip"
    ],
    "customTags": [],
    "updaterUserName": "C***c"
}