{
    "cid": "xCLEj67T3H",
    "authorUid": "bd-993634818",
    "authorUserName": "6***9",
    "title": "拓扑图graph",
    "description": "",
    "latestVersion": 2,
    "alwaysLatest": 1,
    "createTime": "2019-06-13T02:54:14.000Z",
    "lastUpdateTime": "2019-06-13T02:54:14.000Z",
    "auth": 2,
    "uid": "bd-993634818",
    "publishedVersion": 0,
    "forkFrom": "-",
    "isSpam": 0,
    "version": 2,
    "parentVersion": 1,
    "echartsVersion": "4.2.1",
    "versionCreateTime": "2019-06-13T07:35:52.000Z",
    "html": "",
    "externalScripts": "",
    "updaterUID": "bd-993634818",
    "theme": "",
    "layout": "",
    "viewCount": 8626,
    "userName": "6***9",
    "commentCount": 0,
    "starCount": 7,
    "isStared": 0,
    "thumbnailURL": "https://www.makeapie.com/ecg-storage/ec_gallery_thumbnail/xCLEj67T3H.png?v=1560411352714",
    "isCustomThumbnail": 0,
    "builtinTags": [
        "category-work",
        "legend",
        "series-graph",
        "tooltip"
    ],
    "customTags": [],
    "updaterUserName": "6***9"
}