{
    "cid": "xfHUoJ7iw7",
    "authorUid": "bd-749254193",
    "authorUserName": "欧***一",
    "title": "华山场站压力",
    "description": "单个渐变柱状图",
    "latestVersion": 5,
    "alwaysLatest": 1,
    "createTime": "2019-06-13T02:30:48.000Z",
    "lastUpdateTime": "2019-06-13T02:30:48.000Z",
    "auth": 2,
    "uid": "bd-749254193",
    "publishedVersion": 0,
    "forkFrom": "-",
    "isSpam": 0,
    "version": 5,
    "parentVersion": 4,
    "echartsVersion": "4.7.0",
    "versionCreateTime": "2020-04-16T09:00:36.000Z",
    "html": "",
    "externalScripts": "",
    "updaterUID": "bd-749254193",
    "theme": "",
    "layout": "",
    "viewCount": 155,
    "userName": "欧***一",
    "commentCount": 0,
    "starCount": 1,
    "isStared": 0,
    "thumbnailURL": "https://www.makeapie.com/ecg-storage/ec_gallery_thumbnail/xfHUoJ7iw7.png?v=1587027636330",
    "isCustomThumbnail": 0,
    "builtinTags": [
        "category-work",
        "grid",
        "legend",
        "series-bar",
        "tooltip"
    ],
    "customTags": [],
    "updaterUserName": "欧***一"
}