{
    "cid": "xh3AxGC1tt",
    "authorUid": "bd-2769383671",
    "authorUserName": "1***翅",
    "title": "柱状图渐变",
    "description": "",
    "latestVersion": 1,
    "alwaysLatest": 1,
    "createTime": "2019-06-12T10:17:21.000Z",
    "lastUpdateTime": "2019-06-12T10:17:21.000Z",
    "auth": 2,
    "uid": "bd-2769383671",
    "publishedVersion": 0,
    "forkFrom": "-",
    "isSpam": 0,
    "version": 1,
    "parentVersion": -1,
    "echartsVersion": "4.2.1",
    "versionCreateTime": "2019-06-12T10:17:21.000Z",
    "html": "",
    "externalScripts": "",
    "updaterUID": "bd-2769383671",
    "theme": "",
    "layout": "",
    "viewCount": 191,
    "userName": "1***翅",
    "commentCount": 0,
    "starCount": 1,
    "isStared": 0,
    "thumbnailURL": "https://www.makeapie.com/ecg-storage/ec_gallery_thumbnail/xh3AxGC1tt.png?v=1560334641891",
    "isCustomThumbnail": 0,
    "builtinTags": [
        "category-work",
        "grid",
        "series-bar",
        "series-scatter"
    ],
    "customTags": [],
    "updaterUserName": "1***翅"
}