{
    "cid": "xHR7jmNK5j",
    "authorUid": "bd-3207513388",
    "authorUserName": "x***n",
    "title": "仪表盘",
    "description": "",
    "latestVersion": 4,
    "alwaysLatest": 1,
    "createTime": "2019-06-12T03:59:37.000Z",
    "lastUpdateTime": "2019-07-26T09:16:58.000Z",
    "auth": 2,
    "uid": "bd-3207513388",
    "publishedVersion": 0,
    "forkFrom": "-",
    "isSpam": 0,
    "version": 4,
    "parentVersion": 3,
    "echartsVersion": "4.2.1",
    "versionCreateTime": "2019-06-20T08:53:42.000Z",
    "html": "",
    "externalScripts": "",
    "updaterUID": "bd-3207513388",
    "theme": "dark",
    "layout": "",
    "viewCount": 276,
    "userName": "x***n",
    "commentCount": 0,
    "starCount": 1,
    "isStared": 0,
    "thumbnailURL": "https://www.makeapie.com/ecg-storage/ec_gallery_thumbnail/xHR7jmNK5j.png?v=1561020822090",
    "isCustomThumbnail": 0,
    "builtinTags": [],
    "customTags": [],
    "updaterUserName": "x***n"
}