{
    "cid": "xITwl0YaQD",
    "authorUid": "bd-2169962601",
    "authorUserName": "唯***t",
    "title": "1111",
    "description": "",
    "latestVersion": 1,
    "alwaysLatest": 1,
    "createTime": "2019-06-12T03:02:45.000Z",
    "lastUpdateTime": "2019-06-12T03:02:45.000Z",
    "auth": 2,
    "uid": "bd-2169962601",
    "publishedVersion": 0,
    "forkFrom": "-",
    "isSpam": 0,
    "version": 1,
    "parentVersion": -1,
    "echartsVersion": "4.2.1",
    "versionCreateTime": "2019-06-12T03:02:45.000Z",
    "html": "",
    "externalScripts": "",
    "updaterUID": "bd-2169962601",
    "theme": "",
    "layout": "",
    "viewCount": 19,
    "userName": "唯***t",
    "commentCount": 0,
    "starCount": 0,
    "isStared": 0,
    "thumbnailURL": "https://www.makeapie.com/ecg-storage/ec_gallery_thumbnail/xITwl0YaQD.png?v=1560308565496",
    "isCustomThumbnail": 0,
    "builtinTags": [
        "category-work"
    ],
    "customTags": [],
    "updaterUserName": "唯***t"
}