{
    "cid": "xjF7Is-2EW",
    "authorUid": "bd-2466583320",
    "authorUserName": "d***c",
    "title": "双y坐标轴",
    "description": "",
    "latestVersion": 3,
    "alwaysLatest": 1,
    "createTime": "2019-06-14T03:16:40.000Z",
    "lastUpdateTime": "2019-06-14T03:16:40.000Z",
    "auth": 2,
    "uid": "bd-2466583320",
    "publishedVersion": 0,
    "forkFrom": "-",
    "isSpam": 0,
    "version": 3,
    "parentVersion": 2,
    "echartsVersion": "4.2.1",
    "versionCreateTime": "2019-06-14T03:58:57.000Z",
    "html": "",
    "externalScripts": "",
    "updaterUID": "bd-2466583320",
    "theme": "",
    "layout": "",
    "viewCount": 317,
    "userName": "d***c",
    "commentCount": 0,
    "starCount": 1,
    "isStared": 0,
    "thumbnailURL": "https://www.makeapie.com/ecg-storage/ec_gallery_thumbnail/xjF7Is-2EW.png?v=1560484737680",
    "isCustomThumbnail": 0,
    "builtinTags": [
        "category-work",
        "dataZoom",
        "grid",
        "legend",
        "markLine",
        "markPoint",
        "series-bar",
        "series-line",
        "tooltip"
    ],
    "customTags": [],
    "updaterUserName": "d***c"
}