{
    "cid": "xKUabVNUgb",
    "authorUid": "bd-19039079",
    "authorUserName": "vvvcnc88",
    "title": "Awesome Chart",
    "description": "",
    "latestVersion": 2,
    "alwaysLatest": 1,
    "createTime": "2019-06-12T04:18:14.000Z",
    "lastUpdateTime": "2019-06-12T04:18:14.000Z",
    "auth": 2,
    "uid": "bd-19039079",
    "publishedVersion": 0,
    "forkFrom": "-",
    "isSpam": 0,
    "version": 2,
    "parentVersion": 1,
    "echartsVersion": "4.2.1",
    "versionCreateTime": "2019-06-12T04:18:35.000Z",
    "html": "",
    "externalScripts": "",
    "updaterUID": "bd-19039079",
    "theme": "",
    "layout": "",
    "viewCount": 11,
    "userName": "vvvcnc88",
    "commentCount": 0,
    "starCount": 0,
    "isStared": 0,
    "thumbnailURL": "https://www.makeapie.com/ecg-storage/ec_gallery_thumbnail/xKUabVNUgb.png?v=1560313115288",
    "isCustomThumbnail": 0,
    "builtinTags": [
        "category-work",
        "grid",
        "series-line",
        "title"
    ],
    "customTags": [],
    "updaterUserName": "vvvcnc88"
}