{
    "cid": "xRPGUSy-dC",
    "authorUid": "bd-3634915921",
    "authorUserName": "黄***伦",
    "title": "cd特殊图表",
    "description": "",
    "latestVersion": 1,
    "alwaysLatest": 1,
    "createTime": "2019-06-14T01:29:41.000Z",
    "lastUpdateTime": "2019-06-14T01:29:41.000Z",
    "auth": 2,
    "uid": "bd-3634915921",
    "publishedVersion": 0,
    "forkFrom": "-",
    "isSpam": 0,
    "version": 1,
    "parentVersion": -1,
    "echartsVersion": "4.2.1",
    "versionCreateTime": "2019-06-14T01:29:41.000Z",
    "html": "",
    "externalScripts": "",
    "updaterUID": "bd-3634915921",
    "theme": "",
    "layout": "",
    "viewCount": 110,
    "userName": "黄***伦",
    "commentCount": 0,
    "starCount": 1,
    "isStared": 0,
    "thumbnailURL": "https://www.makeapie.com/ecg-storage/ec_gallery_thumbnail/xRPGUSy-dC.png?v=1560475781644",
    "isCustomThumbnail": 0,
    "builtinTags": [
        "category-work",
        "grid",
        "legend",
        "series-bar",
        "tooltip"
    ],
    "customTags": [],
    "updaterUserName": "黄***伦"
}