{
    "cid": "xSZxtJLA70",
    "authorUid": "bd-749254193",
    "authorUserName": "欧***一",
    "title": "关键节点压力曲线",
    "description": "折线",
    "latestVersion": 4,
    "alwaysLatest": 1,
    "createTime": "2019-06-12T08:25:15.000Z",
    "lastUpdateTime": "2019-06-12T08:25:15.000Z",
    "auth": 2,
    "uid": "bd-749254193",
    "publishedVersion": 0,
    "forkFrom": "-",
    "isSpam": 0,
    "version": 4,
    "parentVersion": 3,
    "echartsVersion": "4.4.0",
    "versionCreateTime": "2019-11-19T02:52:23.000Z",
    "html": "",
    "externalScripts": "",
    "updaterUID": "bd-749254193",
    "theme": "",
    "layout": "",
    "viewCount": 402,
    "userName": "欧***一",
    "commentCount": 0,
    "starCount": 5,
    "isStared": 0,
    "thumbnailURL": "https://www.makeapie.com/ecg-storage/ec_gallery_thumbnail/xSZxtJLA70.png?v=1574131943362",
    "isCustomThumbnail": 0,
    "builtinTags": [
        "category-work",
        "grid",
        "legend",
        "markLine",
        "markPoint",
        "series-line",
        "title",
        "toolbox",
        "tooltip"
    ],
    "customTags": [],
    "updaterUserName": "欧***一"
}