{
    "cid": "xU6XzU1VLA",
    "authorUid": "bd-2100620706",
    "authorUserName": "五十坏",
    "title": "广州全年各类水质占比(3pie)",
    "description": "广州全年各类水质占比(3pie)",
    "latestVersion": 2,
    "alwaysLatest": 1,
    "createTime": "2019-06-13T09:50:07.000Z",
    "lastUpdateTime": "2019-06-13T09:50:07.000Z",
    "auth": 2,
    "uid": "bd-2100620706",
    "publishedVersion": 0,
    "forkFrom": "-",
    "isSpam": 0,
    "version": 2,
    "parentVersion": 1,
    "echartsVersion": "4.2.1",
    "versionCreateTime": "2019-06-13T09:57:08.000Z",
    "html": "",
    "externalScripts": "",
    "updaterUID": "bd-2100620706",
    "theme": "",
    "layout": "",
    "viewCount": 160,
    "userName": "五十坏",
    "commentCount": 0,
    "starCount": 0,
    "isStared": 0,
    "thumbnailURL": "https://www.makeapie.com/ecg-storage/ec_gallery_thumbnail/xU6XzU1VLA.png?v=1560419829105",
    "isCustomThumbnail": 0,
    "builtinTags": [
        "category-work",
        "legend",
        "series-pie",
        "title"
    ],
    "customTags": [],
    "updaterUserName": "五十坏"
}