{
    "cid": "xVds4hEtJA",
    "authorUid": "bd-939842705",
    "authorUserName": "j***h",
    "title": "热门起点站",
    "description": "老人热门的起点站热力图",
    "latestVersion": 6,
    "alwaysLatest": 1,
    "createTime": "2019-06-14T06:59:57.000Z",
    "lastUpdateTime": "2019-06-14T06:59:57.000Z",
    "auth": 2,
    "uid": "bd-939842705",
    "publishedVersion": 0,
    "forkFrom": "-",
    "isSpam": 0,
    "version": 6,
    "parentVersion": 5,
    "echartsVersion": "4.2.1",
    "versionCreateTime": "2019-06-19T14:33:34.000Z",
    "html": "",
    "externalScripts": "http://api.map.baidu.com/api?v=2.0&ak=BFcd9e84753ab8dcef34748bc43f952d,/dep/echarts/latest/extension/bmap.min.js",
    "updaterUID": "bd-939842705",
    "theme": "",
    "layout": "",
    "viewCount": 32,
    "userName": "j***h",
    "commentCount": 0,
    "starCount": 0,
    "isStared": 0,
    "thumbnailURL": "https://www.makeapie.com/ecg-storage/ec_gallery_thumbnail/xVds4hEtJA.png?v=1560951247661",
    "isCustomThumbnail": 0,
    "builtinTags": [
        "category-work"
    ],
    "customTags": [],
    "updaterUserName": "j***h"
}