{
    "cid": "x4UHwkXQA0",
    "authorUid": "bd-2136137468",
    "authorUserName": "h***4",
    "title": "地图-dataset",
    "description": "",
    "latestVersion": 1,
    "alwaysLatest": 1,
    "createTime": "2021-04-01T11:10:26.000Z",
    "lastUpdateTime": "2021-04-01T11:10:26.000Z",
    "auth": 2,
    "uid": "bd-2136137468",
    "publishedVersion": 0,
    "forkFrom": "-",
    "isSpam": 0,
    "version": 1,
    "parentVersion": -1,
    "echartsVersion": "4.8.0",
    "versionCreateTime": "2021-04-01T11:10:26.000Z",
    "html": "",
    "externalScripts": "/dep/echarts/map/js/china.js",
    "updaterUID": "bd-2136137468",
    "theme": "",
    "layout": "",
    "viewCount": 10,
    "userName": "h***4",
    "commentCount": 0,
    "starCount": 0,
    "isStared": 0,
    "thumbnailURL": "https://www.makeapie.com/ecg-storage/ec_gallery_thumbnail/x4UHwkXQA0.png?v=1617275426924",
    "isCustomThumbnail": 0,
    "builtinTags": [
        "category-work",
        "dataset",
        "geo",
        "legend",
        "series-effectScatter",
        "series-scatter",
        "title",
        "visualMap"
    ],
    "customTags": [],
    "updaterUserName": "h***4"
}