{
    "cid": "x8J6neInTr",
    "authorUid": "bd-7382906384",
    "authorUserName": "满***6",
    "title": "自定义水球啦啦啦",
    "description": "",
    "latestVersion": 1,
    "alwaysLatest": 1,
    "createTime": "2021-04-01T02:40:15.000Z",
    "lastUpdateTime": "2021-04-01T02:40:15.000Z",
    "auth": 2,
    "uid": "bd-7382906384",
    "publishedVersion": 0,
    "forkFrom": "-",
    "isSpam": 0,
    "version": 1,
    "parentVersion": -1,
    "echartsVersion": "4.8.0",
    "versionCreateTime": "2021-04-01T02:40:15.000Z",
    "html": "",
    "externalScripts": "https://echarts.baidu.com/resource/echarts-liquidfill-1.0.4/dist/echarts-liquidfill.js",
    "updaterUID": "bd-7382906384",
    "theme": "",
    "layout": "",
    "viewCount": 39,
    "userName": "满***6",
    "commentCount": 2,
    "starCount": 4,
    "isStared": 0,
    "thumbnailURL": "https://www.makeapie.com/ecg-storage/ec_gallery_thumbnail/x8J6neInTr.png?v=1617244815859",
    "isCustomThumbnail": 0,
    "builtinTags": [
        "category-work",
        "series-liquidFill"
    ],
    "customTags": [],
    "updaterUserName": "满***6"
}