{
    "cid": "xAbGndvqFE",
    "authorUid": "bd-3645309627",
    "authorUserName": "1***_",
    "title": "关系图",
    "description": "修改线颜色",
    "latestVersion": 1,
    "alwaysLatest": 1,
    "createTime": "2021-03-31T03:38:29.000Z",
    "lastUpdateTime": "2021-03-31T03:38:29.000Z",
    "auth": 2,
    "uid": "bd-3645309627",
    "publishedVersion": 0,
    "forkFrom": "-",
    "isSpam": 0,
    "version": 1,
    "parentVersion": -1,
    "echartsVersion": "4.8.0",
    "versionCreateTime": "2021-03-31T03:38:29.000Z",
    "html": "",
    "externalScripts": "",
    "updaterUID": "bd-3645309627",
    "theme": "",
    "layout": "",
    "viewCount": 146,
    "userName": "1***_",
    "commentCount": 0,
    "starCount": 1,
    "isStared": 0,
    "thumbnailURL": "https://www.makeapie.com/ecg-storage/ec_gallery_thumbnail/xAbGndvqFE.png?v=1617161909973",
    "isCustomThumbnail": 0,
    "builtinTags": [
        "category-work",
        "legend",
        "series-graph",
        "title"
    ],
    "customTags": [],
    "updaterUserName": "1***_"
}