{
    "cid": "xaybcuROY3",
    "authorUid": "bd-2668683612",
    "authorUserName": "看***过",
    "title": "自定义热力地图",
    "description": "1、自定义svg地图；\n2、自定义图片地图；\n3、内置热力图渲染；",
    "latestVersion": 6,
    "alwaysLatest": 1,
    "createTime": "2021-04-01T05:11:03.000Z",
    "lastUpdateTime": "2021-04-01T05:11:03.000Z",
    "auth": 2,
    "uid": "bd-2668683612",
    "publishedVersion": 0,
    "forkFrom": "-",
    "isSpam": 0,
    "version": 6,
    "parentVersion": 5,
    "echartsVersion": "5.1.1",
    "versionCreateTime": "2021-04-30T08:57:04.000Z",
    "html": "",
    "externalScripts": "",
    "updaterUID": "bd-2668683612",
    "theme": "",
    "layout": "",
    "viewCount": 124,
    "userName": "看***过",
    "commentCount": 0,
    "starCount": 7,
    "isStared": 0,
    "thumbnailURL": "https://www.makeapie.com/ecg-storage/ec_gallery_thumbnail/xaybcuROY3.png?v=1619773024455",
    "isCustomThumbnail": 0,
    "builtinTags": [
        "category-work",
        "geo",
        "series-custom",
        "series-heatmap",
        "visualMap"
    ],
    "customTags": [
        "map",
        "svg",
        "svg地图",
        "图片地图",
        "热力图",
        "自定义"
    ],
    "updaterUserName": "看***过"
}