{
    "cid": "xbLYoGNJvt",
    "authorUid": "bd-1677757189",
    "authorUserName": "叶***城",
    "title": "x轴可点击多柱子",
    "description": "最近更新：07月17日",
    "latestVersion": 1,
    "alwaysLatest": 1,
    "createTime": "2021-04-01T08:58:37.000Z",
    "lastUpdateTime": "2021-04-01T08:58:37.000Z",
    "auth": 2,
    "uid": "bd-1677757189",
    "publishedVersion": 0,
    "forkFrom": "-",
    "isSpam": 0,
    "version": 1,
    "parentVersion": -1,
    "echartsVersion": "4.8.0",
    "versionCreateTime": "2021-04-01T08:58:38.000Z",
    "html": "",
    "externalScripts": "",
    "updaterUID": "bd-1677757189",
    "theme": "",
    "layout": "",
    "viewCount": 55,
    "userName": "叶***城",
    "commentCount": 0,
    "starCount": 0,
    "isStared": 0,
    "thumbnailURL": "https://www.makeapie.com/ecg-storage/ec_gallery_thumbnail/xbLYoGNJvt.png?v=1617267518173",
    "isCustomThumbnail": 0,
    "builtinTags": [
        "category-work",
        "grid",
        "legend",
        "series-bar",
        "title",
        "tooltip"
    ],
    "customTags": [],
    "updaterUserName": "叶***城"
}