{
    "cid": "xC80oPAa1b",
    "authorUid": "obd-oPfy07aNXnfq7aUxlcqzG4mwxbzQI9C",
    "authorUserName": "鱼***堡",
    "title": "毕业设计方向就业率",
    "description": "",
    "latestVersion": 29,
    "alwaysLatest": 1,
    "createTime": "2021-04-01T12:44:33.000Z",
    "lastUpdateTime": "2021-04-01T12:44:33.000Z",
    "auth": 2,
    "uid": "obd-oPfy07aNXnfq7aUxlcqzG4mwxbzQI9C",
    "publishedVersion": 0,
    "forkFrom": "-",
    "isSpam": 0,
    "version": 29,
    "parentVersion": 28,
    "echartsVersion": "4.8.0",
    "versionCreateTime": "2021-04-02T01:26:41.000Z",
    "html": "",
    "externalScripts": "",
    "updaterUID": "obd-oPfy07aNXnfq7aUxlcqzG4mwxbzQI9C",
    "theme": "",
    "layout": "",
    "viewCount": 70,
    "userName": "鱼***堡",
    "commentCount": 0,
    "starCount": 0,
    "isStared": 0,
    "thumbnailURL": "https://www.makeapie.com/ecg-storage/ec_gallery_thumbnail/xC80oPAa1b.png?v=1617326801901",
    "isCustomThumbnail": 0,
    "builtinTags": [
        "category-work",
        "legend",
        "series-tree",
        "tooltip"
    ],
    "customTags": [],
    "updaterUserName": "鱼***堡"
}