{
    "cid": "xd8F0WuDaJ",
    "authorUid": "obd-oEu_dWewQ4QxRCrMdgSXbXBMG1luZ4b",
    "authorUserName": "156*****702",
    "title": "共享单车调度可视化",
    "description": "",
    "latestVersion": 3,
    "alwaysLatest": 1,
    "createTime": "2021-04-06T04:02:41.000Z",
    "lastUpdateTime": "2021-04-07T06:34:23.000Z",
    "auth": 2,
    "uid": "obd-oEu_dWewQ4QxRCrMdgSXbXBMG1luZ4b",
    "publishedVersion": 0,
    "forkFrom": "-",
    "isSpam": 0,
    "version": 3,
    "parentVersion": 2,
    "echartsVersion": "4.8.0",
    "versionCreateTime": "2021-04-07T10:00:30.000Z",
    "html": "",
    "externalScripts": "/dep/echarts/latest/extension/bmap.min.js,http://api.map.baidu.com/api?v=3.0&ak=ukfMFbB3n9nB9abBByHhtG5stDPH7hDG",
    "updaterUID": "obd-oEu_dWewQ4QxRCrMdgSXbXBMG1luZ4b",
    "theme": "default",
    "layout": "",
    "viewCount": 57,
    "userName": "156*****702",
    "commentCount": 0,
    "starCount": 0,
    "isStared": 0,
    "thumbnailURL": "https://www.makeapie.com/ecg-storage/ec_gallery_thumbnail/xd8F0WuDaJ.undefined?v=",
    "isCustomThumbnail": 0,
    "builtinTags": [],
    "customTags": [],
    "updaterUserName": "156*****702"
}