{
    "cid": "xDdgOCXPj3",
    "authorUid": "bd-2119482761",
    "authorUserName": "丶***u",
    "title": "line",
    "description": "max",
    "latestVersion": 4,
    "alwaysLatest": 1,
    "createTime": "2021-04-03T08:45:58.000Z",
    "lastUpdateTime": "2021-04-03T08:45:58.000Z",
    "auth": 2,
    "uid": "bd-2119482761",
    "publishedVersion": 0,
    "forkFrom": "-",
    "isSpam": 0,
    "version": 4,
    "parentVersion": 3,
    "echartsVersion": "4.8.0",
    "versionCreateTime": "2021-04-06T15:48:33.000Z",
    "html": "",
    "externalScripts": "",
    "updaterUID": "bd-2119482761",
    "theme": "",
    "layout": "",
    "viewCount": 97,
    "userName": "丶***u",
    "commentCount": 0,
    "starCount": 1,
    "isStared": 0,
    "thumbnailURL": "https://www.makeapie.com/ecg-storage/ec_gallery_thumbnail/xDdgOCXPj3.png?v=1617724113932",
    "isCustomThumbnail": 0,
    "builtinTags": [
        "category-work",
        "grid",
        "legend",
        "markPoint",
        "series-line",
        "tooltip"
    ],
    "customTags": [],
    "updaterUserName": "丶***u"
}