{
    "cid": "xErZMHRIIp",
    "authorUid": "obd-oC-nKeGvxxwI9yHkc5NoISPyQRtcs3h",
    "authorUserName": "w***8",
    "title": "toolbox",
    "description": "",
    "latestVersion": 1,
    "alwaysLatest": 1,
    "createTime": "2021-04-02T05:38:49.000Z",
    "lastUpdateTime": "2021-04-02T05:38:49.000Z",
    "auth": 2,
    "uid": "obd-oC-nKeGvxxwI9yHkc5NoISPyQRtcs3h",
    "publishedVersion": 0,
    "forkFrom": "-",
    "isSpam": 0,
    "version": 1,
    "parentVersion": -1,
    "echartsVersion": "4.8.0",
    "versionCreateTime": "2021-04-02T05:38:49.000Z",
    "html": "",
    "externalScripts": "",
    "updaterUID": "obd-oC-nKeGvxxwI9yHkc5NoISPyQRtcs3h",
    "theme": "",
    "layout": "",
    "viewCount": 47,
    "userName": "w***8",
    "commentCount": 0,
    "starCount": 0,
    "isStared": 0,
    "thumbnailURL": "https://www.makeapie.com/ecg-storage/ec_gallery_thumbnail/xErZMHRIIp.png?v=1617341929557",
    "isCustomThumbnail": 0,
    "builtinTags": [
        "category-work",
        "grid",
        "legend",
        "series-line",
        "toolbox",
        "tooltip"
    ],
    "customTags": [],
    "updaterUserName": "w***8"
}