{
    "cid": "xgEg5o-4x0",
    "authorUid": "obd-oNZFy1dcRzWnTtLelKex-8dzCM0bwC3",
    "authorUserName": "S***瑶",
    "title": "炫酷雷达图+饼图",
    "description": "原版是 173******76 用户的，觉得不太好用，自己拿来改了改",
    "latestVersion": 1,
    "alwaysLatest": 1,
    "createTime": "2021-03-31T07:28:10.000Z",
    "lastUpdateTime": "2021-03-31T07:28:10.000Z",
    "auth": 2,
    "uid": "obd-oNZFy1dcRzWnTtLelKex-8dzCM0bwC3",
    "publishedVersion": 0,
    "forkFrom": "-",
    "isSpam": 0,
    "version": 1,
    "parentVersion": -1,
    "echartsVersion": "4.8.0",
    "versionCreateTime": "2021-03-31T07:28:10.000Z",
    "html": "",
    "externalScripts": "",
    "updaterUID": "obd-oNZFy1dcRzWnTtLelKex-8dzCM0bwC3",
    "theme": "",
    "layout": "",
    "viewCount": 64,
    "userName": "S***瑶",
    "commentCount": 0,
    "starCount": 1,
    "isStared": 0,
    "thumbnailURL": "https://www.makeapie.com/ecg-storage/ec_gallery_thumbnail/xgEg5o-4x0.png?v=1617175691193",
    "isCustomThumbnail": 1,
    "builtinTags": [
        "category-work",
        "grid",
        "series-line",
        "title"
    ],
    "customTags": [],
    "updaterUserName": "S***瑶"
}