{
    "cid": "xpxlMf_Kjf",
    "authorUid": "bd-2083917125",
    "authorUserName": "筱***5",
    "title": "clock",
    "description": "",
    "latestVersion": 1,
    "alwaysLatest": 1,
    "createTime": "2021-04-01T02:37:40.000Z",
    "lastUpdateTime": "2021-04-01T02:37:40.000Z",
    "auth": 2,
    "uid": "bd-2083917125",
    "publishedVersion": 0,
    "forkFrom": "-",
    "isSpam": 0,
    "version": 1,
    "parentVersion": -1,
    "echartsVersion": "4.8.0",
    "versionCreateTime": "2021-04-01T02:37:40.000Z",
    "html": "",
    "externalScripts": "",
    "updaterUID": "bd-2083917125",
    "theme": "",
    "layout": "",
    "viewCount": 25,
    "userName": "筱***5",
    "commentCount": 0,
    "starCount": 0,
    "isStared": 0,
    "thumbnailURL": "https://www.makeapie.com/ecg-storage/ec_gallery_thumbnail/xpxlMf_Kjf.png?v=1617244660847",
    "isCustomThumbnail": 0,
    "builtinTags": [
        "category-work",
        "series-gauge"
    ],
    "customTags": [],
    "updaterUserName": "筱***5"
}