{
    "cid": "xSy4pLSOku",
    "authorUid": "obd-oMZ897aaM_c6bLXIWmPsGtDThCLj12j",
    "authorUserName": "安***听",
    "title": "象形柱状图",
    "description": "",
    "latestVersion": 2,
    "alwaysLatest": 1,
    "createTime": "2021-03-31T03:44:46.000Z",
    "lastUpdateTime": "2021-12-02T09:30:59.000Z",
    "auth": 2,
    "uid": "obd-oMZ897aaM_c6bLXIWmPsGtDThCLj12j",
    "publishedVersion": 0,
    "forkFrom": "-",
    "isSpam": 0,
    "version": 2,
    "parentVersion": 1,
    "echartsVersion": "4.9.0",
    "versionCreateTime": "2021-12-02T09:30:59.000Z",
    "html": "",
    "externalScripts": "",
    "updaterUID": "obd-oMZ897aaM_c6bLXIWmPsGtDThCLj12j",
    "theme": "",
    "layout": "",
    "viewCount": 43,
    "userName": "安***听",
    "commentCount": 0,
    "starCount": 10,
    "isStared": 0,
    "thumbnailURL": "https://www.makeapie.com/ecg-storage/ec_gallery_thumbnail/xSy4pLSOku.png?v=1638437459639",
    "isCustomThumbnail": 0,
    "builtinTags": [
        "category-work",
        "grid",
        "legend",
        "markPoint",
        "series-bar",
        "series-pictorialBar",
        "tooltip"
    ],
    "customTags": [],
    "updaterUserName": "安***听"
}