{
    "cid": "xx-GMa9yeQ",
    "authorUid": "obd-oMLV8H8XY_gKJrwoklcuqjJPz22K82I",
    "authorUserName": "7***8",
    "title": "常用坐标样式",
    "description": "常用直角坐标系坐标样式",
    "latestVersion": 2,
    "alwaysLatest": 1,
    "createTime": "2021-03-31T08:31:42.000Z",
    "lastUpdateTime": "2021-03-31T08:31:42.000Z",
    "auth": 2,
    "uid": "obd-oMLV8H8XY_gKJrwoklcuqjJPz22K82I",
    "publishedVersion": 0,
    "forkFrom": "-",
    "isSpam": 0,
    "version": 2,
    "parentVersion": 1,
    "echartsVersion": "4.8.0",
    "versionCreateTime": "2021-04-06T07:46:38.000Z",
    "html": "",
    "externalScripts": "",
    "updaterUID": "obd-oMLV8H8XY_gKJrwoklcuqjJPz22K82I",
    "theme": "",
    "layout": "",
    "viewCount": 23,
    "userName": "7***8",
    "commentCount": 0,
    "starCount": 0,
    "isStared": 0,
    "thumbnailURL": "https://www.makeapie.com/ecg-storage/ec_gallery_thumbnail/xx-GMa9yeQ.png?v=1617695198187",
    "isCustomThumbnail": 0,
    "builtinTags": [
        "category-work",
        "grid",
        "series-bar",
        "title"
    ],
    "customTags": [
        "axis",
        "iwhalecloud"
    ],
    "updaterUserName": "7***8"
}