{
    "cid": "xynRS9Uc-t",
    "authorUid": "obd-oAc1DsfUkB7VgQGGDhUqS-9IraOJ57l",
    "authorUserName": "冰***瞳",
    "title": "排名",
    "description": "",
    "latestVersion": 2,
    "alwaysLatest": 1,
    "createTime": "2021-03-31T08:28:52.000Z",
    "lastUpdateTime": "2021-03-31T08:28:52.000Z",
    "auth": 2,
    "uid": "obd-oAc1DsfUkB7VgQGGDhUqS-9IraOJ57l",
    "publishedVersion": 0,
    "forkFrom": "-",
    "isSpam": 0,
    "version": 2,
    "parentVersion": 1,
    "echartsVersion": "4.8.0",
    "versionCreateTime": "2021-03-31T08:29:12.000Z",
    "html": "",
    "externalScripts": "",
    "updaterUID": "obd-oAc1DsfUkB7VgQGGDhUqS-9IraOJ57l",
    "theme": "",
    "layout": "",
    "viewCount": 34,
    "userName": "冰***瞳",
    "commentCount": 0,
    "starCount": 0,
    "isStared": 0,
    "thumbnailURL": "https://www.makeapie.com/ecg-storage/ec_gallery_thumbnail/xynRS9Uc-t.png?v=1617179352749",
    "isCustomThumbnail": 0,
    "builtinTags": [
        "category-work",
        "grid",
        "legend",
        "series-bar",
        "tooltip"
    ],
    "customTags": [],
    "updaterUserName": "冰***瞳"
}