{
    "cid": "xB173BGHTg",
    "authorUid": "bd-3778831175",
    "authorUserName": "m***i",
    "title": "苏州人口迁入图",
    "description": "数据效果借鉴于charts社区",
    "latestVersion": 3,
    "alwaysLatest": 1,
    "createTime": "2017-04-07T13:35:38.000Z",
    "lastUpdateTime": "2017-04-07T13:35:38.000Z",
    "auth": 1,
    "uid": "bd-3778831175",
    "publishedVersion": 0,
    "forkFrom": "-",
    "isSpam": 0,
    "version": 3,
    "parentVersion": 2,
    "echartsVersion": "3.8.0",
    "versionCreateTime": "2018-01-17T05:50:56.000Z",
    "html": "",
    "externalScripts": "/dep/echarts/map/js/china.js",
    "updaterUID": "bd-1128068496",
    "theme": "",
    "layout": "",
    "viewCount": 1884,
    "userName": "m***i",
    "commentCount": 0,
    "starCount": 4,
    "isStared": 0,
    "thumbnailURL": "https://www.makeapie.com/ecg-storage/ec_gallery_thumbnail/xB173BGHTg.png?v=1516168257090",
    "isCustomThumbnail": 0,
    "builtinTags": [
        "category-work",
        "geo",
        "series-effectScatter",
        "series-lines"
    ],
    "customTags": [],
    "updaterUserName": "爱你941214"
}