{
    "cid": "xBJoTr923l",
    "authorUid": "bd-3423954353",
    "authorUserName": "枫***子",
    "title": "",
    "description": "",
    "latestVersion": 6,
    "alwaysLatest": 1,
    "createTime": "2017-04-01T02:51:47.000Z",
    "lastUpdateTime": "2017-04-01T02:51:47.000Z",
    "auth": 2,
    "uid": "bd-3423954353",
    "publishedVersion": 0,
    "forkFrom": "-",
    "isSpam": 0,
    "version": 6,
    "parentVersion": 5,
    "echartsVersion": "3.6.1",
    "versionCreateTime": "2017-06-05T07:36:58.000Z",
    "html": "",
    "externalScripts": "",
    "updaterUID": "bd-3423954353",
    "theme": "",
    "layout": "",
    "viewCount": 1185,
    "userName": "枫***子",
    "commentCount": 0,
    "starCount": 1,
    "isStared": 0,
    "thumbnailURL": "https://www.makeapie.com/ecg-storage/ec_gallery_thumbnail/xBJoTr923l.png?v=1491025276904",
    "isCustomThumbnail": 0,
    "builtinTags": [
        "category-work",
        "series-pie"
    ],
    "customTags": [],
    "updaterUserName": "枫***子"
}