{
    "cid": "xByZjvzrpl",
    "authorUid": "bd-3778831175",
    "authorUserName": "m***i",
    "title": "无锡人口迁入图",
    "description": "无锡人口迁入图,效果来源于Echarts社区",
    "latestVersion": 6,
    "alwaysLatest": 1,
    "createTime": "2017-04-07T13:43:53.000Z",
    "lastUpdateTime": "2017-04-07T13:43:53.000Z",
    "auth": 1,
    "uid": "bd-3778831175",
    "publishedVersion": 0,
    "forkFrom": "-",
    "isSpam": 0,
    "version": 6,
    "parentVersion": 5,
    "echartsVersion": "3.8.0",
    "versionCreateTime": "2019-03-08T02:58:40.000Z",
    "html": "",
    "externalScripts": "/dep/echarts/latest/extension/bmap.min.js,/dep/echarts/map/js/china.js",
    "updaterUID": "bd-2821178748",
    "theme": "",
    "layout": "",
    "viewCount": 5091,
    "userName": "m***i",
    "commentCount": 0,
    "starCount": 8,
    "isStared": 0,
    "thumbnailURL": "https://www.makeapie.com/ecg-storage/ec_gallery_thumbnail/xByZjvzrpl.png?v=1552013921024",
    "isCustomThumbnail": 0,
    "builtinTags": [
        "category-work",
        "geo",
        "series-effectScatter",
        "series-lines",
        "title",
        "tooltip"
    ],
    "customTags": [],
    "updaterUserName": "牜林熠"
}