{
    "cid": "xH1MCbFmTx",
    "authorUid": "bd-1225198824",
    "authorUserName": "chunfang740",
    "title": "圆柱流图",
    "description": "圆柱流图",
    "latestVersion": 3,
    "alwaysLatest": 1,
    "createTime": "2017-04-06T08:52:25.000Z",
    "lastUpdateTime": "2017-04-06T08:52:25.000Z",
    "auth": 2,
    "uid": "bd-1225198824",
    "publishedVersion": 0,
    "forkFrom": "-",
    "isSpam": 0,
    "version": 3,
    "parentVersion": 2,
    "echartsVersion": "3.6.2",
    "versionCreateTime": "2017-07-05T10:15:30.000Z",
    "html": "",
    "externalScripts": "https://rawgit.com/ecomfe/echarts-liquidfill/0bd405f012e1a23408e1bf70ec3a727cab169c16/dist/echarts-liquidfill.js",
    "updaterUID": "bd-1225198824",
    "theme": "",
    "layout": "",
    "viewCount": 8347,
    "userName": "chunfang740",
    "commentCount": 3,
    "starCount": 10,
    "isStared": 0,
    "thumbnailURL": "https://www.makeapie.com/ecg-storage/ec_gallery_thumbnail/xH1MCbFmTx.png?v=1499249730817",
    "isCustomThumbnail": 0,
    "builtinTags": [
        "category-work",
        "series-liquidFill",
        "title",
        "tooltip"
    ],
    "customTags": [
        "，圆柱",
        "liquidFill"
    ],
    "updaterUserName": "chunfang740"
}