{
    "cid": "xHkkxeMGpl",
    "authorUid": "bd-306958083",
    "authorUserName": "iFlytek_fresh",
    "title": "动态山峰图",
    "description": "",
    "latestVersion": 3,
    "alwaysLatest": 1,
    "createTime": "2017-04-05T06:34:15.000Z",
    "lastUpdateTime": "2017-04-05T06:34:15.000Z",
    "auth": 2,
    "uid": "bd-306958083",
    "publishedVersion": 0,
    "forkFrom": "-",
    "isSpam": 0,
    "version": 3,
    "parentVersion": 2,
    "echartsVersion": "3.5.1",
    "versionCreateTime": "2017-04-05T06:38:01.000Z",
    "html": "",
    "externalScripts": "",
    "updaterUID": "bd-306958083",
    "theme": "",
    "layout": "",
    "viewCount": 297,
    "userName": "iFlytek_fresh",
    "commentCount": 0,
    "starCount": 1,
    "isStared": 0,
    "thumbnailURL": "https://www.makeapie.com/ecg-storage/ec_gallery_thumbnail/xHkkxeMGpl.png?v=1491374281504",
    "isCustomThumbnail": 0,
    "builtinTags": [
        "axisPointer",
        "category-work",
        "grid",
        "series-line"
    ],
    "customTags": [],
    "updaterUserName": "iFlytek_fresh"
}