{
    "cid": "xrJ9I-om6e",
    "authorUid": "bd-1276286736",
    "authorUserName": "小朱爱一生",
    "title": "显示X轴曲线",
    "description": "lable显示X轴,点击事件",
    "latestVersion": 2,
    "alwaysLatest": 1,
    "createTime": "2017-04-06T11:06:57.000Z",
    "lastUpdateTime": "2017-04-06T11:06:57.000Z",
    "auth": 2,
    "uid": "bd-1276286736",
    "publishedVersion": 0,
    "forkFrom": "-",
    "isSpam": 0,
    "version": 2,
    "parentVersion": 1,
    "echartsVersion": "3.5.1",
    "versionCreateTime": "2017-04-06T11:24:51.000Z",
    "html": "",
    "externalScripts": "",
    "updaterUID": "bd-1276286736",
    "theme": "",
    "layout": "",
    "viewCount": 861,
    "userName": "小朱爱一生",
    "commentCount": 0,
    "starCount": 4,
    "isStared": 0,
    "thumbnailURL": "https://www.makeapie.com/ecg-storage/ec_gallery_thumbnail/xrJ9I-om6e.png?v=1491477891608",
    "isCustomThumbnail": 0,
    "builtinTags": [
        "axisPointer",
        "category-work",
        "grid",
        "series-line",
        "tooltip"
    ],
    "customTags": [],
    "updaterUserName": "小朱爱一生"
}