{
    "cid": "xrJl-RimTx",
    "authorUid": "bd-2858157567",
    "authorUserName": "楼云山",
    "title": "蓝红",
    "description": "啊哈哈哈哈",
    "latestVersion": 2,
    "alwaysLatest": 1,
    "createTime": "2017-04-06T12:00:55.000Z",
    "lastUpdateTime": "2017-04-06T12:00:55.000Z",
    "auth": 1,
    "uid": "bd-2858157567",
    "publishedVersion": 0,
    "forkFrom": "-",
    "isSpam": 0,
    "version": 2,
    "parentVersion": 1,
    "echartsVersion": "3.6.2",
    "versionCreateTime": "2017-08-02T00:26:03.000Z",
    "html": "",
    "externalScripts": "",
    "updaterUID": "bd-839520306",
    "theme": "",
    "layout": "",
    "viewCount": 1373,
    "userName": "楼云山",
    "commentCount": 0,
    "starCount": 1,
    "isStared": 0,
    "thumbnailURL": "https://www.makeapie.com/ecg-storage/ec_gallery_thumbnail/xrJl-RimTx.png?v=1501633563753",
    "isCustomThumbnail": 0,
    "builtinTags": [
        "category-work",
        "grid",
        "series-heatmap",
        "title",
        "tooltip",
        "visualMap"
    ],
    "customTags": [],
    "updaterUserName": "0***3"
}