{
    "cid": "xrJob_GZal",
    "authorUid": "bd-2215764494",
    "authorUserName": "p***g",
    "title": "benchmark",
    "description": "https://bl.ocks.org/pbeshai/65420c8d722cdbb0600b276c3adcc6e8#common.js\nhttps://bl.ocks.org/hudsonb/7beba51e38676fb6bafc0f266f7fa338\n",
    "latestVersion": 3,
    "alwaysLatest": 1,
    "createTime": "2017-04-04T12:56:35.000Z",
    "lastUpdateTime": "2017-06-11T07:24:39.000Z",
    "auth": 2,
    "uid": "bd-2215764494",
    "publishedVersion": 0,
    "forkFrom": "-",
    "isSpam": 0,
    "version": 3,
    "parentVersion": 2,
    "echartsVersion": "3.6.2",
    "versionCreateTime": "2017-07-07T04:12:55.000Z",
    "html": "",
    "externalScripts": "https://d3js.org/d3.v4.min.js",
    "updaterUID": "bd-2215764494",
    "theme": "default",
    "layout": "",
    "viewCount": 1383,
    "userName": "p***g",
    "commentCount": 0,
    "starCount": 6,
    "isStared": 0,
    "thumbnailURL": "https://www.makeapie.com/ecg-storage/ec_gallery_thumbnail/xrJob_GZal.png?v=1497165881382",
    "isCustomThumbnail": 1,
    "builtinTags": [
        "category-work"
    ],
    "customTags": [],
    "updaterUserName": "p***g"
}