{
    "cid": "xrJo0JdIal",
    "authorUid": "bd-2905269377",
    "authorUserName": "4***了",
    "title": "北京各春游景点人数统计",
    "description": "支持区域缩放 symbol图形自定义(echarts没有找到上传图片的方法,感兴趣的朋友可以下载到本地引入图片玩玩,已经在代码中声明方法)",
    "latestVersion": 7,
    "alwaysLatest": 1,
    "createTime": "2017-04-08T14:12:34.000Z",
    "lastUpdateTime": "2017-05-08T01:44:29.000Z",
    "auth": 2,
    "uid": "bd-2905269377",
    "publishedVersion": 0,
    "forkFrom": "-",
    "isSpam": 0,
    "version": 7,
    "parentVersion": 6,
    "echartsVersion": "3.8.0",
    "versionCreateTime": "2018-01-31T08:27:16.000Z",
    "html": "",
    "externalScripts": "",
    "updaterUID": "bd-2905269377",
    "theme": "default",
    "layout": "",
    "viewCount": 9971,
    "userName": "4***了",
    "commentCount": 4,
    "starCount": 22,
    "isStared": 0,
    "thumbnailURL": "https://www.makeapie.com/ecg-storage/ec_gallery_thumbnail/xrJo0JdIal.png?v=1517387236249",
    "isCustomThumbnail": 0,
    "builtinTags": [
        "category-work",
        "dataZoom",
        "grid",
        "legend",
        "series-bar",
        "series-line",
        "title",
        "toolbox",
        "tooltip"
    ],
    "customTags": [
        "bar",
        "dataZoom",
        "line",
        "yAxis"
    ],
    "updaterUserName": "4***了"
}