{
    "cid": "xrkfmIKhng",
    "authorUid": "bd-2460781221",
    "authorUserName": "zmy_0707",
    "title": "折线图",
    "description": "",
    "latestVersion": 5,
    "alwaysLatest": 1,
    "createTime": "2017-04-01T01:44:57.000Z",
    "lastUpdateTime": "2017-04-10T05:02:19.000Z",
    "auth": 2,
    "uid": "bd-2460781221",
    "publishedVersion": 0,
    "forkFrom": "-",
    "isSpam": 0,
    "version": 5,
    "parentVersion": 4,
    "echartsVersion": "3.5.1",
    "versionCreateTime": "2017-04-10T06:10:02.000Z",
    "html": "",
    "externalScripts": "",
    "updaterUID": "bd-2460781221",
    "theme": "macarons",
    "layout": "",
    "viewCount": 456,
    "userName": "zmy_0707",
    "commentCount": 0,
    "starCount": 0,
    "isStared": 0,
    "thumbnailURL": "https://www.makeapie.com/ecg-storage/ec_gallery_thumbnail/xrkfmIKhng.png?v=1491804602528",
    "isCustomThumbnail": 0,
    "builtinTags": [
        "axisPointer",
        "category-work",
        "dataZoom",
        "grid",
        "legend",
        "series-line",
        "title",
        "toolbox",
        "tooltip"
    ],
    "customTags": [],
    "updaterUserName": "zmy_0707"
}