{
    "cid": "xryHD3-rax",
    "authorUid": "bd-3778831175",
    "authorUserName": "m***i",
    "title": "苏州部分地区空气质量",
    "description": "",
    "latestVersion": 4,
    "alwaysLatest": 1,
    "createTime": "2017-04-07T12:55:57.000Z",
    "lastUpdateTime": "2017-04-07T12:55:57.000Z",
    "auth": 1,
    "uid": "bd-3778831175",
    "publishedVersion": 0,
    "forkFrom": "-",
    "isSpam": 0,
    "version": 4,
    "parentVersion": 3,
    "echartsVersion": "3.8.0",
    "versionCreateTime": "2018-05-14T01:00:05.000Z",
    "html": "",
    "externalScripts": "/dep/echarts/map/js/china.js",
    "updaterUID": "bd-1947365975",
    "theme": "",
    "layout": "",
    "viewCount": 571,
    "userName": "m***i",
    "commentCount": 0,
    "starCount": 1,
    "isStared": 0,
    "thumbnailURL": "https://www.makeapie.com/ecg-storage/ec_gallery_thumbnail/xryHD3-rax.png?v=1526259605772",
    "isCustomThumbnail": 0,
    "builtinTags": [
        "category-work",
        "geo",
        "series-effectScatter",
        "series-scatter",
        "tooltip"
    ],
    "customTags": [],
    "updaterUserName": "Kevin_pie"
}