{
    "cid": "xS1GE7GHpl",
    "authorUid": "bd-3778831175",
    "authorUserName": "m***i",
    "title": "春节人口迁徙",
    "description": "数据来源于 百度lbs开放平台",
    "latestVersion": 8,
    "alwaysLatest": 1,
    "createTime": "2017-04-07T13:24:58.000Z",
    "lastUpdateTime": "2017-04-07T13:24:58.000Z",
    "auth": 1,
    "uid": "bd-3778831175",
    "publishedVersion": 0,
    "forkFrom": "-",
    "isSpam": 0,
    "version": 8,
    "parentVersion": 7,
    "echartsVersion": "3.8.0",
    "versionCreateTime": "2019-06-14T09:36:37.000Z",
    "html": "",
    "externalScripts": "/dep/echarts/map/js/china.js",
    "updaterUID": "bd-3259995755",
    "theme": "",
    "layout": "",
    "viewCount": 3445,
    "userName": "m***i",
    "commentCount": 5,
    "starCount": 6,
    "isStared": 0,
    "thumbnailURL": "https://www.makeapie.com/ecg-storage/ec_gallery_thumbnail/xS1GE7GHpl.png?v=1560504997911",
    "isCustomThumbnail": 0,
    "builtinTags": [
        "category-work",
        "geo",
        "legend",
        "series-effectScatter",
        "series-lines",
        "title"
    ],
    "customTags": [],
    "updaterUserName": "红尘添乱5156"
}