{
    "cid": "xS1SRo5m6x",
    "authorUid": "bd-3590532776",
    "authorUserName": "m***1",
    "title": "污染物浓度图",
    "description": "堆叠数据",
    "latestVersion": 1,
    "alwaysLatest": 1,
    "createTime": "2017-04-06T10:43:24.000Z",
    "lastUpdateTime": "2017-04-06T10:43:24.000Z",
    "auth": 2,
    "uid": "bd-3590532776",
    "publishedVersion": 0,
    "forkFrom": "-",
    "isSpam": 0,
    "version": 1,
    "parentVersion": -1,
    "echartsVersion": "3.5.1",
    "versionCreateTime": "2017-04-06T10:43:24.000Z",
    "html": "",
    "externalScripts": "",
    "updaterUID": "bd-3590532776",
    "theme": "",
    "layout": "",
    "viewCount": 1810,
    "userName": "m***1",
    "commentCount": 0,
    "starCount": 4,
    "isStared": 0,
    "thumbnailURL": "https://www.makeapie.com/ecg-storage/ec_gallery_thumbnail/xS1SRo5m6x.png?v=1491475405097",
    "isCustomThumbnail": 0,
    "builtinTags": [
        "axisPointer",
        "category-work",
        "dataZoom",
        "grid",
        "legend",
        "series-line",
        "title",
        "toolbox",
        "tooltip"
    ],
    "customTags": [],
    "updaterUserName": "m***1"
}