{
    "cid": "xS1ubRZH6l",
    "authorUid": "bd-3778831175",
    "authorUserName": "m***i",
    "title": "宿迁人口迁入图",
    "description": "",
    "latestVersion": 4,
    "alwaysLatest": 1,
    "createTime": "2017-04-07T13:02:55.000Z",
    "lastUpdateTime": "2017-04-07T13:02:55.000Z",
    "auth": 1,
    "uid": "bd-3778831175",
    "publishedVersion": 0,
    "forkFrom": "-",
    "isSpam": 0,
    "version": 4,
    "parentVersion": 3,
    "echartsVersion": "3.8.0",
    "versionCreateTime": "2021-02-20T08:55:45.000Z",
    "html": "",
    "externalScripts": "/dep/echarts/map/js/china.js",
    "updaterUID": "obd-ojhMuh-gQzcEWyFkHiYZ_mJ-eFNt2De",
    "theme": "",
    "layout": "",
    "viewCount": 2176,
    "userName": "m***i",
    "commentCount": 0,
    "starCount": 2,
    "isStared": 0,
    "thumbnailURL": "https://www.makeapie.com/ecg-storage/ec_gallery_thumbnail/xS1ubRZH6l.png?v=1613811345919",
    "isCustomThumbnail": 0,
    "builtinTags": [
        "category-work",
        "geo",
        "series-effectScatter",
        "series-lines",
        "title",
        "tooltip"
    ],
    "customTags": [],
    "updaterUserName": "b***5"
}