{
    "cid": "xSJGlJE7Tg",
    "authorUid": "bd-1661529759",
    "authorUserName": "l***o",
    "title": "区域流向",
    "description": "区域流向",
    "latestVersion": 2,
    "alwaysLatest": 1,
    "createTime": "2017-04-06T02:58:49.000Z",
    "lastUpdateTime": "2017-04-06T02:58:49.000Z",
    "auth": 2,
    "uid": "bd-1661529759",
    "publishedVersion": 0,
    "forkFrom": "-",
    "isSpam": 0,
    "version": 2,
    "parentVersion": 1,
    "echartsVersion": "3.5.1",
    "versionCreateTime": "2017-04-06T02:59:03.000Z",
    "html": "",
    "externalScripts": "",
    "updaterUID": "bd-1661529759",
    "theme": "dark",
    "layout": "",
    "viewCount": 3588,
    "userName": "l***o",
    "commentCount": 4,
    "starCount": 9,
    "isStared": 0,
    "thumbnailURL": "https://www.makeapie.com/ecg-storage/ec_gallery_thumbnail/xSJGlJE7Tg.png?v=1491447543971",
    "isCustomThumbnail": 0,
    "builtinTags": [
        "axisPointer",
        "category-work",
        "geo",
        "legend",
        "series-effectScatter",
        "series-lines",
        "tooltip",
        "visualMap"
    ],
    "customTags": [],
    "updaterUserName": "l***o"
}