{
    "cid": "xSkbbjTVTl",
    "authorUid": "bd-3087329461",
    "authorUserName": "giszpp",
    "title": "custom kbar",
    "description": "",
    "latestVersion": 4,
    "alwaysLatest": 1,
    "createTime": "2017-04-07T08:16:57.000Z",
    "lastUpdateTime": "2017-04-07T08:16:57.000Z",
    "auth": 2,
    "uid": "bd-3087329461",
    "publishedVersion": 0,
    "forkFrom": "-",
    "isSpam": 0,
    "version": 4,
    "parentVersion": 3,
    "echartsVersion": "3.5.1",
    "versionCreateTime": "2017-04-07T11:04:33.000Z",
    "html": "",
    "externalScripts": "",
    "updaterUID": "bd-3087329461",
    "theme": "",
    "layout": "",
    "viewCount": 276,
    "userName": "giszpp",
    "commentCount": 0,
    "starCount": 2,
    "isStared": 0,
    "thumbnailURL": "https://www.makeapie.com/ecg-storage/ec_gallery_thumbnail/xSkbbjTVTl.png?v=1491563073606",
    "isCustomThumbnail": 0,
    "builtinTags": [
        "axisPointer",
        "category-work",
        "graphic",
        "grid",
        "legend",
        "series-line",
        "tooltip",
        "visualMap"
    ],
    "customTags": [],
    "updaterUserName": "giszpp"
}