{
    "cid": "xSkzUAbI6e",
    "authorUid": "bd-1948277857",
    "authorUserName": "小***0",
    "title": "",
    "description": "",
    "latestVersion": 1,
    "alwaysLatest": 1,
    "createTime": "2017-04-08T07:16:25.000Z",
    "lastUpdateTime": "2017-04-08T07:16:25.000Z",
    "auth": 2,
    "uid": "bd-1948277857",
    "publishedVersion": 0,
    "forkFrom": "-",
    "isSpam": 0,
    "version": 1,
    "parentVersion": -1,
    "echartsVersion": "3.5.1",
    "versionCreateTime": "2017-04-08T07:16:26.000Z",
    "html": "",
    "externalScripts": "",
    "updaterUID": "bd-1948277857",
    "theme": "",
    "layout": "",
    "viewCount": 110,
    "userName": "小***0",
    "commentCount": 0,
    "starCount": 0,
    "isStared": 0,
    "thumbnailURL": "https://www.makeapie.com/ecg-storage/ec_gallery_thumbnail/xSkzUAbI6e.png?v=1491635786281",
    "isCustomThumbnail": 0,
    "builtinTags": [
        "axisPointer",
        "category-work",
        "grid",
        "legend",
        "series-line",
        "tooltip"
    ],
    "customTags": [],
    "updaterUserName": "小***0"
}