{
    "cid": "x4RIcgymXv",
    "authorUid": "obd-o0e9n6zKPv-fsAG8jXqsj_8BU5rvtFp",
    "authorUserName": "C***7",
    "title": "渐变柱状图",
    "description": "",
    "latestVersion": 1,
    "alwaysLatest": 0,
    "createTime": "2021-08-26T04:28:24.000Z",
    "lastUpdateTime": "2021-08-26T04:28:24.000Z",
    "auth": 1,
    "uid": "obd-o0e9n6zKPv-fsAG8jXqsj_8BU5rvtFp",
    "publishedVersion": 0,
    "forkFrom": "-",
    "isSpam": 0,
    "version": 1,
    "parentVersion": -1,
    "echartsVersion": "5.1.2",
    "versionCreateTime": "2021-08-26T04:28:24.000Z",
    "html": "",
    "externalScripts": "",
    "updaterUID": "obd-o0e9n6zKPv-fsAG8jXqsj_8BU5rvtFp",
    "theme": "",
    "layout": "",
    "viewCount": 0,
    "userName": "C***7",
    "commentCount": 0,
    "starCount": 0,
    "isStared": 0,
    "thumbnailURL": "https://www.makeapie.com/ecg-storage/ec_gallery_thumbnail/x4RIcgymXv.png?v=1629952104383",
    "isCustomThumbnail": 0,
    "builtinTags": [
        "category-work",
        "grid",
        "series-bar"
    ],
    "customTags": [],
    "updaterUserName": "C***7"
}