{
    "cid": "x7tcvzoCNQ",
    "authorUid": "bd-3780279729",
    "authorUserName": "水***宝",
    "title": "圆环1",
    "description": "",
    "latestVersion": 1,
    "alwaysLatest": 0,
    "createTime": "2021-08-26T05:40:07.000Z",
    "lastUpdateTime": "2021-08-26T05:40:07.000Z",
    "auth": 2,
    "uid": "bd-3780279729",
    "publishedVersion": 0,
    "forkFrom": "-",
    "isSpam": 0,
    "version": 1,
    "parentVersion": -1,
    "echartsVersion": "5.1.2",
    "versionCreateTime": "2021-08-26T05:40:07.000Z",
    "html": "",
    "externalScripts": "",
    "updaterUID": "bd-3780279729",
    "theme": "",
    "layout": "",
    "viewCount": 0,
    "userName": "水***宝",
    "commentCount": 0,
    "starCount": 0,
    "isStared": 0,
    "thumbnailURL": "https://www.makeapie.com/ecg-storage/ec_gallery_thumbnail/x7tcvzoCNQ.png?v=1629956407723",
    "isCustomThumbnail": 0,
    "builtinTags": [
        "category-work",
        "series-pie",
        "tooltip"
    ],
    "customTags": [],
    "updaterUserName": "水***宝"
}