{
    "cid": "x_n5UIPVwX",
    "authorUid": "bd-3172106163",
    "authorUserName": "m***3",
    "title": "男女比例占比饼图",
    "description": "",
    "latestVersion": 1,
    "alwaysLatest": 0,
    "createTime": "2021-08-26T03:33:46.000Z",
    "lastUpdateTime": "2021-08-26T03:33:46.000Z",
    "auth": 2,
    "uid": "bd-3172106163",
    "publishedVersion": 0,
    "forkFrom": "-",
    "isSpam": 0,
    "version": 1,
    "parentVersion": -1,
    "echartsVersion": "4.8.0",
    "versionCreateTime": "2021-08-26T03:33:47.000Z",
    "html": "",
    "externalScripts": "",
    "updaterUID": "bd-3172106163",
    "theme": "",
    "layout": "",
    "viewCount": 0,
    "userName": "m***3",
    "commentCount": 0,
    "starCount": 0,
    "isStared": 0,
    "thumbnailURL": "https://www.makeapie.com/ecg-storage/ec_gallery_thumbnail/x_n5UIPVwX.png?v=1629948827175",
    "isCustomThumbnail": 0,
    "builtinTags": [
        "category-work",
        "graphic",
        "series-pie",
        "toolbox",
        "tooltip"
    ],
    "customTags": [],
    "updaterUserName": "m***3"
}