{
    "cid": "xbAf0Vb2yr",
    "authorUid": "bd-302329192",
    "authorUserName": "k***e",
    "title": "WORLD COFFEE RESEARCH SENSORY LEXICON",
    "description": "Source: https://worldcoffeeresearch.org/work/sensory-lexicon/",
    "latestVersion": 4,
    "alwaysLatest": 0,
    "createTime": "2021-08-26T02:15:09.000Z",
    "lastUpdateTime": "2021-08-27T02:48:41.000Z",
    "auth": 2,
    "uid": "bd-302329192",
    "publishedVersion": 0,
    "forkFrom": "-",
    "isSpam": 0,
    "version": 4,
    "parentVersion": 3,
    "echartsVersion": "5.1.2",
    "versionCreateTime": "2021-08-27T02:48:41.000Z",
    "html": "",
    "externalScripts": "",
    "updaterUID": "bd-302329192",
    "theme": "",
    "layout": "",
    "viewCount": 0,
    "userName": "k***e",
    "commentCount": 0,
    "starCount": 0,
    "isStared": 0,
    "thumbnailURL": "https://www.makeapie.com/ecg-storage/ec_gallery_thumbnail/xbAf0Vb2yr.png?v=1630032521217",
    "isCustomThumbnail": 0,
    "builtinTags": [
        "category-work",
        "series-sunburst",
        "title"
    ],
    "customTags": [],
    "updaterUserName": "k***e"
}