{
    "cid": "xBxeUemYqU",
    "authorUid": "bd-3578067285",
    "authorUserName": "勿***心",
    "title": "仪表盘",
    "description": "",
    "latestVersion": 2,
    "alwaysLatest": 1,
    "createTime": "2021-08-25T08:30:47.000Z",
    "lastUpdateTime": "2021-08-25T08:35:38.000Z",
    "auth": 2,
    "uid": "bd-3578067285",
    "publishedVersion": 0,
    "forkFrom": "-",
    "isSpam": 0,
    "version": 2,
    "parentVersion": 1,
    "echartsVersion": "5.1.2",
    "versionCreateTime": "2021-08-25T08:35:39.000Z",
    "html": "",
    "externalScripts": "",
    "updaterUID": "bd-3578067285",
    "theme": "dark",
    "layout": "",
    "viewCount": 0,
    "userName": "勿***心",
    "commentCount": 0,
    "starCount": 9,
    "isStared": 0,
    "thumbnailURL": "https://www.makeapie.com/ecg-storage/ec_gallery_thumbnail/xBxeUemYqU.png?v=1629880539312",
    "isCustomThumbnail": 0,
    "builtinTags": [
        "category-work",
        "series-gauge",
        "series-pie"
    ],
    "customTags": [],
    "updaterUserName": "勿***心"
}