{
    "cid": "xGBp-CW_xK",
    "authorUid": "obd-oF_6uLSfFpCKPbilNn5NUUxn053sz5q",
    "authorUserName": "s***3",
    "title": "简单环图",
    "description": "",
    "latestVersion": 1,
    "alwaysLatest": 0,
    "createTime": "2021-08-26T02:36:34.000Z",
    "lastUpdateTime": "2021-08-26T02:36:34.000Z",
    "auth": 2,
    "uid": "obd-oF_6uLSfFpCKPbilNn5NUUxn053sz5q",
    "publishedVersion": 0,
    "forkFrom": "-",
    "isSpam": 0,
    "version": 1,
    "parentVersion": -1,
    "echartsVersion": "5.1.2",
    "versionCreateTime": "2021-08-26T02:36:34.000Z",
    "html": "",
    "externalScripts": "",
    "updaterUID": "obd-oF_6uLSfFpCKPbilNn5NUUxn053sz5q",
    "theme": "",
    "layout": "",
    "viewCount": 0,
    "userName": "s***3",
    "commentCount": 0,
    "starCount": 1,
    "isStared": 0,
    "thumbnailURL": "https://www.makeapie.com/ecg-storage/ec_gallery_thumbnail/xGBp-CW_xK.png?v=1629945394632",
    "isCustomThumbnail": 0,
    "builtinTags": [
        "category-work",
        "polar",
        "series-bar",
        "series-pie"
    ],
    "customTags": [],
    "updaterUserName": "s***3"
}