{
    "cid": "xHo5ePDZ6-",
    "authorUid": "obd-olnf8nC5qKxMZKBlltBwT3HPMXg_m0F",
    "authorUserName": "h***a",
    "title": "锥形柱状图",
    "description": "",
    "latestVersion": 1,
    "alwaysLatest": 0,
    "createTime": "2021-08-25T08:32:10.000Z",
    "lastUpdateTime": "2021-08-25T08:32:10.000Z",
    "auth": 2,
    "uid": "obd-olnf8nC5qKxMZKBlltBwT3HPMXg_m0F",
    "publishedVersion": 0,
    "forkFrom": "-",
    "isSpam": 0,
    "version": 1,
    "parentVersion": -1,
    "echartsVersion": "5.1.2",
    "versionCreateTime": "2021-08-25T08:32:10.000Z",
    "html": "",
    "externalScripts": "",
    "updaterUID": "obd-olnf8nC5qKxMZKBlltBwT3HPMXg_m0F",
    "theme": "",
    "layout": "",
    "viewCount": 0,
    "userName": "h***a",
    "commentCount": 0,
    "starCount": 2,
    "isStared": 0,
    "thumbnailURL": "https://www.makeapie.com/ecg-storage/ec_gallery_thumbnail/xHo5ePDZ6-.png?v=1629880330914",
    "isCustomThumbnail": 0,
    "builtinTags": [
        "category-work",
        "grid",
        "series-pictorialBar",
        "tooltip"
    ],
    "customTags": [],
    "updaterUserName": "h***a"
}