{
    "cid": "xIMXhqRFJB",
    "authorUid": "obd-ot3TRAYqjMeTWzW4ZlAjPj9Yi8UQr8g",
    "authorUserName": "离***2",
    "title": "横向柱状图",
    "description": "",
    "latestVersion": 1,
    "alwaysLatest": 0,
    "createTime": "2021-08-26T01:15:36.000Z",
    "lastUpdateTime": "2021-08-26T01:15:36.000Z",
    "auth": 2,
    "uid": "obd-ot3TRAYqjMeTWzW4ZlAjPj9Yi8UQr8g",
    "publishedVersion": 0,
    "forkFrom": "-",
    "isSpam": 0,
    "version": 1,
    "parentVersion": -1,
    "echartsVersion": "5.1.2",
    "versionCreateTime": "2021-08-26T01:15:36.000Z",
    "html": "",
    "externalScripts": "",
    "updaterUID": "obd-ot3TRAYqjMeTWzW4ZlAjPj9Yi8UQr8g",
    "theme": "",
    "layout": "",
    "viewCount": 0,
    "userName": "离***2",
    "commentCount": 0,
    "starCount": 1,
    "isStared": 0,
    "thumbnailURL": "https://www.makeapie.com/ecg-storage/ec_gallery_thumbnail/xIMXhqRFJB.png?v=1629940536693",
    "isCustomThumbnail": 0,
    "builtinTags": [
        "category-work",
        "grid",
        "series-bar",
        "tooltip"
    ],
    "customTags": [],
    "updaterUserName": "离***2"
}