{
    "cid": "xMEDQ3pgJk",
    "authorUid": "obd-oPsApVdPMkfIGHICFEMgoOusHOrO19c",
    "authorUserName": "E***e",
    "title": "",
    "description": "",
    "latestVersion": 1,
    "alwaysLatest": 0,
    "createTime": "2021-08-26T04:54:40.000Z",
    "lastUpdateTime": "2021-08-26T04:54:40.000Z",
    "auth": 2,
    "uid": "obd-oPsApVdPMkfIGHICFEMgoOusHOrO19c",
    "publishedVersion": 0,
    "forkFrom": "-",
    "isSpam": 0,
    "version": 1,
    "parentVersion": -1,
    "echartsVersion": "5.1.2",
    "versionCreateTime": "2021-08-26T04:54:41.000Z",
    "html": "",
    "externalScripts": "",
    "updaterUID": "obd-oPsApVdPMkfIGHICFEMgoOusHOrO19c",
    "theme": "",
    "layout": "",
    "viewCount": 0,
    "userName": "E***e",
    "commentCount": 0,
    "starCount": 1,
    "isStared": 0,
    "thumbnailURL": "https://www.makeapie.com/ecg-storage/ec_gallery_thumbnail/xMEDQ3pgJk.png?v=1629953681363",
    "isCustomThumbnail": 1,
    "builtinTags": [
        "category-work",
        "grid",
        "legend",
        "series-scatter",
        "tooltip"
    ],
    "customTags": [],
    "updaterUserName": "E***e"
}