{
    "cid": "xMyitD55uz",
    "authorUid": "obd-oDoZE0QFQiTJ8fgNYaJmNXNc2nGaq1W",
    "authorUserName": "v***哦",
    "title": "相同的两个y轴",
    "description": "相同的两个y轴，可以使用柱状图占位",
    "latestVersion": 1,
    "alwaysLatest": 0,
    "createTime": "2021-08-26T02:53:36.000Z",
    "lastUpdateTime": "2021-08-26T02:53:36.000Z",
    "auth": 2,
    "uid": "obd-oDoZE0QFQiTJ8fgNYaJmNXNc2nGaq1W",
    "publishedVersion": 0,
    "forkFrom": "-",
    "isSpam": 0,
    "version": 1,
    "parentVersion": -1,
    "echartsVersion": "5.1.2",
    "versionCreateTime": "2021-08-26T02:53:36.000Z",
    "html": "",
    "externalScripts": "",
    "updaterUID": "obd-oDoZE0QFQiTJ8fgNYaJmNXNc2nGaq1W",
    "theme": "",
    "layout": "",
    "viewCount": 0,
    "userName": "v***哦",
    "commentCount": 0,
    "starCount": 2,
    "isStared": 0,
    "thumbnailURL": "https://www.makeapie.com/ecg-storage/ec_gallery_thumbnail/xMyitD55uz.png?v=1629946416531",
    "isCustomThumbnail": 0,
    "builtinTags": [
        "category-work",
        "grid",
        "legend",
        "series-bar",
        "series-line",
        "toolbox",
        "tooltip"
    ],
    "customTags": [],
    "updaterUserName": "v***哦"
}