{
    "cid": "xZgxsa_gNq",
    "authorUid": "bd-3172106163",
    "authorUserName": "m***3",
    "title": "地区分布-立体柱状图",
    "description": "柱体的粗细主要和最上面设置三面的数字有关",
    "latestVersion": 1,
    "alwaysLatest": 0,
    "createTime": "2021-08-26T02:23:19.000Z",
    "lastUpdateTime": "2021-08-26T02:23:19.000Z",
    "auth": 2,
    "uid": "bd-3172106163",
    "publishedVersion": 0,
    "forkFrom": "-",
    "isSpam": 0,
    "version": 1,
    "parentVersion": -1,
    "echartsVersion": "4.8.0",
    "versionCreateTime": "2021-08-26T02:23:19.000Z",
    "html": "",
    "externalScripts": "",
    "updaterUID": "bd-3172106163",
    "theme": "",
    "layout": "",
    "viewCount": 0,
    "userName": "m***3",
    "commentCount": 0,
    "starCount": 6,
    "isStared": 0,
    "thumbnailURL": "https://www.makeapie.com/ecg-storage/ec_gallery_thumbnail/xZgxsa_gNq.png?v=1629944599682",
    "isCustomThumbnail": 0,
    "builtinTags": [
        "category-work",
        "grid",
        "series-bar",
        "series-custom",
        "title",
        "tooltip"
    ],
    "customTags": [],
    "updaterUserName": "m***3"
}