{
    "cid": "xzk0I9Xnd3",
    "authorUid": "bd-3578067285",
    "authorUserName": "勿***心",
    "title": "渐变柱状图",
    "description": "",
    "latestVersion": 2,
    "alwaysLatest": 1,
    "createTime": "2021-08-25T08:43:03.000Z",
    "lastUpdateTime": "2021-08-25T08:45:16.000Z",
    "auth": 2,
    "uid": "bd-3578067285",
    "publishedVersion": 0,
    "forkFrom": "-",
    "isSpam": 0,
    "version": 2,
    "parentVersion": 1,
    "echartsVersion": "5.1.2",
    "versionCreateTime": "2021-08-25T08:45:16.000Z",
    "html": "",
    "externalScripts": "",
    "updaterUID": "bd-3578067285",
    "theme": "dark",
    "layout": "",
    "viewCount": 0,
    "userName": "勿***心",
    "commentCount": 0,
    "starCount": 1,
    "isStared": 0,
    "thumbnailURL": "https://www.makeapie.com/ecg-storage/ec_gallery_thumbnail/xzk0I9Xnd3.png?v=1629881116224",
    "isCustomThumbnail": 0,
    "builtinTags": [
        "category-work",
        "grid",
        "series-bar",
        "tooltip"
    ],
    "customTags": [],
    "updaterUserName": "勿***心"
}