{
    "cid": "x9TQuu2Q96",
    "authorUid": "obd-oE_7rfoIiSaPOilzpU-W9RCSUpfmM4L",
    "authorUserName": "学***书",
    "title": "双环内层渐变均匀刻度盘",
    "description": "双环内层渐变均匀刻度盘，机电全生命设施卡片",
    "latestVersion": 1,
    "alwaysLatest": 1,
    "createTime": "2020-09-27T06:42:10.000Z",
    "lastUpdateTime": "2020-09-27T06:42:10.000Z",
    "auth": 2,
    "uid": "obd-oE_7rfoIiSaPOilzpU-W9RCSUpfmM4L",
    "publishedVersion": 0,
    "forkFrom": "-",
    "isSpam": 0,
    "version": 1,
    "parentVersion": -1,
    "echartsVersion": "4.8.0",
    "versionCreateTime": "2020-09-27T06:42:10.000Z",
    "html": "",
    "externalScripts": "",
    "updaterUID": "obd-oE_7rfoIiSaPOilzpU-W9RCSUpfmM4L",
    "theme": "",
    "layout": "",
    "viewCount": 113,
    "userName": "学***书",
    "commentCount": 0,
    "starCount": 0,
    "isStared": 0,
    "thumbnailURL": "https://www.makeapie.com/ecg-storage/ec_gallery_thumbnail/x9TQuu2Q96.png?v=1601188930875",
    "isCustomThumbnail": 0,
    "builtinTags": [
        "category-work",
        "series-gauge"
    ],
    "customTags": [],
    "updaterUserName": "学***书"
}