{
    "cid": "xA0tPN0oIO",
    "authorUid": "obd-oj1Tph9VM2SjbjlYDwr7u6Fdr-Y3ADU",
    "authorUserName": "李***3",
    "title": "当日国内航线成本分摊-起飞地",
    "description": "数据纯属虚构",
    "latestVersion": 5,
    "alwaysLatest": 1,
    "createTime": "2020-09-27T03:23:38.000Z",
    "lastUpdateTime": "2020-09-27T03:23:38.000Z",
    "auth": 1,
    "uid": "obd-oj1Tph9VM2SjbjlYDwr7u6Fdr-Y3ADU",
    "publishedVersion": 0,
    "forkFrom": "-",
    "isSpam": 0,
    "version": 5,
    "parentVersion": 4,
    "echartsVersion": "4.8.0",
    "versionCreateTime": "2021-01-05T07:07:31.000Z",
    "html": "",
    "externalScripts": "/dep/echarts/map/js/china.js",
    "updaterUID": "obd-oNj2B_ORDOrbFWRaf4PRGzLfIfADUCc",
    "theme": "",
    "layout": "",
    "viewCount": 1671,
    "userName": "李***3",
    "commentCount": 0,
    "starCount": 6,
    "isStared": 0,
    "thumbnailURL": "https://www.makeapie.com/ecg-storage/ec_gallery_thumbnail/xA0tPN0oIO.png?v=1609830451976",
    "isCustomThumbnail": 0,
    "builtinTags": [
        "category-work",
        "geo",
        "legend",
        "series-effectScatter",
        "series-lines",
        "series-scatter",
        "title",
        "tooltip",
        "visualMap"
    ],
    "customTags": [],
    "updaterUserName": "I***V"
}