{
    "cid": "xAQP5R-OtY",
    "authorUid": "bd-2947300467",
    "authorUserName": "莱***o",
    "title": "'综合平均客单价','美团平均客单价','饿了么平均客单价'",
    "description": "'综合平均客单价','美团平均客单价','饿了么平均客单价'",
    "latestVersion": 1,
    "alwaysLatest": 1,
    "createTime": "2020-09-27T02:22:13.000Z",
    "lastUpdateTime": "2020-09-27T02:22:13.000Z",
    "auth": 2,
    "uid": "bd-2947300467",
    "publishedVersion": 0,
    "forkFrom": "-",
    "isSpam": 0,
    "version": 1,
    "parentVersion": -1,
    "echartsVersion": "4.8.0",
    "versionCreateTime": "2020-09-27T02:22:13.000Z",
    "html": "",
    "externalScripts": "",
    "updaterUID": "bd-2947300467",
    "theme": "",
    "layout": "",
    "viewCount": 38,
    "userName": "莱***o",
    "commentCount": 0,
    "starCount": 0,
    "isStared": 0,
    "thumbnailURL": "https://www.makeapie.com/ecg-storage/ec_gallery_thumbnail/xAQP5R-OtY.png?v=1601173334010",
    "isCustomThumbnail": 0,
    "builtinTags": [
        "category-work",
        "grid",
        "legend",
        "series-line",
        "tooltip"
    ],
    "customTags": [],
    "updaterUserName": "莱***o"
}