{
    "cid": "xbzqaqZKR5",
    "authorUid": "bd-2947300467",
    "authorUserName": "莱***o",
    "title": "总客户量','美团新客','饿了么新客','美团老客','饿了么老客",
    "description": "总客户量','美团新客','饿了么新客','美团老客','饿了么老客",
    "latestVersion": 1,
    "alwaysLatest": 1,
    "createTime": "2020-09-27T02:21:06.000Z",
    "lastUpdateTime": "2020-09-27T02:21:06.000Z",
    "auth": 2,
    "uid": "bd-2947300467",
    "publishedVersion": 0,
    "forkFrom": "-",
    "isSpam": 0,
    "version": 1,
    "parentVersion": -1,
    "echartsVersion": "4.8.0",
    "versionCreateTime": "2020-09-27T02:21:06.000Z",
    "html": "",
    "externalScripts": "",
    "updaterUID": "bd-2947300467",
    "theme": "",
    "layout": "",
    "viewCount": 128,
    "userName": "莱***o",
    "commentCount": 0,
    "starCount": 0,
    "isStared": 0,
    "thumbnailURL": "https://www.makeapie.com/ecg-storage/ec_gallery_thumbnail/xbzqaqZKR5.png?v=1601173266223",
    "isCustomThumbnail": 0,
    "builtinTags": [
        "category-work",
        "grid",
        "legend",
        "markLine",
        "series-bar",
        "tooltip"
    ],
    "customTags": [],
    "updaterUserName": "莱***o"
}