{
    "cid": "xCtEqjBH9p",
    "authorUid": "obd-oj1Tph9VM2SjbjlYDwr7u6Fdr-Y3ADU",
    "authorUserName": "李***3",
    "title": "散点--价格与折扣投入关系",
    "description": "散点--价格与折扣投入关系",
    "latestVersion": 1,
    "alwaysLatest": 1,
    "createTime": "2020-09-27T03:04:54.000Z",
    "lastUpdateTime": "2020-09-27T03:04:54.000Z",
    "auth": 1,
    "uid": "obd-oj1Tph9VM2SjbjlYDwr7u6Fdr-Y3ADU",
    "publishedVersion": 0,
    "forkFrom": "-",
    "isSpam": 0,
    "version": 1,
    "parentVersion": -1,
    "echartsVersion": "4.8.0",
    "versionCreateTime": "2020-09-27T03:04:54.000Z",
    "html": "",
    "externalScripts": "",
    "updaterUID": "obd-oj1Tph9VM2SjbjlYDwr7u6Fdr-Y3ADU",
    "theme": "",
    "layout": "",
    "viewCount": 377,
    "userName": "李***3",
    "commentCount": 0,
    "starCount": 4,
    "isStared": 0,
    "thumbnailURL": "https://www.makeapie.com/ecg-storage/ec_gallery_thumbnail/xCtEqjBH9p.png?v=1601175894735",
    "isCustomThumbnail": 0,
    "builtinTags": [
        "category-work",
        "grid",
        "series-scatter"
    ],
    "customTags": [],
    "updaterUserName": "李***3"
}