{
    "cid": "xdNnQV9XNZ",
    "authorUid": "bd-120283882",
    "authorUserName": "c***e",
    "title": "Graphic-Line 监测线",
    "description": "",
    "latestVersion": 1,
    "alwaysLatest": 1,
    "createTime": "2020-09-27T06:30:48.000Z",
    "lastUpdateTime": "2020-09-27T06:30:48.000Z",
    "auth": 2,
    "uid": "bd-120283882",
    "publishedVersion": 0,
    "forkFrom": "-",
    "isSpam": 0,
    "version": 1,
    "parentVersion": -1,
    "echartsVersion": "4.8.0",
    "versionCreateTime": "2020-09-27T06:30:48.000Z",
    "html": "",
    "externalScripts": "",
    "updaterUID": "bd-120283882",
    "theme": "",
    "layout": "",
    "viewCount": 52,
    "userName": "c***e",
    "commentCount": 0,
    "starCount": 0,
    "isStared": 0,
    "thumbnailURL": "https://www.makeapie.com/ecg-storage/ec_gallery_thumbnail/xdNnQV9XNZ.png?v=1601188248824",
    "isCustomThumbnail": 0,
    "builtinTags": [
        "category-work",
        "grid",
        "series-line",
        "title"
    ],
    "customTags": [],
    "updaterUserName": "c***e"
}