{
    "cid": "xeTsh-tzYA",
    "authorUid": "obd-oj1Tph9VM2SjbjlYDwr7u6Fdr-Y3ADU",
    "authorUserName": "李***3",
    "title": "上海飞往中转站",
    "description": "",
    "latestVersion": 1,
    "alwaysLatest": 1,
    "createTime": "2020-09-27T06:16:48.000Z",
    "lastUpdateTime": "2020-09-27T06:16:48.000Z",
    "auth": 1,
    "uid": "obd-oj1Tph9VM2SjbjlYDwr7u6Fdr-Y3ADU",
    "publishedVersion": 0,
    "forkFrom": "-",
    "isSpam": 0,
    "version": 1,
    "parentVersion": -1,
    "echartsVersion": "4.8.0",
    "versionCreateTime": "2020-09-27T06:16:48.000Z",
    "html": "",
    "externalScripts": "/dep/echarts/map/js/world.js",
    "updaterUID": "obd-oj1Tph9VM2SjbjlYDwr7u6Fdr-Y3ADU",
    "theme": "",
    "layout": "",
    "viewCount": 128,
    "userName": "李***3",
    "commentCount": 0,
    "starCount": 1,
    "isStared": 0,
    "thumbnailURL": "https://www.makeapie.com/ecg-storage/ec_gallery_thumbnail/xeTsh-tzYA.png?v=1601187408729",
    "isCustomThumbnail": 0,
    "builtinTags": [
        "category-work",
        "geo",
        "series-effectScatter",
        "series-lines",
        "series-scatter",
        "timeline",
        "title",
        "tooltip",
        "visualMap"
    ],
    "customTags": [],
    "updaterUserName": "李***3"
}