{
    "cid": "xSjODeKUfu",
    "authorUid": "bd-2947300467",
    "authorUserName": "莱***o",
    "title": "美团饿了么",
    "description": "美团饿了么",
    "latestVersion": 1,
    "alwaysLatest": 1,
    "createTime": "2020-09-27T02:29:39.000Z",
    "lastUpdateTime": "2020-09-27T02:29:39.000Z",
    "auth": 2,
    "uid": "bd-2947300467",
    "publishedVersion": 0,
    "forkFrom": "-",
    "isSpam": 0,
    "version": 1,
    "parentVersion": -1,
    "echartsVersion": "4.8.0",
    "versionCreateTime": "2020-09-27T02:29:39.000Z",
    "html": "",
    "externalScripts": "",
    "updaterUID": "bd-2947300467",
    "theme": "macarons",
    "layout": "",
    "viewCount": 83,
    "userName": "莱***o",
    "commentCount": 0,
    "starCount": 1,
    "isStared": 0,
    "thumbnailURL": "https://www.makeapie.com/ecg-storage/ec_gallery_thumbnail/xSjODeKUfu.png?v=1601173779759",
    "isCustomThumbnail": 0,
    "builtinTags": [
        "category-work",
        "grid",
        "legend",
        "series-bar",
        "tooltip"
    ],
    "customTags": [
        "美团饿了么"
    ],
    "updaterUserName": "莱***o"
}