{
    "cid": "xUjpnWu_q9",
    "authorUid": "bd-2947300467",
    "authorUserName": "莱***o",
    "title": "'新增客户总数', '美团新增客户数', '饿了么增客户数'",
    "description": "'新增客户总数', '美团新增客户数', '饿了么增客户数'",
    "latestVersion": 1,
    "alwaysLatest": 1,
    "createTime": "2020-09-27T02:25:00.000Z",
    "lastUpdateTime": "2020-09-27T02:25:00.000Z",
    "auth": 2,
    "uid": "bd-2947300467",
    "publishedVersion": 0,
    "forkFrom": "-",
    "isSpam": 0,
    "version": 1,
    "parentVersion": -1,
    "echartsVersion": "4.8.0",
    "versionCreateTime": "2020-09-27T02:25:00.000Z",
    "html": "",
    "externalScripts": "",
    "updaterUID": "bd-2947300467",
    "theme": "",
    "layout": "",
    "viewCount": 86,
    "userName": "莱***o",
    "commentCount": 0,
    "starCount": 1,
    "isStared": 0,
    "thumbnailURL": "https://www.makeapie.com/ecg-storage/ec_gallery_thumbnail/xUjpnWu_q9.png?v=1601173500448",
    "isCustomThumbnail": 0,
    "builtinTags": [
        "category-work",
        "grid",
        "legend",
        "series-line",
        "title",
        "tooltip"
    ],
    "customTags": [],
    "updaterUserName": "莱***o"
}