{
    "cid": "x-AnV3qpD5",
    "authorUid": "obd-oDzFvDn3FLjJKEH_5nXFsLviwwxYZ1A",
    "authorUserName": "k***g",
    "title": "clusterstate",
    "description": "",
    "latestVersion": 10,
    "alwaysLatest": 1,
    "createTime": "2020-05-15T06:27:00.000Z",
    "lastUpdateTime": "2020-05-15T06:27:00.000Z",
    "auth": 2,
    "uid": "obd-oDzFvDn3FLjJKEH_5nXFsLviwwxYZ1A",
    "publishedVersion": 0,
    "forkFrom": "-",
    "isSpam": 0,
    "version": 10,
    "parentVersion": 8,
    "echartsVersion": "4.7.0",
    "versionCreateTime": "2020-05-15T06:54:28.000Z",
    "html": "",
    "externalScripts": "",
    "updaterUID": "obd-oDzFvDn3FLjJKEH_5nXFsLviwwxYZ1A",
    "theme": "",
    "layout": "",
    "viewCount": 2898,
    "userName": "k***g",
    "commentCount": 0,
    "starCount": 10,
    "isStared": 0,
    "thumbnailURL": "https://www.makeapie.com/ecg-storage/ec_gallery_thumbnail/x-AnV3qpD5.png?v=1589525668147",
    "isCustomThumbnail": 0,
    "builtinTags": [
        "category-work",
        "grid",
        "legend",
        "series-graph",
        "series-lines"
    ],
    "customTags": [],
    "updaterUserName": "k***g"
}