{
    "cid": "xaffUMvRZz",
    "authorUid": "bd-2159069505",
    "authorUserName": "t***2",
    "title": "多x轴对比折线图",
    "description": "",
    "latestVersion": 4,
    "alwaysLatest": 1,
    "createTime": "2020-05-15T03:41:20.000Z",
    "lastUpdateTime": "2020-05-15T03:41:20.000Z",
    "auth": 2,
    "uid": "bd-2159069505",
    "publishedVersion": 0,
    "forkFrom": "-",
    "isSpam": 0,
    "version": 4,
    "parentVersion": 2,
    "echartsVersion": "4.7.0",
    "versionCreateTime": "2020-05-15T08:59:07.000Z",
    "html": "",
    "externalScripts": "",
    "updaterUID": "bd-2159069505",
    "theme": "",
    "layout": "",
    "viewCount": 1148,
    "userName": "t***2",
    "commentCount": 0,
    "starCount": 2,
    "isStared": 0,
    "thumbnailURL": "https://www.makeapie.com/ecg-storage/ec_gallery_thumbnail/xaffUMvRZz.png?v=1589533147518",
    "isCustomThumbnail": 0,
    "builtinTags": [
        "category-work",
        "dataZoom",
        "grid",
        "legend",
        "series-line",
        "title",
        "tooltip"
    ],
    "customTags": [],
    "updaterUserName": "t***2"
}