{
    "cid": "xI4xHnjS6f5",
    "authorUid": "bd-354797749",
    "authorUserName": "紫***忍",
    "title": "金币柱图",
    "description": "金币对比，象形柱图",
    "latestVersion": 2,
    "alwaysLatest": 1,
    "createTime": "2020-05-15T07:36:31.000Z",
    "lastUpdateTime": "2020-05-15T07:36:31.000Z",
    "auth": 2,
    "uid": "bd-354797749",
    "publishedVersion": 0,
    "forkFrom": "-",
    "isSpam": 0,
    "version": 2,
    "parentVersion": 1,
    "echartsVersion": "4.7.0",
    "versionCreateTime": "2020-05-15T07:36:50.000Z",
    "html": "",
    "externalScripts": "",
    "updaterUID": "bd-354797749",
    "theme": "",
    "layout": "",
    "viewCount": 66,
    "userName": "紫***忍",
    "commentCount": 0,
    "starCount": 5,
    "isStared": 0,
    "thumbnailURL": "https://www.makeapie.com/ecg-storage/ec_gallery_thumbnail/xI4xHnjS6f5.png?v=1589528191179",
    "isCustomThumbnail": 1,
    "builtinTags": [
        "category-work",
        "grid",
        "series-pictorialBar",
        "tooltip"
    ],
    "customTags": [],
    "updaterUserName": "紫***忍"
}