{
    "cid": "xIyPv6LCYa",
    "authorUid": "obd-oFxx_XLyLR82NSf-7epMqmHbAt7En5t",
    "authorUserName": "哈***7",
    "title": "中国各省市博物馆建馆时间量",
    "description": "",
    "latestVersion": 1,
    "alwaysLatest": 1,
    "createTime": "2020-05-14T07:19:45.000Z",
    "lastUpdateTime": "2020-05-14T07:19:45.000Z",
    "auth": 2,
    "uid": "obd-oFxx_XLyLR82NSf-7epMqmHbAt7En5t",
    "publishedVersion": 0,
    "forkFrom": "-",
    "isSpam": 0,
    "version": 1,
    "parentVersion": -1,
    "echartsVersion": "4.7.0",
    "versionCreateTime": "2020-05-14T07:19:45.000Z",
    "html": "",
    "externalScripts": "https://gallery.echartsjs.com/dep/echarts/map/js/china.js",
    "updaterUID": "obd-oFxx_XLyLR82NSf-7epMqmHbAt7En5t",
    "theme": "",
    "layout": "",
    "viewCount": 906,
    "userName": "哈***7",
    "commentCount": 0,
    "starCount": 3,
    "isStared": 0,
    "thumbnailURL": "https://www.makeapie.com/ecg-storage/ec_gallery_thumbnail/xIyPv6LCYa.png?v=1589440785325",
    "isCustomThumbnail": 0,
    "builtinTags": [
        "category-work",
        "geo",
        "grid",
        "series-bar",
        "series-map",
        "timeline",
        "title",
        "tooltip",
        "visualMap"
    ],
    "customTags": [],
    "updaterUserName": "哈***7"
}