{
    "cid": "xqNZZIAkwy",
    "authorUid": "bd-4097838840",
    "authorUserName": "牛***Z",
    "title": "三色图",
    "description": "",
    "latestVersion": 5,
    "alwaysLatest": 1,
    "createTime": "2020-05-15T02:16:25.000Z",
    "lastUpdateTime": "2020-05-15T02:16:25.000Z",
    "auth": 2,
    "uid": "bd-4097838840",
    "publishedVersion": 0,
    "forkFrom": "-",
    "isSpam": 0,
    "version": 5,
    "parentVersion": 4,
    "echartsVersion": "4.7.0",
    "versionCreateTime": "2020-05-18T11:35:00.000Z",
    "html": "",
    "externalScripts": "",
    "updaterUID": "bd-4097838840",
    "theme": "",
    "layout": "",
    "viewCount": 405,
    "userName": "牛***Z",
    "commentCount": 0,
    "starCount": 0,
    "isStared": 0,
    "thumbnailURL": "https://www.makeapie.com/ecg-storage/ec_gallery_thumbnail/xqNZZIAkwy.png?v=1589801700650",
    "isCustomThumbnail": 0,
    "builtinTags": [
        "category-work",
        "series-map",
        "title",
        "visualMap"
    ],
    "customTags": [],
    "updaterUserName": "牛***Z"
}