{
    "cid": "xtdw0MsOrX",
    "authorUid": "obd-o-ozqqE2kU55ooZYRE98AS78R3LRIAr",
    "authorUserName": "c***e",
    "title": "清爽版堆叠柱状图",
    "description": "堆叠图\n清爽",
    "latestVersion": 4,
    "alwaysLatest": 1,
    "createTime": "2020-05-14T09:46:51.000Z",
    "lastUpdateTime": "2020-05-14T09:46:51.000Z",
    "auth": 2,
    "uid": "obd-o-ozqqE2kU55ooZYRE98AS78R3LRIAr",
    "publishedVersion": 0,
    "forkFrom": "-",
    "isSpam": 0,
    "version": 4,
    "parentVersion": 2,
    "echartsVersion": "4.7.0",
    "versionCreateTime": "2020-05-14T12:24:17.000Z",
    "html": "",
    "externalScripts": "",
    "updaterUID": "obd-o-ozqqE2kU55ooZYRE98AS78R3LRIAr",
    "theme": "",
    "layout": "",
    "viewCount": 216,
    "userName": "c***e",
    "commentCount": 0,
    "starCount": 0,
    "isStared": 0,
    "thumbnailURL": "https://www.makeapie.com/ecg-storage/ec_gallery_thumbnail/xtdw0MsOrX.png?v=1589459057490",
    "isCustomThumbnail": 0,
    "builtinTags": [
        "category-work",
        "grid",
        "legend",
        "series-bar",
        "title",
        "tooltip"
    ],
    "customTags": [],
    "updaterUserName": "c***e"
}