{
    "cid": "xW6zTMpuHu",
    "authorUid": "obd-oAl5CpNkJPtGUKZNugYmjMNHPUOkr7z",
    "authorUserName": "w***e",
    "title": "1",
    "description": "",
    "latestVersion": 1,
    "alwaysLatest": 1,
    "createTime": "2020-05-14T09:44:43.000Z",
    "lastUpdateTime": "2020-05-14T09:44:43.000Z",
    "auth": 2,
    "uid": "obd-oAl5CpNkJPtGUKZNugYmjMNHPUOkr7z",
    "publishedVersion": 0,
    "forkFrom": "-",
    "isSpam": 0,
    "version": 1,
    "parentVersion": -1,
    "echartsVersion": "4.7.0",
    "versionCreateTime": "2020-05-14T09:44:43.000Z",
    "html": "",
    "externalScripts": "",
    "updaterUID": "obd-oAl5CpNkJPtGUKZNugYmjMNHPUOkr7z",
    "theme": "",
    "layout": "",
    "viewCount": 17,
    "userName": "w***e",
    "commentCount": 0,
    "starCount": 0,
    "isStared": 0,
    "thumbnailURL": "https://www.makeapie.com/ecg-storage/ec_gallery_thumbnail/xW6zTMpuHu.png?v=1589449483520",
    "isCustomThumbnail": 0,
    "builtinTags": [
        "category-work",
        "series-effectScatter",
        "title",
        "tooltip"
    ],
    "customTags": [],
    "updaterUserName": "w***e"
}