{
    "cid": "xZxz-aZVc3",
    "authorUid": "obd-o0KPdDO4BIo5gDKJ3skJI_WSmP5KiFh",
    "authorUserName": "d***夜",
    "title": "简易柱形图",
    "description": "把数据加载提了出来方便使用",
    "latestVersion": 1,
    "alwaysLatest": 1,
    "createTime": "2020-05-15T03:02:21.000Z",
    "lastUpdateTime": "2020-05-15T03:02:21.000Z",
    "auth": 2,
    "uid": "obd-o0KPdDO4BIo5gDKJ3skJI_WSmP5KiFh",
    "publishedVersion": 0,
    "forkFrom": "-",
    "isSpam": 0,
    "version": 1,
    "parentVersion": -1,
    "echartsVersion": "4.7.0",
    "versionCreateTime": "2020-05-15T03:02:21.000Z",
    "html": "",
    "externalScripts": "",
    "updaterUID": "obd-o0KPdDO4BIo5gDKJ3skJI_WSmP5KiFh",
    "theme": "",
    "layout": "",
    "viewCount": 125,
    "userName": "d***夜",
    "commentCount": 0,
    "starCount": 0,
    "isStared": 0,
    "thumbnailURL": "https://www.makeapie.com/ecg-storage/ec_gallery_thumbnail/xZxz-aZVc3.png?v=1589511741916",
    "isCustomThumbnail": 0,
    "builtinTags": [
        "category-work",
        "grid",
        "series-bar",
        "tooltip"
    ],
    "customTags": [],
    "updaterUserName": "d***夜"
}