{
    "cid": "x08vB8bYB",
    "authorUid": "bd-4161428444",
    "authorUserName": "b***n",
    "title": "象形柱图",
    "description": "平均值",
    "latestVersion": 1,
    "alwaysLatest": 1,
    "createTime": "2019-11-28T09:56:12.000Z",
    "lastUpdateTime": "2019-11-28T09:56:12.000Z",
    "auth": 2,
    "uid": "bd-4161428444",
    "publishedVersion": 0,
    "forkFrom": "-",
    "isSpam": 0,
    "version": 1,
    "parentVersion": -1,
    "echartsVersion": "4.4.0",
    "versionCreateTime": "2019-11-28T09:56:12.000Z",
    "html": "",
    "externalScripts": "",
    "updaterUID": "bd-4161428444",
    "theme": "",
    "layout": "",
    "viewCount": 410,
    "userName": "b***n",
    "commentCount": 0,
    "starCount": 10,
    "isStared": 0,
    "thumbnailURL": "https://www.makeapie.com/ecg-storage/ec_gallery_thumbnail/x08vB8bYB.png?v=1574934972921",
    "isCustomThumbnail": 0,
    "builtinTags": [
        "category-work",
        "grid",
        "legend",
        "markLine",
        "series-pictorialBar",
        "title",
        "tooltip"
    ],
    "customTags": [],
    "updaterUserName": "b***n"
}