{
    "cid": "x1smptB1G",
    "authorUid": "bd-3490920103",
    "authorUserName": "a***4",
    "title": "物料类型2019-04情况统计",
    "description": "饼图动态切换",
    "latestVersion": 1,
    "alwaysLatest": 1,
    "createTime": "2019-11-28T06:48:33.000Z",
    "lastUpdateTime": "2019-11-28T06:48:33.000Z",
    "auth": 2,
    "uid": "bd-3490920103",
    "publishedVersion": 0,
    "forkFrom": "-",
    "isSpam": 0,
    "version": 1,
    "parentVersion": -1,
    "echartsVersion": "4.4.0",
    "versionCreateTime": "2019-11-28T06:48:33.000Z",
    "html": "",
    "externalScripts": "",
    "updaterUID": "bd-3490920103",
    "theme": "",
    "layout": "",
    "viewCount": 397,
    "userName": "a***4",
    "commentCount": 0,
    "starCount": 2,
    "isStared": 0,
    "thumbnailURL": "https://www.makeapie.com/ecg-storage/ec_gallery_thumbnail/x1smptB1G.png?v=1574923713385",
    "isCustomThumbnail": 0,
    "builtinTags": [
        "category-work",
        "series-pie",
        "timeline",
        "title"
    ],
    "customTags": [],
    "updaterUserName": "a***4"
}