{
    "cid": "x3XbzfReB",
    "authorUid": "bd-4161428444",
    "authorUserName": "b***n",
    "title": "进度条柱形图",
    "description": "进度条",
    "latestVersion": 1,
    "alwaysLatest": 1,
    "createTime": "2019-11-28T10:45:02.000Z",
    "lastUpdateTime": "2019-11-28T10:45:02.000Z",
    "auth": 2,
    "uid": "bd-4161428444",
    "publishedVersion": 0,
    "forkFrom": "-",
    "isSpam": 0,
    "version": 1,
    "parentVersion": -1,
    "echartsVersion": "4.4.0",
    "versionCreateTime": "2019-11-28T10:45:02.000Z",
    "html": "",
    "externalScripts": "",
    "updaterUID": "bd-4161428444",
    "theme": "",
    "layout": "",
    "viewCount": 1577,
    "userName": "b***n",
    "commentCount": 0,
    "starCount": 15,
    "isStared": 0,
    "thumbnailURL": "https://www.makeapie.com/ecg-storage/ec_gallery_thumbnail/x3XbzfReB.png?v=1574937902512",
    "isCustomThumbnail": 0,
    "builtinTags": [
        "category-work",
        "grid",
        "legend",
        "series-bar",
        "title",
        "toolbox",
        "tooltip"
    ],
    "customTags": [],
    "updaterUserName": "b***n"
}