{
    "cid": "xCyyg_yGE",
    "authorUid": "bd-749254193",
    "authorUserName": "欧***一",
    "title": "各表厂商抄表数据分析",
    "description": "各表厂商抄表数据分析饼图多色",
    "latestVersion": 3,
    "alwaysLatest": 1,
    "createTime": "2019-11-29T03:04:41.000Z",
    "lastUpdateTime": "2019-11-29T03:04:41.000Z",
    "auth": 2,
    "uid": "bd-749254193",
    "publishedVersion": 0,
    "forkFrom": "-",
    "isSpam": 0,
    "version": 3,
    "parentVersion": 2,
    "echartsVersion": "4.4.0",
    "versionCreateTime": "2019-12-03T06:34:30.000Z",
    "html": "",
    "externalScripts": "",
    "updaterUID": "bd-749254193",
    "theme": "",
    "layout": "",
    "viewCount": 344,
    "userName": "欧***一",
    "commentCount": 0,
    "starCount": 0,
    "isStared": 0,
    "thumbnailURL": "https://www.makeapie.com/ecg-storage/ec_gallery_thumbnail/xCyyg_yGE.png?v=1575354870730",
    "isCustomThumbnail": 0,
    "builtinTags": [
        "category-work",
        "legend",
        "series-pie",
        "title",
        "tooltip"
    ],
    "customTags": [],
    "updaterUserName": "欧***一"
}