{
    "cid": "xd_59Q4lL",
    "authorUid": "bd-4145369206",
    "authorUserName": "→***→",
    "title": "",
    "description": "",
    "latestVersion": 2,
    "alwaysLatest": 1,
    "createTime": "2019-11-29T05:04:16.000Z",
    "lastUpdateTime": "2019-11-29T05:04:16.000Z",
    "auth": 2,
    "uid": "bd-4145369206",
    "publishedVersion": 0,
    "forkFrom": "-",
    "isSpam": 0,
    "version": 2,
    "parentVersion": 1,
    "echartsVersion": "4.7.0",
    "versionCreateTime": "2020-03-27T09:14:07.000Z",
    "html": "",
    "externalScripts": "",
    "updaterUID": "bd-4145369206",
    "theme": "",
    "layout": "",
    "viewCount": 34,
    "userName": "→***→",
    "commentCount": 0,
    "starCount": 0,
    "isStared": 0,
    "thumbnailURL": "https://www.makeapie.com/ecg-storage/ec_gallery_thumbnail/xd_59Q4lL.png?v=1585300447333",
    "isCustomThumbnail": 0,
    "builtinTags": [
        "category-work",
        "grid",
        "series-line",
        "visualMap"
    ],
    "customTags": [],
    "updaterUserName": "→***→"
}