{
    "cid": "xJmdFWUMY",
    "authorUid": "bd-749254193",
    "authorUserName": "欧***一",
    "title": "南丁格尔玫瑰图",
    "description": "",
    "latestVersion": 2,
    "alwaysLatest": 1,
    "createTime": "2019-11-29T03:18:59.000Z",
    "lastUpdateTime": "2019-11-29T03:18:59.000Z",
    "auth": 2,
    "uid": "bd-749254193",
    "publishedVersion": 0,
    "forkFrom": "-",
    "isSpam": 0,
    "version": 2,
    "parentVersion": 1,
    "echartsVersion": "4.4.0",
    "versionCreateTime": "2020-01-09T09:43:02.000Z",
    "html": "",
    "externalScripts": "",
    "updaterUID": "bd-749254193",
    "theme": "",
    "layout": "",
    "viewCount": 300,
    "userName": "欧***一",
    "commentCount": 0,
    "starCount": 3,
    "isStared": 0,
    "thumbnailURL": "https://www.makeapie.com/ecg-storage/ec_gallery_thumbnail/xJmdFWUMY.png?v=1578562982386",
    "isCustomThumbnail": 0,
    "builtinTags": [
        "category-work",
        "series-pie",
        "title",
        "toolbox",
        "tooltip"
    ],
    "customTags": [],
    "updaterUserName": "欧***一"
}