{
    "cid": "xJMzvJXxI",
    "authorUid": "bd-1815385352",
    "authorUserName": "木***i",
    "title": "柱状,多颜色",
    "description": "",
    "latestVersion": 1,
    "alwaysLatest": 1,
    "createTime": "2019-11-28T09:22:18.000Z",
    "lastUpdateTime": "2019-11-28T09:22:18.000Z",
    "auth": 2,
    "uid": "bd-1815385352",
    "publishedVersion": 0,
    "forkFrom": "-",
    "isSpam": 0,
    "version": 1,
    "parentVersion": -1,
    "echartsVersion": "4.4.0",
    "versionCreateTime": "2019-11-28T09:22:18.000Z",
    "html": "",
    "externalScripts": "",
    "updaterUID": "bd-1815385352",
    "theme": "",
    "layout": "",
    "viewCount": 36,
    "userName": "木***i",
    "commentCount": 0,
    "starCount": 2,
    "isStared": 0,
    "thumbnailURL": "https://www.makeapie.com/ecg-storage/ec_gallery_thumbnail/xJMzvJXxI.png?v=1574932938591",
    "isCustomThumbnail": 0,
    "builtinTags": [
        "category-work",
        "grid",
        "series-bar"
    ],
    "customTags": [],
    "updaterUserName": "木***i"
}