{
    "cid": "xLASVWOcH",
    "authorUid": "bd-4161428444",
    "authorUserName": "b***n",
    "title": "关系图-测试",
    "description": "graph",
    "latestVersion": 6,
    "alwaysLatest": 1,
    "createTime": "2019-11-28T10:20:23.000Z",
    "lastUpdateTime": "2019-11-28T10:20:23.000Z",
    "auth": 2,
    "uid": "bd-4161428444",
    "publishedVersion": 0,
    "forkFrom": "-",
    "isSpam": 0,
    "version": 6,
    "parentVersion": 5,
    "echartsVersion": "4.8.0",
    "versionCreateTime": "2020-09-10T15:04:45.000Z",
    "html": "",
    "externalScripts": "",
    "updaterUID": "bd-4161428444",
    "theme": "",
    "layout": "",
    "viewCount": 5559,
    "userName": "b***n",
    "commentCount": 0,
    "starCount": 17,
    "isStared": 0,
    "thumbnailURL": "https://www.makeapie.com/ecg-storage/ec_gallery_thumbnail/xLASVWOcH.png?v=1599750285528",
    "isCustomThumbnail": 0,
    "builtinTags": [
        "category-work",
        "series-graph",
        "title",
        "tooltip"
    ],
    "customTags": [],
    "updaterUserName": "b***n"
}