{
    "cid": "xOLnJbhbe",
    "authorUid": "bd-2675251643",
    "authorUserName": "g***花",
    "title": "透明渐变关系图",
    "description": "",
    "latestVersion": 2,
    "alwaysLatest": 1,
    "createTime": "2019-11-29T09:21:21.000Z",
    "lastUpdateTime": "2019-11-29T09:21:21.000Z",
    "auth": 2,
    "uid": "bd-2675251643",
    "publishedVersion": 0,
    "forkFrom": "-",
    "isSpam": 0,
    "version": 2,
    "parentVersion": 1,
    "echartsVersion": "4.4.0",
    "versionCreateTime": "2019-11-29T09:34:30.000Z",
    "html": "",
    "externalScripts": "",
    "updaterUID": "bd-2675251643",
    "theme": "",
    "layout": "",
    "viewCount": 949,
    "userName": "g***花",
    "commentCount": 0,
    "starCount": 8,
    "isStared": 0,
    "thumbnailURL": "https://www.makeapie.com/ecg-storage/ec_gallery_thumbnail/xOLnJbhbe.png?v=1575020070921",
    "isCustomThumbnail": 0,
    "builtinTags": [
        "category-work",
        "series-graph"
    ],
    "customTags": [
        "关系图",
        "渐变"
    ],
    "updaterUserName": "g***花"
}