{
    "cid": "xQYd9l9oC",
    "authorUid": "bd-2302444840",
    "authorUserName": "幸***F",
    "title": "各地数据量排名",
    "description": "纵向柱状图带阴影，统计各个数据的排名情况",
    "latestVersion": 1,
    "alwaysLatest": 1,
    "createTime": "2019-12-02T06:43:03.000Z",
    "lastUpdateTime": "2019-12-02T06:43:03.000Z",
    "auth": 2,
    "uid": "bd-2302444840",
    "publishedVersion": 0,
    "forkFrom": "-",
    "isSpam": 0,
    "version": 1,
    "parentVersion": -1,
    "echartsVersion": "4.4.0",
    "versionCreateTime": "2019-12-02T06:43:03.000Z",
    "html": "",
    "externalScripts": "",
    "updaterUID": "bd-2302444840",
    "theme": "",
    "layout": "",
    "viewCount": 687,
    "userName": "幸***F",
    "commentCount": 0,
    "starCount": 12,
    "isStared": 0,
    "thumbnailURL": "https://www.makeapie.com/ecg-storage/ec_gallery_thumbnail/xQYd9l9oC.png?v=1575268983204",
    "isCustomThumbnail": 0,
    "builtinTags": [
        "category-work",
        "grid",
        "series-bar",
        "title",
        "tooltip"
    ],
    "customTags": [],
    "updaterUserName": "幸***F"
}