{
    "cid": "xsfgloeD1",
    "authorUid": "bd-1335189821",
    "authorUserName": "A***e",
    "title": "人口密度 VS GDP  VS 房价",
    "description": "",
    "latestVersion": 1,
    "alwaysLatest": 1,
    "createTime": "2019-11-29T05:34:59.000Z",
    "lastUpdateTime": "2019-11-29T05:34:59.000Z",
    "auth": 2,
    "uid": "bd-1335189821",
    "publishedVersion": 0,
    "forkFrom": "-",
    "isSpam": 0,
    "version": 1,
    "parentVersion": -1,
    "echartsVersion": "4.4.0",
    "versionCreateTime": "2019-11-29T05:34:59.000Z",
    "html": "",
    "externalScripts": "",
    "updaterUID": "bd-1335189821",
    "theme": "dark",
    "layout": "",
    "viewCount": 175,
    "userName": "A***e",
    "commentCount": 0,
    "starCount": 2,
    "isStared": 0,
    "thumbnailURL": "https://www.makeapie.com/ecg-storage/ec_gallery_thumbnail/xsfgloeD1.png?v=1575005699760",
    "isCustomThumbnail": 1,
    "builtinTags": [
        "category-work",
        "grid",
        "legend",
        "series-bar",
        "series-line",
        "tooltip"
    ],
    "customTags": [
        "GDP",
        "人口密度",
        "房价"
    ],
    "updaterUserName": "A***e"
}