{
    "cid": "xT4nx-cXE",
    "authorUid": "bd-3793071787",
    "authorUserName": "二***弃",
    "title": "数据看板 > 在线情况",
    "description": "登录人数，在学人数",
    "latestVersion": 1,
    "alwaysLatest": 1,
    "createTime": "2019-11-28T07:27:56.000Z",
    "lastUpdateTime": "2019-11-28T07:27:56.000Z",
    "auth": 1,
    "uid": "bd-3793071787",
    "publishedVersion": 0,
    "forkFrom": "-",
    "isSpam": 0,
    "version": 1,
    "parentVersion": -1,
    "echartsVersion": "4.4.0",
    "versionCreateTime": "2019-11-28T07:27:56.000Z",
    "html": "",
    "externalScripts": "",
    "updaterUID": "bd-3793071787",
    "theme": "",
    "layout": "",
    "viewCount": 30,
    "userName": "二***弃",
    "commentCount": 0,
    "starCount": 1,
    "isStared": 0,
    "thumbnailURL": "https://www.makeapie.com/ecg-storage/ec_gallery_thumbnail/xT4nx-cXE.png?v=1574926076189",
    "isCustomThumbnail": 0,
    "builtinTags": [
        "category-work",
        "grid",
        "legend",
        "series-line",
        "title",
        "tooltip"
    ],
    "customTags": [],
    "updaterUserName": "二***弃"
}