{
    "cid": "xttdApL1q",
    "authorUid": "bd-1841183165",
    "authorUserName": "o***趣",
    "title": "Cone",
    "description": "",
    "latestVersion": 8,
    "alwaysLatest": 1,
    "createTime": "2019-11-29T06:41:48.000Z",
    "lastUpdateTime": "2019-11-29T06:41:48.000Z",
    "auth": 2,
    "uid": "bd-1841183165",
    "publishedVersion": 0,
    "forkFrom": "-",
    "isSpam": 0,
    "version": 8,
    "parentVersion": 6,
    "echartsVersion": "4.4.0",
    "versionCreateTime": "2019-12-02T06:45:07.000Z",
    "html": "",
    "externalScripts": "",
    "updaterUID": "bd-1841183165",
    "theme": "",
    "layout": "",
    "viewCount": 40,
    "userName": "o***趣",
    "commentCount": 0,
    "starCount": 3,
    "isStared": 0,
    "thumbnailURL": "https://www.makeapie.com/ecg-storage/ec_gallery_thumbnail/xttdApL1q.png?v=1575269107272",
    "isCustomThumbnail": 0,
    "builtinTags": [
        "category-work",
        "grid",
        "series-pictorialBar",
        "tooltip"
    ],
    "customTags": [],
    "updaterUserName": "o***趣"
}