{
    "cid": "x3fpojwEA-",
    "authorUid": "obd-olIl1k6C1E6iL-1rba80GDfibzQ-Q0R",
    "authorUserName": "s***l",
    "title": "柠檬味的好酸",
    "description": "就是玩",
    "latestVersion": 1,
    "alwaysLatest": 0,
    "createTime": "2021-06-03T03:01:14.000Z",
    "lastUpdateTime": "2021-06-03T03:01:14.000Z",
    "auth": 1,
    "uid": "obd-olIl1k6C1E6iL-1rba80GDfibzQ-Q0R",
    "publishedVersion": 0,
    "forkFrom": "-",
    "isSpam": 0,
    "version": 1,
    "parentVersion": -1,
    "echartsVersion": "5.1.1",
    "versionCreateTime": "2021-06-03T03:01:14.000Z",
    "html": "",
    "externalScripts": "",
    "updaterUID": "obd-olIl1k6C1E6iL-1rba80GDfibzQ-Q0R",
    "theme": "",
    "layout": "",
    "viewCount": 0,
    "userName": "s***l",
    "commentCount": 0,
    "starCount": 9,
    "isStared": 0,
    "thumbnailURL": "https://www.makeapie.com/ecg-storage/ec_gallery_thumbnail/x3fpojwEA-.png?v=1622689274915",
    "isCustomThumbnail": 0,
    "builtinTags": [
        "category-work",
        "grid",
        "series-bar",
        "series-line"
    ],
    "customTags": [],
    "updaterUserName": "s***l"
}