{
    "cid": "x4HB3RoS1J",
    "authorUid": "obd-oAV1MjlH0o2jxJOz4DO_gr7p_LMwF7S",
    "authorUserName": "g***1",
    "title": "餐饮美食统计",
    "description": "",
    "latestVersion": 5,
    "alwaysLatest": 0,
    "createTime": "2021-06-03T02:38:02.000Z",
    "lastUpdateTime": "2021-06-03T02:38:02.000Z",
    "auth": 2,
    "uid": "obd-oAV1MjlH0o2jxJOz4DO_gr7p_LMwF7S",
    "publishedVersion": 0,
    "forkFrom": "-",
    "isSpam": 0,
    "version": 5,
    "parentVersion": 4,
    "echartsVersion": "5.1.1",
    "versionCreateTime": "2021-06-03T03:03:37.000Z",
    "html": "",
    "externalScripts": "",
    "updaterUID": "obd-oAV1MjlH0o2jxJOz4DO_gr7p_LMwF7S",
    "theme": "",
    "layout": "",
    "viewCount": 0,
    "userName": "g***1",
    "commentCount": 0,
    "starCount": 3,
    "isStared": 0,
    "thumbnailURL": "https://www.makeapie.com/ecg-storage/ec_gallery_thumbnail/x4HB3RoS1J.png?v=1622689417128",
    "isCustomThumbnail": 0,
    "builtinTags": [
        "category-work",
        "grid",
        "series-bar",
        "title",
        "tooltip"
    ],
    "customTags": [],
    "updaterUserName": "g***1"
}