{
    "cid": "x6dHulMroq",
    "authorUid": "obd-oAV1MjlH0o2jxJOz4DO_gr7p_LMwF7S",
    "authorUserName": "g***1",
    "title": "休闲娱乐统计",
    "description": "",
    "latestVersion": 1,
    "alwaysLatest": 0,
    "createTime": "2021-06-03T02:09:59.000Z",
    "lastUpdateTime": "2021-06-03T02:09:59.000Z",
    "auth": 2,
    "uid": "obd-oAV1MjlH0o2jxJOz4DO_gr7p_LMwF7S",
    "publishedVersion": 0,
    "forkFrom": "-",
    "isSpam": 0,
    "version": 1,
    "parentVersion": -1,
    "echartsVersion": "5.1.1",
    "versionCreateTime": "2021-06-03T02:09:59.000Z",
    "html": "",
    "externalScripts": "",
    "updaterUID": "obd-oAV1MjlH0o2jxJOz4DO_gr7p_LMwF7S",
    "theme": "",
    "layout": "",
    "viewCount": 0,
    "userName": "g***1",
    "commentCount": 0,
    "starCount": 2,
    "isStared": 0,
    "thumbnailURL": "https://www.makeapie.com/ecg-storage/ec_gallery_thumbnail/x6dHulMroq.png?v=1622686199583",
    "isCustomThumbnail": 0,
    "builtinTags": [
        "category-work",
        "grid",
        "series-bar",
        "title",
        "tooltip"
    ],
    "customTags": [],
    "updaterUserName": "g***1"
}