{
    "cid": "xh-UyunSv_",
    "authorUid": "obd-oAV1MjlH0o2jxJOz4DO_gr7p_LMwF7S",
    "authorUserName": "g***1",
    "title": "pie4",
    "description": "",
    "latestVersion": 4,
    "alwaysLatest": 0,
    "createTime": "2021-06-02T02:56:11.000Z",
    "lastUpdateTime": "2021-06-02T02:56:11.000Z",
    "auth": 2,
    "uid": "obd-oAV1MjlH0o2jxJOz4DO_gr7p_LMwF7S",
    "publishedVersion": 0,
    "forkFrom": "-",
    "isSpam": 0,
    "version": 4,
    "parentVersion": 3,
    "echartsVersion": "5.1.1",
    "versionCreateTime": "2021-06-02T03:20:58.000Z",
    "html": "",
    "externalScripts": "",
    "updaterUID": "obd-oAV1MjlH0o2jxJOz4DO_gr7p_LMwF7S",
    "theme": "",
    "layout": "",
    "viewCount": 0,
    "userName": "g***1",
    "commentCount": 0,
    "starCount": 0,
    "isStared": 0,
    "thumbnailURL": "https://www.makeapie.com/ecg-storage/ec_gallery_thumbnail/xh-UyunSv_.png?v=1622604058958",
    "isCustomThumbnail": 0,
    "builtinTags": [
        "category-work",
        "graphic",
        "series-pie",
        "title",
        "toolbox",
        "tooltip"
    ],
    "customTags": [],
    "updaterUserName": "g***1"
}