{
    "cid": "xREAUXksK7",
    "authorUid": "obd-oClnUgYZq3rXuY0lCmEO2F7juKRmh36",
    "authorUserName": "我***e",
    "title": "浦口科学城",
    "description": "浦口科学城",
    "latestVersion": 2,
    "alwaysLatest": 0,
    "createTime": "2021-06-01T08:37:12.000Z",
    "lastUpdateTime": "2021-06-01T08:37:12.000Z",
    "auth": 2,
    "uid": "obd-oClnUgYZq3rXuY0lCmEO2F7juKRmh36",
    "publishedVersion": 0,
    "forkFrom": "-",
    "isSpam": 0,
    "version": 2,
    "parentVersion": 1,
    "echartsVersion": "5.1.1",
    "versionCreateTime": "2021-06-01T09:38:10.000Z",
    "html": "",
    "externalScripts": "",
    "updaterUID": "obd-oClnUgYZq3rXuY0lCmEO2F7juKRmh36",
    "theme": "",
    "layout": "",
    "viewCount": 0,
    "userName": "我***e",
    "commentCount": 0,
    "starCount": 0,
    "isStared": 0,
    "thumbnailURL": "https://www.makeapie.com/ecg-storage/ec_gallery_thumbnail/xREAUXksK7.png?v=1622540290494",
    "isCustomThumbnail": 0,
    "builtinTags": [
        "category-work",
        "geo",
        "series-effectScatter",
        "series-lines",
        "title",
        "tooltip"
    ],
    "customTags": [],
    "updaterUserName": "我***e"
}