{
    "cid": "xulz0jJc9D",
    "authorUid": "bd-365218436",
    "authorUserName": "G***G",
    "title": "柱状背景图",
    "description": "",
    "latestVersion": 3,
    "alwaysLatest": 0,
    "createTime": "2021-06-01T08:10:10.000Z",
    "lastUpdateTime": "2021-09-27T02:31:59.000Z",
    "auth": 2,
    "uid": "bd-365218436",
    "publishedVersion": 0,
    "forkFrom": "-",
    "isSpam": 0,
    "version": 3,
    "parentVersion": 2,
    "echartsVersion": "5.1.0",
    "versionCreateTime": "2021-09-27T02:31:59.000Z",
    "html": "",
    "externalScripts": "",
    "updaterUID": "bd-365218436",
    "theme": "",
    "layout": "",
    "viewCount": 0,
    "userName": "G***G",
    "commentCount": 0,
    "starCount": 2,
    "isStared": 0,
    "thumbnailURL": "https://www.makeapie.com/ecg-storage/ec_gallery_thumbnail/xulz0jJc9D.png?v=1632709919908",
    "isCustomThumbnail": 0,
    "builtinTags": [
        "category-work",
        "grid",
        "legend",
        "series-bar",
        "tooltip"
    ],
    "customTags": [],
    "updaterUserName": "G***G"
}