{
    "cid": "xv0w6Xcgqw",
    "authorUid": "obd-oNSOL9h3X5pY5qV_wtDVeeVfXzH8kCb",
    "authorUserName": "c***2",
    "title": " \n目标数量\n实际产出\n达成率\n生产效率",
    "description": "柱状图+线图+表格",
    "latestVersion": 1,
    "alwaysLatest": 0,
    "createTime": "2021-06-03T05:37:58.000Z",
    "lastUpdateTime": "2021-06-03T05:37:58.000Z",
    "auth": 2,
    "uid": "obd-oNSOL9h3X5pY5qV_wtDVeeVfXzH8kCb",
    "publishedVersion": 0,
    "forkFrom": "-",
    "isSpam": 0,
    "version": 1,
    "parentVersion": -1,
    "echartsVersion": "5.1.1",
    "versionCreateTime": "2021-06-03T05:37:58.000Z",
    "html": "",
    "externalScripts": "",
    "updaterUID": "obd-oNSOL9h3X5pY5qV_wtDVeeVfXzH8kCb",
    "theme": "",
    "layout": "",
    "viewCount": 0,
    "userName": "c***2",
    "commentCount": 0,
    "starCount": 5,
    "isStared": 0,
    "thumbnailURL": "https://www.makeapie.com/ecg-storage/ec_gallery_thumbnail/xv0w6Xcgqw.png?v=1622698678709",
    "isCustomThumbnail": 0,
    "builtinTags": [
        "category-work",
        "dataZoom",
        "graphic",
        "grid",
        "legend",
        "series-bar",
        "series-line",
        "title",
        "tooltip"
    ],
    "customTags": [],
    "updaterUserName": "c***2"
}