{
    "cid": "xwruy-VNdZ",
    "authorUid": "obd-oNT2otUAreXONX4Q8co27w4xoh5eVC8",
    "authorUserName": "y***9",
    "title": "环形图-数据在中间显示",
    "description": "环形图-数据在中间显示",
    "latestVersion": 2,
    "alwaysLatest": 0,
    "createTime": "2021-06-04T00:52:37.000Z",
    "lastUpdateTime": "2021-06-04T00:52:37.000Z",
    "auth": 2,
    "uid": "obd-oNT2otUAreXONX4Q8co27w4xoh5eVC8",
    "publishedVersion": 0,
    "forkFrom": "-",
    "isSpam": 0,
    "version": 2,
    "parentVersion": 1,
    "echartsVersion": "5.1.1",
    "versionCreateTime": "2021-06-04T00:54:08.000Z",
    "html": "",
    "externalScripts": "",
    "updaterUID": "obd-oNT2otUAreXONX4Q8co27w4xoh5eVC8",
    "theme": "",
    "layout": "",
    "viewCount": 0,
    "userName": "y***9",
    "commentCount": 0,
    "starCount": 0,
    "isStared": 0,
    "thumbnailURL": "https://www.makeapie.com/ecg-storage/ec_gallery_thumbnail/xwruy-VNdZ.png?v=1622768048661",
    "isCustomThumbnail": 0,
    "builtinTags": [
        "category-work",
        "series-pie",
        "title"
    ],
    "customTags": [],
    "updaterUserName": "y***9"
}