{
    "cid": "xzXJdKkUWH",
    "authorUid": "obd-oM1bP2PNHM2r9UvD73vSt5BUaV9E721",
    "authorUserName": "1***r",
    "title": "",
    "description": "",
    "latestVersion": 2,
    "alwaysLatest": 0,
    "createTime": "2021-06-03T12:18:31.000Z",
    "lastUpdateTime": "2021-06-03T12:18:31.000Z",
    "auth": 2,
    "uid": "obd-oM1bP2PNHM2r9UvD73vSt5BUaV9E721",
    "publishedVersion": 0,
    "forkFrom": "-",
    "isSpam": 0,
    "version": 2,
    "parentVersion": 1,
    "echartsVersion": "4.6.0",
    "versionCreateTime": "2021-06-03T12:24:04.000Z",
    "html": "",
    "externalScripts": "",
    "updaterUID": "obd-oM1bP2PNHM2r9UvD73vSt5BUaV9E721",
    "theme": "",
    "layout": "",
    "viewCount": 0,
    "userName": "1***r",
    "commentCount": 0,
    "starCount": 2,
    "isStared": 0,
    "thumbnailURL": "https://www.makeapie.com/ecg-storage/ec_gallery_thumbnail/xzXJdKkUWH.png?v=1622723044857",
    "isCustomThumbnail": 0,
    "builtinTags": [
        "category-work",
        "legend",
        "polar",
        "series-pie"
    ],
    "customTags": [],
    "updaterUserName": "1***r"
}