{
    "cid": "xzXQAEigTP",
    "authorUid": "obd-oMizrAHd6PIuuncGlQs9B_BcpR9WJ2p",
    "authorUserName": "我***k",
    "title": "上下双柱状图",
    "description": "上下双柱状图",
    "latestVersion": 2,
    "alwaysLatest": 0,
    "createTime": "2021-06-02T12:51:53.000Z",
    "lastUpdateTime": "2021-06-02T12:51:53.000Z",
    "auth": 2,
    "uid": "obd-oMizrAHd6PIuuncGlQs9B_BcpR9WJ2p",
    "publishedVersion": 0,
    "forkFrom": "-",
    "isSpam": 0,
    "version": 2,
    "parentVersion": 1,
    "echartsVersion": "5.0.2",
    "versionCreateTime": "2021-06-02T12:55:27.000Z",
    "html": "",
    "externalScripts": "",
    "updaterUID": "obd-oMizrAHd6PIuuncGlQs9B_BcpR9WJ2p",
    "theme": "",
    "layout": "",
    "viewCount": 0,
    "userName": "我***k",
    "commentCount": 0,
    "starCount": 0,
    "isStared": 0,
    "thumbnailURL": "https://www.makeapie.com/ecg-storage/ec_gallery_thumbnail/xzXQAEigTP.png?v=1622638528018",
    "isCustomThumbnail": 0,
    "builtinTags": [
        "category-work",
        "grid",
        "legend",
        "series-bar",
        "timeline"
    ],
    "customTags": [],
    "updaterUserName": "我***k"
}