{
    "cid": "x0HI0cXqzG",
    "authorUid": "obd-o2SqrNS5GpZctwsluETKAiuBtD3q369",
    "authorUserName": "一***L",
    "title": "象形图",
    "description": "",
    "latestVersion": 1,
    "alwaysLatest": 1,
    "createTime": "2020-09-03T09:18:38.000Z",
    "lastUpdateTime": "2020-09-03T09:18:38.000Z",
    "auth": 2,
    "uid": "obd-o2SqrNS5GpZctwsluETKAiuBtD3q369",
    "publishedVersion": 0,
    "forkFrom": "-",
    "isSpam": 0,
    "version": 1,
    "parentVersion": -1,
    "echartsVersion": "4.8.0",
    "versionCreateTime": "2020-09-03T09:18:38.000Z",
    "html": "",
    "externalScripts": "",
    "updaterUID": "obd-o2SqrNS5GpZctwsluETKAiuBtD3q369",
    "theme": "",
    "layout": "",
    "viewCount": 360,
    "userName": "一***L",
    "commentCount": 0,
    "starCount": 9,
    "isStared": 0,
    "thumbnailURL": "https://www.makeapie.com/ecg-storage/ec_gallery_thumbnail/x0HI0cXqzG.png?v=1599124719099",
    "isCustomThumbnail": 0,
    "builtinTags": [
        "category-work",
        "grid",
        "legend",
        "series-pictorialBar",
        "tooltip"
    ],
    "customTags": [
        "pictorialBar"
    ],
    "updaterUserName": "一***L"
}