{
    "cid": "x5392YTlxW",
    "authorUid": "obd-ojqzKQDjzdHRk2EysiIj6v7OgA6J4Ew",
    "authorUserName": "心***清",
    "title": "boolbox",
    "description": "",
    "latestVersion": 1,
    "alwaysLatest": 1,
    "createTime": "2020-09-07T02:16:43.000Z",
    "lastUpdateTime": "2020-09-07T02:16:43.000Z",
    "auth": 2,
    "uid": "obd-ojqzKQDjzdHRk2EysiIj6v7OgA6J4Ew",
    "publishedVersion": 0,
    "forkFrom": "-",
    "isSpam": 0,
    "version": 1,
    "parentVersion": -1,
    "echartsVersion": "4.8.0",
    "versionCreateTime": "2020-09-07T02:16:43.000Z",
    "html": "",
    "externalScripts": "",
    "updaterUID": "obd-ojqzKQDjzdHRk2EysiIj6v7OgA6J4Ew",
    "theme": "",
    "layout": "",
    "viewCount": 85,
    "userName": "心***清",
    "commentCount": 0,
    "starCount": 0,
    "isStared": 0,
    "thumbnailURL": "https://www.makeapie.com/ecg-storage/ec_gallery_thumbnail/x5392YTlxW.png?v=1599445003690",
    "isCustomThumbnail": 0,
    "builtinTags": [
        "category-work",
        "grid",
        "legend",
        "series-bar",
        "series-line",
        "toolbox",
        "tooltip"
    ],
    "customTags": [],
    "updaterUserName": "心***清"
}