{
    "cid": "xhOkg_R6cB",
    "authorUid": "obd-o2SqrNS5GpZctwsluETKAiuBtD3q369",
    "authorUserName": "一***L",
    "title": "条形图（带底色+数值）",
    "description": "",
    "latestVersion": 1,
    "alwaysLatest": 1,
    "createTime": "2020-09-03T08:04:58.000Z",
    "lastUpdateTime": "2020-09-03T08:04:58.000Z",
    "auth": 2,
    "uid": "obd-o2SqrNS5GpZctwsluETKAiuBtD3q369",
    "publishedVersion": 0,
    "forkFrom": "-",
    "isSpam": 0,
    "version": 1,
    "parentVersion": -1,
    "echartsVersion": "4.8.0",
    "versionCreateTime": "2020-09-03T08:04:58.000Z",
    "html": "",
    "externalScripts": "",
    "updaterUID": "obd-o2SqrNS5GpZctwsluETKAiuBtD3q369",
    "theme": "",
    "layout": "",
    "viewCount": 172,
    "userName": "一***L",
    "commentCount": 0,
    "starCount": 3,
    "isStared": 0,
    "thumbnailURL": "https://www.makeapie.com/ecg-storage/ec_gallery_thumbnail/xhOkg_R6cB.png?v=1599120298700",
    "isCustomThumbnail": 0,
    "builtinTags": [
        "category-work",
        "grid",
        "series-bar",
        "tooltip"
    ],
    "customTags": [],
    "updaterUserName": "一***L"
}