{
    "cid": "xWKLyPPmq9",
    "authorUid": "obd-oFgxeOImDyGaYaUVj8Ze-CeWci-ka5J",
    "authorUserName": "二***桐",
    "title": "柱线与堆叠",
    "description": "",
    "latestVersion": 6,
    "alwaysLatest": 1,
    "createTime": "2020-09-04T03:38:19.000Z",
    "lastUpdateTime": "2020-09-04T03:38:19.000Z",
    "auth": 2,
    "uid": "obd-oFgxeOImDyGaYaUVj8Ze-CeWci-ka5J",
    "publishedVersion": 0,
    "forkFrom": "-",
    "isSpam": 0,
    "version": 6,
    "parentVersion": 5,
    "echartsVersion": "5.1.2",
    "versionCreateTime": "2021-06-17T10:46:25.000Z",
    "html": "",
    "externalScripts": "",
    "updaterUID": "obd-oFgxeOImDyGaYaUVj8Ze-CeWci-ka5J",
    "theme": "",
    "layout": "",
    "viewCount": 91,
    "userName": "二***桐",
    "commentCount": 0,
    "starCount": 0,
    "isStared": 0,
    "thumbnailURL": "https://www.makeapie.com/ecg-storage/ec_gallery_thumbnail/xWKLyPPmq9.png?v=1623926785758",
    "isCustomThumbnail": 0,
    "builtinTags": [
        "category-work",
        "grid",
        "legend",
        "series-bar",
        "series-line",
        "tooltip"
    ],
    "customTags": [],
    "updaterUserName": "二***桐"
}