{
    "cid": "xwqist9sZi",
    "authorUid": "obd-oj1TY3WT3Cwpj0eTk4gxuUCDHx7FKDh",
    "authorUserName": "l***4",
    "title": "折线图多数据",
    "description": "折线图多数据",
    "latestVersion": 1,
    "alwaysLatest": 1,
    "createTime": "2020-09-05T06:12:06.000Z",
    "lastUpdateTime": "2020-09-05T06:12:06.000Z",
    "auth": 2,
    "uid": "obd-oj1TY3WT3Cwpj0eTk4gxuUCDHx7FKDh",
    "publishedVersion": 0,
    "forkFrom": "-",
    "isSpam": 0,
    "version": 1,
    "parentVersion": -1,
    "echartsVersion": "4.8.0",
    "versionCreateTime": "2020-09-05T06:12:06.000Z",
    "html": "",
    "externalScripts": "",
    "updaterUID": "obd-oj1TY3WT3Cwpj0eTk4gxuUCDHx7FKDh",
    "theme": "",
    "layout": "",
    "viewCount": 79,
    "userName": "l***4",
    "commentCount": 0,
    "starCount": 0,
    "isStared": 0,
    "thumbnailURL": "https://www.makeapie.com/ecg-storage/ec_gallery_thumbnail/xwqist9sZi.png?v=1599286326285",
    "isCustomThumbnail": 0,
    "builtinTags": [
        "category-work",
        "grid",
        "legend",
        "series-line",
        "tooltip"
    ],
    "customTags": [],
    "updaterUserName": "l***4"
}