{
    "cid": "xB14VFfLYz",
    "authorUid": "bd-104705336",
    "authorUserName": "Jack_Steve",
    "title": "世界地图",
    "description": "echart 世界地图数据分布",
    "latestVersion": 2,
    "alwaysLatest": 1,
    "createTime": "2018-03-14T03:38:20.000Z",
    "lastUpdateTime": "2018-03-14T03:38:20.000Z",
    "auth": 2,
    "uid": "bd-104705336",
    "publishedVersion": 0,
    "forkFrom": "-",
    "isSpam": 0,
    "version": 2,
    "parentVersion": 1,
    "echartsVersion": "4.0.4",
    "versionCreateTime": "2018-03-14T03:38:33.000Z",
    "html": "",
    "externalScripts": "/dep/echarts/map/js/world.js",
    "updaterUID": "bd-104705336",
    "theme": "roma",
    "layout": "",
    "viewCount": 1032,
    "userName": "Jack_Steve",
    "commentCount": 2,
    "starCount": 0,
    "isStared": 0,
    "thumbnailURL": "https://www.makeapie.com/ecg-storage/ec_gallery_thumbnail/xB14VFfLYz.png?v=1520998713325",
    "isCustomThumbnail": 0,
    "builtinTags": [
        "category-work",
        "geo",
        "series-scatter",
        "title",
        "toolbox",
        "tooltip"
    ],
    "customTags": [],
    "updaterUserName": "Jack_Steve"
}