{
    "cid": "xB1IMOlrFf",
    "authorUid": "bd-996351643",
    "authorUserName": "丨陌上花開",
    "title": "联动折线图",
    "description": "",
    "latestVersion": 4,
    "alwaysLatest": 1,
    "createTime": "2018-03-13T07:04:46.000Z",
    "lastUpdateTime": "2018-03-13T07:04:46.000Z",
    "auth": 2,
    "uid": "bd-996351643",
    "publishedVersion": 0,
    "forkFrom": "-",
    "isSpam": 0,
    "version": 4,
    "parentVersion": 3,
    "echartsVersion": "4.0.4",
    "versionCreateTime": "2018-03-13T07:53:12.000Z",
    "html": "",
    "externalScripts": "",
    "updaterUID": "bd-996351643",
    "theme": "",
    "layout": "",
    "viewCount": 667,
    "userName": "丨陌上花開",
    "commentCount": 0,
    "starCount": 2,
    "isStared": 0,
    "thumbnailURL": "https://www.makeapie.com/ecg-storage/ec_gallery_thumbnail/xB1IMOlrFf.png?v=1520927592467",
    "isCustomThumbnail": 0,
    "builtinTags": [
        "category-work",
        "grid",
        "series-line",
        "tooltip"
    ],
    "customTags": [],
    "updaterUserName": "丨陌上花開"
}