{
    "cid": "xH1qD_RXYz",
    "authorUid": "bd-3393057074",
    "authorUserName": "大***志",
    "title": "柱状图 - 柱状顶部显示数据特殊处理",
    "description": "柱状顶部显示数据特殊处理",
    "latestVersion": 2,
    "alwaysLatest": 1,
    "createTime": "2018-03-12T10:37:22.000Z",
    "lastUpdateTime": "2018-03-12T10:37:22.000Z",
    "auth": 2,
    "uid": "bd-3393057074",
    "publishedVersion": 0,
    "forkFrom": "-",
    "isSpam": 0,
    "version": 2,
    "parentVersion": 1,
    "echartsVersion": "4.0.4",
    "versionCreateTime": "2018-03-12T10:40:49.000Z",
    "html": "",
    "externalScripts": "",
    "updaterUID": "bd-3393057074",
    "theme": "",
    "layout": "",
    "viewCount": 173,
    "userName": "大***志",
    "commentCount": 0,
    "starCount": 0,
    "isStared": 0,
    "thumbnailURL": "https://www.makeapie.com/ecg-storage/ec_gallery_thumbnail/xH1qD_RXYz.png?v=1520851249350",
    "isCustomThumbnail": 0,
    "builtinTags": [
        "category-work",
        "grid",
        "series-bar"
    ],
    "customTags": [],
    "updaterUserName": "大***志"
}