{
    "cid": "xSJ2IgerKf",
    "authorUid": "bd-3509599234",
    "authorUserName": "晴天绕天雨天",
    "title": "Profile",
    "description": "",
    "latestVersion": 1,
    "alwaysLatest": 1,
    "createTime": "2018-03-13T06:31:48.000Z",
    "lastUpdateTime": "2018-03-13T06:31:48.000Z",
    "auth": 2,
    "uid": "bd-3509599234",
    "publishedVersion": 0,
    "forkFrom": "-",
    "isSpam": 0,
    "version": 1,
    "parentVersion": -1,
    "echartsVersion": "4.0.4",
    "versionCreateTime": "2018-03-13T06:31:48.000Z",
    "html": "",
    "externalScripts": "",
    "updaterUID": "bd-3509599234",
    "theme": "",
    "layout": "",
    "viewCount": 257,
    "userName": "晴天绕天雨天",
    "commentCount": 0,
    "starCount": 2,
    "isStared": 0,
    "thumbnailURL": "https://www.makeapie.com/ecg-storage/ec_gallery_thumbnail/xSJ2IgerKf.png?v=1520922708155",
    "isCustomThumbnail": 0,
    "builtinTags": [
        "category-work",
        "dataZoom",
        "grid",
        "legend",
        "series-custom",
        "title",
        "tooltip"
    ],
    "customTags": [],
    "updaterUserName": "晴天绕天雨天"
}