{
    "cid": "xSJ5cF-rtz",
    "authorUid": "bd-1196622443",
    "authorUserName": "布***斯",
    "title": "横向渐变柱状图",
    "description": "",
    "latestVersion": 1,
    "alwaysLatest": 1,
    "createTime": "2018-03-13T08:19:30.000Z",
    "lastUpdateTime": "2018-03-13T08:19:30.000Z",
    "auth": 2,
    "uid": "bd-1196622443",
    "publishedVersion": 0,
    "forkFrom": "-",
    "isSpam": 0,
    "version": 1,
    "parentVersion": -1,
    "echartsVersion": "4.0.4",
    "versionCreateTime": "2018-03-13T08:19:30.000Z",
    "html": "",
    "externalScripts": "",
    "updaterUID": "bd-1196622443",
    "theme": "",
    "layout": "",
    "viewCount": 49,
    "userName": "布***斯",
    "commentCount": 0,
    "starCount": 0,
    "isStared": 0,
    "thumbnailURL": "https://www.makeapie.com/ecg-storage/ec_gallery_thumbnail/xSJ5cF-rtz.png?v=1520929170437",
    "isCustomThumbnail": 0,
    "builtinTags": [
        "category-work",
        "grid",
        "legend",
        "series-bar"
    ],
    "customTags": [],
    "updaterUserName": "布***斯"
}