{
    "cid": "xSJ792BEFM",
    "authorUid": "bd-3033345977",
    "authorUserName": "p***h",
    "title": "Bar & Map & EffectScatter",
    "description": "",
    "latestVersion": 1,
    "alwaysLatest": 1,
    "createTime": "2018-03-12T18:52:58.000Z",
    "lastUpdateTime": "2018-03-12T18:52:58.000Z",
    "auth": 2,
    "uid": "bd-3033345977",
    "publishedVersion": 0,
    "forkFrom": "-",
    "isSpam": 0,
    "version": 1,
    "parentVersion": -1,
    "echartsVersion": "4.0.4",
    "versionCreateTime": "2018-03-12T18:52:58.000Z",
    "html": "",
    "externalScripts": "/dep/echarts/map/js/world.js",
    "updaterUID": "bd-3033345977",
    "theme": "",
    "layout": "",
    "viewCount": 2074,
    "userName": "p***h",
    "commentCount": 0,
    "starCount": 17,
    "isStared": 0,
    "thumbnailURL": "https://www.makeapie.com/ecg-storage/ec_gallery_thumbnail/xSJ792BEFM.png?v=1520880778873",
    "isCustomThumbnail": 0,
    "builtinTags": [
        "category-work",
        "geo",
        "graphic",
        "grid",
        "series-bar",
        "series-effectScatter",
        "series-map",
        "tooltip",
        "visualMap"
    ],
    "customTags": [],
    "updaterUserName": "p***h"
}