{
    "cid": "xB1EoXbqCl",
    "authorUid": "bd-1515649092",
    "authorUserName": "可***字",
    "title": "多维度拼图双重标题居中",
    "description": "通过title.text和title.subtext来实现和双重标题的居中",
    "latestVersion": 1,
    "alwaysLatest": 1,
    "createTime": "2017-04-23T10:36:11.000Z",
    "lastUpdateTime": "2017-04-23T10:36:11.000Z",
    "auth": 2,
    "uid": "bd-1515649092",
    "publishedVersion": 0,
    "forkFrom": "-",
    "isSpam": 0,
    "version": 1,
    "parentVersion": -1,
    "echartsVersion": "3.5.3",
    "versionCreateTime": "2017-04-23T10:36:11.000Z",
    "html": "",
    "externalScripts": "",
    "updaterUID": "bd-1515649092",
    "theme": "",
    "layout": "",
    "viewCount": 8897,
    "userName": "可***字",
    "commentCount": 0,
    "starCount": 12,
    "isStared": 0,
    "thumbnailURL": "https://www.makeapie.com/ecg-storage/ec_gallery_thumbnail/xB1EoXbqCl.png?v=1492943771888",
    "isCustomThumbnail": 0,
    "builtinTags": [
        "category-work",
        "legend",
        "series-pie",
        "title",
        "tooltip"
    ],
    "customTags": [],
    "updaterUserName": "可***字"
}