{
    "cid": "xB1Hg1l11Z",
    "authorUid": "bd-724147536",
    "authorUserName": "h943691093",
    "title": "竖仪表盘",
    "description": "竖仪表盘 target value color",
    "latestVersion": 2,
    "alwaysLatest": 1,
    "createTime": "2017-04-27T04:09:16.000Z",
    "lastUpdateTime": "2017-04-27T04:09:16.000Z",
    "auth": 2,
    "uid": "bd-724147536",
    "publishedVersion": 1,
    "forkFrom": "-",
    "isSpam": 0,
    "version": 1,
    "parentVersion": -1,
    "echartsVersion": "3.5.4",
    "versionCreateTime": "2017-04-27T04:09:16.000Z",
    "html": "",
    "externalScripts": "",
    "updaterUID": "bd-724147536",
    "theme": "",
    "layout": "",
    "viewCount": 2629,
    "userName": "h943691093",
    "commentCount": 0,
    "starCount": 7,
    "isStared": 0,
    "thumbnailURL": "https://www.makeapie.com/ecg-storage/ec_gallery_thumbnail/xB1Hg1l11Z.png?v=1493266156860",
    "isCustomThumbnail": 1,
    "builtinTags": [
        "category-work",
        "graphic",
        "grid",
        "series-bar",
        "tooltip"
    ],
    "customTags": [
        "color",
        "targetvalue",
        "竖仪表盘"
    ],
    "updaterUserName": "h943691093"
}