{
    "cid": "xBJy4LtaRg",
    "authorUid": "bd-2234488899",
    "authorUserName": "xdlumia",
    "title": "地图鼠标悬浮点击链接",
    "description": "",
    "latestVersion": 1,
    "alwaysLatest": 1,
    "createTime": "2017-04-26T02:29:59.000Z",
    "lastUpdateTime": "2017-04-26T02:29:59.000Z",
    "auth": 2,
    "uid": "bd-2234488899",
    "publishedVersion": 0,
    "forkFrom": "-",
    "isSpam": 0,
    "version": 1,
    "parentVersion": -1,
    "echartsVersion": "3.5.3",
    "versionCreateTime": "2017-04-26T02:29:59.000Z",
    "html": "",
    "externalScripts": "/dep/echarts/map/js/china.js,/dep/echarts/latest/extension/dataTool.min.js",
    "updaterUID": "bd-2234488899",
    "theme": "",
    "layout": "",
    "viewCount": 10083,
    "userName": "xdlumia",
    "commentCount": 0,
    "starCount": 25,
    "isStared": 0,
    "thumbnailURL": "https://www.makeapie.com/ecg-storage/ec_gallery_thumbnail/xBJy4LtaRg.png?v=1493173799872",
    "isCustomThumbnail": 0,
    "builtinTags": [
        "category-work",
        "geo",
        "series-effectScatter",
        "series-lines",
        "tooltip"
    ],
    "customTags": [],
    "updaterUserName": "xdlumia"
}