{
    "cid": "xBy9y3kURl",
    "authorUid": "bd-1225198824",
    "authorUserName": "chunfang740",
    "title": "柱形图",
    "description": "燃气数据：万立方米",
    "latestVersion": 1,
    "alwaysLatest": 1,
    "createTime": "2017-04-20T08:05:54.000Z",
    "lastUpdateTime": "2017-04-20T08:05:54.000Z",
    "auth": 2,
    "uid": "bd-1225198824",
    "publishedVersion": 0,
    "forkFrom": "-",
    "isSpam": 0,
    "version": 1,
    "parentVersion": -1,
    "echartsVersion": "3.5.3",
    "versionCreateTime": "2017-04-20T08:05:54.000Z",
    "html": "",
    "externalScripts": "",
    "updaterUID": "bd-1225198824",
    "theme": "",
    "layout": "",
    "viewCount": 858,
    "userName": "chunfang740",
    "commentCount": 0,
    "starCount": 2,
    "isStared": 0,
    "thumbnailURL": "https://www.makeapie.com/ecg-storage/ec_gallery_thumbnail/xBy9y3kURl.png?v=1492675554310",
    "isCustomThumbnail": 0,
    "builtinTags": [
        "category-work",
        "grid",
        "legend",
        "series-bar",
        "title",
        "tooltip"
    ],
    "customTags": [],
    "updaterUserName": "chunfang740"
}