{
    "cid": "xH1IqT5DCg",
    "authorUid": "bd-2215764494",
    "authorUserName": "p***g",
    "title": "Globe Displacement",
    "description": "Ultra resolution displacement in globe",
    "latestVersion": 2,
    "alwaysLatest": 1,
    "createTime": "2017-04-21T14:56:13.000Z",
    "lastUpdateTime": "2017-04-21T15:29:26.000Z",
    "auth": 2,
    "uid": "bd-2215764494",
    "publishedVersion": 0,
    "forkFrom": "-",
    "isSpam": 0,
    "version": 2,
    "parentVersion": 1,
    "echartsVersion": "3.6.0",
    "versionCreateTime": "2017-05-26T03:11:22.000Z",
    "html": "",
    "externalScripts": "http://echarts.baidu.com/resource/echarts-gl-latest/dist/echarts-gl.min.js",
    "updaterUID": "bd-2215764494",
    "theme": "default",
    "layout": "",
    "viewCount": 2371,
    "userName": "p***g",
    "commentCount": 0,
    "starCount": 4,
    "isStared": 0,
    "thumbnailURL": "https://www.makeapie.com/ecg-storage/ec_gallery_thumbnail/xH1IqT5DCg.png?v=1492786575837",
    "isCustomThumbnail": 1,
    "builtinTags": [
        "category-work",
        "globe"
    ],
    "customTags": [
        "echarts-gl"
    ],
    "updaterUserName": "p***g"
}