{
    "cid": "xHkoy3YnRx",
    "authorUid": "bd-4129798803",
    "authorUserName": "fanzheng478",
    "title": "人物关系图",
    "description": "",
    "latestVersion": 6,
    "alwaysLatest": 1,
    "createTime": "2017-04-25T08:42:11.000Z",
    "lastUpdateTime": "2017-04-25T08:42:11.000Z",
    "auth": 2,
    "uid": "bd-4129798803",
    "publishedVersion": 0,
    "forkFrom": "-",
    "isSpam": 0,
    "version": 6,
    "parentVersion": 5,
    "echartsVersion": "3.5.3",
    "versionCreateTime": "2017-04-25T08:54:59.000Z",
    "html": "",
    "externalScripts": "",
    "updaterUID": "bd-4129798803",
    "theme": "",
    "layout": "",
    "viewCount": 5223,
    "userName": "fanzheng478",
    "commentCount": 2,
    "starCount": 8,
    "isStared": 0,
    "thumbnailURL": "https://www.makeapie.com/ecg-storage/ec_gallery_thumbnail/xHkoy3YnRx.png?v=1493110499946",
    "isCustomThumbnail": 0,
    "builtinTags": [
        "category-work",
        "legend",
        "series-graph",
        "tooltip"
    ],
    "customTags": [],
    "updaterUserName": "fanzheng478"
}