{
    "cid": "xHyLo_WPRe",
    "authorUid": "bd-741667023",
    "authorUserName": "爱***月",
    "title": "仪表盘",
    "description": "",
    "latestVersion": 1,
    "alwaysLatest": 1,
    "createTime": "2017-04-21T04:20:46.000Z",
    "lastUpdateTime": "2017-04-21T04:20:46.000Z",
    "auth": 2,
    "uid": "bd-741667023",
    "publishedVersion": 0,
    "forkFrom": "-",
    "isSpam": 0,
    "version": 1,
    "parentVersion": -1,
    "echartsVersion": "3.5.3",
    "versionCreateTime": "2017-04-21T04:20:46.000Z",
    "html": "",
    "externalScripts": "",
    "updaterUID": "bd-741667023",
    "theme": "",
    "layout": "",
    "viewCount": 2171,
    "userName": "爱***月",
    "commentCount": 0,
    "starCount": 5,
    "isStared": 0,
    "thumbnailURL": "https://www.makeapie.com/ecg-storage/ec_gallery_thumbnail/xHyLo_WPRe.png?v=1492748446988",
    "isCustomThumbnail": 0,
    "builtinTags": [
        "category-work",
        "series-gauge",
        "tooltip"
    ],
    "customTags": [],
    "updaterUserName": "爱***月"
}