{
    "cid": "xrJbx9xoCe",
    "authorUid": "bd-2460781221",
    "authorUserName": "zmy_0707",
    "title": "2016年AQI",
    "description": "",
    "latestVersion": 2,
    "alwaysLatest": 1,
    "createTime": "2017-04-24T04:07:04.000Z",
    "lastUpdateTime": "2017-04-24T04:07:04.000Z",
    "auth": 2,
    "uid": "bd-2460781221",
    "publishedVersion": 0,
    "forkFrom": "-",
    "isSpam": 0,
    "version": 2,
    "parentVersion": 1,
    "echartsVersion": "3.5.3",
    "versionCreateTime": "2017-04-24T04:18:50.000Z",
    "html": "",
    "externalScripts": "",
    "updaterUID": "bd-2460781221",
    "theme": "",
    "layout": "",
    "viewCount": 1190,
    "userName": "zmy_0707",
    "commentCount": 0,
    "starCount": 2,
    "isStared": 0,
    "thumbnailURL": "https://www.makeapie.com/ecg-storage/ec_gallery_thumbnail/xrJbx9xoCe.png?v=1493007530686",
    "isCustomThumbnail": 0,
    "builtinTags": [
        "calendar",
        "category-work",
        "series-heatmap",
        "title",
        "tooltip",
        "visualMap"
    ],
    "customTags": [],
    "updaterUserName": "zmy_0707"
}