{
    "cid": "xryB6EF6Cl",
    "authorUid": "bd-2249998894",
    "authorUserName": "變***話",
    "title": "堆栈图",
    "description": "",
    "latestVersion": 2,
    "alwaysLatest": 1,
    "createTime": "2017-04-26T02:23:56.000Z",
    "lastUpdateTime": "2017-04-26T02:23:56.000Z",
    "auth": 1,
    "uid": "bd-2249998894",
    "publishedVersion": 0,
    "forkFrom": "-",
    "isSpam": 0,
    "version": 2,
    "parentVersion": 1,
    "echartsVersion": "3.5.4",
    "versionCreateTime": "2017-04-27T07:09:31.000Z",
    "html": "",
    "externalScripts": "",
    "updaterUID": "bd-2249998894",
    "theme": "",
    "layout": "",
    "viewCount": 320,
    "userName": "變***話",
    "commentCount": 0,
    "starCount": 0,
    "isStared": 0,
    "thumbnailURL": "https://www.makeapie.com/ecg-storage/ec_gallery_thumbnail/xryB6EF6Cl.png?v=1493276971808",
    "isCustomThumbnail": 0,
    "builtinTags": [
        "category-work",
        "grid",
        "legend",
        "series-bar",
        "tooltip"
    ],
    "customTags": [],
    "updaterUserName": "變***話"
}