{
    "cid": "xS1ANWV1yZ",
    "authorUid": "bd-3423954353",
    "authorUserName": "枫***子",
    "title": "3",
    "description": "",
    "latestVersion": 1,
    "alwaysLatest": 1,
    "createTime": "2017-04-27T08:52:05.000Z",
    "lastUpdateTime": "2017-04-27T08:52:05.000Z",
    "auth": 2,
    "uid": "bd-3423954353",
    "publishedVersion": 0,
    "forkFrom": "-",
    "isSpam": 0,
    "version": 1,
    "parentVersion": -1,
    "echartsVersion": "3.5.4",
    "versionCreateTime": "2017-04-27T08:52:05.000Z",
    "html": "",
    "externalScripts": "/dep/echarts/map/js/china.js",
    "updaterUID": "bd-3423954353",
    "theme": "",
    "layout": "",
    "viewCount": 194,
    "userName": "枫***子",
    "commentCount": 0,
    "starCount": 0,
    "isStared": 0,
    "thumbnailURL": "https://www.makeapie.com/ecg-storage/ec_gallery_thumbnail/xS1ANWV1yZ.png?v=1493283125781",
    "isCustomThumbnail": 0,
    "builtinTags": [
        "category-work",
        "series-pie"
    ],
    "customTags": [],
    "updaterUserName": "枫***子"
}