{
    "cid": "xSJckGr8Cx",
    "authorUid": "bd-2215764494",
    "authorUserName": "p***g",
    "title": "星云",
    "description": "",
    "latestVersion": 4,
    "alwaysLatest": 1,
    "createTime": "2017-04-20T14:12:50.000Z",
    "lastUpdateTime": "2017-04-20T15:18:04.000Z",
    "auth": 2,
    "uid": "bd-2215764494",
    "publishedVersion": 0,
    "forkFrom": "-",
    "isSpam": 0,
    "version": 4,
    "parentVersion": 3,
    "echartsVersion": "3.6.0",
    "versionCreateTime": "2017-05-26T03:11:47.000Z",
    "html": "",
    "externalScripts": "http://echarts.baidu.com/resource/echarts-gl-latest/dist/echarts-gl.min.js,/dep/echarts/map/js/world.js",
    "updaterUID": "bd-2215764494",
    "theme": "default",
    "layout": "",
    "viewCount": 7786,
    "userName": "p***g",
    "commentCount": 0,
    "starCount": 4,
    "isStared": 0,
    "thumbnailURL": "https://www.makeapie.com/ecg-storage/ec_gallery_thumbnail/xSJckGr8Cx.png?v=1492701487189",
    "isCustomThumbnail": 1,
    "builtinTags": [
        "category-work",
        "grid3D",
        "series-bar3D",
        "tooltip"
    ],
    "customTags": [
        "echarts-gl"
    ],
    "updaterUserName": "p***g"
}