{
    "cid": "xSySk_d30l",
    "authorUid": "bd-2220533085",
    "authorUserName": "菟丝花开2016",
    "title": "渐变柱状图",
    "description": "",
    "latestVersion": 14,
    "alwaysLatest": 1,
    "createTime": "2017-04-25T07:16:44.000Z",
    "lastUpdateTime": "2017-04-25T07:16:44.000Z",
    "auth": 2,
    "uid": "bd-2220533085",
    "publishedVersion": 0,
    "forkFrom": "-",
    "isSpam": 0,
    "version": 14,
    "parentVersion": 13,
    "echartsVersion": "3.8.0",
    "versionCreateTime": "2017-12-28T06:06:48.000Z",
    "html": "",
    "externalScripts": "",
    "updaterUID": "bd-2220533085",
    "theme": "",
    "layout": "",
    "viewCount": 600,
    "userName": "菟丝花开2016",
    "commentCount": 0,
    "starCount": 5,
    "isStared": 0,
    "thumbnailURL": "https://www.makeapie.com/ecg-storage/ec_gallery_thumbnail/xSySk_d30l.png?v=1514441208738",
    "isCustomThumbnail": 0,
    "builtinTags": [
        "category-work",
        "grid",
        "legend",
        "series-bar",
        "tooltip"
    ],
    "customTags": [],
    "updaterUserName": "菟丝花开2016"
}