{
    "cid": "x5jPnsYGM0",
    "authorUid": "bd-659671912",
    "authorUserName": "F***y",
    "title": "自定义label提示框",
    "description": "",
    "latestVersion": 1,
    "alwaysLatest": 1,
    "createTime": "2019-07-05T06:25:54.000Z",
    "lastUpdateTime": "2019-07-05T06:25:54.000Z",
    "auth": 2,
    "uid": "bd-659671912",
    "publishedVersion": 0,
    "forkFrom": "-",
    "isSpam": 0,
    "version": 1,
    "parentVersion": -1,
    "echartsVersion": "4.2.1",
    "versionCreateTime": "2019-07-05T06:25:54.000Z",
    "html": "",
    "externalScripts": "",
    "updaterUID": "bd-659671912",
    "theme": "",
    "layout": "",
    "viewCount": 138,
    "userName": "F***y",
    "commentCount": 0,
    "starCount": 1,
    "isStared": 0,
    "thumbnailURL": "https://www.makeapie.com/ecg-storage/ec_gallery_thumbnail/x5jPnsYGM0.png?v=1562307954497",
    "isCustomThumbnail": 0,
    "builtinTags": [
        "category-work",
        "grid",
        "series-line",
        "tooltip"
    ],
    "customTags": [],
    "updaterUserName": "F***y"
}