{
    "cid": "x9pZTHiWJh",
    "authorUid": "bd-1219506066",
    "authorUserName": "d***n",
    "title": "Awesome Chart",
    "description": "",
    "latestVersion": 1,
    "alwaysLatest": 1,
    "createTime": "2019-07-06T14:34:56.000Z",
    "lastUpdateTime": "2019-07-06T14:34:56.000Z",
    "auth": 1,
    "uid": "bd-1219506066",
    "publishedVersion": 0,
    "forkFrom": "-",
    "isSpam": 0,
    "version": 1,
    "parentVersion": -1,
    "echartsVersion": "4.2.1",
    "versionCreateTime": "2019-07-06T14:34:56.000Z",
    "html": "",
    "externalScripts": "",
    "updaterUID": "bd-1219506066",
    "theme": "",
    "layout": "",
    "viewCount": 14,
    "userName": "d***n",
    "commentCount": 0,
    "starCount": 0,
    "isStared": 0,
    "thumbnailURL": "https://www.makeapie.com/ecg-storage/ec_gallery_thumbnail/x9pZTHiWJh.png?v=1562423696736",
    "isCustomThumbnail": 0,
    "builtinTags": [
        "category-work",
        "grid",
        "series-line",
        "title"
    ],
    "customTags": [],
    "updaterUserName": "d***n"
}