{
    "cid": "x_FeAHhwCw",
    "authorUid": "bd-39620803",
    "authorUserName": "雨***泪",
    "title": "上传下载速度",
    "description": "",
    "latestVersion": 1,
    "alwaysLatest": 1,
    "createTime": "2019-07-06T08:23:46.000Z",
    "lastUpdateTime": "2019-07-06T08:23:46.000Z",
    "auth": 2,
    "uid": "bd-39620803",
    "publishedVersion": 0,
    "forkFrom": "-",
    "isSpam": 0,
    "version": 1,
    "parentVersion": -1,
    "echartsVersion": "4.2.1",
    "versionCreateTime": "2019-07-06T08:23:46.000Z",
    "html": "",
    "externalScripts": "",
    "updaterUID": "bd-39620803",
    "theme": "",
    "layout": "",
    "viewCount": 733,
    "userName": "雨***泪",
    "commentCount": 0,
    "starCount": 2,
    "isStared": 0,
    "thumbnailURL": "https://www.makeapie.com/ecg-storage/ec_gallery_thumbnail/x_FeAHhwCw.png?v=1562401426467",
    "isCustomThumbnail": 0,
    "builtinTags": [
        "category-work",
        "graphic",
        "grid",
        "series-bar",
        "series-line",
        "tooltip"
    ],
    "customTags": [],
    "updaterUserName": "雨***泪"
}