{
    "cid": "xA564jJuAi",
    "authorUid": "bd-3842115868",
    "authorUserName": "缺***可",
    "title": "趋势预测（2019-2030）",
    "description": "数据来自xx",
    "latestVersion": 3,
    "alwaysLatest": 1,
    "createTime": "2019-07-05T07:02:42.000Z",
    "lastUpdateTime": "2019-07-05T07:02:42.000Z",
    "auth": 2,
    "uid": "bd-3842115868",
    "publishedVersion": 0,
    "forkFrom": "-",
    "isSpam": 0,
    "version": 3,
    "parentVersion": 2,
    "echartsVersion": "4.2.1",
    "versionCreateTime": "2019-07-05T07:16:20.000Z",
    "html": "",
    "externalScripts": "",
    "updaterUID": "bd-3842115868",
    "theme": "",
    "layout": "",
    "viewCount": 694,
    "userName": "缺***可",
    "commentCount": 0,
    "starCount": 0,
    "isStared": 0,
    "thumbnailURL": "https://www.makeapie.com/ecg-storage/ec_gallery_thumbnail/xA564jJuAi.png?v=1562310980843",
    "isCustomThumbnail": 0,
    "builtinTags": [
        "category-work",
        "grid",
        "markLine",
        "series-line",
        "title",
        "tooltip"
    ],
    "customTags": [],
    "updaterUserName": "缺***可"
}