{
    "cid": "xBy9Gn_x99",
    "authorUid": "bd-39620803",
    "authorUserName": "雨***泪",
    "title": "自定义饼状图",
    "description": "",
    "latestVersion": 1,
    "alwaysLatest": 1,
    "createTime": "2019-07-06T08:18:39.000Z",
    "lastUpdateTime": "2019-07-06T08:18:39.000Z",
    "auth": 2,
    "uid": "bd-39620803",
    "publishedVersion": 0,
    "forkFrom": "-",
    "isSpam": 0,
    "version": 1,
    "parentVersion": -1,
    "echartsVersion": "4.2.1",
    "versionCreateTime": "2019-07-06T08:18:39.000Z",
    "html": "",
    "externalScripts": "",
    "updaterUID": "bd-39620803",
    "theme": "",
    "layout": "",
    "viewCount": 5148,
    "userName": "雨***泪",
    "commentCount": 0,
    "starCount": 11,
    "isStared": 0,
    "thumbnailURL": "https://www.makeapie.com/ecg-storage/ec_gallery_thumbnail/xBy9Gn_x99.png?v=1562401119883",
    "isCustomThumbnail": 0,
    "builtinTags": [
        "category-work",
        "legend",
        "series-pie",
        "title"
    ],
    "customTags": [],
    "updaterUserName": "雨***泪"
}