{
    "cid": "xDbkqWV_tU",
    "authorUid": "bd-3793071787",
    "authorUserName": "二***弃",
    "title": "四川省竞争优劣分布图",
    "description": "四川省竞争优劣分布图",
    "latestVersion": 7,
    "alwaysLatest": 1,
    "createTime": "2019-07-08T03:39:20.000Z",
    "lastUpdateTime": "2019-07-08T03:39:20.000Z",
    "auth": 1,
    "uid": "bd-3793071787",
    "publishedVersion": 0,
    "forkFrom": "-",
    "isSpam": 0,
    "version": 7,
    "parentVersion": 6,
    "echartsVersion": "4.8.0",
    "versionCreateTime": "2020-07-06T04:07:04.000Z",
    "html": "",
    "externalScripts": "/dep/echarts/latest/extension/bmap.min.js,https://cdn.bootcss.com/PapaParse/4.1.2/papaparse.min.js",
    "updaterUID": "obd-otxTp3mLfjVDJTlGnSl_aghcuhjM78F",
    "theme": "",
    "layout": "",
    "viewCount": 1307,
    "userName": "二***弃",
    "commentCount": 0,
    "starCount": 0,
    "isStared": 0,
    "thumbnailURL": "https://www.makeapie.com/ecg-storage/ec_gallery_thumbnail/xDbkqWV_tU.png?v=1594008424880",
    "isCustomThumbnail": 0,
    "builtinTags": [
        "category-work",
        "legend",
        "series-map",
        "tooltip",
        "visualMap"
    ],
    "customTags": [],
    "updaterUserName": "心***去"
}