{
    "cid": "xfyByCrqU5",
    "authorUid": "bd-3425638265",
    "authorUserName": "l***5",
    "title": "圆的绘制",
    "description": "",
    "latestVersion": 1,
    "alwaysLatest": 1,
    "createTime": "2019-07-06T03:54:21.000Z",
    "lastUpdateTime": "2019-07-06T03:54:21.000Z",
    "auth": 2,
    "uid": "bd-3425638265",
    "publishedVersion": 0,
    "forkFrom": "-",
    "isSpam": 0,
    "version": 1,
    "parentVersion": -1,
    "echartsVersion": "4.2.1",
    "versionCreateTime": "2019-07-06T03:54:21.000Z",
    "html": "",
    "externalScripts": "",
    "updaterUID": "bd-3425638265",
    "theme": "",
    "layout": "",
    "viewCount": 223,
    "userName": "l***5",
    "commentCount": 0,
    "starCount": 0,
    "isStared": 0,
    "thumbnailURL": "https://www.makeapie.com/ecg-storage/ec_gallery_thumbnail/xfyByCrqU5.png?v=1562385261754",
    "isCustomThumbnail": 0,
    "builtinTags": [
        "category-work",
        "series-graph"
    ],
    "customTags": [],
    "updaterUserName": "l***5"
}