{
    "cid": "xjVJ-VaAik",
    "authorUid": "bd-659671912",
    "authorUserName": "F***y",
    "title": "x轴数据换行",
    "description": "",
    "latestVersion": 1,
    "alwaysLatest": 1,
    "createTime": "2019-07-05T08:02:49.000Z",
    "lastUpdateTime": "2019-07-05T08:02:49.000Z",
    "auth": 2,
    "uid": "bd-659671912",
    "publishedVersion": 0,
    "forkFrom": "-",
    "isSpam": 0,
    "version": 1,
    "parentVersion": -1,
    "echartsVersion": "4.2.1",
    "versionCreateTime": "2019-07-05T08:02:49.000Z",
    "html": "",
    "externalScripts": "",
    "updaterUID": "bd-659671912",
    "theme": "",
    "layout": "",
    "viewCount": 42,
    "userName": "F***y",
    "commentCount": 0,
    "starCount": 2,
    "isStared": 0,
    "thumbnailURL": "https://www.makeapie.com/ecg-storage/ec_gallery_thumbnail/xjVJ-VaAik.png?v=1562313769938",
    "isCustomThumbnail": 0,
    "builtinTags": [
        "category-work",
        "grid",
        "series-bar",
        "tooltip"
    ],
    "customTags": [],
    "updaterUserName": "F***y"
}