{
    "cid": "xoen6DnfTZ",
    "authorUid": "bd-2769383671",
    "authorUserName": "1***翅",
    "title": "绚丽水球",
    "description": "",
    "latestVersion": 3,
    "alwaysLatest": 1,
    "createTime": "2019-07-08T03:26:16.000Z",
    "lastUpdateTime": "2019-07-08T03:26:16.000Z",
    "auth": 2,
    "uid": "bd-2769383671",
    "publishedVersion": 0,
    "forkFrom": "-",
    "isSpam": 0,
    "version": 3,
    "parentVersion": 2,
    "echartsVersion": "4.2.1",
    "versionCreateTime": "2019-07-08T04:09:16.000Z",
    "html": "",
    "externalScripts": "https://echarts.baidu.com/resource/echarts-liquidfill-latest/dist/echarts-liquidfill.min.js",
    "updaterUID": "bd-2769383671",
    "theme": "",
    "layout": "",
    "viewCount": 386,
    "userName": "1***翅",
    "commentCount": 0,
    "starCount": 5,
    "isStared": 0,
    "thumbnailURL": "https://www.makeapie.com/ecg-storage/ec_gallery_thumbnail/xoen6DnfTZ.png?v=1562558957082",
    "isCustomThumbnail": 0,
    "builtinTags": [
        "category-work",
        "grid",
        "series-liquidFill",
        "series-scatter"
    ],
    "customTags": [],
    "updaterUserName": "1***翅"
}