{
    "cid": "xRtfOx_pkM",
    "authorUid": "bd-659671912",
    "authorUserName": "F***y",
    "title": "散点图",
    "description": "",
    "latestVersion": 1,
    "alwaysLatest": 1,
    "createTime": "2019-07-05T08:01:41.000Z",
    "lastUpdateTime": "2019-07-05T08:01:41.000Z",
    "auth": 2,
    "uid": "bd-659671912",
    "publishedVersion": 0,
    "forkFrom": "-",
    "isSpam": 0,
    "version": 1,
    "parentVersion": -1,
    "echartsVersion": "4.2.1",
    "versionCreateTime": "2019-07-05T08:01:41.000Z",
    "html": "",
    "externalScripts": "",
    "updaterUID": "bd-659671912",
    "theme": "",
    "layout": "",
    "viewCount": 196,
    "userName": "F***y",
    "commentCount": 0,
    "starCount": 1,
    "isStared": 0,
    "thumbnailURL": "https://www.makeapie.com/ecg-storage/ec_gallery_thumbnail/xRtfOx_pkM.png?v=1562313701654",
    "isCustomThumbnail": 0,
    "builtinTags": [
        "category-work",
        "grid",
        "series-scatter",
        "title",
        "tooltip"
    ],
    "customTags": [],
    "updaterUserName": "F***y"
}