{
    "cid": "xV4dwA5Fvw",
    "authorUid": "bd-547909240",
    "authorUserName": "i***明",
    "title": "气泡",
    "description": "",
    "latestVersion": 1,
    "alwaysLatest": 1,
    "createTime": "2019-07-05T05:43:11.000Z",
    "lastUpdateTime": "2019-07-05T05:43:11.000Z",
    "auth": 2,
    "uid": "bd-547909240",
    "publishedVersion": 0,
    "forkFrom": "-",
    "isSpam": 0,
    "version": 1,
    "parentVersion": -1,
    "echartsVersion": "4.2.1",
    "versionCreateTime": "2019-07-05T05:43:11.000Z",
    "html": "",
    "externalScripts": "",
    "updaterUID": "bd-547909240",
    "theme": "",
    "layout": "",
    "viewCount": 168,
    "userName": "i***明",
    "commentCount": 0,
    "starCount": 2,
    "isStared": 0,
    "thumbnailURL": "https://www.makeapie.com/ecg-storage/ec_gallery_thumbnail/xV4dwA5Fvw.png?v=1562305391342",
    "isCustomThumbnail": 0,
    "builtinTags": [
        "category-work",
        "grid",
        "legend",
        "series-scatter",
        "tooltip"
    ],
    "customTags": [],
    "updaterUserName": "i***明"
}