{
    "cid": "xWN2Li8fWn",
    "authorUid": "bd-3425638265",
    "authorUserName": "l***5",
    "title": "五行相生相克图",
    "description": "",
    "latestVersion": 3,
    "alwaysLatest": 1,
    "createTime": "2019-07-05T16:23:30.000Z",
    "lastUpdateTime": "2019-07-05T16:23:30.000Z",
    "auth": 2,
    "uid": "bd-3425638265",
    "publishedVersion": 0,
    "forkFrom": "-",
    "isSpam": 0,
    "version": 3,
    "parentVersion": 1,
    "echartsVersion": "4.2.1",
    "versionCreateTime": "2019-07-05T16:33:35.000Z",
    "html": "",
    "externalScripts": "",
    "updaterUID": "bd-3425638265",
    "theme": "",
    "layout": "",
    "viewCount": 187,
    "userName": "l***5",
    "commentCount": 0,
    "starCount": 0,
    "isStared": 0,
    "thumbnailURL": "https://www.makeapie.com/ecg-storage/ec_gallery_thumbnail/xWN2Li8fWn.png?v=1562344416021",
    "isCustomThumbnail": 0,
    "builtinTags": [
        "category-work",
        "series-graph"
    ],
    "customTags": [],
    "updaterUserName": "l***5"
}