{
    "cid": "xWqnJ-RU_y",
    "authorUid": "bd-3943659342",
    "authorUserName": "夕***影",
    "title": "作业面投入比例（智慧工地）",
    "description": "",
    "latestVersion": 1,
    "alwaysLatest": 1,
    "createTime": "2019-07-08T06:39:13.000Z",
    "lastUpdateTime": "2019-07-08T06:39:13.000Z",
    "auth": 2,
    "uid": "bd-3943659342",
    "publishedVersion": 0,
    "forkFrom": "-",
    "isSpam": 0,
    "version": 1,
    "parentVersion": -1,
    "echartsVersion": "4.2.1",
    "versionCreateTime": "2019-07-08T06:39:13.000Z",
    "html": "",
    "externalScripts": "",
    "updaterUID": "bd-3943659342",
    "theme": "",
    "layout": "",
    "viewCount": 70,
    "userName": "夕***影",
    "commentCount": 0,
    "starCount": 1,
    "isStared": 0,
    "thumbnailURL": "https://www.makeapie.com/ecg-storage/ec_gallery_thumbnail/xWqnJ-RU_y.png?v=1562567953838",
    "isCustomThumbnail": 0,
    "builtinTags": [
        "category-work",
        "legend",
        "series-pie",
        "title"
    ],
    "customTags": [],
    "updaterUserName": "夕***影"
}