{
    "cid": "xHVdIROdw-",
    "authorUid": "obd-oDlaPHF6i5MEsrC23epVZZjs7jc-T1o",
    "authorUserName": "小***_",
    "title": "闪点气泡图",
    "description": "",
    "latestVersion": 3,
    "alwaysLatest": 0,
    "createTime": "2021-10-22T07:43:58.000Z",
    "lastUpdateTime": "2021-10-25T06:00:40.000Z",
    "auth": 2,
    "uid": "obd-oDlaPHF6i5MEsrC23epVZZjs7jc-T1o",
    "publishedVersion": 0,
    "forkFrom": "-",
    "isSpam": 0,
    "version": 3,
    "parentVersion": 2,
    "echartsVersion": "5.2.1",
    "versionCreateTime": "2021-10-25T06:00:40.000Z",
    "html": "",
    "externalScripts": "",
    "updaterUID": "obd-oDlaPHF6i5MEsrC23epVZZjs7jc-T1o",
    "theme": "",
    "layout": "",
    "viewCount": 0,
    "userName": "小***_",
    "commentCount": 0,
    "starCount": 0,
    "isStared": 0,
    "thumbnailURL": "https://www.makeapie.com/ecg-storage/ec_gallery_thumbnail/xHVdIROdw-.png?v=1635141640183",
    "isCustomThumbnail": 0,
    "builtinTags": [
        "category-work",
        "grid",
        "legend",
        "series-scatter",
        "tooltip"
    ],
    "customTags": [],
    "updaterUserName": "小***_"
}