{
    "cid": "xiKqXyazqn",
    "authorUid": "bd-1409565658",
    "authorUserName": "阿***",
    "title": "示例2",
    "description": "",
    "latestVersion": 1,
    "alwaysLatest": 0,
    "createTime": "2021-10-22T09:26:54.000Z",
    "lastUpdateTime": "2021-10-22T09:26:54.000Z",
    "auth": 2,
    "uid": "bd-1409565658",
    "publishedVersion": 0,
    "forkFrom": "-",
    "isSpam": 0,
    "version": 1,
    "parentVersion": -1,
    "echartsVersion": "5.2.1",
    "versionCreateTime": "2021-10-22T09:26:54.000Z",
    "html": "",
    "externalScripts": "",
    "updaterUID": "bd-1409565658",
    "theme": "",
    "layout": "",
    "viewCount": 0,
    "userName": "阿***",
    "commentCount": 0,
    "starCount": 0,
    "isStared": 0,
    "thumbnailURL": "https://www.makeapie.com/ecg-storage/ec_gallery_thumbnail/xiKqXyazqn.png?v=1634894814765",
    "isCustomThumbnail": 0,
    "builtinTags": [
        "category-work",
        "legend",
        "series-scatter",
        "singleAxis",
        "title"
    ],
    "customTags": [],
    "updaterUserName": "阿***"
}