{
    "cid": "xJ9VB1KmH5",
    "authorUid": "obd-oAg195udm3GajJitr4orW42ifSDYv7h",
    "authorUserName": "碎***在",
    "title": "仪表盘",
    "description": "",
    "latestVersion": 1,
    "alwaysLatest": 0,
    "createTime": "2021-10-22T08:14:12.000Z",
    "lastUpdateTime": "2021-10-22T08:14:12.000Z",
    "auth": 2,
    "uid": "obd-oAg195udm3GajJitr4orW42ifSDYv7h",
    "publishedVersion": 0,
    "forkFrom": "-",
    "isSpam": 0,
    "version": 1,
    "parentVersion": -1,
    "echartsVersion": "5.2.1",
    "versionCreateTime": "2021-10-22T08:14:12.000Z",
    "html": "",
    "externalScripts": "",
    "updaterUID": "obd-oAg195udm3GajJitr4orW42ifSDYv7h",
    "theme": "",
    "layout": "",
    "viewCount": 0,
    "userName": "碎***在",
    "commentCount": 0,
    "starCount": 1,
    "isStared": 0,
    "thumbnailURL": "https://www.makeapie.com/ecg-storage/ec_gallery_thumbnail/xJ9VB1KmH5.png?v=1634890452968",
    "isCustomThumbnail": 1,
    "builtinTags": [
        "category-work",
        "series-custom",
        "series-gauge",
        "series-pie",
        "title"
    ],
    "customTags": [],
    "updaterUserName": "碎***在"
}