{
    "cid": "xmZ1tguJ-q",
    "authorUid": "obd-oCShU4_h1_MRDgYsmGGGtKmFk6Es93f",
    "authorUserName": "130******38",
    "title": "条形图",
    "description": "",
    "latestVersion": 2,
    "alwaysLatest": 0,
    "createTime": "2021-10-22T06:17:17.000Z",
    "lastUpdateTime": "2021-10-22T06:24:49.000Z",
    "auth": 2,
    "uid": "obd-oCShU4_h1_MRDgYsmGGGtKmFk6Es93f",
    "publishedVersion": 0,
    "forkFrom": "-",
    "isSpam": 0,
    "version": 2,
    "parentVersion": 1,
    "echartsVersion": "5.2.1",
    "versionCreateTime": "2021-10-22T06:24:49.000Z",
    "html": "",
    "externalScripts": "",
    "updaterUID": "obd-oCShU4_h1_MRDgYsmGGGtKmFk6Es93f",
    "theme": "",
    "layout": "",
    "viewCount": 0,
    "userName": "130******38",
    "commentCount": 0,
    "starCount": 0,
    "isStared": 0,
    "thumbnailURL": "https://www.makeapie.com/ecg-storage/ec_gallery_thumbnail/xmZ1tguJ-q.png?v=1634883889513",
    "isCustomThumbnail": 0,
    "builtinTags": [
        "category-work",
        "grid",
        "series-bar"
    ],
    "customTags": [],
    "updaterUserName": "130******38"
}