{
    "cid": "xnZ99iQp6n",
    "authorUid": "obd-oCShU4_h1_MRDgYsmGGGtKmFk6Es93f",
    "authorUserName": "130******38",
    "title": "饼图",
    "description": "",
    "latestVersion": 1,
    "alwaysLatest": 0,
    "createTime": "2021-10-22T05:42:48.000Z",
    "lastUpdateTime": "2021-10-22T05:42:48.000Z",
    "auth": 2,
    "uid": "obd-oCShU4_h1_MRDgYsmGGGtKmFk6Es93f",
    "publishedVersion": 0,
    "forkFrom": "-",
    "isSpam": 0,
    "version": 1,
    "parentVersion": -1,
    "echartsVersion": "5.2.1",
    "versionCreateTime": "2021-10-22T05:42:48.000Z",
    "html": "",
    "externalScripts": "",
    "updaterUID": "obd-oCShU4_h1_MRDgYsmGGGtKmFk6Es93f",
    "theme": "",
    "layout": "",
    "viewCount": 0,
    "userName": "130******38",
    "commentCount": 0,
    "starCount": 0,
    "isStared": 0,
    "thumbnailURL": "https://www.makeapie.com/ecg-storage/ec_gallery_thumbnail/xnZ99iQp6n.png?v=1634881368281",
    "isCustomThumbnail": 0,
    "builtinTags": [
        "category-work",
        "legend",
        "series-pie",
        "tooltip"
    ],
    "customTags": [],
    "updaterUserName": "130******38"
}