{
    "cid": "xRopG1fIiP",
    "authorUid": "obd-oAlFYisM8E7gN8M2hZfP9KB4LbEBg7b",
    "authorUserName": "c***9",
    "title": "四个纵向坐标轴2020年2月4日某站雷暴天气时序图",
    "description": "灾害时间：2020/2/4 08:30-20202/4 10:20",
    "latestVersion": 1,
    "alwaysLatest": 0,
    "createTime": "2021-10-22T03:36:11.000Z",
    "lastUpdateTime": "2021-10-22T03:36:11.000Z",
    "auth": 2,
    "uid": "obd-oAlFYisM8E7gN8M2hZfP9KB4LbEBg7b",
    "publishedVersion": 0,
    "forkFrom": "-",
    "isSpam": 0,
    "version": 1,
    "parentVersion": -1,
    "echartsVersion": "5.2.1",
    "versionCreateTime": "2021-10-22T03:36:11.000Z",
    "html": "",
    "externalScripts": "",
    "updaterUID": "obd-oAlFYisM8E7gN8M2hZfP9KB4LbEBg7b",
    "theme": "",
    "layout": "",
    "viewCount": 0,
    "userName": "c***9",
    "commentCount": 0,
    "starCount": 1,
    "isStared": 0,
    "thumbnailURL": "https://www.makeapie.com/ecg-storage/ec_gallery_thumbnail/xRopG1fIiP.png?v=1634873771479",
    "isCustomThumbnail": 0,
    "builtinTags": [
        "category-work",
        "grid",
        "legend",
        "series-bar",
        "series-line",
        "title",
        "tooltip"
    ],
    "customTags": [],
    "updaterUserName": "c***9"
}