{
    "cid": "xt0ZH1jpzv",
    "authorUid": "obd-o0SPFhHBmPPNuxCtGkgS025fSIw5FFS",
    "authorUserName": "幸***屁",
    "title": "驼峰 pictorialBar",
    "description": "驼峰 bar",
    "latestVersion": 2,
    "alwaysLatest": 0,
    "createTime": "2021-10-22T03:40:50.000Z",
    "lastUpdateTime": "2021-10-22T06:44:19.000Z",
    "auth": 2,
    "uid": "obd-o0SPFhHBmPPNuxCtGkgS025fSIw5FFS",
    "publishedVersion": 0,
    "forkFrom": "-",
    "isSpam": 0,
    "version": 2,
    "parentVersion": 1,
    "echartsVersion": "5.2.1",
    "versionCreateTime": "2021-10-22T06:44:19.000Z",
    "html": "",
    "externalScripts": "",
    "updaterUID": "obd-o0SPFhHBmPPNuxCtGkgS025fSIw5FFS",
    "theme": "",
    "layout": "",
    "viewCount": 0,
    "userName": "幸***屁",
    "commentCount": 0,
    "starCount": 5,
    "isStared": 0,
    "thumbnailURL": "https://www.makeapie.com/ecg-storage/ec_gallery_thumbnail/xt0ZH1jpzv.png?v=1634885059216",
    "isCustomThumbnail": 0,
    "builtinTags": [
        "category-work",
        "grid",
        "series-pictorialBar",
        "tooltip"
    ],
    "customTags": [],
    "updaterUserName": "幸***屁"
}