{
    "cid": "xTuoHFToN9",
    "authorUid": "obd-oEwg-tfsyQIhSqPGVP0ELPf0oiElT4U",
    "authorUserName": "1***1",
    "title": "饼图",
    "description": "",
    "latestVersion": 3,
    "alwaysLatest": 0,
    "createTime": "2021-10-22T08:45:56.000Z",
    "lastUpdateTime": "2021-10-26T03:36:39.000Z",
    "auth": 2,
    "uid": "obd-oEwg-tfsyQIhSqPGVP0ELPf0oiElT4U",
    "publishedVersion": 0,
    "forkFrom": "-",
    "isSpam": 0,
    "version": 3,
    "parentVersion": 2,
    "echartsVersion": "5.2.1",
    "versionCreateTime": "2021-10-26T03:36:39.000Z",
    "html": "",
    "externalScripts": "",
    "updaterUID": "obd-oEwg-tfsyQIhSqPGVP0ELPf0oiElT4U",
    "theme": "",
    "layout": "",
    "viewCount": 0,
    "userName": "1***1",
    "commentCount": 0,
    "starCount": 0,
    "isStared": 0,
    "thumbnailURL": "https://www.makeapie.com/ecg-storage/ec_gallery_thumbnail/xTuoHFToN9.png?v=1635219399938",
    "isCustomThumbnail": 0,
    "builtinTags": [
        "category-work",
        "legend",
        "series-pie",
        "title",
        "tooltip"
    ],
    "customTags": [],
    "updaterUserName": "1***1"
}