{
    "cid": "xUcRwbZfRK",
    "authorUid": "obd-oAg195udm3GajJitr4orW42ifSDYv7h",
    "authorUserName": "碎***在",
    "title": "liquidfill@3 && echarts@5.2",
    "description": "",
    "latestVersion": 1,
    "alwaysLatest": 1,
    "createTime": "2021-10-22T07:22:12.000Z",
    "lastUpdateTime": "2021-10-22T07:22:12.000Z",
    "auth": 1,
    "uid": "obd-oAg195udm3GajJitr4orW42ifSDYv7h",
    "publishedVersion": 0,
    "forkFrom": "-",
    "isSpam": 0,
    "version": 1,
    "parentVersion": -1,
    "echartsVersion": "5.2.1",
    "versionCreateTime": "2021-10-22T07:22:12.000Z",
    "html": "",
    "externalScripts": "https://cdn.jsdelivr.net/npm/echarts-liquidfill@3/dist/echarts-liquidfill.min.js",
    "updaterUID": "obd-oAg195udm3GajJitr4orW42ifSDYv7h",
    "theme": "",
    "layout": "",
    "viewCount": 0,
    "userName": "碎***在",
    "commentCount": 0,
    "starCount": 2,
    "isStared": 0,
    "thumbnailURL": "https://www.makeapie.com/ecg-storage/ec_gallery_thumbnail/xUcRwbZfRK.png?v=1634887332895",
    "isCustomThumbnail": 0,
    "builtinTags": [
        "category-work",
        "series-liquidFill",
        "title"
    ],
    "customTags": [],
    "updaterUserName": "碎***在"
}