{
    "cid": "xyF8MXydtG",
    "authorUid": "obd-oEwg-tfsyQIhSqPGVP0ELPf0oiElT4U",
    "authorUserName": "1***1",
    "title": "混合图表3",
    "description": "",
    "latestVersion": 1,
    "alwaysLatest": 0,
    "createTime": "2021-10-22T08:39:23.000Z",
    "lastUpdateTime": "2021-10-22T08:39:23.000Z",
    "auth": 2,
    "uid": "obd-oEwg-tfsyQIhSqPGVP0ELPf0oiElT4U",
    "publishedVersion": 0,
    "forkFrom": "-",
    "isSpam": 0,
    "version": 1,
    "parentVersion": -1,
    "echartsVersion": "5.2.1",
    "versionCreateTime": "2021-10-22T08:39:23.000Z",
    "html": "",
    "externalScripts": "",
    "updaterUID": "obd-oEwg-tfsyQIhSqPGVP0ELPf0oiElT4U",
    "theme": "",
    "layout": "",
    "viewCount": 0,
    "userName": "1***1",
    "commentCount": 0,
    "starCount": 0,
    "isStared": 0,
    "thumbnailURL": "https://www.makeapie.com/ecg-storage/ec_gallery_thumbnail/xyF8MXydtG.png?v=1634891963371",
    "isCustomThumbnail": 0,
    "builtinTags": [
        "category-work",
        "dataZoom",
        "grid",
        "series-bar",
        "series-line",
        "tooltip"
    ],
    "customTags": [],
    "updaterUserName": "1***1"
}