{
    "cid": "x-IczD5_y",
    "authorUid": "bd-379749124",
    "authorUserName": "j***b",
    "title": "折线统计图表",
    "description": "",
    "latestVersion": 2,
    "alwaysLatest": 1,
    "createTime": "2020-02-14T08:21:19.000Z",
    "lastUpdateTime": "2020-02-14T08:21:19.000Z",
    "auth": 2,
    "uid": "bd-379749124",
    "publishedVersion": 0,
    "forkFrom": "-",
    "isSpam": 0,
    "version": 2,
    "parentVersion": 1,
    "echartsVersion": "4.4.0",
    "versionCreateTime": "2020-02-14T09:00:36.000Z",
    "html": "",
    "externalScripts": "",
    "updaterUID": "bd-379749124",
    "theme": "",
    "layout": "",
    "viewCount": 453,
    "userName": "j***b",
    "commentCount": 0,
    "starCount": 0,
    "isStared": 0,
    "thumbnailURL": "https://www.makeapie.com/ecg-storage/ec_gallery_thumbnail/x-IczD5_y.png?v=1581670836190",
    "isCustomThumbnail": 0,
    "builtinTags": [
        "category-work",
        "grid",
        "legend",
        "series-line",
        "title"
    ],
    "customTags": [],
    "updaterUserName": "j***b"
}