{
    "cid": "x8Fdwml7Q",
    "authorUid": "bd-3192245636",
    "authorUserName": "d***w",
    "title": "广东省疫情地图",
    "description": "广东省疫情地图",
    "latestVersion": 1,
    "alwaysLatest": 1,
    "createTime": "2020-02-15T04:33:12.000Z",
    "lastUpdateTime": "2020-02-15T04:33:12.000Z",
    "auth": 2,
    "uid": "bd-3192245636",
    "publishedVersion": 0,
    "forkFrom": "-",
    "isSpam": 0,
    "version": 1,
    "parentVersion": -1,
    "echartsVersion": "4.4.0",
    "versionCreateTime": "2020-02-15T04:33:12.000Z",
    "html": "",
    "externalScripts": "",
    "updaterUID": "bd-3192245636",
    "theme": "",
    "layout": "",
    "viewCount": 285,
    "userName": "d***w",
    "commentCount": 0,
    "starCount": 0,
    "isStared": 0,
    "thumbnailURL": "https://www.makeapie.com/ecg-storage/ec_gallery_thumbnail/x8Fdwml7Q.png?v=1581741192387",
    "isCustomThumbnail": 0,
    "builtinTags": [
        "category-work",
        "series-map",
        "visualMap"
    ],
    "customTags": [],
    "updaterUserName": "d***w"
}