{
    "cid": "xCHxWvbVg",
    "authorUid": "bd-3342206826",
    "authorUserName": "小***琪",
    "title": "饼图自定义legend",
    "description": "",
    "latestVersion": 1,
    "alwaysLatest": 1,
    "createTime": "2020-02-14T04:49:38.000Z",
    "lastUpdateTime": "2020-02-14T04:49:38.000Z",
    "auth": 2,
    "uid": "bd-3342206826",
    "publishedVersion": 0,
    "forkFrom": "-",
    "isSpam": 0,
    "version": 1,
    "parentVersion": -1,
    "echartsVersion": "4.4.0",
    "versionCreateTime": "2020-02-14T04:49:38.000Z",
    "html": "",
    "externalScripts": "",
    "updaterUID": "bd-3342206826",
    "theme": "",
    "layout": "",
    "viewCount": 67,
    "userName": "小***琪",
    "commentCount": 0,
    "starCount": 1,
    "isStared": 0,
    "thumbnailURL": "https://www.makeapie.com/ecg-storage/ec_gallery_thumbnail/xCHxWvbVg.png?v=1581655778893",
    "isCustomThumbnail": 0,
    "builtinTags": [
        "category-work",
        "legend",
        "series-pie",
        "tooltip"
    ],
    "customTags": [],
    "updaterUserName": "小***琪"
}