{
    "cid": "xH2VobpkM",
    "authorUid": "bd-944243892",
    "authorUserName": "韩***能",
    "title": "时间-好评率",
    "description": "",
    "latestVersion": 2,
    "alwaysLatest": 1,
    "createTime": "2020-02-16T01:33:34.000Z",
    "lastUpdateTime": "2020-02-16T01:33:34.000Z",
    "auth": 2,
    "uid": "bd-944243892",
    "publishedVersion": 0,
    "forkFrom": "-",
    "isSpam": 0,
    "version": 2,
    "parentVersion": 1,
    "echartsVersion": "4.4.0",
    "versionCreateTime": "2020-02-16T02:19:55.000Z",
    "html": "",
    "externalScripts": "",
    "updaterUID": "bd-944243892",
    "theme": "",
    "layout": "",
    "viewCount": 408,
    "userName": "韩***能",
    "commentCount": 0,
    "starCount": 0,
    "isStared": 0,
    "thumbnailURL": "https://www.makeapie.com/ecg-storage/ec_gallery_thumbnail/xH2VobpkM.png?v=1581819595690",
    "isCustomThumbnail": 0,
    "builtinTags": [
        "category-work",
        "dataset",
        "grid",
        "legend",
        "series-bar"
    ],
    "customTags": [
        "占比",
        "指标",
        "指标正面声量",
        "时间"
    ],
    "updaterUserName": "韩***能"
}