{
    "cid": "xiQOasMGw",
    "authorUid": "bd-940733113",
    "authorUserName": "理***人",
    "title": "一个简洁明了的关系图",
    "description": "一个简洁明了的关系图",
    "latestVersion": 4,
    "alwaysLatest": 1,
    "createTime": "2020-02-14T07:10:28.000Z",
    "lastUpdateTime": "2020-02-14T07:10:28.000Z",
    "auth": 1,
    "uid": "bd-940733113",
    "publishedVersion": 0,
    "forkFrom": "-",
    "isSpam": 0,
    "version": 4,
    "parentVersion": 3,
    "echartsVersion": "4.9.0",
    "versionCreateTime": "2021-05-21T01:52:48.000Z",
    "html": "",
    "externalScripts": "",
    "updaterUID": "obd-o2aqHdViu_YCC0XD02TljfgUNeWRs6I",
    "theme": "",
    "layout": "",
    "viewCount": 3468,
    "userName": "理***人",
    "commentCount": 0,
    "starCount": 6,
    "isStared": 0,
    "thumbnailURL": "https://www.makeapie.com/ecg-storage/ec_gallery_thumbnail/xiQOasMGw.png?v=1621561968880",
    "isCustomThumbnail": 0,
    "builtinTags": [
        "category-work",
        "series-graph",
        "tooltip"
    ],
    "customTags": [
        "关系图"
    ],
    "updaterUserName": "黄***装"
}