{
    "cid": "xkkixPR0V",
    "authorUid": "bd-3342206826",
    "authorUserName": "小***琪",
    "title": "饼形图，自定义legend",
    "description": "",
    "latestVersion": 3,
    "alwaysLatest": 1,
    "createTime": "2020-02-14T04:32:25.000Z",
    "lastUpdateTime": "2020-02-15T14:07:17.000Z",
    "auth": 2,
    "uid": "bd-3342206826",
    "publishedVersion": 0,
    "forkFrom": "-",
    "isSpam": 0,
    "version": 3,
    "parentVersion": 2,
    "echartsVersion": "4.4.0",
    "versionCreateTime": "2020-02-14T04:46:52.000Z",
    "html": "",
    "externalScripts": "",
    "updaterUID": "bd-3342206826",
    "theme": "default",
    "layout": "",
    "viewCount": 172,
    "userName": "小***琪",
    "commentCount": 0,
    "starCount": 1,
    "isStared": 0,
    "thumbnailURL": "https://www.makeapie.com/ecg-storage/ec_gallery_thumbnail/xkkixPR0V.png?v=1581655613003",
    "isCustomThumbnail": 0,
    "builtinTags": [
        "category-work",
        "legend",
        "series-pie",
        "title",
        "tooltip"
    ],
    "customTags": [],
    "updaterUserName": "小***琪"
}