{
    "cid": "xKt8_aWXC",
    "authorUid": "bd-944243892",
    "authorUserName": "韩***能",
    "title": "各品类的评论数走势",
    "description": "",
    "latestVersion": 1,
    "alwaysLatest": 1,
    "createTime": "2020-02-15T09:44:23.000Z",
    "lastUpdateTime": "2020-02-15T09:44:23.000Z",
    "auth": 2,
    "uid": "bd-944243892",
    "publishedVersion": 0,
    "forkFrom": "-",
    "isSpam": 0,
    "version": 1,
    "parentVersion": -1,
    "echartsVersion": "4.4.0",
    "versionCreateTime": "2020-02-15T09:44:23.000Z",
    "html": "",
    "externalScripts": "",
    "updaterUID": "bd-944243892",
    "theme": "",
    "layout": "",
    "viewCount": 26,
    "userName": "韩***能",
    "commentCount": 0,
    "starCount": 0,
    "isStared": 0,
    "thumbnailURL": "https://www.makeapie.com/ecg-storage/ec_gallery_thumbnail/xKt8_aWXC.png?v=1581759863178",
    "isCustomThumbnail": 0,
    "builtinTags": [
        "category-work",
        "dataset",
        "grid",
        "legend",
        "series-line"
    ],
    "customTags": [
        "各品类",
        "评论数"
    ],
    "updaterUserName": "韩***能"
}