{
    "cid": "xO_exa7Mj",
    "authorUid": "bd-3342206826",
    "authorUserName": "小***琪",
    "title": "饼图环形1",
    "description": "",
    "latestVersion": 2,
    "alwaysLatest": 1,
    "createTime": "2020-02-14T13:25:51.000Z",
    "lastUpdateTime": "2020-08-19T04:49:09.000Z",
    "auth": 2,
    "uid": "bd-3342206826",
    "publishedVersion": 0,
    "forkFrom": "-",
    "isSpam": 0,
    "version": 2,
    "parentVersion": 1,
    "echartsVersion": "4.4.0",
    "versionCreateTime": "2020-02-14T13:29:15.000Z",
    "html": "",
    "externalScripts": "",
    "updaterUID": "bd-3342206826",
    "theme": "default",
    "layout": "",
    "viewCount": 285,
    "userName": "小***琪",
    "commentCount": 0,
    "starCount": 2,
    "isStared": 0,
    "thumbnailURL": "https://www.makeapie.com/ecg-storage/ec_gallery_thumbnail/xO_exa7Mj.png?v=1581686955303",
    "isCustomThumbnail": 0,
    "builtinTags": [
        "category-work",
        "graphic",
        "legend",
        "series-pie",
        "title",
        "toolbox",
        "tooltip"
    ],
    "customTags": [],
    "updaterUserName": "小***琪"
}