{
    "cid": "xOQpC4Kam",
    "authorUid": "bd-944243892",
    "authorUserName": "韩***能",
    "title": "各指标的正面声量",
    "description": "",
    "latestVersion": 1,
    "alwaysLatest": 1,
    "createTime": "2020-02-15T12:27:19.000Z",
    "lastUpdateTime": "2020-02-15T12:27:19.000Z",
    "auth": 2,
    "uid": "bd-944243892",
    "publishedVersion": 0,
    "forkFrom": "-",
    "isSpam": 0,
    "version": 1,
    "parentVersion": -1,
    "echartsVersion": "4.4.0",
    "versionCreateTime": "2020-02-15T12:27:19.000Z",
    "html": "",
    "externalScripts": "",
    "updaterUID": "bd-944243892",
    "theme": "",
    "layout": "",
    "viewCount": 67,
    "userName": "韩***能",
    "commentCount": 0,
    "starCount": 0,
    "isStared": 0,
    "thumbnailURL": "https://www.makeapie.com/ecg-storage/ec_gallery_thumbnail/xOQpC4Kam.png?v=1581769639457",
    "isCustomThumbnail": 0,
    "builtinTags": [
        "category-work",
        "dataset",
        "grid",
        "series-bar"
    ],
    "customTags": [
        "指标",
        "条形图",
        "正面声量"
    ],
    "updaterUserName": "韩***能"
}