{
    "cid": "xPualrL9w",
    "authorUid": "bd-181101713",
    "authorUserName": "j***6",
    "title": "时间轴折线图",
    "description": "-当只有一天时只有一个点",
    "latestVersion": 2,
    "alwaysLatest": 1,
    "createTime": "2020-02-14T04:39:09.000Z",
    "lastUpdateTime": "2020-02-14T04:39:09.000Z",
    "auth": 2,
    "uid": "bd-181101713",
    "publishedVersion": 0,
    "forkFrom": "-",
    "isSpam": 0,
    "version": 2,
    "parentVersion": 1,
    "echartsVersion": "4.4.0",
    "versionCreateTime": "2020-02-14T05:46:40.000Z",
    "html": "",
    "externalScripts": "",
    "updaterUID": "bd-181101713",
    "theme": "",
    "layout": "",
    "viewCount": 38,
    "userName": "j***6",
    "commentCount": 0,
    "starCount": 0,
    "isStared": 0,
    "thumbnailURL": "https://www.makeapie.com/ecg-storage/ec_gallery_thumbnail/xPualrL9w.png?v=1581659200101",
    "isCustomThumbnail": 0,
    "builtinTags": [
        "category-work",
        "dataZoom",
        "grid",
        "legend",
        "series-line",
        "tooltip"
    ],
    "customTags": [],
    "updaterUserName": "j***6"
}