{
    "cid": "x-fMkpq98Z",
    "authorUid": "bd-1442910900",
    "authorUserName": "B***u",
    "title": "电量柱状图",
    "description": "",
    "latestVersion": 1,
    "alwaysLatest": 1,
    "createTime": "2019-07-25T06:56:57.000Z",
    "lastUpdateTime": "2019-07-25T06:56:57.000Z",
    "auth": 2,
    "uid": "bd-1442910900",
    "publishedVersion": 0,
    "forkFrom": "-",
    "isSpam": 0,
    "version": 1,
    "parentVersion": -1,
    "echartsVersion": "4.2.1",
    "versionCreateTime": "2019-07-25T06:56:57.000Z",
    "html": "",
    "externalScripts": "",
    "updaterUID": "bd-1442910900",
    "theme": "",
    "layout": "",
    "viewCount": 172,
    "userName": "B***u",
    "commentCount": 0,
    "starCount": 0,
    "isStared": 0,
    "thumbnailURL": "https://www.makeapie.com/ecg-storage/ec_gallery_thumbnail/x-fMkpq98Z.png?v=1564037817836",
    "isCustomThumbnail": 0,
    "builtinTags": [
        "category-work",
        "legend",
        "series-pie",
        "title",
        "tooltip"
    ],
    "customTags": [],
    "updaterUserName": "B***u"
}