{
    "cid": "x0uM-pED__",
    "authorUid": "bd-3179706022",
    "authorUserName": "锋***6",
    "title": "比例饼图",
    "description": "报警占比",
    "latestVersion": 1,
    "alwaysLatest": 1,
    "createTime": "2019-07-24T11:58:22.000Z",
    "lastUpdateTime": "2019-07-24T11:58:22.000Z",
    "auth": 2,
    "uid": "bd-3179706022",
    "publishedVersion": 0,
    "forkFrom": "-",
    "isSpam": 0,
    "version": 1,
    "parentVersion": -1,
    "echartsVersion": "4.2.1",
    "versionCreateTime": "2019-07-24T11:58:22.000Z",
    "html": "",
    "externalScripts": "",
    "updaterUID": "bd-3179706022",
    "theme": "",
    "layout": "",
    "viewCount": 5612,
    "userName": "锋***6",
    "commentCount": 0,
    "starCount": 30,
    "isStared": 0,
    "thumbnailURL": "https://www.makeapie.com/ecg-storage/ec_gallery_thumbnail/x0uM-pED__.png?v=1563969502695",
    "isCustomThumbnail": 0,
    "builtinTags": [
        "category-work",
        "legend",
        "series-pie",
        "title"
    ],
    "customTags": [],
    "updaterUserName": "锋***6"
}