{
    "cid": "x79tda3Wyc",
    "authorUid": "bd-2437013587",
    "authorUserName": "就***呵",
    "title": "时间轴排名",
    "description": "",
    "latestVersion": 1,
    "alwaysLatest": 1,
    "createTime": "2019-07-25T07:10:25.000Z",
    "lastUpdateTime": "2019-07-25T07:10:25.000Z",
    "auth": 2,
    "uid": "bd-2437013587",
    "publishedVersion": 0,
    "forkFrom": "-",
    "isSpam": 0,
    "version": 1,
    "parentVersion": -1,
    "echartsVersion": "4.2.1",
    "versionCreateTime": "2019-07-25T07:10:25.000Z",
    "html": "",
    "externalScripts": "",
    "updaterUID": "bd-2437013587",
    "theme": "",
    "layout": "",
    "viewCount": 2543,
    "userName": "就***呵",
    "commentCount": 0,
    "starCount": 12,
    "isStared": 0,
    "thumbnailURL": "https://www.makeapie.com/ecg-storage/ec_gallery_thumbnail/x79tda3Wyc.png?v=1564038625670",
    "isCustomThumbnail": 0,
    "builtinTags": [
        "category-work",
        "grid",
        "markLine",
        "series-bar",
        "timeline",
        "title",
        "tooltip"
    ],
    "customTags": [],
    "updaterUserName": "就***呵"
}