{
    "cid": "xBKn0rN-GU",
    "authorUid": "bd-121647950",
    "authorUserName": "一***钞",
    "title": "仪表盘",
    "description": "",
    "latestVersion": 1,
    "alwaysLatest": 1,
    "createTime": "2019-07-26T07:53:45.000Z",
    "lastUpdateTime": "2019-07-26T07:53:45.000Z",
    "auth": 2,
    "uid": "bd-121647950",
    "publishedVersion": 0,
    "forkFrom": "-",
    "isSpam": 0,
    "version": 1,
    "parentVersion": -1,
    "echartsVersion": "4.2.1",
    "versionCreateTime": "2019-07-26T07:53:45.000Z",
    "html": "",
    "externalScripts": "",
    "updaterUID": "bd-121647950",
    "theme": "",
    "layout": "",
    "viewCount": 1213,
    "userName": "一***钞",
    "commentCount": 0,
    "starCount": 3,
    "isStared": 0,
    "thumbnailURL": "https://www.makeapie.com/ecg-storage/ec_gallery_thumbnail/xBKn0rN-GU.png?v=1564127626101",
    "isCustomThumbnail": 0,
    "builtinTags": [
        "category-work",
        "series-gauge"
    ],
    "customTags": [],
    "updaterUserName": "一***钞"
}