{
    "cid": "xcWS3Zvxox",
    "authorUid": "bd-2552108064",
    "authorUserName": "蘑***o",
    "title": "测试",
    "description": "",
    "latestVersion": 2,
    "alwaysLatest": 1,
    "createTime": "2019-07-25T11:34:04.000Z",
    "lastUpdateTime": "2019-07-25T11:34:04.000Z",
    "auth": 2,
    "uid": "bd-2552108064",
    "publishedVersion": 0,
    "forkFrom": "-",
    "isSpam": 0,
    "version": 2,
    "parentVersion": 1,
    "echartsVersion": "4.2.1",
    "versionCreateTime": "2019-07-26T11:43:47.000Z",
    "html": "",
    "externalScripts": "",
    "updaterUID": "bd-2552108064",
    "theme": "",
    "layout": "",
    "viewCount": 3731,
    "userName": "蘑***o",
    "commentCount": 1,
    "starCount": 25,
    "isStared": 0,
    "thumbnailURL": "https://www.makeapie.com/ecg-storage/ec_gallery_thumbnail/xcWS3Zvxox.png?v=1564141427754",
    "isCustomThumbnail": 0,
    "builtinTags": [
        "category-work",
        "series-graph",
        "tooltip"
    ],
    "customTags": [],
    "updaterUserName": "蘑***o"
}