{
    "cid": "xe6h4anvoo",
    "authorUid": "bd-2437013587",
    "authorUserName": "就***呵",
    "title": "实时数据变化仪表盘",
    "description": "高程",
    "latestVersion": 1,
    "alwaysLatest": 1,
    "createTime": "2019-07-25T07:16:44.000Z",
    "lastUpdateTime": "2019-07-25T07:16:44.000Z",
    "auth": 2,
    "uid": "bd-2437013587",
    "publishedVersion": 0,
    "forkFrom": "-",
    "isSpam": 0,
    "version": 1,
    "parentVersion": -1,
    "echartsVersion": "4.2.1",
    "versionCreateTime": "2019-07-25T07:16:44.000Z",
    "html": "",
    "externalScripts": "",
    "updaterUID": "bd-2437013587",
    "theme": "",
    "layout": "",
    "viewCount": 1007,
    "userName": "就***呵",
    "commentCount": 0,
    "starCount": 3,
    "isStared": 0,
    "thumbnailURL": "https://www.makeapie.com/ecg-storage/ec_gallery_thumbnail/xe6h4anvoo.png?v=1564039005068",
    "isCustomThumbnail": 0,
    "builtinTags": [
        "category-work",
        "series-gauge",
        "title",
        "tooltip"
    ],
    "customTags": [],
    "updaterUserName": "就***呵"
}