{
    "cid": "xfMnZrq0vZ",
    "authorUid": "bd-738271008",
    "authorUserName": "6***6",
    "title": "业务类型占比",
    "description": "",
    "latestVersion": 1,
    "alwaysLatest": 1,
    "createTime": "2019-07-24T10:18:16.000Z",
    "lastUpdateTime": "2019-07-24T10:18:16.000Z",
    "auth": 2,
    "uid": "bd-738271008",
    "publishedVersion": 0,
    "forkFrom": "-",
    "isSpam": 0,
    "version": 1,
    "parentVersion": -1,
    "echartsVersion": "4.2.1",
    "versionCreateTime": "2019-07-24T10:18:16.000Z",
    "html": "",
    "externalScripts": "/dep/echarts/map/js/china.js",
    "updaterUID": "bd-738271008",
    "theme": "",
    "layout": "",
    "viewCount": 141,
    "userName": "6***6",
    "commentCount": 0,
    "starCount": 0,
    "isStared": 0,
    "thumbnailURL": "https://www.makeapie.com/ecg-storage/ec_gallery_thumbnail/xfMnZrq0vZ.png?v=1563963496229",
    "isCustomThumbnail": 0,
    "builtinTags": [
        "category-work",
        "legend",
        "series-pie",
        "tooltip"
    ],
    "customTags": [],
    "updaterUserName": "6***6"
}