{
    "cid": "xGchdcFBJy",
    "authorUid": "bd-3207513388",
    "authorUserName": "x***n",
    "title": "改变markPoint标注(气泡)颜色",
    "description": "",
    "latestVersion": 1,
    "alwaysLatest": 1,
    "createTime": "2019-07-26T09:02:08.000Z",
    "lastUpdateTime": "2019-07-26T09:02:08.000Z",
    "auth": 2,
    "uid": "bd-3207513388",
    "publishedVersion": 0,
    "forkFrom": "-",
    "isSpam": 0,
    "version": 1,
    "parentVersion": -1,
    "echartsVersion": "4.2.1",
    "versionCreateTime": "2019-07-26T09:02:08.000Z",
    "html": "",
    "externalScripts": "",
    "updaterUID": "bd-3207513388",
    "theme": "",
    "layout": "",
    "viewCount": 313,
    "userName": "x***n",
    "commentCount": 0,
    "starCount": 1,
    "isStared": 0,
    "thumbnailURL": "https://www.makeapie.com/ecg-storage/ec_gallery_thumbnail/xGchdcFBJy.png?v=1564131728258",
    "isCustomThumbnail": 0,
    "builtinTags": [
        "category-work",
        "grid",
        "markPoint",
        "series-bar"
    ],
    "customTags": [],
    "updaterUserName": "x***n"
}