{
    "cid": "xHSBfMdxsa",
    "authorUid": "bd-738271008",
    "authorUserName": "6***6",
    "title": "区域员工数量与销售额",
    "description": "",
    "latestVersion": 2,
    "alwaysLatest": 1,
    "createTime": "2019-07-24T12:42:09.000Z",
    "lastUpdateTime": "2019-07-24T12:42:09.000Z",
    "auth": 2,
    "uid": "bd-738271008",
    "publishedVersion": 0,
    "forkFrom": "-",
    "isSpam": 0,
    "version": 2,
    "parentVersion": 1,
    "echartsVersion": "4.2.1",
    "versionCreateTime": "2019-07-24T12:47:06.000Z",
    "html": "",
    "externalScripts": "",
    "updaterUID": "bd-738271008",
    "theme": "",
    "layout": "",
    "viewCount": 275,
    "userName": "6***6",
    "commentCount": 0,
    "starCount": 0,
    "isStared": 0,
    "thumbnailURL": "https://www.makeapie.com/ecg-storage/ec_gallery_thumbnail/xHSBfMdxsa.png?v=1563972426279",
    "isCustomThumbnail": 0,
    "builtinTags": [
        "category-work",
        "grid",
        "legend",
        "series-scatter",
        "title"
    ],
    "customTags": [],
    "updaterUserName": "6***6"
}