{
    "cid": "xi0D4uR9VX",
    "authorUid": "bd-838989516",
    "authorUserName": "I***o",
    "title": "舟山市地图",
    "description": "",
    "latestVersion": 1,
    "alwaysLatest": 1,
    "createTime": "2019-07-24T03:45:27.000Z",
    "lastUpdateTime": "2019-07-24T03:45:27.000Z",
    "auth": 2,
    "uid": "bd-838989516",
    "publishedVersion": 0,
    "forkFrom": "-",
    "isSpam": 0,
    "version": 1,
    "parentVersion": -1,
    "echartsVersion": "4.2.1",
    "versionCreateTime": "2019-07-24T03:45:27.000Z",
    "html": "",
    "externalScripts": "/dep/echarts/map/js/china.js",
    "updaterUID": "bd-838989516",
    "theme": "",
    "layout": "",
    "viewCount": 59,
    "userName": "I***o",
    "commentCount": 0,
    "starCount": 0,
    "isStared": 0,
    "thumbnailURL": "https://www.makeapie.com/ecg-storage/ec_gallery_thumbnail/xi0D4uR9VX.png?v=1563939927573",
    "isCustomThumbnail": 0,
    "builtinTags": [
        "category-work",
        "series-map"
    ],
    "customTags": [],
    "updaterUserName": "I***o"
}