{
    "cid": "xMZIBBzbh0",
    "authorUid": "bd-738271008",
    "authorUserName": "6***6",
    "title": "客户增长情况",
    "description": "",
    "latestVersion": 1,
    "alwaysLatest": 1,
    "createTime": "2019-07-24T12:04:27.000Z",
    "lastUpdateTime": "2019-07-24T12:04:27.000Z",
    "auth": 2,
    "uid": "bd-738271008",
    "publishedVersion": 0,
    "forkFrom": "-",
    "isSpam": 0,
    "version": 1,
    "parentVersion": -1,
    "echartsVersion": "4.2.1",
    "versionCreateTime": "2019-07-24T12:04:27.000Z",
    "html": "",
    "externalScripts": "",
    "updaterUID": "bd-738271008",
    "theme": "",
    "layout": "",
    "viewCount": 9,
    "userName": "6***6",
    "commentCount": 0,
    "starCount": 0,
    "isStared": 0,
    "thumbnailURL": "https://www.makeapie.com/ecg-storage/ec_gallery_thumbnail/xMZIBBzbh0.png?v=1563969867611",
    "isCustomThumbnail": 0,
    "builtinTags": [
        "category-work",
        "grid",
        "series-line",
        "title",
        "tooltip"
    ],
    "customTags": [],
    "updaterUserName": "6***6"
}