{
    "cid": "xo5jA8dDrA",
    "authorUid": "bd-1980157316",
    "authorUserName": "e***l",
    "title": "地铁信号图",
    "description": "",
    "latestVersion": 4,
    "alwaysLatest": 1,
    "createTime": "2019-07-25T15:50:10.000Z",
    "lastUpdateTime": "2019-07-25T15:50:10.000Z",
    "auth": 2,
    "uid": "bd-1980157316",
    "publishedVersion": 0,
    "forkFrom": "-",
    "isSpam": 0,
    "version": 4,
    "parentVersion": 3,
    "echartsVersion": "4.2.1",
    "versionCreateTime": "2019-07-25T16:23:26.000Z",
    "html": "",
    "externalScripts": "",
    "updaterUID": "bd-1980157316",
    "theme": "",
    "layout": "",
    "viewCount": 251,
    "userName": "e***l",
    "commentCount": 0,
    "starCount": 2,
    "isStared": 0,
    "thumbnailURL": "https://www.makeapie.com/ecg-storage/ec_gallery_thumbnail/xo5jA8dDrA.png?v=1564071806564",
    "isCustomThumbnail": 0,
    "builtinTags": [
        "category-work",
        "dataZoom",
        "grid",
        "markArea",
        "series-line",
        "title"
    ],
    "customTags": [],
    "updaterUserName": "e***l"
}