{
    "cid": "xqePtaJzlB",
    "authorUid": "bd-1298913600",
    "authorUserName": "思***展",
    "title": "test",
    "description": "",
    "latestVersion": 1,
    "alwaysLatest": 1,
    "createTime": "2019-07-23T09:35:12.000Z",
    "lastUpdateTime": "2019-07-23T09:35:12.000Z",
    "auth": 1,
    "uid": "bd-1298913600",
    "publishedVersion": 0,
    "forkFrom": "-",
    "isSpam": 0,
    "version": 1,
    "parentVersion": -1,
    "echartsVersion": "4.2.1",
    "versionCreateTime": "2019-07-23T09:35:12.000Z",
    "html": "",
    "externalScripts": "",
    "updaterUID": "bd-1298913600",
    "theme": "",
    "layout": "",
    "viewCount": 21,
    "userName": "思***展",
    "commentCount": 0,
    "starCount": 0,
    "isStared": 0,
    "thumbnailURL": "https://www.makeapie.com/ecg-storage/ec_gallery_thumbnail/xqePtaJzlB.png?v=1563874512605",
    "isCustomThumbnail": 0,
    "builtinTags": [
        "category-work",
        "grid",
        "legend",
        "series-line",
        "title",
        "toolbox",
        "tooltip"
    ],
    "customTags": [],
    "updaterUserName": "思***展"
}