{
    "cid": "xQPKQRxjJI",
    "authorUid": "bd-1175523701",
    "authorUserName": "不***湖",
    "title": "柱形图对比",
    "description": "两个标签对比",
    "latestVersion": 1,
    "alwaysLatest": 1,
    "createTime": "2019-07-26T02:40:47.000Z",
    "lastUpdateTime": "2019-07-26T02:40:47.000Z",
    "auth": 2,
    "uid": "bd-1175523701",
    "publishedVersion": 0,
    "forkFrom": "-",
    "isSpam": 0,
    "version": 1,
    "parentVersion": -1,
    "echartsVersion": "4.2.1",
    "versionCreateTime": "2019-07-26T02:40:47.000Z",
    "html": "",
    "externalScripts": "",
    "updaterUID": "bd-1175523701",
    "theme": "",
    "layout": "",
    "viewCount": 290,
    "userName": "不***湖",
    "commentCount": 0,
    "starCount": 2,
    "isStared": 0,
    "thumbnailURL": "https://www.makeapie.com/ecg-storage/ec_gallery_thumbnail/xQPKQRxjJI.png?v=1564108847942",
    "isCustomThumbnail": 0,
    "builtinTags": [
        "category-work",
        "grid",
        "legend",
        "series-bar",
        "timeline",
        "tooltip"
    ],
    "customTags": [],
    "updaterUserName": "不***湖"
}