{
    "cid": "xTAo_lYDAf",
    "authorUid": "bd-3299889199",
    "authorUserName": "丿***灬",
    "title": "tooltip自定义",
    "description": "tooltip添加合计选项",
    "latestVersion": 1,
    "alwaysLatest": 1,
    "createTime": "2019-07-24T09:03:51.000Z",
    "lastUpdateTime": "2019-07-24T09:03:51.000Z",
    "auth": 1,
    "uid": "bd-3299889199",
    "publishedVersion": 0,
    "forkFrom": "-",
    "isSpam": 0,
    "version": 1,
    "parentVersion": -1,
    "echartsVersion": "4.2.1",
    "versionCreateTime": "2019-07-24T09:03:51.000Z",
    "html": "",
    "externalScripts": "",
    "updaterUID": "bd-3299889199",
    "theme": "",
    "layout": "",
    "viewCount": 36,
    "userName": "丿***灬",
    "commentCount": 0,
    "starCount": 0,
    "isStared": 0,
    "thumbnailURL": "https://www.makeapie.com/ecg-storage/ec_gallery_thumbnail/xTAo_lYDAf.png?v=1563959031345",
    "isCustomThumbnail": 0,
    "builtinTags": [
        "category-work",
        "grid",
        "legend",
        "series-bar",
        "tooltip"
    ],
    "customTags": [],
    "updaterUserName": "丿***灬"
}