{
    "cid": "xWNB4NcvNj",
    "authorUid": "bd-2013481626",
    "authorUserName": "じ***ゞ",
    "title": "折线图+圆点拖拽",
    "description": "图展示通过拖拽修改...",
    "latestVersion": 3,
    "alwaysLatest": 1,
    "createTime": "2019-07-24T10:33:17.000Z",
    "lastUpdateTime": "2019-07-24T10:33:17.000Z",
    "auth": 2,
    "uid": "bd-2013481626",
    "publishedVersion": 0,
    "forkFrom": "-",
    "isSpam": 0,
    "version": 3,
    "parentVersion": 2,
    "echartsVersion": "4.2.1",
    "versionCreateTime": "2019-07-30T03:34:58.000Z",
    "html": "",
    "externalScripts": "",
    "updaterUID": "bd-2013481626",
    "theme": "default",
    "layout": "",
    "viewCount": 926,
    "userName": "じ***ゞ",
    "commentCount": 0,
    "starCount": 4,
    "isStared": 0,
    "thumbnailURL": "https://www.makeapie.com/ecg-storage/ec_gallery_thumbnail/xWNB4NcvNj.png?v=1564457698323",
    "isCustomThumbnail": 0,
    "builtinTags": [
        "category-work",
        "dataZoom",
        "graphic",
        "grid",
        "series-line",
        "tooltip"
    ],
    "customTags": [
        "拖拽"
    ],
    "updaterUserName": "じ***ゞ"
}