{
    "cid": "xX7b82rD0j",
    "authorUid": "bd-3472932626",
    "authorUserName": "j***9",
    "title": "音乐",
    "description": "",
    "latestVersion": 3,
    "alwaysLatest": 1,
    "createTime": "2019-07-24T15:58:50.000Z",
    "lastUpdateTime": "2019-07-24T15:58:50.000Z",
    "auth": 2,
    "uid": "bd-3472932626",
    "publishedVersion": 0,
    "forkFrom": "-",
    "isSpam": 0,
    "version": 3,
    "parentVersion": 1,
    "echartsVersion": "4.2.1",
    "versionCreateTime": "2019-07-24T16:15:35.000Z",
    "html": "",
    "externalScripts": "https://echarts.baidu.com/dist/echarts-gl.min.js",
    "updaterUID": "bd-3472932626",
    "theme": "",
    "layout": "",
    "viewCount": 25,
    "userName": "j***9",
    "commentCount": 0,
    "starCount": 0,
    "isStared": 0,
    "thumbnailURL": "https://www.makeapie.com/ecg-storage/ec_gallery_thumbnail/xX7b82rD0j.png?v=1563984935603",
    "isCustomThumbnail": 0,
    "builtinTags": [
        "category-work",
        "grid3D",
        "series-bar3D",
        "tooltip",
        "visualMap"
    ],
    "customTags": [],
    "updaterUserName": "j***9"
}