{
    "cid": "xYxhZF8S4L",
    "authorUid": "bd-1899772313",
    "authorUserName": "温***1",
    "title": "最近30日车辆出行记录时段统计",
    "description": "",
    "latestVersion": 4,
    "alwaysLatest": 1,
    "createTime": "2019-07-25T05:42:53.000Z",
    "lastUpdateTime": "2019-07-25T05:42:53.000Z",
    "auth": 2,
    "uid": "bd-1899772313",
    "publishedVersion": 0,
    "forkFrom": "-",
    "isSpam": 0,
    "version": 4,
    "parentVersion": 3,
    "echartsVersion": "4.2.1",
    "versionCreateTime": "2019-07-25T07:46:31.000Z",
    "html": "",
    "externalScripts": "",
    "updaterUID": "bd-1899772313",
    "theme": "",
    "layout": "",
    "viewCount": 203,
    "userName": "温***1",
    "commentCount": 0,
    "starCount": 0,
    "isStared": 0,
    "thumbnailURL": "https://www.makeapie.com/ecg-storage/ec_gallery_thumbnail/xYxhZF8S4L.png?v=1564040791420",
    "isCustomThumbnail": 0,
    "builtinTags": [
        "category-work",
        "dataZoom",
        "grid",
        "legend",
        "series-bar",
        "title",
        "tooltip"
    ],
    "customTags": [],
    "updaterUserName": "温***1"
}