{
    "cid": "xZ7ELn6UOI",
    "authorUid": "bd-4177719352",
    "authorUserName": "6***4",
    "title": "chart1",
    "description": "",
    "latestVersion": 2,
    "alwaysLatest": 1,
    "createTime": "2019-07-25T09:12:59.000Z",
    "lastUpdateTime": "2019-07-25T09:12:59.000Z",
    "auth": 2,
    "uid": "bd-4177719352",
    "publishedVersion": 0,
    "forkFrom": "-",
    "isSpam": 0,
    "version": 2,
    "parentVersion": 1,
    "echartsVersion": "4.2.1",
    "versionCreateTime": "2019-07-25T09:13:51.000Z",
    "html": "",
    "externalScripts": "",
    "updaterUID": "bd-4177719352",
    "theme": "",
    "layout": "",
    "viewCount": 858,
    "userName": "6***4",
    "commentCount": 0,
    "starCount": 0,
    "isStared": 0,
    "thumbnailURL": "https://www.makeapie.com/ecg-storage/ec_gallery_thumbnail/xZ7ELn6UOI.png?v=1564046032219",
    "isCustomThumbnail": 0,
    "builtinTags": [
        "category-work",
        "series-sankey",
        "tooltip"
    ],
    "customTags": [],
    "updaterUserName": "6***4"
}