{
    "cid": "x1bzWCtgq1",
    "authorUid": "obd-oEwgRy-nBlGorLpM5rR6NbjM3AeaT4G",
    "authorUserName": "s***6",
    "title": "美第奇里昂分行知识图谱",
    "description": "",
    "latestVersion": 2,
    "alwaysLatest": 1,
    "createTime": "2021-03-29T03:14:58.000Z",
    "lastUpdateTime": "2021-03-29T03:14:58.000Z",
    "auth": 2,
    "uid": "obd-oEwgRy-nBlGorLpM5rR6NbjM3AeaT4G",
    "publishedVersion": 0,
    "forkFrom": "-",
    "isSpam": 0,
    "version": 2,
    "parentVersion": 1,
    "echartsVersion": "4.8.0",
    "versionCreateTime": "2021-03-29T07:21:37.000Z",
    "html": "",
    "externalScripts": "",
    "updaterUID": "obd-oEwgRy-nBlGorLpM5rR6NbjM3AeaT4G",
    "theme": "",
    "layout": "",
    "viewCount": 86,
    "userName": "s***6",
    "commentCount": 0,
    "starCount": 0,
    "isStared": 0,
    "thumbnailURL": "https://www.makeapie.com/ecg-storage/ec_gallery_thumbnail/x1bzWCtgq1.png?v=1617002497706",
    "isCustomThumbnail": 0,
    "builtinTags": [
        "category-work",
        "legend",
        "series-graph",
        "tooltip"
    ],
    "customTags": [],
    "updaterUserName": "s***6"
}