{
    "cid": "x1Ipu5eRcf",
    "authorUid": "obd-otOA7b2T_E6qBsxzIxJh4_Jup_Rre8N",
    "authorUserName": "凌***3",
    "title": "美第奇银行空间资本流动（日内瓦-里昂分行）",
    "description": "美第奇银行空间资本流动，日内瓦-里昂分行部分",
    "latestVersion": 1,
    "alwaysLatest": 1,
    "createTime": "2021-03-29T04:10:38.000Z",
    "lastUpdateTime": "2021-03-29T04:10:38.000Z",
    "auth": 2,
    "uid": "obd-otOA7b2T_E6qBsxzIxJh4_Jup_Rre8N",
    "publishedVersion": 0,
    "forkFrom": "-",
    "isSpam": 0,
    "version": 1,
    "parentVersion": -1,
    "echartsVersion": "4.8.0",
    "versionCreateTime": "2021-03-29T04:10:38.000Z",
    "html": "",
    "externalScripts": "/dep/echarts/map/js/world.js",
    "updaterUID": "obd-otOA7b2T_E6qBsxzIxJh4_Jup_Rre8N",
    "theme": "",
    "layout": "",
    "viewCount": 45,
    "userName": "凌***3",
    "commentCount": 0,
    "starCount": 1,
    "isStared": 0,
    "thumbnailURL": "https://www.makeapie.com/ecg-storage/ec_gallery_thumbnail/x1Ipu5eRcf.png?v=1616991038623",
    "isCustomThumbnail": 0,
    "builtinTags": [
        "category-work",
        "geo",
        "series-effectScatter",
        "series-lines",
        "series-scatter",
        "tooltip"
    ],
    "customTags": [],
    "updaterUserName": "凌***3"
}