{
    "cid": "x9IJ8DIhil",
    "authorUid": "obd-olnpAYwLa94yisc0pClcfEeAYr6-B0y",
    "authorUserName": "张***冷",
    "title": "分时段平均值",
    "description": "",
    "latestVersion": 1,
    "alwaysLatest": 1,
    "createTime": "2021-03-31T02:28:24.000Z",
    "lastUpdateTime": "2021-03-31T02:28:24.000Z",
    "auth": 2,
    "uid": "obd-olnpAYwLa94yisc0pClcfEeAYr6-B0y",
    "publishedVersion": 0,
    "forkFrom": "-",
    "isSpam": 0,
    "version": 1,
    "parentVersion": -1,
    "echartsVersion": "4.8.0",
    "versionCreateTime": "2021-03-31T02:28:24.000Z",
    "html": "",
    "externalScripts": "",
    "updaterUID": "obd-olnpAYwLa94yisc0pClcfEeAYr6-B0y",
    "theme": "",
    "layout": "",
    "viewCount": 16,
    "userName": "张***冷",
    "commentCount": 0,
    "starCount": 0,
    "isStared": 0,
    "thumbnailURL": "https://www.makeapie.com/ecg-storage/ec_gallery_thumbnail/x9IJ8DIhil.png?v=1617157705120",
    "isCustomThumbnail": 0,
    "builtinTags": [
        "category-work",
        "grid",
        "legend",
        "series-bar",
        "title",
        "tooltip"
    ],
    "customTags": [],
    "updaterUserName": "张***冷"
}