{
    "cid": "x_8-27BjJb",
    "authorUid": "bd-3721987274",
    "authorUserName": "者***_",
    "title": "barTop,柱状图,排名",
    "description": "场景: 用于 top 排名",
    "latestVersion": 1,
    "alwaysLatest": 1,
    "createTime": "2021-03-29T07:29:59.000Z",
    "lastUpdateTime": "2021-03-29T07:29:59.000Z",
    "auth": 2,
    "uid": "bd-3721987274",
    "publishedVersion": 0,
    "forkFrom": "-",
    "isSpam": 0,
    "version": 1,
    "parentVersion": -1,
    "echartsVersion": "4.8.0",
    "versionCreateTime": "2021-03-29T07:29:59.000Z",
    "html": "",
    "externalScripts": "",
    "updaterUID": "bd-3721987274",
    "theme": "",
    "layout": "",
    "viewCount": 21,
    "userName": "者***_",
    "commentCount": 0,
    "starCount": 0,
    "isStared": 0,
    "thumbnailURL": "https://www.makeapie.com/ecg-storage/ec_gallery_thumbnail/x_8-27BjJb.png?v=1617002999676",
    "isCustomThumbnail": 0,
    "builtinTags": [
        "category-work",
        "grid",
        "series-bar",
        "tooltip"
    ],
    "customTags": [],
    "updaterUserName": "者***_"
}