{
    "cid": "xa-Ju2kWAM",
    "authorUid": "obd-ojY2SoNvjWizfqUywqIqYSYrmEhJ9EZ",
    "authorUserName": "溢***诗",
    "title": "custom-圆环缩放动画",
    "description": "",
    "latestVersion": 6,
    "alwaysLatest": 1,
    "createTime": "2021-03-30T03:08:26.000Z",
    "lastUpdateTime": "2021-03-30T03:08:26.000Z",
    "auth": 2,
    "uid": "obd-ojY2SoNvjWizfqUywqIqYSYrmEhJ9EZ",
    "publishedVersion": 0,
    "forkFrom": "-",
    "isSpam": 0,
    "version": 6,
    "parentVersion": 5,
    "echartsVersion": "4.8.0",
    "versionCreateTime": "2021-03-30T04:07:38.000Z",
    "html": "",
    "externalScripts": "",
    "updaterUID": "obd-ojY2SoNvjWizfqUywqIqYSYrmEhJ9EZ",
    "theme": "",
    "layout": "",
    "viewCount": 48,
    "userName": "溢***诗",
    "commentCount": 0,
    "starCount": 2,
    "isStared": 0,
    "thumbnailURL": "https://www.makeapie.com/ecg-storage/ec_gallery_thumbnail/xa-Ju2kWAM.png?v=1617077258305",
    "isCustomThumbnail": 0,
    "builtinTags": [
        "category-work",
        "series-custom"
    ],
    "customTags": [],
    "updaterUserName": "溢***诗"
}