{
    "cid": "xDwZhQTvHO",
    "authorUid": "obd-oCytJLTLmWx8N8W202trYszDAMMw73u",
    "authorUserName": "a***1",
    "title": "",
    "description": "",
    "latestVersion": 1,
    "alwaysLatest": 1,
    "createTime": "2021-03-28T18:48:24.000Z",
    "lastUpdateTime": "2021-03-28T18:48:24.000Z",
    "auth": 2,
    "uid": "obd-oCytJLTLmWx8N8W202trYszDAMMw73u",
    "publishedVersion": 0,
    "forkFrom": "-",
    "isSpam": 0,
    "version": 1,
    "parentVersion": -1,
    "echartsVersion": "4.8.0",
    "versionCreateTime": "2021-03-28T18:48:24.000Z",
    "html": "",
    "externalScripts": "https://api.map.baidu.com/api?v=2.0&ak=4uuypGiOu1eTt3iOIMnNlWre40UUNNmv,/dep/echarts/latest/extension/bmap.min.js",
    "updaterUID": "obd-oCytJLTLmWx8N8W202trYszDAMMw73u",
    "theme": "",
    "layout": "",
    "viewCount": 12,
    "userName": "a***1",
    "commentCount": 0,
    "starCount": 0,
    "isStared": 0,
    "thumbnailURL": "https://www.makeapie.com/ecg-storage/ec_gallery_thumbnail/xDwZhQTvHO.undefined?v=",
    "isCustomThumbnail": 0,
    "builtinTags": [
        "category-work"
    ],
    "customTags": [],
    "updaterUserName": "a***1"
}