{
    "cid": "xGnP_J7pjF",
    "authorUid": "obd-oPfy07aNXnfq7aUxlcqzG4mwxbzQI9C",
    "authorUserName": "鱼***堡",
    "title": "文化传媒学院各专业网签就业率增长图",
    "description": "",
    "latestVersion": 5,
    "alwaysLatest": 1,
    "createTime": "2021-03-31T01:44:19.000Z",
    "lastUpdateTime": "2021-03-31T01:57:49.000Z",
    "auth": 2,
    "uid": "obd-oPfy07aNXnfq7aUxlcqzG4mwxbzQI9C",
    "publishedVersion": 0,
    "forkFrom": "-",
    "isSpam": 0,
    "version": 5,
    "parentVersion": 4,
    "echartsVersion": "4.8.0",
    "versionCreateTime": "2021-04-06T07:32:03.000Z",
    "html": "",
    "externalScripts": "",
    "updaterUID": "obd-oPfy07aNXnfq7aUxlcqzG4mwxbzQI9C",
    "theme": "shine",
    "layout": "",
    "viewCount": 75,
    "userName": "鱼***堡",
    "commentCount": 0,
    "starCount": 0,
    "isStared": 0,
    "thumbnailURL": "https://www.makeapie.com/ecg-storage/ec_gallery_thumbnail/xGnP_J7pjF.png?v=1617694323625",
    "isCustomThumbnail": 0,
    "builtinTags": [],
    "customTags": [],
    "updaterUserName": "鱼***堡"
}