{
    "cid": "xGUcFJb5PW",
    "authorUid": "obd-oFRxhBekFgU--NrNmPzz8RKaUBcVX5N",
    "authorUserName": "超***S",
    "title": "备份3",
    "description": "",
    "latestVersion": 1,
    "alwaysLatest": 1,
    "createTime": "2021-03-27T06:40:05.000Z",
    "lastUpdateTime": "2021-03-27T06:40:05.000Z",
    "auth": 2,
    "uid": "obd-oFRxhBekFgU--NrNmPzz8RKaUBcVX5N",
    "publishedVersion": 0,
    "forkFrom": "-",
    "isSpam": 0,
    "version": 1,
    "parentVersion": -1,
    "echartsVersion": "4.8.0",
    "versionCreateTime": "2021-03-27T06:40:05.000Z",
    "html": "",
    "externalScripts": "",
    "updaterUID": "obd-oFRxhBekFgU--NrNmPzz8RKaUBcVX5N",
    "theme": "",
    "layout": "",
    "viewCount": 49,
    "userName": "超***S",
    "commentCount": 0,
    "starCount": 2,
    "isStared": 0,
    "thumbnailURL": "https://www.makeapie.com/ecg-storage/ec_gallery_thumbnail/xGUcFJb5PW.png?v=1616827205969",
    "isCustomThumbnail": 0,
    "builtinTags": [
        "category-work",
        "grid",
        "legend",
        "series-pictorialBar",
        "timeline"
    ],
    "customTags": [],
    "updaterUserName": "超***S"
}