{
    "cid": "xKthuOyCBy",
    "authorUid": "obd-oMmzfg9Il6foXWjdff9QaRbVAKchw2t",
    "authorUserName": "喃***",
    "title": "双向柱状图",
    "description": "",
    "latestVersion": 3,
    "alwaysLatest": 1,
    "createTime": "2021-03-29T03:01:41.000Z",
    "lastUpdateTime": "2021-03-29T03:01:41.000Z",
    "auth": 2,
    "uid": "obd-oMmzfg9Il6foXWjdff9QaRbVAKchw2t",
    "publishedVersion": 0,
    "forkFrom": "-",
    "isSpam": 0,
    "version": 3,
    "parentVersion": 2,
    "echartsVersion": "4.8.0",
    "versionCreateTime": "2021-03-29T03:04:09.000Z",
    "html": "",
    "externalScripts": "",
    "updaterUID": "obd-oMmzfg9Il6foXWjdff9QaRbVAKchw2t",
    "theme": "",
    "layout": "",
    "viewCount": 43,
    "userName": "喃***",
    "commentCount": 0,
    "starCount": 1,
    "isStared": 0,
    "thumbnailURL": "https://www.makeapie.com/ecg-storage/ec_gallery_thumbnail/xKthuOyCBy.png?v=1616987049120",
    "isCustomThumbnail": 0,
    "builtinTags": [
        "category-work",
        "grid",
        "series-pictorialBar"
    ],
    "customTags": [],
    "updaterUserName": "喃***"
}