{
    "cid": "xNe3jTtd9n",
    "authorUid": "obd-oj8MmIvomgMLCBkYnCwqKQCbOh412Dl",
    "authorUserName": "a***1",
    "title": "echarts折线图实线加虚线",
    "description": "断点2",
    "latestVersion": 1,
    "alwaysLatest": 1,
    "createTime": "2021-03-28T11:36:15.000Z",
    "lastUpdateTime": "2021-03-28T11:36:15.000Z",
    "auth": 2,
    "uid": "obd-oj8MmIvomgMLCBkYnCwqKQCbOh412Dl",
    "publishedVersion": 0,
    "forkFrom": "-",
    "isSpam": 0,
    "version": 1,
    "parentVersion": -1,
    "echartsVersion": "4.8.0",
    "versionCreateTime": "2021-03-28T11:36:15.000Z",
    "html": "",
    "externalScripts": "",
    "updaterUID": "obd-oj8MmIvomgMLCBkYnCwqKQCbOh412Dl",
    "theme": "",
    "layout": "",
    "viewCount": 16,
    "userName": "a***1",
    "commentCount": 0,
    "starCount": 1,
    "isStared": 0,
    "thumbnailURL": "https://www.makeapie.com/ecg-storage/ec_gallery_thumbnail/xNe3jTtd9n.png?v=1616931376092",
    "isCustomThumbnail": 0,
    "builtinTags": [
        "category-work",
        "grid",
        "legend",
        "series-line",
        "title",
        "toolbox",
        "tooltip"
    ],
    "customTags": [],
    "updaterUserName": "a***1"
}