{
    "cid": "xNiPB2j0cU",
    "authorUid": "obd-oETw1pgnGaPczqip7gjnQDrcVlyeY4i",
    "authorUserName": "立***e",
    "title": "全国6月销售统计",
    "description": "",
    "latestVersion": 1,
    "alwaysLatest": 1,
    "createTime": "2021-03-26T09:37:51.000Z",
    "lastUpdateTime": "2021-03-26T09:37:51.000Z",
    "auth": 2,
    "uid": "obd-oETw1pgnGaPczqip7gjnQDrcVlyeY4i",
    "publishedVersion": 0,
    "forkFrom": "-",
    "isSpam": 0,
    "version": 1,
    "parentVersion": -1,
    "echartsVersion": "4.8.0",
    "versionCreateTime": "2021-03-26T09:37:51.000Z",
    "html": "",
    "externalScripts": "",
    "updaterUID": "obd-oETw1pgnGaPczqip7gjnQDrcVlyeY4i",
    "theme": "",
    "layout": "",
    "viewCount": 85,
    "userName": "立***e",
    "commentCount": 0,
    "starCount": 5,
    "isStared": 0,
    "thumbnailURL": "https://www.makeapie.com/ecg-storage/ec_gallery_thumbnail/xNiPB2j0cU.png?v=1616751471602",
    "isCustomThumbnail": 0,
    "builtinTags": [
        "category-work",
        "grid",
        "legend",
        "series-line",
        "title",
        "tooltip"
    ],
    "customTags": [],
    "updaterUserName": "立***e"
}