{
    "cid": "xpBBu4N-Cb",
    "authorUid": "obd-otOA7b2T_E6qBsxzIxJh4_Jup_Rre8N",
    "authorUserName": "凌***3",
    "title": "美第奇银行空间资本流动（罗马分行）",
    "description": "美第奇银行空间资本流动，罗马分行部分",
    "latestVersion": 1,
    "alwaysLatest": 1,
    "createTime": "2021-03-29T04:07:36.000Z",
    "lastUpdateTime": "2021-03-29T04:07:36.000Z",
    "auth": 2,
    "uid": "obd-otOA7b2T_E6qBsxzIxJh4_Jup_Rre8N",
    "publishedVersion": 0,
    "forkFrom": "-",
    "isSpam": 0,
    "version": 1,
    "parentVersion": -1,
    "echartsVersion": "4.8.0",
    "versionCreateTime": "2021-03-29T04:07:36.000Z",
    "html": "",
    "externalScripts": "/dep/echarts/map/js/world.js",
    "updaterUID": "obd-otOA7b2T_E6qBsxzIxJh4_Jup_Rre8N",
    "theme": "",
    "layout": "",
    "viewCount": 28,
    "userName": "凌***3",
    "commentCount": 0,
    "starCount": 0,
    "isStared": 0,
    "thumbnailURL": "https://www.makeapie.com/ecg-storage/ec_gallery_thumbnail/xpBBu4N-Cb.png?v=1616990856352",
    "isCustomThumbnail": 0,
    "builtinTags": [
        "category-work",
        "geo",
        "series-effectScatter",
        "series-lines",
        "series-scatter",
        "tooltip"
    ],
    "customTags": [],
    "updaterUserName": "凌***3"
}