{
    "cid": "xqK7p9_TVw",
    "authorUid": "obd-oMZ897aaM_c6bLXIWmPsGtDThCLj12j",
    "authorUserName": "安***听",
    "title": "普通渐变柱状图",
    "description": "",
    "latestVersion": 3,
    "alwaysLatest": 1,
    "createTime": "2021-03-31T02:52:21.000Z",
    "lastUpdateTime": "2021-12-03T07:16:44.000Z",
    "auth": 2,
    "uid": "obd-oMZ897aaM_c6bLXIWmPsGtDThCLj12j",
    "publishedVersion": 0,
    "forkFrom": "-",
    "isSpam": 0,
    "version": 3,
    "parentVersion": 2,
    "echartsVersion": "4.9.0",
    "versionCreateTime": "2021-12-03T07:16:44.000Z",
    "html": "",
    "externalScripts": "",
    "updaterUID": "obd-oMZ897aaM_c6bLXIWmPsGtDThCLj12j",
    "theme": "",
    "layout": "",
    "viewCount": 41,
    "userName": "安***听",
    "commentCount": 0,
    "starCount": 0,
    "isStared": 0,
    "thumbnailURL": "https://www.makeapie.com/ecg-storage/ec_gallery_thumbnail/xqK7p9_TVw.png?v=1638515804452",
    "isCustomThumbnail": 0,
    "builtinTags": [
        "category-work",
        "dataZoom",
        "grid",
        "legend",
        "series-bar",
        "tooltip"
    ],
    "customTags": [],
    "updaterUserName": "安***听"
}