{
    "cid": "xZT7xYuxNF",
    "authorUid": "bd-1839720448",
    "authorUserName": "哆***嗦",
    "title": "动态折线图",
    "description": "纯属虚构",
    "latestVersion": 2,
    "alwaysLatest": 1,
    "createTime": "2021-03-29T09:22:38.000Z",
    "lastUpdateTime": "2021-03-29T09:22:38.000Z",
    "auth": 2,
    "uid": "bd-1839720448",
    "publishedVersion": 0,
    "forkFrom": "-",
    "isSpam": 0,
    "version": 2,
    "parentVersion": 1,
    "echartsVersion": "4.8.0",
    "versionCreateTime": "2021-03-30T01:53:47.000Z",
    "html": "",
    "externalScripts": "",
    "updaterUID": "bd-1839720448",
    "theme": "",
    "layout": "",
    "viewCount": 31,
    "userName": "哆***嗦",
    "commentCount": 0,
    "starCount": 0,
    "isStared": 0,
    "thumbnailURL": "https://www.makeapie.com/ecg-storage/ec_gallery_thumbnail/xZT7xYuxNF.png?v=1617069227435",
    "isCustomThumbnail": 0,
    "builtinTags": [
        "category-work",
        "grid",
        "series-line",
        "title"
    ],
    "customTags": [],
    "updaterUserName": "哆***嗦"
}