{
    "cid": "x3n7f3j85",
    "authorUid": "bd-4076868013",
    "authorUserName": "j***9",
    "title": "柱状图",
    "description": "",
    "latestVersion": 2,
    "alwaysLatest": 1,
    "createTime": "2019-12-13T08:30:12.000Z",
    "lastUpdateTime": "2019-12-13T08:30:12.000Z",
    "auth": 2,
    "uid": "bd-4076868013",
    "publishedVersion": 0,
    "forkFrom": "-",
    "isSpam": 0,
    "version": 2,
    "parentVersion": 1,
    "echartsVersion": "4.4.0",
    "versionCreateTime": "2019-12-19T03:23:13.000Z",
    "html": "",
    "externalScripts": "",
    "updaterUID": "bd-4076868013",
    "theme": "",
    "layout": "",
    "viewCount": 154,
    "userName": "j***9",
    "commentCount": 0,
    "starCount": 2,
    "isStared": 0,
    "thumbnailURL": "https://www.makeapie.com/ecg-storage/ec_gallery_thumbnail/x3n7f3j85.png?v=1576725793680",
    "isCustomThumbnail": 0,
    "builtinTags": [
        "category-work",
        "grid",
        "series-bar",
        "tooltip"
    ],
    "customTags": [],
    "updaterUserName": "j***9"
}