{
    "cid": "xdDhMEASc",
    "authorUid": "bd-2150127011",
    "authorUserName": "黒***紫",
    "title": "仪表盘",
    "description": "",
    "latestVersion": 3,
    "alwaysLatest": 1,
    "createTime": "2019-12-16T03:35:37.000Z",
    "lastUpdateTime": "2019-12-16T03:35:37.000Z",
    "auth": 2,
    "uid": "bd-2150127011",
    "publishedVersion": 0,
    "forkFrom": "-",
    "isSpam": 0,
    "version": 3,
    "parentVersion": 2,
    "echartsVersion": "4.4.0",
    "versionCreateTime": "2019-12-16T08:30:40.000Z",
    "html": "",
    "externalScripts": "",
    "updaterUID": "bd-2150127011",
    "theme": "",
    "layout": "",
    "viewCount": 910,
    "userName": "黒***紫",
    "commentCount": 0,
    "starCount": 1,
    "isStared": 0,
    "thumbnailURL": "https://www.makeapie.com/ecg-storage/ec_gallery_thumbnail/xdDhMEASc.png?v=1576485041091",
    "isCustomThumbnail": 0,
    "builtinTags": [
        "category-work",
        "series-gauge"
    ],
    "customTags": [],
    "updaterUserName": "黒***紫"
}