{
    "cid": "xE1Qd27aQ",
    "authorUid": "bd-3725023346",
    "authorUserName": "m***w",
    "title": "扇形密度图",
    "description": "",
    "latestVersion": 2,
    "alwaysLatest": 1,
    "createTime": "2019-12-16T03:28:33.000Z",
    "lastUpdateTime": "2019-12-16T03:28:33.000Z",
    "auth": 2,
    "uid": "bd-3725023346",
    "publishedVersion": 0,
    "forkFrom": "-",
    "isSpam": 0,
    "version": 2,
    "parentVersion": 1,
    "echartsVersion": "4.4.0",
    "versionCreateTime": "2019-12-16T03:42:22.000Z",
    "html": "",
    "externalScripts": "",
    "updaterUID": "bd-3725023346",
    "theme": "",
    "layout": "",
    "viewCount": 131,
    "userName": "m***w",
    "commentCount": 0,
    "starCount": 0,
    "isStared": 0,
    "thumbnailURL": "https://www.makeapie.com/ecg-storage/ec_gallery_thumbnail/xE1Qd27aQ.png?v=1576467742408",
    "isCustomThumbnail": 0,
    "builtinTags": [
        "category-work",
        "polar",
        "series-custom"
    ],
    "customTags": [],
    "updaterUserName": "m***w"
}