{
    "cid": "xgo-52PpQ",
    "authorUid": "bd-3379529844",
    "authorUserName": "乱***法",
    "title": "随便试一试",
    "description": "",
    "latestVersion": 3,
    "alwaysLatest": 1,
    "createTime": "2019-12-15T13:00:19.000Z",
    "lastUpdateTime": "2019-12-15T13:00:19.000Z",
    "auth": 2,
    "uid": "bd-3379529844",
    "publishedVersion": 0,
    "forkFrom": "-",
    "isSpam": 0,
    "version": 3,
    "parentVersion": 1,
    "echartsVersion": "4.4.0",
    "versionCreateTime": "2019-12-15T14:01:17.000Z",
    "html": "",
    "externalScripts": "",
    "updaterUID": "bd-3379529844",
    "theme": "",
    "layout": "",
    "viewCount": 11,
    "userName": "乱***法",
    "commentCount": 0,
    "starCount": 0,
    "isStared": 0,
    "thumbnailURL": "https://www.makeapie.com/ecg-storage/ec_gallery_thumbnail/xgo-52PpQ.png?v=1576418477708",
    "isCustomThumbnail": 0,
    "builtinTags": [
        "category-work"
    ],
    "customTags": [],
    "updaterUserName": "乱***法"
}