{
    "cid": "xGSUGnl0B",
    "authorUid": "bd-1581080321",
    "authorUserName": "p***若",
    "title": "排名柱状图",
    "description": "",
    "latestVersion": 1,
    "alwaysLatest": 1,
    "createTime": "2019-12-16T03:28:02.000Z",
    "lastUpdateTime": "2019-12-16T03:28:02.000Z",
    "auth": 2,
    "uid": "bd-1581080321",
    "publishedVersion": 0,
    "forkFrom": "-",
    "isSpam": 0,
    "version": 1,
    "parentVersion": -1,
    "echartsVersion": "4.4.0",
    "versionCreateTime": "2019-12-16T03:28:02.000Z",
    "html": "",
    "externalScripts": "",
    "updaterUID": "bd-1581080321",
    "theme": "",
    "layout": "",
    "viewCount": 171,
    "userName": "p***若",
    "commentCount": 0,
    "starCount": 3,
    "isStared": 0,
    "thumbnailURL": "https://www.makeapie.com/ecg-storage/ec_gallery_thumbnail/xGSUGnl0B.png?v=1576466882952",
    "isCustomThumbnail": 0,
    "builtinTags": [
        "category-work",
        "grid",
        "series-bar",
        "tooltip"
    ],
    "customTags": [],
    "updaterUserName": "p***若"
}