{
    "cid": "xh94vQ7oo",
    "authorUid": "bd-1785484718",
    "authorUserName": "闵***君",
    "title": "排名",
    "description": "",
    "latestVersion": 2,
    "alwaysLatest": 1,
    "createTime": "2019-12-13T07:14:56.000Z",
    "lastUpdateTime": "2019-12-13T07:14:56.000Z",
    "auth": 2,
    "uid": "bd-1785484718",
    "publishedVersion": 0,
    "forkFrom": "-",
    "isSpam": 0,
    "version": 2,
    "parentVersion": 1,
    "echartsVersion": "4.4.0",
    "versionCreateTime": "2019-12-13T07:34:36.000Z",
    "html": "",
    "externalScripts": "",
    "updaterUID": "bd-1785484718",
    "theme": "",
    "layout": "",
    "viewCount": 205,
    "userName": "闵***君",
    "commentCount": 0,
    "starCount": 1,
    "isStared": 0,
    "thumbnailURL": "https://www.makeapie.com/ecg-storage/ec_gallery_thumbnail/xh94vQ7oo.png?v=1576222476304",
    "isCustomThumbnail": 0,
    "builtinTags": [
        "category-work",
        "grid",
        "series-bar",
        "tooltip"
    ],
    "customTags": [],
    "updaterUserName": "闵***君"
}