{
    "cid": "xoD8dWWzQ",
    "authorUid": "bd-1785484718",
    "authorUserName": "闵***君",
    "title": "主要污染物及断面超标率",
    "description": "",
    "latestVersion": 1,
    "alwaysLatest": 1,
    "createTime": "2019-12-13T04:29:23.000Z",
    "lastUpdateTime": "2019-12-13T04:29:23.000Z",
    "auth": 2,
    "uid": "bd-1785484718",
    "publishedVersion": 0,
    "forkFrom": "-",
    "isSpam": 0,
    "version": 1,
    "parentVersion": -1,
    "echartsVersion": "4.4.0",
    "versionCreateTime": "2019-12-13T04:29:23.000Z",
    "html": "",
    "externalScripts": "",
    "updaterUID": "bd-1785484718",
    "theme": "",
    "layout": "",
    "viewCount": 116,
    "userName": "闵***君",
    "commentCount": 0,
    "starCount": 2,
    "isStared": 0,
    "thumbnailURL": "https://www.makeapie.com/ecg-storage/ec_gallery_thumbnail/xoD8dWWzQ.png?v=1576211363899",
    "isCustomThumbnail": 0,
    "builtinTags": [
        "category-work",
        "grid",
        "series-bar",
        "series-pictorialBar",
        "tooltip"
    ],
    "customTags": [],
    "updaterUserName": "闵***君"
}