{
    "cid": "xROA2CG0R",
    "authorUid": "bd-2034378441",
    "authorUserName": "丶***光",
    "title": "标题样式设置",
    "description": "",
    "latestVersion": 1,
    "alwaysLatest": 1,
    "createTime": "2019-12-13T09:50:34.000Z",
    "lastUpdateTime": "2019-12-13T09:50:34.000Z",
    "auth": 2,
    "uid": "bd-2034378441",
    "publishedVersion": 0,
    "forkFrom": "-",
    "isSpam": 0,
    "version": 1,
    "parentVersion": -1,
    "echartsVersion": "4.4.0",
    "versionCreateTime": "2019-12-13T09:50:34.000Z",
    "html": "",
    "externalScripts": "",
    "updaterUID": "bd-2034378441",
    "theme": "",
    "layout": "",
    "viewCount": 13,
    "userName": "丶***光",
    "commentCount": 0,
    "starCount": 0,
    "isStared": 0,
    "thumbnailURL": "https://www.makeapie.com/ecg-storage/ec_gallery_thumbnail/xROA2CG0R.png?v=1576230634739",
    "isCustomThumbnail": 0,
    "builtinTags": [
        "category-work",
        "grid",
        "legend",
        "series-line",
        "title"
    ],
    "customTags": [],
    "updaterUserName": "丶***光"
}