{
    "cid": "xrWl7CkJH",
    "authorUid": "bd-1581080321",
    "authorUserName": "p***若",
    "title": "出勤率",
    "description": "鼠标划过柱子背景色改变",
    "latestVersion": 1,
    "alwaysLatest": 1,
    "createTime": "2019-12-16T03:14:17.000Z",
    "lastUpdateTime": "2019-12-16T03:14:17.000Z",
    "auth": 2,
    "uid": "bd-1581080321",
    "publishedVersion": 0,
    "forkFrom": "-",
    "isSpam": 0,
    "version": 1,
    "parentVersion": -1,
    "echartsVersion": "4.4.0",
    "versionCreateTime": "2019-12-16T03:14:17.000Z",
    "html": "",
    "externalScripts": "",
    "updaterUID": "bd-1581080321",
    "theme": "",
    "layout": "",
    "viewCount": 75,
    "userName": "p***若",
    "commentCount": 0,
    "starCount": 0,
    "isStared": 0,
    "thumbnailURL": "https://www.makeapie.com/ecg-storage/ec_gallery_thumbnail/xrWl7CkJH.png?v=1576466057770",
    "isCustomThumbnail": 0,
    "builtinTags": [
        "category-work",
        "dataZoom",
        "grid",
        "series-bar",
        "title",
        "tooltip"
    ],
    "customTags": [],
    "updaterUserName": "p***若"
}