{
    "cid": "xT-_uz4ul",
    "authorUid": "bd-1711687770",
    "authorUserName": "依***缘",
    "title": "标准柱状图",
    "description": "",
    "latestVersion": 2,
    "alwaysLatest": 1,
    "createTime": "2019-12-15T11:38:27.000Z",
    "lastUpdateTime": "2019-12-15T11:38:27.000Z",
    "auth": 2,
    "uid": "bd-1711687770",
    "publishedVersion": 0,
    "forkFrom": "-",
    "isSpam": 0,
    "version": 2,
    "parentVersion": 1,
    "echartsVersion": "4.4.0",
    "versionCreateTime": "2019-12-15T11:48:49.000Z",
    "html": "",
    "externalScripts": "",
    "updaterUID": "bd-1711687770",
    "theme": "",
    "layout": "",
    "viewCount": 17,
    "userName": "依***缘",
    "commentCount": 0,
    "starCount": 0,
    "isStared": 0,
    "thumbnailURL": "https://www.makeapie.com/ecg-storage/ec_gallery_thumbnail/xT-_uz4ul.png?v=1576410529574",
    "isCustomThumbnail": 0,
    "builtinTags": [
        "category-work",
        "dataset",
        "grid",
        "legend",
        "series-bar",
        "tooltip"
    ],
    "customTags": [],
    "updaterUserName": "依***缘"
}