{
    "cid": "xTB_8KXFi",
    "authorUid": "bd-1581080321",
    "authorUserName": "p***若",
    "title": "刷卡总量\n\n占比分析",
    "description": "圆环中心添加自定义图片，自定义label样式",
    "latestVersion": 1,
    "alwaysLatest": 1,
    "createTime": "2019-12-16T02:45:32.000Z",
    "lastUpdateTime": "2019-12-16T02:45:32.000Z",
    "auth": 2,
    "uid": "bd-1581080321",
    "publishedVersion": 0,
    "forkFrom": "-",
    "isSpam": 0,
    "version": 1,
    "parentVersion": -1,
    "echartsVersion": "4.4.0",
    "versionCreateTime": "2019-12-16T02:45:33.000Z",
    "html": "",
    "externalScripts": "",
    "updaterUID": "bd-1581080321",
    "theme": "",
    "layout": "",
    "viewCount": 336,
    "userName": "p***若",
    "commentCount": 0,
    "starCount": 4,
    "isStared": 0,
    "thumbnailURL": "https://www.makeapie.com/ecg-storage/ec_gallery_thumbnail/xTB_8KXFi.png?v=1576464333134",
    "isCustomThumbnail": 0,
    "builtinTags": [
        "category-work",
        "graphic",
        "legend",
        "series-pie",
        "title",
        "tooltip"
    ],
    "customTags": [],
    "updaterUserName": "p***若"
}