{
    "cid": "xtoTX6KNB",
    "authorUid": "bd-1785484718",
    "authorUserName": "闵***君",
    "title": "冰山图",
    "description": "",
    "latestVersion": 1,
    "alwaysLatest": 1,
    "createTime": "2019-12-13T10:35:34.000Z",
    "lastUpdateTime": "2019-12-13T10:35:34.000Z",
    "auth": 2,
    "uid": "bd-1785484718",
    "publishedVersion": 0,
    "forkFrom": "-",
    "isSpam": 0,
    "version": 1,
    "parentVersion": -1,
    "echartsVersion": "4.4.0",
    "versionCreateTime": "2019-12-13T10:35:34.000Z",
    "html": "",
    "externalScripts": "",
    "updaterUID": "bd-1785484718",
    "theme": "",
    "layout": "",
    "viewCount": 48,
    "userName": "闵***君",
    "commentCount": 0,
    "starCount": 1,
    "isStared": 0,
    "thumbnailURL": "https://www.makeapie.com/ecg-storage/ec_gallery_thumbnail/xtoTX6KNB.png?v=1576233334888",
    "isCustomThumbnail": 0,
    "builtinTags": [
        "category-work",
        "grid",
        "series-pictorialBar",
        "tooltip"
    ],
    "customTags": [],
    "updaterUserName": "闵***君"
}