{
    "cid": "xu6NzcGYq",
    "authorUid": "bd-1785484718",
    "authorUserName": "闵***君",
    "title": "达标情况",
    "description": "",
    "latestVersion": 1,
    "alwaysLatest": 1,
    "createTime": "2019-12-13T04:28:19.000Z",
    "lastUpdateTime": "2019-12-13T04:28:19.000Z",
    "auth": 2,
    "uid": "bd-1785484718",
    "publishedVersion": 0,
    "forkFrom": "-",
    "isSpam": 0,
    "version": 1,
    "parentVersion": -1,
    "echartsVersion": "4.4.0",
    "versionCreateTime": "2019-12-13T04:28:19.000Z",
    "html": "",
    "externalScripts": "",
    "updaterUID": "bd-1785484718",
    "theme": "",
    "layout": "",
    "viewCount": 142,
    "userName": "闵***君",
    "commentCount": 0,
    "starCount": 0,
    "isStared": 0,
    "thumbnailURL": "https://www.makeapie.com/ecg-storage/ec_gallery_thumbnail/xu6NzcGYq.png?v=1576211299718",
    "isCustomThumbnail": 0,
    "builtinTags": [
        "category-work",
        "series-gauge",
        "tooltip"
    ],
    "customTags": [],
    "updaterUserName": "闵***君"
}