{
    "cid": "xVaSWVtp1",
    "authorUid": "bd-3792686455",
    "authorUserName": "e***m",
    "title": "Awesome Chart",
    "description": "",
    "latestVersion": 2,
    "alwaysLatest": 1,
    "createTime": "2019-12-13T08:12:44.000Z",
    "lastUpdateTime": "2019-12-13T08:12:44.000Z",
    "auth": 2,
    "uid": "bd-3792686455",
    "publishedVersion": 1,
    "forkFrom": "-",
    "isSpam": 0,
    "version": 1,
    "parentVersion": -1,
    "echartsVersion": "4.4.0",
    "versionCreateTime": "2019-12-13T08:12:44.000Z",
    "html": "",
    "externalScripts": "",
    "updaterUID": "bd-3792686455",
    "theme": "",
    "layout": "",
    "viewCount": 15,
    "userName": "e***m",
    "commentCount": 0,
    "starCount": 0,
    "isStared": 0,
    "thumbnailURL": "https://www.makeapie.com/ecg-storage/ec_gallery_thumbnail/xVaSWVtp1.png?v=1576224764775",
    "isCustomThumbnail": 0,
    "builtinTags": [
        "category-work",
        "grid",
        "series-line",
        "title"
    ],
    "customTags": [],
    "updaterUserName": "e***m"
}