{
    "cid": "xxjs5xXzz",
    "authorUid": "bd-857663415",
    "authorUserName": "q***9",
    "title": "全国地级市地图",
    "description": "全国地级市地图",
    "latestVersion": 3,
    "alwaysLatest": 1,
    "createTime": "2019-12-13T03:36:36.000Z",
    "lastUpdateTime": "2019-12-13T03:36:36.000Z",
    "auth": 1,
    "uid": "bd-857663415",
    "publishedVersion": 0,
    "forkFrom": "-",
    "isSpam": 0,
    "version": 3,
    "parentVersion": 2,
    "echartsVersion": "4.8.0",
    "versionCreateTime": "2020-12-07T01:51:44.000Z",
    "html": "",
    "externalScripts": "",
    "updaterUID": "bd-3440619920",
    "theme": "",
    "layout": "",
    "viewCount": 396,
    "userName": "q***9",
    "commentCount": 0,
    "starCount": 1,
    "isStared": 0,
    "thumbnailURL": "https://www.makeapie.com/ecg-storage/ec_gallery_thumbnail/xxjs5xXzz.png?v=1607305904840",
    "isCustomThumbnail": 0,
    "builtinTags": [
        "category-work",
        "series-map"
    ],
    "customTags": [],
    "updaterUserName": "建***子"
}