{
    "cid": "xOjXdgtiy1",
    "authorUid": "bd-1984284290",
    "authorUserName": "游***飘",
    "title": "传统在线教育",
    "description": "",
    "latestVersion": 3,
    "alwaysLatest": 1,
    "createTime": "2020-09-21T14:48:33.000Z",
    "lastUpdateTime": "2020-09-21T14:48:33.000Z",
    "auth": 2,
    "uid": "bd-1984284290",
    "publishedVersion": 0,
    "forkFrom": "-",
    "isSpam": 0,
    "version": 3,
    "parentVersion": 2,
    "echartsVersion": "4.8.0",
    "versionCreateTime": "2020-09-21T15:07:00.000Z",
    "html": "",
    "externalScripts": "",
    "updaterUID": "bd-1984284290",
    "theme": "",
    "layout": "",
    "viewCount": 165,
    "userName": "游***飘",
    "commentCount": 0,
    "starCount": 1,
    "isStared": 0,
    "thumbnailURL": "https://www.makeapie.com/ecg-storage/ec_gallery_thumbnail/xOjXdgtiy1.png?v=1600700820080",
    "isCustomThumbnail": 0,
    "builtinTags": [
        "category-work",
        "grid",
        "legend",
        "series-bar",
        "title",
        "tooltip"
    ],
    "customTags": [],
    "updaterUserName": "游***飘"
}