{
    "cid": "xRU2qOWUVy",
    "authorUid": "obd-otCTMZZqSJG59FAQvCWVWF0YuCyrn8o",
    "authorUserName": "小***0",
    "title": "业扩平均时长01",
    "description": "",
    "latestVersion": 1,
    "alwaysLatest": 1,
    "createTime": "2020-09-22T02:55:56.000Z",
    "lastUpdateTime": "2020-09-22T02:55:56.000Z",
    "auth": 2,
    "uid": "obd-otCTMZZqSJG59FAQvCWVWF0YuCyrn8o",
    "publishedVersion": 0,
    "forkFrom": "-",
    "isSpam": 0,
    "version": 1,
    "parentVersion": -1,
    "echartsVersion": "4.8.0",
    "versionCreateTime": "2020-09-22T02:55:56.000Z",
    "html": "",
    "externalScripts": "",
    "updaterUID": "obd-otCTMZZqSJG59FAQvCWVWF0YuCyrn8o",
    "theme": "",
    "layout": "",
    "viewCount": 27,
    "userName": "小***0",
    "commentCount": 0,
    "starCount": 0,
    "isStared": 0,
    "thumbnailURL": "https://www.makeapie.com/ecg-storage/ec_gallery_thumbnail/xRU2qOWUVy.png?v=1600743357094",
    "isCustomThumbnail": 0,
    "builtinTags": [
        "category-work",
        "grid",
        "series-bar",
        "tooltip"
    ],
    "customTags": [],
    "updaterUserName": "小***0"
}