{
    "cid": "xx58Qc3s4R",
    "authorUid": "bd-136317861",
    "authorUserName": "生***络",
    "title": "多子图K线",
    "description": "多子图K线",
    "latestVersion": 3,
    "alwaysLatest": 1,
    "createTime": "2020-09-22T11:45:55.000Z",
    "lastUpdateTime": "2020-09-22T11:45:55.000Z",
    "auth": 2,
    "uid": "bd-136317861",
    "publishedVersion": 0,
    "forkFrom": "-",
    "isSpam": 0,
    "version": 3,
    "parentVersion": 2,
    "echartsVersion": "4.8.0",
    "versionCreateTime": "2020-09-22T14:26:07.000Z",
    "html": "",
    "externalScripts": "",
    "updaterUID": "bd-136317861",
    "theme": "",
    "layout": "",
    "viewCount": 984,
    "userName": "生***络",
    "commentCount": 0,
    "starCount": 5,
    "isStared": 0,
    "thumbnailURL": "https://www.makeapie.com/ecg-storage/ec_gallery_thumbnail/xx58Qc3s4R.png?v=1600784767504",
    "isCustomThumbnail": 0,
    "builtinTags": [
        "category-work",
        "dataZoom",
        "grid",
        "series-bar",
        "series-candlestick",
        "title",
        "toolbox",
        "tooltip"
    ],
    "customTags": [],
    "updaterUserName": "生***络"
}