{
    "cid": "xy1gb3u3Yc",
    "authorUid": "obd-oDJQOqEwAC3DPe4IsagPuaNklSzQ61z",
    "authorUserName": "w***k",
    "title": "产品分析",
    "description": "",
    "latestVersion": 2,
    "alwaysLatest": 1,
    "createTime": "2020-09-21T12:34:24.000Z",
    "lastUpdateTime": "2020-09-21T12:34:24.000Z",
    "auth": 2,
    "uid": "obd-oDJQOqEwAC3DPe4IsagPuaNklSzQ61z",
    "publishedVersion": 0,
    "forkFrom": "-",
    "isSpam": 0,
    "version": 2,
    "parentVersion": 1,
    "echartsVersion": "4.8.0",
    "versionCreateTime": "2020-09-21T12:46:17.000Z",
    "html": "",
    "externalScripts": "",
    "updaterUID": "obd-oDJQOqEwAC3DPe4IsagPuaNklSzQ61z",
    "theme": "dark",
    "layout": "",
    "viewCount": 150,
    "userName": "w***k",
    "commentCount": 0,
    "starCount": 1,
    "isStared": 0,
    "thumbnailURL": "https://www.makeapie.com/ecg-storage/ec_gallery_thumbnail/xy1gb3u3Yc.png?v=1600692377613",
    "isCustomThumbnail": 0,
    "builtinTags": [
        "category-work",
        "grid",
        "series-bar",
        "series-pie",
        "title",
        "tooltip"
    ],
    "customTags": [],
    "updaterUserName": "w***k"
}