{
    "cid": "x1AqMaElMd",
    "authorUid": "obd-o2DyTJD_U-eVitvMztJ5h9dxD7jqFBd",
    "authorUserName": "风***1",
    "title": "间隔仪表盘",
    "description": "",
    "latestVersion": 1,
    "alwaysLatest": 0,
    "createTime": "2021-09-23T02:54:08.000Z",
    "lastUpdateTime": "2021-09-23T02:54:08.000Z",
    "auth": 2,
    "uid": "obd-o2DyTJD_U-eVitvMztJ5h9dxD7jqFBd",
    "publishedVersion": 0,
    "forkFrom": "-",
    "isSpam": 0,
    "version": 1,
    "parentVersion": -1,
    "echartsVersion": "5.2.1",
    "versionCreateTime": "2021-09-23T02:54:08.000Z",
    "html": "",
    "externalScripts": "",
    "updaterUID": "obd-o2DyTJD_U-eVitvMztJ5h9dxD7jqFBd",
    "theme": "",
    "layout": "",
    "viewCount": 0,
    "userName": "风***1",
    "commentCount": 0,
    "starCount": 2,
    "isStared": 0,
    "thumbnailURL": "https://www.makeapie.com/ecg-storage/ec_gallery_thumbnail/x1AqMaElMd.png?v=1632365648911",
    "isCustomThumbnail": 0,
    "builtinTags": [
        "category-work",
        "series-gauge",
        "series-pie",
        "tooltip"
    ],
    "customTags": [],
    "updaterUserName": "风***1"
}