{
    "cid": "x2zoRV69W5",
    "authorUid": "obd-o2DyTJD_U-eVitvMztJ5h9dxD7jqFBd",
    "authorUserName": "风***1",
    "title": "双轴横向且末尾呈点状-柱状图",
    "description": "",
    "latestVersion": 1,
    "alwaysLatest": 0,
    "createTime": "2021-09-23T02:35:41.000Z",
    "lastUpdateTime": "2021-09-23T02:35:41.000Z",
    "auth": 2,
    "uid": "obd-o2DyTJD_U-eVitvMztJ5h9dxD7jqFBd",
    "publishedVersion": 0,
    "forkFrom": "-",
    "isSpam": 0,
    "version": 1,
    "parentVersion": -1,
    "echartsVersion": "5.2.1",
    "versionCreateTime": "2021-09-23T02:35:41.000Z",
    "html": "",
    "externalScripts": "",
    "updaterUID": "obd-o2DyTJD_U-eVitvMztJ5h9dxD7jqFBd",
    "theme": "",
    "layout": "",
    "viewCount": 0,
    "userName": "风***1",
    "commentCount": 0,
    "starCount": 5,
    "isStared": 0,
    "thumbnailURL": "https://www.makeapie.com/ecg-storage/ec_gallery_thumbnail/x2zoRV69W5.png?v=1632364541751",
    "isCustomThumbnail": 0,
    "builtinTags": [
        "category-work",
        "dataZoom",
        "grid",
        "series-bar",
        "series-scatter",
        "tooltip"
    ],
    "customTags": [],
    "updaterUserName": "风***1"
}