{
    "cid": "x5t5zh0bul",
    "authorUid": "obd-ojCke82slAZAaW4bdMVE6eyLqTTU3EV",
    "authorUserName": "巽***谭",
    "title": "动环",
    "description": "",
    "latestVersion": 1,
    "alwaysLatest": 0,
    "createTime": "2021-09-23T04:43:11.000Z",
    "lastUpdateTime": "2021-09-23T04:43:11.000Z",
    "auth": 2,
    "uid": "obd-ojCke82slAZAaW4bdMVE6eyLqTTU3EV",
    "publishedVersion": 0,
    "forkFrom": "-",
    "isSpam": 0,
    "version": 1,
    "parentVersion": -1,
    "echartsVersion": "4.9.0",
    "versionCreateTime": "2021-09-23T04:43:11.000Z",
    "html": "",
    "externalScripts": "",
    "updaterUID": "obd-ojCke82slAZAaW4bdMVE6eyLqTTU3EV",
    "theme": "",
    "layout": "",
    "viewCount": 0,
    "userName": "巽***谭",
    "commentCount": 0,
    "starCount": 1,
    "isStared": 0,
    "thumbnailURL": "https://www.makeapie.com/ecg-storage/ec_gallery_thumbnail/x5t5zh0bul.png?v=1632372191417",
    "isCustomThumbnail": 0,
    "builtinTags": [
        "category-work",
        "series-pie"
    ],
    "customTags": [],
    "updaterUserName": "巽***谭"
}