{
    "cid": "xbOLdxc7WN",
    "authorUid": "bd-4013131402",
    "authorUserName": "o***4",
    "title": "ECharts Home Page Rose",
    "description": "",
    "latestVersion": 3,
    "alwaysLatest": 0,
    "createTime": "2021-09-23T02:11:22.000Z",
    "lastUpdateTime": "2021-09-29T09:19:59.000Z",
    "auth": 1,
    "uid": "bd-4013131402",
    "publishedVersion": 0,
    "forkFrom": "-",
    "isSpam": 0,
    "version": 3,
    "parentVersion": 2,
    "echartsVersion": "5.2.1",
    "versionCreateTime": "2021-09-29T09:19:59.000Z",
    "html": "",
    "externalScripts": "",
    "updaterUID": "bd-2215764494",
    "theme": "default",
    "layout": "",
    "viewCount": 0,
    "userName": "o***4",
    "commentCount": 0,
    "starCount": 6,
    "isStared": 0,
    "thumbnailURL": "https://www.makeapie.com/ecg-storage/ec_gallery_thumbnail/xbOLdxc7WN.png?v=1632907199713",
    "isCustomThumbnail": 0,
    "builtinTags": [
        "category-work",
        "series-pie",
        "toolbox"
    ],
    "customTags": [],
    "updaterUserName": "p***g"
}