{
    "cid": "xIIwt5i8MO",
    "authorUid": "obd-oP6AIpqmTdhf1d_mmbFx-zEcp-xsr9l",
    "authorUserName": "范***飞",
    "title": "仪表盘",
    "description": "",
    "latestVersion": 3,
    "alwaysLatest": 0,
    "createTime": "2021-09-23T04:00:32.000Z",
    "lastUpdateTime": "2021-09-23T08:17:20.000Z",
    "auth": 1,
    "uid": "obd-oP6AIpqmTdhf1d_mmbFx-zEcp-xsr9l",
    "publishedVersion": 0,
    "forkFrom": "-",
    "isSpam": 0,
    "version": 3,
    "parentVersion": 2,
    "echartsVersion": "5.2.1",
    "versionCreateTime": "2021-09-23T08:17:20.000Z",
    "html": "",
    "externalScripts": "",
    "updaterUID": "obd-oP6AIpqmTdhf1d_mmbFx-zEcp-xsr9l",
    "theme": "",
    "layout": "",
    "viewCount": 0,
    "userName": "范***飞",
    "commentCount": 0,
    "starCount": 0,
    "isStared": 0,
    "thumbnailURL": "https://www.makeapie.com/ecg-storage/ec_gallery_thumbnail/xIIwt5i8MO.png?v=1632385040856",
    "isCustomThumbnail": 0,
    "builtinTags": [
        "category-work",
        "polar",
        "series-bar",
        "series-gauge",
        "title"
    ],
    "customTags": [],
    "updaterUserName": "范***飞"
}