{
    "cid": "xngn0Z3BUU",
    "authorUid": "obd-oAg1eYO4QuHK-vm2kQGAJCtuxn1907b",
    "authorUserName": "s***9",
    "title": "双轴图1",
    "description": "",
    "latestVersion": 1,
    "alwaysLatest": 0,
    "createTime": "2021-09-23T07:42:20.000Z",
    "lastUpdateTime": "2021-09-23T07:42:20.000Z",
    "auth": 2,
    "uid": "obd-oAg1eYO4QuHK-vm2kQGAJCtuxn1907b",
    "publishedVersion": 0,
    "forkFrom": "-",
    "isSpam": 0,
    "version": 1,
    "parentVersion": -1,
    "echartsVersion": "5.2.1",
    "versionCreateTime": "2021-09-23T07:42:20.000Z",
    "html": "",
    "externalScripts": "",
    "updaterUID": "obd-oAg1eYO4QuHK-vm2kQGAJCtuxn1907b",
    "theme": "",
    "layout": "",
    "viewCount": 0,
    "userName": "s***9",
    "commentCount": 0,
    "starCount": 1,
    "isStared": 0,
    "thumbnailURL": "https://www.makeapie.com/ecg-storage/ec_gallery_thumbnail/xngn0Z3BUU.png?v=1632382940678",
    "isCustomThumbnail": 0,
    "builtinTags": [
        "category-work",
        "dataZoom",
        "grid",
        "legend",
        "series-bar",
        "series-line",
        "tooltip"
    ],
    "customTags": [],
    "updaterUserName": "s***9"
}