{
    "cid": "xpp8mYrlw5",
    "authorUid": "bd-1195210646",
    "authorUserName": "a***o",
    "title": "世界地图配色",
    "description": "",
    "latestVersion": 1,
    "alwaysLatest": 0,
    "createTime": "2021-09-24T02:07:53.000Z",
    "lastUpdateTime": "2021-09-24T02:07:53.000Z",
    "auth": 2,
    "uid": "bd-1195210646",
    "publishedVersion": 0,
    "forkFrom": "-",
    "isSpam": 0,
    "version": 1,
    "parentVersion": -1,
    "echartsVersion": "5.2.1",
    "versionCreateTime": "2021-09-24T02:07:53.000Z",
    "html": "",
    "externalScripts": "/dep/echarts/map/js/world.js,https://cdn.jsdelivr.net/npm/echarts@5/dist/extension/bmap.min.js",
    "updaterUID": "bd-1195210646",
    "theme": "",
    "layout": "",
    "viewCount": 0,
    "userName": "a***o",
    "commentCount": 0,
    "starCount": 0,
    "isStared": 0,
    "thumbnailURL": "https://www.makeapie.com/ecg-storage/ec_gallery_thumbnail/xpp8mYrlw5.png?v=1632449273514",
    "isCustomThumbnail": 0,
    "builtinTags": [
        "category-work",
        "geo",
        "series-effectScatter",
        "visualMap"
    ],
    "customTags": [],
    "updaterUserName": "a***o"
}