{
    "cid": "xzjAg9pQEH",
    "authorUid": "obd-ojCke82slAZAaW4bdMVE6eyLqTTU3EV",
    "authorUserName": "巽***谭",
    "title": "球",
    "description": "",
    "latestVersion": 1,
    "alwaysLatest": 0,
    "createTime": "2021-09-23T03:17:21.000Z",
    "lastUpdateTime": "2021-09-23T03:17:21.000Z",
    "auth": 2,
    "uid": "obd-ojCke82slAZAaW4bdMVE6eyLqTTU3EV",
    "publishedVersion": 0,
    "forkFrom": "-",
    "isSpam": 0,
    "version": 1,
    "parentVersion": -1,
    "echartsVersion": "5.2.1",
    "versionCreateTime": "2021-09-23T03:17:21.000Z",
    "html": "",
    "externalScripts": "https://cdn.jsdelivr.net/npm/echarts-liquidfill@3/dist/echarts-liquidfill.min.js",
    "updaterUID": "obd-ojCke82slAZAaW4bdMVE6eyLqTTU3EV",
    "theme": "",
    "layout": "",
    "viewCount": 0,
    "userName": "巽***谭",
    "commentCount": 0,
    "starCount": 1,
    "isStared": 0,
    "thumbnailURL": "https://www.makeapie.com/ecg-storage/ec_gallery_thumbnail/xzjAg9pQEH.png?v=1632367041275",
    "isCustomThumbnail": 0,
    "builtinTags": [
        "category-work",
        "series-pie",
        "title"
    ],
    "customTags": [],
    "updaterUserName": "巽***谭"
}