{
    "cid": "xB1yaABorZ",
    "authorUid": "bd-1479470496",
    "authorUserName": "shine小依依",
    "title": "2017年电单耗月趋势图",
    "description": "",
    "latestVersion": 9,
    "alwaysLatest": 1,
    "createTime": "2017-07-18T09:02:47.000Z",
    "lastUpdateTime": "2017-07-18T09:02:47.000Z",
    "auth": 2,
    "uid": "bd-1479470496",
    "publishedVersion": 0,
    "forkFrom": "-",
    "isSpam": 0,
    "version": 9,
    "parentVersion": 8,
    "echartsVersion": "3.6.2",
    "versionCreateTime": "2017-07-18T10:08:13.000Z",
    "html": "",
    "externalScripts": "",
    "updaterUID": "bd-1479470496",
    "theme": "dark",
    "layout": "",
    "viewCount": 1414,
    "userName": "shine小依依",
    "commentCount": 0,
    "starCount": 7,
    "isStared": 0,
    "thumbnailURL": "https://www.makeapie.com/ecg-storage/ec_gallery_thumbnail/xB1yaABorZ.png?v=1500372493581",
    "isCustomThumbnail": 0,
    "builtinTags": [
        "category-work",
        "grid",
        "legend",
        "series-bar",
        "series-line",
        "title",
        "toolbox",
        "tooltip"
    ],
    "customTags": [],
    "updaterUserName": "shine小依依"
}