{
    "cid": "xBJPvxthBZ",
    "authorUid": "bd-3056387051",
    "authorUserName": "丶***奶",
    "title": "环形柱状图",
    "description": "环形柱状图",
    "latestVersion": 1,
    "alwaysLatest": 1,
    "createTime": "2017-07-19T06:46:54.000Z",
    "lastUpdateTime": "2017-07-19T06:46:54.000Z",
    "auth": 2,
    "uid": "bd-3056387051",
    "publishedVersion": 0,
    "forkFrom": "-",
    "isSpam": 0,
    "version": 1,
    "parentVersion": -1,
    "echartsVersion": "3.6.2",
    "versionCreateTime": "2017-07-19T06:46:54.000Z",
    "html": "",
    "externalScripts": "",
    "updaterUID": "bd-3056387051",
    "theme": "",
    "layout": "",
    "viewCount": 3795,
    "userName": "丶***奶",
    "commentCount": 0,
    "starCount": 11,
    "isStared": 0,
    "thumbnailURL": "https://www.makeapie.com/ecg-storage/ec_gallery_thumbnail/xBJPvxthBZ.png?v=1500446814991",
    "isCustomThumbnail": 0,
    "builtinTags": [
        "category-work",
        "legend",
        "series-pie"
    ],
    "customTags": [
        "BarChart"
    ],
    "updaterUserName": "丶***奶"
}