{
    "cid": "xBkFjSTpHb",
    "authorUid": "bd-3796128407",
    "authorUserName": "王***响",
    "title": "Flowing colors",
    "description": "",
    "latestVersion": 1,
    "alwaysLatest": 1,
    "createTime": "2017-07-20T05:54:40.000Z",
    "lastUpdateTime": "2017-07-20T05:54:40.000Z",
    "auth": 2,
    "uid": "bd-3796128407",
    "publishedVersion": 0,
    "forkFrom": "-",
    "isSpam": 0,
    "version": 1,
    "parentVersion": -1,
    "echartsVersion": "3.6.2",
    "versionCreateTime": "2017-07-20T05:54:40.000Z",
    "html": "",
    "externalScripts": "",
    "updaterUID": "bd-3796128407",
    "theme": "roma",
    "layout": "",
    "viewCount": 1839,
    "userName": "王***响",
    "commentCount": 0,
    "starCount": 13,
    "isStared": 0,
    "thumbnailURL": "https://www.makeapie.com/ecg-storage/ec_gallery_thumbnail/xBkFjSTpHb.png?v=1500530081044",
    "isCustomThumbnail": 0,
    "builtinTags": [
        "category-work",
        "grid",
        "series-line",
        "tooltip"
    ],
    "customTags": [],
    "updaterUserName": "王***响"
}