{
    "cid": "xH1b40lqHb",
    "authorUid": "bd-4184320689",
    "authorUserName": "仰望天空虚",
    "title": "动态数据",
    "description": "纯属虚构",
    "latestVersion": 1,
    "alwaysLatest": 1,
    "createTime": "2017-07-17T09:06:49.000Z",
    "lastUpdateTime": "2017-07-17T09:06:49.000Z",
    "auth": 1,
    "uid": "bd-4184320689",
    "publishedVersion": 0,
    "forkFrom": "-",
    "isSpam": 0,
    "version": 1,
    "parentVersion": -1,
    "echartsVersion": "3.6.2",
    "versionCreateTime": "2017-07-17T09:06:49.000Z",
    "html": "",
    "externalScripts": "",
    "updaterUID": "bd-4184320689",
    "theme": "",
    "layout": "",
    "viewCount": 529,
    "userName": "仰望天空虚",
    "commentCount": 0,
    "starCount": 1,
    "isStared": 0,
    "thumbnailURL": "https://www.makeapie.com/ecg-storage/ec_gallery_thumbnail/xH1b40lqHb.png?v=1500282409080",
    "isCustomThumbnail": 0,
    "builtinTags": [
        "category-work",
        "dataZoom",
        "grid",
        "legend",
        "series-bar",
        "title",
        "toolbox",
        "tooltip"
    ],
    "customTags": [],
    "updaterUserName": "仰望天空虚"
}