{
    "cid": "xH1kmqYkUb",
    "authorUid": "bd-980391124",
    "authorUserName": "138*****750",
    "title": "多维条形图",
    "description": "From ExcelHome",
    "latestVersion": 1,
    "alwaysLatest": 1,
    "createTime": "2017-07-21T14:05:10.000Z",
    "lastUpdateTime": "2017-07-21T14:05:10.000Z",
    "auth": 2,
    "uid": "bd-980391124",
    "publishedVersion": 0,
    "forkFrom": "-",
    "isSpam": 0,
    "version": 1,
    "parentVersion": -1,
    "echartsVersion": "3.6.2",
    "versionCreateTime": "2017-07-21T14:05:10.000Z",
    "html": "",
    "externalScripts": "",
    "updaterUID": "bd-980391124",
    "theme": "macarons",
    "layout": "",
    "viewCount": 2316,
    "userName": "138*****750",
    "commentCount": 0,
    "starCount": 17,
    "isStared": 0,
    "thumbnailURL": "https://www.makeapie.com/ecg-storage/ec_gallery_thumbnail/xH1kmqYkUb.png?v=1500645910722",
    "isCustomThumbnail": 0,
    "builtinTags": [
        "category-work",
        "grid",
        "legend",
        "series-bar",
        "title",
        "toolbox",
        "tooltip"
    ],
    "customTags": [],
    "updaterUserName": "138*****750"
}