{
    "cid": "xHJ8IMriBZ",
    "authorUid": "bd-1025214267",
    "authorUserName": "d***e",
    "title": "极坐标Polar，饼图Pie",
    "description": "使用polar与custom组件完成此图。",
    "latestVersion": 3,
    "alwaysLatest": 1,
    "createTime": "2017-07-18T08:09:49.000Z",
    "lastUpdateTime": "2017-07-18T08:09:49.000Z",
    "auth": 2,
    "uid": "bd-1025214267",
    "publishedVersion": 0,
    "forkFrom": "-",
    "isSpam": 0,
    "version": 3,
    "parentVersion": 2,
    "echartsVersion": "3.7.1",
    "versionCreateTime": "2017-09-25T08:31:57.000Z",
    "html": "",
    "externalScripts": "",
    "updaterUID": "bd-1025214267",
    "theme": "",
    "layout": "",
    "viewCount": 2567,
    "userName": "d***e",
    "commentCount": 0,
    "starCount": 12,
    "isStared": 0,
    "thumbnailURL": "https://www.makeapie.com/ecg-storage/ec_gallery_thumbnail/xHJ8IMriBZ.png?v=1506328317766",
    "isCustomThumbnail": 0,
    "builtinTags": [
        "category-work",
        "polar",
        "series-custom",
        "series-pie",
        "tooltip"
    ],
    "customTags": [],
    "updaterUserName": "d***e"
}