{
    "cid": "xHJ9zL5prZ",
    "authorUid": "bd-167860219",
    "authorUserName": "n***1",
    "title": "17同济交通夏令营录取情况",
    "description": "将graph和柱状图联动",
    "latestVersion": 4,
    "alwaysLatest": 1,
    "createTime": "2017-07-20T02:31:46.000Z",
    "lastUpdateTime": "2017-07-20T02:31:46.000Z",
    "auth": 2,
    "uid": "bd-167860219",
    "publishedVersion": 0,
    "forkFrom": "-",
    "isSpam": 0,
    "version": 4,
    "parentVersion": 3,
    "echartsVersion": "3.6.2",
    "versionCreateTime": "2017-07-20T06:05:34.000Z",
    "html": "",
    "externalScripts": "",
    "updaterUID": "bd-167860219",
    "theme": "",
    "layout": "",
    "viewCount": 4768,
    "userName": "n***1",
    "commentCount": 4,
    "starCount": 15,
    "isStared": 0,
    "thumbnailURL": "https://www.makeapie.com/ecg-storage/ec_gallery_thumbnail/xHJ9zL5prZ.png?v=1500517906600",
    "isCustomThumbnail": 1,
    "builtinTags": [
        "category-work",
        "grid",
        "legend",
        "series-bar",
        "series-graph",
        "title",
        "toolbox",
        "tooltip"
    ],
    "customTags": [],
    "updaterUserName": "n***1"
}