{
    "cid": "xHkhyiVyIW",
    "authorUid": "bd-3796128407",
    "authorUserName": "王***响",
    "title": "饼图",
    "description": "Road、Field、Brideg",
    "latestVersion": 1,
    "alwaysLatest": 1,
    "createTime": "2017-07-21T08:27:15.000Z",
    "lastUpdateTime": "2020-01-09T02:40:32.000Z",
    "auth": 2,
    "uid": "bd-3796128407",
    "publishedVersion": 0,
    "forkFrom": "-",
    "isSpam": 0,
    "version": 1,
    "parentVersion": -1,
    "echartsVersion": "3.6.2",
    "versionCreateTime": "2017-07-21T08:27:15.000Z",
    "html": "",
    "externalScripts": "",
    "updaterUID": "bd-3796128407",
    "theme": "default",
    "layout": "{\"name\":\"1xN\",\"width\":[],\"height\":[]}",
    "viewCount": 2949,
    "userName": "王***响",
    "commentCount": 2,
    "starCount": 8,
    "isStared": 0,
    "thumbnailURL": "https://www.makeapie.com/ecg-storage/ec_gallery_thumbnail/xHkhyiVyIW.png?v=1578537632759",
    "isCustomThumbnail": 1,
    "builtinTags": [
        "category-work",
        "series-pie",
        "title"
    ],
    "customTags": [],
    "updaterUserName": "王***响"
}