{
    "cid": "xHytUpchHZ",
    "authorUid": "bd-554080228",
    "authorUserName": "t***0",
    "title": "豆瓣近期活动",
    "description": "豆瓣近期活动",
    "latestVersion": 1,
    "alwaysLatest": 1,
    "createTime": "2017-07-19T08:50:24.000Z",
    "lastUpdateTime": "2017-07-19T08:50:24.000Z",
    "auth": 2,
    "uid": "bd-554080228",
    "publishedVersion": 0,
    "forkFrom": "-",
    "isSpam": 0,
    "version": 1,
    "parentVersion": -1,
    "echartsVersion": "3.6.2",
    "versionCreateTime": "2017-07-19T08:50:24.000Z",
    "html": "",
    "externalScripts": "/dep/echarts/map/js/china.js",
    "updaterUID": "bd-554080228",
    "theme": "",
    "layout": "",
    "viewCount": 610,
    "userName": "t***0",
    "commentCount": 0,
    "starCount": 1,
    "isStared": 0,
    "thumbnailURL": "https://www.makeapie.com/ecg-storage/ec_gallery_thumbnail/xHytUpchHZ.png?v=1500454224946",
    "isCustomThumbnail": 0,
    "builtinTags": [
        "category-work",
        "geo",
        "series-scatter",
        "title",
        "tooltip"
    ],
    "customTags": [],
    "updaterUserName": "t***0"
}