{
    "cid": "xHyx7slJL-",
    "authorUid": "bd-573824677",
    "authorUserName": "青山极品小白",
    "title": "测试",
    "description": "",
    "latestVersion": 8,
    "alwaysLatest": 1,
    "createTime": "2017-07-21T03:55:03.000Z",
    "lastUpdateTime": "2017-07-21T03:55:03.000Z",
    "auth": 2,
    "uid": "bd-573824677",
    "publishedVersion": 0,
    "forkFrom": "-",
    "isSpam": 0,
    "version": 8,
    "parentVersion": 7,
    "echartsVersion": "3.6.2",
    "versionCreateTime": "2017-07-21T05:38:23.000Z",
    "html": "",
    "externalScripts": "",
    "updaterUID": "bd-573824677",
    "theme": "",
    "layout": "",
    "viewCount": 581,
    "userName": "青山极品小白",
    "commentCount": 0,
    "starCount": 2,
    "isStared": 0,
    "thumbnailURL": "https://www.makeapie.com/ecg-storage/ec_gallery_thumbnail/xHyx7slJL-.png?v=1500615503595",
    "isCustomThumbnail": 0,
    "builtinTags": [
        "category-work",
        "series-graph",
        "title",
        "tooltip"
    ],
    "customTags": [],
    "updaterUserName": "青山极品小白"
}