{
    "cid": "xr1NpLZCB-",
    "authorUid": "bd-2787351044",
    "authorUserName": "晴子雪",
    "title": "Awesome Chart",
    "description": "",
    "latestVersion": 1,
    "alwaysLatest": 1,
    "createTime": "2017-07-20T10:32:27.000Z",
    "lastUpdateTime": "2017-07-20T10:32:27.000Z",
    "auth": 2,
    "uid": "bd-2787351044",
    "publishedVersion": 0,
    "forkFrom": "-",
    "isSpam": 0,
    "version": 1,
    "parentVersion": -1,
    "echartsVersion": "3.6.2",
    "versionCreateTime": "2017-07-20T10:32:27.000Z",
    "html": "",
    "externalScripts": "",
    "updaterUID": "bd-2787351044",
    "theme": "",
    "layout": "",
    "viewCount": 61,
    "userName": "晴子雪",
    "commentCount": 0,
    "starCount": 0,
    "isStared": 0,
    "thumbnailURL": "https://www.makeapie.com/ecg-storage/ec_gallery_thumbnail/xr1NpLZCB-.png?v=1500546748047",
    "isCustomThumbnail": 0,
    "builtinTags": [
        "category-work",
        "grid",
        "series-line",
        "title"
    ],
    "customTags": [],
    "updaterUserName": "晴子雪"
}