{
    "cid": "xrJYfbZRH-",
    "authorUid": "bd-2787351044",
    "authorUserName": "晴子雪",
    "title": "Echarts Color引申用法",
    "description": "",
    "latestVersion": 4,
    "alwaysLatest": 1,
    "createTime": "2017-07-20T10:08:16.000Z",
    "lastUpdateTime": "2017-07-20T10:08:16.000Z",
    "auth": 2,
    "uid": "bd-2787351044",
    "publishedVersion": 0,
    "forkFrom": "-",
    "isSpam": 0,
    "version": 4,
    "parentVersion": 3,
    "echartsVersion": "3.6.2",
    "versionCreateTime": "2017-07-21T06:16:13.000Z",
    "html": "",
    "externalScripts": "",
    "updaterUID": "bd-2787351044",
    "theme": "",
    "layout": "",
    "viewCount": 305,
    "userName": "晴子雪",
    "commentCount": 0,
    "starCount": 0,
    "isStared": 0,
    "thumbnailURL": "https://www.makeapie.com/ecg-storage/ec_gallery_thumbnail/xrJYfbZRH-.png?v=1500617773106",
    "isCustomThumbnail": 0,
    "builtinTags": [
        "category-work",
        "dataZoom",
        "grid",
        "series-bar",
        "title",
        "toolbox"
    ],
    "customTags": [],
    "updaterUserName": "晴子雪"
}