{
    "cid": "xryATPBQ8-",
    "authorUid": "bd-2119542016",
    "authorUserName": "北港不暖i",
    "title": "+-+",
    "description": "",
    "latestVersion": 7,
    "alwaysLatest": 1,
    "createTime": "2017-07-24T10:11:18.000Z",
    "lastUpdateTime": "2017-07-24T10:11:18.000Z",
    "auth": 2,
    "uid": "bd-2119542016",
    "publishedVersion": 0,
    "forkFrom": "-",
    "isSpam": 0,
    "version": 7,
    "parentVersion": 6,
    "echartsVersion": "3.6.2",
    "versionCreateTime": "2017-07-25T09:20:12.000Z",
    "html": "",
    "externalScripts": "",
    "updaterUID": "bd-2119542016",
    "theme": "dark",
    "layout": "",
    "viewCount": 1732,
    "userName": "北港不暖i",
    "commentCount": 0,
    "starCount": 5,
    "isStared": 0,
    "thumbnailURL": "https://www.makeapie.com/ecg-storage/ec_gallery_thumbnail/xryATPBQ8-.png?v=1500974412874",
    "isCustomThumbnail": 0,
    "builtinTags": [
        "category-work",
        "grid",
        "legend",
        "series-bar",
        "series-map",
        "series-pie",
        "title",
        "tooltip",
        "visualMap"
    ],
    "customTags": [],
    "updaterUserName": "北港不暖i"
}