{
    "cid": "xSkVnRcpBb",
    "authorUid": "bd-2437651433",
    "authorUserName": "zch872",
    "title": "九江市地图",
    "description": "创建地图（以九江为例），json官方下载",
    "latestVersion": 3,
    "alwaysLatest": 1,
    "createTime": "2017-07-20T03:08:28.000Z",
    "lastUpdateTime": "2017-07-20T03:08:28.000Z",
    "auth": 2,
    "uid": "bd-2437651433",
    "publishedVersion": 0,
    "forkFrom": "-",
    "isSpam": 0,
    "version": 3,
    "parentVersion": 2,
    "echartsVersion": "3.6.2",
    "versionCreateTime": "2017-07-20T03:16:01.000Z",
    "html": "",
    "externalScripts": "",
    "updaterUID": "bd-2437651433",
    "theme": "",
    "layout": "",
    "viewCount": 1157,
    "userName": "zch872",
    "commentCount": 2,
    "starCount": 3,
    "isStared": 0,
    "thumbnailURL": "https://www.makeapie.com/ecg-storage/ec_gallery_thumbnail/xSkVnRcpBb.png?v=1500520561850",
    "isCustomThumbnail": 0,
    "builtinTags": [
        "category-work",
        "series-map",
        "title",
        "tooltip"
    ],
    "customTags": [
        "九江"
    ],
    "updaterUserName": "zch872"
}