{
    "cid": "xSy0sf8hBW",
    "authorUid": "bd-1731291088",
    "authorUserName": "走***a",
    "title": "树图 --treemap",
    "description": "利用树图建立结构关系--treemap\n",
    "latestVersion": 19,
    "alwaysLatest": 1,
    "createTime": "2017-07-19T03:31:49.000Z",
    "lastUpdateTime": "2017-07-19T03:31:49.000Z",
    "auth": 2,
    "uid": "bd-1731291088",
    "publishedVersion": 0,
    "forkFrom": "-",
    "isSpam": 0,
    "version": 19,
    "parentVersion": 18,
    "echartsVersion": "3.6.2",
    "versionCreateTime": "2017-07-19T08:42:52.000Z",
    "html": "",
    "externalScripts": "",
    "updaterUID": "bd-1731291088",
    "theme": "",
    "layout": "",
    "viewCount": 1401,
    "userName": "走***a",
    "commentCount": 0,
    "starCount": 2,
    "isStared": 0,
    "thumbnailURL": "https://www.makeapie.com/ecg-storage/ec_gallery_thumbnail/xSy0sf8hBW.png?v=1500453772401",
    "isCustomThumbnail": 0,
    "builtinTags": [
        "category-work",
        "series-treemap",
        "title",
        "tooltip"
    ],
    "customTags": [],
    "updaterUserName": "走***a"
}