{
    "cid": "xSyMEZm7Ib",
    "authorUid": "bd-3796128407",
    "authorUserName": "王***响",
    "title": "Some Data of Henan",
    "description": "The data is purely fictitious",
    "latestVersion": 1,
    "alwaysLatest": 1,
    "createTime": "2017-07-24T07:26:33.000Z",
    "lastUpdateTime": "2020-01-09T03:24:19.000Z",
    "auth": 2,
    "uid": "bd-3796128407",
    "publishedVersion": 0,
    "forkFrom": "-",
    "isSpam": 0,
    "version": 1,
    "parentVersion": -1,
    "echartsVersion": "3.6.2",
    "versionCreateTime": "2017-07-24T07:26:33.000Z",
    "html": "",
    "externalScripts": "/dep/echarts/map/js/china.js",
    "updaterUID": "bd-3796128407",
    "theme": "default",
    "layout": "",
    "viewCount": 542,
    "userName": "王***响",
    "commentCount": 0,
    "starCount": 0,
    "isStared": 0,
    "thumbnailURL": "https://www.makeapie.com/ecg-storage/ec_gallery_thumbnail/xSyMEZm7Ib.png?v=1578540259484",
    "isCustomThumbnail": 0,
    "builtinTags": [
        "category-work",
        "series-map",
        "title",
        "visualMap"
    ],
    "customTags": [],
    "updaterUserName": "王***响"
}