{
    "cid": "xBJiorory-",
    "authorUid": "bd-2248422495",
    "authorUserName": "云端有天堂",
    "title": "xx",
    "description": "",
    "latestVersion": 1,
    "alwaysLatest": 1,
    "createTime": "2017-05-02T06:22:27.000Z",
    "lastUpdateTime": "2017-05-02T06:22:27.000Z",
    "auth": 2,
    "uid": "bd-2248422495",
    "publishedVersion": 0,
    "forkFrom": "-",
    "isSpam": 0,
    "version": 1,
    "parentVersion": -1,
    "echartsVersion": "3.5.4",
    "versionCreateTime": "2017-05-02T06:22:27.000Z",
    "html": "",
    "externalScripts": "",
    "updaterUID": "bd-2248422495",
    "theme": "",
    "layout": "",
    "viewCount": 1756,
    "userName": "云端有天堂",
    "commentCount": 0,
    "starCount": 4,
    "isStared": 0,
    "thumbnailURL": "https://www.makeapie.com/ecg-storage/ec_gallery_thumbnail/xBJiorory-.png?v=1493706147685",
    "isCustomThumbnail": 0,
    "builtinTags": [
        "category-work",
        "grid",
        "legend",
        "series-line",
        "toolbox",
        "tooltip"
    ],
    "customTags": [],
    "updaterUserName": "云端有天堂"
}