{
    "cid": "xByS62FN1b",
    "authorUid": "bd-2117209124",
    "authorUserName": "陈墨_vvvvv5",
    "title": "2013/9-2017/5消费",
    "description": "华中师范大学某学生消费情况表",
    "latestVersion": 1,
    "alwaysLatest": 1,
    "createTime": "2017-05-01T10:23:56.000Z",
    "lastUpdateTime": "2017-05-01T10:24:25.000Z",
    "auth": 2,
    "uid": "bd-2117209124",
    "publishedVersion": 0,
    "forkFrom": "-",
    "isSpam": 0,
    "version": 1,
    "parentVersion": -1,
    "echartsVersion": "3.5.4",
    "versionCreateTime": "2017-05-01T10:23:56.000Z",
    "html": "",
    "externalScripts": "",
    "updaterUID": "bd-2117209124",
    "theme": "vintage",
    "layout": "",
    "viewCount": 530,
    "userName": "陈墨_vvvvv5",
    "commentCount": 0,
    "starCount": 2,
    "isStared": 0,
    "thumbnailURL": "https://www.makeapie.com/ecg-storage/ec_gallery_thumbnail/xByS62FN1b.png?v=1493634237128",
    "isCustomThumbnail": 0,
    "builtinTags": [],
    "customTags": [],
    "updaterUserName": "陈墨_vvvvv5"
}