{
    "cid": "xH16zlkIkW",
    "authorUid": "bd-1813650783",
    "authorUserName": "y***8",
    "title": "两个图形",
    "description": "",
    "latestVersion": 5,
    "alwaysLatest": 1,
    "createTime": "2017-05-02T10:31:49.000Z",
    "lastUpdateTime": "2017-05-02T10:31:49.000Z",
    "auth": 1,
    "uid": "bd-1813650783",
    "publishedVersion": 0,
    "forkFrom": "-",
    "isSpam": 0,
    "version": 5,
    "parentVersion": 4,
    "echartsVersion": "3.5.4",
    "versionCreateTime": "2017-05-04T09:15:02.000Z",
    "html": "",
    "externalScripts": "",
    "updaterUID": "bd-1813650783",
    "theme": "",
    "layout": "",
    "viewCount": 2548,
    "userName": "y***8",
    "commentCount": 0,
    "starCount": 5,
    "isStared": 0,
    "thumbnailURL": "https://www.makeapie.com/ecg-storage/ec_gallery_thumbnail/xH16zlkIkW.png?v=1493889302767",
    "isCustomThumbnail": 0,
    "builtinTags": [
        "category-work",
        "grid",
        "series-pie",
        "title",
        "tooltip"
    ],
    "customTags": [],
    "updaterUserName": "y***8"
}