{
    "cid": "xH1wW3oVkZ",
    "authorUid": "bd-990057626",
    "authorUserName": "r***o",
    "title": "参会人员省份分布",
    "description": "",
    "latestVersion": 1,
    "alwaysLatest": 1,
    "createTime": "2017-05-01T12:37:18.000Z",
    "lastUpdateTime": "2017-05-01T12:37:18.000Z",
    "auth": 2,
    "uid": "bd-990057626",
    "publishedVersion": 0,
    "forkFrom": "-",
    "isSpam": 0,
    "version": 1,
    "parentVersion": -1,
    "echartsVersion": "3.5.4",
    "versionCreateTime": "2017-05-01T12:37:18.000Z",
    "html": "",
    "externalScripts": "",
    "updaterUID": "bd-990057626",
    "theme": "",
    "layout": "",
    "viewCount": 578,
    "userName": "r***o",
    "commentCount": 2,
    "starCount": 0,
    "isStared": 0,
    "thumbnailURL": "https://www.makeapie.com/ecg-storage/ec_gallery_thumbnail/xH1wW3oVkZ.png?v=1493642238846",
    "isCustomThumbnail": 0,
    "builtinTags": [
        "category-work",
        "legend",
        "series-map",
        "title",
        "toolbox",
        "tooltip",
        "visualMap"
    ],
    "customTags": [],
    "updaterUserName": "r***o"
}