{
    "cid": "xHJj5wZvyW",
    "authorUid": "bd-741667023",
    "authorUserName": "爱***月",
    "title": "多个背景颜色图",
    "description": "多个背景颜色图 可显示不同级别",
    "latestVersion": 2,
    "alwaysLatest": 1,
    "createTime": "2017-05-03T07:32:35.000Z",
    "lastUpdateTime": "2017-05-03T07:32:35.000Z",
    "auth": 2,
    "uid": "bd-741667023",
    "publishedVersion": 0,
    "forkFrom": "-",
    "isSpam": 0,
    "version": 2,
    "parentVersion": 1,
    "echartsVersion": "3.6.2",
    "versionCreateTime": "2017-06-27T06:33:10.000Z",
    "html": "",
    "externalScripts": "",
    "updaterUID": "bd-741667023",
    "theme": "",
    "layout": "",
    "viewCount": 12755,
    "userName": "爱***月",
    "commentCount": 6,
    "starCount": 27,
    "isStared": 0,
    "thumbnailURL": "https://www.makeapie.com/ecg-storage/ec_gallery_thumbnail/xHJj5wZvyW.png?v=1498545190419",
    "isCustomThumbnail": 0,
    "builtinTags": [
        "category-work",
        "dataZoom",
        "grid",
        "legend",
        "markArea",
        "markPoint",
        "series-line",
        "title",
        "toolbox",
        "tooltip"
    ],
    "customTags": [],
    "updaterUserName": "爱***月"
}