{
    "cid": "xHJUQBfL1Z",
    "authorUid": "bd-3207026894",
    "authorUserName": "1396953984",
    "title": "电影类型发展趋势",
    "description": "",
    "latestVersion": 1,
    "alwaysLatest": 1,
    "createTime": "2017-05-02T14:18:05.000Z",
    "lastUpdateTime": "2017-05-02T14:18:05.000Z",
    "auth": 2,
    "uid": "bd-3207026894",
    "publishedVersion": 0,
    "forkFrom": "-",
    "isSpam": 0,
    "version": 1,
    "parentVersion": -1,
    "echartsVersion": "3.5.4",
    "versionCreateTime": "2017-05-02T14:18:05.000Z",
    "html": "",
    "externalScripts": "",
    "updaterUID": "bd-3207026894",
    "theme": "",
    "layout": "",
    "viewCount": 209,
    "userName": "1396953984",
    "commentCount": 0,
    "starCount": 0,
    "isStared": 0,
    "thumbnailURL": "https://www.makeapie.com/ecg-storage/ec_gallery_thumbnail/xHJUQBfL1Z.png?v=1493734686104",
    "isCustomThumbnail": 0,
    "builtinTags": [
        "category-work",
        "grid",
        "legend",
        "series-line",
        "toolbox",
        "tooltip"
    ],
    "customTags": [],
    "updaterUserName": "1396953984"
}