{
    "cid": "xr14XBdVJW",
    "authorUid": "bd-2117209124",
    "authorUserName": "陈墨_vvvvv5",
    "title": "充值记录",
    "description": "一卡通充值记录",
    "latestVersion": 1,
    "alwaysLatest": 1,
    "createTime": "2017-05-01T08:43:08.000Z",
    "lastUpdateTime": "2017-05-01T10:26:02.000Z",
    "auth": 2,
    "uid": "bd-2117209124",
    "publishedVersion": 0,
    "forkFrom": "-",
    "isSpam": 0,
    "version": 1,
    "parentVersion": -1,
    "echartsVersion": "3.5.4",
    "versionCreateTime": "2017-05-01T08:43:08.000Z",
    "html": "",
    "externalScripts": "",
    "updaterUID": "bd-2117209124",
    "theme": "macarons",
    "layout": "",
    "viewCount": 136,
    "userName": "陈墨_vvvvv5",
    "commentCount": 0,
    "starCount": 1,
    "isStared": 0,
    "thumbnailURL": "https://www.makeapie.com/ecg-storage/ec_gallery_thumbnail/xr14XBdVJW.png?v=1493628188669",
    "isCustomThumbnail": 0,
    "builtinTags": [],
    "customTags": [],
    "updaterUserName": "陈墨_vvvvv5"
}