{
    "cid": "xr1PjvWDyb",
    "authorUid": "bd-537216515",
    "authorUserName": "scwode007",
    "title": "",
    "description": "",
    "latestVersion": 1,
    "alwaysLatest": 1,
    "createTime": "2017-05-03T07:32:47.000Z",
    "lastUpdateTime": "2017-05-03T07:32:47.000Z",
    "auth": 2,
    "uid": "bd-537216515",
    "publishedVersion": 0,
    "forkFrom": "-",
    "isSpam": 0,
    "version": 1,
    "parentVersion": -1,
    "echartsVersion": "3.5.4",
    "versionCreateTime": "2017-05-03T07:32:47.000Z",
    "html": "",
    "externalScripts": "",
    "updaterUID": "bd-537216515",
    "theme": "",
    "layout": "",
    "viewCount": 728,
    "userName": "scwode007",
    "commentCount": 0,
    "starCount": 0,
    "isStared": 0,
    "thumbnailURL": "https://www.makeapie.com/ecg-storage/ec_gallery_thumbnail/xr1PjvWDyb.png?v=1493796767770",
    "isCustomThumbnail": 0,
    "builtinTags": [
        "category-work",
        "grid",
        "series-heatmap",
        "tooltip",
        "visualMap"
    ],
    "customTags": [],
    "updaterUserName": "scwode007"
}