{
    "cid": "xr1YcUXl1b",
    "authorUid": "bd-3980429879",
    "authorUserName": "5***我",
    "title": "电影评分折线图",
    "description": "",
    "latestVersion": 5,
    "alwaysLatest": 1,
    "createTime": "2017-04-28T02:18:57.000Z",
    "lastUpdateTime": "2017-04-28T02:18:57.000Z",
    "auth": 1,
    "uid": "bd-3980429879",
    "publishedVersion": 0,
    "forkFrom": "-",
    "isSpam": 0,
    "version": 5,
    "parentVersion": 1,
    "echartsVersion": "3.8.0",
    "versionCreateTime": "2017-12-26T07:35:45.000Z",
    "html": "",
    "externalScripts": "",
    "updaterUID": "bd-3980429879",
    "theme": "",
    "layout": "",
    "viewCount": 808,
    "userName": "5***我",
    "commentCount": 0,
    "starCount": 4,
    "isStared": 0,
    "thumbnailURL": "https://www.makeapie.com/ecg-storage/ec_gallery_thumbnail/xr1YcUXl1b.png?v=1514273745748",
    "isCustomThumbnail": 0,
    "builtinTags": [
        "category-work",
        "grid",
        "legend",
        "series-line",
        "tooltip"
    ],
    "customTags": [],
    "updaterUserName": "5***我"
}