{
    "cid": "xrJmhm-Lkb",
    "authorUid": "bd-2452479794",
    "authorUserName": "凌风111234",
    "title": "洲界图",
    "description": "",
    "latestVersion": 4,
    "alwaysLatest": 1,
    "createTime": "2017-05-02T13:03:38.000Z",
    "lastUpdateTime": "2017-05-02T13:03:38.000Z",
    "auth": 2,
    "uid": "bd-2452479794",
    "publishedVersion": 0,
    "forkFrom": "-",
    "isSpam": 0,
    "version": 4,
    "parentVersion": 3,
    "echartsVersion": "3.5.4",
    "versionCreateTime": "2017-05-02T13:17:58.000Z",
    "html": "",
    "externalScripts": "",
    "updaterUID": "bd-2452479794",
    "theme": "",
    "layout": "",
    "viewCount": 206,
    "userName": "凌风111234",
    "commentCount": 0,
    "starCount": 0,
    "isStared": 0,
    "thumbnailURL": "https://www.makeapie.com/ecg-storage/ec_gallery_thumbnail/xrJmhm-Lkb.png?v=1493731078948",
    "isCustomThumbnail": 0,
    "builtinTags": [
        "category-work",
        "geo",
        "series-map",
        "tooltip"
    ],
    "customTags": [],
    "updaterUserName": "凌风111234"
}