{
    "cid": "xrkrAIOEk-",
    "authorUid": "bd-2117209124",
    "authorUserName": "陈墨_vvvvv5",
    "title": "早餐时间统计",
    "description": "早餐时间统计",
    "latestVersion": 1,
    "alwaysLatest": 1,
    "createTime": "2017-05-01T08:50:21.000Z",
    "lastUpdateTime": "2017-05-01T08:50:21.000Z",
    "auth": 2,
    "uid": "bd-2117209124",
    "publishedVersion": 0,
    "forkFrom": "-",
    "isSpam": 0,
    "version": 1,
    "parentVersion": -1,
    "echartsVersion": "3.5.4",
    "versionCreateTime": "2017-05-01T08:50:21.000Z",
    "html": "",
    "externalScripts": "",
    "updaterUID": "bd-2117209124",
    "theme": "macarons",
    "layout": "",
    "viewCount": 198,
    "userName": "陈墨_vvvvv5",
    "commentCount": 0,
    "starCount": 1,
    "isStared": 0,
    "thumbnailURL": "https://www.makeapie.com/ecg-storage/ec_gallery_thumbnail/xrkrAIOEk-.png?v=1493628621458",
    "isCustomThumbnail": 0,
    "builtinTags": [
        "category-work",
        "grid",
        "legend",
        "series-bar",
        "title",
        "tooltip"
    ],
    "customTags": [],
    "updaterUserName": "陈墨_vvvvv5"
}