{
    "cid": "xSJ7rQYXJ-",
    "authorUid": "bd-3123479846",
    "authorUserName": "御风上阳",
    "title": "GlobalLand30地表覆盖数据",
    "description": "",
    "latestVersion": 1,
    "alwaysLatest": 1,
    "createTime": "2017-04-30T15:31:06.000Z",
    "lastUpdateTime": "2017-04-30T15:31:06.000Z",
    "auth": 2,
    "uid": "bd-3123479846",
    "publishedVersion": 0,
    "forkFrom": "-",
    "isSpam": 0,
    "version": 1,
    "parentVersion": -1,
    "echartsVersion": "3.5.4",
    "versionCreateTime": "2017-04-30T15:31:06.000Z",
    "html": "",
    "externalScripts": "https://rawgit.com/ecomfe/echarts-gl/master/dist/echarts-gl.min.js",
    "updaterUID": "bd-3123479846",
    "theme": "",
    "layout": "",
    "viewCount": 146,
    "userName": "御风上阳",
    "commentCount": 0,
    "starCount": 1,
    "isStared": 0,
    "thumbnailURL": "https://www.makeapie.com/ecg-storage/ec_gallery_thumbnail/xSJ7rQYXJ-.png?v=1493566267092",
    "isCustomThumbnail": 0,
    "builtinTags": [
        "category-work",
        "globe"
    ],
    "customTags": [],
    "updaterUserName": "御风上阳"
}