{
    "cid": "xSJvBwYVy-",
    "authorUid": "bd-2117209124",
    "authorUserName": "陈墨_vvvvv5",
    "title": "食物统计(由于数据繁琐导致没有统计完全)",
    "description": "在食堂的各个窗口消费记录",
    "latestVersion": 1,
    "alwaysLatest": 1,
    "createTime": "2017-05-01T10:00:30.000Z",
    "lastUpdateTime": "2017-05-01T10:00:30.000Z",
    "auth": 2,
    "uid": "bd-2117209124",
    "publishedVersion": 0,
    "forkFrom": "-",
    "isSpam": 0,
    "version": 1,
    "parentVersion": -1,
    "echartsVersion": "3.5.4",
    "versionCreateTime": "2017-05-01T10:00:30.000Z",
    "html": "",
    "externalScripts": "",
    "updaterUID": "bd-2117209124",
    "theme": "",
    "layout": "",
    "viewCount": 98,
    "userName": "陈墨_vvvvv5",
    "commentCount": 0,
    "starCount": 0,
    "isStared": 0,
    "thumbnailURL": "https://www.makeapie.com/ecg-storage/ec_gallery_thumbnail/xSJvBwYVy-.png?v=1493632830881",
    "isCustomThumbnail": 0,
    "builtinTags": [
        "category-work",
        "grid",
        "legend",
        "series-bar",
        "title",
        "tooltip"
    ],
    "customTags": [],
    "updaterUserName": "陈墨_vvvvv5"
}