{
    "cid": "xSJyPYaU1Z",
    "authorUid": "bd-2433218629",
    "authorUserName": "hill0731",
    "title": "智慧和平-指标图谱-行政执法",
    "description": "",
    "latestVersion": 2,
    "alwaysLatest": 1,
    "createTime": "2017-05-03T03:07:03.000Z",
    "lastUpdateTime": "2017-05-03T03:07:03.000Z",
    "auth": 2,
    "uid": "bd-2433218629",
    "publishedVersion": 0,
    "forkFrom": "-",
    "isSpam": 0,
    "version": 2,
    "parentVersion": 1,
    "echartsVersion": "3.5.4",
    "versionCreateTime": "2017-05-03T16:31:02.000Z",
    "html": "",
    "externalScripts": "",
    "updaterUID": "bd-2433218629",
    "theme": "dark",
    "layout": "",
    "viewCount": 579,
    "userName": "hill0731",
    "commentCount": 0,
    "starCount": 3,
    "isStared": 0,
    "thumbnailURL": "https://www.makeapie.com/ecg-storage/ec_gallery_thumbnail/xSJyPYaU1Z.png?v=1493829062504",
    "isCustomThumbnail": 0,
    "builtinTags": [
        "category-work",
        "series-pie",
        "title",
        "tooltip"
    ],
    "customTags": [],
    "updaterUserName": "hill0731"
}