{
    "cid": "xSkQqWlwkb",
    "authorUid": "bd-4011331095",
    "authorUserName": "骚的无奈",
    "title": "电池电量单柱图",
    "description": "",
    "latestVersion": 2,
    "alwaysLatest": 1,
    "createTime": "2017-05-03T05:58:35.000Z",
    "lastUpdateTime": "2017-05-03T05:58:35.000Z",
    "auth": 2,
    "uid": "bd-4011331095",
    "publishedVersion": 0,
    "forkFrom": "-",
    "isSpam": 0,
    "version": 2,
    "parentVersion": 1,
    "echartsVersion": "3.5.4",
    "versionCreateTime": "2017-05-03T05:59:35.000Z",
    "html": "",
    "externalScripts": "",
    "updaterUID": "bd-4011331095",
    "theme": "",
    "layout": "",
    "viewCount": 1621,
    "userName": "骚的无奈",
    "commentCount": 1,
    "starCount": 10,
    "isStared": 0,
    "thumbnailURL": "https://www.makeapie.com/ecg-storage/ec_gallery_thumbnail/xSkQqWlwkb.png?v=1493791115608",
    "isCustomThumbnail": 1,
    "builtinTags": [
        "category-work",
        "grid",
        "legend",
        "series-bar",
        "tooltip"
    ],
    "customTags": [
        "bar",
        "电量"
    ],
    "updaterUserName": "骚的无奈"
}