{
    "cid": "xSyDOq0r1W",
    "authorUid": "bd-3658041824",
    "authorUserName": "明天你就是我",
    "title": "三国演义中人名出现次数排名",
    "description": "ZBH",
    "latestVersion": 5,
    "alwaysLatest": 1,
    "createTime": "2017-05-02T10:07:43.000Z",
    "lastUpdateTime": "2017-05-02T10:07:43.000Z",
    "auth": 2,
    "uid": "bd-3658041824",
    "publishedVersion": 0,
    "forkFrom": "-",
    "isSpam": 0,
    "version": 5,
    "parentVersion": 4,
    "echartsVersion": "3.5.4",
    "versionCreateTime": "2017-05-05T09:45:30.000Z",
    "html": "",
    "externalScripts": "",
    "updaterUID": "bd-3658041824",
    "theme": "",
    "layout": "",
    "viewCount": 2466,
    "userName": "明天你就是我",
    "commentCount": 0,
    "starCount": 1,
    "isStared": 0,
    "thumbnailURL": "https://www.makeapie.com/ecg-storage/ec_gallery_thumbnail/xSyDOq0r1W.png?v=1493977531065",
    "isCustomThumbnail": 0,
    "builtinTags": [
        "category-work",
        "legend",
        "series-graph",
        "title",
        "toolbox",
        "tooltip"
    ],
    "customTags": [],
    "updaterUserName": "明天你就是我"
}