{
    "cid": "xSySxqCS1b",
    "authorUid": "bd-3316064589",
    "authorUserName": "R***e",
    "title": "初学有备注",
    "description": "手机端简单财务数据分析",
    "latestVersion": 1,
    "alwaysLatest": 1,
    "createTime": "2017-05-02T10:05:32.000Z",
    "lastUpdateTime": "2017-05-02T10:05:32.000Z",
    "auth": 2,
    "uid": "bd-3316064589",
    "publishedVersion": 0,
    "forkFrom": "-",
    "isSpam": 0,
    "version": 1,
    "parentVersion": -1,
    "echartsVersion": "3.5.4",
    "versionCreateTime": "2017-05-02T10:05:32.000Z",
    "html": "",
    "externalScripts": "",
    "updaterUID": "bd-3316064589",
    "theme": "",
    "layout": "",
    "viewCount": 77,
    "userName": "R***e",
    "commentCount": 0,
    "starCount": 1,
    "isStared": 0,
    "thumbnailURL": "https://www.makeapie.com/ecg-storage/ec_gallery_thumbnail/xSySxqCS1b.png?v=1493719532957",
    "isCustomThumbnail": 0,
    "builtinTags": [
        "category-work",
        "grid",
        "series-line",
        "title"
    ],
    "customTags": [],
    "updaterUserName": "R***e"
}