{
    "cid": "x8N_Dt1MSa",
    "authorUid": "bd-3973442401",
    "authorUserName": "X***o",
    "title": "老人需求统计",
    "description": "纯属虚构",
    "latestVersion": 1,
    "alwaysLatest": 0,
    "createTime": "2021-07-23T14:43:23.000Z",
    "lastUpdateTime": "2021-07-23T14:43:23.000Z",
    "auth": 2,
    "uid": "bd-3973442401",
    "publishedVersion": 0,
    "forkFrom": "-",
    "isSpam": 0,
    "version": 1,
    "parentVersion": -1,
    "echartsVersion": "5.1.2",
    "versionCreateTime": "2021-07-23T14:43:23.000Z",
    "html": "",
    "externalScripts": "",
    "updaterUID": "bd-3973442401",
    "theme": "",
    "layout": "",
    "viewCount": 0,
    "userName": "X***o",
    "commentCount": 0,
    "starCount": 1,
    "isStared": 0,
    "thumbnailURL": "https://www.makeapie.com/ecg-storage/ec_gallery_thumbnail/x8N_Dt1MSa.png?v=1627051403411",
    "isCustomThumbnail": 0,
    "builtinTags": [
        "category-work",
        "series-pie",
        "title",
        "tooltip"
    ],
    "customTags": [],
    "updaterUserName": "X***o"
}