{
    "cid": "x8YvWtC8HG",
    "authorUid": "bd-1007260984",
    "authorUserName": "语***e",
    "title": "河北3D地图",
    "description": "",
    "latestVersion": 2,
    "alwaysLatest": 1,
    "createTime": "2021-07-26T08:51:37.000Z",
    "lastUpdateTime": "2021-07-27T08:26:09.000Z",
    "auth": 2,
    "uid": "bd-1007260984",
    "publishedVersion": 0,
    "forkFrom": "-",
    "isSpam": 0,
    "version": 2,
    "parentVersion": 1,
    "echartsVersion": "4.9.0",
    "versionCreateTime": "2021-07-27T08:26:09.000Z",
    "html": "",
    "externalScripts": "https://echarts.baidu.com/resource/echarts-gl-latest/dist/echarts-gl.min.js,https://cdn.jsdelivr.net/gh/SHJ33/EchartsMapJson@master/json/china.json",
    "updaterUID": "bd-1007260984",
    "theme": "",
    "layout": "",
    "viewCount": 0,
    "userName": "语***e",
    "commentCount": 0,
    "starCount": 1,
    "isStared": 0,
    "thumbnailURL": "https://www.makeapie.com/ecg-storage/ec_gallery_thumbnail/x8YvWtC8HG.png?v=1627374369656",
    "isCustomThumbnail": 0,
    "builtinTags": [
        "category-work",
        "series-map3D"
    ],
    "customTags": [
        "3D地图",
        "地图",
        "河北"
    ],
    "updaterUserName": "语***e"
}