{
    "cid": "x_kYHmPVPt",
    "authorUid": "obd-oPf-TEnPeXWPW_NFyv-atqYWZNGIB9d",
    "authorUserName": "扯***错",
    "title": "漏斗图",
    "description": "",
    "latestVersion": 1,
    "alwaysLatest": 0,
    "createTime": "2021-07-27T03:27:42.000Z",
    "lastUpdateTime": "2021-07-27T03:27:42.000Z",
    "auth": 2,
    "uid": "obd-oPf-TEnPeXWPW_NFyv-atqYWZNGIB9d",
    "publishedVersion": 0,
    "forkFrom": "-",
    "isSpam": 0,
    "version": 1,
    "parentVersion": -1,
    "echartsVersion": "5.1.2",
    "versionCreateTime": "2021-07-27T03:27:42.000Z",
    "html": "",
    "externalScripts": "",
    "updaterUID": "obd-oPf-TEnPeXWPW_NFyv-atqYWZNGIB9d",
    "theme": "",
    "layout": "",
    "viewCount": 0,
    "userName": "扯***错",
    "commentCount": 0,
    "starCount": 7,
    "isStared": 0,
    "thumbnailURL": "https://www.makeapie.com/ecg-storage/ec_gallery_thumbnail/x_kYHmPVPt.png?v=1627356462472",
    "isCustomThumbnail": 0,
    "builtinTags": [
        "category-work",
        "grid",
        "series-funnel",
        "tooltip"
    ],
    "customTags": [],
    "updaterUserName": "扯***错"
}