{
    "cid": "x_pgr37J1F",
    "authorUid": "bd-2652911079",
    "authorUserName": "囧***哥",
    "title": "供应商占比图-极坐标占比图",
    "description": "",
    "latestVersion": 13,
    "alwaysLatest": 0,
    "createTime": "2021-07-27T08:13:08.000Z",
    "lastUpdateTime": "2021-07-29T04:57:18.000Z",
    "auth": 2,
    "uid": "bd-2652911079",
    "publishedVersion": 0,
    "forkFrom": "-",
    "isSpam": 0,
    "version": 13,
    "parentVersion": 12,
    "echartsVersion": "5.1.2",
    "versionCreateTime": "2021-07-29T04:57:18.000Z",
    "html": "",
    "externalScripts": "",
    "updaterUID": "bd-2652911079",
    "theme": "",
    "layout": "",
    "viewCount": 0,
    "userName": "囧***哥",
    "commentCount": 0,
    "starCount": 5,
    "isStared": 0,
    "thumbnailURL": "https://www.makeapie.com/ecg-storage/ec_gallery_thumbnail/x_pgr37J1F.png?v=1627373589130",
    "isCustomThumbnail": 1,
    "builtinTags": [
        "category-work",
        "legend",
        "polar",
        "series-bar"
    ],
    "customTags": [],
    "updaterUserName": "囧***哥"
}