{
    "cid": "xbGk6C78wp",
    "authorUid": "obd-oj8PZIQIu4ZvBgoW8bK6QawbkQlUFDc",
    "authorUserName": "人***落",
    "title": "75",
    "description": "样本量：2233",
    "latestVersion": 1,
    "alwaysLatest": 0,
    "createTime": "2021-07-26T09:35:02.000Z",
    "lastUpdateTime": "2021-07-26T09:35:02.000Z",
    "auth": 2,
    "uid": "obd-oj8PZIQIu4ZvBgoW8bK6QawbkQlUFDc",
    "publishedVersion": 0,
    "forkFrom": "-",
    "isSpam": 0,
    "version": 1,
    "parentVersion": -1,
    "echartsVersion": "5.1.2",
    "versionCreateTime": "2021-07-26T09:35:02.000Z",
    "html": "",
    "externalScripts": "",
    "updaterUID": "obd-oj8PZIQIu4ZvBgoW8bK6QawbkQlUFDc",
    "theme": "",
    "layout": "",
    "viewCount": 0,
    "userName": "人***落",
    "commentCount": 0,
    "starCount": 3,
    "isStared": 0,
    "thumbnailURL": "https://www.makeapie.com/ecg-storage/ec_gallery_thumbnail/xbGk6C78wp.png?v=1627292102509",
    "isCustomThumbnail": 0,
    "builtinTags": [
        "category-work",
        "polar",
        "series-bar",
        "series-gauge",
        "title",
        "tooltip"
    ],
    "customTags": [],
    "updaterUserName": "人***落"
}