{
    "cid": "xdjLXKjl7w",
    "authorUid": "obd-oj8PZIQIu4ZvBgoW8bK6QawbkQlUFDc",
    "authorUserName": "人***落",
    "title": "柱状图",
    "description": "带样式",
    "latestVersion": 2,
    "alwaysLatest": 0,
    "createTime": "2021-07-26T09:09:33.000Z",
    "lastUpdateTime": "2021-11-02T01:34:52.000Z",
    "auth": 2,
    "uid": "obd-oj8PZIQIu4ZvBgoW8bK6QawbkQlUFDc",
    "publishedVersion": 0,
    "forkFrom": "-",
    "isSpam": 0,
    "version": 2,
    "parentVersion": 1,
    "echartsVersion": "5.1.2",
    "versionCreateTime": "2021-11-02T01:34:52.000Z",
    "html": "",
    "externalScripts": "",
    "updaterUID": "obd-oj8PZIQIu4ZvBgoW8bK6QawbkQlUFDc",
    "theme": "",
    "layout": "",
    "viewCount": 0,
    "userName": "人***落",
    "commentCount": 0,
    "starCount": 2,
    "isStared": 0,
    "thumbnailURL": "https://www.makeapie.com/ecg-storage/ec_gallery_thumbnail/xdjLXKjl7w.png?v=1635816892859",
    "isCustomThumbnail": 0,
    "builtinTags": [
        "category-work",
        "grid",
        "series-bar",
        "series-pictorialBar"
    ],
    "customTags": [],
    "updaterUserName": "人***落"
}