{
    "cid": "xE1nfFjBdd",
    "authorUid": "obd-o2qTraHjgi0XLzuUdLXg_vUfLFVHG6A",
    "authorUserName": "l***6",
    "title": "视力值",
    "description": "",
    "latestVersion": 1,
    "alwaysLatest": 0,
    "createTime": "2021-07-27T05:49:52.000Z",
    "lastUpdateTime": "2021-07-27T05:49:52.000Z",
    "auth": 2,
    "uid": "obd-o2qTraHjgi0XLzuUdLXg_vUfLFVHG6A",
    "publishedVersion": 0,
    "forkFrom": "-",
    "isSpam": 0,
    "version": 1,
    "parentVersion": -1,
    "echartsVersion": "5.1.2",
    "versionCreateTime": "2021-07-27T05:49:52.000Z",
    "html": "",
    "externalScripts": "",
    "updaterUID": "obd-o2qTraHjgi0XLzuUdLXg_vUfLFVHG6A",
    "theme": "",
    "layout": "",
    "viewCount": 0,
    "userName": "l***6",
    "commentCount": 0,
    "starCount": 1,
    "isStared": 0,
    "thumbnailURL": "https://www.makeapie.com/ecg-storage/ec_gallery_thumbnail/xE1nfFjBdd.png?v=1627364992739",
    "isCustomThumbnail": 0,
    "builtinTags": [
        "category-work",
        "dataZoom",
        "grid",
        "legend",
        "markLine",
        "markPoint",
        "series-line",
        "title",
        "tooltip"
    ],
    "customTags": [],
    "updaterUserName": "l***6"
}