{
    "cid": "xIwtPulhCw",
    "authorUid": "obd-oFuGzh3qDQ_8baI2OSl0JyrsbbH7E5q",
    "authorUserName": "岁***y",
    "title": "智慧通行",
    "description": "",
    "latestVersion": 4,
    "alwaysLatest": 1,
    "createTime": "2021-07-27T02:20:58.000Z",
    "lastUpdateTime": "2021-07-27T03:31:44.000Z",
    "auth": 2,
    "uid": "obd-oFuGzh3qDQ_8baI2OSl0JyrsbbH7E5q",
    "publishedVersion": 0,
    "forkFrom": "-",
    "isSpam": 0,
    "version": 4,
    "parentVersion": 3,
    "echartsVersion": "5.1.2",
    "versionCreateTime": "2021-07-27T03:31:44.000Z",
    "html": "",
    "externalScripts": "",
    "updaterUID": "obd-oFuGzh3qDQ_8baI2OSl0JyrsbbH7E5q",
    "theme": "",
    "layout": "",
    "viewCount": 0,
    "userName": "岁***y",
    "commentCount": 0,
    "starCount": 0,
    "isStared": 0,
    "thumbnailURL": "https://www.makeapie.com/ecg-storage/ec_gallery_thumbnail/xIwtPulhCw.png?v=1627356705047",
    "isCustomThumbnail": 0,
    "builtinTags": [
        "category-work",
        "legend",
        "series-pie",
        "title",
        "tooltip"
    ],
    "customTags": [],
    "updaterUserName": "岁***y"
}