{
    "cid": "xK91K0Y1UE",
    "authorUid": "obd-oj8PZIQIu4ZvBgoW8bK6QawbkQlUFDc",
    "authorUserName": "人***落",
    "title": "",
    "description": "",
    "latestVersion": 2,
    "alwaysLatest": 0,
    "createTime": "2021-07-27T01:40:30.000Z",
    "lastUpdateTime": "2021-07-27T01:43:59.000Z",
    "auth": 2,
    "uid": "obd-oj8PZIQIu4ZvBgoW8bK6QawbkQlUFDc",
    "publishedVersion": 0,
    "forkFrom": "-",
    "isSpam": 0,
    "version": 2,
    "parentVersion": 1,
    "echartsVersion": "5.1.2",
    "versionCreateTime": "2021-07-27T01:43:59.000Z",
    "html": "",
    "externalScripts": "",
    "updaterUID": "obd-oj8PZIQIu4ZvBgoW8bK6QawbkQlUFDc",
    "theme": "",
    "layout": "",
    "viewCount": 0,
    "userName": "人***落",
    "commentCount": 0,
    "starCount": 0,
    "isStared": 0,
    "thumbnailURL": "https://www.makeapie.com/ecg-storage/ec_gallery_thumbnail/xK91K0Y1UE.png?v=1627350239368",
    "isCustomThumbnail": 0,
    "builtinTags": [
        "category-work",
        "legend",
        "series-pie",
        "tooltip"
    ],
    "customTags": [],
    "updaterUserName": "人***落"
}