{
    "cid": "xlGYIhDRD3",
    "authorUid": "obd-otOkCM1psJYJorJkwe7MfhdcFPqSo86",
    "authorUserName": "然***你",
    "title": "异常电量",
    "description": "选取返货获取异常数据段",
    "latestVersion": 4,
    "alwaysLatest": 0,
    "createTime": "2021-07-27T06:09:54.000Z",
    "lastUpdateTime": "2021-07-27T06:18:26.000Z",
    "auth": 2,
    "uid": "obd-otOkCM1psJYJorJkwe7MfhdcFPqSo86",
    "publishedVersion": 0,
    "forkFrom": "-",
    "isSpam": 0,
    "version": 4,
    "parentVersion": 3,
    "echartsVersion": "5.1.2",
    "versionCreateTime": "2021-07-27T06:18:26.000Z",
    "html": "",
    "externalScripts": "",
    "updaterUID": "obd-otOkCM1psJYJorJkwe7MfhdcFPqSo86",
    "theme": "",
    "layout": "",
    "viewCount": 0,
    "userName": "然***你",
    "commentCount": 0,
    "starCount": 0,
    "isStared": 0,
    "thumbnailURL": "https://www.makeapie.com/ecg-storage/ec_gallery_thumbnail/xlGYIhDRD3.png?v=1627366706247",
    "isCustomThumbnail": 0,
    "builtinTags": [
        "category-work",
        "grid",
        "markArea",
        "series-line",
        "title",
        "toolbox",
        "tooltip",
        "visualMap"
    ],
    "customTags": [],
    "updaterUserName": "然***你"
}