{
    "cid": "xmHugV864u",
    "authorUid": "obd-oPbAMKik3B_d39mi4i2fx3qhMUtbA94",
    "authorUserName": "梁***e",
    "title": "双折线图",
    "description": "",
    "latestVersion": 1,
    "alwaysLatest": 0,
    "createTime": "2021-07-27T06:29:54.000Z",
    "lastUpdateTime": "2021-07-27T06:29:54.000Z",
    "auth": 1,
    "uid": "obd-oPbAMKik3B_d39mi4i2fx3qhMUtbA94",
    "publishedVersion": 0,
    "forkFrom": "-",
    "isSpam": 0,
    "version": 1,
    "parentVersion": -1,
    "echartsVersion": "5.0.2",
    "versionCreateTime": "2021-07-27T06:29:54.000Z",
    "html": "",
    "externalScripts": "",
    "updaterUID": "obd-oPbAMKik3B_d39mi4i2fx3qhMUtbA94",
    "theme": "",
    "layout": "",
    "viewCount": 0,
    "userName": "梁***e",
    "commentCount": 0,
    "starCount": 3,
    "isStared": 0,
    "thumbnailURL": "https://www.makeapie.com/ecg-storage/ec_gallery_thumbnail/xmHugV864u.png?v=1627367395032",
    "isCustomThumbnail": 0,
    "builtinTags": [
        "category-work",
        "grid",
        "legend",
        "series-line",
        "title",
        "tooltip"
    ],
    "customTags": [],
    "updaterUserName": "梁***e"
}