{
    "cid": "xoqE7xg0mq",
    "authorUid": "obd-oj8PZIQIu4ZvBgoW8bK6QawbkQlUFDc",
    "authorUserName": "人***落",
    "title": "bar",
    "description": "特殊样式bar",
    "latestVersion": 2,
    "alwaysLatest": 0,
    "createTime": "2021-07-27T01:31:52.000Z",
    "lastUpdateTime": "2021-07-27T01:33:41.000Z",
    "auth": 2,
    "uid": "obd-oj8PZIQIu4ZvBgoW8bK6QawbkQlUFDc",
    "publishedVersion": 0,
    "forkFrom": "-",
    "isSpam": 0,
    "version": 2,
    "parentVersion": 1,
    "echartsVersion": "5.1.2",
    "versionCreateTime": "2021-07-27T01:33:41.000Z",
    "html": "",
    "externalScripts": "",
    "updaterUID": "obd-oj8PZIQIu4ZvBgoW8bK6QawbkQlUFDc",
    "theme": "",
    "layout": "",
    "viewCount": 0,
    "userName": "人***落",
    "commentCount": 0,
    "starCount": 3,
    "isStared": 0,
    "thumbnailURL": "https://www.makeapie.com/ecg-storage/ec_gallery_thumbnail/xoqE7xg0mq.png?v=1627349621226",
    "isCustomThumbnail": 0,
    "builtinTags": [
        "category-work",
        "grid",
        "series-bar",
        "series-line",
        "series-pictorialBar"
    ],
    "customTags": [],
    "updaterUserName": "人***落"
}