{
    "cid": "xvcY5zS69-",
    "authorUid": "obd-oDoZE0QFQiTJ8fgNYaJmNXNc2nGaq1W",
    "authorUserName": "v***哦",
    "title": "雷达图底色渐变",
    "description": "",
    "latestVersion": 3,
    "alwaysLatest": 0,
    "createTime": "2021-07-23T12:54:49.000Z",
    "lastUpdateTime": "2021-08-25T09:19:54.000Z",
    "auth": 2,
    "uid": "obd-oDoZE0QFQiTJ8fgNYaJmNXNc2nGaq1W",
    "publishedVersion": 0,
    "forkFrom": "-",
    "isSpam": 0,
    "version": 3,
    "parentVersion": 2,
    "echartsVersion": "5.1.2",
    "versionCreateTime": "2021-08-25T09:19:54.000Z",
    "html": "",
    "externalScripts": "",
    "updaterUID": "obd-oDoZE0QFQiTJ8fgNYaJmNXNc2nGaq1W",
    "theme": "",
    "layout": "",
    "viewCount": 0,
    "userName": "v***哦",
    "commentCount": 0,
    "starCount": 0,
    "isStared": 0,
    "thumbnailURL": "https://www.makeapie.com/ecg-storage/ec_gallery_thumbnail/xvcY5zS69-.png?v=1629883194679",
    "isCustomThumbnail": 0,
    "builtinTags": [
        "category-work",
        "legend",
        "radar",
        "series-radar"
    ],
    "customTags": [],
    "updaterUserName": "v***哦"
}