{
    "cid": "xVVoRP_a0G",
    "authorUid": "obd-oj8PZIQIu4ZvBgoW8bK6QawbkQlUFDc",
    "authorUserName": "人***落",
    "title": "特殊样式",
    "description": "bar样式优化",
    "latestVersion": 2,
    "alwaysLatest": 0,
    "createTime": "2021-07-26T09:17:01.000Z",
    "lastUpdateTime": "2021-07-27T01:43:23.000Z",
    "auth": 2,
    "uid": "obd-oj8PZIQIu4ZvBgoW8bK6QawbkQlUFDc",
    "publishedVersion": 0,
    "forkFrom": "-",
    "isSpam": 0,
    "version": 2,
    "parentVersion": 1,
    "echartsVersion": "5.1.2",
    "versionCreateTime": "2021-07-27T01:43:23.000Z",
    "html": "",
    "externalScripts": "",
    "updaterUID": "obd-oj8PZIQIu4ZvBgoW8bK6QawbkQlUFDc",
    "theme": "",
    "layout": "",
    "viewCount": 0,
    "userName": "人***落",
    "commentCount": 0,
    "starCount": 4,
    "isStared": 0,
    "thumbnailURL": "https://www.makeapie.com/ecg-storage/ec_gallery_thumbnail/xVVoRP_a0G.png?v=1627350203185",
    "isCustomThumbnail": 0,
    "builtinTags": [
        "category-work",
        "grid",
        "legend",
        "series-bar",
        "series-pictorialBar",
        "tooltip"
    ],
    "customTags": [
        "bar"
    ],
    "updaterUserName": "人***落"
}