{
    "cid": "xxcele1mJN",
    "authorUid": "bd-892108896",
    "authorUserName": "信***科",
    "title": "交通方式",
    "description": "",
    "latestVersion": 1,
    "alwaysLatest": 0,
    "createTime": "2021-07-27T02:54:11.000Z",
    "lastUpdateTime": "2021-07-27T02:54:11.000Z",
    "auth": 2,
    "uid": "bd-892108896",
    "publishedVersion": 0,
    "forkFrom": "-",
    "isSpam": 0,
    "version": 1,
    "parentVersion": -1,
    "echartsVersion": "5.1.2",
    "versionCreateTime": "2021-07-27T02:54:11.000Z",
    "html": "",
    "externalScripts": "",
    "updaterUID": "bd-892108896",
    "theme": "",
    "layout": "",
    "viewCount": 0,
    "userName": "信***科",
    "commentCount": 0,
    "starCount": 2,
    "isStared": 0,
    "thumbnailURL": "https://www.makeapie.com/ecg-storage/ec_gallery_thumbnail/xxcele1mJN.png?v=1627354451320",
    "isCustomThumbnail": 0,
    "builtinTags": [
        "category-work",
        "graphic",
        "legend",
        "series-pie",
        "title",
        "toolbox",
        "tooltip"
    ],
    "customTags": [],
    "updaterUserName": "信***科"
}