{
    "cid": "xyiYJuc-bD",
    "authorUid": "bd-536890673",
    "authorUserName": "s***s",
    "title": "圆",
    "description": "圆",
    "latestVersion": 1,
    "alwaysLatest": 0,
    "createTime": "2021-07-25T11:12:19.000Z",
    "lastUpdateTime": "2021-07-25T11:12:19.000Z",
    "auth": 2,
    "uid": "bd-536890673",
    "publishedVersion": 0,
    "forkFrom": "-",
    "isSpam": 0,
    "version": 1,
    "parentVersion": -1,
    "echartsVersion": "5.1.2",
    "versionCreateTime": "2021-07-25T11:12:19.000Z",
    "html": "",
    "externalScripts": "",
    "updaterUID": "bd-536890673",
    "theme": "",
    "layout": "",
    "viewCount": 0,
    "userName": "s***s",
    "commentCount": 0,
    "starCount": 1,
    "isStared": 0,
    "thumbnailURL": "https://www.makeapie.com/ecg-storage/ec_gallery_thumbnail/xyiYJuc-bD.png?v=1627211539995",
    "isCustomThumbnail": 0,
    "builtinTags": [
        "category-work",
        "grid",
        "series-lines"
    ],
    "customTags": [
        "circle",
        "effect"
    ],
    "updaterUserName": "s***s"
}