{
    "cid": "x1sm0UwJFc",
    "authorUid": "obd-oPvy_COD2lzAFHbzDuhwoaVtAjD0094",
    "authorUserName": "暗***步",
    "title": "123",
    "description": "",
    "latestVersion": 1,
    "alwaysLatest": 0,
    "createTime": "2021-07-12T10:05:14.000Z",
    "lastUpdateTime": "2021-07-12T10:05:14.000Z",
    "auth": 2,
    "uid": "obd-oPvy_COD2lzAFHbzDuhwoaVtAjD0094",
    "publishedVersion": 0,
    "forkFrom": "-",
    "isSpam": 0,
    "version": 1,
    "parentVersion": -1,
    "echartsVersion": "5.1.2",
    "versionCreateTime": "2021-07-12T10:05:14.000Z",
    "html": "",
    "externalScripts": "",
    "updaterUID": "obd-oPvy_COD2lzAFHbzDuhwoaVtAjD0094",
    "theme": "",
    "layout": "",
    "viewCount": 0,
    "userName": "暗***步",
    "commentCount": 0,
    "starCount": 0,
    "isStared": 0,
    "thumbnailURL": "https://www.makeapie.com/ecg-storage/ec_gallery_thumbnail/x1sm0UwJFc.png?v=1626084314790",
    "isCustomThumbnail": 0,
    "builtinTags": [
        "category-work",
        "grid",
        "series-bar",
        "title"
    ],
    "customTags": [],
    "updaterUserName": "暗***步"
}