{
    "cid": "x3MbVk70TV",
    "authorUid": "bd-405506747",
    "authorUserName": "s***a",
    "title": "上海社区为老助餐点热力图2021",
    "description": "",
    "latestVersion": 2,
    "alwaysLatest": 0,
    "createTime": "2021-07-10T07:14:10.000Z",
    "lastUpdateTime": "2021-08-03T02:44:51.000Z",
    "auth": 2,
    "uid": "bd-405506747",
    "publishedVersion": 0,
    "forkFrom": "-",
    "isSpam": 0,
    "version": 2,
    "parentVersion": 1,
    "echartsVersion": "5.1.2",
    "versionCreateTime": "2021-08-03T02:44:51.000Z",
    "html": "",
    "externalScripts": "https://api.map.baidu.com/api?v=3.0&ak=HzuYrxViWWHGdz1XiBCOukN4rKmmLju7,https://cdn.jsdelivr.net/npm/echarts@5/dist/extension/bmap.min.js",
    "updaterUID": "bd-405506747",
    "theme": "",
    "layout": "",
    "viewCount": 0,
    "userName": "s***a",
    "commentCount": 0,
    "starCount": 2,
    "isStared": 0,
    "thumbnailURL": "https://www.makeapie.com/ecg-storage/ec_gallery_thumbnail/x3MbVk70TV.png?v=1625901251053",
    "isCustomThumbnail": 0,
    "builtinTags": [
        "category-work"
    ],
    "customTags": [],
    "updaterUserName": "s***a"
}