{
    "cid": "x8dEZzr_9M",
    "authorUid": "bd-405506747",
    "authorUserName": "s***a",
    "title": "上海社区综合为老服务中心GRID热力图2021",
    "description": "",
    "latestVersion": 3,
    "alwaysLatest": 0,
    "createTime": "2021-07-11T01:15:42.000Z",
    "lastUpdateTime": "2021-08-03T01:59:38.000Z",
    "auth": 2,
    "uid": "bd-405506747",
    "publishedVersion": 0,
    "forkFrom": "-",
    "isSpam": 0,
    "version": 3,
    "parentVersion": 2,
    "echartsVersion": "5.1.2",
    "versionCreateTime": "2021-08-03T01:59:38.000Z",
    "html": "",
    "externalScripts": "https://api.map.baidu.com/api?v=3.0&ak=HzuYrxViWWHGdz1XiBCOukN4rKmmLju7,https://cdn.jsdelivr.net/npm/echarts@5/dist/extension/bmap.min.js",
    "updaterUID": "bd-405506747",
    "theme": "",
    "layout": "",
    "viewCount": 0,
    "userName": "s***a",
    "commentCount": 0,
    "starCount": 0,
    "isStared": 0,
    "thumbnailURL": "https://www.makeapie.com/ecg-storage/ec_gallery_thumbnail/x8dEZzr_9M.png?v=1625966142996",
    "isCustomThumbnail": 0,
    "builtinTags": [
        "category-work"
    ],
    "customTags": [],
    "updaterUserName": "s***a"
}