{
    "cid": "xevckSpX1x",
    "authorUid": "obd-oAVgWVJZAeKAycLWqB6_cNLPrllE97o",
    "authorUserName": "6***逊",
    "title": "一次函数",
    "description": "一次函数",
    "latestVersion": 2,
    "alwaysLatest": 0,
    "createTime": "2021-07-10T12:29:15.000Z",
    "lastUpdateTime": "2021-07-10T12:48:51.000Z",
    "auth": 2,
    "uid": "obd-oAVgWVJZAeKAycLWqB6_cNLPrllE97o",
    "publishedVersion": 0,
    "forkFrom": "-",
    "isSpam": 0,
    "version": 2,
    "parentVersion": 1,
    "echartsVersion": "5.1.2",
    "versionCreateTime": "2021-07-10T12:48:51.000Z",
    "html": "",
    "externalScripts": "",
    "updaterUID": "obd-oAVgWVJZAeKAycLWqB6_cNLPrllE97o",
    "theme": "",
    "layout": "",
    "viewCount": 0,
    "userName": "6***逊",
    "commentCount": 0,
    "starCount": 0,
    "isStared": 0,
    "thumbnailURL": "https://www.makeapie.com/ecg-storage/ec_gallery_thumbnail/xevckSpX1x.png?v=1625921331903",
    "isCustomThumbnail": 0,
    "builtinTags": [
        "category-work",
        "grid",
        "series-line"
    ],
    "customTags": [],
    "updaterUserName": "6***逊"
}