{
    "cid": "xHuNHoXPR4",
    "authorUid": "bd-372621293",
    "authorUserName": "一***恼",
    "title": "折线上下有轨图",
    "description": "Example in MetricsGraphics.js",
    "latestVersion": 1,
    "alwaysLatest": 0,
    "createTime": "2021-07-13T03:39:39.000Z",
    "lastUpdateTime": "2021-07-13T03:39:39.000Z",
    "auth": 2,
    "uid": "bd-372621293",
    "publishedVersion": 0,
    "forkFrom": "-",
    "isSpam": 0,
    "version": 1,
    "parentVersion": -1,
    "echartsVersion": "5.1.0",
    "versionCreateTime": "2021-07-13T03:39:39.000Z",
    "html": "",
    "externalScripts": "",
    "updaterUID": "bd-372621293",
    "theme": "",
    "layout": "",
    "viewCount": 0,
    "userName": "一***恼",
    "commentCount": 0,
    "starCount": 2,
    "isStared": 0,
    "thumbnailURL": "https://www.makeapie.com/ecg-storage/ec_gallery_thumbnail/xHuNHoXPR4.png?v=1626147579778",
    "isCustomThumbnail": 0,
    "builtinTags": [
        "category-work",
        "grid",
        "series-line",
        "title",
        "tooltip"
    ],
    "customTags": [],
    "updaterUserName": "一***恼"
}