{
    "cid": "xk6SpplpC5",
    "authorUid": "obd-oD5FRlmc-cSp4ho6UruvdLFzXuqoS1H",
    "authorUserName": "汤***j",
    "title": "玫瑰图",
    "description": "",
    "latestVersion": 1,
    "alwaysLatest": 0,
    "createTime": "2021-07-13T03:46:59.000Z",
    "lastUpdateTime": "2021-07-13T03:46:59.000Z",
    "auth": 1,
    "uid": "obd-oD5FRlmc-cSp4ho6UruvdLFzXuqoS1H",
    "publishedVersion": 0,
    "forkFrom": "-",
    "isSpam": 0,
    "version": 1,
    "parentVersion": -1,
    "echartsVersion": "5.1.2",
    "versionCreateTime": "2021-07-13T03:46:59.000Z",
    "html": "",
    "externalScripts": "",
    "updaterUID": "obd-oD5FRlmc-cSp4ho6UruvdLFzXuqoS1H",
    "theme": "",
    "layout": "",
    "viewCount": 0,
    "userName": "汤***j",
    "commentCount": 0,
    "starCount": 5,
    "isStared": 0,
    "thumbnailURL": "https://www.makeapie.com/ecg-storage/ec_gallery_thumbnail/xk6SpplpC5.png?v=1626148019657",
    "isCustomThumbnail": 0,
    "builtinTags": [
        "category-work",
        "legend",
        "series-pie",
        "toolbox"
    ],
    "customTags": [],
    "updaterUserName": "汤***j"
}