{
    "cid": "xMCVtNs1cl",
    "authorUid": "obd-oAg1eYO4QuHK-vm2kQGAJCtuxn1907b",
    "authorUserName": "s***9",
    "title": "柱状图",
    "description": "",
    "latestVersion": 1,
    "alwaysLatest": 0,
    "createTime": "2021-07-09T09:21:13.000Z",
    "lastUpdateTime": "2021-07-09T09:21:13.000Z",
    "auth": 2,
    "uid": "obd-oAg1eYO4QuHK-vm2kQGAJCtuxn1907b",
    "publishedVersion": 0,
    "forkFrom": "-",
    "isSpam": 0,
    "version": 1,
    "parentVersion": -1,
    "echartsVersion": "5.1.2",
    "versionCreateTime": "2021-07-09T09:21:13.000Z",
    "html": "",
    "externalScripts": "",
    "updaterUID": "obd-oAg1eYO4QuHK-vm2kQGAJCtuxn1907b",
    "theme": "",
    "layout": "",
    "viewCount": 0,
    "userName": "s***9",
    "commentCount": 0,
    "starCount": 2,
    "isStared": 0,
    "thumbnailURL": "https://www.makeapie.com/ecg-storage/ec_gallery_thumbnail/xMCVtNs1cl.png?v=1625822473467",
    "isCustomThumbnail": 0,
    "builtinTags": [
        "category-work",
        "dataZoom",
        "grid",
        "series-bar",
        "series-line",
        "series-pictorialBar"
    ],
    "customTags": [],
    "updaterUserName": "s***9"
}