{
    "cid": "xNizYDiqVs",
    "authorUid": "obd-oCetVfTB5ANlAWsQ2zWHwr-k3-D_s3F",
    "authorUserName": "美***呀",
    "title": "阴影效果",
    "description": "",
    "latestVersion": 1,
    "alwaysLatest": 0,
    "createTime": "2021-07-09T09:56:06.000Z",
    "lastUpdateTime": "2021-07-09T09:56:06.000Z",
    "auth": 2,
    "uid": "obd-oCetVfTB5ANlAWsQ2zWHwr-k3-D_s3F",
    "publishedVersion": 0,
    "forkFrom": "-",
    "isSpam": 0,
    "version": 1,
    "parentVersion": -1,
    "echartsVersion": "5.1.2",
    "versionCreateTime": "2021-07-09T09:56:06.000Z",
    "html": "",
    "externalScripts": "",
    "updaterUID": "obd-oCetVfTB5ANlAWsQ2zWHwr-k3-D_s3F",
    "theme": "",
    "layout": "",
    "viewCount": 0,
    "userName": "美***呀",
    "commentCount": 0,
    "starCount": 0,
    "isStared": 0,
    "thumbnailURL": "https://www.makeapie.com/ecg-storage/ec_gallery_thumbnail/xNizYDiqVs.png?v=1625824566366",
    "isCustomThumbnail": 0,
    "builtinTags": [
        "category-work",
        "grid",
        "series-line"
    ],
    "customTags": [],
    "updaterUserName": "美***呀"
}