{
    "cid": "xNRhhETVD5",
    "authorUid": "bd-372621293",
    "authorUserName": "一***恼",
    "title": "多轴面积图",
    "description": "",
    "latestVersion": 1,
    "alwaysLatest": 0,
    "createTime": "2021-07-13T03:44:08.000Z",
    "lastUpdateTime": "2021-07-13T03:44:08.000Z",
    "auth": 2,
    "uid": "bd-372621293",
    "publishedVersion": 0,
    "forkFrom": "-",
    "isSpam": 0,
    "version": 1,
    "parentVersion": -1,
    "echartsVersion": "5.1.2",
    "versionCreateTime": "2021-07-13T03:44:08.000Z",
    "html": "",
    "externalScripts": "",
    "updaterUID": "bd-372621293",
    "theme": "",
    "layout": "",
    "viewCount": 0,
    "userName": "一***恼",
    "commentCount": 0,
    "starCount": 0,
    "isStared": 0,
    "thumbnailURL": "https://www.makeapie.com/ecg-storage/ec_gallery_thumbnail/xNRhhETVD5.png?v=1626147848331",
    "isCustomThumbnail": 0,
    "builtinTags": [
        "category-work",
        "grid",
        "legend",
        "series-line",
        "tooltip"
    ],
    "customTags": [],
    "updaterUserName": "一***恼"
}