{
    "cid": "xwVhf9M2pn",
    "authorUid": "bd-37135131",
    "authorUserName": "s***8",
    "title": "分类渐变柱状图",
    "description": "",
    "latestVersion": 1,
    "alwaysLatest": 0,
    "createTime": "2021-07-13T01:38:42.000Z",
    "lastUpdateTime": "2021-07-13T01:38:42.000Z",
    "auth": 2,
    "uid": "bd-37135131",
    "publishedVersion": 0,
    "forkFrom": "-",
    "isSpam": 0,
    "version": 1,
    "parentVersion": -1,
    "echartsVersion": "5.1.2",
    "versionCreateTime": "2021-07-13T01:38:42.000Z",
    "html": "",
    "externalScripts": "",
    "updaterUID": "bd-37135131",
    "theme": "",
    "layout": "",
    "viewCount": 0,
    "userName": "s***8",
    "commentCount": 0,
    "starCount": 0,
    "isStared": 0,
    "thumbnailURL": "https://www.makeapie.com/ecg-storage/ec_gallery_thumbnail/xwVhf9M2pn.png?v=1626140322545",
    "isCustomThumbnail": 0,
    "builtinTags": [
        "category-work",
        "grid",
        "legend",
        "series-bar",
        "tooltip"
    ],
    "customTags": [],
    "updaterUserName": "s***8"
}