{
    "cid": "xYbQNZp12u",
    "authorUid": "obd-o2md8WvnZTItgj7UUKUTN3IdBrQhwBs",
    "authorUserName": "雾***灯",
    "title": "数据集-玫瑰图-排序",
    "description": "",
    "latestVersion": 2,
    "alwaysLatest": 0,
    "createTime": "2021-07-12T07:41:59.000Z",
    "lastUpdateTime": "2021-07-14T15:03:00.000Z",
    "auth": 2,
    "uid": "obd-o2md8WvnZTItgj7UUKUTN3IdBrQhwBs",
    "publishedVersion": 0,
    "forkFrom": "-",
    "isSpam": 0,
    "version": 2,
    "parentVersion": 1,
    "echartsVersion": "5.1.2",
    "versionCreateTime": "2021-07-14T15:03:00.000Z",
    "html": "",
    "externalScripts": "",
    "updaterUID": "obd-o2md8WvnZTItgj7UUKUTN3IdBrQhwBs",
    "theme": "",
    "layout": "",
    "viewCount": 0,
    "userName": "雾***灯",
    "commentCount": 0,
    "starCount": 2,
    "isStared": 0,
    "thumbnailURL": "https://www.makeapie.com/ecg-storage/ec_gallery_thumbnail/xYbQNZp12u.png?v=1626274981028",
    "isCustomThumbnail": 0,
    "builtinTags": [
        "category-work",
        "dataset",
        "series-pie",
        "title",
        "tooltip"
    ],
    "customTags": [],
    "updaterUserName": "雾***灯"
}