{
    "cid": "xZEl2-G1-F",
    "authorUid": "obd-oCGclq9Aswvv-od-1zhVVui8SFaOH3z",
    "authorUserName": "楼***翔",
    "title": "客流告警预警",
    "description": "表达客流量实际与预测关系",
    "latestVersion": 3,
    "alwaysLatest": 0,
    "createTime": "2021-07-09T10:29:59.000Z",
    "lastUpdateTime": "2021-07-12T01:34:20.000Z",
    "auth": 2,
    "uid": "obd-oCGclq9Aswvv-od-1zhVVui8SFaOH3z",
    "publishedVersion": 0,
    "forkFrom": "-",
    "isSpam": 0,
    "version": 3,
    "parentVersion": 2,
    "echartsVersion": "4.0.0",
    "versionCreateTime": "2021-07-12T01:34:20.000Z",
    "html": "",
    "externalScripts": "",
    "updaterUID": "obd-oCGclq9Aswvv-od-1zhVVui8SFaOH3z",
    "theme": "",
    "layout": "",
    "viewCount": 0,
    "userName": "楼***翔",
    "commentCount": 0,
    "starCount": 3,
    "isStared": 0,
    "thumbnailURL": "https://www.makeapie.com/ecg-storage/ec_gallery_thumbnail/xZEl2-G1-F.png?v=1626053660610",
    "isCustomThumbnail": 0,
    "builtinTags": [
        "category-work",
        "grid",
        "series-bar"
    ],
    "customTags": [],
    "updaterUserName": "楼***翔"
}