{
    "cid": "xB1cM3I987",
    "authorUid": "bd-2471617216",
    "authorUserName": "J***5",
    "title": "双坐标",
    "description": "",
    "latestVersion": 3,
    "alwaysLatest": 1,
    "createTime": "2018-08-22T03:44:18.000Z",
    "lastUpdateTime": "2018-08-22T03:44:52.000Z",
    "auth": 2,
    "uid": "bd-2471617216",
    "publishedVersion": 0,
    "forkFrom": "-",
    "isSpam": 0,
    "version": 3,
    "parentVersion": 2,
    "echartsVersion": "4.2.1",
    "versionCreateTime": "2019-05-15T09:24:46.000Z",
    "html": "",
    "externalScripts": "",
    "updaterUID": "bd-2471617216",
    "theme": "dark",
    "layout": "",
    "viewCount": 1231,
    "userName": "J***5",
    "commentCount": 0,
    "starCount": 7,
    "isStared": 0,
    "thumbnailURL": "https://www.makeapie.com/ecg-storage/ec_gallery_thumbnail/xB1cM3I987.png?v=1557912286345",
    "isCustomThumbnail": 0,
    "builtinTags": [
        "category-work",
        "grid",
        "legend",
        "series-bar",
        "series-line",
        "tooltip"
    ],
    "customTags": [],
    "updaterUserName": "J***5"
}