{
    "cid": "xBJ1ZrLc8X",
    "authorUid": "bd-3698239758",
    "authorUserName": "陌若安生014",
    "title": "柱状图与坐标轴有间距",
    "description": "柱状图与坐标轴有间距,利用柱状图堆叠实现",
    "latestVersion": 2,
    "alwaysLatest": 1,
    "createTime": "2018-08-22T03:13:58.000Z",
    "lastUpdateTime": "2018-08-22T03:13:58.000Z",
    "auth": 1,
    "uid": "bd-3698239758",
    "publishedVersion": 0,
    "forkFrom": "-",
    "isSpam": 0,
    "version": 2,
    "parentVersion": 1,
    "echartsVersion": "4.1.0",
    "versionCreateTime": "2018-08-22T03:24:33.000Z",
    "html": "",
    "externalScripts": "",
    "updaterUID": "bd-3698239758",
    "theme": "",
    "layout": "",
    "viewCount": 392,
    "userName": "陌若安生014",
    "commentCount": 0,
    "starCount": 1,
    "isStared": 0,
    "thumbnailURL": "https://www.makeapie.com/ecg-storage/ec_gallery_thumbnail/xBJ1ZrLc8X.png?v=1534908273693",
    "isCustomThumbnail": 0,
    "builtinTags": [
        "category-work",
        "grid",
        "series-bar",
        "title",
        "tooltip"
    ],
    "customTags": [],
    "updaterUserName": "陌若安生014"
}