{
    "cid": "xBJnbgqcUX",
    "authorUid": "bd-1828767492",
    "authorUserName": "t***q",
    "title": "地图标题",
    "description": "",
    "latestVersion": 1,
    "alwaysLatest": 1,
    "createTime": "2018-08-22T07:25:56.000Z",
    "lastUpdateTime": "2018-08-22T07:25:56.000Z",
    "auth": 2,
    "uid": "bd-1828767492",
    "publishedVersion": 0,
    "forkFrom": "-",
    "isSpam": 0,
    "version": 1,
    "parentVersion": -1,
    "echartsVersion": "4.1.0",
    "versionCreateTime": "2018-08-22T07:25:56.000Z",
    "html": "",
    "externalScripts": "http://gallery.echartsjs.com/dep/echarts/map/js/china.js",
    "updaterUID": "bd-1828767492",
    "theme": "",
    "layout": "",
    "viewCount": 250,
    "userName": "t***q",
    "commentCount": 0,
    "starCount": 1,
    "isStared": 0,
    "thumbnailURL": "https://www.makeapie.com/ecg-storage/ec_gallery_thumbnail/xBJnbgqcUX.png?v=1534922756349",
    "isCustomThumbnail": 0,
    "builtinTags": [
        "category-work",
        "geo",
        "series-effectScatter",
        "title"
    ],
    "customTags": [],
    "updaterUserName": "t***q"
}