{
    "cid": "xByd5GuNIX",
    "authorUid": "bd-3892893637",
    "authorUserName": "hm1989wz",
    "title": "曲线图",
    "description": "",
    "latestVersion": 1,
    "alwaysLatest": 1,
    "createTime": "2018-08-17T16:06:40.000Z",
    "lastUpdateTime": "2018-08-17T16:06:40.000Z",
    "auth": 1,
    "uid": "bd-3892893637",
    "publishedVersion": 0,
    "forkFrom": "-",
    "isSpam": 0,
    "version": 1,
    "parentVersion": -1,
    "echartsVersion": "4.1.0",
    "versionCreateTime": "2018-08-17T16:06:40.000Z",
    "html": "",
    "externalScripts": "",
    "updaterUID": "bd-3892893637",
    "theme": "",
    "layout": "",
    "viewCount": 75,
    "userName": "hm1989wz",
    "commentCount": 0,
    "starCount": 0,
    "isStared": 0,
    "thumbnailURL": "https://www.makeapie.com/ecg-storage/ec_gallery_thumbnail/xByd5GuNIX.png?v=1534522000373",
    "isCustomThumbnail": 0,
    "builtinTags": [
        "category-work",
        "grid",
        "series-line"
    ],
    "customTags": [],
    "updaterUserName": "hm1989wz"
}