{
    "cid": "xr1yx5e_87",
    "authorUid": "bd-1108085009",
    "authorUserName": "y***0",
    "title": "云词热力图",
    "description": "",
    "latestVersion": 1,
    "alwaysLatest": 1,
    "createTime": "2018-08-20T08:20:54.000Z",
    "lastUpdateTime": "2018-08-20T08:20:54.000Z",
    "auth": 2,
    "uid": "bd-1108085009",
    "publishedVersion": 0,
    "forkFrom": "-",
    "isSpam": 0,
    "version": 1,
    "parentVersion": -1,
    "echartsVersion": "4.1.0",
    "versionCreateTime": "2018-08-20T08:20:54.000Z",
    "html": "",
    "externalScripts": "/dep/echarts/map/js/china.js",
    "updaterUID": "bd-1108085009",
    "theme": "",
    "layout": "",
    "viewCount": 4157,
    "userName": "y***0",
    "commentCount": 0,
    "starCount": 16,
    "isStared": 0,
    "thumbnailURL": "https://www.makeapie.com/ecg-storage/ec_gallery_thumbnail/xr1yx5e_87.png?v=1534753254897",
    "isCustomThumbnail": 0,
    "builtinTags": [
        "category-work",
        "geo",
        "series-heatmap",
        "series-scatter",
        "title",
        "visualMap"
    ],
    "customTags": [],
    "updaterUserName": "y***0"
}