{
    "cid": "xry2bi298X",
    "authorUid": "bd-2066513247",
    "authorUserName": "g***8",
    "title": "pie图",
    "description": "sss",
    "latestVersion": 2,
    "alwaysLatest": 1,
    "createTime": "2018-08-22T10:29:24.000Z",
    "lastUpdateTime": "2018-08-22T10:29:24.000Z",
    "auth": 2,
    "uid": "bd-2066513247",
    "publishedVersion": 0,
    "forkFrom": "-",
    "isSpam": 0,
    "version": 2,
    "parentVersion": 1,
    "echartsVersion": "4.1.0",
    "versionCreateTime": "2018-09-05T02:57:55.000Z",
    "html": "",
    "externalScripts": "",
    "updaterUID": "bd-2066513247",
    "theme": "",
    "layout": "",
    "viewCount": 300,
    "userName": "g***8",
    "commentCount": 0,
    "starCount": 3,
    "isStared": 0,
    "thumbnailURL": "https://www.makeapie.com/ecg-storage/ec_gallery_thumbnail/xry2bi298X.png?v=1536116276097",
    "isCustomThumbnail": 0,
    "builtinTags": [
        "category-work",
        "series-pie",
        "title",
        "tooltip"
    ],
    "customTags": [],
    "updaterUserName": "g***8"
}