{
    "cid": "xrydYnW7UQ",
    "authorUid": "bd-2905269377",
    "authorUserName": "4***了",
    "title": "一把尺子",
    "description": "花自飘凌水自流",
    "latestVersion": 3,
    "alwaysLatest": 1,
    "createTime": "2018-08-16T14:38:55.000Z",
    "lastUpdateTime": "2018-08-16T14:38:55.000Z",
    "auth": 2,
    "uid": "bd-2905269377",
    "publishedVersion": 0,
    "forkFrom": "-",
    "isSpam": 0,
    "version": 3,
    "parentVersion": 2,
    "echartsVersion": "4.1.0",
    "versionCreateTime": "2018-08-19T01:27:37.000Z",
    "html": "",
    "externalScripts": "",
    "updaterUID": "bd-2905269377",
    "theme": "",
    "layout": "",
    "viewCount": 89,
    "userName": "4***了",
    "commentCount": 0,
    "starCount": 1,
    "isStared": 0,
    "thumbnailURL": "https://www.makeapie.com/ecg-storage/ec_gallery_thumbnail/xrydYnW7UQ.png?v=1534642057056",
    "isCustomThumbnail": 0,
    "builtinTags": [
        "category-work",
        "grid",
        "series-bar",
        "title"
    ],
    "customTags": [
        "scale"
    ],
    "updaterUserName": "4***了"
}