{
    "cid": "xryIwLYqIm",
    "authorUid": "bd-3553659272",
    "authorUserName": "你***来",
    "title": "山西下钻图",
    "description": "",
    "latestVersion": 1,
    "alwaysLatest": 1,
    "createTime": "2018-08-22T06:44:45.000Z",
    "lastUpdateTime": "2018-08-22T06:44:45.000Z",
    "auth": 2,
    "uid": "bd-3553659272",
    "publishedVersion": 0,
    "forkFrom": "-",
    "isSpam": 0,
    "version": 1,
    "parentVersion": -1,
    "echartsVersion": "4.1.0",
    "versionCreateTime": "2018-08-22T06:44:46.000Z",
    "html": "",
    "externalScripts": "",
    "updaterUID": "bd-3553659272",
    "theme": "",
    "layout": "",
    "viewCount": 282,
    "userName": "你***来",
    "commentCount": 2,
    "starCount": 1,
    "isStared": 0,
    "thumbnailURL": "https://www.makeapie.com/ecg-storage/ec_gallery_thumbnail/xryIwLYqIm.png?v=1534920286151",
    "isCustomThumbnail": 0,
    "builtinTags": [
        "category-work",
        "geo",
        "graphic",
        "series-effectScatter"
    ],
    "customTags": [],
    "updaterUserName": "你***来"
}