{
    "cid": "xS15kFi98X",
    "authorUid": "bd-2066513247",
    "authorUserName": "g***8",
    "title": "条图",
    "description": "条形图",
    "latestVersion": 1,
    "alwaysLatest": 1,
    "createTime": "2018-08-22T09:12:02.000Z",
    "lastUpdateTime": "2018-08-22T09:12:02.000Z",
    "auth": 2,
    "uid": "bd-2066513247",
    "publishedVersion": 0,
    "forkFrom": "-",
    "isSpam": 0,
    "version": 1,
    "parentVersion": -1,
    "echartsVersion": "4.1.0",
    "versionCreateTime": "2018-08-22T09:12:02.000Z",
    "html": "",
    "externalScripts": "",
    "updaterUID": "bd-2066513247",
    "theme": "",
    "layout": "",
    "viewCount": 54,
    "userName": "g***8",
    "commentCount": 0,
    "starCount": 1,
    "isStared": 0,
    "thumbnailURL": "https://www.makeapie.com/ecg-storage/ec_gallery_thumbnail/xS15kFi98X.png?v=1534929122223",
    "isCustomThumbnail": 0,
    "builtinTags": [
        "category-work",
        "grid",
        "legend",
        "series-bar",
        "title"
    ],
    "customTags": [],
    "updaterUserName": "g***8"
}