{
    "cid": "xSJBSIYcUm",
    "authorUid": "bd-3553659272",
    "authorUserName": "你***来",
    "title": "山西下钻地图带数据",
    "description": "http://bi.zhihaitech.com  十分钟急速可视化报表",
    "latestVersion": 1,
    "alwaysLatest": 1,
    "createTime": "2018-08-22T06:44:13.000Z",
    "lastUpdateTime": "2018-08-22T06:44:13.000Z",
    "auth": 2,
    "uid": "bd-3553659272",
    "publishedVersion": 0,
    "forkFrom": "-",
    "isSpam": 0,
    "version": 1,
    "parentVersion": -1,
    "echartsVersion": "4.1.0",
    "versionCreateTime": "2018-08-22T06:44:13.000Z",
    "html": "",
    "externalScripts": "",
    "updaterUID": "bd-3553659272",
    "theme": "",
    "layout": "",
    "viewCount": 645,
    "userName": "你***来",
    "commentCount": 3,
    "starCount": 3,
    "isStared": 0,
    "thumbnailURL": "https://www.makeapie.com/ecg-storage/ec_gallery_thumbnail/xSJBSIYcUm.png?v=1534920253416",
    "isCustomThumbnail": 0,
    "builtinTags": [
        "category-work",
        "geo",
        "graphic",
        "series-effectScatter"
    ],
    "customTags": [],
    "updaterUserName": "你***来"
}