{
    "cid": "xBJ5aIJ8Cl",
    "authorUid": "bd-4012285809",
    "authorUserName": "wqdwin123",
    "title": "Simple data forms",
    "description": "",
    "latestVersion": 1,
    "alwaysLatest": 1,
    "createTime": "2017-04-20T07:44:01.000Z",
    "lastUpdateTime": "2017-04-20T07:44:01.000Z",
    "auth": 2,
    "uid": "bd-4012285809",
    "publishedVersion": 0,
    "forkFrom": "-",
    "isSpam": 0,
    "version": 1,
    "parentVersion": -1,
    "echartsVersion": "3.5.3",
    "versionCreateTime": "2017-04-20T07:44:01.000Z",
    "html": "",
    "externalScripts": "",
    "updaterUID": "bd-4012285809",
    "theme": "",
    "layout": "",
    "viewCount": 395,
    "userName": "wqdwin123",
    "commentCount": 0,
    "starCount": 1,
    "isStared": 0,
    "thumbnailURL": "https://www.makeapie.com/ecg-storage/ec_gallery_thumbnail/xBJ5aIJ8Cl.png?v=1492674242015",
    "isCustomThumbnail": 0,
    "builtinTags": [
        "category-work",
        "grid",
        "legend",
        "series-bar",
        "tooltip"
    ],
    "customTags": [],
    "updaterUserName": "wqdwin123"
}