{
    "cid": "xBJRvaG0ag",
    "authorUid": "bd-1225198824",
    "authorUserName": "chunfang740",
    "title": "交叉柱图sage",
    "description": "数据由vicm Lee 整理 lcfhn168@gmail.com",
    "latestVersion": 4,
    "alwaysLatest": 1,
    "createTime": "2017-04-14T09:59:01.000Z",
    "lastUpdateTime": "2017-04-14T09:59:01.000Z",
    "auth": 2,
    "uid": "bd-1225198824",
    "publishedVersion": 0,
    "forkFrom": "-",
    "isSpam": 0,
    "version": 4,
    "parentVersion": 3,
    "echartsVersion": "3.5.3",
    "versionCreateTime": "2017-04-17T02:16:01.000Z",
    "html": "",
    "externalScripts": "",
    "updaterUID": "bd-1225198824",
    "theme": "",
    "layout": "",
    "viewCount": 1214,
    "userName": "chunfang740",
    "commentCount": 0,
    "starCount": 4,
    "isStared": 0,
    "thumbnailURL": "https://www.makeapie.com/ecg-storage/ec_gallery_thumbnail/xBJRvaG0ag.png?v=1492395361481",
    "isCustomThumbnail": 0,
    "builtinTags": [
        "category-work",
        "dataZoom",
        "grid",
        "legend",
        "series-bar",
        "title",
        "tooltip"
    ],
    "customTags": [
        "柱图"
    ],
    "updaterUserName": "chunfang740"
}