{
    "cid": "xBk5PSvqpx",
    "authorUid": "bd-2215764494",
    "authorUserName": "p***g",
    "title": "Image Surface Sushuang",
    "description": "Use surface to visualize image pixels ",
    "latestVersion": 5,
    "alwaysLatest": 1,
    "createTime": "2017-04-11T14:17:06.000Z",
    "lastUpdateTime": "2017-04-11T15:03:52.000Z",
    "auth": 2,
    "uid": "bd-2215764494",
    "publishedVersion": 0,
    "forkFrom": "-",
    "isSpam": 0,
    "version": 5,
    "parentVersion": 4,
    "echartsVersion": "3.6.0",
    "versionCreateTime": "2017-05-26T03:13:07.000Z",
    "html": "",
    "externalScripts": "http://echarts.baidu.com/resource/echarts-gl-latest/dist/echarts-gl.min.js",
    "updaterUID": "bd-2215764494",
    "theme": "default",
    "layout": "",
    "viewCount": 27782,
    "userName": "p***g",
    "commentCount": 9,
    "starCount": 27,
    "isStared": 0,
    "thumbnailURL": "https://www.makeapie.com/ecg-storage/ec_gallery_thumbnail/xBk5PSvqpx.png?v=1491920326669",
    "isCustomThumbnail": 1,
    "builtinTags": [
        "category-work",
        "grid3D",
        "series-surface",
        "tooltip"
    ],
    "customTags": [
        "echarts-gl"
    ],
    "updaterUserName": "p***g"
}