{
    "cid": "xBko1262pl",
    "authorUid": "bd-2762228889",
    "authorUserName": "TheresaYan44",
    "title": "Operating expenses (monthly) of May Garden Café",
    "description": "",
    "latestVersion": 1,
    "alwaysLatest": 1,
    "createTime": "2017-04-13T09:58:59.000Z",
    "lastUpdateTime": "2017-04-13T10:01:10.000Z",
    "auth": 2,
    "uid": "bd-2762228889",
    "publishedVersion": 0,
    "forkFrom": "-",
    "isSpam": 0,
    "version": 1,
    "parentVersion": -1,
    "echartsVersion": "3.5.1",
    "versionCreateTime": "2017-04-13T09:58:59.000Z",
    "html": "",
    "externalScripts": "",
    "updaterUID": "bd-2762228889",
    "theme": "vintage",
    "layout": "",
    "viewCount": 481,
    "userName": "TheresaYan44",
    "commentCount": 0,
    "starCount": 0,
    "isStared": 0,
    "thumbnailURL": "https://www.makeapie.com/ecg-storage/ec_gallery_thumbnail/xBko1262pl.png?v=1492077539532",
    "isCustomThumbnail": 0,
    "builtinTags": [],
    "customTags": [],
    "updaterUserName": "TheresaYan44"
}