{
    "cid": "xBypYUHjae",
    "authorUid": "bd-3796128407",
    "authorUserName": "王***响",
    "title": "极坐标",
    "description": "",
    "latestVersion": 2,
    "alwaysLatest": 1,
    "createTime": "2017-04-12T06:17:40.000Z",
    "lastUpdateTime": "2017-04-12T06:17:40.000Z",
    "auth": 2,
    "uid": "bd-3796128407",
    "publishedVersion": 0,
    "forkFrom": "-",
    "isSpam": 0,
    "version": 2,
    "parentVersion": 1,
    "echartsVersion": "3.5.4",
    "versionCreateTime": "2017-04-27T03:09:25.000Z",
    "html": "",
    "externalScripts": "",
    "updaterUID": "bd-3796128407",
    "theme": "dark",
    "layout": "",
    "viewCount": 2354,
    "userName": "王***响",
    "commentCount": 0,
    "starCount": 11,
    "isStared": 0,
    "thumbnailURL": "https://www.makeapie.com/ecg-storage/ec_gallery_thumbnail/xBypYUHjae.png?v=1493262565857",
    "isCustomThumbnail": 0,
    "builtinTags": [
        "category-work",
        "polar",
        "series-line",
        "tooltip"
    ],
    "customTags": [],
    "updaterUserName": "王***响"
}