{
    "cid": "xByw1aTApx",
    "authorUid": "bd-2667922023",
    "authorUserName": "沐月之狼",
    "title": "Boys and Girls Club of Greater Redlands-Riverside  ",
    "description": "Structer of Programs",
    "latestVersion": 1,
    "alwaysLatest": 1,
    "createTime": "2017-04-14T22:27:43.000Z",
    "lastUpdateTime": "2017-04-14T22:27:43.000Z",
    "auth": 2,
    "uid": "bd-2667922023",
    "publishedVersion": 0,
    "forkFrom": "-",
    "isSpam": 0,
    "version": 1,
    "parentVersion": -1,
    "echartsVersion": "3.5.3",
    "versionCreateTime": "2017-04-14T22:27:43.000Z",
    "html": "",
    "externalScripts": "",
    "updaterUID": "bd-2667922023",
    "theme": "",
    "layout": "",
    "viewCount": 186,
    "userName": "沐月之狼",
    "commentCount": 0,
    "starCount": 0,
    "isStared": 0,
    "thumbnailURL": "https://www.makeapie.com/ecg-storage/ec_gallery_thumbnail/xByw1aTApx.png?v=1492208863679",
    "isCustomThumbnail": 0,
    "builtinTags": [
        "category-work",
        "legend",
        "series-pie",
        "title",
        "toolbox",
        "tooltip"
    ],
    "customTags": [],
    "updaterUserName": "沐月之狼"
}