{
    "cid": "xH1XngkTTx",
    "authorUid": "bd-1194181222",
    "authorUserName": "q1054261752",
    "title": "我的第一个报表",
    "description": "我的第一个报表",
    "latestVersion": 1,
    "alwaysLatest": 1,
    "createTime": "2017-04-13T11:27:38.000Z",
    "lastUpdateTime": "2017-04-13T11:27:38.000Z",
    "auth": 2,
    "uid": "bd-1194181222",
    "publishedVersion": 0,
    "forkFrom": "-",
    "isSpam": 0,
    "version": 1,
    "parentVersion": -1,
    "echartsVersion": "3.5.1",
    "versionCreateTime": "2017-04-13T11:27:38.000Z",
    "html": "",
    "externalScripts": "",
    "updaterUID": "bd-1194181222",
    "theme": "",
    "layout": "",
    "viewCount": 306,
    "userName": "q1054261752",
    "commentCount": 0,
    "starCount": 0,
    "isStared": 0,
    "thumbnailURL": "https://www.makeapie.com/ecg-storage/ec_gallery_thumbnail/xH1XngkTTx.png?v=1492082859175",
    "isCustomThumbnail": 0,
    "builtinTags": [
        "axisPointer",
        "category-work",
        "grid",
        "legend",
        "series-bar",
        "title",
        "tooltip"
    ],
    "customTags": [
        "zhuzhuang"
    ],
    "updaterUserName": "q1054261752"
}