{
    "cid": "xHJ2D7gmAl",
    "authorUid": "bd-2433218629",
    "authorUserName": "hill0731",
    "title": "智慧和平城市运行态势感知体系",
    "description": "区域经济主题库元数据结构",
    "latestVersion": 7,
    "alwaysLatest": 1,
    "createTime": "2017-04-18T02:01:07.000Z",
    "lastUpdateTime": "2017-04-18T02:01:07.000Z",
    "auth": 2,
    "uid": "bd-2433218629",
    "publishedVersion": 0,
    "forkFrom": "-",
    "isSpam": 0,
    "version": 7,
    "parentVersion": 6,
    "echartsVersion": "3.6.1",
    "versionCreateTime": "2017-05-30T10:38:32.000Z",
    "html": "",
    "externalScripts": "",
    "updaterUID": "bd-2433218629",
    "theme": "vintage",
    "layout": "",
    "viewCount": 16778,
    "userName": "hill0731",
    "commentCount": 1,
    "starCount": 48,
    "isStared": 0,
    "thumbnailURL": "https://www.makeapie.com/ecg-storage/ec_gallery_thumbnail/xHJ2D7gmAl.png?v=1496140713556",
    "isCustomThumbnail": 0,
    "builtinTags": [
        "category-work",
        "legend",
        "series-graph",
        "title",
        "toolbox",
        "tooltip"
    ],
    "customTags": [],
    "updaterUserName": "hill0731"
}