{
    "cid": "xHJKleYN0l",
    "authorUid": "bd-3676951086",
    "authorUserName": "缘***m",
    "title": "柱状图示例",
    "description": "项目需要",
    "latestVersion": 2,
    "alwaysLatest": 1,
    "createTime": "2017-04-19T06:13:05.000Z",
    "lastUpdateTime": "2017-04-19T06:13:05.000Z",
    "auth": 1,
    "uid": "bd-3676951086",
    "publishedVersion": 0,
    "forkFrom": "-",
    "isSpam": 0,
    "version": 2,
    "parentVersion": 1,
    "echartsVersion": "3.5.3",
    "versionCreateTime": "2017-04-24T16:06:46.000Z",
    "html": "",
    "externalScripts": "",
    "updaterUID": "bd-2905269377",
    "theme": "",
    "layout": "",
    "viewCount": 4804,
    "userName": "缘***m",
    "commentCount": 4,
    "starCount": 7,
    "isStared": 0,
    "thumbnailURL": "https://www.makeapie.com/ecg-storage/ec_gallery_thumbnail/xHJKleYN0l.png?v=1493050006614",
    "isCustomThumbnail": 0,
    "builtinTags": [
        "category-work",
        "grid",
        "legend",
        "series-bar",
        "title"
    ],
    "customTags": [],
    "updaterUserName": "4***了"
}