{
    "cid": "xHyLDOnb0e",
    "authorUid": "bd-2787351044",
    "authorUserName": "晴子雪",
    "title": "成绩详细统计分析",
    "description": "热力图，适合二维的",
    "latestVersion": 1,
    "alwaysLatest": 1,
    "createTime": "2017-04-17T03:37:02.000Z",
    "lastUpdateTime": "2017-04-17T03:37:02.000Z",
    "auth": 2,
    "uid": "bd-2787351044",
    "publishedVersion": 0,
    "forkFrom": "-",
    "isSpam": 0,
    "version": 1,
    "parentVersion": -1,
    "echartsVersion": "3.5.3",
    "versionCreateTime": "2017-04-17T03:37:02.000Z",
    "html": "",
    "externalScripts": "",
    "updaterUID": "bd-2787351044",
    "theme": "",
    "layout": "",
    "viewCount": 2267,
    "userName": "晴子雪",
    "commentCount": 0,
    "starCount": 5,
    "isStared": 0,
    "thumbnailURL": "https://www.makeapie.com/ecg-storage/ec_gallery_thumbnail/xHyLDOnb0e.png?v=1492400222354",
    "isCustomThumbnail": 0,
    "builtinTags": [
        "category-work",
        "grid",
        "series-heatmap",
        "title",
        "tooltip",
        "visualMap"
    ],
    "customTags": [
        "热力图"
    ],
    "updaterUserName": "晴子雪"
}