{
    "cid": "xHyMw-5nTg",
    "authorUid": "bd-1728584363",
    "authorUserName": "九月秋过",
    "title": "学生成绩（总）",
    "description": "",
    "latestVersion": 2,
    "alwaysLatest": 1,
    "createTime": "2017-04-13T05:49:14.000Z",
    "lastUpdateTime": "2017-04-13T05:49:14.000Z",
    "auth": 2,
    "uid": "bd-1728584363",
    "publishedVersion": 0,
    "forkFrom": "-",
    "isSpam": 0,
    "version": 2,
    "parentVersion": 1,
    "echartsVersion": "3.5.1",
    "versionCreateTime": "2017-04-14T07:43:13.000Z",
    "html": "",
    "externalScripts": "",
    "updaterUID": "bd-1728584363",
    "theme": "",
    "layout": "",
    "viewCount": 190,
    "userName": "九月秋过",
    "commentCount": 0,
    "starCount": 0,
    "isStared": 0,
    "thumbnailURL": "https://www.makeapie.com/ecg-storage/ec_gallery_thumbnail/xHyMw-5nTg.png?v=1492155793497",
    "isCustomThumbnail": 0,
    "builtinTags": [
        "axisPointer",
        "category-work",
        "grid",
        "legend",
        "series-bar",
        "series-line",
        "toolbox",
        "tooltip"
    ],
    "customTags": [],
    "updaterUserName": "九月秋过"
}