{
    "cid": "xr1iF1kpTl",
    "authorUid": "bd-1194181222",
    "authorUserName": "q1054261752",
    "title": "pie",
    "description": "pie",
    "latestVersion": 1,
    "alwaysLatest": 1,
    "createTime": "2017-04-13T11:22:43.000Z",
    "lastUpdateTime": "2017-04-13T11:22:43.000Z",
    "auth": 2,
    "uid": "bd-1194181222",
    "publishedVersion": 0,
    "forkFrom": "-",
    "isSpam": 0,
    "version": 1,
    "parentVersion": -1,
    "echartsVersion": "3.5.1",
    "versionCreateTime": "2017-04-13T11:22:43.000Z",
    "html": "",
    "externalScripts": "",
    "updaterUID": "bd-1194181222",
    "theme": "",
    "layout": "",
    "viewCount": 544,
    "userName": "q1054261752",
    "commentCount": 0,
    "starCount": 0,
    "isStared": 0,
    "thumbnailURL": "https://www.makeapie.com/ecg-storage/ec_gallery_thumbnail/xr1iF1kpTl.png?v=1492082563269",
    "isCustomThumbnail": 0,
    "builtinTags": [
        "axisPointer",
        "category-work",
        "legend",
        "series-pie",
        "tooltip"
    ],
    "customTags": [],
    "updaterUserName": "q1054261752"
}