{
    "cid": "xS1moC0s6x",
    "authorUid": "bd-2215764494",
    "authorUserName": "p***g",
    "title": "Scatter3D - Globe Population",
    "description": "",
    "latestVersion": 5,
    "alwaysLatest": 1,
    "createTime": "2017-04-12T17:06:34.000Z",
    "lastUpdateTime": "2017-04-12T17:10:26.000Z",
    "auth": 2,
    "uid": "bd-2215764494",
    "publishedVersion": 0,
    "forkFrom": "-",
    "isSpam": 0,
    "version": 5,
    "parentVersion": 4,
    "echartsVersion": "3.6.1",
    "versionCreateTime": "2017-06-12T06:47:44.000Z",
    "html": "",
    "externalScripts": "http://echarts.baidu.com/resource/echarts-gl-latest/dist/echarts-gl.min.js",
    "updaterUID": "bd-2215764494",
    "theme": "default",
    "layout": "",
    "viewCount": 9434,
    "userName": "p***g",
    "commentCount": 2,
    "starCount": 10,
    "isStared": 0,
    "thumbnailURL": "https://www.makeapie.com/ecg-storage/ec_gallery_thumbnail/xS1moC0s6x.png?v=1492017031710",
    "isCustomThumbnail": 1,
    "builtinTags": [
        "category-work",
        "globe",
        "series-scatter3D",
        "visualMap"
    ],
    "customTags": [
        "echarts-gl"
    ],
    "updaterUserName": "p***g"
}