{
    "cid": "x-IF59T7Wq",
    "authorUid": "obd-oFExWqdXj7kG8CenuVwwJ8OidRNeD5P",
    "authorUserName": "y***i",
    "title": "flow",
    "description": "flow",
    "latestVersion": 1,
    "alwaysLatest": 0,
    "createTime": "2021-12-08T07:05:09.000Z",
    "lastUpdateTime": "2021-12-08T07:05:09.000Z",
    "auth": 2,
    "uid": "obd-oFExWqdXj7kG8CenuVwwJ8OidRNeD5P",
    "publishedVersion": 0,
    "forkFrom": "-",
    "isSpam": 0,
    "version": 1,
    "parentVersion": -1,
    "echartsVersion": "5.2.2",
    "versionCreateTime": "2021-12-08T07:05:09.000Z",
    "html": "",
    "externalScripts": "",
    "updaterUID": "obd-oFExWqdXj7kG8CenuVwwJ8OidRNeD5P",
    "theme": "",
    "layout": "",
    "viewCount": 0,
    "userName": "y***i",
    "commentCount": 0,
    "starCount": 1,
    "isStared": 0,
    "thumbnailURL": "https://www.makeapie.com/ecg-storage/ec_gallery_thumbnail/x-IF59T7Wq.png?v=1638947109733",
    "isCustomThumbnail": 0,
    "builtinTags": [
        "category-work",
        "grid",
        "series-graph",
        "series-lines",
        "tooltip"
    ],
    "customTags": [
        "flow"
    ],
    "updaterUserName": "y***i"
}