{
    "cid": "x8BU4d181C",
    "authorUid": "obd-otakK4zPqKuG9zZO5LOzsMmEZbMGW8N",
    "authorUserName": "施***娟",
    "title": "全省碳排放累计值",
    "description": "",
    "latestVersion": 2,
    "alwaysLatest": 0,
    "createTime": "2021-12-08T03:09:41.000Z",
    "lastUpdateTime": "2021-12-08T03:18:58.000Z",
    "auth": 2,
    "uid": "obd-otakK4zPqKuG9zZO5LOzsMmEZbMGW8N",
    "publishedVersion": 0,
    "forkFrom": "-",
    "isSpam": 0,
    "version": 2,
    "parentVersion": 1,
    "echartsVersion": "5.2.2",
    "versionCreateTime": "2021-12-08T03:18:59.000Z",
    "html": "",
    "externalScripts": "",
    "updaterUID": "obd-otakK4zPqKuG9zZO5LOzsMmEZbMGW8N",
    "theme": "",
    "layout": "",
    "viewCount": 0,
    "userName": "施***娟",
    "commentCount": 0,
    "starCount": 0,
    "isStared": 0,
    "thumbnailURL": "https://www.makeapie.com/ecg-storage/ec_gallery_thumbnail/x8BU4d181C.png?v=1638933539187",
    "isCustomThumbnail": 0,
    "builtinTags": [
        "category-work",
        "grid",
        "series-bar",
        "series-line",
        "tooltip"
    ],
    "customTags": [],
    "updaterUserName": "施***娟"
}