{
    "cid": "xa7cx5y99w",
    "authorUid": "obd-otakK4zPqKuG9zZO5LOzsMmEZbMGW8N",
    "authorUserName": "施***娟",
    "title": "energy type",
    "description": "",
    "latestVersion": 2,
    "alwaysLatest": 0,
    "createTime": "2021-12-07T11:12:47.000Z",
    "lastUpdateTime": "2021-12-07T11:24:40.000Z",
    "auth": 2,
    "uid": "obd-otakK4zPqKuG9zZO5LOzsMmEZbMGW8N",
    "publishedVersion": 0,
    "forkFrom": "-",
    "isSpam": 0,
    "version": 2,
    "parentVersion": 1,
    "echartsVersion": "5.2.2",
    "versionCreateTime": "2021-12-07T11:24:40.000Z",
    "html": "",
    "externalScripts": "",
    "updaterUID": "obd-otakK4zPqKuG9zZO5LOzsMmEZbMGW8N",
    "theme": "",
    "layout": "",
    "viewCount": 0,
    "userName": "施***娟",
    "commentCount": 0,
    "starCount": 1,
    "isStared": 0,
    "thumbnailURL": "https://www.makeapie.com/ecg-storage/ec_gallery_thumbnail/xa7cx5y99w.png?v=1638876281037",
    "isCustomThumbnail": 0,
    "builtinTags": [
        "category-work",
        "grid",
        "series-bar",
        "title"
    ],
    "customTags": [],
    "updaterUserName": "施***娟"
}