{
    "cid": "xaqCVviZM4",
    "authorUid": "obd-oN5Ds0RSZeHageOmpvV6ymVe71BRVCx",
    "authorUserName": "正***眼",
    "title": "普通环形图",
    "description": "普通环形图",
    "latestVersion": 1,
    "alwaysLatest": 0,
    "createTime": "2021-12-08T06:48:50.000Z",
    "lastUpdateTime": "2021-12-08T06:48:50.000Z",
    "auth": 2,
    "uid": "obd-oN5Ds0RSZeHageOmpvV6ymVe71BRVCx",
    "publishedVersion": 0,
    "forkFrom": "-",
    "isSpam": 0,
    "version": 1,
    "parentVersion": -1,
    "echartsVersion": "4.8.0",
    "versionCreateTime": "2021-12-08T06:48:50.000Z",
    "html": "",
    "externalScripts": "",
    "updaterUID": "obd-oN5Ds0RSZeHageOmpvV6ymVe71BRVCx",
    "theme": "",
    "layout": "",
    "viewCount": 0,
    "userName": "正***眼",
    "commentCount": 0,
    "starCount": 0,
    "isStared": 0,
    "thumbnailURL": "https://www.makeapie.com/ecg-storage/ec_gallery_thumbnail/xaqCVviZM4.png?v=1638946130989",
    "isCustomThumbnail": 0,
    "builtinTags": [
        "category-work",
        "series-pie",
        "title"
    ],
    "customTags": [],
    "updaterUserName": "正***眼"
}