{
    "cid": "xdM2mGCAC0",
    "authorUid": "bd-359294619",
    "authorUserName": "新***l",
    "title": "折线图",
    "description": "折线图+提示框自动",
    "latestVersion": 4,
    "alwaysLatest": 0,
    "createTime": "2021-12-07T08:35:06.000Z",
    "lastUpdateTime": "2021-12-07T08:41:55.000Z",
    "auth": 2,
    "uid": "bd-359294619",
    "publishedVersion": 0,
    "forkFrom": "-",
    "isSpam": 0,
    "version": 4,
    "parentVersion": 3,
    "echartsVersion": "4.8.0",
    "versionCreateTime": "2021-12-07T08:41:55.000Z",
    "html": "",
    "externalScripts": "",
    "updaterUID": "bd-359294619",
    "theme": "",
    "layout": "",
    "viewCount": 0,
    "userName": "新***l",
    "commentCount": 0,
    "starCount": 0,
    "isStared": 0,
    "thumbnailURL": "https://www.makeapie.com/ecg-storage/ec_gallery_thumbnail/xdM2mGCAC0.png?v=1638866515196",
    "isCustomThumbnail": 0,
    "builtinTags": [
        "category-work",
        "grid",
        "legend",
        "series-line",
        "tooltip"
    ],
    "customTags": [],
    "updaterUserName": "新***l"
}