{
    "cid": "xfxmZRvaWd",
    "authorUid": "obd-o2Ddhxs8w2CRgTDIeNePRpfCS3stZBY",
    "authorUserName": "彭***6",
    "title": "",
    "description": "top图",
    "latestVersion": 3,
    "alwaysLatest": 0,
    "createTime": "2021-12-07T07:22:48.000Z",
    "lastUpdateTime": "2021-12-28T09:27:57.000Z",
    "auth": 2,
    "uid": "obd-o2Ddhxs8w2CRgTDIeNePRpfCS3stZBY",
    "publishedVersion": 0,
    "forkFrom": "-",
    "isSpam": 0,
    "version": 3,
    "parentVersion": 2,
    "echartsVersion": "4.9.0",
    "versionCreateTime": "2021-12-28T09:27:57.000Z",
    "html": "",
    "externalScripts": "",
    "updaterUID": "obd-o2Ddhxs8w2CRgTDIeNePRpfCS3stZBY",
    "theme": "",
    "layout": "",
    "viewCount": 0,
    "userName": "彭***6",
    "commentCount": 0,
    "starCount": 2,
    "isStared": 0,
    "thumbnailURL": "https://www.makeapie.com/ecg-storage/ec_gallery_thumbnail/xfxmZRvaWd.png?v=1640683677417",
    "isCustomThumbnail": 0,
    "builtinTags": [
        "category-work",
        "grid",
        "legend",
        "series-graph",
        "title"
    ],
    "customTags": [],
    "updaterUserName": "彭***6"
}