{
    "cid": "xnGnIEr7CM",
    "authorUid": "obd-otakK4zPqKuG9zZO5LOzsMmEZbMGW8N",
    "authorUserName": "施***娟",
    "title": "玫瑰图",
    "description": "",
    "latestVersion": 1,
    "alwaysLatest": 0,
    "createTime": "2021-12-07T09:54:20.000Z",
    "lastUpdateTime": "2021-12-07T09:54:20.000Z",
    "auth": 2,
    "uid": "obd-otakK4zPqKuG9zZO5LOzsMmEZbMGW8N",
    "publishedVersion": 0,
    "forkFrom": "-",
    "isSpam": 0,
    "version": 1,
    "parentVersion": -1,
    "echartsVersion": "5.2.2",
    "versionCreateTime": "2021-12-07T09:54:20.000Z",
    "html": "",
    "externalScripts": "",
    "updaterUID": "obd-otakK4zPqKuG9zZO5LOzsMmEZbMGW8N",
    "theme": "",
    "layout": "",
    "viewCount": 0,
    "userName": "施***娟",
    "commentCount": 0,
    "starCount": 1,
    "isStared": 0,
    "thumbnailURL": "https://www.makeapie.com/ecg-storage/ec_gallery_thumbnail/xnGnIEr7CM.png?v=1638870860775",
    "isCustomThumbnail": 0,
    "builtinTags": [
        "category-work",
        "series-pie",
        "tooltip"
    ],
    "customTags": [],
    "updaterUserName": "施***娟"
}