{
    "cid": "xPn_Gp_W1Z",
    "authorUid": "bd-621198641",
    "authorUserName": "l***2",
    "title": "分段曲线",
    "description": "",
    "latestVersion": 1,
    "alwaysLatest": 0,
    "createTime": "2021-12-07T06:45:34.000Z",
    "lastUpdateTime": "2021-12-07T06:45:34.000Z",
    "auth": 2,
    "uid": "bd-621198641",
    "publishedVersion": 0,
    "forkFrom": "-",
    "isSpam": 0,
    "version": 1,
    "parentVersion": -1,
    "echartsVersion": "5.2.2",
    "versionCreateTime": "2021-12-07T06:45:34.000Z",
    "html": "",
    "externalScripts": "",
    "updaterUID": "bd-621198641",
    "theme": "",
    "layout": "",
    "viewCount": 0,
    "userName": "l***2",
    "commentCount": 0,
    "starCount": 0,
    "isStared": 0,
    "thumbnailURL": "https://www.makeapie.com/ecg-storage/ec_gallery_thumbnail/xPn_Gp_W1Z.png?v=1638859534413",
    "isCustomThumbnail": 0,
    "builtinTags": [
        "category-work",
        "grid",
        "series-line",
        "tooltip",
        "visualMap"
    ],
    "customTags": [],
    "updaterUserName": "l***2"
}