{
    "cid": "xsGkZaWOiM",
    "authorUid": "obd-ot3kNRxXYlkWuN2u_thYwm0XYOKoT8w",
    "authorUserName": "l***e",
    "title": "纵向坐标",
    "description": "",
    "latestVersion": 7,
    "alwaysLatest": 0,
    "createTime": "2021-12-08T08:24:53.000Z",
    "lastUpdateTime": "2021-12-17T07:56:16.000Z",
    "auth": 2,
    "uid": "obd-ot3kNRxXYlkWuN2u_thYwm0XYOKoT8w",
    "publishedVersion": 0,
    "forkFrom": "-",
    "isSpam": 0,
    "version": 7,
    "parentVersion": 6,
    "echartsVersion": "5.2.2",
    "versionCreateTime": "2021-12-17T07:56:16.000Z",
    "html": "",
    "externalScripts": "https://cdn.jsdelivr.net/npm/papaparse/papaparse.min.js",
    "updaterUID": "obd-ot3kNRxXYlkWuN2u_thYwm0XYOKoT8w",
    "theme": "default",
    "layout": "",
    "viewCount": 0,
    "userName": "l***e",
    "commentCount": 0,
    "starCount": 0,
    "isStared": 0,
    "thumbnailURL": "https://www.makeapie.com/ecg-storage/ec_gallery_thumbnail/xsGkZaWOiM.png?v=1639727776411",
    "isCustomThumbnail": 0,
    "builtinTags": [
        "category-work",
        "grid",
        "series-line"
    ],
    "customTags": [],
    "updaterUserName": "l***e"
}