{
    "cid": "xXtwPxG0Z0",
    "authorUid": "obd-oClcJNESRcSJbp4-3RttwyavRH4Cg3C",
    "authorUserName": "9***2",
    "title": "多柱多折线复合图表",
    "description": "",
    "latestVersion": 1,
    "alwaysLatest": 0,
    "createTime": "2021-12-08T01:23:02.000Z",
    "lastUpdateTime": "2021-12-08T01:23:02.000Z",
    "auth": 2,
    "uid": "obd-oClcJNESRcSJbp4-3RttwyavRH4Cg3C",
    "publishedVersion": 0,
    "forkFrom": "-",
    "isSpam": 0,
    "version": 1,
    "parentVersion": -1,
    "echartsVersion": "5.2.2",
    "versionCreateTime": "2021-12-08T01:23:02.000Z",
    "html": "",
    "externalScripts": "",
    "updaterUID": "obd-oClcJNESRcSJbp4-3RttwyavRH4Cg3C",
    "theme": "",
    "layout": "",
    "viewCount": 0,
    "userName": "9***2",
    "commentCount": 0,
    "starCount": 0,
    "isStared": 0,
    "thumbnailURL": "https://www.makeapie.com/ecg-storage/ec_gallery_thumbnail/xXtwPxG0Z0.png?v=1638926582682",
    "isCustomThumbnail": 0,
    "builtinTags": [
        "category-work",
        "grid",
        "legend",
        "series-bar",
        "series-line",
        "title",
        "tooltip"
    ],
    "customTags": [],
    "updaterUserName": "9***2"
}