{
    "cid": "xBJdHCcg5z",
    "authorUid": "bd-3224787760",
    "authorUserName": "贼小资小清新",
    "title": "Awesome Chart",
    "description": "",
    "latestVersion": 1,
    "alwaysLatest": 1,
    "createTime": "2018-03-22T03:08:47.000Z",
    "lastUpdateTime": "2018-03-22T03:08:47.000Z",
    "auth": 1,
    "uid": "bd-3224787760",
    "publishedVersion": 0,
    "forkFrom": "-",
    "isSpam": 0,
    "version": 1,
    "parentVersion": -1,
    "echartsVersion": "4.0.4",
    "versionCreateTime": "2018-03-22T03:08:47.000Z",
    "html": "",
    "externalScripts": "",
    "updaterUID": "bd-3224787760",
    "theme": "",
    "layout": "",
    "viewCount": 65,
    "userName": "贼小资小清新",
    "commentCount": 0,
    "starCount": 0,
    "isStared": 0,
    "thumbnailURL": "https://www.makeapie.com/ecg-storage/ec_gallery_thumbnail/xBJdHCcg5z.png?v=1521688128019",
    "isCustomThumbnail": 0,
    "builtinTags": [
        "category-work",
        "grid",
        "series-line",
        "title"
    ],
    "customTags": [],
    "updaterUserName": "贼小资小清新"
}