{
    "cid": "xBkqEQQzcM",
    "authorUid": "bd-2000941130",
    "authorUserName": "y***人",
    "title": "违纪学生专业占比",
    "description": "",
    "latestVersion": 2,
    "alwaysLatest": 1,
    "createTime": "2018-03-23T06:48:18.000Z",
    "lastUpdateTime": "2018-03-23T06:48:18.000Z",
    "auth": 1,
    "uid": "bd-2000941130",
    "publishedVersion": 0,
    "forkFrom": "-",
    "isSpam": 0,
    "version": 2,
    "parentVersion": 1,
    "echartsVersion": "4.0.4",
    "versionCreateTime": "2018-03-23T07:21:43.000Z",
    "html": "",
    "externalScripts": "",
    "updaterUID": "bd-2000941130",
    "theme": "",
    "layout": "",
    "viewCount": 471,
    "userName": "y***人",
    "commentCount": 0,
    "starCount": 0,
    "isStared": 0,
    "thumbnailURL": "https://www.makeapie.com/ecg-storage/ec_gallery_thumbnail/xBkqEQQzcM.png?v=1521789703598",
    "isCustomThumbnail": 0,
    "builtinTags": [
        "category-work",
        "legend",
        "series-pie",
        "title",
        "tooltip"
    ],
    "customTags": [],
    "updaterUserName": "y***人"
}