{
    "cid": "xr1cEaFe5z",
    "authorUid": "bd-404965171",
    "authorUserName": "小***物",
    "title": "企业许可情况新版与注销分析",
    "description": "",
    "latestVersion": 1,
    "alwaysLatest": 1,
    "createTime": "2018-03-22T01:56:02.000Z",
    "lastUpdateTime": "2018-03-22T01:56:02.000Z",
    "auth": 2,
    "uid": "bd-404965171",
    "publishedVersion": 0,
    "forkFrom": "-",
    "isSpam": 0,
    "version": 1,
    "parentVersion": -1,
    "echartsVersion": "4.0.4",
    "versionCreateTime": "2018-03-22T01:56:02.000Z",
    "html": "",
    "externalScripts": "",
    "updaterUID": "bd-404965171",
    "theme": "",
    "layout": "",
    "viewCount": 166,
    "userName": "小***物",
    "commentCount": 0,
    "starCount": 1,
    "isStared": 0,
    "thumbnailURL": "https://www.makeapie.com/ecg-storage/ec_gallery_thumbnail/xr1cEaFe5z.png?v=1521683762290",
    "isCustomThumbnail": 0,
    "builtinTags": [
        "category-work",
        "grid",
        "markLine",
        "series-scatter",
        "title",
        "tooltip"
    ],
    "customTags": [],
    "updaterUserName": "小***物"
}