{
    "cid": "xr1n1pte5f",
    "authorUid": "bd-404965171",
    "authorUserName": "小***物",
    "title": "抽检异议情况分析",
    "description": "单位异议趋势分析",
    "latestVersion": 1,
    "alwaysLatest": 1,
    "createTime": "2018-03-22T01:54:44.000Z",
    "lastUpdateTime": "2018-03-22T01:54:44.000Z",
    "auth": 2,
    "uid": "bd-404965171",
    "publishedVersion": 0,
    "forkFrom": "-",
    "isSpam": 0,
    "version": 1,
    "parentVersion": -1,
    "echartsVersion": "4.0.4",
    "versionCreateTime": "2018-03-22T01:54:44.000Z",
    "html": "",
    "externalScripts": "",
    "updaterUID": "bd-404965171",
    "theme": "",
    "layout": "",
    "viewCount": 67,
    "userName": "小***物",
    "commentCount": 0,
    "starCount": 0,
    "isStared": 0,
    "thumbnailURL": "https://www.makeapie.com/ecg-storage/ec_gallery_thumbnail/xr1n1pte5f.png?v=1521683684342",
    "isCustomThumbnail": 0,
    "builtinTags": [
        "category-work",
        "grid",
        "legend",
        "series-line",
        "title",
        "tooltip"
    ],
    "customTags": [],
    "updaterUserName": "小***物"
}