{
    "cid": "xrJzIEKfqG",
    "authorUid": "bd-2284255891",
    "authorUserName": "a493840605",
    "title": "sankey",
    "description": "",
    "latestVersion": 6,
    "alwaysLatest": 1,
    "createTime": "2018-03-23T13:42:33.000Z",
    "lastUpdateTime": "2018-03-24T01:43:20.000Z",
    "auth": 2,
    "uid": "bd-2284255891",
    "publishedVersion": 0,
    "forkFrom": "-",
    "isSpam": 0,
    "version": 6,
    "parentVersion": 5,
    "echartsVersion": "4.0.4",
    "versionCreateTime": "2018-03-24T03:33:32.000Z",
    "html": "",
    "externalScripts": "",
    "updaterUID": "bd-2284255891",
    "theme": "default",
    "layout": "",
    "viewCount": 474,
    "userName": "a493840605",
    "commentCount": 0,
    "starCount": 0,
    "isStared": 0,
    "thumbnailURL": "https://www.makeapie.com/ecg-storage/ec_gallery_thumbnail/xrJzIEKfqG.png?v=1521862412872",
    "isCustomThumbnail": 0,
    "builtinTags": [
        "category-work",
        "series-sankey"
    ],
    "customTags": [],
    "updaterUserName": "a493840605"
}