{
    "cid": "xS1hG5Hm9G",
    "authorUid": "bd-2284255891",
    "authorUserName": "a493840605",
    "title": "sankey t3",
    "description": "",
    "latestVersion": 2,
    "alwaysLatest": 1,
    "createTime": "2018-03-24T03:46:28.000Z",
    "lastUpdateTime": "2018-03-24T03:46:28.000Z",
    "auth": 2,
    "uid": "bd-2284255891",
    "publishedVersion": 0,
    "forkFrom": "-",
    "isSpam": 0,
    "version": 2,
    "parentVersion": 1,
    "echartsVersion": "4.0.4",
    "versionCreateTime": "2018-03-24T03:51:49.000Z",
    "html": "",
    "externalScripts": "",
    "updaterUID": "bd-2284255891",
    "theme": "vintage",
    "layout": "",
    "viewCount": 298,
    "userName": "a493840605",
    "commentCount": 0,
    "starCount": 0,
    "isStared": 0,
    "thumbnailURL": "https://www.makeapie.com/ecg-storage/ec_gallery_thumbnail/xS1hG5Hm9G.png?v=1521863509462",
    "isCustomThumbnail": 0,
    "builtinTags": [
        "category-work",
        "series-sankey"
    ],
    "customTags": [],
    "updaterUserName": "a493840605"
}