{
    "cid": "xSJ3OnHmqM",
    "authorUid": "bd-2284255891",
    "authorUserName": "a493840605",
    "title": "sankey t4",
    "description": "",
    "latestVersion": 1,
    "alwaysLatest": 1,
    "createTime": "2018-03-24T03:56:36.000Z",
    "lastUpdateTime": "2018-03-24T03:56:43.000Z",
    "auth": 2,
    "uid": "bd-2284255891",
    "publishedVersion": 0,
    "forkFrom": "-",
    "isSpam": 0,
    "version": 1,
    "parentVersion": -1,
    "echartsVersion": "4.0.4",
    "versionCreateTime": "2018-03-24T03:56:36.000Z",
    "html": "",
    "externalScripts": "",
    "updaterUID": "bd-2284255891",
    "theme": "vintage",
    "layout": "",
    "viewCount": 230,
    "userName": "a493840605",
    "commentCount": 0,
    "starCount": 0,
    "isStared": 0,
    "thumbnailURL": "https://www.makeapie.com/ecg-storage/ec_gallery_thumbnail/xSJ3OnHmqM.png?v=1521863796488",
    "isCustomThumbnail": 0,
    "builtinTags": [],
    "customTags": [],
    "updaterUserName": "a493840605"
}