{
    "cid": "xSJn9azMcf",
    "authorUid": "bd-672241695",
    "authorUserName": "炜迦炜迦",
    "title": "柱状图&极坐标饼图切换",
    "description": "柱状图与极坐标图间无缝切换",
    "latestVersion": 2,
    "alwaysLatest": 1,
    "createTime": "2018-03-23T06:24:20.000Z",
    "lastUpdateTime": "2018-03-23T06:24:20.000Z",
    "auth": 1,
    "uid": "bd-672241695",
    "publishedVersion": 0,
    "forkFrom": "-",
    "isSpam": 0,
    "version": 2,
    "parentVersion": 1,
    "echartsVersion": "4.0.4",
    "versionCreateTime": "2018-03-23T06:25:17.000Z",
    "html": "",
    "externalScripts": "/dep/echarts/map/js/china.js",
    "updaterUID": "bd-672241695",
    "theme": "",
    "layout": "",
    "viewCount": 803,
    "userName": "炜迦炜迦",
    "commentCount": 0,
    "starCount": 2,
    "isStared": 0,
    "thumbnailURL": "https://www.makeapie.com/ecg-storage/ec_gallery_thumbnail/xSJn9azMcf.png?v=1521786317519",
    "isCustomThumbnail": 0,
    "builtinTags": [
        "category-work",
        "polar",
        "series-bar",
        "series-pie",
        "title",
        "toolbox",
        "tooltip"
    ],
    "customTags": [],
    "updaterUserName": "炜迦炜迦"
}