{
    "cid": "x0u94__fQc",
    "authorUid": "bd-2087717542",
    "authorUserName": "c***9",
    "title": "Random",
    "description": "复杂网络",
    "latestVersion": 1,
    "alwaysLatest": 1,
    "createTime": "2021-04-13T08:35:06.000Z",
    "lastUpdateTime": "2021-04-13T08:35:06.000Z",
    "auth": 2,
    "uid": "bd-2087717542",
    "publishedVersion": 0,
    "forkFrom": "-",
    "isSpam": 0,
    "version": 1,
    "parentVersion": -1,
    "echartsVersion": "4.8.0",
    "versionCreateTime": "2021-04-13T08:35:06.000Z",
    "html": "",
    "externalScripts": "",
    "updaterUID": "bd-2087717542",
    "theme": "",
    "layout": "",
    "viewCount": 29,
    "userName": "c***9",
    "commentCount": 0,
    "starCount": 1,
    "isStared": 0,
    "thumbnailURL": "https://www.makeapie.com/ecg-storage/ec_gallery_thumbnail/x0u94__fQc.png?v=1618302906449",
    "isCustomThumbnail": 0,
    "builtinTags": [
        "category-work",
        "series-graph"
    ],
    "customTags": [
        "network"
    ],
    "updaterUserName": "c***9"
}