{
    "cid": "x57-9Zf4hE",
    "authorUid": "bd-1309162528",
    "authorUserName": "小***7",
    "title": "饼图1",
    "description": "",
    "latestVersion": 1,
    "alwaysLatest": 1,
    "createTime": "2021-04-14T05:42:59.000Z",
    "lastUpdateTime": "2021-04-14T05:42:59.000Z",
    "auth": 2,
    "uid": "bd-1309162528",
    "publishedVersion": 0,
    "forkFrom": "-",
    "isSpam": 0,
    "version": 1,
    "parentVersion": -1,
    "echartsVersion": "4.8.0",
    "versionCreateTime": "2021-04-14T05:42:59.000Z",
    "html": "",
    "externalScripts": "",
    "updaterUID": "bd-1309162528",
    "theme": "",
    "layout": "",
    "viewCount": 25,
    "userName": "小***7",
    "commentCount": 0,
    "starCount": 2,
    "isStared": 0,
    "thumbnailURL": "https://www.makeapie.com/ecg-storage/ec_gallery_thumbnail/x57-9Zf4hE.png?v=1618378979235",
    "isCustomThumbnail": 0,
    "builtinTags": [
        "category-work",
        "grid",
        "series-pie",
        "title"
    ],
    "customTags": [],
    "updaterUserName": "小***7"
}