{
    "cid": "x6xUNIu1CQ",
    "authorUid": "bd-1948277857",
    "authorUserName": "小***0",
    "title": "仪表盘",
    "description": "仪表盘",
    "latestVersion": 1,
    "alwaysLatest": 1,
    "createTime": "2021-04-14T12:23:17.000Z",
    "lastUpdateTime": "2021-04-14T12:23:17.000Z",
    "auth": 2,
    "uid": "bd-1948277857",
    "publishedVersion": 0,
    "forkFrom": "-",
    "isSpam": 0,
    "version": 1,
    "parentVersion": -1,
    "echartsVersion": "4.8.0",
    "versionCreateTime": "2021-04-14T12:23:17.000Z",
    "html": "",
    "externalScripts": "",
    "updaterUID": "bd-1948277857",
    "theme": "",
    "layout": "",
    "viewCount": 26,
    "userName": "小***0",
    "commentCount": 0,
    "starCount": 2,
    "isStared": 0,
    "thumbnailURL": "https://www.makeapie.com/ecg-storage/ec_gallery_thumbnail/x6xUNIu1CQ.png?v=1618402997312",
    "isCustomThumbnail": 0,
    "builtinTags": [
        "category-work",
        "series-gauge"
    ],
    "customTags": [],
    "updaterUserName": "小***0"
}