{
    "cid": "xAaI1Gnly5",
    "authorUid": "obd-ol7AZiub0e7aCciMcMlE--xNgi2S_03",
    "authorUserName": "E***e",
    "title": "全景计划",
    "description": "",
    "latestVersion": 1,
    "alwaysLatest": 1,
    "createTime": "2021-04-15T01:45:37.000Z",
    "lastUpdateTime": "2021-04-15T01:45:37.000Z",
    "auth": 2,
    "uid": "obd-ol7AZiub0e7aCciMcMlE--xNgi2S_03",
    "publishedVersion": 0,
    "forkFrom": "-",
    "isSpam": 0,
    "version": 1,
    "parentVersion": -1,
    "echartsVersion": "4.8.0",
    "versionCreateTime": "2021-04-15T01:45:37.000Z",
    "html": "",
    "externalScripts": "",
    "updaterUID": "obd-ol7AZiub0e7aCciMcMlE--xNgi2S_03",
    "theme": "",
    "layout": "",
    "viewCount": 46,
    "userName": "E***e",
    "commentCount": 0,
    "starCount": 1,
    "isStared": 0,
    "thumbnailURL": "https://www.makeapie.com/ecg-storage/ec_gallery_thumbnail/xAaI1Gnly5.png?v=1618451138087",
    "isCustomThumbnail": 0,
    "builtinTags": [
        "category-work",
        "dataZoom",
        "grid",
        "legend",
        "series-bar",
        "title",
        "tooltip"
    ],
    "customTags": [],
    "updaterUserName": "E***e"
}