{
    "cid": "xed3GOGOpV",
    "authorUid": "bd-2641689181",
    "authorUserName": "未***w",
    "title": "缺少数据",
    "description": "",
    "latestVersion": 5,
    "alwaysLatest": 1,
    "createTime": "2021-04-12T11:23:14.000Z",
    "lastUpdateTime": "2021-04-12T11:23:14.000Z",
    "auth": 2,
    "uid": "bd-2641689181",
    "publishedVersion": 0,
    "forkFrom": "-",
    "isSpam": 0,
    "version": 5,
    "parentVersion": 4,
    "echartsVersion": "4.8.0",
    "versionCreateTime": "2021-04-13T01:35:14.000Z",
    "html": "",
    "externalScripts": "",
    "updaterUID": "bd-2641689181",
    "theme": "",
    "layout": "",
    "viewCount": 26,
    "userName": "未***w",
    "commentCount": 0,
    "starCount": 0,
    "isStared": 0,
    "thumbnailURL": "https://www.makeapie.com/ecg-storage/ec_gallery_thumbnail/xed3GOGOpV.png?v=1618277714333",
    "isCustomThumbnail": 0,
    "builtinTags": [
        "category-work",
        "grid",
        "series-line",
        "title"
    ],
    "customTags": [],
    "updaterUserName": "未***w"
}