{
    "cid": "xf2rQNWkIR",
    "authorUid": "obd-o2VdGe5NpwwQ1Jwos0ALsTGV0iH-ABt",
    "authorUserName": "颖***哥",
    "title": "资源占用比",
    "description": "计算机，数据资源占用比关系图",
    "latestVersion": 1,
    "alwaysLatest": 1,
    "createTime": "2021-04-13T03:15:01.000Z",
    "lastUpdateTime": "2021-04-13T03:15:01.000Z",
    "auth": 1,
    "uid": "obd-o2VdGe5NpwwQ1Jwos0ALsTGV0iH-ABt",
    "publishedVersion": 0,
    "forkFrom": "-",
    "isSpam": 0,
    "version": 1,
    "parentVersion": -1,
    "echartsVersion": "4.8.0",
    "versionCreateTime": "2021-04-13T03:15:01.000Z",
    "html": "",
    "externalScripts": "",
    "updaterUID": "obd-o2VdGe5NpwwQ1Jwos0ALsTGV0iH-ABt",
    "theme": "",
    "layout": "",
    "viewCount": 28,
    "userName": "颖***哥",
    "commentCount": 0,
    "starCount": 1,
    "isStared": 0,
    "thumbnailURL": "https://www.makeapie.com/ecg-storage/ec_gallery_thumbnail/xf2rQNWkIR.png?v=1618283701812",
    "isCustomThumbnail": 0,
    "builtinTags": [
        "category-work",
        "series-pie",
        "title"
    ],
    "customTags": [
        "占用比",
        "资源",
        "饼状图"
    ],
    "updaterUserName": "颖***哥"
}