{
    "cid": "xg8JvXQEiV",
    "authorUid": "bd-4198402328",
    "authorUserName": "a***3",
    "title": "百分比图",
    "description": "",
    "latestVersion": 1,
    "alwaysLatest": 1,
    "createTime": "2021-04-12T08:55:27.000Z",
    "lastUpdateTime": "2021-04-12T08:55:27.000Z",
    "auth": 2,
    "uid": "bd-4198402328",
    "publishedVersion": 0,
    "forkFrom": "-",
    "isSpam": 0,
    "version": 1,
    "parentVersion": -1,
    "echartsVersion": "4.8.0",
    "versionCreateTime": "2021-04-12T08:55:27.000Z",
    "html": "",
    "externalScripts": "",
    "updaterUID": "bd-4198402328",
    "theme": "",
    "layout": "",
    "viewCount": 13,
    "userName": "a***3",
    "commentCount": 0,
    "starCount": 0,
    "isStared": 0,
    "thumbnailURL": "https://www.makeapie.com/ecg-storage/ec_gallery_thumbnail/xg8JvXQEiV.png?v=1618217727784",
    "isCustomThumbnail": 0,
    "builtinTags": [
        "category-work",
        "grid",
        "markLine",
        "series-pictorialBar",
        "tooltip"
    ],
    "customTags": [
        "pictorialBar"
    ],
    "updaterUserName": "a***3"
}