{
    "cid": "xlYxtliIK3",
    "authorUid": "bd-420474456",
    "authorUserName": "彼***儡",
    "title": "y轴为时间",
    "description": "",
    "latestVersion": 1,
    "alwaysLatest": 1,
    "createTime": "2021-04-12T09:29:16.000Z",
    "lastUpdateTime": "2021-04-12T09:29:16.000Z",
    "auth": 2,
    "uid": "bd-420474456",
    "publishedVersion": 0,
    "forkFrom": "-",
    "isSpam": 0,
    "version": 1,
    "parentVersion": -1,
    "echartsVersion": "4.8.0",
    "versionCreateTime": "2021-04-12T09:29:16.000Z",
    "html": "",
    "externalScripts": "",
    "updaterUID": "bd-420474456",
    "theme": "",
    "layout": "",
    "viewCount": 12,
    "userName": "彼***儡",
    "commentCount": 0,
    "starCount": 0,
    "isStared": 0,
    "thumbnailURL": "https://www.makeapie.com/ecg-storage/ec_gallery_thumbnail/xlYxtliIK3.png?v=1618219756360",
    "isCustomThumbnail": 0,
    "builtinTags": [
        "category-work",
        "grid",
        "series-bar",
        "tooltip"
    ],
    "customTags": [],
    "updaterUserName": "彼***儡"
}