{
    "cid": "xT5a0mHFjn",
    "authorUid": "obd-o2rLNh0qJ5G_mzprXJjN5B9Qq8wlO6K",
    "authorUserName": "c***J",
    "title": "圆环百分比",
    "description": "",
    "latestVersion": 1,
    "alwaysLatest": 1,
    "createTime": "2021-04-15T02:42:12.000Z",
    "lastUpdateTime": "2021-04-15T02:42:12.000Z",
    "auth": 2,
    "uid": "obd-o2rLNh0qJ5G_mzprXJjN5B9Qq8wlO6K",
    "publishedVersion": 0,
    "forkFrom": "-",
    "isSpam": 0,
    "version": 1,
    "parentVersion": -1,
    "echartsVersion": "4.8.0",
    "versionCreateTime": "2021-04-15T02:42:12.000Z",
    "html": "",
    "externalScripts": "",
    "updaterUID": "obd-o2rLNh0qJ5G_mzprXJjN5B9Qq8wlO6K",
    "theme": "",
    "layout": "",
    "viewCount": 25,
    "userName": "c***J",
    "commentCount": 0,
    "starCount": 1,
    "isStared": 0,
    "thumbnailURL": "https://www.makeapie.com/ecg-storage/ec_gallery_thumbnail/xT5a0mHFjn.png?v=1618454532302",
    "isCustomThumbnail": 0,
    "builtinTags": [
        "category-work",
        "legend",
        "series-pie",
        "title",
        "tooltip"
    ],
    "customTags": [],
    "updaterUserName": "c***J"
}