{
    "cid": "xYpElmE70I",
    "authorUid": "bd-3523514114",
    "authorUserName": "l***r",
    "title": "对数 散点图",
    "description": "对数 散点图",
    "latestVersion": 2,
    "alwaysLatest": 1,
    "createTime": "2021-04-12T09:56:21.000Z",
    "lastUpdateTime": "2021-04-12T09:56:21.000Z",
    "auth": 2,
    "uid": "bd-3523514114",
    "publishedVersion": 0,
    "forkFrom": "-",
    "isSpam": 0,
    "version": 2,
    "parentVersion": 1,
    "echartsVersion": "4.9.0",
    "versionCreateTime": "2021-06-02T14:12:43.000Z",
    "html": "",
    "externalScripts": "",
    "updaterUID": "bd-3523514114",
    "theme": "",
    "layout": "",
    "viewCount": 31,
    "userName": "l***r",
    "commentCount": 0,
    "starCount": 3,
    "isStared": 0,
    "thumbnailURL": "https://www.makeapie.com/ecg-storage/ec_gallery_thumbnail/xYpElmE70I.png?v=1622643163818",
    "isCustomThumbnail": 0,
    "builtinTags": [
        "category-work",
        "grid",
        "series-scatter",
        "title",
        "tooltip"
    ],
    "customTags": [],
    "updaterUserName": "l***r"
}