{
    "cid": "x-e9lXIauL",
    "authorUid": "bd-1789385225",
    "authorUserName": "大***祖",
    "title": "cshi",
    "description": "",
    "latestVersion": 1,
    "alwaysLatest": 1,
    "createTime": "2019-06-21T04:41:26.000Z",
    "lastUpdateTime": "2019-06-21T04:41:26.000Z",
    "auth": 2,
    "uid": "bd-1789385225",
    "publishedVersion": 0,
    "forkFrom": "-",
    "isSpam": 0,
    "version": 1,
    "parentVersion": -1,
    "echartsVersion": "4.2.1",
    "versionCreateTime": "2019-06-21T04:41:26.000Z",
    "html": "",
    "externalScripts": "",
    "updaterUID": "bd-1789385225",
    "theme": "",
    "layout": "",
    "viewCount": 309,
    "userName": "大***祖",
    "commentCount": 1,
    "starCount": 0,
    "isStared": 0,
    "thumbnailURL": "https://www.makeapie.com/ecg-storage/ec_gallery_thumbnail/x-e9lXIauL.png?v=1561092086973",
    "isCustomThumbnail": 0,
    "builtinTags": [
        "category-work",
        "polar",
        "series-bar"
    ],
    "customTags": [],
    "updaterUserName": "大***祖"
}