{
    "cid": "x8hucapog0",
    "authorUid": "bd-258458457",
    "authorUserName": "破***火",
    "title": "单轴散点图",
    "description": "",
    "latestVersion": 1,
    "alwaysLatest": 1,
    "createTime": "2019-06-20T14:10:23.000Z",
    "lastUpdateTime": "2019-06-20T14:10:23.000Z",
    "auth": 2,
    "uid": "bd-258458457",
    "publishedVersion": 0,
    "forkFrom": "-",
    "isSpam": 0,
    "version": 1,
    "parentVersion": -1,
    "echartsVersion": "4.2.1",
    "versionCreateTime": "2019-06-20T14:10:23.000Z",
    "html": "",
    "externalScripts": "",
    "updaterUID": "bd-258458457",
    "theme": "",
    "layout": "",
    "viewCount": 934,
    "userName": "破***火",
    "commentCount": 0,
    "starCount": 2,
    "isStared": 0,
    "thumbnailURL": "https://www.makeapie.com/ecg-storage/ec_gallery_thumbnail/x8hucapog0.png?v=1561039824014",
    "isCustomThumbnail": 0,
    "builtinTags": [
        "category-work",
        "series-scatter",
        "singleAxis",
        "title",
        "tooltip"
    ],
    "customTags": [],
    "updaterUserName": "破***火"
}