{
    "cid": "x_Ff8lXrbz",
    "authorUid": "bd-3793071787",
    "authorUserName": "二***弃",
    "title": "自定义柱状图颜色",
    "description": "自定义某一条柱状图颜色",
    "latestVersion": 1,
    "alwaysLatest": 1,
    "createTime": "2019-06-24T03:16:59.000Z",
    "lastUpdateTime": "2019-06-24T03:16:59.000Z",
    "auth": 1,
    "uid": "bd-3793071787",
    "publishedVersion": 0,
    "forkFrom": "-",
    "isSpam": 0,
    "version": 1,
    "parentVersion": -1,
    "echartsVersion": "4.2.1",
    "versionCreateTime": "2019-06-24T03:16:59.000Z",
    "html": "",
    "externalScripts": "",
    "updaterUID": "bd-3793071787",
    "theme": "",
    "layout": "",
    "viewCount": 422,
    "userName": "二***弃",
    "commentCount": 0,
    "starCount": 0,
    "isStared": 0,
    "thumbnailURL": "https://www.makeapie.com/ecg-storage/ec_gallery_thumbnail/x_Ff8lXrbz.png?v=1561346219307",
    "isCustomThumbnail": 0,
    "builtinTags": [
        "category-work",
        "grid",
        "series-bar"
    ],
    "customTags": [],
    "updaterUserName": "二***弃"
}