{
    "cid": "xb2xwWmDwy",
    "authorUid": "bd-2551978378",
    "authorUserName": "6***2",
    "title": "2010年排序",
    "description": "",
    "latestVersion": 3,
    "alwaysLatest": 1,
    "createTime": "2019-06-22T03:49:18.000Z",
    "lastUpdateTime": "2019-06-22T03:49:18.000Z",
    "auth": 2,
    "uid": "bd-2551978378",
    "publishedVersion": 0,
    "forkFrom": "-",
    "isSpam": 0,
    "version": 3,
    "parentVersion": 2,
    "echartsVersion": "4.2.1",
    "versionCreateTime": "2019-06-22T04:34:10.000Z",
    "html": "",
    "externalScripts": "",
    "updaterUID": "bd-2551978378",
    "theme": "",
    "layout": "",
    "viewCount": 761,
    "userName": "6***2",
    "commentCount": 0,
    "starCount": 4,
    "isStared": 0,
    "thumbnailURL": "https://www.makeapie.com/ecg-storage/ec_gallery_thumbnail/xb2xwWmDwy.png?v=1561178050872",
    "isCustomThumbnail": 0,
    "builtinTags": [
        "category-work",
        "grid",
        "markLine",
        "series-bar",
        "timeline",
        "title",
        "tooltip"
    ],
    "customTags": [],
    "updaterUserName": "6***2"
}