{
    "cid": "xHzjiNP_KP",
    "authorUid": "bd-2903669626",
    "authorUserName": "z***2",
    "title": "高考学生占比图",
    "description": "68.97%",
    "latestVersion": 4,
    "alwaysLatest": 1,
    "createTime": "2019-06-21T06:03:36.000Z",
    "lastUpdateTime": "2019-06-21T06:03:36.000Z",
    "auth": 2,
    "uid": "bd-2903669626",
    "publishedVersion": 0,
    "forkFrom": "-",
    "isSpam": 0,
    "version": 4,
    "parentVersion": 3,
    "echartsVersion": "4.2.1",
    "versionCreateTime": "2019-06-25T09:04:55.000Z",
    "html": "",
    "externalScripts": "",
    "updaterUID": "bd-2903669626",
    "theme": "",
    "layout": "",
    "viewCount": 189,
    "userName": "z***2",
    "commentCount": 0,
    "starCount": 4,
    "isStared": 0,
    "thumbnailURL": "https://www.makeapie.com/ecg-storage/ec_gallery_thumbnail/xHzjiNP_KP.png?v=1561453495164",
    "isCustomThumbnail": 0,
    "builtinTags": [
        "category-work",
        "grid",
        "series-pictorialBar",
        "series-pie",
        "title",
        "tooltip"
    ],
    "customTags": [],
    "updaterUserName": "z***2"
}