{
    "cid": "xKa8XoS9sN",
    "authorUid": "bd-173443696",
    "authorUserName": "o***2",
    "title": "每日申请、实际乘车对比",
    "description": "2019-04-01至2019-04-14",
    "latestVersion": 1,
    "alwaysLatest": 1,
    "createTime": "2019-06-21T02:05:52.000Z",
    "lastUpdateTime": "2019-06-21T02:05:52.000Z",
    "auth": 2,
    "uid": "bd-173443696",
    "publishedVersion": 0,
    "forkFrom": "-",
    "isSpam": 0,
    "version": 1,
    "parentVersion": -1,
    "echartsVersion": "4.2.1",
    "versionCreateTime": "2019-06-21T02:05:52.000Z",
    "html": "",
    "externalScripts": "",
    "updaterUID": "bd-173443696",
    "theme": "",
    "layout": "",
    "viewCount": 38,
    "userName": "o***2",
    "commentCount": 0,
    "starCount": 0,
    "isStared": 0,
    "thumbnailURL": "https://www.makeapie.com/ecg-storage/ec_gallery_thumbnail/xKa8XoS9sN.png?v=1561082752240",
    "isCustomThumbnail": 0,
    "builtinTags": [
        "category-work",
        "grid",
        "legend",
        "series-bar",
        "title",
        "tooltip"
    ],
    "customTags": [],
    "updaterUserName": "o***2"
}