{
    "cid": "xMojOVU3q_5",
    "authorUid": "bd-3162262165",
    "authorUserName": "153******08",
    "title": "仪表盘占比",
    "description": "",
    "latestVersion": 1,
    "alwaysLatest": 1,
    "createTime": "2019-06-25T02:15:01.000Z",
    "lastUpdateTime": "2019-06-25T02:15:01.000Z",
    "auth": 2,
    "uid": "bd-3162262165",
    "publishedVersion": 0,
    "forkFrom": "-",
    "isSpam": 0,
    "version": 1,
    "parentVersion": -1,
    "echartsVersion": "4.2.1",
    "versionCreateTime": "2019-06-25T02:15:01.000Z",
    "html": "",
    "externalScripts": "",
    "updaterUID": "bd-3162262165",
    "theme": "",
    "layout": "",
    "viewCount": 71,
    "userName": "153******08",
    "commentCount": 0,
    "starCount": 0,
    "isStared": 0,
    "thumbnailURL": "https://www.makeapie.com/ecg-storage/ec_gallery_thumbnail/xMojOVU3q_5.png?v=1561428901346",
    "isCustomThumbnail": 0,
    "builtinTags": [
        "category-work",
        "series-gauge",
        "tooltip"
    ],
    "customTags": [],
    "updaterUserName": "153******08"
}