{
    "cid": "xMXEhErcfL",
    "authorUid": "bd-1225818356",
    "authorUserName": "舍得JIUJIU",
    "title": "safari",
    "description": "safari调起时间",
    "latestVersion": 2,
    "alwaysLatest": 1,
    "createTime": "2019-06-20T18:15:10.000Z",
    "lastUpdateTime": "2019-06-20T18:15:10.000Z",
    "auth": 2,
    "uid": "bd-1225818356",
    "publishedVersion": 0,
    "forkFrom": "-",
    "isSpam": 0,
    "version": 2,
    "parentVersion": 1,
    "echartsVersion": "4.2.1",
    "versionCreateTime": "2019-06-20T18:15:29.000Z",
    "html": "",
    "externalScripts": "",
    "updaterUID": "bd-1225818356",
    "theme": "",
    "layout": "",
    "viewCount": 18,
    "userName": "舍得JIUJIU",
    "commentCount": 0,
    "starCount": 0,
    "isStared": 0,
    "thumbnailURL": "https://www.makeapie.com/ecg-storage/ec_gallery_thumbnail/xMXEhErcfL.png?v=1561054530119",
    "isCustomThumbnail": 0,
    "builtinTags": [
        "category-work",
        "grid",
        "series-scatter",
        "tooltip"
    ],
    "customTags": [],
    "updaterUserName": "舍得JIUJIU"
}