{
    "cid": "xT--zrgj0F",
    "authorUid": "bd-2551978378",
    "authorUserName": "6***2",
    "title": "接待游客情况",
    "description": "历年接待发展趋势",
    "latestVersion": 1,
    "alwaysLatest": 1,
    "createTime": "2019-06-21T08:50:15.000Z",
    "lastUpdateTime": "2019-06-21T08:50:15.000Z",
    "auth": 2,
    "uid": "bd-2551978378",
    "publishedVersion": 0,
    "forkFrom": "-",
    "isSpam": 0,
    "version": 1,
    "parentVersion": -1,
    "echartsVersion": "4.2.1",
    "versionCreateTime": "2019-06-21T08:50:15.000Z",
    "html": "",
    "externalScripts": "",
    "updaterUID": "bd-2551978378",
    "theme": "",
    "layout": "",
    "viewCount": 103,
    "userName": "6***2",
    "commentCount": 0,
    "starCount": 0,
    "isStared": 0,
    "thumbnailURL": "https://www.makeapie.com/ecg-storage/ec_gallery_thumbnail/xT--zrgj0F.png?v=1561107016068",
    "isCustomThumbnail": 0,
    "builtinTags": [
        "category-work",
        "dataZoom",
        "grid",
        "series-bar",
        "title",
        "tooltip"
    ],
    "customTags": [],
    "updaterUserName": "6***2"
}