{
    "cid": "xt-rRC43jH",
    "authorUid": "bd-2050235",
    "authorUserName": "t***6",
    "title": "坐标轴各种自定义显示",
    "description": "坐标轴刻度值等各种自定义显示",
    "latestVersion": 2,
    "alwaysLatest": 1,
    "createTime": "2019-06-21T10:42:45.000Z",
    "lastUpdateTime": "2019-06-21T10:42:45.000Z",
    "auth": 2,
    "uid": "bd-2050235",
    "publishedVersion": 0,
    "forkFrom": "-",
    "isSpam": 0,
    "version": 2,
    "parentVersion": 1,
    "echartsVersion": "4.2.1",
    "versionCreateTime": "2019-06-27T10:08:01.000Z",
    "html": "",
    "externalScripts": "",
    "updaterUID": "bd-2050235",
    "theme": "",
    "layout": "",
    "viewCount": 61,
    "userName": "t***6",
    "commentCount": 0,
    "starCount": 0,
    "isStared": 0,
    "thumbnailURL": "https://www.makeapie.com/ecg-storage/ec_gallery_thumbnail/xt-rRC43jH.png?v=1561630081200",
    "isCustomThumbnail": 0,
    "builtinTags": [
        "category-work",
        "grid",
        "series-line"
    ],
    "customTags": [
        "axisLabel"
    ],
    "updaterUserName": "t***6"
}