{
    "cid": "xt47LF3wnz",
    "authorUid": "bd-2382594602",
    "authorUserName": "g***q",
    "title": "● 近3年省级奖项",
    "description": "",
    "latestVersion": 2,
    "alwaysLatest": 1,
    "createTime": "2019-06-20T09:13:54.000Z",
    "lastUpdateTime": "2019-06-20T09:13:54.000Z",
    "auth": 1,
    "uid": "bd-2382594602",
    "publishedVersion": 0,
    "forkFrom": "-",
    "isSpam": 0,
    "version": 2,
    "parentVersion": 1,
    "echartsVersion": "4.2.1",
    "versionCreateTime": "2019-06-21T05:33:36.000Z",
    "html": "",
    "externalScripts": "",
    "updaterUID": "bd-2382594602",
    "theme": "",
    "layout": "",
    "viewCount": 65,
    "userName": "g***q",
    "commentCount": 0,
    "starCount": 1,
    "isStared": 0,
    "thumbnailURL": "https://www.makeapie.com/ecg-storage/ec_gallery_thumbnail/xt47LF3wnz.png?v=1561095216269",
    "isCustomThumbnail": 0,
    "builtinTags": [
        "category-work",
        "grid",
        "legend",
        "series-bar",
        "title",
        "tooltip"
    ],
    "customTags": [],
    "updaterUserName": "g***q"
}