{
    "cid": "xZ7VtGXWi4",
    "authorUid": "bd-2438101263",
    "authorUserName": "小***儿",
    "title": "外 省 游 客 客 源 地 分 布",
    "description": "",
    "latestVersion": 1,
    "alwaysLatest": 1,
    "createTime": "2019-06-21T09:58:08.000Z",
    "lastUpdateTime": "2019-06-21T09:58:08.000Z",
    "auth": 2,
    "uid": "bd-2438101263",
    "publishedVersion": 0,
    "forkFrom": "-",
    "isSpam": 0,
    "version": 1,
    "parentVersion": -1,
    "echartsVersion": "4.2.1",
    "versionCreateTime": "2019-06-21T09:58:08.000Z",
    "html": "",
    "externalScripts": "/dep/echarts/map/js/china.js",
    "updaterUID": "bd-2438101263",
    "theme": "",
    "layout": "",
    "viewCount": 696,
    "userName": "小***儿",
    "commentCount": 1,
    "starCount": 6,
    "isStared": 0,
    "thumbnailURL": "https://www.makeapie.com/ecg-storage/ec_gallery_thumbnail/xZ7VtGXWi4.png?v=1561111088691",
    "isCustomThumbnail": 0,
    "builtinTags": [
        "category-work",
        "geo",
        "series-scatter",
        "title",
        "tooltip"
    ],
    "customTags": [],
    "updaterUserName": "小***儿"
}