{
    "cid": "xzNmlDUhCS",
    "authorUid": "bd-1225818356",
    "authorUserName": "舍得JIUJIU",
    "title": "weixin",
    "description": "weixin浏览器调起时间",
    "latestVersion": 3,
    "alwaysLatest": 1,
    "createTime": "2019-06-20T17:44:35.000Z",
    "lastUpdateTime": "2019-06-20T17:44:35.000Z",
    "auth": 2,
    "uid": "bd-1225818356",
    "publishedVersion": 0,
    "forkFrom": "-",
    "isSpam": 0,
    "version": 3,
    "parentVersion": 1,
    "echartsVersion": "4.2.1",
    "versionCreateTime": "2019-06-20T17:47:04.000Z",
    "html": "",
    "externalScripts": "",
    "updaterUID": "bd-1225818356",
    "theme": "",
    "layout": "",
    "viewCount": 25,
    "userName": "舍得JIUJIU",
    "commentCount": 0,
    "starCount": 0,
    "isStared": 0,
    "thumbnailURL": "https://www.makeapie.com/ecg-storage/ec_gallery_thumbnail/xzNmlDUhCS.png?v=1561052824524",
    "isCustomThumbnail": 0,
    "builtinTags": [
        "category-work",
        "grid",
        "series-scatter",
        "tooltip"
    ],
    "customTags": [],
    "updaterUserName": "舍得JIUJIU"
}