{
    "cid": "x1puFrjqHl",
    "authorUid": "bd-3087116262",
    "authorUserName": "s***c",
    "title": "环形图展示数字",
    "description": "",
    "latestVersion": 1,
    "alwaysLatest": 1,
    "createTime": "2019-07-23T09:17:10.000Z",
    "lastUpdateTime": "2019-07-23T09:17:10.000Z",
    "auth": 2,
    "uid": "bd-3087116262",
    "publishedVersion": 0,
    "forkFrom": "-",
    "isSpam": 0,
    "version": 1,
    "parentVersion": -1,
    "echartsVersion": "4.2.1",
    "versionCreateTime": "2019-07-23T09:17:10.000Z",
    "html": "",
    "externalScripts": "",
    "updaterUID": "bd-3087116262",
    "theme": "",
    "layout": "",
    "viewCount": 11896,
    "userName": "s***c",
    "commentCount": 0,
    "starCount": 42,
    "isStared": 0,
    "thumbnailURL": "https://www.makeapie.com/ecg-storage/ec_gallery_thumbnail/x1puFrjqHl.png?v=1563873431084",
    "isCustomThumbnail": 0,
    "builtinTags": [
        "category-work",
        "series-pie"
    ],
    "customTags": [],
    "updaterUserName": "s***c"
}