{
    "cid": "x6GV7ptXgZ",
    "authorUid": "bd-2100620706",
    "authorUserName": "五十坏",
    "title": "电耗排名TOP10",
    "description": "电耗排名TOP10",
    "latestVersion": 2,
    "alwaysLatest": 1,
    "createTime": "2019-06-14T03:02:33.000Z",
    "lastUpdateTime": "2019-06-14T03:02:33.000Z",
    "auth": 2,
    "uid": "bd-2100620706",
    "publishedVersion": 0,
    "forkFrom": "-",
    "isSpam": 0,
    "version": 2,
    "parentVersion": 1,
    "echartsVersion": "4.2.1",
    "versionCreateTime": "2019-06-14T03:36:26.000Z",
    "html": "",
    "externalScripts": "",
    "updaterUID": "bd-2100620706",
    "theme": "",
    "layout": "",
    "viewCount": 6501,
    "userName": "五十坏",
    "commentCount": 1,
    "starCount": 35,
    "isStared": 0,
    "thumbnailURL": "https://www.makeapie.com/ecg-storage/ec_gallery_thumbnail/x6GV7ptXgZ.png?v=1560483386843",
    "isCustomThumbnail": 0,
    "builtinTags": [
        "category-work",
        "grid",
        "series-bar",
        "title"
    ],
    "customTags": [],
    "updaterUserName": "五十坏"
}