{
    "cid": "x6l22nrK6n",
    "authorUid": "bd-1363592585",
    "authorUserName": "L***4",
    "title": "仪表盘-渐变色",
    "description": "渐变色效果，中间指针可以加图片进行覆盖",
    "latestVersion": 11,
    "alwaysLatest": 1,
    "createTime": "2019-06-14T11:43:28.000Z",
    "lastUpdateTime": "2019-06-14T11:43:28.000Z",
    "auth": 1,
    "uid": "bd-1363592585",
    "publishedVersion": 0,
    "forkFrom": "-",
    "isSpam": 0,
    "version": 11,
    "parentVersion": 10,
    "echartsVersion": "4.8.0",
    "versionCreateTime": "2020-07-13T03:53:59.000Z",
    "html": "",
    "externalScripts": "",
    "updaterUID": "obd-o-HziHtF4uszXQS1wICzXmTCZF_G_AV",
    "theme": "",
    "layout": "",
    "viewCount": 9685,
    "userName": "L***4",
    "commentCount": 0,
    "starCount": 37,
    "isStared": 0,
    "thumbnailURL": "https://www.makeapie.com/ecg-storage/ec_gallery_thumbnail/x6l22nrK6n.png?v=1594612439462",
    "isCustomThumbnail": 0,
    "builtinTags": [
        "category-work",
        "series-gauge",
        "series-pie"
    ],
    "customTags": [],
    "updaterUserName": "z***焕"
}