{
    "cid": "x9M9x3Q5gt",
    "authorUid": "bd-659671912",
    "authorUserName": "F***y",
    "title": "自定义电池图",
    "description": "",
    "latestVersion": 1,
    "alwaysLatest": 1,
    "createTime": "2019-07-05T08:09:17.000Z",
    "lastUpdateTime": "2019-07-05T08:09:17.000Z",
    "auth": 2,
    "uid": "bd-659671912",
    "publishedVersion": 0,
    "forkFrom": "-",
    "isSpam": 0,
    "version": 1,
    "parentVersion": -1,
    "echartsVersion": "4.2.1",
    "versionCreateTime": "2019-07-05T08:09:17.000Z",
    "html": "",
    "externalScripts": "",
    "updaterUID": "bd-659671912",
    "theme": "",
    "layout": "",
    "viewCount": 9127,
    "userName": "F***y",
    "commentCount": 2,
    "starCount": 46,
    "isStared": 0,
    "thumbnailURL": "https://www.makeapie.com/ecg-storage/ec_gallery_thumbnail/x9M9x3Q5gt.png?v=1562314157787",
    "isCustomThumbnail": 0,
    "builtinTags": [
        "category-work",
        "grid",
        "series-bar",
        "series-pictorialBar"
    ],
    "customTags": [],
    "updaterUserName": "F***y"
}