{
    "cid": "x_4Io_XMvE",
    "authorUid": "bd-1277561159",
    "authorUserName": "执***开",
    "title": "仪表盘速度图",
    "description": "",
    "latestVersion": 2,
    "alwaysLatest": 1,
    "createTime": "2019-05-24T07:39:53.000Z",
    "lastUpdateTime": "2019-05-24T07:39:53.000Z",
    "auth": 2,
    "uid": "bd-1277561159",
    "publishedVersion": 0,
    "forkFrom": "-",
    "isSpam": 0,
    "version": 2,
    "parentVersion": 1,
    "echartsVersion": "4.2.1",
    "versionCreateTime": "2019-07-24T01:13:07.000Z",
    "html": "",
    "externalScripts": "",
    "updaterUID": "bd-1277561159",
    "theme": "",
    "layout": "",
    "viewCount": 3048,
    "userName": "执***开",
    "commentCount": 0,
    "starCount": 35,
    "isStared": 0,
    "thumbnailURL": "https://www.makeapie.com/ecg-storage/ec_gallery_thumbnail/x_4Io_XMvE.png?v=1563930787475",
    "isCustomThumbnail": 0,
    "builtinTags": [
        "category-work",
        "markLine",
        "series-gauge"
    ],
    "customTags": [],
    "updaterUserName": "执***开"
}