{
    "cid": "x_7ChEu0-I",
    "authorUid": "bd-3894911789",
    "authorUserName": "t***3",
    "title": "大小气泡图",
    "description": "图形大小不一致",
    "latestVersion": 2,
    "alwaysLatest": 1,
    "createTime": "2019-05-17T11:24:40.000Z",
    "lastUpdateTime": "2019-05-17T11:24:40.000Z",
    "auth": 1,
    "uid": "bd-3894911789",
    "publishedVersion": 0,
    "forkFrom": "-",
    "isSpam": 0,
    "version": 2,
    "parentVersion": 1,
    "echartsVersion": "4.2.1",
    "versionCreateTime": "2019-05-30T08:49:57.000Z",
    "html": "",
    "externalScripts": "",
    "updaterUID": "bd-3540951385",
    "theme": "",
    "layout": "",
    "viewCount": 7299,
    "userName": "t***3",
    "commentCount": 0,
    "starCount": 48,
    "isStared": 0,
    "thumbnailURL": "https://www.makeapie.com/ecg-storage/ec_gallery_thumbnail/x_7ChEu0-I.png?v=1559206197802",
    "isCustomThumbnail": 0,
    "builtinTags": [
        "category-work",
        "series-graph",
        "series-pie"
    ],
    "customTags": [],
    "updaterUserName": "hotboyhaibin"
}