{
    "cid": "xaGzK-nfdC",
    "authorUid": "bd-2519963137",
    "authorUserName": "火***5",
    "title": "折线阴影",
    "description": "",
    "latestVersion": 1,
    "alwaysLatest": 1,
    "createTime": "2019-06-10T08:44:25.000Z",
    "lastUpdateTime": "2019-06-10T08:44:25.000Z",
    "auth": 2,
    "uid": "bd-2519963137",
    "publishedVersion": 0,
    "forkFrom": "-",
    "isSpam": 0,
    "version": 1,
    "parentVersion": -1,
    "echartsVersion": "4.2.1",
    "versionCreateTime": "2019-06-10T08:44:25.000Z",
    "html": "",
    "externalScripts": "",
    "updaterUID": "bd-2519963137",
    "theme": "",
    "layout": "",
    "viewCount": 25748,
    "userName": "火***5",
    "commentCount": 3,
    "starCount": 55,
    "isStared": 0,
    "thumbnailURL": "https://www.makeapie.com/ecg-storage/ec_gallery_thumbnail/xaGzK-nfdC.png?v=1560156265941",
    "isCustomThumbnail": 0,
    "builtinTags": [
        "category-work",
        "grid",
        "legend",
        "series-line",
        "tooltip"
    ],
    "customTags": [],
    "updaterUserName": "火***5"
}