{
    "cid": "xB5W30nk3N",
    "authorUid": "bd-2437013587",
    "authorUserName": "就***呵",
    "title": "动态排名变化 2019-05-21",
    "description": "",
    "latestVersion": 1,
    "alwaysLatest": 1,
    "createTime": "2019-07-25T06:59:04.000Z",
    "lastUpdateTime": "2019-07-25T06:59:04.000Z",
    "auth": 2,
    "uid": "bd-2437013587",
    "publishedVersion": 0,
    "forkFrom": "-",
    "isSpam": 0,
    "version": 1,
    "parentVersion": -1,
    "echartsVersion": "4.2.1",
    "versionCreateTime": "2019-07-25T06:59:04.000Z",
    "html": "",
    "externalScripts": "",
    "updaterUID": "bd-2437013587",
    "theme": "",
    "layout": "",
    "viewCount": 10633,
    "userName": "就***呵",
    "commentCount": 2,
    "starCount": 46,
    "isStared": 0,
    "thumbnailURL": "https://www.makeapie.com/ecg-storage/ec_gallery_thumbnail/xB5W30nk3N.png?v=1564037945190",
    "isCustomThumbnail": 0,
    "builtinTags": [
        "category-work",
        "grid",
        "series-bar",
        "timeline",
        "title"
    ],
    "customTags": [],
    "updaterUserName": "就***呵"
}