{
    "cid": "xH8p6JJyu0",
    "authorUid": "bd-1499308274",
    "authorUserName": "安***贡",
    "title": "网络拓扑图",
    "description": "网络拓扑图,动态告警，线流动效果，节点图标",
    "latestVersion": 1,
    "alwaysLatest": 1,
    "createTime": "2019-05-16T03:46:43.000Z",
    "lastUpdateTime": "2019-05-16T03:46:43.000Z",
    "auth": 2,
    "uid": "bd-1499308274",
    "publishedVersion": 0,
    "forkFrom": "-",
    "isSpam": 0,
    "version": 1,
    "parentVersion": -1,
    "echartsVersion": "4.2.1",
    "versionCreateTime": "2019-05-16T03:46:43.000Z",
    "html": "",
    "externalScripts": "",
    "updaterUID": "bd-1499308274",
    "theme": "",
    "layout": "",
    "viewCount": 10919,
    "userName": "安***贡",
    "commentCount": 1,
    "starCount": 35,
    "isStared": 0,
    "thumbnailURL": "https://www.makeapie.com/ecg-storage/ec_gallery_thumbnail/xH8p6JJyu0.png?v=1557978404039",
    "isCustomThumbnail": 0,
    "builtinTags": [
        "category-work",
        "grid",
        "series-graph",
        "series-lines",
        "title"
    ],
    "customTags": [],
    "updaterUserName": "安***贡"
}