{
    "cid": "xHxmyxd1Uc",
    "authorUid": "bd-71012466",
    "authorUserName": "前***n",
    "title": "渐变色雷达图",
    "description": "渐变色 雷达图",
    "latestVersion": 1,
    "alwaysLatest": 1,
    "createTime": "2019-06-10T08:43:35.000Z",
    "lastUpdateTime": "2019-06-10T08:43:35.000Z",
    "auth": 2,
    "uid": "bd-71012466",
    "publishedVersion": 0,
    "forkFrom": "-",
    "isSpam": 0,
    "version": 1,
    "parentVersion": -1,
    "echartsVersion": "4.2.1",
    "versionCreateTime": "2019-06-10T08:43:35.000Z",
    "html": "",
    "externalScripts": "",
    "updaterUID": "bd-71012466",
    "theme": "",
    "layout": "",
    "viewCount": 7384,
    "userName": "前***n",
    "commentCount": 0,
    "starCount": 56,
    "isStared": 0,
    "thumbnailURL": "https://www.makeapie.com/ecg-storage/ec_gallery_thumbnail/xHxmyxd1Uc.png?v=1560156215608",
    "isCustomThumbnail": 0,
    "builtinTags": [
        "category-work",
        "legend",
        "radar",
        "series-radar",
        "tooltip"
    ],
    "customTags": [],
    "updaterUserName": "前***n"
}