{
    "cid": "xkvgU2PY01",
    "authorUid": "bd-3246412109",
    "authorUserName": "不***森",
    "title": "柱状图叠加+折线图",
    "description": "",
    "latestVersion": 8,
    "alwaysLatest": 1,
    "createTime": "2019-06-11T07:57:21.000Z",
    "lastUpdateTime": "2019-06-11T07:57:21.000Z",
    "auth": 2,
    "uid": "bd-3246412109",
    "publishedVersion": 0,
    "forkFrom": "-",
    "isSpam": 0,
    "version": 8,
    "parentVersion": 7,
    "echartsVersion": "4.2.1",
    "versionCreateTime": "2019-06-11T09:34:33.000Z",
    "html": "",
    "externalScripts": "",
    "updaterUID": "bd-3246412109",
    "theme": "",
    "layout": "",
    "viewCount": 4700,
    "userName": "不***森",
    "commentCount": 0,
    "starCount": 32,
    "isStared": 0,
    "thumbnailURL": "https://www.makeapie.com/ecg-storage/ec_gallery_thumbnail/xkvgU2PY01.png?v=1560245673648",
    "isCustomThumbnail": 0,
    "builtinTags": [
        "category-work",
        "grid",
        "legend",
        "series-bar",
        "series-line",
        "title"
    ],
    "customTags": [],
    "updaterUserName": "不***森"
}