{
    "cid": "xNEEVJZLyI",
    "authorUid": "bd-101897118",
    "authorUserName": "q***e",
    "title": "桑基图",
    "description": "",
    "latestVersion": 3,
    "alwaysLatest": 1,
    "createTime": "2019-07-09T10:40:12.000Z",
    "lastUpdateTime": "2019-07-09T10:40:12.000Z",
    "auth": 2,
    "uid": "bd-101897118",
    "publishedVersion": 0,
    "forkFrom": "-",
    "isSpam": 0,
    "version": 3,
    "parentVersion": 2,
    "echartsVersion": "4.2.1",
    "versionCreateTime": "2019-07-10T02:58:54.000Z",
    "html": "",
    "externalScripts": "",
    "updaterUID": "bd-101897118",
    "theme": "",
    "layout": "",
    "viewCount": 6734,
    "userName": "q***e",
    "commentCount": 0,
    "starCount": 38,
    "isStared": 0,
    "thumbnailURL": "https://www.makeapie.com/ecg-storage/ec_gallery_thumbnail/xNEEVJZLyI.png?v=1562727535061",
    "isCustomThumbnail": 0,
    "builtinTags": [
        "category-work",
        "series-sankey",
        "tooltip"
    ],
    "customTags": [],
    "updaterUserName": "q***e"
}