{
    "cid": "xPkPpAWqSt",
    "authorUid": "bd-71012466",
    "authorUserName": "前***n",
    "title": "自定义轮播",
    "description": "修改别人作品 添加tooltip自定义轮播",
    "latestVersion": 1,
    "alwaysLatest": 1,
    "createTime": "2019-08-03T07:01:21.000Z",
    "lastUpdateTime": "2019-08-03T07:01:21.000Z",
    "auth": 2,
    "uid": "bd-71012466",
    "publishedVersion": 0,
    "forkFrom": "-",
    "isSpam": 0,
    "version": 1,
    "parentVersion": -1,
    "echartsVersion": "4.2.1",
    "versionCreateTime": "2019-08-03T07:01:21.000Z",
    "html": "",
    "externalScripts": "/dep/echarts/map/js/china.js",
    "updaterUID": "bd-71012466",
    "theme": "",
    "layout": "",
    "viewCount": 18709,
    "userName": "前***n",
    "commentCount": 10,
    "starCount": 48,
    "isStared": 0,
    "thumbnailURL": "https://www.makeapie.com/ecg-storage/ec_gallery_thumbnail/xPkPpAWqSt.png?v=1564815681196",
    "isCustomThumbnail": 0,
    "builtinTags": [
        "category-work",
        "geo",
        "series-effectScatter",
        "series-map",
        "series-scatter",
        "tooltip",
        "visualMap"
    ],
    "customTags": [],
    "updaterUserName": "前***n"
}