{
    "cid": "xve8Kw2767",
    "authorUid": "bd-1080360291",
    "authorUserName": "超***l",
    "title": "可拖动流程图",
    "description": "节点可拖动\n前后点击两个节点，可以对节点进行连接\n点击连线，可以删除连线\n动态添加、删除节点",
    "latestVersion": 1,
    "alwaysLatest": 1,
    "createTime": "2019-06-07T09:41:02.000Z",
    "lastUpdateTime": "2019-06-07T09:41:02.000Z",
    "auth": 2,
    "uid": "bd-1080360291",
    "publishedVersion": 0,
    "forkFrom": "-",
    "isSpam": 0,
    "version": 1,
    "parentVersion": -1,
    "echartsVersion": "4.2.1",
    "versionCreateTime": "2019-06-07T09:41:02.000Z",
    "html": "",
    "externalScripts": "",
    "updaterUID": "bd-1080360291",
    "theme": "dark",
    "layout": "",
    "viewCount": 5883,
    "userName": "超***l",
    "commentCount": 13,
    "starCount": 31,
    "isStared": 0,
    "thumbnailURL": "https://www.makeapie.com/ecg-storage/ec_gallery_thumbnail/xve8Kw2767.png?v=1559900462933",
    "isCustomThumbnail": 1,
    "builtinTags": [
        "category-work",
        "graphic",
        "grid",
        "series-graph",
        "title"
    ],
    "customTags": [],
    "updaterUserName": "超***l"
}