{
    "cid": "x7sPDBlxgw",
    "authorUid": "bd-464148417",
    "authorUserName": "lifeng_927",
    "title": "Awesome Chartx",
    "description": "",
    "latestVersion": 3,
    "alwaysLatest": 1,
    "createTime": "2019-06-26T07:58:32.000Z",
    "lastUpdateTime": "2019-06-26T07:58:32.000Z",
    "auth": 2,
    "uid": "bd-464148417",
    "publishedVersion": 0,
    "forkFrom": "-",
    "isSpam": 0,
    "version": 3,
    "parentVersion": 2,
    "echartsVersion": "4.2.1",
    "versionCreateTime": "2019-06-26T08:05:31.000Z",
    "html": "",
    "externalScripts": "",
    "updaterUID": "bd-464148417",
    "theme": "",
    "layout": "",
    "viewCount": 172,
    "userName": "lifeng_927",
    "commentCount": 0,
    "starCount": 0,
    "isStared": 0,
    "thumbnailURL": "https://www.makeapie.com/ecg-storage/ec_gallery_thumbnail/x7sPDBlxgw.png?v=1561536331957",
    "isCustomThumbnail": 0,
    "builtinTags": [
        "category-work",
        "grid",
        "series-graph",
        "series-lines",
        "title"
    ],
    "customTags": [],
    "updaterUserName": "lifeng_927"
}