{
    "cid": "x8OdnjuVij",
    "authorUid": "bd-3842115868",
    "authorUserName": "缺***可",
    "title": "卫生经济知识图谱",
    "description": "",
    "latestVersion": 5,
    "alwaysLatest": 1,
    "createTime": "2019-06-27T06:10:32.000Z",
    "lastUpdateTime": "2019-06-27T06:10:32.000Z",
    "auth": 2,
    "uid": "bd-3842115868",
    "publishedVersion": 0,
    "forkFrom": "-",
    "isSpam": 0,
    "version": 5,
    "parentVersion": 4,
    "echartsVersion": "4.2.1",
    "versionCreateTime": "2019-06-28T03:41:18.000Z",
    "html": "",
    "externalScripts": "",
    "updaterUID": "bd-3842115868",
    "theme": "",
    "layout": "",
    "viewCount": 1795,
    "userName": "缺***可",
    "commentCount": 0,
    "starCount": 6,
    "isStared": 0,
    "thumbnailURL": "https://www.makeapie.com/ecg-storage/ec_gallery_thumbnail/x8OdnjuVij.png?v=1561693278719",
    "isCustomThumbnail": 0,
    "builtinTags": [
        "category-work",
        "legend",
        "series-graph",
        "title",
        "toolbox",
        "tooltip"
    ],
    "customTags": [],
    "updaterUserName": "缺***可"
}