{
    "cid": "x_V0NFB6Wi",
    "authorUid": "bd-1399818579",
    "authorUserName": "a***2",
    "title": "饼图",
    "description": "",
    "latestVersion": 1,
    "alwaysLatest": 1,
    "createTime": "2019-06-27T08:30:07.000Z",
    "lastUpdateTime": "2019-06-27T08:30:07.000Z",
    "auth": 2,
    "uid": "bd-1399818579",
    "publishedVersion": 0,
    "forkFrom": "-",
    "isSpam": 0,
    "version": 1,
    "parentVersion": -1,
    "echartsVersion": "4.2.1",
    "versionCreateTime": "2019-06-27T08:30:07.000Z",
    "html": "",
    "externalScripts": "",
    "updaterUID": "bd-1399818579",
    "theme": "",
    "layout": "",
    "viewCount": 309,
    "userName": "a***2",
    "commentCount": 0,
    "starCount": 2,
    "isStared": 0,
    "thumbnailURL": "https://www.makeapie.com/ecg-storage/ec_gallery_thumbnail/x_V0NFB6Wi.png?v=1561624208076",
    "isCustomThumbnail": 0,
    "builtinTags": [
        "category-work",
        "series-pie",
        "tooltip"
    ],
    "customTags": [],
    "updaterUserName": "a***2"
}