{
    "cid": "xELwlDZeal",
    "authorUid": "bd-1322203510",
    "authorUserName": "w***2",
    "title": "折线图",
    "description": "",
    "latestVersion": 2,
    "alwaysLatest": 1,
    "createTime": "2019-06-25T07:40:04.000Z",
    "lastUpdateTime": "2019-06-25T07:40:04.000Z",
    "auth": 2,
    "uid": "bd-1322203510",
    "publishedVersion": 0,
    "forkFrom": "-",
    "isSpam": 0,
    "version": 2,
    "parentVersion": 1,
    "echartsVersion": "4.2.1",
    "versionCreateTime": "2019-06-25T07:40:47.000Z",
    "html": "",
    "externalScripts": "",
    "updaterUID": "bd-1322203510",
    "theme": "",
    "layout": "",
    "viewCount": 1560,
    "userName": "w***2",
    "commentCount": 0,
    "starCount": 10,
    "isStared": 0,
    "thumbnailURL": "https://www.makeapie.com/ecg-storage/ec_gallery_thumbnail/xELwlDZeal.png?v=1561448447731",
    "isCustomThumbnail": 0,
    "builtinTags": [
        "category-work",
        "grid",
        "legend",
        "markLine",
        "series-line",
        "tooltip"
    ],
    "customTags": [],
    "updaterUserName": "w***2"
}