{
    "cid": "xhxqiNGCz1",
    "authorUid": "bd-3711600591",
    "authorUserName": "给***家",
    "title": "论文关键词",
    "description": "",
    "latestVersion": 16,
    "alwaysLatest": 1,
    "createTime": "2019-06-27T01:18:00.000Z",
    "lastUpdateTime": "2019-06-27T01:18:00.000Z",
    "auth": 2,
    "uid": "bd-3711600591",
    "publishedVersion": 0,
    "forkFrom": "-",
    "isSpam": 0,
    "version": 16,
    "parentVersion": 15,
    "echartsVersion": "4.2.1",
    "versionCreateTime": "2019-07-01T03:26:11.000Z",
    "html": "",
    "externalScripts": "",
    "updaterUID": "bd-3711600591",
    "theme": "",
    "layout": "",
    "viewCount": 328,
    "userName": "给***家",
    "commentCount": 0,
    "starCount": 0,
    "isStared": 0,
    "thumbnailURL": "https://www.makeapie.com/ecg-storage/ec_gallery_thumbnail/xhxqiNGCz1.png?v=1561951571230",
    "isCustomThumbnail": 0,
    "builtinTags": [
        "category-work",
        "grid",
        "series-scatter",
        "title",
        "toolbox",
        "tooltip",
        "visualMap"
    ],
    "customTags": [],
    "updaterUserName": "给***家"
}