{
    "cid": "xIkQIkW7Nk",
    "authorUid": "bd-1010062057",
    "authorUserName": "a***a",
    "title": "graph",
    "description": "图表自定义",
    "latestVersion": 1,
    "alwaysLatest": 1,
    "createTime": "2019-06-26T07:41:36.000Z",
    "lastUpdateTime": "2019-06-26T07:41:50.000Z",
    "auth": 2,
    "uid": "bd-1010062057",
    "publishedVersion": 0,
    "forkFrom": "-",
    "isSpam": 0,
    "version": 1,
    "parentVersion": -1,
    "echartsVersion": "4.2.1",
    "versionCreateTime": "2019-06-26T07:41:36.000Z",
    "html": "",
    "externalScripts": "",
    "updaterUID": "bd-1010062057",
    "theme": "default",
    "layout": "",
    "viewCount": 138,
    "userName": "a***a",
    "commentCount": 0,
    "starCount": 0,
    "isStared": 0,
    "thumbnailURL": "https://www.makeapie.com/ecg-storage/ec_gallery_thumbnail/xIkQIkW7Nk.png?v=1561534896877",
    "isCustomThumbnail": 0,
    "builtinTags": [],
    "customTags": [],
    "updaterUserName": "a***a"
}