{
    "cid": "xiMdQ7k5Yo",
    "authorUid": "bd-3241410369",
    "authorUserName": "2***回",
    "title": "统计时段",
    "description": "统计时段",
    "latestVersion": 2,
    "alwaysLatest": 1,
    "createTime": "2019-06-26T10:20:19.000Z",
    "lastUpdateTime": "2019-06-26T10:20:19.000Z",
    "auth": 2,
    "uid": "bd-3241410369",
    "publishedVersion": 0,
    "forkFrom": "-",
    "isSpam": 0,
    "version": 2,
    "parentVersion": 1,
    "echartsVersion": "4.2.1",
    "versionCreateTime": "2019-06-26T10:21:51.000Z",
    "html": "",
    "externalScripts": "",
    "updaterUID": "bd-3241410369",
    "theme": "",
    "layout": "",
    "viewCount": 39,
    "userName": "2***回",
    "commentCount": 0,
    "starCount": 0,
    "isStared": 0,
    "thumbnailURL": "https://www.makeapie.com/ecg-storage/ec_gallery_thumbnail/xiMdQ7k5Yo.png?v=1561544511670",
    "isCustomThumbnail": 0,
    "builtinTags": [
        "category-work",
        "grid",
        "legend",
        "series-line",
        "tooltip"
    ],
    "customTags": [],
    "updaterUserName": "2***回"
}