{
    "cid": "xJLyHaBqQe",
    "authorUid": "bd-3241410369",
    "authorUserName": "2***回",
    "title": "时间用户量统计",
    "description": "",
    "latestVersion": 2,
    "alwaysLatest": 1,
    "createTime": "2019-06-27T10:41:34.000Z",
    "lastUpdateTime": "2019-06-27T10:41:34.000Z",
    "auth": 2,
    "uid": "bd-3241410369",
    "publishedVersion": 0,
    "forkFrom": "-",
    "isSpam": 0,
    "version": 2,
    "parentVersion": 1,
    "echartsVersion": "4.2.1",
    "versionCreateTime": "2019-07-05T11:48:15.000Z",
    "html": "",
    "externalScripts": "",
    "updaterUID": "bd-3241410369",
    "theme": "",
    "layout": "",
    "viewCount": 88,
    "userName": "2***回",
    "commentCount": 0,
    "starCount": 0,
    "isStared": 0,
    "thumbnailURL": "https://www.makeapie.com/ecg-storage/ec_gallery_thumbnail/xJLyHaBqQe.png?v=1562327295380",
    "isCustomThumbnail": 0,
    "builtinTags": [
        "category-work",
        "grid",
        "legend",
        "series-line",
        "title",
        "tooltip"
    ],
    "customTags": [],
    "updaterUserName": "2***回"
}