{
    "cid": "xr-ANSN-1i",
    "authorUid": "bd-1322203510",
    "authorUserName": "w***2",
    "title": "仪表盘",
    "description": "",
    "latestVersion": 2,
    "alwaysLatest": 1,
    "createTime": "2019-06-25T07:52:16.000Z",
    "lastUpdateTime": "2019-06-25T07:52:16.000Z",
    "auth": 2,
    "uid": "bd-1322203510",
    "publishedVersion": 0,
    "forkFrom": "-",
    "isSpam": 0,
    "version": 2,
    "parentVersion": 1,
    "echartsVersion": "4.2.1",
    "versionCreateTime": "2019-06-25T08:08:23.000Z",
    "html": "",
    "externalScripts": "",
    "updaterUID": "bd-1322203510",
    "theme": "",
    "layout": "",
    "viewCount": 1071,
    "userName": "w***2",
    "commentCount": 0,
    "starCount": 2,
    "isStared": 0,
    "thumbnailURL": "https://www.makeapie.com/ecg-storage/ec_gallery_thumbnail/xr-ANSN-1i.png?v=1561450103230",
    "isCustomThumbnail": 0,
    "builtinTags": [
        "category-work",
        "series-gauge",
        "title",
        "tooltip"
    ],
    "customTags": [],
    "updaterUserName": "w***2"
}