{
    "cid": "xUhjq-ptUm",
    "authorUid": "bd-3711600591",
    "authorUserName": "给***家",
    "title": "国家专利领域占比",
    "description": "",
    "latestVersion": 4,
    "alwaysLatest": 1,
    "createTime": "2019-06-27T08:22:41.000Z",
    "lastUpdateTime": "2019-06-27T08:22:41.000Z",
    "auth": 2,
    "uid": "bd-3711600591",
    "publishedVersion": 0,
    "forkFrom": "-",
    "isSpam": 0,
    "version": 4,
    "parentVersion": 3,
    "echartsVersion": "4.2.1",
    "versionCreateTime": "2019-06-27T09:16:24.000Z",
    "html": "",
    "externalScripts": "",
    "updaterUID": "bd-3711600591",
    "theme": "",
    "layout": "",
    "viewCount": 44,
    "userName": "给***家",
    "commentCount": 0,
    "starCount": 0,
    "isStared": 0,
    "thumbnailURL": "https://www.makeapie.com/ecg-storage/ec_gallery_thumbnail/xUhjq-ptUm.png?v=1561626984381",
    "isCustomThumbnail": 0,
    "builtinTags": [
        "category-work",
        "legend",
        "series-pie",
        "title",
        "toolbox",
        "tooltip"
    ],
    "customTags": [],
    "updaterUserName": "给***家"
}