{
    "cid": "xxFqMH3t5J",
    "authorUid": "bd-1660310776",
    "authorUserName": "uakora",
    "title": "区域区间和线",
    "description": "显示最大值、最小值间的区域",
    "latestVersion": 3,
    "alwaysLatest": 1,
    "createTime": "2019-06-26T14:19:43.000Z",
    "lastUpdateTime": "2019-06-26T14:19:43.000Z",
    "auth": 2,
    "uid": "bd-1660310776",
    "publishedVersion": 0,
    "forkFrom": "-",
    "isSpam": 0,
    "version": 3,
    "parentVersion": 2,
    "echartsVersion": "4.2.1",
    "versionCreateTime": "2019-06-26T14:50:26.000Z",
    "html": "",
    "externalScripts": "",
    "updaterUID": "bd-1660310776",
    "theme": "",
    "layout": "",
    "viewCount": 84,
    "userName": "uakora",
    "commentCount": 0,
    "starCount": 0,
    "isStared": 0,
    "thumbnailURL": "https://www.makeapie.com/ecg-storage/ec_gallery_thumbnail/xxFqMH3t5J.png?v=1561560626270",
    "isCustomThumbnail": 0,
    "builtinTags": [
        "category-work",
        "grid",
        "legend",
        "series-line",
        "title",
        "tooltip"
    ],
    "customTags": [],
    "updaterUserName": "uakora"
}