{
    "cid": "xBJXzxiFrW",
    "authorUid": "bd-1025214267",
    "authorUserName": "d***e",
    "title": "雷达图 tooltip 只显示选中点数据",
    "description": "雷达图只显示选中点数据",
    "latestVersion": 2,
    "alwaysLatest": 1,
    "createTime": "2017-07-17T02:25:14.000Z",
    "lastUpdateTime": "2017-07-17T02:25:14.000Z",
    "auth": 2,
    "uid": "bd-1025214267",
    "publishedVersion": 0,
    "forkFrom": "-",
    "isSpam": 0,
    "version": 2,
    "parentVersion": 1,
    "echartsVersion": "3.6.2",
    "versionCreateTime": "2017-09-25T08:25:33.000Z",
    "html": "",
    "externalScripts": "http://www.gooseeker.com/smartcity/js/echarts.min.js",
    "updaterUID": "bd-1025214267",
    "theme": "",
    "layout": "",
    "viewCount": 1875,
    "userName": "d***e",
    "commentCount": 4,
    "starCount": 0,
    "isStared": 0,
    "thumbnailURL": "https://www.makeapie.com/ecg-storage/ec_gallery_thumbnail/xBJXzxiFrW.png?v=1506327933491",
    "isCustomThumbnail": 0,
    "builtinTags": [
        "category-work",
        "legend",
        "radar",
        "series-radar",
        "title",
        "tooltip"
    ],
    "customTags": [],
    "updaterUserName": "d***e"
}