{
    "cid": "xByhZucYHW",
    "authorUid": "bd-3056387051",
    "authorUserName": "丶***奶",
    "title": "词云图",
    "description": "心型词云图",
    "latestVersion": 1,
    "alwaysLatest": 1,
    "createTime": "2017-07-17T01:50:59.000Z",
    "lastUpdateTime": "2017-07-17T01:50:59.000Z",
    "auth": 2,
    "uid": "bd-3056387051",
    "publishedVersion": 0,
    "forkFrom": "-",
    "isSpam": 0,
    "version": 1,
    "parentVersion": -1,
    "echartsVersion": "3.6.2",
    "versionCreateTime": "2017-07-17T01:50:59.000Z",
    "html": "",
    "externalScripts": "/asset/get/s/data-1500256094018-HyUwvcKBb.js",
    "updaterUID": "bd-3056387051",
    "theme": "",
    "layout": "",
    "viewCount": 5360,
    "userName": "丶***奶",
    "commentCount": 5,
    "starCount": 20,
    "isStared": 0,
    "thumbnailURL": "https://www.makeapie.com/ecg-storage/ec_gallery_thumbnail/xByhZucYHW.png?v=1500256260008",
    "isCustomThumbnail": 0,
    "builtinTags": [
        "category-work",
        "series-wordCloud",
        "title"
    ],
    "customTags": [
        "wordCloud"
    ],
    "updaterUserName": "丶***奶"
}