{
    "cid": "xByX2Tp7SZ",
    "authorUid": "bd-3962533135",
    "authorUserName": "okyangxuanlun",
    "title": "居民消费价格指数",
    "description": "",
    "latestVersion": 1,
    "alwaysLatest": 1,
    "createTime": "2017-07-12T16:26:18.000Z",
    "lastUpdateTime": "2017-07-12T16:26:18.000Z",
    "auth": 2,
    "uid": "bd-3962533135",
    "publishedVersion": 0,
    "forkFrom": "-",
    "isSpam": 0,
    "version": 1,
    "parentVersion": -1,
    "echartsVersion": "3.6.2",
    "versionCreateTime": "2017-07-12T16:26:18.000Z",
    "html": "",
    "externalScripts": "",
    "updaterUID": "bd-3962533135",
    "theme": "",
    "layout": "",
    "viewCount": 1848,
    "userName": "okyangxuanlun",
    "commentCount": 0,
    "starCount": 1,
    "isStared": 0,
    "thumbnailURL": "https://www.makeapie.com/ecg-storage/ec_gallery_thumbnail/xByX2Tp7SZ.png?v=1499876778638",
    "isCustomThumbnail": 0,
    "builtinTags": [
        "category-work",
        "series-gauge",
        "title",
        "toolbox",
        "tooltip"
    ],
    "customTags": [],
    "updaterUserName": "okyangxuanlun"
}