{
    "cid": "xHJqUkQXBZ",
    "authorUid": "bd-1939112099",
    "authorUserName": "长***离",
    "title": "折线图分布图",
    "description": "",
    "latestVersion": 7,
    "alwaysLatest": 1,
    "createTime": "2017-07-12T04:02:25.000Z",
    "lastUpdateTime": "2017-07-12T04:02:25.000Z",
    "auth": 2,
    "uid": "bd-1939112099",
    "publishedVersion": 0,
    "forkFrom": "-",
    "isSpam": 0,
    "version": 7,
    "parentVersion": 6,
    "echartsVersion": "3.8.0",
    "versionCreateTime": "2019-04-23T12:09:27.000Z",
    "html": "",
    "externalScripts": "",
    "updaterUID": "bd-1939112099",
    "theme": "",
    "layout": "",
    "viewCount": 2156,
    "userName": "长***离",
    "commentCount": 0,
    "starCount": 10,
    "isStared": 0,
    "thumbnailURL": "https://www.makeapie.com/ecg-storage/ec_gallery_thumbnail/xHJqUkQXBZ.png?v=1556021367181",
    "isCustomThumbnail": 0,
    "builtinTags": [
        "category-work",
        "grid",
        "legend",
        "markPoint",
        "series-line"
    ],
    "customTags": [],
    "updaterUserName": "长***离"
}