{
    "cid": "xHk-JdbKrZ",
    "authorUid": "bd-2452479794",
    "authorUserName": "凌风111234",
    "title": "1.8 全球建设用地面积",
    "description": "",
    "latestVersion": 1,
    "alwaysLatest": 1,
    "createTime": "2017-07-16T15:35:52.000Z",
    "lastUpdateTime": "2017-07-16T15:35:52.000Z",
    "auth": 2,
    "uid": "bd-2452479794",
    "publishedVersion": 0,
    "forkFrom": "-",
    "isSpam": 0,
    "version": 1,
    "parentVersion": -1,
    "echartsVersion": "3.6.2",
    "versionCreateTime": "2017-07-16T15:35:52.000Z",
    "html": "",
    "externalScripts": "http://echarts.baidu.com/resource/echarts-gl-latest/dist/echarts-gl.min.js,/dep/echarts/map/js/world.js",
    "updaterUID": "bd-2452479794",
    "theme": "",
    "layout": "",
    "viewCount": 206,
    "userName": "凌风111234",
    "commentCount": 0,
    "starCount": 0,
    "isStared": 0,
    "thumbnailURL": "https://www.makeapie.com/ecg-storage/ec_gallery_thumbnail/xHk-JdbKrZ.png?v=1500219352692",
    "isCustomThumbnail": 0,
    "builtinTags": [
        "category-work",
        "geo3D"
    ],
    "customTags": [],
    "updaterUserName": "凌风111234"
}