{
    "cid": "xrk5G3fMHZ",
    "authorUid": "bd-841732013",
    "authorUserName": "亡心6",
    "title": "房价构成",
    "description": "",
    "latestVersion": 1,
    "alwaysLatest": 1,
    "createTime": "2017-07-11T09:36:18.000Z",
    "lastUpdateTime": "2017-07-11T09:36:18.000Z",
    "auth": 2,
    "uid": "bd-841732013",
    "publishedVersion": 0,
    "forkFrom": "-",
    "isSpam": 0,
    "version": 1,
    "parentVersion": -1,
    "echartsVersion": "3.6.2",
    "versionCreateTime": "2017-07-11T09:36:18.000Z",
    "html": "",
    "externalScripts": "",
    "updaterUID": "bd-841732013",
    "theme": "",
    "layout": "",
    "viewCount": 101,
    "userName": "亡心6",
    "commentCount": 0,
    "starCount": 0,
    "isStared": 0,
    "thumbnailURL": "https://www.makeapie.com/ecg-storage/ec_gallery_thumbnail/xrk5G3fMHZ.png?v=1499765778185",
    "isCustomThumbnail": 0,
    "builtinTags": [
        "category-work",
        "grid",
        "legend",
        "series-line",
        "title",
        "toolbox",
        "tooltip"
    ],
    "customTags": [],
    "updaterUserName": "亡心6"
}