{
    "cid": "xryf84bUHb",
    "authorUid": "bd-809368804",
    "authorUserName": "阿洛儿啊",
    "title": "上网时间分布",
    "description": "",
    "latestVersion": 3,
    "alwaysLatest": 1,
    "createTime": "2017-07-14T08:43:53.000Z",
    "lastUpdateTime": "2017-07-14T08:43:53.000Z",
    "auth": 1,
    "uid": "bd-809368804",
    "publishedVersion": 0,
    "forkFrom": "-",
    "isSpam": 0,
    "version": 3,
    "parentVersion": 2,
    "echartsVersion": "3.8.0",
    "versionCreateTime": "2021-01-27T03:23:45.000Z",
    "html": "",
    "externalScripts": "",
    "updaterUID": "obd-otwvxnYhmzPUK1j7cfiLPCk0YxtZj8Y",
    "theme": "",
    "layout": "",
    "viewCount": 1347,
    "userName": "阿洛儿啊",
    "commentCount": 0,
    "starCount": 6,
    "isStared": 0,
    "thumbnailURL": "https://www.makeapie.com/ecg-storage/ec_gallery_thumbnail/xryf84bUHb.png?v=1611717826105",
    "isCustomThumbnail": 0,
    "builtinTags": [
        "category-work",
        "series-gauge",
        "series-pie",
        "tooltip"
    ],
    "customTags": [],
    "updaterUserName": "磁***材"
}