{
    "cid": "xSk13d37Bb",
    "authorUid": "bd-3962533135",
    "authorUserName": "okyangxuanlun",
    "title": "法人",
    "description": "",
    "latestVersion": 1,
    "alwaysLatest": 1,
    "createTime": "2017-07-12T14:56:38.000Z",
    "lastUpdateTime": "2017-07-12T14:56:38.000Z",
    "auth": 2,
    "uid": "bd-3962533135",
    "publishedVersion": 0,
    "forkFrom": "-",
    "isSpam": 0,
    "version": 1,
    "parentVersion": -1,
    "echartsVersion": "3.6.2",
    "versionCreateTime": "2017-07-12T14:56:38.000Z",
    "html": "",
    "externalScripts": "",
    "updaterUID": "bd-3962533135",
    "theme": "",
    "layout": "",
    "viewCount": 159,
    "userName": "okyangxuanlun",
    "commentCount": 0,
    "starCount": 0,
    "isStared": 0,
    "thumbnailURL": "https://www.makeapie.com/ecg-storage/ec_gallery_thumbnail/xSk13d37Bb.png?v=1499871398934",
    "isCustomThumbnail": 0,
    "builtinTags": [
        "category-work",
        "legend",
        "series-pie",
        "title",
        "toolbox",
        "tooltip"
    ],
    "customTags": [],
    "updaterUserName": "okyangxuanlun"
}