{
    "cid": "xSk7HkQXHW",
    "authorUid": "bd-1530657551",
    "authorUserName": "谢***Q",
    "title": "广西分布图",
    "description": "",
    "latestVersion": 7,
    "alwaysLatest": 1,
    "createTime": "2017-07-12T04:02:02.000Z",
    "lastUpdateTime": "2017-07-12T04:02:02.000Z",
    "auth": 1,
    "uid": "bd-1530657551",
    "publishedVersion": 0,
    "forkFrom": "-",
    "isSpam": 0,
    "version": 7,
    "parentVersion": 6,
    "echartsVersion": "3.7.1",
    "versionCreateTime": "2017-09-25T03:46:46.000Z",
    "html": "",
    "externalScripts": "http://echarts.baidu.com/asset/map/js/province/yunnan.js",
    "updaterUID": "bd-3693071835",
    "theme": "",
    "layout": "",
    "viewCount": 4655,
    "userName": "谢***Q",
    "commentCount": 3,
    "starCount": 10,
    "isStared": 0,
    "thumbnailURL": "https://www.makeapie.com/ecg-storage/ec_gallery_thumbnail/xSk7HkQXHW.png?v=1506311206645",
    "isCustomThumbnail": 0,
    "builtinTags": [
        "category-work",
        "geo",
        "series-effectScatter"
    ],
    "customTags": [],
    "updaterUserName": "superwatano"
}