{
    "cid": "xSk7uE2HSW",
    "authorUid": "bd-822534860",
    "authorUserName": "cctv921210",
    "title": "服务调用按日统计",
    "description": "",
    "latestVersion": 1,
    "alwaysLatest": 1,
    "createTime": "2017-07-14T03:03:06.000Z",
    "lastUpdateTime": "2017-07-14T03:03:06.000Z",
    "auth": 2,
    "uid": "bd-822534860",
    "publishedVersion": 0,
    "forkFrom": "-",
    "isSpam": 0,
    "version": 1,
    "parentVersion": -1,
    "echartsVersion": "3.6.2",
    "versionCreateTime": "2017-07-14T03:03:06.000Z",
    "html": "",
    "externalScripts": "",
    "updaterUID": "bd-822534860",
    "theme": "",
    "layout": "",
    "viewCount": 88,
    "userName": "cctv921210",
    "commentCount": 0,
    "starCount": 0,
    "isStared": 0,
    "thumbnailURL": "https://www.makeapie.com/ecg-storage/ec_gallery_thumbnail/xSk7uE2HSW.png?v=1500001386994",
    "isCustomThumbnail": 0,
    "builtinTags": [
        "category-work",
        "dataZoom",
        "grid",
        "series-line",
        "title",
        "tooltip"
    ],
    "customTags": [],
    "updaterUserName": "cctv921210"
}