{
    "cid": "x2ReLkJkIY",
    "authorUid": "bd-1873793385",
    "authorUserName": "w***3",
    "title": "中国地图下深",
    "description": "",
    "latestVersion": 4,
    "alwaysLatest": 1,
    "createTime": "2020-07-22T07:30:46.000Z",
    "lastUpdateTime": "2020-07-22T07:30:46.000Z",
    "auth": 1,
    "uid": "bd-1873793385",
    "publishedVersion": 0,
    "forkFrom": "-",
    "isSpam": 0,
    "version": 4,
    "parentVersion": 3,
    "echartsVersion": "4.8.0",
    "versionCreateTime": "2021-01-12T09:13:59.000Z",
    "html": "",
    "externalScripts": "",
    "updaterUID": "obd-ojgTGEG-l7-fJ94OinlKbUPh8A-0xD3",
    "theme": "",
    "layout": "",
    "viewCount": 2672,
    "userName": "w***3",
    "commentCount": 1,
    "starCount": 9,
    "isStared": 0,
    "thumbnailURL": "https://www.makeapie.com/ecg-storage/ec_gallery_thumbnail/x2ReLkJkIY.png?v=1610442840083",
    "isCustomThumbnail": 0,
    "builtinTags": [
        "category-work",
        "geo",
        "graphic",
        "series-effectScatter",
        "series-map",
        "tooltip",
        "visualMap"
    ],
    "customTags": [],
    "updaterUserName": "m***代"
}