{
    "cid": "x6E8XrX4Vk",
    "authorUid": "obd-o2KLM4A9lvYYe340Aks_RVjCFF0U463",
    "authorUserName": "M***菔",
    "title": "全货机航班动态 - 进出港联动",
    "description": "",
    "latestVersion": 2,
    "alwaysLatest": 1,
    "createTime": "2020-07-21T01:44:07.000Z",
    "lastUpdateTime": "2020-07-21T01:44:07.000Z",
    "auth": 2,
    "uid": "obd-o2KLM4A9lvYYe340Aks_RVjCFF0U463",
    "publishedVersion": 0,
    "forkFrom": "-",
    "isSpam": 0,
    "version": 2,
    "parentVersion": 1,
    "echartsVersion": "4.8.0",
    "versionCreateTime": "2020-08-05T01:05:07.000Z",
    "html": "",
    "externalScripts": "",
    "updaterUID": "obd-o2KLM4A9lvYYe340Aks_RVjCFF0U463",
    "theme": "",
    "layout": "",
    "viewCount": 129,
    "userName": "M***菔",
    "commentCount": 0,
    "starCount": 0,
    "isStared": 0,
    "thumbnailURL": "https://www.makeapie.com/ecg-storage/ec_gallery_thumbnail/x6E8XrX4Vk.png?v=1596589508050",
    "isCustomThumbnail": 0,
    "builtinTags": [
        "category-work",
        "geo",
        "series-effectScatter",
        "series-lines",
        "timeline",
        "title",
        "tooltip",
        "visualMap"
    ],
    "customTags": [],
    "updaterUserName": "M***菔"
}