{
    "cid": "xD2J__X9RA",
    "authorUid": "obd-o-3edeKpHOd9Rqn6JX6P5Cm6fm4Z0AY",
    "authorUserName": "怎***歌",
    "title": "店铺平台分布图",
    "description": "",
    "latestVersion": 1,
    "alwaysLatest": 1,
    "createTime": "2020-07-21T07:11:23.000Z",
    "lastUpdateTime": "2020-07-21T07:11:23.000Z",
    "auth": 2,
    "uid": "obd-o-3edeKpHOd9Rqn6JX6P5Cm6fm4Z0AY",
    "publishedVersion": 0,
    "forkFrom": "-",
    "isSpam": 0,
    "version": 1,
    "parentVersion": -1,
    "echartsVersion": "4.8.0",
    "versionCreateTime": "2020-07-21T07:11:23.000Z",
    "html": "",
    "externalScripts": "",
    "updaterUID": "obd-o-3edeKpHOd9Rqn6JX6P5Cm6fm4Z0AY",
    "theme": "",
    "layout": "",
    "viewCount": 106,
    "userName": "怎***歌",
    "commentCount": 0,
    "starCount": 1,
    "isStared": 0,
    "thumbnailURL": "https://www.makeapie.com/ecg-storage/ec_gallery_thumbnail/xD2J__X9RA.png?v=1595315483880",
    "isCustomThumbnail": 0,
    "builtinTags": [
        "category-work",
        "grid",
        "legend",
        "series-bar",
        "title",
        "tooltip"
    ],
    "customTags": [],
    "updaterUserName": "怎***歌"
}