{
    "cid": "xHam-d7yHZ",
    "authorUid": "bd-3850529432",
    "authorUserName": "h***n",
    "title": "地图",
    "description": "",
    "latestVersion": 1,
    "alwaysLatest": 1,
    "createTime": "2020-07-20T10:03:40.000Z",
    "lastUpdateTime": "2020-07-20T10:03:40.000Z",
    "auth": 2,
    "uid": "bd-3850529432",
    "publishedVersion": 0,
    "forkFrom": "-",
    "isSpam": 0,
    "version": 1,
    "parentVersion": -1,
    "echartsVersion": "4.8.0",
    "versionCreateTime": "2020-07-20T10:03:40.000Z",
    "html": "",
    "externalScripts": "",
    "updaterUID": "bd-3850529432",
    "theme": "",
    "layout": "",
    "viewCount": 847,
    "userName": "h***n",
    "commentCount": 0,
    "starCount": 1,
    "isStared": 0,
    "thumbnailURL": "https://www.makeapie.com/ecg-storage/ec_gallery_thumbnail/xHam-d7yHZ.png?v=1595239420679",
    "isCustomThumbnail": 0,
    "builtinTags": [
        "category-work",
        "geo",
        "legend",
        "series-effectScatter",
        "series-map",
        "title",
        "toolbox",
        "tooltip",
        "visualMap"
    ],
    "customTags": [],
    "updaterUserName": "h***n"
}