{
    "cid": "xIikaEmRPi",
    "authorUid": "bd-95138616",
    "authorUserName": "一***盖",
    "title": "新增/日活数据",
    "description": "可以描述月活跃已经新增用户的趋势",
    "latestVersion": 2,
    "alwaysLatest": 1,
    "createTime": "2020-07-22T02:44:38.000Z",
    "lastUpdateTime": "2020-07-22T02:44:38.000Z",
    "auth": 2,
    "uid": "bd-95138616",
    "publishedVersion": 0,
    "forkFrom": "-",
    "isSpam": 0,
    "version": 2,
    "parentVersion": 1,
    "echartsVersion": "4.8.0",
    "versionCreateTime": "2020-07-28T10:48:21.000Z",
    "html": "",
    "externalScripts": "",
    "updaterUID": "bd-95138616",
    "theme": "",
    "layout": "",
    "viewCount": 147,
    "userName": "一***盖",
    "commentCount": 0,
    "starCount": 1,
    "isStared": 0,
    "thumbnailURL": "https://www.makeapie.com/ecg-storage/ec_gallery_thumbnail/xIikaEmRPi.png?v=1595933301206",
    "isCustomThumbnail": 0,
    "builtinTags": [
        "category-work",
        "grid",
        "legend",
        "series-line",
        "title"
    ],
    "customTags": [
        "line"
    ],
    "updaterUserName": "一***盖"
}