{
    "cid": "xIqjmW86GT",
    "authorUid": "obd-ojpPYHseiyd-V76za_WLae-TSvVTJDr",
    "authorUserName": "只***人",
    "title": "极坐标系堆叠柱状图",
    "description": "",
    "latestVersion": 1,
    "alwaysLatest": 1,
    "createTime": "2020-07-21T10:41:18.000Z",
    "lastUpdateTime": "2020-07-21T10:41:18.000Z",
    "auth": 1,
    "uid": "obd-ojpPYHseiyd-V76za_WLae-TSvVTJDr",
    "publishedVersion": 0,
    "forkFrom": "-",
    "isSpam": 0,
    "version": 1,
    "parentVersion": -1,
    "echartsVersion": "4.8.0",
    "versionCreateTime": "2020-07-21T10:41:18.000Z",
    "html": "",
    "externalScripts": "",
    "updaterUID": "obd-ojpPYHseiyd-V76za_WLae-TSvVTJDr",
    "theme": "",
    "layout": "",
    "viewCount": 249,
    "userName": "只***人",
    "commentCount": 0,
    "starCount": 3,
    "isStared": 0,
    "thumbnailURL": "https://www.makeapie.com/ecg-storage/ec_gallery_thumbnail/xIqjmW86GT.png?v=1595328078657",
    "isCustomThumbnail": 1,
    "builtinTags": [
        "category-work",
        "grid",
        "legend",
        "polar",
        "series-bar",
        "tooltip"
    ],
    "customTags": [],
    "updaterUserName": "只***人"
}