{
    "cid": "xl7hIuTVeM",
    "authorUid": "obd-oFxwUdJtQLB_WOqxV-_XxLDQBkypY5A",
    "authorUserName": "l***n",
    "title": "横屏展示图表",
    "description": "横屏展示图表",
    "latestVersion": 1,
    "alwaysLatest": 1,
    "createTime": "2020-07-21T03:31:22.000Z",
    "lastUpdateTime": "2020-07-21T03:31:22.000Z",
    "auth": 2,
    "uid": "obd-oFxwUdJtQLB_WOqxV-_XxLDQBkypY5A",
    "publishedVersion": 0,
    "forkFrom": "-",
    "isSpam": 0,
    "version": 1,
    "parentVersion": -1,
    "echartsVersion": "4.8.0",
    "versionCreateTime": "2020-07-21T03:31:22.000Z",
    "html": "",
    "externalScripts": "",
    "updaterUID": "obd-oFxwUdJtQLB_WOqxV-_XxLDQBkypY5A",
    "theme": "",
    "layout": "",
    "viewCount": 42,
    "userName": "l***n",
    "commentCount": 0,
    "starCount": 0,
    "isStared": 0,
    "thumbnailURL": "https://www.makeapie.com/ecg-storage/ec_gallery_thumbnail/xl7hIuTVeM.png?v=1595302282210",
    "isCustomThumbnail": 0,
    "builtinTags": [
        "category-work",
        "grid",
        "series-line",
        "tooltip"
    ],
    "customTags": [
        "横屏"
    ],
    "updaterUserName": "l***n"
}