{
    "cid": "xmupNPIBAl",
    "authorUid": "obd-otRAu8T0SwGjUVcDPagJChJ58KpK-8R",
    "authorUserName": "a***5",
    "title": "简单柱状图",
    "description": "",
    "latestVersion": 2,
    "alwaysLatest": 1,
    "createTime": "2020-07-21T03:02:28.000Z",
    "lastUpdateTime": "2021-09-03T01:45:16.000Z",
    "auth": 1,
    "uid": "obd-otRAu8T0SwGjUVcDPagJChJ58KpK-8R",
    "publishedVersion": 0,
    "forkFrom": "-",
    "isSpam": 0,
    "version": 2,
    "parentVersion": 1,
    "echartsVersion": "4.9.0",
    "versionCreateTime": "2021-09-03T01:45:16.000Z",
    "html": "",
    "externalScripts": "",
    "updaterUID": "obd-otRAu8T0SwGjUVcDPagJChJ58KpK-8R",
    "theme": "",
    "layout": "",
    "viewCount": 74,
    "userName": "a***5",
    "commentCount": 0,
    "starCount": 0,
    "isStared": 0,
    "thumbnailURL": "https://www.makeapie.com/ecg-storage/ec_gallery_thumbnail/xmupNPIBAl.png?v=1630633516756",
    "isCustomThumbnail": 0,
    "builtinTags": [
        "category-work",
        "grid",
        "series-bar",
        "tooltip"
    ],
    "customTags": [],
    "updaterUserName": "a***5"
}