{
    "cid": "xUWH8iTFwH",
    "authorUid": "obd-o2-aTjNCXh_ADELOPM4d70VB1G3Oy6I",
    "authorUserName": "衰***命",
    "title": "半环跑道占比图",
    "description": "",
    "latestVersion": 1,
    "alwaysLatest": 1,
    "createTime": "2020-07-22T09:33:17.000Z",
    "lastUpdateTime": "2020-07-22T09:33:17.000Z",
    "auth": 2,
    "uid": "obd-o2-aTjNCXh_ADELOPM4d70VB1G3Oy6I",
    "publishedVersion": 0,
    "forkFrom": "-",
    "isSpam": 0,
    "version": 1,
    "parentVersion": -1,
    "echartsVersion": "4.8.0",
    "versionCreateTime": "2020-07-22T09:33:17.000Z",
    "html": "",
    "externalScripts": "",
    "updaterUID": "obd-o2-aTjNCXh_ADELOPM4d70VB1G3Oy6I",
    "theme": "",
    "layout": "",
    "viewCount": 603,
    "userName": "衰***命",
    "commentCount": 0,
    "starCount": 11,
    "isStared": 0,
    "thumbnailURL": "https://www.makeapie.com/ecg-storage/ec_gallery_thumbnail/xUWH8iTFwH.png?v=1595410397559",
    "isCustomThumbnail": 0,
    "builtinTags": [
        "category-work",
        "legend",
        "polar",
        "series-bar",
        "tooltip"
    ],
    "customTags": [],
    "updaterUserName": "衰***命"
}