{
    "cid": "xyfKams4BO",
    "authorUid": "obd-oPgALEHyFlzyaRMSTeBQlxWXK15Bw9A",
    "authorUserName": "y***4",
    "title": "Awesome Chart",
    "description": "",
    "latestVersion": 8,
    "alwaysLatest": 1,
    "createTime": "2020-07-21T01:51:33.000Z",
    "lastUpdateTime": "2020-07-21T01:51:33.000Z",
    "auth": 2,
    "uid": "obd-oPgALEHyFlzyaRMSTeBQlxWXK15Bw9A",
    "publishedVersion": 0,
    "forkFrom": "-",
    "isSpam": 0,
    "version": 8,
    "parentVersion": 7,
    "echartsVersion": "4.8.0",
    "versionCreateTime": "2020-07-21T06:36:25.000Z",
    "html": "",
    "externalScripts": "",
    "updaterUID": "obd-oPgALEHyFlzyaRMSTeBQlxWXK15Bw9A",
    "theme": "",
    "layout": "",
    "viewCount": 108,
    "userName": "y***4",
    "commentCount": 0,
    "starCount": 0,
    "isStared": 0,
    "thumbnailURL": "https://www.makeapie.com/ecg-storage/ec_gallery_thumbnail/xyfKams4BO.png?v=1595313385134",
    "isCustomThumbnail": 0,
    "builtinTags": [
        "category-work",
        "grid",
        "series-line",
        "title"
    ],
    "customTags": [],
    "updaterUserName": "y***4"
}