{
    "cid": "xyrapChLwh",
    "authorUid": "bd-1344075666",
    "authorUserName": "_***音",
    "title": "水球",
    "description": "",
    "latestVersion": 2,
    "alwaysLatest": 1,
    "createTime": "2020-07-22T06:25:59.000Z",
    "lastUpdateTime": "2020-07-22T06:25:59.000Z",
    "auth": 2,
    "uid": "bd-1344075666",
    "publishedVersion": 0,
    "forkFrom": "-",
    "isSpam": 0,
    "version": 2,
    "parentVersion": 1,
    "echartsVersion": "4.8.0",
    "versionCreateTime": "2020-07-22T06:36:13.000Z",
    "html": "",
    "externalScripts": "https://echarts.baidu.com/resource/echarts-liquidfill-latest/dist/echarts-liquidfill.min.js",
    "updaterUID": "bd-1344075666",
    "theme": "",
    "layout": "",
    "viewCount": 172,
    "userName": "_***音",
    "commentCount": 0,
    "starCount": 0,
    "isStared": 0,
    "thumbnailURL": "https://www.makeapie.com/ecg-storage/ec_gallery_thumbnail/xyrapChLwh.png?v=1595399773847",
    "isCustomThumbnail": 0,
    "builtinTags": [
        "category-work",
        "series-liquidFill"
    ],
    "customTags": [],
    "updaterUserName": "_***音"
}