{
    "cid": "xZ9_mjCfkP",
    "authorUid": "bd-659851351",
    "authorUserName": "唔***口",
    "title": "自定义工具栏多类型切换 柱状图 折线图 堆叠图 饼图",
    "description": "多类型切换 柱状图 折线图 堆叠图 饼图 点击视图转换icon X轴另一种维度展示",
    "latestVersion": 2,
    "alwaysLatest": 1,
    "createTime": "2020-07-21T09:31:44.000Z",
    "lastUpdateTime": "2020-07-21T09:31:44.000Z",
    "auth": 2,
    "uid": "bd-659851351",
    "publishedVersion": 0,
    "forkFrom": "-",
    "isSpam": 0,
    "version": 2,
    "parentVersion": 1,
    "echartsVersion": "4.8.0",
    "versionCreateTime": "2020-07-24T06:13:52.000Z",
    "html": "",
    "externalScripts": "",
    "updaterUID": "bd-659851351",
    "theme": "",
    "layout": "",
    "viewCount": 393,
    "userName": "唔***口",
    "commentCount": 0,
    "starCount": 1,
    "isStared": 0,
    "thumbnailURL": "https://www.makeapie.com/ecg-storage/ec_gallery_thumbnail/xZ9_mjCfkP.png?v=1595571232110",
    "isCustomThumbnail": 0,
    "builtinTags": [
        "category-work",
        "dataZoom",
        "grid",
        "legend",
        "series-bar",
        "toolbox",
        "tooltip"
    ],
    "customTags": [
        "line",
        "pie",
        "stack",
        "toolbox",
        "自定义工具栏"
    ],
    "updaterUserName": "唔***口"
}