{
    "cid": "xB1RGW_0eG",
    "authorUid": "bd-1803895219",
    "authorUserName": "扛扛kk",
    "title": "信息来源和讨论主体",
    "description": "虚构数据",
    "latestVersion": 3,
    "alwaysLatest": 1,
    "createTime": "2017-12-01T06:05:10.000Z",
    "lastUpdateTime": "2017-12-01T06:05:10.000Z",
    "auth": 2,
    "uid": "bd-1803895219",
    "publishedVersion": 0,
    "forkFrom": "-",
    "isSpam": 0,
    "version": 3,
    "parentVersion": 2,
    "echartsVersion": "3.8.0",
    "versionCreateTime": "2017-12-01T07:06:38.000Z",
    "html": "",
    "externalScripts": "",
    "updaterUID": "bd-1803895219",
    "theme": "default",
    "layout": "",
    "viewCount": 1094,
    "userName": "扛扛kk",
    "commentCount": 0,
    "starCount": 6,
    "isStared": 0,
    "thumbnailURL": "https://www.makeapie.com/ecg-storage/ec_gallery_thumbnail/xB1RGW_0eG.png?v=1512111998365",
    "isCustomThumbnail": 0,
    "builtinTags": [
        "category-work",
        "legend",
        "series-pie",
        "title",
        "tooltip"
    ],
    "customTags": [],
    "updaterUserName": "扛扛kk"
}