{
    "cid": "xB1R-IB6eG",
    "authorUid": "bd-891808489",
    "authorUserName": "离影初燕川",
    "title": "中国主要城市网速演示",
    "description": "",
    "latestVersion": 2,
    "alwaysLatest": 1,
    "createTime": "2017-11-30T08:49:10.000Z",
    "lastUpdateTime": "2017-11-30T08:49:10.000Z",
    "auth": 2,
    "uid": "bd-891808489",
    "publishedVersion": 1,
    "forkFrom": "-",
    "isSpam": 0,
    "version": 1,
    "parentVersion": -1,
    "echartsVersion": "3.8.0",
    "versionCreateTime": "2017-11-30T08:49:10.000Z",
    "html": "",
    "externalScripts": "http://echarts.baidu.com/resource/echarts-gl-latest/dist/echarts-gl.min.js,/dep/echarts/map/js/china.js",
    "updaterUID": "bd-891808489",
    "theme": "",
    "layout": "",
    "viewCount": 2499,
    "userName": "离影初燕川",
    "commentCount": 2,
    "starCount": 9,
    "isStared": 0,
    "thumbnailURL": "https://www.makeapie.com/ecg-storage/ec_gallery_thumbnail/xB1R-IB6eG.png?v=1512031750467",
    "isCustomThumbnail": 1,
    "builtinTags": [
        "category-work",
        "geo3D",
        "series-bar3D",
        "tooltip",
        "visualMap"
    ],
    "customTags": [],
    "updaterUserName": "离影初燕川"
}