{
    "cid": "xBkqEuL2eM",
    "authorUid": "bd-2369074376",
    "authorUserName": "草色遥看sunny",
    "title": "路况图",
    "description": "",
    "latestVersion": 1,
    "alwaysLatest": 1,
    "createTime": "2017-11-29T15:54:26.000Z",
    "lastUpdateTime": "2017-11-29T15:54:26.000Z",
    "auth": 2,
    "uid": "bd-2369074376",
    "publishedVersion": 0,
    "forkFrom": "-",
    "isSpam": 0,
    "version": 1,
    "parentVersion": -1,
    "echartsVersion": "3.8.0",
    "versionCreateTime": "2017-11-29T15:54:26.000Z",
    "html": "",
    "externalScripts": "/dep/echarts/latest/extension/bmap.min.js,/dep/echarts/map/js/china.js,http://echarts.baidu.com/resource/echarts-gl-latest/dist/echarts-gl.min.js",
    "updaterUID": "bd-2369074376",
    "theme": "",
    "layout": "",
    "viewCount": 1669,
    "userName": "草色遥看sunny",
    "commentCount": 0,
    "starCount": 7,
    "isStared": 0,
    "thumbnailURL": "https://www.makeapie.com/ecg-storage/ec_gallery_thumbnail/xBkqEuL2eM.png?v=1511970866405",
    "isCustomThumbnail": 0,
    "builtinTags": [
        "category-work",
        "radar",
        "series-radar"
    ],
    "customTags": [],
    "updaterUserName": "草色遥看sunny"
}