{
    "cid": "xH1yd-dCxz",
    "authorUid": "bd-2308471370",
    "authorUserName": "夕月小公举",
    "title": "林心如关闭微博评论 舆情分析",
    "description": "作业",
    "latestVersion": 2,
    "alwaysLatest": 1,
    "createTime": "2017-12-01T06:06:31.000Z",
    "lastUpdateTime": "2017-12-01T06:06:31.000Z",
    "auth": 2,
    "uid": "bd-2308471370",
    "publishedVersion": 0,
    "forkFrom": "-",
    "isSpam": 0,
    "version": 2,
    "parentVersion": 1,
    "echartsVersion": "3.8.0",
    "versionCreateTime": "2017-12-01T06:18:34.000Z",
    "html": "",
    "externalScripts": "",
    "updaterUID": "bd-2308471370",
    "theme": "dark",
    "layout": "",
    "viewCount": 181,
    "userName": "夕月小公举",
    "commentCount": 0,
    "starCount": 0,
    "isStared": 0,
    "thumbnailURL": "https://www.makeapie.com/ecg-storage/ec_gallery_thumbnail/xH1yd-dCxz.png?v=1512109114799",
    "isCustomThumbnail": 0,
    "builtinTags": [
        "category-work",
        "legend",
        "series-pie",
        "title",
        "toolbox",
        "tooltip"
    ],
    "customTags": [],
    "updaterUserName": "夕月小公举"
}