{
    "cid": "xHk3lvSpxz",
    "authorUid": "bd-2592181167",
    "authorUserName": "156******79",
    "title": "测试",
    "description": "测试测试",
    "latestVersion": 3,
    "alwaysLatest": 1,
    "createTime": "2017-11-30T08:53:08.000Z",
    "lastUpdateTime": "2017-11-30T08:53:08.000Z",
    "auth": 2,
    "uid": "bd-2592181167",
    "publishedVersion": 0,
    "forkFrom": "-",
    "isSpam": 0,
    "version": 3,
    "parentVersion": 2,
    "echartsVersion": "3.8.0",
    "versionCreateTime": "2017-12-05T08:42:13.000Z",
    "html": "",
    "externalScripts": "",
    "updaterUID": "bd-2592181167",
    "theme": "",
    "layout": "",
    "viewCount": 111,
    "userName": "156******79",
    "commentCount": 0,
    "starCount": 0,
    "isStared": 0,
    "thumbnailURL": "https://www.makeapie.com/ecg-storage/ec_gallery_thumbnail/xHk3lvSpxz.png?v=1512463333242",
    "isCustomThumbnail": 0,
    "builtinTags": [
        "category-work",
        "grid",
        "legend",
        "series-bar",
        "series-line",
        "title",
        "tooltip"
    ],
    "customTags": [],
    "updaterUserName": "156******79"
}