{
    "cid": "xHyHxL16eM",
    "authorUid": "bd-2127451917",
    "authorUserName": "yy199402260019",
    "title": "11",
    "description": "",
    "latestVersion": 1,
    "alwaysLatest": 1,
    "createTime": "2017-11-30T01:59:08.000Z",
    "lastUpdateTime": "2017-11-30T01:59:08.000Z",
    "auth": 2,
    "uid": "bd-2127451917",
    "publishedVersion": 0,
    "forkFrom": "-",
    "isSpam": 0,
    "version": 1,
    "parentVersion": -1,
    "echartsVersion": "3.8.0",
    "versionCreateTime": "2017-11-30T01:59:08.000Z",
    "html": "",
    "externalScripts": "",
    "updaterUID": "bd-2127451917",
    "theme": "",
    "layout": "",
    "viewCount": 263,
    "userName": "yy199402260019",
    "commentCount": 0,
    "starCount": 1,
    "isStared": 0,
    "thumbnailURL": "https://www.makeapie.com/ecg-storage/ec_gallery_thumbnail/xHyHxL16eM.png?v=1512007149069",
    "isCustomThumbnail": 0,
    "builtinTags": [
        "category-work",
        "legend",
        "series-pie",
        "tooltip"
    ],
    "customTags": [],
    "updaterUserName": "yy199402260019"
}