{
    "cid": "xHyiMOHRxG",
    "authorUid": "bd-539743881",
    "authorUserName": "午叶新空",
    "title": "职业身份",
    "description": "",
    "latestVersion": 2,
    "alwaysLatest": 1,
    "createTime": "2017-12-01T03:10:11.000Z",
    "lastUpdateTime": "2017-12-01T03:10:11.000Z",
    "auth": 2,
    "uid": "bd-539743881",
    "publishedVersion": 0,
    "forkFrom": "-",
    "isSpam": 0,
    "version": 2,
    "parentVersion": 1,
    "echartsVersion": "3.8.0",
    "versionCreateTime": "2017-12-01T04:09:48.000Z",
    "html": "",
    "externalScripts": "",
    "updaterUID": "bd-539743881",
    "theme": "",
    "layout": "",
    "viewCount": 122,
    "userName": "午叶新空",
    "commentCount": 0,
    "starCount": 1,
    "isStared": 0,
    "thumbnailURL": "https://www.makeapie.com/ecg-storage/ec_gallery_thumbnail/xHyiMOHRxG.png?v=1512101388887",
    "isCustomThumbnail": 0,
    "builtinTags": [
        "category-work",
        "series-pie"
    ],
    "customTags": [],
    "updaterUserName": "午叶新空"
}