{
    "cid": "xHyR2mBCgf",
    "authorUid": "bd-539743881",
    "authorUserName": "午叶新空",
    "title": "学历情况",
    "description": "",
    "latestVersion": 3,
    "alwaysLatest": 1,
    "createTime": "2017-12-01T02:51:34.000Z",
    "lastUpdateTime": "2017-12-01T02:51:34.000Z",
    "auth": 2,
    "uid": "bd-539743881",
    "publishedVersion": 0,
    "forkFrom": "-",
    "isSpam": 0,
    "version": 3,
    "parentVersion": 2,
    "echartsVersion": "3.8.0",
    "versionCreateTime": "2017-12-04T07:43:17.000Z",
    "html": "",
    "externalScripts": "",
    "updaterUID": "bd-539743881",
    "theme": "",
    "layout": "",
    "viewCount": 51,
    "userName": "午叶新空",
    "commentCount": 0,
    "starCount": 1,
    "isStared": 0,
    "thumbnailURL": "https://www.makeapie.com/ecg-storage/ec_gallery_thumbnail/xHyR2mBCgf.png?v=1512373397221",
    "isCustomThumbnail": 0,
    "builtinTags": [
        "category-work",
        "series-pie",
        "tooltip"
    ],
    "customTags": [],
    "updaterUserName": "午叶新空"
}