{
    "cid": "xrJfRfXnxz",
    "authorUid": "bd-2738046816",
    "authorUserName": "s***3",
    "title": "动态时间图",
    "description": "",
    "latestVersion": 2,
    "alwaysLatest": 1,
    "createTime": "2017-11-29T12:06:34.000Z",
    "lastUpdateTime": "2017-11-29T12:06:34.000Z",
    "auth": 2,
    "uid": "bd-2738046816",
    "publishedVersion": 0,
    "forkFrom": "-",
    "isSpam": 0,
    "version": 2,
    "parentVersion": 1,
    "echartsVersion": "3.8.0",
    "versionCreateTime": "2017-11-29T12:09:15.000Z",
    "html": "",
    "externalScripts": "",
    "updaterUID": "bd-2738046816",
    "theme": "",
    "layout": "",
    "viewCount": 633,
    "userName": "s***3",
    "commentCount": 1,
    "starCount": 0,
    "isStared": 0,
    "thumbnailURL": "https://www.makeapie.com/ecg-storage/ec_gallery_thumbnail/xrJfRfXnxz.png?v=1511957355772",
    "isCustomThumbnail": 0,
    "builtinTags": [
        "category-work",
        "grid",
        "series-scatter",
        "timeline",
        "title",
        "tooltip",
        "visualMap"
    ],
    "customTags": [],
    "updaterUserName": "s***3"
}