{
    "cid": "xrJm6qPReM",
    "authorUid": "bd-4010221838",
    "authorUserName": "lihonghua168",
    "title": "多折线图-人数统计图",
    "description": "线条设置指定颜色随机，legend宽度",
    "latestVersion": 1,
    "alwaysLatest": 1,
    "createTime": "2017-12-01T05:38:03.000Z",
    "lastUpdateTime": "2017-12-01T05:38:03.000Z",
    "auth": 2,
    "uid": "bd-4010221838",
    "publishedVersion": 0,
    "forkFrom": "-",
    "isSpam": 0,
    "version": 1,
    "parentVersion": -1,
    "echartsVersion": "3.8.0",
    "versionCreateTime": "2017-12-01T05:38:03.000Z",
    "html": "",
    "externalScripts": "",
    "updaterUID": "bd-4010221838",
    "theme": "",
    "layout": "",
    "viewCount": 81,
    "userName": "lihonghua168",
    "commentCount": 0,
    "starCount": 0,
    "isStared": 0,
    "thumbnailURL": "https://www.makeapie.com/ecg-storage/ec_gallery_thumbnail/xrJm6qPReM.png?v=1512106683232",
    "isCustomThumbnail": 0,
    "builtinTags": [
        "category-work",
        "grid",
        "legend",
        "series-line",
        "title",
        "tooltip"
    ],
    "customTags": [
        "line"
    ],
    "updaterUserName": "lihonghua168"
}