{
    "cid": "xryjpkURxG",
    "authorUid": "bd-1993306154",
    "authorUserName": "啦啦啦11111960",
    "title": "“榆林产妇坠楼事件”舆论来源",
    "description": "",
    "latestVersion": 2,
    "alwaysLatest": 1,
    "createTime": "2017-12-01T03:42:59.000Z",
    "lastUpdateTime": "2017-12-01T03:42:59.000Z",
    "auth": 2,
    "uid": "bd-1993306154",
    "publishedVersion": 0,
    "forkFrom": "-",
    "isSpam": 0,
    "version": 2,
    "parentVersion": 1,
    "echartsVersion": "3.8.0",
    "versionCreateTime": "2017-12-18T09:28:37.000Z",
    "html": "",
    "externalScripts": "",
    "updaterUID": "bd-1993306154",
    "theme": "dark",
    "layout": "",
    "viewCount": 18,
    "userName": "啦啦啦11111960",
    "commentCount": 0,
    "starCount": 0,
    "isStared": 0,
    "thumbnailURL": "https://www.makeapie.com/ecg-storage/ec_gallery_thumbnail/xryjpkURxG.png?v=1513589318071",
    "isCustomThumbnail": 0,
    "builtinTags": [
        "category-work",
        "legend",
        "series-pie",
        "title",
        "tooltip"
    ],
    "customTags": [],
    "updaterUserName": "啦啦啦11111960"
}