{
    "cid": "xSJAZ4xalz",
    "authorUid": "bd-2408207681",
    "authorUserName": "外婆卤肉",
    "title": "各个样本胶质瘤种类数量",
    "description": "",
    "latestVersion": 1,
    "alwaysLatest": 1,
    "createTime": "2017-11-30T02:59:17.000Z",
    "lastUpdateTime": "2017-11-30T02:59:17.000Z",
    "auth": 2,
    "uid": "bd-2408207681",
    "publishedVersion": 0,
    "forkFrom": "-",
    "isSpam": 0,
    "version": 1,
    "parentVersion": -1,
    "echartsVersion": "3.8.0",
    "versionCreateTime": "2017-11-30T02:59:17.000Z",
    "html": "",
    "externalScripts": "",
    "updaterUID": "bd-2408207681",
    "theme": "",
    "layout": "",
    "viewCount": 525,
    "userName": "外婆卤肉",
    "commentCount": 0,
    "starCount": 0,
    "isStared": 0,
    "thumbnailURL": "https://www.makeapie.com/ecg-storage/ec_gallery_thumbnail/xSJAZ4xalz.png?v=1512010758027",
    "isCustomThumbnail": 0,
    "builtinTags": [
        "brush",
        "category-work",
        "dataZoom",
        "grid",
        "markLine",
        "markPoint",
        "series-line",
        "title",
        "toolbox"
    ],
    "customTags": [],
    "updaterUserName": "外婆卤肉"
}