{
    "cid": "xSJhL48Alz",
    "authorUid": "bd-3037278553",
    "authorUserName": "guiyu115744",
    "title": "Awesome Chart",
    "description": "",
    "latestVersion": 1,
    "alwaysLatest": 1,
    "createTime": "2017-12-01T04:02:28.000Z",
    "lastUpdateTime": "2017-12-01T04:02:28.000Z",
    "auth": 1,
    "uid": "bd-3037278553",
    "publishedVersion": 1,
    "forkFrom": "-",
    "isSpam": 0,
    "version": 1,
    "parentVersion": -1,
    "echartsVersion": "3.8.0",
    "versionCreateTime": "2017-12-01T04:02:28.000Z",
    "html": "",
    "externalScripts": "",
    "updaterUID": "bd-3037278553",
    "theme": "",
    "layout": "",
    "viewCount": 12,
    "userName": "guiyu115744",
    "commentCount": 0,
    "starCount": 0,
    "isStared": 0,
    "thumbnailURL": "https://www.makeapie.com/ecg-storage/ec_gallery_thumbnail/xSJhL48Alz.png?v=1512100948424",
    "isCustomThumbnail": 0,
    "builtinTags": [
        "category-work",
        "grid",
        "series-line",
        "title"
    ],
    "customTags": [],
    "updaterUserName": "guiyu115744"
}