{
    "cid": "xSJKlMdAlz",
    "authorUid": "bd-2889079406",
    "authorUserName": "六***论",
    "title": "荣威数据分析",
    "description": "",
    "latestVersion": 4,
    "alwaysLatest": 1,
    "createTime": "2017-12-01T06:08:48.000Z",
    "lastUpdateTime": "2017-12-01T06:08:48.000Z",
    "auth": 2,
    "uid": "bd-2889079406",
    "publishedVersion": 0,
    "forkFrom": "-",
    "isSpam": 0,
    "version": 4,
    "parentVersion": 3,
    "echartsVersion": "3.8.0",
    "versionCreateTime": "2017-12-04T06:03:03.000Z",
    "html": "",
    "externalScripts": "/dep/echarts/latest/extension/dataTool.min.js,https://cdn.bootcss.com/PapaParse/4.1.2/papaparse.min.js,http://echarts.baidu.com/resource/echarts-stat-latest/dist/ecStat.min.js,http://echarts.baidu.com/resource/echarts-gl-latest/dist/echarts-gl.min.js,http://echarts.baidu.com/resource/echarts-liquidfill-latest/dist/echarts-liquidfill.min.js",
    "updaterUID": "bd-2889079406",
    "theme": "",
    "layout": "",
    "viewCount": 1513,
    "userName": "六***论",
    "commentCount": 0,
    "starCount": 6,
    "isStared": 0,
    "thumbnailURL": "https://www.makeapie.com/ecg-storage/ec_gallery_thumbnail/xSJKlMdAlz.png?v=1512367383426",
    "isCustomThumbnail": 0,
    "builtinTags": [
        "category-work",
        "polar",
        "series-scatter",
        "timeline",
        "title",
        "tooltip"
    ],
    "customTags": [],
    "updaterUserName": "六***论"
}