{
    "cid": "xSJOHQEagM",
    "authorUid": "bd-1795978381",
    "authorUserName": "小丑獨白",
    "title": "年度协议完成情况",
    "description": "",
    "latestVersion": 1,
    "alwaysLatest": 1,
    "createTime": "2017-11-30T07:29:04.000Z",
    "lastUpdateTime": "2017-11-30T07:29:04.000Z",
    "auth": 2,
    "uid": "bd-1795978381",
    "publishedVersion": 0,
    "forkFrom": "-",
    "isSpam": 0,
    "version": 1,
    "parentVersion": -1,
    "echartsVersion": "3.8.0",
    "versionCreateTime": "2017-11-30T07:29:04.000Z",
    "html": "",
    "externalScripts": "",
    "updaterUID": "bd-1795978381",
    "theme": "default",
    "layout": "",
    "viewCount": 260,
    "userName": "小丑獨白",
    "commentCount": 0,
    "starCount": 1,
    "isStared": 0,
    "thumbnailURL": "https://www.makeapie.com/ecg-storage/ec_gallery_thumbnail/xSJOHQEagM.png?v=1512026944219",
    "isCustomThumbnail": 0,
    "builtinTags": [
        "category-work",
        "graphic",
        "grid",
        "legend",
        "series-bar",
        "series-line",
        "tooltip"
    ],
    "customTags": [],
    "updaterUserName": "小丑獨白"
}