{
    "cid": "xSy11hChxf",
    "authorUid": "bd-3883182195",
    "authorUserName": "Atonia123",
    "title": "作业3",
    "description": "",
    "latestVersion": 1,
    "alwaysLatest": 1,
    "createTime": "2017-11-30T01:16:07.000Z",
    "lastUpdateTime": "2017-11-30T01:16:07.000Z",
    "auth": 2,
    "uid": "bd-3883182195",
    "publishedVersion": 0,
    "forkFrom": "-",
    "isSpam": 0,
    "version": 1,
    "parentVersion": -1,
    "echartsVersion": "3.8.0",
    "versionCreateTime": "2017-11-30T01:16:07.000Z",
    "html": "",
    "externalScripts": "",
    "updaterUID": "bd-3883182195",
    "theme": "",
    "layout": "",
    "viewCount": 27,
    "userName": "Atonia123",
    "commentCount": 0,
    "starCount": 0,
    "isStared": 0,
    "thumbnailURL": "https://www.makeapie.com/ecg-storage/ec_gallery_thumbnail/xSy11hChxf.png?v=1512004567817",
    "isCustomThumbnail": 0,
    "builtinTags": [
        "category-work",
        "series-pie",
        "title",
        "tooltip"
    ],
    "customTags": [],
    "updaterUserName": "Atonia123"
}