{
    "cid": "xSyHrQIAxf",
    "authorUid": "bd-2675531275",
    "authorUserName": "小小王子up",
    "title": "",
    "description": "",
    "latestVersion": 2,
    "alwaysLatest": 1,
    "createTime": "2017-12-01T03:57:49.000Z",
    "lastUpdateTime": "2017-12-01T03:57:49.000Z",
    "auth": 2,
    "uid": "bd-2675531275",
    "publishedVersion": 0,
    "forkFrom": "-",
    "isSpam": 0,
    "version": 2,
    "parentVersion": 1,
    "echartsVersion": "3.8.0",
    "versionCreateTime": "2017-12-01T03:58:26.000Z",
    "html": "",
    "externalScripts": "",
    "updaterUID": "bd-2675531275",
    "theme": "",
    "layout": "",
    "viewCount": 71,
    "userName": "小小王子up",
    "commentCount": 0,
    "starCount": 0,
    "isStared": 0,
    "thumbnailURL": "https://www.makeapie.com/ecg-storage/ec_gallery_thumbnail/xSyHrQIAxf.png?v=1512100706777",
    "isCustomThumbnail": 0,
    "builtinTags": [
        "category-work",
        "grid",
        "legend",
        "markLine",
        "series-bar",
        "tooltip"
    ],
    "customTags": [],
    "updaterUserName": "小小王子up"
}