{
    "cid": "x-yem97S_e",
    "authorUid": "bd-732371637",
    "authorUserName": "g***f",
    "title": "投资计划——不均匀数据轴（y）",
    "description": "一个y轴数值不均匀分布的图表",
    "latestVersion": 2,
    "alwaysLatest": 1,
    "createTime": "2020-11-18T09:13:15.000Z",
    "lastUpdateTime": "2020-11-18T09:13:15.000Z",
    "auth": 2,
    "uid": "bd-732371637",
    "publishedVersion": 0,
    "forkFrom": "-",
    "isSpam": 0,
    "version": 2,
    "parentVersion": 1,
    "echartsVersion": "4.8.0",
    "versionCreateTime": "2020-11-19T02:12:44.000Z",
    "html": "",
    "externalScripts": "",
    "updaterUID": "bd-732371637",
    "theme": "",
    "layout": "",
    "viewCount": 138,
    "userName": "g***f",
    "commentCount": 0,
    "starCount": 2,
    "isStared": 0,
    "thumbnailURL": "https://www.makeapie.com/ecg-storage/ec_gallery_thumbnail/x-yem97S_e.png?v=1605751964201",
    "isCustomThumbnail": 0,
    "builtinTags": [
        "category-work",
        "grid",
        "series-bar",
        "title",
        "tooltip"
    ],
    "customTags": [
        "bar",
        "不均匀数据轴"
    ],
    "updaterUserName": "g***f"
}