{
    "cid": "x1P1GEsB6b",
    "authorUid": "obd-oCytk-iscqjAoQgpI34LAUX1d2UkM3Y",
    "authorUserName": "1***4",
    "title": "数据范围缩放滑动",
    "description": "",
    "latestVersion": 2,
    "alwaysLatest": 1,
    "createTime": "2020-11-19T07:11:26.000Z",
    "lastUpdateTime": "2020-11-19T07:11:26.000Z",
    "auth": 2,
    "uid": "obd-oCytk-iscqjAoQgpI34LAUX1d2UkM3Y",
    "publishedVersion": 0,
    "forkFrom": "-",
    "isSpam": 0,
    "version": 2,
    "parentVersion": 1,
    "echartsVersion": "4.8.0",
    "versionCreateTime": "2020-11-19T08:36:27.000Z",
    "html": "",
    "externalScripts": "",
    "updaterUID": "obd-oCytk-iscqjAoQgpI34LAUX1d2UkM3Y",
    "theme": "",
    "layout": "",
    "viewCount": 27,
    "userName": "1***4",
    "commentCount": 0,
    "starCount": 0,
    "isStared": 0,
    "thumbnailURL": "https://www.makeapie.com/ecg-storage/ec_gallery_thumbnail/x1P1GEsB6b.png?v=1605774987210",
    "isCustomThumbnail": 0,
    "builtinTags": [
        "category-work",
        "dataZoom",
        "grid",
        "legend",
        "series-scatter",
        "tooltip"
    ],
    "customTags": [],
    "updaterUserName": "1***4"
}