{
    "cid": "x_GpyadJSF",
    "authorUid": "obd-oEw_mam498iVLh0aDxNVleoWFGDX94y",
    "authorUserName": "心***c",
    "title": "仪表盘",
    "description": "小清新仪表盘",
    "latestVersion": 2,
    "alwaysLatest": 1,
    "createTime": "2020-11-18T08:57:06.000Z",
    "lastUpdateTime": "2020-11-18T08:57:06.000Z",
    "auth": 2,
    "uid": "obd-oEw_mam498iVLh0aDxNVleoWFGDX94y",
    "publishedVersion": 0,
    "forkFrom": "-",
    "isSpam": 0,
    "version": 2,
    "parentVersion": 1,
    "echartsVersion": "4.9.0",
    "versionCreateTime": "2021-04-29T11:30:45.000Z",
    "html": "",
    "externalScripts": "",
    "updaterUID": "obd-oEw_mam498iVLh0aDxNVleoWFGDX94y",
    "theme": "",
    "layout": "",
    "viewCount": 99,
    "userName": "心***c",
    "commentCount": 0,
    "starCount": 2,
    "isStared": 0,
    "thumbnailURL": "https://www.makeapie.com/ecg-storage/ec_gallery_thumbnail/x_GpyadJSF.png?v=1619695845610",
    "isCustomThumbnail": 0,
    "builtinTags": [
        "category-work",
        "series-gauge",
        "tooltip"
    ],
    "customTags": [],
    "updaterUserName": "心***c"
}