{
    "cid": "xA8drvavOX",
    "authorUid": "bd-877756419",
    "authorUserName": "明***大",
    "title": "世界地图",
    "description": "",
    "latestVersion": 1,
    "alwaysLatest": 1,
    "createTime": "2020-11-18T02:37:28.000Z",
    "lastUpdateTime": "2020-11-18T02:37:28.000Z",
    "auth": 2,
    "uid": "bd-877756419",
    "publishedVersion": 0,
    "forkFrom": "-",
    "isSpam": 0,
    "version": 1,
    "parentVersion": -1,
    "echartsVersion": "4.8.0",
    "versionCreateTime": "2020-11-18T02:37:28.000Z",
    "html": "",
    "externalScripts": "/dep/echarts/map/js/world.js,/dep/echarts/map/js/china.js",
    "updaterUID": "bd-877756419",
    "theme": "",
    "layout": "",
    "viewCount": 539,
    "userName": "明***大",
    "commentCount": 0,
    "starCount": 3,
    "isStared": 0,
    "thumbnailURL": "https://www.makeapie.com/ecg-storage/ec_gallery_thumbnail/xA8drvavOX.png?v=1605667048537",
    "isCustomThumbnail": 0,
    "builtinTags": [
        "category-work",
        "geo",
        "series-effectScatter",
        "series-map",
        "series-scatter",
        "tooltip",
        "visualMap"
    ],
    "customTags": [],
    "updaterUserName": "明***大"
}