{
    "cid": "xaYTISYENX",
    "authorUid": "bd-1275590612",
    "authorUserName": "n***2",
    "title": "对比图",
    "description": "",
    "latestVersion": 1,
    "alwaysLatest": 1,
    "createTime": "2020-11-18T07:05:13.000Z",
    "lastUpdateTime": "2020-11-18T07:05:13.000Z",
    "auth": 1,
    "uid": "bd-1275590612",
    "publishedVersion": 0,
    "forkFrom": "-",
    "isSpam": 0,
    "version": 1,
    "parentVersion": -1,
    "echartsVersion": "4.8.0",
    "versionCreateTime": "2020-11-18T07:05:13.000Z",
    "html": "",
    "externalScripts": "",
    "updaterUID": "bd-1275590612",
    "theme": "",
    "layout": "",
    "viewCount": 146,
    "userName": "n***2",
    "commentCount": 0,
    "starCount": 1,
    "isStared": 0,
    "thumbnailURL": "https://www.makeapie.com/ecg-storage/ec_gallery_thumbnail/xaYTISYENX.png?v=1605683113932",
    "isCustomThumbnail": 0,
    "builtinTags": [
        "category-work",
        "grid",
        "series-bar",
        "tooltip"
    ],
    "customTags": [],
    "updaterUserName": "n***2"
}