{
    "cid": "xcNZ8_0W5h",
    "authorUid": "obd-o-WzQPFutxoDfuyDDPhYMEEbOshjlAV",
    "authorUserName": "8***2",
    "title": "分级饼图",
    "description": "",
    "latestVersion": 1,
    "alwaysLatest": 1,
    "createTime": "2020-11-19T08:29:38.000Z",
    "lastUpdateTime": "2020-11-19T08:29:38.000Z",
    "auth": 2,
    "uid": "obd-o-WzQPFutxoDfuyDDPhYMEEbOshjlAV",
    "publishedVersion": 0,
    "forkFrom": "-",
    "isSpam": 0,
    "version": 1,
    "parentVersion": -1,
    "echartsVersion": "4.8.0",
    "versionCreateTime": "2020-11-19T08:29:38.000Z",
    "html": "",
    "externalScripts": "",
    "updaterUID": "obd-o-WzQPFutxoDfuyDDPhYMEEbOshjlAV",
    "theme": "",
    "layout": "",
    "viewCount": 113,
    "userName": "8***2",
    "commentCount": 0,
    "starCount": 4,
    "isStared": 0,
    "thumbnailURL": "https://www.makeapie.com/ecg-storage/ec_gallery_thumbnail/xcNZ8_0W5h.png?v=1605774578617",
    "isCustomThumbnail": 0,
    "builtinTags": [
        "category-work",
        "series-pie",
        "tooltip"
    ],
    "customTags": [],
    "updaterUserName": "8***2"
}