{
    "cid": "xCsEOQPFua",
    "authorUid": "obd-ojGzlc1WQUJsK4QHNR1rN9WDZ_ZotEL",
    "authorUserName": "盖***_",
    "title": "学位授予",
    "description": "",
    "latestVersion": 4,
    "alwaysLatest": 1,
    "createTime": "2020-11-19T04:48:13.000Z",
    "lastUpdateTime": "2020-11-19T04:48:13.000Z",
    "auth": 2,
    "uid": "obd-ojGzlc1WQUJsK4QHNR1rN9WDZ_ZotEL",
    "publishedVersion": 0,
    "forkFrom": "-",
    "isSpam": 0,
    "version": 4,
    "parentVersion": 3,
    "echartsVersion": "4.8.0",
    "versionCreateTime": "2021-02-04T15:04:48.000Z",
    "html": "",
    "externalScripts": "",
    "updaterUID": "obd-ojGzlc1WQUJsK4QHNR1rN9WDZ_ZotEL",
    "theme": "",
    "layout": "",
    "viewCount": 52,
    "userName": "盖***_",
    "commentCount": 0,
    "starCount": 1,
    "isStared": 0,
    "thumbnailURL": "https://www.makeapie.com/ecg-storage/ec_gallery_thumbnail/xCsEOQPFua.png?v=1612451088727",
    "isCustomThumbnail": 0,
    "builtinTags": [
        "category-work",
        "grid",
        "series-bar",
        "tooltip"
    ],
    "customTags": [],
    "updaterUserName": "盖***_"
}