{
    "cid": "xFBq8T3te2",
    "authorUid": "obd-oP6AmJv6p4_zTlQa5xM__e6kX5MSG9P",
    "authorUserName": "136*****357",
    "title": "23届",
    "description": "",
    "latestVersion": 2,
    "alwaysLatest": 1,
    "createTime": "2020-11-18T13:15:15.000Z",
    "lastUpdateTime": "2020-11-18T13:15:15.000Z",
    "auth": 2,
    "uid": "obd-oP6AmJv6p4_zTlQa5xM__e6kX5MSG9P",
    "publishedVersion": 0,
    "forkFrom": "-",
    "isSpam": 0,
    "version": 2,
    "parentVersion": 1,
    "echartsVersion": "4.8.0",
    "versionCreateTime": "2020-11-18T13:22:06.000Z",
    "html": "",
    "externalScripts": "",
    "updaterUID": "obd-oP6AmJv6p4_zTlQa5xM__e6kX5MSG9P",
    "theme": "default",
    "layout": "",
    "viewCount": 31,
    "userName": "136*****357",
    "commentCount": 0,
    "starCount": 0,
    "isStared": 0,
    "thumbnailURL": "https://www.makeapie.com/ecg-storage/ec_gallery_thumbnail/xFBq8T3te2.png?v=1605705726584",
    "isCustomThumbnail": 0,
    "builtinTags": [
        "category-work",
        "dataset",
        "grid",
        "legend",
        "series-bar",
        "tooltip"
    ],
    "customTags": [],
    "updaterUserName": "136*****357"
}