{
    "cid": "xm73pCN2qf",
    "authorUid": "bd-2435578046",
    "authorUserName": "r***l",
    "title": "横向柱状图轮播，定时器",
    "description": "自动轮播，添加了定时器",
    "latestVersion": 1,
    "alwaysLatest": 1,
    "createTime": "2020-11-17T11:36:47.000Z",
    "lastUpdateTime": "2020-11-17T11:36:47.000Z",
    "auth": 2,
    "uid": "bd-2435578046",
    "publishedVersion": 0,
    "forkFrom": "-",
    "isSpam": 0,
    "version": 1,
    "parentVersion": -1,
    "echartsVersion": "4.8.0",
    "versionCreateTime": "2020-11-17T11:36:47.000Z",
    "html": "",
    "externalScripts": "",
    "updaterUID": "bd-2435578046",
    "theme": "",
    "layout": "",
    "viewCount": 139,
    "userName": "r***l",
    "commentCount": 0,
    "starCount": 0,
    "isStared": 0,
    "thumbnailURL": "https://www.makeapie.com/ecg-storage/ec_gallery_thumbnail/xm73pCN2qf.png?v=1605613007745",
    "isCustomThumbnail": 0,
    "builtinTags": [
        "category-work",
        "grid",
        "series-bar",
        "title",
        "tooltip"
    ],
    "customTags": [],
    "updaterUserName": "r***l"
}