{
    "cid": "xNj3dzLdUw",
    "authorUid": "obd-oNZD5_7gLNdNiG8Prcu4Yw2NAwjn5CL",
    "authorUserName": "杨***5",
    "title": "双折线",
    "description": "",
    "latestVersion": 1,
    "alwaysLatest": 1,
    "createTime": "2020-11-17T13:46:56.000Z",
    "lastUpdateTime": "2020-11-17T13:46:56.000Z",
    "auth": 2,
    "uid": "obd-oNZD5_7gLNdNiG8Prcu4Yw2NAwjn5CL",
    "publishedVersion": 0,
    "forkFrom": "-",
    "isSpam": 0,
    "version": 1,
    "parentVersion": -1,
    "echartsVersion": "4.8.0",
    "versionCreateTime": "2020-11-17T13:46:56.000Z",
    "html": "",
    "externalScripts": "",
    "updaterUID": "obd-oNZD5_7gLNdNiG8Prcu4Yw2NAwjn5CL",
    "theme": "",
    "layout": "",
    "viewCount": 532,
    "userName": "杨***5",
    "commentCount": 0,
    "starCount": 8,
    "isStared": 0,
    "thumbnailURL": "https://www.makeapie.com/ecg-storage/ec_gallery_thumbnail/xNj3dzLdUw.png?v=1605620816342",
    "isCustomThumbnail": 0,
    "builtinTags": [
        "category-work",
        "grid",
        "legend",
        "series-line",
        "tooltip"
    ],
    "customTags": [],
    "updaterUserName": "杨***5"
}