{
    "cid": "xO8f3jtXlx",
    "authorUid": "obd-oCytk-iscqjAoQgpI34LAUX1d2UkM3Y",
    "authorUserName": "1***4",
    "title": "省级地图+geo",
    "description": "",
    "latestVersion": 1,
    "alwaysLatest": 1,
    "createTime": "2020-11-19T07:16:01.000Z",
    "lastUpdateTime": "2020-11-19T07:16:01.000Z",
    "auth": 2,
    "uid": "obd-oCytk-iscqjAoQgpI34LAUX1d2UkM3Y",
    "publishedVersion": 0,
    "forkFrom": "-",
    "isSpam": 0,
    "version": 1,
    "parentVersion": -1,
    "echartsVersion": "4.8.0",
    "versionCreateTime": "2020-11-19T07:16:01.000Z",
    "html": "",
    "externalScripts": "",
    "updaterUID": "obd-oCytk-iscqjAoQgpI34LAUX1d2UkM3Y",
    "theme": "",
    "layout": "",
    "viewCount": 332,
    "userName": "1***4",
    "commentCount": 0,
    "starCount": 2,
    "isStared": 0,
    "thumbnailURL": "https://www.makeapie.com/ecg-storage/ec_gallery_thumbnail/xO8f3jtXlx.png?v=1605770161496",
    "isCustomThumbnail": 0,
    "builtinTags": [
        "category-work",
        "geo",
        "series-effectScatter",
        "series-map"
    ],
    "customTags": [],
    "updaterUserName": "1***4"
}