{
    "cid": "xpWJJufv9z",
    "authorUid": "bd-3913771301",
    "authorUserName": "因***凡",
    "title": "标域",
    "description": "标域 标线",
    "latestVersion": 9,
    "alwaysLatest": 1,
    "createTime": "2020-11-18T10:43:31.000Z",
    "lastUpdateTime": "2020-11-18T10:43:31.000Z",
    "auth": 2,
    "uid": "bd-3913771301",
    "publishedVersion": 0,
    "forkFrom": "-",
    "isSpam": 0,
    "version": 9,
    "parentVersion": 8,
    "echartsVersion": "4.8.0",
    "versionCreateTime": "2020-12-03T02:52:34.000Z",
    "html": "",
    "externalScripts": "",
    "updaterUID": "bd-3913771301",
    "theme": "",
    "layout": "",
    "viewCount": 1866,
    "userName": "因***凡",
    "commentCount": 0,
    "starCount": 6,
    "isStared": 0,
    "thumbnailURL": "https://www.makeapie.com/ecg-storage/ec_gallery_thumbnail/xpWJJufv9z.png?v=1606963954969",
    "isCustomThumbnail": 0,
    "builtinTags": [
        "category-work",
        "grid",
        "markArea",
        "markLine",
        "series-bar",
        "series-line",
        "title",
        "visualMap"
    ],
    "customTags": [],
    "updaterUserName": "因***凡"
}