{
    "cid": "xQZFu9Wrbp",
    "authorUid": "bd-3613795525",
    "authorUserName": "F***0",
    "title": "渐变面积",
    "description": "",
    "latestVersion": 3,
    "alwaysLatest": 1,
    "createTime": "2020-11-18T02:40:52.000Z",
    "lastUpdateTime": "2020-11-18T02:40:52.000Z",
    "auth": 2,
    "uid": "bd-3613795525",
    "publishedVersion": 0,
    "forkFrom": "-",
    "isSpam": 0,
    "version": 3,
    "parentVersion": 2,
    "echartsVersion": "4.8.0",
    "versionCreateTime": "2020-11-18T02:44:09.000Z",
    "html": "",
    "externalScripts": "",
    "updaterUID": "bd-3613795525",
    "theme": "",
    "layout": "",
    "viewCount": 47,
    "userName": "F***0",
    "commentCount": 0,
    "starCount": 1,
    "isStared": 0,
    "thumbnailURL": "https://www.makeapie.com/ecg-storage/ec_gallery_thumbnail/xQZFu9Wrbp.png?v=1605667449209",
    "isCustomThumbnail": 0,
    "builtinTags": [
        "category-work",
        "grid",
        "legend",
        "series-line",
        "tooltip"
    ],
    "customTags": [],
    "updaterUserName": "F***0"
}