{
    "cid": "xS2AiKWZWi",
    "authorUid": "bd-1177271758",
    "authorUserName": "s***五",
    "title": "时间轴数据",
    "description": "显示时间段内数值",
    "latestVersion": 3,
    "alwaysLatest": 1,
    "createTime": "2020-11-18T10:47:40.000Z",
    "lastUpdateTime": "2020-11-18T10:47:40.000Z",
    "auth": 2,
    "uid": "bd-1177271758",
    "publishedVersion": 0,
    "forkFrom": "-",
    "isSpam": 0,
    "version": 3,
    "parentVersion": 2,
    "echartsVersion": "4.8.0",
    "versionCreateTime": "2020-11-19T10:37:57.000Z",
    "html": "",
    "externalScripts": "",
    "updaterUID": "bd-1177271758",
    "theme": "",
    "layout": "",
    "viewCount": 165,
    "userName": "s***五",
    "commentCount": 0,
    "starCount": 2,
    "isStared": 0,
    "thumbnailURL": "https://www.makeapie.com/ecg-storage/ec_gallery_thumbnail/xS2AiKWZWi.png?v=1605782277118",
    "isCustomThumbnail": 0,
    "builtinTags": [
        "category-work",
        "dataZoom",
        "grid",
        "series-bar",
        "title",
        "toolbox",
        "tooltip"
    ],
    "customTags": [],
    "updaterUserName": "s***五"
}