{
    "cid": "xSqW8fWQnP",
    "authorUid": "obd-oj8MmIvomgMLCBkYnCwqKQCbOh412Dl",
    "authorUserName": "a***1",
    "title": "Awesome Chart",
    "description": "",
    "latestVersion": 1,
    "alwaysLatest": 1,
    "createTime": "2020-11-19T06:46:25.000Z",
    "lastUpdateTime": "2020-11-19T06:46:25.000Z",
    "auth": 2,
    "uid": "obd-oj8MmIvomgMLCBkYnCwqKQCbOh412Dl",
    "publishedVersion": 0,
    "forkFrom": "-",
    "isSpam": 0,
    "version": 1,
    "parentVersion": -1,
    "echartsVersion": "4.8.0",
    "versionCreateTime": "2020-11-19T06:46:25.000Z",
    "html": "",
    "externalScripts": "",
    "updaterUID": "obd-oj8MmIvomgMLCBkYnCwqKQCbOh412Dl",
    "theme": "",
    "layout": "",
    "viewCount": 9,
    "userName": "a***1",
    "commentCount": 0,
    "starCount": 0,
    "isStared": 0,
    "thumbnailURL": "https://www.makeapie.com/ecg-storage/ec_gallery_thumbnail/xSqW8fWQnP.png?v=1605768385552",
    "isCustomThumbnail": 0,
    "builtinTags": [
        "category-work",
        "grid",
        "series-line",
        "title"
    ],
    "customTags": [],
    "updaterUserName": "a***1"
}