{
    "cid": "x3fI4IQxkU",
    "authorUid": "bd-3342206826",
    "authorUserName": "小***琪",
    "title": "雷达图1",
    "description": "",
    "latestVersion": 1,
    "alwaysLatest": 1,
    "createTime": "2020-03-24T10:44:12.000Z",
    "lastUpdateTime": "2020-03-24T10:44:12.000Z",
    "auth": 2,
    "uid": "bd-3342206826",
    "publishedVersion": 0,
    "forkFrom": "-",
    "isSpam": 0,
    "version": 1,
    "parentVersion": -1,
    "echartsVersion": "4.7.0",
    "versionCreateTime": "2020-03-24T10:44:13.000Z",
    "html": "",
    "externalScripts": "",
    "updaterUID": "bd-3342206826",
    "theme": "",
    "layout": "",
    "viewCount": 2304,
    "userName": "小***琪",
    "commentCount": 0,
    "starCount": 7,
    "isStared": 0,
    "thumbnailURL": "https://www.makeapie.com/ecg-storage/ec_gallery_thumbnail/x3fI4IQxkU.png?v=1585046653112",
    "isCustomThumbnail": 0,
    "builtinTags": [
        "category-work",
        "radar",
        "series-radar",
        "tooltip"
    ],
    "customTags": [],
    "updaterUserName": "小***琪"
}