{
    "cid": "x8K4IcRGyK",
    "authorUid": "bd-2738551477",
    "authorUserName": "沐***儿",
    "title": "饼图指示线加圆点",
    "description": "饼图指示线加圆点",
    "latestVersion": 1,
    "alwaysLatest": 1,
    "createTime": "2020-03-24T05:31:48.000Z",
    "lastUpdateTime": "2020-03-24T05:31:48.000Z",
    "auth": 2,
    "uid": "bd-2738551477",
    "publishedVersion": 0,
    "forkFrom": "-",
    "isSpam": 0,
    "version": 1,
    "parentVersion": -1,
    "echartsVersion": "4.7.0",
    "versionCreateTime": "2020-03-24T05:31:48.000Z",
    "html": "",
    "externalScripts": "",
    "updaterUID": "bd-2738551477",
    "theme": "",
    "layout": "",
    "viewCount": 2123,
    "userName": "沐***儿",
    "commentCount": 1,
    "starCount": 6,
    "isStared": 0,
    "thumbnailURL": "https://www.makeapie.com/ecg-storage/ec_gallery_thumbnail/x8K4IcRGyK.png?v=1585027908277",
    "isCustomThumbnail": 0,
    "builtinTags": [
        "category-work",
        "series-pie"
    ],
    "customTags": [],
    "updaterUserName": "沐***儿"
}