{
    "cid": "xasTs8k5x2",
    "authorUid": "bd-2778520127",
    "authorUserName": "沫***儿",
    "title": "会动的仪表盘",
    "description": "根据数据改变",
    "latestVersion": 1,
    "alwaysLatest": 1,
    "createTime": "2020-03-24T06:53:28.000Z",
    "lastUpdateTime": "2020-03-24T06:53:28.000Z",
    "auth": 2,
    "uid": "bd-2778520127",
    "publishedVersion": 0,
    "forkFrom": "-",
    "isSpam": 0,
    "version": 1,
    "parentVersion": -1,
    "echartsVersion": "4.7.0",
    "versionCreateTime": "2020-03-24T06:53:28.000Z",
    "html": "",
    "externalScripts": "",
    "updaterUID": "bd-2778520127",
    "theme": "",
    "layout": "",
    "viewCount": 3537,
    "userName": "沫***儿",
    "commentCount": 0,
    "starCount": 19,
    "isStared": 0,
    "thumbnailURL": "https://www.makeapie.com/ecg-storage/ec_gallery_thumbnail/xasTs8k5x2.png?v=1585032808670",
    "isCustomThumbnail": 0,
    "builtinTags": [
        "category-work",
        "series-gauge"
    ],
    "customTags": [],
    "updaterUserName": "沫***儿"
}