{
    "cid": "xEFc7bLG6u",
    "authorUid": "bd-2675251643",
    "authorUserName": "g***花",
    "title": "三系列圆角柱状图",
    "description": "研究空心原点的实现用",
    "latestVersion": 1,
    "alwaysLatest": 1,
    "createTime": "2020-03-23T06:48:18.000Z",
    "lastUpdateTime": "2020-03-23T06:48:18.000Z",
    "auth": 2,
    "uid": "bd-2675251643",
    "publishedVersion": 0,
    "forkFrom": "-",
    "isSpam": 0,
    "version": 1,
    "parentVersion": -1,
    "echartsVersion": "4.7.0",
    "versionCreateTime": "2020-03-23T06:48:18.000Z",
    "html": "",
    "externalScripts": "",
    "updaterUID": "bd-2675251643",
    "theme": "",
    "layout": "",
    "viewCount": 1803,
    "userName": "g***花",
    "commentCount": 0,
    "starCount": 10,
    "isStared": 0,
    "thumbnailURL": "https://www.makeapie.com/ecg-storage/ec_gallery_thumbnail/xEFc7bLG6u.png?v=1584946098414",
    "isCustomThumbnail": 0,
    "builtinTags": [
        "category-work",
        "grid",
        "legend",
        "series-bar",
        "series-line",
        "title",
        "tooltip"
    ],
    "customTags": [],
    "updaterUserName": "g***花"
}