{
    "cid": "xfXa4Vks8r",
    "authorUid": "bd-3860445203",
    "authorUserName": "c***丁",
    "title": "超过阈值范围显示异常",
    "description": "超过最大值和最小值时显示异常颜色",
    "latestVersion": 5,
    "alwaysLatest": 1,
    "createTime": "2020-03-24T05:56:02.000Z",
    "lastUpdateTime": "2020-03-24T05:56:02.000Z",
    "auth": 1,
    "uid": "bd-3860445203",
    "publishedVersion": 0,
    "forkFrom": "-",
    "isSpam": 0,
    "version": 5,
    "parentVersion": 4,
    "echartsVersion": "4.7.0",
    "versionCreateTime": "2020-03-24T05:58:05.000Z",
    "html": "",
    "externalScripts": "",
    "updaterUID": "bd-3860445203",
    "theme": "",
    "layout": "",
    "viewCount": 290,
    "userName": "c***丁",
    "commentCount": 0,
    "starCount": 1,
    "isStared": 0,
    "thumbnailURL": "https://www.makeapie.com/ecg-storage/ec_gallery_thumbnail/xfXa4Vks8r.png?v=1585029485510",
    "isCustomThumbnail": 0,
    "builtinTags": [
        "category-work",
        "grid",
        "markLine",
        "series-line",
        "title",
        "tooltip",
        "visualMap"
    ],
    "customTags": [],
    "updaterUserName": "c***丁"
}