{
    "cid": "xGGXXD-Q72",
    "authorUid": "bd-1984284290",
    "authorUserName": "游***飘",
    "title": "中国教育行业人数结构",
    "description": "",
    "latestVersion": 5,
    "alwaysLatest": 1,
    "createTime": "2020-03-24T11:45:38.000Z",
    "lastUpdateTime": "2020-03-24T11:45:38.000Z",
    "auth": 2,
    "uid": "bd-1984284290",
    "publishedVersion": 0,
    "forkFrom": "-",
    "isSpam": 0,
    "version": 5,
    "parentVersion": 4,
    "echartsVersion": "4.7.0",
    "versionCreateTime": "2020-04-07T09:27:03.000Z",
    "html": "",
    "externalScripts": "",
    "updaterUID": "bd-1984284290",
    "theme": "",
    "layout": "",
    "viewCount": 818,
    "userName": "游***飘",
    "commentCount": 0,
    "starCount": 5,
    "isStared": 0,
    "thumbnailURL": "https://www.makeapie.com/ecg-storage/ec_gallery_thumbnail/xGGXXD-Q72.png?v=1586251623655",
    "isCustomThumbnail": 0,
    "builtinTags": [
        "category-work",
        "grid",
        "series-pictorialBar",
        "tooltip"
    ],
    "customTags": [],
    "updaterUserName": "游***飘"
}