{
    "cid": "xIfqb0V7rR",
    "authorUid": "bd-1981023706",
    "authorUserName": "シ***画",
    "title": "使用visualmap模拟锥形渐变",
    "description": "",
    "latestVersion": 1,
    "alwaysLatest": 1,
    "createTime": "2020-03-23T08:19:42.000Z",
    "lastUpdateTime": "2020-03-23T08:19:42.000Z",
    "auth": 2,
    "uid": "bd-1981023706",
    "publishedVersion": 0,
    "forkFrom": "-",
    "isSpam": 0,
    "version": 1,
    "parentVersion": -1,
    "echartsVersion": "4.7.0",
    "versionCreateTime": "2020-03-23T08:19:42.000Z",
    "html": "",
    "externalScripts": "",
    "updaterUID": "bd-1981023706",
    "theme": "dark",
    "layout": "",
    "viewCount": 156,
    "userName": "シ***画",
    "commentCount": 0,
    "starCount": 1,
    "isStared": 0,
    "thumbnailURL": "https://www.makeapie.com/ecg-storage/ec_gallery_thumbnail/xIfqb0V7rR.png?v=1584951582428",
    "isCustomThumbnail": 0,
    "builtinTags": [
        "category-work",
        "legend",
        "series-pie",
        "visualMap"
    ],
    "customTags": [],
    "updaterUserName": "シ***画"
}