{
    "cid": "xJhFeol04C",
    "authorUid": "bd-4112874012",
    "authorUserName": "昨***红",
    "title": "demo",
    "description": "demo",
    "latestVersion": 3,
    "alwaysLatest": 1,
    "createTime": "2020-03-24T06:50:16.000Z",
    "lastUpdateTime": "2020-03-24T06:50:16.000Z",
    "auth": 1,
    "uid": "bd-4112874012",
    "publishedVersion": 0,
    "forkFrom": "-",
    "isSpam": 0,
    "version": 3,
    "parentVersion": 2,
    "echartsVersion": "4.7.0",
    "versionCreateTime": "2020-03-24T06:59:57.000Z",
    "html": "",
    "externalScripts": "",
    "updaterUID": "bd-4112874012",
    "theme": "",
    "layout": "",
    "viewCount": 92,
    "userName": "昨***红",
    "commentCount": 0,
    "starCount": 0,
    "isStared": 0,
    "thumbnailURL": "https://www.makeapie.com/ecg-storage/ec_gallery_thumbnail/xJhFeol04C.png?v=1585033197379",
    "isCustomThumbnail": 0,
    "builtinTags": [
        "category-work",
        "grid",
        "markLine",
        "series-bar",
        "tooltip"
    ],
    "customTags": [],
    "updaterUserName": "昨***红"
}