{
    "cid": "xJHGwD3-T9",
    "authorUid": "bd-2030356527",
    "authorUserName": "c***5",
    "title": "",
    "description": "",
    "latestVersion": 1,
    "alwaysLatest": 1,
    "createTime": "2020-03-23T02:49:07.000Z",
    "lastUpdateTime": "2020-03-23T02:49:07.000Z",
    "auth": 2,
    "uid": "bd-2030356527",
    "publishedVersion": 0,
    "forkFrom": "-",
    "isSpam": 0,
    "version": 1,
    "parentVersion": -1,
    "echartsVersion": "4.7.0",
    "versionCreateTime": "2020-03-23T02:49:07.000Z",
    "html": "",
    "externalScripts": "",
    "updaterUID": "bd-2030356527",
    "theme": "",
    "layout": "",
    "viewCount": 37,
    "userName": "c***5",
    "commentCount": 0,
    "starCount": 0,
    "isStared": 0,
    "thumbnailURL": "https://www.makeapie.com/ecg-storage/ec_gallery_thumbnail/xJHGwD3-T9.png?v=1584931747922",
    "isCustomThumbnail": 0,
    "builtinTags": [
        "category-work",
        "grid",
        "series-bar",
        "tooltip"
    ],
    "customTags": [],
    "updaterUserName": "c***5"
}