{
    "cid": "xkBiII9N0M",
    "authorUid": "bd-2237397521",
    "authorUserName": "天***一",
    "title": "bar加背景色",
    "description": "",
    "latestVersion": 5,
    "alwaysLatest": 1,
    "createTime": "2020-03-24T04:19:20.000Z",
    "lastUpdateTime": "2020-03-24T04:19:20.000Z",
    "auth": 2,
    "uid": "bd-2237397521",
    "publishedVersion": 0,
    "forkFrom": "-",
    "isSpam": 0,
    "version": 5,
    "parentVersion": 4,
    "echartsVersion": "4.7.0",
    "versionCreateTime": "2020-03-24T06:58:43.000Z",
    "html": "",
    "externalScripts": "",
    "updaterUID": "bd-2237397521",
    "theme": "",
    "layout": "",
    "viewCount": 269,
    "userName": "天***一",
    "commentCount": 0,
    "starCount": 1,
    "isStared": 0,
    "thumbnailURL": "https://www.makeapie.com/ecg-storage/ec_gallery_thumbnail/xkBiII9N0M.png?v=1585033123767",
    "isCustomThumbnail": 0,
    "builtinTags": [
        "category-work",
        "grid",
        "legend",
        "markArea",
        "markPoint",
        "series-bar",
        "series-custom",
        "tooltip"
    ],
    "customTags": [],
    "updaterUserName": "天***一"
}