{
    "cid": "xKVxCysLnQ",
    "authorUid": "bd-2641689181",
    "authorUserName": "未***w",
    "title": "echarts折线图实线加虚线",
    "description": "",
    "latestVersion": 1,
    "alwaysLatest": 1,
    "createTime": "2020-03-24T08:50:42.000Z",
    "lastUpdateTime": "2020-03-24T08:50:42.000Z",
    "auth": 2,
    "uid": "bd-2641689181",
    "publishedVersion": 0,
    "forkFrom": "-",
    "isSpam": 0,
    "version": 1,
    "parentVersion": -1,
    "echartsVersion": "4.7.0",
    "versionCreateTime": "2020-03-24T08:50:42.000Z",
    "html": "",
    "externalScripts": "",
    "updaterUID": "bd-2641689181",
    "theme": "",
    "layout": "",
    "viewCount": 1158,
    "userName": "未***w",
    "commentCount": 0,
    "starCount": 4,
    "isStared": 0,
    "thumbnailURL": "https://www.makeapie.com/ecg-storage/ec_gallery_thumbnail/xKVxCysLnQ.png?v=1585039842999",
    "isCustomThumbnail": 0,
    "builtinTags": [
        "category-work",
        "grid",
        "legend",
        "series-line",
        "title",
        "toolbox",
        "tooltip"
    ],
    "customTags": [],
    "updaterUserName": "未***w"
}