{
    "cid": "xo2vPWqb5F",
    "authorUid": "bd-680661138",
    "authorUserName": "n***_",
    "title": "饼图满意度评价",
    "description": "指示线第二条设置有标志点 数字在指示线上显示",
    "latestVersion": 1,
    "alwaysLatest": 1,
    "createTime": "2020-03-24T09:09:04.000Z",
    "lastUpdateTime": "2020-03-24T09:09:04.000Z",
    "auth": 2,
    "uid": "bd-680661138",
    "publishedVersion": 0,
    "forkFrom": "-",
    "isSpam": 0,
    "version": 1,
    "parentVersion": -1,
    "echartsVersion": "4.7.0",
    "versionCreateTime": "2020-03-24T09:09:04.000Z",
    "html": "",
    "externalScripts": "",
    "updaterUID": "bd-680661138",
    "theme": "",
    "layout": "",
    "viewCount": 154,
    "userName": "n***_",
    "commentCount": 0,
    "starCount": 0,
    "isStared": 0,
    "thumbnailURL": "https://www.makeapie.com/ecg-storage/ec_gallery_thumbnail/xo2vPWqb5F.png?v=1585040944837",
    "isCustomThumbnail": 0,
    "builtinTags": [
        "category-work",
        "series-pie"
    ],
    "customTags": [],
    "updaterUserName": "n***_"
}