{
    "cid": "xr-fKStAeV",
    "authorUid": "bd-3342206826",
    "authorUserName": "小***琪",
    "title": "饼形图8",
    "description": "",
    "latestVersion": 1,
    "alwaysLatest": 1,
    "createTime": "2020-03-24T03:50:36.000Z",
    "lastUpdateTime": "2020-08-19T04:45:45.000Z",
    "auth": 2,
    "uid": "bd-3342206826",
    "publishedVersion": 0,
    "forkFrom": "-",
    "isSpam": 0,
    "version": 1,
    "parentVersion": -1,
    "echartsVersion": "4.7.0",
    "versionCreateTime": "2020-03-24T03:50:36.000Z",
    "html": "",
    "externalScripts": "",
    "updaterUID": "bd-3342206826",
    "theme": "default",
    "layout": "",
    "viewCount": 27,
    "userName": "小***琪",
    "commentCount": 0,
    "starCount": 0,
    "isStared": 0,
    "thumbnailURL": "https://www.makeapie.com/ecg-storage/ec_gallery_thumbnail/xr-fKStAeV.png?v=1585021837017",
    "isCustomThumbnail": 0,
    "builtinTags": [
        "category-work",
        "graphic",
        "series-pie",
        "toolbox"
    ],
    "customTags": [],
    "updaterUserName": "小***琪"
}