{
    "cid": "xRALL3ZKRt",
    "authorUid": "bd-1363539791",
    "authorUserName": "高***爷",
    "title": "圆环",
    "description": "个人博客\nhttps://blog.csdn.net/liuyunshengsir/article/details/77671767",
    "latestVersion": 1,
    "alwaysLatest": 1,
    "createTime": "2020-03-23T07:46:09.000Z",
    "lastUpdateTime": "2020-03-23T07:46:09.000Z",
    "auth": 2,
    "uid": "bd-1363539791",
    "publishedVersion": 0,
    "forkFrom": "-",
    "isSpam": 0,
    "version": 1,
    "parentVersion": -1,
    "echartsVersion": "4.7.0",
    "versionCreateTime": "2020-03-23T07:46:09.000Z",
    "html": "",
    "externalScripts": "https://cdn.rawgit.com/ecomfe/echarts-wordcloud/833ed011/dist/echarts-wordcloud.min.js,https://echarts.baidu.com/resource/echarts-liquidfill-latest/dist/echarts-liquidfill.min.js,/dep/echarts/latest/extension/bmap.min.js,https://echarts.baidu.com/resource/echarts-gl-latest/dist/echarts-gl.min.js,/dep/echarts/latest/extension/dataTool.min.js,https://echarts.baidu.com/resource/echarts-stat-latest/dist/ecStat.min.js",
    "updaterUID": "bd-1363539791",
    "theme": "",
    "layout": "",
    "viewCount": 139,
    "userName": "高***爷",
    "commentCount": 0,
    "starCount": 1,
    "isStared": 0,
    "thumbnailURL": "https://www.makeapie.com/ecg-storage/ec_gallery_thumbnail/xRALL3ZKRt.png?v=1584949569955",
    "isCustomThumbnail": 0,
    "builtinTags": [
        "category-work",
        "legend",
        "series-pie",
        "tooltip"
    ],
    "customTags": [],
    "updaterUserName": "高***爷"
}