{
    "cid": "xsQNAMDP_l",
    "authorUid": "bd-962827502",
    "authorUserName": "u***t",
    "title": "湖北地区新增治愈病例",
    "description": "作业",
    "latestVersion": 1,
    "alwaysLatest": 1,
    "createTime": "2020-03-24T11:32:28.000Z",
    "lastUpdateTime": "2020-03-24T11:32:28.000Z",
    "auth": 1,
    "uid": "bd-962827502",
    "publishedVersion": 0,
    "forkFrom": "-",
    "isSpam": 0,
    "version": 1,
    "parentVersion": -1,
    "echartsVersion": "4.7.0",
    "versionCreateTime": "2020-03-24T11:32:28.000Z",
    "html": "",
    "externalScripts": "",
    "updaterUID": "bd-962827502",
    "theme": "",
    "layout": "",
    "viewCount": 31,
    "userName": "u***t",
    "commentCount": 0,
    "starCount": 0,
    "isStared": 0,
    "thumbnailURL": "https://www.makeapie.com/ecg-storage/ec_gallery_thumbnail/xsQNAMDP_l.png?v=1585049548420",
    "isCustomThumbnail": 0,
    "builtinTags": [
        "category-work",
        "grid",
        "legend",
        "series-bar",
        "title"
    ],
    "customTags": [],
    "updaterUserName": "u***t"
}