{
    "cid": "xTGeKjzOaW",
    "authorUid": "bd-1276968252",
    "authorUserName": "吕***遥",
    "title": "bar+line +yx2",
    "description": "",
    "latestVersion": 1,
    "alwaysLatest": 1,
    "createTime": "2020-03-24T07:07:04.000Z",
    "lastUpdateTime": "2020-03-24T07:07:04.000Z",
    "auth": 2,
    "uid": "bd-1276968252",
    "publishedVersion": 0,
    "forkFrom": "-",
    "isSpam": 0,
    "version": 1,
    "parentVersion": -1,
    "echartsVersion": "4.7.0",
    "versionCreateTime": "2020-03-24T07:07:04.000Z",
    "html": "",
    "externalScripts": "",
    "updaterUID": "bd-1276968252",
    "theme": "",
    "layout": "",
    "viewCount": 43,
    "userName": "吕***遥",
    "commentCount": 0,
    "starCount": 0,
    "isStared": 0,
    "thumbnailURL": "https://www.makeapie.com/ecg-storage/ec_gallery_thumbnail/xTGeKjzOaW.png?v=1585033624865",
    "isCustomThumbnail": 1,
    "builtinTags": [
        "category-work",
        "dataset",
        "grid",
        "legend",
        "series-bar",
        "series-line",
        "title",
        "tooltip"
    ],
    "customTags": [],
    "updaterUserName": "吕***遥"
}