{
    "cid": "xZ4TTXvms1",
    "authorUid": "bd-2307958024",
    "authorUserName": "小***啊",
    "title": "多条Y轴数据分析",
    "description": "根据多条Y轴数据可以直观的对多因子的数据趋势做分析",
    "latestVersion": 1,
    "alwaysLatest": 1,
    "createTime": "2020-03-24T03:43:43.000Z",
    "lastUpdateTime": "2020-03-24T03:43:43.000Z",
    "auth": 2,
    "uid": "bd-2307958024",
    "publishedVersion": 0,
    "forkFrom": "-",
    "isSpam": 0,
    "version": 1,
    "parentVersion": -1,
    "echartsVersion": "4.7.0",
    "versionCreateTime": "2020-03-24T03:43:43.000Z",
    "html": "",
    "externalScripts": "",
    "updaterUID": "bd-2307958024",
    "theme": "",
    "layout": "",
    "viewCount": 2920,
    "userName": "小***啊",
    "commentCount": 0,
    "starCount": 9,
    "isStared": 0,
    "thumbnailURL": "https://www.makeapie.com/ecg-storage/ec_gallery_thumbnail/xZ4TTXvms1.png?v=1585021423994",
    "isCustomThumbnail": 0,
    "builtinTags": [
        "category-work",
        "grid",
        "legend",
        "series-line",
        "toolbox",
        "tooltip"
    ],
    "customTags": [],
    "updaterUserName": "小***啊"
}