{
    "cid": "x7yFcThmFz",
    "authorUid": "obd-o0Z9AimpqwHS2CNB3KHC-_S2SUyjAFL",
    "authorUserName": "星***者",
    "title": "test",
    "description": "",
    "latestVersion": 17,
    "alwaysLatest": 1,
    "createTime": "2020-08-20T10:13:46.000Z",
    "lastUpdateTime": "2020-08-20T10:13:46.000Z",
    "auth": 2,
    "uid": "obd-o0Z9AimpqwHS2CNB3KHC-_S2SUyjAFL",
    "publishedVersion": 0,
    "forkFrom": "-",
    "isSpam": 0,
    "version": 17,
    "parentVersion": 16,
    "echartsVersion": "4.8.0",
    "versionCreateTime": "2021-02-23T03:27:14.000Z",
    "html": "",
    "externalScripts": "",
    "updaterUID": "obd-o0Z9AimpqwHS2CNB3KHC-_S2SUyjAFL",
    "theme": "",
    "layout": "",
    "viewCount": 62,
    "userName": "星***者",
    "commentCount": 0,
    "starCount": 0,
    "isStared": 0,
    "thumbnailURL": "https://www.makeapie.com/ecg-storage/ec_gallery_thumbnail/x7yFcThmFz.png?v=1614050834770",
    "isCustomThumbnail": 0,
    "builtinTags": [
        "category-work",
        "grid",
        "series-line",
        "title"
    ],
    "customTags": [],
    "updaterUserName": "星***者"
}