{
    "cid": "xFjWQpyqv9",
    "authorUid": "bd-2773585429",
    "authorUserName": "百度用户#0045103430",
    "title": "待办事项",
    "description": "3",
    "latestVersion": 3,
    "alwaysLatest": 1,
    "createTime": "2020-08-21T02:59:09.000Z",
    "lastUpdateTime": "2020-08-21T02:59:09.000Z",
    "auth": 2,
    "uid": "bd-2773585429",
    "publishedVersion": 0,
    "forkFrom": "-",
    "isSpam": 0,
    "version": 3,
    "parentVersion": 2,
    "echartsVersion": "4.8.0",
    "versionCreateTime": "2021-03-01T11:17:24.000Z",
    "html": "",
    "externalScripts": "",
    "updaterUID": "bd-2773585429",
    "theme": "",
    "layout": "",
    "viewCount": 64,
    "userName": "百度用户#0045103430",
    "commentCount": 0,
    "starCount": 1,
    "isStared": 0,
    "thumbnailURL": "https://www.makeapie.com/ecg-storage/ec_gallery_thumbnail/xFjWQpyqv9.png?v=1614597444619",
    "isCustomThumbnail": 0,
    "builtinTags": [
        "category-work",
        "legend",
        "series-pie",
        "title",
        "tooltip"
    ],
    "customTags": [],
    "updaterUserName": "百度用户#0045103430"
}