{
    "cid": "xJdS7HlT_W",
    "authorUid": "bd-1765503565",
    "authorUserName": "学***斯",
    "title": "饼图  提示",
    "description": "饼图 提示",
    "latestVersion": 2,
    "alwaysLatest": 1,
    "createTime": "2020-08-21T03:09:46.000Z",
    "lastUpdateTime": "2020-08-21T03:09:46.000Z",
    "auth": 2,
    "uid": "bd-1765503565",
    "publishedVersion": 0,
    "forkFrom": "-",
    "isSpam": 0,
    "version": 2,
    "parentVersion": 1,
    "echartsVersion": "4.8.0",
    "versionCreateTime": "2021-02-22T09:00:29.000Z",
    "html": "",
    "externalScripts": "",
    "updaterUID": "bd-1765503565",
    "theme": "",
    "layout": "",
    "viewCount": 119,
    "userName": "学***斯",
    "commentCount": 0,
    "starCount": 2,
    "isStared": 0,
    "thumbnailURL": "https://www.makeapie.com/ecg-storage/ec_gallery_thumbnail/xJdS7HlT_W.png?v=1597979387028",
    "isCustomThumbnail": 1,
    "builtinTags": [
        "category-work",
        "legend",
        "series-pie",
        "tooltip"
    ],
    "customTags": [
        "label",
        "pie",
        "tooltip"
    ],
    "updaterUserName": "学***斯"
}