{
    "cid": "xlq2WtRLko",
    "authorUid": "obd-olWp-7E8D_8kjiGSAvzDMmaY9nRbi02",
    "authorUserName": "雪***离",
    "title": "折线图",
    "description": "",
    "latestVersion": 4,
    "alwaysLatest": 1,
    "createTime": "2020-08-21T01:49:32.000Z",
    "lastUpdateTime": "2020-08-21T01:49:32.000Z",
    "auth": 2,
    "uid": "obd-olWp-7E8D_8kjiGSAvzDMmaY9nRbi02",
    "publishedVersion": 0,
    "forkFrom": "-",
    "isSpam": 0,
    "version": 4,
    "parentVersion": 3,
    "echartsVersion": "4.8.0",
    "versionCreateTime": "2020-08-22T04:52:21.000Z",
    "html": "",
    "externalScripts": "",
    "updaterUID": "obd-olWp-7E8D_8kjiGSAvzDMmaY9nRbi02",
    "theme": "",
    "layout": "",
    "viewCount": 133,
    "userName": "雪***离",
    "commentCount": 0,
    "starCount": 2,
    "isStared": 0,
    "thumbnailURL": "https://www.makeapie.com/ecg-storage/ec_gallery_thumbnail/xlq2WtRLko.png?v=1598071941669",
    "isCustomThumbnail": 0,
    "builtinTags": [
        "category-work",
        "grid",
        "legend",
        "series-line",
        "title",
        "tooltip"
    ],
    "customTags": [],
    "updaterUserName": "雪***离"
}