{
    "cid": "xpPL9WC_wM",
    "authorUid": "obd-olWp-7E8D_8kjiGSAvzDMmaY9nRbi02",
    "authorUserName": "雪***离",
    "title": "阶梯图",
    "description": "",
    "latestVersion": 1,
    "alwaysLatest": 1,
    "createTime": "2020-08-20T08:54:55.000Z",
    "lastUpdateTime": "2020-08-20T08:54:55.000Z",
    "auth": 2,
    "uid": "obd-olWp-7E8D_8kjiGSAvzDMmaY9nRbi02",
    "publishedVersion": 0,
    "forkFrom": "-",
    "isSpam": 0,
    "version": 1,
    "parentVersion": -1,
    "echartsVersion": "4.8.0",
    "versionCreateTime": "2020-08-20T08:54:55.000Z",
    "html": "",
    "externalScripts": "",
    "updaterUID": "obd-olWp-7E8D_8kjiGSAvzDMmaY9nRbi02",
    "theme": "",
    "layout": "",
    "viewCount": 645,
    "userName": "雪***离",
    "commentCount": 0,
    "starCount": 6,
    "isStared": 0,
    "thumbnailURL": "https://www.makeapie.com/ecg-storage/ec_gallery_thumbnail/xpPL9WC_wM.png?v=1597913695645",
    "isCustomThumbnail": 0,
    "builtinTags": [
        "category-work",
        "grid",
        "legend",
        "series-line",
        "tooltip"
    ],
    "customTags": [],
    "updaterUserName": "雪***离"
}