{
    "cid": "xsldZXxce1",
    "authorUid": "obd-olGAIGKi_hZhGmrot5eaiYyTMMWyy07",
    "authorUserName": "n***n",
    "title": "Anscombe's quartet",
    "description": "",
    "latestVersion": 2,
    "alwaysLatest": 1,
    "createTime": "2020-08-20T05:38:18.000Z",
    "lastUpdateTime": "2020-08-20T05:38:18.000Z",
    "auth": 2,
    "uid": "obd-olGAIGKi_hZhGmrot5eaiYyTMMWyy07",
    "publishedVersion": 0,
    "forkFrom": "-",
    "isSpam": 0,
    "version": 2,
    "parentVersion": 1,
    "echartsVersion": "4.8.0",
    "versionCreateTime": "2020-08-20T05:38:43.000Z",
    "html": "",
    "externalScripts": "",
    "updaterUID": "obd-olGAIGKi_hZhGmrot5eaiYyTMMWyy07",
    "theme": "",
    "layout": "",
    "viewCount": 121,
    "userName": "n***n",
    "commentCount": 0,
    "starCount": 0,
    "isStared": 0,
    "thumbnailURL": "https://www.makeapie.com/ecg-storage/ec_gallery_thumbnail/xsldZXxce1.png?v=1597901923082",
    "isCustomThumbnail": 0,
    "builtinTags": [
        "category-work",
        "grid",
        "markLine",
        "series-pie",
        "series-scatter",
        "title",
        "tooltip"
    ],
    "customTags": [],
    "updaterUserName": "n***n"
}