{
    "cid": "xWC8jnDubT",
    "authorUid": "obd-oFywMxOTC0LpUlk0zoQqAnIExMwvJ5r",
    "authorUserName": "硬***人",
    "title": "多色折线",
    "description": "",
    "latestVersion": 2,
    "alwaysLatest": 1,
    "createTime": "2020-08-20T13:01:18.000Z",
    "lastUpdateTime": "2020-08-20T13:01:18.000Z",
    "auth": 2,
    "uid": "obd-oFywMxOTC0LpUlk0zoQqAnIExMwvJ5r",
    "publishedVersion": 0,
    "forkFrom": "-",
    "isSpam": 0,
    "version": 2,
    "parentVersion": 1,
    "echartsVersion": "4.8.0",
    "versionCreateTime": "2020-09-15T04:47:48.000Z",
    "html": "",
    "externalScripts": "https://cdn.bootcdn.net/ajax/libs/lodash.js/4.17.15/lodash.js",
    "updaterUID": "obd-oFywMxOTC0LpUlk0zoQqAnIExMwvJ5r",
    "theme": "",
    "layout": "",
    "viewCount": 77,
    "userName": "硬***人",
    "commentCount": 0,
    "starCount": 0,
    "isStared": 0,
    "thumbnailURL": "https://www.makeapie.com/ecg-storage/ec_gallery_thumbnail/xWC8jnDubT.png?v=1600145268837",
    "isCustomThumbnail": 0,
    "builtinTags": [
        "category-work",
        "grid",
        "markArea",
        "series-bar",
        "series-line"
    ],
    "customTags": [],
    "updaterUserName": "硬***人"
}