{
    "cid": "xWnLCGtvcd",
    "authorUid": "bd-1359898593",
    "authorUserName": "j***n",
    "title": "多维层柱图",
    "description": "",
    "latestVersion": 1,
    "alwaysLatest": 1,
    "createTime": "2020-08-20T12:23:58.000Z",
    "lastUpdateTime": "2020-08-20T12:23:58.000Z",
    "auth": 2,
    "uid": "bd-1359898593",
    "publishedVersion": 0,
    "forkFrom": "-",
    "isSpam": 0,
    "version": 1,
    "parentVersion": -1,
    "echartsVersion": "4.8.0",
    "versionCreateTime": "2020-08-20T12:23:58.000Z",
    "html": "",
    "externalScripts": "",
    "updaterUID": "bd-1359898593",
    "theme": "",
    "layout": "",
    "viewCount": 105,
    "userName": "j***n",
    "commentCount": 0,
    "starCount": 0,
    "isStared": 0,
    "thumbnailURL": "https://www.makeapie.com/ecg-storage/ec_gallery_thumbnail/xWnLCGtvcd.png?v=1597926238737",
    "isCustomThumbnail": 0,
    "builtinTags": [
        "category-work",
        "grid",
        "legend",
        "series-bar",
        "tooltip"
    ],
    "customTags": [],
    "updaterUserName": "j***n"
}