{
    "cid": "xy4gSK5gLp",
    "authorUid": "bd-3817636711",
    "authorUserName": "S***G",
    "title": "镜像圆点饼图",
    "description": "label圆点，label百分比在系列名下面显示",
    "latestVersion": 1,
    "alwaysLatest": 1,
    "createTime": "2020-08-21T02:52:15.000Z",
    "lastUpdateTime": "2020-08-21T02:52:15.000Z",
    "auth": 2,
    "uid": "bd-3817636711",
    "publishedVersion": 0,
    "forkFrom": "-",
    "isSpam": 0,
    "version": 1,
    "parentVersion": -1,
    "echartsVersion": "4.8.0",
    "versionCreateTime": "2020-08-21T02:52:15.000Z",
    "html": "",
    "externalScripts": "",
    "updaterUID": "bd-3817636711",
    "theme": "",
    "layout": "",
    "viewCount": 812,
    "userName": "S***G",
    "commentCount": 0,
    "starCount": 6,
    "isStared": 0,
    "thumbnailURL": "https://www.makeapie.com/ecg-storage/ec_gallery_thumbnail/xy4gSK5gLp.png?v=1597978335499",
    "isCustomThumbnail": 0,
    "builtinTags": [
        "category-work",
        "series-pie",
        "title",
        "tooltip"
    ],
    "customTags": [
        "formatter",
        "label",
        "padding",
        "pie",
        "rich",
        "圆点",
        "小圆点",
        "镜像",
        "饼图"
    ],
    "updaterUserName": "S***G"
}