{
    "cid": "x-7TjsEoB4",
    "authorUid": "obd-oCdnjIgVrig6OBNO_xuErKlafRzw_3N",
    "authorUserName": "孤***3",
    "title": "在线率",
    "description": "https://blog.csdn.net/qq_38974638\n关注我的博客",
    "latestVersion": 5,
    "alwaysLatest": 1,
    "createTime": "2020-10-11T04:00:40.000Z",
    "lastUpdateTime": "2021-07-22T09:53:51.000Z",
    "auth": 1,
    "uid": "obd-oCdnjIgVrig6OBNO_xuErKlafRzw_3N",
    "publishedVersion": 0,
    "forkFrom": "-",
    "isSpam": 0,
    "version": 5,
    "parentVersion": 4,
    "echartsVersion": "4.9.0",
    "versionCreateTime": "2021-07-22T09:53:51.000Z",
    "html": "",
    "externalScripts": "",
    "updaterUID": "obd-oPxy7wdPCjr8MVj3J5KsBnzDIUSrH9L",
    "theme": "",
    "layout": "",
    "viewCount": 1027,
    "userName": "孤***3",
    "commentCount": 0,
    "starCount": 4,
    "isStared": 0,
    "thumbnailURL": "https://www.makeapie.com/ecg-storage/ec_gallery_thumbnail/x-7TjsEoB4.png?v=1626947631688",
    "isCustomThumbnail": 0,
    "builtinTags": [
        "category-work",
        "series-gauge"
    ],
    "customTags": [],
    "updaterUserName": "枯***想"
}