{
    "cid": "x0MdTNcV7m",
    "authorUid": "obd-oCvchGapFZRJsAV1ASDgSrYx2Aqx13P",
    "authorUserName": "勤***王",
    "title": "",
    "description": "",
    "latestVersion": 1,
    "alwaysLatest": 1,
    "createTime": "2020-10-11T05:28:01.000Z",
    "lastUpdateTime": "2020-10-11T05:28:01.000Z",
    "auth": 2,
    "uid": "obd-oCvchGapFZRJsAV1ASDgSrYx2Aqx13P",
    "publishedVersion": 0,
    "forkFrom": "-",
    "isSpam": 0,
    "version": 1,
    "parentVersion": -1,
    "echartsVersion": "4.8.0",
    "versionCreateTime": "2020-10-11T05:28:01.000Z",
    "html": "",
    "externalScripts": "",
    "updaterUID": "obd-oCvchGapFZRJsAV1ASDgSrYx2Aqx13P",
    "theme": "",
    "layout": "",
    "viewCount": 115,
    "userName": "勤***王",
    "commentCount": 0,
    "starCount": 0,
    "isStared": 0,
    "thumbnailURL": "https://www.makeapie.com/ecg-storage/ec_gallery_thumbnail/x0MdTNcV7m.png?v=1602394081516",
    "isCustomThumbnail": 0,
    "builtinTags": [
        "category-work",
        "series-pie"
    ],
    "customTags": [],
    "updaterUserName": "勤***王"
}