{
    "cid": "x4xG55UrMX",
    "authorUid": "obd-oF6xtQp_rHAIyVULKWCsZ5Fi_wOcj5A",
    "authorUserName": "谦***逊",
    "title": "折线图",
    "description": "",
    "latestVersion": 1,
    "alwaysLatest": 1,
    "createTime": "2020-10-09T06:50:00.000Z",
    "lastUpdateTime": "2020-10-09T06:50:00.000Z",
    "auth": 2,
    "uid": "obd-oF6xtQp_rHAIyVULKWCsZ5Fi_wOcj5A",
    "publishedVersion": 0,
    "forkFrom": "-",
    "isSpam": 0,
    "version": 1,
    "parentVersion": -1,
    "echartsVersion": "4.8.0",
    "versionCreateTime": "2020-10-09T06:50:00.000Z",
    "html": "",
    "externalScripts": "",
    "updaterUID": "obd-oF6xtQp_rHAIyVULKWCsZ5Fi_wOcj5A",
    "theme": "",
    "layout": "",
    "viewCount": 17,
    "userName": "谦***逊",
    "commentCount": 0,
    "starCount": 0,
    "isStared": 0,
    "thumbnailURL": "https://www.makeapie.com/ecg-storage/ec_gallery_thumbnail/x4xG55UrMX.png?v=1602226200640",
    "isCustomThumbnail": 0,
    "builtinTags": [
        "category-work",
        "grid",
        "series-line",
        "tooltip"
    ],
    "customTags": [],
    "updaterUserName": "谦***逊"
}