{
    "cid": "x5yoGzS5lP",
    "authorUid": "bd-2083917125",
    "authorUserName": "筱***5",
    "title": "2020-10云梦山全国游客来源",
    "description": "",
    "latestVersion": 4,
    "alwaysLatest": 1,
    "createTime": "2020-10-11T16:04:28.000Z",
    "lastUpdateTime": "2020-10-11T16:04:28.000Z",
    "auth": 2,
    "uid": "bd-2083917125",
    "publishedVersion": 0,
    "forkFrom": "-",
    "isSpam": 0,
    "version": 4,
    "parentVersion": 1,
    "echartsVersion": "4.8.0",
    "versionCreateTime": "2020-10-12T00:01:16.000Z",
    "html": "",
    "externalScripts": "https://webapi.amap.com/maps?v=1.3&key=8cc0313a26ad1fd2d280a3f1a021862c&plugin=AMap.DistrictSearch,https://webapi.amap.com/maps?v=1.3&key=8cc0313a26ad1fd2d280a3f1a021862c,https://webapi.amap.com/ui/1.0/main.js,https://echarts.baidu.com/resource/echarts-gl-latest/dist/echarts-gl.min.js",
    "updaterUID": "bd-2083917125",
    "theme": "",
    "layout": "",
    "viewCount": 1113,
    "userName": "筱***5",
    "commentCount": 0,
    "starCount": 5,
    "isStared": 0,
    "thumbnailURL": "https://www.makeapie.com/ecg-storage/ec_gallery_thumbnail/x5yoGzS5lP.png?v=1602460876185",
    "isCustomThumbnail": 0,
    "builtinTags": [
        "category-work",
        "geo",
        "grid",
        "series-bar",
        "series-effectScatter",
        "series-map",
        "timeline",
        "title",
        "toolbox",
        "tooltip",
        "visualMap"
    ],
    "customTags": [],
    "updaterUserName": "筱***5"
}