{
    "cid": "x8xF3qSrnw",
    "authorUid": "bd-1841183165",
    "authorUserName": "o***趣",
    "title": "FOOD",
    "description": "",
    "latestVersion": 1,
    "alwaysLatest": 1,
    "createTime": "2020-10-10T10:03:16.000Z",
    "lastUpdateTime": "2020-10-10T10:03:16.000Z",
    "auth": 2,
    "uid": "bd-1841183165",
    "publishedVersion": 0,
    "forkFrom": "-",
    "isSpam": 0,
    "version": 1,
    "parentVersion": -1,
    "echartsVersion": "4.8.0",
    "versionCreateTime": "2020-10-10T10:03:16.000Z",
    "html": "",
    "externalScripts": "",
    "updaterUID": "bd-1841183165",
    "theme": "",
    "layout": "",
    "viewCount": 3363,
    "userName": "o***趣",
    "commentCount": 0,
    "starCount": 20,
    "isStared": 0,
    "thumbnailURL": "https://www.makeapie.com/ecg-storage/ec_gallery_thumbnail/x8xF3qSrnw.png?v=1602324197150",
    "isCustomThumbnail": 0,
    "builtinTags": [
        "category-work",
        "series-pie",
        "title"
    ],
    "customTags": [],
    "updaterUserName": "o***趣"
}