{
    "cid": "xcTEg09PEl",
    "authorUid": "bd-2083917125",
    "authorUserName": "筱***5",
    "title": "【2020】十一云梦山游客来源",
    "description": "",
    "latestVersion": 6,
    "alwaysLatest": 1,
    "createTime": "2020-10-10T15:24:13.000Z",
    "lastUpdateTime": "2020-10-10T15:24:13.000Z",
    "auth": 2,
    "uid": "bd-2083917125",
    "publishedVersion": 0,
    "forkFrom": "-",
    "isSpam": 0,
    "version": 6,
    "parentVersion": 5,
    "echartsVersion": "4.8.0",
    "versionCreateTime": "2020-10-10T15:32:34.000Z",
    "html": "",
    "externalScripts": "/dep/echarts/map/js/china.js",
    "updaterUID": "bd-2083917125",
    "theme": "",
    "layout": "",
    "viewCount": 138,
    "userName": "筱***5",
    "commentCount": 0,
    "starCount": 1,
    "isStared": 0,
    "thumbnailURL": "https://www.makeapie.com/ecg-storage/ec_gallery_thumbnail/xcTEg09PEl.png?v=1602343954895",
    "isCustomThumbnail": 0,
    "builtinTags": [
        "category-work",
        "geo",
        "series-map",
        "toolbox",
        "tooltip",
        "visualMap"
    ],
    "customTags": [],
    "updaterUserName": "筱***5"
}