{
    "cid": "xGIekkaWBI",
    "authorUid": "bd-2083917125",
    "authorUserName": "筱***5",
    "title": "2020年云梦山游客来源全国统计",
    "description": "数据来自奇镜科技",
    "latestVersion": 6,
    "alwaysLatest": 1,
    "createTime": "2020-10-11T01:49:16.000Z",
    "lastUpdateTime": "2020-10-11T01:49:16.000Z",
    "auth": 2,
    "uid": "bd-2083917125",
    "publishedVersion": 0,
    "forkFrom": "-",
    "isSpam": 0,
    "version": 6,
    "parentVersion": 5,
    "echartsVersion": "4.8.0",
    "versionCreateTime": "2020-10-11T03:42:32.000Z",
    "html": "",
    "externalScripts": "/dep/echarts/map/js/china.js",
    "updaterUID": "bd-2083917125",
    "theme": "",
    "layout": "",
    "viewCount": 228,
    "userName": "筱***5",
    "commentCount": 0,
    "starCount": 0,
    "isStared": 0,
    "thumbnailURL": "https://www.makeapie.com/ecg-storage/ec_gallery_thumbnail/xGIekkaWBI.png?v=1602387752967",
    "isCustomThumbnail": 0,
    "builtinTags": [
        "category-work",
        "geo",
        "series-map",
        "series-scatter",
        "title",
        "toolbox",
        "tooltip",
        "visualMap"
    ],
    "customTags": [],
    "updaterUserName": "筱***5"
}