{
    "cid": "xgsDB9LFSF",
    "authorUid": "obd-otFAyovvXpZKiss3Ju3QFBYCps3Mc81",
    "authorUserName": "M***3",
    "title": "用水管损分析",
    "description": "",
    "latestVersion": 2,
    "alwaysLatest": 1,
    "createTime": "2020-10-10T03:04:09.000Z",
    "lastUpdateTime": "2020-10-10T03:06:05.000Z",
    "auth": 2,
    "uid": "obd-otFAyovvXpZKiss3Ju3QFBYCps3Mc81",
    "publishedVersion": 0,
    "forkFrom": "-",
    "isSpam": 0,
    "version": 2,
    "parentVersion": 1,
    "echartsVersion": "4.8.0",
    "versionCreateTime": "2020-10-10T03:42:51.000Z",
    "html": "",
    "externalScripts": "",
    "updaterUID": "obd-otFAyovvXpZKiss3Ju3QFBYCps3Mc81",
    "theme": "macarons",
    "layout": "",
    "viewCount": 43,
    "userName": "M***3",
    "commentCount": 0,
    "starCount": 1,
    "isStared": 0,
    "thumbnailURL": "https://www.makeapie.com/ecg-storage/ec_gallery_thumbnail/xgsDB9LFSF.png?v=1602301371527",
    "isCustomThumbnail": 0,
    "builtinTags": [],
    "customTags": [],
    "updaterUserName": "M***3"
}