{
    "cid": "xSLH6WgaNz",
    "authorUid": "bd-3560695082",
    "authorUserName": "射***士",
    "title": "双折线渐变柱状图",
    "description": "",
    "latestVersion": 3,
    "alwaysLatest": 1,
    "createTime": "2020-10-10T08:26:07.000Z",
    "lastUpdateTime": "2020-10-10T08:26:07.000Z",
    "auth": 2,
    "uid": "bd-3560695082",
    "publishedVersion": 0,
    "forkFrom": "-",
    "isSpam": 0,
    "version": 3,
    "parentVersion": 2,
    "echartsVersion": "4.9.0",
    "versionCreateTime": "2021-05-27T04:03:54.000Z",
    "html": "",
    "externalScripts": "",
    "updaterUID": "bd-3560695082",
    "theme": "",
    "layout": "",
    "viewCount": 153,
    "userName": "射***士",
    "commentCount": 0,
    "starCount": 0,
    "isStared": 0,
    "thumbnailURL": "https://www.makeapie.com/ecg-storage/ec_gallery_thumbnail/xSLH6WgaNz.png?v=1622088234791",
    "isCustomThumbnail": 0,
    "builtinTags": [
        "category-work",
        "grid",
        "series-bar",
        "series-line",
        "tooltip"
    ],
    "customTags": [],
    "updaterUserName": "射***士"
}