{
    "cid": "xtF0AqRhS6",
    "authorUid": "bd-2083917125",
    "authorUserName": "筱***5",
    "title": "【2020】十一云梦山河北省游客来源",
    "description": "",
    "latestVersion": 2,
    "alwaysLatest": 1,
    "createTime": "2020-10-10T16:05:26.000Z",
    "lastUpdateTime": "2020-10-10T16:05:26.000Z",
    "auth": 2,
    "uid": "bd-2083917125",
    "publishedVersion": 0,
    "forkFrom": "-",
    "isSpam": 0,
    "version": 2,
    "parentVersion": 1,
    "echartsVersion": "4.8.0",
    "versionCreateTime": "2020-10-10T16:14:44.000Z",
    "html": "",
    "externalScripts": "",
    "updaterUID": "bd-2083917125",
    "theme": "",
    "layout": "",
    "viewCount": 255,
    "userName": "筱***5",
    "commentCount": 0,
    "starCount": 0,
    "isStared": 0,
    "thumbnailURL": "https://www.makeapie.com/ecg-storage/ec_gallery_thumbnail/xtF0AqRhS6.png?v=1602346484696",
    "isCustomThumbnail": 0,
    "builtinTags": [
        "category-work",
        "geo",
        "series-map",
        "tooltip",
        "visualMap"
    ],
    "customTags": [],
    "updaterUserName": "筱***5"
}