{
    "cid": "xTUkgFE_8q",
    "authorUid": "bd-3721987274",
    "authorUserName": "者***_",
    "title": "重绘面积图",
    "description": "",
    "latestVersion": 4,
    "alwaysLatest": 1,
    "createTime": "2020-10-10T03:49:35.000Z",
    "lastUpdateTime": "2020-10-10T03:49:35.000Z",
    "auth": 2,
    "uid": "bd-3721987274",
    "publishedVersion": 0,
    "forkFrom": "-",
    "isSpam": 0,
    "version": 4,
    "parentVersion": 3,
    "echartsVersion": "4.8.0",
    "versionCreateTime": "2020-10-10T09:05:30.000Z",
    "html": "",
    "externalScripts": "",
    "updaterUID": "bd-3721987274",
    "theme": "",
    "layout": "",
    "viewCount": 81,
    "userName": "者***_",
    "commentCount": 0,
    "starCount": 1,
    "isStared": 0,
    "thumbnailURL": "https://www.makeapie.com/ecg-storage/ec_gallery_thumbnail/xTUkgFE_8q.png?v=1602320730878",
    "isCustomThumbnail": 0,
    "builtinTags": [
        "category-work",
        "dataZoom",
        "grid",
        "legend",
        "markPoint",
        "series-line",
        "title",
        "toolbox",
        "tooltip"
    ],
    "customTags": [],
    "updaterUserName": "者***_"
}