{
    "cid": "xwGOmiFFZ4",
    "authorUid": "bd-1227565231",
    "authorUserName": "姜***肖",
    "title": "柱状折线图",
    "description": "柱状图+折线图，数值显示在X轴，解决x轴数据展示不全问题",
    "latestVersion": 3,
    "alwaysLatest": 1,
    "createTime": "2020-10-10T02:59:34.000Z",
    "lastUpdateTime": "2020-11-03T11:04:56.000Z",
    "auth": 2,
    "uid": "bd-1227565231",
    "publishedVersion": 0,
    "forkFrom": "-",
    "isSpam": 0,
    "version": 3,
    "parentVersion": 2,
    "echartsVersion": "4.8.0",
    "versionCreateTime": "2020-11-03T11:02:53.000Z",
    "html": "",
    "externalScripts": "",
    "updaterUID": "bd-1227565231",
    "theme": "default",
    "layout": "",
    "viewCount": 28,
    "userName": "姜***肖",
    "commentCount": 0,
    "starCount": 1,
    "isStared": 0,
    "thumbnailURL": "https://www.makeapie.com/ecg-storage/ec_gallery_thumbnail/xwGOmiFFZ4.png?v=1604401373227",
    "isCustomThumbnail": 0,
    "builtinTags": [
        "category-work",
        "grid",
        "series-bar",
        "series-line"
    ],
    "customTags": [
        "bar",
        "circle",
        "line",
        "point"
    ],
    "updaterUserName": "姜***肖"
}