{
    "cid": "xyhflLQtR0",
    "authorUid": "obd-otFAyovvXpZKiss3Ju3QFBYCps3Mc81",
    "authorUserName": "M***3",
    "title": "用水量同比",
    "description": "",
    "latestVersion": 5,
    "alwaysLatest": 1,
    "createTime": "2020-10-10T03:58:40.000Z",
    "lastUpdateTime": "2020-10-10T03:58:40.000Z",
    "auth": 2,
    "uid": "obd-otFAyovvXpZKiss3Ju3QFBYCps3Mc81",
    "publishedVersion": 0,
    "forkFrom": "-",
    "isSpam": 0,
    "version": 5,
    "parentVersion": 4,
    "echartsVersion": "4.8.0",
    "versionCreateTime": "2020-10-10T06:05:33.000Z",
    "html": "",
    "externalScripts": "",
    "updaterUID": "obd-otFAyovvXpZKiss3Ju3QFBYCps3Mc81",
    "theme": "dark",
    "layout": "",
    "viewCount": 108,
    "userName": "M***3",
    "commentCount": 0,
    "starCount": 1,
    "isStared": 0,
    "thumbnailURL": "https://www.makeapie.com/ecg-storage/ec_gallery_thumbnail/xyhflLQtR0.png?v=1602309933886",
    "isCustomThumbnail": 0,
    "builtinTags": [],
    "customTags": [],
    "updaterUserName": "M***3"
}