{
    "cid": "xzhCKLNZLh",
    "authorUid": "bd-2083917125",
    "authorUserName": "筱***5",
    "title": "2020年云梦山游客来源山东省统计",
    "description": "数据来自奇镜科技",
    "latestVersion": 1,
    "alwaysLatest": 1,
    "createTime": "2020-10-11T16:16:48.000Z",
    "lastUpdateTime": "2020-10-11T16:16:48.000Z",
    "auth": 2,
    "uid": "bd-2083917125",
    "publishedVersion": 0,
    "forkFrom": "-",
    "isSpam": 0,
    "version": 1,
    "parentVersion": -1,
    "echartsVersion": "4.8.0",
    "versionCreateTime": "2020-10-11T16:16:48.000Z",
    "html": "",
    "externalScripts": "",
    "updaterUID": "bd-2083917125",
    "theme": "",
    "layout": "",
    "viewCount": 257,
    "userName": "筱***5",
    "commentCount": 0,
    "starCount": 1,
    "isStared": 0,
    "thumbnailURL": "https://www.makeapie.com/ecg-storage/ec_gallery_thumbnail/xzhCKLNZLh.png?v=1602433008545",
    "isCustomThumbnail": 0,
    "builtinTags": [
        "category-work",
        "geo",
        "series-map",
        "series-scatter",
        "title",
        "toolbox",
        "tooltip",
        "visualMap"
    ],
    "customTags": [],
    "updaterUserName": "筱***5"
}