{
    "cid": "x-IURL5zs_",
    "authorUid": "bd-3659696196",
    "authorUserName": "_***_",
    "title": "多X轴折线",
    "description": "",
    "latestVersion": 1,
    "alwaysLatest": 1,
    "createTime": "2020-12-23T08:54:16.000Z",
    "lastUpdateTime": "2020-12-23T08:54:16.000Z",
    "auth": 2,
    "uid": "bd-3659696196",
    "publishedVersion": 0,
    "forkFrom": "-",
    "isSpam": 0,
    "version": 1,
    "parentVersion": -1,
    "echartsVersion": "4.8.0",
    "versionCreateTime": "2020-12-23T08:54:16.000Z",
    "html": "",
    "externalScripts": "",
    "updaterUID": "bd-3659696196",
    "theme": "",
    "layout": "",
    "viewCount": 87,
    "userName": "_***_",
    "commentCount": 0,
    "starCount": 1,
    "isStared": 0,
    "thumbnailURL": "https://www.makeapie.com/ecg-storage/ec_gallery_thumbnail/x-IURL5zs_.png?v=1608713656751",
    "isCustomThumbnail": 0,
    "builtinTags": [
        "category-work",
        "grid",
        "legend",
        "series-line",
        "tooltip"
    ],
    "customTags": [],
    "updaterUserName": "_***_"
}