{
    "cid": "x5g9ZHajkt",
    "authorUid": "obd-oMHbiHL6bDx1l0oDk5xqr1adbJQ-z2g",
    "authorUserName": "倾***梦",
    "title": "平滑曲线渐变背景",
    "description": "留后参考，",
    "latestVersion": 1,
    "alwaysLatest": 1,
    "createTime": "2020-12-23T12:30:31.000Z",
    "lastUpdateTime": "2020-12-23T12:30:31.000Z",
    "auth": 2,
    "uid": "obd-oMHbiHL6bDx1l0oDk5xqr1adbJQ-z2g",
    "publishedVersion": 0,
    "forkFrom": "-",
    "isSpam": 0,
    "version": 1,
    "parentVersion": -1,
    "echartsVersion": "4.8.0",
    "versionCreateTime": "2020-12-23T12:30:31.000Z",
    "html": "",
    "externalScripts": "",
    "updaterUID": "obd-oMHbiHL6bDx1l0oDk5xqr1adbJQ-z2g",
    "theme": "",
    "layout": "",
    "viewCount": 44,
    "userName": "倾***梦",
    "commentCount": 0,
    "starCount": 0,
    "isStared": 0,
    "thumbnailURL": "https://www.makeapie.com/ecg-storage/ec_gallery_thumbnail/x5g9ZHajkt.png?v=1608726631648",
    "isCustomThumbnail": 0,
    "builtinTags": [
        "category-work",
        "grid",
        "series-line",
        "tooltip"
    ],
    "customTags": [],
    "updaterUserName": "倾***梦"
}