{
    "cid": "x_sHgvoy44",
    "authorUid": "obd-oPXKG1rzSGTbLovgD7judBwSDAssy97",
    "authorUserName": "浪***来",
    "title": "中国疫情图",
    "description": "中国疫情图展示---冯雅欣",
    "latestVersion": 1,
    "alwaysLatest": 1,
    "createTime": "2020-12-23T05:24:55.000Z",
    "lastUpdateTime": "2020-12-23T05:24:55.000Z",
    "auth": 2,
    "uid": "obd-oPXKG1rzSGTbLovgD7judBwSDAssy97",
    "publishedVersion": 0,
    "forkFrom": "-",
    "isSpam": 0,
    "version": 1,
    "parentVersion": -1,
    "echartsVersion": "4.8.0",
    "versionCreateTime": "2020-12-23T05:24:55.000Z",
    "html": "",
    "externalScripts": "/dep/echarts/map/js/china.js",
    "updaterUID": "obd-oPXKG1rzSGTbLovgD7judBwSDAssy97",
    "theme": "",
    "layout": "",
    "viewCount": 199,
    "userName": "浪***来",
    "commentCount": 1,
    "starCount": 0,
    "isStared": 0,
    "thumbnailURL": "https://www.makeapie.com/ecg-storage/ec_gallery_thumbnail/x_sHgvoy44.png?v=1608701095767",
    "isCustomThumbnail": 0,
    "builtinTags": [
        "category-work",
        "geo",
        "legend",
        "series-map",
        "title",
        "toolbox",
        "tooltip",
        "visualMap"
    ],
    "customTags": [],
    "updaterUserName": "浪***来"
}