{
    "cid": "xA-9CR5hlc",
    "authorUid": "obd-oCXtZeKPCEoOQFYNl0juI9eqYxbRp39",
    "authorUserName": "卷***允",
    "title": "2020年中国各地区人口数量图",
    "description": "",
    "latestVersion": 2,
    "alwaysLatest": 1,
    "createTime": "2020-12-23T09:09:05.000Z",
    "lastUpdateTime": "2020-12-23T09:09:05.000Z",
    "auth": 2,
    "uid": "obd-oCXtZeKPCEoOQFYNl0juI9eqYxbRp39",
    "publishedVersion": 0,
    "forkFrom": "-",
    "isSpam": 0,
    "version": 2,
    "parentVersion": 1,
    "echartsVersion": "4.8.0",
    "versionCreateTime": "2020-12-27T03:18:07.000Z",
    "html": "",
    "externalScripts": "/dep/echarts/map/js/china.js",
    "updaterUID": "obd-oCXtZeKPCEoOQFYNl0juI9eqYxbRp39",
    "theme": "",
    "layout": "",
    "viewCount": 135,
    "userName": "卷***允",
    "commentCount": 0,
    "starCount": 0,
    "isStared": 0,
    "thumbnailURL": "https://www.makeapie.com/ecg-storage/ec_gallery_thumbnail/xA-9CR5hlc.png?v=1609039087385",
    "isCustomThumbnail": 0,
    "builtinTags": [
        "category-work",
        "geo",
        "legend",
        "series-map",
        "title",
        "toolbox",
        "tooltip",
        "visualMap"
    ],
    "customTags": [],
    "updaterUserName": "卷***允"
}