{
    "cid": "xcJEo8zYvZ",
    "authorUid": "obd-oMi83Gi6TDJ40V03xdwyRvRXQIHH_2f",
    "authorUserName": "一***7",
    "title": "1993~2019年中国各区域GDP变化",
    "description": "数据来源：国家统计局(单位:亿元)",
    "latestVersion": 1,
    "alwaysLatest": 1,
    "createTime": "2020-12-23T15:02:15.000Z",
    "lastUpdateTime": "2020-12-23T15:02:15.000Z",
    "auth": 2,
    "uid": "obd-oMi83Gi6TDJ40V03xdwyRvRXQIHH_2f",
    "publishedVersion": 0,
    "forkFrom": "-",
    "isSpam": 0,
    "version": 1,
    "parentVersion": -1,
    "echartsVersion": "4.8.0",
    "versionCreateTime": "2020-12-23T15:02:15.000Z",
    "html": "",
    "externalScripts": "",
    "updaterUID": "obd-oMi83Gi6TDJ40V03xdwyRvRXQIHH_2f",
    "theme": "",
    "layout": "",
    "viewCount": 172,
    "userName": "一***7",
    "commentCount": 0,
    "starCount": 1,
    "isStared": 0,
    "thumbnailURL": "https://www.makeapie.com/ecg-storage/ec_gallery_thumbnail/xcJEo8zYvZ.png?v=1608735735490",
    "isCustomThumbnail": 0,
    "builtinTags": [
        "category-work",
        "geo",
        "grid",
        "series-bar",
        "series-effectScatter",
        "series-map",
        "timeline",
        "title",
        "tooltip"
    ],
    "customTags": [],
    "updaterUserName": "一***7"
}