{
    "cid": "xCO76jExSl",
    "authorUid": "bd-3560695082",
    "authorUserName": "射***士",
    "title": "极简折线图",
    "description": "",
    "latestVersion": 1,
    "alwaysLatest": 1,
    "createTime": "2020-12-23T09:14:32.000Z",
    "lastUpdateTime": "2020-12-23T09:14:32.000Z",
    "auth": 2,
    "uid": "bd-3560695082",
    "publishedVersion": 0,
    "forkFrom": "-",
    "isSpam": 0,
    "version": 1,
    "parentVersion": -1,
    "echartsVersion": "4.8.0",
    "versionCreateTime": "2020-12-23T09:14:32.000Z",
    "html": "",
    "externalScripts": "",
    "updaterUID": "bd-3560695082",
    "theme": "",
    "layout": "",
    "viewCount": 64,
    "userName": "射***士",
    "commentCount": 0,
    "starCount": 0,
    "isStared": 0,
    "thumbnailURL": "https://www.makeapie.com/ecg-storage/ec_gallery_thumbnail/xCO76jExSl.png?v=1608714873033",
    "isCustomThumbnail": 0,
    "builtinTags": [
        "category-work",
        "grid",
        "series-line",
        "tooltip"
    ],
    "customTags": [],
    "updaterUserName": "射***士"
}