{
    "cid": "xDOrZUNrFs",
    "authorUid": "obd-o-3SqGd4RSnpr7jbFzMffeXuaxvG3AZ",
    "authorUserName": "g***y",
    "title": "1980-2019年中国人口总数排名前十省份变化情况",
    "description": "单位:万人",
    "latestVersion": 1,
    "alwaysLatest": 1,
    "createTime": "2020-12-23T01:33:18.000Z",
    "lastUpdateTime": "2020-12-23T01:33:18.000Z",
    "auth": 2,
    "uid": "obd-o-3SqGd4RSnpr7jbFzMffeXuaxvG3AZ",
    "publishedVersion": 0,
    "forkFrom": "-",
    "isSpam": 0,
    "version": 1,
    "parentVersion": -1,
    "echartsVersion": "4.8.0",
    "versionCreateTime": "2020-12-23T01:33:18.000Z",
    "html": "",
    "externalScripts": "/dep/echarts/map/js/china.js",
    "updaterUID": "obd-o-3SqGd4RSnpr7jbFzMffeXuaxvG3AZ",
    "theme": "",
    "layout": "",
    "viewCount": 159,
    "userName": "g***y",
    "commentCount": 0,
    "starCount": 2,
    "isStared": 0,
    "thumbnailURL": "https://www.makeapie.com/ecg-storage/ec_gallery_thumbnail/xDOrZUNrFs.png?v=1608687198665",
    "isCustomThumbnail": 0,
    "builtinTags": [
        "category-work",
        "grid",
        "series-bar",
        "series-map",
        "series-pie",
        "timeline",
        "title",
        "tooltip",
        "visualMap"
    ],
    "customTags": [],
    "updaterUserName": "g***y"
}