{
    "cid": "xi0oVHZhbd",
    "authorUid": "obd-oF_6Y-nKQhuZPwQr87zumvL09Qpxh5L",
    "authorUserName": "b***2",
    "title": "物流集散数字可视化平台",
    "description": "",
    "latestVersion": 6,
    "alwaysLatest": 1,
    "createTime": "2020-12-23T02:53:06.000Z",
    "lastUpdateTime": "2021-11-11T03:08:06.000Z",
    "auth": 1,
    "uid": "obd-oF_6Y-nKQhuZPwQr87zumvL09Qpxh5L",
    "publishedVersion": 0,
    "forkFrom": "-",
    "isSpam": 0,
    "version": 6,
    "parentVersion": 5,
    "echartsVersion": "4.9.0",
    "versionCreateTime": "2021-11-11T03:08:06.000Z",
    "html": "",
    "externalScripts": "",
    "updaterUID": "obd-olXpdOaOxmPMlzrHmV8_fGscRBD020c",
    "theme": "",
    "layout": "",
    "viewCount": 820,
    "userName": "b***2",
    "commentCount": 0,
    "starCount": 7,
    "isStared": 0,
    "thumbnailURL": "https://www.makeapie.com/ecg-storage/ec_gallery_thumbnail/xi0oVHZhbd.png?v=1608691986907",
    "isCustomThumbnail": 1,
    "builtinTags": [
        "category-work",
        "geo",
        "grid",
        "series-bar",
        "series-effectScatter",
        "series-lines",
        "series-map",
        "series-scatter",
        "timeline",
        "title",
        "tooltip",
        "visualMap"
    ],
    "customTags": [],
    "updaterUserName": "w***0"
}