{
    "cid": "xjrtPgYJaq",
    "authorUid": "obd-oDzQ_sCGrc5Bo589TBIa4hre8ySoy1H",
    "authorUserName": "歌***",
    "title": "山东科技大学省外本科生源图",
    "description": "",
    "latestVersion": 3,
    "alwaysLatest": 1,
    "createTime": "2020-12-24T03:56:00.000Z",
    "lastUpdateTime": "2020-12-24T03:56:00.000Z",
    "auth": 2,
    "uid": "obd-oDzQ_sCGrc5Bo589TBIa4hre8ySoy1H",
    "publishedVersion": 0,
    "forkFrom": "-",
    "isSpam": 0,
    "version": 3,
    "parentVersion": 2,
    "echartsVersion": "4.8.0",
    "versionCreateTime": "2020-12-25T02:53:33.000Z",
    "html": "",
    "externalScripts": "",
    "updaterUID": "obd-oDzQ_sCGrc5Bo589TBIa4hre8ySoy1H",
    "theme": "",
    "layout": "",
    "viewCount": 492,
    "userName": "歌***",
    "commentCount": 0,
    "starCount": 6,
    "isStared": 0,
    "thumbnailURL": "https://www.makeapie.com/ecg-storage/ec_gallery_thumbnail/xjrtPgYJaq.png?v=1608864813450",
    "isCustomThumbnail": 0,
    "builtinTags": [
        "category-work",
        "geo",
        "grid",
        "series-bar",
        "series-effectScatter",
        "series-lines",
        "series-map",
        "series-scatter",
        "timeline",
        "title",
        "tooltip",
        "visualMap"
    ],
    "customTags": [],
    "updaterUserName": "歌***"
}