{
    "cid": "xMLu24BE5C",
    "authorUid": "bd-3645309627",
    "authorUserName": "1***_",
    "title": "健康度仪表盘",
    "description": "健康度仪表盘",
    "latestVersion": 1,
    "alwaysLatest": 1,
    "createTime": "2020-12-23T03:15:43.000Z",
    "lastUpdateTime": "2020-12-23T03:15:43.000Z",
    "auth": 2,
    "uid": "bd-3645309627",
    "publishedVersion": 0,
    "forkFrom": "-",
    "isSpam": 0,
    "version": 1,
    "parentVersion": -1,
    "echartsVersion": "4.8.0",
    "versionCreateTime": "2020-12-23T03:15:43.000Z",
    "html": "",
    "externalScripts": "",
    "updaterUID": "bd-3645309627",
    "theme": "",
    "layout": "",
    "viewCount": 226,
    "userName": "1***_",
    "commentCount": 0,
    "starCount": 5,
    "isStared": 0,
    "thumbnailURL": "https://www.makeapie.com/ecg-storage/ec_gallery_thumbnail/xMLu24BE5C.png?v=1608693343592",
    "isCustomThumbnail": 0,
    "builtinTags": [
        "category-work",
        "series-gauge",
        "title",
        "tooltip"
    ],
    "customTags": [
        "gauge"
    ],
    "updaterUserName": "1***_"
}