{
    "cid": "xPPdsPmnXt",
    "authorUid": "obd-oF_6Y-nKQhuZPwQr87zumvL09Qpxh5L",
    "authorUserName": "b***2",
    "title": "柱状图配色",
    "description": "",
    "latestVersion": 1,
    "alwaysLatest": 1,
    "createTime": "2020-12-23T08:54:04.000Z",
    "lastUpdateTime": "2020-12-23T08:54:04.000Z",
    "auth": 2,
    "uid": "obd-oF_6Y-nKQhuZPwQr87zumvL09Qpxh5L",
    "publishedVersion": 0,
    "forkFrom": "-",
    "isSpam": 0,
    "version": 1,
    "parentVersion": -1,
    "echartsVersion": "4.8.0",
    "versionCreateTime": "2020-12-23T08:54:04.000Z",
    "html": "",
    "externalScripts": "",
    "updaterUID": "obd-oF_6Y-nKQhuZPwQr87zumvL09Qpxh5L",
    "theme": "",
    "layout": "",
    "viewCount": 105,
    "userName": "b***2",
    "commentCount": 0,
    "starCount": 3,
    "isStared": 0,
    "thumbnailURL": "https://www.makeapie.com/ecg-storage/ec_gallery_thumbnail/xPPdsPmnXt.png?v=1608713644987",
    "isCustomThumbnail": 0,
    "builtinTags": [
        "category-work",
        "grid",
        "series-bar",
        "series-line",
        "tooltip"
    ],
    "customTags": [],
    "updaterUserName": "b***2"
}