{
    "cid": "xr6FwQcbg7",
    "authorUid": "obd-oNrDLmqL2J0Qoy3X7kYztXynJB5AwC3",
    "authorUserName": "小***5",
    "title": "2019年31省市区GDP总量",
    "description": "",
    "latestVersion": 10,
    "alwaysLatest": 1,
    "createTime": "2020-12-24T03:46:10.000Z",
    "lastUpdateTime": "2021-11-30T02:46:25.000Z",
    "auth": 1,
    "uid": "obd-oNrDLmqL2J0Qoy3X7kYztXynJB5AwC3",
    "publishedVersion": 0,
    "forkFrom": "-",
    "isSpam": 0,
    "version": 10,
    "parentVersion": 9,
    "echartsVersion": "4.9.0",
    "versionCreateTime": "2021-11-30T02:46:25.000Z",
    "html": "",
    "externalScripts": "https://echarts.baidu.com/resource/echarts-liquidfill-latest/dist/echarts-liquidfill.min.js,/dep/echarts/map/js/china.js",
    "updaterUID": "obd-oD9FHJDZ0-2G7luZOgRfUNm-WIfDF1s",
    "theme": "",
    "layout": "",
    "viewCount": 321,
    "userName": "小***5",
    "commentCount": 0,
    "starCount": 3,
    "isStared": 0,
    "thumbnailURL": "https://www.makeapie.com/ecg-storage/ec_gallery_thumbnail/xr6FwQcbg7.png?v=1638240386125",
    "isCustomThumbnail": 0,
    "builtinTags": [
        "category-work",
        "geo",
        "series-effectScatter",
        "series-map",
        "title",
        "tooltip"
    ],
    "customTags": [],
    "updaterUserName": "p***5"
}