{
    "cid": "xrr1upVwtL",
    "authorUid": "obd-o-6S9BpMjBLcWjbKDbksyBwl4UWHTAl",
    "authorUserName": "愛***膩",
    "title": "饼图练习1",
    "description": "",
    "latestVersion": 3,
    "alwaysLatest": 1,
    "createTime": "2020-12-23T03:19:54.000Z",
    "lastUpdateTime": "2020-12-23T03:19:54.000Z",
    "auth": 2,
    "uid": "obd-o-6S9BpMjBLcWjbKDbksyBwl4UWHTAl",
    "publishedVersion": 0,
    "forkFrom": "-",
    "isSpam": 0,
    "version": 3,
    "parentVersion": 2,
    "echartsVersion": "4.8.0",
    "versionCreateTime": "2020-12-23T05:55:34.000Z",
    "html": "",
    "externalScripts": "",
    "updaterUID": "obd-o-6S9BpMjBLcWjbKDbksyBwl4UWHTAl",
    "theme": "",
    "layout": "",
    "viewCount": 30,
    "userName": "愛***膩",
    "commentCount": 0,
    "starCount": 1,
    "isStared": 0,
    "thumbnailURL": "https://www.makeapie.com/ecg-storage/ec_gallery_thumbnail/xrr1upVwtL.png?v=1608702934967",
    "isCustomThumbnail": 0,
    "builtinTags": [
        "category-work",
        "series-pie",
        "tooltip"
    ],
    "customTags": [],
    "updaterUserName": "愛***膩"
}