{
    "cid": "xSBx8i6HvP",
    "authorUid": "obd-oAl1pE6a8IK-V1VtIsMUNwEwQjmbQ7b",
    "authorUserName": "西***的",
    "title": "世界各国GDP总量前十位排名及占比",
    "description": "by syx",
    "latestVersion": 1,
    "alwaysLatest": 1,
    "createTime": "2020-12-23T01:33:46.000Z",
    "lastUpdateTime": "2020-12-23T01:33:46.000Z",
    "auth": 2,
    "uid": "obd-oAl1pE6a8IK-V1VtIsMUNwEwQjmbQ7b",
    "publishedVersion": 0,
    "forkFrom": "-",
    "isSpam": 0,
    "version": 1,
    "parentVersion": -1,
    "echartsVersion": "4.8.0",
    "versionCreateTime": "2020-12-23T01:33:46.000Z",
    "html": "",
    "externalScripts": "/dep/echarts/map/js/world.js",
    "updaterUID": "obd-oAl1pE6a8IK-V1VtIsMUNwEwQjmbQ7b",
    "theme": "",
    "layout": "",
    "viewCount": 248,
    "userName": "西***的",
    "commentCount": 0,
    "starCount": 1,
    "isStared": 0,
    "thumbnailURL": "https://www.makeapie.com/ecg-storage/ec_gallery_thumbnail/xSBx8i6HvP.png?v=1608687226271",
    "isCustomThumbnail": 0,
    "builtinTags": [
        "category-work",
        "grid",
        "series-bar",
        "series-map",
        "series-pie",
        "timeline",
        "title",
        "tooltip",
        "visualMap"
    ],
    "customTags": [],
    "updaterUserName": "西***的"
}