{
    "cid": "xTKxF-jCAa",
    "authorUid": "obd-o2cLxiJLYgMHfAhDKKBKNikgDiOZa6C",
    "authorUserName": "d***1",
    "title": "扇形玫瑰图",
    "description": "扇形玫瑰图",
    "latestVersion": 2,
    "alwaysLatest": 1,
    "createTime": "2020-12-23T04:16:39.000Z",
    "lastUpdateTime": "2021-09-01T07:43:27.000Z",
    "auth": 1,
    "uid": "obd-o2cLxiJLYgMHfAhDKKBKNikgDiOZa6C",
    "publishedVersion": 0,
    "forkFrom": "-",
    "isSpam": 0,
    "version": 2,
    "parentVersion": 1,
    "echartsVersion": "4.9.0",
    "versionCreateTime": "2021-09-01T07:43:27.000Z",
    "html": "",
    "externalScripts": "",
    "updaterUID": "obd-oPbyKBR4BwZ4ohxA2f-8MSYl7R1Ji99",
    "theme": "",
    "layout": "",
    "viewCount": 155,
    "userName": "d***1",
    "commentCount": 0,
    "starCount": 1,
    "isStared": 0,
    "thumbnailURL": "https://www.makeapie.com/ecg-storage/ec_gallery_thumbnail/xTKxF-jCAa.png?v=1630482207681",
    "isCustomThumbnail": 0,
    "builtinTags": [
        "category-work",
        "series-pie",
        "tooltip"
    ],
    "customTags": [
        "扇形",
        "玫瑰图"
    ],
    "updaterUserName": "甲***哟"
}