{
    "cid": "xUMVX5AZ6a",
    "authorUid": "obd-oF_6Y-nKQhuZPwQr87zumvL09Qpxh5L",
    "authorUserName": "b***2",
    "title": "饼图加极坐标配色优化",
    "description": "可视化配色",
    "latestVersion": 1,
    "alwaysLatest": 1,
    "createTime": "2020-12-23T07:54:42.000Z",
    "lastUpdateTime": "2020-12-23T07:54:42.000Z",
    "auth": 2,
    "uid": "obd-oF_6Y-nKQhuZPwQr87zumvL09Qpxh5L",
    "publishedVersion": 0,
    "forkFrom": "-",
    "isSpam": 0,
    "version": 1,
    "parentVersion": -1,
    "echartsVersion": "4.8.0",
    "versionCreateTime": "2020-12-23T07:54:42.000Z",
    "html": "",
    "externalScripts": "",
    "updaterUID": "obd-oF_6Y-nKQhuZPwQr87zumvL09Qpxh5L",
    "theme": "",
    "layout": "",
    "viewCount": 152,
    "userName": "b***2",
    "commentCount": 0,
    "starCount": 3,
    "isStared": 0,
    "thumbnailURL": "https://www.makeapie.com/ecg-storage/ec_gallery_thumbnail/xUMVX5AZ6a.png?v=1608710083112",
    "isCustomThumbnail": 0,
    "builtinTags": [
        "category-work",
        "polar",
        "series-bar",
        "series-pie",
        "tooltip"
    ],
    "customTags": [],
    "updaterUserName": "b***2"
}