{
    "cid": "xwjBmkHXIv",
    "authorUid": "bd-7382906384",
    "authorUserName": "满***6",
    "title": "第一个桑基图",
    "description": "",
    "latestVersion": 1,
    "alwaysLatest": 1,
    "createTime": "2020-12-23T08:06:45.000Z",
    "lastUpdateTime": "2020-12-23T08:06:45.000Z",
    "auth": 2,
    "uid": "bd-7382906384",
    "publishedVersion": 0,
    "forkFrom": "-",
    "isSpam": 0,
    "version": 1,
    "parentVersion": -1,
    "echartsVersion": "4.8.0",
    "versionCreateTime": "2020-12-23T08:06:45.000Z",
    "html": "",
    "externalScripts": "",
    "updaterUID": "bd-7382906384",
    "theme": "",
    "layout": "",
    "viewCount": 75,
    "userName": "满***6",
    "commentCount": 0,
    "starCount": 0,
    "isStared": 0,
    "thumbnailURL": "https://www.makeapie.com/ecg-storage/ec_gallery_thumbnail/xwjBmkHXIv.png?v=1608710806039",
    "isCustomThumbnail": 0,
    "builtinTags": [
        "category-work",
        "series-sankey",
        "tooltip"
    ],
    "customTags": [],
    "updaterUserName": "满***6"
}