{
    "cid": "xZYd2p4lZo",
    "authorUid": "bd-365218436",
    "authorUserName": "G***G",
    "title": "折线图",
    "description": "",
    "latestVersion": 1,
    "alwaysLatest": 1,
    "createTime": "2020-12-23T07:34:55.000Z",
    "lastUpdateTime": "2020-12-23T07:34:55.000Z",
    "auth": 2,
    "uid": "bd-365218436",
    "publishedVersion": 0,
    "forkFrom": "-",
    "isSpam": 0,
    "version": 1,
    "parentVersion": -1,
    "echartsVersion": "4.8.0",
    "versionCreateTime": "2020-12-23T07:34:55.000Z",
    "html": "",
    "externalScripts": "",
    "updaterUID": "bd-365218436",
    "theme": "",
    "layout": "",
    "viewCount": 35,
    "userName": "G***G",
    "commentCount": 0,
    "starCount": 9,
    "isStared": 0,
    "thumbnailURL": "https://www.makeapie.com/ecg-storage/ec_gallery_thumbnail/xZYd2p4lZo.png?v=1608708895677",
    "isCustomThumbnail": 0,
    "builtinTags": [
        "category-work",
        "grid",
        "series-line",
        "tooltip"
    ],
    "customTags": [],
    "updaterUserName": "G***G"
}