{
    "cid": "x2zE_pAEV",
    "authorUid": "bd-3980129793",
    "authorUserName": "斩***悔",
    "title": "山西地图",
    "description": "",
    "latestVersion": 4,
    "alwaysLatest": 1,
    "createTime": "2019-12-24T02:17:16.000Z",
    "lastUpdateTime": "2019-12-24T02:17:16.000Z",
    "auth": 2,
    "uid": "bd-3980129793",
    "publishedVersion": 0,
    "forkFrom": "-",
    "isSpam": 0,
    "version": 4,
    "parentVersion": 2,
    "echartsVersion": "4.4.0",
    "versionCreateTime": "2019-12-24T02:53:23.000Z",
    "html": "",
    "externalScripts": "",
    "updaterUID": "bd-3980129793",
    "theme": "",
    "layout": "",
    "viewCount": 547,
    "userName": "斩***悔",
    "commentCount": 0,
    "starCount": 3,
    "isStared": 0,
    "thumbnailURL": "https://www.makeapie.com/ecg-storage/ec_gallery_thumbnail/x2zE_pAEV.png?v=1577156004165",
    "isCustomThumbnail": 0,
    "builtinTags": [
        "category-work",
        "geo",
        "legend",
        "series-effectScatter",
        "series-lines",
        "title",
        "toolbox"
    ],
    "customTags": [],
    "updaterUserName": "斩***悔"
}