{
    "cid": "x5xLNNZL4",
    "authorUid": "bd-56285859",
    "authorUserName": "笔***地",
    "title": "标签排名",
    "description": "",
    "latestVersion": 11,
    "alwaysLatest": 1,
    "createTime": "2019-12-20T11:45:44.000Z",
    "lastUpdateTime": "2020-01-03T06:47:08.000Z",
    "auth": 1,
    "uid": "bd-56285859",
    "publishedVersion": 0,
    "forkFrom": "-",
    "isSpam": 0,
    "version": 11,
    "parentVersion": 10,
    "echartsVersion": "4.4.0",
    "versionCreateTime": "2019-12-23T12:28:30.000Z",
    "html": "",
    "externalScripts": "",
    "updaterUID": "bd-56285859",
    "theme": "macarons",
    "layout": "",
    "viewCount": 258,
    "userName": "笔***地",
    "commentCount": 0,
    "starCount": 3,
    "isStared": 0,
    "thumbnailURL": "https://www.makeapie.com/ecg-storage/ec_gallery_thumbnail/x5xLNNZL4.png?v=1577104110883",
    "isCustomThumbnail": 0,
    "builtinTags": [],
    "customTags": [],
    "updaterUserName": "笔***地"
}