{
    "cid": "xCT2hLrrI",
    "authorUid": "bd-101698999",
    "authorUserName": "Z***8",
    "title": "series[i]-line.sampling 取值效果对比",
    "description": "版本 1 上下分布；\n版本 2 左右分布。",
    "latestVersion": 1,
    "alwaysLatest": 1,
    "createTime": "2019-12-20T12:55:28.000Z",
    "lastUpdateTime": "2019-12-20T13:06:30.000Z",
    "auth": 2,
    "uid": "bd-101698999",
    "publishedVersion": 0,
    "forkFrom": "-",
    "isSpam": 0,
    "version": 1,
    "parentVersion": -1,
    "echartsVersion": "4.4.0",
    "versionCreateTime": "2019-12-20T12:55:28.000Z",
    "html": "",
    "externalScripts": "",
    "updaterUID": "bd-101698999",
    "theme": "default",
    "layout": "",
    "viewCount": 214,
    "userName": "Z***8",
    "commentCount": 0,
    "starCount": 3,
    "isStared": 0,
    "thumbnailURL": "https://www.makeapie.com/ecg-storage/ec_gallery_thumbnail/xCT2hLrrI.png?v=1576846528825",
    "isCustomThumbnail": 0,
    "builtinTags": [
        "category-work",
        "grid",
        "legend",
        "series-line",
        "title",
        "tooltip"
    ],
    "customTags": [],
    "updaterUserName": "Z***8"
}