{
    "cid": "xkyVs6O__",
    "authorUid": "bd-2137545045",
    "authorUserName": "11...7@qq.com",
    "title": "柱状图",
    "description": "",
    "latestVersion": 1,
    "alwaysLatest": 1,
    "createTime": "2019-12-23T13:29:28.000Z",
    "lastUpdateTime": "2019-12-23T13:29:28.000Z",
    "auth": 2,
    "uid": "bd-2137545045",
    "publishedVersion": 0,
    "forkFrom": "-",
    "isSpam": 0,
    "version": 1,
    "parentVersion": -1,
    "echartsVersion": "4.4.0",
    "versionCreateTime": "2019-12-23T13:29:28.000Z",
    "html": "",
    "externalScripts": "",
    "updaterUID": "bd-2137545045",
    "theme": "",
    "layout": "",
    "viewCount": 61,
    "userName": "11...7@qq.com",
    "commentCount": 0,
    "starCount": 0,
    "isStared": 0,
    "thumbnailURL": "https://www.makeapie.com/ecg-storage/ec_gallery_thumbnail/xkyVs6O__.png?v=1577107768289",
    "isCustomThumbnail": 0,
    "builtinTags": [
        "category-work",
        "grid",
        "series-bar",
        "series-pictorialBar"
    ],
    "customTags": [],
    "updaterUserName": "11...7@qq.com"
}