{
    "cid": "xMa1_xgLt",
    "authorUid": "bd-858908526",
    "authorUserName": "_***_",
    "title": "饼图程序单击图例事件示例",
    "description": "",
    "latestVersion": 2,
    "alwaysLatest": 1,
    "createTime": "2019-12-20T03:27:02.000Z",
    "lastUpdateTime": "2019-12-20T03:27:02.000Z",
    "auth": 2,
    "uid": "bd-858908526",
    "publishedVersion": 0,
    "forkFrom": "-",
    "isSpam": 0,
    "version": 2,
    "parentVersion": 1,
    "echartsVersion": "4.4.0",
    "versionCreateTime": "2019-12-25T01:09:53.000Z",
    "html": "",
    "externalScripts": "",
    "updaterUID": "bd-858908526",
    "theme": "",
    "layout": "",
    "viewCount": 529,
    "userName": "_***_",
    "commentCount": 0,
    "starCount": 0,
    "isStared": 0,
    "thumbnailURL": "https://www.makeapie.com/ecg-storage/ec_gallery_thumbnail/xMa1_xgLt.png?v=1577236193633",
    "isCustomThumbnail": 0,
    "builtinTags": [
        "category-work",
        "legend",
        "series-pie",
        "title",
        "tooltip"
    ],
    "customTags": [],
    "updaterUserName": "_***_"
}