{
    "cid": "xoGNGes_p",
    "authorUid": "bd-805974876",
    "authorUserName": "8***7",
    "title": "北京3d地图",
    "description": "根据大佬的“上海市3D 地图”做的 北京地图",
    "latestVersion": 1,
    "alwaysLatest": 1,
    "createTime": "2019-12-20T07:40:02.000Z",
    "lastUpdateTime": "2019-12-20T07:40:02.000Z",
    "auth": 2,
    "uid": "bd-805974876",
    "publishedVersion": 0,
    "forkFrom": "-",
    "isSpam": 0,
    "version": 1,
    "parentVersion": -1,
    "echartsVersion": "4.4.0",
    "versionCreateTime": "2019-12-20T07:40:02.000Z",
    "html": "",
    "externalScripts": "https://echarts.baidu.com/dist/echarts-gl.min.js, https://gallerybox.echartsjs.com/dep/echarts/map/js/province/beijing.js",
    "updaterUID": "bd-805974876",
    "theme": "",
    "layout": "",
    "viewCount": 95,
    "userName": "8***7",
    "commentCount": 0,
    "starCount": 0,
    "isStared": 0,
    "thumbnailURL": "https://www.makeapie.com/ecg-storage/ec_gallery_thumbnail/xoGNGes_p.png?v=1576827602502",
    "isCustomThumbnail": 0,
    "builtinTags": [
        "category-work",
        "geo3D",
        "series-bar3D",
        "series-scatter3D",
        "visualMap"
    ],
    "customTags": [],
    "updaterUserName": "8***7"
}