{
    "cid": "xPD_D9JeV",
    "authorUid": "bd-2741402128",
    "authorUserName": "慕***晨",
    "title": "堆叠图",
    "description": "",
    "latestVersion": 1,
    "alwaysLatest": 1,
    "createTime": "2019-12-21T10:53:28.000Z",
    "lastUpdateTime": "2019-12-21T10:53:28.000Z",
    "auth": 2,
    "uid": "bd-2741402128",
    "publishedVersion": 0,
    "forkFrom": "-",
    "isSpam": 0,
    "version": 1,
    "parentVersion": -1,
    "echartsVersion": "4.4.0",
    "versionCreateTime": "2019-12-21T10:53:28.000Z",
    "html": "",
    "externalScripts": "",
    "updaterUID": "bd-2741402128",
    "theme": "",
    "layout": "",
    "viewCount": 67,
    "userName": "慕***晨",
    "commentCount": 0,
    "starCount": 0,
    "isStared": 0,
    "thumbnailURL": "https://www.makeapie.com/ecg-storage/ec_gallery_thumbnail/xPD_D9JeV.png?v=1576925608519",
    "isCustomThumbnail": 0,
    "builtinTags": [
        "category-work",
        "grid",
        "legend",
        "series-bar",
        "tooltip"
    ],
    "customTags": [],
    "updaterUserName": "慕***晨"
}