{
    "cid": "xRddSy8zw",
    "authorUid": "bd-1446373177",
    "authorUserName": "醉***3",
    "title": "柱状图宽度自适应",
    "description": "",
    "latestVersion": 3,
    "alwaysLatest": 1,
    "createTime": "2019-12-20T06:41:18.000Z",
    "lastUpdateTime": "2019-12-20T06:41:18.000Z",
    "auth": 2,
    "uid": "bd-1446373177",
    "publishedVersion": 0,
    "forkFrom": "-",
    "isSpam": 0,
    "version": 3,
    "parentVersion": 1,
    "echartsVersion": "4.4.0",
    "versionCreateTime": "2019-12-20T07:01:09.000Z",
    "html": "",
    "externalScripts": "",
    "updaterUID": "bd-1446373177",
    "theme": "",
    "layout": "",
    "viewCount": 20,
    "userName": "醉***3",
    "commentCount": 0,
    "starCount": 0,
    "isStared": 0,
    "thumbnailURL": "https://www.makeapie.com/ecg-storage/ec_gallery_thumbnail/xRddSy8zw.png?v=1576825269583",
    "isCustomThumbnail": 0,
    "builtinTags": [
        "category-work",
        "grid",
        "legend",
        "series-bar",
        "title",
        "toolbox",
        "tooltip"
    ],
    "customTags": [],
    "updaterUserName": "醉***3"
}