{
    "cid": "xrkh4IAhv",
    "authorUid": "bd-17468694",
    "authorUserName": "家***曼",
    "title": "3",
    "description": "33",
    "latestVersion": 4,
    "alwaysLatest": 1,
    "createTime": "2019-12-21T05:08:11.000Z",
    "lastUpdateTime": "2019-12-21T05:08:11.000Z",
    "auth": 2,
    "uid": "bd-17468694",
    "publishedVersion": 0,
    "forkFrom": "-",
    "isSpam": 0,
    "version": 4,
    "parentVersion": 3,
    "echartsVersion": "4.4.0",
    "versionCreateTime": "2019-12-21T06:57:12.000Z",
    "html": "",
    "externalScripts": "/dep/echarts/map/js/china.js,https://echarts.baidu.com/resource/echarts-gl-latest/dist/echarts-gl.min.js,/dep/echarts/latest/extension/bmap.min.js",
    "updaterUID": "bd-17468694",
    "theme": "",
    "layout": "",
    "viewCount": 20,
    "userName": "家***曼",
    "commentCount": 0,
    "starCount": 0,
    "isStared": 0,
    "thumbnailURL": "https://www.makeapie.com/ecg-storage/ec_gallery_thumbnail/xrkh4IAhv.png?v=1576911432315",
    "isCustomThumbnail": 0,
    "builtinTags": [
        "category-work",
        "legend",
        "markPoint",
        "series-map3D",
        "tooltip",
        "visualMap"
    ],
    "customTags": [],
    "updaterUserName": "家***曼"
}