{
    "cid": "xs6bER-UF",
    "authorUid": "bd-2330197143",
    "authorUserName": "183******62",
    "title": "123",
    "description": "123",
    "latestVersion": 2,
    "alwaysLatest": 1,
    "createTime": "2019-12-22T06:00:46.000Z",
    "lastUpdateTime": "2019-12-22T06:00:46.000Z",
    "auth": 2,
    "uid": "bd-2330197143",
    "publishedVersion": 0,
    "forkFrom": "-",
    "isSpam": 0,
    "version": 2,
    "parentVersion": 1,
    "echartsVersion": "4.4.0",
    "versionCreateTime": "2019-12-22T06:01:46.000Z",
    "html": "",
    "externalScripts": "/dep/echarts/map/js/china.js",
    "updaterUID": "bd-2330197143",
    "theme": "",
    "layout": "",
    "viewCount": 750,
    "userName": "183******62",
    "commentCount": 0,
    "starCount": 3,
    "isStared": 0,
    "thumbnailURL": "https://www.makeapie.com/ecg-storage/ec_gallery_thumbnail/xs6bER-UF.png?v=1576994506614",
    "isCustomThumbnail": 0,
    "builtinTags": [
        "category-work",
        "geo",
        "series-effectScatter",
        "series-lines",
        "series-scatter",
        "tooltip",
        "visualMap"
    ],
    "customTags": [],
    "updaterUserName": "183******62"
}