{
    "cid": "xVbEqLfar",
    "authorUid": "bd-3920387077",
    "authorUserName": "又***路",
    "title": "aa",
    "description": "a",
    "latestVersion": 5,
    "alwaysLatest": 1,
    "createTime": "2019-12-20T07:18:52.000Z",
    "lastUpdateTime": "2019-12-20T07:18:52.000Z",
    "auth": 2,
    "uid": "bd-3920387077",
    "publishedVersion": 0,
    "forkFrom": "-",
    "isSpam": 0,
    "version": 5,
    "parentVersion": 4,
    "echartsVersion": "4.4.0",
    "versionCreateTime": "2019-12-20T08:18:34.000Z",
    "html": "",
    "externalScripts": "",
    "updaterUID": "bd-3920387077",
    "theme": "",
    "layout": "",
    "viewCount": 32,
    "userName": "又***路",
    "commentCount": 0,
    "starCount": 0,
    "isStared": 0,
    "thumbnailURL": "https://www.makeapie.com/ecg-storage/ec_gallery_thumbnail/xVbEqLfar.png?v=1576829914505",
    "isCustomThumbnail": 0,
    "builtinTags": [
        "category-work",
        "grid",
        "legend",
        "series-line",
        "toolbox",
        "tooltip"
    ],
    "customTags": [],
    "updaterUserName": "又***路"
}