{
    "cid": "xzjaVIi-4",
    "authorUid": "bd-127895190",
    "authorUserName": "C***N",
    "title": "根据X轴数据进行区域划分",
    "description": "根据X轴数据进行区域划分",
    "latestVersion": 3,
    "alwaysLatest": 1,
    "createTime": "2019-12-20T07:41:31.000Z",
    "lastUpdateTime": "2019-12-20T07:41:31.000Z",
    "auth": 1,
    "uid": "bd-127895190",
    "publishedVersion": 0,
    "forkFrom": "-",
    "isSpam": 0,
    "version": 3,
    "parentVersion": 2,
    "echartsVersion": "4.4.0",
    "versionCreateTime": "2019-12-20T07:47:40.000Z",
    "html": "",
    "externalScripts": "",
    "updaterUID": "bd-127895190",
    "theme": "",
    "layout": "",
    "viewCount": 323,
    "userName": "C***N",
    "commentCount": 0,
    "starCount": 1,
    "isStared": 0,
    "thumbnailURL": "https://www.makeapie.com/ecg-storage/ec_gallery_thumbnail/xzjaVIi-4.png?v=1576828060385",
    "isCustomThumbnail": 0,
    "builtinTags": [
        "category-work",
        "grid",
        "markArea",
        "series-line",
        "tooltip"
    ],
    "customTags": [],
    "updaterUserName": "C***N"
}