{
    "cid": "pictorialBar-velocity",
    "authorUid": "bd-2135947294",
    "authorUserName": "echarts",
    "title": "Velocity of Christmas Reindeers",
    "description": "",
    "latestVersion": 1,
    "alwaysLatest": 1,
    "createTime": "2017-01-12T10:12:38.000Z",
    "lastUpdateTime": "2017-01-12T10:12:38.000Z",
    "auth": 2,
    "uid": "bd-2135947294",
    "publishedVersion": 0,
    "forkFrom": "-",
    "isSpam": 0,
    "version": 1,
    "parentVersion": -1,
    "echartsVersion": "3.4.0",
    "versionCreateTime": "2017-01-12T10:12:38.000Z",
    "html": "",
    "externalScripts": "",
    "updaterUID": "bd-2135947294",
    "theme": "",
    "layout": "",
    "viewCount": 12541,
    "userName": "echarts",
    "commentCount": 2,
    "starCount": 37,
    "isStared": 0,
    "thumbnailURL": "https://www.makeapie.com/ecg-storage/ec_gallery_thumbnail/pictorialBar-velocity.png?v=1484215958395",
    "isCustomThumbnail": 0,
    "builtinTags": [
        "category-work",
        "grid",
        "series-pictorialBar",
        "tooltip"
    ],
    "customTags": [],
    "updaterUserName": "echarts"
}