{
    "cid": "themeRiver-lastfm",
    "authorUid": "bd-2135947294",
    "authorUserName": "echarts",
    "title": "ThemeRiver Lastfm",
    "description": "ThemeRiver Lastfm",
    "latestVersion": 1,
    "alwaysLatest": 1,
    "createTime": "2017-01-12T10:14:45.000Z",
    "lastUpdateTime": "2017-01-12T10:14:45.000Z",
    "auth": 2,
    "uid": "bd-2135947294",
    "publishedVersion": 0,
    "forkFrom": "-",
    "isSpam": 0,
    "version": 1,
    "parentVersion": -1,
    "echartsVersion": "3.4.0",
    "versionCreateTime": "2017-01-12T10:14:45.000Z",
    "html": "",
    "externalScripts": "",
    "updaterUID": "bd-2135947294",
    "theme": "",
    "layout": "",
    "viewCount": 927,
    "userName": "echarts",
    "commentCount": 0,
    "starCount": 5,
    "isStared": 0,
    "thumbnailURL": "https://www.makeapie.com/ecg-storage/ec_gallery_thumbnail/themeRiver-lastfm.png?v=1484216086305",
    "isCustomThumbnail": 0,
    "builtinTags": [
        "category-work",
        "series-themeRiver",
        "singleAxis"
    ],
    "customTags": [],
    "updaterUserName": "echarts"
}