{
    "cid": "xBJCOVp-Ig",
    "authorUid": "bd-4215195922",
    "authorUserName": "风中一匹狼one",
    "title": "配网工程物资采购完成分析",
    "description": "",
    "latestVersion": 1,
    "alwaysLatest": 1,
    "createTime": "2017-01-10T02:18:29.000Z",
    "lastUpdateTime": "2017-01-10T02:18:29.000Z",
    "auth": 2,
    "uid": "bd-4215195922",
    "publishedVersion": 0,
    "forkFrom": "-",
    "isSpam": 0,
    "version": 1,
    "parentVersion": -1,
    "echartsVersion": "3.3.2",
    "versionCreateTime": "2017-01-10T02:18:29.000Z",
    "html": "",
    "externalScripts": "",
    "updaterUID": "bd-4215195922",
    "theme": "",
    "layout": "",
    "viewCount": 1878,
    "userName": "风中一匹狼one",
    "commentCount": 2,
    "starCount": 1,
    "isStared": 0,
    "thumbnailURL": "https://www.makeapie.com/ecg-storage/ec_gallery_thumbnail/xBJCOVp-Ig.png?v=1484014709860",
    "isCustomThumbnail": 0,
    "builtinTags": [
        "category-work",
        "legend",
        "series-pie",
        "title",
        "toolbox",
        "tooltip"
    ],
    "customTags": [],
    "updaterUserName": "风中一匹狼one"
}