{
    "cid": "xH1bu-gIIl",
    "authorUid": "bd-1487127597",
    "authorUserName": "O***n",
    "title": "1938年抗战劳工籍贯分布",
    "description": "test",
    "latestVersion": 1,
    "alwaysLatest": 1,
    "createTime": "2017-01-13T06:19:21.000Z",
    "lastUpdateTime": "2017-01-13T06:19:21.000Z",
    "auth": 2,
    "uid": "bd-1487127597",
    "publishedVersion": 0,
    "forkFrom": "-",
    "isSpam": 0,
    "version": 1,
    "parentVersion": -1,
    "echartsVersion": "3.4.0",
    "versionCreateTime": "2017-01-13T06:19:21.000Z",
    "html": "",
    "externalScripts": "",
    "updaterUID": "bd-1487127597",
    "theme": "",
    "layout": "",
    "viewCount": 2752,
    "userName": "O***n",
    "commentCount": 1,
    "starCount": 1,
    "isStared": 0,
    "thumbnailURL": "https://www.makeapie.com/ecg-storage/ec_gallery_thumbnail/xH1bu-gIIl.png?v=1484288361680",
    "isCustomThumbnail": 0,
    "builtinTags": [
        "category-work",
        "grid",
        "markLine",
        "series-bar",
        "timeline",
        "title",
        "toolbox",
        "tooltip"
    ],
    "customTags": [],
    "updaterUserName": "O***n"
}