{
    "cid": "xH1Pcw0eUx",
    "authorUid": "bd-3793921970",
    "authorUserName": "jwyC5606",
    "title": "当天流量情况top7",
    "description": "横向柱状图",
    "latestVersion": 1,
    "alwaysLatest": 1,
    "createTime": "2017-01-09T09:27:43.000Z",
    "lastUpdateTime": "2017-01-09T09:27:43.000Z",
    "auth": 2,
    "uid": "bd-3793921970",
    "publishedVersion": 0,
    "forkFrom": "-",
    "isSpam": 0,
    "version": 1,
    "parentVersion": -1,
    "echartsVersion": "3.3.2",
    "versionCreateTime": "2017-01-09T09:27:43.000Z",
    "html": "",
    "externalScripts": "",
    "updaterUID": "bd-3793921970",
    "theme": "",
    "layout": "",
    "viewCount": 1969,
    "userName": "jwyC5606",
    "commentCount": 0,
    "starCount": 7,
    "isStared": 0,
    "thumbnailURL": "https://www.makeapie.com/ecg-storage/ec_gallery_thumbnail/xH1Pcw0eUx.png?v=1483954063749",
    "isCustomThumbnail": 0,
    "builtinTags": [
        "category-work",
        "grid",
        "series-bar",
        "title",
        "tooltip"
    ],
    "customTags": [],
    "updaterUserName": "jwyC5606"
}