{
    "cid": "xH1ZSTTWIx",
    "authorUid": "bd-2215764494",
    "authorUserName": "p***g",
    "title": "World Airports",
    "description": "",
    "latestVersion": 13,
    "alwaysLatest": 1,
    "createTime": "2017-01-10T02:55:52.000Z",
    "lastUpdateTime": "2021-04-25T02:56:42.000Z",
    "auth": 2,
    "uid": "bd-2215764494",
    "publishedVersion": 6,
    "forkFrom": "-",
    "isSpam": 0,
    "version": 6,
    "parentVersion": 5,
    "echartsVersion": "3.3.2",
    "versionCreateTime": "2017-01-10T03:12:28.000Z",
    "html": "",
    "externalScripts": "/dep/echarts/map/js/world.js",
    "updaterUID": "bd-2215764494",
    "theme": "default",
    "layout": "",
    "viewCount": 19240,
    "userName": "p***g",
    "commentCount": 1,
    "starCount": 38,
    "isStared": 0,
    "thumbnailURL": "https://www.makeapie.com/ecg-storage/ec_gallery_thumbnail/xH1ZSTTWIx.png?v=1619319402571",
    "isCustomThumbnail": 0,
    "builtinTags": [
        "category-work",
        "geo",
        "series-scatter"
    ],
    "customTags": [],
    "updaterUserName": "p***g"
}