{
    "cid": "xHJsDUhKIe",
    "authorUid": "bd-2500662229",
    "authorUserName": "虚***顶",
    "title": "圣诞礼物价格分布",
    "description": "圣诞礼物价格分布",
    "latestVersion": 1,
    "alwaysLatest": 1,
    "createTime": "2017-01-16T02:56:35.000Z",
    "lastUpdateTime": "2017-01-16T02:56:35.000Z",
    "auth": 2,
    "uid": "bd-2500662229",
    "publishedVersion": 0,
    "forkFrom": "-",
    "isSpam": 0,
    "version": 1,
    "parentVersion": -1,
    "echartsVersion": "3.4.0",
    "versionCreateTime": "2017-01-16T02:56:35.000Z",
    "html": "",
    "externalScripts": "",
    "updaterUID": "bd-2500662229",
    "theme": "",
    "layout": "",
    "viewCount": 2965,
    "userName": "虚***顶",
    "commentCount": 2,
    "starCount": 14,
    "isStared": 0,
    "thumbnailURL": "https://www.makeapie.com/ecg-storage/ec_gallery_thumbnail/xHJsDUhKIe.png?v=1484535395451",
    "isCustomThumbnail": 0,
    "builtinTags": [
        "category-work",
        "legend",
        "series-pie"
    ],
    "customTags": [],
    "updaterUserName": "虚***顶"
}