{
    "cid": "xHJzow7f8g",
    "authorUid": "bd-1813650783",
    "authorUserName": "y***8",
    "title": "浏览器占比变化",
    "description": "纯属虚构",
    "latestVersion": 11,
    "alwaysLatest": 1,
    "createTime": "2017-01-10T09:21:29.000Z",
    "lastUpdateTime": "2017-01-10T09:21:29.000Z",
    "auth": 1,
    "uid": "bd-1813650783",
    "publishedVersion": 0,
    "forkFrom": "-",
    "isSpam": 0,
    "version": 11,
    "parentVersion": 10,
    "echartsVersion": "3.8.0",
    "versionCreateTime": "2018-04-19T01:56:55.000Z",
    "html": "",
    "externalScripts": "",
    "updaterUID": "bd-18786276",
    "theme": "",
    "layout": "",
    "viewCount": 2683,
    "userName": "y***8",
    "commentCount": 0,
    "starCount": 4,
    "isStared": 0,
    "thumbnailURL": "https://www.makeapie.com/ecg-storage/ec_gallery_thumbnail/xHJzow7f8g.png?v=1524103015994",
    "isCustomThumbnail": 0,
    "builtinTags": [
        "category-work",
        "timeline"
    ],
    "customTags": [],
    "updaterUserName": "威***S"
}