{
    "cid": "xrJABxitIe",
    "authorUid": "bd-1797003820",
    "authorUserName": "次生缘",
    "title": "在线人数统计",
    "description": "",
    "latestVersion": 1,
    "alwaysLatest": 1,
    "createTime": "2017-01-16T01:22:14.000Z",
    "lastUpdateTime": "2017-01-16T01:22:14.000Z",
    "auth": 2,
    "uid": "bd-1797003820",
    "publishedVersion": 0,
    "forkFrom": "-",
    "isSpam": 0,
    "version": 1,
    "parentVersion": -1,
    "echartsVersion": "3.4.0",
    "versionCreateTime": "2017-01-16T01:22:14.000Z",
    "html": "",
    "externalScripts": "",
    "updaterUID": "bd-1797003820",
    "theme": "",
    "layout": "",
    "viewCount": 508,
    "userName": "次生缘",
    "commentCount": 0,
    "starCount": 2,
    "isStared": 0,
    "thumbnailURL": "https://www.makeapie.com/ecg-storage/ec_gallery_thumbnail/xrJABxitIe.png?v=1484529734382",
    "isCustomThumbnail": 0,
    "builtinTags": [
        "category-work",
        "grid",
        "series-bar",
        "title",
        "tooltip"
    ],
    "customTags": [],
    "updaterUserName": "次生缘"
}