{
    "cid": "xrJxDtWGUx",
    "authorUid": "bd-1258761372",
    "authorUserName": "zw921016",
    "title": "誉达⑧号量化指数",
    "description": "",
    "latestVersion": 60,
    "alwaysLatest": 1,
    "createTime": "2017-01-10T07:12:24.000Z",
    "lastUpdateTime": "2017-01-10T07:12:24.000Z",
    "auth": 2,
    "uid": "bd-1258761372",
    "publishedVersion": 0,
    "forkFrom": "-",
    "isSpam": 0,
    "version": 60,
    "parentVersion": 59,
    "echartsVersion": "3.5.1",
    "versionCreateTime": "2017-03-30T07:09:41.000Z",
    "html": "",
    "externalScripts": "",
    "updaterUID": "bd-1258761372",
    "theme": "",
    "layout": "",
    "viewCount": 622,
    "userName": "zw921016",
    "commentCount": 0,
    "starCount": 1,
    "isStared": 0,
    "thumbnailURL": "https://www.makeapie.com/ecg-storage/ec_gallery_thumbnail/xrJxDtWGUx.png?v=1490857781440",
    "isCustomThumbnail": 0,
    "builtinTags": [
        "axisPointer",
        "category-work",
        "dataZoom",
        "grid",
        "legend",
        "series-line",
        "title",
        "toolbox",
        "tooltip"
    ],
    "customTags": [],
    "updaterUserName": "zw921016"
}