{
    "cid": "xryRJ5XZLx",
    "authorUid": "bd-805622176",
    "authorUserName": "sxlyc",
    "title": "Timeline",
    "description": "",
    "latestVersion": 2,
    "alwaysLatest": 1,
    "createTime": "2017-01-09T15:19:02.000Z",
    "lastUpdateTime": "2017-01-09T15:19:02.000Z",
    "auth": 2,
    "uid": "bd-805622176",
    "publishedVersion": 0,
    "forkFrom": "-",
    "isSpam": 0,
    "version": 2,
    "parentVersion": 1,
    "echartsVersion": "3.3.2",
    "versionCreateTime": "2017-01-09T16:39:39.000Z",
    "html": "",
    "externalScripts": "",
    "updaterUID": "bd-805622176",
    "theme": "",
    "layout": "",
    "viewCount": 324,
    "userName": "sxlyc",
    "commentCount": 0,
    "starCount": 0,
    "isStared": 0,
    "thumbnailURL": "https://www.makeapie.com/ecg-storage/ec_gallery_thumbnail/xryRJ5XZLx.png?v=1483979980144",
    "isCustomThumbnail": 0,
    "builtinTags": [
        "category-work",
        "grid",
        "legend",
        "series-bar",
        "tooltip"
    ],
    "customTags": [],
    "updaterUserName": "sxlyc"
}