{
    "cid": "xSJM0qnYUg",
    "authorUid": "bd-2500662229",
    "authorUserName": "虚***顶",
    "title": " 圣诞老人经过的国家",
    "description": "\n圣诞老人经过的国家",
    "latestVersion": 1,
    "alwaysLatest": 1,
    "createTime": "2017-01-16T03:15:22.000Z",
    "lastUpdateTime": "2017-01-16T03:15:22.000Z",
    "auth": 2,
    "uid": "bd-2500662229",
    "publishedVersion": 0,
    "forkFrom": "-",
    "isSpam": 0,
    "version": 1,
    "parentVersion": -1,
    "echartsVersion": "3.4.0",
    "versionCreateTime": "2017-01-16T03:15:22.000Z",
    "html": "",
    "externalScripts": "http://echarts.baidu.com/christmas/world-simp.js",
    "updaterUID": "bd-2500662229",
    "theme": "dark",
    "layout": "",
    "viewCount": 3617,
    "userName": "虚***顶",
    "commentCount": 1,
    "starCount": 8,
    "isStared": 0,
    "thumbnailURL": "https://www.makeapie.com/ecg-storage/ec_gallery_thumbnail/xSJM0qnYUg.png?v=1484536522958",
    "isCustomThumbnail": 0,
    "builtinTags": [
        "category-work",
        "series-map",
        "visualMap"
    ],
    "customTags": [],
    "updaterUserName": "虚***顶"
}