{
    "cid": "xSk2nhhY8e",
    "authorUid": "bd-2500662229",
    "authorUserName": "虚***顶",
    "title": "无纸化办公后每年节省约21000棵树",
    "description": "",
    "latestVersion": 1,
    "alwaysLatest": 1,
    "createTime": "2017-01-16T03:23:32.000Z",
    "lastUpdateTime": "2017-01-16T03:23:32.000Z",
    "auth": 2,
    "uid": "bd-2500662229",
    "publishedVersion": 0,
    "forkFrom": "-",
    "isSpam": 0,
    "version": 1,
    "parentVersion": -1,
    "echartsVersion": "3.4.0",
    "versionCreateTime": "2017-01-16T03:23:32.000Z",
    "html": "",
    "externalScripts": "",
    "updaterUID": "bd-2500662229",
    "theme": "",
    "layout": "",
    "viewCount": 1417,
    "userName": "虚***顶",
    "commentCount": 0,
    "starCount": 8,
    "isStared": 0,
    "thumbnailURL": "https://www.makeapie.com/ecg-storage/ec_gallery_thumbnail/xSk2nhhY8e.png?v=1484537012712",
    "isCustomThumbnail": 0,
    "builtinTags": [
        "category-work",
        "grid",
        "series-pictorialBar"
    ],
    "customTags": [],
    "updaterUserName": "虚***顶"
}