{
    "cid": "xSktAF6bIg",
    "authorUid": "bd-4215195922",
    "authorUserName": "风中一匹狼one",
    "title": "",
    "description": "",
    "latestVersion": 4,
    "alwaysLatest": 1,
    "createTime": "2017-01-10T02:41:20.000Z",
    "lastUpdateTime": "2017-01-10T02:41:20.000Z",
    "auth": 2,
    "uid": "bd-4215195922",
    "publishedVersion": 0,
    "forkFrom": "-",
    "isSpam": 0,
    "version": 4,
    "parentVersion": 3,
    "echartsVersion": "3.3.2",
    "versionCreateTime": "2017-01-10T06:04:44.000Z",
    "html": "",
    "externalScripts": "",
    "updaterUID": "bd-4215195922",
    "theme": "",
    "layout": "",
    "viewCount": 436,
    "userName": "风中一匹狼one",
    "commentCount": 0,
    "starCount": 0,
    "isStared": 0,
    "thumbnailURL": "https://www.makeapie.com/ecg-storage/ec_gallery_thumbnail/xSktAF6bIg.png?v=1484028284607",
    "isCustomThumbnail": 0,
    "builtinTags": [
        "category-work",
        "legend",
        "series-pie",
        "toolbox",
        "tooltip"
    ],
    "customTags": [],
    "updaterUserName": "风中一匹狼one"
}