{
    "cid": "xSydrWZb8e",
    "authorUid": "bd-671554825",
    "authorUserName": "malsboy",
    "title": "宁海取车点统计",
    "description": "",
    "latestVersion": 3,
    "alwaysLatest": 1,
    "createTime": "2017-01-09T12:25:35.000Z",
    "lastUpdateTime": "2017-01-09T12:25:35.000Z",
    "auth": 2,
    "uid": "bd-671554825",
    "publishedVersion": 0,
    "forkFrom": "-",
    "isSpam": 0,
    "version": 3,
    "parentVersion": 2,
    "echartsVersion": "3.3.2",
    "versionCreateTime": "2017-01-09T13:23:02.000Z",
    "html": "",
    "externalScripts": "http://api.map.baidu.com/api?v=2.0&ak=ZUONbpqGBsYGXNIYHicvbAbM,/dep/echarts/latest/extension/bmap.min.js",
    "updaterUID": "bd-671554825",
    "theme": "",
    "layout": "",
    "viewCount": 264,
    "userName": "malsboy",
    "commentCount": 1,
    "starCount": 1,
    "isStared": 0,
    "thumbnailURL": "https://www.makeapie.com/ecg-storage/ec_gallery_thumbnail/xSydrWZb8e.undefined?v=",
    "isCustomThumbnail": 0,
    "builtinTags": [
        "category-work"
    ],
    "customTags": [],
    "updaterUserName": "malsboy"
}