{
    "cid": "x2owEyFbZY",
    "authorUid": "obd-o2HgkLuqycYWva2zUwRH05Gg8sUI1Bv",
    "authorUserName": "s***5",
    "title": "总体满意度，饼状进度条",
    "description": "",
    "latestVersion": 2,
    "alwaysLatest": 1,
    "createTime": "2020-11-04T07:46:10.000Z",
    "lastUpdateTime": "2020-11-04T07:46:10.000Z",
    "auth": 2,
    "uid": "obd-o2HgkLuqycYWva2zUwRH05Gg8sUI1Bv",
    "publishedVersion": 0,
    "forkFrom": "-",
    "isSpam": 0,
    "version": 2,
    "parentVersion": 1,
    "echartsVersion": "4.8.0",
    "versionCreateTime": "2020-11-05T01:11:54.000Z",
    "html": "",
    "externalScripts": "",
    "updaterUID": "obd-o2HgkLuqycYWva2zUwRH05Gg8sUI1Bv",
    "theme": "",
    "layout": "",
    "viewCount": 58,
    "userName": "s***5",
    "commentCount": 0,
    "starCount": 0,
    "isStared": 0,
    "thumbnailURL": "https://www.makeapie.com/ecg-storage/ec_gallery_thumbnail/x2owEyFbZY.png?v=1604538714395",
    "isCustomThumbnail": 0,
    "builtinTags": [
        "category-work",
        "polar",
        "series-bar",
        "title"
    ],
    "customTags": [],
    "updaterUserName": "s***5"
}