{
    "cid": "x9gf_nu7kS",
    "authorUid": "obd-oEy_zZitjwMTGKqnYnumhno6bn68R4m",
    "authorUserName": "二***蝎",
    "title": "知识图谱",
    "description": "",
    "latestVersion": 5,
    "alwaysLatest": 1,
    "createTime": "2020-11-03T10:20:50.000Z",
    "lastUpdateTime": "2020-11-03T10:20:50.000Z",
    "auth": 2,
    "uid": "obd-oEy_zZitjwMTGKqnYnumhno6bn68R4m",
    "publishedVersion": 0,
    "forkFrom": "-",
    "isSpam": 0,
    "version": 5,
    "parentVersion": 4,
    "echartsVersion": "4.8.0",
    "versionCreateTime": "2020-11-04T07:43:24.000Z",
    "html": "",
    "externalScripts": "",
    "updaterUID": "obd-oEy_zZitjwMTGKqnYnumhno6bn68R4m",
    "theme": "",
    "layout": "",
    "viewCount": 256,
    "userName": "二***蝎",
    "commentCount": 0,
    "starCount": 0,
    "isStared": 0,
    "thumbnailURL": "https://www.makeapie.com/ecg-storage/ec_gallery_thumbnail/x9gf_nu7kS.png?v=1604475804579",
    "isCustomThumbnail": 0,
    "builtinTags": [
        "category-work",
        "series-graph",
        "title"
    ],
    "customTags": [],
    "updaterUserName": "二***蝎"
}