{
    "cid": "x_2XhGzCzc",
    "authorUid": "bd-171648521",
    "authorUserName": "绿***绿",
    "title": "月历史",
    "description": "line\n",
    "latestVersion": 2,
    "alwaysLatest": 1,
    "createTime": "2020-11-04T10:07:06.000Z",
    "lastUpdateTime": "2020-11-04T10:07:06.000Z",
    "auth": 2,
    "uid": "bd-171648521",
    "publishedVersion": 0,
    "forkFrom": "-",
    "isSpam": 0,
    "version": 2,
    "parentVersion": 1,
    "echartsVersion": "4.8.0",
    "versionCreateTime": "2020-11-04T11:15:31.000Z",
    "html": "",
    "externalScripts": "",
    "updaterUID": "bd-171648521",
    "theme": "",
    "layout": "",
    "viewCount": 32,
    "userName": "绿***绿",
    "commentCount": 0,
    "starCount": 0,
    "isStared": 0,
    "thumbnailURL": "https://www.makeapie.com/ecg-storage/ec_gallery_thumbnail/x_2XhGzCzc.png?v=1604488531916",
    "isCustomThumbnail": 0,
    "builtinTags": [
        "category-work",
        "grid",
        "markLine",
        "series-line",
        "title",
        "tooltip"
    ],
    "customTags": [],
    "updaterUserName": "绿***绿"
}