{
    "cid": "xCEK6mcYnM",
    "authorUid": "obd-oDzQwU50Iea8GggcWyKqn5pyq56VK12",
    "authorUserName": "卧***竹",
    "title": "折线图",
    "description": "折线图",
    "latestVersion": 1,
    "alwaysLatest": 1,
    "createTime": "2020-11-03T08:02:58.000Z",
    "lastUpdateTime": "2020-11-03T08:02:58.000Z",
    "auth": 2,
    "uid": "obd-oDzQwU50Iea8GggcWyKqn5pyq56VK12",
    "publishedVersion": 0,
    "forkFrom": "-",
    "isSpam": 0,
    "version": 1,
    "parentVersion": -1,
    "echartsVersion": "4.8.0",
    "versionCreateTime": "2020-11-03T08:02:58.000Z",
    "html": "",
    "externalScripts": "",
    "updaterUID": "obd-oDzQwU50Iea8GggcWyKqn5pyq56VK12",
    "theme": "",
    "layout": "",
    "viewCount": 34,
    "userName": "卧***竹",
    "commentCount": 0,
    "starCount": 0,
    "isStared": 0,
    "thumbnailURL": "https://www.makeapie.com/ecg-storage/ec_gallery_thumbnail/xCEK6mcYnM.png?v=1604390578215",
    "isCustomThumbnail": 0,
    "builtinTags": [
        "category-work",
        "grid",
        "markLine",
        "series-line",
        "tooltip"
    ],
    "customTags": [],
    "updaterUserName": "卧***竹"
}