{
    "cid": "xdBumzQdbV",
    "authorUid": "bd-171648521",
    "authorUserName": "绿***绿",
    "title": "容量统计/已用(占比)",
    "description": "bar",
    "latestVersion": 3,
    "alwaysLatest": 1,
    "createTime": "2020-11-04T11:33:17.000Z",
    "lastUpdateTime": "2020-11-04T11:33:17.000Z",
    "auth": 2,
    "uid": "bd-171648521",
    "publishedVersion": 0,
    "forkFrom": "-",
    "isSpam": 0,
    "version": 3,
    "parentVersion": 2,
    "echartsVersion": "4.8.0",
    "versionCreateTime": "2020-11-04T11:57:14.000Z",
    "html": "",
    "externalScripts": "",
    "updaterUID": "bd-171648521",
    "theme": "",
    "layout": "",
    "viewCount": 18,
    "userName": "绿***绿",
    "commentCount": 0,
    "starCount": 0,
    "isStared": 0,
    "thumbnailURL": "https://www.makeapie.com/ecg-storage/ec_gallery_thumbnail/xdBumzQdbV.png?v=1604491034427",
    "isCustomThumbnail": 0,
    "builtinTags": [
        "category-work",
        "grid",
        "series-bar",
        "title",
        "tooltip"
    ],
    "customTags": [],
    "updaterUserName": "绿***绿"
}