{
    "cid": "xepKWtJMjP",
    "authorUid": "obd-o2pLFbsgpOsmKddigccXbTX7T_Can6e",
    "authorUserName": "l***y",
    "title": "星空关系图",
    "description": "自定义工具-全屏查看；大量数据；自定义节点位置",
    "latestVersion": 1,
    "alwaysLatest": 1,
    "createTime": "2020-11-04T08:46:55.000Z",
    "lastUpdateTime": "2020-11-04T08:46:55.000Z",
    "auth": 2,
    "uid": "obd-o2pLFbsgpOsmKddigccXbTX7T_Can6e",
    "publishedVersion": 0,
    "forkFrom": "-",
    "isSpam": 0,
    "version": 1,
    "parentVersion": -1,
    "echartsVersion": "4.8.0",
    "versionCreateTime": "2020-11-04T08:46:55.000Z",
    "html": "",
    "externalScripts": "",
    "updaterUID": "obd-o2pLFbsgpOsmKddigccXbTX7T_Can6e",
    "theme": "",
    "layout": "",
    "viewCount": 566,
    "userName": "l***y",
    "commentCount": 0,
    "starCount": 5,
    "isStared": 0,
    "thumbnailURL": "https://www.makeapie.com/ecg-storage/ec_gallery_thumbnail/xepKWtJMjP.png?v=1604479615988",
    "isCustomThumbnail": 0,
    "builtinTags": [
        "category-work",
        "legend",
        "series-graph",
        "toolbox",
        "tooltip"
    ],
    "customTags": [],
    "updaterUserName": "l***y"
}