{
    "cid": "xLHMxVvj69",
    "authorUid": "obd-otaAfgIp_bpJM4KWJkvID1rr6cybb8U",
    "authorUserName": "d***懂",
    "title": "多个圆环",
    "description": "",
    "latestVersion": 1,
    "alwaysLatest": 1,
    "createTime": "2020-11-04T07:50:09.000Z",
    "lastUpdateTime": "2020-11-04T07:50:09.000Z",
    "auth": 2,
    "uid": "obd-otaAfgIp_bpJM4KWJkvID1rr6cybb8U",
    "publishedVersion": 0,
    "forkFrom": "-",
    "isSpam": 0,
    "version": 1,
    "parentVersion": -1,
    "echartsVersion": "4.8.0",
    "versionCreateTime": "2020-11-04T07:50:09.000Z",
    "html": "",
    "externalScripts": "",
    "updaterUID": "obd-otaAfgIp_bpJM4KWJkvID1rr6cybb8U",
    "theme": "",
    "layout": "",
    "viewCount": 153,
    "userName": "d***懂",
    "commentCount": 0,
    "starCount": 0,
    "isStared": 0,
    "thumbnailURL": "https://www.makeapie.com/ecg-storage/ec_gallery_thumbnail/xLHMxVvj69.png?v=1604476209387",
    "isCustomThumbnail": 0,
    "builtinTags": [
        "category-work",
        "series-pie",
        "title"
    ],
    "customTags": [],
    "updaterUserName": "d***懂"
}