{
    "cid": "xofbfGWflR",
    "authorUid": "obd-oDzQwU50Iea8GggcWyKqn5pyq56VK12",
    "authorUserName": "卧***竹",
    "title": "仪表盘",
    "description": "仪表盘",
    "latestVersion": 1,
    "alwaysLatest": 1,
    "createTime": "2020-11-03T08:01:54.000Z",
    "lastUpdateTime": "2020-11-03T08:01:54.000Z",
    "auth": 2,
    "uid": "obd-oDzQwU50Iea8GggcWyKqn5pyq56VK12",
    "publishedVersion": 0,
    "forkFrom": "-",
    "isSpam": 0,
    "version": 1,
    "parentVersion": -1,
    "echartsVersion": "4.8.0",
    "versionCreateTime": "2020-11-03T08:01:54.000Z",
    "html": "",
    "externalScripts": "",
    "updaterUID": "obd-oDzQwU50Iea8GggcWyKqn5pyq56VK12",
    "theme": "",
    "layout": "",
    "viewCount": 201,
    "userName": "卧***竹",
    "commentCount": 0,
    "starCount": 2,
    "isStared": 0,
    "thumbnailURL": "https://www.makeapie.com/ecg-storage/ec_gallery_thumbnail/xofbfGWflR.png?v=1604390514657",
    "isCustomThumbnail": 0,
    "builtinTags": [
        "category-work",
        "series-gauge"
    ],
    "customTags": [],
    "updaterUserName": "卧***竹"
}