{
    "cid": "xOngsW8hNa",
    "authorUid": "bd-2050235",
    "authorUserName": "t***6",
    "title": "折线图-自定义横坐标label位置",
    "description": "",
    "latestVersion": 1,
    "alwaysLatest": 1,
    "createTime": "2020-11-05T03:00:48.000Z",
    "lastUpdateTime": "2020-11-05T03:00:48.000Z",
    "auth": 2,
    "uid": "bd-2050235",
    "publishedVersion": 0,
    "forkFrom": "-",
    "isSpam": 0,
    "version": 1,
    "parentVersion": -1,
    "echartsVersion": "4.8.0",
    "versionCreateTime": "2020-11-05T03:00:48.000Z",
    "html": "",
    "externalScripts": "",
    "updaterUID": "bd-2050235",
    "theme": "",
    "layout": "",
    "viewCount": 53,
    "userName": "t***6",
    "commentCount": 0,
    "starCount": 0,
    "isStared": 0,
    "thumbnailURL": "https://www.makeapie.com/ecg-storage/ec_gallery_thumbnail/xOngsW8hNa.png?v=1604545248269",
    "isCustomThumbnail": 0,
    "builtinTags": [
        "category-work",
        "grid",
        "series-line"
    ],
    "customTags": [],
    "updaterUserName": "t***6"
}