{
    "cid": "xRb3zbkWLp",
    "authorUid": "obd-oCXhu5Ci-jvoIw7NPqT4YgxkmbLM53L",
    "authorUserName": "S***l",
    "title": "自定义层数的雷达图",
    "description": "",
    "latestVersion": 1,
    "alwaysLatest": 1,
    "createTime": "2020-11-05T02:19:28.000Z",
    "lastUpdateTime": "2020-11-05T02:19:28.000Z",
    "auth": 2,
    "uid": "obd-oCXhu5Ci-jvoIw7NPqT4YgxkmbLM53L",
    "publishedVersion": 0,
    "forkFrom": "-",
    "isSpam": 0,
    "version": 1,
    "parentVersion": -1,
    "echartsVersion": "4.8.0",
    "versionCreateTime": "2020-11-05T02:19:28.000Z",
    "html": "",
    "externalScripts": "",
    "updaterUID": "obd-oCXhu5Ci-jvoIw7NPqT4YgxkmbLM53L",
    "theme": "",
    "layout": "",
    "viewCount": 485,
    "userName": "S***l",
    "commentCount": 0,
    "starCount": 0,
    "isStared": 0,
    "thumbnailURL": "https://www.makeapie.com/ecg-storage/ec_gallery_thumbnail/xRb3zbkWLp.png?v=1604542768339",
    "isCustomThumbnail": 0,
    "builtinTags": [
        "category-work",
        "radar",
        "series-radar",
        "tooltip"
    ],
    "customTags": [],
    "updaterUserName": "S***l"
}