{
    "cid": "xTOYxtSbWr",
    "authorUid": "obd-oDzQwU50Iea8GggcWyKqn5pyq56VK12",
    "authorUserName": "卧***竹",
    "title": "环形图",
    "description": "环形图",
    "latestVersion": 1,
    "alwaysLatest": 1,
    "createTime": "2020-11-03T08:03:30.000Z",
    "lastUpdateTime": "2020-11-03T08:03:30.000Z",
    "auth": 2,
    "uid": "obd-oDzQwU50Iea8GggcWyKqn5pyq56VK12",
    "publishedVersion": 0,
    "forkFrom": "-",
    "isSpam": 0,
    "version": 1,
    "parentVersion": -1,
    "echartsVersion": "4.8.0",
    "versionCreateTime": "2020-11-03T08:03:30.000Z",
    "html": "",
    "externalScripts": "",
    "updaterUID": "obd-oDzQwU50Iea8GggcWyKqn5pyq56VK12",
    "theme": "",
    "layout": "",
    "viewCount": 146,
    "userName": "卧***竹",
    "commentCount": 0,
    "starCount": 1,
    "isStared": 0,
    "thumbnailURL": "https://www.makeapie.com/ecg-storage/ec_gallery_thumbnail/xTOYxtSbWr.png?v=1604390610960",
    "isCustomThumbnail": 0,
    "builtinTags": [
        "category-work",
        "series-pie",
        "title",
        "tooltip"
    ],
    "customTags": [],
    "updaterUserName": "卧***竹"
}