{
    "cid": "xW9qjnD5ic",
    "authorUid": "obd-o2pLFbsgpOsmKddigccXbTX7T_Can6e",
    "authorUserName": "l***y",
    "title": "雷达图",
    "description": "",
    "latestVersion": 1,
    "alwaysLatest": 1,
    "createTime": "2020-11-03T07:50:12.000Z",
    "lastUpdateTime": "2020-11-03T07:50:12.000Z",
    "auth": 2,
    "uid": "obd-o2pLFbsgpOsmKddigccXbTX7T_Can6e",
    "publishedVersion": 0,
    "forkFrom": "-",
    "isSpam": 0,
    "version": 1,
    "parentVersion": -1,
    "echartsVersion": "4.8.0",
    "versionCreateTime": "2020-11-03T07:50:12.000Z",
    "html": "",
    "externalScripts": "",
    "updaterUID": "obd-o2pLFbsgpOsmKddigccXbTX7T_Can6e",
    "theme": "",
    "layout": "",
    "viewCount": 288,
    "userName": "l***y",
    "commentCount": 0,
    "starCount": 0,
    "isStared": 0,
    "thumbnailURL": "https://www.makeapie.com/ecg-storage/ec_gallery_thumbnail/xW9qjnD5ic.png?v=1604389812571",
    "isCustomThumbnail": 0,
    "builtinTags": [
        "category-work",
        "legend",
        "radar",
        "series-radar",
        "tooltip"
    ],
    "customTags": [],
    "updaterUserName": "l***y"
}