{
    "cid": "xYYXf5B1az",
    "authorUid": "bd-2291206321",
    "authorUserName": "1***去",
    "title": "热源实时流量",
    "description": "热源实时流量",
    "latestVersion": 2,
    "alwaysLatest": 1,
    "createTime": "2020-11-04T09:26:57.000Z",
    "lastUpdateTime": "2020-11-04T09:26:57.000Z",
    "auth": 2,
    "uid": "bd-2291206321",
    "publishedVersion": 0,
    "forkFrom": "-",
    "isSpam": 0,
    "version": 2,
    "parentVersion": 1,
    "echartsVersion": "4.8.0",
    "versionCreateTime": "2020-11-04T10:16:50.000Z",
    "html": "",
    "externalScripts": "",
    "updaterUID": "bd-2291206321",
    "theme": "",
    "layout": "",
    "viewCount": 57,
    "userName": "1***去",
    "commentCount": 0,
    "starCount": 1,
    "isStared": 0,
    "thumbnailURL": "https://www.makeapie.com/ecg-storage/ec_gallery_thumbnail/xYYXf5B1az.png?v=1604485010289",
    "isCustomThumbnail": 0,
    "builtinTags": [
        "category-work",
        "grid",
        "legend",
        "series-bar",
        "title",
        "tooltip"
    ],
    "customTags": [],
    "updaterUserName": "1***去"
}