{
    "cid": "x3LbgPUsdL",
    "authorUid": "bd-268699856",
    "authorUserName": "j***i",
    "title": "victoriametrics导出数据的可视化",
    "description": "",
    "latestVersion": 1,
    "alwaysLatest": 0,
    "createTime": "2021-07-20T09:46:29.000Z",
    "lastUpdateTime": "2021-07-20T09:46:29.000Z",
    "auth": 2,
    "uid": "bd-268699856",
    "publishedVersion": 0,
    "forkFrom": "-",
    "isSpam": 0,
    "version": 1,
    "parentVersion": -1,
    "echartsVersion": "5.1.2",
    "versionCreateTime": "2021-07-20T09:46:29.000Z",
    "html": "",
    "externalScripts": "",
    "updaterUID": "bd-268699856",
    "theme": "",
    "layout": "",
    "viewCount": 0,
    "userName": "j***i",
    "commentCount": 0,
    "starCount": 2,
    "isStared": 0,
    "thumbnailURL": "https://www.makeapie.com/ecg-storage/ec_gallery_thumbnail/x3LbgPUsdL.png?v=1626774390066",
    "isCustomThumbnail": 0,
    "builtinTags": [
        "category-work",
        "dataZoom",
        "grid",
        "series-line",
        "title",
        "toolbox",
        "tooltip"
    ],
    "customTags": [],
    "updaterUserName": "j***i"
}