{
    "cid": "xAJydeT9Ta",
    "authorUid": "obd-oA7gT1wTmzoTVTL70X6kxk0e-kQVs7W",
    "authorUserName": "V***q",
    "title": "饼图-扇区间隔",
    "description": "",
    "latestVersion": 2,
    "alwaysLatest": 0,
    "createTime": "2021-07-21T03:09:49.000Z",
    "lastUpdateTime": "2021-08-06T09:22:55.000Z",
    "auth": 2,
    "uid": "obd-oA7gT1wTmzoTVTL70X6kxk0e-kQVs7W",
    "publishedVersion": 0,
    "forkFrom": "-",
    "isSpam": 0,
    "version": 2,
    "parentVersion": 1,
    "echartsVersion": "5.1.2",
    "versionCreateTime": "2021-08-06T09:22:55.000Z",
    "html": "",
    "externalScripts": "",
    "updaterUID": "obd-oA7gT1wTmzoTVTL70X6kxk0e-kQVs7W",
    "theme": "dark",
    "layout": "",
    "viewCount": 0,
    "userName": "V***q",
    "commentCount": 0,
    "starCount": 5,
    "isStared": 0,
    "thumbnailURL": "https://www.makeapie.com/ecg-storage/ec_gallery_thumbnail/xAJydeT9Ta.png?v=1628241775882",
    "isCustomThumbnail": 0,
    "builtinTags": [
        "category-work",
        "legend",
        "series-pie",
        "tooltip"
    ],
    "customTags": [],
    "updaterUserName": "V***q"
}