{
    "cid": "xCob8sDK9B",
    "authorUid": "obd-oD0ZAj7SYexlF97EeSi1Rg-xZX-mU1s",
    "authorUserName": "z***6",
    "title": " 未定",
    "description": "",
    "latestVersion": 1,
    "alwaysLatest": 1,
    "createTime": "2021-07-19T14:52:22.000Z",
    "lastUpdateTime": "2021-07-19T14:52:22.000Z",
    "auth": 1,
    "uid": "obd-oD0ZAj7SYexlF97EeSi1Rg-xZX-mU1s",
    "publishedVersion": 0,
    "forkFrom": "-",
    "isSpam": 0,
    "version": 1,
    "parentVersion": -1,
    "echartsVersion": "5.1.2",
    "versionCreateTime": "2021-07-19T14:52:22.000Z",
    "html": "",
    "externalScripts": "",
    "updaterUID": "obd-oD0ZAj7SYexlF97EeSi1Rg-xZX-mU1s",
    "theme": "",
    "layout": "",
    "viewCount": 0,
    "userName": "z***6",
    "commentCount": 0,
    "starCount": 1,
    "isStared": 0,
    "thumbnailURL": "https://www.makeapie.com/ecg-storage/ec_gallery_thumbnail/xCob8sDK9B.png?v=1626706342498",
    "isCustomThumbnail": 0,
    "builtinTags": [
        "category-work",
        "grid",
        "legend",
        "series-custom",
        "series-line",
        "tooltip"
    ],
    "customTags": [],
    "updaterUserName": "z***6"
}