{
    "cid": "xj_F96lHAn",
    "authorUid": "obd-oDoZE0QFQiTJ8fgNYaJmNXNc2nGaq1W",
    "authorUserName": "v***哦",
    "title": "柱状图背景柱加宽",
    "description": "",
    "latestVersion": 1,
    "alwaysLatest": 0,
    "createTime": "2021-07-21T06:16:21.000Z",
    "lastUpdateTime": "2021-07-21T06:16:21.000Z",
    "auth": 2,
    "uid": "obd-oDoZE0QFQiTJ8fgNYaJmNXNc2nGaq1W",
    "publishedVersion": 0,
    "forkFrom": "-",
    "isSpam": 0,
    "version": 1,
    "parentVersion": -1,
    "echartsVersion": "5.1.2",
    "versionCreateTime": "2021-07-21T06:16:21.000Z",
    "html": "",
    "externalScripts": "",
    "updaterUID": "obd-oDoZE0QFQiTJ8fgNYaJmNXNc2nGaq1W",
    "theme": "",
    "layout": "",
    "viewCount": 0,
    "userName": "v***哦",
    "commentCount": 0,
    "starCount": 1,
    "isStared": 0,
    "thumbnailURL": "https://www.makeapie.com/ecg-storage/ec_gallery_thumbnail/xj_F96lHAn.png?v=1626848182060",
    "isCustomThumbnail": 0,
    "builtinTags": [
        "category-work",
        "grid",
        "legend",
        "series-bar",
        "tooltip"
    ],
    "customTags": [],
    "updaterUserName": "v***哦"
}