{
    "cid": "xTWh2AlYWh",
    "authorUid": "obd-o2rTAvCX0ZxPDSFaGfTKgmNwjS8YB6R",
    "authorUserName": "1***9",
    "title": "嵌套圆环",
    "description": "",
    "latestVersion": 1,
    "alwaysLatest": 0,
    "createTime": "2021-07-20T06:47:56.000Z",
    "lastUpdateTime": "2021-07-20T06:47:56.000Z",
    "auth": 2,
    "uid": "obd-o2rTAvCX0ZxPDSFaGfTKgmNwjS8YB6R",
    "publishedVersion": 0,
    "forkFrom": "-",
    "isSpam": 0,
    "version": 1,
    "parentVersion": -1,
    "echartsVersion": "5.1.2",
    "versionCreateTime": "2021-07-20T06:47:56.000Z",
    "html": "",
    "externalScripts": "",
    "updaterUID": "obd-o2rTAvCX0ZxPDSFaGfTKgmNwjS8YB6R",
    "theme": "",
    "layout": "",
    "viewCount": 0,
    "userName": "1***9",
    "commentCount": 0,
    "starCount": 4,
    "isStared": 0,
    "thumbnailURL": "https://www.makeapie.com/ecg-storage/ec_gallery_thumbnail/xTWh2AlYWh.png?v=1626763677084",
    "isCustomThumbnail": 0,
    "builtinTags": [
        "category-work",
        "series-pie",
        "tooltip"
    ],
    "customTags": [],
    "updaterUserName": "1***9"
}