{
    "cid": "xUF7IY6HXs",
    "authorUid": "bd-1530657551",
    "authorUserName": "谢***Q",
    "title": "CPU使用率",
    "description": "",
    "latestVersion": 1,
    "alwaysLatest": 0,
    "createTime": "2021-07-20T10:00:15.000Z",
    "lastUpdateTime": "2021-07-20T10:00:15.000Z",
    "auth": 1,
    "uid": "bd-1530657551",
    "publishedVersion": 0,
    "forkFrom": "-",
    "isSpam": 0,
    "version": 1,
    "parentVersion": -1,
    "echartsVersion": "4.8.0",
    "versionCreateTime": "2021-07-20T10:00:15.000Z",
    "html": "",
    "externalScripts": "",
    "updaterUID": "bd-1530657551",
    "theme": "",
    "layout": "",
    "viewCount": 0,
    "userName": "谢***Q",
    "commentCount": 0,
    "starCount": 3,
    "isStared": 0,
    "thumbnailURL": "https://www.makeapie.com/ecg-storage/ec_gallery_thumbnail/xUF7IY6HXs.png?v=1626775215406",
    "isCustomThumbnail": 0,
    "builtinTags": [
        "category-work",
        "markPoint",
        "series-gauge",
        "title"
    ],
    "customTags": [],
    "updaterUserName": "谢***Q"
}