{
    "cid": "xvMhG_E1sA",
    "authorUid": "obd-oNlOavm5mIyDmHx5vL644Fy6r7YbdCs",
    "authorUserName": "林***影",
    "title": "柱状图-电池风",
    "description": "柱状图-电池风",
    "latestVersion": 2,
    "alwaysLatest": 1,
    "createTime": "2021-07-21T01:48:20.000Z",
    "lastUpdateTime": "2021-08-11T06:38:19.000Z",
    "auth": 1,
    "uid": "obd-oNlOavm5mIyDmHx5vL644Fy6r7YbdCs",
    "publishedVersion": 0,
    "forkFrom": "-",
    "isSpam": 0,
    "version": 2,
    "parentVersion": 1,
    "echartsVersion": "5.1.2",
    "versionCreateTime": "2021-08-11T06:38:19.000Z",
    "html": "",
    "externalScripts": "",
    "updaterUID": "obd-o0NPJM4kFENh66_VWmSbFHL7C90p2FE",
    "theme": "",
    "layout": "",
    "viewCount": 0,
    "userName": "林***影",
    "commentCount": 0,
    "starCount": 2,
    "isStared": 0,
    "thumbnailURL": "https://www.makeapie.com/ecg-storage/ec_gallery_thumbnail/xvMhG_E1sA.png?v=1628663899862",
    "isCustomThumbnail": 0,
    "builtinTags": [
        "category-work",
        "grid",
        "series-bar",
        "series-pictorialBar",
        "tooltip"
    ],
    "customTags": [],
    "updaterUserName": "131******13"
}