{
    "cid": "x0Ut1A1Xp_",
    "authorUid": "bd-1338241561",
    "authorUserName": "H***骨",
    "title": "武汉迁徙图",
    "description": "代码直接复制就可以用了，记得要下载武汉的json文件",
    "latestVersion": 1,
    "alwaysLatest": 1,
    "createTime": "2018-12-28T02:09:34.000Z",
    "lastUpdateTime": "2018-12-28T02:09:34.000Z",
    "auth": 2,
    "uid": "bd-1338241561",
    "publishedVersion": 0,
    "forkFrom": "-",
    "isSpam": 0,
    "version": 1,
    "parentVersion": -1,
    "echartsVersion": "4.2.0",
    "versionCreateTime": "2018-12-28T02:09:34.000Z",
    "html": "",
    "externalScripts": "",
    "updaterUID": "bd-1338241561",
    "theme": "",
    "layout": "",
    "viewCount": 940,
    "userName": "H***骨",
    "commentCount": 0,
    "starCount": 3,
    "isStared": 0,
    "thumbnailURL": "https://www.makeapie.com/ecg-storage/ec_gallery_thumbnail/x0Ut1A1Xp_.png?v=1545962976043",
    "isCustomThumbnail": 1,
    "builtinTags": [
        "category-work"
    ],
    "customTags": [],
    "updaterUserName": "H***骨"
}