{
    "cid": "x3hM4X6P1E",
    "authorUid": "bd-3847899246",
    "authorUserName": "Sky_Zephyr",
    "title": "人口迁徙图",
    "description": "",
    "latestVersion": 1,
    "alwaysLatest": 1,
    "createTime": "2018-12-28T05:08:58.000Z",
    "lastUpdateTime": "2018-12-28T05:08:58.000Z",
    "auth": 2,
    "uid": "bd-3847899246",
    "publishedVersion": 0,
    "forkFrom": "-",
    "isSpam": 0,
    "version": 1,
    "parentVersion": -1,
    "echartsVersion": "4.2.0",
    "versionCreateTime": "2018-12-28T05:08:58.000Z",
    "html": "",
    "externalScripts": "/dep/echarts/map/js/china.js",
    "updaterUID": "bd-3847899246",
    "theme": "",
    "layout": "",
    "viewCount": 1870,
    "userName": "Sky_Zephyr",
    "commentCount": 0,
    "starCount": 2,
    "isStared": 0,
    "thumbnailURL": "https://www.makeapie.com/ecg-storage/ec_gallery_thumbnail/x3hM4X6P1E.png?v=1545973738696",
    "isCustomThumbnail": 0,
    "builtinTags": [
        "category-work",
        "geo",
        "legend",
        "series-effectScatter",
        "series-lines",
        "title"
    ],
    "customTags": [],
    "updaterUserName": "Sky_Zephyr"
}