{
    "cid": "x_RX_2eEC9",
    "authorUid": "bd-2136137468",
    "authorUserName": "h***4",
    "title": "层叠饼图",
    "description": "",
    "latestVersion": 7,
    "alwaysLatest": 1,
    "createTime": "2018-12-28T09:30:17.000Z",
    "lastUpdateTime": "2018-12-28T09:30:17.000Z",
    "auth": 2,
    "uid": "bd-2136137468",
    "publishedVersion": 0,
    "forkFrom": "-",
    "isSpam": 0,
    "version": 7,
    "parentVersion": 6,
    "echartsVersion": "4.2.0",
    "versionCreateTime": "2019-01-22T02:07:39.000Z",
    "html": "",
    "externalScripts": "",
    "updaterUID": "bd-2136137468",
    "theme": "",
    "layout": "",
    "viewCount": 1279,
    "userName": "h***4",
    "commentCount": 0,
    "starCount": 4,
    "isStared": 0,
    "thumbnailURL": "https://www.makeapie.com/ecg-storage/ec_gallery_thumbnail/x_RX_2eEC9.png?v=1548122859789",
    "isCustomThumbnail": 0,
    "builtinTags": [
        "category-work",
        "legend",
        "series-pie",
        "tooltip"
    ],
    "customTags": [],
    "updaterUserName": "h***4"
}