{
    "cid": "xcqgHrgWU3",
    "authorUid": "bd-3643364795",
    "authorUserName": "坏人没坏报",
    "title": "时间分析",
    "description": "排名操作时间分析去定出",
    "latestVersion": 3,
    "alwaysLatest": 1,
    "createTime": "2018-12-28T01:45:02.000Z",
    "lastUpdateTime": "2018-12-28T01:45:02.000Z",
    "auth": 2,
    "uid": "bd-3643364795",
    "publishedVersion": 0,
    "forkFrom": "-",
    "isSpam": 0,
    "version": 3,
    "parentVersion": 2,
    "echartsVersion": "4.2.0",
    "versionCreateTime": "2019-01-08T02:13:51.000Z",
    "html": "",
    "externalScripts": "",
    "updaterUID": "bd-3643364795",
    "theme": "",
    "layout": "",
    "viewCount": 105,
    "userName": "坏人没坏报",
    "commentCount": 0,
    "starCount": 0,
    "isStared": 0,
    "thumbnailURL": "https://www.makeapie.com/ecg-storage/ec_gallery_thumbnail/xcqgHrgWU3.png?v=1546913631688",
    "isCustomThumbnail": 0,
    "builtinTags": [
        "category-work",
        "grid",
        "series-line",
        "title",
        "toolbox",
        "tooltip"
    ],
    "customTags": [],
    "updaterUserName": "坏人没坏报"
}