{
    "cid": "xdT_Teh7kn",
    "authorUid": "bd-1562959848",
    "authorUserName": "w***9",
    "title": "药品报销比例",
    "description": "",
    "latestVersion": 2,
    "alwaysLatest": 1,
    "createTime": "2018-12-27T01:15:03.000Z",
    "lastUpdateTime": "2018-12-27T01:15:03.000Z",
    "auth": 2,
    "uid": "bd-1562959848",
    "publishedVersion": 0,
    "forkFrom": "-",
    "isSpam": 0,
    "version": 2,
    "parentVersion": 1,
    "echartsVersion": "4.2.0",
    "versionCreateTime": "2018-12-27T01:15:16.000Z",
    "html": "",
    "externalScripts": "",
    "updaterUID": "bd-1562959848",
    "theme": "",
    "layout": "",
    "viewCount": 32,
    "userName": "w***9",
    "commentCount": 0,
    "starCount": 0,
    "isStared": 0,
    "thumbnailURL": "https://www.makeapie.com/ecg-storage/ec_gallery_thumbnail/xdT_Teh7kn.png?v=1545873316556",
    "isCustomThumbnail": 0,
    "builtinTags": [
        "category-work"
    ],
    "customTags": [],
    "updaterUserName": "w***9"
}