{
    "cid": "xeKD1f2v8m",
    "authorUid": "bd-1747147066",
    "authorUserName": "fethy陈",
    "title": "杭州居民活动点分布可视化",
    "description": "基于OIDD的五高一地分析",
    "latestVersion": 2,
    "alwaysLatest": 1,
    "createTime": "2018-12-27T08:39:46.000Z",
    "lastUpdateTime": "2018-12-27T08:39:46.000Z",
    "auth": 2,
    "uid": "bd-1747147066",
    "publishedVersion": 0,
    "forkFrom": "-",
    "isSpam": 0,
    "version": 2,
    "parentVersion": 1,
    "echartsVersion": "4.2.0",
    "versionCreateTime": "2018-12-27T10:41:00.000Z",
    "html": "",
    "externalScripts": "https://api.mapbox.com/mapbox-gl-js/v0.38.0/mapbox-gl.js,http://echarts.baidu.com/resource/echarts-gl-latest/mapboxgl-token.js,http://echarts.baidu.com/gallery/vendors/echarts-gl/echarts-gl.min.js,https://code.jquery.com/jquery-2.1.1.js",
    "updaterUID": "bd-1747147066",
    "theme": "",
    "layout": "",
    "viewCount": 440,
    "userName": "fethy陈",
    "commentCount": 0,
    "starCount": 1,
    "isStared": 0,
    "thumbnailURL": "https://www.makeapie.com/ecg-storage/ec_gallery_thumbnail/xeKD1f2v8m.png?v=1545899991521",
    "isCustomThumbnail": 1,
    "builtinTags": [
        "category-work",
        "mapbox3D",
        "series-bar3D",
        "timeline",
        "title",
        "visualMap"
    ],
    "customTags": [],
    "updaterUserName": "fethy陈"
}