{
    "cid": "xjBv84DI0h",
    "authorUid": "bd-959138538",
    "authorUserName": "LinHowJia",
    "title": "world",
    "description": "",
    "latestVersion": 1,
    "alwaysLatest": 1,
    "createTime": "2018-12-26T13:02:44.000Z",
    "lastUpdateTime": "2018-12-26T13:02:44.000Z",
    "auth": 2,
    "uid": "bd-959138538",
    "publishedVersion": 0,
    "forkFrom": "-",
    "isSpam": 0,
    "version": 1,
    "parentVersion": -1,
    "echartsVersion": "4.2.0",
    "versionCreateTime": "2018-12-26T13:02:44.000Z",
    "html": "",
    "externalScripts": "/dep/echarts/map/js/world.js",
    "updaterUID": "bd-959138538",
    "theme": "",
    "layout": "",
    "viewCount": 834,
    "userName": "LinHowJia",
    "commentCount": 0,
    "starCount": 1,
    "isStared": 0,
    "thumbnailURL": "https://www.makeapie.com/ecg-storage/ec_gallery_thumbnail/xjBv84DI0h.png?v=1545829364280",
    "isCustomThumbnail": 0,
    "builtinTags": [
        "category-work",
        "geo",
        "series-map"
    ],
    "customTags": [],
    "updaterUserName": "LinHowJia"
}