{
    "cid": "xLZIZcdbih",
    "authorUid": "bd-2034378441",
    "authorUserName": "丶***光",
    "title": "i-面积图",
    "description": "",
    "latestVersion": 1,
    "alwaysLatest": 1,
    "createTime": "2018-12-28T08:07:25.000Z",
    "lastUpdateTime": "2018-12-28T08:07:25.000Z",
    "auth": 2,
    "uid": "bd-2034378441",
    "publishedVersion": 0,
    "forkFrom": "-",
    "isSpam": 0,
    "version": 1,
    "parentVersion": -1,
    "echartsVersion": "4.2.0",
    "versionCreateTime": "2018-12-28T08:07:25.000Z",
    "html": "",
    "externalScripts": "",
    "updaterUID": "bd-2034378441",
    "theme": "",
    "layout": "",
    "viewCount": 98,
    "userName": "丶***光",
    "commentCount": 0,
    "starCount": 1,
    "isStared": 0,
    "thumbnailURL": "https://www.makeapie.com/ecg-storage/ec_gallery_thumbnail/xLZIZcdbih.png?v=1545984445741",
    "isCustomThumbnail": 0,
    "builtinTags": [
        "category-work",
        "grid",
        "series-line",
        "tooltip"
    ],
    "customTags": [],
    "updaterUserName": "丶***光"
}