{
    "cid": "xmh_XdVq5A",
    "authorUid": "bd-3490003427",
    "authorUserName": "j***g",
    "title": "2018年阅读综合分析",
    "description": "统计2018年阅读相关数据",
    "latestVersion": 9,
    "alwaysLatest": 1,
    "createTime": "2018-12-29T04:58:21.000Z",
    "lastUpdateTime": "2018-12-29T04:58:21.000Z",
    "auth": 2,
    "uid": "bd-3490003427",
    "publishedVersion": 0,
    "forkFrom": "-",
    "isSpam": 0,
    "version": 9,
    "parentVersion": 8,
    "echartsVersion": "4.2.0",
    "versionCreateTime": "2018-12-29T14:03:34.000Z",
    "html": "",
    "externalScripts": "/asset/get/s/data-1546054407386-I77NfgU1m.txt",
    "updaterUID": "bd-3490003427",
    "theme": "macarons",
    "layout": "{\"name\":\"NxM\",\"width\":[\"50%\",\"50%\"],\"height\":[\"33.33%\",\"33.33%\",\"33.33%\"]}",
    "viewCount": 2282,
    "userName": "j***g",
    "commentCount": 1,
    "starCount": 11,
    "isStared": 0,
    "thumbnailURL": "https://www.makeapie.com/ecg-storage/ec_gallery_thumbnail/xmh_XdVq5A.png?v=1546059503076",
    "isCustomThumbnail": 1,
    "builtinTags": [
        "category-work",
        "graphic",
        "grid",
        "legend",
        "markPoint",
        "radar",
        "series-bar",
        "series-line",
        "series-pie",
        "series-radar",
        "series-sunburst",
        "title",
        "toolbox",
        "tooltip"
    ],
    "customTags": [],
    "updaterUserName": "j***g"
}