{
    "cid": "xnCS5sRFZi",
    "authorUid": "bd-3875558713",
    "authorUserName": "〃啸",
    "title": "852",
    "description": "阿萨德",
    "latestVersion": 1,
    "alwaysLatest": 1,
    "createTime": "2018-12-27T10:42:34.000Z",
    "lastUpdateTime": "2018-12-27T10:42:34.000Z",
    "auth": 1,
    "uid": "bd-3875558713",
    "publishedVersion": 0,
    "forkFrom": "-",
    "isSpam": 0,
    "version": 1,
    "parentVersion": -1,
    "echartsVersion": "4.2.0",
    "versionCreateTime": "2018-12-27T10:42:34.000Z",
    "html": "",
    "externalScripts": "https://webserver-1256209664.cos.ap-shanghai.myqcloud.com/misc/echarts-gl.min.js",
    "updaterUID": "bd-3875558713",
    "theme": "",
    "layout": "",
    "viewCount": 18,
    "userName": "〃啸",
    "commentCount": 0,
    "starCount": 0,
    "isStared": 0,
    "thumbnailURL": "https://www.makeapie.com/ecg-storage/ec_gallery_thumbnail/xnCS5sRFZi.png?v=1545907354547",
    "isCustomThumbnail": 0,
    "builtinTags": [
        "category-work",
        "grid3D",
        "series-scatter3D"
    ],
    "customTags": [],
    "updaterUserName": "〃啸"
}