{
    "cid": "xrcDUKbC2j",
    "authorUid": "bd-4060365937",
    "authorUserName": "l***u",
    "title": "地图测试",
    "description": "",
    "latestVersion": 7,
    "alwaysLatest": 1,
    "createTime": "2018-12-28T03:13:32.000Z",
    "lastUpdateTime": "2018-12-28T03:13:32.000Z",
    "auth": 2,
    "uid": "bd-4060365937",
    "publishedVersion": 0,
    "forkFrom": "-",
    "isSpam": 0,
    "version": 7,
    "parentVersion": 5,
    "echartsVersion": "4.2.0",
    "versionCreateTime": "2019-01-03T09:03:40.000Z",
    "html": "",
    "externalScripts": "",
    "updaterUID": "bd-4060365937",
    "theme": "",
    "layout": "",
    "viewCount": 70,
    "userName": "l***u",
    "commentCount": 0,
    "starCount": 1,
    "isStared": 0,
    "thumbnailURL": "https://www.makeapie.com/ecg-storage/ec_gallery_thumbnail/xrcDUKbC2j.png?v=1546506220820",
    "isCustomThumbnail": 0,
    "builtinTags": [
        "category-work",
        "geo",
        "graphic",
        "series-effectScatter"
    ],
    "customTags": [],
    "updaterUserName": "l***u"
}