{
    "cid": "xToFGvldGf",
    "authorUid": "bd-318805051",
    "authorUserName": "sxy82008",
    "title": "图表",
    "description": "",
    "latestVersion": 1,
    "alwaysLatest": 1,
    "createTime": "2018-12-28T10:10:21.000Z",
    "lastUpdateTime": "2018-12-28T10:10:21.000Z",
    "auth": 2,
    "uid": "bd-318805051",
    "publishedVersion": 0,
    "forkFrom": "-",
    "isSpam": 0,
    "version": 1,
    "parentVersion": -1,
    "echartsVersion": "4.2.0",
    "versionCreateTime": "2018-12-28T10:10:21.000Z",
    "html": "",
    "externalScripts": "",
    "updaterUID": "bd-318805051",
    "theme": "",
    "layout": "",
    "viewCount": 29,
    "userName": "sxy82008",
    "commentCount": 0,
    "starCount": 0,
    "isStared": 0,
    "thumbnailURL": "https://www.makeapie.com/ecg-storage/ec_gallery_thumbnail/xToFGvldGf.png?v=1545991822001",
    "isCustomThumbnail": 0,
    "builtinTags": [
        "category-work",
        "grid",
        "legend",
        "series-bar",
        "series-line",
        "toolbox",
        "tooltip"
    ],
    "customTags": [],
    "updaterUserName": "sxy82008"
}