{
    "cid": "xUiNmMS3ug",
    "authorUid": "bd-478037203",
    "authorUserName": "177******58",
    "title": "设备监控",
    "description": "",
    "latestVersion": 1,
    "alwaysLatest": 1,
    "createTime": "2018-12-27T01:54:22.000Z",
    "lastUpdateTime": "2018-12-27T01:54:22.000Z",
    "auth": 2,
    "uid": "bd-478037203",
    "publishedVersion": 0,
    "forkFrom": "-",
    "isSpam": 0,
    "version": 1,
    "parentVersion": -1,
    "echartsVersion": "4.2.0",
    "versionCreateTime": "2018-12-27T01:54:22.000Z",
    "html": "",
    "externalScripts": "",
    "updaterUID": "bd-478037203",
    "theme": "",
    "layout": "",
    "viewCount": 712,
    "userName": "177******58",
    "commentCount": 0,
    "starCount": 6,
    "isStared": 0,
    "thumbnailURL": "https://www.makeapie.com/ecg-storage/ec_gallery_thumbnail/xUiNmMS3ug.png?v=1545875662255",
    "isCustomThumbnail": 0,
    "builtinTags": [
        "category-work",
        "series-gauge"
    ],
    "customTags": [],
    "updaterUserName": "177******58"
}