{
    "cid": "xvU0uh3qwc",
    "authorUid": "bd-546537772",
    "authorUserName": "157*****628",
    "title": "地图TOP20数据",
    "description": "2018年12月28日",
    "latestVersion": 1,
    "alwaysLatest": 1,
    "createTime": "2018-12-28T08:22:43.000Z",
    "lastUpdateTime": "2018-12-28T08:22:43.000Z",
    "auth": 2,
    "uid": "bd-546537772",
    "publishedVersion": 0,
    "forkFrom": "-",
    "isSpam": 0,
    "version": 1,
    "parentVersion": -1,
    "echartsVersion": "4.2.0",
    "versionCreateTime": "2018-12-28T08:22:43.000Z",
    "html": "",
    "externalScripts": "",
    "updaterUID": "bd-546537772",
    "theme": "",
    "layout": "",
    "viewCount": 2653,
    "userName": "157*****628",
    "commentCount": 0,
    "starCount": 9,
    "isStared": 0,
    "thumbnailURL": "https://www.makeapie.com/ecg-storage/ec_gallery_thumbnail/xvU0uh3qwc.png?v=1545985363598",
    "isCustomThumbnail": 0,
    "builtinTags": [
        "category-work",
        "geo",
        "legend",
        "series-effectScatter",
        "series-map",
        "series-scatter",
        "title",
        "tooltip",
        "visualMap"
    ],
    "customTags": [],
    "updaterUserName": "157*****628"
}