{
    "cid": "xVUYVblPfe",
    "authorUid": "bd-1195210646",
    "authorUserName": "a***o",
    "title": "雷达图",
    "description": "",
    "latestVersion": 1,
    "alwaysLatest": 1,
    "createTime": "2018-12-28T07:44:21.000Z",
    "lastUpdateTime": "2018-12-28T07:44:21.000Z",
    "auth": 2,
    "uid": "bd-1195210646",
    "publishedVersion": 0,
    "forkFrom": "-",
    "isSpam": 0,
    "version": 1,
    "parentVersion": -1,
    "echartsVersion": "4.2.0",
    "versionCreateTime": "2018-12-28T07:44:21.000Z",
    "html": "",
    "externalScripts": "",
    "updaterUID": "bd-1195210646",
    "theme": "default",
    "layout": "",
    "viewCount": 223,
    "userName": "a***o",
    "commentCount": 0,
    "starCount": 0,
    "isStared": 0,
    "thumbnailURL": "https://www.makeapie.com/ecg-storage/ec_gallery_thumbnail/xVUYVblPfe.png?v=1545983061594",
    "isCustomThumbnail": 0,
    "builtinTags": [
        "category-work",
        "legend",
        "radar",
        "series-radar",
        "title",
        "tooltip"
    ],
    "customTags": [],
    "updaterUserName": "a***o"
}