{
    "cid": "xWHZAd_K3D",
    "authorUid": "bd-4136710896",
    "authorUserName": "187******03",
    "title": "半圆进度条",
    "description": "",
    "latestVersion": 2,
    "alwaysLatest": 1,
    "createTime": "2018-12-28T02:02:24.000Z",
    "lastUpdateTime": "2018-12-28T02:02:24.000Z",
    "auth": 1,
    "uid": "bd-4136710896",
    "publishedVersion": 0,
    "forkFrom": "-",
    "isSpam": 0,
    "version": 2,
    "parentVersion": 1,
    "echartsVersion": "4.2.0",
    "versionCreateTime": "2018-12-28T02:02:56.000Z",
    "html": "",
    "externalScripts": "",
    "updaterUID": "bd-4136710896",
    "theme": "",
    "layout": "",
    "viewCount": 266,
    "userName": "187******03",
    "commentCount": 0,
    "starCount": 0,
    "isStared": 0,
    "thumbnailURL": "https://www.makeapie.com/ecg-storage/ec_gallery_thumbnail/xWHZAd_K3D.png?v=1545962576321",
    "isCustomThumbnail": 0,
    "builtinTags": [
        "category-work",
        "series-pie",
        "title"
    ],
    "customTags": [],
    "updaterUserName": "187******03"
}