{
    "cid": "x9W4zsyZQ",
    "authorUid": "bd-2374762008",
    "authorUserName": "奔***卜",
    "title": "模拟汽车表盘",
    "description": "模拟汽车表盘",
    "latestVersion": 1,
    "alwaysLatest": 1,
    "createTime": "2019-12-06T03:09:19.000Z",
    "lastUpdateTime": "2019-12-06T03:09:19.000Z",
    "auth": 2,
    "uid": "bd-2374762008",
    "publishedVersion": 0,
    "forkFrom": "-",
    "isSpam": 0,
    "version": 1,
    "parentVersion": -1,
    "echartsVersion": "4.4.0",
    "versionCreateTime": "2019-12-06T03:09:19.000Z",
    "html": "",
    "externalScripts": "",
    "updaterUID": "bd-2374762008",
    "theme": "",
    "layout": "",
    "viewCount": 292,
    "userName": "奔***卜",
    "commentCount": 0,
    "starCount": 3,
    "isStared": 0,
    "thumbnailURL": "https://www.makeapie.com/ecg-storage/ec_gallery_thumbnail/x9W4zsyZQ.png?v=1575601759181",
    "isCustomThumbnail": 0,
    "builtinTags": [
        "category-work",
        "series-gauge",
        "toolbox",
        "tooltip"
    ],
    "customTags": [],
    "updaterUserName": "奔***卜"
}