{
    "cid": "xa4UV_mQh",
    "authorUid": "bd-3678937452",
    "authorUserName": "宫***幻",
    "title": "横向柱形图",
    "description": "颜色间隔 ",
    "latestVersion": 3,
    "alwaysLatest": 1,
    "createTime": "2019-12-07T03:12:11.000Z",
    "lastUpdateTime": "2019-12-07T03:12:11.000Z",
    "auth": 2,
    "uid": "bd-3678937452",
    "publishedVersion": 0,
    "forkFrom": "-",
    "isSpam": 0,
    "version": 3,
    "parentVersion": 2,
    "echartsVersion": "4.4.0",
    "versionCreateTime": "2019-12-10T06:39:24.000Z",
    "html": "",
    "externalScripts": "",
    "updaterUID": "bd-3678937452",
    "theme": "",
    "layout": "",
    "viewCount": 129,
    "userName": "宫***幻",
    "commentCount": 0,
    "starCount": 1,
    "isStared": 0,
    "thumbnailURL": "https://www.makeapie.com/ecg-storage/ec_gallery_thumbnail/xa4UV_mQh.png?v=1575959964624",
    "isCustomThumbnail": 0,
    "builtinTags": [
        "category-work",
        "grid",
        "legend",
        "series-bar",
        "title",
        "tooltip"
    ],
    "customTags": [],
    "updaterUserName": "宫***幻"
}