{
    "cid": "xb4kiPfSm",
    "authorUid": "bd-175773460",
    "authorUserName": "C***Q",
    "title": "map+多个grid",
    "description": "",
    "latestVersion": 1,
    "alwaysLatest": 1,
    "createTime": "2019-12-10T06:25:53.000Z",
    "lastUpdateTime": "2019-12-10T06:25:53.000Z",
    "auth": 2,
    "uid": "bd-175773460",
    "publishedVersion": 0,
    "forkFrom": "-",
    "isSpam": 0,
    "version": 1,
    "parentVersion": -1,
    "echartsVersion": "4.4.0",
    "versionCreateTime": "2019-12-10T06:25:53.000Z",
    "html": "",
    "externalScripts": "",
    "updaterUID": "bd-175773460",
    "theme": "",
    "layout": "",
    "viewCount": 416,
    "userName": "C***Q",
    "commentCount": 0,
    "starCount": 2,
    "isStared": 0,
    "thumbnailURL": "https://www.makeapie.com/ecg-storage/ec_gallery_thumbnail/xb4kiPfSm.png?v=1575959153740",
    "isCustomThumbnail": 0,
    "builtinTags": [
        "category-work",
        "grid",
        "series-bar",
        "series-map",
        "tooltip"
    ],
    "customTags": [],
    "updaterUserName": "C***Q"
}