{
    "cid": "xBCKmEwdA",
    "authorUid": "bd-2349772989",
    "authorUserName": "c***6",
    "title": "test-业主迁出",
    "description": "",
    "latestVersion": 5,
    "alwaysLatest": 1,
    "createTime": "2019-12-06T07:02:11.000Z",
    "lastUpdateTime": "2019-12-06T07:02:11.000Z",
    "auth": 2,
    "uid": "bd-2349772989",
    "publishedVersion": 0,
    "forkFrom": "-",
    "isSpam": 0,
    "version": 5,
    "parentVersion": 4,
    "echartsVersion": "4.4.0",
    "versionCreateTime": "2019-12-06T09:44:56.000Z",
    "html": "",
    "externalScripts": "/dep/echarts/map/js/china.js",
    "updaterUID": "bd-2349772989",
    "theme": "",
    "layout": "",
    "viewCount": 309,
    "userName": "c***6",
    "commentCount": 0,
    "starCount": 0,
    "isStared": 0,
    "thumbnailURL": "https://www.makeapie.com/ecg-storage/ec_gallery_thumbnail/xBCKmEwdA.png?v=1575625496869",
    "isCustomThumbnail": 0,
    "builtinTags": [
        "category-work",
        "geo",
        "legend",
        "series-effectScatter",
        "series-lines",
        "title",
        "tooltip"
    ],
    "customTags": [],
    "updaterUserName": "c***6"
}