{
    "cid": "xBo_ToR3I",
    "authorUid": "bd-2349772989",
    "authorUserName": "c***6",
    "title": "test-业主迁入",
    "description": "数据纯属虚构",
    "latestVersion": 4,
    "alwaysLatest": 1,
    "createTime": "2019-12-06T04:42:42.000Z",
    "lastUpdateTime": "2019-12-06T04:42:42.000Z",
    "auth": 2,
    "uid": "bd-2349772989",
    "publishedVersion": 0,
    "forkFrom": "-",
    "isSpam": 0,
    "version": 4,
    "parentVersion": 3,
    "echartsVersion": "4.4.0",
    "versionCreateTime": "2019-12-06T09:46:05.000Z",
    "html": "",
    "externalScripts": "/dep/echarts/map/js/china.js,http://api.map.baidu.com/library/CityList/1.4/src/CityList.js",
    "updaterUID": "bd-2349772989",
    "theme": "",
    "layout": "",
    "viewCount": 1260,
    "userName": "c***6",
    "commentCount": 0,
    "starCount": 6,
    "isStared": 0,
    "thumbnailURL": "https://www.makeapie.com/ecg-storage/ec_gallery_thumbnail/xBo_ToR3I.png?v=1575625565951",
    "isCustomThumbnail": 0,
    "builtinTags": [
        "category-work",
        "geo",
        "legend",
        "series-effectScatter",
        "series-lines",
        "title",
        "tooltip"
    ],
    "customTags": [],
    "updaterUserName": "c***6"
}