{
    "cid": "xCLDD4E8F",
    "authorUid": "bd-71012466",
    "authorUserName": "前***n",
    "title": "杭州余杭区地图",
    "description": "杭州余杭区地图",
    "latestVersion": 1,
    "alwaysLatest": 1,
    "createTime": "2019-12-06T00:58:44.000Z",
    "lastUpdateTime": "2019-12-06T00:58:44.000Z",
    "auth": 2,
    "uid": "bd-71012466",
    "publishedVersion": 0,
    "forkFrom": "-",
    "isSpam": 0,
    "version": 1,
    "parentVersion": -1,
    "echartsVersion": "4.4.0",
    "versionCreateTime": "2019-12-06T00:58:44.000Z",
    "html": "",
    "externalScripts": "",
    "updaterUID": "bd-71012466",
    "theme": "",
    "layout": "",
    "viewCount": 2587,
    "userName": "前***n",
    "commentCount": 3,
    "starCount": 3,
    "isStared": 0,
    "thumbnailURL": "https://www.makeapie.com/ecg-storage/ec_gallery_thumbnail/xCLDD4E8F.png?v=1575593924947",
    "isCustomThumbnail": 0,
    "builtinTags": [
        "category-work",
        "geo",
        "series-map",
        "tooltip"
    ],
    "customTags": [],
    "updaterUserName": "前***n"
}