{
    "cid": "xDhQ7SQji",
    "authorUid": "bd-792092194",
    "authorUserName": "尔***倪",
    "title": "\b象柱图",
    "description": "pictorialBar",
    "latestVersion": 1,
    "alwaysLatest": 1,
    "createTime": "2019-12-06T06:41:53.000Z",
    "lastUpdateTime": "2019-12-06T06:41:53.000Z",
    "auth": 2,
    "uid": "bd-792092194",
    "publishedVersion": 0,
    "forkFrom": "-",
    "isSpam": 0,
    "version": 1,
    "parentVersion": -1,
    "echartsVersion": "4.4.0",
    "versionCreateTime": "2019-12-06T06:41:53.000Z",
    "html": "",
    "externalScripts": "",
    "updaterUID": "bd-792092194",
    "theme": "",
    "layout": "",
    "viewCount": 119,
    "userName": "尔***倪",
    "commentCount": 0,
    "starCount": 1,
    "isStared": 0,
    "thumbnailURL": "https://www.makeapie.com/ecg-storage/ec_gallery_thumbnail/xDhQ7SQji.png?v=1575614513349",
    "isCustomThumbnail": 0,
    "builtinTags": [
        "category-work",
        "grid",
        "series-bar",
        "series-pictorialBar",
        "tooltip"
    ],
    "customTags": [],
    "updaterUserName": "尔***倪"
}