{
    "cid": "xDp2jeliW",
    "authorUid": "bd-2777845673",
    "authorUserName": "母***0",
    "title": "风速风向图",
    "description": "风速风向图",
    "latestVersion": 3,
    "alwaysLatest": 1,
    "createTime": "2019-12-05T07:23:39.000Z",
    "lastUpdateTime": "2019-12-05T07:23:39.000Z",
    "auth": 2,
    "uid": "bd-2777845673",
    "publishedVersion": 0,
    "forkFrom": "-",
    "isSpam": 0,
    "version": 3,
    "parentVersion": 2,
    "echartsVersion": "4.4.0",
    "versionCreateTime": "2019-12-05T12:06:26.000Z",
    "html": "",
    "externalScripts": "",
    "updaterUID": "bd-2777845673",
    "theme": "",
    "layout": "",
    "viewCount": 137,
    "userName": "母***0",
    "commentCount": 0,
    "starCount": 1,
    "isStared": 0,
    "thumbnailURL": "https://www.makeapie.com/ecg-storage/ec_gallery_thumbnail/xDp2jeliW.png?v=1575547586317",
    "isCustomThumbnail": 0,
    "builtinTags": [
        "category-work",
        "grid",
        "series-line",
        "tooltip",
        "visualMap"
    ],
    "customTags": [],
    "updaterUserName": "母***0"
}