{
    "cid": "xFh33zD5q",
    "authorUid": "bd-2130986558",
    "authorUserName": "s***5",
    "title": "气泡图",
    "description": "气泡图，X发文量，Y被引量，圆大小篇均被引，圆颜色被引量",
    "latestVersion": 2,
    "alwaysLatest": 1,
    "createTime": "2019-12-10T06:11:36.000Z",
    "lastUpdateTime": "2019-12-10T06:11:36.000Z",
    "auth": 2,
    "uid": "bd-2130986558",
    "publishedVersion": 0,
    "forkFrom": "-",
    "isSpam": 0,
    "version": 2,
    "parentVersion": 1,
    "echartsVersion": "4.4.0",
    "versionCreateTime": "2019-12-10T06:11:58.000Z",
    "html": "",
    "externalScripts": "",
    "updaterUID": "bd-2130986558",
    "theme": "",
    "layout": "",
    "viewCount": 548,
    "userName": "s***5",
    "commentCount": 0,
    "starCount": 2,
    "isStared": 0,
    "thumbnailURL": "https://www.makeapie.com/ecg-storage/ec_gallery_thumbnail/xFh33zD5q.png?v=1575958318567",
    "isCustomThumbnail": 0,
    "builtinTags": [
        "category-work",
        "grid",
        "markLine",
        "series-scatter",
        "title",
        "tooltip",
        "visualMap"
    ],
    "customTags": [],
    "updaterUserName": "s***5"
}