{
    "cid": "xfKIlVMjY",
    "authorUid": "bd-4002434517",
    "authorUserName": "黑***1",
    "title": "圆饼图",
    "description": "",
    "latestVersion": 2,
    "alwaysLatest": 1,
    "createTime": "2019-12-09T09:17:43.000Z",
    "lastUpdateTime": "2019-12-09T09:17:43.000Z",
    "auth": 2,
    "uid": "bd-4002434517",
    "publishedVersion": 0,
    "forkFrom": "-",
    "isSpam": 0,
    "version": 2,
    "parentVersion": 1,
    "echartsVersion": "4.4.0",
    "versionCreateTime": "2019-12-09T09:18:14.000Z",
    "html": "",
    "externalScripts": "",
    "updaterUID": "bd-4002434517",
    "theme": "",
    "layout": "",
    "viewCount": 106,
    "userName": "黑***1",
    "commentCount": 0,
    "starCount": 0,
    "isStared": 0,
    "thumbnailURL": "https://www.makeapie.com/ecg-storage/ec_gallery_thumbnail/xfKIlVMjY.png?v=1575883094281",
    "isCustomThumbnail": 0,
    "builtinTags": [
        "category-work",
        "legend",
        "series-pie",
        "title"
    ],
    "customTags": [],
    "updaterUserName": "黑***1"
}