{
    "cid": "xkrI93bLk",
    "authorUid": "bd-3746507276",
    "authorUserName": "d***z",
    "title": "3d地图",
    "description": "",
    "latestVersion": 1,
    "alwaysLatest": 1,
    "createTime": "2019-12-06T11:28:31.000Z",
    "lastUpdateTime": "2019-12-06T11:28:31.000Z",
    "auth": 2,
    "uid": "bd-3746507276",
    "publishedVersion": 0,
    "forkFrom": "-",
    "isSpam": 0,
    "version": 1,
    "parentVersion": -1,
    "echartsVersion": "4.4.0",
    "versionCreateTime": "2019-12-06T11:28:31.000Z",
    "html": "",
    "externalScripts": "/dep/echarts/map/js/china.js,https://echarts.baidu.com/resource/echarts-gl-latest/dist/echarts-gl.min.js",
    "updaterUID": "bd-3746507276",
    "theme": "",
    "layout": "",
    "viewCount": 65,
    "userName": "d***z",
    "commentCount": 0,
    "starCount": 0,
    "isStared": 0,
    "thumbnailURL": "https://www.makeapie.com/ecg-storage/ec_gallery_thumbnail/xkrI93bLk.png?v=1575631711677",
    "isCustomThumbnail": 0,
    "builtinTags": [
        "category-work",
        "geo3D",
        "series-lines3D"
    ],
    "customTags": [],
    "updaterUserName": "d***z"
}