{
    "cid": "xOPDcrPL9",
    "authorUid": "bd-1560900257",
    "authorUserName": "请***生",
    "title": "动态波浪",
    "description": "",
    "latestVersion": 1,
    "alwaysLatest": 1,
    "createTime": "2019-12-06T02:54:52.000Z",
    "lastUpdateTime": "2019-12-06T02:54:52.000Z",
    "auth": 2,
    "uid": "bd-1560900257",
    "publishedVersion": 0,
    "forkFrom": "-",
    "isSpam": 0,
    "version": 1,
    "parentVersion": -1,
    "echartsVersion": "4.4.0",
    "versionCreateTime": "2019-12-06T02:54:52.000Z",
    "html": "",
    "externalScripts": "",
    "updaterUID": "bd-1560900257",
    "theme": "",
    "layout": "",
    "viewCount": 239,
    "userName": "请***生",
    "commentCount": 0,
    "starCount": 1,
    "isStared": 0,
    "thumbnailURL": "https://www.makeapie.com/ecg-storage/ec_gallery_thumbnail/xOPDcrPL9.png?v=1575600892828",
    "isCustomThumbnail": 0,
    "builtinTags": [
        "category-work",
        "grid",
        "series-line"
    ],
    "customTags": [],
    "updaterUserName": "请***生"
}