{
    "cid": "xP-Y4kI6Q",
    "authorUid": "bd-3407194657",
    "authorUserName": "w***8",
    "title": "hover 内圆",
    "description": "",
    "latestVersion": 3,
    "alwaysLatest": 1,
    "createTime": "2019-12-10T02:05:14.000Z",
    "lastUpdateTime": "2019-12-11T07:32:02.000Z",
    "auth": 2,
    "uid": "bd-3407194657",
    "publishedVersion": 0,
    "forkFrom": "-",
    "isSpam": 0,
    "version": 3,
    "parentVersion": 2,
    "echartsVersion": "4.4.0",
    "versionCreateTime": "2019-12-11T07:28:20.000Z",
    "html": "",
    "externalScripts": "",
    "updaterUID": "bd-3407194657",
    "theme": "default",
    "layout": "",
    "viewCount": 145,
    "userName": "w***8",
    "commentCount": 0,
    "starCount": 3,
    "isStared": 0,
    "thumbnailURL": "https://www.makeapie.com/ecg-storage/ec_gallery_thumbnail/xP-Y4kI6Q.png?v=1576049522451",
    "isCustomThumbnail": 1,
    "builtinTags": [
        "category-work",
        "legend",
        "series-pie",
        "tooltip"
    ],
    "customTags": [],
    "updaterUserName": "w***8"
}