{
    "cid": "xRcAQ2tOp",
    "authorUid": "bd-2218016047",
    "authorUserName": "洛***夫",
    "title": "地方饼图",
    "description": "",
    "latestVersion": 3,
    "alwaysLatest": 1,
    "createTime": "2019-12-10T06:43:51.000Z",
    "lastUpdateTime": "2019-12-10T06:43:51.000Z",
    "auth": 2,
    "uid": "bd-2218016047",
    "publishedVersion": 0,
    "forkFrom": "-",
    "isSpam": 0,
    "version": 3,
    "parentVersion": 2,
    "echartsVersion": "4.4.0",
    "versionCreateTime": "2019-12-10T07:16:43.000Z",
    "html": "",
    "externalScripts": "",
    "updaterUID": "bd-2218016047",
    "theme": "",
    "layout": "",
    "viewCount": 17,
    "userName": "洛***夫",
    "commentCount": 0,
    "starCount": 0,
    "isStared": 0,
    "thumbnailURL": "https://www.makeapie.com/ecg-storage/ec_gallery_thumbnail/xRcAQ2tOp.png?v=1575962203231",
    "isCustomThumbnail": 0,
    "builtinTags": [
        "category-work",
        "legend",
        "series-pie",
        "title",
        "tooltip"
    ],
    "customTags": [],
    "updaterUserName": "洛***夫"
}