{
    "cid": "xrrnKXK_B",
    "authorUid": "bd-175773460",
    "authorUserName": "C***Q",
    "title": "地图自动轮询展示",
    "description": "地图自动轮询展示",
    "latestVersion": 1,
    "alwaysLatest": 1,
    "createTime": "2019-12-10T01:29:29.000Z",
    "lastUpdateTime": "2019-12-10T01:29:29.000Z",
    "auth": 2,
    "uid": "bd-175773460",
    "publishedVersion": 0,
    "forkFrom": "-",
    "isSpam": 0,
    "version": 1,
    "parentVersion": -1,
    "echartsVersion": "4.4.0",
    "versionCreateTime": "2019-12-10T01:29:29.000Z",
    "html": "",
    "externalScripts": "",
    "updaterUID": "bd-175773460",
    "theme": "",
    "layout": "",
    "viewCount": 1247,
    "userName": "C***Q",
    "commentCount": 0,
    "starCount": 6,
    "isStared": 0,
    "thumbnailURL": "https://www.makeapie.com/ecg-storage/ec_gallery_thumbnail/xrrnKXK_B.png?v=1575941369918",
    "isCustomThumbnail": 1,
    "builtinTags": [
        "category-work",
        "series-map",
        "tooltip"
    ],
    "customTags": [],
    "updaterUserName": "C***Q"
}