{
    "cid": "xrWa_A3g0",
    "authorUid": "bd-2974737681",
    "authorUserName": "猪***林",
    "title": "各省登录终端排行",
    "description": "时间频率：1min",
    "latestVersion": 2,
    "alwaysLatest": 1,
    "createTime": "2019-12-07T06:03:08.000Z",
    "lastUpdateTime": "2019-12-07T06:03:08.000Z",
    "auth": 2,
    "uid": "bd-2974737681",
    "publishedVersion": 0,
    "forkFrom": "-",
    "isSpam": 0,
    "version": 2,
    "parentVersion": 1,
    "echartsVersion": "4.4.0",
    "versionCreateTime": "2019-12-07T06:24:28.000Z",
    "html": "",
    "externalScripts": "",
    "updaterUID": "bd-2974737681",
    "theme": "",
    "layout": "",
    "viewCount": 87,
    "userName": "猪***林",
    "commentCount": 0,
    "starCount": 2,
    "isStared": 0,
    "thumbnailURL": "https://www.makeapie.com/ecg-storage/ec_gallery_thumbnail/xrWa_A3g0.png?v=1575699868254",
    "isCustomThumbnail": 0,
    "builtinTags": [
        "category-work",
        "grid",
        "series-bar",
        "title"
    ],
    "customTags": [],
    "updaterUserName": "猪***林"
}