{
    "cid": "xS7APAj-6",
    "authorUid": "bd-143495432",
    "authorUserName": "d***3",
    "title": "双层水球图",
    "description": "",
    "latestVersion": 1,
    "alwaysLatest": 1,
    "createTime": "2019-12-06T09:53:34.000Z",
    "lastUpdateTime": "2019-12-06T09:53:34.000Z",
    "auth": 2,
    "uid": "bd-143495432",
    "publishedVersion": 0,
    "forkFrom": "-",
    "isSpam": 0,
    "version": 1,
    "parentVersion": -1,
    "echartsVersion": "4.4.0",
    "versionCreateTime": "2019-12-06T09:53:34.000Z",
    "html": "",
    "externalScripts": "https://echarts.baidu.com/resource/echarts-liquidfill-latest/dist/echarts-liquidfill.min.js",
    "updaterUID": "bd-143495432",
    "theme": "",
    "layout": "",
    "viewCount": 200,
    "userName": "d***3",
    "commentCount": 0,
    "starCount": 2,
    "isStared": 0,
    "thumbnailURL": "https://www.makeapie.com/ecg-storage/ec_gallery_thumbnail/xS7APAj-6.png?v=1575626014383",
    "isCustomThumbnail": 0,
    "builtinTags": [
        "category-work",
        "series-liquidFill"
    ],
    "customTags": [],
    "updaterUserName": "d***3"
}