{
    "cid": "xSbKROdr1",
    "authorUid": "bd-1841183165",
    "authorUserName": "o***趣",
    "title": "column",
    "description": "",
    "latestVersion": 3,
    "alwaysLatest": 1,
    "createTime": "2019-12-05T06:58:10.000Z",
    "lastUpdateTime": "2019-12-05T06:58:10.000Z",
    "auth": 2,
    "uid": "bd-1841183165",
    "publishedVersion": 0,
    "forkFrom": "-",
    "isSpam": 0,
    "version": 3,
    "parentVersion": 2,
    "echartsVersion": "4.4.0",
    "versionCreateTime": "2019-12-05T07:48:39.000Z",
    "html": "",
    "externalScripts": "",
    "updaterUID": "bd-1841183165",
    "theme": "",
    "layout": "",
    "viewCount": 40,
    "userName": "o***趣",
    "commentCount": 0,
    "starCount": 2,
    "isStared": 0,
    "thumbnailURL": "https://www.makeapie.com/ecg-storage/ec_gallery_thumbnail/xSbKROdr1.png?v=1575532119376",
    "isCustomThumbnail": 0,
    "builtinTags": [
        "category-work",
        "grid",
        "series-pictorialBar",
        "tooltip"
    ],
    "customTags": [],
    "updaterUserName": "o***趣"
}