{
    "cid": "xUhTT9_Ay",
    "authorUid": "bd-1879216813",
    "authorUserName": "j***n",
    "title": "分段areachart",
    "description": "",
    "latestVersion": 1,
    "alwaysLatest": 1,
    "createTime": "2019-12-09T01:46:16.000Z",
    "lastUpdateTime": "2019-12-09T01:46:16.000Z",
    "auth": 2,
    "uid": "bd-1879216813",
    "publishedVersion": 0,
    "forkFrom": "-",
    "isSpam": 0,
    "version": 1,
    "parentVersion": -1,
    "echartsVersion": "4.4.0",
    "versionCreateTime": "2019-12-09T01:46:17.000Z",
    "html": "",
    "externalScripts": "",
    "updaterUID": "bd-1879216813",
    "theme": "",
    "layout": "",
    "viewCount": 83,
    "userName": "j***n",
    "commentCount": 0,
    "starCount": 1,
    "isStared": 0,
    "thumbnailURL": "https://www.makeapie.com/ecg-storage/ec_gallery_thumbnail/xUhTT9_Ay.png?v=1575855977123",
    "isCustomThumbnail": 0,
    "builtinTags": [
        "category-work",
        "dataZoom",
        "grid",
        "legend",
        "markLine",
        "series-line",
        "toolbox",
        "tooltip"
    ],
    "customTags": [],
    "updaterUserName": "j***n"
}