{
    "cid": "xxsCSex6U",
    "authorUid": "bd-410736466",
    "authorUserName": "136*****692",
    "title": "用户类型",
    "description": "",
    "latestVersion": 1,
    "alwaysLatest": 1,
    "createTime": "2019-12-09T06:52:02.000Z",
    "lastUpdateTime": "2019-12-09T06:52:02.000Z",
    "auth": 1,
    "uid": "bd-410736466",
    "publishedVersion": 0,
    "forkFrom": "-",
    "isSpam": 0,
    "version": 1,
    "parentVersion": -1,
    "echartsVersion": "4.4.0",
    "versionCreateTime": "2019-12-09T06:52:02.000Z",
    "html": "",
    "externalScripts": "",
    "updaterUID": "bd-410736466",
    "theme": "",
    "layout": "",
    "viewCount": 435,
    "userName": "136*****692",
    "commentCount": 0,
    "starCount": 1,
    "isStared": 0,
    "thumbnailURL": "https://www.makeapie.com/ecg-storage/ec_gallery_thumbnail/xxsCSex6U.png?v=1575874322306",
    "isCustomThumbnail": 0,
    "builtinTags": [
        "category-work",
        "graphic",
        "grid",
        "series-scatter",
        "toolbox"
    ],
    "customTags": [],
    "updaterUserName": "136*****692"
}