{
    "cid": "x4e4pE3n-7",
    "authorUid": "obd-oNx2dTcMugRACNifAEAr_AwvIcjdJCv",
    "authorUserName": "棋***6",
    "title": "温度仪表盘",
    "description": "",
    "latestVersion": 1,
    "alwaysLatest": 1,
    "createTime": "2020-03-31T08:32:50.000Z",
    "lastUpdateTime": "2020-03-31T08:32:50.000Z",
    "auth": 2,
    "uid": "obd-oNx2dTcMugRACNifAEAr_AwvIcjdJCv",
    "publishedVersion": 0,
    "forkFrom": "-",
    "isSpam": 0,
    "version": 1,
    "parentVersion": -1,
    "echartsVersion": "4.7.0",
    "versionCreateTime": "2020-03-31T08:32:50.000Z",
    "html": "",
    "externalScripts": "",
    "updaterUID": "obd-oNx2dTcMugRACNifAEAr_AwvIcjdJCv",
    "theme": "",
    "layout": "",
    "viewCount": 2112,
    "userName": "棋***6",
    "commentCount": 0,
    "starCount": 11,
    "isStared": 0,
    "thumbnailURL": "https://www.makeapie.com/ecg-storage/ec_gallery_thumbnail/x4e4pE3n-7.png?v=1585643570714",
    "isCustomThumbnail": 0,
    "builtinTags": [
        "category-work",
        "series-gauge",
        "series-pie",
        "tooltip"
    ],
    "customTags": [],
    "updaterUserName": "棋***6"
}