{
    "cid": "x6eFnTBNMr",
    "authorUid": "obd-oFG6Nh9Cjz9QzGHyNDrB6ta6js6wv5q",
    "authorUserName": "1***1",
    "title": "状态表",
    "description": "",
    "latestVersion": 1,
    "alwaysLatest": 1,
    "createTime": "2020-04-01T06:47:33.000Z",
    "lastUpdateTime": "2020-04-01T06:47:33.000Z",
    "auth": 2,
    "uid": "obd-oFG6Nh9Cjz9QzGHyNDrB6ta6js6wv5q",
    "publishedVersion": 0,
    "forkFrom": "-",
    "isSpam": 0,
    "version": 1,
    "parentVersion": -1,
    "echartsVersion": "4.7.0",
    "versionCreateTime": "2020-04-01T06:47:34.000Z",
    "html": "",
    "externalScripts": "",
    "updaterUID": "obd-oFG6Nh9Cjz9QzGHyNDrB6ta6js6wv5q",
    "theme": "",
    "layout": "",
    "viewCount": 86,
    "userName": "1***1",
    "commentCount": 0,
    "starCount": 1,
    "isStared": 0,
    "thumbnailURL": "https://www.makeapie.com/ecg-storage/ec_gallery_thumbnail/x6eFnTBNMr.png?v=1585723654103",
    "isCustomThumbnail": 0,
    "builtinTags": [
        "category-work",
        "grid",
        "series-scatter",
        "title",
        "tooltip",
        "visualMap"
    ],
    "customTags": [],
    "updaterUserName": "1***1"
}