{
    "cid": "x_Kf_0uxOB",
    "authorUid": "bd-1094052501",
    "authorUserName": "我***福",
    "title": "项目数量-月份（半年）",
    "description": "项目数量-月份（半年）",
    "latestVersion": 2,
    "alwaysLatest": 1,
    "createTime": "2020-04-02T03:17:41.000Z",
    "lastUpdateTime": "2020-04-02T03:17:41.000Z",
    "auth": 2,
    "uid": "bd-1094052501",
    "publishedVersion": 0,
    "forkFrom": "-",
    "isSpam": 0,
    "version": 2,
    "parentVersion": 1,
    "echartsVersion": "4.7.0",
    "versionCreateTime": "2020-04-24T05:44:13.000Z",
    "html": "",
    "externalScripts": "",
    "updaterUID": "bd-1094052501",
    "theme": "",
    "layout": "",
    "viewCount": 9562,
    "userName": "我***福",
    "commentCount": 0,
    "starCount": 16,
    "isStared": 0,
    "thumbnailURL": "https://www.makeapie.com/ecg-storage/ec_gallery_thumbnail/x_Kf_0uxOB.png?v=1587707053675",
    "isCustomThumbnail": 0,
    "builtinTags": [
        "category-work",
        "grid",
        "legend",
        "markPoint",
        "series-line",
        "title",
        "toolbox",
        "tooltip"
    ],
    "customTags": [],
    "updaterUserName": "我***福"
}