{
    "cid": "xAF-J-5QlY",
    "authorUid": "bd-944243892",
    "authorUserName": "韩***能",
    "title": "各Page的日销量",
    "description": "",
    "latestVersion": 3,
    "alwaysLatest": 1,
    "createTime": "2020-03-31T02:54:19.000Z",
    "lastUpdateTime": "2020-03-31T02:54:19.000Z",
    "auth": 2,
    "uid": "bd-944243892",
    "publishedVersion": 0,
    "forkFrom": "-",
    "isSpam": 0,
    "version": 3,
    "parentVersion": 2,
    "echartsVersion": "4.7.0",
    "versionCreateTime": "2020-03-31T04:22:42.000Z",
    "html": "",
    "externalScripts": "",
    "updaterUID": "bd-944243892",
    "theme": "",
    "layout": "",
    "viewCount": 114,
    "userName": "韩***能",
    "commentCount": 0,
    "starCount": 0,
    "isStared": 0,
    "thumbnailURL": "https://www.makeapie.com/ecg-storage/ec_gallery_thumbnail/xAF-J-5QlY.png?v=1585623261738",
    "isCustomThumbnail": 1,
    "builtinTags": [
        "category-work",
        "dataset",
        "dataZoom",
        "grid",
        "series-line",
        "tooltip"
    ],
    "customTags": [],
    "updaterUserName": "韩***能"
}