{
    "cid": "xCkKkTdLVJ",
    "authorUid": "bd-1799383937",
    "authorUserName": "M***_",
    "title": "男女身高体重关系图",
    "description": "来源：http://www.bootstrapmb.com/item/5807",
    "latestVersion": 1,
    "alwaysLatest": 1,
    "createTime": "2020-03-30T10:27:09.000Z",
    "lastUpdateTime": "2020-03-30T10:27:09.000Z",
    "auth": 2,
    "uid": "bd-1799383937",
    "publishedVersion": 0,
    "forkFrom": "-",
    "isSpam": 0,
    "version": 1,
    "parentVersion": -1,
    "echartsVersion": "4.7.0",
    "versionCreateTime": "2020-03-30T10:27:09.000Z",
    "html": "",
    "externalScripts": "",
    "updaterUID": "bd-1799383937",
    "theme": "macarons",
    "layout": "",
    "viewCount": 1545,
    "userName": "M***_",
    "commentCount": 0,
    "starCount": 9,
    "isStared": 0,
    "thumbnailURL": "https://www.makeapie.com/ecg-storage/ec_gallery_thumbnail/xCkKkTdLVJ.png?v=1585564029222",
    "isCustomThumbnail": 0,
    "builtinTags": [
        "brush",
        "category-work",
        "dataZoom",
        "grid",
        "legend",
        "markArea",
        "markLine",
        "markPoint",
        "series-scatter",
        "title",
        "toolbox",
        "tooltip"
    ],
    "customTags": [],
    "updaterUserName": "M***_"
}