{
    "cid": "xCs1x9lpst",
    "authorUid": "bd-944243892",
    "authorUserName": "韩***能",
    "title": "各主题销量分布徐盒形图",
    "description": "",
    "latestVersion": 2,
    "alwaysLatest": 1,
    "createTime": "2020-03-31T04:35:06.000Z",
    "lastUpdateTime": "2020-03-31T04:35:06.000Z",
    "auth": 2,
    "uid": "bd-944243892",
    "publishedVersion": 0,
    "forkFrom": "-",
    "isSpam": 0,
    "version": 2,
    "parentVersion": 1,
    "echartsVersion": "4.7.0",
    "versionCreateTime": "2020-03-31T06:04:16.000Z",
    "html": "",
    "externalScripts": "",
    "updaterUID": "bd-944243892",
    "theme": "",
    "layout": "",
    "viewCount": 164,
    "userName": "韩***能",
    "commentCount": 0,
    "starCount": 0,
    "isStared": 0,
    "thumbnailURL": "https://www.makeapie.com/ecg-storage/ec_gallery_thumbnail/xCs1x9lpst.png?v=1585629306459",
    "isCustomThumbnail": 1,
    "builtinTags": [
        "category-work",
        "dataset",
        "grid",
        "series-boxplot",
        "tooltip"
    ],
    "customTags": [],
    "updaterUserName": "韩***能"
}