{
    "cid": "xjEPc-wAhu",
    "authorUid": "bd-2745196405",
    "authorUserName": "寻***2",
    "title": "散点图",
    "description": "散点图",
    "latestVersion": 1,
    "alwaysLatest": 1,
    "createTime": "2020-03-31T06:13:55.000Z",
    "lastUpdateTime": "2020-03-31T06:13:55.000Z",
    "auth": 2,
    "uid": "bd-2745196405",
    "publishedVersion": 0,
    "forkFrom": "-",
    "isSpam": 0,
    "version": 1,
    "parentVersion": -1,
    "echartsVersion": "4.7.0",
    "versionCreateTime": "2020-03-31T06:13:55.000Z",
    "html": "",
    "externalScripts": "",
    "updaterUID": "bd-2745196405",
    "theme": "",
    "layout": "",
    "viewCount": 242,
    "userName": "寻***2",
    "commentCount": 0,
    "starCount": 0,
    "isStared": 0,
    "thumbnailURL": "https://www.makeapie.com/ecg-storage/ec_gallery_thumbnail/xjEPc-wAhu.png?v=1585635235296",
    "isCustomThumbnail": 0,
    "builtinTags": [
        "category-work",
        "dataZoom",
        "series-scatter",
        "singleAxis",
        "tooltip"
    ],
    "customTags": [],
    "updaterUserName": "寻***2"
}