{
    "cid": "xOHnp-Wxsq",
    "authorUid": "bd-3796128407",
    "authorUserName": "王***响",
    "title": "动态河流图",
    "description": "",
    "latestVersion": 1,
    "alwaysLatest": 1,
    "createTime": "2020-03-30T08:48:17.000Z",
    "lastUpdateTime": "2020-03-30T08:48:17.000Z",
    "auth": 2,
    "uid": "bd-3796128407",
    "publishedVersion": 0,
    "forkFrom": "-",
    "isSpam": 0,
    "version": 1,
    "parentVersion": -1,
    "echartsVersion": "4.7.0",
    "versionCreateTime": "2020-03-30T08:48:17.000Z",
    "html": "",
    "externalScripts": "",
    "updaterUID": "bd-3796128407",
    "theme": "",
    "layout": "",
    "viewCount": 320,
    "userName": "王***响",
    "commentCount": 0,
    "starCount": 3,
    "isStared": 0,
    "thumbnailURL": "https://www.makeapie.com/ecg-storage/ec_gallery_thumbnail/xOHnp-Wxsq.png?v=1585558097900",
    "isCustomThumbnail": 0,
    "builtinTags": [
        "category-work",
        "legend",
        "series-themeRiver",
        "singleAxis",
        "tooltip"
    ],
    "customTags": [],
    "updaterUserName": "王***响"
}