{
    "cid": "xUVShcgu-p",
    "authorUid": "bd-56285859",
    "authorUserName": "笔***地",
    "title": "y轴的标记线",
    "description": "标记线\n分隔线",
    "latestVersion": 6,
    "alwaysLatest": 1,
    "createTime": "2020-03-30T14:23:42.000Z",
    "lastUpdateTime": "2020-03-30T14:23:42.000Z",
    "auth": 1,
    "uid": "bd-56285859",
    "publishedVersion": 0,
    "forkFrom": "-",
    "isSpam": 0,
    "version": 6,
    "parentVersion": 5,
    "echartsVersion": "4.8.0",
    "versionCreateTime": "2020-07-01T01:56:49.000Z",
    "html": "",
    "externalScripts": "",
    "updaterUID": "obd-oPT-MqCz6Wq78Bh73ml_aoUBjIc7E9O",
    "theme": "",
    "layout": "",
    "viewCount": 619,
    "userName": "笔***地",
    "commentCount": 0,
    "starCount": 2,
    "isStared": 0,
    "thumbnailURL": "https://www.makeapie.com/ecg-storage/ec_gallery_thumbnail/xUVShcgu-p.png?v=1593568609827",
    "isCustomThumbnail": 0,
    "builtinTags": [
        "category-work",
        "grid",
        "legend",
        "markLine",
        "series-line",
        "toolbox",
        "tooltip"
    ],
    "customTags": [
        "分隔线",
        "标记线"
    ],
    "updaterUserName": "隔***颜"
}