{
    "cid": "xVXA1kaz3h",
    "authorUid": "bd-1548620540",
    "authorUserName": "s***君",
    "title": "基础地图",
    "description": "",
    "latestVersion": 1,
    "alwaysLatest": 1,
    "createTime": "2020-04-01T10:07:28.000Z",
    "lastUpdateTime": "2020-04-01T10:07:28.000Z",
    "auth": 1,
    "uid": "bd-1548620540",
    "publishedVersion": 0,
    "forkFrom": "-",
    "isSpam": 0,
    "version": 1,
    "parentVersion": -1,
    "echartsVersion": "4.7.0",
    "versionCreateTime": "2020-04-01T10:07:28.000Z",
    "html": "",
    "externalScripts": "",
    "updaterUID": "bd-1548620540",
    "theme": "",
    "layout": "",
    "viewCount": 80,
    "userName": "s***君",
    "commentCount": 0,
    "starCount": 1,
    "isStared": 0,
    "thumbnailURL": "https://www.makeapie.com/ecg-storage/ec_gallery_thumbnail/xVXA1kaz3h.png?v=1585735648403",
    "isCustomThumbnail": 0,
    "builtinTags": [
        "category-work",
        "geo",
        "legend",
        "title",
        "tooltip"
    ],
    "customTags": [],
    "updaterUserName": "s***君"
}