{
    "cid": "xXnzuPLswe",
    "authorUid": "bd-944243892",
    "authorUserName": "韩***能",
    "title": "",
    "description": "",
    "latestVersion": 1,
    "alwaysLatest": 1,
    "createTime": "2020-03-31T07:27:21.000Z",
    "lastUpdateTime": "2020-03-31T07:27:21.000Z",
    "auth": 2,
    "uid": "bd-944243892",
    "publishedVersion": 0,
    "forkFrom": "-",
    "isSpam": 0,
    "version": 1,
    "parentVersion": -1,
    "echartsVersion": "4.7.0",
    "versionCreateTime": "2020-03-31T07:27:21.000Z",
    "html": "",
    "externalScripts": "",
    "updaterUID": "bd-944243892",
    "theme": "",
    "layout": "",
    "viewCount": 162,
    "userName": "韩***能",
    "commentCount": 0,
    "starCount": 0,
    "isStared": 0,
    "thumbnailURL": "https://www.makeapie.com/ecg-storage/ec_gallery_thumbnail/xXnzuPLswe.png?v=1585639641261",
    "isCustomThumbnail": 1,
    "builtinTags": [
        "category-work",
        "dataset",
        "dataZoom",
        "grid",
        "series-bar",
        "series-line",
        "tooltip",
        "visualMap"
    ],
    "customTags": [],
    "updaterUserName": "韩***能"
}