{
    "cid": "xB18EAKbRf",
    "authorUid": "bd-2374762008",
    "authorUserName": "奔***卜",
    "title": "湖北省各类车辆报警次数",
    "description": "湖北省各类车辆报警次数",
    "latestVersion": 4,
    "alwaysLatest": 1,
    "createTime": "2018-05-10T09:17:34.000Z",
    "lastUpdateTime": "2018-05-10T09:17:34.000Z",
    "auth": 2,
    "uid": "bd-2374762008",
    "publishedVersion": 0,
    "forkFrom": "-",
    "isSpam": 0,
    "version": 4,
    "parentVersion": 3,
    "echartsVersion": "4.1.0",
    "versionCreateTime": "2018-05-29T09:52:30.000Z",
    "html": "",
    "externalScripts": "",
    "updaterUID": "bd-2374762008",
    "theme": "",
    "layout": "",
    "viewCount": 5101,
    "userName": "奔***卜",
    "commentCount": 0,
    "starCount": 6,
    "isStared": 0,
    "thumbnailURL": "https://www.makeapie.com/ecg-storage/ec_gallery_thumbnail/xB18EAKbRf.png?v=1527587550902",
    "isCustomThumbnail": 0,
    "builtinTags": [
        "category-work",
        "grid",
        "legend",
        "series-line",
        "toolbox",
        "tooltip"
    ],
    "customTags": [],
    "updaterUserName": "奔***卜"
}