{
    "cid": "xB1qsHnG0f",
    "authorUid": "bd-1766413141",
    "authorUserName": "後***楷",
    "title": "柱状图两个颜色的",
    "description": "",
    "latestVersion": 1,
    "alwaysLatest": 1,
    "createTime": "2018-05-11T06:18:10.000Z",
    "lastUpdateTime": "2018-05-11T06:18:10.000Z",
    "auth": 2,
    "uid": "bd-1766413141",
    "publishedVersion": 0,
    "forkFrom": "-",
    "isSpam": 0,
    "version": 1,
    "parentVersion": -1,
    "echartsVersion": "4.1.0",
    "versionCreateTime": "2018-05-11T06:18:10.000Z",
    "html": "",
    "externalScripts": "",
    "updaterUID": "bd-1766413141",
    "theme": "",
    "layout": "",
    "viewCount": 784,
    "userName": "後***楷",
    "commentCount": 0,
    "starCount": 1,
    "isStared": 0,
    "thumbnailURL": "https://www.makeapie.com/ecg-storage/ec_gallery_thumbnail/xB1qsHnG0f.png?v=1526019490301",
    "isCustomThumbnail": 0,
    "builtinTags": [
        "category-work",
        "grid",
        "legend",
        "series-bar",
        "tooltip"
    ],
    "customTags": [],
    "updaterUserName": "後***楷"
}