{
    "cid": "xBkIcQ3G0M",
    "authorUid": "bd-1766413141",
    "authorUserName": "後***楷",
    "title": "每个柱子不同颜色的柱状图",
    "description": "",
    "latestVersion": 2,
    "alwaysLatest": 1,
    "createTime": "2018-05-11T06:09:17.000Z",
    "lastUpdateTime": "2018-05-11T06:09:17.000Z",
    "auth": 2,
    "uid": "bd-1766413141",
    "publishedVersion": 0,
    "forkFrom": "-",
    "isSpam": 0,
    "version": 2,
    "parentVersion": 1,
    "echartsVersion": "4.1.0",
    "versionCreateTime": "2018-05-11T06:09:28.000Z",
    "html": "",
    "externalScripts": "",
    "updaterUID": "bd-1766413141",
    "theme": "",
    "layout": "",
    "viewCount": 220,
    "userName": "後***楷",
    "commentCount": 0,
    "starCount": 1,
    "isStared": 0,
    "thumbnailURL": "https://www.makeapie.com/ecg-storage/ec_gallery_thumbnail/xBkIcQ3G0M.png?v=1526018968222",
    "isCustomThumbnail": 0,
    "builtinTags": [
        "category-work",
        "grid",
        "series-bar",
        "title",
        "toolbox",
        "tooltip"
    ],
    "customTags": [],
    "updaterUserName": "後***楷"
}