{
    "cid": "xBkUDkFURM",
    "authorUid": "bd-1766413141",
    "authorUserName": "後***楷",
    "title": "重庆市地图",
    "description": "",
    "latestVersion": 1,
    "alwaysLatest": 1,
    "createTime": "2018-05-14T03:15:42.000Z",
    "lastUpdateTime": "2018-05-14T03:15:42.000Z",
    "auth": 2,
    "uid": "bd-1766413141",
    "publishedVersion": 0,
    "forkFrom": "-",
    "isSpam": 0,
    "version": 1,
    "parentVersion": -1,
    "echartsVersion": "4.1.0",
    "versionCreateTime": "2018-05-14T03:15:42.000Z",
    "html": "",
    "externalScripts": "",
    "updaterUID": "bd-1766413141",
    "theme": "",
    "layout": "",
    "viewCount": 896,
    "userName": "後***楷",
    "commentCount": 0,
    "starCount": 0,
    "isStared": 0,
    "thumbnailURL": "https://www.makeapie.com/ecg-storage/ec_gallery_thumbnail/xBkUDkFURM.png?v=1526267742687",
    "isCustomThumbnail": 0,
    "builtinTags": [
        "category-work",
        "series-map",
        "visualMap"
    ],
    "customTags": [],
    "updaterUserName": "後***楷"
}