{
    "cid": "xBkWNZQ_Az",
    "authorUid": "bd-504629861",
    "authorUserName": "s***1",
    "title": "专家与中标人桑基图",
    "description": "",
    "latestVersion": 1,
    "alwaysLatest": 1,
    "createTime": "2018-05-15T08:58:16.000Z",
    "lastUpdateTime": "2018-05-15T08:58:16.000Z",
    "auth": 2,
    "uid": "bd-504629861",
    "publishedVersion": 0,
    "forkFrom": "-",
    "isSpam": 0,
    "version": 1,
    "parentVersion": -1,
    "echartsVersion": "4.1.0",
    "versionCreateTime": "2018-05-15T08:58:16.000Z",
    "html": "",
    "externalScripts": "",
    "updaterUID": "bd-504629861",
    "theme": "",
    "layout": "",
    "viewCount": 1306,
    "userName": "s***1",
    "commentCount": 0,
    "starCount": 2,
    "isStared": 0,
    "thumbnailURL": "https://www.makeapie.com/ecg-storage/ec_gallery_thumbnail/xBkWNZQ_Az.png?v=1526374696859",
    "isCustomThumbnail": 0,
    "builtinTags": [
        "category-work",
        "series-sankey"
    ],
    "customTags": [],
    "updaterUserName": "s***1"
}