{
    "cid": "xHkdAaoURG",
    "authorUid": "bd-3608919469",
    "authorUserName": "我***了",
    "title": "南京市出租车OD流",
    "description": "",
    "latestVersion": 5,
    "alwaysLatest": 1,
    "createTime": "2018-05-14T06:33:52.000Z",
    "lastUpdateTime": "2018-05-14T06:33:52.000Z",
    "auth": 2,
    "uid": "bd-3608919469",
    "publishedVersion": 0,
    "forkFrom": "-",
    "isSpam": 0,
    "version": 5,
    "parentVersion": 4,
    "echartsVersion": "4.1.0",
    "versionCreateTime": "2018-05-26T12:17:51.000Z",
    "html": "",
    "externalScripts": "http://echarts.baidu.com/resource/echarts-gl-latest/dist/echarts-gl.min.js,/dep/echarts/latest/extension/bmap.min.js,http://api.map.baidu.com/api?v=2.0&ak=ZUONbpqGBsYGXNIYHicvbAbM",
    "updaterUID": "bd-3608919469",
    "theme": "",
    "layout": "",
    "viewCount": 138,
    "userName": "我***了",
    "commentCount": 0,
    "starCount": 0,
    "isStared": 0,
    "thumbnailURL": "https://www.makeapie.com/ecg-storage/ec_gallery_thumbnail/xHkdAaoURG.undefined?v=",
    "isCustomThumbnail": 0,
    "builtinTags": [
        "category-work"
    ],
    "customTags": [],
    "updaterUserName": "我***了"
}