{
    "cid": "xHyFQLKzAz",
    "authorUid": "bd-4045424085",
    "authorUserName": "s***2",
    "title": "散点图随机分布",
    "description": "散点图随机分布，横纵坐标为具体时间类型",
    "latestVersion": 1,
    "alwaysLatest": 1,
    "createTime": "2018-05-11T02:55:29.000Z",
    "lastUpdateTime": "2018-05-11T02:55:29.000Z",
    "auth": 1,
    "uid": "bd-4045424085",
    "publishedVersion": 0,
    "forkFrom": "-",
    "isSpam": 0,
    "version": 1,
    "parentVersion": -1,
    "echartsVersion": "4.1.0",
    "versionCreateTime": "2018-05-11T02:55:29.000Z",
    "html": "",
    "externalScripts": "",
    "updaterUID": "bd-4045424085",
    "theme": "",
    "layout": "",
    "viewCount": 127,
    "userName": "s***2",
    "commentCount": 0,
    "starCount": 0,
    "isStared": 0,
    "thumbnailURL": "https://www.makeapie.com/ecg-storage/ec_gallery_thumbnail/xHyFQLKzAz.png?v=1526007329367",
    "isCustomThumbnail": 0,
    "builtinTags": [
        "category-work",
        "grid",
        "legend",
        "series-scatter",
        "toolbox",
        "tooltip"
    ],
    "customTags": [],
    "updaterUserName": "s***2"
}