{
    "cid": "xHystlFbCf",
    "authorUid": "bd-1245979803",
    "authorUserName": "d***t",
    "title": "Mobile Phone",
    "description": "",
    "latestVersion": 1,
    "alwaysLatest": 1,
    "createTime": "2018-05-10T08:19:15.000Z",
    "lastUpdateTime": "2018-05-10T08:19:15.000Z",
    "auth": 2,
    "uid": "bd-1245979803",
    "publishedVersion": 0,
    "forkFrom": "-",
    "isSpam": 0,
    "version": 1,
    "parentVersion": -1,
    "echartsVersion": "4.1.0",
    "versionCreateTime": "2018-05-10T08:19:15.000Z",
    "html": "",
    "externalScripts": "",
    "updaterUID": "bd-1245979803",
    "theme": "",
    "layout": "",
    "viewCount": 2858,
    "userName": "d***t",
    "commentCount": 0,
    "starCount": 6,
    "isStared": 0,
    "thumbnailURL": "https://www.makeapie.com/ecg-storage/ec_gallery_thumbnail/xHystlFbCf.png?v=1525940355391",
    "isCustomThumbnail": 0,
    "builtinTags": [
        "category-work",
        "legend",
        "parallel",
        "series-parallel",
        "title"
    ],
    "customTags": [],
    "updaterUserName": "d***t"
}