{
    "cid": "xHysVXKZAf",
    "authorUid": "bd-940022354",
    "authorUserName": "5***7",
    "title": "中国3D地图",
    "description": "中国3D地图",
    "latestVersion": 2,
    "alwaysLatest": 1,
    "createTime": "2018-05-10T08:30:42.000Z",
    "lastUpdateTime": "2018-05-10T08:30:42.000Z",
    "auth": 2,
    "uid": "bd-940022354",
    "publishedVersion": 0,
    "forkFrom": "-",
    "isSpam": 0,
    "version": 2,
    "parentVersion": 1,
    "echartsVersion": "4.1.0",
    "versionCreateTime": "2018-05-11T03:27:23.000Z",
    "html": "",
    "externalScripts": "http://echarts.baidu.com/resource/echarts-gl-latest/dist/echarts-gl.min.js,/dep/echarts/map/js/china.js",
    "updaterUID": "bd-940022354",
    "theme": "",
    "layout": "",
    "viewCount": 192,
    "userName": "5***7",
    "commentCount": 0,
    "starCount": 0,
    "isStared": 0,
    "thumbnailURL": "https://www.makeapie.com/ecg-storage/ec_gallery_thumbnail/xHysVXKZAf.png?v=1526009243643",
    "isCustomThumbnail": 0,
    "builtinTags": [
        "category-work",
        "geo3D"
    ],
    "customTags": [],
    "updaterUserName": "5***7"
}