{
    "cid": "xHyUdw9WRG",
    "authorUid": "bd-3676951086",
    "authorUserName": "缘***m",
    "title": "关系图",
    "description": "",
    "latestVersion": 2,
    "alwaysLatest": 1,
    "createTime": "2018-05-10T09:57:01.000Z",
    "lastUpdateTime": "2018-05-10T09:57:01.000Z",
    "auth": 1,
    "uid": "bd-3676951086",
    "publishedVersion": 0,
    "forkFrom": "-",
    "isSpam": 0,
    "version": 2,
    "parentVersion": 1,
    "echartsVersion": "4.4.0",
    "versionCreateTime": "2019-12-13T01:15:36.000Z",
    "html": "",
    "externalScripts": "",
    "updaterUID": "bd-2905853140",
    "theme": "",
    "layout": "",
    "viewCount": 1222,
    "userName": "缘***m",
    "commentCount": 0,
    "starCount": 0,
    "isStared": 0,
    "thumbnailURL": "https://www.makeapie.com/ecg-storage/ec_gallery_thumbnail/xHyUdw9WRG.png?v=1576199736956",
    "isCustomThumbnail": 0,
    "builtinTags": [
        "category-work",
        "legend",
        "series-graph"
    ],
    "customTags": [],
    "updaterUserName": "p***i"
}