{
    "cid": "xr1bMxk7AG",
    "authorUid": "bd-2838733078",
    "authorUserName": "高***猫",
    "title": "鬼猫猫五月每天工作组成",
    "description": "本数据纯属虚构",
    "latestVersion": 1,
    "alwaysLatest": 1,
    "createTime": "2018-05-11T09:19:05.000Z",
    "lastUpdateTime": "2018-05-11T09:19:05.000Z",
    "auth": 2,
    "uid": "bd-2838733078",
    "publishedVersion": 0,
    "forkFrom": "-",
    "isSpam": 0,
    "version": 1,
    "parentVersion": -1,
    "echartsVersion": "4.1.0",
    "versionCreateTime": "2018-05-11T09:19:05.000Z",
    "html": "",
    "externalScripts": "",
    "updaterUID": "bd-2838733078",
    "theme": "",
    "layout": "",
    "viewCount": 605,
    "userName": "高***猫",
    "commentCount": 1,
    "starCount": 0,
    "isStared": 0,
    "thumbnailURL": "https://www.makeapie.com/ecg-storage/ec_gallery_thumbnail/xr1bMxk7AG.png?v=1526030345476",
    "isCustomThumbnail": 1,
    "builtinTags": [
        "calendar",
        "category-work",
        "legend",
        "series-pie",
        "series-scatter",
        "title",
        "tooltip"
    ],
    "customTags": [],
    "updaterUserName": "高***猫"
}