{
    "cid": "xr1PhEhz0f",
    "authorUid": "bd-1766413141",
    "authorUserName": "後***楷",
    "title": "饼状图点击生成柱状图",
    "description": "饼状图点击每一个分区都会实时更新柱状图信息",
    "latestVersion": 2,
    "alwaysLatest": 1,
    "createTime": "2018-05-11T06:14:06.000Z",
    "lastUpdateTime": "2018-05-11T06:14:06.000Z",
    "auth": 2,
    "uid": "bd-1766413141",
    "publishedVersion": 0,
    "forkFrom": "-",
    "isSpam": 0,
    "version": 2,
    "parentVersion": 1,
    "echartsVersion": "4.1.0",
    "versionCreateTime": "2018-05-11T06:16:26.000Z",
    "html": "",
    "externalScripts": "",
    "updaterUID": "bd-1766413141",
    "theme": "",
    "layout": "",
    "viewCount": 137,
    "userName": "後***楷",
    "commentCount": 0,
    "starCount": 0,
    "isStared": 0,
    "thumbnailURL": "https://www.makeapie.com/ecg-storage/ec_gallery_thumbnail/xr1PhEhz0f.png?v=1526019386166",
    "isCustomThumbnail": 0,
    "builtinTags": [
        "category-work",
        "grid",
        "series-bar",
        "series-pie",
        "title"
    ],
    "customTags": [],
    "updaterUserName": "後***楷"
}