{
    "cid": "xrk5udfuAM",
    "authorUid": "bd-3887061366",
    "authorUserName": "驍叔叔",
    "title": "Scatter",
    "description": "",
    "latestVersion": 4,
    "alwaysLatest": 1,
    "createTime": "2018-05-15T08:21:06.000Z",
    "lastUpdateTime": "2018-05-15T08:21:06.000Z",
    "auth": 2,
    "uid": "bd-3887061366",
    "publishedVersion": 0,
    "forkFrom": "-",
    "isSpam": 0,
    "version": 4,
    "parentVersion": 3,
    "echartsVersion": "4.1.0",
    "versionCreateTime": "2018-05-16T02:17:34.000Z",
    "html": "",
    "externalScripts": "",
    "updaterUID": "bd-3887061366",
    "theme": "",
    "layout": "",
    "viewCount": 89,
    "userName": "驍叔叔",
    "commentCount": 0,
    "starCount": 0,
    "isStared": 0,
    "thumbnailURL": "https://www.makeapie.com/ecg-storage/ec_gallery_thumbnail/xrk5udfuAM.png?v=1526437054999",
    "isCustomThumbnail": 0,
    "builtinTags": [
        "category-work",
        "grid",
        "series-scatter"
    ],
    "customTags": [],
    "updaterUserName": "驍叔叔"
}