{
    "cid": "xry0m8bm0z",
    "authorUid": "bd-4087197107",
    "authorUserName": "189******18",
    "title": "商户交易记录",
    "description": "第一个echart",
    "latestVersion": 1,
    "alwaysLatest": 1,
    "createTime": "2018-05-11T12:01:42.000Z",
    "lastUpdateTime": "2018-05-11T12:01:42.000Z",
    "auth": 2,
    "uid": "bd-4087197107",
    "publishedVersion": 0,
    "forkFrom": "-",
    "isSpam": 0,
    "version": 1,
    "parentVersion": -1,
    "echartsVersion": "4.1.0",
    "versionCreateTime": "2018-05-11T12:01:42.000Z",
    "html": "",
    "externalScripts": "",
    "updaterUID": "bd-4087197107",
    "theme": "",
    "layout": "",
    "viewCount": 468,
    "userName": "189******18",
    "commentCount": 0,
    "starCount": 1,
    "isStared": 0,
    "thumbnailURL": "https://www.makeapie.com/ecg-storage/ec_gallery_thumbnail/xry0m8bm0z.png?v=1526040102406",
    "isCustomThumbnail": 0,
    "builtinTags": [
        "category-work",
        "series-graph",
        "title"
    ],
    "customTags": [],
    "updaterUserName": "189******18"
}