{
    "cid": "xSJpbfafAG",
    "authorUid": "bd-77825077",
    "authorUserName": "冰***孩",
    "title": "双向柱子",
    "description": "",
    "latestVersion": 1,
    "alwaysLatest": 1,
    "createTime": "2018-05-11T07:11:00.000Z",
    "lastUpdateTime": "2018-05-11T07:11:00.000Z",
    "auth": 2,
    "uid": "bd-77825077",
    "publishedVersion": 0,
    "forkFrom": "-",
    "isSpam": 0,
    "version": 1,
    "parentVersion": -1,
    "echartsVersion": "4.1.0",
    "versionCreateTime": "2018-05-11T07:11:00.000Z",
    "html": "",
    "externalScripts": "",
    "updaterUID": "bd-77825077",
    "theme": "",
    "layout": "",
    "viewCount": 3854,
    "userName": "冰***孩",
    "commentCount": 0,
    "starCount": 15,
    "isStared": 0,
    "thumbnailURL": "https://www.makeapie.com/ecg-storage/ec_gallery_thumbnail/xSJpbfafAG.png?v=1526022660889",
    "isCustomThumbnail": 0,
    "builtinTags": [
        "category-work",
        "grid",
        "legend",
        "series-bar",
        "timeline"
    ],
    "customTags": [],
    "updaterUserName": "冰***孩"
}