{
    "cid": "xSyagVubRG",
    "authorUid": "bd-779443",
    "authorUserName": "乱***尚",
    "title": "7天工单处理情况",
    "description": "",
    "latestVersion": 1,
    "alwaysLatest": 1,
    "createTime": "2018-05-10T07:25:41.000Z",
    "lastUpdateTime": "2018-05-10T07:25:41.000Z",
    "auth": 2,
    "uid": "bd-779443",
    "publishedVersion": 0,
    "forkFrom": "-",
    "isSpam": 0,
    "version": 1,
    "parentVersion": -1,
    "echartsVersion": "4.1.0",
    "versionCreateTime": "2018-05-10T07:25:41.000Z",
    "html": "",
    "externalScripts": "",
    "updaterUID": "bd-779443",
    "theme": "",
    "layout": "",
    "viewCount": 232,
    "userName": "乱***尚",
    "commentCount": 0,
    "starCount": 1,
    "isStared": 0,
    "thumbnailURL": "https://www.makeapie.com/ecg-storage/ec_gallery_thumbnail/xSyagVubRG.png?v=1525937141185",
    "isCustomThumbnail": 0,
    "builtinTags": [
        "category-work",
        "grid",
        "legend",
        "series-line",
        "tooltip"
    ],
    "customTags": [],
    "updaterUserName": "乱***尚"
}