{
    "cid": "bar1",
    "authorUid": "bd-2135947294",
    "authorUserName": "echarts",
    "title": "某地区蒸发量和降水量",
    "description": "柱状图 markPoint 和 markLine",
    "latestVersion": 1,
    "alwaysLatest": 1,
    "createTime": "2016-04-25T11:16:50.000Z",
    "lastUpdateTime": "2016-04-25T11:16:50.000Z",
    "auth": 2,
    "uid": "bd-2135947294",
    "publishedVersion": 0,
    "forkFrom": "-",
    "isSpam": 0,
    "version": 1,
    "parentVersion": -1,
    "echartsVersion": "3.1.6",
    "versionCreateTime": "2016-04-25T11:16:50.000Z",
    "html": "",
    "externalScripts": "",
    "updaterUID": "bd-2135947294",
    "theme": "default",
    "layout": "",
    "viewCount": 23131,
    "userName": "echarts",
    "commentCount": 0,
    "starCount": 59,
    "isStared": 0,
    "thumbnailURL": "https://www.makeapie.com/ecg-storage/ec_gallery_thumbnail/bar1.png?v=1461583011077",
    "isCustomThumbnail": 0,
    "builtinTags": [
        "category-work",
        "grid",
        "legend",
        "series-bar",
        "title",
        "toolbox",
        "tooltip"
    ],
    "customTags": [],
    "updaterUserName": "echarts"
}