{
    "cid": "funnel-customize",
    "authorUid": "bd-2135947294",
    "authorUserName": "echarts",
    "title": "漏斗图",
    "description": "双漏斗图叠加，表达『预期』和『实际』量值",
    "latestVersion": 1,
    "alwaysLatest": 1,
    "createTime": "2016-04-25T09:02:27.000Z",
    "lastUpdateTime": "2016-04-25T12:51:21.000Z",
    "auth": 2,
    "uid": "bd-2135947294",
    "publishedVersion": 0,
    "forkFrom": "-",
    "isSpam": 0,
    "version": 1,
    "parentVersion": -1,
    "echartsVersion": "3.1.6",
    "versionCreateTime": "2016-04-25T09:02:27.000Z",
    "html": "",
    "externalScripts": "",
    "updaterUID": "bd-2135947294",
    "theme": "default",
    "layout": "",
    "viewCount": 4656,
    "userName": "echarts",
    "commentCount": 0,
    "starCount": 27,
    "isStared": 0,
    "thumbnailURL": "https://www.makeapie.com/ecg-storage/ec_gallery_thumbnail/funnel-customize.png?v=1461574947451",
    "isCustomThumbnail": 0,
    "builtinTags": [
        "category-work",
        "legend",
        "series-funnel",
        "title",
        "toolbox",
        "tooltip"
    ],
    "customTags": [],
    "updaterUserName": "echarts"
}