{
    "cid": "gauge-car",
    "authorUid": "bd-2135947294",
    "authorUserName": "echarts",
    "title": "仪表盘",
    "description": "模拟汽车仪表盘",
    "latestVersion": 1,
    "alwaysLatest": 1,
    "createTime": "2016-04-25T10:22:03.000Z",
    "lastUpdateTime": "2016-04-25T10:22:03.000Z",
    "auth": 2,
    "uid": "bd-2135947294",
    "publishedVersion": 0,
    "forkFrom": "-",
    "isSpam": 0,
    "version": 1,
    "parentVersion": -1,
    "echartsVersion": "3.1.6",
    "versionCreateTime": "2016-04-25T10:22:03.000Z",
    "html": "",
    "externalScripts": "",
    "updaterUID": "bd-2135947294",
    "theme": "default",
    "layout": "",
    "viewCount": 22224,
    "userName": "echarts",
    "commentCount": 0,
    "starCount": 46,
    "isStared": 0,
    "thumbnailURL": "https://www.makeapie.com/ecg-storage/ec_gallery_thumbnail/gauge-car.png?v=1461579724172",
    "isCustomThumbnail": 0,
    "builtinTags": [
        "category-work",
        "series-gauge",
        "toolbox",
        "tooltip"
    ],
    "customTags": [],
    "updaterUserName": "echarts"
}