{
    "cid": "grid-multiple",
    "authorUid": "bd-2135947294",
    "authorUserName": "echarts",
    "title": "雨量流量关系图",
    "description": "单 echarts 实例中多 grid 示例",
    "latestVersion": 1,
    "alwaysLatest": 1,
    "createTime": "2016-04-25T09:18:53.000Z",
    "lastUpdateTime": "2016-04-25T09:18:53.000Z",
    "auth": 2,
    "uid": "bd-2135947294",
    "publishedVersion": 0,
    "forkFrom": "-",
    "isSpam": 0,
    "version": 1,
    "parentVersion": -1,
    "echartsVersion": "3.1.6",
    "versionCreateTime": "2016-04-25T09:18:53.000Z",
    "html": "",
    "externalScripts": "",
    "updaterUID": "bd-2135947294",
    "theme": "default",
    "layout": "",
    "viewCount": 6592,
    "userName": "echarts",
    "commentCount": 0,
    "starCount": 23,
    "isStared": 0,
    "thumbnailURL": "https://www.makeapie.com/ecg-storage/ec_gallery_thumbnail/grid-multiple.png?v=1461575933667",
    "isCustomThumbnail": 0,
    "builtinTags": [
        "category-work",
        "dataZoom",
        "grid",
        "legend",
        "series-line",
        "title",
        "tooltip"
    ],
    "customTags": [],
    "updaterUserName": "echarts"
}