{
    "cid": "line-marker",
    "authorUid": "bd-2135947294",
    "authorUserName": "echarts",
    "title": "未来一周气温变化",
    "description": "折线图中使用 markPoint 和 markLine",
    "latestVersion": 1,
    "alwaysLatest": 1,
    "createTime": "2016-04-25T09:22:36.000Z",
    "lastUpdateTime": "2016-04-25T09:22:36.000Z",
    "auth": 2,
    "uid": "bd-2135947294",
    "publishedVersion": 0,
    "forkFrom": "-",
    "isSpam": 0,
    "version": 1,
    "parentVersion": -1,
    "echartsVersion": "3.1.6",
    "versionCreateTime": "2016-04-25T09:22:36.000Z",
    "html": "",
    "externalScripts": "",
    "updaterUID": "bd-2135947294",
    "theme": "default",
    "layout": "",
    "viewCount": 13941,
    "userName": "echarts",
    "commentCount": 0,
    "starCount": 17,
    "isStared": 0,
    "thumbnailURL": "https://www.makeapie.com/ecg-storage/ec_gallery_thumbnail/line-marker.png?v=1461576157030",
    "isCustomThumbnail": 0,
    "builtinTags": [
        "category-work",
        "dataZoom",
        "grid",
        "legend",
        "series-line",
        "title",
        "toolbox",
        "tooltip"
    ],
    "customTags": [],
    "updaterUserName": "echarts"
}