{
    "cid": "line-easing",
    "authorUid": "bd-2135947294",
    "authorUserName": "echarts",
    "title": "Different Easing Functions",
    "description": "折线图展现不同的动画缓动效果",
    "latestVersion": 1,
    "alwaysLatest": 1,
    "createTime": "2016-04-25T09:20:33.000Z",
    "lastUpdateTime": "2016-04-25T09:20:33.000Z",
    "auth": 2,
    "uid": "bd-2135947294",
    "publishedVersion": 0,
    "forkFrom": "-",
    "isSpam": 0,
    "version": 1,
    "parentVersion": -1,
    "echartsVersion": "3.1.6",
    "versionCreateTime": "2016-04-25T09:20:33.000Z",
    "html": "",
    "externalScripts": "",
    "updaterUID": "bd-2135947294",
    "theme": "default",
    "layout": "",
    "viewCount": 4646,
    "userName": "echarts",
    "commentCount": 1,
    "starCount": 10,
    "isStared": 0,
    "thumbnailURL": "https://www.makeapie.com/ecg-storage/ec_gallery_thumbnail/line-easing.png?v=1461576034449",
    "isCustomThumbnail": 0,
    "builtinTags": [
        "category-work",
        "grid",
        "series-line",
        "title"
    ],
    "customTags": [],
    "updaterUserName": "echarts"
}