{
    "cid": "mix-line-bar",
    "authorUid": "bd-2135947294",
    "authorUserName": "echarts",
    "title": "蒸发量，降水量与平均温度",
    "description": "折柱混搭",
    "latestVersion": 2,
    "alwaysLatest": 1,
    "createTime": "2016-04-25T11:38:40.000Z",
    "lastUpdateTime": "2016-04-25T13:03:38.000Z",
    "auth": 2,
    "uid": "bd-2135947294",
    "publishedVersion": 0,
    "forkFrom": "-",
    "isSpam": 0,
    "version": 2,
    "parentVersion": 1,
    "echartsVersion": "3.5.1",
    "versionCreateTime": "2017-03-27T14:42:20.000Z",
    "html": "",
    "externalScripts": "",
    "updaterUID": "bd-2135947294",
    "theme": "default",
    "layout": "",
    "viewCount": 12405,
    "userName": "echarts",
    "commentCount": 1,
    "starCount": 17,
    "isStared": 0,
    "thumbnailURL": "https://www.makeapie.com/ecg-storage/ec_gallery_thumbnail/mix-line-bar.png?v=1490625740242",
    "isCustomThumbnail": 0,
    "builtinTags": [
        "axisPointer",
        "category-work",
        "grid",
        "legend",
        "series-bar",
        "series-line",
        "toolbox",
        "tooltip"
    ],
    "customTags": [],
    "updaterUserName": "echarts"
}