{
    "cid": "sankey-energy",
    "authorUid": "bd-2135947294",
    "authorUserName": "echarts",
    "title": "Sankey Diagram",
    "description": "桑基图",
    "latestVersion": 1,
    "alwaysLatest": 1,
    "createTime": "2016-04-25T08:59:02.000Z",
    "lastUpdateTime": "2016-04-25T08:59:02.000Z",
    "auth": 2,
    "uid": "bd-2135947294",
    "publishedVersion": 0,
    "forkFrom": "-",
    "isSpam": 0,
    "version": 1,
    "parentVersion": -1,
    "echartsVersion": "3.1.6",
    "versionCreateTime": "2016-04-25T08:59:02.000Z",
    "html": "",
    "externalScripts": "",
    "updaterUID": "bd-2135947294",
    "theme": "default",
    "layout": "",
    "viewCount": 9397,
    "userName": "echarts",
    "commentCount": 1,
    "starCount": 21,
    "isStared": 0,
    "thumbnailURL": "https://www.makeapie.com/ecg-storage/ec_gallery_thumbnail/sankey-energy.png?v=1461574743546",
    "isCustomThumbnail": 0,
    "builtinTags": [
        "category-work",
        "series-sankey",
        "title",
        "tooltip"
    ],
    "customTags": [],
    "updaterUserName": "echarts"
}