{
    "cid": "scatter-weibo",
    "authorUid": "bd-2135947294",
    "authorUserName": "echarts",
    "title": "微博签到数据点亮中国",
    "description": "大规模散点图 + 地图，From ThinkGIS",
    "latestVersion": 1,
    "alwaysLatest": 1,
    "createTime": "2016-04-25T09:00:53.000Z",
    "lastUpdateTime": "2016-04-25T09:00:53.000Z",
    "auth": 2,
    "uid": "bd-2135947294",
    "publishedVersion": 0,
    "forkFrom": "-",
    "isSpam": 0,
    "version": 1,
    "parentVersion": -1,
    "echartsVersion": "3.1.6",
    "versionCreateTime": "2016-04-25T09:00:53.000Z",
    "html": "",
    "externalScripts": "/dep/echarts/map/js/china.js",
    "updaterUID": "bd-2135947294",
    "theme": "default",
    "layout": "",
    "viewCount": 31148,
    "userName": "echarts",
    "commentCount": 13,
    "starCount": 59,
    "isStared": 0,
    "thumbnailURL": "https://www.makeapie.com/ecg-storage/ec_gallery_thumbnail/scatter-weibo.png?v=1461574859653",
    "isCustomThumbnail": 0,
    "builtinTags": [
        "category-work",
        "geo",
        "legend",
        "series-scatter",
        "title"
    ],
    "customTags": [],
    "updaterUserName": "echarts"
}