{
    "cid": "scatter-polar-punchCard",
    "authorUid": "bd-2135947294",
    "authorUserName": "echarts",
    "title": "Punch Card of Github",
    "description": "双类目轴 + 极坐标",
    "latestVersion": 1,
    "alwaysLatest": 1,
    "createTime": "2016-04-25T08:58:53.000Z",
    "lastUpdateTime": "2016-04-25T08:58:53.000Z",
    "auth": 2,
    "uid": "bd-2135947294",
    "publishedVersion": 0,
    "forkFrom": "-",
    "isSpam": 0,
    "version": 1,
    "parentVersion": -1,
    "echartsVersion": "3.1.6",
    "versionCreateTime": "2016-04-25T08:58:53.000Z",
    "html": "",
    "externalScripts": "",
    "updaterUID": "bd-2135947294",
    "theme": "default",
    "layout": "",
    "viewCount": 4593,
    "userName": "echarts",
    "commentCount": 0,
    "starCount": 21,
    "isStared": 0,
    "thumbnailURL": "https://www.makeapie.com/ecg-storage/ec_gallery_thumbnail/scatter-polar-punchCard.png?v=1461574734578",
    "isCustomThumbnail": 0,
    "builtinTags": [
        "category-work",
        "legend",
        "polar",
        "series-scatter",
        "title",
        "tooltip"
    ],
    "customTags": [],
    "updaterUserName": "echarts"
}