{
    "cid": "x-qczUfOLY",
    "authorUid": "bd-1350546970",
    "authorUserName": "前***珊",
    "title": "仪表盘",
    "description": "仪表盘",
    "latestVersion": 1,
    "alwaysLatest": 1,
    "createTime": "2018-12-11T07:14:33.000Z",
    "lastUpdateTime": "2018-12-11T07:14:33.000Z",
    "auth": 2,
    "uid": "bd-1350546970",
    "publishedVersion": 0,
    "forkFrom": "-",
    "isSpam": 0,
    "version": 1,
    "parentVersion": -1,
    "echartsVersion": "4.2.0",
    "versionCreateTime": "2018-12-11T07:14:33.000Z",
    "html": "",
    "externalScripts": "",
    "updaterUID": "bd-1350546970",
    "theme": "",
    "layout": "",
    "viewCount": 5499,
    "userName": "前***珊",
    "commentCount": 0,
    "starCount": 37,
    "isStared": 0,
    "thumbnailURL": "https://www.makeapie.com/ecg-storage/ec_gallery_thumbnail/x-qczUfOLY.png?v=1544512473705",
    "isCustomThumbnail": 0,
    "builtinTags": [
        "category-work",
        "series-gauge",
        "title"
    ],
    "customTags": [],
    "updaterUserName": "前***珊"
}