{
    "cid": "x02SGlTn1I",
    "authorUid": "bd-2956842748",
    "authorUserName": "天使第一二",
    "title": "简单折线图",
    "description": "24小时污染物趋势图",
    "latestVersion": 1,
    "alwaysLatest": 1,
    "createTime": "2018-12-11T07:40:16.000Z",
    "lastUpdateTime": "2018-12-11T07:40:16.000Z",
    "auth": 2,
    "uid": "bd-2956842748",
    "publishedVersion": 0,
    "forkFrom": "-",
    "isSpam": 0,
    "version": 1,
    "parentVersion": -1,
    "echartsVersion": "4.2.0",
    "versionCreateTime": "2018-12-11T07:40:16.000Z",
    "html": "",
    "externalScripts": "",
    "updaterUID": "bd-2956842748",
    "theme": "",
    "layout": "",
    "viewCount": 905,
    "userName": "天使第一二",
    "commentCount": 0,
    "starCount": 0,
    "isStared": 0,
    "thumbnailURL": "https://www.makeapie.com/ecg-storage/ec_gallery_thumbnail/x02SGlTn1I.png?v=1544514016725",
    "isCustomThumbnail": 0,
    "builtinTags": [
        "category-work",
        "grid",
        "series-line",
        "tooltip"
    ],
    "customTags": [],
    "updaterUserName": "天使第一二"
}