{
    "cid": "xAKm1zK_-Z",
    "authorUid": "bd-1350546970",
    "authorUserName": "前***珊",
    "title": "自定义图标线图",
    "description": "图标线图，由于用的是版本3的，所以版本4有图片不压缩的属性没有用上，参考用的是4的话可以去看文档，效果会更好。",
    "latestVersion": 1,
    "alwaysLatest": 1,
    "createTime": "2018-12-11T08:08:11.000Z",
    "lastUpdateTime": "2018-12-11T08:08:11.000Z",
    "auth": 2,
    "uid": "bd-1350546970",
    "publishedVersion": 0,
    "forkFrom": "-",
    "isSpam": 0,
    "version": 1,
    "parentVersion": -1,
    "echartsVersion": "4.2.0",
    "versionCreateTime": "2018-12-11T08:08:11.000Z",
    "html": "",
    "externalScripts": "",
    "updaterUID": "bd-1350546970",
    "theme": "",
    "layout": "",
    "viewCount": 4018,
    "userName": "前***珊",
    "commentCount": 0,
    "starCount": 19,
    "isStared": 0,
    "thumbnailURL": "https://www.makeapie.com/ecg-storage/ec_gallery_thumbnail/xAKm1zK_-Z.png?v=1544515691928",
    "isCustomThumbnail": 0,
    "builtinTags": [
        "category-work",
        "grid",
        "legend",
        "series-graph",
        "series-lines"
    ],
    "customTags": [],
    "updaterUserName": "前***珊"
}