{
    "cid": "xBAKnn7Z-v",
    "authorUid": "bd-1712231070",
    "authorUserName": "a1095676218",
    "title": "各分行占比柱状图",
    "description": "显示分行的名字、占比、总数",
    "latestVersion": 8,
    "alwaysLatest": 1,
    "createTime": "2018-12-11T08:08:41.000Z",
    "lastUpdateTime": "2018-12-11T08:08:41.000Z",
    "auth": 1,
    "uid": "bd-1712231070",
    "publishedVersion": 0,
    "forkFrom": "-",
    "isSpam": 0,
    "version": 8,
    "parentVersion": 7,
    "echartsVersion": "4.2.1",
    "versionCreateTime": "2019-07-22T06:40:06.000Z",
    "html": "",
    "externalScripts": "",
    "updaterUID": "bd-2132094589",
    "theme": "",
    "layout": "",
    "viewCount": 700,
    "userName": "a1095676218",
    "commentCount": 0,
    "starCount": 1,
    "isStared": 0,
    "thumbnailURL": "https://www.makeapie.com/ecg-storage/ec_gallery_thumbnail/xBAKnn7Z-v.png?v=1563777606861",
    "isCustomThumbnail": 0,
    "builtinTags": [
        "category-work",
        "grid",
        "series-bar",
        "title",
        "tooltip"
    ],
    "customTags": [],
    "updaterUserName": "鬼***钢"
}