{
    "cid": "xjbJPbS4IZ",
    "authorUid": "bd-1350546970",
    "authorUserName": "前***珊",
    "title": "中国境内的攻击及攻击数",
    "description": "颜色越深代表攻击数越大",
    "latestVersion": 1,
    "alwaysLatest": 1,
    "createTime": "2018-12-11T07:02:33.000Z",
    "lastUpdateTime": "2018-12-11T07:02:33.000Z",
    "auth": 2,
    "uid": "bd-1350546970",
    "publishedVersion": 0,
    "forkFrom": "-",
    "isSpam": 0,
    "version": 1,
    "parentVersion": -1,
    "echartsVersion": "4.2.0",
    "versionCreateTime": "2018-12-11T07:02:33.000Z",
    "html": "",
    "externalScripts": "/dep/echarts/map/js/china.js",
    "updaterUID": "bd-1350546970",
    "theme": "",
    "layout": "",
    "viewCount": 1388,
    "userName": "前***珊",
    "commentCount": 1,
    "starCount": 8,
    "isStared": 0,
    "thumbnailURL": "https://www.makeapie.com/ecg-storage/ec_gallery_thumbnail/xjbJPbS4IZ.png?v=1544511753406",
    "isCustomThumbnail": 0,
    "builtinTags": [
        "category-work",
        "geo",
        "series-effectScatter",
        "series-lines",
        "series-scatter",
        "tooltip",
        "visualMap"
    ],
    "customTags": [],
    "updaterUserName": "前***珊"
}