{
    "cid": "xkjCkdJj0N",
    "authorUid": "bd-1350546970",
    "authorUserName": "前***珊",
    "title": "桑基图",
    "description": "",
    "latestVersion": 2,
    "alwaysLatest": 1,
    "createTime": "2018-12-11T09:22:48.000Z",
    "lastUpdateTime": "2018-12-11T09:22:48.000Z",
    "auth": 2,
    "uid": "bd-1350546970",
    "publishedVersion": 0,
    "forkFrom": "-",
    "isSpam": 0,
    "version": 2,
    "parentVersion": 1,
    "echartsVersion": "4.2.0",
    "versionCreateTime": "2018-12-11T10:11:57.000Z",
    "html": "",
    "externalScripts": "",
    "updaterUID": "bd-1350546970",
    "theme": "",
    "layout": "",
    "viewCount": 2822,
    "userName": "前***珊",
    "commentCount": 0,
    "starCount": 16,
    "isStared": 0,
    "thumbnailURL": "https://www.makeapie.com/ecg-storage/ec_gallery_thumbnail/xkjCkdJj0N.png?v=1544523117181",
    "isCustomThumbnail": 0,
    "builtinTags": [
        "category-work",
        "series-sankey"
    ],
    "customTags": [],
    "updaterUserName": "前***珊"
}