{
    "cid": "xks3MbvHYO",
    "authorUid": "bd-1350546970",
    "authorUserName": "前***珊",
    "title": "雷达图",
    "description": "连续2个雷达图",
    "latestVersion": 2,
    "alwaysLatest": 1,
    "createTime": "2018-12-11T07:16:55.000Z",
    "lastUpdateTime": "2018-12-11T07:16:55.000Z",
    "auth": 2,
    "uid": "bd-1350546970",
    "publishedVersion": 0,
    "forkFrom": "-",
    "isSpam": 0,
    "version": 2,
    "parentVersion": 1,
    "echartsVersion": "4.2.0",
    "versionCreateTime": "2018-12-11T07:17:25.000Z",
    "html": "",
    "externalScripts": "",
    "updaterUID": "bd-1350546970",
    "theme": "",
    "layout": "",
    "viewCount": 1142,
    "userName": "前***珊",
    "commentCount": 0,
    "starCount": 9,
    "isStared": 0,
    "thumbnailURL": "https://www.makeapie.com/ecg-storage/ec_gallery_thumbnail/xks3MbvHYO.png?v=1544512645455",
    "isCustomThumbnail": 0,
    "builtinTags": [
        "category-work",
        "radar",
        "series-radar"
    ],
    "customTags": [],
    "updaterUserName": "前***珊"
}