{
    "cid": "xMReaL7tEy",
    "authorUid": "bd-1350546970",
    "authorUserName": "前***珊",
    "title": "时间轴下的圆及折线图",
    "description": "时间轴下的圆及折线图",
    "latestVersion": 1,
    "alwaysLatest": 1,
    "createTime": "2018-12-11T04:12:30.000Z",
    "lastUpdateTime": "2018-12-11T04:12:30.000Z",
    "auth": 2,
    "uid": "bd-1350546970",
    "publishedVersion": 0,
    "forkFrom": "-",
    "isSpam": 0,
    "version": 1,
    "parentVersion": -1,
    "echartsVersion": "4.2.0",
    "versionCreateTime": "2018-12-11T04:12:30.000Z",
    "html": "",
    "externalScripts": "",
    "updaterUID": "bd-1350546970",
    "theme": "",
    "layout": "",
    "viewCount": 2885,
    "userName": "前***珊",
    "commentCount": 0,
    "starCount": 31,
    "isStared": 0,
    "thumbnailURL": "https://www.makeapie.com/ecg-storage/ec_gallery_thumbnail/xMReaL7tEy.png?v=1544501550730",
    "isCustomThumbnail": 0,
    "builtinTags": [
        "category-work",
        "grid",
        "legend",
        "series-line",
        "series-pie",
        "timeline",
        "title"
    ],
    "customTags": [],
    "updaterUserName": "前***珊"
}