{
    "cid": "xqtMEoBykp",
    "authorUid": "bd-1350546970",
    "authorUserName": "前***珊",
    "title": "柱状图",
    "description": "柱状图",
    "latestVersion": 1,
    "alwaysLatest": 1,
    "createTime": "2018-12-11T09:16:38.000Z",
    "lastUpdateTime": "2018-12-11T09:16:38.000Z",
    "auth": 2,
    "uid": "bd-1350546970",
    "publishedVersion": 0,
    "forkFrom": "-",
    "isSpam": 0,
    "version": 1,
    "parentVersion": -1,
    "echartsVersion": "4.2.0",
    "versionCreateTime": "2018-12-11T09:16:38.000Z",
    "html": "",
    "externalScripts": "",
    "updaterUID": "bd-1350546970",
    "theme": "",
    "layout": "",
    "viewCount": 39,
    "userName": "前***珊",
    "commentCount": 0,
    "starCount": 1,
    "isStared": 0,
    "thumbnailURL": "https://www.makeapie.com/ecg-storage/ec_gallery_thumbnail/xqtMEoBykp.png?v=1544519799066",
    "isCustomThumbnail": 0,
    "builtinTags": [
        "category-work",
        "grid",
        "legend",
        "series-bar"
    ],
    "customTags": [],
    "updaterUserName": "前***珊"
}