{
    "cid": "xBkMg39w-X",
    "authorUid": "bd-3902108879",
    "authorUserName": "笑***天",
    "title": "sankey",
    "description": "test",
    "latestVersion": 4,
    "alwaysLatest": 1,
    "createTime": "2018-06-20T09:18:34.000Z",
    "lastUpdateTime": "2018-06-20T09:18:34.000Z",
    "auth": 2,
    "uid": "bd-3902108879",
    "publishedVersion": 0,
    "forkFrom": "-",
    "isSpam": 0,
    "version": 4,
    "parentVersion": 3,
    "echartsVersion": "4.1.0",
    "versionCreateTime": "2018-06-20T10:33:11.000Z",
    "html": "",
    "externalScripts": "",
    "updaterUID": "bd-3902108879",
    "theme": "",
    "layout": "",
    "viewCount": 641,
    "userName": "笑***天",
    "commentCount": 0,
    "starCount": 1,
    "isStared": 0,
    "thumbnailURL": "https://www.makeapie.com/ecg-storage/ec_gallery_thumbnail/xBkMg39w-X.png?v=1529490791694",
    "isCustomThumbnail": 0,
    "builtinTags": [
        "category-work",
        "series-sankey",
        "title",
        "tooltip"
    ],
    "customTags": [],
    "updaterUserName": "笑***天"
}