{
    "cid": "xHkKCQmUZX",
    "authorUid": "bd-2640544051",
    "authorUserName": "魔都大侠",
    "title": "ryfb",
    "description": "纯属虚构",
    "latestVersion": 4,
    "alwaysLatest": 1,
    "createTime": "2018-06-19T06:33:53.000Z",
    "lastUpdateTime": "2018-06-19T06:33:53.000Z",
    "auth": 2,
    "uid": "bd-2640544051",
    "publishedVersion": 0,
    "forkFrom": "-",
    "isSpam": 0,
    "version": 4,
    "parentVersion": 3,
    "echartsVersion": "4.1.0",
    "versionCreateTime": "2018-06-19T06:56:03.000Z",
    "html": "",
    "externalScripts": "",
    "updaterUID": "bd-2640544051",
    "theme": "",
    "layout": "",
    "viewCount": 87,
    "userName": "魔都大侠",
    "commentCount": 0,
    "starCount": 0,
    "isStared": 0,
    "thumbnailURL": "https://www.makeapie.com/ecg-storage/ec_gallery_thumbnail/xHkKCQmUZX.png?v=1529391363963",
    "isCustomThumbnail": 0,
    "builtinTags": [
        "category-work",
        "legend",
        "series-pie",
        "title",
        "toolbox",
        "tooltip"
    ],
    "customTags": [],
    "updaterUserName": "魔都大侠"
}