{
    "cid": "xr1hkiuL-m",
    "authorUid": "bd-2047998696",
    "authorUserName": "865948985",
    "title": "一张图中绘制多个饼图或多个条形图",
    "description": "一个option就是一块空白区，一块空白区的series表示画多少个图，画什么样的图。\n\nseries:[{图1},{图2},……,{图n}]\n\n图的属性可以自定义，圆心 center: [横坐标,纵坐标]",
    "latestVersion": 2,
    "alwaysLatest": 1,
    "createTime": "2018-06-19T12:45:24.000Z",
    "lastUpdateTime": "2018-06-19T12:45:24.000Z",
    "auth": 1,
    "uid": "bd-2047998696",
    "publishedVersion": 0,
    "forkFrom": "-",
    "isSpam": 0,
    "version": 2,
    "parentVersion": 1,
    "echartsVersion": "4.1.0",
    "versionCreateTime": "2018-06-19T12:45:42.000Z",
    "html": "",
    "externalScripts": "",
    "updaterUID": "bd-2047998696",
    "theme": "",
    "layout": "",
    "viewCount": 118,
    "userName": "865948985",
    "commentCount": 0,
    "starCount": 1,
    "isStared": 0,
    "thumbnailURL": "https://www.makeapie.com/ecg-storage/ec_gallery_thumbnail/xr1hkiuL-m.png?v=1529412342372",
    "isCustomThumbnail": 0,
    "builtinTags": [
        "category-work",
        "legend",
        "series-pie",
        "title",
        "tooltip"
    ],
    "customTags": [],
    "updaterUserName": "865948985"
}