{
    "cid": "xrkcIBqdW7",
    "authorUid": "bd-2937483254",
    "authorUserName": "xbdbdd",
    "title": "各区地方一般公共预算收入完成情况(总量)",
    "description": "扯淡的事情一件接一件",
    "latestVersion": 9,
    "alwaysLatest": 1,
    "createTime": "2018-06-21T03:02:42.000Z",
    "lastUpdateTime": "2018-06-21T03:02:42.000Z",
    "auth": 2,
    "uid": "bd-2937483254",
    "publishedVersion": 0,
    "forkFrom": "-",
    "isSpam": 0,
    "version": 9,
    "parentVersion": 8,
    "echartsVersion": "4.1.0",
    "versionCreateTime": "2018-06-21T09:33:50.000Z",
    "html": "",
    "externalScripts": "",
    "updaterUID": "bd-2937483254",
    "theme": "",
    "layout": "",
    "viewCount": 167,
    "userName": "xbdbdd",
    "commentCount": 0,
    "starCount": 1,
    "isStared": 0,
    "thumbnailURL": "https://www.makeapie.com/ecg-storage/ec_gallery_thumbnail/xrkcIBqdW7.png?v=1529573630627",
    "isCustomThumbnail": 0,
    "builtinTags": [
        "category-work",
        "grid",
        "legend",
        "series-bar",
        "title",
        "toolbox",
        "tooltip"
    ],
    "customTags": [],
    "updaterUserName": "xbdbdd"
}