{
    "cid": "xryzi2e8bQ",
    "authorUid": "bd-2640544051",
    "authorUserName": "魔都大侠",
    "title": "gjfb",
    "description": "",
    "latestVersion": 2,
    "alwaysLatest": 1,
    "createTime": "2018-06-19T03:46:34.000Z",
    "lastUpdateTime": "2018-06-19T03:46:34.000Z",
    "auth": 2,
    "uid": "bd-2640544051",
    "publishedVersion": 0,
    "forkFrom": "-",
    "isSpam": 0,
    "version": 2,
    "parentVersion": 1,
    "echartsVersion": "4.1.0",
    "versionCreateTime": "2018-06-19T06:14:24.000Z",
    "html": "",
    "externalScripts": "",
    "updaterUID": "bd-2640544051",
    "theme": "",
    "layout": "",
    "viewCount": 61,
    "userName": "魔都大侠",
    "commentCount": 0,
    "starCount": 0,
    "isStared": 0,
    "thumbnailURL": "https://www.makeapie.com/ecg-storage/ec_gallery_thumbnail/xryzi2e8bQ.png?v=1529388864519",
    "isCustomThumbnail": 0,
    "builtinTags": [
        "category-work",
        "grid",
        "legend",
        "series-bar",
        "tooltip"
    ],
    "customTags": [],
    "updaterUserName": "魔都大侠"
}