{
    "cid": "xS14PhKv-Q",
    "authorUid": "bd-673502109",
    "authorUserName": "ly6158bd",
    "title": "三维散点",
    "description": "",
    "latestVersion": 1,
    "alwaysLatest": 1,
    "createTime": "2018-06-20T08:12:11.000Z",
    "lastUpdateTime": "2018-06-20T08:12:11.000Z",
    "auth": 2,
    "uid": "bd-673502109",
    "publishedVersion": 0,
    "forkFrom": "-",
    "isSpam": 0,
    "version": 1,
    "parentVersion": -1,
    "echartsVersion": "4.1.0",
    "versionCreateTime": "2018-06-20T08:12:11.000Z",
    "html": "",
    "externalScripts": "http://echarts.baidu.com/dist/echarts-gl.js",
    "updaterUID": "bd-673502109",
    "theme": "",
    "layout": "",
    "viewCount": 683,
    "userName": "ly6158bd",
    "commentCount": 0,
    "starCount": 3,
    "isStared": 0,
    "thumbnailURL": "https://www.makeapie.com/ecg-storage/ec_gallery_thumbnail/xS14PhKv-Q.png?v=1529482331874",
    "isCustomThumbnail": 1,
    "builtinTags": [
        "category-work",
        "grid3D",
        "series-scatter3D",
        "visualMap"
    ],
    "customTags": [],
    "updaterUserName": "ly6158bd"
}