{
    "cid": "xS1jF1jyZm",
    "authorUid": "bd-3493513353",
    "authorUserName": "兔子林_Grace",
    "title": "双向条形图",
    "description": "",
    "latestVersion": 5,
    "alwaysLatest": 1,
    "createTime": "2018-06-14T07:55:47.000Z",
    "lastUpdateTime": "2018-06-14T07:55:47.000Z",
    "auth": 2,
    "uid": "bd-3493513353",
    "publishedVersion": 0,
    "forkFrom": "-",
    "isSpam": 0,
    "version": 5,
    "parentVersion": 4,
    "echartsVersion": "4.1.0",
    "versionCreateTime": "2018-06-14T08:56:45.000Z",
    "html": "",
    "externalScripts": "",
    "updaterUID": "bd-3493513353",
    "theme": "",
    "layout": "",
    "viewCount": 4000,
    "userName": "兔子林_Grace",
    "commentCount": 0,
    "starCount": 11,
    "isStared": 0,
    "thumbnailURL": "https://www.makeapie.com/ecg-storage/ec_gallery_thumbnail/xS1jF1jyZm.png?v=1528966605504",
    "isCustomThumbnail": 0,
    "builtinTags": [
        "category-work",
        "grid",
        "legend",
        "series-bar",
        "tooltip"
    ],
    "customTags": [],
    "updaterUserName": "兔子林_Grace"
}