{
    "cid": "xS1lJyjdbX",
    "authorUid": "bd-2735669693",
    "authorUserName": "B***r",
    "title": "雷达图例子",
    "description": "",
    "latestVersion": 1,
    "alwaysLatest": 1,
    "createTime": "2018-06-21T03:43:20.000Z",
    "lastUpdateTime": "2018-06-21T03:43:20.000Z",
    "auth": 2,
    "uid": "bd-2735669693",
    "publishedVersion": 0,
    "forkFrom": "-",
    "isSpam": 0,
    "version": 1,
    "parentVersion": -1,
    "echartsVersion": "4.1.0",
    "versionCreateTime": "2018-06-21T03:43:20.000Z",
    "html": "",
    "externalScripts": "",
    "updaterUID": "bd-2735669693",
    "theme": "",
    "layout": "",
    "viewCount": 129,
    "userName": "B***r",
    "commentCount": 0,
    "starCount": 0,
    "isStared": 0,
    "thumbnailURL": "https://www.makeapie.com/ecg-storage/ec_gallery_thumbnail/xS1lJyjdbX.png?v=1529552600642",
    "isCustomThumbnail": 0,
    "builtinTags": [
        "category-work",
        "legend",
        "radar",
        "series-radar",
        "title",
        "tooltip"
    ],
    "customTags": [],
    "updaterUserName": "B***r"
}