{
    "cid": "xS1zti_0xX",
    "authorUid": "bd-1191423521",
    "authorUserName": "lenovolhl",
    "title": "Awesome Chart",
    "description": "graph图表拖拽",
    "latestVersion": 7,
    "alwaysLatest": 1,
    "createTime": "2018-06-13T11:09:46.000Z",
    "lastUpdateTime": "2018-06-13T11:09:46.000Z",
    "auth": 1,
    "uid": "bd-1191423521",
    "publishedVersion": 0,
    "forkFrom": "-",
    "isSpam": 0,
    "version": 7,
    "parentVersion": 6,
    "echartsVersion": "4.4.0",
    "versionCreateTime": "2020-03-22T17:58:47.000Z",
    "html": "",
    "externalScripts": "",
    "updaterUID": "bd-772114028",
    "theme": "",
    "layout": "",
    "viewCount": 373,
    "userName": "lenovolhl",
    "commentCount": 2,
    "starCount": 2,
    "isStared": 0,
    "thumbnailURL": "https://www.makeapie.com/ecg-storage/ec_gallery_thumbnail/xS1zti_0xX.png?v=1584899927132",
    "isCustomThumbnail": 0,
    "builtinTags": [
        "category-work",
        "graphic",
        "series-gauge",
        "series-graph",
        "tooltip"
    ],
    "customTags": [],
    "updaterUserName": "f***j"
}