{
    "cid": "xSJpG6JLb7",
    "authorUid": "bd-673502109",
    "authorUserName": "ly6158bd",
    "title": "块状进度条1",
    "description": "",
    "latestVersion": 1,
    "alwaysLatest": 1,
    "createTime": "2018-06-19T02:40:20.000Z",
    "lastUpdateTime": "2018-06-19T02:40:20.000Z",
    "auth": 2,
    "uid": "bd-673502109",
    "publishedVersion": 0,
    "forkFrom": "-",
    "isSpam": 0,
    "version": 1,
    "parentVersion": -1,
    "echartsVersion": "4.1.0",
    "versionCreateTime": "2018-06-19T02:40:20.000Z",
    "html": "",
    "externalScripts": "",
    "updaterUID": "bd-673502109",
    "theme": "",
    "layout": "",
    "viewCount": 240,
    "userName": "ly6158bd",
    "commentCount": 0,
    "starCount": 2,
    "isStared": 0,
    "thumbnailURL": "https://www.makeapie.com/ecg-storage/ec_gallery_thumbnail/xSJpG6JLb7.png?v=1529376020648",
    "isCustomThumbnail": 0,
    "builtinTags": [
        "category-work",
        "grid",
        "series-pictorialBar"
    ],
    "customTags": [],
    "updaterUserName": "ly6158bd"
}