{
    "cid": "xSkqaRBvWm",
    "authorUid": "bd-33629441",
    "authorUserName": "6***4",
    "title": "出货量占比",
    "description": "",
    "latestVersion": 2,
    "alwaysLatest": 1,
    "createTime": "2018-06-20T03:49:21.000Z",
    "lastUpdateTime": "2018-06-20T03:49:21.000Z",
    "auth": 1,
    "uid": "bd-33629441",
    "publishedVersion": 0,
    "forkFrom": "-",
    "isSpam": 0,
    "version": 2,
    "parentVersion": 1,
    "echartsVersion": "4.1.0",
    "versionCreateTime": "2018-06-20T05:38:50.000Z",
    "html": "",
    "externalScripts": "",
    "updaterUID": "bd-33629441",
    "theme": "",
    "layout": "",
    "viewCount": 221,
    "userName": "6***4",
    "commentCount": 0,
    "starCount": 3,
    "isStared": 0,
    "thumbnailURL": "https://www.makeapie.com/ecg-storage/ec_gallery_thumbnail/xSkqaRBvWm.png?v=1529473130608",
    "isCustomThumbnail": 0,
    "builtinTags": [
        "category-work",
        "dataZoom",
        "grid",
        "legend",
        "series-bar",
        "series-line",
        "tooltip"
    ],
    "customTags": [],
    "updaterUserName": "6***4"
}