{
    "cid": "x1k8fiZnql",
    "authorUid": "bd-3244135873",
    "authorUserName": "金***1",
    "title": "时间轴",
    "description": "模拟视频时间轴，自动播放，可定位播放时间",
    "latestVersion": 7,
    "alwaysLatest": 0,
    "createTime": "2021-11-05T01:25:03.000Z",
    "lastUpdateTime": "2021-11-09T01:11:24.000Z",
    "auth": 2,
    "uid": "bd-3244135873",
    "publishedVersion": 0,
    "forkFrom": "-",
    "isSpam": 0,
    "version": 7,
    "parentVersion": 6,
    "echartsVersion": "5.2.2",
    "versionCreateTime": "2021-11-09T01:11:24.000Z",
    "html": "",
    "externalScripts": "",
    "updaterUID": "bd-3244135873",
    "theme": "",
    "layout": "",
    "viewCount": 0,
    "userName": "金***1",
    "commentCount": 0,
    "starCount": 1,
    "isStared": 0,
    "thumbnailURL": "https://www.makeapie.com/ecg-storage/ec_gallery_thumbnail/x1k8fiZnql.png?v=1636420284121",
    "isCustomThumbnail": 0,
    "builtinTags": [
        "category-work",
        "dataZoom",
        "grid",
        "series-line",
        "toolbox",
        "tooltip"
    ],
    "customTags": [],
    "updaterUserName": "金***1"
}