{
    "cid": "x739fS_8mO",
    "authorUid": "obd-oMZboHfkOCO8vSHtpa3iJelPGV7_-2j",
    "authorUserName": "距***离",
    "title": "简单line",
    "description": "",
    "latestVersion": 5,
    "alwaysLatest": 0,
    "createTime": "2021-11-04T07:27:59.000Z",
    "lastUpdateTime": "2021-12-08T05:23:43.000Z",
    "auth": 2,
    "uid": "obd-oMZboHfkOCO8vSHtpa3iJelPGV7_-2j",
    "publishedVersion": 0,
    "forkFrom": "-",
    "isSpam": 0,
    "version": 5,
    "parentVersion": 4,
    "echartsVersion": "4.2.1",
    "versionCreateTime": "2021-12-08T05:23:43.000Z",
    "html": "",
    "externalScripts": "",
    "updaterUID": "obd-oMZboHfkOCO8vSHtpa3iJelPGV7_-2j",
    "theme": "",
    "layout": "",
    "viewCount": 0,
    "userName": "距***离",
    "commentCount": 0,
    "starCount": 0,
    "isStared": 0,
    "thumbnailURL": "https://www.makeapie.com/ecg-storage/ec_gallery_thumbnail/x739fS_8mO.png?v=1638941023453",
    "isCustomThumbnail": 0,
    "builtinTags": [
        "category-work",
        "grid",
        "markLine",
        "series-line"
    ],
    "customTags": [],
    "updaterUserName": "距***离"
}