{
    "cid": "xa4Ff5O8g6",
    "authorUid": "obd-oEV7GQDl8UnBj5tFWjhOczXdiZo3A4b",
    "authorUserName": "w***5",
    "title": "双柱对比图",
    "description": "双柱对比图，有最大值",
    "latestVersion": 2,
    "alwaysLatest": 0,
    "createTime": "2021-11-04T08:52:21.000Z",
    "lastUpdateTime": "2021-11-05T02:30:02.000Z",
    "auth": 2,
    "uid": "obd-oEV7GQDl8UnBj5tFWjhOczXdiZo3A4b",
    "publishedVersion": 0,
    "forkFrom": "-",
    "isSpam": 0,
    "version": 2,
    "parentVersion": 1,
    "echartsVersion": "5.2.2",
    "versionCreateTime": "2021-11-05T02:30:02.000Z",
    "html": "",
    "externalScripts": "",
    "updaterUID": "obd-oEV7GQDl8UnBj5tFWjhOczXdiZo3A4b",
    "theme": "",
    "layout": "",
    "viewCount": 0,
    "userName": "w***5",
    "commentCount": 0,
    "starCount": 1,
    "isStared": 0,
    "thumbnailURL": "https://www.makeapie.com/ecg-storage/ec_gallery_thumbnail/xa4Ff5O8g6.png?v=1636079402159",
    "isCustomThumbnail": 0,
    "builtinTags": [
        "category-work",
        "grid",
        "series-bar"
    ],
    "customTags": [],
    "updaterUserName": "w***5"
}