{
    "cid": "xeP9uQB7Ef",
    "authorUid": "obd-oFywptkEIrHehDWzFTwdTeoMl71Zx5M",
    "authorUserName": "夜***铃",
    "title": "MD5 benchmark",
    "description": "",
    "latestVersion": 1,
    "alwaysLatest": 0,
    "createTime": "2021-11-05T03:58:28.000Z",
    "lastUpdateTime": "2021-11-05T03:58:28.000Z",
    "auth": 2,
    "uid": "obd-oFywptkEIrHehDWzFTwdTeoMl71Zx5M",
    "publishedVersion": 0,
    "forkFrom": "-",
    "isSpam": 0,
    "version": 1,
    "parentVersion": -1,
    "echartsVersion": "5.2.2",
    "versionCreateTime": "2021-11-05T03:58:28.000Z",
    "html": "",
    "externalScripts": "",
    "updaterUID": "obd-oFywptkEIrHehDWzFTwdTeoMl71Zx5M",
    "theme": "",
    "layout": "",
    "viewCount": 0,
    "userName": "夜***铃",
    "commentCount": 0,
    "starCount": 0,
    "isStared": 0,
    "thumbnailURL": "https://www.makeapie.com/ecg-storage/ec_gallery_thumbnail/xeP9uQB7Ef.png?v=1636084708225",
    "isCustomThumbnail": 0,
    "builtinTags": [
        "category-work",
        "grid",
        "legend",
        "series-line",
        "tooltip"
    ],
    "customTags": [],
    "updaterUserName": "夜***铃"
}