{
    "cid": "xFeDuUqMMI",
    "authorUid": "obd-o2Ddhxs8w2CRgTDIeNePRpfCS3stZBY",
    "authorUserName": "彭***6",
    "title": "",
    "description": "",
    "latestVersion": 2,
    "alwaysLatest": 0,
    "createTime": "2021-11-04T08:00:19.000Z",
    "lastUpdateTime": "2021-11-04T08:01:47.000Z",
    "auth": 2,
    "uid": "obd-o2Ddhxs8w2CRgTDIeNePRpfCS3stZBY",
    "publishedVersion": 0,
    "forkFrom": "-",
    "isSpam": 0,
    "version": 2,
    "parentVersion": 1,
    "echartsVersion": "4.9.0",
    "versionCreateTime": "2021-11-04T08:01:47.000Z",
    "html": "",
    "externalScripts": "",
    "updaterUID": "obd-o2Ddhxs8w2CRgTDIeNePRpfCS3stZBY",
    "theme": "",
    "layout": "",
    "viewCount": 0,
    "userName": "彭***6",
    "commentCount": 0,
    "starCount": 0,
    "isStared": 0,
    "thumbnailURL": "https://www.makeapie.com/ecg-storage/ec_gallery_thumbnail/xFeDuUqMMI.png?v=1636012907933",
    "isCustomThumbnail": 0,
    "builtinTags": [
        "category-work",
        "grid",
        "series-graph",
        "series-lines",
        "tooltip"
    ],
    "customTags": [],
    "updaterUserName": "彭***6"
}