{
    "cid": "xFF3w_BlH7",
    "authorUid": "obd-o2LLJPRTsiIFp2a09fgEtZElvB5DI6A",
    "authorUserName": "戴***炜",
    "title": "中国各省份私家汽车拥有量",
    "description": "",
    "latestVersion": 3,
    "alwaysLatest": 0,
    "createTime": "2021-11-04T06:30:25.000Z",
    "lastUpdateTime": "2021-11-04T06:47:15.000Z",
    "auth": 2,
    "uid": "obd-o2LLJPRTsiIFp2a09fgEtZElvB5DI6A",
    "publishedVersion": 0,
    "forkFrom": "-",
    "isSpam": 0,
    "version": 3,
    "parentVersion": 1,
    "echartsVersion": "5.2.2",
    "versionCreateTime": "2021-11-04T06:47:15.000Z",
    "html": "",
    "externalScripts": "/dep/echarts/map/js/china.js",
    "updaterUID": "obd-o2LLJPRTsiIFp2a09fgEtZElvB5DI6A",
    "theme": "",
    "layout": "",
    "viewCount": 0,
    "userName": "戴***炜",
    "commentCount": 0,
    "starCount": 1,
    "isStared": 0,
    "thumbnailURL": "https://www.makeapie.com/ecg-storage/ec_gallery_thumbnail/xFF3w_BlH7.png?v=1636008436075",
    "isCustomThumbnail": 0,
    "builtinTags": [
        "category-work",
        "geo",
        "series-effectScatter",
        "series-map",
        "series-scatter",
        "title",
        "tooltip",
        "visualMap"
    ],
    "customTags": [],
    "updaterUserName": "戴***炜"
}