{
    "cid": "xhoLeUB6Cw",
    "authorUid": "obd-oj4TR4ZUzAeNKdTnuNJ7lR_jG_5fSD2",
    "authorUserName": "q***9",
    "title": "进度条",
    "description": "",
    "latestVersion": 6,
    "alwaysLatest": 0,
    "createTime": "2021-11-05T03:53:04.000Z",
    "lastUpdateTime": "2021-11-05T09:41:19.000Z",
    "auth": 2,
    "uid": "obd-oj4TR4ZUzAeNKdTnuNJ7lR_jG_5fSD2",
    "publishedVersion": 0,
    "forkFrom": "-",
    "isSpam": 0,
    "version": 6,
    "parentVersion": 5,
    "echartsVersion": "5.2.2",
    "versionCreateTime": "2021-11-05T09:41:19.000Z",
    "html": "",
    "externalScripts": "",
    "updaterUID": "obd-oj4TR4ZUzAeNKdTnuNJ7lR_jG_5fSD2",
    "theme": "",
    "layout": "",
    "viewCount": 0,
    "userName": "q***9",
    "commentCount": 0,
    "starCount": 1,
    "isStared": 0,
    "thumbnailURL": "https://www.makeapie.com/ecg-storage/ec_gallery_thumbnail/xhoLeUB6Cw.png?v=1636105279840",
    "isCustomThumbnail": 0,
    "builtinTags": [
        "category-work",
        "grid",
        "legend",
        "series-bar",
        "tooltip"
    ],
    "customTags": [],
    "updaterUserName": "q***9"
}