{
    "cid": "xI4TJgZlI-",
    "authorUid": "bd-540836030",
    "authorUserName": "霸***y",
    "title": "环形图",
    "description": "极坐标+柱状图配置+饼图形态",
    "latestVersion": 6,
    "alwaysLatest": 1,
    "createTime": "2021-11-04T08:09:57.000Z",
    "lastUpdateTime": "2021-11-05T07:16:05.000Z",
    "auth": 2,
    "uid": "bd-540836030",
    "publishedVersion": 0,
    "forkFrom": "-",
    "isSpam": 0,
    "version": 6,
    "parentVersion": 5,
    "echartsVersion": "5.2.2",
    "versionCreateTime": "2021-11-05T07:16:05.000Z",
    "html": "",
    "externalScripts": "",
    "updaterUID": "bd-540836030",
    "theme": "",
    "layout": "",
    "viewCount": 0,
    "userName": "霸***y",
    "commentCount": 0,
    "starCount": 0,
    "isStared": 0,
    "thumbnailURL": "https://www.makeapie.com/ecg-storage/ec_gallery_thumbnail/xI4TJgZlI-.png?v=1636096565575",
    "isCustomThumbnail": 0,
    "builtinTags": [
        "category-work",
        "polar",
        "series-bar"
    ],
    "customTags": [
        "极坐标",
        "柱状图",
        "环形",
        "饼图"
    ],
    "updaterUserName": "霸***y"
}