{
    "cid": "xJJBaDFCO5",
    "authorUid": "obd-oj4TR4ZUzAeNKdTnuNJ7lR_jG_5fSD2",
    "authorUserName": "q***9",
    "title": "横向标尺",
    "description": "",
    "latestVersion": 5,
    "alwaysLatest": 0,
    "createTime": "2021-11-04T06:28:43.000Z",
    "lastUpdateTime": "2021-11-04T14:42:51.000Z",
    "auth": 2,
    "uid": "obd-oj4TR4ZUzAeNKdTnuNJ7lR_jG_5fSD2",
    "publishedVersion": 0,
    "forkFrom": "-",
    "isSpam": 0,
    "version": 5,
    "parentVersion": 4,
    "echartsVersion": "5.2.2",
    "versionCreateTime": "2021-11-04T14:42:51.000Z",
    "html": "",
    "externalScripts": "",
    "updaterUID": "obd-oj4TR4ZUzAeNKdTnuNJ7lR_jG_5fSD2",
    "theme": "",
    "layout": "",
    "viewCount": 0,
    "userName": "q***9",
    "commentCount": 0,
    "starCount": 2,
    "isStared": 0,
    "thumbnailURL": "https://www.makeapie.com/ecg-storage/ec_gallery_thumbnail/xJJBaDFCO5.png?v=1636036971855",
    "isCustomThumbnail": 0,
    "builtinTags": [
        "category-work",
        "grid",
        "series-bar"
    ],
    "customTags": [],
    "updaterUserName": "q***9"
}