{
    "cid": "xjQqeCiPyj",
    "authorUid": "obd-o2tTFxTbU03Zv9r1ID53336yheSPF6d",
    "authorUserName": "187*****097",
    "title": "安徽省各市GDP历年变化",
    "description": "",
    "latestVersion": 3,
    "alwaysLatest": 0,
    "createTime": "2021-11-04T01:44:15.000Z",
    "lastUpdateTime": "2021-11-04T02:03:50.000Z",
    "auth": 1,
    "uid": "obd-o2tTFxTbU03Zv9r1ID53336yheSPF6d",
    "publishedVersion": 0,
    "forkFrom": "-",
    "isSpam": 0,
    "version": 3,
    "parentVersion": 2,
    "echartsVersion": "5.2.2",
    "versionCreateTime": "2021-11-04T02:03:50.000Z",
    "html": "",
    "externalScripts": "",
    "updaterUID": "obd-o2tTFxTbU03Zv9r1ID53336yheSPF6d",
    "theme": "",
    "layout": "",
    "viewCount": 0,
    "userName": "187*****097",
    "commentCount": 0,
    "starCount": 1,
    "isStared": 0,
    "thumbnailURL": "https://www.makeapie.com/ecg-storage/ec_gallery_thumbnail/xjQqeCiPyj.png?v=1635991430439",
    "isCustomThumbnail": 0,
    "builtinTags": [
        "category-work",
        "geo",
        "grid",
        "series-bar",
        "series-effectScatter",
        "series-map",
        "series-scatter",
        "timeline",
        "title",
        "tooltip",
        "visualMap"
    ],
    "customTags": [],
    "updaterUserName": "187*****097"
}