{
    "cid": "xkcuTEU-ED",
    "authorUid": "obd-oPb-br8qMzQ5Rn0Wo-QZxwFVi5hNl9i",
    "authorUserName": "我***解",
    "title": "条形图排序涨幅",
    "description": "涨幅",
    "latestVersion": 2,
    "alwaysLatest": 0,
    "createTime": "2021-11-05T03:15:41.000Z",
    "lastUpdateTime": "2021-11-05T03:16:17.000Z",
    "auth": 1,
    "uid": "obd-oPb-br8qMzQ5Rn0Wo-QZxwFVi5hNl9i",
    "publishedVersion": 0,
    "forkFrom": "-",
    "isSpam": 0,
    "version": 2,
    "parentVersion": 1,
    "echartsVersion": "5.2.2",
    "versionCreateTime": "2021-11-05T03:16:17.000Z",
    "html": "",
    "externalScripts": "",
    "updaterUID": "obd-oPb-br8qMzQ5Rn0Wo-QZxwFVi5hNl9i",
    "theme": "",
    "layout": "",
    "viewCount": 0,
    "userName": "我***解",
    "commentCount": 0,
    "starCount": 0,
    "isStared": 0,
    "thumbnailURL": "https://www.makeapie.com/ecg-storage/ec_gallery_thumbnail/xkcuTEU-ED.png?v=1636082177574",
    "isCustomThumbnail": 0,
    "builtinTags": [
        "category-work",
        "grid",
        "legend",
        "series-bar",
        "tooltip"
    ],
    "customTags": [
        "bar"
    ],
    "updaterUserName": "我***解"
}