{
    "cid": "xlYxrOM_Zz",
    "authorUid": "bd-540836030",
    "authorUserName": "霸***y",
    "title": "圆环饼图",
    "description": "圆环饼图，一层压一层实现",
    "latestVersion": 2,
    "alwaysLatest": 0,
    "createTime": "2021-11-04T02:43:52.000Z",
    "lastUpdateTime": "2021-11-04T08:50:27.000Z",
    "auth": 2,
    "uid": "bd-540836030",
    "publishedVersion": 0,
    "forkFrom": "-",
    "isSpam": 0,
    "version": 2,
    "parentVersion": 1,
    "echartsVersion": "5.2.2",
    "versionCreateTime": "2021-11-04T08:50:27.000Z",
    "html": "",
    "externalScripts": "",
    "updaterUID": "bd-540836030",
    "theme": "",
    "layout": "",
    "viewCount": 0,
    "userName": "霸***y",
    "commentCount": 0,
    "starCount": 0,
    "isStared": 0,
    "thumbnailURL": "https://www.makeapie.com/ecg-storage/ec_gallery_thumbnail/xlYxrOM_Zz.png?v=1636015827950",
    "isCustomThumbnail": 0,
    "builtinTags": [
        "category-work",
        "legend",
        "polar",
        "series-bar",
        "toolbox",
        "tooltip"
    ],
    "customTags": [
        "圆环",
        "饼图"
    ],
    "updaterUserName": "霸***y"
}