{
    "cid": "xTNwrPA4Bq",
    "authorUid": "obd-oNx2qKLSxfvZBZsfohNlDKOHKgKmGCi",
    "authorUserName": "严***5",
    "title": "立体柱状图",
    "description": "",
    "latestVersion": 1,
    "alwaysLatest": 1,
    "createTime": "2021-11-04T02:57:39.000Z",
    "lastUpdateTime": "2021-11-04T02:57:39.000Z",
    "auth": 2,
    "uid": "obd-oNx2qKLSxfvZBZsfohNlDKOHKgKmGCi",
    "publishedVersion": 0,
    "forkFrom": "-",
    "isSpam": 0,
    "version": 1,
    "parentVersion": -1,
    "echartsVersion": "5.2.2",
    "versionCreateTime": "2021-11-04T02:57:39.000Z",
    "html": "",
    "externalScripts": "",
    "updaterUID": "obd-oNx2qKLSxfvZBZsfohNlDKOHKgKmGCi",
    "theme": "",
    "layout": "",
    "viewCount": 0,
    "userName": "严***5",
    "commentCount": 0,
    "starCount": 1,
    "isStared": 0,
    "thumbnailURL": "https://www.makeapie.com/ecg-storage/ec_gallery_thumbnail/xTNwrPA4Bq.png?v=1635994659968",
    "isCustomThumbnail": 0,
    "builtinTags": [
        "category-work",
        "grid",
        "series-bar",
        "series-pictorialBar"
    ],
    "customTags": [],
    "updaterUserName": "严***5"
}