{
    "cid": "xuXuRH8ZSw",
    "authorUid": "bd-540836030",
    "authorUserName": "霸***y",
    "title": "横向柱状图",
    "description": "横向柱状图",
    "latestVersion": 5,
    "alwaysLatest": 0,
    "createTime": "2021-11-04T10:58:25.000Z",
    "lastUpdateTime": "2021-11-05T07:03:05.000Z",
    "auth": 2,
    "uid": "bd-540836030",
    "publishedVersion": 0,
    "forkFrom": "-",
    "isSpam": 0,
    "version": 5,
    "parentVersion": 4,
    "echartsVersion": "5.2.2",
    "versionCreateTime": "2021-11-05T07:03:05.000Z",
    "html": "",
    "externalScripts": "",
    "updaterUID": "bd-540836030",
    "theme": "",
    "layout": "",
    "viewCount": 0,
    "userName": "霸***y",
    "commentCount": 0,
    "starCount": 1,
    "isStared": 0,
    "thumbnailURL": "https://www.makeapie.com/ecg-storage/ec_gallery_thumbnail/xuXuRH8ZSw.png?v=1636095785236",
    "isCustomThumbnail": 0,
    "builtinTags": [
        "category-work",
        "grid",
        "series-bar",
        "tooltip"
    ],
    "customTags": [
        "柱状图",
        "横"
    ],
    "updaterUserName": "霸***y"
}