{
    "cid": "xVsND-5KUf",
    "authorUid": "obd-o-1zI7rdBxP6n8aGB69kgIdgL0iEJAa",
    "authorUserName": "穻***",
    "title": "水质监测",
    "description": "",
    "latestVersion": 2,
    "alwaysLatest": 0,
    "createTime": "2021-11-05T03:29:52.000Z",
    "lastUpdateTime": "2021-11-05T03:39:50.000Z",
    "auth": 2,
    "uid": "obd-o-1zI7rdBxP6n8aGB69kgIdgL0iEJAa",
    "publishedVersion": 0,
    "forkFrom": "-",
    "isSpam": 0,
    "version": 2,
    "parentVersion": 1,
    "echartsVersion": "4.9.0",
    "versionCreateTime": "2021-11-05T03:39:50.000Z",
    "html": "",
    "externalScripts": "",
    "updaterUID": "obd-o-1zI7rdBxP6n8aGB69kgIdgL0iEJAa",
    "theme": "",
    "layout": "",
    "viewCount": 0,
    "userName": "穻***",
    "commentCount": 0,
    "starCount": 7,
    "isStared": 0,
    "thumbnailURL": "https://www.makeapie.com/ecg-storage/ec_gallery_thumbnail/xVsND-5KUf.png?v=1636083590975",
    "isCustomThumbnail": 0,
    "builtinTags": [
        "category-work",
        "graphic",
        "series-pie",
        "title",
        "toolbox",
        "tooltip"
    ],
    "customTags": [],
    "updaterUserName": "穻***"
}