{
    "cid": "xVzwcKbR2Q",
    "authorUid": "obd-ojgTs_jdAA-jsHdwfk15r7p6NNzmTDK",
    "authorUserName": "一***心",
    "title": "动态图表一",
    "description": "",
    "latestVersion": 3,
    "alwaysLatest": 0,
    "createTime": "2021-11-05T03:12:50.000Z",
    "lastUpdateTime": "2021-11-05T07:35:19.000Z",
    "auth": 2,
    "uid": "obd-ojgTs_jdAA-jsHdwfk15r7p6NNzmTDK",
    "publishedVersion": 0,
    "forkFrom": "-",
    "isSpam": 0,
    "version": 3,
    "parentVersion": 2,
    "echartsVersion": "5.2.2",
    "versionCreateTime": "2021-11-05T07:35:19.000Z",
    "html": "",
    "externalScripts": "",
    "updaterUID": "obd-ojgTs_jdAA-jsHdwfk15r7p6NNzmTDK",
    "theme": "default",
    "layout": "",
    "viewCount": 0,
    "userName": "一***心",
    "commentCount": 0,
    "starCount": 0,
    "isStared": 0,
    "thumbnailURL": "https://www.makeapie.com/ecg-storage/ec_gallery_thumbnail/xVzwcKbR2Q.png?v=1636097719189",
    "isCustomThumbnail": 0,
    "builtinTags": [
        "category-work",
        "dataset",
        "grid",
        "legend",
        "series-bar",
        "series-line",
        "title",
        "tooltip"
    ],
    "customTags": [],
    "updaterUserName": "一***心"
}