{
    "cid": "x62dPV0s9E",
    "authorUid": "bd-1563239519",
    "authorUserName": "ubflchi",
    "title": "aa",
    "description": "aaa",
    "latestVersion": 1,
    "alwaysLatest": 1,
    "createTime": "2019-03-22T01:21:59.000Z",
    "lastUpdateTime": "2019-03-22T01:21:59.000Z",
    "auth": 2,
    "uid": "bd-1563239519",
    "publishedVersion": 0,
    "forkFrom": "-",
    "isSpam": 0,
    "version": 1,
    "parentVersion": -1,
    "echartsVersion": "4.2.1",
    "versionCreateTime": "2019-03-22T01:21:59.000Z",
    "html": "",
    "externalScripts": "",
    "updaterUID": "bd-1563239519",
    "theme": "",
    "layout": "",
    "viewCount": 34,
    "userName": "ubflchi",
    "commentCount": 0,
    "starCount": 0,
    "isStared": 0,
    "thumbnailURL": "https://www.makeapie.com/ecg-storage/ec_gallery_thumbnail/x62dPV0s9E.png?v=1553217719472",
    "isCustomThumbnail": 0,
    "builtinTags": [
        "category-work",
        "grid",
        "legend",
        "tooltip"
    ],
    "customTags": [],
    "updaterUserName": "ubflchi"
}