{
    "cid": "x8VB1vy2-N",
    "authorUid": "bd-3273544780",
    "authorUserName": "s***0",
    "title": "汇差1",
    "description": "",
    "latestVersion": 5,
    "alwaysLatest": 1,
    "createTime": "2019-03-21T06:16:21.000Z",
    "lastUpdateTime": "2019-03-21T06:16:21.000Z",
    "auth": 2,
    "uid": "bd-3273544780",
    "publishedVersion": 0,
    "forkFrom": "-",
    "isSpam": 0,
    "version": 5,
    "parentVersion": 4,
    "echartsVersion": "4.2.1",
    "versionCreateTime": "2019-03-29T08:04:36.000Z",
    "html": "",
    "externalScripts": "",
    "updaterUID": "bd-3273544780",
    "theme": "dark",
    "layout": "",
    "viewCount": 66,
    "userName": "s***0",
    "commentCount": 0,
    "starCount": 0,
    "isStared": 0,
    "thumbnailURL": "https://www.makeapie.com/ecg-storage/ec_gallery_thumbnail/x8VB1vy2-N.png?v=1553846676691",
    "isCustomThumbnail": 0,
    "builtinTags": [
        "category-work",
        "grid",
        "series-bar",
        "toolbox",
        "tooltip"
    ],
    "customTags": [],
    "updaterUserName": "s***0"
}