{
    "cid": "x8WSaCrKrN",
    "authorUid": "bd-3793071787",
    "authorUserName": "二***弃",
    "title": "显示时间段内数据",
    "description": "显示某一时间段内的数据",
    "latestVersion": 1,
    "alwaysLatest": 1,
    "createTime": "2019-03-21T03:28:54.000Z",
    "lastUpdateTime": "2019-03-21T03:28:54.000Z",
    "auth": 2,
    "uid": "bd-3793071787",
    "publishedVersion": 0,
    "forkFrom": "-",
    "isSpam": 0,
    "version": 1,
    "parentVersion": -1,
    "echartsVersion": "4.2.1",
    "versionCreateTime": "2019-03-21T03:28:54.000Z",
    "html": "",
    "externalScripts": "",
    "updaterUID": "bd-3793071787",
    "theme": "",
    "layout": "",
    "viewCount": 608,
    "userName": "二***弃",
    "commentCount": 0,
    "starCount": 1,
    "isStared": 0,
    "thumbnailURL": "https://www.makeapie.com/ecg-storage/ec_gallery_thumbnail/x8WSaCrKrN.png?v=1553138934865",
    "isCustomThumbnail": 0,
    "builtinTags": [
        "calendar",
        "category-work",
        "legend",
        "series-scatter",
        "tooltip"
    ],
    "customTags": [],
    "updaterUserName": "二***弃"
}