{
    "cid": "xH1L4baUZ1",
    "authorUid": "bd-53361880",
    "authorUserName": "庄引9",
    "title": "多数据环形图",
    "description": "",
    "latestVersion": 2,
    "alwaysLatest": 1,
    "createTime": "2019-03-20T02:46:02.000Z",
    "lastUpdateTime": "2019-03-20T02:46:02.000Z",
    "auth": 2,
    "uid": "bd-53361880",
    "publishedVersion": 0,
    "forkFrom": "-",
    "isSpam": 0,
    "version": 2,
    "parentVersion": 1,
    "echartsVersion": "4.2.1",
    "versionCreateTime": "2019-03-22T00:37:56.000Z",
    "html": "",
    "externalScripts": "",
    "updaterUID": "bd-53361880",
    "theme": "",
    "layout": "",
    "viewCount": 101,
    "userName": "庄引9",
    "commentCount": 0,
    "starCount": 1,
    "isStared": 0,
    "thumbnailURL": "https://www.makeapie.com/ecg-storage/ec_gallery_thumbnail/xH1L4baUZ1.png?v=1553215076727",
    "isCustomThumbnail": 0,
    "builtinTags": [
        "category-work",
        "series-pie",
        "tooltip"
    ],
    "customTags": [],
    "updaterUserName": "庄引9"
}