{
    "cid": "xKzk7fUXax",
    "authorUid": "bd-3492888887",
    "authorUserName": "a1004107147",
    "title": "单行bar图",
    "description": "",
    "latestVersion": 2,
    "alwaysLatest": 1,
    "createTime": "2019-03-23T04:25:54.000Z",
    "lastUpdateTime": "2019-03-23T04:25:54.000Z",
    "auth": 2,
    "uid": "bd-3492888887",
    "publishedVersion": 0,
    "forkFrom": "-",
    "isSpam": 0,
    "version": 2,
    "parentVersion": 1,
    "echartsVersion": "4.2.1",
    "versionCreateTime": "2019-03-23T04:30:00.000Z",
    "html": "",
    "externalScripts": "",
    "updaterUID": "bd-3492888887",
    "theme": "",
    "layout": "",
    "viewCount": 63,
    "userName": "a1004107147",
    "commentCount": 0,
    "starCount": 0,
    "isStared": 0,
    "thumbnailURL": "https://www.makeapie.com/ecg-storage/ec_gallery_thumbnail/xKzk7fUXax.png?v=1553315400206",
    "isCustomThumbnail": 0,
    "builtinTags": [
        "category-work",
        "grid",
        "legend",
        "series-bar",
        "title",
        "tooltip"
    ],
    "customTags": [],
    "updaterUserName": "a1004107147"
}