{
    "cid": "xMlppDq6EN",
    "authorUid": "bd-456038325",
    "authorUserName": "吾***欲",
    "title": "富文本标题柱状图",
    "description": "",
    "latestVersion": 1,
    "alwaysLatest": 1,
    "createTime": "2019-03-20T06:42:03.000Z",
    "lastUpdateTime": "2019-03-20T06:42:03.000Z",
    "auth": 2,
    "uid": "bd-456038325",
    "publishedVersion": 0,
    "forkFrom": "-",
    "isSpam": 0,
    "version": 1,
    "parentVersion": -1,
    "echartsVersion": "4.2.1",
    "versionCreateTime": "2019-03-20T06:42:03.000Z",
    "html": "",
    "externalScripts": "",
    "updaterUID": "bd-456038325",
    "theme": "",
    "layout": "",
    "viewCount": 34,
    "userName": "吾***欲",
    "commentCount": 0,
    "starCount": 0,
    "isStared": 0,
    "thumbnailURL": "https://www.makeapie.com/ecg-storage/ec_gallery_thumbnail/xMlppDq6EN.png?v=1553064123753",
    "isCustomThumbnail": 0,
    "builtinTags": [
        "category-work",
        "grid",
        "series-bar",
        "title"
    ],
    "customTags": [],
    "updaterUserName": "吾***欲"
}