{
    "cid": "xRqZntIKJQ",
    "authorUid": "bd-135386625",
    "authorUserName": "橙***料",
    "title": "折线图动态气泡",
    "description": "折线图动态气泡",
    "latestVersion": 1,
    "alwaysLatest": 1,
    "createTime": "2019-03-21T11:43:31.000Z",
    "lastUpdateTime": "2019-03-21T11:43:31.000Z",
    "auth": 2,
    "uid": "bd-135386625",
    "publishedVersion": 0,
    "forkFrom": "-",
    "isSpam": 0,
    "version": 1,
    "parentVersion": -1,
    "echartsVersion": "4.2.1",
    "versionCreateTime": "2019-03-21T11:43:31.000Z",
    "html": "",
    "externalScripts": "",
    "updaterUID": "bd-135386625",
    "theme": "",
    "layout": "",
    "viewCount": 116,
    "userName": "橙***料",
    "commentCount": 0,
    "starCount": 0,
    "isStared": 0,
    "thumbnailURL": "https://www.makeapie.com/ecg-storage/ec_gallery_thumbnail/xRqZntIKJQ.png?v=1553168611990",
    "isCustomThumbnail": 0,
    "builtinTags": [
        "category-work",
        "grid",
        "markPoint",
        "series-line",
        "title"
    ],
    "customTags": [],
    "updaterUserName": "橙***料"
}