{
    "cid": "xs-ShL3V_r",
    "authorUid": "bd-2312533772",
    "authorUserName": "e***a",
    "title": "项目关键进度",
    "description": "柱状图显示关键项进度",
    "latestVersion": 2,
    "alwaysLatest": 1,
    "createTime": "2019-03-22T09:36:04.000Z",
    "lastUpdateTime": "2019-03-22T09:36:04.000Z",
    "auth": 2,
    "uid": "bd-2312533772",
    "publishedVersion": 0,
    "forkFrom": "-",
    "isSpam": 0,
    "version": 2,
    "parentVersion": 1,
    "echartsVersion": "4.2.1",
    "versionCreateTime": "2019-03-22T09:37:02.000Z",
    "html": "",
    "externalScripts": "",
    "updaterUID": "bd-2312533772",
    "theme": "",
    "layout": "",
    "viewCount": 52,
    "userName": "e***a",
    "commentCount": 0,
    "starCount": 0,
    "isStared": 0,
    "thumbnailURL": "https://www.makeapie.com/ecg-storage/ec_gallery_thumbnail/xs-ShL3V_r.png?v=1553247422416",
    "isCustomThumbnail": 0,
    "builtinTags": [
        "category-work",
        "grid",
        "legend",
        "series-bar",
        "tooltip"
    ],
    "customTags": [],
    "updaterUserName": "e***a"
}