{
    "cid": "xUePtgXjaQ",
    "authorUid": "bd-3105203845",
    "authorUserName": "Tarkuni",
    "title": "一拖二仪表盘",
    "description": "主表盘显示一项数据，副表盘用两个仪表盘上下布局，显示两个数据，希望对你有所帮助",
    "latestVersion": 1,
    "alwaysLatest": 1,
    "createTime": "2019-03-21T08:58:08.000Z",
    "lastUpdateTime": "2019-03-21T08:58:08.000Z",
    "auth": 2,
    "uid": "bd-3105203845",
    "publishedVersion": 0,
    "forkFrom": "-",
    "isSpam": 0,
    "version": 1,
    "parentVersion": -1,
    "echartsVersion": "4.2.1",
    "versionCreateTime": "2019-03-21T08:58:08.000Z",
    "html": "",
    "externalScripts": "",
    "updaterUID": "bd-3105203845",
    "theme": "",
    "layout": "",
    "viewCount": 215,
    "userName": "Tarkuni",
    "commentCount": 0,
    "starCount": 1,
    "isStared": 0,
    "thumbnailURL": "https://www.makeapie.com/ecg-storage/ec_gallery_thumbnail/xUePtgXjaQ.png?v=1553158688542",
    "isCustomThumbnail": 0,
    "builtinTags": [
        "category-work",
        "series-gauge",
        "toolbox",
        "tooltip"
    ],
    "customTags": [],
    "updaterUserName": "Tarkuni"
}