{
    "cid": "xvR9V1pyqF",
    "authorUid": "bd-990057626",
    "authorUserName": "r***o",
    "title": "辽宁省内各地市人员分布",
    "description": "",
    "latestVersion": 1,
    "alwaysLatest": 1,
    "createTime": "2019-03-21T07:50:22.000Z",
    "lastUpdateTime": "2019-03-21T07:50:22.000Z",
    "auth": 2,
    "uid": "bd-990057626",
    "publishedVersion": 0,
    "forkFrom": "-",
    "isSpam": 0,
    "version": 1,
    "parentVersion": -1,
    "echartsVersion": "4.2.1",
    "versionCreateTime": "2019-03-21T07:50:22.000Z",
    "html": "",
    "externalScripts": "",
    "updaterUID": "bd-990057626",
    "theme": "",
    "layout": "",
    "viewCount": 185,
    "userName": "r***o",
    "commentCount": 0,
    "starCount": 0,
    "isStared": 0,
    "thumbnailURL": "https://www.makeapie.com/ecg-storage/ec_gallery_thumbnail/xvR9V1pyqF.png?v=1553154623042",
    "isCustomThumbnail": 0,
    "builtinTags": [
        "category-work",
        "legend",
        "series-map",
        "title",
        "toolbox",
        "visualMap"
    ],
    "customTags": [],
    "updaterUserName": "r***o"
}