{
    "cid": "xZCJgzmHGz",
    "authorUid": "bd-3492888887",
    "authorUserName": "a1004107147",
    "title": "双y轴",
    "description": "",
    "latestVersion": 1,
    "alwaysLatest": 1,
    "createTime": "2019-03-23T03:37:21.000Z",
    "lastUpdateTime": "2019-03-23T03:37:21.000Z",
    "auth": 2,
    "uid": "bd-3492888887",
    "publishedVersion": 0,
    "forkFrom": "-",
    "isSpam": 0,
    "version": 1,
    "parentVersion": -1,
    "echartsVersion": "4.2.1",
    "versionCreateTime": "2019-03-23T03:37:21.000Z",
    "html": "",
    "externalScripts": "",
    "updaterUID": "bd-3492888887",
    "theme": "",
    "layout": "",
    "viewCount": 26,
    "userName": "a1004107147",
    "commentCount": 0,
    "starCount": 0,
    "isStared": 0,
    "thumbnailURL": "https://www.makeapie.com/ecg-storage/ec_gallery_thumbnail/xZCJgzmHGz.png?v=1553312241478",
    "isCustomThumbnail": 0,
    "builtinTags": [
        "category-work",
        "grid",
        "legend",
        "series-bar",
        "series-line",
        "toolbox",
        "tooltip"
    ],
    "customTags": [],
    "updaterUserName": "a1004107147"
}