{
    "cid": "xzLT-1Ua6p",
    "authorUid": "bd-2989230833",
    "authorUserName": "原创CPP",
    "title": "Awesome Chart",
    "description": "",
    "latestVersion": 1,
    "alwaysLatest": 1,
    "createTime": "2019-03-22T13:50:32.000Z",
    "lastUpdateTime": "2019-03-22T13:50:32.000Z",
    "auth": 1,
    "uid": "bd-2989230833",
    "publishedVersion": 0,
    "forkFrom": "-",
    "isSpam": 0,
    "version": 1,
    "parentVersion": -1,
    "echartsVersion": "4.2.1",
    "versionCreateTime": "2019-03-22T13:50:32.000Z",
    "html": "",
    "externalScripts": "",
    "updaterUID": "bd-2989230833",
    "theme": "",
    "layout": "",
    "viewCount": 5,
    "userName": "原创CPP",
    "commentCount": 0,
    "starCount": 0,
    "isStared": 0,
    "thumbnailURL": "https://www.makeapie.com/ecg-storage/ec_gallery_thumbnail/xzLT-1Ua6p.png?v=1553262632834",
    "isCustomThumbnail": 0,
    "builtinTags": [
        "category-work",
        "grid",
        "series-line",
        "title"
    ],
    "customTags": [],
    "updaterUserName": "原创CPP"
}