{
    "cid": "xB1SMQQh1W",
    "authorUid": "bd-2772384434",
    "authorUserName": "中和3000",
    "title": "BUS海淀20150812/13",
    "description": "",
    "latestVersion": 5,
    "alwaysLatest": 1,
    "createTime": "2017-05-07T04:31:08.000Z",
    "lastUpdateTime": "2017-05-07T04:31:08.000Z",
    "auth": 1,
    "uid": "bd-2772384434",
    "publishedVersion": 0,
    "forkFrom": "-",
    "isSpam": 0,
    "version": 5,
    "parentVersion": 4,
    "echartsVersion": "3.8.0",
    "versionCreateTime": "2017-12-18T05:40:41.000Z",
    "html": "",
    "externalScripts": "",
    "updaterUID": "bd-69008640",
    "theme": "",
    "layout": "",
    "viewCount": 686,
    "userName": "中和3000",
    "commentCount": 0,
    "starCount": 2,
    "isStared": 0,
    "thumbnailURL": "https://www.makeapie.com/ecg-storage/ec_gallery_thumbnail/xB1SMQQh1W.png?v=1513575641447",
    "isCustomThumbnail": 0,
    "builtinTags": [
        "category-work",
        "dataZoom",
        "grid",
        "legend",
        "series-bar",
        "series-line",
        "toolbox",
        "tooltip"
    ],
    "customTags": [],
    "updaterUserName": "秋***黑"
}