{
    "cid": "xBk-X3QOJ-",
    "authorUid": "bd-3490003427",
    "authorUserName": "j***g",
    "title": "咪咕-芒果TV",
    "description": "5月1日 2点：良好;质差频道1个 质差占比4%",
    "latestVersion": 2,
    "alwaysLatest": 1,
    "createTime": "2017-05-04T04:20:40.000Z",
    "lastUpdateTime": "2017-05-04T04:20:40.000Z",
    "auth": 2,
    "uid": "bd-3490003427",
    "publishedVersion": 0,
    "forkFrom": "-",
    "isSpam": 0,
    "version": 2,
    "parentVersion": 1,
    "echartsVersion": "3.8.0",
    "versionCreateTime": "2017-12-18T16:04:08.000Z",
    "html": "",
    "externalScripts": "",
    "updaterUID": "bd-3490003427",
    "theme": "macarons",
    "layout": "{\"name\":\"1xN\",\"width\":[\"33.33%\",\"33.33%\",\"33.33%\"],\"height\":[\"100%\"]}",
    "viewCount": 2956,
    "userName": "j***g",
    "commentCount": 0,
    "starCount": 2,
    "isStared": 0,
    "thumbnailURL": "https://www.makeapie.com/ecg-storage/ec_gallery_thumbnail/xBk-X3QOJ-.png?v=1513613048078",
    "isCustomThumbnail": 0,
    "builtinTags": [
        "category-work",
        "grid",
        "series-heatmap",
        "timeline",
        "title",
        "tooltip",
        "visualMap"
    ],
    "customTags": [],
    "updaterUserName": "j***g"
}