{
    "cid": "xBylLlGhtJ-",
    "authorUid": "bd-859749359",
    "authorUserName": "littlebird79",
    "title": "2011全国宏观经济指标",
    "description": "专利局",
    "latestVersion": 1,
    "alwaysLatest": 1,
    "createTime": "2017-05-05T08:03:58.000Z",
    "lastUpdateTime": "2017-05-05T08:03:58.000Z",
    "auth": 2,
    "uid": "bd-859749359",
    "publishedVersion": 0,
    "forkFrom": "-",
    "isSpam": 0,
    "version": 1,
    "parentVersion": -1,
    "echartsVersion": "3.5.4",
    "versionCreateTime": "2017-05-05T08:03:58.000Z",
    "html": "",
    "externalScripts": "",
    "updaterUID": "bd-859749359",
    "theme": "",
    "layout": "",
    "viewCount": 6720,
    "userName": "littlebird79",
    "commentCount": 1,
    "starCount": 13,
    "isStared": 0,
    "thumbnailURL": "https://www.makeapie.com/ecg-storage/ec_gallery_thumbnail/xBylLlGhtJ-.png?v=1493971438579",
    "isCustomThumbnail": 0,
    "builtinTags": [
        "category-work",
        "grid",
        "legend",
        "series-bar",
        "series-pie",
        "timeline",
        "title",
        "tooltip"
    ],
    "customTags": [],
    "updaterUserName": "littlebird79"
}