{
    "cid": "xByQt5SpJW",
    "authorUid": "bd-2080801563",
    "authorUserName": "515Cash",
    "title": "收费方式-动态轮播饼图",
    "description": "动态轮播饼图",
    "latestVersion": 1,
    "alwaysLatest": 1,
    "createTime": "2017-05-08T01:31:38.000Z",
    "lastUpdateTime": "2017-05-08T01:31:38.000Z",
    "auth": 2,
    "uid": "bd-2080801563",
    "publishedVersion": 0,
    "forkFrom": "-",
    "isSpam": 0,
    "version": 1,
    "parentVersion": -1,
    "echartsVersion": "3.5.4",
    "versionCreateTime": "2017-05-08T01:31:38.000Z",
    "html": "",
    "externalScripts": "",
    "updaterUID": "bd-2080801563",
    "theme": "",
    "layout": "",
    "viewCount": 954,
    "userName": "515Cash",
    "commentCount": 0,
    "starCount": 0,
    "isStared": 0,
    "thumbnailURL": "https://www.makeapie.com/ecg-storage/ec_gallery_thumbnail/xByQt5SpJW.png?v=1494207099191",
    "isCustomThumbnail": 0,
    "builtinTags": [
        "category-work",
        "series-pie"
    ],
    "customTags": [],
    "updaterUserName": "515Cash"
}