{
    "cid": "xHJl4YBpJb",
    "authorUid": "bd-2772384434",
    "authorUserName": "中和3000",
    "title": "bus三环2015813",
    "description": "",
    "latestVersion": 7,
    "alwaysLatest": 1,
    "createTime": "2017-05-08T01:26:00.000Z",
    "lastUpdateTime": "2017-05-08T01:26:00.000Z",
    "auth": 2,
    "uid": "bd-2772384434",
    "publishedVersion": 0,
    "forkFrom": "-",
    "isSpam": 0,
    "version": 7,
    "parentVersion": 6,
    "echartsVersion": "3.5.4",
    "versionCreateTime": "2017-05-11T22:57:10.000Z",
    "html": "",
    "externalScripts": "",
    "updaterUID": "bd-2772384434",
    "theme": "",
    "layout": "",
    "viewCount": 156,
    "userName": "中和3000",
    "commentCount": 0,
    "starCount": 0,
    "isStared": 0,
    "thumbnailURL": "https://www.makeapie.com/ecg-storage/ec_gallery_thumbnail/xHJl4YBpJb.png?v=1494543430540",
    "isCustomThumbnail": 0,
    "builtinTags": [
        "category-work",
        "dataZoom",
        "grid",
        "legend",
        "series-bar",
        "series-line",
        "toolbox",
        "tooltip"
    ],
    "customTags": [],
    "updaterUserName": "中和3000"
}