{
    "cid": "xHJLGRhKk-",
    "authorUid": "bd-404666406",
    "authorUserName": "fghshy",
    "title": "流量计类型统计分析",
    "description": "流量计类型统计分析",
    "latestVersion": 1,
    "alwaysLatest": 1,
    "createTime": "2017-05-05T08:55:42.000Z",
    "lastUpdateTime": "2017-05-08T08:03:47.000Z",
    "auth": 2,
    "uid": "bd-404666406",
    "publishedVersion": 0,
    "forkFrom": "-",
    "isSpam": 0,
    "version": 1,
    "parentVersion": -1,
    "echartsVersion": "3.5.4",
    "versionCreateTime": "2017-05-05T08:55:42.000Z",
    "html": "",
    "externalScripts": "/dep/echarts/latest/extension/dataTool.min.js",
    "updaterUID": "bd-404666406",
    "theme": "default",
    "layout": "",
    "viewCount": 1326,
    "userName": "fghshy",
    "commentCount": 1,
    "starCount": 2,
    "isStared": 0,
    "thumbnailURL": "https://www.makeapie.com/ecg-storage/ec_gallery_thumbnail/xHJLGRhKk-.png?v=1493974543214",
    "isCustomThumbnail": 0,
    "builtinTags": [],
    "customTags": [],
    "updaterUserName": "fghshy"
}