{
    "cid": "xHk1zqsYJb",
    "authorUid": "bd-404666406",
    "authorUserName": "fghshy",
    "title": "四川九门科技股份有限公司成功上市",
    "description": "四川九门科技股份有限公司成功上市",
    "latestVersion": 2,
    "alwaysLatest": 1,
    "createTime": "2017-05-05T07:30:15.000Z",
    "lastUpdateTime": "2017-05-05T07:30:15.000Z",
    "auth": 2,
    "uid": "bd-404666406",
    "publishedVersion": 0,
    "forkFrom": "-",
    "isSpam": 0,
    "version": 2,
    "parentVersion": 1,
    "echartsVersion": "3.5.4",
    "versionCreateTime": "2017-05-05T07:32:26.000Z",
    "html": "",
    "externalScripts": "/dep/echarts/latest/extension/bmap.min.js,https://cdn.bootcss.com/PapaParse/4.1.2/papaparse.min.js,/dep/echarts/latest/extension/dataTool.min.js",
    "updaterUID": "bd-404666406",
    "theme": "",
    "layout": "",
    "viewCount": 2885,
    "userName": "fghshy",
    "commentCount": 0,
    "starCount": 10,
    "isStared": 0,
    "thumbnailURL": "https://www.makeapie.com/ecg-storage/ec_gallery_thumbnail/xHk1zqsYJb.png?v=1493969546520",
    "isCustomThumbnail": 0,
    "builtinTags": [
        "category-work",
        "grid",
        "series-bar",
        "series-graph",
        "series-lines",
        "title"
    ],
    "customTags": [
        "上市",
        "九门科技"
    ],
    "updaterUserName": "fghshy"
}