{
    "cid": "xHkDhvz_1-",
    "authorUid": "bd-1530657551",
    "authorUserName": "谢***Q",
    "title": "2017/5/4 业务预测点击事件",
    "description": "当前月份之前已生成数据，预测当前月份之后的数据。点击选择需要查看的月份。。",
    "latestVersion": 2,
    "alwaysLatest": 1,
    "createTime": "2017-05-04T02:53:35.000Z",
    "lastUpdateTime": "2017-05-04T02:53:35.000Z",
    "auth": 2,
    "uid": "bd-1530657551",
    "publishedVersion": 0,
    "forkFrom": "-",
    "isSpam": 0,
    "version": 2,
    "parentVersion": 1,
    "echartsVersion": "3.8.0",
    "versionCreateTime": "2019-02-27T07:10:06.000Z",
    "html": "",
    "externalScripts": "",
    "updaterUID": "bd-1530657551",
    "theme": "",
    "layout": "",
    "viewCount": 1887,
    "userName": "谢***Q",
    "commentCount": 1,
    "starCount": 7,
    "isStared": 0,
    "thumbnailURL": "https://www.makeapie.com/ecg-storage/ec_gallery_thumbnail/xHkDhvz_1-.png?v=1551251406457",
    "isCustomThumbnail": 0,
    "builtinTags": [
        "category-work",
        "grid",
        "series-bar",
        "tooltip"
    ],
    "customTags": [],
    "updaterUserName": "谢***Q"
}