{
    "cid": "xHkuOqLs1Z",
    "authorUid": "bd-1158218442",
    "authorUserName": "J***r",
    "title": "Flappy Bird",
    "description": "",
    "latestVersion": 5,
    "alwaysLatest": 1,
    "createTime": "2017-05-06T14:15:11.000Z",
    "lastUpdateTime": "2017-05-06T14:15:11.000Z",
    "auth": 2,
    "uid": "bd-1158218442",
    "publishedVersion": 0,
    "forkFrom": "-",
    "isSpam": 0,
    "version": 5,
    "parentVersion": 4,
    "echartsVersion": "3.8.0",
    "versionCreateTime": "2018-07-27T03:47:24.000Z",
    "html": "",
    "externalScripts": "",
    "updaterUID": "bd-1158218442",
    "theme": "",
    "layout": "",
    "viewCount": 21941,
    "userName": "J***r",
    "commentCount": 5,
    "starCount": 49,
    "isStared": 0,
    "thumbnailURL": "https://www.makeapie.com/ecg-storage/ec_gallery_thumbnail/xHkuOqLs1Z.png?v=1494080112145",
    "isCustomThumbnail": 1,
    "builtinTags": [
        "category-work",
        "grid",
        "series-bar",
        "series-graph",
        "series-line",
        "series-pictorialBar",
        "title"
    ],
    "customTags": [],
    "updaterUserName": "J***r"
}