{
    "cid": "xS19K6jtkb",
    "authorUid": "bd-404666406",
    "authorUserName": "fghshy",
    "title": "用气量输差关系图",
    "description": "数据来四川九门科技股份有限公司",
    "latestVersion": 1,
    "alwaysLatest": 1,
    "createTime": "2017-05-05T07:45:05.000Z",
    "lastUpdateTime": "2017-05-05T07:45:05.000Z",
    "auth": 2,
    "uid": "bd-404666406",
    "publishedVersion": 0,
    "forkFrom": "-",
    "isSpam": 0,
    "version": 1,
    "parentVersion": -1,
    "echartsVersion": "3.5.4",
    "versionCreateTime": "2017-05-05T07:45:05.000Z",
    "html": "",
    "externalScripts": "",
    "updaterUID": "bd-404666406",
    "theme": "",
    "layout": "",
    "viewCount": 272,
    "userName": "fghshy",
    "commentCount": 0,
    "starCount": 4,
    "isStared": 0,
    "thumbnailURL": "https://www.makeapie.com/ecg-storage/ec_gallery_thumbnail/xS19K6jtkb.png?v=1493970306215",
    "isCustomThumbnail": 0,
    "builtinTags": [
        "category-work",
        "dataZoom",
        "grid",
        "legend",
        "series-line",
        "title",
        "tooltip"
    ],
    "customTags": [],
    "updaterUserName": "fghshy"
}