{
    "cid": "xS1fZHFDk-",
    "authorUid": "bd-2433218629",
    "authorUserName": "hill0731",
    "title": "智慧和平-指标图谱-区域经济",
    "description": "",
    "latestVersion": 2,
    "alwaysLatest": 1,
    "createTime": "2017-05-03T16:27:37.000Z",
    "lastUpdateTime": "2017-05-03T16:27:37.000Z",
    "auth": 2,
    "uid": "bd-2433218629",
    "publishedVersion": 0,
    "forkFrom": "-",
    "isSpam": 0,
    "version": 2,
    "parentVersion": 1,
    "echartsVersion": "3.5.4",
    "versionCreateTime": "2017-05-08T09:00:41.000Z",
    "html": "",
    "externalScripts": "",
    "updaterUID": "bd-2433218629",
    "theme": "dark",
    "layout": "",
    "viewCount": 741,
    "userName": "hill0731",
    "commentCount": 0,
    "starCount": 4,
    "isStared": 0,
    "thumbnailURL": "https://www.makeapie.com/ecg-storage/ec_gallery_thumbnail/xS1fZHFDk-.png?v=1494234042252",
    "isCustomThumbnail": 0,
    "builtinTags": [
        "category-work",
        "series-pie",
        "title",
        "tooltip"
    ],
    "customTags": [],
    "updaterUserName": "hill0731"
}