{
    "cid": "xSJG7ZatJW",
    "authorUid": "bd-3240738333",
    "authorUserName": "hello小郭vo",
    "title": "散点图不同分段值不用颜色",
    "description": "散点图不同分段值不用颜色，大小固定",
    "latestVersion": 1,
    "alwaysLatest": 1,
    "createTime": "2017-05-05T09:08:42.000Z",
    "lastUpdateTime": "2017-05-05T09:08:42.000Z",
    "auth": 2,
    "uid": "bd-3240738333",
    "publishedVersion": 0,
    "forkFrom": "-",
    "isSpam": 0,
    "version": 1,
    "parentVersion": -1,
    "echartsVersion": "3.5.4",
    "versionCreateTime": "2017-05-05T09:08:42.000Z",
    "html": "",
    "externalScripts": "",
    "updaterUID": "bd-3240738333",
    "theme": "",
    "layout": "",
    "viewCount": 205,
    "userName": "hello小郭vo",
    "commentCount": 0,
    "starCount": 2,
    "isStared": 0,
    "thumbnailURL": "https://www.makeapie.com/ecg-storage/ec_gallery_thumbnail/xSJG7ZatJW.png?v=1493975322267",
    "isCustomThumbnail": 0,
    "builtinTags": [
        "category-work",
        "grid",
        "legend",
        "series-scatter",
        "visualMap"
    ],
    "customTags": [],
    "updaterUserName": "hello小郭vo"
}