{
    "cid": "xSyepPhKJ-",
    "authorUid": "bd-3240738333",
    "authorUserName": "hello小郭vo",
    "title": "不用颜色大小变化的散点图",
    "description": "散点图，大小根据数值变化，不同类型使用不同颜色",
    "latestVersion": 1,
    "alwaysLatest": 1,
    "createTime": "2017-05-05T08:28:40.000Z",
    "lastUpdateTime": "2017-05-05T08:28:40.000Z",
    "auth": 2,
    "uid": "bd-3240738333",
    "publishedVersion": 0,
    "forkFrom": "-",
    "isSpam": 0,
    "version": 1,
    "parentVersion": -1,
    "echartsVersion": "3.5.4",
    "versionCreateTime": "2017-05-05T08:28:40.000Z",
    "html": "",
    "externalScripts": "",
    "updaterUID": "bd-3240738333",
    "theme": "",
    "layout": "",
    "viewCount": 377,
    "userName": "hello小郭vo",
    "commentCount": 0,
    "starCount": 0,
    "isStared": 0,
    "thumbnailURL": "https://www.makeapie.com/ecg-storage/ec_gallery_thumbnail/xSyepPhKJ-.png?v=1493972920372",
    "isCustomThumbnail": 0,
    "builtinTags": [
        "category-work",
        "grid",
        "legend",
        "series-scatter",
        "visualMap"
    ],
    "customTags": [],
    "updaterUserName": "hello小郭vo"
}