{
    "cid": "xB1RaJiSpf",
    "authorUid": "bd-1565178401",
    "authorUserName": "MirFreenice",
    "title": "分类实验的测评可视化，精确度、回归率、F值",
    "description": "分类问题，关系抽取（分类），测评指标可视化",
    "latestVersion": 4,
    "alwaysLatest": 1,
    "createTime": "2018-05-01T08:05:25.000Z",
    "lastUpdateTime": "2018-05-01T08:05:25.000Z",
    "auth": 2,
    "uid": "bd-1565178401",
    "publishedVersion": 0,
    "forkFrom": "-",
    "isSpam": 0,
    "version": 4,
    "parentVersion": 3,
    "echartsVersion": "4.1.0",
    "versionCreateTime": "2018-05-24T12:18:27.000Z",
    "html": "",
    "externalScripts": "",
    "updaterUID": "bd-1565178401",
    "theme": "",
    "layout": "",
    "viewCount": 788,
    "userName": "MirFreenice",
    "commentCount": 0,
    "starCount": 3,
    "isStared": 0,
    "thumbnailURL": "https://www.makeapie.com/ecg-storage/ec_gallery_thumbnail/xB1RaJiSpf.png?v=1527164307571",
    "isCustomThumbnail": 0,
    "builtinTags": [
        "category-work",
        "grid",
        "legend",
        "series-bar"
    ],
    "customTags": [],
    "updaterUserName": "MirFreenice"
}