{
    "cid": "xBy6NP1OaG",
    "authorUid": "bd-3074213604",
    "authorUserName": "你***哥",
    "title": "仪表盘",
    "description": "仪表盘的圆圈的宽度，刻度宽度根据实际项目需要来调整。",
    "latestVersion": 1,
    "alwaysLatest": 1,
    "createTime": "2018-05-03T01:34:45.000Z",
    "lastUpdateTime": "2018-05-03T01:34:45.000Z",
    "auth": 2,
    "uid": "bd-3074213604",
    "publishedVersion": 0,
    "forkFrom": "-",
    "isSpam": 0,
    "version": 1,
    "parentVersion": -1,
    "echartsVersion": "4.1.0",
    "versionCreateTime": "2018-05-03T01:34:45.000Z",
    "html": "",
    "externalScripts": "",
    "updaterUID": "bd-3074213604",
    "theme": "",
    "layout": "",
    "viewCount": 2298,
    "userName": "你***哥",
    "commentCount": 0,
    "starCount": 7,
    "isStared": 0,
    "thumbnailURL": "https://www.makeapie.com/ecg-storage/ec_gallery_thumbnail/xBy6NP1OaG.png?v=1525311285482",
    "isCustomThumbnail": 0,
    "builtinTags": [
        "category-work",
        "series-gauge",
        "tooltip"
    ],
    "customTags": [],
    "updaterUserName": "你***哥"
}