{
    "cid": "xHJYk4u_az",
    "authorUid": "bd-1192091434",
    "authorUserName": "s***2",
    "title": "test1",
    "description": "",
    "latestVersion": 1,
    "alwaysLatest": 1,
    "createTime": "2018-05-03T11:34:56.000Z",
    "lastUpdateTime": "2018-05-03T11:34:56.000Z",
    "auth": 2,
    "uid": "bd-1192091434",
    "publishedVersion": 0,
    "forkFrom": "-",
    "isSpam": 0,
    "version": 1,
    "parentVersion": -1,
    "echartsVersion": "4.1.0",
    "versionCreateTime": "2018-05-03T11:34:56.000Z",
    "html": "",
    "externalScripts": "",
    "updaterUID": "bd-1192091434",
    "theme": "",
    "layout": "",
    "viewCount": 35,
    "userName": "s***2",
    "commentCount": 0,
    "starCount": 0,
    "isStared": 0,
    "thumbnailURL": "https://www.makeapie.com/ecg-storage/ec_gallery_thumbnail/xHJYk4u_az.png?v=1525347296797",
    "isCustomThumbnail": 0,
    "builtinTags": [
        "category-work",
        "grid",
        "series-line",
        "title"
    ],
    "customTags": [],
    "updaterUserName": "s***2"
}