{
    "cid": "xHk3btEnaf",
    "authorUid": "bd-1833292178",
    "authorUserName": "和***长",
    "title": "gauge仪表盘",
    "description": "gauge，pie",
    "latestVersion": 16,
    "alwaysLatest": 1,
    "createTime": "2018-05-06T08:12:51.000Z",
    "lastUpdateTime": "2018-05-06T08:12:51.000Z",
    "auth": 1,
    "uid": "bd-1833292178",
    "publishedVersion": 0,
    "forkFrom": "-",
    "isSpam": 0,
    "version": 16,
    "parentVersion": 15,
    "echartsVersion": "4.1.0",
    "versionCreateTime": "2018-06-30T03:18:19.000Z",
    "html": "",
    "externalScripts": "",
    "updaterUID": "bd-2903014333",
    "theme": "",
    "layout": "",
    "viewCount": 3941,
    "userName": "和***长",
    "commentCount": 0,
    "starCount": 8,
    "isStared": 0,
    "thumbnailURL": "https://www.makeapie.com/ecg-storage/ec_gallery_thumbnail/xHk3btEnaf.png?v=1530328699428",
    "isCustomThumbnail": 0,
    "builtinTags": [
        "category-work",
        "grid",
        "legend",
        "series-line",
        "tooltip"
    ],
    "customTags": [],
    "updaterUserName": "liouxingyu072"
}