{
    "cid": "xHyieSkv6f",
    "authorUid": "bd-2308210198",
    "authorUserName": "牛仔MAX",
    "title": "风向显示",
    "description": "此方法可以实现改变每个symbol的样式",
    "latestVersion": 1,
    "alwaysLatest": 1,
    "createTime": "2018-05-02T07:12:50.000Z",
    "lastUpdateTime": "2018-05-02T07:12:50.000Z",
    "auth": 2,
    "uid": "bd-2308210198",
    "publishedVersion": 0,
    "forkFrom": "-",
    "isSpam": 0,
    "version": 1,
    "parentVersion": -1,
    "echartsVersion": "4.0.4",
    "versionCreateTime": "2018-05-02T07:12:50.000Z",
    "html": "",
    "externalScripts": "",
    "updaterUID": "bd-2308210198",
    "theme": "",
    "layout": "",
    "viewCount": 1488,
    "userName": "牛仔MAX",
    "commentCount": 0,
    "starCount": 1,
    "isStared": 0,
    "thumbnailURL": "https://www.makeapie.com/ecg-storage/ec_gallery_thumbnail/xHyieSkv6f.png?v=1525245170840",
    "isCustomThumbnail": 0,
    "builtinTags": [
        "category-work",
        "grid",
        "series-line"
    ],
    "customTags": [],
    "updaterUserName": "牛仔MAX"
}