{
    "cid": "xHytGDeIpM",
    "authorUid": "bd-242845983",
    "authorUserName": "赤鸟语",
    "title": "",
    "description": "",
    "latestVersion": 1,
    "alwaysLatest": 1,
    "createTime": "2018-05-01T14:17:53.000Z",
    "lastUpdateTime": "2018-05-01T14:17:53.000Z",
    "auth": 2,
    "uid": "bd-242845983",
    "publishedVersion": 0,
    "forkFrom": "-",
    "isSpam": 0,
    "version": 1,
    "parentVersion": -1,
    "echartsVersion": "4.0.4",
    "versionCreateTime": "2018-05-01T14:17:53.000Z",
    "html": "",
    "externalScripts": "",
    "updaterUID": "bd-242845983",
    "theme": "dark",
    "layout": "",
    "viewCount": 227,
    "userName": "赤鸟语",
    "commentCount": 0,
    "starCount": 0,
    "isStared": 0,
    "thumbnailURL": "https://www.makeapie.com/ecg-storage/ec_gallery_thumbnail/xHytGDeIpM.png?v=1525184273484",
    "isCustomThumbnail": 0,
    "builtinTags": [
        "category-work",
        "legend",
        "polar",
        "series-bar"
    ],
    "customTags": [],
    "updaterUserName": "赤鸟语"
}