{
    "cid": "xrkSoolw6M",
    "authorUid": "bd-1964808804",
    "authorUserName": "_寒风残_",
    "title": "自动同步系列颜色做区域填充",
    "description": "自动获取本系列颜色后,在做区域颜色填充",
    "latestVersion": 1,
    "alwaysLatest": 1,
    "createTime": "2018-05-02T08:49:32.000Z",
    "lastUpdateTime": "2018-05-02T08:49:32.000Z",
    "auth": 1,
    "uid": "bd-1964808804",
    "publishedVersion": 0,
    "forkFrom": "-",
    "isSpam": 0,
    "version": 1,
    "parentVersion": -1,
    "echartsVersion": "4.0.4",
    "versionCreateTime": "2018-05-02T08:49:32.000Z",
    "html": "",
    "externalScripts": "",
    "updaterUID": "bd-1964808804",
    "theme": "roma",
    "layout": "",
    "viewCount": 135,
    "userName": "_寒风残_",
    "commentCount": 0,
    "starCount": 1,
    "isStared": 0,
    "thumbnailURL": "https://www.makeapie.com/ecg-storage/ec_gallery_thumbnail/xrkSoolw6M.png?v=1525250972808",
    "isCustomThumbnail": 0,
    "builtinTags": [
        "category-work",
        "grid",
        "series-line"
    ],
    "customTags": [],
    "updaterUserName": "_寒风残_"
}