{
    "cid": "xry0OlXupM",
    "authorUid": "bd-2166891000",
    "authorUserName": "白羊浪浪",
    "title": "2018年出勤统计表（每个月份可以点击）",
    "description": "项目管理用于统计上班时长以及加班时长的统计表\n新增了月份的点击事件，可以查看每月详情信息",
    "latestVersion": 8,
    "alwaysLatest": 1,
    "createTime": "2018-05-03T05:39:02.000Z",
    "lastUpdateTime": "2018-05-03T05:50:14.000Z",
    "auth": 1,
    "uid": "bd-2166891000",
    "publishedVersion": 0,
    "forkFrom": "-",
    "isSpam": 0,
    "version": 8,
    "parentVersion": 7,
    "echartsVersion": "4.1.0",
    "versionCreateTime": "2018-05-03T05:54:01.000Z",
    "html": "",
    "externalScripts": "",
    "updaterUID": "bd-2166891000",
    "theme": "default",
    "layout": "",
    "viewCount": 128,
    "userName": "白羊浪浪",
    "commentCount": 1,
    "starCount": 1,
    "isStared": 0,
    "thumbnailURL": "https://www.makeapie.com/ecg-storage/ec_gallery_thumbnail/xry0OlXupM.png?v=1525326841163",
    "isCustomThumbnail": 0,
    "builtinTags": [
        "category-work",
        "grid",
        "legend",
        "series-bar",
        "title",
        "toolbox",
        "tooltip"
    ],
    "customTags": [],
    "updaterUserName": "白羊浪浪"
}