{
    "cid": "xryuSduOaz",
    "authorUid": "bd-1947365975",
    "authorUserName": "Kevin_pie",
    "title": "盐城公安接警数量分布",
    "description": "盐城公安接警数量分布",
    "latestVersion": 6,
    "alwaysLatest": 1,
    "createTime": "2018-05-03T11:53:35.000Z",
    "lastUpdateTime": "2018-05-03T11:53:35.000Z",
    "auth": 2,
    "uid": "bd-1947365975",
    "publishedVersion": 0,
    "forkFrom": "-",
    "isSpam": 0,
    "version": 6,
    "parentVersion": 5,
    "echartsVersion": "4.1.0",
    "versionCreateTime": "2018-05-14T07:16:24.000Z",
    "html": "",
    "externalScripts": "/dep/echarts/latest/extension/bmap.min.js,/dep/echarts/map/js/china.js",
    "updaterUID": "bd-1947365975",
    "theme": "",
    "layout": "",
    "viewCount": 1887,
    "userName": "Kevin_pie",
    "commentCount": 1,
    "starCount": 8,
    "isStared": 0,
    "thumbnailURL": "https://www.makeapie.com/ecg-storage/ec_gallery_thumbnail/xryuSduOaz.png?v=1526282184785",
    "isCustomThumbnail": 0,
    "builtinTags": [
        "category-work",
        "geo",
        "grid",
        "legend",
        "series-bar",
        "tooltip"
    ],
    "customTags": [],
    "updaterUserName": "Kevin_pie"
}