{
    "cid": "xSJfNP9B6f",
    "authorUid": "bd-1565178401",
    "authorUserName": "MirFreenice",
    "title": "分组显式柱形图",
    "description": "分类问题的测评结果，以柱形图显示，每一组实验有多个指标显示",
    "latestVersion": 1,
    "alwaysLatest": 1,
    "createTime": "2018-05-01T07:28:41.000Z",
    "lastUpdateTime": "2018-05-01T07:28:41.000Z",
    "auth": 2,
    "uid": "bd-1565178401",
    "publishedVersion": 0,
    "forkFrom": "-",
    "isSpam": 0,
    "version": 1,
    "parentVersion": -1,
    "echartsVersion": "4.0.4",
    "versionCreateTime": "2018-05-01T07:28:41.000Z",
    "html": "",
    "externalScripts": "",
    "updaterUID": "bd-1565178401",
    "theme": "",
    "layout": "",
    "viewCount": 169,
    "userName": "MirFreenice",
    "commentCount": 0,
    "starCount": 5,
    "isStared": 0,
    "thumbnailURL": "https://www.makeapie.com/ecg-storage/ec_gallery_thumbnail/xSJfNP9B6f.png?v=1525159721743",
    "isCustomThumbnail": 0,
    "builtinTags": [
        "category-work",
        "grid",
        "legend",
        "series-bar"
    ],
    "customTags": [],
    "updaterUserName": "MirFreenice"
}