{
    "cid": "xSJZbW1Bpz",
    "authorUid": "bd-2762228889",
    "authorUserName": "TheresaYan44",
    "title": "你覺得個人信息洩露問題嚴重嗎？",
    "description": "",
    "latestVersion": 1,
    "alwaysLatest": 1,
    "createTime": "2018-04-30T18:31:21.000Z",
    "lastUpdateTime": "2018-04-30T18:31:21.000Z",
    "auth": 2,
    "uid": "bd-2762228889",
    "publishedVersion": 0,
    "forkFrom": "-",
    "isSpam": 0,
    "version": 1,
    "parentVersion": -1,
    "echartsVersion": "4.0.4",
    "versionCreateTime": "2018-04-30T18:31:21.000Z",
    "html": "",
    "externalScripts": "",
    "updaterUID": "bd-2762228889",
    "theme": "",
    "layout": "",
    "viewCount": 2716,
    "userName": "TheresaYan44",
    "commentCount": 0,
    "starCount": 12,
    "isStared": 0,
    "thumbnailURL": "https://www.makeapie.com/ecg-storage/ec_gallery_thumbnail/xSJZbW1Bpz.png?v=1525113081215",
    "isCustomThumbnail": 0,
    "builtinTags": [
        "category-work",
        "grid",
        "legend",
        "series-bar",
        "series-pie",
        "title",
        "tooltip"
    ],
    "customTags": [],
    "updaterUserName": "TheresaYan44"
}