{
    "cid": "xSkzODwQ6z",
    "authorUid": "bd-1546899689",
    "authorUserName": "rovoqo",
    "title": "rovoqo",
    "description": "",
    "latestVersion": 1,
    "alwaysLatest": 1,
    "createTime": "2018-04-29T15:40:25.000Z",
    "lastUpdateTime": "2018-04-29T15:40:25.000Z",
    "auth": 2,
    "uid": "bd-1546899689",
    "publishedVersion": 0,
    "forkFrom": "-",
    "isSpam": 0,
    "version": 1,
    "parentVersion": -1,
    "echartsVersion": "4.0.4",
    "versionCreateTime": "2018-04-29T15:40:25.000Z",
    "html": "",
    "externalScripts": "",
    "updaterUID": "bd-1546899689",
    "theme": "",
    "layout": "",
    "viewCount": 4,
    "userName": "rovoqo",
    "commentCount": 0,
    "starCount": 0,
    "isStared": 0,
    "thumbnailURL": "https://www.makeapie.com/ecg-storage/ec_gallery_thumbnail/xSkzODwQ6z.png?v=1525016425985",
    "isCustomThumbnail": 0,
    "builtinTags": [
        "category-work",
        "grid",
        "series-line",
        "title"
    ],
    "customTags": [],
    "updaterUserName": "rovoqo"
}