{
    "cid": "xSyf2lyH6z",
    "authorUid": "bd-2762228889",
    "authorUserName": "TheresaYan44",
    "title": "歷年天貓雙十一銷售額及漲幅",
    "description": "",
    "latestVersion": 1,
    "alwaysLatest": 1,
    "createTime": "2018-04-30T18:30:02.000Z",
    "lastUpdateTime": "2018-04-30T18:30:02.000Z",
    "auth": 2,
    "uid": "bd-2762228889",
    "publishedVersion": 0,
    "forkFrom": "-",
    "isSpam": 0,
    "version": 1,
    "parentVersion": -1,
    "echartsVersion": "4.0.4",
    "versionCreateTime": "2018-04-30T18:30:02.000Z",
    "html": "",
    "externalScripts": "",
    "updaterUID": "bd-2762228889",
    "theme": "infographic",
    "layout": "",
    "viewCount": 97,
    "userName": "TheresaYan44",
    "commentCount": 0,
    "starCount": 0,
    "isStared": 0,
    "thumbnailURL": "https://www.makeapie.com/ecg-storage/ec_gallery_thumbnail/xSyf2lyH6z.png?v=1525113002339",
    "isCustomThumbnail": 0,
    "builtinTags": [
        "category-work",
        "grid",
        "legend",
        "series-bar",
        "series-line",
        "title",
        "tooltip"
    ],
    "customTags": [],
    "updaterUserName": "TheresaYan44"
}