{
    "cid": "xSyrk3icaz",
    "authorUid": "bd-259133423",
    "authorUserName": "祖***6",
    "title": "环形图",
    "description": "",
    "latestVersion": 3,
    "alwaysLatest": 1,
    "createTime": "2018-05-05T03:58:21.000Z",
    "lastUpdateTime": "2018-05-05T03:58:21.000Z",
    "auth": 1,
    "uid": "bd-259133423",
    "publishedVersion": 0,
    "forkFrom": "-",
    "isSpam": 0,
    "version": 3,
    "parentVersion": 2,
    "echartsVersion": "4.1.0",
    "versionCreateTime": "2018-05-05T06:07:31.000Z",
    "html": "",
    "externalScripts": "",
    "updaterUID": "bd-259133423",
    "theme": "",
    "layout": "",
    "viewCount": 69,
    "userName": "祖***6",
    "commentCount": 0,
    "starCount": 0,
    "isStared": 0,
    "thumbnailURL": "https://www.makeapie.com/ecg-storage/ec_gallery_thumbnail/xSyrk3icaz.png?v=1525500451911",
    "isCustomThumbnail": 0,
    "builtinTags": [
        "category-work",
        "legend",
        "series-pie",
        "tooltip"
    ],
    "customTags": [],
    "updaterUserName": "祖***6"
}