{
    "cid": "x0JuQYyv8V",
    "authorUid": "bd-3005184939",
    "authorUserName": "1017520015",
    "title": "",
    "description": "",
    "latestVersion": 2,
    "alwaysLatest": 1,
    "createTime": "2019-03-18T23:18:06.000Z",
    "lastUpdateTime": "2019-03-18T23:18:06.000Z",
    "auth": 2,
    "uid": "bd-3005184939",
    "publishedVersion": 0,
    "forkFrom": "-",
    "isSpam": 0,
    "version": 2,
    "parentVersion": 1,
    "echartsVersion": "4.2.1",
    "versionCreateTime": "2019-03-18T23:46:11.000Z",
    "html": "",
    "externalScripts": "https://unpkg.com/shapefile@0.6,https://api.mapbox.com/mapbox-gl-js/v0.38.0/mapbox-gl.js,https://echarts.baidu.com/resource/echarts-gl-latest/mapboxgl-token.js,https://taotech-outsource-pub.oss-cn-shanghai.aliyuncs.com/sucai/geojson/echarts.min.js,https://code.jquery.com/jquery-3.1.1.min.js,https://echarts.baidu.com/resource/echarts-gl-latest/dist/echarts-gl.min.js",
    "updaterUID": "bd-3005184939",
    "theme": "",
    "layout": "",
    "viewCount": 104,
    "userName": "1017520015",
    "commentCount": 0,
    "starCount": 0,
    "isStared": 0,
    "thumbnailURL": "https://www.makeapie.com/ecg-storage/ec_gallery_thumbnail/x0JuQYyv8V.png?v=1552952771381",
    "isCustomThumbnail": 0,
    "builtinTags": [
        "category-work",
        "mapbox"
    ],
    "customTags": [],
    "updaterUserName": "1017520015"
}