{
    "cid": "x4Ccq3pCGw",
    "authorUid": "bd-2704078021",
    "authorUserName": "直觉S",
    "title": "指标-1",
    "description": "",
    "latestVersion": 1,
    "alwaysLatest": 1,
    "createTime": "2019-03-14T13:21:00.000Z",
    "lastUpdateTime": "2019-03-14T13:21:00.000Z",
    "auth": 2,
    "uid": "bd-2704078021",
    "publishedVersion": 0,
    "forkFrom": "-",
    "isSpam": 0,
    "version": 1,
    "parentVersion": -1,
    "echartsVersion": "4.2.1",
    "versionCreateTime": "2019-03-14T13:21:00.000Z",
    "html": "",
    "externalScripts": "",
    "updaterUID": "bd-2704078021",
    "theme": "",
    "layout": "",
    "viewCount": 271,
    "userName": "直觉S",
    "commentCount": 0,
    "starCount": 1,
    "isStared": 0,
    "thumbnailURL": "https://www.makeapie.com/ecg-storage/ec_gallery_thumbnail/x4Ccq3pCGw.png?v=1552569660494",
    "isCustomThumbnail": 0,
    "builtinTags": [
        "category-work",
        "grid",
        "series-bar",
        "tooltip"
    ],
    "customTags": [],
    "updaterUserName": "直觉S"
}