{
    "cid": "x5bYuAxleW",
    "authorUid": "bd-3250748643",
    "authorUserName": "188*****639",
    "title": "实用折线图",
    "description": "带阈值，多拐点颜色，点击切换活动项，自定义坐标颜色。",
    "latestVersion": 1,
    "alwaysLatest": 1,
    "createTime": "2019-03-15T04:59:01.000Z",
    "lastUpdateTime": "2019-03-15T04:59:01.000Z",
    "auth": 1,
    "uid": "bd-3250748643",
    "publishedVersion": 0,
    "forkFrom": "-",
    "isSpam": 0,
    "version": 1,
    "parentVersion": -1,
    "echartsVersion": "4.2.1",
    "versionCreateTime": "2019-03-15T04:59:01.000Z",
    "html": "",
    "externalScripts": "",
    "updaterUID": "bd-3250748643",
    "theme": "",
    "layout": "",
    "viewCount": 1072,
    "userName": "188*****639",
    "commentCount": 0,
    "starCount": 5,
    "isStared": 0,
    "thumbnailURL": "https://www.makeapie.com/ecg-storage/ec_gallery_thumbnail/x5bYuAxleW.png?v=1552625941924",
    "isCustomThumbnail": 0,
    "builtinTags": [
        "category-work",
        "grid",
        "markArea",
        "markLine",
        "series-line",
        "tooltip"
    ],
    "customTags": [],
    "updaterUserName": "188*****639"
}