{
    "cid": "xcZxWH24qt",
    "authorUid": "bd-2574360473",
    "authorUserName": "132*****250",
    "title": "地图visualmap",
    "description": "",
    "latestVersion": 1,
    "alwaysLatest": 1,
    "createTime": "2019-03-18T01:35:19.000Z",
    "lastUpdateTime": "2019-03-18T01:35:19.000Z",
    "auth": 2,
    "uid": "bd-2574360473",
    "publishedVersion": 0,
    "forkFrom": "-",
    "isSpam": 0,
    "version": 1,
    "parentVersion": -1,
    "echartsVersion": "4.2.1",
    "versionCreateTime": "2019-03-18T01:35:19.000Z",
    "html": "",
    "externalScripts": "/dep/echarts/map/js/china.js",
    "updaterUID": "bd-2574360473",
    "theme": "",
    "layout": "",
    "viewCount": 986,
    "userName": "132*****250",
    "commentCount": 0,
    "starCount": 2,
    "isStared": 0,
    "thumbnailURL": "https://www.makeapie.com/ecg-storage/ec_gallery_thumbnail/xcZxWH24qt.png?v=1552872920036",
    "isCustomThumbnail": 0,
    "builtinTags": [
        "category-work",
        "geo",
        "series-map",
        "visualMap"
    ],
    "customTags": [],
    "updaterUserName": "132*****250"
}