{
    "cid": "xDopdGTGno",
    "authorUid": "bd-1598362788",
    "authorUserName": "断***秋",
    "title": "混合柱状图",
    "description": "柱状图与浮点混合",
    "latestVersion": 1,
    "alwaysLatest": 1,
    "createTime": "2019-03-14T09:10:24.000Z",
    "lastUpdateTime": "2019-03-14T09:10:24.000Z",
    "auth": 2,
    "uid": "bd-1598362788",
    "publishedVersion": 0,
    "forkFrom": "-",
    "isSpam": 0,
    "version": 1,
    "parentVersion": -1,
    "echartsVersion": "4.2.1",
    "versionCreateTime": "2019-03-14T09:10:24.000Z",
    "html": "",
    "externalScripts": "",
    "updaterUID": "bd-1598362788",
    "theme": "default",
    "layout": "",
    "viewCount": 298,
    "userName": "断***秋",
    "commentCount": 0,
    "starCount": 2,
    "isStared": 0,
    "thumbnailURL": "https://www.makeapie.com/ecg-storage/ec_gallery_thumbnail/xDopdGTGno.png?v=1552554624801",
    "isCustomThumbnail": 0,
    "builtinTags": [
        "category-work",
        "dataZoom",
        "grid",
        "legend",
        "markLine",
        "series-bar",
        "series-scatter",
        "tooltip"
    ],
    "customTags": [],
    "updaterUserName": "断***秋"
}