{
    "cid": "xds-6-1pdQ",
    "authorUid": "bd-290899024",
    "authorUserName": "依***t",
    "title": "",
    "description": "",
    "latestVersion": 1,
    "alwaysLatest": 1,
    "createTime": "2019-03-18T05:56:31.000Z",
    "lastUpdateTime": "2019-03-18T05:56:31.000Z",
    "auth": 2,
    "uid": "bd-290899024",
    "publishedVersion": 0,
    "forkFrom": "-",
    "isSpam": 0,
    "version": 1,
    "parentVersion": -1,
    "echartsVersion": "4.2.1",
    "versionCreateTime": "2019-03-18T05:56:31.000Z",
    "html": "",
    "externalScripts": "",
    "updaterUID": "bd-290899024",
    "theme": "",
    "layout": "",
    "viewCount": 137,
    "userName": "依***t",
    "commentCount": 0,
    "starCount": 0,
    "isStared": 0,
    "thumbnailURL": "https://www.makeapie.com/ecg-storage/ec_gallery_thumbnail/xds-6-1pdQ.png?v=1552888591828",
    "isCustomThumbnail": 0,
    "builtinTags": [
        "category-work",
        "legend",
        "series-pie",
        "tooltip"
    ],
    "customTags": [],
    "updaterUserName": "依***t"
}