{
    "cid": "xFBqU9AvS6",
    "authorUid": "bd-1191582446",
    "authorUserName": "c***n",
    "title": "echarts 仪表盘 js-new",
    "description": "echarts数据可视化渐变仪表盘配置实例",
    "latestVersion": 1,
    "alwaysLatest": 1,
    "createTime": "2019-03-14T13:56:42.000Z",
    "lastUpdateTime": "2019-03-14T13:56:42.000Z",
    "auth": 2,
    "uid": "bd-1191582446",
    "publishedVersion": 0,
    "forkFrom": "-",
    "isSpam": 0,
    "version": 1,
    "parentVersion": -1,
    "echartsVersion": "4.2.1",
    "versionCreateTime": "2019-03-14T13:56:42.000Z",
    "html": "",
    "externalScripts": "/dep/echarts/map/js/world.js,https://cdn.rawgit.com/ecomfe/echarts-wordcloud/833ed011/dist/echarts-wordcloud.min.js",
    "updaterUID": "bd-1191582446",
    "theme": "",
    "layout": "",
    "viewCount": 2633,
    "userName": "c***n",
    "commentCount": 0,
    "starCount": 10,
    "isStared": 0,
    "thumbnailURL": "https://www.makeapie.com/ecg-storage/ec_gallery_thumbnail/xFBqU9AvS6.png?v=1552571803142",
    "isCustomThumbnail": 0,
    "builtinTags": [
        "category-work",
        "series-gauge",
        "tooltip"
    ],
    "customTags": [],
    "updaterUserName": "c***n"
}