{
    "cid": "xiLrYbtfcP",
    "authorUid": "bd-2704078021",
    "authorUserName": "直觉S",
    "title": "饼图案例001",
    "description": "7789",
    "latestVersion": 1,
    "alwaysLatest": 1,
    "createTime": "2019-03-15T05:33:12.000Z",
    "lastUpdateTime": "2019-03-15T05:33:12.000Z",
    "auth": 2,
    "uid": "bd-2704078021",
    "publishedVersion": 0,
    "forkFrom": "-",
    "isSpam": 0,
    "version": 1,
    "parentVersion": -1,
    "echartsVersion": "4.2.1",
    "versionCreateTime": "2019-03-15T05:33:12.000Z",
    "html": "",
    "externalScripts": "",
    "updaterUID": "bd-2704078021",
    "theme": "",
    "layout": "",
    "viewCount": 154,
    "userName": "直觉S",
    "commentCount": 0,
    "starCount": 1,
    "isStared": 0,
    "thumbnailURL": "https://www.makeapie.com/ecg-storage/ec_gallery_thumbnail/xiLrYbtfcP.png?v=1552627992721",
    "isCustomThumbnail": 0,
    "builtinTags": [
        "category-work",
        "legend",
        "series-pie",
        "title"
    ],
    "customTags": [],
    "updaterUserName": "直觉S"
}