{
    "cid": "xKrtcUiAtI",
    "authorUid": "bd-2704078021",
    "authorUserName": "直觉S",
    "title": "B-2",
    "description": "",
    "latestVersion": 2,
    "alwaysLatest": 1,
    "createTime": "2019-03-14T14:35:22.000Z",
    "lastUpdateTime": "2019-03-14T14:35:22.000Z",
    "auth": 2,
    "uid": "bd-2704078021",
    "publishedVersion": 0,
    "forkFrom": "-",
    "isSpam": 0,
    "version": 2,
    "parentVersion": 1,
    "echartsVersion": "4.2.1",
    "versionCreateTime": "2019-03-14T14:40:50.000Z",
    "html": "",
    "externalScripts": "",
    "updaterUID": "bd-2704078021",
    "theme": "",
    "layout": "",
    "viewCount": 23,
    "userName": "直觉S",
    "commentCount": 0,
    "starCount": 1,
    "isStared": 0,
    "thumbnailURL": "https://www.makeapie.com/ecg-storage/ec_gallery_thumbnail/xKrtcUiAtI.png?v=1552574450130",
    "isCustomThumbnail": 0,
    "builtinTags": [
        "category-work",
        "grid",
        "series-line"
    ],
    "customTags": [],
    "updaterUserName": "直觉S"
}