{
    "cid": "xl_j8nssCl",
    "authorUid": "bd-1101197343",
    "authorUserName": "名***取",
    "title": "柱状图",
    "description": "",
    "latestVersion": 1,
    "alwaysLatest": 1,
    "createTime": "2019-03-19T02:47:59.000Z",
    "lastUpdateTime": "2019-03-19T02:47:59.000Z",
    "auth": 2,
    "uid": "bd-1101197343",
    "publishedVersion": 0,
    "forkFrom": "-",
    "isSpam": 0,
    "version": 1,
    "parentVersion": -1,
    "echartsVersion": "4.2.1",
    "versionCreateTime": "2019-03-19T02:47:59.000Z",
    "html": "",
    "externalScripts": "",
    "updaterUID": "bd-1101197343",
    "theme": "",
    "layout": "",
    "viewCount": 64,
    "userName": "名***取",
    "commentCount": 0,
    "starCount": 0,
    "isStared": 0,
    "thumbnailURL": "https://www.makeapie.com/ecg-storage/ec_gallery_thumbnail/xl_j8nssCl.png?v=1552963680027",
    "isCustomThumbnail": 0,
    "builtinTags": [
        "category-work",
        "grid",
        "legend",
        "series-bar",
        "tooltip"
    ],
    "customTags": [],
    "updaterUserName": "名***取"
}