{
    "cid": "xnZCHs1cA5",
    "authorUid": "bd-4150559213",
    "authorUserName": "M***x",
    "title": "动态----数据资产访问统计",
    "description": "",
    "latestVersion": 2,
    "alwaysLatest": 1,
    "createTime": "2019-03-18T06:03:15.000Z",
    "lastUpdateTime": "2019-03-18T06:03:15.000Z",
    "auth": 2,
    "uid": "bd-4150559213",
    "publishedVersion": 0,
    "forkFrom": "-",
    "isSpam": 0,
    "version": 2,
    "parentVersion": 1,
    "echartsVersion": "4.2.1",
    "versionCreateTime": "2019-03-18T09:49:19.000Z",
    "html": "",
    "externalScripts": "",
    "updaterUID": "bd-4150559213",
    "theme": "",
    "layout": "",
    "viewCount": 178,
    "userName": "M***x",
    "commentCount": 0,
    "starCount": 1,
    "isStared": 0,
    "thumbnailURL": "https://www.makeapie.com/ecg-storage/ec_gallery_thumbnail/xnZCHs1cA5.png?v=1552902559098",
    "isCustomThumbnail": 0,
    "builtinTags": [
        "category-work",
        "polar",
        "series-bar",
        "tooltip"
    ],
    "customTags": [
        "bar"
    ],
    "updaterUserName": "M***x"
}