{
    "cid": "xNZXlBqXo6",
    "authorUid": "bd-1101197343",
    "authorUserName": "名***取",
    "title": "排序柱状图",
    "description": "排序按大到小排序",
    "latestVersion": 5,
    "alwaysLatest": 1,
    "createTime": "2019-03-19T02:43:12.000Z",
    "lastUpdateTime": "2019-03-19T02:43:12.000Z",
    "auth": 2,
    "uid": "bd-1101197343",
    "publishedVersion": 0,
    "forkFrom": "-",
    "isSpam": 0,
    "version": 5,
    "parentVersion": 4,
    "echartsVersion": "4.2.1",
    "versionCreateTime": "2019-06-11T02:26:10.000Z",
    "html": "",
    "externalScripts": "",
    "updaterUID": "bd-1101197343",
    "theme": "",
    "layout": "",
    "viewCount": 78,
    "userName": "名***取",
    "commentCount": 0,
    "starCount": 0,
    "isStared": 0,
    "thumbnailURL": "https://www.makeapie.com/ecg-storage/ec_gallery_thumbnail/xNZXlBqXo6.png?v=1560219970598",
    "isCustomThumbnail": 0,
    "builtinTags": [
        "category-work",
        "grid",
        "series-bar",
        "tooltip"
    ],
    "customTags": [],
    "updaterUserName": "名***取"
}