{
    "cid": "xp_qmwMwIO",
    "authorUid": "bd-290899024",
    "authorUserName": "依***t",
    "title": "双层漏斗图",
    "description": "",
    "latestVersion": 4,
    "alwaysLatest": 1,
    "createTime": "2019-03-18T10:34:10.000Z",
    "lastUpdateTime": "2019-03-18T10:34:10.000Z",
    "auth": 2,
    "uid": "bd-290899024",
    "publishedVersion": 0,
    "forkFrom": "-",
    "isSpam": 0,
    "version": 4,
    "parentVersion": 3,
    "echartsVersion": "4.2.1",
    "versionCreateTime": "2019-03-18T11:14:57.000Z",
    "html": "",
    "externalScripts": "",
    "updaterUID": "bd-290899024",
    "theme": "",
    "layout": "",
    "viewCount": 229,
    "userName": "依***t",
    "commentCount": 0,
    "starCount": 0,
    "isStared": 0,
    "thumbnailURL": "https://www.makeapie.com/ecg-storage/ec_gallery_thumbnail/xp_qmwMwIO.png?v=1552907697442",
    "isCustomThumbnail": 0,
    "builtinTags": [
        "category-work",
        "grid",
        "series-funnel"
    ],
    "customTags": [],
    "updaterUserName": "依***t"
}