{
    "cid": "xPgXHE-FLJ",
    "authorUid": "bd-4150559213",
    "authorUserName": "M***x",
    "title": "数据地图",
    "description": "",
    "latestVersion": 4,
    "alwaysLatest": 1,
    "createTime": "2019-03-19T02:48:13.000Z",
    "lastUpdateTime": "2019-03-19T02:48:13.000Z",
    "auth": 2,
    "uid": "bd-4150559213",
    "publishedVersion": 0,
    "forkFrom": "-",
    "isSpam": 0,
    "version": 4,
    "parentVersion": 3,
    "echartsVersion": "4.2.1",
    "versionCreateTime": "2019-04-16T04:13:30.000Z",
    "html": "",
    "externalScripts": "",
    "updaterUID": "bd-4150559213",
    "theme": "",
    "layout": "",
    "viewCount": 1624,
    "userName": "M***x",
    "commentCount": 0,
    "starCount": 5,
    "isStared": 0,
    "thumbnailURL": "https://www.makeapie.com/ecg-storage/ec_gallery_thumbnail/xPgXHE-FLJ.png?v=1555388010848",
    "isCustomThumbnail": 0,
    "builtinTags": [
        "category-work",
        "series-graph",
        "tooltip"
    ],
    "customTags": [],
    "updaterUserName": "M***x"
}