{
    "cid": "xURAY3ueWZ",
    "authorUid": "bd-2704078021",
    "authorUserName": "直觉S",
    "title": "B-1",
    "description": "虚构数据",
    "latestVersion": 3,
    "alwaysLatest": 1,
    "createTime": "2019-03-14T14:05:40.000Z",
    "lastUpdateTime": "2019-03-14T14:05:40.000Z",
    "auth": 2,
    "uid": "bd-2704078021",
    "publishedVersion": 0,
    "forkFrom": "-",
    "isSpam": 0,
    "version": 3,
    "parentVersion": 2,
    "echartsVersion": "4.2.1",
    "versionCreateTime": "2019-03-14T14:31:10.000Z",
    "html": "",
    "externalScripts": "",
    "updaterUID": "bd-2704078021",
    "theme": "",
    "layout": "",
    "viewCount": 21,
    "userName": "直觉S",
    "commentCount": 0,
    "starCount": 0,
    "isStared": 0,
    "thumbnailURL": "https://www.makeapie.com/ecg-storage/ec_gallery_thumbnail/xURAY3ueWZ.png?v=1552573870324",
    "isCustomThumbnail": 0,
    "builtinTags": [
        "category-work",
        "legend",
        "series-pie",
        "title",
        "tooltip"
    ],
    "customTags": [],
    "updaterUserName": "直觉S"
}