{
    "cid": "xYR8yqK_q-",
    "authorUid": "bd-3246412109",
    "authorUserName": "不***森",
    "title": "今年业绩完成情况表(万元)",
    "description": "",
    "latestVersion": 1,
    "alwaysLatest": 1,
    "createTime": "2019-03-19T02:31:38.000Z",
    "lastUpdateTime": "2019-03-19T02:31:38.000Z",
    "auth": 2,
    "uid": "bd-3246412109",
    "publishedVersion": 0,
    "forkFrom": "-",
    "isSpam": 0,
    "version": 1,
    "parentVersion": -1,
    "echartsVersion": "4.2.1",
    "versionCreateTime": "2019-03-19T02:31:38.000Z",
    "html": "",
    "externalScripts": "",
    "updaterUID": "bd-3246412109",
    "theme": "",
    "layout": "",
    "viewCount": 50,
    "userName": "不***森",
    "commentCount": 0,
    "starCount": 0,
    "isStared": 0,
    "thumbnailURL": "https://www.makeapie.com/ecg-storage/ec_gallery_thumbnail/xYR8yqK_q-.png?v=1552962698828",
    "isCustomThumbnail": 0,
    "builtinTags": [
        "category-work",
        "series-pie",
        "title",
        "tooltip"
    ],
    "customTags": [],
    "updaterUserName": "不***森"
}