{
    "cid": "xAO_RAuqGU",
    "authorUid": "obd-o2tLt3KQhF2OQFQU9ZN9UUxhrA7Bp6x",
    "authorUserName": "a***人",
    "title": "知识图谱",
    "description": "",
    "latestVersion": 2,
    "alwaysLatest": 1,
    "createTime": "2020-04-09T04:31:18.000Z",
    "lastUpdateTime": "2020-04-09T04:31:18.000Z",
    "auth": 1,
    "uid": "obd-o2tLt3KQhF2OQFQU9ZN9UUxhrA7Bp6x",
    "publishedVersion": 0,
    "forkFrom": "-",
    "isSpam": 0,
    "version": 2,
    "parentVersion": 1,
    "echartsVersion": "4.7.0",
    "versionCreateTime": "2020-04-09T04:34:23.000Z",
    "html": "",
    "externalScripts": "",
    "updaterUID": "obd-o2tLt3KQhF2OQFQU9ZN9UUxhrA7Bp6x",
    "theme": "",
    "layout": "",
    "viewCount": 759,
    "userName": "a***人",
    "commentCount": 0,
    "starCount": 5,
    "isStared": 0,
    "thumbnailURL": "https://www.makeapie.com/ecg-storage/ec_gallery_thumbnail/xAO_RAuqGU.png?v=1586406863694",
    "isCustomThumbnail": 0,
    "builtinTags": [
        "category-work",
        "legend",
        "series-graph",
        "title"
    ],
    "customTags": [],
    "updaterUserName": "a***人"
}