{
    "cid": "xBwD1uMmZt",
    "authorUid": "bd-4061446379",
    "authorUserName": "A***9",
    "title": "漏斗图-人员结构",
    "description": "纯属虚构",
    "latestVersion": 4,
    "alwaysLatest": 1,
    "createTime": "2020-04-08T08:22:09.000Z",
    "lastUpdateTime": "2020-04-08T08:22:09.000Z",
    "auth": 1,
    "uid": "bd-4061446379",
    "publishedVersion": 0,
    "forkFrom": "-",
    "isSpam": 0,
    "version": 4,
    "parentVersion": 3,
    "echartsVersion": "4.7.0",
    "versionCreateTime": "2020-04-08T08:50:06.000Z",
    "html": "",
    "externalScripts": "",
    "updaterUID": "bd-4061446379",
    "theme": "",
    "layout": "",
    "viewCount": 148,
    "userName": "A***9",
    "commentCount": 0,
    "starCount": 0,
    "isStared": 0,
    "thumbnailURL": "https://www.makeapie.com/ecg-storage/ec_gallery_thumbnail/xBwD1uMmZt.png?v=1586335806137",
    "isCustomThumbnail": 0,
    "builtinTags": [
        "category-work",
        "legend",
        "series-funnel",
        "toolbox",
        "tooltip"
    ],
    "customTags": [],
    "updaterUserName": "A***9"
}