{
    "cid": "xdZfe4GbaL",
    "authorUid": "obd-oA7FWS8iMuW56zhGfEdY9ct15zf3K7D",
    "authorUserName": "j***e",
    "title": "Awesome Chart",
    "description": "",
    "latestVersion": 2,
    "alwaysLatest": 1,
    "createTime": "2020-04-08T10:07:01.000Z",
    "lastUpdateTime": "2020-04-08T10:07:01.000Z",
    "auth": 2,
    "uid": "obd-oA7FWS8iMuW56zhGfEdY9ct15zf3K7D",
    "publishedVersion": 0,
    "forkFrom": "-",
    "isSpam": 0,
    "version": 2,
    "parentVersion": 1,
    "echartsVersion": "4.7.0",
    "versionCreateTime": "2020-04-08T10:07:53.000Z",
    "html": "",
    "externalScripts": "",
    "updaterUID": "obd-oA7FWS8iMuW56zhGfEdY9ct15zf3K7D",
    "theme": "",
    "layout": "",
    "viewCount": 10,
    "userName": "j***e",
    "commentCount": 0,
    "starCount": 0,
    "isStared": 0,
    "thumbnailURL": "https://www.makeapie.com/ecg-storage/ec_gallery_thumbnail/xdZfe4GbaL.png?v=1586340473657",
    "isCustomThumbnail": 0,
    "builtinTags": [
        "category-work",
        "grid",
        "series-line",
        "title"
    ],
    "customTags": [],
    "updaterUserName": "j***e"
}