{
    "cid": "xfFjLWvBV4",
    "authorUid": "obd-o2tLt3KQhF2OQFQU9ZN9UUxhrA7Bp6x",
    "authorUserName": "a***人",
    "title": "关系图谱",
    "description": "",
    "latestVersion": 2,
    "alwaysLatest": 1,
    "createTime": "2020-04-08T12:45:46.000Z",
    "lastUpdateTime": "2020-04-08T12:45:46.000Z",
    "auth": 2,
    "uid": "obd-o2tLt3KQhF2OQFQU9ZN9UUxhrA7Bp6x",
    "publishedVersion": 0,
    "forkFrom": "-",
    "isSpam": 0,
    "version": 2,
    "parentVersion": 1,
    "echartsVersion": "4.7.0",
    "versionCreateTime": "2020-04-08T12:46:50.000Z",
    "html": "",
    "externalScripts": "",
    "updaterUID": "obd-o2tLt3KQhF2OQFQU9ZN9UUxhrA7Bp6x",
    "theme": "",
    "layout": "",
    "viewCount": 691,
    "userName": "a***人",
    "commentCount": 0,
    "starCount": 1,
    "isStared": 0,
    "thumbnailURL": "https://www.makeapie.com/ecg-storage/ec_gallery_thumbnail/xfFjLWvBV4.png?v=1586350010809",
    "isCustomThumbnail": 0,
    "builtinTags": [
        "category-work",
        "legend",
        "series-graph",
        "title"
    ],
    "customTags": [],
    "updaterUserName": "a***人"
}