{
    "cid": "xIElfZ8StD",
    "authorUid": "bd-420474456",
    "authorUserName": "彼***儡",
    "title": "小仪表盘",
    "description": "当div比较小的时候的仪表盘【公司项目备用】",
    "latestVersion": 1,
    "alwaysLatest": 1,
    "createTime": "2020-04-09T09:59:02.000Z",
    "lastUpdateTime": "2020-04-09T09:59:02.000Z",
    "auth": 2,
    "uid": "bd-420474456",
    "publishedVersion": 0,
    "forkFrom": "-",
    "isSpam": 0,
    "version": 1,
    "parentVersion": -1,
    "echartsVersion": "4.7.0",
    "versionCreateTime": "2020-04-09T09:59:02.000Z",
    "html": "",
    "externalScripts": "",
    "updaterUID": "bd-420474456",
    "theme": "",
    "layout": "",
    "viewCount": 130,
    "userName": "彼***儡",
    "commentCount": 0,
    "starCount": 0,
    "isStared": 0,
    "thumbnailURL": "https://www.makeapie.com/ecg-storage/ec_gallery_thumbnail/xIElfZ8StD.png?v=1586426342752",
    "isCustomThumbnail": 0,
    "builtinTags": [
        "category-work",
        "series-gauge"
    ],
    "customTags": [],
    "updaterUserName": "彼***儡"
}