{
    "cid": "xnA7WRIXK6",
    "authorUid": "bd-621198641",
    "authorUserName": "l***2",
    "title": "Awesome Chart",
    "description": "",
    "latestVersion": 1,
    "alwaysLatest": 1,
    "createTime": "2020-04-09T07:14:27.000Z",
    "lastUpdateTime": "2020-04-09T07:14:27.000Z",
    "auth": 2,
    "uid": "bd-621198641",
    "publishedVersion": 0,
    "forkFrom": "-",
    "isSpam": 0,
    "version": 1,
    "parentVersion": -1,
    "echartsVersion": "4.7.0",
    "versionCreateTime": "2020-04-09T07:14:27.000Z",
    "html": "",
    "externalScripts": "",
    "updaterUID": "bd-621198641",
    "theme": "",
    "layout": "",
    "viewCount": 5,
    "userName": "l***2",
    "commentCount": 0,
    "starCount": 0,
    "isStared": 0,
    "thumbnailURL": "https://www.makeapie.com/ecg-storage/ec_gallery_thumbnail/xnA7WRIXK6.png?v=1586416467426",
    "isCustomThumbnail": 0,
    "builtinTags": [
        "category-work",
        "grid",
        "series-line",
        "title"
    ],
    "customTags": [],
    "updaterUserName": "l***2"
}