{
    "cid": "xNuNN99Uvc",
    "authorUid": "bd-4061446379",
    "authorUserName": "A***9",
    "title": "漏斗图-人员结构3",
    "description": "",
    "latestVersion": 3,
    "alwaysLatest": 1,
    "createTime": "2020-04-08T08:47:49.000Z",
    "lastUpdateTime": "2020-04-08T08:47:49.000Z",
    "auth": 1,
    "uid": "bd-4061446379",
    "publishedVersion": 0,
    "forkFrom": "-",
    "isSpam": 0,
    "version": 3,
    "parentVersion": 2,
    "echartsVersion": "4.7.0",
    "versionCreateTime": "2020-04-08T08:52:32.000Z",
    "html": "",
    "externalScripts": "",
    "updaterUID": "bd-4061446379",
    "theme": "",
    "layout": "",
    "viewCount": 173,
    "userName": "A***9",
    "commentCount": 0,
    "starCount": 1,
    "isStared": 0,
    "thumbnailURL": "https://www.makeapie.com/ecg-storage/ec_gallery_thumbnail/xNuNN99Uvc.png?v=1586335952250",
    "isCustomThumbnail": 0,
    "builtinTags": [
        "category-work",
        "legend",
        "series-funnel",
        "toolbox",
        "tooltip"
    ],
    "customTags": [],
    "updaterUserName": "A***9"
}