{
    "cid": "xpxjzOX8u2",
    "authorUid": "obd-oN7O_L8U_Qjio-xh6Hd5N_wOnBfOOCU",
    "authorUserName": "舜***军",
    "title": "提案转化率",
    "description": "",
    "latestVersion": 1,
    "alwaysLatest": 1,
    "createTime": "2020-04-09T07:54:19.000Z",
    "lastUpdateTime": "2020-04-09T07:55:48.000Z",
    "auth": 2,
    "uid": "obd-oN7O_L8U_Qjio-xh6Hd5N_wOnBfOOCU",
    "publishedVersion": 0,
    "forkFrom": "-",
    "isSpam": 0,
    "version": 1,
    "parentVersion": -1,
    "echartsVersion": "4.7.0",
    "versionCreateTime": "2020-04-09T07:54:19.000Z",
    "html": "",
    "externalScripts": "",
    "updaterUID": "obd-oN7O_L8U_Qjio-xh6Hd5N_wOnBfOOCU",
    "theme": "shine",
    "layout": "",
    "viewCount": 7,
    "userName": "舜***军",
    "commentCount": 0,
    "starCount": 0,
    "isStared": 0,
    "thumbnailURL": "https://www.makeapie.com/ecg-storage/ec_gallery_thumbnail/xpxjzOX8u2.png?v=1586418860039",
    "isCustomThumbnail": 0,
    "builtinTags": [],
    "customTags": [],
    "updaterUserName": "舜***军"
}