{
    "cid": "xr-eaJrfvZ",
    "authorUid": "bd-4077488867",
    "authorUserName": "w***0",
    "title": "折线连通图",
    "description": "",
    "latestVersion": 5,
    "alwaysLatest": 1,
    "createTime": "2020-04-08T09:47:24.000Z",
    "lastUpdateTime": "2021-12-13T09:30:23.000Z",
    "auth": 2,
    "uid": "bd-4077488867",
    "publishedVersion": 0,
    "forkFrom": "-",
    "isSpam": 0,
    "version": 5,
    "parentVersion": 4,
    "echartsVersion": "4.9.0",
    "versionCreateTime": "2021-12-13T09:30:23.000Z",
    "html": "",
    "externalScripts": "",
    "updaterUID": "bd-4077488867",
    "theme": "",
    "layout": "",
    "viewCount": 2237,
    "userName": "w***0",
    "commentCount": 0,
    "starCount": 19,
    "isStared": 0,
    "thumbnailURL": "https://www.makeapie.com/ecg-storage/ec_gallery_thumbnail/xr-eaJrfvZ.png?v=1586339244847",
    "isCustomThumbnail": 1,
    "builtinTags": [
        "category-work",
        "grid",
        "markPoint",
        "series-line",
        "title"
    ],
    "customTags": [],
    "updaterUserName": "w***0"
}