{
    "cid": "xtA1U6F3cG",
    "authorUid": "obd-otnTOyWBm5RbAgNnNC9HPNtXyE0y58Z",
    "authorUserName": "哦***图",
    "title": "折线图对比",
    "description": "今年收入与去年收入折线图对比",
    "latestVersion": 1,
    "alwaysLatest": 1,
    "createTime": "2020-04-08T08:22:13.000Z",
    "lastUpdateTime": "2020-04-08T08:22:13.000Z",
    "auth": 1,
    "uid": "obd-otnTOyWBm5RbAgNnNC9HPNtXyE0y58Z",
    "publishedVersion": 1,
    "forkFrom": "-",
    "isSpam": 0,
    "version": 1,
    "parentVersion": -1,
    "echartsVersion": "4.7.0",
    "versionCreateTime": "2020-04-08T08:22:13.000Z",
    "html": "",
    "externalScripts": "",
    "updaterUID": "obd-otnTOyWBm5RbAgNnNC9HPNtXyE0y58Z",
    "theme": "",
    "layout": "",
    "viewCount": 89,
    "userName": "哦***图",
    "commentCount": 0,
    "starCount": 0,
    "isStared": 0,
    "thumbnailURL": "https://www.makeapie.com/ecg-storage/ec_gallery_thumbnail/xtA1U6F3cG.png?v=1586334133689",
    "isCustomThumbnail": 0,
    "builtinTags": [
        "category-work",
        "dataZoom",
        "grid",
        "legend",
        "series-line",
        "tooltip"
    ],
    "customTags": [],
    "updaterUserName": "哦***图"
}