{
    "cid": "xUN6n0vvDz",
    "authorUid": "bd-3355541042",
    "authorUserName": "c***i",
    "title": "仿新华社疫情统计图",
    "description": "仿新华社疫情统计图，源图片地址看微信 mp.weixin.qq.com/s/YHF0VUfF2DcYFbAsCs07tQ",
    "latestVersion": 5,
    "alwaysLatest": 1,
    "createTime": "2020-04-08T11:09:02.000Z",
    "lastUpdateTime": "2020-04-08T11:09:02.000Z",
    "auth": 2,
    "uid": "bd-3355541042",
    "publishedVersion": 0,
    "forkFrom": "-",
    "isSpam": 0,
    "version": 5,
    "parentVersion": 4,
    "echartsVersion": "4.8.0",
    "versionCreateTime": "2021-03-24T03:30:57.000Z",
    "html": "",
    "externalScripts": "",
    "updaterUID": "bd-3355541042",
    "theme": "dark",
    "layout": "",
    "viewCount": 132,
    "userName": "c***i",
    "commentCount": 0,
    "starCount": 2,
    "isStared": 0,
    "thumbnailURL": "https://www.makeapie.com/ecg-storage/ec_gallery_thumbnail/xUN6n0vvDz.png?v=1616556657729",
    "isCustomThumbnail": 0,
    "builtinTags": [
        "category-work",
        "grid",
        "legend",
        "series-line",
        "tooltip"
    ],
    "customTags": [],
    "updaterUserName": "c***i"
}