{
    "cid": "xwB-5_5bgn",
    "authorUid": "obd-o2wgiLCNpsY76_mhWRjiALnELcIpTBi",
    "authorUserName": "七***乐",
    "title": "myself",
    "description": "",
    "latestVersion": 2,
    "alwaysLatest": 1,
    "createTime": "2020-04-08T12:43:54.000Z",
    "lastUpdateTime": "2020-04-08T12:43:54.000Z",
    "auth": 2,
    "uid": "obd-o2wgiLCNpsY76_mhWRjiALnELcIpTBi",
    "publishedVersion": 0,
    "forkFrom": "-",
    "isSpam": 0,
    "version": 2,
    "parentVersion": 1,
    "echartsVersion": "4.7.0",
    "versionCreateTime": "2020-04-08T12:44:40.000Z",
    "html": "",
    "externalScripts": "",
    "updaterUID": "obd-o2wgiLCNpsY76_mhWRjiALnELcIpTBi",
    "theme": "",
    "layout": "",
    "viewCount": 1016,
    "userName": "七***乐",
    "commentCount": 0,
    "starCount": 3,
    "isStared": 0,
    "thumbnailURL": "https://www.makeapie.com/ecg-storage/ec_gallery_thumbnail/xwB-5_5bgn.png?v=1586349881102",
    "isCustomThumbnail": 0,
    "builtinTags": [
        "category-work",
        "legend",
        "series-graph",
        "title"
    ],
    "customTags": [],
    "updaterUserName": "七***乐"
}