{
    "cid": "xwM0dLwiDm",
    "authorUid": "bd-3355541042",
    "authorUserName": "c***i",
    "title": "常规折线图 区域填充颜色",
    "description": "常规折线图 区域填充颜色",
    "latestVersion": 1,
    "alwaysLatest": 1,
    "createTime": "2020-04-09T02:16:09.000Z",
    "lastUpdateTime": "2020-04-09T02:16:09.000Z",
    "auth": 2,
    "uid": "bd-3355541042",
    "publishedVersion": 0,
    "forkFrom": "-",
    "isSpam": 0,
    "version": 1,
    "parentVersion": -1,
    "echartsVersion": "4.7.0",
    "versionCreateTime": "2020-04-09T02:16:09.000Z",
    "html": "",
    "externalScripts": "",
    "updaterUID": "bd-3355541042",
    "theme": "dark",
    "layout": "",
    "viewCount": 107,
    "userName": "c***i",
    "commentCount": 0,
    "starCount": 1,
    "isStared": 0,
    "thumbnailURL": "https://www.makeapie.com/ecg-storage/ec_gallery_thumbnail/xwM0dLwiDm.png?v=1586398569963",
    "isCustomThumbnail": 0,
    "builtinTags": [
        "category-work",
        "grid",
        "legend",
        "series-line",
        "tooltip"
    ],
    "customTags": [],
    "updaterUserName": "c***i"
}