{
    "cid": "xZEj5W71W3",
    "authorUid": "bd-4129629956",
    "authorUserName": "a***3",
    "title": "蠕虫累型排行榜TOP5",
    "description": "",
    "latestVersion": 10,
    "alwaysLatest": 1,
    "createTime": "2020-04-08T06:53:19.000Z",
    "lastUpdateTime": "2020-04-08T06:53:19.000Z",
    "auth": 2,
    "uid": "bd-4129629956",
    "publishedVersion": 0,
    "forkFrom": "-",
    "isSpam": 0,
    "version": 10,
    "parentVersion": 9,
    "echartsVersion": "4.7.0",
    "versionCreateTime": "2020-04-13T11:41:38.000Z",
    "html": "",
    "externalScripts": "",
    "updaterUID": "bd-4129629956",
    "theme": "",
    "layout": "",
    "viewCount": 120,
    "userName": "a***3",
    "commentCount": 0,
    "starCount": 0,
    "isStared": 0,
    "thumbnailURL": "https://www.makeapie.com/ecg-storage/ec_gallery_thumbnail/xZEj5W71W3.png?v=1586778098850",
    "isCustomThumbnail": 0,
    "builtinTags": [
        "category-work",
        "legend",
        "series-pie",
        "title",
        "tooltip"
    ],
    "customTags": [
        "pie"
    ],
    "updaterUserName": "a***3"
}