{
    "cid": "x0bUctYIex",
    "authorUid": "bd-3425638265",
    "authorUserName": "l***5",
    "title": "关系图气泡",
    "description": "",
    "latestVersion": 1,
    "alwaysLatest": 1,
    "createTime": "2019-06-27T15:19:50.000Z",
    "lastUpdateTime": "2019-06-27T15:19:50.000Z",
    "auth": 2,
    "uid": "bd-3425638265",
    "publishedVersion": 0,
    "forkFrom": "-",
    "isSpam": 0,
    "version": 1,
    "parentVersion": -1,
    "echartsVersion": "4.2.1",
    "versionCreateTime": "2019-06-27T15:19:50.000Z",
    "html": "",
    "externalScripts": "",
    "updaterUID": "bd-3425638265",
    "theme": "",
    "layout": "",
    "viewCount": 2052,
    "userName": "l***5",
    "commentCount": 0,
    "starCount": 9,
    "isStared": 0,
    "thumbnailURL": "https://www.makeapie.com/ecg-storage/ec_gallery_thumbnail/x0bUctYIex.png?v=1561648790657",
    "isCustomThumbnail": 0,
    "builtinTags": [
        "category-work",
        "series-graph",
        "tooltip"
    ],
    "customTags": [],
    "updaterUserName": "l***5"
}