{
    "cid": "x8SzynZnFL",
    "authorUid": "bd-2939475560",
    "authorUserName": "狂僧鬼谷",
    "title": "采集到数据",
    "description": "用于展示每天采集到的数据的展示",
    "latestVersion": 8,
    "alwaysLatest": 1,
    "createTime": "2019-06-30T07:26:59.000Z",
    "lastUpdateTime": "2019-06-30T07:26:59.000Z",
    "auth": 2,
    "uid": "bd-2939475560",
    "publishedVersion": 0,
    "forkFrom": "-",
    "isSpam": 0,
    "version": 8,
    "parentVersion": 7,
    "echartsVersion": "4.2.1",
    "versionCreateTime": "2019-07-02T01:35:16.000Z",
    "html": "",
    "externalScripts": "",
    "updaterUID": "bd-2939475560",
    "theme": "",
    "layout": "",
    "viewCount": 122,
    "userName": "狂僧鬼谷",
    "commentCount": 0,
    "starCount": 1,
    "isStared": 0,
    "thumbnailURL": "https://www.makeapie.com/ecg-storage/ec_gallery_thumbnail/x8SzynZnFL.png?v=1562031316998",
    "isCustomThumbnail": 0,
    "builtinTags": [
        "category-work",
        "dataset",
        "dataZoom",
        "grid",
        "legend",
        "series-bar",
        "title",
        "tooltip"
    ],
    "customTags": [],
    "updaterUserName": "狂僧鬼谷"
}