{
    "cid": "x9HudWY-Wp",
    "authorUid": "bd-1949491299",
    "authorUserName": "怪***叔",
    "title": "进度条",
    "description": "",
    "latestVersion": 6,
    "alwaysLatest": 1,
    "createTime": "2019-06-28T09:26:03.000Z",
    "lastUpdateTime": "2019-06-28T09:26:03.000Z",
    "auth": 2,
    "uid": "bd-1949491299",
    "publishedVersion": 0,
    "forkFrom": "-",
    "isSpam": 0,
    "version": 6,
    "parentVersion": 5,
    "echartsVersion": "4.2.1",
    "versionCreateTime": "2019-08-09T02:30:52.000Z",
    "html": "",
    "externalScripts": "",
    "updaterUID": "bd-1949491299",
    "theme": "",
    "layout": "",
    "viewCount": 868,
    "userName": "怪***叔",
    "commentCount": 0,
    "starCount": 1,
    "isStared": 0,
    "thumbnailURL": "https://www.makeapie.com/ecg-storage/ec_gallery_thumbnail/x9HudWY-Wp.png?v=1565317852174",
    "isCustomThumbnail": 0,
    "builtinTags": [
        "category-work",
        "grid",
        "series-bar",
        "series-scatter",
        "tooltip"
    ],
    "customTags": [],
    "updaterUserName": "怪***叔"
}