{
    "cid": "xFhcx_Q6aw",
    "authorUid": "bd-3653270493",
    "authorUserName": "冬***e",
    "title": "张三的朋友们进阶版",
    "description": "在节点名称不重复的情况下，可无限添加层级",
    "latestVersion": 1,
    "alwaysLatest": 1,
    "createTime": "2019-06-30T18:05:36.000Z",
    "lastUpdateTime": "2019-06-30T18:05:36.000Z",
    "auth": 2,
    "uid": "bd-3653270493",
    "publishedVersion": 0,
    "forkFrom": "-",
    "isSpam": 0,
    "version": 1,
    "parentVersion": -1,
    "echartsVersion": "4.2.1",
    "versionCreateTime": "2019-06-30T18:05:36.000Z",
    "html": "",
    "externalScripts": "",
    "updaterUID": "bd-3653270493",
    "theme": "",
    "layout": "",
    "viewCount": 2444,
    "userName": "冬***e",
    "commentCount": 2,
    "starCount": 8,
    "isStared": 0,
    "thumbnailURL": "https://www.makeapie.com/ecg-storage/ec_gallery_thumbnail/xFhcx_Q6aw.png?v=1561917936498",
    "isCustomThumbnail": 0,
    "builtinTags": [
        "category-work",
        "legend",
        "series-graph",
        "title",
        "tooltip"
    ],
    "customTags": [],
    "updaterUserName": "冬***e"
}