{
    "cid": "xIxZp2p9ls",
    "authorUid": "bd-3711600591",
    "authorUserName": "给***家",
    "title": "各个国家专利年份统计",
    "description": "",
    "latestVersion": 6,
    "alwaysLatest": 1,
    "createTime": "2019-06-28T03:39:22.000Z",
    "lastUpdateTime": "2019-06-28T03:39:22.000Z",
    "auth": 2,
    "uid": "bd-3711600591",
    "publishedVersion": 0,
    "forkFrom": "-",
    "isSpam": 0,
    "version": 6,
    "parentVersion": 5,
    "echartsVersion": "4.2.1",
    "versionCreateTime": "2019-07-01T01:51:01.000Z",
    "html": "",
    "externalScripts": "",
    "updaterUID": "bd-3711600591",
    "theme": "",
    "layout": "",
    "viewCount": 51,
    "userName": "给***家",
    "commentCount": 0,
    "starCount": 0,
    "isStared": 0,
    "thumbnailURL": "https://www.makeapie.com/ecg-storage/ec_gallery_thumbnail/xIxZp2p9ls.png?v=1561945862086",
    "isCustomThumbnail": 0,
    "builtinTags": [
        "category-work",
        "grid",
        "legend",
        "series-bar",
        "title",
        "toolbox",
        "tooltip"
    ],
    "customTags": [],
    "updaterUserName": "给***家"
}