{
    "cid": "xKvB5zzz0s",
    "authorUid": "bd-2848565059",
    "authorUserName": "j***8",
    "title": "排名",
    "description": "",
    "latestVersion": 1,
    "alwaysLatest": 1,
    "createTime": "2019-06-28T02:21:48.000Z",
    "lastUpdateTime": "2019-06-28T02:21:48.000Z",
    "auth": 2,
    "uid": "bd-2848565059",
    "publishedVersion": 0,
    "forkFrom": "-",
    "isSpam": 0,
    "version": 1,
    "parentVersion": -1,
    "echartsVersion": "4.2.1",
    "versionCreateTime": "2019-06-28T02:21:48.000Z",
    "html": "",
    "externalScripts": "",
    "updaterUID": "bd-2848565059",
    "theme": "dark",
    "layout": "",
    "viewCount": 507,
    "userName": "j***8",
    "commentCount": 0,
    "starCount": 6,
    "isStared": 0,
    "thumbnailURL": "https://www.makeapie.com/ecg-storage/ec_gallery_thumbnail/xKvB5zzz0s.png?v=1561688508533",
    "isCustomThumbnail": 0,
    "builtinTags": [
        "category-work",
        "grid",
        "series-pictorialBar",
        "title",
        "tooltip"
    ],
    "customTags": [],
    "updaterUserName": "j***8"
}