{
    "cid": "xL5XZNZ4fP",
    "authorUid": "bd-3711600591",
    "authorUserName": "给***家",
    "title": "HONG KONG 专利领域占比2014年到2018年",
    "description": "",
    "latestVersion": 2,
    "alwaysLatest": 1,
    "createTime": "2019-06-28T06:56:28.000Z",
    "lastUpdateTime": "2019-06-28T06:56:28.000Z",
    "auth": 2,
    "uid": "bd-3711600591",
    "publishedVersion": 0,
    "forkFrom": "-",
    "isSpam": 0,
    "version": 2,
    "parentVersion": 1,
    "echartsVersion": "4.2.1",
    "versionCreateTime": "2019-06-28T07:06:54.000Z",
    "html": "",
    "externalScripts": "",
    "updaterUID": "bd-3711600591",
    "theme": "",
    "layout": "",
    "viewCount": 27,
    "userName": "给***家",
    "commentCount": 0,
    "starCount": 0,
    "isStared": 0,
    "thumbnailURL": "https://www.makeapie.com/ecg-storage/ec_gallery_thumbnail/xL5XZNZ4fP.png?v=1561705614318",
    "isCustomThumbnail": 0,
    "builtinTags": [
        "category-work",
        "legend",
        "series-pie",
        "title",
        "toolbox",
        "tooltip"
    ],
    "customTags": [],
    "updaterUserName": "给***家"
}