{
    "cid": "xmELL_9-zj",
    "authorUid": "bd-1225818356",
    "authorUserName": "舍得JIUJIU",
    "title": "android_qqbrowser",
    "description": "android_qqbrowser",
    "latestVersion": 1,
    "alwaysLatest": 1,
    "createTime": "2019-06-28T05:36:08.000Z",
    "lastUpdateTime": "2019-06-28T05:36:08.000Z",
    "auth": 1,
    "uid": "bd-1225818356",
    "publishedVersion": 0,
    "forkFrom": "-",
    "isSpam": 0,
    "version": 1,
    "parentVersion": -1,
    "echartsVersion": "4.2.1",
    "versionCreateTime": "2019-06-28T05:36:08.000Z",
    "html": "",
    "externalScripts": "",
    "updaterUID": "bd-1225818356",
    "theme": "",
    "layout": "",
    "viewCount": 10,
    "userName": "舍得JIUJIU",
    "commentCount": 0,
    "starCount": 0,
    "isStared": 0,
    "thumbnailURL": "https://www.makeapie.com/ecg-storage/ec_gallery_thumbnail/xmELL_9-zj.png?v=1561700168380",
    "isCustomThumbnail": 0,
    "builtinTags": [
        "category-work",
        "grid",
        "series-scatter",
        "tooltip"
    ],
    "customTags": [],
    "updaterUserName": "舍得JIUJIU"
}