{
    "cid": "xn-X_C4Jkr",
    "authorUid": "bd-1225818356",
    "authorUserName": "舍得JIUJIU",
    "title": "android_quark",
    "description": "android_quark",
    "latestVersion": 1,
    "alwaysLatest": 1,
    "createTime": "2019-06-28T05:55:58.000Z",
    "lastUpdateTime": "2019-06-28T05:55:58.000Z",
    "auth": 1,
    "uid": "bd-1225818356",
    "publishedVersion": 0,
    "forkFrom": "-",
    "isSpam": 0,
    "version": 1,
    "parentVersion": -1,
    "echartsVersion": "4.2.1",
    "versionCreateTime": "2019-06-28T05:55:58.000Z",
    "html": "",
    "externalScripts": "",
    "updaterUID": "bd-1225818356",
    "theme": "",
    "layout": "",
    "viewCount": 16,
    "userName": "舍得JIUJIU",
    "commentCount": 0,
    "starCount": 0,
    "isStared": 0,
    "thumbnailURL": "https://www.makeapie.com/ecg-storage/ec_gallery_thumbnail/xn-X_C4Jkr.png?v=1561701358224",
    "isCustomThumbnail": 0,
    "builtinTags": [
        "category-work",
        "grid",
        "series-scatter",
        "tooltip"
    ],
    "customTags": [],
    "updaterUserName": "舍得JIUJIU"
}