{
    "cid": "xPrR3Def9H",
    "authorUid": "bd-3608323184",
    "authorUserName": "凹可卡",
    "title": "单词语境相似图谱",
    "description": "",
    "latestVersion": 2,
    "alwaysLatest": 1,
    "createTime": "2019-06-27T13:56:26.000Z",
    "lastUpdateTime": "2019-06-27T13:56:26.000Z",
    "auth": 2,
    "uid": "bd-3608323184",
    "publishedVersion": 0,
    "forkFrom": "-",
    "isSpam": 0,
    "version": 2,
    "parentVersion": 1,
    "echartsVersion": "4.2.1",
    "versionCreateTime": "2019-06-27T14:43:00.000Z",
    "html": "",
    "externalScripts": "",
    "updaterUID": "bd-3608323184",
    "theme": "",
    "layout": "",
    "viewCount": 586,
    "userName": "凹可卡",
    "commentCount": 0,
    "starCount": 1,
    "isStared": 0,
    "thumbnailURL": "https://www.makeapie.com/ecg-storage/ec_gallery_thumbnail/xPrR3Def9H.png?v=1561646580376",
    "isCustomThumbnail": 0,
    "builtinTags": [
        "category-work",
        "series-graph",
        "title"
    ],
    "customTags": [],
    "updaterUserName": "凹可卡"
}