{
    "cid": "xQ0hw7Qf1r",
    "authorUid": "bd-3711600591",
    "authorUserName": "给***家",
    "title": "课题和项目领域统计",
    "description": "",
    "latestVersion": 4,
    "alwaysLatest": 1,
    "createTime": "2019-06-28T10:24:31.000Z",
    "lastUpdateTime": "2019-06-28T10:24:31.000Z",
    "auth": 2,
    "uid": "bd-3711600591",
    "publishedVersion": 0,
    "forkFrom": "-",
    "isSpam": 0,
    "version": 4,
    "parentVersion": 3,
    "echartsVersion": "4.2.1",
    "versionCreateTime": "2019-07-01T01:55:41.000Z",
    "html": "",
    "externalScripts": "",
    "updaterUID": "bd-3711600591",
    "theme": "",
    "layout": "",
    "viewCount": 43,
    "userName": "给***家",
    "commentCount": 0,
    "starCount": 0,
    "isStared": 0,
    "thumbnailURL": "https://www.makeapie.com/ecg-storage/ec_gallery_thumbnail/xQ0hw7Qf1r.png?v=1561946141342",
    "isCustomThumbnail": 0,
    "builtinTags": [
        "category-work",
        "grid",
        "legend",
        "series-bar",
        "title",
        "toolbox",
        "tooltip"
    ],
    "customTags": [],
    "updaterUserName": "给***家"
}