{
    "cid": "xWJKbMr0Lv",
    "authorUid": "bd-2167339596",
    "authorUserName": "x***x",
    "title": "子弹图",
    "description": "目标达成子弹图",
    "latestVersion": 7,
    "alwaysLatest": 1,
    "createTime": "2019-07-01T02:41:20.000Z",
    "lastUpdateTime": "2019-07-01T02:41:20.000Z",
    "auth": 2,
    "uid": "bd-2167339596",
    "publishedVersion": 0,
    "forkFrom": "-",
    "isSpam": 0,
    "version": 7,
    "parentVersion": 6,
    "echartsVersion": "4.4.0",
    "versionCreateTime": "2020-01-15T07:54:23.000Z",
    "html": "",
    "externalScripts": "",
    "updaterUID": "bd-2167339596",
    "theme": "",
    "layout": "",
    "viewCount": 226,
    "userName": "x***x",
    "commentCount": 0,
    "starCount": 7,
    "isStared": 0,
    "thumbnailURL": "https://www.makeapie.com/ecg-storage/ec_gallery_thumbnail/xWJKbMr0Lv.png?v=1579074863500",
    "isCustomThumbnail": 0,
    "builtinTags": [
        "category-work",
        "grid",
        "legend",
        "series-bar",
        "series-scatter",
        "title",
        "toolbox",
        "tooltip"
    ],
    "customTags": [],
    "updaterUserName": "x***x"
}