{
    "cid": "xxuQ-ITOz8",
    "authorUid": "bd-108844316",
    "authorUserName": "souoxs",
    "title": "6月趋势变化",
    "description": "纯属虚构",
    "latestVersion": 4,
    "alwaysLatest": 1,
    "createTime": "2019-07-01T02:18:59.000Z",
    "lastUpdateTime": "2019-07-01T02:18:59.000Z",
    "auth": 2,
    "uid": "bd-108844316",
    "publishedVersion": 0,
    "forkFrom": "-",
    "isSpam": 0,
    "version": 4,
    "parentVersion": 3,
    "echartsVersion": "4.2.1",
    "versionCreateTime": "2019-07-01T02:52:51.000Z",
    "html": "",
    "externalScripts": "",
    "updaterUID": "bd-108844316",
    "theme": "",
    "layout": "",
    "viewCount": 151,
    "userName": "souoxs",
    "commentCount": 0,
    "starCount": 0,
    "isStared": 0,
    "thumbnailURL": "https://www.makeapie.com/ecg-storage/ec_gallery_thumbnail/xxuQ-ITOz8.png?v=1561949571851",
    "isCustomThumbnail": 0,
    "builtinTags": [
        "category-work",
        "grid",
        "legend",
        "markLine",
        "markPoint",
        "series-line",
        "title",
        "toolbox",
        "tooltip"
    ],
    "customTags": [],
    "updaterUserName": "souoxs"
}