{
    "cid": "xZ93QWfeT3",
    "authorUid": "bd-3211298021",
    "authorUserName": "射***2",
    "title": "折线图映射线",
    "description": "",
    "latestVersion": 2,
    "alwaysLatest": 1,
    "createTime": "2019-07-01T02:40:51.000Z",
    "lastUpdateTime": "2019-07-01T02:40:51.000Z",
    "auth": 2,
    "uid": "bd-3211298021",
    "publishedVersion": 0,
    "forkFrom": "-",
    "isSpam": 0,
    "version": 2,
    "parentVersion": 1,
    "echartsVersion": "4.2.1",
    "versionCreateTime": "2019-07-01T10:02:47.000Z",
    "html": "",
    "externalScripts": "",
    "updaterUID": "bd-3211298021",
    "theme": "",
    "layout": "",
    "viewCount": 1046,
    "userName": "射***2",
    "commentCount": 0,
    "starCount": 10,
    "isStared": 0,
    "thumbnailURL": "https://www.makeapie.com/ecg-storage/ec_gallery_thumbnail/xZ93QWfeT3.png?v=1561975367755",
    "isCustomThumbnail": 0,
    "builtinTags": [
        "category-work",
        "grid",
        "legend",
        "markLine",
        "series-bar",
        "series-line",
        "title"
    ],
    "customTags": [],
    "updaterUserName": "射***2"
}