{
    "cid": "xH1-YIvY0f",
    "authorUid": "bd-2571122081",
    "authorUserName": "我***纸",
    "title": "颜色不一 柱状图（无法配置各个对象图例）",
    "description": "配置每根柱子颜色",
    "latestVersion": 3,
    "alwaysLatest": 1,
    "createTime": "2018-05-16T08:06:16.000Z",
    "lastUpdateTime": "2018-05-16T08:06:16.000Z",
    "auth": 2,
    "uid": "bd-2571122081",
    "publishedVersion": 0,
    "forkFrom": "-",
    "isSpam": 0,
    "version": 3,
    "parentVersion": 2,
    "echartsVersion": "4.4.0",
    "versionCreateTime": "2019-11-16T08:45:52.000Z",
    "html": "",
    "externalScripts": "",
    "updaterUID": "bd-2571122081",
    "theme": "",
    "layout": "",
    "viewCount": 325,
    "userName": "我***纸",
    "commentCount": 0,
    "starCount": 3,
    "isStared": 0,
    "thumbnailURL": "https://www.makeapie.com/ecg-storage/ec_gallery_thumbnail/xH1-YIvY0f.png?v=1573893952281",
    "isCustomThumbnail": 0,
    "builtinTags": [
        "category-work",
        "grid",
        "series-bar",
        "title",
        "tooltip"
    ],
    "customTags": [],
    "updaterUserName": "我***纸"
}