{
    "cid": "xH18jT9qAG",
    "authorUid": "bd-3744049676",
    "authorUserName": "j***疆",
    "title": "成功率占比",
    "description": "",
    "latestVersion": 1,
    "alwaysLatest": 1,
    "createTime": "2018-05-17T06:13:50.000Z",
    "lastUpdateTime": "2018-05-17T06:13:50.000Z",
    "auth": 2,
    "uid": "bd-3744049676",
    "publishedVersion": 0,
    "forkFrom": "-",
    "isSpam": 0,
    "version": 1,
    "parentVersion": -1,
    "echartsVersion": "4.1.0",
    "versionCreateTime": "2018-05-17T06:13:50.000Z",
    "html": "",
    "externalScripts": "",
    "updaterUID": "bd-3744049676",
    "theme": "",
    "layout": "",
    "viewCount": 1410,
    "userName": "j***疆",
    "commentCount": 0,
    "starCount": 9,
    "isStared": 0,
    "thumbnailURL": "https://www.makeapie.com/ecg-storage/ec_gallery_thumbnail/xH18jT9qAG.png?v=1526537630153",
    "isCustomThumbnail": 0,
    "builtinTags": [
        "category-work",
        "dataZoom",
        "grid",
        "legend",
        "series-bar",
        "series-line",
        "title",
        "tooltip"
    ],
    "customTags": [],
    "updaterUserName": "j***疆"
}