{
    "cid": "xHJL0NPt0z",
    "authorUid": "bd-2571122081",
    "authorUserName": "我***纸",
    "title": "完成情况对比 柱状图",
    "description": "不同对象、总量不同、已完成与未完成的对比效果",
    "latestVersion": 1,
    "alwaysLatest": 1,
    "createTime": "2018-05-16T07:59:09.000Z",
    "lastUpdateTime": "2018-05-16T07:59:09.000Z",
    "auth": 2,
    "uid": "bd-2571122081",
    "publishedVersion": 0,
    "forkFrom": "-",
    "isSpam": 0,
    "version": 1,
    "parentVersion": -1,
    "echartsVersion": "4.1.0",
    "versionCreateTime": "2018-05-16T07:59:09.000Z",
    "html": "",
    "externalScripts": "",
    "updaterUID": "bd-2571122081",
    "theme": "",
    "layout": "",
    "viewCount": 276,
    "userName": "我***纸",
    "commentCount": 0,
    "starCount": 1,
    "isStared": 0,
    "thumbnailURL": "https://www.makeapie.com/ecg-storage/ec_gallery_thumbnail/xHJL0NPt0z.png?v=1526457550010",
    "isCustomThumbnail": 0,
    "builtinTags": [
        "category-work",
        "grid",
        "series-bar",
        "title",
        "tooltip"
    ],
    "customTags": [],
    "updaterUserName": "我***纸"
}