{
    "cid": "xHJMVm-2RM",
    "authorUid": "bd-1092558124",
    "authorUserName": "t***9",
    "title": "历年新增人口",
    "description": "",
    "latestVersion": 2,
    "alwaysLatest": 1,
    "createTime": "2018-05-18T07:39:22.000Z",
    "lastUpdateTime": "2018-05-18T07:39:22.000Z",
    "auth": 2,
    "uid": "bd-1092558124",
    "publishedVersion": 0,
    "forkFrom": "-",
    "isSpam": 0,
    "version": 2,
    "parentVersion": 1,
    "echartsVersion": "4.1.0",
    "versionCreateTime": "2018-05-18T07:45:07.000Z",
    "html": "",
    "externalScripts": "",
    "updaterUID": "bd-1092558124",
    "theme": "",
    "layout": "",
    "viewCount": 10931,
    "userName": "t***9",
    "commentCount": 0,
    "starCount": 32,
    "isStared": 0,
    "thumbnailURL": "https://www.makeapie.com/ecg-storage/ec_gallery_thumbnail/xHJMVm-2RM.png?v=1526629507504",
    "isCustomThumbnail": 0,
    "builtinTags": [
        "category-work",
        "grid",
        "legend",
        "series-line",
        "series-pie",
        "title",
        "toolbox",
        "tooltip"
    ],
    "customTags": [],
    "updaterUserName": "t***9"
}