{
    "cid": "xHk6IFmO0z",
    "authorUid": "bd-1470851266",
    "authorUserName": "和***5",
    "title": "",
    "description": "",
    "latestVersion": 1,
    "alwaysLatest": 1,
    "createTime": "2018-05-15T09:33:09.000Z",
    "lastUpdateTime": "2018-05-15T09:33:09.000Z",
    "auth": 2,
    "uid": "bd-1470851266",
    "publishedVersion": 0,
    "forkFrom": "-",
    "isSpam": 0,
    "version": 1,
    "parentVersion": -1,
    "echartsVersion": "4.1.0",
    "versionCreateTime": "2018-05-15T09:33:09.000Z",
    "html": "",
    "externalScripts": "",
    "updaterUID": "bd-1470851266",
    "theme": "",
    "layout": "",
    "viewCount": 240,
    "userName": "和***5",
    "commentCount": 0,
    "starCount": 0,
    "isStared": 0,
    "thumbnailURL": "https://www.makeapie.com/ecg-storage/ec_gallery_thumbnail/xHk6IFmO0z.png?v=1526376789507",
    "isCustomThumbnail": 0,
    "builtinTags": [
        "category-work",
        "legend",
        "series-pie",
        "tooltip"
    ],
    "customTags": [],
    "updaterUserName": "和***5"
}