{
    "cid": "xrJNM2OORM",
    "authorUid": "bd-3892561186",
    "authorUserName": "h***3",
    "title": "陕京天然气管道",
    "description": "",
    "latestVersion": 12,
    "alwaysLatest": 1,
    "createTime": "2018-05-15T15:26:04.000Z",
    "lastUpdateTime": "2018-05-15T15:26:04.000Z",
    "auth": 2,
    "uid": "bd-3892561186",
    "publishedVersion": 0,
    "forkFrom": "-",
    "isSpam": 0,
    "version": 12,
    "parentVersion": 11,
    "echartsVersion": "4.1.0",
    "versionCreateTime": "2018-05-17T03:39:31.000Z",
    "html": "",
    "externalScripts": "/dep/echarts/map/js/china.js",
    "updaterUID": "bd-3892561186",
    "theme": "",
    "layout": "",
    "viewCount": 2459,
    "userName": "h***3",
    "commentCount": 0,
    "starCount": 8,
    "isStared": 0,
    "thumbnailURL": "https://www.makeapie.com/ecg-storage/ec_gallery_thumbnail/xrJNM2OORM.png?v=1526397964635",
    "isCustomThumbnail": 1,
    "builtinTags": [
        "category-work",
        "geo",
        "legend",
        "series-effectScatter",
        "series-lines",
        "title"
    ],
    "customTags": [],
    "updaterUserName": "h***3"
}