{
    "cid": "xS1VcKwKCG",
    "authorUid": "bd-2571122081",
    "authorUserName": "我***纸",
    "title": "颜色不一 条形图（无法配置各个对象图例）",
    "description": "",
    "latestVersion": 1,
    "alwaysLatest": 1,
    "createTime": "2018-05-16T08:19:24.000Z",
    "lastUpdateTime": "2018-05-16T08:19:24.000Z",
    "auth": 2,
    "uid": "bd-2571122081",
    "publishedVersion": 0,
    "forkFrom": "-",
    "isSpam": 0,
    "version": 1,
    "parentVersion": -1,
    "echartsVersion": "4.1.0",
    "versionCreateTime": "2018-05-16T08:19:24.000Z",
    "html": "",
    "externalScripts": "",
    "updaterUID": "bd-2571122081",
    "theme": "",
    "layout": "",
    "viewCount": 128,
    "userName": "我***纸",
    "commentCount": 0,
    "starCount": 1,
    "isStared": 0,
    "thumbnailURL": "https://www.makeapie.com/ecg-storage/ec_gallery_thumbnail/xS1VcKwKCG.png?v=1526458764297",
    "isCustomThumbnail": 0,
    "builtinTags": [
        "category-work",
        "grid",
        "series-bar",
        "title",
        "tooltip"
    ],
    "customTags": [],
    "updaterUserName": "我***纸"
}