{
    "cid": "xSJD85s50z",
    "authorUid": "bd-2281917452",
    "authorUserName": "u***o",
    "title": "柱形立体",
    "description": "",
    "latestVersion": 2,
    "alwaysLatest": 1,
    "createTime": "2018-05-17T07:07:58.000Z",
    "lastUpdateTime": "2018-05-17T07:07:58.000Z",
    "auth": 2,
    "uid": "bd-2281917452",
    "publishedVersion": 0,
    "forkFrom": "-",
    "isSpam": 0,
    "version": 2,
    "parentVersion": 1,
    "echartsVersion": "4.1.0",
    "versionCreateTime": "2018-05-17T07:08:42.000Z",
    "html": "",
    "externalScripts": "",
    "updaterUID": "bd-2281917452",
    "theme": "",
    "layout": "",
    "viewCount": 28,
    "userName": "u***o",
    "commentCount": 0,
    "starCount": 0,
    "isStared": 0,
    "thumbnailURL": "https://www.makeapie.com/ecg-storage/ec_gallery_thumbnail/xSJD85s50z.png?v=1526540922828",
    "isCustomThumbnail": 0,
    "builtinTags": [
        "category-work",
        "grid",
        "series-bar",
        "title"
    ],
    "customTags": [],
    "updaterUserName": "u***o"
}