{
    "cid": "xSJPgOSa0M",
    "authorUid": "bd-453250931",
    "authorUserName": "wch0352",
    "title": "股权图",
    "description": "",
    "latestVersion": 10,
    "alwaysLatest": 1,
    "createTime": "2018-05-19T06:45:02.000Z",
    "lastUpdateTime": "2018-05-19T06:45:02.000Z",
    "auth": 2,
    "uid": "bd-453250931",
    "publishedVersion": 0,
    "forkFrom": "-",
    "isSpam": 0,
    "version": 10,
    "parentVersion": 9,
    "echartsVersion": "4.1.0",
    "versionCreateTime": "2018-05-19T09:19:55.000Z",
    "html": "",
    "externalScripts": "",
    "updaterUID": "bd-453250931",
    "theme": "",
    "layout": "",
    "viewCount": 496,
    "userName": "wch0352",
    "commentCount": 0,
    "starCount": 1,
    "isStared": 0,
    "thumbnailURL": "https://www.makeapie.com/ecg-storage/ec_gallery_thumbnail/xSJPgOSa0M.png?v=1526721595873",
    "isCustomThumbnail": 0,
    "builtinTags": [
        "category-work",
        "legend",
        "series-graph",
        "title",
        "tooltip"
    ],
    "customTags": [],
    "updaterUserName": "wch0352"
}