{
    "cid": "xSJzF26q0f",
    "authorUid": "bd-259133423",
    "authorUserName": "祖***6",
    "title": "颜色渐变",
    "description": "纯属虚构",
    "latestVersion": 3,
    "alwaysLatest": 1,
    "createTime": "2018-05-17T09:33:45.000Z",
    "lastUpdateTime": "2018-05-17T09:33:45.000Z",
    "auth": 2,
    "uid": "bd-259133423",
    "publishedVersion": 0,
    "forkFrom": "-",
    "isSpam": 0,
    "version": 3,
    "parentVersion": 2,
    "echartsVersion": "4.8.0",
    "versionCreateTime": "2020-12-16T01:16:12.000Z",
    "html": "",
    "externalScripts": "",
    "updaterUID": "bd-259133423",
    "theme": "",
    "layout": "",
    "viewCount": 108,
    "userName": "祖***6",
    "commentCount": 0,
    "starCount": 0,
    "isStared": 0,
    "thumbnailURL": "https://www.makeapie.com/ecg-storage/ec_gallery_thumbnail/xSJzF26q0f.png?v=1608081372507",
    "isCustomThumbnail": 0,
    "builtinTags": [
        "category-work",
        "dataZoom",
        "grid",
        "legend",
        "series-bar",
        "series-line",
        "title",
        "toolbox",
        "tooltip"
    ],
    "customTags": [],
    "updaterUserName": "祖***6"
}