{
    "cid": "xSycobDY0z",
    "authorUid": "bd-575768103",
    "authorUserName": "黯***殇",
    "title": "“空气简报” - 湖北省",
    "description": "内容不全，修改中...",
    "latestVersion": 7,
    "alwaysLatest": 1,
    "createTime": "2018-05-16T07:45:38.000Z",
    "lastUpdateTime": "2018-05-16T07:45:38.000Z",
    "auth": 2,
    "uid": "bd-575768103",
    "publishedVersion": 0,
    "forkFrom": "-",
    "isSpam": 0,
    "version": 7,
    "parentVersion": 6,
    "echartsVersion": "4.1.0",
    "versionCreateTime": "2018-05-18T09:00:46.000Z",
    "html": "",
    "externalScripts": "",
    "updaterUID": "bd-575768103",
    "theme": "",
    "layout": "",
    "viewCount": 1329,
    "userName": "黯***殇",
    "commentCount": 0,
    "starCount": 3,
    "isStared": 0,
    "thumbnailURL": "https://www.makeapie.com/ecg-storage/ec_gallery_thumbnail/xSycobDY0z.png?v=1526634046909",
    "isCustomThumbnail": 0,
    "builtinTags": [
        "category-work",
        "geo",
        "legend",
        "series-effectScatter",
        "series-map",
        "series-scatter",
        "title",
        "tooltip",
        "visualMap"
    ],
    "customTags": [],
    "updaterUserName": "黯***殇"
}