{
    "cid": "xB1uVpqj8b",
    "authorUid": "bd-542270548",
    "authorUserName": "W***k",
    "title": "饼图",
    "description": "",
    "latestVersion": 4,
    "alwaysLatest": 1,
    "createTime": "2017-07-30T17:53:52.000Z",
    "lastUpdateTime": "2017-07-30T17:53:52.000Z",
    "auth": 2,
    "uid": "bd-542270548",
    "publishedVersion": 0,
    "forkFrom": "-",
    "isSpam": 0,
    "version": 4,
    "parentVersion": 3,
    "echartsVersion": "3.6.2",
    "versionCreateTime": "2017-08-02T07:33:47.000Z",
    "html": "",
    "externalScripts": "",
    "updaterUID": "bd-542270548",
    "theme": "",
    "layout": "",
    "viewCount": 569,
    "userName": "W***k",
    "commentCount": 0,
    "starCount": 0,
    "isStared": 0,
    "thumbnailURL": "https://www.makeapie.com/ecg-storage/ec_gallery_thumbnail/xB1uVpqj8b.png?v=1501659227116",
    "isCustomThumbnail": 0,
    "builtinTags": [
        "category-work",
        "series-pie",
        "title"
    ],
    "customTags": [],
    "updaterUserName": "W***k"
}