{
    "cid": "xH16uRB7UW",
    "authorUid": "bd-2215764494",
    "authorUserName": "p***g",
    "title": "折线图每个点不同的 symbol",
    "description": "",
    "latestVersion": 1,
    "alwaysLatest": 1,
    "createTime": "2017-07-24T10:39:48.000Z",
    "lastUpdateTime": "2017-07-24T10:39:48.000Z",
    "auth": 2,
    "uid": "bd-2215764494",
    "publishedVersion": 0,
    "forkFrom": "-",
    "isSpam": 0,
    "version": 1,
    "parentVersion": -1,
    "echartsVersion": "3.6.2",
    "versionCreateTime": "2017-07-24T10:39:48.000Z",
    "html": "",
    "externalScripts": "",
    "updaterUID": "bd-2215764494",
    "theme": "",
    "layout": "",
    "viewCount": 672,
    "userName": "p***g",
    "commentCount": 0,
    "starCount": 0,
    "isStared": 0,
    "thumbnailURL": "https://www.makeapie.com/ecg-storage/ec_gallery_thumbnail/xH16uRB7UW.png?v=1500892788850",
    "isCustomThumbnail": 0,
    "builtinTags": [
        "category-work",
        "grid",
        "series-line",
        "title"
    ],
    "customTags": [],
    "updaterUserName": "p***g"
}