{
    "cid": "xH1BBoDu8-",
    "authorUid": "bd-749254193",
    "authorUserName": "欧***一",
    "title": "柱状图和折线图混合，",
    "description": "练习",
    "latestVersion": 20,
    "alwaysLatest": 1,
    "createTime": "2017-07-28T07:43:57.000Z",
    "lastUpdateTime": "2017-07-28T07:43:57.000Z",
    "auth": 1,
    "uid": "bd-749254193",
    "publishedVersion": 0,
    "forkFrom": "-",
    "isSpam": 0,
    "version": 20,
    "parentVersion": 19,
    "echartsVersion": "3.8.0",
    "versionCreateTime": "2018-04-13T07:08:10.000Z",
    "html": "",
    "externalScripts": "",
    "updaterUID": "bd-2500638981",
    "theme": "",
    "layout": "",
    "viewCount": 9862,
    "userName": "欧***一",
    "commentCount": 2,
    "starCount": 20,
    "isStared": 0,
    "thumbnailURL": "https://www.makeapie.com/ecg-storage/ec_gallery_thumbnail/xH1BBoDu8-.png?v=1523603290797",
    "isCustomThumbnail": 0,
    "builtinTags": [
        "category-work",
        "dataZoom",
        "grid",
        "legend",
        "series-bar",
        "title",
        "tooltip"
    ],
    "customTags": [],
    "updaterUserName": "黄心波"
}