{
    "cid": "xH1cSmRrLW",
    "authorUid": "bd-3507768037",
    "authorUserName": "石石皮天惊",
    "title": "数学学业水平",
    "description": "",
    "latestVersion": 1,
    "alwaysLatest": 1,
    "createTime": "2017-07-26T08:30:57.000Z",
    "lastUpdateTime": "2017-07-26T08:30:57.000Z",
    "auth": 2,
    "uid": "bd-3507768037",
    "publishedVersion": 0,
    "forkFrom": "-",
    "isSpam": 0,
    "version": 1,
    "parentVersion": -1,
    "echartsVersion": "3.6.2",
    "versionCreateTime": "2017-07-26T08:30:57.000Z",
    "html": "",
    "externalScripts": "",
    "updaterUID": "bd-3507768037",
    "theme": "",
    "layout": "",
    "viewCount": 1339,
    "userName": "石石皮天惊",
    "commentCount": 0,
    "starCount": 3,
    "isStared": 0,
    "thumbnailURL": "https://www.makeapie.com/ecg-storage/ec_gallery_thumbnail/xH1cSmRrLW.png?v=1501057857801",
    "isCustomThumbnail": 0,
    "builtinTags": [
        "category-work",
        "legend",
        "series-pie"
    ],
    "customTags": [],
    "updaterUserName": "石石皮天惊"
}