{
    "cid": "xH1qglG2UW",
    "authorUid": "bd-503876790",
    "authorUserName": "layerxxx",
    "title": "北京市环保地图",
    "description": "",
    "latestVersion": 1,
    "alwaysLatest": 1,
    "createTime": "2017-07-31T02:03:29.000Z",
    "lastUpdateTime": "2017-07-31T08:37:47.000Z",
    "auth": 2,
    "uid": "bd-503876790",
    "publishedVersion": 0,
    "forkFrom": "-",
    "isSpam": 0,
    "version": 1,
    "parentVersion": -1,
    "echartsVersion": "3.6.2",
    "versionCreateTime": "2017-07-31T02:03:29.000Z",
    "html": "",
    "externalScripts": "",
    "updaterUID": "bd-503876790",
    "theme": "default",
    "layout": "",
    "viewCount": 7430,
    "userName": "layerxxx",
    "commentCount": 1,
    "starCount": 19,
    "isStared": 0,
    "thumbnailURL": "https://www.makeapie.com/ecg-storage/ec_gallery_thumbnail/xH1qglG2UW.png?v=1501466609814",
    "isCustomThumbnail": 0,
    "builtinTags": [],
    "customTags": [],
    "updaterUserName": "layerxxx"
}