{
    "cid": "xHJh-B5sU-",
    "authorUid": "bd-542270548",
    "authorUserName": "W***k",
    "title": "折柱结合",
    "description": "",
    "latestVersion": 1,
    "alwaysLatest": 1,
    "createTime": "2017-07-30T17:18:59.000Z",
    "lastUpdateTime": "2017-07-30T17:18:59.000Z",
    "auth": 2,
    "uid": "bd-542270548",
    "publishedVersion": 0,
    "forkFrom": "-",
    "isSpam": 0,
    "version": 1,
    "parentVersion": -1,
    "echartsVersion": "3.6.2",
    "versionCreateTime": "2017-07-30T17:18:59.000Z",
    "html": "",
    "externalScripts": "",
    "updaterUID": "bd-542270548",
    "theme": "",
    "layout": "",
    "viewCount": 181,
    "userName": "W***k",
    "commentCount": 0,
    "starCount": 0,
    "isStared": 0,
    "thumbnailURL": "https://www.makeapie.com/ecg-storage/ec_gallery_thumbnail/xHJh-B5sU-.png?v=1501435139732",
    "isCustomThumbnail": 0,
    "builtinTags": [
        "category-work",
        "grid",
        "series-bar",
        "series-line",
        "title"
    ],
    "customTags": [],
    "updaterUserName": "W***k"
}