{
    "cid": "xHJoqu2H8W",
    "authorUid": "bd-1192091434",
    "authorUserName": "s***2",
    "title": "Draw Arrow Line（用鼠标画箭头）",
    "description": "",
    "latestVersion": 1,
    "alwaysLatest": 1,
    "createTime": "2017-07-26T06:37:06.000Z",
    "lastUpdateTime": "2017-07-26T06:37:06.000Z",
    "auth": 2,
    "uid": "bd-1192091434",
    "publishedVersion": 0,
    "forkFrom": "-",
    "isSpam": 0,
    "version": 1,
    "parentVersion": -1,
    "echartsVersion": "3.6.2",
    "versionCreateTime": "2017-07-26T06:37:06.000Z",
    "html": "",
    "externalScripts": "",
    "updaterUID": "bd-1192091434",
    "theme": "",
    "layout": "",
    "viewCount": 1223,
    "userName": "s***2",
    "commentCount": 1,
    "starCount": 4,
    "isStared": 0,
    "thumbnailURL": "https://www.makeapie.com/ecg-storage/ec_gallery_thumbnail/xHJoqu2H8W.png?v=1501051026775",
    "isCustomThumbnail": 0,
    "builtinTags": [
        "category-work",
        "title"
    ],
    "customTags": [],
    "updaterUserName": "s***2"
}