{
    "cid": "xHk_ieojUW",
    "authorUid": "bd-542270548",
    "authorUserName": "W***k",
    "title": "地域意图",
    "description": "",
    "latestVersion": 3,
    "alwaysLatest": 1,
    "createTime": "2017-07-30T18:08:31.000Z",
    "lastUpdateTime": "2017-07-30T18:08:31.000Z",
    "auth": 2,
    "uid": "bd-542270548",
    "publishedVersion": 0,
    "forkFrom": "-",
    "isSpam": 0,
    "version": 3,
    "parentVersion": 2,
    "echartsVersion": "3.6.2",
    "versionCreateTime": "2017-08-02T06:00:09.000Z",
    "html": "",
    "externalScripts": "",
    "updaterUID": "bd-542270548",
    "theme": "",
    "layout": "",
    "viewCount": 54,
    "userName": "W***k",
    "commentCount": 0,
    "starCount": 0,
    "isStared": 0,
    "thumbnailURL": "https://www.makeapie.com/ecg-storage/ec_gallery_thumbnail/xHk_ieojUW.png?v=1501653609853",
    "isCustomThumbnail": 0,
    "builtinTags": [
        "category-work",
        "grid",
        "series-bar",
        "title",
        "toolbox"
    ],
    "customTags": [],
    "updaterUserName": "W***k"
}