{
    "cid": "xHkJsErU8-",
    "authorUid": "bd-3510374535",
    "authorUserName": "老屋难舍5",
    "title": "阀门状态",
    "description": "",
    "latestVersion": 1,
    "alwaysLatest": 1,
    "createTime": "2017-07-26T16:34:31.000Z",
    "lastUpdateTime": "2017-07-26T16:34:31.000Z",
    "auth": 2,
    "uid": "bd-3510374535",
    "publishedVersion": 1,
    "forkFrom": "-",
    "isSpam": 0,
    "version": 1,
    "parentVersion": -1,
    "echartsVersion": "3.6.2",
    "versionCreateTime": "2017-07-26T16:34:31.000Z",
    "html": "",
    "externalScripts": "",
    "updaterUID": "bd-3510374535",
    "theme": "",
    "layout": "",
    "viewCount": 226,
    "userName": "老屋难舍5",
    "commentCount": 0,
    "starCount": 2,
    "isStared": 0,
    "thumbnailURL": "https://www.makeapie.com/ecg-storage/ec_gallery_thumbnail/xHkJsErU8-.png?v=1501086871586",
    "isCustomThumbnail": 0,
    "builtinTags": [
        "category-work",
        "grid",
        "series-bar",
        "series-line",
        "series-scatter",
        "tooltip"
    ],
    "customTags": [],
    "updaterUserName": "老屋难舍5"
}