{
    "cid": "xHkpjV7PLb",
    "authorUid": "bd-3020475805",
    "authorUserName": "l***7",
    "title": "大数据量面积图",
    "description": "",
    "latestVersion": 6,
    "alwaysLatest": 1,
    "createTime": "2017-07-27T08:30:29.000Z",
    "lastUpdateTime": "2017-07-27T08:30:29.000Z",
    "auth": 2,
    "uid": "bd-3020475805",
    "publishedVersion": 0,
    "forkFrom": "-",
    "isSpam": 0,
    "version": 6,
    "parentVersion": 2,
    "echartsVersion": "3.6.2",
    "versionCreateTime": "2017-07-27T08:56:51.000Z",
    "html": "",
    "externalScripts": "",
    "updaterUID": "bd-3020475805",
    "theme": "",
    "layout": "",
    "viewCount": 207,
    "userName": "l***7",
    "commentCount": 0,
    "starCount": 3,
    "isStared": 0,
    "thumbnailURL": "https://www.makeapie.com/ecg-storage/ec_gallery_thumbnail/xHkpjV7PLb.png?v=1501145811189",
    "isCustomThumbnail": 0,
    "builtinTags": [
        "category-work",
        "dataZoom",
        "grid",
        "legend",
        "series-line",
        "toolbox",
        "tooltip"
    ],
    "customTags": [],
    "updaterUserName": "l***7"
}