{
    "cid": "xrkG_KqV8-",
    "authorUid": "bd-3003174766",
    "authorUserName": "风之起灵",
    "title": "RimWorld 研究项目",
    "description": "",
    "latestVersion": 5,
    "alwaysLatest": 1,
    "createTime": "2017-07-25T10:11:54.000Z",
    "lastUpdateTime": "2017-07-25T10:11:54.000Z",
    "auth": 2,
    "uid": "bd-3003174766",
    "publishedVersion": 0,
    "forkFrom": "-",
    "isSpam": 0,
    "version": 5,
    "parentVersion": 4,
    "echartsVersion": "3.6.2",
    "versionCreateTime": "2017-08-01T05:05:51.000Z",
    "html": "",
    "externalScripts": "",
    "updaterUID": "bd-3003174766",
    "theme": "",
    "layout": "",
    "viewCount": 3804,
    "userName": "风之起灵",
    "commentCount": 2,
    "starCount": 7,
    "isStared": 0,
    "thumbnailURL": "https://www.makeapie.com/ecg-storage/ec_gallery_thumbnail/xrkG_KqV8-.png?v=1501563951857",
    "isCustomThumbnail": 0,
    "builtinTags": [
        "category-work",
        "series-graph",
        "title",
        "tooltip"
    ],
    "customTags": [],
    "updaterUserName": "风之起灵"
}