{
    "cid": "xrkOCrtu8W",
    "authorUid": "bd-1855019552",
    "authorUserName": "善良的蜗牛890",
    "title": "Awesome Chart",
    "description": "",
    "latestVersion": 1,
    "alwaysLatest": 1,
    "createTime": "2017-07-28T09:37:20.000Z",
    "lastUpdateTime": "2017-07-28T09:37:20.000Z",
    "auth": 2,
    "uid": "bd-1855019552",
    "publishedVersion": 0,
    "forkFrom": "-",
    "isSpam": 0,
    "version": 1,
    "parentVersion": -1,
    "echartsVersion": "3.6.2",
    "versionCreateTime": "2017-07-28T09:37:20.000Z",
    "html": "",
    "externalScripts": "",
    "updaterUID": "bd-1855019552",
    "theme": "",
    "layout": "",
    "viewCount": 35,
    "userName": "善良的蜗牛890",
    "commentCount": 0,
    "starCount": 0,
    "isStared": 0,
    "thumbnailURL": "https://www.makeapie.com/ecg-storage/ec_gallery_thumbnail/xrkOCrtu8W.png?v=1501234640404",
    "isCustomThumbnail": 0,
    "builtinTags": [
        "category-work",
        "grid",
        "series-line",
        "title"
    ],
    "customTags": [],
    "updaterUserName": "善良的蜗牛890"
}