{
    "cid": "xrktp3AHIW",
    "authorUid": "bd-2215764494",
    "authorUserName": "p***g",
    "title": "三维散点图正交投影",
    "description": "",
    "latestVersion": 1,
    "alwaysLatest": 1,
    "createTime": "2017-07-26T09:11:28.000Z",
    "lastUpdateTime": "2017-07-26T09:24:54.000Z",
    "auth": 2,
    "uid": "bd-2215764494",
    "publishedVersion": 0,
    "forkFrom": "-",
    "isSpam": 0,
    "version": 1,
    "parentVersion": -1,
    "echartsVersion": "3.6.2",
    "versionCreateTime": "2017-07-26T09:11:28.000Z",
    "html": "",
    "externalScripts": "https://rawgit.com/jwagner/simplex-noise.js/master/simplex-noise.js,http://echarts.baidu.com/resource/echarts-gl-latest/dist/echarts-gl.min.js",
    "updaterUID": "bd-2215764494",
    "theme": "default",
    "layout": "",
    "viewCount": 1640,
    "userName": "p***g",
    "commentCount": 2,
    "starCount": 2,
    "isStared": 0,
    "thumbnailURL": "https://www.makeapie.com/ecg-storage/ec_gallery_thumbnail/xrktp3AHIW.png?v=1501061096143",
    "isCustomThumbnail": 1,
    "builtinTags": [
        "category-work",
        "grid3D",
        "series-scatter3D",
        "visualMap"
    ],
    "customTags": [
        "echarts-gl"
    ],
    "updaterUserName": "p***g"
}