{
    "cid": "xryxGnKELW",
    "authorUid": "bd-1377353452",
    "authorUserName": "wei笑_",
    "title": "测试",
    "description": "",
    "latestVersion": 2,
    "alwaysLatest": 1,
    "createTime": "2017-07-25T09:14:47.000Z",
    "lastUpdateTime": "2017-07-25T09:14:47.000Z",
    "auth": 2,
    "uid": "bd-1377353452",
    "publishedVersion": 0,
    "forkFrom": "-",
    "isSpam": 0,
    "version": 2,
    "parentVersion": 1,
    "echartsVersion": "3.6.2",
    "versionCreateTime": "2017-07-25T09:18:49.000Z",
    "html": "",
    "externalScripts": "https://lodash.com/vendor/cdn.jsdelivr.net/lodash/4.17.4/lodash.min.js",
    "updaterUID": "bd-1377353452",
    "theme": "",
    "layout": "",
    "viewCount": 105,
    "userName": "wei笑_",
    "commentCount": 0,
    "starCount": 0,
    "isStared": 0,
    "thumbnailURL": "https://www.makeapie.com/ecg-storage/ec_gallery_thumbnail/xryxGnKELW.png?v=1500974329440",
    "isCustomThumbnail": 0,
    "builtinTags": [
        "category-work",
        "grid",
        "series-scatter",
        "title",
        "tooltip"
    ],
    "customTags": [],
    "updaterUserName": "wei笑_"
}