{
    "cid": "xS1kooriUb",
    "authorUid": "bd-4049368468",
    "authorUserName": "tony1991free",
    "title": "成都地区空间负荷密度",
    "description": "非官方数据",
    "latestVersion": 3,
    "alwaysLatest": 1,
    "createTime": "2017-07-30T12:05:43.000Z",
    "lastUpdateTime": "2017-07-30T12:05:43.000Z",
    "auth": 2,
    "uid": "bd-4049368468",
    "publishedVersion": 0,
    "forkFrom": "-",
    "isSpam": 0,
    "version": 3,
    "parentVersion": 2,
    "echartsVersion": "3.6.2",
    "versionCreateTime": "2017-08-06T02:35:50.000Z",
    "html": "",
    "externalScripts": "",
    "updaterUID": "bd-4049368468",
    "theme": "",
    "layout": "",
    "viewCount": 760,
    "userName": "tony1991free",
    "commentCount": 0,
    "starCount": 4,
    "isStared": 0,
    "thumbnailURL": "https://www.makeapie.com/ecg-storage/ec_gallery_thumbnail/xS1kooriUb.png?v=1501986950675",
    "isCustomThumbnail": 0,
    "builtinTags": [
        "category-work",
        "series-map",
        "title",
        "visualMap"
    ],
    "customTags": [],
    "updaterUserName": "tony1991free"
}