{
    "cid": "x48o0ysaCY",
    "authorUid": "bd-1006967428",
    "authorUserName": "w***7",
    "title": "地图tooltip轮播",
    "description": "",
    "latestVersion": 1,
    "alwaysLatest": 1,
    "createTime": "2020-07-03T06:23:15.000Z",
    "lastUpdateTime": "2020-07-03T06:23:15.000Z",
    "auth": 2,
    "uid": "bd-1006967428",
    "publishedVersion": 0,
    "forkFrom": "-",
    "isSpam": 0,
    "version": 1,
    "parentVersion": -1,
    "echartsVersion": "4.8.0",
    "versionCreateTime": "2020-07-03T06:23:15.000Z",
    "html": "",
    "externalScripts": "https://d3js.org/d3.v4.min.js",
    "updaterUID": "bd-1006967428",
    "theme": "",
    "layout": "",
    "viewCount": 31858,
    "userName": "w***7",
    "commentCount": 4,
    "starCount": 83,
    "isStared": 0,
    "thumbnailURL": "https://www.makeapie.com/ecg-storage/ec_gallery_thumbnail/x48o0ysaCY.png?v=1593757395253",
    "isCustomThumbnail": 0,
    "builtinTags": [
        "category-work",
        "geo",
        "series-effectScatter",
        "series-map",
        "visualMap"
    ],
    "customTags": [],
    "updaterUserName": "w***7"
}