{
    "cid": "x7ZyriidTA",
    "authorUid": "bd-3540951385",
    "authorUserName": "hotboyhaibin",
    "title": "贯通情况-单位",
    "description": "贯通情况-单位",
    "latestVersion": 1,
    "alwaysLatest": 1,
    "createTime": "2019-05-29T01:45:06.000Z",
    "lastUpdateTime": "2019-05-29T01:45:06.000Z",
    "auth": 2,
    "uid": "bd-3540951385",
    "publishedVersion": 0,
    "forkFrom": "-",
    "isSpam": 0,
    "version": 1,
    "parentVersion": -1,
    "echartsVersion": "4.2.1",
    "versionCreateTime": "2019-05-29T01:45:06.000Z",
    "html": "",
    "externalScripts": "",
    "updaterUID": "bd-3540951385",
    "theme": "",
    "layout": "",
    "viewCount": 28502,
    "userName": "hotboyhaibin",
    "commentCount": 1,
    "starCount": 141,
    "isStared": 0,
    "thumbnailURL": "https://www.makeapie.com/ecg-storage/ec_gallery_thumbnail/x7ZyriidTA.png?v=1559094306624",
    "isCustomThumbnail": 0,
    "builtinTags": [
        "category-work",
        "grid",
        "legend",
        "series-bar",
        "series-line",
        "title",
        "tooltip"
    ],
    "customTags": [],
    "updaterUserName": "hotboyhaibin"
}