{
    "cid": "xd3iXowAVa",
    "authorUid": "obd-oFOxQr1lGVePzpKV7S0tgpJKQsS7652",
    "authorUserName": "1***人",
    "title": "多色立体圆柱",
    "description": "",
    "latestVersion": 2,
    "alwaysLatest": 1,
    "createTime": "2020-05-21T02:35:09.000Z",
    "lastUpdateTime": "2020-05-21T02:35:09.000Z",
    "auth": 2,
    "uid": "obd-oFOxQr1lGVePzpKV7S0tgpJKQsS7652",
    "publishedVersion": 0,
    "forkFrom": "-",
    "isSpam": 0,
    "version": 2,
    "parentVersion": 1,
    "echartsVersion": "4.7.0",
    "versionCreateTime": "2020-05-21T02:37:31.000Z",
    "html": "",
    "externalScripts": "",
    "updaterUID": "obd-oFOxQr1lGVePzpKV7S0tgpJKQsS7652",
    "theme": "",
    "layout": "",
    "viewCount": 21074,
    "userName": "1***人",
    "commentCount": 1,
    "starCount": 98,
    "isStared": 0,
    "thumbnailURL": "https://www.makeapie.com/ecg-storage/ec_gallery_thumbnail/xd3iXowAVa.png?v=1590028651904",
    "isCustomThumbnail": 0,
    "builtinTags": [
        "category-work",
        "grid",
        "series-bar",
        "series-pictorialBar",
        "title"
    ],
    "customTags": [],
    "updaterUserName": "1***人"
}