{
    "cid": "xEpMI0-9DX",
    "authorUid": "obd-oNlOavm5mIyDmHx5vL644Fy6r7YbdCs",
    "authorUserName": "林***影",
    "title": "地图系列的 SVG 底图",
    "description": "地图系列的 SVG 底图",
    "latestVersion": 11,
    "alwaysLatest": 0,
    "createTime": "2021-07-30T08:19:42.000Z",
    "lastUpdateTime": "2022-01-04T05:45:04.000Z",
    "auth": 1,
    "uid": "obd-oNlOavm5mIyDmHx5vL644Fy6r7YbdCs",
    "publishedVersion": 0,
    "forkFrom": "-",
    "isSpam": 0,
    "version": 11,
    "parentVersion": 10,
    "echartsVersion": "5.1.2",
    "versionCreateTime": "2022-01-04T05:45:04.000Z",
    "html": "",
    "externalScripts": "",
    "updaterUID": "obd-ot7vCbs1I1BBApImfzLmT8e7YfAfR8x",
    "theme": "",
    "layout": "",
    "viewCount": 0,
    "userName": "林***影",
    "commentCount": 4,
    "starCount": 33,
    "isStared": 0,
    "thumbnailURL": "https://www.makeapie.com/ecg-storage/ec_gallery_thumbnail/xEpMI0-9DX.png?v=1641275105236",
    "isCustomThumbnail": 0,
    "builtinTags": [
        "category-work",
        "geo",
        "series-lines",
        "title",
        "tooltip"
    ],
    "customTags": [],
    "updaterUserName": "無***"
}