{
    "cid": "xFrH5r49t_",
    "authorUid": "bd-3796128407",
    "authorUserName": "王***响",
    "title": "正面评论",
    "description": "",
    "latestVersion": 1,
    "alwaysLatest": 1,
    "createTime": "2020-04-03T08:03:51.000Z",
    "lastUpdateTime": "2020-04-03T08:03:51.000Z",
    "auth": 2,
    "uid": "bd-3796128407",
    "publishedVersion": 0,
    "forkFrom": "-",
    "isSpam": 0,
    "version": 1,
    "parentVersion": -1,
    "echartsVersion": "4.7.0",
    "versionCreateTime": "2020-04-03T08:03:51.000Z",
    "html": "",
    "externalScripts": "",
    "updaterUID": "bd-3796128407",
    "theme": "",
    "layout": "",
    "viewCount": 23809,
    "userName": "王***响",
    "commentCount": 1,
    "starCount": 81,
    "isStared": 0,
    "thumbnailURL": "https://www.makeapie.com/ecg-storage/ec_gallery_thumbnail/xFrH5r49t_.png?v=1585901031623",
    "isCustomThumbnail": 0,
    "builtinTags": [
        "category-work",
        "series-pie",
        "title"
    ],
    "customTags": [],
    "updaterUserName": "王***响"
}