{
    "cid": "xFYdyzikEh",
    "authorUid": "bd-1132707261",
    "authorUserName": "ffmybestlove",
    "title": "垃圾玩家",
    "description": "(占所有数据的的60.00%)",
    "latestVersion": 2,
    "alwaysLatest": 1,
    "createTime": "2019-01-21T08:46:04.000Z",
    "lastUpdateTime": "2019-01-21T08:46:04.000Z",
    "auth": 2,
    "uid": "bd-1132707261",
    "publishedVersion": 0,
    "forkFrom": "-",
    "isSpam": 0,
    "version": 2,
    "parentVersion": 1,
    "echartsVersion": "4.2.0",
    "versionCreateTime": "2019-01-21T09:18:22.000Z",
    "html": "",
    "externalScripts": "https://echarts.baidu.com/resource/echarts-liquidfill-latest/dist/echarts-liquidfill.min.js",
    "updaterUID": "bd-1132707261",
    "theme": "",
    "layout": "",
    "viewCount": 25889,
    "userName": "ffmybestlove",
    "commentCount": 3,
    "starCount": 128,
    "isStared": 0,
    "thumbnailURL": "https://www.makeapie.com/ecg-storage/ec_gallery_thumbnail/xFYdyzikEh.png?v=1548062302393",
    "isCustomThumbnail": 0,
    "builtinTags": [
        "category-work",
        "series-liquidFill",
        "series-pie",
        "title",
        "tooltip"
    ],
    "customTags": [],
    "updaterUserName": "ffmybestlove"
}