{
    "cid": "xHJr-qVeWl",
    "authorUid": "bd-2316145965",
    "authorUserName": "miaolz123",
    "title": "朴姓人口迁徙图",
    "description": "朴姓人口迁徙图",
    "latestVersion": 2,
    "alwaysLatest": 1,
    "createTime": "2016-11-09T05:54:05.000Z",
    "lastUpdateTime": "2016-11-09T05:54:05.000Z",
    "auth": 2,
    "uid": "bd-2316145965",
    "publishedVersion": 0,
    "forkFrom": "-",
    "isSpam": 0,
    "version": 2,
    "parentVersion": 1,
    "echartsVersion": "3.3.0",
    "versionCreateTime": "2016-11-09T08:41:26.000Z",
    "html": "",
    "externalScripts": "/dep/echarts/map/js/china.js",
    "updaterUID": "bd-2316145965",
    "theme": "",
    "layout": "",
    "viewCount": 78700,
    "userName": "miaolz123",
    "commentCount": 20,
    "starCount": 254,
    "isStared": 0,
    "thumbnailURL": "https://www.makeapie.com/ecg-storage/ec_gallery_thumbnail/xHJr-qVeWl.png?v=1478680887156",
    "isCustomThumbnail": 0,
    "builtinTags": [
        "category-work",
        "geo",
        "legend",
        "series-effectScatter",
        "series-lines",
        "title"
    ],
    "customTags": [],
    "updaterUserName": "miaolz123"
}