{
    "cid": "xiiP_yJDT",
    "authorUid": "bd-1767830562",
    "authorUserName": "s***l",
    "title": "数据列表--bar",
    "description": "",
    "latestVersion": 3,
    "alwaysLatest": 1,
    "createTime": "2020-01-08T06:23:48.000Z",
    "lastUpdateTime": "2020-01-08T06:23:48.000Z",
    "auth": 2,
    "uid": "bd-1767830562",
    "publishedVersion": 0,
    "forkFrom": "-",
    "isSpam": 0,
    "version": 3,
    "parentVersion": 2,
    "echartsVersion": "4.8.0",
    "versionCreateTime": "2021-03-25T08:24:06.000Z",
    "html": "",
    "externalScripts": "",
    "updaterUID": "bd-1767830562",
    "theme": "",
    "layout": "",
    "viewCount": 25986,
    "userName": "s***l",
    "commentCount": 3,
    "starCount": 83,
    "isStared": 0,
    "thumbnailURL": "https://www.makeapie.com/ecg-storage/ec_gallery_thumbnail/xiiP_yJDT.png?v=1616660646553",
    "isCustomThumbnail": 0,
    "builtinTags": [
        "category-work",
        "grid",
        "legend",
        "series-bar",
        "toolbox",
        "tooltip"
    ],
    "customTags": [],
    "updaterUserName": "s***l"
}