{
    "cid": "xkPdGtzK0d",
    "authorUid": "obd-o2rTAvCX0ZxPDSFaGfTKgmNwjS8YB6R",
    "authorUserName": "1***9",
    "title": "进度条",
    "description": "",
    "latestVersion": 3,
    "alwaysLatest": 0,
    "createTime": "2021-06-22T07:08:20.000Z",
    "lastUpdateTime": "2021-06-22T07:08:20.000Z",
    "auth": 2,
    "uid": "obd-o2rTAvCX0ZxPDSFaGfTKgmNwjS8YB6R",
    "publishedVersion": 0,
    "forkFrom": "-",
    "isSpam": 0,
    "version": 3,
    "parentVersion": 2,
    "echartsVersion": "5.1.2",
    "versionCreateTime": "2021-06-22T07:19:17.000Z",
    "html": "",
    "externalScripts": "",
    "updaterUID": "obd-o2rTAvCX0ZxPDSFaGfTKgmNwjS8YB6R",
    "theme": "",
    "layout": "",
    "viewCount": 0,
    "userName": "1***9",
    "commentCount": 0,
    "starCount": 33,
    "isStared": 0,
    "thumbnailURL": "https://www.makeapie.com/ecg-storage/ec_gallery_thumbnail/xkPdGtzK0d.png?v=1624346357295",
    "isCustomThumbnail": 0,
    "builtinTags": [
        "category-work",
        "grid",
        "series-bar"
    ],
    "customTags": [],
    "updaterUserName": "1***9"
}