{
    "cid": "xMQLI9VAFHa",
    "authorUid": "bd-101897118",
    "authorUserName": "q***e",
    "title": "",
    "description": "",
    "latestVersion": 2,
    "alwaysLatest": 1,
    "createTime": "2020-07-13T02:20:30.000Z",
    "lastUpdateTime": "2021-11-03T06:38:56.000Z",
    "auth": 2,
    "uid": "bd-101897118",
    "publishedVersion": 0,
    "forkFrom": "-",
    "isSpam": 0,
    "version": 2,
    "parentVersion": 1,
    "echartsVersion": "4.9.0",
    "versionCreateTime": "2021-11-03T06:38:56.000Z",
    "html": "",
    "externalScripts": "",
    "updaterUID": "bd-101897118",
    "theme": "",
    "layout": "",
    "viewCount": 16217,
    "userName": "q***e",
    "commentCount": 2,
    "starCount": 82,
    "isStared": 0,
    "thumbnailURL": "https://www.makeapie.com/ecg-storage/ec_gallery_thumbnail/xMQLI9VAFHa.png?v=1635921536287",
    "isCustomThumbnail": 0,
    "builtinTags": [
        "category-work",
        "grid",
        "legend",
        "series-bar",
        "series-pictorialBar",
        "toolbox",
        "tooltip"
    ],
    "customTags": [],
    "updaterUserName": "q***e"
}