{
    "cid": "xnmZ5X4gCz",
    "authorUid": "bd-3073127017",
    "authorUserName": "素年花白c",
    "title": "中国地图",
    "description": "",
    "latestVersion": 1,
    "alwaysLatest": 1,
    "createTime": "2019-04-16T08:57:43.000Z",
    "lastUpdateTime": "2019-04-16T08:57:43.000Z",
    "auth": 2,
    "uid": "bd-3073127017",
    "publishedVersion": 0,
    "forkFrom": "-",
    "isSpam": 0,
    "version": 1,
    "parentVersion": -1,
    "echartsVersion": "4.2.1",
    "versionCreateTime": "2019-04-16T08:57:43.000Z",
    "html": "",
    "externalScripts": "/dep/echarts/map/js/china.js",
    "updaterUID": "bd-3073127017",
    "theme": "",
    "layout": "",
    "viewCount": 66931,
    "userName": "素年花白c",
    "commentCount": 28,
    "starCount": 149,
    "isStared": 0,
    "thumbnailURL": "https://www.makeapie.com/ecg-storage/ec_gallery_thumbnail/xnmZ5X4gCz.png?v=1555405064119",
    "isCustomThumbnail": 0,
    "builtinTags": [
        "category-work",
        "geo",
        "series-effectScatter",
        "series-map",
        "series-scatter",
        "tooltip",
        "visualMap"
    ],
    "customTags": [],
    "updaterUserName": "素年花白c"
}