{
    "cid": "xO6bpzhc_c",
    "authorUid": "bd-2471982142",
    "authorUserName": "沐***2",
    "title": "关系图",
    "description": "此项目是https://gallery.echartsjs.com/editor.html?c=x8cCUQhaF的另一版本，采用关系图，因为实际项目中给出的需求包含了树图和关系图的相关特性，我没有找到方法整合在一起，所以做了两个版本：关系图（graph）/树图（tree）。",
    "latestVersion": 2,
    "alwaysLatest": 1,
    "createTime": "2020-07-14T08:05:13.000Z",
    "lastUpdateTime": "2020-07-14T08:07:51.000Z",
    "auth": 2,
    "uid": "bd-2471982142",
    "publishedVersion": 0,
    "forkFrom": "-",
    "isSpam": 0,
    "version": 2,
    "parentVersion": 1,
    "echartsVersion": "4.8.0",
    "versionCreateTime": "2020-07-14T08:20:14.000Z",
    "html": "",
    "externalScripts": "",
    "updaterUID": "bd-2471982142",
    "theme": "dark",
    "layout": "",
    "viewCount": 28784,
    "userName": "沐***2",
    "commentCount": 8,
    "starCount": 91,
    "isStared": 0,
    "thumbnailURL": "https://www.makeapie.com/ecg-storage/ec_gallery_thumbnail/xO6bpzhc_c.png?v=1594713915220",
    "isCustomThumbnail": 1,
    "builtinTags": [],
    "customTags": [],
    "updaterUserName": "沐***2"
}