{
    "cid": "xORaOic-KT",
    "authorUid": "obd-otRASwoelhFMgQG9HBXdklJxc1yWS87",
    "authorUserName": "双***杰",
    "title": "关系图",
    "description": "",
    "latestVersion": 4,
    "alwaysLatest": 1,
    "createTime": "2020-05-28T10:09:51.000Z",
    "lastUpdateTime": "2020-05-28T10:09:51.000Z",
    "auth": 2,
    "uid": "obd-otRASwoelhFMgQG9HBXdklJxc1yWS87",
    "publishedVersion": 0,
    "forkFrom": "-",
    "isSpam": 0,
    "version": 4,
    "parentVersion": 3,
    "echartsVersion": "4.8.0",
    "versionCreateTime": "2020-06-24T09:12:12.000Z",
    "html": "",
    "externalScripts": "",
    "updaterUID": "obd-otRASwoelhFMgQG9HBXdklJxc1yWS87",
    "theme": "",
    "layout": "",
    "viewCount": 19944,
    "userName": "双***杰",
    "commentCount": 4,
    "starCount": 98,
    "isStared": 0,
    "thumbnailURL": "https://www.makeapie.com/ecg-storage/ec_gallery_thumbnail/xORaOic-KT.png?v=1592989933119",
    "isCustomThumbnail": 0,
    "builtinTags": [
        "category-work",
        "grid",
        "series-graph",
        "series-lines",
        "tooltip"
    ],
    "customTags": [],
    "updaterUserName": "双***杰"
}