{
    "cid": "xpW8YqCI-",
    "authorUid": "bd-319277329",
    "authorUserName": "m***i",
    "title": "轮廓高亮地图 + 九段线",
    "description": "",
    "latestVersion": 1,
    "alwaysLatest": 1,
    "createTime": "2020-01-15T07:27:14.000Z",
    "lastUpdateTime": "2020-01-15T07:27:14.000Z",
    "auth": 2,
    "uid": "bd-319277329",
    "publishedVersion": 0,
    "forkFrom": "-",
    "isSpam": 0,
    "version": 1,
    "parentVersion": -1,
    "echartsVersion": "4.4.0",
    "versionCreateTime": "2020-01-15T07:27:15.000Z",
    "html": "",
    "externalScripts": "",
    "updaterUID": "bd-319277329",
    "theme": "",
    "layout": "",
    "viewCount": 22204,
    "userName": "m***i",
    "commentCount": 5,
    "starCount": 86,
    "isStared": 0,
    "thumbnailURL": "https://www.makeapie.com/ecg-storage/ec_gallery_thumbnail/xpW8YqCI-.png?v=1579073235756",
    "isCustomThumbnail": 0,
    "builtinTags": [
        "category-work",
        "geo",
        "series-map",
        "tooltip"
    ],
    "customTags": [
        "九段线"
    ],
    "updaterUserName": "m***i"
}