{
    "cid": "xSD-D133T_",
    "authorUid": "obd-o2LLJ3HnfCDuXIBOUe1ARmZF4qcvx60",
    "authorUserName": "沉***梦",
    "title": "双y轴柱图",
    "description": "",
    "latestVersion": 2,
    "alwaysLatest": 1,
    "createTime": "2020-05-20T03:19:16.000Z",
    "lastUpdateTime": "2020-05-20T03:19:16.000Z",
    "auth": 2,
    "uid": "obd-o2LLJ3HnfCDuXIBOUe1ARmZF4qcvx60",
    "publishedVersion": 0,
    "forkFrom": "-",
    "isSpam": 0,
    "version": 2,
    "parentVersion": 1,
    "echartsVersion": "4.8.0",
    "versionCreateTime": "2020-06-30T01:23:48.000Z",
    "html": "",
    "externalScripts": "",
    "updaterUID": "obd-o2LLJ3HnfCDuXIBOUe1ARmZF4qcvx60",
    "theme": "",
    "layout": "",
    "viewCount": 34974,
    "userName": "沉***梦",
    "commentCount": 1,
    "starCount": 92,
    "isStared": 0,
    "thumbnailURL": "https://www.makeapie.com/ecg-storage/ec_gallery_thumbnail/xSD-D133T_.png?v=1593480228156",
    "isCustomThumbnail": 0,
    "builtinTags": [
        "category-work",
        "grid",
        "series-bar",
        "tooltip"
    ],
    "customTags": [],
    "updaterUserName": "沉***梦"
}