{
    "cid": "xsHh439K0",
    "authorUid": "bd-1766804323",
    "authorUserName": "136******42",
    "title": "整车物流平台",
    "description": "   数据由整车物流部提供",
    "latestVersion": 1,
    "alwaysLatest": 1,
    "createTime": "2020-02-28T12:25:20.000Z",
    "lastUpdateTime": "2020-02-28T12:25:20.000Z",
    "auth": 2,
    "uid": "bd-1766804323",
    "publishedVersion": 0,
    "forkFrom": "-",
    "isSpam": 0,
    "version": 1,
    "parentVersion": -1,
    "echartsVersion": "4.4.0",
    "versionCreateTime": "2020-02-28T12:25:20.000Z",
    "html": "",
    "externalScripts": "",
    "updaterUID": "bd-1766804323",
    "theme": "",
    "layout": "",
    "viewCount": 45720,
    "userName": "136******42",
    "commentCount": 10,
    "starCount": 99,
    "isStared": 0,
    "thumbnailURL": "https://www.makeapie.com/ecg-storage/ec_gallery_thumbnail/xsHh439K0.png?v=1582892720578",
    "isCustomThumbnail": 0,
    "builtinTags": [
        "category-work",
        "geo",
        "grid",
        "series-bar",
        "series-effectScatter",
        "series-lines",
        "series-map",
        "series-scatter",
        "timeline",
        "title",
        "tooltip"
    ],
    "customTags": [],
    "updaterUserName": "136******42"
}