{
    "cid": "xSkBesa7Yz",
    "authorUid": "bd-4111265691",
    "authorUserName": "y***洋",
    "title": "断开环形图",
    "description": "",
    "latestVersion": 1,
    "alwaysLatest": 1,
    "createTime": "2018-03-12T09:39:56.000Z",
    "lastUpdateTime": "2018-03-12T09:39:56.000Z",
    "auth": 2,
    "uid": "bd-4111265691",
    "publishedVersion": 0,
    "forkFrom": "-",
    "isSpam": 0,
    "version": 1,
    "parentVersion": -1,
    "echartsVersion": "4.0.4",
    "versionCreateTime": "2018-03-12T09:39:57.000Z",
    "html": "",
    "externalScripts": "",
    "updaterUID": "bd-4111265691",
    "theme": "",
    "layout": "",
    "viewCount": 54254,
    "userName": "y***洋",
    "commentCount": 10,
    "starCount": 183,
    "isStared": 0,
    "thumbnailURL": "https://www.makeapie.com/ecg-storage/ec_gallery_thumbnail/xSkBesa7Yz.png?v=1520847597323",
    "isCustomThumbnail": 1,
    "builtinTags": [
        "category-work",
        "legend",
        "series-pie",
        "toolbox",
        "tooltip"
    ],
    "customTags": [],
    "updaterUserName": "y***洋"
}