{
    "cid": "xtN0ft5KzK",
    "authorUid": "obd-o2wuH1JuSVuem30pWIo97g5ptrEnEBF",
    "authorUserName": "杨***3",
    "title": "3D地球",
    "description": "3D地球",
    "latestVersion": 1,
    "alwaysLatest": 0,
    "createTime": "2021-07-06T05:38:02.000Z",
    "lastUpdateTime": "2021-07-06T05:38:02.000Z",
    "auth": 2,
    "uid": "obd-o2wuH1JuSVuem30pWIo97g5ptrEnEBF",
    "publishedVersion": 0,
    "forkFrom": "-",
    "isSpam": 0,
    "version": 1,
    "parentVersion": -1,
    "echartsVersion": "5.1.2",
    "versionCreateTime": "2021-07-06T05:38:02.000Z",
    "html": "",
    "externalScripts": "https://cdn.jsdelivr.net/npm/echarts-gl@2/dist/echarts-gl.min.js",
    "updaterUID": "obd-o2wuH1JuSVuem30pWIo97g5ptrEnEBF",
    "theme": "",
    "layout": "",
    "viewCount": 0,
    "userName": "杨***3",
    "commentCount": 0,
    "starCount": 34,
    "isStared": 0,
    "thumbnailURL": "https://www.makeapie.com/ecg-storage/ec_gallery_thumbnail/xtN0ft5KzK.png?v=1625549882584",
    "isCustomThumbnail": 0,
    "builtinTags": [
        "category-work",
        "globe",
        "series-lines3D",
        "tooltip"
    ],
    "customTags": [
        "地球3D飞线流向地图"
    ],
    "updaterUserName": "杨***3"
}