{
    "cid": "xTT_1YU8au",
    "authorUid": "bd-2536962124",
    "authorUserName": "韩***翎",
    "title": "用户分析健康评分",
    "description": "",
    "latestVersion": 2,
    "alwaysLatest": 1,
    "createTime": "2019-08-01T08:25:07.000Z",
    "lastUpdateTime": "2019-08-01T08:25:07.000Z",
    "auth": 2,
    "uid": "bd-2536962124",
    "publishedVersion": 0,
    "forkFrom": "-",
    "isSpam": 0,
    "version": 2,
    "parentVersion": 1,
    "echartsVersion": "4.2.1",
    "versionCreateTime": "2019-08-09T05:53:32.000Z",
    "html": "",
    "externalScripts": "",
    "updaterUID": "bd-2536962124",
    "theme": "",
    "layout": "",
    "viewCount": 28634,
    "userName": "韩***翎",
    "commentCount": 4,
    "starCount": 135,
    "isStared": 0,
    "thumbnailURL": "https://www.makeapie.com/ecg-storage/ec_gallery_thumbnail/xTT_1YU8au.png?v=1565330012678",
    "isCustomThumbnail": 0,
    "builtinTags": [
        "category-work",
        "series-gauge",
        "series-pie",
        "tooltip"
    ],
    "customTags": [],
    "updaterUserName": "韩***翎"
}