{
    "cid": "xV8ro54T3i",
    "authorUid": "bd-2633018513",
    "authorUserName": "阿***y",
    "title": "pictorialBar - 某某国家警力控制TOP5",
    "description": "pictorialBar不同图片",
    "latestVersion": 10,
    "alwaysLatest": 1,
    "createTime": "2019-05-04T08:25:26.000Z",
    "lastUpdateTime": "2019-05-04T08:25:26.000Z",
    "auth": 2,
    "uid": "bd-2633018513",
    "publishedVersion": 0,
    "forkFrom": "-",
    "isSpam": 0,
    "version": 10,
    "parentVersion": 9,
    "echartsVersion": "4.2.1",
    "versionCreateTime": "2019-06-14T07:12:11.000Z",
    "html": "",
    "externalScripts": "",
    "updaterUID": "bd-2633018513",
    "theme": "",
    "layout": "",
    "viewCount": 25894,
    "userName": "阿***y",
    "commentCount": 4,
    "starCount": 128,
    "isStared": 0,
    "thumbnailURL": "https://www.makeapie.com/ecg-storage/ec_gallery_thumbnail/xV8ro54T3i.png?v=1560496332070",
    "isCustomThumbnail": 0,
    "builtinTags": [
        "category-work",
        "grid",
        "series-bar",
        "series-pictorialBar",
        "title",
        "tooltip"
    ],
    "customTags": [
        "pictorialBar",
        "top5",
        "图片柱状图",
        "折线图",
        "柱状图"
    ],
    "updaterUserName": "阿***y"
}