{
    "cid": "xx0g2hsJGr",
    "authorUid": "obd-o0B9fGAjy6H8RU1uHyn3e2FDTw--HF4",
    "authorUserName": "啊***听",
    "title": "宾王门户1",
    "description": "",
    "latestVersion": 13,
    "alwaysLatest": 0,
    "createTime": "2021-06-10T16:44:10.000Z",
    "lastUpdateTime": "2021-11-23T01:30:41.000Z",
    "auth": 1,
    "uid": "obd-o0B9fGAjy6H8RU1uHyn3e2FDTw--HF4",
    "publishedVersion": 0,
    "forkFrom": "-",
    "isSpam": 0,
    "version": 13,
    "parentVersion": 12,
    "echartsVersion": "5.2.0",
    "versionCreateTime": "2021-11-23T01:30:41.000Z",
    "html": "",
    "externalScripts": "",
    "updaterUID": "obd-o-aSEAdBFmNgzJAn8sMH93q7S4ELLA9",
    "theme": "",
    "layout": "",
    "viewCount": 0,
    "userName": "啊***听",
    "commentCount": 0,
    "starCount": 30,
    "isStared": 0,
    "thumbnailURL": "https://www.makeapie.com/ecg-storage/ec_gallery_thumbnail/xx0g2hsJGr.png?v=1637631042045",
    "isCustomThumbnail": 0,
    "builtinTags": [
        "category-work",
        "grid",
        "legend",
        "series-bar",
        "series-pictorialBar",
        "toolbox",
        "tooltip"
    ],
    "customTags": [],
    "updaterUserName": "w***7"
}