{
    "cid": "x0kxdkN8d-",
    "authorUid": "obd-oAg1DZ2MulVJBxyzZ__1d9Tizasb07A",
    "authorUserName": "晴***傷",
    "title": "重启之极海听雷-人物关系图",
    "description": "重启-人物关系图（不完整，待补充）",
    "latestVersion": 4,
    "alwaysLatest": 1,
    "createTime": "2020-09-16T09:13:44.000Z",
    "lastUpdateTime": "2020-11-26T04:10:43.000Z",
    "auth": 2,
    "uid": "obd-oAg1DZ2MulVJBxyzZ__1d9Tizasb07A",
    "publishedVersion": 0,
    "forkFrom": "-",
    "isSpam": 0,
    "version": 4,
    "parentVersion": 3,
    "echartsVersion": "4.8.0",
    "versionCreateTime": "2020-09-16T09:15:15.000Z",
    "html": "",
    "externalScripts": "",
    "updaterUID": "obd-oAg1DZ2MulVJBxyzZ__1d9Tizasb07A",
    "theme": "dark",
    "layout": "",
    "viewCount": 414,
    "userName": "晴***傷",
    "commentCount": 0,
    "starCount": 4,
    "isStared": 0,
    "thumbnailURL": "https://www.makeapie.com/ecg-storage/ec_gallery_thumbnail/x0kxdkN8d-.png?v=1600247715515",
    "isCustomThumbnail": 0,
    "builtinTags": [],
    "customTags": [],
    "updaterUserName": "晴***傷"
}