{
    "cid": "x4Is5PCJdG",
    "authorUid": "bd-7382906384",
    "authorUserName": "满***6",
    "title": "仪表图",
    "description": "",
    "latestVersion": 1,
    "alwaysLatest": 1,
    "createTime": "2020-09-16T07:43:12.000Z",
    "lastUpdateTime": "2020-09-16T07:43:12.000Z",
    "auth": 2,
    "uid": "bd-7382906384",
    "publishedVersion": 0,
    "forkFrom": "-",
    "isSpam": 0,
    "version": 1,
    "parentVersion": -1,
    "echartsVersion": "4.8.0",
    "versionCreateTime": "2020-09-16T07:43:12.000Z",
    "html": "",
    "externalScripts": "",
    "updaterUID": "bd-7382906384",
    "theme": "",
    "layout": "",
    "viewCount": 272,
    "userName": "满***6",
    "commentCount": 0,
    "starCount": 4,
    "isStared": 0,
    "thumbnailURL": "https://www.makeapie.com/ecg-storage/ec_gallery_thumbnail/x4Is5PCJdG.png?v=1600242192228",
    "isCustomThumbnail": 0,
    "builtinTags": [
        "category-work",
        "grid",
        "series-pie"
    ],
    "customTags": [],
    "updaterUserName": "满***6"
}