{
    "cid": "xBmT3B9pS9",
    "authorUid": "obd-o2cTMraUdFE2heJWXypMCrKpGo8Ro6N",
    "authorUserName": "惟***殇",
    "title": "legend 增加占比",
    "description": "增加对应城市占比",
    "latestVersion": 2,
    "alwaysLatest": 1,
    "createTime": "2020-09-17T03:15:20.000Z",
    "lastUpdateTime": "2020-09-17T03:15:20.000Z",
    "auth": 1,
    "uid": "obd-o2cTMraUdFE2heJWXypMCrKpGo8Ro6N",
    "publishedVersion": 0,
    "forkFrom": "-",
    "isSpam": 0,
    "version": 2,
    "parentVersion": 1,
    "echartsVersion": "4.8.0",
    "versionCreateTime": "2020-09-25T09:57:25.000Z",
    "html": "",
    "externalScripts": "",
    "updaterUID": "bd-2083624178",
    "theme": "",
    "layout": "",
    "viewCount": 91,
    "userName": "惟***殇",
    "commentCount": 0,
    "starCount": 0,
    "isStared": 0,
    "thumbnailURL": "https://www.makeapie.com/ecg-storage/ec_gallery_thumbnail/xBmT3B9pS9.png?v=1601027845327",
    "isCustomThumbnail": 0,
    "builtinTags": [
        "category-work",
        "legend",
        "series-pie",
        "title",
        "tooltip"
    ],
    "customTags": [],
    "updaterUserName": "霸***7"
}