{
    "cid": "xjb1QmpgXO",
    "authorUid": "obd-o-bzAfSwxWqsT7y36euh1uDf1lIL6AS",
    "authorUserName": "s***4",
    "title": "折线图多色",
    "description": "",
    "latestVersion": 8,
    "alwaysLatest": 1,
    "createTime": "2020-09-16T09:39:45.000Z",
    "lastUpdateTime": "2020-09-16T09:39:45.000Z",
    "auth": 2,
    "uid": "obd-o-bzAfSwxWqsT7y36euh1uDf1lIL6AS",
    "publishedVersion": 0,
    "forkFrom": "-",
    "isSpam": 0,
    "version": 8,
    "parentVersion": 7,
    "echartsVersion": "4.8.0",
    "versionCreateTime": "2021-01-06T09:45:49.000Z",
    "html": "",
    "externalScripts": "",
    "updaterUID": "obd-o-bzAfSwxWqsT7y36euh1uDf1lIL6AS",
    "theme": "",
    "layout": "",
    "viewCount": 234,
    "userName": "s***4",
    "commentCount": 0,
    "starCount": 0,
    "isStared": 0,
    "thumbnailURL": "https://www.makeapie.com/ecg-storage/ec_gallery_thumbnail/xjb1QmpgXO.png?v=1609926349666",
    "isCustomThumbnail": 0,
    "builtinTags": [
        "category-work",
        "dataZoom",
        "grid",
        "series-line",
        "toolbox",
        "tooltip",
        "visualMap"
    ],
    "customTags": [],
    "updaterUserName": "s***4"
}