{
    "cid": "xoCz2LBqGB",
    "authorUid": "bd-714299955",
    "authorUserName": "c***1",
    "title": "复工指数",
    "description": "",
    "latestVersion": 1,
    "alwaysLatest": 1,
    "createTime": "2020-09-16T08:11:34.000Z",
    "lastUpdateTime": "2020-09-16T08:11:34.000Z",
    "auth": 2,
    "uid": "bd-714299955",
    "publishedVersion": 0,
    "forkFrom": "-",
    "isSpam": 0,
    "version": 1,
    "parentVersion": -1,
    "echartsVersion": "4.8.0",
    "versionCreateTime": "2020-09-16T08:11:34.000Z",
    "html": "",
    "externalScripts": "",
    "updaterUID": "bd-714299955",
    "theme": "",
    "layout": "",
    "viewCount": 50,
    "userName": "c***1",
    "commentCount": 0,
    "starCount": 0,
    "isStared": 0,
    "thumbnailURL": "https://www.makeapie.com/ecg-storage/ec_gallery_thumbnail/xoCz2LBqGB.png?v=1600243894967",
    "isCustomThumbnail": 0,
    "builtinTags": [
        "category-work",
        "grid",
        "legend",
        "series-bar",
        "series-line",
        "tooltip"
    ],
    "customTags": [],
    "updaterUserName": "c***1"
}