{
    "cid": "xUTNe36ex1",
    "authorUid": "obd-oCvchGapFZRJsAV1ASDgSrYx2Aqx13P",
    "authorUserName": "勤***王",
    "title": "广州市天河区近一年平板使用率情况分析",
    "description": "",
    "latestVersion": 2,
    "alwaysLatest": 1,
    "createTime": "2020-09-17T02:11:32.000Z",
    "lastUpdateTime": "2020-09-17T02:11:32.000Z",
    "auth": 2,
    "uid": "obd-oCvchGapFZRJsAV1ASDgSrYx2Aqx13P",
    "publishedVersion": 0,
    "forkFrom": "-",
    "isSpam": 0,
    "version": 2,
    "parentVersion": 1,
    "echartsVersion": "4.8.0",
    "versionCreateTime": "2020-09-17T02:24:33.000Z",
    "html": "",
    "externalScripts": "",
    "updaterUID": "obd-oCvchGapFZRJsAV1ASDgSrYx2Aqx13P",
    "theme": "",
    "layout": "",
    "viewCount": 41,
    "userName": "勤***王",
    "commentCount": 0,
    "starCount": 0,
    "isStared": 0,
    "thumbnailURL": "https://www.makeapie.com/ecg-storage/ec_gallery_thumbnail/xUTNe36ex1.png?v=1600309473590",
    "isCustomThumbnail": 0,
    "builtinTags": [
        "category-work",
        "grid",
        "legend",
        "series-bar",
        "title",
        "toolbox",
        "tooltip"
    ],
    "customTags": [],
    "updaterUserName": "勤***王"
}