{
    "cid": "xXLtMkYAjs",
    "authorUid": "bd-2536962124",
    "authorUserName": "韩***翎",
    "title": "温度计",
    "description": "",
    "latestVersion": 1,
    "alwaysLatest": 1,
    "createTime": "2020-09-16T07:38:14.000Z",
    "lastUpdateTime": "2020-09-16T07:38:14.000Z",
    "auth": 2,
    "uid": "bd-2536962124",
    "publishedVersion": 0,
    "forkFrom": "-",
    "isSpam": 0,
    "version": 1,
    "parentVersion": -1,
    "echartsVersion": "4.8.0",
    "versionCreateTime": "2020-09-16T07:38:14.000Z",
    "html": "",
    "externalScripts": "",
    "updaterUID": "bd-2536962124",
    "theme": "",
    "layout": "",
    "viewCount": 99,
    "userName": "韩***翎",
    "commentCount": 0,
    "starCount": 2,
    "isStared": 0,
    "thumbnailURL": "https://www.makeapie.com/ecg-storage/ec_gallery_thumbnail/xXLtMkYAjs.png?v=1600241894678",
    "isCustomThumbnail": 0,
    "builtinTags": [
        "category-work",
        "grid",
        "series-bar",
        "series-scatter"
    ],
    "customTags": [],
    "updaterUserName": "韩***翎"
}