{
    "cid": "xXUOB5WHR9",
    "authorUid": "obd-oEn7fiwu3mgiLwy2sBaf84aNJWtZp4N",
    "authorUserName": "罗***兔",
    "title": "自定义3d柱状图",
    "description": "原先很多人都是使用象形柱状类型来绘制，不好在于series里一个item需要push 3个类型到里面，而且动画更新时会先绘制顶面。一点都不优雅",
    "latestVersion": 5,
    "alwaysLatest": 1,
    "createTime": "2020-09-16T07:45:25.000Z",
    "lastUpdateTime": "2021-12-21T14:48:42.000Z",
    "auth": 1,
    "uid": "obd-oEn7fiwu3mgiLwy2sBaf84aNJWtZp4N",
    "publishedVersion": 0,
    "forkFrom": "-",
    "isSpam": 0,
    "version": 5,
    "parentVersion": 4,
    "echartsVersion": "4.9.0",
    "versionCreateTime": "2021-12-21T14:48:42.000Z",
    "html": "",
    "externalScripts": "https://echarts.baidu.com/resource/echarts-gl-latest/dist/echarts-gl.min.js",
    "updaterUID": "obd-oPxyIVwYuBzU69mzpj3t2hBkim_jn9G",
    "theme": "",
    "layout": "",
    "viewCount": 511,
    "userName": "罗***兔",
    "commentCount": 0,
    "starCount": 11,
    "isStared": 0,
    "thumbnailURL": "https://www.makeapie.com/ecg-storage/ec_gallery_thumbnail/xXUOB5WHR9.png?v=1640098122351",
    "isCustomThumbnail": 0,
    "builtinTags": [
        "category-work",
        "grid",
        "series-custom",
        "tooltip"
    ],
    "customTags": [
        "3d",
        "bar",
        "柱状图",
        "自定义"
    ],
    "updaterUserName": "呀***x"
}