{
    "cid": "xyG1U-lY9C",
    "authorUid": "bd-2536962124",
    "authorUserName": "韩***翎",
    "title": "散点双y轴",
    "description": "",
    "latestVersion": 1,
    "alwaysLatest": 1,
    "createTime": "2020-09-16T08:39:52.000Z",
    "lastUpdateTime": "2020-09-16T08:39:52.000Z",
    "auth": 2,
    "uid": "bd-2536962124",
    "publishedVersion": 0,
    "forkFrom": "-",
    "isSpam": 0,
    "version": 1,
    "parentVersion": -1,
    "echartsVersion": "4.8.0",
    "versionCreateTime": "2020-09-16T08:39:52.000Z",
    "html": "",
    "externalScripts": "",
    "updaterUID": "bd-2536962124",
    "theme": "",
    "layout": "",
    "viewCount": 52,
    "userName": "韩***翎",
    "commentCount": 0,
    "starCount": 0,
    "isStared": 0,
    "thumbnailURL": "https://www.makeapie.com/ecg-storage/ec_gallery_thumbnail/xyG1U-lY9C.png?v=1600245593066",
    "isCustomThumbnail": 0,
    "builtinTags": [
        "category-work",
        "grid",
        "legend",
        "series-bar",
        "series-scatter",
        "tooltip"
    ],
    "customTags": [],
    "updaterUserName": "韩***翎"
}