{
    "cid": "xBkQhA9_e-",
    "authorUid": "bd-423345788",
    "authorUserName": "小明la",
    "title": "GDP 2006-2015",
    "description": "",
    "latestVersion": 1,
    "alwaysLatest": 1,
    "createTime": "2017-05-16T15:45:47.000Z",
    "lastUpdateTime": "2017-05-16T15:45:47.000Z",
    "auth": 1,
    "uid": "bd-423345788",
    "publishedVersion": 1,
    "forkFrom": "-",
    "isSpam": 0,
    "version": 1,
    "parentVersion": -1,
    "echartsVersion": "3.5.4",
    "versionCreateTime": "2017-05-16T15:45:47.000Z",
    "html": "",
    "externalScripts": "",
    "updaterUID": "bd-423345788",
    "theme": "",
    "layout": "",
    "viewCount": 168,
    "userName": "小明la",
    "commentCount": 0,
    "starCount": 0,
    "isStared": 0,
    "thumbnailURL": "https://www.makeapie.com/ecg-storage/ec_gallery_thumbnail/xBkQhA9_e-.png?v=1494949547473",
    "isCustomThumbnail": 0,
    "builtinTags": [
        "category-work",
        "grid",
        "series-line",
        "title"
    ],
    "customTags": [],
    "updaterUserName": "小明la"
}