{
    "cid": "xBynm26qeZ",
    "authorUid": "bd-1364026456",
    "authorUserName": "sc...8@126.com",
    "title": "项目进度条",
    "description": "进度条（甘特图）",
    "latestVersion": 1,
    "alwaysLatest": 1,
    "createTime": "2017-05-18T07:24:19.000Z",
    "lastUpdateTime": "2017-05-18T07:24:19.000Z",
    "auth": 2,
    "uid": "bd-1364026456",
    "publishedVersion": 0,
    "forkFrom": "-",
    "isSpam": 0,
    "version": 1,
    "parentVersion": -1,
    "echartsVersion": "3.5.4",
    "versionCreateTime": "2017-05-18T07:24:19.000Z",
    "html": "",
    "externalScripts": "",
    "updaterUID": "bd-1364026456",
    "theme": "",
    "layout": "",
    "viewCount": 1642,
    "userName": "sc...8@126.com",
    "commentCount": 1,
    "starCount": 5,
    "isStared": 0,
    "thumbnailURL": "https://www.makeapie.com/ecg-storage/ec_gallery_thumbnail/xBynm26qeZ.png?v=1495092260372",
    "isCustomThumbnail": 0,
    "builtinTags": [
        "category-work",
        "grid",
        "legend",
        "series-bar",
        "title",
        "tooltip"
    ],
    "customTags": [],
    "updaterUserName": "sc...8@126.com"
}