{
    "cid": "xH11vlIFeb",
    "authorUid": "bd-791127845",
    "authorUserName": "y***1",
    "title": "切换xAixs",
    "description": "",
    "latestVersion": 1,
    "alwaysLatest": 1,
    "createTime": "2017-05-17T04:23:50.000Z",
    "lastUpdateTime": "2017-05-17T04:23:50.000Z",
    "auth": 2,
    "uid": "bd-791127845",
    "publishedVersion": 0,
    "forkFrom": "-",
    "isSpam": 0,
    "version": 1,
    "parentVersion": -1,
    "echartsVersion": "3.5.4",
    "versionCreateTime": "2017-05-17T04:23:50.000Z",
    "html": "",
    "externalScripts": "www。js",
    "updaterUID": "bd-791127845",
    "theme": "",
    "layout": "",
    "viewCount": 256,
    "userName": "y***1",
    "commentCount": 0,
    "starCount": 0,
    "isStared": 0,
    "thumbnailURL": "https://www.makeapie.com/ecg-storage/ec_gallery_thumbnail/xH11vlIFeb.png?v=1494995030999",
    "isCustomThumbnail": 0,
    "builtinTags": [
        "category-work",
        "grid",
        "legend",
        "series-bar",
        "toolbox",
        "tooltip"
    ],
    "customTags": [],
    "updaterUserName": "y***1"
}