{
    "cid": "xH1qkw55xb",
    "authorUid": "bd-3074213604",
    "authorUserName": "你***哥",
    "title": "环形图",
    "description": "",
    "latestVersion": 3,
    "alwaysLatest": 1,
    "createTime": "2017-05-18T03:37:06.000Z",
    "lastUpdateTime": "2017-05-18T03:37:06.000Z",
    "auth": 2,
    "uid": "bd-3074213604",
    "publishedVersion": 0,
    "forkFrom": "-",
    "isSpam": 0,
    "version": 3,
    "parentVersion": 2,
    "echartsVersion": "3.5.4",
    "versionCreateTime": "2017-05-19T03:45:55.000Z",
    "html": "",
    "externalScripts": "",
    "updaterUID": "bd-3074213604",
    "theme": "",
    "layout": "",
    "viewCount": 990,
    "userName": "你***哥",
    "commentCount": 0,
    "starCount": 2,
    "isStared": 0,
    "thumbnailURL": "https://www.makeapie.com/ecg-storage/ec_gallery_thumbnail/xH1qkw55xb.png?v=1495165555325",
    "isCustomThumbnail": 0,
    "builtinTags": [
        "category-work",
        "legend",
        "series-pie",
        "title",
        "tooltip"
    ],
    "customTags": [],
    "updaterUserName": "你***哥"
}