{
    "cid": "xHJBDqTpx-",
    "authorUid": "bd-2705238791",
    "authorUserName": "河西馥狼",
    "title": "Awesome Chart",
    "description": "",
    "latestVersion": 4,
    "alwaysLatest": 1,
    "createTime": "2017-05-20T13:53:32.000Z",
    "lastUpdateTime": "2017-05-20T13:55:27.000Z",
    "auth": 2,
    "uid": "bd-2705238791",
    "publishedVersion": 0,
    "forkFrom": "-",
    "isSpam": 0,
    "version": 4,
    "parentVersion": 3,
    "echartsVersion": "3.5.4",
    "versionCreateTime": "2017-05-20T14:20:10.000Z",
    "html": "",
    "externalScripts": "",
    "updaterUID": "bd-2705238791",
    "theme": "dark",
    "layout": "",
    "viewCount": 943,
    "userName": "河西馥狼",
    "commentCount": 0,
    "starCount": 3,
    "isStared": 0,
    "thumbnailURL": "https://www.makeapie.com/ecg-storage/ec_gallery_thumbnail/xHJBDqTpx-.png?v=1495290011029",
    "isCustomThumbnail": 0,
    "builtinTags": [
        "category-work",
        "legend",
        "series-pie",
        "tooltip"
    ],
    "customTags": [],
    "updaterUserName": "河西馥狼"
}