{
    "cid": "xHk5MgDseb",
    "authorUid": "bd-808937693",
    "authorUserName": "命定天使小林",
    "title": "面试题",
    "description": "",
    "latestVersion": 1,
    "alwaysLatest": 1,
    "createTime": "2017-05-18T17:55:30.000Z",
    "lastUpdateTime": "2017-05-18T17:55:30.000Z",
    "auth": 1,
    "uid": "bd-808937693",
    "publishedVersion": 0,
    "forkFrom": "-",
    "isSpam": 0,
    "version": 1,
    "parentVersion": -1,
    "echartsVersion": "3.5.4",
    "versionCreateTime": "2017-05-18T17:55:30.000Z",
    "html": "",
    "externalScripts": "",
    "updaterUID": "bd-808937693",
    "theme": "",
    "layout": "",
    "viewCount": 173,
    "userName": "命定天使小林",
    "commentCount": 0,
    "starCount": 0,
    "isStared": 0,
    "thumbnailURL": "https://www.makeapie.com/ecg-storage/ec_gallery_thumbnail/xHk5MgDseb.png?v=1495130130850",
    "isCustomThumbnail": 0,
    "builtinTags": [
        "category-work",
        "grid",
        "series-bar",
        "tooltip"
    ],
    "customTags": [],
    "updaterUserName": "命定天使小林"
}