{
    "cid": "xHy7bSF2eb",
    "authorUid": "bd-2772384434",
    "authorUserName": "中和3000",
    "title": "9127//2015081213",
    "description": "",
    "latestVersion": 1,
    "alwaysLatest": 1,
    "createTime": "2017-05-19T14:45:15.000Z",
    "lastUpdateTime": "2017-05-19T14:45:15.000Z",
    "auth": 2,
    "uid": "bd-2772384434",
    "publishedVersion": 0,
    "forkFrom": "-",
    "isSpam": 0,
    "version": 1,
    "parentVersion": -1,
    "echartsVersion": "3.5.4",
    "versionCreateTime": "2017-05-19T14:45:15.000Z",
    "html": "",
    "externalScripts": "",
    "updaterUID": "bd-2772384434",
    "theme": "",
    "layout": "",
    "viewCount": 289,
    "userName": "中和3000",
    "commentCount": 0,
    "starCount": 0,
    "isStared": 0,
    "thumbnailURL": "https://www.makeapie.com/ecg-storage/ec_gallery_thumbnail/xHy7bSF2eb.png?v=1495205115774",
    "isCustomThumbnail": 0,
    "builtinTags": [
        "category-work",
        "dataZoom",
        "grid",
        "legend",
        "series-line",
        "toolbox",
        "tooltip"
    ],
    "customTags": [],
    "updaterUserName": "中和3000"
}