{
    "cid": "xHylE2EOxZ",
    "authorUid": "bd-3725076066",
    "authorUserName": "千***两",
    "title": "阿里云数据折线",
    "description": "",
    "latestVersion": 2,
    "alwaysLatest": 1,
    "createTime": "2017-05-16T08:45:28.000Z",
    "lastUpdateTime": "2017-05-16T08:45:28.000Z",
    "auth": 2,
    "uid": "bd-3725076066",
    "publishedVersion": 0,
    "forkFrom": "-",
    "isSpam": 0,
    "version": 2,
    "parentVersion": 1,
    "echartsVersion": "3.5.4",
    "versionCreateTime": "2017-05-16T08:58:12.000Z",
    "html": "",
    "externalScripts": "",
    "updaterUID": "bd-3725076066",
    "theme": "",
    "layout": "",
    "viewCount": 1731,
    "userName": "千***两",
    "commentCount": 0,
    "starCount": 10,
    "isStared": 0,
    "thumbnailURL": "https://www.makeapie.com/ecg-storage/ec_gallery_thumbnail/xHylE2EOxZ.png?v=1494925092876",
    "isCustomThumbnail": 0,
    "builtinTags": [
        "category-work",
        "grid",
        "legend",
        "series-line",
        "toolbox",
        "tooltip"
    ],
    "customTags": [],
    "updaterUserName": "千***两"
}