{
    "cid": "xr1SJ9JAg-",
    "authorUid": "bd-1025800666",
    "authorUserName": "outofdate",
    "title": "落马官员男女性别比",
    "description": "",
    "latestVersion": 3,
    "alwaysLatest": 1,
    "createTime": "2017-05-20T16:07:56.000Z",
    "lastUpdateTime": "2017-05-20T16:07:56.000Z",
    "auth": 2,
    "uid": "bd-1025800666",
    "publishedVersion": 0,
    "forkFrom": "-",
    "isSpam": 0,
    "version": 3,
    "parentVersion": 2,
    "echartsVersion": "3.5.4",
    "versionCreateTime": "2017-05-20T16:24:15.000Z",
    "html": "",
    "externalScripts": "",
    "updaterUID": "bd-1025800666",
    "theme": "dark",
    "layout": "",
    "viewCount": 377,
    "userName": "outofdate",
    "commentCount": 0,
    "starCount": 3,
    "isStared": 0,
    "thumbnailURL": "https://www.makeapie.com/ecg-storage/ec_gallery_thumbnail/xr1SJ9JAg-.png?v=1495297455899",
    "isCustomThumbnail": 0,
    "builtinTags": [
        "category-work",
        "legend",
        "series-funnel",
        "title",
        "toolbox",
        "tooltip"
    ],
    "customTags": [],
    "updaterUserName": "outofdate"
}