{
    "cid": "xrJY03pcl-",
    "authorUid": "bd-3074213604",
    "authorUserName": "你***哥",
    "title": "柱状图1",
    "description": "",
    "latestVersion": 1,
    "alwaysLatest": 1,
    "createTime": "2017-05-18T07:27:13.000Z",
    "lastUpdateTime": "2017-05-18T07:27:13.000Z",
    "auth": 2,
    "uid": "bd-3074213604",
    "publishedVersion": 0,
    "forkFrom": "-",
    "isSpam": 0,
    "version": 1,
    "parentVersion": -1,
    "echartsVersion": "3.5.4",
    "versionCreateTime": "2017-05-18T07:27:13.000Z",
    "html": "",
    "externalScripts": "",
    "updaterUID": "bd-3074213604",
    "theme": "",
    "layout": "",
    "viewCount": 192,
    "userName": "你***哥",
    "commentCount": 0,
    "starCount": 0,
    "isStared": 0,
    "thumbnailURL": "https://www.makeapie.com/ecg-storage/ec_gallery_thumbnail/xrJY03pcl-.png?v=1495092433763",
    "isCustomThumbnail": 0,
    "builtinTags": [
        "category-work",
        "grid",
        "legend",
        "series-bar",
        "title",
        "tooltip"
    ],
    "customTags": [],
    "updaterUserName": "你***哥"
}