{
    "cid": "xrk6IvA9e-",
    "authorUid": "bd-3124956077",
    "authorUserName": "模仿版的人生",
    "title": "流量显示",
    "description": "",
    "latestVersion": 1,
    "alwaysLatest": 1,
    "createTime": "2017-05-18T08:12:05.000Z",
    "lastUpdateTime": "2017-05-18T08:12:05.000Z",
    "auth": 2,
    "uid": "bd-3124956077",
    "publishedVersion": 0,
    "forkFrom": "-",
    "isSpam": 0,
    "version": 1,
    "parentVersion": -1,
    "echartsVersion": "3.5.4",
    "versionCreateTime": "2017-05-18T08:12:05.000Z",
    "html": "",
    "externalScripts": "",
    "updaterUID": "bd-3124956077",
    "theme": "",
    "layout": "",
    "viewCount": 126,
    "userName": "模仿版的人生",
    "commentCount": 0,
    "starCount": 1,
    "isStared": 0,
    "thumbnailURL": "https://www.makeapie.com/ecg-storage/ec_gallery_thumbnail/xrk6IvA9e-.png?v=1495095125709",
    "isCustomThumbnail": 0,
    "builtinTags": [
        "category-work",
        "grid",
        "legend",
        "series-line",
        "tooltip"
    ],
    "customTags": [],
    "updaterUserName": "模仿版的人生"
}