{
    "cid": "xrycZh3cx-",
    "authorUid": "bd-3074213604",
    "authorUserName": "你***哥",
    "title": "饼图",
    "description": "",
    "latestVersion": 3,
    "alwaysLatest": 1,
    "createTime": "2017-05-18T06:15:30.000Z",
    "lastUpdateTime": "2017-05-18T06:15:30.000Z",
    "auth": 2,
    "uid": "bd-3074213604",
    "publishedVersion": 0,
    "forkFrom": "-",
    "isSpam": 0,
    "version": 3,
    "parentVersion": 2,
    "echartsVersion": "3.5.4",
    "versionCreateTime": "2017-05-18T09:07:31.000Z",
    "html": "",
    "externalScripts": "",
    "updaterUID": "bd-3074213604",
    "theme": "",
    "layout": "",
    "viewCount": 242,
    "userName": "你***哥",
    "commentCount": 0,
    "starCount": 0,
    "isStared": 0,
    "thumbnailURL": "https://www.makeapie.com/ecg-storage/ec_gallery_thumbnail/xrycZh3cx-.png?v=1495098452206",
    "isCustomThumbnail": 0,
    "builtinTags": [
        "category-work",
        "legend",
        "series-pie",
        "title",
        "tooltip"
    ],
    "customTags": [],
    "updaterUserName": "你***哥"
}