{
    "cid": "xS1U8v0Cl-",
    "authorUid": "bd-2452479794",
    "authorUserName": "凌风111234",
    "title": "2010年各国城市建设用地比重",
    "description": "国家基础地理信息中心",
    "latestVersion": 7,
    "alwaysLatest": 1,
    "createTime": "2017-05-21T09:01:01.000Z",
    "lastUpdateTime": "2017-05-21T09:01:01.000Z",
    "auth": 2,
    "uid": "bd-2452479794",
    "publishedVersion": 0,
    "forkFrom": "-",
    "isSpam": 0,
    "version": 7,
    "parentVersion": 6,
    "echartsVersion": "3.6.1",
    "versionCreateTime": "2017-05-27T08:48:33.000Z",
    "html": "",
    "externalScripts": "/asset/get/s/data-1495350605523-SJII63Rl-.js ",
    "updaterUID": "bd-2452479794",
    "theme": "",
    "layout": "",
    "viewCount": 329,
    "userName": "凌风111234",
    "commentCount": 0,
    "starCount": 0,
    "isStared": 0,
    "thumbnailURL": "https://www.makeapie.com/ecg-storage/ec_gallery_thumbnail/xS1U8v0Cl-.png?v=1495874914140",
    "isCustomThumbnail": 0,
    "builtinTags": [
        "category-work",
        "series-map",
        "title",
        "toolbox",
        "tooltip",
        "visualMap"
    ],
    "customTags": [],
    "updaterUserName": "凌风111234"
}