{
    "cid": "xSJeXhZ2eZ",
    "authorUid": "bd-3459231708",
    "authorUserName": "skyjune5",
    "title": "Multiple dynamic series",
    "description": "",
    "latestVersion": 9,
    "alwaysLatest": 1,
    "createTime": "2017-05-19T06:09:27.000Z",
    "lastUpdateTime": "2017-05-19T06:09:27.000Z",
    "auth": 2,
    "uid": "bd-3459231708",
    "publishedVersion": 0,
    "forkFrom": "-",
    "isSpam": 0,
    "version": 9,
    "parentVersion": 2,
    "echartsVersion": "3.5.4",
    "versionCreateTime": "2017-05-22T07:48:11.000Z",
    "html": "",
    "externalScripts": "",
    "updaterUID": "bd-3459231708",
    "theme": "",
    "layout": "",
    "viewCount": 616,
    "userName": "skyjune5",
    "commentCount": 0,
    "starCount": 0,
    "isStared": 0,
    "thumbnailURL": "https://www.makeapie.com/ecg-storage/ec_gallery_thumbnail/xSJeXhZ2eZ.png?v=1495439291817",
    "isCustomThumbnail": 0,
    "builtinTags": [
        "category-work",
        "grid",
        "legend",
        "markLine",
        "series-line",
        "tooltip"
    ],
    "customTags": [],
    "updaterUserName": "skyjune5"
}