{
    "cid": "xSyB--yoeZ",
    "authorUid": "bd-3074213604",
    "authorUserName": "你***哥",
    "title": "雷达图",
    "description": "",
    "latestVersion": 2,
    "alwaysLatest": 1,
    "createTime": "2017-05-18T08:53:17.000Z",
    "lastUpdateTime": "2017-05-18T08:53:17.000Z",
    "auth": 2,
    "uid": "bd-3074213604",
    "publishedVersion": 0,
    "forkFrom": "-",
    "isSpam": 0,
    "version": 2,
    "parentVersion": 1,
    "echartsVersion": "3.5.4",
    "versionCreateTime": "2017-05-18T08:53:27.000Z",
    "html": "",
    "externalScripts": "",
    "updaterUID": "bd-3074213604",
    "theme": "",
    "layout": "",
    "viewCount": 3479,
    "userName": "你***哥",
    "commentCount": 1,
    "starCount": 7,
    "isStared": 0,
    "thumbnailURL": "https://www.makeapie.com/ecg-storage/ec_gallery_thumbnail/xSyB--yoeZ.png?v=1495097607500",
    "isCustomThumbnail": 0,
    "builtinTags": [
        "category-work",
        "legend",
        "radar",
        "series-radar",
        "title",
        "tooltip"
    ],
    "customTags": [],
    "updaterUserName": "你***哥"
}