{
    "cid": "x-Ay1LHGj",
    "authorUid": "bd-1326758405",
    "authorUserName": "西***3",
    "title": "柱状图",
    "description": "带序号和标签的柱状图",
    "latestVersion": 4,
    "alwaysLatest": 1,
    "createTime": "2020-03-09T09:26:45.000Z",
    "lastUpdateTime": "2020-03-09T09:26:45.000Z",
    "auth": 2,
    "uid": "bd-1326758405",
    "publishedVersion": 0,
    "forkFrom": "-",
    "isSpam": 0,
    "version": 4,
    "parentVersion": 2,
    "echartsVersion": "4.4.0",
    "versionCreateTime": "2020-03-09T09:39:40.000Z",
    "html": "",
    "externalScripts": "",
    "updaterUID": "bd-1326758405",
    "theme": "",
    "layout": "",
    "viewCount": 6092,
    "userName": "西***3",
    "commentCount": 1,
    "starCount": 19,
    "isStared": 0,
    "thumbnailURL": "https://www.makeapie.com/ecg-storage/ec_gallery_thumbnail/x-Ay1LHGj.png?v=1583746005924",
    "isCustomThumbnail": 1,
    "builtinTags": [
        "category-work",
        "grid",
        "legend",
        "series-bar",
        "tooltip"
    ],
    "customTags": [],
    "updaterUserName": "西***3"
}