{
    "cid": "x9_7N4C5C",
    "authorUid": "bd-640966914",
    "authorUserName": "日***羲",
    "title": "淘宝2019",
    "description": "",
    "latestVersion": 1,
    "alwaysLatest": 1,
    "createTime": "2020-03-08T14:14:45.000Z",
    "lastUpdateTime": "2020-03-08T14:14:45.000Z",
    "auth": 2,
    "uid": "bd-640966914",
    "publishedVersion": 0,
    "forkFrom": "-",
    "isSpam": 0,
    "version": 1,
    "parentVersion": -1,
    "echartsVersion": "4.4.0",
    "versionCreateTime": "2020-03-08T14:14:45.000Z",
    "html": "",
    "externalScripts": "",
    "updaterUID": "bd-640966914",
    "theme": "",
    "layout": "",
    "viewCount": 114,
    "userName": "日***羲",
    "commentCount": 0,
    "starCount": 1,
    "isStared": 0,
    "thumbnailURL": "https://www.makeapie.com/ecg-storage/ec_gallery_thumbnail/x9_7N4C5C.png?v=1583676885370",
    "isCustomThumbnail": 0,
    "builtinTags": [
        "category-work",
        "grid",
        "legend",
        "series-bar",
        "tooltip"
    ],
    "customTags": [],
    "updaterUserName": "日***羲"
}