{
    "cid": "x9iE38fj7",
    "authorUid": "bd-540632744",
    "authorUserName": "大***转",
    "title": "Y轴刻度自定义",
    "description": "使用rich以及formatter 自定义刻度显示图标",
    "latestVersion": 4,
    "alwaysLatest": 1,
    "createTime": "2020-03-09T08:17:25.000Z",
    "lastUpdateTime": "2020-03-09T08:17:25.000Z",
    "auth": 2,
    "uid": "bd-540632744",
    "publishedVersion": 0,
    "forkFrom": "-",
    "isSpam": 0,
    "version": 4,
    "parentVersion": 3,
    "echartsVersion": "4.4.0",
    "versionCreateTime": "2020-03-09T09:51:54.000Z",
    "html": "",
    "externalScripts": "",
    "updaterUID": "bd-540632744",
    "theme": "",
    "layout": "",
    "viewCount": 306,
    "userName": "大***转",
    "commentCount": 0,
    "starCount": 0,
    "isStared": 0,
    "thumbnailURL": "https://www.makeapie.com/ecg-storage/ec_gallery_thumbnail/x9iE38fj7.png?v=1583747515049",
    "isCustomThumbnail": 0,
    "builtinTags": [
        "category-work",
        "grid",
        "legend",
        "series-line",
        "title",
        "toolbox",
        "tooltip"
    ],
    "customTags": [
        "axisLabel",
        "axisTick",
        "formatter",
        "rich",
        "yAxis"
    ],
    "updaterUserName": "大***转"
}