{
    "cid": "xADJUdP1X",
    "authorUid": "bd-640966914",
    "authorUserName": "日***羲",
    "title": "支付宝2019年度消费账单（单位:元）",
    "description": "From Alipay",
    "latestVersion": 1,
    "alwaysLatest": 1,
    "createTime": "2020-03-08T12:50:51.000Z",
    "lastUpdateTime": "2020-03-08T12:53:07.000Z",
    "auth": 2,
    "uid": "bd-640966914",
    "publishedVersion": 0,
    "forkFrom": "-",
    "isSpam": 0,
    "version": 1,
    "parentVersion": -1,
    "echartsVersion": "4.4.0",
    "versionCreateTime": "2020-03-08T12:50:51.000Z",
    "html": "",
    "externalScripts": "",
    "updaterUID": "bd-640966914",
    "theme": "default",
    "layout": "",
    "viewCount": 90,
    "userName": "日***羲",
    "commentCount": 0,
    "starCount": 0,
    "isStared": 0,
    "thumbnailURL": "https://www.makeapie.com/ecg-storage/ec_gallery_thumbnail/xADJUdP1X.png?v=1583671851826",
    "isCustomThumbnail": 0,
    "builtinTags": [],
    "customTags": [],
    "updaterUserName": "日***羲"
}