{
    "cid": "xdaDNnnSu",
    "authorUid": "bd-1184532721",
    "authorUserName": "取***啊",
    "title": "受灾面积和领土面积",
    "description": "",
    "latestVersion": 10,
    "alwaysLatest": 1,
    "createTime": "2020-03-08T09:42:20.000Z",
    "lastUpdateTime": "2020-03-08T09:42:20.000Z",
    "auth": 2,
    "uid": "bd-1184532721",
    "publishedVersion": 0,
    "forkFrom": "-",
    "isSpam": 0,
    "version": 10,
    "parentVersion": 9,
    "echartsVersion": "4.4.0",
    "versionCreateTime": "2020-03-08T11:53:55.000Z",
    "html": "",
    "externalScripts": "",
    "updaterUID": "bd-1184532721",
    "theme": "",
    "layout": "",
    "viewCount": 48,
    "userName": "取***啊",
    "commentCount": 0,
    "starCount": 1,
    "isStared": 0,
    "thumbnailURL": "https://www.makeapie.com/ecg-storage/ec_gallery_thumbnail/xdaDNnnSu.png?v=1583668435941",
    "isCustomThumbnail": 0,
    "builtinTags": [
        "category-work",
        "grid",
        "series-bar",
        "toolbox"
    ],
    "customTags": [],
    "updaterUserName": "取***啊"
}