{
    "cid": "xgJaW7tOY",
    "authorUid": "bd-640966914",
    "authorUserName": "日***羲",
    "title": "过去七天手机APP使用统计",
    "description": "健康使用手机@华为",
    "latestVersion": 1,
    "alwaysLatest": 1,
    "createTime": "2020-03-08T10:55:20.000Z",
    "lastUpdateTime": "2020-03-08T10:55:20.000Z",
    "auth": 2,
    "uid": "bd-640966914",
    "publishedVersion": 0,
    "forkFrom": "-",
    "isSpam": 0,
    "version": 1,
    "parentVersion": -1,
    "echartsVersion": "4.4.0",
    "versionCreateTime": "2020-03-08T10:55:20.000Z",
    "html": "",
    "externalScripts": "",
    "updaterUID": "bd-640966914",
    "theme": "",
    "layout": "",
    "viewCount": 165,
    "userName": "日***羲",
    "commentCount": 0,
    "starCount": 0,
    "isStared": 0,
    "thumbnailURL": "https://www.makeapie.com/ecg-storage/ec_gallery_thumbnail/xgJaW7tOY.png?v=1583664920756",
    "isCustomThumbnail": 0,
    "builtinTags": [
        "category-work",
        "legend",
        "series-pie",
        "title",
        "tooltip"
    ],
    "customTags": [],
    "updaterUserName": "日***羲"
}