{
    "cid": "xKZP08lB_",
    "authorUid": "bd-1184532721",
    "authorUserName": "取***啊",
    "title": "31",
    "description": "",
    "latestVersion": 1,
    "alwaysLatest": 1,
    "createTime": "2020-03-09T05:16:34.000Z",
    "lastUpdateTime": "2020-03-09T05:16:34.000Z",
    "auth": 2,
    "uid": "bd-1184532721",
    "publishedVersion": 0,
    "forkFrom": "-",
    "isSpam": 0,
    "version": 1,
    "parentVersion": -1,
    "echartsVersion": "4.4.0",
    "versionCreateTime": "2020-03-09T05:16:34.000Z",
    "html": "",
    "externalScripts": "",
    "updaterUID": "bd-1184532721",
    "theme": "",
    "layout": "",
    "viewCount": 156,
    "userName": "取***啊",
    "commentCount": 0,
    "starCount": 0,
    "isStared": 0,
    "thumbnailURL": "https://www.makeapie.com/ecg-storage/ec_gallery_thumbnail/xKZP08lB_.png?v=1583730994835",
    "isCustomThumbnail": 0,
    "builtinTags": [
        "category-work",
        "series-funnel",
        "tooltip"
    ],
    "customTags": [],
    "updaterUserName": "取***啊"
}