{
    "cid": "xmFNFfeS-",
    "authorUid": "bd-1184532721",
    "authorUserName": "取***啊",
    "title": "无坐标轴",
    "description": "",
    "latestVersion": 3,
    "alwaysLatest": 1,
    "createTime": "2020-03-08T08:01:48.000Z",
    "lastUpdateTime": "2020-03-08T08:01:48.000Z",
    "auth": 2,
    "uid": "bd-1184532721",
    "publishedVersion": 0,
    "forkFrom": "-",
    "isSpam": 0,
    "version": 3,
    "parentVersion": 2,
    "echartsVersion": "4.4.0",
    "versionCreateTime": "2020-03-09T04:17:24.000Z",
    "html": "",
    "externalScripts": "",
    "updaterUID": "bd-1184532721",
    "theme": "",
    "layout": "",
    "viewCount": 25,
    "userName": "取***啊",
    "commentCount": 0,
    "starCount": 0,
    "isStared": 0,
    "thumbnailURL": "https://www.makeapie.com/ecg-storage/ec_gallery_thumbnail/xmFNFfeS-.png?v=1583727444894",
    "isCustomThumbnail": 0,
    "builtinTags": [
        "category-work",
        "grid",
        "series-line",
        "toolbox",
        "tooltip"
    ],
    "customTags": [],
    "updaterUserName": "取***啊"
}