{
    "cid": "xoQLoqsSb",
    "authorUid": "bd-1184532721",
    "authorUserName": "取***啊",
    "title": "教育",
    "description": "",
    "latestVersion": 5,
    "alwaysLatest": 1,
    "createTime": "2020-03-08T14:09:59.000Z",
    "lastUpdateTime": "2020-03-08T14:09:59.000Z",
    "auth": 2,
    "uid": "bd-1184532721",
    "publishedVersion": 0,
    "forkFrom": "-",
    "isSpam": 0,
    "version": 5,
    "parentVersion": 4,
    "echartsVersion": "4.4.0",
    "versionCreateTime": "2020-03-09T12:54:39.000Z",
    "html": "",
    "externalScripts": "",
    "updaterUID": "bd-1184532721",
    "theme": "",
    "layout": "",
    "viewCount": 19,
    "userName": "取***啊",
    "commentCount": 0,
    "starCount": 0,
    "isStared": 0,
    "thumbnailURL": "https://www.makeapie.com/ecg-storage/ec_gallery_thumbnail/xoQLoqsSb.png?v=1583758479708",
    "isCustomThumbnail": 0,
    "builtinTags": [
        "category-work",
        "legend",
        "series-pie",
        "tooltip"
    ],
    "customTags": [],
    "updaterUserName": "取***啊"
}