{
    "cid": "xRB8uEO3q",
    "authorUid": "bd-2552167583",
    "authorUserName": "z***g",
    "title": "柱状图-横向",
    "description": "",
    "latestVersion": 2,
    "alwaysLatest": 1,
    "createTime": "2020-03-07T10:13:01.000Z",
    "lastUpdateTime": "2020-03-07T10:13:01.000Z",
    "auth": 2,
    "uid": "bd-2552167583",
    "publishedVersion": 0,
    "forkFrom": "-",
    "isSpam": 0,
    "version": 2,
    "parentVersion": 1,
    "echartsVersion": "4.8.0",
    "versionCreateTime": "2020-09-02T08:00:18.000Z",
    "html": "",
    "externalScripts": "",
    "updaterUID": "bd-2552167583",
    "theme": "",
    "layout": "",
    "viewCount": 173,
    "userName": "z***g",
    "commentCount": 0,
    "starCount": 1,
    "isStared": 0,
    "thumbnailURL": "https://www.makeapie.com/ecg-storage/ec_gallery_thumbnail/xRB8uEO3q.png?v=1599033618672",
    "isCustomThumbnail": 0,
    "builtinTags": [
        "category-work",
        "grid",
        "legend",
        "series-bar",
        "title"
    ],
    "customTags": [],
    "updaterUserName": "z***g"
}