{
    "cid": "xsaCwD8Ls",
    "authorUid": "bd-1184532721",
    "authorUserName": "取***啊",
    "title": "4个国家",
    "description": "",
    "latestVersion": 1,
    "alwaysLatest": 1,
    "createTime": "2020-03-07T13:06:00.000Z",
    "lastUpdateTime": "2020-03-07T13:06:00.000Z",
    "auth": 2,
    "uid": "bd-1184532721",
    "publishedVersion": 0,
    "forkFrom": "-",
    "isSpam": 0,
    "version": 1,
    "parentVersion": -1,
    "echartsVersion": "4.4.0",
    "versionCreateTime": "2020-03-07T13:06:00.000Z",
    "html": "",
    "externalScripts": "",
    "updaterUID": "bd-1184532721",
    "theme": "",
    "layout": "",
    "viewCount": 24,
    "userName": "取***啊",
    "commentCount": 0,
    "starCount": 0,
    "isStared": 0,
    "thumbnailURL": "https://www.makeapie.com/ecg-storage/ec_gallery_thumbnail/xsaCwD8Ls.png?v=1583586361061",
    "isCustomThumbnail": 0,
    "builtinTags": [
        "category-work",
        "grid",
        "legend",
        "series-line",
        "title",
        "toolbox",
        "tooltip"
    ],
    "customTags": [],
    "updaterUserName": "取***啊"
}