{
    "cid": "xTvrDOH78",
    "authorUid": "bd-1160972906",
    "authorUserName": "U***",
    "title": "全国主要城市商业银行网点分布",
    "description": "全国主要城市商业银行网点分布,数据不包含ATM自助银行.银行信息来源于银保监会网站\\高德地图\\企查查.",
    "latestVersion": 31,
    "alwaysLatest": 1,
    "createTime": "2020-03-09T04:23:18.000Z",
    "lastUpdateTime": "2020-03-09T04:23:18.000Z",
    "auth": 2,
    "uid": "bd-1160972906",
    "publishedVersion": 0,
    "forkFrom": "-",
    "isSpam": 0,
    "version": 31,
    "parentVersion": 29,
    "echartsVersion": "4.4.0",
    "versionCreateTime": "2020-03-09T05:45:17.000Z",
    "html": "",
    "externalScripts": "/dep/echarts/map/js/china.js",
    "updaterUID": "bd-1160972906",
    "theme": "",
    "layout": "",
    "viewCount": 1272,
    "userName": "U***",
    "commentCount": 0,
    "starCount": 10,
    "isStared": 0,
    "thumbnailURL": "https://www.makeapie.com/ecg-storage/ec_gallery_thumbnail/xTvrDOH78.png?v=1583732718032",
    "isCustomThumbnail": 0,
    "builtinTags": [
        "brush",
        "category-work",
        "geo",
        "grid",
        "series-bar",
        "series-effectScatter",
        "series-scatter",
        "title",
        "toolbox",
        "tooltip"
    ],
    "customTags": [
        "POI",
        "金融",
        "银行"
    ],
    "updaterUserName": "U***"
}