{
    "cid": "xwFyo2roM",
    "authorUid": "bd-1184532721",
    "authorUserName": "取***啊",
    "title": "111",
    "description": "",
    "latestVersion": 1,
    "alwaysLatest": 1,
    "createTime": "2020-03-09T02:45:22.000Z",
    "lastUpdateTime": "2020-03-09T02:45:22.000Z",
    "auth": 2,
    "uid": "bd-1184532721",
    "publishedVersion": 0,
    "forkFrom": "-",
    "isSpam": 0,
    "version": 1,
    "parentVersion": -1,
    "echartsVersion": "4.4.0",
    "versionCreateTime": "2020-03-09T02:45:22.000Z",
    "html": "",
    "externalScripts": "",
    "updaterUID": "bd-1184532721",
    "theme": "",
    "layout": "",
    "viewCount": 25,
    "userName": "取***啊",
    "commentCount": 0,
    "starCount": 0,
    "isStared": 0,
    "thumbnailURL": "https://www.makeapie.com/ecg-storage/ec_gallery_thumbnail/xwFyo2roM.png?v=1583721922465",
    "isCustomThumbnail": 0,
    "builtinTags": [
        "category-work",
        "grid",
        "series-line"
    ],
    "customTags": [],
    "updaterUserName": "取***啊"
}