{
    "cid": "xX_bo12C4",
    "authorUid": "bd-3342206826",
    "authorUserName": "小***琪",
    "title": "地图城区合并",
    "description": "",
    "latestVersion": 1,
    "alwaysLatest": 1,
    "createTime": "2020-03-09T09:30:53.000Z",
    "lastUpdateTime": "2020-08-19T04:46:59.000Z",
    "auth": 2,
    "uid": "bd-3342206826",
    "publishedVersion": 0,
    "forkFrom": "-",
    "isSpam": 0,
    "version": 1,
    "parentVersion": -1,
    "echartsVersion": "4.4.0",
    "versionCreateTime": "2020-03-09T09:30:53.000Z",
    "html": "",
    "externalScripts": "",
    "updaterUID": "bd-3342206826",
    "theme": "default",
    "layout": "",
    "viewCount": 60,
    "userName": "小***琪",
    "commentCount": 0,
    "starCount": 1,
    "isStared": 0,
    "thumbnailURL": "https://www.makeapie.com/ecg-storage/ec_gallery_thumbnail/xX_bo12C4.png?v=1583746253474",
    "isCustomThumbnail": 0,
    "builtinTags": [
        "category-work",
        "geo",
        "legend",
        "visualMap"
    ],
    "customTags": [],
    "updaterUserName": "小***琪"
}