{
    "cid": "x0EA7Kiqz6",
    "authorUid": "bd-3464648864",
    "authorUserName": "MISTAKEA1",
    "title": "江西出现",
    "description": "",
    "latestVersion": 2,
    "alwaysLatest": 1,
    "createTime": "2019-02-25T07:19:19.000Z",
    "lastUpdateTime": "2019-02-25T07:19:19.000Z",
    "auth": 2,
    "uid": "bd-3464648864",
    "publishedVersion": 0,
    "forkFrom": "-",
    "isSpam": 0,
    "version": 2,
    "parentVersion": 1,
    "echartsVersion": "4.2.1",
    "versionCreateTime": "2019-02-26T02:03:48.000Z",
    "html": "",
    "externalScripts": "",
    "updaterUID": "bd-3464648864",
    "theme": "",
    "layout": "",
    "viewCount": 2171,
    "userName": "MISTAKEA1",
    "commentCount": 0,
    "starCount": 6,
    "isStared": 0,
    "thumbnailURL": "https://www.makeapie.com/ecg-storage/ec_gallery_thumbnail/x0EA7Kiqz6.png?v=1551146628213",
    "isCustomThumbnail": 0,
    "builtinTags": [
        "category-work",
        "geo",
        "legend",
        "series-effectScatter",
        "series-lines",
        "title",
        "toolbox"
    ],
    "customTags": [],
    "updaterUserName": "MISTAKEA1"
}