{
    "cid": "x14NkVNxVR",
    "authorUid": "bd-184588791",
    "authorUserName": "r***e",
    "title": "子弹图",
    "description": "",
    "latestVersion": 13,
    "alwaysLatest": 1,
    "createTime": "2019-03-02T15:53:47.000Z",
    "lastUpdateTime": "2019-03-02T15:53:47.000Z",
    "auth": 2,
    "uid": "bd-184588791",
    "publishedVersion": 0,
    "forkFrom": "-",
    "isSpam": 0,
    "version": 13,
    "parentVersion": 12,
    "echartsVersion": "4.2.1",
    "versionCreateTime": "2019-05-29T15:49:53.000Z",
    "html": "",
    "externalScripts": "https://cdn.bootcss.com/ramda/0.25.0/ramda.min.js",
    "updaterUID": "bd-184588791",
    "theme": "",
    "layout": "",
    "viewCount": 53389,
    "userName": "r***e",
    "commentCount": 1,
    "starCount": 19,
    "isStared": 0,
    "thumbnailURL": "https://www.makeapie.com/ecg-storage/ec_gallery_thumbnail/x14NkVNxVR.png?v=1559144993231",
    "isCustomThumbnail": 0,
    "builtinTags": [
        "category-work",
        "grid",
        "legend",
        "series-bar",
        "series-custom",
        "title",
        "toolbox",
        "tooltip"
    ],
    "customTags": [],
    "updaterUserName": "r***e"
}