{
    "cid": "xAHG5DlnmP",
    "authorUid": "bd-2646425411",
    "authorUserName": "s***g",
    "title": "早高峰延误(秒)",
    "description": "自己做的用来分享",
    "latestVersion": 1,
    "alwaysLatest": 1,
    "createTime": "2019-02-25T09:39:37.000Z",
    "lastUpdateTime": "2019-02-25T09:39:37.000Z",
    "auth": 2,
    "uid": "bd-2646425411",
    "publishedVersion": 0,
    "forkFrom": "-",
    "isSpam": 0,
    "version": 1,
    "parentVersion": -1,
    "echartsVersion": "4.2.1",
    "versionCreateTime": "2019-02-25T09:39:37.000Z",
    "html": "",
    "externalScripts": "",
    "updaterUID": "bd-2646425411",
    "theme": "",
    "layout": "",
    "viewCount": 244,
    "userName": "s***g",
    "commentCount": 0,
    "starCount": 1,
    "isStared": 0,
    "thumbnailURL": "https://www.makeapie.com/ecg-storage/ec_gallery_thumbnail/xAHG5DlnmP.png?v=1551087578029",
    "isCustomThumbnail": 0,
    "builtinTags": [
        "category-work",
        "grid",
        "legend",
        "series-bar",
        "title",
        "tooltip"
    ],
    "customTags": [],
    "updaterUserName": "s***g"
}