{
    "cid": "xbeg1XCWJf",
    "authorUid": "bd-1144264210",
    "authorUserName": "m***2",
    "title": "金字塔",
    "description": "金字塔，右侧显示数据个数",
    "latestVersion": 8,
    "alwaysLatest": 1,
    "createTime": "2019-03-02T03:01:35.000Z",
    "lastUpdateTime": "2019-03-02T03:01:35.000Z",
    "auth": 1,
    "uid": "bd-1144264210",
    "publishedVersion": 0,
    "forkFrom": "-",
    "isSpam": 0,
    "version": 8,
    "parentVersion": 7,
    "echartsVersion": "4.4.0",
    "versionCreateTime": "2020-03-08T13:17:20.000Z",
    "html": "",
    "externalScripts": "",
    "updaterUID": "bd-2239496220",
    "theme": "",
    "layout": "",
    "viewCount": 6490,
    "userName": "m***2",
    "commentCount": 0,
    "starCount": 14,
    "isStared": 0,
    "thumbnailURL": "https://www.makeapie.com/ecg-storage/ec_gallery_thumbnail/xbeg1XCWJf.png?v=1583673440298",
    "isCustomThumbnail": 0,
    "builtinTags": [
        "category-work",
        "series-funnel"
    ],
    "customTags": [],
    "updaterUserName": "t***o"
}