{
    "cid": "xHvRc65yxl",
    "authorUid": "bd-2956842748",
    "authorUserName": "天使第一二",
    "title": "带有收缩的--象形柱状图pictorialBar",
    "description": "",
    "latestVersion": 2,
    "alwaysLatest": 1,
    "createTime": "2019-02-26T10:49:29.000Z",
    "lastUpdateTime": "2019-02-26T10:49:29.000Z",
    "auth": 2,
    "uid": "bd-2956842748",
    "publishedVersion": 0,
    "forkFrom": "-",
    "isSpam": 0,
    "version": 2,
    "parentVersion": 1,
    "echartsVersion": "4.2.1",
    "versionCreateTime": "2019-02-26T11:36:13.000Z",
    "html": "",
    "externalScripts": "",
    "updaterUID": "bd-2956842748",
    "theme": "",
    "layout": "",
    "viewCount": 50,
    "userName": "天使第一二",
    "commentCount": 0,
    "starCount": 0,
    "isStared": 0,
    "thumbnailURL": "https://www.makeapie.com/ecg-storage/ec_gallery_thumbnail/xHvRc65yxl.png?v=1551180973424",
    "isCustomThumbnail": 0,
    "builtinTags": [
        "category-work",
        "dataZoom",
        "grid",
        "series-pictorialBar",
        "tooltip"
    ],
    "customTags": [],
    "updaterUserName": "天使第一二"
}