{
    "cid": "xi77Tne6Oz",
    "authorUid": "bd-3684456363",
    "authorUserName": "186******95",
    "title": "Brand 2017",
    "description": "",
    "latestVersion": 1,
    "alwaysLatest": 1,
    "createTime": "2019-02-28T05:41:57.000Z",
    "lastUpdateTime": "2019-02-28T05:43:21.000Z",
    "auth": 2,
    "uid": "bd-3684456363",
    "publishedVersion": 0,
    "forkFrom": "-",
    "isSpam": 0,
    "version": 1,
    "parentVersion": -1,
    "echartsVersion": "4.2.1",
    "versionCreateTime": "2019-02-28T05:41:57.000Z",
    "html": "",
    "externalScripts": "",
    "updaterUID": "bd-3684456363",
    "theme": "dark",
    "layout": "",
    "viewCount": 261,
    "userName": "186******95",
    "commentCount": 0,
    "starCount": 0,
    "isStared": 0,
    "thumbnailURL": "https://www.makeapie.com/ecg-storage/ec_gallery_thumbnail/xi77Tne6Oz.png?v=1551332517615",
    "isCustomThumbnail": 0,
    "builtinTags": [],
    "customTags": [],
    "updaterUserName": "186******95"
}