{
    "cid": "xjTOBZ_sIa",
    "authorUid": "bd-3951734745",
    "authorUserName": "花***4",
    "title": "全国地图，划过效果",
    "description": "",
    "latestVersion": 1,
    "alwaysLatest": 1,
    "createTime": "2019-02-28T08:12:36.000Z",
    "lastUpdateTime": "2019-02-28T08:12:36.000Z",
    "auth": 2,
    "uid": "bd-3951734745",
    "publishedVersion": 0,
    "forkFrom": "-",
    "isSpam": 0,
    "version": 1,
    "parentVersion": -1,
    "echartsVersion": "4.2.1",
    "versionCreateTime": "2019-02-28T08:12:36.000Z",
    "html": "",
    "externalScripts": "/dep/echarts/map/js/china.js",
    "updaterUID": "bd-3951734745",
    "theme": "",
    "layout": "",
    "viewCount": 3493,
    "userName": "花***4",
    "commentCount": 0,
    "starCount": 10,
    "isStared": 0,
    "thumbnailURL": "https://www.makeapie.com/ecg-storage/ec_gallery_thumbnail/xjTOBZ_sIa.png?v=1551341556410",
    "isCustomThumbnail": 0,
    "builtinTags": [
        "category-work",
        "series-map",
        "tooltip"
    ],
    "customTags": [],
    "updaterUserName": "花***4"
}