{
    "cid": "xmXvvDQUu0",
    "authorUid": "bd-3850529432",
    "authorUserName": "h***n",
    "title": "简单图表",
    "description": "",
    "latestVersion": 2,
    "alwaysLatest": 1,
    "createTime": "2019-02-28T08:18:13.000Z",
    "lastUpdateTime": "2019-02-28T08:18:13.000Z",
    "auth": 2,
    "uid": "bd-3850529432",
    "publishedVersion": 0,
    "forkFrom": "-",
    "isSpam": 0,
    "version": 2,
    "parentVersion": 1,
    "echartsVersion": "4.2.1",
    "versionCreateTime": "2019-02-28T08:18:26.000Z",
    "html": "",
    "externalScripts": "",
    "updaterUID": "bd-3850529432",
    "theme": "",
    "layout": "",
    "viewCount": 25,
    "userName": "h***n",
    "commentCount": 0,
    "starCount": 0,
    "isStared": 0,
    "thumbnailURL": "https://www.makeapie.com/ecg-storage/ec_gallery_thumbnail/xmXvvDQUu0.png?v=1551341906451",
    "isCustomThumbnail": 0,
    "builtinTags": [
        "category-work",
        "grid",
        "series-line",
        "tooltip"
    ],
    "customTags": [],
    "updaterUserName": "h***n"
}