{
    "cid": "xn0Z470A0e",
    "authorUid": "bd-1144264210",
    "authorUserName": "m***2",
    "title": "带底图的数据缩放",
    "description": "多类柱子，实现带底图的数据缩放",
    "latestVersion": 1,
    "alwaysLatest": 1,
    "createTime": "2019-03-02T07:01:42.000Z",
    "lastUpdateTime": "2019-03-02T07:01:42.000Z",
    "auth": 1,
    "uid": "bd-1144264210",
    "publishedVersion": 0,
    "forkFrom": "-",
    "isSpam": 0,
    "version": 1,
    "parentVersion": -1,
    "echartsVersion": "4.2.1",
    "versionCreateTime": "2019-03-02T07:01:42.000Z",
    "html": "",
    "externalScripts": "",
    "updaterUID": "bd-1144264210",
    "theme": "",
    "layout": "",
    "viewCount": 102,
    "userName": "m***2",
    "commentCount": 0,
    "starCount": 0,
    "isStared": 0,
    "thumbnailURL": "https://www.makeapie.com/ecg-storage/ec_gallery_thumbnail/xn0Z470A0e.png?v=1551510102653",
    "isCustomThumbnail": 1,
    "builtinTags": [
        "category-work",
        "dataZoom",
        "grid",
        "series-bar"
    ],
    "customTags": [],
    "updaterUserName": "m***2"
}