{
    "cid": "xnQGbFmIuD",
    "authorUid": "bd-1866157885",
    "authorUserName": "SQFFD111",
    "title": "青年文摘",
    "description": "",
    "latestVersion": 6,
    "alwaysLatest": 1,
    "createTime": "2019-02-28T12:10:04.000Z",
    "lastUpdateTime": "2019-02-28T12:10:04.000Z",
    "auth": 2,
    "uid": "bd-1866157885",
    "publishedVersion": 0,
    "forkFrom": "-",
    "isSpam": 0,
    "version": 6,
    "parentVersion": 4,
    "echartsVersion": "4.2.1",
    "versionCreateTime": "2019-03-04T06:14:52.000Z",
    "html": "",
    "externalScripts": "",
    "updaterUID": "bd-1866157885",
    "theme": "dark",
    "layout": "",
    "viewCount": 328,
    "userName": "SQFFD111",
    "commentCount": 0,
    "starCount": 0,
    "isStared": 0,
    "thumbnailURL": "https://www.makeapie.com/ecg-storage/ec_gallery_thumbnail/xnQGbFmIuD.png?v=1551680093083",
    "isCustomThumbnail": 0,
    "builtinTags": [
        "category-work",
        "series-graph",
        "tooltip"
    ],
    "customTags": [],
    "updaterUserName": "SQFFD111"
}