{
    "cid": "xRAkT3_0pE",
    "authorUid": "bd-2305766017",
    "authorUserName": "小***阳",
    "title": "change cursor",
    "description": "",
    "latestVersion": 1,
    "alwaysLatest": 1,
    "createTime": "2019-02-27T09:01:24.000Z",
    "lastUpdateTime": "2019-02-27T09:01:24.000Z",
    "auth": 2,
    "uid": "bd-2305766017",
    "publishedVersion": 0,
    "forkFrom": "-",
    "isSpam": 0,
    "version": 1,
    "parentVersion": -1,
    "echartsVersion": "4.2.1",
    "versionCreateTime": "2019-02-27T09:01:24.000Z",
    "html": "",
    "externalScripts": "",
    "updaterUID": "bd-2305766017",
    "theme": "",
    "layout": "",
    "viewCount": 20,
    "userName": "小***阳",
    "commentCount": 0,
    "starCount": 0,
    "isStared": 0,
    "thumbnailURL": "https://www.makeapie.com/ecg-storage/ec_gallery_thumbnail/xRAkT3_0pE.png?v=1551258084750",
    "isCustomThumbnail": 0,
    "builtinTags": [
        "category-work",
        "grid",
        "series-line",
        "title"
    ],
    "customTags": [],
    "updaterUserName": "小***阳"
}