{
    "cid": "xx9TYZOTwt",
    "authorUid": "bd-3627733941",
    "authorUserName": "苦比王老五",
    "title": "及格率",
    "description": "加了内外环，",
    "latestVersion": 3,
    "alwaysLatest": 1,
    "createTime": "2019-03-01T13:41:28.000Z",
    "lastUpdateTime": "2019-03-01T13:41:28.000Z",
    "auth": 2,
    "uid": "bd-3627733941",
    "publishedVersion": 0,
    "forkFrom": "-",
    "isSpam": 0,
    "version": 3,
    "parentVersion": 2,
    "echartsVersion": "4.2.1",
    "versionCreateTime": "2019-03-01T13:53:29.000Z",
    "html": "",
    "externalScripts": "",
    "updaterUID": "bd-3627733941",
    "theme": "",
    "layout": "",
    "viewCount": 132,
    "userName": "苦比王老五",
    "commentCount": 0,
    "starCount": 0,
    "isStared": 0,
    "thumbnailURL": "https://www.makeapie.com/ecg-storage/ec_gallery_thumbnail/xx9TYZOTwt.png?v=1551448409917",
    "isCustomThumbnail": 0,
    "builtinTags": [
        "category-work",
        "series-pie",
        "title"
    ],
    "customTags": [
        "pie",
        "多重环形",
        "环形"
    ],
    "updaterUserName": "苦比王老五"
}