{
    "cid": "xyDq9W90vH",
    "authorUid": "bd-329923551",
    "authorUserName": "熙很乖920",
    "title": "就是抄瞎捅咕",
    "description": "",
    "latestVersion": 1,
    "alwaysLatest": 1,
    "createTime": "2019-03-01T09:51:00.000Z",
    "lastUpdateTime": "2019-03-01T09:51:00.000Z",
    "auth": 2,
    "uid": "bd-329923551",
    "publishedVersion": 0,
    "forkFrom": "-",
    "isSpam": 0,
    "version": 1,
    "parentVersion": -1,
    "echartsVersion": "4.2.1",
    "versionCreateTime": "2019-03-01T09:51:00.000Z",
    "html": "",
    "externalScripts": "",
    "updaterUID": "bd-329923551",
    "theme": "",
    "layout": "",
    "viewCount": 22284,
    "userName": "熙很乖920",
    "commentCount": 1,
    "starCount": 20,
    "isStared": 0,
    "thumbnailURL": "https://www.makeapie.com/ecg-storage/ec_gallery_thumbnail/xyDq9W90vH.png?v=1551433860487",
    "isCustomThumbnail": 0,
    "builtinTags": [
        "category-work",
        "series-map",
        "tooltip",
        "visualMap"
    ],
    "customTags": [],
    "updaterUserName": "熙很乖920"
}