{
    "cid": "x1j6yy8SZ",
    "authorUid": "bd-4080787962",
    "authorUserName": "星***3",
    "title": "环境状态消息",
    "description": "实时更新",
    "latestVersion": 2,
    "alwaysLatest": 1,
    "createTime": "2019-11-16T02:20:08.000Z",
    "lastUpdateTime": "2019-11-16T02:20:08.000Z",
    "auth": 2,
    "uid": "bd-4080787962",
    "publishedVersion": 0,
    "forkFrom": "-",
    "isSpam": 0,
    "version": 2,
    "parentVersion": 1,
    "echartsVersion": "4.4.0",
    "versionCreateTime": "2019-11-16T02:23:12.000Z",
    "html": "",
    "externalScripts": "",
    "updaterUID": "bd-4080787962",
    "theme": "default",
    "layout": "",
    "viewCount": 358,
    "userName": "星***3",
    "commentCount": 0,
    "starCount": 1,
    "isStared": 0,
    "thumbnailURL": "https://www.makeapie.com/ecg-storage/ec_gallery_thumbnail/x1j6yy8SZ.png?v=1573870992935",
    "isCustomThumbnail": 0,
    "builtinTags": [
        "category-work",
        "dataZoom",
        "grid",
        "legend",
        "series-line",
        "title",
        "toolbox",
        "tooltip"
    ],
    "customTags": [],
    "updaterUserName": "星***3"
}