{
    "cid": "xBwUOrkyG",
    "authorUid": "bd-1879216813",
    "authorUserName": "j***n",
    "title": "柱状折线图",
    "description": "",
    "latestVersion": 1,
    "alwaysLatest": 1,
    "createTime": "2019-11-15T07:45:06.000Z",
    "lastUpdateTime": "2019-11-15T07:45:06.000Z",
    "auth": 2,
    "uid": "bd-1879216813",
    "publishedVersion": 0,
    "forkFrom": "-",
    "isSpam": 0,
    "version": 1,
    "parentVersion": -1,
    "echartsVersion": "4.4.0",
    "versionCreateTime": "2019-11-15T07:45:06.000Z",
    "html": "",
    "externalScripts": "",
    "updaterUID": "bd-1879216813",
    "theme": "",
    "layout": "",
    "viewCount": 30,
    "userName": "j***n",
    "commentCount": 0,
    "starCount": 0,
    "isStared": 0,
    "thumbnailURL": "https://www.makeapie.com/ecg-storage/ec_gallery_thumbnail/xBwUOrkyG.png?v=1573803906573",
    "isCustomThumbnail": 0,
    "builtinTags": [
        "category-work",
        "grid",
        "series-bar",
        "series-line",
        "toolbox",
        "tooltip"
    ],
    "customTags": [],
    "updaterUserName": "j***n"
}