{
    "cid": "xJeFXrcjt",
    "authorUid": "bd-1042038476",
    "authorUserName": "一***行",
    "title": "地图",
    "description": "",
    "latestVersion": 2,
    "alwaysLatest": 1,
    "createTime": "2019-11-15T07:10:58.000Z",
    "lastUpdateTime": "2019-11-15T07:10:58.000Z",
    "auth": 2,
    "uid": "bd-1042038476",
    "publishedVersion": 0,
    "forkFrom": "-",
    "isSpam": 0,
    "version": 2,
    "parentVersion": 1,
    "echartsVersion": "4.4.0",
    "versionCreateTime": "2019-11-15T08:09:08.000Z",
    "html": "",
    "externalScripts": "https://gallery.echartsjs.com/dep/echarts/map/js/china.js",
    "updaterUID": "bd-1042038476",
    "theme": "",
    "layout": "",
    "viewCount": 712,
    "userName": "一***行",
    "commentCount": 0,
    "starCount": 1,
    "isStared": 0,
    "thumbnailURL": "https://www.makeapie.com/ecg-storage/ec_gallery_thumbnail/xJeFXrcjt.png?v=1573805348555",
    "isCustomThumbnail": 0,
    "builtinTags": [
        "category-work",
        "geo",
        "series-map",
        "tooltip",
        "visualMap"
    ],
    "customTags": [],
    "updaterUserName": "一***行"
}