{
    "cid": "xMr8lL7vg",
    "authorUid": "bd-3260914631",
    "authorUserName": "1***o",
    "title": "Awesome Chart20191117",
    "description": "",
    "latestVersion": 1,
    "alwaysLatest": 1,
    "createTime": "2019-11-17T15:07:19.000Z",
    "lastUpdateTime": "2019-11-17T15:07:19.000Z",
    "auth": 2,
    "uid": "bd-3260914631",
    "publishedVersion": 0,
    "forkFrom": "-",
    "isSpam": 0,
    "version": 1,
    "parentVersion": -1,
    "echartsVersion": "4.4.0",
    "versionCreateTime": "2019-11-17T15:07:19.000Z",
    "html": "",
    "externalScripts": "",
    "updaterUID": "bd-3260914631",
    "theme": "",
    "layout": "",
    "viewCount": 8,
    "userName": "1***o",
    "commentCount": 0,
    "starCount": 0,
    "isStared": 0,
    "thumbnailURL": "https://www.makeapie.com/ecg-storage/ec_gallery_thumbnail/xMr8lL7vg.png?v=1574003239681",
    "isCustomThumbnail": 0,
    "builtinTags": [
        "category-work",
        "grid",
        "series-line",
        "title"
    ],
    "customTags": [],
    "updaterUserName": "1***o"
}