{
    "cid": "xp4NLhyKs",
    "authorUid": "bd-1268398460",
    "authorUserName": "幻***风",
    "title": "校领导",
    "description": "",
    "latestVersion": 2,
    "alwaysLatest": 1,
    "createTime": "2019-11-17T07:54:49.000Z",
    "lastUpdateTime": "2019-11-17T07:54:49.000Z",
    "auth": 2,
    "uid": "bd-1268398460",
    "publishedVersion": 0,
    "forkFrom": "-",
    "isSpam": 0,
    "version": 2,
    "parentVersion": 1,
    "echartsVersion": "4.4.0",
    "versionCreateTime": "2019-11-17T07:57:50.000Z",
    "html": "",
    "externalScripts": "",
    "updaterUID": "bd-1268398460",
    "theme": "",
    "layout": "",
    "viewCount": 39,
    "userName": "幻***风",
    "commentCount": 0,
    "starCount": 0,
    "isStared": 0,
    "thumbnailURL": "https://www.makeapie.com/ecg-storage/ec_gallery_thumbnail/xp4NLhyKs.png?v=1573977470508",
    "isCustomThumbnail": 0,
    "builtinTags": [
        "category-work",
        "grid",
        "series-bar",
        "series-scatter"
    ],
    "customTags": [],
    "updaterUserName": "幻***风"
}