{
    "cid": "xpBHAPr_r",
    "authorUid": "bd-1010139035",
    "authorUserName": "高***嘿",
    "title": "评级占比图",
    "description": "评级占比图",
    "latestVersion": 1,
    "alwaysLatest": 1,
    "createTime": "2019-11-15T06:59:00.000Z",
    "lastUpdateTime": "2019-11-15T06:59:00.000Z",
    "auth": 2,
    "uid": "bd-1010139035",
    "publishedVersion": 0,
    "forkFrom": "-",
    "isSpam": 0,
    "version": 1,
    "parentVersion": -1,
    "echartsVersion": "4.4.0",
    "versionCreateTime": "2019-11-15T06:59:00.000Z",
    "html": "",
    "externalScripts": "",
    "updaterUID": "bd-1010139035",
    "theme": "",
    "layout": "",
    "viewCount": 78,
    "userName": "高***嘿",
    "commentCount": 0,
    "starCount": 2,
    "isStared": 0,
    "thumbnailURL": "https://www.makeapie.com/ecg-storage/ec_gallery_thumbnail/xpBHAPr_r.png?v=1573801141016",
    "isCustomThumbnail": 0,
    "builtinTags": [
        "category-work",
        "legend",
        "series-pie",
        "title",
        "tooltip"
    ],
    "customTags": [],
    "updaterUserName": "高***嘿"
}