{
    "cid": "xssjrt0qs",
    "authorUid": "bd-2795971960",
    "authorUserName": "n***月",
    "title": "饼图",
    "description": "",
    "latestVersion": 1,
    "alwaysLatest": 1,
    "createTime": "2019-11-14T10:18:43.000Z",
    "lastUpdateTime": "2019-11-14T10:18:43.000Z",
    "auth": 2,
    "uid": "bd-2795971960",
    "publishedVersion": 0,
    "forkFrom": "-",
    "isSpam": 0,
    "version": 1,
    "parentVersion": -1,
    "echartsVersion": "4.4.0",
    "versionCreateTime": "2019-11-14T10:18:43.000Z",
    "html": "",
    "externalScripts": "",
    "updaterUID": "bd-2795971960",
    "theme": "",
    "layout": "",
    "viewCount": 34,
    "userName": "n***月",
    "commentCount": 0,
    "starCount": 0,
    "isStared": 0,
    "thumbnailURL": "https://www.makeapie.com/ecg-storage/ec_gallery_thumbnail/xssjrt0qs.png?v=1573726723606",
    "isCustomThumbnail": 0,
    "builtinTags": [
        "category-work",
        "legend",
        "series-pie",
        "tooltip"
    ],
    "customTags": [],
    "updaterUserName": "n***月"
}