{
    "cid": "xuSaajrFP",
    "authorUid": "bd-2408915437",
    "authorUserName": "s***嗒",
    "title": "多个散点图",
    "description": "同时显示9张散点图",
    "latestVersion": 1,
    "alwaysLatest": 1,
    "createTime": "2019-11-17T14:26:48.000Z",
    "lastUpdateTime": "2019-11-17T14:26:48.000Z",
    "auth": 2,
    "uid": "bd-2408915437",
    "publishedVersion": 0,
    "forkFrom": "-",
    "isSpam": 0,
    "version": 1,
    "parentVersion": -1,
    "echartsVersion": "4.4.0",
    "versionCreateTime": "2019-11-17T14:26:48.000Z",
    "html": "",
    "externalScripts": "",
    "updaterUID": "bd-2408915437",
    "theme": "",
    "layout": "",
    "viewCount": 136,
    "userName": "s***嗒",
    "commentCount": 0,
    "starCount": 2,
    "isStared": 0,
    "thumbnailURL": "https://www.makeapie.com/ecg-storage/ec_gallery_thumbnail/xuSaajrFP.png?v=1574000808313",
    "isCustomThumbnail": 0,
    "builtinTags": [
        "category-work",
        "grid",
        "legend",
        "series-scatter",
        "title"
    ],
    "customTags": [],
    "updaterUserName": "s***嗒"
}