{
    "cid": "xB1-IX6Zbx",
    "authorUid": "bd-3976584703",
    "authorUserName": "wang11084",
    "title": "多空对比图",
    "description": "策略",
    "latestVersion": 1,
    "alwaysLatest": 1,
    "createTime": "2016-11-10T09:52:09.000Z",
    "lastUpdateTime": "2016-11-10T09:52:09.000Z",
    "auth": 2,
    "uid": "bd-3976584703",
    "publishedVersion": 0,
    "forkFrom": "-",
    "isSpam": 0,
    "version": 1,
    "parentVersion": -1,
    "echartsVersion": "3.3.0",
    "versionCreateTime": "2016-11-10T09:52:09.000Z",
    "html": "",
    "externalScripts": "",
    "updaterUID": "bd-3976584703",
    "theme": "",
    "layout": "",
    "viewCount": 3452,
    "userName": "wang11084",
    "commentCount": 0,
    "starCount": 7,
    "isStared": 0,
    "thumbnailURL": "https://www.makeapie.com/ecg-storage/ec_gallery_thumbnail/xB1-IX6Zbx.png?v=1478771529203",
    "isCustomThumbnail": 0,
    "builtinTags": [
        "category-work",
        "dataZoom",
        "grid",
        "legend",
        "series-line",
        "title",
        "toolbox",
        "tooltip"
    ],
    "customTags": [],
    "updaterUserName": "wang11084"
}