{
    "cid": "xB1_kcvTee",
    "authorUid": "bd-2315755981",
    "authorUserName": "cqcn1991",
    "title": "Nice上, MO&Co.在本土品牌中照片数量靠前，说明具有一定的品牌忠诚度",
    "description": "",
    "latestVersion": 1,
    "alwaysLatest": 1,
    "createTime": "2016-11-07T02:41:35.000Z",
    "lastUpdateTime": "2016-11-07T02:41:35.000Z",
    "auth": 2,
    "uid": "bd-2315755981",
    "publishedVersion": 0,
    "forkFrom": "-",
    "isSpam": 0,
    "version": 1,
    "parentVersion": -1,
    "echartsVersion": "3.3.0",
    "versionCreateTime": "2016-11-07T02:41:35.000Z",
    "html": "",
    "externalScripts": "",
    "updaterUID": "bd-2315755981",
    "theme": "",
    "layout": "",
    "viewCount": 1850,
    "userName": "cqcn1991",
    "commentCount": 0,
    "starCount": 1,
    "isStared": 0,
    "thumbnailURL": "https://www.makeapie.com/ecg-storage/ec_gallery_thumbnail/xB1_kcvTee.png?v=1478486496086",
    "isCustomThumbnail": 0,
    "builtinTags": [
        "category-work",
        "grid",
        "series-bar",
        "title",
        "tooltip"
    ],
    "customTags": [],
    "updaterUserName": "cqcn1991"
}