{
    "cid": "xB1nI9pZ-g",
    "authorUid": "bd-3976584703",
    "authorUserName": "wang11084",
    "title": "多空对比的多种产品",
    "description": "多空对比的多种产品",
    "latestVersion": 2,
    "alwaysLatest": 1,
    "createTime": "2016-11-10T10:22:11.000Z",
    "lastUpdateTime": "2016-11-10T10:22:11.000Z",
    "auth": 2,
    "uid": "bd-3976584703",
    "publishedVersion": 0,
    "forkFrom": "-",
    "isSpam": 0,
    "version": 2,
    "parentVersion": 1,
    "echartsVersion": "3.3.0",
    "versionCreateTime": "2016-11-17T03:13:21.000Z",
    "html": "",
    "externalScripts": "",
    "updaterUID": "bd-3976584703",
    "theme": "",
    "layout": "",
    "viewCount": 3007,
    "userName": "wang11084",
    "commentCount": 1,
    "starCount": 8,
    "isStared": 0,
    "thumbnailURL": "https://www.makeapie.com/ecg-storage/ec_gallery_thumbnail/xB1nI9pZ-g.png?v=1479352402074",
    "isCustomThumbnail": 0,
    "builtinTags": [
        "category-work",
        "grid",
        "legend",
        "series-bar",
        "toolbox",
        "tooltip"
    ],
    "customTags": [],
    "updaterUserName": "wang11084"
}