{
    "cid": "xBJ2t7aM-l",
    "authorUid": "bd-1998844990",
    "authorUserName": "萧***星",
    "title": "全国病人就诊分布",
    "description": "(一月份统计结果)",
    "latestVersion": 2,
    "alwaysLatest": 1,
    "createTime": "2016-11-11T04:05:23.000Z",
    "lastUpdateTime": "2016-11-11T04:05:23.000Z",
    "auth": 2,
    "uid": "bd-1998844990",
    "publishedVersion": 0,
    "forkFrom": "-",
    "isSpam": 0,
    "version": 2,
    "parentVersion": 1,
    "echartsVersion": "3.3.0",
    "versionCreateTime": "2016-11-11T04:05:44.000Z",
    "html": "",
    "externalScripts": "/dep/echarts/map/js/china.js",
    "updaterUID": "bd-1998844990",
    "theme": "",
    "layout": "",
    "viewCount": 17271,
    "userName": "萧***星",
    "commentCount": 8,
    "starCount": 30,
    "isStared": 0,
    "thumbnailURL": "https://www.makeapie.com/ecg-storage/ec_gallery_thumbnail/xBJ2t7aM-l.png?v=1478837144851",
    "isCustomThumbnail": 0,
    "builtinTags": [
        "category-work",
        "geo",
        "legend",
        "series-effectScatter",
        "series-lines",
        "title",
        "tooltip"
    ],
    "customTags": [],
    "updaterUserName": "萧***星"
}