{
    "cid": "xBkYIDiWWl",
    "authorUid": "bd-1090830991",
    "authorUserName": "s***g",
    "title": "折线图数据分段，markline辅助标识",
    "description": "纯属虚构",
    "latestVersion": 7,
    "alwaysLatest": 1,
    "createTime": "2016-11-10T07:52:48.000Z",
    "lastUpdateTime": "2016-11-10T07:52:48.000Z",
    "auth": 1,
    "uid": "bd-1090830991",
    "publishedVersion": 0,
    "forkFrom": "-",
    "isSpam": 0,
    "version": 7,
    "parentVersion": 1,
    "echartsVersion": "3.8.0",
    "versionCreateTime": "2021-01-27T09:44:32.000Z",
    "html": "",
    "externalScripts": "",
    "updaterUID": "bd-1090830991",
    "theme": "",
    "layout": "",
    "viewCount": 6009,
    "userName": "s***g",
    "commentCount": 0,
    "starCount": 6,
    "isStared": 0,
    "thumbnailURL": "https://www.makeapie.com/ecg-storage/ec_gallery_thumbnail/xBkYIDiWWl.png?v=1611740673057",
    "isCustomThumbnail": 0,
    "builtinTags": [
        "category-work",
        "grid",
        "markLine",
        "series-line",
        "title",
        "tooltip"
    ],
    "customTags": [],
    "updaterUserName": "s***g"
}