{
    "cid": "xBy137peWe",
    "authorUid": "bd-2567362979",
    "authorUserName": "yangertt2006",
    "title": "多环形数字统计图",
    "description": "改自http://gallery.echartsjs.com/editor.html?c=xr1HaRiHgl",
    "latestVersion": 3,
    "alwaysLatest": 1,
    "createTime": "2016-11-09T15:41:26.000Z",
    "lastUpdateTime": "2016-11-09T15:41:26.000Z",
    "auth": 2,
    "uid": "bd-2567362979",
    "publishedVersion": 0,
    "forkFrom": "-",
    "isSpam": 0,
    "version": 3,
    "parentVersion": 2,
    "echartsVersion": "3.3.0",
    "versionCreateTime": "2016-11-09T15:43:39.000Z",
    "html": "",
    "externalScripts": "",
    "updaterUID": "bd-2567362979",
    "theme": "dark",
    "layout": "",
    "viewCount": 2240,
    "userName": "yangertt2006",
    "commentCount": 0,
    "starCount": 3,
    "isStared": 0,
    "thumbnailURL": "https://www.makeapie.com/ecg-storage/ec_gallery_thumbnail/xBy137peWe.png?v=1478706219311",
    "isCustomThumbnail": 0,
    "builtinTags": [
        "category-work",
        "series-pie",
        "title"
    ],
    "customTags": [],
    "updaterUserName": "yangertt2006"
}