{
    "cid": "xByBRvwlWg",
    "authorUid": "bd-2993736275",
    "authorUserName": "琵莎麦天枰",
    "title": "地图切换",
    "description": "两种及以上地图切换",
    "latestVersion": 7,
    "alwaysLatest": 1,
    "createTime": "2016-11-09T09:09:33.000Z",
    "lastUpdateTime": "2016-11-09T09:09:33.000Z",
    "auth": 1,
    "uid": "bd-2993736275",
    "publishedVersion": 0,
    "forkFrom": "-",
    "isSpam": 0,
    "version": 7,
    "parentVersion": 6,
    "echartsVersion": "3.4.0",
    "versionCreateTime": "2017-03-23T12:54:20.000Z",
    "html": "",
    "externalScripts": "/dep/echarts/map/js/china.js,/dep/echarts/map/js/world.js",
    "updaterUID": "bd-4063389315",
    "theme": "",
    "layout": "",
    "viewCount": 5324,
    "userName": "琵莎麦天枰",
    "commentCount": 1,
    "starCount": 5,
    "isStared": 0,
    "thumbnailURL": "https://www.makeapie.com/ecg-storage/ec_gallery_thumbnail/xByBRvwlWg.png?v=1490273661307",
    "isCustomThumbnail": 0,
    "builtinTags": [
        "category-work",
        "series-map",
        "title",
        "tooltip"
    ],
    "customTags": [],
    "updaterUserName": "桀骜之生"
}