{
    "cid": "xByXRcr1bg",
    "authorUid": "bd-2721140047",
    "authorUserName": "F***8",
    "title": "estimate",
    "description": "",
    "latestVersion": 3,
    "alwaysLatest": 1,
    "createTime": "2016-11-08T12:53:30.000Z",
    "lastUpdateTime": "2016-11-08T12:53:30.000Z",
    "auth": 2,
    "uid": "bd-2721140047",
    "publishedVersion": 0,
    "forkFrom": "-",
    "isSpam": 0,
    "version": 3,
    "parentVersion": 2,
    "echartsVersion": "3.3.0",
    "versionCreateTime": "2016-11-09T04:39:50.000Z",
    "html": "",
    "externalScripts": "",
    "updaterUID": "bd-2721140047",
    "theme": "",
    "layout": "",
    "viewCount": 3809,
    "userName": "F***8",
    "commentCount": 0,
    "starCount": 10,
    "isStared": 0,
    "thumbnailURL": "https://www.makeapie.com/ecg-storage/ec_gallery_thumbnail/xByXRcr1bg.png?v=1478666390648",
    "isCustomThumbnail": 0,
    "builtinTags": [
        "category-work",
        "dataZoom",
        "geo",
        "grid",
        "series-scatter",
        "timeline",
        "title",
        "toolbox",
        "tooltip",
        "visualMap"
    ],
    "customTags": [],
    "updaterUserName": "F***8"
}