{
    "cid": "xHyEoL2bbx",
    "authorUid": "bd-3976584703",
    "authorUserName": "wang11084",
    "title": "买卖方向及总和堆叠",
    "description": "参照<Jer - 堆积图求和>",
    "latestVersion": 1,
    "alwaysLatest": 1,
    "createTime": "2016-11-10T08:58:03.000Z",
    "lastUpdateTime": "2016-11-10T08:58:03.000Z",
    "auth": 2,
    "uid": "bd-3976584703",
    "publishedVersion": 0,
    "forkFrom": "-",
    "isSpam": 0,
    "version": 1,
    "parentVersion": -1,
    "echartsVersion": "3.3.0",
    "versionCreateTime": "2016-11-10T08:58:03.000Z",
    "html": "",
    "externalScripts": "",
    "updaterUID": "bd-3976584703",
    "theme": "",
    "layout": "",
    "viewCount": 942,
    "userName": "wang11084",
    "commentCount": 0,
    "starCount": 3,
    "isStared": 0,
    "thumbnailURL": "https://www.makeapie.com/ecg-storage/ec_gallery_thumbnail/xHyEoL2bbx.png?v=1478768283750",
    "isCustomThumbnail": 0,
    "builtinTags": [
        "category-work",
        "grid",
        "legend",
        "series-bar",
        "toolbox",
        "tooltip"
    ],
    "customTags": [],
    "updaterUserName": "wang11084"
}