{
    "cid": "xr1EOLLxWl",
    "authorUid": "bd-2952813968",
    "authorUserName": "奇***阁",
    "title": "柱状图 - 横向 - 单色填充",
    "description": "横向柱状图，单一颜色填充",
    "latestVersion": 7,
    "alwaysLatest": 1,
    "createTime": "2016-11-09T07:55:24.000Z",
    "lastUpdateTime": "2016-11-09T07:55:24.000Z",
    "auth": 2,
    "uid": "bd-2952813968",
    "publishedVersion": 0,
    "forkFrom": "-",
    "isSpam": 0,
    "version": 7,
    "parentVersion": 6,
    "echartsVersion": "3.3.0",
    "versionCreateTime": "2016-11-14T15:02:16.000Z",
    "html": "",
    "externalScripts": "",
    "updaterUID": "bd-2952813968",
    "theme": "",
    "layout": "",
    "viewCount": 911,
    "userName": "奇***阁",
    "commentCount": 0,
    "starCount": 2,
    "isStared": 0,
    "thumbnailURL": "https://www.makeapie.com/ecg-storage/ec_gallery_thumbnail/xr1EOLLxWl.png?v=1479135736404",
    "isCustomThumbnail": 0,
    "builtinTags": [
        "category-work",
        "grid",
        "series-bar",
        "tooltip"
    ],
    "customTags": [
        "BarChart"
    ],
    "updaterUserName": "奇***阁"
}