{
    "cid": "xrkq6EEile",
    "authorUid": "bd-2718400513",
    "authorUserName": "qikang5405",
    "title": "北京市各区县热力图示意",
    "description": "北京市各区县热力地图",
    "latestVersion": 1,
    "alwaysLatest": 1,
    "createTime": "2016-11-05T10:30:25.000Z",
    "lastUpdateTime": "2016-11-05T10:30:25.000Z",
    "auth": 2,
    "uid": "bd-2718400513",
    "publishedVersion": 0,
    "forkFrom": "-",
    "isSpam": 0,
    "version": 1,
    "parentVersion": -1,
    "echartsVersion": "3.3.0",
    "versionCreateTime": "2016-11-05T10:30:25.000Z",
    "html": "",
    "externalScripts": "",
    "updaterUID": "bd-2718400513",
    "theme": "",
    "layout": "",
    "viewCount": 3561,
    "userName": "qikang5405",
    "commentCount": 1,
    "starCount": 3,
    "isStared": 0,
    "thumbnailURL": "https://www.makeapie.com/ecg-storage/ec_gallery_thumbnail/xrkq6EEile.png?v=1478341826159",
    "isCustomThumbnail": 0,
    "builtinTags": [
        "category-work",
        "series-map",
        "title",
        "visualMap"
    ],
    "customTags": [],
    "updaterUserName": "qikang5405"
}