{
    "cid": "xryZmn6Axg",
    "authorUid": "bd-3913038789",
    "authorUserName": "装醉猫",
    "title": "模拟迁徙",
    "description": "数据纯属虚构",
    "latestVersion": 3,
    "alwaysLatest": 1,
    "createTime": "2016-11-08T03:52:56.000Z",
    "lastUpdateTime": "2016-11-08T03:52:56.000Z",
    "auth": 2,
    "uid": "bd-3913038789",
    "publishedVersion": 0,
    "forkFrom": "-",
    "isSpam": 0,
    "version": 3,
    "parentVersion": 2,
    "echartsVersion": "3.3.0",
    "versionCreateTime": "2016-11-09T06:26:24.000Z",
    "html": "",
    "externalScripts": "/dep/echarts/map/js/china.js",
    "updaterUID": "bd-3913038789",
    "theme": "roma",
    "layout": "",
    "viewCount": 5298,
    "userName": "装醉猫",
    "commentCount": 1,
    "starCount": 8,
    "isStared": 0,
    "thumbnailURL": "https://www.makeapie.com/ecg-storage/ec_gallery_thumbnail/xryZmn6Axg.png?v=1478672785181",
    "isCustomThumbnail": 0,
    "builtinTags": [
        "category-work",
        "geo",
        "legend",
        "series-effectScatter",
        "series-lines",
        "series-map",
        "title",
        "tooltip"
    ],
    "customTags": [],
    "updaterUserName": "装醉猫"
}