{
    "cid": "xS1mpdw1bl",
    "authorUid": "bd-2315755981",
    "authorUserName": "cqcn1991",
    "title": "门店对比",
    "description": "",
    "latestVersion": 1,
    "alwaysLatest": 1,
    "createTime": "2016-11-08T15:01:14.000Z",
    "lastUpdateTime": "2016-11-08T15:01:14.000Z",
    "auth": 2,
    "uid": "bd-2315755981",
    "publishedVersion": 0,
    "forkFrom": "-",
    "isSpam": 0,
    "version": 1,
    "parentVersion": -1,
    "echartsVersion": "3.3.0",
    "versionCreateTime": "2016-11-08T15:01:14.000Z",
    "html": "",
    "externalScripts": "",
    "updaterUID": "bd-2315755981",
    "theme": "",
    "layout": "",
    "viewCount": 247,
    "userName": "cqcn1991",
    "commentCount": 0,
    "starCount": 1,
    "isStared": 0,
    "thumbnailURL": "https://www.makeapie.com/ecg-storage/ec_gallery_thumbnail/xS1mpdw1bl.png?v=1478617275100",
    "isCustomThumbnail": 0,
    "builtinTags": [],
    "customTags": [],
    "updaterUserName": "cqcn1991"
}