{
    "cid": "xSyB1vgQbx",
    "authorUid": "bd-436258499",
    "authorUserName": "SWUCIM",
    "title": "map with label",
    "description": "",
    "latestVersion": 1,
    "alwaysLatest": 1,
    "createTime": "2016-11-11T07:44:29.000Z",
    "lastUpdateTime": "2016-11-11T07:44:29.000Z",
    "auth": 2,
    "uid": "bd-436258499",
    "publishedVersion": 0,
    "forkFrom": "-",
    "isSpam": 0,
    "version": 1,
    "parentVersion": -1,
    "echartsVersion": "3.3.0",
    "versionCreateTime": "2016-11-11T07:44:29.000Z",
    "html": "",
    "externalScripts": "/dep/echarts/map/js/china.js",
    "updaterUID": "bd-436258499",
    "theme": "",
    "layout": "",
    "viewCount": 3008,
    "userName": "SWUCIM",
    "commentCount": 0,
    "starCount": 5,
    "isStared": 0,
    "thumbnailURL": "https://www.makeapie.com/ecg-storage/ec_gallery_thumbnail/xSyB1vgQbx.png?v=1478850269635",
    "isCustomThumbnail": 0,
    "builtinTags": [
        "category-work",
        "markPoint",
        "series-map",
        "tooltip"
    ],
    "customTags": [],
    "updaterUserName": "SWUCIM"
}