{
    "cid": "xSyGFnbkbg",
    "authorUid": "bd-2316145965",
    "authorUserName": "miaolz123",
    "title": "姬姓全国分布图",
    "description": "姬姓全国分布图",
    "latestVersion": 1,
    "alwaysLatest": 1,
    "createTime": "2016-11-08T08:27:38.000Z",
    "lastUpdateTime": "2016-11-08T08:27:38.000Z",
    "auth": 2,
    "uid": "bd-2316145965",
    "publishedVersion": 0,
    "forkFrom": "-",
    "isSpam": 0,
    "version": 1,
    "parentVersion": -1,
    "echartsVersion": "3.3.0",
    "versionCreateTime": "2016-11-08T08:27:38.000Z",
    "html": "",
    "externalScripts": "/dep/echarts/map/js/china.js",
    "updaterUID": "bd-2316145965",
    "theme": "",
    "layout": "",
    "viewCount": 2321,
    "userName": "miaolz123",
    "commentCount": 0,
    "starCount": 7,
    "isStared": 0,
    "thumbnailURL": "https://www.makeapie.com/ecg-storage/ec_gallery_thumbnail/xSyGFnbkbg.png?v=1478593658577",
    "isCustomThumbnail": 0,
    "builtinTags": [
        "category-work",
        "geo",
        "legend",
        "series-scatter",
        "title"
    ],
    "customTags": [],
    "updaterUserName": "miaolz123"
}