{
    "cid": "x6Fq9e8Sir",
    "authorUid": "bd-608202959",
    "authorUserName": "慕***晶",
    "title": "环图内饼图",
    "description": "环图内再套用一个饼图",
    "latestVersion": 1,
    "alwaysLatest": 0,
    "createTime": "2021-08-04T08:33:36.000Z",
    "lastUpdateTime": "2021-08-04T08:33:36.000Z",
    "auth": 1,
    "uid": "bd-608202959",
    "publishedVersion": 0,
    "forkFrom": "-",
    "isSpam": 0,
    "version": 1,
    "parentVersion": -1,
    "echartsVersion": "5.1.2",
    "versionCreateTime": "2021-08-04T08:33:36.000Z",
    "html": "",
    "externalScripts": "",
    "updaterUID": "bd-608202959",
    "theme": "",
    "layout": "",
    "viewCount": 0,
    "userName": "慕***晶",
    "commentCount": 0,
    "starCount": 4,
    "isStared": 0,
    "thumbnailURL": "https://www.makeapie.com/ecg-storage/ec_gallery_thumbnail/x6Fq9e8Sir.png?v=1628066016513",
    "isCustomThumbnail": 0,
    "builtinTags": [
        "category-work",
        "polar",
        "series-bar",
        "series-pie",
        "title"
    ],
    "customTags": [
        "pie"
    ],
    "updaterUserName": "慕***晶"
}