{
    "cid": "x95vF8GbSo",
    "authorUid": "bd-1007260984",
    "authorUserName": "语***e",
    "title": "多轴纵向面积图",
    "description": "",
    "latestVersion": 2,
    "alwaysLatest": 0,
    "createTime": "2021-08-04T09:20:46.000Z",
    "lastUpdateTime": "2021-08-04T09:21:14.000Z",
    "auth": 2,
    "uid": "bd-1007260984",
    "publishedVersion": 0,
    "forkFrom": "-",
    "isSpam": 0,
    "version": 2,
    "parentVersion": 1,
    "echartsVersion": "5.1.2",
    "versionCreateTime": "2021-08-04T09:21:14.000Z",
    "html": "",
    "externalScripts": "",
    "updaterUID": "bd-1007260984",
    "theme": "",
    "layout": "",
    "viewCount": 0,
    "userName": "语***e",
    "commentCount": 0,
    "starCount": 3,
    "isStared": 0,
    "thumbnailURL": "https://www.makeapie.com/ecg-storage/ec_gallery_thumbnail/x95vF8GbSo.png?v=1628068875009",
    "isCustomThumbnail": 0,
    "builtinTags": [
        "category-work",
        "grid",
        "legend",
        "series-line",
        "tooltip"
    ],
    "customTags": [
        "多轴",
        "纵向",
        "面积图"
    ],
    "updaterUserName": "语***e"
}