{
    "cid": "xbTimAn2pU",
    "authorUid": "obd-oP4-ZByoFRNYGFeNalIYF1jQhtdIQ9B",
    "authorUserName": "Y***8",
    "title": "雷达图",
    "description": "",
    "latestVersion": 1,
    "alwaysLatest": 0,
    "createTime": "2021-08-04T07:23:03.000Z",
    "lastUpdateTime": "2021-08-04T07:23:03.000Z",
    "auth": 2,
    "uid": "obd-oP4-ZByoFRNYGFeNalIYF1jQhtdIQ9B",
    "publishedVersion": 0,
    "forkFrom": "-",
    "isSpam": 0,
    "version": 1,
    "parentVersion": -1,
    "echartsVersion": "5.1.2",
    "versionCreateTime": "2021-08-04T07:23:03.000Z",
    "html": "",
    "externalScripts": "",
    "updaterUID": "obd-oP4-ZByoFRNYGFeNalIYF1jQhtdIQ9B",
    "theme": "",
    "layout": "",
    "viewCount": 0,
    "userName": "Y***8",
    "commentCount": 0,
    "starCount": 0,
    "isStared": 0,
    "thumbnailURL": "https://www.makeapie.com/ecg-storage/ec_gallery_thumbnail/xbTimAn2pU.png?v=1628061783612",
    "isCustomThumbnail": 0,
    "builtinTags": [
        "category-work",
        "radar",
        "series-radar",
        "title"
    ],
    "customTags": [],
    "updaterUserName": "Y***8"
}