{
    "cid": "xHQbACjH7C",
    "authorUid": "bd-1007260984",
    "authorUserName": "语***e",
    "title": "多个纵向折线图",
    "description": "",
    "latestVersion": 1,
    "alwaysLatest": 0,
    "createTime": "2021-08-04T09:11:30.000Z",
    "lastUpdateTime": "2021-08-04T09:11:30.000Z",
    "auth": 2,
    "uid": "bd-1007260984",
    "publishedVersion": 0,
    "forkFrom": "-",
    "isSpam": 0,
    "version": 1,
    "parentVersion": -1,
    "echartsVersion": "5.1.2",
    "versionCreateTime": "2021-08-04T09:11:30.000Z",
    "html": "",
    "externalScripts": "",
    "updaterUID": "bd-1007260984",
    "theme": "",
    "layout": "",
    "viewCount": 0,
    "userName": "语***e",
    "commentCount": 0,
    "starCount": 1,
    "isStared": 0,
    "thumbnailURL": "https://www.makeapie.com/ecg-storage/ec_gallery_thumbnail/xHQbACjH7C.png?v=1628068291037",
    "isCustomThumbnail": 0,
    "builtinTags": [
        "category-work",
        "grid",
        "legend",
        "series-line",
        "tooltip"
    ],
    "customTags": [
        "多个",
        "折线图"
    ],
    "updaterUserName": "语***e"
}