{
    "cid": "xIazH4kff6",
    "authorUid": "obd-ojxzen5FA7MlXj-47u-NVLwelB8_zEA",
    "authorUserName": "爱***e",
    "title": "逆向 1-5",
    "description": "",
    "latestVersion": 3,
    "alwaysLatest": 0,
    "createTime": "2021-08-04T11:01:59.000Z",
    "lastUpdateTime": "2021-08-24T03:19:28.000Z",
    "auth": 2,
    "uid": "obd-ojxzen5FA7MlXj-47u-NVLwelB8_zEA",
    "publishedVersion": 0,
    "forkFrom": "-",
    "isSpam": 0,
    "version": 3,
    "parentVersion": 2,
    "echartsVersion": "5.1.2",
    "versionCreateTime": "2021-08-24T03:19:28.000Z",
    "html": "",
    "externalScripts": "",
    "updaterUID": "obd-ojxzen5FA7MlXj-47u-NVLwelB8_zEA",
    "theme": "",
    "layout": "",
    "viewCount": 0,
    "userName": "爱***e",
    "commentCount": 0,
    "starCount": 1,
    "isStared": 0,
    "thumbnailURL": "https://www.makeapie.com/ecg-storage/ec_gallery_thumbnail/xIazH4kff6.png?v=1629775168603",
    "isCustomThumbnail": 0,
    "builtinTags": [
        "category-work",
        "series-sankey",
        "tooltip"
    ],
    "customTags": [],
    "updaterUserName": "爱***e"
}