{
    "cid": "xiuYqMptJB",
    "authorUid": "obd-o2rTAvCX0ZxPDSFaGfTKgmNwjS8YB6R",
    "authorUserName": "1***9",
    "title": "横柱状图",
    "description": "",
    "latestVersion": 2,
    "alwaysLatest": 0,
    "createTime": "2021-08-04T08:54:01.000Z",
    "lastUpdateTime": "2021-08-04T08:59:59.000Z",
    "auth": 2,
    "uid": "obd-o2rTAvCX0ZxPDSFaGfTKgmNwjS8YB6R",
    "publishedVersion": 0,
    "forkFrom": "-",
    "isSpam": 0,
    "version": 2,
    "parentVersion": 1,
    "echartsVersion": "5.1.2",
    "versionCreateTime": "2021-08-04T08:59:59.000Z",
    "html": "",
    "externalScripts": "",
    "updaterUID": "obd-o2rTAvCX0ZxPDSFaGfTKgmNwjS8YB6R",
    "theme": "",
    "layout": "",
    "viewCount": 0,
    "userName": "1***9",
    "commentCount": 0,
    "starCount": 6,
    "isStared": 0,
    "thumbnailURL": "https://www.makeapie.com/ecg-storage/ec_gallery_thumbnail/xiuYqMptJB.png?v=1628067599984",
    "isCustomThumbnail": 0,
    "builtinTags": [
        "category-work",
        "grid",
        "series-bar",
        "tooltip"
    ],
    "customTags": [],
    "updaterUserName": "1***9"
}