{
    "cid": "xJ6sCBUs6L",
    "authorUid": "obd-ojxzen5FA7MlXj-47u-NVLwelB8_zEA",
    "authorUserName": "爱***e",
    "title": "逆向1-3",
    "description": "",
    "latestVersion": 2,
    "alwaysLatest": 0,
    "createTime": "2021-08-04T11:15:37.000Z",
    "lastUpdateTime": "2021-08-24T03:17:36.000Z",
    "auth": 2,
    "uid": "obd-ojxzen5FA7MlXj-47u-NVLwelB8_zEA",
    "publishedVersion": 0,
    "forkFrom": "-",
    "isSpam": 0,
    "version": 2,
    "parentVersion": 1,
    "echartsVersion": "5.1.2",
    "versionCreateTime": "2021-08-24T03:17:36.000Z",
    "html": "",
    "externalScripts": "",
    "updaterUID": "obd-ojxzen5FA7MlXj-47u-NVLwelB8_zEA",
    "theme": "",
    "layout": "",
    "viewCount": 0,
    "userName": "爱***e",
    "commentCount": 0,
    "starCount": 1,
    "isStared": 0,
    "thumbnailURL": "https://www.makeapie.com/ecg-storage/ec_gallery_thumbnail/xJ6sCBUs6L.png?v=1629775057088",
    "isCustomThumbnail": 0,
    "builtinTags": [
        "category-work",
        "series-sankey",
        "tooltip"
    ],
    "customTags": [],
    "updaterUserName": "爱***e"
}