{
    "cid": "xK5eC3tKfs",
    "authorUid": "obd-oAFgu6EERIikeH2xC5OA2aR8IonI-7d",
    "authorUserName": "余***教",
    "title": "横向间隔柱状图（带最大值线）",
    "description": "",
    "latestVersion": 1,
    "alwaysLatest": 1,
    "createTime": "2021-08-06T02:56:46.000Z",
    "lastUpdateTime": "2021-08-06T02:56:46.000Z",
    "auth": 1,
    "uid": "obd-oAFgu6EERIikeH2xC5OA2aR8IonI-7d",
    "publishedVersion": 0,
    "forkFrom": "-",
    "isSpam": 0,
    "version": 1,
    "parentVersion": -1,
    "echartsVersion": "5.1.2",
    "versionCreateTime": "2021-08-06T02:56:46.000Z",
    "html": "",
    "externalScripts": "",
    "updaterUID": "obd-oAFgu6EERIikeH2xC5OA2aR8IonI-7d",
    "theme": "",
    "layout": "",
    "viewCount": 0,
    "userName": "余***教",
    "commentCount": 0,
    "starCount": 1,
    "isStared": 0,
    "thumbnailURL": "https://www.makeapie.com/ecg-storage/ec_gallery_thumbnail/xK5eC3tKfs.png?v=1628218606524",
    "isCustomThumbnail": 0,
    "builtinTags": [
        "category-work",
        "grid",
        "markLine",
        "series-pictorialBar",
        "tooltip"
    ],
    "customTags": [],
    "updaterUserName": "余***教"
}