{
    "cid": "xoMa5vjy0o",
    "authorUid": "obd-oP4-ZByoFRNYGFeNalIYF1jQhtdIQ9B",
    "authorUserName": "Y***8",
    "title": "双层圆环图",
    "description": "",
    "latestVersion": 3,
    "alwaysLatest": 0,
    "createTime": "2021-08-05T02:37:56.000Z",
    "lastUpdateTime": "2021-08-05T05:55:20.000Z",
    "auth": 2,
    "uid": "obd-oP4-ZByoFRNYGFeNalIYF1jQhtdIQ9B",
    "publishedVersion": 0,
    "forkFrom": "-",
    "isSpam": 0,
    "version": 3,
    "parentVersion": 2,
    "echartsVersion": "5.1.2",
    "versionCreateTime": "2021-08-05T05:55:20.000Z",
    "html": "",
    "externalScripts": "",
    "updaterUID": "obd-oP4-ZByoFRNYGFeNalIYF1jQhtdIQ9B",
    "theme": "",
    "layout": "",
    "viewCount": 0,
    "userName": "Y***8",
    "commentCount": 0,
    "starCount": 1,
    "isStared": 0,
    "thumbnailURL": "https://www.makeapie.com/ecg-storage/ec_gallery_thumbnail/xoMa5vjy0o.png?v=1628142920776",
    "isCustomThumbnail": 0,
    "builtinTags": [
        "category-work",
        "legend",
        "series-pie",
        "title",
        "tooltip"
    ],
    "customTags": [],
    "updaterUserName": "Y***8"
}