{
    "cid": "xr16VBLnOO",
    "authorUid": "obd-oNxO_0pSiX4Qhzuy4VZap5faODTirCs",
    "authorUserName": "梦***呢",
    "title": "自定义label饼状图",
    "description": "自定义label 图片",
    "latestVersion": 1,
    "alwaysLatest": 0,
    "createTime": "2021-08-06T01:59:16.000Z",
    "lastUpdateTime": "2021-08-06T01:59:16.000Z",
    "auth": 2,
    "uid": "obd-oNxO_0pSiX4Qhzuy4VZap5faODTirCs",
    "publishedVersion": 0,
    "forkFrom": "-",
    "isSpam": 0,
    "version": 1,
    "parentVersion": -1,
    "echartsVersion": "4.9.0",
    "versionCreateTime": "2021-08-06T01:59:16.000Z",
    "html": "",
    "externalScripts": "",
    "updaterUID": "obd-oNxO_0pSiX4Qhzuy4VZap5faODTirCs",
    "theme": "",
    "layout": "",
    "viewCount": 0,
    "userName": "梦***呢",
    "commentCount": 0,
    "starCount": 4,
    "isStared": 0,
    "thumbnailURL": "https://www.makeapie.com/ecg-storage/ec_gallery_thumbnail/xr16VBLnOO.png?v=1628215157074",
    "isCustomThumbnail": 0,
    "builtinTags": [
        "category-work",
        "graphic",
        "series-pie",
        "toolbox",
        "tooltip"
    ],
    "customTags": [],
    "updaterUserName": "梦***呢"
}