{
    "cid": "xx0EsjynHd",
    "authorUid": "obd-olIAwJLD2ka1IaNYOs2bYtijyuAtj0F",
    "authorUserName": "士***方",
    "title": "转动圆环",
    "description": "",
    "latestVersion": 4,
    "alwaysLatest": 0,
    "createTime": "2021-08-06T02:20:27.000Z",
    "lastUpdateTime": "2021-08-06T05:41:17.000Z",
    "auth": 2,
    "uid": "obd-olIAwJLD2ka1IaNYOs2bYtijyuAtj0F",
    "publishedVersion": 0,
    "forkFrom": "-",
    "isSpam": 0,
    "version": 4,
    "parentVersion": 3,
    "echartsVersion": "4.8.0",
    "versionCreateTime": "2021-08-06T05:41:17.000Z",
    "html": "",
    "externalScripts": "",
    "updaterUID": "obd-olIAwJLD2ka1IaNYOs2bYtijyuAtj0F",
    "theme": "",
    "layout": "",
    "viewCount": 0,
    "userName": "士***方",
    "commentCount": 0,
    "starCount": 3,
    "isStared": 0,
    "thumbnailURL": "https://www.makeapie.com/ecg-storage/ec_gallery_thumbnail/xx0EsjynHd.png?v=1628228477573",
    "isCustomThumbnail": 0,
    "builtinTags": [
        "category-work",
        "graphic",
        "series-gauge",
        "series-pie",
        "title"
    ],
    "customTags": [],
    "updaterUserName": "士***方"
}