{
    "cid": "xYjaESQUbx",
    "authorUid": "bd-1078437236",
    "authorUserName": "右***变",
    "title": "饼图",
    "description": "",
    "latestVersion": 1,
    "alwaysLatest": 0,
    "createTime": "2021-08-05T07:07:39.000Z",
    "lastUpdateTime": "2021-08-05T07:07:39.000Z",
    "auth": 2,
    "uid": "bd-1078437236",
    "publishedVersion": 0,
    "forkFrom": "-",
    "isSpam": 0,
    "version": 1,
    "parentVersion": -1,
    "echartsVersion": "5.1.2",
    "versionCreateTime": "2021-08-05T07:07:39.000Z",
    "html": "",
    "externalScripts": "",
    "updaterUID": "bd-1078437236",
    "theme": "",
    "layout": "",
    "viewCount": 0,
    "userName": "右***变",
    "commentCount": 0,
    "starCount": 3,
    "isStared": 0,
    "thumbnailURL": "https://www.makeapie.com/ecg-storage/ec_gallery_thumbnail/xYjaESQUbx.png?v=1628147259411",
    "isCustomThumbnail": 0,
    "builtinTags": [
        "category-work",
        "legend",
        "series-pie",
        "title"
    ],
    "customTags": [],
    "updaterUserName": "右***变"
}