{
    "cid": "xYTPpoCOjo",
    "authorUid": "obd-o0KPsUt2J1LFI_2MBJ4u0go-uKB4_FF",
    "authorUserName": "肉***L",
    "title": "gaungfu+",
    "description": "",
    "latestVersion": 1,
    "alwaysLatest": 0,
    "createTime": "2021-08-04T08:42:34.000Z",
    "lastUpdateTime": "2021-08-04T08:42:34.000Z",
    "auth": 2,
    "uid": "obd-o0KPsUt2J1LFI_2MBJ4u0go-uKB4_FF",
    "publishedVersion": 0,
    "forkFrom": "-",
    "isSpam": 0,
    "version": 1,
    "parentVersion": -1,
    "echartsVersion": "5.1.2",
    "versionCreateTime": "2021-08-04T08:42:34.000Z",
    "html": "",
    "externalScripts": "",
    "updaterUID": "obd-o0KPsUt2J1LFI_2MBJ4u0go-uKB4_FF",
    "theme": "",
    "layout": "",
    "viewCount": 0,
    "userName": "肉***L",
    "commentCount": 0,
    "starCount": 2,
    "isStared": 0,
    "thumbnailURL": "https://www.makeapie.com/ecg-storage/ec_gallery_thumbnail/xYTPpoCOjo.png?v=1628066554879",
    "isCustomThumbnail": 0,
    "builtinTags": [
        "category-work",
        "series-graph",
        "toolbox",
        "tooltip"
    ],
    "customTags": [],
    "updaterUserName": "肉***L"
}