{
    "cid": "xZFQVobtvs",
    "authorUid": "bd-3489355751",
    "authorUserName": "火***冰",
    "title": "",
    "description": "",
    "latestVersion": 1,
    "alwaysLatest": 0,
    "createTime": "2021-08-04T07:22:06.000Z",
    "lastUpdateTime": "2021-08-04T07:22:06.000Z",
    "auth": 2,
    "uid": "bd-3489355751",
    "publishedVersion": 0,
    "forkFrom": "-",
    "isSpam": 0,
    "version": 1,
    "parentVersion": -1,
    "echartsVersion": "5.1.2",
    "versionCreateTime": "2021-08-04T07:22:06.000Z",
    "html": "",
    "externalScripts": "",
    "updaterUID": "bd-3489355751",
    "theme": "",
    "layout": "",
    "viewCount": 0,
    "userName": "火***冰",
    "commentCount": 0,
    "starCount": 3,
    "isStared": 0,
    "thumbnailURL": "https://www.makeapie.com/ecg-storage/ec_gallery_thumbnail/xZFQVobtvs.png?v=1628061726831",
    "isCustomThumbnail": 0,
    "builtinTags": [
        "category-work",
        "grid",
        "legend",
        "series-bar",
        "series-line",
        "tooltip"
    ],
    "customTags": [],
    "updaterUserName": "火***冰"
}