{
    "cid": "x-ZPVNMLsv",
    "authorUid": "bd-18786276",
    "authorUserName": "威***S",
    "title": "分组饼图",
    "description": "",
    "latestVersion": 12,
    "alwaysLatest": 1,
    "createTime": "2020-07-09T01:18:32.000Z",
    "lastUpdateTime": "2020-07-09T01:18:32.000Z",
    "auth": 2,
    "uid": "bd-18786276",
    "publishedVersion": 0,
    "forkFrom": "-",
    "isSpam": 0,
    "version": 12,
    "parentVersion": 11,
    "echartsVersion": "4.8.0",
    "versionCreateTime": "2020-07-24T01:19:19.000Z",
    "html": "",
    "externalScripts": "",
    "updaterUID": "bd-18786276",
    "theme": "",
    "layout": "",
    "viewCount": 18994,
    "userName": "威***S",
    "commentCount": 0,
    "starCount": 51,
    "isStared": 0,
    "thumbnailURL": "https://www.makeapie.com/ecg-storage/ec_gallery_thumbnail/x-ZPVNMLsv.png?v=1595553559299",
    "isCustomThumbnail": 0,
    "builtinTags": [
        "category-work",
        "series-pie",
        "tooltip"
    ],
    "customTags": [],
    "updaterUserName": "威***S"
}