{
    "cid": "x06vA7qS2X",
    "authorUid": "bd-3238220159",
    "authorUserName": "东***e",
    "title": "人民日报式海外疫情玫瑰图",
    "description": "使用2020-03-25数据",
    "latestVersion": 4,
    "alwaysLatest": 1,
    "createTime": "2020-03-25T17:41:37.000Z",
    "lastUpdateTime": "2020-03-25T17:41:37.000Z",
    "auth": 2,
    "uid": "bd-3238220159",
    "publishedVersion": 0,
    "forkFrom": "-",
    "isSpam": 0,
    "version": 4,
    "parentVersion": 3,
    "echartsVersion": "4.7.0",
    "versionCreateTime": "2020-04-20T05:25:01.000Z",
    "html": "",
    "externalScripts": "",
    "updaterUID": "bd-3238220159",
    "theme": "",
    "layout": "",
    "viewCount": 14771,
    "userName": "东***e",
    "commentCount": 6,
    "starCount": 55,
    "isStared": 0,
    "thumbnailURL": "https://www.makeapie.com/ecg-storage/ec_gallery_thumbnail/x06vA7qS2X.png?v=1585158097539",
    "isCustomThumbnail": 1,
    "builtinTags": [
        "category-work",
        "dataset",
        "legend",
        "series-pie",
        "title",
        "toolbox"
    ],
    "customTags": [],
    "updaterUserName": "东***e"
}