{
    "cid": "x171BA2aWw",
    "authorUid": "obd-oFbGrFILH3Na7lIeMhGEEbfJU4S445q",
    "authorUserName": "逛***a",
    "title": "双轴折线柱状图",
    "description": "",
    "latestVersion": 1,
    "alwaysLatest": 1,
    "createTime": "2020-04-20T07:28:12.000Z",
    "lastUpdateTime": "2020-04-20T07:28:12.000Z",
    "auth": 2,
    "uid": "obd-oFbGrFILH3Na7lIeMhGEEbfJU4S445q",
    "publishedVersion": 0,
    "forkFrom": "-",
    "isSpam": 0,
    "version": 1,
    "parentVersion": -1,
    "echartsVersion": "4.7.0",
    "versionCreateTime": "2020-04-20T07:28:12.000Z",
    "html": "",
    "externalScripts": "",
    "updaterUID": "obd-oFbGrFILH3Na7lIeMhGEEbfJU4S445q",
    "theme": "",
    "layout": "",
    "viewCount": 12306,
    "userName": "逛***a",
    "commentCount": 1,
    "starCount": 50,
    "isStared": 0,
    "thumbnailURL": "https://www.makeapie.com/ecg-storage/ec_gallery_thumbnail/x171BA2aWw.png?v=1587367692568",
    "isCustomThumbnail": 0,
    "builtinTags": [
        "category-work",
        "grid",
        "legend",
        "series-bar",
        "series-line",
        "tooltip"
    ],
    "customTags": [],
    "updaterUserName": "逛***a"
}