{
    "cid": "x1HP277FQw",
    "authorUid": "bd-1227565231",
    "authorUserName": "姜***肖",
    "title": "折线图 和 柱状图 （负值 负数）",
    "description": "适配负数的柱子",
    "latestVersion": 2,
    "alwaysLatest": 1,
    "createTime": "2020-04-07T09:16:06.000Z",
    "lastUpdateTime": "2020-04-07T09:16:06.000Z",
    "auth": 2,
    "uid": "bd-1227565231",
    "publishedVersion": 0,
    "forkFrom": "-",
    "isSpam": 0,
    "version": 2,
    "parentVersion": 1,
    "echartsVersion": "4.7.0",
    "versionCreateTime": "2020-04-07T09:17:04.000Z",
    "html": "",
    "externalScripts": "",
    "updaterUID": "bd-1227565231",
    "theme": "",
    "layout": "",
    "viewCount": 15588,
    "userName": "姜***肖",
    "commentCount": 1,
    "starCount": 55,
    "isStared": 0,
    "thumbnailURL": "https://www.makeapie.com/ecg-storage/ec_gallery_thumbnail/x1HP277FQw.png?v=1586251025077",
    "isCustomThumbnail": 0,
    "builtinTags": [
        "category-work",
        "grid",
        "series-bar",
        "series-line"
    ],
    "customTags": [
        "bar",
        "line",
        "radius"
    ],
    "updaterUserName": "姜***肖"
}