{
    "cid": "x6SwZpWqQw",
    "authorUid": "bd-1841183165",
    "authorUserName": "o***趣",
    "title": "test",
    "description": "",
    "latestVersion": 1,
    "alwaysLatest": 1,
    "createTime": "2020-07-13T06:48:14.000Z",
    "lastUpdateTime": "2020-07-13T06:48:14.000Z",
    "auth": 2,
    "uid": "bd-1841183165",
    "publishedVersion": 0,
    "forkFrom": "-",
    "isSpam": 0,
    "version": 1,
    "parentVersion": -1,
    "echartsVersion": "4.8.0",
    "versionCreateTime": "2020-07-13T06:48:14.000Z",
    "html": "",
    "externalScripts": "https://echarts.baidu.com/resource/echarts-liquidfill-latest/dist/echarts-liquidfill.min.js",
    "updaterUID": "bd-1841183165",
    "theme": "",
    "layout": "",
    "viewCount": 6555,
    "userName": "o***趣",
    "commentCount": 2,
    "starCount": 46,
    "isStared": 0,
    "thumbnailURL": "https://www.makeapie.com/ecg-storage/ec_gallery_thumbnail/x6SwZpWqQw.png?v=1594622894998",
    "isCustomThumbnail": 0,
    "builtinTags": [
        "category-work",
        "graphic",
        "series-liquidFill",
        "title"
    ],
    "customTags": [],
    "updaterUserName": "o***趣"
}