{
    "cid": "x9MHBhwgtc",
    "authorUid": "obd-oCvchGapFZRJsAV1ASDgSrYx2Aqx13P",
    "authorUserName": "勤***王",
    "title": "教学成果分析",
    "description": "",
    "latestVersion": 5,
    "alwaysLatest": 1,
    "createTime": "2020-06-04T06:47:08.000Z",
    "lastUpdateTime": "2020-06-04T06:47:08.000Z",
    "auth": 2,
    "uid": "obd-oCvchGapFZRJsAV1ASDgSrYx2Aqx13P",
    "publishedVersion": 0,
    "forkFrom": "-",
    "isSpam": 0,
    "version": 5,
    "parentVersion": 4,
    "echartsVersion": "4.8.0",
    "versionCreateTime": "2020-06-30T03:20:03.000Z",
    "html": "",
    "externalScripts": "",
    "updaterUID": "obd-oCvchGapFZRJsAV1ASDgSrYx2Aqx13P",
    "theme": "",
    "layout": "",
    "viewCount": 12625,
    "userName": "勤***王",
    "commentCount": 0,
    "starCount": 48,
    "isStared": 0,
    "thumbnailURL": "https://www.makeapie.com/ecg-storage/ec_gallery_thumbnail/x9MHBhwgtc.png?v=1593487203774",
    "isCustomThumbnail": 0,
    "builtinTags": [
        "category-work",
        "graphic",
        "legend",
        "series-pie",
        "title",
        "toolbox",
        "tooltip"
    ],
    "customTags": [],
    "updaterUserName": "勤***王"
}