{
    "cid": "xBjZTmZvaA",
    "authorUid": "obd-oNrDBxP_axXiM8KMqO6l8iquxf5IdCm",
    "authorUserName": "s***重",
    "title": "bing01",
    "description": "",
    "latestVersion": 1,
    "alwaysLatest": 1,
    "createTime": "2020-05-20T07:42:26.000Z",
    "lastUpdateTime": "2020-05-20T07:42:26.000Z",
    "auth": 2,
    "uid": "obd-oNrDBxP_axXiM8KMqO6l8iquxf5IdCm",
    "publishedVersion": 0,
    "forkFrom": "-",
    "isSpam": 0,
    "version": 1,
    "parentVersion": -1,
    "echartsVersion": "4.7.0",
    "versionCreateTime": "2020-05-20T07:42:26.000Z",
    "html": "",
    "externalScripts": "",
    "updaterUID": "obd-oNrDBxP_axXiM8KMqO6l8iquxf5IdCm",
    "theme": "",
    "layout": "",
    "viewCount": 19325,
    "userName": "s***重",
    "commentCount": 1,
    "starCount": 42,
    "isStared": 0,
    "thumbnailURL": "https://www.makeapie.com/ecg-storage/ec_gallery_thumbnail/xBjZTmZvaA.png?v=1589960546397",
    "isCustomThumbnail": 0,
    "builtinTags": [
        "category-work",
        "legend",
        "series-pie",
        "toolbox",
        "tooltip"
    ],
    "customTags": [],
    "updaterUserName": "s***重"
}