{
    "cid": "xeDQNTsDja",
    "authorUid": "obd-o0eON-cnAmP8IpkP7UKrNvBg3O1vJF8",
    "authorUserName": "最***字",
    "title": "圆角仪表盘",
    "description": "实现AQI指数",
    "latestVersion": 25,
    "alwaysLatest": 1,
    "createTime": "2020-05-29T06:23:09.000Z",
    "lastUpdateTime": "2021-11-18T13:21:02.000Z",
    "auth": 1,
    "uid": "obd-o0eON-cnAmP8IpkP7UKrNvBg3O1vJF8",
    "publishedVersion": 0,
    "forkFrom": "-",
    "isSpam": 0,
    "version": 25,
    "parentVersion": 24,
    "echartsVersion": "4.9.0",
    "versionCreateTime": "2021-11-18T13:21:02.000Z",
    "html": "",
    "externalScripts": "",
    "updaterUID": "obd-ojfmbYwB9uyEt2f3THVPJ8R12FQHnDA",
    "theme": "",
    "layout": "",
    "viewCount": 6262,
    "userName": "最***字",
    "commentCount": 0,
    "starCount": 43,
    "isStared": 0,
    "thumbnailURL": "https://www.makeapie.com/ecg-storage/ec_gallery_thumbnail/xeDQNTsDja.png?v=1590733390181",
    "isCustomThumbnail": 1,
    "builtinTags": [
        "category-work",
        "polar",
        "series-bar",
        "series-gauge",
        "title"
    ],
    "customTags": [],
    "updaterUserName": "6***a"
}