{
    "cid": "xFFr2EORSA",
    "authorUid": "bd-3677644573",
    "authorUserName": "王***1",
    "title": "致贫原因分析",
    "description": "采用柱状图堆叠图形制作",
    "latestVersion": 1,
    "alwaysLatest": 1,
    "createTime": "2020-06-30T03:00:47.000Z",
    "lastUpdateTime": "2020-06-30T03:00:47.000Z",
    "auth": 2,
    "uid": "bd-3677644573",
    "publishedVersion": 0,
    "forkFrom": "-",
    "isSpam": 0,
    "version": 1,
    "parentVersion": -1,
    "echartsVersion": "4.8.0",
    "versionCreateTime": "2020-06-30T03:00:47.000Z",
    "html": "",
    "externalScripts": "",
    "updaterUID": "bd-3677644573",
    "theme": "dark",
    "layout": "",
    "viewCount": 16049,
    "userName": "王***1",
    "commentCount": 0,
    "starCount": 47,
    "isStared": 0,
    "thumbnailURL": "https://www.makeapie.com/ecg-storage/ec_gallery_thumbnail/xFFr2EORSA.png?v=1593486047820",
    "isCustomThumbnail": 0,
    "builtinTags": [
        "category-work",
        "grid",
        "legend",
        "series-bar",
        "title"
    ],
    "customTags": [],
    "updaterUserName": "王***1"
}