{
    "cid": "xJSpkPGmnI",
    "authorUid": "bd-181101713",
    "authorUserName": "j***6",
    "title": "年龄分布象形柱图",
    "description": "完整样式网页地址：http://js.jirengu.com/muvet/2/",
    "latestVersion": 2,
    "alwaysLatest": 1,
    "createTime": "2020-04-17T03:55:56.000Z",
    "lastUpdateTime": "2020-04-17T03:55:56.000Z",
    "auth": 2,
    "uid": "bd-181101713",
    "publishedVersion": 0,
    "forkFrom": "-",
    "isSpam": 0,
    "version": 2,
    "parentVersion": 1,
    "echartsVersion": "4.7.0",
    "versionCreateTime": "2020-04-20T13:55:15.000Z",
    "html": "",
    "externalScripts": "",
    "updaterUID": "bd-181101713",
    "theme": "",
    "layout": "",
    "viewCount": 4519,
    "userName": "j***6",
    "commentCount": 0,
    "starCount": 55,
    "isStared": 0,
    "thumbnailURL": "https://www.makeapie.com/ecg-storage/ec_gallery_thumbnail/xJSpkPGmnI.png?v=1587095757234",
    "isCustomThumbnail": 1,
    "builtinTags": [
        "category-work",
        "grid",
        "series-pictorialBar",
        "tooltip"
    ],
    "customTags": [],
    "updaterUserName": "j***6"
}