{
    "cid": "xKWwuxtjtr",
    "authorUid": "bd-181101713",
    "authorUserName": "j***6",
    "title": "24小时各时段登录情况统计时钟",
    "description": "模仿百度统计",
    "latestVersion": 4,
    "alwaysLatest": 1,
    "createTime": "2020-04-17T00:53:41.000Z",
    "lastUpdateTime": "2020-04-17T00:53:41.000Z",
    "auth": 2,
    "uid": "bd-181101713",
    "publishedVersion": 0,
    "forkFrom": "-",
    "isSpam": 0,
    "version": 4,
    "parentVersion": 3,
    "echartsVersion": "4.7.0",
    "versionCreateTime": "2020-04-17T07:16:39.000Z",
    "html": "",
    "externalScripts": "",
    "updaterUID": "bd-181101713",
    "theme": "",
    "layout": "",
    "viewCount": 5679,
    "userName": "j***6",
    "commentCount": 1,
    "starCount": 42,
    "isStared": 0,
    "thumbnailURL": "https://www.makeapie.com/ecg-storage/ec_gallery_thumbnail/xKWwuxtjtr.png?v=1587084822563",
    "isCustomThumbnail": 1,
    "builtinTags": [
        "category-work",
        "polar",
        "series-pie",
        "tooltip"
    ],
    "customTags": [],
    "updaterUserName": "j***6"
}