{
    "cid": "xPyXu3-fUn",
    "authorUid": "bd-2997391735",
    "authorUserName": "g***5",
    "title": "积分分布图",
    "description": "设置  积分分布图",
    "latestVersion": 2,
    "alwaysLatest": 1,
    "createTime": "2020-05-25T03:53:08.000Z",
    "lastUpdateTime": "2020-05-25T03:53:08.000Z",
    "auth": 2,
    "uid": "bd-2997391735",
    "publishedVersion": 0,
    "forkFrom": "-",
    "isSpam": 0,
    "version": 2,
    "parentVersion": 1,
    "echartsVersion": "4.8.0",
    "versionCreateTime": "2020-05-26T03:57:47.000Z",
    "html": "",
    "externalScripts": "",
    "updaterUID": "bd-2997391735",
    "theme": "",
    "layout": "",
    "viewCount": 8045,
    "userName": "g***5",
    "commentCount": 0,
    "starCount": 52,
    "isStared": 0,
    "thumbnailURL": "https://www.makeapie.com/ecg-storage/ec_gallery_thumbnail/xPyXu3-fUn.png?v=1590465468043",
    "isCustomThumbnail": 0,
    "builtinTags": [
        "category-work",
        "grid",
        "series-gauge",
        "series-pie"
    ],
    "customTags": [],
    "updaterUserName": "g***5"
}