{
    "cid": "xSjXhtpCzP",
    "authorUid": "obd-oF6xX6pnD5W4qzE4VosS7E2mAkPRz5Q",
    "authorUserName": "喜***疯",
    "title": "仪表盘",
    "description": "样式可根据自己的需求来进行修改",
    "latestVersion": 16,
    "alwaysLatest": 1,
    "createTime": "2020-07-10T01:56:01.000Z",
    "lastUpdateTime": "2021-09-26T04:55:30.000Z",
    "auth": 1,
    "uid": "obd-oF6xX6pnD5W4qzE4VosS7E2mAkPRz5Q",
    "publishedVersion": 0,
    "forkFrom": "-",
    "isSpam": 0,
    "version": 16,
    "parentVersion": 15,
    "echartsVersion": "4.9.0",
    "versionCreateTime": "2021-09-26T04:55:30.000Z",
    "html": "",
    "externalScripts": "",
    "updaterUID": "obd-oPqyuRGSGfhaVaRUTLJHJhEGwJF_i9I",
    "theme": "",
    "layout": "",
    "viewCount": 6942,
    "userName": "喜***疯",
    "commentCount": 0,
    "starCount": 46,
    "isStared": 0,
    "thumbnailURL": "https://www.makeapie.com/ecg-storage/ec_gallery_thumbnail/xSjXhtpCzP.png?v=1632632130703",
    "isCustomThumbnail": 0,
    "builtinTags": [
        "category-work",
        "series-gauge",
        "series-pie",
        "title"
    ],
    "customTags": [],
    "updaterUserName": "i***t"
}