{
    "cid": "xtv96q-x7e",
    "authorUid": "bd-3373183703",
    "authorUserName": "我***o",
    "title": "南丁格尔 + 折线上下内容显示",
    "description": "南丁格尔饼图，以及折线上下内容区域配置",
    "latestVersion": 1,
    "alwaysLatest": 1,
    "createTime": "2020-06-23T01:57:51.000Z",
    "lastUpdateTime": "2020-06-23T01:57:51.000Z",
    "auth": 2,
    "uid": "bd-3373183703",
    "publishedVersion": 0,
    "forkFrom": "-",
    "isSpam": 0,
    "version": 1,
    "parentVersion": -1,
    "echartsVersion": "4.8.0",
    "versionCreateTime": "2020-06-23T01:57:51.000Z",
    "html": "",
    "externalScripts": "",
    "updaterUID": "bd-3373183703",
    "theme": "",
    "layout": "",
    "viewCount": 10782,
    "userName": "我***o",
    "commentCount": 0,
    "starCount": 50,
    "isStared": 0,
    "thumbnailURL": "https://www.makeapie.com/ecg-storage/ec_gallery_thumbnail/xtv96q-x7e.png?v=1592877472161",
    "isCustomThumbnail": 0,
    "builtinTags": [
        "category-work",
        "legend",
        "series-pie",
        "title",
        "tooltip"
    ],
    "customTags": [
        "pie"
    ],
    "updaterUserName": "我***o"
}