{
    "cid": "xX4nZ_TOLA",
    "authorUid": "obd-oj2PefM6cbIRtdI0puGQnf7CI6NV_Dx",
    "authorUserName": "j***s",
    "title": "town",
    "description": "",
    "latestVersion": 1,
    "alwaysLatest": 1,
    "createTime": "2020-04-26T09:56:14.000Z",
    "lastUpdateTime": "2020-04-26T09:56:14.000Z",
    "auth": 2,
    "uid": "obd-oj2PefM6cbIRtdI0puGQnf7CI6NV_Dx",
    "publishedVersion": 0,
    "forkFrom": "-",
    "isSpam": 0,
    "version": 1,
    "parentVersion": -1,
    "echartsVersion": "4.7.0",
    "versionCreateTime": "2020-04-26T09:56:14.000Z",
    "html": "",
    "externalScripts": "",
    "updaterUID": "obd-oj2PefM6cbIRtdI0puGQnf7CI6NV_Dx",
    "theme": "",
    "layout": "",
    "viewCount": 15770,
    "userName": "j***s",
    "commentCount": 2,
    "starCount": 53,
    "isStared": 0,
    "thumbnailURL": "https://www.makeapie.com/ecg-storage/ec_gallery_thumbnail/xX4nZ_TOLA.png?v=1587894974971",
    "isCustomThumbnail": 0,
    "builtinTags": [
        "category-work",
        "graphic",
        "grid",
        "series-lines"
    ],
    "customTags": [],
    "updaterUserName": "j***s"
}