{
    "cid": "xy-f8wotFM",
    "authorUid": "bd-773815788",
    "authorUserName": "不***ゞ",
    "title": "双环饼图",
    "description": "",
    "latestVersion": 3,
    "alwaysLatest": 1,
    "createTime": "2020-04-15T13:57:30.000Z",
    "lastUpdateTime": "2020-04-15T13:57:30.000Z",
    "auth": 2,
    "uid": "bd-773815788",
    "publishedVersion": 0,
    "forkFrom": "-",
    "isSpam": 0,
    "version": 3,
    "parentVersion": 2,
    "echartsVersion": "4.7.0",
    "versionCreateTime": "2020-05-25T10:21:13.000Z",
    "html": "",
    "externalScripts": "",
    "updaterUID": "bd-773815788",
    "theme": "",
    "layout": "",
    "viewCount": 4804,
    "userName": "不***ゞ",
    "commentCount": 0,
    "starCount": 43,
    "isStared": 0,
    "thumbnailURL": "https://www.makeapie.com/ecg-storage/ec_gallery_thumbnail/xy-f8wotFM.png?v=1590402073411",
    "isCustomThumbnail": 0,
    "builtinTags": [
        "category-work",
        "series-pie"
    ],
    "customTags": [],
    "updaterUserName": "不***ゞ"
}