{
    "cid": "xAP5dorO6P",
    "authorUid": "bd-3030365616",
    "authorUserName": "182*****191",
    "title": "桑吉图",
    "description": "多对多",
    "latestVersion": 3,
    "alwaysLatest": 1,
    "createTime": "2020-05-21T08:29:54.000Z",
    "lastUpdateTime": "2020-05-21T08:29:54.000Z",
    "auth": 2,
    "uid": "bd-3030365616",
    "publishedVersion": 0,
    "forkFrom": "-",
    "isSpam": 0,
    "version": 3,
    "parentVersion": 2,
    "echartsVersion": "4.7.0",
    "versionCreateTime": "2020-05-21T10:10:59.000Z",
    "html": "",
    "externalScripts": "",
    "updaterUID": "bd-3030365616",
    "theme": "",
    "layout": "",
    "viewCount": 187,
    "userName": "182*****191",
    "commentCount": 0,
    "starCount": 1,
    "isStared": 0,
    "thumbnailURL": "https://www.makeapie.com/ecg-storage/ec_gallery_thumbnail/xAP5dorO6P.png?v=1590055859468",
    "isCustomThumbnail": 0,
    "builtinTags": [
        "category-work",
        "series-sankey",
        "title",
        "tooltip"
    ],
    "customTags": [],
    "updaterUserName": "182*****191"
}