{
    "cid": "xgOQtzMFMA",
    "authorUid": "bd-3695957236",
    "authorUserName": "剔***j",
    "title": "仪表盘",
    "description": "仪表盘颜色渐变",
    "latestVersion": 2,
    "alwaysLatest": 1,
    "createTime": "2020-05-20T08:29:47.000Z",
    "lastUpdateTime": "2020-05-20T08:29:47.000Z",
    "auth": 2,
    "uid": "bd-3695957236",
    "publishedVersion": 0,
    "forkFrom": "-",
    "isSpam": 0,
    "version": 2,
    "parentVersion": 1,
    "echartsVersion": "4.7.0",
    "versionCreateTime": "2020-05-20T08:30:25.000Z",
    "html": "",
    "externalScripts": "",
    "updaterUID": "bd-3695957236",
    "theme": "",
    "layout": "",
    "viewCount": 248,
    "userName": "剔***j",
    "commentCount": 0,
    "starCount": 1,
    "isStared": 0,
    "thumbnailURL": "https://www.makeapie.com/ecg-storage/ec_gallery_thumbnail/xgOQtzMFMA.png?v=1589963425246",
    "isCustomThumbnail": 0,
    "builtinTags": [
        "category-work",
        "series-gauge"
    ],
    "customTags": [
        "仪表盘",
        "渐变"
    ],
    "updaterUserName": "剔***j"
}