{
    "cid": "xITCXiXLAv",
    "authorUid": "bd-1800740195",
    "authorUserName": "思***法",
    "title": "折柱图",
    "description": "",
    "latestVersion": 2,
    "alwaysLatest": 1,
    "createTime": "2020-05-21T03:03:42.000Z",
    "lastUpdateTime": "2020-05-21T03:03:42.000Z",
    "auth": 1,
    "uid": "bd-1800740195",
    "publishedVersion": 0,
    "forkFrom": "-",
    "isSpam": 0,
    "version": 2,
    "parentVersion": 1,
    "echartsVersion": "4.8.0",
    "versionCreateTime": "2020-06-03T06:43:45.000Z",
    "html": "",
    "externalScripts": "",
    "updaterUID": "bd-2489235190",
    "theme": "",
    "layout": "",
    "viewCount": 1523,
    "userName": "思***法",
    "commentCount": 0,
    "starCount": 3,
    "isStared": 0,
    "thumbnailURL": "https://www.makeapie.com/ecg-storage/ec_gallery_thumbnail/xITCXiXLAv.png?v=1591166626072",
    "isCustomThumbnail": 0,
    "builtinTags": [
        "category-work",
        "grid",
        "legend",
        "markPoint",
        "series-bar",
        "series-line",
        "tooltip"
    ],
    "customTags": [],
    "updaterUserName": "b***8"
}