{
    "cid": "xKBJk3d38-",
    "authorUid": "bd-1800740195",
    "authorUserName": "思***法",
    "title": "环饼图【中间随选中改变而改变】",
    "description": "",
    "latestVersion": 3,
    "alwaysLatest": 1,
    "createTime": "2020-05-21T02:43:11.000Z",
    "lastUpdateTime": "2020-05-21T02:43:11.000Z",
    "auth": 1,
    "uid": "bd-1800740195",
    "publishedVersion": 0,
    "forkFrom": "-",
    "isSpam": 0,
    "version": 3,
    "parentVersion": 2,
    "echartsVersion": "4.8.0",
    "versionCreateTime": "2020-05-27T09:56:10.000Z",
    "html": "",
    "externalScripts": "",
    "updaterUID": "bd-423173735",
    "theme": "",
    "layout": "",
    "viewCount": 92,
    "userName": "思***法",
    "commentCount": 0,
    "starCount": 0,
    "isStared": 0,
    "thumbnailURL": "https://www.makeapie.com/ecg-storage/ec_gallery_thumbnail/xKBJk3d38-.png?v=1590573370095",
    "isCustomThumbnail": 0,
    "builtinTags": [
        "category-work",
        "legend",
        "series-pie",
        "tooltip"
    ],
    "customTags": [],
    "updaterUserName": "奋***3"
}