{
    "cid": "xMb7woPL8a",
    "authorUid": "bd-1800740195",
    "authorUserName": "思***法",
    "title": "折线图【渐变覆盖】",
    "description": "",
    "latestVersion": 4,
    "alwaysLatest": 1,
    "createTime": "2020-05-21T02:46:29.000Z",
    "lastUpdateTime": "2020-05-21T02:46:29.000Z",
    "auth": 1,
    "uid": "bd-1800740195",
    "publishedVersion": 0,
    "forkFrom": "-",
    "isSpam": 0,
    "version": 4,
    "parentVersion": 3,
    "echartsVersion": "4.8.0",
    "versionCreateTime": "2020-07-02T10:44:12.000Z",
    "html": "",
    "externalScripts": "",
    "updaterUID": "obd-o-xCAkwNLPHGPqiBjgrj0GLI_iHN8AM",
    "theme": "",
    "layout": "",
    "viewCount": 840,
    "userName": "思***法",
    "commentCount": 0,
    "starCount": 2,
    "isStared": 0,
    "thumbnailURL": "https://www.makeapie.com/ecg-storage/ec_gallery_thumbnail/xMb7woPL8a.png?v=1593686652750",
    "isCustomThumbnail": 0,
    "builtinTags": [
        "category-work",
        "grid",
        "legend",
        "series-line",
        "tooltip"
    ],
    "customTags": [],
    "updaterUserName": "月***4"
}