{
    "cid": "xSbjenkK_x",
    "authorUid": "bd-1800740195",
    "authorUserName": "思***法",
    "title": "仪表盘",
    "description": "",
    "latestVersion": 1,
    "alwaysLatest": 1,
    "createTime": "2020-05-21T02:58:46.000Z",
    "lastUpdateTime": "2020-05-21T02:58:46.000Z",
    "auth": 1,
    "uid": "bd-1800740195",
    "publishedVersion": 0,
    "forkFrom": "-",
    "isSpam": 0,
    "version": 1,
    "parentVersion": -1,
    "echartsVersion": "4.7.0",
    "versionCreateTime": "2020-05-21T02:58:46.000Z",
    "html": "",
    "externalScripts": "",
    "updaterUID": "bd-1800740195",
    "theme": "",
    "layout": "",
    "viewCount": 686,
    "userName": "思***法",
    "commentCount": 1,
    "starCount": 4,
    "isStared": 0,
    "thumbnailURL": "https://www.makeapie.com/ecg-storage/ec_gallery_thumbnail/xSbjenkK_x.png?v=1590029926216",
    "isCustomThumbnail": 0,
    "builtinTags": [
        "category-work",
        "series-gauge"
    ],
    "customTags": [],
    "updaterUserName": "思***法"
}