{
    "cid": "xT_KSCQYBV",
    "authorUid": "obd-o0WODJB5q2Z7mQ4dF189_ukQARQl6Fk",
    "authorUserName": "帅***点",
    "title": "百分比环状饼图-（含: 图形文本标签）",
    "description": "",
    "latestVersion": 1,
    "alwaysLatest": 1,
    "createTime": "2020-05-20T12:43:50.000Z",
    "lastUpdateTime": "2020-05-20T12:43:50.000Z",
    "auth": 2,
    "uid": "obd-o0WODJB5q2Z7mQ4dF189_ukQARQl6Fk",
    "publishedVersion": 0,
    "forkFrom": "-",
    "isSpam": 0,
    "version": 1,
    "parentVersion": -1,
    "echartsVersion": "4.7.0",
    "versionCreateTime": "2020-05-20T12:43:50.000Z",
    "html": "",
    "externalScripts": "",
    "updaterUID": "obd-o0WODJB5q2Z7mQ4dF189_ukQARQl6Fk",
    "theme": "",
    "layout": "",
    "viewCount": 222,
    "userName": "帅***点",
    "commentCount": 0,
    "starCount": 1,
    "isStared": 0,
    "thumbnailURL": "https://www.makeapie.com/ecg-storage/ec_gallery_thumbnail/xT_KSCQYBV.png?v=1589978630574",
    "isCustomThumbnail": 0,
    "builtinTags": [
        "category-work",
        "legend",
        "series-pie",
        "title",
        "toolbox",
        "tooltip"
    ],
    "customTags": [],
    "updaterUserName": "帅***点"
}