{
    "cid": "xV1PQUxmG_",
    "authorUid": "obd-ojGRy5MKWu-ThxD-_u6owaNwO2cHHE5",
    "authorUserName": "u***f",
    "title": "仪表盘渐变根据数据变化",
    "description": "",
    "latestVersion": 1,
    "alwaysLatest": 1,
    "createTime": "2020-05-20T08:59:09.000Z",
    "lastUpdateTime": "2020-05-20T08:59:09.000Z",
    "auth": 1,
    "uid": "obd-ojGRy5MKWu-ThxD-_u6owaNwO2cHHE5",
    "publishedVersion": 0,
    "forkFrom": "-",
    "isSpam": 0,
    "version": 1,
    "parentVersion": -1,
    "echartsVersion": "4.7.0",
    "versionCreateTime": "2020-05-20T08:59:09.000Z",
    "html": "",
    "externalScripts": "",
    "updaterUID": "obd-ojGRy5MKWu-ThxD-_u6owaNwO2cHHE5",
    "theme": "",
    "layout": "",
    "viewCount": 202,
    "userName": "u***f",
    "commentCount": 0,
    "starCount": 0,
    "isStared": 0,
    "thumbnailURL": "https://www.makeapie.com/ecg-storage/ec_gallery_thumbnail/xV1PQUxmG_.png?v=1589965149684",
    "isCustomThumbnail": 0,
    "builtinTags": [
        "category-work",
        "series-gauge"
    ],
    "customTags": [],
    "updaterUserName": "u***f"
}