{
    "cid": "xV3IZF4U_3",
    "authorUid": "bd-1800740195",
    "authorUserName": "思***法",
    "title": "变化趋势图",
    "description": "",
    "latestVersion": 1,
    "alwaysLatest": 1,
    "createTime": "2020-05-21T02:28:41.000Z",
    "lastUpdateTime": "2020-05-21T02:28:41.000Z",
    "auth": 1,
    "uid": "bd-1800740195",
    "publishedVersion": 0,
    "forkFrom": "-",
    "isSpam": 0,
    "version": 1,
    "parentVersion": -1,
    "echartsVersion": "4.7.0",
    "versionCreateTime": "2020-05-21T02:28:41.000Z",
    "html": "",
    "externalScripts": "",
    "updaterUID": "bd-1800740195",
    "theme": "",
    "layout": "",
    "viewCount": 345,
    "userName": "思***法",
    "commentCount": 0,
    "starCount": 1,
    "isStared": 0,
    "thumbnailURL": "https://www.makeapie.com/ecg-storage/ec_gallery_thumbnail/xV3IZF4U_3.png?v=1590028121726",
    "isCustomThumbnail": 0,
    "builtinTags": [
        "category-work",
        "grid",
        "legend",
        "markPoint",
        "series-bar",
        "series-line",
        "tooltip"
    ],
    "customTags": [],
    "updaterUserName": "思***法"
}