{
    "cid": "xW7VgEEqJb",
    "authorUid": "bd-1800740195",
    "authorUserName": "思***法",
    "title": "折线图【多色彩】",
    "description": "",
    "latestVersion": 3,
    "alwaysLatest": 1,
    "createTime": "2020-05-21T03:34:33.000Z",
    "lastUpdateTime": "2020-05-21T03:34:33.000Z",
    "auth": 1,
    "uid": "bd-1800740195",
    "publishedVersion": 0,
    "forkFrom": "-",
    "isSpam": 0,
    "version": 3,
    "parentVersion": 2,
    "echartsVersion": "4.8.0",
    "versionCreateTime": "2020-06-18T08:42:11.000Z",
    "html": "",
    "externalScripts": "",
    "updaterUID": "bd-2947300467",
    "theme": "",
    "layout": "",
    "viewCount": 2052,
    "userName": "思***法",
    "commentCount": 0,
    "starCount": 5,
    "isStared": 0,
    "thumbnailURL": "https://www.makeapie.com/ecg-storage/ec_gallery_thumbnail/xW7VgEEqJb.png?v=1592469731421",
    "isCustomThumbnail": 0,
    "builtinTags": [
        "category-work",
        "grid",
        "legend",
        "series-line",
        "tooltip"
    ],
    "customTags": [],
    "updaterUserName": "莱***o"
}