{
    "cid": "xxaAshuOH7",
    "authorUid": "bd-1800740195",
    "authorUserName": "思***法",
    "title": "合同情况",
    "description": "",
    "latestVersion": 5,
    "alwaysLatest": 1,
    "createTime": "2020-05-21T02:19:24.000Z",
    "lastUpdateTime": "2020-05-21T02:19:24.000Z",
    "auth": 1,
    "uid": "bd-1800740195",
    "publishedVersion": 0,
    "forkFrom": "-",
    "isSpam": 0,
    "version": 5,
    "parentVersion": 4,
    "echartsVersion": "4.9.0",
    "versionCreateTime": "2021-05-28T09:39:36.000Z",
    "html": "",
    "externalScripts": "",
    "updaterUID": "obd-otOAbe4DLnjQEJlrJf5drZFRBZl2y85",
    "theme": "",
    "layout": "",
    "viewCount": 6135,
    "userName": "思***法",
    "commentCount": 0,
    "starCount": 16,
    "isStared": 0,
    "thumbnailURL": "https://www.makeapie.com/ecg-storage/ec_gallery_thumbnail/xxaAshuOH7.png?v=1622194776280",
    "isCustomThumbnail": 0,
    "builtinTags": [
        "category-work",
        "legend",
        "series-pie",
        "timeline",
        "tooltip"
    ],
    "customTags": [],
    "updaterUserName": "j***9"
}