{
    "cid": "xXYpYiEKKd",
    "authorUid": "obd-o0WODJB5q2Z7mQ4dF189_ukQARQl6Fk",
    "authorUserName": "帅***点",
    "title": "极坐标-圆环与悬浮标记",
    "description": "",
    "latestVersion": 5,
    "alwaysLatest": 1,
    "createTime": "2020-05-20T10:29:14.000Z",
    "lastUpdateTime": "2020-05-20T10:29:14.000Z",
    "auth": 2,
    "uid": "obd-o0WODJB5q2Z7mQ4dF189_ukQARQl6Fk",
    "publishedVersion": 0,
    "forkFrom": "-",
    "isSpam": 0,
    "version": 5,
    "parentVersion": 4,
    "echartsVersion": "4.7.0",
    "versionCreateTime": "2020-05-20T11:00:41.000Z",
    "html": "",
    "externalScripts": "",
    "updaterUID": "obd-o0WODJB5q2Z7mQ4dF189_ukQARQl6Fk",
    "theme": "",
    "layout": "",
    "viewCount": 645,
    "userName": "帅***点",
    "commentCount": 0,
    "starCount": 5,
    "isStared": 0,
    "thumbnailURL": "https://www.makeapie.com/ecg-storage/ec_gallery_thumbnail/xXYpYiEKKd.png?v=1589972441450",
    "isCustomThumbnail": 0,
    "builtinTags": [
        "category-work",
        "polar",
        "series-bar",
        "title",
        "tooltip",
        "visualMap"
    ],
    "customTags": [],
    "updaterUserName": "帅***点"
}