{
    "cid": "x0nCwYPFE7",
    "authorUid": "bd-171648521",
    "authorUserName": "绿***绿",
    "title": "报警总数",
    "description": "饼图嵌套",
    "latestVersion": 6,
    "alwaysLatest": 1,
    "createTime": "2020-04-07T03:40:21.000Z",
    "lastUpdateTime": "2020-04-07T03:40:21.000Z",
    "auth": 2,
    "uid": "bd-171648521",
    "publishedVersion": 0,
    "forkFrom": "-",
    "isSpam": 0,
    "version": 6,
    "parentVersion": 5,
    "echartsVersion": "4.7.0",
    "versionCreateTime": "2020-04-07T05:59:09.000Z",
    "html": "",
    "externalScripts": "",
    "updaterUID": "bd-171648521",
    "theme": "",
    "layout": "",
    "viewCount": 6882,
    "userName": "绿***绿",
    "commentCount": 0,
    "starCount": 19,
    "isStared": 0,
    "thumbnailURL": "https://www.makeapie.com/ecg-storage/ec_gallery_thumbnail/x0nCwYPFE7.png?v=1586239149692",
    "isCustomThumbnail": 0,
    "builtinTags": [
        "category-work",
        "legend",
        "series-pie",
        "title",
        "tooltip"
    ],
    "customTags": [],
    "updaterUserName": "绿***绿"
}