{
    "cid": "x1wc1W6Eyr",
    "authorUid": "obd-o2wgiLCNpsY76_mhWRjiALnELcIpTBi",
    "authorUserName": "七***乐",
    "title": "关系",
    "description": "",
    "latestVersion": 6,
    "alwaysLatest": 1,
    "createTime": "2020-04-07T07:41:33.000Z",
    "lastUpdateTime": "2020-04-07T07:41:33.000Z",
    "auth": 2,
    "uid": "obd-o2wgiLCNpsY76_mhWRjiALnELcIpTBi",
    "publishedVersion": 0,
    "forkFrom": "-",
    "isSpam": 0,
    "version": 6,
    "parentVersion": 5,
    "echartsVersion": "4.7.0",
    "versionCreateTime": "2020-04-08T12:03:42.000Z",
    "html": "",
    "externalScripts": "",
    "updaterUID": "obd-o2wgiLCNpsY76_mhWRjiALnELcIpTBi",
    "theme": "",
    "layout": "",
    "viewCount": 828,
    "userName": "七***乐",
    "commentCount": 0,
    "starCount": 1,
    "isStared": 0,
    "thumbnailURL": "https://www.makeapie.com/ecg-storage/ec_gallery_thumbnail/x1wc1W6Eyr.png?v=1586347423019",
    "isCustomThumbnail": 0,
    "builtinTags": [
        "category-work",
        "legend",
        "series-graph",
        "title"
    ],
    "customTags": [],
    "updaterUserName": "七***乐"
}