{
    "cid": "x7yEAlgV5G",
    "authorUid": "bd-4228668978",
    "authorUserName": "m***g",
    "title": "人口",
    "description": "",
    "latestVersion": 1,
    "alwaysLatest": 1,
    "createTime": "2020-04-03T08:55:49.000Z",
    "lastUpdateTime": "2020-04-03T08:55:49.000Z",
    "auth": 2,
    "uid": "bd-4228668978",
    "publishedVersion": 0,
    "forkFrom": "-",
    "isSpam": 0,
    "version": 1,
    "parentVersion": -1,
    "echartsVersion": "4.7.0",
    "versionCreateTime": "2020-04-03T08:55:49.000Z",
    "html": "",
    "externalScripts": "",
    "updaterUID": "bd-4228668978",
    "theme": "",
    "layout": "",
    "viewCount": 311,
    "userName": "m***g",
    "commentCount": 0,
    "starCount": 1,
    "isStared": 0,
    "thumbnailURL": "https://www.makeapie.com/ecg-storage/ec_gallery_thumbnail/x7yEAlgV5G.png?v=1585904149660",
    "isCustomThumbnail": 0,
    "builtinTags": [
        "category-work",
        "legend",
        "series-pie",
        "toolbox",
        "tooltip"
    ],
    "customTags": [],
    "updaterUserName": "m***g"
}