{
    "cid": "xAWsjAmbfq",
    "authorUid": "bd-2674457144",
    "authorUserName": "低***h",
    "title": "插入排序",
    "description": "排序算法",
    "latestVersion": 2,
    "alwaysLatest": 1,
    "createTime": "2020-04-03T09:58:56.000Z",
    "lastUpdateTime": "2020-04-03T09:58:56.000Z",
    "auth": 2,
    "uid": "bd-2674457144",
    "publishedVersion": 0,
    "forkFrom": "-",
    "isSpam": 0,
    "version": 2,
    "parentVersion": 1,
    "echartsVersion": "4.7.0",
    "versionCreateTime": "2020-04-04T03:51:26.000Z",
    "html": "",
    "externalScripts": "",
    "updaterUID": "bd-2674457144",
    "theme": "",
    "layout": "",
    "viewCount": 294,
    "userName": "低***h",
    "commentCount": 0,
    "starCount": 6,
    "isStared": 0,
    "thumbnailURL": "https://www.makeapie.com/ecg-storage/ec_gallery_thumbnail/xAWsjAmbfq.png?v=1585972286389",
    "isCustomThumbnail": 0,
    "builtinTags": [
        "category-work",
        "grid",
        "series-bar",
        "title",
        "tooltip"
    ],
    "customTags": [],
    "updaterUserName": "低***h"
}