{
    "cid": "xAZB-Cfc4O",
    "authorUid": "obd-otBvhdZzgHt7SCd6OitXiWBd54RmQ8f",
    "authorUserName": "153******15",
    "title": "安检",
    "description": "",
    "latestVersion": 1,
    "alwaysLatest": 1,
    "createTime": "2020-04-06T07:51:06.000Z",
    "lastUpdateTime": "2020-04-06T07:51:06.000Z",
    "auth": 2,
    "uid": "obd-otBvhdZzgHt7SCd6OitXiWBd54RmQ8f",
    "publishedVersion": 0,
    "forkFrom": "-",
    "isSpam": 0,
    "version": 1,
    "parentVersion": -1,
    "echartsVersion": "4.7.0",
    "versionCreateTime": "2020-04-06T07:51:06.000Z",
    "html": "",
    "externalScripts": "",
    "updaterUID": "obd-otBvhdZzgHt7SCd6OitXiWBd54RmQ8f",
    "theme": "",
    "layout": "",
    "viewCount": 83,
    "userName": "153******15",
    "commentCount": 0,
    "starCount": 0,
    "isStared": 0,
    "thumbnailURL": "https://www.makeapie.com/ecg-storage/ec_gallery_thumbnail/xAZB-Cfc4O.png?v=1586159466625",
    "isCustomThumbnail": 0,
    "builtinTags": [
        "category-work",
        "dataZoom",
        "grid",
        "series-line",
        "tooltip"
    ],
    "customTags": [],
    "updaterUserName": "153******15"
}