{
    "cid": "xCkJszAOnb",
    "authorUid": "obd-oEdgjHdCM2Oy-EPrsMtX-U171Al9Z48",
    "authorUserName": "c***i",
    "title": "柱状图-1",
    "description": "",
    "latestVersion": 1,
    "alwaysLatest": 1,
    "createTime": "2020-04-03T10:22:14.000Z",
    "lastUpdateTime": "2020-04-03T10:22:14.000Z",
    "auth": 2,
    "uid": "obd-oEdgjHdCM2Oy-EPrsMtX-U171Al9Z48",
    "publishedVersion": 0,
    "forkFrom": "-",
    "isSpam": 0,
    "version": 1,
    "parentVersion": -1,
    "echartsVersion": "4.7.0",
    "versionCreateTime": "2020-04-03T10:22:14.000Z",
    "html": "",
    "externalScripts": "",
    "updaterUID": "obd-oEdgjHdCM2Oy-EPrsMtX-U171Al9Z48",
    "theme": "",
    "layout": "",
    "viewCount": 22,
    "userName": "c***i",
    "commentCount": 0,
    "starCount": 0,
    "isStared": 0,
    "thumbnailURL": "https://www.makeapie.com/ecg-storage/ec_gallery_thumbnail/xCkJszAOnb.png?v=1585909334580",
    "isCustomThumbnail": 1,
    "builtinTags": [
        "category-work",
        "dataset",
        "grid",
        "legend",
        "series-bar",
        "tooltip"
    ],
    "customTags": [],
    "updaterUserName": "c***i"
}