{
    "cid": "xDI2Nq3h8u",
    "authorUid": "obd-o2wgiLCNpsY76_mhWRjiALnELcIpTBi",
    "authorUserName": "七***乐",
    "title": "中国地图",
    "description": "",
    "latestVersion": 1,
    "alwaysLatest": 1,
    "createTime": "2020-04-06T12:26:39.000Z",
    "lastUpdateTime": "2020-04-06T12:26:39.000Z",
    "auth": 2,
    "uid": "obd-o2wgiLCNpsY76_mhWRjiALnELcIpTBi",
    "publishedVersion": 0,
    "forkFrom": "-",
    "isSpam": 0,
    "version": 1,
    "parentVersion": -1,
    "echartsVersion": "4.7.0",
    "versionCreateTime": "2020-04-06T12:26:39.000Z",
    "html": "",
    "externalScripts": "/dep/echarts/map/js/china.js",
    "updaterUID": "obd-o2wgiLCNpsY76_mhWRjiALnELcIpTBi",
    "theme": "",
    "layout": "",
    "viewCount": 332,
    "userName": "七***乐",
    "commentCount": 0,
    "starCount": 0,
    "isStared": 0,
    "thumbnailURL": "https://www.makeapie.com/ecg-storage/ec_gallery_thumbnail/xDI2Nq3h8u.png?v=1586176000030",
    "isCustomThumbnail": 0,
    "builtinTags": [
        "category-work",
        "series-map",
        "title",
        "tooltip"
    ],
    "customTags": [],
    "updaterUserName": "七***乐"
}