{
    "cid": "xeelQR6hpf",
    "authorUid": "bd-1042038476",
    "authorUserName": "一***行",
    "title": "幸福指数柱图",
    "description": "仅供参考",
    "latestVersion": 2,
    "alwaysLatest": 1,
    "createTime": "2020-04-06T08:39:44.000Z",
    "lastUpdateTime": "2020-04-06T08:39:44.000Z",
    "auth": 2,
    "uid": "bd-1042038476",
    "publishedVersion": 0,
    "forkFrom": "-",
    "isSpam": 0,
    "version": 2,
    "parentVersion": 1,
    "echartsVersion": "4.7.0",
    "versionCreateTime": "2020-04-06T13:20:41.000Z",
    "html": "",
    "externalScripts": "",
    "updaterUID": "bd-1042038476",
    "theme": "",
    "layout": "",
    "viewCount": 41,
    "userName": "一***行",
    "commentCount": 0,
    "starCount": 0,
    "isStared": 0,
    "thumbnailURL": "https://www.makeapie.com/ecg-storage/ec_gallery_thumbnail/xeelQR6hpf.png?v=1586179241554",
    "isCustomThumbnail": 0,
    "builtinTags": [
        "category-work",
        "dataset",
        "grid",
        "legend",
        "series-bar",
        "title",
        "tooltip"
    ],
    "customTags": [],
    "updaterUserName": "一***行"
}