{
    "cid": "xfgUVEtGPZ",
    "authorUid": "obd-olRli-x7XCduYZxsmJ9fQSRbj9Uuu0c",
    "authorUserName": "6***3",
    "title": "条形图统计",
    "description": "",
    "latestVersion": 9,
    "alwaysLatest": 1,
    "createTime": "2020-04-06T02:14:05.000Z",
    "lastUpdateTime": "2020-04-06T02:14:05.000Z",
    "auth": 1,
    "uid": "obd-olRli-x7XCduYZxsmJ9fQSRbj9Uuu0c",
    "publishedVersion": 0,
    "forkFrom": "-",
    "isSpam": 0,
    "version": 9,
    "parentVersion": 8,
    "echartsVersion": "4.8.0",
    "versionCreateTime": "2021-02-23T06:34:24.000Z",
    "html": "",
    "externalScripts": "",
    "updaterUID": "obd-oD0FgISr3CRYKDCPp7_hf2pgSS8Ky1z",
    "theme": "default",
    "layout": "",
    "viewCount": 1395,
    "userName": "6***3",
    "commentCount": 0,
    "starCount": 5,
    "isStared": 0,
    "thumbnailURL": "https://www.makeapie.com/ecg-storage/ec_gallery_thumbnail/xfgUVEtGPZ.png?v=1614062064292",
    "isCustomThumbnail": 0,
    "builtinTags": [
        "category-work",
        "grid",
        "legend",
        "series-bar"
    ],
    "customTags": [],
    "updaterUserName": "雨***笑"
}