{
    "cid": "xmdUcWohr8",
    "authorUid": "obd-oEdgjHdCM2Oy-EPrsMtX-U171Al9Z48",
    "authorUserName": "c***i",
    "title": "象形图-男女比例",
    "description": "",
    "latestVersion": 3,
    "alwaysLatest": 1,
    "createTime": "2020-04-03T09:55:21.000Z",
    "lastUpdateTime": "2020-04-03T09:55:21.000Z",
    "auth": 2,
    "uid": "obd-oEdgjHdCM2Oy-EPrsMtX-U171Al9Z48",
    "publishedVersion": 0,
    "forkFrom": "-",
    "isSpam": 0,
    "version": 3,
    "parentVersion": 2,
    "echartsVersion": "4.7.0",
    "versionCreateTime": "2020-04-03T10:08:38.000Z",
    "html": "",
    "externalScripts": "",
    "updaterUID": "obd-oEdgjHdCM2Oy-EPrsMtX-U171Al9Z48",
    "theme": "",
    "layout": "",
    "viewCount": 203,
    "userName": "c***i",
    "commentCount": 0,
    "starCount": 2,
    "isStared": 0,
    "thumbnailURL": "https://www.makeapie.com/ecg-storage/ec_gallery_thumbnail/xmdUcWohr8.png?v=1585908519111",
    "isCustomThumbnail": 0,
    "builtinTags": [
        "category-work",
        "grid",
        "markLine",
        "series-pictorialBar",
        "tooltip"
    ],
    "customTags": [],
    "updaterUserName": "c***i"
}