{
    "cid": "xnbkVdDPSl",
    "authorUid": "bd-101698999",
    "authorUserName": "Z***8",
    "title": "网友提问：如何实现仪表盘每秒跳动一格",
    "description": "setInterval 结合 setOption 实现",
    "latestVersion": 1,
    "alwaysLatest": 1,
    "createTime": "2020-04-05T05:25:39.000Z",
    "lastUpdateTime": "2020-04-05T05:25:39.000Z",
    "auth": 2,
    "uid": "bd-101698999",
    "publishedVersion": 0,
    "forkFrom": "-",
    "isSpam": 0,
    "version": 1,
    "parentVersion": -1,
    "echartsVersion": "4.7.0",
    "versionCreateTime": "2020-04-05T05:25:39.000Z",
    "html": "",
    "externalScripts": "",
    "updaterUID": "bd-101698999",
    "theme": "",
    "layout": "",
    "viewCount": 309,
    "userName": "Z***8",
    "commentCount": 0,
    "starCount": 0,
    "isStared": 0,
    "thumbnailURL": "https://www.makeapie.com/ecg-storage/ec_gallery_thumbnail/xnbkVdDPSl.png?v=1586064339981",
    "isCustomThumbnail": 0,
    "builtinTags": [
        "category-work",
        "series-gauge",
        "title"
    ],
    "customTags": [],
    "updaterUserName": "Z***8"
}