{
    "cid": "xPlRSXWMEp",
    "authorUid": "bd-769088646",
    "authorUserName": "小***个",
    "title": "环形一",
    "description": "",
    "latestVersion": 1,
    "alwaysLatest": 1,
    "createTime": "2020-04-06T11:04:44.000Z",
    "lastUpdateTime": "2020-04-06T11:04:44.000Z",
    "auth": 1,
    "uid": "bd-769088646",
    "publishedVersion": 0,
    "forkFrom": "-",
    "isSpam": 0,
    "version": 1,
    "parentVersion": -1,
    "echartsVersion": "4.7.0",
    "versionCreateTime": "2020-04-06T11:04:44.000Z",
    "html": "",
    "externalScripts": "",
    "updaterUID": "bd-769088646",
    "theme": "",
    "layout": "",
    "viewCount": 354,
    "userName": "小***个",
    "commentCount": 0,
    "starCount": 1,
    "isStared": 0,
    "thumbnailURL": "https://www.makeapie.com/ecg-storage/ec_gallery_thumbnail/xPlRSXWMEp.png?v=1586171084693",
    "isCustomThumbnail": 0,
    "builtinTags": [
        "category-work",
        "legend",
        "series-pie",
        "title",
        "tooltip"
    ],
    "customTags": [],
    "updaterUserName": "小***个"
}