{
    "cid": "xXjmRnBYFN",
    "authorUid": "bd-3862561226",
    "authorUserName": "微***0",
    "title": "Austin micromobility and traffic",
    "description": "Muyang Lu",
    "latestVersion": 8,
    "alwaysLatest": 1,
    "createTime": "2020-04-07T05:01:51.000Z",
    "lastUpdateTime": "2020-04-07T05:01:51.000Z",
    "auth": 2,
    "uid": "bd-3862561226",
    "publishedVersion": 0,
    "forkFrom": "-",
    "isSpam": 0,
    "version": 8,
    "parentVersion": 7,
    "echartsVersion": "4.7.0",
    "versionCreateTime": "2020-04-15T01:45:55.000Z",
    "html": "",
    "externalScripts": "",
    "updaterUID": "bd-3862561226",
    "theme": "",
    "layout": "",
    "viewCount": 291,
    "userName": "微***0",
    "commentCount": 0,
    "starCount": 0,
    "isStared": 0,
    "thumbnailURL": "https://www.makeapie.com/ecg-storage/ec_gallery_thumbnail/xXjmRnBYFN.png?v=1586915155813",
    "isCustomThumbnail": 0,
    "builtinTags": [
        "category-work",
        "geo",
        "series-effectScatter",
        "series-map",
        "title",
        "tooltip",
        "visualMap"
    ],
    "customTags": [],
    "updaterUserName": "微***0"
}