{
    "cid": "xB1lOt-FZM",
    "authorUid": "bd-1712165964",
    "authorUserName": "太医小熊",
    "title": "作业02",
    "description": "刘欣宇—+201501213024",
    "latestVersion": 1,
    "alwaysLatest": 1,
    "createTime": "2017-12-09T06:57:43.000Z",
    "lastUpdateTime": "2017-12-09T06:57:43.000Z",
    "auth": 1,
    "uid": "bd-1712165964",
    "publishedVersion": 0,
    "forkFrom": "-",
    "isSpam": 0,
    "version": 1,
    "parentVersion": -1,
    "echartsVersion": "3.8.0",
    "versionCreateTime": "2017-12-09T06:57:43.000Z",
    "html": "",
    "externalScripts": "",
    "updaterUID": "bd-1712165964",
    "theme": "",
    "layout": "",
    "viewCount": 649,
    "userName": "太医小熊",
    "commentCount": 0,
    "starCount": 0,
    "isStared": 0,
    "thumbnailURL": "https://www.makeapie.com/ecg-storage/ec_gallery_thumbnail/xB1lOt-FZM.png?v=1512802663917",
    "isCustomThumbnail": 0,
    "builtinTags": [
        "category-work",
        "grid",
        "legend",
        "series-bar",
        "series-line",
        "title",
        "toolbox",
        "tooltip"
    ],
    "customTags": [],
    "updaterUserName": "太医小熊"
}