{
    "cid": "xBJIqaROZf",
    "authorUid": "bd-2166094446",
    "authorUserName": "乔***1",
    "title": "测试 反向",
    "description": "",
    "latestVersion": 3,
    "alwaysLatest": 1,
    "createTime": "2017-12-09T03:50:37.000Z",
    "lastUpdateTime": "2017-12-09T06:27:13.000Z",
    "auth": 2,
    "uid": "bd-2166094446",
    "publishedVersion": 0,
    "forkFrom": "-",
    "isSpam": 0,
    "version": 3,
    "parentVersion": 2,
    "echartsVersion": "3.8.0",
    "versionCreateTime": "2017-12-12T09:03:10.000Z",
    "html": "",
    "externalScripts": "",
    "updaterUID": "bd-2166094446",
    "theme": "vintage",
    "layout": "",
    "viewCount": 506,
    "userName": "乔***1",
    "commentCount": 0,
    "starCount": 2,
    "isStared": 0,
    "thumbnailURL": "https://www.makeapie.com/ecg-storage/ec_gallery_thumbnail/xBJIqaROZf.png?v=1513069390463",
    "isCustomThumbnail": 0,
    "builtinTags": [
        "category-work",
        "grid",
        "series-bar"
    ],
    "customTags": [],
    "updaterUserName": "乔***1"
}