{
    "cid": "xBkcYdfKZf",
    "authorUid": "bd-2202272596",
    "authorUserName": "晕芸众生myth",
    "title": "IP改编动画来源",
    "description": "",
    "latestVersion": 1,
    "alwaysLatest": 1,
    "createTime": "2017-12-09T08:02:09.000Z",
    "lastUpdateTime": "2017-12-09T08:02:09.000Z",
    "auth": 2,
    "uid": "bd-2202272596",
    "publishedVersion": 0,
    "forkFrom": "-",
    "isSpam": 0,
    "version": 1,
    "parentVersion": -1,
    "echartsVersion": "3.8.0",
    "versionCreateTime": "2017-12-09T08:02:09.000Z",
    "html": "",
    "externalScripts": "",
    "updaterUID": "bd-2202272596",
    "theme": "dark",
    "layout": "{\"name\":\"1xN\",\"width\":[],\"height\":[]}",
    "viewCount": 628,
    "userName": "晕芸众生myth",
    "commentCount": 1,
    "starCount": 2,
    "isStared": 0,
    "thumbnailURL": "https://www.makeapie.com/ecg-storage/ec_gallery_thumbnail/xBkcYdfKZf.png?v=1512806530078",
    "isCustomThumbnail": 0,
    "builtinTags": [
        "category-work",
        "legend",
        "series-pie",
        "title",
        "tooltip"
    ],
    "customTags": [],
    "updaterUserName": "晕芸众生myth"
}