{
    "cid": "xBkvpStFbz",
    "authorUid": "bd-86102794",
    "authorUserName": "李木茁00",
    "title": "北京十大网红店铺分布",
    "description": "数据来源@北京吃货小分队",
    "latestVersion": 1,
    "alwaysLatest": 1,
    "createTime": "2017-12-09T15:48:15.000Z",
    "lastUpdateTime": "2017-12-09T15:48:15.000Z",
    "auth": 2,
    "uid": "bd-86102794",
    "publishedVersion": 0,
    "forkFrom": "-",
    "isSpam": 0,
    "version": 1,
    "parentVersion": -1,
    "echartsVersion": "3.8.0",
    "versionCreateTime": "2017-12-09T15:48:15.000Z",
    "html": "",
    "externalScripts": "",
    "updaterUID": "bd-86102794",
    "theme": "",
    "layout": "",
    "viewCount": 336,
    "userName": "李木茁00",
    "commentCount": 0,
    "starCount": 0,
    "isStared": 0,
    "thumbnailURL": "https://www.makeapie.com/ecg-storage/ec_gallery_thumbnail/xBkvpStFbz.png?v=1512834495462",
    "isCustomThumbnail": 0,
    "builtinTags": [
        "category-work",
        "geo",
        "series-scatter",
        "title",
        "tooltip"
    ],
    "customTags": [],
    "updaterUserName": "李木茁00"
}