{
    "cid": "xByeSyBOZf",
    "authorUid": "bd-942982490",
    "authorUserName": "倒退回原点___",
    "title": "Techniques most likely encourage donations",
    "description": "慈善捐助时媒介技术对我们的影响程度调查统计图",
    "latestVersion": 1,
    "alwaysLatest": 1,
    "createTime": "2017-12-08T16:35:04.000Z",
    "lastUpdateTime": "2017-12-08T16:35:04.000Z",
    "auth": 2,
    "uid": "bd-942982490",
    "publishedVersion": 0,
    "forkFrom": "-",
    "isSpam": 0,
    "version": 1,
    "parentVersion": -1,
    "echartsVersion": "3.8.0",
    "versionCreateTime": "2017-12-08T16:35:04.000Z",
    "html": "",
    "externalScripts": "",
    "updaterUID": "bd-942982490",
    "theme": "",
    "layout": "",
    "viewCount": 323,
    "userName": "倒退回原点___",
    "commentCount": 0,
    "starCount": 1,
    "isStared": 0,
    "thumbnailURL": "https://www.makeapie.com/ecg-storage/ec_gallery_thumbnail/xByeSyBOZf.png?v=1512750904559",
    "isCustomThumbnail": 0,
    "builtinTags": [
        "category-work",
        "legend",
        "series-pie",
        "tooltip"
    ],
    "customTags": [],
    "updaterUserName": "倒退回原点___"
}