{
    "cid": "xH1WITGdbG",
    "authorUid": "bd-3407128405",
    "authorUserName": "墨染陌上花开",
    "title": "全国省市博物馆数量",
    "description": "数据来源——国家统计局 http://data.stats.gov.cn/easyquery.htm?cn=E0103",
    "latestVersion": 15,
    "alwaysLatest": 1,
    "createTime": "2017-12-08T14:10:17.000Z",
    "lastUpdateTime": "2017-12-08T14:10:17.000Z",
    "auth": 1,
    "uid": "bd-3407128405",
    "publishedVersion": 0,
    "forkFrom": "-",
    "isSpam": 0,
    "version": 15,
    "parentVersion": 14,
    "echartsVersion": "3.8.0",
    "versionCreateTime": "2020-01-05T12:46:33.000Z",
    "html": "",
    "externalScripts": "/dep/echarts/map/js/china.js",
    "updaterUID": "bd-302258399",
    "theme": "dark",
    "layout": "",
    "viewCount": 1473,
    "userName": "墨染陌上花开",
    "commentCount": 0,
    "starCount": 7,
    "isStared": 0,
    "thumbnailURL": "https://www.makeapie.com/ecg-storage/ec_gallery_thumbnail/xH1WITGdbG.png?v=1578228393665",
    "isCustomThumbnail": 0,
    "builtinTags": [
        "brush",
        "category-work",
        "dataZoom",
        "geo",
        "grid",
        "series-bar",
        "series-effectScatter",
        "series-scatter",
        "title",
        "toolbox",
        "tooltip"
    ],
    "customTags": [],
    "updaterUserName": "h***o"
}