{
    "cid": "xHJ4y8l_-z",
    "authorUid": "bd-1232694296",
    "authorUserName": "邻居家阿飞",
    "title": "2001年能源生产量与结构",
    "description": "数据来自国家统计局",
    "latestVersion": 1,
    "alwaysLatest": 1,
    "createTime": "2017-12-08T11:22:03.000Z",
    "lastUpdateTime": "2017-12-08T11:22:03.000Z",
    "auth": 2,
    "uid": "bd-1232694296",
    "publishedVersion": 0,
    "forkFrom": "-",
    "isSpam": 0,
    "version": 1,
    "parentVersion": -1,
    "echartsVersion": "3.8.0",
    "versionCreateTime": "2017-12-08T11:22:03.000Z",
    "html": "",
    "externalScripts": "",
    "updaterUID": "bd-1232694296",
    "theme": "",
    "layout": "",
    "viewCount": 1209,
    "userName": "邻居家阿飞",
    "commentCount": 0,
    "starCount": 2,
    "isStared": 0,
    "thumbnailURL": "https://www.makeapie.com/ecg-storage/ec_gallery_thumbnail/xHJ4y8l_-z.png?v=1512732124055",
    "isCustomThumbnail": 0,
    "builtinTags": [
        "category-work",
        "grid",
        "legend",
        "series-bar",
        "series-pie",
        "timeline",
        "title",
        "tooltip"
    ],
    "customTags": [
        "bar",
        "pie",
        "timeline"
    ],
    "updaterUserName": "邻居家阿飞"
}