{
    "cid": "xHJP-0WtWf",
    "authorUid": "bd-3447162505",
    "authorUserName": "psBlues",
    "title": "某商品不同型号顾客满意度 - 雷达图",
    "description": "15媒调赵越 201501213029",
    "latestVersion": 1,
    "alwaysLatest": 1,
    "createTime": "2017-12-09T07:17:18.000Z",
    "lastUpdateTime": "2017-12-09T07:17:18.000Z",
    "auth": 2,
    "uid": "bd-3447162505",
    "publishedVersion": 0,
    "forkFrom": "-",
    "isSpam": 0,
    "version": 1,
    "parentVersion": -1,
    "echartsVersion": "3.8.0",
    "versionCreateTime": "2017-12-09T07:17:18.000Z",
    "html": "",
    "externalScripts": "",
    "updaterUID": "bd-3447162505",
    "theme": "",
    "layout": "",
    "viewCount": 773,
    "userName": "psBlues",
    "commentCount": 0,
    "starCount": 3,
    "isStared": 0,
    "thumbnailURL": "https://www.makeapie.com/ecg-storage/ec_gallery_thumbnail/xHJP-0WtWf.png?v=1512803839110",
    "isCustomThumbnail": 0,
    "builtinTags": [
        "category-work",
        "legend",
        "radar",
        "series-radar",
        "title"
    ],
    "customTags": [],
    "updaterUserName": "psBlues"
}