{
    "cid": "xHkdOlpwWz",
    "authorUid": "bd-1195210646",
    "authorUserName": "a***o",
    "title": "地图",
    "description": "",
    "latestVersion": 1,
    "alwaysLatest": 1,
    "createTime": "2017-12-08T07:34:08.000Z",
    "lastUpdateTime": "2017-12-08T07:34:08.000Z",
    "auth": 2,
    "uid": "bd-1195210646",
    "publishedVersion": 0,
    "forkFrom": "-",
    "isSpam": 0,
    "version": 1,
    "parentVersion": -1,
    "echartsVersion": "3.8.0",
    "versionCreateTime": "2017-12-08T07:34:08.000Z",
    "html": "",
    "externalScripts": "/dep/echarts/latest/extension/bmap.min.js,/dep/echarts/map/js/china.js",
    "updaterUID": "bd-1195210646",
    "theme": "",
    "layout": "",
    "viewCount": 6610,
    "userName": "a***o",
    "commentCount": 7,
    "starCount": 18,
    "isStared": 0,
    "thumbnailURL": "https://www.makeapie.com/ecg-storage/ec_gallery_thumbnail/xHkdOlpwWz.png?v=1512718448546",
    "isCustomThumbnail": 0,
    "builtinTags": [
        "category-work",
        "geo",
        "series-effectScatter",
        "series-lines",
        "series-scatter",
        "visualMap"
    ],
    "customTags": [],
    "updaterUserName": "a***o"
}