{
    "cid": "xrJuLKIYWz",
    "authorUid": "bd-1887339378",
    "authorUserName": "Haobo666666",
    "title": "中国传媒大学教学单位分支图（制作人：展浩博201501213011）",
    "description": "中国传媒大学的院系设置展示",
    "latestVersion": 1,
    "alwaysLatest": 1,
    "createTime": "2017-12-09T12:38:39.000Z",
    "lastUpdateTime": "2017-12-09T12:38:39.000Z",
    "auth": 2,
    "uid": "bd-1887339378",
    "publishedVersion": 0,
    "forkFrom": "-",
    "isSpam": 0,
    "version": 1,
    "parentVersion": -1,
    "echartsVersion": "3.8.0",
    "versionCreateTime": "2017-12-09T12:38:39.000Z",
    "html": "",
    "externalScripts": "",
    "updaterUID": "bd-1887339378",
    "theme": "",
    "layout": "",
    "viewCount": 975,
    "userName": "Haobo666666",
    "commentCount": 0,
    "starCount": 3,
    "isStared": 0,
    "thumbnailURL": "https://www.makeapie.com/ecg-storage/ec_gallery_thumbnail/xrJuLKIYWz.png?v=1512823119984",
    "isCustomThumbnail": 0,
    "builtinTags": [
        "category-work",
        "series-graph",
        "title",
        "toolbox",
        "tooltip"
    ],
    "customTags": [],
    "updaterUserName": "Haobo666666"
}