{
    "cid": "xrkL9E8K-M",
    "authorUid": "bd-1772129157",
    "authorUserName": "130******66",
    "title": "上海Starbucks咖啡饮品周销售量",
    "description": "点击极坐标系下即可与圆环图交互\n点击柱状图排序",
    "latestVersion": 1,
    "alwaysLatest": 1,
    "createTime": "2017-12-09T12:18:22.000Z",
    "lastUpdateTime": "2017-12-09T12:18:22.000Z",
    "auth": 2,
    "uid": "bd-1772129157",
    "publishedVersion": 0,
    "forkFrom": "-",
    "isSpam": 0,
    "version": 1,
    "parentVersion": -1,
    "echartsVersion": "3.8.0",
    "versionCreateTime": "2017-12-09T12:18:22.000Z",
    "html": "",
    "externalScripts": "",
    "updaterUID": "bd-1772129157",
    "theme": "",
    "layout": "",
    "viewCount": 1212,
    "userName": "130******66",
    "commentCount": 0,
    "starCount": 5,
    "isStared": 0,
    "thumbnailURL": "https://www.makeapie.com/ecg-storage/ec_gallery_thumbnail/xrkL9E8K-M.png?v=1512821902292",
    "isCustomThumbnail": 0,
    "builtinTags": [
        "category-work",
        "grid",
        "polar",
        "series-bar",
        "series-pie",
        "timeline",
        "title",
        "tooltip"
    ],
    "customTags": [],
    "updaterUserName": "130******66"
}