{
    "cid": "xS1sNL2v-G",
    "authorUid": "bd-2281917452",
    "authorUserName": "u***o",
    "title": "圆环图，中间文字",
    "description": "",
    "latestVersion": 1,
    "alwaysLatest": 1,
    "createTime": "2017-12-08T06:50:26.000Z",
    "lastUpdateTime": "2017-12-08T06:50:26.000Z",
    "auth": 2,
    "uid": "bd-2281917452",
    "publishedVersion": 0,
    "forkFrom": "-",
    "isSpam": 0,
    "version": 1,
    "parentVersion": -1,
    "echartsVersion": "3.8.0",
    "versionCreateTime": "2017-12-08T06:50:26.000Z",
    "html": "",
    "externalScripts": "",
    "updaterUID": "bd-2281917452",
    "theme": "",
    "layout": "",
    "viewCount": 423,
    "userName": "u***o",
    "commentCount": 0,
    "starCount": 0,
    "isStared": 0,
    "thumbnailURL": "https://www.makeapie.com/ecg-storage/ec_gallery_thumbnail/xS1sNL2v-G.png?v=1512715826782",
    "isCustomThumbnail": 0,
    "builtinTags": [
        "category-work",
        "series-pie"
    ],
    "customTags": [],
    "updaterUserName": "u***o"
}