{
    "cid": "xSJo8m7tWG",
    "authorUid": "bd-3407128405",
    "authorUserName": "墨染陌上花开",
    "title": "Picture Visualization",
    "description": "传播学（媒体市场调查与分析）\n汤海雯\n201501213025",
    "latestVersion": 1,
    "alwaysLatest": 1,
    "createTime": "2017-12-09T08:48:19.000Z",
    "lastUpdateTime": "2017-12-09T08:48:19.000Z",
    "auth": 2,
    "uid": "bd-3407128405",
    "publishedVersion": 0,
    "forkFrom": "-",
    "isSpam": 0,
    "version": 1,
    "parentVersion": -1,
    "echartsVersion": "3.8.0",
    "versionCreateTime": "2017-12-09T08:48:19.000Z",
    "html": "",
    "externalScripts": "http://echarts.baidu.com/resource/echarts-gl-latest/dist/echarts-gl.min.js",
    "updaterUID": "bd-3407128405",
    "theme": "",
    "layout": "",
    "viewCount": 137,
    "userName": "墨染陌上花开",
    "commentCount": 0,
    "starCount": 1,
    "isStared": 0,
    "thumbnailURL": "https://www.makeapie.com/ecg-storage/ec_gallery_thumbnail/xSJo8m7tWG.png?v=1512809302352",
    "isCustomThumbnail": 1,
    "builtinTags": [
        "category-work",
        "grid3D",
        "series-bar3D",
        "tooltip"
    ],
    "customTags": [],
    "updaterUserName": "墨染陌上花开"
}