{
    "cid": "x3uxoqsNMd",
    "authorUid": "obd-oDTaF2vy3VNVoyv3Zu3b2aLmrwG-C11",
    "authorUserName": "J***3",
    "title": "Multi Series Histogram",
    "description": "By zengzhi",
    "latestVersion": 4,
    "alwaysLatest": 1,
    "createTime": "2020-06-08T08:34:40.000Z",
    "lastUpdateTime": "2020-06-08T08:34:40.000Z",
    "auth": 2,
    "uid": "obd-oDTaF2vy3VNVoyv3Zu3b2aLmrwG-C11",
    "publishedVersion": 0,
    "forkFrom": "-",
    "isSpam": 0,
    "version": 4,
    "parentVersion": 3,
    "echartsVersion": "4.8.0",
    "versionCreateTime": "2020-06-12T08:50:44.000Z",
    "html": "",
    "externalScripts": "https://echarts.baidu.com/resource/echarts-stat-latest/dist/ecStat.min.js",
    "updaterUID": "obd-oDTaF2vy3VNVoyv3Zu3b2aLmrwG-C11",
    "theme": "",
    "layout": "",
    "viewCount": 194,
    "userName": "J***3",
    "commentCount": 0,
    "starCount": 1,
    "isStared": 0,
    "thumbnailURL": "https://www.makeapie.com/ecg-storage/ec_gallery_thumbnail/x3uxoqsNMd.png?v=1591951844275",
    "isCustomThumbnail": 0,
    "builtinTags": [
        "category-work",
        "grid",
        "series-custom",
        "series-line",
        "title"
    ],
    "customTags": [
        "直方图"
    ],
    "updaterUserName": "J***3"
}