{
    "cid": "xCN0M_N5ys",
    "authorUid": "obd-oPpyoS-ccPCrrFAcgUQFJJ2uaKN-i9Z",
    "authorUserName": "日***头",
    "title": "车流量",
    "description": "",
    "latestVersion": 1,
    "alwaysLatest": 1,
    "createTime": "2020-06-06T07:00:30.000Z",
    "lastUpdateTime": "2020-06-06T07:00:30.000Z",
    "auth": 2,
    "uid": "obd-oPpyoS-ccPCrrFAcgUQFJJ2uaKN-i9Z",
    "publishedVersion": 0,
    "forkFrom": "-",
    "isSpam": 0,
    "version": 1,
    "parentVersion": -1,
    "echartsVersion": "4.8.0",
    "versionCreateTime": "2020-06-06T07:00:30.000Z",
    "html": "",
    "externalScripts": "",
    "updaterUID": "obd-oPpyoS-ccPCrrFAcgUQFJJ2uaKN-i9Z",
    "theme": "",
    "layout": "",
    "viewCount": 190,
    "userName": "日***头",
    "commentCount": 0,
    "starCount": 0,
    "isStared": 0,
    "thumbnailURL": "https://www.makeapie.com/ecg-storage/ec_gallery_thumbnail/xCN0M_N5ys.png?v=1591426830854",
    "isCustomThumbnail": 0,
    "builtinTags": [
        "category-work",
        "legend",
        "series-pie",
        "title",
        "tooltip"
    ],
    "customTags": [],
    "updaterUserName": "日***头"
}