{
    "cid": "xCQfPAxkBI",
    "authorUid": "obd-oEuwE8rqJAt_T4-qcEup3aGx2Sp8a4P",
    "authorUserName": "131*****589",
    "title": "5MW组串式",
    "description": "",
    "latestVersion": 1,
    "alwaysLatest": 1,
    "createTime": "2020-06-05T05:36:58.000Z",
    "lastUpdateTime": "2020-06-05T05:36:58.000Z",
    "auth": 2,
    "uid": "obd-oEuwE8rqJAt_T4-qcEup3aGx2Sp8a4P",
    "publishedVersion": 0,
    "forkFrom": "-",
    "isSpam": 0,
    "version": 1,
    "parentVersion": -1,
    "echartsVersion": "4.8.0",
    "versionCreateTime": "2020-06-05T05:36:58.000Z",
    "html": "",
    "externalScripts": "",
    "updaterUID": "obd-oEuwE8rqJAt_T4-qcEup3aGx2Sp8a4P",
    "theme": "",
    "layout": "",
    "viewCount": 1018,
    "userName": "131*****589",
    "commentCount": 0,
    "starCount": 6,
    "isStared": 0,
    "thumbnailURL": "https://www.makeapie.com/ecg-storage/ec_gallery_thumbnail/xCQfPAxkBI.png?v=1591335418633",
    "isCustomThumbnail": 0,
    "builtinTags": [
        "category-work",
        "series-tree",
        "toolbox",
        "tooltip"
    ],
    "customTags": [],
    "updaterUserName": "131*****589"
}