{
    "cid": "xflpGRAIPi",
    "authorUid": "obd-oNxFxH3VU8RrGpPGW58VH3Nm7tNvxCY",
    "authorUserName": "漓***园",
    "title": "雷达图label修改",
    "description": "",
    "latestVersion": 1,
    "alwaysLatest": 1,
    "createTime": "2020-06-05T03:42:42.000Z",
    "lastUpdateTime": "2020-06-05T03:42:42.000Z",
    "auth": 1,
    "uid": "obd-oNxFxH3VU8RrGpPGW58VH3Nm7tNvxCY",
    "publishedVersion": 0,
    "forkFrom": "-",
    "isSpam": 0,
    "version": 1,
    "parentVersion": -1,
    "echartsVersion": "4.8.0",
    "versionCreateTime": "2020-06-05T03:42:42.000Z",
    "html": "",
    "externalScripts": "",
    "updaterUID": "obd-oNxFxH3VU8RrGpPGW58VH3Nm7tNvxCY",
    "theme": "",
    "layout": "",
    "viewCount": 527,
    "userName": "漓***园",
    "commentCount": 1,
    "starCount": 3,
    "isStared": 0,
    "thumbnailURL": "https://www.makeapie.com/ecg-storage/ec_gallery_thumbnail/xflpGRAIPi.png?v=1591328562529",
    "isCustomThumbnail": 0,
    "builtinTags": [
        "category-work",
        "legend",
        "radar",
        "series-radar",
        "title",
        "tooltip"
    ],
    "customTags": [],
    "updaterUserName": "漓***园"
}