{
    "cid": "xh_9GN8wcm",
    "authorUid": "obd-o0WODJB5q2Z7mQ4dF189_ukQARQl6Fk",
    "authorUserName": "帅***点",
    "title": "地图",
    "description": "应用:\n    项目-舆情\n    后台管理系统\n链接地址:\n    http://pc.wangjiangwei.top/01-private_jobs/01-popular_feelings/code/pages/index.html\ncanvans画布尺寸\n    width: 1560px;\n    height: 1246px;",
    "latestVersion": 2,
    "alwaysLatest": 1,
    "createTime": "2020-06-05T07:17:47.000Z",
    "lastUpdateTime": "2020-06-05T07:17:47.000Z",
    "auth": 2,
    "uid": "obd-o0WODJB5q2Z7mQ4dF189_ukQARQl6Fk",
    "publishedVersion": 0,
    "forkFrom": "-",
    "isSpam": 0,
    "version": 2,
    "parentVersion": 1,
    "echartsVersion": "4.8.0",
    "versionCreateTime": "2020-06-05T07:24:09.000Z",
    "html": "",
    "externalScripts": "",
    "updaterUID": "obd-o0WODJB5q2Z7mQ4dF189_ukQARQl6Fk",
    "theme": "",
    "layout": "",
    "viewCount": 1415,
    "userName": "帅***点",
    "commentCount": 0,
    "starCount": 1,
    "isStared": 0,
    "thumbnailURL": "https://www.makeapie.com/ecg-storage/ec_gallery_thumbnail/xh_9GN8wcm.png?v=1591341467347",
    "isCustomThumbnail": 1,
    "builtinTags": [
        "category-work",
        "legend",
        "series-map",
        "title",
        "tooltip"
    ],
    "customTags": [],
    "updaterUserName": "帅***点"
}