{
    "cid": "xIHi6fhsDU",
    "authorUid": "obd-oE7g_85M3XppVRxCvYPJKsoCPCpyP4L",
    "authorUserName": "凌***e",
    "title": "",
    "description": "",
    "latestVersion": 3,
    "alwaysLatest": 1,
    "createTime": "2020-06-05T12:38:52.000Z",
    "lastUpdateTime": "2020-06-05T12:38:52.000Z",
    "auth": 2,
    "uid": "obd-oE7g_85M3XppVRxCvYPJKsoCPCpyP4L",
    "publishedVersion": 0,
    "forkFrom": "-",
    "isSpam": 0,
    "version": 3,
    "parentVersion": 2,
    "echartsVersion": "4.8.0",
    "versionCreateTime": "2020-06-13T16:44:37.000Z",
    "html": "",
    "externalScripts": "",
    "updaterUID": "obd-oE7g_85M3XppVRxCvYPJKsoCPCpyP4L",
    "theme": "",
    "layout": "",
    "viewCount": 85,
    "userName": "凌***e",
    "commentCount": 0,
    "starCount": 0,
    "isStared": 0,
    "thumbnailURL": "https://www.makeapie.com/ecg-storage/ec_gallery_thumbnail/xIHi6fhsDU.png?v=1592066677784",
    "isCustomThumbnail": 0,
    "builtinTags": [
        "category-work",
        "legend",
        "series-pie",
        "tooltip"
    ],
    "customTags": [],
    "updaterUserName": "凌***e"
}