{
    "cid": "xLc_dS64mB",
    "authorUid": "obd-o2pLcZ6kfSTz1IM92Gclnxw8OvCK76G",
    "authorUserName": "l***8",
    "title": "实验结果",
    "description": "",
    "latestVersion": 1,
    "alwaysLatest": 1,
    "createTime": "2020-06-04T13:21:55.000Z",
    "lastUpdateTime": "2020-06-04T13:21:55.000Z",
    "auth": 2,
    "uid": "obd-o2pLcZ6kfSTz1IM92Gclnxw8OvCK76G",
    "publishedVersion": 0,
    "forkFrom": "-",
    "isSpam": 0,
    "version": 1,
    "parentVersion": -1,
    "echartsVersion": "4.8.0",
    "versionCreateTime": "2020-06-04T13:21:55.000Z",
    "html": "",
    "externalScripts": "",
    "updaterUID": "obd-o2pLcZ6kfSTz1IM92Gclnxw8OvCK76G",
    "theme": "",
    "layout": "",
    "viewCount": 118,
    "userName": "l***8",
    "commentCount": 0,
    "starCount": 0,
    "isStared": 0,
    "thumbnailURL": "https://www.makeapie.com/ecg-storage/ec_gallery_thumbnail/xLc_dS64mB.png?v=1591276915678",
    "isCustomThumbnail": 0,
    "builtinTags": [
        "category-work",
        "dataZoom",
        "grid",
        "legend",
        "series-line",
        "tooltip"
    ],
    "customTags": [],
    "updaterUserName": "l***8"
}