{
    "cid": "xNEzIVcaHO",
    "authorUid": "obd-ojfPE2Ej87FwbARwBrwhp6D68f3BADh",
    "authorUserName": "不***实",
    "title": "无坐标柱状图",
    "description": "",
    "latestVersion": 2,
    "alwaysLatest": 1,
    "createTime": "2020-06-05T06:36:44.000Z",
    "lastUpdateTime": "2020-06-05T06:36:44.000Z",
    "auth": 2,
    "uid": "obd-ojfPE2Ej87FwbARwBrwhp6D68f3BADh",
    "publishedVersion": 0,
    "forkFrom": "-",
    "isSpam": 0,
    "version": 2,
    "parentVersion": 1,
    "echartsVersion": "4.8.0",
    "versionCreateTime": "2020-06-05T06:37:06.000Z",
    "html": "",
    "externalScripts": "",
    "updaterUID": "obd-ojfPE2Ej87FwbARwBrwhp6D68f3BADh",
    "theme": "",
    "layout": "",
    "viewCount": 24,
    "userName": "不***实",
    "commentCount": 0,
    "starCount": 1,
    "isStared": 0,
    "thumbnailURL": "https://www.makeapie.com/ecg-storage/ec_gallery_thumbnail/xNEzIVcaHO.png?v=1591339026216",
    "isCustomThumbnail": 0,
    "builtinTags": [
        "category-work",
        "grid",
        "series-bar"
    ],
    "customTags": [],
    "updaterUserName": "不***实"
}