{
    "cid": "xPyp9oUKtp",
    "authorUid": "obd-oFgxeOImDyGaYaUVj8Ze-CeWci-ka5J",
    "authorUserName": "二***桐",
    "title": "区域医院",
    "description": "",
    "latestVersion": 1,
    "alwaysLatest": 1,
    "createTime": "2020-06-08T06:36:49.000Z",
    "lastUpdateTime": "2020-06-08T06:36:49.000Z",
    "auth": 2,
    "uid": "obd-oFgxeOImDyGaYaUVj8Ze-CeWci-ka5J",
    "publishedVersion": 0,
    "forkFrom": "-",
    "isSpam": 0,
    "version": 1,
    "parentVersion": -1,
    "echartsVersion": "4.8.0",
    "versionCreateTime": "2020-06-08T06:36:49.000Z",
    "html": "",
    "externalScripts": "http://echarts.baidu.com/resource/echarts-liquidfill-latest/dist/echarts-liquidfill.min.js,https://echarts.baidu.com/resource/echarts-liquidfill-latest/dist/echarts-liquidfill.min.js",
    "updaterUID": "obd-oFgxeOImDyGaYaUVj8Ze-CeWci-ka5J",
    "theme": "",
    "layout": "",
    "viewCount": 87,
    "userName": "二***桐",
    "commentCount": 0,
    "starCount": 1,
    "isStared": 0,
    "thumbnailURL": "https://www.makeapie.com/ecg-storage/ec_gallery_thumbnail/xPyp9oUKtp.png?v=1591598209815",
    "isCustomThumbnail": 0,
    "builtinTags": [
        "category-work",
        "series-liquidFill"
    ],
    "customTags": [],
    "updaterUserName": "二***桐"
}