{
    "cid": "xwCHnXnobe",
    "authorUid": "obd-oE7g_85M3XppVRxCvYPJKsoCPCpyP4L",
    "authorUserName": "凌***e",
    "title": "分析",
    "description": "",
    "latestVersion": 2,
    "alwaysLatest": 1,
    "createTime": "2020-06-05T15:23:03.000Z",
    "lastUpdateTime": "2020-06-05T15:23:03.000Z",
    "auth": 2,
    "uid": "obd-oE7g_85M3XppVRxCvYPJKsoCPCpyP4L",
    "publishedVersion": 0,
    "forkFrom": "-",
    "isSpam": 0,
    "version": 2,
    "parentVersion": 1,
    "echartsVersion": "4.8.0",
    "versionCreateTime": "2020-06-06T06:51:11.000Z",
    "html": "",
    "externalScripts": "",
    "updaterUID": "obd-oE7g_85M3XppVRxCvYPJKsoCPCpyP4L",
    "theme": "",
    "layout": "",
    "viewCount": 125,
    "userName": "凌***e",
    "commentCount": 0,
    "starCount": 0,
    "isStared": 0,
    "thumbnailURL": "https://www.makeapie.com/ecg-storage/ec_gallery_thumbnail/xwCHnXnobe.png?v=1591426271662",
    "isCustomThumbnail": 0,
    "builtinTags": [
        "category-work",
        "grid",
        "legend",
        "series-bar",
        "tooltip"
    ],
    "customTags": [],
    "updaterUserName": "凌***e"
}