{
    "cid": "xXDdFKqzhb",
    "authorUid": "bd-2804485459",
    "authorUserName": "疯***子",
    "title": "最简单的关系图",
    "description": "",
    "latestVersion": 1,
    "alwaysLatest": 1,
    "createTime": "2020-06-05T09:24:55.000Z",
    "lastUpdateTime": "2020-06-05T09:24:55.000Z",
    "auth": 2,
    "uid": "bd-2804485459",
    "publishedVersion": 0,
    "forkFrom": "-",
    "isSpam": 0,
    "version": 1,
    "parentVersion": -1,
    "echartsVersion": "4.8.0",
    "versionCreateTime": "2020-06-05T09:24:55.000Z",
    "html": "",
    "externalScripts": "",
    "updaterUID": "bd-2804485459",
    "theme": "",
    "layout": "",
    "viewCount": 433,
    "userName": "疯***子",
    "commentCount": 0,
    "starCount": 3,
    "isStared": 0,
    "thumbnailURL": "https://www.makeapie.com/ecg-storage/ec_gallery_thumbnail/xXDdFKqzhb.png?v=1591349095929",
    "isCustomThumbnail": 0,
    "builtinTags": [
        "category-work",
        "series-graph",
        "tooltip"
    ],
    "customTags": [
        "关系图"
    ],
    "updaterUserName": "疯***子"
}