{
    "cid": "x1ePXXBCN5",
    "authorUid": "bd-1841183165",
    "authorUserName": "o***趣",
    "title": "TEST",
    "description": "",
    "latestVersion": 1,
    "alwaysLatest": 1,
    "createTime": "2020-09-29T08:28:56.000Z",
    "lastUpdateTime": "2020-09-29T08:28:56.000Z",
    "auth": 2,
    "uid": "bd-1841183165",
    "publishedVersion": 0,
    "forkFrom": "-",
    "isSpam": 0,
    "version": 1,
    "parentVersion": -1,
    "echartsVersion": "4.8.0",
    "versionCreateTime": "2020-09-29T08:28:56.000Z",
    "html": "",
    "externalScripts": "https://echarts.baidu.com/resource/echarts-gl-latest/dist/echarts-gl.min.js,/dep/echarts/map/js/china.js",
    "updaterUID": "bd-1841183165",
    "theme": "",
    "layout": "",
    "viewCount": 1828,
    "userName": "o***趣",
    "commentCount": 0,
    "starCount": 8,
    "isStared": 0,
    "thumbnailURL": "https://www.makeapie.com/ecg-storage/ec_gallery_thumbnail/x1ePXXBCN5.png?v=1601368136522",
    "isCustomThumbnail": 0,
    "builtinTags": [
        "category-work",
        "geo",
        "legend",
        "series-effectScatter",
        "series-lines",
        "title",
        "tooltip"
    ],
    "customTags": [],
    "updaterUserName": "o***趣"
}