{
    "cid": "x6jXm32kqu",
    "authorUid": "obd-oj4TOdT_q_TeSA5nXFBYEWcbkjELtDf",
    "authorUserName": "哭***人",
    "title": "11",
    "description": "",
    "latestVersion": 1,
    "alwaysLatest": 1,
    "createTime": "2020-09-29T08:33:57.000Z",
    "lastUpdateTime": "2020-09-29T08:33:57.000Z",
    "auth": 2,
    "uid": "obd-oj4TOdT_q_TeSA5nXFBYEWcbkjELtDf",
    "publishedVersion": 0,
    "forkFrom": "-",
    "isSpam": 0,
    "version": 1,
    "parentVersion": -1,
    "echartsVersion": "4.8.0",
    "versionCreateTime": "2020-09-29T08:33:57.000Z",
    "html": "",
    "externalScripts": "",
    "updaterUID": "obd-oj4TOdT_q_TeSA5nXFBYEWcbkjELtDf",
    "theme": "",
    "layout": "",
    "viewCount": 23,
    "userName": "哭***人",
    "commentCount": 0,
    "starCount": 0,
    "isStared": 0,
    "thumbnailURL": "https://www.makeapie.com/ecg-storage/ec_gallery_thumbnail/x6jXm32kqu.png?v=1601368437665",
    "isCustomThumbnail": 0,
    "builtinTags": [
        "category-work",
        "grid",
        "series-bar",
        "series-pictorialBar",
        "tooltip"
    ],
    "customTags": [],
    "updaterUserName": "哭***人"
}