{
    "cid": "x_4UtZEPwk",
    "authorUid": "obd-o2LyExlQoQYD8sm_-3sG5kWvXTqBFBe",
    "authorUserName": "k***5",
    "title": "甜美饼图",
    "description": "",
    "latestVersion": 1,
    "alwaysLatest": 1,
    "createTime": "2020-09-30T08:24:19.000Z",
    "lastUpdateTime": "2020-09-30T08:24:19.000Z",
    "auth": 2,
    "uid": "obd-o2LyExlQoQYD8sm_-3sG5kWvXTqBFBe",
    "publishedVersion": 0,
    "forkFrom": "-",
    "isSpam": 0,
    "version": 1,
    "parentVersion": -1,
    "echartsVersion": "4.8.0",
    "versionCreateTime": "2020-09-30T08:24:19.000Z",
    "html": "",
    "externalScripts": "",
    "updaterUID": "obd-o2LyExlQoQYD8sm_-3sG5kWvXTqBFBe",
    "theme": "",
    "layout": "",
    "viewCount": 111,
    "userName": "k***5",
    "commentCount": 0,
    "starCount": 1,
    "isStared": 0,
    "thumbnailURL": "https://www.makeapie.com/ecg-storage/ec_gallery_thumbnail/x_4UtZEPwk.png?v=1601454259540",
    "isCustomThumbnail": 0,
    "builtinTags": [
        "category-work",
        "legend",
        "series-pie",
        "title",
        "tooltip"
    ],
    "customTags": [],
    "updaterUserName": "k***5"
}