{
    "cid": "xBkdcWO7Iz",
    "authorUid": "bd-171648521",
    "authorUserName": "绿***绿",
    "title": "71%",
    "description": "病床使用",
    "latestVersion": 1,
    "alwaysLatest": 1,
    "createTime": "2020-09-30T01:46:36.000Z",
    "lastUpdateTime": "2020-09-30T01:46:36.000Z",
    "auth": 2,
    "uid": "bd-171648521",
    "publishedVersion": 0,
    "forkFrom": "-",
    "isSpam": 0,
    "version": 1,
    "parentVersion": -1,
    "echartsVersion": "4.8.0",
    "versionCreateTime": "2020-09-30T01:46:37.000Z",
    "html": "",
    "externalScripts": "",
    "updaterUID": "bd-171648521",
    "theme": "",
    "layout": "",
    "viewCount": 913,
    "userName": "绿***绿",
    "commentCount": 0,
    "starCount": 8,
    "isStared": 0,
    "thumbnailURL": "https://www.makeapie.com/ecg-storage/ec_gallery_thumbnail/xBkdcWO7Iz.png?v=1601430397122",
    "isCustomThumbnail": 0,
    "builtinTags": [
        "category-work",
        "grid",
        "series-bar",
        "series-pie",
        "title"
    ],
    "customTags": [],
    "updaterUserName": "绿***绿"
}