{
    "cid": "xD6ttBHZlt",
    "authorUid": "bd-171648521",
    "authorUserName": "绿***绿",
    "title": "12h进出流量",
    "description": "line",
    "latestVersion": 5,
    "alwaysLatest": 1,
    "createTime": "2020-09-28T09:26:22.000Z",
    "lastUpdateTime": "2020-09-28T09:26:22.000Z",
    "auth": 2,
    "uid": "bd-171648521",
    "publishedVersion": 0,
    "forkFrom": "-",
    "isSpam": 0,
    "version": 5,
    "parentVersion": 4,
    "echartsVersion": "4.8.0",
    "versionCreateTime": "2020-09-29T02:27:23.000Z",
    "html": "",
    "externalScripts": "",
    "updaterUID": "bd-171648521",
    "theme": "",
    "layout": "",
    "viewCount": 157,
    "userName": "绿***绿",
    "commentCount": 0,
    "starCount": 1,
    "isStared": 0,
    "thumbnailURL": "https://www.makeapie.com/ecg-storage/ec_gallery_thumbnail/xD6ttBHZlt.png?v=1601346443502",
    "isCustomThumbnail": 0,
    "builtinTags": [
        "category-work",
        "grid",
        "legend",
        "series-line",
        "title",
        "tooltip"
    ],
    "customTags": [],
    "updaterUserName": "绿***绿"
}