{
    "cid": "xej2Ueaghz",
    "authorUid": "bd-3724974333",
    "authorUserName": "m***3",
    "title": "渐变柱状+线性图",
    "description": "渐变柱状+线性图",
    "latestVersion": 1,
    "alwaysLatest": 1,
    "createTime": "2020-09-29T07:47:55.000Z",
    "lastUpdateTime": "2020-09-29T07:47:55.000Z",
    "auth": 2,
    "uid": "bd-3724974333",
    "publishedVersion": 0,
    "forkFrom": "-",
    "isSpam": 0,
    "version": 1,
    "parentVersion": -1,
    "echartsVersion": "4.8.0",
    "versionCreateTime": "2020-09-29T07:47:55.000Z",
    "html": "",
    "externalScripts": "",
    "updaterUID": "bd-3724974333",
    "theme": "",
    "layout": "",
    "viewCount": 173,
    "userName": "m***3",
    "commentCount": 0,
    "starCount": 1,
    "isStared": 0,
    "thumbnailURL": "https://www.makeapie.com/ecg-storage/ec_gallery_thumbnail/xej2Ueaghz.png?v=1601365675219",
    "isCustomThumbnail": 0,
    "builtinTags": [
        "category-work",
        "grid",
        "legend",
        "series-bar",
        "series-line",
        "tooltip"
    ],
    "customTags": [],
    "updaterUserName": "m***3"
}