{
    "cid": "xeNUiabDjo",
    "authorUid": "bd-606632565",
    "authorUserName": "熐***L",
    "title": "mult-pie",
    "description": "多个饼图，自动居中显示",
    "latestVersion": 5,
    "alwaysLatest": 1,
    "createTime": "2020-09-29T01:58:48.000Z",
    "lastUpdateTime": "2020-09-29T01:58:48.000Z",
    "auth": 2,
    "uid": "bd-606632565",
    "publishedVersion": 0,
    "forkFrom": "-",
    "isSpam": 0,
    "version": 5,
    "parentVersion": 4,
    "echartsVersion": "4.8.0",
    "versionCreateTime": "2021-01-03T08:56:29.000Z",
    "html": "",
    "externalScripts": "",
    "updaterUID": "bd-606632565",
    "theme": "",
    "layout": "",
    "viewCount": 77,
    "userName": "熐***L",
    "commentCount": 0,
    "starCount": 1,
    "isStared": 0,
    "thumbnailURL": "https://www.makeapie.com/ecg-storage/ec_gallery_thumbnail/xeNUiabDjo.png?v=1609664189381",
    "isCustomThumbnail": 0,
    "builtinTags": [
        "category-work",
        "series-pie",
        "title"
    ],
    "customTags": [],
    "updaterUserName": "熐***L"
}