{
    "cid": "xgoax_GWY1",
    "authorUid": "obd-oNY2FYjc9LV9V8G-mzdpPmI8FemWxCK",
    "authorUserName": "X***2",
    "title": "组织结构图",
    "description": "组织结构图",
    "latestVersion": 3,
    "alwaysLatest": 1,
    "createTime": "2020-09-29T07:58:38.000Z",
    "lastUpdateTime": "2020-09-29T07:58:38.000Z",
    "auth": 2,
    "uid": "obd-oNY2FYjc9LV9V8G-mzdpPmI8FemWxCK",
    "publishedVersion": 0,
    "forkFrom": "-",
    "isSpam": 0,
    "version": 3,
    "parentVersion": 2,
    "echartsVersion": "4.8.0",
    "versionCreateTime": "2020-10-21T02:15:36.000Z",
    "html": "",
    "externalScripts": "https://cdn.jsdelivr.net/npm/lodash@4.17.20/lodash.min.js",
    "updaterUID": "obd-oNY2FYjc9LV9V8G-mzdpPmI8FemWxCK",
    "theme": "",
    "layout": "",
    "viewCount": 1800,
    "userName": "X***2",
    "commentCount": 0,
    "starCount": 8,
    "isStared": 0,
    "thumbnailURL": "https://www.makeapie.com/ecg-storage/ec_gallery_thumbnail/xgoax_GWY1.png?v=1603246536277",
    "isCustomThumbnail": 0,
    "builtinTags": [
        "category-work",
        "grid",
        "series-graph",
        "series-lines",
        "tooltip"
    ],
    "customTags": [
        "关系图",
        "拓扑图",
        "组织结构图"
    ],
    "updaterUserName": "X***2"
}