{
    "cid": "xOXk_3r6ph",
    "authorUid": "bd-3644598133",
    "authorUserName": "i***简",
    "title": "柱状图-象形",
    "description": "",
    "latestVersion": 2,
    "alwaysLatest": 1,
    "createTime": "2020-09-29T07:01:07.000Z",
    "lastUpdateTime": "2020-09-29T07:01:07.000Z",
    "auth": 2,
    "uid": "bd-3644598133",
    "publishedVersion": 0,
    "forkFrom": "-",
    "isSpam": 0,
    "version": 2,
    "parentVersion": 1,
    "echartsVersion": "4.8.0",
    "versionCreateTime": "2020-09-29T07:30:38.000Z",
    "html": "",
    "externalScripts": "",
    "updaterUID": "bd-3644598133",
    "theme": "",
    "layout": "",
    "viewCount": 35,
    "userName": "i***简",
    "commentCount": 0,
    "starCount": 2,
    "isStared": 0,
    "thumbnailURL": "https://www.makeapie.com/ecg-storage/ec_gallery_thumbnail/xOXk_3r6ph.png?v=1601362868189",
    "isCustomThumbnail": 1,
    "builtinTags": [
        "category-work",
        "dataset",
        "grid",
        "series-pictorialBar",
        "title",
        "tooltip"
    ],
    "customTags": [],
    "updaterUserName": "i***简"
}