{
    "cid": "xRGgrUc4-T",
    "authorUid": "obd-o0EPBBv8bQ79FuJhlm95WKyAf-H2SFu",
    "authorUserName": "m***8",
    "title": "传输链路图",
    "description": "",
    "latestVersion": 23,
    "alwaysLatest": 1,
    "createTime": "2020-09-30T05:34:03.000Z",
    "lastUpdateTime": "2020-09-30T05:34:03.000Z",
    "auth": 2,
    "uid": "obd-o0EPBBv8bQ79FuJhlm95WKyAf-H2SFu",
    "publishedVersion": 0,
    "forkFrom": "-",
    "isSpam": 0,
    "version": 23,
    "parentVersion": 22,
    "echartsVersion": "4.8.0",
    "versionCreateTime": "2020-09-30T09:47:18.000Z",
    "html": "",
    "externalScripts": "",
    "updaterUID": "obd-o0EPBBv8bQ79FuJhlm95WKyAf-H2SFu",
    "theme": "",
    "layout": "",
    "viewCount": 379,
    "userName": "m***8",
    "commentCount": 0,
    "starCount": 1,
    "isStared": 0,
    "thumbnailURL": "https://www.makeapie.com/ecg-storage/ec_gallery_thumbnail/xRGgrUc4-T.png?v=1601459238332",
    "isCustomThumbnail": 0,
    "builtinTags": [
        "category-work",
        "grid",
        "series-graph",
        "title"
    ],
    "customTags": [],
    "updaterUserName": "m***8"
}