{
    "cid": "xS8Sey6gJn",
    "authorUid": "bd-1317155940",
    "authorUserName": "雪***0",
    "title": "对称柱状图",
    "description": "",
    "latestVersion": 2,
    "alwaysLatest": 1,
    "createTime": "2020-09-30T02:53:24.000Z",
    "lastUpdateTime": "2020-09-30T02:53:24.000Z",
    "auth": 2,
    "uid": "bd-1317155940",
    "publishedVersion": 0,
    "forkFrom": "-",
    "isSpam": 0,
    "version": 2,
    "parentVersion": 1,
    "echartsVersion": "4.8.0",
    "versionCreateTime": "2020-09-30T02:55:55.000Z",
    "html": "",
    "externalScripts": "https://cdn.rawgit.com/ecomfe/echarts-wordcloud/833ed011/dist/echarts-wordcloud.min.js",
    "updaterUID": "bd-1317155940",
    "theme": "",
    "layout": "",
    "viewCount": 124,
    "userName": "雪***0",
    "commentCount": 0,
    "starCount": 4,
    "isStared": 0,
    "thumbnailURL": "https://www.makeapie.com/ecg-storage/ec_gallery_thumbnail/xS8Sey6gJn.png?v=1601434555693",
    "isCustomThumbnail": 0,
    "builtinTags": [
        "category-work",
        "grid",
        "legend",
        "series-bar",
        "title",
        "tooltip"
    ],
    "customTags": [],
    "updaterUserName": "雪***0"
}