{
    "cid": "xzg_DwrZLZ",
    "authorUid": "bd-3560695082",
    "authorUserName": "射***士",
    "title": "重叠竖状柱图",
    "description": "自定义legend的重叠竖状柱图",
    "latestVersion": 1,
    "alwaysLatest": 1,
    "createTime": "2020-09-28T09:54:45.000Z",
    "lastUpdateTime": "2020-09-28T09:54:45.000Z",
    "auth": 2,
    "uid": "bd-3560695082",
    "publishedVersion": 0,
    "forkFrom": "-",
    "isSpam": 0,
    "version": 1,
    "parentVersion": -1,
    "echartsVersion": "4.8.0",
    "versionCreateTime": "2020-09-28T09:54:45.000Z",
    "html": "",
    "externalScripts": "",
    "updaterUID": "bd-3560695082",
    "theme": "",
    "layout": "",
    "viewCount": 132,
    "userName": "射***士",
    "commentCount": 0,
    "starCount": 1,
    "isStared": 0,
    "thumbnailURL": "https://www.makeapie.com/ecg-storage/ec_gallery_thumbnail/xzg_DwrZLZ.png?v=1601286885233",
    "isCustomThumbnail": 0,
    "builtinTags": [
        "category-work",
        "grid",
        "legend",
        "series-bar",
        "tooltip"
    ],
    "customTags": [],
    "updaterUserName": "射***士"
}