{
    "cid": "xe75WIU1IW",
    "authorUid": "bd-6442928284",
    "authorUserName": "流***r",
    "title": "quan-infinity-简单粗暴",
    "description": "赚够市场每一分钱，采集到所有的买卖点",
    "latestVersion": 1,
    "alwaysLatest": 0,
    "createTime": "2021-06-25T15:56:48.000Z",
    "lastUpdateTime": "2021-06-25T15:56:48.000Z",
    "auth": 2,
    "uid": "bd-6442928284",
    "publishedVersion": 0,
    "forkFrom": "-",
    "isSpam": 0,
    "version": 1,
    "parentVersion": -1,
    "echartsVersion": "5.1.2",
    "versionCreateTime": "2021-06-25T15:56:48.000Z",
    "html": "",
    "externalScripts": "",
    "updaterUID": "bd-6442928284",
    "theme": "",
    "layout": "",
    "viewCount": 0,
    "userName": "流***r",
    "commentCount": 0,
    "starCount": 3,
    "isStared": 0,
    "thumbnailURL": "https://www.makeapie.com/ecg-storage/ec_gallery_thumbnail/xe75WIU1IW.png?v=1624636608828",
    "isCustomThumbnail": 0,
    "builtinTags": [
        "category-work",
        "dataZoom",
        "grid",
        "markPoint",
        "series-line",
        "title",
        "toolbox",
        "tooltip"
    ],
    "customTags": [
        "line",
        "quan",
        "无限交易次数",
        "最多交易次数"
    ],
    "updaterUserName": "流***r"
}