{
    "cid": "xkHj7bG4r4",
    "authorUid": "obd-o2cqV92rlgf822vt8svdzfMTLp8LD6M",
    "authorUserName": "允***渊",
    "title": "圆环",
    "description": "",
    "latestVersion": 1,
    "alwaysLatest": 0,
    "createTime": "2021-06-28T09:45:58.000Z",
    "lastUpdateTime": "2021-06-28T09:45:58.000Z",
    "auth": 2,
    "uid": "obd-o2cqV92rlgf822vt8svdzfMTLp8LD6M",
    "publishedVersion": 0,
    "forkFrom": "-",
    "isSpam": 0,
    "version": 1,
    "parentVersion": -1,
    "echartsVersion": "5.1.2",
    "versionCreateTime": "2021-06-28T09:45:58.000Z",
    "html": "",
    "externalScripts": "",
    "updaterUID": "obd-o2cqV92rlgf822vt8svdzfMTLp8LD6M",
    "theme": "",
    "layout": "",
    "viewCount": 0,
    "userName": "允***渊",
    "commentCount": 0,
    "starCount": 1,
    "isStared": 0,
    "thumbnailURL": "https://www.makeapie.com/ecg-storage/ec_gallery_thumbnail/xkHj7bG4r4.png?v=1624873558982",
    "isCustomThumbnail": 0,
    "builtinTags": [
        "category-work",
        "series-pie"
    ],
    "customTags": [],
    "updaterUserName": "允***渊"
}