{
    "cid": "xLcG1ZDqG0",
    "authorUid": "obd-oCTcZA1KnngnKz4y_XCaSphwyWwA43G",
    "authorUserName": "A***C",
    "title": "折现图",
    "description": "",
    "latestVersion": 2,
    "alwaysLatest": 0,
    "createTime": "2021-06-29T03:50:16.000Z",
    "lastUpdateTime": "2021-06-29T07:30:16.000Z",
    "auth": 2,
    "uid": "obd-oCTcZA1KnngnKz4y_XCaSphwyWwA43G",
    "publishedVersion": 0,
    "forkFrom": "-",
    "isSpam": 0,
    "version": 2,
    "parentVersion": 1,
    "echartsVersion": "5.1.2",
    "versionCreateTime": "2021-06-29T07:30:16.000Z",
    "html": "",
    "externalScripts": "",
    "updaterUID": "obd-oCTcZA1KnngnKz4y_XCaSphwyWwA43G",
    "theme": "",
    "layout": "",
    "viewCount": 0,
    "userName": "A***C",
    "commentCount": 0,
    "starCount": 1,
    "isStared": 0,
    "thumbnailURL": "https://www.makeapie.com/ecg-storage/ec_gallery_thumbnail/xLcG1ZDqG0.png?v=1624951816344",
    "isCustomThumbnail": 0,
    "builtinTags": [
        "category-work",
        "grid",
        "legend",
        "series-line",
        "tooltip"
    ],
    "customTags": [],
    "updaterUserName": "A***C"
}