{
    "cid": "xlGjonW6o8",
    "authorUid": "obd-o0eqaUGOMWWAIbLp5CTC2jOkS7HgwFX",
    "authorUserName": "敬***哥",
    "title": "刘新书",
    "description": "刘新书",
    "latestVersion": 4,
    "alwaysLatest": 0,
    "createTime": "2021-06-28T07:02:43.000Z",
    "lastUpdateTime": "2021-06-28T07:11:54.000Z",
    "auth": 1,
    "uid": "obd-o0eqaUGOMWWAIbLp5CTC2jOkS7HgwFX",
    "publishedVersion": 0,
    "forkFrom": "-",
    "isSpam": 0,
    "version": 4,
    "parentVersion": 3,
    "echartsVersion": "5.1.2",
    "versionCreateTime": "2021-06-28T07:11:55.000Z",
    "html": "",
    "externalScripts": "",
    "updaterUID": "obd-o0eqaUGOMWWAIbLp5CTC2jOkS7HgwFX",
    "theme": "",
    "layout": "",
    "viewCount": 0,
    "userName": "敬***哥",
    "commentCount": 0,
    "starCount": 0,
    "isStared": 0,
    "thumbnailURL": "https://www.makeapie.com/ecg-storage/ec_gallery_thumbnail/xlGjonW6o8.png?v=1624864315124",
    "isCustomThumbnail": 0,
    "builtinTags": [
        "category-work",
        "grid",
        "series-bar",
        "title"
    ],
    "customTags": [],
    "updaterUserName": "敬***哥"
}