{
    "cid": "xObB4Kbgog",
    "authorUid": "obd-oNrF49s1TQu3mDmHhnt96xmGFxk3oCH",
    "authorUserName": "我***乞",
    "title": "基础平滑折线图",
    "description": "",
    "latestVersion": 3,
    "alwaysLatest": 0,
    "createTime": "2021-06-28T02:16:10.000Z",
    "lastUpdateTime": "2021-06-28T02:40:45.000Z",
    "auth": 2,
    "uid": "obd-oNrF49s1TQu3mDmHhnt96xmGFxk3oCH",
    "publishedVersion": 0,
    "forkFrom": "-",
    "isSpam": 0,
    "version": 3,
    "parentVersion": 2,
    "echartsVersion": "5.1.2",
    "versionCreateTime": "2021-06-28T02:40:45.000Z",
    "html": "",
    "externalScripts": "",
    "updaterUID": "obd-oNrF49s1TQu3mDmHhnt96xmGFxk3oCH",
    "theme": "",
    "layout": "",
    "viewCount": 0,
    "userName": "我***乞",
    "commentCount": 0,
    "starCount": 3,
    "isStared": 0,
    "thumbnailURL": "https://www.makeapie.com/ecg-storage/ec_gallery_thumbnail/xObB4Kbgog.png?v=1624848045698",
    "isCustomThumbnail": 0,
    "builtinTags": [
        "category-work",
        "grid",
        "series-line"
    ],
    "customTags": [],
    "updaterUserName": "我***乞"
}