{
    "cid": "xPkFxZmx7Q",
    "authorUid": "obd-o2PaKDetc26H-WUqXdaK2JFx4rVRo6W",
    "authorUserName": "小***肉",
    "title": "柱形",
    "description": "",
    "latestVersion": 1,
    "alwaysLatest": 0,
    "createTime": "2021-06-29T05:39:06.000Z",
    "lastUpdateTime": "2021-06-29T05:39:06.000Z",
    "auth": 2,
    "uid": "obd-o2PaKDetc26H-WUqXdaK2JFx4rVRo6W",
    "publishedVersion": 0,
    "forkFrom": "-",
    "isSpam": 0,
    "version": 1,
    "parentVersion": -1,
    "echartsVersion": "5.1.2",
    "versionCreateTime": "2021-06-29T05:39:06.000Z",
    "html": "",
    "externalScripts": "",
    "updaterUID": "obd-o2PaKDetc26H-WUqXdaK2JFx4rVRo6W",
    "theme": "",
    "layout": "",
    "viewCount": 0,
    "userName": "小***肉",
    "commentCount": 0,
    "starCount": 0,
    "isStared": 0,
    "thumbnailURL": "https://www.makeapie.com/ecg-storage/ec_gallery_thumbnail/xPkFxZmx7Q.png?v=1624945146556",
    "isCustomThumbnail": 0,
    "builtinTags": [
        "category-work",
        "grid",
        "series-bar",
        "title",
        "tooltip"
    ],
    "customTags": [],
    "updaterUserName": "小***肉"
}