{
    "cid": "xQ6wGfW3bi",
    "authorUid": "obd-ot7AvX8YQxCBeV4ZnKNLKUNtCflx88v",
    "authorUserName": "槐***调",
    "title": "1984-",
    "description": "",
    "latestVersion": 2,
    "alwaysLatest": 0,
    "createTime": "2021-06-28T15:09:30.000Z",
    "lastUpdateTime": "2021-06-30T02:15:20.000Z",
    "auth": 2,
    "uid": "obd-ot7AvX8YQxCBeV4ZnKNLKUNtCflx88v",
    "publishedVersion": 0,
    "forkFrom": "-",
    "isSpam": 0,
    "version": 2,
    "parentVersion": 1,
    "echartsVersion": "5.1.2",
    "versionCreateTime": "2021-06-30T02:15:20.000Z",
    "html": "",
    "externalScripts": "/dep/echarts/map/js/world.js",
    "updaterUID": "obd-ot7AvX8YQxCBeV4ZnKNLKUNtCflx88v",
    "theme": "",
    "layout": "",
    "viewCount": 0,
    "userName": "槐***调",
    "commentCount": 0,
    "starCount": 2,
    "isStared": 0,
    "thumbnailURL": "https://www.makeapie.com/ecg-storage/ec_gallery_thumbnail/xQ6wGfW3bi.png?v=1625019321166",
    "isCustomThumbnail": 0,
    "builtinTags": [
        "category-work",
        "series-map",
        "timeline",
        "tooltip",
        "visualMap"
    ],
    "customTags": [],
    "updaterUserName": "槐***调"
}