{
    "cid": "xsnxSqgi0n",
    "authorUid": "obd-oA0gKX2xnB8Luu3k0kaqbiPx5QYa778",
    "authorUserName": "R***y",
    "title": "折线图3",
    "description": "",
    "latestVersion": 1,
    "alwaysLatest": 0,
    "createTime": "2021-06-25T08:33:43.000Z",
    "lastUpdateTime": "2021-06-25T08:33:43.000Z",
    "auth": 2,
    "uid": "obd-oA0gKX2xnB8Luu3k0kaqbiPx5QYa778",
    "publishedVersion": 0,
    "forkFrom": "-",
    "isSpam": 0,
    "version": 1,
    "parentVersion": -1,
    "echartsVersion": "5.1.2",
    "versionCreateTime": "2021-06-25T08:33:43.000Z",
    "html": "",
    "externalScripts": "",
    "updaterUID": "obd-oA0gKX2xnB8Luu3k0kaqbiPx5QYa778",
    "theme": "",
    "layout": "",
    "viewCount": 0,
    "userName": "R***y",
    "commentCount": 0,
    "starCount": 1,
    "isStared": 0,
    "thumbnailURL": "https://www.makeapie.com/ecg-storage/ec_gallery_thumbnail/xsnxSqgi0n.png?v=1624610023290",
    "isCustomThumbnail": 0,
    "builtinTags": [
        "category-work",
        "grid",
        "series-line",
        "tooltip"
    ],
    "customTags": [],
    "updaterUserName": "R***y"
}