{
    "cid": "xxBp1cfOQ2",
    "authorUid": "obd-oCTcZA1KnngnKz4y_XCaSphwyWwA43G",
    "authorUserName": "A***C",
    "title": "饼状图",
    "description": "",
    "latestVersion": 1,
    "alwaysLatest": 0,
    "createTime": "2021-06-28T08:00:46.000Z",
    "lastUpdateTime": "2021-06-28T08:00:46.000Z",
    "auth": 2,
    "uid": "obd-oCTcZA1KnngnKz4y_XCaSphwyWwA43G",
    "publishedVersion": 0,
    "forkFrom": "-",
    "isSpam": 0,
    "version": 1,
    "parentVersion": -1,
    "echartsVersion": "5.1.2",
    "versionCreateTime": "2021-06-28T08:00:46.000Z",
    "html": "",
    "externalScripts": "",
    "updaterUID": "obd-oCTcZA1KnngnKz4y_XCaSphwyWwA43G",
    "theme": "",
    "layout": "",
    "viewCount": 0,
    "userName": "A***C",
    "commentCount": 0,
    "starCount": 1,
    "isStared": 0,
    "thumbnailURL": "https://www.makeapie.com/ecg-storage/ec_gallery_thumbnail/xxBp1cfOQ2.png?v=1624867246538",
    "isCustomThumbnail": 0,
    "builtinTags": [
        "category-work",
        "legend",
        "series-pie",
        "tooltip"
    ],
    "customTags": [],
    "updaterUserName": "A***C"
}