{
    "cid": "xZbPxhqG2y",
    "authorUid": "bd-1627449234",
    "authorUserName": "l***w",
    "title": "条形图",
    "description": "",
    "latestVersion": 1,
    "alwaysLatest": 0,
    "createTime": "2021-06-28T14:56:15.000Z",
    "lastUpdateTime": "2021-06-28T14:56:15.000Z",
    "auth": 2,
    "uid": "bd-1627449234",
    "publishedVersion": 0,
    "forkFrom": "-",
    "isSpam": 0,
    "version": 1,
    "parentVersion": -1,
    "echartsVersion": "5.1.2",
    "versionCreateTime": "2021-06-28T14:56:15.000Z",
    "html": "",
    "externalScripts": "",
    "updaterUID": "bd-1627449234",
    "theme": "",
    "layout": "",
    "viewCount": 0,
    "userName": "l***w",
    "commentCount": 0,
    "starCount": 2,
    "isStared": 0,
    "thumbnailURL": "https://www.makeapie.com/ecg-storage/ec_gallery_thumbnail/xZbPxhqG2y.png?v=1624892175771",
    "isCustomThumbnail": 0,
    "builtinTags": [
        "category-work",
        "dataZoom",
        "grid",
        "legend",
        "series-bar",
        "tooltip"
    ],
    "customTags": [],
    "updaterUserName": "l***w"
}