{
    "cid": "x0XuD9yQoz",
    "authorUid": "bd-1033638345",
    "authorUserName": "s***O",
    "title": "pie",
    "description": "",
    "latestVersion": 9,
    "alwaysLatest": 1,
    "createTime": "2019-01-09T10:49:42.000Z",
    "lastUpdateTime": "2019-01-09T10:49:42.000Z",
    "auth": 1,
    "uid": "bd-1033638345",
    "publishedVersion": 0,
    "forkFrom": "-",
    "isSpam": 0,
    "version": 9,
    "parentVersion": 8,
    "echartsVersion": "4.2.0",
    "versionCreateTime": "2019-01-11T08:54:06.000Z",
    "html": "",
    "externalScripts": "",
    "updaterUID": "bd-2341513011",
    "theme": "",
    "layout": "",
    "viewCount": 1714,
    "userName": "s***O",
    "commentCount": 0,
    "starCount": 3,
    "isStared": 0,
    "thumbnailURL": "https://www.makeapie.com/ecg-storage/ec_gallery_thumbnail/x0XuD9yQoz.png?v=1547196846794",
    "isCustomThumbnail": 0,
    "builtinTags": [
        "category-work",
        "legend",
        "series-pie"
    ],
    "customTags": [],
    "updaterUserName": "k***雪"
}