{
    "cid": "xGQCGAaROc",
    "authorUid": "bd-2049943655",
    "authorUserName": "N***u",
    "title": "人员关系情况",
    "description": "",
    "latestVersion": 1,
    "alwaysLatest": 1,
    "createTime": "2019-01-14T05:32:20.000Z",
    "lastUpdateTime": "2019-01-14T05:32:20.000Z",
    "auth": 1,
    "uid": "bd-2049943655",
    "publishedVersion": 0,
    "forkFrom": "-",
    "isSpam": 0,
    "version": 1,
    "parentVersion": -1,
    "echartsVersion": "4.2.0",
    "versionCreateTime": "2019-01-14T05:32:20.000Z",
    "html": "",
    "externalScripts": "",
    "updaterUID": "bd-2049943655",
    "theme": "",
    "layout": "",
    "viewCount": 2231,
    "userName": "N***u",
    "commentCount": 0,
    "starCount": 4,
    "isStared": 0,
    "thumbnailURL": "https://www.makeapie.com/ecg-storage/ec_gallery_thumbnail/xGQCGAaROc.png?v=1547443940261",
    "isCustomThumbnail": 0,
    "builtinTags": [
        "category-work",
        "series-graph",
        "timeline",
        "title"
    ],
    "customTags": [],
    "updaterUserName": "N***u"
}