{
    "cid": "xO2VlOQ5h-",
    "authorUid": "bd-2049943655",
    "authorUserName": "N***u",
    "title": "**省年龄段就诊人次",
    "description": "",
    "latestVersion": 2,
    "alwaysLatest": 1,
    "createTime": "2019-01-14T08:40:11.000Z",
    "lastUpdateTime": "2019-01-14T08:40:11.000Z",
    "auth": 1,
    "uid": "bd-2049943655",
    "publishedVersion": 0,
    "forkFrom": "-",
    "isSpam": 0,
    "version": 2,
    "parentVersion": 1,
    "echartsVersion": "4.9.0",
    "versionCreateTime": "2021-06-23T09:05:40.000Z",
    "html": "",
    "externalScripts": "",
    "updaterUID": "obd-o28dk-X4kiYju4x-CKEB4DkiQPyzhBo",
    "theme": "",
    "layout": "",
    "viewCount": 496,
    "userName": "N***u",
    "commentCount": 0,
    "starCount": 3,
    "isStared": 0,
    "thumbnailURL": "https://www.makeapie.com/ecg-storage/ec_gallery_thumbnail/xO2VlOQ5h-.png?v=1624439141004",
    "isCustomThumbnail": 0,
    "builtinTags": [
        "category-work",
        "legend",
        "radar",
        "series-radar",
        "title",
        "tooltip"
    ],
    "customTags": [],
    "updaterUserName": "代***7"
}