{
    "cid": "xOW6LTducq",
    "authorUid": "bd-4247900075",
    "authorUserName": "w***s",
    "title": "动画",
    "description": "pie有规律变换动画",
    "latestVersion": 1,
    "alwaysLatest": 1,
    "createTime": "2019-01-10T09:41:11.000Z",
    "lastUpdateTime": "2019-01-10T09:41:11.000Z",
    "auth": 2,
    "uid": "bd-4247900075",
    "publishedVersion": 0,
    "forkFrom": "-",
    "isSpam": 0,
    "version": 1,
    "parentVersion": -1,
    "echartsVersion": "4.2.0",
    "versionCreateTime": "2019-01-10T09:41:11.000Z",
    "html": "",
    "externalScripts": "",
    "updaterUID": "bd-4247900075",
    "theme": "",
    "layout": "",
    "viewCount": 264,
    "userName": "w***s",
    "commentCount": 0,
    "starCount": 2,
    "isStared": 0,
    "thumbnailURL": "https://www.makeapie.com/ecg-storage/ec_gallery_thumbnail/xOW6LTducq.png?v=1547113271508",
    "isCustomThumbnail": 0,
    "builtinTags": [
        "category-work",
        "series-pie",
        "title"
    ],
    "customTags": [],
    "updaterUserName": "w***s"
}