{
    "cid": "xQhUXRyE0p",
    "authorUid": "bd-3558112929",
    "authorUserName": "我就爱语文",
    "title": "观众流入流出规模图",
    "description": "",
    "latestVersion": 1,
    "alwaysLatest": 1,
    "createTime": "2019-01-09T20:42:49.000Z",
    "lastUpdateTime": "2019-01-09T20:42:49.000Z",
    "auth": 2,
    "uid": "bd-3558112929",
    "publishedVersion": 0,
    "forkFrom": "-",
    "isSpam": 0,
    "version": 1,
    "parentVersion": -1,
    "echartsVersion": "4.2.0",
    "versionCreateTime": "2019-01-09T20:42:49.000Z",
    "html": "",
    "externalScripts": "",
    "updaterUID": "bd-3558112929",
    "theme": "",
    "layout": "",
    "viewCount": 345,
    "userName": "我就爱语文",
    "commentCount": 0,
    "starCount": 0,
    "isStared": 0,
    "thumbnailURL": "https://www.makeapie.com/ecg-storage/ec_gallery_thumbnail/xQhUXRyE0p.png?v=1547066569414",
    "isCustomThumbnail": 0,
    "builtinTags": [
        "category-work",
        "dataZoom",
        "grid",
        "legend",
        "series-line",
        "title",
        "toolbox",
        "tooltip",
        "visualMap"
    ],
    "customTags": [],
    "updaterUserName": "我就爱语文"
}