{
    "cid": "xqNxcncWv5",
    "authorUid": "bd-2956842748",
    "authorUserName": "天使第一二",
    "title": "车流量当月统计",
    "description": "",
    "latestVersion": 22,
    "alwaysLatest": 1,
    "createTime": "2019-01-14T07:34:35.000Z",
    "lastUpdateTime": "2019-01-14T07:34:35.000Z",
    "auth": 2,
    "uid": "bd-2956842748",
    "publishedVersion": 0,
    "forkFrom": "-",
    "isSpam": 0,
    "version": 22,
    "parentVersion": 21,
    "echartsVersion": "4.2.0",
    "versionCreateTime": "2019-01-16T08:21:23.000Z",
    "html": "",
    "externalScripts": "",
    "updaterUID": "bd-2956842748",
    "theme": "",
    "layout": "",
    "viewCount": 75,
    "userName": "天使第一二",
    "commentCount": 0,
    "starCount": 1,
    "isStared": 0,
    "thumbnailURL": "https://www.makeapie.com/ecg-storage/ec_gallery_thumbnail/xqNxcncWv5.png?v=1547626884005",
    "isCustomThumbnail": 0,
    "builtinTags": [
        "category-work",
        "grid",
        "legend",
        "markPoint",
        "series-bar",
        "series-line",
        "tooltip"
    ],
    "customTags": [],
    "updaterUserName": "天使第一二"
}