{
    "cid": "xRTx-nWZI1",
    "authorUid": "bd-1033638345",
    "authorUserName": "s***O",
    "title": "pm-line",
    "description": "",
    "latestVersion": 3,
    "alwaysLatest": 1,
    "createTime": "2019-01-10T07:39:44.000Z",
    "lastUpdateTime": "2019-01-10T07:39:44.000Z",
    "auth": 1,
    "uid": "bd-1033638345",
    "publishedVersion": 0,
    "forkFrom": "-",
    "isSpam": 0,
    "version": 3,
    "parentVersion": 2,
    "echartsVersion": "4.2.0",
    "versionCreateTime": "2019-01-10T09:33:45.000Z",
    "html": "",
    "externalScripts": "",
    "updaterUID": "bd-1033638345",
    "theme": "",
    "layout": "",
    "viewCount": 31,
    "userName": "s***O",
    "commentCount": 0,
    "starCount": 1,
    "isStared": 0,
    "thumbnailURL": "https://www.makeapie.com/ecg-storage/ec_gallery_thumbnail/xRTx-nWZI1.png?v=1547112825973",
    "isCustomThumbnail": 0,
    "builtinTags": [
        "category-work",
        "grid",
        "legend",
        "series-line",
        "tooltip"
    ],
    "customTags": [],
    "updaterUserName": "s***O"
}