{
    "cid": "xT6CdYBc1H",
    "authorUid": "bd-1033638345",
    "authorUserName": "s***O",
    "title": "两个y轴",
    "description": "",
    "latestVersion": 9,
    "alwaysLatest": 1,
    "createTime": "2019-01-10T06:26:03.000Z",
    "lastUpdateTime": "2019-01-10T06:26:03.000Z",
    "auth": 1,
    "uid": "bd-1033638345",
    "publishedVersion": 0,
    "forkFrom": "-",
    "isSpam": 0,
    "version": 9,
    "parentVersion": 8,
    "echartsVersion": "4.2.0",
    "versionCreateTime": "2019-01-10T09:31:08.000Z",
    "html": "",
    "externalScripts": "",
    "updaterUID": "bd-1033638345",
    "theme": "",
    "layout": "",
    "viewCount": 53,
    "userName": "s***O",
    "commentCount": 0,
    "starCount": 0,
    "isStared": 0,
    "thumbnailURL": "https://www.makeapie.com/ecg-storage/ec_gallery_thumbnail/xT6CdYBc1H.png?v=1547112668764",
    "isCustomThumbnail": 0,
    "builtinTags": [
        "category-work",
        "grid",
        "legend",
        "series-bar",
        "series-line",
        "tooltip"
    ],
    "customTags": [],
    "updaterUserName": "s***O"
}