{
    "cid": "xtdSrsXbgf",
    "authorUid": "bd-1895925720",
    "authorUserName": "心***阔",
    "title": "时间轴--全国宏观经济指标",
    "description": "数据来自国家统计局",
    "latestVersion": 5,
    "alwaysLatest": 1,
    "createTime": "2019-01-10T02:28:48.000Z",
    "lastUpdateTime": "2019-01-10T02:28:48.000Z",
    "auth": 1,
    "uid": "bd-1895925720",
    "publishedVersion": 0,
    "forkFrom": "-",
    "isSpam": 0,
    "version": 5,
    "parentVersion": 4,
    "echartsVersion": "4.8.0",
    "versionCreateTime": "2020-12-07T10:02:44.000Z",
    "html": "",
    "externalScripts": "",
    "updaterUID": "obd-oNYDa2IM_jTkYGgSo977Jt6wooiQTC5",
    "theme": "",
    "layout": "",
    "viewCount": 274,
    "userName": "心***阔",
    "commentCount": 0,
    "starCount": 2,
    "isStared": 0,
    "thumbnailURL": "https://www.makeapie.com/ecg-storage/ec_gallery_thumbnail/xtdSrsXbgf.png?v=1607335364348",
    "isCustomThumbnail": 0,
    "builtinTags": [
        "category-work",
        "grid",
        "legend",
        "markLine",
        "series-bar",
        "timeline",
        "title",
        "toolbox",
        "tooltip"
    ],
    "customTags": [],
    "updaterUserName": "159*****035"
}