{
    "cid": "xyVHf1fnu3",
    "authorUid": "bd-2049943655",
    "authorUserName": "N***u",
    "title": "统筹区就诊人次分布占比",
    "description": "",
    "latestVersion": 1,
    "alwaysLatest": 1,
    "createTime": "2019-01-14T08:41:27.000Z",
    "lastUpdateTime": "2019-01-14T08:41:27.000Z",
    "auth": 2,
    "uid": "bd-2049943655",
    "publishedVersion": 0,
    "forkFrom": "-",
    "isSpam": 0,
    "version": 1,
    "parentVersion": -1,
    "echartsVersion": "4.2.0",
    "versionCreateTime": "2019-01-14T08:41:27.000Z",
    "html": "",
    "externalScripts": "",
    "updaterUID": "bd-2049943655",
    "theme": "",
    "layout": "",
    "viewCount": 56,
    "userName": "N***u",
    "commentCount": 0,
    "starCount": 1,
    "isStared": 0,
    "thumbnailURL": "https://www.makeapie.com/ecg-storage/ec_gallery_thumbnail/xyVHf1fnu3.png?v=1547455287673",
    "isCustomThumbnail": 0,
    "builtinTags": [
        "category-work",
        "legend",
        "series-pie",
        "title",
        "tooltip"
    ],
    "customTags": [],
    "updaterUserName": "N***u"
}