{
    "cid": "x3dDIK4Zfz",
    "authorUid": "bd-3224702414",
    "authorUserName": "大***愁",
    "title": "贡献者",
    "description": "",
    "latestVersion": 2,
    "alwaysLatest": 0,
    "createTime": "2021-12-10T03:48:23.000Z",
    "lastUpdateTime": "2021-12-10T06:25:42.000Z",
    "auth": 2,
    "uid": "bd-3224702414",
    "publishedVersion": 0,
    "forkFrom": "-",
    "isSpam": 0,
    "version": 2,
    "parentVersion": 1,
    "echartsVersion": "5.2.2",
    "versionCreateTime": "2021-12-10T06:25:42.000Z",
    "html": "",
    "externalScripts": "",
    "updaterUID": "bd-3224702414",
    "theme": "",
    "layout": "",
    "viewCount": 0,
    "userName": "大***愁",
    "commentCount": 0,
    "starCount": 0,
    "isStared": 0,
    "thumbnailURL": "https://www.makeapie.com/ecg-storage/ec_gallery_thumbnail/x3dDIK4Zfz.png?v=1639117543075",
    "isCustomThumbnail": 0,
    "builtinTags": [
        "category-work",
        "series-pie",
        "tooltip"
    ],
    "customTags": [],
    "updaterUserName": "大***愁"
}