{
    "cid": "x566ja2bH1",
    "authorUid": "obd-oFDxzqvSfHZmzNzm4wia9CX7bwkv350",
    "authorUserName": "豌***L",
    "title": "",
    "description": "",
    "latestVersion": 1,
    "alwaysLatest": 0,
    "createTime": "2021-12-10T06:25:52.000Z",
    "lastUpdateTime": "2021-12-10T06:25:52.000Z",
    "auth": 2,
    "uid": "obd-oFDxzqvSfHZmzNzm4wia9CX7bwkv350",
    "publishedVersion": 0,
    "forkFrom": "-",
    "isSpam": 0,
    "version": 1,
    "parentVersion": -1,
    "echartsVersion": "5.2.2",
    "versionCreateTime": "2021-12-10T06:25:52.000Z",
    "html": "",
    "externalScripts": "",
    "updaterUID": "obd-oFDxzqvSfHZmzNzm4wia9CX7bwkv350",
    "theme": "",
    "layout": "",
    "viewCount": 0,
    "userName": "豌***L",
    "commentCount": 0,
    "starCount": 0,
    "isStared": 0,
    "thumbnailURL": "https://www.makeapie.com/ecg-storage/ec_gallery_thumbnail/x566ja2bH1.png?v=1639117553050",
    "isCustomThumbnail": 0,
    "builtinTags": [
        "category-work",
        "series-pie"
    ],
    "customTags": [],
    "updaterUserName": "豌***L"
}