{
    "cid": "x6DkApX7Ww",
    "authorUid": "obd-oNjOU0DV9qNLRGvJT9TnWYdxfHpuyCc",
    "authorUserName": "小***呀",
    "title": "令人秃头的一天",
    "description": "",
    "latestVersion": 1,
    "alwaysLatest": 0,
    "createTime": "2021-12-09T08:36:49.000Z",
    "lastUpdateTime": "2021-12-09T08:36:49.000Z",
    "auth": 1,
    "uid": "obd-oNjOU0DV9qNLRGvJT9TnWYdxfHpuyCc",
    "publishedVersion": 0,
    "forkFrom": "-",
    "isSpam": 0,
    "version": 1,
    "parentVersion": -1,
    "echartsVersion": "5.2.2",
    "versionCreateTime": "2021-12-09T08:36:49.000Z",
    "html": "",
    "externalScripts": "",
    "updaterUID": "obd-oNjOU0DV9qNLRGvJT9TnWYdxfHpuyCc",
    "theme": "",
    "layout": "",
    "viewCount": 0,
    "userName": "小***呀",
    "commentCount": 0,
    "starCount": 0,
    "isStared": 0,
    "thumbnailURL": "https://www.makeapie.com/ecg-storage/ec_gallery_thumbnail/x6DkApX7Ww.png?v=1639039009850",
    "isCustomThumbnail": 0,
    "builtinTags": [
        "category-work",
        "grid",
        "series-bar",
        "series-custom",
        "tooltip"
    ],
    "customTags": [],
    "updaterUserName": "小***呀"
}