{
    "cid": "xDEoQ5-YpR",
    "authorUid": "obd-oM9zswNOQKAE4vNdB4w0ItMMwwDKX28",
    "authorUserName": "追***7",
    "title": "一个有成功率的饼图",
    "description": "一个有成功率的、简单的饼图效果",
    "latestVersion": 1,
    "alwaysLatest": 0,
    "createTime": "2021-12-09T06:55:52.000Z",
    "lastUpdateTime": "2021-12-09T06:55:52.000Z",
    "auth": 2,
    "uid": "obd-oM9zswNOQKAE4vNdB4w0ItMMwwDKX28",
    "publishedVersion": 0,
    "forkFrom": "-",
    "isSpam": 0,
    "version": 1,
    "parentVersion": -1,
    "echartsVersion": "5.2.2",
    "versionCreateTime": "2021-12-09T06:55:52.000Z",
    "html": "",
    "externalScripts": "",
    "updaterUID": "obd-oM9zswNOQKAE4vNdB4w0ItMMwwDKX28",
    "theme": "",
    "layout": "",
    "viewCount": 0,
    "userName": "追***7",
    "commentCount": 1,
    "starCount": 1,
    "isStared": 0,
    "thumbnailURL": "https://www.makeapie.com/ecg-storage/ec_gallery_thumbnail/xDEoQ5-YpR.png?v=1639032952725",
    "isCustomThumbnail": 0,
    "builtinTags": [
        "category-work",
        "legend",
        "series-pie",
        "tooltip"
    ],
    "customTags": [],
    "updaterUserName": "追***7"
}