{
    "cid": "xl1xA3_jq4",
    "authorUid": "obd-olkfrswvQzhpMRtD8kek3XLQxA8OT0T",
    "authorUserName": "a***0",
    "title": "柱形数据",
    "description": "柱形，数据，增长",
    "latestVersion": 5,
    "alwaysLatest": 0,
    "createTime": "2021-12-10T02:47:24.000Z",
    "lastUpdateTime": "2021-12-31T07:18:38.000Z",
    "auth": 1,
    "uid": "obd-olkfrswvQzhpMRtD8kek3XLQxA8OT0T",
    "publishedVersion": 0,
    "forkFrom": "-",
    "isSpam": 0,
    "version": 5,
    "parentVersion": 4,
    "echartsVersion": "5.2.2",
    "versionCreateTime": "2021-12-31T07:18:38.000Z",
    "html": "",
    "externalScripts": "",
    "updaterUID": "obd-otnTuHx-oEMAo-rKACzjS-T670l1g88",
    "theme": "",
    "layout": "",
    "viewCount": 0,
    "userName": "a***0",
    "commentCount": 0,
    "starCount": 4,
    "isStared": 0,
    "thumbnailURL": "https://www.makeapie.com/ecg-storage/ec_gallery_thumbnail/xl1xA3_jq4.png?v=1640935118288",
    "isCustomThumbnail": 0,
    "builtinTags": [
        "category-work",
        "grid",
        "series-bar",
        "series-pictorialBar"
    ],
    "customTags": [],
    "updaterUserName": "v***2"
}