{
    "cid": "xlSRhAIpJJ",
    "authorUid": "bd-236139667",
    "authorUserName": "C***l",
    "title": "双向柱状图",
    "description": "",
    "latestVersion": 1,
    "alwaysLatest": 0,
    "createTime": "2021-12-10T03:18:59.000Z",
    "lastUpdateTime": "2021-12-10T03:18:59.000Z",
    "auth": 2,
    "uid": "bd-236139667",
    "publishedVersion": 0,
    "forkFrom": "-",
    "isSpam": 0,
    "version": 1,
    "parentVersion": -1,
    "echartsVersion": "5.2.2",
    "versionCreateTime": "2021-12-10T03:18:59.000Z",
    "html": "",
    "externalScripts": "",
    "updaterUID": "bd-236139667",
    "theme": "",
    "layout": "",
    "viewCount": 0,
    "userName": "C***l",
    "commentCount": 0,
    "starCount": 2,
    "isStared": 0,
    "thumbnailURL": "https://www.makeapie.com/ecg-storage/ec_gallery_thumbnail/xlSRhAIpJJ.png?v=1639106339706",
    "isCustomThumbnail": 0,
    "builtinTags": [
        "category-work",
        "grid",
        "series-bar"
    ],
    "customTags": [],
    "updaterUserName": "C***l"
}