{
    "cid": "xpRBiwXx_P",
    "authorUid": "obd-oMZzIn27O8yRLlaFcfm29VtIof6gT2x",
    "authorUserName": "s***爷",
    "title": "2020年中企境内外上市地域分布",
    "description": "作业用",
    "latestVersion": 5,
    "alwaysLatest": 0,
    "createTime": "2021-12-09T08:38:14.000Z",
    "lastUpdateTime": "2021-12-09T13:17:04.000Z",
    "auth": 2,
    "uid": "obd-oMZzIn27O8yRLlaFcfm29VtIof6gT2x",
    "publishedVersion": 0,
    "forkFrom": "-",
    "isSpam": 0,
    "version": 5,
    "parentVersion": 4,
    "echartsVersion": "5.2.2",
    "versionCreateTime": "2021-12-09T13:17:04.000Z",
    "html": "",
    "externalScripts": "",
    "updaterUID": "obd-oMZzIn27O8yRLlaFcfm29VtIof6gT2x",
    "theme": "",
    "layout": "",
    "viewCount": 0,
    "userName": "s***爷",
    "commentCount": 0,
    "starCount": 0,
    "isStared": 0,
    "thumbnailURL": "https://www.makeapie.com/ecg-storage/ec_gallery_thumbnail/xpRBiwXx_P.png?v=1639055824852",
    "isCustomThumbnail": 0,
    "builtinTags": [
        "category-work",
        "geo",
        "legend",
        "series-map",
        "series-scatter",
        "title",
        "tooltip",
        "visualMap"
    ],
    "customTags": [],
    "updaterUserName": "s***爷"
}