{
    "cid": "xR4Z9xzI0i",
    "authorUid": "obd-oFDxzqvSfHZmzNzm4wia9CX7bwkv350",
    "authorUserName": "豌***L",
    "title": "双环进度条",
    "description": "5.0以下版本需要微调",
    "latestVersion": 2,
    "alwaysLatest": 0,
    "createTime": "2021-12-09T08:30:31.000Z",
    "lastUpdateTime": "2021-12-09T09:03:24.000Z",
    "auth": 2,
    "uid": "obd-oFDxzqvSfHZmzNzm4wia9CX7bwkv350",
    "publishedVersion": 0,
    "forkFrom": "-",
    "isSpam": 0,
    "version": 2,
    "parentVersion": 1,
    "echartsVersion": "5.0.0",
    "versionCreateTime": "2021-12-09T09:03:24.000Z",
    "html": "",
    "externalScripts": "",
    "updaterUID": "obd-oFDxzqvSfHZmzNzm4wia9CX7bwkv350",
    "theme": "dark",
    "layout": "",
    "viewCount": 0,
    "userName": "豌***L",
    "commentCount": 0,
    "starCount": 0,
    "isStared": 0,
    "thumbnailURL": "https://www.makeapie.com/ecg-storage/ec_gallery_thumbnail/xR4Z9xzI0i.png?v=1639040604193",
    "isCustomThumbnail": 0,
    "builtinTags": [
        "category-work",
        "legend",
        "series-pie"
    ],
    "customTags": [],
    "updaterUserName": "豌***L"
}