{
    "cid": "xRTUGmi9z1",
    "authorUid": "bd-143495432",
    "authorUserName": "d***3",
    "title": "指标依赖关系图",
    "description": "此为指标依赖关系图",
    "latestVersion": 1,
    "alwaysLatest": 0,
    "createTime": "2021-12-10T02:13:08.000Z",
    "lastUpdateTime": "2021-12-10T02:13:08.000Z",
    "auth": 2,
    "uid": "bd-143495432",
    "publishedVersion": 0,
    "forkFrom": "-",
    "isSpam": 0,
    "version": 1,
    "parentVersion": -1,
    "echartsVersion": "5.2.2",
    "versionCreateTime": "2021-12-10T02:13:08.000Z",
    "html": "",
    "externalScripts": "",
    "updaterUID": "bd-143495432",
    "theme": "",
    "layout": "",
    "viewCount": 0,
    "userName": "d***3",
    "commentCount": 0,
    "starCount": 0,
    "isStared": 0,
    "thumbnailURL": "https://www.makeapie.com/ecg-storage/ec_gallery_thumbnail/xRTUGmi9z1.png?v=1639102389059",
    "isCustomThumbnail": 0,
    "builtinTags": [
        "category-work",
        "series-graph",
        "title",
        "tooltip"
    ],
    "customTags": [],
    "updaterUserName": "d***3"
}