{
    "cid": "xUmZboKdhv",
    "authorUid": "bd-1277561159",
    "authorUserName": "执***开",
    "title": "XX产品需求分析",
    "description": "",
    "latestVersion": 2,
    "alwaysLatest": 0,
    "createTime": "2021-12-08T13:24:12.000Z",
    "lastUpdateTime": "2021-12-14T07:15:57.000Z",
    "auth": 2,
    "uid": "bd-1277561159",
    "publishedVersion": 0,
    "forkFrom": "-",
    "isSpam": 0,
    "version": 2,
    "parentVersion": 1,
    "echartsVersion": "5.2.2",
    "versionCreateTime": "2021-12-14T07:15:57.000Z",
    "html": "",
    "externalScripts": "",
    "updaterUID": "bd-1277561159",
    "theme": "",
    "layout": "",
    "viewCount": 0,
    "userName": "执***开",
    "commentCount": 0,
    "starCount": 0,
    "isStared": 0,
    "thumbnailURL": "https://www.makeapie.com/ecg-storage/ec_gallery_thumbnail/xUmZboKdhv.png?v=1639466157903",
    "isCustomThumbnail": 0,
    "builtinTags": [
        "category-work",
        "grid",
        "legend",
        "series-bar",
        "title"
    ],
    "customTags": [],
    "updaterUserName": "执***开"
}