{
    "cid": "xydfdRLeI8",
    "authorUid": "obd-oj3M5PtRQWQ8wIWjgxJcf7ee9fXn_DF",
    "authorUserName": "183*****719",
    "title": "",
    "description": "",
    "latestVersion": 3,
    "alwaysLatest": 0,
    "createTime": "2021-12-09T06:49:23.000Z",
    "lastUpdateTime": "2021-12-09T06:50:59.000Z",
    "auth": 1,
    "uid": "obd-oj3M5PtRQWQ8wIWjgxJcf7ee9fXn_DF",
    "publishedVersion": 0,
    "forkFrom": "-",
    "isSpam": 0,
    "version": 3,
    "parentVersion": 2,
    "echartsVersion": "5.2.2",
    "versionCreateTime": "2021-12-09T06:50:59.000Z",
    "html": "",
    "externalScripts": "",
    "updaterUID": "obd-oj3M5PtRQWQ8wIWjgxJcf7ee9fXn_DF",
    "theme": "",
    "layout": "",
    "viewCount": 0,
    "userName": "183*****719",
    "commentCount": 0,
    "starCount": 1,
    "isStared": 0,
    "thumbnailURL": "https://www.makeapie.com/ecg-storage/ec_gallery_thumbnail/xydfdRLeI8.png?v=1639032660057",
    "isCustomThumbnail": 0,
    "builtinTags": [
        "category-work",
        "legend",
        "series-pie",
        "tooltip"
    ],
    "customTags": [],
    "updaterUserName": "183*****719"
}