{
    "cid": "xZlZ4l7N24",
    "authorUid": "obd-oFO6HI5fNDLgla7J_FB3cbwGH-_kU5s",
    "authorUserName": "唐***马",
    "title": "test1",
    "description": "",
    "latestVersion": 3,
    "alwaysLatest": 0,
    "createTime": "2021-12-09T02:17:57.000Z",
    "lastUpdateTime": "2021-12-09T02:24:19.000Z",
    "auth": 2,
    "uid": "obd-oFO6HI5fNDLgla7J_FB3cbwGH-_kU5s",
    "publishedVersion": 0,
    "forkFrom": "-",
    "isSpam": 0,
    "version": 3,
    "parentVersion": 1,
    "echartsVersion": "5.2.2",
    "versionCreateTime": "2021-12-09T02:24:19.000Z",
    "html": "",
    "externalScripts": "",
    "updaterUID": "obd-oFO6HI5fNDLgla7J_FB3cbwGH-_kU5s",
    "theme": "",
    "layout": "",
    "viewCount": 0,
    "userName": "唐***马",
    "commentCount": 0,
    "starCount": 0,
    "isStared": 0,
    "thumbnailURL": "https://www.makeapie.com/ecg-storage/ec_gallery_thumbnail/xZlZ4l7N24.png?v=1639016659253",
    "isCustomThumbnail": 0,
    "builtinTags": [
        "category-work"
    ],
    "customTags": [],
    "updaterUserName": "唐***马"
}