{
    "cid": "xB1VH3sE_X",
    "authorUid": "bd-2136137468",
    "authorUserName": "h***4",
    "title": "嵌套饼图",
    "description": "",
    "latestVersion": 1,
    "alwaysLatest": 1,
    "createTime": "2018-09-11T02:45:15.000Z",
    "lastUpdateTime": "2018-09-11T02:45:15.000Z",
    "auth": 2,
    "uid": "bd-2136137468",
    "publishedVersion": 0,
    "forkFrom": "-",
    "isSpam": 0,
    "version": 1,
    "parentVersion": -1,
    "echartsVersion": "4.1.0",
    "versionCreateTime": "2018-09-11T02:45:15.000Z",
    "html": "",
    "externalScripts": "",
    "updaterUID": "bd-2136137468",
    "theme": "",
    "layout": "",
    "viewCount": 642,
    "userName": "h***4",
    "commentCount": 0,
    "starCount": 4,
    "isStared": 0,
    "thumbnailURL": "https://www.makeapie.com/ecg-storage/ec_gallery_thumbnail/xB1VH3sE_X.png?v=1536633915911",
    "isCustomThumbnail": 0,
    "builtinTags": [
        "category-work",
        "series-pie",
        "title",
        "tooltip"
    ],
    "customTags": [],
    "updaterUserName": "h***4"
}