{
    "cid": "xBJ6dZ5Eum",
    "authorUid": "bd-2466506079",
    "authorUserName": "十夜舞十",
    "title": "监控指标",
    "description": "",
    "latestVersion": 1,
    "alwaysLatest": 1,
    "createTime": "2018-09-11T00:51:01.000Z",
    "lastUpdateTime": "2018-09-11T00:51:01.000Z",
    "auth": 2,
    "uid": "bd-2466506079",
    "publishedVersion": 0,
    "forkFrom": "-",
    "isSpam": 0,
    "version": 1,
    "parentVersion": -1,
    "echartsVersion": "4.1.0",
    "versionCreateTime": "2018-09-11T00:51:01.000Z",
    "html": "",
    "externalScripts": "",
    "updaterUID": "bd-2466506079",
    "theme": "",
    "layout": "",
    "viewCount": 308,
    "userName": "十夜舞十",
    "commentCount": 0,
    "starCount": 0,
    "isStared": 0,
    "thumbnailURL": "https://www.makeapie.com/ecg-storage/ec_gallery_thumbnail/xBJ6dZ5Eum.png?v=1536627061818",
    "isCustomThumbnail": 0,
    "builtinTags": [
        "category-work",
        "grid",
        "legend",
        "series-line",
        "tooltip"
    ],
    "customTags": [],
    "updaterUserName": "十夜舞十"
}