{
    "cid": "xBJmxUp7uQ",
    "authorUid": "bd-2066513247",
    "authorUserName": "g***8",
    "title": "环图",
    "description": "",
    "latestVersion": 4,
    "alwaysLatest": 1,
    "createTime": "2018-09-10T10:22:35.000Z",
    "lastUpdateTime": "2018-09-10T10:22:35.000Z",
    "auth": 2,
    "uid": "bd-2066513247",
    "publishedVersion": 0,
    "forkFrom": "-",
    "isSpam": 0,
    "version": 4,
    "parentVersion": 3,
    "echartsVersion": "4.1.0",
    "versionCreateTime": "2018-09-11T05:38:41.000Z",
    "html": "",
    "externalScripts": "",
    "updaterUID": "bd-2066513247",
    "theme": "",
    "layout": "",
    "viewCount": 403,
    "userName": "g***8",
    "commentCount": 0,
    "starCount": 3,
    "isStared": 0,
    "thumbnailURL": "https://www.makeapie.com/ecg-storage/ec_gallery_thumbnail/xBJmxUp7uQ.png?v=1536644321350",
    "isCustomThumbnail": 0,
    "builtinTags": [
        "category-work",
        "series-pie"
    ],
    "customTags": [],
    "updaterUserName": "g***8"
}