{
    "cid": "xBJwlP5QOQ",
    "authorUid": "bd-3724974333",
    "authorUserName": "m***3",
    "title": "多嵌套圆形对比图",
    "description": "认证用户",
    "latestVersion": 2,
    "alwaysLatest": 1,
    "createTime": "2018-09-10T07:02:07.000Z",
    "lastUpdateTime": "2018-09-10T07:02:29.000Z",
    "auth": 2,
    "uid": "bd-3724974333",
    "publishedVersion": 0,
    "forkFrom": "-",
    "isSpam": 0,
    "version": 2,
    "parentVersion": 1,
    "echartsVersion": "4.1.0",
    "versionCreateTime": "2018-09-11T08:45:25.000Z",
    "html": "",
    "externalScripts": "",
    "updaterUID": "bd-3724974333",
    "theme": "default",
    "layout": "",
    "viewCount": 897,
    "userName": "m***3",
    "commentCount": 0,
    "starCount": 2,
    "isStared": 0,
    "thumbnailURL": "https://www.makeapie.com/ecg-storage/ec_gallery_thumbnail/xBJwlP5QOQ.png?v=1536655526113",
    "isCustomThumbnail": 0,
    "builtinTags": [
        "category-work",
        "legend",
        "series-pie",
        "title",
        "tooltip"
    ],
    "customTags": [],
    "updaterUserName": "m***3"
}