{
    "cid": "xH17LQyLuQ",
    "authorUid": "bd-3977042860",
    "authorUserName": "英凰广场迎黄英",
    "title": "【hlx】实际产能",
    "description": "",
    "latestVersion": 12,
    "alwaysLatest": 1,
    "createTime": "2018-09-12T00:52:26.000Z",
    "lastUpdateTime": "2018-09-12T00:52:26.000Z",
    "auth": 2,
    "uid": "bd-3977042860",
    "publishedVersion": 0,
    "forkFrom": "-",
    "isSpam": 0,
    "version": 12,
    "parentVersion": 11,
    "echartsVersion": "4.1.0",
    "versionCreateTime": "2018-09-12T02:08:48.000Z",
    "html": "",
    "externalScripts": "",
    "updaterUID": "bd-3977042860",
    "theme": "",
    "layout": "",
    "viewCount": 235,
    "userName": "英凰广场迎黄英",
    "commentCount": 0,
    "starCount": 0,
    "isStared": 0,
    "thumbnailURL": "https://www.makeapie.com/ecg-storage/ec_gallery_thumbnail/xH17LQyLuQ.png?v=1536718128197",
    "isCustomThumbnail": 0,
    "builtinTags": [
        "category-work",
        "grid",
        "legend",
        "series-bar",
        "series-line",
        "series-pictorialBar",
        "title",
        "tooltip"
    ],
    "customTags": [],
    "updaterUserName": "英凰广场迎黄英"
}