{
    "cid": "xHk7nyGLdX",
    "authorUid": "bd-3724974333",
    "authorUserName": "m***3",
    "title": "全国主要城市空气质量",
    "description": "data from PM25.in",
    "latestVersion": 2,
    "alwaysLatest": 1,
    "createTime": "2018-09-12T04:01:46.000Z",
    "lastUpdateTime": "2018-09-12T04:01:46.000Z",
    "auth": 2,
    "uid": "bd-3724974333",
    "publishedVersion": 0,
    "forkFrom": "-",
    "isSpam": 0,
    "version": 2,
    "parentVersion": 1,
    "echartsVersion": "4.1.0",
    "versionCreateTime": "2018-09-12T08:23:58.000Z",
    "html": "",
    "externalScripts": "",
    "updaterUID": "bd-3724974333",
    "theme": "",
    "layout": "",
    "viewCount": 5620,
    "userName": "m***3",
    "commentCount": 2,
    "starCount": 7,
    "isStared": 0,
    "thumbnailURL": "https://www.makeapie.com/ecg-storage/ec_gallery_thumbnail/xHk7nyGLdX.png?v=1536740638687",
    "isCustomThumbnail": 0,
    "builtinTags": [
        "category-work",
        "geo",
        "legend",
        "series-map",
        "series-scatter",
        "title",
        "tooltip",
        "visualMap"
    ],
    "customTags": [],
    "updaterUserName": "m***3"
}