{
    "cid": "xHkaU7SL_m",
    "authorUid": "bd-3977042860",
    "authorUserName": "英凰广场迎黄英",
    "title": "【hlx】生产效率",
    "description": "",
    "latestVersion": 3,
    "alwaysLatest": 1,
    "createTime": "2018-09-12T07:42:13.000Z",
    "lastUpdateTime": "2018-09-12T07:42:13.000Z",
    "auth": 2,
    "uid": "bd-3977042860",
    "publishedVersion": 0,
    "forkFrom": "-",
    "isSpam": 0,
    "version": 3,
    "parentVersion": 2,
    "echartsVersion": "4.1.0",
    "versionCreateTime": "2018-09-12T07:53:06.000Z",
    "html": "",
    "externalScripts": "",
    "updaterUID": "bd-3977042860",
    "theme": "",
    "layout": "",
    "viewCount": 68,
    "userName": "英凰广场迎黄英",
    "commentCount": 0,
    "starCount": 0,
    "isStared": 0,
    "thumbnailURL": "https://www.makeapie.com/ecg-storage/ec_gallery_thumbnail/xHkaU7SL_m.png?v=1536738786355",
    "isCustomThumbnail": 0,
    "builtinTags": [
        "category-work",
        "grid",
        "legend",
        "series-line",
        "title"
    ],
    "customTags": [],
    "updaterUserName": "英凰广场迎黄英"
}