{
    "cid": "xr1IXCWSOX",
    "authorUid": "bd-3724974333",
    "authorUserName": "m***3",
    "title": "中国地图",
    "description": "china map",
    "latestVersion": 4,
    "alwaysLatest": 1,
    "createTime": "2018-09-11T09:42:54.000Z",
    "lastUpdateTime": "2018-09-12T05:02:37.000Z",
    "auth": 2,
    "uid": "bd-3724974333",
    "publishedVersion": 0,
    "forkFrom": "-",
    "isSpam": 0,
    "version": 4,
    "parentVersion": 3,
    "echartsVersion": "4.1.0",
    "versionCreateTime": "2018-09-12T09:43:46.000Z",
    "html": "",
    "externalScripts": "",
    "updaterUID": "bd-3724974333",
    "theme": "default",
    "layout": "",
    "viewCount": 219,
    "userName": "m***3",
    "commentCount": 0,
    "starCount": 0,
    "isStared": 0,
    "thumbnailURL": "https://www.makeapie.com/ecg-storage/ec_gallery_thumbnail/xr1IXCWSOX.png?v=1536745426366",
    "isCustomThumbnail": 0,
    "builtinTags": [
        "category-work",
        "series-map",
        "title"
    ],
    "customTags": [],
    "updaterUserName": "m***3"
}