{
    "cid": "xrJzDL37um",
    "authorUid": "bd-86379122",
    "authorUserName": "x***m",
    "title": "漏斗图",
    "description": "",
    "latestVersion": 3,
    "alwaysLatest": 1,
    "createTime": "2018-09-10T09:16:09.000Z",
    "lastUpdateTime": "2018-09-10T09:16:09.000Z",
    "auth": 2,
    "uid": "bd-86379122",
    "publishedVersion": 0,
    "forkFrom": "-",
    "isSpam": 0,
    "version": 3,
    "parentVersion": 2,
    "echartsVersion": "4.2.1",
    "versionCreateTime": "2019-06-13T07:55:04.000Z",
    "html": "",
    "externalScripts": "",
    "updaterUID": "bd-86379122",
    "theme": "",
    "layout": "",
    "viewCount": 922,
    "userName": "x***m",
    "commentCount": 0,
    "starCount": 1,
    "isStared": 0,
    "thumbnailURL": "https://www.makeapie.com/ecg-storage/ec_gallery_thumbnail/xrJzDL37um.png?v=1560412504800",
    "isCustomThumbnail": 0,
    "builtinTags": [
        "category-work",
        "legend",
        "series-funnel",
        "toolbox",
        "tooltip"
    ],
    "customTags": [],
    "updaterUserName": "x***m"
}