{
    "cid": "xrkU22r8_X",
    "authorUid": "bd-3977042860",
    "authorUserName": "英凰广场迎黄英",
    "title": "【hlx】品牌生产统计",
    "description": "",
    "latestVersion": 2,
    "alwaysLatest": 1,
    "createTime": "2018-09-12T08:22:05.000Z",
    "lastUpdateTime": "2018-09-12T08:22:05.000Z",
    "auth": 2,
    "uid": "bd-3977042860",
    "publishedVersion": 0,
    "forkFrom": "-",
    "isSpam": 0,
    "version": 2,
    "parentVersion": 1,
    "echartsVersion": "4.1.0",
    "versionCreateTime": "2018-09-12T08:27:11.000Z",
    "html": "",
    "externalScripts": "",
    "updaterUID": "bd-3977042860",
    "theme": "",
    "layout": "",
    "viewCount": 57,
    "userName": "英凰广场迎黄英",
    "commentCount": 0,
    "starCount": 0,
    "isStared": 0,
    "thumbnailURL": "https://www.makeapie.com/ecg-storage/ec_gallery_thumbnail/xrkU22r8_X.png?v=1536740831703",
    "isCustomThumbnail": 0,
    "builtinTags": [
        "category-work",
        "grid",
        "series-bar",
        "title"
    ],
    "customTags": [],
    "updaterUserName": "英凰广场迎黄英"
}