{
    "cid": "xSJtkZDIOm",
    "authorUid": "bd-3977042860",
    "authorUserName": "英凰广场迎黄英",
    "title": "【hlx】开发样产量汇总",
    "description": "",
    "latestVersion": 4,
    "alwaysLatest": 1,
    "createTime": "2018-09-12T09:48:16.000Z",
    "lastUpdateTime": "2018-09-12T09:48:16.000Z",
    "auth": 2,
    "uid": "bd-3977042860",
    "publishedVersion": 0,
    "forkFrom": "-",
    "isSpam": 0,
    "version": 4,
    "parentVersion": 3,
    "echartsVersion": "4.1.0",
    "versionCreateTime": "2018-09-12T10:55:21.000Z",
    "html": "",
    "externalScripts": "",
    "updaterUID": "bd-3977042860",
    "theme": "",
    "layout": "",
    "viewCount": 295,
    "userName": "英凰广场迎黄英",
    "commentCount": 0,
    "starCount": 1,
    "isStared": 0,
    "thumbnailURL": "https://www.makeapie.com/ecg-storage/ec_gallery_thumbnail/xSJtkZDIOm.png?v=1536749721366",
    "isCustomThumbnail": 0,
    "builtinTags": [
        "category-work",
        "polar",
        "series-bar",
        "title"
    ],
    "customTags": [],
    "updaterUserName": "英凰广场迎黄英"
}