{
    "cid": "x4i6p8CAhR",
    "authorUid": "bd-1895925720",
    "authorUserName": "心***阔",
    "title": "test",
    "description": "",
    "latestVersion": 4,
    "alwaysLatest": 1,
    "createTime": "2019-01-08T05:12:56.000Z",
    "lastUpdateTime": "2019-01-08T05:12:56.000Z",
    "auth": 1,
    "uid": "bd-1895925720",
    "publishedVersion": 0,
    "forkFrom": "-",
    "isSpam": 0,
    "version": 4,
    "parentVersion": 3,
    "echartsVersion": "4.7.0",
    "versionCreateTime": "2020-03-25T17:17:26.000Z",
    "html": "",
    "externalScripts": "",
    "updaterUID": "bd-1984321702",
    "theme": "",
    "layout": "",
    "viewCount": 2282,
    "userName": "心***阔",
    "commentCount": 0,
    "starCount": 8,
    "isStared": 0,
    "thumbnailURL": "https://www.makeapie.com/ecg-storage/ec_gallery_thumbnail/x4i6p8CAhR.png?v=1585156646405",
    "isCustomThumbnail": 0,
    "builtinTags": [
        "category-work",
        "grid",
        "markLine",
        "series-line",
        "series-pie",
        "title",
        "tooltip"
    ],
    "customTags": [],
    "updaterUserName": "f***1"
}