{
    "cid": "x63CG-0L5U",
    "authorUid": "bd-3083588802",
    "authorUserName": "b***圆",
    "title": "饼图改装为进度条",
    "description": "环形进度条",
    "latestVersion": 3,
    "alwaysLatest": 1,
    "createTime": "2019-01-08T08:40:16.000Z",
    "lastUpdateTime": "2019-01-08T08:40:16.000Z",
    "auth": 2,
    "uid": "bd-3083588802",
    "publishedVersion": 0,
    "forkFrom": "-",
    "isSpam": 0,
    "version": 3,
    "parentVersion": 2,
    "echartsVersion": "4.4.0",
    "versionCreateTime": "2019-10-31T03:19:55.000Z",
    "html": "",
    "externalScripts": "",
    "updaterUID": "bd-3083588802",
    "theme": "",
    "layout": "",
    "viewCount": 5896,
    "userName": "b***圆",
    "commentCount": 0,
    "starCount": 15,
    "isStared": 0,
    "thumbnailURL": "https://www.makeapie.com/ecg-storage/ec_gallery_thumbnail/x63CG-0L5U.png?v=1572491995789",
    "isCustomThumbnail": 0,
    "builtinTags": [
        "category-work",
        "legend",
        "series-pie",
        "title",
        "tooltip"
    ],
    "customTags": [],
    "updaterUserName": "b***圆"
}