{
    "cid": "xbAi9USDeI",
    "authorUid": "bd-1895925720",
    "authorUserName": "心***阔",
    "title": "changzhurenkou",
    "description": "",
    "latestVersion": 1,
    "alwaysLatest": 1,
    "createTime": "2019-01-08T14:35:30.000Z",
    "lastUpdateTime": "2019-01-08T14:35:30.000Z",
    "auth": 2,
    "uid": "bd-1895925720",
    "publishedVersion": 0,
    "forkFrom": "-",
    "isSpam": 0,
    "version": 1,
    "parentVersion": -1,
    "echartsVersion": "4.2.0",
    "versionCreateTime": "2019-01-08T14:35:30.000Z",
    "html": "",
    "externalScripts": "",
    "updaterUID": "bd-1895925720",
    "theme": "",
    "layout": "",
    "viewCount": 779,
    "userName": "心***阔",
    "commentCount": 0,
    "starCount": 5,
    "isStared": 0,
    "thumbnailURL": "https://www.makeapie.com/ecg-storage/ec_gallery_thumbnail/xbAi9USDeI.png?v=1546958130637",
    "isCustomThumbnail": 0,
    "builtinTags": [
        "category-work",
        "grid",
        "legend",
        "series-bar",
        "tooltip"
    ],
    "customTags": [],
    "updaterUserName": "心***阔"
}