{
    "cid": "xdbgeikmlU",
    "authorUid": "bd-740494445",
    "authorUserName": "I***E",
    "title": "3个圆环占比",
    "description": "3个圆环占比",
    "latestVersion": 1,
    "alwaysLatest": 1,
    "createTime": "2019-01-09T08:08:57.000Z",
    "lastUpdateTime": "2019-01-09T08:08:57.000Z",
    "auth": 2,
    "uid": "bd-740494445",
    "publishedVersion": 0,
    "forkFrom": "-",
    "isSpam": 0,
    "version": 1,
    "parentVersion": -1,
    "echartsVersion": "4.2.0",
    "versionCreateTime": "2019-01-09T08:08:57.000Z",
    "html": "",
    "externalScripts": "",
    "updaterUID": "bd-740494445",
    "theme": "",
    "layout": "",
    "viewCount": 264,
    "userName": "I***E",
    "commentCount": 0,
    "starCount": 2,
    "isStared": 0,
    "thumbnailURL": "https://www.makeapie.com/ecg-storage/ec_gallery_thumbnail/xdbgeikmlU.png?v=1547021337801",
    "isCustomThumbnail": 0,
    "builtinTags": [
        "category-work",
        "series-pie",
        "title"
    ],
    "customTags": [],
    "updaterUserName": "I***E"
}