{
    "cid": "xFsBq0eHRq",
    "authorUid": "bd-3083588802",
    "authorUserName": "b***圆",
    "title": "渐变色的柱图",
    "description": "渐变色的柱图",
    "latestVersion": 1,
    "alwaysLatest": 1,
    "createTime": "2019-01-08T02:20:04.000Z",
    "lastUpdateTime": "2019-01-08T02:20:04.000Z",
    "auth": 2,
    "uid": "bd-3083588802",
    "publishedVersion": 0,
    "forkFrom": "-",
    "isSpam": 0,
    "version": 1,
    "parentVersion": -1,
    "echartsVersion": "4.2.0",
    "versionCreateTime": "2019-01-08T02:20:04.000Z",
    "html": "",
    "externalScripts": "",
    "updaterUID": "bd-3083588802",
    "theme": "",
    "layout": "",
    "viewCount": 7732,
    "userName": "b***圆",
    "commentCount": 0,
    "starCount": 17,
    "isStared": 0,
    "thumbnailURL": "https://www.makeapie.com/ecg-storage/ec_gallery_thumbnail/xFsBq0eHRq.png?v=1546914004419",
    "isCustomThumbnail": 0,
    "builtinTags": [
        "category-work",
        "grid",
        "legend",
        "series-bar",
        "tooltip"
    ],
    "customTags": [],
    "updaterUserName": "b***圆"
}