{
    "cid": "xIjXHUcF-s",
    "authorUid": "bd-740494445",
    "authorUserName": "I***E",
    "title": "3个圆环内部进度",
    "description": "3个圆环内部进度",
    "latestVersion": 2,
    "alwaysLatest": 1,
    "createTime": "2019-01-09T06:50:08.000Z",
    "lastUpdateTime": "2019-01-09T06:50:08.000Z",
    "auth": 2,
    "uid": "bd-740494445",
    "publishedVersion": 0,
    "forkFrom": "-",
    "isSpam": 0,
    "version": 2,
    "parentVersion": 1,
    "echartsVersion": "4.2.0",
    "versionCreateTime": "2019-01-09T06:54:05.000Z",
    "html": "",
    "externalScripts": "",
    "updaterUID": "bd-740494445",
    "theme": "",
    "layout": "",
    "viewCount": 260,
    "userName": "I***E",
    "commentCount": 0,
    "starCount": 1,
    "isStared": 0,
    "thumbnailURL": "https://www.makeapie.com/ecg-storage/ec_gallery_thumbnail/xIjXHUcF-s.png?v=1547016845998",
    "isCustomThumbnail": 0,
    "builtinTags": [
        "category-work",
        "series-pie",
        "title"
    ],
    "customTags": [],
    "updaterUserName": "I***E"
}