{
    "cid": "xrFN2S9IVZ",
    "authorUid": "bd-571076466",
    "authorUserName": "宅男——奈落",
    "title": "国内STEM教育研究机构分布",
    "description": "",
    "latestVersion": 5,
    "alwaysLatest": 1,
    "createTime": "2019-01-08T11:53:20.000Z",
    "lastUpdateTime": "2019-01-08T11:53:20.000Z",
    "auth": 2,
    "uid": "bd-571076466",
    "publishedVersion": 0,
    "forkFrom": "-",
    "isSpam": 0,
    "version": 5,
    "parentVersion": 4,
    "echartsVersion": "4.2.0",
    "versionCreateTime": "2019-01-08T12:10:16.000Z",
    "html": "",
    "externalScripts": "/dep/echarts/latest/extension/bmap.min.js,https://echarts.baidu.com/resource/echarts-gl-latest/dist/echarts-gl.min.js,https://echarts.baidu.com/resource/echarts-stat-latest/dist/ecStat.min.js,/dep/echarts/map/js/china.js,/dep/echarts/map/js/world.js",
    "updaterUID": "bd-571076466",
    "theme": "",
    "layout": "",
    "viewCount": 1794,
    "userName": "宅男——奈落",
    "commentCount": 0,
    "starCount": 6,
    "isStared": 0,
    "thumbnailURL": "https://www.makeapie.com/ecg-storage/ec_gallery_thumbnail/xrFN2S9IVZ.png?v=1546949417076",
    "isCustomThumbnail": 0,
    "builtinTags": [
        "category-work",
        "geo",
        "series-map",
        "series-scatter",
        "title",
        "tooltip",
        "visualMap"
    ],
    "customTags": [],
    "updaterUserName": "宅男——奈落"
}