{
    "cid": "xS02nFBz7C",
    "authorUid": "bd-1895925720",
    "authorUserName": "心***阔",
    "title": "负面言论分领域趋势",
    "description": "",
    "latestVersion": 1,
    "alwaysLatest": 1,
    "createTime": "2019-01-08T06:04:17.000Z",
    "lastUpdateTime": "2019-01-08T06:04:17.000Z",
    "auth": 1,
    "uid": "bd-1895925720",
    "publishedVersion": 0,
    "forkFrom": "-",
    "isSpam": 0,
    "version": 1,
    "parentVersion": -1,
    "echartsVersion": "4.2.0",
    "versionCreateTime": "2019-01-08T06:04:17.000Z",
    "html": "",
    "externalScripts": "",
    "updaterUID": "bd-1895925720",
    "theme": "",
    "layout": "",
    "viewCount": 129,
    "userName": "心***阔",
    "commentCount": 0,
    "starCount": 0,
    "isStared": 0,
    "thumbnailURL": "https://www.makeapie.com/ecg-storage/ec_gallery_thumbnail/xS02nFBz7C.png?v=1546927457891",
    "isCustomThumbnail": 0,
    "builtinTags": [
        "category-work",
        "grid",
        "legend",
        "series-line",
        "title",
        "tooltip"
    ],
    "customTags": [],
    "updaterUserName": "心***阔"
}