{
    "cid": "xTo_CmvqRn",
    "authorUid": "bd-740494445",
    "authorUserName": "I***E",
    "title": "圆环占比",
    "description": "圆环占比",
    "latestVersion": 3,
    "alwaysLatest": 1,
    "createTime": "2019-01-09T02:03:58.000Z",
    "lastUpdateTime": "2019-01-09T02:03:58.000Z",
    "auth": 2,
    "uid": "bd-740494445",
    "publishedVersion": 0,
    "forkFrom": "-",
    "isSpam": 0,
    "version": 3,
    "parentVersion": 2,
    "echartsVersion": "4.2.0",
    "versionCreateTime": "2019-01-09T02:08:50.000Z",
    "html": "",
    "externalScripts": "",
    "updaterUID": "bd-740494445",
    "theme": "",
    "layout": "",
    "viewCount": 53,
    "userName": "I***E",
    "commentCount": 0,
    "starCount": 1,
    "isStared": 0,
    "thumbnailURL": "https://www.makeapie.com/ecg-storage/ec_gallery_thumbnail/xTo_CmvqRn.png?v=1546999730817",
    "isCustomThumbnail": 0,
    "builtinTags": [
        "category-work",
        "series-pie"
    ],
    "customTags": [],
    "updaterUserName": "I***E"
}