{
    "cid": "xVL4GbCSDQ",
    "authorUid": "bd-1895925720",
    "authorUserName": "心***阔",
    "title": "四川省-常住人口",
    "description": "",
    "latestVersion": 8,
    "alwaysLatest": 1,
    "createTime": "2019-01-08T13:22:53.000Z",
    "lastUpdateTime": "2019-01-08T13:22:53.000Z",
    "auth": 1,
    "uid": "bd-1895925720",
    "publishedVersion": 0,
    "forkFrom": "-",
    "isSpam": 0,
    "version": 8,
    "parentVersion": 7,
    "echartsVersion": "4.4.0",
    "versionCreateTime": "2019-10-28T03:27:37.000Z",
    "html": "",
    "externalScripts": "/dep/echarts/map/js/china.js",
    "updaterUID": "bd-464297331",
    "theme": "",
    "layout": "",
    "viewCount": 1182,
    "userName": "心***阔",
    "commentCount": 0,
    "starCount": 0,
    "isStared": 0,
    "thumbnailURL": "https://www.makeapie.com/ecg-storage/ec_gallery_thumbnail/xVL4GbCSDQ.png?v=1572233257290",
    "isCustomThumbnail": 0,
    "builtinTags": [
        "category-work",
        "geo",
        "legend",
        "series-scatter",
        "title",
        "tooltip"
    ],
    "customTags": [],
    "updaterUserName": "m***n"
}