{
    "cid": "x-VSOk7QpF",
    "authorUid": "bd-1814119820",
    "authorUserName": "Jruott",
    "title": "pv-资产-添加主题人群按钮",
    "description": "",
    "latestVersion": 4,
    "alwaysLatest": 1,
    "createTime": "2018-11-05T08:52:18.000Z",
    "lastUpdateTime": "2018-11-06T09:48:46.000Z",
    "auth": 2,
    "uid": "bd-1814119820",
    "publishedVersion": 0,
    "forkFrom": "-",
    "isSpam": 0,
    "version": 4,
    "parentVersion": 3,
    "echartsVersion": "4.2.0",
    "versionCreateTime": "2018-11-07T09:01:58.000Z",
    "html": "",
    "externalScripts": "",
    "updaterUID": "bd-1814119820",
    "theme": "infographic",
    "layout": "",
    "viewCount": 233,
    "userName": "Jruott",
    "commentCount": 0,
    "starCount": 0,
    "isStared": 0,
    "thumbnailURL": "https://www.makeapie.com/ecg-storage/ec_gallery_thumbnail/x-VSOk7QpF.png?v=1541581318933",
    "isCustomThumbnail": 0,
    "builtinTags": [
        "category-work",
        "grid",
        "legend",
        "series-line",
        "toolbox",
        "tooltip"
    ],
    "customTags": [],
    "updaterUserName": "Jruott"
}