{
    "cid": "x38XuXgf_K",
    "authorUid": "bd-2136137468",
    "authorUserName": "h***4",
    "title": "3d地球攻击线",
    "description": "",
    "latestVersion": 1,
    "alwaysLatest": 1,
    "createTime": "2018-11-06T07:16:24.000Z",
    "lastUpdateTime": "2018-11-06T07:16:24.000Z",
    "auth": 2,
    "uid": "bd-2136137468",
    "publishedVersion": 0,
    "forkFrom": "-",
    "isSpam": 0,
    "version": 1,
    "parentVersion": -1,
    "echartsVersion": "4.2.0",
    "versionCreateTime": "2018-11-06T07:16:24.000Z",
    "html": "",
    "externalScripts": "http://echarts.baidu.com/resource/echarts-gl-latest/dist/echarts-gl.min.js",
    "updaterUID": "bd-2136137468",
    "theme": "",
    "layout": "",
    "viewCount": 4244,
    "userName": "h***4",
    "commentCount": 0,
    "starCount": 22,
    "isStared": 0,
    "thumbnailURL": "https://www.makeapie.com/ecg-storage/ec_gallery_thumbnail/x38XuXgf_K.png?v=1541488585982",
    "isCustomThumbnail": 1,
    "builtinTags": [
        "category-work",
        "globe",
        "series-lines3D",
        "tooltip",
        "visualMap"
    ],
    "customTags": [],
    "updaterUserName": "h***4"
}