{
    "cid": "x87swmu1NN",
    "authorUid": "bd-2302755999",
    "authorUserName": "159*****209",
    "title": "湖北省地图画线",
    "description": "湖北省地图画线",
    "latestVersion": 3,
    "alwaysLatest": 1,
    "createTime": "2018-11-02T04:49:55.000Z",
    "lastUpdateTime": "2018-11-02T04:49:55.000Z",
    "auth": 2,
    "uid": "bd-2302755999",
    "publishedVersion": 0,
    "forkFrom": "-",
    "isSpam": 0,
    "version": 3,
    "parentVersion": 2,
    "echartsVersion": "4.2.0",
    "versionCreateTime": "2018-11-02T04:53:36.000Z",
    "html": "",
    "externalScripts": "http://echarts.baidu.com/resource/echarts-gl-latest/dist/echarts-gl.min.js,/dep/echarts/map/js/province/hubei.js",
    "updaterUID": "bd-2302755999",
    "theme": "",
    "layout": "",
    "viewCount": 949,
    "userName": "159*****209",
    "commentCount": 0,
    "starCount": 5,
    "isStared": 0,
    "thumbnailURL": "https://www.makeapie.com/ecg-storage/ec_gallery_thumbnail/x87swmu1NN.png?v=1541134416533",
    "isCustomThumbnail": 0,
    "builtinTags": [
        "category-work",
        "geo3D",
        "series-bar3D",
        "series-lines3D",
        "title",
        "tooltip",
        "visualMap"
    ],
    "customTags": [],
    "updaterUserName": "159*****209"
}