{
    "cid": "xAxMvhe5yk",
    "authorUid": "bd-181101713",
    "authorUserName": "j***6",
    "title": "渐变色柱状图",
    "description": "限制x轴最大值，若轴值显示不全，则使用rotate倾斜一定角度即可",
    "latestVersion": 1,
    "alwaysLatest": 1,
    "createTime": "2018-11-02T03:17:17.000Z",
    "lastUpdateTime": "2018-11-02T03:17:17.000Z",
    "auth": 1,
    "uid": "bd-181101713",
    "publishedVersion": 0,
    "forkFrom": "-",
    "isSpam": 0,
    "version": 1,
    "parentVersion": -1,
    "echartsVersion": "4.2.0",
    "versionCreateTime": "2018-11-02T03:17:17.000Z",
    "html": "",
    "externalScripts": "",
    "updaterUID": "bd-181101713",
    "theme": "",
    "layout": "",
    "viewCount": 641,
    "userName": "j***6",
    "commentCount": 0,
    "starCount": 3,
    "isStared": 0,
    "thumbnailURL": "https://www.makeapie.com/ecg-storage/ec_gallery_thumbnail/xAxMvhe5yk.png?v=1541128637278",
    "isCustomThumbnail": 0,
    "builtinTags": [
        "category-work",
        "grid",
        "series-bar",
        "tooltip"
    ],
    "customTags": [
        "柱状",
        "渐变"
    ],
    "updaterUserName": "j***6"
}