{
    "cid": "xbr2_CIZn-",
    "authorUid": "bd-2034378441",
    "authorUserName": "丶***光",
    "title": "aq雷达图",
    "description": "雷达图案例",
    "latestVersion": 4,
    "alwaysLatest": 1,
    "createTime": "2018-11-06T01:44:06.000Z",
    "lastUpdateTime": "2018-11-06T01:44:06.000Z",
    "auth": 2,
    "uid": "bd-2034378441",
    "publishedVersion": 0,
    "forkFrom": "-",
    "isSpam": 0,
    "version": 4,
    "parentVersion": 3,
    "echartsVersion": "4.2.0",
    "versionCreateTime": "2018-11-06T05:24:32.000Z",
    "html": "",
    "externalScripts": "",
    "updaterUID": "bd-2034378441",
    "theme": "",
    "layout": "",
    "viewCount": 1891,
    "userName": "丶***光",
    "commentCount": 0,
    "starCount": 4,
    "isStared": 0,
    "thumbnailURL": "https://www.makeapie.com/ecg-storage/ec_gallery_thumbnail/xbr2_CIZn-.png?v=1541481872878",
    "isCustomThumbnail": 0,
    "builtinTags": [
        "category-work",
        "radar",
        "series-radar",
        "tooltip"
    ],
    "customTags": [],
    "updaterUserName": "丶***光"
}