{
    "cid": "xf6DhIhu-b",
    "authorUid": "bd-909298879",
    "authorUserName": "w***u",
    "title": "时间坐标轴",
    "description": "",
    "latestVersion": 2,
    "alwaysLatest": 1,
    "createTime": "2018-11-02T03:29:33.000Z",
    "lastUpdateTime": "2018-11-02T03:29:33.000Z",
    "auth": 2,
    "uid": "bd-909298879",
    "publishedVersion": 0,
    "forkFrom": "-",
    "isSpam": 0,
    "version": 2,
    "parentVersion": 1,
    "echartsVersion": "4.2.0",
    "versionCreateTime": "2018-11-02T06:11:02.000Z",
    "html": "",
    "externalScripts": "",
    "updaterUID": "bd-909298879",
    "theme": "",
    "layout": "",
    "viewCount": 169,
    "userName": "w***u",
    "commentCount": 0,
    "starCount": 1,
    "isStared": 0,
    "thumbnailURL": "https://www.makeapie.com/ecg-storage/ec_gallery_thumbnail/xf6DhIhu-b.png?v=1541139062514",
    "isCustomThumbnail": 0,
    "builtinTags": [
        "category-work",
        "grid",
        "series-line",
        "title",
        "tooltip"
    ],
    "customTags": [],
    "updaterUserName": "w***u"
}