{
    "cid": "xfmeq30pAD",
    "authorUid": "bd-1195684012",
    "authorUserName": "9***年",
    "title": "评分",
    "description": "",
    "latestVersion": 1,
    "alwaysLatest": 1,
    "createTime": "2018-11-02T07:02:46.000Z",
    "lastUpdateTime": "2018-11-02T07:02:46.000Z",
    "auth": 2,
    "uid": "bd-1195684012",
    "publishedVersion": 0,
    "forkFrom": "-",
    "isSpam": 0,
    "version": 1,
    "parentVersion": -1,
    "echartsVersion": "4.2.0",
    "versionCreateTime": "2018-11-02T07:02:46.000Z",
    "html": "",
    "externalScripts": "",
    "updaterUID": "bd-1195684012",
    "theme": "",
    "layout": "",
    "viewCount": 430,
    "userName": "9***年",
    "commentCount": 0,
    "starCount": 4,
    "isStared": 0,
    "thumbnailURL": "https://www.makeapie.com/ecg-storage/ec_gallery_thumbnail/xfmeq30pAD.png?v=1541142166595",
    "isCustomThumbnail": 0,
    "builtinTags": [
        "category-work",
        "grid",
        "markPoint",
        "series-bar",
        "series-line"
    ],
    "customTags": [],
    "updaterUserName": "9***年"
}