{
    "cid": "xGaQYYdPg_",
    "authorUid": "bd-3109376405",
    "authorUserName": "弹***莫",
    "title": "带点击事件的柱状图",
    "description": "",
    "latestVersion": 2,
    "alwaysLatest": 1,
    "createTime": "2018-11-02T10:52:35.000Z",
    "lastUpdateTime": "2018-11-02T10:52:35.000Z",
    "auth": 2,
    "uid": "bd-3109376405",
    "publishedVersion": 0,
    "forkFrom": "-",
    "isSpam": 0,
    "version": 2,
    "parentVersion": 1,
    "echartsVersion": "4.2.0",
    "versionCreateTime": "2018-11-05T07:10:44.000Z",
    "html": "",
    "externalScripts": "",
    "updaterUID": "bd-3109376405",
    "theme": "",
    "layout": "",
    "viewCount": 149,
    "userName": "弹***莫",
    "commentCount": 0,
    "starCount": 0,
    "isStared": 0,
    "thumbnailURL": "https://www.makeapie.com/ecg-storage/ec_gallery_thumbnail/xGaQYYdPg_.png?v=1541401844291",
    "isCustomThumbnail": 0,
    "builtinTags": [
        "category-work",
        "grid",
        "series-bar",
        "tooltip"
    ],
    "customTags": [],
    "updaterUserName": "弹***莫"
}