{
    "cid": "xiSvdY93T3",
    "authorUid": "bd-336012355",
    "authorUserName": "k***",
    "title": "极坐标柱状图label",
    "description": "",
    "latestVersion": 2,
    "alwaysLatest": 1,
    "createTime": "2018-11-01T08:33:12.000Z",
    "lastUpdateTime": "2018-11-01T08:33:12.000Z",
    "auth": 2,
    "uid": "bd-336012355",
    "publishedVersion": 0,
    "forkFrom": "-",
    "isSpam": 0,
    "version": 2,
    "parentVersion": 1,
    "echartsVersion": "4.2.0",
    "versionCreateTime": "2018-11-02T08:57:24.000Z",
    "html": "",
    "externalScripts": "",
    "updaterUID": "bd-336012355",
    "theme": "",
    "layout": "",
    "viewCount": 159,
    "userName": "k***",
    "commentCount": 0,
    "starCount": 0,
    "isStared": 0,
    "thumbnailURL": "https://www.makeapie.com/ecg-storage/ec_gallery_thumbnail/xiSvdY93T3.png?v=1541149044610",
    "isCustomThumbnail": 0,
    "builtinTags": [
        "category-work",
        "legend",
        "polar",
        "series-bar",
        "series-custom"
    ],
    "customTags": [],
    "updaterUserName": "k***"
}