{
    "cid": "xKnUa-WxVW",
    "authorUid": "bd-1895925720",
    "authorUserName": "心***阔",
    "title": "气泡图测试_自动轮播",
    "description": "每个气泡自动轮播并显示tooltip",
    "latestVersion": 1,
    "alwaysLatest": 1,
    "createTime": "2018-11-02T07:25:48.000Z",
    "lastUpdateTime": "2018-11-02T07:25:48.000Z",
    "auth": 1,
    "uid": "bd-1895925720",
    "publishedVersion": 0,
    "forkFrom": "-",
    "isSpam": 0,
    "version": 1,
    "parentVersion": -1,
    "echartsVersion": "4.2.0",
    "versionCreateTime": "2018-11-02T07:25:48.000Z",
    "html": "",
    "externalScripts": "",
    "updaterUID": "bd-1895925720",
    "theme": "",
    "layout": "",
    "viewCount": 256,
    "userName": "心***阔",
    "commentCount": 0,
    "starCount": 1,
    "isStared": 0,
    "thumbnailURL": "https://www.makeapie.com/ecg-storage/ec_gallery_thumbnail/xKnUa-WxVW.png?v=1541143548790",
    "isCustomThumbnail": 1,
    "builtinTags": [
        "category-work",
        "grid",
        "legend",
        "series-scatter",
        "title",
        "tooltip"
    ],
    "customTags": [],
    "updaterUserName": "心***阔"
}