{
    "cid": "xkU_jBFGp8",
    "authorUid": "bd-201593938",
    "authorUserName": "l***2",
    "title": "双Y轴分别显示数值和比例",
    "description": "",
    "latestVersion": 1,
    "alwaysLatest": 1,
    "createTime": "2018-11-02T13:10:06.000Z",
    "lastUpdateTime": "2018-11-02T13:10:06.000Z",
    "auth": 1,
    "uid": "bd-201593938",
    "publishedVersion": 0,
    "forkFrom": "-",
    "isSpam": 0,
    "version": 1,
    "parentVersion": -1,
    "echartsVersion": "4.2.0",
    "versionCreateTime": "2018-11-02T13:10:06.000Z",
    "html": "",
    "externalScripts": "",
    "updaterUID": "bd-201593938",
    "theme": "",
    "layout": "",
    "viewCount": 56,
    "userName": "l***2",
    "commentCount": 0,
    "starCount": 0,
    "isStared": 0,
    "thumbnailURL": "https://www.makeapie.com/ecg-storage/ec_gallery_thumbnail/xkU_jBFGp8.png?v=1541164206765",
    "isCustomThumbnail": 0,
    "builtinTags": [
        "category-work",
        "grid",
        "series-line",
        "title",
        "tooltip"
    ],
    "customTags": [],
    "updaterUserName": "l***2"
}