{
    "cid": "xt8vk7p6Z6",
    "authorUid": "bd-1262240652",
    "authorUserName": "love鹏程万里92",
    "title": "开深圳酒店发票_优信财税网",
    "description": "开深圳酒店发票【手机/微信同号:13713688465鲁经理】",
    "latestVersion": 2,
    "alwaysLatest": 1,
    "createTime": "2018-11-02T16:47:32.000Z",
    "lastUpdateTime": "2018-11-02T16:47:32.000Z",
    "auth": 2,
    "uid": "bd-1262240652",
    "publishedVersion": 0,
    "forkFrom": "-",
    "isSpam": 0,
    "version": 2,
    "parentVersion": 1,
    "echartsVersion": "4.2.0",
    "versionCreateTime": "2018-11-02T16:48:01.000Z",
    "html": "",
    "externalScripts": "",
    "updaterUID": "bd-1262240652",
    "theme": "",
    "layout": "",
    "viewCount": 45,
    "userName": "love鹏程万里92",
    "commentCount": 0,
    "starCount": 0,
    "isStared": 0,
    "thumbnailURL": "https://www.makeapie.com/ecg-storage/ec_gallery_thumbnail/xt8vk7p6Z6.png?v=1541177281651",
    "isCustomThumbnail": 0,
    "builtinTags": [
        "category-work"
    ],
    "customTags": [
        "title"
    ],
    "updaterUserName": "love鹏程万里92"
}