{
    "cid": "xzinv8RJjE",
    "authorUid": "bd-3511599079",
    "authorUserName": "java小学生儿",
    "title": "双重柱状图加背景",
    "description": "",
    "latestVersion": 2,
    "alwaysLatest": 1,
    "createTime": "2018-11-06T07:33:06.000Z",
    "lastUpdateTime": "2018-11-06T07:33:06.000Z",
    "auth": 2,
    "uid": "bd-3511599079",
    "publishedVersion": 0,
    "forkFrom": "-",
    "isSpam": 0,
    "version": 2,
    "parentVersion": 1,
    "echartsVersion": "4.2.0",
    "versionCreateTime": "2018-11-06T07:33:24.000Z",
    "html": "",
    "externalScripts": "",
    "updaterUID": "bd-3511599079",
    "theme": "",
    "layout": "",
    "viewCount": 43,
    "userName": "java小学生儿",
    "commentCount": 0,
    "starCount": 0,
    "isStared": 0,
    "thumbnailURL": "https://www.makeapie.com/ecg-storage/ec_gallery_thumbnail/xzinv8RJjE.png?v=1541489604298",
    "isCustomThumbnail": 0,
    "builtinTags": [
        "category-work",
        "grid",
        "series-bar"
    ],
    "customTags": [],
    "updaterUserName": "java小学生儿"
}