{
    "cid": "x14yA9r2Rk",
    "authorUid": "bd-977196853",
    "authorUserName": "残***漫",
    "title": "legend",
    "description": "",
    "latestVersion": 1,
    "alwaysLatest": 1,
    "createTime": "2020-04-22T01:56:46.000Z",
    "lastUpdateTime": "2020-04-22T01:56:46.000Z",
    "auth": 2,
    "uid": "bd-977196853",
    "publishedVersion": 0,
    "forkFrom": "-",
    "isSpam": 0,
    "version": 1,
    "parentVersion": -1,
    "echartsVersion": "4.7.0",
    "versionCreateTime": "2020-04-22T01:56:46.000Z",
    "html": "",
    "externalScripts": "",
    "updaterUID": "bd-977196853",
    "theme": "",
    "layout": "",
    "viewCount": 501,
    "userName": "残***漫",
    "commentCount": 0,
    "starCount": 2,
    "isStared": 0,
    "thumbnailURL": "https://www.makeapie.com/ecg-storage/ec_gallery_thumbnail/x14yA9r2Rk.png?v=1587520606214",
    "isCustomThumbnail": 0,
    "builtinTags": [
        "category-work",
        "legend",
        "series-pie",
        "tooltip"
    ],
    "customTags": [],
    "updaterUserName": "残***漫"
}