{
    "cid": "x4g8JRULmh",
    "authorUid": "obd-oDVacrrTHNUcUgC65H1tIVQwHw1h410",
    "authorUserName": "l***l",
    "title": "不同等级的年龄分布",
    "description": "",
    "latestVersion": 1,
    "alwaysLatest": 1,
    "createTime": "2020-04-23T02:16:06.000Z",
    "lastUpdateTime": "2020-04-23T02:16:06.000Z",
    "auth": 2,
    "uid": "obd-oDVacrrTHNUcUgC65H1tIVQwHw1h410",
    "publishedVersion": 0,
    "forkFrom": "-",
    "isSpam": 0,
    "version": 1,
    "parentVersion": -1,
    "echartsVersion": "4.7.0",
    "versionCreateTime": "2020-04-23T02:16:06.000Z",
    "html": "",
    "externalScripts": "",
    "updaterUID": "obd-oDVacrrTHNUcUgC65H1tIVQwHw1h410",
    "theme": "",
    "layout": "",
    "viewCount": 594,
    "userName": "l***l",
    "commentCount": 0,
    "starCount": 4,
    "isStared": 0,
    "thumbnailURL": "https://www.makeapie.com/ecg-storage/ec_gallery_thumbnail/x4g8JRULmh.png?v=1587608167066",
    "isCustomThumbnail": 0,
    "builtinTags": [
        "category-work",
        "legend",
        "radar",
        "series-pie",
        "series-radar",
        "title",
        "tooltip"
    ],
    "customTags": [],
    "updaterUserName": "l***l"
}