{
    "cid": "x6Gd--JjrmS",
    "authorUid": "bd-181101713",
    "authorUserName": "j***6",
    "title": "地域分布-蓝色中国",
    "description": "样式参考百度统计，全部样式请查看：http://js.jirengu.com/gacik/1/",
    "latestVersion": 1,
    "alwaysLatest": 1,
    "createTime": "2020-04-20T12:41:00.000Z",
    "lastUpdateTime": "2020-04-20T12:41:00.000Z",
    "auth": 2,
    "uid": "bd-181101713",
    "publishedVersion": 0,
    "forkFrom": "-",
    "isSpam": 0,
    "version": 1,
    "parentVersion": -1,
    "echartsVersion": "4.7.0",
    "versionCreateTime": "2020-04-20T12:41:00.000Z",
    "html": "",
    "externalScripts": "/dep/echarts/map/js/china.js",
    "updaterUID": "bd-181101713",
    "theme": "",
    "layout": "",
    "viewCount": 8565,
    "userName": "j***6",
    "commentCount": 0,
    "starCount": 19,
    "isStared": 0,
    "thumbnailURL": "https://www.makeapie.com/ecg-storage/ec_gallery_thumbnail/x6Gd--JjrmS.png?v=1587386461410",
    "isCustomThumbnail": 1,
    "builtinTags": [
        "category-work",
        "geo",
        "series-map",
        "tooltip",
        "visualMap"
    ],
    "customTags": [],
    "updaterUserName": "j***6"
}