{
    "cid": "x8A5uj1hSG",
    "authorUid": "bd-3109896911",
    "authorUserName": "11...4@qq.com",
    "title": "Awesome Chart",
    "description": "",
    "latestVersion": 1,
    "alwaysLatest": 1,
    "createTime": "2020-04-23T02:30:27.000Z",
    "lastUpdateTime": "2020-04-23T02:30:27.000Z",
    "auth": 1,
    "uid": "bd-3109896911",
    "publishedVersion": 0,
    "forkFrom": "-",
    "isSpam": 0,
    "version": 1,
    "parentVersion": -1,
    "echartsVersion": "4.7.0",
    "versionCreateTime": "2020-04-23T02:30:27.000Z",
    "html": "",
    "externalScripts": "",
    "updaterUID": "bd-3109896911",
    "theme": "",
    "layout": "",
    "viewCount": 20,
    "userName": "11...4@qq.com",
    "commentCount": 0,
    "starCount": 0,
    "isStared": 0,
    "thumbnailURL": "https://www.makeapie.com/ecg-storage/ec_gallery_thumbnail/x8A5uj1hSG.png?v=1587609027448",
    "isCustomThumbnail": 0,
    "builtinTags": [
        "category-work",
        "grid",
        "series-line",
        "title"
    ],
    "customTags": [],
    "updaterUserName": "11...4@qq.com"
}