{
    "cid": "xbWUjtg754",
    "authorUid": "bd-1286917197",
    "authorUserName": "日***_",
    "title": "半圆饼图",
    "description": "",
    "latestVersion": 2,
    "alwaysLatest": 1,
    "createTime": "2020-04-21T08:43:47.000Z",
    "lastUpdateTime": "2020-04-21T08:43:47.000Z",
    "auth": 2,
    "uid": "bd-1286917197",
    "publishedVersion": 0,
    "forkFrom": "-",
    "isSpam": 0,
    "version": 2,
    "parentVersion": 1,
    "echartsVersion": "4.7.0",
    "versionCreateTime": "2020-04-21T09:58:50.000Z",
    "html": "",
    "externalScripts": "",
    "updaterUID": "bd-1286917197",
    "theme": "",
    "layout": "",
    "viewCount": 353,
    "userName": "日***_",
    "commentCount": 0,
    "starCount": 0,
    "isStared": 0,
    "thumbnailURL": "https://www.makeapie.com/ecg-storage/ec_gallery_thumbnail/xbWUjtg754.png?v=1587463130808",
    "isCustomThumbnail": 0,
    "builtinTags": [
        "category-work",
        "series-pie",
        "title",
        "tooltip"
    ],
    "customTags": [
        "半圆",
        "饼图"
    ],
    "updaterUserName": "日***_"
}