{
    "cid": "xg37kQwwyd",
    "authorUid": "bd-2545319",
    "authorUserName": "i***绘",
    "title": "简单进度条",
    "description": "",
    "latestVersion": 1,
    "alwaysLatest": 1,
    "createTime": "2020-04-22T07:00:05.000Z",
    "lastUpdateTime": "2020-04-22T07:00:05.000Z",
    "auth": 2,
    "uid": "bd-2545319",
    "publishedVersion": 0,
    "forkFrom": "-",
    "isSpam": 0,
    "version": 1,
    "parentVersion": -1,
    "echartsVersion": "4.7.0",
    "versionCreateTime": "2020-04-22T07:00:05.000Z",
    "html": "",
    "externalScripts": "",
    "updaterUID": "bd-2545319",
    "theme": "",
    "layout": "",
    "viewCount": 2167,
    "userName": "i***绘",
    "commentCount": 0,
    "starCount": 14,
    "isStared": 0,
    "thumbnailURL": "https://www.makeapie.com/ecg-storage/ec_gallery_thumbnail/xg37kQwwyd.png?v=1587538805894",
    "isCustomThumbnail": 0,
    "builtinTags": [
        "category-work",
        "grid",
        "series-bar",
        "series-pictorialBar"
    ],
    "customTags": [],
    "updaterUserName": "i***绘"
}