{
    "cid": "xIWwiLhcoA",
    "authorUid": "obd-olmfyUFhy6KSWdLOzQdF9hRgCu0i10g",
    "authorUserName": "H***d",
    "title": "数据动态滚动",
    "description": "数据动态滚动(滚动条可隐藏)",
    "latestVersion": 1,
    "alwaysLatest": 1,
    "createTime": "2020-04-20T08:19:29.000Z",
    "lastUpdateTime": "2020-04-20T08:19:29.000Z",
    "auth": 2,
    "uid": "obd-olmfyUFhy6KSWdLOzQdF9hRgCu0i10g",
    "publishedVersion": 0,
    "forkFrom": "-",
    "isSpam": 0,
    "version": 1,
    "parentVersion": -1,
    "echartsVersion": "4.7.0",
    "versionCreateTime": "2020-04-20T08:19:29.000Z",
    "html": "",
    "externalScripts": "",
    "updaterUID": "obd-olmfyUFhy6KSWdLOzQdF9hRgCu0i10g",
    "theme": "",
    "layout": "",
    "viewCount": 254,
    "userName": "H***d",
    "commentCount": 0,
    "starCount": 1,
    "isStared": 0,
    "thumbnailURL": "https://www.makeapie.com/ecg-storage/ec_gallery_thumbnail/xIWwiLhcoA.png?v=1587370770030",
    "isCustomThumbnail": 0,
    "builtinTags": [
        "category-work",
        "dataZoom",
        "grid",
        "series-bar",
        "tooltip"
    ],
    "customTags": [
        "datazoom"
    ],
    "updaterUserName": "H***d"
}