{
    "cid": "xkOYh4TRew",
    "authorUid": "bd-1006967428",
    "authorUserName": "w***7",
    "title": "带边框圆环图",
    "description": "",
    "latestVersion": 1,
    "alwaysLatest": 1,
    "createTime": "2020-04-21T12:50:01.000Z",
    "lastUpdateTime": "2020-04-21T12:50:01.000Z",
    "auth": 2,
    "uid": "bd-1006967428",
    "publishedVersion": 0,
    "forkFrom": "-",
    "isSpam": 0,
    "version": 1,
    "parentVersion": -1,
    "echartsVersion": "4.7.0",
    "versionCreateTime": "2020-04-21T12:50:01.000Z",
    "html": "",
    "externalScripts": "",
    "updaterUID": "bd-1006967428",
    "theme": "",
    "layout": "",
    "viewCount": 234,
    "userName": "w***7",
    "commentCount": 0,
    "starCount": 0,
    "isStared": 0,
    "thumbnailURL": "https://www.makeapie.com/ecg-storage/ec_gallery_thumbnail/xkOYh4TRew.png?v=1587473401206",
    "isCustomThumbnail": 0,
    "builtinTags": [
        "category-work",
        "legend",
        "series-pie"
    ],
    "customTags": [],
    "updaterUserName": "w***7"
}