{
    "cid": "xW0qq9Z6C5",
    "authorUid": "bd-259133423",
    "authorUserName": "祖***6",
    "title": "叠加柱状图",
    "description": "",
    "latestVersion": 3,
    "alwaysLatest": 1,
    "createTime": "2020-04-21T09:35:19.000Z",
    "lastUpdateTime": "2020-04-21T09:35:19.000Z",
    "auth": 2,
    "uid": "bd-259133423",
    "publishedVersion": 0,
    "forkFrom": "-",
    "isSpam": 0,
    "version": 3,
    "parentVersion": 2,
    "echartsVersion": "4.7.0",
    "versionCreateTime": "2020-04-21T09:38:32.000Z",
    "html": "",
    "externalScripts": "",
    "updaterUID": "bd-259133423",
    "theme": "",
    "layout": "",
    "viewCount": 188,
    "userName": "祖***6",
    "commentCount": 0,
    "starCount": 1,
    "isStared": 0,
    "thumbnailURL": "https://www.makeapie.com/ecg-storage/ec_gallery_thumbnail/xW0qq9Z6C5.png?v=1587461912582",
    "isCustomThumbnail": 0,
    "builtinTags": [
        "category-work",
        "grid",
        "series-bar",
        "tooltip"
    ],
    "customTags": [],
    "updaterUserName": "祖***6"
}