{
    "cid": "xycJPBZxnu",
    "authorUid": "obd-oPfypf3tSuA8YPT4qUrFBFatgKA3N9V",
    "authorUserName": "轻***瓶",
    "title": "buju",
    "description": "多图布局",
    "latestVersion": 3,
    "alwaysLatest": 1,
    "createTime": "2020-04-22T07:23:44.000Z",
    "lastUpdateTime": "2020-04-22T07:28:13.000Z",
    "auth": 2,
    "uid": "obd-oPfypf3tSuA8YPT4qUrFBFatgKA3N9V",
    "publishedVersion": 0,
    "forkFrom": "-",
    "isSpam": 0,
    "version": 3,
    "parentVersion": 2,
    "echartsVersion": "4.7.0",
    "versionCreateTime": "2020-04-22T07:25:18.000Z",
    "html": "",
    "externalScripts": "",
    "updaterUID": "obd-oPfypf3tSuA8YPT4qUrFBFatgKA3N9V",
    "theme": "",
    "layout": "{\"name\":\"Nx1\",\"width\":[\"100%\"],\"height\":[\"50%\",\"50%\"]}",
    "viewCount": 16,
    "userName": "轻***瓶",
    "commentCount": 0,
    "starCount": 0,
    "isStared": 0,
    "thumbnailURL": "https://www.makeapie.com/ecg-storage/ec_gallery_thumbnail/xycJPBZxnu.png?v=1587540318915",
    "isCustomThumbnail": 0,
    "builtinTags": [],
    "customTags": [],
    "updaterUserName": "轻***瓶"
}