{
    "cid": "xB1COCy7UM",
    "authorUid": "bd-3255677701",
    "authorUserName": "Do裁决",
    "title": "购买对象所在省份TOP10",
    "description": "销售面积区间",
    "latestVersion": 1,
    "alwaysLatest": 1,
    "createTime": "2018-02-03T08:10:30.000Z",
    "lastUpdateTime": "2018-02-03T08:10:30.000Z",
    "auth": 2,
    "uid": "bd-3255677701",
    "publishedVersion": 0,
    "forkFrom": "-",
    "isSpam": 0,
    "version": 1,
    "parentVersion": -1,
    "echartsVersion": "3.8.0",
    "versionCreateTime": "2018-02-03T08:10:30.000Z",
    "html": "",
    "externalScripts": "http://echarts.baidu.com/resource/echarts-gl-latest/dist/echarts-gl.min.js,http://gallery.echartsjs.com/dep/jquery/jquery.min.js,/dep/echarts/map/js/china.js",
    "updaterUID": "bd-3255677701",
    "theme": "",
    "layout": "",
    "viewCount": 42638,
    "userName": "Do裁决",
    "commentCount": 12,
    "starCount": 64,
    "isStared": 0,
    "thumbnailURL": "https://www.makeapie.com/ecg-storage/ec_gallery_thumbnail/xB1COCy7UM.png?v=1517645430286",
    "isCustomThumbnail": 0,
    "builtinTags": [
        "category-work",
        "geo",
        "legend",
        "series-effectScatter",
        "series-map",
        "series-scatter",
        "title",
        "tooltip",
        "visualMap"
    ],
    "customTags": [],
    "updaterUserName": "Do裁决"
}