{
    "cid": "xB1O0GNWuf",
    "authorUid": "bd-238392997",
    "authorUserName": "不愿一人沉沦",
    "title": "象型柱图",
    "description": "上下两层 ",
    "latestVersion": 5,
    "alwaysLatest": 1,
    "createTime": "2018-02-26T07:10:07.000Z",
    "lastUpdateTime": "2018-02-26T07:10:07.000Z",
    "auth": 2,
    "uid": "bd-238392997",
    "publishedVersion": 0,
    "forkFrom": "-",
    "isSpam": 0,
    "version": 5,
    "parentVersion": 4,
    "echartsVersion": "3.8.0",
    "versionCreateTime": "2018-02-27T09:01:28.000Z",
    "html": "",
    "externalScripts": "",
    "updaterUID": "bd-238392997",
    "theme": "",
    "layout": "",
    "viewCount": 12166,
    "userName": "不愿一人沉沦",
    "commentCount": 4,
    "starCount": 58,
    "isStared": 0,
    "thumbnailURL": "https://www.makeapie.com/ecg-storage/ec_gallery_thumbnail/xB1O0GNWuf.png?v=1519722088226",
    "isCustomThumbnail": 0,
    "builtinTags": [
        "category-work",
        "grid",
        "markPoint",
        "series-pictorialBar",
        "title",
        "tooltip"
    ],
    "customTags": [],
    "updaterUserName": "不愿一人沉沦"
}