{
    "cid": "xB1p_RMTdG",
    "authorUid": "bd-305985122",
    "authorUserName": "爱***生",
    "title": "test_boco_demo",
    "description": "",
    "latestVersion": 1,
    "alwaysLatest": 1,
    "createTime": "2018-03-07T08:10:28.000Z",
    "lastUpdateTime": "2018-03-07T08:10:28.000Z",
    "auth": 2,
    "uid": "bd-305985122",
    "publishedVersion": 0,
    "forkFrom": "-",
    "isSpam": 0,
    "version": 1,
    "parentVersion": -1,
    "echartsVersion": "4.0.4",
    "versionCreateTime": "2018-03-07T08:10:28.000Z",
    "html": "",
    "externalScripts": "",
    "updaterUID": "bd-305985122",
    "theme": "",
    "layout": "",
    "viewCount": 18698,
    "userName": "爱***生",
    "commentCount": 0,
    "starCount": 55,
    "isStared": 0,
    "thumbnailURL": "https://www.makeapie.com/ecg-storage/ec_gallery_thumbnail/xB1p_RMTdG.png?v=1520410228964",
    "isCustomThumbnail": 0,
    "builtinTags": [
        "category-work",
        "grid",
        "markPoint",
        "series-line",
        "tooltip"
    ],
    "customTags": [],
    "updaterUserName": "爱***生"
}