{
    "cid": "xBJpt1AN3f",
    "authorUid": "bd-3778831175",
    "authorUserName": "m***i",
    "title": "NY Buildings And Taxi Roads",
    "description": "NY Buildings And Taxi Roads",
    "latestVersion": 6,
    "alwaysLatest": 1,
    "createTime": "2018-04-18T14:00:37.000Z",
    "lastUpdateTime": "2018-04-18T14:00:37.000Z",
    "auth": 2,
    "uid": "bd-3778831175",
    "publishedVersion": 0,
    "forkFrom": "-",
    "isSpam": 0,
    "version": 6,
    "parentVersion": 5,
    "echartsVersion": "4.1.0",
    "versionCreateTime": "2019-01-09T11:18:43.000Z",
    "html": "",
    "externalScripts": "https://cdn.jsdelivr.net/npm/maptalks@0.39.3/dist/maptalks.min.js,https://cdn.bootcss.com/echarts/4.1.0/echarts.min.js,https://deyihu.github.io/src/lib/echarts-gl.1.1.3.js?tdsourcetag=s_pctim_aiomsg,https://cdn.bootcss.com/jquery/2.0.3/jquery.min.js,https://cdnjs.cloudflare.com/ajax/libs/tween.js/r14/Tween.js",
    "updaterUID": "bd-3778831175",
    "theme": "",
    "layout": "",
    "viewCount": 43052,
    "userName": "m***i",
    "commentCount": 31,
    "starCount": 64,
    "isStared": 0,
    "thumbnailURL": "https://www.makeapie.com/ecg-storage/ec_gallery_thumbnail/xBJpt1AN3f.png?v=1524060038716",
    "isCustomThumbnail": 1,
    "builtinTags": [
        "category-work",
        "maptalks3D",
        "series-lines3D",
        "series-polygons3D"
    ],
    "customTags": [
        "echarts-gl"
    ],
    "updaterUserName": "m***i"
}