{
    "cid": "xBJYVNP-CG",
    "authorUid": "bd-779443",
    "authorUserName": "乱***尚",
    "title": "喀什地区摄像机接入情况",
    "description": "",
    "latestVersion": 2,
    "alwaysLatest": 1,
    "createTime": "2018-05-10T06:18:24.000Z",
    "lastUpdateTime": "2018-05-10T06:18:24.000Z",
    "auth": 2,
    "uid": "bd-779443",
    "publishedVersion": 0,
    "forkFrom": "-",
    "isSpam": 0,
    "version": 2,
    "parentVersion": 1,
    "echartsVersion": "4.1.0",
    "versionCreateTime": "2018-05-10T06:55:09.000Z",
    "html": "",
    "externalScripts": "",
    "updaterUID": "bd-779443",
    "theme": "",
    "layout": "",
    "viewCount": 20939,
    "userName": "乱***尚",
    "commentCount": 2,
    "starCount": 77,
    "isStared": 0,
    "thumbnailURL": "https://www.makeapie.com/ecg-storage/ec_gallery_thumbnail/xBJYVNP-CG.png?v=1525935309198",
    "isCustomThumbnail": 0,
    "builtinTags": [
        "category-work",
        "grid",
        "legend",
        "series-bar",
        "tooltip"
    ],
    "customTags": [],
    "updaterUserName": "乱***尚"
}