{
    "cid": "xBkvHXkR3G",
    "authorUid": "bd-2503219290",
    "authorUserName": "少年淡妆",
    "title": "地图,时间轴练习",
    "description": "新人地图练习,多多关照!",
    "latestVersion": 53,
    "alwaysLatest": 1,
    "createTime": "2018-04-25T11:15:11.000Z",
    "lastUpdateTime": "2018-04-25T11:15:11.000Z",
    "auth": 1,
    "uid": "bd-2503219290",
    "publishedVersion": 0,
    "forkFrom": "-",
    "isSpam": 0,
    "version": 53,
    "parentVersion": 52,
    "echartsVersion": "4.2.1",
    "versionCreateTime": "2019-07-10T08:37:33.000Z",
    "html": "",
    "externalScripts": "",
    "updaterUID": "bd-3642830299",
    "theme": "",
    "layout": "",
    "viewCount": 22002,
    "userName": "少年淡妆",
    "commentCount": 7,
    "starCount": 59,
    "isStared": 0,
    "thumbnailURL": "https://www.makeapie.com/ecg-storage/ec_gallery_thumbnail/xBkvHXkR3G.png?v=1562747853179",
    "isCustomThumbnail": 0,
    "builtinTags": [
        "category-work",
        "geo",
        "grid",
        "series-bar",
        "series-effectScatter",
        "series-map",
        "series-scatter",
        "timeline",
        "title",
        "tooltip"
    ],
    "customTags": [],
    "updaterUserName": "x***6"
}