{
    "cid": "xByAc8C7Fz",
    "authorUid": "bd-338397428",
    "authorUserName": "冷***师",
    "title": "3D柱状图",
    "description": "之前在看到一个H5的报表里面有个3D柱状图很炫，就用ECharts GL模仿着做了一个。",
    "latestVersion": 2,
    "alwaysLatest": 1,
    "createTime": "2018-03-12T10:29:42.000Z",
    "lastUpdateTime": "2018-03-12T10:29:42.000Z",
    "auth": 2,
    "uid": "bd-338397428",
    "publishedVersion": 0,
    "forkFrom": "-",
    "isSpam": 0,
    "version": 2,
    "parentVersion": 1,
    "echartsVersion": "4.2.1",
    "versionCreateTime": "2019-03-22T02:49:39.000Z",
    "html": "",
    "externalScripts": "https://echarts.baidu.com/dist/echarts-gl.min.js",
    "updaterUID": "bd-338397428",
    "theme": "",
    "layout": "",
    "viewCount": 8249,
    "userName": "冷***师",
    "commentCount": 5,
    "starCount": 46,
    "isStared": 0,
    "thumbnailURL": "https://www.makeapie.com/ecg-storage/ec_gallery_thumbnail/xByAc8C7Fz.png?v=1520850582575",
    "isCustomThumbnail": 1,
    "builtinTags": [
        "category-work",
        "grid3D",
        "series-bar3D",
        "title",
        "tooltip",
        "visualMap"
    ],
    "customTags": [],
    "updaterUserName": "冷***师"
}