{
    "cid": "xHJqznUm2f",
    "authorUid": "bd-1864516252",
    "authorUserName": "W还没睡醒",
    "title": "动态数据",
    "description": "纯属虚构",
    "latestVersion": 8,
    "alwaysLatest": 1,
    "createTime": "2018-04-17T11:35:46.000Z",
    "lastUpdateTime": "2018-04-17T11:35:46.000Z",
    "auth": 2,
    "uid": "bd-1864516252",
    "publishedVersion": 0,
    "forkFrom": "-",
    "isSpam": 0,
    "version": 8,
    "parentVersion": 7,
    "echartsVersion": "4.0.4",
    "versionCreateTime": "2018-04-18T08:51:47.000Z",
    "html": "",
    "externalScripts": "",
    "updaterUID": "bd-1864516252",
    "theme": "",
    "layout": "",
    "viewCount": 21251,
    "userName": "W还没睡醒",
    "commentCount": 2,
    "starCount": 59,
    "isStared": 0,
    "thumbnailURL": "https://www.makeapie.com/ecg-storage/ec_gallery_thumbnail/xHJqznUm2f.png?v=1524041507564",
    "isCustomThumbnail": 0,
    "builtinTags": [
        "category-work",
        "dataZoom",
        "graphic",
        "grid",
        "legend",
        "series-bar",
        "series-line",
        "title",
        "toolbox",
        "tooltip"
    ],
    "customTags": [],
    "updaterUserName": "W还没睡醒"
}