{
    "cid": "xHyh3Q7Zuf",
    "authorUid": "bd-1353429936",
    "authorUserName": "m***e",
    "title": "匹配度",
    "description": "多饼图嵌套",
    "latestVersion": 1,
    "alwaysLatest": 1,
    "createTime": "2018-02-26T06:05:39.000Z",
    "lastUpdateTime": "2018-02-26T06:05:39.000Z",
    "auth": 2,
    "uid": "bd-1353429936",
    "publishedVersion": 0,
    "forkFrom": "-",
    "isSpam": 0,
    "version": 1,
    "parentVersion": -1,
    "echartsVersion": "3.8.0",
    "versionCreateTime": "2018-02-26T06:05:40.000Z",
    "html": "",
    "externalScripts": "",
    "updaterUID": "bd-1353429936",
    "theme": "",
    "layout": "",
    "viewCount": 18941,
    "userName": "m***e",
    "commentCount": 0,
    "starCount": 69,
    "isStared": 0,
    "thumbnailURL": "https://www.makeapie.com/ecg-storage/ec_gallery_thumbnail/xHyh3Q7Zuf.png?v=1519625140142",
    "isCustomThumbnail": 0,
    "builtinTags": [
        "category-work",
        "legend",
        "series-pie",
        "title",
        "tooltip"
    ],
    "customTags": [],
    "updaterUserName": "m***e"
}