{
    "cid": "xHymMERhjf",
    "authorUid": "bd-1561129713",
    "authorUserName": "mark_ycj",
    "title": "气泡图",
    "description": "",
    "latestVersion": 1,
    "alwaysLatest": 1,
    "createTime": "2018-04-12T12:41:47.000Z",
    "lastUpdateTime": "2018-04-12T12:41:47.000Z",
    "auth": 2,
    "uid": "bd-1561129713",
    "publishedVersion": 0,
    "forkFrom": "-",
    "isSpam": 0,
    "version": 1,
    "parentVersion": -1,
    "echartsVersion": "4.0.4",
    "versionCreateTime": "2018-04-12T12:41:47.000Z",
    "html": "",
    "externalScripts": "",
    "updaterUID": "bd-1561129713",
    "theme": "",
    "layout": "",
    "viewCount": 17543,
    "userName": "mark_ycj",
    "commentCount": 0,
    "starCount": 55,
    "isStared": 0,
    "thumbnailURL": "https://www.makeapie.com/ecg-storage/ec_gallery_thumbnail/xHymMERhjf.png?v=1523536907695",
    "isCustomThumbnail": 1,
    "builtinTags": [
        "category-work",
        "grid",
        "series-scatter"
    ],
    "customTags": [],
    "updaterUserName": "mark_ycj"
}