{
    "cid": "xr1aZ4cfOz",
    "authorUid": "bd-3929454393",
    "authorUserName": "默***灵",
    "title": "柱图",
    "description": "背景图是用echarts 实现的",
    "latestVersion": 1,
    "alwaysLatest": 1,
    "createTime": "2018-02-27T08:17:08.000Z",
    "lastUpdateTime": "2018-02-27T08:17:08.000Z",
    "auth": 2,
    "uid": "bd-3929454393",
    "publishedVersion": 0,
    "forkFrom": "-",
    "isSpam": 0,
    "version": 1,
    "parentVersion": -1,
    "echartsVersion": "4.0.3",
    "versionCreateTime": "2018-02-27T08:17:08.000Z",
    "html": "",
    "externalScripts": "",
    "updaterUID": "bd-3929454393",
    "theme": "",
    "layout": "",
    "viewCount": 11232,
    "userName": "默***灵",
    "commentCount": 0,
    "starCount": 46,
    "isStared": 0,
    "thumbnailURL": "https://www.makeapie.com/ecg-storage/ec_gallery_thumbnail/xr1aZ4cfOz.png?v=1519719428802",
    "isCustomThumbnail": 0,
    "builtinTags": [
        "category-work",
        "grid",
        "legend",
        "series-bar",
        "tooltip"
    ],
    "customTags": [],
    "updaterUserName": "默***灵"
}