{
    "cid": "xr1cR3pXuG",
    "authorUid": "bd-1245979803",
    "authorUserName": "d***t",
    "title": "2017全球手机市场份额",
    "description": "data from IDC",
    "latestVersion": 7,
    "alwaysLatest": 1,
    "createTime": "2018-02-28T06:31:45.000Z",
    "lastUpdateTime": "2018-02-28T06:31:45.000Z",
    "auth": 2,
    "uid": "bd-1245979803",
    "publishedVersion": 0,
    "forkFrom": "-",
    "isSpam": 0,
    "version": 7,
    "parentVersion": 6,
    "echartsVersion": "4.2.0",
    "versionCreateTime": "2018-09-30T06:54:32.000Z",
    "html": "",
    "externalScripts": "",
    "updaterUID": "bd-1245979803",
    "theme": "",
    "layout": "",
    "viewCount": 12677,
    "userName": "d***t",
    "commentCount": 0,
    "starCount": 51,
    "isStared": 0,
    "thumbnailURL": "https://www.makeapie.com/ecg-storage/ec_gallery_thumbnail/xr1cR3pXuG.png?v=1538290472617",
    "isCustomThumbnail": 0,
    "builtinTags": [
        "category-work",
        "legend",
        "series-pie",
        "series-sunburst",
        "title",
        "tooltip"
    ],
    "customTags": [],
    "updaterUserName": "d***t"
}