{
    "cid": "xr1G4qb1uf",
    "authorUid": "bd-442035385",
    "authorUserName": "小***了",
    "title": "2016年各省市GDP中各产业占比（为饼图不互相重叠，修改了经纬度）",
    "description": "地图上配置饼图",
    "latestVersion": 68,
    "alwaysLatest": 1,
    "createTime": "2018-02-24T15:52:10.000Z",
    "lastUpdateTime": "2019-05-22T11:09:24.000Z",
    "auth": 2,
    "uid": "bd-442035385",
    "publishedVersion": 0,
    "forkFrom": "-",
    "isSpam": 0,
    "version": 68,
    "parentVersion": 41,
    "echartsVersion": "3.8.0",
    "versionCreateTime": "2019-05-22T11:09:10.000Z",
    "html": "",
    "externalScripts": "/dep/echarts/map/js/china.js",
    "updaterUID": "bd-442035385",
    "theme": "default",
    "layout": "",
    "viewCount": 26754,
    "userName": "小***了",
    "commentCount": 7,
    "starCount": 54,
    "isStared": 0,
    "thumbnailURL": "https://www.makeapie.com/ecg-storage/ec_gallery_thumbnail/xr1G4qb1uf.png?v=1558523350743",
    "isCustomThumbnail": 0,
    "builtinTags": [
        "category-work",
        "legend",
        "series-map",
        "series-pie",
        "title",
        "toolbox",
        "tooltip",
        "visualMap"
    ],
    "customTags": [],
    "updaterUserName": "小***了"
}