{
    "cid": "xrkbxPqa6f",
    "authorUid": "bd-1606641265",
    "authorUserName": "你***1",
    "title": "全国色阶地图条形图",
    "description": "\n        text: '",
    "latestVersion": 2,
    "alwaysLatest": 1,
    "createTime": "2018-05-07T09:05:44.000Z",
    "lastUpdateTime": "2018-05-07T09:05:44.000Z",
    "auth": 2,
    "uid": "bd-1606641265",
    "publishedVersion": 0,
    "forkFrom": "-",
    "isSpam": 0,
    "version": 2,
    "parentVersion": 1,
    "echartsVersion": "4.1.0",
    "versionCreateTime": "2018-08-28T05:55:57.000Z",
    "html": "",
    "externalScripts": "/dep/echarts/map/js/china.js",
    "updaterUID": "bd-1606641265",
    "theme": "",
    "layout": "",
    "viewCount": 34402,
    "userName": "你***1",
    "commentCount": 10,
    "starCount": 69,
    "isStared": 0,
    "thumbnailURL": "https://www.makeapie.com/ecg-storage/ec_gallery_thumbnail/xrkbxPqa6f.png?v=1535435757225",
    "isCustomThumbnail": 0,
    "builtinTags": [
        "category-work",
        "geo",
        "grid",
        "series-bar",
        "series-map",
        "title",
        "tooltip",
        "visualMap"
    ],
    "customTags": [],
    "updaterUserName": "你***1"
}