{
    "cid": "xrytPcn9Rz",
    "authorUid": "bd-72754128",
    "authorUserName": "kingdom_Dan",
    "title": "销量占比",
    "description": "改别人的--http://gallery.echartsjs.com/editor.html?c=xHyF3FnqCf，，只为保存收藏",
    "latestVersion": 4,
    "alwaysLatest": 1,
    "createTime": "2018-05-17T08:16:33.000Z",
    "lastUpdateTime": "2018-05-17T08:16:33.000Z",
    "auth": 2,
    "uid": "bd-72754128",
    "publishedVersion": 0,
    "forkFrom": "-",
    "isSpam": 0,
    "version": 4,
    "parentVersion": 3,
    "echartsVersion": "4.1.0",
    "versionCreateTime": "2018-05-18T06:56:00.000Z",
    "html": "",
    "externalScripts": "",
    "updaterUID": "bd-72754128",
    "theme": "",
    "layout": "",
    "viewCount": 9303,
    "userName": "kingdom_Dan",
    "commentCount": 0,
    "starCount": 51,
    "isStared": 0,
    "thumbnailURL": "https://www.makeapie.com/ecg-storage/ec_gallery_thumbnail/xrytPcn9Rz.png?v=1526626560482",
    "isCustomThumbnail": 0,
    "builtinTags": [
        "category-work",
        "legend",
        "polar",
        "series-bar",
        "series-pie",
        "title",
        "tooltip"
    ],
    "customTags": [],
    "updaterUserName": "kingdom_Dan"
}