{
    "cid": "xS1-WnKz_G",
    "authorUid": "bd-3929454393",
    "authorUserName": "默***灵",
    "title": "饼图-带边框的饼图",
    "description": "带边框的饼图，特殊的设计",
    "latestVersion": 2,
    "alwaysLatest": 1,
    "createTime": "2018-02-27T07:42:49.000Z",
    "lastUpdateTime": "2018-02-27T07:42:49.000Z",
    "auth": 2,
    "uid": "bd-3929454393",
    "publishedVersion": 0,
    "forkFrom": "-",
    "isSpam": 0,
    "version": 2,
    "parentVersion": 1,
    "echartsVersion": "4.2.0",
    "versionCreateTime": "2018-11-02T08:39:24.000Z",
    "html": "",
    "externalScripts": "",
    "updaterUID": "bd-3929454393",
    "theme": "",
    "layout": "",
    "viewCount": 10457,
    "userName": "默***灵",
    "commentCount": 1,
    "starCount": 55,
    "isStared": 0,
    "thumbnailURL": "https://www.makeapie.com/ecg-storage/ec_gallery_thumbnail/xS1-WnKz_G.png?v=1519717369201",
    "isCustomThumbnail": 1,
    "builtinTags": [
        "category-work",
        "legend",
        "series-pie",
        "title",
        "tooltip"
    ],
    "customTags": [],
    "updaterUserName": "默***灵"
}