{
    "cid": "xSkaeLv-Az",
    "authorUid": "bd-779443",
    "authorUserName": "乱***尚",
    "title": "喀什地区摄像机在线率排行",
    "description": "",
    "latestVersion": 2,
    "alwaysLatest": 1,
    "createTime": "2018-05-10T06:25:57.000Z",
    "lastUpdateTime": "2018-05-10T06:25:57.000Z",
    "auth": 2,
    "uid": "bd-779443",
    "publishedVersion": 0,
    "forkFrom": "-",
    "isSpam": 0,
    "version": 2,
    "parentVersion": 1,
    "echartsVersion": "4.1.0",
    "versionCreateTime": "2018-05-10T07:32:41.000Z",
    "html": "",
    "externalScripts": "",
    "updaterUID": "bd-779443",
    "theme": "",
    "layout": "",
    "viewCount": 9909,
    "userName": "乱***尚",
    "commentCount": 0,
    "starCount": 43,
    "isStared": 0,
    "thumbnailURL": "https://www.makeapie.com/ecg-storage/ec_gallery_thumbnail/xSkaeLv-Az.png?v=1525937561305",
    "isCustomThumbnail": 0,
    "builtinTags": [
        "category-work",
        "grid",
        "series-bar"
    ],
    "customTags": [],
    "updaterUserName": "乱***尚"
}