{
    "cid": "xSkMDZMxAM",
    "authorUid": "bd-505497963",
    "authorUserName": "A***絡",
    "title": "天津迁徙",
    "description": "数据可更换，去掉头尾注释可直接应用到本地",
    "latestVersion": 1,
    "alwaysLatest": 1,
    "createTime": "2018-05-09T06:12:42.000Z",
    "lastUpdateTime": "2018-05-09T06:12:42.000Z",
    "auth": 2,
    "uid": "bd-505497963",
    "publishedVersion": 0,
    "forkFrom": "-",
    "isSpam": 0,
    "version": 1,
    "parentVersion": -1,
    "echartsVersion": "4.1.0",
    "versionCreateTime": "2018-05-09T06:12:42.000Z",
    "html": "",
    "externalScripts": "",
    "updaterUID": "bd-505497963",
    "theme": "",
    "layout": "",
    "viewCount": 20851,
    "userName": "A***絡",
    "commentCount": 18,
    "starCount": 54,
    "isStared": 0,
    "thumbnailURL": "https://www.makeapie.com/ecg-storage/ec_gallery_thumbnail/xSkMDZMxAM.png?v=1525846362314",
    "isCustomThumbnail": 0,
    "builtinTags": [
        "category-work",
        "geo",
        "series-effectScatter",
        "series-lines",
        "title",
        "tooltip",
        "visualMap"
    ],
    "customTags": [],
    "updaterUserName": "A***絡"
}