{
    "cid": "x4CDhlHcdi",
    "authorUid": "bd-3104958412",
    "authorUserName": "景***e",
    "title": "动态数据 + 时间坐标轴",
    "description": "",
    "latestVersion": 1,
    "alwaysLatest": 1,
    "createTime": "2019-06-20T05:19:59.000Z",
    "lastUpdateTime": "2019-06-20T05:19:59.000Z",
    "auth": 2,
    "uid": "bd-3104958412",
    "publishedVersion": 0,
    "forkFrom": "-",
    "isSpam": 0,
    "version": 1,
    "parentVersion": -1,
    "echartsVersion": "4.2.1",
    "versionCreateTime": "2019-06-20T05:19:59.000Z",
    "html": "",
    "externalScripts": "",
    "updaterUID": "bd-3104958412",
    "theme": "",
    "layout": "",
    "viewCount": 330,
    "userName": "景***e",
    "commentCount": 0,
    "starCount": 1,
    "isStared": 0,
    "thumbnailURL": "https://www.makeapie.com/ecg-storage/ec_gallery_thumbnail/x4CDhlHcdi.png?v=1561007999913",
    "isCustomThumbnail": 0,
    "builtinTags": [
        "category-work",
        "grid",
        "series-line",
        "title",
        "tooltip"
    ],
    "customTags": [],
    "updaterUserName": "景***e"
}