{
    "cid": "xALzEh3j7l",
    "authorUid": "bd-554891109",
    "authorUserName": "WeatherTowns",
    "title": "动效柱状图",
    "description": "",
    "latestVersion": 2,
    "alwaysLatest": 1,
    "createTime": "2019-06-19T02:48:01.000Z",
    "lastUpdateTime": "2019-06-19T02:48:01.000Z",
    "auth": 2,
    "uid": "bd-554891109",
    "publishedVersion": 0,
    "forkFrom": "-",
    "isSpam": 0,
    "version": 2,
    "parentVersion": 1,
    "echartsVersion": "4.2.1",
    "versionCreateTime": "2019-06-19T09:26:56.000Z",
    "html": "",
    "externalScripts": "",
    "updaterUID": "bd-554891109",
    "theme": "",
    "layout": "",
    "viewCount": 322,
    "userName": "WeatherTowns",
    "commentCount": 0,
    "starCount": 0,
    "isStared": 0,
    "thumbnailURL": "https://www.makeapie.com/ecg-storage/ec_gallery_thumbnail/xALzEh3j7l.png?v=1560936416273",
    "isCustomThumbnail": 0,
    "builtinTags": [
        "category-work",
        "grid",
        "series-bar"
    ],
    "customTags": [
        "bar"
    ],
    "updaterUserName": "WeatherTowns"
}