{
    "cid": "xFDygI-dKf",
    "authorUid": "bd-1789385225",
    "authorUserName": "大***祖",
    "title": "江苏",
    "description": "",
    "latestVersion": 4,
    "alwaysLatest": 1,
    "createTime": "2019-06-19T08:05:06.000Z",
    "lastUpdateTime": "2019-06-19T08:05:06.000Z",
    "auth": 2,
    "uid": "bd-1789385225",
    "publishedVersion": 0,
    "forkFrom": "-",
    "isSpam": 0,
    "version": 4,
    "parentVersion": 1,
    "echartsVersion": "4.2.1",
    "versionCreateTime": "2019-07-02T01:17:37.000Z",
    "html": "",
    "externalScripts": "",
    "updaterUID": "bd-1789385225",
    "theme": "",
    "layout": "",
    "viewCount": 1558,
    "userName": "大***祖",
    "commentCount": 2,
    "starCount": 4,
    "isStared": 0,
    "thumbnailURL": "https://www.makeapie.com/ecg-storage/ec_gallery_thumbnail/xFDygI-dKf.png?v=1562030257619",
    "isCustomThumbnail": 0,
    "builtinTags": [
        "category-work",
        "series-map",
        "tooltip",
        "visualMap"
    ],
    "customTags": [],
    "updaterUserName": "大***祖"
}