{
    "cid": "xjk6hHNQLU",
    "authorUid": "bd-174288588",
    "authorUserName": "FgcfKkk",
    "title": "wodetest",
    "description": "wodetest",
    "latestVersion": 1,
    "alwaysLatest": 1,
    "createTime": "2019-06-18T08:41:12.000Z",
    "lastUpdateTime": "2019-06-18T08:41:12.000Z",
    "auth": 2,
    "uid": "bd-174288588",
    "publishedVersion": 0,
    "forkFrom": "-",
    "isSpam": 0,
    "version": 1,
    "parentVersion": -1,
    "echartsVersion": "4.2.1",
    "versionCreateTime": "2019-06-18T08:41:12.000Z",
    "html": "",
    "externalScripts": "",
    "updaterUID": "bd-174288588",
    "theme": "",
    "layout": "",
    "viewCount": 11,
    "userName": "FgcfKkk",
    "commentCount": 0,
    "starCount": 0,
    "isStared": 0,
    "thumbnailURL": "https://www.makeapie.com/ecg-storage/ec_gallery_thumbnail/xjk6hHNQLU.png?v=1560847272799",
    "isCustomThumbnail": 0,
    "builtinTags": [
        "category-work",
        "grid",
        "series-line",
        "title"
    ],
    "customTags": [],
    "updaterUserName": "FgcfKkk"
}