{
    "cid": "xjRvy-XtA1",
    "authorUid": "bd-1298913600",
    "authorUserName": "思***展",
    "title": "五种工况统计图",
    "description": "条形叠加统计图",
    "latestVersion": 6,
    "alwaysLatest": 1,
    "createTime": "2019-06-19T06:26:03.000Z",
    "lastUpdateTime": "2019-06-19T06:26:03.000Z",
    "auth": 1,
    "uid": "bd-1298913600",
    "publishedVersion": 0,
    "forkFrom": "-",
    "isSpam": 0,
    "version": 6,
    "parentVersion": 5,
    "echartsVersion": "4.2.1",
    "versionCreateTime": "2019-06-19T10:20:26.000Z",
    "html": "",
    "externalScripts": "",
    "updaterUID": "bd-1298913600",
    "theme": "",
    "layout": "",
    "viewCount": 92,
    "userName": "思***展",
    "commentCount": 0,
    "starCount": 1,
    "isStared": 0,
    "thumbnailURL": "https://www.makeapie.com/ecg-storage/ec_gallery_thumbnail/xjRvy-XtA1.png?v=1560925564108",
    "isCustomThumbnail": 1,
    "builtinTags": [
        "category-work",
        "dataset",
        "grid",
        "legend",
        "series-bar"
    ],
    "customTags": [],
    "updaterUserName": "思***展"
}