{
    "cid": "xLk2_5kguL",
    "authorUid": "bd-3778831175",
    "authorUserName": "m***i",
    "title": "map3d bordercolor test",
    "description": "map3d bordercolor test",
    "latestVersion": 7,
    "alwaysLatest": 1,
    "createTime": "2019-06-19T01:21:51.000Z",
    "lastUpdateTime": "2019-06-19T01:21:51.000Z",
    "auth": 2,
    "uid": "bd-3778831175",
    "publishedVersion": 0,
    "forkFrom": "-",
    "isSpam": 0,
    "version": 7,
    "parentVersion": 6,
    "echartsVersion": "4.2.1",
    "versionCreateTime": "2019-06-19T04:25:43.000Z",
    "html": "",
    "externalScripts": "https://gallery.echartsjs.com/asset/get/s/data-1560914759463-NbH42Chnc.js,/dep/echarts/map/js/china.js,https://cdn.bootcss.com/randomcolor/0.5.4/randomColor.js",
    "updaterUID": "bd-3778831175",
    "theme": "",
    "layout": "",
    "viewCount": 130,
    "userName": "m***i",
    "commentCount": 0,
    "starCount": 0,
    "isStared": 0,
    "thumbnailURL": "https://www.makeapie.com/ecg-storage/ec_gallery_thumbnail/xLk2_5kguL.png?v=1560918343354",
    "isCustomThumbnail": 0,
    "builtinTags": [
        "category-work",
        "series-map3D"
    ],
    "customTags": [],
    "updaterUserName": "m***i"
}