{
    "cid": "xlUlrSS_cN",
    "authorUid": "bd-3943659342",
    "authorUserName": "夕***影",
    "title": "折线图1",
    "description": "",
    "latestVersion": 1,
    "alwaysLatest": 1,
    "createTime": "2019-06-19T15:30:40.000Z",
    "lastUpdateTime": "2019-06-19T15:30:40.000Z",
    "auth": 2,
    "uid": "bd-3943659342",
    "publishedVersion": 0,
    "forkFrom": "-",
    "isSpam": 0,
    "version": 1,
    "parentVersion": -1,
    "echartsVersion": "4.2.1",
    "versionCreateTime": "2019-06-19T15:30:40.000Z",
    "html": "",
    "externalScripts": "",
    "updaterUID": "bd-3943659342",
    "theme": "",
    "layout": "",
    "viewCount": 145,
    "userName": "夕***影",
    "commentCount": 0,
    "starCount": 1,
    "isStared": 0,
    "thumbnailURL": "https://www.makeapie.com/ecg-storage/ec_gallery_thumbnail/xlUlrSS_cN.png?v=1560958241041",
    "isCustomThumbnail": 0,
    "builtinTags": [
        "category-work",
        "grid",
        "markPoint",
        "series-line",
        "tooltip"
    ],
    "customTags": [],
    "updaterUserName": "夕***影"
}