{
    "cid": "xo-5f4Pbyo",
    "authorUid": "bd-1298913600",
    "authorUserName": "思***展",
    "title": "三轴振动图",
    "description": "三轴振动图样式优化",
    "latestVersion": 3,
    "alwaysLatest": 1,
    "createTime": "2019-06-19T08:11:34.000Z",
    "lastUpdateTime": "2019-06-19T08:11:34.000Z",
    "auth": 1,
    "uid": "bd-1298913600",
    "publishedVersion": 0,
    "forkFrom": "-",
    "isSpam": 0,
    "version": 3,
    "parentVersion": 2,
    "echartsVersion": "4.2.1",
    "versionCreateTime": "2019-06-19T09:20:25.000Z",
    "html": "",
    "externalScripts": "",
    "updaterUID": "bd-1298913600",
    "theme": "",
    "layout": "",
    "viewCount": 54,
    "userName": "思***展",
    "commentCount": 0,
    "starCount": 2,
    "isStared": 0,
    "thumbnailURL": "https://www.makeapie.com/ecg-storage/ec_gallery_thumbnail/xo-5f4Pbyo.png?v=1560931894999",
    "isCustomThumbnail": 1,
    "builtinTags": [
        "category-work",
        "dataset",
        "grid",
        "legend",
        "series-line"
    ],
    "customTags": [],
    "updaterUserName": "思***展"
}