{
    "cid": "xPK84fMUjK",
    "authorUid": "bd-3560695082",
    "authorUserName": "射***士",
    "title": "渐变折线面积图",
    "description": "月份数据呈现的渐变折现面积图",
    "latestVersion": 4,
    "alwaysLatest": 1,
    "createTime": "2019-06-19T10:37:32.000Z",
    "lastUpdateTime": "2019-06-19T10:37:32.000Z",
    "auth": 2,
    "uid": "bd-3560695082",
    "publishedVersion": 0,
    "forkFrom": "-",
    "isSpam": 0,
    "version": 4,
    "parentVersion": 3,
    "echartsVersion": "4.8.0",
    "versionCreateTime": "2020-08-25T02:47:33.000Z",
    "html": "",
    "externalScripts": "",
    "updaterUID": "bd-3560695082",
    "theme": "",
    "layout": "",
    "viewCount": 209,
    "userName": "射***士",
    "commentCount": 0,
    "starCount": 1,
    "isStared": 0,
    "thumbnailURL": "https://www.makeapie.com/ecg-storage/ec_gallery_thumbnail/xPK84fMUjK.png?v=1598323653470",
    "isCustomThumbnail": 0,
    "builtinTags": [
        "category-work",
        "grid",
        "markLine",
        "series-line",
        "tooltip"
    ],
    "customTags": [],
    "updaterUserName": "射***士"
}