{
    "cid": "xq5CpRIw70",
    "authorUid": "bd-2938967831",
    "authorUserName": "z447907186",
    "title": "立体柱状图",
    "description": "立体统计图",
    "latestVersion": 1,
    "alwaysLatest": 1,
    "createTime": "2019-06-19T07:17:10.000Z",
    "lastUpdateTime": "2019-06-19T07:17:10.000Z",
    "auth": 2,
    "uid": "bd-2938967831",
    "publishedVersion": 0,
    "forkFrom": "-",
    "isSpam": 0,
    "version": 1,
    "parentVersion": -1,
    "echartsVersion": "4.2.1",
    "versionCreateTime": "2019-06-19T07:17:10.000Z",
    "html": "",
    "externalScripts": "",
    "updaterUID": "bd-2938967831",
    "theme": "",
    "layout": "",
    "viewCount": 1671,
    "userName": "z447907186",
    "commentCount": 0,
    "starCount": 7,
    "isStared": 0,
    "thumbnailURL": "https://www.makeapie.com/ecg-storage/ec_gallery_thumbnail/xq5CpRIw70.png?v=1560928630386",
    "isCustomThumbnail": 0,
    "builtinTags": [
        "category-work",
        "grid",
        "legend",
        "series-bar",
        "series-pictorialBar"
    ],
    "customTags": [],
    "updaterUserName": "z447907186"
}