{
    "cid": "xR5YvZuSmL",
    "authorUid": "bd-2487039815",
    "authorUserName": "悠然幽然2",
    "title": "全国七大区域地图展示",
    "description": "",
    "latestVersion": 5,
    "alwaysLatest": 1,
    "createTime": "2019-06-18T09:55:05.000Z",
    "lastUpdateTime": "2019-06-18T09:55:05.000Z",
    "auth": 2,
    "uid": "bd-2487039815",
    "publishedVersion": 0,
    "forkFrom": "-",
    "isSpam": 0,
    "version": 5,
    "parentVersion": 4,
    "echartsVersion": "4.2.1",
    "versionCreateTime": "2019-06-18T10:01:59.000Z",
    "html": "",
    "externalScripts": "/dep/echarts/latest/extension/bmap.min.js,/dep/echarts/map/js/china.js,https://cdn.bootcss.com/PapaParse/4.1.2/papaparse.min.js,https://echarts.baidu.com/resource/echarts-stat-latest/dist/ecStat.min.js,/dep/echarts/latest/extension/dataTool.min.js",
    "updaterUID": "bd-2487039815",
    "theme": "",
    "layout": "",
    "viewCount": 709,
    "userName": "悠然幽然2",
    "commentCount": 0,
    "starCount": 1,
    "isStared": 0,
    "thumbnailURL": "https://www.makeapie.com/ecg-storage/ec_gallery_thumbnail/xR5YvZuSmL.png?v=1560852119992",
    "isCustomThumbnail": 0,
    "builtinTags": [
        "category-work",
        "geo",
        "series-map",
        "series-scatter",
        "tooltip"
    ],
    "customTags": [],
    "updaterUserName": "悠然幽然2"
}