{
    "cid": "xSFNamD0z1",
    "authorUid": "bd-258458457",
    "authorUserName": "破***火",
    "title": "阶段区域线图",
    "description": "",
    "latestVersion": 3,
    "alwaysLatest": 1,
    "createTime": "2019-06-18T08:58:13.000Z",
    "lastUpdateTime": "2019-06-18T08:58:13.000Z",
    "auth": 2,
    "uid": "bd-258458457",
    "publishedVersion": 0,
    "forkFrom": "-",
    "isSpam": 0,
    "version": 3,
    "parentVersion": 2,
    "echartsVersion": "4.2.1",
    "versionCreateTime": "2019-06-25T02:29:43.000Z",
    "html": "",
    "externalScripts": "",
    "updaterUID": "bd-258458457",
    "theme": "",
    "layout": "",
    "viewCount": 228,
    "userName": "破***火",
    "commentCount": 0,
    "starCount": 1,
    "isStared": 0,
    "thumbnailURL": "https://www.makeapie.com/ecg-storage/ec_gallery_thumbnail/xSFNamD0z1.png?v=1561429783668",
    "isCustomThumbnail": 0,
    "builtinTags": [
        "category-work",
        "dataZoom",
        "grid",
        "markLine",
        "series-line",
        "title",
        "tooltip",
        "visualMap"
    ],
    "customTags": [],
    "updaterUserName": "破***火"
}