{
    "cid": "xSiCLXlu1S",
    "authorUid": "bd-101897118",
    "authorUserName": "q***e",
    "title": "每个柱子不同的标准线",
    "description": "",
    "latestVersion": 1,
    "alwaysLatest": 1,
    "createTime": "2019-06-19T02:55:53.000Z",
    "lastUpdateTime": "2019-06-19T02:55:53.000Z",
    "auth": 2,
    "uid": "bd-101897118",
    "publishedVersion": 0,
    "forkFrom": "-",
    "isSpam": 0,
    "version": 1,
    "parentVersion": -1,
    "echartsVersion": "4.2.1",
    "versionCreateTime": "2019-06-19T02:55:53.000Z",
    "html": "",
    "externalScripts": "",
    "updaterUID": "bd-101897118",
    "theme": "",
    "layout": "",
    "viewCount": 67,
    "userName": "q***e",
    "commentCount": 0,
    "starCount": 2,
    "isStared": 0,
    "thumbnailURL": "https://www.makeapie.com/ecg-storage/ec_gallery_thumbnail/xSiCLXlu1S.png?v=1560912953752",
    "isCustomThumbnail": 0,
    "builtinTags": [
        "category-work",
        "grid",
        "series-bar",
        "series-line",
        "tooltip"
    ],
    "customTags": [],
    "updaterUserName": "q***e"
}