{
    "cid": "xwnl-Ov4iV",
    "authorUid": "bd-2903669626",
    "authorUserName": "z***2",
    "title": "有角度的环状图",
    "description": "这是你最关心的数据了吧？",
    "latestVersion": 10,
    "alwaysLatest": 1,
    "createTime": "2019-06-19T07:52:01.000Z",
    "lastUpdateTime": "2019-06-19T07:52:01.000Z",
    "auth": 2,
    "uid": "bd-2903669626",
    "publishedVersion": 0,
    "forkFrom": "-",
    "isSpam": 0,
    "version": 10,
    "parentVersion": 8,
    "echartsVersion": "4.2.1",
    "versionCreateTime": "2019-06-20T03:50:15.000Z",
    "html": "",
    "externalScripts": "",
    "updaterUID": "bd-2903669626",
    "theme": "",
    "layout": "",
    "viewCount": 304,
    "userName": "z***2",
    "commentCount": 0,
    "starCount": 0,
    "isStared": 0,
    "thumbnailURL": "https://www.makeapie.com/ecg-storage/ec_gallery_thumbnail/xwnl-Ov4iV.png?v=1561002615548",
    "isCustomThumbnail": 0,
    "builtinTags": [
        "category-work",
        "grid",
        "markPoint",
        "series-pictorialBar",
        "series-pie"
    ],
    "customTags": [],
    "updaterUserName": "z***2"
}