{
    "cid": "xB1JXzV6GZ",
    "authorUid": "bd-17071363",
    "authorUserName": "weigto",
    "title": "使用高峰期",
    "description": "",
    "latestVersion": 5,
    "alwaysLatest": 1,
    "createTime": "2017-06-13T09:36:23.000Z",
    "lastUpdateTime": "2017-06-13T09:36:23.000Z",
    "auth": 1,
    "uid": "bd-17071363",
    "publishedVersion": 0,
    "forkFrom": "-",
    "isSpam": 0,
    "version": 5,
    "parentVersion": 4,
    "echartsVersion": "3.8.0",
    "versionCreateTime": "2018-02-09T09:27:50.000Z",
    "html": "",
    "externalScripts": "",
    "updaterUID": "bd-3288884965",
    "theme": "",
    "layout": "",
    "viewCount": 3800,
    "userName": "weigto",
    "commentCount": 0,
    "starCount": 20,
    "isStared": 0,
    "thumbnailURL": "https://www.makeapie.com/ecg-storage/ec_gallery_thumbnail/xB1JXzV6GZ.png?v=1518168470859",
    "isCustomThumbnail": 0,
    "builtinTags": [
        "category-work",
        "dataZoom",
        "grid",
        "series-bar",
        "title"
    ],
    "customTags": [],
    "updaterUserName": "Kayism"
}