{
    "cid": "xH1KbTT17W",
    "authorUid": "bd-3962533135",
    "authorUserName": "okyangxuanlun",
    "title": "项目施工情况2",
    "description": "",
    "latestVersion": 1,
    "alwaysLatest": 1,
    "createTime": "2017-06-15T09:01:53.000Z",
    "lastUpdateTime": "2017-06-15T09:01:53.000Z",
    "auth": 2,
    "uid": "bd-3962533135",
    "publishedVersion": 0,
    "forkFrom": "-",
    "isSpam": 0,
    "version": 1,
    "parentVersion": -1,
    "echartsVersion": "3.6.1",
    "versionCreateTime": "2017-06-15T09:01:53.000Z",
    "html": "",
    "externalScripts": "",
    "updaterUID": "bd-3962533135",
    "theme": "",
    "layout": "",
    "viewCount": 1172,
    "userName": "okyangxuanlun",
    "commentCount": 0,
    "starCount": 2,
    "isStared": 0,
    "thumbnailURL": "https://www.makeapie.com/ecg-storage/ec_gallery_thumbnail/xH1KbTT17W.png?v=1497517313769",
    "isCustomThumbnail": 0,
    "builtinTags": [
        "category-work",
        "legend",
        "radar",
        "series-radar",
        "title",
        "toolbox",
        "tooltip"
    ],
    "customTags": [],
    "updaterUserName": "okyangxuanlun"
}