{
    "cid": "xH1lrR6lQZ",
    "authorUid": "bd-1500359557",
    "authorUserName": "小明的小可",
    "title": "柱状图",
    "description": "",
    "latestVersion": 1,
    "alwaysLatest": 1,
    "createTime": "2017-06-16T03:19:19.000Z",
    "lastUpdateTime": "2017-06-16T03:19:19.000Z",
    "auth": 2,
    "uid": "bd-1500359557",
    "publishedVersion": 0,
    "forkFrom": "-",
    "isSpam": 0,
    "version": 1,
    "parentVersion": -1,
    "echartsVersion": "3.6.2",
    "versionCreateTime": "2017-06-16T03:19:19.000Z",
    "html": "",
    "externalScripts": "",
    "updaterUID": "bd-1500359557",
    "theme": "",
    "layout": "",
    "viewCount": 292,
    "userName": "小明的小可",
    "commentCount": 0,
    "starCount": 1,
    "isStared": 0,
    "thumbnailURL": "https://www.makeapie.com/ecg-storage/ec_gallery_thumbnail/xH1lrR6lQZ.png?v=1497583159939",
    "isCustomThumbnail": 0,
    "builtinTags": [
        "category-work",
        "grid",
        "legend",
        "series-bar",
        "title",
        "tooltip"
    ],
    "customTags": [],
    "updaterUserName": "小明的小可"
}