{
    "cid": "xHJYonDCMb",
    "authorUid": "bd-3962533135",
    "authorUserName": "okyangxuanlun",
    "title": "建设性质分",
    "description": "",
    "latestVersion": 1,
    "alwaysLatest": 1,
    "createTime": "2017-06-14T07:58:24.000Z",
    "lastUpdateTime": "2017-06-14T07:58:24.000Z",
    "auth": 2,
    "uid": "bd-3962533135",
    "publishedVersion": 0,
    "forkFrom": "-",
    "isSpam": 0,
    "version": 1,
    "parentVersion": -1,
    "echartsVersion": "3.6.1",
    "versionCreateTime": "2017-06-14T07:58:24.000Z",
    "html": "",
    "externalScripts": "",
    "updaterUID": "bd-3962533135",
    "theme": "",
    "layout": "",
    "viewCount": 501,
    "userName": "okyangxuanlun",
    "commentCount": 0,
    "starCount": 1,
    "isStared": 0,
    "thumbnailURL": "https://www.makeapie.com/ecg-storage/ec_gallery_thumbnail/xHJYonDCMb.png?v=1497427104948",
    "isCustomThumbnail": 0,
    "builtinTags": [
        "category-work",
        "legend",
        "series-pie",
        "title",
        "toolbox",
        "tooltip"
    ],
    "customTags": [],
    "updaterUserName": "okyangxuanlun"
}