{
    "cid": "xHkgeAxWXZ",
    "authorUid": "bd-3962533135",
    "authorUserName": "okyangxuanlun",
    "title": "002",
    "description": "",
    "latestVersion": 2,
    "alwaysLatest": 1,
    "createTime": "2017-06-16T06:42:48.000Z",
    "lastUpdateTime": "2017-06-16T06:42:48.000Z",
    "auth": 2,
    "uid": "bd-3962533135",
    "publishedVersion": 0,
    "forkFrom": "-",
    "isSpam": 0,
    "version": 2,
    "parentVersion": 1,
    "echartsVersion": "3.6.2",
    "versionCreateTime": "2017-06-16T07:19:04.000Z",
    "html": "",
    "externalScripts": "",
    "updaterUID": "bd-3962533135",
    "theme": "",
    "layout": "",
    "viewCount": 1161,
    "userName": "okyangxuanlun",
    "commentCount": 0,
    "starCount": 2,
    "isStared": 0,
    "thumbnailURL": "https://www.makeapie.com/ecg-storage/ec_gallery_thumbnail/xHkgeAxWXZ.png?v=1497597545562",
    "isCustomThumbnail": 0,
    "builtinTags": [
        "category-work",
        "series-graph",
        "title",
        "toolbox"
    ],
    "customTags": [],
    "updaterUserName": "okyangxuanlun"
}