{
    "cid": "xr1rJH6gQW",
    "authorUid": "bd-3796128407",
    "authorUserName": "王***响",
    "title": "Data about something in China",
    "description": "",
    "latestVersion": 3,
    "alwaysLatest": 1,
    "createTime": "2017-06-16T02:39:25.000Z",
    "lastUpdateTime": "2017-06-16T02:39:25.000Z",
    "auth": 2,
    "uid": "bd-3796128407",
    "publishedVersion": 0,
    "forkFrom": "-",
    "isSpam": 0,
    "version": 3,
    "parentVersion": 1,
    "echartsVersion": "3.8.0",
    "versionCreateTime": "2017-12-21T07:04:47.000Z",
    "html": "",
    "externalScripts": "/dep/echarts/map/js/china.js",
    "updaterUID": "bd-3796128407",
    "theme": "",
    "layout": "",
    "viewCount": 686,
    "userName": "王***响",
    "commentCount": 0,
    "starCount": 4,
    "isStared": 0,
    "thumbnailURL": "https://www.makeapie.com/ecg-storage/ec_gallery_thumbnail/xr1rJH6gQW.png?v=1513839887427",
    "isCustomThumbnail": 0,
    "builtinTags": [
        "category-work",
        "geo",
        "legend",
        "series-effectScatter",
        "series-scatter",
        "title",
        "tooltip"
    ],
    "customTags": [],
    "updaterUserName": "王***响"
}