{
    "cid": "xrkcVkDCMW",
    "authorUid": "bd-721783549",
    "authorUserName": "leejaen",
    "title": "多X轴",
    "description": "For OiQ",
    "latestVersion": 4,
    "alwaysLatest": 1,
    "createTime": "2017-06-14T07:01:06.000Z",
    "lastUpdateTime": "2017-06-14T07:01:06.000Z",
    "auth": 2,
    "uid": "bd-721783549",
    "publishedVersion": 0,
    "forkFrom": "-",
    "isSpam": 0,
    "version": 4,
    "parentVersion": 3,
    "echartsVersion": "3.6.1",
    "versionCreateTime": "2017-06-14T08:40:51.000Z",
    "html": "",
    "externalScripts": "",
    "updaterUID": "bd-721783549",
    "theme": "",
    "layout": "",
    "viewCount": 1126,
    "userName": "leejaen",
    "commentCount": 0,
    "starCount": 2,
    "isStared": 0,
    "thumbnailURL": "https://www.makeapie.com/ecg-storage/ec_gallery_thumbnail/xrkcVkDCMW.png?v=1497423666563",
    "isCustomThumbnail": 1,
    "builtinTags": [
        "category-work",
        "grid",
        "legend",
        "series-line",
        "toolbox",
        "tooltip"
    ],
    "customTags": [],
    "updaterUserName": "leejaen"
}