{
    "cid": "xryb3S6EXW",
    "authorUid": "bd-1814336888",
    "authorUserName": "灵云之舞",
    "title": "京津冀数量分布",
    "description": "京津冀地图   By王玉泉",
    "latestVersion": 1,
    "alwaysLatest": 1,
    "createTime": "2017-06-19T03:31:53.000Z",
    "lastUpdateTime": "2017-06-19T03:31:53.000Z",
    "auth": 2,
    "uid": "bd-1814336888",
    "publishedVersion": 0,
    "forkFrom": "-",
    "isSpam": 0,
    "version": 1,
    "parentVersion": -1,
    "echartsVersion": "3.6.2",
    "versionCreateTime": "2017-06-19T03:31:53.000Z",
    "html": "",
    "externalScripts": "",
    "updaterUID": "bd-1814336888",
    "theme": "macarons",
    "layout": "",
    "viewCount": 1536,
    "userName": "灵云之舞",
    "commentCount": 1,
    "starCount": 2,
    "isStared": 0,
    "thumbnailURL": "https://www.makeapie.com/ecg-storage/ec_gallery_thumbnail/xryb3S6EXW.png?v=1497843113621",
    "isCustomThumbnail": 0,
    "builtinTags": [
        "category-work",
        "series-map",
        "title",
        "toolbox",
        "tooltip",
        "visualMap"
    ],
    "customTags": [],
    "updaterUserName": "灵云之舞"
}