{
    "cid": "xS15SB20Mb",
    "authorUid": "bd-3796128407",
    "authorUserName": "王***响",
    "title": "echarts logo 三维柱状分层图",
    "description": "echarts渐变logo用三维柱状图描绘",
    "latestVersion": 2,
    "alwaysLatest": 1,
    "createTime": "2017-06-14T13:08:18.000Z",
    "lastUpdateTime": "2020-01-09T03:07:40.000Z",
    "auth": 2,
    "uid": "bd-3796128407",
    "publishedVersion": 0,
    "forkFrom": "-",
    "isSpam": 0,
    "version": 2,
    "parentVersion": 1,
    "echartsVersion": "3.6.1",
    "versionCreateTime": "2017-06-14T13:36:08.000Z",
    "html": "",
    "externalScripts": "http://echarts.baidu.com/resource/echarts-gl-latest/dist/echarts-gl.min.js",
    "updaterUID": "bd-3796128407",
    "theme": "default",
    "layout": "",
    "viewCount": 1703,
    "userName": "王***响",
    "commentCount": 1,
    "starCount": 4,
    "isStared": 0,
    "thumbnailURL": "https://www.makeapie.com/ecg-storage/ec_gallery_thumbnail/xS15SB20Mb.png?v=1578539260849",
    "isCustomThumbnail": 1,
    "builtinTags": [
        "category-work",
        "grid3D",
        "series-bar3D",
        "tooltip"
    ],
    "customTags": [],
    "updaterUserName": "王***响"
}