{
    "cid": "xS16gNOAMZ",
    "authorUid": "bd-3240738333",
    "authorUserName": "hello小郭vo",
    "title": "时间轴折线图",
    "description": "折线图，时间轴",
    "latestVersion": 1,
    "alwaysLatest": 1,
    "createTime": "2017-06-14T08:29:41.000Z",
    "lastUpdateTime": "2017-06-14T08:29:41.000Z",
    "auth": 2,
    "uid": "bd-3240738333",
    "publishedVersion": 0,
    "forkFrom": "-",
    "isSpam": 0,
    "version": 1,
    "parentVersion": -1,
    "echartsVersion": "3.6.1",
    "versionCreateTime": "2017-06-14T08:29:41.000Z",
    "html": "",
    "externalScripts": "",
    "updaterUID": "bd-3240738333",
    "theme": "",
    "layout": "",
    "viewCount": 285,
    "userName": "hello小郭vo",
    "commentCount": 2,
    "starCount": 0,
    "isStared": 0,
    "thumbnailURL": "https://www.makeapie.com/ecg-storage/ec_gallery_thumbnail/xS16gNOAMZ.png?v=1497428981580",
    "isCustomThumbnail": 0,
    "builtinTags": [
        "category-work",
        "dataZoom",
        "grid",
        "legend",
        "series-line"
    ],
    "customTags": [],
    "updaterUserName": "hello小郭vo"
}