{
    "cid": "x0hCXYXi-_",
    "authorUid": "obd-o-petTtKXZSMvWQuKFeO34ryNgjt8AZ",
    "authorUserName": "f***9",
    "title": "转化漏斗",
    "description": "",
    "latestVersion": 1,
    "alwaysLatest": 1,
    "createTime": "2020-12-07T10:01:18.000Z",
    "lastUpdateTime": "2020-12-07T10:01:18.000Z",
    "auth": 2,
    "uid": "obd-o-petTtKXZSMvWQuKFeO34ryNgjt8AZ",
    "publishedVersion": 0,
    "forkFrom": "-",
    "isSpam": 0,
    "version": 1,
    "parentVersion": -1,
    "echartsVersion": "4.8.0",
    "versionCreateTime": "2020-12-07T10:01:18.000Z",
    "html": "",
    "externalScripts": "",
    "updaterUID": "obd-o-petTtKXZSMvWQuKFeO34ryNgjt8AZ",
    "theme": "",
    "layout": "",
    "viewCount": 1287,
    "userName": "f***9",
    "commentCount": 0,
    "starCount": 3,
    "isStared": 0,
    "thumbnailURL": "https://www.makeapie.com/ecg-storage/ec_gallery_thumbnail/x0hCXYXi-_.png?v=1607335278910",
    "isCustomThumbnail": 0,
    "builtinTags": [
        "category-work",
        "markLine",
        "series-funnel"
    ],
    "customTags": [],
    "updaterUserName": "f***9"
}