{
    "cid": "x6RKV5f6GD",
    "authorUid": "bd-3440619920",
    "authorUserName": "建***子",
    "title": "柱状图&折线图渐变",
    "description": "",
    "latestVersion": 2,
    "alwaysLatest": 1,
    "createTime": "2020-12-08T06:35:45.000Z",
    "lastUpdateTime": "2020-12-08T06:35:45.000Z",
    "auth": 2,
    "uid": "bd-3440619920",
    "publishedVersion": 0,
    "forkFrom": "-",
    "isSpam": 0,
    "version": 2,
    "parentVersion": 1,
    "echartsVersion": "4.8.0",
    "versionCreateTime": "2020-12-08T06:47:08.000Z",
    "html": "",
    "externalScripts": "",
    "updaterUID": "bd-3440619920",
    "theme": "",
    "layout": "",
    "viewCount": 38,
    "userName": "建***子",
    "commentCount": 0,
    "starCount": 0,
    "isStared": 0,
    "thumbnailURL": "https://www.makeapie.com/ecg-storage/ec_gallery_thumbnail/x6RKV5f6GD.png?v=1607410028338",
    "isCustomThumbnail": 0,
    "builtinTags": [
        "category-work",
        "grid",
        "series-bar",
        "series-line",
        "series-scatter",
        "tooltip"
    ],
    "customTags": [],
    "updaterUserName": "建***子"
}