{
    "cid": "x7OO2YKGpc",
    "authorUid": "obd-oFy6ABsC1B3LykIYwLoZ8yLIuKLm95u",
    "authorUserName": "蠢***心",
    "title": "3D地图",
    "description": "",
    "latestVersion": 9,
    "alwaysLatest": 1,
    "createTime": "2020-12-07T11:26:46.000Z",
    "lastUpdateTime": "2020-12-07T11:26:46.000Z",
    "auth": 2,
    "uid": "obd-oFy6ABsC1B3LykIYwLoZ8yLIuKLm95u",
    "publishedVersion": 0,
    "forkFrom": "-",
    "isSpam": 0,
    "version": 9,
    "parentVersion": 8,
    "echartsVersion": "4.8.0",
    "versionCreateTime": "2020-12-18T06:42:13.000Z",
    "html": "",
    "externalScripts": "https://echarts.baidu.com/resource/echarts-gl-latest/dist/echarts-gl.min.js,/dep/echarts/latest/extension/bmap.min.js,/dep/echarts/map/js/world.js",
    "updaterUID": "obd-oFy6ABsC1B3LykIYwLoZ8yLIuKLm95u",
    "theme": "",
    "layout": "",
    "viewCount": 37,
    "userName": "蠢***心",
    "commentCount": 0,
    "starCount": 0,
    "isStared": 0,
    "thumbnailURL": "https://www.makeapie.com/ecg-storage/ec_gallery_thumbnail/x7OO2YKGpc.png?v=1608273734076",
    "isCustomThumbnail": 0,
    "builtinTags": [
        "category-work",
        "geo3D",
        "series-bar3D",
        "visualMap"
    ],
    "customTags": [],
    "updaterUserName": "蠢***心"
}