{
    "cid": "x8rE0aFFzu",
    "authorUid": "obd-oj8MlDIsMdI2-arXdF4HmN6QkEq61Dx",
    "authorUserName": "承***y",
    "title": "四色柱形图隐患",
    "description": "四种颜色的柱形图",
    "latestVersion": 1,
    "alwaysLatest": 1,
    "createTime": "2020-12-08T02:38:26.000Z",
    "lastUpdateTime": "2020-12-08T02:38:26.000Z",
    "auth": 1,
    "uid": "obd-oj8MlDIsMdI2-arXdF4HmN6QkEq61Dx",
    "publishedVersion": 0,
    "forkFrom": "-",
    "isSpam": 0,
    "version": 1,
    "parentVersion": -1,
    "echartsVersion": "4.8.0",
    "versionCreateTime": "2020-12-08T02:38:26.000Z",
    "html": "",
    "externalScripts": "",
    "updaterUID": "obd-oj8MlDIsMdI2-arXdF4HmN6QkEq61Dx",
    "theme": "",
    "layout": "",
    "viewCount": 42,
    "userName": "承***y",
    "commentCount": 0,
    "starCount": 2,
    "isStared": 0,
    "thumbnailURL": "https://www.makeapie.com/ecg-storage/ec_gallery_thumbnail/x8rE0aFFzu.png?v=1607395106729",
    "isCustomThumbnail": 0,
    "builtinTags": [
        "category-work",
        "grid",
        "legend",
        "series-bar"
    ],
    "customTags": [],
    "updaterUserName": "承***y"
}