{
    "cid": "xeyUTTvBlO",
    "authorUid": "obd-oPp-sDjJyKyuanfxrdKVPyozKGECS92",
    "authorUserName": "浅***年",
    "title": "树图 自适应窗口",
    "description": " 防止内容过多折叠",
    "latestVersion": 3,
    "alwaysLatest": 1,
    "createTime": "2020-12-08T06:51:16.000Z",
    "lastUpdateTime": "2020-12-08T06:51:16.000Z",
    "auth": 2,
    "uid": "obd-oPp-sDjJyKyuanfxrdKVPyozKGECS92",
    "publishedVersion": 0,
    "forkFrom": "-",
    "isSpam": 0,
    "version": 3,
    "parentVersion": 2,
    "echartsVersion": "4.8.0",
    "versionCreateTime": "2020-12-08T09:00:17.000Z",
    "html": "",
    "externalScripts": "",
    "updaterUID": "obd-oPp-sDjJyKyuanfxrdKVPyozKGECS92",
    "theme": "",
    "layout": "",
    "viewCount": 232,
    "userName": "浅***年",
    "commentCount": 0,
    "starCount": 0,
    "isStared": 0,
    "thumbnailURL": "https://www.makeapie.com/ecg-storage/ec_gallery_thumbnail/xeyUTTvBlO.png?v=1607418017766",
    "isCustomThumbnail": 0,
    "builtinTags": [
        "category-work",
        "series-tree",
        "tooltip"
    ],
    "customTags": [],
    "updaterUserName": "浅***年"
}