{
    "cid": "xFpD_VzrPI",
    "authorUid": "obd-o2mg74FfwyHhXevgAXUSg1re_wFg1B8",
    "authorUserName": "l***6",
    "title": "",
    "description": "",
    "latestVersion": 2,
    "alwaysLatest": 1,
    "createTime": "2020-12-07T08:25:51.000Z",
    "lastUpdateTime": "2020-12-07T08:25:51.000Z",
    "auth": 1,
    "uid": "obd-o2mg74FfwyHhXevgAXUSg1re_wFg1B8",
    "publishedVersion": 0,
    "forkFrom": "-",
    "isSpam": 0,
    "version": 2,
    "parentVersion": 1,
    "echartsVersion": "4.8.0",
    "versionCreateTime": "2020-12-07T08:26:12.000Z",
    "html": "",
    "externalScripts": "",
    "updaterUID": "obd-o2mg74FfwyHhXevgAXUSg1re_wFg1B8",
    "theme": "",
    "layout": "",
    "viewCount": 39,
    "userName": "l***6",
    "commentCount": 0,
    "starCount": 1,
    "isStared": 0,
    "thumbnailURL": "https://www.makeapie.com/ecg-storage/ec_gallery_thumbnail/xFpD_VzrPI.png?v=1607329572996",
    "isCustomThumbnail": 0,
    "builtinTags": [
        "category-work",
        "legend",
        "series-pie",
        "tooltip"
    ],
    "customTags": [],
    "updaterUserName": "l***6"
}