{
    "cid": "xOEgirxu_o",
    "authorUid": "obd-o2nTCJBw7OqwZqCkcZBpgGZJqsPtn6j",
    "authorUserName": "w***g",
    "title": "“设备实行情况” - 深圳市",
    "description": "",
    "latestVersion": 1,
    "alwaysLatest": 1,
    "createTime": "2020-12-08T10:07:57.000Z",
    "lastUpdateTime": "2020-12-08T10:07:57.000Z",
    "auth": 2,
    "uid": "obd-o2nTCJBw7OqwZqCkcZBpgGZJqsPtn6j",
    "publishedVersion": 0,
    "forkFrom": "-",
    "isSpam": 0,
    "version": 1,
    "parentVersion": -1,
    "echartsVersion": "4.8.0",
    "versionCreateTime": "2020-12-08T10:07:57.000Z",
    "html": "",
    "externalScripts": "",
    "updaterUID": "obd-o2nTCJBw7OqwZqCkcZBpgGZJqsPtn6j",
    "theme": "",
    "layout": "",
    "viewCount": 249,
    "userName": "w***g",
    "commentCount": 0,
    "starCount": 0,
    "isStared": 0,
    "thumbnailURL": "https://www.makeapie.com/ecg-storage/ec_gallery_thumbnail/xOEgirxu_o.png?v=1607422078008",
    "isCustomThumbnail": 0,
    "builtinTags": [
        "category-work",
        "geo",
        "legend",
        "series-map",
        "series-scatter",
        "title",
        "tooltip",
        "visualMap"
    ],
    "customTags": [],
    "updaterUserName": "w***g"
}