{
    "cid": "xof1Nxm-sU",
    "authorUid": "obd-oFgwdBv8Jx1Adj7QXrqoz44I8NOW35J",
    "authorUserName": "l***尼",
    "title": "在线率",
    "description": "35%",
    "latestVersion": 3,
    "alwaysLatest": 1,
    "createTime": "2020-12-08T03:00:34.000Z",
    "lastUpdateTime": "2020-12-08T03:00:34.000Z",
    "auth": 2,
    "uid": "obd-oFgwdBv8Jx1Adj7QXrqoz44I8NOW35J",
    "publishedVersion": 0,
    "forkFrom": "-",
    "isSpam": 0,
    "version": 3,
    "parentVersion": 2,
    "echartsVersion": "4.8.0",
    "versionCreateTime": "2020-12-08T07:08:47.000Z",
    "html": "",
    "externalScripts": "",
    "updaterUID": "obd-oFgwdBv8Jx1Adj7QXrqoz44I8NOW35J",
    "theme": "",
    "layout": "",
    "viewCount": 211,
    "userName": "l***尼",
    "commentCount": 0,
    "starCount": 2,
    "isStared": 0,
    "thumbnailURL": "https://www.makeapie.com/ecg-storage/ec_gallery_thumbnail/xof1Nxm-sU.png?v=1607411327285",
    "isCustomThumbnail": 0,
    "builtinTags": [
        "category-work",
        "graphic",
        "polar",
        "series-bar",
        "series-gauge",
        "series-pie",
        "title",
        "tooltip"
    ],
    "customTags": [],
    "updaterUserName": "l***尼"
}