{
    "cid": "xqcltYftjO",
    "authorUid": "obd-oCXhu5Ci-jvoIw7NPqT4YgxkmbLM53L",
    "authorUserName": "S***l",
    "title": "环形图和百分比图相结合",
    "description": "环形图和百分比图相结合",
    "latestVersion": 2,
    "alwaysLatest": 1,
    "createTime": "2020-12-08T03:55:19.000Z",
    "lastUpdateTime": "2020-12-08T03:55:19.000Z",
    "auth": 2,
    "uid": "obd-oCXhu5Ci-jvoIw7NPqT4YgxkmbLM53L",
    "publishedVersion": 0,
    "forkFrom": "-",
    "isSpam": 0,
    "version": 2,
    "parentVersion": 1,
    "echartsVersion": "4.8.0",
    "versionCreateTime": "2020-12-31T06:41:00.000Z",
    "html": "",
    "externalScripts": "",
    "updaterUID": "obd-oCXhu5Ci-jvoIw7NPqT4YgxkmbLM53L",
    "theme": "",
    "layout": "",
    "viewCount": 525,
    "userName": "S***l",
    "commentCount": 0,
    "starCount": 0,
    "isStared": 0,
    "thumbnailURL": "https://www.makeapie.com/ecg-storage/ec_gallery_thumbnail/xqcltYftjO.png?v=1609396860742",
    "isCustomThumbnail": 0,
    "builtinTags": [
        "category-work",
        "legend",
        "series-pie",
        "title",
        "tooltip"
    ],
    "customTags": [],
    "updaterUserName": "S***l"
}