{
    "cid": "xucLTk8_UX",
    "authorUid": "obd-oFD6gRdQjcU1hS86g5uFhmXfOPfEl5Z",
    "authorUserName": "旑***",
    "title": "坐标参考系时刻居中的四象限图",
    "description": "图示区域为输入数据的集中区域，坐标参考系也不是原点坐标系，而是传入的统计所有数据得出的的数据平均值",
    "latestVersion": 1,
    "alwaysLatest": 1,
    "createTime": "2020-12-07T09:13:35.000Z",
    "lastUpdateTime": "2020-12-07T09:13:35.000Z",
    "auth": 2,
    "uid": "obd-oFD6gRdQjcU1hS86g5uFhmXfOPfEl5Z",
    "publishedVersion": 0,
    "forkFrom": "-",
    "isSpam": 0,
    "version": 1,
    "parentVersion": -1,
    "echartsVersion": "4.8.0",
    "versionCreateTime": "2020-12-07T09:13:35.000Z",
    "html": "",
    "externalScripts": "",
    "updaterUID": "obd-oFD6gRdQjcU1hS86g5uFhmXfOPfEl5Z",
    "theme": "",
    "layout": "",
    "viewCount": 63,
    "userName": "旑***",
    "commentCount": 0,
    "starCount": 0,
    "isStared": 0,
    "thumbnailURL": "https://www.makeapie.com/ecg-storage/ec_gallery_thumbnail/xucLTk8_UX.png?v=1607332415209",
    "isCustomThumbnail": 0,
    "builtinTags": [
        "category-work",
        "graphic",
        "grid",
        "markLine",
        "series-scatter",
        "tooltip"
    ],
    "customTags": [],
    "updaterUserName": "旑***"
}