{
    "cid": "xWSckrfPvW",
    "authorUid": "bd-4179640802",
    "authorUserName": "四***8",
    "title": "分数",
    "description": "",
    "latestVersion": 1,
    "alwaysLatest": 1,
    "createTime": "2020-12-07T09:39:53.000Z",
    "lastUpdateTime": "2020-12-07T09:39:53.000Z",
    "auth": 2,
    "uid": "bd-4179640802",
    "publishedVersion": 0,
    "forkFrom": "-",
    "isSpam": 0,
    "version": 1,
    "parentVersion": -1,
    "echartsVersion": "4.8.0",
    "versionCreateTime": "2020-12-07T09:39:53.000Z",
    "html": "",
    "externalScripts": "",
    "updaterUID": "bd-4179640802",
    "theme": "",
    "layout": "",
    "viewCount": 266,
    "userName": "四***8",
    "commentCount": 0,
    "starCount": 8,
    "isStared": 0,
    "thumbnailURL": "https://www.makeapie.com/ecg-storage/ec_gallery_thumbnail/xWSckrfPvW.png?v=1607333993306",
    "isCustomThumbnail": 0,
    "builtinTags": [
        "category-work",
        "series-gauge",
        "series-pie",
        "title"
    ],
    "customTags": [],
    "updaterUserName": "四***8"
}