{
    "cid": "xZ2JnOVdaW",
    "authorUid": "obd-oj8MlDIsMdI2-arXdF4HmN6QkEq61Dx",
    "authorUserName": "承***y",
    "title": "双色柱形图",
    "description": "",
    "latestVersion": 1,
    "alwaysLatest": 1,
    "createTime": "2020-12-08T07:14:08.000Z",
    "lastUpdateTime": "2020-12-08T07:14:08.000Z",
    "auth": 1,
    "uid": "obd-oj8MlDIsMdI2-arXdF4HmN6QkEq61Dx",
    "publishedVersion": 0,
    "forkFrom": "-",
    "isSpam": 0,
    "version": 1,
    "parentVersion": -1,
    "echartsVersion": "4.8.0",
    "versionCreateTime": "2020-12-08T07:14:08.000Z",
    "html": "",
    "externalScripts": "",
    "updaterUID": "obd-oj8MlDIsMdI2-arXdF4HmN6QkEq61Dx",
    "theme": "",
    "layout": "",
    "viewCount": 29,
    "userName": "承***y",
    "commentCount": 0,
    "starCount": 1,
    "isStared": 0,
    "thumbnailURL": "https://www.makeapie.com/ecg-storage/ec_gallery_thumbnail/xZ2JnOVdaW.png?v=1607411648705",
    "isCustomThumbnail": 0,
    "builtinTags": [
        "category-work",
        "grid",
        "legend",
        "series-bar"
    ],
    "customTags": [],
    "updaterUserName": "承***y"
}