{
    "cid": "x0AcLozZIH",
    "authorUid": "bd-685860345",
    "authorUserName": "张远霞工作",
    "title": "yuan",
    "description": "",
    "latestVersion": 1,
    "alwaysLatest": 1,
    "createTime": "2018-11-07T07:32:07.000Z",
    "lastUpdateTime": "2018-11-07T07:32:07.000Z",
    "auth": 2,
    "uid": "bd-685860345",
    "publishedVersion": 0,
    "forkFrom": "-",
    "isSpam": 0,
    "version": 1,
    "parentVersion": -1,
    "echartsVersion": "4.2.0",
    "versionCreateTime": "2018-11-07T07:32:07.000Z",
    "html": "",
    "externalScripts": "",
    "updaterUID": "bd-685860345",
    "theme": "",
    "layout": "",
    "viewCount": 1215,
    "userName": "张远霞工作",
    "commentCount": 0,
    "starCount": 8,
    "isStared": 0,
    "thumbnailURL": "https://www.makeapie.com/ecg-storage/ec_gallery_thumbnail/x0AcLozZIH.png?v=1541575927518",
    "isCustomThumbnail": 0,
    "builtinTags": [
        "category-work",
        "grid",
        "legend",
        "series-bar",
        "tooltip"
    ],
    "customTags": [],
    "updaterUserName": "张远霞工作"
}