{
    "cid": "x8ia1RWCaF",
    "authorUid": "bd-1966783241",
    "authorUserName": "额***吻",
    "title": "产邀配色",
    "description": "",
    "latestVersion": 3,
    "alwaysLatest": 1,
    "createTime": "2018-11-06T12:58:22.000Z",
    "lastUpdateTime": "2018-11-06T12:58:22.000Z",
    "auth": 2,
    "uid": "bd-1966783241",
    "publishedVersion": 0,
    "forkFrom": "-",
    "isSpam": 0,
    "version": 3,
    "parentVersion": 2,
    "echartsVersion": "4.2.0",
    "versionCreateTime": "2018-11-07T13:17:28.000Z",
    "html": "",
    "externalScripts": "",
    "updaterUID": "bd-1966783241",
    "theme": "",
    "layout": "",
    "viewCount": 279,
    "userName": "额***吻",
    "commentCount": 0,
    "starCount": 0,
    "isStared": 0,
    "thumbnailURL": "https://www.makeapie.com/ecg-storage/ec_gallery_thumbnail/x8ia1RWCaF.png?v=1541596648250",
    "isCustomThumbnail": 0,
    "builtinTags": [
        "category-work",
        "grid",
        "legend",
        "series-bar",
        "series-line",
        "title"
    ],
    "customTags": [],
    "updaterUserName": "额***吻"
}