{
    "cid": "xCjR3k-_MA",
    "authorUid": "bd-1009808665",
    "authorUserName": "阳***季",
    "title": "进度条",
    "description": "",
    "latestVersion": 1,
    "alwaysLatest": 1,
    "createTime": "2018-11-07T07:48:29.000Z",
    "lastUpdateTime": "2018-11-07T07:48:29.000Z",
    "auth": 2,
    "uid": "bd-1009808665",
    "publishedVersion": 0,
    "forkFrom": "-",
    "isSpam": 0,
    "version": 1,
    "parentVersion": -1,
    "echartsVersion": "4.2.0",
    "versionCreateTime": "2018-11-07T07:48:29.000Z",
    "html": "",
    "externalScripts": "",
    "updaterUID": "bd-1009808665",
    "theme": "",
    "layout": "",
    "viewCount": 198,
    "userName": "阳***季",
    "commentCount": 0,
    "starCount": 0,
    "isStared": 0,
    "thumbnailURL": "https://www.makeapie.com/ecg-storage/ec_gallery_thumbnail/xCjR3k-_MA.png?v=1541576909171",
    "isCustomThumbnail": 0,
    "builtinTags": [
        "category-work",
        "grid",
        "markPoint",
        "series-bar",
        "tooltip"
    ],
    "customTags": [],
    "updaterUserName": "阳***季"
}