{
    "cid": "xGgVC8-Ggt",
    "authorUid": "bd-1966783241",
    "authorUserName": "额***吻",
    "title": "拉新效率",
    "description": "",
    "latestVersion": 6,
    "alwaysLatest": 1,
    "createTime": "2018-11-07T05:25:33.000Z",
    "lastUpdateTime": "2018-11-07T05:25:33.000Z",
    "auth": 2,
    "uid": "bd-1966783241",
    "publishedVersion": 0,
    "forkFrom": "-",
    "isSpam": 0,
    "version": 6,
    "parentVersion": 5,
    "echartsVersion": "4.2.0",
    "versionCreateTime": "2018-11-07T06:47:48.000Z",
    "html": "",
    "externalScripts": "",
    "updaterUID": "bd-1966783241",
    "theme": "",
    "layout": "",
    "viewCount": 59,
    "userName": "额***吻",
    "commentCount": 0,
    "starCount": 0,
    "isStared": 0,
    "thumbnailURL": "https://www.makeapie.com/ecg-storage/ec_gallery_thumbnail/xGgVC8-Ggt.png?v=1541573268308",
    "isCustomThumbnail": 0,
    "builtinTags": [
        "category-work",
        "grid",
        "legend",
        "series-bar",
        "series-line",
        "title"
    ],
    "customTags": [],
    "updaterUserName": "额***吻"
}