{
    "cid": "xHS1ow2OXr",
    "authorUid": "bd-2033523559",
    "authorUserName": "i2y2",
    "title": "年龄图表",
    "description": "",
    "latestVersion": 3,
    "alwaysLatest": 1,
    "createTime": "2018-11-06T17:08:09.000Z",
    "lastUpdateTime": "2018-11-06T17:08:09.000Z",
    "auth": 2,
    "uid": "bd-2033523559",
    "publishedVersion": 0,
    "forkFrom": "-",
    "isSpam": 0,
    "version": 3,
    "parentVersion": 2,
    "echartsVersion": "4.2.0",
    "versionCreateTime": "2018-11-06T17:11:19.000Z",
    "html": "",
    "externalScripts": "",
    "updaterUID": "bd-2033523559",
    "theme": "",
    "layout": "",
    "viewCount": 306,
    "userName": "i2y2",
    "commentCount": 0,
    "starCount": 4,
    "isStared": 0,
    "thumbnailURL": "https://www.makeapie.com/ecg-storage/ec_gallery_thumbnail/xHS1ow2OXr.png?v=1541524279500",
    "isCustomThumbnail": 0,
    "builtinTags": [
        "category-work",
        "legend",
        "series-pie"
    ],
    "customTags": [],
    "updaterUserName": "i2y2"
}