{
    "cid": "xL8PStYKq6",
    "authorUid": "bd-1966783241",
    "authorUserName": "额***吻",
    "title": "最后一笔定期到账_流失金额(日)",
    "description": "",
    "latestVersion": 3,
    "alwaysLatest": 1,
    "createTime": "2018-11-07T10:26:03.000Z",
    "lastUpdateTime": "2018-11-07T10:26:03.000Z",
    "auth": 2,
    "uid": "bd-1966783241",
    "publishedVersion": 0,
    "forkFrom": "-",
    "isSpam": 0,
    "version": 3,
    "parentVersion": 2,
    "echartsVersion": "4.2.0",
    "versionCreateTime": "2018-11-08T02:49:29.000Z",
    "html": "",
    "externalScripts": "",
    "updaterUID": "bd-1966783241",
    "theme": "",
    "layout": "",
    "viewCount": 33,
    "userName": "额***吻",
    "commentCount": 0,
    "starCount": 1,
    "isStared": 0,
    "thumbnailURL": "https://www.makeapie.com/ecg-storage/ec_gallery_thumbnail/xL8PStYKq6.png?v=1541645369933",
    "isCustomThumbnail": 0,
    "builtinTags": [
        "category-work",
        "grid",
        "legend",
        "series-bar",
        "series-line",
        "title"
    ],
    "customTags": [],
    "updaterUserName": "额***吻"
}