{
    "cid": "xNOviZNdp-",
    "authorUid": "bd-2996885481",
    "authorUserName": "130******66",
    "title": "H公立医院2017年7月药品加成整体情况分析",
    "description": "",
    "latestVersion": 1,
    "alwaysLatest": 1,
    "createTime": "2018-11-06T09:20:52.000Z",
    "lastUpdateTime": "2018-11-06T09:20:52.000Z",
    "auth": 2,
    "uid": "bd-2996885481",
    "publishedVersion": 0,
    "forkFrom": "-",
    "isSpam": 0,
    "version": 1,
    "parentVersion": -1,
    "echartsVersion": "4.2.0",
    "versionCreateTime": "2018-11-06T09:20:52.000Z",
    "html": "",
    "externalScripts": "",
    "updaterUID": "bd-2996885481",
    "theme": "",
    "layout": "",
    "viewCount": 138,
    "userName": "130******66",
    "commentCount": 0,
    "starCount": 0,
    "isStared": 0,
    "thumbnailURL": "https://www.makeapie.com/ecg-storage/ec_gallery_thumbnail/xNOviZNdp-.png?v=1541496052760",
    "isCustomThumbnail": 0,
    "builtinTags": [
        "category-work",
        "dataZoom",
        "grid",
        "series-line",
        "series-scatter",
        "title"
    ],
    "customTags": [],
    "updaterUserName": "130******66"
}