{
    "cid": "xRw06AK0JU",
    "authorUid": "bd-1966783241",
    "authorUserName": "额***吻",
    "title": "柱状图配色",
    "description": "",
    "latestVersion": 7,
    "alwaysLatest": 1,
    "createTime": "2018-11-06T10:49:45.000Z",
    "lastUpdateTime": "2018-11-06T10:49:45.000Z",
    "auth": 2,
    "uid": "bd-1966783241",
    "publishedVersion": 0,
    "forkFrom": "-",
    "isSpam": 0,
    "version": 7,
    "parentVersion": 6,
    "echartsVersion": "4.2.0",
    "versionCreateTime": "2018-11-06T11:39:41.000Z",
    "html": "",
    "externalScripts": "",
    "updaterUID": "bd-1966783241",
    "theme": "",
    "layout": "",
    "viewCount": 38,
    "userName": "额***吻",
    "commentCount": 0,
    "starCount": 0,
    "isStared": 0,
    "thumbnailURL": "https://www.makeapie.com/ecg-storage/ec_gallery_thumbnail/xRw06AK0JU.png?v=1541504381660",
    "isCustomThumbnail": 0,
    "builtinTags": [
        "category-work",
        "grid",
        "series-bar",
        "title"
    ],
    "customTags": [],
    "updaterUserName": "额***吻"
}