{
    "cid": "xz5NwlfRBJ",
    "authorUid": "bd-2136137468",
    "authorUserName": "h***4",
    "title": "3D攻击线散点地球",
    "description": "",
    "latestVersion": 1,
    "alwaysLatest": 1,
    "createTime": "2018-11-07T08:27:04.000Z",
    "lastUpdateTime": "2018-11-07T08:27:04.000Z",
    "auth": 2,
    "uid": "bd-2136137468",
    "publishedVersion": 0,
    "forkFrom": "-",
    "isSpam": 0,
    "version": 1,
    "parentVersion": -1,
    "echartsVersion": "4.2.0",
    "versionCreateTime": "2018-11-07T08:27:04.000Z",
    "html": "",
    "externalScripts": "http://echarts.baidu.com/resource/echarts-gl-latest/dist/echarts-gl.min.js,/asset/get/s/data-1499132667476-ry7ZXuu4Z.js",
    "updaterUID": "bd-2136137468",
    "theme": "",
    "layout": "",
    "viewCount": 13245,
    "userName": "h***4",
    "commentCount": 5,
    "starCount": 39,
    "isStared": 0,
    "thumbnailURL": "https://www.makeapie.com/ecg-storage/ec_gallery_thumbnail/xz5NwlfRBJ.png?v=1541579225240",
    "isCustomThumbnail": 1,
    "builtinTags": [
        "category-work",
        "globe",
        "series-lines3D",
        "series-scatter3D",
        "visualMap"
    ],
    "customTags": [],
    "updaterUserName": "h***4"
}