{
    "cid": "x64oiV-4ze",
    "authorUid": "bd-387344042",
    "authorUserName": "soyyin",
    "title": "小学生小古文100课(上)",
    "description": "",
    "latestVersion": 1,
    "alwaysLatest": 1,
    "createTime": "2019-05-22T16:00:19.000Z",
    "lastUpdateTime": "2019-05-22T16:00:19.000Z",
    "auth": 2,
    "uid": "bd-387344042",
    "publishedVersion": 0,
    "forkFrom": "-",
    "isSpam": 0,
    "version": 1,
    "parentVersion": -1,
    "echartsVersion": "4.2.1",
    "versionCreateTime": "2019-05-22T16:00:19.000Z",
    "html": "",
    "externalScripts": "",
    "updaterUID": "bd-387344042",
    "theme": "",
    "layout": "",
    "viewCount": 217,
    "userName": "soyyin",
    "commentCount": 0,
    "starCount": 0,
    "isStared": 0,
    "thumbnailURL": "https://www.makeapie.com/ecg-storage/ec_gallery_thumbnail/x64oiV-4ze.png?v=1558540820193",
    "isCustomThumbnail": 0,
    "builtinTags": [
        "category-work",
        "series-sunburst",
        "title"
    ],
    "customTags": [],
    "updaterUserName": "soyyin"
}