{
    "cid": "x7XNQgtuEH",
    "authorUid": "bd-171648521",
    "authorUserName": "绿***绿",
    "title": "折线图",
    "description": "",
    "latestVersion": 4,
    "alwaysLatest": 1,
    "createTime": "2019-05-23T08:26:50.000Z",
    "lastUpdateTime": "2019-05-23T08:26:50.000Z",
    "auth": 2,
    "uid": "bd-171648521",
    "publishedVersion": 0,
    "forkFrom": "-",
    "isSpam": 0,
    "version": 4,
    "parentVersion": 3,
    "echartsVersion": "4.7.0",
    "versionCreateTime": "2020-04-07T08:26:07.000Z",
    "html": "",
    "externalScripts": "",
    "updaterUID": "bd-171648521",
    "theme": "",
    "layout": "",
    "viewCount": 353,
    "userName": "绿***绿",
    "commentCount": 0,
    "starCount": 1,
    "isStared": 0,
    "thumbnailURL": "https://www.makeapie.com/ecg-storage/ec_gallery_thumbnail/x7XNQgtuEH.png?v=1586247967621",
    "isCustomThumbnail": 0,
    "builtinTags": [
        "category-work",
        "grid",
        "series-line",
        "title",
        "tooltip"
    ],
    "customTags": [],
    "updaterUserName": "绿***绿"
}