{
    "cid": "xb3egcYs2-",
    "authorUid": "bd-1078437236",
    "authorUserName": "右***变",
    "title": "柱状图",
    "description": "",
    "latestVersion": 1,
    "alwaysLatest": 1,
    "createTime": "2019-05-22T06:30:17.000Z",
    "lastUpdateTime": "2019-05-22T06:30:17.000Z",
    "auth": 2,
    "uid": "bd-1078437236",
    "publishedVersion": 0,
    "forkFrom": "-",
    "isSpam": 0,
    "version": 1,
    "parentVersion": -1,
    "echartsVersion": "4.2.1",
    "versionCreateTime": "2019-05-22T06:30:17.000Z",
    "html": "",
    "externalScripts": "",
    "updaterUID": "bd-1078437236",
    "theme": "",
    "layout": "",
    "viewCount": 202,
    "userName": "右***变",
    "commentCount": 0,
    "starCount": 2,
    "isStared": 0,
    "thumbnailURL": "https://www.makeapie.com/ecg-storage/ec_gallery_thumbnail/xb3egcYs2-.png?v=1558506617715",
    "isCustomThumbnail": 0,
    "builtinTags": [
        "category-work",
        "grid",
        "series-bar",
        "tooltip"
    ],
    "customTags": [],
    "updaterUserName": "右***变"
}