{
    "cid": "xC_afQBbqU",
    "authorUid": "bd-3523491757",
    "authorUserName": "y***g",
    "title": "显示双休日",
    "description": "",
    "latestVersion": 8,
    "alwaysLatest": 1,
    "createTime": "2019-05-23T10:49:30.000Z",
    "lastUpdateTime": "2019-05-23T10:49:30.000Z",
    "auth": 2,
    "uid": "bd-3523491757",
    "publishedVersion": 0,
    "forkFrom": "-",
    "isSpam": 0,
    "version": 8,
    "parentVersion": 7,
    "echartsVersion": "4.2.1",
    "versionCreateTime": "2019-05-30T09:54:43.000Z",
    "html": "",
    "externalScripts": "",
    "updaterUID": "bd-3523491757",
    "theme": "",
    "layout": "",
    "viewCount": 111,
    "userName": "y***g",
    "commentCount": 0,
    "starCount": 0,
    "isStared": 0,
    "thumbnailURL": "https://www.makeapie.com/ecg-storage/ec_gallery_thumbnail/xC_afQBbqU.png?v=1559210083212",
    "isCustomThumbnail": 0,
    "builtinTags": [
        "category-work",
        "grid",
        "markArea",
        "series-line"
    ],
    "customTags": [],
    "updaterUserName": "y***g"
}