{
    "cid": "xGwVQlwpiT",
    "authorUid": "bd-2402612370",
    "authorUserName": "高***6",
    "title": "",
    "description": "",
    "latestVersion": 1,
    "alwaysLatest": 1,
    "createTime": "2019-05-23T07:08:08.000Z",
    "lastUpdateTime": "2019-05-23T07:08:08.000Z",
    "auth": 1,
    "uid": "bd-2402612370",
    "publishedVersion": 0,
    "forkFrom": "-",
    "isSpam": 0,
    "version": 1,
    "parentVersion": -1,
    "echartsVersion": "4.2.1",
    "versionCreateTime": "2019-05-23T07:08:08.000Z",
    "html": "",
    "externalScripts": "",
    "updaterUID": "bd-2402612370",
    "theme": "",
    "layout": "",
    "viewCount": 107,
    "userName": "高***6",
    "commentCount": 0,
    "starCount": 0,
    "isStared": 0,
    "thumbnailURL": "https://www.makeapie.com/ecg-storage/ec_gallery_thumbnail/xGwVQlwpiT.png?v=1558595288228",
    "isCustomThumbnail": 0,
    "builtinTags": [
        "category-work",
        "grid",
        "series-bar"
    ],
    "customTags": [],
    "updaterUserName": "高***6"
}