{
    "cid": "xKDS5lCvH_",
    "authorUid": "bd-599414847",
    "authorUserName": "A***M",
    "title": "地图-城市不同色块",
    "description": "map，geo, bar, 根据value值，来设置地图色块",
    "latestVersion": 8,
    "alwaysLatest": 1,
    "createTime": "2019-05-23T06:38:17.000Z",
    "lastUpdateTime": "2019-05-23T06:38:17.000Z",
    "auth": 1,
    "uid": "bd-599414847",
    "publishedVersion": 0,
    "forkFrom": "-",
    "isSpam": 0,
    "version": 8,
    "parentVersion": 6,
    "echartsVersion": "4.2.1",
    "versionCreateTime": "2019-05-30T08:01:19.000Z",
    "html": "",
    "externalScripts": "/dep/echarts/map/js/china.js",
    "updaterUID": "bd-599414847",
    "theme": "",
    "layout": "",
    "viewCount": 561,
    "userName": "A***M",
    "commentCount": 0,
    "starCount": 1,
    "isStared": 0,
    "thumbnailURL": "https://www.makeapie.com/ecg-storage/ec_gallery_thumbnail/xKDS5lCvH_.png?v=1559203280042",
    "isCustomThumbnail": 0,
    "builtinTags": [
        "category-work",
        "geo",
        "grid",
        "series-bar",
        "series-map",
        "title",
        "tooltip",
        "visualMap"
    ],
    "customTags": [],
    "updaterUserName": "A***M"
}