{
    "cid": "xKYybc_gYe",
    "authorUid": "bd-3409592402",
    "authorUserName": "孤***末",
    "title": "极坐标和雷达图显示心型",
    "description": "520",
    "latestVersion": 1,
    "alwaysLatest": 1,
    "createTime": "2019-05-23T13:08:50.000Z",
    "lastUpdateTime": "2019-05-23T13:08:50.000Z",
    "auth": 2,
    "uid": "bd-3409592402",
    "publishedVersion": 0,
    "forkFrom": "-",
    "isSpam": 0,
    "version": 1,
    "parentVersion": -1,
    "echartsVersion": "4.2.1",
    "versionCreateTime": "2019-05-23T13:08:50.000Z",
    "html": "",
    "externalScripts": "",
    "updaterUID": "bd-3409592402",
    "theme": "",
    "layout": "{\"name\":\"NxM\",\"width\":[\"50%\",\"50%\"],\"height\":[\"50%\",\"50%\"]}",
    "viewCount": 2116,
    "userName": "孤***末",
    "commentCount": 0,
    "starCount": 7,
    "isStared": 0,
    "thumbnailURL": "https://www.makeapie.com/ecg-storage/ec_gallery_thumbnail/xKYybc_gYe.png?v=1558616930788",
    "isCustomThumbnail": 0,
    "builtinTags": [
        "category-work",
        "legend",
        "polar",
        "radar",
        "series-bar",
        "series-line",
        "series-radar",
        "title",
        "tooltip"
    ],
    "customTags": [],
    "updaterUserName": "孤***末"
}