{
    "cid": "xlmsIkDFQT",
    "authorUid": "bd-599414847",
    "authorUserName": "A***M",
    "title": "全国",
    "description": "全国地图",
    "latestVersion": 2,
    "alwaysLatest": 1,
    "createTime": "2019-05-23T09:52:45.000Z",
    "lastUpdateTime": "2019-05-23T09:52:45.000Z",
    "auth": 2,
    "uid": "bd-599414847",
    "publishedVersion": 0,
    "forkFrom": "-",
    "isSpam": 0,
    "version": 2,
    "parentVersion": 1,
    "echartsVersion": "4.2.1",
    "versionCreateTime": "2019-05-23T10:18:44.000Z",
    "html": "",
    "externalScripts": "/dep/echarts/map/js/china.js",
    "updaterUID": "bd-599414847",
    "theme": "",
    "layout": "",
    "viewCount": 290,
    "userName": "A***M",
    "commentCount": 0,
    "starCount": 0,
    "isStared": 0,
    "thumbnailURL": "https://www.makeapie.com/ecg-storage/ec_gallery_thumbnail/xlmsIkDFQT.png?v=1558606724455",
    "isCustomThumbnail": 0,
    "builtinTags": [
        "category-work",
        "geo",
        "grid",
        "series-bar",
        "series-map",
        "title",
        "tooltip",
        "visualMap"
    ],
    "customTags": [],
    "updaterUserName": "A***M"
}