{
    "cid": "xMzTtspvNF",
    "authorUid": "bd-3553659272",
    "authorUserName": "你***来",
    "title": "自定义下载图表图片",
    "description": "自定义下载图表图片",
    "latestVersion": 1,
    "alwaysLatest": 1,
    "createTime": "2019-05-23T10:25:52.000Z",
    "lastUpdateTime": "2019-05-23T10:25:52.000Z",
    "auth": 2,
    "uid": "bd-3553659272",
    "publishedVersion": 0,
    "forkFrom": "-",
    "isSpam": 0,
    "version": 1,
    "parentVersion": -1,
    "echartsVersion": "4.2.1",
    "versionCreateTime": "2019-05-23T10:25:52.000Z",
    "html": "",
    "externalScripts": "https://api.map.baidu.com/api?v=3.0&ak=E4805d16520de693a3fe707cdc962045,/dep/echarts/latest/extension/bmap.min.js",
    "updaterUID": "bd-3553659272",
    "theme": "",
    "layout": "",
    "viewCount": 24,
    "userName": "你***来",
    "commentCount": 0,
    "starCount": 0,
    "isStared": 0,
    "thumbnailURL": "https://www.makeapie.com/ecg-storage/ec_gallery_thumbnail/xMzTtspvNF.undefined?v=",
    "isCustomThumbnail": 0,
    "builtinTags": [
        "category-work"
    ],
    "customTags": [],
    "updaterUserName": "你***来"
}