{
    "cid": "xNg604ZVXf",
    "authorUid": "bd-1084527917",
    "authorUserName": "猿小七",
    "title": "Awesome Chart",
    "description": "",
    "latestVersion": 2,
    "alwaysLatest": 1,
    "createTime": "2019-05-22T12:14:58.000Z",
    "lastUpdateTime": "2019-05-22T12:14:58.000Z",
    "auth": 2,
    "uid": "bd-1084527917",
    "publishedVersion": 0,
    "forkFrom": "-",
    "isSpam": 0,
    "version": 2,
    "parentVersion": 1,
    "echartsVersion": "4.2.1",
    "versionCreateTime": "2019-05-22T12:45:47.000Z",
    "html": "",
    "externalScripts": "",
    "updaterUID": "bd-1084527917",
    "theme": "",
    "layout": "",
    "viewCount": 31,
    "userName": "猿小七",
    "commentCount": 0,
    "starCount": 0,
    "isStared": 0,
    "thumbnailURL": "https://www.makeapie.com/ecg-storage/ec_gallery_thumbnail/xNg604ZVXf.png?v=1558529148100",
    "isCustomThumbnail": 0,
    "builtinTags": [
        "category-work",
        "grid",
        "series-bar",
        "series-line",
        "title"
    ],
    "customTags": [],
    "updaterUserName": "猿小七"
}