{
    "cid": "xPOXTuwzU2",
    "authorUid": "bd-691341284",
    "authorUserName": "可靠的小青年儿",
    "title": "sdsdsdsds",
    "description": "",
    "latestVersion": 1,
    "alwaysLatest": 1,
    "createTime": "2019-05-22T12:00:47.000Z",
    "lastUpdateTime": "2019-05-22T12:00:47.000Z",
    "auth": 1,
    "uid": "bd-691341284",
    "publishedVersion": 0,
    "forkFrom": "-",
    "isSpam": 0,
    "version": 1,
    "parentVersion": -1,
    "echartsVersion": "4.2.1",
    "versionCreateTime": "2019-05-22T12:00:47.000Z",
    "html": "",
    "externalScripts": "https://www.echartsjs.com/gallery/vendors/echarts/map/js/china.js",
    "updaterUID": "bd-691341284",
    "theme": "",
    "layout": "",
    "viewCount": 155,
    "userName": "可靠的小青年儿",
    "commentCount": 0,
    "starCount": 3,
    "isStared": 0,
    "thumbnailURL": "https://www.makeapie.com/ecg-storage/ec_gallery_thumbnail/xPOXTuwzU2.png?v=1558526447287",
    "isCustomThumbnail": 0,
    "builtinTags": [
        "category-work",
        "geo",
        "series-effectScatter",
        "series-scatter",
        "tooltip"
    ],
    "customTags": [],
    "updaterUserName": "可靠的小青年儿"
}