{
    "cid": "xwxWJcywnZ",
    "authorUid": "bd-3678937452",
    "authorUserName": "宫***幻",
    "title": "折线图",
    "description": "折现图",
    "latestVersion": 1,
    "alwaysLatest": 1,
    "createTime": "2019-05-23T03:30:31.000Z",
    "lastUpdateTime": "2019-05-23T03:30:31.000Z",
    "auth": 2,
    "uid": "bd-3678937452",
    "publishedVersion": 0,
    "forkFrom": "-",
    "isSpam": 0,
    "version": 1,
    "parentVersion": -1,
    "echartsVersion": "4.2.1",
    "versionCreateTime": "2019-05-23T03:30:31.000Z",
    "html": "",
    "externalScripts": "",
    "updaterUID": "bd-3678937452",
    "theme": "",
    "layout": "",
    "viewCount": 24,
    "userName": "宫***幻",
    "commentCount": 0,
    "starCount": 0,
    "isStared": 0,
    "thumbnailURL": "https://www.makeapie.com/ecg-storage/ec_gallery_thumbnail/xwxWJcywnZ.png?v=1558582231425",
    "isCustomThumbnail": 0,
    "builtinTags": [
        "category-work",
        "grid",
        "legend",
        "series-line",
        "tooltip"
    ],
    "customTags": [],
    "updaterUserName": "宫***幻"
}