{
    "cid": "xB1WDdBkGQ",
    "authorUid": "bd-1141130181",
    "authorUserName": "l***n",
    "title": "",
    "description": "",
    "latestVersion": 1,
    "alwaysLatest": 1,
    "createTime": "2018-06-26T05:00:09.000Z",
    "lastUpdateTime": "2018-06-26T05:00:09.000Z",
    "auth": 2,
    "uid": "bd-1141130181",
    "publishedVersion": 0,
    "forkFrom": "-",
    "isSpam": 0,
    "version": 1,
    "parentVersion": -1,
    "echartsVersion": "4.1.0",
    "versionCreateTime": "2018-06-26T05:00:09.000Z",
    "html": "",
    "externalScripts": "",
    "updaterUID": "bd-1141130181",
    "theme": "",
    "layout": "",
    "viewCount": 363,
    "userName": "l***n",
    "commentCount": 0,
    "starCount": 0,
    "isStared": 0,
    "thumbnailURL": "https://www.makeapie.com/ecg-storage/ec_gallery_thumbnail/xB1WDdBkGQ.png?v=1529989209478",
    "isCustomThumbnail": 0,
    "builtinTags": [
        "category-work",
        "series-pie",
        "tooltip"
    ],
    "customTags": [],
    "updaterUserName": "l***n"
}