{
    "cid": "xBJuWENCWQ",
    "authorUid": "bd-3261191311",
    "authorUserName": "上帝這樣過分",
    "title": "饼状图",
    "description": "",
    "latestVersion": 5,
    "alwaysLatest": 1,
    "createTime": "2018-06-25T09:21:04.000Z",
    "lastUpdateTime": "2018-06-25T09:21:04.000Z",
    "auth": 2,
    "uid": "bd-3261191311",
    "publishedVersion": 0,
    "forkFrom": "-",
    "isSpam": 0,
    "version": 5,
    "parentVersion": 4,
    "echartsVersion": "4.1.0",
    "versionCreateTime": "2018-06-26T03:17:56.000Z",
    "html": "",
    "externalScripts": "",
    "updaterUID": "bd-3261191311",
    "theme": "",
    "layout": "",
    "viewCount": 275,
    "userName": "上帝這樣過分",
    "commentCount": 0,
    "starCount": 1,
    "isStared": 0,
    "thumbnailURL": "https://www.makeapie.com/ecg-storage/ec_gallery_thumbnail/xBJuWENCWQ.png?v=1529983076792",
    "isCustomThumbnail": 0,
    "builtinTags": [
        "category-work",
        "legend",
        "series-pie",
        "title",
        "tooltip"
    ],
    "customTags": [],
    "updaterUserName": "上帝這樣過分"
}