{
    "cid": "xByxzYOJfX",
    "authorUid": "bd-2471617216",
    "authorUserName": "J***5",
    "title": "最后一个点有涟漪的波纹",
    "description": "",
    "latestVersion": 5,
    "alwaysLatest": 1,
    "createTime": "2018-06-26T08:27:52.000Z",
    "lastUpdateTime": "2018-06-26T08:27:52.000Z",
    "auth": 1,
    "uid": "bd-2471617216",
    "publishedVersion": 0,
    "forkFrom": "-",
    "isSpam": 0,
    "version": 5,
    "parentVersion": 4,
    "echartsVersion": "4.1.0",
    "versionCreateTime": "2018-08-22T01:40:00.000Z",
    "html": "",
    "externalScripts": "",
    "updaterUID": "bd-2471617216",
    "theme": "",
    "layout": "",
    "viewCount": 409,
    "userName": "J***5",
    "commentCount": 2,
    "starCount": 6,
    "isStared": 0,
    "thumbnailURL": "https://www.makeapie.com/ecg-storage/ec_gallery_thumbnail/xByxzYOJfX.png?v=1534902001037",
    "isCustomThumbnail": 0,
    "builtinTags": [
        "category-work",
        "grid",
        "legend",
        "markArea",
        "series-effectScatter",
        "series-line",
        "title",
        "toolbox",
        "tooltip",
        "visualMap"
    ],
    "customTags": [],
    "updaterUserName": "J***5"
}