{
    "cid": "xByzNHXR-X",
    "authorUid": "bd-1245979803",
    "authorUserName": "d***t",
    "title": "18世界杯进度",
    "description": "",
    "latestVersion": 13,
    "alwaysLatest": 1,
    "createTime": "2018-06-25T08:17:46.000Z",
    "lastUpdateTime": "2018-06-25T08:17:46.000Z",
    "auth": 2,
    "uid": "bd-1245979803",
    "publishedVersion": 0,
    "forkFrom": "-",
    "isSpam": 0,
    "version": 13,
    "parentVersion": 12,
    "echartsVersion": "4.8.0",
    "versionCreateTime": "2020-07-10T03:57:22.000Z",
    "html": "",
    "externalScripts": "",
    "updaterUID": "bd-1245979803",
    "theme": "",
    "layout": "",
    "viewCount": 1442,
    "userName": "d***t",
    "commentCount": 3,
    "starCount": 10,
    "isStared": 0,
    "thumbnailURL": "https://www.makeapie.com/ecg-storage/ec_gallery_thumbnail/xByzNHXR-X.png?v=1594353442115",
    "isCustomThumbnail": 0,
    "builtinTags": [
        "category-work",
        "series-tree",
        "tooltip"
    ],
    "customTags": [],
    "updaterUserName": "d***t"
}