{
    "cid": "xH1PeBiqbX",
    "authorUid": "bd-1499829640",
    "authorUserName": "ucufucyctc",
    "title": "关系",
    "description": "233",
    "latestVersion": 2,
    "alwaysLatest": 1,
    "createTime": "2018-06-22T16:33:51.000Z",
    "lastUpdateTime": "2018-06-22T16:33:51.000Z",
    "auth": 2,
    "uid": "bd-1499829640",
    "publishedVersion": 0,
    "forkFrom": "-",
    "isSpam": 0,
    "version": 2,
    "parentVersion": 1,
    "echartsVersion": "4.1.0",
    "versionCreateTime": "2018-06-22T16:34:08.000Z",
    "html": "",
    "externalScripts": "",
    "updaterUID": "bd-1499829640",
    "theme": "",
    "layout": "",
    "viewCount": 612,
    "userName": "ucufucyctc",
    "commentCount": 0,
    "starCount": 1,
    "isStared": 0,
    "thumbnailURL": "https://www.makeapie.com/ecg-storage/ec_gallery_thumbnail/xH1PeBiqbX.png?v=1529685249004",
    "isCustomThumbnail": 0,
    "builtinTags": [
        "category-work",
        "legend",
        "series-graph"
    ],
    "customTags": [],
    "updaterUserName": "ucufucyctc"
}