{
    "cid": "xH1WNaIJzX",
    "authorUid": "bd-4069134550",
    "authorUserName": "Xiaozhuzz46",
    "title": "DIG Test",
    "description": "",
    "latestVersion": 3,
    "alwaysLatest": 1,
    "createTime": "2018-06-26T06:28:56.000Z",
    "lastUpdateTime": "2018-06-27T09:41:38.000Z",
    "auth": 2,
    "uid": "bd-4069134550",
    "publishedVersion": 0,
    "forkFrom": "-",
    "isSpam": 0,
    "version": 3,
    "parentVersion": 2,
    "echartsVersion": "4.1.0",
    "versionCreateTime": "2018-06-27T09:40:58.000Z",
    "html": "",
    "externalScripts": "http://echarts.baidu.com/resource/echarts-gl-latest/dist/echarts-gl.min.js",
    "updaterUID": "bd-4069134550",
    "theme": "macarons",
    "layout": "",
    "viewCount": 53,
    "userName": "Xiaozhuzz46",
    "commentCount": 0,
    "starCount": 0,
    "isStared": 0,
    "thumbnailURL": "https://www.makeapie.com/ecg-storage/ec_gallery_thumbnail/xH1WNaIJzX.png?v=1530092458493",
    "isCustomThumbnail": 0,
    "builtinTags": [],
    "customTags": [],
    "updaterUserName": "Xiaozhuzz46"
}