{
    "cid": "xHJmF-ytW7",
    "authorUid": "bd-2903669626",
    "authorUserName": "z***2",
    "title": "水球图",
    "description": "项目需要的水球图",
    "latestVersion": 6,
    "alwaysLatest": 1,
    "createTime": "2018-06-21T08:27:39.000Z",
    "lastUpdateTime": "2018-06-21T08:27:39.000Z",
    "auth": 2,
    "uid": "bd-2903669626",
    "publishedVersion": 0,
    "forkFrom": "-",
    "isSpam": 0,
    "version": 6,
    "parentVersion": 5,
    "echartsVersion": "4.2.1",
    "versionCreateTime": "2019-06-25T06:51:21.000Z",
    "html": "",
    "externalScripts": "https://echarts.baidu.com/resource/echarts-liquidfill-latest/dist/echarts-liquidfill.min.js",
    "updaterUID": "bd-2903669626",
    "theme": "",
    "layout": "",
    "viewCount": 5799,
    "userName": "z***2",
    "commentCount": 0,
    "starCount": 12,
    "isStared": 0,
    "thumbnailURL": "https://www.makeapie.com/ecg-storage/ec_gallery_thumbnail/xHJmF-ytW7.png?v=1561445481291",
    "isCustomThumbnail": 0,
    "builtinTags": [
        "category-work",
        "series-liquidFill",
        "series-pie",
        "title",
        "tooltip"
    ],
    "customTags": [],
    "updaterUserName": "z***2"
}