{
    "cid": "xHkAPkEkMQ",
    "authorUid": "bd-3261191311",
    "authorUserName": "上帝這樣過分",
    "title": "条形图（3条）",
    "description": "",
    "latestVersion": 4,
    "alwaysLatest": 1,
    "createTime": "2018-06-26T03:13:42.000Z",
    "lastUpdateTime": "2018-06-26T03:13:42.000Z",
    "auth": 2,
    "uid": "bd-3261191311",
    "publishedVersion": 0,
    "forkFrom": "-",
    "isSpam": 0,
    "version": 4,
    "parentVersion": 3,
    "echartsVersion": "4.1.0",
    "versionCreateTime": "2018-06-26T07:07:45.000Z",
    "html": "",
    "externalScripts": "",
    "updaterUID": "bd-3261191311",
    "theme": "",
    "layout": "",
    "viewCount": 73,
    "userName": "上帝這樣過分",
    "commentCount": 0,
    "starCount": 1,
    "isStared": 0,
    "thumbnailURL": "https://www.makeapie.com/ecg-storage/ec_gallery_thumbnail/xHkAPkEkMQ.png?v=1529996865409",
    "isCustomThumbnail": 0,
    "builtinTags": [
        "category-work",
        "grid",
        "legend",
        "series-bar",
        "title",
        "tooltip"
    ],
    "customTags": [],
    "updaterUserName": "上帝這樣過分"
}