{
    "cid": "xHkjbrxtZ7",
    "authorUid": "bd-2903669626",
    "authorUserName": "z***2",
    "title": "堆叠图带区域提示",
    "description": "项目需要",
    "latestVersion": 12,
    "alwaysLatest": 1,
    "createTime": "2018-06-21T09:50:58.000Z",
    "lastUpdateTime": "2018-06-21T09:50:58.000Z",
    "auth": 2,
    "uid": "bd-2903669626",
    "publishedVersion": 0,
    "forkFrom": "-",
    "isSpam": 0,
    "version": 12,
    "parentVersion": 11,
    "echartsVersion": "4.2.1",
    "versionCreateTime": "2019-07-12T03:31:18.000Z",
    "html": "",
    "externalScripts": "",
    "updaterUID": "bd-2903669626",
    "theme": "",
    "layout": "",
    "viewCount": 4584,
    "userName": "z***2",
    "commentCount": 0,
    "starCount": 12,
    "isStared": 0,
    "thumbnailURL": "https://www.makeapie.com/ecg-storage/ec_gallery_thumbnail/xHkjbrxtZ7.png?v=1562902278138",
    "isCustomThumbnail": 0,
    "builtinTags": [
        "category-work",
        "grid",
        "legend",
        "markArea",
        "series-bar",
        "title",
        "tooltip"
    ],
    "customTags": [],
    "updaterUserName": "z***2"
}