{
    "cid": "xHybOQI1f7",
    "authorUid": "bd-1141130181",
    "authorUserName": "l***n",
    "title": "地铁图",
    "description": "",
    "latestVersion": 6,
    "alwaysLatest": 1,
    "createTime": "2018-06-26T05:47:20.000Z",
    "lastUpdateTime": "2018-06-26T05:47:20.000Z",
    "auth": 2,
    "uid": "bd-1141130181",
    "publishedVersion": 0,
    "forkFrom": "-",
    "isSpam": 0,
    "version": 6,
    "parentVersion": 5,
    "echartsVersion": "4.1.0",
    "versionCreateTime": "2018-06-26T14:36:49.000Z",
    "html": "",
    "externalScripts": "",
    "updaterUID": "bd-1141130181",
    "theme": "",
    "layout": "",
    "viewCount": 155,
    "userName": "l***n",
    "commentCount": 0,
    "starCount": 0,
    "isStared": 0,
    "thumbnailURL": "https://www.makeapie.com/ecg-storage/ec_gallery_thumbnail/xHybOQI1f7.png?v=1530023809488",
    "isCustomThumbnail": 0,
    "builtinTags": [
        "category-work",
        "series-graph",
        "title",
        "tooltip"
    ],
    "customTags": [],
    "updaterUserName": "l***n"
}