{
    "cid": "xrJpC7GY-m",
    "authorUid": "bd-4145772538",
    "authorUserName": "X***s",
    "title": "柱状图数据颜色变化",
    "description": "根据数据的大小，变化成不同的颜色，如小于60为红色",
    "latestVersion": 1,
    "alwaysLatest": 1,
    "createTime": "2018-06-21T12:02:28.000Z",
    "lastUpdateTime": "2018-06-21T12:02:28.000Z",
    "auth": 2,
    "uid": "bd-4145772538",
    "publishedVersion": 0,
    "forkFrom": "-",
    "isSpam": 0,
    "version": 1,
    "parentVersion": -1,
    "echartsVersion": "4.1.0",
    "versionCreateTime": "2018-06-21T12:02:28.000Z",
    "html": "",
    "externalScripts": "",
    "updaterUID": "bd-4145772538",
    "theme": "",
    "layout": "",
    "viewCount": 395,
    "userName": "X***s",
    "commentCount": 0,
    "starCount": 5,
    "isStared": 0,
    "thumbnailURL": "https://www.makeapie.com/ecg-storage/ec_gallery_thumbnail/xrJpC7GY-m.png?v=1529582549089",
    "isCustomThumbnail": 0,
    "builtinTags": [
        "category-work",
        "series-pie",
        "title"
    ],
    "customTags": [],
    "updaterUserName": "X***s"
}