{
    "cid": "xS1Jt_d5ZQ",
    "authorUid": "bd-2921955863",
    "authorUserName": "看孤独的风景线",
    "title": "环形图中间文字描述",
    "description": "",
    "latestVersion": 1,
    "alwaysLatest": 1,
    "createTime": "2018-06-22T13:24:06.000Z",
    "lastUpdateTime": "2018-06-22T13:24:06.000Z",
    "auth": 2,
    "uid": "bd-2921955863",
    "publishedVersion": 0,
    "forkFrom": "-",
    "isSpam": 0,
    "version": 1,
    "parentVersion": -1,
    "echartsVersion": "4.1.0",
    "versionCreateTime": "2018-06-22T13:24:06.000Z",
    "html": "",
    "externalScripts": "",
    "updaterUID": "bd-2921955863",
    "theme": "",
    "layout": "",
    "viewCount": 92,
    "userName": "看孤独的风景线",
    "commentCount": 0,
    "starCount": 0,
    "isStared": 0,
    "thumbnailURL": "https://www.makeapie.com/ecg-storage/ec_gallery_thumbnail/xS1Jt_d5ZQ.png?v=1529673847001",
    "isCustomThumbnail": 0,
    "builtinTags": [
        "category-work",
        "series-pie",
        "title"
    ],
    "customTags": [],
    "updaterUserName": "看孤独的风景线"
}