{
    "cid": "xSJGZ70d-7",
    "authorUid": "bd-4163948118",
    "authorUserName": "逍遥游9186",
    "title": "随便",
    "description": "",
    "latestVersion": 2,
    "alwaysLatest": 1,
    "createTime": "2018-06-21T07:25:46.000Z",
    "lastUpdateTime": "2018-06-21T07:25:46.000Z",
    "auth": 1,
    "uid": "bd-4163948118",
    "publishedVersion": 0,
    "forkFrom": "-",
    "isSpam": 0,
    "version": 2,
    "parentVersion": 1,
    "echartsVersion": "4.1.0",
    "versionCreateTime": "2018-07-19T03:10:26.000Z",
    "html": "",
    "externalScripts": "",
    "updaterUID": "bd-4163948118",
    "theme": "",
    "layout": "",
    "viewCount": 86,
    "userName": "逍遥游9186",
    "commentCount": 0,
    "starCount": 1,
    "isStared": 0,
    "thumbnailURL": "https://www.makeapie.com/ecg-storage/ec_gallery_thumbnail/xSJGZ70d-7.png?v=1531969826381",
    "isCustomThumbnail": 0,
    "builtinTags": [
        "category-work",
        "series-pie",
        "title",
        "tooltip"
    ],
    "customTags": [],
    "updaterUserName": "逍遥游9186"
}