{
    "cid": "xSJIANOyM7",
    "authorUid": "bd-1463110157",
    "authorUserName": "经验知识house",
    "title": "北京开发票",
    "description": "北京开发票【微信/QQ:19227乄1364 陈经理】《☆欢迎咨询☆》《☆信誉第一☆》《☆验后付款☆》本公司在诚信保密的基础上专业理财。我们拥有强悍综合能力和过硬专业水平团队，完善丰富的网络系统，用最经济的消费为您提供最可靠、有效、优质的服务，深得税企双方的信赖与支持。郑重承诺：所有票据均可上网查询或到税务局验证!受理谨慎，收费合理为客户节省运作成本提供优质保密服务!所有票据均可通过紫外线查看防伪标记及上网验证。我们将进一步完善公司的管理制度.优化服务内容，希望能成为您事业发展的强有力帮手。我们本着“诚实守信、优质高效”的服务宗旨，始终坚持客户至上、以质量求信誉、以信誉求发展的经营理念，坚持独立、客观、公正、保密的原则。为广大有武汉开发票需求的客户提供全方位、高效率、优质真诚服务。\n声明：百度不会以任何理由索要您的账号、密码、身份等敏感信息，请确认邀请人是否可靠，防止个人信息泄露",
    "latestVersion": 2,
    "alwaysLatest": 1,
    "createTime": "2018-06-26T08:09:50.000Z",
    "lastUpdateTime": "2018-06-26T08:09:50.000Z",
    "auth": 2,
    "uid": "bd-1463110157",
    "publishedVersion": 0,
    "forkFrom": "-",
    "isSpam": 0,
    "version": 2,
    "parentVersion": 1,
    "echartsVersion": "4.1.0",
    "versionCreateTime": "2018-06-26T08:10:30.000Z",
    "html": "",
    "externalScripts": "",
    "updaterUID": "bd-1463110157",
    "theme": "",
    "layout": "",
    "viewCount": 77,
    "userName": "经验知识house",
    "commentCount": 0,
    "starCount": 0,
    "isStared": 0,
    "thumbnailURL": "https://www.makeapie.com/ecg-storage/ec_gallery_thumbnail/xSJIANOyM7.png?v=1530000630837",
    "isCustomThumbnail": 0,
    "builtinTags": [
        "category-work",
        "grid",
        "series-line",
        "title"
    ],
    "customTags": [],
    "updaterUserName": "经验知识house"
}