{
    "cid": "xSkXO9f9WX",
    "authorUid": "bd-306834757",
    "authorUserName": "skykkkkklll",
    "title": "Awesome Chart",
    "description": "11",
    "latestVersion": 4,
    "alwaysLatest": 1,
    "createTime": "2018-06-22T06:42:50.000Z",
    "lastUpdateTime": "2018-06-22T06:42:50.000Z",
    "auth": 2,
    "uid": "bd-306834757",
    "publishedVersion": 0,
    "forkFrom": "-",
    "isSpam": 0,
    "version": 4,
    "parentVersion": 2,
    "echartsVersion": "4.1.0",
    "versionCreateTime": "2018-07-03T09:57:18.000Z",
    "html": "",
    "externalScripts": "",
    "updaterUID": "bd-306834757",
    "theme": "",
    "layout": "",
    "viewCount": 98,
    "userName": "skykkkkklll",
    "commentCount": 0,
    "starCount": 0,
    "isStared": 0,
    "thumbnailURL": "https://www.makeapie.com/ecg-storage/ec_gallery_thumbnail/xSkXO9f9WX.png?v=1530611838636",
    "isCustomThumbnail": 0,
    "builtinTags": [
        "category-work",
        "series-sankey",
        "title",
        "tooltip"
    ],
    "customTags": [],
    "updaterUserName": "skykkkkklll"
}