{
    "cid": "xB1HIGsXxf",
    "authorUid": "bd-2859771119",
    "authorUserName": "sjh子夜",
    "title": "",
    "description": "",
    "latestVersion": 2,
    "alwaysLatest": 1,
    "createTime": "2017-11-23T01:20:13.000Z",
    "lastUpdateTime": "2017-11-23T01:20:13.000Z",
    "auth": 2,
    "uid": "bd-2859771119",
    "publishedVersion": 0,
    "forkFrom": "-",
    "isSpam": 0,
    "version": 2,
    "parentVersion": 1,
    "echartsVersion": "3.8.0",
    "versionCreateTime": "2017-11-23T01:47:52.000Z",
    "html": "",
    "externalScripts": "",
    "updaterUID": "bd-2859771119",
    "theme": "",
    "layout": "",
    "viewCount": 1416,
    "userName": "sjh子夜",
    "commentCount": 0,
    "starCount": 1,
    "isStared": 0,
    "thumbnailURL": "https://www.makeapie.com/ecg-storage/ec_gallery_thumbnail/xB1HIGsXxf.png?v=1511401672348",
    "isCustomThumbnail": 0,
    "builtinTags": [
        "category-work",
        "legend",
        "series-pie",
        "tooltip"
    ],
    "customTags": [],
    "updaterUserName": "sjh子夜"
}