{
    "cid": "xByCgfuref",
    "authorUid": "bd-2450494145",
    "authorUserName": "juer_L",
    "title": "qiujutest",
    "description": "高亮指定项，测试用",
    "latestVersion": 1,
    "alwaysLatest": 1,
    "createTime": "2017-11-24T10:18:29.000Z",
    "lastUpdateTime": "2017-11-24T10:18:29.000Z",
    "auth": 2,
    "uid": "bd-2450494145",
    "publishedVersion": 0,
    "forkFrom": "-",
    "isSpam": 0,
    "version": 1,
    "parentVersion": -1,
    "echartsVersion": "3.8.0",
    "versionCreateTime": "2017-11-24T10:18:29.000Z",
    "html": "",
    "externalScripts": "",
    "updaterUID": "bd-2450494145",
    "theme": "",
    "layout": "",
    "viewCount": 119,
    "userName": "juer_L",
    "commentCount": 0,
    "starCount": 0,
    "isStared": 0,
    "thumbnailURL": "https://www.makeapie.com/ecg-storage/ec_gallery_thumbnail/xByCgfuref.png?v=1511518709918",
    "isCustomThumbnail": 0,
    "builtinTags": [
        "category-work",
        "grid",
        "series-bar"
    ],
    "customTags": [],
    "updaterUserName": "juer_L"
}