{
    "cid": "xH17up9QeM",
    "authorUid": "bd-2859771119",
    "authorUserName": "sjh子夜",
    "title": "跳楼",
    "description": "",
    "latestVersion": 4,
    "alwaysLatest": 1,
    "createTime": "2017-11-23T00:59:23.000Z",
    "lastUpdateTime": "2017-11-23T00:59:23.000Z",
    "auth": 2,
    "uid": "bd-2859771119",
    "publishedVersion": 0,
    "forkFrom": "-",
    "isSpam": 0,
    "version": 4,
    "parentVersion": 3,
    "echartsVersion": "3.8.0",
    "versionCreateTime": "2017-11-23T01:02:43.000Z",
    "html": "",
    "externalScripts": "",
    "updaterUID": "bd-2859771119",
    "theme": "",
    "layout": "",
    "viewCount": 495,
    "userName": "sjh子夜",
    "commentCount": 0,
    "starCount": 1,
    "isStared": 0,
    "thumbnailURL": "https://www.makeapie.com/ecg-storage/ec_gallery_thumbnail/xH17up9QeM.png?v=1511398963383",
    "isCustomThumbnail": 0,
    "builtinTags": [
        "category-work",
        "dataZoom",
        "grid",
        "series-bar",
        "title"
    ],
    "customTags": [],
    "updaterUserName": "sjh子夜"
}