{
    "cid": "xHJc_zPrlM",
    "authorUid": "bd-848534178",
    "authorUserName": "等方式发生分",
    "title": "漳州出租车",
    "description": "",
    "latestVersion": 1,
    "alwaysLatest": 1,
    "createTime": "2017-11-24T09:12:18.000Z",
    "lastUpdateTime": "2017-11-24T09:12:18.000Z",
    "auth": 1,
    "uid": "bd-848534178",
    "publishedVersion": 1,
    "forkFrom": "-",
    "isSpam": 0,
    "version": 1,
    "parentVersion": -1,
    "echartsVersion": "3.8.0",
    "versionCreateTime": "2017-11-24T09:12:18.000Z",
    "html": "",
    "externalScripts": "",
    "updaterUID": "bd-848534178",
    "theme": "",
    "layout": "",
    "viewCount": 42,
    "userName": "等方式发生分",
    "commentCount": 0,
    "starCount": 0,
    "isStared": 0,
    "thumbnailURL": "https://www.makeapie.com/ecg-storage/ec_gallery_thumbnail/xHJc_zPrlM.png?v=1511514738518",
    "isCustomThumbnail": 0,
    "builtinTags": [
        "category-work",
        "grid",
        "series-line",
        "title"
    ],
    "customTags": [],
    "updaterUserName": "等方式发生分"
}