{
    "cid": "xHkmNrjmef",
    "authorUid": "bd-3715786545",
    "authorUserName": "依鹿依依",
    "title": "是否支持共享单车项目",
    "description": "",
    "latestVersion": 1,
    "alwaysLatest": 1,
    "createTime": "2017-11-23T01:32:27.000Z",
    "lastUpdateTime": "2017-11-23T01:32:27.000Z",
    "auth": 2,
    "uid": "bd-3715786545",
    "publishedVersion": 0,
    "forkFrom": "-",
    "isSpam": 0,
    "version": 1,
    "parentVersion": -1,
    "echartsVersion": "3.8.0",
    "versionCreateTime": "2017-11-23T01:32:27.000Z",
    "html": "",
    "externalScripts": "",
    "updaterUID": "bd-3715786545",
    "theme": "",
    "layout": "",
    "viewCount": 468,
    "userName": "依鹿依依",
    "commentCount": 0,
    "starCount": 6,
    "isStared": 0,
    "thumbnailURL": "https://www.makeapie.com/ecg-storage/ec_gallery_thumbnail/xHkmNrjmef.png?v=1511400747627",
    "isCustomThumbnail": 0,
    "builtinTags": [
        "category-work",
        "grid",
        "legend",
        "series-bar",
        "title",
        "tooltip"
    ],
    "customTags": [],
    "updaterUserName": "依鹿依依"
}