{
    "cid": "xrk-z3z7eG",
    "authorUid": "bd-671676474",
    "authorUserName": "jzz4012650",
    "title": "",
    "description": "",
    "latestVersion": 1,
    "alwaysLatest": 1,
    "createTime": "2017-11-22T15:47:20.000Z",
    "lastUpdateTime": "2017-11-22T15:47:20.000Z",
    "auth": 2,
    "uid": "bd-671676474",
    "publishedVersion": 0,
    "forkFrom": "-",
    "isSpam": 0,
    "version": 1,
    "parentVersion": -1,
    "echartsVersion": "3.8.0",
    "versionCreateTime": "2017-11-22T15:47:20.000Z",
    "html": "",
    "externalScripts": "https://cdn.bootcss.com/PapaParse/4.1.2/papaparse.min.js",
    "updaterUID": "bd-671676474",
    "theme": "",
    "layout": "",
    "viewCount": 21,
    "userName": "jzz4012650",
    "commentCount": 0,
    "starCount": 0,
    "isStared": 0,
    "thumbnailURL": "https://www.makeapie.com/ecg-storage/ec_gallery_thumbnail/xrk-z3z7eG.undefined?v=",
    "isCustomThumbnail": 0,
    "builtinTags": [
        "category-work"
    ],
    "customTags": [],
    "updaterUserName": "jzz4012650"
}