{
    "cid": "xrk9XHlBlM",
    "authorUid": "bd-1075817977",
    "authorUserName": "7***2",
    "title": "实时报名数",
    "description": "饼图",
    "latestVersion": 5,
    "alwaysLatest": 1,
    "createTime": "2017-11-24T01:25:54.000Z",
    "lastUpdateTime": "2017-11-24T01:25:54.000Z",
    "auth": 2,
    "uid": "bd-1075817977",
    "publishedVersion": 0,
    "forkFrom": "-",
    "isSpam": 0,
    "version": 5,
    "parentVersion": 4,
    "echartsVersion": "3.8.0",
    "versionCreateTime": "2017-11-29T10:05:47.000Z",
    "html": "",
    "externalScripts": "",
    "updaterUID": "bd-1075817977",
    "theme": "",
    "layout": "",
    "viewCount": 812,
    "userName": "7***2",
    "commentCount": 0,
    "starCount": 11,
    "isStared": 0,
    "thumbnailURL": "https://www.makeapie.com/ecg-storage/ec_gallery_thumbnail/xrk9XHlBlM.png?v=1511949947215",
    "isCustomThumbnail": 0,
    "builtinTags": [
        "category-work",
        "series-pie",
        "title"
    ],
    "customTags": [],
    "updaterUserName": "7***2"
}