{
    "cid": "xS1eDNvHgG",
    "authorUid": "bd-273185207",
    "authorUserName": "Dracula487",
    "title": "漳州",
    "description": "",
    "latestVersion": 1,
    "alwaysLatest": 1,
    "createTime": "2017-11-24T09:20:24.000Z",
    "lastUpdateTime": "2017-11-24T09:20:24.000Z",
    "auth": 1,
    "uid": "bd-273185207",
    "publishedVersion": 0,
    "forkFrom": "-",
    "isSpam": 0,
    "version": 1,
    "parentVersion": -1,
    "echartsVersion": "3.8.0",
    "versionCreateTime": "2017-11-24T09:20:24.000Z",
    "html": "",
    "externalScripts": "",
    "updaterUID": "bd-273185207",
    "theme": "",
    "layout": "",
    "viewCount": 13,
    "userName": "Dracula487",
    "commentCount": 0,
    "starCount": 0,
    "isStared": 0,
    "thumbnailURL": "https://www.makeapie.com/ecg-storage/ec_gallery_thumbnail/xS1eDNvHgG.undefined?v=",
    "isCustomThumbnail": 0,
    "builtinTags": [
        "category-work"
    ],
    "customTags": [],
    "updaterUserName": "Dracula487"
}