{
    "cid": "xSJ6CtzVef",
    "authorUid": "bd-1042061660",
    "authorUserName": "弑魂杀悟空",
    "title": "市场占有率",
    "description": "第一次上传",
    "latestVersion": 2,
    "alwaysLatest": 1,
    "createTime": "2017-11-23T09:50:13.000Z",
    "lastUpdateTime": "2017-11-23T09:50:13.000Z",
    "auth": 1,
    "uid": "bd-1042061660",
    "publishedVersion": 0,
    "forkFrom": "-",
    "isSpam": 0,
    "version": 2,
    "parentVersion": 1,
    "echartsVersion": "3.8.0",
    "versionCreateTime": "2020-12-29T00:42:25.000Z",
    "html": "",
    "externalScripts": "",
    "updaterUID": "bd-3825585391",
    "theme": "",
    "layout": "",
    "viewCount": 56,
    "userName": "弑魂杀悟空",
    "commentCount": 0,
    "starCount": 0,
    "isStared": 0,
    "thumbnailURL": "https://www.makeapie.com/ecg-storage/ec_gallery_thumbnail/xSJ6CtzVef.png?v=1609202545994",
    "isCustomThumbnail": 0,
    "builtinTags": [
        "category-work",
        "series-pie",
        "title",
        "tooltip"
    ],
    "customTags": [],
    "updaterUserName": "p***c"
}