{
    "cid": "xSk30QvHez",
    "authorUid": "bd-273185207",
    "authorUserName": "Dracula487",
    "title": "漳州出租车数据",
    "description": "出租车分析",
    "latestVersion": 1,
    "alwaysLatest": 1,
    "createTime": "2017-11-24T09:18:11.000Z",
    "lastUpdateTime": "2017-11-24T09:18:11.000Z",
    "auth": 2,
    "uid": "bd-273185207",
    "publishedVersion": 0,
    "forkFrom": "-",
    "isSpam": 0,
    "version": 1,
    "parentVersion": -1,
    "echartsVersion": "3.8.0",
    "versionCreateTime": "2017-11-24T09:18:11.000Z",
    "html": "",
    "externalScripts": "",
    "updaterUID": "bd-273185207",
    "theme": "",
    "layout": "",
    "viewCount": 25,
    "userName": "Dracula487",
    "commentCount": 0,
    "starCount": 0,
    "isStared": 0,
    "thumbnailURL": "https://www.makeapie.com/ecg-storage/ec_gallery_thumbnail/xSk30QvHez.png?v=1511515091957",
    "isCustomThumbnail": 0,
    "builtinTags": [
        "category-work",
        "grid",
        "series-line",
        "title"
    ],
    "customTags": [],
    "updaterUserName": "Dracula487"
}