{
    "cid": "x_wvDx6NK9",
    "authorUid": "bd-2856137297",
    "authorUserName": "落***青",
    "title": "金字塔图",
    "description": "",
    "latestVersion": 1,
    "alwaysLatest": 1,
    "createTime": "2020-12-18T09:48:04.000Z",
    "lastUpdateTime": "2020-12-18T09:48:04.000Z",
    "auth": 2,
    "uid": "bd-2856137297",
    "publishedVersion": 0,
    "forkFrom": "-",
    "isSpam": 0,
    "version": 1,
    "parentVersion": -1,
    "echartsVersion": "4.8.0",
    "versionCreateTime": "2020-12-18T09:48:04.000Z",
    "html": "",
    "externalScripts": "",
    "updaterUID": "bd-2856137297",
    "theme": "",
    "layout": "",
    "viewCount": 336,
    "userName": "落***青",
    "commentCount": 0,
    "starCount": 4,
    "isStared": 0,
    "thumbnailURL": "https://www.makeapie.com/ecg-storage/ec_gallery_thumbnail/x_wvDx6NK9.png?v=1608284884660",
    "isCustomThumbnail": 0,
    "builtinTags": [
        "category-work",
        "series-funnel"
    ],
    "customTags": [],
    "updaterUserName": "落***青"
}