{
    "cid": "xGW5-wdZEB",
    "authorUid": "obd-o2ETbOYTvQ5DyIMOTHqpUrUIOzA_n6I",
    "authorUserName": "173*****298",
    "title": "渐变线图",
    "description": "",
    "latestVersion": 1,
    "alwaysLatest": 1,
    "createTime": "2020-12-19T02:51:05.000Z",
    "lastUpdateTime": "2020-12-19T02:51:05.000Z",
    "auth": 2,
    "uid": "obd-o2ETbOYTvQ5DyIMOTHqpUrUIOzA_n6I",
    "publishedVersion": 0,
    "forkFrom": "-",
    "isSpam": 0,
    "version": 1,
    "parentVersion": -1,
    "echartsVersion": "4.8.0",
    "versionCreateTime": "2020-12-19T02:51:05.000Z",
    "html": "",
    "externalScripts": "",
    "updaterUID": "obd-o2ETbOYTvQ5DyIMOTHqpUrUIOzA_n6I",
    "theme": "",
    "layout": "",
    "viewCount": 23,
    "userName": "173*****298",
    "commentCount": 0,
    "starCount": 0,
    "isStared": 0,
    "thumbnailURL": "https://www.makeapie.com/ecg-storage/ec_gallery_thumbnail/xGW5-wdZEB.png?v=1608346265929",
    "isCustomThumbnail": 0,
    "builtinTags": [
        "category-work",
        "grid",
        "series-line",
        "tooltip"
    ],
    "customTags": [],
    "updaterUserName": "173*****298"
}