{
    "cid": "xLu2flyLDp",
    "authorUid": "obd-oPTAHaGyJyaR5UpdCyD6vp-SlQZEG9L",
    "authorUserName": "匹***也",
    "title": "调用情况",
    "description": "",
    "latestVersion": 1,
    "alwaysLatest": 1,
    "createTime": "2020-12-20T02:56:26.000Z",
    "lastUpdateTime": "2020-12-20T02:56:26.000Z",
    "auth": 1,
    "uid": "obd-oPTAHaGyJyaR5UpdCyD6vp-SlQZEG9L",
    "publishedVersion": 0,
    "forkFrom": "-",
    "isSpam": 0,
    "version": 1,
    "parentVersion": -1,
    "echartsVersion": "4.8.0",
    "versionCreateTime": "2020-12-20T02:56:26.000Z",
    "html": "",
    "externalScripts": "",
    "updaterUID": "obd-oPTAHaGyJyaR5UpdCyD6vp-SlQZEG9L",
    "theme": "",
    "layout": "",
    "viewCount": 28,
    "userName": "匹***也",
    "commentCount": 0,
    "starCount": 0,
    "isStared": 0,
    "thumbnailURL": "https://www.makeapie.com/ecg-storage/ec_gallery_thumbnail/xLu2flyLDp.png?v=1608432987085",
    "isCustomThumbnail": 0,
    "builtinTags": [
        "category-work",
        "grid",
        "legend",
        "series-line",
        "title",
        "tooltip"
    ],
    "customTags": [],
    "updaterUserName": "匹***也"
}