{
    "cid": "xn8BXD7EUs",
    "authorUid": "obd-oNSDjod05aPkc3F-79BS5pE1Lna9PCN",
    "authorUserName": "路***咯",
    "title": "柱状图",
    "description": "柱状图",
    "latestVersion": 3,
    "alwaysLatest": 1,
    "createTime": "2020-12-18T03:45:31.000Z",
    "lastUpdateTime": "2020-12-18T03:45:31.000Z",
    "auth": 2,
    "uid": "obd-oNSDjod05aPkc3F-79BS5pE1Lna9PCN",
    "publishedVersion": 0,
    "forkFrom": "-",
    "isSpam": 0,
    "version": 3,
    "parentVersion": 2,
    "echartsVersion": "4.8.0",
    "versionCreateTime": "2020-12-18T05:53:41.000Z",
    "html": "",
    "externalScripts": "",
    "updaterUID": "obd-oNSDjod05aPkc3F-79BS5pE1Lna9PCN",
    "theme": "",
    "layout": "",
    "viewCount": 24,
    "userName": "路***咯",
    "commentCount": 0,
    "starCount": 2,
    "isStared": 0,
    "thumbnailURL": "https://www.makeapie.com/ecg-storage/ec_gallery_thumbnail/xn8BXD7EUs.png?v=1608270821252",
    "isCustomThumbnail": 0,
    "builtinTags": [
        "category-work",
        "grid",
        "series-pictorialBar",
        "tooltip"
    ],
    "customTags": [],
    "updaterUserName": "路***咯"
}