{
    "cid": "xqF4xSlWOA",
    "authorUid": "bd-2856137297",
    "authorUserName": "落***青",
    "title": "饼图-柱状图",
    "description": "",
    "latestVersion": 3,
    "alwaysLatest": 1,
    "createTime": "2020-12-18T06:07:31.000Z",
    "lastUpdateTime": "2020-12-18T06:07:31.000Z",
    "auth": 2,
    "uid": "bd-2856137297",
    "publishedVersion": 0,
    "forkFrom": "-",
    "isSpam": 0,
    "version": 3,
    "parentVersion": 2,
    "echartsVersion": "4.8.0",
    "versionCreateTime": "2020-12-18T06:23:11.000Z",
    "html": "",
    "externalScripts": "",
    "updaterUID": "bd-2856137297",
    "theme": "",
    "layout": "",
    "viewCount": 253,
    "userName": "落***青",
    "commentCount": 0,
    "starCount": 6,
    "isStared": 0,
    "thumbnailURL": "https://www.makeapie.com/ecg-storage/ec_gallery_thumbnail/xqF4xSlWOA.png?v=1608272591287",
    "isCustomThumbnail": 0,
    "builtinTags": [
        "category-work",
        "grid",
        "series-bar",
        "series-gauge",
        "series-pie",
        "title",
        "tooltip"
    ],
    "customTags": [],
    "updaterUserName": "落***青"
}