{
    "cid": "xsL3azkwXI",
    "authorUid": "bd-2856137297",
    "authorUserName": "落***青",
    "title": "标准差指数SDI",
    "description": "",
    "latestVersion": 1,
    "alwaysLatest": 1,
    "createTime": "2020-12-18T10:35:39.000Z",
    "lastUpdateTime": "2020-12-18T10:35:39.000Z",
    "auth": 2,
    "uid": "bd-2856137297",
    "publishedVersion": 0,
    "forkFrom": "-",
    "isSpam": 0,
    "version": 1,
    "parentVersion": -1,
    "echartsVersion": "4.8.0",
    "versionCreateTime": "2020-12-18T10:35:39.000Z",
    "html": "",
    "externalScripts": "",
    "updaterUID": "bd-2856137297",
    "theme": "",
    "layout": "",
    "viewCount": 52,
    "userName": "落***青",
    "commentCount": 0,
    "starCount": 0,
    "isStared": 0,
    "thumbnailURL": "https://www.makeapie.com/ecg-storage/ec_gallery_thumbnail/xsL3azkwXI.png?v=1608287739587",
    "isCustomThumbnail": 0,
    "builtinTags": [
        "category-work",
        "legend",
        "series-pie",
        "title"
    ],
    "customTags": [],
    "updaterUserName": "落***青"
}