{
    "cid": "xU-IfC8ang",
    "authorUid": "obd-o2TqhU5V49yi28tSjDqysoIw4zUTi6H",
    "authorUserName": "m***h",
    "title": "指针",
    "description": "",
    "latestVersion": 3,
    "alwaysLatest": 1,
    "createTime": "2020-12-17T13:06:59.000Z",
    "lastUpdateTime": "2020-12-17T13:06:59.000Z",
    "auth": 2,
    "uid": "obd-o2TqhU5V49yi28tSjDqysoIw4zUTi6H",
    "publishedVersion": 0,
    "forkFrom": "-",
    "isSpam": 0,
    "version": 3,
    "parentVersion": 2,
    "echartsVersion": "4.8.0",
    "versionCreateTime": "2020-12-21T01:02:56.000Z",
    "html": "",
    "externalScripts": "",
    "updaterUID": "obd-o2TqhU5V49yi28tSjDqysoIw4zUTi6H",
    "theme": "",
    "layout": "",
    "viewCount": 137,
    "userName": "m***h",
    "commentCount": 0,
    "starCount": 0,
    "isStared": 0,
    "thumbnailURL": "https://www.makeapie.com/ecg-storage/ec_gallery_thumbnail/xU-IfC8ang.png?v=1608512576763",
    "isCustomThumbnail": 0,
    "builtinTags": [
        "category-work",
        "polar",
        "series-gauge",
        "series-pie",
        "title",
        "tooltip"
    ],
    "customTags": [],
    "updaterUserName": "m***h"
}