{
    "cid": "xviWvWBgme",
    "authorUid": "obd-oNSDjod05aPkc3F-79BS5pE1Lna9PCN",
    "authorUserName": "路***咯",
    "title": "仪表盘",
    "description": "渐变色",
    "latestVersion": 1,
    "alwaysLatest": 1,
    "createTime": "2020-12-18T06:08:17.000Z",
    "lastUpdateTime": "2020-12-18T06:08:17.000Z",
    "auth": 2,
    "uid": "obd-oNSDjod05aPkc3F-79BS5pE1Lna9PCN",
    "publishedVersion": 0,
    "forkFrom": "-",
    "isSpam": 0,
    "version": 1,
    "parentVersion": -1,
    "echartsVersion": "4.8.0",
    "versionCreateTime": "2020-12-18T06:08:17.000Z",
    "html": "",
    "externalScripts": "",
    "updaterUID": "obd-oNSDjod05aPkc3F-79BS5pE1Lna9PCN",
    "theme": "",
    "layout": "",
    "viewCount": 173,
    "userName": "路***咯",
    "commentCount": 0,
    "starCount": 3,
    "isStared": 0,
    "thumbnailURL": "https://www.makeapie.com/ecg-storage/ec_gallery_thumbnail/xviWvWBgme.png?v=1608271697236",
    "isCustomThumbnail": 0,
    "builtinTags": [
        "category-work",
        "series-gauge",
        "series-pie"
    ],
    "customTags": [],
    "updaterUserName": "路***咯"
}