{
    "cid": "xwxX2q2m67",
    "authorUid": "bd-1142973048",
    "authorUserName": "x***a",
    "title": "饼图",
    "description": "",
    "latestVersion": 5,
    "alwaysLatest": 1,
    "createTime": "2020-12-19T07:03:59.000Z",
    "lastUpdateTime": "2020-12-19T07:03:59.000Z",
    "auth": 2,
    "uid": "bd-1142973048",
    "publishedVersion": 0,
    "forkFrom": "-",
    "isSpam": 0,
    "version": 5,
    "parentVersion": 4,
    "echartsVersion": "4.8.0",
    "versionCreateTime": "2020-12-19T08:57:53.000Z",
    "html": "",
    "externalScripts": "",
    "updaterUID": "bd-1142973048",
    "theme": "",
    "layout": "",
    "viewCount": 168,
    "userName": "x***a",
    "commentCount": 0,
    "starCount": 1,
    "isStared": 0,
    "thumbnailURL": "https://www.makeapie.com/ecg-storage/ec_gallery_thumbnail/xwxX2q2m67.png?v=1608368273237",
    "isCustomThumbnail": 0,
    "builtinTags": [
        "category-work",
        "legend",
        "series-pie",
        "title",
        "tooltip"
    ],
    "customTags": [],
    "updaterUserName": "x***a"
}