{
    "cid": "xXGmhAnYz2",
    "authorUid": "obd-o-6e5tnuyEZUi6ZPvY_ANyILjKhnSAd",
    "authorUserName": "张***8",
    "title": "test",
    "description": "test",
    "latestVersion": 1,
    "alwaysLatest": 1,
    "createTime": "2020-12-19T21:46:40.000Z",
    "lastUpdateTime": "2020-12-19T21:46:40.000Z",
    "auth": 1,
    "uid": "obd-o-6e5tnuyEZUi6ZPvY_ANyILjKhnSAd",
    "publishedVersion": 0,
    "forkFrom": "-",
    "isSpam": 0,
    "version": 1,
    "parentVersion": -1,
    "echartsVersion": "4.8.0",
    "versionCreateTime": "2020-12-19T21:46:40.000Z",
    "html": "",
    "externalScripts": "",
    "updaterUID": "obd-o-6e5tnuyEZUi6ZPvY_ANyILjKhnSAd",
    "theme": "",
    "layout": "",
    "viewCount": 10,
    "userName": "张***8",
    "commentCount": 0,
    "starCount": 0,
    "isStared": 0,
    "thumbnailURL": "https://www.makeapie.com/ecg-storage/ec_gallery_thumbnail/xXGmhAnYz2.png?v=1608414400244",
    "isCustomThumbnail": 0,
    "builtinTags": [
        "category-work",
        "grid",
        "series-line",
        "title"
    ],
    "customTags": [
        "test"
    ],
    "updaterUserName": "张***8"
}