{
    "cid": "xxm3fEgABK",
    "authorUid": "obd-oPTAHaGyJyaR5UpdCyD6vp-SlQZEG9L",
    "authorUserName": "匹***也",
    "title": "静止关系图",
    "description": "",
    "latestVersion": 2,
    "alwaysLatest": 1,
    "createTime": "2020-12-20T03:02:51.000Z",
    "lastUpdateTime": "2020-12-20T03:02:51.000Z",
    "auth": 1,
    "uid": "obd-oPTAHaGyJyaR5UpdCyD6vp-SlQZEG9L",
    "publishedVersion": 0,
    "forkFrom": "-",
    "isSpam": 0,
    "version": 2,
    "parentVersion": 1,
    "echartsVersion": "4.8.0",
    "versionCreateTime": "2020-12-22T09:12:49.000Z",
    "html": "",
    "externalScripts": "",
    "updaterUID": "obd-ojMkW5BblJFAS1B37ig5x-GfJIDvfED",
    "theme": "",
    "layout": "",
    "viewCount": 59,
    "userName": "匹***也",
    "commentCount": 0,
    "starCount": 0,
    "isStared": 0,
    "thumbnailURL": "https://www.makeapie.com/ecg-storage/ec_gallery_thumbnail/xxm3fEgABK.png?v=1608628369219",
    "isCustomThumbnail": 0,
    "builtinTags": [
        "category-work",
        "grid",
        "legend",
        "series-graph",
        "tooltip"
    ],
    "customTags": [],
    "updaterUserName": "l***7"
}