{
    "cid": "x0B9SeBGFh",
    "authorUid": "bd-526532371",
    "authorUserName": "S***6",
    "title": "圆柱体柱状图",
    "description": "",
    "latestVersion": 1,
    "alwaysLatest": 1,
    "createTime": "2019-05-09T00:35:53.000Z",
    "lastUpdateTime": "2019-05-09T00:35:53.000Z",
    "auth": 2,
    "uid": "bd-526532371",
    "publishedVersion": 0,
    "forkFrom": "-",
    "isSpam": 0,
    "version": 1,
    "parentVersion": -1,
    "echartsVersion": "4.2.1",
    "versionCreateTime": "2019-05-09T00:35:53.000Z",
    "html": "",
    "externalScripts": "",
    "updaterUID": "bd-526532371",
    "theme": "",
    "layout": "",
    "viewCount": 698,
    "userName": "S***6",
    "commentCount": 0,
    "starCount": 2,
    "isStared": 0,
    "thumbnailURL": "https://www.makeapie.com/ecg-storage/ec_gallery_thumbnail/x0B9SeBGFh.png?v=1557362153590",
    "isCustomThumbnail": 0,
    "builtinTags": [
        "category-work",
        "grid",
        "series-bar",
        "series-pictorialBar"
    ],
    "customTags": [],
    "updaterUserName": "S***6"
}