{
    "cid": "x4Lf5EZ02t",
    "authorUid": "bd-3062918620",
    "authorUserName": "喻友文",
    "title": "echarts-demo",
    "description": "",
    "latestVersion": 1,
    "alwaysLatest": 1,
    "createTime": "2019-05-09T11:17:19.000Z",
    "lastUpdateTime": "2019-05-09T11:17:19.000Z",
    "auth": 2,
    "uid": "bd-3062918620",
    "publishedVersion": 0,
    "forkFrom": "-",
    "isSpam": 0,
    "version": 1,
    "parentVersion": -1,
    "echartsVersion": "4.2.1",
    "versionCreateTime": "2019-05-09T11:17:19.000Z",
    "html": "",
    "externalScripts": "",
    "updaterUID": "bd-3062918620",
    "theme": "",
    "layout": "",
    "viewCount": 1872,
    "userName": "喻友文",
    "commentCount": 0,
    "starCount": 0,
    "isStared": 0,
    "thumbnailURL": "https://www.makeapie.com/ecg-storage/ec_gallery_thumbnail/x4Lf5EZ02t.png?v=1557400639800",
    "isCustomThumbnail": 0,
    "builtinTags": [
        "category-work",
        "grid",
        "series-line",
        "tooltip"
    ],
    "customTags": [],
    "updaterUserName": "喻友文"
}