{
    "cid": "x6FLq5vC76",
    "authorUid": "bd-4112759923",
    "authorUserName": "d***2",
    "title": "雷达图颜色练习",
    "description": "雷达图颜色练习",
    "latestVersion": 1,
    "alwaysLatest": 1,
    "createTime": "2019-05-10T10:37:44.000Z",
    "lastUpdateTime": "2019-05-10T10:37:44.000Z",
    "auth": 1,
    "uid": "bd-4112759923",
    "publishedVersion": 0,
    "forkFrom": "-",
    "isSpam": 0,
    "version": 1,
    "parentVersion": -1,
    "echartsVersion": "4.2.1",
    "versionCreateTime": "2019-05-10T10:37:44.000Z",
    "html": "",
    "externalScripts": "",
    "updaterUID": "bd-4112759923",
    "theme": "",
    "layout": "",
    "viewCount": 451,
    "userName": "d***2",
    "commentCount": 0,
    "starCount": 1,
    "isStared": 0,
    "thumbnailURL": "https://www.makeapie.com/ecg-storage/ec_gallery_thumbnail/x6FLq5vC76.png?v=1557484664308",
    "isCustomThumbnail": 0,
    "builtinTags": [
        "category-work",
        "legend",
        "radar",
        "series-radar"
    ],
    "customTags": [],
    "updaterUserName": "d***2"
}