{
    "cid": "xf_Fqmu9Xg",
    "authorUid": "bd-3509932181",
    "authorUserName": "晨shu",
    "title": "环形饼图",
    "description": "",
    "latestVersion": 3,
    "alwaysLatest": 1,
    "createTime": "2019-05-11T09:28:34.000Z",
    "lastUpdateTime": "2019-05-11T09:28:34.000Z",
    "auth": 2,
    "uid": "bd-3509932181",
    "publishedVersion": 0,
    "forkFrom": "-",
    "isSpam": 0,
    "version": 3,
    "parentVersion": 2,
    "echartsVersion": "4.2.1",
    "versionCreateTime": "2019-05-12T02:27:47.000Z",
    "html": "",
    "externalScripts": "",
    "updaterUID": "bd-3509932181",
    "theme": "",
    "layout": "",
    "viewCount": 188,
    "userName": "晨shu",
    "commentCount": 0,
    "starCount": 1,
    "isStared": 0,
    "thumbnailURL": "https://www.makeapie.com/ecg-storage/ec_gallery_thumbnail/xf_Fqmu9Xg.png?v=1557628068073",
    "isCustomThumbnail": 0,
    "builtinTags": [
        "category-work",
        "series-pie"
    ],
    "customTags": [],
    "updaterUserName": "晨shu"
}