{
    "cid": "xghAKbODny",
    "authorUid": "bd-526532371",
    "authorUserName": "S***6",
    "title": "堆叠柱状图",
    "description": "",
    "latestVersion": 1,
    "alwaysLatest": 1,
    "createTime": "2019-05-09T02:57:41.000Z",
    "lastUpdateTime": "2019-05-09T02:57:41.000Z",
    "auth": 2,
    "uid": "bd-526532371",
    "publishedVersion": 0,
    "forkFrom": "-",
    "isSpam": 0,
    "version": 1,
    "parentVersion": -1,
    "echartsVersion": "4.2.1",
    "versionCreateTime": "2019-05-09T02:57:41.000Z",
    "html": "",
    "externalScripts": "",
    "updaterUID": "bd-526532371",
    "theme": "",
    "layout": "",
    "viewCount": 90,
    "userName": "S***6",
    "commentCount": 0,
    "starCount": 0,
    "isStared": 0,
    "thumbnailURL": "https://www.makeapie.com/ecg-storage/ec_gallery_thumbnail/xghAKbODny.png?v=1557370661835",
    "isCustomThumbnail": 0,
    "builtinTags": [
        "category-work",
        "grid",
        "legend",
        "series-bar",
        "tooltip"
    ],
    "customTags": [],
    "updaterUserName": "S***6"
}