{
    "cid": "xLKO78nqF4",
    "authorUid": "bd-1000080872",
    "authorUserName": "liuyaqian1113",
    "title": "折线图+线图",
    "description": "折线图+线图",
    "latestVersion": 2,
    "alwaysLatest": 1,
    "createTime": "2019-05-08T12:23:45.000Z",
    "lastUpdateTime": "2019-05-08T12:23:45.000Z",
    "auth": 1,
    "uid": "bd-1000080872",
    "publishedVersion": 0,
    "forkFrom": "-",
    "isSpam": 0,
    "version": 2,
    "parentVersion": 1,
    "echartsVersion": "4.2.1",
    "versionCreateTime": "2019-05-08T12:24:26.000Z",
    "html": "",
    "externalScripts": "",
    "updaterUID": "bd-1000080872",
    "theme": "",
    "layout": "",
    "viewCount": 94,
    "userName": "liuyaqian1113",
    "commentCount": 0,
    "starCount": 1,
    "isStared": 0,
    "thumbnailURL": "https://www.makeapie.com/ecg-storage/ec_gallery_thumbnail/xLKO78nqF4.png?v=1557318226139",
    "isCustomThumbnail": 1,
    "builtinTags": [
        "category-work",
        "grid",
        "series-line",
        "series-lines",
        "title"
    ],
    "customTags": [],
    "updaterUserName": "liuyaqian1113"
}