{
    "cid": "xmDG4svK8q",
    "authorUid": "bd-526532371",
    "authorUserName": "S***6",
    "title": "圆形雷达图",
    "description": "",
    "latestVersion": 1,
    "alwaysLatest": 1,
    "createTime": "2019-05-08T08:40:50.000Z",
    "lastUpdateTime": "2019-05-08T08:40:50.000Z",
    "auth": 2,
    "uid": "bd-526532371",
    "publishedVersion": 0,
    "forkFrom": "-",
    "isSpam": 0,
    "version": 1,
    "parentVersion": -1,
    "echartsVersion": "4.2.1",
    "versionCreateTime": "2019-05-08T08:40:50.000Z",
    "html": "",
    "externalScripts": "",
    "updaterUID": "bd-526532371",
    "theme": "",
    "layout": "",
    "viewCount": 486,
    "userName": "S***6",
    "commentCount": 0,
    "starCount": 4,
    "isStared": 0,
    "thumbnailURL": "https://www.makeapie.com/ecg-storage/ec_gallery_thumbnail/xmDG4svK8q.png?v=1557304851070",
    "isCustomThumbnail": 0,
    "builtinTags": [
        "category-work",
        "radar",
        "series-radar",
        "tooltip"
    ],
    "customTags": [],
    "updaterUserName": "S***6"
}