{
    "cid": "xQrGS7t_j6",
    "authorUid": "bd-640147166",
    "authorUserName": "k***i",
    "title": "在线率",
    "description": "总数+在线率+异常率",
    "latestVersion": 1,
    "alwaysLatest": 1,
    "createTime": "2019-05-09T07:40:21.000Z",
    "lastUpdateTime": "2019-05-09T07:40:21.000Z",
    "auth": 2,
    "uid": "bd-640147166",
    "publishedVersion": 0,
    "forkFrom": "-",
    "isSpam": 0,
    "version": 1,
    "parentVersion": -1,
    "echartsVersion": "4.2.1",
    "versionCreateTime": "2019-05-09T07:40:21.000Z",
    "html": "",
    "externalScripts": "",
    "updaterUID": "bd-640147166",
    "theme": "",
    "layout": "",
    "viewCount": 189,
    "userName": "k***i",
    "commentCount": 0,
    "starCount": 1,
    "isStared": 0,
    "thumbnailURL": "https://www.makeapie.com/ecg-storage/ec_gallery_thumbnail/xQrGS7t_j6.png?v=1557387621522",
    "isCustomThumbnail": 0,
    "builtinTags": [
        "category-work",
        "series-gauge",
        "tooltip"
    ],
    "customTags": [
        "在线率",
        "异常率",
        "总数"
    ],
    "updaterUserName": "k***i"
}