{
    "cid": "xrYBskjRgA",
    "authorUid": "bd-171648521",
    "authorUserName": "绿***绿",
    "title": "曲线图",
    "description": "曲线部分填充颜色，自己在html上测试，是可以动态展现数据的",
    "latestVersion": 2,
    "alwaysLatest": 1,
    "createTime": "2019-05-08T08:41:47.000Z",
    "lastUpdateTime": "2019-05-08T08:41:47.000Z",
    "auth": 2,
    "uid": "bd-171648521",
    "publishedVersion": 0,
    "forkFrom": "-",
    "isSpam": 0,
    "version": 2,
    "parentVersion": 1,
    "echartsVersion": "4.2.1",
    "versionCreateTime": "2019-05-14T08:57:08.000Z",
    "html": "",
    "externalScripts": "",
    "updaterUID": "bd-171648521",
    "theme": "",
    "layout": "",
    "viewCount": 54,
    "userName": "绿***绿",
    "commentCount": 0,
    "starCount": 1,
    "isStared": 0,
    "thumbnailURL": "https://www.makeapie.com/ecg-storage/ec_gallery_thumbnail/xrYBskjRgA.png?v=1557824228528",
    "isCustomThumbnail": 0,
    "builtinTags": [
        "category-work",
        "grid",
        "series-line",
        "title",
        "toolbox",
        "tooltip"
    ],
    "customTags": [],
    "updaterUserName": "绿***绿"
}