{
    "cid": "xV87knYm8R",
    "authorUid": "bd-2501193371",
    "authorUserName": "3***2",
    "title": "雨量流量关系图",
    "description": "@数据来自西安兰特水电测控技术有限公司",
    "latestVersion": 1,
    "alwaysLatest": 1,
    "createTime": "2019-05-08T09:15:13.000Z",
    "lastUpdateTime": "2019-05-08T09:15:13.000Z",
    "auth": 1,
    "uid": "bd-2501193371",
    "publishedVersion": 0,
    "forkFrom": "-",
    "isSpam": 0,
    "version": 1,
    "parentVersion": -1,
    "echartsVersion": "4.2.1",
    "versionCreateTime": "2019-05-08T09:15:13.000Z",
    "html": "",
    "externalScripts": "",
    "updaterUID": "bd-2501193371",
    "theme": "",
    "layout": "",
    "viewCount": 232,
    "userName": "3***2",
    "commentCount": 0,
    "starCount": 1,
    "isStared": 0,
    "thumbnailURL": "https://www.makeapie.com/ecg-storage/ec_gallery_thumbnail/xV87knYm8R.png?v=1557306913924",
    "isCustomThumbnail": 0,
    "builtinTags": [
        "category-work",
        "dataZoom",
        "grid",
        "legend",
        "markArea",
        "series-line",
        "title",
        "toolbox",
        "tooltip"
    ],
    "customTags": [],
    "updaterUserName": "3***2"
}