{
    "cid": "xW6dATe1sY",
    "authorUid": "bd-4096643643",
    "authorUserName": "nice叶子0204",
    "title": "",
    "description": "",
    "latestVersion": 1,
    "alwaysLatest": 1,
    "createTime": "2019-05-10T06:27:59.000Z",
    "lastUpdateTime": "2019-05-10T06:27:59.000Z",
    "auth": 2,
    "uid": "bd-4096643643",
    "publishedVersion": 0,
    "forkFrom": "-",
    "isSpam": 0,
    "version": 1,
    "parentVersion": -1,
    "echartsVersion": "4.2.1",
    "versionCreateTime": "2019-05-10T06:27:59.000Z",
    "html": "",
    "externalScripts": "",
    "updaterUID": "bd-4096643643",
    "theme": "",
    "layout": "",
    "viewCount": 16,
    "userName": "nice叶子0204",
    "commentCount": 0,
    "starCount": 0,
    "isStared": 0,
    "thumbnailURL": "https://www.makeapie.com/ecg-storage/ec_gallery_thumbnail/xW6dATe1sY.png?v=1557469679764",
    "isCustomThumbnail": 0,
    "builtinTags": [
        "category-work",
        "grid",
        "legend",
        "series-bar",
        "tooltip"
    ],
    "customTags": [],
    "updaterUserName": "nice叶子0204"
}