{
    "cid": "xxxv1Uo4na",
    "authorUid": "bd-101698999",
    "authorUserName": "Z***8",
    "title": "ECharts与市面多数BI工具学习价值对比",
    "description": "ECharts其实不需要太多代码能力，基本上就是根据手册写配置文件+根据手册写事件响应\n相同学习成本下，随着学习成本增大，学习ECharts所获得的价值从略低到大幅反超",
    "latestVersion": 3,
    "alwaysLatest": 1,
    "createTime": "2019-05-10T01:30:00.000Z",
    "lastUpdateTime": "2019-05-10T01:40:26.000Z",
    "auth": 2,
    "uid": "bd-101698999",
    "publishedVersion": 0,
    "forkFrom": "-",
    "isSpam": 0,
    "version": 3,
    "parentVersion": 2,
    "echartsVersion": "4.2.1",
    "versionCreateTime": "2019-05-10T01:31:15.000Z",
    "html": "",
    "externalScripts": "",
    "updaterUID": "bd-101698999",
    "theme": "default",
    "layout": "",
    "viewCount": 43,
    "userName": "Z***8",
    "commentCount": 0,
    "starCount": 0,
    "isStared": 0,
    "thumbnailURL": "https://www.makeapie.com/ecg-storage/ec_gallery_thumbnail/xxxv1Uo4na.png?v=1557452426432",
    "isCustomThumbnail": 0,
    "builtinTags": [
        "category-work",
        "grid",
        "legend",
        "series-line",
        "title"
    ],
    "customTags": [],
    "updaterUserName": "Z***8"
}