{
    "cid": "x-MAnQo44T",
    "authorUid": "obd-oEugasPg_BHMwlOHYawU0vmmCaWCA4w",
    "authorUserName": "如***室",
    "title": "椭圆",
    "description": "",
    "latestVersion": 1,
    "alwaysLatest": 1,
    "createTime": "2020-10-23T07:18:40.000Z",
    "lastUpdateTime": "2020-10-23T07:18:40.000Z",
    "auth": 2,
    "uid": "obd-oEugasPg_BHMwlOHYawU0vmmCaWCA4w",
    "publishedVersion": 0,
    "forkFrom": "-",
    "isSpam": 0,
    "version": 1,
    "parentVersion": -1,
    "echartsVersion": "4.8.0",
    "versionCreateTime": "2020-10-23T07:18:40.000Z",
    "html": "",
    "externalScripts": "",
    "updaterUID": "obd-oEugasPg_BHMwlOHYawU0vmmCaWCA4w",
    "theme": "dark",
    "layout": "",
    "viewCount": 44,
    "userName": "如***室",
    "commentCount": 0,
    "starCount": 0,
    "isStared": 0,
    "thumbnailURL": "https://www.makeapie.com/ecg-storage/ec_gallery_thumbnail/x-MAnQo44T.png?v=1603437520426",
    "isCustomThumbnail": 0,
    "builtinTags": [
        "category-work",
        "legend",
        "series-pie",
        "tooltip"
    ],
    "customTags": [],
    "updaterUserName": "如***室"
}