{
    "cid": "x1IxPcAQq0",
    "authorUid": "bd-960630",
    "authorUserName": "s***3",
    "title": "双数值轴，刻度在两侧",
    "description": "",
    "latestVersion": 1,
    "alwaysLatest": 1,
    "createTime": "2020-10-24T05:55:33.000Z",
    "lastUpdateTime": "2020-10-24T05:55:33.000Z",
    "auth": 2,
    "uid": "bd-960630",
    "publishedVersion": 0,
    "forkFrom": "-",
    "isSpam": 0,
    "version": 1,
    "parentVersion": -1,
    "echartsVersion": "4.8.0",
    "versionCreateTime": "2020-10-24T05:55:33.000Z",
    "html": "",
    "externalScripts": "",
    "updaterUID": "bd-960630",
    "theme": "",
    "layout": "",
    "viewCount": 81,
    "userName": "s***3",
    "commentCount": 0,
    "starCount": 3,
    "isStared": 0,
    "thumbnailURL": "https://www.makeapie.com/ecg-storage/ec_gallery_thumbnail/x1IxPcAQq0.png?v=1603518934069",
    "isCustomThumbnail": 0,
    "builtinTags": [
        "category-work",
        "grid",
        "legend",
        "series-bar",
        "series-line"
    ],
    "customTags": [],
    "updaterUserName": "s***3"
}