{
    "cid": "x4h6AYL6e-",
    "authorUid": "obd-oDCQH-9yZi-j3FkG3etQx5KQDL89e1k",
    "authorUserName": "枯***g",
    "title": "双向柱状图",
    "description": "双向柱状图",
    "latestVersion": 1,
    "alwaysLatest": 1,
    "createTime": "2020-10-23T08:34:29.000Z",
    "lastUpdateTime": "2020-10-23T08:34:29.000Z",
    "auth": 2,
    "uid": "obd-oDCQH-9yZi-j3FkG3etQx5KQDL89e1k",
    "publishedVersion": 0,
    "forkFrom": "-",
    "isSpam": 0,
    "version": 1,
    "parentVersion": -1,
    "echartsVersion": "4.8.0",
    "versionCreateTime": "2020-10-23T08:34:29.000Z",
    "html": "",
    "externalScripts": "",
    "updaterUID": "obd-oDCQH-9yZi-j3FkG3etQx5KQDL89e1k",
    "theme": "",
    "layout": "",
    "viewCount": 956,
    "userName": "枯***g",
    "commentCount": 0,
    "starCount": 4,
    "isStared": 0,
    "thumbnailURL": "https://www.makeapie.com/ecg-storage/ec_gallery_thumbnail/x4h6AYL6e-.png?v=1603442069888",
    "isCustomThumbnail": 0,
    "builtinTags": [
        "category-work",
        "grid",
        "legend",
        "series-bar",
        "tooltip"
    ],
    "customTags": [],
    "updaterUserName": "枯***g"
}