{
    "cid": "x4rORfIcdE",
    "authorUid": "bd-1101197343",
    "authorUserName": "名***取",
    "title": "CPU和内存使用率",
    "description": "CPU和内存使用率",
    "latestVersion": 1,
    "alwaysLatest": 1,
    "createTime": "2020-10-23T06:31:54.000Z",
    "lastUpdateTime": "2020-10-23T06:31:54.000Z",
    "auth": 2,
    "uid": "bd-1101197343",
    "publishedVersion": 0,
    "forkFrom": "-",
    "isSpam": 0,
    "version": 1,
    "parentVersion": -1,
    "echartsVersion": "4.8.0",
    "versionCreateTime": "2020-10-23T06:31:54.000Z",
    "html": "",
    "externalScripts": "",
    "updaterUID": "bd-1101197343",
    "theme": "",
    "layout": "",
    "viewCount": 55,
    "userName": "名***取",
    "commentCount": 0,
    "starCount": 1,
    "isStared": 0,
    "thumbnailURL": "https://www.makeapie.com/ecg-storage/ec_gallery_thumbnail/x4rORfIcdE.png?v=1603434715042",
    "isCustomThumbnail": 0,
    "builtinTags": [
        "category-work",
        "dataset",
        "grid",
        "series-bar",
        "title",
        "tooltip"
    ],
    "customTags": [
        "bar",
        "tooltip"
    ],
    "updaterUserName": "名***取"
}