{
    "cid": "xfbfRmbMz6",
    "authorUid": "obd-o0aO7z1QtNrBNi4Ec6pRiLqdh_AJGF2",
    "authorUserName": "只***0",
    "title": "进度条",
    "description": "列表型进度条",
    "latestVersion": 1,
    "alwaysLatest": 1,
    "createTime": "2020-10-23T09:48:21.000Z",
    "lastUpdateTime": "2020-10-23T09:48:21.000Z",
    "auth": 2,
    "uid": "obd-o0aO7z1QtNrBNi4Ec6pRiLqdh_AJGF2",
    "publishedVersion": 0,
    "forkFrom": "-",
    "isSpam": 0,
    "version": 1,
    "parentVersion": -1,
    "echartsVersion": "4.8.0",
    "versionCreateTime": "2020-10-23T09:48:21.000Z",
    "html": "",
    "externalScripts": "",
    "updaterUID": "obd-o0aO7z1QtNrBNi4Ec6pRiLqdh_AJGF2",
    "theme": "",
    "layout": "",
    "viewCount": 48,
    "userName": "只***0",
    "commentCount": 0,
    "starCount": 1,
    "isStared": 0,
    "thumbnailURL": "https://www.makeapie.com/ecg-storage/ec_gallery_thumbnail/xfbfRmbMz6.png?v=1603446501928",
    "isCustomThumbnail": 0,
    "builtinTags": [
        "category-work",
        "grid",
        "legend",
        "series-pictorialBar",
        "title",
        "toolbox",
        "tooltip"
    ],
    "customTags": [],
    "updaterUserName": "只***0"
}