{
    "cid": "xFSYGWiNsg",
    "authorUid": "bd-960630",
    "authorUserName": "s***3",
    "title": "地图+散点+迁徙图（含地图边界和提示框，提示框换为引用svg文件）",
    "description": "",
    "latestVersion": 1,
    "alwaysLatest": 1,
    "createTime": "2020-10-24T04:58:34.000Z",
    "lastUpdateTime": "2020-10-24T04:58:34.000Z",
    "auth": 2,
    "uid": "bd-960630",
    "publishedVersion": 0,
    "forkFrom": "-",
    "isSpam": 0,
    "version": 1,
    "parentVersion": -1,
    "echartsVersion": "4.8.0",
    "versionCreateTime": "2020-10-24T04:58:35.000Z",
    "html": "",
    "externalScripts": "",
    "updaterUID": "bd-960630",
    "theme": "",
    "layout": "",
    "viewCount": 1089,
    "userName": "s***3",
    "commentCount": 0,
    "starCount": 8,
    "isStared": 0,
    "thumbnailURL": "https://www.makeapie.com/ecg-storage/ec_gallery_thumbnail/xFSYGWiNsg.png?v=1603515516224",
    "isCustomThumbnail": 1,
    "builtinTags": [
        "category-work",
        "geo",
        "series-lines",
        "series-map",
        "series-scatter"
    ],
    "customTags": [],
    "updaterUserName": "s***3"
}