{
    "cid": "xK-xlqKZ7S",
    "authorUid": "obd-oNl2FeeG4zCzGrug2-_pODBGhkP2vCw",
    "authorUserName": "待***事",
    "title": "liquid-gradients",
    "description": "网点满意度水形图-渐变色",
    "latestVersion": 1,
    "alwaysLatest": 1,
    "createTime": "2020-10-23T02:23:39.000Z",
    "lastUpdateTime": "2020-10-23T02:23:39.000Z",
    "auth": 2,
    "uid": "obd-oNl2FeeG4zCzGrug2-_pODBGhkP2vCw",
    "publishedVersion": 0,
    "forkFrom": "-",
    "isSpam": 0,
    "version": 1,
    "parentVersion": -1,
    "echartsVersion": "4.8.0",
    "versionCreateTime": "2020-10-23T02:23:39.000Z",
    "html": "",
    "externalScripts": "https://echarts.baidu.com/resource/echarts-liquidfill-latest/dist/echarts-liquidfill.min.js",
    "updaterUID": "obd-oNl2FeeG4zCzGrug2-_pODBGhkP2vCw",
    "theme": "",
    "layout": "",
    "viewCount": 177,
    "userName": "待***事",
    "commentCount": 0,
    "starCount": 1,
    "isStared": 0,
    "thumbnailURL": "https://www.makeapie.com/ecg-storage/ec_gallery_thumbnail/xK-xlqKZ7S.png?v=1603419819833",
    "isCustomThumbnail": 1,
    "builtinTags": [
        "category-work",
        "graphic",
        "series-liquidFill",
        "title"
    ],
    "customTags": [
        "jj-ygz"
    ],
    "updaterUserName": "待***事"
}