{
    "cid": "xTFgVn-bAA",
    "authorUid": "obd-o2TLuyFj1eWRan2xZfwbrlyW3fHvT6j",
    "authorUserName": "w***3",
    "title": "雷达图测试",
    "description": "",
    "latestVersion": 8,
    "alwaysLatest": 1,
    "createTime": "2020-10-24T06:10:18.000Z",
    "lastUpdateTime": "2020-10-24T06:10:18.000Z",
    "auth": 2,
    "uid": "obd-o2TLuyFj1eWRan2xZfwbrlyW3fHvT6j",
    "publishedVersion": 0,
    "forkFrom": "-",
    "isSpam": 0,
    "version": 8,
    "parentVersion": 7,
    "echartsVersion": "4.8.0",
    "versionCreateTime": "2020-10-24T10:20:59.000Z",
    "html": "",
    "externalScripts": "",
    "updaterUID": "obd-o2TLuyFj1eWRan2xZfwbrlyW3fHvT6j",
    "theme": "",
    "layout": "",
    "viewCount": 137,
    "userName": "w***3",
    "commentCount": 0,
    "starCount": 2,
    "isStared": 0,
    "thumbnailURL": "https://www.makeapie.com/ecg-storage/ec_gallery_thumbnail/xTFgVn-bAA.png?v=1603534859806",
    "isCustomThumbnail": 0,
    "builtinTags": [
        "category-work",
        "grid",
        "series-line",
        "title"
    ],
    "customTags": [],
    "updaterUserName": "w***3"
}