{
    "cid": "xuGPZmDbd8",
    "authorUid": "obd-oAD1HbaVk-tYIjzXgiXqh-eo0g6cS7m",
    "authorUserName": "173******76",
    "title": "pv -> cart -> buy 漏斗图",
    "description": "自定义 toolbox 点击切换data 绘制用户行为路径",
    "latestVersion": 1,
    "alwaysLatest": 1,
    "createTime": "2020-10-23T06:15:49.000Z",
    "lastUpdateTime": "2020-10-23T06:15:49.000Z",
    "auth": 2,
    "uid": "obd-oAD1HbaVk-tYIjzXgiXqh-eo0g6cS7m",
    "publishedVersion": 0,
    "forkFrom": "-",
    "isSpam": 0,
    "version": 1,
    "parentVersion": -1,
    "echartsVersion": "4.8.0",
    "versionCreateTime": "2020-10-23T06:15:49.000Z",
    "html": "",
    "externalScripts": "",
    "updaterUID": "obd-oAD1HbaVk-tYIjzXgiXqh-eo0g6cS7m",
    "theme": "",
    "layout": "",
    "viewCount": 82,
    "userName": "173******76",
    "commentCount": 0,
    "starCount": 0,
    "isStared": 0,
    "thumbnailURL": "https://www.makeapie.com/ecg-storage/ec_gallery_thumbnail/xuGPZmDbd8.png?v=1603433750004",
    "isCustomThumbnail": 0,
    "builtinTags": [
        "category-work",
        "grid",
        "series-bar",
        "title",
        "toolbox",
        "tooltip"
    ],
    "customTags": [
        "funnel"
    ],
    "updaterUserName": "173******76"
}