{
    "cid": "xWmvNJCzWA",
    "authorUid": "obd-o0aO7z1QtNrBNi4Ec6pRiLqdh_AJGF2",
    "authorUserName": "只***0",
    "title": "仪表盘",
    "description": "",
    "latestVersion": 1,
    "alwaysLatest": 1,
    "createTime": "2020-10-23T09:57:34.000Z",
    "lastUpdateTime": "2020-10-23T09:57:34.000Z",
    "auth": 2,
    "uid": "obd-o0aO7z1QtNrBNi4Ec6pRiLqdh_AJGF2",
    "publishedVersion": 0,
    "forkFrom": "-",
    "isSpam": 0,
    "version": 1,
    "parentVersion": -1,
    "echartsVersion": "4.8.0",
    "versionCreateTime": "2020-10-23T09:57:34.000Z",
    "html": "",
    "externalScripts": "",
    "updaterUID": "obd-o0aO7z1QtNrBNi4Ec6pRiLqdh_AJGF2",
    "theme": "",
    "layout": "",
    "viewCount": 67,
    "userName": "只***0",
    "commentCount": 0,
    "starCount": 0,
    "isStared": 0,
    "thumbnailURL": "https://www.makeapie.com/ecg-storage/ec_gallery_thumbnail/xWmvNJCzWA.png?v=1603447054420",
    "isCustomThumbnail": 0,
    "builtinTags": [
        "category-work",
        "series-gauge",
        "tooltip"
    ],
    "customTags": [],
    "updaterUserName": "只***0"
}