{
    "cid": "xx-d_pIbJm",
    "authorUid": "bd-960630",
    "authorUserName": "s***3",
    "title": "辅助圆环",
    "description": "",
    "latestVersion": 1,
    "alwaysLatest": 1,
    "createTime": "2020-10-24T03:58:10.000Z",
    "lastUpdateTime": "2020-10-24T03:58:10.000Z",
    "auth": 2,
    "uid": "bd-960630",
    "publishedVersion": 0,
    "forkFrom": "-",
    "isSpam": 0,
    "version": 1,
    "parentVersion": -1,
    "echartsVersion": "4.8.0",
    "versionCreateTime": "2020-10-24T03:58:10.000Z",
    "html": "",
    "externalScripts": "",
    "updaterUID": "bd-960630",
    "theme": "",
    "layout": "",
    "viewCount": 132,
    "userName": "s***3",
    "commentCount": 0,
    "starCount": 1,
    "isStared": 0,
    "thumbnailURL": "https://www.makeapie.com/ecg-storage/ec_gallery_thumbnail/xx-d_pIbJm.png?v=1603511890255",
    "isCustomThumbnail": 0,
    "builtinTags": [
        "category-work",
        "series-pie"
    ],
    "customTags": [],
    "updaterUserName": "s***3"
}