{
    "cid": "x9QyKtxmu1",
    "authorUid": "bd-3678937452",
    "authorUserName": "宫***幻",
    "title": "分割柱形图",
    "description": "",
    "latestVersion": 1,
    "alwaysLatest": 0,
    "createTime": "2021-09-18T07:17:37.000Z",
    "lastUpdateTime": "2021-09-18T07:17:37.000Z",
    "auth": 2,
    "uid": "bd-3678937452",
    "publishedVersion": 0,
    "forkFrom": "-",
    "isSpam": 0,
    "version": 1,
    "parentVersion": -1,
    "echartsVersion": "5.2.0",
    "versionCreateTime": "2021-09-18T07:17:37.000Z",
    "html": "",
    "externalScripts": "",
    "updaterUID": "bd-3678937452",
    "theme": "",
    "layout": "",
    "viewCount": 0,
    "userName": "宫***幻",
    "commentCount": 0,
    "starCount": 2,
    "isStared": 0,
    "thumbnailURL": "https://www.makeapie.com/ecg-storage/ec_gallery_thumbnail/x9QyKtxmu1.png?v=1631949457400",
    "isCustomThumbnail": 0,
    "builtinTags": [
        "category-work",
        "grid",
        "series-bar",
        "series-pictorialBar",
        "tooltip"
    ],
    "customTags": [],
    "updaterUserName": "宫***幻"
}