{
    "cid": "xASM62yGST",
    "authorUid": "obd-oDlaPHF6i5MEsrC23epVZZjs7jc-T1o",
    "authorUserName": "小***_",
    "title": "渐变饼图",
    "description": "",
    "latestVersion": 1,
    "alwaysLatest": 0,
    "createTime": "2021-09-18T08:07:45.000Z",
    "lastUpdateTime": "2021-09-18T08:07:45.000Z",
    "auth": 2,
    "uid": "obd-oDlaPHF6i5MEsrC23epVZZjs7jc-T1o",
    "publishedVersion": 0,
    "forkFrom": "-",
    "isSpam": 0,
    "version": 1,
    "parentVersion": -1,
    "echartsVersion": "5.2.0",
    "versionCreateTime": "2021-09-18T08:07:45.000Z",
    "html": "",
    "externalScripts": "https://echarts.baidu.com/resource/echarts-gl-latest/dist/echarts-gl.min.js",
    "updaterUID": "obd-oDlaPHF6i5MEsrC23epVZZjs7jc-T1o",
    "theme": "",
    "layout": "",
    "viewCount": 0,
    "userName": "小***_",
    "commentCount": 0,
    "starCount": 2,
    "isStared": 0,
    "thumbnailURL": "https://www.makeapie.com/ecg-storage/ec_gallery_thumbnail/xASM62yGST.png?v=1631952465754",
    "isCustomThumbnail": 0,
    "builtinTags": [
        "category-work",
        "legend",
        "series-pie",
        "tooltip"
    ],
    "customTags": [],
    "updaterUserName": "小***_"
}