{
    "cid": "xDKyeEOkEt",
    "authorUid": "bd-540836030",
    "authorUserName": "霸***y",
    "title": "阶梯瀑布图",
    "description": "华商可转债债券C(005284)的阶梯瀑布图",
    "latestVersion": 1,
    "alwaysLatest": 0,
    "createTime": "2021-09-19T01:52:05.000Z",
    "lastUpdateTime": "2021-09-19T01:52:05.000Z",
    "auth": 2,
    "uid": "bd-540836030",
    "publishedVersion": 0,
    "forkFrom": "-",
    "isSpam": 0,
    "version": 1,
    "parentVersion": -1,
    "echartsVersion": "5.2.0",
    "versionCreateTime": "2021-09-19T01:52:05.000Z",
    "html": "",
    "externalScripts": "",
    "updaterUID": "bd-540836030",
    "theme": "",
    "layout": "",
    "viewCount": 0,
    "userName": "霸***y",
    "commentCount": 0,
    "starCount": 0,
    "isStared": 0,
    "thumbnailURL": "https://www.makeapie.com/ecg-storage/ec_gallery_thumbnail/xDKyeEOkEt.png?v=1632016325409",
    "isCustomThumbnail": 0,
    "builtinTags": [
        "category-work",
        "dataZoom",
        "grid",
        "legend",
        "series-bar",
        "title",
        "tooltip"
    ],
    "customTags": [
        "K线图",
        "瀑布",
        "阶梯",
        "阶梯瀑布图"
    ],
    "updaterUserName": "霸***y"
}