{
    "cid": "xI6T-rqNcs",
    "authorUid": "bd-540836030",
    "authorUserName": "霸***y",
    "title": "矩形树图",
    "description": "只显示一级的矩形树图",
    "latestVersion": 13,
    "alwaysLatest": 1,
    "createTime": "2021-09-17T08:10:49.000Z",
    "lastUpdateTime": "2021-09-18T07:37:20.000Z",
    "auth": 2,
    "uid": "bd-540836030",
    "publishedVersion": 0,
    "forkFrom": "-",
    "isSpam": 0,
    "version": 13,
    "parentVersion": 12,
    "echartsVersion": "5.2.0",
    "versionCreateTime": "2021-09-18T07:37:20.000Z",
    "html": "",
    "externalScripts": "",
    "updaterUID": "bd-540836030",
    "theme": "",
    "layout": "",
    "viewCount": 0,
    "userName": "霸***y",
    "commentCount": 0,
    "starCount": 0,
    "isStared": 0,
    "thumbnailURL": "https://www.makeapie.com/ecg-storage/ec_gallery_thumbnail/xI6T-rqNcs.png?v=1631950640752",
    "isCustomThumbnail": 0,
    "builtinTags": [
        "category-work",
        "series-treemap",
        "tooltip"
    ],
    "customTags": [
        "一级",
        "渐变",
        "矩形树图"
    ],
    "updaterUserName": "霸***y"
}