{
    "cid": "xKGwdRhco4",
    "authorUid": "obd-oNrDBr8JSxF_l0RgIQAioklvmgT7XC9",
    "authorUserName": "y***o",
    "title": "\"1\"fb",
    "description": "",
    "latestVersion": 9,
    "alwaysLatest": 0,
    "createTime": "2021-09-18T10:33:11.000Z",
    "lastUpdateTime": "2021-09-23T06:00:09.000Z",
    "auth": 2,
    "uid": "obd-oNrDBr8JSxF_l0RgIQAioklvmgT7XC9",
    "publishedVersion": 0,
    "forkFrom": "-",
    "isSpam": 0,
    "version": 9,
    "parentVersion": 8,
    "echartsVersion": "5.2.0",
    "versionCreateTime": "2021-09-23T06:00:09.000Z",
    "html": "",
    "externalScripts": "http://localhost:8888/notebooks/warehouse_location_map_20210623.ipynb#",
    "updaterUID": "obd-oNrDBr8JSxF_l0RgIQAioklvmgT7XC9",
    "theme": "",
    "layout": "",
    "viewCount": 0,
    "userName": "y***o",
    "commentCount": 0,
    "starCount": 0,
    "isStared": 0,
    "thumbnailURL": "https://www.makeapie.com/ecg-storage/ec_gallery_thumbnail/xKGwdRhco4.png?v=1632376809769",
    "isCustomThumbnail": 0,
    "builtinTags": [
        "category-work",
        "geo",
        "legend",
        "series-lines",
        "series-map",
        "series-scatter",
        "title",
        "toolbox",
        "tooltip",
        "visualMap"
    ],
    "customTags": [],
    "updaterUserName": "y***o"
}