{
    "cid": "xlGu7x15lt",
    "authorUid": "obd-oMhbaFPMuo2KxgAwAP9UGKskFf_si2S",
    "authorUserName": "L***k",
    "title": "郑和下西洋（第一次）",
    "description": "",
    "latestVersion": 2,
    "alwaysLatest": 0,
    "createTime": "2021-09-18T12:48:08.000Z",
    "lastUpdateTime": "2021-09-20T01:56:45.000Z",
    "auth": 2,
    "uid": "obd-oMhbaFPMuo2KxgAwAP9UGKskFf_si2S",
    "publishedVersion": 0,
    "forkFrom": "-",
    "isSpam": 0,
    "version": 2,
    "parentVersion": 1,
    "echartsVersion": "3.0.0",
    "versionCreateTime": "2021-09-20T01:56:45.000Z",
    "html": "",
    "externalScripts": "",
    "updaterUID": "obd-oMhbaFPMuo2KxgAwAP9UGKskFf_si2S",
    "theme": "",
    "layout": "",
    "viewCount": 0,
    "userName": "L***k",
    "commentCount": 0,
    "starCount": 0,
    "isStared": 0,
    "thumbnailURL": "https://www.makeapie.com/ecg-storage/ec_gallery_thumbnail/xlGu7x15lt.png?v=1631969288404",
    "isCustomThumbnail": 0,
    "builtinTags": [
        "category-work",
        "geo",
        "series-effectScatter",
        "series-lines",
        "series-scatter",
        "tooltip",
        "visualMap"
    ],
    "customTags": [
        "geo",
        "json",
        "map"
    ],
    "updaterUserName": "L***k"
}