{
    "cid": "xn2coF-X3v",
    "authorUid": "obd-o2LT5SPsRm62u1sF90rM6cs58MmkP66",
    "authorUserName": "j***9",
    "title": "",
    "description": "",
    "latestVersion": 1,
    "alwaysLatest": 0,
    "createTime": "2021-09-18T06:52:22.000Z",
    "lastUpdateTime": "2021-09-18T06:52:22.000Z",
    "auth": 2,
    "uid": "obd-o2LT5SPsRm62u1sF90rM6cs58MmkP66",
    "publishedVersion": 0,
    "forkFrom": "-",
    "isSpam": 0,
    "version": 1,
    "parentVersion": -1,
    "echartsVersion": "5.2.0",
    "versionCreateTime": "2021-09-18T06:52:22.000Z",
    "html": "",
    "externalScripts": "",
    "updaterUID": "obd-o2LT5SPsRm62u1sF90rM6cs58MmkP66",
    "theme": "",
    "layout": "",
    "viewCount": 0,
    "userName": "j***9",
    "commentCount": 0,
    "starCount": 0,
    "isStared": 0,
    "thumbnailURL": "https://www.makeapie.com/ecg-storage/ec_gallery_thumbnail/xn2coF-X3v.png?v=1631947942406",
    "isCustomThumbnail": 0,
    "builtinTags": [
        "category-work",
        "grid",
        "legend",
        "series-bar",
        "tooltip"
    ],
    "customTags": [],
    "updaterUserName": "j***9"
}