{
    "cid": "xo2xULLre5",
    "authorUid": "obd-otrTmdlPtbfrzTNt5DDKQLVfvvtoa8t",
    "authorUserName": "唧***楠",
    "title": "分割线图表",
    "description": "",
    "latestVersion": 1,
    "alwaysLatest": 0,
    "createTime": "2021-09-18T08:15:46.000Z",
    "lastUpdateTime": "2021-09-18T08:15:46.000Z",
    "auth": 2,
    "uid": "obd-otrTmdlPtbfrzTNt5DDKQLVfvvtoa8t",
    "publishedVersion": 0,
    "forkFrom": "-",
    "isSpam": 0,
    "version": 1,
    "parentVersion": -1,
    "echartsVersion": "5.2.0",
    "versionCreateTime": "2021-09-18T08:15:46.000Z",
    "html": "",
    "externalScripts": "",
    "updaterUID": "obd-otrTmdlPtbfrzTNt5DDKQLVfvvtoa8t",
    "theme": "",
    "layout": "",
    "viewCount": 0,
    "userName": "唧***楠",
    "commentCount": 0,
    "starCount": 1,
    "isStared": 0,
    "thumbnailURL": "https://www.makeapie.com/ecg-storage/ec_gallery_thumbnail/xo2xULLre5.png?v=1631952946567",
    "isCustomThumbnail": 0,
    "builtinTags": [
        "category-work",
        "grid",
        "series-bar",
        "series-pictorialBar",
        "tooltip"
    ],
    "customTags": [],
    "updaterUserName": "唧***楠"
}