{
    "cid": "xQ4NYdpEpZ",
    "authorUid": "bd-51531618",
    "authorUserName": "w***n",
    "title": "飞行柱状图",
    "description": "",
    "latestVersion": 1,
    "alwaysLatest": 0,
    "createTime": "2021-09-18T07:06:53.000Z",
    "lastUpdateTime": "2021-09-18T07:06:53.000Z",
    "auth": 2,
    "uid": "bd-51531618",
    "publishedVersion": 0,
    "forkFrom": "-",
    "isSpam": 0,
    "version": 1,
    "parentVersion": -1,
    "echartsVersion": "5.2.0",
    "versionCreateTime": "2021-09-18T07:06:53.000Z",
    "html": "",
    "externalScripts": "",
    "updaterUID": "bd-51531618",
    "theme": "",
    "layout": "",
    "viewCount": 0,
    "userName": "w***n",
    "commentCount": 0,
    "starCount": 0,
    "isStared": 0,
    "thumbnailURL": "https://www.makeapie.com/ecg-storage/ec_gallery_thumbnail/xQ4NYdpEpZ.png?v=1631948813922",
    "isCustomThumbnail": 0,
    "builtinTags": [
        "category-work",
        "geo",
        "grid",
        "series-bar",
        "series-effectScatter",
        "series-lines",
        "series-map",
        "series-scatter",
        "timeline",
        "title",
        "tooltip"
    ],
    "customTags": [],
    "updaterUserName": "w***n"
}