{
    "cid": "xVMi_AAdgE",
    "authorUid": "obd-otBkh-twA9VLc7yc6UjsLy4Jpf5gd88",
    "authorUserName": "U***1",
    "title": "趋势线：线性",
    "description": "",
    "latestVersion": 18,
    "alwaysLatest": 0,
    "createTime": "2021-09-19T09:56:02.000Z",
    "lastUpdateTime": "2021-09-19T15:10:28.000Z",
    "auth": 2,
    "uid": "obd-otBkh-twA9VLc7yc6UjsLy4Jpf5gd88",
    "publishedVersion": 0,
    "forkFrom": "-",
    "isSpam": 0,
    "version": 18,
    "parentVersion": 17,
    "echartsVersion": "5.2.0",
    "versionCreateTime": "2021-09-19T15:10:28.000Z",
    "html": "",
    "externalScripts": "https://cdn.jsdelivr.net/npm/echarts-stat/dist/ecStat.min.js",
    "updaterUID": "obd-otBkh-twA9VLc7yc6UjsLy4Jpf5gd88",
    "theme": "",
    "layout": "",
    "viewCount": 0,
    "userName": "U***1",
    "commentCount": 0,
    "starCount": 0,
    "isStared": 0,
    "thumbnailURL": "https://www.makeapie.com/ecg-storage/ec_gallery_thumbnail/xVMi_AAdgE.png?v=1632064228924",
    "isCustomThumbnail": 0,
    "builtinTags": [
        "category-work",
        "dataset",
        "grid",
        "series-line",
        "series-scatter",
        "title",
        "tooltip"
    ],
    "customTags": [],
    "updaterUserName": "U***1"
}