{
    "cid": "xwEPS_yHQb",
    "authorUid": "bd-4286708132",
    "authorUserName": "L***h",
    "title": "项目记录",
    "description": "",
    "latestVersion": 1,
    "alwaysLatest": 1,
    "createTime": "2021-09-18T08:40:41.000Z",
    "lastUpdateTime": "2021-09-18T08:40:41.000Z",
    "auth": 2,
    "uid": "bd-4286708132",
    "publishedVersion": 0,
    "forkFrom": "-",
    "isSpam": 0,
    "version": 1,
    "parentVersion": -1,
    "echartsVersion": "4.9.0",
    "versionCreateTime": "2021-09-18T08:40:41.000Z",
    "html": "",
    "externalScripts": "",
    "updaterUID": "bd-4286708132",
    "theme": "",
    "layout": "",
    "viewCount": 0,
    "userName": "L***h",
    "commentCount": 0,
    "starCount": 3,
    "isStared": 0,
    "thumbnailURL": "https://www.makeapie.com/ecg-storage/ec_gallery_thumbnail/xwEPS_yHQb.png?v=1631954441363",
    "isCustomThumbnail": 0,
    "builtinTags": [
        "category-work",
        "grid",
        "markPoint",
        "series-candlestick",
        "series-line"
    ],
    "customTags": [],
    "updaterUserName": "L***h"
}