{
    "cid": "calendar-pie",
    "authorUid": "bd-2135947294",
    "authorUserName": "echarts",
    "title": "日历饼图",
    "description": "calendar pie",
    "latestVersion": 1,
    "alwaysLatest": 1,
    "createTime": "2017-03-27T14:00:58.000Z",
    "lastUpdateTime": "2017-03-27T14:01:59.000Z",
    "auth": 2,
    "uid": "bd-2135947294",
    "publishedVersion": 0,
    "forkFrom": "-",
    "isSpam": 0,
    "version": 1,
    "parentVersion": -1,
    "echartsVersion": "3.5.1",
    "versionCreateTime": "2017-03-27T14:00:58.000Z",
    "html": "",
    "externalScripts": "/dep/echarts/map/js/world.js",
    "updaterUID": "bd-2135947294",
    "theme": "default",
    "layout": "",
    "viewCount": 25963,
    "userName": "echarts",
    "commentCount": 13,
    "starCount": 55,
    "isStared": 0,
    "thumbnailURL": "https://www.makeapie.com/ecg-storage/ec_gallery_thumbnail/calendar-pie.png?v=1490623320047",
    "isCustomThumbnail": 1,
    "builtinTags": [
        "axisPointer",
        "calendar",
        "category-work",
        "legend",
        "series-pie",
        "series-scatter",
        "tooltip"
    ],
    "customTags": [],
    "updaterUserName": "echarts"
}