{
    "cid": "liquidfill-echarts",
    "authorUid": "bd-2135947294",
    "authorUserName": "echarts",
    "title": "ECharts 水球图",
    "description": "",
    "latestVersion": 2,
    "alwaysLatest": 1,
    "createTime": "2017-01-12T12:38:43.000Z",
    "lastUpdateTime": "2017-01-12T12:38:43.000Z",
    "auth": 2,
    "uid": "bd-2135947294",
    "publishedVersion": 0,
    "forkFrom": "-",
    "isSpam": 0,
    "version": 2,
    "parentVersion": 1,
    "echartsVersion": "3.4.0",
    "versionCreateTime": "2017-02-21T18:03:46.000Z",
    "html": "",
    "externalScripts": "http://echarts.baidu.com/resource/echarts-liquidfill-1.0.4/dist/echarts-liquidfill.js",
    "updaterUID": "bd-2135947294",
    "theme": "",
    "layout": "",
    "viewCount": 24665,
    "userName": "echarts",
    "commentCount": 1,
    "starCount": 99,
    "isStared": 0,
    "thumbnailURL": "https://www.makeapie.com/ecg-storage/ec_gallery_thumbnail/liquidfill-echarts.png?v=1487700226410",
    "isCustomThumbnail": 0,
    "builtinTags": [
        "category-work",
        "series-liquidFill"
    ],
    "customTags": [],
    "updaterUserName": "echarts"
}