{
    "cid": "xB14W3PDJW",
    "authorUid": "bd-2433218629",
    "authorUserName": "hill0731",
    "title": "智慧和平-指标图谱-应急体系",
    "description": "",
    "latestVersion": 2,
    "alwaysLatest": 1,
    "createTime": "2017-05-03T14:40:59.000Z",
    "lastUpdateTime": "2017-05-03T14:40:59.000Z",
    "auth": 2,
    "uid": "bd-2433218629",
    "publishedVersion": 0,
    "forkFrom": "-",
    "isSpam": 0,
    "version": 2,
    "parentVersion": 1,
    "echartsVersion": "3.5.4",
    "versionCreateTime": "2017-05-03T16:28:18.000Z",
    "html": "",
    "externalScripts": "",
    "updaterUID": "bd-2433218629",
    "theme": "dark",
    "layout": "",
    "viewCount": 23846,
    "userName": "hill0731",
    "commentCount": 1,
    "starCount": 70,
    "isStared": 0,
    "thumbnailURL": "https://www.makeapie.com/ecg-storage/ec_gallery_thumbnail/xB14W3PDJW.png?v=1493828898391",
    "isCustomThumbnail": 0,
    "builtinTags": [
        "category-work",
        "series-pie",
        "title",
        "tooltip"
    ],
    "customTags": [],
    "updaterUserName": "hill0731"
}