{
    "cid": "xBJXwhy8Rx",
    "authorUid": "bd-696783921",
    "authorUserName": "n***人",
    "title": "echarts-gl 3D版地图下钻",
    "description": "高德地图，echarts-gl,地图下钻，地图JSON自动解析组装",
    "latestVersion": 8,
    "alwaysLatest": 1,
    "createTime": "2017-04-20T08:07:55.000Z",
    "lastUpdateTime": "2021-12-22T07:10:07.000Z",
    "auth": 2,
    "uid": "bd-696783921",
    "publishedVersion": 0,
    "forkFrom": "-",
    "isSpam": 0,
    "version": 8,
    "parentVersion": 7,
    "echartsVersion": "4.9.0",
    "versionCreateTime": "2021-12-22T07:10:07.000Z",
    "html": "",
    "externalScripts": "//webapi.amap.com/maps?v=1.4.15&key=35a871e5905ecfd749bd998448b9cd03,//webapi.amap.com/ui/1.0/main.js?v=1.0.11,https://code.jquery.com/jquery-3.4.1.min.js,https://echarts.baidu.com/resource/echarts-gl-latest/dist/echarts-gl.min.js",
    "updaterUID": "bd-696783921",
    "theme": "default",
    "layout": "",
    "viewCount": 242055,
    "userName": "n***人",
    "commentCount": 79,
    "starCount": 90,
    "isStared": 0,
    "thumbnailURL": "https://www.makeapie.com/ecg-storage/ec_gallery_thumbnail/xBJXwhy8Rx.png?v=1567671301607",
    "isCustomThumbnail": 1,
    "builtinTags": [
        "category-work",
        "geo3D"
    ],
    "customTags": [
        "amap",
        "echarts-gl"
    ],
    "updaterUserName": "n***人"
}