{
    "cid": "xBkI4Rh6xZ",
    "authorUid": "bd-167860219",
    "authorUserName": "n***1",
    "title": "上海房价可视化",
    "description": "数据提取自链家",
    "latestVersion": 22,
    "alwaysLatest": 1,
    "createTime": "2017-05-20T13:01:33.000Z",
    "lastUpdateTime": "2021-08-01T03:29:20.000Z",
    "auth": 2,
    "uid": "bd-167860219",
    "publishedVersion": 0,
    "forkFrom": "-",
    "isSpam": 0,
    "version": 22,
    "parentVersion": 21,
    "echartsVersion": "5.1.2",
    "versionCreateTime": "2021-08-01T03:29:20.000Z",
    "html": "",
    "externalScripts": "https://api.map.baidu.com/getscript?v=3.0&ak=KOmVjPVUAey1G2E8zNhPiuQ6QiEmAwZu&services=&t=20200327103013,https://cdn.jsdelivr.net/npm/echarts@5/dist/extension/bmap.js",
    "updaterUID": "bd-167860219",
    "theme": "default",
    "layout": "",
    "viewCount": 21835,
    "userName": "n***1",
    "commentCount": 3,
    "starCount": 77,
    "isStared": 0,
    "thumbnailURL": "https://www.makeapie.com/ecg-storage/ec_gallery_thumbnail/xBkI4Rh6xZ.png?v=1589033365970",
    "isCustomThumbnail": 1,
    "builtinTags": [
        "category-work"
    ],
    "customTags": [],
    "updaterUserName": "n***1"
}