{
    "cid": "xBy7SAVcpx",
    "authorUid": "bd-1192091434",
    "authorUserName": "s***2",
    "title": "Profile",
    "description": "",
    "latestVersion": 1,
    "alwaysLatest": 1,
    "createTime": "2017-04-11T11:30:02.000Z",
    "lastUpdateTime": "2017-04-11T11:30:02.000Z",
    "auth": 2,
    "uid": "bd-1192091434",
    "publishedVersion": 0,
    "forkFrom": "-",
    "isSpam": 0,
    "version": 1,
    "parentVersion": -1,
    "echartsVersion": "3.5.1",
    "versionCreateTime": "2017-04-11T11:30:02.000Z",
    "html": "",
    "externalScripts": "",
    "updaterUID": "bd-1192091434",
    "theme": "",
    "layout": "",
    "viewCount": 19590,
    "userName": "s***2",
    "commentCount": 10,
    "starCount": 57,
    "isStared": 0,
    "thumbnailURL": "https://www.makeapie.com/ecg-storage/ec_gallery_thumbnail/xBy7SAVcpx.png?v=1491910202825",
    "isCustomThumbnail": 0,
    "builtinTags": [
        "axisPointer",
        "category-work",
        "dataZoom",
        "grid",
        "markArea",
        "series-line",
        "title",
        "tooltip"
    ],
    "customTags": [],
    "updaterUserName": "s***2"
}