{
    "cid": "xHJN4TV5pg",
    "authorUid": "bd-2215764494",
    "authorUserName": "p***g",
    "title": "Flights",
    "description": "Flights on globe with different visuals",
    "latestVersion": 8,
    "alwaysLatest": 1,
    "createTime": "2017-04-11T11:25:32.000Z",
    "lastUpdateTime": "2021-04-25T02:51:44.000Z",
    "auth": 2,
    "uid": "bd-2215764494",
    "publishedVersion": 0,
    "forkFrom": "-",
    "isSpam": 0,
    "version": 8,
    "parentVersion": 7,
    "echartsVersion": "5.1.0",
    "versionCreateTime": "2021-04-25T02:51:25.000Z",
    "html": "",
    "externalScripts": "https://cdn.jsdelivr.net/npm/echarts-gl@2/dist/echarts-gl.min.js",
    "updaterUID": "bd-2215764494",
    "theme": "default",
    "layout": "",
    "viewCount": 77453,
    "userName": "p***g",
    "commentCount": 19,
    "starCount": 76,
    "isStared": 0,
    "thumbnailURL": "https://www.makeapie.com/ecg-storage/ec_gallery_thumbnail/xHJN4TV5pg.png?v=1619319105985",
    "isCustomThumbnail": 1,
    "builtinTags": [
        "category-work",
        "globe",
        "legend",
        "series-lines3D",
        "series-scatter3D"
    ],
    "customTags": [
        "echarts-gl"
    ],
    "updaterUserName": "p***g"
}