{
    "cid": "xHkNMYW42x",
    "authorUid": "bd-3608323184",
    "authorUserName": "凹可卡",
    "title": "广州大学数据分析",
    "description": "各月份生日人数分布-Acring",
    "latestVersion": 5,
    "alwaysLatest": 1,
    "createTime": "2017-03-25T15:13:16.000Z",
    "lastUpdateTime": "2017-03-25T15:13:16.000Z",
    "auth": 2,
    "uid": "bd-3608323184",
    "publishedVersion": 0,
    "forkFrom": "-",
    "isSpam": 0,
    "version": 5,
    "parentVersion": 4,
    "echartsVersion": "3.4.0",
    "versionCreateTime": "2017-03-26T07:18:23.000Z",
    "html": "",
    "externalScripts": "",
    "updaterUID": "bd-3608323184",
    "theme": "",
    "layout": "",
    "viewCount": 18271,
    "userName": "凹可卡",
    "commentCount": 2,
    "starCount": 68,
    "isStared": 0,
    "thumbnailURL": "https://www.makeapie.com/ecg-storage/ec_gallery_thumbnail/xHkNMYW42x.png?v=1490512703976",
    "isCustomThumbnail": 0,
    "builtinTags": [
        "category-work",
        "grid",
        "series-bar",
        "series-pie",
        "timeline",
        "title",
        "tooltip"
    ],
    "customTags": [],
    "updaterUserName": "凹可卡"
}