{
    "cid": "xHyvtFC2Be",
    "authorUid": "bd-185067617",
    "authorUserName": "x***m",
    "title": "单数据展示",
    "description": "单个数据展示，同时展示环比增长",
    "latestVersion": 4,
    "alwaysLatest": 1,
    "createTime": "2017-01-06T08:46:54.000Z",
    "lastUpdateTime": "2017-01-06T10:46:15.000Z",
    "auth": 2,
    "uid": "bd-185067617",
    "publishedVersion": 0,
    "forkFrom": "-",
    "isSpam": 0,
    "version": 4,
    "parentVersion": 3,
    "echartsVersion": "3.3.2",
    "versionCreateTime": "2017-01-06T11:02:02.000Z",
    "html": "",
    "externalScripts": "",
    "updaterUID": "bd-185067617",
    "theme": "macarons",
    "layout": "",
    "viewCount": 22808,
    "userName": "x***m",
    "commentCount": 4,
    "starCount": 69,
    "isStared": 0,
    "thumbnailURL": "https://www.makeapie.com/ecg-storage/ec_gallery_thumbnail/xHyvtFC2Be.png?v=1483700523434",
    "isCustomThumbnail": 0,
    "builtinTags": [
        "category-work",
        "markPoint",
        "series-pie",
        "title",
        "toolbox"
    ],
    "customTags": [
        "markpoint",
        "pie",
        "单数据"
    ],
    "updaterUserName": "x***m"
}