{
    "cid": "xr1XLo-V5g",
    "authorUid": "bd-2568493834",
    "authorUserName": "yungpheng",
    "title": "格式化数据的简单迁徙图",
    "description": "格式化数据，减少代码",
    "latestVersion": 1,
    "alwaysLatest": 1,
    "createTime": "2017-03-01T08:50:18.000Z",
    "lastUpdateTime": "2017-03-01T08:50:18.000Z",
    "auth": 2,
    "uid": "bd-2568493834",
    "publishedVersion": 0,
    "forkFrom": "-",
    "isSpam": 0,
    "version": 1,
    "parentVersion": -1,
    "echartsVersion": "3.4.0",
    "versionCreateTime": "2017-03-01T08:50:18.000Z",
    "html": "",
    "externalScripts": "/dep/echarts/map/js/china.js",
    "updaterUID": "bd-2568493834",
    "theme": "",
    "layout": "",
    "viewCount": 41149,
    "userName": "yungpheng",
    "commentCount": 12,
    "starCount": 68,
    "isStared": 0,
    "thumbnailURL": "https://www.makeapie.com/ecg-storage/ec_gallery_thumbnail/xr1XLo-V5g.png?v=1488358219674",
    "isCustomThumbnail": 0,
    "builtinTags": [
        "category-work",
        "geo",
        "series-effectScatter",
        "series-lines",
        "title",
        "tooltip"
    ],
    "customTags": [],
    "updaterUserName": "yungpheng"
}