{
    "cid": "xr1z5Xpe7b",
    "authorUid": "bd-1500359557",
    "authorUserName": "小明的小可",
    "title": "圆环",
    "description": "",
    "latestVersion": 1,
    "alwaysLatest": 1,
    "createTime": "2017-06-16T02:33:45.000Z",
    "lastUpdateTime": "2017-06-16T02:33:45.000Z",
    "auth": 2,
    "uid": "bd-1500359557",
    "publishedVersion": 0,
    "forkFrom": "-",
    "isSpam": 0,
    "version": 1,
    "parentVersion": -1,
    "echartsVersion": "3.6.2",
    "versionCreateTime": "2017-06-16T02:33:45.000Z",
    "html": "",
    "externalScripts": "",
    "updaterUID": "bd-1500359557",
    "theme": "",
    "layout": "",
    "viewCount": 20101,
    "userName": "小明的小可",
    "commentCount": 3,
    "starCount": 70,
    "isStared": 0,
    "thumbnailURL": "https://www.makeapie.com/ecg-storage/ec_gallery_thumbnail/xr1z5Xpe7b.png?v=1497580425914",
    "isCustomThumbnail": 0,
    "builtinTags": [
        "category-work",
        "legend",
        "series-pie",
        "title",
        "toolbox",
        "tooltip"
    ],
    "customTags": [],
    "updaterUserName": "小明的小可"
}