{
    "cid": "xrkQJnJWpe",
    "authorUid": "bd-557611234",
    "authorUserName": "的***d",
    "title": "三国演义中人名出现次数排名",
    "description": "Made by ZBH",
    "latestVersion": 1,
    "alwaysLatest": 1,
    "createTime": "2017-04-04T09:48:11.000Z",
    "lastUpdateTime": "2017-04-04T09:48:11.000Z",
    "auth": 2,
    "uid": "bd-557611234",
    "publishedVersion": 0,
    "forkFrom": "-",
    "isSpam": 0,
    "version": 1,
    "parentVersion": -1,
    "echartsVersion": "3.5.1",
    "versionCreateTime": "2017-04-04T09:48:11.000Z",
    "html": "",
    "externalScripts": "",
    "updaterUID": "bd-557611234",
    "theme": "",
    "layout": "",
    "viewCount": 38084,
    "userName": "的***d",
    "commentCount": 2,
    "starCount": 85,
    "isStared": 0,
    "thumbnailURL": "https://www.makeapie.com/ecg-storage/ec_gallery_thumbnail/xrkQJnJWpe.png?v=1491299291753",
    "isCustomThumbnail": 0,
    "builtinTags": [
        "axisPointer",
        "category-work",
        "legend",
        "series-graph",
        "title",
        "toolbox",
        "tooltip"
    ],
    "customTags": [],
    "updaterUserName": "的***d"
}