{
    "cid": "xS1_zczaZW",
    "authorUid": "bd-4265933866",
    "authorUserName": "h***1",
    "title": "人群流入流出",
    "description": "",
    "latestVersion": 1,
    "alwaysLatest": 1,
    "createTime": "2017-06-01T04:37:35.000Z",
    "lastUpdateTime": "2017-06-01T04:37:35.000Z",
    "auth": 2,
    "uid": "bd-4265933866",
    "publishedVersion": 0,
    "forkFrom": "-",
    "isSpam": 0,
    "version": 1,
    "parentVersion": -1,
    "echartsVersion": "3.6.1",
    "versionCreateTime": "2017-06-01T04:37:35.000Z",
    "html": "",
    "externalScripts": "",
    "updaterUID": "bd-4265933866",
    "theme": "",
    "layout": "",
    "viewCount": 11416,
    "userName": "h***1",
    "commentCount": 0,
    "starCount": 72,
    "isStared": 0,
    "thumbnailURL": "https://www.makeapie.com/ecg-storage/ec_gallery_thumbnail/xS1_zczaZW.png?v=1496291856160",
    "isCustomThumbnail": 0,
    "builtinTags": [
        "category-work",
        "grid",
        "legend",
        "series-bar",
        "tooltip"
    ],
    "customTags": [],
    "updaterUserName": "h***1"
}