{
    "cid": "xSkFFABj0e",
    "authorUid": "bd-3222927142",
    "authorUserName": "g***x",
    "title": "销售量统计",
    "description": "纯属虚构",
    "latestVersion": 3,
    "alwaysLatest": 1,
    "createTime": "2017-04-24T10:08:00.000Z",
    "lastUpdateTime": "2017-04-24T10:08:00.000Z",
    "auth": 2,
    "uid": "bd-3222927142",
    "publishedVersion": 0,
    "forkFrom": "-",
    "isSpam": 0,
    "version": 3,
    "parentVersion": 2,
    "echartsVersion": "3.5.3",
    "versionCreateTime": "2017-04-25T02:04:27.000Z",
    "html": "",
    "externalScripts": "/dep/echarts/map/js/china.js",
    "updaterUID": "bd-3222927142",
    "theme": "macarons",
    "layout": "",
    "viewCount": 39096,
    "userName": "g***x",
    "commentCount": 11,
    "starCount": 79,
    "isStared": 0,
    "thumbnailURL": "https://www.makeapie.com/ecg-storage/ec_gallery_thumbnail/xSkFFABj0e.png?v=1493085868560",
    "isCustomThumbnail": 0,
    "builtinTags": [
        "category-work",
        "grid",
        "legend",
        "series-bar",
        "series-map",
        "series-pie",
        "title",
        "toolbox",
        "tooltip",
        "visualMap"
    ],
    "customTags": [],
    "updaterUserName": "g***x"
}