{
    "cid": "xSkT-YuIAl",
    "authorUid": "bd-3493701880",
    "authorUserName": "陈卿龙网",
    "title": "圆形统计图",
    "description": "可用于对一些数据比较，以及显示，参数自定，有更好的需求可以提出来，QQ：811239386",
    "latestVersion": 4,
    "alwaysLatest": 1,
    "createTime": "2017-04-20T18:08:04.000Z",
    "lastUpdateTime": "2017-04-20T18:08:04.000Z",
    "auth": 2,
    "uid": "bd-3493701880",
    "publishedVersion": 0,
    "forkFrom": "-",
    "isSpam": 0,
    "version": 4,
    "parentVersion": 3,
    "echartsVersion": "3.7.2",
    "versionCreateTime": "2017-10-30T02:25:27.000Z",
    "html": "",
    "externalScripts": "",
    "updaterUID": "bd-3493701880",
    "theme": "",
    "layout": "",
    "viewCount": 30480,
    "userName": "陈卿龙网",
    "commentCount": 17,
    "starCount": 63,
    "isStared": 0,
    "thumbnailURL": "https://www.makeapie.com/ecg-storage/ec_gallery_thumbnail/xSkT-YuIAl.png?v=1509330327464",
    "isCustomThumbnail": 0,
    "builtinTags": [
        "category-work",
        "legend",
        "series-pie"
    ],
    "customTags": [],
    "updaterUserName": "陈卿龙网"
}