{
    "cid": "xB1Pl69zDm",
    "authorUid": "bd-3894911789",
    "authorUserName": "t***3",
    "title": "含底色",
    "description": "",
    "latestVersion": 1,
    "alwaysLatest": 1,
    "createTime": "2018-08-28T09:59:11.000Z",
    "lastUpdateTime": "2018-08-28T09:59:11.000Z",
    "auth": 2,
    "uid": "bd-3894911789",
    "publishedVersion": 0,
    "forkFrom": "-",
    "isSpam": 0,
    "version": 1,
    "parentVersion": -1,
    "echartsVersion": "4.1.0",
    "versionCreateTime": "2018-08-28T09:59:11.000Z",
    "html": "",
    "externalScripts": "",
    "updaterUID": "bd-3894911789",
    "theme": "",
    "layout": "",
    "viewCount": 389,
    "userName": "t***3",
    "commentCount": 0,
    "starCount": 0,
    "isStared": 0,
    "thumbnailURL": "https://www.makeapie.com/ecg-storage/ec_gallery_thumbnail/xB1Pl69zDm.png?v=1535450351455",
    "isCustomThumbnail": 0,
    "builtinTags": [
        "category-work",
        "grid",
        "series-bar",
        "tooltip"
    ],
    "customTags": [],
    "updaterUserName": "t***3"
}