{
    "cid": "xByalxkrPX",
    "authorUid": "bd-933860657",
    "authorUserName": "176******95",
    "title": "间隔圆",
    "description": "",
    "latestVersion": 2,
    "alwaysLatest": 1,
    "createTime": "2018-08-30T03:09:41.000Z",
    "lastUpdateTime": "2018-08-30T03:09:41.000Z",
    "auth": 2,
    "uid": "bd-933860657",
    "publishedVersion": 0,
    "forkFrom": "-",
    "isSpam": 0,
    "version": 2,
    "parentVersion": 1,
    "echartsVersion": "4.1.0",
    "versionCreateTime": "2018-08-30T03:13:25.000Z",
    "html": "",
    "externalScripts": "",
    "updaterUID": "bd-933860657",
    "theme": "",
    "layout": "",
    "viewCount": 427,
    "userName": "176******95",
    "commentCount": 0,
    "starCount": 3,
    "isStared": 0,
    "thumbnailURL": "https://www.makeapie.com/ecg-storage/ec_gallery_thumbnail/xByalxkrPX.png?v=1535598805829",
    "isCustomThumbnail": 0,
    "builtinTags": [
        "category-work",
        "series-pie",
        "tooltip"
    ],
    "customTags": [],
    "updaterUserName": "176******95"
}