{
    "cid": "xHJCsi2mDm",
    "authorUid": "bd-3159323803",
    "authorUserName": "s***g",
    "title": "一天内某广告出现次数及时间散点图",
    "description": "主要是为了把X轴做个漂漂亮亮的时间显示，以及提示框的内容格式化",
    "latestVersion": 1,
    "alwaysLatest": 1,
    "createTime": "2018-08-29T06:22:30.000Z",
    "lastUpdateTime": "2018-08-29T06:22:30.000Z",
    "auth": 2,
    "uid": "bd-3159323803",
    "publishedVersion": 0,
    "forkFrom": "-",
    "isSpam": 0,
    "version": 1,
    "parentVersion": -1,
    "echartsVersion": "4.1.0",
    "versionCreateTime": "2018-08-29T06:22:30.000Z",
    "html": "",
    "externalScripts": "",
    "updaterUID": "bd-3159323803",
    "theme": "default",
    "layout": "",
    "viewCount": 171,
    "userName": "s***g",
    "commentCount": 0,
    "starCount": 0,
    "isStared": 0,
    "thumbnailURL": "https://www.makeapie.com/ecg-storage/ec_gallery_thumbnail/xHJCsi2mDm.png?v=1535523750513",
    "isCustomThumbnail": 0,
    "builtinTags": [
        "category-work",
        "grid",
        "legend",
        "series-scatter",
        "tooltip"
    ],
    "customTags": [],
    "updaterUserName": "s***g"
}