{
    "cid": "xrkexU9IwQ",
    "authorUid": "bd-3724974333",
    "authorUserName": "m***3",
    "title": "环形渐变色+text",
    "description": "",
    "latestVersion": 4,
    "alwaysLatest": 1,
    "createTime": "2018-08-31T10:18:16.000Z",
    "lastUpdateTime": "2018-08-31T10:18:16.000Z",
    "auth": 2,
    "uid": "bd-3724974333",
    "publishedVersion": 0,
    "forkFrom": "-",
    "isSpam": 0,
    "version": 4,
    "parentVersion": 3,
    "echartsVersion": "4.1.0",
    "versionCreateTime": "2018-08-31T10:23:41.000Z",
    "html": "",
    "externalScripts": "",
    "updaterUID": "bd-3724974333",
    "theme": "",
    "layout": "",
    "viewCount": 173,
    "userName": "m***3",
    "commentCount": 0,
    "starCount": 0,
    "isStared": 0,
    "thumbnailURL": "https://www.makeapie.com/ecg-storage/ec_gallery_thumbnail/xrkexU9IwQ.png?v=1535711021241",
    "isCustomThumbnail": 0,
    "builtinTags": [
        "category-work",
        "series-pie"
    ],
    "customTags": [],
    "updaterUserName": "m***3"
}