{
    "cid": "xryLg1Ocw7",
    "authorUid": "bd-1998210850",
    "authorUserName": "玉***秋",
    "title": "复合饼图",
    "description": "复合饼图",
    "latestVersion": 12,
    "alwaysLatest": 1,
    "createTime": "2018-09-03T08:21:02.000Z",
    "lastUpdateTime": "2018-09-03T08:21:02.000Z",
    "auth": 2,
    "uid": "bd-1998210850",
    "publishedVersion": 0,
    "forkFrom": "-",
    "isSpam": 0,
    "version": 12,
    "parentVersion": 11,
    "echartsVersion": "4.1.0",
    "versionCreateTime": "2018-09-07T02:58:37.000Z",
    "html": "",
    "externalScripts": "",
    "updaterUID": "bd-1998210850",
    "theme": "",
    "layout": "",
    "viewCount": 134,
    "userName": "玉***秋",
    "commentCount": 0,
    "starCount": 1,
    "isStared": 0,
    "thumbnailURL": "https://www.makeapie.com/ecg-storage/ec_gallery_thumbnail/xryLg1Ocw7.png?v=1536289118029",
    "isCustomThumbnail": 0,
    "builtinTags": [
        "category-work",
        "markLine",
        "series-pie",
        "title"
    ],
    "customTags": [
        "pie"
    ],
    "updaterUserName": "玉***秋"
}