{
    "cid": "xSJHEfUSDm",
    "authorUid": "bd-3393538683",
    "authorUserName": "L***安",
    "title": "",
    "description": "",
    "latestVersion": 3,
    "alwaysLatest": 1,
    "createTime": "2018-08-30T11:17:01.000Z",
    "lastUpdateTime": "2018-08-30T11:17:01.000Z",
    "auth": 2,
    "uid": "bd-3393538683",
    "publishedVersion": 0,
    "forkFrom": "-",
    "isSpam": 0,
    "version": 3,
    "parentVersion": 2,
    "echartsVersion": "4.1.0",
    "versionCreateTime": "2018-08-30T11:39:09.000Z",
    "html": "",
    "externalScripts": "",
    "updaterUID": "bd-3393538683",
    "theme": "",
    "layout": "",
    "viewCount": 26,
    "userName": "L***安",
    "commentCount": 0,
    "starCount": 0,
    "isStared": 0,
    "thumbnailURL": "https://www.makeapie.com/ecg-storage/ec_gallery_thumbnail/xSJHEfUSDm.png?v=1535629150053",
    "isCustomThumbnail": 0,
    "builtinTags": [
        "category-work",
        "grid",
        "legend",
        "series-line"
    ],
    "customTags": [],
    "updaterUserName": "L***安"
}