{
    "cid": "xSJuHkwID7",
    "authorUid": "bd-2520401216",
    "authorUserName": "双子wahahahaha",
    "title": "移动端Bug",
    "description": "移动端Bug，出现tooltip提示框之后，页面滑动，提示框被柱状图遮盖",
    "latestVersion": 1,
    "alwaysLatest": 1,
    "createTime": "2018-08-31T06:25:04.000Z",
    "lastUpdateTime": "2018-08-31T06:25:04.000Z",
    "auth": 1,
    "uid": "bd-2520401216",
    "publishedVersion": 0,
    "forkFrom": "-",
    "isSpam": 0,
    "version": 1,
    "parentVersion": -1,
    "echartsVersion": "4.1.0",
    "versionCreateTime": "2018-08-31T06:25:04.000Z",
    "html": "",
    "externalScripts": "",
    "updaterUID": "bd-2520401216",
    "theme": "",
    "layout": "",
    "viewCount": 122,
    "userName": "双子wahahahaha",
    "commentCount": 0,
    "starCount": 0,
    "isStared": 0,
    "thumbnailURL": "https://www.makeapie.com/ecg-storage/ec_gallery_thumbnail/xSJuHkwID7.png?v=1535696704255",
    "isCustomThumbnail": 0,
    "builtinTags": [
        "category-work",
        "grid",
        "series-bar",
        "series-line",
        "tooltip"
    ],
    "customTags": [],
    "updaterUserName": "双子wahahahaha"
}