{
    "cid": "xSk8T-nVvm",
    "authorUid": "bd-1627882278",
    "authorUserName": "秋水梦云",
    "title": "北京MBA同学会成立暨联谊会 人员汇集",
    "description": "内部数据请勿外传",
    "latestVersion": 9,
    "alwaysLatest": 1,
    "createTime": "2018-08-29T23:52:29.000Z",
    "lastUpdateTime": "2018-08-29T23:52:29.000Z",
    "auth": 2,
    "uid": "bd-1627882278",
    "publishedVersion": 0,
    "forkFrom": "-",
    "isSpam": 0,
    "version": 9,
    "parentVersion": 8,
    "echartsVersion": "4.1.0",
    "versionCreateTime": "2018-08-31T04:51:24.000Z",
    "html": "",
    "externalScripts": "/dep/echarts/map/js/china.js",
    "updaterUID": "bd-1627882278",
    "theme": "",
    "layout": "",
    "viewCount": 841,
    "userName": "秋水梦云",
    "commentCount": 0,
    "starCount": 4,
    "isStared": 0,
    "thumbnailURL": "https://www.makeapie.com/ecg-storage/ec_gallery_thumbnail/xSk8T-nVvm.png?v=1535691084905",
    "isCustomThumbnail": 0,
    "builtinTags": [
        "category-work",
        "geo",
        "series-effectScatter",
        "series-lines",
        "series-scatter",
        "title",
        "visualMap"
    ],
    "customTags": [],
    "updaterUserName": "秋水梦云"
}