{
    "cid": "xSyJ6_JSwm",
    "authorUid": "bd-933860657",
    "authorUserName": "176******95",
    "title": "三个y轴",
    "description": "",
    "latestVersion": 1,
    "alwaysLatest": 1,
    "createTime": "2018-08-30T03:47:03.000Z",
    "lastUpdateTime": "2018-08-30T03:47:03.000Z",
    "auth": 2,
    "uid": "bd-933860657",
    "publishedVersion": 0,
    "forkFrom": "-",
    "isSpam": 0,
    "version": 1,
    "parentVersion": -1,
    "echartsVersion": "4.1.0",
    "versionCreateTime": "2018-08-30T03:47:03.000Z",
    "html": "",
    "externalScripts": "",
    "updaterUID": "bd-933860657",
    "theme": "",
    "layout": "",
    "viewCount": 2431,
    "userName": "176******95",
    "commentCount": 0,
    "starCount": 19,
    "isStared": 0,
    "thumbnailURL": "https://www.makeapie.com/ecg-storage/ec_gallery_thumbnail/xSyJ6_JSwm.png?v=1535600823649",
    "isCustomThumbnail": 0,
    "builtinTags": [
        "category-work",
        "grid",
        "series-bar",
        "title",
        "tooltip"
    ],
    "customTags": [],
    "updaterUserName": "176******95"
}