{
    "cid": "xB1Bx1p6d-",
    "authorUid": "bd-2282699073",
    "authorUserName": "黯夜卿卿",
    "title": "环形图中间加上文字",
    "description": "环形图中间加上文字",
    "latestVersion": 3,
    "alwaysLatest": 1,
    "createTime": "2017-08-25T15:14:53.000Z",
    "lastUpdateTime": "2017-08-25T15:14:53.000Z",
    "auth": 2,
    "uid": "bd-2282699073",
    "publishedVersion": 0,
    "forkFrom": "-",
    "isSpam": 0,
    "version": 3,
    "parentVersion": 2,
    "echartsVersion": "3.7.0",
    "versionCreateTime": "2017-08-25T15:18:32.000Z",
    "html": "",
    "externalScripts": "",
    "updaterUID": "bd-2282699073",
    "theme": "",
    "layout": "",
    "viewCount": 12004,
    "userName": "黯夜卿卿",
    "commentCount": 0,
    "starCount": 7,
    "isStared": 0,
    "thumbnailURL": "https://www.makeapie.com/ecg-storage/ec_gallery_thumbnail/xB1Bx1p6d-.png?v=1503674312489",
    "isCustomThumbnail": 0,
    "builtinTags": [
        "category-work",
        "legend",
        "series-pie",
        "tooltip"
    ],
    "customTags": [
        "pie",
        "pie饼状图"
    ],
    "updaterUserName": "黯夜卿卿"
}