{
    "cid": "xB1e-Kf6dZ",
    "authorUid": "bd-3006695220",
    "authorUserName": "ZTQ的天空",
    "title": "饼状图01",
    "description": "",
    "latestVersion": 2,
    "alwaysLatest": 1,
    "createTime": "2017-08-25T03:26:48.000Z",
    "lastUpdateTime": "2017-08-25T03:26:48.000Z",
    "auth": 2,
    "uid": "bd-3006695220",
    "publishedVersion": 0,
    "forkFrom": "-",
    "isSpam": 0,
    "version": 2,
    "parentVersion": 1,
    "echartsVersion": "3.7.0",
    "versionCreateTime": "2017-08-26T01:47:38.000Z",
    "html": "",
    "externalScripts": "",
    "updaterUID": "bd-3006695220",
    "theme": "",
    "layout": "",
    "viewCount": 1807,
    "userName": "ZTQ的天空",
    "commentCount": 0,
    "starCount": 1,
    "isStared": 0,
    "thumbnailURL": "https://www.makeapie.com/ecg-storage/ec_gallery_thumbnail/xB1e-Kf6dZ.png?v=1503712058871",
    "isCustomThumbnail": 0,
    "builtinTags": [
        "category-work",
        "graphic",
        "series-pie",
        "tooltip"
    ],
    "customTags": [],
    "updaterUserName": "ZTQ的天空"
}