{
    "cid": "xBJPdLqC_b",
    "authorUid": "bd-1514261420",
    "authorUserName": "余光茂的纠结",
    "title": "公司所有项目详情",
    "description": "我用的是精简版，但是设置了title和tooltip和ledgend都没出来，那位大哥知道哪里出问题了？",
    "latestVersion": 1,
    "alwaysLatest": 1,
    "createTime": "2017-08-26T06:34:23.000Z",
    "lastUpdateTime": "2017-08-26T06:34:23.000Z",
    "auth": 1,
    "uid": "bd-1514261420",
    "publishedVersion": 0,
    "forkFrom": "-",
    "isSpam": 0,
    "version": 1,
    "parentVersion": -1,
    "echartsVersion": "3.7.0",
    "versionCreateTime": "2017-08-26T06:34:23.000Z",
    "html": "",
    "externalScripts": "",
    "updaterUID": "bd-1514261420",
    "theme": "",
    "layout": "",
    "viewCount": 414,
    "userName": "余光茂的纠结",
    "commentCount": 0,
    "starCount": 1,
    "isStared": 0,
    "thumbnailURL": "https://www.makeapie.com/ecg-storage/ec_gallery_thumbnail/xBJPdLqC_b.png?v=1503729263536",
    "isCustomThumbnail": 1,
    "builtinTags": [
        "category-work",
        "legend",
        "series-pie",
        "title",
        "tooltip"
    ],
    "customTags": [],
    "updaterUserName": "余光茂的纠结"
}