{
    "cid": "xBk3plfVt-",
    "authorUid": "bd-110280249",
    "authorUserName": "幻流沙影",
    "title": "",
    "description": "",
    "latestVersion": 5,
    "alwaysLatest": 1,
    "createTime": "2017-08-30T10:17:39.000Z",
    "lastUpdateTime": "2017-08-31T02:29:39.000Z",
    "auth": 2,
    "uid": "bd-110280249",
    "publishedVersion": 0,
    "forkFrom": "-",
    "isSpam": 0,
    "version": 5,
    "parentVersion": 4,
    "echartsVersion": "3.7.0",
    "versionCreateTime": "2017-08-31T02:29:58.000Z",
    "html": "",
    "externalScripts": "",
    "updaterUID": "bd-110280249",
    "theme": "default",
    "layout": "",
    "viewCount": 3281,
    "userName": "幻流沙影",
    "commentCount": 0,
    "starCount": 8,
    "isStared": 0,
    "thumbnailURL": "https://www.makeapie.com/ecg-storage/ec_gallery_thumbnail/xBk3plfVt-.png?v=1504146553872",
    "isCustomThumbnail": 1,
    "builtinTags": [
        "category-work",
        "grid",
        "markLine",
        "markPoint",
        "series-pie",
        "tooltip"
    ],
    "customTags": [],
    "updaterUserName": "幻流沙影"
}