{
    "cid": "xHJoc6HWF-",
    "authorUid": "bd-4013131402",
    "authorUserName": "o***4",
    "title": "性能测试",
    "description": "",
    "latestVersion": 6,
    "alwaysLatest": 1,
    "createTime": "2017-08-28T08:00:18.000Z",
    "lastUpdateTime": "2017-08-28T09:18:42.000Z",
    "auth": 2,
    "uid": "bd-4013131402",
    "publishedVersion": 0,
    "forkFrom": "-",
    "isSpam": 0,
    "version": 6,
    "parentVersion": 5,
    "echartsVersion": "3.7.0",
    "versionCreateTime": "2017-08-28T09:16:51.000Z",
    "html": "",
    "externalScripts": "",
    "updaterUID": "bd-4013131402",
    "theme": "default",
    "layout": "",
    "viewCount": 401,
    "userName": "o***4",
    "commentCount": 0,
    "starCount": 0,
    "isStared": 0,
    "thumbnailURL": "https://www.makeapie.com/ecg-storage/ec_gallery_thumbnail/xHJoc6HWF-.png?v=1503911811480",
    "isCustomThumbnail": 0,
    "builtinTags": [
        "category-work",
        "grid",
        "legend",
        "series-line",
        "series-scatter",
        "title",
        "tooltip"
    ],
    "customTags": [],
    "updaterUserName": "o***4"
}