{
    "cid": "xHypGSr8Kb",
    "authorUid": "bd-1479288105",
    "authorUserName": "M***人",
    "title": "17/16栋单价分析",
    "description": "图表中为更好展示,单价均做了 -6000元 处理",
    "latestVersion": 4,
    "alwaysLatest": 1,
    "createTime": "2017-09-01T02:25:24.000Z",
    "lastUpdateTime": "2017-09-01T02:25:24.000Z",
    "auth": 2,
    "uid": "bd-1479288105",
    "publishedVersion": 0,
    "forkFrom": "-",
    "isSpam": 0,
    "version": 4,
    "parentVersion": 3,
    "echartsVersion": "3.7.1",
    "versionCreateTime": "2017-09-01T02:52:45.000Z",
    "html": "",
    "externalScripts": "",
    "updaterUID": "bd-1479288105",
    "theme": "",
    "layout": "",
    "viewCount": 395,
    "userName": "M***人",
    "commentCount": 0,
    "starCount": 0,
    "isStared": 0,
    "thumbnailURL": "https://www.makeapie.com/ecg-storage/ec_gallery_thumbnail/xHypGSr8Kb.png?v=1504234365349",
    "isCustomThumbnail": 0,
    "builtinTags": [
        "category-work",
        "grid",
        "legend",
        "markArea",
        "series-line",
        "title",
        "toolbox",
        "tooltip"
    ],
    "customTags": [],
    "updaterUserName": "M***人"
}