{
    "cid": "xr1cuAizYZ",
    "authorUid": "bd-3963863765",
    "authorUserName": "186*****114",
    "title": "2017上半年订单量饼图",
    "description": "郑州口岸跨境数据",
    "latestVersion": 1,
    "alwaysLatest": 1,
    "createTime": "2017-08-29T09:05:53.000Z",
    "lastUpdateTime": "2017-08-29T09:05:53.000Z",
    "auth": 2,
    "uid": "bd-3963863765",
    "publishedVersion": 0,
    "forkFrom": "-",
    "isSpam": 0,
    "version": 1,
    "parentVersion": -1,
    "echartsVersion": "3.7.0",
    "versionCreateTime": "2017-08-29T09:05:53.000Z",
    "html": "",
    "externalScripts": "",
    "updaterUID": "bd-3963863765",
    "theme": "dark",
    "layout": "",
    "viewCount": 174,
    "userName": "186*****114",
    "commentCount": 0,
    "starCount": 0,
    "isStared": 0,
    "thumbnailURL": "https://www.makeapie.com/ecg-storage/ec_gallery_thumbnail/xr1cuAizYZ.png?v=1503997554060",
    "isCustomThumbnail": 0,
    "builtinTags": [
        "category-work",
        "legend",
        "series-pie",
        "tooltip"
    ],
    "customTags": [],
    "updaterUserName": "186*****114"
}