{
    "cid": "xrJygEHHYb",
    "authorUid": "bd-2310194360",
    "authorUserName": "A***3",
    "title": "MapBox可视化",
    "description": "FR 国金中心  ",
    "latestVersion": 1,
    "alwaysLatest": 1,
    "createTime": "2017-08-31T08:08:06.000Z",
    "lastUpdateTime": "2017-08-31T08:08:06.000Z",
    "auth": 2,
    "uid": "bd-2310194360",
    "publishedVersion": 0,
    "forkFrom": "-",
    "isSpam": 0,
    "version": 1,
    "parentVersion": -1,
    "echartsVersion": "3.7.0",
    "versionCreateTime": "2017-08-31T08:08:06.000Z",
    "html": "",
    "externalScripts": "http://echarts.baidu.com/resource/echarts-gl-latest/dist/echarts-gl.min.js,https://api.tiles.mapbox.com/mapbox-gl-js/v0.38.0/mapbox-gl.css,https://api.tiles.mapbox.com/mapbox-gl-js/v0.38.0/mapbox-gl.js",
    "updaterUID": "bd-2310194360",
    "theme": "",
    "layout": "",
    "viewCount": 7964,
    "userName": "A***3",
    "commentCount": 3,
    "starCount": 29,
    "isStared": 0,
    "thumbnailURL": "https://www.makeapie.com/ecg-storage/ec_gallery_thumbnail/xrJygEHHYb.png?v=1504166887729",
    "isCustomThumbnail": 1,
    "builtinTags": [
        "category-work",
        "mapbox",
        "series-lines3D",
        "series-map3D",
        "tooltip",
        "visualMap"
    ],
    "customTags": [
        "MapBox"
    ],
    "updaterUserName": "A***3"
}