{
    "cid": "xrko4E9zKb",
    "authorUid": "bd-4013131402",
    "authorUserName": "o***4",
    "title": "填满容器的水球图的例子",
    "description": "",
    "latestVersion": 1,
    "alwaysLatest": 1,
    "createTime": "2017-08-29T07:13:54.000Z",
    "lastUpdateTime": "2017-08-29T07:13:54.000Z",
    "auth": 2,
    "uid": "bd-4013131402",
    "publishedVersion": 0,
    "forkFrom": "-",
    "isSpam": 0,
    "version": 1,
    "parentVersion": -1,
    "echartsVersion": "3.7.0",
    "versionCreateTime": "2017-08-29T07:13:54.000Z",
    "html": "",
    "externalScripts": "http://gallery.echartsjs.com/asset/get/s/data-1503990680450-HJxsmqGYb.js",
    "updaterUID": "bd-4013131402",
    "theme": "",
    "layout": "",
    "viewCount": 1698,
    "userName": "o***4",
    "commentCount": 0,
    "starCount": 3,
    "isStared": 0,
    "thumbnailURL": "https://www.makeapie.com/ecg-storage/ec_gallery_thumbnail/xrko4E9zKb.png?v=1503990834877",
    "isCustomThumbnail": 0,
    "builtinTags": [
        "category-work",
        "series-liquidFill"
    ],
    "customTags": [],
    "updaterUserName": "o***4"
}