{
    "cid": "xrkog9up_-",
    "authorUid": "bd-288365119",
    "authorUserName": "151******30",
    "title": "用不同颜色区分不同指标",
    "description": "根据不同指标以不同颜色区分",
    "latestVersion": 2,
    "alwaysLatest": 1,
    "createTime": "2017-08-25T10:20:34.000Z",
    "lastUpdateTime": "2017-08-25T10:20:34.000Z",
    "auth": 1,
    "uid": "bd-288365119",
    "publishedVersion": 0,
    "forkFrom": "-",
    "isSpam": 0,
    "version": 2,
    "parentVersion": 1,
    "echartsVersion": "3.8.0",
    "versionCreateTime": "2018-04-22T06:35:25.000Z",
    "html": "",
    "externalScripts": "/dep/echarts/map/js/china.js",
    "updaterUID": "bd-4128219269",
    "theme": "",
    "layout": "",
    "viewCount": 1470,
    "userName": "151******30",
    "commentCount": 0,
    "starCount": 4,
    "isStared": 0,
    "thumbnailURL": "https://www.makeapie.com/ecg-storage/ec_gallery_thumbnail/xrkog9up_-.png?v=1524378925518",
    "isCustomThumbnail": 0,
    "builtinTags": [
        "category-work",
        "geo",
        "series-effectScatter",
        "series-lines",
        "tooltip"
    ],
    "customTags": [
        "geo"
    ],
    "updaterUserName": "chenguoliang9"
}