{
    "cid": "xryfJmNnOZ",
    "authorUid": "bd-2300562343",
    "authorUserName": "b***u",
    "title": "动态更新折线图",
    "description": "折线图添加动态数据",
    "latestVersion": 1,
    "alwaysLatest": 1,
    "createTime": "2017-08-24T11:04:57.000Z",
    "lastUpdateTime": "2017-08-24T11:04:57.000Z",
    "auth": 2,
    "uid": "bd-2300562343",
    "publishedVersion": 0,
    "forkFrom": "-",
    "isSpam": 0,
    "version": 1,
    "parentVersion": -1,
    "echartsVersion": "3.7.0",
    "versionCreateTime": "2017-08-24T11:04:57.000Z",
    "html": "",
    "externalScripts": "",
    "updaterUID": "bd-2300562343",
    "theme": "",
    "layout": "",
    "viewCount": 210,
    "userName": "b***u",
    "commentCount": 0,
    "starCount": 0,
    "isStared": 0,
    "thumbnailURL": "https://www.makeapie.com/ecg-storage/ec_gallery_thumbnail/xryfJmNnOZ.png?v=1503572697893",
    "isCustomThumbnail": 0,
    "builtinTags": [
        "category-work",
        "grid",
        "series-line"
    ],
    "customTags": [],
    "updaterUserName": "b***u"
}