{
    "cid": "xS1ui3sMKZ",
    "authorUid": "bd-3963863765",
    "authorUserName": "186*****114",
    "title": "2017上半年订单量散点图",
    "description": "郑州口岸跨境数据",
    "latestVersion": 1,
    "alwaysLatest": 1,
    "createTime": "2017-08-29T08:58:08.000Z",
    "lastUpdateTime": "2017-08-29T08:58:08.000Z",
    "auth": 2,
    "uid": "bd-3963863765",
    "publishedVersion": 0,
    "forkFrom": "-",
    "isSpam": 0,
    "version": 1,
    "parentVersion": -1,
    "echartsVersion": "3.7.0",
    "versionCreateTime": "2017-08-29T08:58:08.000Z",
    "html": "",
    "externalScripts": "",
    "updaterUID": "bd-3963863765",
    "theme": "dark",
    "layout": "",
    "viewCount": 1342,
    "userName": "186*****114",
    "commentCount": 0,
    "starCount": 2,
    "isStared": 0,
    "thumbnailURL": "https://www.makeapie.com/ecg-storage/ec_gallery_thumbnail/xS1ui3sMKZ.png?v=1503997088498",
    "isCustomThumbnail": 0,
    "builtinTags": [
        "calendar",
        "category-work",
        "legend",
        "series-effectScatter",
        "series-scatter",
        "title",
        "tooltip"
    ],
    "customTags": [],
    "updaterUserName": "186*****114"
}