{
    "cid": "xSJQIORGFW",
    "authorUid": "bd-1645201494",
    "authorUserName": "1047177958qq",
    "title": "价格走势",
    "description": "在前人的例子上做了修改，响应式尺寸，适用移动端，希望需要的朋友可以修改的更完美。",
    "latestVersion": 1,
    "alwaysLatest": 1,
    "createTime": "2017-08-29T12:04:27.000Z",
    "lastUpdateTime": "2017-08-29T12:04:27.000Z",
    "auth": 1,
    "uid": "bd-1645201494",
    "publishedVersion": 0,
    "forkFrom": "-",
    "isSpam": 0,
    "version": 1,
    "parentVersion": -1,
    "echartsVersion": "3.7.0",
    "versionCreateTime": "2017-08-29T12:04:27.000Z",
    "html": "",
    "externalScripts": "",
    "updaterUID": "bd-1645201494",
    "theme": "default",
    "layout": "",
    "viewCount": 943,
    "userName": "1047177958qq",
    "commentCount": 0,
    "starCount": 1,
    "isStared": 0,
    "thumbnailURL": "https://www.makeapie.com/ecg-storage/ec_gallery_thumbnail/xSJQIORGFW.png?v=1504008267219",
    "isCustomThumbnail": 0,
    "builtinTags": [
        "category-work",
        "dataZoom",
        "grid",
        "legend",
        "markLine",
        "markPoint",
        "series-bar",
        "series-line",
        "title",
        "tooltip"
    ],
    "customTags": [],
    "updaterUserName": "1047177958qq"
}