{
    "cid": "xSJzIAbnu-",
    "authorUid": "bd-1023526302",
    "authorUserName": "langzichanglu",
    "title": "多组柱状图",
    "description": "一个页面包含多个柱状图",
    "latestVersion": 1,
    "alwaysLatest": 1,
    "createTime": "2017-08-24T08:28:58.000Z",
    "lastUpdateTime": "2017-08-24T08:28:58.000Z",
    "auth": 2,
    "uid": "bd-1023526302",
    "publishedVersion": 0,
    "forkFrom": "-",
    "isSpam": 0,
    "version": 1,
    "parentVersion": -1,
    "echartsVersion": "3.7.0",
    "versionCreateTime": "2017-08-24T08:28:58.000Z",
    "html": "",
    "externalScripts": "",
    "updaterUID": "bd-1023526302",
    "theme": "",
    "layout": "",
    "viewCount": 330,
    "userName": "langzichanglu",
    "commentCount": 0,
    "starCount": 3,
    "isStared": 0,
    "thumbnailURL": "https://www.makeapie.com/ecg-storage/ec_gallery_thumbnail/xSJzIAbnu-.png?v=1503563338357",
    "isCustomThumbnail": 0,
    "builtinTags": [
        "category-work",
        "grid",
        "series-bar",
        "title",
        "tooltip"
    ],
    "customTags": [],
    "updaterUserName": "langzichanglu"
}