{
    "cid": "xSkeHwxSFZ",
    "authorUid": "bd-4029794386",
    "authorUserName": "木柉",
    "title": "异型漏斗组合",
    "description": "",
    "latestVersion": 2,
    "alwaysLatest": 1,
    "createTime": "2017-08-31T02:40:55.000Z",
    "lastUpdateTime": "2017-08-31T02:40:55.000Z",
    "auth": 2,
    "uid": "bd-4029794386",
    "publishedVersion": 0,
    "forkFrom": "-",
    "isSpam": 0,
    "version": 2,
    "parentVersion": 1,
    "echartsVersion": "3.7.1",
    "versionCreateTime": "2017-09-11T07:40:12.000Z",
    "html": "",
    "externalScripts": "",
    "updaterUID": "bd-4029794386",
    "theme": "",
    "layout": "",
    "viewCount": 902,
    "userName": "木柉",
    "commentCount": 0,
    "starCount": 1,
    "isStared": 0,
    "thumbnailURL": "https://www.makeapie.com/ecg-storage/ec_gallery_thumbnail/xSkeHwxSFZ.png?v=1505115612454",
    "isCustomThumbnail": 0,
    "builtinTags": [
        "category-work",
        "legend",
        "series-funnel",
        "tooltip"
    ],
    "customTags": [],
    "updaterUserName": "木柉"
}