{
    "cid": "xSyU9U8BtZ",
    "authorUid": "bd-2198586358",
    "authorUserName": "M***0",
    "title": "每日订单办结",
    "description": "订单每日办结量以及办结率",
    "latestVersion": 2,
    "alwaysLatest": 1,
    "createTime": "2017-08-31T09:27:41.000Z",
    "lastUpdateTime": "2017-08-31T09:27:41.000Z",
    "auth": 2,
    "uid": "bd-2198586358",
    "publishedVersion": 0,
    "forkFrom": "-",
    "isSpam": 0,
    "version": 2,
    "parentVersion": 1,
    "echartsVersion": "3.7.1",
    "versionCreateTime": "2017-09-01T07:33:01.000Z",
    "html": "",
    "externalScripts": "",
    "updaterUID": "bd-2198586358",
    "theme": "",
    "layout": "",
    "viewCount": 543,
    "userName": "M***0",
    "commentCount": 0,
    "starCount": 4,
    "isStared": 0,
    "thumbnailURL": "https://www.makeapie.com/ecg-storage/ec_gallery_thumbnail/xSyU9U8BtZ.png?v=1504251181166",
    "isCustomThumbnail": 0,
    "builtinTags": [
        "category-work",
        "grid",
        "legend",
        "series-bar",
        "series-line"
    ],
    "customTags": [
        "多种颜色折线图",
        "折线图",
        "柱状图",
        "率",
        "订单"
    ],
    "updaterUserName": "M***0"
}