{
    "cid": "x1HAuKVGDj",
    "authorUid": "bd-3827956332",
    "authorUserName": "吃***糖",
    "title": "自定义表格",
    "description": "",
    "latestVersion": 2,
    "alwaysLatest": 1,
    "createTime": "2019-09-04T07:21:08.000Z",
    "lastUpdateTime": "2019-09-04T07:21:08.000Z",
    "auth": 2,
    "uid": "bd-3827956332",
    "publishedVersion": 0,
    "forkFrom": "-",
    "isSpam": 0,
    "version": 2,
    "parentVersion": 1,
    "echartsVersion": "4.2.1",
    "versionCreateTime": "2019-09-16T02:39:34.000Z",
    "html": "",
    "externalScripts": "",
    "updaterUID": "bd-3827956332",
    "theme": "default",
    "layout": "",
    "viewCount": 661,
    "userName": "吃***糖",
    "commentCount": 0,
    "starCount": 2,
    "isStared": 0,
    "thumbnailURL": "https://www.makeapie.com/ecg-storage/ec_gallery_thumbnail/x1HAuKVGDj.png?v=1568601574292",
    "isCustomThumbnail": 0,
    "builtinTags": [
        "category-work",
        "grid",
        "series-heatmap",
        "series-scatter",
        "tooltip",
        "visualMap"
    ],
    "customTags": [],
    "updaterUserName": "吃***糖"
}