{
    "cid": "x2wVKxj8C-",
    "authorUid": "bd-4129269411",
    "authorUserName": "1***9",
    "title": "datazoon 动的数据图",
    "description": "",
    "latestVersion": 1,
    "alwaysLatest": 1,
    "createTime": "2019-09-04T06:33:27.000Z",
    "lastUpdateTime": "2019-09-04T06:33:27.000Z",
    "auth": 2,
    "uid": "bd-4129269411",
    "publishedVersion": 0,
    "forkFrom": "-",
    "isSpam": 0,
    "version": 1,
    "parentVersion": -1,
    "echartsVersion": "4.2.1",
    "versionCreateTime": "2019-09-04T06:33:27.000Z",
    "html": "",
    "externalScripts": "https://echarts.baidu.com/examples/vendors/echarts-gl/echarts-gl.js",
    "updaterUID": "bd-4129269411",
    "theme": "",
    "layout": "",
    "viewCount": 343,
    "userName": "1***9",
    "commentCount": 0,
    "starCount": 1,
    "isStared": 0,
    "thumbnailURL": "https://www.makeapie.com/ecg-storage/ec_gallery_thumbnail/x2wVKxj8C-.png?v=1567578807530",
    "isCustomThumbnail": 0,
    "builtinTags": [
        "category-work",
        "dataZoom",
        "grid",
        "series-line",
        "title",
        "toolbox",
        "tooltip"
    ],
    "customTags": [],
    "updaterUserName": "1***9"
}