{
    "cid": "x3YtRufgLq",
    "authorUid": "bd-2564071596",
    "authorUserName": "落***帅",
    "title": "路基工程完成数据",
    "description": "",
    "latestVersion": 1,
    "alwaysLatest": 1,
    "createTime": "2019-09-05T01:42:13.000Z",
    "lastUpdateTime": "2019-09-05T01:42:13.000Z",
    "auth": 2,
    "uid": "bd-2564071596",
    "publishedVersion": 0,
    "forkFrom": "-",
    "isSpam": 0,
    "version": 1,
    "parentVersion": -1,
    "echartsVersion": "4.2.1",
    "versionCreateTime": "2019-09-05T01:42:13.000Z",
    "html": "",
    "externalScripts": "",
    "updaterUID": "bd-2564071596",
    "theme": "",
    "layout": "",
    "viewCount": 251,
    "userName": "落***帅",
    "commentCount": 0,
    "starCount": 1,
    "isStared": 0,
    "thumbnailURL": "https://www.makeapie.com/ecg-storage/ec_gallery_thumbnail/x3YtRufgLq.png?v=1567647733932",
    "isCustomThumbnail": 0,
    "builtinTags": [
        "category-work",
        "grid",
        "legend",
        "series-bar",
        "series-line",
        "title",
        "toolbox",
        "tooltip"
    ],
    "customTags": [],
    "updaterUserName": "落***帅"
}