{
    "cid": "xa-hhtGbwW",
    "authorUid": "bd-2235327794",
    "authorUserName": "爱***野",
    "title": "月度排放情况（万吨）",
    "description": "多个线条展示",
    "latestVersion": 6,
    "alwaysLatest": 1,
    "createTime": "2019-09-04T07:01:09.000Z",
    "lastUpdateTime": "2019-09-04T07:01:09.000Z",
    "auth": 2,
    "uid": "bd-2235327794",
    "publishedVersion": 0,
    "forkFrom": "-",
    "isSpam": 0,
    "version": 6,
    "parentVersion": 5,
    "echartsVersion": "4.4.0",
    "versionCreateTime": "2019-11-21T07:32:42.000Z",
    "html": "",
    "externalScripts": "",
    "updaterUID": "bd-2235327794",
    "theme": "",
    "layout": "",
    "viewCount": 197,
    "userName": "爱***野",
    "commentCount": 0,
    "starCount": 3,
    "isStared": 0,
    "thumbnailURL": "https://www.makeapie.com/ecg-storage/ec_gallery_thumbnail/xa-hhtGbwW.png?v=1574321562633",
    "isCustomThumbnail": 0,
    "builtinTags": [
        "category-work",
        "grid",
        "legend",
        "series-bar",
        "tooltip"
    ],
    "customTags": [],
    "updaterUserName": "爱***野"
}