{
    "cid": "xDAkAPo76p",
    "authorUid": "bd-4129269411",
    "authorUserName": "1***9",
    "title": "大数据动态刷新",
    "description": "",
    "latestVersion": 1,
    "alwaysLatest": 1,
    "createTime": "2019-09-04T06:51:15.000Z",
    "lastUpdateTime": "2019-09-04T06:51:15.000Z",
    "auth": 2,
    "uid": "bd-4129269411",
    "publishedVersion": 0,
    "forkFrom": "-",
    "isSpam": 0,
    "version": 1,
    "parentVersion": -1,
    "echartsVersion": "4.2.1",
    "versionCreateTime": "2019-09-04T06:51:15.000Z",
    "html": "",
    "externalScripts": "",
    "updaterUID": "bd-4129269411",
    "theme": "",
    "layout": "",
    "viewCount": 122,
    "userName": "1***9",
    "commentCount": 0,
    "starCount": 1,
    "isStared": 0,
    "thumbnailURL": "https://www.makeapie.com/ecg-storage/ec_gallery_thumbnail/xDAkAPo76p.png?v=1567579876034",
    "isCustomThumbnail": 0,
    "builtinTags": [
        "category-work",
        "grid",
        "series-line",
        "title",
        "tooltip"
    ],
    "customTags": [],
    "updaterUserName": "1***9"
}