{
    "cid": "xeKgjhGh8y",
    "authorUid": "bd-620793932",
    "authorUserName": "y***9",
    "title": "地球",
    "description": "草稿",
    "latestVersion": 1,
    "alwaysLatest": 1,
    "createTime": "2019-09-04T02:58:44.000Z",
    "lastUpdateTime": "2019-09-04T02:58:44.000Z",
    "auth": 2,
    "uid": "bd-620793932",
    "publishedVersion": 0,
    "forkFrom": "-",
    "isSpam": 0,
    "version": 1,
    "parentVersion": -1,
    "echartsVersion": "4.2.1",
    "versionCreateTime": "2019-09-04T02:58:44.000Z",
    "html": "",
    "externalScripts": "/dep/echarts/map/js/china.js,/dep/echarts/map/js/world.js,https://echarts.baidu.com/resource/echarts-gl-latest/dist/echarts-gl.min.js",
    "updaterUID": "bd-620793932",
    "theme": "",
    "layout": "",
    "viewCount": 61,
    "userName": "y***9",
    "commentCount": 0,
    "starCount": 0,
    "isStared": 0,
    "thumbnailURL": "https://www.makeapie.com/ecg-storage/ec_gallery_thumbnail/xeKgjhGh8y.png?v=1567565924250",
    "isCustomThumbnail": 0,
    "builtinTags": [
        "category-work",
        "globe"
    ],
    "customTags": [],
    "updaterUserName": "y***9"
}