{
    "cid": "xkOfe6tKtX",
    "authorUid": "bd-1046063118",
    "authorUserName": "諝***臣",
    "title": "柱折混合",
    "description": "预测折线图为灰色虚线，预测柱图为灰色渐变",
    "latestVersion": 1,
    "alwaysLatest": 1,
    "createTime": "2019-09-04T07:57:21.000Z",
    "lastUpdateTime": "2019-09-04T07:57:21.000Z",
    "auth": 1,
    "uid": "bd-1046063118",
    "publishedVersion": 0,
    "forkFrom": "-",
    "isSpam": 0,
    "version": 1,
    "parentVersion": -1,
    "echartsVersion": "4.2.1",
    "versionCreateTime": "2019-09-04T07:57:21.000Z",
    "html": "",
    "externalScripts": "",
    "updaterUID": "bd-1046063118",
    "theme": "",
    "layout": "",
    "viewCount": 162,
    "userName": "諝***臣",
    "commentCount": 0,
    "starCount": 3,
    "isStared": 0,
    "thumbnailURL": "https://www.makeapie.com/ecg-storage/ec_gallery_thumbnail/xkOfe6tKtX.png?v=1567583841899",
    "isCustomThumbnail": 0,
    "builtinTags": [
        "category-work",
        "grid",
        "legend",
        "series-bar",
        "series-line"
    ],
    "customTags": [],
    "updaterUserName": "諝***臣"
}