{
    "cid": "xm_aUTfsq0",
    "authorUid": "bd-3154358575",
    "authorUserName": "a***5",
    "title": "补单售后单占比统计图",
    "description": "柱状图与饼图使用",
    "latestVersion": 10,
    "alwaysLatest": 1,
    "createTime": "2019-09-07T03:59:35.000Z",
    "lastUpdateTime": "2019-09-07T03:59:35.000Z",
    "auth": 2,
    "uid": "bd-3154358575",
    "publishedVersion": 0,
    "forkFrom": "-",
    "isSpam": 0,
    "version": 10,
    "parentVersion": 9,
    "echartsVersion": "4.2.1",
    "versionCreateTime": "2019-09-12T01:43:56.000Z",
    "html": "",
    "externalScripts": "",
    "updaterUID": "bd-3154358575",
    "theme": "",
    "layout": "",
    "viewCount": 254,
    "userName": "a***5",
    "commentCount": 0,
    "starCount": 4,
    "isStared": 0,
    "thumbnailURL": "https://www.makeapie.com/ecg-storage/ec_gallery_thumbnail/xm_aUTfsq0.png?v=1568252636728",
    "isCustomThumbnail": 0,
    "builtinTags": [
        "category-work",
        "grid",
        "series-bar",
        "series-pie",
        "title",
        "toolbox",
        "tooltip"
    ],
    "customTags": [
        "pie"
    ],
    "updaterUserName": "a***5"
}