{
    "cid": "xMXypONPCz",
    "authorUid": "bd-3171882417",
    "authorUserName": "s***c",
    "title": "Awesome Chart",
    "description": "",
    "latestVersion": 2,
    "alwaysLatest": 1,
    "createTime": "2019-09-06T12:14:46.000Z",
    "lastUpdateTime": "2019-09-06T12:14:46.000Z",
    "auth": 2,
    "uid": "bd-3171882417",
    "publishedVersion": 0,
    "forkFrom": "-",
    "isSpam": 0,
    "version": 2,
    "parentVersion": 1,
    "echartsVersion": "4.4.0",
    "versionCreateTime": "2019-11-05T08:31:16.000Z",
    "html": "",
    "externalScripts": "",
    "updaterUID": "bd-3171882417",
    "theme": "",
    "layout": "",
    "viewCount": 26,
    "userName": "s***c",
    "commentCount": 0,
    "starCount": 0,
    "isStared": 0,
    "thumbnailURL": "https://www.makeapie.com/ecg-storage/ec_gallery_thumbnail/xMXypONPCz.png?v=1572942676663",
    "isCustomThumbnail": 0,
    "builtinTags": [
        "category-work"
    ],
    "customTags": [],
    "updaterUserName": "s***c"
}