{
    "cid": "xPuaZW4iVK",
    "authorUid": "bd-696783921",
    "authorUserName": "n***人",
    "title": "中华人民共和国舆图",
    "description": "复古色舆图",
    "latestVersion": 4,
    "alwaysLatest": 1,
    "createTime": "2019-09-04T10:01:26.000Z",
    "lastUpdateTime": "2019-09-06T07:03:03.000Z",
    "auth": 2,
    "uid": "bd-696783921",
    "publishedVersion": 0,
    "forkFrom": "-",
    "isSpam": 0,
    "version": 4,
    "parentVersion": 3,
    "echartsVersion": "4.2.1",
    "versionCreateTime": "2019-09-08T09:40:40.000Z",
    "html": "",
    "externalScripts": "https://echarts.baidu.com/resource/echarts-gl-latest/dist/echarts-gl.min.js",
    "updaterUID": "bd-696783921",
    "theme": "default",
    "layout": "",
    "viewCount": 196997,
    "userName": "n***人",
    "commentCount": 0,
    "starCount": 2,
    "isStared": 0,
    "thumbnailURL": "https://www.makeapie.com/ecg-storage/ec_gallery_thumbnail/xPuaZW4iVK.png?v=1567753384830",
    "isCustomThumbnail": 1,
    "builtinTags": [
        "category-work",
        "geo3D",
        "title"
    ],
    "customTags": [],
    "updaterUserName": "n***人"
}