{
    "cid": "xqcohITwBV",
    "authorUid": "bd-2990612421",
    "authorUserName": "大***4",
    "title": "地球透明",
    "description": "地球透明",
    "latestVersion": 2,
    "alwaysLatest": 1,
    "createTime": "2019-09-04T09:05:10.000Z",
    "lastUpdateTime": "2019-09-04T09:05:10.000Z",
    "auth": 2,
    "uid": "bd-2990612421",
    "publishedVersion": 0,
    "forkFrom": "-",
    "isSpam": 0,
    "version": 2,
    "parentVersion": 1,
    "echartsVersion": "4.2.1",
    "versionCreateTime": "2019-09-04T09:06:01.000Z",
    "html": "",
    "externalScripts": "https://echarts.baidu.com/resource/echarts-gl-latest/dist/echarts-gl.min.js",
    "updaterUID": "bd-2990612421",
    "theme": "",
    "layout": "",
    "viewCount": 97,
    "userName": "大***4",
    "commentCount": 1,
    "starCount": 0,
    "isStared": 0,
    "thumbnailURL": "https://www.makeapie.com/ecg-storage/ec_gallery_thumbnail/xqcohITwBV.png?v=1567587961664",
    "isCustomThumbnail": 0,
    "builtinTags": [
        "category-work",
        "globe",
        "series-scatter3D",
        "visualMap"
    ],
    "customTags": [],
    "updaterUserName": "大***4"
}