{
    "cid": "xWSRCcE-Kb",
    "authorUid": "bd-1631648030",
    "authorUserName": "鈽***鈩",
    "title": "克隆作品1 -- 3D地图 - bar3D、scatter3D",
    "description": "copy",
    "latestVersion": 1,
    "alwaysLatest": 1,
    "createTime": "2019-09-05T07:51:12.000Z",
    "lastUpdateTime": "2019-09-05T07:51:12.000Z",
    "auth": 2,
    "uid": "bd-1631648030",
    "publishedVersion": 0,
    "forkFrom": "-",
    "isSpam": 0,
    "version": 1,
    "parentVersion": -1,
    "echartsVersion": "4.2.1",
    "versionCreateTime": "2019-09-05T07:51:12.000Z",
    "html": "",
    "externalScripts": "https://echarts.baidu.com/resource/echarts-gl-latest/dist/echarts-gl.min.js,/dep/echarts/map/js/china.js",
    "updaterUID": "bd-1631648030",
    "theme": "",
    "layout": "",
    "viewCount": 490,
    "userName": "鈽***鈩",
    "commentCount": 0,
    "starCount": 1,
    "isStared": 0,
    "thumbnailURL": "https://www.makeapie.com/ecg-storage/ec_gallery_thumbnail/xWSRCcE-Kb.png?v=1567669872984",
    "isCustomThumbnail": 1,
    "builtinTags": [
        "category-work",
        "geo3D",
        "series-bar3D",
        "series-lines3D",
        "series-scatter3D",
        "title",
        "tooltip",
        "visualMap"
    ],
    "customTags": [],
    "updaterUserName": "鈽***鈩"
}