{
    "cid": "xXmfowRo7w",
    "authorUid": "bd-2235327794",
    "authorUserName": "爱***野",
    "title": "年度排放情况",
    "description": "标题的渐变",
    "latestVersion": 7,
    "alwaysLatest": 1,
    "createTime": "2019-09-04T04:06:45.000Z",
    "lastUpdateTime": "2019-09-04T04:06:45.000Z",
    "auth": 2,
    "uid": "bd-2235327794",
    "publishedVersion": 0,
    "forkFrom": "-",
    "isSpam": 0,
    "version": 7,
    "parentVersion": 6,
    "echartsVersion": "4.8.0",
    "versionCreateTime": "2020-10-19T10:08:13.000Z",
    "html": "",
    "externalScripts": "",
    "updaterUID": "bd-2235327794",
    "theme": "",
    "layout": "",
    "viewCount": 44,
    "userName": "爱***野",
    "commentCount": 0,
    "starCount": 0,
    "isStared": 0,
    "thumbnailURL": "https://www.makeapie.com/ecg-storage/ec_gallery_thumbnail/xXmfowRo7w.png?v=1603102093265",
    "isCustomThumbnail": 0,
    "builtinTags": [
        "category-work",
        "grid",
        "series-bar",
        "title",
        "tooltip"
    ],
    "customTags": [],
    "updaterUserName": "爱***野"
}