{
    "cid": "xyfyz1MNwR",
    "authorUid": "bd-2564071596",
    "authorUserName": "落***帅",
    "title": "控制性工程完成情况",
    "description": "百分比(%)",
    "latestVersion": 2,
    "alwaysLatest": 1,
    "createTime": "2019-09-04T06:45:26.000Z",
    "lastUpdateTime": "2019-09-04T06:45:26.000Z",
    "auth": 2,
    "uid": "bd-2564071596",
    "publishedVersion": 0,
    "forkFrom": "-",
    "isSpam": 0,
    "version": 2,
    "parentVersion": 1,
    "echartsVersion": "4.2.1",
    "versionCreateTime": "2019-09-05T09:47:23.000Z",
    "html": "",
    "externalScripts": "",
    "updaterUID": "bd-2564071596",
    "theme": "",
    "layout": "",
    "viewCount": 130,
    "userName": "落***帅",
    "commentCount": 0,
    "starCount": 0,
    "isStared": 0,
    "thumbnailURL": "https://www.makeapie.com/ecg-storage/ec_gallery_thumbnail/xyfyz1MNwR.png?v=1567676843187",
    "isCustomThumbnail": 0,
    "builtinTags": [
        "category-work",
        "grid",
        "series-bar",
        "title",
        "tooltip"
    ],
    "customTags": [],
    "updaterUserName": "落***帅"
}