{
    "cid": "scatter-life-expectancy-timeline",
    "authorUid": "bd-2135947294",
    "authorUserName": "echarts",
    "title": "Life Expectancy",
    "description": "",
    "latestVersion": 1,
    "alwaysLatest": 1,
    "createTime": "2016-04-25T08:38:07.000Z",
    "lastUpdateTime": "2016-04-25T08:38:07.000Z",
    "auth": 2,
    "uid": "bd-2135947294",
    "publishedVersion": 0,
    "forkFrom": "-",
    "isSpam": 0,
    "version": 1,
    "parentVersion": -1,
    "echartsVersion": "3.1.6",
    "versionCreateTime": "2016-04-25T08:38:07.000Z",
    "html": "",
    "externalScripts": "",
    "updaterUID": "bd-2135947294",
    "theme": "default",
    "layout": "",
    "viewCount": 7897,
    "userName": "echarts",
    "commentCount": 2,
    "starCount": 36,
    "isStared": 0,
    "thumbnailURL": "https://www.makeapie.com/ecg-storage/ec_gallery_thumbnail/scatter-life-expectancy-timeline.png?v=1461573488252",
    "isCustomThumbnail": 0,
    "builtinTags": [
        "category-work",
        "grid",
        "series-scatter",
        "timeline",
        "title",
        "tooltip",
        "visualMap"
    ],
    "customTags": [],
    "updaterUserName": "echarts"
}