{
    "cid": "scatter-anscombe-quartet",
    "authorUid": "bd-2135947294",
    "authorUserName": "echarts",
    "title": "Anscombe's quartet",
    "description": "安斯库姆四重奏，单个图表实例中多个 grid 组件示例",
    "latestVersion": 2,
    "alwaysLatest": 1,
    "createTime": "2016-04-25T08:16:28.000Z",
    "lastUpdateTime": "2016-04-25T08:16:28.000Z",
    "auth": 2,
    "uid": "bd-2135947294",
    "publishedVersion": 0,
    "forkFrom": "-",
    "isSpam": 0,
    "version": 2,
    "parentVersion": 1,
    "echartsVersion": "3.1.6",
    "versionCreateTime": "2016-04-27T08:21:01.000Z",
    "html": "",
    "externalScripts": "",
    "updaterUID": "bd-2135947294",
    "theme": "default",
    "layout": "",
    "viewCount": 2648,
    "userName": "echarts",
    "commentCount": 0,
    "starCount": 4,
    "isStared": 0,
    "thumbnailURL": "https://www.makeapie.com/ecg-storage/ec_gallery_thumbnail/scatter-anscombe-quartet.png?v=1461745261788",
    "isCustomThumbnail": 0,
    "builtinTags": [
        "category-work",
        "grid",
        "scatter",
        "title",
        "tooltip"
    ],
    "customTags": [],
    "updaterUserName": "echarts"
}