{
    "cid": "treemap-obama",
    "authorUid": "bd-2135947294",
    "authorUserName": "echarts",
    "title": "How $3.7 Trillion is Spent",
    "description": "面积表达经费量值，切换图例\"2012Budget\"和\"Growth\"可看出使用明暗度表达增长率高低。",
    "latestVersion": 1,
    "alwaysLatest": 1,
    "createTime": "2016-04-25T08:36:11.000Z",
    "lastUpdateTime": "2016-04-25T11:56:04.000Z",
    "auth": 2,
    "uid": "bd-2135947294",
    "publishedVersion": 0,
    "forkFrom": "-",
    "isSpam": 0,
    "version": 1,
    "parentVersion": -1,
    "echartsVersion": "3.1.6",
    "versionCreateTime": "2016-04-25T08:36:11.000Z",
    "html": "",
    "externalScripts": "",
    "updaterUID": "bd-2135947294",
    "theme": "default",
    "layout": "",
    "viewCount": 3902,
    "userName": "echarts",
    "commentCount": 0,
    "starCount": 5,
    "isStared": 0,
    "thumbnailURL": "https://www.makeapie.com/ecg-storage/ec_gallery_thumbnail/treemap-obama.png?v=1461573371580",
    "isCustomThumbnail": 0,
    "builtinTags": [
        "category-work",
        "legend",
        "series-treemap",
        "title",
        "tooltip"
    ],
    "customTags": [],
    "updaterUserName": "echarts"
}