{
    "cid": "treemap-disk",
    "authorUid": "bd-2135947294",
    "authorUserName": "echarts",
    "title": "Disk Usage",
    "description": "矩形树图（Treemap）：使用面积表达磁盘空间大小",
    "latestVersion": 1,
    "alwaysLatest": 1,
    "createTime": "2016-04-25T08:18:25.000Z",
    "lastUpdateTime": "2016-04-25T11:57:38.000Z",
    "auth": 2,
    "uid": "bd-2135947294",
    "publishedVersion": 0,
    "forkFrom": "-",
    "isSpam": 0,
    "version": 1,
    "parentVersion": -1,
    "echartsVersion": "3.1.6",
    "versionCreateTime": "2016-04-25T08:18:25.000Z",
    "html": "",
    "externalScripts": "",
    "updaterUID": "bd-2135947294",
    "theme": "default",
    "layout": "",
    "viewCount": 7045,
    "userName": "echarts",
    "commentCount": 0,
    "starCount": 6,
    "isStared": 0,
    "thumbnailURL": "https://www.makeapie.com/ecg-storage/ec_gallery_thumbnail/treemap-disk.png?v=1461572306364",
    "isCustomThumbnail": 0,
    "builtinTags": [
        "category-work",
        "series-treemap",
        "title",
        "tooltip"
    ],
    "customTags": [],
    "updaterUserName": "echarts"
}