{
    "cid": "xB1hv2M0w",
    "authorUid": "bd-1124677796",
    "authorUserName": "c***t",
    "title": "Line Area 渐变，透明度渐变",
    "description": "本作品基于EC3.2.0，修改部分源代码",
    "latestVersion": 1,
    "alwaysLatest": 1,
    "createTime": "2016-07-21T09:56:51.000Z",
    "lastUpdateTime": "2016-07-22T10:44:45.000Z",
    "auth": 2,
    "uid": "bd-1124677796",
    "publishedVersion": 0,
    "forkFrom": "-",
    "isSpam": 0,
    "version": 1,
    "parentVersion": -1,
    "echartsVersion": "3.2.0",
    "versionCreateTime": "2016-07-21T09:56:51.000Z",
    "html": "",
    "externalScripts": "http://www.cmono.net/ec/echarts.js,http://www.cmono.net/ec/echartsConfig.js,http://www.cmono.net/ec/ext.js",
    "updaterUID": "bd-1124677796",
    "theme": "default",
    "layout": "",
    "viewCount": 1652,
    "userName": "c***t",
    "commentCount": 0,
    "starCount": 7,
    "isStared": 0,
    "thumbnailURL": "https://www.makeapie.com/ecg-storage/ec_gallery_thumbnail/xB1hv2M0w.png?v=1469095011944",
    "isCustomThumbnail": 0,
    "builtinTags": [
        "category-work",
        "grid",
        "legend",
        "series-line",
        "title",
        "toolbox",
        "tooltip"
    ],
    "customTags": [],
    "updaterUserName": "c***t"
}