{
    "cid": "xBJ-5qzRP",
    "authorUid": "bd-1124677796",
    "authorUserName": "c***t",
    "title": "折线图动态及渐变",
    "description": "本作品基于EC3.2.0，修改部分源代码",
    "latestVersion": 1,
    "alwaysLatest": 1,
    "createTime": "2016-07-21T09:48:57.000Z",
    "lastUpdateTime": "2016-07-22T10:45:03.000Z",
    "auth": 2,
    "uid": "bd-1124677796",
    "publishedVersion": 0,
    "forkFrom": "-",
    "isSpam": 0,
    "version": 1,
    "parentVersion": -1,
    "echartsVersion": "3.2.0",
    "versionCreateTime": "2016-07-21T09:48:57.000Z",
    "html": "",
    "externalScripts": "http://www.cmono.net/ec/echarts.js,http://www.cmono.net/ec/echartsConfig.js,http://www.cmono.net/ec/ext.js",
    "updaterUID": "bd-1124677796",
    "theme": "default",
    "layout": "",
    "viewCount": 2335,
    "userName": "c***t",
    "commentCount": 1,
    "starCount": 11,
    "isStared": 0,
    "thumbnailURL": "https://www.makeapie.com/ecg-storage/ec_gallery_thumbnail/xBJ-5qzRP.png?v=1469094537570",
    "isCustomThumbnail": 0,
    "builtinTags": [
        "category-work",
        "grid",
        "legend",
        "series-line",
        "series-lines",
        "title",
        "toolbox",
        "tooltip"
    ],
    "customTags": [],
    "updaterUserName": "c***t"
}