{
    "cid": "xBJNGdvgd",
    "authorUid": "bd-1124677796",
    "authorUserName": "c***t",
    "title": "数据为空移至头或尾",
    "description": "",
    "latestVersion": 2,
    "alwaysLatest": 1,
    "createTime": "2016-07-23T03:44:12.000Z",
    "lastUpdateTime": "2016-07-23T03:44:12.000Z",
    "auth": 2,
    "uid": "bd-1124677796",
    "publishedVersion": 0,
    "forkFrom": "-",
    "isSpam": 0,
    "version": 2,
    "parentVersion": 1,
    "echartsVersion": "3.2.0",
    "versionCreateTime": "2016-07-23T03:46:28.000Z",
    "html": "",
    "externalScripts": "http://www.cmono.net/ec/echarts.js,http://www.cmono.net/ec/echartsConfig.js",
    "updaterUID": "bd-1124677796",
    "theme": "vintage",
    "layout": "",
    "viewCount": 612,
    "userName": "c***t",
    "commentCount": 0,
    "starCount": 2,
    "isStared": 0,
    "thumbnailURL": "https://www.makeapie.com/ecg-storage/ec_gallery_thumbnail/xBJNGdvgd.png?v=1469245588973",
    "isCustomThumbnail": 0,
    "builtinTags": [
        "category-work",
        "grid",
        "legend",
        "series-bar",
        "toolbox",
        "tooltip"
    ],
    "customTags": [],
    "updaterUserName": "c***t"
}