{
    "cid": "xHk6NFXCw",
    "authorUid": "bd-1124677796",
    "authorUserName": "c***t",
    "title": "线图分段显示 VisualMap",
    "description": "本作品基于EC3.2.0，修改部分源代码",
    "latestVersion": 6,
    "alwaysLatest": 1,
    "createTime": "2016-07-21T10:51:32.000Z",
    "lastUpdateTime": "2016-07-22T10:45:34.000Z",
    "auth": 2,
    "uid": "bd-1124677796",
    "publishedVersion": 0,
    "forkFrom": "-",
    "isSpam": 0,
    "version": 6,
    "parentVersion": 5,
    "echartsVersion": "3.2.0",
    "versionCreateTime": "2016-07-26T00:44:56.000Z",
    "html": "",
    "externalScripts": "http://www.cmono.net/ec/echarts.js,http://www.cmono.net/ec/echartsConfig.js,http://www.cmono.net/ec/ext.js,http://www.cmono.net/ec/ovilia-green-theme.js",
    "updaterUID": "bd-1124677796",
    "theme": "default",
    "layout": "",
    "viewCount": 1439,
    "userName": "c***t",
    "commentCount": 0,
    "starCount": 6,
    "isStared": 0,
    "thumbnailURL": "https://www.makeapie.com/ecg-storage/ec_gallery_thumbnail/xHk6NFXCw.png?v=1469493896967",
    "isCustomThumbnail": 0,
    "builtinTags": [
        "category-work",
        "grid",
        "series-line",
        "toolbox",
        "tooltip",
        "visualMap"
    ],
    "customTags": [],
    "updaterUserName": "c***t"
}