{
    "cid": "xrk8JDvx_",
    "authorUid": "bd-1124677796",
    "authorUserName": "c***t",
    "title": "正负轴+折线图   ",
    "description": "正负轴+折线图 \n ",
    "latestVersion": 2,
    "alwaysLatest": 1,
    "createTime": "2016-07-23T03:39:10.000Z",
    "lastUpdateTime": "2016-07-23T03:40:22.000Z",
    "auth": 2,
    "uid": "bd-1124677796",
    "publishedVersion": 0,
    "forkFrom": "-",
    "isSpam": 0,
    "version": 2,
    "parentVersion": 1,
    "echartsVersion": "3.2.0",
    "versionCreateTime": "2016-07-23T03:41:52.000Z",
    "html": "",
    "externalScripts": "http://www.cmono.net/ec/echarts.js,http://www.cmono.net/ec/echartsConfig.js",
    "updaterUID": "bd-1124677796",
    "theme": "vintage",
    "layout": "",
    "viewCount": 639,
    "userName": "c***t",
    "commentCount": 0,
    "starCount": 1,
    "isStared": 0,
    "thumbnailURL": "https://www.makeapie.com/ecg-storage/ec_gallery_thumbnail/xrk8JDvx_.png?v=1469245312361",
    "isCustomThumbnail": 0,
    "builtinTags": [
        "category-work",
        "grid",
        "series-bar",
        "series-line",
        "title",
        "toolbox",
        "tooltip"
    ],
    "customTags": [],
    "updaterUserName": "c***t"
}