{
    "cid": "xryoMJV0v",
    "authorUid": "bd-1124677796",
    "authorUserName": "c***t",
    "title": "饼图带分隔",
    "description": "本作品基于EC3.2.0，修改部分源代码",
    "latestVersion": 1,
    "alwaysLatest": 1,
    "createTime": "2016-07-21T11:16:35.000Z",
    "lastUpdateTime": "2016-07-22T10:46:25.000Z",
    "auth": 2,
    "uid": "bd-1124677796",
    "publishedVersion": 0,
    "forkFrom": "-",
    "isSpam": 0,
    "version": 1,
    "parentVersion": -1,
    "echartsVersion": "3.2.0",
    "versionCreateTime": "2016-07-21T11:16:35.000Z",
    "html": "",
    "externalScripts": "http://www.cmono.net/ec/echarts.js,http://www.cmono.net/ec/echartsConfig.js,http://www.cmono.net/ec/ext.js",
    "updaterUID": "bd-1124677796",
    "theme": "default",
    "layout": "",
    "viewCount": 3761,
    "userName": "c***t",
    "commentCount": 1,
    "starCount": 3,
    "isStared": 0,
    "thumbnailURL": "https://www.makeapie.com/ecg-storage/ec_gallery_thumbnail/xryoMJV0v.png?v=1469099795274",
    "isCustomThumbnail": 0,
    "builtinTags": [
        "category-work",
        "legend",
        "series-pie",
        "title",
        "toolbox",
        "tooltip"
    ],
    "customTags": [],
    "updaterUserName": "c***t"
}