{
    "cid": "xSJauVDe_",
    "authorUid": "bd-1124677796",
    "authorUserName": "c***t",
    "title": "自定义显示省份",
    "description": "基于EC 3.2.0",
    "latestVersion": 3,
    "alwaysLatest": 1,
    "createTime": "2016-07-23T03:28:52.000Z",
    "lastUpdateTime": "2016-07-23T03:28:52.000Z",
    "auth": 2,
    "uid": "bd-1124677796",
    "publishedVersion": 0,
    "forkFrom": "-",
    "isSpam": 0,
    "version": 3,
    "parentVersion": 2,
    "echartsVersion": "3.2.0",
    "versionCreateTime": "2016-08-10T02:24:06.000Z",
    "html": "",
    "externalScripts": "http://www.cmono.net/ec/echarts.js,http://www.cmono.net/ec/echartsConfig.js,/dep/echarts/map/js/china.js",
    "updaterUID": "bd-1124677796",
    "theme": "vintage",
    "layout": "",
    "viewCount": 5050,
    "userName": "c***t",
    "commentCount": 0,
    "starCount": 8,
    "isStared": 0,
    "thumbnailURL": "https://www.makeapie.com/ecg-storage/ec_gallery_thumbnail/xSJauVDe_.png?v=1470795846683",
    "isCustomThumbnail": 0,
    "builtinTags": [
        "category-work",
        "series-map",
        "toolbox",
        "tooltip"
    ],
    "customTags": [],
    "updaterUserName": "c***t"
}