{
    "cid": "xB1Y0UNrWM",
    "authorUid": "bd-3942981524",
    "authorUserName": "dellazhoujin",
    "title": "中央委员背景统计",
    "description": "",
    "latestVersion": 1,
    "alwaysLatest": 1,
    "createTime": "2017-12-06T09:22:24.000Z",
    "lastUpdateTime": "2017-12-06T09:22:24.000Z",
    "auth": 2,
    "uid": "bd-3942981524",
    "publishedVersion": 0,
    "forkFrom": "-",
    "isSpam": 0,
    "version": 1,
    "parentVersion": -1,
    "echartsVersion": "3.8.0",
    "versionCreateTime": "2017-12-06T09:22:24.000Z",
    "html": "",
    "externalScripts": "",
    "updaterUID": "bd-3942981524",
    "theme": "",
    "layout": "",
    "viewCount": 758,
    "userName": "dellazhoujin",
    "commentCount": 0,
    "starCount": 2,
    "isStared": 0,
    "thumbnailURL": "https://www.makeapie.com/ecg-storage/ec_gallery_thumbnail/xB1Y0UNrWM.png?v=1512552144772",
    "isCustomThumbnail": 0,
    "builtinTags": [
        "category-work",
        "legend",
        "series-pie",
        "title",
        "toolbox",
        "tooltip"
    ],
    "customTags": [],
    "updaterUserName": "dellazhoujin"
}