{
    "cid": "xBJiBH1BWz",
    "authorUid": "bd-2310194360",
    "authorUserName": "A***3",
    "title": "Aaron's Miserables",
    "description": "Circular layout",
    "latestVersion": 1,
    "alwaysLatest": 1,
    "createTime": "2017-12-06T03:34:26.000Z",
    "lastUpdateTime": "2017-12-06T03:34:26.000Z",
    "auth": 2,
    "uid": "bd-2310194360",
    "publishedVersion": 0,
    "forkFrom": "-",
    "isSpam": 0,
    "version": 1,
    "parentVersion": -1,
    "echartsVersion": "3.8.0",
    "versionCreateTime": "2017-12-06T03:34:26.000Z",
    "html": "",
    "externalScripts": "",
    "updaterUID": "bd-2310194360",
    "theme": "",
    "layout": "",
    "viewCount": 1799,
    "userName": "A***3",
    "commentCount": 2,
    "starCount": 5,
    "isStared": 0,
    "thumbnailURL": "https://www.makeapie.com/ecg-storage/ec_gallery_thumbnail/xBJiBH1BWz.png?v=1512531266905",
    "isCustomThumbnail": 0,
    "builtinTags": [
        "category-work",
        "legend",
        "series-graph",
        "title",
        "tooltip"
    ],
    "customTags": [],
    "updaterUserName": "A***3"
}