{
    "cid": "xBkaEdY7-f",
    "authorUid": "bd-2524667103",
    "authorUserName": "海狸吃鱼",
    "title": "交错正负轴标签",
    "description": "From ExcelHome",
    "latestVersion": 1,
    "alwaysLatest": 1,
    "createTime": "2017-12-05T02:45:09.000Z",
    "lastUpdateTime": "2017-12-05T02:45:09.000Z",
    "auth": 2,
    "uid": "bd-2524667103",
    "publishedVersion": 0,
    "forkFrom": "-",
    "isSpam": 0,
    "version": 1,
    "parentVersion": -1,
    "echartsVersion": "3.8.0",
    "versionCreateTime": "2017-12-05T02:45:09.000Z",
    "html": "",
    "externalScripts": "",
    "updaterUID": "bd-2524667103",
    "theme": "",
    "layout": "",
    "viewCount": 241,
    "userName": "海狸吃鱼",
    "commentCount": 0,
    "starCount": 0,
    "isStared": 0,
    "thumbnailURL": "https://www.makeapie.com/ecg-storage/ec_gallery_thumbnail/xBkaEdY7-f.png?v=1512441909525",
    "isCustomThumbnail": 0,
    "builtinTags": [
        "category-work",
        "grid",
        "series-bar",
        "title",
        "tooltip"
    ],
    "customTags": [],
    "updaterUserName": "海狸吃鱼"
}