{
    "cid": "xByI5YJVZz",
    "authorUid": "bd-353284695",
    "authorUserName": "猫仔乔",
    "title": "柱状图动画延迟",
    "description": "",
    "latestVersion": 1,
    "alwaysLatest": 1,
    "createTime": "2017-12-05T09:40:30.000Z",
    "lastUpdateTime": "2017-12-05T09:40:30.000Z",
    "auth": 2,
    "uid": "bd-353284695",
    "publishedVersion": 0,
    "forkFrom": "-",
    "isSpam": 0,
    "version": 1,
    "parentVersion": -1,
    "echartsVersion": "3.8.0",
    "versionCreateTime": "2017-12-05T09:40:30.000Z",
    "html": "",
    "externalScripts": "",
    "updaterUID": "bd-353284695",
    "theme": "",
    "layout": "",
    "viewCount": 468,
    "userName": "猫仔乔",
    "commentCount": 0,
    "starCount": 1,
    "isStared": 0,
    "thumbnailURL": "https://www.makeapie.com/ecg-storage/ec_gallery_thumbnail/xByI5YJVZz.png?v=1512466830315",
    "isCustomThumbnail": 0,
    "builtinTags": [
        "category-work",
        "dataZoom",
        "grid",
        "legend",
        "series-bar",
        "title",
        "toolbox",
        "tooltip"
    ],
    "customTags": [],
    "updaterUserName": "猫仔乔"
}