{
    "cid": "xByTf0SH-z",
    "authorUid": "bd-67120156",
    "authorUserName": "狼啸巅峰",
    "title": "中央委员的教育迁徙",
    "description": "",
    "latestVersion": 1,
    "alwaysLatest": 1,
    "createTime": "2017-12-06T11:01:41.000Z",
    "lastUpdateTime": "2017-12-06T11:01:41.000Z",
    "auth": 2,
    "uid": "bd-67120156",
    "publishedVersion": 0,
    "forkFrom": "-",
    "isSpam": 0,
    "version": 1,
    "parentVersion": -1,
    "echartsVersion": "3.8.0",
    "versionCreateTime": "2017-12-06T11:01:41.000Z",
    "html": "",
    "externalScripts": "/dep/echarts/map/js/china.js",
    "updaterUID": "bd-67120156",
    "theme": "",
    "layout": "",
    "viewCount": 6736,
    "userName": "狼啸巅峰",
    "commentCount": 0,
    "starCount": 15,
    "isStared": 0,
    "thumbnailURL": "https://www.makeapie.com/ecg-storage/ec_gallery_thumbnail/xByTf0SH-z.png?v=1512558101610",
    "isCustomThumbnail": 0,
    "builtinTags": [
        "category-work",
        "geo",
        "legend",
        "series-effectScatter",
        "series-lines",
        "title",
        "toolbox"
    ],
    "customTags": [],
    "updaterUserName": "狼啸巅峰"
}