{
    "cid": "xByu3cXVZM",
    "authorUid": "bd-356379724",
    "authorUserName": "爱ROM_Crazy",
    "title": "浙江省各市GDP",
    "description": "",
    "latestVersion": 1,
    "alwaysLatest": 1,
    "createTime": "2017-12-05T14:18:23.000Z",
    "lastUpdateTime": "2017-12-05T14:18:42.000Z",
    "auth": 2,
    "uid": "bd-356379724",
    "publishedVersion": 0,
    "forkFrom": "-",
    "isSpam": 0,
    "version": 1,
    "parentVersion": -1,
    "echartsVersion": "3.8.0",
    "versionCreateTime": "2017-12-05T14:18:23.000Z",
    "html": "",
    "externalScripts": "",
    "updaterUID": "bd-356379724",
    "theme": "dark",
    "layout": "",
    "viewCount": 234,
    "userName": "爱ROM_Crazy",
    "commentCount": 0,
    "starCount": 2,
    "isStared": 0,
    "thumbnailURL": "https://www.makeapie.com/ecg-storage/ec_gallery_thumbnail/xByu3cXVZM.png?v=1512483504060",
    "isCustomThumbnail": 0,
    "builtinTags": [],
    "customTags": [],
    "updaterUserName": "爱ROM_Crazy"
}