{
    "cid": "xrJJa4kHZz",
    "authorUid": "bd-3053556045",
    "authorUserName": "漫步天空199",
    "title": "中央委员毕业院校",
    "description": "",
    "latestVersion": 1,
    "alwaysLatest": 1,
    "createTime": "2017-12-06T03:32:06.000Z",
    "lastUpdateTime": "2017-12-06T03:32:06.000Z",
    "auth": 2,
    "uid": "bd-3053556045",
    "publishedVersion": 0,
    "forkFrom": "-",
    "isSpam": 0,
    "version": 1,
    "parentVersion": -1,
    "echartsVersion": "3.8.0",
    "versionCreateTime": "2017-12-06T03:32:06.000Z",
    "html": "",
    "externalScripts": "/dep/echarts/map/js/china.js",
    "updaterUID": "bd-3053556045",
    "theme": "",
    "layout": "",
    "viewCount": 90,
    "userName": "漫步天空199",
    "commentCount": 0,
    "starCount": 0,
    "isStared": 0,
    "thumbnailURL": "https://www.makeapie.com/ecg-storage/ec_gallery_thumbnail/xrJJa4kHZz.png?v=1512531126992",
    "isCustomThumbnail": 0,
    "builtinTags": [
        "category-work",
        "geo",
        "series-effectScatter",
        "title",
        "visualMap"
    ],
    "customTags": [],
    "updaterUserName": "漫步天空199"
}