{
    "cid": "xryfz8rVbf",
    "authorUid": "bd-67120156",
    "authorUserName": "狼啸巅峰",
    "title": "中央委员就学图",
    "description": "",
    "latestVersion": 3,
    "alwaysLatest": 1,
    "createTime": "2017-12-05T16:15:06.000Z",
    "lastUpdateTime": "2017-12-05T16:15:06.000Z",
    "auth": 2,
    "uid": "bd-67120156",
    "publishedVersion": 0,
    "forkFrom": "-",
    "isSpam": 0,
    "version": 3,
    "parentVersion": 2,
    "echartsVersion": "3.8.0",
    "versionCreateTime": "2017-12-06T11:00:23.000Z",
    "html": "",
    "externalScripts": "/dep/echarts/map/js/china.js",
    "updaterUID": "bd-67120156",
    "theme": "",
    "layout": "",
    "viewCount": 928,
    "userName": "狼啸巅峰",
    "commentCount": 0,
    "starCount": 1,
    "isStared": 0,
    "thumbnailURL": "https://www.makeapie.com/ecg-storage/ec_gallery_thumbnail/xryfz8rVbf.png?v=1512558023480",
    "isCustomThumbnail": 0,
    "builtinTags": [
        "category-work",
        "geo",
        "series-effectScatter",
        "title",
        "toolbox",
        "visualMap"
    ],
    "customTags": [],
    "updaterUserName": "狼啸巅峰"
}