{
    "cid": "xryWDNfI-z",
    "authorUid": "bd-1799079665",
    "authorUserName": "188******13",
    "title": "Customized Pie",
    "description": "",
    "latestVersion": 2,
    "alwaysLatest": 1,
    "createTime": "2017-12-07T01:07:36.000Z",
    "lastUpdateTime": "2017-12-07T01:07:36.000Z",
    "auth": 2,
    "uid": "bd-1799079665",
    "publishedVersion": 0,
    "forkFrom": "-",
    "isSpam": 0,
    "version": 2,
    "parentVersion": 1,
    "echartsVersion": "3.8.0",
    "versionCreateTime": "2017-12-14T00:53:22.000Z",
    "html": "",
    "externalScripts": "",
    "updaterUID": "bd-1799079665",
    "theme": "",
    "layout": "",
    "viewCount": 49,
    "userName": "188******13",
    "commentCount": 0,
    "starCount": 0,
    "isStared": 0,
    "thumbnailURL": "https://www.makeapie.com/ecg-storage/ec_gallery_thumbnail/xryWDNfI-z.png?v=1513212803073",
    "isCustomThumbnail": 0,
    "builtinTags": [
        "category-work",
        "series-pie",
        "title",
        "tooltip",
        "visualMap"
    ],
    "customTags": [],
    "updaterUserName": "188******13"
}