{
    "cid": "xS1gH5oXWz",
    "authorUid": "bd-607144201",
    "authorUserName": "HamsaBlade",
    "title": "浙江各市人民收入折线图",
    "description": "",
    "latestVersion": 1,
    "alwaysLatest": 1,
    "createTime": "2017-12-05T05:10:16.000Z",
    "lastUpdateTime": "2017-12-05T05:10:16.000Z",
    "auth": 2,
    "uid": "bd-607144201",
    "publishedVersion": 0,
    "forkFrom": "-",
    "isSpam": 0,
    "version": 1,
    "parentVersion": -1,
    "echartsVersion": "3.8.0",
    "versionCreateTime": "2017-12-05T05:10:16.000Z",
    "html": "",
    "externalScripts": "",
    "updaterUID": "bd-607144201",
    "theme": "dark",
    "layout": "",
    "viewCount": 69,
    "userName": "HamsaBlade",
    "commentCount": 0,
    "starCount": 0,
    "isStared": 0,
    "thumbnailURL": "https://www.makeapie.com/ecg-storage/ec_gallery_thumbnail/xS1gH5oXWz.png?v=1512450616350",
    "isCustomThumbnail": 0,
    "builtinTags": [
        "category-work",
        "grid",
        "legend",
        "series-line",
        "title"
    ],
    "customTags": [],
    "updaterUserName": "HamsaBlade"
}