{
    "cid": "xSJGW3EVbz",
    "authorUid": "bd-1712165964",
    "authorUserName": "太医小熊",
    "title": "sample",
    "description": "中国传媒大学2017-2018学年第一学期公选课开设时间对比",
    "latestVersion": 1,
    "alwaysLatest": 1,
    "createTime": "2017-12-05T15:32:10.000Z",
    "lastUpdateTime": "2017-12-05T15:32:10.000Z",
    "auth": 2,
    "uid": "bd-1712165964",
    "publishedVersion": 0,
    "forkFrom": "-",
    "isSpam": 0,
    "version": 1,
    "parentVersion": -1,
    "echartsVersion": "3.8.0",
    "versionCreateTime": "2017-12-05T15:32:10.000Z",
    "html": "",
    "externalScripts": "",
    "updaterUID": "bd-1712165964",
    "theme": "",
    "layout": "",
    "viewCount": 115,
    "userName": "太医小熊",
    "commentCount": 0,
    "starCount": 0,
    "isStared": 0,
    "thumbnailURL": "https://www.makeapie.com/ecg-storage/ec_gallery_thumbnail/xSJGW3EVbz.png?v=1512487930532",
    "isCustomThumbnail": 0,
    "builtinTags": [
        "category-work",
        "series-pie",
        "title",
        "tooltip",
        "visualMap"
    ],
    "customTags": [],
    "updaterUserName": "太医小熊"
}