{
    "cid": "xSJmVyzrZG",
    "authorUid": "bd-539743881",
    "authorUserName": "午叶新空",
    "title": "危化品分类及数量",
    "description": "",
    "latestVersion": 2,
    "alwaysLatest": 1,
    "createTime": "2017-12-06T06:33:14.000Z",
    "lastUpdateTime": "2017-12-06T06:33:14.000Z",
    "auth": 2,
    "uid": "bd-539743881",
    "publishedVersion": 0,
    "forkFrom": "-",
    "isSpam": 0,
    "version": 2,
    "parentVersion": 1,
    "echartsVersion": "3.8.0",
    "versionCreateTime": "2017-12-13T04:56:39.000Z",
    "html": "",
    "externalScripts": "",
    "updaterUID": "bd-539743881",
    "theme": "",
    "layout": "",
    "viewCount": 39,
    "userName": "午叶新空",
    "commentCount": 0,
    "starCount": 0,
    "isStared": 0,
    "thumbnailURL": "https://www.makeapie.com/ecg-storage/ec_gallery_thumbnail/xSJmVyzrZG.png?v=1513140999805",
    "isCustomThumbnail": 0,
    "builtinTags": [
        "category-work",
        "series-pie",
        "tooltip"
    ],
    "customTags": [],
    "updaterUserName": "午叶新空"
}