{
    "cid": "xSkYcPKX-M",
    "authorUid": "bd-2524667103",
    "authorUserName": "海狸吃鱼",
    "title": "某站点用户访问来源",
    "description": "纯属虚构",
    "latestVersion": 2,
    "alwaysLatest": 1,
    "createTime": "2017-12-05T02:42:25.000Z",
    "lastUpdateTime": "2017-12-05T02:42:25.000Z",
    "auth": 2,
    "uid": "bd-2524667103",
    "publishedVersion": 0,
    "forkFrom": "-",
    "isSpam": 0,
    "version": 2,
    "parentVersion": 1,
    "echartsVersion": "3.8.0",
    "versionCreateTime": "2017-12-17T12:53:18.000Z",
    "html": "",
    "externalScripts": "",
    "updaterUID": "bd-2524667103",
    "theme": "",
    "layout": "",
    "viewCount": 28,
    "userName": "海狸吃鱼",
    "commentCount": 0,
    "starCount": 0,
    "isStared": 0,
    "thumbnailURL": "https://www.makeapie.com/ecg-storage/ec_gallery_thumbnail/xSkYcPKX-M.png?v=1513515198570",
    "isCustomThumbnail": 0,
    "builtinTags": [
        "category-work",
        "legend",
        "series-pie",
        "title",
        "tooltip"
    ],
    "customTags": [],
    "updaterUserName": "海狸吃鱼"
}