{
    "cid": "xSy4rDXBWf",
    "authorUid": "bd-3942981524",
    "authorUserName": "dellazhoujin",
    "title": "中央政治局常委关系",
    "description": "",
    "latestVersion": 4,
    "alwaysLatest": 1,
    "createTime": "2017-12-06T08:15:55.000Z",
    "lastUpdateTime": "2017-12-06T08:15:55.000Z",
    "auth": 2,
    "uid": "bd-3942981524",
    "publishedVersion": 0,
    "forkFrom": "-",
    "isSpam": 0,
    "version": 4,
    "parentVersion": 3,
    "echartsVersion": "3.8.0",
    "versionCreateTime": "2017-12-06T11:22:41.000Z",
    "html": "",
    "externalScripts": "",
    "updaterUID": "bd-3942981524",
    "theme": "",
    "layout": "",
    "viewCount": 514,
    "userName": "dellazhoujin",
    "commentCount": 0,
    "starCount": 1,
    "isStared": 0,
    "thumbnailURL": "https://www.makeapie.com/ecg-storage/ec_gallery_thumbnail/xSy4rDXBWf.png?v=1512559361197",
    "isCustomThumbnail": 0,
    "builtinTags": [
        "category-work",
        "series-graph"
    ],
    "customTags": [],
    "updaterUserName": "dellazhoujin"
}