{
    "cid": "xSyJ-NzI-f",
    "authorUid": "bd-2127451917",
    "authorUserName": "yy199402260019",
    "title": "Awesome Chart",
    "description": "12.07",
    "latestVersion": 2,
    "alwaysLatest": 1,
    "createTime": "2017-12-07T01:05:58.000Z",
    "lastUpdateTime": "2017-12-07T01:05:58.000Z",
    "auth": 2,
    "uid": "bd-2127451917",
    "publishedVersion": 0,
    "forkFrom": "-",
    "isSpam": 0,
    "version": 2,
    "parentVersion": 1,
    "echartsVersion": "3.8.0",
    "versionCreateTime": "2017-12-07T01:45:48.000Z",
    "html": "",
    "externalScripts": "",
    "updaterUID": "bd-2127451917",
    "theme": "",
    "layout": "",
    "viewCount": 8,
    "userName": "yy199402260019",
    "commentCount": 0,
    "starCount": 0,
    "isStared": 0,
    "thumbnailURL": "https://www.makeapie.com/ecg-storage/ec_gallery_thumbnail/xSyJ-NzI-f.png?v=1512611148386",
    "isCustomThumbnail": 0,
    "builtinTags": [
        "category-work",
        "grid",
        "legend",
        "series-bar",
        "title",
        "tooltip"
    ],
    "customTags": [],
    "updaterUserName": "yy199402260019"
}