{
    "cid": "xSyo3YVHbG",
    "authorUid": "bd-1679780508",
    "authorUserName": "l***7",
    "title": "graph",
    "description": "",
    "latestVersion": 12,
    "alwaysLatest": 1,
    "createTime": "2017-12-06T09:34:42.000Z",
    "lastUpdateTime": "2017-12-06T09:34:42.000Z",
    "auth": 2,
    "uid": "bd-1679780508",
    "publishedVersion": 0,
    "forkFrom": "-",
    "isSpam": 0,
    "version": 12,
    "parentVersion": 11,
    "echartsVersion": "3.8.0",
    "versionCreateTime": "2017-12-21T07:26:16.000Z",
    "html": "",
    "externalScripts": "",
    "updaterUID": "bd-1679780508",
    "theme": "",
    "layout": "",
    "viewCount": 2429,
    "userName": "l***7",
    "commentCount": 0,
    "starCount": 4,
    "isStared": 0,
    "thumbnailURL": "https://www.makeapie.com/ecg-storage/ec_gallery_thumbnail/xSyo3YVHbG.png?v=1513841176417",
    "isCustomThumbnail": 0,
    "builtinTags": [
        "category-work",
        "legend",
        "series-graph",
        "title",
        "tooltip"
    ],
    "customTags": [],
    "updaterUserName": "l***7"
}