{
    "cid": "xB1gDZbjfIf",
    "authorUid": "bd-1261501031",
    "authorUserName": "邓***e",
    "title": "各抽检环节异议情况分析",
    "description": "2017年",
    "latestVersion": 3,
    "alwaysLatest": 1,
    "createTime": "2018-02-03T02:39:59.000Z",
    "lastUpdateTime": "2018-02-03T02:39:59.000Z",
    "auth": 2,
    "uid": "bd-1261501031",
    "publishedVersion": 0,
    "forkFrom": "-",
    "isSpam": 0,
    "version": 3,
    "parentVersion": 1,
    "echartsVersion": "3.8.0",
    "versionCreateTime": "2018-03-26T02:48:43.000Z",
    "html": "",
    "externalScripts": "",
    "updaterUID": "bd-1261501031",
    "theme": "",
    "layout": "",
    "viewCount": 3142,
    "userName": "邓***e",
    "commentCount": 0,
    "starCount": 3,
    "isStared": 0,
    "thumbnailURL": "https://www.makeapie.com/ecg-storage/ec_gallery_thumbnail/xB1gDZbjfIf.png?v=1522032523746",
    "isCustomThumbnail": 0,
    "builtinTags": [
        "category-work",
        "legend",
        "series-pie",
        "title",
        "tooltip"
    ],
    "customTags": [],
    "updaterUserName": "邓***e"
}