{
    "cid": "xB1L_ZWM8z",
    "authorUid": "bd-1261501031",
    "authorUserName": "邓***e",
    "title": "食品安全抽检情况分析",
    "description": "展示各个食品大类下，各个抽检环节的抽检合格数、不合格数。",
    "latestVersion": 4,
    "alwaysLatest": 1,
    "createTime": "2018-02-02T15:19:10.000Z",
    "lastUpdateTime": "2018-02-02T15:19:10.000Z",
    "auth": 2,
    "uid": "bd-1261501031",
    "publishedVersion": 0,
    "forkFrom": "-",
    "isSpam": 0,
    "version": 4,
    "parentVersion": 3,
    "echartsVersion": "3.8.0",
    "versionCreateTime": "2018-02-02T15:27:26.000Z",
    "html": "",
    "externalScripts": "",
    "updaterUID": "bd-1261501031",
    "theme": "",
    "layout": "",
    "viewCount": 1209,
    "userName": "邓***e",
    "commentCount": 0,
    "starCount": 5,
    "isStared": 0,
    "thumbnailURL": "https://www.makeapie.com/ecg-storage/ec_gallery_thumbnail/xB1L_ZWM8z.png?v=1517585247080",
    "isCustomThumbnail": 0,
    "builtinTags": [
        "category-work",
        "grid",
        "legend",
        "series-bar",
        "title",
        "tooltip"
    ],
    "customTags": [],
    "updaterUserName": "邓***e"
}