{
    "cid": "xBJHAm2b8G",
    "authorUid": "bd-353054937",
    "authorUserName": "t***g",
    "title": "双进度仪表盘",
    "description": "双进度仪表盘",
    "latestVersion": 1,
    "alwaysLatest": 1,
    "createTime": "2018-02-02T09:47:56.000Z",
    "lastUpdateTime": "2018-02-02T09:47:56.000Z",
    "auth": 2,
    "uid": "bd-353054937",
    "publishedVersion": 0,
    "forkFrom": "-",
    "isSpam": 0,
    "version": 1,
    "parentVersion": -1,
    "echartsVersion": "3.8.0",
    "versionCreateTime": "2018-02-02T09:47:56.000Z",
    "html": "",
    "externalScripts": "",
    "updaterUID": "bd-353054937",
    "theme": "",
    "layout": "",
    "viewCount": 3967,
    "userName": "t***g",
    "commentCount": 0,
    "starCount": 12,
    "isStared": 0,
    "thumbnailURL": "https://www.makeapie.com/ecg-storage/ec_gallery_thumbnail/xBJHAm2b8G.png?v=1517564876982",
    "isCustomThumbnail": 0,
    "builtinTags": [
        "category-work",
        "series-gauge"
    ],
    "customTags": [
        "仪表盘",
        "进度"
    ],
    "updaterUserName": "t***g"
}