{
    "cid": "xBkGYMoMLz",
    "authorUid": "bd-1261501031",
    "authorUserName": "邓***e",
    "title": "柳州市各食品大类检查异议情况",
    "description": "数据来自网络",
    "latestVersion": 2,
    "alwaysLatest": 1,
    "createTime": "2018-02-03T02:46:17.000Z",
    "lastUpdateTime": "2018-02-03T02:46:17.000Z",
    "auth": 2,
    "uid": "bd-1261501031",
    "publishedVersion": 0,
    "forkFrom": "-",
    "isSpam": 0,
    "version": 2,
    "parentVersion": 1,
    "echartsVersion": "3.8.0",
    "versionCreateTime": "2018-02-03T02:53:35.000Z",
    "html": "",
    "externalScripts": "",
    "updaterUID": "bd-1261501031",
    "theme": "",
    "layout": "",
    "viewCount": 1006,
    "userName": "邓***e",
    "commentCount": 0,
    "starCount": 5,
    "isStared": 0,
    "thumbnailURL": "https://www.makeapie.com/ecg-storage/ec_gallery_thumbnail/xBkGYMoMLz.png?v=1517626415346",
    "isCustomThumbnail": 0,
    "builtinTags": [
        "category-work",
        "grid",
        "legend",
        "series-bar",
        "title",
        "tooltip"
    ],
    "customTags": [],
    "updaterUserName": "邓***e"
}