{
    "cid": "xByRBKrxLz",
    "authorUid": "bd-839882745",
    "authorUserName": "jianshou112",
    "title": "多个y轴",
    "description": "",
    "latestVersion": 1,
    "alwaysLatest": 1,
    "createTime": "2018-02-01T08:01:09.000Z",
    "lastUpdateTime": "2018-02-01T08:01:09.000Z",
    "auth": 2,
    "uid": "bd-839882745",
    "publishedVersion": 0,
    "forkFrom": "-",
    "isSpam": 0,
    "version": 1,
    "parentVersion": -1,
    "echartsVersion": "3.8.0",
    "versionCreateTime": "2018-02-01T08:01:09.000Z",
    "html": "",
    "externalScripts": "",
    "updaterUID": "bd-839882745",
    "theme": "",
    "layout": "",
    "viewCount": 235,
    "userName": "jianshou112",
    "commentCount": 0,
    "starCount": 1,
    "isStared": 0,
    "thumbnailURL": "https://www.makeapie.com/ecg-storage/ec_gallery_thumbnail/xByRBKrxLz.png?v=1517472069975",
    "isCustomThumbnail": 0,
    "builtinTags": [
        "category-work",
        "grid",
        "legend",
        "series-bar",
        "series-line",
        "toolbox",
        "tooltip"
    ],
    "customTags": [],
    "updaterUserName": "jianshou112"
}