{
    "cid": "xHktpB2f8f",
    "authorUid": "bd-404965171",
    "authorUserName": "小***物",
    "title": "全地区检查覆盖情况",
    "description": "2017年",
    "latestVersion": 1,
    "alwaysLatest": 1,
    "createTime": "2018-02-03T04:08:33.000Z",
    "lastUpdateTime": "2018-02-03T04:08:33.000Z",
    "auth": 2,
    "uid": "bd-404965171",
    "publishedVersion": 0,
    "forkFrom": "-",
    "isSpam": 0,
    "version": 1,
    "parentVersion": -1,
    "echartsVersion": "3.8.0",
    "versionCreateTime": "2018-02-03T04:08:33.000Z",
    "html": "",
    "externalScripts": "",
    "updaterUID": "bd-404965171",
    "theme": "",
    "layout": "",
    "viewCount": 720,
    "userName": "小***物",
    "commentCount": 0,
    "starCount": 4,
    "isStared": 0,
    "thumbnailURL": "https://www.makeapie.com/ecg-storage/ec_gallery_thumbnail/xHktpB2f8f.png?v=1517630913183",
    "isCustomThumbnail": 0,
    "builtinTags": [
        "category-work",
        "series-gauge",
        "title",
        "tooltip"
    ],
    "customTags": [],
    "updaterUserName": "小***物"
}