{
    "cid": "xHkwBE0fLG",
    "authorUid": "bd-1261501031",
    "authorUserName": "邓***e",
    "title": "投诉举报区域分布情况",
    "description": "接件数、受理数、不受理数",
    "latestVersion": 1,
    "alwaysLatest": 1,
    "createTime": "2018-02-03T06:18:39.000Z",
    "lastUpdateTime": "2018-02-03T06:18:39.000Z",
    "auth": 2,
    "uid": "bd-1261501031",
    "publishedVersion": 0,
    "forkFrom": "-",
    "isSpam": 0,
    "version": 1,
    "parentVersion": -1,
    "echartsVersion": "3.8.0",
    "versionCreateTime": "2018-02-03T06:18:39.000Z",
    "html": "",
    "externalScripts": "",
    "updaterUID": "bd-1261501031",
    "theme": "",
    "layout": "",
    "viewCount": 781,
    "userName": "邓***e",
    "commentCount": 0,
    "starCount": 3,
    "isStared": 0,
    "thumbnailURL": "https://www.makeapie.com/ecg-storage/ec_gallery_thumbnail/xHkwBE0fLG.png?v=1517638719119",
    "isCustomThumbnail": 0,
    "builtinTags": [
        "category-work",
        "grid",
        "legend",
        "markLine",
        "markPoint",
        "series-bar",
        "title",
        "toolbox",
        "tooltip"
    ],
    "customTags": [],
    "updaterUserName": "邓***e"
}