{
    "cid": "xr1_mdrZLz",
    "authorUid": "bd-397411043",
    "authorUserName": "筱歌277",
    "title": "日历",
    "description": "",
    "latestVersion": 1,
    "alwaysLatest": 1,
    "createTime": "2018-02-02T02:08:31.000Z",
    "lastUpdateTime": "2018-02-02T02:08:31.000Z",
    "auth": 2,
    "uid": "bd-397411043",
    "publishedVersion": 0,
    "forkFrom": "-",
    "isSpam": 0,
    "version": 1,
    "parentVersion": -1,
    "echartsVersion": "3.8.0",
    "versionCreateTime": "2018-02-02T02:08:31.000Z",
    "html": "",
    "externalScripts": "",
    "updaterUID": "bd-397411043",
    "theme": "",
    "layout": "",
    "viewCount": 1425,
    "userName": "筱歌277",
    "commentCount": 1,
    "starCount": 2,
    "isStared": 0,
    "thumbnailURL": "https://www.makeapie.com/ecg-storage/ec_gallery_thumbnail/xr1_mdrZLz.png?v=1517537311996",
    "isCustomThumbnail": 0,
    "builtinTags": [
        "calendar",
        "category-work",
        "legend",
        "series-scatter",
        "title",
        "toolbox",
        "tooltip"
    ],
    "customTags": [],
    "updaterUserName": "筱歌277"
}