{
    "cid": "xS1DV3R7IG",
    "authorUid": "bd-1261501031",
    "authorUserName": "邓***e",
    "title": "各类通俗举报接件情况",
    "description": "2017年",
    "latestVersion": 5,
    "alwaysLatest": 1,
    "createTime": "2018-02-04T01:04:46.000Z",
    "lastUpdateTime": "2018-02-04T01:04:46.000Z",
    "auth": 2,
    "uid": "bd-1261501031",
    "publishedVersion": 0,
    "forkFrom": "-",
    "isSpam": 0,
    "version": 5,
    "parentVersion": 4,
    "echartsVersion": "3.8.0",
    "versionCreateTime": "2018-02-04T01:58:01.000Z",
    "html": "",
    "externalScripts": "",
    "updaterUID": "bd-1261501031",
    "theme": "",
    "layout": "",
    "viewCount": 166,
    "userName": "邓***e",
    "commentCount": 0,
    "starCount": 1,
    "isStared": 0,
    "thumbnailURL": "https://www.makeapie.com/ecg-storage/ec_gallery_thumbnail/xS1DV3R7IG.png?v=1517709481934",
    "isCustomThumbnail": 0,
    "builtinTags": [
        "category-work",
        "legend",
        "series-pie",
        "title",
        "tooltip"
    ],
    "customTags": [],
    "updaterUserName": "邓***e"
}