{
    "cid": "xSJKk8reUG",
    "authorUid": "bd-404965171",
    "authorUserName": "小***物",
    "title": "办结事项趋势分析",
    "description": "5月份",
    "latestVersion": 2,
    "alwaysLatest": 1,
    "createTime": "2018-02-01T07:46:40.000Z",
    "lastUpdateTime": "2018-02-01T07:46:40.000Z",
    "auth": 2,
    "uid": "bd-404965171",
    "publishedVersion": 0,
    "forkFrom": "-",
    "isSpam": 0,
    "version": 2,
    "parentVersion": 1,
    "echartsVersion": "3.8.0",
    "versionCreateTime": "2018-02-01T07:47:30.000Z",
    "html": "",
    "externalScripts": "",
    "updaterUID": "bd-404965171",
    "theme": "",
    "layout": "",
    "viewCount": 76,
    "userName": "小***物",
    "commentCount": 0,
    "starCount": 0,
    "isStared": 0,
    "thumbnailURL": "https://www.makeapie.com/ecg-storage/ec_gallery_thumbnail/xSJKk8reUG.png?v=1517471250759",
    "isCustomThumbnail": 0,
    "builtinTags": [
        "category-work",
        "grid",
        "legend",
        "series-line",
        "series-pie",
        "toolbox",
        "tooltip"
    ],
    "customTags": [],
    "updaterUserName": "小***物"
}