{
    "cid": "xSk1CfY-Lf",
    "authorUid": "bd-2939525108",
    "authorUserName": "x***鱼",
    "title": "热力图",
    "description": "",
    "latestVersion": 1,
    "alwaysLatest": 1,
    "createTime": "2018-02-02T06:18:46.000Z",
    "lastUpdateTime": "2018-02-02T06:18:46.000Z",
    "auth": 2,
    "uid": "bd-2939525108",
    "publishedVersion": 0,
    "forkFrom": "-",
    "isSpam": 0,
    "version": 1,
    "parentVersion": -1,
    "echartsVersion": "3.8.0",
    "versionCreateTime": "2018-02-02T06:18:47.000Z",
    "html": "",
    "externalScripts": "",
    "updaterUID": "bd-2939525108",
    "theme": "",
    "layout": "",
    "viewCount": 1554,
    "userName": "x***鱼",
    "commentCount": 0,
    "starCount": 0,
    "isStared": 0,
    "thumbnailURL": "https://www.makeapie.com/ecg-storage/ec_gallery_thumbnail/xSk1CfY-Lf.png?v=1517552327773",
    "isCustomThumbnail": 0,
    "builtinTags": [
        "category-work",
        "geo",
        "series-heatmap",
        "title",
        "visualMap"
    ],
    "customTags": [],
    "updaterUserName": "x***鱼"
}