{
    "cid": "xSydDYI1Iz",
    "authorUid": "bd-1261501031",
    "authorUserName": "邓***e",
    "title": "监管单位日常检查情况分析",
    "description": "",
    "latestVersion": 1,
    "alwaysLatest": 1,
    "createTime": "2018-01-31T14:57:36.000Z",
    "lastUpdateTime": "2018-01-31T14:57:36.000Z",
    "auth": 2,
    "uid": "bd-1261501031",
    "publishedVersion": 0,
    "forkFrom": "-",
    "isSpam": 0,
    "version": 1,
    "parentVersion": -1,
    "echartsVersion": "3.8.0",
    "versionCreateTime": "2018-01-31T14:57:36.000Z",
    "html": "",
    "externalScripts": "",
    "updaterUID": "bd-1261501031",
    "theme": "",
    "layout": "",
    "viewCount": 79,
    "userName": "邓***e",
    "commentCount": 0,
    "starCount": 0,
    "isStared": 0,
    "thumbnailURL": "https://www.makeapie.com/ecg-storage/ec_gallery_thumbnail/xSydDYI1Iz.png?v=1517410656406",
    "isCustomThumbnail": 0,
    "builtinTags": [
        "category-work",
        "grid",
        "legend",
        "markLine",
        "markPoint",
        "series-bar",
        "title",
        "toolbox",
        "tooltip"
    ],
    "customTags": [],
    "updaterUserName": "邓***e"
}