{
    "cid": "xa69zPPY09",
    "authorUid": "obd-o2ULNsJruAxNgoC1sAytt79UPkY_y6P",
    "authorUserName": "清***0",
    "title": "柱形堆叠",
    "description": "",
    "latestVersion": 2,
    "alwaysLatest": 1,
    "createTime": "2020-09-10T01:59:49.000Z",
    "lastUpdateTime": "2020-09-10T01:59:49.000Z",
    "auth": 2,
    "uid": "obd-o2ULNsJruAxNgoC1sAytt79UPkY_y6P",
    "publishedVersion": 0,
    "forkFrom": "-",
    "isSpam": 0,
    "version": 2,
    "parentVersion": 1,
    "echartsVersion": "4.8.0",
    "versionCreateTime": "2020-09-10T02:34:28.000Z",
    "html": "",
    "externalScripts": "",
    "updaterUID": "obd-o2ULNsJruAxNgoC1sAytt79UPkY_y6P",
    "theme": "",
    "layout": "",
    "viewCount": 971,
    "userName": "清***0",
    "commentCount": 0,
    "starCount": 7,
    "isStared": 0,
    "thumbnailURL": "https://www.makeapie.com/ecg-storage/ec_gallery_thumbnail/xa69zPPY09.png?v=1599705268501",
    "isCustomThumbnail": 0,
    "builtinTags": [
        "category-work",
        "dataZoom",
        "grid",
        "legend",
        "series-bar",
        "tooltip"
    ],
    "customTags": [
        "bar"
    ],
    "updaterUserName": "清***0"
}