{
    "cid": "xaGqZbg8ic",
    "authorUid": "obd-oC-nKeGvxxwI9yHkc5NoISPyQRtcs3h",
    "authorUserName": "w***8",
    "title": "简洁进度显示",
    "description": "类似仪表盘",
    "latestVersion": 1,
    "alwaysLatest": 1,
    "createTime": "2020-09-10T07:30:34.000Z",
    "lastUpdateTime": "2020-09-10T07:30:34.000Z",
    "auth": 2,
    "uid": "obd-oC-nKeGvxxwI9yHkc5NoISPyQRtcs3h",
    "publishedVersion": 0,
    "forkFrom": "-",
    "isSpam": 0,
    "version": 1,
    "parentVersion": -1,
    "echartsVersion": "4.8.0",
    "versionCreateTime": "2020-09-10T07:30:34.000Z",
    "html": "",
    "externalScripts": "",
    "updaterUID": "obd-oC-nKeGvxxwI9yHkc5NoISPyQRtcs3h",
    "theme": "",
    "layout": "",
    "viewCount": 643,
    "userName": "w***8",
    "commentCount": 0,
    "starCount": 4,
    "isStared": 0,
    "thumbnailURL": "https://www.makeapie.com/ecg-storage/ec_gallery_thumbnail/xaGqZbg8ic.png?v=1599723034313",
    "isCustomThumbnail": 0,
    "builtinTags": [
        "category-work",
        "series-gauge",
        "title"
    ],
    "customTags": [],
    "updaterUserName": "w***8"
}