{
    "cid": "xcFuT4Oyc5",
    "authorUid": "obd-oAh5s-kJUW3jQnyAV_j7NxtIS-V5c76",
    "authorUserName": "呵***仔",
    "title": "堆叠柱状图",
    "description": "",
    "latestVersion": 1,
    "alwaysLatest": 1,
    "createTime": "2020-09-10T09:32:04.000Z",
    "lastUpdateTime": "2020-09-10T09:32:04.000Z",
    "auth": 2,
    "uid": "obd-oAh5s-kJUW3jQnyAV_j7NxtIS-V5c76",
    "publishedVersion": 0,
    "forkFrom": "-",
    "isSpam": 0,
    "version": 1,
    "parentVersion": -1,
    "echartsVersion": "4.8.0",
    "versionCreateTime": "2020-09-10T09:32:04.000Z",
    "html": "",
    "externalScripts": "",
    "updaterUID": "obd-oAh5s-kJUW3jQnyAV_j7NxtIS-V5c76",
    "theme": "",
    "layout": "",
    "viewCount": 43,
    "userName": "呵***仔",
    "commentCount": 0,
    "starCount": 0,
    "isStared": 0,
    "thumbnailURL": "https://www.makeapie.com/ecg-storage/ec_gallery_thumbnail/xcFuT4Oyc5.png?v=1599730324361",
    "isCustomThumbnail": 0,
    "builtinTags": [
        "category-work",
        "grid",
        "legend",
        "series-bar",
        "tooltip"
    ],
    "customTags": [],
    "updaterUserName": "呵***仔"
}