{
    "cid": "xDHtlV-_QG",
    "authorUid": "obd-oD-Z-Mz5yHfPU0WbPrGLdwZUoDYtk1N",
    "authorUserName": "c***w",
    "title": "双标签",
    "description": "",
    "latestVersion": 1,
    "alwaysLatest": 1,
    "createTime": "2020-09-10T09:09:19.000Z",
    "lastUpdateTime": "2020-09-10T09:09:19.000Z",
    "auth": 2,
    "uid": "obd-oD-Z-Mz5yHfPU0WbPrGLdwZUoDYtk1N",
    "publishedVersion": 0,
    "forkFrom": "-",
    "isSpam": 0,
    "version": 1,
    "parentVersion": -1,
    "echartsVersion": "4.8.0",
    "versionCreateTime": "2020-09-10T09:09:19.000Z",
    "html": "",
    "externalScripts": "",
    "updaterUID": "obd-oD-Z-Mz5yHfPU0WbPrGLdwZUoDYtk1N",
    "theme": "",
    "layout": "",
    "viewCount": 152,
    "userName": "c***w",
    "commentCount": 0,
    "starCount": 0,
    "isStared": 0,
    "thumbnailURL": "https://www.makeapie.com/ecg-storage/ec_gallery_thumbnail/xDHtlV-_QG.png?v=1599728959343",
    "isCustomThumbnail": 0,
    "builtinTags": [
        "category-work",
        "grid",
        "legend",
        "series-bar",
        "tooltip"
    ],
    "customTags": [],
    "updaterUserName": "c***w"
}