{
    "cid": "xJK95chwVh",
    "authorUid": "bd-171648521",
    "authorUserName": "绿***绿",
    "title": "门禁刷卡次数统计",
    "description": "line",
    "latestVersion": 2,
    "alwaysLatest": 1,
    "createTime": "2020-09-10T05:37:16.000Z",
    "lastUpdateTime": "2021-06-28T10:56:34.000Z",
    "auth": 2,
    "uid": "bd-171648521",
    "publishedVersion": 0,
    "forkFrom": "-",
    "isSpam": 0,
    "version": 2,
    "parentVersion": 1,
    "echartsVersion": "4.9.0",
    "versionCreateTime": "2021-06-28T10:56:34.000Z",
    "html": "",
    "externalScripts": "",
    "updaterUID": "bd-171648521",
    "theme": "",
    "layout": "",
    "viewCount": 120,
    "userName": "绿***绿",
    "commentCount": 0,
    "starCount": 0,
    "isStared": 0,
    "thumbnailURL": "https://www.makeapie.com/ecg-storage/ec_gallery_thumbnail/xJK95chwVh.png?v=1624877794541",
    "isCustomThumbnail": 0,
    "builtinTags": [
        "category-work",
        "grid",
        "legend",
        "series-line",
        "title",
        "tooltip"
    ],
    "customTags": [],
    "updaterUserName": "绿***绿"
}