{
    "cid": "xLZOnUvHIm",
    "authorUid": "obd-oAh5s-kJUW3jQnyAV_j7NxtIS-V5c76",
    "authorUserName": "呵***仔",
    "title": "test",
    "description": "",
    "latestVersion": 1,
    "alwaysLatest": 1,
    "createTime": "2020-09-10T09:05:29.000Z",
    "lastUpdateTime": "2020-09-10T09:05:29.000Z",
    "auth": 2,
    "uid": "obd-oAh5s-kJUW3jQnyAV_j7NxtIS-V5c76",
    "publishedVersion": 0,
    "forkFrom": "-",
    "isSpam": 0,
    "version": 1,
    "parentVersion": -1,
    "echartsVersion": "4.8.0",
    "versionCreateTime": "2020-09-10T09:05:29.000Z",
    "html": "",
    "externalScripts": "",
    "updaterUID": "obd-oAh5s-kJUW3jQnyAV_j7NxtIS-V5c76",
    "theme": "",
    "layout": "",
    "viewCount": 20,
    "userName": "呵***仔",
    "commentCount": 0,
    "starCount": 1,
    "isStared": 0,
    "thumbnailURL": "https://www.makeapie.com/ecg-storage/ec_gallery_thumbnail/xLZOnUvHIm.png?v=1599728729681",
    "isCustomThumbnail": 0,
    "builtinTags": [
        "category-work",
        "grid",
        "series-pictorialBar",
        "tooltip"
    ],
    "customTags": [],
    "updaterUserName": "呵***仔"
}