{
    "cid": "xm8HVsC0UT",
    "authorUid": "obd-oAh5s-kJUW3jQnyAV_j7NxtIS-V5c76",
    "authorUserName": "呵***仔",
    "title": "堆叠区域图",
    "description": "可以分开表示图片样式",
    "latestVersion": 2,
    "alwaysLatest": 1,
    "createTime": "2020-09-10T08:45:41.000Z",
    "lastUpdateTime": "2020-09-10T08:45:41.000Z",
    "auth": 2,
    "uid": "obd-oAh5s-kJUW3jQnyAV_j7NxtIS-V5c76",
    "publishedVersion": 0,
    "forkFrom": "-",
    "isSpam": 0,
    "version": 2,
    "parentVersion": 1,
    "echartsVersion": "4.8.0",
    "versionCreateTime": "2020-09-10T08:54:58.000Z",
    "html": "",
    "externalScripts": "",
    "updaterUID": "obd-oAh5s-kJUW3jQnyAV_j7NxtIS-V5c76",
    "theme": "",
    "layout": "",
    "viewCount": 40,
    "userName": "呵***仔",
    "commentCount": 0,
    "starCount": 0,
    "isStared": 0,
    "thumbnailURL": "https://www.makeapie.com/ecg-storage/ec_gallery_thumbnail/xm8HVsC0UT.png?v=1599728099039",
    "isCustomThumbnail": 0,
    "builtinTags": [
        "category-work",
        "grid",
        "legend",
        "series-line",
        "title",
        "toolbox",
        "tooltip"
    ],
    "customTags": [],
    "updaterUserName": "呵***仔"
}