{
    "cid": "xNzQ_Xl57K",
    "authorUid": "obd-o0KPBcWRE8PcwIIXcDHrHz2c9atQVFT",
    "authorUserName": "d***7",
    "title": "百分比堆叠柱状图",
    "description": "百分比堆叠柱状图，数据需要自己处理为100归一化的数，通过自定义toolTip能够展示每个柱的百分比",
    "latestVersion": 1,
    "alwaysLatest": 1,
    "createTime": "2020-09-10T04:02:13.000Z",
    "lastUpdateTime": "2020-09-10T04:02:13.000Z",
    "auth": 2,
    "uid": "obd-o0KPBcWRE8PcwIIXcDHrHz2c9atQVFT",
    "publishedVersion": 0,
    "forkFrom": "-",
    "isSpam": 0,
    "version": 1,
    "parentVersion": -1,
    "echartsVersion": "4.8.0",
    "versionCreateTime": "2020-09-10T04:02:13.000Z",
    "html": "",
    "externalScripts": "",
    "updaterUID": "obd-o0KPBcWRE8PcwIIXcDHrHz2c9atQVFT",
    "theme": "",
    "layout": "",
    "viewCount": 385,
    "userName": "d***7",
    "commentCount": 0,
    "starCount": 3,
    "isStared": 0,
    "thumbnailURL": "https://www.makeapie.com/ecg-storage/ec_gallery_thumbnail/xNzQ_Xl57K.png?v=1599710533531",
    "isCustomThumbnail": 1,
    "builtinTags": [
        "category-work",
        "dataset",
        "grid",
        "legend",
        "series-bar",
        "title",
        "tooltip"
    ],
    "customTags": [],
    "updaterUserName": "d***7"
}