{
    "cid": "xxO0Pf6pFJ",
    "authorUid": "obd-oC-nKeGvxxwI9yHkc5NoISPyQRtcs3h",
    "authorUserName": "w***8",
    "title": "简洁折线图",
    "description": "",
    "latestVersion": 2,
    "alwaysLatest": 1,
    "createTime": "2020-09-10T06:37:17.000Z",
    "lastUpdateTime": "2020-09-10T06:37:17.000Z",
    "auth": 2,
    "uid": "obd-oC-nKeGvxxwI9yHkc5NoISPyQRtcs3h",
    "publishedVersion": 0,
    "forkFrom": "-",
    "isSpam": 0,
    "version": 2,
    "parentVersion": 1,
    "echartsVersion": "4.8.0",
    "versionCreateTime": "2021-03-31T08:58:15.000Z",
    "html": "",
    "externalScripts": "",
    "updaterUID": "obd-oC-nKeGvxxwI9yHkc5NoISPyQRtcs3h",
    "theme": "",
    "layout": "",
    "viewCount": 40,
    "userName": "w***8",
    "commentCount": 0,
    "starCount": 0,
    "isStared": 0,
    "thumbnailURL": "https://www.makeapie.com/ecg-storage/ec_gallery_thumbnail/xxO0Pf6pFJ.png?v=1617181095944",
    "isCustomThumbnail": 0,
    "builtinTags": [
        "category-work",
        "grid",
        "legend",
        "series-bar",
        "tooltip"
    ],
    "customTags": [],
    "updaterUserName": "w***8"
}