{
    "cid": "xYxOb5cFFN",
    "authorUid": "obd-o2Wg3sUhFg6rAJijOPUL1l4Hn5OgFBB",
    "authorUserName": "可***2",
    "title": "速运地区作战地图",
    "description": "",
    "latestVersion": 2,
    "alwaysLatest": 1,
    "createTime": "2020-09-10T02:42:39.000Z",
    "lastUpdateTime": "2020-09-10T02:42:39.000Z",
    "auth": 2,
    "uid": "obd-o2Wg3sUhFg6rAJijOPUL1l4Hn5OgFBB",
    "publishedVersion": 0,
    "forkFrom": "-",
    "isSpam": 0,
    "version": 2,
    "parentVersion": 1,
    "echartsVersion": "4.8.0",
    "versionCreateTime": "2020-09-10T02:55:20.000Z",
    "html": "",
    "externalScripts": "",
    "updaterUID": "obd-o2Wg3sUhFg6rAJijOPUL1l4Hn5OgFBB",
    "theme": "",
    "layout": "",
    "viewCount": 617,
    "userName": "可***2",
    "commentCount": 0,
    "starCount": 0,
    "isStared": 0,
    "thumbnailURL": "https://www.makeapie.com/ecg-storage/ec_gallery_thumbnail/xYxOb5cFFN.png?v=1599706520472",
    "isCustomThumbnail": 0,
    "builtinTags": [
        "category-work",
        "geo",
        "legend",
        "series-map",
        "series-scatter",
        "title",
        "tooltip",
        "visualMap"
    ],
    "customTags": [],
    "updaterUserName": "可***2"
}