{
    "cid": "xzufGlPZHA",
    "authorUid": "obd-oC-nKeGvxxwI9yHkc5NoISPyQRtcs3h",
    "authorUserName": "w***8",
    "title": "实时动态折线图",
    "description": "参考",
    "latestVersion": 2,
    "alwaysLatest": 1,
    "createTime": "2020-09-10T06:36:05.000Z",
    "lastUpdateTime": "2020-09-10T06:36:05.000Z",
    "auth": 2,
    "uid": "obd-oC-nKeGvxxwI9yHkc5NoISPyQRtcs3h",
    "publishedVersion": 0,
    "forkFrom": "-",
    "isSpam": 0,
    "version": 2,
    "parentVersion": 1,
    "echartsVersion": "4.8.0",
    "versionCreateTime": "2020-09-10T06:36:21.000Z",
    "html": "",
    "externalScripts": "",
    "updaterUID": "obd-oC-nKeGvxxwI9yHkc5NoISPyQRtcs3h",
    "theme": "",
    "layout": "",
    "viewCount": 199,
    "userName": "w***8",
    "commentCount": 0,
    "starCount": 0,
    "isStared": 0,
    "thumbnailURL": "https://www.makeapie.com/ecg-storage/ec_gallery_thumbnail/xzufGlPZHA.png?v=1599719781193",
    "isCustomThumbnail": 0,
    "builtinTags": [
        "category-work",
        "grid",
        "legend",
        "series-line",
        "tooltip"
    ],
    "customTags": [],
    "updaterUserName": "w***8"
}