{
    "cid": "x_79WqfF3j",
    "authorUid": "bd-944243892",
    "authorUserName": "韩***能",
    "title": "狂僧尝试优化波士顿矩阵的表达",
    "description": "",
    "latestVersion": 1,
    "alwaysLatest": 0,
    "createTime": "2021-06-09T01:09:15.000Z",
    "lastUpdateTime": "2021-06-09T01:09:15.000Z",
    "auth": 2,
    "uid": "bd-944243892",
    "publishedVersion": 0,
    "forkFrom": "-",
    "isSpam": 0,
    "version": 1,
    "parentVersion": -1,
    "echartsVersion": "5.1.2",
    "versionCreateTime": "2021-06-09T01:09:15.000Z",
    "html": "",
    "externalScripts": "",
    "updaterUID": "bd-944243892",
    "theme": "",
    "layout": "",
    "viewCount": 0,
    "userName": "韩***能",
    "commentCount": 0,
    "starCount": 3,
    "isStared": 0,
    "thumbnailURL": "https://www.makeapie.com/ecg-storage/ec_gallery_thumbnail/x_79WqfF3j.png?v=1623200955529",
    "isCustomThumbnail": 0,
    "builtinTags": [
        "category-work",
        "dataZoom",
        "grid",
        "markArea",
        "markLine",
        "markPoint",
        "series-scatter",
        "toolbox",
        "tooltip"
    ],
    "customTags": [],
    "updaterUserName": "韩***能"
}