{
    "cid": "xBl7qZBMvG",
    "authorUid": "obd-oCXhu5Ci-jvoIw7NPqT4YgxkmbLM53L",
    "authorUserName": "S***l",
    "title": "环形百分比",
    "description": "",
    "latestVersion": 1,
    "alwaysLatest": 0,
    "createTime": "2021-06-09T01:36:54.000Z",
    "lastUpdateTime": "2021-06-09T01:36:54.000Z",
    "auth": 2,
    "uid": "obd-oCXhu5Ci-jvoIw7NPqT4YgxkmbLM53L",
    "publishedVersion": 0,
    "forkFrom": "-",
    "isSpam": 0,
    "version": 1,
    "parentVersion": -1,
    "echartsVersion": "5.1.1",
    "versionCreateTime": "2021-06-09T01:36:54.000Z",
    "html": "",
    "externalScripts": "",
    "updaterUID": "obd-oCXhu5Ci-jvoIw7NPqT4YgxkmbLM53L",
    "theme": "",
    "layout": "",
    "viewCount": 0,
    "userName": "S***l",
    "commentCount": 0,
    "starCount": 4,
    "isStared": 0,
    "thumbnailURL": "https://www.makeapie.com/ecg-storage/ec_gallery_thumbnail/xBl7qZBMvG.png?v=1623202614293",
    "isCustomThumbnail": 0,
    "builtinTags": [
        "category-work",
        "polar",
        "series-bar",
        "series-custom",
        "series-pie",
        "tooltip"
    ],
    "customTags": [],
    "updaterUserName": "S***l"
}