{
    "cid": "xexdLrcq7m",
    "authorUid": "obd-ojYkvz_tu8RAzDWomwFrWVNEMNmbIEV",
    "authorUserName": "177******95",
    "title": "echarts折线图实线加虚线",
    "description": "",
    "latestVersion": 1,
    "alwaysLatest": 0,
    "createTime": "2021-06-08T03:50:47.000Z",
    "lastUpdateTime": "2021-06-08T03:50:47.000Z",
    "auth": 2,
    "uid": "obd-ojYkvz_tu8RAzDWomwFrWVNEMNmbIEV",
    "publishedVersion": 0,
    "forkFrom": "-",
    "isSpam": 0,
    "version": 1,
    "parentVersion": -1,
    "echartsVersion": "5.1.1",
    "versionCreateTime": "2021-06-08T03:50:47.000Z",
    "html": "",
    "externalScripts": "",
    "updaterUID": "obd-ojYkvz_tu8RAzDWomwFrWVNEMNmbIEV",
    "theme": "",
    "layout": "",
    "viewCount": 0,
    "userName": "177******95",
    "commentCount": 0,
    "starCount": 0,
    "isStared": 0,
    "thumbnailURL": "https://www.makeapie.com/ecg-storage/ec_gallery_thumbnail/xexdLrcq7m.png?v=1623124248125",
    "isCustomThumbnail": 0,
    "builtinTags": [
        "category-work",
        "dataZoom",
        "grid",
        "legend",
        "series-line",
        "title",
        "toolbox"
    ],
    "customTags": [],
    "updaterUserName": "177******95"
}