{
    "cid": "xgGYxYWqR8",
    "authorUid": "obd-oCutc9pHaKYsfrE5YiOO7nwoVNTrM3H",
    "authorUserName": "鏃***櫅",
    "title": "3d饼图环图",
    "description": "3d动态饼图环图",
    "latestVersion": 3,
    "alwaysLatest": 0,
    "createTime": "2021-06-08T08:44:06.000Z",
    "lastUpdateTime": "2021-06-08T08:44:06.000Z",
    "auth": 2,
    "uid": "obd-oCutc9pHaKYsfrE5YiOO7nwoVNTrM3H",
    "publishedVersion": 0,
    "forkFrom": "-",
    "isSpam": 0,
    "version": 3,
    "parentVersion": 2,
    "echartsVersion": "5.1.1",
    "versionCreateTime": "2021-06-08T09:01:27.000Z",
    "html": "",
    "externalScripts": "https://cdn.jsdelivr.net/npm/echarts-gl@2/dist/echarts-gl.min.js",
    "updaterUID": "obd-oCutc9pHaKYsfrE5YiOO7nwoVNTrM3H",
    "theme": "",
    "layout": "",
    "viewCount": 0,
    "userName": "鏃***櫅",
    "commentCount": 0,
    "starCount": 1,
    "isStared": 0,
    "thumbnailURL": "https://www.makeapie.com/ecg-storage/ec_gallery_thumbnail/xgGYxYWqR8.png?v=1623142887793",
    "isCustomThumbnail": 0,
    "builtinTags": [
        "category-work",
        "grid3D",
        "series-surface",
        "tooltip"
    ],
    "customTags": [],
    "updaterUserName": "鏃***櫅"
}