{
    "cid": "xJLZou9JPz",
    "authorUid": "obd-oP6Ah_k4Bv9DuHljE4Cuk-gUL6hCq9S",
    "authorUserName": "为***献",
    "title": "在竞品平台活跃",
    "description": "",
    "latestVersion": 1,
    "alwaysLatest": 0,
    "createTime": "2021-06-08T14:46:23.000Z",
    "lastUpdateTime": "2021-06-08T14:46:23.000Z",
    "auth": 2,
    "uid": "obd-oP6Ah_k4Bv9DuHljE4Cuk-gUL6hCq9S",
    "publishedVersion": 0,
    "forkFrom": "-",
    "isSpam": 0,
    "version": 1,
    "parentVersion": -1,
    "echartsVersion": "5.1.1",
    "versionCreateTime": "2021-06-08T14:46:23.000Z",
    "html": "",
    "externalScripts": "",
    "updaterUID": "obd-oP6Ah_k4Bv9DuHljE4Cuk-gUL6hCq9S",
    "theme": "default",
    "layout": "",
    "viewCount": 0,
    "userName": "为***献",
    "commentCount": 0,
    "starCount": 0,
    "isStared": 0,
    "thumbnailURL": "https://www.makeapie.com/ecg-storage/ec_gallery_thumbnail/xJLZou9JPz.png?v=1623163583395",
    "isCustomThumbnail": 0,
    "builtinTags": [
        "category-work",
        "grid",
        "series-line",
        "title"
    ],
    "customTags": [],
    "updaterUserName": "为***献"
}