{
    "cid": "xkMcwm-uIu",
    "authorUid": "obd-oCutc9pHaKYsfrE5YiOO7nwoVNTrM3H",
    "authorUserName": "鏃***櫅",
    "title": "饼图",
    "description": "",
    "latestVersion": 1,
    "alwaysLatest": 0,
    "createTime": "2021-06-08T09:10:45.000Z",
    "lastUpdateTime": "2021-06-08T09:10:45.000Z",
    "auth": 2,
    "uid": "obd-oCutc9pHaKYsfrE5YiOO7nwoVNTrM3H",
    "publishedVersion": 0,
    "forkFrom": "-",
    "isSpam": 0,
    "version": 1,
    "parentVersion": -1,
    "echartsVersion": "5.1.1",
    "versionCreateTime": "2021-06-08T09:10:45.000Z",
    "html": "",
    "externalScripts": "",
    "updaterUID": "obd-oCutc9pHaKYsfrE5YiOO7nwoVNTrM3H",
    "theme": "",
    "layout": "",
    "viewCount": 0,
    "userName": "鏃***櫅",
    "commentCount": 0,
    "starCount": 1,
    "isStared": 0,
    "thumbnailURL": "https://www.makeapie.com/ecg-storage/ec_gallery_thumbnail/xkMcwm-uIu.png?v=1623143445184",
    "isCustomThumbnail": 0,
    "builtinTags": [
        "category-work",
        "series-gauge",
        "series-pie",
        "tooltip"
    ],
    "customTags": [],
    "updaterUserName": "鏃***櫅"
}