{
    "cid": "xMtDsqAUKM",
    "authorUid": "obd-o0B9fGAjy6H8RU1uHyn3e2FDTw--HF4",
    "authorUserName": "啊***听",
    "title": "宾王大屏bar1",
    "description": "",
    "latestVersion": 5,
    "alwaysLatest": 0,
    "createTime": "2021-06-08T03:45:06.000Z",
    "lastUpdateTime": "2021-06-08T03:45:06.000Z",
    "auth": 2,
    "uid": "obd-o0B9fGAjy6H8RU1uHyn3e2FDTw--HF4",
    "publishedVersion": 0,
    "forkFrom": "-",
    "isSpam": 0,
    "version": 5,
    "parentVersion": 4,
    "echartsVersion": "5.1.1",
    "versionCreateTime": "2021-06-08T08:05:08.000Z",
    "html": "",
    "externalScripts": "",
    "updaterUID": "obd-o0B9fGAjy6H8RU1uHyn3e2FDTw--HF4",
    "theme": "",
    "layout": "",
    "viewCount": 0,
    "userName": "啊***听",
    "commentCount": 0,
    "starCount": 1,
    "isStared": 0,
    "thumbnailURL": "https://www.makeapie.com/ecg-storage/ec_gallery_thumbnail/xMtDsqAUKM.png?v=1623139508581",
    "isCustomThumbnail": 0,
    "builtinTags": [
        "category-work",
        "legend",
        "series-pie"
    ],
    "customTags": [],
    "updaterUserName": "啊***听"
}