{
    "cid": "xOPzBzuaHv",
    "authorUid": "obd-oMHbxxYWDA4yf6sIBBoBBW1tu6O682j",
    "authorUserName": "ん***夏",
    "title": "不同数据区间背景颜色不同",
    "description": "",
    "latestVersion": 5,
    "alwaysLatest": 0,
    "createTime": "2021-06-07T10:22:28.000Z",
    "lastUpdateTime": "2021-06-07T10:22:28.000Z",
    "auth": 2,
    "uid": "obd-oMHbxxYWDA4yf6sIBBoBBW1tu6O682j",
    "publishedVersion": 0,
    "forkFrom": "-",
    "isSpam": 0,
    "version": 5,
    "parentVersion": 4,
    "echartsVersion": "5.1.1",
    "versionCreateTime": "2021-06-07T11:05:17.000Z",
    "html": "",
    "externalScripts": "",
    "updaterUID": "obd-oMHbxxYWDA4yf6sIBBoBBW1tu6O682j",
    "theme": "",
    "layout": "",
    "viewCount": 0,
    "userName": "ん***夏",
    "commentCount": 0,
    "starCount": 1,
    "isStared": 0,
    "thumbnailURL": "https://www.makeapie.com/ecg-storage/ec_gallery_thumbnail/xOPzBzuaHv.png?v=1623063917198",
    "isCustomThumbnail": 0,
    "builtinTags": [
        "category-work",
        "grid",
        "markArea",
        "series-line"
    ],
    "customTags": [],
    "updaterUserName": "ん***夏"
}