{
    "cid": "xTQyxDbHxk",
    "authorUid": "obd-oMHbxxYWDA4yf6sIBBoBBW1tu6O682j",
    "authorUserName": "ん***夏",
    "title": "用Y轴模拟区间",
    "description": "见区间Y轴，该轴并无意义只是用来模拟区间划分",
    "latestVersion": 2,
    "alwaysLatest": 0,
    "createTime": "2021-06-08T04:00:12.000Z",
    "lastUpdateTime": "2021-06-29T06:43:26.000Z",
    "auth": 2,
    "uid": "obd-oMHbxxYWDA4yf6sIBBoBBW1tu6O682j",
    "publishedVersion": 0,
    "forkFrom": "-",
    "isSpam": 0,
    "version": 2,
    "parentVersion": 1,
    "echartsVersion": "5.1.1",
    "versionCreateTime": "2021-06-29T06:43:27.000Z",
    "html": "",
    "externalScripts": "",
    "updaterUID": "obd-oMHbxxYWDA4yf6sIBBoBBW1tu6O682j",
    "theme": "",
    "layout": "",
    "viewCount": 0,
    "userName": "ん***夏",
    "commentCount": 0,
    "starCount": 0,
    "isStared": 0,
    "thumbnailURL": "https://www.makeapie.com/ecg-storage/ec_gallery_thumbnail/xTQyxDbHxk.png?v=1624949007133",
    "isCustomThumbnail": 0,
    "builtinTags": [
        "category-work",
        "dataZoom",
        "grid",
        "legend",
        "series-bar",
        "series-line",
        "toolbox",
        "tooltip"
    ],
    "customTags": [],
    "updaterUserName": "ん***夏"
}