{
    "cid": "xTYVR5BCLL",
    "authorUid": "bd-2535491754",
    "authorUserName": "若***悔",
    "title": "雷达定位",
    "description": "",
    "latestVersion": 2,
    "alwaysLatest": 0,
    "createTime": "2021-06-08T07:31:01.000Z",
    "lastUpdateTime": "2021-06-08T07:31:01.000Z",
    "auth": 2,
    "uid": "bd-2535491754",
    "publishedVersion": 0,
    "forkFrom": "-",
    "isSpam": 0,
    "version": 2,
    "parentVersion": 1,
    "echartsVersion": "5.1.1",
    "versionCreateTime": "2021-06-08T09:42:42.000Z",
    "html": "",
    "externalScripts": "",
    "updaterUID": "bd-2535491754",
    "theme": "",
    "layout": "",
    "viewCount": 0,
    "userName": "若***悔",
    "commentCount": 0,
    "starCount": 0,
    "isStared": 0,
    "thumbnailURL": "https://www.makeapie.com/ecg-storage/ec_gallery_thumbnail/xTYVR5BCLL.png?v=1623145362682",
    "isCustomThumbnail": 0,
    "builtinTags": [
        "category-work",
        "polar",
        "series-scatter",
        "title",
        "tooltip"
    ],
    "customTags": [],
    "updaterUserName": "若***悔"
}