{
    "cid": "xU0iQqtZau",
    "authorUid": "obd-oNS2naBTlfNrXgav1e_7VCOOMaLmoCV",
    "authorUserName": "倩***啊",
    "title": "余额统计",
    "description": "",
    "latestVersion": 1,
    "alwaysLatest": 0,
    "createTime": "2021-06-07T07:38:01.000Z",
    "lastUpdateTime": "2021-06-07T07:38:01.000Z",
    "auth": 1,
    "uid": "obd-oNS2naBTlfNrXgav1e_7VCOOMaLmoCV",
    "publishedVersion": 0,
    "forkFrom": "-",
    "isSpam": 0,
    "version": 1,
    "parentVersion": -1,
    "echartsVersion": "5.1.1",
    "versionCreateTime": "2021-06-07T07:38:01.000Z",
    "html": "",
    "externalScripts": "",
    "updaterUID": "obd-oNS2naBTlfNrXgav1e_7VCOOMaLmoCV",
    "theme": "",
    "layout": "",
    "viewCount": 0,
    "userName": "倩***啊",
    "commentCount": 0,
    "starCount": 3,
    "isStared": 0,
    "thumbnailURL": "https://www.makeapie.com/ecg-storage/ec_gallery_thumbnail/xU0iQqtZau.png?v=1623051482128",
    "isCustomThumbnail": 0,
    "builtinTags": [
        "category-work",
        "grid",
        "markLine",
        "markPoint",
        "series-line",
        "tooltip"
    ],
    "customTags": [],
    "updaterUserName": "倩***啊"
}