{
    "cid": "xueuFeX9nQ",
    "authorUid": "obd-ojnM3RhrnHXDN1dv9hr5NFuAAaEu0DY",
    "authorUserName": "丶***e",
    "title": "brd折线图",
    "description": "来自于brd的zyh创造",
    "latestVersion": 1,
    "alwaysLatest": 0,
    "createTime": "2021-06-08T09:34:11.000Z",
    "lastUpdateTime": "2021-06-08T09:34:11.000Z",
    "auth": 2,
    "uid": "obd-ojnM3RhrnHXDN1dv9hr5NFuAAaEu0DY",
    "publishedVersion": 0,
    "forkFrom": "-",
    "isSpam": 0,
    "version": 1,
    "parentVersion": -1,
    "echartsVersion": "5.1.1",
    "versionCreateTime": "2021-06-08T09:34:11.000Z",
    "html": "",
    "externalScripts": "",
    "updaterUID": "obd-ojnM3RhrnHXDN1dv9hr5NFuAAaEu0DY",
    "theme": "",
    "layout": "",
    "viewCount": 0,
    "userName": "丶***e",
    "commentCount": 0,
    "starCount": 0,
    "isStared": 0,
    "thumbnailURL": "https://www.makeapie.com/ecg-storage/ec_gallery_thumbnail/xueuFeX9nQ.png?v=1623144851816",
    "isCustomThumbnail": 0,
    "builtinTags": [
        "category-work",
        "grid",
        "series-custom",
        "tooltip"
    ],
    "customTags": [],
    "updaterUserName": "丶***e"
}