{
    "cid": "xx6OhPcwL6",
    "authorUid": "obd-oPqKpH1Lq1QdjW93n5pcIMNws17_49h",
    "authorUserName": "2***恋",
    "title": "Apdex满意度",
    "description": "柱状图和折线图的综合使用",
    "latestVersion": 1,
    "alwaysLatest": 0,
    "createTime": "2021-06-09T05:39:22.000Z",
    "lastUpdateTime": "2021-06-09T05:39:22.000Z",
    "auth": 1,
    "uid": "obd-oPqKpH1Lq1QdjW93n5pcIMNws17_49h",
    "publishedVersion": 0,
    "forkFrom": "-",
    "isSpam": 0,
    "version": 1,
    "parentVersion": -1,
    "echartsVersion": "5.1.2",
    "versionCreateTime": "2021-06-09T05:39:22.000Z",
    "html": "",
    "externalScripts": "",
    "updaterUID": "obd-oPqKpH1Lq1QdjW93n5pcIMNws17_49h",
    "theme": "",
    "layout": "",
    "viewCount": 0,
    "userName": "2***恋",
    "commentCount": 0,
    "starCount": 0,
    "isStared": 0,
    "thumbnailURL": "https://www.makeapie.com/ecg-storage/ec_gallery_thumbnail/xx6OhPcwL6.png?v=1623217162347",
    "isCustomThumbnail": 0,
    "builtinTags": [
        "category-work",
        "grid",
        "markLine",
        "series-bar",
        "series-line",
        "title",
        "tooltip"
    ],
    "customTags": [],
    "updaterUserName": "2***恋"
}