{
    "cid": "xB1eC_eOC-",
    "authorUid": "bd-3627644452",
    "authorUserName": "无***鱼",
    "title": "热点分布，大区规划，支援热度",
    "description": "热点分布，大区规划，支援热度",
    "latestVersion": 3,
    "alwaysLatest": 1,
    "createTime": "2017-11-02T01:45:43.000Z",
    "lastUpdateTime": "2017-11-02T01:45:43.000Z",
    "auth": 2,
    "uid": "bd-3627644452",
    "publishedVersion": 0,
    "forkFrom": "-",
    "isSpam": 0,
    "version": 3,
    "parentVersion": 2,
    "echartsVersion": "3.8.0",
    "versionCreateTime": "2017-11-10T08:18:20.000Z",
    "html": "",
    "externalScripts": "/dep/echarts/map/js/china.js",
    "updaterUID": "bd-3627644452",
    "theme": "",
    "layout": "",
    "viewCount": 28031,
    "userName": "无***鱼",
    "commentCount": 0,
    "starCount": 42,
    "isStared": 0,
    "thumbnailURL": "https://www.makeapie.com/ecg-storage/ec_gallery_thumbnail/xB1eC_eOC-.png?v=1510301900907",
    "isCustomThumbnail": 0,
    "builtinTags": [
        "category-work",
        "geo",
        "series-effectScatter",
        "series-map",
        "title",
        "toolbox",
        "tooltip",
        "visualMap"
    ],
    "customTags": [],
    "updaterUserName": "无***鱼"
}