{
    "cid": "xBy0XWq_Cb",
    "authorUid": "bd-2285022997",
    "authorUserName": "和蔼的A_D",
    "title": "销售量、销售额统计",
    "description": "两个bar覆盖，时间轴统一控制，双轴维度数据展示",
    "latestVersion": 1,
    "alwaysLatest": 1,
    "createTime": "2017-11-02T12:35:50.000Z",
    "lastUpdateTime": "2017-11-02T12:35:50.000Z",
    "auth": 2,
    "uid": "bd-2285022997",
    "publishedVersion": 0,
    "forkFrom": "-",
    "isSpam": 0,
    "version": 1,
    "parentVersion": -1,
    "echartsVersion": "3.7.2",
    "versionCreateTime": "2017-11-02T12:35:50.000Z",
    "html": "",
    "externalScripts": "",
    "updaterUID": "bd-2285022997",
    "theme": "",
    "layout": "",
    "viewCount": 603,
    "userName": "和蔼的A_D",
    "commentCount": 0,
    "starCount": 2,
    "isStared": 0,
    "thumbnailURL": "https://www.makeapie.com/ecg-storage/ec_gallery_thumbnail/xBy0XWq_Cb.png?v=1509626150290",
    "isCustomThumbnail": 0,
    "builtinTags": [
        "category-work",
        "dataZoom",
        "grid",
        "legend",
        "markPoint",
        "series-bar",
        "series-line",
        "title",
        "toolbox",
        "tooltip"
    ],
    "customTags": [],
    "updaterUserName": "和蔼的A_D"
}