{
    "cid": "xH1gyKxwC-",
    "authorUid": "bd-2047639019",
    "authorUserName": "灰***猫",
    "title": "17年9、10月图文阅读数据对比",
    "description": "",
    "latestVersion": 1,
    "alwaysLatest": 1,
    "createTime": "2017-11-01T07:33:44.000Z",
    "lastUpdateTime": "2017-11-01T07:33:44.000Z",
    "auth": 2,
    "uid": "bd-2047639019",
    "publishedVersion": 0,
    "forkFrom": "-",
    "isSpam": 0,
    "version": 1,
    "parentVersion": -1,
    "echartsVersion": "3.7.2",
    "versionCreateTime": "2017-11-01T07:33:44.000Z",
    "html": "",
    "externalScripts": "",
    "updaterUID": "bd-2047639019",
    "theme": "",
    "layout": "",
    "viewCount": 210,
    "userName": "灰***猫",
    "commentCount": 0,
    "starCount": 2,
    "isStared": 0,
    "thumbnailURL": "https://www.makeapie.com/ecg-storage/ec_gallery_thumbnail/xH1gyKxwC-.png?v=1509521624578",
    "isCustomThumbnail": 0,
    "builtinTags": [
        "category-work",
        "grid",
        "series-line",
        "title",
        "tooltip"
    ],
    "customTags": [],
    "updaterUserName": "灰***猫"
}