{
    "cid": "xH1YRu4O0-",
    "authorUid": "bd-1025214267",
    "authorUserName": "d***e",
    "title": "热力图heat",
    "description": "热力图-活跃程度",
    "latestVersion": 1,
    "alwaysLatest": 1,
    "createTime": "2017-11-02T06:18:57.000Z",
    "lastUpdateTime": "2017-11-02T06:18:57.000Z",
    "auth": 2,
    "uid": "bd-1025214267",
    "publishedVersion": 0,
    "forkFrom": "-",
    "isSpam": 0,
    "version": 1,
    "parentVersion": -1,
    "echartsVersion": "3.7.2",
    "versionCreateTime": "2017-11-02T06:18:57.000Z",
    "html": "",
    "externalScripts": "",
    "updaterUID": "bd-1025214267",
    "theme": "",
    "layout": "",
    "viewCount": 2025,
    "userName": "d***e",
    "commentCount": 0,
    "starCount": 7,
    "isStared": 0,
    "thumbnailURL": "https://www.makeapie.com/ecg-storage/ec_gallery_thumbnail/xH1YRu4O0-.png?v=1509603537373",
    "isCustomThumbnail": 0,
    "builtinTags": [
        "calendar",
        "category-work",
        "series-heatmap",
        "tooltip"
    ],
    "customTags": [],
    "updaterUserName": "d***e"
}