{
    "cid": "xHJBIuNOCb",
    "authorUid": "bd-1025214267",
    "authorUserName": "d***e",
    "title": "时间线time line",
    "description": "时间线图",
    "latestVersion": 5,
    "alwaysLatest": 1,
    "createTime": "2017-11-02T06:16:45.000Z",
    "lastUpdateTime": "2017-11-02T06:16:45.000Z",
    "auth": 2,
    "uid": "bd-1025214267",
    "publishedVersion": 0,
    "forkFrom": "-",
    "isSpam": 0,
    "version": 5,
    "parentVersion": 4,
    "echartsVersion": "3.7.2",
    "versionCreateTime": "2017-11-02T09:32:03.000Z",
    "html": "",
    "externalScripts": "",
    "updaterUID": "bd-1025214267",
    "theme": "",
    "layout": "",
    "viewCount": 699,
    "userName": "d***e",
    "commentCount": 0,
    "starCount": 3,
    "isStared": 0,
    "thumbnailURL": "https://www.makeapie.com/ecg-storage/ec_gallery_thumbnail/xHJBIuNOCb.png?v=1509615123144",
    "isCustomThumbnail": 0,
    "builtinTags": [
        "category-work",
        "grid",
        "markLine",
        "markPoint",
        "series-scatter",
        "tooltip"
    ],
    "customTags": [],
    "updaterUserName": "d***e"
}