{
    "cid": "xHkkZqndAZ",
    "authorUid": "bd-3112857463",
    "authorUserName": "席仲勋",
    "title": "养老机构与医疗机构签约情况",
    "description": "左为内设医疗，右为外部签约",
    "latestVersion": 1,
    "alwaysLatest": 1,
    "createTime": "2017-11-02T15:29:58.000Z",
    "lastUpdateTime": "2017-11-02T15:29:58.000Z",
    "auth": 2,
    "uid": "bd-3112857463",
    "publishedVersion": 0,
    "forkFrom": "-",
    "isSpam": 0,
    "version": 1,
    "parentVersion": -1,
    "echartsVersion": "3.7.2",
    "versionCreateTime": "2017-11-02T15:29:58.000Z",
    "html": "",
    "externalScripts": "",
    "updaterUID": "bd-3112857463",
    "theme": "",
    "layout": "",
    "viewCount": 343,
    "userName": "席仲勋",
    "commentCount": 0,
    "starCount": 1,
    "isStared": 0,
    "thumbnailURL": "https://www.makeapie.com/ecg-storage/ec_gallery_thumbnail/xHkkZqndAZ.png?v=1509636598836",
    "isCustomThumbnail": 0,
    "builtinTags": [
        "category-work",
        "grid",
        "series-pie",
        "title",
        "tooltip"
    ],
    "customTags": [],
    "updaterUserName": "席仲勋"
}