{
    "cid": "xrJNYNEdR-",
    "authorUid": "bd-3708241404",
    "authorUserName": "YYJJPQ",
    "title": "仪表图 pie gauge",
    "description": "仪表展示数据, 进度条, 指针, 刻度. 数据联动",
    "latestVersion": 2,
    "alwaysLatest": 1,
    "createTime": "2017-11-02T06:00:27.000Z",
    "lastUpdateTime": "2017-11-02T06:00:27.000Z",
    "auth": 2,
    "uid": "bd-3708241404",
    "publishedVersion": 0,
    "forkFrom": "-",
    "isSpam": 0,
    "version": 2,
    "parentVersion": 1,
    "echartsVersion": "3.7.2",
    "versionCreateTime": "2017-11-02T06:00:43.000Z",
    "html": "",
    "externalScripts": "",
    "updaterUID": "bd-3708241404",
    "theme": "",
    "layout": "",
    "viewCount": 2043,
    "userName": "YYJJPQ",
    "commentCount": 0,
    "starCount": 6,
    "isStared": 0,
    "thumbnailURL": "https://www.makeapie.com/ecg-storage/ec_gallery_thumbnail/xrJNYNEdR-.png?v=1509602443969",
    "isCustomThumbnail": 0,
    "builtinTags": [
        "category-work",
        "series-gauge",
        "series-pie",
        "tooltip"
    ],
    "customTags": [],
    "updaterUserName": "YYJJPQ"
}