{
    "cid": "xrkv6-ZPAb",
    "authorUid": "bd-2585475181",
    "authorUserName": "雨田啊啊",
    "title": "省级地图直接显示到区县级",
    "description": "",
    "latestVersion": 1,
    "alwaysLatest": 1,
    "createTime": "2017-11-01T08:11:42.000Z",
    "lastUpdateTime": "2017-11-01T08:11:42.000Z",
    "auth": 2,
    "uid": "bd-2585475181",
    "publishedVersion": 0,
    "forkFrom": "-",
    "isSpam": 0,
    "version": 1,
    "parentVersion": -1,
    "echartsVersion": "3.7.2",
    "versionCreateTime": "2017-11-01T08:11:42.000Z",
    "html": "",
    "externalScripts": "http://code.jquery.com/jquery-1.4.1.min.js",
    "updaterUID": "bd-2585475181",
    "theme": "",
    "layout": "",
    "viewCount": 2710,
    "userName": "雨田啊啊",
    "commentCount": 1,
    "starCount": 10,
    "isStared": 0,
    "thumbnailURL": "https://www.makeapie.com/ecg-storage/ec_gallery_thumbnail/xrkv6-ZPAb.png?v=1509523902888",
    "isCustomThumbnail": 0,
    "builtinTags": [
        "category-work",
        "series-map",
        "visualMap"
    ],
    "customTags": [],
    "updaterUserName": "雨田啊啊"
}