{
    "cid": "xryQDPYK0b",
    "authorUid": "bd-809368804",
    "authorUserName": "阿洛儿啊",
    "title": "3D柱状图",
    "description": "数据二维,老板单纯想要立体效果",
    "latestVersion": 1,
    "alwaysLatest": 1,
    "createTime": "2017-11-03T06:06:19.000Z",
    "lastUpdateTime": "2017-11-03T06:06:19.000Z",
    "auth": 2,
    "uid": "bd-809368804",
    "publishedVersion": 0,
    "forkFrom": "-",
    "isSpam": 0,
    "version": 1,
    "parentVersion": -1,
    "echartsVersion": "3.7.2",
    "versionCreateTime": "2017-11-03T06:06:19.000Z",
    "html": "",
    "externalScripts": "http://echarts.baidu.com/resource/echarts-gl-latest/dist/echarts-gl.min.js",
    "updaterUID": "bd-809368804",
    "theme": "",
    "layout": "",
    "viewCount": 13001,
    "userName": "阿洛儿啊",
    "commentCount": 1,
    "starCount": 11,
    "isStared": 0,
    "thumbnailURL": "https://www.makeapie.com/ecg-storage/ec_gallery_thumbnail/xryQDPYK0b.png?v=1509689179344",
    "isCustomThumbnail": 0,
    "builtinTags": [
        "category-work",
        "grid3D",
        "series-bar3D",
        "tooltip",
        "visualMap"
    ],
    "customTags": [],
    "updaterUserName": "阿洛儿啊"
}