{
    "cid": "xSJ8NC3tRb",
    "authorUid": "bd-2500078228",
    "authorUserName": "wannano",
    "title": "Bar点击事件",
    "description": "",
    "latestVersion": 3,
    "alwaysLatest": 1,
    "createTime": "2017-11-03T10:00:13.000Z",
    "lastUpdateTime": "2017-11-03T10:00:13.000Z",
    "auth": 2,
    "uid": "bd-2500078228",
    "publishedVersion": 0,
    "forkFrom": "-",
    "isSpam": 0,
    "version": 3,
    "parentVersion": 2,
    "echartsVersion": "3.7.2",
    "versionCreateTime": "2017-11-03T10:15:40.000Z",
    "html": "",
    "externalScripts": "",
    "updaterUID": "bd-2500078228",
    "theme": "",
    "layout": "",
    "viewCount": 97,
    "userName": "wannano",
    "commentCount": 0,
    "starCount": 0,
    "isStared": 0,
    "thumbnailURL": "https://www.makeapie.com/ecg-storage/ec_gallery_thumbnail/xSJ8NC3tRb.png?v=1509704140128",
    "isCustomThumbnail": 0,
    "builtinTags": [
        "category-work",
        "grid",
        "series-bar",
        "tooltip"
    ],
    "customTags": [],
    "updaterUserName": "wannano"
}