{
    "cid": "xSJp2BYK0W",
    "authorUid": "bd-1493919867",
    "authorUserName": "15216171048",
    "title": "分段数据柱状图",
    "description": "",
    "latestVersion": 1,
    "alwaysLatest": 1,
    "createTime": "2017-11-03T05:59:17.000Z",
    "lastUpdateTime": "2017-11-03T05:59:17.000Z",
    "auth": 2,
    "uid": "bd-1493919867",
    "publishedVersion": 0,
    "forkFrom": "-",
    "isSpam": 0,
    "version": 1,
    "parentVersion": -1,
    "echartsVersion": "3.7.2",
    "versionCreateTime": "2017-11-03T05:59:17.000Z",
    "html": "",
    "externalScripts": "",
    "updaterUID": "bd-1493919867",
    "theme": "",
    "layout": "",
    "viewCount": 60,
    "userName": "15216171048",
    "commentCount": 0,
    "starCount": 0,
    "isStared": 0,
    "thumbnailURL": "https://www.makeapie.com/ecg-storage/ec_gallery_thumbnail/xSJp2BYK0W.png?v=1509688757257",
    "isCustomThumbnail": 0,
    "builtinTags": [
        "category-work",
        "grid",
        "legend",
        "series-bar",
        "toolbox",
        "tooltip"
    ],
    "customTags": [],
    "updaterUserName": "15216171048"
}