{
    "cid": "xSkui_aB0W",
    "authorUid": "bd-874846973",
    "authorUserName": "nedrt",
    "title": "test3d",
    "description": "",
    "latestVersion": 1,
    "alwaysLatest": 1,
    "createTime": "2017-10-31T09:55:43.000Z",
    "lastUpdateTime": "2017-10-31T09:55:43.000Z",
    "auth": 2,
    "uid": "bd-874846973",
    "publishedVersion": 0,
    "forkFrom": "-",
    "isSpam": 0,
    "version": 1,
    "parentVersion": -1,
    "echartsVersion": "3.7.2",
    "versionCreateTime": "2017-10-31T09:55:43.000Z",
    "html": "",
    "externalScripts": "",
    "updaterUID": "bd-874846973",
    "theme": "",
    "layout": "",
    "viewCount": 15,
    "userName": "nedrt",
    "commentCount": 0,
    "starCount": 0,
    "isStared": 0,
    "thumbnailURL": "https://www.makeapie.com/ecg-storage/ec_gallery_thumbnail/xSkui_aB0W.png?v=1509443743979",
    "isCustomThumbnail": 0,
    "builtinTags": [
        "category-work"
    ],
    "customTags": [],
    "updaterUserName": "nedrt"
}