{
    "cid": "xSkuMdKKAb",
    "authorUid": "bd-2585475181",
    "authorUserName": "雨田啊啊",
    "title": "象形柱图",
    "description": "",
    "latestVersion": 1,
    "alwaysLatest": 1,
    "createTime": "2017-11-03T06:09:20.000Z",
    "lastUpdateTime": "2017-11-03T06:09:20.000Z",
    "auth": 2,
    "uid": "bd-2585475181",
    "publishedVersion": 0,
    "forkFrom": "-",
    "isSpam": 0,
    "version": 1,
    "parentVersion": -1,
    "echartsVersion": "3.7.2",
    "versionCreateTime": "2017-11-03T06:09:20.000Z",
    "html": "",
    "externalScripts": "",
    "updaterUID": "bd-2585475181",
    "theme": "",
    "layout": "",
    "viewCount": 53,
    "userName": "雨田啊啊",
    "commentCount": 0,
    "starCount": 0,
    "isStared": 0,
    "thumbnailURL": "https://www.makeapie.com/ecg-storage/ec_gallery_thumbnail/xSkuMdKKAb.png?v=1509689360489",
    "isCustomThumbnail": 0,
    "builtinTags": [
        "category-work",
        "grid",
        "series-pictorialBar",
        "title"
    ],
    "customTags": [],
    "updaterUserName": "雨田啊啊"
}