{
    "cid": "xSy1doJDCZ",
    "authorUid": "bd-3708241404",
    "authorUserName": "YYJJPQ",
    "title": "柱状图展示",
    "description": "循环颜色的柱状图",
    "latestVersion": 1,
    "alwaysLatest": 1,
    "createTime": "2017-11-01T06:36:23.000Z",
    "lastUpdateTime": "2017-11-01T06:36:23.000Z",
    "auth": 2,
    "uid": "bd-3708241404",
    "publishedVersion": 0,
    "forkFrom": "-",
    "isSpam": 0,
    "version": 1,
    "parentVersion": -1,
    "echartsVersion": "3.7.2",
    "versionCreateTime": "2017-11-01T06:36:23.000Z",
    "html": "",
    "externalScripts": "",
    "updaterUID": "bd-3708241404",
    "theme": "",
    "layout": "",
    "viewCount": 139,
    "userName": "YYJJPQ",
    "commentCount": 0,
    "starCount": 3,
    "isStared": 0,
    "thumbnailURL": "https://www.makeapie.com/ecg-storage/ec_gallery_thumbnail/xSy1doJDCZ.png?v=1509518183540",
    "isCustomThumbnail": 0,
    "builtinTags": [
        "category-work",
        "grid",
        "legend",
        "series-bar",
        "tooltip"
    ],
    "customTags": [],
    "updaterUserName": "YYJJPQ"
}