{
    "cid": "xSyb3jttCb",
    "authorUid": "bd-2520973632",
    "authorUserName": "特别大的哪吒",
    "title": "动态数据",
    "description": "纯属虚构",
    "latestVersion": 1,
    "alwaysLatest": 1,
    "createTime": "2017-11-03T06:24:41.000Z",
    "lastUpdateTime": "2017-11-03T06:24:41.000Z",
    "auth": 2,
    "uid": "bd-2520973632",
    "publishedVersion": 0,
    "forkFrom": "-",
    "isSpam": 0,
    "version": 1,
    "parentVersion": -1,
    "echartsVersion": "3.7.2",
    "versionCreateTime": "2017-11-03T06:24:41.000Z",
    "html": "",
    "externalScripts": "",
    "updaterUID": "bd-2520973632",
    "theme": "",
    "layout": "",
    "viewCount": 207,
    "userName": "特别大的哪吒",
    "commentCount": 0,
    "starCount": 1,
    "isStared": 0,
    "thumbnailURL": "https://www.makeapie.com/ecg-storage/ec_gallery_thumbnail/xSyb3jttCb.png?v=1509690281290",
    "isCustomThumbnail": 0,
    "builtinTags": [
        "category-work",
        "dataZoom",
        "grid",
        "legend",
        "series-line",
        "title",
        "toolbox",
        "tooltip"
    ],
    "customTags": [],
    "updaterUserName": "特别大的哪吒"
}