{
    "cid": "x05RfeDfMx",
    "authorUid": "bd-1528266950",
    "authorUserName": "0***0",
    "title": "饼图＋环图",
    "description": "饼图加环图",
    "latestVersion": 1,
    "alwaysLatest": 1,
    "createTime": "2021-01-19T08:06:31.000Z",
    "lastUpdateTime": "2021-01-19T08:06:31.000Z",
    "auth": 2,
    "uid": "bd-1528266950",
    "publishedVersion": 0,
    "forkFrom": "-",
    "isSpam": 0,
    "version": 1,
    "parentVersion": -1,
    "echartsVersion": "4.8.0",
    "versionCreateTime": "2021-01-19T08:06:31.000Z",
    "html": "",
    "externalScripts": "",
    "updaterUID": "bd-1528266950",
    "theme": "",
    "layout": "",
    "viewCount": 91,
    "userName": "0***0",
    "commentCount": 0,
    "starCount": 2,
    "isStared": 0,
    "thumbnailURL": "https://www.makeapie.com/ecg-storage/ec_gallery_thumbnail/x05RfeDfMx.png?v=1611043592065",
    "isCustomThumbnail": 0,
    "builtinTags": [
        "category-work",
        "series-pie",
        "tooltip"
    ],
    "customTags": [
        "pie"
    ],
    "updaterUserName": "0***0"
}