{
    "cid": "x6BtbHS_b-",
    "authorUid": "obd-oj8MlDIsMdI2-arXdF4HmN6QkEq61Dx",
    "authorUserName": "承***y",
    "title": "环图",
    "description": "",
    "latestVersion": 1,
    "alwaysLatest": 1,
    "createTime": "2021-01-19T07:58:28.000Z",
    "lastUpdateTime": "2021-01-19T07:58:28.000Z",
    "auth": 1,
    "uid": "obd-oj8MlDIsMdI2-arXdF4HmN6QkEq61Dx",
    "publishedVersion": 0,
    "forkFrom": "-",
    "isSpam": 0,
    "version": 1,
    "parentVersion": -1,
    "echartsVersion": "4.8.0",
    "versionCreateTime": "2021-01-19T07:58:28.000Z",
    "html": "",
    "externalScripts": "",
    "updaterUID": "obd-oj8MlDIsMdI2-arXdF4HmN6QkEq61Dx",
    "theme": "",
    "layout": "",
    "viewCount": 24,
    "userName": "承***y",
    "commentCount": 0,
    "starCount": 1,
    "isStared": 0,
    "thumbnailURL": "https://www.makeapie.com/ecg-storage/ec_gallery_thumbnail/x6BtbHS_b-.png?v=1611043108900",
    "isCustomThumbnail": 0,
    "builtinTags": [
        "category-work",
        "series-pie"
    ],
    "customTags": [],
    "updaterUserName": "承***y"
}