{
    "cid": "x98p7zim1J",
    "authorUid": "bd-944243892",
    "authorUserName": "韩***能",
    "title": "商品链接分类",
    "description": "",
    "latestVersion": 1,
    "alwaysLatest": 1,
    "createTime": "2021-01-19T04:28:18.000Z",
    "lastUpdateTime": "2021-01-19T04:28:18.000Z",
    "auth": 2,
    "uid": "bd-944243892",
    "publishedVersion": 0,
    "forkFrom": "-",
    "isSpam": 0,
    "version": 1,
    "parentVersion": -1,
    "echartsVersion": "4.8.0",
    "versionCreateTime": "2021-01-19T04:28:18.000Z",
    "html": "",
    "externalScripts": "",
    "updaterUID": "bd-944243892",
    "theme": "",
    "layout": "",
    "viewCount": 147,
    "userName": "韩***能",
    "commentCount": 0,
    "starCount": 0,
    "isStared": 0,
    "thumbnailURL": "https://www.makeapie.com/ecg-storage/ec_gallery_thumbnail/x98p7zim1J.png?v=1611030498369",
    "isCustomThumbnail": 1,
    "builtinTags": [
        "category-work",
        "dataset",
        "grid",
        "series-bar",
        "visualMap"
    ],
    "customTags": [],
    "updaterUserName": "韩***能"
}