{
    "cid": "x9vrVqhJfk",
    "authorUid": "obd-oF6xycBsxEEMzotwybuTHwCxE0myu5R",
    "authorUserName": "g***b",
    "title": "极坐标系",
    "description": "",
    "latestVersion": 3,
    "alwaysLatest": 1,
    "createTime": "2021-01-19T03:58:44.000Z",
    "lastUpdateTime": "2021-01-19T03:58:44.000Z",
    "auth": 2,
    "uid": "obd-oF6xycBsxEEMzotwybuTHwCxE0myu5R",
    "publishedVersion": 0,
    "forkFrom": "-",
    "isSpam": 0,
    "version": 3,
    "parentVersion": 2,
    "echartsVersion": "4.8.0",
    "versionCreateTime": "2021-01-19T04:08:00.000Z",
    "html": "",
    "externalScripts": "",
    "updaterUID": "obd-oF6xycBsxEEMzotwybuTHwCxE0myu5R",
    "theme": "",
    "layout": "",
    "viewCount": 79,
    "userName": "g***b",
    "commentCount": 0,
    "starCount": 0,
    "isStared": 0,
    "thumbnailURL": "https://www.makeapie.com/ecg-storage/ec_gallery_thumbnail/x9vrVqhJfk.png?v=1611029280768",
    "isCustomThumbnail": 0,
    "builtinTags": [
        "category-work",
        "legend",
        "polar",
        "series-bar",
        "series-pie"
    ],
    "customTags": [],
    "updaterUserName": "g***b"
}