{
    "cid": "xbnK9BV4qy",
    "authorUid": "bd-925573494",
    "authorUserName": "群***乐",
    "title": "饼图，自定义label",
    "description": "饼图标签自定义标签",
    "latestVersion": 1,
    "alwaysLatest": 1,
    "createTime": "2021-01-20T02:55:38.000Z",
    "lastUpdateTime": "2021-03-02T08:10:38.000Z",
    "auth": 2,
    "uid": "bd-925573494",
    "publishedVersion": 0,
    "forkFrom": "-",
    "isSpam": 0,
    "version": 1,
    "parentVersion": -1,
    "echartsVersion": "4.8.0",
    "versionCreateTime": "2021-01-20T02:55:38.000Z",
    "html": "",
    "externalScripts": "",
    "updaterUID": "bd-925573494",
    "theme": "default",
    "layout": "",
    "viewCount": 117,
    "userName": "群***乐",
    "commentCount": 0,
    "starCount": 1,
    "isStared": 0,
    "thumbnailURL": "https://www.makeapie.com/ecg-storage/ec_gallery_thumbnail/xbnK9BV4qy.png?v=1611111338761",
    "isCustomThumbnail": 0,
    "builtinTags": [
        "category-work",
        "series-pie"
    ],
    "customTags": [
        "自定义label",
        "饼图"
    ],
    "updaterUserName": "群***乐"
}