{
    "cid": "xE-SUOz2gW",
    "authorUid": "obd-o0gOZGbn-lKPw4xQhyiQCAlPCUJd7Fr",
    "authorUserName": "k***9",
    "title": "饼图+极坐标",
    "description": "",
    "latestVersion": 6,
    "alwaysLatest": 1,
    "createTime": "2021-01-19T06:06:08.000Z",
    "lastUpdateTime": "2021-01-19T07:24:39.000Z",
    "auth": 2,
    "uid": "obd-o0gOZGbn-lKPw4xQhyiQCAlPCUJd7Fr",
    "publishedVersion": 0,
    "forkFrom": "-",
    "isSpam": 0,
    "version": 6,
    "parentVersion": 5,
    "echartsVersion": "4.8.0",
    "versionCreateTime": "2021-01-19T07:23:25.000Z",
    "html": "",
    "externalScripts": "",
    "updaterUID": "obd-o0gOZGbn-lKPw4xQhyiQCAlPCUJd7Fr",
    "theme": "default",
    "layout": "",
    "viewCount": 148,
    "userName": "k***9",
    "commentCount": 0,
    "starCount": 10,
    "isStared": 0,
    "thumbnailURL": "https://www.makeapie.com/ecg-storage/ec_gallery_thumbnail/xE-SUOz2gW.png?v=1611041080047",
    "isCustomThumbnail": 1,
    "builtinTags": [
        "category-work",
        "polar",
        "series-bar",
        "series-pie",
        "tooltip"
    ],
    "customTags": [],
    "updaterUserName": "k***9"
}