{
    "cid": "xHWDZolGed",
    "authorUid": "bd-1528266950",
    "authorUserName": "0***0",
    "title": "环形图",
    "description": "大气空气质量占比环形图",
    "latestVersion": 1,
    "alwaysLatest": 1,
    "createTime": "2021-01-19T01:42:27.000Z",
    "lastUpdateTime": "2021-01-19T01:42:27.000Z",
    "auth": 2,
    "uid": "bd-1528266950",
    "publishedVersion": 0,
    "forkFrom": "-",
    "isSpam": 0,
    "version": 1,
    "parentVersion": -1,
    "echartsVersion": "4.8.0",
    "versionCreateTime": "2021-01-19T01:42:27.000Z",
    "html": "",
    "externalScripts": "",
    "updaterUID": "bd-1528266950",
    "theme": "",
    "layout": "",
    "viewCount": 17,
    "userName": "0***0",
    "commentCount": 0,
    "starCount": 0,
    "isStared": 0,
    "thumbnailURL": "https://www.makeapie.com/ecg-storage/ec_gallery_thumbnail/xHWDZolGed.png?v=1611020547511",
    "isCustomThumbnail": 0,
    "builtinTags": [
        "category-work",
        "legend",
        "series-pie",
        "tooltip"
    ],
    "customTags": [
        "pie"
    ],
    "updaterUserName": "0***0"
}