{
    "cid": "xhy4irMnZ7",
    "authorUid": "obd-oj4muJ8opXYe6098oNs-prGlBS6yMDA",
    "authorUserName": "o***6",
    "title": "七日累积任务趋势",
    "description": "",
    "latestVersion": 1,
    "alwaysLatest": 1,
    "createTime": "2021-01-20T03:37:34.000Z",
    "lastUpdateTime": "2021-01-20T03:37:34.000Z",
    "auth": 2,
    "uid": "obd-oj4muJ8opXYe6098oNs-prGlBS6yMDA",
    "publishedVersion": 0,
    "forkFrom": "-",
    "isSpam": 0,
    "version": 1,
    "parentVersion": -1,
    "echartsVersion": "4.8.0",
    "versionCreateTime": "2021-01-20T03:37:34.000Z",
    "html": "",
    "externalScripts": "",
    "updaterUID": "obd-oj4muJ8opXYe6098oNs-prGlBS6yMDA",
    "theme": "",
    "layout": "",
    "viewCount": 34,
    "userName": "o***6",
    "commentCount": 0,
    "starCount": 1,
    "isStared": 0,
    "thumbnailURL": "https://www.makeapie.com/ecg-storage/ec_gallery_thumbnail/xhy4irMnZ7.png?v=1611113855008",
    "isCustomThumbnail": 0,
    "builtinTags": [
        "category-work",
        "grid",
        "series-pictorialBar",
        "title",
        "tooltip"
    ],
    "customTags": [],
    "updaterUserName": "o***6"
}