{
    "cid": "xHYwWvDte0",
    "authorUid": "bd-3553659272",
    "authorUserName": "你***来",
    "title": "多折线图示例",
    "description": "一个容器多个图形 记录",
    "latestVersion": 2,
    "alwaysLatest": 1,
    "createTime": "2021-01-18T08:27:07.000Z",
    "lastUpdateTime": "2021-01-18T08:27:07.000Z",
    "auth": 2,
    "uid": "bd-3553659272",
    "publishedVersion": 0,
    "forkFrom": "-",
    "isSpam": 0,
    "version": 2,
    "parentVersion": 1,
    "echartsVersion": "4.8.0",
    "versionCreateTime": "2021-01-18T08:28:12.000Z",
    "html": "",
    "externalScripts": "",
    "updaterUID": "bd-3553659272",
    "theme": "",
    "layout": "",
    "viewCount": 83,
    "userName": "你***来",
    "commentCount": 0,
    "starCount": 2,
    "isStared": 0,
    "thumbnailURL": "https://www.makeapie.com/ecg-storage/ec_gallery_thumbnail/xHYwWvDte0.png?v=1610958492672",
    "isCustomThumbnail": 0,
    "builtinTags": [
        "category-work",
        "grid",
        "series-line",
        "tooltip"
    ],
    "customTags": [],
    "updaterUserName": "你***来"
}