{
    "cid": "xQAoYoVIZl",
    "authorUid": "obd-ojC2sOAw1btUjfLyLh0lfP_-NeDAiE6",
    "authorUserName": "152*****179",
    "title": "柱状图",
    "description": "渐变分隔柱状图",
    "latestVersion": 3,
    "alwaysLatest": 1,
    "createTime": "2021-01-19T01:46:09.000Z",
    "lastUpdateTime": "2021-01-19T01:46:09.000Z",
    "auth": 1,
    "uid": "obd-ojC2sOAw1btUjfLyLh0lfP_-NeDAiE6",
    "publishedVersion": 0,
    "forkFrom": "-",
    "isSpam": 0,
    "version": 3,
    "parentVersion": 2,
    "echartsVersion": "4.8.0",
    "versionCreateTime": "2021-01-19T09:04:16.000Z",
    "html": "",
    "externalScripts": "",
    "updaterUID": "obd-o2SynwDe6gE5ZxHWkpZ64dIS-Yp1nBJ",
    "theme": "",
    "layout": "",
    "viewCount": 38,
    "userName": "152*****179",
    "commentCount": 0,
    "starCount": 0,
    "isStared": 0,
    "thumbnailURL": "https://www.makeapie.com/ecg-storage/ec_gallery_thumbnail/xQAoYoVIZl.png?v=1611047056947",
    "isCustomThumbnail": 0,
    "builtinTags": [
        "category-work",
        "grid",
        "series-bar",
        "series-pictorialBar",
        "tooltip"
    ],
    "customTags": [
        "渐变横向柱状图"
    ],
    "updaterUserName": "1***a"
}