{
    "cid": "xyjk_226m4",
    "authorUid": "bd-1528266950",
    "authorUserName": "0***0",
    "title": "半圆环形图",
    "description": "大气含量占比",
    "latestVersion": 1,
    "alwaysLatest": 1,
    "createTime": "2021-01-19T07:12:10.000Z",
    "lastUpdateTime": "2021-01-19T07:12:10.000Z",
    "auth": 2,
    "uid": "bd-1528266950",
    "publishedVersion": 0,
    "forkFrom": "-",
    "isSpam": 0,
    "version": 1,
    "parentVersion": -1,
    "echartsVersion": "4.8.0",
    "versionCreateTime": "2021-01-19T07:12:10.000Z",
    "html": "",
    "externalScripts": "",
    "updaterUID": "bd-1528266950",
    "theme": "",
    "layout": "",
    "viewCount": 60,
    "userName": "0***0",
    "commentCount": 0,
    "starCount": 2,
    "isStared": 0,
    "thumbnailURL": "https://www.makeapie.com/ecg-storage/ec_gallery_thumbnail/xyjk_226m4.png?v=1611040330976",
    "isCustomThumbnail": 0,
    "builtinTags": [
        "category-work",
        "series-pie"
    ],
    "customTags": [
        "pie"
    ],
    "updaterUserName": "0***0"
}