{
    "cid": "x8D1epVWzv",
    "authorUid": "obd-oCAt-CFhuV7fTX-AXYUnqLNaWzDIV3Q",
    "authorUserName": "C***p",
    "title": "3d柱状图",
    "description": "",
    "latestVersion": 1,
    "alwaysLatest": 0,
    "createTime": "2021-08-27T02:06:10.000Z",
    "lastUpdateTime": "2021-08-27T02:06:10.000Z",
    "auth": 2,
    "uid": "obd-oCAt-CFhuV7fTX-AXYUnqLNaWzDIV3Q",
    "publishedVersion": 0,
    "forkFrom": "-",
    "isSpam": 0,
    "version": 1,
    "parentVersion": -1,
    "echartsVersion": "5.1.2",
    "versionCreateTime": "2021-08-27T02:06:10.000Z",
    "html": "",
    "externalScripts": "",
    "updaterUID": "obd-oCAt-CFhuV7fTX-AXYUnqLNaWzDIV3Q",
    "theme": "",
    "layout": "",
    "viewCount": 0,
    "userName": "C***p",
    "commentCount": 0,
    "starCount": 2,
    "isStared": 0,
    "thumbnailURL": "https://www.makeapie.com/ecg-storage/ec_gallery_thumbnail/x8D1epVWzv.png?v=1630029970600",
    "isCustomThumbnail": 0,
    "builtinTags": [
        "category-work",
        "grid",
        "series-bar",
        "series-pictorialBar",
        "tooltip"
    ],
    "customTags": [],
    "updaterUserName": "C***p"
}