{
    "cid": "xc7Otlg5RT",
    "authorUid": "obd-oM582ZTtphhGQUDi8iibf5OsJmJWg2W",
    "authorUserName": "8***4",
    "title": "水波纹",
    "description": "根据不同数值改变水波纹颜色",
    "latestVersion": 2,
    "alwaysLatest": 0,
    "createTime": "2021-08-26T09:10:14.000Z",
    "lastUpdateTime": "2021-08-26T09:10:43.000Z",
    "auth": 2,
    "uid": "obd-oM582ZTtphhGQUDi8iibf5OsJmJWg2W",
    "publishedVersion": 0,
    "forkFrom": "-",
    "isSpam": 0,
    "version": 2,
    "parentVersion": 1,
    "echartsVersion": "5.1.2",
    "versionCreateTime": "2021-08-26T09:10:43.000Z",
    "html": "",
    "externalScripts": "https://cdn.jsdelivr.net/npm/echarts-liquidfill@3/dist/echarts-liquidfill.min.js",
    "updaterUID": "obd-oM582ZTtphhGQUDi8iibf5OsJmJWg2W",
    "theme": "",
    "layout": "",
    "viewCount": 0,
    "userName": "8***4",
    "commentCount": 0,
    "starCount": 1,
    "isStared": 0,
    "thumbnailURL": "https://www.makeapie.com/ecg-storage/ec_gallery_thumbnail/xc7Otlg5RT.png?v=1629969043939",
    "isCustomThumbnail": 0,
    "builtinTags": [
        "category-work",
        "series-liquidFill"
    ],
    "customTags": [],
    "updaterUserName": "8***4"
}