{
    "cid": "xGH2szRdpI",
    "authorUid": "obd-oEc70QTGd0ywmAB7Raqv5CBkzdVXZ4N",
    "authorUserName": "泡***_",
    "title": "双柱状图",
    "description": "",
    "latestVersion": 4,
    "alwaysLatest": 0,
    "createTime": "2021-08-28T02:02:52.000Z",
    "lastUpdateTime": "2021-10-14T03:27:06.000Z",
    "auth": 2,
    "uid": "obd-oEc70QTGd0ywmAB7Raqv5CBkzdVXZ4N",
    "publishedVersion": 0,
    "forkFrom": "-",
    "isSpam": 0,
    "version": 4,
    "parentVersion": 3,
    "echartsVersion": "5.1.2",
    "versionCreateTime": "2021-10-14T03:27:06.000Z",
    "html": "",
    "externalScripts": "",
    "updaterUID": "obd-oEc70QTGd0ywmAB7Raqv5CBkzdVXZ4N",
    "theme": "",
    "layout": "",
    "viewCount": 0,
    "userName": "泡***_",
    "commentCount": 0,
    "starCount": 2,
    "isStared": 0,
    "thumbnailURL": "https://www.makeapie.com/ecg-storage/ec_gallery_thumbnail/xGH2szRdpI.png?v=1634182026990",
    "isCustomThumbnail": 0,
    "builtinTags": [
        "category-work",
        "grid",
        "legend",
        "series-bar",
        "series-pictorialBar",
        "toolbox",
        "tooltip"
    ],
    "customTags": [],
    "updaterUserName": "泡***_"
}