{
    "cid": "xJo5vaUdq9",
    "authorUid": "obd-oFbxvYoSWxSLUyDt5qcvCYwk1vh505o",
    "authorUserName": "情***6",
    "title": "极坐标柱图+旭日图条纹背景",
    "description": "极坐标柱图+旭日图条纹背景",
    "latestVersion": 5,
    "alwaysLatest": 0,
    "createTime": "2021-08-27T06:23:05.000Z",
    "lastUpdateTime": "2021-09-24T05:38:14.000Z",
    "auth": 2,
    "uid": "obd-oFbxvYoSWxSLUyDt5qcvCYwk1vh505o",
    "publishedVersion": 0,
    "forkFrom": "-",
    "isSpam": 0,
    "version": 5,
    "parentVersion": 4,
    "echartsVersion": "5.2.1",
    "versionCreateTime": "2021-09-24T05:38:14.000Z",
    "html": "",
    "externalScripts": "",
    "updaterUID": "obd-oFbxvYoSWxSLUyDt5qcvCYwk1vh505o",
    "theme": "",
    "layout": "",
    "viewCount": 0,
    "userName": "情***6",
    "commentCount": 0,
    "starCount": 3,
    "isStared": 0,
    "thumbnailURL": "https://www.makeapie.com/ecg-storage/ec_gallery_thumbnail/xJo5vaUdq9.png?v=1632461894533",
    "isCustomThumbnail": 0,
    "builtinTags": [
        "category-work",
        "polar",
        "series-bar",
        "series-sunburst",
        "tooltip"
    ],
    "customTags": [
        "bar",
        "polar",
        "sunburst"
    ],
    "updaterUserName": "情***6"
}