{
    "cid": "xkyLqh55eI",
    "authorUid": "obd-o-GSe6SdD2lUx_PKyeStVxEBPUEDNA5",
    "authorUserName": "q***n",
    "title": "",
    "description": "",
    "latestVersion": 2,
    "alwaysLatest": 0,
    "createTime": "2021-08-27T09:46:21.000Z",
    "lastUpdateTime": "2021-08-30T07:34:47.000Z",
    "auth": 2,
    "uid": "obd-o-GSe6SdD2lUx_PKyeStVxEBPUEDNA5",
    "publishedVersion": 0,
    "forkFrom": "-",
    "isSpam": 0,
    "version": 2,
    "parentVersion": 1,
    "echartsVersion": "4.9.0",
    "versionCreateTime": "2021-08-30T07:34:47.000Z",
    "html": "",
    "externalScripts": "",
    "updaterUID": "obd-o-GSe6SdD2lUx_PKyeStVxEBPUEDNA5",
    "theme": "",
    "layout": "",
    "viewCount": 0,
    "userName": "q***n",
    "commentCount": 0,
    "starCount": 1,
    "isStared": 0,
    "thumbnailURL": "https://www.makeapie.com/ecg-storage/ec_gallery_thumbnail/xkyLqh55eI.png?v=1630308888006",
    "isCustomThumbnail": 0,
    "builtinTags": [
        "category-work",
        "series-graph"
    ],
    "customTags": [],
    "updaterUserName": "q***n"
}