{
    "cid": "xlJaXSbNT2",
    "authorUid": "obd-ojd2pnXiDOXnymtk7zIPKaY7NT0mkE9",
    "authorUserName": "哎***呀",
    "title": "电池图",
    "description": "",
    "latestVersion": 3,
    "alwaysLatest": 0,
    "createTime": "2021-08-27T02:15:51.000Z",
    "lastUpdateTime": "2021-08-27T08:32:17.000Z",
    "auth": 2,
    "uid": "obd-ojd2pnXiDOXnymtk7zIPKaY7NT0mkE9",
    "publishedVersion": 0,
    "forkFrom": "-",
    "isSpam": 0,
    "version": 3,
    "parentVersion": 2,
    "echartsVersion": "5.1.2",
    "versionCreateTime": "2021-08-27T08:32:17.000Z",
    "html": "",
    "externalScripts": "",
    "updaterUID": "obd-ojd2pnXiDOXnymtk7zIPKaY7NT0mkE9",
    "theme": "",
    "layout": "",
    "viewCount": 0,
    "userName": "哎***呀",
    "commentCount": 0,
    "starCount": 1,
    "isStared": 0,
    "thumbnailURL": "https://www.makeapie.com/ecg-storage/ec_gallery_thumbnail/xlJaXSbNT2.png?v=1630053137710",
    "isCustomThumbnail": 0,
    "builtinTags": [
        "category-work",
        "grid",
        "series-bar",
        "series-pictorialBar"
    ],
    "customTags": [],
    "updaterUserName": "哎***呀"
}