{
    "cid": "xOLrdR-gYD",
    "authorUid": "obd-otRk9DcQBms9r7F8ZhMNrX8MHT6zr8X",
    "authorUserName": "阿***8",
    "title": "极坐标系下的柱状图",
    "description": "极坐标系，以及自定义创建图片",
    "latestVersion": 4,
    "alwaysLatest": 0,
    "createTime": "2021-08-27T02:04:32.000Z",
    "lastUpdateTime": "2021-09-18T07:26:39.000Z",
    "auth": 1,
    "uid": "obd-otRk9DcQBms9r7F8ZhMNrX8MHT6zr8X",
    "publishedVersion": 0,
    "forkFrom": "-",
    "isSpam": 0,
    "version": 4,
    "parentVersion": 3,
    "echartsVersion": "5.1.2",
    "versionCreateTime": "2021-09-18T07:26:39.000Z",
    "html": "",
    "externalScripts": "",
    "updaterUID": "obd-otRk9DcQBms9r7F8ZhMNrX8MHT6zr8X",
    "theme": "",
    "layout": "",
    "viewCount": 0,
    "userName": "阿***8",
    "commentCount": 0,
    "starCount": 1,
    "isStared": 0,
    "thumbnailURL": "https://www.makeapie.com/ecg-storage/ec_gallery_thumbnail/xOLrdR-gYD.png?v=1631949999204",
    "isCustomThumbnail": 0,
    "builtinTags": [
        "category-work",
        "polar",
        "series-bar",
        "series-custom",
        "series-gauge",
        "tooltip"
    ],
    "customTags": [],
    "updaterUserName": "阿***8"
}