{
    "cid": "xRsYDECZnT",
    "authorUid": "obd-oMGzodsy9PP9jkwvH2kpSrH7o-UO82r",
    "authorUserName": "雎***",
    "title": "南丁格尔玫瑰图-有间隔",
    "description": "",
    "latestVersion": 1,
    "alwaysLatest": 1,
    "createTime": "2021-08-26T09:47:17.000Z",
    "lastUpdateTime": "2021-08-26T09:47:17.000Z",
    "auth": 2,
    "uid": "obd-oMGzodsy9PP9jkwvH2kpSrH7o-UO82r",
    "publishedVersion": 0,
    "forkFrom": "-",
    "isSpam": 0,
    "version": 1,
    "parentVersion": -1,
    "echartsVersion": "5.1.2",
    "versionCreateTime": "2021-08-26T09:47:17.000Z",
    "html": "",
    "externalScripts": "",
    "updaterUID": "obd-oMGzodsy9PP9jkwvH2kpSrH7o-UO82r",
    "theme": "",
    "layout": "",
    "viewCount": 0,
    "userName": "雎***",
    "commentCount": 0,
    "starCount": 0,
    "isStared": 0,
    "thumbnailURL": "https://www.makeapie.com/ecg-storage/ec_gallery_thumbnail/xRsYDECZnT.png?v=1629971237681",
    "isCustomThumbnail": 0,
    "builtinTags": [
        "category-work",
        "series-pie",
        "title"
    ],
    "customTags": [],
    "updaterUserName": "雎***"
}