{
    "cid": "xs1eWginG0",
    "authorUid": "obd-o2PaJ_F_UXnbeu9YsxFbKCuO8Ta0K6U",
    "authorUserName": "l***r",
    "title": "{a|65}{b|.23}\n{c|数据}",
    "description": "",
    "latestVersion": 11,
    "alwaysLatest": 0,
    "createTime": "2021-08-28T08:47:19.000Z",
    "lastUpdateTime": "2021-08-31T07:45:39.000Z",
    "auth": 2,
    "uid": "obd-o2PaJ_F_UXnbeu9YsxFbKCuO8Ta0K6U",
    "publishedVersion": 0,
    "forkFrom": "-",
    "isSpam": 0,
    "version": 11,
    "parentVersion": 10,
    "echartsVersion": "4.1.0",
    "versionCreateTime": "2021-08-31T07:45:39.000Z",
    "html": "",
    "externalScripts": "",
    "updaterUID": "obd-o2PaJ_F_UXnbeu9YsxFbKCuO8Ta0K6U",
    "theme": "",
    "layout": "",
    "viewCount": 0,
    "userName": "l***r",
    "commentCount": 0,
    "starCount": 0,
    "isStared": 0,
    "thumbnailURL": "https://www.makeapie.com/ecg-storage/ec_gallery_thumbnail/xs1eWginG0.png?v=1630395939600",
    "isCustomThumbnail": 0,
    "builtinTags": [
        "category-work",
        "series-pie",
        "title"
    ],
    "customTags": [],
    "updaterUserName": "l***r"
}