{
    "cid": "xT4u2x2pbM",
    "authorUid": "obd-oFbxvYoSWxSLUyDt5qcvCYwk1vh505o",
    "authorUserName": "情***6",
    "title": "tooltip自动轮播",
    "description": "tooltip自动轮播",
    "latestVersion": 1,
    "alwaysLatest": 0,
    "createTime": "2021-08-27T02:03:25.000Z",
    "lastUpdateTime": "2021-08-27T02:03:25.000Z",
    "auth": 2,
    "uid": "obd-oFbxvYoSWxSLUyDt5qcvCYwk1vh505o",
    "publishedVersion": 0,
    "forkFrom": "-",
    "isSpam": 0,
    "version": 1,
    "parentVersion": -1,
    "echartsVersion": "5.1.2",
    "versionCreateTime": "2021-08-27T02:03:25.000Z",
    "html": "",
    "externalScripts": "",
    "updaterUID": "obd-oFbxvYoSWxSLUyDt5qcvCYwk1vh505o",
    "theme": "",
    "layout": "",
    "viewCount": 0,
    "userName": "情***6",
    "commentCount": 0,
    "starCount": 1,
    "isStared": 0,
    "thumbnailURL": "https://www.makeapie.com/ecg-storage/ec_gallery_thumbnail/xT4u2x2pbM.png?v=1630029805989",
    "isCustomThumbnail": 0,
    "builtinTags": [
        "category-work",
        "geo",
        "series-map",
        "series-scatter",
        "tooltip"
    ],
    "customTags": [
        "map",
        "tooltip"
    ],
    "updaterUserName": "情***6"
}