{
    "cid": "x0PnyOp5rY",
    "authorUid": "bd-1895925720",
    "authorUserName": "心***阔",
    "title": "",
    "description": "",
    "latestVersion": 20,
    "alwaysLatest": 1,
    "createTime": "2019-01-09T03:28:42.000Z",
    "lastUpdateTime": "2019-01-09T03:28:42.000Z",
    "auth": 1,
    "uid": "bd-1895925720",
    "publishedVersion": 0,
    "forkFrom": "-",
    "isSpam": 0,
    "version": 20,
    "parentVersion": 19,
    "echartsVersion": "4.9.0",
    "versionCreateTime": "2021-05-24T12:19:36.000Z",
    "html": "",
    "externalScripts": "",
    "updaterUID": "obd-o0B9fGAjy6H8RU1uHyn3e2FDTw--HF4",
    "theme": "",
    "layout": "",
    "viewCount": 13187,
    "userName": "心***阔",
    "commentCount": 1,
    "starCount": 45,
    "isStared": 0,
    "thumbnailURL": "https://www.makeapie.com/ecg-storage/ec_gallery_thumbnail/x0PnyOp5rY.png?v=1621858776102",
    "isCustomThumbnail": 0,
    "builtinTags": [
        "category-work",
        "series-gauge",
        "series-pie",
        "title"
    ],
    "customTags": [],
    "updaterUserName": "啊***听"
}