{
    "cid": "x9mmIwwZX8",
    "authorUid": "bd-3649134029",
    "authorUserName": "Amberheart66",
    "title": "大学生迁徙",
    "description": "通过该图展示高校本科生从生源地到高校所在地以及毕业之后的迁徙情况。",
    "latestVersion": 4,
    "alwaysLatest": 1,
    "createTime": "2019-01-02T01:33:12.000Z",
    "lastUpdateTime": "2019-01-02T01:33:12.000Z",
    "auth": 2,
    "uid": "bd-3649134029",
    "publishedVersion": 0,
    "forkFrom": "-",
    "isSpam": 0,
    "version": 4,
    "parentVersion": 3,
    "echartsVersion": "4.2.0",
    "versionCreateTime": "2019-01-02T03:24:39.000Z",
    "html": "",
    "externalScripts": "/dep/echarts/map/js/china.js",
    "updaterUID": "bd-3649134029",
    "theme": "",
    "layout": "",
    "viewCount": 13986,
    "userName": "Amberheart66",
    "commentCount": 0,
    "starCount": 39,
    "isStared": 0,
    "thumbnailURL": "https://www.makeapie.com/ecg-storage/ec_gallery_thumbnail/x9mmIwwZX8.png?v=1546399479700",
    "isCustomThumbnail": 0,
    "builtinTags": [
        "category-work",
        "geo",
        "series-effectScatter",
        "series-lines",
        "series-scatter",
        "toolbox",
        "tooltip",
        "visualMap"
    ],
    "customTags": [],
    "updaterUserName": "Amberheart66"
}