{
    "cid": "xB1-wDluNX",
    "authorUid": "bd-1158218442",
    "authorUserName": "J***r",
    "title": "雪山",
    "description": "",
    "latestVersion": 1,
    "alwaysLatest": 1,
    "createTime": "2018-07-27T01:37:28.000Z",
    "lastUpdateTime": "2018-07-27T01:37:28.000Z",
    "auth": 2,
    "uid": "bd-1158218442",
    "publishedVersion": 0,
    "forkFrom": "-",
    "isSpam": 0,
    "version": 1,
    "parentVersion": -1,
    "echartsVersion": "4.1.0",
    "versionCreateTime": "2018-07-27T01:37:28.000Z",
    "html": "",
    "externalScripts": "",
    "updaterUID": "bd-1158218442",
    "theme": "",
    "layout": "",
    "viewCount": 6095,
    "userName": "J***r",
    "commentCount": 7,
    "starCount": 53,
    "isStared": 0,
    "thumbnailURL": "https://www.makeapie.com/ecg-storage/ec_gallery_thumbnail/xB1-wDluNX.png?v=1532655448802",
    "isCustomThumbnail": 0,
    "builtinTags": [
        "category-work",
        "grid",
        "series-graph",
        "series-line"
    ],
    "customTags": [],
    "updaterUserName": "J***r"
}