{
    "cid": "xB1iRj0KWX",
    "authorUid": "bd-1025214267",
    "authorUserName": "d***e",
    "title": "高德地图",
    "description": "省市区下钻",
    "latestVersion": 6,
    "alwaysLatest": 1,
    "createTime": "2018-06-22T02:15:46.000Z",
    "lastUpdateTime": "2018-06-22T02:15:46.000Z",
    "auth": 2,
    "uid": "bd-1025214267",
    "publishedVersion": 0,
    "forkFrom": "-",
    "isSpam": 0,
    "version": 6,
    "parentVersion": 5,
    "echartsVersion": "4.2.1",
    "versionCreateTime": "2019-03-07T08:06:36.000Z",
    "html": "",
    "externalScripts": "https://webapi.amap.com/maps?v=1.4.6&key=71b7119ba58b3e113a95951ccf340381,https://webapi.amap.com/ui/1.0/main.js?v=1.0.11,https://d3js.org/d3.v5.min.js",
    "updaterUID": "bd-1025214267",
    "theme": "",
    "layout": "",
    "viewCount": 23172,
    "userName": "d***e",
    "commentCount": 26,
    "starCount": 60,
    "isStared": 0,
    "thumbnailURL": "https://www.makeapie.com/ecg-storage/ec_gallery_thumbnail/xB1iRj0KWX.png?v=1529633747462",
    "isCustomThumbnail": 1,
    "builtinTags": [
        "category-work"
    ],
    "customTags": [
        "地图"
    ],
    "updaterUserName": "d***e"
}