{
    "cid": "xBJ4ovoWem",
    "authorUid": "bd-4280444090",
    "authorUserName": "s***g",
    "title": "“大数据” - 天津市",
    "description": "",
    "latestVersion": 2,
    "alwaysLatest": 1,
    "createTime": "2018-06-03T17:38:36.000Z",
    "lastUpdateTime": "2018-06-03T17:38:36.000Z",
    "auth": 2,
    "uid": "bd-4280444090",
    "publishedVersion": 0,
    "forkFrom": "-",
    "isSpam": 0,
    "version": 2,
    "parentVersion": 1,
    "echartsVersion": "4.1.0",
    "versionCreateTime": "2018-06-03T17:39:36.000Z",
    "html": "",
    "externalScripts": "",
    "updaterUID": "bd-4280444090",
    "theme": "",
    "layout": "",
    "viewCount": 17338,
    "userName": "s***g",
    "commentCount": 3,
    "starCount": 42,
    "isStared": 0,
    "thumbnailURL": "https://www.makeapie.com/ecg-storage/ec_gallery_thumbnail/xBJ4ovoWem.png?v=1528047576858",
    "isCustomThumbnail": 0,
    "builtinTags": [
        "category-work",
        "geo",
        "legend",
        "series-effectScatter",
        "series-map",
        "series-scatter",
        "title",
        "tooltip",
        "visualMap"
    ],
    "customTags": [],
    "updaterUserName": "s***g"
}