{
    "cid": "xBkAJuJwS7",
    "authorUid": "bd-2136137468",
    "authorUserName": "h***4",
    "title": "渐变折线图",
    "description": "",
    "latestVersion": 3,
    "alwaysLatest": 1,
    "createTime": "2018-08-07T09:35:33.000Z",
    "lastUpdateTime": "2018-08-07T09:35:33.000Z",
    "auth": 2,
    "uid": "bd-2136137468",
    "publishedVersion": 0,
    "forkFrom": "-",
    "isSpam": 0,
    "version": 3,
    "parentVersion": 2,
    "echartsVersion": "4.1.0",
    "versionCreateTime": "2018-08-08T01:28:11.000Z",
    "html": "",
    "externalScripts": "",
    "updaterUID": "bd-2136137468",
    "theme": "",
    "layout": "",
    "viewCount": 11978,
    "userName": "h***4",
    "commentCount": 0,
    "starCount": 52,
    "isStared": 0,
    "thumbnailURL": "https://www.makeapie.com/ecg-storage/ec_gallery_thumbnail/xBkAJuJwS7.png?v=1533691691766",
    "isCustomThumbnail": 0,
    "builtinTags": [
        "category-work",
        "grid",
        "series-line",
        "tooltip"
    ],
    "customTags": [],
    "updaterUserName": "h***4"
}