{
    "cid": "xBkpIzniwQ",
    "authorUid": "bd-3698239758",
    "authorUserName": "陌若安生014",
    "title": "多柱子柱状图",
    "description": "",
    "latestVersion": 7,
    "alwaysLatest": 1,
    "createTime": "2018-09-04T07:20:53.000Z",
    "lastUpdateTime": "2018-09-04T07:20:53.000Z",
    "auth": 1,
    "uid": "bd-3698239758",
    "publishedVersion": 0,
    "forkFrom": "-",
    "isSpam": 0,
    "version": 7,
    "parentVersion": 5,
    "echartsVersion": "4.4.0",
    "versionCreateTime": "2019-12-08T09:42:24.000Z",
    "html": "",
    "externalScripts": "",
    "updaterUID": "bd-4094030065",
    "theme": "",
    "layout": "",
    "viewCount": 6000,
    "userName": "陌若安生014",
    "commentCount": 0,
    "starCount": 57,
    "isStared": 0,
    "thumbnailURL": "https://www.makeapie.com/ecg-storage/ec_gallery_thumbnail/xBkpIzniwQ.png?v=1575798144862",
    "isCustomThumbnail": 0,
    "builtinTags": [
        "category-work",
        "grid",
        "legend",
        "series-bar",
        "tooltip"
    ],
    "customTags": [],
    "updaterUserName": "月***句"
}