{
    "cid": "xByRVHdlNm",
    "authorUid": "bd-2459271525",
    "authorUserName": "柳***6",
    "title": "环形图",
    "description": "",
    "latestVersion": 1,
    "alwaysLatest": 1,
    "createTime": "2018-07-21T08:56:22.000Z",
    "lastUpdateTime": "2018-07-21T08:56:22.000Z",
    "auth": 2,
    "uid": "bd-2459271525",
    "publishedVersion": 0,
    "forkFrom": "-",
    "isSpam": 0,
    "version": 1,
    "parentVersion": -1,
    "echartsVersion": "4.1.0",
    "versionCreateTime": "2018-07-21T08:56:22.000Z",
    "html": "",
    "externalScripts": "",
    "updaterUID": "bd-2459271525",
    "theme": "",
    "layout": "",
    "viewCount": 11356,
    "userName": "柳***6",
    "commentCount": 0,
    "starCount": 46,
    "isStared": 0,
    "thumbnailURL": "https://www.makeapie.com/ecg-storage/ec_gallery_thumbnail/xByRVHdlNm.png?v=1532163382208",
    "isCustomThumbnail": 0,
    "builtinTags": [
        "category-work",
        "legend",
        "series-pie",
        "tooltip"
    ],
    "customTags": [],
    "updaterUserName": "柳***6"
}