{
    "cid": "xEILzQF1YU",
    "authorUid": "bd-1895925720",
    "authorUserName": "心***阔",
    "title": "",
    "description": "",
    "latestVersion": 1,
    "alwaysLatest": 1,
    "createTime": "2019-01-08T15:33:11.000Z",
    "lastUpdateTime": "2019-01-08T15:33:11.000Z",
    "auth": 2,
    "uid": "bd-1895925720",
    "publishedVersion": 0,
    "forkFrom": "-",
    "isSpam": 0,
    "version": 1,
    "parentVersion": -1,
    "echartsVersion": "4.2.0",
    "versionCreateTime": "2019-01-08T15:33:11.000Z",
    "html": "",
    "externalScripts": "",
    "updaterUID": "bd-1895925720",
    "theme": "",
    "layout": "",
    "viewCount": 7678,
    "userName": "心***阔",
    "commentCount": 2,
    "starCount": 36,
    "isStared": 0,
    "thumbnailURL": "https://www.makeapie.com/ecg-storage/ec_gallery_thumbnail/xEILzQF1YU.png?v=1546961591946",
    "isCustomThumbnail": 0,
    "builtinTags": [
        "category-work",
        "series-gauge"
    ],
    "customTags": [],
    "updaterUserName": "心***阔"
}