{
    "cid": "xH1gDnrUxX",
    "authorUid": "bd-2652911079",
    "authorUserName": "囧***哥",
    "title": "导向力图3",
    "description": "",
    "latestVersion": 2,
    "alwaysLatest": 1,
    "createTime": "2018-06-07T06:10:31.000Z",
    "lastUpdateTime": "2018-06-07T06:10:31.000Z",
    "auth": 2,
    "uid": "bd-2652911079",
    "publishedVersion": 0,
    "forkFrom": "-",
    "isSpam": 0,
    "version": 2,
    "parentVersion": 1,
    "echartsVersion": "4.1.0",
    "versionCreateTime": "2018-07-11T08:05:42.000Z",
    "html": "",
    "externalScripts": "",
    "updaterUID": "bd-2652911079",
    "theme": "",
    "layout": "",
    "viewCount": 12519,
    "userName": "囧***哥",
    "commentCount": 0,
    "starCount": 56,
    "isStared": 0,
    "thumbnailURL": "https://www.makeapie.com/ecg-storage/ec_gallery_thumbnail/xH1gDnrUxX.png?v=1531296342930",
    "isCustomThumbnail": 0,
    "builtinTags": [
        "category-work",
        "legend",
        "series-graph",
        "tooltip"
    ],
    "customTags": [],
    "updaterUserName": "囧***哥"
}