{
    "cid": "xHySrjrvOX",
    "authorUid": "bd-3724974333",
    "authorUserName": "m***3",
    "title": "多彩嵌套圆环",
    "description": "",
    "latestVersion": 1,
    "alwaysLatest": 1,
    "createTime": "2018-09-13T02:28:13.000Z",
    "lastUpdateTime": "2018-09-13T02:28:13.000Z",
    "auth": 2,
    "uid": "bd-3724974333",
    "publishedVersion": 0,
    "forkFrom": "-",
    "isSpam": 0,
    "version": 1,
    "parentVersion": -1,
    "echartsVersion": "4.1.0",
    "versionCreateTime": "2018-09-13T02:28:13.000Z",
    "html": "",
    "externalScripts": "",
    "updaterUID": "bd-3724974333",
    "theme": "",
    "layout": "",
    "viewCount": 7528,
    "userName": "m***3",
    "commentCount": 0,
    "starCount": 60,
    "isStared": 0,
    "thumbnailURL": "https://www.makeapie.com/ecg-storage/ec_gallery_thumbnail/xHySrjrvOX.png?v=1536805693323",
    "isCustomThumbnail": 0,
    "builtinTags": [
        "category-work",
        "legend",
        "series-pie",
        "title",
        "tooltip"
    ],
    "customTags": [],
    "updaterUserName": "m***3"
}