{
    "cid": "xpO_B8IDmq",
    "authorUid": "bd-1841183165",
    "authorUserName": "o***趣",
    "title": "饼图",
    "description": "",
    "latestVersion": 3,
    "alwaysLatest": 1,
    "createTime": "2018-10-10T09:00:52.000Z",
    "lastUpdateTime": "2018-10-10T09:00:52.000Z",
    "auth": 2,
    "uid": "bd-1841183165",
    "publishedVersion": 0,
    "forkFrom": "-",
    "isSpam": 0,
    "version": 3,
    "parentVersion": 2,
    "echartsVersion": "4.8.0",
    "versionCreateTime": "2020-08-12T01:40:44.000Z",
    "html": "",
    "externalScripts": "",
    "updaterUID": "bd-1841183165",
    "theme": "",
    "layout": "",
    "viewCount": 15949,
    "userName": "o***趣",
    "commentCount": 0,
    "starCount": 68,
    "isStared": 0,
    "thumbnailURL": "https://www.makeapie.com/ecg-storage/ec_gallery_thumbnail/xpO_B8IDmq.png?v=1597196444253",
    "isCustomThumbnail": 0,
    "builtinTags": [
        "category-work",
        "legend",
        "series-pie",
        "toolbox",
        "tooltip"
    ],
    "customTags": [],
    "updaterUserName": "o***趣"
}