{
    "cid": "xSy_aPRNvX",
    "authorUid": "bd-933860657",
    "authorUserName": "176******95",
    "title": "花瓣",
    "description": "",
    "latestVersion": 11,
    "alwaysLatest": 1,
    "createTime": "2018-08-30T02:34:40.000Z",
    "lastUpdateTime": "2021-07-29T08:30:13.000Z",
    "auth": 1,
    "uid": "bd-933860657",
    "publishedVersion": 0,
    "forkFrom": "-",
    "isSpam": 0,
    "version": 11,
    "parentVersion": 10,
    "echartsVersion": "4.9.0",
    "versionCreateTime": "2021-07-29T08:30:13.000Z",
    "html": "",
    "externalScripts": "",
    "updaterUID": "obd-o2Ty6ru-ggoY6kwcRtaf7UkHmSgn8Bq",
    "theme": "",
    "layout": "",
    "viewCount": 9802,
    "userName": "176******95",
    "commentCount": 0,
    "starCount": 69,
    "isStared": 0,
    "thumbnailURL": "https://www.makeapie.com/ecg-storage/ec_gallery_thumbnail/xSy_aPRNvX.png?v=1627547413904",
    "isCustomThumbnail": 0,
    "builtinTags": [
        "category-work",
        "legend",
        "series-pie",
        "toolbox",
        "tooltip"
    ],
    "customTags": [],
    "updaterUserName": "c***5"
}