{
    "cid": "x0ZntYhpe1",
    "authorUid": "bd-672687181",
    "authorUserName": "积***2",
    "title": "Awesome Chart",
    "description": "",
    "latestVersion": 1,
    "alwaysLatest": 1,
    "createTime": "2020-10-15T09:01:12.000Z",
    "lastUpdateTime": "2020-10-15T09:01:12.000Z",
    "auth": 2,
    "uid": "bd-672687181",
    "publishedVersion": 0,
    "forkFrom": "-",
    "isSpam": 0,
    "version": 1,
    "parentVersion": -1,
    "echartsVersion": "4.8.0",
    "versionCreateTime": "2020-10-15T09:01:12.000Z",
    "html": "",
    "externalScripts": "",
    "updaterUID": "bd-672687181",
    "theme": "",
    "layout": "",
    "viewCount": 15,
    "userName": "积***2",
    "commentCount": 0,
    "starCount": 0,
    "isStared": 0,
    "thumbnailURL": "https://www.makeapie.com/ecg-storage/ec_gallery_thumbnail/x0ZntYhpe1.png?v=1602752472996",
    "isCustomThumbnail": 0,
    "builtinTags": [
        "category-work",
        "grid",
        "series-line",
        "title"
    ],
    "customTags": [],
    "updaterUserName": "积***2"
}