{
    "cid": "x8pU7uPKe_",
    "authorUid": "bd-3629622273",
    "authorUserName": "0***翔",
    "title": "排名",
    "description": "",
    "latestVersion": 1,
    "alwaysLatest": 1,
    "createTime": "2020-10-14T09:21:37.000Z",
    "lastUpdateTime": "2020-10-14T09:21:37.000Z",
    "auth": 1,
    "uid": "bd-3629622273",
    "publishedVersion": 0,
    "forkFrom": "-",
    "isSpam": 0,
    "version": 1,
    "parentVersion": -1,
    "echartsVersion": "4.8.0",
    "versionCreateTime": "2020-10-14T09:21:37.000Z",
    "html": "",
    "externalScripts": "",
    "updaterUID": "bd-3629622273",
    "theme": "",
    "layout": "",
    "viewCount": 187,
    "userName": "0***翔",
    "commentCount": 0,
    "starCount": 1,
    "isStared": 0,
    "thumbnailURL": "https://www.makeapie.com/ecg-storage/ec_gallery_thumbnail/x8pU7uPKe_.png?v=1602667297748",
    "isCustomThumbnail": 0,
    "builtinTags": [
        "category-work",
        "dataZoom",
        "grid",
        "series-bar",
        "title",
        "tooltip"
    ],
    "customTags": [],
    "updaterUserName": "0***翔"
}