{
    "cid": "x9vVc3zSF5",
    "authorUid": "obd-oNZD5_7gLNdNiG8Prcu4Yw2NAwjn5CL",
    "authorUserName": "杨***5",
    "title": "多线图",
    "description": "",
    "latestVersion": 1,
    "alwaysLatest": 1,
    "createTime": "2020-10-15T09:35:37.000Z",
    "lastUpdateTime": "2020-10-15T09:35:37.000Z",
    "auth": 1,
    "uid": "obd-oNZD5_7gLNdNiG8Prcu4Yw2NAwjn5CL",
    "publishedVersion": 0,
    "forkFrom": "-",
    "isSpam": 0,
    "version": 1,
    "parentVersion": -1,
    "echartsVersion": "4.8.0",
    "versionCreateTime": "2020-10-15T09:35:37.000Z",
    "html": "",
    "externalScripts": "",
    "updaterUID": "obd-oNZD5_7gLNdNiG8Prcu4Yw2NAwjn5CL",
    "theme": "",
    "layout": "",
    "viewCount": 88,
    "userName": "杨***5",
    "commentCount": 0,
    "starCount": 2,
    "isStared": 0,
    "thumbnailURL": "https://www.makeapie.com/ecg-storage/ec_gallery_thumbnail/x9vVc3zSF5.png?v=1602754537792",
    "isCustomThumbnail": 0,
    "builtinTags": [
        "category-work",
        "grid",
        "legend",
        "series-line",
        "title",
        "tooltip"
    ],
    "customTags": [],
    "updaterUserName": "杨***5"
}