{
    "cid": "xgZawrdiSY",
    "authorUid": "obd-otekd-YM0M8gP8RvWV6od5DtA1h0d8e",
    "authorUserName": "心***现",
    "title": "替换图片（图片处理）接口调用",
    "description": "",
    "latestVersion": 6,
    "alwaysLatest": 1,
    "createTime": "2020-10-14T06:22:27.000Z",
    "lastUpdateTime": "2020-10-14T08:37:49.000Z",
    "auth": 2,
    "uid": "obd-otekd-YM0M8gP8RvWV6od5DtA1h0d8e",
    "publishedVersion": 0,
    "forkFrom": "-",
    "isSpam": 0,
    "version": 6,
    "parentVersion": 5,
    "echartsVersion": "4.8.0",
    "versionCreateTime": "2020-10-15T01:23:30.000Z",
    "html": "",
    "externalScripts": "",
    "updaterUID": "obd-otekd-YM0M8gP8RvWV6od5DtA1h0d8e",
    "theme": "default",
    "layout": "",
    "viewCount": 76,
    "userName": "心***现",
    "commentCount": 0,
    "starCount": 1,
    "isStared": 0,
    "thumbnailURL": "https://www.makeapie.com/ecg-storage/ec_gallery_thumbnail/xgZawrdiSY.png?v=1602725010968",
    "isCustomThumbnail": 0,
    "builtinTags": [
        "category-work",
        "series-tree",
        "title",
        "tooltip"
    ],
    "customTags": [],
    "updaterUserName": "心***现"
}