{
    "cid": "xK_I9g1PSj",
    "authorUid": "bd-3323327795",
    "authorUserName": "笑***野",
    "title": "空值显示为0",
    "description": "",
    "latestVersion": 2,
    "alwaysLatest": 1,
    "createTime": "2020-10-15T03:36:19.000Z",
    "lastUpdateTime": "2020-10-15T03:36:19.000Z",
    "auth": 2,
    "uid": "bd-3323327795",
    "publishedVersion": 0,
    "forkFrom": "-",
    "isSpam": 0,
    "version": 2,
    "parentVersion": 1,
    "echartsVersion": "4.8.0",
    "versionCreateTime": "2020-10-16T07:19:39.000Z",
    "html": "",
    "externalScripts": "",
    "updaterUID": "bd-3323327795",
    "theme": "",
    "layout": "",
    "viewCount": 26,
    "userName": "笑***野",
    "commentCount": 0,
    "starCount": 0,
    "isStared": 0,
    "thumbnailURL": "https://www.makeapie.com/ecg-storage/ec_gallery_thumbnail/xK_I9g1PSj.png?v=1602832779356",
    "isCustomThumbnail": 0,
    "builtinTags": [
        "category-work",
        "grid",
        "series-pictorialBar",
        "title",
        "tooltip"
    ],
    "customTags": [],
    "updaterUserName": "笑***野"
}