{
    "cid": "xkhzhXvdem",
    "authorUid": "obd-oNZD5_7gLNdNiG8Prcu4Yw2NAwjn5CL",
    "authorUserName": "杨***5",
    "title": "多线阴影图",
    "description": "",
    "latestVersion": 5,
    "alwaysLatest": 1,
    "createTime": "2020-10-15T09:36:23.000Z",
    "lastUpdateTime": "2020-10-15T09:36:23.000Z",
    "auth": 1,
    "uid": "obd-oNZD5_7gLNdNiG8Prcu4Yw2NAwjn5CL",
    "publishedVersion": 0,
    "forkFrom": "-",
    "isSpam": 0,
    "version": 5,
    "parentVersion": 4,
    "echartsVersion": "4.8.0",
    "versionCreateTime": "2021-01-05T07:28:59.000Z",
    "html": "",
    "externalScripts": "",
    "updaterUID": "obd-oNZD5_7gLNdNiG8Prcu4Yw2NAwjn5CL",
    "theme": "",
    "layout": "",
    "viewCount": 3878,
    "userName": "杨***5",
    "commentCount": 0,
    "starCount": 9,
    "isStared": 0,
    "thumbnailURL": "https://www.makeapie.com/ecg-storage/ec_gallery_thumbnail/xkhzhXvdem.png?v=1609831739699",
    "isCustomThumbnail": 0,
    "builtinTags": [
        "category-work",
        "grid",
        "legend",
        "series-line",
        "title",
        "tooltip"
    ],
    "customTags": [],
    "updaterUserName": "杨***5"
}