{
    "cid": "xkXD_yRDOy",
    "authorUid": "bd-3323327795",
    "authorUserName": "笑***野",
    "title": "条形图-渐变方格",
    "description": "",
    "latestVersion": 9,
    "alwaysLatest": 1,
    "createTime": "2020-10-15T02:56:53.000Z",
    "lastUpdateTime": "2020-10-15T02:56:53.000Z",
    "auth": 1,
    "uid": "bd-3323327795",
    "publishedVersion": 0,
    "forkFrom": "-",
    "isSpam": 0,
    "version": 9,
    "parentVersion": 8,
    "echartsVersion": "5.1.1",
    "versionCreateTime": "2021-05-25T02:02:23.000Z",
    "html": "",
    "externalScripts": "https://echarts.baidu.com/resource/echarts-liquidfill-latest/dist/echarts-liquidfill.min.js",
    "updaterUID": "bd-3323327795",
    "theme": "",
    "layout": "",
    "viewCount": 1303,
    "userName": "笑***野",
    "commentCount": 0,
    "starCount": 6,
    "isStared": 0,
    "thumbnailURL": "https://www.makeapie.com/ecg-storage/ec_gallery_thumbnail/xkXD_yRDOy.png?v=1621908143905",
    "isCustomThumbnail": 0,
    "builtinTags": [
        "category-work",
        "grid",
        "series-bar",
        "series-pictorialBar",
        "tooltip"
    ],
    "customTags": [],
    "updaterUserName": "笑***野"
}