{
    "cid": "xm6drRi-40",
    "authorUid": "obd-oE17WSS2LCqiUxej9fKOdqQf_bxxZ4O",
    "authorUserName": "q***6",
    "title": "进度环",
    "description": "",
    "latestVersion": 2,
    "alwaysLatest": 1,
    "createTime": "2020-10-14T12:18:01.000Z",
    "lastUpdateTime": "2020-10-14T12:18:01.000Z",
    "auth": 2,
    "uid": "obd-oE17WSS2LCqiUxej9fKOdqQf_bxxZ4O",
    "publishedVersion": 0,
    "forkFrom": "-",
    "isSpam": 0,
    "version": 2,
    "parentVersion": 1,
    "echartsVersion": "4.8.0",
    "versionCreateTime": "2021-01-21T07:25:06.000Z",
    "html": "",
    "externalScripts": "",
    "updaterUID": "obd-oE17WSS2LCqiUxej9fKOdqQf_bxxZ4O",
    "theme": "",
    "layout": "",
    "viewCount": 127,
    "userName": "q***6",
    "commentCount": 0,
    "starCount": 0,
    "isStared": 0,
    "thumbnailURL": "https://www.makeapie.com/ecg-storage/ec_gallery_thumbnail/xm6drRi-40.png?v=1611213906364",
    "isCustomThumbnail": 0,
    "builtinTags": [
        "category-work",
        "series-gauge",
        "title"
    ],
    "customTags": [],
    "updaterUserName": "q***6"
}