{
    "cid": "xOjLyozu2W",
    "authorUid": "obd-oCOn_0cg9EoJvLSodOb1bst5tHDUG3y",
    "authorUserName": "阿***啊",
    "title": "同比环比镜像显示",
    "description": "",
    "latestVersion": 2,
    "alwaysLatest": 1,
    "createTime": "2020-10-15T03:10:55.000Z",
    "lastUpdateTime": "2020-10-15T03:10:55.000Z",
    "auth": 2,
    "uid": "obd-oCOn_0cg9EoJvLSodOb1bst5tHDUG3y",
    "publishedVersion": 0,
    "forkFrom": "-",
    "isSpam": 0,
    "version": 2,
    "parentVersion": 1,
    "echartsVersion": "4.8.0",
    "versionCreateTime": "2020-10-15T03:52:21.000Z",
    "html": "",
    "externalScripts": "",
    "updaterUID": "obd-oCOn_0cg9EoJvLSodOb1bst5tHDUG3y",
    "theme": "macarons",
    "layout": "",
    "viewCount": 897,
    "userName": "阿***啊",
    "commentCount": 0,
    "starCount": 5,
    "isStared": 0,
    "thumbnailURL": "https://www.makeapie.com/ecg-storage/ec_gallery_thumbnail/xOjLyozu2W.png?v=1602733941336",
    "isCustomThumbnail": 0,
    "builtinTags": [
        "category-work",
        "grid",
        "legend",
        "series-line",
        "title",
        "tooltip"
    ],
    "customTags": [],
    "updaterUserName": "阿***啊"
}