{
    "cid": "xp5lLbWrxj",
    "authorUid": "obd-oCXhu5Ci-jvoIw7NPqT4YgxkmbLM53L",
    "authorUserName": "S***l",
    "title": "折线图 数据联动 动态切换数据",
    "description": "当数据展示不下，动态切换，无需手动，利用timeline",
    "latestVersion": 3,
    "alwaysLatest": 1,
    "createTime": "2020-10-15T02:52:07.000Z",
    "lastUpdateTime": "2020-10-15T02:52:07.000Z",
    "auth": 2,
    "uid": "obd-oCXhu5Ci-jvoIw7NPqT4YgxkmbLM53L",
    "publishedVersion": 0,
    "forkFrom": "-",
    "isSpam": 0,
    "version": 3,
    "parentVersion": 2,
    "echartsVersion": "4.8.0",
    "versionCreateTime": "2020-10-15T03:27:59.000Z",
    "html": "",
    "externalScripts": "",
    "updaterUID": "obd-oCXhu5Ci-jvoIw7NPqT4YgxkmbLM53L",
    "theme": "",
    "layout": "",
    "viewCount": 332,
    "userName": "S***l",
    "commentCount": 0,
    "starCount": 3,
    "isStared": 0,
    "thumbnailURL": "https://www.makeapie.com/ecg-storage/ec_gallery_thumbnail/xp5lLbWrxj.png?v=1602732479915",
    "isCustomThumbnail": 0,
    "builtinTags": [
        "category-work",
        "grid",
        "legend",
        "series-line",
        "timeline",
        "tooltip"
    ],
    "customTags": [],
    "updaterUserName": "S***l"
}