{
    "cid": "xP87AHK5N5",
    "authorUid": "bd-120283882",
    "authorUserName": "c***e",
    "title": "自定义监测线",
    "description": "自定义监测线",
    "latestVersion": 1,
    "alwaysLatest": 1,
    "createTime": "2020-10-15T08:59:37.000Z",
    "lastUpdateTime": "2020-10-15T08:59:37.000Z",
    "auth": 2,
    "uid": "bd-120283882",
    "publishedVersion": 0,
    "forkFrom": "-",
    "isSpam": 0,
    "version": 1,
    "parentVersion": -1,
    "echartsVersion": "4.8.0",
    "versionCreateTime": "2020-10-15T08:59:38.000Z",
    "html": "",
    "externalScripts": "",
    "updaterUID": "bd-120283882",
    "theme": "",
    "layout": "",
    "viewCount": 112,
    "userName": "c***e",
    "commentCount": 0,
    "starCount": 1,
    "isStared": 0,
    "thumbnailURL": "https://www.makeapie.com/ecg-storage/ec_gallery_thumbnail/xP87AHK5N5.png?v=1602752378157",
    "isCustomThumbnail": 0,
    "builtinTags": [
        "category-work",
        "graphic",
        "grid",
        "series-line",
        "title"
    ],
    "customTags": [],
    "updaterUserName": "c***e"
}