{
    "cid": "xU6jXg9JcC",
    "authorUid": "bd-3323327795",
    "authorUserName": "笑***野",
    "title": "进度条-发光圆点",
    "description": "",
    "latestVersion": 3,
    "alwaysLatest": 1,
    "createTime": "2020-10-15T03:01:46.000Z",
    "lastUpdateTime": "2021-11-16T02:43:40.000Z",
    "auth": 2,
    "uid": "bd-3323327795",
    "publishedVersion": 0,
    "forkFrom": "-",
    "isSpam": 0,
    "version": 3,
    "parentVersion": 2,
    "echartsVersion": "5.2.2",
    "versionCreateTime": "2021-11-16T02:43:40.000Z",
    "html": "",
    "externalScripts": "",
    "updaterUID": "bd-3323327795",
    "theme": "",
    "layout": "",
    "viewCount": 288,
    "userName": "笑***野",
    "commentCount": 0,
    "starCount": 5,
    "isStared": 0,
    "thumbnailURL": "https://www.makeapie.com/ecg-storage/ec_gallery_thumbnail/xU6jXg9JcC.png?v=1637030620905",
    "isCustomThumbnail": 0,
    "builtinTags": [
        "category-work",
        "grid",
        "series-bar",
        "series-scatter"
    ],
    "customTags": [],
    "updaterUserName": "笑***野"
}