{
    "cid": "xykg7noUIQ",
    "authorUid": "obd-oMuzI7JV2pMeoKfv93aMSoKFBDF_R2N",
    "authorUserName": "月***鸟",
    "title": "line area 分区",
    "description": "",
    "latestVersion": 3,
    "alwaysLatest": 1,
    "createTime": "2020-10-15T09:20:52.000Z",
    "lastUpdateTime": "2020-10-15T09:20:52.000Z",
    "auth": 2,
    "uid": "obd-oMuzI7JV2pMeoKfv93aMSoKFBDF_R2N",
    "publishedVersion": 0,
    "forkFrom": "-",
    "isSpam": 0,
    "version": 3,
    "parentVersion": 2,
    "echartsVersion": "4.8.0",
    "versionCreateTime": "2020-11-16T01:51:10.000Z",
    "html": "",
    "externalScripts": "",
    "updaterUID": "obd-oMuzI7JV2pMeoKfv93aMSoKFBDF_R2N",
    "theme": "",
    "layout": "",
    "viewCount": 132,
    "userName": "月***鸟",
    "commentCount": 0,
    "starCount": 2,
    "isStared": 0,
    "thumbnailURL": "https://www.makeapie.com/ecg-storage/ec_gallery_thumbnail/xykg7noUIQ.png?v=1605491470816",
    "isCustomThumbnail": 0,
    "builtinTags": [
        "category-work",
        "dataZoom",
        "grid",
        "series-line",
        "title",
        "toolbox",
        "tooltip",
        "visualMap"
    ],
    "customTags": [],
    "updaterUserName": "月***鸟"
}