{
    "cid": "xZ6Rp2khSC",
    "authorUid": "obd-o2rLNh0qJ5G_mzprXJjN5B9Qq8wlO6K",
    "authorUserName": "c***J",
    "title": "双柱状图",
    "description": "",
    "latestVersion": 1,
    "alwaysLatest": 1,
    "createTime": "2020-10-14T07:27:53.000Z",
    "lastUpdateTime": "2020-10-14T07:27:53.000Z",
    "auth": 2,
    "uid": "obd-o2rLNh0qJ5G_mzprXJjN5B9Qq8wlO6K",
    "publishedVersion": 0,
    "forkFrom": "-",
    "isSpam": 0,
    "version": 1,
    "parentVersion": -1,
    "echartsVersion": "4.8.0",
    "versionCreateTime": "2020-10-14T07:27:54.000Z",
    "html": "",
    "externalScripts": "",
    "updaterUID": "obd-o2rLNh0qJ5G_mzprXJjN5B9Qq8wlO6K",
    "theme": "",
    "layout": "",
    "viewCount": 88,
    "userName": "c***J",
    "commentCount": 0,
    "starCount": 1,
    "isStared": 0,
    "thumbnailURL": "https://www.makeapie.com/ecg-storage/ec_gallery_thumbnail/xZ6Rp2khSC.png?v=1602660474118",
    "isCustomThumbnail": 0,
    "builtinTags": [
        "category-work",
        "grid",
        "legend",
        "series-bar",
        "tooltip"
    ],
    "customTags": [],
    "updaterUserName": "c***J"
}