{
    "cid": "x2mBA_XhGI",
    "authorUid": "bd-1984284290",
    "authorUserName": "游***飘",
    "title": "疫情情绪最终",
    "description": "",
    "latestVersion": 6,
    "alwaysLatest": 1,
    "createTime": "2020-03-21T12:41:03.000Z",
    "lastUpdateTime": "2020-03-21T12:41:03.000Z",
    "auth": 2,
    "uid": "bd-1984284290",
    "publishedVersion": 0,
    "forkFrom": "-",
    "isSpam": 0,
    "version": 6,
    "parentVersion": 5,
    "echartsVersion": "4.7.0",
    "versionCreateTime": "2020-04-06T09:23:10.000Z",
    "html": "",
    "externalScripts": "",
    "updaterUID": "bd-1984284290",
    "theme": "",
    "layout": "",
    "viewCount": 1565,
    "userName": "游***飘",
    "commentCount": 0,
    "starCount": 0,
    "isStared": 0,
    "thumbnailURL": "https://www.makeapie.com/ecg-storage/ec_gallery_thumbnail/x2mBA_XhGI.png?v=1586164990432",
    "isCustomThumbnail": 0,
    "builtinTags": [
        "category-work",
        "series-treemap",
        "title",
        "tooltip"
    ],
    "customTags": [],
    "updaterUserName": "游***飘"
}