{
    "cid": "x7XnMkaOTU",
    "authorUid": "bd-2821803021",
    "authorUserName": "S***r",
    "title": "各省标本量分布",
    "description": "",
    "latestVersion": 1,
    "alwaysLatest": 1,
    "createTime": "2020-03-19T09:19:38.000Z",
    "lastUpdateTime": "2020-03-19T09:19:38.000Z",
    "auth": 2,
    "uid": "bd-2821803021",
    "publishedVersion": 0,
    "forkFrom": "-",
    "isSpam": 0,
    "version": 1,
    "parentVersion": -1,
    "echartsVersion": "4.4.0",
    "versionCreateTime": "2020-03-19T09:19:38.000Z",
    "html": "",
    "externalScripts": "",
    "updaterUID": "bd-2821803021",
    "theme": "",
    "layout": "",
    "viewCount": 22,
    "userName": "S***r",
    "commentCount": 0,
    "starCount": 0,
    "isStared": 0,
    "thumbnailURL": "https://www.makeapie.com/ecg-storage/ec_gallery_thumbnail/x7XnMkaOTU.png?v=1584609578983",
    "isCustomThumbnail": 0,
    "builtinTags": [
        "category-work"
    ],
    "customTags": [],
    "updaterUserName": "S***r"
}