{
    "cid": "x88bKQMmgU",
    "authorUid": "bd-541990002",
    "authorUserName": "张***炫",
    "title": "",
    "description": "",
    "latestVersion": 1,
    "alwaysLatest": 1,
    "createTime": "2020-03-22T07:35:05.000Z",
    "lastUpdateTime": "2020-03-22T07:35:05.000Z",
    "auth": 2,
    "uid": "bd-541990002",
    "publishedVersion": 0,
    "forkFrom": "-",
    "isSpam": 0,
    "version": 1,
    "parentVersion": -1,
    "echartsVersion": "4.4.0",
    "versionCreateTime": "2020-03-22T07:35:05.000Z",
    "html": "",
    "externalScripts": "/dep/echarts/map/js/china.js",
    "updaterUID": "bd-541990002",
    "theme": "",
    "layout": "",
    "viewCount": 4273,
    "userName": "张***炫",
    "commentCount": 1,
    "starCount": 7,
    "isStared": 0,
    "thumbnailURL": "https://www.makeapie.com/ecg-storage/ec_gallery_thumbnail/x88bKQMmgU.png?v=1584862505741",
    "isCustomThumbnail": 0,
    "builtinTags": [
        "category-work",
        "geo",
        "series-map",
        "toolbox",
        "tooltip",
        "visualMap"
    ],
    "customTags": [],
    "updaterUserName": "张***炫"
}