{
    "cid": "x8BSEr7vpB",
    "authorUid": "bd-3440629175",
    "authorUserName": "M***r",
    "title": "TPS时序图(dbo.m_statpoint)",
    "description": "dbo.m_statpoint 导入时的TPS",
    "latestVersion": 1,
    "alwaysLatest": 1,
    "createTime": "2020-03-19T05:59:40.000Z",
    "lastUpdateTime": "2020-03-19T05:59:40.000Z",
    "auth": 2,
    "uid": "bd-3440629175",
    "publishedVersion": 0,
    "forkFrom": "-",
    "isSpam": 0,
    "version": 1,
    "parentVersion": -1,
    "echartsVersion": "4.4.0",
    "versionCreateTime": "2020-03-19T05:59:40.000Z",
    "html": "",
    "externalScripts": "",
    "updaterUID": "bd-3440629175",
    "theme": "",
    "layout": "",
    "viewCount": 112,
    "userName": "M***r",
    "commentCount": 0,
    "starCount": 1,
    "isStared": 0,
    "thumbnailURL": "https://www.makeapie.com/ecg-storage/ec_gallery_thumbnail/x8BSEr7vpB.png?v=1584597580918",
    "isCustomThumbnail": 0,
    "builtinTags": [
        "category-work",
        "dataZoom",
        "grid",
        "series-line",
        "title",
        "toolbox",
        "tooltip"
    ],
    "customTags": [],
    "updaterUserName": "M***r"
}