{
    "cid": "x8oHIsZNQM",
    "authorUid": "bd-3929454393",
    "authorUserName": "默***灵",
    "title": "帮同事写的代码",
    "description": "测试测试",
    "latestVersion": 2,
    "alwaysLatest": 1,
    "createTime": "2020-03-20T12:10:46.000Z",
    "lastUpdateTime": "2020-03-20T12:10:46.000Z",
    "auth": 2,
    "uid": "bd-3929454393",
    "publishedVersion": 0,
    "forkFrom": "-",
    "isSpam": 0,
    "version": 2,
    "parentVersion": 1,
    "echartsVersion": "4.4.0",
    "versionCreateTime": "2020-03-20T12:14:20.000Z",
    "html": "",
    "externalScripts": "",
    "updaterUID": "bd-3929454393",
    "theme": "",
    "layout": "",
    "viewCount": 184,
    "userName": "默***灵",
    "commentCount": 0,
    "starCount": 1,
    "isStared": 0,
    "thumbnailURL": "https://www.makeapie.com/ecg-storage/ec_gallery_thumbnail/x8oHIsZNQM.png?v=1584706460633",
    "isCustomThumbnail": 0,
    "builtinTags": [
        "category-work",
        "grid",
        "legend",
        "markArea",
        "series-line",
        "tooltip"
    ],
    "customTags": [],
    "updaterUserName": "默***灵"
}