{
    "cid": "xbh_Qae9zu",
    "authorUid": "bd-2100154623",
    "authorUserName": "I***筱",
    "title": "",
    "description": "",
    "latestVersion": 1,
    "alwaysLatest": 1,
    "createTime": "2020-03-23T01:37:24.000Z",
    "lastUpdateTime": "2020-03-23T01:37:24.000Z",
    "auth": 1,
    "uid": "bd-2100154623",
    "publishedVersion": 0,
    "forkFrom": "-",
    "isSpam": 0,
    "version": 1,
    "parentVersion": -1,
    "echartsVersion": "4.7.0",
    "versionCreateTime": "2020-03-23T01:37:24.000Z",
    "html": "",
    "externalScripts": "",
    "updaterUID": "bd-2100154623",
    "theme": "",
    "layout": "",
    "viewCount": 499,
    "userName": "I***筱",
    "commentCount": 0,
    "starCount": 6,
    "isStared": 0,
    "thumbnailURL": "https://www.makeapie.com/ecg-storage/ec_gallery_thumbnail/xbh_Qae9zu.png?v=1584927444619",
    "isCustomThumbnail": 0,
    "builtinTags": [
        "category-work",
        "grid",
        "series-bar",
        "series-pictorialBar"
    ],
    "customTags": [],
    "updaterUserName": "I***筱"
}