{
    "cid": "xbwl-keAGv",
    "authorUid": "bd-541990002",
    "authorUserName": "张***炫",
    "title": "疫情",
    "description": "data from PM25.in",
    "latestVersion": 3,
    "alwaysLatest": 1,
    "createTime": "2020-03-19T15:13:56.000Z",
    "lastUpdateTime": "2020-03-19T15:13:56.000Z",
    "auth": 2,
    "uid": "bd-541990002",
    "publishedVersion": 0,
    "forkFrom": "-",
    "isSpam": 0,
    "version": 3,
    "parentVersion": 2,
    "echartsVersion": "4.7.0",
    "versionCreateTime": "2020-03-24T00:40:28.000Z",
    "html": "",
    "externalScripts": "/dep/echarts/map/js/china.js",
    "updaterUID": "bd-541990002",
    "theme": "",
    "layout": "",
    "viewCount": 408,
    "userName": "张***炫",
    "commentCount": 0,
    "starCount": 1,
    "isStared": 0,
    "thumbnailURL": "https://www.makeapie.com/ecg-storage/ec_gallery_thumbnail/xbwl-keAGv.png?v=1585010429167",
    "isCustomThumbnail": 0,
    "builtinTags": [
        "brush",
        "category-work",
        "dataZoom",
        "geo",
        "grid",
        "series-bar",
        "series-effectScatter",
        "series-scatter",
        "title",
        "toolbox",
        "tooltip"
    ],
    "customTags": [],
    "updaterUserName": "张***炫"
}