{
    "cid": "xco2CA3mH_",
    "authorUid": "bd-3318776137",
    "authorUserName": "K***g",
    "title": "测试1",
    "description": "",
    "latestVersion": 1,
    "alwaysLatest": 1,
    "createTime": "2020-03-19T02:55:56.000Z",
    "lastUpdateTime": "2020-03-19T02:55:56.000Z",
    "auth": 2,
    "uid": "bd-3318776137",
    "publishedVersion": 0,
    "forkFrom": "-",
    "isSpam": 0,
    "version": 1,
    "parentVersion": -1,
    "echartsVersion": "4.4.0",
    "versionCreateTime": "2020-03-19T02:55:56.000Z",
    "html": "",
    "externalScripts": "",
    "updaterUID": "bd-3318776137",
    "theme": "",
    "layout": "",
    "viewCount": 890,
    "userName": "K***g",
    "commentCount": 0,
    "starCount": 3,
    "isStared": 0,
    "thumbnailURL": "https://www.makeapie.com/ecg-storage/ec_gallery_thumbnail/xco2CA3mH_.png?v=1584586556272",
    "isCustomThumbnail": 0,
    "builtinTags": [
        "category-work",
        "series-gauge"
    ],
    "customTags": [],
    "updaterUserName": "K***g"
}