{
    "cid": "xg7JOLJy3x",
    "authorUid": "bd-2603632873",
    "authorUserName": "y***8",
    "title": "同名数量统计",
    "description": "饼状图-官方示例",
    "latestVersion": 1,
    "alwaysLatest": 1,
    "createTime": "2020-03-19T04:52:35.000Z",
    "lastUpdateTime": "2020-03-19T04:52:35.000Z",
    "auth": 2,
    "uid": "bd-2603632873",
    "publishedVersion": 0,
    "forkFrom": "-",
    "isSpam": 0,
    "version": 1,
    "parentVersion": -1,
    "echartsVersion": "4.4.0",
    "versionCreateTime": "2020-03-19T04:52:35.000Z",
    "html": "",
    "externalScripts": "/dep/echarts/map/js/china.js",
    "updaterUID": "bd-2603632873",
    "theme": "",
    "layout": "",
    "viewCount": 86,
    "userName": "y***8",
    "commentCount": 0,
    "starCount": 0,
    "isStared": 0,
    "thumbnailURL": "https://www.makeapie.com/ecg-storage/ec_gallery_thumbnail/xg7JOLJy3x.png?v=1584593555706",
    "isCustomThumbnail": 0,
    "builtinTags": [
        "category-work",
        "legend",
        "series-pie",
        "title",
        "tooltip"
    ],
    "customTags": [],
    "updaterUserName": "y***8"
}