{
    "cid": "ximdexHMAM",
    "authorUid": "bd-2689176304",
    "authorUserName": "扣***菁",
    "title": "间隔变色",
    "description": "间隔色只能跟随数据自身，所以将它单独拿出后进行构建",
    "latestVersion": 3,
    "alwaysLatest": 1,
    "createTime": "2020-03-22T08:59:40.000Z",
    "lastUpdateTime": "2020-03-22T08:59:40.000Z",
    "auth": 2,
    "uid": "bd-2689176304",
    "publishedVersion": 0,
    "forkFrom": "-",
    "isSpam": 0,
    "version": 3,
    "parentVersion": 2,
    "echartsVersion": "4.7.0",
    "versionCreateTime": "2020-03-23T02:35:07.000Z",
    "html": "",
    "externalScripts": "",
    "updaterUID": "bd-2689176304",
    "theme": "",
    "layout": "",
    "viewCount": 71,
    "userName": "扣***菁",
    "commentCount": 0,
    "starCount": 0,
    "isStared": 0,
    "thumbnailURL": "https://www.makeapie.com/ecg-storage/ec_gallery_thumbnail/ximdexHMAM.png?v=1584930907960",
    "isCustomThumbnail": 0,
    "builtinTags": [
        "category-work",
        "grid",
        "legend",
        "series-line",
        "title",
        "tooltip"
    ],
    "customTags": [],
    "updaterUserName": "扣***菁"
}