{
    "cid": "xJHm632ZHt",
    "authorUid": "bd-2852144331",
    "authorUserName": "k***e",
    "title": "简单饼图",
    "description": "",
    "latestVersion": 1,
    "alwaysLatest": 1,
    "createTime": "2020-03-19T09:10:28.000Z",
    "lastUpdateTime": "2020-03-19T09:10:28.000Z",
    "auth": 2,
    "uid": "bd-2852144331",
    "publishedVersion": 0,
    "forkFrom": "-",
    "isSpam": 0,
    "version": 1,
    "parentVersion": -1,
    "echartsVersion": "4.4.0",
    "versionCreateTime": "2020-03-19T09:10:28.000Z",
    "html": "",
    "externalScripts": "",
    "updaterUID": "bd-2852144331",
    "theme": "",
    "layout": "",
    "viewCount": 78,
    "userName": "k***e",
    "commentCount": 0,
    "starCount": 0,
    "isStared": 0,
    "thumbnailURL": "https://www.makeapie.com/ecg-storage/ec_gallery_thumbnail/xJHm632ZHt.png?v=1584609028924",
    "isCustomThumbnail": 0,
    "builtinTags": [
        "category-work",
        "legend",
        "series-pie",
        "tooltip"
    ],
    "customTags": [],
    "updaterUserName": "k***e"
}