{
    "cid": "xMjPe8o-WW",
    "authorUid": "bd-2922680995",
    "authorUserName": "极***",
    "title": "减半折线图",
    "description": "",
    "latestVersion": 2,
    "alwaysLatest": 1,
    "createTime": "2020-03-22T00:47:15.000Z",
    "lastUpdateTime": "2020-03-22T00:47:15.000Z",
    "auth": 1,
    "uid": "bd-2922680995",
    "publishedVersion": 0,
    "forkFrom": "-",
    "isSpam": 0,
    "version": 2,
    "parentVersion": 1,
    "echartsVersion": "4.8.0",
    "versionCreateTime": "2020-08-24T07:47:56.000Z",
    "html": "",
    "externalScripts": "",
    "updaterUID": "obd-ojaRcXAzRtcV1T5bCXKRJpbsV7Fu-EA",
    "theme": "",
    "layout": "",
    "viewCount": 2159,
    "userName": "极***",
    "commentCount": 0,
    "starCount": 5,
    "isStared": 0,
    "thumbnailURL": "https://www.makeapie.com/ecg-storage/ec_gallery_thumbnail/xMjPe8o-WW.png?v=1598255276770",
    "isCustomThumbnail": 0,
    "builtinTags": [
        "category-work",
        "grid",
        "legend",
        "markArea",
        "markLine",
        "series-line",
        "toolbox",
        "tooltip"
    ],
    "customTags": [],
    "updaterUserName": "m***p"
}