{
    "cid": "xmSkN2klG9",
    "authorUid": "bd-2372463751",
    "authorUserName": "G***x",
    "title": "A B C得点群体区分图",
    "description": "",
    "latestVersion": 3,
    "alwaysLatest": 1,
    "createTime": "2020-03-20T19:08:15.000Z",
    "lastUpdateTime": "2020-03-20T19:08:15.000Z",
    "auth": 2,
    "uid": "bd-2372463751",
    "publishedVersion": 0,
    "forkFrom": "-",
    "isSpam": 0,
    "version": 3,
    "parentVersion": 2,
    "echartsVersion": "4.4.0",
    "versionCreateTime": "2020-03-21T14:01:14.000Z",
    "html": "",
    "externalScripts": "",
    "updaterUID": "bd-2372463751",
    "theme": "",
    "layout": "",
    "viewCount": 334,
    "userName": "G***x",
    "commentCount": 0,
    "starCount": 2,
    "isStared": 0,
    "thumbnailURL": "https://www.makeapie.com/ecg-storage/ec_gallery_thumbnail/xmSkN2klG9.png?v=1584799274558",
    "isCustomThumbnail": 0,
    "builtinTags": [
        "category-work",
        "grid",
        "legend",
        "markLine",
        "series-scatter",
        "tooltip"
    ],
    "customTags": [],
    "updaterUserName": "G***x"
}