{
    "cid": "xy2lmiLoBY",
    "authorUid": "bd-2073171561",
    "authorUserName": "啵***巴",
    "title": "简单柱状图",
    "description": "",
    "latestVersion": 1,
    "alwaysLatest": 1,
    "createTime": "2020-03-20T06:44:39.000Z",
    "lastUpdateTime": "2020-03-20T06:44:39.000Z",
    "auth": 2,
    "uid": "bd-2073171561",
    "publishedVersion": 0,
    "forkFrom": "-",
    "isSpam": 0,
    "version": 1,
    "parentVersion": -1,
    "echartsVersion": "4.4.0",
    "versionCreateTime": "2020-03-20T06:44:39.000Z",
    "html": "",
    "externalScripts": "",
    "updaterUID": "bd-2073171561",
    "theme": "",
    "layout": "",
    "viewCount": 319,
    "userName": "啵***巴",
    "commentCount": 0,
    "starCount": 2,
    "isStared": 0,
    "thumbnailURL": "https://www.makeapie.com/ecg-storage/ec_gallery_thumbnail/xy2lmiLoBY.png?v=1584686679500",
    "isCustomThumbnail": 0,
    "builtinTags": [
        "category-work",
        "grid",
        "markLine",
        "markPoint",
        "series-bar",
        "title",
        "tooltip"
    ],
    "customTags": [],
    "updaterUserName": "啵***巴"
}