{
    "cid": "xYZrNAkYrZ",
    "authorUid": "bd-2073171561",
    "authorUserName": "啵***巴",
    "title": "简单地图撒点",
    "description": "大屏自用",
    "latestVersion": 1,
    "alwaysLatest": 1,
    "createTime": "2020-03-20T13:35:58.000Z",
    "lastUpdateTime": "2020-03-20T13:35:58.000Z",
    "auth": 2,
    "uid": "bd-2073171561",
    "publishedVersion": 0,
    "forkFrom": "-",
    "isSpam": 0,
    "version": 1,
    "parentVersion": -1,
    "echartsVersion": "4.4.0",
    "versionCreateTime": "2020-03-20T13:35:58.000Z",
    "html": "",
    "externalScripts": "",
    "updaterUID": "bd-2073171561",
    "theme": "",
    "layout": "",
    "viewCount": 1050,
    "userName": "啵***巴",
    "commentCount": 0,
    "starCount": 4,
    "isStared": 0,
    "thumbnailURL": "https://www.makeapie.com/ecg-storage/ec_gallery_thumbnail/xYZrNAkYrZ.png?v=1584711358606",
    "isCustomThumbnail": 0,
    "builtinTags": [
        "category-work",
        "geo",
        "series-map",
        "series-scatter",
        "title",
        "tooltip"
    ],
    "customTags": [],
    "updaterUserName": "啵***巴"
}