{
    "cid": "xzBscxbjRa",
    "authorUid": "bd-439334344",
    "authorUserName": "坏***4",
    "title": "颜色间隔柱状图",
    "description": "",
    "latestVersion": 1,
    "alwaysLatest": 1,
    "createTime": "2020-03-23T02:09:08.000Z",
    "lastUpdateTime": "2020-03-23T02:09:08.000Z",
    "auth": 2,
    "uid": "bd-439334344",
    "publishedVersion": 0,
    "forkFrom": "-",
    "isSpam": 0,
    "version": 1,
    "parentVersion": -1,
    "echartsVersion": "4.7.0",
    "versionCreateTime": "2020-03-23T02:09:08.000Z",
    "html": "",
    "externalScripts": "",
    "updaterUID": "bd-439334344",
    "theme": "",
    "layout": "",
    "viewCount": 42,
    "userName": "坏***4",
    "commentCount": 0,
    "starCount": 0,
    "isStared": 0,
    "thumbnailURL": "https://www.makeapie.com/ecg-storage/ec_gallery_thumbnail/xzBscxbjRa.png?v=1584929348744",
    "isCustomThumbnail": 0,
    "builtinTags": [
        "category-work",
        "grid",
        "series-bar",
        "tooltip"
    ],
    "customTags": [],
    "updaterUserName": "坏***4"
}