{
    "cid": "x3_f-hpb4C",
    "authorUid": "bd-2248245480",
    "authorUserName": "x***8",
    "title": "",
    "description": "",
    "latestVersion": 1,
    "alwaysLatest": 0,
    "createTime": "2021-12-23T14:20:51.000Z",
    "lastUpdateTime": "2021-12-23T14:20:51.000Z",
    "auth": 2,
    "uid": "bd-2248245480",
    "publishedVersion": 0,
    "forkFrom": "-",
    "isSpam": 0,
    "version": 1,
    "parentVersion": -1,
    "echartsVersion": "5.2.2",
    "versionCreateTime": "2021-12-23T14:20:51.000Z",
    "html": "",
    "externalScripts": "",
    "updaterUID": "bd-2248245480",
    "theme": "",
    "layout": "",
    "viewCount": 0,
    "userName": "x***8",
    "commentCount": 0,
    "starCount": 0,
    "isStared": 0,
    "thumbnailURL": "https://www.makeapie.com/ecg-storage/ec_gallery_thumbnail/x3_f-hpb4C.png?v=1640269251738",
    "isCustomThumbnail": 0,
    "builtinTags": [
        "category-work",
        "grid",
        "legend",
        "series-bar",
        "series-line",
        "series-pictorialBar",
        "tooltip"
    ],
    "customTags": [],
    "updaterUserName": "x***8"
}