{
    "cid": "x4F52esotS",
    "authorUid": "obd-o-6S8d0eJw6Pc3GW1rgYuU54gexNDAm",
    "authorUserName": "源***3",
    "title": "多渐变色柱状图",
    "description": "多渐变色柱状图",
    "latestVersion": 3,
    "alwaysLatest": 0,
    "createTime": "2021-12-23T15:12:40.000Z",
    "lastUpdateTime": "2021-12-23T15:39:32.000Z",
    "auth": 2,
    "uid": "obd-o-6S8d0eJw6Pc3GW1rgYuU54gexNDAm",
    "publishedVersion": 0,
    "forkFrom": "-",
    "isSpam": 0,
    "version": 3,
    "parentVersion": 2,
    "echartsVersion": "5.2.2",
    "versionCreateTime": "2021-12-23T15:39:32.000Z",
    "html": "",
    "externalScripts": "",
    "updaterUID": "obd-o-6S8d0eJw6Pc3GW1rgYuU54gexNDAm",
    "theme": "",
    "layout": "",
    "viewCount": 0,
    "userName": "源***3",
    "commentCount": 0,
    "starCount": 1,
    "isStared": 0,
    "thumbnailURL": "https://www.makeapie.com/ecg-storage/ec_gallery_thumbnail/x4F52esotS.png?v=1640273972956",
    "isCustomThumbnail": 0,
    "builtinTags": [
        "category-work",
        "grid",
        "legend",
        "series-bar",
        "tooltip"
    ],
    "customTags": [
        "bar",
        "柱状图",
        "渐变"
    ],
    "updaterUserName": "源***3"
}