{
    "cid": "x4lxsMwfc9",
    "authorUid": "obd-olwfQE5AIFppxSjWQjpOa0Lr4XVgV0X",
    "authorUserName": "晨***g",
    "title": "2021年6月至11月中国各省迁入规模指数",
    "description": "数据来源：百度地图迁徙大数据",
    "latestVersion": 4,
    "alwaysLatest": 0,
    "createTime": "2021-12-23T17:15:49.000Z",
    "lastUpdateTime": "2021-12-24T13:02:17.000Z",
    "auth": 2,
    "uid": "obd-olwfQE5AIFppxSjWQjpOa0Lr4XVgV0X",
    "publishedVersion": 0,
    "forkFrom": "-",
    "isSpam": 0,
    "version": 4,
    "parentVersion": 2,
    "echartsVersion": "5.2.2",
    "versionCreateTime": "2021-12-24T13:02:17.000Z",
    "html": "",
    "externalScripts": "",
    "updaterUID": "obd-olwfQE5AIFppxSjWQjpOa0Lr4XVgV0X",
    "theme": "",
    "layout": "",
    "viewCount": 0,
    "userName": "晨***g",
    "commentCount": 0,
    "starCount": 0,
    "isStared": 0,
    "thumbnailURL": "https://www.makeapie.com/ecg-storage/ec_gallery_thumbnail/x4lxsMwfc9.png?v=1640350938065",
    "isCustomThumbnail": 0,
    "builtinTags": [
        "category-work",
        "geo",
        "grid",
        "series-bar",
        "series-effectScatter",
        "series-map",
        "timeline",
        "title",
        "tooltip"
    ],
    "customTags": [],
    "updaterUserName": "晨***g"
}