{
    "cid": "x6oR2j9D7m",
    "authorUid": "obd-oD5F3tmmlK86-a8gOkLhohawqjJHK1v",
    "authorUserName": "任***司",
    "title": "目标进度",
    "description": "",
    "latestVersion": 2,
    "alwaysLatest": 0,
    "createTime": "2021-12-24T06:59:27.000Z",
    "lastUpdateTime": "2021-12-24T07:01:39.000Z",
    "auth": 2,
    "uid": "obd-oD5F3tmmlK86-a8gOkLhohawqjJHK1v",
    "publishedVersion": 0,
    "forkFrom": "-",
    "isSpam": 0,
    "version": 2,
    "parentVersion": 1,
    "echartsVersion": "5.2.2",
    "versionCreateTime": "2021-12-24T07:01:40.000Z",
    "html": "",
    "externalScripts": "",
    "updaterUID": "obd-oD5F3tmmlK86-a8gOkLhohawqjJHK1v",
    "theme": "",
    "layout": "",
    "viewCount": 0,
    "userName": "任***司",
    "commentCount": 0,
    "starCount": 2,
    "isStared": 0,
    "thumbnailURL": "https://www.makeapie.com/ecg-storage/ec_gallery_thumbnail/x6oR2j9D7m.png?v=1640329300086",
    "isCustomThumbnail": 0,
    "builtinTags": [
        "category-work",
        "grid",
        "legend",
        "series-pie",
        "tooltip"
    ],
    "customTags": [],
    "updaterUserName": "任***司"
}