{
    "cid": "xE593Ai2xG",
    "authorUid": "obd-o2mybEVK1vVzleokXqdTsE6D_QYzUBs",
    "authorUserName": "158*****244",
    "title": "各地市人口分布",
    "description": "前三个数据一种类型背景图，其余的一种类型背景图",
    "latestVersion": 1,
    "alwaysLatest": 0,
    "createTime": "2021-12-24T09:45:35.000Z",
    "lastUpdateTime": "2021-12-24T09:45:35.000Z",
    "auth": 2,
    "uid": "obd-o2mybEVK1vVzleokXqdTsE6D_QYzUBs",
    "publishedVersion": 0,
    "forkFrom": "-",
    "isSpam": 0,
    "version": 1,
    "parentVersion": -1,
    "echartsVersion": "5.2.2",
    "versionCreateTime": "2021-12-24T09:45:35.000Z",
    "html": "",
    "externalScripts": "",
    "updaterUID": "obd-o2mybEVK1vVzleokXqdTsE6D_QYzUBs",
    "theme": "",
    "layout": "",
    "viewCount": 0,
    "userName": "158*****244",
    "commentCount": 0,
    "starCount": 0,
    "isStared": 0,
    "thumbnailURL": "https://www.makeapie.com/ecg-storage/ec_gallery_thumbnail/xE593Ai2xG.png?v=1640339135517",
    "isCustomThumbnail": 0,
    "builtinTags": [
        "category-work",
        "grid",
        "series-pictorialBar",
        "title"
    ],
    "customTags": [],
    "updaterUserName": "158*****244"
}