{
    "cid": "xEMjxNBA_j",
    "authorUid": "obd-oFgG1RNZphldMmrK_mGagWteep-RD5V",
    "authorUserName": "冷***幽",
    "title": "111",
    "description": "",
    "latestVersion": 1,
    "alwaysLatest": 0,
    "createTime": "2021-12-24T10:15:01.000Z",
    "lastUpdateTime": "2021-12-24T10:15:01.000Z",
    "auth": 2,
    "uid": "obd-oFgG1RNZphldMmrK_mGagWteep-RD5V",
    "publishedVersion": 0,
    "forkFrom": "-",
    "isSpam": 0,
    "version": 1,
    "parentVersion": -1,
    "echartsVersion": "5.2.2",
    "versionCreateTime": "2021-12-24T10:15:01.000Z",
    "html": "",
    "externalScripts": "",
    "updaterUID": "obd-oFgG1RNZphldMmrK_mGagWteep-RD5V",
    "theme": "vintage",
    "layout": "",
    "viewCount": 0,
    "userName": "冷***幽",
    "commentCount": 0,
    "starCount": 0,
    "isStared": 0,
    "thumbnailURL": "https://www.makeapie.com/ecg-storage/ec_gallery_thumbnail/xEMjxNBA_j.png?v=1640340902008",
    "isCustomThumbnail": 0,
    "builtinTags": [
        "category-work",
        "grid",
        "legend",
        "series-bar",
        "tooltip"
    ],
    "customTags": [],
    "updaterUserName": "冷***幽"
}