{
    "cid": "xgfvXy8VB7",
    "authorUid": "obd-oNx2eq_K4EtLMjf9loQEDBhwN7_IxCu",
    "authorUserName": "166******65",
    "title": "桑基图-不同城市市民购买睡眠产品比例",
    "description": "不同城市市民购买睡眠产品比例",
    "latestVersion": 2,
    "alwaysLatest": 0,
    "createTime": "2021-12-23T12:34:56.000Z",
    "lastUpdateTime": "2021-12-23T12:35:14.000Z",
    "auth": 2,
    "uid": "obd-oNx2eq_K4EtLMjf9loQEDBhwN7_IxCu",
    "publishedVersion": 0,
    "forkFrom": "-",
    "isSpam": 0,
    "version": 2,
    "parentVersion": 1,
    "echartsVersion": "5.2.2",
    "versionCreateTime": "2021-12-23T12:35:14.000Z",
    "html": "",
    "externalScripts": "",
    "updaterUID": "obd-oNx2eq_K4EtLMjf9loQEDBhwN7_IxCu",
    "theme": "",
    "layout": "",
    "viewCount": 0,
    "userName": "166******65",
    "commentCount": 0,
    "starCount": 0,
    "isStared": 0,
    "thumbnailURL": "https://www.makeapie.com/ecg-storage/ec_gallery_thumbnail/xgfvXy8VB7.png?v=1640262915029",
    "isCustomThumbnail": 0,
    "builtinTags": [
        "category-work",
        "series-sankey",
        "title",
        "tooltip"
    ],
    "customTags": [],
    "updaterUserName": "166******65"
}