{
    "cid": "xGhcc_m9JZ",
    "authorUid": "obd-oNlDtT2pdU0XdGJANJ-vjumArq3t_Co",
    "authorUserName": "n***酱",
    "title": "排名-柱形图",
    "description": "通过基本的柱形图展示排名（如有侵权，联系删除）",
    "latestVersion": 1,
    "alwaysLatest": 0,
    "createTime": "2021-12-24T07:51:13.000Z",
    "lastUpdateTime": "2021-12-24T07:51:13.000Z",
    "auth": 2,
    "uid": "obd-oNlDtT2pdU0XdGJANJ-vjumArq3t_Co",
    "publishedVersion": 0,
    "forkFrom": "-",
    "isSpam": 0,
    "version": 1,
    "parentVersion": -1,
    "echartsVersion": "5.2.2",
    "versionCreateTime": "2021-12-24T07:51:13.000Z",
    "html": "",
    "externalScripts": "",
    "updaterUID": "obd-oNlDtT2pdU0XdGJANJ-vjumArq3t_Co",
    "theme": "",
    "layout": "",
    "viewCount": 0,
    "userName": "n***酱",
    "commentCount": 0,
    "starCount": 0,
    "isStared": 0,
    "thumbnailURL": "https://www.makeapie.com/ecg-storage/ec_gallery_thumbnail/xGhcc_m9JZ.png?v=1640332273201",
    "isCustomThumbnail": 0,
    "builtinTags": [
        "category-work",
        "grid",
        "series-bar"
    ],
    "customTags": [],
    "updaterUserName": "n***酱"
}