{
    "cid": "xGS4tn0YaJ",
    "authorUid": "obd-oEg_hPXa1KIFmDYbplDPoM-Itthpx4r",
    "authorUserName": "a***2",
    "title": "聚焦放大test",
    "description": "",
    "latestVersion": 1,
    "alwaysLatest": 0,
    "createTime": "2021-12-24T02:24:31.000Z",
    "lastUpdateTime": "2021-12-24T02:24:31.000Z",
    "auth": 2,
    "uid": "obd-oEg_hPXa1KIFmDYbplDPoM-Itthpx4r",
    "publishedVersion": 0,
    "forkFrom": "-",
    "isSpam": 0,
    "version": 1,
    "parentVersion": -1,
    "echartsVersion": "5.2.2",
    "versionCreateTime": "2021-12-24T02:24:31.000Z",
    "html": "",
    "externalScripts": "",
    "updaterUID": "obd-oEg_hPXa1KIFmDYbplDPoM-Itthpx4r",
    "theme": "",
    "layout": "",
    "viewCount": 0,
    "userName": "a***2",
    "commentCount": 0,
    "starCount": 0,
    "isStared": 0,
    "thumbnailURL": "https://www.makeapie.com/ecg-storage/ec_gallery_thumbnail/xGS4tn0YaJ.png?v=1640312671422",
    "isCustomThumbnail": 0,
    "builtinTags": [
        "category-work",
        "grid",
        "series-line",
        "title",
        "tooltip"
    ],
    "customTags": [],
    "updaterUserName": "a***2"
}