{
    "cid": "xItqpbUX8O",
    "authorUid": "obd-olnAgdcuHaWJ7nPap0Re5s0x7OYu00P",
    "authorUserName": "内***哈",
    "title": "ww",
    "description": "",
    "latestVersion": 1,
    "alwaysLatest": 0,
    "createTime": "2021-12-23T15:38:15.000Z",
    "lastUpdateTime": "2021-12-23T15:38:15.000Z",
    "auth": 2,
    "uid": "obd-olnAgdcuHaWJ7nPap0Re5s0x7OYu00P",
    "publishedVersion": 0,
    "forkFrom": "-",
    "isSpam": 0,
    "version": 1,
    "parentVersion": -1,
    "echartsVersion": "5.2.2",
    "versionCreateTime": "2021-12-23T15:38:15.000Z",
    "html": "",
    "externalScripts": "",
    "updaterUID": "obd-olnAgdcuHaWJ7nPap0Re5s0x7OYu00P",
    "theme": "",
    "layout": "",
    "viewCount": 0,
    "userName": "内***哈",
    "commentCount": 0,
    "starCount": 1,
    "isStared": 0,
    "thumbnailURL": "https://www.makeapie.com/ecg-storage/ec_gallery_thumbnail/xItqpbUX8O.png?v=1640273896188",
    "isCustomThumbnail": 0,
    "builtinTags": [
        "category-work",
        "geo",
        "legend",
        "series-effectScatter",
        "series-map",
        "series-scatter",
        "tooltip"
    ],
    "customTags": [],
    "updaterUserName": "内***哈"
}