{
    "cid": "xJ3rwxtYIJ",
    "authorUid": "obd-oM387k5wWasiIEjQQpB0uWIolw__S2D",
    "authorUserName": "百度用户#5324366221",
    "title": "一天的时间流逝",
    "description": "",
    "latestVersion": 1,
    "alwaysLatest": 0,
    "createTime": "2021-12-24T08:46:43.000Z",
    "lastUpdateTime": "2021-12-24T08:46:43.000Z",
    "auth": 2,
    "uid": "obd-oM387k5wWasiIEjQQpB0uWIolw__S2D",
    "publishedVersion": 0,
    "forkFrom": "-",
    "isSpam": 0,
    "version": 1,
    "parentVersion": -1,
    "echartsVersion": "5.2.2",
    "versionCreateTime": "2021-12-24T08:46:43.000Z",
    "html": "",
    "externalScripts": "",
    "updaterUID": "obd-oM387k5wWasiIEjQQpB0uWIolw__S2D",
    "theme": "",
    "layout": "",
    "viewCount": 0,
    "userName": "百度用户#5324366221",
    "commentCount": 0,
    "starCount": 0,
    "isStared": 0,
    "thumbnailURL": "https://www.makeapie.com/ecg-storage/ec_gallery_thumbnail/xJ3rwxtYIJ.png?v=1640335603269",
    "isCustomThumbnail": 0,
    "builtinTags": [
        "category-work",
        "series-graph",
        "title",
        "toolbox"
    ],
    "customTags": [],
    "updaterUserName": "百度用户#5324366221"
}