{
    "cid": "xkAOom7YDb",
    "authorUid": "bd-1464931953",
    "authorUserName": "承***生",
    "title": "横向立体柱状图",
    "description": "横向立体柱状图",
    "latestVersion": 2,
    "alwaysLatest": 0,
    "createTime": "2021-12-24T03:11:13.000Z",
    "lastUpdateTime": "2021-12-24T03:13:19.000Z",
    "auth": 2,
    "uid": "bd-1464931953",
    "publishedVersion": 0,
    "forkFrom": "-",
    "isSpam": 0,
    "version": 2,
    "parentVersion": 1,
    "echartsVersion": "5.2.2",
    "versionCreateTime": "2021-12-24T03:13:19.000Z",
    "html": "",
    "externalScripts": "",
    "updaterUID": "bd-1464931953",
    "theme": "",
    "layout": "",
    "viewCount": 0,
    "userName": "承***生",
    "commentCount": 0,
    "starCount": 1,
    "isStared": 0,
    "thumbnailURL": "https://www.makeapie.com/ecg-storage/ec_gallery_thumbnail/xkAOom7YDb.png?v=1640315599882",
    "isCustomThumbnail": 0,
    "builtinTags": [
        "category-work",
        "grid",
        "series-bar",
        "series-pictorialBar"
    ],
    "customTags": [],
    "updaterUserName": "承***生"
}