{
    "cid": "xrg_dge_yJ",
    "authorUid": "obd-o2mybEVK1vVzleokXqdTsE6D_QYzUBs",
    "authorUserName": "158*****244",
    "title": "带盖柱形图",
    "description": "上下盖子柱形图",
    "latestVersion": 1,
    "alwaysLatest": 0,
    "createTime": "2021-12-24T09:43:37.000Z",
    "lastUpdateTime": "2021-12-24T09:43:37.000Z",
    "auth": 2,
    "uid": "obd-o2mybEVK1vVzleokXqdTsE6D_QYzUBs",
    "publishedVersion": 0,
    "forkFrom": "-",
    "isSpam": 0,
    "version": 1,
    "parentVersion": -1,
    "echartsVersion": "5.2.2",
    "versionCreateTime": "2021-12-24T09:43:37.000Z",
    "html": "",
    "externalScripts": "",
    "updaterUID": "obd-o2mybEVK1vVzleokXqdTsE6D_QYzUBs",
    "theme": "",
    "layout": "",
    "viewCount": 0,
    "userName": "158*****244",
    "commentCount": 0,
    "starCount": 0,
    "isStared": 0,
    "thumbnailURL": "https://www.makeapie.com/ecg-storage/ec_gallery_thumbnail/xrg_dge_yJ.png?v=1640339017401",
    "isCustomThumbnail": 0,
    "builtinTags": [
        "category-work",
        "grid",
        "series-bar",
        "series-pictorialBar",
        "tooltip"
    ],
    "customTags": [],
    "updaterUserName": "158*****244"
}