{
    "cid": "xsc3DxtIyX",
    "authorUid": "bd-2469886102",
    "authorUserName": "芊***8",
    "title": "全国省市区街道点位",
    "description": "",
    "latestVersion": 2,
    "alwaysLatest": 0,
    "createTime": "2021-12-24T08:18:41.000Z",
    "lastUpdateTime": "2021-12-24T08:20:24.000Z",
    "auth": 1,
    "uid": "bd-2469886102",
    "publishedVersion": 0,
    "forkFrom": "-",
    "isSpam": 0,
    "version": 2,
    "parentVersion": 1,
    "echartsVersion": "5.2.2",
    "versionCreateTime": "2021-12-24T08:20:24.000Z",
    "html": "",
    "externalScripts": "/dep/echarts/map/js/china.js,/asset/get/s/data-1640332004467-rgAUow6fh.js",
    "updaterUID": "bd-2469886102",
    "theme": "",
    "layout": "",
    "viewCount": 0,
    "userName": "芊***8",
    "commentCount": 0,
    "starCount": 0,
    "isStared": 0,
    "thumbnailURL": "https://www.makeapie.com/ecg-storage/ec_gallery_thumbnail/xsc3DxtIyX.png?v=1640334024816",
    "isCustomThumbnail": 0,
    "builtinTags": [
        "category-work",
        "geo",
        "series-map",
        "series-scatter",
        "tooltip"
    ],
    "customTags": [
        "区",
        "市",
        "省",
        "街道"
    ],
    "updaterUserName": "芊***8"
}