{
    "cid": "xvompNug7K",
    "authorUid": "obd-o2SLy3-g3q7ExOyp36JF2Ob_F87gk64",
    "authorUserName": "B***n",
    "title": "高英杰微创新",
    "description": "",
    "latestVersion": 1,
    "alwaysLatest": 0,
    "createTime": "2021-12-23T17:31:14.000Z",
    "lastUpdateTime": "2021-12-23T17:31:14.000Z",
    "auth": 2,
    "uid": "obd-o2SLy3-g3q7ExOyp36JF2Ob_F87gk64",
    "publishedVersion": 0,
    "forkFrom": "-",
    "isSpam": 0,
    "version": 1,
    "parentVersion": -1,
    "echartsVersion": "5.2.2",
    "versionCreateTime": "2021-12-23T17:31:14.000Z",
    "html": "",
    "externalScripts": "",
    "updaterUID": "obd-o2SLy3-g3q7ExOyp36JF2Ob_F87gk64",
    "theme": "",
    "layout": "",
    "viewCount": 0,
    "userName": "B***n",
    "commentCount": 0,
    "starCount": 2,
    "isStared": 0,
    "thumbnailURL": "https://www.makeapie.com/ecg-storage/ec_gallery_thumbnail/xvompNug7K.png?v=1640280675135",
    "isCustomThumbnail": 0,
    "builtinTags": [
        "category-work",
        "geo",
        "series-effectScatter",
        "series-lines",
        "series-scatter",
        "tooltip",
        "visualMap"
    ],
    "customTags": [],
    "updaterUserName": "B***n"
}