{
    "cid": "x3xW732AJC",
    "authorUid": "bd-181101713",
    "authorUserName": "j***6",
    "title": "分析评估-图表1",
    "description": "柱状",
    "latestVersion": 1,
    "alwaysLatest": 1,
    "createTime": "2021-11-10T04:02:40.000Z",
    "lastUpdateTime": "2021-11-10T04:02:40.000Z",
    "auth": 2,
    "uid": "bd-181101713",
    "publishedVersion": 0,
    "forkFrom": "-",
    "isSpam": 0,
    "version": 1,
    "parentVersion": -1,
    "echartsVersion": "4.9.0",
    "versionCreateTime": "2021-11-10T04:02:40.000Z",
    "html": "",
    "externalScripts": "",
    "updaterUID": "bd-181101713",
    "theme": "",
    "layout": "",
    "viewCount": 0,
    "userName": "j***6",
    "commentCount": 0,
    "starCount": 0,
    "isStared": 0,
    "thumbnailURL": "https://www.makeapie.com/ecg-storage/ec_gallery_thumbnail/x3xW732AJC.png?v=1636516960632",
    "isCustomThumbnail": 0,
    "builtinTags": [
        "category-work",
        "dataZoom",
        "grid",
        "series-bar",
        "series-pictorialBar",
        "tooltip"
    ],
    "customTags": [],
    "updaterUserName": "j***6"
}