{
    "cid": "x3Zb5l-ZCS",
    "authorUid": "obd-olGpG1LaGLBVmc70-ev4RdeVccyJ60K",
    "authorUserName": "七***弟",
    "title": "饼图有百分比的",
    "description": "",
    "latestVersion": 1,
    "alwaysLatest": 0,
    "createTime": "2021-11-09T09:03:17.000Z",
    "lastUpdateTime": "2021-11-09T09:03:17.000Z",
    "auth": 2,
    "uid": "obd-olGpG1LaGLBVmc70-ev4RdeVccyJ60K",
    "publishedVersion": 0,
    "forkFrom": "-",
    "isSpam": 0,
    "version": 1,
    "parentVersion": -1,
    "echartsVersion": "5.2.2",
    "versionCreateTime": "2021-11-09T09:03:17.000Z",
    "html": "",
    "externalScripts": "",
    "updaterUID": "obd-olGpG1LaGLBVmc70-ev4RdeVccyJ60K",
    "theme": "",
    "layout": "",
    "viewCount": 0,
    "userName": "七***弟",
    "commentCount": 0,
    "starCount": 1,
    "isStared": 0,
    "thumbnailURL": "https://www.makeapie.com/ecg-storage/ec_gallery_thumbnail/x3Zb5l-ZCS.png?v=1636448597917",
    "isCustomThumbnail": 0,
    "builtinTags": [
        "category-work",
        "legend",
        "series-pie",
        "toolbox",
        "tooltip"
    ],
    "customTags": [],
    "updaterUserName": "七***弟"
}