{
    "cid": "x6FkfPi5jT",
    "authorUid": "obd-oPbyOet34tgI86uiAk3U45gBvrfgo96",
    "authorUserName": "183*****763",
    "title": "横向时间轴",
    "description": "",
    "latestVersion": 2,
    "alwaysLatest": 0,
    "createTime": "2021-11-10T05:34:58.000Z",
    "lastUpdateTime": "2021-11-10T08:02:12.000Z",
    "auth": 1,
    "uid": "obd-oPbyOet34tgI86uiAk3U45gBvrfgo96",
    "publishedVersion": 0,
    "forkFrom": "-",
    "isSpam": 0,
    "version": 2,
    "parentVersion": 1,
    "echartsVersion": "5.2.2",
    "versionCreateTime": "2021-11-10T08:02:12.000Z",
    "html": "",
    "externalScripts": "",
    "updaterUID": "obd-oPbyOet34tgI86uiAk3U45gBvrfgo96",
    "theme": "",
    "layout": "",
    "viewCount": 0,
    "userName": "183*****763",
    "commentCount": 0,
    "starCount": 1,
    "isStared": 0,
    "thumbnailURL": "https://www.makeapie.com/ecg-storage/ec_gallery_thumbnail/x6FkfPi5jT.png?v=1636531332145",
    "isCustomThumbnail": 0,
    "builtinTags": [
        "category-work",
        "grid",
        "legend",
        "series-line"
    ],
    "customTags": [],
    "updaterUserName": "183*****763"
}