{
    "cid": "xa5nlE-8bG",
    "authorUid": "obd-oC-nCSZXjUhtzVsQQYqBt5gsuTb_q3n",
    "authorUserName": "怎***殇",
    "title": "散点图",
    "description": "fourth",
    "latestVersion": 5,
    "alwaysLatest": 0,
    "createTime": "2021-11-09T08:50:33.000Z",
    "lastUpdateTime": "2021-11-19T07:24:31.000Z",
    "auth": 2,
    "uid": "obd-oC-nCSZXjUhtzVsQQYqBt5gsuTb_q3n",
    "publishedVersion": 0,
    "forkFrom": "-",
    "isSpam": 0,
    "version": 5,
    "parentVersion": 4,
    "echartsVersion": "5.2.2",
    "versionCreateTime": "2021-11-19T07:24:31.000Z",
    "html": "",
    "externalScripts": "",
    "updaterUID": "obd-oC-nCSZXjUhtzVsQQYqBt5gsuTb_q3n",
    "theme": "",
    "layout": "",
    "viewCount": 0,
    "userName": "怎***殇",
    "commentCount": 0,
    "starCount": 0,
    "isStared": 0,
    "thumbnailURL": "https://www.makeapie.com/ecg-storage/ec_gallery_thumbnail/xa5nlE-8bG.png?v=1637306671810",
    "isCustomThumbnail": 0,
    "builtinTags": [
        "category-work",
        "grid",
        "series-scatter"
    ],
    "customTags": [],
    "updaterUserName": "怎***殇"
}