{
    "cid": "xCDcwOP4ZL",
    "authorUid": "obd-ol2AVedMd7qDGt9iofj97qxnlosju0E",
    "authorUserName": "f***h",
    "title": "简单的雷达图",
    "description": "雷达图中心有数字",
    "latestVersion": 5,
    "alwaysLatest": 0,
    "createTime": "2021-11-09T05:55:22.000Z",
    "lastUpdateTime": "2021-11-09T08:39:23.000Z",
    "auth": 2,
    "uid": "obd-ol2AVedMd7qDGt9iofj97qxnlosju0E",
    "publishedVersion": 0,
    "forkFrom": "-",
    "isSpam": 0,
    "version": 5,
    "parentVersion": 4,
    "echartsVersion": "5.2.2",
    "versionCreateTime": "2021-11-09T08:39:24.000Z",
    "html": "",
    "externalScripts": "",
    "updaterUID": "obd-ol2AVedMd7qDGt9iofj97qxnlosju0E",
    "theme": "",
    "layout": "",
    "viewCount": 0,
    "userName": "f***h",
    "commentCount": 0,
    "starCount": 0,
    "isStared": 0,
    "thumbnailURL": "https://www.makeapie.com/ecg-storage/ec_gallery_thumbnail/xCDcwOP4ZL.png?v=1636447164122",
    "isCustomThumbnail": 0,
    "builtinTags": [
        "category-work",
        "radar",
        "series-radar",
        "title"
    ],
    "customTags": [],
    "updaterUserName": "f***h"
}