{
    "cid": "xD8QNhJOok",
    "authorUid": "obd-oMGzodsy9PP9jkwvH2kpSrH7o-UO82r",
    "authorUserName": "雎***",
    "title": "两个x轴共同滑动",
    "description": "",
    "latestVersion": 1,
    "alwaysLatest": 0,
    "createTime": "2021-11-09T10:27:48.000Z",
    "lastUpdateTime": "2021-11-09T10:27:48.000Z",
    "auth": 2,
    "uid": "obd-oMGzodsy9PP9jkwvH2kpSrH7o-UO82r",
    "publishedVersion": 0,
    "forkFrom": "-",
    "isSpam": 0,
    "version": 1,
    "parentVersion": -1,
    "echartsVersion": "4.8.0",
    "versionCreateTime": "2021-11-09T10:27:48.000Z",
    "html": "",
    "externalScripts": "",
    "updaterUID": "obd-oMGzodsy9PP9jkwvH2kpSrH7o-UO82r",
    "theme": "",
    "layout": "",
    "viewCount": 0,
    "userName": "雎***",
    "commentCount": 0,
    "starCount": 0,
    "isStared": 0,
    "thumbnailURL": "https://www.makeapie.com/ecg-storage/ec_gallery_thumbnail/xD8QNhJOok.png?v=1636453668826",
    "isCustomThumbnail": 0,
    "builtinTags": [
        "category-work",
        "dataZoom",
        "grid",
        "legend",
        "series-line",
        "tooltip"
    ],
    "customTags": [],
    "updaterUserName": "雎***"
}