{
    "cid": "xgldaboqkV",
    "authorUid": "obd-oA5FNnhTzFItSWkxwDLiKfK7eVN0T7U",
    "authorUserName": "g***1",
    "title": "水球图",
    "description": "",
    "latestVersion": 4,
    "alwaysLatest": 0,
    "createTime": "2021-11-09T06:43:30.000Z",
    "lastUpdateTime": "2021-11-09T06:54:36.000Z",
    "auth": 2,
    "uid": "obd-oA5FNnhTzFItSWkxwDLiKfK7eVN0T7U",
    "publishedVersion": 0,
    "forkFrom": "-",
    "isSpam": 0,
    "version": 4,
    "parentVersion": 3,
    "echartsVersion": "5.2.2",
    "versionCreateTime": "2021-11-09T06:54:36.000Z",
    "html": "",
    "externalScripts": "https://cdn.jsdelivr.net/npm/echarts-liquidfill@3/dist/echarts-liquidfill.min.js",
    "updaterUID": "obd-oA5FNnhTzFItSWkxwDLiKfK7eVN0T7U",
    "theme": "",
    "layout": "",
    "viewCount": 0,
    "userName": "g***1",
    "commentCount": 0,
    "starCount": 2,
    "isStared": 0,
    "thumbnailURL": "https://www.makeapie.com/ecg-storage/ec_gallery_thumbnail/xgldaboqkV.png?v=1636440876345",
    "isCustomThumbnail": 0,
    "builtinTags": [
        "category-work"
    ],
    "customTags": [],
    "updaterUserName": "g***1"
}