{
    "cid": "xIhv2gNFpD",
    "authorUid": "obd-oPbAMKik3B_d39mi4i2fx3qhMUtbA94",
    "authorUserName": "梁***e",
    "title": "仪表盘图",
    "description": "",
    "latestVersion": 3,
    "alwaysLatest": 0,
    "createTime": "2021-11-09T03:03:59.000Z",
    "lastUpdateTime": "2021-11-09T03:06:09.000Z",
    "auth": 2,
    "uid": "obd-oPbAMKik3B_d39mi4i2fx3qhMUtbA94",
    "publishedVersion": 0,
    "forkFrom": "-",
    "isSpam": 0,
    "version": 3,
    "parentVersion": 2,
    "echartsVersion": "5.2.2",
    "versionCreateTime": "2021-11-09T03:06:09.000Z",
    "html": "",
    "externalScripts": "",
    "updaterUID": "obd-oPbAMKik3B_d39mi4i2fx3qhMUtbA94",
    "theme": "",
    "layout": "",
    "viewCount": 0,
    "userName": "梁***e",
    "commentCount": 0,
    "starCount": 0,
    "isStared": 0,
    "thumbnailURL": "https://www.makeapie.com/ecg-storage/ec_gallery_thumbnail/xIhv2gNFpD.png?v=1636427169774",
    "isCustomThumbnail": 0,
    "builtinTags": [
        "category-work",
        "series-gauge"
    ],
    "customTags": [
        "仪表图",
        "仪表盘"
    ],
    "updaterUserName": "梁***e"
}