{
    "cid": "xKDPGjJFm9",
    "authorUid": "obd-o-sC3zYsDj_s8LLnLd7f1JChJTwV5AH",
    "authorUserName": "f***8",
    "title": "chr",
    "description": "",
    "latestVersion": 8,
    "alwaysLatest": 0,
    "createTime": "2021-11-09T08:38:15.000Z",
    "lastUpdateTime": "2021-11-10T02:53:33.000Z",
    "auth": 2,
    "uid": "obd-o-sC3zYsDj_s8LLnLd7f1JChJTwV5AH",
    "publishedVersion": 0,
    "forkFrom": "-",
    "isSpam": 0,
    "version": 8,
    "parentVersion": 7,
    "echartsVersion": "5.2.2",
    "versionCreateTime": "2021-11-10T02:53:33.000Z",
    "html": "",
    "externalScripts": "",
    "updaterUID": "obd-o-sC3zYsDj_s8LLnLd7f1JChJTwV5AH",
    "theme": "",
    "layout": "",
    "viewCount": 0,
    "userName": "f***8",
    "commentCount": 0,
    "starCount": 0,
    "isStared": 0,
    "thumbnailURL": "https://www.makeapie.com/ecg-storage/ec_gallery_thumbnail/xKDPGjJFm9.png?v=1636512813831",
    "isCustomThumbnail": 0,
    "builtinTags": [
        "category-work",
        "grid",
        "series-heatmap",
        "tooltip",
        "visualMap"
    ],
    "customTags": [],
    "updaterUserName": "f***8"
}