{
    "cid": "xR26ANnVWb",
    "authorUid": "bd-4240785066",
    "authorUserName": "小***丶",
    "title": "堆叠折线图",
    "description": "人气指数折线图变化，以堆叠图进行展示",
    "latestVersion": 1,
    "alwaysLatest": 0,
    "createTime": "2021-11-10T02:42:29.000Z",
    "lastUpdateTime": "2021-11-10T02:42:29.000Z",
    "auth": 2,
    "uid": "bd-4240785066",
    "publishedVersion": 0,
    "forkFrom": "-",
    "isSpam": 0,
    "version": 1,
    "parentVersion": -1,
    "echartsVersion": "5.2.2",
    "versionCreateTime": "2021-11-10T02:42:29.000Z",
    "html": "",
    "externalScripts": "",
    "updaterUID": "bd-4240785066",
    "theme": "",
    "layout": "",
    "viewCount": 0,
    "userName": "小***丶",
    "commentCount": 0,
    "starCount": 1,
    "isStared": 0,
    "thumbnailURL": "https://www.makeapie.com/ecg-storage/ec_gallery_thumbnail/xR26ANnVWb.png?v=1636512149214",
    "isCustomThumbnail": 0,
    "builtinTags": [
        "category-work",
        "grid",
        "markPoint",
        "series-line",
        "tooltip"
    ],
    "customTags": [],
    "updaterUserName": "小***丶"
}