{
    "cid": "xwdjfKKYwj",
    "authorUid": "obd-oNg2lTKJ16A0vG1ZO6_ObM1crV5G5Cd",
    "authorUserName": "古***勒",
    "title": "",
    "description": "圆形图",
    "latestVersion": 1,
    "alwaysLatest": 0,
    "createTime": "2021-11-09T07:17:06.000Z",
    "lastUpdateTime": "2021-11-09T07:17:06.000Z",
    "auth": 2,
    "uid": "obd-oNg2lTKJ16A0vG1ZO6_ObM1crV5G5Cd",
    "publishedVersion": 0,
    "forkFrom": "-",
    "isSpam": 0,
    "version": 1,
    "parentVersion": -1,
    "echartsVersion": "5.2.2",
    "versionCreateTime": "2021-11-09T07:17:06.000Z",
    "html": "",
    "externalScripts": "",
    "updaterUID": "obd-oNg2lTKJ16A0vG1ZO6_ObM1crV5G5Cd",
    "theme": "",
    "layout": "",
    "viewCount": 0,
    "userName": "古***勒",
    "commentCount": 0,
    "starCount": 1,
    "isStared": 0,
    "thumbnailURL": "https://www.makeapie.com/ecg-storage/ec_gallery_thumbnail/xwdjfKKYwj.png?v=1636442226672",
    "isCustomThumbnail": 0,
    "builtinTags": [
        "category-work",
        "legend",
        "series-pie",
        "tooltip"
    ],
    "customTags": [],
    "updaterUserName": "古***勒"
}