{
    "cid": "xXWCkDL9Su",
    "authorUid": "obd-oEd_743uoklBwpuIJJ1I_hRb0NvMF4t",
    "authorUserName": "天***华",
    "title": "echarts-gl 3d地图",
    "description": "3d地图",
    "latestVersion": 3,
    "alwaysLatest": 0,
    "createTime": "2021-11-09T03:15:21.000Z",
    "lastUpdateTime": "2021-11-09T09:58:04.000Z",
    "auth": 1,
    "uid": "obd-oEd_743uoklBwpuIJJ1I_hRb0NvMF4t",
    "publishedVersion": 0,
    "forkFrom": "-",
    "isSpam": 0,
    "version": 3,
    "parentVersion": 2,
    "echartsVersion": "4.9.0",
    "versionCreateTime": "2021-11-09T09:58:04.000Z",
    "html": "",
    "externalScripts": "https://www.makeapie.com/dep/echarts/map/js/china.js,https://www.makeapie.com/dep/echarts/map/js/world.js,https://cdn.jsdelivr.net/npm/echarts-gl@1/dist/echarts-gl.min.js",
    "updaterUID": "obd-oEd_743uoklBwpuIJJ1I_hRb0NvMF4t",
    "theme": "",
    "layout": "",
    "viewCount": 0,
    "userName": "天***华",
    "commentCount": 0,
    "starCount": 0,
    "isStared": 0,
    "thumbnailURL": "https://www.makeapie.com/ecg-storage/ec_gallery_thumbnail/xXWCkDL9Su.png?v=1636451884156",
    "isCustomThumbnail": 0,
    "builtinTags": [
        "category-work",
        "series-map3D"
    ],
    "customTags": [],
    "updaterUserName": "天***华"
}