{
    "cid": "xYCkiO5oOJ",
    "authorUid": "bd-2218151701",
    "authorUserName": "爱***鲜",
    "title": "pieChart",
    "description": "",
    "latestVersion": 1,
    "alwaysLatest": 0,
    "createTime": "2021-11-09T01:34:55.000Z",
    "lastUpdateTime": "2021-11-09T01:34:55.000Z",
    "auth": 2,
    "uid": "bd-2218151701",
    "publishedVersion": 0,
    "forkFrom": "-",
    "isSpam": 0,
    "version": 1,
    "parentVersion": -1,
    "echartsVersion": "4.8.0",
    "versionCreateTime": "2021-11-09T01:34:55.000Z",
    "html": "",
    "externalScripts": "",
    "updaterUID": "bd-2218151701",
    "theme": "",
    "layout": "",
    "viewCount": 0,
    "userName": "爱***鲜",
    "commentCount": 0,
    "starCount": 2,
    "isStared": 0,
    "thumbnailURL": "https://www.makeapie.com/ecg-storage/ec_gallery_thumbnail/xYCkiO5oOJ.png?v=1636421695938",
    "isCustomThumbnail": 0,
    "builtinTags": [
        "category-work",
        "series-pie",
        "title",
        "tooltip"
    ],
    "customTags": [],
    "updaterUserName": "爱***鲜"
}