{
    "cid": "x-pT2IokOV",
    "authorUid": "obd-oFExtVjjjtoYtqqWiEt6-t9iPdnM85h",
    "authorUserName": "l***2",
    "title": "",
    "description": "",
    "latestVersion": 2,
    "alwaysLatest": 0,
    "createTime": "2021-12-14T10:27:51.000Z",
    "lastUpdateTime": "2021-12-14T10:49:42.000Z",
    "auth": 1,
    "uid": "obd-oFExtVjjjtoYtqqWiEt6-t9iPdnM85h",
    "publishedVersion": 0,
    "forkFrom": "-",
    "isSpam": 0,
    "version": 2,
    "parentVersion": 1,
    "echartsVersion": "5.2.2",
    "versionCreateTime": "2021-12-14T10:49:42.000Z",
    "html": "",
    "externalScripts": "",
    "updaterUID": "obd-oFExtVjjjtoYtqqWiEt6-t9iPdnM85h",
    "theme": "",
    "layout": "",
    "viewCount": 0,
    "userName": "l***2",
    "commentCount": 0,
    "starCount": 2,
    "isStared": 0,
    "thumbnailURL": "https://www.makeapie.com/ecg-storage/ec_gallery_thumbnail/x-pT2IokOV.png?v=1639478982788",
    "isCustomThumbnail": 0,
    "builtinTags": [
        "category-work",
        "polar",
        "series-bar",
        "tooltip"
    ],
    "customTags": [],
    "updaterUserName": "l***2"
}