{
    "cid": "x_4gsUMhVz",
    "authorUid": "obd-o-pCOo3nlw_83GjsBtUvaQJHazinTA6",
    "authorUserName": "J***l",
    "title": "3D地图示例",
    "description": "",
    "latestVersion": 8,
    "alwaysLatest": 0,
    "createTime": "2021-12-14T13:16:31.000Z",
    "lastUpdateTime": "2021-12-19T07:23:32.000Z",
    "auth": 1,
    "uid": "obd-o-pCOo3nlw_83GjsBtUvaQJHazinTA6",
    "publishedVersion": 0,
    "forkFrom": "-",
    "isSpam": 0,
    "version": 8,
    "parentVersion": 7,
    "echartsVersion": "4.7.0",
    "versionCreateTime": "2021-12-19T07:23:32.000Z",
    "html": "",
    "externalScripts": "https://echarts.baidu.com/resource/echarts-gl-latest/dist/echarts-gl.min.js,/dep/echarts/map/js/china.js",
    "updaterUID": "obd-o2SaVZ-cvP7zJfGmr9kgcph2k8Tju6R",
    "theme": "",
    "layout": "",
    "viewCount": 0,
    "userName": "J***l",
    "commentCount": 0,
    "starCount": 1,
    "isStared": 0,
    "thumbnailURL": "https://www.makeapie.com/ecg-storage/ec_gallery_thumbnail/x_4gsUMhVz.png?v=1639898613034",
    "isCustomThumbnail": 0,
    "builtinTags": [
        "category-work",
        "geo3D",
        "series-scatter3D",
        "title",
        "tooltip"
    ],
    "customTags": [],
    "updaterUserName": "166******64"
}