{
    "cid": "x_VmcVGCEj",
    "authorUid": "bd-3106357737",
    "authorUserName": "雨***风",
    "title": "散点图",
    "description": "",
    "latestVersion": 4,
    "alwaysLatest": 0,
    "createTime": "2021-12-15T03:53:29.000Z",
    "lastUpdateTime": "2021-12-25T02:38:55.000Z",
    "auth": 2,
    "uid": "bd-3106357737",
    "publishedVersion": 0,
    "forkFrom": "-",
    "isSpam": 0,
    "version": 4,
    "parentVersion": 3,
    "echartsVersion": "5.2.2",
    "versionCreateTime": "2021-12-25T02:38:55.000Z",
    "html": "",
    "externalScripts": "",
    "updaterUID": "bd-3106357737",
    "theme": "",
    "layout": "",
    "viewCount": 0,
    "userName": "雨***风",
    "commentCount": 0,
    "starCount": 0,
    "isStared": 0,
    "thumbnailURL": "https://www.makeapie.com/ecg-storage/ec_gallery_thumbnail/x_VmcVGCEj.png?v=1640399935347",
    "isCustomThumbnail": 0,
    "builtinTags": [
        "category-work",
        "grid",
        "series-scatter",
        "title"
    ],
    "customTags": [],
    "updaterUserName": "雨***风"
}