{
    "cid": "xBpx3IuU67",
    "authorUid": "obd-oNlDtT2pdU0XdGJANJ-vjumArq3t_Co",
    "authorUserName": "n***酱",
    "title": "自动播放饼图",
    "description": "饼图，自动放大展示文字，支持hover放大",
    "latestVersion": 5,
    "alwaysLatest": 0,
    "createTime": "2021-12-15T08:46:20.000Z",
    "lastUpdateTime": "2021-12-16T03:54:53.000Z",
    "auth": 2,
    "uid": "obd-oNlDtT2pdU0XdGJANJ-vjumArq3t_Co",
    "publishedVersion": 0,
    "forkFrom": "-",
    "isSpam": 0,
    "version": 5,
    "parentVersion": 4,
    "echartsVersion": "5.2.2",
    "versionCreateTime": "2021-12-16T03:54:53.000Z",
    "html": "",
    "externalScripts": "",
    "updaterUID": "obd-oNlDtT2pdU0XdGJANJ-vjumArq3t_Co",
    "theme": "",
    "layout": "",
    "viewCount": 0,
    "userName": "n***酱",
    "commentCount": 0,
    "starCount": 3,
    "isStared": 0,
    "thumbnailURL": "https://www.makeapie.com/ecg-storage/ec_gallery_thumbnail/xBpx3IuU67.png?v=1639626893892",
    "isCustomThumbnail": 0,
    "builtinTags": [
        "category-work",
        "grid",
        "series-bar",
        "title"
    ],
    "customTags": [],
    "updaterUserName": "n***酱"
}