{
    "cid": "xd982aER6U",
    "authorUid": "obd-oN7OQrfc4T57mcSC_m70cvg4_pbrEC6",
    "authorUserName": "小***画",
    "title": "bar-左右分布-时间段分布",
    "description": "",
    "latestVersion": 4,
    "alwaysLatest": 0,
    "createTime": "2021-12-15T02:32:35.000Z",
    "lastUpdateTime": "2021-12-15T03:18:08.000Z",
    "auth": 2,
    "uid": "obd-oN7OQrfc4T57mcSC_m70cvg4_pbrEC6",
    "publishedVersion": 0,
    "forkFrom": "-",
    "isSpam": 0,
    "version": 4,
    "parentVersion": 3,
    "echartsVersion": "5.2.2",
    "versionCreateTime": "2021-12-15T03:18:08.000Z",
    "html": "",
    "externalScripts": "",
    "updaterUID": "obd-oN7OQrfc4T57mcSC_m70cvg4_pbrEC6",
    "theme": "",
    "layout": "",
    "viewCount": 0,
    "userName": "小***画",
    "commentCount": 0,
    "starCount": 2,
    "isStared": 0,
    "thumbnailURL": "https://www.makeapie.com/ecg-storage/ec_gallery_thumbnail/xd982aER6U.png?v=1639538288515",
    "isCustomThumbnail": 0,
    "builtinTags": [
        "category-work",
        "grid",
        "legend",
        "series-bar",
        "title",
        "tooltip"
    ],
    "customTags": [],
    "updaterUserName": "小***画"
}