{
    "cid": "xo40ykZBqq",
    "authorUid": "obd-ojPkud5Hsg2i2pRT2EbtgPXRMoxEtEe",
    "authorUserName": "老***歲",
    "title": "水球图",
    "description": "",
    "latestVersion": 2,
    "alwaysLatest": 1,
    "createTime": "2021-12-15T09:29:03.000Z",
    "lastUpdateTime": "2021-12-15T09:33:25.000Z",
    "auth": 2,
    "uid": "obd-ojPkud5Hsg2i2pRT2EbtgPXRMoxEtEe",
    "publishedVersion": 0,
    "forkFrom": "-",
    "isSpam": 0,
    "version": 2,
    "parentVersion": 1,
    "echartsVersion": "4.9.0",
    "versionCreateTime": "2021-12-15T09:33:25.000Z",
    "html": "",
    "externalScripts": "https://cdn.jsdelivr.net/npm/echarts-liquidfill@2/dist/echarts-liquidfill.min.js",
    "updaterUID": "obd-ojPkud5Hsg2i2pRT2EbtgPXRMoxEtEe",
    "theme": "",
    "layout": "",
    "viewCount": 0,
    "userName": "老***歲",
    "commentCount": 0,
    "starCount": 2,
    "isStared": 0,
    "thumbnailURL": "https://www.makeapie.com/ecg-storage/ec_gallery_thumbnail/xo40ykZBqq.png?v=1639560805929",
    "isCustomThumbnail": 0,
    "builtinTags": [
        "category-work",
        "series-liquidFill"
    ],
    "customTags": [],
    "updaterUserName": "老***歲"
}