{
    "cid": "xo48NOcYj8",
    "authorUid": "obd-otKT6RWzVWRclhSvkFR3qiLV9OvLm8Y",
    "authorUserName": "善***j",
    "title": "子弹图示例",
    "description": "利用echart展示子弹图",
    "latestVersion": 1,
    "alwaysLatest": 0,
    "createTime": "2021-12-15T07:00:49.000Z",
    "lastUpdateTime": "2021-12-15T07:00:49.000Z",
    "auth": 2,
    "uid": "obd-otKT6RWzVWRclhSvkFR3qiLV9OvLm8Y",
    "publishedVersion": 0,
    "forkFrom": "-",
    "isSpam": 0,
    "version": 1,
    "parentVersion": -1,
    "echartsVersion": "5.2.2",
    "versionCreateTime": "2021-12-15T07:00:49.000Z",
    "html": "",
    "externalScripts": "",
    "updaterUID": "obd-otKT6RWzVWRclhSvkFR3qiLV9OvLm8Y",
    "theme": "",
    "layout": "",
    "viewCount": 0,
    "userName": "善***j",
    "commentCount": 0,
    "starCount": 0,
    "isStared": 0,
    "thumbnailURL": "https://www.makeapie.com/ecg-storage/ec_gallery_thumbnail/xo48NOcYj8.png?v=1639551649777",
    "isCustomThumbnail": 0,
    "builtinTags": [
        "category-work",
        "grid",
        "legend",
        "series-bar",
        "series-scatter",
        "title",
        "tooltip"
    ],
    "customTags": [],
    "updaterUserName": "善***j"
}