{
    "cid": "xO_MvrE9Zu",
    "authorUid": "obd-oN7OQrfc4T57mcSC_m70cvg4_pbrEC6",
    "authorUserName": "小***画",
    "title": "bar-横向- Stack-搜索引擎",
    "description": "",
    "latestVersion": 3,
    "alwaysLatest": 0,
    "createTime": "2021-12-15T04:25:56.000Z",
    "lastUpdateTime": "2021-12-15T04:47:54.000Z",
    "auth": 2,
    "uid": "obd-oN7OQrfc4T57mcSC_m70cvg4_pbrEC6",
    "publishedVersion": 0,
    "forkFrom": "-",
    "isSpam": 0,
    "version": 3,
    "parentVersion": 2,
    "echartsVersion": "5.2.2",
    "versionCreateTime": "2021-12-15T04:47:54.000Z",
    "html": "",
    "externalScripts": "",
    "updaterUID": "obd-oN7OQrfc4T57mcSC_m70cvg4_pbrEC6",
    "theme": "",
    "layout": "",
    "viewCount": 0,
    "userName": "小***画",
    "commentCount": 0,
    "starCount": 1,
    "isStared": 0,
    "thumbnailURL": "https://www.makeapie.com/ecg-storage/ec_gallery_thumbnail/xO_MvrE9Zu.png?v=1639543674713",
    "isCustomThumbnail": 0,
    "builtinTags": [
        "category-work",
        "grid",
        "legend",
        "series-bar",
        "title",
        "tooltip"
    ],
    "customTags": [],
    "updaterUserName": "小***画"
}