{
    "cid": "xQVLGwfRRW",
    "authorUid": "obd-oCTnGnrJQoxYAJwb1AL6wlwFSXQzU31",
    "authorUserName": "浣***e",
    "title": "百分比",
    "description": "",
    "latestVersion": 4,
    "alwaysLatest": 0,
    "createTime": "2021-12-14T09:48:00.000Z",
    "lastUpdateTime": "2021-12-15T03:04:19.000Z",
    "auth": 2,
    "uid": "obd-oCTnGnrJQoxYAJwb1AL6wlwFSXQzU31",
    "publishedVersion": 0,
    "forkFrom": "-",
    "isSpam": 0,
    "version": 4,
    "parentVersion": 3,
    "echartsVersion": "4.9.0",
    "versionCreateTime": "2021-12-15T03:04:19.000Z",
    "html": "",
    "externalScripts": "",
    "updaterUID": "obd-oCTnGnrJQoxYAJwb1AL6wlwFSXQzU31",
    "theme": "",
    "layout": "",
    "viewCount": 0,
    "userName": "浣***e",
    "commentCount": 0,
    "starCount": 0,
    "isStared": 0,
    "thumbnailURL": "https://www.makeapie.com/ecg-storage/ec_gallery_thumbnail/xQVLGwfRRW.png?v=1639537459882",
    "isCustomThumbnail": 0,
    "builtinTags": [
        "category-work",
        "series-gauge",
        "title"
    ],
    "customTags": [],
    "updaterUserName": "浣***e"
}