{
    "cid": "xRtGd8pZkm",
    "authorUid": "obd-oNCF_U4olqrFdRugM_xyQjQzUkg6qCx",
    "authorUserName": "S***T",
    "title": "主要城市年平均房价",
    "description": "",
    "latestVersion": 5,
    "alwaysLatest": 0,
    "createTime": "2021-12-14T15:13:08.000Z",
    "lastUpdateTime": "2021-12-14T16:46:56.000Z",
    "auth": 2,
    "uid": "obd-oNCF_U4olqrFdRugM_xyQjQzUkg6qCx",
    "publishedVersion": 0,
    "forkFrom": "-",
    "isSpam": 0,
    "version": 5,
    "parentVersion": 4,
    "echartsVersion": "5.2.2",
    "versionCreateTime": "2021-12-14T16:46:56.000Z",
    "html": "",
    "externalScripts": "",
    "updaterUID": "obd-oNCF_U4olqrFdRugM_xyQjQzUkg6qCx",
    "theme": "",
    "layout": "",
    "viewCount": 0,
    "userName": "S***T",
    "commentCount": 0,
    "starCount": 0,
    "isStared": 0,
    "thumbnailURL": "https://www.makeapie.com/ecg-storage/ec_gallery_thumbnail/xRtGd8pZkm.png?v=1639500416508",
    "isCustomThumbnail": 0,
    "builtinTags": [
        "category-work",
        "geo",
        "grid",
        "series-bar",
        "series-effectScatter",
        "series-map",
        "timeline",
        "title",
        "tooltip"
    ],
    "customTags": [],
    "updaterUserName": "S***T"
}