{
    "cid": "xTAusm113x",
    "authorUid": "bd-2375100838",
    "authorUserName": "2***克",
    "title": "Awesome Chart",
    "description": "",
    "latestVersion": 1,
    "alwaysLatest": 0,
    "createTime": "2021-12-15T09:11:38.000Z",
    "lastUpdateTime": "2021-12-15T09:11:38.000Z",
    "auth": 2,
    "uid": "bd-2375100838",
    "publishedVersion": 0,
    "forkFrom": "-",
    "isSpam": 0,
    "version": 1,
    "parentVersion": -1,
    "echartsVersion": "5.2.2",
    "versionCreateTime": "2021-12-15T09:11:38.000Z",
    "html": "",
    "externalScripts": "",
    "updaterUID": "bd-2375100838",
    "theme": "",
    "layout": "",
    "viewCount": 0,
    "userName": "2***克",
    "commentCount": 0,
    "starCount": 0,
    "isStared": 0,
    "thumbnailURL": "https://www.makeapie.com/ecg-storage/ec_gallery_thumbnail/xTAusm113x.png?v=1639559499038",
    "isCustomThumbnail": 0,
    "builtinTags": [
        "category-work",
        "grid",
        "series-bar",
        "title"
    ],
    "customTags": [],
    "updaterUserName": "2***克"
}