{
    "cid": "xuPT3s2dAZ",
    "authorUid": "obd-oCutFfVoiKeLZwDUt4lqaEIgRDbg23h",
    "authorUserName": "为***纸",
    "title": "时间轴地图",
    "description": "",
    "latestVersion": 3,
    "alwaysLatest": 0,
    "createTime": "2021-12-14T09:32:17.000Z",
    "lastUpdateTime": "2021-12-14T10:36:21.000Z",
    "auth": 2,
    "uid": "obd-oCutFfVoiKeLZwDUt4lqaEIgRDbg23h",
    "publishedVersion": 0,
    "forkFrom": "-",
    "isSpam": 0,
    "version": 3,
    "parentVersion": 2,
    "echartsVersion": "4.7.0",
    "versionCreateTime": "2021-12-14T10:36:21.000Z",
    "html": "",
    "externalScripts": "",
    "updaterUID": "obd-oCutFfVoiKeLZwDUt4lqaEIgRDbg23h",
    "theme": "",
    "layout": "",
    "viewCount": 0,
    "userName": "为***纸",
    "commentCount": 0,
    "starCount": 1,
    "isStared": 0,
    "thumbnailURL": "https://www.makeapie.com/ecg-storage/ec_gallery_thumbnail/xuPT3s2dAZ.png?v=1639478182104",
    "isCustomThumbnail": 0,
    "builtinTags": [
        "category-work",
        "series-map",
        "timeline",
        "visualMap"
    ],
    "customTags": [],
    "updaterUserName": "为***纸"
}