{
    "cid": "xxKE3zOq7j",
    "authorUid": "obd-oMLbfwM7lRUCiBfrIF3uVAHIPC9Qa2u",
    "authorUserName": "t***1",
    "title": "饼图 自动播放动画+阴影效果",
    "description": "如果需要可自行修改",
    "latestVersion": 1,
    "alwaysLatest": 0,
    "createTime": "2021-12-15T05:01:04.000Z",
    "lastUpdateTime": "2021-12-15T05:01:04.000Z",
    "auth": 2,
    "uid": "obd-oMLbfwM7lRUCiBfrIF3uVAHIPC9Qa2u",
    "publishedVersion": 0,
    "forkFrom": "-",
    "isSpam": 0,
    "version": 1,
    "parentVersion": -1,
    "echartsVersion": "4.9.0",
    "versionCreateTime": "2021-12-15T05:01:04.000Z",
    "html": "",
    "externalScripts": "",
    "updaterUID": "obd-oMLbfwM7lRUCiBfrIF3uVAHIPC9Qa2u",
    "theme": "",
    "layout": "",
    "viewCount": 0,
    "userName": "t***1",
    "commentCount": 0,
    "starCount": 1,
    "isStared": 0,
    "thumbnailURL": "https://www.makeapie.com/ecg-storage/ec_gallery_thumbnail/xxKE3zOq7j.png?v=1639544464370",
    "isCustomThumbnail": 0,
    "builtinTags": [
        "category-work",
        "legend",
        "series-pie",
        "title",
        "tooltip"
    ],
    "customTags": [],
    "updaterUserName": "t***1"
}