{
    "cid": "x27YGKTYyq",
    "authorUid": "bd-90050728",
    "authorUserName": "刘***6",
    "title": "3D山东地图",
    "description": "3D山东地图",
    "latestVersion": 5,
    "alwaysLatest": 1,
    "createTime": "2019-08-30T08:38:37.000Z",
    "lastUpdateTime": "2019-08-30T08:38:37.000Z",
    "auth": 2,
    "uid": "bd-90050728",
    "publishedVersion": 0,
    "forkFrom": "-",
    "isSpam": 0,
    "version": 5,
    "parentVersion": 4,
    "echartsVersion": "4.2.1",
    "versionCreateTime": "2019-09-02T03:15:53.000Z",
    "html": "",
    "externalScripts": "https://echarts.baidu.com/resource/echarts-gl-latest/dist/echarts-gl.min.js,https://gallery.echartsjs.com/asset/get/s/data-1566970916860-cwFZaRQbO.js,https://gallery.echartsjs.com/asset/get/s/data-1566972935480-qTBa4Kj7E.js,https://gallery.echartsjs.com/asset/get/s/data-1566972935480-qTBa4Kj7E.js",
    "updaterUID": "bd-90050728",
    "theme": "",
    "layout": "",
    "viewCount": 1048,
    "userName": "刘***6",
    "commentCount": 0,
    "starCount": 3,
    "isStared": 0,
    "thumbnailURL": "https://www.makeapie.com/ecg-storage/ec_gallery_thumbnail/x27YGKTYyq.png?v=1567154318199",
    "isCustomThumbnail": 1,
    "builtinTags": [
        "category-work",
        "geo3D",
        "series-bar3D",
        "series-scatter3D",
        "title"
    ],
    "customTags": [],
    "updaterUserName": "刘***6"
}