{
    "cid": "x8GNSnr9bL",
    "authorUid": "bd-3259090913",
    "authorUserName": "b***m",
    "title": "",
    "description": "",
    "latestVersion": 1,
    "alwaysLatest": 1,
    "createTime": "2019-08-29T22:50:22.000Z",
    "lastUpdateTime": "2019-08-29T22:50:22.000Z",
    "auth": 2,
    "uid": "bd-3259090913",
    "publishedVersion": 0,
    "forkFrom": "-",
    "isSpam": 0,
    "version": 1,
    "parentVersion": -1,
    "echartsVersion": "4.2.1",
    "versionCreateTime": "2019-08-29T22:50:22.000Z",
    "html": "",
    "externalScripts": "",
    "updaterUID": "bd-3259090913",
    "theme": "",
    "layout": "",
    "viewCount": 289,
    "userName": "b***m",
    "commentCount": 0,
    "starCount": 1,
    "isStared": 0,
    "thumbnailURL": "https://www.makeapie.com/ecg-storage/ec_gallery_thumbnail/x8GNSnr9bL.png?v=1567119022962",
    "isCustomThumbnail": 0,
    "builtinTags": [
        "category-work",
        "grid",
        "legend",
        "series-bar",
        "title",
        "tooltip"
    ],
    "customTags": [],
    "updaterUserName": "b***m"
}