{
    "cid": "xaoHdvj608",
    "authorUid": "bd-1841183165",
    "authorUserName": "o***趣",
    "title": "",
    "description": "",
    "latestVersion": 1,
    "alwaysLatest": 1,
    "createTime": "2019-08-30T01:20:35.000Z",
    "lastUpdateTime": "2019-08-30T01:20:35.000Z",
    "auth": 2,
    "uid": "bd-1841183165",
    "publishedVersion": 0,
    "forkFrom": "-",
    "isSpam": 0,
    "version": 1,
    "parentVersion": -1,
    "echartsVersion": "4.2.1",
    "versionCreateTime": "2019-08-30T01:20:35.000Z",
    "html": "",
    "externalScripts": "",
    "updaterUID": "bd-1841183165",
    "theme": "",
    "layout": "",
    "viewCount": 58,
    "userName": "o***趣",
    "commentCount": 0,
    "starCount": 2,
    "isStared": 0,
    "thumbnailURL": "https://www.makeapie.com/ecg-storage/ec_gallery_thumbnail/xaoHdvj608.png?v=1567128035495",
    "isCustomThumbnail": 0,
    "builtinTags": [
        "category-work",
        "grid",
        "series-pictorialBar",
        "tooltip"
    ],
    "customTags": [],
    "updaterUserName": "o***趣"
}