{
    "cid": "xCnkiv5K2v",
    "authorUid": "bd-1445503868",
    "authorUserName": "_***好",
    "title": "水情",
    "description": "",
    "latestVersion": 2,
    "alwaysLatest": 1,
    "createTime": "2019-09-01T15:18:35.000Z",
    "lastUpdateTime": "2019-09-01T15:18:35.000Z",
    "auth": 2,
    "uid": "bd-1445503868",
    "publishedVersion": 0,
    "forkFrom": "-",
    "isSpam": 0,
    "version": 2,
    "parentVersion": 1,
    "echartsVersion": "4.2.1",
    "versionCreateTime": "2019-09-01T15:42:49.000Z",
    "html": "",
    "externalScripts": "",
    "updaterUID": "bd-1445503868",
    "theme": "",
    "layout": "",
    "viewCount": 132,
    "userName": "_***好",
    "commentCount": 0,
    "starCount": 0,
    "isStared": 0,
    "thumbnailURL": "https://www.makeapie.com/ecg-storage/ec_gallery_thumbnail/xCnkiv5K2v.png?v=1567352569703",
    "isCustomThumbnail": 0,
    "builtinTags": [
        "category-work",
        "grid",
        "legend",
        "series-bar",
        "tooltip"
    ],
    "customTags": [],
    "updaterUserName": "_***好"
}