{
    "cid": "xh2OdxJxQ7",
    "authorUid": "bd-3966635089",
    "authorUserName": "s***C",
    "title": "识别任务覆盖率",
    "description": "",
    "latestVersion": 2,
    "alwaysLatest": 1,
    "createTime": "2019-08-30T01:08:28.000Z",
    "lastUpdateTime": "2019-08-30T01:08:28.000Z",
    "auth": 2,
    "uid": "bd-3966635089",
    "publishedVersion": 0,
    "forkFrom": "-",
    "isSpam": 0,
    "version": 2,
    "parentVersion": 1,
    "echartsVersion": "4.2.1",
    "versionCreateTime": "2019-09-06T09:25:20.000Z",
    "html": "",
    "externalScripts": "",
    "updaterUID": "bd-3966635089",
    "theme": "",
    "layout": "",
    "viewCount": 35,
    "userName": "s***C",
    "commentCount": 0,
    "starCount": 0,
    "isStared": 0,
    "thumbnailURL": "https://www.makeapie.com/ecg-storage/ec_gallery_thumbnail/xh2OdxJxQ7.png?v=1567761921056",
    "isCustomThumbnail": 0,
    "builtinTags": [
        "category-work",
        "legend",
        "series-pie",
        "title"
    ],
    "customTags": [],
    "updaterUserName": "s***C"
}