{
    "cid": "xHU6J138ZF",
    "authorUid": "bd-1445503868",
    "authorUserName": "_***好",
    "title": "投资情况",
    "description": "",
    "latestVersion": 1,
    "alwaysLatest": 1,
    "createTime": "2019-09-01T05:16:50.000Z",
    "lastUpdateTime": "2019-09-01T05:16:50.000Z",
    "auth": 2,
    "uid": "bd-1445503868",
    "publishedVersion": 0,
    "forkFrom": "-",
    "isSpam": 0,
    "version": 1,
    "parentVersion": -1,
    "echartsVersion": "4.2.1",
    "versionCreateTime": "2019-09-01T05:16:50.000Z",
    "html": "",
    "externalScripts": "",
    "updaterUID": "bd-1445503868",
    "theme": "",
    "layout": "",
    "viewCount": 59,
    "userName": "_***好",
    "commentCount": 0,
    "starCount": 1,
    "isStared": 0,
    "thumbnailURL": "https://www.makeapie.com/ecg-storage/ec_gallery_thumbnail/xHU6J138ZF.png?v=1567315010285",
    "isCustomThumbnail": 0,
    "builtinTags": [
        "category-work",
        "dataZoom",
        "grid",
        "legend",
        "series-bar",
        "tooltip"
    ],
    "customTags": [],
    "updaterUserName": "_***好"
}