{
    "cid": "xJ-Rj-oK7N",
    "authorUid": "bd-3259090913",
    "authorUserName": "b***m",
    "title": "",
    "description": "",
    "latestVersion": 2,
    "alwaysLatest": 1,
    "createTime": "2019-08-30T00:26:49.000Z",
    "lastUpdateTime": "2019-08-30T00:26:49.000Z",
    "auth": 2,
    "uid": "bd-3259090913",
    "publishedVersion": 0,
    "forkFrom": "-",
    "isSpam": 0,
    "version": 2,
    "parentVersion": 1,
    "echartsVersion": "4.2.1",
    "versionCreateTime": "2019-08-30T00:33:11.000Z",
    "html": "",
    "externalScripts": "",
    "updaterUID": "bd-3259090913",
    "theme": "",
    "layout": "",
    "viewCount": 1099,
    "userName": "b***m",
    "commentCount": 0,
    "starCount": 0,
    "isStared": 0,
    "thumbnailURL": "https://www.makeapie.com/ecg-storage/ec_gallery_thumbnail/xJ-Rj-oK7N.png?v=1567125191103",
    "isCustomThumbnail": 0,
    "builtinTags": [
        "calendar",
        "category-work",
        "series-heatmap",
        "series-scatter",
        "tooltip",
        "visualMap"
    ],
    "customTags": [],
    "updaterUserName": "b***m"
}