{
    "cid": "xJyT9zUU7T",
    "authorUid": "bd-1445503868",
    "authorUserName": "_***好",
    "title": "饮水安全工程供水人口统计（地州）",
    "description": "",
    "latestVersion": 1,
    "alwaysLatest": 1,
    "createTime": "2019-09-01T05:05:54.000Z",
    "lastUpdateTime": "2019-09-01T05:05:54.000Z",
    "auth": 2,
    "uid": "bd-1445503868",
    "publishedVersion": 0,
    "forkFrom": "-",
    "isSpam": 0,
    "version": 1,
    "parentVersion": -1,
    "echartsVersion": "4.2.1",
    "versionCreateTime": "2019-09-01T05:05:54.000Z",
    "html": "",
    "externalScripts": "",
    "updaterUID": "bd-1445503868",
    "theme": "",
    "layout": "",
    "viewCount": 15,
    "userName": "_***好",
    "commentCount": 0,
    "starCount": 0,
    "isStared": 0,
    "thumbnailURL": "https://www.makeapie.com/ecg-storage/ec_gallery_thumbnail/xJyT9zUU7T.png?v=1567314354393",
    "isCustomThumbnail": 0,
    "builtinTags": [
        "category-work",
        "grid",
        "series-bar",
        "title",
        "tooltip"
    ],
    "customTags": [],
    "updaterUserName": "_***好"
}