{
    "cid": "xRgT5HUaLy",
    "authorUid": "bd-90050728",
    "authorUserName": "刘***6",
    "title": "牛鼻的折线图+柱状图",
    "description": "牛鼻的折线图+柱状图",
    "latestVersion": 1,
    "alwaysLatest": 1,
    "createTime": "2019-08-30T03:29:15.000Z",
    "lastUpdateTime": "2019-08-30T03:29:15.000Z",
    "auth": 2,
    "uid": "bd-90050728",
    "publishedVersion": 0,
    "forkFrom": "-",
    "isSpam": 0,
    "version": 1,
    "parentVersion": -1,
    "echartsVersion": "4.2.1",
    "versionCreateTime": "2019-08-30T03:29:15.000Z",
    "html": "",
    "externalScripts": "",
    "updaterUID": "bd-90050728",
    "theme": "",
    "layout": "",
    "viewCount": 73,
    "userName": "刘***6",
    "commentCount": 0,
    "starCount": 0,
    "isStared": 0,
    "thumbnailURL": "https://www.makeapie.com/ecg-storage/ec_gallery_thumbnail/xRgT5HUaLy.png?v=1567135755387",
    "isCustomThumbnail": 1,
    "builtinTags": [
        "category-work",
        "dataset",
        "grid",
        "legend",
        "series-bar",
        "series-line",
        "title",
        "tooltip"
    ],
    "customTags": [],
    "updaterUserName": "刘***6"
}