{
    "cid": "xSETg20ZJZ",
    "authorUid": "bd-1398140008",
    "authorUserName": "时***n",
    "title": "多方向柱状图",
    "description": "",
    "latestVersion": 1,
    "alwaysLatest": 1,
    "createTime": "2019-08-30T10:03:41.000Z",
    "lastUpdateTime": "2019-08-30T10:03:41.000Z",
    "auth": 2,
    "uid": "bd-1398140008",
    "publishedVersion": 0,
    "forkFrom": "-",
    "isSpam": 0,
    "version": 1,
    "parentVersion": -1,
    "echartsVersion": "4.2.1",
    "versionCreateTime": "2019-08-30T10:03:41.000Z",
    "html": "",
    "externalScripts": "",
    "updaterUID": "bd-1398140008",
    "theme": "",
    "layout": "",
    "viewCount": 53,
    "userName": "时***n",
    "commentCount": 0,
    "starCount": 1,
    "isStared": 0,
    "thumbnailURL": "https://www.makeapie.com/ecg-storage/ec_gallery_thumbnail/xSETg20ZJZ.png?v=1567159422059",
    "isCustomThumbnail": 0,
    "builtinTags": [
        "category-work",
        "grid",
        "legend",
        "series-bar",
        "series-line",
        "tooltip"
    ],
    "customTags": [],
    "updaterUserName": "时***n"
}