{
    "cid": "xSusOLXoH6",
    "authorUid": "bd-1445503868",
    "authorUserName": "_***好",
    "title": "贫困乡镇变化",
    "description": "",
    "latestVersion": 1,
    "alwaysLatest": 1,
    "createTime": "2019-09-01T05:10:37.000Z",
    "lastUpdateTime": "2019-09-01T05:10:37.000Z",
    "auth": 2,
    "uid": "bd-1445503868",
    "publishedVersion": 0,
    "forkFrom": "-",
    "isSpam": 0,
    "version": 1,
    "parentVersion": -1,
    "echartsVersion": "4.2.1",
    "versionCreateTime": "2019-09-01T05:10:37.000Z",
    "html": "",
    "externalScripts": "",
    "updaterUID": "bd-1445503868",
    "theme": "",
    "layout": "",
    "viewCount": 16,
    "userName": "_***好",
    "commentCount": 0,
    "starCount": 0,
    "isStared": 0,
    "thumbnailURL": "https://www.makeapie.com/ecg-storage/ec_gallery_thumbnail/xSusOLXoH6.png?v=1567314637470",
    "isCustomThumbnail": 0,
    "builtinTags": [
        "category-work",
        "grid",
        "series-line",
        "title"
    ],
    "customTags": [],
    "updaterUserName": "_***好"
}