{
    "cid": "x0A9jQ8a1j",
    "authorUid": "obd-oEZ_5QIXj0M0iAp8XBpMaIFmcHqS24i",
    "authorUserName": "雨***图",
    "title": "Hong Kong Tooltip轮播",
    "description": "",
    "latestVersion": 1,
    "alwaysLatest": 1,
    "createTime": "2020-04-27T03:29:56.000Z",
    "lastUpdateTime": "2020-04-27T03:29:56.000Z",
    "auth": 2,
    "uid": "obd-oEZ_5QIXj0M0iAp8XBpMaIFmcHqS24i",
    "publishedVersion": 0,
    "forkFrom": "-",
    "isSpam": 0,
    "version": 1,
    "parentVersion": -1,
    "echartsVersion": "4.7.0",
    "versionCreateTime": "2020-04-27T03:29:56.000Z",
    "html": "",
    "externalScripts": "",
    "updaterUID": "obd-oEZ_5QIXj0M0iAp8XBpMaIFmcHqS24i",
    "theme": "",
    "layout": "",
    "viewCount": 1497,
    "userName": "雨***图",
    "commentCount": 0,
    "starCount": 4,
    "isStared": 0,
    "thumbnailURL": "https://www.makeapie.com/ecg-storage/ec_gallery_thumbnail/x0A9jQ8a1j.png?v=1587958196340",
    "isCustomThumbnail": 0,
    "builtinTags": [
        "category-work",
        "geo",
        "grid",
        "series-bar",
        "series-effectScatter",
        "title",
        "tooltip",
        "visualMap"
    ],
    "customTags": [],
    "updaterUserName": "雨***图"
}