{
    "cid": "x0qF7VpyuW",
    "authorUid": "obd-oj4MK60C5RrD2WtybFl7tZUKIoHtuDy",
    "authorUserName": "w***泡",
    "title": "折线图",
    "description": "",
    "latestVersion": 3,
    "alwaysLatest": 1,
    "createTime": "2020-04-26T08:10:55.000Z",
    "lastUpdateTime": "2020-04-26T08:10:55.000Z",
    "auth": 2,
    "uid": "obd-oj4MK60C5RrD2WtybFl7tZUKIoHtuDy",
    "publishedVersion": 0,
    "forkFrom": "-",
    "isSpam": 0,
    "version": 3,
    "parentVersion": 2,
    "echartsVersion": "4.7.0",
    "versionCreateTime": "2020-04-27T05:21:57.000Z",
    "html": "",
    "externalScripts": "",
    "updaterUID": "obd-oj4MK60C5RrD2WtybFl7tZUKIoHtuDy",
    "theme": "",
    "layout": "",
    "viewCount": 590,
    "userName": "w***泡",
    "commentCount": 0,
    "starCount": 2,
    "isStared": 0,
    "thumbnailURL": "https://www.makeapie.com/ecg-storage/ec_gallery_thumbnail/x0qF7VpyuW.png?v=1587964917649",
    "isCustomThumbnail": 0,
    "builtinTags": [
        "category-work",
        "dataZoom",
        "grid",
        "series-line",
        "tooltip"
    ],
    "customTags": [],
    "updaterUserName": "w***泡"
}