{
    "cid": "x2UfrKhFpv",
    "authorUid": "bd-1360947534",
    "authorUserName": "c***l",
    "title": "尾矿库溃坝风险指标动态评估趋势图",
    "description": "",
    "latestVersion": 3,
    "alwaysLatest": 1,
    "createTime": "2020-04-27T09:34:16.000Z",
    "lastUpdateTime": "2020-04-27T09:34:16.000Z",
    "auth": 2,
    "uid": "bd-1360947534",
    "publishedVersion": 0,
    "forkFrom": "-",
    "isSpam": 0,
    "version": 3,
    "parentVersion": 2,
    "echartsVersion": "4.7.0",
    "versionCreateTime": "2020-04-28T02:04:10.000Z",
    "html": "",
    "externalScripts": "",
    "updaterUID": "bd-1360947534",
    "theme": "",
    "layout": "",
    "viewCount": 187,
    "userName": "c***l",
    "commentCount": 0,
    "starCount": 0,
    "isStared": 0,
    "thumbnailURL": "https://www.makeapie.com/ecg-storage/ec_gallery_thumbnail/x2UfrKhFpv.png?v=1588039450134",
    "isCustomThumbnail": 0,
    "builtinTags": [
        "category-work",
        "grid",
        "markLine",
        "series-line",
        "title",
        "tooltip"
    ],
    "customTags": [],
    "updaterUserName": "c***l"
}