{
    "cid": "x_coIBMKMJ",
    "authorUid": "obd-ojMkH-UdU_96io__tRjM_zAchVCZxEq",
    "authorUserName": "m***0",
    "title": "“会员活跃度” - 山东省",
    "description": "",
    "latestVersion": 18,
    "alwaysLatest": 1,
    "createTime": "2020-04-27T07:09:07.000Z",
    "lastUpdateTime": "2020-04-27T07:09:07.000Z",
    "auth": 1,
    "uid": "obd-ojMkH-UdU_96io__tRjM_zAchVCZxEq",
    "publishedVersion": 0,
    "forkFrom": "-",
    "isSpam": 0,
    "version": 18,
    "parentVersion": 17,
    "echartsVersion": "4.8.0",
    "versionCreateTime": "2020-08-26T10:07:38.000Z",
    "html": "",
    "externalScripts": "/dep/echarts/map/js/china.js",
    "updaterUID": "bd-3291751966",
    "theme": "",
    "layout": "",
    "viewCount": 5548,
    "userName": "m***0",
    "commentCount": 0,
    "starCount": 11,
    "isStared": 0,
    "thumbnailURL": "https://www.makeapie.com/ecg-storage/ec_gallery_thumbnail/x_coIBMKMJ.png?v=1598436458178",
    "isCustomThumbnail": 0,
    "builtinTags": [
        "category-work",
        "geo",
        "series-effectScatter",
        "series-map",
        "series-scatter",
        "title",
        "tooltip",
        "visualMap"
    ],
    "customTags": [],
    "updaterUserName": "y***3"
}