{
    "cid": "x_QMdTCTSZ",
    "authorUid": "bd-1750712194",
    "authorUserName": "2***4",
    "title": "有区间的仪表盘",
    "description": "",
    "latestVersion": 1,
    "alwaysLatest": 1,
    "createTime": "2020-04-29T08:13:55.000Z",
    "lastUpdateTime": "2020-04-29T08:13:55.000Z",
    "auth": 2,
    "uid": "bd-1750712194",
    "publishedVersion": 0,
    "forkFrom": "-",
    "isSpam": 0,
    "version": 1,
    "parentVersion": -1,
    "echartsVersion": "4.7.0",
    "versionCreateTime": "2020-04-29T08:13:55.000Z",
    "html": "",
    "externalScripts": "",
    "updaterUID": "bd-1750712194",
    "theme": "",
    "layout": "",
    "viewCount": 123,
    "userName": "2***4",
    "commentCount": 0,
    "starCount": 0,
    "isStared": 0,
    "thumbnailURL": "https://www.makeapie.com/ecg-storage/ec_gallery_thumbnail/x_QMdTCTSZ.png?v=1588148035390",
    "isCustomThumbnail": 0,
    "builtinTags": [
        "category-work",
        "series-gauge"
    ],
    "customTags": [],
    "updaterUserName": "2***4"
}