{
    "cid": "xB4Ela-KGz",
    "authorUid": "bd-509072023",
    "authorUserName": "M***8",
    "title": "同一个x轴不同y轴",
    "description": "同一个x轴不同y轴",
    "latestVersion": 4,
    "alwaysLatest": 1,
    "createTime": "2020-04-27T02:59:10.000Z",
    "lastUpdateTime": "2020-04-27T02:59:10.000Z",
    "auth": 2,
    "uid": "bd-509072023",
    "publishedVersion": 0,
    "forkFrom": "-",
    "isSpam": 0,
    "version": 4,
    "parentVersion": 3,
    "echartsVersion": "4.7.0",
    "versionCreateTime": "2020-05-06T05:57:40.000Z",
    "html": "",
    "externalScripts": "",
    "updaterUID": "bd-509072023",
    "theme": "",
    "layout": "",
    "viewCount": 815,
    "userName": "M***8",
    "commentCount": 0,
    "starCount": 3,
    "isStared": 0,
    "thumbnailURL": "https://www.makeapie.com/ecg-storage/ec_gallery_thumbnail/xB4Ela-KGz.png?v=1588744660671",
    "isCustomThumbnail": 0,
    "builtinTags": [
        "category-work",
        "dataZoom",
        "grid",
        "series-bar",
        "series-line",
        "title",
        "tooltip"
    ],
    "customTags": [],
    "updaterUserName": "M***8"
}