{
    "cid": "xHeW06lwSM",
    "authorUid": "bd-2332969606",
    "authorUserName": "1***生",
    "title": "环图实现圆角",
    "description": "另一种实现方式",
    "latestVersion": 1,
    "alwaysLatest": 1,
    "createTime": "2020-04-27T02:05:05.000Z",
    "lastUpdateTime": "2020-04-27T02:05:05.000Z",
    "auth": 2,
    "uid": "bd-2332969606",
    "publishedVersion": 0,
    "forkFrom": "-",
    "isSpam": 0,
    "version": 1,
    "parentVersion": -1,
    "echartsVersion": "4.7.0",
    "versionCreateTime": "2020-04-27T02:05:06.000Z",
    "html": "",
    "externalScripts": "",
    "updaterUID": "bd-2332969606",
    "theme": "",
    "layout": "",
    "viewCount": 171,
    "userName": "1***生",
    "commentCount": 0,
    "starCount": 0,
    "isStared": 0,
    "thumbnailURL": "https://www.makeapie.com/ecg-storage/ec_gallery_thumbnail/xHeW06lwSM.png?v=1587953106131",
    "isCustomThumbnail": 0,
    "builtinTags": [
        "category-work",
        "polar",
        "series-bar",
        "title"
    ],
    "customTags": [],
    "updaterUserName": "1***生"
}