{
    "cid": "xhzgY9abvg",
    "authorUid": "bd-1812343926",
    "authorUserName": "5***1",
    "title": "雷达图",
    "description": "雷达图",
    "latestVersion": 4,
    "alwaysLatest": 1,
    "createTime": "2020-04-29T00:55:05.000Z",
    "lastUpdateTime": "2020-04-29T00:55:05.000Z",
    "auth": 2,
    "uid": "bd-1812343926",
    "publishedVersion": 0,
    "forkFrom": "-",
    "isSpam": 0,
    "version": 4,
    "parentVersion": 3,
    "echartsVersion": "4.7.0",
    "versionCreateTime": "2020-04-29T01:03:24.000Z",
    "html": "",
    "externalScripts": "",
    "updaterUID": "bd-1812343926",
    "theme": "",
    "layout": "",
    "viewCount": 146,
    "userName": "5***1",
    "commentCount": 0,
    "starCount": 0,
    "isStared": 0,
    "thumbnailURL": "https://www.makeapie.com/ecg-storage/ec_gallery_thumbnail/xhzgY9abvg.png?v=1588122204241",
    "isCustomThumbnail": 0,
    "builtinTags": [
        "category-work",
        "radar",
        "series-radar",
        "title",
        "tooltip"
    ],
    "customTags": [],
    "updaterUserName": "5***1"
}