{
    "cid": "xl7nt2y_SS",
    "authorUid": "obd-oNrOJNVl6QvYRPbhVWsyWMKqxA4znCO",
    "authorUserName": "我***e",
    "title": "",
    "description": "",
    "latestVersion": 1,
    "alwaysLatest": 1,
    "createTime": "2020-04-28T06:32:55.000Z",
    "lastUpdateTime": "2020-04-28T06:32:55.000Z",
    "auth": 2,
    "uid": "obd-oNrOJNVl6QvYRPbhVWsyWMKqxA4znCO",
    "publishedVersion": 0,
    "forkFrom": "-",
    "isSpam": 0,
    "version": 1,
    "parentVersion": -1,
    "echartsVersion": "4.7.0",
    "versionCreateTime": "2020-04-28T06:32:55.000Z",
    "html": "",
    "externalScripts": "",
    "updaterUID": "obd-oNrOJNVl6QvYRPbhVWsyWMKqxA4znCO",
    "theme": "",
    "layout": "",
    "viewCount": 58,
    "userName": "我***e",
    "commentCount": 0,
    "starCount": 0,
    "isStared": 0,
    "thumbnailURL": "https://www.makeapie.com/ecg-storage/ec_gallery_thumbnail/xl7nt2y_SS.png?v=1588055575606",
    "isCustomThumbnail": 0,
    "builtinTags": [
        "category-work",
        "polar",
        "series-bar",
        "tooltip"
    ],
    "customTags": [],
    "updaterUserName": "我***e"
}