{
    "cid": "xLksGBvawV",
    "authorUid": "bd-2291206321",
    "authorUserName": "1***去",
    "title": "累计热量图",
    "description": "",
    "latestVersion": 4,
    "alwaysLatest": 1,
    "createTime": "2020-04-28T06:23:08.000Z",
    "lastUpdateTime": "2021-11-13T04:03:30.000Z",
    "auth": 2,
    "uid": "bd-2291206321",
    "publishedVersion": 0,
    "forkFrom": "-",
    "isSpam": 0,
    "version": 4,
    "parentVersion": 3,
    "echartsVersion": "4.9.0",
    "versionCreateTime": "2021-11-13T04:03:30.000Z",
    "html": "",
    "externalScripts": "",
    "updaterUID": "bd-2291206321",
    "theme": "",
    "layout": "",
    "viewCount": 171,
    "userName": "1***去",
    "commentCount": 0,
    "starCount": 2,
    "isStared": 0,
    "thumbnailURL": "https://www.makeapie.com/ecg-storage/ec_gallery_thumbnail/xLksGBvawV.png?v=1636776210619",
    "isCustomThumbnail": 0,
    "builtinTags": [
        "category-work",
        "grid",
        "legend",
        "series-bar",
        "series-line",
        "toolbox",
        "tooltip"
    ],
    "customTags": [],
    "updaterUserName": "1***去"
}