{
    "cid": "xU6-UpXCUi",
    "authorUid": "obd-oNrOJNVl6QvYRPbhVWsyWMKqxA4znCO",
    "authorUserName": "我***e",
    "title": "75",
    "description": "总分：100分",
    "latestVersion": 1,
    "alwaysLatest": 1,
    "createTime": "2020-04-28T04:47:25.000Z",
    "lastUpdateTime": "2020-04-28T04:47:25.000Z",
    "auth": 2,
    "uid": "obd-oNrOJNVl6QvYRPbhVWsyWMKqxA4znCO",
    "publishedVersion": 0,
    "forkFrom": "-",
    "isSpam": 0,
    "version": 1,
    "parentVersion": -1,
    "echartsVersion": "4.7.0",
    "versionCreateTime": "2020-04-28T04:47:25.000Z",
    "html": "",
    "externalScripts": "",
    "updaterUID": "obd-oNrOJNVl6QvYRPbhVWsyWMKqxA4znCO",
    "theme": "",
    "layout": "",
    "viewCount": 200,
    "userName": "我***e",
    "commentCount": 0,
    "starCount": 1,
    "isStared": 0,
    "thumbnailURL": "https://www.makeapie.com/ecg-storage/ec_gallery_thumbnail/xU6-UpXCUi.png?v=1588049245477",
    "isCustomThumbnail": 0,
    "builtinTags": [
        "category-work",
        "polar",
        "series-bar",
        "title"
    ],
    "customTags": [],
    "updaterUserName": "我***e"
}