{
    "cid": "xw_BaA4cFC",
    "authorUid": "obd-oM18WwzExwnSdHRg3IlIgcP6Xka3D24",
    "authorUserName": "c***5",
    "title": "数据流向",
    "description": "",
    "latestVersion": 2,
    "alwaysLatest": 1,
    "createTime": "2020-04-26T09:50:36.000Z",
    "lastUpdateTime": "2020-04-26T09:50:36.000Z",
    "auth": 2,
    "uid": "obd-oM18WwzExwnSdHRg3IlIgcP6Xka3D24",
    "publishedVersion": 0,
    "forkFrom": "-",
    "isSpam": 0,
    "version": 2,
    "parentVersion": 1,
    "echartsVersion": "4.7.0",
    "versionCreateTime": "2020-04-26T09:59:41.000Z",
    "html": "",
    "externalScripts": "",
    "updaterUID": "obd-oM18WwzExwnSdHRg3IlIgcP6Xka3D24",
    "theme": "",
    "layout": "",
    "viewCount": 5393,
    "userName": "c***5",
    "commentCount": 1,
    "starCount": 20,
    "isStared": 0,
    "thumbnailURL": "https://www.makeapie.com/ecg-storage/ec_gallery_thumbnail/xw_BaA4cFC.png?v=1587895182076",
    "isCustomThumbnail": 0,
    "builtinTags": [
        "category-work",
        "grid",
        "series-graph",
        "series-lines",
        "tooltip"
    ],
    "customTags": [],
    "updaterUserName": "c***5"
}