{
    "cid": "xYTE3yjElA",
    "authorUid": "obd-oPYAvP7HOpmPXny2lnjsvZkeHMfgW9E",
    "authorUserName": "_***识",
    "title": "半圆",
    "description": "项目使用到半圆，关键字【半圆】找不到合适的例子，就在前人的例子上稍微做了改动",
    "latestVersion": 1,
    "alwaysLatest": 1,
    "createTime": "2020-04-27T07:07:29.000Z",
    "lastUpdateTime": "2020-04-27T07:07:29.000Z",
    "auth": 2,
    "uid": "obd-oPYAvP7HOpmPXny2lnjsvZkeHMfgW9E",
    "publishedVersion": 0,
    "forkFrom": "-",
    "isSpam": 0,
    "version": 1,
    "parentVersion": -1,
    "echartsVersion": "4.7.0",
    "versionCreateTime": "2020-04-27T07:07:29.000Z",
    "html": "",
    "externalScripts": "",
    "updaterUID": "obd-oPYAvP7HOpmPXny2lnjsvZkeHMfgW9E",
    "theme": "",
    "layout": "",
    "viewCount": 143,
    "userName": "_***识",
    "commentCount": 0,
    "starCount": 0,
    "isStared": 0,
    "thumbnailURL": "https://www.makeapie.com/ecg-storage/ec_gallery_thumbnail/xYTE3yjElA.png?v=1587971249256",
    "isCustomThumbnail": 0,
    "builtinTags": [
        "category-work",
        "series-pie"
    ],
    "customTags": [],
    "updaterUserName": "_***识"
}