{
    "cid": "x-GulqSuu1",
    "authorUid": "obd-otekd-YM0M8gP8RvWV6od5DtA1h0d8e",
    "authorUserName": "心***现",
    "title": "设为首图接口调用",
    "description": "",
    "latestVersion": 13,
    "alwaysLatest": 1,
    "createTime": "2020-09-21T01:46:43.000Z",
    "lastUpdateTime": "2020-10-14T08:39:15.000Z",
    "auth": 2,
    "uid": "obd-otekd-YM0M8gP8RvWV6od5DtA1h0d8e",
    "publishedVersion": 0,
    "forkFrom": "-",
    "isSpam": 0,
    "version": 13,
    "parentVersion": 12,
    "echartsVersion": "4.8.0",
    "versionCreateTime": "2020-10-22T01:35:48.000Z",
    "html": "",
    "externalScripts": "",
    "updaterUID": "obd-otekd-YM0M8gP8RvWV6od5DtA1h0d8e",
    "theme": "default",
    "layout": "",
    "viewCount": 917,
    "userName": "心***现",
    "commentCount": 0,
    "starCount": 3,
    "isStared": 0,
    "thumbnailURL": "https://www.makeapie.com/ecg-storage/ec_gallery_thumbnail/x-GulqSuu1.png?v=1603330548779",
    "isCustomThumbnail": 0,
    "builtinTags": [
        "category-work",
        "grid",
        "legend",
        "series-graph",
        "title"
    ],
    "customTags": [],
    "updaterUserName": "心***现"
}