{
    "cid": "xa_0p3spFO",
    "authorUid": "obd-oDVacrrTHNUcUgC65H1tIVQwHw1h410",
    "authorUserName": "l***l",
    "title": "漏斗对比图",
    "description": "",
    "latestVersion": 1,
    "alwaysLatest": 1,
    "createTime": "2020-09-21T02:25:35.000Z",
    "lastUpdateTime": "2020-09-21T02:25:35.000Z",
    "auth": 2,
    "uid": "obd-oDVacrrTHNUcUgC65H1tIVQwHw1h410",
    "publishedVersion": 0,
    "forkFrom": "-",
    "isSpam": 0,
    "version": 1,
    "parentVersion": -1,
    "echartsVersion": "4.8.0",
    "versionCreateTime": "2020-09-21T02:25:35.000Z",
    "html": "",
    "externalScripts": "",
    "updaterUID": "obd-oDVacrrTHNUcUgC65H1tIVQwHw1h410",
    "theme": "",
    "layout": "",
    "viewCount": 233,
    "userName": "l***l",
    "commentCount": 0,
    "starCount": 1,
    "isStared": 0,
    "thumbnailURL": "https://www.makeapie.com/ecg-storage/ec_gallery_thumbnail/xa_0p3spFO.png?v=1600655135730",
    "isCustomThumbnail": 0,
    "builtinTags": [
        "category-work",
        "series-funnel",
        "tooltip"
    ],
    "customTags": [],
    "updaterUserName": "l***l"
}