{
    "cid": "xaBqMjpmM-",
    "authorUid": "obd-o2CyGYfPgfPWamqoPHaFZ02rb6MpeBz",
    "authorUserName": "我***奥",
    "title": "进度值仪表盘",
    "description": "",
    "latestVersion": 2,
    "alwaysLatest": 1,
    "createTime": "2020-09-18T11:01:22.000Z",
    "lastUpdateTime": "2020-09-18T11:01:22.000Z",
    "auth": 2,
    "uid": "obd-o2CyGYfPgfPWamqoPHaFZ02rb6MpeBz",
    "publishedVersion": 0,
    "forkFrom": "-",
    "isSpam": 0,
    "version": 2,
    "parentVersion": 1,
    "echartsVersion": "4.8.0",
    "versionCreateTime": "2020-09-19T02:15:34.000Z",
    "html": "",
    "externalScripts": "",
    "updaterUID": "obd-o2CyGYfPgfPWamqoPHaFZ02rb6MpeBz",
    "theme": "",
    "layout": "",
    "viewCount": 372,
    "userName": "我***奥",
    "commentCount": 0,
    "starCount": 0,
    "isStared": 0,
    "thumbnailURL": "https://www.makeapie.com/ecg-storage/ec_gallery_thumbnail/xaBqMjpmM-.png?v=1600481735039",
    "isCustomThumbnail": 0,
    "builtinTags": [
        "category-work",
        "series-gauge"
    ],
    "customTags": [],
    "updaterUserName": "我***奥"
}