{
    "cid": "xIEuNmmX5V",
    "authorUid": "obd-oErwuU4xDhZbmRIgfFdmSFfjpmOkR4C",
    "authorUserName": "C***丶",
    "title": "铁路、道路危险品运输相关法规及标准",
    "description": "浅色版本",
    "latestVersion": 3,
    "alwaysLatest": 1,
    "createTime": "2020-09-20T13:50:21.000Z",
    "lastUpdateTime": "2020-09-20T13:50:21.000Z",
    "auth": 1,
    "uid": "obd-oErwuU4xDhZbmRIgfFdmSFfjpmOkR4C",
    "publishedVersion": 1,
    "forkFrom": "-",
    "isSpam": 0,
    "version": 1,
    "parentVersion": -1,
    "echartsVersion": "4.8.0",
    "versionCreateTime": "2020-09-20T13:50:21.000Z",
    "html": "",
    "externalScripts": "",
    "updaterUID": "obd-oErwuU4xDhZbmRIgfFdmSFfjpmOkR4C",
    "theme": "",
    "layout": "",
    "viewCount": 282,
    "userName": "C***丶",
    "commentCount": 0,
    "starCount": 3,
    "isStared": 0,
    "thumbnailURL": "https://www.makeapie.com/ecg-storage/ec_gallery_thumbnail/xIEuNmmX5V.png?v=1600609821927",
    "isCustomThumbnail": 0,
    "builtinTags": [
        "category-work",
        "grid",
        "legend",
        "series-effectScatter",
        "series-graph",
        "series-lines",
        "title",
        "tooltip"
    ],
    "customTags": [],
    "updaterUserName": "C***丶"
}