{
    "cid": "xksOx16mhV",
    "authorUid": "bd-1841183165",
    "authorUserName": "o***趣",
    "title": "Design elements✍",
    "description": "",
    "latestVersion": 2,
    "alwaysLatest": 1,
    "createTime": "2020-09-21T02:05:18.000Z",
    "lastUpdateTime": "2020-09-21T02:05:18.000Z",
    "auth": 2,
    "uid": "bd-1841183165",
    "publishedVersion": 0,
    "forkFrom": "-",
    "isSpam": 0,
    "version": 2,
    "parentVersion": 1,
    "echartsVersion": "4.8.0",
    "versionCreateTime": "2020-09-21T02:12:30.000Z",
    "html": "",
    "externalScripts": "",
    "updaterUID": "bd-1841183165",
    "theme": "",
    "layout": "",
    "viewCount": 352,
    "userName": "o***趣",
    "commentCount": 0,
    "starCount": 6,
    "isStared": 0,
    "thumbnailURL": "https://www.makeapie.com/ecg-storage/ec_gallery_thumbnail/xksOx16mhV.png?v=1600654350990",
    "isCustomThumbnail": 0,
    "builtinTags": [
        "category-work",
        "grid",
        "legend",
        "series-scatter",
        "title",
        "tooltip"
    ],
    "customTags": [],
    "updaterUserName": "o***趣"
}