{
    "cid": "xMLMkBa5Ph",
    "authorUid": "obd-oj8MmIvomgMLCBkYnCwqKQCbOh412Dl",
    "authorUserName": "a***1",
    "title": "",
    "description": "",
    "latestVersion": 6,
    "alwaysLatest": 1,
    "createTime": "2020-09-18T13:40:59.000Z",
    "lastUpdateTime": "2020-09-18T13:40:59.000Z",
    "auth": 2,
    "uid": "obd-oj8MmIvomgMLCBkYnCwqKQCbOh412Dl",
    "publishedVersion": 0,
    "forkFrom": "-",
    "isSpam": 0,
    "version": 6,
    "parentVersion": 5,
    "echartsVersion": "4.8.0",
    "versionCreateTime": "2020-09-23T05:40:02.000Z",
    "html": "",
    "externalScripts": "",
    "updaterUID": "obd-oj8MmIvomgMLCBkYnCwqKQCbOh412Dl",
    "theme": "",
    "layout": "",
    "viewCount": 119,
    "userName": "a***1",
    "commentCount": 0,
    "starCount": 0,
    "isStared": 0,
    "thumbnailURL": "https://www.makeapie.com/ecg-storage/ec_gallery_thumbnail/xMLMkBa5Ph.png?v=1600839602867",
    "isCustomThumbnail": 0,
    "builtinTags": [
        "category-work",
        "series-gauge",
        "toolbox",
        "tooltip"
    ],
    "customTags": [],
    "updaterUserName": "a***1"
}