{
    "cid": "xmTPClF_dK",
    "authorUid": "obd-o-HS0ZTEBpotGpv-NJsAwpsi1oLQiAQ",
    "authorUserName": "s***1",
    "title": "双柱对比图bar",
    "description": "缺点是不能每条柱设置最大值。适合百分比",
    "latestVersion": 5,
    "alwaysLatest": 1,
    "createTime": "2020-09-19T09:28:46.000Z",
    "lastUpdateTime": "2021-10-11T05:59:28.000Z",
    "auth": 1,
    "uid": "obd-o-HS0ZTEBpotGpv-NJsAwpsi1oLQiAQ",
    "publishedVersion": 0,
    "forkFrom": "-",
    "isSpam": 0,
    "version": 5,
    "parentVersion": 4,
    "echartsVersion": "4.9.0",
    "versionCreateTime": "2021-10-11T05:59:28.000Z",
    "html": "",
    "externalScripts": "",
    "updaterUID": "obd-o2nLNjxDQnqdPZH4npnQ1Ej_03Cbn64",
    "theme": "dark",
    "layout": "",
    "viewCount": 2058,
    "userName": "s***1",
    "commentCount": 1,
    "starCount": 19,
    "isStared": 0,
    "thumbnailURL": "https://www.makeapie.com/ecg-storage/ec_gallery_thumbnail/xmTPClF_dK.png?v=1633931968854",
    "isCustomThumbnail": 0,
    "builtinTags": [
        "category-work",
        "grid",
        "legend",
        "series-bar",
        "tooltip"
    ],
    "customTags": [],
    "updaterUserName": "t***5"
}