{
    "cid": "xNXIIAof1x",
    "authorUid": "bd-1297380066",
    "authorUserName": "揭***纱",
    "title": "堆叠图",
    "description": "",
    "latestVersion": 1,
    "alwaysLatest": 1,
    "createTime": "2020-09-18T09:56:05.000Z",
    "lastUpdateTime": "2020-09-18T09:56:05.000Z",
    "auth": 2,
    "uid": "bd-1297380066",
    "publishedVersion": 0,
    "forkFrom": "-",
    "isSpam": 0,
    "version": 1,
    "parentVersion": -1,
    "echartsVersion": "4.8.0",
    "versionCreateTime": "2020-09-18T09:56:05.000Z",
    "html": "",
    "externalScripts": "",
    "updaterUID": "bd-1297380066",
    "theme": "",
    "layout": "",
    "viewCount": 55,
    "userName": "揭***纱",
    "commentCount": 0,
    "starCount": 0,
    "isStared": 0,
    "thumbnailURL": "https://www.makeapie.com/ecg-storage/ec_gallery_thumbnail/xNXIIAof1x.png?v=1600422965741",
    "isCustomThumbnail": 0,
    "builtinTags": [
        "category-work",
        "grid",
        "legend",
        "series-bar",
        "tooltip"
    ],
    "customTags": [],
    "updaterUserName": "揭***纱"
}