{
    "cid": "xrhmxOqyLB",
    "authorUid": "bd-2468652156",
    "authorUserName": "z***2",
    "title": "区域色块图",
    "description": "",
    "latestVersion": 5,
    "alwaysLatest": 1,
    "createTime": "2020-09-21T03:42:06.000Z",
    "lastUpdateTime": "2020-09-21T03:42:06.000Z",
    "auth": 2,
    "uid": "bd-2468652156",
    "publishedVersion": 0,
    "forkFrom": "-",
    "isSpam": 0,
    "version": 5,
    "parentVersion": 4,
    "echartsVersion": "4.8.0",
    "versionCreateTime": "2020-09-21T06:25:30.000Z",
    "html": "",
    "externalScripts": "",
    "updaterUID": "bd-2468652156",
    "theme": "",
    "layout": "",
    "viewCount": 77,
    "userName": "z***2",
    "commentCount": 0,
    "starCount": 0,
    "isStared": 0,
    "thumbnailURL": "https://www.makeapie.com/ecg-storage/ec_gallery_thumbnail/xrhmxOqyLB.png?v=1600669530832",
    "isCustomThumbnail": 0,
    "builtinTags": [
        "category-work",
        "geo",
        "grid",
        "legend",
        "series-bar"
    ],
    "customTags": [],
    "updaterUserName": "z***2"
}