{
    "cid": "xuBrdB9xVj",
    "authorUid": "bd-4179640802",
    "authorUserName": "四***8",
    "title": "双向柱状图",
    "description": "男女比例",
    "latestVersion": 1,
    "alwaysLatest": 1,
    "createTime": "2020-09-21T03:43:13.000Z",
    "lastUpdateTime": "2020-09-21T03:43:13.000Z",
    "auth": 2,
    "uid": "bd-4179640802",
    "publishedVersion": 0,
    "forkFrom": "-",
    "isSpam": 0,
    "version": 1,
    "parentVersion": -1,
    "echartsVersion": "4.8.0",
    "versionCreateTime": "2020-09-21T03:43:13.000Z",
    "html": "",
    "externalScripts": "",
    "updaterUID": "bd-4179640802",
    "theme": "",
    "layout": "",
    "viewCount": 125,
    "userName": "四***8",
    "commentCount": 0,
    "starCount": 1,
    "isStared": 0,
    "thumbnailURL": "https://www.makeapie.com/ecg-storage/ec_gallery_thumbnail/xuBrdB9xVj.png?v=1600659793754",
    "isCustomThumbnail": 0,
    "builtinTags": [
        "category-work",
        "grid",
        "legend",
        "series-bar",
        "tooltip"
    ],
    "customTags": [],
    "updaterUserName": "四***8"
}