{
    "cid": "xwXrhZl163",
    "authorUid": "bd-3959925009",
    "authorUserName": "随***缘",
    "title": "2020年全国大厅监测得分",
    "description": "from 零点有数\nby 沈文娟",
    "latestVersion": 5,
    "alwaysLatest": 1,
    "createTime": "2020-09-19T02:03:08.000Z",
    "lastUpdateTime": "2020-09-19T02:03:08.000Z",
    "auth": 2,
    "uid": "bd-3959925009",
    "publishedVersion": 0,
    "forkFrom": "-",
    "isSpam": 0,
    "version": 5,
    "parentVersion": 4,
    "echartsVersion": "4.8.0",
    "versionCreateTime": "2020-09-20T04:00:19.000Z",
    "html": "",
    "externalScripts": "/dep/echarts/map/js/china.js,/dep/echarts/latest/extension/bmap.min.js",
    "updaterUID": "bd-3959925009",
    "theme": "",
    "layout": "",
    "viewCount": 874,
    "userName": "随***缘",
    "commentCount": 0,
    "starCount": 1,
    "isStared": 0,
    "thumbnailURL": "https://www.makeapie.com/ecg-storage/ec_gallery_thumbnail/xwXrhZl163.png?v=1600574419386",
    "isCustomThumbnail": 0,
    "builtinTags": [
        "category-work",
        "geo",
        "legend",
        "series-map",
        "series-scatter",
        "title",
        "toolbox",
        "visualMap"
    ],
    "customTags": [],
    "updaterUserName": "随***缘"
}