{
    "cid": "xzhxpD0m77",
    "authorUid": "bd-2687908434",
    "authorUserName": "健***才",
    "title": "双防总体趋势",
    "description": "雷达样例",
    "latestVersion": 2,
    "alwaysLatest": 1,
    "createTime": "2020-09-19T02:58:56.000Z",
    "lastUpdateTime": "2020-09-19T02:58:56.000Z",
    "auth": 2,
    "uid": "bd-2687908434",
    "publishedVersion": 0,
    "forkFrom": "-",
    "isSpam": 0,
    "version": 2,
    "parentVersion": 1,
    "echartsVersion": "4.8.0",
    "versionCreateTime": "2020-09-19T02:59:16.000Z",
    "html": "",
    "externalScripts": "",
    "updaterUID": "bd-2687908434",
    "theme": "",
    "layout": "",
    "viewCount": 235,
    "userName": "健***才",
    "commentCount": 0,
    "starCount": 1,
    "isStared": 0,
    "thumbnailURL": "https://www.makeapie.com/ecg-storage/ec_gallery_thumbnail/xzhxpD0m77.png?v=1600484356907",
    "isCustomThumbnail": 0,
    "builtinTags": [
        "category-work",
        "series-gauge",
        "title",
        "tooltip"
    ],
    "customTags": [],
    "updaterUserName": "健***才"
}