{
    "cid": "x1-1MUCI9L",
    "authorUid": "bd-827438878",
    "authorUserName": "帝***尊",
    "title": "收益曲线图",
    "description": "不同范围收益展示",
    "latestVersion": 1,
    "alwaysLatest": 1,
    "createTime": "2019-05-15T07:50:17.000Z",
    "lastUpdateTime": "2019-05-15T07:50:17.000Z",
    "auth": 2,
    "uid": "bd-827438878",
    "publishedVersion": 0,
    "forkFrom": "-",
    "isSpam": 0,
    "version": 1,
    "parentVersion": -1,
    "echartsVersion": "4.2.1",
    "versionCreateTime": "2019-05-15T07:50:17.000Z",
    "html": "",
    "externalScripts": "",
    "updaterUID": "bd-827438878",
    "theme": "",
    "layout": "",
    "viewCount": 116,
    "userName": "帝***尊",
    "commentCount": 0,
    "starCount": 0,
    "isStared": 0,
    "thumbnailURL": "https://www.makeapie.com/ecg-storage/ec_gallery_thumbnail/x1-1MUCI9L.png?v=1557906617525",
    "isCustomThumbnail": 0,
    "builtinTags": [
        "category-work",
        "grid",
        "series-bar",
        "tooltip"
    ],
    "customTags": [],
    "updaterUserName": "帝***尊"
}