{
    "cid": "x1AxR74gn3",
    "authorUid": "bd-3005307301",
    "authorUserName": "李***1",
    "title": "图例分左右",
    "description": "数据分两段，写两个visualMap",
    "latestVersion": 2,
    "alwaysLatest": 1,
    "createTime": "2019-05-13T06:17:01.000Z",
    "lastUpdateTime": "2019-05-13T06:17:01.000Z",
    "auth": 2,
    "uid": "bd-3005307301",
    "publishedVersion": 0,
    "forkFrom": "-",
    "isSpam": 0,
    "version": 2,
    "parentVersion": 1,
    "echartsVersion": "4.2.1",
    "versionCreateTime": "2019-05-13T06:37:46.000Z",
    "html": "",
    "externalScripts": "/dep/echarts/map/js/china.js",
    "updaterUID": "bd-3005307301",
    "theme": "",
    "layout": "",
    "viewCount": 869,
    "userName": "李***1",
    "commentCount": 0,
    "starCount": 2,
    "isStared": 0,
    "thumbnailURL": "https://www.makeapie.com/ecg-storage/ec_gallery_thumbnail/x1AxR74gn3.png?v=1557729466905",
    "isCustomThumbnail": 0,
    "builtinTags": [
        "category-work",
        "geo",
        "series-scatter",
        "title",
        "tooltip",
        "visualMap"
    ],
    "customTags": [],
    "updaterUserName": "李***1"
}