{
    "cid": "x5SXhMZ1IK",
    "authorUid": "bd-3969692056",
    "authorUserName": "r***y",
    "title": "中国行政区域3D地图",
    "description": "中国行政区域3D地图",
    "latestVersion": 1,
    "alwaysLatest": 1,
    "createTime": "2019-05-15T08:45:59.000Z",
    "lastUpdateTime": "2019-05-15T08:45:59.000Z",
    "auth": 2,
    "uid": "bd-3969692056",
    "publishedVersion": 0,
    "forkFrom": "-",
    "isSpam": 0,
    "version": 1,
    "parentVersion": -1,
    "echartsVersion": "4.2.1",
    "versionCreateTime": "2019-05-15T08:45:59.000Z",
    "html": "",
    "externalScripts": "https://echarts.baidu.com/resource/echarts-gl-latest/dist/echarts-gl.min.js,/dep/echarts/latest/extension/bmap.min.js,/dep/echarts/map/js/china.js",
    "updaterUID": "bd-3969692056",
    "theme": "",
    "layout": "",
    "viewCount": 981,
    "userName": "r***y",
    "commentCount": 0,
    "starCount": 4,
    "isStared": 0,
    "thumbnailURL": "https://www.makeapie.com/ecg-storage/ec_gallery_thumbnail/x5SXhMZ1IK.png?v=1557909960004",
    "isCustomThumbnail": 1,
    "builtinTags": [
        "category-work",
        "geo3D"
    ],
    "customTags": [
        "china",
        "中国"
    ],
    "updaterUserName": "r***y"
}