{
    "cid": "x6YfOHr_Uw",
    "authorUid": "bd-2873280359",
    "authorUserName": "s***恋",
    "title": "彩柱",
    "description": "",
    "latestVersion": 1,
    "alwaysLatest": 1,
    "createTime": "2019-05-13T08:10:42.000Z",
    "lastUpdateTime": "2019-05-13T08:10:42.000Z",
    "auth": 2,
    "uid": "bd-2873280359",
    "publishedVersion": 0,
    "forkFrom": "-",
    "isSpam": 0,
    "version": 1,
    "parentVersion": -1,
    "echartsVersion": "4.2.1",
    "versionCreateTime": "2019-05-13T08:10:42.000Z",
    "html": "",
    "externalScripts": "",
    "updaterUID": "bd-2873280359",
    "theme": "",
    "layout": "",
    "viewCount": 358,
    "userName": "s***恋",
    "commentCount": 0,
    "starCount": 0,
    "isStared": 0,
    "thumbnailURL": "https://www.makeapie.com/ecg-storage/ec_gallery_thumbnail/x6YfOHr_Uw.png?v=1557735042946",
    "isCustomThumbnail": 0,
    "builtinTags": [
        "category-work",
        "grid",
        "series-bar",
        "tooltip"
    ],
    "customTags": [],
    "updaterUserName": "s***恋"
}