{
    "cid": "x7GxoiI0je",
    "authorUid": "bd-101698999",
    "authorUserName": "Z***8",
    "title": "借官方示例学习一下series[i]-lines用法",
    "description": "",
    "latestVersion": 5,
    "alwaysLatest": 1,
    "createTime": "2019-05-15T00:43:51.000Z",
    "lastUpdateTime": "2019-05-15T01:42:54.000Z",
    "auth": 2,
    "uid": "bd-101698999",
    "publishedVersion": 0,
    "forkFrom": "-",
    "isSpam": 0,
    "version": 5,
    "parentVersion": 4,
    "echartsVersion": "4.2.1",
    "versionCreateTime": "2019-05-15T01:43:27.000Z",
    "html": "",
    "externalScripts": "/dep/echarts/map/js/china.js",
    "updaterUID": "bd-101698999",
    "theme": "default",
    "layout": "",
    "viewCount": 1467,
    "userName": "Z***8",
    "commentCount": 0,
    "starCount": 8,
    "isStared": 0,
    "thumbnailURL": "https://www.makeapie.com/ecg-storage/ec_gallery_thumbnail/x7GxoiI0je.png?v=1557884607157",
    "isCustomThumbnail": 0,
    "builtinTags": [
        "category-work",
        "geo",
        "legend",
        "series-effectScatter",
        "series-lines",
        "title",
        "tooltip"
    ],
    "customTags": [],
    "updaterUserName": "Z***8"
}