{
    "cid": "x93bSWIqNg",
    "authorUid": "bd-2788126370",
    "authorUserName": "战神之幻灭",
    "title": "人员分布热力图",
    "description": "",
    "latestVersion": 6,
    "alwaysLatest": 1,
    "createTime": "2019-05-13T13:12:21.000Z",
    "lastUpdateTime": "2019-05-13T13:12:21.000Z",
    "auth": 2,
    "uid": "bd-2788126370",
    "publishedVersion": 0,
    "forkFrom": "-",
    "isSpam": 0,
    "version": 6,
    "parentVersion": 5,
    "echartsVersion": "4.2.1",
    "versionCreateTime": "2019-06-09T05:51:04.000Z",
    "html": "",
    "externalScripts": "",
    "updaterUID": "bd-2788126370",
    "theme": "",
    "layout": "",
    "viewCount": 1163,
    "userName": "战神之幻灭",
    "commentCount": 2,
    "starCount": 2,
    "isStared": 0,
    "thumbnailURL": "https://www.makeapie.com/ecg-storage/ec_gallery_thumbnail/x93bSWIqNg.png?v=1560059464739",
    "isCustomThumbnail": 0,
    "builtinTags": [
        "category-work",
        "graphic",
        "grid",
        "legend",
        "series-heatmap",
        "timeline",
        "title",
        "tooltip",
        "visualMap"
    ],
    "customTags": [],
    "updaterUserName": "战神之幻灭"
}