{
    "cid": "xdPTCJdXSl",
    "authorUid": "bd-2133619855",
    "authorUserName": "小***乖",
    "title": "年龄统计",
    "description": "项目里面年龄统计",
    "latestVersion": 1,
    "alwaysLatest": 1,
    "createTime": "2019-05-13T11:09:29.000Z",
    "lastUpdateTime": "2019-05-13T11:09:29.000Z",
    "auth": 2,
    "uid": "bd-2133619855",
    "publishedVersion": 0,
    "forkFrom": "-",
    "isSpam": 0,
    "version": 1,
    "parentVersion": -1,
    "echartsVersion": "4.2.1",
    "versionCreateTime": "2019-05-13T11:09:29.000Z",
    "html": "",
    "externalScripts": "",
    "updaterUID": "bd-2133619855",
    "theme": "",
    "layout": "",
    "viewCount": 104,
    "userName": "小***乖",
    "commentCount": 0,
    "starCount": 1,
    "isStared": 0,
    "thumbnailURL": "https://www.makeapie.com/ecg-storage/ec_gallery_thumbnail/xdPTCJdXSl.png?v=1557745770028",
    "isCustomThumbnail": 0,
    "builtinTags": [
        "category-work",
        "grid",
        "series-bar",
        "title",
        "tooltip"
    ],
    "customTags": [],
    "updaterUserName": "小***乖"
}