{
    "cid": "xDX25LsVnQ",
    "authorUid": "bd-960630",
    "authorUserName": "s***3",
    "title": "不使用visualMap实现折线图的分段显示",
    "description": "使用线条渐变实现折线图分段显示",
    "latestVersion": 1,
    "alwaysLatest": 1,
    "createTime": "2019-05-13T07:11:01.000Z",
    "lastUpdateTime": "2019-05-13T07:11:01.000Z",
    "auth": 2,
    "uid": "bd-960630",
    "publishedVersion": 0,
    "forkFrom": "-",
    "isSpam": 0,
    "version": 1,
    "parentVersion": -1,
    "echartsVersion": "4.2.1",
    "versionCreateTime": "2019-05-13T07:11:01.000Z",
    "html": "",
    "externalScripts": "",
    "updaterUID": "bd-960630",
    "theme": "",
    "layout": "",
    "viewCount": 7032,
    "userName": "s***3",
    "commentCount": 0,
    "starCount": 19,
    "isStared": 0,
    "thumbnailURL": "https://www.makeapie.com/ecg-storage/ec_gallery_thumbnail/xDX25LsVnQ.png?v=1557731461994",
    "isCustomThumbnail": 0,
    "builtinTags": [
        "category-work",
        "grid",
        "legend",
        "markLine",
        "markPoint",
        "series-line",
        "title"
    ],
    "customTags": [],
    "updaterUserName": "s***3"
}