{
    "cid": "xexXaI4oVn",
    "authorUid": "bd-2636811886",
    "authorUserName": "尘O忆",
    "title": "产品签单额分布",
    "description": "自定义散点图",
    "latestVersion": 2,
    "alwaysLatest": 1,
    "createTime": "2019-05-13T04:21:53.000Z",
    "lastUpdateTime": "2019-05-13T04:21:53.000Z",
    "auth": 2,
    "uid": "bd-2636811886",
    "publishedVersion": 0,
    "forkFrom": "-",
    "isSpam": 0,
    "version": 2,
    "parentVersion": 1,
    "echartsVersion": "4.2.1",
    "versionCreateTime": "2019-05-13T10:24:51.000Z",
    "html": "",
    "externalScripts": "",
    "updaterUID": "bd-2636811886",
    "theme": "",
    "layout": "",
    "viewCount": 3439,
    "userName": "尘O忆",
    "commentCount": 2,
    "starCount": 19,
    "isStared": 0,
    "thumbnailURL": "https://www.makeapie.com/ecg-storage/ec_gallery_thumbnail/xexXaI4oVn.png?v=1557743091701",
    "isCustomThumbnail": 0,
    "builtinTags": [
        "category-work",
        "grid",
        "legend",
        "series-scatter",
        "title"
    ],
    "customTags": [],
    "updaterUserName": "尘O忆"
}