{
    "cid": "xH-avjJUMs",
    "authorUid": "bd-1130787857",
    "authorUserName": "豆***Y",
    "title": "Enteritidis Sample Countries",
    "description": "",
    "latestVersion": 1,
    "alwaysLatest": 1,
    "createTime": "2019-05-14T03:59:40.000Z",
    "lastUpdateTime": "2019-05-14T03:59:40.000Z",
    "auth": 2,
    "uid": "bd-1130787857",
    "publishedVersion": 0,
    "forkFrom": "-",
    "isSpam": 0,
    "version": 1,
    "parentVersion": -1,
    "echartsVersion": "4.2.1",
    "versionCreateTime": "2019-05-14T03:59:40.000Z",
    "html": "",
    "externalScripts": "",
    "updaterUID": "bd-1130787857",
    "theme": "",
    "layout": "",
    "viewCount": 84,
    "userName": "豆***Y",
    "commentCount": 0,
    "starCount": 0,
    "isStared": 0,
    "thumbnailURL": "https://www.makeapie.com/ecg-storage/ec_gallery_thumbnail/xH-avjJUMs.png?v=1557806381020",
    "isCustomThumbnail": 0,
    "builtinTags": [
        "category-work",
        "series-map",
        "title",
        "toolbox",
        "tooltip",
        "visualMap"
    ],
    "customTags": [],
    "updaterUserName": "豆***Y"
}