{
    "cid": "xkctPrNLss",
    "authorUid": "bd-2889485481",
    "authorUserName": "红尘世家丶",
    "title": "关系图自己留用",
    "description": "",
    "latestVersion": 2,
    "alwaysLatest": 1,
    "createTime": "2019-05-15T07:43:37.000Z",
    "lastUpdateTime": "2019-05-15T07:43:37.000Z",
    "auth": 2,
    "uid": "bd-2889485481",
    "publishedVersion": 0,
    "forkFrom": "-",
    "isSpam": 0,
    "version": 2,
    "parentVersion": 1,
    "echartsVersion": "4.2.1",
    "versionCreateTime": "2019-05-15T07:46:59.000Z",
    "html": "",
    "externalScripts": "",
    "updaterUID": "bd-2889485481",
    "theme": "",
    "layout": "",
    "viewCount": 558,
    "userName": "红尘世家丶",
    "commentCount": 0,
    "starCount": 2,
    "isStared": 0,
    "thumbnailURL": "https://www.makeapie.com/ecg-storage/ec_gallery_thumbnail/xkctPrNLss.png?v=1557906419839",
    "isCustomThumbnail": 0,
    "builtinTags": [
        "category-work",
        "series-graph",
        "title",
        "tooltip"
    ],
    "customTags": [],
    "updaterUserName": "红尘世家丶"
}