{
    "cid": "xoYWXIfGu-",
    "authorUid": "bd-171648521",
    "authorUserName": "绿***绿",
    "title": "时间折线图",
    "description": "展示一天内7:00-18:00的数据",
    "latestVersion": 1,
    "alwaysLatest": 1,
    "createTime": "2019-05-14T08:51:29.000Z",
    "lastUpdateTime": "2019-05-14T08:51:29.000Z",
    "auth": 2,
    "uid": "bd-171648521",
    "publishedVersion": 0,
    "forkFrom": "-",
    "isSpam": 0,
    "version": 1,
    "parentVersion": -1,
    "echartsVersion": "4.2.1",
    "versionCreateTime": "2019-05-14T08:51:29.000Z",
    "html": "",
    "externalScripts": "",
    "updaterUID": "bd-171648521",
    "theme": "",
    "layout": "",
    "viewCount": 16,
    "userName": "绿***绿",
    "commentCount": 0,
    "starCount": 0,
    "isStared": 0,
    "thumbnailURL": "https://www.makeapie.com/ecg-storage/ec_gallery_thumbnail/xoYWXIfGu-.png?v=1557823889451",
    "isCustomThumbnail": 0,
    "builtinTags": [
        "category-work",
        "grid",
        "series-line"
    ],
    "customTags": [],
    "updaterUserName": "绿***绿"
}