{
    "cid": "xPyA1LOKwT",
    "authorUid": "bd-2942162721",
    "authorUserName": "向***蓉",
    "title": "流程图",
    "description": "",
    "latestVersion": 14,
    "alwaysLatest": 1,
    "createTime": "2019-05-13T09:43:29.000Z",
    "lastUpdateTime": "2019-05-13T09:43:29.000Z",
    "auth": 2,
    "uid": "bd-2942162721",
    "publishedVersion": 0,
    "forkFrom": "-",
    "isSpam": 0,
    "version": 14,
    "parentVersion": 13,
    "echartsVersion": "4.2.1",
    "versionCreateTime": "2019-05-23T03:13:03.000Z",
    "html": "",
    "externalScripts": "",
    "updaterUID": "bd-2942162721",
    "theme": "",
    "layout": "",
    "viewCount": 1739,
    "userName": "向***蓉",
    "commentCount": 0,
    "starCount": 10,
    "isStared": 0,
    "thumbnailURL": "https://www.makeapie.com/ecg-storage/ec_gallery_thumbnail/xPyA1LOKwT.png?v=1558581183637",
    "isCustomThumbnail": 0,
    "builtinTags": [
        "category-work",
        "grid",
        "series-bar",
        "series-graph",
        "tooltip"
    ],
    "customTags": [],
    "updaterUserName": "向***蓉"
}