{
    "cid": "xuyKqmzb4Z",
    "authorUid": "bd-688256773",
    "authorUserName": "2***3",
    "title": "bar",
    "description": "bar",
    "latestVersion": 1,
    "alwaysLatest": 1,
    "createTime": "2019-05-13T03:13:35.000Z",
    "lastUpdateTime": "2019-05-16T03:18:47.000Z",
    "auth": 2,
    "uid": "bd-688256773",
    "publishedVersion": 0,
    "forkFrom": "-",
    "isSpam": 0,
    "version": 1,
    "parentVersion": -1,
    "echartsVersion": "4.2.1",
    "versionCreateTime": "2019-05-13T03:13:35.000Z",
    "html": "",
    "externalScripts": "",
    "updaterUID": "bd-688256773",
    "theme": "infographic",
    "layout": "",
    "viewCount": 33,
    "userName": "2***3",
    "commentCount": 0,
    "starCount": 0,
    "isStared": 0,
    "thumbnailURL": "https://www.makeapie.com/ecg-storage/ec_gallery_thumbnail/xuyKqmzb4Z.png?v=1557717215109",
    "isCustomThumbnail": 0,
    "builtinTags": [],
    "customTags": [],
    "updaterUserName": "2***3"
}