{
    "cid": "xWjdjT-1iY",
    "authorUid": "bd-1271192520",
    "authorUserName": "183******71",
    "title": "多种占比数据",
    "description": "可以描述多种情况与总的占比关系",
    "latestVersion": 7,
    "alwaysLatest": 1,
    "createTime": "2019-05-14T09:35:22.000Z",
    "lastUpdateTime": "2019-05-14T09:35:22.000Z",
    "auth": 1,
    "uid": "bd-1271192520",
    "publishedVersion": 0,
    "forkFrom": "-",
    "isSpam": 0,
    "version": 7,
    "parentVersion": 5,
    "echartsVersion": "4.2.1",
    "versionCreateTime": "2019-07-10T04:19:05.000Z",
    "html": "",
    "externalScripts": "",
    "updaterUID": "bd-3658221913",
    "theme": "",
    "layout": "",
    "viewCount": 1570,
    "userName": "183******71",
    "commentCount": 0,
    "starCount": 14,
    "isStared": 0,
    "thumbnailURL": "https://www.makeapie.com/ecg-storage/ec_gallery_thumbnail/xWjdjT-1iY.png?v=1562732346063",
    "isCustomThumbnail": 0,
    "builtinTags": [
        "category-work",
        "series-pie",
        "title"
    ],
    "customTags": [],
    "updaterUserName": "a***4"
}