{
    "cid": "x1yYTM_Sy6",
    "authorUid": "bd-1797554982",
    "authorUserName": "陌雨暮晨",
    "title": "k线图温度计图",
    "description": "k线图温度计图",
    "latestVersion": 1,
    "alwaysLatest": 1,
    "createTime": "2019-01-15T08:23:53.000Z",
    "lastUpdateTime": "2019-01-15T08:23:53.000Z",
    "auth": 2,
    "uid": "bd-1797554982",
    "publishedVersion": 0,
    "forkFrom": "-",
    "isSpam": 0,
    "version": 1,
    "parentVersion": -1,
    "echartsVersion": "4.2.0",
    "versionCreateTime": "2019-01-15T08:23:53.000Z",
    "html": "",
    "externalScripts": "",
    "updaterUID": "bd-1797554982",
    "theme": "",
    "layout": "",
    "viewCount": 906,
    "userName": "陌雨暮晨",
    "commentCount": 0,
    "starCount": 1,
    "isStared": 0,
    "thumbnailURL": "https://www.makeapie.com/ecg-storage/ec_gallery_thumbnail/x1yYTM_Sy6.png?v=1547540633863",
    "isCustomThumbnail": 0,
    "builtinTags": [
        "category-work",
        "grid",
        "series-candlestick",
        "series-scatter"
    ],
    "customTags": [],
    "updaterUserName": "陌雨暮晨"
}