{
    "cid": "x6Ry-89JVS",
    "authorUid": "bd-3658046543",
    "authorUserName": "秦***1",
    "title": "第一个环形图",
    "description": "",
    "latestVersion": 3,
    "alwaysLatest": 1,
    "createTime": "2019-01-15T08:55:41.000Z",
    "lastUpdateTime": "2019-01-15T08:55:41.000Z",
    "auth": 2,
    "uid": "bd-3658046543",
    "publishedVersion": 0,
    "forkFrom": "-",
    "isSpam": 0,
    "version": 3,
    "parentVersion": 2,
    "echartsVersion": "4.2.0",
    "versionCreateTime": "2019-01-16T01:27:39.000Z",
    "html": "",
    "externalScripts": "",
    "updaterUID": "bd-3658046543",
    "theme": "",
    "layout": "",
    "viewCount": 969,
    "userName": "秦***1",
    "commentCount": 0,
    "starCount": 1,
    "isStared": 0,
    "thumbnailURL": "https://www.makeapie.com/ecg-storage/ec_gallery_thumbnail/x6Ry-89JVS.png?v=1547602059991",
    "isCustomThumbnail": 0,
    "builtinTags": [
        "category-work",
        "legend",
        "series-pie",
        "tooltip"
    ],
    "customTags": [],
    "updaterUserName": "秦***1"
}