{
    "cid": "xaLqglOdKa",
    "authorUid": "bd-2956842748",
    "authorUserName": "天使第一二",
    "title": "尾气遥测注册年限超标率统计--多柱图+折线图",
    "description": "",
    "latestVersion": 8,
    "alwaysLatest": 1,
    "createTime": "2019-01-14T09:08:57.000Z",
    "lastUpdateTime": "2019-01-14T09:08:57.000Z",
    "auth": 2,
    "uid": "bd-2956842748",
    "publishedVersion": 0,
    "forkFrom": "-",
    "isSpam": 0,
    "version": 8,
    "parentVersion": 7,
    "echartsVersion": "4.2.0",
    "versionCreateTime": "2019-01-15T01:58:17.000Z",
    "html": "",
    "externalScripts": "",
    "updaterUID": "bd-2956842748",
    "theme": "",
    "layout": "",
    "viewCount": 441,
    "userName": "天使第一二",
    "commentCount": 0,
    "starCount": 2,
    "isStared": 0,
    "thumbnailURL": "https://www.makeapie.com/ecg-storage/ec_gallery_thumbnail/xaLqglOdKa.png?v=1547517497555",
    "isCustomThumbnail": 0,
    "builtinTags": [
        "category-work",
        "grid",
        "legend",
        "series-bar",
        "series-line",
        "tooltip"
    ],
    "customTags": [],
    "updaterUserName": "天使第一二"
}