{
    "cid": "xE5-CHrORS",
    "authorUid": "bd-2167612848",
    "authorUserName": "坷拉度",
    "title": "官方地图改版",
    "description": "更改了浮动框和坐标点的设置",
    "latestVersion": 6,
    "alwaysLatest": 1,
    "createTime": "2019-01-16T07:21:26.000Z",
    "lastUpdateTime": "2019-01-16T07:21:26.000Z",
    "auth": 1,
    "uid": "bd-2167612848",
    "publishedVersion": 1,
    "forkFrom": "-",
    "isSpam": 0,
    "version": 1,
    "parentVersion": -1,
    "echartsVersion": "4.2.0",
    "versionCreateTime": "2019-01-16T07:21:26.000Z",
    "html": "",
    "externalScripts": "https://echarts.baidu.com/resource/echarts-gl-latest/dist/echarts-gl.min.js,https://echarts.baidu.com/resource/echarts-stat-latest/dist/ecStat.min.js,/dep/echarts/latest/extension/dataTool.min.js,/dep/echarts/map/js/china.js,/dep/echarts/map/js/world.js,https://api.map.baidu.com/api?v=2.0&ak=ZUONbpqGBsYGXNIYHicvbAbM,/dep/echarts/latest/extension/bmap.min.js",
    "updaterUID": "bd-2167612848",
    "theme": "",
    "layout": "",
    "viewCount": 660,
    "userName": "坷拉度",
    "commentCount": 0,
    "starCount": 2,
    "isStared": 0,
    "thumbnailURL": "https://www.makeapie.com/ecg-storage/ec_gallery_thumbnail/xE5-CHrORS.png?v=1547623286676",
    "isCustomThumbnail": 1,
    "builtinTags": [
        "category-work"
    ],
    "customTags": [
        "map"
    ],
    "updaterUserName": "坷拉度"
}