{
    "cid": "xGVM5KoMv2",
    "authorUid": "bd-135386625",
    "authorUserName": "橙***料",
    "title": "综合得分",
    "description": "",
    "latestVersion": 18,
    "alwaysLatest": 1,
    "createTime": "2019-01-15T05:53:00.000Z",
    "lastUpdateTime": "2019-01-15T05:53:00.000Z",
    "auth": 1,
    "uid": "bd-135386625",
    "publishedVersion": 0,
    "forkFrom": "-",
    "isSpam": 0,
    "version": 18,
    "parentVersion": 17,
    "echartsVersion": "4.9.0",
    "versionCreateTime": "2021-06-06T07:28:09.000Z",
    "html": "",
    "externalScripts": "",
    "updaterUID": "obd-olkp8zx-1Jy3_QMxGpAqKFmVFLHGJ0y",
    "theme": "",
    "layout": "",
    "viewCount": 4752,
    "userName": "橙***料",
    "commentCount": 0,
    "starCount": 21,
    "isStared": 0,
    "thumbnailURL": "https://www.makeapie.com/ecg-storage/ec_gallery_thumbnail/xGVM5KoMv2.png?v=1622964489262",
    "isCustomThumbnail": 0,
    "builtinTags": [
        "category-work",
        "series-gauge"
    ],
    "customTags": [],
    "updaterUserName": "风***年"
}