{
    "cid": "xIfsw1hXp5",
    "authorUid": "bd-388194121",
    "authorUserName": "我很无耻兼白痴",
    "title": "可拖拽的关系图",
    "description": "鼠标移动到 Node上会高亮周边节点\n节点可拖拽",
    "latestVersion": 3,
    "alwaysLatest": 1,
    "createTime": "2019-01-15T02:28:19.000Z",
    "lastUpdateTime": "2019-01-15T02:28:19.000Z",
    "auth": 2,
    "uid": "bd-388194121",
    "publishedVersion": 0,
    "forkFrom": "-",
    "isSpam": 0,
    "version": 3,
    "parentVersion": 2,
    "echartsVersion": "4.2.0",
    "versionCreateTime": "2019-01-15T03:36:13.000Z",
    "html": "",
    "externalScripts": "",
    "updaterUID": "bd-388194121",
    "theme": "",
    "layout": "",
    "viewCount": 702,
    "userName": "我很无耻兼白痴",
    "commentCount": 0,
    "starCount": 1,
    "isStared": 0,
    "thumbnailURL": "https://www.makeapie.com/ecg-storage/ec_gallery_thumbnail/xIfsw1hXp5.png?v=1547523374093",
    "isCustomThumbnail": 0,
    "builtinTags": [
        "category-work",
        "legend",
        "series-graph",
        "title",
        "tooltip"
    ],
    "customTags": [],
    "updaterUserName": "我很无耻兼白痴"
}