{
    "cid": "xnHlgva7lL",
    "authorUid": "bd-3231052437",
    "authorUserName": "谦***秋",
    "title": "出入金",
    "description": "饼图",
    "latestVersion": 1,
    "alwaysLatest": 1,
    "createTime": "2019-01-14T11:42:41.000Z",
    "lastUpdateTime": "2019-01-14T11:42:41.000Z",
    "auth": 1,
    "uid": "bd-3231052437",
    "publishedVersion": 0,
    "forkFrom": "-",
    "isSpam": 0,
    "version": 1,
    "parentVersion": -1,
    "echartsVersion": "4.2.0",
    "versionCreateTime": "2019-01-14T11:42:41.000Z",
    "html": "",
    "externalScripts": "",
    "updaterUID": "bd-3231052437",
    "theme": "",
    "layout": "",
    "viewCount": 60,
    "userName": "谦***秋",
    "commentCount": 0,
    "starCount": 0,
    "isStared": 0,
    "thumbnailURL": "https://www.makeapie.com/ecg-storage/ec_gallery_thumbnail/xnHlgva7lL.png?v=1547466161846",
    "isCustomThumbnail": 0,
    "builtinTags": [
        "category-work",
        "legend",
        "series-pie",
        "tooltip"
    ],
    "customTags": [],
    "updaterUserName": "谦***秋"
}