{
    "cid": "xouvUdT05K",
    "authorUid": "bd-3658046543",
    "authorUserName": "秦***1",
    "title": "柱状图和折线混合",
    "description": "",
    "latestVersion": 4,
    "alwaysLatest": 1,
    "createTime": "2019-01-15T09:27:02.000Z",
    "lastUpdateTime": "2019-01-15T09:27:02.000Z",
    "auth": 2,
    "uid": "bd-3658046543",
    "publishedVersion": 0,
    "forkFrom": "-",
    "isSpam": 0,
    "version": 4,
    "parentVersion": 3,
    "echartsVersion": "4.2.0",
    "versionCreateTime": "2019-01-16T10:03:49.000Z",
    "html": "",
    "externalScripts": "",
    "updaterUID": "bd-3658046543",
    "theme": "",
    "layout": "",
    "viewCount": 58,
    "userName": "秦***1",
    "commentCount": 0,
    "starCount": 0,
    "isStared": 0,
    "thumbnailURL": "https://www.makeapie.com/ecg-storage/ec_gallery_thumbnail/xouvUdT05K.png?v=1547633029131",
    "isCustomThumbnail": 0,
    "builtinTags": [
        "category-work",
        "grid",
        "legend",
        "series-bar",
        "series-line",
        "title",
        "tooltip"
    ],
    "customTags": [],
    "updaterUserName": "秦***1"
}