{
    "cid": "xqa-uzgYRM",
    "authorUid": "bd-3352668763",
    "authorUserName": "6***亚",
    "title": "Graph 简单示例",
    "description": "",
    "latestVersion": 4,
    "alwaysLatest": 1,
    "createTime": "2019-01-16T02:10:09.000Z",
    "lastUpdateTime": "2019-01-16T02:10:09.000Z",
    "auth": 2,
    "uid": "bd-3352668763",
    "publishedVersion": 0,
    "forkFrom": "-",
    "isSpam": 0,
    "version": 4,
    "parentVersion": 3,
    "echartsVersion": "4.2.0",
    "versionCreateTime": "2019-01-16T07:57:20.000Z",
    "html": "",
    "externalScripts": "",
    "updaterUID": "bd-3352668763",
    "theme": "",
    "layout": "",
    "viewCount": 410,
    "userName": "6***亚",
    "commentCount": 0,
    "starCount": 3,
    "isStared": 0,
    "thumbnailURL": "https://www.makeapie.com/ecg-storage/ec_gallery_thumbnail/xqa-uzgYRM.png?v=1547625440752",
    "isCustomThumbnail": 0,
    "builtinTags": [
        "category-work",
        "series-graph",
        "timeline",
        "title",
        "tooltip"
    ],
    "customTags": [],
    "updaterUserName": "6***亚"
}