{
    "cid": "xRmBArhU-f",
    "authorUid": "bd-3684456363",
    "authorUserName": "186******95",
    "title": "Fragrance 2017",
    "description": "",
    "latestVersion": 1,
    "alwaysLatest": 1,
    "createTime": "2019-01-14T16:00:38.000Z",
    "lastUpdateTime": "2019-01-14T16:00:38.000Z",
    "auth": 2,
    "uid": "bd-3684456363",
    "publishedVersion": 0,
    "forkFrom": "-",
    "isSpam": 0,
    "version": 1,
    "parentVersion": -1,
    "echartsVersion": "4.2.0",
    "versionCreateTime": "2019-01-14T16:00:39.000Z",
    "html": "",
    "externalScripts": "",
    "updaterUID": "bd-3684456363",
    "theme": "dark",
    "layout": "",
    "viewCount": 189,
    "userName": "186******95",
    "commentCount": 0,
    "starCount": 0,
    "isStared": 0,
    "thumbnailURL": "https://www.makeapie.com/ecg-storage/ec_gallery_thumbnail/xRmBArhU-f.png?v=1547481640104",
    "isCustomThumbnail": 0,
    "builtinTags": [
        "category-work",
        "series-graph",
        "title",
        "toolbox",
        "tooltip"
    ],
    "customTags": [],
    "updaterUserName": "186******95"
}