{
    "cid": "xW1y0B0wnz",
    "authorUid": "bd-3155085153",
    "authorUserName": "战将莫邪",
    "title": "图表拼接 table",
    "description": "实现 custom类型",
    "latestVersion": 1,
    "alwaysLatest": 1,
    "createTime": "2019-01-15T15:45:25.000Z",
    "lastUpdateTime": "2019-01-15T15:45:25.000Z",
    "auth": 2,
    "uid": "bd-3155085153",
    "publishedVersion": 0,
    "forkFrom": "-",
    "isSpam": 0,
    "version": 1,
    "parentVersion": -1,
    "echartsVersion": "4.2.0",
    "versionCreateTime": "2019-01-15T15:45:25.000Z",
    "html": "",
    "externalScripts": "",
    "updaterUID": "bd-3155085153",
    "theme": "",
    "layout": "",
    "viewCount": 38,
    "userName": "战将莫邪",
    "commentCount": 0,
    "starCount": 0,
    "isStared": 0,
    "thumbnailURL": "https://www.makeapie.com/ecg-storage/ec_gallery_thumbnail/xW1y0B0wnz.png?v=1547567125957",
    "isCustomThumbnail": 0,
    "builtinTags": [
        "category-work",
        "grid",
        "series-custom",
        "tooltip"
    ],
    "customTags": [],
    "updaterUserName": "战将莫邪"
}