{
    "cid": "xx4Zb3yAsx",
    "authorUid": "bd-3155085153",
    "authorUserName": "战将莫邪",
    "title": "总览-各维度满意度",
    "description": "",
    "latestVersion": 1,
    "alwaysLatest": 1,
    "createTime": "2019-01-15T15:44:04.000Z",
    "lastUpdateTime": "2019-01-15T15:44:04.000Z",
    "auth": 2,
    "uid": "bd-3155085153",
    "publishedVersion": 0,
    "forkFrom": "-",
    "isSpam": 0,
    "version": 1,
    "parentVersion": -1,
    "echartsVersion": "4.2.0",
    "versionCreateTime": "2019-01-15T15:44:04.000Z",
    "html": "",
    "externalScripts": "",
    "updaterUID": "bd-3155085153",
    "theme": "",
    "layout": "",
    "viewCount": 132,
    "userName": "战将莫邪",
    "commentCount": 0,
    "starCount": 1,
    "isStared": 0,
    "thumbnailURL": "https://www.makeapie.com/ecg-storage/ec_gallery_thumbnail/xx4Zb3yAsx.png?v=1547567044477",
    "isCustomThumbnail": 0,
    "builtinTags": [
        "category-work",
        "grid",
        "series-pie",
        "title"
    ],
    "customTags": [],
    "updaterUserName": "战将莫邪"
}