{
    "cid": "xymfDnbBRk",
    "authorUid": "bd-1413358150",
    "authorUserName": "灬***o",
    "title": "lg_供销回",
    "description": "",
    "latestVersion": 1,
    "alwaysLatest": 1,
    "createTime": "2019-01-15T08:31:51.000Z",
    "lastUpdateTime": "2019-01-15T08:31:51.000Z",
    "auth": 2,
    "uid": "bd-1413358150",
    "publishedVersion": 0,
    "forkFrom": "-",
    "isSpam": 0,
    "version": 1,
    "parentVersion": -1,
    "echartsVersion": "4.2.0",
    "versionCreateTime": "2019-01-15T08:31:51.000Z",
    "html": "",
    "externalScripts": "",
    "updaterUID": "bd-1413358150",
    "theme": "",
    "layout": "",
    "viewCount": 7,
    "userName": "灬***o",
    "commentCount": 0,
    "starCount": 0,
    "isStared": 0,
    "thumbnailURL": "https://www.makeapie.com/ecg-storage/ec_gallery_thumbnail/xymfDnbBRk.png?v=1547541111669",
    "isCustomThumbnail": 0,
    "builtinTags": [
        "category-work",
        "grid",
        "series-line",
        "title"
    ],
    "customTags": [],
    "updaterUserName": "灬***o"
}