{
    "cid": "xBJw_F5-ef",
    "authorUid": "bd-1939112099",
    "authorUserName": "长***离",
    "title": "雷达图",
    "description": "",
    "latestVersion": 3,
    "alwaysLatest": 1,
    "createTime": "2017-11-21T12:17:51.000Z",
    "lastUpdateTime": "2017-11-21T12:17:51.000Z",
    "auth": 2,
    "uid": "bd-1939112099",
    "publishedVersion": 0,
    "forkFrom": "-",
    "isSpam": 0,
    "version": 3,
    "parentVersion": 2,
    "echartsVersion": "3.8.0",
    "versionCreateTime": "2017-12-01T09:18:02.000Z",
    "html": "",
    "externalScripts": "",
    "updaterUID": "bd-1939112099",
    "theme": "",
    "layout": "",
    "viewCount": 3381,
    "userName": "长***离",
    "commentCount": 0,
    "starCount": 12,
    "isStared": 0,
    "thumbnailURL": "https://www.makeapie.com/ecg-storage/ec_gallery_thumbnail/xBJw_F5-ef.png?v=1512119882742",
    "isCustomThumbnail": 0,
    "builtinTags": [
        "category-work",
        "legend",
        "radar",
        "series-radar"
    ],
    "customTags": [],
    "updaterUserName": "长***离"
}