{
    "cid": "xBk4rNllgG",
    "authorUid": "bd-235553666",
    "authorUserName": "s***2",
    "title": "总体满意度趋势",
    "description": "",
    "latestVersion": 1,
    "alwaysLatest": 1,
    "createTime": "2017-11-20T06:20:44.000Z",
    "lastUpdateTime": "2017-11-20T06:20:44.000Z",
    "auth": 2,
    "uid": "bd-235553666",
    "publishedVersion": 0,
    "forkFrom": "-",
    "isSpam": 0,
    "version": 1,
    "parentVersion": -1,
    "echartsVersion": "3.8.0",
    "versionCreateTime": "2017-11-20T06:20:44.000Z",
    "html": "",
    "externalScripts": "",
    "updaterUID": "bd-235553666",
    "theme": "",
    "layout": "",
    "viewCount": 1145,
    "userName": "s***2",
    "commentCount": 0,
    "starCount": 0,
    "isStared": 0,
    "thumbnailURL": "https://www.makeapie.com/ecg-storage/ec_gallery_thumbnail/xBk4rNllgG.png?v=1511158844594",
    "isCustomThumbnail": 0,
    "builtinTags": [
        "category-work",
        "grid",
        "legend",
        "markPoint",
        "series-line",
        "title",
        "toolbox",
        "tooltip"
    ],
    "customTags": [],
    "updaterUserName": "s***2"
}