{
    "cid": "xByXcv5Zxf",
    "authorUid": "bd-2199483008",
    "authorUserName": "阴***里",
    "title": "多颜色背景折线图修改",
    "description": "",
    "latestVersion": 1,
    "alwaysLatest": 1,
    "createTime": "2017-11-21T12:09:47.000Z",
    "lastUpdateTime": "2017-11-21T12:09:47.000Z",
    "auth": 2,
    "uid": "bd-2199483008",
    "publishedVersion": 0,
    "forkFrom": "-",
    "isSpam": 0,
    "version": 1,
    "parentVersion": -1,
    "echartsVersion": "3.8.0",
    "versionCreateTime": "2017-11-21T12:09:47.000Z",
    "html": "",
    "externalScripts": "",
    "updaterUID": "bd-2199483008",
    "theme": "",
    "layout": "",
    "viewCount": 1862,
    "userName": "阴***里",
    "commentCount": 0,
    "starCount": 6,
    "isStared": 0,
    "thumbnailURL": "https://www.makeapie.com/ecg-storage/ec_gallery_thumbnail/xByXcv5Zxf.png?v=1511266187462",
    "isCustomThumbnail": 0,
    "builtinTags": [
        "category-work",
        "dataZoom",
        "grid",
        "legend",
        "markArea",
        "markPoint",
        "series-line",
        "title",
        "toolbox",
        "tooltip"
    ],
    "customTags": [],
    "updaterUserName": "阴***里"
}