{
    "cid": "xH1IWP9MeG",
    "authorUid": "bd-17744747",
    "authorUserName": "无理熊",
    "title": "堆叠区域图",
    "description": "",
    "latestVersion": 2,
    "alwaysLatest": 1,
    "createTime": "2017-11-22T06:19:41.000Z",
    "lastUpdateTime": "2017-11-22T06:20:27.000Z",
    "auth": 2,
    "uid": "bd-17744747",
    "publishedVersion": 0,
    "forkFrom": "-",
    "isSpam": 0,
    "version": 2,
    "parentVersion": 1,
    "echartsVersion": "3.8.0",
    "versionCreateTime": "2017-11-22T07:01:46.000Z",
    "html": "",
    "externalScripts": "",
    "updaterUID": "bd-17744747",
    "theme": "macarons",
    "layout": "",
    "viewCount": 425,
    "userName": "无理熊",
    "commentCount": 0,
    "starCount": 2,
    "isStared": 0,
    "thumbnailURL": "https://www.makeapie.com/ecg-storage/ec_gallery_thumbnail/xH1IWP9MeG.png?v=1511334106325",
    "isCustomThumbnail": 0,
    "builtinTags": [
        "category-work",
        "grid",
        "legend",
        "series-line",
        "title",
        "tooltip"
    ],
    "customTags": [],
    "updaterUserName": "无理熊"
}