{
    "cid": "xH1ulqZZgf",
    "authorUid": "bd-432888987",
    "authorUserName": "150*****969",
    "title": "股票",
    "description": "纯属虚构",
    "latestVersion": 7,
    "alwaysLatest": 1,
    "createTime": "2017-11-21T02:05:36.000Z",
    "lastUpdateTime": "2017-11-21T02:05:36.000Z",
    "auth": 2,
    "uid": "bd-432888987",
    "publishedVersion": 0,
    "forkFrom": "-",
    "isSpam": 0,
    "version": 7,
    "parentVersion": 5,
    "echartsVersion": "3.8.0",
    "versionCreateTime": "2017-11-22T08:39:32.000Z",
    "html": "",
    "externalScripts": "",
    "updaterUID": "bd-432888987",
    "theme": "",
    "layout": "",
    "viewCount": 553,
    "userName": "150*****969",
    "commentCount": 0,
    "starCount": 2,
    "isStared": 0,
    "thumbnailURL": "https://www.makeapie.com/ecg-storage/ec_gallery_thumbnail/xH1ulqZZgf.png?v=1511339972795",
    "isCustomThumbnail": 0,
    "builtinTags": [
        "category-work",
        "grid",
        "markLine",
        "series-line",
        "title",
        "tooltip"
    ],
    "customTags": [],
    "updaterUserName": "150*****969"
}