{
    "cid": "xHyEaujZlM",
    "authorUid": "bd-2647647297",
    "authorUserName": "goshiqingsong",
    "title": "作业",
    "description": "",
    "latestVersion": 1,
    "alwaysLatest": 1,
    "createTime": "2017-11-21T13:23:08.000Z",
    "lastUpdateTime": "2017-11-21T13:23:08.000Z",
    "auth": 2,
    "uid": "bd-2647647297",
    "publishedVersion": 0,
    "forkFrom": "-",
    "isSpam": 0,
    "version": 1,
    "parentVersion": -1,
    "echartsVersion": "3.8.0",
    "versionCreateTime": "2017-11-21T13:23:08.000Z",
    "html": "",
    "externalScripts": "",
    "updaterUID": "bd-2647647297",
    "theme": "",
    "layout": "",
    "viewCount": 51,
    "userName": "goshiqingsong",
    "commentCount": 0,
    "starCount": 0,
    "isStared": 0,
    "thumbnailURL": "https://www.makeapie.com/ecg-storage/ec_gallery_thumbnail/xHyEaujZlM.undefined?v=",
    "isCustomThumbnail": 0,
    "builtinTags": [
        "category-work"
    ],
    "customTags": [],
    "updaterUserName": "goshiqingsong"
}