{
    "cid": "xrJXLrIZez",
    "authorUid": "bd-2802325258",
    "authorUserName": "达***奇",
    "title": "渐变横向柱状图",
    "description": "",
    "latestVersion": 1,
    "alwaysLatest": 1,
    "createTime": "2017-11-21T07:27:07.000Z",
    "lastUpdateTime": "2017-11-21T07:27:07.000Z",
    "auth": 2,
    "uid": "bd-2802325258",
    "publishedVersion": 0,
    "forkFrom": "-",
    "isSpam": 0,
    "version": 1,
    "parentVersion": -1,
    "echartsVersion": "3.8.0",
    "versionCreateTime": "2017-11-21T07:27:07.000Z",
    "html": "",
    "externalScripts": "",
    "updaterUID": "bd-2802325258",
    "theme": "",
    "layout": "",
    "viewCount": 352,
    "userName": "达***奇",
    "commentCount": 0,
    "starCount": 3,
    "isStared": 0,
    "thumbnailURL": "https://www.makeapie.com/ecg-storage/ec_gallery_thumbnail/xrJXLrIZez.png?v=1511249227281",
    "isCustomThumbnail": 0,
    "builtinTags": [
        "category-work",
        "grid",
        "series-bar",
        "tooltip"
    ],
    "customTags": [],
    "updaterUserName": "达***奇"
}