{
    "cid": "xrkb2pe1ez",
    "authorUid": "bd-4044629902",
    "authorUserName": "z***z",
    "title": "练习",
    "description": "",
    "latestVersion": 55,
    "alwaysLatest": 1,
    "createTime": "2017-11-19T12:48:40.000Z",
    "lastUpdateTime": "2017-11-19T12:48:40.000Z",
    "auth": 2,
    "uid": "bd-4044629902",
    "publishedVersion": 0,
    "forkFrom": "-",
    "isSpam": 0,
    "version": 55,
    "parentVersion": 54,
    "echartsVersion": "3.8.0",
    "versionCreateTime": "2019-04-09T13:35:25.000Z",
    "html": "",
    "externalScripts": "/dep/echarts/map/js/china.js,https://echarts.baidu.com/resource/echarts-gl-latest/dist/echarts-gl.min.js,/dep/echarts/latest/extension/bmap.min.js,/dep/echarts/map/js/world.js,https://api.mapbox.com/mapbox-gl-js/v0.38.0/mapbox-gl.js",
    "updaterUID": "bd-4044629902",
    "theme": "",
    "layout": "",
    "viewCount": 981,
    "userName": "z***z",
    "commentCount": 0,
    "starCount": 2,
    "isStared": 0,
    "thumbnailURL": "https://www.makeapie.com/ecg-storage/ec_gallery_thumbnail/xrkb2pe1ez.png?v=1554816925666",
    "isCustomThumbnail": 0,
    "builtinTags": [
        "category-work",
        "geo3D",
        "legend",
        "series-bar3D",
        "timeline",
        "title",
        "tooltip",
        "visualMap"
    ],
    "customTags": [],
    "updaterUserName": "z***z"
}