{
    "cid": "xrklfTLRyz",
    "authorUid": "bd-1075817977",
    "authorUserName": "7***2",
    "title": "学历分布",
    "description": "饼图",
    "latestVersion": 2,
    "alwaysLatest": 1,
    "createTime": "2017-11-19T01:23:19.000Z",
    "lastUpdateTime": "2017-11-19T01:23:19.000Z",
    "auth": 2,
    "uid": "bd-1075817977",
    "publishedVersion": 0,
    "forkFrom": "-",
    "isSpam": 0,
    "version": 2,
    "parentVersion": 1,
    "echartsVersion": "3.8.0",
    "versionCreateTime": "2017-11-27T01:10:17.000Z",
    "html": "",
    "externalScripts": "",
    "updaterUID": "bd-1075817977",
    "theme": "",
    "layout": "",
    "viewCount": 312,
    "userName": "7***2",
    "commentCount": 0,
    "starCount": 5,
    "isStared": 0,
    "thumbnailURL": "https://www.makeapie.com/ecg-storage/ec_gallery_thumbnail/xrklfTLRyz.png?v=1511745017723",
    "isCustomThumbnail": 0,
    "builtinTags": [
        "category-work",
        "legend",
        "series-pie",
        "tooltip"
    ],
    "customTags": [],
    "updaterUserName": "7***2"
}