{
    "cid": "xrkqwa8eef",
    "authorUid": "bd-3074578327",
    "authorUserName": "一往而深天蝎座",
    "title": "Graph 节点阴影、节点径向渐变、节点边框",
    "description": "",
    "latestVersion": 1,
    "alwaysLatest": 1,
    "createTime": "2017-11-20T13:49:21.000Z",
    "lastUpdateTime": "2017-11-20T13:49:21.000Z",
    "auth": 2,
    "uid": "bd-3074578327",
    "publishedVersion": 0,
    "forkFrom": "-",
    "isSpam": 0,
    "version": 1,
    "parentVersion": -1,
    "echartsVersion": "3.8.0",
    "versionCreateTime": "2017-11-20T13:49:21.000Z",
    "html": "",
    "externalScripts": "",
    "updaterUID": "bd-3074578327",
    "theme": "",
    "layout": "",
    "viewCount": 862,
    "userName": "一往而深天蝎座",
    "commentCount": 0,
    "starCount": 0,
    "isStared": 0,
    "thumbnailURL": "https://www.makeapie.com/ecg-storage/ec_gallery_thumbnail/xrkqwa8eef.png?v=1511185761679",
    "isCustomThumbnail": 0,
    "builtinTags": [
        "category-work",
        "series-graph",
        "title",
        "tooltip"
    ],
    "customTags": [],
    "updaterUserName": "一往而深天蝎座"
}