{
    "cid": "xrkZLcXZgM",
    "authorUid": "bd-355675802",
    "authorUserName": "自在店小二",
    "title": "可视化作业",
    "description": "",
    "latestVersion": 2,
    "alwaysLatest": 1,
    "createTime": "2017-11-21T04:23:36.000Z",
    "lastUpdateTime": "2017-11-21T04:23:36.000Z",
    "auth": 2,
    "uid": "bd-355675802",
    "publishedVersion": 0,
    "forkFrom": "-",
    "isSpam": 0,
    "version": 2,
    "parentVersion": 1,
    "echartsVersion": "3.8.0",
    "versionCreateTime": "2017-11-21T04:34:25.000Z",
    "html": "",
    "externalScripts": "",
    "updaterUID": "bd-355675802",
    "theme": "",
    "layout": "",
    "viewCount": 38,
    "userName": "自在店小二",
    "commentCount": 0,
    "starCount": 0,
    "isStared": 0,
    "thumbnailURL": "https://www.makeapie.com/ecg-storage/ec_gallery_thumbnail/xrkZLcXZgM.png?v=1511238865753",
    "isCustomThumbnail": 0,
    "builtinTags": [
        "category-work",
        "series-effectScatter",
        "series-scatter",
        "title",
        "tooltip"
    ],
    "customTags": [],
    "updaterUserName": "自在店小二"
}