{
    "cid": "xS1C9EGxxf",
    "authorUid": "bd-2452356765",
    "authorUserName": "青春流泪的诗p",
    "title": "",
    "description": "",
    "latestVersion": 1,
    "alwaysLatest": 1,
    "createTime": "2017-11-20T08:38:46.000Z",
    "lastUpdateTime": "2017-11-20T08:38:46.000Z",
    "auth": 2,
    "uid": "bd-2452356765",
    "publishedVersion": 0,
    "forkFrom": "-",
    "isSpam": 0,
    "version": 1,
    "parentVersion": -1,
    "echartsVersion": "3.8.0",
    "versionCreateTime": "2017-11-20T08:38:46.000Z",
    "html": "",
    "externalScripts": "",
    "updaterUID": "bd-2452356765",
    "theme": "",
    "layout": "",
    "viewCount": 31,
    "userName": "青春流泪的诗p",
    "commentCount": 0,
    "starCount": 0,
    "isStared": 0,
    "thumbnailURL": "https://www.makeapie.com/ecg-storage/ec_gallery_thumbnail/xS1C9EGxxf.png?v=1511167126422",
    "isCustomThumbnail": 0,
    "builtinTags": [
        "category-work",
        "legend",
        "series-pie",
        "tooltip"
    ],
    "customTags": [],
    "updaterUserName": "青春流泪的诗p"
}