{
    "cid": "xS1WI-mexG",
    "authorUid": "bd-3898251746",
    "authorUserName": "尤学谦",
    "title": "饼图",
    "description": "",
    "latestVersion": 8,
    "alwaysLatest": 1,
    "createTime": "2017-11-20T09:32:57.000Z",
    "lastUpdateTime": "2017-11-20T09:32:57.000Z",
    "auth": 2,
    "uid": "bd-3898251746",
    "publishedVersion": 0,
    "forkFrom": "-",
    "isSpam": 0,
    "version": 8,
    "parentVersion": 7,
    "echartsVersion": "3.8.0",
    "versionCreateTime": "2017-11-24T01:05:47.000Z",
    "html": "",
    "externalScripts": "",
    "updaterUID": "bd-3898251746",
    "theme": "",
    "layout": "",
    "viewCount": 193,
    "userName": "尤学谦",
    "commentCount": 0,
    "starCount": 2,
    "isStared": 0,
    "thumbnailURL": "https://www.makeapie.com/ecg-storage/ec_gallery_thumbnail/xS1WI-mexG.png?v=1511485547500",
    "isCustomThumbnail": 0,
    "builtinTags": [
        "category-work",
        "legend",
        "series-pie",
        "title",
        "tooltip"
    ],
    "customTags": [],
    "updaterUserName": "尤学谦"
}