{
    "cid": "xSJEThxggG",
    "authorUid": "bd-235553666",
    "authorUserName": "s***2",
    "title": "",
    "description": "bar2",
    "latestVersion": 1,
    "alwaysLatest": 1,
    "createTime": "2017-11-20T06:57:00.000Z",
    "lastUpdateTime": "2017-11-20T06:57:00.000Z",
    "auth": 2,
    "uid": "bd-235553666",
    "publishedVersion": 0,
    "forkFrom": "-",
    "isSpam": 0,
    "version": 1,
    "parentVersion": -1,
    "echartsVersion": "3.8.0",
    "versionCreateTime": "2017-11-20T06:57:00.000Z",
    "html": "",
    "externalScripts": "",
    "updaterUID": "bd-235553666",
    "theme": "macarons",
    "layout": "",
    "viewCount": 194,
    "userName": "s***2",
    "commentCount": 0,
    "starCount": 1,
    "isStared": 0,
    "thumbnailURL": "https://www.makeapie.com/ecg-storage/ec_gallery_thumbnail/xSJEThxggG.png?v=1511161020194",
    "isCustomThumbnail": 0,
    "builtinTags": [
        "category-work",
        "graphic",
        "grid",
        "legend",
        "series-bar",
        "title",
        "tooltip"
    ],
    "customTags": [],
    "updaterUserName": "s***2"
}