{
    "cid": "xSJO0OWllG",
    "authorUid": "bd-3898251746",
    "authorUserName": "尤学谦",
    "title": "echarts学习",
    "description": "",
    "latestVersion": 3,
    "alwaysLatest": 1,
    "createTime": "2017-11-20T07:48:31.000Z",
    "lastUpdateTime": "2017-11-20T07:48:31.000Z",
    "auth": 2,
    "uid": "bd-3898251746",
    "publishedVersion": 0,
    "forkFrom": "-",
    "isSpam": 0,
    "version": 3,
    "parentVersion": 2,
    "echartsVersion": "3.8.0",
    "versionCreateTime": "2017-11-20T09:03:00.000Z",
    "html": "",
    "externalScripts": "",
    "updaterUID": "bd-3898251746",
    "theme": "",
    "layout": "",
    "viewCount": 228,
    "userName": "尤学谦",
    "commentCount": 0,
    "starCount": 2,
    "isStared": 0,
    "thumbnailURL": "https://www.makeapie.com/ecg-storage/ec_gallery_thumbnail/xSJO0OWllG.png?v=1511168580330",
    "isCustomThumbnail": 0,
    "builtinTags": [
        "category-work",
        "grid",
        "legend",
        "markLine",
        "series-line",
        "title"
    ],
    "customTags": [],
    "updaterUserName": "尤学谦"
}