{
    "cid": "xBy6yS7xPG",
    "authorUid": "bd-724191902",
    "authorUserName": "房房house",
    "title": "资产柱形图",
    "description": "",
    "latestVersion": 2,
    "alwaysLatest": 1,
    "createTime": "2018-02-13T08:42:12.000Z",
    "lastUpdateTime": "2018-02-13T08:42:12.000Z",
    "auth": 2,
    "uid": "bd-724191902",
    "publishedVersion": 0,
    "forkFrom": "-",
    "isSpam": 0,
    "version": 2,
    "parentVersion": 1,
    "echartsVersion": "3.8.0",
    "versionCreateTime": "2018-02-14T01:13:38.000Z",
    "html": "",
    "externalScripts": "",
    "updaterUID": "bd-724191902",
    "theme": "",
    "layout": "",
    "viewCount": 1794,
    "userName": "房房house",
    "commentCount": 0,
    "starCount": 8,
    "isStared": 0,
    "thumbnailURL": "https://www.makeapie.com/ecg-storage/ec_gallery_thumbnail/xBy6yS7xPG.png?v=1518570818465",
    "isCustomThumbnail": 0,
    "builtinTags": [
        "category-work",
        "grid",
        "legend",
        "series-bar",
        "tooltip"
    ],
    "customTags": [],
    "updaterUserName": "房房house"
}