{
    "cid": "xByl8h-_wM",
    "authorUid": "bd-442035385",
    "authorUserName": "小***了",
    "title": "北京2009年-2016年空气质量情况",
    "description": "数据来源：美国驻华大使馆官网",
    "latestVersion": 1,
    "alwaysLatest": 1,
    "createTime": "2018-02-19T08:35:19.000Z",
    "lastUpdateTime": "2018-02-19T08:35:19.000Z",
    "auth": 2,
    "uid": "bd-442035385",
    "publishedVersion": 0,
    "forkFrom": "-",
    "isSpam": 0,
    "version": 1,
    "parentVersion": -1,
    "echartsVersion": "3.8.0",
    "versionCreateTime": "2018-02-19T08:35:19.000Z",
    "html": "",
    "externalScripts": "",
    "updaterUID": "bd-442035385",
    "theme": "",
    "layout": "",
    "viewCount": 315,
    "userName": "小***了",
    "commentCount": 0,
    "starCount": 1,
    "isStared": 0,
    "thumbnailURL": "https://www.makeapie.com/ecg-storage/ec_gallery_thumbnail/xByl8h-_wM.png?v=1519029319874",
    "isCustomThumbnail": 0,
    "builtinTags": [
        "category-work",
        "grid",
        "legend",
        "series-line",
        "title",
        "tooltip"
    ],
    "customTags": [],
    "updaterUserName": "小***了"
}