{
    "cid": "xByYFKf-DM",
    "authorUid": "bd-724191902",
    "authorUserName": "房房house",
    "title": "与上月比较",
    "description": "",
    "latestVersion": 2,
    "alwaysLatest": 1,
    "createTime": "2018-02-14T02:05:52.000Z",
    "lastUpdateTime": "2018-02-14T02:05:52.000Z",
    "auth": 2,
    "uid": "bd-724191902",
    "publishedVersion": 0,
    "forkFrom": "-",
    "isSpam": 0,
    "version": 2,
    "parentVersion": 1,
    "echartsVersion": "3.8.0",
    "versionCreateTime": "2018-02-22T01:31:28.000Z",
    "html": "",
    "externalScripts": "",
    "updaterUID": "bd-724191902",
    "theme": "",
    "layout": "",
    "viewCount": 171,
    "userName": "房房house",
    "commentCount": 0,
    "starCount": 3,
    "isStared": 0,
    "thumbnailURL": "https://www.makeapie.com/ecg-storage/ec_gallery_thumbnail/xByYFKf-DM.png?v=1519263088672",
    "isCustomThumbnail": 0,
    "builtinTags": [
        "category-work",
        "grid",
        "legend",
        "series-bar",
        "tooltip"
    ],
    "customTags": [],
    "updaterUserName": "房房house"
}