{
    "cid": "xH1UpcwHwz",
    "authorUid": "bd-3154978485",
    "authorUserName": "t***0",
    "title": "historyzoom",
    "description": "年代缩放的历史事件图",
    "latestVersion": 3,
    "alwaysLatest": 1,
    "createTime": "2018-02-17T08:41:34.000Z",
    "lastUpdateTime": "2018-02-17T08:41:34.000Z",
    "auth": 2,
    "uid": "bd-3154978485",
    "publishedVersion": 0,
    "forkFrom": "-",
    "isSpam": 0,
    "version": 3,
    "parentVersion": 2,
    "echartsVersion": "3.8.0",
    "versionCreateTime": "2018-02-17T09:35:16.000Z",
    "html": "",
    "externalScripts": "",
    "updaterUID": "bd-3154978485",
    "theme": "",
    "layout": "",
    "viewCount": 1124,
    "userName": "t***0",
    "commentCount": 0,
    "starCount": 6,
    "isStared": 0,
    "thumbnailURL": "https://www.makeapie.com/ecg-storage/ec_gallery_thumbnail/xH1UpcwHwz.png?v=1518856894590",
    "isCustomThumbnail": 1,
    "builtinTags": [
        "category-work",
        "dataZoom",
        "grid",
        "legend",
        "series-scatter",
        "toolbox",
        "tooltip",
        "visualMap"
    ],
    "customTags": [],
    "updaterUserName": "t***0"
}