{
    "cid": "xHJ_R4PpPM",
    "authorUid": "bd-554101963",
    "authorUserName": "邵武公吕归尘",
    "title": "普通饼图",
    "description": "",
    "latestVersion": 1,
    "alwaysLatest": 1,
    "createTime": "2018-02-23T09:54:24.000Z",
    "lastUpdateTime": "2018-02-23T09:54:24.000Z",
    "auth": 2,
    "uid": "bd-554101963",
    "publishedVersion": 0,
    "forkFrom": "-",
    "isSpam": 0,
    "version": 1,
    "parentVersion": -1,
    "echartsVersion": "3.8.0",
    "versionCreateTime": "2018-02-23T09:54:24.000Z",
    "html": "",
    "externalScripts": "",
    "updaterUID": "bd-554101963",
    "theme": "",
    "layout": "",
    "viewCount": 54,
    "userName": "邵武公吕归尘",
    "commentCount": 0,
    "starCount": 1,
    "isStared": 0,
    "thumbnailURL": "https://www.makeapie.com/ecg-storage/ec_gallery_thumbnail/xHJ_R4PpPM.png?v=1519379664361",
    "isCustomThumbnail": 0,
    "builtinTags": [
        "category-work",
        "legend",
        "series-pie",
        "tooltip"
    ],
    "customTags": [],
    "updaterUserName": "邵武公吕归尘"
}