{
    "cid": "xHJeXzU0vG",
    "authorUid": "bd-1614414908",
    "authorUserName": "左耳suca",
    "title": "媒体号3",
    "description": "",
    "latestVersion": 2,
    "alwaysLatest": 1,
    "createTime": "2018-02-24T02:46:48.000Z",
    "lastUpdateTime": "2018-02-24T02:46:48.000Z",
    "auth": 2,
    "uid": "bd-1614414908",
    "publishedVersion": 0,
    "forkFrom": "-",
    "isSpam": 0,
    "version": 2,
    "parentVersion": 1,
    "echartsVersion": "3.8.0",
    "versionCreateTime": "2018-02-24T07:17:02.000Z",
    "html": "",
    "externalScripts": "",
    "updaterUID": "bd-1614414908",
    "theme": "",
    "layout": "",
    "viewCount": 66,
    "userName": "左耳suca",
    "commentCount": 0,
    "starCount": 0,
    "isStared": 0,
    "thumbnailURL": "https://www.makeapie.com/ecg-storage/ec_gallery_thumbnail/xHJeXzU0vG.png?v=1519456623075",
    "isCustomThumbnail": 0,
    "builtinTags": [
        "category-work",
        "legend",
        "series-pie",
        "tooltip"
    ],
    "customTags": [],
    "updaterUserName": "左耳suca"
}