{
    "cid": "xHy3zKBRPG",
    "authorUid": "bd-1864516252",
    "authorUserName": "W还没睡醒",
    "title": "动态数据 + 时间坐标轴",
    "description": "",
    "latestVersion": 1,
    "alwaysLatest": 1,
    "createTime": "2018-02-24T02:08:19.000Z",
    "lastUpdateTime": "2018-02-24T02:08:19.000Z",
    "auth": 2,
    "uid": "bd-1864516252",
    "publishedVersion": 0,
    "forkFrom": "-",
    "isSpam": 0,
    "version": 1,
    "parentVersion": -1,
    "echartsVersion": "3.8.0",
    "versionCreateTime": "2018-02-24T02:08:19.000Z",
    "html": "",
    "externalScripts": "",
    "updaterUID": "bd-1864516252",
    "theme": "",
    "layout": "",
    "viewCount": 689,
    "userName": "W还没睡醒",
    "commentCount": 0,
    "starCount": 0,
    "isStared": 0,
    "thumbnailURL": "https://www.makeapie.com/ecg-storage/ec_gallery_thumbnail/xHy3zKBRPG.png?v=1519438100160",
    "isCustomThumbnail": 0,
    "builtinTags": [
        "category-work",
        "grid",
        "series-gauge",
        "series-line",
        "title",
        "tooltip"
    ],
    "customTags": [],
    "updaterUserName": "W还没睡醒"
}