{
    "cid": "xr1DVdUaDf",
    "authorUid": "bd-554101963",
    "authorUserName": "邵武公吕归尘",
    "title": "双层仪表盘",
    "description": "",
    "latestVersion": 2,
    "alwaysLatest": 1,
    "createTime": "2018-02-23T09:00:30.000Z",
    "lastUpdateTime": "2018-02-23T09:00:30.000Z",
    "auth": 2,
    "uid": "bd-554101963",
    "publishedVersion": 0,
    "forkFrom": "-",
    "isSpam": 0,
    "version": 2,
    "parentVersion": 1,
    "echartsVersion": "3.8.0",
    "versionCreateTime": "2018-02-23T09:00:43.000Z",
    "html": "",
    "externalScripts": "",
    "updaterUID": "bd-554101963",
    "theme": "",
    "layout": "",
    "viewCount": 1167,
    "userName": "邵武公吕归尘",
    "commentCount": 0,
    "starCount": 2,
    "isStared": 0,
    "thumbnailURL": "https://www.makeapie.com/ecg-storage/ec_gallery_thumbnail/xr1DVdUaDf.png?v=1519376443170",
    "isCustomThumbnail": 0,
    "builtinTags": [
        "category-work",
        "series-gauge",
        "tooltip"
    ],
    "customTags": [],
    "updaterUserName": "邵武公吕归尘"
}