{
    "cid": "xr1hUq-2wz",
    "authorUid": "bd-2986751596",
    "authorUserName": "wenbin5243",
    "title": "某站点用户访问来源",
    "description": "纯属虚构",
    "latestVersion": 6,
    "alwaysLatest": 1,
    "createTime": "2018-02-22T09:16:04.000Z",
    "lastUpdateTime": "2018-02-22T09:16:04.000Z",
    "auth": 2,
    "uid": "bd-2986751596",
    "publishedVersion": 0,
    "forkFrom": "-",
    "isSpam": 0,
    "version": 6,
    "parentVersion": 5,
    "echartsVersion": "3.8.0",
    "versionCreateTime": "2018-02-23T09:55:44.000Z",
    "html": "",
    "externalScripts": "",
    "updaterUID": "bd-2986751596",
    "theme": "",
    "layout": "",
    "viewCount": 47,
    "userName": "wenbin5243",
    "commentCount": 0,
    "starCount": 0,
    "isStared": 0,
    "thumbnailURL": "https://www.makeapie.com/ecg-storage/ec_gallery_thumbnail/xr1hUq-2wz.png?v=1519379744758",
    "isCustomThumbnail": 0,
    "builtinTags": [
        "category-work",
        "legend",
        "series-pie",
        "title",
        "tooltip"
    ],
    "customTags": [],
    "updaterUserName": "wenbin5243"
}