{
    "cid": "xryaiT9Tvf",
    "authorUid": "bd-554101963",
    "authorUserName": "邵武公吕归尘",
    "title": "百分比",
    "description": "",
    "latestVersion": 1,
    "alwaysLatest": 1,
    "createTime": "2018-02-23T13:56:52.000Z",
    "lastUpdateTime": "2018-03-04T04:51:50.000Z",
    "auth": 2,
    "uid": "bd-554101963",
    "publishedVersion": 0,
    "forkFrom": "-",
    "isSpam": 0,
    "version": 1,
    "parentVersion": -1,
    "echartsVersion": "3.8.0",
    "versionCreateTime": "2018-02-23T13:56:52.000Z",
    "html": "",
    "externalScripts": "",
    "updaterUID": "bd-554101963",
    "theme": "macarons",
    "layout": "",
    "viewCount": 99,
    "userName": "邵武公吕归尘",
    "commentCount": 0,
    "starCount": 1,
    "isStared": 0,
    "thumbnailURL": "https://www.makeapie.com/ecg-storage/ec_gallery_thumbnail/xryaiT9Tvf.png?v=1519394212842",
    "isCustomThumbnail": 0,
    "builtinTags": [],
    "customTags": [],
    "updaterUserName": "邵武公吕归尘"
}