{
    "cid": "xryq1SbiDf",
    "authorUid": "bd-442035385",
    "authorUserName": "小***了",
    "title": "2015年中国地级市单位土地产出",
    "description": "单位产出等于各市GDP除以各市面积",
    "latestVersion": 8,
    "alwaysLatest": 1,
    "createTime": "2018-02-21T14:40:33.000Z",
    "lastUpdateTime": "2018-02-21T14:40:33.000Z",
    "auth": 2,
    "uid": "bd-442035385",
    "publishedVersion": 0,
    "forkFrom": "-",
    "isSpam": 0,
    "version": 8,
    "parentVersion": 7,
    "echartsVersion": "3.8.0",
    "versionCreateTime": "2018-03-12T16:37:42.000Z",
    "html": "",
    "externalScripts": "",
    "updaterUID": "bd-442035385",
    "theme": "",
    "layout": "",
    "viewCount": 24159,
    "userName": "小***了",
    "commentCount": 23,
    "starCount": 35,
    "isStared": 0,
    "thumbnailURL": "https://www.makeapie.com/ecg-storage/ec_gallery_thumbnail/xryq1SbiDf.png?v=1520872662421",
    "isCustomThumbnail": 0,
    "builtinTags": [
        "category-work",
        "series-map",
        "title",
        "toolbox",
        "tooltip",
        "visualMap"
    ],
    "customTags": [],
    "updaterUserName": "小***了"
}