{
    "cid": "xS1zfgpkDM",
    "authorUid": "bd-302938643",
    "authorUserName": "mingtao0827",
    "title": "客户分析指数",
    "description": "",
    "latestVersion": 2,
    "alwaysLatest": 1,
    "createTime": "2018-02-13T01:31:54.000Z",
    "lastUpdateTime": "2018-02-13T01:31:54.000Z",
    "auth": 2,
    "uid": "bd-302938643",
    "publishedVersion": 0,
    "forkFrom": "-",
    "isSpam": 0,
    "version": 2,
    "parentVersion": 1,
    "echartsVersion": "3.8.0",
    "versionCreateTime": "2018-02-13T01:33:06.000Z",
    "html": "",
    "externalScripts": "",
    "updaterUID": "bd-302938643",
    "theme": "",
    "layout": "",
    "viewCount": 2186,
    "userName": "mingtao0827",
    "commentCount": 0,
    "starCount": 10,
    "isStared": 0,
    "thumbnailURL": "https://www.makeapie.com/ecg-storage/ec_gallery_thumbnail/xS1zfgpkDM.png?v=1518485586911",
    "isCustomThumbnail": 0,
    "builtinTags": [
        "category-work",
        "grid",
        "legend",
        "series-bar",
        "series-gauge",
        "title",
        "toolbox",
        "tooltip"
    ],
    "customTags": [],
    "updaterUserName": "mingtao0827"
}