{
    "cid": "xSJxAjOaPz",
    "authorUid": "bd-1614414908",
    "authorUserName": "左耳suca",
    "title": "媒体号2",
    "description": "",
    "latestVersion": 4,
    "alwaysLatest": 1,
    "createTime": "2018-02-23T11:32:24.000Z",
    "lastUpdateTime": "2018-02-23T11:32:24.000Z",
    "auth": 2,
    "uid": "bd-1614414908",
    "publishedVersion": 0,
    "forkFrom": "-",
    "isSpam": 0,
    "version": 4,
    "parentVersion": 3,
    "echartsVersion": "3.8.0",
    "versionCreateTime": "2018-02-24T07:12:07.000Z",
    "html": "",
    "externalScripts": "",
    "updaterUID": "bd-1614414908",
    "theme": "",
    "layout": "",
    "viewCount": 51,
    "userName": "左耳suca",
    "commentCount": 0,
    "starCount": 0,
    "isStared": 0,
    "thumbnailURL": "https://www.makeapie.com/ecg-storage/ec_gallery_thumbnail/xSJxAjOaPz.png?v=1519456328107",
    "isCustomThumbnail": 0,
    "builtinTags": [
        "category-work",
        "legend",
        "series-pie",
        "tooltip"
    ],
    "customTags": [],
    "updaterUserName": "左耳suca"
}