{
    "cid": "xSyMdovTDM",
    "authorUid": "bd-554101963",
    "authorUserName": "邵武公吕归尘",
    "title": "多环图+点击事件",
    "description": "",
    "latestVersion": 5,
    "alwaysLatest": 1,
    "createTime": "2018-02-23T10:22:34.000Z",
    "lastUpdateTime": "2018-02-23T10:22:34.000Z",
    "auth": 2,
    "uid": "bd-554101963",
    "publishedVersion": 0,
    "forkFrom": "-",
    "isSpam": 0,
    "version": 5,
    "parentVersion": 3,
    "echartsVersion": "3.8.0",
    "versionCreateTime": "2018-02-23T10:36:45.000Z",
    "html": "",
    "externalScripts": "",
    "updaterUID": "bd-554101963",
    "theme": "",
    "layout": "",
    "viewCount": 239,
    "userName": "邵武公吕归尘",
    "commentCount": 0,
    "starCount": 0,
    "isStared": 0,
    "thumbnailURL": "https://www.makeapie.com/ecg-storage/ec_gallery_thumbnail/xSyMdovTDM.png?v=1519382205331",
    "isCustomThumbnail": 0,
    "builtinTags": [
        "category-work",
        "legend",
        "series-pie",
        "title",
        "toolbox"
    ],
    "customTags": [],
    "updaterUserName": "邵武公吕归尘"
}