{
    "cid": "x-dWdnf7sK",
    "authorUid": "obd-olmpUHyYeGXwuuZXGiz5XEVqljv9201",
    "authorUserName": "可***m",
    "title": "污染物排放",
    "description": "",
    "latestVersion": 4,
    "alwaysLatest": 0,
    "createTime": "2021-07-07T09:35:07.000Z",
    "lastUpdateTime": "2021-07-07T13:55:23.000Z",
    "auth": 2,
    "uid": "obd-olmpUHyYeGXwuuZXGiz5XEVqljv9201",
    "publishedVersion": 0,
    "forkFrom": "-",
    "isSpam": 0,
    "version": 4,
    "parentVersion": 3,
    "echartsVersion": "5.1.2",
    "versionCreateTime": "2021-07-07T13:55:23.000Z",
    "html": "",
    "externalScripts": "/dep/echarts/map/js/china.js,https://echarts.baidu.com/resource/echarts-gl-latest/dist/echarts-gl.min.js",
    "updaterUID": "obd-olmpUHyYeGXwuuZXGiz5XEVqljv9201",
    "theme": "",
    "layout": "",
    "viewCount": 0,
    "userName": "可***m",
    "commentCount": 0,
    "starCount": 1,
    "isStared": 0,
    "thumbnailURL": "https://www.makeapie.com/ecg-storage/ec_gallery_thumbnail/x-dWdnf7sK.png?v=1625666123942",
    "isCustomThumbnail": 0,
    "builtinTags": [
        "category-work"
    ],
    "customTags": [],
    "updaterUserName": "可***m"
}