{
    "cid": "x0TOJu_yLD",
    "authorUid": "obd-oAc5r6yAgOjOqTkSLZbru0HDvV1RW7m",
    "authorUserName": "季***_",
    "title": "带图标柱状图",
    "description": "",
    "latestVersion": 1,
    "alwaysLatest": 0,
    "createTime": "2021-07-07T07:54:34.000Z",
    "lastUpdateTime": "2021-07-07T07:54:34.000Z",
    "auth": 2,
    "uid": "obd-oAc5r6yAgOjOqTkSLZbru0HDvV1RW7m",
    "publishedVersion": 0,
    "forkFrom": "-",
    "isSpam": 0,
    "version": 1,
    "parentVersion": -1,
    "echartsVersion": "5.1.2",
    "versionCreateTime": "2021-07-07T07:54:34.000Z",
    "html": "",
    "externalScripts": "",
    "updaterUID": "obd-oAc5r6yAgOjOqTkSLZbru0HDvV1RW7m",
    "theme": "",
    "layout": "",
    "viewCount": 0,
    "userName": "季***_",
    "commentCount": 0,
    "starCount": 2,
    "isStared": 0,
    "thumbnailURL": "https://www.makeapie.com/ecg-storage/ec_gallery_thumbnail/x0TOJu_yLD.png?v=1625644474708",
    "isCustomThumbnail": 0,
    "builtinTags": [
        "category-work",
        "grid",
        "legend",
        "series-bar",
        "tooltip"
    ],
    "customTags": [],
    "updaterUserName": "季***_"
}