{
    "cid": "x6CbNVZ21E",
    "authorUid": "obd-oNlOavm5mIyDmHx5vL644Fy6r7YbdCs",
    "authorUserName": "林***影",
    "title": "圆环图",
    "description": "圆环图",
    "latestVersion": 1,
    "alwaysLatest": 0,
    "createTime": "2021-07-07T03:04:15.000Z",
    "lastUpdateTime": "2021-07-07T03:04:15.000Z",
    "auth": 2,
    "uid": "obd-oNlOavm5mIyDmHx5vL644Fy6r7YbdCs",
    "publishedVersion": 0,
    "forkFrom": "-",
    "isSpam": 0,
    "version": 1,
    "parentVersion": -1,
    "echartsVersion": "5.1.2",
    "versionCreateTime": "2021-07-07T03:04:15.000Z",
    "html": "",
    "externalScripts": "",
    "updaterUID": "obd-oNlOavm5mIyDmHx5vL644Fy6r7YbdCs",
    "theme": "",
    "layout": "",
    "viewCount": 0,
    "userName": "林***影",
    "commentCount": 0,
    "starCount": 0,
    "isStared": 0,
    "thumbnailURL": "https://www.makeapie.com/ecg-storage/ec_gallery_thumbnail/x6CbNVZ21E.png?v=1625627055898",
    "isCustomThumbnail": 0,
    "builtinTags": [
        "category-work",
        "series-pie",
        "tooltip"
    ],
    "customTags": [],
    "updaterUserName": "林***影"
}