{
    "cid": "x6vhrTG2pD",
    "authorUid": "obd-o-1eHb3X5rgL5NxYK2Tv3s9G5iPb4AS",
    "authorUserName": "155******69",
    "title": "全国主要城市废气中污染物排放情况",
    "description": "Top 20",
    "latestVersion": 1,
    "alwaysLatest": 0,
    "createTime": "2021-07-07T08:50:15.000Z",
    "lastUpdateTime": "2021-07-07T08:50:15.000Z",
    "auth": 1,
    "uid": "obd-o-1eHb3X5rgL5NxYK2Tv3s9G5iPb4AS",
    "publishedVersion": 0,
    "forkFrom": "-",
    "isSpam": 0,
    "version": 1,
    "parentVersion": -1,
    "echartsVersion": "5.1.2",
    "versionCreateTime": "2021-07-07T08:50:15.000Z",
    "html": "",
    "externalScripts": "/asset/get/s/data-1625638292761-9RR7jlhTi.js,/asset/get/s/data-1625638292761-9RR7jlhTi.js",
    "updaterUID": "obd-o-1eHb3X5rgL5NxYK2Tv3s9G5iPb4AS",
    "theme": "",
    "layout": "",
    "viewCount": 0,
    "userName": "155******69",
    "commentCount": 0,
    "starCount": 3,
    "isStared": 0,
    "thumbnailURL": "https://www.makeapie.com/ecg-storage/ec_gallery_thumbnail/x6vhrTG2pD.png?v=1625647815429",
    "isCustomThumbnail": 0,
    "builtinTags": [
        "category-work",
        "geo",
        "legend",
        "series-effectScatter",
        "series-scatter",
        "title",
        "tooltip"
    ],
    "customTags": [],
    "updaterUserName": "155******69"
}