{
    "cid": "x70tXLpcjI",
    "authorUid": "obd-oNlOavm5mIyDmHx5vL644Fy6r7YbdCs",
    "authorUserName": "林***影",
    "title": "仪表盘2",
    "description": "仪表盘2",
    "latestVersion": 1,
    "alwaysLatest": 0,
    "createTime": "2021-07-07T02:47:46.000Z",
    "lastUpdateTime": "2021-07-07T02:47:46.000Z",
    "auth": 2,
    "uid": "obd-oNlOavm5mIyDmHx5vL644Fy6r7YbdCs",
    "publishedVersion": 0,
    "forkFrom": "-",
    "isSpam": 0,
    "version": 1,
    "parentVersion": -1,
    "echartsVersion": "5.1.2",
    "versionCreateTime": "2021-07-07T02:47:46.000Z",
    "html": "",
    "externalScripts": "",
    "updaterUID": "obd-oNlOavm5mIyDmHx5vL644Fy6r7YbdCs",
    "theme": "",
    "layout": "",
    "viewCount": 0,
    "userName": "林***影",
    "commentCount": 0,
    "starCount": 4,
    "isStared": 0,
    "thumbnailURL": "https://www.makeapie.com/ecg-storage/ec_gallery_thumbnail/x70tXLpcjI.png?v=1625626066848",
    "isCustomThumbnail": 0,
    "builtinTags": [
        "category-work",
        "series-gauge",
        "tooltip"
    ],
    "customTags": [],
    "updaterUserName": "林***影"
}