{
    "cid": "xflqHlQ7n0",
    "authorUid": "obd-oDLQ2kGEjUFlGw0WzyPAoAFmWWN4c1l",
    "authorUserName": "剑***d",
    "title": "Awesome Chart",
    "description": "",
    "latestVersion": 1,
    "alwaysLatest": 0,
    "createTime": "2021-07-07T03:24:44.000Z",
    "lastUpdateTime": "2021-07-07T03:24:44.000Z",
    "auth": 1,
    "uid": "obd-oDLQ2kGEjUFlGw0WzyPAoAFmWWN4c1l",
    "publishedVersion": 0,
    "forkFrom": "-",
    "isSpam": 0,
    "version": 1,
    "parentVersion": -1,
    "echartsVersion": "5.1.2",
    "versionCreateTime": "2021-07-07T03:24:44.000Z",
    "html": "",
    "externalScripts": "",
    "updaterUID": "obd-oDLQ2kGEjUFlGw0WzyPAoAFmWWN4c1l",
    "theme": "",
    "layout": "",
    "viewCount": 0,
    "userName": "剑***d",
    "commentCount": 0,
    "starCount": 0,
    "isStared": 0,
    "thumbnailURL": "https://www.makeapie.com/ecg-storage/ec_gallery_thumbnail/xflqHlQ7n0.png?v=1625628285103",
    "isCustomThumbnail": 0,
    "builtinTags": [
        "category-work",
        "grid",
        "series-bar",
        "title"
    ],
    "customTags": [],
    "updaterUserName": "剑***d"
}