{
    "cid": "xG_2btBOBp",
    "authorUid": "obd-oAc5r6yAgOjOqTkSLZbru0HDvV1RW7m",
    "authorUserName": "季***_",
    "title": "隐藏轴线渐变柱状图",
    "description": "",
    "latestVersion": 1,
    "alwaysLatest": 0,
    "createTime": "2021-07-07T07:27:43.000Z",
    "lastUpdateTime": "2021-07-07T07:27:43.000Z",
    "auth": 2,
    "uid": "obd-oAc5r6yAgOjOqTkSLZbru0HDvV1RW7m",
    "publishedVersion": 0,
    "forkFrom": "-",
    "isSpam": 0,
    "version": 1,
    "parentVersion": -1,
    "echartsVersion": "5.1.2",
    "versionCreateTime": "2021-07-07T07:27:43.000Z",
    "html": "",
    "externalScripts": "",
    "updaterUID": "obd-oAc5r6yAgOjOqTkSLZbru0HDvV1RW7m",
    "theme": "",
    "layout": "",
    "viewCount": 0,
    "userName": "季***_",
    "commentCount": 0,
    "starCount": 1,
    "isStared": 0,
    "thumbnailURL": "https://www.makeapie.com/ecg-storage/ec_gallery_thumbnail/xG_2btBOBp.png?v=1625642863350",
    "isCustomThumbnail": 0,
    "builtinTags": [
        "category-work",
        "grid",
        "series-bar",
        "tooltip"
    ],
    "customTags": [],
    "updaterUserName": "季***_"
}