{
    "cid": "xJBgFkxw54",
    "authorUid": "obd-o2wuH1JuSVuem30pWIo97g5ptrEnEBF",
    "authorUserName": "杨***3",
    "title": "四分之三圆环图",
    "description": "纯原生Javascript和Canvas，借鉴echarts图表的开发思路，实现的四分之三圆环图",
    "latestVersion": 1,
    "alwaysLatest": 0,
    "createTime": "2021-07-07T05:32:18.000Z",
    "lastUpdateTime": "2021-07-07T05:32:18.000Z",
    "auth": 2,
    "uid": "obd-o2wuH1JuSVuem30pWIo97g5ptrEnEBF",
    "publishedVersion": 0,
    "forkFrom": "-",
    "isSpam": 0,
    "version": 1,
    "parentVersion": -1,
    "echartsVersion": "5.1.2",
    "versionCreateTime": "2021-07-07T05:32:18.000Z",
    "html": "",
    "externalScripts": "",
    "updaterUID": "obd-o2wuH1JuSVuem30pWIo97g5ptrEnEBF",
    "theme": "",
    "layout": "",
    "viewCount": 0,
    "userName": "杨***3",
    "commentCount": 0,
    "starCount": 7,
    "isStared": 0,
    "thumbnailURL": "https://www.makeapie.com/ecg-storage/ec_gallery_thumbnail/xJBgFkxw54.png?v=1625635938791",
    "isCustomThumbnail": 0,
    "builtinTags": [
        "category-work"
    ],
    "customTags": [
        "Canvas",
        "原生Javascript",
        "四分之三圆环",
        "圆环",
        "案例"
    ],
    "updaterUserName": "杨***3"
}