{
    "cid": "xRNrohgZwk",
    "authorUid": "bd-2178086175",
    "authorUserName": "Y***6",
    "title": "公开-饼图",
    "description": "",
    "latestVersion": 1,
    "alwaysLatest": 0,
    "createTime": "2021-07-07T02:54:31.000Z",
    "lastUpdateTime": "2021-07-07T02:54:31.000Z",
    "auth": 2,
    "uid": "bd-2178086175",
    "publishedVersion": 0,
    "forkFrom": "-",
    "isSpam": 0,
    "version": 1,
    "parentVersion": -1,
    "echartsVersion": "5.1.2",
    "versionCreateTime": "2021-07-07T02:54:32.000Z",
    "html": "",
    "externalScripts": "",
    "updaterUID": "bd-2178086175",
    "theme": "",
    "layout": "",
    "viewCount": 0,
    "userName": "Y***6",
    "commentCount": 0,
    "starCount": 1,
    "isStared": 0,
    "thumbnailURL": "https://www.makeapie.com/ecg-storage/ec_gallery_thumbnail/xRNrohgZwk.png?v=1625626472128",
    "isCustomThumbnail": 0,
    "builtinTags": [
        "category-work",
        "legend",
        "series-pie",
        "tooltip"
    ],
    "customTags": [],
    "updaterUserName": "Y***6"
}