{
    "cid": "xsg6NVyFkh",
    "authorUid": "obd-oAh1pmOtRq8dpE1-TB9zEDrgNUYDa75",
    "authorUserName": "y***车",
    "title": "折线与圆柱",
    "description": "",
    "latestVersion": 1,
    "alwaysLatest": 0,
    "createTime": "2021-07-07T06:07:09.000Z",
    "lastUpdateTime": "2021-07-07T06:07:09.000Z",
    "auth": 2,
    "uid": "obd-oAh1pmOtRq8dpE1-TB9zEDrgNUYDa75",
    "publishedVersion": 0,
    "forkFrom": "-",
    "isSpam": 0,
    "version": 1,
    "parentVersion": -1,
    "echartsVersion": "5.1.2",
    "versionCreateTime": "2021-07-07T06:07:09.000Z",
    "html": "",
    "externalScripts": "",
    "updaterUID": "obd-oAh1pmOtRq8dpE1-TB9zEDrgNUYDa75",
    "theme": "",
    "layout": "",
    "viewCount": 0,
    "userName": "y***车",
    "commentCount": 0,
    "starCount": 3,
    "isStared": 0,
    "thumbnailURL": "https://www.makeapie.com/ecg-storage/ec_gallery_thumbnail/xsg6NVyFkh.png?v=1625638029439",
    "isCustomThumbnail": 0,
    "builtinTags": [
        "category-work",
        "grid",
        "legend",
        "series-bar",
        "series-line",
        "series-pictorialBar",
        "tooltip"
    ],
    "customTags": [],
    "updaterUserName": "y***车"
}