{
    "cid": "xst3Wtl2sd",
    "authorUid": "obd-oPgAwuyelXwRZ-XE-B4Qir21K5msP95",
    "authorUserName": "f***间",
    "title": "全国主要城市空气废气中污染物排放情况",
    "description": "Top 20",
    "latestVersion": 12,
    "alwaysLatest": 0,
    "createTime": "2021-07-07T07:19:00.000Z",
    "lastUpdateTime": "2021-07-07T10:00:36.000Z",
    "auth": 2,
    "uid": "obd-oPgAwuyelXwRZ-XE-B4Qir21K5msP95",
    "publishedVersion": 0,
    "forkFrom": "-",
    "isSpam": 0,
    "version": 12,
    "parentVersion": 11,
    "echartsVersion": "5.1.2",
    "versionCreateTime": "2021-07-07T10:00:36.000Z",
    "html": "",
    "externalScripts": "/dep/echarts/map/js/china.js",
    "updaterUID": "obd-oPgAwuyelXwRZ-XE-B4Qir21K5msP95",
    "theme": "",
    "layout": "",
    "viewCount": 0,
    "userName": "f***间",
    "commentCount": 0,
    "starCount": 0,
    "isStared": 0,
    "thumbnailURL": "https://www.makeapie.com/ecg-storage/ec_gallery_thumbnail/xst3Wtl2sd.png?v=1625652036470",
    "isCustomThumbnail": 0,
    "builtinTags": [
        "category-work",
        "geo",
        "legend",
        "series-effectScatter",
        "title",
        "tooltip"
    ],
    "customTags": [],
    "updaterUserName": "f***间"
}