{
    "cid": "xVo3Qhf1-p",
    "authorUid": "obd-oAc5r6yAgOjOqTkSLZbru0HDvV1RW7m",
    "authorUserName": "季***_",
    "title": "带动画效果饼图",
    "description": "注意版本",
    "latestVersion": 1,
    "alwaysLatest": 0,
    "createTime": "2021-07-07T08:29:47.000Z",
    "lastUpdateTime": "2021-07-07T08:29:47.000Z",
    "auth": 2,
    "uid": "obd-oAc5r6yAgOjOqTkSLZbru0HDvV1RW7m",
    "publishedVersion": 0,
    "forkFrom": "-",
    "isSpam": 0,
    "version": 1,
    "parentVersion": -1,
    "echartsVersion": "4.8.0",
    "versionCreateTime": "2021-07-07T08:29:47.000Z",
    "html": "",
    "externalScripts": "",
    "updaterUID": "obd-oAc5r6yAgOjOqTkSLZbru0HDvV1RW7m",
    "theme": "",
    "layout": "",
    "viewCount": 0,
    "userName": "季***_",
    "commentCount": 0,
    "starCount": 3,
    "isStared": 0,
    "thumbnailURL": "https://www.makeapie.com/ecg-storage/ec_gallery_thumbnail/xVo3Qhf1-p.png?v=1625646587379",
    "isCustomThumbnail": 0,
    "builtinTags": [
        "category-work",
        "legend",
        "series-custom",
        "series-pie"
    ],
    "customTags": [],
    "updaterUserName": "季***_"
}