{
    "cid": "xZ-5ArCwzo",
    "authorUid": "bd-1362249287",
    "authorUserName": "x***爵",
    "title": "占比数据带底图",
    "description": "占比数据带底图，颜色位置同步实际数据位置占比",
    "latestVersion": 2,
    "alwaysLatest": 0,
    "createTime": "2021-07-07T02:37:53.000Z",
    "lastUpdateTime": "2021-07-21T09:10:21.000Z",
    "auth": 1,
    "uid": "bd-1362249287",
    "publishedVersion": 0,
    "forkFrom": "-",
    "isSpam": 0,
    "version": 2,
    "parentVersion": 1,
    "echartsVersion": "5.1.2",
    "versionCreateTime": "2021-07-21T09:10:21.000Z",
    "html": "",
    "externalScripts": "",
    "updaterUID": "obd-oD9QqLSlHcTHed6t3DS7-bI3YyAJF1X",
    "theme": "",
    "layout": "",
    "viewCount": 0,
    "userName": "x***爵",
    "commentCount": 0,
    "starCount": 0,
    "isStared": 0,
    "thumbnailURL": "https://www.makeapie.com/ecg-storage/ec_gallery_thumbnail/xZ-5ArCwzo.png?v=1626858621771",
    "isCustomThumbnail": 0,
    "builtinTags": [
        "category-work",
        "series-gauge"
    ],
    "customTags": [],
    "updaterUserName": "宝***0"
}