{
    "cid": "x17f_hPDwb",
    "authorUid": "bd-1674188490",
    "authorUserName": "guillermofly",
    "title": "学习时间皱",
    "description": "",
    "latestVersion": 1,
    "alwaysLatest": 1,
    "createTime": "2019-04-25T16:14:46.000Z",
    "lastUpdateTime": "2019-04-25T16:14:46.000Z",
    "auth": 2,
    "uid": "bd-1674188490",
    "publishedVersion": 0,
    "forkFrom": "-",
    "isSpam": 0,
    "version": 1,
    "parentVersion": -1,
    "echartsVersion": "4.2.1",
    "versionCreateTime": "2019-04-25T16:14:46.000Z",
    "html": "",
    "externalScripts": "",
    "updaterUID": "bd-1674188490",
    "theme": "",
    "layout": "",
    "viewCount": 109,
    "userName": "guillermofly",
    "commentCount": 0,
    "starCount": 1,
    "isStared": 0,
    "thumbnailURL": "https://www.makeapie.com/ecg-storage/ec_gallery_thumbnail/x17f_hPDwb.png?v=1556208886771",
    "isCustomThumbnail": 0,
    "builtinTags": [
        "category-work",
        "grid",
        "series-line",
        "title"
    ],
    "customTags": [],
    "updaterUserName": "guillermofly"
}