{
    "cid": "x9GupsCHim",
    "authorUid": "bd-943272051",
    "authorUserName": "啊很古",
    "title": "缩略文字...",
    "description": "",
    "latestVersion": 1,
    "alwaysLatest": 1,
    "createTime": "2019-04-25T09:03:06.000Z",
    "lastUpdateTime": "2019-04-25T09:03:06.000Z",
    "auth": 2,
    "uid": "bd-943272051",
    "publishedVersion": 0,
    "forkFrom": "-",
    "isSpam": 0,
    "version": 1,
    "parentVersion": -1,
    "echartsVersion": "4.2.1",
    "versionCreateTime": "2019-04-25T09:03:06.000Z",
    "html": "",
    "externalScripts": "",
    "updaterUID": "bd-943272051",
    "theme": "",
    "layout": "",
    "viewCount": 234,
    "userName": "啊很古",
    "commentCount": 0,
    "starCount": 0,
    "isStared": 0,
    "thumbnailURL": "https://www.makeapie.com/ecg-storage/ec_gallery_thumbnail/x9GupsCHim.png?v=1556182986485",
    "isCustomThumbnail": 0,
    "builtinTags": [
        "category-work",
        "grid",
        "series-bar",
        "series-treemap"
    ],
    "customTags": [],
    "updaterUserName": "啊很古"
}