{
    "cid": "xBX72Xntm6",
    "authorUid": "bd-362288017",
    "authorUserName": "刃***血",
    "title": "80%",
    "description": "双同心圆",
    "latestVersion": 1,
    "alwaysLatest": 1,
    "createTime": "2019-04-25T10:47:00.000Z",
    "lastUpdateTime": "2019-04-25T10:47:00.000Z",
    "auth": 2,
    "uid": "bd-362288017",
    "publishedVersion": 0,
    "forkFrom": "-",
    "isSpam": 0,
    "version": 1,
    "parentVersion": -1,
    "echartsVersion": "4.2.1",
    "versionCreateTime": "2019-04-25T10:47:00.000Z",
    "html": "",
    "externalScripts": "",
    "updaterUID": "bd-362288017",
    "theme": "",
    "layout": "",
    "viewCount": 1815,
    "userName": "刃***血",
    "commentCount": 1,
    "starCount": 9,
    "isStared": 0,
    "thumbnailURL": "https://www.makeapie.com/ecg-storage/ec_gallery_thumbnail/xBX72Xntm6.png?v=1556189220371",
    "isCustomThumbnail": 0,
    "builtinTags": [
        "category-work",
        "series-pie",
        "title"
    ],
    "customTags": [],
    "updaterUserName": "刃***血"
}