{
    "cid": "xcKhQMuV-f",
    "authorUid": "bd-2031630423",
    "authorUserName": "水***月",
    "title": "关系图",
    "description": "",
    "latestVersion": 2,
    "alwaysLatest": 1,
    "createTime": "2019-04-25T06:50:19.000Z",
    "lastUpdateTime": "2019-04-25T06:50:19.000Z",
    "auth": 2,
    "uid": "bd-2031630423",
    "publishedVersion": 0,
    "forkFrom": "-",
    "isSpam": 0,
    "version": 2,
    "parentVersion": 1,
    "echartsVersion": "4.2.1",
    "versionCreateTime": "2019-04-25T07:13:45.000Z",
    "html": "",
    "externalScripts": "",
    "updaterUID": "bd-2031630423",
    "theme": "",
    "layout": "",
    "viewCount": 1033,
    "userName": "水***月",
    "commentCount": 0,
    "starCount": 4,
    "isStared": 0,
    "thumbnailURL": "https://www.makeapie.com/ecg-storage/ec_gallery_thumbnail/xcKhQMuV-f.png?v=1556176426186",
    "isCustomThumbnail": 0,
    "builtinTags": [
        "category-work",
        "legend",
        "series-graph",
        "tooltip"
    ],
    "customTags": [],
    "updaterUserName": "水***月"
}