{
    "cid": "xdysA_7PCd",
    "authorUid": "bd-3476712581",
    "authorUserName": "温***孔",
    "title": "饼图",
    "description": "内部可切换内容，支持legend点击事件。",
    "latestVersion": 1,
    "alwaysLatest": 1,
    "createTime": "2019-04-25T07:34:42.000Z",
    "lastUpdateTime": "2019-04-25T07:34:42.000Z",
    "auth": 2,
    "uid": "bd-3476712581",
    "publishedVersion": 0,
    "forkFrom": "-",
    "isSpam": 0,
    "version": 1,
    "parentVersion": -1,
    "echartsVersion": "4.2.1",
    "versionCreateTime": "2019-04-25T07:34:42.000Z",
    "html": "",
    "externalScripts": "https://cdn.rawgit.com/ecomfe/echarts-wordcloud/833ed011/dist/echarts-wordcloud.min.js",
    "updaterUID": "bd-3476712581",
    "theme": "",
    "layout": "",
    "viewCount": 1329,
    "userName": "温***孔",
    "commentCount": 0,
    "starCount": 2,
    "isStared": 0,
    "thumbnailURL": "https://www.makeapie.com/ecg-storage/ec_gallery_thumbnail/xdysA_7PCd.png?v=1556177683059",
    "isCustomThumbnail": 0,
    "builtinTags": [
        "category-work",
        "legend",
        "series-pie",
        "tooltip"
    ],
    "customTags": [],
    "updaterUserName": "温***孔"
}