{
    "cid": "xgdVXX_wQ_",
    "authorUid": "bd-3087116262",
    "authorUserName": "s***c",
    "title": "折线图展示",
    "description": "多图标同时显示tooltip",
    "latestVersion": 2,
    "alwaysLatest": 1,
    "createTime": "2019-04-25T08:22:31.000Z",
    "lastUpdateTime": "2019-04-25T08:22:31.000Z",
    "auth": 1,
    "uid": "bd-3087116262",
    "publishedVersion": 0,
    "forkFrom": "-",
    "isSpam": 0,
    "version": 2,
    "parentVersion": 1,
    "echartsVersion": "4.2.1",
    "versionCreateTime": "2019-04-25T09:43:06.000Z",
    "html": "",
    "externalScripts": "",
    "updaterUID": "bd-3087116262",
    "theme": "macarons",
    "layout": "",
    "viewCount": 416,
    "userName": "s***c",
    "commentCount": 0,
    "starCount": 0,
    "isStared": 0,
    "thumbnailURL": "https://www.makeapie.com/ecg-storage/ec_gallery_thumbnail/xgdVXX_wQ_.png?v=1556185386105",
    "isCustomThumbnail": 0,
    "builtinTags": [
        "category-work",
        "dataZoom",
        "grid",
        "series-line",
        "tooltip"
    ],
    "customTags": [
        "line",
        "tooltip"
    ],
    "updaterUserName": "s***c"
}