{
    "cid": "xgPmetzKe5",
    "authorUid": "bd-3373514889",
    "authorUserName": "P***n",
    "title": "IISP小屏风险折现统计图",
    "description": "",
    "latestVersion": 4,
    "alwaysLatest": 1,
    "createTime": "2019-04-26T12:32:02.000Z",
    "lastUpdateTime": "2019-04-26T12:32:02.000Z",
    "auth": 2,
    "uid": "bd-3373514889",
    "publishedVersion": 0,
    "forkFrom": "-",
    "isSpam": 0,
    "version": 4,
    "parentVersion": 3,
    "echartsVersion": "4.2.1",
    "versionCreateTime": "2019-08-21T09:13:58.000Z",
    "html": "",
    "externalScripts": "",
    "updaterUID": "bd-3373514889",
    "theme": "",
    "layout": "",
    "viewCount": 38,
    "userName": "P***n",
    "commentCount": 0,
    "starCount": 0,
    "isStared": 0,
    "thumbnailURL": "https://www.makeapie.com/ecg-storage/ec_gallery_thumbnail/xgPmetzKe5.png?v=1566378838774",
    "isCustomThumbnail": 0,
    "builtinTags": [
        "category-work",
        "grid",
        "legend",
        "series-line",
        "title",
        "toolbox",
        "tooltip"
    ],
    "customTags": [],
    "updaterUserName": "P***n"
}