{
    "cid": "xGQKvEuUCc",
    "authorUid": "bd-3373514889",
    "authorUserName": "P***n",
    "title": "IISP大屏条形统计图样式",
    "description": "",
    "latestVersion": 3,
    "alwaysLatest": 1,
    "createTime": "2019-04-29T02:45:04.000Z",
    "lastUpdateTime": "2019-04-29T02:45:04.000Z",
    "auth": 2,
    "uid": "bd-3373514889",
    "publishedVersion": 0,
    "forkFrom": "-",
    "isSpam": 0,
    "version": 3,
    "parentVersion": 2,
    "echartsVersion": "4.2.1",
    "versionCreateTime": "2019-04-29T06:49:12.000Z",
    "html": "",
    "externalScripts": "",
    "updaterUID": "bd-3373514889",
    "theme": "",
    "layout": "",
    "viewCount": 95,
    "userName": "P***n",
    "commentCount": 0,
    "starCount": 0,
    "isStared": 0,
    "thumbnailURL": "https://www.makeapie.com/ecg-storage/ec_gallery_thumbnail/xGQKvEuUCc.png?v=1556520552108",
    "isCustomThumbnail": 0,
    "builtinTags": [
        "category-work",
        "grid",
        "series-bar",
        "series-pictorialBar"
    ],
    "customTags": [],
    "updaterUserName": "P***n"
}