{
    "cid": "xkOzRQVWKa",
    "authorUid": "bd-1778422256",
    "authorUserName": "bincm",
    "title": "上证指数K线带布林轨道",
    "description": "上证指数K线带布林轨道",
    "latestVersion": 6,
    "alwaysLatest": 1,
    "createTime": "2019-04-27T04:01:58.000Z",
    "lastUpdateTime": "2019-04-27T04:01:58.000Z",
    "auth": 2,
    "uid": "bd-1778422256",
    "publishedVersion": 0,
    "forkFrom": "-",
    "isSpam": 0,
    "version": 6,
    "parentVersion": 5,
    "echartsVersion": "4.2.1",
    "versionCreateTime": "2019-04-27T08:12:06.000Z",
    "html": "",
    "externalScripts": "",
    "updaterUID": "bd-1778422256",
    "theme": "",
    "layout": "",
    "viewCount": 529,
    "userName": "bincm",
    "commentCount": 0,
    "starCount": 1,
    "isStared": 0,
    "thumbnailURL": "https://www.makeapie.com/ecg-storage/ec_gallery_thumbnail/xkOzRQVWKa.png?v=1556352727089",
    "isCustomThumbnail": 0,
    "builtinTags": [
        "category-work",
        "dataZoom",
        "grid",
        "legend",
        "markLine",
        "markPoint",
        "series-candlestick",
        "series-line",
        "title",
        "tooltip"
    ],
    "customTags": [],
    "updaterUserName": "bincm"
}