{
    "cid": "xKulSeCkgK",
    "authorUid": "bd-258255438",
    "authorUserName": "185******60",
    "title": "树图的value值类型要求",
    "description": "请问树图是否要求收到的json数据中value必须是number类型？\n为何我用字符串类型的value值不显示，number才显示呢？",
    "latestVersion": 2,
    "alwaysLatest": 1,
    "createTime": "2019-04-29T03:15:57.000Z",
    "lastUpdateTime": "2019-04-29T03:15:57.000Z",
    "auth": 1,
    "uid": "bd-258255438",
    "publishedVersion": 0,
    "forkFrom": "-",
    "isSpam": 0,
    "version": 2,
    "parentVersion": 1,
    "echartsVersion": "4.2.1",
    "versionCreateTime": "2019-04-29T03:17:03.000Z",
    "html": "",
    "externalScripts": "",
    "updaterUID": "bd-258255438",
    "theme": "",
    "layout": "",
    "viewCount": 61,
    "userName": "185******60",
    "commentCount": 0,
    "starCount": 0,
    "isStared": 0,
    "thumbnailURL": "https://www.makeapie.com/ecg-storage/ec_gallery_thumbnail/xKulSeCkgK.png?v=1556507757663",
    "isCustomThumbnail": 0,
    "builtinTags": [
        "category-work"
    ],
    "customTags": [],
    "updaterUserName": "185******60"
}