{
    "cid": "xlD0XeoA1E",
    "authorUid": "bd-2234611382",
    "authorUserName": "c***2",
    "title": "",
    "description": "",
    "latestVersion": 1,
    "alwaysLatest": 1,
    "createTime": "2019-04-26T03:27:52.000Z",
    "lastUpdateTime": "2019-04-26T03:27:52.000Z",
    "auth": 2,
    "uid": "bd-2234611382",
    "publishedVersion": 0,
    "forkFrom": "-",
    "isSpam": 0,
    "version": 1,
    "parentVersion": -1,
    "echartsVersion": "4.2.1",
    "versionCreateTime": "2019-04-26T03:27:52.000Z",
    "html": "",
    "externalScripts": "",
    "updaterUID": "bd-2234611382",
    "theme": "",
    "layout": "",
    "viewCount": 3238,
    "userName": "c***2",
    "commentCount": 3,
    "starCount": 8,
    "isStared": 0,
    "thumbnailURL": "https://www.makeapie.com/ecg-storage/ec_gallery_thumbnail/xlD0XeoA1E.png?v=1556249272962",
    "isCustomThumbnail": 0,
    "builtinTags": [
        "category-work",
        "geo",
        "series-map",
        "series-scatter",
        "tooltip"
    ],
    "customTags": [],
    "updaterUserName": "c***2"
}