{
    "cid": "xRqw7CS46L",
    "authorUid": "bd-1044119663",
    "authorUserName": "brokencolor",
    "title": "双折线图",
    "description": "背部阴影",
    "latestVersion": 1,
    "alwaysLatest": 1,
    "createTime": "2019-04-28T02:43:44.000Z",
    "lastUpdateTime": "2019-04-28T02:43:44.000Z",
    "auth": 2,
    "uid": "bd-1044119663",
    "publishedVersion": 0,
    "forkFrom": "-",
    "isSpam": 0,
    "version": 1,
    "parentVersion": -1,
    "echartsVersion": "4.2.1",
    "versionCreateTime": "2019-04-28T02:43:44.000Z",
    "html": "",
    "externalScripts": "/dep/echarts/map/js/china.js",
    "updaterUID": "bd-1044119663",
    "theme": "",
    "layout": "",
    "viewCount": 26,
    "userName": "brokencolor",
    "commentCount": 0,
    "starCount": 0,
    "isStared": 0,
    "thumbnailURL": "https://www.makeapie.com/ecg-storage/ec_gallery_thumbnail/xRqw7CS46L.png?v=1556419424428",
    "isCustomThumbnail": 0,
    "builtinTags": [
        "category-work",
        "grid",
        "series-line",
        "tooltip"
    ],
    "customTags": [],
    "updaterUserName": "brokencolor"
}