{
    "cid": "xsgW-z0oXd",
    "authorUid": "bd-4063414552",
    "authorUserName": "紧***了",
    "title": "柱状图_自定义样式",
    "description": "带灰色背景、柱状有分隔开",
    "latestVersion": 5,
    "alwaysLatest": 1,
    "createTime": "2019-04-25T01:20:18.000Z",
    "lastUpdateTime": "2019-04-25T01:20:18.000Z",
    "auth": 2,
    "uid": "bd-4063414552",
    "publishedVersion": 0,
    "forkFrom": "-",
    "isSpam": 0,
    "version": 5,
    "parentVersion": 4,
    "echartsVersion": "4.2.1",
    "versionCreateTime": "2019-04-26T01:29:59.000Z",
    "html": "",
    "externalScripts": "",
    "updaterUID": "bd-4063414552",
    "theme": "",
    "layout": "",
    "viewCount": 109,
    "userName": "紧***了",
    "commentCount": 0,
    "starCount": 2,
    "isStared": 0,
    "thumbnailURL": "https://www.makeapie.com/ecg-storage/ec_gallery_thumbnail/xsgW-z0oXd.png?v=1556242199225",
    "isCustomThumbnail": 0,
    "builtinTags": [
        "category-work",
        "grid",
        "legend",
        "series-pictorialBar",
        "tooltip"
    ],
    "customTags": [],
    "updaterUserName": "紧***了"
}