{
    "cid": "xsWXPvDiS8",
    "authorUid": "bd-3677644573",
    "authorUserName": "王***1",
    "title": "自定义水球图",
    "description": "",
    "latestVersion": 1,
    "alwaysLatest": 1,
    "createTime": "2019-04-29T03:38:26.000Z",
    "lastUpdateTime": "2019-04-29T03:38:26.000Z",
    "auth": 2,
    "uid": "bd-3677644573",
    "publishedVersion": 0,
    "forkFrom": "-",
    "isSpam": 0,
    "version": 1,
    "parentVersion": -1,
    "echartsVersion": "4.2.1",
    "versionCreateTime": "2019-04-29T03:38:26.000Z",
    "html": "",
    "externalScripts": "https://echarts.baidu.com/resource/echarts-liquidfill-latest/dist/echarts-liquidfill.min.js",
    "updaterUID": "bd-3677644573",
    "theme": "",
    "layout": "",
    "viewCount": 2293,
    "userName": "王***1",
    "commentCount": 2,
    "starCount": 23,
    "isStared": 0,
    "thumbnailURL": "https://www.makeapie.com/ecg-storage/ec_gallery_thumbnail/xsWXPvDiS8.png?v=1556509106305",
    "isCustomThumbnail": 0,
    "builtinTags": [
        "category-work",
        "series-liquidFill"
    ],
    "customTags": [],
    "updaterUserName": "王***1"
}