{
    "cid": "xt85ckJz4l",
    "authorUid": "bd-409843033",
    "authorUserName": "J***n",
    "title": "柱状图，音频播放效果",
    "description": "柱状图，音频播放效果，音响效果",
    "latestVersion": 1,
    "alwaysLatest": 1,
    "createTime": "2019-04-25T01:26:26.000Z",
    "lastUpdateTime": "2019-04-25T01:26:26.000Z",
    "auth": 2,
    "uid": "bd-409843033",
    "publishedVersion": 0,
    "forkFrom": "-",
    "isSpam": 0,
    "version": 1,
    "parentVersion": -1,
    "echartsVersion": "4.2.1",
    "versionCreateTime": "2019-04-25T01:26:26.000Z",
    "html": "",
    "externalScripts": "",
    "updaterUID": "bd-409843033",
    "theme": "",
    "layout": "",
    "viewCount": 62,
    "userName": "J***n",
    "commentCount": 0,
    "starCount": 1,
    "isStared": 0,
    "thumbnailURL": "https://www.makeapie.com/ecg-storage/ec_gallery_thumbnail/xt85ckJz4l.png?v=1556155586238",
    "isCustomThumbnail": 0,
    "builtinTags": [
        "category-work",
        "grid",
        "legend",
        "series-pictorialBar",
        "tooltip"
    ],
    "customTags": [
        "bar"
    ],
    "updaterUserName": "J***n"
}