{
    "cid": "x-UpeWIb0_",
    "authorUid": "bd-3105203845",
    "authorUserName": "Tarkuni",
    "title": "分块仪表盘",
    "description": "分块仪表盘",
    "latestVersion": 1,
    "alwaysLatest": 1,
    "createTime": "2019-04-16T08:17:00.000Z",
    "lastUpdateTime": "2019-04-16T08:17:00.000Z",
    "auth": 2,
    "uid": "bd-3105203845",
    "publishedVersion": 0,
    "forkFrom": "-",
    "isSpam": 0,
    "version": 1,
    "parentVersion": -1,
    "echartsVersion": "4.2.1",
    "versionCreateTime": "2019-04-16T08:17:00.000Z",
    "html": "",
    "externalScripts": "",
    "updaterUID": "bd-3105203845",
    "theme": "",
    "layout": "",
    "viewCount": 376,
    "userName": "Tarkuni",
    "commentCount": 0,
    "starCount": 3,
    "isStared": 0,
    "thumbnailURL": "https://www.makeapie.com/ecg-storage/ec_gallery_thumbnail/x-UpeWIb0_.png?v=1555402620349",
    "isCustomThumbnail": 0,
    "builtinTags": [
        "category-work",
        "series-gauge",
        "title"
    ],
    "customTags": [
        "仪表盘"
    ],
    "updaterUserName": "Tarkuni"
}