{
    "cid": "x0SIP3cpky",
    "authorUid": "bd-143495432",
    "authorUserName": "d***3",
    "title": "双折线网格背景",
    "description": "",
    "latestVersion": 1,
    "alwaysLatest": 1,
    "createTime": "2019-04-16T08:35:34.000Z",
    "lastUpdateTime": "2019-04-16T08:35:34.000Z",
    "auth": 2,
    "uid": "bd-143495432",
    "publishedVersion": 0,
    "forkFrom": "-",
    "isSpam": 0,
    "version": 1,
    "parentVersion": -1,
    "echartsVersion": "4.2.1",
    "versionCreateTime": "2019-04-16T08:35:34.000Z",
    "html": "",
    "externalScripts": "",
    "updaterUID": "bd-143495432",
    "theme": "",
    "layout": "",
    "viewCount": 418,
    "userName": "d***3",
    "commentCount": 0,
    "starCount": 2,
    "isStared": 0,
    "thumbnailURL": "https://www.makeapie.com/ecg-storage/ec_gallery_thumbnail/x0SIP3cpky.png?v=1555403734902",
    "isCustomThumbnail": 0,
    "builtinTags": [
        "category-work",
        "grid",
        "legend",
        "series-line",
        "tooltip"
    ],
    "customTags": [],
    "updaterUserName": "d***3"
}