{
    "cid": "x2U9PbWfzZ",
    "authorUid": "bd-2518575702",
    "authorUserName": "上***姐",
    "title": "健康总指标",
    "description": "",
    "latestVersion": 3,
    "alwaysLatest": 1,
    "createTime": "2019-04-17T02:46:53.000Z",
    "lastUpdateTime": "2019-04-17T02:46:53.000Z",
    "auth": 2,
    "uid": "bd-2518575702",
    "publishedVersion": 0,
    "forkFrom": "-",
    "isSpam": 0,
    "version": 3,
    "parentVersion": 2,
    "echartsVersion": "4.2.1",
    "versionCreateTime": "2019-04-17T03:03:42.000Z",
    "html": "",
    "externalScripts": "",
    "updaterUID": "bd-2518575702",
    "theme": "",
    "layout": "",
    "viewCount": 197,
    "userName": "上***姐",
    "commentCount": 0,
    "starCount": 3,
    "isStared": 0,
    "thumbnailURL": "https://www.makeapie.com/ecg-storage/ec_gallery_thumbnail/x2U9PbWfzZ.png?v=1555470222536",
    "isCustomThumbnail": 0,
    "builtinTags": [
        "category-work",
        "series-gauge",
        "tooltip"
    ],
    "customTags": [],
    "updaterUserName": "上***姐"
}