{
    "cid": "x4StGxXZHw",
    "authorUid": "bd-3073127017",
    "authorUserName": "素年花白c",
    "title": "饼状图",
    "description": "",
    "latestVersion": 1,
    "alwaysLatest": 1,
    "createTime": "2019-04-16T07:47:47.000Z",
    "lastUpdateTime": "2019-04-16T07:47:47.000Z",
    "auth": 2,
    "uid": "bd-3073127017",
    "publishedVersion": 0,
    "forkFrom": "-",
    "isSpam": 0,
    "version": 1,
    "parentVersion": -1,
    "echartsVersion": "4.2.1",
    "versionCreateTime": "2019-04-16T07:47:47.000Z",
    "html": "",
    "externalScripts": "",
    "updaterUID": "bd-3073127017",
    "theme": "",
    "layout": "",
    "viewCount": 5402,
    "userName": "素年花白c",
    "commentCount": 0,
    "starCount": 11,
    "isStared": 0,
    "thumbnailURL": "https://www.makeapie.com/ecg-storage/ec_gallery_thumbnail/x4StGxXZHw.png?v=1555400868024",
    "isCustomThumbnail": 0,
    "builtinTags": [
        "category-work",
        "legend",
        "series-pie",
        "tooltip"
    ],
    "customTags": [],
    "updaterUserName": "素年花白c"
}