{
    "cid": "xahCdxi5Bd",
    "authorUid": "bd-2861661645",
    "authorUserName": "A***g",
    "title": "柱状图同比对比图",
    "description": "为了同比对比数据来的",
    "latestVersion": 1,
    "alwaysLatest": 1,
    "createTime": "2019-04-16T08:51:49.000Z",
    "lastUpdateTime": "2019-04-16T08:51:49.000Z",
    "auth": 1,
    "uid": "bd-2861661645",
    "publishedVersion": 0,
    "forkFrom": "-",
    "isSpam": 0,
    "version": 1,
    "parentVersion": -1,
    "echartsVersion": "4.2.1",
    "versionCreateTime": "2019-04-16T08:51:49.000Z",
    "html": "",
    "externalScripts": "",
    "updaterUID": "bd-2861661645",
    "theme": "",
    "layout": "",
    "viewCount": 262,
    "userName": "A***g",
    "commentCount": 0,
    "starCount": 1,
    "isStared": 0,
    "thumbnailURL": "https://www.makeapie.com/ecg-storage/ec_gallery_thumbnail/xahCdxi5Bd.png?v=1555404709826",
    "isCustomThumbnail": 0,
    "builtinTags": [
        "category-work",
        "grid",
        "legend",
        "series-bar",
        "tooltip"
    ],
    "customTags": [],
    "updaterUserName": "A***g"
}