{
    "cid": "xBcz09eb39",
    "authorUid": "bd-2518575702",
    "authorUserName": "上***姐",
    "title": "告警统计",
    "description": "",
    "latestVersion": 2,
    "alwaysLatest": 1,
    "createTime": "2019-04-17T03:14:15.000Z",
    "lastUpdateTime": "2019-04-17T03:14:15.000Z",
    "auth": 2,
    "uid": "bd-2518575702",
    "publishedVersion": 0,
    "forkFrom": "-",
    "isSpam": 0,
    "version": 2,
    "parentVersion": 1,
    "echartsVersion": "4.2.1",
    "versionCreateTime": "2019-04-17T03:19:23.000Z",
    "html": "",
    "externalScripts": "",
    "updaterUID": "bd-2518575702",
    "theme": "",
    "layout": "",
    "viewCount": 61,
    "userName": "上***姐",
    "commentCount": 0,
    "starCount": 0,
    "isStared": 0,
    "thumbnailURL": "https://www.makeapie.com/ecg-storage/ec_gallery_thumbnail/xBcz09eb39.png?v=1555471163797",
    "isCustomThumbnail": 0,
    "builtinTags": [
        "category-work",
        "grid",
        "legend",
        "series-bar",
        "tooltip"
    ],
    "customTags": [],
    "updaterUserName": "上***姐"
}