{
    "cid": "xdkhCT8-JJ",
    "authorUid": "bd-1799840004",
    "authorUserName": "鸭***爹",
    "title": "圆形",
    "description": "aaaa",
    "latestVersion": 1,
    "alwaysLatest": 1,
    "createTime": "2019-04-18T06:29:54.000Z",
    "lastUpdateTime": "2019-04-18T06:29:54.000Z",
    "auth": 1,
    "uid": "bd-1799840004",
    "publishedVersion": 0,
    "forkFrom": "-",
    "isSpam": 0,
    "version": 1,
    "parentVersion": -1,
    "echartsVersion": "4.2.1",
    "versionCreateTime": "2019-04-18T06:29:55.000Z",
    "html": "",
    "externalScripts": "",
    "updaterUID": "bd-1799840004",
    "theme": "",
    "layout": "",
    "viewCount": 156,
    "userName": "鸭***爹",
    "commentCount": 0,
    "starCount": 1,
    "isStared": 0,
    "thumbnailURL": "https://www.makeapie.com/ecg-storage/ec_gallery_thumbnail/xdkhCT8-JJ.png?v=1555568995160",
    "isCustomThumbnail": 0,
    "builtinTags": [
        "category-work",
        "series-pie"
    ],
    "customTags": [],
    "updaterUserName": "鸭***爹"
}