{
    "cid": "xg8zmkdjEN",
    "authorUid": "bd-2518575702",
    "authorUserName": "上***姐",
    "title": "基站分布",
    "description": "",
    "latestVersion": 3,
    "alwaysLatest": 1,
    "createTime": "2019-04-17T02:03:01.000Z",
    "lastUpdateTime": "2019-04-17T02:03:01.000Z",
    "auth": 2,
    "uid": "bd-2518575702",
    "publishedVersion": 0,
    "forkFrom": "-",
    "isSpam": 0,
    "version": 3,
    "parentVersion": 2,
    "echartsVersion": "4.2.1",
    "versionCreateTime": "2019-04-18T05:39:05.000Z",
    "html": "",
    "externalScripts": "",
    "updaterUID": "bd-2518575702",
    "theme": "",
    "layout": "",
    "viewCount": 111,
    "userName": "上***姐",
    "commentCount": 0,
    "starCount": 0,
    "isStared": 0,
    "thumbnailURL": "https://www.makeapie.com/ecg-storage/ec_gallery_thumbnail/xg8zmkdjEN.png?v=1555565945781",
    "isCustomThumbnail": 0,
    "builtinTags": [
        "category-work",
        "grid",
        "legend",
        "markPoint",
        "series-bar",
        "tooltip"
    ],
    "customTags": [],
    "updaterUserName": "上***姐"
}