{
    "cid": "xlppF6Xqr_",
    "authorUid": "bd-2518575702",
    "authorUserName": "上***姐",
    "title": "一生的医疗情况",
    "description": "",
    "latestVersion": 5,
    "alwaysLatest": 1,
    "createTime": "2019-04-18T01:16:00.000Z",
    "lastUpdateTime": "2019-04-18T01:16:00.000Z",
    "auth": 2,
    "uid": "bd-2518575702",
    "publishedVersion": 0,
    "forkFrom": "-",
    "isSpam": 0,
    "version": 5,
    "parentVersion": 4,
    "echartsVersion": "4.2.1",
    "versionCreateTime": "2019-04-18T02:51:08.000Z",
    "html": "",
    "externalScripts": "",
    "updaterUID": "bd-2518575702",
    "theme": "",
    "layout": "",
    "viewCount": 1276,
    "userName": "上***姐",
    "commentCount": 0,
    "starCount": 9,
    "isStared": 0,
    "thumbnailURL": "https://www.makeapie.com/ecg-storage/ec_gallery_thumbnail/xlppF6Xqr_.png?v=1555555869040",
    "isCustomThumbnail": 0,
    "builtinTags": [
        "category-work",
        "dataZoom",
        "grid",
        "legend",
        "series-line",
        "series-scatter",
        "toolbox",
        "tooltip"
    ],
    "customTags": [],
    "updaterUserName": "上***姐"
}