{
    "cid": "xnH3ganMZX",
    "authorUid": "bd-70287993",
    "authorUserName": "心连卿我",
    "title": "朴姓人口迁徙图111",
    "description": "",
    "latestVersion": 1,
    "alwaysLatest": 1,
    "createTime": "2019-04-18T02:46:24.000Z",
    "lastUpdateTime": "2019-04-18T02:46:24.000Z",
    "auth": 2,
    "uid": "bd-70287993",
    "publishedVersion": 0,
    "forkFrom": "-",
    "isSpam": 0,
    "version": 1,
    "parentVersion": -1,
    "echartsVersion": "4.2.1",
    "versionCreateTime": "2019-04-18T02:46:24.000Z",
    "html": "",
    "externalScripts": "/dep/echarts/map/js/china.js",
    "updaterUID": "bd-70287993",
    "theme": "",
    "layout": "",
    "viewCount": 6073,
    "userName": "心连卿我",
    "commentCount": 0,
    "starCount": 29,
    "isStared": 0,
    "thumbnailURL": "https://www.makeapie.com/ecg-storage/ec_gallery_thumbnail/xnH3ganMZX.png?v=1555555584429",
    "isCustomThumbnail": 0,
    "builtinTags": [
        "category-work",
        "geo",
        "legend",
        "series-effectScatter",
        "series-lines",
        "title"
    ],
    "customTags": [],
    "updaterUserName": "心连卿我"
}