{
    "cid": "xnKNe0EFzG",
    "authorUid": "bd-2133619855",
    "authorUserName": "小***乖",
    "title": "线加上图标",
    "description": "线加上图标",
    "latestVersion": 4,
    "alwaysLatest": 1,
    "createTime": "2019-04-18T01:29:24.000Z",
    "lastUpdateTime": "2019-04-18T01:29:24.000Z",
    "auth": 2,
    "uid": "bd-2133619855",
    "publishedVersion": 0,
    "forkFrom": "-",
    "isSpam": 0,
    "version": 4,
    "parentVersion": 3,
    "echartsVersion": "4.2.1",
    "versionCreateTime": "2019-06-24T07:22:28.000Z",
    "html": "",
    "externalScripts": "",
    "updaterUID": "bd-2133619855",
    "theme": "",
    "layout": "",
    "viewCount": 145,
    "userName": "小***乖",
    "commentCount": 0,
    "starCount": 2,
    "isStared": 0,
    "thumbnailURL": "https://www.makeapie.com/ecg-storage/ec_gallery_thumbnail/xnKNe0EFzG.png?v=1561360949085",
    "isCustomThumbnail": 0,
    "builtinTags": [
        "category-work",
        "grid",
        "legend",
        "markPoint",
        "series-line"
    ],
    "customTags": [],
    "updaterUserName": "小***乖"
}