{
    "cid": "xopwywrUFJ",
    "authorUid": "bd-3733583884",
    "authorUserName": "131******91",
    "title": "电访",
    "description": "",
    "latestVersion": 5,
    "alwaysLatest": 1,
    "createTime": "2019-04-16T08:56:32.000Z",
    "lastUpdateTime": "2019-04-16T08:56:32.000Z",
    "auth": 2,
    "uid": "bd-3733583884",
    "publishedVersion": 0,
    "forkFrom": "-",
    "isSpam": 0,
    "version": 5,
    "parentVersion": 4,
    "echartsVersion": "4.2.1",
    "versionCreateTime": "2019-04-17T01:08:55.000Z",
    "html": "",
    "externalScripts": "",
    "updaterUID": "bd-3733583884",
    "theme": "",
    "layout": "",
    "viewCount": 23,
    "userName": "131******91",
    "commentCount": 0,
    "starCount": 0,
    "isStared": 0,
    "thumbnailURL": "https://www.makeapie.com/ecg-storage/ec_gallery_thumbnail/xopwywrUFJ.png?v=1555463335073",
    "isCustomThumbnail": 0,
    "builtinTags": [
        "category-work",
        "grid",
        "series-bar",
        "title"
    ],
    "customTags": [],
    "updaterUserName": "131******91"
}