{
    "cid": "xU2-gx0vRc",
    "authorUid": "bd-143495432",
    "authorUserName": "d***3",
    "title": "仪表盘",
    "description": "",
    "latestVersion": 2,
    "alwaysLatest": 1,
    "createTime": "2019-04-16T08:40:25.000Z",
    "lastUpdateTime": "2019-04-16T08:40:25.000Z",
    "auth": 2,
    "uid": "bd-143495432",
    "publishedVersion": 0,
    "forkFrom": "-",
    "isSpam": 0,
    "version": 2,
    "parentVersion": 1,
    "echartsVersion": "4.2.1",
    "versionCreateTime": "2019-04-16T08:52:59.000Z",
    "html": "",
    "externalScripts": "",
    "updaterUID": "bd-143495432",
    "theme": "",
    "layout": "",
    "viewCount": 394,
    "userName": "d***3",
    "commentCount": 0,
    "starCount": 1,
    "isStared": 0,
    "thumbnailURL": "https://www.makeapie.com/ecg-storage/ec_gallery_thumbnail/xU2-gx0vRc.png?v=1555404779138",
    "isCustomThumbnail": 0,
    "builtinTags": [
        "category-work",
        "series-gauge",
        "series-pie",
        "title"
    ],
    "customTags": [],
    "updaterUserName": "d***3"
}