{
    "cid": "xUjvg2GDA7",
    "authorUid": "bd-3642648606",
    "authorUserName": "sharklikeapple",
    "title": "每个柱子一个颜色匹配legend",
    "description": "",
    "latestVersion": 1,
    "alwaysLatest": 1,
    "createTime": "2019-04-16T08:45:18.000Z",
    "lastUpdateTime": "2019-04-16T08:45:18.000Z",
    "auth": 2,
    "uid": "bd-3642648606",
    "publishedVersion": 0,
    "forkFrom": "-",
    "isSpam": 0,
    "version": 1,
    "parentVersion": -1,
    "echartsVersion": "4.2.1",
    "versionCreateTime": "2019-04-16T08:45:18.000Z",
    "html": "",
    "externalScripts": "",
    "updaterUID": "bd-3642648606",
    "theme": "",
    "layout": "",
    "viewCount": 39,
    "userName": "sharklikeapple",
    "commentCount": 0,
    "starCount": 0,
    "isStared": 0,
    "thumbnailURL": "https://www.makeapie.com/ecg-storage/ec_gallery_thumbnail/xUjvg2GDA7.png?v=1555404318997",
    "isCustomThumbnail": 0,
    "builtinTags": [
        "category-work",
        "grid",
        "legend",
        "series-bar",
        "tooltip"
    ],
    "customTags": [],
    "updaterUserName": "sharklikeapple"
}