{
    "cid": "x7i5M06Ts",
    "authorUid": "bd-3678937452",
    "authorUserName": "宫***幻",
    "title": "轮播的饼图",
    "description": "",
    "latestVersion": 2,
    "alwaysLatest": 1,
    "createTime": "2019-11-04T03:04:48.000Z",
    "lastUpdateTime": "2019-11-04T03:04:48.000Z",
    "auth": 2,
    "uid": "bd-3678937452",
    "publishedVersion": 0,
    "forkFrom": "-",
    "isSpam": 0,
    "version": 2,
    "parentVersion": 1,
    "echartsVersion": "4.4.0",
    "versionCreateTime": "2019-11-04T07:06:48.000Z",
    "html": "",
    "externalScripts": "",
    "updaterUID": "bd-3678937452",
    "theme": "",
    "layout": "",
    "viewCount": 657,
    "userName": "宫***幻",
    "commentCount": 0,
    "starCount": 3,
    "isStared": 0,
    "thumbnailURL": "https://www.makeapie.com/ecg-storage/ec_gallery_thumbnail/x7i5M06Ts.png?v=1572851208123",
    "isCustomThumbnail": 0,
    "builtinTags": [
        "category-work",
        "legend",
        "series-pie",
        "visualMap"
    ],
    "customTags": [],
    "updaterUserName": "宫***幻"
}