{
    "cid": "x97jzIsU2",
    "authorUid": "bd-927643697",
    "authorUserName": "N***4",
    "title": "绘制椭圆",
    "description": "添加自定义图形，椭圆",
    "latestVersion": 2,
    "alwaysLatest": 1,
    "createTime": "2019-10-31T02:35:19.000Z",
    "lastUpdateTime": "2019-10-31T02:35:19.000Z",
    "auth": 2,
    "uid": "bd-927643697",
    "publishedVersion": 0,
    "forkFrom": "-",
    "isSpam": 0,
    "version": 2,
    "parentVersion": 1,
    "echartsVersion": "4.4.0",
    "versionCreateTime": "2019-10-31T02:37:14.000Z",
    "html": "",
    "externalScripts": "",
    "updaterUID": "bd-927643697",
    "theme": "",
    "layout": "",
    "viewCount": 114,
    "userName": "N***4",
    "commentCount": 0,
    "starCount": 0,
    "isStared": 0,
    "thumbnailURL": "https://www.makeapie.com/ecg-storage/ec_gallery_thumbnail/x97jzIsU2.png?v=1572489434213",
    "isCustomThumbnail": 0,
    "builtinTags": [
        "category-work",
        "graphic",
        "grid",
        "series-custom",
        "title"
    ],
    "customTags": [
        "椭圆",
        "自定义图形"
    ],
    "updaterUserName": "N***4"
}