{
    "cid": "xAbJOJGLX",
    "authorUid": "bd-1073793293",
    "authorUserName": "q***n",
    "title": "空气质量",
    "description": "空气质量 污染物 分段统计图",
    "latestVersion": 1,
    "alwaysLatest": 1,
    "createTime": "2019-10-31T10:14:18.000Z",
    "lastUpdateTime": "2019-10-31T10:14:18.000Z",
    "auth": 2,
    "uid": "bd-1073793293",
    "publishedVersion": 0,
    "forkFrom": "-",
    "isSpam": 0,
    "version": 1,
    "parentVersion": -1,
    "echartsVersion": "4.4.0",
    "versionCreateTime": "2019-10-31T10:14:18.000Z",
    "html": "",
    "externalScripts": "",
    "updaterUID": "bd-1073793293",
    "theme": "",
    "layout": "",
    "viewCount": 295,
    "userName": "q***n",
    "commentCount": 0,
    "starCount": 4,
    "isStared": 0,
    "thumbnailURL": "https://www.makeapie.com/ecg-storage/ec_gallery_thumbnail/xAbJOJGLX.png?v=1572516858689",
    "isCustomThumbnail": 1,
    "builtinTags": [
        "category-work",
        "grid",
        "markPoint",
        "series-bar"
    ],
    "customTags": [
        "bar",
        "PM25",
        "污染物",
        "空气质量"
    ],
    "updaterUserName": "q***n"
}