{
    "cid": "xbXH84kFS",
    "authorUid": "bd-3324025757",
    "authorUserName": "天***斋",
    "title": "柱状向上",
    "description": "",
    "latestVersion": 1,
    "alwaysLatest": 1,
    "createTime": "2019-11-03T15:25:52.000Z",
    "lastUpdateTime": "2019-11-03T15:25:52.000Z",
    "auth": 2,
    "uid": "bd-3324025757",
    "publishedVersion": 0,
    "forkFrom": "-",
    "isSpam": 0,
    "version": 1,
    "parentVersion": -1,
    "echartsVersion": "4.4.0",
    "versionCreateTime": "2019-11-03T15:25:53.000Z",
    "html": "",
    "externalScripts": "",
    "updaterUID": "bd-3324025757",
    "theme": "",
    "layout": "",
    "viewCount": 99,
    "userName": "天***斋",
    "commentCount": 0,
    "starCount": 2,
    "isStared": 0,
    "thumbnailURL": "https://www.makeapie.com/ecg-storage/ec_gallery_thumbnail/xbXH84kFS.png?v=1572794753078",
    "isCustomThumbnail": 0,
    "builtinTags": [
        "category-work",
        "grid",
        "series-bar"
    ],
    "customTags": [],
    "updaterUserName": "天***斋"
}