{
    "cid": "xEvaVPC_2",
    "authorUid": "bd-2305766017",
    "authorUserName": "小***阳",
    "title": "圆柱图标",
    "description": "找到例子都是一个柱子，自己尝试了一下实现了两个柱子",
    "latestVersion": 1,
    "alwaysLatest": 1,
    "createTime": "2019-11-01T07:58:02.000Z",
    "lastUpdateTime": "2019-11-01T07:58:02.000Z",
    "auth": 1,
    "uid": "bd-2305766017",
    "publishedVersion": 0,
    "forkFrom": "-",
    "isSpam": 0,
    "version": 1,
    "parentVersion": -1,
    "echartsVersion": "4.4.0",
    "versionCreateTime": "2019-11-01T07:58:02.000Z",
    "html": "",
    "externalScripts": "",
    "updaterUID": "bd-2305766017",
    "theme": "",
    "layout": "",
    "viewCount": 16,
    "userName": "小***阳",
    "commentCount": 0,
    "starCount": 0,
    "isStared": 0,
    "thumbnailURL": "https://www.makeapie.com/ecg-storage/ec_gallery_thumbnail/xEvaVPC_2.png?v=1572595082575",
    "isCustomThumbnail": 0,
    "builtinTags": [
        "category-work",
        "grid",
        "series-line",
        "title"
    ],
    "customTags": [],
    "updaterUserName": "小***阳"
}