{
    "cid": "xfP5BYERS",
    "authorUid": "bd-1831823249",
    "authorUserName": "W***一",
    "title": "雷达图",
    "description": "大屏",
    "latestVersion": 1,
    "alwaysLatest": 1,
    "createTime": "2019-11-01T07:51:01.000Z",
    "lastUpdateTime": "2019-11-01T07:51:01.000Z",
    "auth": 2,
    "uid": "bd-1831823249",
    "publishedVersion": 0,
    "forkFrom": "-",
    "isSpam": 0,
    "version": 1,
    "parentVersion": -1,
    "echartsVersion": "4.4.0",
    "versionCreateTime": "2019-11-01T07:51:01.000Z",
    "html": "",
    "externalScripts": "",
    "updaterUID": "bd-1831823249",
    "theme": "",
    "layout": "",
    "viewCount": 463,
    "userName": "W***一",
    "commentCount": 0,
    "starCount": 1,
    "isStared": 0,
    "thumbnailURL": "https://www.makeapie.com/ecg-storage/ec_gallery_thumbnail/xfP5BYERS.png?v=1572594661605",
    "isCustomThumbnail": 0,
    "builtinTags": [
        "category-work",
        "legend",
        "radar",
        "series-radar",
        "title",
        "tooltip"
    ],
    "customTags": [],
    "updaterUserName": "W***一"
}