{
    "cid": "xGf0jkjbG",
    "authorUid": "bd-3678937452",
    "authorUserName": "宫***幻",
    "title": "柱形图",
    "description": "",
    "latestVersion": 3,
    "alwaysLatest": 1,
    "createTime": "2019-11-01T09:16:39.000Z",
    "lastUpdateTime": "2019-11-01T09:16:39.000Z",
    "auth": 2,
    "uid": "bd-3678937452",
    "publishedVersion": 0,
    "forkFrom": "-",
    "isSpam": 0,
    "version": 3,
    "parentVersion": 2,
    "echartsVersion": "4.8.0",
    "versionCreateTime": "2020-10-12T02:57:44.000Z",
    "html": "",
    "externalScripts": "",
    "updaterUID": "bd-3678937452",
    "theme": "",
    "layout": "",
    "viewCount": 185,
    "userName": "宫***幻",
    "commentCount": 0,
    "starCount": 4,
    "isStared": 0,
    "thumbnailURL": "https://www.makeapie.com/ecg-storage/ec_gallery_thumbnail/xGf0jkjbG.png?v=1602471464213",
    "isCustomThumbnail": 0,
    "builtinTags": [
        "category-work",
        "grid",
        "series-bar",
        "title",
        "toolbox",
        "tooltip"
    ],
    "customTags": [],
    "updaterUserName": "宫***幻"
}