{
    "cid": "xI7pq0gWN",
    "authorUid": "bd-328416242",
    "authorUserName": "松***狼",
    "title": "china",
    "description": "中国地图",
    "latestVersion": 1,
    "alwaysLatest": 1,
    "createTime": "2019-11-04T10:01:52.000Z",
    "lastUpdateTime": "2019-11-04T10:01:52.000Z",
    "auth": 2,
    "uid": "bd-328416242",
    "publishedVersion": 0,
    "forkFrom": "-",
    "isSpam": 0,
    "version": 1,
    "parentVersion": -1,
    "echartsVersion": "4.4.0",
    "versionCreateTime": "2019-11-04T10:01:52.000Z",
    "html": "",
    "externalScripts": "",
    "updaterUID": "bd-328416242",
    "theme": "",
    "layout": "",
    "viewCount": 4,
    "userName": "松***狼",
    "commentCount": 0,
    "starCount": 0,
    "isStared": 0,
    "thumbnailURL": "https://www.makeapie.com/ecg-storage/ec_gallery_thumbnail/xI7pq0gWN.png?v=1572861713067",
    "isCustomThumbnail": 0,
    "builtinTags": [
        "category-work",
        "grid",
        "series-line",
        "title"
    ],
    "customTags": [],
    "updaterUserName": "松***狼"
}