{
    "cid": "xkzrS2ku4",
    "authorUid": "bd-2182780168",
    "authorUserName": "偶***道",
    "title": "折线图 - 断点处理",
    "description": "解决折线图中的断点显示问题：\n  用虚线连接断点，所以需要写个算法根据前后的值取一个虚拟值，然后用虚线连接。",
    "latestVersion": 5,
    "alwaysLatest": 1,
    "createTime": "2019-11-04T08:18:58.000Z",
    "lastUpdateTime": "2019-11-04T08:18:58.000Z",
    "auth": 2,
    "uid": "bd-2182780168",
    "publishedVersion": 0,
    "forkFrom": "-",
    "isSpam": 0,
    "version": 5,
    "parentVersion": 4,
    "echartsVersion": "4.4.0",
    "versionCreateTime": "2019-11-21T11:16:53.000Z",
    "html": "",
    "externalScripts": "",
    "updaterUID": "bd-2182780168",
    "theme": "",
    "layout": "",
    "viewCount": 86,
    "userName": "偶***道",
    "commentCount": 0,
    "starCount": 1,
    "isStared": 0,
    "thumbnailURL": "https://www.makeapie.com/ecg-storage/ec_gallery_thumbnail/xkzrS2ku4.png?v=1574335013477",
    "isCustomThumbnail": 0,
    "builtinTags": [
        "category-work",
        "grid",
        "series-line",
        "tooltip"
    ],
    "customTags": [],
    "updaterUserName": "偶***道"
}