{
    "cid": "xPJ48SPUd",
    "authorUid": "bd-257182154",
    "authorUserName": "好***胡",
    "title": "嵌套饼图",
    "description": "",
    "latestVersion": 1,
    "alwaysLatest": 1,
    "createTime": "2019-11-04T15:09:12.000Z",
    "lastUpdateTime": "2019-11-04T15:09:12.000Z",
    "auth": 2,
    "uid": "bd-257182154",
    "publishedVersion": 0,
    "forkFrom": "-",
    "isSpam": 0,
    "version": 1,
    "parentVersion": -1,
    "echartsVersion": "4.4.0",
    "versionCreateTime": "2019-11-04T15:09:12.000Z",
    "html": "",
    "externalScripts": "",
    "updaterUID": "bd-257182154",
    "theme": "",
    "layout": "",
    "viewCount": 65,
    "userName": "好***胡",
    "commentCount": 0,
    "starCount": 1,
    "isStared": 0,
    "thumbnailURL": "https://www.makeapie.com/ecg-storage/ec_gallery_thumbnail/xPJ48SPUd.png?v=1572880152938",
    "isCustomThumbnail": 0,
    "builtinTags": [
        "category-work",
        "legend",
        "series-pie",
        "tooltip"
    ],
    "customTags": [],
    "updaterUserName": "好***胡"
}