{
    "cid": "xqbY0rC7y",
    "authorUid": "bd-3324025757",
    "authorUserName": "天***斋",
    "title": "动态旋转",
    "description": "",
    "latestVersion": 3,
    "alwaysLatest": 1,
    "createTime": "2019-11-01T13:06:31.000Z",
    "lastUpdateTime": "2019-11-01T13:06:31.000Z",
    "auth": 2,
    "uid": "bd-3324025757",
    "publishedVersion": 0,
    "forkFrom": "-",
    "isSpam": 0,
    "version": 3,
    "parentVersion": 2,
    "echartsVersion": "4.4.0",
    "versionCreateTime": "2019-11-04T10:16:26.000Z",
    "html": "",
    "externalScripts": "",
    "updaterUID": "bd-3324025757",
    "theme": "",
    "layout": "",
    "viewCount": 474,
    "userName": "天***斋",
    "commentCount": 0,
    "starCount": 4,
    "isStared": 0,
    "thumbnailURL": "https://www.makeapie.com/ecg-storage/ec_gallery_thumbnail/xqbY0rC7y.png?v=1572862586969",
    "isCustomThumbnail": 0,
    "builtinTags": [
        "category-work",
        "series-custom",
        "series-pie",
        "title"
    ],
    "customTags": [],
    "updaterUserName": "天***斋"
}