{
    "cid": "xqUrRX3br",
    "authorUid": "bd-3244135873",
    "authorUserName": "金***1",
    "title": "温度类型统计-三联动",
    "description": "采用饼图、柱状图、曲线图三联动，柱状图、曲线图颜色区分",
    "latestVersion": 4,
    "alwaysLatest": 1,
    "createTime": "2019-10-31T01:33:57.000Z",
    "lastUpdateTime": "2019-10-31T01:33:57.000Z",
    "auth": 2,
    "uid": "bd-3244135873",
    "publishedVersion": 0,
    "forkFrom": "-",
    "isSpam": 0,
    "version": 4,
    "parentVersion": 3,
    "echartsVersion": "4.4.0",
    "versionCreateTime": "2019-10-31T01:41:02.000Z",
    "html": "",
    "externalScripts": "",
    "updaterUID": "bd-3244135873",
    "theme": "",
    "layout": "",
    "viewCount": 1002,
    "userName": "金***1",
    "commentCount": 0,
    "starCount": 5,
    "isStared": 0,
    "thumbnailURL": "https://www.makeapie.com/ecg-storage/ec_gallery_thumbnail/xqUrRX3br.png?v=1572486062235",
    "isCustomThumbnail": 0,
    "builtinTags": [
        "category-work",
        "grid",
        "legend",
        "markLine",
        "markPoint",
        "series-bar",
        "series-line",
        "series-pie",
        "title",
        "tooltip",
        "visualMap"
    ],
    "customTags": [
        "bar",
        "line",
        "pie",
        "visualMap"
    ],
    "updaterUserName": "金***1"
}