{
    "cid": "xVS2vSJZB",
    "authorUid": "bd-723739763",
    "authorUserName": "黑***寞",
    "title": "浓度变化(ppm)",
    "description": "烟感传感器浓度变化表",
    "latestVersion": 1,
    "alwaysLatest": 1,
    "createTime": "2019-11-01T10:17:07.000Z",
    "lastUpdateTime": "2019-11-01T10:17:07.000Z",
    "auth": 2,
    "uid": "bd-723739763",
    "publishedVersion": 0,
    "forkFrom": "-",
    "isSpam": 0,
    "version": 1,
    "parentVersion": -1,
    "echartsVersion": "4.4.0",
    "versionCreateTime": "2019-11-01T10:17:07.000Z",
    "html": "",
    "externalScripts": "",
    "updaterUID": "bd-723739763",
    "theme": "",
    "layout": "",
    "viewCount": 331,
    "userName": "黑***寞",
    "commentCount": 0,
    "starCount": 0,
    "isStared": 0,
    "thumbnailURL": "https://www.makeapie.com/ecg-storage/ec_gallery_thumbnail/xVS2vSJZB.png?v=1572603427386",
    "isCustomThumbnail": 0,
    "builtinTags": [
        "category-work",
        "grid",
        "markLine",
        "markPoint",
        "series-line",
        "title",
        "tooltip"
    ],
    "customTags": [],
    "updaterUserName": "黑***寞"
}