{
    "cid": "xXExxI1Av",
    "authorUid": "bd-3324025757",
    "authorUserName": "天***斋",
    "title": "pie+极坐标",
    "description": "",
    "latestVersion": 1,
    "alwaysLatest": 1,
    "createTime": "2019-11-03T15:47:27.000Z",
    "lastUpdateTime": "2019-11-03T15:47:27.000Z",
    "auth": 2,
    "uid": "bd-3324025757",
    "publishedVersion": 0,
    "forkFrom": "-",
    "isSpam": 0,
    "version": 1,
    "parentVersion": -1,
    "echartsVersion": "4.4.0",
    "versionCreateTime": "2019-11-03T15:47:27.000Z",
    "html": "",
    "externalScripts": "",
    "updaterUID": "bd-3324025757",
    "theme": "",
    "layout": "",
    "viewCount": 87,
    "userName": "天***斋",
    "commentCount": 0,
    "starCount": 0,
    "isStared": 0,
    "thumbnailURL": "https://www.makeapie.com/ecg-storage/ec_gallery_thumbnail/xXExxI1Av.png?v=1572796048016",
    "isCustomThumbnail": 0,
    "builtinTags": [
        "category-work",
        "polar",
        "series-pie"
    ],
    "customTags": [],
    "updaterUserName": "天***斋"
}