{
    "cid": "x4c-JNZO-D",
    "authorUid": "bd-3055827877",
    "authorUserName": "怒***8",
    "title": "饼图分析",
    "description": "",
    "latestVersion": 1,
    "alwaysLatest": 0,
    "createTime": "2021-11-18T09:20:48.000Z",
    "lastUpdateTime": "2021-11-18T09:20:48.000Z",
    "auth": 2,
    "uid": "bd-3055827877",
    "publishedVersion": 0,
    "forkFrom": "-",
    "isSpam": 0,
    "version": 1,
    "parentVersion": -1,
    "echartsVersion": "5.2.2",
    "versionCreateTime": "2021-11-18T09:20:48.000Z",
    "html": "",
    "externalScripts": "",
    "updaterUID": "bd-3055827877",
    "theme": "",
    "layout": "",
    "viewCount": 0,
    "userName": "怒***8",
    "commentCount": 0,
    "starCount": 2,
    "isStared": 0,
    "thumbnailURL": "https://www.makeapie.com/ecg-storage/ec_gallery_thumbnail/x4c-JNZO-D.png?v=1637227248682",
    "isCustomThumbnail": 0,
    "builtinTags": [
        "category-work",
        "legend",
        "series-pie",
        "tooltip"
    ],
    "customTags": [],
    "updaterUserName": "怒***8"
}