{
    "cid": "x5Ey6apKpL",
    "authorUid": "obd-o2TuNbt0mFxEq6d-KhgwkwlslublPBs",
    "authorUserName": "187******02",
    "title": "温度",
    "description": "",
    "latestVersion": 9,
    "alwaysLatest": 0,
    "createTime": "2021-11-17T05:44:32.000Z",
    "lastUpdateTime": "2021-11-25T07:10:35.000Z",
    "auth": 2,
    "uid": "obd-o2TuNbt0mFxEq6d-KhgwkwlslublPBs",
    "publishedVersion": 0,
    "forkFrom": "-",
    "isSpam": 0,
    "version": 9,
    "parentVersion": 8,
    "echartsVersion": "5.2.2",
    "versionCreateTime": "2021-11-25T07:10:35.000Z",
    "html": "",
    "externalScripts": "",
    "updaterUID": "obd-o2TuNbt0mFxEq6d-KhgwkwlslublPBs",
    "theme": "",
    "layout": "",
    "viewCount": 0,
    "userName": "187******02",
    "commentCount": 0,
    "starCount": 0,
    "isStared": 0,
    "thumbnailURL": "https://www.makeapie.com/ecg-storage/ec_gallery_thumbnail/x5Ey6apKpL.png?v=1637824235459",
    "isCustomThumbnail": 0,
    "builtinTags": [
        "category-work",
        "grid",
        "series-bar",
        "title"
    ],
    "customTags": [],
    "updaterUserName": "187******02"
}