{
    "cid": "xf10mRAyDF",
    "authorUid": "obd-otCkFurVYcfazHQTExH9eTGvnA0Vh8X",
    "authorUserName": "风***下",
    "title": "预警超期分布柱状图",
    "description": "",
    "latestVersion": 3,
    "alwaysLatest": 0,
    "createTime": "2021-11-18T00:54:09.000Z",
    "lastUpdateTime": "2021-11-26T02:59:07.000Z",
    "auth": 2,
    "uid": "obd-otCkFurVYcfazHQTExH9eTGvnA0Vh8X",
    "publishedVersion": 0,
    "forkFrom": "-",
    "isSpam": 0,
    "version": 3,
    "parentVersion": 2,
    "echartsVersion": "5.2.2",
    "versionCreateTime": "2021-11-26T02:59:07.000Z",
    "html": "",
    "externalScripts": "",
    "updaterUID": "obd-otCkFurVYcfazHQTExH9eTGvnA0Vh8X",
    "theme": "",
    "layout": "",
    "viewCount": 0,
    "userName": "风***下",
    "commentCount": 0,
    "starCount": 0,
    "isStared": 0,
    "thumbnailURL": "https://www.makeapie.com/ecg-storage/ec_gallery_thumbnail/xf10mRAyDF.png?v=1637895547421",
    "isCustomThumbnail": 0,
    "builtinTags": [
        "category-work",
        "grid",
        "legend",
        "series-bar",
        "series-pictorialBar",
        "tooltip"
    ],
    "customTags": [],
    "updaterUserName": "风***下"
}