{
    "cid": "xhBufu3gQW",
    "authorUid": "bd-3323327795",
    "authorUserName": "笑***野",
    "title": "栅栏柱状图",
    "description": "",
    "latestVersion": 5,
    "alwaysLatest": 0,
    "createTime": "2021-11-17T09:31:37.000Z",
    "lastUpdateTime": "2021-11-17T10:13:13.000Z",
    "auth": 2,
    "uid": "bd-3323327795",
    "publishedVersion": 0,
    "forkFrom": "-",
    "isSpam": 0,
    "version": 5,
    "parentVersion": 4,
    "echartsVersion": "5.2.2",
    "versionCreateTime": "2021-11-17T10:13:13.000Z",
    "html": "",
    "externalScripts": "",
    "updaterUID": "bd-3323327795",
    "theme": "",
    "layout": "",
    "viewCount": 0,
    "userName": "笑***野",
    "commentCount": 0,
    "starCount": 2,
    "isStared": 0,
    "thumbnailURL": "https://www.makeapie.com/ecg-storage/ec_gallery_thumbnail/xhBufu3gQW.png?v=1637143993983",
    "isCustomThumbnail": 0,
    "builtinTags": [
        "category-work",
        "grid",
        "series-pictorialBar",
        "tooltip"
    ],
    "customTags": [],
    "updaterUserName": "笑***野"
}