{
    "cid": "xhWM1f-zGO",
    "authorUid": "obd-oFDwVnOpbXu7tJ2IobOR-5oz_EUvO5B",
    "authorUserName": "小***3",
    "title": "ce",
    "description": "",
    "latestVersion": 3,
    "alwaysLatest": 0,
    "createTime": "2021-11-17T04:19:35.000Z",
    "lastUpdateTime": "2021-11-18T03:11:37.000Z",
    "auth": 1,
    "uid": "obd-oFDwVnOpbXu7tJ2IobOR-5oz_EUvO5B",
    "publishedVersion": 0,
    "forkFrom": "-",
    "isSpam": 0,
    "version": 3,
    "parentVersion": 2,
    "echartsVersion": "5.2.2",
    "versionCreateTime": "2021-11-18T03:11:37.000Z",
    "html": "",
    "externalScripts": "",
    "updaterUID": "ec-gallery-anonymous",
    "theme": "",
    "layout": "",
    "viewCount": 0,
    "userName": "小***3",
    "commentCount": 0,
    "starCount": 0,
    "isStared": 0,
    "thumbnailURL": "https://www.makeapie.com/ecg-storage/ec_gallery_thumbnail/xhWM1f-zGO.png?v=1637205097207",
    "isCustomThumbnail": 0,
    "builtinTags": [
        "category-work",
        "geo",
        "series-effectScatter",
        "series-lines",
        "series-map"
    ],
    "customTags": []
}