{
    "cid": "xkK_6AjCg1",
    "authorUid": "obd-oEyg0MBTbn0D6qb0urq-VcfO5AutO4f",
    "authorUserName": "c***嘤",
    "title": "双坐标轴跌涨幅柱状图",
    "description": "",
    "latestVersion": 2,
    "alwaysLatest": 0,
    "createTime": "2021-11-18T07:38:09.000Z",
    "lastUpdateTime": "2021-11-18T08:27:10.000Z",
    "auth": 2,
    "uid": "obd-oEyg0MBTbn0D6qb0urq-VcfO5AutO4f",
    "publishedVersion": 0,
    "forkFrom": "-",
    "isSpam": 0,
    "version": 2,
    "parentVersion": 1,
    "echartsVersion": "5.2.2",
    "versionCreateTime": "2021-11-18T08:27:10.000Z",
    "html": "",
    "externalScripts": "",
    "updaterUID": "obd-oEyg0MBTbn0D6qb0urq-VcfO5AutO4f",
    "theme": "",
    "layout": "",
    "viewCount": 0,
    "userName": "c***嘤",
    "commentCount": 0,
    "starCount": 2,
    "isStared": 0,
    "thumbnailURL": "https://www.makeapie.com/ecg-storage/ec_gallery_thumbnail/xkK_6AjCg1.png?v=1637224030391",
    "isCustomThumbnail": 0,
    "builtinTags": [
        "category-work",
        "grid",
        "legend",
        "series-bar"
    ],
    "customTags": [],
    "updaterUserName": "c***嘤"
}