{
    "cid": "xkV7yV5OaY",
    "authorUid": "obd-ojd2vtJtLJ5gwnnR27bg3DeqOcgq2EO",
    "authorUserName": "182*****328",
    "title": "链路利用率Top5",
    "description": "花里胡哨的排序图",
    "latestVersion": 4,
    "alwaysLatest": 0,
    "createTime": "2021-11-17T07:03:52.000Z",
    "lastUpdateTime": "2021-11-17T07:14:42.000Z",
    "auth": 2,
    "uid": "obd-ojd2vtJtLJ5gwnnR27bg3DeqOcgq2EO",
    "publishedVersion": 0,
    "forkFrom": "-",
    "isSpam": 0,
    "version": 4,
    "parentVersion": 3,
    "echartsVersion": "5.2.2",
    "versionCreateTime": "2021-11-17T07:14:42.000Z",
    "html": "",
    "externalScripts": "",
    "updaterUID": "obd-ojd2vtJtLJ5gwnnR27bg3DeqOcgq2EO",
    "theme": "",
    "layout": "",
    "viewCount": 0,
    "userName": "182*****328",
    "commentCount": 1,
    "starCount": 10,
    "isStared": 0,
    "thumbnailURL": "https://www.makeapie.com/ecg-storage/ec_gallery_thumbnail/xkV7yV5OaY.png?v=1637133282855",
    "isCustomThumbnail": 0,
    "builtinTags": [
        "category-work",
        "grid",
        "series-pictorialBar",
        "title",
        "tooltip"
    ],
    "customTags": [],
    "updaterUserName": "182*****328"
}