{
    "cid": "xLYeobJvI5",
    "authorUid": "obd-oMZbI7q97ApVd1J_6e75c2lL3NPSY2N",
    "authorUserName": "一***恒",
    "title": "Awesome Chart",
    "description": "",
    "latestVersion": 1,
    "alwaysLatest": 0,
    "createTime": "2021-11-17T07:05:24.000Z",
    "lastUpdateTime": "2021-11-17T07:05:24.000Z",
    "auth": 2,
    "uid": "obd-oMZbI7q97ApVd1J_6e75c2lL3NPSY2N",
    "publishedVersion": 0,
    "forkFrom": "-",
    "isSpam": 0,
    "version": 1,
    "parentVersion": -1,
    "echartsVersion": "5.2.2",
    "versionCreateTime": "2021-11-17T07:05:24.000Z",
    "html": "",
    "externalScripts": "https://cdn.jsdelivr.net/npm/echarts-stat/dist/ecStat.min.js",
    "updaterUID": "obd-oMZbI7q97ApVd1J_6e75c2lL3NPSY2N",
    "theme": "",
    "layout": "",
    "viewCount": 0,
    "userName": "一***恒",
    "commentCount": 0,
    "starCount": 0,
    "isStared": 0,
    "thumbnailURL": "https://www.makeapie.com/ecg-storage/ec_gallery_thumbnail/xLYeobJvI5.png?v=1637132724403",
    "isCustomThumbnail": 0,
    "builtinTags": [
        "category-work",
        "grid",
        "series-bar",
        "title"
    ],
    "customTags": [],
    "updaterUserName": "一***恒"
}