{
    "cid": "xmFz05knVu",
    "authorUid": "obd-oDAasHfUYiZpNjD8MzzWPMLMfKo4d1f",
    "authorUserName": "198******70",
    "title": "饼图",
    "description": "",
    "latestVersion": 2,
    "alwaysLatest": 0,
    "createTime": "2021-11-18T01:51:50.000Z",
    "lastUpdateTime": "2021-11-18T01:52:56.000Z",
    "auth": 2,
    "uid": "obd-oDAasHfUYiZpNjD8MzzWPMLMfKo4d1f",
    "publishedVersion": 0,
    "forkFrom": "-",
    "isSpam": 0,
    "version": 2,
    "parentVersion": 1,
    "echartsVersion": "5.2.2",
    "versionCreateTime": "2021-11-18T01:52:56.000Z",
    "html": "",
    "externalScripts": "",
    "updaterUID": "obd-oDAasHfUYiZpNjD8MzzWPMLMfKo4d1f",
    "theme": "",
    "layout": "",
    "viewCount": 0,
    "userName": "198******70",
    "commentCount": 0,
    "starCount": 0,
    "isStared": 0,
    "thumbnailURL": "https://www.makeapie.com/ecg-storage/ec_gallery_thumbnail/xmFz05knVu.png?v=1637200376349",
    "isCustomThumbnail": 0,
    "builtinTags": [
        "category-work",
        "series-pie",
        "tooltip"
    ],
    "customTags": [],
    "updaterUserName": "198******70"
}