{
    "cid": "xomSYW64ff",
    "authorUid": "bd-3172069847",
    "authorUserName": "冰***辉",
    "title": "圆柱",
    "description": "",
    "latestVersion": 2,
    "alwaysLatest": 0,
    "createTime": "2021-11-17T07:55:30.000Z",
    "lastUpdateTime": "2021-11-17T07:58:31.000Z",
    "auth": 2,
    "uid": "bd-3172069847",
    "publishedVersion": 0,
    "forkFrom": "-",
    "isSpam": 0,
    "version": 2,
    "parentVersion": 1,
    "echartsVersion": "5.2.2",
    "versionCreateTime": "2021-11-17T07:58:31.000Z",
    "html": "",
    "externalScripts": "",
    "updaterUID": "bd-3172069847",
    "theme": "",
    "layout": "",
    "viewCount": 0,
    "userName": "冰***辉",
    "commentCount": 0,
    "starCount": 3,
    "isStared": 0,
    "thumbnailURL": "https://www.makeapie.com/ecg-storage/ec_gallery_thumbnail/xomSYW64ff.png?v=1637135911471",
    "isCustomThumbnail": 0,
    "builtinTags": [
        "category-work",
        "grid",
        "series-bar",
        "series-pictorialBar",
        "tooltip"
    ],
    "customTags": [],
    "updaterUserName": "冰***辉"
}