{
    "cid": "xVP3Dig1qd",
    "authorUid": "obd-otKT8G2rU-0SxEq1sJBVAY4gph6q18H",
    "authorUserName": "青***i",
    "title": "环形图",
    "description": "总量",
    "latestVersion": 1,
    "alwaysLatest": 0,
    "createTime": "2021-11-18T06:48:25.000Z",
    "lastUpdateTime": "2021-11-18T06:48:25.000Z",
    "auth": 2,
    "uid": "obd-otKT8G2rU-0SxEq1sJBVAY4gph6q18H",
    "publishedVersion": 0,
    "forkFrom": "-",
    "isSpam": 0,
    "version": 1,
    "parentVersion": -1,
    "echartsVersion": "5.2.2",
    "versionCreateTime": "2021-11-18T06:48:25.000Z",
    "html": "",
    "externalScripts": "",
    "updaterUID": "obd-otKT8G2rU-0SxEq1sJBVAY4gph6q18H",
    "theme": "dark",
    "layout": "",
    "viewCount": 0,
    "userName": "青***i",
    "commentCount": 0,
    "starCount": 0,
    "isStared": 0,
    "thumbnailURL": "https://www.makeapie.com/ecg-storage/ec_gallery_thumbnail/xVP3Dig1qd.png?v=1637218105512",
    "isCustomThumbnail": 0,
    "builtinTags": [
        "category-work",
        "legend",
        "series-pie",
        "title",
        "tooltip"
    ],
    "customTags": [],
    "updaterUserName": "青***i"
}