{
    "cid": "xW8-mw-_AJ",
    "authorUid": "bd-3224702414",
    "authorUserName": "大***愁",
    "title": "需求变化",
    "description": "11",
    "latestVersion": 2,
    "alwaysLatest": 0,
    "createTime": "2021-11-17T08:01:13.000Z",
    "lastUpdateTime": "2021-11-17T08:25:13.000Z",
    "auth": 2,
    "uid": "bd-3224702414",
    "publishedVersion": 0,
    "forkFrom": "-",
    "isSpam": 0,
    "version": 2,
    "parentVersion": 1,
    "echartsVersion": "5.2.2",
    "versionCreateTime": "2021-11-17T08:25:13.000Z",
    "html": "",
    "externalScripts": "",
    "updaterUID": "bd-3224702414",
    "theme": "",
    "layout": "",
    "viewCount": 0,
    "userName": "大***愁",
    "commentCount": 0,
    "starCount": 0,
    "isStared": 0,
    "thumbnailURL": "https://www.makeapie.com/ecg-storage/ec_gallery_thumbnail/xW8-mw-_AJ.png?v=1637137513527",
    "isCustomThumbnail": 0,
    "builtinTags": [
        "category-work",
        "series-funnel",
        "title",
        "tooltip"
    ],
    "customTags": [],
    "updaterUserName": "大***愁"
}