{
    "cid": "xWQtqyUpWk",
    "authorUid": "bd-1225293595",
    "authorUserName": "8***1",
    "title": "scatter 散点展示成材率",
    "description": "按月份 产品展示该产品的成材率",
    "latestVersion": 1,
    "alwaysLatest": 0,
    "createTime": "2021-11-18T07:54:14.000Z",
    "lastUpdateTime": "2021-11-18T07:54:14.000Z",
    "auth": 2,
    "uid": "bd-1225293595",
    "publishedVersion": 0,
    "forkFrom": "-",
    "isSpam": 0,
    "version": 1,
    "parentVersion": -1,
    "echartsVersion": "5.2.2",
    "versionCreateTime": "2021-11-18T07:54:14.000Z",
    "html": "",
    "externalScripts": "",
    "updaterUID": "bd-1225293595",
    "theme": "",
    "layout": "",
    "viewCount": 0,
    "userName": "8***1",
    "commentCount": 0,
    "starCount": 1,
    "isStared": 0,
    "thumbnailURL": "https://www.makeapie.com/ecg-storage/ec_gallery_thumbnail/xWQtqyUpWk.png?v=1637222054393",
    "isCustomThumbnail": 0,
    "builtinTags": [
        "category-work",
        "grid",
        "series-scatter",
        "tooltip"
    ],
    "customTags": [],
    "updaterUserName": "8***1"
}