{
    "cid": "x6AW7VCv1C",
    "authorUid": "bd-3793071787",
    "authorUserName": "二***弃",
    "title": "竖行的柱状图",
    "description": "竖行的柱状图",
    "latestVersion": 2,
    "alwaysLatest": 1,
    "createTime": "2019-05-24T07:19:27.000Z",
    "lastUpdateTime": "2019-05-24T07:19:27.000Z",
    "auth": 1,
    "uid": "bd-3793071787",
    "publishedVersion": 0,
    "forkFrom": "-",
    "isSpam": 0,
    "version": 2,
    "parentVersion": 1,
    "echartsVersion": "4.2.1",
    "versionCreateTime": "2019-05-24T07:24:23.000Z",
    "html": "",
    "externalScripts": "",
    "updaterUID": "bd-3793071787",
    "theme": "",
    "layout": "",
    "viewCount": 316,
    "userName": "二***弃",
    "commentCount": 0,
    "starCount": 3,
    "isStared": 0,
    "thumbnailURL": "https://www.makeapie.com/ecg-storage/ec_gallery_thumbnail/x6AW7VCv1C.png?v=1558682663837",
    "isCustomThumbnail": 0,
    "builtinTags": [
        "category-work",
        "grid",
        "legend",
        "series-bar",
        "title",
        "tooltip"
    ],
    "customTags": [],
    "updaterUserName": "二***弃"
}