{
    "cid": "x6OXjkBrW8",
    "authorUid": "bd-368113206",
    "authorUserName": "ththt在路上",
    "title": "的收拾收拾所所所所所",
    "description": "的方法反反复复付付付付付付付付付",
    "latestVersion": 3,
    "alwaysLatest": 1,
    "createTime": "2019-05-26T18:48:53.000Z",
    "lastUpdateTime": "2019-05-26T18:48:53.000Z",
    "auth": 2,
    "uid": "bd-368113206",
    "publishedVersion": 0,
    "forkFrom": "-",
    "isSpam": 0,
    "version": 3,
    "parentVersion": 2,
    "echartsVersion": "4.2.1",
    "versionCreateTime": "2019-05-26T18:57:17.000Z",
    "html": "",
    "externalScripts": "",
    "updaterUID": "bd-368113206",
    "theme": "",
    "layout": "",
    "viewCount": 57,
    "userName": "ththt在路上",
    "commentCount": 0,
    "starCount": 0,
    "isStared": 0,
    "thumbnailURL": "https://www.makeapie.com/ecg-storage/ec_gallery_thumbnail/x6OXjkBrW8.png?v=1558897037303",
    "isCustomThumbnail": 0,
    "builtinTags": [
        "category-work"
    ],
    "customTags": [],
    "updaterUserName": "ththt在路上"
}