{
    "cid": "x8VXk0CIfG",
    "authorUid": "bd-778803181",
    "authorUserName": "187*****536",
    "title": "柱状图X轴值显示为纵向",
    "description": "",
    "latestVersion": 2,
    "alwaysLatest": 1,
    "createTime": "2019-05-24T05:31:36.000Z",
    "lastUpdateTime": "2019-05-24T05:31:36.000Z",
    "auth": 2,
    "uid": "bd-778803181",
    "publishedVersion": 0,
    "forkFrom": "-",
    "isSpam": 0,
    "version": 2,
    "parentVersion": 1,
    "echartsVersion": "4.2.1",
    "versionCreateTime": "2019-05-30T06:42:01.000Z",
    "html": "",
    "externalScripts": "",
    "updaterUID": "bd-778803181",
    "theme": "",
    "layout": "",
    "viewCount": 113,
    "userName": "187*****536",
    "commentCount": 0,
    "starCount": 0,
    "isStared": 0,
    "thumbnailURL": "https://www.makeapie.com/ecg-storage/ec_gallery_thumbnail/x8VXk0CIfG.png?v=1559198521941",
    "isCustomThumbnail": 0,
    "builtinTags": [
        "category-work",
        "grid",
        "series-bar",
        "tooltip"
    ],
    "customTags": [],
    "updaterUserName": "187*****536"
}