{
    "cid": "xceuSx2fDl",
    "authorUid": "bd-3409592402",
    "authorUserName": "孤***末",
    "title": "极坐标",
    "description": "angleAxis里value和category的区别",
    "latestVersion": 3,
    "alwaysLatest": 1,
    "createTime": "2019-05-26T10:40:54.000Z",
    "lastUpdateTime": "2019-05-26T10:40:54.000Z",
    "auth": 2,
    "uid": "bd-3409592402",
    "publishedVersion": 0,
    "forkFrom": "-",
    "isSpam": 0,
    "version": 3,
    "parentVersion": 2,
    "echartsVersion": "4.2.1",
    "versionCreateTime": "2019-05-27T01:46:36.000Z",
    "html": "",
    "externalScripts": "",
    "updaterUID": "bd-3409592402",
    "theme": "",
    "layout": "",
    "viewCount": 740,
    "userName": "孤***末",
    "commentCount": 1,
    "starCount": 4,
    "isStared": 0,
    "thumbnailURL": "https://www.makeapie.com/ecg-storage/ec_gallery_thumbnail/xceuSx2fDl.png?v=1558921596809",
    "isCustomThumbnail": 0,
    "builtinTags": [
        "category-work",
        "polar",
        "series-line",
        "title"
    ],
    "customTags": [],
    "updaterUserName": "孤***末"
}