{
    "cid": "xCZgoV2G39",
    "authorUid": "bd-1101197343",
    "authorUserName": "名***取",
    "title": "雷达图",
    "description": "雷达图",
    "latestVersion": 2,
    "alwaysLatest": 1,
    "createTime": "2019-05-24T06:53:40.000Z",
    "lastUpdateTime": "2019-05-24T06:53:40.000Z",
    "auth": 2,
    "uid": "bd-1101197343",
    "publishedVersion": 0,
    "forkFrom": "-",
    "isSpam": 0,
    "version": 2,
    "parentVersion": 1,
    "echartsVersion": "4.2.1",
    "versionCreateTime": "2019-05-29T09:27:55.000Z",
    "html": "",
    "externalScripts": "",
    "updaterUID": "bd-1101197343",
    "theme": "",
    "layout": "",
    "viewCount": 419,
    "userName": "名***取",
    "commentCount": 0,
    "starCount": 1,
    "isStared": 0,
    "thumbnailURL": "https://www.makeapie.com/ecg-storage/ec_gallery_thumbnail/xCZgoV2G39.png?v=1559122075483",
    "isCustomThumbnail": 0,
    "builtinTags": [
        "category-work",
        "radar",
        "series-radar",
        "tooltip"
    ],
    "customTags": [
        "radar",
        "tooltip"
    ],
    "updaterUserName": "名***取"
}