{
    "cid": "xFqLZaEB-Z",
    "authorUid": "bd-1815385352",
    "authorUserName": "木***i",
    "title": "普通饼图-多legned-备用",
    "description": "",
    "latestVersion": 6,
    "alwaysLatest": 1,
    "createTime": "2019-05-26T13:32:04.000Z",
    "lastUpdateTime": "2020-02-14T06:43:22.000Z",
    "auth": 2,
    "uid": "bd-1815385352",
    "publishedVersion": 3,
    "forkFrom": "-",
    "isSpam": 0,
    "version": 3,
    "parentVersion": 1,
    "echartsVersion": "4.2.1",
    "versionCreateTime": "2019-05-27T05:16:33.000Z",
    "html": "",
    "externalScripts": "",
    "updaterUID": "bd-1815385352",
    "theme": "default",
    "layout": "",
    "viewCount": 78,
    "userName": "木***i",
    "commentCount": 0,
    "starCount": 0,
    "isStared": 0,
    "thumbnailURL": "https://www.makeapie.com/ecg-storage/ec_gallery_thumbnail/xFqLZaEB-Z.png?v=1560304084615",
    "isCustomThumbnail": 0,
    "builtinTags": [
        "category-work",
        "legend",
        "series-pie",
        "title"
    ],
    "customTags": [],
    "updaterUserName": "木***i"
}