{
    "cid": "xGcXfir5mn",
    "authorUid": "bd-3225283816",
    "authorUserName": "啸***y",
    "title": "双环",
    "description": "",
    "latestVersion": 1,
    "alwaysLatest": 1,
    "createTime": "2019-05-27T07:51:37.000Z",
    "lastUpdateTime": "2019-05-27T07:51:37.000Z",
    "auth": 2,
    "uid": "bd-3225283816",
    "publishedVersion": 0,
    "forkFrom": "-",
    "isSpam": 0,
    "version": 1,
    "parentVersion": -1,
    "echartsVersion": "4.2.1",
    "versionCreateTime": "2019-05-27T07:51:37.000Z",
    "html": "",
    "externalScripts": "",
    "updaterUID": "bd-3225283816",
    "theme": "",
    "layout": "",
    "viewCount": 147,
    "userName": "啸***y",
    "commentCount": 0,
    "starCount": 0,
    "isStared": 0,
    "thumbnailURL": "https://www.makeapie.com/ecg-storage/ec_gallery_thumbnail/xGcXfir5mn.png?v=1558943498067",
    "isCustomThumbnail": 0,
    "builtinTags": [
        "category-work",
        "legend",
        "series-pie",
        "toolbox",
        "tooltip"
    ],
    "customTags": [],
    "updaterUserName": "啸***y"
}