{
    "cid": "xm9QM5IC2R",
    "authorUid": "bd-258458457",
    "authorUserName": "破***火",
    "title": "Empty data",
    "description": "option.series is empty array",
    "latestVersion": 1,
    "alwaysLatest": 1,
    "createTime": "2019-05-27T05:50:15.000Z",
    "lastUpdateTime": "2019-05-27T05:50:15.000Z",
    "auth": 2,
    "uid": "bd-258458457",
    "publishedVersion": 0,
    "forkFrom": "-",
    "isSpam": 0,
    "version": 1,
    "parentVersion": -1,
    "echartsVersion": "4.2.1",
    "versionCreateTime": "2019-05-27T05:50:15.000Z",
    "html": "",
    "externalScripts": "",
    "updaterUID": "bd-258458457",
    "theme": "",
    "layout": "",
    "viewCount": 40,
    "userName": "破***火",
    "commentCount": 0,
    "starCount": 0,
    "isStared": 0,
    "thumbnailURL": "https://www.makeapie.com/ecg-storage/ec_gallery_thumbnail/xm9QM5IC2R.png?v=1558936215207",
    "isCustomThumbnail": 0,
    "builtinTags": [
        "category-work",
        "graphic"
    ],
    "customTags": [],
    "updaterUserName": "破***火"
}