{
    "cid": "xSJGtxU4nP",
    "authorUid": "bd-778803181",
    "authorUserName": "187*****536",
    "title": "数据联动",
    "description": "点击直方图，折线图会显示对应的数据",
    "latestVersion": 1,
    "alwaysLatest": 1,
    "createTime": "2019-05-24T05:24:02.000Z",
    "lastUpdateTime": "2019-05-24T05:24:02.000Z",
    "auth": 2,
    "uid": "bd-778803181",
    "publishedVersion": 0,
    "forkFrom": "-",
    "isSpam": 0,
    "version": 1,
    "parentVersion": -1,
    "echartsVersion": "4.2.1",
    "versionCreateTime": "2019-05-24T05:24:02.000Z",
    "html": "",
    "externalScripts": "",
    "updaterUID": "bd-778803181",
    "theme": "",
    "layout": "",
    "viewCount": 140,
    "userName": "187*****536",
    "commentCount": 0,
    "starCount": 2,
    "isStared": 0,
    "thumbnailURL": "https://www.makeapie.com/ecg-storage/ec_gallery_thumbnail/xSJGtxU4nP.png?v=1558675442644",
    "isCustomThumbnail": 0,
    "builtinTags": [
        "category-work",
        "grid",
        "series-bar",
        "series-line",
        "title",
        "tooltip"
    ],
    "customTags": [],
    "updaterUserName": "187*****536"
}