{
    "cid": "xTZA4dQ8aY",
    "authorUid": "bd-1101197343",
    "authorUserName": "名***取",
    "title": "饼图",
    "description": "标签内置展示",
    "latestVersion": 2,
    "alwaysLatest": 1,
    "createTime": "2019-05-27T03:46:25.000Z",
    "lastUpdateTime": "2019-05-27T03:46:25.000Z",
    "auth": 2,
    "uid": "bd-1101197343",
    "publishedVersion": 0,
    "forkFrom": "-",
    "isSpam": 0,
    "version": 2,
    "parentVersion": 1,
    "echartsVersion": "4.2.1",
    "versionCreateTime": "2019-05-27T06:05:06.000Z",
    "html": "",
    "externalScripts": "",
    "updaterUID": "bd-1101197343",
    "theme": "",
    "layout": "",
    "viewCount": 168,
    "userName": "名***取",
    "commentCount": 0,
    "starCount": 0,
    "isStared": 0,
    "thumbnailURL": "https://www.makeapie.com/ecg-storage/ec_gallery_thumbnail/xTZA4dQ8aY.png?v=1558937106176",
    "isCustomThumbnail": 0,
    "builtinTags": [
        "category-work",
        "legend",
        "series-pie",
        "title",
        "tooltip"
    ],
    "customTags": [
        "legend",
        "pie",
        "title",
        "tooltip"
    ],
    "updaterUserName": "名***取"
}