{
    "cid": "xwicrtJkzF",
    "authorUid": "bd-1815385352",
    "authorUserName": "木***i",
    "title": "普通带圈饼图",
    "description": "",
    "latestVersion": 1,
    "alwaysLatest": 1,
    "createTime": "2019-05-27T01:03:59.000Z",
    "lastUpdateTime": "2019-05-27T01:03:59.000Z",
    "auth": 2,
    "uid": "bd-1815385352",
    "publishedVersion": 0,
    "forkFrom": "-",
    "isSpam": 0,
    "version": 1,
    "parentVersion": -1,
    "echartsVersion": "4.2.1",
    "versionCreateTime": "2019-05-27T01:03:59.000Z",
    "html": "",
    "externalScripts": "",
    "updaterUID": "bd-1815385352",
    "theme": "",
    "layout": "",
    "viewCount": 75,
    "userName": "木***i",
    "commentCount": 0,
    "starCount": 0,
    "isStared": 0,
    "thumbnailURL": "https://www.makeapie.com/ecg-storage/ec_gallery_thumbnail/xwicrtJkzF.png?v=1558919039747",
    "isCustomThumbnail": 0,
    "builtinTags": [
        "category-work",
        "series-pie",
        "title"
    ],
    "customTags": [],
    "updaterUserName": "木***i"
}