{
    "cid": "xysJUtfXpg",
    "authorUid": "bd-1815385352",
    "authorUserName": "木***i",
    "title": "普通柱图-柱子颜色不同-备用",
    "description": "",
    "latestVersion": 3,
    "alwaysLatest": 1,
    "createTime": "2019-05-26T13:31:22.000Z",
    "lastUpdateTime": "2019-05-26T13:31:22.000Z",
    "auth": 2,
    "uid": "bd-1815385352",
    "publishedVersion": 0,
    "forkFrom": "-",
    "isSpam": 0,
    "version": 3,
    "parentVersion": 1,
    "echartsVersion": "4.2.1",
    "versionCreateTime": "2019-05-27T07:40:17.000Z",
    "html": "",
    "externalScripts": "",
    "updaterUID": "bd-1815385352",
    "theme": "",
    "layout": "",
    "viewCount": 21,
    "userName": "木***i",
    "commentCount": 0,
    "starCount": 0,
    "isStared": 0,
    "thumbnailURL": "https://www.makeapie.com/ecg-storage/ec_gallery_thumbnail/xysJUtfXpg.png?v=1558942817787",
    "isCustomThumbnail": 0,
    "builtinTags": [
        "category-work",
        "grid",
        "series-bar",
        "title"
    ],
    "customTags": [],
    "updaterUserName": "木***i"
}