{
    "cid": "x1p8acuXMM",
    "authorUid": "bd-1393317740",
    "authorUserName": "枫***轩",
    "title": "各校文理一本学生数",
    "description": "",
    "latestVersion": 4,
    "alwaysLatest": 1,
    "createTime": "2020-05-27T12:46:54.000Z",
    "lastUpdateTime": "2020-05-27T12:46:54.000Z",
    "auth": 2,
    "uid": "bd-1393317740",
    "publishedVersion": 0,
    "forkFrom": "-",
    "isSpam": 0,
    "version": 4,
    "parentVersion": 3,
    "echartsVersion": "4.8.0",
    "versionCreateTime": "2020-05-27T17:41:35.000Z",
    "html": "",
    "externalScripts": "",
    "updaterUID": "bd-1393317740",
    "theme": "",
    "layout": "",
    "viewCount": 37,
    "userName": "枫***轩",
    "commentCount": 0,
    "starCount": 0,
    "isStared": 0,
    "thumbnailURL": "https://www.makeapie.com/ecg-storage/ec_gallery_thumbnail/x1p8acuXMM.png?v=1590601295452",
    "isCustomThumbnail": 0,
    "builtinTags": [
        "category-work",
        "dataset",
        "grid",
        "legend",
        "series-bar",
        "tooltip"
    ],
    "customTags": [],
    "updaterUserName": "枫***轩"
}