{
    "cid": "xcLMvnG0LD",
    "authorUid": "obd-oNTDKN6PflP5r8K7wm9Vtiyj_GUX_Cj",
    "authorUserName": "z***0",
    "title": "江苏省",
    "description": "",
    "latestVersion": 2,
    "alwaysLatest": 1,
    "createTime": "2020-05-27T12:21:18.000Z",
    "lastUpdateTime": "2020-05-27T12:21:18.000Z",
    "auth": 2,
    "uid": "obd-oNTDKN6PflP5r8K7wm9Vtiyj_GUX_Cj",
    "publishedVersion": 0,
    "forkFrom": "-",
    "isSpam": 0,
    "version": 2,
    "parentVersion": 1,
    "echartsVersion": "4.8.0",
    "versionCreateTime": "2020-05-27T14:15:16.000Z",
    "html": "",
    "externalScripts": "",
    "updaterUID": "obd-oNTDKN6PflP5r8K7wm9Vtiyj_GUX_Cj",
    "theme": "",
    "layout": "",
    "viewCount": 420,
    "userName": "z***0",
    "commentCount": 1,
    "starCount": 1,
    "isStared": 0,
    "thumbnailURL": "https://www.makeapie.com/ecg-storage/ec_gallery_thumbnail/xcLMvnG0LD.png?v=1590588916441",
    "isCustomThumbnail": 0,
    "builtinTags": [
        "category-work",
        "geo",
        "graphic",
        "series-effectScatter"
    ],
    "customTags": [],
    "updaterUserName": "z***0"
}