{
    "cid": "xCPJO0kcb0",
    "authorUid": "bd-3030365616",
    "authorUserName": "182*****191",
    "title": "笛卡尔坐标系上的 Graph",
    "description": "",
    "latestVersion": 2,
    "alwaysLatest": 1,
    "createTime": "2020-05-27T06:56:34.000Z",
    "lastUpdateTime": "2020-05-27T06:56:34.000Z",
    "auth": 2,
    "uid": "bd-3030365616",
    "publishedVersion": 0,
    "forkFrom": "-",
    "isSpam": 0,
    "version": 2,
    "parentVersion": 1,
    "echartsVersion": "4.8.0",
    "versionCreateTime": "2020-05-27T07:32:15.000Z",
    "html": "",
    "externalScripts": "",
    "updaterUID": "bd-3030365616",
    "theme": "",
    "layout": "",
    "viewCount": 198,
    "userName": "182*****191",
    "commentCount": 0,
    "starCount": 2,
    "isStared": 0,
    "thumbnailURL": "https://www.makeapie.com/ecg-storage/ec_gallery_thumbnail/xCPJO0kcb0.png?v=1590564735796",
    "isCustomThumbnail": 0,
    "builtinTags": [
        "category-work",
        "grid",
        "series-graph",
        "title",
        "tooltip"
    ],
    "customTags": [],
    "updaterUserName": "182*****191"
}