{
    "cid": "xE6PD_ytGA",
    "authorUid": "obd-oMCV8rZ6sqbWPIEyccNr1UmdKk0zY28",
    "authorUserName": "秋***夜",
    "title": "玫瑰图",
    "description": "",
    "latestVersion": 2,
    "alwaysLatest": 1,
    "createTime": "2020-05-27T07:01:34.000Z",
    "lastUpdateTime": "2020-05-27T07:01:34.000Z",
    "auth": 2,
    "uid": "obd-oMCV8rZ6sqbWPIEyccNr1UmdKk0zY28",
    "publishedVersion": 0,
    "forkFrom": "-",
    "isSpam": 0,
    "version": 2,
    "parentVersion": 1,
    "echartsVersion": "4.8.0",
    "versionCreateTime": "2020-05-27T07:17:31.000Z",
    "html": "",
    "externalScripts": "",
    "updaterUID": "obd-oMCV8rZ6sqbWPIEyccNr1UmdKk0zY28",
    "theme": "",
    "layout": "",
    "viewCount": 2149,
    "userName": "秋***夜",
    "commentCount": 0,
    "starCount": 7,
    "isStared": 0,
    "thumbnailURL": "https://www.makeapie.com/ecg-storage/ec_gallery_thumbnail/xE6PD_ytGA.png?v=1590563851898",
    "isCustomThumbnail": 0,
    "builtinTags": [
        "category-work",
        "legend",
        "series-pie",
        "title",
        "tooltip"
    ],
    "customTags": [
        "伪玫瑰图",
        "多图叠加",
        "数据构造",
        "玫瑰图"
    ],
    "updaterUserName": "秋***夜"
}