{
    "cid": "xegHhW5Dyq",
    "authorUid": "obd-oE7g_85M3XppVRxCvYPJKsoCPCpyP4L",
    "authorUserName": "凌***e",
    "title": "关系图",
    "description": "",
    "latestVersion": 1,
    "alwaysLatest": 1,
    "createTime": "2020-05-27T08:23:10.000Z",
    "lastUpdateTime": "2020-05-27T08:23:10.000Z",
    "auth": 2,
    "uid": "obd-oE7g_85M3XppVRxCvYPJKsoCPCpyP4L",
    "publishedVersion": 0,
    "forkFrom": "-",
    "isSpam": 0,
    "version": 1,
    "parentVersion": -1,
    "echartsVersion": "4.8.0",
    "versionCreateTime": "2020-05-27T08:23:10.000Z",
    "html": "",
    "externalScripts": "",
    "updaterUID": "obd-oE7g_85M3XppVRxCvYPJKsoCPCpyP4L",
    "theme": "",
    "layout": "",
    "viewCount": 821,
    "userName": "凌***e",
    "commentCount": 0,
    "starCount": 2,
    "isStared": 0,
    "thumbnailURL": "https://www.makeapie.com/ecg-storage/ec_gallery_thumbnail/xegHhW5Dyq.png?v=1590567791125",
    "isCustomThumbnail": 0,
    "builtinTags": [
        "category-work",
        "series-graph",
        "tooltip"
    ],
    "customTags": [],
    "updaterUserName": "凌***e"
}