{
    "cid": "xpzdA9Q8r4",
    "authorUid": "obd-olofOwo72VchGBRM76plPO39etMob0a",
    "authorUserName": "Z***8",
    "title": "纵向坐标markLine",
    "description": "",
    "latestVersion": 3,
    "alwaysLatest": 1,
    "createTime": "2020-05-27T05:50:42.000Z",
    "lastUpdateTime": "2020-05-27T05:50:42.000Z",
    "auth": 2,
    "uid": "obd-olofOwo72VchGBRM76plPO39etMob0a",
    "publishedVersion": 0,
    "forkFrom": "-",
    "isSpam": 0,
    "version": 3,
    "parentVersion": 2,
    "echartsVersion": "4.8.0",
    "versionCreateTime": "2020-05-27T05:51:47.000Z",
    "html": "",
    "externalScripts": "",
    "updaterUID": "obd-olofOwo72VchGBRM76plPO39etMob0a",
    "theme": "",
    "layout": "",
    "viewCount": 301,
    "userName": "Z***8",
    "commentCount": 0,
    "starCount": 1,
    "isStared": 0,
    "thumbnailURL": "https://www.makeapie.com/ecg-storage/ec_gallery_thumbnail/xpzdA9Q8r4.png?v=1590558707993",
    "isCustomThumbnail": 0,
    "builtinTags": [
        "category-work",
        "grid",
        "legend",
        "markLine",
        "series-line"
    ],
    "customTags": [],
    "updaterUserName": "Z***8"
}