{
    "cid": "xR5Tz5LbON",
    "authorUid": "bd-1462118531",
    "authorUserName": "d***6",
    "title": "双饼正态分布",
    "description": "",
    "latestVersion": 2,
    "alwaysLatest": 1,
    "createTime": "2020-05-27T15:33:45.000Z",
    "lastUpdateTime": "2020-05-27T15:33:45.000Z",
    "auth": 2,
    "uid": "bd-1462118531",
    "publishedVersion": 0,
    "forkFrom": "-",
    "isSpam": 0,
    "version": 2,
    "parentVersion": 1,
    "echartsVersion": "4.8.0",
    "versionCreateTime": "2020-05-27T15:34:02.000Z",
    "html": "",
    "externalScripts": "",
    "updaterUID": "bd-1462118531",
    "theme": "",
    "layout": "",
    "viewCount": 174,
    "userName": "d***6",
    "commentCount": 0,
    "starCount": 0,
    "isStared": 0,
    "thumbnailURL": "https://www.makeapie.com/ecg-storage/ec_gallery_thumbnail/xR5Tz5LbON.png?v=1590593642893",
    "isCustomThumbnail": 0,
    "builtinTags": [
        "category-work",
        "legend",
        "series-pie",
        "tooltip"
    ],
    "customTags": [],
    "updaterUserName": "d***6"
}