{
    "cid": "xyp2oLJjA5",
    "authorUid": "obd-oPm-6UKR0nZ_OgIfsx4cEE6nhoDs-9A",
    "authorUserName": "龙***神",
    "title": "普通柱图",
    "description": "",
    "latestVersion": 1,
    "alwaysLatest": 1,
    "createTime": "2020-05-27T13:54:24.000Z",
    "lastUpdateTime": "2020-05-27T13:54:24.000Z",
    "auth": 2,
    "uid": "obd-oPm-6UKR0nZ_OgIfsx4cEE6nhoDs-9A",
    "publishedVersion": 0,
    "forkFrom": "-",
    "isSpam": 0,
    "version": 1,
    "parentVersion": -1,
    "echartsVersion": "4.8.0",
    "versionCreateTime": "2020-05-27T13:54:24.000Z",
    "html": "",
    "externalScripts": "",
    "updaterUID": "obd-oPm-6UKR0nZ_OgIfsx4cEE6nhoDs-9A",
    "theme": "",
    "layout": "",
    "viewCount": 118,
    "userName": "龙***神",
    "commentCount": 0,
    "starCount": 1,
    "isStared": 0,
    "thumbnailURL": "https://www.makeapie.com/ecg-storage/ec_gallery_thumbnail/xyp2oLJjA5.png?v=1590587664797",
    "isCustomThumbnail": 0,
    "builtinTags": [
        "category-work",
        "grid",
        "series-bar"
    ],
    "customTags": [],
    "updaterUserName": "龙***神"
}