{
    "cid": "x5gSPBRa_V",
    "authorUid": "obd-oA9FM0nTyCPvdT9HC7v5MXIe_Ndrf7S",
    "authorUserName": "岁***e",
    "title": "Awesome Chart",
    "description": "",
    "latestVersion": 1,
    "alwaysLatest": 1,
    "createTime": "2020-10-20T11:35:05.000Z",
    "lastUpdateTime": "2020-10-20T11:35:05.000Z",
    "auth": 2,
    "uid": "obd-oA9FM0nTyCPvdT9HC7v5MXIe_Ndrf7S",
    "publishedVersion": 0,
    "forkFrom": "-",
    "isSpam": 0,
    "version": 1,
    "parentVersion": -1,
    "echartsVersion": "4.8.0",
    "versionCreateTime": "2020-10-20T11:35:05.000Z",
    "html": "",
    "externalScripts": "",
    "updaterUID": "obd-oA9FM0nTyCPvdT9HC7v5MXIe_Ndrf7S",
    "theme": "",
    "layout": "",
    "viewCount": 20,
    "userName": "岁***e",
    "commentCount": 0,
    "starCount": 0,
    "isStared": 0,
    "thumbnailURL": "https://www.makeapie.com/ecg-storage/ec_gallery_thumbnail/x5gSPBRa_V.png?v=1603193705884",
    "isCustomThumbnail": 0,
    "builtinTags": [
        "category-work",
        "grid",
        "series-line",
        "title"
    ],
    "customTags": [],
    "updaterUserName": "岁***e"
}