{
    "cid": "xBlv6A8UBY",
    "authorUid": "obd-o-befzXgNVbCBDxbR46qZa7h0EZUCAZ",
    "authorUserName": "s***9",
    "title": "图表",
    "description": "图表",
    "latestVersion": 4,
    "alwaysLatest": 1,
    "createTime": "2020-10-19T10:04:49.000Z",
    "lastUpdateTime": "2020-10-19T10:04:49.000Z",
    "auth": 2,
    "uid": "obd-o-befzXgNVbCBDxbR46qZa7h0EZUCAZ",
    "publishedVersion": 0,
    "forkFrom": "-",
    "isSpam": 0,
    "version": 4,
    "parentVersion": 3,
    "echartsVersion": "4.8.0",
    "versionCreateTime": "2020-10-20T01:22:14.000Z",
    "html": "",
    "externalScripts": "",
    "updaterUID": "obd-o-befzXgNVbCBDxbR46qZa7h0EZUCAZ",
    "theme": "",
    "layout": "",
    "viewCount": 35,
    "userName": "s***9",
    "commentCount": 0,
    "starCount": 0,
    "isStared": 0,
    "thumbnailURL": "https://www.makeapie.com/ecg-storage/ec_gallery_thumbnail/xBlv6A8UBY.png?v=1603156934473",
    "isCustomThumbnail": 0,
    "builtinTags": [
        "category-work",
        "grid",
        "series-bar"
    ],
    "customTags": [],
    "updaterUserName": "s***9"
}