{
    "cid": "xGZtofCFWZ",
    "authorUid": "bd-3590532776",
    "authorUserName": "m***1",
    "title": "自定义箭头",
    "description": "",
    "latestVersion": 1,
    "alwaysLatest": 1,
    "createTime": "2020-10-20T11:31:16.000Z",
    "lastUpdateTime": "2020-10-20T11:31:16.000Z",
    "auth": 2,
    "uid": "bd-3590532776",
    "publishedVersion": 0,
    "forkFrom": "-",
    "isSpam": 0,
    "version": 1,
    "parentVersion": -1,
    "echartsVersion": "4.8.0",
    "versionCreateTime": "2020-10-20T11:31:16.000Z",
    "html": "",
    "externalScripts": "",
    "updaterUID": "bd-3590532776",
    "theme": "",
    "layout": "",
    "viewCount": 162,
    "userName": "m***1",
    "commentCount": 0,
    "starCount": 4,
    "isStared": 0,
    "thumbnailURL": "https://www.makeapie.com/ecg-storage/ec_gallery_thumbnail/xGZtofCFWZ.png?v=1603193476952",
    "isCustomThumbnail": 0,
    "builtinTags": [
        "category-work",
        "grid",
        "legend",
        "series-bar",
        "series-pictorialBar",
        "toolbox",
        "tooltip"
    ],
    "customTags": [],
    "updaterUserName": "m***1"
}