{
    "cid": "xPh2ypCpmH",
    "authorUid": "bd-773815788",
    "authorUserName": "不***ゞ",
    "title": "伪3D柱图",
    "description": "",
    "latestVersion": 4,
    "alwaysLatest": 1,
    "createTime": "2020-10-21T01:38:55.000Z",
    "lastUpdateTime": "2020-10-21T01:38:55.000Z",
    "auth": 2,
    "uid": "bd-773815788",
    "publishedVersion": 0,
    "forkFrom": "-",
    "isSpam": 0,
    "version": 4,
    "parentVersion": 3,
    "echartsVersion": "4.8.0",
    "versionCreateTime": "2020-10-23T13:16:19.000Z",
    "html": "",
    "externalScripts": "",
    "updaterUID": "bd-773815788",
    "theme": "",
    "layout": "",
    "viewCount": 216,
    "userName": "不***ゞ",
    "commentCount": 0,
    "starCount": 2,
    "isStared": 0,
    "thumbnailURL": "https://www.makeapie.com/ecg-storage/ec_gallery_thumbnail/xPh2ypCpmH.png?v=1603458979535",
    "isCustomThumbnail": 0,
    "builtinTags": [
        "category-work",
        "grid",
        "legend",
        "markPoint",
        "series-bar",
        "series-line",
        "title"
    ],
    "customTags": [],
    "updaterUserName": "不***ゞ"
}