{
    "cid": "xpKGBnpuES",
    "authorUid": "obd-oMmzfg9Il6foXWjdff9QaRbVAKchw2t",
    "authorUserName": "喃***",
    "title": "柱状占比",
    "description": "",
    "latestVersion": 1,
    "alwaysLatest": 1,
    "createTime": "2020-10-20T03:08:33.000Z",
    "lastUpdateTime": "2020-10-20T03:08:33.000Z",
    "auth": 1,
    "uid": "obd-oMmzfg9Il6foXWjdff9QaRbVAKchw2t",
    "publishedVersion": 0,
    "forkFrom": "-",
    "isSpam": 0,
    "version": 1,
    "parentVersion": -1,
    "echartsVersion": "4.8.0",
    "versionCreateTime": "2020-10-20T03:08:33.000Z",
    "html": "",
    "externalScripts": "",
    "updaterUID": "obd-oMmzfg9Il6foXWjdff9QaRbVAKchw2t",
    "theme": "",
    "layout": "",
    "viewCount": 190,
    "userName": "喃***",
    "commentCount": 0,
    "starCount": 5,
    "isStared": 0,
    "thumbnailURL": "https://www.makeapie.com/ecg-storage/ec_gallery_thumbnail/xpKGBnpuES.png?v=1603163313766",
    "isCustomThumbnail": 0,
    "builtinTags": [
        "category-work",
        "grid",
        "markPoint",
        "series-bar"
    ],
    "customTags": [],
    "updaterUserName": "喃***"
}