{
    "cid": "xS2CUD1Dc0",
    "authorUid": "bd-4286708132",
    "authorUserName": "L***h",
    "title": "饼图",
    "description": "",
    "latestVersion": 1,
    "alwaysLatest": 1,
    "createTime": "2020-10-21T05:43:01.000Z",
    "lastUpdateTime": "2020-10-21T05:43:01.000Z",
    "auth": 2,
    "uid": "bd-4286708132",
    "publishedVersion": 0,
    "forkFrom": "-",
    "isSpam": 0,
    "version": 1,
    "parentVersion": -1,
    "echartsVersion": "4.8.0",
    "versionCreateTime": "2020-10-21T05:43:01.000Z",
    "html": "",
    "externalScripts": "",
    "updaterUID": "bd-4286708132",
    "theme": "",
    "layout": "",
    "viewCount": 55,
    "userName": "L***h",
    "commentCount": 0,
    "starCount": 0,
    "isStared": 0,
    "thumbnailURL": "https://www.makeapie.com/ecg-storage/ec_gallery_thumbnail/xS2CUD1Dc0.png?v=1603258981929",
    "isCustomThumbnail": 0,
    "builtinTags": [
        "category-work",
        "legend",
        "series-pie",
        "tooltip"
    ],
    "customTags": [],
    "updaterUserName": "L***h"
}