{
    "cid": "xs9j5i-lLu",
    "authorUid": "bd-1445099419",
    "authorUserName": "浅***一",
    "title": "风速玫瑰图",
    "description": "风速玫瑰图",
    "latestVersion": 1,
    "alwaysLatest": 1,
    "createTime": "2020-10-20T03:26:01.000Z",
    "lastUpdateTime": "2020-10-20T03:26:01.000Z",
    "auth": 1,
    "uid": "bd-1445099419",
    "publishedVersion": 0,
    "forkFrom": "-",
    "isSpam": 0,
    "version": 1,
    "parentVersion": -1,
    "echartsVersion": "4.8.0",
    "versionCreateTime": "2020-10-20T03:26:01.000Z",
    "html": "",
    "externalScripts": "",
    "updaterUID": "bd-1445099419",
    "theme": "",
    "layout": "",
    "viewCount": 159,
    "userName": "浅***一",
    "commentCount": 0,
    "starCount": 1,
    "isStared": 0,
    "thumbnailURL": "https://www.makeapie.com/ecg-storage/ec_gallery_thumbnail/xs9j5i-lLu.png?v=1603164361236",
    "isCustomThumbnail": 0,
    "builtinTags": [
        "category-work",
        "legend",
        "polar",
        "series-bar",
        "tooltip"
    ],
    "customTags": [],
    "updaterUserName": "浅***一"
}