{
    "cid": "xSInBWjNN_",
    "authorUid": "obd-oFh6Vsh_XwHWXiK62n7GisghaGcr15M",
    "authorUserName": "火***粉",
    "title": "rose类型pie",
    "description": "pie显示rose",
    "latestVersion": 2,
    "alwaysLatest": 1,
    "createTime": "2020-10-21T06:33:35.000Z",
    "lastUpdateTime": "2020-10-21T06:33:35.000Z",
    "auth": 2,
    "uid": "obd-oFh6Vsh_XwHWXiK62n7GisghaGcr15M",
    "publishedVersion": 0,
    "forkFrom": "-",
    "isSpam": 0,
    "version": 2,
    "parentVersion": 1,
    "echartsVersion": "4.8.0",
    "versionCreateTime": "2020-11-12T07:40:56.000Z",
    "html": "",
    "externalScripts": "",
    "updaterUID": "obd-oFh6Vsh_XwHWXiK62n7GisghaGcr15M",
    "theme": "",
    "layout": "",
    "viewCount": 110,
    "userName": "火***粉",
    "commentCount": 0,
    "starCount": 1,
    "isStared": 0,
    "thumbnailURL": "https://www.makeapie.com/ecg-storage/ec_gallery_thumbnail/xSInBWjNN_.png?v=1605166856710",
    "isCustomThumbnail": 0,
    "builtinTags": [
        "category-work",
        "legend",
        "series-pie",
        "tooltip"
    ],
    "customTags": [],
    "updaterUserName": "火***粉"
}