{
    "cid": "xtOlvFwKQ3",
    "authorUid": "bd-340991255",
    "authorUserName": "困***里",
    "title": "环形渐变",
    "description": "",
    "latestVersion": 3,
    "alwaysLatest": 1,
    "createTime": "2020-10-21T06:04:51.000Z",
    "lastUpdateTime": "2020-10-21T06:04:51.000Z",
    "auth": 1,
    "uid": "bd-340991255",
    "publishedVersion": 0,
    "forkFrom": "-",
    "isSpam": 0,
    "version": 3,
    "parentVersion": 2,
    "echartsVersion": "4.8.0",
    "versionCreateTime": "2020-10-26T01:52:27.000Z",
    "html": "",
    "externalScripts": "",
    "updaterUID": "bd-340991255",
    "theme": "",
    "layout": "",
    "viewCount": 104,
    "userName": "困***里",
    "commentCount": 0,
    "starCount": 2,
    "isStared": 0,
    "thumbnailURL": "https://www.makeapie.com/ecg-storage/ec_gallery_thumbnail/xtOlvFwKQ3.png?v=1603677147282",
    "isCustomThumbnail": 0,
    "builtinTags": [
        "category-work",
        "graphic",
        "legend",
        "series-pie"
    ],
    "customTags": [],
    "updaterUserName": "困***里"
}