{
    "cid": "xB1eTDJJ3",
    "authorUid": "bd-3676951086",
    "authorUserName": "缘***m",
    "title": "Jer - 同类目多柱子",
    "description": "同类目多柱子---奇葩需求的拼凑",
    "latestVersion": 7,
    "alwaysLatest": 1,
    "createTime": "2016-09-08T13:29:28.000Z",
    "lastUpdateTime": "2016-09-08T13:34:34.000Z",
    "auth": 1,
    "uid": "bd-3676951086",
    "publishedVersion": 0,
    "forkFrom": "-",
    "isSpam": 0,
    "version": 7,
    "parentVersion": 6,
    "echartsVersion": "3.8.0",
    "versionCreateTime": "2018-09-07T07:28:31.000Z",
    "html": "",
    "externalScripts": "",
    "updaterUID": "bd-3708059185",
    "theme": "default",
    "layout": "",
    "viewCount": 2587,
    "userName": "缘***m",
    "commentCount": 0,
    "starCount": 6,
    "isStared": 0,
    "thumbnailURL": "https://www.makeapie.com/ecg-storage/ec_gallery_thumbnail/xB1eTDJJ3.png?v=1536305311624",
    "isCustomThumbnail": 0,
    "builtinTags": [
        "category-work",
        "grid",
        "series-bar"
    ],
    "customTags": [],
    "updaterUserName": "lwmcomic"
}