{
    "cid": "xBJOXLVO_",
    "authorUid": "bd-1192091434",
    "authorUserName": "s***2",
    "title": "seminar",
    "description": "seminar",
    "latestVersion": 8,
    "alwaysLatest": 1,
    "createTime": "2016-07-29T01:49:20.000Z",
    "lastUpdateTime": "2016-07-30T18:45:15.000Z",
    "auth": 2,
    "uid": "bd-1192091434",
    "publishedVersion": 0,
    "forkFrom": "-",
    "isSpam": 0,
    "version": 8,
    "parentVersion": 7,
    "echartsVersion": "3.2.2",
    "versionCreateTime": "2016-07-29T02:25:47.000Z",
    "html": "",
    "externalScripts": "",
    "updaterUID": "bd-1192091434",
    "theme": "default",
    "layout": "",
    "viewCount": 543,
    "userName": "s***2",
    "commentCount": 0,
    "starCount": 1,
    "isStared": 0,
    "thumbnailURL": "https://www.makeapie.com/ecg-storage/ec_gallery_thumbnail/xBJOXLVO_.png?v=1469759147440",
    "isCustomThumbnail": 0,
    "builtinTags": [
        "category-work",
        "title"
    ],
    "customTags": [],
    "updaterUserName": "s***2"
}