{
    "cid": "xBJryneL_",
    "authorUid": "bd-2788798231",
    "authorUserName": "小银银叔",
    "title": "柱状图",
    "description": "柱状图点击事件切换,兼容ec2.0",
    "latestVersion": 2,
    "alwaysLatest": 1,
    "createTime": "2016-07-27T09:16:12.000Z",
    "lastUpdateTime": "2016-07-28T03:30:25.000Z",
    "auth": 2,
    "uid": "bd-2788798231",
    "publishedVersion": 0,
    "forkFrom": "-",
    "isSpam": 0,
    "version": 2,
    "parentVersion": 1,
    "echartsVersion": "3.2.2",
    "versionCreateTime": "2016-07-28T03:28:31.000Z",
    "html": "",
    "externalScripts": "",
    "updaterUID": "bd-2788798231",
    "theme": "default",
    "layout": "",
    "viewCount": 2209,
    "userName": "小银银叔",
    "commentCount": 1,
    "starCount": 3,
    "isStared": 0,
    "thumbnailURL": "https://www.makeapie.com/ecg-storage/ec_gallery_thumbnail/xBJryneL_.png?v=1469676511629",
    "isCustomThumbnail": 0,
    "builtinTags": [
        "category-work",
        "grid",
        "series-bar",
        "tooltip"
    ],
    "customTags": [],
    "updaterUserName": "小银银叔"
}