{
    "cid": "xHJvImelK",
    "authorUid": "bd-1192091434",
    "authorUserName": "s***2",
    "title": "Nominal GDP (Billions of U.S. dollars)",
    "description": "数据整理 - 国家专利局（Patent）",
    "latestVersion": 1,
    "alwaysLatest": 1,
    "createTime": "2016-08-03T22:42:23.000Z",
    "lastUpdateTime": "2016-08-03T22:42:23.000Z",
    "auth": 2,
    "uid": "bd-1192091434",
    "publishedVersion": 0,
    "forkFrom": "-",
    "isSpam": 0,
    "version": 1,
    "parentVersion": -1,
    "echartsVersion": "3.2.3",
    "versionCreateTime": "2016-08-03T22:42:23.000Z",
    "html": "",
    "externalScripts": "",
    "updaterUID": "bd-1192091434",
    "theme": "",
    "layout": "",
    "viewCount": 3618,
    "userName": "s***2",
    "commentCount": 0,
    "starCount": 7,
    "isStared": 0,
    "thumbnailURL": "https://www.makeapie.com/ecg-storage/ec_gallery_thumbnail/xHJvImelK.png?v=1470264143643",
    "isCustomThumbnail": 0,
    "builtinTags": [
        "category-work",
        "series-treemap",
        "title",
        "tooltip"
    ],
    "customTags": [
        "SIPO"
    ],
    "updaterUserName": "s***2"
}