{
    "cid": "xHkwe5ky3",
    "authorUid": "bd-3676951086",
    "authorUserName": "缘***m",
    "title": "Jer - 靶向图",
    "description": "不描述了 就这么搞的  一个柱子显示另外柱子的data",
    "latestVersion": 1,
    "alwaysLatest": 1,
    "createTime": "2016-09-08T13:38:55.000Z",
    "lastUpdateTime": "2016-09-08T13:38:55.000Z",
    "auth": 1,
    "uid": "bd-3676951086",
    "publishedVersion": 0,
    "forkFrom": "-",
    "isSpam": 0,
    "version": 1,
    "parentVersion": -1,
    "echartsVersion": "3.2.3",
    "versionCreateTime": "2016-09-08T13:38:55.000Z",
    "html": "",
    "externalScripts": "",
    "updaterUID": "bd-3676951086",
    "theme": "",
    "layout": "",
    "viewCount": 1041,
    "userName": "缘***m",
    "commentCount": 0,
    "starCount": 0,
    "isStared": 0,
    "thumbnailURL": "https://www.makeapie.com/ecg-storage/ec_gallery_thumbnail/xHkwe5ky3.png?v=1473341935305",
    "isCustomThumbnail": 0,
    "builtinTags": [
        "category-work",
        "grid",
        "legend",
        "series-bar",
        "series-line",
        "toolbox",
        "tooltip"
    ],
    "customTags": [],
    "updaterUserName": "缘***m"
}