{
    "cid": "xHyCgm8Uo",
    "authorUid": "bd-3459231708",
    "authorUserName": "skyjune5",
    "title": "series line 的各种配置",
    "description": "在@羡辙的帮助下完成的作品, Echarts初试",
    "latestVersion": 5,
    "alwaysLatest": 1,
    "createTime": "2016-09-02T01:16:38.000Z",
    "lastUpdateTime": "2016-09-02T01:19:23.000Z",
    "auth": 1,
    "uid": "bd-3459231708",
    "publishedVersion": 0,
    "forkFrom": "-",
    "isSpam": 0,
    "version": 5,
    "parentVersion": 4,
    "echartsVersion": "3.5.4",
    "versionCreateTime": "2017-04-28T08:06:57.000Z",
    "html": "",
    "externalScripts": "",
    "updaterUID": "bd-741667023",
    "theme": "default",
    "layout": "",
    "viewCount": 2019,
    "userName": "skyjune5",
    "commentCount": 0,
    "starCount": 4,
    "isStared": 0,
    "thumbnailURL": "https://www.makeapie.com/ecg-storage/ec_gallery_thumbnail/xHyCgm8Uo.png?v=1493366817848",
    "isCustomThumbnail": 0,
    "builtinTags": [
        "category-work",
        "grid",
        "legend",
        "markArea",
        "markLine",
        "series-line",
        "tooltip"
    ],
    "customTags": [],
    "updaterUserName": "爱***月"
}