{
    "cid": "xHyCtkQRu",
    "authorUid": "bd-2872025519",
    "authorUserName": "abc微凉的回忆",
    "title": "瀑布图-模拟",
    "description": "模仿制作了瀑布图，本人是前端初学者，，代码还有很多结构不合理的地方，希望相互学习",
    "latestVersion": 1,
    "alwaysLatest": 1,
    "createTime": "2016-08-02T13:26:30.000Z",
    "lastUpdateTime": "2016-08-02T13:26:30.000Z",
    "auth": 2,
    "uid": "bd-2872025519",
    "publishedVersion": 0,
    "forkFrom": "-",
    "isSpam": 0,
    "version": 1,
    "parentVersion": -1,
    "echartsVersion": "3.2.2",
    "versionCreateTime": "2016-08-02T13:26:30.000Z",
    "html": "",
    "externalScripts": "",
    "updaterUID": "bd-2872025519",
    "theme": "",
    "layout": "",
    "viewCount": 1151,
    "userName": "abc微凉的回忆",
    "commentCount": 0,
    "starCount": 1,
    "isStared": 0,
    "thumbnailURL": "https://www.makeapie.com/ecg-storage/ec_gallery_thumbnail/xHyCtkQRu.png?v=1470144390294",
    "isCustomThumbnail": 0,
    "builtinTags": [
        "category-work",
        "grid",
        "legend",
        "series-bar",
        "title",
        "tooltip"
    ],
    "customTags": [],
    "updaterUserName": "abc微凉的回忆"
}