{
    "cid": "xrJmd8xet",
    "authorUid": "bd-1192091434",
    "authorUserName": "s***2",
    "title": "每日申请专利数量",
    "description": "专利局数据 （Patent）",
    "latestVersion": 1,
    "alwaysLatest": 1,
    "createTime": "2016-08-03T22:55:39.000Z",
    "lastUpdateTime": "2016-08-03T22:55:39.000Z",
    "auth": 2,
    "uid": "bd-1192091434",
    "publishedVersion": 0,
    "forkFrom": "-",
    "isSpam": 0,
    "version": 1,
    "parentVersion": -1,
    "echartsVersion": "3.2.3",
    "versionCreateTime": "2016-08-03T22:55:39.000Z",
    "html": "",
    "externalScripts": "",
    "updaterUID": "bd-1192091434",
    "theme": "",
    "layout": "",
    "viewCount": 1058,
    "userName": "s***2",
    "commentCount": 0,
    "starCount": 5,
    "isStared": 0,
    "thumbnailURL": "https://www.makeapie.com/ecg-storage/ec_gallery_thumbnail/xrJmd8xet.png?v=1470264939249",
    "isCustomThumbnail": 0,
    "builtinTags": [
        "category-work",
        "dataZoom",
        "grid",
        "legend",
        "series-line",
        "title",
        "toolbox",
        "tooltip"
    ],
    "customTags": [
        "SIPO"
    ],
    "updaterUserName": "s***2"
}