{
    "cid": "xrko8maZt",
    "authorUid": "bd-2003311499",
    "authorUserName": "realevefly",
    "title": "轻型臂竞品对比-robotiq 6th-20160805",
    "description": "933",
    "latestVersion": 13,
    "alwaysLatest": 1,
    "createTime": "2016-08-05T07:42:10.000Z",
    "lastUpdateTime": "2016-08-05T07:42:10.000Z",
    "auth": 2,
    "uid": "bd-2003311499",
    "publishedVersion": 0,
    "forkFrom": "-",
    "isSpam": 0,
    "version": 13,
    "parentVersion": 12,
    "echartsVersion": "3.2.3",
    "versionCreateTime": "2016-08-05T11:19:10.000Z",
    "html": "",
    "externalScripts": "",
    "updaterUID": "bd-2003311499",
    "theme": "",
    "layout": "",
    "viewCount": 1214,
    "userName": "realevefly",
    "commentCount": 0,
    "starCount": 5,
    "isStared": 0,
    "thumbnailURL": "https://www.makeapie.com/ecg-storage/ec_gallery_thumbnail/xrko8maZt.png?v=1470395950289",
    "isCustomThumbnail": 0,
    "builtinTags": [
        "brush",
        "category-work",
        "dataZoom",
        "grid",
        "legend",
        "series-scatter",
        "title",
        "toolbox",
        "tooltip",
        "visualMap"
    ],
    "customTags": [],
    "updaterUserName": "realevefly"
}