{
    "cid": "xryG9q11h",
    "authorUid": "bd-3676951086",
    "authorUserName": "缘***m",
    "title": "Jer - 堆积图求和",
    "description": "个别奇葩需求",
    "latestVersion": 1,
    "alwaysLatest": 1,
    "createTime": "2016-09-08T13:41:29.000Z",
    "lastUpdateTime": "2016-09-08T13:41:29.000Z",
    "auth": 1,
    "uid": "bd-3676951086",
    "publishedVersion": 0,
    "forkFrom": "-",
    "isSpam": 0,
    "version": 1,
    "parentVersion": -1,
    "echartsVersion": "3.2.3",
    "versionCreateTime": "2016-09-08T13:41:29.000Z",
    "html": "",
    "externalScripts": "",
    "updaterUID": "bd-3676951086",
    "theme": "",
    "layout": "",
    "viewCount": 1002,
    "userName": "缘***m",
    "commentCount": 0,
    "starCount": 3,
    "isStared": 0,
    "thumbnailURL": "https://www.makeapie.com/ecg-storage/ec_gallery_thumbnail/xryG9q11h.png?v=1473342089841",
    "isCustomThumbnail": 0,
    "builtinTags": [
        "category-work",
        "grid",
        "legend",
        "series-bar",
        "toolbox",
        "tooltip"
    ],
    "customTags": [],
    "updaterUserName": "缘***m"
}