{
    "cid": "xryj6dJyh",
    "authorUid": "bd-3676951086",
    "authorUserName": "缘***m",
    "title": "Jer - 柱型导致",
    "description": "柱型导致-也是奇葩需求",
    "latestVersion": 1,
    "alwaysLatest": 1,
    "createTime": "2016-09-08T13:33:54.000Z",
    "lastUpdateTime": "2016-09-08T13:33:54.000Z",
    "auth": 1,
    "uid": "bd-3676951086",
    "publishedVersion": 0,
    "forkFrom": "-",
    "isSpam": 0,
    "version": 1,
    "parentVersion": -1,
    "echartsVersion": "3.2.3",
    "versionCreateTime": "2016-09-08T13:33:54.000Z",
    "html": "",
    "externalScripts": "",
    "updaterUID": "bd-3676951086",
    "theme": "",
    "layout": "",
    "viewCount": 235,
    "userName": "缘***m",
    "commentCount": 0,
    "starCount": 1,
    "isStared": 0,
    "thumbnailURL": "https://www.makeapie.com/ecg-storage/ec_gallery_thumbnail/xryj6dJyh.png?v=1473341634899",
    "isCustomThumbnail": 0,
    "builtinTags": [
        "category-work",
        "grid",
        "series-bar"
    ],
    "customTags": [],
    "updaterUserName": "缘***m"
}