{
    "cid": "xS1MIBY1F",
    "authorUid": "bd-1192091434",
    "authorUserName": "s***2",
    "title": "Patent - World (simple)",
    "description": "最近几年 各国专利情况。数据收集 -- 国家专利局",
    "latestVersion": 2,
    "alwaysLatest": 1,
    "createTime": "2016-08-03T14:52:58.000Z",
    "lastUpdateTime": "2016-08-03T14:52:58.000Z",
    "auth": 2,
    "uid": "bd-1192091434",
    "publishedVersion": 0,
    "forkFrom": "-",
    "isSpam": 0,
    "version": 2,
    "parentVersion": 1,
    "echartsVersion": "3.2.3",
    "versionCreateTime": "2016-08-03T21:48:26.000Z",
    "html": "",
    "externalScripts": "",
    "updaterUID": "bd-1192091434",
    "theme": "",
    "layout": "",
    "viewCount": 3515,
    "userName": "s***2",
    "commentCount": 3,
    "starCount": 9,
    "isStared": 0,
    "thumbnailURL": "https://www.makeapie.com/ecg-storage/ec_gallery_thumbnail/xS1MIBY1F.png?v=1470260906490",
    "isCustomThumbnail": 0,
    "builtinTags": [
        "category-work",
        "dataZoom",
        "geo",
        "grid",
        "series-scatter",
        "timeline",
        "title",
        "toolbox",
        "tooltip",
        "visualMap"
    ],
    "customTags": [
        "SIPO"
    ],
    "updaterUserName": "s***2"
}