{
    "cid": "xSkfxHupq",
    "authorUid": "bd-17688333",
    "authorUserName": "月宁子木",
    "title": "黑色平滑曲线",
    "description": "",
    "latestVersion": 2,
    "alwaysLatest": 1,
    "createTime": "2016-08-26T07:51:05.000Z",
    "lastUpdateTime": "2016-08-26T07:51:05.000Z",
    "auth": 2,
    "uid": "bd-17688333",
    "publishedVersion": 0,
    "forkFrom": "-",
    "isSpam": 0,
    "version": 2,
    "parentVersion": 1,
    "echartsVersion": "3.2.3",
    "versionCreateTime": "2016-08-26T07:51:51.000Z",
    "html": "",
    "externalScripts": "",
    "updaterUID": "bd-17688333",
    "theme": "",
    "layout": "",
    "viewCount": 714,
    "userName": "月宁子木",
    "commentCount": 0,
    "starCount": 2,
    "isStared": 0,
    "thumbnailURL": "https://www.makeapie.com/ecg-storage/ec_gallery_thumbnail/xSkfxHupq.png?v=1472197911155",
    "isCustomThumbnail": 0,
    "builtinTags": [
        "category-work",
        "grid",
        "legend",
        "series-line",
        "tooltip"
    ],
    "customTags": [],
    "updaterUserName": "月宁子木"
}