{
    "cid": "x-WeZicGi_",
    "authorUid": "bd-943030441",
    "authorUserName": "芈***N",
    "title": "切片效果图",
    "description": "演示图",
    "latestVersion": 3,
    "alwaysLatest": 1,
    "createTime": "2020-05-06T10:10:45.000Z",
    "lastUpdateTime": "2020-05-06T10:10:45.000Z",
    "auth": 1,
    "uid": "bd-943030441",
    "publishedVersion": 0,
    "forkFrom": "-",
    "isSpam": 0,
    "version": 3,
    "parentVersion": 2,
    "echartsVersion": "4.8.0",
    "versionCreateTime": "2020-06-05T07:10:50.000Z",
    "html": "",
    "externalScripts": "",
    "updaterUID": "bd-3966635089",
    "theme": "",
    "layout": "",
    "viewCount": 201,
    "userName": "芈***N",
    "commentCount": 0,
    "starCount": 0,
    "isStared": 0,
    "thumbnailURL": "https://www.makeapie.com/ecg-storage/ec_gallery_thumbnail/x-WeZicGi_.png?v=1591341050505",
    "isCustomThumbnail": 0,
    "builtinTags": [
        "category-work",
        "grid",
        "legend",
        "series-bar",
        "tooltip"
    ],
    "customTags": [],
    "updaterUserName": "s***C"
}