{
    "cid": "x_NK3NhgTX",
    "authorUid": "bd-358217656",
    "authorUserName": "丿***年",
    "title": "堆叠区域图",
    "description": "",
    "latestVersion": 2,
    "alwaysLatest": 1,
    "createTime": "2020-04-29T12:10:09.000Z",
    "lastUpdateTime": "2020-04-29T12:10:09.000Z",
    "auth": 1,
    "uid": "bd-358217656",
    "publishedVersion": 0,
    "forkFrom": "-",
    "isSpam": 0,
    "version": 2,
    "parentVersion": 1,
    "echartsVersion": "4.7.0",
    "versionCreateTime": "2020-04-29T12:23:26.000Z",
    "html": "",
    "externalScripts": "",
    "updaterUID": "bd-358217656",
    "theme": "",
    "layout": "",
    "viewCount": 65,
    "userName": "丿***年",
    "commentCount": 0,
    "starCount": 0,
    "isStared": 0,
    "thumbnailURL": "https://www.makeapie.com/ecg-storage/ec_gallery_thumbnail/x_NK3NhgTX.png?v=1588163006602",
    "isCustomThumbnail": 0,
    "builtinTags": [
        "category-work",
        "grid",
        "legend",
        "series-line",
        "title",
        "toolbox",
        "tooltip"
    ],
    "customTags": [],
    "updaterUserName": "丿***年"
}