{
    "cid": "xBnTKjJviZ",
    "authorUid": "obd-ol0ppFjT8njU0Z10cQZkRTeT-WhFh0T",
    "authorUserName": "m***i",
    "title": "嵌套联动饼图",
    "description": "",
    "latestVersion": 2,
    "alwaysLatest": 1,
    "createTime": "2020-05-02T02:52:23.000Z",
    "lastUpdateTime": "2020-05-02T02:52:23.000Z",
    "auth": 2,
    "uid": "obd-ol0ppFjT8njU0Z10cQZkRTeT-WhFh0T",
    "publishedVersion": 0,
    "forkFrom": "-",
    "isSpam": 0,
    "version": 2,
    "parentVersion": 1,
    "echartsVersion": "4.7.0",
    "versionCreateTime": "2020-05-02T02:53:08.000Z",
    "html": "",
    "externalScripts": "",
    "updaterUID": "obd-ol0ppFjT8njU0Z10cQZkRTeT-WhFh0T",
    "theme": "",
    "layout": "",
    "viewCount": 266,
    "userName": "m***i",
    "commentCount": 0,
    "starCount": 3,
    "isStared": 0,
    "thumbnailURL": "https://www.makeapie.com/ecg-storage/ec_gallery_thumbnail/xBnTKjJviZ.png?v=1588387988209",
    "isCustomThumbnail": 0,
    "builtinTags": [
        "category-work",
        "legend",
        "series-pie",
        "tooltip"
    ],
    "customTags": [],
    "updaterUserName": "m***i"
}