{
    "cid": "xeasJ4-qaC",
    "authorUid": "bd-923300720",
    "authorUserName": "4***0",
    "title": "渐变Bar",
    "description": "",
    "latestVersion": 1,
    "alwaysLatest": 1,
    "createTime": "2020-05-01T06:20:57.000Z",
    "lastUpdateTime": "2020-05-01T06:20:57.000Z",
    "auth": 2,
    "uid": "bd-923300720",
    "publishedVersion": 0,
    "forkFrom": "-",
    "isSpam": 0,
    "version": 1,
    "parentVersion": -1,
    "echartsVersion": "4.7.0",
    "versionCreateTime": "2020-05-01T06:20:57.000Z",
    "html": "",
    "externalScripts": "",
    "updaterUID": "bd-923300720",
    "theme": "",
    "layout": "",
    "viewCount": 122,
    "userName": "4***0",
    "commentCount": 0,
    "starCount": 1,
    "isStared": 0,
    "thumbnailURL": "https://www.makeapie.com/ecg-storage/ec_gallery_thumbnail/xeasJ4-qaC.png?v=1588314057710",
    "isCustomThumbnail": 0,
    "builtinTags": [
        "category-work",
        "grid",
        "series-bar",
        "tooltip"
    ],
    "customTags": [],
    "updaterUserName": "4***0"
}