{
    "cid": "xHtbhfqBsC",
    "authorUid": "bd-167860219",
    "authorUserName": "n***1",
    "title": "光伏企业桑基图",
    "description": "论文插图",
    "latestVersion": 21,
    "alwaysLatest": 1,
    "createTime": "2020-05-05T03:25:00.000Z",
    "lastUpdateTime": "2020-05-09T02:04:34.000Z",
    "auth": 2,
    "uid": "bd-167860219",
    "publishedVersion": 0,
    "forkFrom": "-",
    "isSpam": 0,
    "version": 21,
    "parentVersion": 20,
    "echartsVersion": "4.8.0",
    "versionCreateTime": "2020-08-08T15:45:23.000Z",
    "html": "",
    "externalScripts": "",
    "updaterUID": "bd-167860219",
    "theme": "default",
    "layout": "",
    "viewCount": 3398,
    "userName": "n***1",
    "commentCount": 7,
    "starCount": 17,
    "isStared": 0,
    "thumbnailURL": "https://www.makeapie.com/ecg-storage/ec_gallery_thumbnail/xHtbhfqBsC.png?v=1596901523714",
    "isCustomThumbnail": 0,
    "builtinTags": [
        "category-work",
        "legend",
        "series-sankey",
        "title",
        "tooltip"
    ],
    "customTags": [],
    "updaterUserName": "n***1"
}