{
    "cid": "xhwazGovsu",
    "authorUid": "obd-oCgnFeZrZko_JnAfTu2W-usYfSr393i",
    "authorUserName": "如***风",
    "title": "世界地图-中国地图销售额展示",
    "description": "展示省份相关销售额信息数据，无数据则不展示在原有基础上进行改进（https://gallery.echartsjs.com/editor.html?c=xmUVo9iDL0）",
    "latestVersion": 4,
    "alwaysLatest": 1,
    "createTime": "2020-05-06T13:21:43.000Z",
    "lastUpdateTime": "2020-05-06T13:21:43.000Z",
    "auth": 2,
    "uid": "obd-oCgnFeZrZko_JnAfTu2W-usYfSr393i",
    "publishedVersion": 0,
    "forkFrom": "-",
    "isSpam": 0,
    "version": 4,
    "parentVersion": 3,
    "echartsVersion": "4.7.0",
    "versionCreateTime": "2020-05-18T05:51:19.000Z",
    "html": "",
    "externalScripts": "https://a1115040996.github.io/MyHTML/js/world-china.js",
    "updaterUID": "obd-oCgnFeZrZko_JnAfTu2W-usYfSr393i",
    "theme": "",
    "layout": "",
    "viewCount": 707,
    "userName": "如***风",
    "commentCount": 0,
    "starCount": 1,
    "isStared": 0,
    "thumbnailURL": "https://www.makeapie.com/ecg-storage/ec_gallery_thumbnail/xhwazGovsu.png?v=1589781080146",
    "isCustomThumbnail": 0,
    "builtinTags": [
        "category-work",
        "series-map",
        "tooltip",
        "visualMap"
    ],
    "customTags": [],
    "updaterUserName": "如***风"
}