{
    "cid": "xjq4UCRegv",
    "authorUid": "obd-ojVT537UncQhlULazlWZzCmWkuvDlDr",
    "authorUserName": "灞***e",
    "title": "graph",
    "description": "",
    "latestVersion": 8,
    "alwaysLatest": 1,
    "createTime": "2020-05-06T08:21:45.000Z",
    "lastUpdateTime": "2020-05-06T08:21:45.000Z",
    "auth": 2,
    "uid": "obd-ojVT537UncQhlULazlWZzCmWkuvDlDr",
    "publishedVersion": 0,
    "forkFrom": "-",
    "isSpam": 0,
    "version": 8,
    "parentVersion": 6,
    "echartsVersion": "4.7.0",
    "versionCreateTime": "2020-05-06T09:01:13.000Z",
    "html": "",
    "externalScripts": "",
    "updaterUID": "obd-ojVT537UncQhlULazlWZzCmWkuvDlDr",
    "theme": "",
    "layout": "",
    "viewCount": 180,
    "userName": "灞***e",
    "commentCount": 0,
    "starCount": 1,
    "isStared": 0,
    "thumbnailURL": "https://www.makeapie.com/ecg-storage/ec_gallery_thumbnail/xjq4UCRegv.png?v=1588755673496",
    "isCustomThumbnail": 0,
    "builtinTags": [
        "category-work",
        "legend",
        "series-graph",
        "title",
        "tooltip"
    ],
    "customTags": [],
    "updaterUserName": "灞***e"
}