{
    "cid": "xQvnr7JhG6",
    "authorUid": "bd-273460656",
    "authorUserName": "C***4",
    "title": "柱状图",
    "description": "",
    "latestVersion": 1,
    "alwaysLatest": 1,
    "createTime": "2020-05-06T06:09:14.000Z",
    "lastUpdateTime": "2020-05-06T06:09:14.000Z",
    "auth": 2,
    "uid": "bd-273460656",
    "publishedVersion": 0,
    "forkFrom": "-",
    "isSpam": 0,
    "version": 1,
    "parentVersion": -1,
    "echartsVersion": "4.7.0",
    "versionCreateTime": "2020-05-06T06:09:14.000Z",
    "html": "",
    "externalScripts": "",
    "updaterUID": "bd-273460656",
    "theme": "",
    "layout": "",
    "viewCount": 179,
    "userName": "C***4",
    "commentCount": 0,
    "starCount": 1,
    "isStared": 0,
    "thumbnailURL": "https://www.makeapie.com/ecg-storage/ec_gallery_thumbnail/xQvnr7JhG6.png?v=1588745355089",
    "isCustomThumbnail": 1,
    "builtinTags": [
        "category-work",
        "dataset",
        "grid",
        "legend",
        "series-bar",
        "tooltip"
    ],
    "customTags": [],
    "updaterUserName": "C***4"
}