{
    "cid": "xUyPhlH6_D",
    "authorUid": "bd-3945581135",
    "authorUserName": "a***n",
    "title": "地图散点图给散点设置不同颜色",
    "description": "",
    "latestVersion": 5,
    "alwaysLatest": 1,
    "createTime": "2020-05-06T03:12:06.000Z",
    "lastUpdateTime": "2021-09-27T03:46:34.000Z",
    "auth": 1,
    "uid": "bd-3945581135",
    "publishedVersion": 0,
    "forkFrom": "-",
    "isSpam": 0,
    "version": 5,
    "parentVersion": 4,
    "echartsVersion": "4.9.0",
    "versionCreateTime": "2021-09-27T03:46:35.000Z",
    "html": "",
    "externalScripts": "",
    "updaterUID": "obd-oFuGckFOV92nzK_kcCLtu6GHy-wWX5u",
    "theme": "",
    "layout": "",
    "viewCount": 3701,
    "userName": "a***n",
    "commentCount": 1,
    "starCount": 5,
    "isStared": 0,
    "thumbnailURL": "https://www.makeapie.com/ecg-storage/ec_gallery_thumbnail/xUyPhlH6_D.png?v=1632714395271",
    "isCustomThumbnail": 0,
    "builtinTags": [
        "category-work",
        "geo",
        "series-map",
        "series-scatter",
        "tooltip",
        "visualMap"
    ],
    "customTags": [],
    "updaterUserName": "a***4"
}