{
    "cid": "xXsNS81Q-k",
    "authorUid": "bd-7382906384",
    "authorUserName": "满***6",
    "title": "对比进度环形图表",
    "description": "",
    "latestVersion": 1,
    "alwaysLatest": 1,
    "createTime": "2020-04-30T03:08:02.000Z",
    "lastUpdateTime": "2020-04-30T03:08:02.000Z",
    "auth": 2,
    "uid": "bd-7382906384",
    "publishedVersion": 0,
    "forkFrom": "-",
    "isSpam": 0,
    "version": 1,
    "parentVersion": -1,
    "echartsVersion": "4.7.0",
    "versionCreateTime": "2020-04-30T03:08:02.000Z",
    "html": "",
    "externalScripts": "",
    "updaterUID": "bd-7382906384",
    "theme": "",
    "layout": "",
    "viewCount": 1579,
    "userName": "满***6",
    "commentCount": 0,
    "starCount": 18,
    "isStared": 0,
    "thumbnailURL": "https://www.makeapie.com/ecg-storage/ec_gallery_thumbnail/xXsNS81Q-k.png?v=1588216082900",
    "isCustomThumbnail": 0,
    "builtinTags": [
        "category-work",
        "grid",
        "legend",
        "series-gauge",
        "series-pie"
    ],
    "customTags": [],
    "updaterUserName": "满***6"
}