{
    "cid": "xY13yCG3Wb",
    "authorUid": "bd-973328106",
    "authorUserName": "虹***岚",
    "title": "正负堆叠柱形图",
    "description": "",
    "latestVersion": 2,
    "alwaysLatest": 1,
    "createTime": "2020-05-06T07:35:23.000Z",
    "lastUpdateTime": "2020-05-06T07:35:23.000Z",
    "auth": 1,
    "uid": "bd-973328106",
    "publishedVersion": 0,
    "forkFrom": "-",
    "isSpam": 0,
    "version": 2,
    "parentVersion": 1,
    "echartsVersion": "4.7.0",
    "versionCreateTime": "2020-05-06T07:36:06.000Z",
    "html": "",
    "externalScripts": "",
    "updaterUID": "bd-973328106",
    "theme": "",
    "layout": "",
    "viewCount": 229,
    "userName": "虹***岚",
    "commentCount": 0,
    "starCount": 1,
    "isStared": 0,
    "thumbnailURL": "https://www.makeapie.com/ecg-storage/ec_gallery_thumbnail/xY13yCG3Wb.png?v=1588750566684",
    "isCustomThumbnail": 0,
    "builtinTags": [
        "category-work",
        "grid",
        "legend",
        "series-bar",
        "tooltip"
    ],
    "customTags": [],
    "updaterUserName": "虹***岚"
}