{
    "cid": "xY6Dbbf534",
    "authorUid": "bd-2970656997",
    "authorUserName": "出***户",
    "title": "",
    "description": "",
    "latestVersion": 1,
    "alwaysLatest": 1,
    "createTime": "2020-05-06T02:42:06.000Z",
    "lastUpdateTime": "2020-05-06T02:42:06.000Z",
    "auth": 1,
    "uid": "bd-2970656997",
    "publishedVersion": 0,
    "forkFrom": "-",
    "isSpam": 0,
    "version": 1,
    "parentVersion": -1,
    "echartsVersion": "4.7.0",
    "versionCreateTime": "2020-05-06T02:42:06.000Z",
    "html": "",
    "externalScripts": "",
    "updaterUID": "bd-2970656997",
    "theme": "",
    "layout": "",
    "viewCount": 21,
    "userName": "出***户",
    "commentCount": 0,
    "starCount": 0,
    "isStared": 0,
    "thumbnailURL": "https://www.makeapie.com/ecg-storage/ec_gallery_thumbnail/xY6Dbbf534.png?v=1588732926715",
    "isCustomThumbnail": 0,
    "builtinTags": [
        "category-work",
        "grid",
        "legend",
        "series-bar",
        "title",
        "tooltip"
    ],
    "customTags": [],
    "updaterUserName": "出***户"
}