{
    "cid": "x-iRQ2qLSa",
    "authorUid": "obd-oAt191z1W5CB6tV-QrCjRamhSbJYr7U",
    "authorUserName": "S***2",
    "title": "Awesome Chart",
    "description": "",
    "latestVersion": 1,
    "alwaysLatest": 1,
    "createTime": "2020-12-24T08:40:05.000Z",
    "lastUpdateTime": "2020-12-24T08:40:05.000Z",
    "auth": 2,
    "uid": "obd-oAt191z1W5CB6tV-QrCjRamhSbJYr7U",
    "publishedVersion": 0,
    "forkFrom": "-",
    "isSpam": 0,
    "version": 1,
    "parentVersion": -1,
    "echartsVersion": "4.8.0",
    "versionCreateTime": "2020-12-24T08:40:05.000Z",
    "html": "",
    "externalScripts": "",
    "updaterUID": "obd-oAt191z1W5CB6tV-QrCjRamhSbJYr7U",
    "theme": "",
    "layout": "",
    "viewCount": 12,
    "userName": "S***2",
    "commentCount": 0,
    "starCount": 0,
    "isStared": 0,
    "thumbnailURL": "https://www.makeapie.com/ecg-storage/ec_gallery_thumbnail/x-iRQ2qLSa.png?v=1608799205923",
    "isCustomThumbnail": 0,
    "builtinTags": [
        "category-work",
        "grid",
        "series-line",
        "title"
    ],
    "customTags": [],
    "updaterUserName": "S***2"
}