{
    "cid": "x2WO196JbS",
    "authorUid": "obd-oDLaYoSFpVa9G-BeKFgryxMT-uYIg1s",
    "authorUserName": "1***8",
    "title": "水平柱状 - 多个",
    "description": "",
    "latestVersion": 3,
    "alwaysLatest": 1,
    "createTime": "2020-12-25T08:01:16.000Z",
    "lastUpdateTime": "2020-12-25T08:01:16.000Z",
    "auth": 2,
    "uid": "obd-oDLaYoSFpVa9G-BeKFgryxMT-uYIg1s",
    "publishedVersion": 0,
    "forkFrom": "-",
    "isSpam": 0,
    "version": 3,
    "parentVersion": 2,
    "echartsVersion": "4.8.0",
    "versionCreateTime": "2021-01-15T02:41:50.000Z",
    "html": "",
    "externalScripts": "",
    "updaterUID": "obd-oDLaYoSFpVa9G-BeKFgryxMT-uYIg1s",
    "theme": "",
    "layout": "",
    "viewCount": 40,
    "userName": "1***8",
    "commentCount": 0,
    "starCount": 0,
    "isStared": 0,
    "thumbnailURL": "https://www.makeapie.com/ecg-storage/ec_gallery_thumbnail/x2WO196JbS.png?v=1610678510545",
    "isCustomThumbnail": 0,
    "builtinTags": [
        "category-work",
        "grid",
        "legend",
        "series-bar",
        "timeline",
        "tooltip"
    ],
    "customTags": [],
    "updaterUserName": "1***8"
}