{
    "cid": "x9E1RdWQkS",
    "authorUid": "obd-oConuZ35T3Ok8yH6dJOOyiFzThQSu3E",
    "authorUserName": "s***7",
    "title": "全国人口普查数据分析（单位：万人）",
    "description": "",
    "latestVersion": 6,
    "alwaysLatest": 1,
    "createTime": "2020-12-24T13:57:11.000Z",
    "lastUpdateTime": "2020-12-24T13:57:11.000Z",
    "auth": 2,
    "uid": "obd-oConuZ35T3Ok8yH6dJOOyiFzThQSu3E",
    "publishedVersion": 0,
    "forkFrom": "-",
    "isSpam": 0,
    "version": 6,
    "parentVersion": 5,
    "echartsVersion": "4.8.0",
    "versionCreateTime": "2020-12-28T06:12:51.000Z",
    "html": "",
    "externalScripts": "",
    "updaterUID": "obd-oConuZ35T3Ok8yH6dJOOyiFzThQSu3E",
    "theme": "",
    "layout": "",
    "viewCount": 337,
    "userName": "s***7",
    "commentCount": 0,
    "starCount": 3,
    "isStared": 0,
    "thumbnailURL": "https://www.makeapie.com/ecg-storage/ec_gallery_thumbnail/x9E1RdWQkS.png?v=1609135971913",
    "isCustomThumbnail": 0,
    "builtinTags": [
        "category-work",
        "geo",
        "legend",
        "series-effectScatter",
        "series-map",
        "series-scatter",
        "title",
        "tooltip",
        "visualMap"
    ],
    "customTags": [],
    "updaterUserName": "s***7"
}