{
    "cid": "x_Z4Nt9QyB",
    "authorUid": "bd-2034378441",
    "authorUserName": "丶***光",
    "title": "3D地图",
    "description": "3D地图",
    "latestVersion": 3,
    "alwaysLatest": 1,
    "createTime": "2020-12-25T04:51:19.000Z",
    "lastUpdateTime": "2020-12-25T04:51:19.000Z",
    "auth": 2,
    "uid": "bd-2034378441",
    "publishedVersion": 0,
    "forkFrom": "-",
    "isSpam": 0,
    "version": 3,
    "parentVersion": 2,
    "echartsVersion": "4.8.0",
    "versionCreateTime": "2020-12-25T10:09:42.000Z",
    "html": "",
    "externalScripts": "https://echarts.baidu.com/resource/echarts-gl-latest/dist/echarts-gl.min.js",
    "updaterUID": "bd-2034378441",
    "theme": "",
    "layout": "",
    "viewCount": 302,
    "userName": "丶***光",
    "commentCount": 0,
    "starCount": 0,
    "isStared": 0,
    "thumbnailURL": "https://www.makeapie.com/ecg-storage/ec_gallery_thumbnail/x_Z4Nt9QyB.png?v=1608890982085",
    "isCustomThumbnail": 0,
    "builtinTags": [
        "category-work",
        "series-map3D",
        "tooltip",
        "visualMap"
    ],
    "customTags": [
        "3D",
        "gl",
        "map"
    ],
    "updaterUserName": "丶***光"
}