{
    "cid": "xcLFsilKWT",
    "authorUid": "obd-o0mP0CoPOEm28VSJ0KdCPNAzDhS2oF2",
    "authorUserName": "l***7",
    "title": "主要城市2020年全年 PM 2.5平均值",
    "description": "主要城市2020年全年 PM 2.5平均值",
    "latestVersion": 4,
    "alwaysLatest": 1,
    "createTime": "2020-12-24T08:40:31.000Z",
    "lastUpdateTime": "2020-12-24T08:40:31.000Z",
    "auth": 2,
    "uid": "obd-o0mP0CoPOEm28VSJ0KdCPNAzDhS2oF2",
    "publishedVersion": 1,
    "forkFrom": "-",
    "isSpam": 0,
    "version": 1,
    "parentVersion": -1,
    "echartsVersion": "4.8.0",
    "versionCreateTime": "2020-12-24T08:40:31.000Z",
    "html": "",
    "externalScripts": "/dep/echarts/map/js/china.js",
    "updaterUID": "obd-o0mP0CoPOEm28VSJ0KdCPNAzDhS2oF2",
    "theme": "",
    "layout": "",
    "viewCount": 92,
    "userName": "l***7",
    "commentCount": 0,
    "starCount": 1,
    "isStared": 0,
    "thumbnailURL": "https://www.makeapie.com/ecg-storage/ec_gallery_thumbnail/xcLFsilKWT.png?v=1608799231800",
    "isCustomThumbnail": 0,
    "builtinTags": [
        "brush",
        "category-work",
        "geo",
        "grid",
        "series-bar",
        "series-effectScatter",
        "series-scatter",
        "title",
        "toolbox",
        "tooltip"
    ],
    "customTags": [],
    "updaterUserName": "l***7"
}