{
    "cid": "xcPblrbyUd",
    "authorUid": "obd-o2STdHbcRsNqIRrqwRSdQKi8aFvlK6b",
    "authorUserName": "158*****887",
    "title": "2020年全国各省高考报名人数(万人)及一本录取率",
    "description": "数据来自百度搜索",
    "latestVersion": 3,
    "alwaysLatest": 1,
    "createTime": "2020-12-27T06:51:41.000Z",
    "lastUpdateTime": "2020-12-27T06:51:41.000Z",
    "auth": 2,
    "uid": "obd-o2STdHbcRsNqIRrqwRSdQKi8aFvlK6b",
    "publishedVersion": 0,
    "forkFrom": "-",
    "isSpam": 0,
    "version": 3,
    "parentVersion": 2,
    "echartsVersion": "4.8.0",
    "versionCreateTime": "2020-12-28T03:22:46.000Z",
    "html": "",
    "externalScripts": "http://gallery.echartsjs.com/editor.html?c=xrJU-aE-LG,/dep/echarts/map/js/china.js",
    "updaterUID": "obd-o2STdHbcRsNqIRrqwRSdQKi8aFvlK6b",
    "theme": "",
    "layout": "",
    "viewCount": 164,
    "userName": "158*****887",
    "commentCount": 0,
    "starCount": 1,
    "isStared": 0,
    "thumbnailURL": "https://www.makeapie.com/ecg-storage/ec_gallery_thumbnail/xcPblrbyUd.png?v=1609125766950",
    "isCustomThumbnail": 0,
    "builtinTags": [
        "category-work",
        "geo",
        "series-effectScatter",
        "series-map",
        "series-scatter",
        "title",
        "tooltip",
        "visualMap"
    ],
    "customTags": [],
    "updaterUserName": "158*****887"
}