{
    "cid": "xg453f44Kw",
    "authorUid": "bd-2902482258",
    "authorUserName": "d***1",
    "title": "动态单数据显示饼形图",
    "description": "分三层美化展示图表，中心圆为数值显示背景，最外圈为美化边框，夹心为数据饼形图。",
    "latestVersion": 3,
    "alwaysLatest": 1,
    "createTime": "2020-12-26T02:07:50.000Z",
    "lastUpdateTime": "2020-12-26T02:07:50.000Z",
    "auth": 1,
    "uid": "bd-2902482258",
    "publishedVersion": 0,
    "forkFrom": "-",
    "isSpam": 0,
    "version": 3,
    "parentVersion": 2,
    "echartsVersion": "4.9.0",
    "versionCreateTime": "2021-06-12T23:49:13.000Z",
    "html": "",
    "externalScripts": "",
    "updaterUID": "bd-1443642487",
    "theme": "",
    "layout": "",
    "viewCount": 51,
    "userName": "d***1",
    "commentCount": 0,
    "starCount": 0,
    "isStared": 0,
    "thumbnailURL": "https://www.makeapie.com/ecg-storage/ec_gallery_thumbnail/xg453f44Kw.png?v=1623541753302",
    "isCustomThumbnail": 0,
    "builtinTags": [
        "category-work",
        "series-pie",
        "title"
    ],
    "customTags": [],
    "updaterUserName": "狂***书"
}