{
    "cid": "xhltNg3X01",
    "authorUid": "obd-olwfZmunOWieOT6aYWEf8VXxHu9RU0o",
    "authorUserName": "m***9",
    "title": "2020年山东省各市平均房价地图",
    "description": "可视化作业",
    "latestVersion": 1,
    "alwaysLatest": 1,
    "createTime": "2020-12-26T13:54:38.000Z",
    "lastUpdateTime": "2020-12-26T13:54:38.000Z",
    "auth": 2,
    "uid": "obd-olwfZmunOWieOT6aYWEf8VXxHu9RU0o",
    "publishedVersion": 1,
    "forkFrom": "-",
    "isSpam": 0,
    "version": 1,
    "parentVersion": -1,
    "echartsVersion": "4.8.0",
    "versionCreateTime": "2020-12-26T13:54:38.000Z",
    "html": "",
    "externalScripts": "",
    "updaterUID": "obd-olwfZmunOWieOT6aYWEf8VXxHu9RU0o",
    "theme": "",
    "layout": "",
    "viewCount": 142,
    "userName": "m***9",
    "commentCount": 0,
    "starCount": 1,
    "isStared": 0,
    "thumbnailURL": "https://www.makeapie.com/ecg-storage/ec_gallery_thumbnail/xhltNg3X01.png?v=1608990878822",
    "isCustomThumbnail": 0,
    "builtinTags": [
        "category-work",
        "legend",
        "series-map",
        "title",
        "toolbox",
        "visualMap"
    ],
    "customTags": [],
    "updaterUserName": "m***9"
}