{
    "cid": "xk1lK0UgKM",
    "authorUid": "obd-otaTJEe4wNjU_MZ8e-mmuVwk3TDpg8T",
    "authorUserName": "D***K",
    "title": "国家标准历年数量变化",
    "description": "",
    "latestVersion": 1,
    "alwaysLatest": 1,
    "createTime": "2020-12-26T02:26:03.000Z",
    "lastUpdateTime": "2020-12-26T02:26:03.000Z",
    "auth": 1,
    "uid": "obd-otaTJEe4wNjU_MZ8e-mmuVwk3TDpg8T",
    "publishedVersion": 0,
    "forkFrom": "-",
    "isSpam": 0,
    "version": 1,
    "parentVersion": -1,
    "echartsVersion": "4.8.0",
    "versionCreateTime": "2020-12-26T02:26:03.000Z",
    "html": "",
    "externalScripts": "",
    "updaterUID": "obd-otaTJEe4wNjU_MZ8e-mmuVwk3TDpg8T",
    "theme": "",
    "layout": "",
    "viewCount": 107,
    "userName": "D***K",
    "commentCount": 0,
    "starCount": 2,
    "isStared": 0,
    "thumbnailURL": "https://www.makeapie.com/ecg-storage/ec_gallery_thumbnail/xk1lK0UgKM.png?v=1608949563419",
    "isCustomThumbnail": 0,
    "builtinTags": [
        "category-work",
        "grid",
        "legend",
        "series-bar",
        "series-line",
        "title",
        "tooltip"
    ],
    "customTags": [],
    "updaterUserName": "D***K"
}