{
    "cid": "xtgYyUXeJy",
    "authorUid": "bd-2947300467",
    "authorUserName": "莱***o",
    "title": "任务完成率",
    "description": "",
    "latestVersion": 1,
    "alwaysLatest": 1,
    "createTime": "2020-12-25T00:35:48.000Z",
    "lastUpdateTime": "2020-12-25T00:35:48.000Z",
    "auth": 2,
    "uid": "bd-2947300467",
    "publishedVersion": 0,
    "forkFrom": "-",
    "isSpam": 0,
    "version": 1,
    "parentVersion": -1,
    "echartsVersion": "4.8.0",
    "versionCreateTime": "2020-12-25T00:35:48.000Z",
    "html": "",
    "externalScripts": "",
    "updaterUID": "bd-2947300467",
    "theme": "",
    "layout": "",
    "viewCount": 333,
    "userName": "莱***o",
    "commentCount": 0,
    "starCount": 4,
    "isStared": 0,
    "thumbnailURL": "https://www.makeapie.com/ecg-storage/ec_gallery_thumbnail/xtgYyUXeJy.png?v=1608856548590",
    "isCustomThumbnail": 0,
    "builtinTags": [
        "category-work",
        "series-gauge",
        "title"
    ],
    "customTags": [],
    "updaterUserName": "莱***o"
}