{
    "cid": "xTifkILz5N",
    "authorUid": "obd-otaTJEe4wNjU_MZ8e-mmuVwk3TDpg8T",
    "authorUserName": "D***K",
    "title": "国家标准类型数量",
    "description": "",
    "latestVersion": 3,
    "alwaysLatest": 1,
    "createTime": "2020-12-26T02:55:35.000Z",
    "lastUpdateTime": "2020-12-26T02:55:35.000Z",
    "auth": 1,
    "uid": "obd-otaTJEe4wNjU_MZ8e-mmuVwk3TDpg8T",
    "publishedVersion": 0,
    "forkFrom": "-",
    "isSpam": 0,
    "version": 3,
    "parentVersion": 2,
    "echartsVersion": "4.8.0",
    "versionCreateTime": "2020-12-26T04:50:48.000Z",
    "html": "",
    "externalScripts": "",
    "updaterUID": "obd-otaTJEe4wNjU_MZ8e-mmuVwk3TDpg8T",
    "theme": "",
    "layout": "",
    "viewCount": 106,
    "userName": "D***K",
    "commentCount": 0,
    "starCount": 1,
    "isStared": 0,
    "thumbnailURL": "https://www.makeapie.com/ecg-storage/ec_gallery_thumbnail/xTifkILz5N.png?v=1608958248493",
    "isCustomThumbnail": 0,
    "builtinTags": [
        "category-work",
        "grid",
        "legend",
        "series-bar",
        "series-line",
        "title",
        "tooltip"
    ],
    "customTags": [],
    "updaterUserName": "D***K"
}