{
    "cid": "xH1CwlpFEG",
    "authorUid": "bd-2034378441",
    "authorUserName": "丶***光",
    "title": "ty-饼图",
    "description": "饼图",
    "latestVersion": 1,
    "alwaysLatest": 1,
    "createTime": "2018-01-15T05:47:17.000Z",
    "lastUpdateTime": "2018-01-15T05:47:17.000Z",
    "auth": 2,
    "uid": "bd-2034378441",
    "publishedVersion": 0,
    "forkFrom": "-",
    "isSpam": 0,
    "version": 1,
    "parentVersion": -1,
    "echartsVersion": "3.8.0",
    "versionCreateTime": "2018-01-15T05:47:17.000Z",
    "html": "",
    "externalScripts": "",
    "updaterUID": "bd-2034378441",
    "theme": "",
    "layout": "",
    "viewCount": 283,
    "userName": "丶***光",
    "commentCount": 0,
    "starCount": 0,
    "isStared": 0,
    "thumbnailURL": "https://www.makeapie.com/ecg-storage/ec_gallery_thumbnail/xH1CwlpFEG.png?v=1515995237820",
    "isCustomThumbnail": 0,
    "builtinTags": [
        "category-work",
        "series-pie",
        "tooltip"
    ],
    "customTags": [],
    "updaterUserName": "丶***光"
}