{
    "cid": "xH1GTdJ9Nf",
    "authorUid": "bd-186954852",
    "authorUserName": "l***7",
    "title": "日历",
    "description": "",
    "latestVersion": 4,
    "alwaysLatest": 1,
    "createTime": "2018-01-15T08:39:22.000Z",
    "lastUpdateTime": "2018-01-15T08:39:22.000Z",
    "auth": 2,
    "uid": "bd-186954852",
    "publishedVersion": 0,
    "forkFrom": "-",
    "isSpam": 0,
    "version": 4,
    "parentVersion": 3,
    "echartsVersion": "3.8.0",
    "versionCreateTime": "2018-01-15T10:27:59.000Z",
    "html": "",
    "externalScripts": "",
    "updaterUID": "bd-186954852",
    "theme": "",
    "layout": "",
    "viewCount": 1079,
    "userName": "l***7",
    "commentCount": 0,
    "starCount": 3,
    "isStared": 0,
    "thumbnailURL": "https://www.makeapie.com/ecg-storage/ec_gallery_thumbnail/xH1GTdJ9Nf.png?v=1516012079567",
    "isCustomThumbnail": 0,
    "builtinTags": [
        "calendar",
        "category-work",
        "series-heatmap",
        "series-scatter",
        "visualMap"
    ],
    "customTags": [],
    "updaterUserName": "l***7"
}