{
    "cid": "xHJIPHN9Nf",
    "authorUid": "bd-3796128407",
    "authorUserName": "王***响",
    "title": "网站流量转换分析",
    "description": "",
    "latestVersion": 1,
    "alwaysLatest": 1,
    "createTime": "2018-01-15T14:06:21.000Z",
    "lastUpdateTime": "2018-01-15T14:06:21.000Z",
    "auth": 2,
    "uid": "bd-3796128407",
    "publishedVersion": 0,
    "forkFrom": "-",
    "isSpam": 0,
    "version": 1,
    "parentVersion": -1,
    "echartsVersion": "3.8.0",
    "versionCreateTime": "2018-01-15T14:06:21.000Z",
    "html": "",
    "externalScripts": "",
    "updaterUID": "bd-3796128407",
    "theme": "",
    "layout": "",
    "viewCount": 1343,
    "userName": "王***响",
    "commentCount": 0,
    "starCount": 6,
    "isStared": 0,
    "thumbnailURL": "https://www.makeapie.com/ecg-storage/ec_gallery_thumbnail/xHJIPHN9Nf.png?v=1516025181738",
    "isCustomThumbnail": 0,
    "builtinTags": [
        "category-work",
        "series-funnel",
        "tooltip"
    ],
    "customTags": [],
    "updaterUserName": "王***响"
}