{
    "cid": "xHJpqHAYEf",
    "authorUid": "bd-353054937",
    "authorUserName": "t***g",
    "title": "柱状图多X轴V1.0",
    "description": "使用有图例的图表",
    "latestVersion": 3,
    "alwaysLatest": 1,
    "createTime": "2018-01-15T07:17:40.000Z",
    "lastUpdateTime": "2018-01-15T07:17:40.000Z",
    "auth": 2,
    "uid": "bd-353054937",
    "publishedVersion": 0,
    "forkFrom": "-",
    "isSpam": 0,
    "version": 3,
    "parentVersion": 2,
    "echartsVersion": "3.8.0",
    "versionCreateTime": "2020-06-23T07:53:02.000Z",
    "html": "",
    "externalScripts": "",
    "updaterUID": "bd-353054937",
    "theme": "",
    "layout": "",
    "viewCount": 1044,
    "userName": "t***g",
    "commentCount": 0,
    "starCount": 2,
    "isStared": 0,
    "thumbnailURL": "https://www.makeapie.com/ecg-storage/ec_gallery_thumbnail/xHJpqHAYEf.png?v=1592898782509",
    "isCustomThumbnail": 0,
    "builtinTags": [
        "category-work",
        "grid",
        "legend",
        "series-bar",
        "title",
        "tooltip"
    ],
    "customTags": [],
    "updaterUserName": "t***g"
}