{
    "cid": "xHkRpZuY4z",
    "authorUid": "bd-3796128407",
    "authorUserName": "王***响",
    "title": "气泡图",
    "description": "",
    "latestVersion": 2,
    "alwaysLatest": 1,
    "createTime": "2018-01-15T00:11:49.000Z",
    "lastUpdateTime": "2020-01-09T02:35:24.000Z",
    "auth": 2,
    "uid": "bd-3796128407",
    "publishedVersion": 0,
    "forkFrom": "-",
    "isSpam": 0,
    "version": 2,
    "parentVersion": 1,
    "echartsVersion": "3.8.0",
    "versionCreateTime": "2018-01-16T02:24:32.000Z",
    "html": "",
    "externalScripts": "",
    "updaterUID": "bd-3796128407",
    "theme": "default",
    "layout": "",
    "viewCount": 1361,
    "userName": "王***响",
    "commentCount": 0,
    "starCount": 0,
    "isStared": 0,
    "thumbnailURL": "https://www.makeapie.com/ecg-storage/ec_gallery_thumbnail/xHkRpZuY4z.png?v=1578537324802",
    "isCustomThumbnail": 0,
    "builtinTags": [
        "category-work",
        "grid",
        "series-scatter",
        "visualMap"
    ],
    "customTags": [],
    "updaterUserName": "王***响"
}