{
    "cid": "xHkzhgl5Vz",
    "authorUid": "bd-1813650783",
    "authorUserName": "y***8",
    "title": "echarts模拟tab效果",
    "description": "如封面图所示，点击tab，切换图表的数据，改变数据源，实时刷新数据",
    "latestVersion": 1,
    "alwaysLatest": 1,
    "createTime": "2018-01-15T09:13:14.000Z",
    "lastUpdateTime": "2018-01-15T09:13:14.000Z",
    "auth": 2,
    "uid": "bd-1813650783",
    "publishedVersion": 0,
    "forkFrom": "-",
    "isSpam": 0,
    "version": 1,
    "parentVersion": -1,
    "echartsVersion": "3.8.0",
    "versionCreateTime": "2018-01-15T09:13:14.000Z",
    "html": "",
    "externalScripts": "",
    "updaterUID": "bd-1813650783",
    "theme": "",
    "layout": "",
    "viewCount": 472,
    "userName": "y***8",
    "commentCount": 0,
    "starCount": 0,
    "isStared": 0,
    "thumbnailURL": "https://www.makeapie.com/ecg-storage/ec_gallery_thumbnail/xHkzhgl5Vz.png?v=1516007594524",
    "isCustomThumbnail": 1,
    "builtinTags": [
        "category-work",
        "grid",
        "legend",
        "series-bar",
        "series-line",
        "tooltip"
    ],
    "customTags": [],
    "updaterUserName": "y***8"
}