{
    "cid": "xr13FAH54f",
    "authorUid": "bd-3796128407",
    "authorUserName": "王***响",
    "title": "某地区蒸发量和降水量",
    "description": "",
    "latestVersion": 2,
    "alwaysLatest": 1,
    "createTime": "2018-01-15T15:53:39.000Z",
    "lastUpdateTime": "2018-01-15T15:53:39.000Z",
    "auth": 2,
    "uid": "bd-3796128407",
    "publishedVersion": 0,
    "forkFrom": "-",
    "isSpam": 0,
    "version": 2,
    "parentVersion": 1,
    "echartsVersion": "3.8.0",
    "versionCreateTime": "2018-01-16T02:19:08.000Z",
    "html": "",
    "externalScripts": "",
    "updaterUID": "bd-3796128407",
    "theme": "",
    "layout": "",
    "viewCount": 658,
    "userName": "王***响",
    "commentCount": 0,
    "starCount": 2,
    "isStared": 0,
    "thumbnailURL": "https://www.makeapie.com/ecg-storage/ec_gallery_thumbnail/xr13FAH54f.png?v=1516069148711",
    "isCustomThumbnail": 0,
    "builtinTags": [
        "category-work",
        "grid",
        "legend",
        "markLine",
        "markPoint",
        "series-bar"
    ],
    "customTags": [],
    "updaterUserName": "王***响"
}