{
    "cid": "xrJL-Z7cNf",
    "authorUid": "bd-1074769474",
    "authorUserName": "cg_zero",
    "title": "新配色饼图",
    "description": "新配色饼图",
    "latestVersion": 1,
    "alwaysLatest": 1,
    "createTime": "2018-01-15T12:39:26.000Z",
    "lastUpdateTime": "2018-01-15T12:39:26.000Z",
    "auth": 2,
    "uid": "bd-1074769474",
    "publishedVersion": 0,
    "forkFrom": "-",
    "isSpam": 0,
    "version": 1,
    "parentVersion": -1,
    "echartsVersion": "3.8.0",
    "versionCreateTime": "2018-01-15T12:39:26.000Z",
    "html": "",
    "externalScripts": "",
    "updaterUID": "bd-1074769474",
    "theme": "",
    "layout": "",
    "viewCount": 292,
    "userName": "cg_zero",
    "commentCount": 0,
    "starCount": 0,
    "isStared": 0,
    "thumbnailURL": "https://www.makeapie.com/ecg-storage/ec_gallery_thumbnail/xrJL-Z7cNf.png?v=1516019966513",
    "isCustomThumbnail": 0,
    "builtinTags": [
        "category-work",
        "legend",
        "series-pie",
        "tooltip"
    ],
    "customTags": [],
    "updaterUserName": "cg_zero"
}