{
    "cid": "xrkR0C8FVM",
    "authorUid": "bd-3796128407",
    "authorUserName": "王***响",
    "title": "触屏 tooltip 和 dataZoom 示例",
    "description": "\"tootip\" and \"dataZoom\" on mobile device",
    "latestVersion": 2,
    "alwaysLatest": 1,
    "createTime": "2018-01-14T22:51:02.000Z",
    "lastUpdateTime": "2020-01-09T02:41:16.000Z",
    "auth": 2,
    "uid": "bd-3796128407",
    "publishedVersion": 0,
    "forkFrom": "-",
    "isSpam": 0,
    "version": 2,
    "parentVersion": 1,
    "echartsVersion": "3.8.0",
    "versionCreateTime": "2018-01-16T03:05:58.000Z",
    "html": "",
    "externalScripts": "",
    "updaterUID": "bd-3796128407",
    "theme": "default",
    "layout": "",
    "viewCount": 203,
    "userName": "王***响",
    "commentCount": 0,
    "starCount": 0,
    "isStared": 0,
    "thumbnailURL": "https://www.makeapie.com/ecg-storage/ec_gallery_thumbnail/xrkR0C8FVM.png?v=1578537676151",
    "isCustomThumbnail": 0,
    "builtinTags": [
        "category-work",
        "dataZoom",
        "grid",
        "legend",
        "series-line",
        "title",
        "toolbox"
    ],
    "customTags": [],
    "updaterUserName": "王***响"
}