{
    "cid": "xSJpQ5YF4z",
    "authorUid": "bd-1679780508",
    "authorUserName": "l***7",
    "title": "bar3d",
    "description": "数据为0时不显示标签",
    "latestVersion": 1,
    "alwaysLatest": 1,
    "createTime": "2018-01-15T01:55:49.000Z",
    "lastUpdateTime": "2018-01-15T01:55:49.000Z",
    "auth": 2,
    "uid": "bd-1679780508",
    "publishedVersion": 0,
    "forkFrom": "-",
    "isSpam": 0,
    "version": 1,
    "parentVersion": -1,
    "echartsVersion": "3.8.0",
    "versionCreateTime": "2018-01-15T01:55:49.000Z",
    "html": "",
    "externalScripts": "http://echarts.baidu.com/resource/echarts-gl-latest/dist/echarts-gl.min.js",
    "updaterUID": "bd-1679780508",
    "theme": "",
    "layout": "",
    "viewCount": 102,
    "userName": "l***7",
    "commentCount": 3,
    "starCount": 1,
    "isStared": 0,
    "thumbnailURL": "https://www.makeapie.com/ecg-storage/ec_gallery_thumbnail/xSJpQ5YF4z.png?v=1515981349474",
    "isCustomThumbnail": 0,
    "builtinTags": [
        "category-work",
        "grid3D",
        "series-bar3D",
        "tooltip",
        "visualMap"
    ],
    "customTags": [],
    "updaterUserName": "l***7"
}