{
    "cid": "x10a-LMsRC",
    "authorUid": "obd-oj4PFK0VoztWEIcxwWPVrdNdKiz9FDT",
    "authorUserName": "L***n",
    "title": "分页雷达图",
    "description": "",
    "latestVersion": 2,
    "alwaysLatest": 0,
    "createTime": "2021-12-03T02:32:20.000Z",
    "lastUpdateTime": "2021-12-09T05:58:06.000Z",
    "auth": 2,
    "uid": "obd-oj4PFK0VoztWEIcxwWPVrdNdKiz9FDT",
    "publishedVersion": 0,
    "forkFrom": "-",
    "isSpam": 0,
    "version": 2,
    "parentVersion": 1,
    "echartsVersion": "5.1.2",
    "versionCreateTime": "2021-12-09T05:58:06.000Z",
    "html": "",
    "externalScripts": "",
    "updaterUID": "obd-oj4PFK0VoztWEIcxwWPVrdNdKiz9FDT",
    "theme": "",
    "layout": "",
    "viewCount": 0,
    "userName": "L***n",
    "commentCount": 0,
    "starCount": 2,
    "isStared": 0,
    "thumbnailURL": "https://www.makeapie.com/ecg-storage/ec_gallery_thumbnail/x10a-LMsRC.png?v=1639029486503",
    "isCustomThumbnail": 0,
    "builtinTags": [
        "category-work",
        "radar",
        "series-radar",
        "timeline",
        "tooltip"
    ],
    "customTags": [],
    "updaterUserName": "L***n"
}