{
    "cid": "xA3a7TmHvK",
    "authorUid": "bd-3224702414",
    "authorUserName": "大***愁",
    "title": "CT/TableTop 平均利用率",
    "description": "",
    "latestVersion": 2,
    "alwaysLatest": 0,
    "createTime": "2021-12-02T09:29:22.000Z",
    "lastUpdateTime": "2021-12-08T12:07:03.000Z",
    "auth": 2,
    "uid": "bd-3224702414",
    "publishedVersion": 0,
    "forkFrom": "-",
    "isSpam": 0,
    "version": 2,
    "parentVersion": 1,
    "echartsVersion": "5.2.2",
    "versionCreateTime": "2021-12-08T12:07:03.000Z",
    "html": "",
    "externalScripts": "",
    "updaterUID": "bd-3224702414",
    "theme": "",
    "layout": "",
    "viewCount": 0,
    "userName": "大***愁",
    "commentCount": 0,
    "starCount": 2,
    "isStared": 0,
    "thumbnailURL": "https://www.makeapie.com/ecg-storage/ec_gallery_thumbnail/xA3a7TmHvK.png?v=1638965224087",
    "isCustomThumbnail": 0,
    "builtinTags": [
        "category-work",
        "grid",
        "legend",
        "series-bar",
        "tooltip"
    ],
    "customTags": [],
    "updaterUserName": "大***愁"
}