{
    "cid": "xHFY5LyPOr",
    "authorUid": "obd-oPXAFySM_8bsQEdfq4W7JB_IZCWoy9o",
    "authorUserName": "芦***霖",
    "title": "象形柱图PictorialBar",
    "description": "",
    "latestVersion": 2,
    "alwaysLatest": 0,
    "createTime": "2021-12-02T07:19:28.000Z",
    "lastUpdateTime": "2021-12-02T07:29:15.000Z",
    "auth": 2,
    "uid": "obd-oPXAFySM_8bsQEdfq4W7JB_IZCWoy9o",
    "publishedVersion": 0,
    "forkFrom": "-",
    "isSpam": 0,
    "version": 2,
    "parentVersion": 1,
    "echartsVersion": "5.2.2",
    "versionCreateTime": "2021-12-02T07:29:15.000Z",
    "html": "",
    "externalScripts": "",
    "updaterUID": "obd-oPXAFySM_8bsQEdfq4W7JB_IZCWoy9o",
    "theme": "",
    "layout": "",
    "viewCount": 0,
    "userName": "芦***霖",
    "commentCount": 0,
    "starCount": 1,
    "isStared": 0,
    "thumbnailURL": "https://www.makeapie.com/ecg-storage/ec_gallery_thumbnail/xHFY5LyPOr.png?v=1638430155947",
    "isCustomThumbnail": 0,
    "builtinTags": [
        "category-work",
        "grid",
        "series-pictorialBar",
        "tooltip"
    ],
    "customTags": [],
    "updaterUserName": "芦***霖"
}