{
    "cid": "xLLKbn51tP",
    "authorUid": "bd-1624748243",
    "authorUserName": "l***3",
    "title": "动态饼图",
    "description": "动态饼图+中间部分动态显示饼图参数",
    "latestVersion": 1,
    "alwaysLatest": 0,
    "createTime": "2021-12-03T02:24:24.000Z",
    "lastUpdateTime": "2021-12-03T02:24:24.000Z",
    "auth": 2,
    "uid": "bd-1624748243",
    "publishedVersion": 0,
    "forkFrom": "-",
    "isSpam": 0,
    "version": 1,
    "parentVersion": -1,
    "echartsVersion": "5.2.2",
    "versionCreateTime": "2021-12-03T02:24:24.000Z",
    "html": "",
    "externalScripts": "",
    "updaterUID": "bd-1624748243",
    "theme": "",
    "layout": "",
    "viewCount": 0,
    "userName": "l***3",
    "commentCount": 0,
    "starCount": 0,
    "isStared": 0,
    "thumbnailURL": "https://www.makeapie.com/ecg-storage/ec_gallery_thumbnail/xLLKbn51tP.png?v=1638498264577",
    "isCustomThumbnail": 0,
    "builtinTags": [
        "category-work",
        "legend",
        "polar",
        "series-custom",
        "series-gauge",
        "series-pie"
    ],
    "customTags": [],
    "updaterUserName": "l***3"
}