{
    "cid": "xoouj7pRqF",
    "authorUid": "obd-o-WeIDz9pQFG3HlZjbY3v-MnvKKSvAj",
    "authorUserName": "王***表",
    "title": "带尖角的柱状图",
    "description": "记录自己的作品",
    "latestVersion": 3,
    "alwaysLatest": 1,
    "createTime": "2021-12-02T07:52:56.000Z",
    "lastUpdateTime": "2021-12-02T08:56:57.000Z",
    "auth": 1,
    "uid": "obd-o-WeIDz9pQFG3HlZjbY3v-MnvKKSvAj",
    "publishedVersion": 0,
    "forkFrom": "-",
    "isSpam": 0,
    "version": 3,
    "parentVersion": 1,
    "echartsVersion": "4.9.0",
    "versionCreateTime": "2021-12-02T08:56:57.000Z",
    "html": "",
    "externalScripts": "",
    "updaterUID": "obd-o-WeIDz9pQFG3HlZjbY3v-MnvKKSvAj",
    "theme": "",
    "layout": "",
    "viewCount": 0,
    "userName": "王***表",
    "commentCount": 0,
    "starCount": 0,
    "isStared": 0,
    "thumbnailURL": "https://www.makeapie.com/ecg-storage/ec_gallery_thumbnail/xoouj7pRqF.png?v=1638435417664",
    "isCustomThumbnail": 0,
    "builtinTags": [
        "category-work",
        "dataZoom",
        "grid",
        "series-pictorialBar",
        "toolbox",
        "tooltip"
    ],
    "customTags": [
        "pictorialBar"
    ],
    "updaterUserName": "王***表"
}