{
    "cid": "xsHkpBV-Q4",
    "authorUid": "obd-oDCQ7fqkN-sUAGlEQ498dBly2srdv1I",
    "authorUserName": "福***0",
    "title": "阶梯瀑布图",
    "description": "",
    "latestVersion": 3,
    "alwaysLatest": 0,
    "createTime": "2021-12-03T01:53:32.000Z",
    "lastUpdateTime": "2021-12-03T03:10:52.000Z",
    "auth": 2,
    "uid": "obd-oDCQ7fqkN-sUAGlEQ498dBly2srdv1I",
    "publishedVersion": 0,
    "forkFrom": "-",
    "isSpam": 0,
    "version": 3,
    "parentVersion": 2,
    "echartsVersion": "5.2.2",
    "versionCreateTime": "2021-12-03T03:10:52.000Z",
    "html": "",
    "externalScripts": "",
    "updaterUID": "obd-oDCQ7fqkN-sUAGlEQ498dBly2srdv1I",
    "theme": "",
    "layout": "",
    "viewCount": 0,
    "userName": "福***0",
    "commentCount": 0,
    "starCount": 1,
    "isStared": 0,
    "thumbnailURL": "https://www.makeapie.com/ecg-storage/ec_gallery_thumbnail/xsHkpBV-Q4.png?v=1638501052660",
    "isCustomThumbnail": 0,
    "builtinTags": [
        "category-work",
        "grid",
        "series-bar",
        "title",
        "tooltip"
    ],
    "customTags": [],
    "updaterUserName": "福***0"
}