{
    "cid": "xSOdbQMWil",
    "authorUid": "obd-o0N9XgjzEtK8qv4eJ75aguEaOF08uFv",
    "authorUserName": "我***1",
    "title": "进度条",
    "description": "使用横向柱状图绘制进度条，并可添加图片",
    "latestVersion": 1,
    "alwaysLatest": 0,
    "createTime": "2021-12-02T09:03:21.000Z",
    "lastUpdateTime": "2021-12-02T09:03:21.000Z",
    "auth": 2,
    "uid": "obd-o0N9XgjzEtK8qv4eJ75aguEaOF08uFv",
    "publishedVersion": 0,
    "forkFrom": "-",
    "isSpam": 0,
    "version": 1,
    "parentVersion": -1,
    "echartsVersion": "5.2.2",
    "versionCreateTime": "2021-12-02T09:03:21.000Z",
    "html": "",
    "externalScripts": "",
    "updaterUID": "obd-o0N9XgjzEtK8qv4eJ75aguEaOF08uFv",
    "theme": "",
    "layout": "",
    "viewCount": 0,
    "userName": "我***1",
    "commentCount": 0,
    "starCount": 5,
    "isStared": 0,
    "thumbnailURL": "https://www.makeapie.com/ecg-storage/ec_gallery_thumbnail/xSOdbQMWil.png?v=1638435801579",
    "isCustomThumbnail": 0,
    "builtinTags": [
        "category-work",
        "grid",
        "series-bar",
        "series-pictorialBar"
    ],
    "customTags": [],
    "updaterUserName": "我***1"
}