{
    "cid": "xVbXSrh979",
    "authorUid": "obd-o-WeIDz9pQFG3HlZjbY3v-MnvKKSvAj",
    "authorUserName": "王***表",
    "title": "3d饼图",
    "description": "",
    "latestVersion": 2,
    "alwaysLatest": 1,
    "createTime": "2021-12-02T09:39:06.000Z",
    "lastUpdateTime": "2021-12-27T01:41:36.000Z",
    "auth": 1,
    "uid": "obd-o-WeIDz9pQFG3HlZjbY3v-MnvKKSvAj",
    "publishedVersion": 0,
    "forkFrom": "-",
    "isSpam": 0,
    "version": 2,
    "parentVersion": 1,
    "echartsVersion": "4.9.0",
    "versionCreateTime": "2021-12-27T01:41:37.000Z",
    "html": "",
    "externalScripts": "https://cdn.jsdelivr.net/npm/echarts-gl@1/dist/echarts-gl.min.js",
    "updaterUID": "obd-ojxzqR1VSSb1u_vNIJOp1lAAk4vY3E6",
    "theme": "",
    "layout": "",
    "viewCount": 0,
    "userName": "王***表",
    "commentCount": 0,
    "starCount": 9,
    "isStared": 0,
    "thumbnailURL": "https://www.makeapie.com/ecg-storage/ec_gallery_thumbnail/xVbXSrh979.png?v=1640569297091",
    "isCustomThumbnail": 0,
    "builtinTags": [
        "category-work",
        "grid3D",
        "series-pie",
        "series-surface",
        "tooltip"
    ],
    "customTags": [
        "pie"
    ],
    "updaterUserName": "锄***肆"
}