{
    "cid": "xw_BU7pR0f",
    "authorUid": "obd-oj1PHXb2eozseltxXKHH3iMbDILchDC",
    "authorUserName": "葳***潊",
    "title": "Disk Usage",
    "description": "动态切换数据的矩形树图",
    "latestVersion": 1,
    "alwaysLatest": 0,
    "createTime": "2021-12-03T02:40:50.000Z",
    "lastUpdateTime": "2021-12-03T02:40:50.000Z",
    "auth": 1,
    "uid": "obd-oj1PHXb2eozseltxXKHH3iMbDILchDC",
    "publishedVersion": 0,
    "forkFrom": "-",
    "isSpam": 0,
    "version": 1,
    "parentVersion": -1,
    "echartsVersion": "5.2.2",
    "versionCreateTime": "2021-12-03T02:40:50.000Z",
    "html": "",
    "externalScripts": "",
    "updaterUID": "obd-oj1PHXb2eozseltxXKHH3iMbDILchDC",
    "theme": "",
    "layout": "",
    "viewCount": 0,
    "userName": "葳***潊",
    "commentCount": 0,
    "starCount": 0,
    "isStared": 0,
    "thumbnailURL": "https://www.makeapie.com/ecg-storage/ec_gallery_thumbnail/xw_BU7pR0f.png?v=1638499251060",
    "isCustomThumbnail": 0,
    "builtinTags": [
        "category-work",
        "series-treemap",
        "title",
        "tooltip"
    ],
    "customTags": [],
    "updaterUserName": "葳***潊"
}