{
    "cid": "xZFoQLgmPR",
    "authorUid": "obd-oFy6ZBgr6G9gXniji6a8pVOkR2izY5U",
    "authorUserName": "易***远",
    "title": "迷你我的世界",
    "description": "",
    "latestVersion": 1,
    "alwaysLatest": 1,
    "createTime": "2021-12-02T07:46:56.000Z",
    "lastUpdateTime": "2021-12-02T07:47:06.000Z",
    "auth": 2,
    "uid": "obd-oFy6ZBgr6G9gXniji6a8pVOkR2izY5U",
    "publishedVersion": 0,
    "forkFrom": "-",
    "isSpam": 0,
    "version": 1,
    "parentVersion": -1,
    "echartsVersion": "4.9.0",
    "versionCreateTime": "2021-12-02T07:46:57.000Z",
    "html": "",
    "externalScripts": "https://cdn.jsdelivr.net/npm/echarts-gl@1.1.1/dist/echarts-gl.min.js",
    "updaterUID": "obd-oFy6ZBgr6G9gXniji6a8pVOkR2izY5U",
    "theme": "default",
    "layout": "",
    "viewCount": 0,
    "userName": "易***远",
    "commentCount": 0,
    "starCount": 0,
    "isStared": 0,
    "thumbnailURL": "https://www.makeapie.com/ecg-storage/ec_gallery_thumbnail/xZFoQLgmPR.png?v=1638431227174",
    "isCustomThumbnail": 0,
    "builtinTags": [
        "category-work",
        "grid",
        "grid3D",
        "series-bar3D",
        "series-heatmap",
        "title",
        "toolbox",
        "tooltip"
    ],
    "customTags": [],
    "updaterUserName": "易***远"
}