{
    "cid": "x4Z6zfXhr",
    "authorUid": "bd-71012466",
    "authorUserName": "前***n",
    "title": "横向柱状图",
    "description": "柱状图",
    "latestVersion": 1,
    "alwaysLatest": 1,
    "createTime": "2019-10-25T07:37:55.000Z",
    "lastUpdateTime": "2019-10-25T07:37:55.000Z",
    "auth": 2,
    "uid": "bd-71012466",
    "publishedVersion": 0,
    "forkFrom": "-",
    "isSpam": 0,
    "version": 1,
    "parentVersion": -1,
    "echartsVersion": "4.4.0",
    "versionCreateTime": "2019-10-25T07:37:55.000Z",
    "html": "",
    "externalScripts": "",
    "updaterUID": "bd-71012466",
    "theme": "",
    "layout": "",
    "viewCount": 480,
    "userName": "前***n",
    "commentCount": 0,
    "starCount": 6,
    "isStared": 0,
    "thumbnailURL": "https://www.makeapie.com/ecg-storage/ec_gallery_thumbnail/x4Z6zfXhr.png?v=1571989075813",
    "isCustomThumbnail": 0,
    "builtinTags": [
        "category-work",
        "grid",
        "series-bar",
        "title"
    ],
    "customTags": [],
    "updaterUserName": "前***n"
}