{
    "cid": "x_p4CTrW6",
    "authorUid": "bd-1928704263",
    "authorUserName": "認***浪",
    "title": "无修饰柱状图",
    "description": "备忘录",
    "latestVersion": 1,
    "alwaysLatest": 1,
    "createTime": "2019-10-28T00:36:45.000Z",
    "lastUpdateTime": "2019-10-28T00:36:45.000Z",
    "auth": 2,
    "uid": "bd-1928704263",
    "publishedVersion": 0,
    "forkFrom": "-",
    "isSpam": 0,
    "version": 1,
    "parentVersion": -1,
    "echartsVersion": "4.4.0",
    "versionCreateTime": "2019-10-28T00:36:45.000Z",
    "html": "",
    "externalScripts": "",
    "updaterUID": "bd-1928704263",
    "theme": "",
    "layout": "",
    "viewCount": 299,
    "userName": "認***浪",
    "commentCount": 0,
    "starCount": 1,
    "isStared": 0,
    "thumbnailURL": "https://www.makeapie.com/ecg-storage/ec_gallery_thumbnail/x_p4CTrW6.png?v=1572223006026",
    "isCustomThumbnail": 0,
    "builtinTags": [
        "category-work",
        "grid",
        "series-bar"
    ],
    "customTags": [],
    "updaterUserName": "認***浪"
}