{
    "cid": "xArWJ7uPO",
    "authorUid": "bd-1143111575",
    "authorUserName": "哆***哆",
    "title": "交通系统",
    "description": "",
    "latestVersion": 2,
    "alwaysLatest": 1,
    "createTime": "2019-10-27T14:43:32.000Z",
    "lastUpdateTime": "2019-10-27T14:43:32.000Z",
    "auth": 2,
    "uid": "bd-1143111575",
    "publishedVersion": 0,
    "forkFrom": "-",
    "isSpam": 0,
    "version": 2,
    "parentVersion": 1,
    "echartsVersion": "4.4.0",
    "versionCreateTime": "2019-10-27T14:51:28.000Z",
    "html": "",
    "externalScripts": "https://api.map.baidu.com/api?v=3.0&ak=UAumsTfvpKBlNPUd9e5PvAEnR0YGNllO,https://echarts.baidu.com/resource/echarts-gl-latest/dist/echarts-gl.min.js,/dep/echarts/latest/extension/bmap.min.js",
    "updaterUID": "bd-1143111575",
    "theme": "",
    "layout": "",
    "viewCount": 43,
    "userName": "哆***哆",
    "commentCount": 0,
    "starCount": 0,
    "isStared": 0,
    "thumbnailURL": "https://www.makeapie.com/ecg-storage/ec_gallery_thumbnail/xArWJ7uPO.undefined?v=",
    "isCustomThumbnail": 0,
    "builtinTags": [
        "category-work"
    ],
    "customTags": [],
    "updaterUserName": "哆***哆"
}