{
    "cid": "xb5ppqpsE",
    "authorUid": "bd-2674457144",
    "authorUserName": "低***h",
    "title": "借鉴图形",
    "description": "",
    "latestVersion": 1,
    "alwaysLatest": 1,
    "createTime": "2019-10-25T06:12:53.000Z",
    "lastUpdateTime": "2019-10-25T06:12:53.000Z",
    "auth": 2,
    "uid": "bd-2674457144",
    "publishedVersion": 0,
    "forkFrom": "-",
    "isSpam": 0,
    "version": 1,
    "parentVersion": -1,
    "echartsVersion": "4.4.0",
    "versionCreateTime": "2019-10-25T06:12:53.000Z",
    "html": "",
    "externalScripts": "",
    "updaterUID": "bd-2674457144",
    "theme": "",
    "layout": "",
    "viewCount": 380,
    "userName": "低***h",
    "commentCount": 0,
    "starCount": 2,
    "isStared": 0,
    "thumbnailURL": "https://www.makeapie.com/ecg-storage/ec_gallery_thumbnail/xb5ppqpsE.png?v=1571983974059",
    "isCustomThumbnail": 0,
    "builtinTags": [
        "category-work",
        "polar",
        "series-bar",
        "tooltip"
    ],
    "customTags": [],
    "updaterUserName": "低***h"
}