{
    "cid": "xDBsws443",
    "authorUid": "bd-674339750",
    "authorUserName": "交***面",
    "title": "海沧区3D地图",
    "description": "",
    "latestVersion": 6,
    "alwaysLatest": 1,
    "createTime": "2019-10-25T01:10:24.000Z",
    "lastUpdateTime": "2019-10-25T01:10:24.000Z",
    "auth": 2,
    "uid": "bd-674339750",
    "publishedVersion": 0,
    "forkFrom": "-",
    "isSpam": 0,
    "version": 6,
    "parentVersion": 5,
    "echartsVersion": "4.4.0",
    "versionCreateTime": "2019-10-25T08:30:18.000Z",
    "html": "",
    "externalScripts": "https://echarts.baidu.com/resource/echarts-gl-latest/dist/echarts-gl.min.js",
    "updaterUID": "bd-674339750",
    "theme": "",
    "layout": "",
    "viewCount": 97,
    "userName": "交***面",
    "commentCount": 0,
    "starCount": 1,
    "isStared": 0,
    "thumbnailURL": "https://www.makeapie.com/ecg-storage/ec_gallery_thumbnail/xDBsws443.png?v=1571992218313",
    "isCustomThumbnail": 0,
    "builtinTags": [
        "category-work",
        "geo3D",
        "series-scatter3D",
        "title"
    ],
    "customTags": [],
    "updaterUserName": "交***面"
}