{
    "cid": "xe0Xun1ee",
    "authorUid": "bd-1042038476",
    "authorUserName": "一***行",
    "title": "容量系数",
    "description": "",
    "latestVersion": 3,
    "alwaysLatest": 1,
    "createTime": "2019-10-28T06:04:29.000Z",
    "lastUpdateTime": "2019-10-28T06:31:02.000Z",
    "auth": 2,
    "uid": "bd-1042038476",
    "publishedVersion": 0,
    "forkFrom": "-",
    "isSpam": 0,
    "version": 3,
    "parentVersion": 2,
    "echartsVersion": "4.4.0",
    "versionCreateTime": "2019-10-28T06:24:53.000Z",
    "html": "",
    "externalScripts": "",
    "updaterUID": "bd-1042038476",
    "theme": "dark",
    "layout": "",
    "viewCount": 708,
    "userName": "一***行",
    "commentCount": 0,
    "starCount": 4,
    "isStared": 0,
    "thumbnailURL": "https://www.makeapie.com/ecg-storage/ec_gallery_thumbnail/xe0Xun1ee.png?v=1572243893248",
    "isCustomThumbnail": 0,
    "builtinTags": [],
    "customTags": [],
    "updaterUserName": "一***行"
}