{
    "cid": "xGGvvQ2fq",
    "authorUid": "bd-2941282864",
    "authorUserName": "l***f",
    "title": "柱图 label的使用",
    "description": "三个柱（全部隐藏），其中两个设置label 属性",
    "latestVersion": 1,
    "alwaysLatest": 1,
    "createTime": "2019-10-25T11:35:34.000Z",
    "lastUpdateTime": "2019-10-25T11:35:34.000Z",
    "auth": 2,
    "uid": "bd-2941282864",
    "publishedVersion": 0,
    "forkFrom": "-",
    "isSpam": 0,
    "version": 1,
    "parentVersion": -1,
    "echartsVersion": "4.4.0",
    "versionCreateTime": "2019-10-25T11:35:34.000Z",
    "html": "",
    "externalScripts": "",
    "updaterUID": "bd-2941282864",
    "theme": "",
    "layout": "",
    "viewCount": 143,
    "userName": "l***f",
    "commentCount": 0,
    "starCount": 3,
    "isStared": 0,
    "thumbnailURL": "https://www.makeapie.com/ecg-storage/ec_gallery_thumbnail/xGGvvQ2fq.png?v=1572003334154",
    "isCustomThumbnail": 0,
    "builtinTags": [
        "category-work",
        "grid",
        "series-bar",
        "title",
        "tooltip"
    ],
    "customTags": [],
    "updaterUserName": "l***f"
}