{
    "cid": "xlzl0Z5Hv",
    "authorUid": "bd-2589517385",
    "authorUserName": "徐***盟",
    "title": "双轴上下",
    "description": "",
    "latestVersion": 1,
    "alwaysLatest": 1,
    "createTime": "2019-10-25T07:22:34.000Z",
    "lastUpdateTime": "2019-10-25T07:22:34.000Z",
    "auth": 2,
    "uid": "bd-2589517385",
    "publishedVersion": 0,
    "forkFrom": "-",
    "isSpam": 0,
    "version": 1,
    "parentVersion": -1,
    "echartsVersion": "4.4.0",
    "versionCreateTime": "2019-10-25T07:22:34.000Z",
    "html": "",
    "externalScripts": "",
    "updaterUID": "bd-2589517385",
    "theme": "",
    "layout": "",
    "viewCount": 41,
    "userName": "徐***盟",
    "commentCount": 0,
    "starCount": 0,
    "isStared": 0,
    "thumbnailURL": "https://www.makeapie.com/ecg-storage/ec_gallery_thumbnail/xlzl0Z5Hv.png?v=1571988154861",
    "isCustomThumbnail": 0,
    "builtinTags": [
        "category-work",
        "grid",
        "series-line",
        "title",
        "tooltip"
    ],
    "customTags": [],
    "updaterUserName": "徐***盟"
}