{
    "cid": "xn-525kth",
    "authorUid": "bd-71012466",
    "authorUserName": "前***n",
    "title": "",
    "description": "",
    "latestVersion": 1,
    "alwaysLatest": 1,
    "createTime": "2019-10-25T08:32:03.000Z",
    "lastUpdateTime": "2019-10-25T08:32:03.000Z",
    "auth": 2,
    "uid": "bd-71012466",
    "publishedVersion": 0,
    "forkFrom": "-",
    "isSpam": 0,
    "version": 1,
    "parentVersion": -1,
    "echartsVersion": "4.4.0",
    "versionCreateTime": "2019-10-25T08:32:03.000Z",
    "html": "",
    "externalScripts": "",
    "updaterUID": "bd-71012466",
    "theme": "",
    "layout": "",
    "viewCount": 176,
    "userName": "前***n",
    "commentCount": 0,
    "starCount": 0,
    "isStared": 0,
    "thumbnailURL": "https://www.makeapie.com/ecg-storage/ec_gallery_thumbnail/xn-525kth.png?v=1571992323157",
    "isCustomThumbnail": 0,
    "builtinTags": [
        "category-work",
        "grid",
        "markArea",
        "series-line",
        "tooltip"
    ],
    "customTags": [],
    "updaterUserName": "前***n"
}