{
    "cid": "xoUhPAUsu",
    "authorUid": "bd-2367895931",
    "authorUserName": "七***丷",
    "title": "Awesome Chart",
    "description": "11",
    "latestVersion": 2,
    "alwaysLatest": 1,
    "createTime": "2019-10-25T08:14:51.000Z",
    "lastUpdateTime": "2019-10-25T08:14:51.000Z",
    "auth": 2,
    "uid": "bd-2367895931",
    "publishedVersion": 0,
    "forkFrom": "-",
    "isSpam": 0,
    "version": 2,
    "parentVersion": 1,
    "echartsVersion": "4.4.0",
    "versionCreateTime": "2019-10-25T08:15:38.000Z",
    "html": "",
    "externalScripts": "",
    "updaterUID": "bd-2367895931",
    "theme": "",
    "layout": "",
    "viewCount": 4,
    "userName": "七***丷",
    "commentCount": 0,
    "starCount": 0,
    "isStared": 0,
    "thumbnailURL": "https://www.makeapie.com/ecg-storage/ec_gallery_thumbnail/xoUhPAUsu.png?v=1571991338540",
    "isCustomThumbnail": 0,
    "builtinTags": [
        "category-work",
        "grid",
        "series-line",
        "title"
    ],
    "customTags": [],
    "updaterUserName": "七***丷"
}