{
    "cid": "xRM1NfYPZ",
    "authorUid": "bd-4113533212",
    "authorUserName": "k***1",
    "title": "仪表盘",
    "description": "自定义仪表盘",
    "latestVersion": 2,
    "alwaysLatest": 1,
    "createTime": "2019-10-27T08:41:24.000Z",
    "lastUpdateTime": "2019-10-27T08:41:24.000Z",
    "auth": 1,
    "uid": "bd-4113533212",
    "publishedVersion": 0,
    "forkFrom": "-",
    "isSpam": 0,
    "version": 2,
    "parentVersion": 1,
    "echartsVersion": "4.4.0",
    "versionCreateTime": "2019-10-27T08:46:00.000Z",
    "html": "",
    "externalScripts": "",
    "updaterUID": "bd-4113533212",
    "theme": "",
    "layout": "",
    "viewCount": 115,
    "userName": "k***1",
    "commentCount": 0,
    "starCount": 0,
    "isStared": 0,
    "thumbnailURL": "https://www.makeapie.com/ecg-storage/ec_gallery_thumbnail/xRM1NfYPZ.png?v=1572165684764",
    "isCustomThumbnail": 1,
    "builtinTags": [
        "category-work"
    ],
    "customTags": [
        "仪表盘",
        "自定义"
    ],
    "updaterUserName": "k***1"
}