{
    "cid": "xuQQ2JvSg",
    "authorUid": "bd-257182154",
    "authorUserName": "好***胡",
    "title": "29.圆形进度图",
    "description": "",
    "latestVersion": 1,
    "alwaysLatest": 1,
    "createTime": "2019-10-27T15:58:03.000Z",
    "lastUpdateTime": "2019-10-27T15:58:03.000Z",
    "auth": 2,
    "uid": "bd-257182154",
    "publishedVersion": 0,
    "forkFrom": "-",
    "isSpam": 0,
    "version": 1,
    "parentVersion": -1,
    "echartsVersion": "4.4.0",
    "versionCreateTime": "2019-10-27T15:58:03.000Z",
    "html": "",
    "externalScripts": "",
    "updaterUID": "bd-257182154",
    "theme": "",
    "layout": "",
    "viewCount": 146,
    "userName": "好***胡",
    "commentCount": 0,
    "starCount": 1,
    "isStared": 0,
    "thumbnailURL": "https://www.makeapie.com/ecg-storage/ec_gallery_thumbnail/xuQQ2JvSg.png?v=1572191883350",
    "isCustomThumbnail": 0,
    "builtinTags": [
        "category-work",
        "series-pie",
        "tooltip"
    ],
    "customTags": [],
    "updaterUserName": "好***胡"
}