{
    "cid": "xVAJD8eWo",
    "authorUid": "bd-3714960970",
    "authorUserName": "d***3",
    "title": "Danxinwu Chart",
    "description": "dan-line",
    "latestVersion": 1,
    "alwaysLatest": 1,
    "createTime": "2019-10-25T08:26:40.000Z",
    "lastUpdateTime": "2019-10-25T08:26:40.000Z",
    "auth": 2,
    "uid": "bd-3714960970",
    "publishedVersion": 0,
    "forkFrom": "-",
    "isSpam": 0,
    "version": 1,
    "parentVersion": -1,
    "echartsVersion": "4.4.0",
    "versionCreateTime": "2019-10-25T08:26:40.000Z",
    "html": "",
    "externalScripts": "",
    "updaterUID": "bd-3714960970",
    "theme": "",
    "layout": "",
    "viewCount": 3,
    "userName": "d***3",
    "commentCount": 0,
    "starCount": 0,
    "isStared": 0,
    "thumbnailURL": "https://www.makeapie.com/ecg-storage/ec_gallery_thumbnail/xVAJD8eWo.png?v=1571992000176",
    "isCustomThumbnail": 0,
    "builtinTags": [
        "category-work",
        "grid",
        "series-line",
        "title"
    ],
    "customTags": [],
    "updaterUserName": "d***3"
}