{
    "cid": "xVBbONpvN",
    "authorUid": "bd-257182154",
    "authorUserName": "好***胡",
    "title": "3.堆积图",
    "description": "",
    "latestVersion": 1,
    "alwaysLatest": 1,
    "createTime": "2019-10-24T15:50:51.000Z",
    "lastUpdateTime": "2019-10-24T15:50:51.000Z",
    "auth": 2,
    "uid": "bd-257182154",
    "publishedVersion": 0,
    "forkFrom": "-",
    "isSpam": 0,
    "version": 1,
    "parentVersion": -1,
    "echartsVersion": "4.4.0",
    "versionCreateTime": "2019-10-24T15:50:51.000Z",
    "html": "",
    "externalScripts": "",
    "updaterUID": "bd-257182154",
    "theme": "",
    "layout": "",
    "viewCount": 56,
    "userName": "好***胡",
    "commentCount": 0,
    "starCount": 0,
    "isStared": 0,
    "thumbnailURL": "https://www.makeapie.com/ecg-storage/ec_gallery_thumbnail/xVBbONpvN.png?v=1571932251910",
    "isCustomThumbnail": 0,
    "builtinTags": [
        "category-work",
        "dataset",
        "grid",
        "legend",
        "series-bar",
        "tooltip"
    ],
    "customTags": [],
    "updaterUserName": "好***胡"
}