{
    "cid": "xwK5J5u_J",
    "authorUid": "bd-2367895931",
    "authorUserName": "七***丷",
    "title": "梭上",
    "description": "1",
    "latestVersion": 8,
    "alwaysLatest": 1,
    "createTime": "2019-10-25T08:43:55.000Z",
    "lastUpdateTime": "2019-10-25T08:43:55.000Z",
    "auth": 2,
    "uid": "bd-2367895931",
    "publishedVersion": 0,
    "forkFrom": "-",
    "isSpam": 0,
    "version": 8,
    "parentVersion": 7,
    "echartsVersion": "4.4.0",
    "versionCreateTime": "2019-10-25T09:26:49.000Z",
    "html": "",
    "externalScripts": "https://cdn.bootcss.com/PapaParse/4.1.2/papaparse.min.js,https://oss.sheetjs.com/js-xlsx/xlsx.full.min.js",
    "updaterUID": "bd-2367895931",
    "theme": "",
    "layout": "",
    "viewCount": 27,
    "userName": "七***丷",
    "commentCount": 0,
    "starCount": 0,
    "isStared": 0,
    "thumbnailURL": "https://www.makeapie.com/ecg-storage/ec_gallery_thumbnail/xwK5J5u_J.png?v=1571995609304",
    "isCustomThumbnail": 0,
    "builtinTags": [
        "category-work",
        "grid",
        "legend",
        "series-line",
        "title",
        "toolbox",
        "tooltip"
    ],
    "customTags": [],
    "updaterUserName": "七***丷"
}