{
    "cid": "xXe_ExECo",
    "authorUid": "bd-1141211350",
    "authorUserName": "1***6",
    "title": "月周天",
    "description": "",
    "latestVersion": 1,
    "alwaysLatest": 1,
    "createTime": "2019-10-25T00:59:34.000Z",
    "lastUpdateTime": "2019-10-25T00:59:34.000Z",
    "auth": 2,
    "uid": "bd-1141211350",
    "publishedVersion": 0,
    "forkFrom": "-",
    "isSpam": 0,
    "version": 1,
    "parentVersion": -1,
    "echartsVersion": "4.4.0",
    "versionCreateTime": "2019-10-25T00:59:34.000Z",
    "html": "",
    "externalScripts": "",
    "updaterUID": "bd-1141211350",
    "theme": "",
    "layout": "",
    "viewCount": 42,
    "userName": "1***6",
    "commentCount": 0,
    "starCount": 0,
    "isStared": 0,
    "thumbnailURL": "https://www.makeapie.com/ecg-storage/ec_gallery_thumbnail/xXe_ExECo.png?v=1571965174296",
    "isCustomThumbnail": 0,
    "builtinTags": [
        "category-work",
        "grid",
        "legend",
        "series-line",
        "title",
        "toolbox",
        "tooltip"
    ],
    "customTags": [],
    "updaterUserName": "1***6"
}