{
    "cid": "bar-waterfall2",
    "authorUid": "bd-2135947294",
    "authorUserName": "echarts",
    "title": "阶梯瀑布图",
    "description": "",
    "latestVersion": 1,
    "alwaysLatest": 1,
    "createTime": "2016-07-22T08:25:58.000Z",
    "lastUpdateTime": "2016-07-22T08:25:58.000Z",
    "auth": 2,
    "uid": "bd-2135947294",
    "publishedVersion": 0,
    "forkFrom": "-",
    "isSpam": 0,
    "version": 1,
    "parentVersion": -1,
    "echartsVersion": "3.2.2",
    "versionCreateTime": "2016-07-22T08:25:58.000Z",
    "html": "",
    "externalScripts": "",
    "updaterUID": "bd-2135947294",
    "theme": "",
    "layout": "",
    "viewCount": 7340,
    "userName": "echarts",
    "commentCount": 3,
    "starCount": 37,
    "isStared": 0,
    "thumbnailURL": "https://www.makeapie.com/ecg-storage/ec_gallery_thumbnail/bar-waterfall2.png?v=1469175958546",
    "isCustomThumbnail": 0,
    "builtinTags": [
        "category-work",
        "grid",
        "legend",
        "series-bar",
        "title",
        "tooltip"
    ],
    "customTags": [],
    "updaterUserName": "echarts"
}