{
    "cid": "map-parallel-prices",
    "authorUid": "bd-2135947294",
    "authorUserName": "echarts",
    "title": "Prices and Earnings 2012",
    "description": "data from macrofocus: <https://www.macrofocus.com/public/products/infoscope/datasets/>",
    "latestVersion": 5,
    "alwaysLatest": 1,
    "createTime": "2016-07-22T03:03:42.000Z",
    "lastUpdateTime": "2016-07-27T18:23:31.000Z",
    "auth": 2,
    "uid": "bd-2135947294",
    "publishedVersion": 0,
    "forkFrom": "-",
    "isSpam": 0,
    "version": 5,
    "parentVersion": 4,
    "echartsVersion": "3.5.1",
    "versionCreateTime": "2017-03-28T08:44:21.000Z",
    "html": "",
    "externalScripts": "/dep/echarts/map/js/world.js",
    "updaterUID": "bd-2135947294",
    "theme": "default",
    "layout": "",
    "viewCount": 16081,
    "userName": "echarts",
    "commentCount": 0,
    "starCount": 42,
    "isStared": 0,
    "thumbnailURL": "https://www.makeapie.com/ecg-storage/ec_gallery_thumbnail/map-parallel-prices.png?v=1490690662286",
    "isCustomThumbnail": 0,
    "builtinTags": [
        "axisPointer",
        "brush",
        "category-work",
        "geo",
        "parallel",
        "series-parallel",
        "series-scatter",
        "title",
        "toolbox",
        "tooltip"
    ],
    "customTags": [],
    "updaterUserName": "echarts"
}