{
    "cid": "pie-pattern",
    "authorUid": "bd-2135947294",
    "authorUserName": "echarts",
    "title": "饼图纹理",
    "description": "",
    "latestVersion": 1,
    "alwaysLatest": 1,
    "createTime": "2016-07-22T04:49:51.000Z",
    "lastUpdateTime": "2016-07-22T04:49:51.000Z",
    "auth": 2,
    "uid": "bd-2135947294",
    "publishedVersion": 0,
    "forkFrom": "-",
    "isSpam": 0,
    "version": 1,
    "parentVersion": -1,
    "echartsVersion": "3.2.2",
    "versionCreateTime": "2016-07-22T04:49:51.000Z",
    "html": "",
    "externalScripts": "",
    "updaterUID": "bd-2135947294",
    "theme": "",
    "layout": "",
    "viewCount": 3772,
    "userName": "echarts",
    "commentCount": 2,
    "starCount": 15,
    "isStared": 0,
    "thumbnailURL": "https://www.makeapie.com/ecg-storage/ec_gallery_thumbnail/pie-pattern.png?v=1469162993610",
    "isCustomThumbnail": 0,
    "builtinTags": [
        "category-work",
        "series-pie",
        "title",
        "tooltip"
    ],
    "customTags": [],
    "updaterUserName": "echarts"
}