{
    "cid": "xB1_UkbAP",
    "authorUid": "bd-2500662229",
    "authorUserName": "虚***顶",
    "title": "柱状图（颜色随机）",
    "description": "单独对每根柱子设置颜色",
    "latestVersion": 4,
    "alwaysLatest": 1,
    "createTime": "2016-07-21T07:52:47.000Z",
    "lastUpdateTime": "2016-07-21T08:08:30.000Z",
    "auth": 2,
    "uid": "bd-2500662229",
    "publishedVersion": 0,
    "forkFrom": "-",
    "isSpam": 0,
    "version": 4,
    "parentVersion": 3,
    "echartsVersion": "3.2.2",
    "versionCreateTime": "2016-07-21T10:05:51.000Z",
    "html": "",
    "externalScripts": "",
    "updaterUID": "bd-2500662229",
    "theme": "default",
    "layout": "",
    "viewCount": 8171,
    "userName": "虚***顶",
    "commentCount": 4,
    "starCount": 11,
    "isStared": 0,
    "thumbnailURL": "https://www.makeapie.com/ecg-storage/ec_gallery_thumbnail/xB1_UkbAP.png?v=1469095551759",
    "isCustomThumbnail": 0,
    "builtinTags": [
        "category-work",
        "grid",
        "series-bar",
        "title",
        "tooltip"
    ],
    "customTags": [],
    "updaterUserName": "虚***顶"
}