{
    "cid": "xH1pHOHnM",
    "authorUid": "bd-2215764494",
    "authorUserName": "p***g",
    "title": "气泡图点击特效",
    "description": "https://dribbble.com/shots/1834417-Bubbles",
    "latestVersion": 8,
    "alwaysLatest": 1,
    "createTime": "2016-05-20T08:18:12.000Z",
    "lastUpdateTime": "2016-11-01T05:52:21.000Z",
    "auth": 2,
    "uid": "bd-2215764494",
    "publishedVersion": 0,
    "forkFrom": "-",
    "isSpam": 0,
    "version": 8,
    "parentVersion": 7,
    "echartsVersion": "3.1.9",
    "versionCreateTime": "2016-05-20T13:25:11.000Z",
    "html": "",
    "externalScripts": "",
    "updaterUID": "bd-2215764494",
    "theme": "default",
    "layout": "",
    "viewCount": 2710,
    "userName": "p***g",
    "commentCount": 0,
    "starCount": 13,
    "isStared": 0,
    "thumbnailURL": "https://www.makeapie.com/ecg-storage/ec_gallery_thumbnail/xH1pHOHnM.png?v=1463750711675",
    "isCustomThumbnail": 0,
    "builtinTags": [
        "category-work",
        "grid",
        "series-scatter",
        "visualMap"
    ],
    "customTags": [
        "dribbble"
    ],
    "updaterUserName": "p***g"
}