{
    "cid": "xHk1VG82G",
    "authorUid": "bd-3796128407",
    "authorUserName": "王***响",
    "title": "叮叮",
    "description": "",
    "latestVersion": 3,
    "alwaysLatest": 1,
    "createTime": "2016-05-20T09:00:22.000Z",
    "lastUpdateTime": "2016-05-20T09:01:42.000Z",
    "auth": 2,
    "uid": "bd-3796128407",
    "publishedVersion": 0,
    "forkFrom": "-",
    "isSpam": 0,
    "version": 3,
    "parentVersion": 2,
    "echartsVersion": "3.1.9",
    "versionCreateTime": "2016-05-20T09:04:54.000Z",
    "html": "",
    "externalScripts": "",
    "updaterUID": "bd-3796128407",
    "theme": "default",
    "layout": "",
    "viewCount": 1894,
    "userName": "王***响",
    "commentCount": 0,
    "starCount": 14,
    "isStared": 0,
    "thumbnailURL": "https://www.makeapie.com/ecg-storage/ec_gallery_thumbnail/xHk1VG82G.png?v=1463735094201",
    "isCustomThumbnail": 0,
    "builtinTags": [
        "category-work",
        "grid",
        "series-scatter",
        "visualMap"
    ],
    "customTags": [],
    "updaterUserName": "王***响"
}