{
    "cid": "xHkvD3PJ_",
    "authorUid": "bd-3071220169",
    "authorUserName": "傲世而生",
    "title": "折线图堆叠",
    "description": "",
    "latestVersion": 5,
    "alwaysLatest": 1,
    "createTime": "2016-07-22T09:50:22.000Z",
    "lastUpdateTime": "2016-07-22T09:50:22.000Z",
    "auth": 2,
    "uid": "bd-3071220169",
    "publishedVersion": 0,
    "forkFrom": "-",
    "isSpam": 0,
    "version": 5,
    "parentVersion": 4,
    "echartsVersion": "3.2.2",
    "versionCreateTime": "2016-07-22T12:26:36.000Z",
    "html": "",
    "externalScripts": "",
    "updaterUID": "bd-3071220169",
    "theme": "",
    "layout": "",
    "viewCount": 1070,
    "userName": "傲世而生",
    "commentCount": 0,
    "starCount": 1,
    "isStared": 0,
    "thumbnailURL": "https://www.makeapie.com/ecg-storage/ec_gallery_thumbnail/xHkvD3PJ_.png?v=1469190396506",
    "isCustomThumbnail": 0,
    "builtinTags": [
        "category-work",
        "grid",
        "legend",
        "series-bar",
        "title",
        "toolbox",
        "tooltip"
    ],
    "customTags": [],
    "updaterUserName": "傲世而生"
}