{
    "cid": "xHyPl7vyu",
    "authorUid": "bd-2500662229",
    "authorUserName": "虚***顶",
    "title": "中国地图",
    "description": "中国地图省份名称显示居中（修改了china.json）",
    "latestVersion": 3,
    "alwaysLatest": 1,
    "createTime": "2016-07-22T09:10:06.000Z",
    "lastUpdateTime": "2016-11-29T09:34:55.000Z",
    "auth": 2,
    "uid": "bd-2500662229",
    "publishedVersion": 0,
    "forkFrom": "-",
    "isSpam": 0,
    "version": 3,
    "parentVersion": 2,
    "echartsVersion": "3.3.2",
    "versionCreateTime": "2016-11-29T09:36:27.000Z",
    "html": "",
    "externalScripts": "/dep/echarts/map/js/china.js",
    "updaterUID": "bd-2500662229",
    "theme": "default",
    "layout": "",
    "viewCount": 7821,
    "userName": "虚***顶",
    "commentCount": 13,
    "starCount": 12,
    "isStared": 0,
    "thumbnailURL": "https://www.makeapie.com/ecg-storage/ec_gallery_thumbnail/xHyPl7vyu.png?v=1480412187933",
    "isCustomThumbnail": 0,
    "builtinTags": [
        "category-work",
        "series-map",
        "title",
        "toolbox",
        "tooltip"
    ],
    "customTags": [
        "chinajson"
    ],
    "updaterUserName": "虚***顶"
}