{
    "cid": "xrJDKzwZQ",
    "authorUid": "bd-2215764494",
    "authorUserName": "p***g",
    "title": "2015 年上证指数",
    "description": "",
    "latestVersion": 1,
    "alwaysLatest": 1,
    "createTime": "2016-05-24T05:11:26.000Z",
    "lastUpdateTime": "2016-05-24T05:11:26.000Z",
    "auth": 2,
    "uid": "bd-2215764494",
    "publishedVersion": 0,
    "forkFrom": "-",
    "isSpam": 0,
    "version": 1,
    "parentVersion": -1,
    "echartsVersion": "3.1.10",
    "versionCreateTime": "2016-05-24T05:11:26.000Z",
    "html": "",
    "externalScripts": "https://cdn.bootcss.com/PapaParse/4.1.2/papaparse.min.js",
    "updaterUID": "bd-2215764494",
    "theme": "",
    "layout": "",
    "viewCount": 3571,
    "userName": "p***g",
    "commentCount": 0,
    "starCount": 1,
    "isStared": 0,
    "thumbnailURL": "https://www.makeapie.com/ecg-storage/ec_gallery_thumbnail/xrJDKzwZQ.png?v=1464066686953",
    "isCustomThumbnail": 0,
    "builtinTags": [
        "category-work",
        "dataZoom",
        "grid",
        "legend",
        "series-candlestick",
        "series-line",
        "tooltip"
    ],
    "customTags": [],
    "updaterUserName": "p***g"
}