{
    "cid": "xrJxte3BO",
    "authorUid": "bd-1124677796",
    "authorUserName": "c***t",
    "title": "Label 显示百分比",
    "description": "Label 显示百分比",
    "latestVersion": 8,
    "alwaysLatest": 1,
    "createTime": "2016-07-27T03:54:32.000Z",
    "lastUpdateTime": "2016-07-27T03:54:32.000Z",
    "auth": 2,
    "uid": "bd-1124677796",
    "publishedVersion": 0,
    "forkFrom": "-",
    "isSpam": 0,
    "version": 8,
    "parentVersion": 7,
    "echartsVersion": "3.2.3",
    "versionCreateTime": "2016-08-12T06:53:32.000Z",
    "html": "",
    "externalScripts": "",
    "updaterUID": "bd-1124677796",
    "theme": "",
    "layout": "",
    "viewCount": 1386,
    "userName": "c***t",
    "commentCount": 0,
    "starCount": 5,
    "isStared": 0,
    "thumbnailURL": "https://www.makeapie.com/ecg-storage/ec_gallery_thumbnail/xrJxte3BO.png?v=1470984812714",
    "isCustomThumbnail": 0,
    "builtinTags": [
        "category-work",
        "grid",
        "legend",
        "series-bar",
        "title",
        "tooltip"
    ],
    "customTags": [],
    "updaterUserName": "c***t"
}