{
    "cid": "xSJORHm0w",
    "authorUid": "bd-2215764494",
    "authorUserName": "p***g",
    "title": "China Contour Shadow",
    "description": "",
    "latestVersion": 3,
    "alwaysLatest": 1,
    "createTime": "2016-07-21T10:37:04.000Z",
    "lastUpdateTime": "2016-07-21T10:37:04.000Z",
    "auth": 2,
    "uid": "bd-2215764494",
    "publishedVersion": 0,
    "forkFrom": "-",
    "isSpam": 0,
    "version": 3,
    "parentVersion": 2,
    "echartsVersion": "3.2.3",
    "versionCreateTime": "2016-11-01T03:58:11.000Z",
    "html": "",
    "externalScripts": "/dep/echarts/map/js/china.js",
    "updaterUID": "bd-2215764494",
    "theme": "",
    "layout": "",
    "viewCount": 1207,
    "userName": "p***g",
    "commentCount": 0,
    "starCount": 2,
    "isStared": 0,
    "thumbnailURL": "https://www.makeapie.com/ecg-storage/ec_gallery_thumbnail/xSJORHm0w.png?v=1477972691304",
    "isCustomThumbnail": 0,
    "builtinTags": [
        "category-work",
        "geo"
    ],
    "customTags": [],
    "updaterUserName": "p***g"
}