{
    "cid": "xSyGj62SO",
    "authorUid": "bd-1192091434",
    "authorUserName": "s***2",
    "title": "Life & Income (with brush filter)",
    "description": "See: http://www.ted.com/talks/hans_rosling_shows_the_best_stats_you_ve_ever_seen https://www.gapminder.org/world/https://bost.ocks.org/mike/nations/",
    "latestVersion": 6,
    "alwaysLatest": 1,
    "createTime": "2016-07-27T04:50:34.000Z",
    "lastUpdateTime": "2016-07-27T04:50:34.000Z",
    "auth": 2,
    "uid": "bd-1192091434",
    "publishedVersion": 0,
    "forkFrom": "-",
    "isSpam": 0,
    "version": 6,
    "parentVersion": 5,
    "echartsVersion": "3.2.2",
    "versionCreateTime": "2016-07-27T09:51:11.000Z",
    "html": "",
    "externalScripts": "/dep/echarts/map/js/world.js",
    "updaterUID": "bd-1192091434",
    "theme": "",
    "layout": "",
    "viewCount": 4515,
    "userName": "s***2",
    "commentCount": 1,
    "starCount": 11,
    "isStared": 0,
    "thumbnailURL": "https://www.makeapie.com/ecg-storage/ec_gallery_thumbnail/xSyGj62SO.png?v=1469613071808",
    "isCustomThumbnail": 0,
    "builtinTags": [
        "brush",
        "category-work",
        "geo",
        "grid",
        "series-scatter",
        "timeline",
        "title",
        "toolbox",
        "tooltip",
        "visualMap"
    ],
    "customTags": [],
    "updaterUserName": "s***2"
}