{
    "cid": "xSyhzYDg_",
    "authorUid": "bd-1124677796",
    "authorUserName": "c***t",
    "title": "饼图+时间轴",
    "description": "饼图+时间轴",
    "latestVersion": 1,
    "alwaysLatest": 1,
    "createTime": "2016-07-23T03:48:35.000Z",
    "lastUpdateTime": "2016-07-23T03:48:35.000Z",
    "auth": 2,
    "uid": "bd-1124677796",
    "publishedVersion": 0,
    "forkFrom": "-",
    "isSpam": 0,
    "version": 1,
    "parentVersion": -1,
    "echartsVersion": "3.2.2",
    "versionCreateTime": "2016-07-23T03:48:35.000Z",
    "html": "",
    "externalScripts": "",
    "updaterUID": "bd-1124677796",
    "theme": "",
    "layout": "",
    "viewCount": 2091,
    "userName": "c***t",
    "commentCount": 0,
    "starCount": 8,
    "isStared": 0,
    "thumbnailURL": "https://www.makeapie.com/ecg-storage/ec_gallery_thumbnail/xSyhzYDg_.png?v=1469245715766",
    "isCustomThumbnail": 0,
    "builtinTags": [
        "category-work",
        "legend",
        "series-pie",
        "timeline",
        "title",
        "tooltip"
    ],
    "customTags": [],
    "updaterUserName": "c***t"
}