{
    "cid": "xSywlg6yB",
    "authorUid": "bd-2215764494",
    "authorUserName": "p***g",
    "title": "杭州热门徒步路线",
    "description": "",
    "latestVersion": 1,
    "alwaysLatest": 1,
    "createTime": "2016-06-16T05:58:06.000Z",
    "lastUpdateTime": "2020-06-16T15:40:12.000Z",
    "auth": 2,
    "uid": "bd-2215764494",
    "publishedVersion": 0,
    "forkFrom": "-",
    "isSpam": 0,
    "version": 1,
    "parentVersion": -1,
    "echartsVersion": "3.1.10",
    "versionCreateTime": "2016-06-16T05:58:06.000Z",
    "html": "",
    "externalScripts": "http://api.map.baidu.com/api?v=2.0&ak=ZUONbpqGBsYGXNIYHicvbAbM,/dep/echarts/latest/extension/bmap.min.js",
    "updaterUID": "bd-2215764494",
    "theme": "default",
    "layout": "",
    "viewCount": 7944,
    "userName": "p***g",
    "commentCount": 0,
    "starCount": 5,
    "isStared": 0,
    "thumbnailURL": "https://www.makeapie.com/ecg-storage/ec_gallery_thumbnail/xSywlg6yB.png?v=1592322013030",
    "isCustomThumbnail": 1,
    "builtinTags": [
        "bmap",
        "category-work",
        "series-lines"
    ],
    "customTags": [],
    "updaterUserName": "p***g"
}