{
    "cid": "x0j4oMgHk",
    "authorUid": "bd-1440836473",
    "authorUserName": "159******65",
    "title": "贝叶斯",
    "description": "",
    "latestVersion": 1,
    "alwaysLatest": 1,
    "createTime": "2019-11-25T13:52:27.000Z",
    "lastUpdateTime": "2019-11-25T13:52:27.000Z",
    "auth": 2,
    "uid": "bd-1440836473",
    "publishedVersion": 0,
    "forkFrom": "-",
    "isSpam": 0,
    "version": 1,
    "parentVersion": -1,
    "echartsVersion": "4.4.0",
    "versionCreateTime": "2019-11-25T13:52:27.000Z",
    "html": "",
    "externalScripts": "",
    "updaterUID": "bd-1440836473",
    "theme": "",
    "layout": "",
    "viewCount": 460,
    "userName": "159******65",
    "commentCount": 0,
    "starCount": 2,
    "isStared": 0,
    "thumbnailURL": "https://www.makeapie.com/ecg-storage/ec_gallery_thumbnail/x0j4oMgHk.png?v=1574689947759",
    "isCustomThumbnail": 0,
    "builtinTags": [
        "category-work",
        "legend",
        "series-pie",
        "tooltip"
    ],
    "customTags": [],
    "updaterUserName": "159******65"
}