{
    "cid": "x40DbuUYs",
    "authorUid": "bd-2675251643",
    "authorUserName": "g***花",
    "title": "层叠玫瑰图",
    "description": "层叠并增加透明色",
    "latestVersion": 2,
    "alwaysLatest": 1,
    "createTime": "2019-11-25T09:45:32.000Z",
    "lastUpdateTime": "2019-11-25T09:45:32.000Z",
    "auth": 2,
    "uid": "bd-2675251643",
    "publishedVersion": 0,
    "forkFrom": "-",
    "isSpam": 0,
    "version": 2,
    "parentVersion": 1,
    "echartsVersion": "4.4.0",
    "versionCreateTime": "2019-11-25T09:56:20.000Z",
    "html": "",
    "externalScripts": "",
    "updaterUID": "bd-2675251643",
    "theme": "",
    "layout": "",
    "viewCount": 1672,
    "userName": "g***花",
    "commentCount": 0,
    "starCount": 29,
    "isStared": 0,
    "thumbnailURL": "https://www.makeapie.com/ecg-storage/ec_gallery_thumbnail/x40DbuUYs.png?v=1574675780998",
    "isCustomThumbnail": 0,
    "builtinTags": [
        "category-work",
        "series-pie"
    ],
    "customTags": [],
    "updaterUserName": "g***花"
}