{
    "cid": "x5z0H2HZS",
    "authorUid": "bd-3892561186",
    "authorUserName": "h***3",
    "title": "国际天然气价格趋势",
    "description": "",
    "latestVersion": 2,
    "alwaysLatest": 1,
    "createTime": "2019-11-26T14:45:31.000Z",
    "lastUpdateTime": "2019-11-26T14:45:31.000Z",
    "auth": 2,
    "uid": "bd-3892561186",
    "publishedVersion": 0,
    "forkFrom": "-",
    "isSpam": 0,
    "version": 2,
    "parentVersion": 1,
    "echartsVersion": "4.4.0",
    "versionCreateTime": "2019-11-26T15:22:47.000Z",
    "html": "",
    "externalScripts": "",
    "updaterUID": "bd-3892561186",
    "theme": "",
    "layout": "",
    "viewCount": 231,
    "userName": "h***3",
    "commentCount": 0,
    "starCount": 1,
    "isStared": 0,
    "thumbnailURL": "https://www.makeapie.com/ecg-storage/ec_gallery_thumbnail/x5z0H2HZS.png?v=1574781767524",
    "isCustomThumbnail": 0,
    "builtinTags": [
        "category-work",
        "dataZoom",
        "grid",
        "legend",
        "series-line",
        "title",
        "tooltip"
    ],
    "customTags": [],
    "updaterUserName": "h***3"
}