{
    "cid": "xaHtV3kGL",
    "authorUid": "bd-3304013625",
    "authorUserName": "待***生",
    "title": "流程图",
    "description": "",
    "latestVersion": 1,
    "alwaysLatest": 1,
    "createTime": "2019-11-27T02:05:08.000Z",
    "lastUpdateTime": "2019-11-27T02:05:08.000Z",
    "auth": 2,
    "uid": "bd-3304013625",
    "publishedVersion": 0,
    "forkFrom": "-",
    "isSpam": 0,
    "version": 1,
    "parentVersion": -1,
    "echartsVersion": "4.4.0",
    "versionCreateTime": "2019-11-27T02:05:08.000Z",
    "html": "",
    "externalScripts": "",
    "updaterUID": "bd-3304013625",
    "theme": "",
    "layout": "",
    "viewCount": 347,
    "userName": "待***生",
    "commentCount": 0,
    "starCount": 3,
    "isStared": 0,
    "thumbnailURL": "https://www.makeapie.com/ecg-storage/ec_gallery_thumbnail/xaHtV3kGL.png?v=1574820308999",
    "isCustomThumbnail": 0,
    "builtinTags": [
        "category-work",
        "grid",
        "series-lines",
        "series-scatter",
        "title",
        "tooltip"
    ],
    "customTags": [],
    "updaterUserName": "待***生"
}