{
    "cid": "xdhjS3waA",
    "authorUid": "bd-2773585429",
    "authorUserName": "百度用户#0045103430",
    "title": "“会员活跃度” - 山东省",
    "description": "",
    "latestVersion": 3,
    "alwaysLatest": 1,
    "createTime": "2019-11-27T03:29:29.000Z",
    "lastUpdateTime": "2019-11-27T03:29:29.000Z",
    "auth": 2,
    "uid": "bd-2773585429",
    "publishedVersion": 0,
    "forkFrom": "-",
    "isSpam": 0,
    "version": 3,
    "parentVersion": 2,
    "echartsVersion": "4.4.0",
    "versionCreateTime": "2019-12-02T10:24:03.000Z",
    "html": "",
    "externalScripts": "",
    "updaterUID": "bd-2773585429",
    "theme": "",
    "layout": "",
    "viewCount": 3034,
    "userName": "百度用户#0045103430",
    "commentCount": 0,
    "starCount": 10,
    "isStared": 0,
    "thumbnailURL": "https://www.makeapie.com/ecg-storage/ec_gallery_thumbnail/xdhjS3waA.png?v=1575282244060",
    "isCustomThumbnail": 0,
    "builtinTags": [
        "category-work",
        "geo",
        "legend",
        "series-map",
        "series-scatter",
        "title",
        "tooltip",
        "visualMap"
    ],
    "customTags": [],
    "updaterUserName": "百度用户#0045103430"
}