{
    "cid": "xDvvO_Srw",
    "authorUid": "bd-2070338632",
    "authorUserName": "活***l",
    "title": "青岛（支持缩放）",
    "description": "青岛（支持缩放）",
    "latestVersion": 3,
    "alwaysLatest": 1,
    "createTime": "2019-11-25T12:46:57.000Z",
    "lastUpdateTime": "2019-11-25T12:46:57.000Z",
    "auth": 2,
    "uid": "bd-2070338632",
    "publishedVersion": 0,
    "forkFrom": "-",
    "isSpam": 0,
    "version": 3,
    "parentVersion": 2,
    "echartsVersion": "4.4.0",
    "versionCreateTime": "2019-11-25T12:56:01.000Z",
    "html": "",
    "externalScripts": "",
    "updaterUID": "bd-2070338632",
    "theme": "",
    "layout": "",
    "viewCount": 745,
    "userName": "活***l",
    "commentCount": 0,
    "starCount": 0,
    "isStared": 0,
    "thumbnailURL": "https://www.makeapie.com/ecg-storage/ec_gallery_thumbnail/xDvvO_Srw.png?v=1574686561989",
    "isCustomThumbnail": 0,
    "builtinTags": [
        "category-work",
        "geo",
        "series-effectScatter",
        "series-map",
        "series-scatter",
        "visualMap"
    ],
    "customTags": [],
    "updaterUserName": "活***l"
}