{
    "cid": "xDXN4WZVj",
    "authorUid": "bd-3304013625",
    "authorUserName": "待***生",
    "title": "Echarts的提示(Tooltip）显示额外内容",
    "description": "",
    "latestVersion": 1,
    "alwaysLatest": 1,
    "createTime": "2019-11-26T05:38:07.000Z",
    "lastUpdateTime": "2019-11-26T05:38:07.000Z",
    "auth": 2,
    "uid": "bd-3304013625",
    "publishedVersion": 0,
    "forkFrom": "-",
    "isSpam": 0,
    "version": 1,
    "parentVersion": -1,
    "echartsVersion": "4.4.0",
    "versionCreateTime": "2019-11-26T05:38:08.000Z",
    "html": "",
    "externalScripts": "",
    "updaterUID": "bd-3304013625",
    "theme": "",
    "layout": "",
    "viewCount": 9,
    "userName": "待***生",
    "commentCount": 0,
    "starCount": 0,
    "isStared": 0,
    "thumbnailURL": "https://www.makeapie.com/ecg-storage/ec_gallery_thumbnail/xDXN4WZVj.png?v=1574746688057",
    "isCustomThumbnail": 0,
    "builtinTags": [
        "category-work",
        "grid",
        "series-line",
        "tooltip"
    ],
    "customTags": [],
    "updaterUserName": "待***生"
}