{
    "cid": "xg3sKvJdg",
    "authorUid": "bd-1879216813",
    "authorUserName": "j***n",
    "title": "ceshi1",
    "description": "",
    "latestVersion": 2,
    "alwaysLatest": 1,
    "createTime": "2019-11-26T10:36:36.000Z",
    "lastUpdateTime": "2019-11-26T10:36:36.000Z",
    "auth": 2,
    "uid": "bd-1879216813",
    "publishedVersion": 0,
    "forkFrom": "-",
    "isSpam": 0,
    "version": 2,
    "parentVersion": 1,
    "echartsVersion": "4.4.0",
    "versionCreateTime": "2019-11-26T14:16:31.000Z",
    "html": "",
    "externalScripts": "",
    "updaterUID": "bd-1879216813",
    "theme": "",
    "layout": "",
    "viewCount": 391,
    "userName": "j***n",
    "commentCount": 0,
    "starCount": 0,
    "isStared": 0,
    "thumbnailURL": "https://www.makeapie.com/ecg-storage/ec_gallery_thumbnail/xg3sKvJdg.png?v=1574777791288",
    "isCustomThumbnail": 0,
    "builtinTags": [
        "category-work",
        "dataZoom",
        "grid",
        "series-candlestick",
        "series-scatter",
        "timeline",
        "title",
        "tooltip"
    ],
    "customTags": [],
    "updaterUserName": "j***n"
}