{
    "cid": "xHjk-1aKR",
    "authorUid": "bd-430197117",
    "authorUserName": "L***c",
    "title": "",
    "description": "",
    "latestVersion": 1,
    "alwaysLatest": 1,
    "createTime": "2019-11-26T07:51:20.000Z",
    "lastUpdateTime": "2019-11-26T07:51:20.000Z",
    "auth": 2,
    "uid": "bd-430197117",
    "publishedVersion": 0,
    "forkFrom": "-",
    "isSpam": 0,
    "version": 1,
    "parentVersion": -1,
    "echartsVersion": "4.4.0",
    "versionCreateTime": "2019-11-26T07:51:21.000Z",
    "html": "",
    "externalScripts": "",
    "updaterUID": "bd-430197117",
    "theme": "",
    "layout": "",
    "viewCount": 54,
    "userName": "L***c",
    "commentCount": 0,
    "starCount": 0,
    "isStared": 0,
    "thumbnailURL": "https://www.makeapie.com/ecg-storage/ec_gallery_thumbnail/xHjk-1aKR.png?v=1574754681080",
    "isCustomThumbnail": 0,
    "builtinTags": [
        "category-work",
        "grid",
        "markLine",
        "series-line",
        "tooltip"
    ],
    "customTags": [],
    "updaterUserName": "L***c"
}