{
    "cid": "xMoOHNe9R",
    "authorUid": "bd-4198402328",
    "authorUserName": "a***3",
    "title": "飞线",
    "description": "飞线",
    "latestVersion": 1,
    "alwaysLatest": 1,
    "createTime": "2019-11-25T06:38:48.000Z",
    "lastUpdateTime": "2019-11-25T06:38:48.000Z",
    "auth": 2,
    "uid": "bd-4198402328",
    "publishedVersion": 0,
    "forkFrom": "-",
    "isSpam": 0,
    "version": 1,
    "parentVersion": -1,
    "echartsVersion": "4.4.0",
    "versionCreateTime": "2019-11-25T06:38:48.000Z",
    "html": "",
    "externalScripts": "",
    "updaterUID": "bd-4198402328",
    "theme": "",
    "layout": "",
    "viewCount": 445,
    "userName": "a***3",
    "commentCount": 0,
    "starCount": 6,
    "isStared": 0,
    "thumbnailURL": "https://www.makeapie.com/ecg-storage/ec_gallery_thumbnail/xMoOHNe9R.png?v=1574663928417",
    "isCustomThumbnail": 0,
    "builtinTags": [
        "category-work",
        "grid",
        "series-graph",
        "series-lines"
    ],
    "customTags": [
        "lines"
    ],
    "updaterUserName": "a***3"
}