{
    "cid": "xMsh7OhKI",
    "authorUid": "bd-3304013625",
    "authorUserName": "待***生",
    "title": "服务存存活状态",
    "description": "",
    "latestVersion": 3,
    "alwaysLatest": 1,
    "createTime": "2019-11-26T08:10:15.000Z",
    "lastUpdateTime": "2019-11-26T08:10:15.000Z",
    "auth": 2,
    "uid": "bd-3304013625",
    "publishedVersion": 0,
    "forkFrom": "-",
    "isSpam": 0,
    "version": 3,
    "parentVersion": 2,
    "echartsVersion": "4.4.0",
    "versionCreateTime": "2019-11-26T09:08:38.000Z",
    "html": "",
    "externalScripts": "",
    "updaterUID": "bd-3304013625",
    "theme": "",
    "layout": "",
    "viewCount": 27,
    "userName": "待***生",
    "commentCount": 0,
    "starCount": 0,
    "isStared": 0,
    "thumbnailURL": "https://www.makeapie.com/ecg-storage/ec_gallery_thumbnail/xMsh7OhKI.png?v=1574759318252",
    "isCustomThumbnail": 0,
    "builtinTags": [
        "category-work",
        "grid",
        "series-line",
        "tooltip"
    ],
    "customTags": [],
    "updaterUserName": "待***生"
}