{
    "cid": "xMZTdAmD4",
    "authorUid": "bd-338930378",
    "authorUserName": "s***筝",
    "title": "泉州公交线路",
    "description": "",
    "latestVersion": 5,
    "alwaysLatest": 1,
    "createTime": "2019-11-23T05:17:29.000Z",
    "lastUpdateTime": "2021-11-08T03:02:37.000Z",
    "auth": 2,
    "uid": "bd-338930378",
    "publishedVersion": 0,
    "forkFrom": "-",
    "isSpam": 0,
    "version": 5,
    "parentVersion": 4,
    "echartsVersion": "4.9.0",
    "versionCreateTime": "2021-11-08T03:02:37.000Z",
    "html": "",
    "externalScripts": "/dep/echarts/latest/extension/bmap.min.js,https://api.map.baidu.com/api?v=3.0&ak=BUuG1aoMTnqo1Bup8tfTA68cWulkX3Sm,https://echarts.baidu.com/resource/echarts-gl-latest/dist/echarts-gl.min.js,https://api.mapbox.com/mapbox-gl-js/v0.38.0/mapbox-gl.js",
    "updaterUID": "bd-338930378",
    "theme": "",
    "layout": "",
    "viewCount": 45,
    "userName": "s***筝",
    "commentCount": 0,
    "starCount": 0,
    "isStared": 0,
    "thumbnailURL": "https://www.makeapie.com/ecg-storage/ec_gallery_thumbnail/xMZTdAmD4.png?v=1636340557913",
    "isCustomThumbnail": 0,
    "builtinTags": [
        "category-work"
    ],
    "customTags": [],
    "updaterUserName": "s***筝"
}