{
    "cid": "xOZKE7o-u",
    "authorUid": "bd-1968261003",
    "authorUserName": "k***6",
    "title": "222",
    "description": "222",
    "latestVersion": 2,
    "alwaysLatest": 1,
    "createTime": "2019-11-25T12:05:57.000Z",
    "lastUpdateTime": "2019-11-25T12:05:57.000Z",
    "auth": 2,
    "uid": "bd-1968261003",
    "publishedVersion": 0,
    "forkFrom": "-",
    "isSpam": 0,
    "version": 2,
    "parentVersion": 1,
    "echartsVersion": "4.4.0",
    "versionCreateTime": "2019-11-25T12:06:13.000Z",
    "html": "",
    "externalScripts": "",
    "updaterUID": "bd-1968261003",
    "theme": "",
    "layout": "",
    "viewCount": 20,
    "userName": "k***6",
    "commentCount": 0,
    "starCount": 0,
    "isStared": 0,
    "thumbnailURL": "https://www.makeapie.com/ecg-storage/ec_gallery_thumbnail/xOZKE7o-u.png?v=1574683574057",
    "isCustomThumbnail": 0,
    "builtinTags": [
        "category-work",
        "legend",
        "series-pie",
        "tooltip"
    ],
    "customTags": [],
    "updaterUserName": "k***6"
}