{
    "cid": "xAAnGyPDV0",
    "authorUid": "bd-3560695082",
    "authorUserName": "射***士",
    "title": "多环形进度图",
    "description": "",
    "latestVersion": 1,
    "alwaysLatest": 0,
    "createTime": "2021-05-18T02:17:13.000Z",
    "lastUpdateTime": "2021-05-18T02:17:13.000Z",
    "auth": 2,
    "uid": "bd-3560695082",
    "publishedVersion": 0,
    "forkFrom": "-",
    "isSpam": 0,
    "version": 1,
    "parentVersion": -1,
    "echartsVersion": "5.1.1",
    "versionCreateTime": "2021-05-18T02:17:13.000Z",
    "html": "",
    "externalScripts": "",
    "updaterUID": "bd-3560695082",
    "theme": "",
    "layout": "",
    "viewCount": 0,
    "userName": "射***士",
    "commentCount": 0,
    "starCount": 3,
    "isStared": 0,
    "thumbnailURL": "https://www.makeapie.com/ecg-storage/ec_gallery_thumbnail/xAAnGyPDV0.png?v=1621304233851",
    "isCustomThumbnail": 0,
    "builtinTags": [
        "category-work",
        "grid",
        "series-pie"
    ],
    "customTags": [],
    "updaterUserName": "射***士"
}