{
    "cid": "xAnpoXgB2R",
    "authorUid": "bd-659604629",
    "authorUserName": "1***右",
    "title": "雷达图",
    "description": "",
    "latestVersion": 2,
    "alwaysLatest": 0,
    "createTime": "2021-05-19T01:49:28.000Z",
    "lastUpdateTime": "2021-05-19T01:49:28.000Z",
    "auth": 2,
    "uid": "bd-659604629",
    "publishedVersion": 0,
    "forkFrom": "-",
    "isSpam": 0,
    "version": 2,
    "parentVersion": 1,
    "echartsVersion": "5.1.1",
    "versionCreateTime": "2021-05-19T01:55:00.000Z",
    "html": "",
    "externalScripts": "",
    "updaterUID": "bd-659604629",
    "theme": "",
    "layout": "",
    "viewCount": 0,
    "userName": "1***右",
    "commentCount": 0,
    "starCount": 0,
    "isStared": 0,
    "thumbnailURL": "https://www.makeapie.com/ecg-storage/ec_gallery_thumbnail/xAnpoXgB2R.png?v=1621389300651",
    "isCustomThumbnail": 0,
    "builtinTags": [
        "category-work",
        "legend",
        "radar",
        "series-radar"
    ],
    "customTags": [],
    "updaterUserName": "1***右"
}