{
    "cid": "xArFIH8Rpl",
    "authorUid": "bd-2720940282",
    "authorUserName": "猴***9",
    "title": "仪表盘",
    "description": "",
    "latestVersion": 1,
    "alwaysLatest": 0,
    "createTime": "2021-05-19T02:28:27.000Z",
    "lastUpdateTime": "2021-05-19T02:28:27.000Z",
    "auth": 2,
    "uid": "bd-2720940282",
    "publishedVersion": 0,
    "forkFrom": "-",
    "isSpam": 0,
    "version": 1,
    "parentVersion": -1,
    "echartsVersion": "5.1.1",
    "versionCreateTime": "2021-05-19T02:28:27.000Z",
    "html": "",
    "externalScripts": "",
    "updaterUID": "bd-2720940282",
    "theme": "",
    "layout": "",
    "viewCount": 0,
    "userName": "猴***9",
    "commentCount": 0,
    "starCount": 3,
    "isStared": 0,
    "thumbnailURL": "https://www.makeapie.com/ecg-storage/ec_gallery_thumbnail/xArFIH8Rpl.png?v=1621391307392",
    "isCustomThumbnail": 0,
    "builtinTags": [
        "category-work",
        "series-gauge",
        "tooltip"
    ],
    "customTags": [],
    "updaterUserName": "猴***9"
}