{
    "cid": "xdyFM1EFFv",
    "authorUid": "obd-oFE6X_xz3ToqSSX5clO-m-W0tjpFb5L",
    "authorUserName": "y***2",
    "title": "仪表盘",
    "description": "",
    "latestVersion": 2,
    "alwaysLatest": 0,
    "createTime": "2021-05-17T09:51:29.000Z",
    "lastUpdateTime": "2021-05-17T09:51:29.000Z",
    "auth": 2,
    "uid": "obd-oFE6X_xz3ToqSSX5clO-m-W0tjpFb5L",
    "publishedVersion": 0,
    "forkFrom": "-",
    "isSpam": 0,
    "version": 2,
    "parentVersion": 1,
    "echartsVersion": "5.1.1",
    "versionCreateTime": "2021-05-17T10:09:59.000Z",
    "html": "",
    "externalScripts": "",
    "updaterUID": "obd-oFE6X_xz3ToqSSX5clO-m-W0tjpFb5L",
    "theme": "",
    "layout": "",
    "viewCount": 0,
    "userName": "y***2",
    "commentCount": 0,
    "starCount": 1,
    "isStared": 0,
    "thumbnailURL": "https://www.makeapie.com/ecg-storage/ec_gallery_thumbnail/xdyFM1EFFv.png?v=1621246199533",
    "isCustomThumbnail": 0,
    "builtinTags": [
        "category-work",
        "series-gauge"
    ],
    "customTags": [],
    "updaterUserName": "y***2"
}