{
    "cid": "xfKLO5WR0u",
    "authorUid": "obd-oPb-vBoEMss4giRhIl7sEkc7_unuk9j",
    "authorUserName": "l***8",
    "title": "多功能echarts",
    "description": "结合多面分析数据",
    "latestVersion": 2,
    "alwaysLatest": 0,
    "createTime": "2021-05-17T10:14:55.000Z",
    "lastUpdateTime": "2021-05-17T10:14:55.000Z",
    "auth": 2,
    "uid": "obd-oPb-vBoEMss4giRhIl7sEkc7_unuk9j",
    "publishedVersion": 0,
    "forkFrom": "-",
    "isSpam": 0,
    "version": 2,
    "parentVersion": 1,
    "echartsVersion": "5.1.1",
    "versionCreateTime": "2021-05-17T11:03:04.000Z",
    "html": "",
    "externalScripts": "",
    "updaterUID": "obd-oPb-vBoEMss4giRhIl7sEkc7_unuk9j",
    "theme": "",
    "layout": "",
    "viewCount": 0,
    "userName": "l***8",
    "commentCount": 0,
    "starCount": 1,
    "isStared": 0,
    "thumbnailURL": "https://www.makeapie.com/ecg-storage/ec_gallery_thumbnail/xfKLO5WR0u.png?v=1621249384846",
    "isCustomThumbnail": 0,
    "builtinTags": [
        "category-work",
        "dataZoom",
        "grid",
        "legend",
        "markLine",
        "series-bar",
        "series-scatter",
        "title",
        "tooltip"
    ],
    "customTags": [],
    "updaterUserName": "l***8"
}