{
    "cid": "xgTVIEo3pz",
    "authorUid": "obd-oFbxfOlGkoVXv2Gg4ljMXpULydY6U5B",
    "authorUserName": "d***5",
    "title": "仿3d柱状图",
    "description": "",
    "latestVersion": 1,
    "alwaysLatest": 0,
    "createTime": "2021-05-19T06:45:20.000Z",
    "lastUpdateTime": "2021-05-19T06:45:20.000Z",
    "auth": 2,
    "uid": "obd-oFbxfOlGkoVXv2Gg4ljMXpULydY6U5B",
    "publishedVersion": 0,
    "forkFrom": "-",
    "isSpam": 0,
    "version": 1,
    "parentVersion": -1,
    "echartsVersion": "5.1.1",
    "versionCreateTime": "2021-05-19T06:45:20.000Z",
    "html": "",
    "externalScripts": "",
    "updaterUID": "obd-oFbxfOlGkoVXv2Gg4ljMXpULydY6U5B",
    "theme": "",
    "layout": "",
    "viewCount": 0,
    "userName": "d***5",
    "commentCount": 0,
    "starCount": 1,
    "isStared": 0,
    "thumbnailURL": "https://www.makeapie.com/ecg-storage/ec_gallery_thumbnail/xgTVIEo3pz.png?v=1621406720582",
    "isCustomThumbnail": 0,
    "builtinTags": [
        "category-work",
        "grid",
        "series-bar",
        "series-pictorialBar",
        "tooltip"
    ],
    "customTags": [],
    "updaterUserName": "d***5"
}