{
    "cid": "xiI2MXQuFO",
    "authorUid": "bd-1317155940",
    "authorUserName": "雪***0",
    "title": "",
    "description": "",
    "latestVersion": 1,
    "alwaysLatest": 0,
    "createTime": "2021-05-18T01:37:39.000Z",
    "lastUpdateTime": "2021-05-18T01:37:39.000Z",
    "auth": 2,
    "uid": "bd-1317155940",
    "publishedVersion": 0,
    "forkFrom": "-",
    "isSpam": 0,
    "version": 1,
    "parentVersion": -1,
    "echartsVersion": "5.1.1",
    "versionCreateTime": "2021-05-18T01:37:39.000Z",
    "html": "",
    "externalScripts": "",
    "updaterUID": "bd-1317155940",
    "theme": "",
    "layout": "",
    "viewCount": 0,
    "userName": "雪***0",
    "commentCount": 0,
    "starCount": 1,
    "isStared": 0,
    "thumbnailURL": "https://www.makeapie.com/ecg-storage/ec_gallery_thumbnail/xiI2MXQuFO.png?v=1621301859247",
    "isCustomThumbnail": 0,
    "builtinTags": [
        "category-work",
        "grid",
        "legend",
        "series-bar",
        "tooltip"
    ],
    "customTags": [],
    "updaterUserName": "雪***0"
}