{
    "cid": "xIQWBsjWSs",
    "authorUid": "bd-1528266950",
    "authorUserName": "0***0",
    "title": "宁波项目左侧小数值表盘",
    "description": "宁波项目左侧小数值表盘",
    "latestVersion": 1,
    "alwaysLatest": 0,
    "createTime": "2021-05-18T06:16:35.000Z",
    "lastUpdateTime": "2021-05-18T06:16:35.000Z",
    "auth": 2,
    "uid": "bd-1528266950",
    "publishedVersion": 0,
    "forkFrom": "-",
    "isSpam": 0,
    "version": 1,
    "parentVersion": -1,
    "echartsVersion": "5.1.1",
    "versionCreateTime": "2021-05-18T06:16:35.000Z",
    "html": "",
    "externalScripts": "",
    "updaterUID": "bd-1528266950",
    "theme": "",
    "layout": "",
    "viewCount": 0,
    "userName": "0***0",
    "commentCount": 0,
    "starCount": 1,
    "isStared": 0,
    "thumbnailURL": "https://www.makeapie.com/ecg-storage/ec_gallery_thumbnail/xIQWBsjWSs.png?v=1621318595268",
    "isCustomThumbnail": 0,
    "builtinTags": [
        "category-work",
        "series-gauge"
    ],
    "customTags": [],
    "updaterUserName": "0***0"
}