{
    "cid": "xkBu6hggRC",
    "authorUid": "obd-ojY2SoNvjWizfqUywqIqYSYrmEhJ9EZ",
    "authorUserName": "溢***诗",
    "title": "爱心型满意度",
    "description": "水球图",
    "latestVersion": 2,
    "alwaysLatest": 0,
    "createTime": "2021-05-18T02:59:06.000Z",
    "lastUpdateTime": "2021-05-18T02:59:06.000Z",
    "auth": 2,
    "uid": "obd-ojY2SoNvjWizfqUywqIqYSYrmEhJ9EZ",
    "publishedVersion": 0,
    "forkFrom": "-",
    "isSpam": 0,
    "version": 2,
    "parentVersion": 1,
    "echartsVersion": "5.1.1",
    "versionCreateTime": "2021-05-18T02:59:20.000Z",
    "html": "",
    "externalScripts": "https://cdn.jsdelivr.net/npm/echarts-liquidfill@3/dist/echarts-liquidfill.min.js",
    "updaterUID": "obd-ojY2SoNvjWizfqUywqIqYSYrmEhJ9EZ",
    "theme": "",
    "layout": "",
    "viewCount": 0,
    "userName": "溢***诗",
    "commentCount": 0,
    "starCount": 6,
    "isStared": 0,
    "thumbnailURL": "https://www.makeapie.com/ecg-storage/ec_gallery_thumbnail/xkBu6hggRC.png?v=1621306760779",
    "isCustomThumbnail": 0,
    "builtinTags": [
        "category-work",
        "series-liquidFill",
        "title"
    ],
    "customTags": [],
    "updaterUserName": "溢***诗"
}