{
    "cid": "xlg5RHlOo2J",
    "authorUid": "obd-ojLRBrAONi5_FL-D7zCsQEUi8H6CYEn",
    "authorUserName": "苏***缚",
    "title": "车速仪表盘",
    "description": "",
    "latestVersion": 1,
    "alwaysLatest": 0,
    "createTime": "2021-05-19T06:40:43.000Z",
    "lastUpdateTime": "2021-05-19T06:40:43.000Z",
    "auth": 2,
    "uid": "obd-ojLRBrAONi5_FL-D7zCsQEUi8H6CYEn",
    "publishedVersion": 0,
    "forkFrom": "-",
    "isSpam": 0,
    "version": 1,
    "parentVersion": -1,
    "echartsVersion": "5.1.1",
    "versionCreateTime": "2021-05-19T06:40:43.000Z",
    "html": "",
    "externalScripts": "",
    "updaterUID": "obd-ojLRBrAONi5_FL-D7zCsQEUi8H6CYEn",
    "theme": "",
    "layout": "",
    "viewCount": 0,
    "userName": "苏***缚",
    "commentCount": 0,
    "starCount": 0,
    "isStared": 0,
    "thumbnailURL": "https://www.makeapie.com/ecg-storage/ec_gallery_thumbnail/xlg5RHlOo2J.png?v=1621406443903",
    "isCustomThumbnail": 0,
    "builtinTags": [
        "category-work",
        "series-gauge"
    ],
    "customTags": [],
    "updaterUserName": "苏***缚"
}