{
    "cid": "xmlr5sfa6-",
    "authorUid": "obd-oFE6X_xz3ToqSSX5clO-m-W0tjpFb5L",
    "authorUserName": "y***2",
    "title": "柱状图 -时间家栋率top10",
    "description": "",
    "latestVersion": 2,
    "alwaysLatest": 0,
    "createTime": "2021-05-18T03:42:44.000Z",
    "lastUpdateTime": "2021-05-18T03:42:44.000Z",
    "auth": 2,
    "uid": "obd-oFE6X_xz3ToqSSX5clO-m-W0tjpFb5L",
    "publishedVersion": 0,
    "forkFrom": "-",
    "isSpam": 0,
    "version": 2,
    "parentVersion": 1,
    "echartsVersion": "5.1.1",
    "versionCreateTime": "2021-05-18T03:43:46.000Z",
    "html": "",
    "externalScripts": "",
    "updaterUID": "obd-oFE6X_xz3ToqSSX5clO-m-W0tjpFb5L",
    "theme": "",
    "layout": "",
    "viewCount": 0,
    "userName": "y***2",
    "commentCount": 0,
    "starCount": 0,
    "isStared": 0,
    "thumbnailURL": "https://www.makeapie.com/ecg-storage/ec_gallery_thumbnail/xmlr5sfa6-.png?v=1621309426338",
    "isCustomThumbnail": 0,
    "builtinTags": [
        "category-work",
        "grid",
        "series-bar"
    ],
    "customTags": [],
    "updaterUserName": "y***2"
}