{
    "cid": "xMohIxyiey",
    "authorUid": "obd-oCTcZA1KnngnKz4y_XCaSphwyWwA43G",
    "authorUserName": "A***C",
    "title": "文字动效",
    "description": "文字动效",
    "latestVersion": 3,
    "alwaysLatest": 0,
    "createTime": "2021-05-17T09:55:53.000Z",
    "lastUpdateTime": "2021-05-17T09:55:53.000Z",
    "auth": 2,
    "uid": "obd-oCTcZA1KnngnKz4y_XCaSphwyWwA43G",
    "publishedVersion": 0,
    "forkFrom": "-",
    "isSpam": 0,
    "version": 3,
    "parentVersion": 2,
    "echartsVersion": "5.1.1",
    "versionCreateTime": "2021-05-19T06:58:23.000Z",
    "html": "",
    "externalScripts": "",
    "updaterUID": "obd-oCTcZA1KnngnKz4y_XCaSphwyWwA43G",
    "theme": "",
    "layout": "",
    "viewCount": 0,
    "userName": "A***C",
    "commentCount": 0,
    "starCount": 0,
    "isStared": 0,
    "thumbnailURL": "https://www.makeapie.com/ecg-storage/ec_gallery_thumbnail/xMohIxyiey.png?v=1621407504042",
    "isCustomThumbnail": 0,
    "builtinTags": [
        "category-work",
        "series-pie"
    ],
    "customTags": [],
    "updaterUserName": "A***C"
}