{
    "cid": "xQc9LSU4QU",
    "authorUid": "bd-4078954636",
    "authorUserName": "梦***雪",
    "title": "柱状图仪表盘",
    "description": "圆角柱状图和仪表盘结合",
    "latestVersion": 1,
    "alwaysLatest": 1,
    "createTime": "2021-05-19T06:42:19.000Z",
    "lastUpdateTime": "2021-05-19T06:42:19.000Z",
    "auth": 2,
    "uid": "bd-4078954636",
    "publishedVersion": 0,
    "forkFrom": "-",
    "isSpam": 0,
    "version": 1,
    "parentVersion": -1,
    "echartsVersion": "4.9.0",
    "versionCreateTime": "2021-05-19T06:42:19.000Z",
    "html": "",
    "externalScripts": "",
    "updaterUID": "bd-4078954636",
    "theme": "",
    "layout": "",
    "viewCount": 0,
    "userName": "梦***雪",
    "commentCount": 0,
    "starCount": 0,
    "isStared": 0,
    "thumbnailURL": "https://www.makeapie.com/ecg-storage/ec_gallery_thumbnail/xQc9LSU4QU.png?v=1621406539854",
    "isCustomThumbnail": 0,
    "builtinTags": [
        "category-work",
        "polar",
        "series-bar",
        "series-gauge",
        "title",
        "tooltip"
    ],
    "customTags": [],
    "updaterUserName": "梦***雪"
}