{
    "cid": "xQu60Rqrru",
    "authorUid": "obd-o2LT5SPsRm62u1sF90rM6cs58MmkP66",
    "authorUserName": "j***9",
    "title": "人员管理",
    "description": "",
    "latestVersion": 3,
    "alwaysLatest": 0,
    "createTime": "2021-05-17T11:46:37.000Z",
    "lastUpdateTime": "2021-05-17T11:46:37.000Z",
    "auth": 2,
    "uid": "obd-o2LT5SPsRm62u1sF90rM6cs58MmkP66",
    "publishedVersion": 0,
    "forkFrom": "-",
    "isSpam": 0,
    "version": 3,
    "parentVersion": 2,
    "echartsVersion": "5.1.1",
    "versionCreateTime": "2021-05-17T12:11:46.000Z",
    "html": "",
    "externalScripts": "",
    "updaterUID": "obd-o2LT5SPsRm62u1sF90rM6cs58MmkP66",
    "theme": "",
    "layout": "",
    "viewCount": 0,
    "userName": "j***9",
    "commentCount": 0,
    "starCount": 0,
    "isStared": 0,
    "thumbnailURL": "https://www.makeapie.com/ecg-storage/ec_gallery_thumbnail/xQu60Rqrru.png?v=1621253506868",
    "isCustomThumbnail": 0,
    "builtinTags": [
        "category-work",
        "grid",
        "legend",
        "series-bar",
        "tooltip"
    ],
    "customTags": [],
    "updaterUserName": "j***9"
}