{
    "cid": "xvLPydcKeK",
    "authorUid": "obd-oM3zkwLzyXVx0EvbQUJuvnYMNrBKR2g",
    "authorUserName": "温***n",
    "title": "柱状图-合格率",
    "description": "",
    "latestVersion": 2,
    "alwaysLatest": 0,
    "createTime": "2021-05-18T02:07:59.000Z",
    "lastUpdateTime": "2021-05-18T02:07:59.000Z",
    "auth": 1,
    "uid": "obd-oM3zkwLzyXVx0EvbQUJuvnYMNrBKR2g",
    "publishedVersion": 0,
    "forkFrom": "-",
    "isSpam": 0,
    "version": 2,
    "parentVersion": 1,
    "echartsVersion": "5.1.1",
    "versionCreateTime": "2021-05-18T02:08:30.000Z",
    "html": "",
    "externalScripts": "",
    "updaterUID": "obd-oM3zkwLzyXVx0EvbQUJuvnYMNrBKR2g",
    "theme": "",
    "layout": "",
    "viewCount": 0,
    "userName": "温***n",
    "commentCount": 0,
    "starCount": 1,
    "isStared": 0,
    "thumbnailURL": "https://www.makeapie.com/ecg-storage/ec_gallery_thumbnail/xvLPydcKeK.png?v=1621303710335",
    "isCustomThumbnail": 0,
    "builtinTags": [
        "category-work",
        "grid",
        "legend",
        "series-bar",
        "tooltip"
    ],
    "customTags": [],
    "updaterUserName": "温***n"
}