{
    "cid": "xB18j9rblW",
    "authorUid": "bd-3423954353",
    "authorUserName": "枫***子",
    "title": "全国主要城市空气质量",
    "description": "data from PM25.in",
    "latestVersion": 1,
    "alwaysLatest": 1,
    "createTime": "2017-05-11T02:21:17.000Z",
    "lastUpdateTime": "2017-05-11T02:21:17.000Z",
    "auth": 2,
    "uid": "bd-3423954353",
    "publishedVersion": 0,
    "forkFrom": "-",
    "isSpam": 0,
    "version": 1,
    "parentVersion": -1,
    "echartsVersion": "3.5.4",
    "versionCreateTime": "2017-05-11T02:21:17.000Z",
    "html": "",
    "externalScripts": "/dep/echarts/map/js/china.js",
    "updaterUID": "bd-3423954353",
    "theme": "",
    "layout": "",
    "viewCount": 4615,
    "userName": "枫***子",
    "commentCount": 0,
    "starCount": 8,
    "isStared": 0,
    "thumbnailURL": "https://www.makeapie.com/ecg-storage/ec_gallery_thumbnail/xB18j9rblW.png?v=1494469278265",
    "isCustomThumbnail": 0,
    "builtinTags": [
        "category-work",
        "geo",
        "legend",
        "series-scatter",
        "title",
        "tooltip"
    ],
    "customTags": [],
    "updaterUserName": "枫***子"
}