{
    "cid": "xB1x4OyeeZ",
    "authorUid": "bd-4064247679",
    "authorUserName": "你不乖囍",
    "title": "国民阅读率",
    "description": "",
    "latestVersion": 1,
    "alwaysLatest": 1,
    "createTime": "2017-05-10T01:08:55.000Z",
    "lastUpdateTime": "2017-05-10T01:12:26.000Z",
    "auth": 2,
    "uid": "bd-4064247679",
    "publishedVersion": 0,
    "forkFrom": "-",
    "isSpam": 0,
    "version": 1,
    "parentVersion": -1,
    "echartsVersion": "3.5.4",
    "versionCreateTime": "2017-05-10T01:08:55.000Z",
    "html": "",
    "externalScripts": "",
    "updaterUID": "bd-4064247679",
    "theme": "",
    "layout": "{\"name\":\"NxM\",\"width\":[\"100%\"],\"height\":[\"100%\"]}",
    "viewCount": 1898,
    "userName": "你不乖囍",
    "commentCount": 1,
    "starCount": 1,
    "isStared": 0,
    "thumbnailURL": "https://www.makeapie.com/ecg-storage/ec_gallery_thumbnail/xB1x4OyeeZ.png?v=1494378536247",
    "isCustomThumbnail": 0,
    "builtinTags": [],
    "customTags": [],
    "updaterUserName": "你不乖囍"
}