{
    "cid": "xBJp7vyJxW",
    "authorUid": "bd-3894911789",
    "authorUserName": "t***3",
    "title": "柱状图",
    "description": "同色调",
    "latestVersion": 2,
    "alwaysLatest": 1,
    "createTime": "2017-05-09T06:52:21.000Z",
    "lastUpdateTime": "2017-05-09T06:52:21.000Z",
    "auth": 2,
    "uid": "bd-3894911789",
    "publishedVersion": 0,
    "forkFrom": "-",
    "isSpam": 0,
    "version": 2,
    "parentVersion": 1,
    "echartsVersion": "3.5.4",
    "versionCreateTime": "2017-05-09T07:24:04.000Z",
    "html": "",
    "externalScripts": "",
    "updaterUID": "bd-3894911789",
    "theme": "",
    "layout": "",
    "viewCount": 632,
    "userName": "t***3",
    "commentCount": 0,
    "starCount": 1,
    "isStared": 0,
    "thumbnailURL": "https://www.makeapie.com/ecg-storage/ec_gallery_thumbnail/xBJp7vyJxW.png?v=1494314644875",
    "isCustomThumbnail": 0,
    "builtinTags": [
        "category-work",
        "grid",
        "series-bar",
        "tooltip"
    ],
    "customTags": [],
    "updaterUserName": "t***3"
}