{
    "cid": "xBk5UKyJlW",
    "authorUid": "bd-404666406",
    "authorUserName": "fghshy",
    "title": "流量增大压力变化分析",
    "description": "流量增大压力变化分析",
    "latestVersion": 2,
    "alwaysLatest": 1,
    "createTime": "2017-05-09T07:01:37.000Z",
    "lastUpdateTime": "2017-05-09T07:01:37.000Z",
    "auth": 2,
    "uid": "bd-404666406",
    "publishedVersion": 0,
    "forkFrom": "-",
    "isSpam": 0,
    "version": 2,
    "parentVersion": 1,
    "echartsVersion": "3.5.4",
    "versionCreateTime": "2017-05-10T10:45:43.000Z",
    "html": "",
    "externalScripts": "",
    "updaterUID": "bd-404666406",
    "theme": "",
    "layout": "",
    "viewCount": 1147,
    "userName": "fghshy",
    "commentCount": 2,
    "starCount": 3,
    "isStared": 0,
    "thumbnailURL": "https://www.makeapie.com/ecg-storage/ec_gallery_thumbnail/xBk5UKyJlW.png?v=1494413143476",
    "isCustomThumbnail": 0,
    "builtinTags": [
        "category-work",
        "grid",
        "legend",
        "series-line",
        "title",
        "tooltip"
    ],
    "customTags": [],
    "updaterUserName": "fghshy"
}