{
    "cid": "xH1AZ3Z0kW",
    "authorUid": "bd-2215764494",
    "authorUserName": "p***g",
    "title": "Theme Roses",
    "description": "",
    "latestVersion": 2,
    "alwaysLatest": 1,
    "createTime": "2017-05-08T15:17:26.000Z",
    "lastUpdateTime": "2017-05-08T15:17:26.000Z",
    "auth": 2,
    "uid": "bd-2215764494",
    "publishedVersion": 0,
    "forkFrom": "-",
    "isSpam": 0,
    "version": 2,
    "parentVersion": 1,
    "echartsVersion": "3.6.0",
    "versionCreateTime": "2017-05-26T03:09:05.000Z",
    "html": "",
    "externalScripts": "http://echarts.baidu.com/resource/echarts-gl-latest/dist/echarts-gl.min.js",
    "updaterUID": "bd-2215764494",
    "theme": "macarons",
    "layout": "",
    "viewCount": 7156,
    "userName": "p***g",
    "commentCount": 0,
    "starCount": 5,
    "isStared": 0,
    "thumbnailURL": "https://www.makeapie.com/ecg-storage/ec_gallery_thumbnail/xH1AZ3Z0kW.png?v=1494256648026",
    "isCustomThumbnail": 1,
    "builtinTags": [
        "category-work",
        "grid3D",
        "series-surface",
        "toolbox"
    ],
    "customTags": [
        "echarts-gl"
    ],
    "updaterUserName": "p***g"
}