{
    "cid": "xHJsEtTXlb",
    "authorUid": "bd-2772384434",
    "authorUserName": "中和3000",
    "title": "XL3环20150813/14",
    "description": "",
    "latestVersion": 1,
    "alwaysLatest": 1,
    "createTime": "2017-05-12T23:45:55.000Z",
    "lastUpdateTime": "2017-05-12T23:45:55.000Z",
    "auth": 1,
    "uid": "bd-2772384434",
    "publishedVersion": 0,
    "forkFrom": "-",
    "isSpam": 0,
    "version": 1,
    "parentVersion": -1,
    "echartsVersion": "3.5.4",
    "versionCreateTime": "2017-05-12T23:45:55.000Z",
    "html": "",
    "externalScripts": "",
    "updaterUID": "bd-2772384434",
    "theme": "",
    "layout": "",
    "viewCount": 56,
    "userName": "中和3000",
    "commentCount": 0,
    "starCount": 0,
    "isStared": 0,
    "thumbnailURL": "https://www.makeapie.com/ecg-storage/ec_gallery_thumbnail/xHJsEtTXlb.png?v=1494632756023",
    "isCustomThumbnail": 0,
    "builtinTags": [
        "category-work",
        "grid",
        "series-line",
        "title"
    ],
    "customTags": [],
    "updaterUserName": "中和3000"
}