{
    "cid": "xHJz_o3ayW",
    "authorUid": "bd-2802325258",
    "authorUserName": "达***奇",
    "title": "",
    "description": "",
    "latestVersion": 4,
    "alwaysLatest": 1,
    "createTime": "2017-05-08T09:33:30.000Z",
    "lastUpdateTime": "2017-05-08T09:33:30.000Z",
    "auth": 1,
    "uid": "bd-2802325258",
    "publishedVersion": 0,
    "forkFrom": "-",
    "isSpam": 0,
    "version": 4,
    "parentVersion": 3,
    "echartsVersion": "3.5.4",
    "versionCreateTime": "2017-05-09T06:34:00.000Z",
    "html": "",
    "externalScripts": "",
    "updaterUID": "bd-2802325258",
    "theme": "",
    "layout": "",
    "viewCount": 370,
    "userName": "达***奇",
    "commentCount": 0,
    "starCount": 3,
    "isStared": 0,
    "thumbnailURL": "https://www.makeapie.com/ecg-storage/ec_gallery_thumbnail/xHJz_o3ayW.png?v=1494311641200",
    "isCustomThumbnail": 0,
    "builtinTags": [
        "category-work",
        "grid",
        "legend",
        "series-bar"
    ],
    "customTags": [],
    "updaterUserName": "达***奇"
}