{
    "cid": "xHkHuW_eeZ",
    "authorUid": "bd-404666406",
    "authorUserName": "fghshy",
    "title": "流量压力变化性能分析",
    "description": "流量压力变化性能分析",
    "latestVersion": 6,
    "alwaysLatest": 1,
    "createTime": "2017-05-10T10:54:37.000Z",
    "lastUpdateTime": "2017-05-10T10:54:37.000Z",
    "auth": 2,
    "uid": "bd-404666406",
    "publishedVersion": 0,
    "forkFrom": "-",
    "isSpam": 0,
    "version": 6,
    "parentVersion": 5,
    "echartsVersion": "3.5.4",
    "versionCreateTime": "2017-05-11T03:14:08.000Z",
    "html": "",
    "externalScripts": "",
    "updaterUID": "bd-404666406",
    "theme": "",
    "layout": "",
    "viewCount": 260,
    "userName": "fghshy",
    "commentCount": 0,
    "starCount": 1,
    "isStared": 0,
    "thumbnailURL": "https://www.makeapie.com/ecg-storage/ec_gallery_thumbnail/xHkHuW_eeZ.png?v=1494472448778",
    "isCustomThumbnail": 0,
    "builtinTags": [
        "category-work",
        "grid",
        "legend",
        "series-line",
        "title",
        "tooltip"
    ],
    "customTags": [],
    "updaterUserName": "fghshy"
}