{
    "cid": "xrJGpzg0Jb",
    "authorUid": "bd-2215764494",
    "authorUserName": "p***g",
    "title": "Parametric Surface Rose",
    "description": "",
    "latestVersion": 5,
    "alwaysLatest": 1,
    "createTime": "2017-05-08T13:29:29.000Z",
    "lastUpdateTime": "2021-04-25T02:53:41.000Z",
    "auth": 2,
    "uid": "bd-2215764494",
    "publishedVersion": 0,
    "forkFrom": "-",
    "isSpam": 0,
    "version": 5,
    "parentVersion": 4,
    "echartsVersion": "5.1.0",
    "versionCreateTime": "2021-04-25T02:53:49.000Z",
    "html": "",
    "externalScripts": "http://echarts.baidu.com/resource/echarts-gl-latest/dist/echarts-gl.min.js",
    "updaterUID": "bd-2215764494",
    "theme": "default",
    "layout": "",
    "viewCount": 39266,
    "userName": "p***g",
    "commentCount": 4,
    "starCount": 43,
    "isStared": 0,
    "thumbnailURL": "https://www.makeapie.com/ecg-storage/ec_gallery_thumbnail/xrJGpzg0Jb.png?v=1619319222508",
    "isCustomThumbnail": 1,
    "builtinTags": [
        "category-work",
        "grid3D",
        "series-surface",
        "toolbox"
    ],
    "customTags": [
        "echarts-gl"
    ],
    "updaterUserName": "p***g"
}