{
    "cid": "xrkcX9lCyW",
    "authorUid": "bd-2215764494",
    "authorUserName": "p***g",
    "title": "Golden Rose",
    "description": "",
    "latestVersion": 3,
    "alwaysLatest": 1,
    "createTime": "2017-05-08T14:01:06.000Z",
    "lastUpdateTime": "2017-05-08T15:13:23.000Z",
    "auth": 2,
    "uid": "bd-2215764494",
    "publishedVersion": 0,
    "forkFrom": "-",
    "isSpam": 0,
    "version": 3,
    "parentVersion": 2,
    "echartsVersion": "3.6.0",
    "versionCreateTime": "2017-05-26T03:09:22.000Z",
    "html": "",
    "externalScripts": "http://echarts.baidu.com/resource/echarts-gl-latest/dist/echarts-gl.min.js",
    "updaterUID": "bd-2215764494",
    "theme": "default",
    "layout": "",
    "viewCount": 4409,
    "userName": "p***g",
    "commentCount": 0,
    "starCount": 2,
    "isStared": 0,
    "thumbnailURL": "https://www.makeapie.com/ecg-storage/ec_gallery_thumbnail/xrkcX9lCyW.png?v=1494256405803",
    "isCustomThumbnail": 1,
    "builtinTags": [
        "category-work",
        "grid3D",
        "series-surface",
        "toolbox"
    ],
    "customTags": [
        "echarts-gl"
    ],
    "updaterUserName": "p***g"
}