{
    "cid": "xryPDsy1gb",
    "authorUid": "bd-404666406",
    "authorUserName": "fghshy",
    "title": "主要省份天然气省管网管输费统计图",
    "description": "主要省份天然气省管网管输费统计图",
    "latestVersion": 1,
    "alwaysLatest": 1,
    "createTime": "2017-05-09T07:10:23.000Z",
    "lastUpdateTime": "2017-05-09T07:10:23.000Z",
    "auth": 2,
    "uid": "bd-404666406",
    "publishedVersion": 0,
    "forkFrom": "-",
    "isSpam": 0,
    "version": 1,
    "parentVersion": -1,
    "echartsVersion": "3.5.4",
    "versionCreateTime": "2017-05-09T07:10:23.000Z",
    "html": "",
    "externalScripts": "",
    "updaterUID": "bd-404666406",
    "theme": "",
    "layout": "",
    "viewCount": 125,
    "userName": "fghshy",
    "commentCount": 0,
    "starCount": 0,
    "isStared": 0,
    "thumbnailURL": "https://www.makeapie.com/ecg-storage/ec_gallery_thumbnail/xryPDsy1gb.png?v=1494313823396",
    "isCustomThumbnail": 0,
    "builtinTags": [
        "category-work",
        "grid",
        "series-bar",
        "title",
        "tooltip"
    ],
    "customTags": [],
    "updaterUserName": "fghshy"
}