{
    "cid": "xS1BUUvmgW",
    "authorUid": "bd-1195124638",
    "authorUserName": "你***毛",
    "title": " 12个少数民族分布",
    "description": "",
    "latestVersion": 2,
    "alwaysLatest": 1,
    "createTime": "2017-05-12T16:43:56.000Z",
    "lastUpdateTime": "2017-05-12T16:43:56.000Z",
    "auth": 2,
    "uid": "bd-1195124638",
    "publishedVersion": 0,
    "forkFrom": "-",
    "isSpam": 0,
    "version": 2,
    "parentVersion": 1,
    "echartsVersion": "3.5.4",
    "versionCreateTime": "2017-05-12T16:45:04.000Z",
    "html": "",
    "externalScripts": "",
    "updaterUID": "bd-1195124638",
    "theme": "",
    "layout": "",
    "viewCount": 180,
    "userName": "你***毛",
    "commentCount": 0,
    "starCount": 1,
    "isStared": 0,
    "thumbnailURL": "https://www.makeapie.com/ecg-storage/ec_gallery_thumbnail/xS1BUUvmgW.png?v=1494607504881",
    "isCustomThumbnail": 0,
    "builtinTags": [
        "category-work",
        "grid",
        "legend",
        "series-scatter",
        "title",
        "tooltip"
    ],
    "customTags": [],
    "updaterUserName": "你***毛"
}