{
    "cid": "xSJ5hQWgeb",
    "authorUid": "bd-3679280514",
    "authorUserName": "墨家灬小绾",
    "title": "饼图",
    "description": "纯属虚构",
    "latestVersion": 2,
    "alwaysLatest": 1,
    "createTime": "2017-05-10T03:06:26.000Z",
    "lastUpdateTime": "2017-05-10T03:06:26.000Z",
    "auth": 2,
    "uid": "bd-3679280514",
    "publishedVersion": 0,
    "forkFrom": "-",
    "isSpam": 0,
    "version": 2,
    "parentVersion": 1,
    "echartsVersion": "3.5.4",
    "versionCreateTime": "2017-05-10T05:17:58.000Z",
    "html": "",
    "externalScripts": "",
    "updaterUID": "bd-3679280514",
    "theme": "",
    "layout": "",
    "viewCount": 122,
    "userName": "墨家灬小绾",
    "commentCount": 0,
    "starCount": 0,
    "isStared": 0,
    "thumbnailURL": "https://www.makeapie.com/ecg-storage/ec_gallery_thumbnail/xSJ5hQWgeb.png?v=1494393478343",
    "isCustomThumbnail": 0,
    "builtinTags": [
        "category-work",
        "legend",
        "series-pie",
        "title",
        "tooltip"
    ],
    "customTags": [],
    "updaterUserName": "墨家灬小绾"
}