{
    "cid": "xSJDM_7xe-",
    "authorUid": "bd-3679280514",
    "authorUserName": "墨家灬小绾",
    "title": "南丁格尔玫瑰图",
    "description": "纯属虚构",
    "latestVersion": 5,
    "alwaysLatest": 1,
    "createTime": "2017-05-10T05:41:34.000Z",
    "lastUpdateTime": "2017-05-10T05:41:34.000Z",
    "auth": 2,
    "uid": "bd-3679280514",
    "publishedVersion": 0,
    "forkFrom": "-",
    "isSpam": 0,
    "version": 5,
    "parentVersion": 4,
    "echartsVersion": "3.5.4",
    "versionCreateTime": "2017-05-10T06:28:23.000Z",
    "html": "",
    "externalScripts": "",
    "updaterUID": "bd-3679280514",
    "theme": "",
    "layout": "",
    "viewCount": 363,
    "userName": "墨家灬小绾",
    "commentCount": 0,
    "starCount": 0,
    "isStared": 0,
    "thumbnailURL": "https://www.makeapie.com/ecg-storage/ec_gallery_thumbnail/xSJDM_7xe-.png?v=1494397703830",
    "isCustomThumbnail": 0,
    "builtinTags": [
        "category-work",
        "legend",
        "series-pie",
        "title",
        "toolbox",
        "tooltip",
        "visualMap"
    ],
    "customTags": [],
    "updaterUserName": "墨家灬小绾"
}