{
    "cid": "xSk30QaQlb",
    "authorUid": "bd-2772384434",
    "authorUserName": "中和3000",
    "title": "XL海淀20150813/14",
    "description": "",
    "latestVersion": 2,
    "alwaysLatest": 1,
    "createTime": "2017-05-12T23:23:00.000Z",
    "lastUpdateTime": "2017-05-12T23:23:00.000Z",
    "auth": 1,
    "uid": "bd-2772384434",
    "publishedVersion": 0,
    "forkFrom": "-",
    "isSpam": 0,
    "version": 2,
    "parentVersion": 1,
    "echartsVersion": "3.5.4",
    "versionCreateTime": "2017-05-12T23:46:47.000Z",
    "html": "",
    "externalScripts": "",
    "updaterUID": "bd-2772384434",
    "theme": "",
    "layout": "",
    "viewCount": 29,
    "userName": "中和3000",
    "commentCount": 0,
    "starCount": 0,
    "isStared": 0,
    "thumbnailURL": "https://www.makeapie.com/ecg-storage/ec_gallery_thumbnail/xSk30QaQlb.png?v=1494632807286",
    "isCustomThumbnail": 0,
    "builtinTags": [
        "category-work",
        "dataZoom",
        "grid",
        "legend",
        "series-bar",
        "series-line",
        "toolbox",
        "tooltip"
    ],
    "customTags": [],
    "updaterUserName": "中和3000"
}