{
    "cid": "xSyqRHwMxb",
    "authorUid": "bd-3802599486",
    "authorUserName": "kongbabysoon",
    "title": "rotating ring with 1000 items",
    "description": "",
    "latestVersion": 1,
    "alwaysLatest": 1,
    "createTime": "2017-05-11T22:29:38.000Z",
    "lastUpdateTime": "2017-05-11T22:29:38.000Z",
    "auth": 2,
    "uid": "bd-3802599486",
    "publishedVersion": 0,
    "forkFrom": "-",
    "isSpam": 0,
    "version": 1,
    "parentVersion": -1,
    "echartsVersion": "3.5.4",
    "versionCreateTime": "2017-05-11T22:29:38.000Z",
    "html": "",
    "externalScripts": "",
    "updaterUID": "bd-3802599486",
    "theme": "",
    "layout": "",
    "viewCount": 579,
    "userName": "kongbabysoon",
    "commentCount": 0,
    "starCount": 0,
    "isStared": 0,
    "thumbnailURL": "https://www.makeapie.com/ecg-storage/ec_gallery_thumbnail/xSyqRHwMxb.png?v=1494541778811",
    "isCustomThumbnail": 0,
    "builtinTags": [
        "category-work",
        "series-pie",
        "tooltip"
    ],
    "customTags": [],
    "updaterUserName": "kongbabysoon"
}