{
    "cid": "xSywPclkgW",
    "authorUid": "bd-2819012254",
    "authorUserName": "ouxiaom",
    "title": "",
    "description": "",
    "latestVersion": 4,
    "alwaysLatest": 1,
    "createTime": "2017-05-09T08:14:23.000Z",
    "lastUpdateTime": "2017-05-09T08:14:23.000Z",
    "auth": 2,
    "uid": "bd-2819012254",
    "publishedVersion": 0,
    "forkFrom": "-",
    "isSpam": 0,
    "version": 4,
    "parentVersion": 3,
    "echartsVersion": "3.5.4",
    "versionCreateTime": "2017-05-09T12:38:12.000Z",
    "html": "",
    "externalScripts": "/dep/echarts/latest/extension/bmap.min.js,/dep/echarts/latest/extension/dataTool.min.js",
    "updaterUID": "bd-2819012254",
    "theme": "",
    "layout": "",
    "viewCount": 1061,
    "userName": "ouxiaom",
    "commentCount": 3,
    "starCount": 0,
    "isStared": 0,
    "thumbnailURL": "https://www.makeapie.com/ecg-storage/ec_gallery_thumbnail/xSywPclkgW.png?v=1494333492684",
    "isCustomThumbnail": 0,
    "builtinTags": [
        "category-work",
        "series-map",
        "title",
        "visualMap"
    ],
    "customTags": [],
    "updaterUserName": "ouxiaom"
}