{
    "cid": "xB1-s1_icz",
    "authorUid": "bd-3796128407",
    "authorUserName": "王***响",
    "title": "示例-按大小排序的条形图",
    "description": "",
    "latestVersion": 3,
    "alwaysLatest": 1,
    "createTime": "2018-03-30T08:04:40.000Z",
    "lastUpdateTime": "2020-05-18T04:42:34.000Z",
    "auth": 2,
    "uid": "bd-3796128407",
    "publishedVersion": 0,
    "forkFrom": "-",
    "isSpam": 0,
    "version": 3,
    "parentVersion": 2,
    "echartsVersion": "4.7.0",
    "versionCreateTime": "2020-05-18T05:16:40.000Z",
    "html": "",
    "externalScripts": "",
    "updaterUID": "bd-3796128407",
    "theme": "default",
    "layout": "",
    "viewCount": 1639,
    "userName": "王***响",
    "commentCount": 0,
    "starCount": 4,
    "isStared": 0,
    "thumbnailURL": "https://www.makeapie.com/ecg-storage/ec_gallery_thumbnail/xB1-s1_icz.png?v=1589776954555",
    "isCustomThumbnail": 1,
    "builtinTags": [
        "category-work",
        "grid",
        "series-bar",
        "title",
        "tooltip"
    ],
    "customTags": [],
    "updaterUserName": "王***响"
}