{
    "cid": "xH1_KZ7C5M",
    "authorUid": "bd-2016888261",
    "authorUserName": "蓝猴子1988",
    "title": "splitLine+splitArea",
    "description": "",
    "latestVersion": 5,
    "alwaysLatest": 1,
    "createTime": "2018-04-01T09:08:15.000Z",
    "lastUpdateTime": "2018-04-01T09:08:15.000Z",
    "auth": 2,
    "uid": "bd-2016888261",
    "publishedVersion": 0,
    "forkFrom": "-",
    "isSpam": 0,
    "version": 5,
    "parentVersion": 4,
    "echartsVersion": "4.0.4",
    "versionCreateTime": "2018-04-10T15:13:20.000Z",
    "html": "",
    "externalScripts": "",
    "updaterUID": "bd-2016888261",
    "theme": "",
    "layout": "",
    "viewCount": 110,
    "userName": "蓝猴子1988",
    "commentCount": 0,
    "starCount": 0,
    "isStared": 0,
    "thumbnailURL": "https://www.makeapie.com/ecg-storage/ec_gallery_thumbnail/xH1_KZ7C5M.png?v=1523373200485",
    "isCustomThumbnail": 0,
    "builtinTags": [
        "category-work",
        "grid",
        "series-bar",
        "toolbox"
    ],
    "customTags": [],
    "updaterUserName": "蓝猴子1988"
}