{
    "cid": "xH1uF_d0qz",
    "authorUid": "bd-1261501031",
    "authorUserName": "邓***e",
    "title": "V0.3.0   食品安全抽检   专项分析",
    "description": "V0.3.0   食品安全抽检   专项分析",
    "latestVersion": 2,
    "alwaysLatest": 1,
    "createTime": "2018-04-01T15:19:28.000Z",
    "lastUpdateTime": "2018-04-01T15:19:28.000Z",
    "auth": 2,
    "uid": "bd-1261501031",
    "publishedVersion": 0,
    "forkFrom": "-",
    "isSpam": 0,
    "version": 2,
    "parentVersion": 1,
    "echartsVersion": "4.0.4",
    "versionCreateTime": "2018-04-01T15:32:52.000Z",
    "html": "",
    "externalScripts": "",
    "updaterUID": "bd-1261501031",
    "theme": "",
    "layout": "",
    "viewCount": 211,
    "userName": "邓***e",
    "commentCount": 0,
    "starCount": 0,
    "isStared": 0,
    "thumbnailURL": "https://www.makeapie.com/ecg-storage/ec_gallery_thumbnail/xH1uF_d0qz.png?v=1522596772413",
    "isCustomThumbnail": 0,
    "builtinTags": [
        "category-work",
        "grid",
        "legend",
        "markLine",
        "markPoint",
        "series-scatter",
        "title",
        "tooltip"
    ],
    "customTags": [],
    "updaterUserName": "邓***e"
}