{
    "cid": "xH1Xcl_ocG",
    "authorUid": "bd-3796128407",
    "authorUserName": "王***响",
    "title": "示例-无规律的多系列条形图",
    "description": "",
    "latestVersion": 1,
    "alwaysLatest": 1,
    "createTime": "2018-03-30T08:08:42.000Z",
    "lastUpdateTime": "2018-03-30T08:08:42.000Z",
    "auth": 2,
    "uid": "bd-3796128407",
    "publishedVersion": 0,
    "forkFrom": "-",
    "isSpam": 0,
    "version": 1,
    "parentVersion": -1,
    "echartsVersion": "4.0.4",
    "versionCreateTime": "2018-03-30T08:08:42.000Z",
    "html": "",
    "externalScripts": "",
    "updaterUID": "bd-3796128407",
    "theme": "",
    "layout": "",
    "viewCount": 118,
    "userName": "王***响",
    "commentCount": 1,
    "starCount": 0,
    "isStared": 0,
    "thumbnailURL": "https://www.makeapie.com/ecg-storage/ec_gallery_thumbnail/xH1Xcl_ocG.png?v=1522397322851",
    "isCustomThumbnail": 1,
    "builtinTags": [
        "category-work",
        "grid",
        "series-bar",
        "tooltip"
    ],
    "customTags": [],
    "updaterUserName": "王***响"
}