{
    "cid": "xHkBRcd3cf",
    "authorUid": "bd-1261501031",
    "authorUserName": "邓***e",
    "title": "办理环节提速率分析",
    "description": "V0.3.0   行政审批  办理环节提速率分析",
    "latestVersion": 1,
    "alwaysLatest": 1,
    "createTime": "2018-03-31T03:04:45.000Z",
    "lastUpdateTime": "2018-03-31T03:04:45.000Z",
    "auth": 2,
    "uid": "bd-1261501031",
    "publishedVersion": 0,
    "forkFrom": "-",
    "isSpam": 0,
    "version": 1,
    "parentVersion": -1,
    "echartsVersion": "4.0.4",
    "versionCreateTime": "2018-03-31T03:04:45.000Z",
    "html": "",
    "externalScripts": "",
    "updaterUID": "bd-1261501031",
    "theme": "",
    "layout": "",
    "viewCount": 86,
    "userName": "邓***e",
    "commentCount": 0,
    "starCount": 0,
    "isStared": 0,
    "thumbnailURL": "https://www.makeapie.com/ecg-storage/ec_gallery_thumbnail/xHkBRcd3cf.png?v=1522465485157",
    "isCustomThumbnail": 0,
    "builtinTags": [
        "category-work",
        "grid",
        "legend",
        "series-bar",
        "series-line",
        "title",
        "tooltip"
    ],
    "customTags": [],
    "updaterUserName": "邓***e"
}