{
    "cid": "xHkgAJC2qM",
    "authorUid": "bd-3676951086",
    "authorUserName": "缘***m",
    "title": "axisLabel---rich-table",
    "description": "轴标签表格",
    "latestVersion": 2,
    "alwaysLatest": 1,
    "createTime": "2018-03-31T09:07:19.000Z",
    "lastUpdateTime": "2018-03-31T09:10:50.000Z",
    "auth": 1,
    "uid": "bd-3676951086",
    "publishedVersion": 0,
    "forkFrom": "-",
    "isSpam": 0,
    "version": 2,
    "parentVersion": 1,
    "echartsVersion": "4.0.4",
    "versionCreateTime": "2018-04-09T08:49:14.000Z",
    "html": "",
    "externalScripts": "",
    "updaterUID": "bd-3676951086",
    "theme": "default",
    "layout": "",
    "viewCount": 2957,
    "userName": "缘***m",
    "commentCount": 0,
    "starCount": 11,
    "isStared": 0,
    "thumbnailURL": "https://www.makeapie.com/ecg-storage/ec_gallery_thumbnail/xHkgAJC2qM.png?v=1522487450683",
    "isCustomThumbnail": 1,
    "builtinTags": [
        "category-work",
        "dataset",
        "grid",
        "series-bar"
    ],
    "customTags": [],
    "updaterUserName": "缘***m"
}