{
    "cid": "xr1wZ-6liG",
    "authorUid": "bd-101080086",
    "authorUserName": "g***h",
    "title": "自定义geoJson地图",
    "description": "自定义geoJson地图",
    "latestVersion": 1,
    "alwaysLatest": 1,
    "createTime": "2018-04-03T08:53:19.000Z",
    "lastUpdateTime": "2018-04-03T08:53:19.000Z",
    "auth": 2,
    "uid": "bd-101080086",
    "publishedVersion": 1,
    "forkFrom": "-",
    "isSpam": 0,
    "version": 1,
    "parentVersion": -1,
    "echartsVersion": "4.0.4",
    "versionCreateTime": "2018-04-03T08:53:19.000Z",
    "html": "",
    "externalScripts": "",
    "updaterUID": "bd-101080086",
    "theme": "",
    "layout": "",
    "viewCount": 1331,
    "userName": "g***h",
    "commentCount": 1,
    "starCount": 5,
    "isStared": 0,
    "thumbnailURL": "https://www.makeapie.com/ecg-storage/ec_gallery_thumbnail/xr1wZ-6liG.png?v=1522745599300",
    "isCustomThumbnail": 0,
    "builtinTags": [
        "category-work",
        "series-map",
        "visualMap"
    ],
    "customTags": [],
    "updaterUserName": "g***h"
}