{
    "cid": "xrJPnzuscf",
    "authorUid": "bd-3675581816",
    "authorUserName": "谢方立",
    "title": "areaChart",
    "description": "",
    "latestVersion": 3,
    "alwaysLatest": 1,
    "createTime": "2018-03-30T08:17:51.000Z",
    "lastUpdateTime": "2018-03-30T08:17:51.000Z",
    "auth": 2,
    "uid": "bd-3675581816",
    "publishedVersion": 0,
    "forkFrom": "-",
    "isSpam": 0,
    "version": 3,
    "parentVersion": 2,
    "echartsVersion": "4.0.4",
    "versionCreateTime": "2018-03-30T09:18:24.000Z",
    "html": "",
    "externalScripts": "",
    "updaterUID": "bd-3675581816",
    "theme": "",
    "layout": "",
    "viewCount": 48,
    "userName": "谢方立",
    "commentCount": 0,
    "starCount": 1,
    "isStared": 0,
    "thumbnailURL": "https://www.makeapie.com/ecg-storage/ec_gallery_thumbnail/xrJPnzuscf.png?v=1522401504309",
    "isCustomThumbnail": 0,
    "builtinTags": [
        "category-work",
        "grid",
        "legend",
        "series-bar",
        "series-line",
        "tooltip"
    ],
    "customTags": [],
    "updaterUserName": "谢方立"
}