{
    "cid": "xSJQCOdkiM",
    "authorUid": "bd-3676951086",
    "authorUserName": "缘***m",
    "title": "canvas-画柱形图",
    "description": "canvas-画柱形图",
    "latestVersion": 1,
    "alwaysLatest": 1,
    "createTime": "2018-04-02T09:32:59.000Z",
    "lastUpdateTime": "2018-04-09T08:21:34.000Z",
    "auth": 1,
    "uid": "bd-3676951086",
    "publishedVersion": 0,
    "forkFrom": "-",
    "isSpam": 0,
    "version": 1,
    "parentVersion": -1,
    "echartsVersion": "4.0.4",
    "versionCreateTime": "2018-04-02T09:32:59.000Z",
    "html": "",
    "externalScripts": "",
    "updaterUID": "bd-3676951086",
    "theme": "default",
    "layout": "",
    "viewCount": 52,
    "userName": "缘***m",
    "commentCount": 0,
    "starCount": 0,
    "isStared": 0,
    "thumbnailURL": "https://www.makeapie.com/ecg-storage/ec_gallery_thumbnail/xSJQCOdkiM.png?v=1523262094615",
    "isCustomThumbnail": 1,
    "builtinTags": [
        "category-work"
    ],
    "customTags": [],
    "updaterUserName": "缘***m"
}