{
    "cid": "xSkuhj929M",
    "authorUid": "bd-3427234172",
    "authorUserName": "水友1256",
    "title": "绝世唐门",
    "description": "喜爱分享，喜爱创造",
    "latestVersion": 1,
    "alwaysLatest": 1,
    "createTime": "2018-03-31T05:25:04.000Z",
    "lastUpdateTime": "2018-03-31T05:25:04.000Z",
    "auth": 2,
    "uid": "bd-3427234172",
    "publishedVersion": 0,
    "forkFrom": "-",
    "isSpam": 0,
    "version": 1,
    "parentVersion": -1,
    "echartsVersion": "4.0.4",
    "versionCreateTime": "2018-03-31T05:25:04.000Z",
    "html": "",
    "externalScripts": "",
    "updaterUID": "bd-3427234172",
    "theme": "",
    "layout": "",
    "viewCount": 809,
    "userName": "水友1256",
    "commentCount": 0,
    "starCount": 0,
    "isStared": 0,
    "thumbnailURL": "https://www.makeapie.com/ecg-storage/ec_gallery_thumbnail/xSkuhj929M.png?v=1522473904518",
    "isCustomThumbnail": 0,
    "builtinTags": [
        "category-work",
        "radar",
        "series-pie",
        "series-radar",
        "title",
        "tooltip"
    ],
    "customTags": [],
    "updaterUserName": "水友1256"
}