{
    "cid": "xSky34tR9G",
    "authorUid": "bd-1261501031",
    "authorUserName": "邓***e",
    "title": "V0.3.0   首页——食品安全抽检情况   ",
    "description": "V0.3.0   首页——食品安全抽检情况   ",
    "latestVersion": 1,
    "alwaysLatest": 1,
    "createTime": "2018-04-01T16:11:19.000Z",
    "lastUpdateTime": "2018-04-01T16:11:19.000Z",
    "auth": 2,
    "uid": "bd-1261501031",
    "publishedVersion": 0,
    "forkFrom": "-",
    "isSpam": 0,
    "version": 1,
    "parentVersion": -1,
    "echartsVersion": "4.0.4",
    "versionCreateTime": "2018-04-01T16:11:19.000Z",
    "html": "",
    "externalScripts": "",
    "updaterUID": "bd-1261501031",
    "theme": "",
    "layout": "",
    "viewCount": 77,
    "userName": "邓***e",
    "commentCount": 0,
    "starCount": 0,
    "isStared": 0,
    "thumbnailURL": "https://www.makeapie.com/ecg-storage/ec_gallery_thumbnail/xSky34tR9G.png?v=1522599079627",
    "isCustomThumbnail": 0,
    "builtinTags": [
        "category-work",
        "legend",
        "series-pie",
        "title",
        "tooltip"
    ],
    "customTags": [],
    "updaterUserName": "邓***e"
}