{
    "cid": "xSy2_Ipejz",
    "authorUid": "bd-2634867238",
    "authorUserName": "wsk94",
    "title": "3D世界地图",
    "description": "3D世界地图",
    "latestVersion": 2,
    "alwaysLatest": 1,
    "createTime": "2018-04-03T09:16:36.000Z",
    "lastUpdateTime": "2018-04-03T09:16:36.000Z",
    "auth": 2,
    "uid": "bd-2634867238",
    "publishedVersion": 0,
    "forkFrom": "-",
    "isSpam": 0,
    "version": 2,
    "parentVersion": 1,
    "echartsVersion": "4.0.4",
    "versionCreateTime": "2018-04-04T01:08:43.000Z",
    "html": "",
    "externalScripts": "http://echarts.baidu.com/resource/echarts-gl-latest/dist/echarts-gl.min.js,/dep/echarts/map/js/world.js",
    "updaterUID": "bd-2634867238",
    "theme": "",
    "layout": "",
    "viewCount": 278,
    "userName": "wsk94",
    "commentCount": 0,
    "starCount": 1,
    "isStared": 0,
    "thumbnailURL": "https://www.makeapie.com/ecg-storage/ec_gallery_thumbnail/xSy2_Ipejz.png?v=1522746996394",
    "isCustomThumbnail": 1,
    "builtinTags": [
        "category-work",
        "geo3D"
    ],
    "customTags": [],
    "updaterUserName": "wsk94"
}