{
    "cid": "xSyezbA9qM",
    "authorUid": "bd-1261501031",
    "authorUserName": "邓***e",
    "title": "V0.3.0   日常监管——餐饮服务经营类别占比",
    "description": "V0.3.0   日常监管——餐饮服务经营类别占比",
    "latestVersion": 1,
    "alwaysLatest": 1,
    "createTime": "2018-03-29T20:48:08.000Z",
    "lastUpdateTime": "2018-03-29T20:48:08.000Z",
    "auth": 2,
    "uid": "bd-1261501031",
    "publishedVersion": 0,
    "forkFrom": "-",
    "isSpam": 0,
    "version": 1,
    "parentVersion": -1,
    "echartsVersion": "4.0.4",
    "versionCreateTime": "2018-03-29T20:48:08.000Z",
    "html": "",
    "externalScripts": "",
    "updaterUID": "bd-1261501031",
    "theme": "",
    "layout": "",
    "viewCount": 68,
    "userName": "邓***e",
    "commentCount": 0,
    "starCount": 0,
    "isStared": 0,
    "thumbnailURL": "https://www.makeapie.com/ecg-storage/ec_gallery_thumbnail/xSyezbA9qM.png?v=1522356488257",
    "isCustomThumbnail": 0,
    "builtinTags": [
        "category-work",
        "legend",
        "series-pie",
        "tooltip"
    ],
    "customTags": [],
    "updaterUserName": "邓***e"
}