{
    "cid": "x4V1Kcdabt",
    "authorUid": "obd-otBkE5aXvENhKJNHe7P4quGSE9psc8k",
    "authorUserName": "一***0",
    "title": "水球",
    "description": "",
    "latestVersion": 1,
    "alwaysLatest": 0,
    "createTime": "2022-01-13T08:14:58.000Z",
    "lastUpdateTime": "2022-01-13T08:14:58.000Z",
    "auth": 2,
    "uid": "obd-otBkE5aXvENhKJNHe7P4quGSE9psc8k",
    "publishedVersion": 0,
    "forkFrom": "-",
    "isSpam": 0,
    "version": 1,
    "parentVersion": -1,
    "echartsVersion": "5.2.2",
    "versionCreateTime": "2022-01-13T08:14:58.000Z",
    "html": "",
    "externalScripts": "https://cdn.jsdelivr.net/npm/echarts-liquidfill@2/dist/echarts-liquidfill.min.js,https://cdn.jsdelivr.net/npm/echarts-liquidfill@3/dist/echarts-liquidfill.min.js",
    "updaterUID": "obd-otBkE5aXvENhKJNHe7P4quGSE9psc8k",
    "theme": "",
    "layout": "",
    "viewCount": 0,
    "userName": "一***0",
    "commentCount": 0,
    "starCount": 0,
    "isStared": 0,
    "thumbnailURL": "https://www.makeapie.com/ecg-storage/ec_gallery_thumbnail/x4V1Kcdabt.png?v=1642061698535",
    "isCustomThumbnail": 0,
    "builtinTags": [
        "category-work",
        "graphic",
        "series-liquidFill",
        "title"
    ],
    "customTags": [],
    "updaterUserName": "一***0"
}