{
    "cid": "x_N0ooiDQh",
    "authorUid": "obd-otBkE5aXvENhKJNHe7P4quGSE9psc8k",
    "authorUserName": "一***0",
    "title": "双折线实现",
    "description": "",
    "latestVersion": 2,
    "alwaysLatest": 0,
    "createTime": "2022-01-13T08:53:44.000Z",
    "lastUpdateTime": "2022-01-14T00:59:41.000Z",
    "auth": 2,
    "uid": "obd-otBkE5aXvENhKJNHe7P4quGSE9psc8k",
    "publishedVersion": 0,
    "forkFrom": "-",
    "isSpam": 0,
    "version": 2,
    "parentVersion": 1,
    "echartsVersion": "5.2.2",
    "versionCreateTime": "2022-01-14T00:59:41.000Z",
    "html": "",
    "externalScripts": "",
    "updaterUID": "obd-otBkE5aXvENhKJNHe7P4quGSE9psc8k",
    "theme": "",
    "layout": "",
    "viewCount": 0,
    "userName": "一***0",
    "commentCount": 0,
    "starCount": 0,
    "isStared": 0,
    "thumbnailURL": "https://www.makeapie.com/ecg-storage/ec_gallery_thumbnail/x_N0ooiDQh.png?v=1642121981833",
    "isCustomThumbnail": 0,
    "builtinTags": [
        "category-work",
        "grid",
        "legend",
        "series-line",
        "tooltip"
    ],
    "customTags": [],
    "updaterUserName": "一***0"
}