{
    "cid": "xfjhwTM9TX",
    "authorUid": "obd-oP6A4thoFqEJHO0y7B4AyqBfgtpTN92",
    "authorUserName": "l***o",
    "title": "处理率",
    "description": "",
    "latestVersion": 2,
    "alwaysLatest": 0,
    "createTime": "2022-01-13T07:06:25.000Z",
    "lastUpdateTime": "2022-01-13T07:14:57.000Z",
    "auth": 2,
    "uid": "obd-oP6A4thoFqEJHO0y7B4AyqBfgtpTN92",
    "publishedVersion": 0,
    "forkFrom": "-",
    "isSpam": 0,
    "version": 2,
    "parentVersion": 1,
    "echartsVersion": "5.2.2",
    "versionCreateTime": "2022-01-13T07:14:57.000Z",
    "html": "",
    "externalScripts": "",
    "updaterUID": "obd-oP6A4thoFqEJHO0y7B4AyqBfgtpTN92",
    "theme": "",
    "layout": "",
    "viewCount": 0,
    "userName": "l***o",
    "commentCount": 0,
    "starCount": 0,
    "isStared": 0,
    "thumbnailURL": "https://www.makeapie.com/ecg-storage/ec_gallery_thumbnail/xfjhwTM9TX.png?v=1642058097530",
    "isCustomThumbnail": 0,
    "builtinTags": [
        "category-work",
        "polar",
        "series-pie",
        "title"
    ],
    "customTags": [],
    "updaterUserName": "l***o"
}