{
    "cid": "xFUIHRF0Mg",
    "authorUid": "obd-olLlNINaZa2mjLWa13xxw_vvOiKEB0q",
    "authorUserName": "虽***浪",
    "title": "分类等级柱状图",
    "description": "",
    "latestVersion": 3,
    "alwaysLatest": 0,
    "createTime": "2022-01-13T05:58:32.000Z",
    "lastUpdateTime": "2022-01-13T07:21:09.000Z",
    "auth": 2,
    "uid": "obd-olLlNINaZa2mjLWa13xxw_vvOiKEB0q",
    "publishedVersion": 0,
    "forkFrom": "-",
    "isSpam": 0,
    "version": 3,
    "parentVersion": 2,
    "echartsVersion": "5.2.2",
    "versionCreateTime": "2022-01-13T07:21:09.000Z",
    "html": "",
    "externalScripts": "",
    "updaterUID": "obd-olLlNINaZa2mjLWa13xxw_vvOiKEB0q",
    "theme": "",
    "layout": "",
    "viewCount": 0,
    "userName": "虽***浪",
    "commentCount": 0,
    "starCount": 0,
    "isStared": 0,
    "thumbnailURL": "https://www.makeapie.com/ecg-storage/ec_gallery_thumbnail/xFUIHRF0Mg.png?v=1642058469872",
    "isCustomThumbnail": 0,
    "builtinTags": [
        "category-work",
        "dataset",
        "grid",
        "legend",
        "series-bar",
        "tooltip"
    ],
    "customTags": [],
    "updaterUserName": "虽***浪"
}