{
    "cid": "xo7JJbT01K",
    "authorUid": "obd-oDCFSdQiZ9AKxl7QIblNH0ErOPfUf17",
    "authorUserName": "戴***龙",
    "title": "demo基础柱状图",
    "description": "",
    "latestVersion": 1,
    "alwaysLatest": 0,
    "createTime": "2022-01-15T06:39:23.000Z",
    "lastUpdateTime": "2022-01-15T06:39:23.000Z",
    "auth": 2,
    "uid": "obd-oDCFSdQiZ9AKxl7QIblNH0ErOPfUf17",
    "publishedVersion": 0,
    "forkFrom": "-",
    "isSpam": 0,
    "version": 1,
    "parentVersion": -1,
    "echartsVersion": "5.2.2",
    "versionCreateTime": "2022-01-15T06:39:23.000Z",
    "html": "",
    "externalScripts": "",
    "updaterUID": "obd-oDCFSdQiZ9AKxl7QIblNH0ErOPfUf17",
    "theme": "",
    "layout": "",
    "viewCount": 0,
    "userName": "戴***龙",
    "commentCount": 0,
    "starCount": 0,
    "isStared": 0,
    "thumbnailURL": "https://www.makeapie.com/ecg-storage/ec_gallery_thumbnail/xo7JJbT01K.png?v=1642228763249",
    "isCustomThumbnail": 0,
    "builtinTags": [
        "category-work",
        "grid",
        "series-bar",
        "tooltip"
    ],
    "customTags": [],
    "updaterUserName": "戴***龙"
}