{
    "cid": "xWNRZo3lfO",
    "authorUid": "obd-oNjOU0DV9qNLRGvJT9TnWYdxfHpuyCc",
    "authorUserName": "小***呀",
    "title": "ao",
    "description": "ao",
    "latestVersion": 1,
    "alwaysLatest": 0,
    "createTime": "2022-01-14T08:48:37.000Z",
    "lastUpdateTime": "2022-01-14T08:48:37.000Z",
    "auth": 1,
    "uid": "obd-oNjOU0DV9qNLRGvJT9TnWYdxfHpuyCc",
    "publishedVersion": 0,
    "forkFrom": "-",
    "isSpam": 0,
    "version": 1,
    "parentVersion": -1,
    "echartsVersion": "5.2.2",
    "versionCreateTime": "2022-01-14T08:48:37.000Z",
    "html": "",
    "externalScripts": "",
    "updaterUID": "obd-oNjOU0DV9qNLRGvJT9TnWYdxfHpuyCc",
    "theme": "",
    "layout": "",
    "viewCount": 0,
    "userName": "小***呀",
    "commentCount": 0,
    "starCount": 0,
    "isStared": 0,
    "thumbnailURL": "https://www.makeapie.com/ecg-storage/ec_gallery_thumbnail/xWNRZo3lfO.png?v=1642150117816",
    "isCustomThumbnail": 0,
    "builtinTags": [
        "category-work",
        "legend",
        "series-pie",
        "tooltip"
    ],
    "customTags": [],
    "updaterUserName": "小***呀"
}