{
    "cid": "xxmBZo4I_G",
    "authorUid": "obd-o2EagsYbsv6ImEAiUpNaMp1CdEA7v6c",
    "authorUserName": "6***货",
    "title": "德阳市乡镇数据",
    "description": "",
    "latestVersion": 6,
    "alwaysLatest": 0,
    "createTime": "2022-01-14T09:35:20.000Z",
    "lastUpdateTime": "2022-01-15T10:42:50.000Z",
    "auth": 2,
    "uid": "obd-o2EagsYbsv6ImEAiUpNaMp1CdEA7v6c",
    "publishedVersion": 0,
    "forkFrom": "-",
    "isSpam": 0,
    "version": 6,
    "parentVersion": 5,
    "echartsVersion": "4.9.0",
    "versionCreateTime": "2022-01-15T10:42:50.000Z",
    "html": "",
    "externalScripts": "",
    "updaterUID": "obd-o2EagsYbsv6ImEAiUpNaMp1CdEA7v6c",
    "theme": "",
    "layout": "",
    "viewCount": 0,
    "userName": "6***货",
    "commentCount": 0,
    "starCount": 0,
    "isStared": 0,
    "thumbnailURL": "https://www.makeapie.com/ecg-storage/ec_gallery_thumbnail/xxmBZo4I_G.png?v=1642243371050",
    "isCustomThumbnail": 0,
    "builtinTags": [
        "category-work",
        "title"
    ],
    "customTags": [],
    "updaterUserName": "6***货"
}