{
    "cid": "xB1bOVoCAb",
    "authorUid": "bd-4013131402",
    "authorUserName": "o***4",
    "title": "ECharts Canvas vs SVG 渲染性能",
    "description": "",
    "latestVersion": 1,
    "alwaysLatest": 1,
    "createTime": "2017-11-07T03:11:37.000Z",
    "lastUpdateTime": "2017-11-07T03:11:37.000Z",
    "auth": 2,
    "uid": "bd-4013131402",
    "publishedVersion": 0,
    "forkFrom": "-",
    "isSpam": 0,
    "version": 1,
    "parentVersion": -1,
    "echartsVersion": "3.7.2",
    "versionCreateTime": "2017-11-07T03:11:37.000Z",
    "html": "",
    "externalScripts": "",
    "updaterUID": "bd-4013131402",
    "theme": "",
    "layout": "",
    "viewCount": 1342,
    "userName": "o***4",
    "commentCount": 0,
    "starCount": 5,
    "isStared": 0,
    "thumbnailURL": "https://www.makeapie.com/ecg-storage/ec_gallery_thumbnail/xB1bOVoCAb.png?v=1510024297624",
    "isCustomThumbnail": 0,
    "builtinTags": [
        "category-work",
        "grid",
        "legend",
        "series-bar",
        "series-scatter",
        "title"
    ],
    "customTags": [],
    "updaterUserName": "o***4"
}