{
    "cid": "xBJFhwVkJM",
    "authorUid": "bd-1245979803",
    "authorUserName": "d***t",
    "title": "2017年11月7日",
    "description": "点圈圈(边)移动，缩放。",
    "latestVersion": 15,
    "alwaysLatest": 1,
    "createTime": "2017-11-07T13:40:00.000Z",
    "lastUpdateTime": "2017-11-07T13:40:00.000Z",
    "auth": 2,
    "uid": "bd-1245979803",
    "publishedVersion": 0,
    "forkFrom": "-",
    "isSpam": 0,
    "version": 15,
    "parentVersion": 13,
    "echartsVersion": "3.8.0",
    "versionCreateTime": "2020-10-07T07:32:30.000Z",
    "html": "",
    "externalScripts": "",
    "updaterUID": "bd-1245979803",
    "theme": "",
    "layout": "",
    "viewCount": 2818,
    "userName": "d***t",
    "commentCount": 2,
    "starCount": 13,
    "isStared": 0,
    "thumbnailURL": "https://www.makeapie.com/ecg-storage/ec_gallery_thumbnail/xBJFhwVkJM.png?v=1602055950237",
    "isCustomThumbnail": 0,
    "builtinTags": [
        "category-work",
        "legend",
        "series-graph",
        "title"
    ],
    "customTags": [],
    "updaterUserName": "d***t"
}