{
    "cid": "xBJJazqaRZ",
    "authorUid": "bd-741667023",
    "authorUserName": "爱***月",
    "title": "双曲线 自动轮播",
    "description": "",
    "latestVersion": 1,
    "alwaysLatest": 1,
    "createTime": "2017-11-06T07:43:50.000Z",
    "lastUpdateTime": "2017-11-06T07:43:50.000Z",
    "auth": 2,
    "uid": "bd-741667023",
    "publishedVersion": 0,
    "forkFrom": "-",
    "isSpam": 0,
    "version": 1,
    "parentVersion": -1,
    "echartsVersion": "3.7.2",
    "versionCreateTime": "2017-11-06T07:43:50.000Z",
    "html": "",
    "externalScripts": "",
    "updaterUID": "bd-741667023",
    "theme": "",
    "layout": "",
    "viewCount": 3656,
    "userName": "爱***月",
    "commentCount": 0,
    "starCount": 4,
    "isStared": 0,
    "thumbnailURL": "https://www.makeapie.com/ecg-storage/ec_gallery_thumbnail/xBJJazqaRZ.png?v=1509954230771",
    "isCustomThumbnail": 0,
    "builtinTags": [
        "category-work",
        "grid",
        "series-line",
        "timeline",
        "title",
        "tooltip"
    ],
    "customTags": [],
    "updaterUserName": "爱***月"
}