{
    "cid": "xBJOZw390b",
    "authorUid": "bd-3543640141",
    "authorUserName": "清雨泠泠下",
    "title": "分段渲染折线图表",
    "description": "MANO-调度事件监控",
    "latestVersion": 9,
    "alwaysLatest": 1,
    "createTime": "2017-11-04T03:41:51.000Z",
    "lastUpdateTime": "2017-11-04T03:41:51.000Z",
    "auth": 2,
    "uid": "bd-3543640141",
    "publishedVersion": 0,
    "forkFrom": "-",
    "isSpam": 0,
    "version": 9,
    "parentVersion": 8,
    "echartsVersion": "3.8.0",
    "versionCreateTime": "2017-11-09T10:36:45.000Z",
    "html": "",
    "externalScripts": "",
    "updaterUID": "bd-3543640141",
    "theme": "",
    "layout": "",
    "viewCount": 5778,
    "userName": "清雨泠泠下",
    "commentCount": 0,
    "starCount": 20,
    "isStared": 0,
    "thumbnailURL": "https://www.makeapie.com/ecg-storage/ec_gallery_thumbnail/xBJOZw390b.png?v=1510223805139",
    "isCustomThumbnail": 0,
    "builtinTags": [
        "category-work",
        "grid",
        "markLine",
        "markPoint",
        "series-line",
        "title",
        "tooltip",
        "visualMap"
    ],
    "customTags": [],
    "updaterUserName": "清雨泠泠下"
}