{
    "cid": "xH1eIFmbkz",
    "authorUid": "bd-2495986475",
    "authorUserName": "枫雨叶露",
    "title": "未来一周气温变化",
    "description": "纯属虚构",
    "latestVersion": 1,
    "alwaysLatest": 1,
    "createTime": "2017-11-09T01:03:04.000Z",
    "lastUpdateTime": "2017-11-09T01:03:04.000Z",
    "auth": 2,
    "uid": "bd-2495986475",
    "publishedVersion": 0,
    "forkFrom": "-",
    "isSpam": 0,
    "version": 1,
    "parentVersion": -1,
    "echartsVersion": "3.8.0",
    "versionCreateTime": "2017-11-09T01:03:04.000Z",
    "html": "",
    "externalScripts": "",
    "updaterUID": "bd-2495986475",
    "theme": "",
    "layout": "",
    "viewCount": 988,
    "userName": "枫雨叶露",
    "commentCount": 0,
    "starCount": 2,
    "isStared": 0,
    "thumbnailURL": "https://www.makeapie.com/ecg-storage/ec_gallery_thumbnail/xH1eIFmbkz.png?v=1510189384217",
    "isCustomThumbnail": 0,
    "builtinTags": [
        "category-work",
        "dataZoom",
        "grid",
        "legend",
        "markLine",
        "markPoint",
        "series-line",
        "title",
        "toolbox",
        "tooltip"
    ],
    "customTags": [],
    "updaterUserName": "枫雨叶露"
}