{
    "cid": "xHJRv0_xkM",
    "authorUid": "bd-790787231",
    "authorUserName": "icecolder1987",
    "title": "api.coord实例",
    "description": "",
    "latestVersion": 1,
    "alwaysLatest": 1,
    "createTime": "2017-11-08T12:53:57.000Z",
    "lastUpdateTime": "2017-11-08T12:53:57.000Z",
    "auth": 1,
    "uid": "bd-790787231",
    "publishedVersion": 0,
    "forkFrom": "-",
    "isSpam": 0,
    "version": 1,
    "parentVersion": -1,
    "echartsVersion": "3.8.0",
    "versionCreateTime": "2017-11-08T12:53:57.000Z",
    "html": "",
    "externalScripts": "",
    "updaterUID": "bd-790787231",
    "theme": "",
    "layout": "",
    "viewCount": 395,
    "userName": "icecolder1987",
    "commentCount": 0,
    "starCount": 0,
    "isStared": 0,
    "thumbnailURL": "https://www.makeapie.com/ecg-storage/ec_gallery_thumbnail/xHJRv0_xkM.png?v=1510145637822",
    "isCustomThumbnail": 0,
    "builtinTags": [
        "category-work",
        "graphic",
        "polar",
        "series-custom"
    ],
    "customTags": [],
    "updaterUserName": "icecolder1987"
}