{
    "cid": "xHydTmVgkG",
    "authorUid": "bd-1696688313",
    "authorUserName": "水***6",
    "title": "关系图demo",
    "description": "",
    "latestVersion": 9,
    "alwaysLatest": 1,
    "createTime": "2017-11-08T07:35:28.000Z",
    "lastUpdateTime": "2017-11-08T07:35:28.000Z",
    "auth": 2,
    "uid": "bd-1696688313",
    "publishedVersion": 0,
    "forkFrom": "-",
    "isSpam": 0,
    "version": 9,
    "parentVersion": 8,
    "echartsVersion": "3.8.0",
    "versionCreateTime": "2018-04-02T09:06:37.000Z",
    "html": "",
    "externalScripts": "",
    "updaterUID": "bd-1696688313",
    "theme": "",
    "layout": "",
    "viewCount": 892,
    "userName": "水***6",
    "commentCount": 0,
    "starCount": 0,
    "isStared": 0,
    "thumbnailURL": "https://www.makeapie.com/ecg-storage/ec_gallery_thumbnail/xHydTmVgkG.png?v=1522659997555",
    "isCustomThumbnail": 0,
    "builtinTags": [
        "category-work",
        "series-graph"
    ],
    "customTags": [],
    "updaterUserName": "水***6"
}