{
    "cid": "xr10b3tCRb",
    "authorUid": "bd-2343658519",
    "authorUserName": "子安_20",
    "title": "1",
    "description": "",
    "latestVersion": 1,
    "alwaysLatest": 1,
    "createTime": "2017-11-07T01:27:34.000Z",
    "lastUpdateTime": "2017-11-07T01:27:34.000Z",
    "auth": 2,
    "uid": "bd-2343658519",
    "publishedVersion": 0,
    "forkFrom": "-",
    "isSpam": 0,
    "version": 1,
    "parentVersion": -1,
    "echartsVersion": "3.7.2",
    "versionCreateTime": "2017-11-07T01:27:34.000Z",
    "html": "",
    "externalScripts": "",
    "updaterUID": "bd-2343658519",
    "theme": "",
    "layout": "",
    "viewCount": 7,
    "userName": "子安_20",
    "commentCount": 0,
    "starCount": 0,
    "isStared": 0,
    "thumbnailURL": "https://www.makeapie.com/ecg-storage/ec_gallery_thumbnail/xr10b3tCRb.png?v=1510018054352",
    "isCustomThumbnail": 0,
    "builtinTags": [
        "category-work",
        "grid",
        "series-line",
        "title"
    ],
    "customTags": [],
    "updaterUserName": "子安_20"
}