{
    "cid": "xr1MKNi00Z",
    "authorUid": "bd-1344987527",
    "authorUserName": "郭绍铭",
    "title": "3D中国地图",
    "description": "",
    "latestVersion": 1,
    "alwaysLatest": 1,
    "createTime": "2017-11-07T03:11:54.000Z",
    "lastUpdateTime": "2017-11-07T03:11:54.000Z",
    "auth": 2,
    "uid": "bd-1344987527",
    "publishedVersion": 0,
    "forkFrom": "-",
    "isSpam": 0,
    "version": 1,
    "parentVersion": -1,
    "echartsVersion": "3.7.2",
    "versionCreateTime": "2017-11-07T03:11:54.000Z",
    "html": "",
    "externalScripts": "http://echarts.baidu.com/resource/echarts-gl-latest/dist/echarts-gl.min.js,/dep/echarts/map/js/china.js",
    "updaterUID": "bd-1344987527",
    "theme": "",
    "layout": "",
    "viewCount": 1146,
    "userName": "郭绍铭",
    "commentCount": 0,
    "starCount": 7,
    "isStared": 0,
    "thumbnailURL": "https://www.makeapie.com/ecg-storage/ec_gallery_thumbnail/xr1MKNi00Z.png?v=1510024314431",
    "isCustomThumbnail": 1,
    "builtinTags": [
        "category-work",
        "series-map3D",
        "visualMap"
    ],
    "customTags": [],
    "updaterUserName": "郭绍铭"
}