{
    "cid": "xrJ5zbyl1f",
    "authorUid": "bd-3075638393",
    "authorUserName": "你大爷啊啊啊go",
    "title": "Awesome Chart",
    "description": "你你你你你你你i",
    "latestVersion": 1,
    "alwaysLatest": 1,
    "createTime": "2017-11-08T01:42:41.000Z",
    "lastUpdateTime": "2017-11-08T01:42:41.000Z",
    "auth": 2,
    "uid": "bd-3075638393",
    "publishedVersion": 0,
    "forkFrom": "-",
    "isSpam": 0,
    "version": 1,
    "parentVersion": -1,
    "echartsVersion": "3.7.2",
    "versionCreateTime": "2017-11-08T01:42:41.000Z",
    "html": "",
    "externalScripts": "",
    "updaterUID": "bd-3075638393",
    "theme": "",
    "layout": "",
    "viewCount": 10,
    "userName": "你大爷啊啊啊go",
    "commentCount": 0,
    "starCount": 0,
    "isStared": 0,
    "thumbnailURL": "https://www.makeapie.com/ecg-storage/ec_gallery_thumbnail/xrJ5zbyl1f.png?v=1510105362004",
    "isCustomThumbnail": 0,
    "builtinTags": [
        "category-work",
        "grid",
        "series-line",
        "title"
    ],
    "customTags": [],
    "updaterUserName": "你大爷啊啊啊go"
}