{
    "cid": "xryoVFXWkf",
    "authorUid": "bd-1837187133",
    "authorUserName": "王旭旭娇",
    "title": "未来一周气温变化",
    "description": "纯属虚构",
    "latestVersion": 1,
    "alwaysLatest": 1,
    "createTime": "2017-11-09T01:02:42.000Z",
    "lastUpdateTime": "2017-11-09T01:02:42.000Z",
    "auth": 2,
    "uid": "bd-1837187133",
    "publishedVersion": 0,
    "forkFrom": "-",
    "isSpam": 0,
    "version": 1,
    "parentVersion": -1,
    "echartsVersion": "3.8.0",
    "versionCreateTime": "2017-11-09T01:02:42.000Z",
    "html": "",
    "externalScripts": "",
    "updaterUID": "bd-1837187133",
    "theme": "",
    "layout": "",
    "viewCount": 166,
    "userName": "王旭旭娇",
    "commentCount": 0,
    "starCount": 0,
    "isStared": 0,
    "thumbnailURL": "https://www.makeapie.com/ecg-storage/ec_gallery_thumbnail/xryoVFXWkf.png?v=1510189362898",
    "isCustomThumbnail": 0,
    "builtinTags": [
        "category-work",
        "dataZoom",
        "grid",
        "legend",
        "markLine",
        "markPoint",
        "series-line",
        "title",
        "toolbox",
        "tooltip"
    ],
    "customTags": [],
    "updaterUserName": "王旭旭娇"
}