{
    "cid": "xrywWILg1G",
    "authorUid": "bd-1075817977",
    "authorUserName": "7***2",
    "title": "折线图",
    "description": "折线图",
    "latestVersion": 3,
    "alwaysLatest": 1,
    "createTime": "2017-11-08T10:01:35.000Z",
    "lastUpdateTime": "2017-11-08T10:01:35.000Z",
    "auth": 2,
    "uid": "bd-1075817977",
    "publishedVersion": 0,
    "forkFrom": "-",
    "isSpam": 0,
    "version": 3,
    "parentVersion": 2,
    "echartsVersion": "3.8.0",
    "versionCreateTime": "2017-11-10T07:51:58.000Z",
    "html": "",
    "externalScripts": "",
    "updaterUID": "bd-1075817977",
    "theme": "",
    "layout": "",
    "viewCount": 80,
    "userName": "7***2",
    "commentCount": 0,
    "starCount": 0,
    "isStared": 0,
    "thumbnailURL": "https://www.makeapie.com/ecg-storage/ec_gallery_thumbnail/xrywWILg1G.png?v=1510300318835",
    "isCustomThumbnail": 0,
    "builtinTags": [
        "category-work",
        "grid",
        "series-line",
        "toolbox",
        "tooltip"
    ],
    "customTags": [],
    "updaterUserName": "7***2"
}