{
    "cid": "xryxJBtmZyf",
    "authorUid": "bd-2221193845",
    "authorUserName": "lemon杁",
    "title": "未来一周气温变化",
    "description": "纯属虚构",
    "latestVersion": 2,
    "alwaysLatest": 1,
    "createTime": "2017-11-09T01:02:47.000Z",
    "lastUpdateTime": "2017-11-09T01:29:54.000Z",
    "auth": 2,
    "uid": "bd-2221193845",
    "publishedVersion": 0,
    "forkFrom": "-",
    "isSpam": 0,
    "version": 2,
    "parentVersion": 1,
    "echartsVersion": "3.8.0",
    "versionCreateTime": "2017-11-09T01:02:58.000Z",
    "html": "",
    "externalScripts": "",
    "updaterUID": "bd-2221193845",
    "theme": "macarons",
    "layout": "",
    "viewCount": 185,
    "userName": "lemon杁",
    "commentCount": 0,
    "starCount": 0,
    "isStared": 0,
    "thumbnailURL": "https://www.makeapie.com/ecg-storage/ec_gallery_thumbnail/xryxJBtmZyf.png?v=1510189378617",
    "isCustomThumbnail": 0,
    "builtinTags": [],
    "customTags": [],
    "updaterUserName": "lemon杁"
}