{
    "cid": "xS1YhVupRb",
    "authorUid": "bd-2966293723",
    "authorUserName": "嗯***璐",
    "title": "省份高亮+散点",
    "description": "regions不生效,使用map叠加",
    "latestVersion": 1,
    "alwaysLatest": 1,
    "createTime": "2017-11-06T05:35:45.000Z",
    "lastUpdateTime": "2017-11-06T05:35:45.000Z",
    "auth": 2,
    "uid": "bd-2966293723",
    "publishedVersion": 0,
    "forkFrom": "-",
    "isSpam": 0,
    "version": 1,
    "parentVersion": -1,
    "echartsVersion": "3.7.2",
    "versionCreateTime": "2017-11-06T05:35:45.000Z",
    "html": "",
    "externalScripts": "",
    "updaterUID": "bd-2966293723",
    "theme": "",
    "layout": "",
    "viewCount": 2107,
    "userName": "嗯***璐",
    "commentCount": 0,
    "starCount": 4,
    "isStared": 0,
    "thumbnailURL": "https://www.makeapie.com/ecg-storage/ec_gallery_thumbnail/xS1YhVupRb.png?v=1509946545659",
    "isCustomThumbnail": 0,
    "builtinTags": [
        "category-work",
        "geo",
        "series-effectScatter",
        "series-map",
        "tooltip",
        "visualMap"
    ],
    "customTags": [],
    "updaterUserName": "嗯***璐"
}