{
    "cid": "xSkUYQcA0Z",
    "authorUid": "bd-3892844455",
    "authorUserName": "张想鱼",
    "title": "Anscombe's quartet",
    "description": "a",
    "latestVersion": 1,
    "alwaysLatest": 1,
    "createTime": "2017-11-07T01:59:26.000Z",
    "lastUpdateTime": "2017-11-07T01:59:26.000Z",
    "auth": 2,
    "uid": "bd-3892844455",
    "publishedVersion": 0,
    "forkFrom": "-",
    "isSpam": 0,
    "version": 1,
    "parentVersion": -1,
    "echartsVersion": "3.7.2",
    "versionCreateTime": "2017-11-07T01:59:26.000Z",
    "html": "",
    "externalScripts": "",
    "updaterUID": "bd-3892844455",
    "theme": "default",
    "layout": "",
    "viewCount": 151,
    "userName": "张想鱼",
    "commentCount": 0,
    "starCount": 0,
    "isStared": 0,
    "thumbnailURL": "https://www.makeapie.com/ecg-storage/ec_gallery_thumbnail/xSkUYQcA0Z.png?v=1510019966195",
    "isCustomThumbnail": 0,
    "builtinTags": [
        "category-work",
        "grid",
        "markLine",
        "series-scatter",
        "title",
        "tooltip"
    ],
    "customTags": [],
    "updaterUserName": "张想鱼"
}