{
    "cid": "xSy39WIlyz",
    "authorUid": "bd-1258713433",
    "authorUserName": "c***1",
    "title": "柱状+折线",
    "description": "",
    "latestVersion": 1,
    "alwaysLatest": 1,
    "createTime": "2017-11-08T09:42:43.000Z",
    "lastUpdateTime": "2017-11-08T09:42:43.000Z",
    "auth": 2,
    "uid": "bd-1258713433",
    "publishedVersion": 0,
    "forkFrom": "-",
    "isSpam": 0,
    "version": 1,
    "parentVersion": -1,
    "echartsVersion": "3.8.0",
    "versionCreateTime": "2017-11-08T09:42:43.000Z",
    "html": "",
    "externalScripts": "",
    "updaterUID": "bd-1258713433",
    "theme": "",
    "layout": "",
    "viewCount": 48,
    "userName": "c***1",
    "commentCount": 0,
    "starCount": 0,
    "isStared": 0,
    "thumbnailURL": "https://www.makeapie.com/ecg-storage/ec_gallery_thumbnail/xSy39WIlyz.png?v=1510134163692",
    "isCustomThumbnail": 0,
    "builtinTags": [
        "category-work",
        "grid",
        "legend",
        "series-bar",
        "series-line",
        "toolbox",
        "tooltip"
    ],
    "customTags": [],
    "updaterUserName": "c***1"
}