{
    "cid": "xB1IWoFTVf",
    "authorUid": "bd-3138855056",
    "authorUserName": "哎呵呦喂呀嘿",
    "title": "柱状和单点图结合",
    "description": "",
    "latestVersion": 6,
    "alwaysLatest": 1,
    "createTime": "2018-01-18T02:48:29.000Z",
    "lastUpdateTime": "2018-01-18T02:48:29.000Z",
    "auth": 2,
    "uid": "bd-3138855056",
    "publishedVersion": 0,
    "forkFrom": "-",
    "isSpam": 0,
    "version": 6,
    "parentVersion": 5,
    "echartsVersion": "3.8.0",
    "versionCreateTime": "2018-01-19T09:42:33.000Z",
    "html": "",
    "externalScripts": "",
    "updaterUID": "bd-3138855056",
    "theme": "",
    "layout": "",
    "viewCount": 2337,
    "userName": "哎呵呦喂呀嘿",
    "commentCount": 0,
    "starCount": 4,
    "isStared": 0,
    "thumbnailURL": "https://www.makeapie.com/ecg-storage/ec_gallery_thumbnail/xB1IWoFTVf.png?v=1516354953222",
    "isCustomThumbnail": 0,
    "builtinTags": [
        "category-work",
        "dataZoom",
        "graphic",
        "grid",
        "series-bar",
        "series-scatter",
        "title",
        "tooltip"
    ],
    "customTags": [],
    "updaterUserName": "哎呵呦喂呀嘿"
}