{
    "cid": "xBy9SbSnNM",
    "authorUid": "bd-127895190",
    "authorUserName": "C***N",
    "title": "风速/风向模拟",
    "description": "风速风向表盘模拟",
    "latestVersion": 6,
    "alwaysLatest": 1,
    "createTime": "2018-01-17T03:21:38.000Z",
    "lastUpdateTime": "2018-01-17T10:19:49.000Z",
    "auth": 2,
    "uid": "bd-127895190",
    "publishedVersion": 0,
    "forkFrom": "-",
    "isSpam": 0,
    "version": 6,
    "parentVersion": 5,
    "echartsVersion": "3.8.0",
    "versionCreateTime": "2018-01-17T09:40:03.000Z",
    "html": "",
    "externalScripts": "",
    "updaterUID": "bd-2949397875",
    "theme": "default",
    "layout": "",
    "viewCount": 1621,
    "userName": "C***N",
    "commentCount": 0,
    "starCount": 9,
    "isStared": 0,
    "thumbnailURL": "https://www.makeapie.com/ecg-storage/ec_gallery_thumbnail/xBy9SbSnNM.png?v=1516182003245",
    "isCustomThumbnail": 0,
    "builtinTags": [
        "category-work",
        "series-gauge",
        "title",
        "tooltip"
    ],
    "customTags": [],
    "updaterUserName": "哈***了"
}