{
    "cid": "xH1CtySs4M",
    "authorUid": "bd-1245979803",
    "authorUserName": "d***t",
    "title": "学习calendar组件",
    "description": "",
    "latestVersion": 25,
    "alwaysLatest": 1,
    "createTime": "2018-01-16T09:01:58.000Z",
    "lastUpdateTime": "2021-12-19T03:17:26.000Z",
    "auth": 2,
    "uid": "bd-1245979803",
    "publishedVersion": 0,
    "forkFrom": "-",
    "isSpam": 0,
    "version": 25,
    "parentVersion": 24,
    "echartsVersion": "3.8.5",
    "versionCreateTime": "2021-12-19T03:17:26.000Z",
    "html": "",
    "externalScripts": "",
    "updaterUID": "bd-1245979803",
    "theme": "",
    "layout": "",
    "viewCount": 2418,
    "userName": "d***t",
    "commentCount": 0,
    "starCount": 4,
    "isStared": 0,
    "thumbnailURL": "https://www.makeapie.com/ecg-storage/ec_gallery_thumbnail/xH1CtySs4M.png?v=1639883846648",
    "isCustomThumbnail": 0,
    "builtinTags": [
        "calendar",
        "category-work",
        "series-effectScatter",
        "series-scatter"
    ],
    "customTags": [],
    "updaterUserName": "d***t"
}