{
    "cid": "xH1lqeBjEf",
    "authorUid": "bd-741667023",
    "authorUserName": "爱***月",
    "title": "带时间轴的雷达图",
    "description": "",
    "latestVersion": 4,
    "alwaysLatest": 1,
    "createTime": "2018-01-16T09:06:16.000Z",
    "lastUpdateTime": "2018-01-16T09:06:16.000Z",
    "auth": 1,
    "uid": "bd-741667023",
    "publishedVersion": 0,
    "forkFrom": "-",
    "isSpam": 0,
    "version": 4,
    "parentVersion": 3,
    "echartsVersion": "3.8.0",
    "versionCreateTime": "2019-08-23T09:53:30.000Z",
    "html": "",
    "externalScripts": "",
    "updaterUID": "bd-4075765429",
    "theme": "",
    "layout": "",
    "viewCount": 1745,
    "userName": "爱***月",
    "commentCount": 0,
    "starCount": 7,
    "isStared": 0,
    "thumbnailURL": "https://www.makeapie.com/ecg-storage/ec_gallery_thumbnail/xH1lqeBjEf.png?v=1566554010377",
    "isCustomThumbnail": 0,
    "builtinTags": [
        "category-work",
        "legend",
        "radar",
        "series-radar",
        "timeline",
        "title",
        "tooltip"
    ],
    "customTags": [],
    "updaterUserName": "159******70"
}