{
    "cid": "xH1StxOJSf",
    "authorUid": "bd-3917660257",
    "authorUserName": "乌班图6",
    "title": "0119",
    "description": "",
    "latestVersion": 2,
    "alwaysLatest": 1,
    "createTime": "2018-01-19T13:19:56.000Z",
    "lastUpdateTime": "2018-01-19T13:19:56.000Z",
    "auth": 2,
    "uid": "bd-3917660257",
    "publishedVersion": 0,
    "forkFrom": "-",
    "isSpam": 0,
    "version": 2,
    "parentVersion": 1,
    "echartsVersion": "3.8.0",
    "versionCreateTime": "2018-01-19T13:20:25.000Z",
    "html": "",
    "externalScripts": "http://echarts.baidu.com/resource/echarts-stat-latest/dist/ecStat.min.js",
    "updaterUID": "bd-3917660257",
    "theme": "",
    "layout": "",
    "viewCount": 22,
    "userName": "乌班图6",
    "commentCount": 0,
    "starCount": 0,
    "isStared": 0,
    "thumbnailURL": "https://www.makeapie.com/ecg-storage/ec_gallery_thumbnail/xH1StxOJSf.png?v=1516368025605",
    "isCustomThumbnail": 0,
    "builtinTags": [
        "category-work",
        "grid",
        "series-line",
        "title"
    ],
    "customTags": [],
    "updaterUserName": "乌班图6"
}