{
    "cid": "xHk1WJyyHM",
    "authorUid": "bd-1277122197",
    "authorUserName": "crissqiang",
    "title": "",
    "description": "",
    "latestVersion": 1,
    "alwaysLatest": 1,
    "createTime": "2018-01-19T02:59:02.000Z",
    "lastUpdateTime": "2018-01-19T02:59:02.000Z",
    "auth": 2,
    "uid": "bd-1277122197",
    "publishedVersion": 0,
    "forkFrom": "-",
    "isSpam": 0,
    "version": 1,
    "parentVersion": -1,
    "echartsVersion": "3.8.0",
    "versionCreateTime": "2018-01-19T02:59:02.000Z",
    "html": "",
    "externalScripts": "",
    "updaterUID": "bd-1277122197",
    "theme": "vintage",
    "layout": "",
    "viewCount": 57,
    "userName": "crissqiang",
    "commentCount": 0,
    "starCount": 0,
    "isStared": 0,
    "thumbnailURL": "https://www.makeapie.com/ecg-storage/ec_gallery_thumbnail/xHk1WJyyHM.png?v=1516330743025",
    "isCustomThumbnail": 0,
    "builtinTags": [
        "category-work",
        "grid",
        "legend",
        "series-bar",
        "tooltip"
    ],
    "customTags": [],
    "updaterUserName": "crissqiang"
}