{
    "cid": "xHk5Fqq34M",
    "authorUid": "bd-2949397875",
    "authorUserName": "哈***了",
    "title": "柱形图",
    "description": "去除x、y轴",
    "latestVersion": 1,
    "alwaysLatest": 1,
    "createTime": "2018-01-17T09:42:26.000Z",
    "lastUpdateTime": "2018-01-17T09:42:26.000Z",
    "auth": 2,
    "uid": "bd-2949397875",
    "publishedVersion": 0,
    "forkFrom": "-",
    "isSpam": 0,
    "version": 1,
    "parentVersion": -1,
    "echartsVersion": "3.8.0",
    "versionCreateTime": "2018-01-17T09:42:26.000Z",
    "html": "",
    "externalScripts": "",
    "updaterUID": "bd-2949397875",
    "theme": "",
    "layout": "",
    "viewCount": 148,
    "userName": "哈***了",
    "commentCount": 0,
    "starCount": 0,
    "isStared": 0,
    "thumbnailURL": "https://www.makeapie.com/ecg-storage/ec_gallery_thumbnail/xHk5Fqq34M.png?v=1516182146159",
    "isCustomThumbnail": 0,
    "builtinTags": [
        "category-work",
        "grid",
        "series-bar",
        "tooltip"
    ],
    "customTags": [],
    "updaterUserName": "哈***了"
}