{
    "cid": "xHk_oSVo4f",
    "authorUid": "bd-3225980129",
    "authorUserName": "漠皑薇薇",
    "title": "折线图",
    "description": "",
    "latestVersion": 1,
    "alwaysLatest": 1,
    "createTime": "2018-01-16T08:19:43.000Z",
    "lastUpdateTime": "2018-01-16T08:19:43.000Z",
    "auth": 2,
    "uid": "bd-3225980129",
    "publishedVersion": 0,
    "forkFrom": "-",
    "isSpam": 0,
    "version": 1,
    "parentVersion": -1,
    "echartsVersion": "3.8.0",
    "versionCreateTime": "2018-01-16T08:19:43.000Z",
    "html": "",
    "externalScripts": "",
    "updaterUID": "bd-3225980129",
    "theme": "dark",
    "layout": "",
    "viewCount": 33,
    "userName": "漠皑薇薇",
    "commentCount": 0,
    "starCount": 0,
    "isStared": 0,
    "thumbnailURL": "https://www.makeapie.com/ecg-storage/ec_gallery_thumbnail/xHk_oSVo4f.png?v=1516090784013",
    "isCustomThumbnail": 0,
    "builtinTags": [
        "category-work",
        "grid",
        "series-line",
        "title"
    ],
    "customTags": [],
    "updaterUserName": "漠皑薇薇"
}