{
    "cid": "xr1sxgOiNf",
    "authorUid": "bd-135062944",
    "authorUserName": "真心KK",
    "title": "Awesome Chart",
    "description": "test",
    "latestVersion": 1,
    "alwaysLatest": 1,
    "createTime": "2018-01-16T12:28:35.000Z",
    "lastUpdateTime": "2018-01-16T12:28:35.000Z",
    "auth": 2,
    "uid": "bd-135062944",
    "publishedVersion": 0,
    "forkFrom": "-",
    "isSpam": 0,
    "version": 1,
    "parentVersion": -1,
    "echartsVersion": "3.8.0",
    "versionCreateTime": "2018-01-16T12:28:35.000Z",
    "html": "",
    "externalScripts": "",
    "updaterUID": "bd-135062944",
    "theme": "",
    "layout": "",
    "viewCount": 9,
    "userName": "真心KK",
    "commentCount": 0,
    "starCount": 0,
    "isStared": 0,
    "thumbnailURL": "https://www.makeapie.com/ecg-storage/ec_gallery_thumbnail/xr1sxgOiNf.png?v=1516105715186",
    "isCustomThumbnail": 0,
    "builtinTags": [
        "category-work",
        "grid",
        "series-line",
        "title"
    ],
    "customTags": [],
    "updaterUserName": "真心KK"
}