{
    "cid": "xrJSaUkkrG",
    "authorUid": "bd-3859189680",
    "authorUserName": "b***8",
    "title": "测试 7 万条数据",
    "description": "",
    "latestVersion": 2,
    "alwaysLatest": 1,
    "createTime": "2018-01-19T03:32:12.000Z",
    "lastUpdateTime": "2018-01-19T03:32:12.000Z",
    "auth": 2,
    "uid": "bd-3859189680",
    "publishedVersion": 0,
    "forkFrom": "-",
    "isSpam": 0,
    "version": 2,
    "parentVersion": 1,
    "echartsVersion": "3.8.0",
    "versionCreateTime": "2018-01-19T06:23:08.000Z",
    "html": "",
    "externalScripts": "",
    "updaterUID": "bd-3859189680",
    "theme": "",
    "layout": "",
    "viewCount": 39,
    "userName": "b***8",
    "commentCount": 0,
    "starCount": 0,
    "isStared": 0,
    "thumbnailURL": "https://www.makeapie.com/ecg-storage/ec_gallery_thumbnail/xrJSaUkkrG.png?v=1516342988600",
    "isCustomThumbnail": 0,
    "builtinTags": [
        "category-work",
        "grid",
        "series-bar",
        "tooltip"
    ],
    "customTags": [],
    "updaterUserName": "b***8"
}