{
    "cid": "xrJZCfpTNf",
    "authorUid": "bd-4178728459",
    "authorUserName": "L***法",
    "title": "模拟鼠标效果的自动轮播多折线图",
    "description": "自动轮播的多折线图，模拟鼠标效果",
    "latestVersion": 1,
    "alwaysLatest": 1,
    "createTime": "2018-01-18T06:46:32.000Z",
    "lastUpdateTime": "2018-01-18T06:46:32.000Z",
    "auth": 2,
    "uid": "bd-4178728459",
    "publishedVersion": 0,
    "forkFrom": "-",
    "isSpam": 0,
    "version": 1,
    "parentVersion": -1,
    "echartsVersion": "3.8.0",
    "versionCreateTime": "2018-01-18T06:46:32.000Z",
    "html": "",
    "externalScripts": "",
    "updaterUID": "bd-4178728459",
    "theme": "",
    "layout": "",
    "viewCount": 313,
    "userName": "L***法",
    "commentCount": 0,
    "starCount": 2,
    "isStared": 0,
    "thumbnailURL": "https://www.makeapie.com/ecg-storage/ec_gallery_thumbnail/xrJZCfpTNf.png?v=1516257992981",
    "isCustomThumbnail": 0,
    "builtinTags": [
        "category-work",
        "grid",
        "legend",
        "series-line",
        "tooltip"
    ],
    "customTags": [],
    "updaterUserName": "L***法"
}