{
    "cid": "xS1P3_6aEz",
    "authorUid": "bd-2953819749",
    "authorUserName": "zx2600657",
    "title": "示值误差曲线",
    "description": "测试玩玩",
    "latestVersion": 4,
    "alwaysLatest": 1,
    "createTime": "2018-01-18T07:11:43.000Z",
    "lastUpdateTime": "2018-01-18T07:11:43.000Z",
    "auth": 2,
    "uid": "bd-2953819749",
    "publishedVersion": 0,
    "forkFrom": "-",
    "isSpam": 0,
    "version": 4,
    "parentVersion": 3,
    "echartsVersion": "3.8.0",
    "versionCreateTime": "2018-03-20T12:53:34.000Z",
    "html": "",
    "externalScripts": "",
    "updaterUID": "bd-2953819749",
    "theme": "",
    "layout": "",
    "viewCount": 59,
    "userName": "zx2600657",
    "commentCount": 0,
    "starCount": 0,
    "isStared": 0,
    "thumbnailURL": "https://www.makeapie.com/ecg-storage/ec_gallery_thumbnail/xS1P3_6aEz.png?v=1521550414673",
    "isCustomThumbnail": 0,
    "builtinTags": [
        "category-work",
        "grid",
        "legend",
        "markPoint",
        "series-line",
        "title",
        "toolbox",
        "tooltip"
    ],
    "customTags": [],
    "updaterUserName": "zx2600657"
}