{
    "cid": "xSkmPQCRVz",
    "authorUid": "bd-3944081279",
    "authorUserName": "跳***影",
    "title": "Awesome Chart",
    "description": "",
    "latestVersion": 1,
    "alwaysLatest": 1,
    "createTime": "2018-01-19T02:09:30.000Z",
    "lastUpdateTime": "2018-01-19T02:09:30.000Z",
    "auth": 1,
    "uid": "bd-3944081279",
    "publishedVersion": 0,
    "forkFrom": "-",
    "isSpam": 0,
    "version": 1,
    "parentVersion": -1,
    "echartsVersion": "3.8.0",
    "versionCreateTime": "2018-01-19T02:09:30.000Z",
    "html": "",
    "externalScripts": "",
    "updaterUID": "bd-3944081279",
    "theme": "macarons",
    "layout": "",
    "viewCount": 19,
    "userName": "跳***影",
    "commentCount": 0,
    "starCount": 0,
    "isStared": 0,
    "thumbnailURL": "https://www.makeapie.com/ecg-storage/ec_gallery_thumbnail/xSkmPQCRVz.png?v=1516327770778",
    "isCustomThumbnail": 0,
    "builtinTags": [
        "category-work",
        "grid",
        "series-line",
        "title"
    ],
    "customTags": [],
    "updaterUserName": "跳***影"
}