{
    "cid": "xSkyVRyJSz",
    "authorUid": "bd-3829671179",
    "authorUserName": "鈾涒嚁Lmarly鈾",
    "title": "在武汉买房子有多贵？",
    "description": "各城区房价（数据来源：https://www.numbeo.com）",
    "latestVersion": 1,
    "alwaysLatest": 1,
    "createTime": "2018-01-19T04:03:51.000Z",
    "lastUpdateTime": "2018-01-19T04:03:51.000Z",
    "auth": 2,
    "uid": "bd-3829671179",
    "publishedVersion": 0,
    "forkFrom": "-",
    "isSpam": 0,
    "version": 1,
    "parentVersion": -1,
    "echartsVersion": "3.8.0",
    "versionCreateTime": "2018-01-19T04:03:51.000Z",
    "html": "",
    "externalScripts": "",
    "updaterUID": "bd-3829671179",
    "theme": "",
    "layout": "",
    "viewCount": 364,
    "userName": "鈾涒嚁Lmarly鈾",
    "commentCount": 0,
    "starCount": 0,
    "isStared": 0,
    "thumbnailURL": "https://www.makeapie.com/ecg-storage/ec_gallery_thumbnail/xSkyVRyJSz.png?v=1516334631509",
    "isCustomThumbnail": 0,
    "builtinTags": [
        "category-work",
        "legend",
        "polar",
        "series-bar",
        "title",
        "toolbox",
        "tooltip"
    ],
    "customTags": [],
    "updaterUserName": "鈾涒嚁Lmarly鈾"
}