{
    "cid": "xSy7vyIi4M",
    "authorUid": "bd-2220533085",
    "authorUserName": "菟丝花开2016",
    "title": "请求数",
    "description": "",
    "latestVersion": 6,
    "alwaysLatest": 1,
    "createTime": "2018-01-16T10:09:31.000Z",
    "lastUpdateTime": "2018-01-16T10:09:31.000Z",
    "auth": 2,
    "uid": "bd-2220533085",
    "publishedVersion": 0,
    "forkFrom": "-",
    "isSpam": 0,
    "version": 6,
    "parentVersion": 5,
    "echartsVersion": "3.8.0",
    "versionCreateTime": "2018-01-26T07:30:32.000Z",
    "html": "",
    "externalScripts": "",
    "updaterUID": "bd-2220533085",
    "theme": "",
    "layout": "",
    "viewCount": 77,
    "userName": "菟丝花开2016",
    "commentCount": 0,
    "starCount": 1,
    "isStared": 0,
    "thumbnailURL": "https://www.makeapie.com/ecg-storage/ec_gallery_thumbnail/xSy7vyIi4M.png?v=1516951832548",
    "isCustomThumbnail": 0,
    "builtinTags": [
        "category-work",
        "grid",
        "legend",
        "series-line",
        "title",
        "toolbox",
        "tooltip"
    ],
    "customTags": [],
    "updaterUserName": "菟丝花开2016"
}