{
    "cid": "xSyEZjzi4M",
    "authorUid": "bd-4247879265",
    "authorUserName": "1qwwok",
    "title": "迷你图模板",
    "description": "通过配合html表的style属性完成全部迷你图制作",
    "latestVersion": 1,
    "alwaysLatest": 1,
    "createTime": "2018-01-16T06:26:03.000Z",
    "lastUpdateTime": "2018-01-16T06:26:03.000Z",
    "auth": 1,
    "uid": "bd-4247879265",
    "publishedVersion": 0,
    "forkFrom": "-",
    "isSpam": 0,
    "version": 1,
    "parentVersion": -1,
    "echartsVersion": "3.8.0",
    "versionCreateTime": "2018-01-16T06:26:03.000Z",
    "html": "",
    "externalScripts": "",
    "updaterUID": "bd-4247879265",
    "theme": "",
    "layout": "",
    "viewCount": 35,
    "userName": "1qwwok",
    "commentCount": 0,
    "starCount": 0,
    "isStared": 0,
    "thumbnailURL": "https://www.makeapie.com/ecg-storage/ec_gallery_thumbnail/xSyEZjzi4M.png?v=1516083963932",
    "isCustomThumbnail": 0,
    "builtinTags": [
        "category-work",
        "grid",
        "series-line",
        "tooltip"
    ],
    "customTags": [],
    "updaterUserName": "1qwwok"
}