{
    "cid": "xSyWeLy0NG",
    "authorUid": "bd-2939525108",
    "authorUserName": "x***鱼",
    "title": "图表标签",
    "description": "",
    "latestVersion": 2,
    "alwaysLatest": 1,
    "createTime": "2018-01-18T09:16:24.000Z",
    "lastUpdateTime": "2018-01-18T09:16:24.000Z",
    "auth": 2,
    "uid": "bd-2939525108",
    "publishedVersion": 0,
    "forkFrom": "-",
    "isSpam": 0,
    "version": 2,
    "parentVersion": 1,
    "echartsVersion": "3.8.0",
    "versionCreateTime": "2018-01-19T02:17:44.000Z",
    "html": "",
    "externalScripts": "",
    "updaterUID": "bd-2939525108",
    "theme": "",
    "layout": "",
    "viewCount": 528,
    "userName": "x***鱼",
    "commentCount": 0,
    "starCount": 4,
    "isStared": 0,
    "thumbnailURL": "https://www.makeapie.com/ecg-storage/ec_gallery_thumbnail/xSyWeLy0NG.png?v=1516328264599",
    "isCustomThumbnail": 0,
    "builtinTags": [
        "category-work",
        "grid",
        "series-bar",
        "series-pie"
    ],
    "customTags": [],
    "updaterUserName": "x***鱼"
}