{
    "cid": "x-wj7G2Jht",
    "authorUid": "bd-3624087820",
    "authorUserName": "h***l",
    "title": "Awesome Chart",
    "description": "",
    "latestVersion": 1,
    "alwaysLatest": 1,
    "createTime": "2019-01-29T02:14:40.000Z",
    "lastUpdateTime": "2019-01-29T02:14:40.000Z",
    "auth": 2,
    "uid": "bd-3624087820",
    "publishedVersion": 0,
    "forkFrom": "-",
    "isSpam": 0,
    "version": 1,
    "parentVersion": -1,
    "echartsVersion": "4.2.1",
    "versionCreateTime": "2019-01-29T02:14:40.000Z",
    "html": "",
    "externalScripts": "",
    "updaterUID": "bd-3624087820",
    "theme": "",
    "layout": "",
    "viewCount": 419,
    "userName": "h***l",
    "commentCount": 0,
    "starCount": 0,
    "isStared": 0,
    "thumbnailURL": "https://www.makeapie.com/ecg-storage/ec_gallery_thumbnail/x-wj7G2Jht.png?v=1548728080975",
    "isCustomThumbnail": 0,
    "builtinTags": [
        "category-work",
        "grid",
        "series-line",
        "title"
    ],
    "customTags": [],
    "updaterUserName": "h***l"
}