{
    "cid": "x6jlEG74XS",
    "authorUid": "bd-557028142",
    "authorUserName": "氧化生",
    "title": "Awesome Chart",
    "description": "my firstwork",
    "latestVersion": 1,
    "alwaysLatest": 1,
    "createTime": "2019-01-28T09:00:31.000Z",
    "lastUpdateTime": "2019-01-28T09:00:31.000Z",
    "auth": 1,
    "uid": "bd-557028142",
    "publishedVersion": 0,
    "forkFrom": "-",
    "isSpam": 0,
    "version": 1,
    "parentVersion": -1,
    "echartsVersion": "4.2.1",
    "versionCreateTime": "2019-01-28T09:00:31.000Z",
    "html": "",
    "externalScripts": "",
    "updaterUID": "bd-557028142",
    "theme": "",
    "layout": "",
    "viewCount": 49,
    "userName": "氧化生",
    "commentCount": 0,
    "starCount": 0,
    "isStared": 0,
    "thumbnailURL": "https://www.makeapie.com/ecg-storage/ec_gallery_thumbnail/x6jlEG74XS.png?v=1548666032072",
    "isCustomThumbnail": 0,
    "builtinTags": [
        "category-work",
        "grid",
        "series-line",
        "title"
    ],
    "customTags": [],
    "updaterUserName": "氧化生"
}