{
    "cid": "x8y7jIQPmI",
    "authorUid": "bd-2770721365",
    "authorUserName": "半***C",
    "title": "两端对齐",
    "description": "",
    "latestVersion": 1,
    "alwaysLatest": 1,
    "createTime": "2019-01-29T03:47:08.000Z",
    "lastUpdateTime": "2019-01-29T03:47:08.000Z",
    "auth": 2,
    "uid": "bd-2770721365",
    "publishedVersion": 0,
    "forkFrom": "-",
    "isSpam": 0,
    "version": 1,
    "parentVersion": -1,
    "echartsVersion": "4.2.1",
    "versionCreateTime": "2019-01-29T03:47:08.000Z",
    "html": "",
    "externalScripts": "",
    "updaterUID": "bd-2770721365",
    "theme": "",
    "layout": "",
    "viewCount": 129,
    "userName": "半***C",
    "commentCount": 0,
    "starCount": 1,
    "isStared": 0,
    "thumbnailURL": "https://www.makeapie.com/ecg-storage/ec_gallery_thumbnail/x8y7jIQPmI.png?v=1548733628546",
    "isCustomThumbnail": 0,
    "builtinTags": [
        "category-work",
        "grid",
        "legend",
        "series-bar",
        "tooltip"
    ],
    "customTags": [],
    "updaterUserName": "半***C"
}