{
    "cid": "xcYMtRXPbO",
    "authorUid": "bd-3843166809",
    "authorUserName": "s***1",
    "title": "平均合作学者数量",
    "description": "平均合作学者数量",
    "latestVersion": 8,
    "alwaysLatest": 1,
    "createTime": "2019-01-27T03:55:20.000Z",
    "lastUpdateTime": "2019-03-04T02:48:34.000Z",
    "auth": 2,
    "uid": "bd-3843166809",
    "publishedVersion": 0,
    "forkFrom": "-",
    "isSpam": 0,
    "version": 8,
    "parentVersion": 7,
    "echartsVersion": "4.2.1",
    "versionCreateTime": "2019-03-06T10:40:04.000Z",
    "html": "",
    "externalScripts": "",
    "updaterUID": "bd-3843166809",
    "theme": "default",
    "layout": "",
    "viewCount": 783,
    "userName": "s***1",
    "commentCount": 0,
    "starCount": 4,
    "isStared": 0,
    "thumbnailURL": "https://www.makeapie.com/ecg-storage/ec_gallery_thumbnail/xcYMtRXPbO.png?v=1551868804362",
    "isCustomThumbnail": 0,
    "builtinTags": [
        "category-work",
        "legend",
        "series-pie",
        "title",
        "toolbox",
        "tooltip"
    ],
    "customTags": [],
    "updaterUserName": "s***1"
}