{
    "cid": "xk92nabY21",
    "authorUid": "bd-439168063",
    "authorUserName": "煦sunny",
    "title": "Awesome Chart",
    "description": "",
    "latestVersion": 1,
    "alwaysLatest": 1,
    "createTime": "2019-01-29T06:13:37.000Z",
    "lastUpdateTime": "2019-01-29T06:13:37.000Z",
    "auth": 2,
    "uid": "bd-439168063",
    "publishedVersion": 0,
    "forkFrom": "-",
    "isSpam": 0,
    "version": 1,
    "parentVersion": -1,
    "echartsVersion": "4.2.1",
    "versionCreateTime": "2019-01-29T06:13:37.000Z",
    "html": "",
    "externalScripts": "",
    "updaterUID": "bd-439168063",
    "theme": "",
    "layout": "",
    "viewCount": 4,
    "userName": "煦sunny",
    "commentCount": 0,
    "starCount": 0,
    "isStared": 0,
    "thumbnailURL": "https://www.makeapie.com/ecg-storage/ec_gallery_thumbnail/xk92nabY21.png?v=1548742417793",
    "isCustomThumbnail": 0,
    "builtinTags": [
        "category-work",
        "grid",
        "series-line",
        "title"
    ],
    "customTags": [],
    "updaterUserName": "煦sunny"
}