{
    "cid": "xS8XLGJp_4",
    "authorUid": "bd-557028142",
    "authorUserName": "氧化生",
    "title": "Global incidence of CD",
    "description": "",
    "latestVersion": 1,
    "alwaysLatest": 1,
    "createTime": "2019-01-29T02:12:10.000Z",
    "lastUpdateTime": "2019-01-29T02:12:10.000Z",
    "auth": 2,
    "uid": "bd-557028142",
    "publishedVersion": 0,
    "forkFrom": "-",
    "isSpam": 0,
    "version": 1,
    "parentVersion": -1,
    "echartsVersion": "4.2.1",
    "versionCreateTime": "2019-01-29T02:12:10.000Z",
    "html": "",
    "externalScripts": "",
    "updaterUID": "bd-557028142",
    "theme": "",
    "layout": "",
    "viewCount": 122,
    "userName": "氧化生",
    "commentCount": 0,
    "starCount": 1,
    "isStared": 0,
    "thumbnailURL": "https://www.makeapie.com/ecg-storage/ec_gallery_thumbnail/xS8XLGJp_4.png?v=1548727930591",
    "isCustomThumbnail": 0,
    "builtinTags": [
        "category-work",
        "legend",
        "series-map",
        "title",
        "toolbox",
        "tooltip",
        "visualMap"
    ],
    "customTags": [],
    "updaterUserName": "氧化生"
}