{
    "cid": "xB1ei-86y7",
    "authorUid": "bd-122523099",
    "authorUserName": "维尼Search",
    "title": "折线阀值背景",
    "description": "",
    "latestVersion": 2,
    "alwaysLatest": 1,
    "createTime": "2018-05-31T10:42:31.000Z",
    "lastUpdateTime": "2018-05-31T10:42:31.000Z",
    "auth": 2,
    "uid": "bd-122523099",
    "publishedVersion": 0,
    "forkFrom": "-",
    "isSpam": 0,
    "version": 2,
    "parentVersion": 1,
    "echartsVersion": "4.1.0",
    "versionCreateTime": "2018-06-03T07:48:29.000Z",
    "html": "",
    "externalScripts": "",
    "updaterUID": "bd-122523099",
    "theme": "",
    "layout": "",
    "viewCount": 890,
    "userName": "维尼Search",
    "commentCount": 0,
    "starCount": 1,
    "isStared": 0,
    "thumbnailURL": "https://www.makeapie.com/ecg-storage/ec_gallery_thumbnail/xB1ei-86y7.png?v=1528012109850",
    "isCustomThumbnail": 0,
    "builtinTags": [
        "brush",
        "category-work",
        "grid",
        "series-heatmap",
        "series-line",
        "toolbox",
        "tooltip",
        "visualMap"
    ],
    "customTags": [],
    "updaterUserName": "维尼Search"
}