{
    "cid": "xB1FoAPzg7",
    "authorUid": "bd-3778831175",
    "authorUserName": "m***i",
    "title": "polygons textture",
    "description": "polygons custome  textture",
    "latestVersion": 4,
    "alwaysLatest": 1,
    "createTime": "2018-06-04T07:47:44.000Z",
    "lastUpdateTime": "2018-06-04T07:47:44.000Z",
    "auth": 2,
    "uid": "bd-3778831175",
    "publishedVersion": 0,
    "forkFrom": "-",
    "isSpam": 0,
    "version": 4,
    "parentVersion": 3,
    "echartsVersion": "4.2.0",
    "versionCreateTime": "2019-01-09T11:20:41.000Z",
    "html": "",
    "externalScripts": "https://api.tiles.mapbox.com/mapbox-gl-js/v0.45.0/mapbox-gl.css,https://api.tiles.mapbox.com/mapbox-gl-js/v0.43.0/mapbox-gl.js,http://echarts.baidu.com/resource/echarts-gl-latest/dist/echarts-gl.min.js,https://api.mapbox.com/mapbox-gl-js/plugins/mapbox-gl-language/v0.9.2/mapbox-gl-language.js,https://deyihu.github.io/src/lib/echarts-gl.1.1.3.js?tdsourcetag=s_pctim_aiomsg",
    "updaterUID": "bd-3778831175",
    "theme": "",
    "layout": "",
    "viewCount": 1356,
    "userName": "m***i",
    "commentCount": 0,
    "starCount": 5,
    "isStared": 0,
    "thumbnailURL": "https://www.makeapie.com/ecg-storage/ec_gallery_thumbnail/xB1FoAPzg7.png?v=1528098467665",
    "isCustomThumbnail": 1,
    "builtinTags": [
        "category-work",
        "mapbox3D",
        "series-map3D"
    ],
    "customTags": [],
    "updaterUserName": "m***i"
}