{
    "cid": "xByRoedTk7",
    "authorUid": "bd-1763802001",
    "authorUserName": "l***p",
    "title": "学位分布",
    "description": "进度条学位",
    "latestVersion": 4,
    "alwaysLatest": 1,
    "createTime": "2018-05-31T12:55:01.000Z",
    "lastUpdateTime": "2018-05-31T12:55:01.000Z",
    "auth": 1,
    "uid": "bd-1763802001",
    "publishedVersion": 0,
    "forkFrom": "-",
    "isSpam": 0,
    "version": 4,
    "parentVersion": 3,
    "echartsVersion": "4.1.0",
    "versionCreateTime": "2018-07-19T10:29:08.000Z",
    "html": "",
    "externalScripts": "",
    "updaterUID": "bd-4013392889",
    "theme": "",
    "layout": "",
    "viewCount": 428,
    "userName": "l***p",
    "commentCount": 0,
    "starCount": 1,
    "isStared": 0,
    "thumbnailURL": "https://www.makeapie.com/ecg-storage/ec_gallery_thumbnail/xByRoedTk7.png?v=1531996148196",
    "isCustomThumbnail": 0,
    "builtinTags": [
        "category-work",
        "grid",
        "series-bar",
        "tooltip"
    ],
    "customTags": [
        "bar"
    ],
    "updaterUserName": "吃***x"
}