{
    "cid": "xH1sYCTJem",
    "authorUid": "bd-900618179",
    "authorUserName": "御***r",
    "title": "渐变竖条",
    "description": "",
    "latestVersion": 1,
    "alwaysLatest": 1,
    "createTime": "2018-06-02T08:00:02.000Z",
    "lastUpdateTime": "2018-06-02T08:00:02.000Z",
    "auth": 2,
    "uid": "bd-900618179",
    "publishedVersion": 0,
    "forkFrom": "-",
    "isSpam": 0,
    "version": 1,
    "parentVersion": -1,
    "echartsVersion": "4.1.0",
    "versionCreateTime": "2018-06-02T08:00:02.000Z",
    "html": "",
    "externalScripts": "",
    "updaterUID": "bd-900618179",
    "theme": "dark",
    "layout": "",
    "viewCount": 11478,
    "userName": "御***r",
    "commentCount": 0,
    "starCount": 32,
    "isStared": 0,
    "thumbnailURL": "https://www.makeapie.com/ecg-storage/ec_gallery_thumbnail/xH1sYCTJem.png?v=1527926402938",
    "isCustomThumbnail": 0,
    "builtinTags": [
        "category-work",
        "grid",
        "series-bar",
        "series-line"
    ],
    "customTags": [],
    "updaterUserName": "御***r"
}