{
    "cid": "xHJNGkOaJQ",
    "authorUid": "bd-1763802001",
    "authorUserName": "l***p",
    "title": "饼图（进度）",
    "description": "饼图（进度）鼠标移动可缩动",
    "latestVersion": 1,
    "alwaysLatest": 1,
    "createTime": "2018-05-31T12:48:12.000Z",
    "lastUpdateTime": "2018-05-31T12:48:12.000Z",
    "auth": 1,
    "uid": "bd-1763802001",
    "publishedVersion": 0,
    "forkFrom": "-",
    "isSpam": 0,
    "version": 1,
    "parentVersion": -1,
    "echartsVersion": "4.1.0",
    "versionCreateTime": "2018-05-31T12:48:12.000Z",
    "html": "",
    "externalScripts": "",
    "updaterUID": "bd-1763802001",
    "theme": "",
    "layout": "",
    "viewCount": 440,
    "userName": "l***p",
    "commentCount": 0,
    "starCount": 1,
    "isStared": 0,
    "thumbnailURL": "https://www.makeapie.com/ecg-storage/ec_gallery_thumbnail/xHJNGkOaJQ.png?v=1527770892175",
    "isCustomThumbnail": 0,
    "builtinTags": [
        "category-work",
        "series-pie",
        "tooltip"
    ],
    "customTags": [
        "hoverAnimation"
    ],
    "updaterUserName": "l***p"
}