{
    "cid": "xHJzj8Nzx7",
    "authorUid": "bd-1766413141",
    "authorUserName": "後***楷",
    "title": "单个bar不同颜色,对应legend不同颜色",
    "description": "",
    "latestVersion": 1,
    "alwaysLatest": 1,
    "createTime": "2018-06-04T03:48:41.000Z",
    "lastUpdateTime": "2018-06-04T03:48:41.000Z",
    "auth": 2,
    "uid": "bd-1766413141",
    "publishedVersion": 0,
    "forkFrom": "-",
    "isSpam": 0,
    "version": 1,
    "parentVersion": -1,
    "echartsVersion": "4.1.0",
    "versionCreateTime": "2018-06-04T03:48:42.000Z",
    "html": "",
    "externalScripts": "",
    "updaterUID": "bd-1766413141",
    "theme": "",
    "layout": "",
    "viewCount": 10200,
    "userName": "後***楷",
    "commentCount": 1,
    "starCount": 12,
    "isStared": 0,
    "thumbnailURL": "https://www.makeapie.com/ecg-storage/ec_gallery_thumbnail/xHJzj8Nzx7.png?v=1528084122082",
    "isCustomThumbnail": 0,
    "builtinTags": [
        "category-work",
        "grid",
        "legend",
        "series-bar",
        "toolbox",
        "tooltip"
    ],
    "customTags": [],
    "updaterUserName": "後***楷"
}