{
    "cid": "xHk4uVKCkm",
    "authorUid": "bd-2855129307",
    "authorUserName": "w***i",
    "title": "横向堆叠柱状图",
    "description": "",
    "latestVersion": 3,
    "alwaysLatest": 1,
    "createTime": "2018-06-01T08:31:39.000Z",
    "lastUpdateTime": "2018-06-01T08:31:39.000Z",
    "auth": 2,
    "uid": "bd-2855129307",
    "publishedVersion": 0,
    "forkFrom": "-",
    "isSpam": 0,
    "version": 3,
    "parentVersion": 2,
    "echartsVersion": "4.1.0",
    "versionCreateTime": "2018-06-05T06:29:17.000Z",
    "html": "",
    "externalScripts": "",
    "updaterUID": "bd-2855129307",
    "theme": "",
    "layout": "",
    "viewCount": 2097,
    "userName": "w***i",
    "commentCount": 0,
    "starCount": 7,
    "isStared": 0,
    "thumbnailURL": "https://www.makeapie.com/ecg-storage/ec_gallery_thumbnail/xHk4uVKCkm.png?v=1528180157110",
    "isCustomThumbnail": 0,
    "builtinTags": [
        "category-work",
        "grid",
        "legend",
        "series-bar",
        "tooltip"
    ],
    "customTags": [],
    "updaterUserName": "w***i"
}