{
    "cid": "xHkV61ufgX",
    "authorUid": "bd-2855129307",
    "authorUserName": "w***i",
    "title": "节目收视率",
    "description": "",
    "latestVersion": 2,
    "alwaysLatest": 1,
    "createTime": "2018-06-04T07:52:27.000Z",
    "lastUpdateTime": "2018-06-04T07:52:27.000Z",
    "auth": 2,
    "uid": "bd-2855129307",
    "publishedVersion": 0,
    "forkFrom": "-",
    "isSpam": 0,
    "version": 2,
    "parentVersion": 1,
    "echartsVersion": "4.2.1",
    "versionCreateTime": "2019-04-25T02:35:18.000Z",
    "html": "",
    "externalScripts": "",
    "updaterUID": "bd-2855129307",
    "theme": "",
    "layout": "",
    "viewCount": 2240,
    "userName": "w***i",
    "commentCount": 0,
    "starCount": 17,
    "isStared": 0,
    "thumbnailURL": "https://www.makeapie.com/ecg-storage/ec_gallery_thumbnail/xHkV61ufgX.png?v=1556159718717",
    "isCustomThumbnail": 0,
    "builtinTags": [
        "category-work",
        "grid",
        "legend",
        "markArea",
        "markLine",
        "series-bar",
        "series-line",
        "title",
        "tooltip"
    ],
    "customTags": [],
    "updaterUserName": "w***i"
}