{
    "cid": "xrkYX2xhkQ",
    "authorUid": "bd-1606641265",
    "authorUserName": "你***1",
    "title": "不同线条颜色的lines3D",
    "description": "不同线条颜色的lines3D",
    "latestVersion": 3,
    "alwaysLatest": 1,
    "createTime": "2018-05-30T10:25:36.000Z",
    "lastUpdateTime": "2018-05-30T10:25:36.000Z",
    "auth": 2,
    "uid": "bd-1606641265",
    "publishedVersion": 0,
    "forkFrom": "-",
    "isSpam": 0,
    "version": 3,
    "parentVersion": 2,
    "echartsVersion": "4.4.0",
    "versionCreateTime": "2019-11-22T02:11:54.000Z",
    "html": "",
    "externalScripts": "http://echarts.baidu.com/resource/echarts-gl-latest/dist/echarts-gl.min.js",
    "updaterUID": "bd-1606641265",
    "theme": "",
    "layout": "",
    "viewCount": 3245,
    "userName": "你***1",
    "commentCount": 0,
    "starCount": 10,
    "isStared": 0,
    "thumbnailURL": "https://www.makeapie.com/ecg-storage/ec_gallery_thumbnail/xrkYX2xhkQ.png?v=1527675938851",
    "isCustomThumbnail": 1,
    "builtinTags": [
        "category-work",
        "globe",
        "series-lines3D",
        "timeline",
        "title",
        "visualMap"
    ],
    "customTags": [],
    "updaterUserName": "你***1"
}