{
    "cid": "xrySiaFC1m",
    "authorUid": "bd-2066513247",
    "authorUserName": "g***8",
    "title": "折线柱图",
    "description": "设置更好看的图形",
    "latestVersion": 2,
    "alwaysLatest": 1,
    "createTime": "2018-06-01T09:10:52.000Z",
    "lastUpdateTime": "2018-06-01T09:10:52.000Z",
    "auth": 2,
    "uid": "bd-2066513247",
    "publishedVersion": 0,
    "forkFrom": "-",
    "isSpam": 0,
    "version": 2,
    "parentVersion": 1,
    "echartsVersion": "4.1.0",
    "versionCreateTime": "2018-06-01T09:12:03.000Z",
    "html": "",
    "externalScripts": "",
    "updaterUID": "bd-2066513247",
    "theme": "",
    "layout": "",
    "viewCount": 49,
    "userName": "g***8",
    "commentCount": 0,
    "starCount": 1,
    "isStared": 0,
    "thumbnailURL": "https://www.makeapie.com/ecg-storage/ec_gallery_thumbnail/xrySiaFC1m.png?v=1527844323251",
    "isCustomThumbnail": 0,
    "builtinTags": [
        "category-work",
        "grid",
        "legend",
        "series-bar",
        "series-effectScatter",
        "series-line"
    ],
    "customTags": [],
    "updaterUserName": "g***8"
}