{
    "cid": "xS1WdIakgQ",
    "authorUid": "bd-258458457",
    "authorUserName": "破***火",
    "title": "年龄对比",
    "description": "简单的层叠柱状图示例",
    "latestVersion": 1,
    "alwaysLatest": 1,
    "createTime": "2018-06-02T07:25:29.000Z",
    "lastUpdateTime": "2018-06-02T07:25:29.000Z",
    "auth": 2,
    "uid": "bd-258458457",
    "publishedVersion": 0,
    "forkFrom": "-",
    "isSpam": 0,
    "version": 1,
    "parentVersion": -1,
    "echartsVersion": "4.1.0",
    "versionCreateTime": "2018-06-02T07:25:29.000Z",
    "html": "",
    "externalScripts": "",
    "updaterUID": "bd-258458457",
    "theme": "",
    "layout": "",
    "viewCount": 163,
    "userName": "破***火",
    "commentCount": 0,
    "starCount": 1,
    "isStared": 0,
    "thumbnailURL": "https://www.makeapie.com/ecg-storage/ec_gallery_thumbnail/xS1WdIakgQ.png?v=1527924329475",
    "isCustomThumbnail": 0,
    "builtinTags": [
        "category-work",
        "grid",
        "legend",
        "series-bar",
        "title",
        "toolbox",
        "tooltip"
    ],
    "customTags": [],
    "updaterUserName": "破***火"
}