{
    "cid": "xSkhITmfe7",
    "authorUid": "bd-1763802001",
    "authorUserName": "l***p",
    "title": "图表分类",
    "description": "",
    "latestVersion": 2,
    "alwaysLatest": 1,
    "createTime": "2018-06-04T03:09:07.000Z",
    "lastUpdateTime": "2021-07-07T03:51:00.000Z",
    "auth": 2,
    "uid": "bd-1763802001",
    "publishedVersion": 0,
    "forkFrom": "-",
    "isSpam": 0,
    "version": 2,
    "parentVersion": 1,
    "echartsVersion": "4.9.0",
    "versionCreateTime": "2021-07-07T03:51:00.000Z",
    "html": "",
    "externalScripts": "",
    "updaterUID": "bd-1763802001",
    "theme": "",
    "layout": "",
    "viewCount": 96,
    "userName": "l***p",
    "commentCount": 0,
    "starCount": 0,
    "isStared": 0,
    "thumbnailURL": "https://www.makeapie.com/ecg-storage/ec_gallery_thumbnail/xSkhITmfe7.png?v=1625629860407",
    "isCustomThumbnail": 0,
    "builtinTags": [
        "category-work",
        "legend",
        "series-pie",
        "title",
        "tooltip"
    ],
    "customTags": [],
    "updaterUserName": "l***p"
}