{
    "cid": "xSysemF1xX",
    "authorUid": "bd-1079297056",
    "authorUserName": "LitterBoy丶",
    "title": "SQL趋势分析",
    "description": "每日SQL访问数据库平均用时趋势",
    "latestVersion": 1,
    "alwaysLatest": 1,
    "createTime": "2018-06-02T02:37:39.000Z",
    "lastUpdateTime": "2018-06-02T02:37:39.000Z",
    "auth": 2,
    "uid": "bd-1079297056",
    "publishedVersion": 0,
    "forkFrom": "-",
    "isSpam": 0,
    "version": 1,
    "parentVersion": -1,
    "echartsVersion": "4.1.0",
    "versionCreateTime": "2018-06-02T02:37:39.000Z",
    "html": "",
    "externalScripts": "",
    "updaterUID": "bd-1079297056",
    "theme": "",
    "layout": "",
    "viewCount": 36,
    "userName": "LitterBoy丶",
    "commentCount": 0,
    "starCount": 0,
    "isStared": 0,
    "thumbnailURL": "https://www.makeapie.com/ecg-storage/ec_gallery_thumbnail/xSysemF1xX.png?v=1527907059161",
    "isCustomThumbnail": 0,
    "builtinTags": [
        "category-work",
        "grid",
        "legend",
        "series-line",
        "title",
        "tooltip"
    ],
    "customTags": [],
    "updaterUserName": "LitterBoy丶"
}