{
    "cid": "x96teutyQn",
    "authorUid": "obd-oPqKXOq2D6KohhDL_q9xVXr9ba2Bl9G",
    "authorUserName": "骻***气",
    "title": "11111111",
    "description": "",
    "latestVersion": 1,
    "alwaysLatest": 0,
    "createTime": "2021-10-26T09:17:40.000Z",
    "lastUpdateTime": "2021-10-26T09:17:40.000Z",
    "auth": 2,
    "uid": "obd-oPqKXOq2D6KohhDL_q9xVXr9ba2Bl9G",
    "publishedVersion": 0,
    "forkFrom": "-",
    "isSpam": 0,
    "version": 1,
    "parentVersion": -1,
    "echartsVersion": "5.2.1",
    "versionCreateTime": "2021-10-26T09:17:40.000Z",
    "html": "",
    "externalScripts": "",
    "updaterUID": "obd-oPqKXOq2D6KohhDL_q9xVXr9ba2Bl9G",
    "theme": "",
    "layout": "",
    "viewCount": 0,
    "userName": "骻***气",
    "commentCount": 0,
    "starCount": 0,
    "isStared": 0,
    "thumbnailURL": "https://www.makeapie.com/ecg-storage/ec_gallery_thumbnail/x96teutyQn.png?v=1635239860478",
    "isCustomThumbnail": 0,
    "builtinTags": [
        "category-work",
        "grid",
        "series-pictorialBar"
    ],
    "customTags": [],
    "updaterUserName": "骻***气"
}