{
    "cid": "xb36tUKk1A",
    "authorUid": "obd-otekrZuSZt8ceA74B914GnWbEZyav85",
    "authorUserName": "派***u",
    "title": "仪表盘",
    "description": "",
    "latestVersion": 1,
    "alwaysLatest": 1,
    "createTime": "2021-10-27T06:55:11.000Z",
    "lastUpdateTime": "2021-10-27T06:55:11.000Z",
    "auth": 2,
    "uid": "obd-otekrZuSZt8ceA74B914GnWbEZyav85",
    "publishedVersion": 0,
    "forkFrom": "-",
    "isSpam": 0,
    "version": 1,
    "parentVersion": -1,
    "echartsVersion": "5.2.1",
    "versionCreateTime": "2021-10-27T06:55:11.000Z",
    "html": "",
    "externalScripts": "",
    "updaterUID": "obd-otekrZuSZt8ceA74B914GnWbEZyav85",
    "theme": "",
    "layout": "",
    "viewCount": 0,
    "userName": "派***u",
    "commentCount": 0,
    "starCount": 2,
    "isStared": 0,
    "thumbnailURL": "https://www.makeapie.com/ecg-storage/ec_gallery_thumbnail/xb36tUKk1A.png?v=1635317711379",
    "isCustomThumbnail": 0,
    "builtinTags": [
        "category-work",
        "legend",
        "series-custom",
        "series-gauge",
        "series-pie",
        "title"
    ],
    "customTags": [],
    "updaterUserName": "派***u"
}