{
    "cid": "xb6kcurC8c",
    "authorUid": "obd-oEygZsDTLxuwmnak0OUEpb82X1KBU4e",
    "authorUserName": "谢***4",
    "title": "图例带图片",
    "description": "",
    "latestVersion": 2,
    "alwaysLatest": 0,
    "createTime": "2021-10-27T07:03:03.000Z",
    "lastUpdateTime": "2021-11-01T08:50:29.000Z",
    "auth": 1,
    "uid": "obd-oEygZsDTLxuwmnak0OUEpb82X1KBU4e",
    "publishedVersion": 0,
    "forkFrom": "-",
    "isSpam": 0,
    "version": 2,
    "parentVersion": 1,
    "echartsVersion": "5.2.1",
    "versionCreateTime": "2021-11-01T08:50:29.000Z",
    "html": "",
    "externalScripts": "",
    "updaterUID": "obd-oNx29S95SNSaA0L7NkI7_ggXQbTc3C8",
    "theme": "",
    "layout": "",
    "viewCount": 0,
    "userName": "谢***4",
    "commentCount": 0,
    "starCount": 3,
    "isStared": 0,
    "thumbnailURL": "https://www.makeapie.com/ecg-storage/ec_gallery_thumbnail/xb6kcurC8c.png?v=1635756629217",
    "isCustomThumbnail": 0,
    "builtinTags": [
        "category-work",
        "legend",
        "series-pie",
        "title"
    ],
    "customTags": [],
    "updaterUserName": "湖***科"
}