{
    "cid": "xfbQn2bzSd",
    "authorUid": "obd-oFgGMMlEFHgQcru67Hrbqa-bBhaCZ5n",
    "authorUserName": "丿***死",
    "title": "Echarts制作美国新冠疫情地图",
    "description": "数据截至5/29/21",
    "latestVersion": 3,
    "alwaysLatest": 0,
    "createTime": "2021-10-26T11:40:30.000Z",
    "lastUpdateTime": "2021-10-27T04:27:39.000Z",
    "auth": 2,
    "uid": "obd-oFgGMMlEFHgQcru67Hrbqa-bBhaCZ5n",
    "publishedVersion": 0,
    "forkFrom": "-",
    "isSpam": 0,
    "version": 3,
    "parentVersion": 2,
    "echartsVersion": "5.2.1",
    "versionCreateTime": "2021-10-27T04:27:39.000Z",
    "html": "",
    "externalScripts": "",
    "updaterUID": "obd-oFgGMMlEFHgQcru67Hrbqa-bBhaCZ5n",
    "theme": "",
    "layout": "",
    "viewCount": 0,
    "userName": "丿***死",
    "commentCount": 0,
    "starCount": 1,
    "isStared": 0,
    "thumbnailURL": "https://www.makeapie.com/ecg-storage/ec_gallery_thumbnail/xfbQn2bzSd.png?v=1635308860191",
    "isCustomThumbnail": 0,
    "builtinTags": [
        "category-work",
        "grid",
        "legend",
        "series-bar",
        "series-map",
        "series-pie",
        "title",
        "tooltip",
        "visualMap"
    ],
    "customTags": [],
    "updaterUserName": "丿***死"
}