{
    "cid": "xGbnAgOxHa",
    "authorUid": "obd-o2TypD0d4XGvAQAENa9nsUrooJk-oBO",
    "authorUserName": "深***0",
    "title": "仪表盘",
    "description": "修改渐变色，修改指针，修改外圈文字位置",
    "latestVersion": 2,
    "alwaysLatest": 0,
    "createTime": "2021-10-27T08:11:00.000Z",
    "lastUpdateTime": "2021-10-27T08:11:52.000Z",
    "auth": 1,
    "uid": "obd-o2TypD0d4XGvAQAENa9nsUrooJk-oBO",
    "publishedVersion": 0,
    "forkFrom": "-",
    "isSpam": 0,
    "version": 2,
    "parentVersion": 1,
    "echartsVersion": "5.1.2",
    "versionCreateTime": "2021-10-27T08:11:52.000Z",
    "html": "",
    "externalScripts": "",
    "updaterUID": "obd-o2TypD0d4XGvAQAENa9nsUrooJk-oBO",
    "theme": "",
    "layout": "",
    "viewCount": 0,
    "userName": "深***0",
    "commentCount": 0,
    "starCount": 0,
    "isStared": 0,
    "thumbnailURL": "https://www.makeapie.com/ecg-storage/ec_gallery_thumbnail/xGbnAgOxHa.png?v=1635322312529",
    "isCustomThumbnail": 0,
    "builtinTags": [
        "category-work",
        "markPoint",
        "polar",
        "series-bar",
        "series-gauge"
    ],
    "customTags": [],
    "updaterUserName": "深***0"
}