{
    "cid": "xgtl80y0U9",
    "authorUid": "obd-ojYRX5h8UdwWEmvESC9NuClPUY-qDEo",
    "authorUserName": "离***翼",
    "title": "柱状图加折线图",
    "description": "",
    "latestVersion": 1,
    "alwaysLatest": 0,
    "createTime": "2021-10-26T01:14:06.000Z",
    "lastUpdateTime": "2021-10-26T01:14:06.000Z",
    "auth": 2,
    "uid": "obd-ojYRX5h8UdwWEmvESC9NuClPUY-qDEo",
    "publishedVersion": 0,
    "forkFrom": "-",
    "isSpam": 0,
    "version": 1,
    "parentVersion": -1,
    "echartsVersion": "5.2.1",
    "versionCreateTime": "2021-10-26T01:14:06.000Z",
    "html": "",
    "externalScripts": "",
    "updaterUID": "obd-ojYRX5h8UdwWEmvESC9NuClPUY-qDEo",
    "theme": "",
    "layout": "",
    "viewCount": 0,
    "userName": "离***翼",
    "commentCount": 0,
    "starCount": 2,
    "isStared": 0,
    "thumbnailURL": "https://www.makeapie.com/ecg-storage/ec_gallery_thumbnail/xgtl80y0U9.png?v=1635210847045",
    "isCustomThumbnail": 0,
    "builtinTags": [
        "category-work",
        "grid",
        "legend",
        "series-bar",
        "series-line",
        "tooltip"
    ],
    "customTags": [],
    "updaterUserName": "离***翼"
}