{
    "cid": "xMwY2MeVye",
    "authorUid": "bd-2437013587",
    "authorUserName": "就***呵",
    "title": "SMS-29340",
    "description": "",
    "latestVersion": 1,
    "alwaysLatest": 0,
    "createTime": "2021-10-27T07:47:10.000Z",
    "lastUpdateTime": "2021-10-27T07:47:10.000Z",
    "auth": 1,
    "uid": "bd-2437013587",
    "publishedVersion": 0,
    "forkFrom": "-",
    "isSpam": 0,
    "version": 1,
    "parentVersion": -1,
    "echartsVersion": "5.2.1",
    "versionCreateTime": "2021-10-27T07:47:10.000Z",
    "html": "",
    "externalScripts": "",
    "updaterUID": "bd-2437013587",
    "theme": "",
    "layout": "",
    "viewCount": 0,
    "userName": "就***呵",
    "commentCount": 0,
    "starCount": 0,
    "isStared": 0,
    "thumbnailURL": "https://www.makeapie.com/ecg-storage/ec_gallery_thumbnail/xMwY2MeVye.png?v=1635320831027",
    "isCustomThumbnail": 0,
    "builtinTags": [
        "category-work",
        "grid",
        "legend",
        "series-line",
        "title",
        "tooltip"
    ],
    "customTags": [],
    "updaterUserName": "就***呵"
}