{
    "cid": "xSFHJzu87x",
    "authorUid": "bd-4264242335",
    "authorUserName": "d***4",
    "title": "地图特效修改",
    "description": "",
    "latestVersion": 4,
    "alwaysLatest": 0,
    "createTime": "2021-10-26T11:23:08.000Z",
    "lastUpdateTime": "2021-10-28T01:42:33.000Z",
    "auth": 2,
    "uid": "bd-4264242335",
    "publishedVersion": 0,
    "forkFrom": "-",
    "isSpam": 0,
    "version": 4,
    "parentVersion": 3,
    "echartsVersion": "4.9.0",
    "versionCreateTime": "2021-10-28T01:42:34.000Z",
    "html": "",
    "externalScripts": "",
    "updaterUID": "bd-4264242335",
    "theme": "",
    "layout": "",
    "viewCount": 0,
    "userName": "d***4",
    "commentCount": 0,
    "starCount": 1,
    "isStared": 0,
    "thumbnailURL": "https://www.makeapie.com/ecg-storage/ec_gallery_thumbnail/xSFHJzu87x.png?v=1635385355126",
    "isCustomThumbnail": 0,
    "builtinTags": [
        "category-work",
        "geo",
        "legend",
        "series-effectScatter",
        "series-lines",
        "series-scatter",
        "title",
        "tooltip",
        "visualMap"
    ],
    "customTags": [],
    "updaterUserName": "d***4"
}