{
    "cid": "xtLRFBZ3Ce",
    "authorUid": "obd-olkpp4BeEEzeUnDBghlOlkzU-0rck0O",
    "authorUserName": "y***y",
    "title": "line",
    "description": "",
    "latestVersion": 1,
    "alwaysLatest": 0,
    "createTime": "2021-10-26T09:48:12.000Z",
    "lastUpdateTime": "2021-10-26T09:48:12.000Z",
    "auth": 2,
    "uid": "obd-olkpp4BeEEzeUnDBghlOlkzU-0rck0O",
    "publishedVersion": 0,
    "forkFrom": "-",
    "isSpam": 0,
    "version": 1,
    "parentVersion": -1,
    "echartsVersion": "5.2.1",
    "versionCreateTime": "2021-10-26T09:48:12.000Z",
    "html": "",
    "externalScripts": "",
    "updaterUID": "obd-olkpp4BeEEzeUnDBghlOlkzU-0rck0O",
    "theme": "",
    "layout": "",
    "viewCount": 0,
    "userName": "y***y",
    "commentCount": 0,
    "starCount": 1,
    "isStared": 0,
    "thumbnailURL": "https://www.makeapie.com/ecg-storage/ec_gallery_thumbnail/xtLRFBZ3Ce.png?v=1635241692346",
    "isCustomThumbnail": 0,
    "builtinTags": [
        "category-work",
        "grid",
        "legend",
        "series-line",
        "tooltip"
    ],
    "customTags": [],
    "updaterUserName": "y***y"
}