{
    "cid": "xwSABb7mO8",
    "authorUid": "obd-ojYRX5h8UdwWEmvESC9NuClPUY-qDEo",
    "authorUserName": "离***翼",
    "title": "折线图",
    "description": "",
    "latestVersion": 1,
    "alwaysLatest": 0,
    "createTime": "2021-10-26T01:11:29.000Z",
    "lastUpdateTime": "2021-10-26T01:11:29.000Z",
    "auth": 2,
    "uid": "obd-ojYRX5h8UdwWEmvESC9NuClPUY-qDEo",
    "publishedVersion": 0,
    "forkFrom": "-",
    "isSpam": 0,
    "version": 1,
    "parentVersion": -1,
    "echartsVersion": "5.1.2",
    "versionCreateTime": "2021-10-26T01:11:29.000Z",
    "html": "",
    "externalScripts": "",
    "updaterUID": "obd-ojYRX5h8UdwWEmvESC9NuClPUY-qDEo",
    "theme": "dark",
    "layout": "",
    "viewCount": 0,
    "userName": "离***翼",
    "commentCount": 0,
    "starCount": 0,
    "isStared": 0,
    "thumbnailURL": "https://www.makeapie.com/ecg-storage/ec_gallery_thumbnail/xwSABb7mO8.png?v=1635210689662",
    "isCustomThumbnail": 0,
    "builtinTags": [
        "category-work",
        "grid",
        "legend",
        "series-line"
    ],
    "customTags": [],
    "updaterUserName": "离***翼"
}