{
    "cid": "xwVrN2R3I9",
    "authorUid": "obd-o2TLuyFj1eWRan2xZfwbrlyW3fHvT6j",
    "authorUserName": "w***3",
    "title": "双Y轴柱形图",
    "description": "",
    "latestVersion": 3,
    "alwaysLatest": 0,
    "createTime": "2021-10-26T13:41:10.000Z",
    "lastUpdateTime": "2021-10-26T13:48:52.000Z",
    "auth": 2,
    "uid": "obd-o2TLuyFj1eWRan2xZfwbrlyW3fHvT6j",
    "publishedVersion": 0,
    "forkFrom": "-",
    "isSpam": 0,
    "version": 3,
    "parentVersion": 2,
    "echartsVersion": "5.2.1",
    "versionCreateTime": "2021-10-26T13:48:52.000Z",
    "html": "",
    "externalScripts": "",
    "updaterUID": "obd-o2TLuyFj1eWRan2xZfwbrlyW3fHvT6j",
    "theme": "",
    "layout": "",
    "viewCount": 0,
    "userName": "w***3",
    "commentCount": 0,
    "starCount": 0,
    "isStared": 0,
    "thumbnailURL": "https://www.makeapie.com/ecg-storage/ec_gallery_thumbnail/xwVrN2R3I9.png?v=1635256132645",
    "isCustomThumbnail": 0,
    "builtinTags": [
        "category-work",
        "grid",
        "series-bar",
        "title"
    ],
    "customTags": [],
    "updaterUserName": "w***3"
}