{
    "cid": "xx252DAEnj",
    "authorUid": "obd-o2TLuyFj1eWRan2xZfwbrlyW3fHvT6j",
    "authorUserName": "w***3",
    "title": "温度曲线图",
    "description": "",
    "latestVersion": 7,
    "alwaysLatest": 0,
    "createTime": "2021-10-26T13:13:58.000Z",
    "lastUpdateTime": "2021-10-26T13:28:51.000Z",
    "auth": 2,
    "uid": "obd-o2TLuyFj1eWRan2xZfwbrlyW3fHvT6j",
    "publishedVersion": 0,
    "forkFrom": "-",
    "isSpam": 0,
    "version": 7,
    "parentVersion": 6,
    "echartsVersion": "5.2.1",
    "versionCreateTime": "2021-10-26T13:28:51.000Z",
    "html": "",
    "externalScripts": "",
    "updaterUID": "obd-o2TLuyFj1eWRan2xZfwbrlyW3fHvT6j",
    "theme": "",
    "layout": "",
    "viewCount": 0,
    "userName": "w***3",
    "commentCount": 0,
    "starCount": 0,
    "isStared": 0,
    "thumbnailURL": "https://www.makeapie.com/ecg-storage/ec_gallery_thumbnail/xx252DAEnj.png?v=1635254931385",
    "isCustomThumbnail": 0,
    "builtinTags": [
        "category-work",
        "grid",
        "series-bar",
        "title"
    ],
    "customTags": [],
    "updaterUserName": "w***3"
}