{
    "cid": "xx4zj__lgQ",
    "authorUid": "bd-925573494",
    "authorUserName": "群***乐",
    "title": "底图边界高亮、重影加厚",
    "description": "底图边界高亮、重影加厚",
    "latestVersion": 1,
    "alwaysLatest": 0,
    "createTime": "2021-10-26T08:30:30.000Z",
    "lastUpdateTime": "2021-10-26T08:30:30.000Z",
    "auth": 2,
    "uid": "bd-925573494",
    "publishedVersion": 0,
    "forkFrom": "-",
    "isSpam": 0,
    "version": 1,
    "parentVersion": -1,
    "echartsVersion": "4.8.0",
    "versionCreateTime": "2021-10-26T08:30:30.000Z",
    "html": "",
    "externalScripts": "",
    "updaterUID": "bd-925573494",
    "theme": "",
    "layout": "",
    "viewCount": 0,
    "userName": "群***乐",
    "commentCount": 0,
    "starCount": 2,
    "isStared": 0,
    "thumbnailURL": "https://www.makeapie.com/ecg-storage/ec_gallery_thumbnail/xx4zj__lgQ.png?v=1635237030615",
    "isCustomThumbnail": 0,
    "builtinTags": [
        "category-work",
        "geo",
        "series-map"
    ],
    "customTags": [],
    "updaterUserName": "群***乐"
}