{
    "cid": "xBJjg0nZT-",
    "authorUid": "bd-1651537801",
    "authorUserName": "186*****025",
    "title": "各年龄阶段预约量占比",
    "description": "",
    "latestVersion": 3,
    "alwaysLatest": 1,
    "createTime": "2017-10-16T05:04:50.000Z",
    "lastUpdateTime": "2017-10-16T05:04:50.000Z",
    "auth": 2,
    "uid": "bd-1651537801",
    "publishedVersion": 0,
    "forkFrom": "-",
    "isSpam": 0,
    "version": 3,
    "parentVersion": 2,
    "echartsVersion": "3.7.2",
    "versionCreateTime": "2017-10-16T05:20:08.000Z",
    "html": "",
    "externalScripts": "",
    "updaterUID": "bd-1651537801",
    "theme": "macarons",
    "layout": "",
    "viewCount": 651,
    "userName": "186*****025",
    "commentCount": 0,
    "starCount": 1,
    "isStared": 0,
    "thumbnailURL": "https://www.makeapie.com/ecg-storage/ec_gallery_thumbnail/xBJjg0nZT-.png?v=1508131208842",
    "isCustomThumbnail": 0,
    "builtinTags": [
        "category-work",
        "grid",
        "series-line",
        "title"
    ],
    "customTags": [],
    "updaterUserName": "186*****025"
}