{
    "cid": "xBkiMJ-0hZ",
    "authorUid": "bd-1346536418",
    "authorUserName": "岚之秋",
    "title": "国内楼宇分布图",
    "description": "@author亮",
    "latestVersion": 3,
    "alwaysLatest": 1,
    "createTime": "2017-10-13T08:53:39.000Z",
    "lastUpdateTime": "2017-10-13T08:53:39.000Z",
    "auth": 2,
    "uid": "bd-1346536418",
    "publishedVersion": 0,
    "forkFrom": "-",
    "isSpam": 0,
    "version": 3,
    "parentVersion": 2,
    "echartsVersion": "3.7.2",
    "versionCreateTime": "2017-10-17T03:10:48.000Z",
    "html": "",
    "externalScripts": "/dep/echarts/map/js/china.js",
    "updaterUID": "bd-1346536418",
    "theme": "default",
    "layout": "",
    "viewCount": 1649,
    "userName": "岚之秋",
    "commentCount": 0,
    "starCount": 11,
    "isStared": 0,
    "thumbnailURL": "https://www.makeapie.com/ecg-storage/ec_gallery_thumbnail/xBkiMJ-0hZ.png?v=1507884819726",
    "isCustomThumbnail": 1,
    "builtinTags": [
        "category-work",
        "geo",
        "series-effectScatter",
        "tooltip"
    ],
    "customTags": [],
    "updaterUserName": "岚之秋"
}