{
    "cid": "xBkrhYkA2W",
    "authorUid": "bd-121255110",
    "authorUserName": "登封张彪",
    "title": "first_rty",
    "description": "",
    "latestVersion": 2,
    "alwaysLatest": 1,
    "createTime": "2017-10-13T07:22:21.000Z",
    "lastUpdateTime": "2017-10-13T07:22:21.000Z",
    "auth": 2,
    "uid": "bd-121255110",
    "publishedVersion": 0,
    "forkFrom": "-",
    "isSpam": 0,
    "version": 2,
    "parentVersion": 1,
    "echartsVersion": "3.7.2",
    "versionCreateTime": "2017-10-13T08:44:17.000Z",
    "html": "",
    "externalScripts": "http://echarts.baidu.com/resource/echarts-gl-latest/dist/echarts-gl.min.js,/dep/echarts/map/js/world.js",
    "updaterUID": "bd-121255110",
    "theme": "",
    "layout": "",
    "viewCount": 178,
    "userName": "登封张彪",
    "commentCount": 0,
    "starCount": 0,
    "isStared": 0,
    "thumbnailURL": "https://www.makeapie.com/ecg-storage/ec_gallery_thumbnail/xBkrhYkA2W.png?v=1507884257354",
    "isCustomThumbnail": 0,
    "builtinTags": [
        "category-work",
        "series-map3D",
        "visualMap"
    ],
    "customTags": [],
    "updaterUserName": "登封张彪"
}