{
    "cid": "xBkU9xQ16b",
    "authorUid": "bd-2197905121",
    "authorUserName": "屋檐夏天",
    "title": "漏斗图",
    "description": "",
    "latestVersion": 1,
    "alwaysLatest": 1,
    "createTime": "2017-10-14T05:28:46.000Z",
    "lastUpdateTime": "2017-10-14T05:28:46.000Z",
    "auth": 2,
    "uid": "bd-2197905121",
    "publishedVersion": 0,
    "forkFrom": "-",
    "isSpam": 0,
    "version": 1,
    "parentVersion": -1,
    "echartsVersion": "3.7.2",
    "versionCreateTime": "2017-10-14T05:28:46.000Z",
    "html": "",
    "externalScripts": "",
    "updaterUID": "bd-2197905121",
    "theme": "",
    "layout": "",
    "viewCount": 4297,
    "userName": "屋檐夏天",
    "commentCount": 0,
    "starCount": 14,
    "isStared": 0,
    "thumbnailURL": "https://www.makeapie.com/ecg-storage/ec_gallery_thumbnail/xBkU9xQ16b.png?v=1507958926549",
    "isCustomThumbnail": 0,
    "builtinTags": [
        "category-work",
        "legend",
        "series-funnel",
        "tooltip"
    ],
    "customTags": [],
    "updaterUserName": "屋檐夏天"
}