{
    "cid": "xBy65Bibpb",
    "authorUid": "bd-269251251",
    "authorUserName": "李嘉璐84",
    "title": "创业项目分布地图2",
    "description": "",
    "latestVersion": 1,
    "alwaysLatest": 1,
    "createTime": "2017-10-16T03:20:53.000Z",
    "lastUpdateTime": "2017-10-16T03:20:53.000Z",
    "auth": 2,
    "uid": "bd-269251251",
    "publishedVersion": 0,
    "forkFrom": "-",
    "isSpam": 0,
    "version": 1,
    "parentVersion": -1,
    "echartsVersion": "3.7.2",
    "versionCreateTime": "2017-10-16T03:20:53.000Z",
    "html": "",
    "externalScripts": "/dep/echarts/map/js/china.js",
    "updaterUID": "bd-269251251",
    "theme": "",
    "layout": "",
    "viewCount": 1988,
    "userName": "李嘉璐84",
    "commentCount": 0,
    "starCount": 7,
    "isStared": 0,
    "thumbnailURL": "https://www.makeapie.com/ecg-storage/ec_gallery_thumbnail/xBy65Bibpb.png?v=1508124053623",
    "isCustomThumbnail": 0,
    "builtinTags": [
        "category-work",
        "geo",
        "legend",
        "series-effectScatter",
        "series-scatter",
        "title",
        "tooltip"
    ],
    "customTags": [],
    "updaterUserName": "李嘉璐84"
}