{
    "cid": "xHJCt_AahW",
    "authorUid": "bd-3055493918",
    "authorUserName": "Grinder唛猫",
    "title": "折现图",
    "description": "",
    "latestVersion": 3,
    "alwaysLatest": 1,
    "createTime": "2017-10-13T06:09:10.000Z",
    "lastUpdateTime": "2017-10-13T06:09:10.000Z",
    "auth": 2,
    "uid": "bd-3055493918",
    "publishedVersion": 0,
    "forkFrom": "-",
    "isSpam": 0,
    "version": 3,
    "parentVersion": 2,
    "echartsVersion": "3.7.2",
    "versionCreateTime": "2017-10-13T06:09:47.000Z",
    "html": "",
    "externalScripts": "",
    "updaterUID": "bd-3055493918",
    "theme": "",
    "layout": "",
    "viewCount": 115,
    "userName": "Grinder唛猫",
    "commentCount": 0,
    "starCount": 0,
    "isStared": 0,
    "thumbnailURL": "https://www.makeapie.com/ecg-storage/ec_gallery_thumbnail/xHJCt_AahW.png?v=1507874987368",
    "isCustomThumbnail": 0,
    "builtinTags": [
        "category-work",
        "grid",
        "series-line",
        "tooltip"
    ],
    "customTags": [],
    "updaterUserName": "Grinder唛猫"
}