{
    "cid": "xHkqz0kR2Z",
    "authorUid": "bd-1109600436",
    "authorUserName": "风***子",
    "title": "时钟",
    "description": "纯属乐趣",
    "latestVersion": 1,
    "alwaysLatest": 1,
    "createTime": "2017-10-13T07:41:06.000Z",
    "lastUpdateTime": "2017-10-13T07:41:06.000Z",
    "auth": 1,
    "uid": "bd-1109600436",
    "publishedVersion": 0,
    "forkFrom": "-",
    "isSpam": 0,
    "version": 1,
    "parentVersion": -1,
    "echartsVersion": "3.7.2",
    "versionCreateTime": "2017-10-13T07:41:06.000Z",
    "html": "",
    "externalScripts": "",
    "updaterUID": "bd-1109600436",
    "theme": "",
    "layout": "",
    "viewCount": 508,
    "userName": "风***子",
    "commentCount": 0,
    "starCount": 4,
    "isStared": 0,
    "thumbnailURL": "https://www.makeapie.com/ecg-storage/ec_gallery_thumbnail/xHkqz0kR2Z.png?v=1507880466324",
    "isCustomThumbnail": 1,
    "builtinTags": [
        "category-work",
        "legend",
        "series-pie",
        "title"
    ],
    "customTags": [
        "pie",
        "时钟",
        "饼状图"
    ],
    "updaterUserName": "风***子"
}