{
    "cid": "xr1aLoeMab",
    "authorUid": "bd-2724980533",
    "authorUserName": "l***9",
    "title": "安居客中原占",
    "description": "",
    "latestVersion": 1,
    "alwaysLatest": 1,
    "createTime": "2017-10-16T09:26:44.000Z",
    "lastUpdateTime": "2017-10-16T09:26:44.000Z",
    "auth": 2,
    "uid": "bd-2724980533",
    "publishedVersion": 0,
    "forkFrom": "-",
    "isSpam": 0,
    "version": 1,
    "parentVersion": -1,
    "echartsVersion": "3.7.2",
    "versionCreateTime": "2017-10-16T09:26:44.000Z",
    "html": "",
    "externalScripts": "",
    "updaterUID": "bd-2724980533",
    "theme": "",
    "layout": "",
    "viewCount": 371,
    "userName": "l***9",
    "commentCount": 0,
    "starCount": 1,
    "isStared": 0,
    "thumbnailURL": "https://www.makeapie.com/ecg-storage/ec_gallery_thumbnail/xr1aLoeMab.png?v=1508146004956",
    "isCustomThumbnail": 0,
    "builtinTags": [
        "category-work",
        "grid",
        "series-pie",
        "title",
        "toolbox",
        "tooltip"
    ],
    "customTags": [],
    "updaterUserName": "l***9"
}