{
    "cid": "xr1MVasThb",
    "authorUid": "bd-4196992462",
    "authorUserName": "s***8",
    "title": "全国主要城市空气质量",
    "description": "data from PM25.in",
    "latestVersion": 1,
    "alwaysLatest": 1,
    "createTime": "2017-10-13T03:04:10.000Z",
    "lastUpdateTime": "2017-10-13T03:04:10.000Z",
    "auth": 2,
    "uid": "bd-4196992462",
    "publishedVersion": 0,
    "forkFrom": "-",
    "isSpam": 0,
    "version": 1,
    "parentVersion": -1,
    "echartsVersion": "3.7.2",
    "versionCreateTime": "2017-10-13T03:04:10.000Z",
    "html": "",
    "externalScripts": "/dep/echarts/map/js/china.js",
    "updaterUID": "bd-4196992462",
    "theme": "",
    "layout": "",
    "viewCount": 666,
    "userName": "s***8",
    "commentCount": 0,
    "starCount": 2,
    "isStared": 0,
    "thumbnailURL": "https://www.makeapie.com/ecg-storage/ec_gallery_thumbnail/xr1MVasThb.png?v=1507863850209",
    "isCustomThumbnail": 0,
    "builtinTags": [
        "category-work",
        "geo",
        "legend",
        "series-scatter",
        "title",
        "tooltip",
        "visualMap"
    ],
    "customTags": [],
    "updaterUserName": "s***8"
}