{
    "cid": "xr1qN-kA2W",
    "authorUid": "bd-3561379785",
    "authorUserName": "90摩羯小妹妹",
    "title": "含置灰部分的条形图",
    "description": "",
    "latestVersion": 2,
    "alwaysLatest": 1,
    "createTime": "2017-10-13T06:46:10.000Z",
    "lastUpdateTime": "2017-10-13T06:46:10.000Z",
    "auth": 2,
    "uid": "bd-3561379785",
    "publishedVersion": 0,
    "forkFrom": "-",
    "isSpam": 0,
    "version": 2,
    "parentVersion": 1,
    "echartsVersion": "3.7.2",
    "versionCreateTime": "2017-10-13T06:46:20.000Z",
    "html": "",
    "externalScripts": "",
    "updaterUID": "bd-3561379785",
    "theme": "",
    "layout": "",
    "viewCount": 245,
    "userName": "90摩羯小妹妹",
    "commentCount": 0,
    "starCount": 0,
    "isStared": 0,
    "thumbnailURL": "https://www.makeapie.com/ecg-storage/ec_gallery_thumbnail/xr1qN-kA2W.png?v=1507877180360",
    "isCustomThumbnail": 0,
    "builtinTags": [
        "category-work",
        "grid",
        "series-bar"
    ],
    "customTags": [],
    "updaterUserName": "90摩羯小妹妹"
}