{
    "cid": "xr1xE8JRnZ",
    "authorUid": "bd-1245979803",
    "authorUserName": "d***t",
    "title": "太阳系行星",
    "description": "",
    "latestVersion": 3,
    "alwaysLatest": 1,
    "createTime": "2017-10-13T07:07:19.000Z",
    "lastUpdateTime": "2017-10-13T07:07:19.000Z",
    "auth": 2,
    "uid": "bd-1245979803",
    "publishedVersion": 0,
    "forkFrom": "-",
    "isSpam": 0,
    "version": 3,
    "parentVersion": 2,
    "echartsVersion": "3.8.0",
    "versionCreateTime": "2017-11-28T08:26:39.000Z",
    "html": "",
    "externalScripts": "/dep/echarts/latest/extension/bmap.min.js,http://api.map.baidu.com/api?v=2.0&ak=CP0iNotqTseHqmfzLVyn7HIHbde300PL",
    "updaterUID": "bd-1245979803",
    "theme": "",
    "layout": "",
    "viewCount": 1907,
    "userName": "d***t",
    "commentCount": 0,
    "starCount": 11,
    "isStared": 0,
    "thumbnailURL": "https://www.makeapie.com/ecg-storage/ec_gallery_thumbnail/xr1xE8JRnZ.png?v=1511857600097",
    "isCustomThumbnail": 0,
    "builtinTags": [
        "category-work",
        "series-graph"
    ],
    "customTags": [],
    "updaterUserName": "d***t"
}