{
    "cid": "xrJPRxjea-",
    "authorUid": "bd-2886003040",
    "authorUserName": "dubaochen1993",
    "title": "一级类目分布",
    "description": "纯属虚构",
    "latestVersion": 2,
    "alwaysLatest": 1,
    "createTime": "2017-10-15T08:48:15.000Z",
    "lastUpdateTime": "2017-10-15T08:48:15.000Z",
    "auth": 2,
    "uid": "bd-2886003040",
    "publishedVersion": 0,
    "forkFrom": "-",
    "isSpam": 0,
    "version": 2,
    "parentVersion": 1,
    "echartsVersion": "3.7.2",
    "versionCreateTime": "2017-10-15T08:52:40.000Z",
    "html": "",
    "externalScripts": "",
    "updaterUID": "bd-2886003040",
    "theme": "",
    "layout": "",
    "viewCount": 34,
    "userName": "dubaochen1993",
    "commentCount": 0,
    "starCount": 0,
    "isStared": 0,
    "thumbnailURL": "https://www.makeapie.com/ecg-storage/ec_gallery_thumbnail/xrJPRxjea-.png?v=1508057560641",
    "isCustomThumbnail": 0,
    "builtinTags": [
        "category-work",
        "legend",
        "series-pie",
        "title",
        "tooltip"
    ],
    "customTags": [],
    "updaterUserName": "dubaochen1993"
}