{
    "cid": "xryyFyGR3W",
    "authorUid": "bd-3877834531",
    "authorUserName": "f102102",
    "title": "Lasso Path",
    "description": "可自由传入alpha的值，对markLine进行定位",
    "latestVersion": 1,
    "alwaysLatest": 1,
    "createTime": "2017-10-13T10:03:34.000Z",
    "lastUpdateTime": "2017-10-13T10:03:34.000Z",
    "auth": 2,
    "uid": "bd-3877834531",
    "publishedVersion": 0,
    "forkFrom": "-",
    "isSpam": 0,
    "version": 1,
    "parentVersion": -1,
    "echartsVersion": "3.7.2",
    "versionCreateTime": "2017-10-13T10:03:34.000Z",
    "html": "",
    "externalScripts": "",
    "updaterUID": "bd-3877834531",
    "theme": "",
    "layout": "",
    "viewCount": 3011,
    "userName": "f102102",
    "commentCount": 0,
    "starCount": 8,
    "isStared": 0,
    "thumbnailURL": "https://www.makeapie.com/ecg-storage/ec_gallery_thumbnail/xryyFyGR3W.png?v=1507889015024",
    "isCustomThumbnail": 0,
    "builtinTags": [
        "category-work",
        "grid",
        "markLine",
        "series-line",
        "title",
        "tooltip"
    ],
    "customTags": [],
    "updaterUserName": "f102102"
}