{
    "cid": "xS1D5wyM6b",
    "authorUid": "bd-4273464948",
    "authorUserName": "eztdev",
    "title": "热门科室 top10 ",
    "description": "热门科室 top10 ",
    "latestVersion": 1,
    "alwaysLatest": 1,
    "createTime": "2017-10-16T08:02:23.000Z",
    "lastUpdateTime": "2017-10-16T08:02:23.000Z",
    "auth": 2,
    "uid": "bd-4273464948",
    "publishedVersion": 0,
    "forkFrom": "-",
    "isSpam": 0,
    "version": 1,
    "parentVersion": -1,
    "echartsVersion": "3.7.2",
    "versionCreateTime": "2017-10-16T08:02:23.000Z",
    "html": "",
    "externalScripts": "",
    "updaterUID": "bd-4273464948",
    "theme": "",
    "layout": "",
    "viewCount": 46,
    "userName": "eztdev",
    "commentCount": 0,
    "starCount": 0,
    "isStared": 0,
    "thumbnailURL": "https://www.makeapie.com/ecg-storage/ec_gallery_thumbnail/xS1D5wyM6b.png?v=1508140943313",
    "isCustomThumbnail": 0,
    "builtinTags": [],
    "customTags": [],
    "updaterUserName": "eztdev"
}