{
    "cid": "xSJd5T3phb",
    "authorUid": "bd-2855404288",
    "authorUserName": "earthJJJJ78",
    "title": "Awesome Chart",
    "description": "",
    "latestVersion": 1,
    "alwaysLatest": 1,
    "createTime": "2017-10-13T04:14:07.000Z",
    "lastUpdateTime": "2017-10-13T04:14:07.000Z",
    "auth": 2,
    "uid": "bd-2855404288",
    "publishedVersion": 0,
    "forkFrom": "-",
    "isSpam": 0,
    "version": 1,
    "parentVersion": -1,
    "echartsVersion": "3.7.2",
    "versionCreateTime": "2017-10-13T04:14:07.000Z",
    "html": "",
    "externalScripts": "",
    "updaterUID": "bd-2855404288",
    "theme": "",
    "layout": "",
    "viewCount": 17,
    "userName": "earthJJJJ78",
    "commentCount": 0,
    "starCount": 0,
    "isStared": 0,
    "thumbnailURL": "https://www.makeapie.com/ecg-storage/ec_gallery_thumbnail/xSJd5T3phb.png?v=1507868048040",
    "isCustomThumbnail": 0,
    "builtinTags": [
        "category-work",
        "grid",
        "series-line",
        "title"
    ],
    "customTags": [],
    "updaterUserName": "earthJJJJ78"
}