{
    "cid": "xSJHMHA-p-",
    "authorUid": "bd-3131054237",
    "authorUserName": "kaoyan720",
    "title": "武器装备分布图",
    "description": "武器装备分布图",
    "latestVersion": 2,
    "alwaysLatest": 1,
    "createTime": "2017-10-16T06:43:25.000Z",
    "lastUpdateTime": "2017-10-16T06:43:25.000Z",
    "auth": 2,
    "uid": "bd-3131054237",
    "publishedVersion": 0,
    "forkFrom": "-",
    "isSpam": 0,
    "version": 2,
    "parentVersion": 1,
    "echartsVersion": "3.7.2",
    "versionCreateTime": "2017-10-16T07:04:18.000Z",
    "html": "",
    "externalScripts": "",
    "updaterUID": "bd-3131054237",
    "theme": "",
    "layout": "",
    "viewCount": 68,
    "userName": "kaoyan720",
    "commentCount": 0,
    "starCount": 0,
    "isStared": 0,
    "thumbnailURL": "https://www.makeapie.com/ecg-storage/ec_gallery_thumbnail/xSJHMHA-p-.png?v=1508137458133",
    "isCustomThumbnail": 0,
    "builtinTags": [
        "category-work",
        "grid",
        "series-pictorialBar",
        "tooltip"
    ],
    "customTags": [],
    "updaterUserName": "kaoyan720"
}