{
    "cid": "xSyb6cjnn-",
    "authorUid": "bd-3104958412",
    "authorUserName": "景***e",
    "title": "充满div的折线图",
    "description": "",
    "latestVersion": 1,
    "alwaysLatest": 1,
    "createTime": "2017-10-12T08:41:29.000Z",
    "lastUpdateTime": "2017-10-12T08:41:29.000Z",
    "auth": 2,
    "uid": "bd-3104958412",
    "publishedVersion": 0,
    "forkFrom": "-",
    "isSpam": 0,
    "version": 1,
    "parentVersion": -1,
    "echartsVersion": "3.7.2",
    "versionCreateTime": "2017-10-12T08:41:29.000Z",
    "html": "",
    "externalScripts": "",
    "updaterUID": "bd-3104958412",
    "theme": "",
    "layout": "",
    "viewCount": 85,
    "userName": "景***e",
    "commentCount": 0,
    "starCount": 2,
    "isStared": 0,
    "thumbnailURL": "https://www.makeapie.com/ecg-storage/ec_gallery_thumbnail/xSyb6cjnn-.png?v=1507797689352",
    "isCustomThumbnail": 0,
    "builtinTags": [
        "category-work",
        "grid",
        "series-line",
        "title",
        "tooltip"
    ],
    "customTags": [],
    "updaterUserName": "景***e"
}