{
    "cid": "xSyidc-02W",
    "authorUid": "bd-3877834531",
    "authorUserName": "f102102",
    "title": "可拖动折线图",
    "description": "拖动下面手柄可获得对应的数据，鼠标放到曲线上可获取对应信息",
    "latestVersion": 1,
    "alwaysLatest": 1,
    "createTime": "2017-10-13T09:42:11.000Z",
    "lastUpdateTime": "2017-10-13T09:42:11.000Z",
    "auth": 2,
    "uid": "bd-3877834531",
    "publishedVersion": 0,
    "forkFrom": "-",
    "isSpam": 0,
    "version": 1,
    "parentVersion": -1,
    "echartsVersion": "3.7.2",
    "versionCreateTime": "2017-10-13T09:42:11.000Z",
    "html": "",
    "externalScripts": "",
    "updaterUID": "bd-3877834531",
    "theme": "",
    "layout": "",
    "viewCount": 2960,
    "userName": "f102102",
    "commentCount": 0,
    "starCount": 3,
    "isStared": 0,
    "thumbnailURL": "https://www.makeapie.com/ecg-storage/ec_gallery_thumbnail/xSyidc-02W.png?v=1507887731590",
    "isCustomThumbnail": 0,
    "builtinTags": [
        "category-work",
        "grid",
        "legend",
        "series-line",
        "tooltip"
    ],
    "customTags": [],
    "updaterUserName": "f102102"
}