{
    "cid": "x-SIRW289P",
    "authorUid": "bd-3509914490",
    "authorUserName": "c***2",
    "title": "饼图02",
    "description": "",
    "latestVersion": 3,
    "alwaysLatest": 1,
    "createTime": "2019-07-12T06:49:59.000Z",
    "lastUpdateTime": "2019-07-12T06:49:59.000Z",
    "auth": 2,
    "uid": "bd-3509914490",
    "publishedVersion": 0,
    "forkFrom": "-",
    "isSpam": 0,
    "version": 3,
    "parentVersion": 2,
    "echartsVersion": "4.2.1",
    "versionCreateTime": "2019-07-18T02:47:54.000Z",
    "html": "",
    "externalScripts": "",
    "updaterUID": "bd-3509914490",
    "theme": "",
    "layout": "",
    "viewCount": 379,
    "userName": "c***2",
    "commentCount": 0,
    "starCount": 2,
    "isStared": 0,
    "thumbnailURL": "https://www.makeapie.com/ecg-storage/ec_gallery_thumbnail/x-SIRW289P.png?v=1563418074156",
    "isCustomThumbnail": 0,
    "builtinTags": [
        "category-work",
        "legend",
        "series-pie",
        "tooltip"
    ],
    "customTags": [],
    "updaterUserName": "c***2"
}