{
    "cid": "xAlZQepDuz",
    "authorUid": "bd-2961126853",
    "authorUserName": "应***_",
    "title": "关系网",
    "description": "关系网",
    "latestVersion": 1,
    "alwaysLatest": 1,
    "createTime": "2019-07-12T03:22:35.000Z",
    "lastUpdateTime": "2019-07-12T03:22:35.000Z",
    "auth": 2,
    "uid": "bd-2961126853",
    "publishedVersion": 0,
    "forkFrom": "-",
    "isSpam": 0,
    "version": 1,
    "parentVersion": -1,
    "echartsVersion": "4.2.1",
    "versionCreateTime": "2019-07-12T03:22:35.000Z",
    "html": "",
    "externalScripts": "",
    "updaterUID": "bd-2961126853",
    "theme": "",
    "layout": "",
    "viewCount": 812,
    "userName": "应***_",
    "commentCount": 0,
    "starCount": 1,
    "isStared": 0,
    "thumbnailURL": "https://www.makeapie.com/ecg-storage/ec_gallery_thumbnail/xAlZQepDuz.png?v=1562901755473",
    "isCustomThumbnail": 0,
    "builtinTags": [
        "category-work",
        "legend",
        "series-graph",
        "title",
        "tooltip"
    ],
    "customTags": [],
    "updaterUserName": "应***_"
}