{
    "cid": "xbGaekt5uc",
    "authorUid": "bd-3591882659",
    "authorUserName": "f***r",
    "title": "基础雷达图",
    "description": "",
    "latestVersion": 7,
    "alwaysLatest": 1,
    "createTime": "2019-07-12T02:52:37.000Z",
    "lastUpdateTime": "2019-07-12T02:52:37.000Z",
    "auth": 2,
    "uid": "bd-3591882659",
    "publishedVersion": 0,
    "forkFrom": "-",
    "isSpam": 0,
    "version": 7,
    "parentVersion": 6,
    "echartsVersion": "4.2.1",
    "versionCreateTime": "2019-07-12T07:12:56.000Z",
    "html": "",
    "externalScripts": "",
    "updaterUID": "bd-3591882659",
    "theme": "",
    "layout": "",
    "viewCount": 717,
    "userName": "f***r",
    "commentCount": 0,
    "starCount": 2,
    "isStared": 0,
    "thumbnailURL": "https://www.makeapie.com/ecg-storage/ec_gallery_thumbnail/xbGaekt5uc.png?v=1562915576857",
    "isCustomThumbnail": 0,
    "builtinTags": [
        "category-work",
        "legend",
        "radar",
        "series-radar",
        "title",
        "tooltip"
    ],
    "customTags": [],
    "updaterUserName": "f***r"
}