{
    "cid": "xCnj8sb2BP",
    "authorUid": "bd-118370542",
    "authorUserName": "8***2",
    "title": "中国之声106.7MHz",
    "description": "展示效果",
    "latestVersion": 4,
    "alwaysLatest": 1,
    "createTime": "2019-07-13T14:51:57.000Z",
    "lastUpdateTime": "2019-07-13T14:51:57.000Z",
    "auth": 2,
    "uid": "bd-118370542",
    "publishedVersion": 0,
    "forkFrom": "-",
    "isSpam": 0,
    "version": 4,
    "parentVersion": 3,
    "echartsVersion": "4.2.1",
    "versionCreateTime": "2019-07-13T16:42:19.000Z",
    "html": "",
    "externalScripts": "",
    "updaterUID": "bd-118370542",
    "theme": "",
    "layout": "",
    "viewCount": 23,
    "userName": "8***2",
    "commentCount": 0,
    "starCount": 0,
    "isStared": 0,
    "thumbnailURL": "https://www.makeapie.com/ecg-storage/ec_gallery_thumbnail/xCnj8sb2BP.png?v=1563036139509",
    "isCustomThumbnail": 0,
    "builtinTags": [
        "category-work",
        "grid",
        "series-pictorialBar",
        "title",
        "tooltip"
    ],
    "customTags": [],
    "updaterUserName": "8***2"
}