{
    "cid": "xcV5YefgrS",
    "authorUid": "bd-1012884227",
    "authorUserName": "发***星",
    "title": "天气情况统计",
    "description": "虚构数据",
    "latestVersion": 1,
    "alwaysLatest": 1,
    "createTime": "2019-07-12T03:46:22.000Z",
    "lastUpdateTime": "2019-07-12T03:46:22.000Z",
    "auth": 2,
    "uid": "bd-1012884227",
    "publishedVersion": 0,
    "forkFrom": "-",
    "isSpam": 0,
    "version": 1,
    "parentVersion": -1,
    "echartsVersion": "4.2.1",
    "versionCreateTime": "2019-07-12T03:46:22.000Z",
    "html": "",
    "externalScripts": "",
    "updaterUID": "bd-1012884227",
    "theme": "",
    "layout": "",
    "viewCount": 48,
    "userName": "发***星",
    "commentCount": 0,
    "starCount": 0,
    "isStared": 0,
    "thumbnailURL": "https://www.makeapie.com/ecg-storage/ec_gallery_thumbnail/xcV5YefgrS.png?v=1562903182164",
    "isCustomThumbnail": 0,
    "builtinTags": [
        "category-work",
        "legend",
        "series-pie",
        "title",
        "tooltip"
    ],
    "customTags": [],
    "updaterUserName": "发***星"
}