{
    "cid": "xfEvAYRed3",
    "authorUid": "bd-3341594714",
    "authorUserName": "回***倒",
    "title": "规模走势2",
    "description": "",
    "latestVersion": 6,
    "alwaysLatest": 1,
    "createTime": "2019-07-12T07:28:44.000Z",
    "lastUpdateTime": "2019-07-12T07:28:44.000Z",
    "auth": 2,
    "uid": "bd-3341594714",
    "publishedVersion": 0,
    "forkFrom": "-",
    "isSpam": 0,
    "version": 6,
    "parentVersion": 5,
    "echartsVersion": "4.2.1",
    "versionCreateTime": "2019-07-12T08:43:23.000Z",
    "html": "",
    "externalScripts": "",
    "updaterUID": "bd-3341594714",
    "theme": "",
    "layout": "",
    "viewCount": 92,
    "userName": "回***倒",
    "commentCount": 0,
    "starCount": 1,
    "isStared": 0,
    "thumbnailURL": "https://www.makeapie.com/ecg-storage/ec_gallery_thumbnail/xfEvAYRed3.png?v=1562921004052",
    "isCustomThumbnail": 0,
    "builtinTags": [
        "category-work",
        "grid",
        "legend",
        "series-pictorialBar",
        "series-scatter",
        "tooltip"
    ],
    "customTags": [],
    "updaterUserName": "回***倒"
}