{
    "cid": "xFSpo32udH",
    "authorUid": "bd-214907976",
    "authorUserName": "z***i",
    "title": "Guangzhou_Scatter",
    "description": "",
    "latestVersion": 1,
    "alwaysLatest": 1,
    "createTime": "2019-07-14T06:25:45.000Z",
    "lastUpdateTime": "2019-07-14T06:25:45.000Z",
    "auth": 2,
    "uid": "bd-214907976",
    "publishedVersion": 0,
    "forkFrom": "-",
    "isSpam": 0,
    "version": 1,
    "parentVersion": -1,
    "echartsVersion": "4.2.1",
    "versionCreateTime": "2019-07-14T06:25:45.000Z",
    "html": "",
    "externalScripts": "http://api.map.baidu.com/api?v=2.0&ak=ZUONbpqGBsYGXNIYHicvbAbM,/dep/echarts/latest/extension/bmap.min.js",
    "updaterUID": "bd-214907976",
    "theme": "",
    "layout": "",
    "viewCount": 42,
    "userName": "z***i",
    "commentCount": 0,
    "starCount": 0,
    "isStared": 0,
    "thumbnailURL": "https://www.makeapie.com/ecg-storage/ec_gallery_thumbnail/xFSpo32udH.undefined?v=",
    "isCustomThumbnail": 0,
    "builtinTags": [
        "category-work"
    ],
    "customTags": [],
    "updaterUserName": "z***i"
}