{
    "cid": "xKvlHAq1iP",
    "authorUid": "bd-3456958835",
    "authorUserName": "蚜***族",
    "title": "浮动柱状图",
    "description": "浮动柱状图",
    "latestVersion": 3,
    "alwaysLatest": 1,
    "createTime": "2019-07-13T02:51:22.000Z",
    "lastUpdateTime": "2019-07-13T02:51:22.000Z",
    "auth": 1,
    "uid": "bd-3456958835",
    "publishedVersion": 0,
    "forkFrom": "-",
    "isSpam": 0,
    "version": 3,
    "parentVersion": 2,
    "echartsVersion": "4.2.1",
    "versionCreateTime": "2019-07-13T03:42:18.000Z",
    "html": "",
    "externalScripts": "",
    "updaterUID": "bd-3456958835",
    "theme": "",
    "layout": "",
    "viewCount": 597,
    "userName": "蚜***族",
    "commentCount": 0,
    "starCount": 3,
    "isStared": 0,
    "thumbnailURL": "https://www.makeapie.com/ecg-storage/ec_gallery_thumbnail/xKvlHAq1iP.png?v=1562989338438",
    "isCustomThumbnail": 0,
    "builtinTags": [
        "category-work",
        "grid",
        "legend",
        "series-bar",
        "series-line",
        "tooltip"
    ],
    "customTags": [
        "bar",
        "柱状图",
        "浮动"
    ],
    "updaterUserName": "蚜***族"
}