{
    "cid": "xPVLQfgFti",
    "authorUid": "bd-3341594714",
    "authorUserName": "回***倒",
    "title": "规模走势图1",
    "description": "纯属虚构",
    "latestVersion": 1,
    "alwaysLatest": 1,
    "createTime": "2019-07-12T07:15:23.000Z",
    "lastUpdateTime": "2019-07-12T07:15:23.000Z",
    "auth": 2,
    "uid": "bd-3341594714",
    "publishedVersion": 0,
    "forkFrom": "-",
    "isSpam": 0,
    "version": 1,
    "parentVersion": -1,
    "echartsVersion": "4.2.1",
    "versionCreateTime": "2019-07-12T07:15:23.000Z",
    "html": "",
    "externalScripts": "",
    "updaterUID": "bd-3341594714",
    "theme": "",
    "layout": "",
    "viewCount": 109,
    "userName": "回***倒",
    "commentCount": 0,
    "starCount": 0,
    "isStared": 0,
    "thumbnailURL": "https://www.makeapie.com/ecg-storage/ec_gallery_thumbnail/xPVLQfgFti.png?v=1562915723930",
    "isCustomThumbnail": 0,
    "builtinTags": [
        "category-work",
        "grid",
        "legend",
        "markPoint",
        "series-bar",
        "title",
        "toolbox",
        "tooltip"
    ],
    "customTags": [],
    "updaterUserName": "回***倒"
}