{
    "cid": "xRz5Rgx2rz",
    "authorUid": "bd-4063489202",
    "authorUserName": "我***8",
    "title": "得分率",
    "description": "",
    "latestVersion": 3,
    "alwaysLatest": 1,
    "createTime": "2019-07-12T09:13:52.000Z",
    "lastUpdateTime": "2019-07-12T09:13:52.000Z",
    "auth": 2,
    "uid": "bd-4063489202",
    "publishedVersion": 0,
    "forkFrom": "-",
    "isSpam": 0,
    "version": 3,
    "parentVersion": 2,
    "echartsVersion": "4.2.1",
    "versionCreateTime": "2019-07-16T08:49:00.000Z",
    "html": "",
    "externalScripts": "",
    "updaterUID": "bd-4063489202",
    "theme": "",
    "layout": "",
    "viewCount": 121,
    "userName": "我***8",
    "commentCount": 0,
    "starCount": 2,
    "isStared": 0,
    "thumbnailURL": "https://www.makeapie.com/ecg-storage/ec_gallery_thumbnail/xRz5Rgx2rz.png?v=1563266940210",
    "isCustomThumbnail": 0,
    "builtinTags": [
        "category-work",
        "grid",
        "series-bar",
        "series-scatter"
    ],
    "customTags": [],
    "updaterUserName": "我***8"
}