{
    "cid": "x6SG_U8CFB",
    "authorUid": "obd-ojLzjb3uoUxOpMGxdEP8KJdeD8hctEk",
    "authorUserName": "噬***灬",
    "title": "渐变半圆环",
    "description": "这是用了 3个 pie 拼接成的圆环，有值与空的pie 加起来的值为150，要为100刻度的要自己转换下",
    "latestVersion": 2,
    "alwaysLatest": 0,
    "createTime": "2021-05-11T01:47:58.000Z",
    "lastUpdateTime": "2021-05-11T01:50:22.000Z",
    "auth": 1,
    "uid": "obd-ojLzjb3uoUxOpMGxdEP8KJdeD8hctEk",
    "publishedVersion": 0,
    "forkFrom": "-",
    "isSpam": 0,
    "version": 2,
    "parentVersion": 1,
    "echartsVersion": "5.1.1",
    "versionCreateTime": "2021-05-11T02:18:13.000Z",
    "html": "",
    "externalScripts": "",
    "updaterUID": "obd-ojLzjb3uoUxOpMGxdEP8KJdeD8hctEk",
    "theme": "default",
    "layout": "",
    "viewCount": 0,
    "userName": "噬***灬",
    "commentCount": 0,
    "starCount": 0,
    "isStared": 0,
    "thumbnailURL": "https://www.makeapie.com/ecg-storage/ec_gallery_thumbnail/x6SG_U8CFB.png?v=1620699493237",
    "isCustomThumbnail": 0,
    "builtinTags": [
        "category-work",
        "legend",
        "series-pie",
        "title",
        "tooltip"
    ],
    "customTags": [],
    "updaterUserName": "噬***灬"
}