{
    "cid": "xdSvCxohM0",
    "authorUid": "obd-ojC2SFRnsaDAigetT60UB9OAyslNOEM",
    "authorUserName": "荒***语",
    "title": "折线渐变图",
    "description": "折线图 区域颜色渐变 不堆叠",
    "latestVersion": 4,
    "alwaysLatest": 0,
    "createTime": "2021-05-11T03:06:24.000Z",
    "lastUpdateTime": "2021-05-11T03:06:24.000Z",
    "auth": 2,
    "uid": "obd-ojC2SFRnsaDAigetT60UB9OAyslNOEM",
    "publishedVersion": 0,
    "forkFrom": "-",
    "isSpam": 0,
    "version": 4,
    "parentVersion": 3,
    "echartsVersion": "5.1.1",
    "versionCreateTime": "2021-05-11T05:40:03.000Z",
    "html": "",
    "externalScripts": "",
    "updaterUID": "obd-ojC2SFRnsaDAigetT60UB9OAyslNOEM",
    "theme": "",
    "layout": "",
    "viewCount": 0,
    "userName": "荒***语",
    "commentCount": 0,
    "starCount": 2,
    "isStared": 0,
    "thumbnailURL": "https://www.makeapie.com/ecg-storage/ec_gallery_thumbnail/xdSvCxohM0.png?v=1620711603849",
    "isCustomThumbnail": 0,
    "builtinTags": [
        "category-work",
        "grid",
        "legend",
        "series-line",
        "tooltip"
    ],
    "customTags": [
        "渐变"
    ],
    "updaterUserName": "荒***语"
}