{
    "cid": "xEXWLfKUWt",
    "authorUid": "obd-ot7kWLeXXLw1TkhKR-6tY26ouU7GG89",
    "authorUserName": "s***k",
    "title": "横向箱型图（旧版）",
    "description": "",
    "latestVersion": 1,
    "alwaysLatest": 0,
    "createTime": "2021-05-11T01:01:00.000Z",
    "lastUpdateTime": "2021-05-11T01:01:00.000Z",
    "auth": 2,
    "uid": "obd-ot7kWLeXXLw1TkhKR-6tY26ouU7GG89",
    "publishedVersion": 0,
    "forkFrom": "-",
    "isSpam": 0,
    "version": 1,
    "parentVersion": -1,
    "echartsVersion": "4.8.0",
    "versionCreateTime": "2021-05-11T01:01:00.000Z",
    "html": "",
    "externalScripts": "",
    "updaterUID": "obd-ot7kWLeXXLw1TkhKR-6tY26ouU7GG89",
    "theme": "",
    "layout": "",
    "viewCount": 0,
    "userName": "s***k",
    "commentCount": 0,
    "starCount": 0,
    "isStared": 0,
    "thumbnailURL": "https://www.makeapie.com/ecg-storage/ec_gallery_thumbnail/xEXWLfKUWt.png?v=1620694860891",
    "isCustomThumbnail": 0,
    "builtinTags": [
        "category-work"
    ],
    "customTags": [],
    "updaterUserName": "s***k"
}