{
    "cid": "xMt3ks1UWh",
    "authorUid": "bd-4145772538",
    "authorUserName": "X***s",
    "title": "认知积分图",
    "description": "",
    "latestVersion": 7,
    "alwaysLatest": 0,
    "createTime": "2021-05-11T09:22:56.000Z",
    "lastUpdateTime": "2021-08-16T09:10:59.000Z",
    "auth": 2,
    "uid": "bd-4145772538",
    "publishedVersion": 0,
    "forkFrom": "-",
    "isSpam": 0,
    "version": 7,
    "parentVersion": 6,
    "echartsVersion": "5.1.1",
    "versionCreateTime": "2021-08-16T09:10:59.000Z",
    "html": "",
    "externalScripts": "",
    "updaterUID": "bd-4145772538",
    "theme": "",
    "layout": "",
    "viewCount": 0,
    "userName": "X***s",
    "commentCount": 0,
    "starCount": 4,
    "isStared": 0,
    "thumbnailURL": "https://www.makeapie.com/ecg-storage/ec_gallery_thumbnail/xMt3ks1UWh.png?v=1629105059998",
    "isCustomThumbnail": 0,
    "builtinTags": [
        "category-work",
        "series-funnel"
    ],
    "customTags": [],
    "updaterUserName": "X***s"
}