{
    "cid": "xNQNOIgrOR",
    "authorUid": "obd-otrvvIHqag5Dw3-C_-gNn-pOflHAx8T",
    "authorUserName": "一***话",
    "title": "高频词",
    "description": "高频词",
    "latestVersion": 1,
    "alwaysLatest": 0,
    "createTime": "2021-05-12T02:03:04.000Z",
    "lastUpdateTime": "2021-05-12T02:03:04.000Z",
    "auth": 2,
    "uid": "obd-otrvvIHqag5Dw3-C_-gNn-pOflHAx8T",
    "publishedVersion": 0,
    "forkFrom": "-",
    "isSpam": 0,
    "version": 1,
    "parentVersion": -1,
    "echartsVersion": "4.2.1",
    "versionCreateTime": "2021-05-12T02:03:04.000Z",
    "html": "",
    "externalScripts": "https://oisanjavax.github.io/echarts-wordcloud/dist/echarts-wordcloud.min.js",
    "updaterUID": "obd-otrvvIHqag5Dw3-C_-gNn-pOflHAx8T",
    "theme": "",
    "layout": "",
    "viewCount": 0,
    "userName": "一***话",
    "commentCount": 0,
    "starCount": 0,
    "isStared": 0,
    "thumbnailURL": "https://www.makeapie.com/ecg-storage/ec_gallery_thumbnail/xNQNOIgrOR.png?v=1620784984800",
    "isCustomThumbnail": 0,
    "builtinTags": [
        "category-work",
        "series-wordCloud",
        "toolbox",
        "tooltip"
    ],
    "customTags": [],
    "updaterUserName": "一***话"
}