{
    "cid": "xP8j3o1p_K",
    "authorUid": "bd-4075942874",
    "authorUserName": "m***r",
    "title": "折线图-数目测试",
    "description": "寻找折线图卡顿原因。研究折线数目对卡顿的影响",
    "latestVersion": 9,
    "alwaysLatest": 0,
    "createTime": "2021-05-11T07:03:12.000Z",
    "lastUpdateTime": "2021-05-11T07:03:12.000Z",
    "auth": 2,
    "uid": "bd-4075942874",
    "publishedVersion": 0,
    "forkFrom": "-",
    "isSpam": 0,
    "version": 9,
    "parentVersion": 7,
    "echartsVersion": "5.1.1",
    "versionCreateTime": "2021-06-04T06:20:37.000Z",
    "html": "",
    "externalScripts": "",
    "updaterUID": "bd-4075942874",
    "theme": "",
    "layout": "",
    "viewCount": 0,
    "userName": "m***r",
    "commentCount": 0,
    "starCount": 0,
    "isStared": 0,
    "thumbnailURL": "https://www.makeapie.com/ecg-storage/ec_gallery_thumbnail/xP8j3o1p_K.png?v=1622787638276",
    "isCustomThumbnail": 0,
    "builtinTags": [
        "category-work",
        "dataZoom",
        "grid",
        "legend",
        "series-line",
        "title",
        "toolbox",
        "tooltip"
    ],
    "customTags": [],
    "updaterUserName": "m***r"
}