{
    "cid": "xPOC8k4kOM",
    "authorUid": "obd-o2Ea8wrkofBx18EYpjBmtNJT-KamO6i",
    "authorUserName": "o***蝎",
    "title": "3D立体图分段柱状图",
    "description": "",
    "latestVersion": 2,
    "alwaysLatest": 0,
    "createTime": "2021-05-11T05:55:56.000Z",
    "lastUpdateTime": "2021-05-11T05:55:56.000Z",
    "auth": 2,
    "uid": "obd-o2Ea8wrkofBx18EYpjBmtNJT-KamO6i",
    "publishedVersion": 0,
    "forkFrom": "-",
    "isSpam": 0,
    "version": 2,
    "parentVersion": 1,
    "echartsVersion": "5.1.1",
    "versionCreateTime": "2021-05-11T07:06:55.000Z",
    "html": "",
    "externalScripts": "",
    "updaterUID": "obd-o2Ea8wrkofBx18EYpjBmtNJT-KamO6i",
    "theme": "",
    "layout": "",
    "viewCount": 0,
    "userName": "o***蝎",
    "commentCount": 0,
    "starCount": 3,
    "isStared": 0,
    "thumbnailURL": "https://www.makeapie.com/ecg-storage/ec_gallery_thumbnail/xPOC8k4kOM.png?v=1620716815449",
    "isCustomThumbnail": 0,
    "builtinTags": [
        "category-work",
        "grid",
        "series-bar",
        "series-pictorialBar",
        "title",
        "tooltip"
    ],
    "customTags": [],
    "updaterUserName": "o***蝎"
}