{
    "cid": "xr0UkzKFDo",
    "authorUid": "bd-184590423",
    "authorUserName": "5***2",
    "title": "Awesome Chart",
    "description": "",
    "latestVersion": 1,
    "alwaysLatest": 0,
    "createTime": "2021-05-11T08:13:24.000Z",
    "lastUpdateTime": "2021-05-11T08:13:24.000Z",
    "auth": 2,
    "uid": "bd-184590423",
    "publishedVersion": 0,
    "forkFrom": "-",
    "isSpam": 0,
    "version": 1,
    "parentVersion": -1,
    "echartsVersion": "5.1.1",
    "versionCreateTime": "2021-05-11T08:13:24.000Z",
    "html": "",
    "externalScripts": "",
    "updaterUID": "bd-184590423",
    "theme": "",
    "layout": "",
    "viewCount": 0,
    "userName": "5***2",
    "commentCount": 0,
    "starCount": 0,
    "isStared": 0,
    "thumbnailURL": "https://www.makeapie.com/ecg-storage/ec_gallery_thumbnail/xr0UkzKFDo.png?v=1620720804268",
    "isCustomThumbnail": 0,
    "builtinTags": [
        "category-work",
        "grid",
        "series-bar",
        "title"
    ],
    "customTags": [],
    "updaterUserName": "5***2"
}