{
    "cid": "xZ5XCs7xyN",
    "authorUid": "obd-oDoa8L5uR364zXRk5QpC_cigut0tw1m",
    "authorUserName": "花***n",
    "title": "分组饼图-内圈饼图外圈南汀格尔玫瑰图",
    "description": "",
    "latestVersion": 10,
    "alwaysLatest": 0,
    "createTime": "2021-05-11T06:44:44.000Z",
    "lastUpdateTime": "2021-05-11T06:44:44.000Z",
    "auth": 2,
    "uid": "obd-oDoa8L5uR364zXRk5QpC_cigut0tw1m",
    "publishedVersion": 0,
    "forkFrom": "-",
    "isSpam": 0,
    "version": 10,
    "parentVersion": 9,
    "echartsVersion": "5.1.1",
    "versionCreateTime": "2021-05-11T07:10:25.000Z",
    "html": "",
    "externalScripts": "",
    "updaterUID": "obd-oDoa8L5uR364zXRk5QpC_cigut0tw1m",
    "theme": "",
    "layout": "",
    "viewCount": 0,
    "userName": "花***n",
    "commentCount": 0,
    "starCount": 0,
    "isStared": 0,
    "thumbnailURL": "https://www.makeapie.com/ecg-storage/ec_gallery_thumbnail/xZ5XCs7xyN.png?v=1620717025553",
    "isCustomThumbnail": 0,
    "builtinTags": [
        "category-work",
        "series-pie",
        "tooltip"
    ],
    "customTags": [],
    "updaterUserName": "花***n"
}