{
    "cid": "x5x-V_pA7Q",
    "authorUid": "bd-1801852221",
    "authorUserName": "J***乐",
    "title": "多图联动",
    "description": "",
    "latestVersion": 2,
    "alwaysLatest": 0,
    "createTime": "2021-10-13T07:28:15.000Z",
    "lastUpdateTime": "2021-10-13T10:20:51.000Z",
    "auth": 2,
    "uid": "bd-1801852221",
    "publishedVersion": 0,
    "forkFrom": "-",
    "isSpam": 0,
    "version": 2,
    "parentVersion": 1,
    "echartsVersion": "5.2.1",
    "versionCreateTime": "2021-10-13T10:20:51.000Z",
    "html": "",
    "externalScripts": "",
    "updaterUID": "bd-1801852221",
    "theme": "",
    "layout": "",
    "viewCount": 0,
    "userName": "J***乐",
    "commentCount": 0,
    "starCount": 5,
    "isStared": 0,
    "thumbnailURL": "https://www.makeapie.com/ecg-storage/ec_gallery_thumbnail/x5x-V_pA7Q.png?v=1634120451736",
    "isCustomThumbnail": 0,
    "builtinTags": [
        "category-work",
        "dataZoom",
        "grid",
        "series-bar",
        "series-line",
        "tooltip"
    ],
    "customTags": [],
    "updaterUserName": "J***乐"
}