{
    "cid": "xcjXdEMu05",
    "authorUid": "obd-o-1zI7rdBxP6n8aGB69kgIdgL0iEJAa",
    "authorUserName": "穻***",
    "title": "柱状图-排名",
    "description": "",
    "latestVersion": 1,
    "alwaysLatest": 0,
    "createTime": "2021-10-12T11:50:49.000Z",
    "lastUpdateTime": "2021-10-12T11:50:49.000Z",
    "auth": 2,
    "uid": "obd-o-1zI7rdBxP6n8aGB69kgIdgL0iEJAa",
    "publishedVersion": 0,
    "forkFrom": "-",
    "isSpam": 0,
    "version": 1,
    "parentVersion": -1,
    "echartsVersion": "5.2.0",
    "versionCreateTime": "2021-10-12T11:50:49.000Z",
    "html": "",
    "externalScripts": "",
    "updaterUID": "obd-o-1zI7rdBxP6n8aGB69kgIdgL0iEJAa",
    "theme": "",
    "layout": "",
    "viewCount": 0,
    "userName": "穻***",
    "commentCount": 0,
    "starCount": 5,
    "isStared": 0,
    "thumbnailURL": "https://www.makeapie.com/ecg-storage/ec_gallery_thumbnail/xcjXdEMu05.png?v=1634039450159",
    "isCustomThumbnail": 0,
    "builtinTags": [
        "category-work",
        "grid",
        "legend",
        "series-bar",
        "title",
        "tooltip"
    ],
    "customTags": [],
    "updaterUserName": "穻***"
}