{
    "cid": "xcmnV_obKQ",
    "authorUid": "obd-ol0pfmNcYYfCU0Wfm-Sbv5yF67MgM0m",
    "authorUserName": "布***烟",
    "title": "Awesome Chart",
    "description": "",
    "latestVersion": 1,
    "alwaysLatest": 0,
    "createTime": "2021-10-13T12:12:00.000Z",
    "lastUpdateTime": "2021-10-13T12:12:00.000Z",
    "auth": 2,
    "uid": "obd-ol0pfmNcYYfCU0Wfm-Sbv5yF67MgM0m",
    "publishedVersion": 0,
    "forkFrom": "-",
    "isSpam": 0,
    "version": 1,
    "parentVersion": -1,
    "echartsVersion": "5.2.1",
    "versionCreateTime": "2021-10-13T12:12:00.000Z",
    "html": "",
    "externalScripts": "",
    "updaterUID": "obd-ol0pfmNcYYfCU0Wfm-Sbv5yF67MgM0m",
    "theme": "",
    "layout": "",
    "viewCount": 0,
    "userName": "布***烟",
    "commentCount": 0,
    "starCount": 0,
    "isStared": 0,
    "thumbnailURL": "https://www.makeapie.com/ecg-storage/ec_gallery_thumbnail/xcmnV_obKQ.png?v=1634127120682",
    "isCustomThumbnail": 0,
    "builtinTags": [
        "category-work",
        "grid",
        "series-bar",
        "title"
    ],
    "customTags": [],
    "updaterUserName": "布***烟"
}