{
    "cid": "xDgAagTTp_",
    "authorUid": "obd-oD5ZGP1SaC-BIQEihOzE-xsXKWi5m1t",
    "authorUserName": "A***茶",
    "title": "7日柱狀",
    "description": "",
    "latestVersion": 2,
    "alwaysLatest": 0,
    "createTime": "2021-10-13T01:42:31.000Z",
    "lastUpdateTime": "2021-10-27T03:58:48.000Z",
    "auth": 2,
    "uid": "obd-oD5ZGP1SaC-BIQEihOzE-xsXKWi5m1t",
    "publishedVersion": 0,
    "forkFrom": "-",
    "isSpam": 0,
    "version": 2,
    "parentVersion": 1,
    "echartsVersion": "5.2.1",
    "versionCreateTime": "2021-10-27T03:58:48.000Z",
    "html": "",
    "externalScripts": "",
    "updaterUID": "obd-oD5ZGP1SaC-BIQEihOzE-xsXKWi5m1t",
    "theme": "",
    "layout": "",
    "viewCount": 0,
    "userName": "A***茶",
    "commentCount": 0,
    "starCount": 1,
    "isStared": 0,
    "thumbnailURL": "https://www.makeapie.com/ecg-storage/ec_gallery_thumbnail/xDgAagTTp_.png?v=1635307128817",
    "isCustomThumbnail": 0,
    "builtinTags": [
        "category-work",
        "grid",
        "series-bar",
        "series-custom",
        "tooltip"
    ],
    "customTags": [],
    "updaterUserName": "A***茶"
}