{
    "cid": "xhOl83nG0T",
    "authorUid": "obd-oD5ZGP1SaC-BIQEihOzE-xsXKWi5m1t",
    "authorUserName": "A***茶",
    "title": "環形排名",
    "description": "",
    "latestVersion": 2,
    "alwaysLatest": 0,
    "createTime": "2021-10-13T01:43:36.000Z",
    "lastUpdateTime": "2021-10-27T03:15:49.000Z",
    "auth": 2,
    "uid": "obd-oD5ZGP1SaC-BIQEihOzE-xsXKWi5m1t",
    "publishedVersion": 0,
    "forkFrom": "-",
    "isSpam": 0,
    "version": 2,
    "parentVersion": 1,
    "echartsVersion": "5.2.1",
    "versionCreateTime": "2021-10-27T03:15:49.000Z",
    "html": "",
    "externalScripts": "",
    "updaterUID": "obd-oD5ZGP1SaC-BIQEihOzE-xsXKWi5m1t",
    "theme": "",
    "layout": "",
    "viewCount": 0,
    "userName": "A***茶",
    "commentCount": 0,
    "starCount": 9,
    "isStared": 0,
    "thumbnailURL": "https://www.makeapie.com/ecg-storage/ec_gallery_thumbnail/xhOl83nG0T.png?v=1635304549999",
    "isCustomThumbnail": 0,
    "builtinTags": [
        "category-work",
        "grid",
        "series-pie"
    ],
    "customTags": [],
    "updaterUserName": "A***茶"
}