{
    "cid": "xHWDx0dmMj",
    "authorUid": "bd-608202959",
    "authorUserName": "慕***晶",
    "title": "Rainfall and Flow Relationship倒挂图",
    "description": "",
    "latestVersion": 1,
    "alwaysLatest": 0,
    "createTime": "2021-10-12T05:48:34.000Z",
    "lastUpdateTime": "2021-10-12T05:48:34.000Z",
    "auth": 1,
    "uid": "bd-608202959",
    "publishedVersion": 0,
    "forkFrom": "-",
    "isSpam": 0,
    "version": 1,
    "parentVersion": -1,
    "echartsVersion": "5.2.1",
    "versionCreateTime": "2021-10-12T05:48:34.000Z",
    "html": "",
    "externalScripts": "",
    "updaterUID": "bd-608202959",
    "theme": "",
    "layout": "",
    "viewCount": 0,
    "userName": "慕***晶",
    "commentCount": 0,
    "starCount": 1,
    "isStared": 0,
    "thumbnailURL": "https://www.makeapie.com/ecg-storage/ec_gallery_thumbnail/xHWDx0dmMj.png?v=1634017714920",
    "isCustomThumbnail": 0,
    "builtinTags": [
        "category-work",
        "dataZoom",
        "grid",
        "legend",
        "markArea",
        "series-line",
        "title",
        "toolbox",
        "tooltip"
    ],
    "customTags": [],
    "updaterUserName": "慕***晶"
}