{
    "cid": "xin6qbNMWD",
    "authorUid": "obd-o-1zI7rdBxP6n8aGB69kgIdgL0iEJAa",
    "authorUserName": "穻***",
    "title": "雷达图-说明/描述/详情",
    "description": "",
    "latestVersion": 1,
    "alwaysLatest": 0,
    "createTime": "2021-10-12T12:58:56.000Z",
    "lastUpdateTime": "2021-10-12T12:58:56.000Z",
    "auth": 2,
    "uid": "obd-o-1zI7rdBxP6n8aGB69kgIdgL0iEJAa",
    "publishedVersion": 0,
    "forkFrom": "-",
    "isSpam": 0,
    "version": 1,
    "parentVersion": -1,
    "echartsVersion": "5.2.1",
    "versionCreateTime": "2021-10-12T12:58:57.000Z",
    "html": "",
    "externalScripts": "",
    "updaterUID": "obd-o-1zI7rdBxP6n8aGB69kgIdgL0iEJAa",
    "theme": "",
    "layout": "",
    "viewCount": 0,
    "userName": "穻***",
    "commentCount": 0,
    "starCount": 1,
    "isStared": 0,
    "thumbnailURL": "https://www.makeapie.com/ecg-storage/ec_gallery_thumbnail/xin6qbNMWD.png?v=1634043537153",
    "isCustomThumbnail": 0,
    "builtinTags": [
        "category-work",
        "legend",
        "radar",
        "series-radar",
        "title"
    ],
    "customTags": [],
    "updaterUserName": "穻***"
}