{
    "cid": "xjnljXA1iQ",
    "authorUid": "obd-oDCaFX31jiwTXKlwjh_k6OKioVP0t1E",
    "authorUserName": "s***姊",
    "title": "任务分布",
    "description": "",
    "latestVersion": 2,
    "alwaysLatest": 0,
    "createTime": "2021-10-13T07:29:57.000Z",
    "lastUpdateTime": "2021-10-13T07:47:03.000Z",
    "auth": 2,
    "uid": "obd-oDCaFX31jiwTXKlwjh_k6OKioVP0t1E",
    "publishedVersion": 0,
    "forkFrom": "-",
    "isSpam": 0,
    "version": 2,
    "parentVersion": 1,
    "echartsVersion": "5.1.1",
    "versionCreateTime": "2021-10-13T07:47:03.000Z",
    "html": "",
    "externalScripts": "",
    "updaterUID": "obd-oDCaFX31jiwTXKlwjh_k6OKioVP0t1E",
    "theme": "",
    "layout": "",
    "viewCount": 0,
    "userName": "s***姊",
    "commentCount": 0,
    "starCount": 1,
    "isStared": 0,
    "thumbnailURL": "https://www.makeapie.com/ecg-storage/ec_gallery_thumbnail/xjnljXA1iQ.png?v=1634111223401",
    "isCustomThumbnail": 0,
    "builtinTags": [
        "category-work",
        "series-pie",
        "tooltip"
    ],
    "customTags": [],
    "updaterUserName": "s***姊"
}