{
    "cid": "xNwlBsV5_B",
    "authorUid": "obd-o0SPUMh_FoOTrZUoctKnWtOLfxQE0FD",
    "authorUserName": "L***e",
    "title": "重叠部分",
    "description": "",
    "latestVersion": 1,
    "alwaysLatest": 0,
    "createTime": "2021-10-14T02:11:35.000Z",
    "lastUpdateTime": "2021-10-14T02:11:35.000Z",
    "auth": 2,
    "uid": "obd-o0SPUMh_FoOTrZUoctKnWtOLfxQE0FD",
    "publishedVersion": 0,
    "forkFrom": "-",
    "isSpam": 0,
    "version": 1,
    "parentVersion": -1,
    "echartsVersion": "4.9.0",
    "versionCreateTime": "2021-10-14T02:11:35.000Z",
    "html": "",
    "externalScripts": "",
    "updaterUID": "obd-o0SPUMh_FoOTrZUoctKnWtOLfxQE0FD",
    "theme": "",
    "layout": "",
    "viewCount": 0,
    "userName": "L***e",
    "commentCount": 0,
    "starCount": 2,
    "isStared": 0,
    "thumbnailURL": "https://www.makeapie.com/ecg-storage/ec_gallery_thumbnail/xNwlBsV5_B.png?v=1634177495406",
    "isCustomThumbnail": 0,
    "builtinTags": [
        "category-work",
        "grid",
        "series-line",
        "visualMap"
    ],
    "customTags": [],
    "updaterUserName": "L***e"
}