{
    "cid": "xQm3YmcAl3",
    "authorUid": "bd-1397440702",
    "authorUserName": "泰***人",
    "title": "人口\n占比",
    "description": "饼状图统计",
    "latestVersion": 1,
    "alwaysLatest": 0,
    "createTime": "2021-10-13T07:56:27.000Z",
    "lastUpdateTime": "2021-10-13T07:56:27.000Z",
    "auth": 2,
    "uid": "bd-1397440702",
    "publishedVersion": 0,
    "forkFrom": "-",
    "isSpam": 0,
    "version": 1,
    "parentVersion": -1,
    "echartsVersion": "5.2.1",
    "versionCreateTime": "2021-10-13T07:56:27.000Z",
    "html": "",
    "externalScripts": "",
    "updaterUID": "bd-1397440702",
    "theme": "",
    "layout": "",
    "viewCount": 0,
    "userName": "泰***人",
    "commentCount": 0,
    "starCount": 0,
    "isStared": 0,
    "thumbnailURL": "https://www.makeapie.com/ecg-storage/ec_gallery_thumbnail/xQm3YmcAl3.png?v=1634111787840",
    "isCustomThumbnail": 0,
    "builtinTags": [
        "category-work",
        "series-pie",
        "title",
        "tooltip"
    ],
    "customTags": [],
    "updaterUserName": "泰***人"
}