{
    "cid": "xs9E4lS_T5",
    "authorUid": "obd-oDoQJSHwlnxtsyqgmVveIzBYwuIvG1S",
    "authorUserName": "l***y",
    "title": "堆叠图",
    "description": "带有圆柱效果的堆叠图",
    "latestVersion": 1,
    "alwaysLatest": 0,
    "createTime": "2021-10-12T08:13:57.000Z",
    "lastUpdateTime": "2021-10-12T08:13:57.000Z",
    "auth": 2,
    "uid": "obd-oDoQJSHwlnxtsyqgmVveIzBYwuIvG1S",
    "publishedVersion": 0,
    "forkFrom": "-",
    "isSpam": 0,
    "version": 1,
    "parentVersion": -1,
    "echartsVersion": "5.2.1",
    "versionCreateTime": "2021-10-12T08:13:57.000Z",
    "html": "",
    "externalScripts": "",
    "updaterUID": "obd-oDoQJSHwlnxtsyqgmVveIzBYwuIvG1S",
    "theme": "",
    "layout": "",
    "viewCount": 0,
    "userName": "l***y",
    "commentCount": 0,
    "starCount": 2,
    "isStared": 0,
    "thumbnailURL": "https://www.makeapie.com/ecg-storage/ec_gallery_thumbnail/xs9E4lS_T5.png?v=1634026437777",
    "isCustomThumbnail": 0,
    "builtinTags": [
        "category-work",
        "grid",
        "legend",
        "series-bar",
        "series-pictorialBar"
    ],
    "customTags": [],
    "updaterUserName": "l***y"
}