{
    "cid": "xTM5HZsTfR",
    "authorUid": "obd-oPbAbo22_ArZ6Mj-emVJW7qnTOobx9o",
    "authorUserName": "終***諾",
    "title": "任务完成情况",
    "description": "任务创建及完成数据情况",
    "latestVersion": 1,
    "alwaysLatest": 0,
    "createTime": "2021-10-12T08:13:10.000Z",
    "lastUpdateTime": "2021-10-12T08:13:10.000Z",
    "auth": 1,
    "uid": "obd-oPbAbo22_ArZ6Mj-emVJW7qnTOobx9o",
    "publishedVersion": 0,
    "forkFrom": "-",
    "isSpam": 0,
    "version": 1,
    "parentVersion": -1,
    "echartsVersion": "5.2.1",
    "versionCreateTime": "2021-10-12T08:13:10.000Z",
    "html": "",
    "externalScripts": "",
    "updaterUID": "obd-oPbAbo22_ArZ6Mj-emVJW7qnTOobx9o",
    "theme": "",
    "layout": "",
    "viewCount": 0,
    "userName": "終***諾",
    "commentCount": 0,
    "starCount": 4,
    "isStared": 0,
    "thumbnailURL": "https://www.makeapie.com/ecg-storage/ec_gallery_thumbnail/xTM5HZsTfR.png?v=1634026390366",
    "isCustomThumbnail": 0,
    "builtinTags": [
        "category-work",
        "series-gauge",
        "title",
        "tooltip"
    ],
    "customTags": [],
    "updaterUserName": "終***諾"
}