{
    "cid": "xu39ky0IRq",
    "authorUid": "obd-oD5ZGP1SaC-BIQEihOzE-xsXKWi5m1t",
    "authorUserName": "A***茶",
    "title": "三曲線圖",
    "description": "",
    "latestVersion": 3,
    "alwaysLatest": 0,
    "createTime": "2021-10-13T01:41:10.000Z",
    "lastUpdateTime": "2021-10-27T03:34:45.000Z",
    "auth": 2,
    "uid": "obd-oD5ZGP1SaC-BIQEihOzE-xsXKWi5m1t",
    "publishedVersion": 0,
    "forkFrom": "-",
    "isSpam": 0,
    "version": 3,
    "parentVersion": 1,
    "echartsVersion": "5.2.1",
    "versionCreateTime": "2021-10-27T03:34:45.000Z",
    "html": "",
    "externalScripts": "",
    "updaterUID": "obd-oD5ZGP1SaC-BIQEihOzE-xsXKWi5m1t",
    "theme": "",
    "layout": "",
    "viewCount": 0,
    "userName": "A***茶",
    "commentCount": 0,
    "starCount": 1,
    "isStared": 0,
    "thumbnailURL": "https://www.makeapie.com/ecg-storage/ec_gallery_thumbnail/xu39ky0IRq.png?v=1635305685445",
    "isCustomThumbnail": 0,
    "builtinTags": [
        "category-work",
        "grid",
        "legend",
        "series-line",
        "tooltip"
    ],
    "customTags": [],
    "updaterUserName": "A***茶"
}