{
    "cid": "xv4hvJUYoK",
    "authorUid": "obd-olnljqE8VWLRT4wRyH-5qwCIAhDuQ0D",
    "authorUserName": "d***0",
    "title": "闭合线图",
    "description": "",
    "latestVersion": 10,
    "alwaysLatest": 0,
    "createTime": "2021-10-13T03:27:10.000Z",
    "lastUpdateTime": "2021-10-13T08:52:23.000Z",
    "auth": 1,
    "uid": "obd-olnljqE8VWLRT4wRyH-5qwCIAhDuQ0D",
    "publishedVersion": 0,
    "forkFrom": "-",
    "isSpam": 0,
    "version": 10,
    "parentVersion": 9,
    "echartsVersion": "5.2.1",
    "versionCreateTime": "2021-10-13T08:52:23.000Z",
    "html": "",
    "externalScripts": "",
    "updaterUID": "obd-olnljqE8VWLRT4wRyH-5qwCIAhDuQ0D",
    "theme": "",
    "layout": "",
    "viewCount": 0,
    "userName": "d***0",
    "commentCount": 0,
    "starCount": 2,
    "isStared": 0,
    "thumbnailURL": "https://www.makeapie.com/ecg-storage/ec_gallery_thumbnail/xv4hvJUYoK.png?v=1634115143619",
    "isCustomThumbnail": 0,
    "builtinTags": [
        "category-work",
        "grid",
        "series-bar",
        "title"
    ],
    "customTags": [
        "line"
    ],
    "updaterUserName": "d***0"
}