{
    "cid": "xZ1HKcTc4i",
    "authorUid": "obd-oD5ZGP1SaC-BIQEihOzE-xsXKWi5m1t",
    "authorUserName": "A***茶",
    "title": "分割進度條",
    "description": "",
    "latestVersion": 3,
    "alwaysLatest": 0,
    "createTime": "2021-10-13T01:44:19.000Z",
    "lastUpdateTime": "2021-11-11T08:38:13.000Z",
    "auth": 2,
    "uid": "obd-oD5ZGP1SaC-BIQEihOzE-xsXKWi5m1t",
    "publishedVersion": 0,
    "forkFrom": "-",
    "isSpam": 0,
    "version": 3,
    "parentVersion": 1,
    "echartsVersion": "5.2.1",
    "versionCreateTime": "2021-11-11T08:38:13.000Z",
    "html": "",
    "externalScripts": "",
    "updaterUID": "obd-oD5ZGP1SaC-BIQEihOzE-xsXKWi5m1t",
    "theme": "",
    "layout": "",
    "viewCount": 0,
    "userName": "A***茶",
    "commentCount": 0,
    "starCount": 0,
    "isStared": 0,
    "thumbnailURL": "https://www.makeapie.com/ecg-storage/ec_gallery_thumbnail/xZ1HKcTc4i.png?v=1636619893288",
    "isCustomThumbnail": 0,
    "builtinTags": [
        "category-work",
        "grid",
        "series-bar",
        "series-pictorialBar"
    ],
    "customTags": [],
    "updaterUserName": "A***茶"
}