{
    "cid": "x2IiGsrCp2",
    "authorUid": "obd-o2Xu6fDc9afQhud0bbCf98rZ7vRulBk",
    "authorUserName": "c***凯",
    "title": "堆叠分割柱状图",
    "description": "",
    "latestVersion": 5,
    "alwaysLatest": 1,
    "createTime": "2020-08-12T01:18:56.000Z",
    "lastUpdateTime": "2021-06-30T16:35:30.000Z",
    "auth": 1,
    "uid": "obd-o2Xu6fDc9afQhud0bbCf98rZ7vRulBk",
    "publishedVersion": 0,
    "forkFrom": "-",
    "isSpam": 0,
    "version": 5,
    "parentVersion": 4,
    "echartsVersion": "4.9.0",
    "versionCreateTime": "2021-06-30T16:35:31.000Z",
    "html": "",
    "externalScripts": "",
    "updaterUID": "obd-o2VgZ2Cfzk6Z4oIkXt8VGQXO1Zfa2B2",
    "theme": "",
    "layout": "",
    "viewCount": 279,
    "userName": "c***凯",
    "commentCount": 0,
    "starCount": 3,
    "isStared": 0,
    "thumbnailURL": "https://www.makeapie.com/ecg-storage/ec_gallery_thumbnail/x2IiGsrCp2.png?v=1625070931152",
    "isCustomThumbnail": 0,
    "builtinTags": [
        "category-work",
        "grid",
        "series-bar",
        "series-pictorialBar",
        "tooltip"
    ],
    "customTags": [],
    "updaterUserName": "爱***心"
}