{
    "cid": "x7fKC3g1MD",
    "authorUid": "obd-ojpm4zGlsjY10x_2uc1IsH8T4KdWdDM",
    "authorUserName": "鲲***世",
    "title": "2020年6月1日 顾客 情绪统计",
    "description": "",
    "latestVersion": 2,
    "alwaysLatest": 1,
    "createTime": "2020-08-12T03:50:39.000Z",
    "lastUpdateTime": "2020-08-12T03:50:39.000Z",
    "auth": 2,
    "uid": "obd-ojpm4zGlsjY10x_2uc1IsH8T4KdWdDM",
    "publishedVersion": 0,
    "forkFrom": "-",
    "isSpam": 0,
    "version": 2,
    "parentVersion": 1,
    "echartsVersion": "4.8.0",
    "versionCreateTime": "2020-08-23T19:33:47.000Z",
    "html": "",
    "externalScripts": "",
    "updaterUID": "obd-ojpm4zGlsjY10x_2uc1IsH8T4KdWdDM",
    "theme": "",
    "layout": "",
    "viewCount": 68,
    "userName": "鲲***世",
    "commentCount": 0,
    "starCount": 0,
    "isStared": 0,
    "thumbnailURL": "https://www.makeapie.com/ecg-storage/ec_gallery_thumbnail/x7fKC3g1MD.png?v=1598211227410",
    "isCustomThumbnail": 0,
    "builtinTags": [
        "category-work",
        "series-pie",
        "title",
        "tooltip"
    ],
    "customTags": [],
    "updaterUserName": "鲲***世"
}