{
    "cid": "x8ojXoz-T1",
    "authorUid": "obd-o2Xu6fDc9afQhud0bbCf98rZ7vRulBk",
    "authorUserName": "c***凯",
    "title": "象形堆叠柱状图",
    "description": "",
    "latestVersion": 1,
    "alwaysLatest": 1,
    "createTime": "2020-08-12T02:25:20.000Z",
    "lastUpdateTime": "2020-08-12T02:25:20.000Z",
    "auth": 1,
    "uid": "obd-o2Xu6fDc9afQhud0bbCf98rZ7vRulBk",
    "publishedVersion": 0,
    "forkFrom": "-",
    "isSpam": 0,
    "version": 1,
    "parentVersion": -1,
    "echartsVersion": "4.8.0",
    "versionCreateTime": "2020-08-12T02:25:20.000Z",
    "html": "",
    "externalScripts": "",
    "updaterUID": "obd-o2Xu6fDc9afQhud0bbCf98rZ7vRulBk",
    "theme": "",
    "layout": "",
    "viewCount": 52,
    "userName": "c***凯",
    "commentCount": 0,
    "starCount": 0,
    "isStared": 0,
    "thumbnailURL": "https://www.makeapie.com/ecg-storage/ec_gallery_thumbnail/x8ojXoz-T1.png?v=1597199121007",
    "isCustomThumbnail": 0,
    "builtinTags": [
        "category-work",
        "grid",
        "series-pictorialBar"
    ],
    "customTags": [],
    "updaterUserName": "c***凯"
}