{
    "cid": "xCTooklpFK",
    "authorUid": "bd-556576975",
    "authorUserName": "郑***3",
    "title": "横向柱状图",
    "description": "",
    "latestVersion": 1,
    "alwaysLatest": 1,
    "createTime": "2020-08-12T05:23:02.000Z",
    "lastUpdateTime": "2020-08-12T05:23:02.000Z",
    "auth": 2,
    "uid": "bd-556576975",
    "publishedVersion": 0,
    "forkFrom": "-",
    "isSpam": 0,
    "version": 1,
    "parentVersion": -1,
    "echartsVersion": "4.8.0",
    "versionCreateTime": "2020-08-12T05:23:02.000Z",
    "html": "",
    "externalScripts": "",
    "updaterUID": "bd-556576975",
    "theme": "",
    "layout": "",
    "viewCount": 83,
    "userName": "郑***3",
    "commentCount": 0,
    "starCount": 0,
    "isStared": 0,
    "thumbnailURL": "https://www.makeapie.com/ecg-storage/ec_gallery_thumbnail/xCTooklpFK.png?v=1597209782652",
    "isCustomThumbnail": 0,
    "builtinTags": [
        "category-work",
        "grid",
        "series-bar",
        "tooltip"
    ],
    "customTags": [],
    "updaterUserName": "郑***3"
}