{
    "cid": "xeAx1KwHM-",
    "authorUid": "obd-ojpm4zGlsjY10x_2uc1IsH8T4KdWdDM",
    "authorUserName": "鲲***世",
    "title": "客服对话数据质量分析",
    "description": "",
    "latestVersion": 5,
    "alwaysLatest": 1,
    "createTime": "2020-08-12T01:59:09.000Z",
    "lastUpdateTime": "2020-08-12T01:59:09.000Z",
    "auth": 2,
    "uid": "obd-ojpm4zGlsjY10x_2uc1IsH8T4KdWdDM",
    "publishedVersion": 0,
    "forkFrom": "-",
    "isSpam": 0,
    "version": 5,
    "parentVersion": 4,
    "echartsVersion": "4.8.0",
    "versionCreateTime": "2020-08-12T07:53:01.000Z",
    "html": "",
    "externalScripts": "",
    "updaterUID": "obd-ojpm4zGlsjY10x_2uc1IsH8T4KdWdDM",
    "theme": "",
    "layout": "",
    "viewCount": 223,
    "userName": "鲲***世",
    "commentCount": 0,
    "starCount": 1,
    "isStared": 0,
    "thumbnailURL": "https://www.makeapie.com/ecg-storage/ec_gallery_thumbnail/xeAx1KwHM-.png?v=1597218781994",
    "isCustomThumbnail": 0,
    "builtinTags": [
        "category-work",
        "dataZoom",
        "grid",
        "legend",
        "series-bar",
        "series-line",
        "title",
        "tooltip"
    ],
    "customTags": [],
    "updaterUserName": "鲲***世"
}