{
    "cid": "xk1v7BGjSb",
    "authorUid": "obd-oCGnQDnfUu8YXQHI6e6i7smM6e9Gi3d",
    "authorUserName": "小***n",
    "title": "28",
    "description": "",
    "latestVersion": 4,
    "alwaysLatest": 1,
    "createTime": "2020-08-11T05:55:05.000Z",
    "lastUpdateTime": "2020-08-11T05:55:05.000Z",
    "auth": 2,
    "uid": "obd-oCGnQDnfUu8YXQHI6e6i7smM6e9Gi3d",
    "publishedVersion": 0,
    "forkFrom": "-",
    "isSpam": 0,
    "version": 4,
    "parentVersion": 3,
    "echartsVersion": "4.8.0",
    "versionCreateTime": "2020-08-11T06:48:19.000Z",
    "html": "",
    "externalScripts": "",
    "updaterUID": "obd-oCGnQDnfUu8YXQHI6e6i7smM6e9Gi3d",
    "theme": "",
    "layout": "",
    "viewCount": 13,
    "userName": "小***n",
    "commentCount": 0,
    "starCount": 0,
    "isStared": 0,
    "thumbnailURL": "https://www.makeapie.com/ecg-storage/ec_gallery_thumbnail/xk1v7BGjSb.png?v=1597128499578",
    "isCustomThumbnail": 0,
    "builtinTags": [
        "category-work"
    ],
    "customTags": [],
    "updaterUserName": "小***n"
}