{
    "cid": "xPHnKyeOfR",
    "authorUid": "bd-3109896911",
    "authorUserName": "11...4@qq.com",
    "title": "两个颜色的柱状图",
    "description": "",
    "latestVersion": 2,
    "alwaysLatest": 1,
    "createTime": "2020-08-12T06:13:39.000Z",
    "lastUpdateTime": "2020-08-12T06:13:39.000Z",
    "auth": 2,
    "uid": "bd-3109896911",
    "publishedVersion": 0,
    "forkFrom": "-",
    "isSpam": 0,
    "version": 2,
    "parentVersion": 1,
    "echartsVersion": "4.8.0",
    "versionCreateTime": "2020-08-12T06:39:07.000Z",
    "html": "",
    "externalScripts": "",
    "updaterUID": "bd-3109896911",
    "theme": "",
    "layout": "",
    "viewCount": 24,
    "userName": "11...4@qq.com",
    "commentCount": 0,
    "starCount": 0,
    "isStared": 0,
    "thumbnailURL": "https://www.makeapie.com/ecg-storage/ec_gallery_thumbnail/xPHnKyeOfR.png?v=1597214347280",
    "isCustomThumbnail": 0,
    "builtinTags": [
        "category-work",
        "grid",
        "legend",
        "series-bar",
        "tooltip"
    ],
    "customTags": [],
    "updaterUserName": "11...4@qq.com"
}