{
    "cid": "xSceUro8YO",
    "authorUid": "obd-oE7w2k181ch3IAhFSl9BN2ElvBWU74D",
    "authorUserName": "十***乡",
    "title": "图例控制Y轴展示数量",
    "description": "当一个图表中数据种类过多，对应多种Y轴，可以根据图例显隐动态控制显隐Y轴",
    "latestVersion": 1,
    "alwaysLatest": 1,
    "createTime": "2020-08-11T07:52:50.000Z",
    "lastUpdateTime": "2020-08-11T07:52:50.000Z",
    "auth": 1,
    "uid": "obd-oE7w2k181ch3IAhFSl9BN2ElvBWU74D",
    "publishedVersion": 0,
    "forkFrom": "-",
    "isSpam": 0,
    "version": 1,
    "parentVersion": -1,
    "echartsVersion": "4.4.0",
    "versionCreateTime": "2020-08-11T07:52:50.000Z",
    "html": "",
    "externalScripts": "https://cdn.bootcss.com/echarts/4.4.0-rc.1/echarts-en.common.min.js",
    "updaterUID": "obd-oE7w2k181ch3IAhFSl9BN2ElvBWU74D",
    "theme": "",
    "layout": "",
    "viewCount": 159,
    "userName": "十***乡",
    "commentCount": 0,
    "starCount": 1,
    "isStared": 0,
    "thumbnailURL": "https://www.makeapie.com/ecg-storage/ec_gallery_thumbnail/xSceUro8YO.png?v=1597132370683",
    "isCustomThumbnail": 0,
    "builtinTags": [
        "category-work",
        "grid",
        "legend",
        "series-bar",
        "series-line",
        "toolbox",
        "tooltip"
    ],
    "customTags": [],
    "updaterUserName": "十***乡"
}