{
    "cid": "xV96vpRHmk",
    "authorUid": "bd-171648521",
    "authorUserName": "绿***绿",
    "title": "",
    "description": "line",
    "latestVersion": 2,
    "alwaysLatest": 1,
    "createTime": "2020-08-12T06:23:54.000Z",
    "lastUpdateTime": "2020-08-12T06:23:54.000Z",
    "auth": 2,
    "uid": "bd-171648521",
    "publishedVersion": 0,
    "forkFrom": "-",
    "isSpam": 0,
    "version": 2,
    "parentVersion": 1,
    "echartsVersion": "4.8.0",
    "versionCreateTime": "2020-08-12T06:40:39.000Z",
    "html": "",
    "externalScripts": "/dep/echarts/map/js/china.js",
    "updaterUID": "bd-171648521",
    "theme": "",
    "layout": "",
    "viewCount": 23,
    "userName": "绿***绿",
    "commentCount": 0,
    "starCount": 0,
    "isStared": 0,
    "thumbnailURL": "https://www.makeapie.com/ecg-storage/ec_gallery_thumbnail/xV96vpRHmk.png?v=1597214439580",
    "isCustomThumbnail": 0,
    "builtinTags": [
        "category-work",
        "grid",
        "legend",
        "series-line",
        "tooltip"
    ],
    "customTags": [],
    "updaterUserName": "绿***绿"
}