{
    "cid": "xwpB2EiMGj",
    "authorUid": "obd-oteT-mpHZVLFlR1rMfMDJMteFZDMI8U",
    "authorUserName": "Q***珊",
    "title": "人物关系图",
    "description": "展示某个人和其他人的关系图",
    "latestVersion": 2,
    "alwaysLatest": 1,
    "createTime": "2020-08-11T06:59:38.000Z",
    "lastUpdateTime": "2020-08-11T06:59:38.000Z",
    "auth": 2,
    "uid": "obd-oteT-mpHZVLFlR1rMfMDJMteFZDMI8U",
    "publishedVersion": 0,
    "forkFrom": "-",
    "isSpam": 0,
    "version": 2,
    "parentVersion": 1,
    "echartsVersion": "4.8.0",
    "versionCreateTime": "2020-08-11T07:03:47.000Z",
    "html": "",
    "externalScripts": "",
    "updaterUID": "obd-oteT-mpHZVLFlR1rMfMDJMteFZDMI8U",
    "theme": "",
    "layout": "",
    "viewCount": 472,
    "userName": "Q***珊",
    "commentCount": 0,
    "starCount": 1,
    "isStared": 0,
    "thumbnailURL": "https://www.makeapie.com/ecg-storage/ec_gallery_thumbnail/xwpB2EiMGj.png?v=1597129427469",
    "isCustomThumbnail": 0,
    "builtinTags": [
        "category-work",
        "series-graph"
    ],
    "customTags": [],
    "updaterUserName": "Q***珊"
}