{
    "cid": "xwtoY7Agba",
    "authorUid": "obd-ojpm4zGlsjY10x_2uc1IsH8T4KdWdDM",
    "authorUserName": "鲲***世",
    "title": "顾客 情绪统计结果",
    "description": "",
    "latestVersion": 3,
    "alwaysLatest": 1,
    "createTime": "2020-08-12T03:48:53.000Z",
    "lastUpdateTime": "2020-08-12T03:48:53.000Z",
    "auth": 2,
    "uid": "obd-ojpm4zGlsjY10x_2uc1IsH8T4KdWdDM",
    "publishedVersion": 0,
    "forkFrom": "-",
    "isSpam": 0,
    "version": 3,
    "parentVersion": 2,
    "echartsVersion": "4.8.0",
    "versionCreateTime": "2020-08-12T14:51:14.000Z",
    "html": "",
    "externalScripts": "",
    "updaterUID": "obd-ojpm4zGlsjY10x_2uc1IsH8T4KdWdDM",
    "theme": "",
    "layout": "",
    "viewCount": 82,
    "userName": "鲲***世",
    "commentCount": 0,
    "starCount": 1,
    "isStared": 0,
    "thumbnailURL": "https://www.makeapie.com/ecg-storage/ec_gallery_thumbnail/xwtoY7Agba.png?v=1597243875036",
    "isCustomThumbnail": 0,
    "builtinTags": [
        "category-work",
        "grid",
        "legend",
        "series-bar",
        "title",
        "toolbox",
        "tooltip"
    ],
    "customTags": [],
    "updaterUserName": "鲲***世"
}