{
    "cid": "xyWWc5XZb2",
    "authorUid": "obd-olXpeniaPBL9VnWtUVQaev-LuKaDU0f",
    "authorUserName": "樱***j",
    "title": "培训分类-饼状图",
    "description": "",
    "latestVersion": 1,
    "alwaysLatest": 1,
    "createTime": "2020-08-12T01:35:25.000Z",
    "lastUpdateTime": "2020-08-12T01:35:25.000Z",
    "auth": 2,
    "uid": "obd-olXpeniaPBL9VnWtUVQaev-LuKaDU0f",
    "publishedVersion": 0,
    "forkFrom": "-",
    "isSpam": 0,
    "version": 1,
    "parentVersion": -1,
    "echartsVersion": "4.8.0",
    "versionCreateTime": "2020-08-12T01:35:25.000Z",
    "html": "",
    "externalScripts": "",
    "updaterUID": "obd-olXpeniaPBL9VnWtUVQaev-LuKaDU0f",
    "theme": "",
    "layout": "",
    "viewCount": 77,
    "userName": "樱***j",
    "commentCount": 0,
    "starCount": 0,
    "isStared": 0,
    "thumbnailURL": "https://www.makeapie.com/ecg-storage/ec_gallery_thumbnail/xyWWc5XZb2.png?v=1597196125357",
    "isCustomThumbnail": 0,
    "builtinTags": [
        "category-work",
        "legend",
        "series-pie",
        "tooltip"
    ],
    "customTags": [],
    "updaterUserName": "樱***j"
}