{
    "cid": "xZbN3QrOAq",
    "authorUid": "obd-oN6D3qfp-72Q3GmepBJ4XZpEj5XIyCI",
    "authorUserName": "b***n",
    "title": "饼状图 三层圆",
    "description": "饼状图 三层圆",
    "latestVersion": 21,
    "alwaysLatest": 1,
    "createTime": "2020-08-12T02:13:05.000Z",
    "lastUpdateTime": "2020-08-12T02:13:05.000Z",
    "auth": 2,
    "uid": "obd-oN6D3qfp-72Q3GmepBJ4XZpEj5XIyCI",
    "publishedVersion": 0,
    "forkFrom": "-",
    "isSpam": 0,
    "version": 21,
    "parentVersion": 20,
    "echartsVersion": "4.8.0",
    "versionCreateTime": "2020-10-30T02:00:51.000Z",
    "html": "",
    "externalScripts": "",
    "updaterUID": "obd-oN6D3qfp-72Q3GmepBJ4XZpEj5XIyCI",
    "theme": "",
    "layout": "",
    "viewCount": 275,
    "userName": "b***n",
    "commentCount": 0,
    "starCount": 2,
    "isStared": 0,
    "thumbnailURL": "https://www.makeapie.com/ecg-storage/ec_gallery_thumbnail/xZbN3QrOAq.png?v=1604023251959",
    "isCustomThumbnail": 0,
    "builtinTags": [
        "category-work",
        "legend",
        "series-pie",
        "tooltip"
    ],
    "customTags": [
        "pic"
    ],
    "updaterUserName": "b***n"
}