{
    "cid": "xgrWpFEp5E",
    "authorUid": "obd-oCgtcCDoM0e8GoRh4L_yJRuMELFNd3J",
    "authorUserName": "宛***明",
    "title": "饼图测试",
    "description": "",
    "latestVersion": 14,
    "alwaysLatest": 1,
    "createTime": "2020-08-25T07:31:34.000Z",
    "lastUpdateTime": "2020-08-25T07:31:34.000Z",
    "auth": 2,
    "uid": "obd-oCgtcCDoM0e8GoRh4L_yJRuMELFNd3J",
    "publishedVersion": 0,
    "forkFrom": "-",
    "isSpam": 0,
    "version": 14,
    "parentVersion": 13,
    "echartsVersion": "4.8.0",
    "versionCreateTime": "2020-08-27T08:23:55.000Z",
    "html": "",
    "externalScripts": "",
    "updaterUID": "obd-oCgtcCDoM0e8GoRh4L_yJRuMELFNd3J",
    "theme": "",
    "layout": "",
    "viewCount": 472,
    "userName": "宛***明",
    "commentCount": 0,
    "starCount": 6,
    "isStared": 0,
    "thumbnailURL": "https://www.makeapie.com/ecg-storage/ec_gallery_thumbnail/xgrWpFEp5E.png?v=1598516635382",
    "isCustomThumbnail": 0,
    "builtinTags": [
        "category-work",
        "grid",
        "series-line",
        "title"
    ],
    "customTags": [],
    "updaterUserName": "宛***明"
}