{
    "cid": "xJTvlPgC0L",
    "authorUid": "bd-3560695082",
    "authorUserName": "射***士",
    "title": "折线和柱状图",
    "description": "",
    "latestVersion": 2,
    "alwaysLatest": 1,
    "createTime": "2020-08-25T02:44:57.000Z",
    "lastUpdateTime": "2020-08-25T02:44:57.000Z",
    "auth": 2,
    "uid": "bd-3560695082",
    "publishedVersion": 0,
    "forkFrom": "-",
    "isSpam": 0,
    "version": 2,
    "parentVersion": 1,
    "echartsVersion": "4.8.0",
    "versionCreateTime": "2020-08-25T02:45:35.000Z",
    "html": "",
    "externalScripts": "",
    "updaterUID": "bd-3560695082",
    "theme": "",
    "layout": "",
    "viewCount": 153,
    "userName": "射***士",
    "commentCount": 0,
    "starCount": 0,
    "isStared": 0,
    "thumbnailURL": "https://www.makeapie.com/ecg-storage/ec_gallery_thumbnail/xJTvlPgC0L.png?v=1598323535444",
    "isCustomThumbnail": 0,
    "builtinTags": [
        "category-work",
        "grid",
        "series-bar",
        "series-line",
        "tooltip"
    ],
    "customTags": [],
    "updaterUserName": "射***士"
}