{
    "cid": "xorUkpS96Y",
    "authorUid": "obd-o25gX_oBg-nCVoBkTY3KqYfQ0a4RTBK",
    "authorUserName": "b***者",
    "title": "渐变分段环形",
    "description": "",
    "latestVersion": 3,
    "alwaysLatest": 1,
    "createTime": "2020-08-25T06:53:45.000Z",
    "lastUpdateTime": "2020-08-25T06:53:45.000Z",
    "auth": 2,
    "uid": "obd-o25gX_oBg-nCVoBkTY3KqYfQ0a4RTBK",
    "publishedVersion": 0,
    "forkFrom": "-",
    "isSpam": 0,
    "version": 3,
    "parentVersion": 2,
    "echartsVersion": "4.8.0",
    "versionCreateTime": "2020-08-25T07:18:32.000Z",
    "html": "",
    "externalScripts": "",
    "updaterUID": "obd-o25gX_oBg-nCVoBkTY3KqYfQ0a4RTBK",
    "theme": "",
    "layout": "",
    "viewCount": 64,
    "userName": "b***者",
    "commentCount": 0,
    "starCount": 1,
    "isStared": 0,
    "thumbnailURL": "https://www.makeapie.com/ecg-storage/ec_gallery_thumbnail/xorUkpS96Y.png?v=1598339912410",
    "isCustomThumbnail": 0,
    "builtinTags": [
        "category-work",
        "graphic",
        "series-pie",
        "title"
    ],
    "customTags": [],
    "updaterUserName": "b***者"
}