{
    "cid": "xpL7teWcOV",
    "authorUid": "bd-336760053",
    "authorUserName": "w***g",
    "title": "流转动画",
    "description": "使用scatter和graph实现流转动画",
    "latestVersion": 2,
    "alwaysLatest": 1,
    "createTime": "2020-08-25T06:34:09.000Z",
    "lastUpdateTime": "2020-08-25T06:34:09.000Z",
    "auth": 2,
    "uid": "bd-336760053",
    "publishedVersion": 0,
    "forkFrom": "-",
    "isSpam": 0,
    "version": 2,
    "parentVersion": 1,
    "echartsVersion": "4.8.0",
    "versionCreateTime": "2020-08-25T06:35:48.000Z",
    "html": "",
    "externalScripts": "",
    "updaterUID": "bd-336760053",
    "theme": "",
    "layout": "",
    "viewCount": 731,
    "userName": "w***g",
    "commentCount": 0,
    "starCount": 4,
    "isStared": 0,
    "thumbnailURL": "https://www.makeapie.com/ecg-storage/ec_gallery_thumbnail/xpL7teWcOV.png?v=1598337348557",
    "isCustomThumbnail": 0,
    "builtinTags": [
        "category-work",
        "grid",
        "series-graph",
        "series-lines",
        "title",
        "tooltip"
    ],
    "customTags": [
        "graph",
        "lines",
        "scatter"
    ],
    "updaterUserName": "w***g"
}