{
    "cid": "xQA8DnnZxO",
    "authorUid": "obd-oCXcyPuzu5FKR0sIDwh3Tu_r7s61y3x",
    "authorUserName": "h***笙",
    "title": "XX数量-驻马店市",
    "description": "自定义tootip的实验，上传完json、拿去改改坐标什么的可以直接用",
    "latestVersion": 2,
    "alwaysLatest": 1,
    "createTime": "2020-08-24T01:38:58.000Z",
    "lastUpdateTime": "2020-08-24T01:38:58.000Z",
    "auth": 2,
    "uid": "obd-oCXcyPuzu5FKR0sIDwh3Tu_r7s61y3x",
    "publishedVersion": 0,
    "forkFrom": "-",
    "isSpam": 0,
    "version": 2,
    "parentVersion": 1,
    "echartsVersion": "4.8.0",
    "versionCreateTime": "2020-08-24T02:08:21.000Z",
    "html": "",
    "externalScripts": "",
    "updaterUID": "obd-oCXcyPuzu5FKR0sIDwh3Tu_r7s61y3x",
    "theme": "",
    "layout": "",
    "viewCount": 267,
    "userName": "h***笙",
    "commentCount": 0,
    "starCount": 1,
    "isStared": 0,
    "thumbnailURL": "https://www.makeapie.com/ecg-storage/ec_gallery_thumbnail/xQA8DnnZxO.png?v=1598234901299",
    "isCustomThumbnail": 0,
    "builtinTags": [
        "category-work",
        "geo",
        "series-effectScatter",
        "title",
        "tooltip"
    ],
    "customTags": [],
    "updaterUserName": "h***笙"
}