{
    "cid": "xs-Zc5bctn",
    "authorUid": "bd-4145772538",
    "authorUserName": "X***s",
    "title": "听说认知图谱",
    "description": "认知图谱",
    "latestVersion": 3,
    "alwaysLatest": 1,
    "createTime": "2020-08-25T02:28:44.000Z",
    "lastUpdateTime": "2020-08-25T02:28:44.000Z",
    "auth": 2,
    "uid": "bd-4145772538",
    "publishedVersion": 0,
    "forkFrom": "-",
    "isSpam": 0,
    "version": 3,
    "parentVersion": 2,
    "echartsVersion": "4.8.0",
    "versionCreateTime": "2021-04-23T01:24:20.000Z",
    "html": "",
    "externalScripts": "",
    "updaterUID": "bd-4145772538",
    "theme": "",
    "layout": "",
    "viewCount": 101,
    "userName": "X***s",
    "commentCount": 0,
    "starCount": 0,
    "isStared": 0,
    "thumbnailURL": "https://www.makeapie.com/ecg-storage/ec_gallery_thumbnail/xs-Zc5bctn.png?v=1619141060490",
    "isCustomThumbnail": 0,
    "builtinTags": [
        "category-work",
        "grid",
        "series-line",
        "title",
        "tooltip"
    ],
    "customTags": [],
    "updaterUserName": "X***s"
}