{
    "cid": "xZrh00xcw5",
    "authorUid": "obd-oDTaF2vy3VNVoyv3Zu3b2aLmrwG-C11",
    "authorUserName": "J***3",
    "title": "环形间隔比",
    "description": "",
    "latestVersion": 5,
    "alwaysLatest": 1,
    "createTime": "2020-08-24T02:51:13.000Z",
    "lastUpdateTime": "2020-08-24T02:51:13.000Z",
    "auth": 2,
    "uid": "obd-oDTaF2vy3VNVoyv3Zu3b2aLmrwG-C11",
    "publishedVersion": 0,
    "forkFrom": "-",
    "isSpam": 0,
    "version": 5,
    "parentVersion": 4,
    "echartsVersion": "4.8.0",
    "versionCreateTime": "2020-12-22T03:52:54.000Z",
    "html": "",
    "externalScripts": "",
    "updaterUID": "obd-oDTaF2vy3VNVoyv3Zu3b2aLmrwG-C11",
    "theme": "",
    "layout": "",
    "viewCount": 362,
    "userName": "J***3",
    "commentCount": 0,
    "starCount": 2,
    "isStared": 0,
    "thumbnailURL": "https://www.makeapie.com/ecg-storage/ec_gallery_thumbnail/xZrh00xcw5.png?v=1608609174928",
    "isCustomThumbnail": 0,
    "builtinTags": [
        "category-work",
        "series-gauge",
        "title"
    ],
    "customTags": [],
    "updaterUserName": "J***3"
}