{
    "cid": "xZUSL1EZ66",
    "authorUid": "obd-olGprjsNOGpwN5phhdMgYSOF10lJW0V",
    "authorUserName": "k***园",
    "title": "内嵌圆层次感",
    "description": "有个层次感",
    "latestVersion": 2,
    "alwaysLatest": 1,
    "createTime": "2020-08-25T01:43:40.000Z",
    "lastUpdateTime": "2020-08-25T01:43:40.000Z",
    "auth": 2,
    "uid": "obd-olGprjsNOGpwN5phhdMgYSOF10lJW0V",
    "publishedVersion": 0,
    "forkFrom": "-",
    "isSpam": 0,
    "version": 2,
    "parentVersion": 1,
    "echartsVersion": "4.8.0",
    "versionCreateTime": "2020-08-25T01:44:00.000Z",
    "html": "",
    "externalScripts": "",
    "updaterUID": "obd-olGprjsNOGpwN5phhdMgYSOF10lJW0V",
    "theme": "",
    "layout": "",
    "viewCount": 93,
    "userName": "k***园",
    "commentCount": 0,
    "starCount": 0,
    "isStared": 0,
    "thumbnailURL": "https://www.makeapie.com/ecg-storage/ec_gallery_thumbnail/xZUSL1EZ66.png?v=1598319840155",
    "isCustomThumbnail": 0,
    "builtinTags": [
        "category-work",
        "graphic",
        "series-pie"
    ],
    "customTags": [],
    "updaterUserName": "k***园"
}