{
    "cid": "x5lfcS0Fnu",
    "authorUid": "bd-101698999",
    "authorUserName": "Z***8",
    "title": "百度知道回答，echarts 如何在多列柱状图上方显示各列合计值",
    "description": "可以通过 series-line.label.formatter 自定义 (不用 bar 因为怕影响柱子的分布。通过设置 itemStyle.color 透明化线条，通过单独设置 label.color 来显示 label。)",
    "latestVersion": 2,
    "alwaysLatest": 1,
    "createTime": "2020-05-31T07:46:09.000Z",
    "lastUpdateTime": "2020-05-31T07:46:09.000Z",
    "auth": 2,
    "uid": "bd-101698999",
    "publishedVersion": 0,
    "forkFrom": "-",
    "isSpam": 0,
    "version": 2,
    "parentVersion": 1,
    "echartsVersion": "4.8.0",
    "versionCreateTime": "2020-05-31T07:52:35.000Z",
    "html": "",
    "externalScripts": "",
    "updaterUID": "bd-101698999",
    "theme": "",
    "layout": "",
    "viewCount": 682,
    "userName": "Z***8",
    "commentCount": 0,
    "starCount": 0,
    "isStared": 0,
    "thumbnailURL": "https://www.makeapie.com/ecg-storage/ec_gallery_thumbnail/x5lfcS0Fnu.png?v=1590911555684",
    "isCustomThumbnail": 0,
    "builtinTags": [
        "category-work",
        "grid",
        "series-bar",
        "series-line",
        "title"
    ],
    "customTags": [],
    "updaterUserName": "Z***8"
}