{
    "cid": "x5wPN12WCJ",
    "authorUid": "obd-oCTc_U8hPZbn_FmFJxbd5rj6Wwbow3n",
    "authorUserName": "J***x",
    "title": "关系图",
    "description": "定制化关系图",
    "latestVersion": 4,
    "alwaysLatest": 1,
    "createTime": "2020-06-02T02:03:22.000Z",
    "lastUpdateTime": "2020-06-02T02:03:22.000Z",
    "auth": 2,
    "uid": "obd-oCTc_U8hPZbn_FmFJxbd5rj6Wwbow3n",
    "publishedVersion": 0,
    "forkFrom": "-",
    "isSpam": 0,
    "version": 4,
    "parentVersion": 3,
    "echartsVersion": "4.9.0",
    "versionCreateTime": "2021-04-25T08:29:28.000Z",
    "html": "",
    "externalScripts": "",
    "updaterUID": "obd-oCTc_U8hPZbn_FmFJxbd5rj6Wwbow3n",
    "theme": "",
    "layout": "",
    "viewCount": 261,
    "userName": "J***x",
    "commentCount": 0,
    "starCount": 1,
    "isStared": 0,
    "thumbnailURL": "https://www.makeapie.com/ecg-storage/ec_gallery_thumbnail/x5wPN12WCJ.png?v=1619339369067",
    "isCustomThumbnail": 0,
    "builtinTags": [
        "category-work",
        "grid",
        "series-graph"
    ],
    "customTags": [],
    "updaterUserName": "J***x"
}