{
    "cid": "xaPvXoucs1",
    "authorUid": "obd-ojikFdlA05qW5CJOTeavTqwshWONHED",
    "authorUserName": "睡***楼",
    "title": "简约式line图",
    "description": "",
    "latestVersion": 1,
    "alwaysLatest": 1,
    "createTime": "2020-06-02T06:06:53.000Z",
    "lastUpdateTime": "2020-06-02T06:06:53.000Z",
    "auth": 2,
    "uid": "obd-ojikFdlA05qW5CJOTeavTqwshWONHED",
    "publishedVersion": 0,
    "forkFrom": "-",
    "isSpam": 0,
    "version": 1,
    "parentVersion": -1,
    "echartsVersion": "4.8.0",
    "versionCreateTime": "2020-06-02T06:06:53.000Z",
    "html": "",
    "externalScripts": "",
    "updaterUID": "obd-ojikFdlA05qW5CJOTeavTqwshWONHED",
    "theme": "",
    "layout": "",
    "viewCount": 85,
    "userName": "睡***楼",
    "commentCount": 0,
    "starCount": 1,
    "isStared": 0,
    "thumbnailURL": "https://www.makeapie.com/ecg-storage/ec_gallery_thumbnail/xaPvXoucs1.png?v=1591078013152",
    "isCustomThumbnail": 0,
    "builtinTags": [
        "category-work",
        "grid",
        "series-line"
    ],
    "customTags": [],
    "updaterUserName": "睡***楼"
}