{
    "cid": "xcAXFLSNe1",
    "authorUid": "bd-167860219",
    "authorUserName": "n***1",
    "title": "surface",
    "description": "某数据分布",
    "latestVersion": 1,
    "alwaysLatest": 1,
    "createTime": "2020-06-02T05:11:00.000Z",
    "lastUpdateTime": "2020-06-02T05:11:00.000Z",
    "auth": 2,
    "uid": "bd-167860219",
    "publishedVersion": 0,
    "forkFrom": "-",
    "isSpam": 0,
    "version": 1,
    "parentVersion": -1,
    "echartsVersion": "4.8.0",
    "versionCreateTime": "2020-06-02T05:11:00.000Z",
    "html": "",
    "externalScripts": "http://echarts.baidu.com/gallery/vendors/echarts-gl/echarts-gl.min.js",
    "updaterUID": "bd-167860219",
    "theme": "",
    "layout": "",
    "viewCount": 1063,
    "userName": "n***1",
    "commentCount": 0,
    "starCount": 10,
    "isStared": 0,
    "thumbnailURL": "https://www.makeapie.com/ecg-storage/ec_gallery_thumbnail/xcAXFLSNe1.png?v=1591074660589",
    "isCustomThumbnail": 1,
    "builtinTags": [
        "category-work",
        "grid3D",
        "series-surface",
        "tooltip",
        "visualMap"
    ],
    "customTags": [],
    "updaterUserName": "n***1"
}