{
    "cid": "xG3mZP22ZK",
    "authorUid": "bd-4197905510",
    "authorUserName": "c***6",
    "title": "仪表板",
    "description": "",
    "latestVersion": 1,
    "alwaysLatest": 1,
    "createTime": "2020-05-31T03:20:38.000Z",
    "lastUpdateTime": "2020-05-31T03:20:38.000Z",
    "auth": 2,
    "uid": "bd-4197905510",
    "publishedVersion": 0,
    "forkFrom": "-",
    "isSpam": 0,
    "version": 1,
    "parentVersion": -1,
    "echartsVersion": "4.8.0",
    "versionCreateTime": "2020-05-31T03:20:38.000Z",
    "html": "",
    "externalScripts": "",
    "updaterUID": "bd-4197905510",
    "theme": "",
    "layout": "",
    "viewCount": 118,
    "userName": "c***6",
    "commentCount": 0,
    "starCount": 1,
    "isStared": 0,
    "thumbnailURL": "https://www.makeapie.com/ecg-storage/ec_gallery_thumbnail/xG3mZP22ZK.png?v=1590895239079",
    "isCustomThumbnail": 0,
    "builtinTags": [
        "category-work",
        "series-gauge"
    ],
    "customTags": [],
    "updaterUserName": "c***6"
}