{
    "cid": "xGGtKKXIW2",
    "authorUid": "bd-861133703",
    "authorUserName": "w***呵",
    "title": "仪表盘",
    "description": "",
    "latestVersion": 1,
    "alwaysLatest": 1,
    "createTime": "2020-06-01T10:47:51.000Z",
    "lastUpdateTime": "2020-06-01T10:47:51.000Z",
    "auth": 1,
    "uid": "bd-861133703",
    "publishedVersion": 0,
    "forkFrom": "-",
    "isSpam": 0,
    "version": 1,
    "parentVersion": -1,
    "echartsVersion": "4.8.0",
    "versionCreateTime": "2020-06-01T10:47:52.000Z",
    "html": "",
    "externalScripts": "",
    "updaterUID": "bd-861133703",
    "theme": "",
    "layout": "",
    "viewCount": 394,
    "userName": "w***呵",
    "commentCount": 0,
    "starCount": 1,
    "isStared": 0,
    "thumbnailURL": "https://www.makeapie.com/ecg-storage/ec_gallery_thumbnail/xGGtKKXIW2.png?v=1591008472284",
    "isCustomThumbnail": 0,
    "builtinTags": [
        "category-work",
        "series-gauge",
        "title",
        "tooltip"
    ],
    "customTags": [],
    "updaterUserName": "w***呵"
}