{
    "cid": "xixYxEXOEv",
    "authorUid": "bd-3208210028",
    "authorUserName": "q***5",
    "title": "平行关系饼图",
    "description": "",
    "latestVersion": 1,
    "alwaysLatest": 1,
    "createTime": "2020-06-01T08:39:35.000Z",
    "lastUpdateTime": "2020-06-01T08:39:35.000Z",
    "auth": 2,
    "uid": "bd-3208210028",
    "publishedVersion": 0,
    "forkFrom": "-",
    "isSpam": 0,
    "version": 1,
    "parentVersion": -1,
    "echartsVersion": "4.8.0",
    "versionCreateTime": "2020-06-01T08:39:35.000Z",
    "html": "",
    "externalScripts": "",
    "updaterUID": "bd-3208210028",
    "theme": "",
    "layout": "",
    "viewCount": 4651,
    "userName": "q***5",
    "commentCount": 0,
    "starCount": 7,
    "isStared": 0,
    "thumbnailURL": "https://www.makeapie.com/ecg-storage/ec_gallery_thumbnail/xixYxEXOEv.png?v=1591000776191",
    "isCustomThumbnail": 0,
    "builtinTags": [
        "category-work",
        "legend",
        "series-pie",
        "title",
        "tooltip"
    ],
    "customTags": [],
    "updaterUserName": "q***5"
}