{
    "cid": "xq-lG3ZW7g",
    "authorUid": "bd-2673609924",
    "authorUserName": "185*****769",
    "title": "2019年青岛市区教师招聘各区成绩分布",
    "description": "考试成绩",
    "latestVersion": 4,
    "alwaysLatest": 1,
    "createTime": "2020-05-29T10:43:04.000Z",
    "lastUpdateTime": "2020-05-29T10:43:04.000Z",
    "auth": 2,
    "uid": "bd-2673609924",
    "publishedVersion": 0,
    "forkFrom": "-",
    "isSpam": 0,
    "version": 4,
    "parentVersion": 3,
    "echartsVersion": "4.8.0",
    "versionCreateTime": "2020-05-29T10:51:02.000Z",
    "html": "",
    "externalScripts": "",
    "updaterUID": "bd-2673609924",
    "theme": "default",
    "layout": "",
    "viewCount": 245,
    "userName": "185*****769",
    "commentCount": 0,
    "starCount": 1,
    "isStared": 0,
    "thumbnailURL": "https://www.makeapie.com/ecg-storage/ec_gallery_thumbnail/xq-lG3ZW7g.png?v=1590749462202",
    "isCustomThumbnail": 0,
    "builtinTags": [
        "category-work",
        "grid",
        "legend",
        "series-line",
        "title",
        "tooltip"
    ],
    "customTags": [],
    "updaterUserName": "185*****769"
}