{
    "cid": "xvF0mtXVxV",
    "authorUid": "obd-oDVacrrTHNUcUgC65H1tIVQwHw1h410",
    "authorUserName": "l***l",
    "title": "label添加箭头",
    "description": "",
    "latestVersion": 3,
    "alwaysLatest": 1,
    "createTime": "2020-06-02T06:17:55.000Z",
    "lastUpdateTime": "2020-06-02T06:17:55.000Z",
    "auth": 2,
    "uid": "obd-oDVacrrTHNUcUgC65H1tIVQwHw1h410",
    "publishedVersion": 0,
    "forkFrom": "-",
    "isSpam": 0,
    "version": 3,
    "parentVersion": 2,
    "echartsVersion": "4.8.0",
    "versionCreateTime": "2020-06-02T06:56:42.000Z",
    "html": "",
    "externalScripts": "",
    "updaterUID": "obd-oDVacrrTHNUcUgC65H1tIVQwHw1h410",
    "theme": "",
    "layout": "",
    "viewCount": 154,
    "userName": "l***l",
    "commentCount": 0,
    "starCount": 1,
    "isStared": 0,
    "thumbnailURL": "https://www.makeapie.com/ecg-storage/ec_gallery_thumbnail/xvF0mtXVxV.png?v=1591081002494",
    "isCustomThumbnail": 0,
    "builtinTags": [
        "category-work",
        "grid",
        "series-line",
        "title"
    ],
    "customTags": [],
    "updaterUserName": "l***l"
}