{
    "cid": "xxIZ3ZAysT",
    "authorUid": "bd-3208210028",
    "authorUserName": "q***5",
    "title": "",
    "description": "",
    "latestVersion": 3,
    "alwaysLatest": 1,
    "createTime": "2020-06-01T07:25:12.000Z",
    "lastUpdateTime": "2020-06-01T07:25:12.000Z",
    "auth": 2,
    "uid": "bd-3208210028",
    "publishedVersion": 0,
    "forkFrom": "-",
    "isSpam": 0,
    "version": 3,
    "parentVersion": 2,
    "echartsVersion": "4.8.0",
    "versionCreateTime": "2020-06-03T05:21:53.000Z",
    "html": "",
    "externalScripts": "",
    "updaterUID": "bd-3208210028",
    "theme": "",
    "layout": "",
    "viewCount": 840,
    "userName": "q***5",
    "commentCount": 0,
    "starCount": 5,
    "isStared": 0,
    "thumbnailURL": "https://www.makeapie.com/ecg-storage/ec_gallery_thumbnail/xxIZ3ZAysT.png?v=1591161713618",
    "isCustomThumbnail": 0,
    "builtinTags": [
        "category-work",
        "legend",
        "series-pie",
        "tooltip"
    ],
    "customTags": [],
    "updaterUserName": "q***5"
}