{
    "cid": "xYmdi_Gxcp",
    "authorUid": "obd-oFuwYQ4rcZNoE3EZB0LORVwBuPiU95h",
    "authorUserName": "模***库",
    "title": "Awesome Chart",
    "description": "",
    "latestVersion": 1,
    "alwaysLatest": 1,
    "createTime": "2020-06-02T05:59:05.000Z",
    "lastUpdateTime": "2020-06-02T05:59:05.000Z",
    "auth": 2,
    "uid": "obd-oFuwYQ4rcZNoE3EZB0LORVwBuPiU95h",
    "publishedVersion": 0,
    "forkFrom": "-",
    "isSpam": 0,
    "version": 1,
    "parentVersion": -1,
    "echartsVersion": "4.8.0",
    "versionCreateTime": "2020-06-02T05:59:05.000Z",
    "html": "",
    "externalScripts": "",
    "updaterUID": "obd-oFuwYQ4rcZNoE3EZB0LORVwBuPiU95h",
    "theme": "roma",
    "layout": "",
    "viewCount": 49,
    "userName": "模***库",
    "commentCount": 0,
    "starCount": 0,
    "isStared": 0,
    "thumbnailURL": "https://www.makeapie.com/ecg-storage/ec_gallery_thumbnail/xYmdi_Gxcp.png?v=1591077545735",
    "isCustomThumbnail": 0,
    "builtinTags": [
        "category-work",
        "grid",
        "series-line",
        "title"
    ],
    "customTags": [],
    "updaterUserName": "模***库"
}