{
    "cid": "x9Wudzq1s0",
    "authorUid": "obd-oPpKQP0lkGZA7qQsL3gtNTMILnUj794",
    "authorUserName": "135******89",
    "title": "水平柱状图分段",
    "description": "水平柱状图分段",
    "latestVersion": 1,
    "alwaysLatest": 0,
    "createTime": "2021-09-03T03:12:16.000Z",
    "lastUpdateTime": "2021-09-03T03:12:16.000Z",
    "auth": 2,
    "uid": "obd-oPpKQP0lkGZA7qQsL3gtNTMILnUj794",
    "publishedVersion": 0,
    "forkFrom": "-",
    "isSpam": 0,
    "version": 1,
    "parentVersion": -1,
    "echartsVersion": "5.2.0",
    "versionCreateTime": "2021-09-03T03:12:16.000Z",
    "html": "",
    "externalScripts": "",
    "updaterUID": "obd-oPpKQP0lkGZA7qQsL3gtNTMILnUj794",
    "theme": "",
    "layout": "",
    "viewCount": 0,
    "userName": "135******89",
    "commentCount": 0,
    "starCount": 0,
    "isStared": 0,
    "thumbnailURL": "https://www.makeapie.com/ecg-storage/ec_gallery_thumbnail/x9Wudzq1s0.png?v=1630638736505",
    "isCustomThumbnail": 0,
    "builtinTags": [
        "category-work",
        "grid",
        "legend",
        "series-bar",
        "title",
        "tooltip"
    ],
    "customTags": [],
    "updaterUserName": "135******89"
}