{
    "cid": "xcUACN1Soc",
    "authorUid": "obd-oj9Mv0nf0p70mxuwPz3FHClAQoVeXDj",
    "authorUserName": "f***儿",
    "title": "echarts地图实现热力图及散点图效果",
    "description": "",
    "latestVersion": 4,
    "alwaysLatest": 0,
    "createTime": "2021-09-03T08:59:06.000Z",
    "lastUpdateTime": "2021-09-03T10:11:10.000Z",
    "auth": 1,
    "uid": "obd-oj9Mv0nf0p70mxuwPz3FHClAQoVeXDj",
    "publishedVersion": 0,
    "forkFrom": "-",
    "isSpam": 0,
    "version": 4,
    "parentVersion": 3,
    "echartsVersion": "5.0.2",
    "versionCreateTime": "2021-09-03T10:11:10.000Z",
    "html": "",
    "externalScripts": "https://www.makeapie.com/dep/echarts/map/js/china.js",
    "updaterUID": "obd-oj9Mv0nf0p70mxuwPz3FHClAQoVeXDj",
    "theme": "",
    "layout": "",
    "viewCount": 0,
    "userName": "f***儿",
    "commentCount": 0,
    "starCount": 1,
    "isStared": 0,
    "thumbnailURL": "https://www.makeapie.com/ecg-storage/ec_gallery_thumbnail/xcUACN1Soc.png?v=1630663870930",
    "isCustomThumbnail": 0,
    "builtinTags": [
        "category-work",
        "geo",
        "series-map",
        "series-scatter",
        "visualMap"
    ],
    "customTags": [],
    "updaterUserName": "f***儿"
}