{
    "cid": "xDqdIMWMv0",
    "authorUid": "obd-oDlau3THscuR325aG4kc1Vk8XTdLV1M",
    "authorUserName": "浅***6",
    "title": "大哥要的",
    "description": "",
    "latestVersion": 1,
    "alwaysLatest": 0,
    "createTime": "2021-09-03T08:02:19.000Z",
    "lastUpdateTime": "2021-09-03T08:02:19.000Z",
    "auth": 1,
    "uid": "obd-oDlau3THscuR325aG4kc1Vk8XTdLV1M",
    "publishedVersion": 0,
    "forkFrom": "-",
    "isSpam": 0,
    "version": 1,
    "parentVersion": -1,
    "echartsVersion": "5.2.0",
    "versionCreateTime": "2021-09-03T08:02:19.000Z",
    "html": "",
    "externalScripts": "",
    "updaterUID": "obd-oDlau3THscuR325aG4kc1Vk8XTdLV1M",
    "theme": "",
    "layout": "",
    "viewCount": 0,
    "userName": "浅***6",
    "commentCount": 0,
    "starCount": 0,
    "isStared": 0,
    "thumbnailURL": "https://www.makeapie.com/ecg-storage/ec_gallery_thumbnail/xDqdIMWMv0.png?v=1630656139173",
    "isCustomThumbnail": 0,
    "builtinTags": [
        "category-work",
        "grid",
        "series-bar",
        "title"
    ],
    "customTags": [],
    "updaterUserName": "浅***6"
}