{
    "cid": "xfk3zyQiDB",
    "authorUid": "obd-o2Ddhxs8w2CRgTDIeNePRpfCS3stZBY",
    "authorUserName": "彭***6",
    "title": "饼图1",
    "description": "",
    "latestVersion": 6,
    "alwaysLatest": 0,
    "createTime": "2021-09-03T02:52:27.000Z",
    "lastUpdateTime": "2021-09-03T06:55:37.000Z",
    "auth": 2,
    "uid": "obd-o2Ddhxs8w2CRgTDIeNePRpfCS3stZBY",
    "publishedVersion": 0,
    "forkFrom": "-",
    "isSpam": 0,
    "version": 6,
    "parentVersion": 5,
    "echartsVersion": "4.8.0",
    "versionCreateTime": "2021-09-03T06:55:37.000Z",
    "html": "",
    "externalScripts": "",
    "updaterUID": "obd-o2Ddhxs8w2CRgTDIeNePRpfCS3stZBY",
    "theme": "",
    "layout": "",
    "viewCount": 0,
    "userName": "彭***6",
    "commentCount": 0,
    "starCount": 0,
    "isStared": 0,
    "thumbnailURL": "https://www.makeapie.com/ecg-storage/ec_gallery_thumbnail/xfk3zyQiDB.png?v=1630652137963",
    "isCustomThumbnail": 0,
    "builtinTags": [
        "category-work",
        "series-gauge",
        "series-pie"
    ],
    "customTags": [],
    "updaterUserName": "彭***6"
}