{
    "cid": "xHWWHAQZkd",
    "authorUid": "bd-3808521487",
    "authorUserName": "请***片",
    "title": "折现图",
    "description": "",
    "latestVersion": 3,
    "alwaysLatest": 0,
    "createTime": "2021-09-03T03:04:07.000Z",
    "lastUpdateTime": "2021-09-03T03:08:52.000Z",
    "auth": 2,
    "uid": "bd-3808521487",
    "publishedVersion": 0,
    "forkFrom": "-",
    "isSpam": 0,
    "version": 3,
    "parentVersion": 2,
    "echartsVersion": "5.2.0",
    "versionCreateTime": "2021-09-03T03:08:52.000Z",
    "html": "",
    "externalScripts": "",
    "updaterUID": "bd-3808521487",
    "theme": "",
    "layout": "",
    "viewCount": 0,
    "userName": "请***片",
    "commentCount": 0,
    "starCount": 2,
    "isStared": 0,
    "thumbnailURL": "https://www.makeapie.com/ecg-storage/ec_gallery_thumbnail/xHWWHAQZkd.png?v=1630638532914",
    "isCustomThumbnail": 0,
    "builtinTags": [
        "category-work",
        "grid",
        "legend",
        "series-line",
        "tooltip"
    ],
    "customTags": [],
    "updaterUserName": "请***片"
}