{
    "cid": "xifvDY9r96",
    "authorUid": "bd-4286708132",
    "authorUserName": "L***h",
    "title": "项目记录",
    "description": "基于 By p***g on作者的杭州热门徒步路线，修改了整体颜色",
    "latestVersion": 1,
    "alwaysLatest": 0,
    "createTime": "2021-09-03T02:13:57.000Z",
    "lastUpdateTime": "2021-09-03T02:13:57.000Z",
    "auth": 2,
    "uid": "bd-4286708132",
    "publishedVersion": 0,
    "forkFrom": "-",
    "isSpam": 0,
    "version": 1,
    "parentVersion": -1,
    "echartsVersion": "5.2.0",
    "versionCreateTime": "2021-09-03T02:13:57.000Z",
    "html": "",
    "externalScripts": "/dep/echarts/latest/extension/bmap.min.js,http://api.map.baidu.com/api?v=2.0&ak=8H99x1G2kH8DyYQvpUMcWbNKk2tGI8FA,https://cdn.jsdelivr.net/npm/echarts@5/dist/extension/bmap.min.js",
    "updaterUID": "bd-4286708132",
    "theme": "",
    "layout": "",
    "viewCount": 0,
    "userName": "L***h",
    "commentCount": 0,
    "starCount": 0,
    "isStared": 0,
    "thumbnailURL": "https://www.makeapie.com/ecg-storage/ec_gallery_thumbnail/xifvDY9r96.undefined?v=",
    "isCustomThumbnail": 0,
    "builtinTags": [
        "category-work"
    ],
    "customTags": [],
    "updaterUserName": "L***h"
}