{
    "cid": "xkIYURSWPb",
    "authorUid": "obd-o2TqhU5V49yi28tSjDqysoIw4zUTi6H",
    "authorUserName": "m***h",
    "title": "etest",
    "description": "",
    "latestVersion": 1,
    "alwaysLatest": 0,
    "createTime": "2021-09-03T05:47:08.000Z",
    "lastUpdateTime": "2021-09-03T05:47:08.000Z",
    "auth": 2,
    "uid": "obd-o2TqhU5V49yi28tSjDqysoIw4zUTi6H",
    "publishedVersion": 0,
    "forkFrom": "-",
    "isSpam": 0,
    "version": 1,
    "parentVersion": -1,
    "echartsVersion": "5.2.0",
    "versionCreateTime": "2021-09-03T05:47:08.000Z",
    "html": "",
    "externalScripts": "",
    "updaterUID": "obd-o2TqhU5V49yi28tSjDqysoIw4zUTi6H",
    "theme": "",
    "layout": "",
    "viewCount": 0,
    "userName": "m***h",
    "commentCount": 0,
    "starCount": 3,
    "isStared": 0,
    "thumbnailURL": "https://www.makeapie.com/ecg-storage/ec_gallery_thumbnail/xkIYURSWPb.png?v=1630648028306",
    "isCustomThumbnail": 0,
    "builtinTags": [
        "category-work",
        "grid",
        "series-pictorialBar",
        "tooltip"
    ],
    "customTags": [],
    "updaterUserName": "m***h"
}