{
    "cid": "xOe_FF2gTZ",
    "authorUid": "bd-2218151701",
    "authorUserName": "爱***鲜",
    "title": "近五年全省清洁能源发电及电能占比情况",
    "description": "",
    "latestVersion": 1,
    "alwaysLatest": 0,
    "createTime": "2021-09-03T07:38:11.000Z",
    "lastUpdateTime": "2021-09-03T07:38:11.000Z",
    "auth": 2,
    "uid": "bd-2218151701",
    "publishedVersion": 0,
    "forkFrom": "-",
    "isSpam": 0,
    "version": 1,
    "parentVersion": -1,
    "echartsVersion": "5.2.0",
    "versionCreateTime": "2021-09-03T07:38:11.000Z",
    "html": "",
    "externalScripts": "",
    "updaterUID": "bd-2218151701",
    "theme": "",
    "layout": "",
    "viewCount": 0,
    "userName": "爱***鲜",
    "commentCount": 0,
    "starCount": 2,
    "isStared": 0,
    "thumbnailURL": "https://www.makeapie.com/ecg-storage/ec_gallery_thumbnail/xOe_FF2gTZ.png?v=1630654691666",
    "isCustomThumbnail": 0,
    "builtinTags": [
        "category-work",
        "legend",
        "series-pie",
        "title",
        "tooltip"
    ],
    "customTags": [],
    "updaterUserName": "爱***鲜"
}