{
    "cid": "xq_R70hm_p",
    "authorUid": "obd-olnpFw4Uv9yvzwmq4zGnV7KYZ825V0f",
    "authorUserName": "h***i",
    "title": "手动触发tooltip",
    "description": "",
    "latestVersion": 3,
    "alwaysLatest": 0,
    "createTime": "2021-09-03T06:14:20.000Z",
    "lastUpdateTime": "2021-09-06T02:54:30.000Z",
    "auth": 2,
    "uid": "obd-olnpFw4Uv9yvzwmq4zGnV7KYZ825V0f",
    "publishedVersion": 0,
    "forkFrom": "-",
    "isSpam": 0,
    "version": 3,
    "parentVersion": 2,
    "echartsVersion": "5.2.0",
    "versionCreateTime": "2021-09-06T02:54:30.000Z",
    "html": "",
    "externalScripts": "",
    "updaterUID": "obd-olnpFw4Uv9yvzwmq4zGnV7KYZ825V0f",
    "theme": "",
    "layout": "",
    "viewCount": 0,
    "userName": "h***i",
    "commentCount": 0,
    "starCount": 0,
    "isStared": 0,
    "thumbnailURL": "https://www.makeapie.com/ecg-storage/ec_gallery_thumbnail/xq_R70hm_p.png?v=1630896870163",
    "isCustomThumbnail": 0,
    "builtinTags": [
        "category-work",
        "grid",
        "series-bar",
        "title",
        "tooltip"
    ],
    "customTags": [],
    "updaterUserName": "h***i"
}