{
    "cid": "xQbO0oOmdg",
    "authorUid": "bd-929366491",
    "authorUserName": "遗***夏",
    "title": "基本中国地图，根据各省数据区分颜色  --EK",
    "description": "",
    "latestVersion": 1,
    "alwaysLatest": 0,
    "createTime": "2021-09-03T06:50:48.000Z",
    "lastUpdateTime": "2021-09-03T06:50:48.000Z",
    "auth": 2,
    "uid": "bd-929366491",
    "publishedVersion": 0,
    "forkFrom": "-",
    "isSpam": 0,
    "version": 1,
    "parentVersion": -1,
    "echartsVersion": "5.2.0",
    "versionCreateTime": "2021-09-03T06:50:48.000Z",
    "html": "",
    "externalScripts": "/dep/echarts/map/js/china.js",
    "updaterUID": "bd-929366491",
    "theme": "",
    "layout": "",
    "viewCount": 0,
    "userName": "遗***夏",
    "commentCount": 0,
    "starCount": 0,
    "isStared": 0,
    "thumbnailURL": "https://www.makeapie.com/ecg-storage/ec_gallery_thumbnail/xQbO0oOmdg.png?v=1630651849039",
    "isCustomThumbnail": 0,
    "builtinTags": [
        "category-work",
        "geo",
        "legend",
        "series-map",
        "tooltip",
        "visualMap"
    ],
    "customTags": [],
    "updaterUserName": "遗***夏"
}