{
    "cid": "xrHSomydUX",
    "authorUid": "obd-oFuxrrNCVUlp88Yqskc2QOxWFY_Im5D",
    "authorUserName": "我***爹",
    "title": "test123",
    "description": "",
    "latestVersion": 3,
    "alwaysLatest": 0,
    "createTime": "2021-09-03T06:52:19.000Z",
    "lastUpdateTime": "2021-09-03T08:39:21.000Z",
    "auth": 1,
    "uid": "obd-oFuxrrNCVUlp88Yqskc2QOxWFY_Im5D",
    "publishedVersion": 0,
    "forkFrom": "-",
    "isSpam": 0,
    "version": 3,
    "parentVersion": 2,
    "echartsVersion": "5.2.0",
    "versionCreateTime": "2021-09-03T08:39:21.000Z",
    "html": "",
    "externalScripts": "",
    "updaterUID": "obd-oFuxrrNCVUlp88Yqskc2QOxWFY_Im5D",
    "theme": "",
    "layout": "",
    "viewCount": 0,
    "userName": "我***爹",
    "commentCount": 0,
    "starCount": 2,
    "isStared": 0,
    "thumbnailURL": "https://www.makeapie.com/ecg-storage/ec_gallery_thumbnail/xrHSomydUX.png?v=1630658361834",
    "isCustomThumbnail": 0,
    "builtinTags": [
        "category-work",
        "grid",
        "series-pictorialBar"
    ],
    "customTags": [],
    "updaterUserName": "我***爹"
}