{
    "cid": "xshLKh4Umh",
    "authorUid": "bd-7382906384",
    "authorUserName": "满***6",
    "title": "分数",
    "description": "一个仪表图",
    "latestVersion": 1,
    "alwaysLatest": 0,
    "createTime": "2021-09-03T07:39:40.000Z",
    "lastUpdateTime": "2021-09-03T07:39:40.000Z",
    "auth": 2,
    "uid": "bd-7382906384",
    "publishedVersion": 0,
    "forkFrom": "-",
    "isSpam": 0,
    "version": 1,
    "parentVersion": -1,
    "echartsVersion": "5.2.0",
    "versionCreateTime": "2021-09-03T07:39:40.000Z",
    "html": "",
    "externalScripts": "",
    "updaterUID": "bd-7382906384",
    "theme": "",
    "layout": "",
    "viewCount": 0,
    "userName": "满***6",
    "commentCount": 0,
    "starCount": 1,
    "isStared": 0,
    "thumbnailURL": "https://www.makeapie.com/ecg-storage/ec_gallery_thumbnail/xshLKh4Umh.png?v=1630654780875",
    "isCustomThumbnail": 0,
    "builtinTags": [
        "category-work",
        "series-gauge",
        "title",
        "tooltip"
    ],
    "customTags": [],
    "updaterUserName": "满***6"
}