{
    "cid": "xymF3jIPvf",
    "authorUid": "obd-oEV_LrYDGjMqUojCrZDqGcXQjTady4x",
    "authorUserName": "忘***地",
    "title": "测试品",
    "description": "测试用品,多叠层,自己实现log轴",
    "latestVersion": 1,
    "alwaysLatest": 1,
    "createTime": "2021-09-03T09:55:30.000Z",
    "lastUpdateTime": "2021-09-03T09:55:30.000Z",
    "auth": 2,
    "uid": "obd-oEV_LrYDGjMqUojCrZDqGcXQjTady4x",
    "publishedVersion": 0,
    "forkFrom": "-",
    "isSpam": 0,
    "version": 1,
    "parentVersion": -1,
    "echartsVersion": "5.2.0",
    "versionCreateTime": "2021-09-03T09:55:31.000Z",
    "html": "",
    "externalScripts": "https://cdn.jsdelivr.net/npm/papaparse/papaparse.min.js,https://cdn.jsdelivr.net/npm/echarts-stat/dist/ecStat.min.js",
    "updaterUID": "obd-oEV_LrYDGjMqUojCrZDqGcXQjTady4x",
    "theme": "",
    "layout": "",
    "viewCount": 0,
    "userName": "忘***地",
    "commentCount": 0,
    "starCount": 2,
    "isStared": 0,
    "thumbnailURL": "https://www.makeapie.com/ecg-storage/ec_gallery_thumbnail/xymF3jIPvf.png?v=1630662931126",
    "isCustomThumbnail": 0,
    "builtinTags": [
        "brush",
        "category-work",
        "dataZoom",
        "grid",
        "legend",
        "series-bar",
        "title",
        "toolbox",
        "tooltip"
    ],
    "customTags": [],
    "updaterUserName": "忘***地"
}