{
    "cid": "x3B6Xh8LVp",
    "authorUid": "obd-o2PaJ_F_UXnbeu9YsxFbKCuO8Ta0K6U",
    "authorUserName": "l***r",
    "title": "2212",
    "description": "",
    "latestVersion": 4,
    "alwaysLatest": 0,
    "createTime": "2021-08-31T05:43:47.000Z",
    "lastUpdateTime": "2021-08-31T07:20:24.000Z",
    "auth": 2,
    "uid": "obd-o2PaJ_F_UXnbeu9YsxFbKCuO8Ta0K6U",
    "publishedVersion": 0,
    "forkFrom": "-",
    "isSpam": 0,
    "version": 4,
    "parentVersion": 3,
    "echartsVersion": "4.0.1",
    "versionCreateTime": "2021-08-31T07:20:24.000Z",
    "html": "",
    "externalScripts": "",
    "updaterUID": "obd-o2PaJ_F_UXnbeu9YsxFbKCuO8Ta0K6U",
    "theme": "",
    "layout": "",
    "viewCount": 0,
    "userName": "l***r",
    "commentCount": 0,
    "starCount": 2,
    "isStared": 0,
    "thumbnailURL": "https://www.makeapie.com/ecg-storage/ec_gallery_thumbnail/x3B6Xh8LVp.png?v=1630394424969",
    "isCustomThumbnail": 0,
    "builtinTags": [
        "category-work",
        "polar",
        "series-scatter",
        "tooltip"
    ],
    "customTags": [],
    "updaterUserName": "l***r"
}