{
    "cid": "x6E6ZGX7fy",
    "authorUid": "obd-ojxR1LMU2cVhc39qXJ5UahE1Elh_MEU",
    "authorUserName": "峰***事",
    "title": "折线图区域颜色填充",
    "description": "",
    "latestVersion": 1,
    "alwaysLatest": 0,
    "createTime": "2021-09-01T07:19:49.000Z",
    "lastUpdateTime": "2021-09-01T07:19:49.000Z",
    "auth": 1,
    "uid": "obd-ojxR1LMU2cVhc39qXJ5UahE1Elh_MEU",
    "publishedVersion": 0,
    "forkFrom": "-",
    "isSpam": 0,
    "version": 1,
    "parentVersion": -1,
    "echartsVersion": "5.2.0",
    "versionCreateTime": "2021-09-01T07:19:49.000Z",
    "html": "",
    "externalScripts": "",
    "updaterUID": "obd-ojxR1LMU2cVhc39qXJ5UahE1Elh_MEU",
    "theme": "",
    "layout": "",
    "viewCount": 0,
    "userName": "峰***事",
    "commentCount": 0,
    "starCount": 0,
    "isStared": 0,
    "thumbnailURL": "https://www.makeapie.com/ecg-storage/ec_gallery_thumbnail/x6E6ZGX7fy.png?v=1630480789592",
    "isCustomThumbnail": 0,
    "builtinTags": [
        "category-work",
        "grid",
        "series-line"
    ],
    "customTags": [],
    "updaterUserName": "峰***事"
}