{
    "cid": "x94EmekQtB",
    "authorUid": "obd-oAFgu6EERIikeH2xC5OA2aR8IonI-7d",
    "authorUserName": "余***教",
    "title": "组织架构资产一览图",
    "description": "",
    "latestVersion": 7,
    "alwaysLatest": 0,
    "createTime": "2021-08-31T09:01:01.000Z",
    "lastUpdateTime": "2021-10-09T04:02:24.000Z",
    "auth": 1,
    "uid": "obd-oAFgu6EERIikeH2xC5OA2aR8IonI-7d",
    "publishedVersion": 0,
    "forkFrom": "-",
    "isSpam": 0,
    "version": 7,
    "parentVersion": 6,
    "echartsVersion": "4.7.0",
    "versionCreateTime": "2021-10-09T04:02:24.000Z",
    "html": "",
    "externalScripts": "",
    "updaterUID": "obd-oAFgu6EERIikeH2xC5OA2aR8IonI-7d",
    "theme": "",
    "layout": "",
    "viewCount": 0,
    "userName": "余***教",
    "commentCount": 0,
    "starCount": 3,
    "isStared": 0,
    "thumbnailURL": "https://www.makeapie.com/ecg-storage/ec_gallery_thumbnail/x94EmekQtB.png?v=1633752144483",
    "isCustomThumbnail": 0,
    "builtinTags": [
        "category-work",
        "series-tree",
        "toolbox",
        "tooltip"
    ],
    "customTags": [],
    "updaterUserName": "余***教"
}