{
    "cid": "x9AqJFEiGf7",
    "authorUid": "obd-oMfbQRsCGJaOlhv1pphFQGYpQYDrf2d",
    "authorUserName": "峰***年",
    "title": "折现柱状图",
    "description": "折现柱状图",
    "latestVersion": 8,
    "alwaysLatest": 0,
    "createTime": "2021-09-01T02:57:44.000Z",
    "lastUpdateTime": "2021-10-29T08:21:21.000Z",
    "auth": 1,
    "uid": "obd-oMfbQRsCGJaOlhv1pphFQGYpQYDrf2d",
    "publishedVersion": 0,
    "forkFrom": "-",
    "isSpam": 0,
    "version": 8,
    "parentVersion": 7,
    "echartsVersion": "5.1.2",
    "versionCreateTime": "2021-10-29T08:21:21.000Z",
    "html": "",
    "externalScripts": "",
    "updaterUID": "obd-oD0Zhws3Reff9FeuF_6Wci9eFM7aZ1z",
    "theme": "",
    "layout": "",
    "viewCount": 0,
    "userName": "峰***年",
    "commentCount": 0,
    "starCount": 1,
    "isStared": 0,
    "thumbnailURL": "https://www.makeapie.com/ecg-storage/ec_gallery_thumbnail/x9AqJFEiGf7.png?v=1635495681974",
    "isCustomThumbnail": 0,
    "builtinTags": [
        "category-work",
        "grid",
        "legend",
        "series-bar",
        "series-line",
        "tooltip"
    ],
    "customTags": [],
    "updaterUserName": "海***火"
}