{
    "cid": "x9IuKAUTUn",
    "authorUid": "obd-o-6CAK5ShKB06xfJ7L6KFDwpZx5oNAY",
    "authorUserName": "l***e",
    "title": "{a|11}{b|分}",
    "description": "得分圆环",
    "latestVersion": 1,
    "alwaysLatest": 0,
    "createTime": "2021-08-30T10:07:43.000Z",
    "lastUpdateTime": "2021-08-30T10:07:43.000Z",
    "auth": 2,
    "uid": "obd-o-6CAK5ShKB06xfJ7L6KFDwpZx5oNAY",
    "publishedVersion": 0,
    "forkFrom": "-",
    "isSpam": 0,
    "version": 1,
    "parentVersion": -1,
    "echartsVersion": "5.1.2",
    "versionCreateTime": "2021-08-30T10:07:43.000Z",
    "html": "",
    "externalScripts": "",
    "updaterUID": "obd-o-6CAK5ShKB06xfJ7L6KFDwpZx5oNAY",
    "theme": "",
    "layout": "",
    "viewCount": 0,
    "userName": "l***e",
    "commentCount": 0,
    "starCount": 1,
    "isStared": 0,
    "thumbnailURL": "https://www.makeapie.com/ecg-storage/ec_gallery_thumbnail/x9IuKAUTUn.png?v=1630318064131",
    "isCustomThumbnail": 0,
    "builtinTags": [
        "category-work",
        "polar",
        "series-bar",
        "series-pie",
        "title",
        "tooltip"
    ],
    "customTags": [],
    "updaterUserName": "l***e"
}