{
    "cid": "x_xWPJs810",
    "authorUid": "bd-588530789",
    "authorUserName": "f***0",
    "title": "玫瑰图",
    "description": "",
    "latestVersion": 7,
    "alwaysLatest": 0,
    "createTime": "2021-09-01T02:47:52.000Z",
    "lastUpdateTime": "2021-09-02T02:53:17.000Z",
    "auth": 1,
    "uid": "bd-588530789",
    "publishedVersion": 0,
    "forkFrom": "-",
    "isSpam": 0,
    "version": 7,
    "parentVersion": 6,
    "echartsVersion": "5.1.2",
    "versionCreateTime": "2021-09-02T02:53:17.000Z",
    "html": "",
    "externalScripts": "",
    "updaterUID": "obd-oMfbQRsCGJaOlhv1pphFQGYpQYDrf2d",
    "theme": "",
    "layout": "",
    "viewCount": 0,
    "userName": "f***0",
    "commentCount": 0,
    "starCount": 0,
    "isStared": 0,
    "thumbnailURL": "https://www.makeapie.com/ecg-storage/ec_gallery_thumbnail/x_xWPJs810.png?v=1630551197504",
    "isCustomThumbnail": 0,
    "builtinTags": [
        "category-work",
        "legend",
        "series-pie",
        "tooltip"
    ],
    "customTags": [],
    "updaterUserName": "峰***年"
}