{
    "cid": "xbgMtnznho",
    "authorUid": "obd-olnlwyd50JBSWgEhaD9MaO0tEi4Rb0x",
    "authorUserName": "158*****231",
    "title": "柱状图markpoint",
    "description": "柱状图指定柱子添加markpoint，并确定markpoint位置",
    "latestVersion": 1,
    "alwaysLatest": 0,
    "createTime": "2021-09-01T03:17:41.000Z",
    "lastUpdateTime": "2021-09-01T03:17:41.000Z",
    "auth": 1,
    "uid": "obd-olnlwyd50JBSWgEhaD9MaO0tEi4Rb0x",
    "publishedVersion": 0,
    "forkFrom": "-",
    "isSpam": 0,
    "version": 1,
    "parentVersion": -1,
    "echartsVersion": "5.1.2",
    "versionCreateTime": "2021-09-01T03:17:41.000Z",
    "html": "",
    "externalScripts": "",
    "updaterUID": "obd-olnlwyd50JBSWgEhaD9MaO0tEi4Rb0x",
    "theme": "",
    "layout": "",
    "viewCount": 0,
    "userName": "158*****231",
    "commentCount": 0,
    "starCount": 0,
    "isStared": 0,
    "thumbnailURL": "https://www.makeapie.com/ecg-storage/ec_gallery_thumbnail/xbgMtnznho.png?v=1630466261397",
    "isCustomThumbnail": 0,
    "builtinTags": [
        "category-work",
        "grid",
        "markPoint",
        "series-bar",
        "tooltip"
    ],
    "customTags": [],
    "updaterUserName": "158*****231"
}