{
    "cid": "xhHu4_ZK6h",
    "authorUid": "obd-oF_Gj-K1MCoM1CxLnBdEwynwSr44-5Y",
    "authorUserName": "M***d",
    "title": "双层环形图",
    "description": "双层环形图",
    "latestVersion": 1,
    "alwaysLatest": 0,
    "createTime": "2021-09-01T04:27:09.000Z",
    "lastUpdateTime": "2021-09-01T04:27:09.000Z",
    "auth": 2,
    "uid": "obd-oF_Gj-K1MCoM1CxLnBdEwynwSr44-5Y",
    "publishedVersion": 0,
    "forkFrom": "-",
    "isSpam": 0,
    "version": 1,
    "parentVersion": -1,
    "echartsVersion": "5.1.2",
    "versionCreateTime": "2021-09-01T04:27:09.000Z",
    "html": "",
    "externalScripts": "",
    "updaterUID": "obd-oF_Gj-K1MCoM1CxLnBdEwynwSr44-5Y",
    "theme": "",
    "layout": "",
    "viewCount": 0,
    "userName": "M***d",
    "commentCount": 0,
    "starCount": 3,
    "isStared": 0,
    "thumbnailURL": "https://www.makeapie.com/ecg-storage/ec_gallery_thumbnail/xhHu4_ZK6h.png?v=1630470429831",
    "isCustomThumbnail": 0,
    "builtinTags": [
        "category-work",
        "series-pie",
        "title",
        "toolbox",
        "tooltip"
    ],
    "customTags": [],
    "updaterUserName": "M***d"
}