{
    "cid": "xhm9o8pOlQ",
    "authorUid": "obd-oFuGzh3qDQ_8baI2OSl0JyrsbbH7E5q",
    "authorUserName": "岁***y",
    "title": "",
    "description": "",
    "latestVersion": 1,
    "alwaysLatest": 0,
    "createTime": "2021-08-31T03:24:58.000Z",
    "lastUpdateTime": "2021-08-31T03:24:58.000Z",
    "auth": 2,
    "uid": "obd-oFuGzh3qDQ_8baI2OSl0JyrsbbH7E5q",
    "publishedVersion": 0,
    "forkFrom": "-",
    "isSpam": 0,
    "version": 1,
    "parentVersion": -1,
    "echartsVersion": "5.1.2",
    "versionCreateTime": "2021-08-31T03:24:58.000Z",
    "html": "",
    "externalScripts": "",
    "updaterUID": "obd-oFuGzh3qDQ_8baI2OSl0JyrsbbH7E5q",
    "theme": "",
    "layout": "",
    "viewCount": 0,
    "userName": "岁***y",
    "commentCount": 0,
    "starCount": 1,
    "isStared": 0,
    "thumbnailURL": "https://www.makeapie.com/ecg-storage/ec_gallery_thumbnail/xhm9o8pOlQ.png?v=1630380298227",
    "isCustomThumbnail": 0,
    "builtinTags": [
        "category-work",
        "grid",
        "legend",
        "series-bar",
        "tooltip"
    ],
    "customTags": [],
    "updaterUserName": "岁***y"
}