{
    "cid": "xmzFpMJjuy",
    "authorUid": "obd-o0NPYcai2ITO5g8A06tgsvtbAks7tFX",
    "authorUserName": "H***了",
    "title": "玫瑰图",
    "description": "",
    "latestVersion": 1,
    "alwaysLatest": 0,
    "createTime": "2021-09-01T07:38:32.000Z",
    "lastUpdateTime": "2021-09-01T07:38:32.000Z",
    "auth": 1,
    "uid": "obd-o0NPYcai2ITO5g8A06tgsvtbAks7tFX",
    "publishedVersion": 0,
    "forkFrom": "-",
    "isSpam": 0,
    "version": 1,
    "parentVersion": -1,
    "echartsVersion": "5.1.2",
    "versionCreateTime": "2021-09-01T07:38:32.000Z",
    "html": "",
    "externalScripts": "",
    "updaterUID": "obd-o0NPYcai2ITO5g8A06tgsvtbAks7tFX",
    "theme": "",
    "layout": "",
    "viewCount": 0,
    "userName": "H***了",
    "commentCount": 0,
    "starCount": 2,
    "isStared": 0,
    "thumbnailURL": "https://www.makeapie.com/ecg-storage/ec_gallery_thumbnail/xmzFpMJjuy.png?v=1630481912488",
    "isCustomThumbnail": 0,
    "builtinTags": [
        "category-work",
        "legend",
        "series-pie",
        "tooltip"
    ],
    "customTags": [],
    "updaterUserName": "H***了"
}