{
    "cid": "xrK-yWXheX",
    "authorUid": "obd-oAg1DZ2MulVJBxyzZ__1d9Tizasb07A",
    "authorUserName": "晴***傷",
    "title": "桑基图-",
    "description": "",
    "latestVersion": 5,
    "alwaysLatest": 0,
    "createTime": "2021-08-31T08:44:25.000Z",
    "lastUpdateTime": "2021-09-03T02:34:11.000Z",
    "auth": 1,
    "uid": "obd-oAg1DZ2MulVJBxyzZ__1d9Tizasb07A",
    "publishedVersion": 0,
    "forkFrom": "-",
    "isSpam": 0,
    "version": 5,
    "parentVersion": 4,
    "echartsVersion": "5.1.2",
    "versionCreateTime": "2021-09-03T02:34:11.000Z",
    "html": "",
    "externalScripts": "",
    "updaterUID": "obd-oNTOy0G4Zkr75rL9UTtZfms_M9YkjCe",
    "theme": "",
    "layout": "",
    "viewCount": 0,
    "userName": "晴***傷",
    "commentCount": 0,
    "starCount": 1,
    "isStared": 0,
    "thumbnailURL": "https://www.makeapie.com/ecg-storage/ec_gallery_thumbnail/xrK-yWXheX.png?v=1630636451737",
    "isCustomThumbnail": 0,
    "builtinTags": [
        "category-work",
        "series-sankey",
        "toolbox"
    ],
    "customTags": [],
    "updaterUserName": "晴***n"
}