{
    "cid": "xv3eeMb1N4",
    "authorUid": "obd-o-GSe6SdD2lUx_PKyeStVxEBPUEDNA5",
    "authorUserName": "q***n",
    "title": "",
    "description": "",
    "latestVersion": 1,
    "alwaysLatest": 0,
    "createTime": "2021-08-31T01:03:41.000Z",
    "lastUpdateTime": "2021-08-31T01:03:41.000Z",
    "auth": 2,
    "uid": "obd-o-GSe6SdD2lUx_PKyeStVxEBPUEDNA5",
    "publishedVersion": 0,
    "forkFrom": "-",
    "isSpam": 0,
    "version": 1,
    "parentVersion": -1,
    "echartsVersion": "4.9.0",
    "versionCreateTime": "2021-08-31T01:03:41.000Z",
    "html": "",
    "externalScripts": "",
    "updaterUID": "obd-o-GSe6SdD2lUx_PKyeStVxEBPUEDNA5",
    "theme": "",
    "layout": "",
    "viewCount": 0,
    "userName": "q***n",
    "commentCount": 0,
    "starCount": 2,
    "isStared": 0,
    "thumbnailURL": "https://www.makeapie.com/ecg-storage/ec_gallery_thumbnail/xv3eeMb1N4.png?v=1630371821603",
    "isCustomThumbnail": 0,
    "builtinTags": [
        "category-work",
        "series-graph"
    ],
    "customTags": [],
    "updaterUserName": "q***n"
}