{
    "cid": "x1ZQgU5PCH",
    "authorUid": "obd-o0AOEyQ0U41_pra4-fFlMsR_LxW-zFU",
    "authorUserName": "大***0",
    "title": "柱状图，渐变色，有弧度",
    "description": "",
    "latestVersion": 2,
    "alwaysLatest": 0,
    "createTime": "2021-05-26T01:34:33.000Z",
    "lastUpdateTime": "2021-05-26T01:34:33.000Z",
    "auth": 2,
    "uid": "obd-o0AOEyQ0U41_pra4-fFlMsR_LxW-zFU",
    "publishedVersion": 0,
    "forkFrom": "-",
    "isSpam": 0,
    "version": 2,
    "parentVersion": 1,
    "echartsVersion": "5.1.1",
    "versionCreateTime": "2021-05-26T01:38:28.000Z",
    "html": "",
    "externalScripts": "",
    "updaterUID": "obd-o0AOEyQ0U41_pra4-fFlMsR_LxW-zFU",
    "theme": "",
    "layout": "",
    "viewCount": 0,
    "userName": "大***0",
    "commentCount": 0,
    "starCount": 2,
    "isStared": 0,
    "thumbnailURL": "https://www.makeapie.com/ecg-storage/ec_gallery_thumbnail/x1ZQgU5PCH.png?v=1621993108582",
    "isCustomThumbnail": 0,
    "builtinTags": [
        "category-work",
        "grid",
        "legend",
        "series-bar",
        "series-line"
    ],
    "customTags": [],
    "updaterUserName": "大***0"
}