{
    "cid": "x3xz4I0sf2",
    "authorUid": "bd-365218436",
    "authorUserName": "G***G",
    "title": "普通饼图",
    "description": "",
    "latestVersion": 9,
    "alwaysLatest": 0,
    "createTime": "2021-05-27T01:49:52.000Z",
    "lastUpdateTime": "2021-10-22T02:38:15.000Z",
    "auth": 2,
    "uid": "bd-365218436",
    "publishedVersion": 0,
    "forkFrom": "-",
    "isSpam": 0,
    "version": 9,
    "parentVersion": 8,
    "echartsVersion": "4.9.0",
    "versionCreateTime": "2021-10-22T02:38:15.000Z",
    "html": "",
    "externalScripts": "",
    "updaterUID": "bd-365218436",
    "theme": "",
    "layout": "",
    "viewCount": 0,
    "userName": "G***G",
    "commentCount": 0,
    "starCount": 1,
    "isStared": 0,
    "thumbnailURL": "https://www.makeapie.com/ecg-storage/ec_gallery_thumbnail/x3xz4I0sf2.png?v=1634870295678",
    "isCustomThumbnail": 0,
    "builtinTags": [
        "category-work",
        "legend",
        "series-pie",
        "tooltip"
    ],
    "customTags": [],
    "updaterUserName": "G***G"
}