{
    "cid": "x8Exfrje_f",
    "authorUid": "obd-oEg_VVgjqfMa_nsHTA0Q60Yt8Ganb4u",
    "authorUserName": "f***h",
    "title": "誉通科技规划图",
    "description": "个人练习",
    "latestVersion": 8,
    "alwaysLatest": 0,
    "createTime": "2021-05-26T12:50:16.000Z",
    "lastUpdateTime": "2021-05-26T12:50:16.000Z",
    "auth": 2,
    "uid": "obd-oEg_VVgjqfMa_nsHTA0Q60Yt8Ganb4u",
    "publishedVersion": 0,
    "forkFrom": "-",
    "isSpam": 0,
    "version": 8,
    "parentVersion": 7,
    "echartsVersion": "5.1.1",
    "versionCreateTime": "2021-05-26T13:29:56.000Z",
    "html": "",
    "externalScripts": "/dep/echarts/map/js/china.js,https://cdn.jsdelivr.net/npm/echarts@5/dist/extension/bmap.min.js,https://cdn.jsdelivr.net/npm/echarts-gl@2/dist/echarts-gl.min.js",
    "updaterUID": "obd-oEg_VVgjqfMa_nsHTA0Q60Yt8Ganb4u",
    "theme": "",
    "layout": "",
    "viewCount": 0,
    "userName": "f***h",
    "commentCount": 0,
    "starCount": 3,
    "isStared": 0,
    "thumbnailURL": "https://www.makeapie.com/ecg-storage/ec_gallery_thumbnail/x8Exfrje_f.png?v=1622035796941",
    "isCustomThumbnail": 0,
    "builtinTags": [
        "category-work",
        "geo",
        "legend",
        "series-effectScatter",
        "series-lines",
        "title",
        "tooltip"
    ],
    "customTags": [],
    "updaterUserName": "f***h"
}