{
    "cid": "xaH1UaPoO2",
    "authorUid": "obd-o0AOEyQ0U41_pra4-fFlMsR_LxW-zFU",
    "authorUserName": "大***0",
    "title": "横向进度条",
    "description": "横向进度条，继承自竖向进度条",
    "latestVersion": 2,
    "alwaysLatest": 0,
    "createTime": "2021-05-25T01:07:36.000Z",
    "lastUpdateTime": "2021-05-25T01:07:36.000Z",
    "auth": 2,
    "uid": "obd-o0AOEyQ0U41_pra4-fFlMsR_LxW-zFU",
    "publishedVersion": 0,
    "forkFrom": "-",
    "isSpam": 0,
    "version": 2,
    "parentVersion": 1,
    "echartsVersion": "5.1.1",
    "versionCreateTime": "2021-05-25T01:39:46.000Z",
    "html": "",
    "externalScripts": "",
    "updaterUID": "obd-o0AOEyQ0U41_pra4-fFlMsR_LxW-zFU",
    "theme": "",
    "layout": "",
    "viewCount": 0,
    "userName": "大***0",
    "commentCount": 0,
    "starCount": 1,
    "isStared": 0,
    "thumbnailURL": "https://www.makeapie.com/ecg-storage/ec_gallery_thumbnail/xaH1UaPoO2.png?v=1621906786674",
    "isCustomThumbnail": 0,
    "builtinTags": [
        "category-work",
        "grid",
        "series-pictorialBar"
    ],
    "customTags": [],
    "updaterUserName": "大***0"
}