{
    "cid": "xDavTZPbP3",
    "authorUid": "bd-3004421461",
    "authorUserName": "P***N",
    "title": "双层派自定义label",
    "description": "",
    "latestVersion": 2,
    "alwaysLatest": 0,
    "createTime": "2021-05-27T01:54:56.000Z",
    "lastUpdateTime": "2021-05-27T01:54:56.000Z",
    "auth": 2,
    "uid": "bd-3004421461",
    "publishedVersion": 0,
    "forkFrom": "-",
    "isSpam": 0,
    "version": 2,
    "parentVersion": 1,
    "echartsVersion": "5.1.1",
    "versionCreateTime": "2021-05-27T01:55:08.000Z",
    "html": "",
    "externalScripts": "",
    "updaterUID": "bd-3004421461",
    "theme": "",
    "layout": "",
    "viewCount": 0,
    "userName": "P***N",
    "commentCount": 0,
    "starCount": 1,
    "isStared": 0,
    "thumbnailURL": "https://www.makeapie.com/ecg-storage/ec_gallery_thumbnail/xDavTZPbP3.png?v=1622080508554",
    "isCustomThumbnail": 0,
    "builtinTags": [
        "category-work",
        "series-pie"
    ],
    "customTags": [],
    "updaterUserName": "P***N"
}