{
    "cid": "xh6ZZWS-kb",
    "authorUid": "obd-o0AOEyQ0U41_pra4-fFlMsR_LxW-zFU",
    "authorUserName": "大***0",
    "title": "仪表盘",
    "description": "",
    "latestVersion": 2,
    "alwaysLatest": 0,
    "createTime": "2021-05-26T00:47:55.000Z",
    "lastUpdateTime": "2021-05-26T00:47:55.000Z",
    "auth": 2,
    "uid": "obd-o0AOEyQ0U41_pra4-fFlMsR_LxW-zFU",
    "publishedVersion": 0,
    "forkFrom": "-",
    "isSpam": 0,
    "version": 2,
    "parentVersion": 1,
    "echartsVersion": "5.1.1",
    "versionCreateTime": "2021-05-26T00:48:08.000Z",
    "html": "",
    "externalScripts": "",
    "updaterUID": "obd-o0AOEyQ0U41_pra4-fFlMsR_LxW-zFU",
    "theme": "",
    "layout": "",
    "viewCount": 0,
    "userName": "大***0",
    "commentCount": 0,
    "starCount": 0,
    "isStared": 0,
    "thumbnailURL": "https://www.makeapie.com/ecg-storage/ec_gallery_thumbnail/xh6ZZWS-kb.png?v=1621990089075",
    "isCustomThumbnail": 0,
    "builtinTags": [
        "category-work",
        "series-gauge"
    ],
    "customTags": [],
    "updaterUserName": "大***0"
}