{
    "cid": "xM6W5ptB9y",
    "authorUid": "obd-ojgTs_jdAA-jsHdwfk15r7p6NNzmTDK",
    "authorUserName": "一***心",
    "title": "瀑布图",
    "description": "",
    "latestVersion": 3,
    "alwaysLatest": 0,
    "createTime": "2021-05-25T10:15:47.000Z",
    "lastUpdateTime": "2021-05-25T10:15:47.000Z",
    "auth": 2,
    "uid": "obd-ojgTs_jdAA-jsHdwfk15r7p6NNzmTDK",
    "publishedVersion": 0,
    "forkFrom": "-",
    "isSpam": 0,
    "version": 3,
    "parentVersion": 2,
    "echartsVersion": "5.1.1",
    "versionCreateTime": "2021-05-25T10:34:09.000Z",
    "html": "",
    "externalScripts": "",
    "updaterUID": "obd-ojgTs_jdAA-jsHdwfk15r7p6NNzmTDK",
    "theme": "",
    "layout": "",
    "viewCount": 0,
    "userName": "一***心",
    "commentCount": 0,
    "starCount": 1,
    "isStared": 0,
    "thumbnailURL": "https://www.makeapie.com/ecg-storage/ec_gallery_thumbnail/xM6W5ptB9y.png?v=1621938849894",
    "isCustomThumbnail": 0,
    "builtinTags": [
        "category-work",
        "grid",
        "series-bar",
        "title",
        "tooltip"
    ],
    "customTags": [],
    "updaterUserName": "一***心"
}