{
    "cid": "xPOoUphALa",
    "authorUid": "obd-o2HdDLuLPo6xEKGLgG2P_MgVQ2XePBc",
    "authorUserName": "安***5",
    "title": "3D地图",
    "description": "基于echarts-gl绘制的基础地图",
    "latestVersion": 1,
    "alwaysLatest": 0,
    "createTime": "2021-05-26T04:03:12.000Z",
    "lastUpdateTime": "2021-05-26T04:03:12.000Z",
    "auth": 2,
    "uid": "obd-o2HdDLuLPo6xEKGLgG2P_MgVQ2XePBc",
    "publishedVersion": 0,
    "forkFrom": "-",
    "isSpam": 0,
    "version": 1,
    "parentVersion": -1,
    "echartsVersion": "5.1.1",
    "versionCreateTime": "2021-05-26T04:03:12.000Z",
    "html": "",
    "externalScripts": "https://cdn.bootcdn.net/ajax/libs/jquery/3.6.0/jquery.js,https://cdn.jsdelivr.net/npm/echarts-gl@1/dist/echarts-gl.min.js,https://cdn.jsdelivr.net/npm/echarts-gl@2/dist/echarts-gl.min.js",
    "updaterUID": "obd-o2HdDLuLPo6xEKGLgG2P_MgVQ2XePBc",
    "theme": "",
    "layout": "",
    "viewCount": 0,
    "userName": "安***5",
    "commentCount": 0,
    "starCount": 0,
    "isStared": 0,
    "thumbnailURL": "https://www.makeapie.com/ecg-storage/ec_gallery_thumbnail/xPOoUphALa.undefined?v=",
    "isCustomThumbnail": 0,
    "builtinTags": [
        "category-work"
    ],
    "customTags": [],
    "updaterUserName": "安***5"
}