{
    "cid": "xRz1Wi0Swc",
    "authorUid": "obd-ol0lDmf9JR8NngODP1mdUIb21LQSy07",
    "authorUserName": "l***1",
    "title": "世界人口总量",
    "description": "数据来自网络",
    "latestVersion": 3,
    "alwaysLatest": 1,
    "createTime": "2021-05-25T06:40:00.000Z",
    "lastUpdateTime": "2021-05-25T06:40:00.000Z",
    "auth": 2,
    "uid": "obd-ol0lDmf9JR8NngODP1mdUIb21LQSy07",
    "publishedVersion": 0,
    "forkFrom": "-",
    "isSpam": 0,
    "version": 3,
    "parentVersion": 2,
    "echartsVersion": "5.1.1",
    "versionCreateTime": "2021-05-25T06:44:46.000Z",
    "html": "",
    "externalScripts": "https://cdn.jsdelivr.net/npm/echarts-gl@2/dist/echarts-gl.min.js",
    "updaterUID": "obd-ol0lDmf9JR8NngODP1mdUIb21LQSy07",
    "theme": "",
    "layout": "",
    "viewCount": 0,
    "userName": "l***1",
    "commentCount": 0,
    "starCount": 0,
    "isStared": 0,
    "thumbnailURL": "https://www.makeapie.com/ecg-storage/ec_gallery_thumbnail/xRz1Wi0Swc.png?v=1621925086604",
    "isCustomThumbnail": 0,
    "builtinTags": [
        "category-work",
        "grid",
        "legend",
        "series-bar",
        "title",
        "tooltip"
    ],
    "customTags": [],
    "updaterUserName": "l***1"
}