{
    "cid": "xTrSENc63t",
    "authorUid": "obd-oCohVz9c-ablr4omDXf-IEt6MYpuc3n",
    "authorUserName": "150*****568",
    "title": "广东地图柱形图",
    "description": "用柱形图展示数据的差异",
    "latestVersion": 2,
    "alwaysLatest": 0,
    "createTime": "2021-05-26T06:20:01.000Z",
    "lastUpdateTime": "2021-05-26T06:20:01.000Z",
    "auth": 2,
    "uid": "obd-oCohVz9c-ablr4omDXf-IEt6MYpuc3n",
    "publishedVersion": 0,
    "forkFrom": "-",
    "isSpam": 0,
    "version": 2,
    "parentVersion": 1,
    "echartsVersion": "5.1.1",
    "versionCreateTime": "2021-05-26T06:28:40.000Z",
    "html": "",
    "externalScripts": "",
    "updaterUID": "obd-oCohVz9c-ablr4omDXf-IEt6MYpuc3n",
    "theme": "",
    "layout": "",
    "viewCount": 0,
    "userName": "150*****568",
    "commentCount": 1,
    "starCount": 7,
    "isStared": 0,
    "thumbnailURL": "https://www.makeapie.com/ecg-storage/ec_gallery_thumbnail/xTrSENc63t.png?v=1622010520516",
    "isCustomThumbnail": 0,
    "builtinTags": [
        "category-work",
        "geo",
        "series-lines",
        "series-map",
        "series-scatter",
        "tooltip"
    ],
    "customTags": [],
    "updaterUserName": "150*****568"
}