{
    "cid": "xwzftgN4jb",
    "authorUid": "bd-925573494",
    "authorUserName": "群***乐",
    "title": "空气质量",
    "description": "空气质量仪表图",
    "latestVersion": 1,
    "alwaysLatest": 0,
    "createTime": "2021-05-25T10:01:56.000Z",
    "lastUpdateTime": "2021-05-25T10:01:56.000Z",
    "auth": 2,
    "uid": "bd-925573494",
    "publishedVersion": 0,
    "forkFrom": "-",
    "isSpam": 0,
    "version": 1,
    "parentVersion": -1,
    "echartsVersion": "5.1.1",
    "versionCreateTime": "2021-05-25T10:01:56.000Z",
    "html": "",
    "externalScripts": "",
    "updaterUID": "bd-925573494",
    "theme": "",
    "layout": "",
    "viewCount": 0,
    "userName": "群***乐",
    "commentCount": 0,
    "starCount": 1,
    "isStared": 0,
    "thumbnailURL": "https://www.makeapie.com/ecg-storage/ec_gallery_thumbnail/xwzftgN4jb.png?v=1621936916864",
    "isCustomThumbnail": 0,
    "builtinTags": [
        "category-work",
        "series-gauge",
        "tooltip"
    ],
    "customTags": [
        "仪表",
        "空气质量"
    ],
    "updaterUserName": "群***乐"
}