{
    "cid": "xXReK-rsTW",
    "authorUid": "bd-899322333",
    "authorUserName": "139*****254",
    "title": "3D柱状图",
    "description": "无",
    "latestVersion": 1,
    "alwaysLatest": 0,
    "createTime": "2021-05-25T02:05:25.000Z",
    "lastUpdateTime": "2021-05-25T02:05:25.000Z",
    "auth": 2,
    "uid": "bd-899322333",
    "publishedVersion": 0,
    "forkFrom": "-",
    "isSpam": 0,
    "version": 1,
    "parentVersion": -1,
    "echartsVersion": "5.1.1",
    "versionCreateTime": "2021-05-25T02:05:25.000Z",
    "html": "",
    "externalScripts": "",
    "updaterUID": "bd-899322333",
    "theme": "",
    "layout": "",
    "viewCount": 0,
    "userName": "139*****254",
    "commentCount": 0,
    "starCount": 1,
    "isStared": 0,
    "thumbnailURL": "https://www.makeapie.com/ecg-storage/ec_gallery_thumbnail/xXReK-rsTW.png?v=1621908325831",
    "isCustomThumbnail": 0,
    "builtinTags": [
        "category-work",
        "grid",
        "series-bar",
        "series-custom"
    ],
    "customTags": [],
    "updaterUserName": "139*****254"
}