{
    "cid": "x56DpP9sMG",
    "authorUid": "obd-oEn_ZtlLJ8NNxQ4jo7no6Srzn2K6_4N",
    "authorUserName": "y***i",
    "title": "双向柱状图",
    "description": "",
    "latestVersion": 1,
    "alwaysLatest": 1,
    "createTime": "2020-10-22T09:52:25.000Z",
    "lastUpdateTime": "2020-10-22T09:52:25.000Z",
    "auth": 2,
    "uid": "obd-oEn_ZtlLJ8NNxQ4jo7no6Srzn2K6_4N",
    "publishedVersion": 0,
    "forkFrom": "-",
    "isSpam": 0,
    "version": 1,
    "parentVersion": -1,
    "echartsVersion": "4.8.0",
    "versionCreateTime": "2020-10-22T09:52:25.000Z",
    "html": "",
    "externalScripts": "https://cdn.bootcdn.net/ajax/libs/lodash.js/4.17.15/lodash.js",
    "updaterUID": "obd-oEn_ZtlLJ8NNxQ4jo7no6Srzn2K6_4N",
    "theme": "",
    "layout": "",
    "viewCount": 1145,
    "userName": "y***i",
    "commentCount": 0,
    "starCount": 5,
    "isStared": 0,
    "thumbnailURL": "https://www.makeapie.com/ecg-storage/ec_gallery_thumbnail/x56DpP9sMG.png?v=1603360346001",
    "isCustomThumbnail": 0,
    "builtinTags": [
        "category-work",
        "grid",
        "legend",
        "series-bar",
        "tooltip"
    ],
    "customTags": [],
    "updaterUserName": "y***i"
}