{
    "cid": "x5OHV-IpCR",
    "authorUid": "obd-oAh5t2S9aueVj1-TBO9yTuvdQXkZU77",
    "authorUserName": "s***子",
    "title": "目标调整",
    "description": "",
    "latestVersion": 2,
    "alwaysLatest": 1,
    "createTime": "2020-10-21T08:25:10.000Z",
    "lastUpdateTime": "2020-10-21T08:25:10.000Z",
    "auth": 2,
    "uid": "obd-oAh5t2S9aueVj1-TBO9yTuvdQXkZU77",
    "publishedVersion": 0,
    "forkFrom": "-",
    "isSpam": 0,
    "version": 2,
    "parentVersion": 1,
    "echartsVersion": "4.8.0",
    "versionCreateTime": "2020-10-21T09:30:25.000Z",
    "html": "",
    "externalScripts": "",
    "updaterUID": "obd-oAh5t2S9aueVj1-TBO9yTuvdQXkZU77",
    "theme": "",
    "layout": "",
    "viewCount": 100,
    "userName": "s***子",
    "commentCount": 0,
    "starCount": 0,
    "isStared": 0,
    "thumbnailURL": "https://www.makeapie.com/ecg-storage/ec_gallery_thumbnail/x5OHV-IpCR.png?v=1603272625572",
    "isCustomThumbnail": 0,
    "builtinTags": [
        "category-work",
        "dataZoom",
        "grid",
        "legend",
        "series-bar",
        "tooltip"
    ],
    "customTags": [],
    "updaterUserName": "s***子"
}