{
    "cid": "xaGPpFuSZ4",
    "authorUid": "bd-1627449234",
    "authorUserName": "l***w",
    "title": "双排条形图",
    "description": "",
    "latestVersion": 1,
    "alwaysLatest": 1,
    "createTime": "2020-10-21T10:48:27.000Z",
    "lastUpdateTime": "2020-10-21T10:48:27.000Z",
    "auth": 2,
    "uid": "bd-1627449234",
    "publishedVersion": 0,
    "forkFrom": "-",
    "isSpam": 0,
    "version": 1,
    "parentVersion": -1,
    "echartsVersion": "4.8.0",
    "versionCreateTime": "2020-10-21T10:48:27.000Z",
    "html": "",
    "externalScripts": "",
    "updaterUID": "bd-1627449234",
    "theme": "",
    "layout": "",
    "viewCount": 105,
    "userName": "l***w",
    "commentCount": 0,
    "starCount": 1,
    "isStared": 0,
    "thumbnailURL": "https://www.makeapie.com/ecg-storage/ec_gallery_thumbnail/xaGPpFuSZ4.png?v=1603277307883",
    "isCustomThumbnail": 0,
    "builtinTags": [
        "category-work",
        "grid",
        "legend",
        "series-bar",
        "series-pictorialBar",
        "timeline"
    ],
    "customTags": [],
    "updaterUserName": "l***w"
}