{
    "cid": "xaXQF33VKA",
    "authorUid": "bd-340991255",
    "authorUserName": "困***里",
    "title": "漏斗图",
    "description": "",
    "latestVersion": 2,
    "alwaysLatest": 1,
    "createTime": "2020-10-22T09:45:54.000Z",
    "lastUpdateTime": "2020-10-22T09:45:54.000Z",
    "auth": 2,
    "uid": "bd-340991255",
    "publishedVersion": 0,
    "forkFrom": "-",
    "isSpam": 0,
    "version": 2,
    "parentVersion": 1,
    "echartsVersion": "4.8.0",
    "versionCreateTime": "2020-10-26T01:47:36.000Z",
    "html": "",
    "externalScripts": "",
    "updaterUID": "bd-340991255",
    "theme": "",
    "layout": "",
    "viewCount": 143,
    "userName": "困***里",
    "commentCount": 0,
    "starCount": 0,
    "isStared": 0,
    "thumbnailURL": "https://www.makeapie.com/ecg-storage/ec_gallery_thumbnail/xaXQF33VKA.png?v=1603676856117",
    "isCustomThumbnail": 0,
    "builtinTags": [
        "category-work",
        "legend",
        "series-funnel",
        "tooltip"
    ],
    "customTags": [],
    "updaterUserName": "困***里"
}