{
    "cid": "xAyx9vOLsI",
    "authorUid": "obd-o-befzXgNVbCBDxbR46qZa7h0EZUCAZ",
    "authorUserName": "s***9",
    "title": "消防车辆类别统计",
    "description": "",
    "latestVersion": 1,
    "alwaysLatest": 1,
    "createTime": "2020-10-21T08:53:35.000Z",
    "lastUpdateTime": "2020-10-21T08:53:35.000Z",
    "auth": 2,
    "uid": "obd-o-befzXgNVbCBDxbR46qZa7h0EZUCAZ",
    "publishedVersion": 0,
    "forkFrom": "-",
    "isSpam": 0,
    "version": 1,
    "parentVersion": -1,
    "echartsVersion": "4.8.0",
    "versionCreateTime": "2020-10-21T08:53:35.000Z",
    "html": "",
    "externalScripts": "",
    "updaterUID": "obd-o-befzXgNVbCBDxbR46qZa7h0EZUCAZ",
    "theme": "",
    "layout": "",
    "viewCount": 19,
    "userName": "s***9",
    "commentCount": 0,
    "starCount": 0,
    "isStared": 0,
    "thumbnailURL": "https://www.makeapie.com/ecg-storage/ec_gallery_thumbnail/xAyx9vOLsI.png?v=1603270415610",
    "isCustomThumbnail": 0,
    "builtinTags": [
        "category-work",
        "legend",
        "series-pie",
        "title",
        "tooltip"
    ],
    "customTags": [],
    "updaterUserName": "s***9"
}