{
    "cid": "xbkVo-qVuD",
    "authorUid": "obd-oNl2FeeG4zCzGrug2-_pODBGhkP2vCw",
    "authorUserName": "待***事",
    "title": "grid-dotted-line",
    "description": "网点业务时段分布折线图",
    "latestVersion": 1,
    "alwaysLatest": 1,
    "createTime": "2020-10-23T01:43:46.000Z",
    "lastUpdateTime": "2020-10-23T01:43:46.000Z",
    "auth": 2,
    "uid": "obd-oNl2FeeG4zCzGrug2-_pODBGhkP2vCw",
    "publishedVersion": 0,
    "forkFrom": "-",
    "isSpam": 0,
    "version": 1,
    "parentVersion": -1,
    "echartsVersion": "4.8.0",
    "versionCreateTime": "2020-10-23T01:43:46.000Z",
    "html": "",
    "externalScripts": "",
    "updaterUID": "obd-oNl2FeeG4zCzGrug2-_pODBGhkP2vCw",
    "theme": "",
    "layout": "",
    "viewCount": 31,
    "userName": "待***事",
    "commentCount": 0,
    "starCount": 0,
    "isStared": 0,
    "thumbnailURL": "https://www.makeapie.com/ecg-storage/ec_gallery_thumbnail/xbkVo-qVuD.png?v=1603417427081",
    "isCustomThumbnail": 0,
    "builtinTags": [
        "category-work",
        "grid",
        "legend",
        "series-line",
        "tooltip"
    ],
    "customTags": [
        "jj-ygz"
    ],
    "updaterUserName": "待***事"
}