{
    "cid": "xFBazU7Q4l",
    "authorUid": "obd-o2rThgBTGasPAjmoA3qsw1XcyG0pX66",
    "authorUserName": "薛***1",
    "title": "中国地图-热力图",
    "description": "热力图 散点图 数据多重处理",
    "latestVersion": 1,
    "alwaysLatest": 1,
    "createTime": "2020-10-22T06:51:01.000Z",
    "lastUpdateTime": "2020-10-22T06:51:01.000Z",
    "auth": 2,
    "uid": "obd-o2rThgBTGasPAjmoA3qsw1XcyG0pX66",
    "publishedVersion": 0,
    "forkFrom": "-",
    "isSpam": 0,
    "version": 1,
    "parentVersion": -1,
    "echartsVersion": "4.8.0",
    "versionCreateTime": "2020-10-22T06:51:01.000Z",
    "html": "",
    "externalScripts": "",
    "updaterUID": "obd-o2rThgBTGasPAjmoA3qsw1XcyG0pX66",
    "theme": "",
    "layout": "",
    "viewCount": 463,
    "userName": "薛***1",
    "commentCount": 1,
    "starCount": 0,
    "isStared": 0,
    "thumbnailURL": "https://www.makeapie.com/ecg-storage/ec_gallery_thumbnail/xFBazU7Q4l.png?v=1603349461602",
    "isCustomThumbnail": 0,
    "builtinTags": [
        "category-work",
        "geo",
        "series-effectScatter",
        "series-map",
        "title",
        "tooltip",
        "visualMap"
    ],
    "customTags": [],
    "updaterUserName": "薛***1"
}