{
    "cid": "xfRsFpTMyV",
    "authorUid": "obd-oNl2FeeG4zCzGrug2-_pODBGhkP2vCw",
    "authorUserName": "待***事",
    "title": "bar-contrast",
    "description": "柜员业务量对比柱状图",
    "latestVersion": 1,
    "alwaysLatest": 1,
    "createTime": "2020-10-23T02:09:44.000Z",
    "lastUpdateTime": "2020-10-23T02:09:44.000Z",
    "auth": 2,
    "uid": "obd-oNl2FeeG4zCzGrug2-_pODBGhkP2vCw",
    "publishedVersion": 0,
    "forkFrom": "-",
    "isSpam": 0,
    "version": 1,
    "parentVersion": -1,
    "echartsVersion": "4.8.0",
    "versionCreateTime": "2020-10-23T02:09:44.000Z",
    "html": "",
    "externalScripts": "",
    "updaterUID": "obd-oNl2FeeG4zCzGrug2-_pODBGhkP2vCw",
    "theme": "",
    "layout": "",
    "viewCount": 54,
    "userName": "待***事",
    "commentCount": 0,
    "starCount": 0,
    "isStared": 0,
    "thumbnailURL": "https://www.makeapie.com/ecg-storage/ec_gallery_thumbnail/xfRsFpTMyV.png?v=1603418985087",
    "isCustomThumbnail": 0,
    "builtinTags": [
        "category-work",
        "grid",
        "series-bar"
    ],
    "customTags": [
        "jj-ygz"
    ],
    "updaterUserName": "待***事"
}