{
    "cid": "xHdewE6APX",
    "authorUid": "obd-otFkG2fGpj16HBljOVKkhLBNLvirR80",
    "authorUserName": "l***4",
    "title": "收支统计1111",
    "description": "",
    "latestVersion": 5,
    "alwaysLatest": 1,
    "createTime": "2020-10-21T15:49:53.000Z",
    "lastUpdateTime": "2020-10-21T15:49:53.000Z",
    "auth": 2,
    "uid": "obd-otFkG2fGpj16HBljOVKkhLBNLvirR80",
    "publishedVersion": 0,
    "forkFrom": "-",
    "isSpam": 0,
    "version": 5,
    "parentVersion": 4,
    "echartsVersion": "4.8.0",
    "versionCreateTime": "2020-10-21T16:02:42.000Z",
    "html": "",
    "externalScripts": "",
    "updaterUID": "obd-otFkG2fGpj16HBljOVKkhLBNLvirR80",
    "theme": "",
    "layout": "",
    "viewCount": 104,
    "userName": "l***4",
    "commentCount": 0,
    "starCount": 2,
    "isStared": 0,
    "thumbnailURL": "https://www.makeapie.com/ecg-storage/ec_gallery_thumbnail/xHdewE6APX.png?v=1603296162916",
    "isCustomThumbnail": 0,
    "builtinTags": [
        "category-work",
        "graphic",
        "legend",
        "series-pie",
        "title",
        "toolbox",
        "tooltip"
    ],
    "customTags": [],
    "updaterUserName": "l***4"
}