{
    "cid": "xlh4k0SEAp",
    "authorUid": "bd-1949357510",
    "authorUserName": "丶***炸",
    "title": "柱条范围",
    "description": "",
    "latestVersion": 3,
    "alwaysLatest": 1,
    "createTime": "2020-10-22T10:07:46.000Z",
    "lastUpdateTime": "2020-10-22T10:07:46.000Z",
    "auth": 2,
    "uid": "bd-1949357510",
    "publishedVersion": 0,
    "forkFrom": "-",
    "isSpam": 0,
    "version": 3,
    "parentVersion": 2,
    "echartsVersion": "4.8.0",
    "versionCreateTime": "2020-10-23T05:38:50.000Z",
    "html": "",
    "externalScripts": "",
    "updaterUID": "bd-1949357510",
    "theme": "",
    "layout": "",
    "viewCount": 3022,
    "userName": "丶***炸",
    "commentCount": 0,
    "starCount": 7,
    "isStared": 0,
    "thumbnailURL": "https://www.makeapie.com/ecg-storage/ec_gallery_thumbnail/xlh4k0SEAp.png?v=1603431530812",
    "isCustomThumbnail": 0,
    "builtinTags": [
        "category-work",
        "dataZoom",
        "grid",
        "series-bar"
    ],
    "customTags": [],
    "updaterUserName": "丶***炸"
}