{
    "cid": "xN8xTNJVAp",
    "authorUid": "obd-o-befzXgNVbCBDxbR46qZa7h0EZUCAZ",
    "authorUserName": "s***9",
    "title": "人员数量",
    "description": "",
    "latestVersion": 2,
    "alwaysLatest": 1,
    "createTime": "2020-10-21T08:12:38.000Z",
    "lastUpdateTime": "2020-10-21T08:12:38.000Z",
    "auth": 2,
    "uid": "obd-o-befzXgNVbCBDxbR46qZa7h0EZUCAZ",
    "publishedVersion": 0,
    "forkFrom": "-",
    "isSpam": 0,
    "version": 2,
    "parentVersion": 1,
    "echartsVersion": "4.8.0",
    "versionCreateTime": "2020-10-21T08:28:11.000Z",
    "html": "",
    "externalScripts": "",
    "updaterUID": "obd-o-befzXgNVbCBDxbR46qZa7h0EZUCAZ",
    "theme": "",
    "layout": "",
    "viewCount": 53,
    "userName": "s***9",
    "commentCount": 0,
    "starCount": 1,
    "isStared": 0,
    "thumbnailURL": "https://www.makeapie.com/ecg-storage/ec_gallery_thumbnail/xN8xTNJVAp.png?v=1603268891887",
    "isCustomThumbnail": 0,
    "builtinTags": [
        "category-work",
        "series-pie",
        "title",
        "tooltip"
    ],
    "customTags": [],
    "updaterUserName": "s***9"
}