{
    "cid": "xnNR1XpZBA",
    "authorUid": "obd-o2rThgBTGasPAjmoA3qsw1XcyG0pX66",
    "authorUserName": "薛***1",
    "title": "中国地图",
    "description": "热力图 轨迹图 气泡散点",
    "latestVersion": 1,
    "alwaysLatest": 1,
    "createTime": "2020-10-22T07:35:27.000Z",
    "lastUpdateTime": "2020-10-22T07:35:27.000Z",
    "auth": 2,
    "uid": "obd-o2rThgBTGasPAjmoA3qsw1XcyG0pX66",
    "publishedVersion": 0,
    "forkFrom": "-",
    "isSpam": 0,
    "version": 1,
    "parentVersion": -1,
    "echartsVersion": "4.8.0",
    "versionCreateTime": "2020-10-22T07:35:27.000Z",
    "html": "",
    "externalScripts": "",
    "updaterUID": "obd-o2rThgBTGasPAjmoA3qsw1XcyG0pX66",
    "theme": "dark",
    "layout": "",
    "viewCount": 562,
    "userName": "薛***1",
    "commentCount": 0,
    "starCount": 2,
    "isStared": 0,
    "thumbnailURL": "https://www.makeapie.com/ecg-storage/ec_gallery_thumbnail/xnNR1XpZBA.png?v=1603352128161",
    "isCustomThumbnail": 0,
    "builtinTags": [
        "category-work",
        "geo",
        "series-effectScatter",
        "series-lines",
        "series-map",
        "series-scatter",
        "title",
        "tooltip",
        "visualMap"
    ],
    "customTags": [],
    "updaterUserName": "薛***1"
}