{
    "cid": "xP_V8ICrwN",
    "authorUid": "obd-otFkG2fGpj16HBljOVKkhLBNLvirR80",
    "authorUserName": "l***4",
    "title": "专项监督",
    "description": "",
    "latestVersion": 1,
    "alwaysLatest": 1,
    "createTime": "2020-10-21T15:45:43.000Z",
    "lastUpdateTime": "2020-10-21T15:45:43.000Z",
    "auth": 2,
    "uid": "obd-otFkG2fGpj16HBljOVKkhLBNLvirR80",
    "publishedVersion": 0,
    "forkFrom": "-",
    "isSpam": 0,
    "version": 1,
    "parentVersion": -1,
    "echartsVersion": "4.8.0",
    "versionCreateTime": "2020-10-21T15:45:43.000Z",
    "html": "",
    "externalScripts": "",
    "updaterUID": "obd-otFkG2fGpj16HBljOVKkhLBNLvirR80",
    "theme": "",
    "layout": "",
    "viewCount": 80,
    "userName": "l***4",
    "commentCount": 0,
    "starCount": 4,
    "isStared": 0,
    "thumbnailURL": "https://www.makeapie.com/ecg-storage/ec_gallery_thumbnail/xP_V8ICrwN.png?v=1603295143848",
    "isCustomThumbnail": 0,
    "builtinTags": [
        "category-work",
        "grid",
        "legend",
        "series-pictorialBar",
        "series-scatter",
        "title",
        "tooltip"
    ],
    "customTags": [],
    "updaterUserName": "l***4"
}