{
    "cid": "xpsLLCakc6",
    "authorUid": "obd-oAh5t2S9aueVj1-TBO9yTuvdQXkZU77",
    "authorUserName": "s***子",
    "title": "门店数量",
    "description": "",
    "latestVersion": 6,
    "alwaysLatest": 1,
    "createTime": "2020-10-21T09:32:29.000Z",
    "lastUpdateTime": "2020-10-21T09:40:14.000Z",
    "auth": 2,
    "uid": "obd-oAh5t2S9aueVj1-TBO9yTuvdQXkZU77",
    "publishedVersion": 0,
    "forkFrom": "-",
    "isSpam": 0,
    "version": 6,
    "parentVersion": 5,
    "echartsVersion": "4.8.0",
    "versionCreateTime": "2020-10-23T06:31:16.000Z",
    "html": "",
    "externalScripts": "",
    "updaterUID": "obd-oAh5t2S9aueVj1-TBO9yTuvdQXkZU77",
    "theme": "macarons",
    "layout": "",
    "viewCount": 19,
    "userName": "s***子",
    "commentCount": 0,
    "starCount": 0,
    "isStared": 0,
    "thumbnailURL": "https://www.makeapie.com/ecg-storage/ec_gallery_thumbnail/xpsLLCakc6.png?v=1603434676302",
    "isCustomThumbnail": 0,
    "builtinTags": [],
    "customTags": [],
    "updaterUserName": "s***子"
}