{
    "cid": "xpz9qFANE4",
    "authorUid": "obd-ojPRBChY73YqvdN_Ap6nPHQ_-wXKvEp",
    "authorUserName": "丨***丨",
    "title": "【转的】Awesome Chart",
    "description": "",
    "latestVersion": 2,
    "alwaysLatest": 1,
    "createTime": "2020-10-22T01:03:46.000Z",
    "lastUpdateTime": "2020-10-22T01:03:46.000Z",
    "auth": 2,
    "uid": "obd-ojPRBChY73YqvdN_Ap6nPHQ_-wXKvEp",
    "publishedVersion": 1,
    "forkFrom": "-",
    "isSpam": 0,
    "version": 1,
    "parentVersion": -1,
    "echartsVersion": "4.8.0",
    "versionCreateTime": "2020-10-22T01:03:46.000Z",
    "html": "",
    "externalScripts": "",
    "updaterUID": "obd-ojPRBChY73YqvdN_Ap6nPHQ_-wXKvEp",
    "theme": "",
    "layout": "",
    "viewCount": 21,
    "userName": "丨***丨",
    "commentCount": 0,
    "starCount": 0,
    "isStared": 0,
    "thumbnailURL": "https://www.makeapie.com/ecg-storage/ec_gallery_thumbnail/xpz9qFANE4.png?v=1603328626479",
    "isCustomThumbnail": 0,
    "builtinTags": [
        "category-work",
        "grid",
        "series-line",
        "title"
    ],
    "customTags": [],
    "updaterUserName": "丨***丨"
}