{
    "cid": "x7b3e_2rQ5",
    "authorUid": "bd-3357729617",
    "authorUserName": "三***漫",
    "title": "漏斗图",
    "description": "",
    "latestVersion": 5,
    "alwaysLatest": 1,
    "createTime": "2018-11-15T10:05:07.000Z",
    "lastUpdateTime": "2018-11-15T10:05:07.000Z",
    "auth": 2,
    "uid": "bd-3357729617",
    "publishedVersion": 0,
    "forkFrom": "-",
    "isSpam": 0,
    "version": 5,
    "parentVersion": 4,
    "echartsVersion": "4.2.0",
    "versionCreateTime": "2018-12-06T01:38:51.000Z",
    "html": "",
    "externalScripts": "",
    "updaterUID": "bd-3357729617",
    "theme": "",
    "layout": "",
    "viewCount": 764,
    "userName": "三***漫",
    "commentCount": 0,
    "starCount": 1,
    "isStared": 0,
    "thumbnailURL": "https://www.makeapie.com/ecg-storage/ec_gallery_thumbnail/x7b3e_2rQ5.png?v=1544060332046",
    "isCustomThumbnail": 0,
    "builtinTags": [
        "category-work",
        "legend",
        "series-funnel",
        "title",
        "tooltip"
    ],
    "customTags": [],
    "updaterUserName": "三***漫"
}