{
    "cid": "x7hinjShIa",
    "authorUid": "bd-3894911789",
    "authorUserName": "t***3",
    "title": "散点图",
    "description": "",
    "latestVersion": 1,
    "alwaysLatest": 1,
    "createTime": "2018-11-20T08:56:08.000Z",
    "lastUpdateTime": "2018-11-20T08:56:08.000Z",
    "auth": 2,
    "uid": "bd-3894911789",
    "publishedVersion": 0,
    "forkFrom": "-",
    "isSpam": 0,
    "version": 1,
    "parentVersion": -1,
    "echartsVersion": "4.2.0",
    "versionCreateTime": "2018-11-20T08:56:08.000Z",
    "html": "",
    "externalScripts": "",
    "updaterUID": "bd-3894911789",
    "theme": "",
    "layout": "",
    "viewCount": 656,
    "userName": "t***3",
    "commentCount": 0,
    "starCount": 1,
    "isStared": 0,
    "thumbnailURL": "https://www.makeapie.com/ecg-storage/ec_gallery_thumbnail/x7hinjShIa.png?v=1542704168976",
    "isCustomThumbnail": 0,
    "builtinTags": [
        "category-work",
        "grid",
        "series-scatter",
        "visualMap"
    ],
    "customTags": [],
    "updaterUserName": "t***3"
}