{
    "cid": "xbzHMrnzOB",
    "authorUid": "bd-1939112099",
    "authorUserName": "长***离",
    "title": "treeGraph",
    "description": "",
    "latestVersion": 1,
    "alwaysLatest": 1,
    "createTime": "2018-11-21T02:59:32.000Z",
    "lastUpdateTime": "2018-11-21T02:59:32.000Z",
    "auth": 2,
    "uid": "bd-1939112099",
    "publishedVersion": 0,
    "forkFrom": "-",
    "isSpam": 0,
    "version": 1,
    "parentVersion": -1,
    "echartsVersion": "4.2.0",
    "versionCreateTime": "2018-11-21T02:59:32.000Z",
    "html": "",
    "externalScripts": "",
    "updaterUID": "bd-1939112099",
    "theme": "",
    "layout": "",
    "viewCount": 450,
    "userName": "长***离",
    "commentCount": 0,
    "starCount": 0,
    "isStared": 0,
    "thumbnailURL": "https://www.makeapie.com/ecg-storage/ec_gallery_thumbnail/xbzHMrnzOB.png?v=1542769172372",
    "isCustomThumbnail": 0,
    "builtinTags": [
        "category-work",
        "series-tree"
    ],
    "customTags": [],
    "updaterUserName": "长***离"
}