{
    "cid": "xcNvFuW3P5",
    "authorUid": "bd-72595297",
    "authorUserName": "x***a",
    "title": "佛山地图测试",
    "description": "测试佛山散点图",
    "latestVersion": 2,
    "alwaysLatest": 1,
    "createTime": "2018-11-19T03:39:47.000Z",
    "lastUpdateTime": "2018-11-19T03:39:47.000Z",
    "auth": 1,
    "uid": "bd-72595297",
    "publishedVersion": 0,
    "forkFrom": "-",
    "isSpam": 0,
    "version": 2,
    "parentVersion": 1,
    "echartsVersion": "4.2.0",
    "versionCreateTime": "2018-11-29T06:59:16.000Z",
    "html": "",
    "externalScripts": "/asset/get/s/data-1542596219335-hEuOYlu4w.js,/asset/get/s/data-1543474715624-7Rtq6QLvb.js",
    "updaterUID": "bd-72595297",
    "theme": "default",
    "layout": "",
    "viewCount": 402,
    "userName": "x***a",
    "commentCount": 0,
    "starCount": 0,
    "isStared": 0,
    "thumbnailURL": "https://www.makeapie.com/ecg-storage/ec_gallery_thumbnail/xcNvFuW3P5.png?v=1543474756740",
    "isCustomThumbnail": 0,
    "builtinTags": [
        "category-work",
        "geo",
        "series-scatter"
    ],
    "customTags": [
        "佛山",
        "散点"
    ],
    "updaterUserName": "x***a"
}