{
    "cid": "xEx_KVGB-J",
    "authorUid": "bd-3207513388",
    "authorUserName": "x***n",
    "title": "line Chart",
    "description": "",
    "latestVersion": 7,
    "alwaysLatest": 1,
    "createTime": "2018-11-19T06:49:13.000Z",
    "lastUpdateTime": "2018-11-19T06:49:13.000Z",
    "auth": 2,
    "uid": "bd-3207513388",
    "publishedVersion": 0,
    "forkFrom": "-",
    "isSpam": 0,
    "version": 7,
    "parentVersion": 6,
    "echartsVersion": "4.2.1",
    "versionCreateTime": "2019-06-20T08:16:06.000Z",
    "html": "",
    "externalScripts": "",
    "updaterUID": "bd-3207513388",
    "theme": "",
    "layout": "",
    "viewCount": 99,
    "userName": "x***n",
    "commentCount": 0,
    "starCount": 2,
    "isStared": 0,
    "thumbnailURL": "https://www.makeapie.com/ecg-storage/ec_gallery_thumbnail/xEx_KVGB-J.png?v=1561018566466",
    "isCustomThumbnail": 0,
    "builtinTags": [
        "category-work",
        "grid",
        "markLine",
        "series-line",
        "tooltip"
    ],
    "customTags": [],
    "updaterUserName": "x***n"
}