{
    "cid": "xFB-jFFyI-",
    "authorUid": "bd-319008878",
    "authorUserName": "pu6503835",
    "title": "柱状图x轴平移",
    "description": "",
    "latestVersion": 1,
    "alwaysLatest": 1,
    "createTime": "2018-11-21T10:21:45.000Z",
    "lastUpdateTime": "2018-11-21T10:21:45.000Z",
    "auth": 2,
    "uid": "bd-319008878",
    "publishedVersion": 0,
    "forkFrom": "-",
    "isSpam": 0,
    "version": 1,
    "parentVersion": -1,
    "echartsVersion": "4.2.0",
    "versionCreateTime": "2018-11-21T10:21:45.000Z",
    "html": "",
    "externalScripts": "",
    "updaterUID": "bd-319008878",
    "theme": "",
    "layout": "",
    "viewCount": 280,
    "userName": "pu6503835",
    "commentCount": 0,
    "starCount": 0,
    "isStared": 0,
    "thumbnailURL": "https://www.makeapie.com/ecg-storage/ec_gallery_thumbnail/xFB-jFFyI-.png?v=1542795705153",
    "isCustomThumbnail": 0,
    "builtinTags": [
        "category-work",
        "dataZoom",
        "grid",
        "series-bar"
    ],
    "customTags": [
        "bar",
        "dataZoom",
        "平移",
        "柱状图",
        "水平移动"
    ],
    "updaterUserName": "pu6503835"
}