{
    "cid": "xkasbcOqh0",
    "authorUid": "bd-3725849313",
    "authorUserName": "c***0",
    "title": "gauge",
    "description": "",
    "latestVersion": 6,
    "alwaysLatest": 1,
    "createTime": "2018-11-19T02:36:06.000Z",
    "lastUpdateTime": "2018-11-19T02:36:06.000Z",
    "auth": 2,
    "uid": "bd-3725849313",
    "publishedVersion": 0,
    "forkFrom": "-",
    "isSpam": 0,
    "version": 6,
    "parentVersion": 5,
    "echartsVersion": "4.2.0",
    "versionCreateTime": "2018-11-20T07:33:07.000Z",
    "html": "",
    "externalScripts": "",
    "updaterUID": "bd-3725849313",
    "theme": "",
    "layout": "",
    "viewCount": 939,
    "userName": "c***0",
    "commentCount": 0,
    "starCount": 3,
    "isStared": 0,
    "thumbnailURL": "https://www.makeapie.com/ecg-storage/ec_gallery_thumbnail/xkasbcOqh0.png?v=1542699187919",
    "isCustomThumbnail": 0,
    "builtinTags": [
        "category-work",
        "series-gauge"
    ],
    "customTags": [
        "gauge"
    ],
    "updaterUserName": "c***0"
}