{
    "cid": "xkgVzkS_jo",
    "authorUid": "bd-1101694830",
    "authorUserName": "奋斗的我们友善",
    "title": "旭日图",
    "description": "学校专业",
    "latestVersion": 1,
    "alwaysLatest": 1,
    "createTime": "2018-11-20T11:43:09.000Z",
    "lastUpdateTime": "2018-11-20T11:43:09.000Z",
    "auth": 2,
    "uid": "bd-1101694830",
    "publishedVersion": 0,
    "forkFrom": "-",
    "isSpam": 0,
    "version": 1,
    "parentVersion": -1,
    "echartsVersion": "4.2.0",
    "versionCreateTime": "2018-11-20T11:43:09.000Z",
    "html": "",
    "externalScripts": "",
    "updaterUID": "bd-1101694830",
    "theme": "",
    "layout": "",
    "viewCount": 1600,
    "userName": "奋斗的我们友善",
    "commentCount": 1,
    "starCount": 6,
    "isStared": 0,
    "thumbnailURL": "https://www.makeapie.com/ecg-storage/ec_gallery_thumbnail/xkgVzkS_jo.png?v=1542714189775",
    "isCustomThumbnail": 0,
    "builtinTags": [
        "category-work",
        "series-sunburst"
    ],
    "customTags": [],
    "updaterUserName": "奋斗的我们友善"
}