{
    "cid": "xL2zb2p-Mp",
    "authorUid": "bd-1196622443",
    "authorUserName": "布***斯",
    "title": "分段描述",
    "description": "",
    "latestVersion": 3,
    "alwaysLatest": 1,
    "createTime": "2018-11-20T02:23:51.000Z",
    "lastUpdateTime": "2018-11-20T02:23:51.000Z",
    "auth": 2,
    "uid": "bd-1196622443",
    "publishedVersion": 0,
    "forkFrom": "-",
    "isSpam": 0,
    "version": 3,
    "parentVersion": 1,
    "echartsVersion": "4.2.0",
    "versionCreateTime": "2018-11-20T02:29:27.000Z",
    "html": "",
    "externalScripts": "",
    "updaterUID": "bd-1196622443",
    "theme": "",
    "layout": "",
    "viewCount": 336,
    "userName": "布***斯",
    "commentCount": 0,
    "starCount": 0,
    "isStared": 0,
    "thumbnailURL": "https://www.makeapie.com/ecg-storage/ec_gallery_thumbnail/xL2zb2p-Mp.png?v=1542680967636",
    "isCustomThumbnail": 0,
    "builtinTags": [
        "category-work",
        "grid",
        "markArea",
        "markLine",
        "series-line",
        "tooltip",
        "visualMap"
    ],
    "customTags": [],
    "updaterUserName": "布***斯"
}