{
    "cid": "xNeDG7yCyi",
    "authorUid": "bd-3156875116",
    "authorUserName": "周***7",
    "title": "告警气泡",
    "description": "",
    "latestVersion": 4,
    "alwaysLatest": 1,
    "createTime": "2018-11-16T05:15:46.000Z",
    "lastUpdateTime": "2018-11-16T05:15:46.000Z",
    "auth": 2,
    "uid": "bd-3156875116",
    "publishedVersion": 0,
    "forkFrom": "-",
    "isSpam": 0,
    "version": 4,
    "parentVersion": 3,
    "echartsVersion": "4.2.0",
    "versionCreateTime": "2018-11-16T05:23:16.000Z",
    "html": "",
    "externalScripts": "",
    "updaterUID": "bd-3156875116",
    "theme": "",
    "layout": "",
    "viewCount": 1034,
    "userName": "周***7",
    "commentCount": 0,
    "starCount": 0,
    "isStared": 0,
    "thumbnailURL": "https://www.makeapie.com/ecg-storage/ec_gallery_thumbnail/xNeDG7yCyi.png?v=1542345796722",
    "isCustomThumbnail": 0,
    "builtinTags": [
        "category-work",
        "grid",
        "series-scatter"
    ],
    "customTags": [],
    "updaterUserName": "周***7"
}