{
    "cid": "xP1tFQQRRi",
    "authorUid": "bd-1132707261",
    "authorUserName": "ffmybestlove",
    "title": "2018年楼宇统计",
    "description": "",
    "latestVersion": 2,
    "alwaysLatest": 1,
    "createTime": "2018-11-22T07:16:27.000Z",
    "lastUpdateTime": "2018-11-22T07:16:27.000Z",
    "auth": 2,
    "uid": "bd-1132707261",
    "publishedVersion": 0,
    "forkFrom": "-",
    "isSpam": 0,
    "version": 2,
    "parentVersion": 1,
    "echartsVersion": "4.2.0",
    "versionCreateTime": "2018-11-22T08:27:14.000Z",
    "html": "",
    "externalScripts": "",
    "updaterUID": "bd-1132707261",
    "theme": "",
    "layout": "",
    "viewCount": 86,
    "userName": "ffmybestlove",
    "commentCount": 0,
    "starCount": 0,
    "isStared": 0,
    "thumbnailURL": "https://www.makeapie.com/ecg-storage/ec_gallery_thumbnail/xP1tFQQRRi.png?v=1542875234791",
    "isCustomThumbnail": 0,
    "builtinTags": [
        "category-work",
        "grid",
        "series-bar",
        "title"
    ],
    "customTags": [],
    "updaterUserName": "ffmybestlove"
}