{
    "cid": "xPgMdchCW9",
    "authorUid": "bd-1101694830",
    "authorUserName": "奋斗的我们友善",
    "title": "2016年山东科技大学各省招生人数（不包括山东本省）",
    "description": "学校招生人数情况可视化展示",
    "latestVersion": 3,
    "alwaysLatest": 1,
    "createTime": "2018-11-20T13:34:00.000Z",
    "lastUpdateTime": "2018-11-20T13:34:00.000Z",
    "auth": 2,
    "uid": "bd-1101694830",
    "publishedVersion": 0,
    "forkFrom": "-",
    "isSpam": 0,
    "version": 3,
    "parentVersion": 2,
    "echartsVersion": "4.2.0",
    "versionCreateTime": "2018-11-20T14:16:51.000Z",
    "html": "",
    "externalScripts": "",
    "updaterUID": "bd-1101694830",
    "theme": "",
    "layout": "",
    "viewCount": 138,
    "userName": "奋斗的我们友善",
    "commentCount": 0,
    "starCount": 1,
    "isStared": 0,
    "thumbnailURL": "https://www.makeapie.com/ecg-storage/ec_gallery_thumbnail/xPgMdchCW9.png?v=1542723411225",
    "isCustomThumbnail": 0,
    "builtinTags": [
        "category-work",
        "grid",
        "legend",
        "series-scatter",
        "title"
    ],
    "customTags": [],
    "updaterUserName": "奋斗的我们友善"
}