{
    "cid": "xq5YaQ04Ho",
    "authorUid": "bd-1606641265",
    "authorUserName": "你***1",
    "title": "客户案例",
    "description": "",
    "latestVersion": 4,
    "alwaysLatest": 1,
    "createTime": "2018-11-15T10:01:53.000Z",
    "lastUpdateTime": "2018-11-15T10:01:53.000Z",
    "auth": 2,
    "uid": "bd-1606641265",
    "publishedVersion": 0,
    "forkFrom": "-",
    "isSpam": 0,
    "version": 4,
    "parentVersion": 3,
    "echartsVersion": "3.8.5",
    "versionCreateTime": "2018-11-28T03:23:30.000Z",
    "html": "",
    "externalScripts": "https://cdn.bootcss.com/echarts/3.8.5/echarts.min.js,/dep/echarts/map/js/china.js",
    "updaterUID": "bd-1606641265",
    "theme": "",
    "layout": "",
    "viewCount": 674,
    "userName": "你***1",
    "commentCount": 0,
    "starCount": 1,
    "isStared": 0,
    "thumbnailURL": "https://www.makeapie.com/ecg-storage/ec_gallery_thumbnail/xq5YaQ04Ho.png?v=1542276113351",
    "isCustomThumbnail": 1,
    "builtinTags": [
        "category-work",
        "geo",
        "series-map",
        "series-scatter",
        "title",
        "tooltip"
    ],
    "customTags": [
        "dispatchAction"
    ],
    "updaterUserName": "你***1"
}