{
    "cid": "xsGxBcoSDd",
    "authorUid": "bd-1664736122",
    "authorUserName": "无心ingsmile",
    "title": "渐变色仪表盘",
    "description": "渐变色需要使用image，须在网页中有标签（支持为 HTMLImageElement, HTMLCanvasElement，不支持路径字符串）",
    "latestVersion": 1,
    "alwaysLatest": 1,
    "createTime": "2018-11-16T10:04:21.000Z",
    "lastUpdateTime": "2018-11-16T10:04:21.000Z",
    "auth": 2,
    "uid": "bd-1664736122",
    "publishedVersion": 0,
    "forkFrom": "-",
    "isSpam": 0,
    "version": 1,
    "parentVersion": -1,
    "echartsVersion": "4.2.0",
    "versionCreateTime": "2018-11-16T10:04:21.000Z",
    "html": "",
    "externalScripts": "",
    "updaterUID": "bd-1664736122",
    "theme": "dark",
    "layout": "",
    "viewCount": 413,
    "userName": "无心ingsmile",
    "commentCount": 0,
    "starCount": 1,
    "isStared": 0,
    "thumbnailURL": "https://www.makeapie.com/ecg-storage/ec_gallery_thumbnail/xsGxBcoSDd.png?v=1542362661244",
    "isCustomThumbnail": 0,
    "builtinTags": [
        "category-work",
        "series-gauge",
        "title",
        "tooltip"
    ],
    "customTags": [],
    "updaterUserName": "无心ingsmile"
}