{
    "cid": "xuLop03nWs",
    "authorUid": "bd-3996910955",
    "authorUserName": "c***逛",
    "title": "状态分析图",
    "description": "数据截止2018年11月9日",
    "latestVersion": 2,
    "alwaysLatest": 1,
    "createTime": "2018-11-20T11:19:44.000Z",
    "lastUpdateTime": "2018-11-20T11:19:44.000Z",
    "auth": 2,
    "uid": "bd-3996910955",
    "publishedVersion": 0,
    "forkFrom": "-",
    "isSpam": 0,
    "version": 2,
    "parentVersion": 1,
    "echartsVersion": "4.4.0",
    "versionCreateTime": "2019-10-21T06:36:42.000Z",
    "html": "",
    "externalScripts": "/dep/echarts/map/js/china.js",
    "updaterUID": "bd-3996910955",
    "theme": "",
    "layout": "",
    "viewCount": 135,
    "userName": "c***逛",
    "commentCount": 0,
    "starCount": 1,
    "isStared": 0,
    "thumbnailURL": "https://www.makeapie.com/ecg-storage/ec_gallery_thumbnail/xuLop03nWs.png?v=1571639802991",
    "isCustomThumbnail": 0,
    "builtinTags": [
        "category-work",
        "geo",
        "legend",
        "series-scatter",
        "title",
        "tooltip"
    ],
    "customTags": [],
    "updaterUserName": "c***逛"
}