{
    "cid": "xvqAi-YYVL",
    "authorUid": "bd-4129269411",
    "authorUserName": "1***9",
    "title": "折线图堆叠轮播",
    "description": "叫我木可大人\n来自某人需求的轮播",
    "latestVersion": 1,
    "alwaysLatest": 1,
    "createTime": "2018-11-22T08:54:15.000Z",
    "lastUpdateTime": "2018-11-22T08:54:15.000Z",
    "auth": 2,
    "uid": "bd-4129269411",
    "publishedVersion": 0,
    "forkFrom": "-",
    "isSpam": 0,
    "version": 1,
    "parentVersion": -1,
    "echartsVersion": "4.2.0",
    "versionCreateTime": "2018-11-22T08:54:15.000Z",
    "html": "",
    "externalScripts": "http://echarts.baidu.com/resource/echarts-liquidfill-1.0.4/dist/echarts-liquidfill.js,http://echarts.baidu.com/resource/echarts-liquidfill-latest/dist/echarts-liquidfill.min.js",
    "updaterUID": "bd-4129269411",
    "theme": "",
    "layout": "",
    "viewCount": 151,
    "userName": "1***9",
    "commentCount": 0,
    "starCount": 0,
    "isStared": 0,
    "thumbnailURL": "https://www.makeapie.com/ecg-storage/ec_gallery_thumbnail/xvqAi-YYVL.png?v=1542876855495",
    "isCustomThumbnail": 0,
    "builtinTags": [
        "category-work",
        "grid",
        "legend",
        "series-line",
        "title",
        "toolbox",
        "tooltip"
    ],
    "customTags": [],
    "updaterUserName": "1***9"
}