{
    "cid": "x3Ag6oqMOg",
    "authorUid": "obd-oMuVUEhRH-KU8ZOkZx0aApOOJzRRH27",
    "authorUserName": "Y***D",
    "title": "仿3D 地图",
    "description": "通过阴影仿3D  支持闪点",
    "latestVersion": 1,
    "alwaysLatest": 1,
    "createTime": "2021-02-25T02:32:21.000Z",
    "lastUpdateTime": "2021-02-25T02:32:21.000Z",
    "auth": 1,
    "uid": "obd-oMuVUEhRH-KU8ZOkZx0aApOOJzRRH27",
    "publishedVersion": 0,
    "forkFrom": "-",
    "isSpam": 0,
    "version": 1,
    "parentVersion": -1,
    "echartsVersion": "4.8.0",
    "versionCreateTime": "2021-02-25T02:32:21.000Z",
    "html": "",
    "externalScripts": "",
    "updaterUID": "obd-oMuVUEhRH-KU8ZOkZx0aApOOJzRRH27",
    "theme": "",
    "layout": "",
    "viewCount": 287,
    "userName": "Y***D",
    "commentCount": 0,
    "starCount": 1,
    "isStared": 0,
    "thumbnailURL": "https://www.makeapie.com/ecg-storage/ec_gallery_thumbnail/x3Ag6oqMOg.png?v=1614220341588",
    "isCustomThumbnail": 0,
    "builtinTags": [
        "category-work",
        "geo",
        "legend",
        "series-effectScatter",
        "series-map",
        "title",
        "tooltip",
        "visualMap"
    ],
    "customTags": [],
    "updaterUserName": "Y***D"
}