{
    "cid": "x7XX_a4Pcd",
    "authorUid": "bd-1443642487",
    "authorUserName": "狂***书",
    "title": "地图1",
    "description": "",
    "latestVersion": 1,
    "alwaysLatest": 1,
    "createTime": "2021-03-01T00:14:38.000Z",
    "lastUpdateTime": "2021-03-01T00:14:38.000Z",
    "auth": 2,
    "uid": "bd-1443642487",
    "publishedVersion": 0,
    "forkFrom": "-",
    "isSpam": 0,
    "version": 1,
    "parentVersion": -1,
    "echartsVersion": "4.8.0",
    "versionCreateTime": "2021-03-01T00:14:38.000Z",
    "html": "",
    "externalScripts": "",
    "updaterUID": "bd-1443642487",
    "theme": "",
    "layout": "",
    "viewCount": 55,
    "userName": "狂***书",
    "commentCount": 0,
    "starCount": 0,
    "isStared": 0,
    "thumbnailURL": "https://www.makeapie.com/ecg-storage/ec_gallery_thumbnail/x7XX_a4Pcd.png?v=1614557678774",
    "isCustomThumbnail": 0,
    "builtinTags": [
        "category-work",
        "geo",
        "series-map",
        "toolbox",
        "tooltip",
        "visualMap"
    ],
    "customTags": [],
    "updaterUserName": "狂***书"
}