{
    "cid": "x8tnWEPxwB",
    "authorUid": "bd-101698999",
    "authorUserName": "Z***8",
    "title": "扇形关系图",
    "description": "",
    "latestVersion": 1,
    "alwaysLatest": 1,
    "createTime": "2021-02-26T02:09:15.000Z",
    "lastUpdateTime": "2021-02-26T02:09:15.000Z",
    "auth": 2,
    "uid": "bd-101698999",
    "publishedVersion": 0,
    "forkFrom": "-",
    "isSpam": 0,
    "version": 1,
    "parentVersion": -1,
    "echartsVersion": "4.8.0",
    "versionCreateTime": "2021-02-26T02:09:15.000Z",
    "html": "",
    "externalScripts": "",
    "updaterUID": "bd-101698999",
    "theme": "",
    "layout": "",
    "viewCount": 44,
    "userName": "Z***8",
    "commentCount": 0,
    "starCount": 0,
    "isStared": 0,
    "thumbnailURL": "https://www.makeapie.com/ecg-storage/ec_gallery_thumbnail/x8tnWEPxwB.undefined?v=",
    "isCustomThumbnail": 0,
    "builtinTags": [
        "category-work"
    ],
    "customTags": [
        "graph"
    ],
    "updaterUserName": "Z***8"
}