{
    "cid": "x9nhz0HE_7",
    "authorUid": "bd-2997391735",
    "authorUserName": "g***5",
    "title": "雷达图，业务能力分布",
    "description": "雷达图，业务能力分布",
    "latestVersion": 1,
    "alwaysLatest": 1,
    "createTime": "2021-03-02T09:01:42.000Z",
    "lastUpdateTime": "2021-03-02T09:01:42.000Z",
    "auth": 2,
    "uid": "bd-2997391735",
    "publishedVersion": 0,
    "forkFrom": "-",
    "isSpam": 0,
    "version": 1,
    "parentVersion": -1,
    "echartsVersion": "4.8.0",
    "versionCreateTime": "2021-03-02T09:01:42.000Z",
    "html": "",
    "externalScripts": "",
    "updaterUID": "bd-2997391735",
    "theme": "",
    "layout": "",
    "viewCount": 110,
    "userName": "g***5",
    "commentCount": 0,
    "starCount": 0,
    "isStared": 0,
    "thumbnailURL": "https://www.makeapie.com/ecg-storage/ec_gallery_thumbnail/x9nhz0HE_7.png?v=1614675703041",
    "isCustomThumbnail": 0,
    "builtinTags": [
        "category-work",
        "legend",
        "radar",
        "series-radar"
    ],
    "customTags": [],
    "updaterUserName": "g***5"
}