{
    "cid": "x_b-_N0J-Y",
    "authorUid": "bd-2469886102",
    "authorUserName": "芊***8",
    "title": "渐变环形",
    "description": "",
    "latestVersion": 2,
    "alwaysLatest": 1,
    "createTime": "2021-03-01T07:02:11.000Z",
    "lastUpdateTime": "2021-03-01T07:02:11.000Z",
    "auth": 1,
    "uid": "bd-2469886102",
    "publishedVersion": 0,
    "forkFrom": "-",
    "isSpam": 0,
    "version": 2,
    "parentVersion": 1,
    "echartsVersion": "4.8.0",
    "versionCreateTime": "2021-03-01T10:01:31.000Z",
    "html": "",
    "externalScripts": "",
    "updaterUID": "bd-2469886102",
    "theme": "",
    "layout": "",
    "viewCount": 55,
    "userName": "芊***8",
    "commentCount": 0,
    "starCount": 0,
    "isStared": 0,
    "thumbnailURL": "https://www.makeapie.com/ecg-storage/ec_gallery_thumbnail/x_b-_N0J-Y.png?v=1614592891369",
    "isCustomThumbnail": 0,
    "builtinTags": [
        "category-work",
        "polar",
        "series-bar"
    ],
    "customTags": [],
    "updaterUserName": "芊***8"
}