{
    "cid": "xk8el5SytU",
    "authorUid": "bd-4078954636",
    "authorUserName": "梦***雪",
    "title": "基础雷达图指示器支持负值",
    "description": "每个维度都可以独立指示器，指示器的min,max可以看成是极坐标系的圆心和半径",
    "latestVersion": 1,
    "alwaysLatest": 1,
    "createTime": "2021-02-25T06:41:08.000Z",
    "lastUpdateTime": "2021-02-25T06:41:08.000Z",
    "auth": 2,
    "uid": "bd-4078954636",
    "publishedVersion": 0,
    "forkFrom": "-",
    "isSpam": 0,
    "version": 1,
    "parentVersion": -1,
    "echartsVersion": "4.8.0",
    "versionCreateTime": "2021-02-25T06:41:08.000Z",
    "html": "",
    "externalScripts": "",
    "updaterUID": "bd-4078954636",
    "theme": "",
    "layout": "",
    "viewCount": 124,
    "userName": "梦***雪",
    "commentCount": 0,
    "starCount": 0,
    "isStared": 0,
    "thumbnailURL": "https://www.makeapie.com/ecg-storage/ec_gallery_thumbnail/xk8el5SytU.png?v=1614235268777",
    "isCustomThumbnail": 0,
    "builtinTags": [
        "category-work",
        "legend",
        "radar",
        "series-radar",
        "title",
        "tooltip"
    ],
    "customTags": [],
    "updaterUserName": "梦***雪"
}