{
    "cid": "xKqI91iMYH",
    "authorUid": "obd-o24ypoZS-XKf78ITTmR45GytCFLEnBU",
    "authorUserName": "含***河",
    "title": "折线图异常点标注",
    "description": "实现折线图异常点标注效果的简单功能：将折线图中的某些点以叠加散点图的方法改变颜色，展示为异常点。",
    "latestVersion": 2,
    "alwaysLatest": 1,
    "createTime": "2021-03-01T06:14:34.000Z",
    "lastUpdateTime": "2021-03-01T06:14:34.000Z",
    "auth": 2,
    "uid": "obd-o24ypoZS-XKf78ITTmR45GytCFLEnBU",
    "publishedVersion": 0,
    "forkFrom": "-",
    "isSpam": 0,
    "version": 2,
    "parentVersion": 1,
    "echartsVersion": "4.8.0",
    "versionCreateTime": "2021-03-01T06:16:05.000Z",
    "html": "",
    "externalScripts": "",
    "updaterUID": "obd-o24ypoZS-XKf78ITTmR45GytCFLEnBU",
    "theme": "",
    "layout": "",
    "viewCount": 40,
    "userName": "含***河",
    "commentCount": 0,
    "starCount": 2,
    "isStared": 0,
    "thumbnailURL": "https://www.makeapie.com/ecg-storage/ec_gallery_thumbnail/xKqI91iMYH.png?v=1614579365578",
    "isCustomThumbnail": 0,
    "builtinTags": [
        "category-work",
        "grid",
        "series-line",
        "series-scatter",
        "title",
        "tooltip"
    ],
    "customTags": [],
    "updaterUserName": "含***河"
}