{
    "cid": "xndlRTpET-",
    "authorUid": "obd-o-sziMqPwX1d9tL5h7C7CZ0q_YhL-Ao",
    "authorUserName": "天***兮",
    "title": "bar-多层圆环图",
    "description": "",
    "latestVersion": 1,
    "alwaysLatest": 1,
    "createTime": "2021-02-25T08:02:49.000Z",
    "lastUpdateTime": "2021-02-25T08:02:49.000Z",
    "auth": 2,
    "uid": "obd-o-sziMqPwX1d9tL5h7C7CZ0q_YhL-Ao",
    "publishedVersion": 0,
    "forkFrom": "-",
    "isSpam": 0,
    "version": 1,
    "parentVersion": -1,
    "echartsVersion": "4.8.0",
    "versionCreateTime": "2021-02-25T08:02:49.000Z",
    "html": "",
    "externalScripts": "",
    "updaterUID": "obd-o-sziMqPwX1d9tL5h7C7CZ0q_YhL-Ao",
    "theme": "",
    "layout": "",
    "viewCount": 72,
    "userName": "天***兮",
    "commentCount": 0,
    "starCount": 1,
    "isStared": 0,
    "thumbnailURL": "https://www.makeapie.com/ecg-storage/ec_gallery_thumbnail/xndlRTpET-.png?v=1614240169901",
    "isCustomThumbnail": 0,
    "builtinTags": [
        "category-work",
        "legend",
        "polar",
        "series-bar"
    ],
    "customTags": [],
    "updaterUserName": "天***兮"
}