{
    "cid": "xoiIYG4Y-p",
    "authorUid": "bd-3095241754",
    "authorUserName": "愿***湄",
    "title": "风险指数",
    "description": "风险指数",
    "latestVersion": 4,
    "alwaysLatest": 1,
    "createTime": "2021-02-25T07:50:59.000Z",
    "lastUpdateTime": "2021-02-25T07:50:59.000Z",
    "auth": 2,
    "uid": "bd-3095241754",
    "publishedVersion": 0,
    "forkFrom": "-",
    "isSpam": 0,
    "version": 4,
    "parentVersion": 3,
    "echartsVersion": "5.0.2",
    "versionCreateTime": "2021-02-26T06:19:58.000Z",
    "html": "",
    "externalScripts": "https://cdnjs.cloudflare.com/ajax/libs/echarts/5.0.2/echarts.min.js",
    "updaterUID": "bd-3095241754",
    "theme": "macarons",
    "layout": "",
    "viewCount": 103,
    "userName": "愿***湄",
    "commentCount": 0,
    "starCount": 0,
    "isStared": 0,
    "thumbnailURL": "https://www.makeapie.com/ecg-storage/ec_gallery_thumbnail/xoiIYG4Y-p.png?v=1614320398145",
    "isCustomThumbnail": 0,
    "builtinTags": [
        "category-work",
        "series-gauge",
        "series-pie",
        "title"
    ],
    "customTags": [],
    "updaterUserName": "愿***湄"
}