{
    "cid": "xzZt0_VuhY",
    "authorUid": "obd-oEu760Pl3AKN-AAA1CzH7_7c8Esdn4E",
    "authorUserName": "王***芳",
    "title": "中国地图tooltip轮播",
    "description": "中国地图tooltip轮播以及点击提示框进行页面跳转",
    "latestVersion": 3,
    "alwaysLatest": 1,
    "createTime": "2021-03-03T08:09:17.000Z",
    "lastUpdateTime": "2021-03-03T08:09:17.000Z",
    "auth": 2,
    "uid": "obd-oEu760Pl3AKN-AAA1CzH7_7c8Esdn4E",
    "publishedVersion": 0,
    "forkFrom": "-",
    "isSpam": 0,
    "version": 3,
    "parentVersion": 1,
    "echartsVersion": "4.8.0",
    "versionCreateTime": "2021-03-03T08:19:32.000Z",
    "html": "",
    "externalScripts": "",
    "updaterUID": "obd-oEu760Pl3AKN-AAA1CzH7_7c8Esdn4E",
    "theme": "",
    "layout": "",
    "viewCount": 132,
    "userName": "王***芳",
    "commentCount": 0,
    "starCount": 1,
    "isStared": 0,
    "thumbnailURL": "https://www.makeapie.com/ecg-storage/ec_gallery_thumbnail/xzZt0_VuhY.png?v=1614759572315",
    "isCustomThumbnail": 0,
    "builtinTags": [
        "category-work",
        "geo",
        "series-map",
        "series-scatter",
        "tooltip"
    ],
    "customTags": [],
    "updaterUserName": "王***芳"
}