{
    "cid": "x1faB3Pdna",
    "authorUid": "bd-2670000507",
    "authorUserName": "j***3",
    "title": "治理率",
    "description": "",
    "latestVersion": 1,
    "alwaysLatest": 1,
    "createTime": "2019-08-27T11:56:26.000Z",
    "lastUpdateTime": "2019-08-27T11:56:26.000Z",
    "auth": 2,
    "uid": "bd-2670000507",
    "publishedVersion": 0,
    "forkFrom": "-",
    "isSpam": 0,
    "version": 1,
    "parentVersion": -1,
    "echartsVersion": "4.2.1",
    "versionCreateTime": "2019-08-27T11:56:26.000Z",
    "html": "",
    "externalScripts": "",
    "updaterUID": "bd-2670000507",
    "theme": "",
    "layout": "",
    "viewCount": 16721,
    "userName": "j***3",
    "commentCount": 0,
    "starCount": 71,
    "isStared": 0,
    "thumbnailURL": "https://www.makeapie.com/ecg-storage/ec_gallery_thumbnail/x1faB3Pdna.png?v=1566906986937",
    "isCustomThumbnail": 0,
    "builtinTags": [
        "category-work",
        "graphic",
        "legend",
        "series-pie",
        "toolbox",
        "tooltip"
    ],
    "customTags": [],
    "updaterUserName": "j***3"
}