{
    "cid": "x6Ezzn5Xca",
    "authorUid": "bd-2536962124",
    "authorUserName": "韩***翎",
    "title": "热力健康评分",
    "description": "综合健康评分",
    "latestVersion": 3,
    "alwaysLatest": 1,
    "createTime": "2019-08-05T09:17:10.000Z",
    "lastUpdateTime": "2019-08-05T09:17:10.000Z",
    "auth": 2,
    "uid": "bd-2536962124",
    "publishedVersion": 0,
    "forkFrom": "-",
    "isSpam": 0,
    "version": 3,
    "parentVersion": 2,
    "echartsVersion": "4.2.1",
    "versionCreateTime": "2019-08-08T01:46:26.000Z",
    "html": "",
    "externalScripts": "",
    "updaterUID": "bd-2536962124",
    "theme": "",
    "layout": "",
    "viewCount": 9658,
    "userName": "韩***翎",
    "commentCount": 0,
    "starCount": 67,
    "isStared": 0,
    "thumbnailURL": "https://www.makeapie.com/ecg-storage/ec_gallery_thumbnail/x6Ezzn5Xca.png?v=1565228786490",
    "isCustomThumbnail": 0,
    "builtinTags": [
        "category-work",
        "grid",
        "series-gauge",
        "series-pie",
        "title"
    ],
    "customTags": [],
    "updaterUserName": "韩***翎"
}