{
    "cid": "x8PmMgjtqf",
    "authorUid": "bd-1896733785",
    "authorUserName": "s***0",
    "title": "种类占比",
    "description": "",
    "latestVersion": 1,
    "alwaysLatest": 1,
    "createTime": "2019-08-27T06:16:05.000Z",
    "lastUpdateTime": "2019-08-27T06:16:05.000Z",
    "auth": 2,
    "uid": "bd-1896733785",
    "publishedVersion": 0,
    "forkFrom": "-",
    "isSpam": 0,
    "version": 1,
    "parentVersion": -1,
    "echartsVersion": "4.2.1",
    "versionCreateTime": "2019-08-27T06:16:05.000Z",
    "html": "",
    "externalScripts": "",
    "updaterUID": "bd-1896733785",
    "theme": "",
    "layout": "",
    "viewCount": 8408,
    "userName": "s***0",
    "commentCount": 0,
    "starCount": 78,
    "isStared": 0,
    "thumbnailURL": "https://www.makeapie.com/ecg-storage/ec_gallery_thumbnail/x8PmMgjtqf.png?v=1566886565962",
    "isCustomThumbnail": 0,
    "builtinTags": [
        "category-work",
        "grid",
        "legend",
        "markPoint",
        "series-bar",
        "series-line",
        "title",
        "tooltip"
    ],
    "customTags": [],
    "updaterUserName": "s***0"
}