{
    "cid": "x9BToI_0y",
    "authorUid": "bd-3399672888",
    "authorUserName": "卅***同",
    "title": "波峰波谷渐变色",
    "description": "",
    "latestVersion": 2,
    "alwaysLatest": 1,
    "createTime": "2020-01-09T07:47:24.000Z",
    "lastUpdateTime": "2020-01-09T07:47:24.000Z",
    "auth": 2,
    "uid": "bd-3399672888",
    "publishedVersion": 0,
    "forkFrom": "-",
    "isSpam": 0,
    "version": 2,
    "parentVersion": 1,
    "echartsVersion": "4.8.0",
    "versionCreateTime": "2020-09-27T10:00:34.000Z",
    "html": "",
    "externalScripts": "",
    "updaterUID": "bd-3399672888",
    "theme": "",
    "layout": "",
    "viewCount": 8375,
    "userName": "卅***同",
    "commentCount": 0,
    "starCount": 48,
    "isStared": 0,
    "thumbnailURL": "https://www.makeapie.com/ecg-storage/ec_gallery_thumbnail/x9BToI_0y.png?v=1601200834419",
    "isCustomThumbnail": 0,
    "builtinTags": [
        "category-work",
        "grid",
        "markLine",
        "markPoint",
        "series-line",
        "visualMap"
    ],
    "customTags": [],
    "updaterUserName": "卅***同"
}