{
    "cid": "xAFYsB3sA4",
    "authorUid": "bd-323971184",
    "authorUserName": "b***1",
    "title": "工作地top10",
    "description": "",
    "latestVersion": 1,
    "alwaysLatest": 1,
    "createTime": "2019-05-20T05:59:49.000Z",
    "lastUpdateTime": "2019-05-20T05:59:49.000Z",
    "auth": 2,
    "uid": "bd-323971184",
    "publishedVersion": 0,
    "forkFrom": "-",
    "isSpam": 0,
    "version": 1,
    "parentVersion": -1,
    "echartsVersion": "4.2.1",
    "versionCreateTime": "2019-05-20T05:59:49.000Z",
    "html": "",
    "externalScripts": "",
    "updaterUID": "bd-323971184",
    "theme": "",
    "layout": "",
    "viewCount": 18514,
    "userName": "b***1",
    "commentCount": 0,
    "starCount": 70,
    "isStared": 0,
    "thumbnailURL": "https://www.makeapie.com/ecg-storage/ec_gallery_thumbnail/xAFYsB3sA4.png?v=1558331989921",
    "isCustomThumbnail": 0,
    "builtinTags": [
        "category-work",
        "grid",
        "series-bar",
        "series-scatter"
    ],
    "customTags": [],
    "updaterUserName": "b***1"
}