{
    "cid": "xdKbQQQlT",
    "authorUid": "bd-1446294739",
    "authorUserName": "战***振",
    "title": "渐变饼图",
    "description": "渐变 总数",
    "latestVersion": 1,
    "alwaysLatest": 1,
    "createTime": "2019-11-04T09:13:23.000Z",
    "lastUpdateTime": "2019-11-04T09:13:23.000Z",
    "auth": 2,
    "uid": "bd-1446294739",
    "publishedVersion": 0,
    "forkFrom": "-",
    "isSpam": 0,
    "version": 1,
    "parentVersion": -1,
    "echartsVersion": "4.4.0",
    "versionCreateTime": "2019-11-04T09:13:23.000Z",
    "html": "",
    "externalScripts": "",
    "updaterUID": "bd-1446294739",
    "theme": "",
    "layout": "",
    "viewCount": 14487,
    "userName": "战***振",
    "commentCount": 2,
    "starCount": 65,
    "isStared": 0,
    "thumbnailURL": "https://www.makeapie.com/ecg-storage/ec_gallery_thumbnail/xdKbQQQlT.png?v=1572858803758",
    "isCustomThumbnail": 0,
    "builtinTags": [
        "category-work",
        "legend",
        "series-pie",
        "title"
    ],
    "customTags": [
        "pie"
    ],
    "updaterUserName": "战***振"
}