{
    "cid": "xhZ2kk1h8_",
    "authorUid": "bd-90050728",
    "authorUserName": "刘***6",
    "title": "牛鼻闪闪的3D地图+柱状图+散点图",
    "description": "",
    "latestVersion": 1,
    "alwaysLatest": 1,
    "createTime": "2019-09-02T09:07:30.000Z",
    "lastUpdateTime": "2019-09-02T09:07:30.000Z",
    "auth": 2,
    "uid": "bd-90050728",
    "publishedVersion": 0,
    "forkFrom": "-",
    "isSpam": 0,
    "version": 1,
    "parentVersion": -1,
    "echartsVersion": "4.2.1",
    "versionCreateTime": "2019-09-02T09:07:30.000Z",
    "html": "",
    "externalScripts": "https://echarts.baidu.com/resource/echarts-gl-latest/dist/echarts-gl.min.js,https://gallery.echartsjs.com/asset/get/s/data-1566970916860-cwFZaRQbO.js",
    "updaterUID": "bd-90050728",
    "theme": "",
    "layout": "",
    "viewCount": 24563,
    "userName": "刘***6",
    "commentCount": 6,
    "starCount": 82,
    "isStared": 0,
    "thumbnailURL": "https://www.makeapie.com/ecg-storage/ec_gallery_thumbnail/xhZ2kk1h8_.png?v=1567415250639",
    "isCustomThumbnail": 1,
    "builtinTags": [
        "category-work",
        "geo3D",
        "series-bar3D",
        "series-scatter3D",
        "title"
    ],
    "customTags": [],
    "updaterUserName": "刘***6"
}