{
    "cid": "xQlqgvxl-",
    "authorUid": "bd-1963747127",
    "authorUserName": "w***1",
    "title": "合肥城管",
    "description": "",
    "latestVersion": 5,
    "alwaysLatest": 1,
    "createTime": "2020-02-18T05:53:17.000Z",
    "lastUpdateTime": "2020-02-18T05:53:17.000Z",
    "auth": 2,
    "uid": "bd-1963747127",
    "publishedVersion": 0,
    "forkFrom": "-",
    "isSpam": 0,
    "version": 5,
    "parentVersion": 4,
    "echartsVersion": "4.4.0",
    "versionCreateTime": "2020-02-28T04:39:46.000Z",
    "html": "",
    "externalScripts": "",
    "updaterUID": "bd-1963747127",
    "theme": "",
    "layout": "",
    "viewCount": 14768,
    "userName": "w***1",
    "commentCount": 2,
    "starCount": 42,
    "isStared": 0,
    "thumbnailURL": "https://www.makeapie.com/ecg-storage/ec_gallery_thumbnail/xQlqgvxl-.png?v=1582864787065",
    "isCustomThumbnail": 0,
    "builtinTags": [
        "category-work",
        "geo",
        "legend",
        "series-effectScatter",
        "series-map",
        "series-scatter",
        "tooltip"
    ],
    "customTags": [
        "gis",
        "地图",
        "城管"
    ],
    "updaterUserName": "w***1"
}