{
    "cid": "xQWEnqAtdc",
    "authorUid": "bd-3182588218",
    "authorUserName": "飞***燕",
    "title": "备选堆叠 可两柱重叠的柱状图",
    "description": "",
    "latestVersion": 1,
    "alwaysLatest": 1,
    "createTime": "2019-08-22T02:36:26.000Z",
    "lastUpdateTime": "2019-08-22T02:36:26.000Z",
    "auth": 2,
    "uid": "bd-3182588218",
    "publishedVersion": 0,
    "forkFrom": "-",
    "isSpam": 0,
    "version": 1,
    "parentVersion": -1,
    "echartsVersion": "4.2.1",
    "versionCreateTime": "2019-08-22T02:36:26.000Z",
    "html": "",
    "externalScripts": "",
    "updaterUID": "bd-3182588218",
    "theme": "",
    "layout": "",
    "viewCount": 12019,
    "userName": "飞***燕",
    "commentCount": 0,
    "starCount": 63,
    "isStared": 0,
    "thumbnailURL": "https://www.makeapie.com/ecg-storage/ec_gallery_thumbnail/xQWEnqAtdc.png?v=1566441386585",
    "isCustomThumbnail": 0,
    "builtinTags": [
        "category-work",
        "grid",
        "legend",
        "series-bar",
        "tooltip"
    ],
    "customTags": [],
    "updaterUserName": "飞***燕"
}