{
    "cid": "xs25XbcB_m",
    "authorUid": "bd-749254193",
    "authorUserName": "欧***一",
    "title": "分所销售水量占比",
    "description": "区块折线图。占比。双坐标",
    "latestVersion": 3,
    "alwaysLatest": 1,
    "createTime": "2019-05-23T02:57:49.000Z",
    "lastUpdateTime": "2019-05-23T02:57:49.000Z",
    "auth": 2,
    "uid": "bd-749254193",
    "publishedVersion": 0,
    "forkFrom": "-",
    "isSpam": 0,
    "version": 3,
    "parentVersion": 2,
    "echartsVersion": "4.2.1",
    "versionCreateTime": "2019-06-17T03:00:07.000Z",
    "html": "",
    "externalScripts": "",
    "updaterUID": "bd-749254193",
    "theme": "",
    "layout": "",
    "viewCount": 18644,
    "userName": "欧***一",
    "commentCount": 0,
    "starCount": 79,
    "isStared": 0,
    "thumbnailURL": "https://www.makeapie.com/ecg-storage/ec_gallery_thumbnail/xs25XbcB_m.png?v=1560740407978",
    "isCustomThumbnail": 0,
    "builtinTags": [
        "category-work",
        "grid",
        "legend",
        "markPoint",
        "series-line",
        "title",
        "tooltip"
    ],
    "customTags": [],
    "updaterUserName": "欧***一"
}