{
    "cid": "xw9SOaixea",
    "authorUid": "bd-442039200",
    "authorUserName": "小***气",
    "title": "科技感饼图",
    "description": "",
    "latestVersion": 2,
    "alwaysLatest": 1,
    "createTime": "2019-07-25T06:24:08.000Z",
    "lastUpdateTime": "2019-07-25T06:24:08.000Z",
    "auth": 2,
    "uid": "bd-442039200",
    "publishedVersion": 0,
    "forkFrom": "-",
    "isSpam": 0,
    "version": 2,
    "parentVersion": 1,
    "echartsVersion": "4.2.1",
    "versionCreateTime": "2019-09-10T01:49:38.000Z",
    "html": "",
    "externalScripts": "",
    "updaterUID": "bd-442039200",
    "theme": "",
    "layout": "",
    "viewCount": 12194,
    "userName": "小***气",
    "commentCount": 0,
    "starCount": 68,
    "isStared": 0,
    "thumbnailURL": "https://www.makeapie.com/ecg-storage/ec_gallery_thumbnail/xw9SOaixea.png?v=1568080178583",
    "isCustomThumbnail": 0,
    "builtinTags": [
        "category-work",
        "series-gauge",
        "series-pie"
    ],
    "customTags": [],
    "updaterUserName": "小***气"
}