{
    "cid": "xwspU_fyf",
    "authorUid": "bd-3325131857",
    "authorUserName": "l***权",
    "title": "多列柱状图",
    "description": "",
    "latestVersion": 1,
    "alwaysLatest": 1,
    "createTime": "2020-03-18T08:04:00.000Z",
    "lastUpdateTime": "2020-03-18T08:04:00.000Z",
    "auth": 2,
    "uid": "bd-3325131857",
    "publishedVersion": 0,
    "forkFrom": "-",
    "isSpam": 0,
    "version": 1,
    "parentVersion": -1,
    "echartsVersion": "4.4.0",
    "versionCreateTime": "2020-03-18T08:04:00.000Z",
    "html": "",
    "externalScripts": "",
    "updaterUID": "bd-3325131857",
    "theme": "",
    "layout": "",
    "viewCount": 6547,
    "userName": "l***权",
    "commentCount": 0,
    "starCount": 53,
    "isStared": 0,
    "thumbnailURL": "https://www.makeapie.com/ecg-storage/ec_gallery_thumbnail/xwspU_fyf.png?v=1584518641187",
    "isCustomThumbnail": 0,
    "builtinTags": [
        "category-work",
        "grid",
        "series-bar"
    ],
    "customTags": [],
    "updaterUserName": "l***权"
}