{
    "cid": "xXaKdg8vp",
    "authorUid": "bd-2941282864",
    "authorUserName": "l***f",
    "title": "散点-气泡",
    "description": "气泡随着数据大小而变化，文字折行",
    "latestVersion": 8,
    "alwaysLatest": 1,
    "createTime": "2019-10-16T10:42:51.000Z",
    "lastUpdateTime": "2019-10-16T10:42:51.000Z",
    "auth": 2,
    "uid": "bd-2941282864",
    "publishedVersion": 0,
    "forkFrom": "-",
    "isSpam": 0,
    "version": 8,
    "parentVersion": 7,
    "echartsVersion": "4.4.0",
    "versionCreateTime": "2019-12-09T02:12:48.000Z",
    "html": "",
    "externalScripts": "",
    "updaterUID": "bd-2941282864",
    "theme": "",
    "layout": "",
    "viewCount": 11798,
    "userName": "l***f",
    "commentCount": 1,
    "starCount": 88,
    "isStared": 0,
    "thumbnailURL": "https://www.makeapie.com/ecg-storage/ec_gallery_thumbnail/xXaKdg8vp.png?v=1575857569000",
    "isCustomThumbnail": 0,
    "builtinTags": [
        "category-work",
        "graphic",
        "grid",
        "series-scatter"
    ],
    "customTags": [],
    "updaterUserName": "l***f"
}