{
    "cid": "xYPjM_33O",
    "authorUid": "bd-3342206826",
    "authorUserName": "小***琪",
    "title": "饼形图legend左右分布",
    "description": "",
    "latestVersion": 3,
    "alwaysLatest": 1,
    "createTime": "2020-02-16T12:55:05.000Z",
    "lastUpdateTime": "2020-02-16T12:55:05.000Z",
    "auth": 2,
    "uid": "bd-3342206826",
    "publishedVersion": 0,
    "forkFrom": "-",
    "isSpam": 0,
    "version": 3,
    "parentVersion": 2,
    "echartsVersion": "4.4.0",
    "versionCreateTime": "2020-02-16T13:12:07.000Z",
    "html": "",
    "externalScripts": "",
    "updaterUID": "bd-3342206826",
    "theme": "",
    "layout": "",
    "viewCount": 16249,
    "userName": "小***琪",
    "commentCount": 1,
    "starCount": 42,
    "isStared": 0,
    "thumbnailURL": "https://www.makeapie.com/ecg-storage/ec_gallery_thumbnail/xYPjM_33O.png?v=1581858727619",
    "isCustomThumbnail": 0,
    "builtinTags": [
        "category-work",
        "graphic",
        "legend",
        "series-pie",
        "title",
        "toolbox",
        "tooltip"
    ],
    "customTags": [],
    "updaterUserName": "小***琪"
}