{
    "cid": "xzWZ6pWos",
    "authorUid": "bd-3553659272",
    "authorUserName": "你***来",
    "title": "外镜输入疫情",
    "description": "北京智海创讯信息技术有限公司",
    "latestVersion": 2,
    "alwaysLatest": 1,
    "createTime": "2020-03-16T07:49:56.000Z",
    "lastUpdateTime": "2020-03-16T07:49:56.000Z",
    "auth": 2,
    "uid": "bd-3553659272",
    "publishedVersion": 0,
    "forkFrom": "-",
    "isSpam": 0,
    "version": 2,
    "parentVersion": 1,
    "echartsVersion": "4.4.0",
    "versionCreateTime": "2020-03-16T07:51:01.000Z",
    "html": "",
    "externalScripts": "/dep/echarts/map/js/world.js",
    "updaterUID": "bd-3553659272",
    "theme": "",
    "layout": "",
    "viewCount": 6339,
    "userName": "你***来",
    "commentCount": 2,
    "starCount": 44,
    "isStared": 0,
    "thumbnailURL": "https://www.makeapie.com/ecg-storage/ec_gallery_thumbnail/xzWZ6pWos.png?v=1584345061586",
    "isCustomThumbnail": 0,
    "builtinTags": [
        "category-work",
        "geo",
        "series-effectScatter",
        "series-lines",
        "series-scatter",
        "tooltip"
    ],
    "customTags": [],
    "updaterUserName": "你***来"
}