{
    "cid": "xDhZkmqyf",
    "authorUid": "bd-2903669626",
    "authorUserName": "z***2",
    "title": "转化率设计",
    "description": "",
    "latestVersion": 1,
    "alwaysLatest": 1,
    "createTime": "2020-02-12T02:26:36.000Z",
    "lastUpdateTime": "2020-02-12T02:26:36.000Z",
    "auth": 2,
    "uid": "bd-2903669626",
    "publishedVersion": 0,
    "forkFrom": "-",
    "isSpam": 0,
    "version": 1,
    "parentVersion": -1,
    "echartsVersion": "4.4.0",
    "versionCreateTime": "2020-02-12T02:26:36.000Z",
    "html": "",
    "externalScripts": "",
    "updaterUID": "bd-2903669626",
    "theme": "",
    "layout": "",
    "viewCount": 2984,
    "userName": "z***2",
    "commentCount": 0,
    "starCount": 10,
    "isStared": 0,
    "thumbnailURL": "https://www.makeapie.com/ecg-storage/ec_gallery_thumbnail/xDhZkmqyf.png?v=1581474396689",
    "isCustomThumbnail": 0,
    "builtinTags": [
        "category-work",
        "grid",
        "series-funnel",
        "series-pictorialBar"
    ],
    "customTags": [],
    "updaterUserName": "z***2"
}