{
    "cid": "xguo9Zu69",
    "authorUid": "bd-2574360473",
    "authorUserName": "132*****250",
    "title": "欧洲机场旅客吞吐量",
    "description": "",
    "latestVersion": 1,
    "alwaysLatest": 1,
    "createTime": "2020-02-13T07:18:13.000Z",
    "lastUpdateTime": "2020-02-13T07:18:13.000Z",
    "auth": 2,
    "uid": "bd-2574360473",
    "publishedVersion": 0,
    "forkFrom": "-",
    "isSpam": 0,
    "version": 1,
    "parentVersion": -1,
    "echartsVersion": "4.4.0",
    "versionCreateTime": "2020-02-13T07:18:13.000Z",
    "html": "",
    "externalScripts": "",
    "updaterUID": "bd-2574360473",
    "theme": "",
    "layout": "",
    "viewCount": 79,
    "userName": "132*****250",
    "commentCount": 0,
    "starCount": 1,
    "isStared": 0,
    "thumbnailURL": "https://www.makeapie.com/ecg-storage/ec_gallery_thumbnail/xguo9Zu69.png?v=1581578293273",
    "isCustomThumbnail": 0,
    "builtinTags": [
        "category-work",
        "grid",
        "legend",
        "series-bar",
        "series-line",
        "title"
    ],
    "customTags": [],
    "updaterUserName": "132*****250"
}