{
    "cid": "xM9NJSdtV",
    "authorUid": "bd-2903669626",
    "authorUserName": "z***2",
    "title": "转化率关系图",
    "description": "",
    "latestVersion": 7,
    "alwaysLatest": 1,
    "createTime": "2020-02-12T06:33:34.000Z",
    "lastUpdateTime": "2020-02-12T06:33:34.000Z",
    "auth": 2,
    "uid": "bd-2903669626",
    "publishedVersion": 0,
    "forkFrom": "-",
    "isSpam": 0,
    "version": 7,
    "parentVersion": 6,
    "echartsVersion": "4.4.0",
    "versionCreateTime": "2020-02-13T07:16:42.000Z",
    "html": "",
    "externalScripts": "",
    "updaterUID": "bd-2903669626",
    "theme": "",
    "layout": "",
    "viewCount": 1047,
    "userName": "z***2",
    "commentCount": 0,
    "starCount": 0,
    "isStared": 0,
    "thumbnailURL": "https://www.makeapie.com/ecg-storage/ec_gallery_thumbnail/xM9NJSdtV.png?v=1581578202416",
    "isCustomThumbnail": 0,
    "builtinTags": [
        "category-work",
        "grid",
        "series-funnel",
        "series-pictorialBar"
    ],
    "customTags": [],
    "updaterUserName": "z***2"
}