{
    "cid": "xMZEPv8mB",
    "authorUid": "bd-944243892",
    "authorUserName": "韩***能",
    "title": "指标满意度-指标提及率散点图",
    "description": "",
    "latestVersion": 3,
    "alwaysLatest": 1,
    "createTime": "2020-02-12T12:01:46.000Z",
    "lastUpdateTime": "2020-02-12T12:01:46.000Z",
    "auth": 2,
    "uid": "bd-944243892",
    "publishedVersion": 0,
    "forkFrom": "-",
    "isSpam": 0,
    "version": 3,
    "parentVersion": 2,
    "echartsVersion": "4.4.0",
    "versionCreateTime": "2020-02-16T01:46:37.000Z",
    "html": "",
    "externalScripts": "",
    "updaterUID": "bd-944243892",
    "theme": "",
    "layout": "",
    "viewCount": 73,
    "userName": "韩***能",
    "commentCount": 0,
    "starCount": 0,
    "isStared": 0,
    "thumbnailURL": "https://www.makeapie.com/ecg-storage/ec_gallery_thumbnail/xMZEPv8mB.png?v=1581817597572",
    "isCustomThumbnail": 0,
    "builtinTags": [
        "category-work",
        "dataset",
        "grid",
        "series-scatter",
        "tooltip"
    ],
    "customTags": [
        "指标",
        "提及率",
        "散点图",
        "满意度"
    ],
    "updaterUserName": "韩***能"
}