{
    "cid": "xq9UZlKIQ",
    "authorUid": "bd-4161428444",
    "authorUserName": "b***n",
    "title": "疫情新增趋势图",
    "description": "jsonp数据",
    "latestVersion": 17,
    "alwaysLatest": 1,
    "createTime": "2020-02-11T14:52:20.000Z",
    "lastUpdateTime": "2020-02-11T14:52:20.000Z",
    "auth": 2,
    "uid": "bd-4161428444",
    "publishedVersion": 0,
    "forkFrom": "-",
    "isSpam": 0,
    "version": 17,
    "parentVersion": 16,
    "echartsVersion": "4.7.0",
    "versionCreateTime": "2020-04-24T14:41:01.000Z",
    "html": "",
    "externalScripts": "",
    "updaterUID": "bd-4161428444",
    "theme": "",
    "layout": "",
    "viewCount": 237,
    "userName": "b***n",
    "commentCount": 0,
    "starCount": 1,
    "isStared": 0,
    "thumbnailURL": "https://www.makeapie.com/ecg-storage/ec_gallery_thumbnail/xq9UZlKIQ.png?v=1587739261800",
    "isCustomThumbnail": 0,
    "builtinTags": [
        "category-work",
        "grid",
        "legend",
        "series-line",
        "title",
        "tooltip"
    ],
    "customTags": [],
    "updaterUserName": "b***n"
}