{
    "cid": "xqAewO-zS",
    "authorUid": "bd-3342206826",
    "authorUserName": "小***琪",
    "title": "带标注的仪表图",
    "description": "",
    "latestVersion": 1,
    "alwaysLatest": 1,
    "createTime": "2020-02-13T07:13:44.000Z",
    "lastUpdateTime": "2020-08-19T04:50:42.000Z",
    "auth": 2,
    "uid": "bd-3342206826",
    "publishedVersion": 0,
    "forkFrom": "-",
    "isSpam": 0,
    "version": 1,
    "parentVersion": -1,
    "echartsVersion": "4.4.0",
    "versionCreateTime": "2020-02-13T07:13:44.000Z",
    "html": "",
    "externalScripts": "",
    "updaterUID": "bd-3342206826",
    "theme": "default",
    "layout": "",
    "viewCount": 261,
    "userName": "小***琪",
    "commentCount": 0,
    "starCount": 1,
    "isStared": 0,
    "thumbnailURL": "https://www.makeapie.com/ecg-storage/ec_gallery_thumbnail/xqAewO-zS.png?v=1581578024620",
    "isCustomThumbnail": 0,
    "builtinTags": [
        "category-work",
        "legend",
        "series-gauge"
    ],
    "customTags": [],
    "updaterUserName": "小***琪"
}