{
    "cid": "xT9K8wFLt",
    "authorUid": "bd-4197905510",
    "authorUserName": "c***6",
    "title": "渐变色折线图",
    "description": "",
    "latestVersion": 4,
    "alwaysLatest": 1,
    "createTime": "2020-02-12T16:45:52.000Z",
    "lastUpdateTime": "2020-02-12T16:45:52.000Z",
    "auth": 2,
    "uid": "bd-4197905510",
    "publishedVersion": 0,
    "forkFrom": "-",
    "isSpam": 0,
    "version": 4,
    "parentVersion": 3,
    "echartsVersion": "4.4.0",
    "versionCreateTime": "2020-02-18T09:43:36.000Z",
    "html": "",
    "externalScripts": "",
    "updaterUID": "bd-4197905510",
    "theme": "",
    "layout": "",
    "viewCount": 109,
    "userName": "c***6",
    "commentCount": 0,
    "starCount": 2,
    "isStared": 0,
    "thumbnailURL": "https://www.makeapie.com/ecg-storage/ec_gallery_thumbnail/xT9K8wFLt.png?v=1582019016748",
    "isCustomThumbnail": 0,
    "builtinTags": [
        "category-work",
        "grid",
        "legend",
        "series-line",
        "title"
    ],
    "customTags": [],
    "updaterUserName": "c***6"
}