{
    "cid": "xtcVywvFV",
    "authorUid": "bd-305931428",
    "authorUserName": "一***鱼",
    "title": "仪表盘",
    "description": "刻度仪表盘",
    "latestVersion": 3,
    "alwaysLatest": 1,
    "createTime": "2020-02-12T07:28:46.000Z",
    "lastUpdateTime": "2020-02-12T07:28:46.000Z",
    "auth": 2,
    "uid": "bd-305931428",
    "publishedVersion": 0,
    "forkFrom": "-",
    "isSpam": 0,
    "version": 3,
    "parentVersion": 2,
    "echartsVersion": "4.4.0",
    "versionCreateTime": "2020-02-12T10:58:10.000Z",
    "html": "",
    "externalScripts": "",
    "updaterUID": "bd-305931428",
    "theme": "",
    "layout": "",
    "viewCount": 554,
    "userName": "一***鱼",
    "commentCount": 0,
    "starCount": 1,
    "isStared": 0,
    "thumbnailURL": "https://www.makeapie.com/ecg-storage/ec_gallery_thumbnail/xtcVywvFV.png?v=1581505091064",
    "isCustomThumbnail": 0,
    "builtinTags": [
        "category-work",
        "graphic",
        "markPoint",
        "series-gauge"
    ],
    "customTags": [],
    "updaterUserName": "一***鱼"
}