{
    "cid": "xwcuecdST",
    "authorUid": "bd-3966635089",
    "authorUserName": "s***C",
    "title": "饼图的图例",
    "description": "",
    "latestVersion": 1,
    "alwaysLatest": 1,
    "createTime": "2020-02-11T09:02:31.000Z",
    "lastUpdateTime": "2020-02-11T09:02:31.000Z",
    "auth": 2,
    "uid": "bd-3966635089",
    "publishedVersion": 0,
    "forkFrom": "-",
    "isSpam": 0,
    "version": 1,
    "parentVersion": -1,
    "echartsVersion": "4.4.0",
    "versionCreateTime": "2020-02-11T09:02:31.000Z",
    "html": "",
    "externalScripts": "",
    "updaterUID": "bd-3966635089",
    "theme": "",
    "layout": "",
    "viewCount": 64,
    "userName": "s***C",
    "commentCount": 0,
    "starCount": 0,
    "isStared": 0,
    "thumbnailURL": "https://www.makeapie.com/ecg-storage/ec_gallery_thumbnail/xwcuecdST.png?v=1581411751523",
    "isCustomThumbnail": 0,
    "builtinTags": [
        "category-work",
        "legend",
        "series-pie",
        "tooltip"
    ],
    "customTags": [],
    "updaterUserName": "s***C"
}