{
    "cid": "xWPDtQToi",
    "authorUid": "bd-758089583",
    "authorUserName": "李***y",
    "title": "境外网站中文报道情绪",
    "description": "",
    "latestVersion": 3,
    "alwaysLatest": 1,
    "createTime": "2020-02-13T05:38:27.000Z",
    "lastUpdateTime": "2020-02-13T05:38:27.000Z",
    "auth": 2,
    "uid": "bd-758089583",
    "publishedVersion": 0,
    "forkFrom": "-",
    "isSpam": 0,
    "version": 3,
    "parentVersion": 2,
    "echartsVersion": "4.4.0",
    "versionCreateTime": "2020-02-13T05:51:17.000Z",
    "html": "",
    "externalScripts": "",
    "updaterUID": "bd-758089583",
    "theme": "",
    "layout": "",
    "viewCount": 98,
    "userName": "李***y",
    "commentCount": 0,
    "starCount": 0,
    "isStared": 0,
    "thumbnailURL": "https://www.makeapie.com/ecg-storage/ec_gallery_thumbnail/xWPDtQToi.png?v=1581573077935",
    "isCustomThumbnail": 0,
    "builtinTags": [
        "category-work",
        "dataZoom",
        "grid",
        "legend",
        "series-bar",
        "tooltip"
    ],
    "customTags": [],
    "updaterUserName": "李***y"
}