{
    "cid": "xBk3FjT7uM",
    "authorUid": "bd-1245979803",
    "authorUserName": "d***t",
    "title": "sunburst and polar",
    "description": "",
    "latestVersion": 2,
    "alwaysLatest": 1,
    "createTime": "2018-02-28T06:26:11.000Z",
    "lastUpdateTime": "2018-02-28T06:26:11.000Z",
    "auth": 2,
    "uid": "bd-1245979803",
    "publishedVersion": 0,
    "forkFrom": "-",
    "isSpam": 0,
    "version": 2,
    "parentVersion": 1,
    "echartsVersion": "4.0.4",
    "versionCreateTime": "2018-03-07T08:52:23.000Z",
    "html": "",
    "externalScripts": "",
    "updaterUID": "bd-1245979803",
    "theme": "",
    "layout": "",
    "viewCount": 903,
    "userName": "d***t",
    "commentCount": 0,
    "starCount": 2,
    "isStared": 0,
    "thumbnailURL": "https://www.makeapie.com/ecg-storage/ec_gallery_thumbnail/xBk3FjT7uM.png?v=1520412743335",
    "isCustomThumbnail": 0,
    "builtinTags": [
        "category-work",
        "polar",
        "series-line",
        "series-sunburst",
        "title",
        "tooltip"
    ],
    "customTags": [],
    "updaterUserName": "d***t"
}