{
    "cid": "xBklVng-uz",
    "authorUid": "bd-1864516252",
    "authorUserName": "W还没睡醒",
    "title": "",
    "description": "",
    "latestVersion": 3,
    "alwaysLatest": 1,
    "createTime": "2018-02-26T03:16:56.000Z",
    "lastUpdateTime": "2018-02-26T03:16:56.000Z",
    "auth": 2,
    "uid": "bd-1864516252",
    "publishedVersion": 0,
    "forkFrom": "-",
    "isSpam": 0,
    "version": 3,
    "parentVersion": 2,
    "echartsVersion": "3.8.0",
    "versionCreateTime": "2018-02-26T07:02:55.000Z",
    "html": "",
    "externalScripts": "",
    "updaterUID": "bd-1864516252",
    "theme": "",
    "layout": "",
    "viewCount": 2234,
    "userName": "W还没睡醒",
    "commentCount": 1,
    "starCount": 1,
    "isStared": 0,
    "thumbnailURL": "https://www.makeapie.com/ecg-storage/ec_gallery_thumbnail/xBklVng-uz.png?v=1519628575531",
    "isCustomThumbnail": 0,
    "builtinTags": [
        "category-work",
        "series-gauge",
        "timeline"
    ],
    "customTags": [],
    "updaterUserName": "W还没睡醒"
}