{
    "cid": "xH1Z4mDAPz",
    "authorUid": "bd-1614414908",
    "authorUserName": "左耳suca",
    "title": "建筑号2",
    "description": "",
    "latestVersion": 1,
    "alwaysLatest": 1,
    "createTime": "2018-02-24T03:59:37.000Z",
    "lastUpdateTime": "2018-02-24T03:59:37.000Z",
    "auth": 2,
    "uid": "bd-1614414908",
    "publishedVersion": 0,
    "forkFrom": "-",
    "isSpam": 0,
    "version": 1,
    "parentVersion": -1,
    "echartsVersion": "3.8.0",
    "versionCreateTime": "2018-02-24T03:59:37.000Z",
    "html": "",
    "externalScripts": "",
    "updaterUID": "bd-1614414908",
    "theme": "",
    "layout": "",
    "viewCount": 81,
    "userName": "左耳suca",
    "commentCount": 0,
    "starCount": 0,
    "isStared": 0,
    "thumbnailURL": "https://www.makeapie.com/ecg-storage/ec_gallery_thumbnail/xH1Z4mDAPz.png?v=1519444777575",
    "isCustomThumbnail": 0,
    "builtinTags": [
        "category-work",
        "legend",
        "series-pie",
        "tooltip"
    ],
    "customTags": [],
    "updaterUserName": "左耳suca"
}