{
    "cid": "xHkAnCqGdG",
    "authorUid": "bd-238392997",
    "authorUserName": "不愿一人沉沦",
    "title": "自定义的折柱混合--BarLine",
    "description": "",
    "latestVersion": 3,
    "alwaysLatest": 1,
    "createTime": "2018-02-27T09:02:45.000Z",
    "lastUpdateTime": "2018-02-27T09:02:45.000Z",
    "auth": 2,
    "uid": "bd-238392997",
    "publishedVersion": 0,
    "forkFrom": "-",
    "isSpam": 0,
    "version": 3,
    "parentVersion": 2,
    "echartsVersion": "4.1.0",
    "versionCreateTime": "2018-05-08T08:22:00.000Z",
    "html": "",
    "externalScripts": "",
    "updaterUID": "bd-238392997",
    "theme": "",
    "layout": "",
    "viewCount": 5366,
    "userName": "不愿一人沉沦",
    "commentCount": 0,
    "starCount": 12,
    "isStared": 0,
    "thumbnailURL": "https://www.makeapie.com/ecg-storage/ec_gallery_thumbnail/xHkAnCqGdG.png?v=1525767720236",
    "isCustomThumbnail": 0,
    "builtinTags": [
        "category-work",
        "grid",
        "legend",
        "series-bar",
        "series-line",
        "title",
        "tooltip"
    ],
    "customTags": [],
    "updaterUserName": "不愿一人沉沦"
}