{
    "cid": "xHynUWBZOz",
    "authorUid": "bd-1864516252",
    "authorUserName": "W还没睡醒",
    "title": "Awesome Chart",
    "description": "",
    "latestVersion": 5,
    "alwaysLatest": 1,
    "createTime": "2018-02-26T08:12:04.000Z",
    "lastUpdateTime": "2018-02-26T08:12:04.000Z",
    "auth": 2,
    "uid": "bd-1864516252",
    "publishedVersion": 0,
    "forkFrom": "-",
    "isSpam": 0,
    "version": 5,
    "parentVersion": 4,
    "echartsVersion": "3.8.0",
    "versionCreateTime": "2018-02-26T09:37:16.000Z",
    "html": "",
    "externalScripts": "",
    "updaterUID": "bd-1864516252",
    "theme": "",
    "layout": "",
    "viewCount": 478,
    "userName": "W还没睡醒",
    "commentCount": 0,
    "starCount": 1,
    "isStared": 0,
    "thumbnailURL": "https://www.makeapie.com/ecg-storage/ec_gallery_thumbnail/xHynUWBZOz.png?v=1519637836554",
    "isCustomThumbnail": 0,
    "builtinTags": [
        "category-work",
        "series-graph"
    ],
    "customTags": [],
    "updaterUserName": "W还没睡醒"
}