{
    "cid": "xr1GKVUG_G",
    "authorUid": "bd-3929454393",
    "authorUserName": "默***灵",
    "title": "柱图",
    "description": "折柱混合",
    "latestVersion": 1,
    "alwaysLatest": 1,
    "createTime": "2018-02-27T03:46:02.000Z",
    "lastUpdateTime": "2018-02-27T03:46:02.000Z",
    "auth": 2,
    "uid": "bd-3929454393",
    "publishedVersion": 0,
    "forkFrom": "-",
    "isSpam": 0,
    "version": 1,
    "parentVersion": -1,
    "echartsVersion": "3.8.0",
    "versionCreateTime": "2018-02-27T03:46:02.000Z",
    "html": "",
    "externalScripts": "",
    "updaterUID": "bd-3929454393",
    "theme": "infographic",
    "layout": "",
    "viewCount": 264,
    "userName": "默***灵",
    "commentCount": 0,
    "starCount": 2,
    "isStared": 0,
    "thumbnailURL": "https://www.makeapie.com/ecg-storage/ec_gallery_thumbnail/xr1GKVUG_G.png?v=1519703162455",
    "isCustomThumbnail": 0,
    "builtinTags": [
        "category-work",
        "grid",
        "markPoint",
        "series-bar",
        "series-line",
        "tooltip"
    ],
    "customTags": [],
    "updaterUserName": "默***灵"
}