{
    "cid": "xrJM9YU0wz",
    "authorUid": "bd-1614414908",
    "authorUserName": "左耳suca",
    "title": "媒体号5",
    "description": "",
    "latestVersion": 3,
    "alwaysLatest": 1,
    "createTime": "2018-02-24T03:18:33.000Z",
    "lastUpdateTime": "2018-02-24T03:18:33.000Z",
    "auth": 2,
    "uid": "bd-1614414908",
    "publishedVersion": 0,
    "forkFrom": "-",
    "isSpam": 0,
    "version": 3,
    "parentVersion": 2,
    "echartsVersion": "3.8.0",
    "versionCreateTime": "2018-02-24T07:20:53.000Z",
    "html": "",
    "externalScripts": "",
    "updaterUID": "bd-1614414908",
    "theme": "",
    "layout": "",
    "viewCount": 52,
    "userName": "左耳suca",
    "commentCount": 0,
    "starCount": 0,
    "isStared": 0,
    "thumbnailURL": "https://www.makeapie.com/ecg-storage/ec_gallery_thumbnail/xrJM9YU0wz.png?v=1519456853941",
    "isCustomThumbnail": 0,
    "builtinTags": [
        "category-work",
        "legend",
        "series-pie",
        "tooltip"
    ],
    "customTags": [],
    "updaterUserName": "左耳suca"
}