{
    "cid": "xryQ0uqQOf",
    "authorUid": "bd-4198324158",
    "authorUserName": "奭缘",
    "title": "某站点用户访问来源",
    "description": "纯属虚构",
    "latestVersion": 1,
    "alwaysLatest": 1,
    "createTime": "2018-02-28T02:49:47.000Z",
    "lastUpdateTime": "2018-02-28T02:49:47.000Z",
    "auth": 2,
    "uid": "bd-4198324158",
    "publishedVersion": 0,
    "forkFrom": "-",
    "isSpam": 0,
    "version": 1,
    "parentVersion": -1,
    "echartsVersion": "4.0.3",
    "versionCreateTime": "2018-02-28T02:49:47.000Z",
    "html": "",
    "externalScripts": "",
    "updaterUID": "bd-4198324158",
    "theme": "",
    "layout": "",
    "viewCount": 39,
    "userName": "奭缘",
    "commentCount": 0,
    "starCount": 0,
    "isStared": 0,
    "thumbnailURL": "https://www.makeapie.com/ecg-storage/ec_gallery_thumbnail/xryQ0uqQOf.png?v=1519786187146",
    "isCustomThumbnail": 0,
    "builtinTags": [
        "category-work",
        "legend",
        "series-pie",
        "title",
        "tooltip"
    ],
    "customTags": [],
    "updaterUserName": "奭缘"
}