{
    "cid": "xryr3rtGOz",
    "authorUid": "bd-3929454393",
    "authorUserName": "默***灵",
    "title": "性质",
    "description": "",
    "latestVersion": 2,
    "alwaysLatest": 1,
    "createTime": "2018-02-27T07:15:56.000Z",
    "lastUpdateTime": "2018-02-27T07:15:56.000Z",
    "auth": 2,
    "uid": "bd-3929454393",
    "publishedVersion": 0,
    "forkFrom": "-",
    "isSpam": 0,
    "version": 2,
    "parentVersion": 1,
    "echartsVersion": "4.0.3",
    "versionCreateTime": "2018-02-27T07:16:26.000Z",
    "html": "",
    "externalScripts": "",
    "updaterUID": "bd-3929454393",
    "theme": "",
    "layout": "",
    "viewCount": 582,
    "userName": "默***灵",
    "commentCount": 0,
    "starCount": 3,
    "isStared": 0,
    "thumbnailURL": "https://www.makeapie.com/ecg-storage/ec_gallery_thumbnail/xryr3rtGOz.png?v=1519715756993",
    "isCustomThumbnail": 1,
    "builtinTags": [
        "category-work",
        "series-pie",
        "title",
        "tooltip"
    ],
    "customTags": [],
    "updaterUserName": "默***灵"
}