{
    "cid": "xS1LpDUMuz",
    "authorUid": "bd-3929454393",
    "authorUserName": "默***灵",
    "title": "别样的柱图",
    "description": "类似于象形柱图的柱图",
    "latestVersion": 1,
    "alwaysLatest": 1,
    "createTime": "2018-02-27T03:59:58.000Z",
    "lastUpdateTime": "2018-02-27T03:59:58.000Z",
    "auth": 2,
    "uid": "bd-3929454393",
    "publishedVersion": 0,
    "forkFrom": "-",
    "isSpam": 0,
    "version": 1,
    "parentVersion": -1,
    "echartsVersion": "3.8.0",
    "versionCreateTime": "2018-02-27T03:59:58.000Z",
    "html": "",
    "externalScripts": "",
    "updaterUID": "bd-3929454393",
    "theme": "",
    "layout": "",
    "viewCount": 2870,
    "userName": "默***灵",
    "commentCount": 4,
    "starCount": 15,
    "isStared": 0,
    "thumbnailURL": "https://www.makeapie.com/ecg-storage/ec_gallery_thumbnail/xS1LpDUMuz.png?v=1519703998202",
    "isCustomThumbnail": 0,
    "builtinTags": [
        "category-work",
        "grid",
        "markPoint",
        "series-pictorialBar",
        "title",
        "tooltip"
    ],
    "customTags": [],
    "updaterUserName": "默***灵"
}