{
    "cid": "xSJGPRnAwM",
    "authorUid": "bd-442035385",
    "authorUserName": "小***了",
    "title": "包含全国全部县级城市经纬度",
    "description": "",
    "latestVersion": 2,
    "alwaysLatest": 1,
    "createTime": "2018-02-24T10:28:42.000Z",
    "lastUpdateTime": "2018-02-24T10:28:42.000Z",
    "auth": 2,
    "uid": "bd-442035385",
    "publishedVersion": 0,
    "forkFrom": "-",
    "isSpam": 0,
    "version": 2,
    "parentVersion": 1,
    "echartsVersion": "3.8.0",
    "versionCreateTime": "2018-02-24T10:31:13.000Z",
    "html": "",
    "externalScripts": "/dep/echarts/map/js/china.js",
    "updaterUID": "bd-442035385",
    "theme": "",
    "layout": "",
    "viewCount": 8044,
    "userName": "小***了",
    "commentCount": 0,
    "starCount": 34,
    "isStared": 0,
    "thumbnailURL": "https://www.makeapie.com/ecg-storage/ec_gallery_thumbnail/xSJGPRnAwM.png?v=1519468273458",
    "isCustomThumbnail": 0,
    "builtinTags": [
        "category-work",
        "geo",
        "legend",
        "series-effectScatter",
        "series-scatter",
        "title",
        "tooltip"
    ],
    "customTags": [],
    "updaterUserName": "小***了"
}