{
    "cid": "xSJi5tqCDz",
    "authorUid": "bd-1864516252",
    "authorUserName": "W还没睡醒",
    "title": "",
    "description": "",
    "latestVersion": 2,
    "alwaysLatest": 1,
    "createTime": "2018-02-24T07:51:47.000Z",
    "lastUpdateTime": "2018-02-24T07:51:47.000Z",
    "auth": 2,
    "uid": "bd-1864516252",
    "publishedVersion": 0,
    "forkFrom": "-",
    "isSpam": 0,
    "version": 2,
    "parentVersion": 1,
    "echartsVersion": "3.8.0",
    "versionCreateTime": "2018-02-24T08:21:26.000Z",
    "html": "",
    "externalScripts": "",
    "updaterUID": "bd-1864516252",
    "theme": "",
    "layout": "",
    "viewCount": 73,
    "userName": "W还没睡醒",
    "commentCount": 0,
    "starCount": 0,
    "isStared": 0,
    "thumbnailURL": "https://www.makeapie.com/ecg-storage/ec_gallery_thumbnail/xSJi5tqCDz.png?v=1519460487076",
    "isCustomThumbnail": 0,
    "builtinTags": [
        "category-work",
        "grid",
        "series-line",
        "tooltip"
    ],
    "customTags": [],
    "updaterUserName": "W还没睡醒"
}