{
    "cid": "xSJvcj8RDf",
    "authorUid": "bd-1245979803",
    "authorUserName": "d***t",
    "title": "",
    "description": "",
    "latestVersion": 1,
    "alwaysLatest": 1,
    "createTime": "2018-02-24T03:27:11.000Z",
    "lastUpdateTime": "2018-02-24T03:27:11.000Z",
    "auth": 2,
    "uid": "bd-1245979803",
    "publishedVersion": 0,
    "forkFrom": "-",
    "isSpam": 0,
    "version": 1,
    "parentVersion": -1,
    "echartsVersion": "3.8.0",
    "versionCreateTime": "2018-02-24T03:27:11.000Z",
    "html": "",
    "externalScripts": "/dep/echarts/latest/extension/bmap.min.js,http://api.map.baidu.com/api?v=2.0&ak=CP0iNotqTseHqmfzLVyn7HIHbde300PL",
    "updaterUID": "bd-1245979803",
    "theme": "",
    "layout": "",
    "viewCount": 2116,
    "userName": "d***t",
    "commentCount": 0,
    "starCount": 4,
    "isStared": 0,
    "thumbnailURL": "https://www.makeapie.com/ecg-storage/ec_gallery_thumbnail/xSJvcj8RDf.png?v=1519442831190",
    "isCustomThumbnail": 0,
    "builtinTags": [
        "category-work",
        "series-graph"
    ],
    "customTags": [],
    "updaterUserName": "d***t"
}