{
    "cid": "xSyCkPuMdM",
    "authorUid": "bd-1353429936",
    "authorUserName": "m***e",
    "title": "社会舆论在教育领域上趋势",
    "description": "渐变柱状图和折线图混合",
    "latestVersion": 2,
    "alwaysLatest": 1,
    "createTime": "2018-02-27T06:12:54.000Z",
    "lastUpdateTime": "2018-02-27T06:12:54.000Z",
    "auth": 2,
    "uid": "bd-1353429936",
    "publishedVersion": 0,
    "forkFrom": "-",
    "isSpam": 0,
    "version": 2,
    "parentVersion": 1,
    "echartsVersion": "3.8.0",
    "versionCreateTime": "2018-02-27T06:57:32.000Z",
    "html": "",
    "externalScripts": "",
    "updaterUID": "bd-1353429936",
    "theme": "",
    "layout": "",
    "viewCount": 244,
    "userName": "m***e",
    "commentCount": 0,
    "starCount": 5,
    "isStared": 0,
    "thumbnailURL": "https://www.makeapie.com/ecg-storage/ec_gallery_thumbnail/xSyCkPuMdM.png?v=1519714652532",
    "isCustomThumbnail": 0,
    "builtinTags": [
        "category-work",
        "grid",
        "series-bar",
        "series-line",
        "title",
        "tooltip"
    ],
    "customTags": [],
    "updaterUserName": "m***e"
}