{
    "cid": "x2l3rRNBHx",
    "authorUid": "obd-oEy_EUNgOZEBor92UXh4rt8Z_hzq84N",
    "authorUserName": "阳***2",
    "title": "机具完好率情况表",
    "description": "单位：百分比",
    "latestVersion": 1,
    "alwaysLatest": 1,
    "createTime": "2020-05-20T01:43:35.000Z",
    "lastUpdateTime": "2020-05-20T01:43:35.000Z",
    "auth": 2,
    "uid": "obd-oEy_EUNgOZEBor92UXh4rt8Z_hzq84N",
    "publishedVersion": 0,
    "forkFrom": "-",
    "isSpam": 0,
    "version": 1,
    "parentVersion": -1,
    "echartsVersion": "4.7.0",
    "versionCreateTime": "2020-05-20T01:43:35.000Z",
    "html": "",
    "externalScripts": "",
    "updaterUID": "obd-oEy_EUNgOZEBor92UXh4rt8Z_hzq84N",
    "theme": "",
    "layout": "",
    "viewCount": 116,
    "userName": "阳***2",
    "commentCount": 0,
    "starCount": 0,
    "isStared": 0,
    "thumbnailURL": "https://www.makeapie.com/ecg-storage/ec_gallery_thumbnail/x2l3rRNBHx.png?v=1589939016083",
    "isCustomThumbnail": 0,
    "builtinTags": [
        "category-work",
        "grid",
        "legend",
        "series-line",
        "title"
    ],
    "customTags": [],
    "updaterUserName": "阳***2"
}