{
    "cid": "xEkhlI7eV_",
    "authorUid": "bd-1459730764",
    "authorUserName": "紫***人",
    "title": "环形图",
    "description": "",
    "latestVersion": 4,
    "alwaysLatest": 1,
    "createTime": "2020-05-20T06:50:15.000Z",
    "lastUpdateTime": "2020-05-20T06:50:15.000Z",
    "auth": 2,
    "uid": "bd-1459730764",
    "publishedVersion": 0,
    "forkFrom": "-",
    "isSpam": 0,
    "version": 4,
    "parentVersion": 3,
    "echartsVersion": "4.7.0",
    "versionCreateTime": "2020-05-20T07:28:41.000Z",
    "html": "",
    "externalScripts": "",
    "updaterUID": "bd-1459730764",
    "theme": "",
    "layout": "",
    "viewCount": 296,
    "userName": "紫***人",
    "commentCount": 0,
    "starCount": 0,
    "isStared": 0,
    "thumbnailURL": "https://www.makeapie.com/ecg-storage/ec_gallery_thumbnail/xEkhlI7eV_.png?v=1589959722063",
    "isCustomThumbnail": 0,
    "builtinTags": [
        "category-work",
        "polar",
        "series-bar",
        "toolbox"
    ],
    "customTags": [],
    "updaterUserName": "紫***人"
}