{
    "cid": "xhxMFCOtyX",
    "authorUid": "obd-oEy_EUNgOZEBor92UXh4rt8Z_hzq84N",
    "authorUserName": "阳***2",
    "title": "上门订单匹配度",
    "description": "",
    "latestVersion": 1,
    "alwaysLatest": 1,
    "createTime": "2020-05-20T01:46:44.000Z",
    "lastUpdateTime": "2020-05-20T01:46:44.000Z",
    "auth": 2,
    "uid": "obd-oEy_EUNgOZEBor92UXh4rt8Z_hzq84N",
    "publishedVersion": 0,
    "forkFrom": "-",
    "isSpam": 0,
    "version": 1,
    "parentVersion": -1,
    "echartsVersion": "4.7.0",
    "versionCreateTime": "2020-05-20T01:46:44.000Z",
    "html": "",
    "externalScripts": "",
    "updaterUID": "obd-oEy_EUNgOZEBor92UXh4rt8Z_hzq84N",
    "theme": "",
    "layout": "",
    "viewCount": 88,
    "userName": "阳***2",
    "commentCount": 0,
    "starCount": 0,
    "isStared": 0,
    "thumbnailURL": "https://www.makeapie.com/ecg-storage/ec_gallery_thumbnail/xhxMFCOtyX.png?v=1589939205096",
    "isCustomThumbnail": 0,
    "builtinTags": [
        "category-work",
        "polar",
        "series-bar",
        "title"
    ],
    "customTags": [],
    "updaterUserName": "阳***2"
}