{
    "cid": "xnQOPi8XCH",
    "authorUid": "bd-3291811936",
    "authorUserName": "陈***0",
    "title": "当月各辖区警情举报环比情况 柱状图",
    "description": "",
    "latestVersion": 1,
    "alwaysLatest": 1,
    "createTime": "2020-05-20T02:29:16.000Z",
    "lastUpdateTime": "2020-05-20T02:29:16.000Z",
    "auth": 2,
    "uid": "bd-3291811936",
    "publishedVersion": 0,
    "forkFrom": "-",
    "isSpam": 0,
    "version": 1,
    "parentVersion": -1,
    "echartsVersion": "4.7.0",
    "versionCreateTime": "2020-05-20T02:29:16.000Z",
    "html": "",
    "externalScripts": "",
    "updaterUID": "bd-3291811936",
    "theme": "",
    "layout": "",
    "viewCount": 164,
    "userName": "陈***0",
    "commentCount": 0,
    "starCount": 1,
    "isStared": 0,
    "thumbnailURL": "https://www.makeapie.com/ecg-storage/ec_gallery_thumbnail/xnQOPi8XCH.png?v=1589941756667",
    "isCustomThumbnail": 0,
    "builtinTags": [
        "category-work",
        "grid",
        "legend",
        "series-bar",
        "title",
        "tooltip"
    ],
    "customTags": [],
    "updaterUserName": "陈***0"
}