{
    "cid": "xoFPcD1cHr",
    "authorUid": "obd-oEy_EUNgOZEBor92UXh4rt8Z_hzq84N",
    "authorUserName": "阳***2",
    "title": "券别库存统计",
    "description": "单位：万元",
    "latestVersion": 2,
    "alwaysLatest": 1,
    "createTime": "2020-05-20T01:26:45.000Z",
    "lastUpdateTime": "2020-05-20T01:26:45.000Z",
    "auth": 2,
    "uid": "obd-oEy_EUNgOZEBor92UXh4rt8Z_hzq84N",
    "publishedVersion": 0,
    "forkFrom": "-",
    "isSpam": 0,
    "version": 2,
    "parentVersion": 1,
    "echartsVersion": "4.7.0",
    "versionCreateTime": "2020-05-20T01:37:59.000Z",
    "html": "",
    "externalScripts": "",
    "updaterUID": "obd-oEy_EUNgOZEBor92UXh4rt8Z_hzq84N",
    "theme": "",
    "layout": "",
    "viewCount": 88,
    "userName": "阳***2",
    "commentCount": 0,
    "starCount": 0,
    "isStared": 0,
    "thumbnailURL": "https://www.makeapie.com/ecg-storage/ec_gallery_thumbnail/xoFPcD1cHr.png?v=1589938679202",
    "isCustomThumbnail": 0,
    "builtinTags": [
        "category-work",
        "dataset",
        "grid",
        "legend",
        "series-line",
        "series-pie",
        "title",
        "tooltip"
    ],
    "customTags": [],
    "updaterUserName": "阳***2"
}