{
    "cid": "xrhBeLXiW_",
    "authorUid": "obd-oFgxeOImDyGaYaUVj8Ze-CeWci-ka5J",
    "authorUserName": "二***桐",
    "title": "横版柱形图-渐变（2维度）",
    "description": "",
    "latestVersion": 1,
    "alwaysLatest": 1,
    "createTime": "2020-05-20T07:51:37.000Z",
    "lastUpdateTime": "2020-05-20T07:51:37.000Z",
    "auth": 2,
    "uid": "obd-oFgxeOImDyGaYaUVj8Ze-CeWci-ka5J",
    "publishedVersion": 0,
    "forkFrom": "-",
    "isSpam": 0,
    "version": 1,
    "parentVersion": -1,
    "echartsVersion": "4.7.0",
    "versionCreateTime": "2020-05-20T07:51:37.000Z",
    "html": "",
    "externalScripts": "",
    "updaterUID": "obd-oFgxeOImDyGaYaUVj8Ze-CeWci-ka5J",
    "theme": "",
    "layout": "",
    "viewCount": 48,
    "userName": "二***桐",
    "commentCount": 0,
    "starCount": 0,
    "isStared": 0,
    "thumbnailURL": "https://www.makeapie.com/ecg-storage/ec_gallery_thumbnail/xrhBeLXiW_.png?v=1589961097565",
    "isCustomThumbnail": 0,
    "builtinTags": [
        "category-work",
        "dataset",
        "grid",
        "series-bar",
        "visualMap"
    ],
    "customTags": [],
    "updaterUserName": "二***桐"
}