{
    "cid": "xXOuiQy93P",
    "authorUid": "bd-1192091434",
    "authorUserName": "s***2",
    "title": "Awesome Chart",
    "description": "",
    "latestVersion": 4,
    "alwaysLatest": 1,
    "createTime": "2020-05-19T13:47:39.000Z",
    "lastUpdateTime": "2020-05-19T18:06:15.000Z",
    "auth": 2,
    "uid": "bd-1192091434",
    "publishedVersion": 0,
    "forkFrom": "-",
    "isSpam": 0,
    "version": 4,
    "parentVersion": 3,
    "echartsVersion": "4.7.0",
    "versionCreateTime": "2020-05-19T15:54:39.000Z",
    "html": "",
    "externalScripts": "",
    "updaterUID": "bd-1192091434",
    "theme": "default",
    "layout": "",
    "viewCount": 27,
    "userName": "s***2",
    "commentCount": 2,
    "starCount": 0,
    "isStared": 0,
    "thumbnailURL": "https://www.makeapie.com/ecg-storage/ec_gallery_thumbnail/xXOuiQy93P.png?v=1589903679427",
    "isCustomThumbnail": 0,
    "builtinTags": [
        "category-work",
        "grid",
        "series-line",
        "title"
    ],
    "customTags": [],
    "updaterUserName": "s***2"
}