{
    "cid": "xxqKGVAkcc",
    "authorUid": "obd-oNSDCqu42JEySyKzZOfcy6UjgFt5dCi",
    "authorUserName": "逆***h",
    "title": "上门订单匹配度",
    "description": "",
    "latestVersion": 2,
    "alwaysLatest": 1,
    "createTime": "2020-05-20T01:19:13.000Z",
    "lastUpdateTime": "2020-05-20T01:19:13.000Z",
    "auth": 2,
    "uid": "obd-oNSDCqu42JEySyKzZOfcy6UjgFt5dCi",
    "publishedVersion": 0,
    "forkFrom": "-",
    "isSpam": 0,
    "version": 2,
    "parentVersion": 1,
    "echartsVersion": "4.7.0",
    "versionCreateTime": "2020-05-20T01:19:29.000Z",
    "html": "",
    "externalScripts": "",
    "updaterUID": "obd-oNSDCqu42JEySyKzZOfcy6UjgFt5dCi",
    "theme": "",
    "layout": "",
    "viewCount": 62,
    "userName": "逆***h",
    "commentCount": 0,
    "starCount": 0,
    "isStared": 0,
    "thumbnailURL": "https://www.makeapie.com/ecg-storage/ec_gallery_thumbnail/xxqKGVAkcc.png?v=1589937569709",
    "isCustomThumbnail": 0,
    "builtinTags": [
        "category-work",
        "polar",
        "series-bar",
        "title"
    ],
    "customTags": [],
    "updaterUserName": "逆***h"
}