{
    "cid": "xBJ5Op6F6-",
    "authorUid": "bd-3194755512",
    "authorUserName": "bdzdyc",
    "title": "匹配情况",
    "description": "",
    "latestVersion": 3,
    "alwaysLatest": 1,
    "createTime": "2017-10-22T07:49:06.000Z",
    "lastUpdateTime": "2017-10-22T07:49:06.000Z",
    "auth": 1,
    "uid": "bd-3194755512",
    "publishedVersion": 0,
    "forkFrom": "-",
    "isSpam": 0,
    "version": 3,
    "parentVersion": 2,
    "echartsVersion": "3.8.0",
    "versionCreateTime": "2017-12-07T07:54:10.000Z",
    "html": "",
    "externalScripts": "",
    "updaterUID": "bd-1745691900",
    "theme": "",
    "layout": "",
    "viewCount": 1791,
    "userName": "bdzdyc",
    "commentCount": 0,
    "starCount": 14,
    "isStared": 0,
    "thumbnailURL": "https://www.makeapie.com/ecg-storage/ec_gallery_thumbnail/xBJ5Op6F6-.png?v=1512633251004",
    "isCustomThumbnail": 0,
    "builtinTags": [
        "category-work",
        "grid",
        "legend",
        "series-line",
        "series-pie",
        "title",
        "toolbox",
        "tooltip"
    ],
    "customTags": [],
    "updaterUserName": "ruiwchina"
}