{
    "cid": "xBJgD-bo6W",
    "authorUid": "bd-1057305025",
    "authorUserName": "hongz1125",
    "title": "crm_statisic",
    "description": "",
    "latestVersion": 1,
    "alwaysLatest": 1,
    "createTime": "2017-10-23T05:42:47.000Z",
    "lastUpdateTime": "2017-10-23T05:42:47.000Z",
    "auth": 2,
    "uid": "bd-1057305025",
    "publishedVersion": 0,
    "forkFrom": "-",
    "isSpam": 0,
    "version": 1,
    "parentVersion": -1,
    "echartsVersion": "3.7.2",
    "versionCreateTime": "2017-10-23T05:42:47.000Z",
    "html": "",
    "externalScripts": "",
    "updaterUID": "bd-1057305025",
    "theme": "",
    "layout": "",
    "viewCount": 130,
    "userName": "hongz1125",
    "commentCount": 0,
    "starCount": 0,
    "isStared": 0,
    "thumbnailURL": "https://www.makeapie.com/ecg-storage/ec_gallery_thumbnail/xBJgD-bo6W.png?v=1508737367911",
    "isCustomThumbnail": 0,
    "builtinTags": [
        "category-work",
        "grid",
        "series-bar",
        "title"
    ],
    "customTags": [],
    "updaterUserName": "hongz1125"
}