{
    "cid": "xBk-tGF66b",
    "authorUid": "bd-2284648144",
    "authorUserName": "独***歌",
    "title": "单坐标轴进度",
    "description": "单坐标轴进度",
    "latestVersion": 1,
    "alwaysLatest": 1,
    "createTime": "2017-10-25T03:18:16.000Z",
    "lastUpdateTime": "2017-10-25T03:18:16.000Z",
    "auth": 2,
    "uid": "bd-2284648144",
    "publishedVersion": 0,
    "forkFrom": "-",
    "isSpam": 0,
    "version": 1,
    "parentVersion": -1,
    "echartsVersion": "3.7.2",
    "versionCreateTime": "2017-10-25T03:18:16.000Z",
    "html": "",
    "externalScripts": "",
    "updaterUID": "bd-2284648144",
    "theme": "",
    "layout": "",
    "viewCount": 1295,
    "userName": "独***歌",
    "commentCount": 0,
    "starCount": 7,
    "isStared": 0,
    "thumbnailURL": "https://www.makeapie.com/ecg-storage/ec_gallery_thumbnail/xBk-tGF66b.png?v=1508901496741",
    "isCustomThumbnail": 0,
    "builtinTags": [
        "category-work",
        "series-scatter",
        "singleAxis",
        "title",
        "tooltip"
    ],
    "customTags": [],
    "updaterUserName": "独***歌"
}