{
    "cid": "xBkbNl4s6-",
    "authorUid": "bd-2220533085",
    "authorUserName": "菟丝花开2016",
    "title": "柱状对比",
    "description": "",
    "latestVersion": 16,
    "alwaysLatest": 1,
    "createTime": "2017-10-23T09:02:33.000Z",
    "lastUpdateTime": "2017-10-23T09:02:33.000Z",
    "auth": 2,
    "uid": "bd-2220533085",
    "publishedVersion": 0,
    "forkFrom": "-",
    "isSpam": 0,
    "version": 16,
    "parentVersion": 15,
    "echartsVersion": "3.7.2",
    "versionCreateTime": "2017-10-24T03:19:23.000Z",
    "html": "",
    "externalScripts": "",
    "updaterUID": "bd-2220533085",
    "theme": "",
    "layout": "",
    "viewCount": 2317,
    "userName": "菟丝花开2016",
    "commentCount": 0,
    "starCount": 4,
    "isStared": 0,
    "thumbnailURL": "https://www.makeapie.com/ecg-storage/ec_gallery_thumbnail/xBkbNl4s6-.png?v=1508815163425",
    "isCustomThumbnail": 0,
    "builtinTags": [
        "category-work",
        "grid",
        "legend",
        "markPoint",
        "series-bar",
        "title",
        "toolbox",
        "tooltip"
    ],
    "customTags": [],
    "updaterUserName": "菟丝花开2016"
}