{
    "cid": "xByG1NO2TW",
    "authorUid": "bd-16906679",
    "authorUserName": "若怀冰",
    "title": "北京房价与不同因素相关系数",
    "description": "",
    "latestVersion": 2,
    "alwaysLatest": 1,
    "createTime": "2017-10-24T08:03:38.000Z",
    "lastUpdateTime": "2017-10-24T08:03:38.000Z",
    "auth": 2,
    "uid": "bd-16906679",
    "publishedVersion": 0,
    "forkFrom": "-",
    "isSpam": 0,
    "version": 2,
    "parentVersion": 1,
    "echartsVersion": "3.8.0",
    "versionCreateTime": "2017-12-18T08:31:09.000Z",
    "html": "",
    "externalScripts": "/dep/echarts/latest/extension/dataTool.min.js",
    "updaterUID": "bd-16906679",
    "theme": "",
    "layout": "",
    "viewCount": 350,
    "userName": "若怀冰",
    "commentCount": 0,
    "starCount": 1,
    "isStared": 0,
    "thumbnailURL": "https://www.makeapie.com/ecg-storage/ec_gallery_thumbnail/xByG1NO2TW.png?v=1513585869510",
    "isCustomThumbnail": 0,
    "builtinTags": [
        "category-work",
        "series-pie",
        "title"
    ],
    "customTags": [],
    "updaterUserName": "若怀冰"
}