{
    "cid": "xH157uq3pW",
    "authorUid": "bd-2939525108",
    "authorUserName": "x***鱼",
    "title": "堆叠条形图",
    "description": "",
    "latestVersion": 2,
    "alwaysLatest": 1,
    "createTime": "2017-10-24T10:38:26.000Z",
    "lastUpdateTime": "2017-10-24T10:38:26.000Z",
    "auth": 2,
    "uid": "bd-2939525108",
    "publishedVersion": 0,
    "forkFrom": "-",
    "isSpam": 0,
    "version": 2,
    "parentVersion": 1,
    "echartsVersion": "3.8.0",
    "versionCreateTime": "2017-11-28T02:13:26.000Z",
    "html": "",
    "externalScripts": "",
    "updaterUID": "bd-2939525108",
    "theme": "",
    "layout": "",
    "viewCount": 2677,
    "userName": "x***鱼",
    "commentCount": 0,
    "starCount": 25,
    "isStared": 0,
    "thumbnailURL": "https://www.makeapie.com/ecg-storage/ec_gallery_thumbnail/xH157uq3pW.png?v=1511835207039",
    "isCustomThumbnail": 0,
    "builtinTags": [
        "category-work",
        "grid",
        "series-bar",
        "tooltip"
    ],
    "customTags": [],
    "updaterUserName": "x***鱼"
}