{
    "cid": "xH18xsAYTb",
    "authorUid": "bd-3194755512",
    "authorUserName": "bdzdyc",
    "title": "",
    "description": "",
    "latestVersion": 1,
    "alwaysLatest": 1,
    "createTime": "2017-10-22T08:46:38.000Z",
    "lastUpdateTime": "2017-10-22T08:47:29.000Z",
    "auth": 1,
    "uid": "bd-3194755512",
    "publishedVersion": 0,
    "forkFrom": "-",
    "isSpam": 0,
    "version": 1,
    "parentVersion": -1,
    "echartsVersion": "3.7.2",
    "versionCreateTime": "2017-10-22T08:46:38.000Z",
    "html": "",
    "externalScripts": "",
    "updaterUID": "bd-3194755512",
    "theme": "dark",
    "layout": "",
    "viewCount": 469,
    "userName": "bdzdyc",
    "commentCount": 0,
    "starCount": 0,
    "isStared": 0,
    "thumbnailURL": "https://www.makeapie.com/ecg-storage/ec_gallery_thumbnail/xH18xsAYTb.png?v=1508661998270",
    "isCustomThumbnail": 0,
    "builtinTags": [],
    "customTags": [],
    "updaterUserName": "bdzdyc"
}