{
    "cid": "xHyFn_vapb",
    "authorUid": "bd-2284648144",
    "authorUserName": "独***歌",
    "title": "武汉分公司全口径折扣分析",
    "description": "标签样式",
    "latestVersion": 1,
    "alwaysLatest": 1,
    "createTime": "2017-10-25T01:28:17.000Z",
    "lastUpdateTime": "2017-10-25T01:28:17.000Z",
    "auth": 2,
    "uid": "bd-2284648144",
    "publishedVersion": 0,
    "forkFrom": "-",
    "isSpam": 0,
    "version": 1,
    "parentVersion": -1,
    "echartsVersion": "3.7.2",
    "versionCreateTime": "2017-10-25T01:28:17.000Z",
    "html": "",
    "externalScripts": "",
    "updaterUID": "bd-2284648144",
    "theme": "",
    "layout": "",
    "viewCount": 185,
    "userName": "独***歌",
    "commentCount": 0,
    "starCount": 0,
    "isStared": 0,
    "thumbnailURL": "https://www.makeapie.com/ecg-storage/ec_gallery_thumbnail/xHyFn_vapb.png?v=1508894897593",
    "isCustomThumbnail": 0,
    "builtinTags": [
        "category-work",
        "series-pie",
        "title",
        "tooltip"
    ],
    "customTags": [],
    "updaterUserName": "独***歌"
}