{
    "cid": "xrkR8yOaaW",
    "authorUid": "bd-1195124638",
    "authorUserName": "你***毛",
    "title": "藏彝走廊少数民族分布",
    "description": "无法生成图表用谷歌浏览器打开即可生成",
    "latestVersion": 1,
    "alwaysLatest": 1,
    "createTime": "2017-10-25T01:56:38.000Z",
    "lastUpdateTime": "2017-10-25T01:56:38.000Z",
    "auth": 2,
    "uid": "bd-1195124638",
    "publishedVersion": 0,
    "forkFrom": "-",
    "isSpam": 0,
    "version": 1,
    "parentVersion": -1,
    "echartsVersion": "3.7.2",
    "versionCreateTime": "2017-10-25T01:56:38.000Z",
    "html": "",
    "externalScripts": "/dep/echarts/latest/extension/bmap.min.js,http://api.map.baidu.com/api?v=2.0&ak=8708f7c232f552fc5c31d491301ff1f1,http://api.map.baidu.com/library/RichMarker/1.2/src/RichMarker_min.js",
    "updaterUID": "bd-1195124638",
    "theme": "",
    "layout": "",
    "viewCount": 242,
    "userName": "你***毛",
    "commentCount": 0,
    "starCount": 2,
    "isStared": 0,
    "thumbnailURL": "https://www.makeapie.com/ecg-storage/ec_gallery_thumbnail/xrkR8yOaaW.png?v=1508896599369",
    "isCustomThumbnail": 1,
    "builtinTags": [
        "category-work"
    ],
    "customTags": [],
    "updaterUserName": "你***毛"
}