{
    "cid": "xryN9hLTp-",
    "authorUid": "bd-16906679",
    "authorUserName": "若怀冰",
    "title": "中关村三小学区房mapbox版",
    "description": "",
    "latestVersion": 1,
    "alwaysLatest": 1,
    "createTime": "2017-10-25T00:36:27.000Z",
    "lastUpdateTime": "2017-10-25T00:36:27.000Z",
    "auth": 2,
    "uid": "bd-16906679",
    "publishedVersion": 0,
    "forkFrom": "-",
    "isSpam": 0,
    "version": 1,
    "parentVersion": -1,
    "echartsVersion": "3.7.2",
    "versionCreateTime": "2017-10-25T00:36:27.000Z",
    "html": "",
    "externalScripts": "https://echarts.baidu.com/resource/echarts-gl-latest/dist/echarts-gl.min.js,https://api.tiles.mapbox.com/mapbox-gl-js/v0.38.0/mapbox-gl.css,https://api.tiles.mapbox.com/mapbox-gl-js/v0.38.0/mapbox-gl.js",
    "updaterUID": "bd-16906679",
    "theme": "",
    "layout": "",
    "viewCount": 100,
    "userName": "若怀冰",
    "commentCount": 0,
    "starCount": 0,
    "isStared": 0,
    "thumbnailURL": "https://www.makeapie.com/ecg-storage/ec_gallery_thumbnail/xryN9hLTp-.png?v=1508891787812",
    "isCustomThumbnail": 0,
    "builtinTags": [
        "category-work",
        "tooltip"
    ],
    "customTags": [],
    "updaterUserName": "若怀冰"
}