{
    "cid": "xSkcDTCtaW",
    "authorUid": "bd-3194755512",
    "authorUserName": "bdzdyc",
    "title": "不明款项清查三维",
    "description": "",
    "latestVersion": 1,
    "alwaysLatest": 1,
    "createTime": "2017-10-22T08:57:05.000Z",
    "lastUpdateTime": "2017-10-22T08:57:05.000Z",
    "auth": 1,
    "uid": "bd-3194755512",
    "publishedVersion": 0,
    "forkFrom": "-",
    "isSpam": 0,
    "version": 1,
    "parentVersion": -1,
    "echartsVersion": "3.7.2",
    "versionCreateTime": "2017-10-22T08:57:05.000Z",
    "html": "",
    "externalScripts": "",
    "updaterUID": "bd-3194755512",
    "theme": "vintage",
    "layout": "",
    "viewCount": 180,
    "userName": "bdzdyc",
    "commentCount": 0,
    "starCount": 0,
    "isStared": 0,
    "thumbnailURL": "https://www.makeapie.com/ecg-storage/ec_gallery_thumbnail/xSkcDTCtaW.png?v=1508662626071",
    "isCustomThumbnail": 0,
    "builtinTags": [
        "category-work",
        "grid",
        "legend",
        "markLine",
        "markPoint",
        "series-bar",
        "series-line",
        "toolbox",
        "tooltip"
    ],
    "customTags": [],
    "updaterUserName": "bdzdyc"
}