{
    "cid": "xSkpdEWsTW",
    "authorUid": "bd-2970656997",
    "authorUserName": "出***户",
    "title": "普通折线图",
    "description": "",
    "latestVersion": 1,
    "alwaysLatest": 1,
    "createTime": "2017-10-23T05:56:04.000Z",
    "lastUpdateTime": "2017-10-23T05:56:04.000Z",
    "auth": 2,
    "uid": "bd-2970656997",
    "publishedVersion": 0,
    "forkFrom": "-",
    "isSpam": 0,
    "version": 1,
    "parentVersion": -1,
    "echartsVersion": "3.7.2",
    "versionCreateTime": "2017-10-23T05:56:04.000Z",
    "html": "",
    "externalScripts": "",
    "updaterUID": "bd-2970656997",
    "theme": "",
    "layout": "",
    "viewCount": 48,
    "userName": "出***户",
    "commentCount": 0,
    "starCount": 0,
    "isStared": 0,
    "thumbnailURL": "https://www.makeapie.com/ecg-storage/ec_gallery_thumbnail/xSkpdEWsTW.png?v=1508738164981",
    "isCustomThumbnail": 0,
    "builtinTags": [
        "category-work",
        "grid",
        "legend",
        "series-line",
        "title",
        "toolbox",
        "tooltip"
    ],
    "customTags": [],
    "updaterUserName": "出***户"
}