{
    "cid": "xSkTKPD66Z",
    "authorUid": "bd-2284648144",
    "authorUserName": "独***歌",
    "title": "全省物资采购走势情况",
    "description": "普通柱状图  渐变",
    "latestVersion": 1,
    "alwaysLatest": 1,
    "createTime": "2017-10-25T01:23:16.000Z",
    "lastUpdateTime": "2017-10-25T01:23:16.000Z",
    "auth": 2,
    "uid": "bd-2284648144",
    "publishedVersion": 0,
    "forkFrom": "-",
    "isSpam": 0,
    "version": 1,
    "parentVersion": -1,
    "echartsVersion": "3.7.2",
    "versionCreateTime": "2017-10-25T01:23:16.000Z",
    "html": "",
    "externalScripts": "",
    "updaterUID": "bd-2284648144",
    "theme": "",
    "layout": "",
    "viewCount": 80,
    "userName": "独***歌",
    "commentCount": 0,
    "starCount": 0,
    "isStared": 0,
    "thumbnailURL": "https://www.makeapie.com/ecg-storage/ec_gallery_thumbnail/xSkTKPD66Z.png?v=1508894596887",
    "isCustomThumbnail": 0,
    "builtinTags": [
        "category-work",
        "grid",
        "series-bar",
        "title",
        "tooltip"
    ],
    "customTags": [],
    "updaterUserName": "独***歌"
}