{
    "cid": "xSy69Ut2ab",
    "authorUid": "bd-3525979819",
    "authorUserName": "B***东",
    "title": "接/送站申请时段统计",
    "description": "",
    "latestVersion": 1,
    "alwaysLatest": 1,
    "createTime": "2017-10-24T09:23:32.000Z",
    "lastUpdateTime": "2017-10-24T09:23:32.000Z",
    "auth": 2,
    "uid": "bd-3525979819",
    "publishedVersion": 0,
    "forkFrom": "-",
    "isSpam": 0,
    "version": 1,
    "parentVersion": -1,
    "echartsVersion": "3.7.2",
    "versionCreateTime": "2017-10-24T09:23:32.000Z",
    "html": "",
    "externalScripts": "",
    "updaterUID": "bd-3525979819",
    "theme": "",
    "layout": "",
    "viewCount": 202,
    "userName": "B***东",
    "commentCount": 0,
    "starCount": 3,
    "isStared": 0,
    "thumbnailURL": "https://www.makeapie.com/ecg-storage/ec_gallery_thumbnail/xSy69Ut2ab.png?v=1508837012866",
    "isCustomThumbnail": 0,
    "builtinTags": [
        "category-work",
        "grid",
        "legend",
        "series-bar",
        "title",
        "tooltip"
    ],
    "customTags": [],
    "updaterUserName": "B***东"
}