{
    "cid": "xSyjzcdT6W",
    "authorUid": "bd-2284648144",
    "authorUserName": "独***歌",
    "title": "本期购进",
    "description": "进度条",
    "latestVersion": 3,
    "alwaysLatest": 1,
    "createTime": "2017-10-25T02:42:27.000Z",
    "lastUpdateTime": "2017-10-25T02:42:27.000Z",
    "auth": 2,
    "uid": "bd-2284648144",
    "publishedVersion": 0,
    "forkFrom": "-",
    "isSpam": 0,
    "version": 3,
    "parentVersion": 2,
    "echartsVersion": "3.7.2",
    "versionCreateTime": "2017-10-25T03:08:39.000Z",
    "html": "",
    "externalScripts": "",
    "updaterUID": "bd-2284648144",
    "theme": "",
    "layout": "",
    "viewCount": 386,
    "userName": "独***歌",
    "commentCount": 0,
    "starCount": 2,
    "isStared": 0,
    "thumbnailURL": "https://www.makeapie.com/ecg-storage/ec_gallery_thumbnail/xSyjzcdT6W.png?v=1508900919839",
    "isCustomThumbnail": 0,
    "builtinTags": [
        "category-work",
        "series-pie",
        "title",
        "toolbox",
        "tooltip"
    ],
    "customTags": [],
    "updaterUserName": "独***歌"
}