{
    "cid": "xSypL_ip6Z",
    "authorUid": "bd-2168333340",
    "authorUserName": "baby七夏光年",
    "title": "个人工作饱和情况",
    "description": "热点图",
    "latestVersion": 1,
    "alwaysLatest": 1,
    "createTime": "2017-10-25T05:59:49.000Z",
    "lastUpdateTime": "2017-10-25T05:59:49.000Z",
    "auth": 2,
    "uid": "bd-2168333340",
    "publishedVersion": 0,
    "forkFrom": "-",
    "isSpam": 0,
    "version": 1,
    "parentVersion": -1,
    "echartsVersion": "3.7.2",
    "versionCreateTime": "2017-10-25T05:59:49.000Z",
    "html": "",
    "externalScripts": "",
    "updaterUID": "bd-2168333340",
    "theme": "",
    "layout": "",
    "viewCount": 1162,
    "userName": "baby七夏光年",
    "commentCount": 0,
    "starCount": 5,
    "isStared": 0,
    "thumbnailURL": "https://www.makeapie.com/ecg-storage/ec_gallery_thumbnail/xSypL_ip6Z.png?v=1508911189307",
    "isCustomThumbnail": 0,
    "builtinTags": [
        "calendar",
        "category-work",
        "series-heatmap",
        "title",
        "tooltip",
        "visualMap"
    ],
    "customTags": [],
    "updaterUserName": "baby七夏光年"
}