{
    "cid": "x38AZ7NX_9",
    "authorUid": "obd-o2Xu06T0HTK0KYiOdT3Y-cYj1WFgJBH",
    "authorUserName": "球***鞋",
    "title": "12月直观分布图",
    "description": "12月直观分布图",
    "latestVersion": 4,
    "alwaysLatest": 0,
    "createTime": "2021-06-23T01:45:46.000Z",
    "lastUpdateTime": "2021-06-23T01:45:46.000Z",
    "auth": 2,
    "uid": "obd-o2Xu06T0HTK0KYiOdT3Y-cYj1WFgJBH",
    "publishedVersion": 0,
    "forkFrom": "-",
    "isSpam": 0,
    "version": 4,
    "parentVersion": 3,
    "echartsVersion": "5.1.2",
    "versionCreateTime": "2021-06-23T09:10:15.000Z",
    "html": "",
    "externalScripts": "",
    "updaterUID": "obd-o2Xu06T0HTK0KYiOdT3Y-cYj1WFgJBH",
    "theme": "",
    "layout": "",
    "viewCount": 0,
    "userName": "球***鞋",
    "commentCount": 0,
    "starCount": 6,
    "isStared": 0,
    "thumbnailURL": "https://www.makeapie.com/ecg-storage/ec_gallery_thumbnail/x38AZ7NX_9.png?v=1624439415842",
    "isCustomThumbnail": 0,
    "builtinTags": [
        "category-work",
        "dataZoom",
        "grid",
        "series-bar",
        "series-line",
        "tooltip"
    ],
    "customTags": [],
    "updaterUserName": "球***鞋"
}