{
    "cid": "x5AU6dMsr5",
    "authorUid": "obd-oA55av2Alht3Y4stV_3kLXalYMnbn76",
    "authorUserName": "189******61",
    "title": "柱状图",
    "description": "柱状图需求数据",
    "latestVersion": 1,
    "alwaysLatest": 0,
    "createTime": "2021-06-23T06:59:45.000Z",
    "lastUpdateTime": "2021-06-23T06:59:45.000Z",
    "auth": 2,
    "uid": "obd-oA55av2Alht3Y4stV_3kLXalYMnbn76",
    "publishedVersion": 0,
    "forkFrom": "-",
    "isSpam": 0,
    "version": 1,
    "parentVersion": -1,
    "echartsVersion": "5.1.2",
    "versionCreateTime": "2021-06-23T06:59:45.000Z",
    "html": "",
    "externalScripts": "",
    "updaterUID": "obd-oA55av2Alht3Y4stV_3kLXalYMnbn76",
    "theme": "default",
    "layout": "",
    "viewCount": 0,
    "userName": "189******61",
    "commentCount": 0,
    "starCount": 0,
    "isStared": 0,
    "thumbnailURL": "https://www.makeapie.com/ecg-storage/ec_gallery_thumbnail/x5AU6dMsr5.png?v=1624431585685",
    "isCustomThumbnail": 0,
    "builtinTags": [
        "category-work",
        "grid",
        "legend",
        "series-bar",
        "title"
    ],
    "customTags": [],
    "updaterUserName": "189******61"
}