{
    "cid": "x9L9GGCve3",
    "authorUid": "obd-oA0gKX2xnB8Luu3k0kaqbiPx5QYa778",
    "authorUserName": "R***y",
    "title": "仪表盘1",
    "description": "",
    "latestVersion": 1,
    "alwaysLatest": 0,
    "createTime": "2021-06-23T07:49:56.000Z",
    "lastUpdateTime": "2021-06-23T07:49:56.000Z",
    "auth": 2,
    "uid": "obd-oA0gKX2xnB8Luu3k0kaqbiPx5QYa778",
    "publishedVersion": 0,
    "forkFrom": "-",
    "isSpam": 0,
    "version": 1,
    "parentVersion": -1,
    "echartsVersion": "4.7.0",
    "versionCreateTime": "2021-06-23T07:49:56.000Z",
    "html": "",
    "externalScripts": "",
    "updaterUID": "obd-oA0gKX2xnB8Luu3k0kaqbiPx5QYa778",
    "theme": "",
    "layout": "",
    "viewCount": 0,
    "userName": "R***y",
    "commentCount": 0,
    "starCount": 0,
    "isStared": 0,
    "thumbnailURL": "https://www.makeapie.com/ecg-storage/ec_gallery_thumbnail/x9L9GGCve3.png?v=1624434596612",
    "isCustomThumbnail": 0,
    "builtinTags": [
        "category-work",
        "series-gauge",
        "title"
    ],
    "customTags": [],
    "updaterUserName": "R***y"
}