{
    "cid": "xAcLF3_x7O",
    "authorUid": "bd-2535491754",
    "authorUserName": "若***悔",
    "title": "bmap散点图",
    "description": "",
    "latestVersion": 1,
    "alwaysLatest": 0,
    "createTime": "2021-06-23T05:59:52.000Z",
    "lastUpdateTime": "2021-06-23T05:59:52.000Z",
    "auth": 2,
    "uid": "bd-2535491754",
    "publishedVersion": 0,
    "forkFrom": "-",
    "isSpam": 0,
    "version": 1,
    "parentVersion": -1,
    "echartsVersion": "5.1.2",
    "versionCreateTime": "2021-06-23T05:59:52.000Z",
    "html": "",
    "externalScripts": "http://api.map.baidu.com/api?v=2.0&ak=EasiOXCzHYizGMMMjnAApuMlFpaH4o5G,https://cdn.jsdelivr.net/npm/echarts@5/dist/extension/bmap.min.js",
    "updaterUID": "bd-2535491754",
    "theme": "",
    "layout": "",
    "viewCount": 0,
    "userName": "若***悔",
    "commentCount": 0,
    "starCount": 0,
    "isStared": 0,
    "thumbnailURL": "https://www.makeapie.com/ecg-storage/ec_gallery_thumbnail/xAcLF3_x7O.undefined?v=",
    "isCustomThumbnail": 0,
    "builtinTags": [
        "category-work"
    ],
    "customTags": [
        "bmap",
        "散点图",
        "百度地图"
    ],
    "updaterUserName": "若***悔"
}