{
    "cid": "xhQkFMA6mu",
    "authorUid": "obd-o0hPZtDSDXmjn0V4F6MGap8iWWa5OFW",
    "authorUserName": "勇***粥",
    "title": "boxplot-箱线图",
    "description": "",
    "latestVersion": 2,
    "alwaysLatest": 0,
    "createTime": "2021-06-22T06:21:21.000Z",
    "lastUpdateTime": "2021-06-22T06:21:21.000Z",
    "auth": 2,
    "uid": "obd-o0hPZtDSDXmjn0V4F6MGap8iWWa5OFW",
    "publishedVersion": 0,
    "forkFrom": "-",
    "isSpam": 0,
    "version": 2,
    "parentVersion": 1,
    "echartsVersion": "5.1.2",
    "versionCreateTime": "2021-06-22T06:31:38.000Z",
    "html": "",
    "externalScripts": "",
    "updaterUID": "obd-o0hPZtDSDXmjn0V4F6MGap8iWWa5OFW",
    "theme": "",
    "layout": "",
    "viewCount": 0,
    "userName": "勇***粥",
    "commentCount": 0,
    "starCount": 0,
    "isStared": 0,
    "thumbnailURL": "https://www.makeapie.com/ecg-storage/ec_gallery_thumbnail/xhQkFMA6mu.png?v=1624343499006",
    "isCustomThumbnail": 0,
    "builtinTags": [
        "category-work",
        "grid",
        "series-bar",
        "title"
    ],
    "customTags": [
        "boxplot",
        "盒须图",
        "箱线图"
    ],
    "updaterUserName": "勇***粥"
}