{
    "cid": "xkx9bPZWu1",
    "authorUid": "obd-oA0gKX2xnB8Luu3k0kaqbiPx5QYa778",
    "authorUserName": "R***y",
    "title": "环形图",
    "description": "使用富文本配置legend",
    "latestVersion": 1,
    "alwaysLatest": 0,
    "createTime": "2021-06-23T09:07:22.000Z",
    "lastUpdateTime": "2021-06-23T09:07:22.000Z",
    "auth": 2,
    "uid": "obd-oA0gKX2xnB8Luu3k0kaqbiPx5QYa778",
    "publishedVersion": 0,
    "forkFrom": "-",
    "isSpam": 0,
    "version": 1,
    "parentVersion": -1,
    "echartsVersion": "5.1.2",
    "versionCreateTime": "2021-06-23T09:07:22.000Z",
    "html": "",
    "externalScripts": "",
    "updaterUID": "obd-oA0gKX2xnB8Luu3k0kaqbiPx5QYa778",
    "theme": "",
    "layout": "",
    "viewCount": 0,
    "userName": "R***y",
    "commentCount": 0,
    "starCount": 0,
    "isStared": 0,
    "thumbnailURL": "https://www.makeapie.com/ecg-storage/ec_gallery_thumbnail/xkx9bPZWu1.png?v=1624439243038",
    "isCustomThumbnail": 0,
    "builtinTags": [
        "category-work",
        "legend",
        "series-pie",
        "title",
        "tooltip"
    ],
    "customTags": [],
    "updaterUserName": "R***y"
}