{
    "cid": "xKZEF0loRU",
    "authorUid": "obd-otKvsjOvt73MJZbxrdliakYsP2v9887",
    "authorUserName": "时***凤",
    "title": "数据占比图标",
    "description": "",
    "latestVersion": 1,
    "alwaysLatest": 0,
    "createTime": "2021-06-22T11:45:52.000Z",
    "lastUpdateTime": "2021-06-22T11:45:52.000Z",
    "auth": 2,
    "uid": "obd-otKvsjOvt73MJZbxrdliakYsP2v9887",
    "publishedVersion": 0,
    "forkFrom": "-",
    "isSpam": 0,
    "version": 1,
    "parentVersion": -1,
    "echartsVersion": "5.1.2",
    "versionCreateTime": "2021-06-22T11:45:52.000Z",
    "html": "",
    "externalScripts": "",
    "updaterUID": "obd-otKvsjOvt73MJZbxrdliakYsP2v9887",
    "theme": "",
    "layout": "",
    "viewCount": 0,
    "userName": "时***凤",
    "commentCount": 0,
    "starCount": 0,
    "isStared": 0,
    "thumbnailURL": "https://www.makeapie.com/ecg-storage/ec_gallery_thumbnail/xKZEF0loRU.png?v=1624362352198",
    "isCustomThumbnail": 0,
    "builtinTags": [
        "category-work",
        "grid",
        "series-bar",
        "tooltip"
    ],
    "customTags": [],
    "updaterUserName": "时***凤"
}