{
    "cid": "xmRcMYWJAP",
    "authorUid": "obd-otKvsjOvt73MJZbxrdliakYsP2v9887",
    "authorUserName": "时***凤",
    "title": "y轴显示柱状图",
    "description": "",
    "latestVersion": 2,
    "alwaysLatest": 0,
    "createTime": "2021-06-22T08:44:59.000Z",
    "lastUpdateTime": "2021-06-22T08:44:59.000Z",
    "auth": 2,
    "uid": "obd-otKvsjOvt73MJZbxrdliakYsP2v9887",
    "publishedVersion": 0,
    "forkFrom": "-",
    "isSpam": 0,
    "version": 2,
    "parentVersion": 1,
    "echartsVersion": "5.1.2",
    "versionCreateTime": "2021-06-22T11:35:46.000Z",
    "html": "",
    "externalScripts": "",
    "updaterUID": "obd-otKvsjOvt73MJZbxrdliakYsP2v9887",
    "theme": "",
    "layout": "",
    "viewCount": 0,
    "userName": "时***凤",
    "commentCount": 0,
    "starCount": 1,
    "isStared": 0,
    "thumbnailURL": "https://www.makeapie.com/ecg-storage/ec_gallery_thumbnail/xmRcMYWJAP.png?v=1624361746352",
    "isCustomThumbnail": 0,
    "builtinTags": [
        "category-work",
        "grid",
        "series-bar",
        "tooltip"
    ],
    "customTags": [],
    "updaterUserName": "时***凤"
}