{
    "cid": "xOdeKPyWtB",
    "authorUid": "obd-oMG8UgLV6rZTxo4h5s_95rQQ1q3dE2M",
    "authorUserName": "小***h",
    "title": "111",
    "description": "111",
    "latestVersion": 2,
    "alwaysLatest": 0,
    "createTime": "2021-06-23T06:09:49.000Z",
    "lastUpdateTime": "2021-08-09T03:43:18.000Z",
    "auth": 2,
    "uid": "obd-oMG8UgLV6rZTxo4h5s_95rQQ1q3dE2M",
    "publishedVersion": 0,
    "forkFrom": "-",
    "isSpam": 0,
    "version": 2,
    "parentVersion": 1,
    "echartsVersion": "5.1.2",
    "versionCreateTime": "2021-08-09T03:43:18.000Z",
    "html": "",
    "externalScripts": "",
    "updaterUID": "obd-oMG8UgLV6rZTxo4h5s_95rQQ1q3dE2M",
    "theme": "",
    "layout": "",
    "viewCount": 0,
    "userName": "小***h",
    "commentCount": 0,
    "starCount": 1,
    "isStared": 0,
    "thumbnailURL": "https://www.makeapie.com/ecg-storage/ec_gallery_thumbnail/xOdeKPyWtB.png?v=1628480598666",
    "isCustomThumbnail": 0,
    "builtinTags": [
        "category-work",
        "grid",
        "series-bar",
        "tooltip"
    ],
    "customTags": [],
    "updaterUserName": "小***h"
}