{
    "cid": "xRu8tasLFU",
    "authorUid": "bd-1767830562",
    "authorUserName": "s***l",
    "title": "折柱混合-显示label",
    "description": "",
    "latestVersion": 1,
    "alwaysLatest": 0,
    "createTime": "2021-06-22T09:44:11.000Z",
    "lastUpdateTime": "2021-06-22T09:44:11.000Z",
    "auth": 2,
    "uid": "bd-1767830562",
    "publishedVersion": 0,
    "forkFrom": "-",
    "isSpam": 0,
    "version": 1,
    "parentVersion": -1,
    "echartsVersion": "5.1.2",
    "versionCreateTime": "2021-06-22T09:44:11.000Z",
    "html": "",
    "externalScripts": "",
    "updaterUID": "bd-1767830562",
    "theme": "",
    "layout": "",
    "viewCount": 0,
    "userName": "s***l",
    "commentCount": 0,
    "starCount": 4,
    "isStared": 0,
    "thumbnailURL": "https://www.makeapie.com/ecg-storage/ec_gallery_thumbnail/xRu8tasLFU.png?v=1624355051623",
    "isCustomThumbnail": 0,
    "builtinTags": [
        "category-work",
        "grid",
        "legend",
        "series-bar",
        "series-line",
        "tooltip"
    ],
    "customTags": [],
    "updaterUserName": "s***l"
}