{
    "cid": "xxgOP3swhq",
    "authorUid": "obd-o0gOZGbn-lKPw4xQhyiQCAlPCUJd7Fr",
    "authorUserName": "k***9",
    "title": "左侧引导线饼图",
    "description": "",
    "latestVersion": 2,
    "alwaysLatest": 0,
    "createTime": "2021-06-22T08:07:54.000Z",
    "lastUpdateTime": "2021-06-22T08:07:54.000Z",
    "auth": 2,
    "uid": "obd-o0gOZGbn-lKPw4xQhyiQCAlPCUJd7Fr",
    "publishedVersion": 0,
    "forkFrom": "-",
    "isSpam": 0,
    "version": 2,
    "parentVersion": 1,
    "echartsVersion": "5.1.2",
    "versionCreateTime": "2021-06-22T09:21:36.000Z",
    "html": "",
    "externalScripts": "",
    "updaterUID": "obd-o0gOZGbn-lKPw4xQhyiQCAlPCUJd7Fr",
    "theme": "dark",
    "layout": "",
    "viewCount": 0,
    "userName": "k***9",
    "commentCount": 0,
    "starCount": 2,
    "isStared": 0,
    "thumbnailURL": "https://www.makeapie.com/ecg-storage/ec_gallery_thumbnail/xxgOP3swhq.png?v=1624353696178",
    "isCustomThumbnail": 0,
    "builtinTags": [
        "category-work",
        "series-pie"
    ],
    "customTags": [],
    "updaterUserName": "k***9"
}