{
    "cid": "xY7pTz8MjE",
    "authorUid": "obd-oFx6-pKXaAuVLLq1tvzqcBFqNpUKu5g",
    "authorUserName": "r***4",
    "title": "迁徙图数据格式",
    "description": "",
    "latestVersion": 3,
    "alwaysLatest": 0,
    "createTime": "2021-06-22T00:48:29.000Z",
    "lastUpdateTime": "2021-06-22T00:48:29.000Z",
    "auth": 2,
    "uid": "obd-oFx6-pKXaAuVLLq1tvzqcBFqNpUKu5g",
    "publishedVersion": 0,
    "forkFrom": "-",
    "isSpam": 0,
    "version": 3,
    "parentVersion": 2,
    "echartsVersion": "5.1.2",
    "versionCreateTime": "2021-06-22T01:05:07.000Z",
    "html": "",
    "externalScripts": "/dep/echarts/map/js/china.js",
    "updaterUID": "obd-oFx6-pKXaAuVLLq1tvzqcBFqNpUKu5g",
    "theme": "",
    "layout": "",
    "viewCount": 0,
    "userName": "r***4",
    "commentCount": 0,
    "starCount": 1,
    "isStared": 0,
    "thumbnailURL": "https://www.makeapie.com/ecg-storage/ec_gallery_thumbnail/xY7pTz8MjE.png?v=1624323907739",
    "isCustomThumbnail": 0,
    "builtinTags": [
        "category-work",
        "geo",
        "series-effectScatter",
        "series-lines",
        "series-map",
        "series-scatter",
        "tooltip"
    ],
    "customTags": [],
    "updaterUserName": "r***4"
}