{
    "cid": "xZQcI2MAKP",
    "authorUid": "obd-oA0gKX2xnB8Luu3k0kaqbiPx5QYa778",
    "authorUserName": "R***y",
    "title": "柱状图1",
    "description": "",
    "latestVersion": 3,
    "alwaysLatest": 0,
    "createTime": "2021-06-23T06:33:22.000Z",
    "lastUpdateTime": "2021-06-23T06:33:22.000Z",
    "auth": 2,
    "uid": "obd-oA0gKX2xnB8Luu3k0kaqbiPx5QYa778",
    "publishedVersion": 0,
    "forkFrom": "-",
    "isSpam": 0,
    "version": 3,
    "parentVersion": 2,
    "echartsVersion": "5.1.2",
    "versionCreateTime": "2021-06-23T06:34:26.000Z",
    "html": "",
    "externalScripts": "",
    "updaterUID": "obd-oA0gKX2xnB8Luu3k0kaqbiPx5QYa778",
    "theme": "",
    "layout": "",
    "viewCount": 0,
    "userName": "R***y",
    "commentCount": 0,
    "starCount": 0,
    "isStared": 0,
    "thumbnailURL": "https://www.makeapie.com/ecg-storage/ec_gallery_thumbnail/xZQcI2MAKP.png?v=1624430066216",
    "isCustomThumbnail": 0,
    "builtinTags": [
        "category-work",
        "grid",
        "legend",
        "series-bar",
        "tooltip"
    ],
    "customTags": [],
    "updaterUserName": "R***y"
}