{
    "cid": "x36sORnA43",
    "authorUid": "bd-3793071787",
    "authorUserName": "二***弃",
    "title": "X轴的负轴显示正数，为0的时候也显示在X轴的左侧",
    "description": "X轴的负轴显示正数，为0的时候也显示在X轴的左侧",
    "latestVersion": 1,
    "alwaysLatest": 1,
    "createTime": "2019-04-22T02:46:30.000Z",
    "lastUpdateTime": "2019-04-22T02:46:30.000Z",
    "auth": 2,
    "uid": "bd-3793071787",
    "publishedVersion": 0,
    "forkFrom": "-",
    "isSpam": 0,
    "version": 1,
    "parentVersion": -1,
    "echartsVersion": "4.2.1",
    "versionCreateTime": "2019-04-22T02:46:30.000Z",
    "html": "",
    "externalScripts": "",
    "updaterUID": "bd-3793071787",
    "theme": "",
    "layout": "",
    "viewCount": 332,
    "userName": "二***弃",
    "commentCount": 0,
    "starCount": 1,
    "isStared": 0,
    "thumbnailURL": "https://www.makeapie.com/ecg-storage/ec_gallery_thumbnail/x36sORnA43.png?v=1555901190181",
    "isCustomThumbnail": 0,
    "builtinTags": [
        "category-work",
        "grid",
        "series-bar",
        "tooltip"
    ],
    "customTags": [],
    "updaterUserName": "二***弃"
}