{
    "cid": "x5sAlfeBgw",
    "authorUid": "bd-2133619855",
    "authorUserName": "小***乖",
    "title": "步骤线加柱状图混用",
    "description": "步骤线加柱状图混用",
    "latestVersion": 1,
    "alwaysLatest": 1,
    "createTime": "2019-04-22T09:39:17.000Z",
    "lastUpdateTime": "2019-04-22T09:39:17.000Z",
    "auth": 2,
    "uid": "bd-2133619855",
    "publishedVersion": 0,
    "forkFrom": "-",
    "isSpam": 0,
    "version": 1,
    "parentVersion": -1,
    "echartsVersion": "4.2.1",
    "versionCreateTime": "2019-04-22T09:39:17.000Z",
    "html": "",
    "externalScripts": "",
    "updaterUID": "bd-2133619855",
    "theme": "",
    "layout": "",
    "viewCount": 473,
    "userName": "小***乖",
    "commentCount": 0,
    "starCount": 2,
    "isStared": 0,
    "thumbnailURL": "https://www.makeapie.com/ecg-storage/ec_gallery_thumbnail/x5sAlfeBgw.png?v=1555925957972",
    "isCustomThumbnail": 0,
    "builtinTags": [
        "category-work",
        "grid",
        "markLine",
        "series-bar",
        "series-line"
    ],
    "customTags": [],
    "updaterUserName": "小***乖"
}