{
    "cid": "x66VApYcmf",
    "authorUid": "bd-3145058399",
    "authorUserName": "i***s",
    "title": "支撑矩形图",
    "description": "虚化底部数据",
    "latestVersion": 1,
    "alwaysLatest": 1,
    "createTime": "2019-04-22T07:27:14.000Z",
    "lastUpdateTime": "2019-04-22T07:27:14.000Z",
    "auth": 2,
    "uid": "bd-3145058399",
    "publishedVersion": 0,
    "forkFrom": "-",
    "isSpam": 0,
    "version": 1,
    "parentVersion": -1,
    "echartsVersion": "4.2.1",
    "versionCreateTime": "2019-04-22T07:27:14.000Z",
    "html": "",
    "externalScripts": "",
    "updaterUID": "bd-3145058399",
    "theme": "dark",
    "layout": "",
    "viewCount": 71,
    "userName": "i***s",
    "commentCount": 0,
    "starCount": 1,
    "isStared": 0,
    "thumbnailURL": "https://www.makeapie.com/ecg-storage/ec_gallery_thumbnail/x66VApYcmf.png?v=1555918034642",
    "isCustomThumbnail": 1,
    "builtinTags": [
        "category-work",
        "dataset",
        "grid",
        "series-custom"
    ],
    "customTags": [],
    "updaterUserName": "i***s"
}