{
    "cid": "x8Osnn9Xnh",
    "authorUid": "bd-2836518829",
    "authorUserName": "J***儿",
    "title": "区域销量",
    "description": "",
    "latestVersion": 6,
    "alwaysLatest": 1,
    "createTime": "2019-04-22T02:48:06.000Z",
    "lastUpdateTime": "2019-04-22T02:48:06.000Z",
    "auth": 2,
    "uid": "bd-2836518829",
    "publishedVersion": 0,
    "forkFrom": "-",
    "isSpam": 0,
    "version": 6,
    "parentVersion": 5,
    "echartsVersion": "4.2.1",
    "versionCreateTime": "2019-04-22T07:29:24.000Z",
    "html": "",
    "externalScripts": "",
    "updaterUID": "bd-2836518829",
    "theme": "",
    "layout": "",
    "viewCount": 242,
    "userName": "J***儿",
    "commentCount": 0,
    "starCount": 0,
    "isStared": 0,
    "thumbnailURL": "https://www.makeapie.com/ecg-storage/ec_gallery_thumbnail/x8Osnn9Xnh.png?v=1555918164728",
    "isCustomThumbnail": 0,
    "builtinTags": [
        "category-work",
        "dataZoom",
        "grid",
        "series-bar",
        "tooltip"
    ],
    "customTags": [],
    "updaterUserName": "J***儿"
}