{
    "cid": "xfFHeFkcEJ",
    "authorUid": "bd-4028402768",
    "authorUserName": "y***3",
    "title": "波形图",
    "description": "创意波形图",
    "latestVersion": 2,
    "alwaysLatest": 1,
    "createTime": "2019-04-19T07:27:46.000Z",
    "lastUpdateTime": "2019-04-19T07:27:46.000Z",
    "auth": 2,
    "uid": "bd-4028402768",
    "publishedVersion": 0,
    "forkFrom": "-",
    "isSpam": 0,
    "version": 2,
    "parentVersion": 1,
    "echartsVersion": "4.2.1",
    "versionCreateTime": "2019-04-19T09:20:23.000Z",
    "html": "",
    "externalScripts": "",
    "updaterUID": "bd-4028402768",
    "theme": "dark",
    "layout": "",
    "viewCount": 87,
    "userName": "y***3",
    "commentCount": 0,
    "starCount": 0,
    "isStared": 0,
    "thumbnailURL": "https://www.makeapie.com/ecg-storage/ec_gallery_thumbnail/xfFHeFkcEJ.png?v=1555665623210",
    "isCustomThumbnail": 0,
    "builtinTags": [
        "category-work",
        "grid",
        "series-pictorialBar",
        "title",
        "tooltip"
    ],
    "customTags": [],
    "updaterUserName": "y***3"
}