{
    "cid": "xGbbcr_d1q",
    "authorUid": "bd-900618179",
    "authorUserName": "御***r",
    "title": "markpoint",
    "description": "",
    "latestVersion": 1,
    "alwaysLatest": 1,
    "createTime": "2019-04-22T08:01:29.000Z",
    "lastUpdateTime": "2019-04-22T08:01:29.000Z",
    "auth": 2,
    "uid": "bd-900618179",
    "publishedVersion": 0,
    "forkFrom": "-",
    "isSpam": 0,
    "version": 1,
    "parentVersion": -1,
    "echartsVersion": "4.2.1",
    "versionCreateTime": "2019-04-22T08:01:29.000Z",
    "html": "",
    "externalScripts": "",
    "updaterUID": "bd-900618179",
    "theme": "dark",
    "layout": "",
    "viewCount": 71,
    "userName": "御***r",
    "commentCount": 0,
    "starCount": 0,
    "isStared": 0,
    "thumbnailURL": "https://www.makeapie.com/ecg-storage/ec_gallery_thumbnail/xGbbcr_d1q.png?v=1555920089921",
    "isCustomThumbnail": 0,
    "builtinTags": [
        "category-work",
        "grid",
        "markPoint",
        "series-line"
    ],
    "customTags": [],
    "updaterUserName": "御***r"
}