{
    "cid": "xRzpEiB3Hs",
    "authorUid": "bd-3145058399",
    "authorUserName": "i***s",
    "title": "极坐标轴柱状图",
    "description": "用到了dataset，并且可以同系列不同颜色",
    "latestVersion": 3,
    "alwaysLatest": 1,
    "createTime": "2019-04-22T06:59:56.000Z",
    "lastUpdateTime": "2019-04-22T06:59:56.000Z",
    "auth": 2,
    "uid": "bd-3145058399",
    "publishedVersion": 0,
    "forkFrom": "-",
    "isSpam": 0,
    "version": 3,
    "parentVersion": 2,
    "echartsVersion": "4.2.1",
    "versionCreateTime": "2019-04-22T07:27:51.000Z",
    "html": "",
    "externalScripts": "",
    "updaterUID": "bd-3145058399",
    "theme": "",
    "layout": "",
    "viewCount": 150,
    "userName": "i***s",
    "commentCount": 0,
    "starCount": 0,
    "isStared": 0,
    "thumbnailURL": "https://www.makeapie.com/ecg-storage/ec_gallery_thumbnail/xRzpEiB3Hs.png?v=1555916396919",
    "isCustomThumbnail": 1,
    "builtinTags": [
        "category-work",
        "dataset",
        "polar",
        "series-bar"
    ],
    "customTags": [],
    "updaterUserName": "i***s"
}