{
    "cid": "xtWdm7b5mf",
    "authorUid": "bd-949352471",
    "authorUserName": "b***r",
    "title": "柱状图",
    "description": "每个柱子显示不同颜色",
    "latestVersion": 1,
    "alwaysLatest": 1,
    "createTime": "2019-04-20T06:17:31.000Z",
    "lastUpdateTime": "2019-04-20T06:17:31.000Z",
    "auth": 2,
    "uid": "bd-949352471",
    "publishedVersion": 0,
    "forkFrom": "-",
    "isSpam": 0,
    "version": 1,
    "parentVersion": -1,
    "echartsVersion": "4.2.1",
    "versionCreateTime": "2019-04-20T06:17:31.000Z",
    "html": "",
    "externalScripts": "",
    "updaterUID": "bd-949352471",
    "theme": "",
    "layout": "",
    "viewCount": 14,
    "userName": "b***r",
    "commentCount": 0,
    "starCount": 0,
    "isStared": 0,
    "thumbnailURL": "https://www.makeapie.com/ecg-storage/ec_gallery_thumbnail/xtWdm7b5mf.png?v=1555741051636",
    "isCustomThumbnail": 0,
    "builtinTags": [
        "category-work",
        "grid",
        "series-bar",
        "tooltip"
    ],
    "customTags": [],
    "updaterUserName": "b***r"
}