{
    "cid": "xU0DiNPUzP",
    "authorUid": "bd-2836518829",
    "authorUserName": "J***儿",
    "title": "总销量",
    "description": "",
    "latestVersion": 11,
    "alwaysLatest": 1,
    "createTime": "2019-04-22T02:33:31.000Z",
    "lastUpdateTime": "2019-04-22T02:33:31.000Z",
    "auth": 2,
    "uid": "bd-2836518829",
    "publishedVersion": 0,
    "forkFrom": "-",
    "isSpam": 0,
    "version": 11,
    "parentVersion": 10,
    "echartsVersion": "4.2.1",
    "versionCreateTime": "2019-04-22T07:00:13.000Z",
    "html": "",
    "externalScripts": "",
    "updaterUID": "bd-2836518829",
    "theme": "",
    "layout": "",
    "viewCount": 68,
    "userName": "J***儿",
    "commentCount": 0,
    "starCount": 1,
    "isStared": 0,
    "thumbnailURL": "https://www.makeapie.com/ecg-storage/ec_gallery_thumbnail/xU0DiNPUzP.png?v=1555916413540",
    "isCustomThumbnail": 0,
    "builtinTags": [
        "category-work",
        "dataZoom",
        "grid",
        "series-line",
        "tooltip"
    ],
    "customTags": [],
    "updaterUserName": "J***儿"
}