{
    "cid": "xuRmC-4VvG",
    "authorUid": "bd-2836518829",
    "authorUserName": "J***儿",
    "title": "平台销量",
    "description": "",
    "latestVersion": 4,
    "alwaysLatest": 1,
    "createTime": "2019-04-22T01:27:09.000Z",
    "lastUpdateTime": "2019-04-22T01:27:09.000Z",
    "auth": 2,
    "uid": "bd-2836518829",
    "publishedVersion": 0,
    "forkFrom": "-",
    "isSpam": 0,
    "version": 4,
    "parentVersion": 3,
    "echartsVersion": "4.2.1",
    "versionCreateTime": "2019-04-22T07:06:09.000Z",
    "html": "",
    "externalScripts": "",
    "updaterUID": "bd-2836518829",
    "theme": "",
    "layout": "",
    "viewCount": 31,
    "userName": "J***儿",
    "commentCount": 0,
    "starCount": 0,
    "isStared": 0,
    "thumbnailURL": "https://www.makeapie.com/ecg-storage/ec_gallery_thumbnail/xuRmC-4VvG.png?v=1555916769947",
    "isCustomThumbnail": 0,
    "builtinTags": [
        "category-work",
        "dataZoom",
        "grid",
        "series-bar",
        "tooltip"
    ],
    "customTags": [],
    "updaterUserName": "J***儿"
}