{
    "cid": "xxxvaim4gI",
    "authorUid": "bd-1565178401",
    "authorUserName": "MirFreenice",
    "title": "柱状图-不同系统在不同数据集上的指标对比",
    "description": "不同系统在不同数据集上的指标对比",
    "latestVersion": 13,
    "alwaysLatest": 1,
    "createTime": "2019-04-23T05:45:11.000Z",
    "lastUpdateTime": "2019-04-23T05:45:11.000Z",
    "auth": 2,
    "uid": "bd-1565178401",
    "publishedVersion": 0,
    "forkFrom": "-",
    "isSpam": 0,
    "version": 13,
    "parentVersion": 12,
    "echartsVersion": "4.2.1",
    "versionCreateTime": "2019-04-23T09:11:59.000Z",
    "html": "",
    "externalScripts": "",
    "updaterUID": "bd-1565178401",
    "theme": "",
    "layout": "",
    "viewCount": 49,
    "userName": "MirFreenice",
    "commentCount": 0,
    "starCount": 1,
    "isStared": 0,
    "thumbnailURL": "https://www.makeapie.com/ecg-storage/ec_gallery_thumbnail/xxxvaim4gI.png?v=1556010719241",
    "isCustomThumbnail": 0,
    "builtinTags": [
        "category-work",
        "grid",
        "legend",
        "series-bar"
    ],
    "customTags": [],
    "updaterUserName": "MirFreenice"
}