{
    "cid": "xYhE8Wf0UQ",
    "authorUid": "bd-167860219",
    "authorUserName": "n***1",
    "title": "上海到南京出行轨迹",
    "description": "",
    "latestVersion": 3,
    "alwaysLatest": 1,
    "createTime": "2019-04-21T09:45:28.000Z",
    "lastUpdateTime": "2020-05-09T14:16:57.000Z",
    "auth": 2,
    "uid": "bd-167860219",
    "publishedVersion": 0,
    "forkFrom": "-",
    "isSpam": 0,
    "version": 3,
    "parentVersion": 2,
    "echartsVersion": "4.8.0",
    "versionCreateTime": "2020-08-08T15:46:50.000Z",
    "html": "",
    "externalScripts": "https://api.mapbox.com/mapbox-gl-js/v0.38.0/mapbox-gl.js,http://echarts.baidu.com/resource/echarts-gl-latest/mapboxgl-token.js,http://echarts.baidu.com/gallery/vendors/echarts-gl/echarts-gl.min.js,https://code.jquery.com/jquery-2.1.1.js,https://cdn.jsdelivr.net/npm/maptalks@0.39.3/dist/maptalks.min.js,https://cdnjs.cloudflare.com/ajax/libs/tween.js/r14/Tween.js,https://deyihu.github.io/src/lib/echarts-gl.1.1.3.js?tdsourcetag=s_pctim_aiomsg",
    "updaterUID": "bd-167860219",
    "theme": "default",
    "layout": "",
    "viewCount": 4964,
    "userName": "n***1",
    "commentCount": 2,
    "starCount": 21,
    "isStared": 0,
    "thumbnailURL": "https://www.makeapie.com/ecg-storage/ec_gallery_thumbnail/xYhE8Wf0UQ.png?v=1589033818517",
    "isCustomThumbnail": 1,
    "builtinTags": [
        "category-work",
        "maptalks3D",
        "series-lines3D",
        "title",
        "visualMap"
    ],
    "customTags": [],
    "updaterUserName": "n***1"
}