{
    "cid": "xzVHwAW7Zi",
    "authorUid": "bd-2836518829",
    "authorUserName": "J***儿",
    "title": "销售员销量排行",
    "description": "",
    "latestVersion": 5,
    "alwaysLatest": 1,
    "createTime": "2019-04-22T06:46:32.000Z",
    "lastUpdateTime": "2019-04-22T06:46:32.000Z",
    "auth": 2,
    "uid": "bd-2836518829",
    "publishedVersion": 0,
    "forkFrom": "-",
    "isSpam": 0,
    "version": 5,
    "parentVersion": 4,
    "echartsVersion": "4.2.1",
    "versionCreateTime": "2019-04-26T00:51:19.000Z",
    "html": "",
    "externalScripts": "",
    "updaterUID": "bd-2836518829",
    "theme": "",
    "layout": "",
    "viewCount": 207,
    "userName": "J***儿",
    "commentCount": 0,
    "starCount": 1,
    "isStared": 0,
    "thumbnailURL": "https://www.makeapie.com/ecg-storage/ec_gallery_thumbnail/xzVHwAW7Zi.png?v=1556239879595",
    "isCustomThumbnail": 0,
    "builtinTags": [
        "category-work",
        "grid",
        "series-bar",
        "tooltip"
    ],
    "customTags": [],
    "updaterUserName": "J***儿"
}