<application>
  <component name="com.intellij.ide.ui.customization.CustomActionsSchema">
    <group value="WindowMenu" is_group="true" forse_popup="false" action_type="-1" position="10">
      <path value="root" />
      <path value="主菜单" />
      <option name="myInitialPosition" value="-1" />
    </group>
    <group value="Git.Pull" is_action="true" action_type="-1" position="4">
      <path value="root" />
      <path value="主菜单" />
      <path value="Git" />
      <path value="Git.MainMenu" />
      <option name="myInitialPosition" value="-1" />
    </group>
    <group value="Vcs.Operations.Popup.NonVcsAware" is_group="true" forse_popup="false" action_type="-1" position="3">
      <path value="root" />
      <path value="VCS 操作弹出窗口" />
      <option name="myInitialPosition" value="-1" />
    </group>
    <group value="VcsGlobalGroup" is_group="true" forse_popup="false" action_type="-1" position="2">
      <path value="root" />
      <path value="主菜单" />
      <path value="Git" />
      <path value="Vcs.MainMenu" />
      <option name="myInitialPosition" value="-1" />
    </group>
    <group value="Vcs.UpdateProject" is_action="true" action_type="-1" position="1">
      <path value="root" />
      <path value="导航栏工具栏" />
      <path value="NavBarVcsGroup" />
      <path value="VcsNavBarToolbarActions" />
      <option name="myInitialPosition" value="-1" />
    </group>
    <group value="Git.Pull" is_action="true" action_type="1" position="0">
      <path value="root" />
      <path value="主菜单" />
      <path value="Git" />
      <path value="Git.MainMenu" />
      <option name="myInitialPosition" value="-1" />
    </group>
    <group value="Git.Pull" is_action="true" action_type="1" position="1">
      <path value="root" />
      <path value="导航栏工具栏" />
      <path value="NavBarVcsGroup" />
      <path value="VcsNavBarToolbarActions" />
      <option name="myInitialPosition" value="-1" />
    </group>
    <action id="Git.Pull" icon="D:/谷歌下载/line-git pull request（git 拉取请求）.svg" />
  </component>
</application>