<application>
  <component name="CodeInsightSettings">
    <option name="completionCaseSensitive" value="2" />
    <option name="COMPLETION_CASE_SENSITIVE" value="2" />
  </component>
  <component name="CodeVisionSettings">
    <option name="codeVisionGroupToPosition">
      <map>
        <entry key="inheritors" value="Default" />
        <entry key="references" value="Default" />
        <entry key="vcs.code.vision" value="Default" />
      </map>
    </option>
    <option name="disabledCodeVisionProviderIds">
      <set>
        <option value="inheritors" />
        <option value="references" />
        <option value="vcs.code.vision" />
      </set>
    </option>
    <option name="enabled" value="false" />
  </component>
  <component name="DaemonCodeAnalyzerSettings">
    <option name="SHOW_METHOD_SEPARATORS" value="true" />
  </component>
  <component name="DeclarativeInlayHintsSettings">
    <option name="disabledOptions">
      <set>
        <option value="js.type.hints#function.returns" />
        <option value="js.type.hints#non.paren.single.param" />
        <option value="js.type.hints#parameters.in.parens" />
        <option value="js.type.hints#variables.and.fields" />
        <option value="ts.type.hints#function.returns" />
        <option value="ts.type.hints#non.paren.single.param" />
        <option value="ts.type.hints#parameters.in.parens" />
        <option value="ts.type.hints#variables.and.fields" />
      </set>
    </option>
    <option name="providerIdToEnabled">
      <map>
        <entry key="js.chain.hints" value="true" />
        <entry key="js.type.hints" value="false" />
        <entry key="qodana.yaml.inspection.descriptions" value="true" />
        <entry key="ts.chain.hints" value="true" />
        <entry key="ts.enum.hints" value="true" />
        <entry key="ts.type.hints" value="true" />
      </map>
    </option>
  </component>
  <component name="EditorSettings">
    <option name="languageBreadcrumbsMap">
      <map>
        <entry key="CSS" value="true" />
        <entry key="ECMAScript 6" value="true" />
        <entry key="HTML" value="true" />
        <entry key="Haml" value="true" />
        <entry key="JSON" value="true" />
        <entry key="Jade" value="true" />
        <entry key="JavaScript" value="true" />
        <entry key="LESS" value="true" />
        <entry key="Markdown" value="false" />
        <entry key="SASS" value="true" />
        <entry key="SCSS" value="true" />
        <entry key="Stylus" value="true" />
        <entry key="TypeScript" value="true" />
        <entry key="XHTML" value="true" />
        <entry key="XML" value="true" />
        <entry key="yaml" value="true" />
      </map>
    </option>
    <option name="USE_SOFT_WRAPS" value="MAIN_EDITOR" />
    <option name="SOFT_WRAP_FILE_MASKS" value="*.md; *.txt; *.rst; *.adoc;*.*;" />
    <option name="STRIP_TRAILING_SPACES" value="Whole" />
    <option name="IS_ENSURE_NEWLINE_AT_EOF" value="true" />
    <option name="IS_WHITESPACES_SHOWN" value="true" />
    <option name="IS_INDENT_GUIDES_SHOWN" value="false" />
    <option name="IS_DND_ENABLED" value="false" />
  </component>
  <component name="InlayHintsSettings">
    <option name="lastViewedProviderKeyId" value="JavaScript.js.type.hints" />
    <settingsMapElement>
      <TypeScript.ts.type.hints>
        <Settings>
          <option name="showForFunctions" value="true" />
        </Settings>
      </TypeScript.ts.type.hints>
    </settingsMapElement>
  </component>
  <component name="JSEditorOptions">
    <option name="START_STRING_INTERPOLATION_ON_TYPING" value="true" />
  </component>
  <component name="TodoConfiguration">
    <pattern pattern="\btodo\b.*" />
    <pattern pattern="\bfixme\b.*" />
  </component>
</application>