<application>
  <component name="FileTypeManager" version="18">
    <extensionMap>
      <mapping pattern="loginEncryptType.json" type="AUTO_DETECTED" />
      <mapping pattern="AnalyticExp" type="AUTO_DETECTED" />
      <mapping ext="wxml" type="HTML" />
      <mapping pattern="replay.js" type="JavaScript" />
      <mapping pattern=".browserslistrc" type="PLAIN_TEXT" />
      <mapping ext="tpl" type="PLAIN_TEXT" />
      <mapping ext="manifest" type="PLAIN_TEXT" />
      <mapping ext="nvue" type="Vue.js" />
      <removed_mapping ext="csv" approved="true" type="CSV/TSV" />
      <removed_mapping ext="dockerignore" approved="true" type="DockerIgnore file" />
      <removed_mapping ext="ignore" approved="true" type="IgnoreLang file" />
      <removed_mapping ext="pdf" approved="true" type="Native" />
      <removed_mapping ext="vue" approved="true" type="HTML" />
      <removed_mapping pattern="index.js" approved="true" type="AUTO_DETECTED" />
    </extensionMap>
  </component>
</application>