<application>
  <component name="GeneralSettings">
    <option name="showTipsOnStartup" value="false" />
    <option name="reopenLastProject" value="false" />
    <option name="confirmExit" value="false" />
    <option name="confirmOpenNewProject2" value="0" />
    <option name="processCloseConfirmation" value="TERMINATE" />
  </component>
  <component name="Registry">
    <entry key="ide.experimental.ui.tree.selection" value="false" />
    <entry key="ide.experimental.ui.animations" value="false" />
    <entry key="ide.experimental.ui" value="true" />
    <entry key="ide.experimental.ui.title.toolbar.in.macos" value="false" />
    <entry key="debugger.new.tool.window.layout" value="true" />
    <entry key="ide.balloon.shadow.size" value="0" />
    <entry key="ide.experimental.ui.inter.font" value="false" />
    <entry key="idea.plugins.compatible.build" value="" />
    <entry key="ide.editor.tab.selection.animation" value="true" />
    <entry key="ide.new.editor.tabs.vertical.borders" value="true" />
    <entry key="editor.focus.mode.color.light" value="828bb8" />
    <entry key="editor.focus.mode.color.dark" value="828bb8" />
  </component>
  <component name="StatusBar">
    <option name="widgets">
      <map>
        <entry key="CwmWireStatsWidgetFactory" value="false" />
        <entry key="Memory" value="true" />
        <entry key="com.github.copilot" value="false" />
        <entry key="mtProjectFactory" value="false" />
      </map>
    </option>
  </component>
</application>