<application>
  <component name="LafManager" autodetect="false">
    <laf class-name="com.intellij.ide.ui.laf.darcula.DarculaLaf" themeId="MOONLIGHT" />
    <lafs-to-previous-schemes>
      <laf-to-scheme laf="Arc Dark (Material)" scheme="_@user_Arc Dark (Material)" />
      <laf-to-scheme laf="Dark" scheme="_@user_Dark" />
      <laf-to-scheme laf="GitHub Dark (Material)" scheme="_@user_GitHub Dark (Material)" />
      <laf-to-scheme laf="Light" scheme="_@user_Light" />
      <laf-to-scheme laf="Material Oceanic" scheme="_@user_Material Oceanic" />
      <laf-to-scheme laf="Material Palenight" scheme="_@user_Material Palenight" />
      <laf-to-scheme laf="Monokai Pro (Material)" scheme="_@user_Monokai Pro (Material)" />
      <laf-to-scheme laf="Moonlight (Material)" scheme="Moonlight (Material)" />
    </lafs-to-previous-schemes>
  </component>
</application>