<application>
  <component name="MaterialThemeConfig">
    <option name="compactSidebar" value="true" />
    <option name="isHighContrast" value="true" />
    <option name="isWizardShown" value="true" />
    <option name="pristineConfig" value="false" />
    <option name="treeFontSizeEnabled" value="true" />
    <option name="tabFontSizeEnabled" value="true" />
    <option name="customSidebarHeight" value="24" />
    <option name="settingsSelectedTab" value="1" />
    <option name="accentColor" value="74a0f1" />
    <option name="selectedTheme" value="MOONLIGHT" />
    <option name="userId" value="-23d01da2:178258ece43:-8000" />
    <option name="version" value="8.7.0" />
  </component>
</application>