<application>
  <component name="ProjectManager">
    <defaultProject>
      <component name="ProjectViewState">
        <option name="hideEmptyMiddlePackages" value="true" />
        <option name="showLibraryContents" value="true" />
      </component>
      <component name="PropertiesComponent">{
  &quot;keyToString&quot;: {
    &quot;settings.editor.selected.configurable&quot;: &quot;MTConfigurable&quot;
  }
}</component>
      <component name="WindowStateProjectService">
        <state x="2660" y="257" key="FileChooserDialogImpl" timestamp="1679468997873">
          <screen x="1920" y="0" width="1920" height="1032" />
        </state>
        <state x="2660" y="257" key="FileChooserDialogImpl/0.0.1920.1032/1920.0.1920.1032" timestamp="1679468997873" />
      </component>
    </defaultProject>
  </component>
</application>