<application>
  <component name="UpdatesConfigurable">
    <ignoredBuildNumbers>
      <item value="211.7628.25" />
    </ignoredBuildNumbers>
    <option name="LAST_BUILD_CHECKED" value="WS-232.8660.143" />
    <option name="LAST_TIME_CHECKED" value="1692923897232" />
    <option name="OBSOLETE_CUSTOM_REPOSITORIES_CLEAN_NEEDED" value="false" />
    <option name="THIRD_PARTY_PLUGINS_ALLOWED" value="true" />
    <option name="UPDATE_CHANNEL_TYPE" value="eap" />
    <option name="WHATS_NEW_SHOWN_FOR" value="232" />
  </component>
</application>