{
    "cid": "x1mvlHBVtg",
    "authorUid": "obd-o2Wd4WRfMiP4VycLLZPN5nao7oqYjB0",
    "authorUserName": "q***1",
    "title": "平均值横线",
    "description": "",
    "latestVersion": 1,
    "alwaysLatest": 1,
    "createTime": "2020-09-15T08:33:03.000Z",
    "lastUpdateTime": "2020-09-15T08:33:03.000Z",
    "auth": 2,
    "uid": "obd-o2Wd4WRfMiP4VycLLZPN5nao7oqYjB0",
    "publishedVersion": 0,
    "forkFrom": "-",
    "isSpam": 0,
    "version": 1,
    "parentVersion": -1,
    "echartsVersion": "4.8.0",
    "versionCreateTime": "2020-09-15T08:33:03.000Z",
    "html": "",
    "externalScripts": "",
    "updaterUID": "obd-o2Wd4WRfMiP4VycLLZPN5nao7oqYjB0",
    "theme": "",
    "layout": "",
    "viewCount": 71,
    "userName": "q***1",
    "commentCount": 0,
    "starCount": 1,
    "isStared": 0,
    "thumbnailURL": "https://www.makeapie.com/ecg-storage/ec_gallery_thumbnail/x1mvlHBVtg.png?v=1600158783788",
    "isCustomThumbnail": 0,
    "builtinTags": [
        "category-work",
        "grid",
        "legend",
        "markLine",
        "series-bar",
        "title",
        "tooltip"
    ],
    "customTags": [],
    "updaterUserName": "q***1"
}