{
    "cid": "x3Ea-Vtqve",
    "authorUid": "obd-o2packbH3mCh15WJ89QmLZlxFVsIa6l",
    "authorUserName": "我***的",
    "title": "信用分类",
    "description": "信用分类堆叠展示",
    "latestVersion": 1,
    "alwaysLatest": 1,
    "createTime": "2020-09-16T07:10:10.000Z",
    "lastUpdateTime": "2020-09-16T07:10:10.000Z",
    "auth": 2,
    "uid": "obd-o2packbH3mCh15WJ89QmLZlxFVsIa6l",
    "publishedVersion": 0,
    "forkFrom": "-",
    "isSpam": 0,
    "version": 1,
    "parentVersion": -1,
    "echartsVersion": "4.8.0",
    "versionCreateTime": "2020-09-16T07:10:10.000Z",
    "html": "",
    "externalScripts": "",
    "updaterUID": "obd-o2packbH3mCh15WJ89QmLZlxFVsIa6l",
    "theme": "",
    "layout": "",
    "viewCount": 301,
    "userName": "我***的",
    "commentCount": 0,
    "starCount": 2,
    "isStared": 0,
    "thumbnailURL": "https://www.makeapie.com/ecg-storage/ec_gallery_thumbnail/x3Ea-Vtqve.png?v=1600240210152",
    "isCustomThumbnail": 0,
    "builtinTags": [
        "category-work",
        "series-treemap",
        "title",
        "tooltip"
    ],
    "customTags": [],
    "updaterUserName": "我***的"
}