{
    "cid": "x3R5akLrKD",
    "authorUid": "obd-o-FCrL1ZPcXOLq4Irzgr1ZQ7OA-1ZAV",
    "authorUserName": "h***9",
    "title": "产业链网状结构图",
    "description": "网状结构",
    "latestVersion": 2,
    "alwaysLatest": 1,
    "createTime": "2020-09-15T06:40:39.000Z",
    "lastUpdateTime": "2020-09-15T06:40:39.000Z",
    "auth": 1,
    "uid": "obd-o-FCrL1ZPcXOLq4Irzgr1ZQ7OA-1ZAV",
    "publishedVersion": 0,
    "forkFrom": "-",
    "isSpam": 0,
    "version": 2,
    "parentVersion": 1,
    "echartsVersion": "4.8.0",
    "versionCreateTime": "2020-09-15T06:40:58.000Z",
    "html": "",
    "externalScripts": "",
    "updaterUID": "obd-o-FCrL1ZPcXOLq4Irzgr1ZQ7OA-1ZAV",
    "theme": "",
    "layout": "",
    "viewCount": 337,
    "userName": "h***9",
    "commentCount": 0,
    "starCount": 1,
    "isStared": 0,
    "thumbnailURL": "https://www.makeapie.com/ecg-storage/ec_gallery_thumbnail/x3R5akLrKD.png?v=1600152058597",
    "isCustomThumbnail": 0,
    "builtinTags": [
        "category-work",
        "legend",
        "series-graph",
        "title"
    ],
    "customTags": [],
    "updaterUserName": "h***9"
}