{
    "cid": "x3ZJFwgIdv",
    "authorUid": "obd-oEgwfC2Zab-broL6tMBlLcPT1wCLL4P",
    "authorUserName": "巨***a",
    "title": "仪表盘",
    "description": "",
    "latestVersion": 4,
    "alwaysLatest": 1,
    "createTime": "2020-09-15T06:00:41.000Z",
    "lastUpdateTime": "2020-09-15T06:00:41.000Z",
    "auth": 2,
    "uid": "obd-oEgwfC2Zab-broL6tMBlLcPT1wCLL4P",
    "publishedVersion": 0,
    "forkFrom": "-",
    "isSpam": 0,
    "version": 4,
    "parentVersion": 3,
    "echartsVersion": "4.8.0",
    "versionCreateTime": "2021-01-09T07:06:42.000Z",
    "html": "",
    "externalScripts": "",
    "updaterUID": "obd-oEgwfC2Zab-broL6tMBlLcPT1wCLL4P",
    "theme": "",
    "layout": "",
    "viewCount": 714,
    "userName": "巨***a",
    "commentCount": 0,
    "starCount": 9,
    "isStared": 0,
    "thumbnailURL": "https://www.makeapie.com/ecg-storage/ec_gallery_thumbnail/x3ZJFwgIdv.png?v=1610176002264",
    "isCustomThumbnail": 0,
    "builtinTags": [
        "category-work",
        "series-gauge",
        "tooltip"
    ],
    "customTags": [],
    "updaterUserName": "巨***a"
}