{
    "cid": "x4N0_4aAjQ",
    "authorUid": "obd-o-FCrL1ZPcXOLq4Irzgr1ZQ7OA-1ZAV",
    "authorUserName": "h***9",
    "title": "计划新开工和实际新开工",
    "description": "变电容量  线路长度  新开和实际对比",
    "latestVersion": 1,
    "alwaysLatest": 1,
    "createTime": "2020-09-15T06:56:25.000Z",
    "lastUpdateTime": "2020-09-15T06:56:25.000Z",
    "auth": 1,
    "uid": "obd-o-FCrL1ZPcXOLq4Irzgr1ZQ7OA-1ZAV",
    "publishedVersion": 0,
    "forkFrom": "-",
    "isSpam": 0,
    "version": 1,
    "parentVersion": -1,
    "echartsVersion": "4.8.0",
    "versionCreateTime": "2020-09-15T06:56:25.000Z",
    "html": "",
    "externalScripts": "https://cdn.bootcdn.net/ajax/libs/lodash.js/4.17.15/lodash.js",
    "updaterUID": "obd-o-FCrL1ZPcXOLq4Irzgr1ZQ7OA-1ZAV",
    "theme": "",
    "layout": "",
    "viewCount": 47,
    "userName": "h***9",
    "commentCount": 0,
    "starCount": 0,
    "isStared": 0,
    "thumbnailURL": "https://www.makeapie.com/ecg-storage/ec_gallery_thumbnail/x4N0_4aAjQ.png?v=1600152985358",
    "isCustomThumbnail": 0,
    "builtinTags": [
        "category-work",
        "grid",
        "legend",
        "series-bar",
        "tooltip"
    ],
    "customTags": [
        "bar"
    ],
    "updaterUserName": "h***9"
}