{
    "cid": "x8tgx7XUF2",
    "authorUid": "obd-o-FCrL1ZPcXOLq4Irzgr1ZQ7OA-1ZAV",
    "authorUserName": "h***9",
    "title": "化工产业链结构",
    "description": "化工产业链上下游结构",
    "latestVersion": 1,
    "alwaysLatest": 1,
    "createTime": "2020-09-15T06:45:03.000Z",
    "lastUpdateTime": "2020-09-15T06:45:03.000Z",
    "auth": 1,
    "uid": "obd-o-FCrL1ZPcXOLq4Irzgr1ZQ7OA-1ZAV",
    "publishedVersion": 0,
    "forkFrom": "-",
    "isSpam": 0,
    "version": 1,
    "parentVersion": -1,
    "echartsVersion": "4.8.0",
    "versionCreateTime": "2020-09-15T06:45:03.000Z",
    "html": "",
    "externalScripts": "",
    "updaterUID": "obd-o-FCrL1ZPcXOLq4Irzgr1ZQ7OA-1ZAV",
    "theme": "",
    "layout": "",
    "viewCount": 287,
    "userName": "h***9",
    "commentCount": 0,
    "starCount": 0,
    "isStared": 0,
    "thumbnailURL": "https://www.makeapie.com/ecg-storage/ec_gallery_thumbnail/x8tgx7XUF2.png?v=1600152303379",
    "isCustomThumbnail": 0,
    "builtinTags": [
        "category-work",
        "series-graph",
        "toolbox"
    ],
    "customTags": [],
    "updaterUserName": "h***9"
}