{
    "cid": "xGqYND2cHz",
    "authorUid": "bd-925573494",
    "authorUserName": "群***乐",
    "title": "地图+河流线+园区面",
    "description": "地图+河流线+园区面",
    "latestVersion": 5,
    "alwaysLatest": 1,
    "createTime": "2020-09-16T03:57:17.000Z",
    "lastUpdateTime": "2020-09-30T09:57:07.000Z",
    "auth": 1,
    "uid": "bd-925573494",
    "publishedVersion": 0,
    "forkFrom": "-",
    "isSpam": 0,
    "version": 5,
    "parentVersion": 4,
    "echartsVersion": "4.8.0",
    "versionCreateTime": "2020-09-25T07:49:56.000Z",
    "html": "",
    "externalScripts": "",
    "updaterUID": "bd-925573494",
    "theme": "default",
    "layout": "",
    "viewCount": 333,
    "userName": "群***乐",
    "commentCount": 0,
    "starCount": 0,
    "isStared": 0,
    "thumbnailURL": "https://www.makeapie.com/ecg-storage/ec_gallery_thumbnail/xGqYND2cHz.png?v=1601020197098",
    "isCustomThumbnail": 0,
    "builtinTags": [
        "category-work",
        "geo",
        "series-lines"
    ],
    "customTags": [],
    "updaterUserName": "群***乐"
}