{
    "cid": "xHtloA_H89",
    "authorUid": "bd-3361204259",
    "authorUserName": "儒***君",
    "title": "渐变折线图",
    "description": "",
    "latestVersion": 1,
    "alwaysLatest": 1,
    "createTime": "2020-09-16T06:24:29.000Z",
    "lastUpdateTime": "2020-09-16T06:24:29.000Z",
    "auth": 2,
    "uid": "bd-3361204259",
    "publishedVersion": 0,
    "forkFrom": "-",
    "isSpam": 0,
    "version": 1,
    "parentVersion": -1,
    "echartsVersion": "4.8.0",
    "versionCreateTime": "2020-09-16T06:24:29.000Z",
    "html": "",
    "externalScripts": "",
    "updaterUID": "bd-3361204259",
    "theme": "",
    "layout": "",
    "viewCount": 90,
    "userName": "儒***君",
    "commentCount": 0,
    "starCount": 1,
    "isStared": 0,
    "thumbnailURL": "https://www.makeapie.com/ecg-storage/ec_gallery_thumbnail/xHtloA_H89.png?v=1600237469336",
    "isCustomThumbnail": 0,
    "builtinTags": [
        "category-work",
        "grid",
        "series-line",
        "tooltip"
    ],
    "customTags": [
        "line"
    ],
    "updaterUserName": "儒***君"
}