{
    "cid": "xN2U_hRXN2",
    "authorUid": "obd-o-FCrL1ZPcXOLq4Irzgr1ZQ7OA-1ZAV",
    "authorUserName": "h***9",
    "title": "彩色产业链网状结构图",
    "description": "新经济产业链",
    "latestVersion": 2,
    "alwaysLatest": 1,
    "createTime": "2020-09-15T06:42:42.000Z",
    "lastUpdateTime": "2020-09-15T06:42:42.000Z",
    "auth": 1,
    "uid": "obd-o-FCrL1ZPcXOLq4Irzgr1ZQ7OA-1ZAV",
    "publishedVersion": 0,
    "forkFrom": "-",
    "isSpam": 0,
    "version": 2,
    "parentVersion": 1,
    "echartsVersion": "4.8.0",
    "versionCreateTime": "2020-09-15T06:43:04.000Z",
    "html": "",
    "externalScripts": "",
    "updaterUID": "obd-o-FCrL1ZPcXOLq4Irzgr1ZQ7OA-1ZAV",
    "theme": "",
    "layout": "",
    "viewCount": 523,
    "userName": "h***9",
    "commentCount": 0,
    "starCount": 2,
    "isStared": 0,
    "thumbnailURL": "https://www.makeapie.com/ecg-storage/ec_gallery_thumbnail/xN2U_hRXN2.png?v=1600152185047",
    "isCustomThumbnail": 0,
    "builtinTags": [
        "category-work",
        "legend",
        "series-graph",
        "title"
    ],
    "customTags": [],
    "updaterUserName": "h***9"
}