{
    "cid": "xpi_xf2XZ7",
    "authorUid": "obd-o2packbH3mCh15WJ89QmLZlxFVsIa6l",
    "authorUserName": "我***的",
    "title": "企业分类监管情况",
    "description": "",
    "latestVersion": 4,
    "alwaysLatest": 1,
    "createTime": "2020-09-16T07:29:29.000Z",
    "lastUpdateTime": "2020-09-16T07:29:29.000Z",
    "auth": 2,
    "uid": "obd-o2packbH3mCh15WJ89QmLZlxFVsIa6l",
    "publishedVersion": 0,
    "forkFrom": "-",
    "isSpam": 0,
    "version": 4,
    "parentVersion": 3,
    "echartsVersion": "4.8.0",
    "versionCreateTime": "2020-09-16T07:58:14.000Z",
    "html": "",
    "externalScripts": "",
    "updaterUID": "obd-o2packbH3mCh15WJ89QmLZlxFVsIa6l",
    "theme": "",
    "layout": "",
    "viewCount": 63,
    "userName": "我***的",
    "commentCount": 0,
    "starCount": 1,
    "isStared": 0,
    "thumbnailURL": "https://www.makeapie.com/ecg-storage/ec_gallery_thumbnail/xpi_xf2XZ7.png?v=1600243094512",
    "isCustomThumbnail": 0,
    "builtinTags": [
        "category-work",
        "grid",
        "legend",
        "series-line",
        "tooltip"
    ],
    "customTags": [],
    "updaterUserName": "我***的"
}