{
    "cid": "xqSY3zgpzJ",
    "authorUid": "bd-3361204259",
    "authorUserName": "儒***君",
    "title": "横向柱状图",
    "description": "",
    "latestVersion": 1,
    "alwaysLatest": 1,
    "createTime": "2020-09-16T03:24:23.000Z",
    "lastUpdateTime": "2020-09-16T03:24:23.000Z",
    "auth": 2,
    "uid": "bd-3361204259",
    "publishedVersion": 0,
    "forkFrom": "-",
    "isSpam": 0,
    "version": 1,
    "parentVersion": -1,
    "echartsVersion": "4.8.0",
    "versionCreateTime": "2020-09-16T03:24:23.000Z",
    "html": "",
    "externalScripts": "",
    "updaterUID": "bd-3361204259",
    "theme": "",
    "layout": "",
    "viewCount": 84,
    "userName": "儒***君",
    "commentCount": 0,
    "starCount": 0,
    "isStared": 0,
    "thumbnailURL": "https://www.makeapie.com/ecg-storage/ec_gallery_thumbnail/xqSY3zgpzJ.png?v=1600226663602",
    "isCustomThumbnail": 0,
    "builtinTags": [
        "category-work",
        "grid",
        "series-bar"
    ],
    "customTags": [],
    "updaterUserName": "儒***君"
}