{
    "cid": "xTCCVt1wCy",
    "authorUid": "bd-714299955",
    "authorUserName": "c***1",
    "title": "柱形图渐变色",
    "description": "",
    "latestVersion": 2,
    "alwaysLatest": 1,
    "createTime": "2020-09-15T07:58:32.000Z",
    "lastUpdateTime": "2020-09-15T07:58:32.000Z",
    "auth": 2,
    "uid": "bd-714299955",
    "publishedVersion": 0,
    "forkFrom": "-",
    "isSpam": 0,
    "version": 2,
    "parentVersion": 1,
    "echartsVersion": "4.8.0",
    "versionCreateTime": "2020-10-21T03:36:17.000Z",
    "html": "",
    "externalScripts": "",
    "updaterUID": "bd-714299955",
    "theme": "",
    "layout": "",
    "viewCount": 20,
    "userName": "c***1",
    "commentCount": 0,
    "starCount": 0,
    "isStared": 0,
    "thumbnailURL": "https://www.makeapie.com/ecg-storage/ec_gallery_thumbnail/xTCCVt1wCy.png?v=1603251377402",
    "isCustomThumbnail": 0,
    "builtinTags": [
        "category-work",
        "grid",
        "series-bar"
    ],
    "customTags": [],
    "updaterUserName": "c***1"
}