{
    "cid": "xtmVPbUUep",
    "authorUid": "obd-o-FCrL1ZPcXOLq4Irzgr1ZQ7OA-1ZAV",
    "authorUserName": "h***9",
    "title": "公司售电结构同期对比",
    "description": "同期对比",
    "latestVersion": 1,
    "alwaysLatest": 1,
    "createTime": "2020-09-15T06:49:27.000Z",
    "lastUpdateTime": "2020-09-15T06:49:27.000Z",
    "auth": 1,
    "uid": "obd-o-FCrL1ZPcXOLq4Irzgr1ZQ7OA-1ZAV",
    "publishedVersion": 0,
    "forkFrom": "-",
    "isSpam": 0,
    "version": 1,
    "parentVersion": -1,
    "echartsVersion": "4.8.0",
    "versionCreateTime": "2020-09-15T06:49:27.000Z",
    "html": "",
    "externalScripts": "",
    "updaterUID": "obd-o-FCrL1ZPcXOLq4Irzgr1ZQ7OA-1ZAV",
    "theme": "",
    "layout": "",
    "viewCount": 92,
    "userName": "h***9",
    "commentCount": 0,
    "starCount": 1,
    "isStared": 0,
    "thumbnailURL": "https://www.makeapie.com/ecg-storage/ec_gallery_thumbnail/xtmVPbUUep.png?v=1600152568154",
    "isCustomThumbnail": 0,
    "builtinTags": [
        "category-work",
        "legend",
        "series-pie",
        "title",
        "tooltip"
    ],
    "customTags": [
        "pie",
        "tooltip"
    ],
    "updaterUserName": "h***9"
}