{
    "cid": "xtZ5LZ0oJS",
    "authorUid": "bd-71012466",
    "authorUserName": "前***n",
    "title": "环形图",
    "description": "",
    "latestVersion": 4,
    "alwaysLatest": 1,
    "createTime": "2020-09-15T06:10:42.000Z",
    "lastUpdateTime": "2020-09-15T06:10:42.000Z",
    "auth": 2,
    "uid": "bd-71012466",
    "publishedVersion": 0,
    "forkFrom": "-",
    "isSpam": 0,
    "version": 4,
    "parentVersion": 3,
    "echartsVersion": "4.8.0",
    "versionCreateTime": "2020-09-25T08:21:38.000Z",
    "html": "",
    "externalScripts": "",
    "updaterUID": "bd-71012466",
    "theme": "",
    "layout": "",
    "viewCount": 116,
    "userName": "前***n",
    "commentCount": 0,
    "starCount": 2,
    "isStared": 0,
    "thumbnailURL": "https://www.makeapie.com/ecg-storage/ec_gallery_thumbnail/xtZ5LZ0oJS.png?v=1601022098252",
    "isCustomThumbnail": 0,
    "builtinTags": [
        "category-work",
        "series-pie",
        "tooltip"
    ],
    "customTags": [],
    "updaterUserName": "前***n"
}