{
    "cid": "x02zjNbG1c",
    "authorUid": "obd-oDLaYoSFpVa9G-BeKFgryxMT-uYIg1s",
    "authorUserName": "1***8",
    "title": "各国机构数量占比分析",
    "description": "",
    "latestVersion": 1,
    "alwaysLatest": 1,
    "createTime": "2021-04-06T11:08:33.000Z",
    "lastUpdateTime": "2021-04-06T11:08:33.000Z",
    "auth": 2,
    "uid": "obd-oDLaYoSFpVa9G-BeKFgryxMT-uYIg1s",
    "publishedVersion": 0,
    "forkFrom": "-",
    "isSpam": 0,
    "version": 1,
    "parentVersion": -1,
    "echartsVersion": "4.8.0",
    "versionCreateTime": "2021-04-06T11:08:33.000Z",
    "html": "",
    "externalScripts": "",
    "updaterUID": "obd-oDLaYoSFpVa9G-BeKFgryxMT-uYIg1s",
    "theme": "",
    "layout": "",
    "viewCount": 58,
    "userName": "1***8",
    "commentCount": 0,
    "starCount": 4,
    "isStared": 0,
    "thumbnailURL": "https://www.makeapie.com/ecg-storage/ec_gallery_thumbnail/x02zjNbG1c.png?v=1617707313711",
    "isCustomThumbnail": 0,
    "builtinTags": [
        "category-work",
        "legend",
        "series-pie",
        "title",
        "tooltip"
    ],
    "customTags": [],
    "updaterUserName": "1***8"
}