{
    "cid": "x20doF1-yH",
    "authorUid": "obd-oDmQB5k4z4IKLErElDK2wSPA2Ls2z1J",
    "authorUserName": "丝***y",
    "title": "pie-多数据圆弧饼图",
    "description": "pie-多数据圆弧饼图\\ 饼图是圆弧型",
    "latestVersion": 3,
    "alwaysLatest": 1,
    "createTime": "2021-04-10T08:54:50.000Z",
    "lastUpdateTime": "2021-04-10T08:54:50.000Z",
    "auth": 1,
    "uid": "obd-oDmQB5k4z4IKLErElDK2wSPA2Ls2z1J",
    "publishedVersion": 0,
    "forkFrom": "-",
    "isSpam": 0,
    "version": 3,
    "parentVersion": 2,
    "echartsVersion": "4.8.0",
    "versionCreateTime": "2021-04-10T09:38:28.000Z",
    "html": "",
    "externalScripts": "",
    "updaterUID": "obd-oDmQB5k4z4IKLErElDK2wSPA2Ls2z1J",
    "theme": "",
    "layout": "",
    "viewCount": 26,
    "userName": "丝***y",
    "commentCount": 0,
    "starCount": 1,
    "isStared": 0,
    "thumbnailURL": "https://www.makeapie.com/ecg-storage/ec_gallery_thumbnail/x20doF1-yH.png?v=1618047508484",
    "isCustomThumbnail": 0,
    "builtinTags": [
        "category-work",
        "graphic",
        "legend",
        "series-pie",
        "title",
        "tooltip"
    ],
    "customTags": [
        "pie"
    ],
    "updaterUserName": "丝***y"
}