{
    "cid": "xColxi68LB",
    "authorUid": "bd-1309162528",
    "authorUserName": "小***7",
    "title": "三折线图",
    "description": "",
    "latestVersion": 2,
    "alwaysLatest": 1,
    "createTime": "2021-04-08T06:29:46.000Z",
    "lastUpdateTime": "2021-04-08T06:29:46.000Z",
    "auth": 2,
    "uid": "bd-1309162528",
    "publishedVersion": 0,
    "forkFrom": "-",
    "isSpam": 0,
    "version": 2,
    "parentVersion": 1,
    "echartsVersion": "4.8.0",
    "versionCreateTime": "2021-04-08T06:34:40.000Z",
    "html": "",
    "externalScripts": "",
    "updaterUID": "bd-1309162528",
    "theme": "",
    "layout": "",
    "viewCount": 76,
    "userName": "小***7",
    "commentCount": 0,
    "starCount": 2,
    "isStared": 0,
    "thumbnailURL": "https://www.makeapie.com/ecg-storage/ec_gallery_thumbnail/xColxi68LB.png?v=1617863680979",
    "isCustomThumbnail": 0,
    "builtinTags": [
        "category-work",
        "grid",
        "legend",
        "markPoint",
        "series-line",
        "tooltip"
    ],
    "customTags": [],
    "updaterUserName": "小***7"
}