{
    "cid": "xCs3VImf1E",
    "authorUid": "bd-2500414095",
    "authorUserName": "韩***波",
    "title": "数据集dataset使用示例",
    "description": "地图、圆环图、柱状图共用数据集dataset示例图。",
    "latestVersion": 13,
    "alwaysLatest": 1,
    "createTime": "2021-04-07T07:17:31.000Z",
    "lastUpdateTime": "2021-07-13T09:40:21.000Z",
    "auth": 2,
    "uid": "bd-2500414095",
    "publishedVersion": 0,
    "forkFrom": "-",
    "isSpam": 0,
    "version": 13,
    "parentVersion": 12,
    "echartsVersion": "5.1.2",
    "versionCreateTime": "2021-07-13T09:27:33.000Z",
    "html": "",
    "externalScripts": "",
    "updaterUID": "bd-2500414095",
    "theme": "default",
    "layout": "",
    "viewCount": 42,
    "userName": "韩***波",
    "commentCount": 0,
    "starCount": 2,
    "isStared": 0,
    "thumbnailURL": "https://www.makeapie.com/ecg-storage/ec_gallery_thumbnail/xCs3VImf1E.png?v=1617779851661",
    "isCustomThumbnail": 1,
    "builtinTags": [
        "category-work",
        "dataset",
        "grid",
        "series-bar",
        "series-map",
        "series-pie",
        "tooltip",
        "visualMap"
    ],
    "customTags": [],
    "updaterUserName": "韩***波"
}