{
    "cid": "xGbRXpUnUQ",
    "authorUid": "obd-oEZw9eo5bjS6WQfAoaDQyXPGlFfOf4g",
    "authorUserName": "我***儿",
    "title": "toolbox",
    "description": "1",
    "latestVersion": 1,
    "alwaysLatest": 1,
    "createTime": "2021-04-08T07:14:52.000Z",
    "lastUpdateTime": "2021-04-08T07:14:52.000Z",
    "auth": 2,
    "uid": "obd-oEZw9eo5bjS6WQfAoaDQyXPGlFfOf4g",
    "publishedVersion": 0,
    "forkFrom": "-",
    "isSpam": 0,
    "version": 1,
    "parentVersion": -1,
    "echartsVersion": "4.8.0",
    "versionCreateTime": "2021-04-08T07:14:52.000Z",
    "html": "",
    "externalScripts": "",
    "updaterUID": "obd-oEZw9eo5bjS6WQfAoaDQyXPGlFfOf4g",
    "theme": "",
    "layout": "",
    "viewCount": 21,
    "userName": "我***儿",
    "commentCount": 0,
    "starCount": 0,
    "isStared": 0,
    "thumbnailURL": "https://www.makeapie.com/ecg-storage/ec_gallery_thumbnail/xGbRXpUnUQ.png?v=1617866092501",
    "isCustomThumbnail": 0,
    "builtinTags": [
        "category-work",
        "grid",
        "series-line",
        "toolbox"
    ],
    "customTags": [],
    "updaterUserName": "我***儿"
}