{
    "cid": "xGupTVcMTT",
    "authorUid": "obd-oteT-mpHZVLFlR1rMfMDJMteFZDMI8U",
    "authorUserName": "Q***珊",
    "title": "长三角未剔除",
    "description": "没有剔除",
    "latestVersion": 1,
    "alwaysLatest": 1,
    "createTime": "2021-04-06T09:15:26.000Z",
    "lastUpdateTime": "2021-04-06T09:15:26.000Z",
    "auth": 2,
    "uid": "obd-oteT-mpHZVLFlR1rMfMDJMteFZDMI8U",
    "publishedVersion": 0,
    "forkFrom": "-",
    "isSpam": 0,
    "version": 1,
    "parentVersion": -1,
    "echartsVersion": "4.8.0",
    "versionCreateTime": "2021-04-06T09:15:26.000Z",
    "html": "",
    "externalScripts": "",
    "updaterUID": "obd-oteT-mpHZVLFlR1rMfMDJMteFZDMI8U",
    "theme": "",
    "layout": "",
    "viewCount": 19,
    "userName": "Q***珊",
    "commentCount": 0,
    "starCount": 0,
    "isStared": 0,
    "thumbnailURL": "https://www.makeapie.com/ecg-storage/ec_gallery_thumbnail/xGupTVcMTT.png?v=1617700526589",
    "isCustomThumbnail": 0,
    "builtinTags": [
        "category-work",
        "geo",
        "series-effectScatter",
        "tooltip"
    ],
    "customTags": [],
    "updaterUserName": "Q***珊"
}