{
    "cid": "xIgQvmcadB",
    "authorUid": "bd-724691685",
    "authorUserName": "唯***0",
    "title": "20210406_项目中标金额",
    "description": "电力-招投标业务",
    "latestVersion": 2,
    "alwaysLatest": 1,
    "createTime": "2021-04-06T09:48:01.000Z",
    "lastUpdateTime": "2021-04-06T09:48:01.000Z",
    "auth": 2,
    "uid": "bd-724691685",
    "publishedVersion": 0,
    "forkFrom": "-",
    "isSpam": 0,
    "version": 2,
    "parentVersion": 1,
    "echartsVersion": "4.8.0",
    "versionCreateTime": "2021-04-06T10:11:18.000Z",
    "html": "",
    "externalScripts": "",
    "updaterUID": "bd-724691685",
    "theme": "",
    "layout": "",
    "viewCount": 46,
    "userName": "唯***0",
    "commentCount": 0,
    "starCount": 1,
    "isStared": 0,
    "thumbnailURL": "https://www.makeapie.com/ecg-storage/ec_gallery_thumbnail/xIgQvmcadB.png?v=1617703878443",
    "isCustomThumbnail": 0,
    "builtinTags": [
        "category-work",
        "legend",
        "series-pie",
        "tooltip"
    ],
    "customTags": [],
    "updaterUserName": "唯***0"
}