{
    "cid": "xlpyduuUn7",
    "authorUid": "obd-oF_xBEUaU3oyzHh0hg5ntWKmhb36Y5U",
    "authorUserName": "a***u",
    "title": "曲线渐变",
    "description": "曲线渐变",
    "latestVersion": 1,
    "alwaysLatest": 1,
    "createTime": "2021-04-07T07:27:04.000Z",
    "lastUpdateTime": "2021-04-07T07:27:04.000Z",
    "auth": 2,
    "uid": "obd-oF_xBEUaU3oyzHh0hg5ntWKmhb36Y5U",
    "publishedVersion": 0,
    "forkFrom": "-",
    "isSpam": 0,
    "version": 1,
    "parentVersion": -1,
    "echartsVersion": "4.8.0",
    "versionCreateTime": "2021-04-07T07:27:04.000Z",
    "html": "",
    "externalScripts": "",
    "updaterUID": "obd-oF_xBEUaU3oyzHh0hg5ntWKmhb36Y5U",
    "theme": "",
    "layout": "",
    "viewCount": 38,
    "userName": "a***u",
    "commentCount": 0,
    "starCount": 0,
    "isStared": 0,
    "thumbnailURL": "https://www.makeapie.com/ecg-storage/ec_gallery_thumbnail/xlpyduuUn7.png?v=1617780424643",
    "isCustomThumbnail": 0,
    "builtinTags": [
        "category-work",
        "grid",
        "series-line",
        "visualMap"
    ],
    "customTags": [],
    "updaterUserName": "a***u"
}