{
    "cid": "xmhka4DzpY",
    "authorUid": "obd-oAD1TEVanc-1yCgY9sDf08bc7IEjS7m",
    "authorUserName": "竹***狸",
    "title": "河流图",
    "description": "河流图基本配置",
    "latestVersion": 3,
    "alwaysLatest": 1,
    "createTime": "2021-04-11T05:38:10.000Z",
    "lastUpdateTime": "2021-04-11T05:38:10.000Z",
    "auth": 2,
    "uid": "obd-oAD1TEVanc-1yCgY9sDf08bc7IEjS7m",
    "publishedVersion": 0,
    "forkFrom": "-",
    "isSpam": 0,
    "version": 3,
    "parentVersion": 2,
    "echartsVersion": "4.8.0",
    "versionCreateTime": "2021-04-11T09:15:22.000Z",
    "html": "",
    "externalScripts": "",
    "updaterUID": "obd-oAD1TEVanc-1yCgY9sDf08bc7IEjS7m",
    "theme": "",
    "layout": "",
    "viewCount": 22,
    "userName": "竹***狸",
    "commentCount": 0,
    "starCount": 1,
    "isStared": 0,
    "thumbnailURL": "https://www.makeapie.com/ecg-storage/ec_gallery_thumbnail/xmhka4DzpY.png?v=1618132522479",
    "isCustomThumbnail": 0,
    "builtinTags": [
        "category-work",
        "series-themeRiver",
        "singleAxis",
        "title"
    ],
    "customTags": [],
    "updaterUserName": "竹***狸"
}