{
    "cid": "xnxVKvmovf",
    "authorUid": "obd-oAD1TEVanc-1yCgY9sDf08bc7IEjS7m",
    "authorUserName": "竹***狸",
    "title": "进度条柱状图",
    "description": "以圆角柱状图为背景，双柱状图，双坐标",
    "latestVersion": 3,
    "alwaysLatest": 1,
    "createTime": "2021-04-06T06:03:11.000Z",
    "lastUpdateTime": "2021-04-06T06:03:11.000Z",
    "auth": 2,
    "uid": "obd-oAD1TEVanc-1yCgY9sDf08bc7IEjS7m",
    "publishedVersion": 0,
    "forkFrom": "-",
    "isSpam": 0,
    "version": 3,
    "parentVersion": 2,
    "echartsVersion": "4.8.0",
    "versionCreateTime": "2021-04-06T15:06:10.000Z",
    "html": "",
    "externalScripts": "",
    "updaterUID": "obd-oAD1TEVanc-1yCgY9sDf08bc7IEjS7m",
    "theme": "",
    "layout": "",
    "viewCount": 39,
    "userName": "竹***狸",
    "commentCount": 0,
    "starCount": 2,
    "isStared": 0,
    "thumbnailURL": "https://www.makeapie.com/ecg-storage/ec_gallery_thumbnail/xnxVKvmovf.png?v=1617721570149",
    "isCustomThumbnail": 0,
    "builtinTags": [
        "category-work",
        "grid",
        "series-bar"
    ],
    "customTags": [],
    "updaterUserName": "竹***狸"
}