{
    "cid": "xpe60myPLc",
    "authorUid": "bd-1895925720",
    "authorUserName": "心***阔",
    "title": "地图直接显示数据",
    "description": "",
    "latestVersion": 1,
    "alwaysLatest": 1,
    "createTime": "2021-04-10T10:41:15.000Z",
    "lastUpdateTime": "2021-04-10T10:41:15.000Z",
    "auth": 2,
    "uid": "bd-1895925720",
    "publishedVersion": 0,
    "forkFrom": "-",
    "isSpam": 0,
    "version": 1,
    "parentVersion": -1,
    "echartsVersion": "4.8.0",
    "versionCreateTime": "2021-04-10T10:41:15.000Z",
    "html": "",
    "externalScripts": "/dep/echarts/map/js/china.js",
    "updaterUID": "bd-1895925720",
    "theme": "",
    "layout": "",
    "viewCount": 64,
    "userName": "心***阔",
    "commentCount": 0,
    "starCount": 0,
    "isStared": 0,
    "thumbnailURL": "https://www.makeapie.com/ecg-storage/ec_gallery_thumbnail/xpe60myPLc.png?v=1618051275302",
    "isCustomThumbnail": 0,
    "builtinTags": [
        "category-work",
        "series-map",
        "toolbox",
        "tooltip",
        "visualMap"
    ],
    "customTags": [],
    "updaterUserName": "心***阔"
}