{
    "cid": "xqoOKLdx2Q",
    "authorUid": "bd-1309162528",
    "authorUserName": "小***7",
    "title": "80%饼图",
    "description": "企业",
    "latestVersion": 2,
    "alwaysLatest": 1,
    "createTime": "2021-04-08T06:50:33.000Z",
    "lastUpdateTime": "2021-04-08T06:50:33.000Z",
    "auth": 2,
    "uid": "bd-1309162528",
    "publishedVersion": 0,
    "forkFrom": "-",
    "isSpam": 0,
    "version": 2,
    "parentVersion": 1,
    "echartsVersion": "4.8.0",
    "versionCreateTime": "2021-04-08T14:01:10.000Z",
    "html": "",
    "externalScripts": "",
    "updaterUID": "bd-1309162528",
    "theme": "",
    "layout": "",
    "viewCount": 37,
    "userName": "小***7",
    "commentCount": 0,
    "starCount": 1,
    "isStared": 0,
    "thumbnailURL": "https://www.makeapie.com/ecg-storage/ec_gallery_thumbnail/xqoOKLdx2Q.png?v=1617890470781",
    "isCustomThumbnail": 0,
    "builtinTags": [
        "category-work",
        "series-pie",
        "title"
    ],
    "customTags": [],
    "updaterUserName": "小***7"
}