{
    "cid": "xsTXyrZAcr",
    "authorUid": "obd-oDmQB5k4z4IKLErElDK2wSPA2Ls2z1J",
    "authorUserName": "丝***y",
    "title": "圆环-bar",
    "description": "圆环；圆角",
    "latestVersion": 2,
    "alwaysLatest": 1,
    "createTime": "2021-04-07T08:43:01.000Z",
    "lastUpdateTime": "2021-11-05T07:56:26.000Z",
    "auth": 1,
    "uid": "obd-oDmQB5k4z4IKLErElDK2wSPA2Ls2z1J",
    "publishedVersion": 0,
    "forkFrom": "-",
    "isSpam": 0,
    "version": 2,
    "parentVersion": 1,
    "echartsVersion": "4.9.0",
    "versionCreateTime": "2021-11-05T07:56:26.000Z",
    "html": "",
    "externalScripts": "",
    "updaterUID": "obd-oFdwIy-7XkuoiOLBswf7dPQh8n-WY54",
    "theme": "",
    "layout": "",
    "viewCount": 17,
    "userName": "丝***y",
    "commentCount": 0,
    "starCount": 3,
    "isStared": 0,
    "thumbnailURL": "https://www.makeapie.com/ecg-storage/ec_gallery_thumbnail/xsTXyrZAcr.png?v=1636098986703",
    "isCustomThumbnail": 0,
    "builtinTags": [
        "category-work",
        "polar",
        "series-bar",
        "title"
    ],
    "customTags": [
        "bar",
        "ring"
    ],
    "updaterUserName": "至***念"
}