{
    "cid": "x1UJqK8mE3",
    "authorUid": "bd-740494445",
    "authorUserName": "I***E",
    "title": "三元环并排带图",
    "description": "销售毛利率",
    "latestVersion": 1,
    "alwaysLatest": 1,
    "createTime": "2019-01-18T01:59:54.000Z",
    "lastUpdateTime": "2019-01-18T01:59:54.000Z",
    "auth": 2,
    "uid": "bd-740494445",
    "publishedVersion": 0,
    "forkFrom": "-",
    "isSpam": 0,
    "version": 1,
    "parentVersion": -1,
    "echartsVersion": "4.2.0",
    "versionCreateTime": "2019-01-18T01:59:54.000Z",
    "html": "",
    "externalScripts": "",
    "updaterUID": "bd-740494445",
    "theme": "",
    "layout": "",
    "viewCount": 709,
    "userName": "I***E",
    "commentCount": 0,
    "starCount": 1,
    "isStared": 0,
    "thumbnailURL": "https://www.makeapie.com/ecg-storage/ec_gallery_thumbnail/x1UJqK8mE3.png?v=1547776794636",
    "isCustomThumbnail": 0,
    "builtinTags": [
        "category-work",
        "graphic",
        "series-pie",
        "title"
    ],
    "customTags": [],
    "updaterUserName": "I***E"
}