{
    "cid": "x31Wq00znG",
    "authorUid": "bd-3155085153",
    "authorUserName": "战将莫邪",
    "title": "自定义列",
    "description": "",
    "latestVersion": 1,
    "alwaysLatest": 1,
    "createTime": "2019-01-16T11:33:45.000Z",
    "lastUpdateTime": "2019-01-16T11:33:45.000Z",
    "auth": 2,
    "uid": "bd-3155085153",
    "publishedVersion": 0,
    "forkFrom": "-",
    "isSpam": 0,
    "version": 1,
    "parentVersion": -1,
    "echartsVersion": "4.2.0",
    "versionCreateTime": "2019-01-16T11:33:45.000Z",
    "html": "",
    "externalScripts": "",
    "updaterUID": "bd-3155085153",
    "theme": "",
    "layout": "",
    "viewCount": 551,
    "userName": "战将莫邪",
    "commentCount": 0,
    "starCount": 0,
    "isStared": 0,
    "thumbnailURL": "https://www.makeapie.com/ecg-storage/ec_gallery_thumbnail/x31Wq00znG.png?v=1547638425378",
    "isCustomThumbnail": 0,
    "builtinTags": [],
    "customTags": [],
    "updaterUserName": "战将莫邪"
}