{
    "cid": "x3YJ1H5txl",
    "authorUid": "bd-740494445",
    "authorUserName": "I***E",
    "title": "饼图",
    "description": "业务构成",
    "latestVersion": 1,
    "alwaysLatest": 1,
    "createTime": "2019-01-17T07:24:33.000Z",
    "lastUpdateTime": "2019-01-17T07:24:33.000Z",
    "auth": 2,
    "uid": "bd-740494445",
    "publishedVersion": 0,
    "forkFrom": "-",
    "isSpam": 0,
    "version": 1,
    "parentVersion": -1,
    "echartsVersion": "4.2.0",
    "versionCreateTime": "2019-01-17T07:24:33.000Z",
    "html": "",
    "externalScripts": "",
    "updaterUID": "bd-740494445",
    "theme": "",
    "layout": "",
    "viewCount": 7900,
    "userName": "I***E",
    "commentCount": 0,
    "starCount": 17,
    "isStared": 0,
    "thumbnailURL": "https://www.makeapie.com/ecg-storage/ec_gallery_thumbnail/x3YJ1H5txl.png?v=1547709873695",
    "isCustomThumbnail": 0,
    "builtinTags": [
        "category-work",
        "graphic",
        "legend",
        "series-pie",
        "tooltip"
    ],
    "customTags": [],
    "updaterUserName": "I***E"
}