{
    "cid": "x5Lq12VX2e",
    "authorUid": "bd-740494445",
    "authorUserName": "I***E",
    "title": "横向,百分比",
    "description": "加权平均收益率",
    "latestVersion": 1,
    "alwaysLatest": 1,
    "createTime": "2019-01-17T06:11:28.000Z",
    "lastUpdateTime": "2019-01-17T06:11:28.000Z",
    "auth": 2,
    "uid": "bd-740494445",
    "publishedVersion": 0,
    "forkFrom": "-",
    "isSpam": 0,
    "version": 1,
    "parentVersion": -1,
    "echartsVersion": "4.2.0",
    "versionCreateTime": "2019-01-17T06:11:28.000Z",
    "html": "",
    "externalScripts": "",
    "updaterUID": "bd-740494445",
    "theme": "",
    "layout": "",
    "viewCount": 6256,
    "userName": "I***E",
    "commentCount": 0,
    "starCount": 14,
    "isStared": 0,
    "thumbnailURL": "https://www.makeapie.com/ecg-storage/ec_gallery_thumbnail/x5Lq12VX2e.png?v=1547705488737",
    "isCustomThumbnail": 0,
    "builtinTags": [
        "category-work",
        "grid",
        "series-bar"
    ],
    "customTags": [],
    "updaterUserName": "I***E"
}