{
    "cid": "x7cxD71fIE",
    "authorUid": "bd-3778831175",
    "authorUserName": "m***i",
    "title": "上海地铁可视化",
    "description": "上海地铁可视化",
    "latestVersion": 1,
    "alwaysLatest": 1,
    "createTime": "2019-01-17T07:23:19.000Z",
    "lastUpdateTime": "2019-01-17T07:23:19.000Z",
    "auth": 2,
    "uid": "bd-3778831175",
    "publishedVersion": 0,
    "forkFrom": "-",
    "isSpam": 0,
    "version": 1,
    "parentVersion": -1,
    "echartsVersion": "4.2.0",
    "versionCreateTime": "2019-01-17T07:23:19.000Z",
    "html": "",
    "externalScripts": "https://api.map.baidu.com/api?v=2.0&ak=ZUONbpqGBsYGXNIYHicvbAbM,/dep/echarts/latest/extension/bmap.min.js",
    "updaterUID": "bd-3778831175",
    "theme": "",
    "layout": "",
    "viewCount": 3093,
    "userName": "m***i",
    "commentCount": 1,
    "starCount": 18,
    "isStared": 0,
    "thumbnailURL": "https://www.makeapie.com/ecg-storage/ec_gallery_thumbnail/x7cxD71fIE.png?v=1547709800957",
    "isCustomThumbnail": 1,
    "builtinTags": [
        "category-work"
    ],
    "customTags": [
        "bmap",
        "lines"
    ],
    "updaterUserName": "m***i"
}