{
    "cid": "x7tkKRiCLq",
    "authorUid": "bd-504008900",
    "authorUserName": "十***路",
    "title": "销售漏斗图",
    "description": "",
    "latestVersion": 4,
    "alwaysLatest": 1,
    "createTime": "2019-01-16T10:01:18.000Z",
    "lastUpdateTime": "2019-01-16T10:01:18.000Z",
    "auth": 2,
    "uid": "bd-504008900",
    "publishedVersion": 0,
    "forkFrom": "-",
    "isSpam": 0,
    "version": 4,
    "parentVersion": 3,
    "echartsVersion": "4.2.0",
    "versionCreateTime": "2019-01-16T12:23:22.000Z",
    "html": "",
    "externalScripts": "",
    "updaterUID": "bd-504008900",
    "theme": "",
    "layout": "",
    "viewCount": 555,
    "userName": "十***路",
    "commentCount": 0,
    "starCount": 3,
    "isStared": 0,
    "thumbnailURL": "https://www.makeapie.com/ecg-storage/ec_gallery_thumbnail/x7tkKRiCLq.png?v=1547641403029",
    "isCustomThumbnail": 0,
    "builtinTags": [
        "category-work",
        "grid",
        "legend",
        "series-bar",
        "series-funnel",
        "tooltip"
    ],
    "customTags": [],
    "updaterUserName": "十***路"
}