{
    "cid": "x_YR4Ru-S5",
    "authorUid": "bd-740494445",
    "authorUserName": "I***E",
    "title": "散点",
    "description": "",
    "latestVersion": 2,
    "alwaysLatest": 1,
    "createTime": "2019-01-18T05:53:07.000Z",
    "lastUpdateTime": "2019-01-18T05:53:07.000Z",
    "auth": 2,
    "uid": "bd-740494445",
    "publishedVersion": 0,
    "forkFrom": "-",
    "isSpam": 0,
    "version": 2,
    "parentVersion": 1,
    "echartsVersion": "4.2.0",
    "versionCreateTime": "2019-01-18T08:56:22.000Z",
    "html": "",
    "externalScripts": "",
    "updaterUID": "bd-740494445",
    "theme": "",
    "layout": "",
    "viewCount": 997,
    "userName": "I***E",
    "commentCount": 0,
    "starCount": 5,
    "isStared": 0,
    "thumbnailURL": "https://www.makeapie.com/ecg-storage/ec_gallery_thumbnail/x_YR4Ru-S5.png?v=1547801782995",
    "isCustomThumbnail": 0,
    "builtinTags": [
        "category-work",
        "grid",
        "series-scatter",
        "title"
    ],
    "customTags": [],
    "updaterUserName": "I***E"
}