{
    "cid": "xAiVTcQYA1",
    "authorUid": "bd-3155085153",
    "authorUserName": "战将莫邪",
    "title": "多grid 实现 并列数值",
    "description": "多grid 实现 并列数值",
    "latestVersion": 1,
    "alwaysLatest": 1,
    "createTime": "2019-01-17T10:17:32.000Z",
    "lastUpdateTime": "2019-01-17T10:17:32.000Z",
    "auth": 2,
    "uid": "bd-3155085153",
    "publishedVersion": 0,
    "forkFrom": "-",
    "isSpam": 0,
    "version": 1,
    "parentVersion": -1,
    "echartsVersion": "4.2.0",
    "versionCreateTime": "2019-01-17T10:17:32.000Z",
    "html": "",
    "externalScripts": "",
    "updaterUID": "bd-3155085153",
    "theme": "",
    "layout": "",
    "viewCount": 843,
    "userName": "战将莫邪",
    "commentCount": 0,
    "starCount": 5,
    "isStared": 0,
    "thumbnailURL": "https://www.makeapie.com/ecg-storage/ec_gallery_thumbnail/xAiVTcQYA1.png?v=1547720253072",
    "isCustomThumbnail": 0,
    "builtinTags": [
        "category-work",
        "dataZoom",
        "grid",
        "legend",
        "markLine",
        "series-bar",
        "title",
        "toolbox",
        "tooltip"
    ],
    "customTags": [],
    "updaterUserName": "战将莫邪"
}