{
    "cid": "xDkbG7r4uz",
    "authorUid": "bd-1309125827",
    "authorUserName": "l***0",
    "title": "对比图",
    "description": "",
    "latestVersion": 11,
    "alwaysLatest": 1,
    "createTime": "2019-01-17T13:09:42.000Z",
    "lastUpdateTime": "2019-01-17T13:09:42.000Z",
    "auth": 2,
    "uid": "bd-1309125827",
    "publishedVersion": 0,
    "forkFrom": "-",
    "isSpam": 0,
    "version": 11,
    "parentVersion": 10,
    "echartsVersion": "4.2.0",
    "versionCreateTime": "2019-01-18T01:38:08.000Z",
    "html": "",
    "externalScripts": "",
    "updaterUID": "bd-1309125827",
    "theme": "",
    "layout": "",
    "viewCount": 57,
    "userName": "l***0",
    "commentCount": 0,
    "starCount": 0,
    "isStared": 0,
    "thumbnailURL": "https://www.makeapie.com/ecg-storage/ec_gallery_thumbnail/xDkbG7r4uz.png?v=1547775489003",
    "isCustomThumbnail": 0,
    "builtinTags": [
        "category-work",
        "grid",
        "legend",
        "series-line",
        "title",
        "toolbox",
        "tooltip"
    ],
    "customTags": [],
    "updaterUserName": "l***0"
}