{
    "cid": "xnnh2n3R8V",
    "authorUid": "bd-386514987",
    "authorUserName": "z***5",
    "title": "饼图demo",
    "description": "纯属虚构",
    "latestVersion": 2,
    "alwaysLatest": 1,
    "createTime": "2019-01-17T02:58:12.000Z",
    "lastUpdateTime": "2019-01-17T02:58:12.000Z",
    "auth": 2,
    "uid": "bd-386514987",
    "publishedVersion": 0,
    "forkFrom": "-",
    "isSpam": 0,
    "version": 2,
    "parentVersion": 1,
    "echartsVersion": "4.2.0",
    "versionCreateTime": "2019-01-17T03:03:50.000Z",
    "html": "",
    "externalScripts": "",
    "updaterUID": "bd-386514987",
    "theme": "",
    "layout": "",
    "viewCount": 51,
    "userName": "z***5",
    "commentCount": 0,
    "starCount": 0,
    "isStared": 0,
    "thumbnailURL": "https://www.makeapie.com/ecg-storage/ec_gallery_thumbnail/xnnh2n3R8V.png?v=1547694230486",
    "isCustomThumbnail": 0,
    "builtinTags": [
        "category-work",
        "legend",
        "series-pie",
        "title",
        "tooltip"
    ],
    "customTags": [],
    "updaterUserName": "z***5"
}