{
    "cid": "xqnqHFAC_Y",
    "authorUid": "bd-1515649092",
    "authorUserName": "可***字",
    "title": "",
    "description": "",
    "latestVersion": 1,
    "alwaysLatest": 1,
    "createTime": "2019-01-17T03:25:48.000Z",
    "lastUpdateTime": "2019-01-17T03:25:48.000Z",
    "auth": 2,
    "uid": "bd-1515649092",
    "publishedVersion": 0,
    "forkFrom": "-",
    "isSpam": 0,
    "version": 1,
    "parentVersion": -1,
    "echartsVersion": "4.2.0",
    "versionCreateTime": "2019-01-17T03:25:48.000Z",
    "html": "",
    "externalScripts": "",
    "updaterUID": "bd-1515649092",
    "theme": "",
    "layout": "",
    "viewCount": 222,
    "userName": "可***字",
    "commentCount": 0,
    "starCount": 0,
    "isStared": 0,
    "thumbnailURL": "https://www.makeapie.com/ecg-storage/ec_gallery_thumbnail/xqnqHFAC_Y.png?v=1547695548259",
    "isCustomThumbnail": 0,
    "builtinTags": [
        "category-work",
        "radar",
        "series-radar",
        "tooltip"
    ],
    "customTags": [],
    "updaterUserName": "可***字"
}