{
    "cid": "xraaa4gv1e",
    "authorUid": "bd-1533226199",
    "authorUserName": "彼岸花_Tiste",
    "title": "deepMerge",
    "description": "deepMerge",
    "latestVersion": 1,
    "alwaysLatest": 1,
    "createTime": "2019-01-17T07:16:56.000Z",
    "lastUpdateTime": "2019-01-17T07:16:56.000Z",
    "auth": 2,
    "uid": "bd-1533226199",
    "publishedVersion": 0,
    "forkFrom": "-",
    "isSpam": 0,
    "version": 1,
    "parentVersion": -1,
    "echartsVersion": "4.2.0",
    "versionCreateTime": "2019-01-17T07:16:56.000Z",
    "html": "",
    "externalScripts": "https://unpkg.com/deepmerge@3.1.0/dist/umd.js",
    "updaterUID": "bd-1533226199",
    "theme": "default",
    "layout": "",
    "viewCount": 40,
    "userName": "彼岸花_Tiste",
    "commentCount": 0,
    "starCount": 0,
    "isStared": 0,
    "thumbnailURL": "https://www.makeapie.com/ecg-storage/ec_gallery_thumbnail/xraaa4gv1e.png?v=1547709416381",
    "isCustomThumbnail": 0,
    "builtinTags": [
        "category-work",
        "legend",
        "series-pie",
        "tooltip"
    ],
    "customTags": [
        "deepMerge"
    ],
    "updaterUserName": "彼岸花_Tiste"
}