{
    "cid": "xVlmr-aaC_",
    "authorUid": "bd-740494445",
    "authorUserName": "I***E",
    "title": "[横向条形图,Y轴,标题在左侧]营业总收入",
    "description": "",
    "latestVersion": 3,
    "alwaysLatest": 1,
    "createTime": "2019-01-17T03:11:45.000Z",
    "lastUpdateTime": "2019-01-17T03:11:45.000Z",
    "auth": 2,
    "uid": "bd-740494445",
    "publishedVersion": 0,
    "forkFrom": "-",
    "isSpam": 0,
    "version": 3,
    "parentVersion": 2,
    "echartsVersion": "4.2.0",
    "versionCreateTime": "2019-01-17T04:29:45.000Z",
    "html": "",
    "externalScripts": "",
    "updaterUID": "bd-740494445",
    "theme": "",
    "layout": "",
    "viewCount": 44,
    "userName": "I***E",
    "commentCount": 0,
    "starCount": 1,
    "isStared": 0,
    "thumbnailURL": "https://www.makeapie.com/ecg-storage/ec_gallery_thumbnail/xVlmr-aaC_.png?v=1547699385803",
    "isCustomThumbnail": 0,
    "builtinTags": [
        "category-work",
        "grid",
        "series-bar",
        "title"
    ],
    "customTags": [],
    "updaterUserName": "I***E"
}