{
    "cid": "xWqdzEd9wr",
    "authorUid": "bd-2520231428",
    "authorUserName": "en_en08",
    "title": "月度考勤统计分析",
    "description": "全勤/非全勤人数占比",
    "latestVersion": 2,
    "alwaysLatest": 1,
    "createTime": "2019-01-17T07:14:23.000Z",
    "lastUpdateTime": "2019-01-17T07:14:23.000Z",
    "auth": 2,
    "uid": "bd-2520231428",
    "publishedVersion": 0,
    "forkFrom": "-",
    "isSpam": 0,
    "version": 2,
    "parentVersion": 1,
    "echartsVersion": "4.2.0",
    "versionCreateTime": "2019-01-17T07:14:36.000Z",
    "html": "",
    "externalScripts": "",
    "updaterUID": "bd-2520231428",
    "theme": "",
    "layout": "",
    "viewCount": 28,
    "userName": "en_en08",
    "commentCount": 0,
    "starCount": 0,
    "isStared": 0,
    "thumbnailURL": "https://www.makeapie.com/ecg-storage/ec_gallery_thumbnail/xWqdzEd9wr.png?v=1547709276700",
    "isCustomThumbnail": 0,
    "builtinTags": [
        "category-work",
        "legend",
        "series-pie",
        "title",
        "tooltip"
    ],
    "customTags": [],
    "updaterUserName": "en_en08"
}