{
    "cid": "xZK3Dn8UKS",
    "authorUid": "bd-2855129307",
    "authorUserName": "w***i",
    "title": "气泡分布",
    "description": "",
    "latestVersion": 2,
    "alwaysLatest": 1,
    "createTime": "2019-01-18T01:34:24.000Z",
    "lastUpdateTime": "2019-01-18T01:34:24.000Z",
    "auth": 2,
    "uid": "bd-2855129307",
    "publishedVersion": 0,
    "forkFrom": "-",
    "isSpam": 0,
    "version": 2,
    "parentVersion": 1,
    "echartsVersion": "4.2.0",
    "versionCreateTime": "2019-01-18T01:35:59.000Z",
    "html": "",
    "externalScripts": "",
    "updaterUID": "bd-2855129307",
    "theme": "",
    "layout": "",
    "viewCount": 417,
    "userName": "w***i",
    "commentCount": 0,
    "starCount": 1,
    "isStared": 0,
    "thumbnailURL": "https://www.makeapie.com/ecg-storage/ec_gallery_thumbnail/xZK3Dn8UKS.png?v=1547775359292",
    "isCustomThumbnail": 0,
    "builtinTags": [
        "category-work",
        "grid",
        "series-scatter",
        "tooltip"
    ],
    "customTags": [],
    "updaterUserName": "w***i"
}