{
    "cid": "x9VEMmdT8V",
    "authorUid": "obd-o0hqAyK2M2uFeYhuQXkUEm4k4Syo7F2",
    "authorUserName": "我***号",
    "title": "三色饼图",
    "description": "",
    "latestVersion": 1,
    "alwaysLatest": 0,
    "createTime": "2021-12-01T14:39:56.000Z",
    "lastUpdateTime": "2021-12-01T14:39:56.000Z",
    "auth": 1,
    "uid": "obd-o0hqAyK2M2uFeYhuQXkUEm4k4Syo7F2",
    "publishedVersion": 0,
    "forkFrom": "-",
    "isSpam": 0,
    "version": 1,
    "parentVersion": -1,
    "echartsVersion": "5.2.2",
    "versionCreateTime": "2021-12-01T14:39:56.000Z",
    "html": "",
    "externalScripts": "",
    "updaterUID": "obd-o0hqAyK2M2uFeYhuQXkUEm4k4Syo7F2",
    "theme": "",
    "layout": "",
    "viewCount": 0,
    "userName": "我***号",
    "commentCount": 0,
    "starCount": 0,
    "isStared": 0,
    "thumbnailURL": "https://www.makeapie.com/ecg-storage/ec_gallery_thumbnail/x9VEMmdT8V.png?v=1638369596645",
    "isCustomThumbnail": 0,
    "builtinTags": [
        "category-work",
        "legend",
        "markArea",
        "series-gauge",
        "series-pie",
        "title"
    ],
    "customTags": [
        "pie"
    ],
    "updaterUserName": "我***号"
}