{
    "cid": "x_RfBb-tTJ",
    "authorUid": "obd-ojd2pnXiDOXnymtk7zIPKaY7NT0mkE9",
    "authorUserName": "哎***呀",
    "title": "旭日图",
    "description": "",
    "latestVersion": 1,
    "alwaysLatest": 0,
    "createTime": "2021-12-02T03:53:04.000Z",
    "lastUpdateTime": "2021-12-02T03:53:04.000Z",
    "auth": 2,
    "uid": "obd-ojd2pnXiDOXnymtk7zIPKaY7NT0mkE9",
    "publishedVersion": 0,
    "forkFrom": "-",
    "isSpam": 0,
    "version": 1,
    "parentVersion": -1,
    "echartsVersion": "4.7.0",
    "versionCreateTime": "2021-12-02T03:53:04.000Z",
    "html": "",
    "externalScripts": "",
    "updaterUID": "obd-ojd2pnXiDOXnymtk7zIPKaY7NT0mkE9",
    "theme": "",
    "layout": "",
    "viewCount": 0,
    "userName": "哎***呀",
    "commentCount": 0,
    "starCount": 0,
    "isStared": 0,
    "thumbnailURL": "https://www.makeapie.com/ecg-storage/ec_gallery_thumbnail/x_RfBb-tTJ.png?v=1638417184432",
    "isCustomThumbnail": 0,
    "builtinTags": [
        "category-work",
        "series-sunburst",
        "title"
    ],
    "customTags": [],
    "updaterUserName": "哎***呀"
}