{
    "cid": "xdj303AJ1K",
    "authorUid": "obd-ojakU4nV24whqK6Xit80_AV0jV9DiEg",
    "authorUserName": "阳***属",
    "title": "双线折线轮播",
    "description": "双线折线轮播",
    "latestVersion": 16,
    "alwaysLatest": 1,
    "createTime": "2021-12-01T09:18:42.000Z",
    "lastUpdateTime": "2021-12-02T07:17:40.000Z",
    "auth": 2,
    "uid": "obd-ojakU4nV24whqK6Xit80_AV0jV9DiEg",
    "publishedVersion": 0,
    "forkFrom": "-",
    "isSpam": 0,
    "version": 16,
    "parentVersion": 15,
    "echartsVersion": "5.2.2",
    "versionCreateTime": "2021-12-02T07:17:40.000Z",
    "html": "",
    "externalScripts": "",
    "updaterUID": "obd-ojakU4nV24whqK6Xit80_AV0jV9DiEg",
    "theme": "",
    "layout": "",
    "viewCount": 0,
    "userName": "阳***属",
    "commentCount": 0,
    "starCount": 2,
    "isStared": 0,
    "thumbnailURL": "https://www.makeapie.com/ecg-storage/ec_gallery_thumbnail/xdj303AJ1K.png?v=1638429460349",
    "isCustomThumbnail": 0,
    "builtinTags": [
        "category-work",
        "grid",
        "legend",
        "series-line",
        "tooltip"
    ],
    "customTags": [],
    "updaterUserName": "阳***属"
}