{
    "cid": "xG4vf5wvdH",
    "authorUid": "obd-oFwGKKA4xLCHPqrVm1IrPJZDGNvw-5v",
    "authorUserName": "178******65",
    "title": "在线构建",
    "description": "1111111",
    "latestVersion": 1,
    "alwaysLatest": 0,
    "createTime": "2021-12-02T03:47:38.000Z",
    "lastUpdateTime": "2021-12-02T03:47:38.000Z",
    "auth": 1,
    "uid": "obd-oFwGKKA4xLCHPqrVm1IrPJZDGNvw-5v",
    "publishedVersion": 0,
    "forkFrom": "-",
    "isSpam": 0,
    "version": 1,
    "parentVersion": -1,
    "echartsVersion": "5.2.2",
    "versionCreateTime": "2021-12-02T03:47:38.000Z",
    "html": "",
    "externalScripts": "",
    "updaterUID": "obd-oFwGKKA4xLCHPqrVm1IrPJZDGNvw-5v",
    "theme": "",
    "layout": "",
    "viewCount": 0,
    "userName": "178******65",
    "commentCount": 0,
    "starCount": 0,
    "isStared": 0,
    "thumbnailURL": "https://www.makeapie.com/ecg-storage/ec_gallery_thumbnail/xG4vf5wvdH.png?v=1638416858543",
    "isCustomThumbnail": 0,
    "builtinTags": [
        "category-work",
        "grid",
        "series-bar",
        "series-pie",
        "title",
        "tooltip"
    ],
    "customTags": [],
    "updaterUserName": "178******65"
}