{
    "cid": "xKz4g6j_fk",
    "authorUid": "obd-oM585jTLBC9OzsdhGxqX4_cATrGyf2q",
    "authorUserName": "s***r",
    "title": "四组魅力值",
    "description": "交错柱状图",
    "latestVersion": 3,
    "alwaysLatest": 0,
    "createTime": "2021-12-02T07:10:40.000Z",
    "lastUpdateTime": "2021-12-02T07:15:55.000Z",
    "auth": 2,
    "uid": "obd-oM585jTLBC9OzsdhGxqX4_cATrGyf2q",
    "publishedVersion": 0,
    "forkFrom": "-",
    "isSpam": 0,
    "version": 3,
    "parentVersion": 2,
    "echartsVersion": "5.2.2",
    "versionCreateTime": "2021-12-02T07:15:55.000Z",
    "html": "",
    "externalScripts": "",
    "updaterUID": "obd-oM585jTLBC9OzsdhGxqX4_cATrGyf2q",
    "theme": "",
    "layout": "",
    "viewCount": 0,
    "userName": "s***r",
    "commentCount": 0,
    "starCount": 0,
    "isStared": 0,
    "thumbnailURL": "https://www.makeapie.com/ecg-storage/ec_gallery_thumbnail/xKz4g6j_fk.png?v=1638429355886",
    "isCustomThumbnail": 0,
    "builtinTags": [
        "category-work",
        "grid",
        "series-bar",
        "title",
        "tooltip"
    ],
    "customTags": [],
    "updaterUserName": "s***r"
}