{
    "cid": "xMENwdFeEZ",
    "authorUid": "obd-o-WeIDz9pQFG3HlZjbY3v-MnvKKSvAj",
    "authorUserName": "王***表",
    "title": "圆环",
    "description": "",
    "latestVersion": 1,
    "alwaysLatest": 0,
    "createTime": "2021-12-02T07:17:57.000Z",
    "lastUpdateTime": "2021-12-02T07:17:57.000Z",
    "auth": 1,
    "uid": "obd-o-WeIDz9pQFG3HlZjbY3v-MnvKKSvAj",
    "publishedVersion": 0,
    "forkFrom": "-",
    "isSpam": 0,
    "version": 1,
    "parentVersion": -1,
    "echartsVersion": "4.9.0",
    "versionCreateTime": "2021-12-02T07:17:57.000Z",
    "html": "",
    "externalScripts": "",
    "updaterUID": "obd-o-WeIDz9pQFG3HlZjbY3v-MnvKKSvAj",
    "theme": "",
    "layout": "",
    "viewCount": 0,
    "userName": "王***表",
    "commentCount": 0,
    "starCount": 0,
    "isStared": 0,
    "thumbnailURL": "https://www.makeapie.com/ecg-storage/ec_gallery_thumbnail/xMENwdFeEZ.png?v=1638429478022",
    "isCustomThumbnail": 0,
    "builtinTags": [
        "category-work",
        "legend",
        "polar",
        "series-bar",
        "tooltip"
    ],
    "customTags": [],
    "updaterUserName": "王***表"
}