{
    "cid": "xMKK17daLw",
    "authorUid": "obd-o0hqAyK2M2uFeYhuQXkUEm4k4Syo7F2",
    "authorUserName": "我***号",
    "title": "动效水球图",
    "description": "",
    "latestVersion": 1,
    "alwaysLatest": 0,
    "createTime": "2021-12-01T14:20:27.000Z",
    "lastUpdateTime": "2021-12-01T14:20:27.000Z",
    "auth": 1,
    "uid": "obd-o0hqAyK2M2uFeYhuQXkUEm4k4Syo7F2",
    "publishedVersion": 0,
    "forkFrom": "-",
    "isSpam": 0,
    "version": 1,
    "parentVersion": -1,
    "echartsVersion": "4.9.0",
    "versionCreateTime": "2021-12-01T14:20:27.000Z",
    "html": "",
    "externalScripts": "https://echarts.baidu.com/resource/echarts-liquidfill-latest/dist/echarts-liquidfill.min.js",
    "updaterUID": "obd-o0hqAyK2M2uFeYhuQXkUEm4k4Syo7F2",
    "theme": "",
    "layout": "",
    "viewCount": 0,
    "userName": "我***号",
    "commentCount": 0,
    "starCount": 1,
    "isStared": 0,
    "thumbnailURL": "https://www.makeapie.com/ecg-storage/ec_gallery_thumbnail/xMKK17daLw.png?v=1638368427455",
    "isCustomThumbnail": 0,
    "builtinTags": [
        "category-work",
        "polar",
        "series-bar",
        "series-liquidFill",
        "title"
    ],
    "customTags": [
        "水球图"
    ],
    "updaterUserName": "我***号"
}