{
    "cid": "xo-aUWazf8",
    "authorUid": "obd-oEVgzPtcAFbBbl44ALGIUlM7k1YPq4k",
    "authorUserName": "露***鞋",
    "title": "大屏仪表盘",
    "description": "",
    "latestVersion": 1,
    "alwaysLatest": 0,
    "createTime": "2021-12-02T02:24:05.000Z",
    "lastUpdateTime": "2021-12-02T02:24:05.000Z",
    "auth": 2,
    "uid": "obd-oEVgzPtcAFbBbl44ALGIUlM7k1YPq4k",
    "publishedVersion": 0,
    "forkFrom": "-",
    "isSpam": 0,
    "version": 1,
    "parentVersion": -1,
    "echartsVersion": "5.1.2",
    "versionCreateTime": "2021-12-02T02:24:05.000Z",
    "html": "",
    "externalScripts": "",
    "updaterUID": "obd-oEVgzPtcAFbBbl44ALGIUlM7k1YPq4k",
    "theme": "",
    "layout": "",
    "viewCount": 0,
    "userName": "露***鞋",
    "commentCount": 0,
    "starCount": 0,
    "isStared": 0,
    "thumbnailURL": "https://www.makeapie.com/ecg-storage/ec_gallery_thumbnail/xo-aUWazf8.png?v=1638411846086",
    "isCustomThumbnail": 0,
    "builtinTags": [
        "category-work",
        "series-gauge"
    ],
    "customTags": [],
    "updaterUserName": "露***鞋"
}