{
    "cid": "xP2soRbT8r",
    "authorUid": "bd-1813650783",
    "authorUserName": "y***8",
    "title": "人物关系图",
    "description": "关系图",
    "latestVersion": 3,
    "alwaysLatest": 0,
    "createTime": "2021-12-02T01:51:06.000Z",
    "lastUpdateTime": "2021-12-02T01:56:37.000Z",
    "auth": 2,
    "uid": "bd-1813650783",
    "publishedVersion": 0,
    "forkFrom": "-",
    "isSpam": 0,
    "version": 3,
    "parentVersion": 2,
    "echartsVersion": "5.2.2",
    "versionCreateTime": "2021-12-02T01:56:37.000Z",
    "html": "",
    "externalScripts": "",
    "updaterUID": "bd-1813650783",
    "theme": "",
    "layout": "",
    "viewCount": 0,
    "userName": "y***8",
    "commentCount": 0,
    "starCount": 0,
    "isStared": 0,
    "thumbnailURL": "https://www.makeapie.com/ecg-storage/ec_gallery_thumbnail/xP2soRbT8r.png?v=1638410197449",
    "isCustomThumbnail": 0,
    "builtinTags": [
        "category-work",
        "series-graph"
    ],
    "customTags": [],
    "updaterUserName": "y***8"
}