{
    "cid": "xQn5UZPPVJ",
    "authorUid": "obd-o2Uq48DS8VVe30Eo4Mzq2csfOGk3560",
    "authorUserName": "叫***e",
    "title": "带背景的柱形图",
    "description": "",
    "latestVersion": 2,
    "alwaysLatest": 0,
    "createTime": "2021-12-01T09:20:06.000Z",
    "lastUpdateTime": "2022-01-05T02:12:07.000Z",
    "auth": 2,
    "uid": "obd-o2Uq48DS8VVe30Eo4Mzq2csfOGk3560",
    "publishedVersion": 0,
    "forkFrom": "-",
    "isSpam": 0,
    "version": 2,
    "parentVersion": 1,
    "echartsVersion": "5.2.2",
    "versionCreateTime": "2022-01-05T02:12:07.000Z",
    "html": "",
    "externalScripts": "",
    "updaterUID": "obd-o2Uq48DS8VVe30Eo4Mzq2csfOGk3560",
    "theme": "",
    "layout": "",
    "viewCount": 0,
    "userName": "叫***e",
    "commentCount": 0,
    "starCount": 0,
    "isStared": 0,
    "thumbnailURL": "https://www.makeapie.com/ecg-storage/ec_gallery_thumbnail/xQn5UZPPVJ.png?v=1641348727244",
    "isCustomThumbnail": 0,
    "builtinTags": [
        "category-work",
        "grid",
        "series-bar",
        "tooltip"
    ],
    "customTags": [],
    "updaterUserName": "叫***e"
}