{
    "cid": "xU-uBq6A9D",
    "authorUid": "obd-oj4PFK0VoztWEIcxwWPVrdNdKiz9FDT",
    "authorUserName": "L***n",
    "title": "分页雷达图",
    "description": "",
    "latestVersion": 1,
    "alwaysLatest": 0,
    "createTime": "2021-12-01T09:58:10.000Z",
    "lastUpdateTime": "2021-12-01T09:58:10.000Z",
    "auth": 2,
    "uid": "obd-oj4PFK0VoztWEIcxwWPVrdNdKiz9FDT",
    "publishedVersion": 0,
    "forkFrom": "-",
    "isSpam": 0,
    "version": 1,
    "parentVersion": -1,
    "echartsVersion": "5.2.2",
    "versionCreateTime": "2021-12-01T09:58:10.000Z",
    "html": "",
    "externalScripts": "",
    "updaterUID": "obd-oj4PFK0VoztWEIcxwWPVrdNdKiz9FDT",
    "theme": "",
    "layout": "",
    "viewCount": 0,
    "userName": "L***n",
    "commentCount": 0,
    "starCount": 1,
    "isStared": 0,
    "thumbnailURL": "https://www.makeapie.com/ecg-storage/ec_gallery_thumbnail/xU-uBq6A9D.png?v=1638352690155",
    "isCustomThumbnail": 0,
    "builtinTags": [
        "category-work",
        "radar",
        "series-radar",
        "timeline",
        "tooltip"
    ],
    "customTags": [],
    "updaterUserName": "L***n"
}