{
    "cid": "xuIseVK_A2",
    "authorUid": "obd-oMGzq8-6R9QuIsCynqsd3sZrhoEGY2a",
    "authorUserName": "打***员",
    "title": "散点图",
    "description": "多重分析",
    "latestVersion": 1,
    "alwaysLatest": 0,
    "createTime": "2021-12-02T06:53:29.000Z",
    "lastUpdateTime": "2021-12-02T06:53:29.000Z",
    "auth": 2,
    "uid": "obd-oMGzq8-6R9QuIsCynqsd3sZrhoEGY2a",
    "publishedVersion": 0,
    "forkFrom": "-",
    "isSpam": 0,
    "version": 1,
    "parentVersion": -1,
    "echartsVersion": "5.2.2",
    "versionCreateTime": "2021-12-02T06:53:29.000Z",
    "html": "",
    "externalScripts": "",
    "updaterUID": "obd-oMGzq8-6R9QuIsCynqsd3sZrhoEGY2a",
    "theme": "",
    "layout": "",
    "viewCount": 0,
    "userName": "打***员",
    "commentCount": 0,
    "starCount": 1,
    "isStared": 0,
    "thumbnailURL": "https://www.makeapie.com/ecg-storage/ec_gallery_thumbnail/xuIseVK_A2.png?v=1638428009930",
    "isCustomThumbnail": 0,
    "builtinTags": [
        "category-work",
        "grid",
        "legend",
        "series-scatter",
        "tooltip"
    ],
    "customTags": [],
    "updaterUserName": "打***员"
}