{
    "cid": "xB1vINZ5ae",
    "authorUid": "bd-2215764494",
    "authorUserName": "p***g",
    "title": "Metal Bar3D",
    "description": "Beveled bar3D with metal material",
    "latestVersion": 5,
    "alwaysLatest": 1,
    "createTime": "2017-04-11T07:22:55.000Z",
    "lastUpdateTime": "2017-04-11T08:10:04.000Z",
    "auth": 2,
    "uid": "bd-2215764494",
    "publishedVersion": 0,
    "forkFrom": "-",
    "isSpam": 0,
    "version": 5,
    "parentVersion": 4,
    "echartsVersion": "3.6.2",
    "versionCreateTime": "2017-06-20T09:36:10.000Z",
    "html": "",
    "externalScripts": "http://echarts.baidu.com/resource/echarts-gl-latest/dist/echarts-gl.min.js,https://rawgit.com/jwagner/simplex-noise.js/master/simplex-noise.js",
    "updaterUID": "bd-2215764494",
    "theme": "default",
    "layout": "",
    "viewCount": 13083,
    "userName": "p***g",
    "commentCount": 1,
    "starCount": 9,
    "isStared": 0,
    "thumbnailURL": "https://www.makeapie.com/ecg-storage/ec_gallery_thumbnail/xB1vINZ5ae.png?v=1491898206819",
    "isCustomThumbnail": 1,
    "builtinTags": [
        "category-work",
        "grid3D",
        "series-bar3D",
        "tooltip"
    ],
    "customTags": [
        "echarts-gl"
    ],
    "updaterUserName": "p***g"
}