{
    "cid": "xH1fOa0Pal",
    "authorUid": "bd-2460781221",
    "authorUserName": "zmy_0707",
    "title": "热力图",
    "description": "",
    "latestVersion": 4,
    "alwaysLatest": 1,
    "createTime": "2017-04-09T16:12:25.000Z",
    "lastUpdateTime": "2017-04-09T16:12:25.000Z",
    "auth": 2,
    "uid": "bd-2460781221",
    "publishedVersion": 0,
    "forkFrom": "-",
    "isSpam": 0,
    "version": 4,
    "parentVersion": 3,
    "echartsVersion": "3.5.1",
    "versionCreateTime": "2017-04-10T02:06:22.000Z",
    "html": "",
    "externalScripts": "",
    "updaterUID": "bd-2460781221",
    "theme": "",
    "layout": "",
    "viewCount": 2438,
    "userName": "zmy_0707",
    "commentCount": 0,
    "starCount": 0,
    "isStared": 0,
    "thumbnailURL": "https://www.makeapie.com/ecg-storage/ec_gallery_thumbnail/xH1fOa0Pal.png?v=1491789983960",
    "isCustomThumbnail": 0,
    "builtinTags": [
        "axisPointer",
        "category-work",
        "grid",
        "series-heatmap",
        "tooltip",
        "visualMap"
    ],
    "customTags": [],
    "updaterUserName": "zmy_0707"
}