{
    "cid": "xH1tH_9D6e",
    "authorUid": "bd-3778831175",
    "authorUserName": "m***i",
    "title": "春节人口迁徙图-百度地图版",
    "description": "春节人口迁徙图-百度地图版（数据来自百度LBS开放平台)",
    "latestVersion": 2,
    "alwaysLatest": 1,
    "createTime": "2017-04-09T11:17:20.000Z",
    "lastUpdateTime": "2017-04-09T11:17:20.000Z",
    "auth": 1,
    "uid": "bd-3778831175",
    "publishedVersion": 0,
    "forkFrom": "-",
    "isSpam": 0,
    "version": 2,
    "parentVersion": 1,
    "echartsVersion": "3.8.0",
    "versionCreateTime": "2020-01-29T12:29:00.000Z",
    "html": "",
    "externalScripts": "/dep/echarts/map/js/china.js,/dep/echarts/latest/extension/bmap.min.js,http://api.map.baidu.com/api?v=2.0&ak=ZUONbpqGBsYGXNIYHicvbAbM",
    "updaterUID": "bd-4292213975",
    "theme": "",
    "layout": "",
    "viewCount": 1402,
    "userName": "m***i",
    "commentCount": 0,
    "starCount": 3,
    "isStared": 0,
    "thumbnailURL": "https://www.makeapie.com/ecg-storage/ec_gallery_thumbnail/xH1tH_9D6e.png?v=1491736644085",
    "isCustomThumbnail": 1,
    "builtinTags": [
        "category-work"
    ],
    "customTags": [],
    "updaterUserName": "y***6"
}