{
    "cid": "xHJcCggtal",
    "authorUid": "bd-579604448",
    "authorUserName": "一页白纸",
    "title": "公交登降数据",
    "description": "公交随时间的登降数据",
    "latestVersion": 3,
    "alwaysLatest": 1,
    "createTime": "2017-04-10T11:47:29.000Z",
    "lastUpdateTime": "2017-04-10T11:47:29.000Z",
    "auth": 1,
    "uid": "bd-579604448",
    "publishedVersion": 0,
    "forkFrom": "-",
    "isSpam": 0,
    "version": 3,
    "parentVersion": 2,
    "echartsVersion": "3.6.2",
    "versionCreateTime": "2017-06-20T07:35:00.000Z",
    "html": "",
    "externalScripts": "",
    "updaterUID": "bd-1688051127",
    "theme": "shine",
    "layout": "",
    "viewCount": 7717,
    "userName": "一页白纸",
    "commentCount": 1,
    "starCount": 10,
    "isStared": 0,
    "thumbnailURL": "https://www.makeapie.com/ecg-storage/ec_gallery_thumbnail/xHJcCggtal.png?v=1497944100258",
    "isCustomThumbnail": 0,
    "builtinTags": [
        "category-work",
        "grid",
        "legend",
        "series-bar",
        "timeline",
        "title",
        "toolbox",
        "tooltip"
    ],
    "customTags": [],
    "updaterUserName": "句号0506"
}