{
    "cid": "xHkcYXm9pe",
    "authorUid": "bd-2215764494",
    "authorUserName": "p***g",
    "title": "Surface Wave",
    "description": "",
    "latestVersion": 2,
    "alwaysLatest": 1,
    "createTime": "2017-04-11T09:36:02.000Z",
    "lastUpdateTime": "2017-04-11T09:36:02.000Z",
    "auth": 2,
    "uid": "bd-2215764494",
    "publishedVersion": 0,
    "forkFrom": "-",
    "isSpam": 0,
    "version": 2,
    "parentVersion": 1,
    "echartsVersion": "3.6.0",
    "versionCreateTime": "2017-05-26T03:18:03.000Z",
    "html": "",
    "externalScripts": "http://echarts.baidu.com/resource/echarts-gl-latest/dist/echarts-gl.min.js",
    "updaterUID": "bd-2215764494",
    "theme": "",
    "layout": "",
    "viewCount": 4927,
    "userName": "p***g",
    "commentCount": 0,
    "starCount": 7,
    "isStared": 0,
    "thumbnailURL": "https://www.makeapie.com/ecg-storage/ec_gallery_thumbnail/xHkcYXm9pe.png?v=1491903363189",
    "isCustomThumbnail": 1,
    "builtinTags": [
        "category-work",
        "grid3D",
        "series-surface",
        "tooltip",
        "visualMap"
    ],
    "customTags": [
        "echarts-gl"
    ],
    "updaterUserName": "p***g"
}