{
    "cid": "xHkNe7M5pl",
    "authorUid": "bd-2215764494",
    "authorUserName": "p***g",
    "title": "Flights on Geo3D",
    "description": "Visualize flights with lines3D on geo3D",
    "latestVersion": 2,
    "alwaysLatest": 1,
    "createTime": "2017-04-11T08:25:15.000Z",
    "lastUpdateTime": "2017-04-11T08:25:15.000Z",
    "auth": 2,
    "uid": "bd-2215764494",
    "publishedVersion": 0,
    "forkFrom": "-",
    "isSpam": 0,
    "version": 2,
    "parentVersion": 1,
    "echartsVersion": "3.6.0",
    "versionCreateTime": "2017-05-26T03:24:54.000Z",
    "html": "",
    "externalScripts": "/dep/echarts/map/js/world.js,http://echarts.baidu.com/resource/echarts-gl-latest/dist/echarts-gl.min.js",
    "updaterUID": "bd-2215764494",
    "theme": "",
    "layout": "",
    "viewCount": 8044,
    "userName": "p***g",
    "commentCount": 0,
    "starCount": 6,
    "isStared": 0,
    "thumbnailURL": "https://www.makeapie.com/ecg-storage/ec_gallery_thumbnail/xHkNe7M5pl.png?v=1491899118040",
    "isCustomThumbnail": 1,
    "builtinTags": [
        "category-work",
        "geo3D",
        "series-lines3D"
    ],
    "customTags": [
        "echarts-gl"
    ],
    "updaterUserName": "p***g"
}