{
    "cid": "xHyVK5fcTl",
    "authorUid": "bd-2215764494",
    "authorUserName": "p***g",
    "title": "Buildings",
    "description": "Visualize buildings GeoJSON with map3D",
    "latestVersion": 8,
    "alwaysLatest": 1,
    "createTime": "2017-04-11T08:57:31.000Z",
    "lastUpdateTime": "2017-04-11T08:57:31.000Z",
    "auth": 2,
    "uid": "bd-2215764494",
    "publishedVersion": 0,
    "forkFrom": "-",
    "isSpam": 0,
    "version": 8,
    "parentVersion": 7,
    "echartsVersion": "3.7.2",
    "versionCreateTime": "2017-10-12T14:26:24.000Z",
    "html": "",
    "externalScripts": "http://echarts.baidu.com/resource/echarts-gl-latest/dist/echarts-gl.min.js",
    "updaterUID": "bd-2215764494",
    "theme": "",
    "layout": "",
    "viewCount": 22322,
    "userName": "p***g",
    "commentCount": 2,
    "starCount": 24,
    "isStared": 0,
    "thumbnailURL": "https://www.makeapie.com/ecg-storage/ec_gallery_thumbnail/xHyVK5fcTl.png?v=1491901056257",
    "isCustomThumbnail": 1,
    "builtinTags": [
        "category-work",
        "series-map3D",
        "visualMap"
    ],
    "customTags": [
        "echarts-gl"
    ],
    "updaterUserName": "p***g"
}