{
    "cid": "xrJ5XyZ5px",
    "authorUid": "bd-2215764494",
    "authorUserName": "p***g",
    "title": "Bar3D - Punch Card",
    "description": "Use bar3D to visualize punch card on GitHub",
    "latestVersion": 3,
    "alwaysLatest": 1,
    "createTime": "2017-04-11T07:00:49.000Z",
    "lastUpdateTime": "2017-04-11T07:00:49.000Z",
    "auth": 2,
    "uid": "bd-2215764494",
    "publishedVersion": 0,
    "forkFrom": "-",
    "isSpam": 0,
    "version": 3,
    "parentVersion": 2,
    "echartsVersion": "3.6.0",
    "versionCreateTime": "2017-05-26T03:29:47.000Z",
    "html": "",
    "externalScripts": "http://echarts.baidu.com/resource/echarts-gl-latest/dist/echarts-gl.min.js",
    "updaterUID": "bd-2215764494",
    "theme": "",
    "layout": "",
    "viewCount": 19654,
    "userName": "p***g",
    "commentCount": 1,
    "starCount": 30,
    "isStared": 0,
    "thumbnailURL": "https://www.makeapie.com/ecg-storage/ec_gallery_thumbnail/xrJ5XyZ5px.png?v=1491894050273",
    "isCustomThumbnail": 1,
    "builtinTags": [
        "category-work",
        "grid3D",
        "series-bar3D",
        "tooltip",
        "visualMap"
    ],
    "customTags": [
        "echarts-gl"
    ],
    "updaterUserName": "p***g"
}