{
    "cid": "xrJchBL9ag",
    "authorUid": "bd-2215764494",
    "authorUserName": "p***g",
    "title": "GraphGL GPU Layout",
    "description": "Layout graph with GPU",
    "latestVersion": 2,
    "alwaysLatest": 1,
    "createTime": "2017-04-11T13:10:10.000Z",
    "lastUpdateTime": "2017-04-11T13:10:10.000Z",
    "auth": 2,
    "uid": "bd-2215764494",
    "publishedVersion": 0,
    "forkFrom": "-",
    "isSpam": 0,
    "version": 2,
    "parentVersion": 1,
    "echartsVersion": "3.6.0",
    "versionCreateTime": "2017-05-26T03:14:54.000Z",
    "html": "",
    "externalScripts": "http://echarts.baidu.com/resource/echarts-gl-latest/dist/echarts-gl.min.js",
    "updaterUID": "bd-2215764494",
    "theme": "dark",
    "layout": "",
    "viewCount": 10690,
    "userName": "p***g",
    "commentCount": 2,
    "starCount": 7,
    "isStared": 0,
    "thumbnailURL": "https://www.makeapie.com/ecg-storage/ec_gallery_thumbnail/xrJchBL9ag.png?v=1491916211349",
    "isCustomThumbnail": 1,
    "builtinTags": [
        "category-work",
        "series-graphGL"
    ],
    "customTags": [
        "echarts-gl"
    ],
    "updaterUserName": "p***g"
}