{
    "cid": "xrJGG0Vcax",
    "authorUid": "bd-1610942177",
    "authorUserName": "i***t",
    "title": "上海区域Grid网格图(polygon实现)",
    "description": "使用百度地图自带的polygon实现网格图 与热力图不同！",
    "latestVersion": 2,
    "alwaysLatest": 1,
    "createTime": "2017-04-11T11:29:13.000Z",
    "lastUpdateTime": "2017-04-11T11:29:13.000Z",
    "auth": 2,
    "uid": "bd-1610942177",
    "publishedVersion": 0,
    "forkFrom": "-",
    "isSpam": 0,
    "version": 2,
    "parentVersion": 1,
    "echartsVersion": "3.5.1",
    "versionCreateTime": "2017-04-11T11:29:34.000Z",
    "html": "",
    "externalScripts": "/dep/echarts/latest/extension/bmap.min.js,http://api.map.baidu.com/api?v=2.0&ak=ZUONbpqGBsYGXNIYHicvbAbM",
    "updaterUID": "bd-1610942177",
    "theme": "",
    "layout": "",
    "viewCount": 2473,
    "userName": "i***t",
    "commentCount": 0,
    "starCount": 13,
    "isStared": 0,
    "thumbnailURL": "https://www.makeapie.com/ecg-storage/ec_gallery_thumbnail/xrJGG0Vcax.png?v=1491910154656",
    "isCustomThumbnail": 1,
    "builtinTags": [
        "category-work"
    ],
    "customTags": [
        "bmap",
        "grid",
        "polygon"
    ],
    "updaterUserName": "i***t"
}