{
    "cid": "xS1MbGycpg",
    "authorUid": "bd-2215764494",
    "authorUserName": "p***g",
    "title": "Globe with ECharts Surface",
    "description": "Add ECharts Surface with mouse interaction on globe in echarts-gl.",
    "latestVersion": 3,
    "alwaysLatest": 1,
    "createTime": "2017-04-11T04:56:26.000Z",
    "lastUpdateTime": "2017-04-11T06:55:58.000Z",
    "auth": 2,
    "uid": "bd-2215764494",
    "publishedVersion": 0,
    "forkFrom": "-",
    "isSpam": 0,
    "version": 3,
    "parentVersion": 2,
    "echartsVersion": "3.6.0",
    "versionCreateTime": "2017-05-26T03:31:32.000Z",
    "html": "",
    "externalScripts": "http://echarts.baidu.com/resource/echarts-gl-latest/dist/echarts-gl.min.js,/dep/echarts/map/js/world.js",
    "updaterUID": "bd-2215764494",
    "theme": "default",
    "layout": "",
    "viewCount": 5312,
    "userName": "p***g",
    "commentCount": 2,
    "starCount": 10,
    "isStared": 0,
    "thumbnailURL": "https://www.makeapie.com/ecg-storage/ec_gallery_thumbnail/xS1MbGycpg.png?v=1491892279166",
    "isCustomThumbnail": 1,
    "builtinTags": [
        "category-work",
        "globe"
    ],
    "customTags": [
        "echarts-gl"
    ],
    "updaterUserName": "p***g"
}