{
    "cid": "xSk5zd-c6g",
    "authorUid": "bd-4064394328",
    "authorUserName": "路漫漫1250",
    "title": "ECharts 入门示例  自定义颜色",
    "description": "",
    "latestVersion": 1,
    "alwaysLatest": 1,
    "createTime": "2017-04-11T07:38:57.000Z",
    "lastUpdateTime": "2017-04-11T07:38:57.000Z",
    "auth": 2,
    "uid": "bd-4064394328",
    "publishedVersion": 0,
    "forkFrom": "-",
    "isSpam": 0,
    "version": 1,
    "parentVersion": -1,
    "echartsVersion": "3.5.1",
    "versionCreateTime": "2017-04-11T07:38:57.000Z",
    "html": "",
    "externalScripts": "",
    "updaterUID": "bd-4064394328",
    "theme": "",
    "layout": "",
    "viewCount": 400,
    "userName": "路漫漫1250",
    "commentCount": 0,
    "starCount": 2,
    "isStared": 0,
    "thumbnailURL": "https://www.makeapie.com/ecg-storage/ec_gallery_thumbnail/xSk5zd-c6g.png?v=1491896338156",
    "isCustomThumbnail": 0,
    "builtinTags": [
        "axisPointer",
        "category-work",
        "grid",
        "legend",
        "series-bar",
        "title",
        "tooltip"
    ],
    "customTags": [],
    "updaterUserName": "路漫漫1250"
}