{
    "cid": "xSkHJIBc6l",
    "authorUid": "bd-2215764494",
    "authorUserName": "p***g",
    "title": "Animating Contour on Globe",
    "description": "Using d3 to draw the contour. \nhttps://bl.ocks.org/mbostock/818053c76d79d4841790c332656bf9da",
    "latestVersion": 5,
    "alwaysLatest": 1,
    "createTime": "2017-04-11T12:02:36.000Z",
    "lastUpdateTime": "2021-04-25T02:55:16.000Z",
    "auth": 2,
    "uid": "bd-2215764494",
    "publishedVersion": 0,
    "forkFrom": "-",
    "isSpam": 0,
    "version": 5,
    "parentVersion": 4,
    "echartsVersion": "5.1.0",
    "versionCreateTime": "2021-04-25T02:55:00.000Z",
    "html": "",
    "externalScripts": "https://unpkg.com/d3-contour@1,https://unpkg.com/d3-geo@1,https://unpkg.com/d3-timer@1,https://cdn.jsdelivr.net/npm/echarts-gl@2/dist/echarts-gl.min.js",
    "updaterUID": "bd-2215764494",
    "theme": "default",
    "layout": "",
    "viewCount": 33695,
    "userName": "p***g",
    "commentCount": 12,
    "starCount": 35,
    "isStared": 0,
    "thumbnailURL": "https://www.makeapie.com/ecg-storage/ec_gallery_thumbnail/xSkHJIBc6l.png?v=1619319317959",
    "isCustomThumbnail": 1,
    "builtinTags": [
        "category-work",
        "globe"
    ],
    "customTags": [
        "echarts-gl"
    ],
    "updaterUserName": "p***g"
}