{
    "cid": "x1dxbLoLRb",
    "authorUid": "bd-101897118",
    "authorUserName": "q***e",
    "title": "雷达图",
    "description": "",
    "latestVersion": 1,
    "alwaysLatest": 1,
    "createTime": "2019-07-10T03:15:00.000Z",
    "lastUpdateTime": "2019-07-10T03:15:00.000Z",
    "auth": 2,
    "uid": "bd-101897118",
    "publishedVersion": 0,
    "forkFrom": "-",
    "isSpam": 0,
    "version": 1,
    "parentVersion": -1,
    "echartsVersion": "4.2.1",
    "versionCreateTime": "2019-07-10T03:15:00.000Z",
    "html": "",
    "externalScripts": "",
    "updaterUID": "bd-101897118",
    "theme": "",
    "layout": "",
    "viewCount": 1235,
    "userName": "q***e",
    "commentCount": 0,
    "starCount": 5,
    "isStared": 0,
    "thumbnailURL": "https://www.makeapie.com/ecg-storage/ec_gallery_thumbnail/x1dxbLoLRb.png?v=1562728500480",
    "isCustomThumbnail": 0,
    "builtinTags": [
        "category-work",
        "radar",
        "series-radar",
        "tooltip"
    ],
    "customTags": [],
    "updaterUserName": "q***e"
}