{
    "cid": "x1pDqJ0Yg6",
    "authorUid": "bd-3389873116",
    "authorUserName": "鳯***",
    "title": "船舶作业情况",
    "description": "淡蓝色-等待作业；黄色-作业中；绿色-完成作业；红色-逾期未完成；\n如果想要嵌套背景图，只需要将geo->show设置为false；红色点在船舶逾期数量大于0的情况下才会显示闪动，否则隐藏",
    "latestVersion": 1,
    "alwaysLatest": 1,
    "createTime": "2019-07-09T04:08:03.000Z",
    "lastUpdateTime": "2019-07-09T04:08:03.000Z",
    "auth": 2,
    "uid": "bd-3389873116",
    "publishedVersion": 0,
    "forkFrom": "-",
    "isSpam": 0,
    "version": 1,
    "parentVersion": -1,
    "echartsVersion": "4.2.1",
    "versionCreateTime": "2019-07-09T04:08:03.000Z",
    "html": "",
    "externalScripts": "/dep/echarts/latest/extension/bmap.min.js,/dep/echarts/map/js/china.js",
    "updaterUID": "bd-3389873116",
    "theme": "",
    "layout": "",
    "viewCount": 539,
    "userName": "鳯***",
    "commentCount": 0,
    "starCount": 2,
    "isStared": 0,
    "thumbnailURL": "https://www.makeapie.com/ecg-storage/ec_gallery_thumbnail/x1pDqJ0Yg6.png?v=1562645284032",
    "isCustomThumbnail": 0,
    "builtinTags": [
        "category-work",
        "geo",
        "legend",
        "series-effectScatter",
        "series-scatter",
        "title",
        "tooltip",
        "visualMap"
    ],
    "customTags": [],
    "updaterUserName": "鳯***"
}