{
    "cid": "x1RlWDeeen",
    "authorUid": "bd-2013481626",
    "authorUserName": "じ***ゞ",
    "title": "柱状图",
    "description": "柱状图 不同柱色",
    "latestVersion": 2,
    "alwaysLatest": 1,
    "createTime": "2019-07-10T03:03:42.000Z",
    "lastUpdateTime": "2021-10-09T08:12:31.000Z",
    "auth": 2,
    "uid": "bd-2013481626",
    "publishedVersion": 0,
    "forkFrom": "-",
    "isSpam": 0,
    "version": 2,
    "parentVersion": 1,
    "echartsVersion": "5.2.1",
    "versionCreateTime": "2021-10-09T08:12:31.000Z",
    "html": "",
    "externalScripts": "",
    "updaterUID": "bd-2013481626",
    "theme": "",
    "layout": "",
    "viewCount": 8886,
    "userName": "じ***ゞ",
    "commentCount": 0,
    "starCount": 14,
    "isStared": 0,
    "thumbnailURL": "https://www.makeapie.com/ecg-storage/ec_gallery_thumbnail/x1RlWDeeen.png?v=1633767151753",
    "isCustomThumbnail": 0,
    "builtinTags": [
        "category-work",
        "grid",
        "series-bar",
        "title",
        "tooltip"
    ],
    "customTags": [],
    "updaterUserName": "じ***ゞ"
}