{
    "cid": "x4U1Wh0SMr",
    "authorUid": "bd-1839088506",
    "authorUserName": "K***锁",
    "title": "石家庄市第二医院新华医疗集团（草稿）",
    "description": "显示各社区就诊人数",
    "latestVersion": 1,
    "alwaysLatest": 1,
    "createTime": "2019-07-11T01:52:28.000Z",
    "lastUpdateTime": "2019-07-11T01:52:28.000Z",
    "auth": 2,
    "uid": "bd-1839088506",
    "publishedVersion": 0,
    "forkFrom": "-",
    "isSpam": 0,
    "version": 1,
    "parentVersion": -1,
    "echartsVersion": "4.2.1",
    "versionCreateTime": "2019-07-11T01:52:28.000Z",
    "html": "",
    "externalScripts": "",
    "updaterUID": "bd-1839088506",
    "theme": "",
    "layout": "",
    "viewCount": 635,
    "userName": "K***锁",
    "commentCount": 0,
    "starCount": 1,
    "isStared": 0,
    "thumbnailURL": "https://www.makeapie.com/ecg-storage/ec_gallery_thumbnail/x4U1Wh0SMr.png?v=1562809949057",
    "isCustomThumbnail": 0,
    "builtinTags": [
        "category-work",
        "geo",
        "series-effectScatter",
        "series-map",
        "tooltip"
    ],
    "customTags": [],
    "updaterUserName": "K***锁"
}