{
    "cid": "x_S2E9SeLc",
    "authorUid": "bd-2939475560",
    "authorUserName": "狂僧鬼谷",
    "title": "使用者占比分析",
    "description": "",
    "latestVersion": 1,
    "alwaysLatest": 1,
    "createTime": "2019-07-09T04:08:32.000Z",
    "lastUpdateTime": "2019-07-09T04:08:32.000Z",
    "auth": 2,
    "uid": "bd-2939475560",
    "publishedVersion": 0,
    "forkFrom": "-",
    "isSpam": 0,
    "version": 1,
    "parentVersion": -1,
    "echartsVersion": "4.2.1",
    "versionCreateTime": "2019-07-09T04:08:32.000Z",
    "html": "",
    "externalScripts": "",
    "updaterUID": "bd-2939475560",
    "theme": "",
    "layout": "",
    "viewCount": 403,
    "userName": "狂僧鬼谷",
    "commentCount": 0,
    "starCount": 0,
    "isStared": 0,
    "thumbnailURL": "https://www.makeapie.com/ecg-storage/ec_gallery_thumbnail/x_S2E9SeLc.png?v=1562645312499",
    "isCustomThumbnail": 0,
    "builtinTags": [
        "category-work",
        "series-pie",
        "title"
    ],
    "customTags": [],
    "updaterUserName": "狂僧鬼谷"
}