{
    "cid": "xEisE9nqWo",
    "authorUid": "bd-4129269411",
    "authorUserName": "1***9",
    "title": "地图上加柱子",
    "description": "",
    "latestVersion": 1,
    "alwaysLatest": 1,
    "createTime": "2019-07-10T09:32:57.000Z",
    "lastUpdateTime": "2019-07-10T09:32:57.000Z",
    "auth": 2,
    "uid": "bd-4129269411",
    "publishedVersion": 0,
    "forkFrom": "-",
    "isSpam": 0,
    "version": 1,
    "parentVersion": -1,
    "echartsVersion": "4.2.1",
    "versionCreateTime": "2019-07-10T09:32:57.000Z",
    "html": "",
    "externalScripts": "https://echarts.baidu.com/resource/echarts-gl-latest/dist/echarts-gl.min.js,/dep/echarts/map/js/china.js",
    "updaterUID": "bd-4129269411",
    "theme": "",
    "layout": "",
    "viewCount": 1812,
    "userName": "1***9",
    "commentCount": 1,
    "starCount": 7,
    "isStared": 0,
    "thumbnailURL": "https://www.makeapie.com/ecg-storage/ec_gallery_thumbnail/xEisE9nqWo.png?v=1562751177673",
    "isCustomThumbnail": 0,
    "builtinTags": [
        "category-work",
        "grid",
        "series-bar",
        "series-map",
        "title",
        "tooltip"
    ],
    "customTags": [],
    "updaterUserName": "1***9"
}