{
    "cid": "xFtEAwGkh6",
    "authorUid": "bd-3985813498",
    "authorUserName": "莫***雾",
    "title": "Awesome Chart",
    "description": "",
    "latestVersion": 1,
    "alwaysLatest": 1,
    "createTime": "2019-07-10T09:37:46.000Z",
    "lastUpdateTime": "2019-07-10T09:37:46.000Z",
    "auth": 2,
    "uid": "bd-3985813498",
    "publishedVersion": 0,
    "forkFrom": "-",
    "isSpam": 0,
    "version": 1,
    "parentVersion": -1,
    "echartsVersion": "4.2.1",
    "versionCreateTime": "2019-07-10T09:37:46.000Z",
    "html": "",
    "externalScripts": "",
    "updaterUID": "bd-3985813498",
    "theme": "",
    "layout": "",
    "viewCount": 7,
    "userName": "莫***雾",
    "commentCount": 0,
    "starCount": 0,
    "isStared": 0,
    "thumbnailURL": "https://www.makeapie.com/ecg-storage/ec_gallery_thumbnail/xFtEAwGkh6.png?v=1562751466792",
    "isCustomThumbnail": 0,
    "builtinTags": [
        "category-work",
        "grid",
        "series-line",
        "title"
    ],
    "customTags": [],
    "updaterUserName": "莫***雾"
}