{
    "cid": "xJSEz4hF4C",
    "authorUid": "bd-3842115868",
    "authorUserName": "缺***可",
    "title": "雷达图",
    "description": "",
    "latestVersion": 3,
    "alwaysLatest": 1,
    "createTime": "2019-07-10T07:52:58.000Z",
    "lastUpdateTime": "2019-07-10T07:52:58.000Z",
    "auth": 2,
    "uid": "bd-3842115868",
    "publishedVersion": 0,
    "forkFrom": "-",
    "isSpam": 0,
    "version": 3,
    "parentVersion": 2,
    "echartsVersion": "4.2.1",
    "versionCreateTime": "2019-07-11T09:58:27.000Z",
    "html": "",
    "externalScripts": "",
    "updaterUID": "bd-3842115868",
    "theme": "",
    "layout": "",
    "viewCount": 191,
    "userName": "缺***可",
    "commentCount": 0,
    "starCount": 0,
    "isStared": 0,
    "thumbnailURL": "https://www.makeapie.com/ecg-storage/ec_gallery_thumbnail/xJSEz4hF4C.png?v=1562839107788",
    "isCustomThumbnail": 0,
    "builtinTags": [
        "category-work",
        "radar",
        "series-radar",
        "title",
        "tooltip"
    ],
    "customTags": [],
    "updaterUserName": "缺***可"
}