{
    "cid": "xm4Lnb1pC5",
    "authorUid": "bd-103587657",
    "authorUserName": "你***迈",
    "title": "",
    "description": "",
    "latestVersion": 1,
    "alwaysLatest": 1,
    "createTime": "2019-07-10T08:27:27.000Z",
    "lastUpdateTime": "2019-07-10T08:27:27.000Z",
    "auth": 2,
    "uid": "bd-103587657",
    "publishedVersion": 0,
    "forkFrom": "-",
    "isSpam": 0,
    "version": 1,
    "parentVersion": -1,
    "echartsVersion": "4.2.1",
    "versionCreateTime": "2019-07-10T08:27:27.000Z",
    "html": "",
    "externalScripts": "",
    "updaterUID": "bd-103587657",
    "theme": "",
    "layout": "",
    "viewCount": 174,
    "userName": "你***迈",
    "commentCount": 0,
    "starCount": 0,
    "isStared": 0,
    "thumbnailURL": "https://www.makeapie.com/ecg-storage/ec_gallery_thumbnail/xm4Lnb1pC5.png?v=1562747247606",
    "isCustomThumbnail": 0,
    "builtinTags": [
        "category-work",
        "series-gauge",
        "tooltip"
    ],
    "customTags": [],
    "updaterUserName": "你***迈"
}