{
    "cid": "xoJa8rTfDT",
    "authorUid": "bd-1899772313",
    "authorUserName": "温***1",
    "title": "停机次数",
    "description": "",
    "latestVersion": 1,
    "alwaysLatest": 1,
    "createTime": "2019-07-11T03:07:38.000Z",
    "lastUpdateTime": "2019-07-11T03:07:38.000Z",
    "auth": 2,
    "uid": "bd-1899772313",
    "publishedVersion": 0,
    "forkFrom": "-",
    "isSpam": 0,
    "version": 1,
    "parentVersion": -1,
    "echartsVersion": "4.2.1",
    "versionCreateTime": "2019-07-11T03:07:38.000Z",
    "html": "",
    "externalScripts": "",
    "updaterUID": "bd-1899772313",
    "theme": "",
    "layout": "",
    "viewCount": 20,
    "userName": "温***1",
    "commentCount": 0,
    "starCount": 0,
    "isStared": 0,
    "thumbnailURL": "https://www.makeapie.com/ecg-storage/ec_gallery_thumbnail/xoJa8rTfDT.png?v=1562814458716",
    "isCustomThumbnail": 0,
    "builtinTags": [
        "category-work",
        "grid",
        "series-bar",
        "title"
    ],
    "customTags": [],
    "updaterUserName": "温***1"
}