{
    "cid": "xwbbjasnr1",
    "authorUid": "bd-3238423161",
    "authorUserName": "l***2",
    "title": "半径小于百分比的不显示label和labelLine",
    "description": "minShowLabelAngle 无法生效的替代方案",
    "latestVersion": 1,
    "alwaysLatest": 1,
    "createTime": "2019-07-11T02:42:38.000Z",
    "lastUpdateTime": "2019-07-11T02:42:38.000Z",
    "auth": 2,
    "uid": "bd-3238423161",
    "publishedVersion": 0,
    "forkFrom": "-",
    "isSpam": 0,
    "version": 1,
    "parentVersion": -1,
    "echartsVersion": "4.2.1",
    "versionCreateTime": "2019-07-11T02:42:38.000Z",
    "html": "",
    "externalScripts": "",
    "updaterUID": "bd-3238423161",
    "theme": "dark",
    "layout": "",
    "viewCount": 185,
    "userName": "l***2",
    "commentCount": 0,
    "starCount": 0,
    "isStared": 0,
    "thumbnailURL": "https://www.makeapie.com/ecg-storage/ec_gallery_thumbnail/xwbbjasnr1.png?v=1562812959056",
    "isCustomThumbnail": 0,
    "builtinTags": [
        "category-work",
        "series-pie",
        "title",
        "tooltip"
    ],
    "customTags": [
        "minShowLabelAngle"
    ],
    "updaterUserName": "l***2"
}