{
    "cid": "xWNNatMQWl",
    "authorUid": "bd-2617406112",
    "authorUserName": "a***9",
    "title": "今日工单情况",
    "description": "今日工单情况-描述123",
    "latestVersion": 5,
    "alwaysLatest": 1,
    "createTime": "2019-07-11T08:32:16.000Z",
    "lastUpdateTime": "2019-07-11T08:32:16.000Z",
    "auth": 2,
    "uid": "bd-2617406112",
    "publishedVersion": 0,
    "forkFrom": "-",
    "isSpam": 0,
    "version": 5,
    "parentVersion": 4,
    "echartsVersion": "4.2.1",
    "versionCreateTime": "2019-07-11T10:03:12.000Z",
    "html": "",
    "externalScripts": "",
    "updaterUID": "bd-2617406112",
    "theme": "",
    "layout": "",
    "viewCount": 68,
    "userName": "a***9",
    "commentCount": 0,
    "starCount": 1,
    "isStared": 0,
    "thumbnailURL": "https://www.makeapie.com/ecg-storage/ec_gallery_thumbnail/xWNNatMQWl.png?v=1562839392651",
    "isCustomThumbnail": 0,
    "builtinTags": [
        "category-work",
        "grid",
        "legend",
        "series-bar",
        "series-line",
        "tooltip"
    ],
    "customTags": [
        "工单"
    ],
    "updaterUserName": "a***9"
}