{
    "cid": "x0x6MCZXpg",
    "authorUid": "obd-oFEwd0joeU2pSH5p5Q4afXJwlY77h5l",
    "authorUserName": "l***孤",
    "title": "多个刻度盘",
    "description": "",
    "latestVersion": 2,
    "alwaysLatest": 1,
    "createTime": "2020-08-12T07:26:48.000Z",
    "lastUpdateTime": "2020-08-12T07:26:48.000Z",
    "auth": 2,
    "uid": "obd-oFEwd0joeU2pSH5p5Q4afXJwlY77h5l",
    "publishedVersion": 0,
    "forkFrom": "-",
    "isSpam": 0,
    "version": 2,
    "parentVersion": 1,
    "echartsVersion": "4.8.0",
    "versionCreateTime": "2020-08-12T08:06:24.000Z",
    "html": "",
    "externalScripts": "",
    "updaterUID": "obd-oFEwd0joeU2pSH5p5Q4afXJwlY77h5l",
    "theme": "",
    "layout": "",
    "viewCount": 376,
    "userName": "l***孤",
    "commentCount": 0,
    "starCount": 1,
    "isStared": 0,
    "thumbnailURL": "https://www.makeapie.com/ecg-storage/ec_gallery_thumbnail/x0x6MCZXpg.png?v=1597219584333",
    "isCustomThumbnail": 0,
    "builtinTags": [
        "category-work",
        "series-gauge",
        "title"
    ],
    "customTags": [],
    "updaterUserName": "l***孤"
}