{
    "cid": "x_o04eVXvs",
    "authorUid": "obd-oCGnck_WqUyz4f6cTCUJy1HORdiw-3s",
    "authorUserName": "暗***溪",
    "title": "区域分布极坐标柱形图",
    "description": "",
    "latestVersion": 2,
    "alwaysLatest": 1,
    "createTime": "2020-08-13T02:43:29.000Z",
    "lastUpdateTime": "2020-08-13T02:43:29.000Z",
    "auth": 2,
    "uid": "obd-oCGnck_WqUyz4f6cTCUJy1HORdiw-3s",
    "publishedVersion": 0,
    "forkFrom": "-",
    "isSpam": 0,
    "version": 2,
    "parentVersion": 1,
    "echartsVersion": "4.8.0",
    "versionCreateTime": "2020-08-13T03:25:52.000Z",
    "html": "",
    "externalScripts": "",
    "updaterUID": "obd-oCGnck_WqUyz4f6cTCUJy1HORdiw-3s",
    "theme": "",
    "layout": "",
    "viewCount": 226,
    "userName": "暗***溪",
    "commentCount": 0,
    "starCount": 3,
    "isStared": 0,
    "thumbnailURL": "https://www.makeapie.com/ecg-storage/ec_gallery_thumbnail/x_o04eVXvs.png?v=1597289152729",
    "isCustomThumbnail": 0,
    "builtinTags": [
        "category-work",
        "polar",
        "series-bar",
        "tooltip",
        "visualMap"
    ],
    "customTags": [],
    "updaterUserName": "暗***溪"
}