{
    "cid": "xcQv4DXuqM",
    "authorUid": "obd-oCGnQDnfUu8YXQHI6e6i7smM6e9Gi3d",
    "authorUserName": "小***n",
    "title": "cssd",
    "description": "",
    "latestVersion": 4,
    "alwaysLatest": 1,
    "createTime": "2020-08-12T09:16:06.000Z",
    "lastUpdateTime": "2020-08-12T09:16:06.000Z",
    "auth": 2,
    "uid": "obd-oCGnQDnfUu8YXQHI6e6i7smM6e9Gi3d",
    "publishedVersion": 0,
    "forkFrom": "-",
    "isSpam": 0,
    "version": 4,
    "parentVersion": 3,
    "echartsVersion": "4.8.0",
    "versionCreateTime": "2020-08-13T03:16:55.000Z",
    "html": "",
    "externalScripts": "",
    "updaterUID": "obd-oCGnQDnfUu8YXQHI6e6i7smM6e9Gi3d",
    "theme": "",
    "layout": "",
    "viewCount": 32,
    "userName": "小***n",
    "commentCount": 0,
    "starCount": 0,
    "isStared": 0,
    "thumbnailURL": "https://www.makeapie.com/ecg-storage/ec_gallery_thumbnail/xcQv4DXuqM.png?v=1597288615717",
    "isCustomThumbnail": 0,
    "builtinTags": [
        "category-work",
        "grid",
        "series-custom",
        "tooltip"
    ],
    "customTags": [],
    "updaterUserName": "小***n"
}