{
    "cid": "xcx6u-iU-z",
    "authorUid": "obd-o-UC5o88ul5OGz8W-zaZWzDKfZPxrAP",
    "authorUserName": "e***8",
    "title": "",
    "description": "",
    "latestVersion": 1,
    "alwaysLatest": 1,
    "createTime": "2020-08-13T07:28:12.000Z",
    "lastUpdateTime": "2020-08-13T07:28:12.000Z",
    "auth": 2,
    "uid": "obd-o-UC5o88ul5OGz8W-zaZWzDKfZPxrAP",
    "publishedVersion": 0,
    "forkFrom": "-",
    "isSpam": 0,
    "version": 1,
    "parentVersion": -1,
    "echartsVersion": "4.8.0",
    "versionCreateTime": "2020-08-13T07:28:12.000Z",
    "html": "",
    "externalScripts": "",
    "updaterUID": "obd-o-UC5o88ul5OGz8W-zaZWzDKfZPxrAP",
    "theme": "",
    "layout": "",
    "viewCount": 118,
    "userName": "e***8",
    "commentCount": 0,
    "starCount": 0,
    "isStared": 0,
    "thumbnailURL": "https://www.makeapie.com/ecg-storage/ec_gallery_thumbnail/xcx6u-iU-z.png?v=1597303692262",
    "isCustomThumbnail": 0,
    "builtinTags": [
        "category-work",
        "grid",
        "legend",
        "series-bar",
        "tooltip"
    ],
    "customTags": [],
    "updaterUserName": "e***8"
}