{
    "cid": "xF_Mc8om87",
    "authorUid": "obd-o0XOREg6bSzjHQS8xQ1Uk0Dn3I9ubFb",
    "authorUserName": "廿***年",
    "title": "横柱子",
    "description": "",
    "latestVersion": 4,
    "alwaysLatest": 1,
    "createTime": "2020-08-13T02:33:16.000Z",
    "lastUpdateTime": "2020-08-13T02:33:16.000Z",
    "auth": 2,
    "uid": "obd-o0XOREg6bSzjHQS8xQ1Uk0Dn3I9ubFb",
    "publishedVersion": 0,
    "forkFrom": "-",
    "isSpam": 0,
    "version": 4,
    "parentVersion": 3,
    "echartsVersion": "4.8.0",
    "versionCreateTime": "2020-08-13T05:33:02.000Z",
    "html": "",
    "externalScripts": "",
    "updaterUID": "obd-o0XOREg6bSzjHQS8xQ1Uk0Dn3I9ubFb",
    "theme": "",
    "layout": "",
    "viewCount": 32,
    "userName": "廿***年",
    "commentCount": 0,
    "starCount": 0,
    "isStared": 0,
    "thumbnailURL": "https://www.makeapie.com/ecg-storage/ec_gallery_thumbnail/xF_Mc8om87.png?v=1597296782485",
    "isCustomThumbnail": 0,
    "builtinTags": [
        "category-work",
        "grid",
        "series-bar",
        "tooltip"
    ],
    "customTags": [],
    "updaterUserName": "廿***年"
}