{
    "cid": "xgzoapuL0t",
    "authorUid": "obd-ojhmrVr7HMv34xoKX5wbXcbj4nEThDB",
    "authorUserName": "咔***尅",
    "title": "单轴比列图",
    "description": "",
    "latestVersion": 1,
    "alwaysLatest": 1,
    "createTime": "2020-08-13T02:41:07.000Z",
    "lastUpdateTime": "2020-08-13T02:41:07.000Z",
    "auth": 2,
    "uid": "obd-ojhmrVr7HMv34xoKX5wbXcbj4nEThDB",
    "publishedVersion": 0,
    "forkFrom": "-",
    "isSpam": 0,
    "version": 1,
    "parentVersion": -1,
    "echartsVersion": "4.8.0",
    "versionCreateTime": "2020-08-13T02:41:07.000Z",
    "html": "",
    "externalScripts": "",
    "updaterUID": "obd-ojhmrVr7HMv34xoKX5wbXcbj4nEThDB",
    "theme": "",
    "layout": "",
    "viewCount": 290,
    "userName": "咔***尅",
    "commentCount": 0,
    "starCount": 1,
    "isStared": 0,
    "thumbnailURL": "https://www.makeapie.com/ecg-storage/ec_gallery_thumbnail/xgzoapuL0t.png?v=1597286468019",
    "isCustomThumbnail": 0,
    "builtinTags": [
        "category-work",
        "grid",
        "series-bar",
        "tooltip"
    ],
    "customTags": [],
    "updaterUserName": "咔***尅"
}