{
    "cid": "xq54YXEN74",
    "authorUid": "obd-oNtDsjgpZ4eOgVrBWYose564qC2dqC7",
    "authorUserName": "4***0",
    "title": "单饼图进度展示",
    "description": "单饼图进度展示",
    "latestVersion": 4,
    "alwaysLatest": 1,
    "createTime": "2020-08-13T02:36:40.000Z",
    "lastUpdateTime": "2021-10-28T08:01:23.000Z",
    "auth": 1,
    "uid": "obd-oNtDsjgpZ4eOgVrBWYose564qC2dqC7",
    "publishedVersion": 0,
    "forkFrom": "-",
    "isSpam": 0,
    "version": 4,
    "parentVersion": 3,
    "echartsVersion": "4.9.0",
    "versionCreateTime": "2021-10-28T08:01:23.000Z",
    "html": "",
    "externalScripts": "",
    "updaterUID": "obd-o2DusSM0H5RtEKMyFGelmG1eqbkk5BF",
    "theme": "",
    "layout": "",
    "viewCount": 54,
    "userName": "4***0",
    "commentCount": 0,
    "starCount": 1,
    "isStared": 0,
    "thumbnailURL": "https://www.makeapie.com/ecg-storage/ec_gallery_thumbnail/xq54YXEN74.png?v=1635408083471",
    "isCustomThumbnail": 0,
    "builtinTags": [
        "category-work",
        "series-pie"
    ],
    "customTags": [],
    "updaterUserName": "l***N"
}