{
    "cid": "xQNlK0J5YK",
    "authorUid": "obd-oC-ckOd58OtDyenzW1lj-oNwP6W5D3r",
    "authorUserName": "t***1",
    "title": "",
    "description": "",
    "latestVersion": 2,
    "alwaysLatest": 1,
    "createTime": "2020-08-12T10:45:09.000Z",
    "lastUpdateTime": "2020-08-12T10:45:09.000Z",
    "auth": 2,
    "uid": "obd-oC-ckOd58OtDyenzW1lj-oNwP6W5D3r",
    "publishedVersion": 0,
    "forkFrom": "-",
    "isSpam": 0,
    "version": 2,
    "parentVersion": 1,
    "echartsVersion": "4.8.0",
    "versionCreateTime": "2020-08-13T01:59:21.000Z",
    "html": "",
    "externalScripts": "",
    "updaterUID": "obd-oC-ckOd58OtDyenzW1lj-oNwP6W5D3r",
    "theme": "",
    "layout": "",
    "viewCount": 80,
    "userName": "t***1",
    "commentCount": 0,
    "starCount": 1,
    "isStared": 0,
    "thumbnailURL": "https://www.makeapie.com/ecg-storage/ec_gallery_thumbnail/xQNlK0J5YK.png?v=1597283961626",
    "isCustomThumbnail": 0,
    "builtinTags": [
        "category-work",
        "grid",
        "legend",
        "series-bar"
    ],
    "customTags": [],
    "updaterUserName": "t***1"
}