{
    "cid": "xR9VNctqpB",
    "authorUid": "obd-olRArVRlELBAkWk64zucA1AILQcfY0i",
    "authorUserName": "9***活",
    "title": "",
    "description": "",
    "latestVersion": 1,
    "alwaysLatest": 1,
    "createTime": "2020-08-13T04:33:25.000Z",
    "lastUpdateTime": "2020-08-13T04:33:25.000Z",
    "auth": 2,
    "uid": "obd-olRArVRlELBAkWk64zucA1AILQcfY0i",
    "publishedVersion": 0,
    "forkFrom": "-",
    "isSpam": 0,
    "version": 1,
    "parentVersion": -1,
    "echartsVersion": "4.8.0",
    "versionCreateTime": "2020-08-13T04:33:25.000Z",
    "html": "",
    "externalScripts": "",
    "updaterUID": "obd-olRArVRlELBAkWk64zucA1AILQcfY0i",
    "theme": "",
    "layout": "",
    "viewCount": 44,
    "userName": "9***活",
    "commentCount": 0,
    "starCount": 0,
    "isStared": 0,
    "thumbnailURL": "https://www.makeapie.com/ecg-storage/ec_gallery_thumbnail/xR9VNctqpB.png?v=1597293205393",
    "isCustomThumbnail": 0,
    "builtinTags": [
        "category-work",
        "grid",
        "legend",
        "series-bar",
        "tooltip"
    ],
    "customTags": [],
    "updaterUserName": "9***活"
}