{
    "cid": "xZ0Z5EQcpr",
    "authorUid": "bd-556576975",
    "authorUserName": "郑***3",
    "title": "",
    "description": "",
    "latestVersion": 1,
    "alwaysLatest": 1,
    "createTime": "2020-08-13T05:12:51.000Z",
    "lastUpdateTime": "2020-08-13T05:12:51.000Z",
    "auth": 2,
    "uid": "bd-556576975",
    "publishedVersion": 0,
    "forkFrom": "-",
    "isSpam": 0,
    "version": 1,
    "parentVersion": -1,
    "echartsVersion": "4.8.0",
    "versionCreateTime": "2020-08-13T05:12:51.000Z",
    "html": "",
    "externalScripts": "",
    "updaterUID": "bd-556576975",
    "theme": "",
    "layout": "",
    "viewCount": 41,
    "userName": "郑***3",
    "commentCount": 0,
    "starCount": 0,
    "isStared": 0,
    "thumbnailURL": "https://www.makeapie.com/ecg-storage/ec_gallery_thumbnail/xZ0Z5EQcpr.png?v=1597295571543",
    "isCustomThumbnail": 0,
    "builtinTags": [
        "category-work",
        "legend",
        "series-pie",
        "tooltip"
    ],
    "customTags": [],
    "updaterUserName": "郑***3"
}