{
    "cid": "xH1S50SMJ7",
    "authorUid": "bd-3543909467",
    "authorUserName": "净悠七七",
    "title": "2015年国内旅游消费结构",
    "description": "数据来源：中国旅游研究院2015旅游市场调查",
    "latestVersion": 2,
    "alwaysLatest": 1,
    "createTime": "2018-05-23T02:14:36.000Z",
    "lastUpdateTime": "2018-05-23T02:14:36.000Z",
    "auth": 2,
    "uid": "bd-3543909467",
    "publishedVersion": 0,
    "forkFrom": "-",
    "isSpam": 0,
    "version": 2,
    "parentVersion": 1,
    "echartsVersion": "4.1.0",
    "versionCreateTime": "2018-05-23T05:02:59.000Z",
    "html": "",
    "externalScripts": "",
    "updaterUID": "bd-3543909467",
    "theme": "",
    "layout": "",
    "viewCount": 217,
    "userName": "净悠七七",
    "commentCount": 0,
    "starCount": 1,
    "isStared": 0,
    "thumbnailURL": "https://www.makeapie.com/ecg-storage/ec_gallery_thumbnail/xH1S50SMJ7.png?v=1527051780012",
    "isCustomThumbnail": 0,
    "builtinTags": [
        "category-work",
        "legend",
        "series-pie",
        "title",
        "toolbox",
        "tooltip"
    ],
    "customTags": [],
    "updaterUserName": "净悠七七"
}