{
    "cid": "xHJaWqD-1Q",
    "authorUid": "bd-2167432574",
    "authorUserName": "堂***布",
    "title": "复合饼图的一种实现",
    "description": "复合饼图的一种实现途径，将其他部分的详细情况展示在环状图中",
    "latestVersion": 2,
    "alwaysLatest": 1,
    "createTime": "2018-05-22T09:59:33.000Z",
    "lastUpdateTime": "2018-05-22T09:59:33.000Z",
    "auth": 1,
    "uid": "bd-2167432574",
    "publishedVersion": 0,
    "forkFrom": "-",
    "isSpam": 0,
    "version": 2,
    "parentVersion": 1,
    "echartsVersion": "4.2.1",
    "versionCreateTime": "2019-07-06T15:24:29.000Z",
    "html": "",
    "externalScripts": "",
    "updaterUID": "bd-3474549409",
    "theme": "",
    "layout": "",
    "viewCount": 1657,
    "userName": "堂***布",
    "commentCount": 0,
    "starCount": 6,
    "isStared": 0,
    "thumbnailURL": "https://www.makeapie.com/ecg-storage/ec_gallery_thumbnail/xHJaWqD-1Q.png?v=1562426669142",
    "isCustomThumbnail": 0,
    "builtinTags": [
        "category-work",
        "series-pie",
        "title",
        "tooltip"
    ],
    "customTags": [],
    "updaterUserName": "j***0"
}