{
    "cid": "xHyWbgM417",
    "authorUid": "bd-404965171",
    "authorUserName": "小***物",
    "title": "食品安全抽检专项分析",
    "description": "dataZoom支持",
    "latestVersion": 6,
    "alwaysLatest": 1,
    "createTime": "2018-05-24T10:12:09.000Z",
    "lastUpdateTime": "2018-05-24T10:12:09.000Z",
    "auth": 2,
    "uid": "bd-404965171",
    "publishedVersion": 0,
    "forkFrom": "-",
    "isSpam": 0,
    "version": 6,
    "parentVersion": 5,
    "echartsVersion": "4.1.0",
    "versionCreateTime": "2018-05-25T02:59:17.000Z",
    "html": "",
    "externalScripts": "",
    "updaterUID": "bd-404965171",
    "theme": "",
    "layout": "",
    "viewCount": 184,
    "userName": "小***物",
    "commentCount": 0,
    "starCount": 0,
    "isStared": 0,
    "thumbnailURL": "https://www.makeapie.com/ecg-storage/ec_gallery_thumbnail/xHyWbgM417.png?v=1527217158015",
    "isCustomThumbnail": 0,
    "builtinTags": [
        "category-work",
        "dataZoom",
        "grid",
        "markPoint",
        "series-scatter",
        "title",
        "toolbox",
        "tooltip",
        "visualMap"
    ],
    "customTags": [],
    "updaterUserName": "小***物"
}