{
    "cid": "xr1NhLIG1X",
    "authorUid": "bd-3977618970",
    "authorUserName": "6161212",
    "title": "Gauge Pie 结合联动",
    "description": "Pie 与 Gauge 结合互动",
    "latestVersion": 1,
    "alwaysLatest": 1,
    "createTime": "2018-05-23T02:49:15.000Z",
    "lastUpdateTime": "2018-05-23T02:51:38.000Z",
    "auth": 2,
    "uid": "bd-3977618970",
    "publishedVersion": 0,
    "forkFrom": "-",
    "isSpam": 0,
    "version": 1,
    "parentVersion": -1,
    "echartsVersion": "4.1.0",
    "versionCreateTime": "2018-05-23T02:49:15.000Z",
    "html": "",
    "externalScripts": "",
    "updaterUID": "bd-3977618970",
    "theme": "vintage",
    "layout": "",
    "viewCount": 2176,
    "userName": "6161212",
    "commentCount": 1,
    "starCount": 12,
    "isStared": 0,
    "thumbnailURL": "https://www.makeapie.com/ecg-storage/ec_gallery_thumbnail/xr1NhLIG1X.png?v=1527043755890",
    "isCustomThumbnail": 0,
    "builtinTags": [],
    "customTags": [],
    "updaterUserName": "6161212"
}