{
    "cid": "xrJdG66Gk7",
    "authorUid": "bd-2839265078",
    "authorUserName": "寂***柔",
    "title": "环形仪表百分比",
    "description": "完成率",
    "latestVersion": 3,
    "alwaysLatest": 1,
    "createTime": "2018-05-23T11:14:23.000Z",
    "lastUpdateTime": "2018-05-23T11:14:23.000Z",
    "auth": 2,
    "uid": "bd-2839265078",
    "publishedVersion": 0,
    "forkFrom": "-",
    "isSpam": 0,
    "version": 3,
    "parentVersion": 2,
    "echartsVersion": "4.1.0",
    "versionCreateTime": "2018-05-24T03:57:52.000Z",
    "html": "",
    "externalScripts": "",
    "updaterUID": "bd-2839265078",
    "theme": "",
    "layout": "",
    "viewCount": 514,
    "userName": "寂***柔",
    "commentCount": 0,
    "starCount": 1,
    "isStared": 0,
    "thumbnailURL": "https://www.makeapie.com/ecg-storage/ec_gallery_thumbnail/xrJdG66Gk7.png?v=1527134272377",
    "isCustomThumbnail": 0,
    "builtinTags": [
        "category-work",
        "series-pie"
    ],
    "customTags": [
        "环形仪表",
        "百分比"
    ],
    "updaterUserName": "寂***柔"
}