{
    "cid": "xrkQ5HBzJX",
    "authorUid": "bd-1460365235",
    "authorUserName": "Empzjc",
    "title": "不等距效果",
    "description": "",
    "latestVersion": 3,
    "alwaysLatest": 1,
    "createTime": "2018-05-23T01:36:10.000Z",
    "lastUpdateTime": "2018-05-23T01:36:10.000Z",
    "auth": 2,
    "uid": "bd-1460365235",
    "publishedVersion": 0,
    "forkFrom": "-",
    "isSpam": 0,
    "version": 3,
    "parentVersion": 2,
    "echartsVersion": "4.1.0",
    "versionCreateTime": "2018-05-23T01:44:07.000Z",
    "html": "",
    "externalScripts": "",
    "updaterUID": "bd-1460365235",
    "theme": "",
    "layout": "",
    "viewCount": 24,
    "userName": "Empzjc",
    "commentCount": 0,
    "starCount": 0,
    "isStared": 0,
    "thumbnailURL": "https://www.makeapie.com/ecg-storage/ec_gallery_thumbnail/xrkQ5HBzJX.png?v=1527039848019",
    "isCustomThumbnail": 0,
    "builtinTags": [
        "category-work",
        "grid",
        "legend",
        "series-bar",
        "tooltip"
    ],
    "customTags": [],
    "updaterUserName": "Empzjc"
}