{
    "cid": "xS1-Ufl1k7",
    "authorUid": "bd-980391124",
    "authorUserName": "138*****750",
    "title": "柱状+曲线",
    "description": "",
    "latestVersion": 14,
    "alwaysLatest": 1,
    "createTime": "2018-05-20T13:04:09.000Z",
    "lastUpdateTime": "2018-05-20T13:04:09.000Z",
    "auth": 2,
    "uid": "bd-980391124",
    "publishedVersion": 0,
    "forkFrom": "-",
    "isSpam": 0,
    "version": 14,
    "parentVersion": 13,
    "echartsVersion": "4.1.0",
    "versionCreateTime": "2018-05-21T14:46:58.000Z",
    "html": "",
    "externalScripts": "",
    "updaterUID": "bd-980391124",
    "theme": "",
    "layout": "",
    "viewCount": 393,
    "userName": "138*****750",
    "commentCount": 0,
    "starCount": 2,
    "isStared": 0,
    "thumbnailURL": "https://www.makeapie.com/ecg-storage/ec_gallery_thumbnail/xS1-Ufl1k7.png?v=1526914018680",
    "isCustomThumbnail": 0,
    "builtinTags": [
        "category-work",
        "grid",
        "legend",
        "series-bar",
        "series-line",
        "toolbox"
    ],
    "customTags": [],
    "updaterUserName": "138*****750"
}