{
    "cid": "xS1M891ZkQ",
    "authorUid": "bd-3759571704",
    "authorUserName": "d***1",
    "title": "动态图表 动图 timeline ",
    "description": "柴油机轴瓦流体动力学计算结果",
    "latestVersion": 1,
    "alwaysLatest": 1,
    "createTime": "2018-05-22T00:54:33.000Z",
    "lastUpdateTime": "2018-05-22T00:54:33.000Z",
    "auth": 2,
    "uid": "bd-3759571704",
    "publishedVersion": 0,
    "forkFrom": "-",
    "isSpam": 0,
    "version": 1,
    "parentVersion": -1,
    "echartsVersion": "4.1.0",
    "versionCreateTime": "2018-05-22T00:54:34.000Z",
    "html": "",
    "externalScripts": "",
    "updaterUID": "bd-3759571704",
    "theme": "",
    "layout": "",
    "viewCount": 431,
    "userName": "d***1",
    "commentCount": 0,
    "starCount": 2,
    "isStared": 0,
    "thumbnailURL": "https://www.makeapie.com/ecg-storage/ec_gallery_thumbnail/xS1M891ZkQ.png?v=1526950474088",
    "isCustomThumbnail": 0,
    "builtinTags": [
        "category-work",
        "grid",
        "legend",
        "series-bar",
        "timeline",
        "title",
        "tooltip"
    ],
    "customTags": [],
    "updaterUserName": "d***1"
}