{
    "cid": "xSJT5UdWyX",
    "authorUid": "bd-72754128",
    "authorUserName": "kingdom_Dan",
    "title": "学习1",
    "description": "学习1",
    "latestVersion": 1,
    "alwaysLatest": 1,
    "createTime": "2018-05-22T10:53:08.000Z",
    "lastUpdateTime": "2018-05-22T10:53:08.000Z",
    "auth": 2,
    "uid": "bd-72754128",
    "publishedVersion": 0,
    "forkFrom": "-",
    "isSpam": 0,
    "version": 1,
    "parentVersion": -1,
    "echartsVersion": "4.1.0",
    "versionCreateTime": "2018-05-22T10:53:09.000Z",
    "html": "",
    "externalScripts": "/dep/echarts/map/js/china.js",
    "updaterUID": "bd-72754128",
    "theme": "",
    "layout": "",
    "viewCount": 1220,
    "userName": "kingdom_Dan",
    "commentCount": 0,
    "starCount": 4,
    "isStared": 0,
    "thumbnailURL": "https://www.makeapie.com/ecg-storage/ec_gallery_thumbnail/xSJT5UdWyX.png?v=1526986389187",
    "isCustomThumbnail": 0,
    "builtinTags": [
        "category-work",
        "geo",
        "grid",
        "series-bar",
        "series-map",
        "tooltip",
        "visualMap"
    ],
    "customTags": [],
    "updaterUserName": "kingdom_Dan"
}