{
    "cid": "xSJx7l9TRf",
    "authorUid": "bd-4080787962",
    "authorUserName": "星***3",
    "title": "不同运动项目训练热度统计图",
    "description": "用以描述成员在不同项目上的锻炼时长与喜爱程度",
    "latestVersion": 6,
    "alwaysLatest": 1,
    "createTime": "2018-05-19T11:52:56.000Z",
    "lastUpdateTime": "2018-05-19T11:52:56.000Z",
    "auth": 2,
    "uid": "bd-4080787962",
    "publishedVersion": 0,
    "forkFrom": "-",
    "isSpam": 0,
    "version": 6,
    "parentVersion": 5,
    "echartsVersion": "4.1.0",
    "versionCreateTime": "2018-05-19T12:53:32.000Z",
    "html": "",
    "externalScripts": "",
    "updaterUID": "bd-4080787962",
    "theme": "",
    "layout": "",
    "viewCount": 84,
    "userName": "星***3",
    "commentCount": 0,
    "starCount": 0,
    "isStared": 0,
    "thumbnailURL": "https://www.makeapie.com/ecg-storage/ec_gallery_thumbnail/xSJx7l9TRf.png?v=1526734413014",
    "isCustomThumbnail": 0,
    "builtinTags": [
        "category-work",
        "legend",
        "radar",
        "series-radar",
        "title",
        "tooltip"
    ],
    "customTags": [],
    "updaterUserName": "星***3"
}