{
    "cid": "xSyqGdtM1Q",
    "authorUid": "bd-1565178401",
    "authorUserName": "MirFreenice",
    "title": "柱形图",
    "description": "关系特征词",
    "latestVersion": 2,
    "alwaysLatest": 1,
    "createTime": "2018-05-23T06:20:02.000Z",
    "lastUpdateTime": "2018-05-23T06:20:02.000Z",
    "auth": 2,
    "uid": "bd-1565178401",
    "publishedVersion": 0,
    "forkFrom": "-",
    "isSpam": 0,
    "version": 2,
    "parentVersion": 1,
    "echartsVersion": "4.1.0",
    "versionCreateTime": "2018-05-23T06:22:58.000Z",
    "html": "",
    "externalScripts": "",
    "updaterUID": "bd-1565178401",
    "theme": "",
    "layout": "",
    "viewCount": 50,
    "userName": "MirFreenice",
    "commentCount": 0,
    "starCount": 0,
    "isStared": 0,
    "thumbnailURL": "https://www.makeapie.com/ecg-storage/ec_gallery_thumbnail/xSyqGdtM1Q.png?v=1527056578932",
    "isCustomThumbnail": 0,
    "builtinTags": [
        "category-work",
        "grid",
        "legend",
        "series-bar",
        "title",
        "tooltip"
    ],
    "customTags": [],
    "updaterUserName": "MirFreenice"
}