{
    "cid": "x6MGSZIho4",
    "authorUid": "bd-3259090913",
    "authorUserName": "b***m",
    "title": "",
    "description": "",
    "latestVersion": 2,
    "alwaysLatest": 1,
    "createTime": "2019-08-29T20:13:29.000Z",
    "lastUpdateTime": "2019-08-29T20:13:29.000Z",
    "auth": 2,
    "uid": "bd-3259090913",
    "publishedVersion": 0,
    "forkFrom": "-",
    "isSpam": 0,
    "version": 2,
    "parentVersion": 1,
    "echartsVersion": "4.2.1",
    "versionCreateTime": "2019-08-29T20:28:48.000Z",
    "html": "",
    "externalScripts": "",
    "updaterUID": "bd-3259090913",
    "theme": "",
    "layout": "",
    "viewCount": 474,
    "userName": "b***m",
    "commentCount": 0,
    "starCount": 0,
    "isStared": 0,
    "thumbnailURL": "https://www.makeapie.com/ecg-storage/ec_gallery_thumbnail/x6MGSZIho4.png?v=1567110528437",
    "isCustomThumbnail": 0,
    "builtinTags": [
        "category-work",
        "series-funnel"
    ],
    "customTags": [],
    "updaterUserName": "b***m"
}