{
    "cid": "x9QAx07lyl",
    "authorUid": "bd-3678937452",
    "authorUserName": "宫***幻",
    "title": "山东地图",
    "description": "山东",
    "latestVersion": 3,
    "alwaysLatest": 1,
    "createTime": "2019-08-29T07:39:14.000Z",
    "lastUpdateTime": "2019-08-29T07:39:14.000Z",
    "auth": 2,
    "uid": "bd-3678937452",
    "publishedVersion": 0,
    "forkFrom": "-",
    "isSpam": 0,
    "version": 3,
    "parentVersion": 2,
    "echartsVersion": "4.2.1",
    "versionCreateTime": "2019-08-29T07:40:34.000Z",
    "html": "",
    "externalScripts": "",
    "updaterUID": "bd-3678937452",
    "theme": "",
    "layout": "",
    "viewCount": 328,
    "userName": "宫***幻",
    "commentCount": 0,
    "starCount": 1,
    "isStared": 0,
    "thumbnailURL": "https://www.makeapie.com/ecg-storage/ec_gallery_thumbnail/x9QAx07lyl.png?v=1567064434461",
    "isCustomThumbnail": 0,
    "builtinTags": [
        "category-work",
        "geo",
        "series-scatter",
        "title",
        "tooltip"
    ],
    "customTags": [],
    "updaterUserName": "宫***幻"
}