{
    "cid": "xCwTE__Fmn",
    "authorUid": "bd-1497446243",
    "authorUserName": "唯***生",
    "title": "圆环图 自定义label",
    "description": "",
    "latestVersion": 6,
    "alwaysLatest": 1,
    "createTime": "2019-08-28T06:39:44.000Z",
    "lastUpdateTime": "2019-08-28T06:39:44.000Z",
    "auth": 2,
    "uid": "bd-1497446243",
    "publishedVersion": 0,
    "forkFrom": "-",
    "isSpam": 0,
    "version": 6,
    "parentVersion": 5,
    "echartsVersion": "4.8.0",
    "versionCreateTime": "2020-10-09T05:51:49.000Z",
    "html": "",
    "externalScripts": "",
    "updaterUID": "bd-1497446243",
    "theme": "",
    "layout": "",
    "viewCount": 137,
    "userName": "唯***生",
    "commentCount": 0,
    "starCount": 0,
    "isStared": 0,
    "thumbnailURL": "https://www.makeapie.com/ecg-storage/ec_gallery_thumbnail/xCwTE__Fmn.png?v=1602222710034",
    "isCustomThumbnail": 0,
    "builtinTags": [
        "category-work",
        "series-pie",
        "title"
    ],
    "customTags": [],
    "updaterUserName": "唯***生"
}