{
    "cid": "xEd9MWWuZh",
    "authorUid": "bd-2741402128",
    "authorUserName": "慕***晨",
    "title": "柱状图",
    "description": "",
    "latestVersion": 1,
    "alwaysLatest": 1,
    "createTime": "2019-08-28T07:57:45.000Z",
    "lastUpdateTime": "2019-08-28T07:57:45.000Z",
    "auth": 2,
    "uid": "bd-2741402128",
    "publishedVersion": 0,
    "forkFrom": "-",
    "isSpam": 0,
    "version": 1,
    "parentVersion": -1,
    "echartsVersion": "4.2.1",
    "versionCreateTime": "2019-08-28T07:57:45.000Z",
    "html": "",
    "externalScripts": "",
    "updaterUID": "bd-2741402128",
    "theme": "",
    "layout": "",
    "viewCount": 101,
    "userName": "慕***晨",
    "commentCount": 0,
    "starCount": 3,
    "isStared": 0,
    "thumbnailURL": "https://www.makeapie.com/ecg-storage/ec_gallery_thumbnail/xEd9MWWuZh.png?v=1566979065666",
    "isCustomThumbnail": 0,
    "builtinTags": [
        "category-work",
        "grid",
        "legend",
        "series-bar",
        "title"
    ],
    "customTags": [],
    "updaterUserName": "慕***晨"
}