{
    "cid": "xFlHNWo0vc",
    "authorUid": "bd-2101217541",
    "authorUserName": "蝶***海",
    "title": "饼图",
    "description": "自用",
    "latestVersion": 2,
    "alwaysLatest": 1,
    "createTime": "2019-08-29T03:04:34.000Z",
    "lastUpdateTime": "2019-08-29T03:04:34.000Z",
    "auth": 2,
    "uid": "bd-2101217541",
    "publishedVersion": 0,
    "forkFrom": "-",
    "isSpam": 0,
    "version": 2,
    "parentVersion": 1,
    "echartsVersion": "4.2.1",
    "versionCreateTime": "2019-08-29T08:04:16.000Z",
    "html": "",
    "externalScripts": "",
    "updaterUID": "bd-2101217541",
    "theme": "",
    "layout": "",
    "viewCount": 97,
    "userName": "蝶***海",
    "commentCount": 0,
    "starCount": 0,
    "isStared": 0,
    "thumbnailURL": "https://www.makeapie.com/ecg-storage/ec_gallery_thumbnail/xFlHNWo0vc.png?v=1567065857076",
    "isCustomThumbnail": 0,
    "builtinTags": [
        "category-work",
        "legend",
        "series-pie",
        "title",
        "tooltip"
    ],
    "customTags": [],
    "updaterUserName": "蝶***海"
}