{
    "cid": "xIeFt_f5rb",
    "authorUid": "bd-2167339596",
    "authorUserName": "x***x",
    "title": "正负图",
    "description": "",
    "latestVersion": 1,
    "alwaysLatest": 1,
    "createTime": "2019-08-29T07:44:42.000Z",
    "lastUpdateTime": "2019-08-29T07:44:42.000Z",
    "auth": 2,
    "uid": "bd-2167339596",
    "publishedVersion": 0,
    "forkFrom": "-",
    "isSpam": 0,
    "version": 1,
    "parentVersion": -1,
    "echartsVersion": "4.2.1",
    "versionCreateTime": "2019-08-29T07:44:42.000Z",
    "html": "",
    "externalScripts": "",
    "updaterUID": "bd-2167339596",
    "theme": "",
    "layout": "",
    "viewCount": 42,
    "userName": "x***x",
    "commentCount": 0,
    "starCount": 0,
    "isStared": 0,
    "thumbnailURL": "https://www.makeapie.com/ecg-storage/ec_gallery_thumbnail/xIeFt_f5rb.png?v=1567064682217",
    "isCustomThumbnail": 0,
    "builtinTags": [
        "category-work",
        "grid",
        "series-bar"
    ],
    "customTags": [],
    "updaterUserName": "x***x"
}