{
    "cid": "xiuaOksZ8L",
    "authorUid": "bd-101698999",
    "authorUserName": "Z***8",
    "title": "借官方关系图尝试下屏蔽鼠标滑过 links 时弹出的提示框",
    "description": "关键点：params.dataType",
    "latestVersion": 1,
    "alwaysLatest": 1,
    "createTime": "2019-08-28T08:33:57.000Z",
    "lastUpdateTime": "2019-08-28T08:33:57.000Z",
    "auth": 2,
    "uid": "bd-101698999",
    "publishedVersion": 0,
    "forkFrom": "-",
    "isSpam": 0,
    "version": 1,
    "parentVersion": -1,
    "echartsVersion": "4.2.1",
    "versionCreateTime": "2019-08-28T08:33:57.000Z",
    "html": "",
    "externalScripts": "/dep/echarts/latest/extension/dataTool.min.js",
    "updaterUID": "bd-101698999",
    "theme": "",
    "layout": "",
    "viewCount": 569,
    "userName": "Z***8",
    "commentCount": 0,
    "starCount": 3,
    "isStared": 0,
    "thumbnailURL": "https://www.makeapie.com/ecg-storage/ec_gallery_thumbnail/xiuaOksZ8L.png?v=1566981237345",
    "isCustomThumbnail": 0,
    "builtinTags": [
        "category-work",
        "legend",
        "series-graph",
        "title",
        "tooltip"
    ],
    "customTags": [
        "paramsdataType"
    ],
    "updaterUserName": "Z***8"
}