{
    "cid": "xKW0GMGJhk",
    "authorUid": "bd-90050728",
    "authorUserName": "刘***6",
    "title": "两个地图之间飞线效果",
    "description": "",
    "latestVersion": 4,
    "alwaysLatest": 1,
    "createTime": "2019-08-28T09:26:13.000Z",
    "lastUpdateTime": "2019-08-28T09:26:13.000Z",
    "auth": 2,
    "uid": "bd-90050728",
    "publishedVersion": 0,
    "forkFrom": "-",
    "isSpam": 0,
    "version": 4,
    "parentVersion": 3,
    "echartsVersion": "4.2.1",
    "versionCreateTime": "2019-08-28T09:44:11.000Z",
    "html": "",
    "externalScripts": "/dep/echarts/map/js/china.js,https://gallery.echartsjs.com/asset/get/s/data-1566958417505-FcloeE6NL.js,https://gallery.echartsjs.com/asset/get/s/data-1566970916860-cwFZaRQbO.js",
    "updaterUID": "bd-90050728",
    "theme": "",
    "layout": "",
    "viewCount": 2079,
    "userName": "刘***6",
    "commentCount": 1,
    "starCount": 21,
    "isStared": 0,
    "thumbnailURL": "https://www.makeapie.com/ecg-storage/ec_gallery_thumbnail/xKW0GMGJhk.png?v=1566985451578",
    "isCustomThumbnail": 0,
    "builtinTags": [
        "category-work",
        "geo",
        "grid",
        "series-lines",
        "series-scatter",
        "title"
    ],
    "customTags": [],
    "updaterUserName": "刘***6"
}