{
    "cid": "xlqsm_OeKc",
    "authorUid": "bd-90050728",
    "authorUserName": "刘***6",
    "title": "真正的图表联动",
    "description": "真正的图表联动",
    "latestVersion": 1,
    "alwaysLatest": 1,
    "createTime": "2019-08-29T09:41:48.000Z",
    "lastUpdateTime": "2019-08-29T09:41:48.000Z",
    "auth": 2,
    "uid": "bd-90050728",
    "publishedVersion": 0,
    "forkFrom": "-",
    "isSpam": 0,
    "version": 1,
    "parentVersion": -1,
    "echartsVersion": "4.2.1",
    "versionCreateTime": "2019-08-29T09:41:48.000Z",
    "html": "",
    "externalScripts": "",
    "updaterUID": "bd-90050728",
    "theme": "",
    "layout": "",
    "viewCount": 155,
    "userName": "刘***6",
    "commentCount": 0,
    "starCount": 2,
    "isStared": 0,
    "thumbnailURL": "https://www.makeapie.com/ecg-storage/ec_gallery_thumbnail/xlqsm_OeKc.png?v=1567071708956",
    "isCustomThumbnail": 1,
    "builtinTags": [
        "category-work"
    ],
    "customTags": [],
    "updaterUserName": "刘***6"
}