{
    "cid": "xm066EDdXu",
    "authorUid": "bd-3084140089",
    "authorUserName": "w***猫",
    "title": "对比柱状图",
    "description": "对比柱状图",
    "latestVersion": 1,
    "alwaysLatest": 1,
    "createTime": "2019-08-29T10:02:57.000Z",
    "lastUpdateTime": "2019-08-29T10:02:57.000Z",
    "auth": 2,
    "uid": "bd-3084140089",
    "publishedVersion": 0,
    "forkFrom": "-",
    "isSpam": 0,
    "version": 1,
    "parentVersion": -1,
    "echartsVersion": "4.2.1",
    "versionCreateTime": "2019-08-29T10:02:57.000Z",
    "html": "",
    "externalScripts": "",
    "updaterUID": "bd-3084140089",
    "theme": "",
    "layout": "",
    "viewCount": 675,
    "userName": "w***猫",
    "commentCount": 0,
    "starCount": 6,
    "isStared": 0,
    "thumbnailURL": "https://www.makeapie.com/ecg-storage/ec_gallery_thumbnail/xm066EDdXu.png?v=1567072977353",
    "isCustomThumbnail": 0,
    "builtinTags": [
        "category-work",
        "grid",
        "legend",
        "series-bar",
        "tooltip"
    ],
    "customTags": [],
    "updaterUserName": "w***猫"
}