{
    "cid": "xNRwT9kGrG",
    "authorUid": "bd-2101217541",
    "authorUserName": "蝶***海",
    "title": "横向柱状图",
    "description": "存着以后用的",
    "latestVersion": 1,
    "alwaysLatest": 1,
    "createTime": "2019-08-28T06:52:12.000Z",
    "lastUpdateTime": "2019-08-28T06:52:12.000Z",
    "auth": 1,
    "uid": "bd-2101217541",
    "publishedVersion": 0,
    "forkFrom": "-",
    "isSpam": 0,
    "version": 1,
    "parentVersion": -1,
    "echartsVersion": "4.2.1",
    "versionCreateTime": "2019-08-28T06:52:12.000Z",
    "html": "",
    "externalScripts": "",
    "updaterUID": "bd-2101217541",
    "theme": "",
    "layout": "",
    "viewCount": 60,
    "userName": "蝶***海",
    "commentCount": 0,
    "starCount": 2,
    "isStared": 0,
    "thumbnailURL": "https://www.makeapie.com/ecg-storage/ec_gallery_thumbnail/xNRwT9kGrG.png?v=1566975132793",
    "isCustomThumbnail": 0,
    "builtinTags": [
        "category-work",
        "grid",
        "series-bar"
    ],
    "customTags": [
        "bar"
    ],
    "updaterUserName": "蝶***海"
}