{
    "cid": "xqbEqADYvY",
    "authorUid": "bd-2101217541",
    "authorUserName": "蝶***海",
    "title": "折线图",
    "description": "",
    "latestVersion": 3,
    "alwaysLatest": 1,
    "createTime": "2019-08-29T07:55:57.000Z",
    "lastUpdateTime": "2019-08-29T07:55:57.000Z",
    "auth": 2,
    "uid": "bd-2101217541",
    "publishedVersion": 0,
    "forkFrom": "-",
    "isSpam": 0,
    "version": 3,
    "parentVersion": 2,
    "echartsVersion": "4.2.1",
    "versionCreateTime": "2019-09-03T09:13:48.000Z",
    "html": "",
    "externalScripts": "",
    "updaterUID": "bd-2101217541",
    "theme": "",
    "layout": "",
    "viewCount": 38,
    "userName": "蝶***海",
    "commentCount": 0,
    "starCount": 0,
    "isStared": 0,
    "thumbnailURL": "https://www.makeapie.com/ecg-storage/ec_gallery_thumbnail/xqbEqADYvY.png?v=1567502028286",
    "isCustomThumbnail": 0,
    "builtinTags": [
        "category-work",
        "grid",
        "legend",
        "series-line",
        "tooltip"
    ],
    "customTags": [],
    "updaterUserName": "蝶***海"
}