{
    "cid": "xRl9gzSkp2",
    "authorUid": "bd-90050728",
    "authorUserName": "刘***6",
    "title": "中国地图精确到地市",
    "description": "中国地图精确到地市",
    "latestVersion": 4,
    "alwaysLatest": 1,
    "createTime": "2019-08-28T12:30:17.000Z",
    "lastUpdateTime": "2019-08-28T12:30:17.000Z",
    "auth": 2,
    "uid": "bd-90050728",
    "publishedVersion": 0,
    "forkFrom": "-",
    "isSpam": 0,
    "version": 4,
    "parentVersion": 3,
    "echartsVersion": "4.2.1",
    "versionCreateTime": "2019-08-30T01:36:01.000Z",
    "html": "",
    "externalScripts": "/dep/echarts/map/js/china.js",
    "updaterUID": "bd-90050728",
    "theme": "",
    "layout": "",
    "viewCount": 129,
    "userName": "刘***6",
    "commentCount": 0,
    "starCount": 0,
    "isStared": 0,
    "thumbnailURL": "https://www.makeapie.com/ecg-storage/ec_gallery_thumbnail/xRl9gzSkp2.png?v=1567128961322",
    "isCustomThumbnail": 0,
    "builtinTags": [
        "category-work",
        "geo",
        "title"
    ],
    "customTags": [],
    "updaterUserName": "刘***6"
}