{
    "cid": "xSSPmmxpT4",
    "authorUid": "bd-90050728",
    "authorUserName": "刘***6",
    "title": "牛鼻的柱状图",
    "description": "牛鼻的柱状图",
    "latestVersion": 3,
    "alwaysLatest": 1,
    "createTime": "2019-08-29T11:07:54.000Z",
    "lastUpdateTime": "2019-08-29T11:07:54.000Z",
    "auth": 2,
    "uid": "bd-90050728",
    "publishedVersion": 0,
    "forkFrom": "-",
    "isSpam": 0,
    "version": 3,
    "parentVersion": 2,
    "echartsVersion": "4.2.1",
    "versionCreateTime": "2019-08-30T03:18:21.000Z",
    "html": "",
    "externalScripts": "",
    "updaterUID": "bd-90050728",
    "theme": "",
    "layout": "",
    "viewCount": 78,
    "userName": "刘***6",
    "commentCount": 0,
    "starCount": 0,
    "isStared": 0,
    "thumbnailURL": "https://www.makeapie.com/ecg-storage/ec_gallery_thumbnail/xSSPmmxpT4.png?v=1567076874388",
    "isCustomThumbnail": 1,
    "builtinTags": [
        "category-work",
        "dataset",
        "grid",
        "legend",
        "series-bar",
        "title",
        "tooltip"
    ],
    "customTags": [],
    "updaterUserName": "刘***6"
}