{
    "cid": "xumE2GcwN6",
    "authorUid": "bd-1631648030",
    "authorUserName": "鈽***鈩",
    "title": "双折线图",
    "description": "标题 图例移动",
    "latestVersion": 2,
    "alwaysLatest": 1,
    "createTime": "2019-08-29T07:03:19.000Z",
    "lastUpdateTime": "2019-08-29T07:03:19.000Z",
    "auth": 2,
    "uid": "bd-1631648030",
    "publishedVersion": 0,
    "forkFrom": "-",
    "isSpam": 0,
    "version": 2,
    "parentVersion": 1,
    "echartsVersion": "4.2.1",
    "versionCreateTime": "2019-08-29T07:26:04.000Z",
    "html": "",
    "externalScripts": "",
    "updaterUID": "bd-1631648030",
    "theme": "",
    "layout": "",
    "viewCount": 99,
    "userName": "鈽***鈩",
    "commentCount": 0,
    "starCount": 0,
    "isStared": 0,
    "thumbnailURL": "https://www.makeapie.com/ecg-storage/ec_gallery_thumbnail/xumE2GcwN6.png?v=1567063565008",
    "isCustomThumbnail": 0,
    "builtinTags": [
        "category-work",
        "grid",
        "legend",
        "series-line",
        "title",
        "tooltip"
    ],
    "customTags": [],
    "updaterUserName": "鈽***鈩"
}