{
    "cid": "xycX4uxYQT",
    "authorUid": "bd-729462903",
    "authorUserName": "C***c",
    "title": "湖北",
    "description": "",
    "latestVersion": 3,
    "alwaysLatest": 1,
    "createTime": "2019-08-28T06:58:53.000Z",
    "lastUpdateTime": "2019-08-28T06:58:53.000Z",
    "auth": 2,
    "uid": "bd-729462903",
    "publishedVersion": 0,
    "forkFrom": "-",
    "isSpam": 0,
    "version": 3,
    "parentVersion": 2,
    "echartsVersion": "4.2.1",
    "versionCreateTime": "2019-08-28T08:59:27.000Z",
    "html": "",
    "externalScripts": "",
    "updaterUID": "bd-729462903",
    "theme": "",
    "layout": "",
    "viewCount": 400,
    "userName": "C***c",
    "commentCount": 0,
    "starCount": 2,
    "isStared": 0,
    "thumbnailURL": "https://www.makeapie.com/ecg-storage/ec_gallery_thumbnail/xycX4uxYQT.png?v=1566982767414",
    "isCustomThumbnail": 0,
    "builtinTags": [
        "category-work",
        "geo",
        "series-effectScatter",
        "series-map",
        "title",
        "tooltip",
        "visualMap"
    ],
    "customTags": [],
    "updaterUserName": "C***c"
}