{
    "cid": "xYqF0nSdjs",
    "authorUid": "bd-2505828528",
    "authorUserName": "是***卿",
    "title": "水波浪",
    "description": "",
    "latestVersion": 1,
    "alwaysLatest": 1,
    "createTime": "2019-08-28T10:20:37.000Z",
    "lastUpdateTime": "2019-08-28T10:20:37.000Z",
    "auth": 2,
    "uid": "bd-2505828528",
    "publishedVersion": 0,
    "forkFrom": "-",
    "isSpam": 0,
    "version": 1,
    "parentVersion": -1,
    "echartsVersion": "4.2.1",
    "versionCreateTime": "2019-08-28T10:20:37.000Z",
    "html": "",
    "externalScripts": "",
    "updaterUID": "bd-2505828528",
    "theme": "",
    "layout": "",
    "viewCount": 19,
    "userName": "是***卿",
    "commentCount": 0,
    "starCount": 0,
    "isStared": 0,
    "thumbnailURL": "https://www.makeapie.com/ecg-storage/ec_gallery_thumbnail/xYqF0nSdjs.png?v=1566987637335",
    "isCustomThumbnail": 0,
    "builtinTags": [
        "category-work",
        "grid",
        "series-line",
        "title"
    ],
    "customTags": [],
    "updaterUserName": "是***卿"
}