{
    "cid": "xZ6heVul3o",
    "authorUid": "bd-3677049418",
    "authorUserName": "c***e",
    "title": "实时配送",
    "description": "",
    "latestVersion": 1,
    "alwaysLatest": 1,
    "createTime": "2019-08-29T13:27:00.000Z",
    "lastUpdateTime": "2019-08-29T13:27:00.000Z",
    "auth": 2,
    "uid": "bd-3677049418",
    "publishedVersion": 0,
    "forkFrom": "-",
    "isSpam": 0,
    "version": 1,
    "parentVersion": -1,
    "echartsVersion": "4.2.1",
    "versionCreateTime": "2019-08-29T13:27:00.000Z",
    "html": "",
    "externalScripts": "",
    "updaterUID": "bd-3677049418",
    "theme": "",
    "layout": "",
    "viewCount": 385,
    "userName": "c***e",
    "commentCount": 0,
    "starCount": 1,
    "isStared": 0,
    "thumbnailURL": "https://www.makeapie.com/ecg-storage/ec_gallery_thumbnail/xZ6heVul3o.png?v=1567085220524",
    "isCustomThumbnail": 0,
    "builtinTags": [
        "category-work",
        "geo",
        "series-effectScatter",
        "series-lines",
        "title",
        "tooltip",
        "visualMap"
    ],
    "customTags": [],
    "updaterUserName": "c***e"
}