{
    "cid": "xzeV24EtS-",
    "authorUid": "bd-3658046543",
    "authorUserName": "秦***1",
    "title": "多个bar同时显示",
    "description": "",
    "latestVersion": 1,
    "alwaysLatest": 1,
    "createTime": "2019-08-28T07:17:46.000Z",
    "lastUpdateTime": "2019-08-28T07:17:46.000Z",
    "auth": 2,
    "uid": "bd-3658046543",
    "publishedVersion": 0,
    "forkFrom": "-",
    "isSpam": 0,
    "version": 1,
    "parentVersion": -1,
    "echartsVersion": "4.2.1",
    "versionCreateTime": "2019-08-28T07:17:46.000Z",
    "html": "",
    "externalScripts": "",
    "updaterUID": "bd-3658046543",
    "theme": "",
    "layout": "",
    "viewCount": 39,
    "userName": "秦***1",
    "commentCount": 0,
    "starCount": 0,
    "isStared": 0,
    "thumbnailURL": "https://www.makeapie.com/ecg-storage/ec_gallery_thumbnail/xzeV24EtS-.png?v=1566976666181",
    "isCustomThumbnail": 0,
    "builtinTags": [
        "category-work",
        "grid",
        "legend",
        "series-bar",
        "tooltip"
    ],
    "customTags": [],
    "updaterUserName": "秦***1"
}