{
    "cid": "xzrhdD1F-Z",
    "authorUid": "bd-2332969606",
    "authorUserName": "1***生",
    "title": "关于rich 的数据处理后渲染",
    "description": "",
    "latestVersion": 1,
    "alwaysLatest": 1,
    "createTime": "2019-08-29T07:23:21.000Z",
    "lastUpdateTime": "2019-08-29T07:23:21.000Z",
    "auth": 2,
    "uid": "bd-2332969606",
    "publishedVersion": 0,
    "forkFrom": "-",
    "isSpam": 0,
    "version": 1,
    "parentVersion": -1,
    "echartsVersion": "4.2.1",
    "versionCreateTime": "2019-08-29T07:23:21.000Z",
    "html": "",
    "externalScripts": "",
    "updaterUID": "bd-2332969606",
    "theme": "",
    "layout": "",
    "viewCount": 126,
    "userName": "1***生",
    "commentCount": 0,
    "starCount": 1,
    "isStared": 0,
    "thumbnailURL": "https://www.makeapie.com/ecg-storage/ec_gallery_thumbnail/xzrhdD1F-Z.png?v=1567063401701",
    "isCustomThumbnail": 0,
    "builtinTags": [
        "category-work",
        "series-pie",
        "title",
        "tooltip",
        "visualMap"
    ],
    "customTags": [],
    "updaterUserName": "1***生"
}