{
    "cid": "x4SFwqipjp",
    "authorUid": "bd-3073633372",
    "authorUserName": "路***灭",
    "title": "隐患用户占比",
    "description": "",
    "latestVersion": 1,
    "alwaysLatest": 1,
    "createTime": "2020-07-02T09:03:27.000Z",
    "lastUpdateTime": "2020-07-02T09:03:27.000Z",
    "auth": 2,
    "uid": "bd-3073633372",
    "publishedVersion": 0,
    "forkFrom": "-",
    "isSpam": 0,
    "version": 1,
    "parentVersion": -1,
    "echartsVersion": "4.8.0",
    "versionCreateTime": "2020-07-02T09:03:27.000Z",
    "html": "",
    "externalScripts": "",
    "updaterUID": "bd-3073633372",
    "theme": "",
    "layout": "",
    "viewCount": 135,
    "userName": "路***灭",
    "commentCount": 0,
    "starCount": 0,
    "isStared": 0,
    "thumbnailURL": "https://www.makeapie.com/ecg-storage/ec_gallery_thumbnail/x4SFwqipjp.png?v=1593680607278",
    "isCustomThumbnail": 0,
    "builtinTags": [
        "category-work",
        "grid",
        "series-bar",
        "series-line",
        "title",
        "tooltip"
    ],
    "customTags": [],
    "updaterUserName": "路***灭"
}