{
    "cid": "x_My0s0hDF",
    "authorUid": "obd-otCTMZZqSJG59FAQvCWVWF0YuCyrn8o",
    "authorUserName": "小***0",
    "title": "折线图",
    "description": "折线图-折线lineStyle从左到右渐变，areaStyle从左到右渐变",
    "latestVersion": 1,
    "alwaysLatest": 1,
    "createTime": "2020-07-03T02:05:59.000Z",
    "lastUpdateTime": "2020-07-03T02:05:59.000Z",
    "auth": 2,
    "uid": "obd-otCTMZZqSJG59FAQvCWVWF0YuCyrn8o",
    "publishedVersion": 0,
    "forkFrom": "-",
    "isSpam": 0,
    "version": 1,
    "parentVersion": -1,
    "echartsVersion": "4.8.0",
    "versionCreateTime": "2020-07-03T02:05:59.000Z",
    "html": "",
    "externalScripts": "",
    "updaterUID": "obd-otCTMZZqSJG59FAQvCWVWF0YuCyrn8o",
    "theme": "",
    "layout": "",
    "viewCount": 222,
    "userName": "小***0",
    "commentCount": 0,
    "starCount": 3,
    "isStared": 0,
    "thumbnailURL": "https://www.makeapie.com/ecg-storage/ec_gallery_thumbnail/x_My0s0hDF.png?v=1593741960060",
    "isCustomThumbnail": 0,
    "builtinTags": [
        "category-work",
        "grid",
        "legend",
        "series-line",
        "tooltip"
    ],
    "customTags": [],
    "updaterUserName": "小***0"
}