{
    "cid": "xC8m_-3rKm",
    "authorUid": "obd-oFywMxOTC0LpUlk0zoQqAnIExMwvJ5r",
    "authorUserName": "硬***人",
    "title": "Pie percent",
    "description": "",
    "latestVersion": 1,
    "alwaysLatest": 1,
    "createTime": "2020-07-02T07:51:44.000Z",
    "lastUpdateTime": "2020-07-02T07:51:44.000Z",
    "auth": 2,
    "uid": "obd-oFywMxOTC0LpUlk0zoQqAnIExMwvJ5r",
    "publishedVersion": 0,
    "forkFrom": "-",
    "isSpam": 0,
    "version": 1,
    "parentVersion": -1,
    "echartsVersion": "4.8.0",
    "versionCreateTime": "2020-07-02T07:51:44.000Z",
    "html": "",
    "externalScripts": "",
    "updaterUID": "obd-oFywMxOTC0LpUlk0zoQqAnIExMwvJ5r",
    "theme": "",
    "layout": "",
    "viewCount": 35,
    "userName": "硬***人",
    "commentCount": 0,
    "starCount": 1,
    "isStared": 0,
    "thumbnailURL": "https://www.makeapie.com/ecg-storage/ec_gallery_thumbnail/xC8m_-3rKm.png?v=1593676304608",
    "isCustomThumbnail": 0,
    "builtinTags": [
        "category-work",
        "series-pie",
        "title"
    ],
    "customTags": [],
    "updaterUserName": "硬***人"
}