{
    "cid": "xiuT3MFoxE",
    "authorUid": "obd-otCTMZZqSJG59FAQvCWVWF0YuCyrn8o",
    "authorUserName": "小***0",
    "title": "带注释的环形图",
    "description": "",
    "latestVersion": 1,
    "alwaysLatest": 1,
    "createTime": "2020-07-02T11:27:02.000Z",
    "lastUpdateTime": "2020-07-02T11:27:02.000Z",
    "auth": 2,
    "uid": "obd-otCTMZZqSJG59FAQvCWVWF0YuCyrn8o",
    "publishedVersion": 0,
    "forkFrom": "-",
    "isSpam": 0,
    "version": 1,
    "parentVersion": -1,
    "echartsVersion": "4.8.0",
    "versionCreateTime": "2020-07-02T11:27:02.000Z",
    "html": "",
    "externalScripts": "",
    "updaterUID": "obd-otCTMZZqSJG59FAQvCWVWF0YuCyrn8o",
    "theme": "",
    "layout": "",
    "viewCount": 842,
    "userName": "小***0",
    "commentCount": 0,
    "starCount": 5,
    "isStared": 0,
    "thumbnailURL": "https://www.makeapie.com/ecg-storage/ec_gallery_thumbnail/xiuT3MFoxE.png?v=1593689222766",
    "isCustomThumbnail": 0,
    "builtinTags": [
        "category-work",
        "grid",
        "series-pie"
    ],
    "customTags": [],
    "updaterUserName": "小***0"
}