{
    "cid": "xiYpQPacjr",
    "authorUid": "obd-otCTMZZqSJG59FAQvCWVWF0YuCyrn8o",
    "authorUserName": "小***0",
    "title": "正在修改的进度条",
    "description": "",
    "latestVersion": 1,
    "alwaysLatest": 1,
    "createTime": "2020-07-02T14:30:35.000Z",
    "lastUpdateTime": "2020-07-02T14:30:35.000Z",
    "auth": 2,
    "uid": "obd-otCTMZZqSJG59FAQvCWVWF0YuCyrn8o",
    "publishedVersion": 0,
    "forkFrom": "-",
    "isSpam": 0,
    "version": 1,
    "parentVersion": -1,
    "echartsVersion": "4.8.0",
    "versionCreateTime": "2020-07-02T14:30:35.000Z",
    "html": "",
    "externalScripts": "",
    "updaterUID": "obd-otCTMZZqSJG59FAQvCWVWF0YuCyrn8o",
    "theme": "",
    "layout": "",
    "viewCount": 195,
    "userName": "小***0",
    "commentCount": 0,
    "starCount": 1,
    "isStared": 0,
    "thumbnailURL": "https://www.makeapie.com/ecg-storage/ec_gallery_thumbnail/xiYpQPacjr.png?v=1593700236037",
    "isCustomThumbnail": 0,
    "builtinTags": [
        "category-work",
        "grid",
        "legend",
        "series-pictorialBar",
        "timeline"
    ],
    "customTags": [],
    "updaterUserName": "小***0"
}