{
    "cid": "xqYYGTL0aA",
    "authorUid": "bd-4199582992",
    "authorUserName": "秀***起",
    "title": "35664",
    "description": "",
    "latestVersion": 1,
    "alwaysLatest": 1,
    "createTime": "2020-07-03T08:12:07.000Z",
    "lastUpdateTime": "2020-07-03T08:12:07.000Z",
    "auth": 2,
    "uid": "bd-4199582992",
    "publishedVersion": 0,
    "forkFrom": "-",
    "isSpam": 0,
    "version": 1,
    "parentVersion": -1,
    "echartsVersion": "4.8.0",
    "versionCreateTime": "2020-07-03T08:12:07.000Z",
    "html": "",
    "externalScripts": "",
    "updaterUID": "bd-4199582992",
    "theme": "",
    "layout": "",
    "viewCount": 77,
    "userName": "秀***起",
    "commentCount": 0,
    "starCount": 0,
    "isStared": 0,
    "thumbnailURL": "https://www.makeapie.com/ecg-storage/ec_gallery_thumbnail/xqYYGTL0aA.png?v=1593763927949",
    "isCustomThumbnail": 0,
    "builtinTags": [
        "category-work",
        "grid",
        "series-bar",
        "series-line",
        "title"
    ],
    "customTags": [],
    "updaterUserName": "秀***起"
}