{
    "cid": "xXXeHvVN0a",
    "authorUid": "obd-olkl1ShpTsGkjh_oJR7983ff_M_Wa09",
    "authorUserName": "露***_",
    "title": "获取乡镇及街道数据方式请加Q:192014881",
    "description": "",
    "latestVersion": 4,
    "alwaysLatest": 1,
    "createTime": "2020-07-03T05:34:25.000Z",
    "lastUpdateTime": "2020-07-03T05:34:25.000Z",
    "auth": 2,
    "uid": "obd-olkl1ShpTsGkjh_oJR7983ff_M_Wa09",
    "publishedVersion": 0,
    "forkFrom": "-",
    "isSpam": 0,
    "version": 4,
    "parentVersion": 3,
    "echartsVersion": "4.8.0",
    "versionCreateTime": "2020-07-03T06:50:22.000Z",
    "html": "",
    "externalScripts": "",
    "updaterUID": "obd-olkl1ShpTsGkjh_oJR7983ff_M_Wa09",
    "theme": "",
    "layout": "",
    "viewCount": 317,
    "userName": "露***_",
    "commentCount": 0,
    "starCount": 0,
    "isStared": 0,
    "thumbnailURL": "https://www.makeapie.com/ecg-storage/ec_gallery_thumbnail/xXXeHvVN0a.png?v=1593759022686",
    "isCustomThumbnail": 0,
    "builtinTags": [
        "category-work",
        "series-map",
        "title",
        "visualMap"
    ],
    "customTags": [],
    "updaterUserName": "露***_"
}