{
    "cid": "xB1eYmw1fz",
    "authorUid": "bd-1177841325",
    "authorUserName": "i***o",
    "title": "测试5",
    "description": "测试5",
    "latestVersion": 10,
    "alwaysLatest": 1,
    "createTime": "2017-12-14T02:35:35.000Z",
    "lastUpdateTime": "2017-12-14T02:35:35.000Z",
    "auth": 2,
    "uid": "bd-1177841325",
    "publishedVersion": 0,
    "forkFrom": "-",
    "isSpam": 0,
    "version": 10,
    "parentVersion": 9,
    "echartsVersion": "3.8.0",
    "versionCreateTime": "2018-01-10T06:09:55.000Z",
    "html": "",
    "externalScripts": "",
    "updaterUID": "bd-1177841325",
    "theme": "macarons",
    "layout": "",
    "viewCount": 4010,
    "userName": "i***o",
    "commentCount": 2,
    "starCount": 16,
    "isStared": 0,
    "thumbnailURL": "https://www.makeapie.com/ecg-storage/ec_gallery_thumbnail/xB1eYmw1fz.png?v=1515564595255",
    "isCustomThumbnail": 0,
    "builtinTags": [
        "category-work",
        "legend",
        "series-pie",
        "title",
        "tooltip"
    ],
    "customTags": [],
    "updaterUserName": "i***o"
}