{
    "cid": "xBybo53kfM",
    "authorUid": "bd-1664726201",
    "authorUserName": "鬼事佛",
    "title": "各年龄阶段占比",
    "description": "单维度下多饼图展示维度分类情况",
    "latestVersion": 7,
    "alwaysLatest": 1,
    "createTime": "2017-12-14T08:47:21.000Z",
    "lastUpdateTime": "2017-12-14T08:47:21.000Z",
    "auth": 2,
    "uid": "bd-1664726201",
    "publishedVersion": 0,
    "forkFrom": "-",
    "isSpam": 0,
    "version": 7,
    "parentVersion": 5,
    "echartsVersion": "3.8.0",
    "versionCreateTime": "2017-12-14T09:52:08.000Z",
    "html": "",
    "externalScripts": "",
    "updaterUID": "bd-1664726201",
    "theme": "",
    "layout": "",
    "viewCount": 1497,
    "userName": "鬼事佛",
    "commentCount": 0,
    "starCount": 2,
    "isStared": 0,
    "thumbnailURL": "https://www.makeapie.com/ecg-storage/ec_gallery_thumbnail/xBybo53kfM.png?v=1513241241300",
    "isCustomThumbnail": 1,
    "builtinTags": [
        "category-work",
        "markPoint",
        "series-pie",
        "tooltip"
    ],
    "customTags": [],
    "updaterUserName": "鬼事佛"
}