{
    "cid": "xByGiEnxff",
    "authorUid": "bd-242845983",
    "authorUserName": "赤鸟语",
    "title": "数据来源",
    "description": "",
    "latestVersion": 1,
    "alwaysLatest": 1,
    "createTime": "2017-12-15T02:34:02.000Z",
    "lastUpdateTime": "2017-12-15T02:34:02.000Z",
    "auth": 2,
    "uid": "bd-242845983",
    "publishedVersion": 0,
    "forkFrom": "-",
    "isSpam": 0,
    "version": 1,
    "parentVersion": -1,
    "echartsVersion": "3.8.0",
    "versionCreateTime": "2017-12-15T02:34:02.000Z",
    "html": "",
    "externalScripts": "",
    "updaterUID": "bd-242845983",
    "theme": "default",
    "layout": "",
    "viewCount": 70,
    "userName": "赤鸟语",
    "commentCount": 0,
    "starCount": 1,
    "isStared": 0,
    "thumbnailURL": "https://www.makeapie.com/ecg-storage/ec_gallery_thumbnail/xByGiEnxff.png?v=1513305242854",
    "isCustomThumbnail": 0,
    "builtinTags": [
        "category-work",
        "series-pie",
        "title",
        "tooltip"
    ],
    "customTags": [],
    "updaterUserName": "赤鸟语"
}