{
    "cid": "xH1U8RjJMG",
    "authorUid": "bd-1546145866",
    "authorUserName": "卖***丁",
    "title": "时间轴&柱状图&雷达图三维联动",
    "description": "",
    "latestVersion": 1,
    "alwaysLatest": 1,
    "createTime": "2017-12-14T07:54:53.000Z",
    "lastUpdateTime": "2017-12-14T07:54:53.000Z",
    "auth": 2,
    "uid": "bd-1546145866",
    "publishedVersion": 0,
    "forkFrom": "-",
    "isSpam": 0,
    "version": 1,
    "parentVersion": -1,
    "echartsVersion": "3.8.0",
    "versionCreateTime": "2017-12-14T07:54:53.000Z",
    "html": "",
    "externalScripts": "",
    "updaterUID": "bd-1546145866",
    "theme": "",
    "layout": "",
    "viewCount": 3583,
    "userName": "卖***丁",
    "commentCount": 0,
    "starCount": 19,
    "isStared": 0,
    "thumbnailURL": "https://www.makeapie.com/ecg-storage/ec_gallery_thumbnail/xH1U8RjJMG.png?v=1513238093895",
    "isCustomThumbnail": 1,
    "builtinTags": [
        "category-work",
        "grid",
        "legend",
        "radar",
        "series-bar",
        "series-radar",
        "timeline",
        "title",
        "tooltip"
    ],
    "customTags": [],
    "updaterUserName": "卖***丁"
}