{
    "cid": "xHJUAC3lGG",
    "authorUid": "bd-388611864",
    "authorUserName": "暖日阳光半倾城",
    "title": "榆林产妇跳楼事件 媒体报道分析图 ",
    "description": "",
    "latestVersion": 1,
    "alwaysLatest": 1,
    "createTime": "2017-12-15T03:17:34.000Z",
    "lastUpdateTime": "2017-12-15T03:17:34.000Z",
    "auth": 2,
    "uid": "bd-388611864",
    "publishedVersion": 0,
    "forkFrom": "-",
    "isSpam": 0,
    "version": 1,
    "parentVersion": -1,
    "echartsVersion": "3.8.0",
    "versionCreateTime": "2017-12-15T03:17:34.000Z",
    "html": "",
    "externalScripts": "",
    "updaterUID": "bd-388611864",
    "theme": "",
    "layout": "",
    "viewCount": 153,
    "userName": "暖日阳光半倾城",
    "commentCount": 0,
    "starCount": 1,
    "isStared": 0,
    "thumbnailURL": "https://www.makeapie.com/ecg-storage/ec_gallery_thumbnail/xHJUAC3lGG.png?v=1513307854604",
    "isCustomThumbnail": 0,
    "builtinTags": [
        "category-work",
        "grid",
        "series-bar",
        "title",
        "tooltip"
    ],
    "customTags": [],
    "updaterUserName": "暖日阳光半倾城"
}