{
    "cid": "xHy5L6ZgfM",
    "authorUid": "bd-1511151433",
    "authorUserName": "叶***空",
    "title": "正负区分柱状图",
    "description": "正负区分柱状图",
    "latestVersion": 1,
    "alwaysLatest": 1,
    "createTime": "2017-12-14T14:40:17.000Z",
    "lastUpdateTime": "2017-12-14T14:40:17.000Z",
    "auth": 1,
    "uid": "bd-1511151433",
    "publishedVersion": 0,
    "forkFrom": "-",
    "isSpam": 0,
    "version": 1,
    "parentVersion": -1,
    "echartsVersion": "3.8.0",
    "versionCreateTime": "2017-12-14T14:40:17.000Z",
    "html": "",
    "externalScripts": "",
    "updaterUID": "bd-1511151433",
    "theme": "",
    "layout": "",
    "viewCount": 131,
    "userName": "叶***空",
    "commentCount": 0,
    "starCount": 0,
    "isStared": 0,
    "thumbnailURL": "https://www.makeapie.com/ecg-storage/ec_gallery_thumbnail/xHy5L6ZgfM.png?v=1513262417765",
    "isCustomThumbnail": 0,
    "builtinTags": [
        "category-work",
        "grid",
        "series-bar"
    ],
    "customTags": [],
    "updaterUserName": "叶***空"
}