{
    "cid": "xryPbOaxGG",
    "authorUid": "bd-2758862834",
    "authorUserName": "1996晴天time",
    "title": "江歌事件大众情感分析",
    "description": "",
    "latestVersion": 2,
    "alwaysLatest": 1,
    "createTime": "2017-12-15T03:56:46.000Z",
    "lastUpdateTime": "2017-12-15T03:56:46.000Z",
    "auth": 2,
    "uid": "bd-2758862834",
    "publishedVersion": 0,
    "forkFrom": "-",
    "isSpam": 0,
    "version": 2,
    "parentVersion": 1,
    "echartsVersion": "3.8.0",
    "versionCreateTime": "2017-12-15T03:57:23.000Z",
    "html": "",
    "externalScripts": "",
    "updaterUID": "bd-2758862834",
    "theme": "",
    "layout": "",
    "viewCount": 40,
    "userName": "1996晴天time",
    "commentCount": 0,
    "starCount": 0,
    "isStared": 0,
    "thumbnailURL": "https://www.makeapie.com/ecg-storage/ec_gallery_thumbnail/xryPbOaxGG.png?v=1513310243933",
    "isCustomThumbnail": 0,
    "builtinTags": [
        "category-work",
        "grid",
        "legend",
        "series-bar",
        "title",
        "tooltip"
    ],
    "customTags": [],
    "updaterUserName": "1996晴天time"
}