{
    "cid": "xS1R0sDkfG",
    "authorUid": "bd-310919958",
    "authorUserName": "188******56",
    "title": "评论来源分析",
    "description": "数据",
    "latestVersion": 2,
    "alwaysLatest": 1,
    "createTime": "2017-12-14T03:11:17.000Z",
    "lastUpdateTime": "2017-12-14T03:15:48.000Z",
    "auth": 2,
    "uid": "bd-310919958",
    "publishedVersion": 0,
    "forkFrom": "-",
    "isSpam": 0,
    "version": 2,
    "parentVersion": 1,
    "echartsVersion": "3.8.0",
    "versionCreateTime": "2017-12-14T03:19:14.000Z",
    "html": "",
    "externalScripts": "",
    "updaterUID": "bd-310919958",
    "theme": "roma",
    "layout": "",
    "viewCount": 104,
    "userName": "188******56",
    "commentCount": 0,
    "starCount": 2,
    "isStared": 0,
    "thumbnailURL": "https://www.makeapie.com/ecg-storage/ec_gallery_thumbnail/xS1R0sDkfG.png?v=1513221554503",
    "isCustomThumbnail": 0,
    "builtinTags": [
        "category-work",
        "radar",
        "series-radar"
    ],
    "customTags": [],
    "updaterUserName": "188******56"
}