{
    "cid": "xSJ1MAnkGG",
    "authorUid": "bd-2084161591",
    "authorUserName": "星***4",
    "title": "各省份可支配收入与医疗机构床位数",
    "description": "",
    "latestVersion": 1,
    "alwaysLatest": 1,
    "createTime": "2017-12-14T09:01:59.000Z",
    "lastUpdateTime": "2017-12-14T09:01:59.000Z",
    "auth": 2,
    "uid": "bd-2084161591",
    "publishedVersion": 0,
    "forkFrom": "-",
    "isSpam": 0,
    "version": 1,
    "parentVersion": -1,
    "echartsVersion": "3.8.0",
    "versionCreateTime": "2017-12-14T09:01:59.000Z",
    "html": "",
    "externalScripts": "",
    "updaterUID": "bd-2084161591",
    "theme": "",
    "layout": "",
    "viewCount": 85,
    "userName": "星***4",
    "commentCount": 0,
    "starCount": 1,
    "isStared": 0,
    "thumbnailURL": "https://www.makeapie.com/ecg-storage/ec_gallery_thumbnail/xSJ1MAnkGG.png?v=1513242119424",
    "isCustomThumbnail": 0,
    "builtinTags": [
        "category-work",
        "grid",
        "legend",
        "series-bar",
        "tooltip"
    ],
    "customTags": [],
    "updaterUserName": "星***4"
}