{
    "cid": "xSklV3R1fz",
    "authorUid": "bd-1225198824",
    "authorUserName": "chunfang740",
    "title": "Awesome Chart",
    "description": "",
    "latestVersion": 3,
    "alwaysLatest": 1,
    "createTime": "2017-12-14T11:10:31.000Z",
    "lastUpdateTime": "2017-12-14T11:10:31.000Z",
    "auth": 2,
    "uid": "bd-1225198824",
    "publishedVersion": 0,
    "forkFrom": "-",
    "isSpam": 0,
    "version": 3,
    "parentVersion": 2,
    "echartsVersion": "3.8.0",
    "versionCreateTime": "2017-12-14T11:12:05.000Z",
    "html": "",
    "externalScripts": "",
    "updaterUID": "bd-1225198824",
    "theme": "",
    "layout": "",
    "viewCount": 39,
    "userName": "chunfang740",
    "commentCount": 0,
    "starCount": 0,
    "isStared": 0,
    "thumbnailURL": "https://www.makeapie.com/ecg-storage/ec_gallery_thumbnail/xSklV3R1fz.png?v=1513249925493",
    "isCustomThumbnail": 0,
    "builtinTags": [
        "category-work",
        "grid",
        "legend",
        "series-bar",
        "toolbox",
        "tooltip"
    ],
    "customTags": [],
    "updaterUserName": "chunfang740"
}