{
    "cid": "x0uhFtl5BA",
    "authorUid": "bd-4136661199",
    "authorUserName": "h***z",
    "title": "饼图占比",
    "description": "",
    "latestVersion": 1,
    "alwaysLatest": 1,
    "createTime": "2019-09-12T10:19:32.000Z",
    "lastUpdateTime": "2019-09-12T10:19:32.000Z",
    "auth": 2,
    "uid": "bd-4136661199",
    "publishedVersion": 0,
    "forkFrom": "-",
    "isSpam": 0,
    "version": 1,
    "parentVersion": -1,
    "echartsVersion": "4.2.1",
    "versionCreateTime": "2019-09-12T10:19:32.000Z",
    "html": "",
    "externalScripts": "",
    "updaterUID": "bd-4136661199",
    "theme": "",
    "layout": "",
    "viewCount": 588,
    "userName": "h***z",
    "commentCount": 0,
    "starCount": 2,
    "isStared": 0,
    "thumbnailURL": "https://www.makeapie.com/ecg-storage/ec_gallery_thumbnail/x0uhFtl5BA.png?v=1568283572741",
    "isCustomThumbnail": 0,
    "builtinTags": [
        "category-work",
        "legend",
        "series-pie"
    ],
    "customTags": [],
    "updaterUserName": "h***z"
}