{
    "cid": "x9r1g2msg2",
    "authorUid": "bd-3223785317",
    "authorUserName": "1***子",
    "title": "出场准点率",
    "description": "",
    "latestVersion": 1,
    "alwaysLatest": 1,
    "createTime": "2019-09-14T11:57:29.000Z",
    "lastUpdateTime": "2019-09-14T11:57:29.000Z",
    "auth": 2,
    "uid": "bd-3223785317",
    "publishedVersion": 0,
    "forkFrom": "-",
    "isSpam": 0,
    "version": 1,
    "parentVersion": -1,
    "echartsVersion": "4.2.1",
    "versionCreateTime": "2019-09-14T11:57:29.000Z",
    "html": "",
    "externalScripts": "",
    "updaterUID": "bd-3223785317",
    "theme": "",
    "layout": "",
    "viewCount": 420,
    "userName": "1***子",
    "commentCount": 0,
    "starCount": 2,
    "isStared": 0,
    "thumbnailURL": "https://www.makeapie.com/ecg-storage/ec_gallery_thumbnail/x9r1g2msg2.png?v=1568462249535",
    "isCustomThumbnail": 0,
    "builtinTags": [
        "category-work",
        "series-pie",
        "title"
    ],
    "customTags": [],
    "updaterUserName": "1***子"
}