{
    "cid": "xa5mOuVJRb",
    "authorUid": "bd-3223785317",
    "authorUserName": "1***子",
    "title": "到岗率",
    "description": "",
    "latestVersion": 1,
    "alwaysLatest": 1,
    "createTime": "2019-09-15T03:18:22.000Z",
    "lastUpdateTime": "2019-09-15T03:18:22.000Z",
    "auth": 2,
    "uid": "bd-3223785317",
    "publishedVersion": 0,
    "forkFrom": "-",
    "isSpam": 0,
    "version": 1,
    "parentVersion": -1,
    "echartsVersion": "4.2.1",
    "versionCreateTime": "2019-09-15T03:18:22.000Z",
    "html": "",
    "externalScripts": "",
    "updaterUID": "bd-3223785317",
    "theme": "",
    "layout": "",
    "viewCount": 701,
    "userName": "1***子",
    "commentCount": 1,
    "starCount": 5,
    "isStared": 0,
    "thumbnailURL": "https://www.makeapie.com/ecg-storage/ec_gallery_thumbnail/xa5mOuVJRb.png?v=1568517502965",
    "isCustomThumbnail": 0,
    "builtinTags": [
        "category-work",
        "series-pie",
        "title"
    ],
    "customTags": [],
    "updaterUserName": "1***子"
}