{
    "cid": "xChVsfGdQL",
    "authorUid": "bd-2972011940",
    "authorUserName": "y***5",
    "title": "患者数比例",
    "description": "纯属虚构",
    "latestVersion": 1,
    "alwaysLatest": 1,
    "createTime": "2019-09-16T10:12:55.000Z",
    "lastUpdateTime": "2019-09-16T10:12:55.000Z",
    "auth": 2,
    "uid": "bd-2972011940",
    "publishedVersion": 0,
    "forkFrom": "-",
    "isSpam": 0,
    "version": 1,
    "parentVersion": -1,
    "echartsVersion": "4.2.1",
    "versionCreateTime": "2019-09-16T10:12:55.000Z",
    "html": "",
    "externalScripts": "",
    "updaterUID": "bd-2972011940",
    "theme": "",
    "layout": "",
    "viewCount": 112,
    "userName": "y***5",
    "commentCount": 0,
    "starCount": 0,
    "isStared": 0,
    "thumbnailURL": "https://www.makeapie.com/ecg-storage/ec_gallery_thumbnail/xChVsfGdQL.png?v=1568628775699",
    "isCustomThumbnail": 0,
    "builtinTags": [
        "category-work",
        "legend",
        "series-funnel",
        "title",
        "toolbox",
        "tooltip"
    ],
    "customTags": [],
    "updaterUserName": "y***5"
}