{
    "cid": "xgGlyAAk3v",
    "authorUid": "bd-1110193739",
    "authorUserName": "f***g",
    "title": "Awesome Chart",
    "description": "饼图装饰",
    "latestVersion": 1,
    "alwaysLatest": 1,
    "createTime": "2019-09-16T11:40:34.000Z",
    "lastUpdateTime": "2019-09-16T11:40:34.000Z",
    "auth": 2,
    "uid": "bd-1110193739",
    "publishedVersion": 0,
    "forkFrom": "-",
    "isSpam": 0,
    "version": 1,
    "parentVersion": -1,
    "echartsVersion": "4.2.1",
    "versionCreateTime": "2019-09-16T11:40:34.000Z",
    "html": "",
    "externalScripts": "",
    "updaterUID": "bd-1110193739",
    "theme": "",
    "layout": "",
    "viewCount": 30,
    "userName": "f***g",
    "commentCount": 0,
    "starCount": 0,
    "isStared": 0,
    "thumbnailURL": "https://www.makeapie.com/ecg-storage/ec_gallery_thumbnail/xgGlyAAk3v.png?v=1568634034528",
    "isCustomThumbnail": 0,
    "builtinTags": [
        "category-work",
        "grid",
        "series-line",
        "title"
    ],
    "customTags": [],
    "updaterUserName": "f***g"
}