{
    "cid": "xgmW1bEuIx",
    "authorUid": "bd-3223785317",
    "authorUserName": "1***子",
    "title": "违规",
    "description": "",
    "latestVersion": 1,
    "alwaysLatest": 1,
    "createTime": "2019-09-14T07:10:04.000Z",
    "lastUpdateTime": "2019-09-14T07:10:04.000Z",
    "auth": 2,
    "uid": "bd-3223785317",
    "publishedVersion": 0,
    "forkFrom": "-",
    "isSpam": 0,
    "version": 1,
    "parentVersion": -1,
    "echartsVersion": "4.2.1",
    "versionCreateTime": "2019-09-14T07:10:04.000Z",
    "html": "",
    "externalScripts": "",
    "updaterUID": "bd-3223785317",
    "theme": "",
    "layout": "",
    "viewCount": 803,
    "userName": "1***子",
    "commentCount": 0,
    "starCount": 3,
    "isStared": 0,
    "thumbnailURL": "https://www.makeapie.com/ecg-storage/ec_gallery_thumbnail/xgmW1bEuIx.png?v=1568445004504",
    "isCustomThumbnail": 0,
    "builtinTags": [
        "category-work",
        "graphic",
        "legend",
        "series-pie"
    ],
    "customTags": [],
    "updaterUserName": "1***子"
}