{
    "cid": "xjDmrizzhj",
    "authorUid": "bd-620793932",
    "authorUserName": "y***9",
    "title": "简单航线1",
    "description": "xxx",
    "latestVersion": 5,
    "alwaysLatest": 1,
    "createTime": "2019-09-16T03:39:57.000Z",
    "lastUpdateTime": "2019-09-16T03:39:57.000Z",
    "auth": 2,
    "uid": "bd-620793932",
    "publishedVersion": 0,
    "forkFrom": "-",
    "isSpam": 0,
    "version": 5,
    "parentVersion": 4,
    "echartsVersion": "4.2.1",
    "versionCreateTime": "2019-09-16T09:55:49.000Z",
    "html": "",
    "externalScripts": "/dep/echarts/map/js/china.js,/dep/echarts/map/js/world.js",
    "updaterUID": "bd-620793932",
    "theme": "",
    "layout": "",
    "viewCount": 210,
    "userName": "y***9",
    "commentCount": 0,
    "starCount": 0,
    "isStared": 0,
    "thumbnailURL": "https://www.makeapie.com/ecg-storage/ec_gallery_thumbnail/xjDmrizzhj.png?v=1568627750049",
    "isCustomThumbnail": 0,
    "builtinTags": [
        "category-work",
        "geo",
        "legend",
        "series-lines",
        "title"
    ],
    "customTags": [],
    "updaterUserName": "y***9"
}