{
    "cid": "xkqvxUD8GD",
    "authorUid": "bd-4136661199",
    "authorUserName": "h***z",
    "title": "雷达图",
    "description": "",
    "latestVersion": 1,
    "alwaysLatest": 1,
    "createTime": "2019-09-12T09:50:15.000Z",
    "lastUpdateTime": "2019-09-12T09:50:15.000Z",
    "auth": 1,
    "uid": "bd-4136661199",
    "publishedVersion": 0,
    "forkFrom": "-",
    "isSpam": 0,
    "version": 1,
    "parentVersion": -1,
    "echartsVersion": "4.2.1",
    "versionCreateTime": "2019-09-12T09:50:15.000Z",
    "html": "",
    "externalScripts": "",
    "updaterUID": "bd-4136661199",
    "theme": "",
    "layout": "",
    "viewCount": 248,
    "userName": "h***z",
    "commentCount": 0,
    "starCount": 1,
    "isStared": 0,
    "thumbnailURL": "https://www.makeapie.com/ecg-storage/ec_gallery_thumbnail/xkqvxUD8GD.png?v=1568281815370",
    "isCustomThumbnail": 0,
    "builtinTags": [
        "category-work",
        "radar",
        "series-radar",
        "tooltip"
    ],
    "customTags": [],
    "updaterUserName": "h***z"
}