{
    "cid": "xlhZ1r9FFq",
    "authorUid": "bd-3223785317",
    "authorUserName": "1***子",
    "title": "充电量",
    "description": "",
    "latestVersion": 1,
    "alwaysLatest": 1,
    "createTime": "2019-09-14T08:26:24.000Z",
    "lastUpdateTime": "2019-09-14T08:26:24.000Z",
    "auth": 2,
    "uid": "bd-3223785317",
    "publishedVersion": 0,
    "forkFrom": "-",
    "isSpam": 0,
    "version": 1,
    "parentVersion": -1,
    "echartsVersion": "4.2.1",
    "versionCreateTime": "2019-09-14T08:26:24.000Z",
    "html": "",
    "externalScripts": "",
    "updaterUID": "bd-3223785317",
    "theme": "",
    "layout": "",
    "viewCount": 18,
    "userName": "1***子",
    "commentCount": 0,
    "starCount": 1,
    "isStared": 0,
    "thumbnailURL": "https://www.makeapie.com/ecg-storage/ec_gallery_thumbnail/xlhZ1r9FFq.png?v=1568449584629",
    "isCustomThumbnail": 0,
    "builtinTags": [
        "category-work",
        "grid",
        "series-pictorialBar",
        "tooltip"
    ],
    "customTags": [],
    "updaterUserName": "1***子"
}