{
    "cid": "xnRZfangek",
    "authorUid": "bd-3223785317",
    "authorUserName": "1***子",
    "title": "总泊位数",
    "description": "1386",
    "latestVersion": 1,
    "alwaysLatest": 1,
    "createTime": "2019-09-14T10:46:27.000Z",
    "lastUpdateTime": "2019-09-14T10:46:27.000Z",
    "auth": 2,
    "uid": "bd-3223785317",
    "publishedVersion": 0,
    "forkFrom": "-",
    "isSpam": 0,
    "version": 1,
    "parentVersion": -1,
    "echartsVersion": "4.2.1",
    "versionCreateTime": "2019-09-14T10:46:27.000Z",
    "html": "",
    "externalScripts": "",
    "updaterUID": "bd-3223785317",
    "theme": "",
    "layout": "",
    "viewCount": 103,
    "userName": "1***子",
    "commentCount": 0,
    "starCount": 1,
    "isStared": 0,
    "thumbnailURL": "https://www.makeapie.com/ecg-storage/ec_gallery_thumbnail/xnRZfangek.png?v=1568457987651",
    "isCustomThumbnail": 0,
    "builtinTags": [
        "category-work",
        "legend",
        "series-pie",
        "title"
    ],
    "customTags": [],
    "updaterUserName": "1***子"
}