{
    "cid": "xp3mWtNUnh",
    "authorUid": "bd-2164612593",
    "authorUserName": "b***x",
    "title": "2000年以来医疗费用及住院天数分析",
    "description": "",
    "latestVersion": 2,
    "alwaysLatest": 1,
    "createTime": "2019-09-13T16:11:04.000Z",
    "lastUpdateTime": "2019-09-13T16:11:04.000Z",
    "auth": 2,
    "uid": "bd-2164612593",
    "publishedVersion": 0,
    "forkFrom": "-",
    "isSpam": 0,
    "version": 2,
    "parentVersion": 1,
    "echartsVersion": "4.2.1",
    "versionCreateTime": "2019-09-14T01:01:51.000Z",
    "html": "",
    "externalScripts": "",
    "updaterUID": "bd-2164612593",
    "theme": "",
    "layout": "",
    "viewCount": 378,
    "userName": "b***x",
    "commentCount": 1,
    "starCount": 2,
    "isStared": 0,
    "thumbnailURL": "https://www.makeapie.com/ecg-storage/ec_gallery_thumbnail/xp3mWtNUnh.png?v=1568422911425",
    "isCustomThumbnail": 0,
    "builtinTags": [
        "category-work",
        "dataset",
        "grid",
        "series-scatter",
        "timeline",
        "title",
        "visualMap"
    ],
    "customTags": [],
    "updaterUserName": "b***x"
}