{
    "cid": "xryENJMmZ_",
    "authorUid": "bd-2164612593",
    "authorUserName": "b***x",
    "title": "辅助用药用量分析",
    "description": "",
    "latestVersion": 1,
    "alwaysLatest": 1,
    "createTime": "2019-09-13T13:35:52.000Z",
    "lastUpdateTime": "2019-09-13T13:35:52.000Z",
    "auth": 2,
    "uid": "bd-2164612593",
    "publishedVersion": 0,
    "forkFrom": "-",
    "isSpam": 0,
    "version": 1,
    "parentVersion": -1,
    "echartsVersion": "4.2.1",
    "versionCreateTime": "2019-09-13T13:35:52.000Z",
    "html": "",
    "externalScripts": "",
    "updaterUID": "bd-2164612593",
    "theme": "",
    "layout": "",
    "viewCount": 941,
    "userName": "b***x",
    "commentCount": 0,
    "starCount": 2,
    "isStared": 0,
    "thumbnailURL": "https://www.makeapie.com/ecg-storage/ec_gallery_thumbnail/xryENJMmZ_.png?v=1568381753814",
    "isCustomThumbnail": 1,
    "builtinTags": [
        "category-work",
        "series-sankey",
        "title"
    ],
    "customTags": [],
    "updaterUserName": "b***x"
}