{
    "cid": "xZv2Jc86cn",
    "authorUid": "bd-4136661199",
    "authorUserName": "h***z",
    "title": "柱状图（挂牌量和均价）",
    "description": "",
    "latestVersion": 3,
    "alwaysLatest": 1,
    "createTime": "2019-09-12T09:55:16.000Z",
    "lastUpdateTime": "2019-09-12T09:55:16.000Z",
    "auth": 1,
    "uid": "bd-4136661199",
    "publishedVersion": 1,
    "forkFrom": "-",
    "isSpam": 0,
    "version": 1,
    "parentVersion": -1,
    "echartsVersion": "4.2.1",
    "versionCreateTime": "2019-09-12T09:55:16.000Z",
    "html": "",
    "externalScripts": "",
    "updaterUID": "bd-4136661199",
    "theme": "",
    "layout": "",
    "viewCount": 28,
    "userName": "h***z",
    "commentCount": 0,
    "starCount": 0,
    "isStared": 0,
    "thumbnailURL": "https://www.makeapie.com/ecg-storage/ec_gallery_thumbnail/xZv2Jc86cn.png?v=1568282116706",
    "isCustomThumbnail": 0,
    "builtinTags": [
        "category-work",
        "grid",
        "legend",
        "series-bar",
        "series-line",
        "tooltip"
    ],
    "customTags": [],
    "updaterUserName": "h***z"
}