{
    "cid": "xg-_VtyBg",
    "authorUid": "bd-474718062",
    "authorUserName": "少***心",
    "title": "基础漏斗图",
    "description": "仅供参考",
    "latestVersion": 5,
    "alwaysLatest": 1,
    "createTime": "2019-11-06T07:13:05.000Z",
    "lastUpdateTime": "2019-11-06T07:13:05.000Z",
    "auth": 2,
    "uid": "bd-474718062",
    "publishedVersion": 0,
    "forkFrom": "-",
    "isSpam": 0,
    "version": 5,
    "parentVersion": 4,
    "echartsVersion": "4.4.0",
    "versionCreateTime": "2019-11-06T08:06:03.000Z",
    "html": "",
    "externalScripts": "",
    "updaterUID": "bd-474718062",
    "theme": "",
    "layout": "",
    "viewCount": 272,
    "userName": "少***心",
    "commentCount": 0,
    "starCount": 0,
    "isStared": 0,
    "thumbnailURL": "https://www.makeapie.com/ecg-storage/ec_gallery_thumbnail/xg-_VtyBg.png?v=1573027563879",
    "isCustomThumbnail": 0,
    "builtinTags": [
        "category-work",
        "legend",
        "series-funnel",
        "title"
    ],
    "customTags": [],
    "updaterUserName": "少***心"
}