{
    "cid": "xGHuIQSKB",
    "authorUid": "bd-1879216813",
    "authorUserName": "j***n",
    "title": "brush覆盖练习",
    "description": "",
    "latestVersion": 2,
    "alwaysLatest": 1,
    "createTime": "2019-11-06T05:27:46.000Z",
    "lastUpdateTime": "2019-11-06T05:27:46.000Z",
    "auth": 2,
    "uid": "bd-1879216813",
    "publishedVersion": 0,
    "forkFrom": "-",
    "isSpam": 0,
    "version": 2,
    "parentVersion": 1,
    "echartsVersion": "4.4.0",
    "versionCreateTime": "2019-11-06T06:35:04.000Z",
    "html": "",
    "externalScripts": "",
    "updaterUID": "bd-1879216813",
    "theme": "",
    "layout": "",
    "viewCount": 240,
    "userName": "j***n",
    "commentCount": 0,
    "starCount": 0,
    "isStared": 0,
    "thumbnailURL": "https://www.makeapie.com/ecg-storage/ec_gallery_thumbnail/xGHuIQSKB.png?v=1573022104550",
    "isCustomThumbnail": 0,
    "builtinTags": [
        "brush",
        "category-work",
        "dataZoom",
        "grid",
        "legend",
        "markLine",
        "markPoint",
        "series-bar",
        "series-line",
        "title",
        "toolbox",
        "tooltip"
    ],
    "customTags": [],
    "updaterUserName": "j***n"
}