{
    "cid": "xi276NMSO",
    "authorUid": "bd-1042038476",
    "authorUserName": "一***行",
    "title": "总辐射量",
    "description": "",
    "latestVersion": 2,
    "alwaysLatest": 1,
    "createTime": "2019-11-07T02:26:01.000Z",
    "lastUpdateTime": "2019-11-07T02:26:01.000Z",
    "auth": 2,
    "uid": "bd-1042038476",
    "publishedVersion": 0,
    "forkFrom": "-",
    "isSpam": 0,
    "version": 2,
    "parentVersion": 1,
    "echartsVersion": "4.4.0",
    "versionCreateTime": "2019-11-07T02:43:05.000Z",
    "html": "",
    "externalScripts": "",
    "updaterUID": "bd-1042038476",
    "theme": "dark",
    "layout": "",
    "viewCount": 18,
    "userName": "一***行",
    "commentCount": 0,
    "starCount": 0,
    "isStared": 0,
    "thumbnailURL": "https://www.makeapie.com/ecg-storage/ec_gallery_thumbnail/xi276NMSO.png?v=1573094585260",
    "isCustomThumbnail": 0,
    "builtinTags": [
        "category-work",
        "grid",
        "legend",
        "series-bar",
        "tooltip"
    ],
    "customTags": [],
    "updaterUserName": "一***行"
}