{
    "cid": "xIQ9C8z65",
    "authorUid": "bd-1010139035",
    "authorUserName": "高***嘿",
    "title": "折线图 多条折线",
    "description": "折线图 多条折线",
    "latestVersion": 2,
    "alwaysLatest": 1,
    "createTime": "2019-11-06T11:54:00.000Z",
    "lastUpdateTime": "2019-11-06T11:54:00.000Z",
    "auth": 1,
    "uid": "bd-1010139035",
    "publishedVersion": 0,
    "forkFrom": "-",
    "isSpam": 0,
    "version": 2,
    "parentVersion": 1,
    "echartsVersion": "4.4.0",
    "versionCreateTime": "2019-11-13T08:53:09.000Z",
    "html": "",
    "externalScripts": "",
    "updaterUID": "bd-1711678821",
    "theme": "",
    "layout": "",
    "viewCount": 48,
    "userName": "高***嘿",
    "commentCount": 0,
    "starCount": 0,
    "isStared": 0,
    "thumbnailURL": "https://www.makeapie.com/ecg-storage/ec_gallery_thumbnail/xIQ9C8z65.png?v=1573635189469",
    "isCustomThumbnail": 0,
    "builtinTags": [
        "category-work",
        "grid",
        "legend",
        "series-line",
        "title",
        "toolbox",
        "tooltip"
    ],
    "customTags": [],
    "updaterUserName": "虎***啊"
}