{
    "cid": "xlj_jIlFG",
    "authorUid": "bd-539387938",
    "authorUserName": "江***理",
    "title": "彩虹桥--进度条",
    "description": "",
    "latestVersion": 3,
    "alwaysLatest": 1,
    "createTime": "2019-11-07T10:14:48.000Z",
    "lastUpdateTime": "2019-11-07T10:14:48.000Z",
    "auth": 2,
    "uid": "bd-539387938",
    "publishedVersion": 0,
    "forkFrom": "-",
    "isSpam": 0,
    "version": 3,
    "parentVersion": 2,
    "echartsVersion": "4.4.0",
    "versionCreateTime": "2019-12-16T07:13:20.000Z",
    "html": "",
    "externalScripts": "",
    "updaterUID": "bd-539387938",
    "theme": "",
    "layout": "",
    "viewCount": 663,
    "userName": "江***理",
    "commentCount": 0,
    "starCount": 5,
    "isStared": 0,
    "thumbnailURL": "https://www.makeapie.com/ecg-storage/ec_gallery_thumbnail/xlj_jIlFG.png?v=1576480400502",
    "isCustomThumbnail": 0,
    "builtinTags": [
        "category-work",
        "series-gauge",
        "toolbox",
        "tooltip"
    ],
    "customTags": [],
    "updaterUserName": "江***理"
}