{
    "cid": "xmONk_hNC",
    "authorUid": "bd-1010139035",
    "authorUserName": "高***嘿",
    "title": "折线图（区域图）",
    "description": "折线图 区域图",
    "latestVersion": 1,
    "alwaysLatest": 1,
    "createTime": "2019-11-06T11:52:14.000Z",
    "lastUpdateTime": "2019-11-06T11:52:14.000Z",
    "auth": 1,
    "uid": "bd-1010139035",
    "publishedVersion": 0,
    "forkFrom": "-",
    "isSpam": 0,
    "version": 1,
    "parentVersion": -1,
    "echartsVersion": "4.4.0",
    "versionCreateTime": "2019-11-06T11:52:14.000Z",
    "html": "",
    "externalScripts": "",
    "updaterUID": "bd-1010139035",
    "theme": "",
    "layout": "",
    "viewCount": 17,
    "userName": "高***嘿",
    "commentCount": 0,
    "starCount": 0,
    "isStared": 0,
    "thumbnailURL": "https://www.makeapie.com/ecg-storage/ec_gallery_thumbnail/xmONk_hNC.png?v=1573041134414",
    "isCustomThumbnail": 0,
    "builtinTags": [
        "category-work",
        "grid",
        "legend",
        "series-line",
        "title",
        "toolbox",
        "tooltip"
    ],
    "customTags": [],
    "updaterUserName": "高***嘿"
}