{
    "cid": "xOoOywcNO",
    "authorUid": "bd-2673609924",
    "authorUserName": "185*****769",
    "title": "自定义柱图",
    "description": "",
    "latestVersion": 1,
    "alwaysLatest": 1,
    "createTime": "2019-11-06T06:10:12.000Z",
    "lastUpdateTime": "2019-11-06T06:10:12.000Z",
    "auth": 2,
    "uid": "bd-2673609924",
    "publishedVersion": 0,
    "forkFrom": "-",
    "isSpam": 0,
    "version": 1,
    "parentVersion": -1,
    "echartsVersion": "4.4.0",
    "versionCreateTime": "2019-11-06T06:10:12.000Z",
    "html": "",
    "externalScripts": "",
    "updaterUID": "bd-2673609924",
    "theme": "",
    "layout": "",
    "viewCount": 106,
    "userName": "185*****769",
    "commentCount": 0,
    "starCount": 1,
    "isStared": 0,
    "thumbnailURL": "https://www.makeapie.com/ecg-storage/ec_gallery_thumbnail/xOoOywcNO.png?v=1573020612330",
    "isCustomThumbnail": 0,
    "builtinTags": [
        "category-work",
        "grid",
        "series-bar",
        "tooltip"
    ],
    "customTags": [
        "渐变色"
    ],
    "updaterUserName": "185*****769"
}