{
    "cid": "xQ97MSYWI",
    "authorUid": "bd-2718177005",
    "authorUserName": "铁***u",
    "title": "叠加图合计",
    "description": "叠加图合计",
    "latestVersion": 4,
    "alwaysLatest": 1,
    "createTime": "2019-11-06T15:51:53.000Z",
    "lastUpdateTime": "2019-11-06T15:51:53.000Z",
    "auth": 2,
    "uid": "bd-2718177005",
    "publishedVersion": 0,
    "forkFrom": "-",
    "isSpam": 0,
    "version": 4,
    "parentVersion": 3,
    "echartsVersion": "4.4.0",
    "versionCreateTime": "2019-11-06T16:40:58.000Z",
    "html": "",
    "externalScripts": "",
    "updaterUID": "bd-2718177005",
    "theme": "",
    "layout": "",
    "viewCount": 150,
    "userName": "铁***u",
    "commentCount": 0,
    "starCount": 0,
    "isStared": 0,
    "thumbnailURL": "https://www.makeapie.com/ecg-storage/ec_gallery_thumbnail/xQ97MSYWI.png?v=1573058458307",
    "isCustomThumbnail": 0,
    "builtinTags": [
        "category-work",
        "grid",
        "legend",
        "series-bar",
        "series-pie",
        "title",
        "tooltip"
    ],
    "customTags": [],
    "updaterUserName": "铁***u"
}