{
    "cid": "xqFGt3E1x",
    "authorUid": "bd-2673609924",
    "authorUserName": "185*****769",
    "title": "3D颜色地图",
    "description": "利用geo3D实现颜色地图",
    "latestVersion": 4,
    "alwaysLatest": 1,
    "createTime": "2019-11-06T06:25:47.000Z",
    "lastUpdateTime": "2019-11-06T06:25:47.000Z",
    "auth": 2,
    "uid": "bd-2673609924",
    "publishedVersion": 0,
    "forkFrom": "-",
    "isSpam": 0,
    "version": 4,
    "parentVersion": 3,
    "echartsVersion": "4.4.0",
    "versionCreateTime": "2019-11-06T07:02:07.000Z",
    "html": "",
    "externalScripts": "https://echarts.baidu.com/resource/echarts-gl-latest/dist/echarts-gl.min.js,/dep/echarts/map/js/china.js,/dep/echarts/latest/extension/bmap.min.js",
    "updaterUID": "bd-2673609924",
    "theme": "",
    "layout": "",
    "viewCount": 152,
    "userName": "185*****769",
    "commentCount": 0,
    "starCount": 1,
    "isStared": 0,
    "thumbnailURL": "https://www.makeapie.com/ecg-storage/ec_gallery_thumbnail/xqFGt3E1x.png?v=1573023728018",
    "isCustomThumbnail": 0,
    "builtinTags": [
        "category-work",
        "series-map3D",
        "title",
        "tooltip",
        "visualMap"
    ],
    "customTags": [],
    "updaterUserName": "185*****769"
}