{
    "cid": "xudlRqObm",
    "authorUid": "bd-2101217541",
    "authorUserName": "蝶***海",
    "title": "网\n页\n平\n均\n首\n屏\n时\n延",
    "description": "圆环\n",
    "latestVersion": 1,
    "alwaysLatest": 1,
    "createTime": "2019-11-07T10:29:29.000Z",
    "lastUpdateTime": "2019-11-07T10:29:29.000Z",
    "auth": 2,
    "uid": "bd-2101217541",
    "publishedVersion": 0,
    "forkFrom": "-",
    "isSpam": 0,
    "version": 1,
    "parentVersion": -1,
    "echartsVersion": "4.4.0",
    "versionCreateTime": "2019-11-07T10:29:29.000Z",
    "html": "",
    "externalScripts": "",
    "updaterUID": "bd-2101217541",
    "theme": "",
    "layout": "",
    "viewCount": 99,
    "userName": "蝶***海",
    "commentCount": 0,
    "starCount": 0,
    "isStared": 0,
    "thumbnailURL": "https://www.makeapie.com/ecg-storage/ec_gallery_thumbnail/xudlRqObm.png?v=1573122569948",
    "isCustomThumbnail": 0,
    "builtinTags": [
        "category-work",
        "legend",
        "series-pie",
        "title",
        "toolbox"
    ],
    "customTags": [],
    "updaterUserName": "蝶***海"
}