{
    "cid": "xUrxUpkIJ",
    "authorUid": "bd-3334888639",
    "authorUserName": "爽***4",
    "title": "多个颜色的拐点",
    "description": "按小时查看请求量",
    "latestVersion": 1,
    "alwaysLatest": 1,
    "createTime": "2019-11-07T08:14:54.000Z",
    "lastUpdateTime": "2019-11-07T08:14:54.000Z",
    "auth": 2,
    "uid": "bd-3334888639",
    "publishedVersion": 0,
    "forkFrom": "-",
    "isSpam": 0,
    "version": 1,
    "parentVersion": -1,
    "echartsVersion": "4.4.0",
    "versionCreateTime": "2019-11-07T08:14:54.000Z",
    "html": "",
    "externalScripts": "",
    "updaterUID": "bd-3334888639",
    "theme": "",
    "layout": "",
    "viewCount": 562,
    "userName": "爽***4",
    "commentCount": 0,
    "starCount": 7,
    "isStared": 0,
    "thumbnailURL": "https://www.makeapie.com/ecg-storage/ec_gallery_thumbnail/xUrxUpkIJ.png?v=1573114494819",
    "isCustomThumbnail": 0,
    "builtinTags": [
        "category-work",
        "radar",
        "series-radar"
    ],
    "customTags": [],
    "updaterUserName": "爽***4"
}