{
    "cid": "xwbOfNmEu",
    "authorUid": "bd-1110163957",
    "authorUserName": "汝***丶",
    "title": "地图内多饼图示例",
    "description": "",
    "latestVersion": 1,
    "alwaysLatest": 1,
    "createTime": "2019-11-07T08:02:50.000Z",
    "lastUpdateTime": "2019-11-07T08:02:50.000Z",
    "auth": 2,
    "uid": "bd-1110163957",
    "publishedVersion": 0,
    "forkFrom": "-",
    "isSpam": 0,
    "version": 1,
    "parentVersion": -1,
    "echartsVersion": "4.4.0",
    "versionCreateTime": "2019-11-07T08:02:50.000Z",
    "html": "",
    "externalScripts": "",
    "updaterUID": "bd-1110163957",
    "theme": "",
    "layout": "",
    "viewCount": 1138,
    "userName": "汝***丶",
    "commentCount": 0,
    "starCount": 2,
    "isStared": 0,
    "thumbnailURL": "https://www.makeapie.com/ecg-storage/ec_gallery_thumbnail/xwbOfNmEu.png?v=1573113771040",
    "isCustomThumbnail": 0,
    "builtinTags": [
        "category-work",
        "geo",
        "legend",
        "series-effectScatter",
        "series-lines",
        "series-map",
        "series-pie",
        "series-scatter",
        "title",
        "tooltip",
        "visualMap"
    ],
    "customTags": [],
    "updaterUserName": "汝***丶"
}