{
    "cid": "xy5oip9MV",
    "authorUid": "bd-2235327794",
    "authorUserName": "爱***野",
    "title": "关系",
    "description": "",
    "latestVersion": 1,
    "alwaysLatest": 1,
    "createTime": "2019-11-07T06:52:42.000Z",
    "lastUpdateTime": "2019-11-07T06:52:42.000Z",
    "auth": 2,
    "uid": "bd-2235327794",
    "publishedVersion": 0,
    "forkFrom": "-",
    "isSpam": 0,
    "version": 1,
    "parentVersion": -1,
    "echartsVersion": "4.4.0",
    "versionCreateTime": "2019-11-07T06:52:42.000Z",
    "html": "",
    "externalScripts": "",
    "updaterUID": "bd-2235327794",
    "theme": "",
    "layout": "",
    "viewCount": 205,
    "userName": "爱***野",
    "commentCount": 0,
    "starCount": 0,
    "isStared": 0,
    "thumbnailURL": "https://www.makeapie.com/ecg-storage/ec_gallery_thumbnail/xy5oip9MV.png?v=1573109562441",
    "isCustomThumbnail": 0,
    "builtinTags": [
        "category-work",
        "series-graph",
        "tooltip"
    ],
    "customTags": [],
    "updaterUserName": "爱***野"
}