{
    "cid": "x6LtNd4y3-",
    "authorUid": "bd-2731027319",
    "authorUserName": "哟***1",
    "title": "柱状图 叠层",
    "description": "",
    "latestVersion": 5,
    "alwaysLatest": 1,
    "createTime": "2020-05-26T08:25:01.000Z",
    "lastUpdateTime": "2020-05-26T08:25:01.000Z",
    "auth": 1,
    "uid": "bd-2731027319",
    "publishedVersion": 0,
    "forkFrom": "-",
    "isSpam": 0,
    "version": 5,
    "parentVersion": 4,
    "echartsVersion": "4.8.0",
    "versionCreateTime": "2020-08-22T15:00:12.000Z",
    "html": "",
    "externalScripts": "",
    "updaterUID": "obd-oM9VGzxzzSb7dtplLuBiKlseTbcg023",
    "theme": "",
    "layout": "",
    "viewCount": 1678,
    "userName": "哟***1",
    "commentCount": 0,
    "starCount": 7,
    "isStared": 0,
    "thumbnailURL": "https://www.makeapie.com/ecg-storage/ec_gallery_thumbnail/x6LtNd4y3-.png?v=1598108412761",
    "isCustomThumbnail": 0,
    "builtinTags": [
        "category-work",
        "grid",
        "legend",
        "series-bar",
        "tooltip"
    ],
    "customTags": [],
    "updaterUserName": "天***帝"
}