{
    "cid": "x822DisknB",
    "authorUid": "bd-1606641265",
    "authorUserName": "你***1",
    "title": "饼图",
    "description": "",
    "latestVersion": 1,
    "alwaysLatest": 1,
    "createTime": "2020-05-26T09:59:39.000Z",
    "lastUpdateTime": "2020-05-26T09:59:39.000Z",
    "auth": 2,
    "uid": "bd-1606641265",
    "publishedVersion": 0,
    "forkFrom": "-",
    "isSpam": 0,
    "version": 1,
    "parentVersion": -1,
    "echartsVersion": "4.8.0",
    "versionCreateTime": "2020-05-26T09:59:39.000Z",
    "html": "",
    "externalScripts": "",
    "updaterUID": "bd-1606641265",
    "theme": "",
    "layout": "",
    "viewCount": 291,
    "userName": "你***1",
    "commentCount": 0,
    "starCount": 1,
    "isStared": 0,
    "thumbnailURL": "https://www.makeapie.com/ecg-storage/ec_gallery_thumbnail/x822DisknB.png?v=1590487179646",
    "isCustomThumbnail": 0,
    "builtinTags": [
        "category-work",
        "series-pie",
        "tooltip"
    ],
    "customTags": [],
    "updaterUserName": "你***1"
}