{
    "cid": "xAeZF6z_vA",
    "authorUid": "bd-365218436",
    "authorUserName": "G***G",
    "title": "横向柱状图",
    "description": "",
    "latestVersion": 1,
    "alwaysLatest": 1,
    "createTime": "2020-05-26T07:24:24.000Z",
    "lastUpdateTime": "2020-05-26T07:24:24.000Z",
    "auth": 2,
    "uid": "bd-365218436",
    "publishedVersion": 0,
    "forkFrom": "-",
    "isSpam": 0,
    "version": 1,
    "parentVersion": -1,
    "echartsVersion": "4.8.0",
    "versionCreateTime": "2020-05-26T07:24:24.000Z",
    "html": "",
    "externalScripts": "",
    "updaterUID": "bd-365218436",
    "theme": "",
    "layout": "",
    "viewCount": 259,
    "userName": "G***G",
    "commentCount": 0,
    "starCount": 3,
    "isStared": 0,
    "thumbnailURL": "https://www.makeapie.com/ecg-storage/ec_gallery_thumbnail/xAeZF6z_vA.png?v=1590477864869",
    "isCustomThumbnail": 0,
    "builtinTags": [
        "category-work",
        "grid",
        "series-bar",
        "tooltip"
    ],
    "customTags": [],
    "updaterUserName": "G***G"
}