{
    "cid": "xbphkPp_2q",
    "authorUid": "bd-2215764494",
    "authorUserName": "p***g",
    "title": "Duang Duang 的 markPoint",
    "description": "",
    "latestVersion": 1,
    "alwaysLatest": 1,
    "createTime": "2020-05-26T02:30:07.000Z",
    "lastUpdateTime": "2020-05-26T02:30:07.000Z",
    "auth": 2,
    "uid": "bd-2215764494",
    "publishedVersion": 0,
    "forkFrom": "-",
    "isSpam": 0,
    "version": 1,
    "parentVersion": -1,
    "echartsVersion": "4.8.0",
    "versionCreateTime": "2020-05-26T02:30:07.000Z",
    "html": "",
    "externalScripts": "",
    "updaterUID": "bd-2215764494",
    "theme": "",
    "layout": "",
    "viewCount": 773,
    "userName": "p***g",
    "commentCount": 0,
    "starCount": 3,
    "isStared": 0,
    "thumbnailURL": "https://www.makeapie.com/ecg-storage/ec_gallery_thumbnail/xbphkPp_2q.png?v=1590460207980",
    "isCustomThumbnail": 0,
    "builtinTags": [
        "category-work",
        "grid",
        "markPoint",
        "series-line",
        "title"
    ],
    "customTags": [],
    "updaterUserName": "p***g"
}