{
    "cid": "xc3fsjxQ5e",
    "authorUid": "bd-1393317740",
    "authorUserName": "枫***轩",
    "title": "英语top3学校汇总",
    "description": "",
    "latestVersion": 2,
    "alwaysLatest": 1,
    "createTime": "2020-05-26T07:49:26.000Z",
    "lastUpdateTime": "2020-05-26T07:49:26.000Z",
    "auth": 2,
    "uid": "bd-1393317740",
    "publishedVersion": 0,
    "forkFrom": "-",
    "isSpam": 0,
    "version": 2,
    "parentVersion": 1,
    "echartsVersion": "4.8.0",
    "versionCreateTime": "2020-05-26T08:33:29.000Z",
    "html": "",
    "externalScripts": "",
    "updaterUID": "bd-1393317740",
    "theme": "",
    "layout": "",
    "viewCount": 221,
    "userName": "枫***轩",
    "commentCount": 0,
    "starCount": 1,
    "isStared": 0,
    "thumbnailURL": "https://www.makeapie.com/ecg-storage/ec_gallery_thumbnail/xc3fsjxQ5e.png?v=1590482009526",
    "isCustomThumbnail": 0,
    "builtinTags": [
        "category-work",
        "grid",
        "legend",
        "series-bar",
        "series-scatter",
        "title",
        "tooltip"
    ],
    "customTags": [],
    "updaterUserName": "枫***轩"
}