{
    "cid": "xOK3ZYOLKd",
    "authorUid": "bd-1841183165",
    "authorUserName": "o***趣",
    "title": "TEST",
    "description": "",
    "latestVersion": 3,
    "alwaysLatest": 1,
    "createTime": "2020-05-26T01:44:40.000Z",
    "lastUpdateTime": "2020-05-26T01:44:40.000Z",
    "auth": 2,
    "uid": "bd-1841183165",
    "publishedVersion": 0,
    "forkFrom": "-",
    "isSpam": 0,
    "version": 3,
    "parentVersion": 2,
    "echartsVersion": "4.8.0",
    "versionCreateTime": "2020-05-26T01:47:07.000Z",
    "html": "",
    "externalScripts": "",
    "updaterUID": "bd-1841183165",
    "theme": "",
    "layout": "",
    "viewCount": 123,
    "userName": "o***趣",
    "commentCount": 0,
    "starCount": 2,
    "isStared": 0,
    "thumbnailURL": "https://www.makeapie.com/ecg-storage/ec_gallery_thumbnail/xOK3ZYOLKd.png?v=1590457628053",
    "isCustomThumbnail": 0,
    "builtinTags": [
        "category-work",
        "series-pie",
        "title"
    ],
    "customTags": [],
    "updaterUserName": "o***趣"
}