{
    "cid": "xopKOgJMV4",
    "authorUid": "bd-423173735",
    "authorUserName": "奋***3",
    "title": "水位图",
    "description": "利用率，水位图",
    "latestVersion": 1,
    "alwaysLatest": 1,
    "createTime": "2020-05-26T09:00:07.000Z",
    "lastUpdateTime": "2020-05-26T09:00:07.000Z",
    "auth": 2,
    "uid": "bd-423173735",
    "publishedVersion": 0,
    "forkFrom": "-",
    "isSpam": 0,
    "version": 1,
    "parentVersion": -1,
    "echartsVersion": "4.8.0",
    "versionCreateTime": "2020-05-26T09:00:07.000Z",
    "html": "",
    "externalScripts": "",
    "updaterUID": "bd-423173735",
    "theme": "",
    "layout": "",
    "viewCount": 210,
    "userName": "奋***3",
    "commentCount": 0,
    "starCount": 1,
    "isStared": 0,
    "thumbnailURL": "https://www.makeapie.com/ecg-storage/ec_gallery_thumbnail/xopKOgJMV4.png?v=1590483607232",
    "isCustomThumbnail": 0,
    "builtinTags": [
        "category-work",
        "grid",
        "series-bar"
    ],
    "customTags": [],
    "updaterUserName": "奋***3"
}