{
    "cid": "xrwEw_w4Iv",
    "authorUid": "bd-1832650076",
    "authorUserName": "凌***殇",
    "title": "圆形饼图",
    "description": "",
    "latestVersion": 3,
    "alwaysLatest": 1,
    "createTime": "2020-05-26T09:10:12.000Z",
    "lastUpdateTime": "2020-05-26T09:10:12.000Z",
    "auth": 2,
    "uid": "bd-1832650076",
    "publishedVersion": 0,
    "forkFrom": "-",
    "isSpam": 0,
    "version": 3,
    "parentVersion": 2,
    "echartsVersion": "4.8.0",
    "versionCreateTime": "2020-05-27T06:59:39.000Z",
    "html": "",
    "externalScripts": "",
    "updaterUID": "bd-1832650076",
    "theme": "",
    "layout": "",
    "viewCount": 258,
    "userName": "凌***殇",
    "commentCount": 0,
    "starCount": 1,
    "isStared": 0,
    "thumbnailURL": "https://www.makeapie.com/ecg-storage/ec_gallery_thumbnail/xrwEw_w4Iv.png?v=1590562779889",
    "isCustomThumbnail": 0,
    "builtinTags": [
        "category-work",
        "legend",
        "series-pie",
        "title",
        "tooltip"
    ],
    "customTags": [],
    "updaterUserName": "凌***殇"
}