{
    "cid": "xXvAk70RC9",
    "authorUid": "obd-o2IuzGZAUL69XINAJNlfZTfm3IafOBP",
    "authorUserName": "k***h",
    "title": "广东省地图下钻",
    "description": "地图下钻功能",
    "latestVersion": 1,
    "alwaysLatest": 1,
    "createTime": "2020-05-26T02:10:30.000Z",
    "lastUpdateTime": "2020-05-26T02:10:30.000Z",
    "auth": 2,
    "uid": "obd-o2IuzGZAUL69XINAJNlfZTfm3IafOBP",
    "publishedVersion": 0,
    "forkFrom": "-",
    "isSpam": 0,
    "version": 1,
    "parentVersion": -1,
    "echartsVersion": "4.8.0",
    "versionCreateTime": "2020-05-26T02:10:30.000Z",
    "html": "",
    "externalScripts": "",
    "updaterUID": "obd-o2IuzGZAUL69XINAJNlfZTfm3IafOBP",
    "theme": "",
    "layout": "",
    "viewCount": 1803,
    "userName": "k***h",
    "commentCount": 0,
    "starCount": 2,
    "isStared": 0,
    "thumbnailURL": "https://www.makeapie.com/ecg-storage/ec_gallery_thumbnail/xXvAk70RC9.png?v=1590459030759",
    "isCustomThumbnail": 0,
    "builtinTags": [
        "category-work",
        "geo",
        "series-map",
        "series-scatter",
        "tooltip",
        "visualMap"
    ],
    "customTags": [
        "geo",
        "map"
    ],
    "updaterUserName": "k***h"
}