{
    "cid": "xB18xFh_tf",
    "authorUid": "bd-2083917125",
    "authorUserName": "筱***5",
    "title": "蝴蝶-云关键词",
    "description": "",
    "latestVersion": 1,
    "alwaysLatest": 1,
    "createTime": "2018-03-16T03:24:29.000Z",
    "lastUpdateTime": "2018-03-16T03:24:29.000Z",
    "auth": 2,
    "uid": "bd-2083917125",
    "publishedVersion": 0,
    "forkFrom": "-",
    "isSpam": 0,
    "version": 1,
    "parentVersion": -1,
    "echartsVersion": "4.0.4",
    "versionCreateTime": "2018-03-16T03:24:29.000Z",
    "html": "",
    "externalScripts": "",
    "updaterUID": "bd-2083917125",
    "theme": "",
    "layout": "",
    "viewCount": 318,
    "userName": "筱***5",
    "commentCount": 0,
    "starCount": 0,
    "isStared": 0,
    "thumbnailURL": "https://www.makeapie.com/ecg-storage/ec_gallery_thumbnail/xB18xFh_tf.png?v=1521170669802",
    "isCustomThumbnail": 0,
    "builtinTags": [
        "category-work"
    ],
    "customTags": [],
    "updaterUserName": "筱***5"
}