{
    "cid": "xB1MqjJ6KM",
    "authorUid": "bd-139688996",
    "authorUserName": "残月下的面具",
    "title": "多维度柱状图",
    "description": "双y轴，组合图，多维度",
    "latestVersion": 31,
    "alwaysLatest": 1,
    "createTime": "2018-03-19T07:49:30.000Z",
    "lastUpdateTime": "2018-03-19T07:49:30.000Z",
    "auth": 1,
    "uid": "bd-139688996",
    "publishedVersion": 0,
    "forkFrom": "-",
    "isSpam": 0,
    "version": 31,
    "parentVersion": 30,
    "echartsVersion": "4.4.0",
    "versionCreateTime": "2019-12-18T03:13:47.000Z",
    "html": "",
    "externalScripts": "",
    "updaterUID": "bd-1847296511",
    "theme": "",
    "layout": "",
    "viewCount": 12173,
    "userName": "残月下的面具",
    "commentCount": 0,
    "starCount": 20,
    "isStared": 0,
    "thumbnailURL": "https://www.makeapie.com/ecg-storage/ec_gallery_thumbnail/xB1MqjJ6KM.png?v=1576638827504",
    "isCustomThumbnail": 0,
    "builtinTags": [
        "category-work",
        "grid",
        "legend",
        "series-bar",
        "title",
        "tooltip"
    ],
    "customTags": [],
    "updaterUserName": "拽***人"
}