{
    "cid": "xBybKFv8Kz",
    "authorUid": "bd-3376124294",
    "authorUserName": "c***1",
    "title": "城市级实现",
    "description": "",
    "latestVersion": 2,
    "alwaysLatest": 1,
    "createTime": "2018-03-14T09:20:56.000Z",
    "lastUpdateTime": "2018-03-14T09:20:56.000Z",
    "auth": 2,
    "uid": "bd-3376124294",
    "publishedVersion": 0,
    "forkFrom": "-",
    "isSpam": 0,
    "version": 2,
    "parentVersion": 1,
    "echartsVersion": "4.0.4",
    "versionCreateTime": "2018-03-14T09:22:01.000Z",
    "html": "",
    "externalScripts": "",
    "updaterUID": "bd-3376124294",
    "theme": "",
    "layout": "",
    "viewCount": 8752,
    "userName": "c***1",
    "commentCount": 5,
    "starCount": 19,
    "isStared": 0,
    "thumbnailURL": "https://www.makeapie.com/ecg-storage/ec_gallery_thumbnail/xBybKFv8Kz.png?v=1521019321455",
    "isCustomThumbnail": 0,
    "builtinTags": [
        "category-work",
        "legend",
        "series-map",
        "title",
        "toolbox",
        "tooltip",
        "visualMap"
    ],
    "customTags": [],
    "updaterUserName": "c***1"
}