{
    "cid": "xH1uG5gaYG",
    "authorUid": "bd-1442986125",
    "authorUserName": "mafa1993",
    "title": "barGap的使用",
    "description": "利用barGap分类",
    "latestVersion": 1,
    "alwaysLatest": 1,
    "createTime": "2018-03-19T08:51:27.000Z",
    "lastUpdateTime": "2018-03-19T08:51:27.000Z",
    "auth": 2,
    "uid": "bd-1442986125",
    "publishedVersion": 0,
    "forkFrom": "-",
    "isSpam": 0,
    "version": 1,
    "parentVersion": -1,
    "echartsVersion": "4.0.4",
    "versionCreateTime": "2018-03-19T08:51:27.000Z",
    "html": "",
    "externalScripts": "",
    "updaterUID": "bd-1442986125",
    "theme": "",
    "layout": "",
    "viewCount": 91,
    "userName": "mafa1993",
    "commentCount": 0,
    "starCount": 0,
    "isStared": 0,
    "thumbnailURL": "https://www.makeapie.com/ecg-storage/ec_gallery_thumbnail/xH1uG5gaYG.png?v=1521449487927",
    "isCustomThumbnail": 0,
    "builtinTags": [
        "category-work",
        "grid",
        "legend",
        "series-bar",
        "title",
        "tooltip"
    ],
    "customTags": [],
    "updaterUserName": "mafa1993"
}