{
    "cid": "xHkMYLzOKz",
    "authorUid": "bd-442035385",
    "authorUserName": "小***了",
    "title": "伪重力模型",
    "description": "",
    "latestVersion": 2,
    "alwaysLatest": 1,
    "createTime": "2018-03-15T15:51:22.000Z",
    "lastUpdateTime": "2018-03-15T15:51:22.000Z",
    "auth": 2,
    "uid": "bd-442035385",
    "publishedVersion": 0,
    "forkFrom": "-",
    "isSpam": 0,
    "version": 2,
    "parentVersion": 1,
    "echartsVersion": "4.0.4",
    "versionCreateTime": "2018-03-15T15:54:30.000Z",
    "html": "",
    "externalScripts": "",
    "updaterUID": "bd-442035385",
    "theme": "",
    "layout": "",
    "viewCount": 1212,
    "userName": "小***了",
    "commentCount": 0,
    "starCount": 1,
    "isStared": 0,
    "thumbnailURL": "https://www.makeapie.com/ecg-storage/ec_gallery_thumbnail/xHkMYLzOKz.png?v=1521129271006",
    "isCustomThumbnail": 0,
    "builtinTags": [
        "category-work",
        "series-graph",
        "title",
        "toolbox",
        "tooltip"
    ],
    "customTags": [],
    "updaterUserName": "小***了"
}