{
    "cid": "xHyC-YlTYM",
    "authorUid": "bd-1380664696",
    "authorUserName": "丫***咚",
    "title": "占比",
    "description": "圈图占比",
    "latestVersion": 1,
    "alwaysLatest": 1,
    "createTime": "2018-03-19T08:47:02.000Z",
    "lastUpdateTime": "2018-03-19T08:47:02.000Z",
    "auth": 2,
    "uid": "bd-1380664696",
    "publishedVersion": 0,
    "forkFrom": "-",
    "isSpam": 0,
    "version": 1,
    "parentVersion": -1,
    "echartsVersion": "4.0.4",
    "versionCreateTime": "2018-03-19T08:47:02.000Z",
    "html": "",
    "externalScripts": "",
    "updaterUID": "bd-1380664696",
    "theme": "",
    "layout": "",
    "viewCount": 346,
    "userName": "丫***咚",
    "commentCount": 0,
    "starCount": 1,
    "isStared": 0,
    "thumbnailURL": "https://www.makeapie.com/ecg-storage/ec_gallery_thumbnail/xHyC-YlTYM.png?v=1521449222626",
    "isCustomThumbnail": 0,
    "builtinTags": [
        "category-work",
        "legend",
        "series-pie",
        "title",
        "tooltip"
    ],
    "customTags": [],
    "updaterUserName": "丫***咚"
}