{
    "cid": "xHypNjaDKG",
    "authorUid": "bd-1584881622",
    "authorUserName": "akashi20160604",
    "title": "Awesome Chart",
    "description": "11111",
    "latestVersion": 1,
    "alwaysLatest": 1,
    "createTime": "2018-03-15T10:30:13.000Z",
    "lastUpdateTime": "2018-03-15T10:30:13.000Z",
    "auth": 1,
    "uid": "bd-1584881622",
    "publishedVersion": 0,
    "forkFrom": "-",
    "isSpam": 0,
    "version": 1,
    "parentVersion": -1,
    "echartsVersion": "4.0.4",
    "versionCreateTime": "2018-03-15T10:30:13.000Z",
    "html": "",
    "externalScripts": "",
    "updaterUID": "bd-1584881622",
    "theme": "",
    "layout": "",
    "viewCount": 7,
    "userName": "akashi20160604",
    "commentCount": 0,
    "starCount": 0,
    "isStared": 0,
    "thumbnailURL": "https://www.makeapie.com/ecg-storage/ec_gallery_thumbnail/xHypNjaDKG.png?v=1521109813371",
    "isCustomThumbnail": 0,
    "builtinTags": [
        "category-work",
        "grid",
        "series-line",
        "title"
    ],
    "customTags": [],
    "updaterUserName": "akashi20160604"
}