{
    "cid": "xHyy1IJ6tz",
    "authorUid": "bd-139688996",
    "authorUserName": "残月下的面具",
    "title": "柱状图和饼图",
    "description": "不是联动图",
    "latestVersion": 1,
    "alwaysLatest": 1,
    "createTime": "2018-03-19T07:25:10.000Z",
    "lastUpdateTime": "2018-03-19T07:25:10.000Z",
    "auth": 1,
    "uid": "bd-139688996",
    "publishedVersion": 0,
    "forkFrom": "-",
    "isSpam": 0,
    "version": 1,
    "parentVersion": -1,
    "echartsVersion": "4.0.4",
    "versionCreateTime": "2018-03-19T07:25:10.000Z",
    "html": "",
    "externalScripts": "",
    "updaterUID": "bd-139688996",
    "theme": "",
    "layout": "",
    "viewCount": 684,
    "userName": "残月下的面具",
    "commentCount": 0,
    "starCount": 6,
    "isStared": 0,
    "thumbnailURL": "https://www.makeapie.com/ecg-storage/ec_gallery_thumbnail/xHyy1IJ6tz.png?v=1521444310770",
    "isCustomThumbnail": 0,
    "builtinTags": [
        "category-work",
        "grid",
        "legend",
        "series-bar",
        "series-pie",
        "toolbox",
        "tooltip"
    ],
    "customTags": [],
    "updaterUserName": "残月下的面具"
}