{
    "cid": "xrJalfdYKG",
    "authorUid": "bd-2702415119",
    "authorUserName": "口口未央口",
    "title": "按项目状态统计",
    "description": "",
    "latestVersion": 1,
    "alwaysLatest": 1,
    "createTime": "2018-03-16T16:33:56.000Z",
    "lastUpdateTime": "2018-03-16T16:33:56.000Z",
    "auth": 2,
    "uid": "bd-2702415119",
    "publishedVersion": 0,
    "forkFrom": "-",
    "isSpam": 0,
    "version": 1,
    "parentVersion": -1,
    "echartsVersion": "4.0.4",
    "versionCreateTime": "2018-03-16T16:33:56.000Z",
    "html": "",
    "externalScripts": "",
    "updaterUID": "bd-2702415119",
    "theme": "",
    "layout": "",
    "viewCount": 53,
    "userName": "口口未央口",
    "commentCount": 0,
    "starCount": 0,
    "isStared": 0,
    "thumbnailURL": "https://www.makeapie.com/ecg-storage/ec_gallery_thumbnail/xrJalfdYKG.png?v=1521218036989",
    "isCustomThumbnail": 0,
    "builtinTags": [
        "category-work",
        "legend",
        "series-pie",
        "title",
        "tooltip"
    ],
    "customTags": [],
    "updaterUserName": "口口未央口"
}