{
    "cid": "xrki5YxatG",
    "authorUid": "bd-139688996",
    "authorUserName": "残月下的面具",
    "title": "多数据堆叠柱状图",
    "description": "",
    "latestVersion": 2,
    "alwaysLatest": 1,
    "createTime": "2018-03-19T08:49:23.000Z",
    "lastUpdateTime": "2018-03-19T08:49:23.000Z",
    "auth": 1,
    "uid": "bd-139688996",
    "publishedVersion": 0,
    "forkFrom": "-",
    "isSpam": 0,
    "version": 2,
    "parentVersion": 1,
    "echartsVersion": "4.8.0",
    "versionCreateTime": "2021-04-15T14:34:17.000Z",
    "html": "",
    "externalScripts": "",
    "updaterUID": "obd-oFDGqF4ZkU8L2gqZTlKhB95qDYRgN5F",
    "theme": "",
    "layout": "",
    "viewCount": 321,
    "userName": "残月下的面具",
    "commentCount": 0,
    "starCount": 1,
    "isStared": 0,
    "thumbnailURL": "https://www.makeapie.com/ecg-storage/ec_gallery_thumbnail/xrki5YxatG.png?v=1618497257138",
    "isCustomThumbnail": 0,
    "builtinTags": [
        "category-work",
        "dataZoom",
        "grid",
        "legend",
        "series-bar",
        "toolbox",
        "tooltip"
    ],
    "customTags": [],
    "updaterUserName": "176******59"
}