{
    "cid": "xrynTG5jYz",
    "authorUid": "bd-1966289498",
    "authorUserName": "可爱的smc",
    "title": "2018-03-18",
    "description": "",
    "latestVersion": 1,
    "alwaysLatest": 1,
    "createTime": "2018-03-18T07:18:28.000Z",
    "lastUpdateTime": "2018-03-18T07:18:28.000Z",
    "auth": 2,
    "uid": "bd-1966289498",
    "publishedVersion": 0,
    "forkFrom": "-",
    "isSpam": 0,
    "version": 1,
    "parentVersion": -1,
    "echartsVersion": "4.0.4",
    "versionCreateTime": "2018-03-18T07:18:28.000Z",
    "html": "",
    "externalScripts": "",
    "updaterUID": "bd-1966289498",
    "theme": "",
    "layout": "",
    "viewCount": 136,
    "userName": "可爱的smc",
    "commentCount": 0,
    "starCount": 1,
    "isStared": 0,
    "thumbnailURL": "https://www.makeapie.com/ecg-storage/ec_gallery_thumbnail/xrynTG5jYz.png?v=1521357508242",
    "isCustomThumbnail": 0,
    "builtinTags": [
        "category-work",
        "dataZoom",
        "grid",
        "series-bar"
    ],
    "customTags": [],
    "updaterUserName": "可爱的smc"
}