{
    "cid": "xSJbpLkatf",
    "authorUid": "bd-139688996",
    "authorUserName": "残月下的面具",
    "title": "堆叠图",
    "description": "",
    "latestVersion": 5,
    "alwaysLatest": 1,
    "createTime": "2018-03-19T07:28:57.000Z",
    "lastUpdateTime": "2018-03-19T07:28:57.000Z",
    "auth": 1,
    "uid": "bd-139688996",
    "publishedVersion": 0,
    "forkFrom": "-",
    "isSpam": 0,
    "version": 5,
    "parentVersion": 4,
    "echartsVersion": "4.4.0",
    "versionCreateTime": "2020-02-11T05:19:42.000Z",
    "html": "",
    "externalScripts": "",
    "updaterUID": "bd-2593499801",
    "theme": "",
    "layout": "",
    "viewCount": 229,
    "userName": "残月下的面具",
    "commentCount": 0,
    "starCount": 2,
    "isStared": 0,
    "thumbnailURL": "https://www.makeapie.com/ecg-storage/ec_gallery_thumbnail/xSJbpLkatf.png?v=1581398382601",
    "isCustomThumbnail": 0,
    "builtinTags": [
        "category-work",
        "dataZoom",
        "grid",
        "legend",
        "series-bar",
        "toolbox",
        "tooltip"
    ],
    "customTags": [],
    "updaterUserName": "淡***2"
}