{
    "cid": "xSkeSZ_dFf",
    "authorUid": "bd-1393317740",
    "authorUserName": "枫***轩",
    "title": "多图联动",
    "description": "",
    "latestVersion": 4,
    "alwaysLatest": 1,
    "createTime": "2018-03-15T22:18:31.000Z",
    "lastUpdateTime": "2018-03-15T22:33:50.000Z",
    "auth": 2,
    "uid": "bd-1393317740",
    "publishedVersion": 0,
    "forkFrom": "-",
    "isSpam": 0,
    "version": 4,
    "parentVersion": 3,
    "echartsVersion": "4.0.4",
    "versionCreateTime": "2018-03-15T22:28:25.000Z",
    "html": "",
    "externalScripts": "",
    "updaterUID": "bd-1393317740",
    "theme": "",
    "layout": "{\"name\":\"1xN\",\"width\":[\"100%\"],\"height\":[\"100%\"]}",
    "viewCount": 218,
    "userName": "枫***轩",
    "commentCount": 0,
    "starCount": 0,
    "isStared": 0,
    "thumbnailURL": "https://www.makeapie.com/ecg-storage/ec_gallery_thumbnail/xSkeSZ_dFf.png?v=1521152905233",
    "isCustomThumbnail": 0,
    "builtinTags": [],
    "customTags": [],
    "updaterUserName": "枫***轩"
}