{
    "cid": "x1mqC3N8Ty",
    "authorUid": "bd-2215896966",
    "authorUserName": "4***8",
    "title": "每隔几秒切换地图",
    "description": "每隔几秒切换地图",
    "latestVersion": 2,
    "alwaysLatest": 1,
    "createTime": "2019-04-03T01:48:34.000Z",
    "lastUpdateTime": "2019-04-03T01:48:34.000Z",
    "auth": 2,
    "uid": "bd-2215896966",
    "publishedVersion": 0,
    "forkFrom": "-",
    "isSpam": 0,
    "version": 2,
    "parentVersion": 1,
    "echartsVersion": "4.2.1",
    "versionCreateTime": "2019-04-03T01:49:49.000Z",
    "html": "",
    "externalScripts": "/dep/echarts/map/js/china.js",
    "updaterUID": "bd-2215896966",
    "theme": "",
    "layout": "",
    "viewCount": 722,
    "userName": "4***8",
    "commentCount": 0,
    "starCount": 2,
    "isStared": 0,
    "thumbnailURL": "https://www.makeapie.com/ecg-storage/ec_gallery_thumbnail/x1mqC3N8Ty.png?v=1554256189642",
    "isCustomThumbnail": 0,
    "builtinTags": [
        "category-work",
        "legend",
        "series-map",
        "toolbox",
        "tooltip",
        "visualMap"
    ],
    "customTags": [],
    "updaterUserName": "4***8"
}