{
    "cid": "xagctn9So7",
    "authorUid": "bd-3246412109",
    "authorUserName": "不***森",
    "title": "",
    "description": "",
    "latestVersion": 3,
    "alwaysLatest": 1,
    "createTime": "2019-04-03T09:03:21.000Z",
    "lastUpdateTime": "2019-04-03T09:03:21.000Z",
    "auth": 2,
    "uid": "bd-3246412109",
    "publishedVersion": 0,
    "forkFrom": "-",
    "isSpam": 0,
    "version": 3,
    "parentVersion": 2,
    "echartsVersion": "4.2.1",
    "versionCreateTime": "2019-04-03T09:04:02.000Z",
    "html": "",
    "externalScripts": "",
    "updaterUID": "bd-3246412109",
    "theme": "",
    "layout": "",
    "viewCount": 266,
    "userName": "不***森",
    "commentCount": 0,
    "starCount": 2,
    "isStared": 0,
    "thumbnailURL": "https://www.makeapie.com/ecg-storage/ec_gallery_thumbnail/xagctn9So7.png?v=1554282242180",
    "isCustomThumbnail": 0,
    "builtinTags": [
        "category-work",
        "grid",
        "series-bar"
    ],
    "customTags": [],
    "updaterUserName": "不***森"
}