{
    "cid": "xbmbTwFWhB",
    "authorUid": "bd-2399896732",
    "authorUserName": "嘿哈哈嘿呵",
    "title": "折线图堆叠",
    "description": "网格+数据点小图标",
    "latestVersion": 4,
    "alwaysLatest": 1,
    "createTime": "2019-04-02T07:45:39.000Z",
    "lastUpdateTime": "2019-04-02T07:45:39.000Z",
    "auth": 2,
    "uid": "bd-2399896732",
    "publishedVersion": 0,
    "forkFrom": "-",
    "isSpam": 0,
    "version": 4,
    "parentVersion": 3,
    "echartsVersion": "4.2.1",
    "versionCreateTime": "2019-04-02T08:05:50.000Z",
    "html": "",
    "externalScripts": "",
    "updaterUID": "bd-2399896732",
    "theme": "",
    "layout": "",
    "viewCount": 161,
    "userName": "嘿哈哈嘿呵",
    "commentCount": 0,
    "starCount": 0,
    "isStared": 0,
    "thumbnailURL": "https://www.makeapie.com/ecg-storage/ec_gallery_thumbnail/xbmbTwFWhB.png?v=1554192351022",
    "isCustomThumbnail": 0,
    "builtinTags": [
        "category-work",
        "grid",
        "legend",
        "series-line",
        "title",
        "toolbox",
        "tooltip"
    ],
    "customTags": [],
    "updaterUserName": "嘿哈哈嘿呵"
}