{
    "cid": "xgA3IW-eTe",
    "authorUid": "bd-2861661645",
    "authorUserName": "A***g",
    "title": "学校类进度条描述数量",
    "description": "象形进度条，动态控制样式",
    "latestVersion": 1,
    "alwaysLatest": 1,
    "createTime": "2019-04-04T02:19:44.000Z",
    "lastUpdateTime": "2019-04-04T02:19:44.000Z",
    "auth": 1,
    "uid": "bd-2861661645",
    "publishedVersion": 0,
    "forkFrom": "-",
    "isSpam": 0,
    "version": 1,
    "parentVersion": -1,
    "echartsVersion": "4.2.1",
    "versionCreateTime": "2019-04-04T02:19:44.000Z",
    "html": "",
    "externalScripts": "",
    "updaterUID": "bd-2861661645",
    "theme": "",
    "layout": "",
    "viewCount": 176,
    "userName": "A***g",
    "commentCount": 0,
    "starCount": 3,
    "isStared": 0,
    "thumbnailURL": "https://www.makeapie.com/ecg-storage/ec_gallery_thumbnail/xgA3IW-eTe.png?v=1554344384475",
    "isCustomThumbnail": 0,
    "builtinTags": [
        "category-work",
        "grid",
        "series-pictorialBar",
        "tooltip"
    ],
    "customTags": [],
    "updaterUserName": "A***g"
}