{
    "cid": "xhefpV_5zB",
    "authorUid": "bd-3246412109",
    "authorUserName": "不***森",
    "title": "单位:组",
    "description": "",
    "latestVersion": 1,
    "alwaysLatest": 1,
    "createTime": "2019-04-03T09:32:39.000Z",
    "lastUpdateTime": "2019-04-03T09:32:39.000Z",
    "auth": 2,
    "uid": "bd-3246412109",
    "publishedVersion": 0,
    "forkFrom": "-",
    "isSpam": 0,
    "version": 1,
    "parentVersion": -1,
    "echartsVersion": "4.2.1",
    "versionCreateTime": "2019-04-03T09:32:39.000Z",
    "html": "",
    "externalScripts": "",
    "updaterUID": "bd-3246412109",
    "theme": "",
    "layout": "",
    "viewCount": 15,
    "userName": "不***森",
    "commentCount": 0,
    "starCount": 0,
    "isStared": 0,
    "thumbnailURL": "https://www.makeapie.com/ecg-storage/ec_gallery_thumbnail/xhefpV_5zB.png?v=1554283959663",
    "isCustomThumbnail": 0,
    "builtinTags": [
        "category-work",
        "grid",
        "legend",
        "series-line",
        "title"
    ],
    "customTags": [],
    "updaterUserName": "不***森"
}