{
    "cid": "xmhkuirW8z",
    "authorUid": "bd-2969836162",
    "authorUserName": "coolsky",
    "title": "101",
    "description": "101",
    "latestVersion": 5,
    "alwaysLatest": 1,
    "createTime": "2019-04-03T06:41:27.000Z",
    "lastUpdateTime": "2019-04-03T06:41:27.000Z",
    "auth": 2,
    "uid": "bd-2969836162",
    "publishedVersion": 0,
    "forkFrom": "-",
    "isSpam": 0,
    "version": 5,
    "parentVersion": 4,
    "echartsVersion": "4.2.1",
    "versionCreateTime": "2019-04-03T06:50:59.000Z",
    "html": "",
    "externalScripts": "",
    "updaterUID": "bd-2969836162",
    "theme": "",
    "layout": "",
    "viewCount": 41,
    "userName": "coolsky",
    "commentCount": 0,
    "starCount": 0,
    "isStared": 0,
    "thumbnailURL": "https://www.makeapie.com/ecg-storage/ec_gallery_thumbnail/xmhkuirW8z.png?v=1554274259837",
    "isCustomThumbnail": 0,
    "builtinTags": [
        "category-work",
        "dataZoom",
        "grid",
        "legend",
        "series-line",
        "title",
        "toolbox",
        "tooltip"
    ],
    "customTags": [],
    "updaterUserName": "coolsky"
}