{
    "cid": "xN148eCznT",
    "authorUid": "bd-143495432",
    "authorUserName": "d***3",
    "title": "柱状",
    "description": "yes",
    "latestVersion": 1,
    "alwaysLatest": 1,
    "createTime": "2019-04-03T04:08:10.000Z",
    "lastUpdateTime": "2019-04-03T04:08:10.000Z",
    "auth": 2,
    "uid": "bd-143495432",
    "publishedVersion": 0,
    "forkFrom": "-",
    "isSpam": 0,
    "version": 1,
    "parentVersion": -1,
    "echartsVersion": "4.2.1",
    "versionCreateTime": "2019-04-03T04:08:10.000Z",
    "html": "",
    "externalScripts": "",
    "updaterUID": "bd-143495432",
    "theme": "",
    "layout": "",
    "viewCount": 93,
    "userName": "d***3",
    "commentCount": 0,
    "starCount": 1,
    "isStared": 0,
    "thumbnailURL": "https://www.makeapie.com/ecg-storage/ec_gallery_thumbnail/xN148eCznT.png?v=1554264490772",
    "isCustomThumbnail": 0,
    "builtinTags": [
        "category-work",
        "grid",
        "markLine",
        "series-bar",
        "series-pictorialBar"
    ],
    "customTags": [],
    "updaterUserName": "d***3"
}