{
    "cid": "xQITlRKsl_",
    "authorUid": "bd-2133619855",
    "authorUserName": "小***乖",
    "title": "多闭环曲线展示",
    "description": "",
    "latestVersion": 2,
    "alwaysLatest": 1,
    "createTime": "2019-04-02T07:10:53.000Z",
    "lastUpdateTime": "2019-04-02T07:10:53.000Z",
    "auth": 2,
    "uid": "bd-2133619855",
    "publishedVersion": 0,
    "forkFrom": "-",
    "isSpam": 0,
    "version": 2,
    "parentVersion": 1,
    "echartsVersion": "4.2.1",
    "versionCreateTime": "2019-07-16T02:46:42.000Z",
    "html": "",
    "externalScripts": "",
    "updaterUID": "bd-2133619855",
    "theme": "",
    "layout": "",
    "viewCount": 479,
    "userName": "小***乖",
    "commentCount": 0,
    "starCount": 2,
    "isStared": 0,
    "thumbnailURL": "https://www.makeapie.com/ecg-storage/ec_gallery_thumbnail/xQITlRKsl_.png?v=1563245203035",
    "isCustomThumbnail": 0,
    "builtinTags": [
        "category-work",
        "grid",
        "legend",
        "markPoint",
        "series-line"
    ],
    "customTags": [],
    "updaterUserName": "小***乖"
}