{
    "cid": "xxfjAItsJV",
    "authorUid": "bd-2858071105",
    "authorUserName": "xiaojian201502",
    "title": "圆环图",
    "description": "",
    "latestVersion": 1,
    "alwaysLatest": 1,
    "createTime": "2019-04-04T02:20:00.000Z",
    "lastUpdateTime": "2019-04-04T02:20:00.000Z",
    "auth": 2,
    "uid": "bd-2858071105",
    "publishedVersion": 0,
    "forkFrom": "-",
    "isSpam": 0,
    "version": 1,
    "parentVersion": -1,
    "echartsVersion": "4.2.1",
    "versionCreateTime": "2019-04-04T02:20:00.000Z",
    "html": "",
    "externalScripts": "",
    "updaterUID": "bd-2858071105",
    "theme": "",
    "layout": "",
    "viewCount": 761,
    "userName": "xiaojian201502",
    "commentCount": 0,
    "starCount": 3,
    "isStared": 0,
    "thumbnailURL": "https://www.makeapie.com/ecg-storage/ec_gallery_thumbnail/xxfjAItsJV.png?v=1554344400280",
    "isCustomThumbnail": 0,
    "builtinTags": [
        "category-work",
        "polar",
        "series-bar",
        "series-custom"
    ],
    "customTags": [],
    "updaterUserName": "xiaojian201502"
}