{
    "cid": "xB1DDvCyOW",
    "authorUid": "bd-658419289",
    "authorUserName": "经***4",
    "title": "双层圆环图",
    "description": "简单便捷，随拿随用的双圆环图",
    "latestVersion": 7,
    "alwaysLatest": 1,
    "createTime": "2017-08-15T02:07:26.000Z",
    "lastUpdateTime": "2017-08-15T02:07:26.000Z",
    "auth": 1,
    "uid": "bd-658419289",
    "publishedVersion": 0,
    "forkFrom": "-",
    "isSpam": 0,
    "version": 7,
    "parentVersion": 6,
    "echartsVersion": "3.8.0",
    "versionCreateTime": "2020-03-13T16:54:14.000Z",
    "html": "",
    "externalScripts": "/dep/echarts/map/js/china.js",
    "updaterUID": "bd-3091257856",
    "theme": "",
    "layout": "",
    "viewCount": 3741,
    "userName": "经***4",
    "commentCount": 0,
    "starCount": 15,
    "isStared": 0,
    "thumbnailURL": "https://www.makeapie.com/ecg-storage/ec_gallery_thumbnail/xB1DDvCyOW.png?v=1584118454937",
    "isCustomThumbnail": 0,
    "builtinTags": [
        "category-work",
        "legend",
        "series-pie",
        "title",
        "toolbox",
        "tooltip"
    ],
    "customTags": [],
    "updaterUserName": "时***儿"
}