{
    "cid": "xB1j4-pAvW",
    "authorUid": "bd-2785207534",
    "authorUserName": "George0627",
    "title": "",
    "description": "",
    "latestVersion": 2,
    "alwaysLatest": 1,
    "createTime": "2017-08-14T06:20:35.000Z",
    "lastUpdateTime": "2017-08-14T06:20:35.000Z",
    "auth": 2,
    "uid": "bd-2785207534",
    "publishedVersion": 0,
    "forkFrom": "-",
    "isSpam": 0,
    "version": 2,
    "parentVersion": 1,
    "echartsVersion": "3.6.2",
    "versionCreateTime": "2017-08-14T06:21:02.000Z",
    "html": "",
    "externalScripts": "",
    "updaterUID": "bd-2785207534",
    "theme": "",
    "layout": "",
    "viewCount": 527,
    "userName": "George0627",
    "commentCount": 0,
    "starCount": 3,
    "isStared": 0,
    "thumbnailURL": "https://www.makeapie.com/ecg-storage/ec_gallery_thumbnail/xB1j4-pAvW.png?v=1502691662526",
    "isCustomThumbnail": 0,
    "builtinTags": [
        "category-work",
        "grid",
        "series-bar"
    ],
    "customTags": [],
    "updaterUserName": "George0627"
}