{
    "cid": "xBk_DDgdPb",
    "authorUid": "bd-4013131402",
    "authorUserName": "o***4",
    "title": "K 线图的时间数据截断",
    "description": "",
    "latestVersion": 2,
    "alwaysLatest": 1,
    "createTime": "2017-08-09T02:45:51.000Z",
    "lastUpdateTime": "2017-08-09T02:45:51.000Z",
    "auth": 2,
    "uid": "bd-4013131402",
    "publishedVersion": 0,
    "forkFrom": "-",
    "isSpam": 0,
    "version": 2,
    "parentVersion": 1,
    "echartsVersion": "3.7.1",
    "versionCreateTime": "2017-09-02T01:12:36.000Z",
    "html": "",
    "externalScripts": "",
    "updaterUID": "bd-4013131402",
    "theme": "",
    "layout": "",
    "viewCount": 1066,
    "userName": "o***4",
    "commentCount": 0,
    "starCount": 0,
    "isStared": 0,
    "thumbnailURL": "https://www.makeapie.com/ecg-storage/ec_gallery_thumbnail/xBk_DDgdPb.png?v=1504314757043",
    "isCustomThumbnail": 0,
    "builtinTags": [
        "category-work",
        "grid",
        "series-candlestick",
        "title"
    ],
    "customTags": [],
    "updaterUserName": "o***4"
}