{
    "cid": "xByUX8HuDZ",
    "authorUid": "bd-2098078919",
    "authorUserName": "snowolf0712",
    "title": "全国生猪生产发展规划（2016-2020年）",
    "description": "大地丰收制图",
    "latestVersion": 3,
    "alwaysLatest": 1,
    "createTime": "2017-08-09T08:21:50.000Z",
    "lastUpdateTime": "2017-08-09T08:21:50.000Z",
    "auth": 2,
    "uid": "bd-2098078919",
    "publishedVersion": 0,
    "forkFrom": "-",
    "isSpam": 0,
    "version": 3,
    "parentVersion": 2,
    "echartsVersion": "3.6.2",
    "versionCreateTime": "2017-08-09T09:04:54.000Z",
    "html": "",
    "externalScripts": "/dep/echarts/map/js/china.js",
    "updaterUID": "bd-2098078919",
    "theme": "",
    "layout": "",
    "viewCount": 5141,
    "userName": "snowolf0712",
    "commentCount": 0,
    "starCount": 9,
    "isStared": 0,
    "thumbnailURL": "https://www.makeapie.com/ecg-storage/ec_gallery_thumbnail/xByUX8HuDZ.png?v=1502269495108",
    "isCustomThumbnail": 0,
    "builtinTags": [
        "category-work",
        "series-map",
        "title",
        "toolbox",
        "tooltip",
        "visualMap"
    ],
    "customTags": [],
    "updaterUserName": "snowolf0712"
}