{
    "cid": "xH1Ewl8PDW",
    "authorUid": "bd-3796128407",
    "authorUserName": "王***响",
    "title": "Statistics on the amount of paper used this month",
    "description": " The data comes from the Property Department",
    "latestVersion": 1,
    "alwaysLatest": 1,
    "createTime": "2017-08-08T14:53:16.000Z",
    "lastUpdateTime": "2017-08-08T14:53:16.000Z",
    "auth": 2,
    "uid": "bd-3796128407",
    "publishedVersion": 0,
    "forkFrom": "-",
    "isSpam": 0,
    "version": 1,
    "parentVersion": -1,
    "echartsVersion": "3.6.2",
    "versionCreateTime": "2017-08-08T14:53:16.000Z",
    "html": "",
    "externalScripts": "",
    "updaterUID": "bd-3796128407",
    "theme": "",
    "layout": "",
    "viewCount": 218,
    "userName": "王***响",
    "commentCount": 0,
    "starCount": 1,
    "isStared": 0,
    "thumbnailURL": "https://www.makeapie.com/ecg-storage/ec_gallery_thumbnail/xH1Ewl8PDW.png?v=1502203996357",
    "isCustomThumbnail": 0,
    "builtinTags": [
        "category-work",
        "series-pie",
        "title",
        "tooltip"
    ],
    "customTags": [],
    "updaterUserName": "王***响"
}