{
    "cid": "xH1odBjtDZ",
    "authorUid": "bd-3898251746",
    "authorUserName": "尤学谦",
    "title": "以正数显示负数的坐标和值",
    "description": "在使用带正负值的条形图有时候需要将负值以正数的形式展现出来",
    "latestVersion": 2,
    "alwaysLatest": 1,
    "createTime": "2017-08-10T09:20:51.000Z",
    "lastUpdateTime": "2017-08-10T09:20:51.000Z",
    "auth": 2,
    "uid": "bd-3898251746",
    "publishedVersion": 0,
    "forkFrom": "-",
    "isSpam": 0,
    "version": 2,
    "parentVersion": 1,
    "echartsVersion": "3.7.1",
    "versionCreateTime": "2017-09-21T07:31:23.000Z",
    "html": "",
    "externalScripts": "",
    "updaterUID": "bd-3898251746",
    "theme": "",
    "layout": "",
    "viewCount": 2535,
    "userName": "尤学谦",
    "commentCount": 0,
    "starCount": 6,
    "isStared": 0,
    "thumbnailURL": "https://www.makeapie.com/ecg-storage/ec_gallery_thumbnail/xH1odBjtDZ.png?v=1502356851357",
    "isCustomThumbnail": 1,
    "builtinTags": [
        "category-work",
        "grid",
        "legend",
        "series-bar",
        "tooltip"
    ],
    "customTags": [],
    "updaterUserName": "尤学谦"
}