{
    "cid": "xHJllBesD-",
    "authorUid": "bd-424015051",
    "authorUserName": "无影的风123456",
    "title": "网络攻击",
    "description": "网络攻击特效",
    "latestVersion": 69,
    "alwaysLatest": 1,
    "createTime": "2017-08-11T09:12:08.000Z",
    "lastUpdateTime": "2017-08-11T09:12:08.000Z",
    "auth": 1,
    "uid": "bd-424015051",
    "publishedVersion": 0,
    "forkFrom": "-",
    "isSpam": 0,
    "version": 69,
    "parentVersion": 68,
    "echartsVersion": "3.8.0",
    "versionCreateTime": "2020-07-29T06:22:03.000Z",
    "html": "",
    "externalScripts": "/dep/echarts/map/js/china.js",
    "updaterUID": "obd-ot1TpXSaL37sn3Kj5tUzOjmn17jYx80",
    "theme": "",
    "layout": "",
    "viewCount": 24003,
    "userName": "无影的风123456",
    "commentCount": 3,
    "starCount": 29,
    "isStared": 0,
    "thumbnailURL": "https://www.makeapie.com/ecg-storage/ec_gallery_thumbnail/xHJllBesD-.png?v=1596003723240",
    "isCustomThumbnail": 0,
    "builtinTags": [
        "category-work",
        "geo",
        "series-effectScatter",
        "series-lines",
        "series-scatter",
        "visualMap"
    ],
    "customTags": [],
    "updaterUserName": "永***香"
}