{
    "cid": "xHJo2838Pb",
    "authorUid": "bd-1832203306",
    "authorUserName": "小***a",
    "title": "echarts 节点过多展示问题使用graphGL方案替代效果",
    "description": "echarts 节点过多(大于1000左右)展示卡顿，使用graphGL方案替代，但缺点是动画效果没有echart力图好。",
    "latestVersion": 1,
    "alwaysLatest": 1,
    "createTime": "2017-08-08T03:57:38.000Z",
    "lastUpdateTime": "2017-08-08T03:57:38.000Z",
    "auth": 1,
    "uid": "bd-1832203306",
    "publishedVersion": 0,
    "forkFrom": "-",
    "isSpam": 0,
    "version": 1,
    "parentVersion": -1,
    "echartsVersion": "3.6.2",
    "versionCreateTime": "2017-08-08T03:57:38.000Z",
    "html": "",
    "externalScripts": "http://echarts.baidu.com/resource/echarts-gl-latest/dist/echarts-gl.min.js",
    "updaterUID": "bd-1832203306",
    "theme": "",
    "layout": "",
    "viewCount": 198,
    "userName": "小***a",
    "commentCount": 1,
    "starCount": 0,
    "isStared": 0,
    "thumbnailURL": "https://www.makeapie.com/ecg-storage/ec_gallery_thumbnail/xHJo2838Pb.png?v=1502164659066",
    "isCustomThumbnail": 0,
    "builtinTags": [
        "category-work",
        "series-graphGL"
    ],
    "customTags": [
        "力图",
        "展示",
        "节点数据量"
    ],
    "updaterUserName": "小***a"
}