{
    "cid": "xHy9R1xqPZ",
    "authorUid": "bd-1515649092",
    "authorUserName": "可***字",
    "title": "进度试百分比",
    "description": "通过平铺试条形图，取负值变堆叠，然后计算百分比",
    "latestVersion": 1,
    "alwaysLatest": 1,
    "createTime": "2017-08-10T14:38:09.000Z",
    "lastUpdateTime": "2017-08-10T14:38:09.000Z",
    "auth": 2,
    "uid": "bd-1515649092",
    "publishedVersion": 0,
    "forkFrom": "-",
    "isSpam": 0,
    "version": 1,
    "parentVersion": -1,
    "echartsVersion": "3.6.2",
    "versionCreateTime": "2017-08-10T14:38:09.000Z",
    "html": "",
    "externalScripts": "",
    "updaterUID": "bd-1515649092",
    "theme": "",
    "layout": "",
    "viewCount": 1616,
    "userName": "可***字",
    "commentCount": 0,
    "starCount": 8,
    "isStared": 0,
    "thumbnailURL": "https://www.makeapie.com/ecg-storage/ec_gallery_thumbnail/xHy9R1xqPZ.png?v=1502375889992",
    "isCustomThumbnail": 0,
    "builtinTags": [
        "category-work",
        "grid",
        "legend",
        "series-bar",
        "tooltip"
    ],
    "customTags": [],
    "updaterUserName": "可***字"
}