{
    "cid": "xHyywu-dvW",
    "authorUid": "bd-3206180190",
    "authorUserName": "s***2",
    "title": "基于NDVI的YYX冬小麦长势监测数据的分析(云保科技)",
    "description": "",
    "latestVersion": 1,
    "alwaysLatest": 1,
    "createTime": "2017-08-09T03:58:15.000Z",
    "lastUpdateTime": "2017-08-09T03:58:15.000Z",
    "auth": 2,
    "uid": "bd-3206180190",
    "publishedVersion": 0,
    "forkFrom": "-",
    "isSpam": 0,
    "version": 1,
    "parentVersion": -1,
    "echartsVersion": "3.6.2",
    "versionCreateTime": "2017-08-09T03:58:15.000Z",
    "html": "",
    "externalScripts": "",
    "updaterUID": "bd-3206180190",
    "theme": "",
    "layout": "",
    "viewCount": 435,
    "userName": "s***2",
    "commentCount": 0,
    "starCount": 4,
    "isStared": 0,
    "thumbnailURL": "https://www.makeapie.com/ecg-storage/ec_gallery_thumbnail/xHyywu-dvW.png?v=1502251095424",
    "isCustomThumbnail": 0,
    "builtinTags": [
        "category-work",
        "grid",
        "legend",
        "series-line",
        "title",
        "tooltip"
    ],
    "customTags": [],
    "updaterUserName": "s***2"
}