{
    "cid": "xr1t2vHdDb",
    "authorUid": "bd-3089265680",
    "authorUserName": "涛仔TZ",
    "title": "我来测试看看",
    "description": "",
    "latestVersion": 1,
    "alwaysLatest": 1,
    "createTime": "2017-08-09T08:28:33.000Z",
    "lastUpdateTime": "2017-08-09T08:28:33.000Z",
    "auth": 2,
    "uid": "bd-3089265680",
    "publishedVersion": 0,
    "forkFrom": "-",
    "isSpam": 0,
    "version": 1,
    "parentVersion": -1,
    "echartsVersion": "3.6.2",
    "versionCreateTime": "2017-08-09T08:28:33.000Z",
    "html": "",
    "externalScripts": "http://echarts.baidu.com/resource/echarts-gl-latest/dist/echarts-gl.min.js,/dep/echarts/map/js/china.js,/dep/echarts/map/js/world.js,http://echarts.baidu.com/resource/echarts-stat-latest/dist/ecStat.min.js,/dep/echarts/latest/extension/dataTool.min.js,https://cdn.bootcss.com/PapaParse/4.1.2/papaparse.min.js,/dep/echarts/latest/extension/bmap.min.js,http://echarts.baidu.com/resource/echarts-liquidfill-latest/dist/echarts-liquidfill.min.js,https://cdn.rawgit.com/ecomfe/echarts-wordcloud/833ed011/dist/echarts-wordcloud.min.js",
    "updaterUID": "bd-3089265680",
    "theme": "dark",
    "layout": "",
    "viewCount": 1273,
    "userName": "涛仔TZ",
    "commentCount": 0,
    "starCount": 1,
    "isStared": 0,
    "thumbnailURL": "https://www.makeapie.com/ecg-storage/ec_gallery_thumbnail/xr1t2vHdDb.png?v=1502267313360",
    "isCustomThumbnail": 0,
    "builtinTags": [
        "category-work",
        "series-map"
    ],
    "customTags": [],
    "updaterUserName": "涛仔TZ"
}