{
    "cid": "xS1RE3esvb",
    "authorUid": "bd-3725771171",
    "authorUserName": "E_c_h_o",
    "title": "山西高新技术企业分布",
    "description": "",
    "latestVersion": 3,
    "alwaysLatest": 1,
    "createTime": "2017-08-11T09:43:18.000Z",
    "lastUpdateTime": "2017-08-11T09:43:18.000Z",
    "auth": 2,
    "uid": "bd-3725771171",
    "publishedVersion": 0,
    "forkFrom": "-",
    "isSpam": 0,
    "version": 3,
    "parentVersion": 2,
    "echartsVersion": "3.7.0",
    "versionCreateTime": "2017-08-30T12:08:14.000Z",
    "html": "",
    "externalScripts": "http://echarts.baidu.com/asset/map/js/province/shanxi.js",
    "updaterUID": "bd-3725771171",
    "theme": "",
    "layout": "",
    "viewCount": 942,
    "userName": "E_c_h_o",
    "commentCount": 0,
    "starCount": 6,
    "isStared": 0,
    "thumbnailURL": "https://www.makeapie.com/ecg-storage/ec_gallery_thumbnail/xS1RE3esvb.png?v=1504094894442",
    "isCustomThumbnail": 0,
    "builtinTags": [
        "category-work",
        "geo",
        "legend",
        "series-effectScatter",
        "tooltip"
    ],
    "customTags": [],
    "updaterUserName": "E_c_h_o"
}