{
    "cid": "xSyVy8b_wZ",
    "authorUid": "bd-3206180190",
    "authorUserName": "s***2",
    "title": "点击市区，提取市区名称",
    "description": "",
    "latestVersion": 1,
    "alwaysLatest": 1,
    "createTime": "2017-08-09T03:47:39.000Z",
    "lastUpdateTime": "2017-08-09T03:47:39.000Z",
    "auth": 2,
    "uid": "bd-3206180190",
    "publishedVersion": 0,
    "forkFrom": "-",
    "isSpam": 0,
    "version": 1,
    "parentVersion": -1,
    "echartsVersion": "3.6.2",
    "versionCreateTime": "2017-08-09T03:47:39.000Z",
    "html": "",
    "externalScripts": "",
    "updaterUID": "bd-3206180190",
    "theme": "",
    "layout": "",
    "viewCount": 1341,
    "userName": "s***2",
    "commentCount": 0,
    "starCount": 2,
    "isStared": 0,
    "thumbnailURL": "https://www.makeapie.com/ecg-storage/ec_gallery_thumbnail/xSyVy8b_wZ.png?v=1502250459800",
    "isCustomThumbnail": 0,
    "builtinTags": [
        "category-work",
        "series-map",
        "title"
    ],
    "customTags": [],
    "updaterUserName": "s***2"
}