{
    "cid": "x_kfFf2Dl",
    "authorUid": "bd-2861661645",
    "authorUserName": "A***g",
    "title": "大数据量面积图",
    "description": "大量数据，能自己滚动查看不同数据",
    "latestVersion": 4,
    "alwaysLatest": 1,
    "createTime": "2019-11-05T07:57:05.000Z",
    "lastUpdateTime": "2019-11-05T07:57:05.000Z",
    "auth": 2,
    "uid": "bd-2861661645",
    "publishedVersion": 0,
    "forkFrom": "-",
    "isSpam": 0,
    "version": 4,
    "parentVersion": 3,
    "echartsVersion": "4.4.0",
    "versionCreateTime": "2019-11-05T08:03:38.000Z",
    "html": "",
    "externalScripts": "",
    "updaterUID": "bd-2861661645",
    "theme": "",
    "layout": "",
    "viewCount": 524,
    "userName": "A***g",
    "commentCount": 0,
    "starCount": 3,
    "isStared": 0,
    "thumbnailURL": "https://www.makeapie.com/ecg-storage/ec_gallery_thumbnail/x_kfFf2Dl.png?v=1572941019016",
    "isCustomThumbnail": 0,
    "builtinTags": [
        "category-work",
        "dataZoom",
        "grid",
        "series-line",
        "title",
        "toolbox",
        "tooltip"
    ],
    "customTags": [],
    "updaterUserName": "A***g"
}