{
    "cid": "xacLpZZ-H",
    "authorUid": "bd-1385837864",
    "authorUserName": "星***笔",
    "title": "3d 效果立体柱子",
    "description": "",
    "latestVersion": 1,
    "alwaysLatest": 1,
    "createTime": "2019-11-05T06:22:50.000Z",
    "lastUpdateTime": "2019-11-05T06:22:50.000Z",
    "auth": 1,
    "uid": "bd-1385837864",
    "publishedVersion": 0,
    "forkFrom": "-",
    "isSpam": 0,
    "version": 1,
    "parentVersion": -1,
    "echartsVersion": "4.4.0",
    "versionCreateTime": "2019-11-05T06:22:50.000Z",
    "html": "",
    "externalScripts": "",
    "updaterUID": "bd-1385837864",
    "theme": "",
    "layout": "",
    "viewCount": 501,
    "userName": "星***笔",
    "commentCount": 0,
    "starCount": 3,
    "isStared": 0,
    "thumbnailURL": "https://www.makeapie.com/ecg-storage/ec_gallery_thumbnail/xacLpZZ-H.png?v=1572934970353",
    "isCustomThumbnail": 0,
    "builtinTags": [
        "category-work",
        "grid",
        "series-bar",
        "series-pictorialBar",
        "title"
    ],
    "customTags": [],
    "updaterUserName": "星***笔"
}