{
    "cid": "xB0Gt8OsX",
    "authorUid": "bd-765612402",
    "authorUserName": "还***学",
    "title": "Awesome Chart point",
    "description": "更改折线图点的样式",
    "latestVersion": 2,
    "alwaysLatest": 1,
    "createTime": "2019-11-05T10:05:11.000Z",
    "lastUpdateTime": "2019-11-05T10:05:11.000Z",
    "auth": 2,
    "uid": "bd-765612402",
    "publishedVersion": 0,
    "forkFrom": "-",
    "isSpam": 0,
    "version": 2,
    "parentVersion": 1,
    "echartsVersion": "4.4.0",
    "versionCreateTime": "2019-11-05T10:06:28.000Z",
    "html": "",
    "externalScripts": "",
    "updaterUID": "bd-765612402",
    "theme": "",
    "layout": "",
    "viewCount": 113,
    "userName": "还***学",
    "commentCount": 0,
    "starCount": 0,
    "isStared": 0,
    "thumbnailURL": "https://www.makeapie.com/ecg-storage/ec_gallery_thumbnail/xB0Gt8OsX.png?v=1572948388349",
    "isCustomThumbnail": 0,
    "builtinTags": [
        "category-work",
        "grid",
        "legend",
        "series-line",
        "title",
        "tooltip"
    ],
    "customTags": [],
    "updaterUserName": "还***学"
}