{
    "cid": "xbALnmYhd",
    "authorUid": "bd-1027371310",
    "authorUserName": "1***A",
    "title": "heatmap",
    "description": "",
    "latestVersion": 5,
    "alwaysLatest": 1,
    "createTime": "2019-11-05T14:28:29.000Z",
    "lastUpdateTime": "2019-11-05T14:28:29.000Z",
    "auth": 2,
    "uid": "bd-1027371310",
    "publishedVersion": 0,
    "forkFrom": "-",
    "isSpam": 0,
    "version": 5,
    "parentVersion": 4,
    "echartsVersion": "4.4.0",
    "versionCreateTime": "2019-11-08T07:42:23.000Z",
    "html": "",
    "externalScripts": "https://a.amap.com/jsapi_demos/static/resource/heatmapData.js,https://echarts.baidu.com/resource/echarts-gl-latest/dist/echarts-gl.min.js,/dep/echarts/latest/extension/bmap.min.js,https://echarts.baidu.com/resource/echarts-liquidfill-latest/dist/echarts-liquidfill.min.js,/dep/echarts/map/js/world.js,/dep/echarts/map/js/china.js",
    "updaterUID": "bd-1027371310",
    "theme": "",
    "layout": "",
    "viewCount": 32,
    "userName": "1***A",
    "commentCount": 0,
    "starCount": 0,
    "isStared": 0,
    "thumbnailURL": "https://www.makeapie.com/ecg-storage/ec_gallery_thumbnail/xbALnmYhd.png?v=1573198943980",
    "isCustomThumbnail": 0,
    "builtinTags": [
        "category-work",
        "geo3D",
        "series-bar3D"
    ],
    "customTags": [],
    "updaterUserName": "1***A"
}