{
    "cid": "xC_Yoq26-",
    "authorUid": "bd-71012466",
    "authorUserName": "前***n",
    "title": "水球图",
    "description": "",
    "latestVersion": 1,
    "alwaysLatest": 1,
    "createTime": "2019-11-06T02:49:38.000Z",
    "lastUpdateTime": "2019-11-06T02:49:38.000Z",
    "auth": 2,
    "uid": "bd-71012466",
    "publishedVersion": 0,
    "forkFrom": "-",
    "isSpam": 0,
    "version": 1,
    "parentVersion": -1,
    "echartsVersion": "4.4.0",
    "versionCreateTime": "2019-11-06T02:49:38.000Z",
    "html": "",
    "externalScripts": "https://echarts.baidu.com/resource/echarts-liquidfill-latest/dist/echarts-liquidfill.min.js",
    "updaterUID": "bd-71012466",
    "theme": "",
    "layout": "",
    "viewCount": 688,
    "userName": "前***n",
    "commentCount": 0,
    "starCount": 6,
    "isStared": 0,
    "thumbnailURL": "https://www.makeapie.com/ecg-storage/ec_gallery_thumbnail/xC_Yoq26-.png?v=1573008578841",
    "isCustomThumbnail": 1,
    "builtinTags": [
        "category-work",
        "graphic",
        "series-liquidFill",
        "title"
    ],
    "customTags": [],
    "updaterUserName": "前***n"
}