{
    "cid": "xDdPCB9-r",
    "authorUid": "bd-1042038476",
    "authorUserName": "一***行",
    "title": "散点图",
    "description": "",
    "latestVersion": 1,
    "alwaysLatest": 1,
    "createTime": "2019-11-06T03:40:15.000Z",
    "lastUpdateTime": "2019-11-06T03:40:15.000Z",
    "auth": 2,
    "uid": "bd-1042038476",
    "publishedVersion": 0,
    "forkFrom": "-",
    "isSpam": 0,
    "version": 1,
    "parentVersion": -1,
    "echartsVersion": "4.4.0",
    "versionCreateTime": "2019-11-06T03:40:16.000Z",
    "html": "",
    "externalScripts": "",
    "updaterUID": "bd-1042038476",
    "theme": "dark",
    "layout": "",
    "viewCount": 22,
    "userName": "一***行",
    "commentCount": 0,
    "starCount": 0,
    "isStared": 0,
    "thumbnailURL": "https://www.makeapie.com/ecg-storage/ec_gallery_thumbnail/xDdPCB9-r.png?v=1573011616094",
    "isCustomThumbnail": 0,
    "builtinTags": [
        "category-work",
        "grid",
        "series-scatter",
        "tooltip"
    ],
    "customTags": [],
    "updaterUserName": "一***行"
}