{
    "cid": "xe8l86T4B",
    "authorUid": "bd-2675251643",
    "authorUserName": "g***花",
    "title": "不轮播双向柱状图（y轴居中）",
    "description": "两边不是同一个坐标系",
    "latestVersion": 2,
    "alwaysLatest": 1,
    "createTime": "2019-11-06T02:17:29.000Z",
    "lastUpdateTime": "2019-11-06T02:17:29.000Z",
    "auth": 2,
    "uid": "bd-2675251643",
    "publishedVersion": 0,
    "forkFrom": "-",
    "isSpam": 0,
    "version": 2,
    "parentVersion": 1,
    "echartsVersion": "4.4.0",
    "versionCreateTime": "2019-11-25T09:56:53.000Z",
    "html": "",
    "externalScripts": "",
    "updaterUID": "bd-2675251643",
    "theme": "",
    "layout": "",
    "viewCount": 142,
    "userName": "g***花",
    "commentCount": 0,
    "starCount": 2,
    "isStared": 0,
    "thumbnailURL": "https://www.makeapie.com/ecg-storage/ec_gallery_thumbnail/xe8l86T4B.png?v=1574675813836",
    "isCustomThumbnail": 0,
    "builtinTags": [
        "category-work",
        "grid",
        "series-bar",
        "tooltip"
    ],
    "customTags": [],
    "updaterUserName": "g***花"
}