{
    "cid": "xGjiM2j0g",
    "authorUid": "bd-2674457144",
    "authorUserName": "低***h",
    "title": "3d 地图+柱图",
    "description": "",
    "latestVersion": 3,
    "alwaysLatest": 1,
    "createTime": "2019-11-05T07:01:56.000Z",
    "lastUpdateTime": "2019-11-05T07:01:56.000Z",
    "auth": 2,
    "uid": "bd-2674457144",
    "publishedVersion": 0,
    "forkFrom": "-",
    "isSpam": 0,
    "version": 3,
    "parentVersion": 2,
    "echartsVersion": "4.4.0",
    "versionCreateTime": "2020-03-20T14:16:06.000Z",
    "html": "",
    "externalScripts": "https://echarts.baidu.com/resource/echarts-gl-latest/dist/echarts-gl.min.js",
    "updaterUID": "bd-2674457144",
    "theme": "",
    "layout": "",
    "viewCount": 1068,
    "userName": "低***h",
    "commentCount": 0,
    "starCount": 4,
    "isStared": 0,
    "thumbnailURL": "https://www.makeapie.com/ecg-storage/ec_gallery_thumbnail/xGjiM2j0g.png?v=1572937316447",
    "isCustomThumbnail": 1,
    "builtinTags": [
        "category-work",
        "geo3D",
        "series-bar3D",
        "tooltip"
    ],
    "customTags": [],
    "updaterUserName": "低***h"
}