{
    "cid": "xHmS2TsP1",
    "authorUid": "bd-2182780168",
    "authorUserName": "偶***道",
    "title": "3D地图",
    "description": "显示效果有点不一样",
    "latestVersion": 1,
    "alwaysLatest": 1,
    "createTime": "2019-11-05T03:51:54.000Z",
    "lastUpdateTime": "2019-11-05T03:51:54.000Z",
    "auth": 2,
    "uid": "bd-2182780168",
    "publishedVersion": 0,
    "forkFrom": "-",
    "isSpam": 0,
    "version": 1,
    "parentVersion": -1,
    "echartsVersion": "4.4.0",
    "versionCreateTime": "2019-11-05T03:51:54.000Z",
    "html": "",
    "externalScripts": "https://echarts.baidu.com/resource/echarts-gl-latest/dist/echarts-gl.min.js,/dep/echarts/map/js/china.js",
    "updaterUID": "bd-2182780168",
    "theme": "",
    "layout": "",
    "viewCount": 99,
    "userName": "偶***道",
    "commentCount": 0,
    "starCount": 0,
    "isStared": 0,
    "thumbnailURL": "https://www.makeapie.com/ecg-storage/ec_gallery_thumbnail/xHmS2TsP1.png?v=1572925914473",
    "isCustomThumbnail": 0,
    "builtinTags": [
        "category-work",
        "series-map3D"
    ],
    "customTags": [],
    "updaterUserName": "偶***道"
}