{
    "cid": "xO8yjWmQu",
    "authorUid": "bd-474718062",
    "authorUserName": "少***心",
    "title": "基础雷达图",
    "description": "仅供参考",
    "latestVersion": 1,
    "alwaysLatest": 1,
    "createTime": "2019-11-06T02:24:27.000Z",
    "lastUpdateTime": "2019-11-06T02:24:27.000Z",
    "auth": 2,
    "uid": "bd-474718062",
    "publishedVersion": 0,
    "forkFrom": "-",
    "isSpam": 0,
    "version": 1,
    "parentVersion": -1,
    "echartsVersion": "4.4.0",
    "versionCreateTime": "2019-11-06T02:24:27.000Z",
    "html": "",
    "externalScripts": "",
    "updaterUID": "bd-474718062",
    "theme": "",
    "layout": "",
    "viewCount": 274,
    "userName": "少***心",
    "commentCount": 0,
    "starCount": 1,
    "isStared": 0,
    "thumbnailURL": "https://www.makeapie.com/ecg-storage/ec_gallery_thumbnail/xO8yjWmQu.png?v=1573007067848",
    "isCustomThumbnail": 0,
    "builtinTags": [
        "category-work",
        "legend",
        "radar",
        "series-radar",
        "title",
        "tooltip"
    ],
    "customTags": [],
    "updaterUserName": "少***心"
}