{
    "cid": "xOxmIUOtd",
    "authorUid": "bd-281809604",
    "authorUserName": "z***3",
    "title": "",
    "description": "悬浮数据计算，Y轴浮动",
    "latestVersion": 1,
    "alwaysLatest": 1,
    "createTime": "2019-11-05T02:01:29.000Z",
    "lastUpdateTime": "2019-11-05T02:01:29.000Z",
    "auth": 1,
    "uid": "bd-281809604",
    "publishedVersion": 0,
    "forkFrom": "-",
    "isSpam": 0,
    "version": 1,
    "parentVersion": -1,
    "echartsVersion": "4.4.0",
    "versionCreateTime": "2019-11-05T02:01:29.000Z",
    "html": "",
    "externalScripts": "",
    "updaterUID": "bd-281809604",
    "theme": "",
    "layout": "",
    "viewCount": 125,
    "userName": "z***3",
    "commentCount": 0,
    "starCount": 2,
    "isStared": 0,
    "thumbnailURL": "https://www.makeapie.com/ecg-storage/ec_gallery_thumbnail/xOxmIUOtd.png?v=1572919289947",
    "isCustomThumbnail": 0,
    "builtinTags": [
        "category-work",
        "dataZoom",
        "grid",
        "legend",
        "series-bar",
        "tooltip"
    ],
    "customTags": [],
    "updaterUserName": "z***3"
}