{
    "cid": "xpcMzBpGX",
    "authorUid": "bd-71012466",
    "authorUserName": "前***n",
    "title": "进度条 柱状图",
    "description": "",
    "latestVersion": 1,
    "alwaysLatest": 1,
    "createTime": "2019-11-06T02:57:22.000Z",
    "lastUpdateTime": "2019-11-06T02:57:22.000Z",
    "auth": 2,
    "uid": "bd-71012466",
    "publishedVersion": 0,
    "forkFrom": "-",
    "isSpam": 0,
    "version": 1,
    "parentVersion": -1,
    "echartsVersion": "4.4.0",
    "versionCreateTime": "2019-11-06T02:57:22.000Z",
    "html": "",
    "externalScripts": "",
    "updaterUID": "bd-71012466",
    "theme": "",
    "layout": "",
    "viewCount": 296,
    "userName": "前***n",
    "commentCount": 0,
    "starCount": 4,
    "isStared": 0,
    "thumbnailURL": "https://www.makeapie.com/ecg-storage/ec_gallery_thumbnail/xpcMzBpGX.png?v=1573009043048",
    "isCustomThumbnail": 0,
    "builtinTags": [
        "category-work",
        "grid",
        "series-bar",
        "tooltip"
    ],
    "customTags": [],
    "updaterUserName": "前***n"
}