{
    "cid": "xPh6L9elr",
    "authorUid": "bd-2418908314",
    "authorUserName": "扑***张",
    "title": "雷达",
    "description": "",
    "latestVersion": 1,
    "alwaysLatest": 1,
    "createTime": "2019-11-05T08:47:28.000Z",
    "lastUpdateTime": "2019-11-05T08:47:28.000Z",
    "auth": 2,
    "uid": "bd-2418908314",
    "publishedVersion": 0,
    "forkFrom": "-",
    "isSpam": 0,
    "version": 1,
    "parentVersion": -1,
    "echartsVersion": "4.4.0",
    "versionCreateTime": "2019-11-05T08:47:28.000Z",
    "html": "",
    "externalScripts": "",
    "updaterUID": "bd-2418908314",
    "theme": "",
    "layout": "",
    "viewCount": 183,
    "userName": "扑***张",
    "commentCount": 0,
    "starCount": 0,
    "isStared": 0,
    "thumbnailURL": "https://www.makeapie.com/ecg-storage/ec_gallery_thumbnail/xPh6L9elr.png?v=1572943648579",
    "isCustomThumbnail": 0,
    "builtinTags": [
        "category-work",
        "legend",
        "radar",
        "series-radar",
        "tooltip"
    ],
    "customTags": [],
    "updaterUserName": "扑***张"
}