{
    "cid": "xWD6UZZBe",
    "authorUid": "bd-1279899726",
    "authorUserName": "设***空",
    "title": "堆叠柱图",
    "description": "堆叠柱图 散点图辅助线",
    "latestVersion": 1,
    "alwaysLatest": 1,
    "createTime": "2019-11-05T08:03:05.000Z",
    "lastUpdateTime": "2019-11-05T08:03:05.000Z",
    "auth": 2,
    "uid": "bd-1279899726",
    "publishedVersion": 0,
    "forkFrom": "-",
    "isSpam": 0,
    "version": 1,
    "parentVersion": -1,
    "echartsVersion": "4.4.0",
    "versionCreateTime": "2019-11-05T08:03:05.000Z",
    "html": "",
    "externalScripts": "",
    "updaterUID": "bd-1279899726",
    "theme": "",
    "layout": "",
    "viewCount": 89,
    "userName": "设***空",
    "commentCount": 0,
    "starCount": 1,
    "isStared": 0,
    "thumbnailURL": "https://www.makeapie.com/ecg-storage/ec_gallery_thumbnail/xWD6UZZBe.png?v=1572940986016",
    "isCustomThumbnail": 0,
    "builtinTags": [
        "category-work",
        "grid",
        "series-bar",
        "series-line"
    ],
    "customTags": [],
    "updaterUserName": "设***空"
}