{
    "cid": "xxlnhbsuY",
    "authorUid": "bd-386624341",
    "authorUserName": "悲***人",
    "title": "全国健康情况",
    "description": "地图描述",
    "latestVersion": 3,
    "alwaysLatest": 1,
    "createTime": "2019-11-06T03:39:27.000Z",
    "lastUpdateTime": "2019-11-06T03:39:27.000Z",
    "auth": 2,
    "uid": "bd-386624341",
    "publishedVersion": 0,
    "forkFrom": "-",
    "isSpam": 0,
    "version": 3,
    "parentVersion": 2,
    "echartsVersion": "4.4.0",
    "versionCreateTime": "2019-11-06T10:39:42.000Z",
    "html": "",
    "externalScripts": "",
    "updaterUID": "bd-386624341",
    "theme": "",
    "layout": "",
    "viewCount": 85,
    "userName": "悲***人",
    "commentCount": 0,
    "starCount": 1,
    "isStared": 0,
    "thumbnailURL": "https://www.makeapie.com/ecg-storage/ec_gallery_thumbnail/xxlnhbsuY.png?v=1573036782356",
    "isCustomThumbnail": 0,
    "builtinTags": [
        "category-work",
        "dataset",
        "geo",
        "legend",
        "series-scatter",
        "tooltip",
        "visualMap"
    ],
    "customTags": [],
    "updaterUserName": "悲***人"
}