{
    "cid": "xY1wjqr-G",
    "authorUid": "bd-725051848",
    "authorUserName": "A***哥",
    "title": "上海市地图-测试",
    "description": "市区统称为市区",
    "latestVersion": 1,
    "alwaysLatest": 1,
    "createTime": "2019-11-05T10:10:36.000Z",
    "lastUpdateTime": "2019-11-05T10:10:36.000Z",
    "auth": 2,
    "uid": "bd-725051848",
    "publishedVersion": 0,
    "forkFrom": "-",
    "isSpam": 0,
    "version": 1,
    "parentVersion": -1,
    "echartsVersion": "4.4.0",
    "versionCreateTime": "2019-11-05T10:10:36.000Z",
    "html": "",
    "externalScripts": "",
    "updaterUID": "bd-725051848",
    "theme": "",
    "layout": "",
    "viewCount": 608,
    "userName": "A***哥",
    "commentCount": 0,
    "starCount": 2,
    "isStared": 0,
    "thumbnailURL": "https://www.makeapie.com/ecg-storage/ec_gallery_thumbnail/xY1wjqr-G.png?v=1572948637056",
    "isCustomThumbnail": 0,
    "builtinTags": [
        "category-work",
        "geo",
        "legend",
        "series-effectScatter",
        "series-map",
        "title",
        "tooltip",
        "visualMap"
    ],
    "customTags": [],
    "updaterUserName": "A***哥"
}