{
    "cid": "xb8HTsApIV",
    "authorUid": "obd-oCgt4uYL_58QxJ3uynRLtqOwUb_VE3y",
    "authorUserName": "155******41",
    "title": "时段受理量",
    "description": "每个时段受理数量，多条折线",
    "latestVersion": 1,
    "alwaysLatest": 0,
    "createTime": "2022-01-04T13:03:55.000Z",
    "lastUpdateTime": "2022-01-04T13:03:55.000Z",
    "auth": 2,
    "uid": "obd-oCgt4uYL_58QxJ3uynRLtqOwUb_VE3y",
    "publishedVersion": 0,
    "forkFrom": "-",
    "isSpam": 0,
    "version": 1,
    "parentVersion": -1,
    "echartsVersion": "4.9.0",
    "versionCreateTime": "2022-01-04T13:03:55.000Z",
    "html": "",
    "externalScripts": "",
    "updaterUID": "obd-oCgt4uYL_58QxJ3uynRLtqOwUb_VE3y",
    "theme": "",
    "layout": "",
    "viewCount": 0,
    "userName": "155******41",
    "commentCount": 0,
    "starCount": 0,
    "isStared": 0,
    "thumbnailURL": "https://www.makeapie.com/ecg-storage/ec_gallery_thumbnail/xb8HTsApIV.png?v=1641301435782",
    "isCustomThumbnail": 1,
    "builtinTags": [
        "category-work",
        "grid",
        "legend",
        "series-line",
        "tooltip"
    ],
    "customTags": [],
    "updaterUserName": "155******41"
}