{
    "cid": "xBp4MD8b9D",
    "authorUid": "obd-oDCFFrcPhwP9pGanpUCA_Rzq3G2zk17",
    "authorUserName": "w***o",
    "title": "地图-光效+地图阴影+平移缩放+获取坐标自定义弹框",
    "description": "",
    "latestVersion": 3,
    "alwaysLatest": 0,
    "createTime": "2022-01-05T07:36:39.000Z",
    "lastUpdateTime": "2022-01-06T07:12:25.000Z",
    "auth": 2,
    "uid": "obd-oDCFFrcPhwP9pGanpUCA_Rzq3G2zk17",
    "publishedVersion": 0,
    "forkFrom": "-",
    "isSpam": 0,
    "version": 3,
    "parentVersion": 2,
    "echartsVersion": "5.2.2",
    "versionCreateTime": "2022-01-06T07:12:25.000Z",
    "html": "",
    "externalScripts": "",
    "updaterUID": "obd-oDCFFrcPhwP9pGanpUCA_Rzq3G2zk17",
    "theme": "",
    "layout": "",
    "viewCount": 0,
    "userName": "w***o",
    "commentCount": 0,
    "starCount": 1,
    "isStared": 0,
    "thumbnailURL": "https://www.makeapie.com/ecg-storage/ec_gallery_thumbnail/xBp4MD8b9D.png?v=1641453145535",
    "isCustomThumbnail": 0,
    "builtinTags": [
        "category-work",
        "geo",
        "series-effectScatter",
        "series-map"
    ],
    "customTags": [],
    "updaterUserName": "w***o"
}