{
    "cid": "xC8ZqD_fA9",
    "authorUid": "obd-o2TuOw-GgvJAmD5SBFH5RiBxfJug-BI",
    "authorUserName": "130*****918",
    "title": "套娃柱状图",
    "description": "",
    "latestVersion": 3,
    "alwaysLatest": 0,
    "createTime": "2022-01-04T10:16:15.000Z",
    "lastUpdateTime": "2022-01-04T10:26:06.000Z",
    "auth": 2,
    "uid": "obd-o2TuOw-GgvJAmD5SBFH5RiBxfJug-BI",
    "publishedVersion": 0,
    "forkFrom": "-",
    "isSpam": 0,
    "version": 3,
    "parentVersion": 1,
    "echartsVersion": "5.2.2",
    "versionCreateTime": "2022-01-04T10:26:06.000Z",
    "html": "",
    "externalScripts": "",
    "updaterUID": "obd-o2TuOw-GgvJAmD5SBFH5RiBxfJug-BI",
    "theme": "",
    "layout": "",
    "viewCount": 0,
    "userName": "130*****918",
    "commentCount": 0,
    "starCount": 1,
    "isStared": 0,
    "thumbnailURL": "https://www.makeapie.com/ecg-storage/ec_gallery_thumbnail/xC8ZqD_fA9.png?v=1641291966623",
    "isCustomThumbnail": 0,
    "builtinTags": [
        "category-work",
        "grid",
        "legend",
        "series-bar",
        "series-line",
        "tooltip"
    ],
    "customTags": [],
    "updaterUserName": "130*****918"
}