{
    "cid": "xfjQ6y5iaC",
    "authorUid": "bd-3493748723",
    "authorUserName": "l***子",
    "title": "三色横向渐变色柱状图",
    "description": "三色横向渐变色柱状图",
    "latestVersion": 1,
    "alwaysLatest": 0,
    "createTime": "2022-01-05T04:35:13.000Z",
    "lastUpdateTime": "2022-01-05T04:35:13.000Z",
    "auth": 1,
    "uid": "bd-3493748723",
    "publishedVersion": 0,
    "forkFrom": "-",
    "isSpam": 0,
    "version": 1,
    "parentVersion": -1,
    "echartsVersion": "5.2.2",
    "versionCreateTime": "2022-01-05T04:35:13.000Z",
    "html": "",
    "externalScripts": "",
    "updaterUID": "bd-3493748723",
    "theme": "",
    "layout": "",
    "viewCount": 0,
    "userName": "l***子",
    "commentCount": 0,
    "starCount": 0,
    "isStared": 0,
    "thumbnailURL": "https://www.makeapie.com/ecg-storage/ec_gallery_thumbnail/xfjQ6y5iaC.png?v=1641357313554",
    "isCustomThumbnail": 0,
    "builtinTags": [
        "category-work",
        "dataZoom",
        "grid",
        "series-bar",
        "tooltip"
    ],
    "customTags": [],
    "updaterUserName": "l***子"
}