{
    "cid": "xfTqtNKlYj",
    "authorUid": "obd-oMh8_ZaR6pBgs8vfgN-eYPQqIK1Bm2a",
    "authorUserName": "张***e",
    "title": "进度展示_名师",
    "description": "表盘",
    "latestVersion": 2,
    "alwaysLatest": 0,
    "createTime": "2022-01-06T09:20:55.000Z",
    "lastUpdateTime": "2022-01-06T09:45:20.000Z",
    "auth": 1,
    "uid": "obd-oMh8_ZaR6pBgs8vfgN-eYPQqIK1Bm2a",
    "publishedVersion": 0,
    "forkFrom": "-",
    "isSpam": 0,
    "version": 2,
    "parentVersion": 1,
    "echartsVersion": "5.2.2",
    "versionCreateTime": "2022-01-06T09:45:20.000Z",
    "html": "",
    "externalScripts": "",
    "updaterUID": "obd-oMh8_ZaR6pBgs8vfgN-eYPQqIK1Bm2a",
    "theme": "",
    "layout": "",
    "viewCount": 0,
    "userName": "张***e",
    "commentCount": 0,
    "starCount": 1,
    "isStared": 0,
    "thumbnailURL": "https://www.makeapie.com/ecg-storage/ec_gallery_thumbnail/xfTqtNKlYj.png?v=1641462320310",
    "isCustomThumbnail": 0,
    "builtinTags": [
        "category-work",
        "series-custom",
        "series-gauge",
        "series-pie",
        "title",
        "tooltip"
    ],
    "customTags": [],
    "updaterUserName": "张***e"
}