{
    "cid": "xGCpmel6HC",
    "authorUid": "bd-2469886102",
    "authorUserName": "芊***8",
    "title": "人口流出率",
    "description": "",
    "latestVersion": 4,
    "alwaysLatest": 0,
    "createTime": "2022-01-06T09:18:53.000Z",
    "lastUpdateTime": "2022-01-06T09:23:18.000Z",
    "auth": 1,
    "uid": "bd-2469886102",
    "publishedVersion": 0,
    "forkFrom": "-",
    "isSpam": 0,
    "version": 4,
    "parentVersion": 3,
    "echartsVersion": "5.2.2",
    "versionCreateTime": "2022-01-06T09:23:18.000Z",
    "html": "",
    "externalScripts": "",
    "updaterUID": "bd-2469886102",
    "theme": "",
    "layout": "",
    "viewCount": 0,
    "userName": "芊***8",
    "commentCount": 0,
    "starCount": 0,
    "isStared": 0,
    "thumbnailURL": "https://www.makeapie.com/ecg-storage/ec_gallery_thumbnail/xGCpmel6HC.png?v=1641460998146",
    "isCustomThumbnail": 0,
    "builtinTags": [
        "category-work",
        "series-sankey"
    ],
    "customTags": [],
    "updaterUserName": "芊***8"
}