{
    "cid": "xlDgp-4XNf",
    "authorUid": "bd-3913771301",
    "authorUserName": "因***凡",
    "title": "时间轴晚上12点到第二天9点",
    "description": "时间轴晚上12点到第二天9点",
    "latestVersion": 1,
    "alwaysLatest": 0,
    "createTime": "2022-01-06T05:49:07.000Z",
    "lastUpdateTime": "2022-01-06T05:49:07.000Z",
    "auth": 2,
    "uid": "bd-3913771301",
    "publishedVersion": 0,
    "forkFrom": "-",
    "isSpam": 0,
    "version": 1,
    "parentVersion": -1,
    "echartsVersion": "5.2.2",
    "versionCreateTime": "2022-01-06T05:49:07.000Z",
    "html": "",
    "externalScripts": "",
    "updaterUID": "bd-3913771301",
    "theme": "",
    "layout": "",
    "viewCount": 0,
    "userName": "因***凡",
    "commentCount": 0,
    "starCount": 0,
    "isStared": 0,
    "thumbnailURL": "https://www.makeapie.com/ecg-storage/ec_gallery_thumbnail/xlDgp-4XNf.png?v=1641448147259",
    "isCustomThumbnail": 0,
    "builtinTags": [
        "category-work",
        "dataZoom",
        "grid",
        "series-line",
        "tooltip"
    ],
    "customTags": [],
    "updaterUserName": "因***凡"
}