{
    "cid": "xrqRG5imoA",
    "authorUid": "bd-3567986262",
    "authorUserName": "三***丶",
    "title": "地图",
    "description": "",
    "latestVersion": 1,
    "alwaysLatest": 0,
    "createTime": "2022-01-04T08:56:21.000Z",
    "lastUpdateTime": "2022-01-04T08:56:21.000Z",
    "auth": 2,
    "uid": "bd-3567986262",
    "publishedVersion": 0,
    "forkFrom": "-",
    "isSpam": 0,
    "version": 1,
    "parentVersion": -1,
    "echartsVersion": "5.2.2",
    "versionCreateTime": "2022-01-04T08:56:21.000Z",
    "html": "",
    "externalScripts": "https://gallerybox.makeapie.com/dep/echarts/map/js/china.js",
    "updaterUID": "bd-3567986262",
    "theme": "",
    "layout": "",
    "viewCount": 0,
    "userName": "三***丶",
    "commentCount": 0,
    "starCount": 0,
    "isStared": 0,
    "thumbnailURL": "https://www.makeapie.com/ecg-storage/ec_gallery_thumbnail/xrqRG5imoA.png?v=1641286582040",
    "isCustomThumbnail": 0,
    "builtinTags": [
        "category-work",
        "geo",
        "series-map",
        "series-scatter"
    ],
    "customTags": [],
    "updaterUserName": "三***丶"
}