{
    "cid": "xS9Mh4u4Ks",
    "authorUid": "obd-o0NqLmbXaQ_eOeXLyTCYlwy69mOjAF2",
    "authorUserName": "f***i",
    "title": "",
    "description": "",
    "latestVersion": 4,
    "alwaysLatest": 0,
    "createTime": "2022-01-05T08:02:15.000Z",
    "lastUpdateTime": "2022-01-05T08:26:35.000Z",
    "auth": 2,
    "uid": "obd-o0NqLmbXaQ_eOeXLyTCYlwy69mOjAF2",
    "publishedVersion": 0,
    "forkFrom": "-",
    "isSpam": 0,
    "version": 4,
    "parentVersion": 3,
    "echartsVersion": "5.2.2",
    "versionCreateTime": "2022-01-05T08:26:36.000Z",
    "html": "",
    "externalScripts": "",
    "updaterUID": "obd-o0NqLmbXaQ_eOeXLyTCYlwy69mOjAF2",
    "theme": "dark",
    "layout": "",
    "viewCount": 0,
    "userName": "f***i",
    "commentCount": 0,
    "starCount": 0,
    "isStared": 0,
    "thumbnailURL": "https://www.makeapie.com/ecg-storage/ec_gallery_thumbnail/xS9Mh4u4Ks.png?v=1641371196085",
    "isCustomThumbnail": 0,
    "builtinTags": [
        "category-work",
        "grid",
        "series-bar",
        "title",
        "tooltip"
    ],
    "customTags": [],
    "updaterUserName": "f***i"
}