{
    "cid": "xtkWgo9A5X",
    "authorUid": "obd-oDoagL10wHrFvCS3sqozGr0z77UgT1L",
    "authorUserName": "不***密",
    "title": "饼图",
    "description": "",
    "latestVersion": 1,
    "alwaysLatest": 1,
    "createTime": "2022-01-05T07:07:02.000Z",
    "lastUpdateTime": "2022-01-05T07:07:02.000Z",
    "auth": 2,
    "uid": "obd-oDoagL10wHrFvCS3sqozGr0z77UgT1L",
    "publishedVersion": 0,
    "forkFrom": "-",
    "isSpam": 0,
    "version": 1,
    "parentVersion": -1,
    "echartsVersion": "4.9.0",
    "versionCreateTime": "2022-01-05T07:07:02.000Z",
    "html": "",
    "externalScripts": "",
    "updaterUID": "obd-oDoagL10wHrFvCS3sqozGr0z77UgT1L",
    "theme": "",
    "layout": "",
    "viewCount": 0,
    "userName": "不***密",
    "commentCount": 0,
    "starCount": 0,
    "isStared": 0,
    "thumbnailURL": "https://www.makeapie.com/ecg-storage/ec_gallery_thumbnail/xtkWgo9A5X.png?v=1641366423175",
    "isCustomThumbnail": 0,
    "builtinTags": [
        "category-work",
        "legend",
        "series-pie",
        "title",
        "tooltip"
    ],
    "customTags": [],
    "updaterUserName": "不***密"
}