{
    "cid": "xx6IxcC81z",
    "authorUid": "obd-oCgt4uYL_58QxJ3uynRLtqOwUb_VE3y",
    "authorUserName": "155******41",
    "title": "雷达图",
    "description": "",
    "latestVersion": 1,
    "alwaysLatest": 0,
    "createTime": "2022-01-05T10:23:54.000Z",
    "lastUpdateTime": "2022-01-05T10:23:54.000Z",
    "auth": 2,
    "uid": "obd-oCgt4uYL_58QxJ3uynRLtqOwUb_VE3y",
    "publishedVersion": 0,
    "forkFrom": "-",
    "isSpam": 0,
    "version": 1,
    "parentVersion": -1,
    "echartsVersion": "4.9.0",
    "versionCreateTime": "2022-01-05T10:23:54.000Z",
    "html": "",
    "externalScripts": "",
    "updaterUID": "obd-oCgt4uYL_58QxJ3uynRLtqOwUb_VE3y",
    "theme": "",
    "layout": "",
    "viewCount": 0,
    "userName": "155******41",
    "commentCount": 0,
    "starCount": 0,
    "isStared": 0,
    "thumbnailURL": "https://www.makeapie.com/ecg-storage/ec_gallery_thumbnail/xx6IxcC81z.png?v=1641378234787",
    "isCustomThumbnail": 0,
    "builtinTags": [
        "category-work",
        "polar",
        "radar",
        "series-radar",
        "tooltip"
    ],
    "customTags": [],
    "updaterUserName": "155******41"
}