{
    "cid": "x2kNluKUPF",
    "authorUid": "obd-oD5ZP4PdCoOYaeAiu75WSRH-ZV9-61w",
    "authorUserName": "牛***啦",
    "title": "柱状图",
    "description": "",
    "latestVersion": 2,
    "alwaysLatest": 0,
    "createTime": "2021-11-23T14:17:01.000Z",
    "lastUpdateTime": "2021-11-24T01:56:35.000Z",
    "auth": 2,
    "uid": "obd-oD5ZP4PdCoOYaeAiu75WSRH-ZV9-61w",
    "publishedVersion": 0,
    "forkFrom": "-",
    "isSpam": 0,
    "version": 2,
    "parentVersion": 1,
    "echartsVersion": "5.2.2",
    "versionCreateTime": "2021-11-24T01:56:35.000Z",
    "html": "",
    "externalScripts": "",
    "updaterUID": "obd-oD5ZP4PdCoOYaeAiu75WSRH-ZV9-61w",
    "theme": "",
    "layout": "",
    "viewCount": 0,
    "userName": "牛***啦",
    "commentCount": 0,
    "starCount": 0,
    "isStared": 0,
    "thumbnailURL": "https://www.makeapie.com/ecg-storage/ec_gallery_thumbnail/x2kNluKUPF.png?v=1637718995162",
    "isCustomThumbnail": 0,
    "builtinTags": [
        "category-work",
        "grid",
        "legend",
        "series-bar",
        "tooltip"
    ],
    "customTags": [],
    "updaterUserName": "牛***啦"
}