{
    "cid": "x2LcaEtLpt",
    "authorUid": "obd-oMmVgYjzB50Xt-n57QwUKkfNi6WhY2E",
    "authorUserName": "伯***生",
    "title": "Error bar chart",
    "description": "柱状图上加线段",
    "latestVersion": 1,
    "alwaysLatest": 0,
    "createTime": "2021-11-24T00:55:06.000Z",
    "lastUpdateTime": "2021-11-24T00:55:06.000Z",
    "auth": 2,
    "uid": "obd-oMmVgYjzB50Xt-n57QwUKkfNi6WhY2E",
    "publishedVersion": 0,
    "forkFrom": "-",
    "isSpam": 0,
    "version": 1,
    "parentVersion": -1,
    "echartsVersion": "5.2.2",
    "versionCreateTime": "2021-11-24T00:55:06.000Z",
    "html": "",
    "externalScripts": "",
    "updaterUID": "obd-oMmVgYjzB50Xt-n57QwUKkfNi6WhY2E",
    "theme": "",
    "layout": "",
    "viewCount": 0,
    "userName": "伯***生",
    "commentCount": 0,
    "starCount": 0,
    "isStared": 0,
    "thumbnailURL": "https://www.makeapie.com/ecg-storage/ec_gallery_thumbnail/x2LcaEtLpt.png?v=1637715306836",
    "isCustomThumbnail": 0,
    "builtinTags": [
        "category-work",
        "dataZoom",
        "grid",
        "legend",
        "series-bar",
        "series-custom",
        "title",
        "tooltip"
    ],
    "customTags": [],
    "updaterUserName": "伯***生"
}