{
    "cid": "x4Fg9M1K3f",
    "authorUid": "obd-oD5ZP4PdCoOYaeAiu75WSRH-ZV9-61w",
    "authorUserName": "牛***啦",
    "title": "折线图+柱状图",
    "description": "",
    "latestVersion": 3,
    "alwaysLatest": 0,
    "createTime": "2021-11-24T01:44:17.000Z",
    "lastUpdateTime": "2021-11-25T15:03:59.000Z",
    "auth": 1,
    "uid": "obd-oD5ZP4PdCoOYaeAiu75WSRH-ZV9-61w",
    "publishedVersion": 0,
    "forkFrom": "-",
    "isSpam": 0,
    "version": 3,
    "parentVersion": 2,
    "echartsVersion": "5.2.2",
    "versionCreateTime": "2021-11-25T15:04:00.000Z",
    "html": "",
    "externalScripts": "",
    "updaterUID": "obd-oD5ZP4PdCoOYaeAiu75WSRH-ZV9-61w",
    "theme": "",
    "layout": "",
    "viewCount": 0,
    "userName": "牛***啦",
    "commentCount": 0,
    "starCount": 0,
    "isStared": 0,
    "thumbnailURL": "https://www.makeapie.com/ecg-storage/ec_gallery_thumbnail/x4Fg9M1K3f.png?v=1637852640131",
    "isCustomThumbnail": 0,
    "builtinTags": [
        "category-work",
        "grid",
        "legend",
        "series-bar",
        "series-line",
        "series-pictorialBar",
        "tooltip"
    ],
    "customTags": [],
    "updaterUserName": "牛***啦"
}