{
    "cid": "x_XzS4ns2s",
    "authorUid": "obd-o0hqAyK2M2uFeYhuQXkUEm4k4Syo7F2",
    "authorUserName": "我***号",
    "title": "双色叠加象形图",
    "description": "",
    "latestVersion": 1,
    "alwaysLatest": 0,
    "createTime": "2021-11-24T01:42:33.000Z",
    "lastUpdateTime": "2021-11-24T01:42:33.000Z",
    "auth": 1,
    "uid": "obd-o0hqAyK2M2uFeYhuQXkUEm4k4Syo7F2",
    "publishedVersion": 0,
    "forkFrom": "-",
    "isSpam": 0,
    "version": 1,
    "parentVersion": -1,
    "echartsVersion": "5.2.2",
    "versionCreateTime": "2021-11-24T01:42:33.000Z",
    "html": "",
    "externalScripts": "",
    "updaterUID": "obd-o0hqAyK2M2uFeYhuQXkUEm4k4Syo7F2",
    "theme": "",
    "layout": "",
    "viewCount": 0,
    "userName": "我***号",
    "commentCount": 0,
    "starCount": 1,
    "isStared": 0,
    "thumbnailURL": "https://www.makeapie.com/ecg-storage/ec_gallery_thumbnail/x_XzS4ns2s.png?v=1637718153763",
    "isCustomThumbnail": 0,
    "builtinTags": [
        "category-work",
        "grid",
        "legend",
        "series-pictorialBar",
        "tooltip"
    ],
    "customTags": [
        "pictoralBar"
    ],
    "updaterUserName": "我***号"
}