{
    "cid": "xAjUJ5JZic",
    "authorUid": "obd-ojpmgDvF5Qz4DIK9TqdoMmTtmkktuDp",
    "authorUserName": "郑***代",
    "title": "散点图",
    "description": "",
    "latestVersion": 2,
    "alwaysLatest": 0,
    "createTime": "2021-11-23T03:54:56.000Z",
    "lastUpdateTime": "2021-11-24T01:28:06.000Z",
    "auth": 1,
    "uid": "obd-ojpmgDvF5Qz4DIK9TqdoMmTtmkktuDp",
    "publishedVersion": 0,
    "forkFrom": "-",
    "isSpam": 0,
    "version": 2,
    "parentVersion": 1,
    "echartsVersion": "4.9.0",
    "versionCreateTime": "2021-11-24T01:28:06.000Z",
    "html": "",
    "externalScripts": "",
    "updaterUID": "obd-ojpmgDvF5Qz4DIK9TqdoMmTtmkktuDp",
    "theme": "dark",
    "layout": "",
    "viewCount": 0,
    "userName": "郑***代",
    "commentCount": 0,
    "starCount": 0,
    "isStared": 0,
    "thumbnailURL": "https://www.makeapie.com/ecg-storage/ec_gallery_thumbnail/xAjUJ5JZic.png?v=1637717286739",
    "isCustomThumbnail": 0,
    "builtinTags": [
        "category-work",
        "grid",
        "legend",
        "series-scatter"
    ],
    "customTags": [],
    "updaterUserName": "郑***代"
}