{
    "cid": "xFJMsBTvOT",
    "authorUid": "obd-oNTDvDJe7_3RMKzHLILE8rk__8knPCk",
    "authorUserName": "q***3",
    "title": "带选择的",
    "description": "",
    "latestVersion": 1,
    "alwaysLatest": 0,
    "createTime": "2021-11-24T02:01:53.000Z",
    "lastUpdateTime": "2021-11-24T02:01:53.000Z",
    "auth": 2,
    "uid": "obd-oNTDvDJe7_3RMKzHLILE8rk__8knPCk",
    "publishedVersion": 0,
    "forkFrom": "-",
    "isSpam": 0,
    "version": 1,
    "parentVersion": -1,
    "echartsVersion": "4.6.0",
    "versionCreateTime": "2021-11-24T02:01:53.000Z",
    "html": "",
    "externalScripts": "",
    "updaterUID": "obd-oNTDvDJe7_3RMKzHLILE8rk__8knPCk",
    "theme": "",
    "layout": "",
    "viewCount": 0,
    "userName": "q***3",
    "commentCount": 0,
    "starCount": 0,
    "isStared": 0,
    "thumbnailURL": "https://www.makeapie.com/ecg-storage/ec_gallery_thumbnail/xFJMsBTvOT.png?v=1637719313993",
    "isCustomThumbnail": 0,
    "builtinTags": [
        "category-work",
        "legend",
        "series-pie",
        "toolbox",
        "tooltip"
    ],
    "customTags": [],
    "updaterUserName": "q***3"
}