{
    "cid": "xhIu6A6nkx",
    "authorUid": "obd-oEVgzPtcAFbBbl44ALGIUlM7k1YPq4k",
    "authorUserName": "露***鞋",
    "title": "户口性质",
    "description": "",
    "latestVersion": 3,
    "alwaysLatest": 1,
    "createTime": "2021-11-23T10:23:55.000Z",
    "lastUpdateTime": "2021-11-25T08:40:48.000Z",
    "auth": 2,
    "uid": "obd-oEVgzPtcAFbBbl44ALGIUlM7k1YPq4k",
    "publishedVersion": 0,
    "forkFrom": "-",
    "isSpam": 0,
    "version": 3,
    "parentVersion": 2,
    "echartsVersion": "5.2.2",
    "versionCreateTime": "2021-11-25T08:40:48.000Z",
    "html": "",
    "externalScripts": "",
    "updaterUID": "obd-oEVgzPtcAFbBbl44ALGIUlM7k1YPq4k",
    "theme": "",
    "layout": "",
    "viewCount": 0,
    "userName": "露***鞋",
    "commentCount": 0,
    "starCount": 3,
    "isStared": 0,
    "thumbnailURL": "https://www.makeapie.com/ecg-storage/ec_gallery_thumbnail/xhIu6A6nkx.png?v=1637829648860",
    "isCustomThumbnail": 0,
    "builtinTags": [
        "category-work",
        "grid",
        "legend",
        "series-bar",
        "series-pictorialBar",
        "tooltip"
    ],
    "customTags": [],
    "updaterUserName": "露***鞋"
}