{
    "cid": "xIg9UJrKq6",
    "authorUid": "obd-oNTDvDJe7_3RMKzHLILE8rk__8knPCk",
    "authorUserName": "q***3",
    "title": "接入监控",
    "description": "",
    "latestVersion": 1,
    "alwaysLatest": 0,
    "createTime": "2021-11-23T10:20:08.000Z",
    "lastUpdateTime": "2021-11-23T10:20:08.000Z",
    "auth": 2,
    "uid": "obd-oNTDvDJe7_3RMKzHLILE8rk__8knPCk",
    "publishedVersion": 0,
    "forkFrom": "-",
    "isSpam": 0,
    "version": 1,
    "parentVersion": -1,
    "echartsVersion": "5.2.2",
    "versionCreateTime": "2021-11-23T10:20:08.000Z",
    "html": "",
    "externalScripts": "",
    "updaterUID": "obd-oNTDvDJe7_3RMKzHLILE8rk__8knPCk",
    "theme": "",
    "layout": "",
    "viewCount": 0,
    "userName": "q***3",
    "commentCount": 0,
    "starCount": 2,
    "isStared": 0,
    "thumbnailURL": "https://www.makeapie.com/ecg-storage/ec_gallery_thumbnail/xIg9UJrKq6.png?v=1637662809160",
    "isCustomThumbnail": 0,
    "builtinTags": [
        "category-work",
        "grid",
        "series-graph",
        "series-lines"
    ],
    "customTags": [],
    "updaterUserName": "q***3"
}