{
    "cid": "xIs3VgHvgS",
    "authorUid": "obd-oMubyz7OLBQRQnUkAoo4JCDiWZBL-2N",
    "authorUserName": "181*****283",
    "title": "阴影",
    "description": "",
    "latestVersion": 2,
    "alwaysLatest": 0,
    "createTime": "2021-11-23T10:13:45.000Z",
    "lastUpdateTime": "2021-11-24T04:39:00.000Z",
    "auth": 2,
    "uid": "obd-oMubyz7OLBQRQnUkAoo4JCDiWZBL-2N",
    "publishedVersion": 0,
    "forkFrom": "-",
    "isSpam": 0,
    "version": 2,
    "parentVersion": 1,
    "echartsVersion": "5.2.2",
    "versionCreateTime": "2021-11-24T04:39:00.000Z",
    "html": "",
    "externalScripts": "",
    "updaterUID": "obd-oMubyz7OLBQRQnUkAoo4JCDiWZBL-2N",
    "theme": "",
    "layout": "",
    "viewCount": 0,
    "userName": "181*****283",
    "commentCount": 0,
    "starCount": 3,
    "isStared": 0,
    "thumbnailURL": "https://www.makeapie.com/ecg-storage/ec_gallery_thumbnail/xIs3VgHvgS.png?v=1637728740532",
    "isCustomThumbnail": 0,
    "builtinTags": [
        "category-work",
        "grid",
        "series-line",
        "tooltip"
    ],
    "customTags": [],
    "updaterUserName": "181*****283"
}