{
    "cid": "xrQ-c45IAn",
    "authorUid": "obd-oNTDvDJe7_3RMKzHLILE8rk__8knPCk",
    "authorUserName": "q***3",
    "title": "无y柱状图",
    "description": "",
    "latestVersion": 2,
    "alwaysLatest": 0,
    "createTime": "2021-11-23T09:41:54.000Z",
    "lastUpdateTime": "2021-11-23T09:48:47.000Z",
    "auth": 2,
    "uid": "obd-oNTDvDJe7_3RMKzHLILE8rk__8knPCk",
    "publishedVersion": 0,
    "forkFrom": "-",
    "isSpam": 0,
    "version": 2,
    "parentVersion": 1,
    "echartsVersion": "5.2.2",
    "versionCreateTime": "2021-11-23T09:48:47.000Z",
    "html": "",
    "externalScripts": "",
    "updaterUID": "obd-oNTDvDJe7_3RMKzHLILE8rk__8knPCk",
    "theme": "",
    "layout": "",
    "viewCount": 0,
    "userName": "q***3",
    "commentCount": 0,
    "starCount": 0,
    "isStared": 0,
    "thumbnailURL": "https://www.makeapie.com/ecg-storage/ec_gallery_thumbnail/xrQ-c45IAn.png?v=1637660927960",
    "isCustomThumbnail": 0,
    "builtinTags": [
        "category-work",
        "grid",
        "series-bar",
        "tooltip"
    ],
    "customTags": [],
    "updaterUserName": "q***3"
}