{
    "cid": "xS8LiNYcGs",
    "authorUid": "obd-ojqR57P8DRAQIB470Vh4zLHJl3JDOEj",
    "authorUserName": "奶***凌",
    "title": "饼图-中间显示信息",
    "description": "鼠标移动到色块，环形图中间出现相应的信息",
    "latestVersion": 2,
    "alwaysLatest": 0,
    "createTime": "2021-11-24T01:22:44.000Z",
    "lastUpdateTime": "2021-12-02T02:42:47.000Z",
    "auth": 2,
    "uid": "obd-ojqR57P8DRAQIB470Vh4zLHJl3JDOEj",
    "publishedVersion": 0,
    "forkFrom": "-",
    "isSpam": 0,
    "version": 2,
    "parentVersion": 1,
    "echartsVersion": "5.2.2",
    "versionCreateTime": "2021-12-02T02:42:47.000Z",
    "html": "",
    "externalScripts": "",
    "updaterUID": "obd-ojqR57P8DRAQIB470Vh4zLHJl3JDOEj",
    "theme": "",
    "layout": "",
    "viewCount": 0,
    "userName": "奶***凌",
    "commentCount": 0,
    "starCount": 1,
    "isStared": 0,
    "thumbnailURL": "https://www.makeapie.com/ecg-storage/ec_gallery_thumbnail/xS8LiNYcGs.png?v=1638412967768",
    "isCustomThumbnail": 0,
    "builtinTags": [
        "category-work",
        "legend",
        "series-pie",
        "title"
    ],
    "customTags": [],
    "updaterUserName": "奶***凌"
}