{
    "cid": "xVhqLueNXt",
    "authorUid": "obd-oMubyz7OLBQRQnUkAoo4JCDiWZBL-2N",
    "authorUserName": "181*****283",
    "title": "3d地图",
    "description": "",
    "latestVersion": 1,
    "alwaysLatest": 0,
    "createTime": "2021-11-23T09:56:30.000Z",
    "lastUpdateTime": "2021-11-23T09:56:30.000Z",
    "auth": 2,
    "uid": "obd-oMubyz7OLBQRQnUkAoo4JCDiWZBL-2N",
    "publishedVersion": 0,
    "forkFrom": "-",
    "isSpam": 0,
    "version": 1,
    "parentVersion": -1,
    "echartsVersion": "4.9.0",
    "versionCreateTime": "2021-11-23T09:56:30.000Z",
    "html": "",
    "externalScripts": "/dep/echarts/map/js/china.js,/dep/echarts/map/js/world.js,https://echarts.baidu.com/resource/echarts-gl-latest/dist/echarts-gl.min.js",
    "updaterUID": "obd-oMubyz7OLBQRQnUkAoo4JCDiWZBL-2N",
    "theme": "",
    "layout": "",
    "viewCount": 0,
    "userName": "181*****283",
    "commentCount": 0,
    "starCount": 1,
    "isStared": 0,
    "thumbnailURL": "https://www.makeapie.com/ecg-storage/ec_gallery_thumbnail/xVhqLueNXt.png?v=1637661390550",
    "isCustomThumbnail": 0,
    "builtinTags": [
        "category-work",
        "geo3D",
        "series-bar3D"
    ],
    "customTags": [],
    "updaterUserName": "181*****283"
}