{
    "cid": "xw-mnZWE4g",
    "authorUid": "obd-oMubyz7OLBQRQnUkAoo4JCDiWZBL-2N",
    "authorUserName": "181*****283",
    "title": "3d地图",
    "description": "",
    "latestVersion": 1,
    "alwaysLatest": 0,
    "createTime": "2021-11-23T09:58:16.000Z",
    "lastUpdateTime": "2021-11-23T09:58:16.000Z",
    "auth": 2,
    "uid": "obd-oMubyz7OLBQRQnUkAoo4JCDiWZBL-2N",
    "publishedVersion": 0,
    "forkFrom": "-",
    "isSpam": 0,
    "version": 1,
    "parentVersion": -1,
    "echartsVersion": "5.2.2",
    "versionCreateTime": "2021-11-23T09:58:16.000Z",
    "html": "",
    "externalScripts": "https://cdn.jsdelivr.net/npm/echarts-gl@2/dist/echarts-gl.min.js,/dep/echarts/map/js/world.js",
    "updaterUID": "obd-oMubyz7OLBQRQnUkAoo4JCDiWZBL-2N",
    "theme": "",
    "layout": "",
    "viewCount": 0,
    "userName": "181*****283",
    "commentCount": 0,
    "starCount": 3,
    "isStared": 0,
    "thumbnailURL": "https://www.makeapie.com/ecg-storage/ec_gallery_thumbnail/xw-mnZWE4g.png?v=1637661497150",
    "isCustomThumbnail": 0,
    "builtinTags": [
        "category-work",
        "geo",
        "series-effectScatter",
        "series-lines",
        "series-map",
        "title"
    ],
    "customTags": [],
    "updaterUserName": "181*****283"
}