{
    "cid": "xWBYbN4fKd",
    "authorUid": "bd-1833292178",
    "authorUserName": "和***长",
    "title": "测试旭日",
    "description": "Source: https://worldcoffeeresearch.org/work/sensory-lexicon/",
    "latestVersion": 1,
    "alwaysLatest": 0,
    "createTime": "2021-11-23T07:24:35.000Z",
    "lastUpdateTime": "2021-11-23T07:24:35.000Z",
    "auth": 2,
    "uid": "bd-1833292178",
    "publishedVersion": 0,
    "forkFrom": "-",
    "isSpam": 0,
    "version": 1,
    "parentVersion": -1,
    "echartsVersion": "5.2.2",
    "versionCreateTime": "2021-11-23T07:24:35.000Z",
    "html": "",
    "externalScripts": "",
    "updaterUID": "bd-1833292178",
    "theme": "",
    "layout": "",
    "viewCount": 0,
    "userName": "和***长",
    "commentCount": 0,
    "starCount": 1,
    "isStared": 0,
    "thumbnailURL": "https://www.makeapie.com/ecg-storage/ec_gallery_thumbnail/xWBYbN4fKd.png?v=1637652275560",
    "isCustomThumbnail": 0,
    "builtinTags": [
        "category-work",
        "series-sunburst",
        "title"
    ],
    "customTags": [],
    "updaterUserName": "和***长"
}