{
    "cid": "x6retMP0da",
    "authorUid": "obd-o2SqrNS5GpZctwsluETKAiuBtD3q369",
    "authorUserName": "一***L",
    "title": "圆滑折线面积图",
    "description": "",
    "latestVersion": 2,
    "alwaysLatest": 1,
    "createTime": "2020-09-03T07:02:37.000Z",
    "lastUpdateTime": "2020-09-03T07:02:37.000Z",
    "auth": 2,
    "uid": "obd-o2SqrNS5GpZctwsluETKAiuBtD3q369",
    "publishedVersion": 0,
    "forkFrom": "-",
    "isSpam": 0,
    "version": 2,
    "parentVersion": 1,
    "echartsVersion": "4.8.0",
    "versionCreateTime": "2020-09-03T07:02:58.000Z",
    "html": "",
    "externalScripts": "",
    "updaterUID": "obd-o2SqrNS5GpZctwsluETKAiuBtD3q369",
    "theme": "",
    "layout": "",
    "viewCount": 193,
    "userName": "一***L",
    "commentCount": 0,
    "starCount": 1,
    "isStared": 0,
    "thumbnailURL": "https://www.makeapie.com/ecg-storage/ec_gallery_thumbnail/x6retMP0da.png?v=1599116578592",
    "isCustomThumbnail": 0,
    "builtinTags": [
        "category-work",
        "grid",
        "legend",
        "series-line",
        "title",
        "tooltip"
    ],
    "customTags": [],
    "updaterUserName": "一***L"
}