{
    "cid": "xfO67jKDku",
    "authorUid": "bd-714299955",
    "authorUserName": "c***1",
    "title": "渐变折线图",
    "description": "",
    "latestVersion": 1,
    "alwaysLatest": 1,
    "createTime": "2020-09-02T09:11:36.000Z",
    "lastUpdateTime": "2020-09-02T09:11:36.000Z",
    "auth": 2,
    "uid": "bd-714299955",
    "publishedVersion": 0,
    "forkFrom": "-",
    "isSpam": 0,
    "version": 1,
    "parentVersion": -1,
    "echartsVersion": "4.8.0",
    "versionCreateTime": "2020-09-02T09:11:36.000Z",
    "html": "",
    "externalScripts": "",
    "updaterUID": "bd-714299955",
    "theme": "",
    "layout": "",
    "viewCount": 59,
    "userName": "c***1",
    "commentCount": 0,
    "starCount": 1,
    "isStared": 0,
    "thumbnailURL": "https://www.makeapie.com/ecg-storage/ec_gallery_thumbnail/xfO67jKDku.png?v=1599037896540",
    "isCustomThumbnail": 0,
    "builtinTags": [
        "category-work",
        "grid",
        "series-line",
        "tooltip"
    ],
    "customTags": [],
    "updaterUserName": "c***1"
}