{
    "cid": "xGhlqVU7j2",
    "authorUid": "obd-ojhmrVr7HMv34xoKX5wbXcbj4nEThDB",
    "authorUserName": "咔***尅",
    "title": "空气质量",
    "description": "",
    "latestVersion": 1,
    "alwaysLatest": 1,
    "createTime": "2020-09-02T06:19:23.000Z",
    "lastUpdateTime": "2020-09-02T06:19:23.000Z",
    "auth": 2,
    "uid": "obd-ojhmrVr7HMv34xoKX5wbXcbj4nEThDB",
    "publishedVersion": 0,
    "forkFrom": "-",
    "isSpam": 0,
    "version": 1,
    "parentVersion": -1,
    "echartsVersion": "4.8.0",
    "versionCreateTime": "2020-09-02T06:19:23.000Z",
    "html": "",
    "externalScripts": "",
    "updaterUID": "obd-ojhmrVr7HMv34xoKX5wbXcbj4nEThDB",
    "theme": "",
    "layout": "",
    "viewCount": 537,
    "userName": "咔***尅",
    "commentCount": 0,
    "starCount": 1,
    "isStared": 0,
    "thumbnailURL": "https://www.makeapie.com/ecg-storage/ec_gallery_thumbnail/xGhlqVU7j2.png?v=1599027563621",
    "isCustomThumbnail": 0,
    "builtinTags": [
        "category-work",
        "series-gauge"
    ],
    "customTags": [],
    "updaterUserName": "咔***尅"
}