{
    "cid": "xhCKAOg6mt",
    "authorUid": "obd-o2HuAHegZCy5oi5WGDWjzYvGjN04ABh",
    "authorUserName": "゛***゛",
    "title": "桑基图例子",
    "description": "",
    "latestVersion": 1,
    "alwaysLatest": 1,
    "createTime": "2020-09-02T11:22:13.000Z",
    "lastUpdateTime": "2020-09-02T11:22:13.000Z",
    "auth": 1,
    "uid": "obd-o2HuAHegZCy5oi5WGDWjzYvGjN04ABh",
    "publishedVersion": 0,
    "forkFrom": "-",
    "isSpam": 0,
    "version": 1,
    "parentVersion": -1,
    "echartsVersion": "4.8.0",
    "versionCreateTime": "2020-09-02T11:22:13.000Z",
    "html": "",
    "externalScripts": "",
    "updaterUID": "obd-o2HuAHegZCy5oi5WGDWjzYvGjN04ABh",
    "theme": "",
    "layout": "",
    "viewCount": 298,
    "userName": "゛***゛",
    "commentCount": 0,
    "starCount": 0,
    "isStared": 0,
    "thumbnailURL": "https://www.makeapie.com/ecg-storage/ec_gallery_thumbnail/xhCKAOg6mt.png?v=1599045734054",
    "isCustomThumbnail": 0,
    "builtinTags": [
        "category-work",
        "series-sankey",
        "tooltip"
    ],
    "customTags": [],
    "updaterUserName": "゛***゛"
}