{
    "cid": "xJri5vAJW4",
    "authorUid": "obd-oDmQA_pCt06ZRvXaPS98PhmoJcmUY1a",
    "authorUserName": "z***呆",
    "title": "折线柱状图",
    "description": "折线柱状图",
    "latestVersion": 2,
    "alwaysLatest": 1,
    "createTime": "2020-09-03T02:41:22.000Z",
    "lastUpdateTime": "2020-09-03T02:41:22.000Z",
    "auth": 1,
    "uid": "obd-oDmQA_pCt06ZRvXaPS98PhmoJcmUY1a",
    "publishedVersion": 0,
    "forkFrom": "-",
    "isSpam": 0,
    "version": 2,
    "parentVersion": 1,
    "echartsVersion": "4.8.0",
    "versionCreateTime": "2020-09-03T02:41:37.000Z",
    "html": "",
    "externalScripts": "",
    "updaterUID": "obd-oDmQA_pCt06ZRvXaPS98PhmoJcmUY1a",
    "theme": "",
    "layout": "",
    "viewCount": 77,
    "userName": "z***呆",
    "commentCount": 0,
    "starCount": 1,
    "isStared": 0,
    "thumbnailURL": "https://www.makeapie.com/ecg-storage/ec_gallery_thumbnail/xJri5vAJW4.png?v=1599100883812",
    "isCustomThumbnail": 1,
    "builtinTags": [
        "category-work"
    ],
    "customTags": [],
    "updaterUserName": "z***呆"
}