{
    "cid": "xlky5XEfh7",
    "authorUid": "obd-oAF1zLf_O1ZBdth5s8F3_9OmWY4PH7W",
    "authorUserName": "2***5",
    "title": "连云港市2018GDP构成",
    "description": "",
    "latestVersion": 1,
    "alwaysLatest": 1,
    "createTime": "2020-09-02T07:38:12.000Z",
    "lastUpdateTime": "2020-09-02T07:38:12.000Z",
    "auth": 2,
    "uid": "obd-oAF1zLf_O1ZBdth5s8F3_9OmWY4PH7W",
    "publishedVersion": 0,
    "forkFrom": "-",
    "isSpam": 0,
    "version": 1,
    "parentVersion": -1,
    "echartsVersion": "4.8.0",
    "versionCreateTime": "2020-09-02T07:38:12.000Z",
    "html": "",
    "externalScripts": "",
    "updaterUID": "obd-oAF1zLf_O1ZBdth5s8F3_9OmWY4PH7W",
    "theme": "",
    "layout": "",
    "viewCount": 121,
    "userName": "2***5",
    "commentCount": 0,
    "starCount": 1,
    "isStared": 0,
    "thumbnailURL": "https://www.makeapie.com/ecg-storage/ec_gallery_thumbnail/xlky5XEfh7.png?v=1599032292848",
    "isCustomThumbnail": 0,
    "builtinTags": [
        "category-work",
        "legend",
        "series-pie",
        "title"
    ],
    "customTags": [],
    "updaterUserName": "2***5"
}