{
    "cid": "xoaLfBAF6A",
    "authorUid": "obd-ojW21Ol4j3DPB3D6vTm_H3HD5mbWDES",
    "authorUserName": "p***应",
    "title": "雷达图（极坐标）",
    "description": "只展示一组刻度值",
    "latestVersion": 1,
    "alwaysLatest": 1,
    "createTime": "2020-09-02T08:07:49.000Z",
    "lastUpdateTime": "2020-09-02T08:07:49.000Z",
    "auth": 2,
    "uid": "obd-ojW21Ol4j3DPB3D6vTm_H3HD5mbWDES",
    "publishedVersion": 0,
    "forkFrom": "-",
    "isSpam": 0,
    "version": 1,
    "parentVersion": -1,
    "echartsVersion": "4.8.0",
    "versionCreateTime": "2020-09-02T08:07:49.000Z",
    "html": "",
    "externalScripts": "",
    "updaterUID": "obd-ojW21Ol4j3DPB3D6vTm_H3HD5mbWDES",
    "theme": "",
    "layout": "",
    "viewCount": 761,
    "userName": "p***应",
    "commentCount": 0,
    "starCount": 2,
    "isStared": 0,
    "thumbnailURL": "https://www.makeapie.com/ecg-storage/ec_gallery_thumbnail/xoaLfBAF6A.png?v=1599034069600",
    "isCustomThumbnail": 0,
    "builtinTags": [
        "category-work",
        "polar",
        "radar",
        "series-radar"
    ],
    "customTags": [],
    "updaterUserName": "p***应"
}