{
    "cid": "xOOgrsLh7_",
    "authorUid": "obd-o-UeMHenWkPHfY-JhDJsjoeeYsCCBAI",
    "authorUserName": "k***x",
    "title": "多维度统计",
    "description": "",
    "latestVersion": 6,
    "alwaysLatest": 1,
    "createTime": "2020-09-02T08:11:08.000Z",
    "lastUpdateTime": "2020-09-02T08:11:08.000Z",
    "auth": 2,
    "uid": "obd-o-UeMHenWkPHfY-JhDJsjoeeYsCCBAI",
    "publishedVersion": 0,
    "forkFrom": "-",
    "isSpam": 0,
    "version": 6,
    "parentVersion": 5,
    "echartsVersion": "4.8.0",
    "versionCreateTime": "2020-09-02T10:27:41.000Z",
    "html": "",
    "externalScripts": "",
    "updaterUID": "obd-o-UeMHenWkPHfY-JhDJsjoeeYsCCBAI",
    "theme": "macarons",
    "layout": "",
    "viewCount": 122,
    "userName": "k***x",
    "commentCount": 0,
    "starCount": 0,
    "isStared": 0,
    "thumbnailURL": "https://www.makeapie.com/ecg-storage/ec_gallery_thumbnail/xOOgrsLh7_.png?v=1599042461304",
    "isCustomThumbnail": 0,
    "builtinTags": [
        "category-work",
        "grid",
        "series-bar",
        "tooltip"
    ],
    "customTags": [],
    "updaterUserName": "k***x"
}