{
    "cid": "xQHRlwKoCe",
    "authorUid": "bd-2119482761",
    "authorUserName": "丶***u",
    "title": "bar",
    "description": "",
    "latestVersion": 2,
    "alwaysLatest": 1,
    "createTime": "2020-09-03T02:08:00.000Z",
    "lastUpdateTime": "2020-09-03T02:08:00.000Z",
    "auth": 2,
    "uid": "bd-2119482761",
    "publishedVersion": 0,
    "forkFrom": "-",
    "isSpam": 0,
    "version": 2,
    "parentVersion": 1,
    "echartsVersion": "4.8.0",
    "versionCreateTime": "2020-09-03T02:08:16.000Z",
    "html": "",
    "externalScripts": "",
    "updaterUID": "bd-2119482761",
    "theme": "",
    "layout": "",
    "viewCount": 170,
    "userName": "丶***u",
    "commentCount": 0,
    "starCount": 0,
    "isStared": 0,
    "thumbnailURL": "https://www.makeapie.com/ecg-storage/ec_gallery_thumbnail/xQHRlwKoCe.png?v=1599098896510",
    "isCustomThumbnail": 0,
    "builtinTags": [
        "category-work",
        "grid",
        "series-bar",
        "tooltip"
    ],
    "customTags": [],
    "updaterUserName": "丶***u"
}