{
    "cid": "xROQdB-rHv",
    "authorUid": "bd-69683185",
    "authorUserName": "m***2",
    "title": "销量达成",
    "description": "",
    "latestVersion": 1,
    "alwaysLatest": 1,
    "createTime": "2020-09-03T07:01:25.000Z",
    "lastUpdateTime": "2020-09-03T07:01:25.000Z",
    "auth": 2,
    "uid": "bd-69683185",
    "publishedVersion": 0,
    "forkFrom": "-",
    "isSpam": 0,
    "version": 1,
    "parentVersion": -1,
    "echartsVersion": "4.8.0",
    "versionCreateTime": "2020-09-03T07:01:25.000Z",
    "html": "",
    "externalScripts": "",
    "updaterUID": "bd-69683185",
    "theme": "default",
    "layout": "",
    "viewCount": 69,
    "userName": "m***2",
    "commentCount": 0,
    "starCount": 0,
    "isStared": 0,
    "thumbnailURL": "https://www.makeapie.com/ecg-storage/ec_gallery_thumbnail/xROQdB-rHv.png?v=1599116486052",
    "isCustomThumbnail": 0,
    "builtinTags": [
        "category-work",
        "grid",
        "legend",
        "series-bar",
        "series-line",
        "toolbox",
        "tooltip"
    ],
    "customTags": [],
    "updaterUserName": "m***2"
}