{
    "cid": "xtZ46qOCWv",
    "authorUid": "obd-o2SqrNS5GpZctwsluETKAiuBtD3q369",
    "authorUserName": "一***L",
    "title": "条形图（限制坐标名称长度）",
    "description": "",
    "latestVersion": 1,
    "alwaysLatest": 1,
    "createTime": "2020-09-03T07:51:14.000Z",
    "lastUpdateTime": "2020-09-03T07:51:14.000Z",
    "auth": 2,
    "uid": "obd-o2SqrNS5GpZctwsluETKAiuBtD3q369",
    "publishedVersion": 0,
    "forkFrom": "-",
    "isSpam": 0,
    "version": 1,
    "parentVersion": -1,
    "echartsVersion": "4.8.0",
    "versionCreateTime": "2020-09-03T07:51:14.000Z",
    "html": "",
    "externalScripts": "",
    "updaterUID": "obd-o2SqrNS5GpZctwsluETKAiuBtD3q369",
    "theme": "",
    "layout": "",
    "viewCount": 163,
    "userName": "一***L",
    "commentCount": 0,
    "starCount": 1,
    "isStared": 0,
    "thumbnailURL": "https://www.makeapie.com/ecg-storage/ec_gallery_thumbnail/xtZ46qOCWv.png?v=1599119474408",
    "isCustomThumbnail": 0,
    "builtinTags": [
        "category-work",
        "grid",
        "series-bar",
        "title",
        "tooltip"
    ],
    "customTags": [
        "name",
        "yAxis"
    ],
    "updaterUserName": "一***L"
}