{
    "cid": "xzSfDHmji7",
    "authorUid": "obd-oCAnIthIdnuPCrg6mUP5O-zpUm9Im3a",
    "authorUserName": "啊***华",
    "title": " 实习",
    "description": "",
    "latestVersion": 9,
    "alwaysLatest": 1,
    "createTime": "2020-09-02T09:41:13.000Z",
    "lastUpdateTime": "2020-09-02T09:41:13.000Z",
    "auth": 2,
    "uid": "obd-oCAnIthIdnuPCrg6mUP5O-zpUm9Im3a",
    "publishedVersion": 0,
    "forkFrom": "-",
    "isSpam": 0,
    "version": 9,
    "parentVersion": 8,
    "echartsVersion": "4.8.0",
    "versionCreateTime": "2020-09-02T13:40:24.000Z",
    "html": "",
    "externalScripts": "",
    "updaterUID": "obd-oCAnIthIdnuPCrg6mUP5O-zpUm9Im3a",
    "theme": "",
    "layout": "",
    "viewCount": 585,
    "userName": "啊***华",
    "commentCount": 0,
    "starCount": 2,
    "isStared": 0,
    "thumbnailURL": "https://www.makeapie.com/ecg-storage/ec_gallery_thumbnail/xzSfDHmji7.png?v=1599054024275",
    "isCustomThumbnail": 0,
    "builtinTags": [
        "category-work",
        "geo",
        "legend",
        "series-map",
        "series-scatter",
        "title",
        "tooltip",
        "visualMap"
    ],
    "customTags": [],
    "updaterUserName": "啊***华"
}