{
    "cid": "x2-TjIEA4V",
    "authorUid": "bd-86379122",
    "authorUserName": "x***m",
    "title": "柱线",
    "description": "柱状图",
    "latestVersion": 2,
    "alwaysLatest": 1,
    "createTime": "2021-03-17T12:47:29.000Z",
    "lastUpdateTime": "2021-03-17T12:47:29.000Z",
    "auth": 2,
    "uid": "bd-86379122",
    "publishedVersion": 0,
    "forkFrom": "-",
    "isSpam": 0,
    "version": 2,
    "parentVersion": 1,
    "echartsVersion": "4.8.0",
    "versionCreateTime": "2021-03-17T12:47:50.000Z",
    "html": "",
    "externalScripts": "",
    "updaterUID": "bd-86379122",
    "theme": "",
    "layout": "",
    "viewCount": 92,
    "userName": "x***m",
    "commentCount": 0,
    "starCount": 4,
    "isStared": 0,
    "thumbnailURL": "https://www.makeapie.com/ecg-storage/ec_gallery_thumbnail/x2-TjIEA4V.png?v=1615985270503",
    "isCustomThumbnail": 0,
    "builtinTags": [
        "category-work",
        "grid",
        "legend",
        "series-bar",
        "series-line",
        "tooltip"
    ],
    "customTags": [],
    "updaterUserName": "x***m"
}