{
    "cid": "x2WHkosL26",
    "authorUid": "obd-oMh8dOJBM1AU_feLTKJcUeQxYXqhc2a",
    "authorUserName": "孤***夕",
    "title": "方格-进度条圆环",
    "description": "方格-进度条圆环",
    "latestVersion": 1,
    "alwaysLatest": 1,
    "createTime": "2021-03-17T13:24:06.000Z",
    "lastUpdateTime": "2021-03-17T13:24:06.000Z",
    "auth": 2,
    "uid": "obd-oMh8dOJBM1AU_feLTKJcUeQxYXqhc2a",
    "publishedVersion": 0,
    "forkFrom": "-",
    "isSpam": 0,
    "version": 1,
    "parentVersion": -1,
    "echartsVersion": "4.8.0",
    "versionCreateTime": "2021-03-17T13:24:06.000Z",
    "html": "",
    "externalScripts": "",
    "updaterUID": "obd-oMh8dOJBM1AU_feLTKJcUeQxYXqhc2a",
    "theme": "",
    "layout": "",
    "viewCount": 44,
    "userName": "孤***夕",
    "commentCount": 0,
    "starCount": 4,
    "isStared": 0,
    "thumbnailURL": "https://www.makeapie.com/ecg-storage/ec_gallery_thumbnail/x2WHkosL26.png?v=1615987446741",
    "isCustomThumbnail": 0,
    "builtinTags": [
        "category-work",
        "series-gauge"
    ],
    "customTags": [],
    "updaterUserName": "孤***夕"
}