{
    "cid": "x6r0k-hvRv",
    "authorUid": "bd-1397440702",
    "authorUserName": "泰***人",
    "title": "柱状图标题文字",
    "description": "标题文字在上方",
    "latestVersion": 1,
    "alwaysLatest": 1,
    "createTime": "2021-03-18T08:47:26.000Z",
    "lastUpdateTime": "2021-03-18T08:47:26.000Z",
    "auth": 2,
    "uid": "bd-1397440702",
    "publishedVersion": 0,
    "forkFrom": "-",
    "isSpam": 0,
    "version": 1,
    "parentVersion": -1,
    "echartsVersion": "4.8.0",
    "versionCreateTime": "2021-03-18T08:47:26.000Z",
    "html": "",
    "externalScripts": "",
    "updaterUID": "bd-1397440702",
    "theme": "",
    "layout": "",
    "viewCount": 94,
    "userName": "泰***人",
    "commentCount": 0,
    "starCount": 2,
    "isStared": 0,
    "thumbnailURL": "https://www.makeapie.com/ecg-storage/ec_gallery_thumbnail/x6r0k-hvRv.png?v=1616057246403",
    "isCustomThumbnail": 0,
    "builtinTags": [
        "category-work",
        "grid",
        "series-bar",
        "tooltip"
    ],
    "customTags": [],
    "updaterUserName": "泰***人"
}