{
    "cid": "x9yKNkW5SM",
    "authorUid": "obd-oMh8dOJBM1AU_feLTKJcUeQxYXqhc2a",
    "authorUserName": "孤***夕",
    "title": "双向柱状图对比",
    "description": "双向柱状图对比",
    "latestVersion": 1,
    "alwaysLatest": 1,
    "createTime": "2021-03-17T14:27:40.000Z",
    "lastUpdateTime": "2021-03-17T14:27:40.000Z",
    "auth": 2,
    "uid": "obd-oMh8dOJBM1AU_feLTKJcUeQxYXqhc2a",
    "publishedVersion": 0,
    "forkFrom": "-",
    "isSpam": 0,
    "version": 1,
    "parentVersion": -1,
    "echartsVersion": "4.8.0",
    "versionCreateTime": "2021-03-17T14:27:40.000Z",
    "html": "",
    "externalScripts": "",
    "updaterUID": "obd-oMh8dOJBM1AU_feLTKJcUeQxYXqhc2a",
    "theme": "",
    "layout": "",
    "viewCount": 63,
    "userName": "孤***夕",
    "commentCount": 0,
    "starCount": 0,
    "isStared": 0,
    "thumbnailURL": "https://www.makeapie.com/ecg-storage/ec_gallery_thumbnail/x9yKNkW5SM.png?v=1615991260502",
    "isCustomThumbnail": 1,
    "builtinTags": [
        "category-work",
        "grid",
        "legend",
        "series-bar",
        "timeline"
    ],
    "customTags": [],
    "updaterUserName": "孤***夕"
}