{
    "cid": "xb2i6OpoMc",
    "authorUid": "obd-oMh8dOJBM1AU_feLTKJcUeQxYXqhc2a",
    "authorUserName": "孤***夕",
    "title": "不规则进度条",
    "description": "",
    "latestVersion": 1,
    "alwaysLatest": 1,
    "createTime": "2021-03-18T02:31:21.000Z",
    "lastUpdateTime": "2021-03-18T02:31:21.000Z",
    "auth": 2,
    "uid": "obd-oMh8dOJBM1AU_feLTKJcUeQxYXqhc2a",
    "publishedVersion": 0,
    "forkFrom": "-",
    "isSpam": 0,
    "version": 1,
    "parentVersion": -1,
    "echartsVersion": "4.8.0",
    "versionCreateTime": "2021-03-18T02:31:21.000Z",
    "html": "",
    "externalScripts": "",
    "updaterUID": "obd-oMh8dOJBM1AU_feLTKJcUeQxYXqhc2a",
    "theme": "",
    "layout": "",
    "viewCount": 11,
    "userName": "孤***夕",
    "commentCount": 0,
    "starCount": 0,
    "isStared": 0,
    "thumbnailURL": "https://www.makeapie.com/ecg-storage/ec_gallery_thumbnail/xb2i6OpoMc.png?v=1616034681881",
    "isCustomThumbnail": 0,
    "builtinTags": [
        "category-work",
        "grid",
        "series-pictorialBar",
        "tooltip"
    ],
    "customTags": [],
    "updaterUserName": "孤***夕"
}