{
    "cid": "xbGABbsiRs",
    "authorUid": "obd-oEywtNz2NG7QRiqwc902h4l4c8DM74N",
    "authorUserName": "131*****110",
    "title": "柱状图自定义显示值",
    "description": "",
    "latestVersion": 1,
    "alwaysLatest": 1,
    "createTime": "2021-03-18T10:05:44.000Z",
    "lastUpdateTime": "2021-03-18T10:05:44.000Z",
    "auth": 2,
    "uid": "obd-oEywtNz2NG7QRiqwc902h4l4c8DM74N",
    "publishedVersion": 0,
    "forkFrom": "-",
    "isSpam": 0,
    "version": 1,
    "parentVersion": -1,
    "echartsVersion": "4.8.0",
    "versionCreateTime": "2021-03-18T10:05:44.000Z",
    "html": "",
    "externalScripts": "",
    "updaterUID": "obd-oEywtNz2NG7QRiqwc902h4l4c8DM74N",
    "theme": "",
    "layout": "",
    "viewCount": 22,
    "userName": "131*****110",
    "commentCount": 0,
    "starCount": 0,
    "isStared": 0,
    "thumbnailURL": "https://www.makeapie.com/ecg-storage/ec_gallery_thumbnail/xbGABbsiRs.png?v=1616061944531",
    "isCustomThumbnail": 0,
    "builtinTags": [
        "category-work",
        "grid",
        "series-bar",
        "tooltip"
    ],
    "customTags": [],
    "updaterUserName": "131*****110"
}