{
    "cid": "xbJZfmhGMY",
    "authorUid": "obd-olXplCStLdeEMIRyKN53CY6O6SgoY0U",
    "authorUserName": "夜***空",
    "title": "支付分类",
    "description": "",
    "latestVersion": 1,
    "alwaysLatest": 1,
    "createTime": "2021-03-17T09:11:24.000Z",
    "lastUpdateTime": "2021-03-17T09:11:24.000Z",
    "auth": 2,
    "uid": "obd-olXplCStLdeEMIRyKN53CY6O6SgoY0U",
    "publishedVersion": 0,
    "forkFrom": "-",
    "isSpam": 0,
    "version": 1,
    "parentVersion": -1,
    "echartsVersion": "4.8.0",
    "versionCreateTime": "2021-03-17T09:11:24.000Z",
    "html": "",
    "externalScripts": "",
    "updaterUID": "obd-olXplCStLdeEMIRyKN53CY6O6SgoY0U",
    "theme": "",
    "layout": "",
    "viewCount": 26,
    "userName": "夜***空",
    "commentCount": 0,
    "starCount": 3,
    "isStared": 0,
    "thumbnailURL": "https://www.makeapie.com/ecg-storage/ec_gallery_thumbnail/xbJZfmhGMY.png?v=1615972285134",
    "isCustomThumbnail": 0,
    "builtinTags": [
        "category-work",
        "graphic",
        "legend",
        "series-pie",
        "toolbox",
        "tooltip"
    ],
    "customTags": [],
    "updaterUserName": "夜***空"
}