{
    "cid": "xBsffQA1id",
    "authorUid": "bd-86379122",
    "authorUserName": "x***m",
    "title": "仪表盘带进度动画",
    "description": "仪表盘带进度动画",
    "latestVersion": 1,
    "alwaysLatest": 1,
    "createTime": "2021-03-17T12:42:51.000Z",
    "lastUpdateTime": "2021-03-17T12:42:51.000Z",
    "auth": 2,
    "uid": "bd-86379122",
    "publishedVersion": 0,
    "forkFrom": "-",
    "isSpam": 0,
    "version": 1,
    "parentVersion": -1,
    "echartsVersion": "4.8.0",
    "versionCreateTime": "2021-03-17T12:42:51.000Z",
    "html": "",
    "externalScripts": "",
    "updaterUID": "bd-86379122",
    "theme": "",
    "layout": "",
    "viewCount": 147,
    "userName": "x***m",
    "commentCount": 0,
    "starCount": 1,
    "isStared": 0,
    "thumbnailURL": "https://www.makeapie.com/ecg-storage/ec_gallery_thumbnail/xBsffQA1id.png?v=1615984971392",
    "isCustomThumbnail": 0,
    "builtinTags": [
        "category-work",
        "polar",
        "series-bar",
        "series-gauge",
        "tooltip"
    ],
    "customTags": [],
    "updaterUserName": "x***m"
}