{
    "cid": "xc1lfsG6qr",
    "authorUid": "obd-olXplCStLdeEMIRyKN53CY6O6SgoY0U",
    "authorUserName": "夜***空",
    "title": "柱状图帽子",
    "description": "柱状图帽子",
    "latestVersion": 1,
    "alwaysLatest": 1,
    "createTime": "2021-03-18T02:18:58.000Z",
    "lastUpdateTime": "2021-03-18T02:18:58.000Z",
    "auth": 2,
    "uid": "obd-olXplCStLdeEMIRyKN53CY6O6SgoY0U",
    "publishedVersion": 0,
    "forkFrom": "-",
    "isSpam": 0,
    "version": 1,
    "parentVersion": -1,
    "echartsVersion": "4.8.0",
    "versionCreateTime": "2021-03-18T02:18:58.000Z",
    "html": "",
    "externalScripts": "",
    "updaterUID": "obd-olXplCStLdeEMIRyKN53CY6O6SgoY0U",
    "theme": "",
    "layout": "",
    "viewCount": 37,
    "userName": "夜***空",
    "commentCount": 0,
    "starCount": 1,
    "isStared": 0,
    "thumbnailURL": "https://www.makeapie.com/ecg-storage/ec_gallery_thumbnail/xc1lfsG6qr.png?v=1616033938573",
    "isCustomThumbnail": 0,
    "builtinTags": [
        "category-work",
        "grid",
        "series-bar",
        "series-pictorialBar",
        "tooltip"
    ],
    "customTags": [],
    "updaterUserName": "夜***空"
}