{
    "cid": "xEW5Vs-MJS",
    "authorUid": "obd-oMh8dOJBM1AU_feLTKJcUeQxYXqhc2a",
    "authorUserName": "孤***夕",
    "title": "仪表盘",
    "description": "仪表盘",
    "latestVersion": 2,
    "alwaysLatest": 1,
    "createTime": "2021-03-17T14:06:24.000Z",
    "lastUpdateTime": "2021-03-17T14:06:24.000Z",
    "auth": 2,
    "uid": "obd-oMh8dOJBM1AU_feLTKJcUeQxYXqhc2a",
    "publishedVersion": 0,
    "forkFrom": "-",
    "isSpam": 0,
    "version": 2,
    "parentVersion": 1,
    "echartsVersion": "4.8.0",
    "versionCreateTime": "2021-03-17T14:11:23.000Z",
    "html": "",
    "externalScripts": "",
    "updaterUID": "obd-oMh8dOJBM1AU_feLTKJcUeQxYXqhc2a",
    "theme": "",
    "layout": "",
    "viewCount": 28,
    "userName": "孤***夕",
    "commentCount": 0,
    "starCount": 0,
    "isStared": 0,
    "thumbnailURL": "https://www.makeapie.com/ecg-storage/ec_gallery_thumbnail/xEW5Vs-MJS.png?v=1615990283268",
    "isCustomThumbnail": 0,
    "builtinTags": [
        "category-work",
        "polar",
        "series-bar",
        "series-gauge",
        "series-pie",
        "title",
        "tooltip"
    ],
    "customTags": [],
    "updaterUserName": "孤***夕"
}