{
    "cid": "xeX74DG4st",
    "authorUid": "obd-oF6wMLU4B8urRIf2UQxF3Eg4224Tz5n",
    "authorUserName": "1***心",
    "title": "直线关系图",
    "description": "",
    "latestVersion": 1,
    "alwaysLatest": 1,
    "createTime": "2021-03-17T06:48:52.000Z",
    "lastUpdateTime": "2021-03-17T06:48:52.000Z",
    "auth": 2,
    "uid": "obd-oF6wMLU4B8urRIf2UQxF3Eg4224Tz5n",
    "publishedVersion": 0,
    "forkFrom": "-",
    "isSpam": 0,
    "version": 1,
    "parentVersion": -1,
    "echartsVersion": "4.8.0",
    "versionCreateTime": "2021-03-17T06:48:52.000Z",
    "html": "",
    "externalScripts": "",
    "updaterUID": "obd-oF6wMLU4B8urRIf2UQxF3Eg4224Tz5n",
    "theme": "",
    "layout": "",
    "viewCount": 75,
    "userName": "1***心",
    "commentCount": 0,
    "starCount": 1,
    "isStared": 0,
    "thumbnailURL": "https://www.makeapie.com/ecg-storage/ec_gallery_thumbnail/xeX74DG4st.png?v=1615963733062",
    "isCustomThumbnail": 0,
    "builtinTags": [
        "category-work",
        "legend",
        "series-graph",
        "tooltip"
    ],
    "customTags": [],
    "updaterUserName": "1***心"
}