{
    "cid": "xjmnWAefAo",
    "authorUid": "bd-7382906384",
    "authorUserName": "满***6",
    "title": "想做一个柱形图，宽度和高度都可以自定义",
    "description": "",
    "latestVersion": 1,
    "alwaysLatest": 1,
    "createTime": "2021-03-18T06:49:27.000Z",
    "lastUpdateTime": "2021-03-18T06:49:27.000Z",
    "auth": 2,
    "uid": "bd-7382906384",
    "publishedVersion": 0,
    "forkFrom": "-",
    "isSpam": 0,
    "version": 1,
    "parentVersion": -1,
    "echartsVersion": "4.8.0",
    "versionCreateTime": "2021-03-18T06:49:27.000Z",
    "html": "",
    "externalScripts": "",
    "updaterUID": "bd-7382906384",
    "theme": "",
    "layout": "",
    "viewCount": 20,
    "userName": "满***6",
    "commentCount": 0,
    "starCount": 1,
    "isStared": 0,
    "thumbnailURL": "https://www.makeapie.com/ecg-storage/ec_gallery_thumbnail/xjmnWAefAo.png?v=1616050167259",
    "isCustomThumbnail": 0,
    "builtinTags": [
        "category-work",
        "grid",
        "series-custom",
        "tooltip"
    ],
    "customTags": [],
    "updaterUserName": "满***6"
}