{
    "cid": "xN3pyujBhT",
    "authorUid": "obd-oj1my7-HsRKGCl-ncA96nmk3uA3FhDb",
    "authorUserName": "y***g",
    "title": "条形图",
    "description": "",
    "latestVersion": 1,
    "alwaysLatest": 1,
    "createTime": "2021-03-18T05:45:24.000Z",
    "lastUpdateTime": "2021-03-18T05:45:24.000Z",
    "auth": 2,
    "uid": "obd-oj1my7-HsRKGCl-ncA96nmk3uA3FhDb",
    "publishedVersion": 0,
    "forkFrom": "-",
    "isSpam": 0,
    "version": 1,
    "parentVersion": -1,
    "echartsVersion": "4.8.0",
    "versionCreateTime": "2021-03-18T05:45:24.000Z",
    "html": "",
    "externalScripts": "",
    "updaterUID": "obd-oj1my7-HsRKGCl-ncA96nmk3uA3FhDb",
    "theme": "",
    "layout": "",
    "viewCount": 162,
    "userName": "y***g",
    "commentCount": 0,
    "starCount": 2,
    "isStared": 0,
    "thumbnailURL": "https://www.makeapie.com/ecg-storage/ec_gallery_thumbnail/xN3pyujBhT.png?v=1616046324693",
    "isCustomThumbnail": 0,
    "builtinTags": [
        "category-work",
        "graphic",
        "grid",
        "legend",
        "markArea",
        "markLine",
        "series-bar",
        "series-line",
        "series-pictorialBar",
        "tooltip"
    ],
    "customTags": [],
    "updaterUserName": "y***g"
}