{
    "cid": "xOEkM3jV6p",
    "authorUid": "bd-71012466",
    "authorUserName": "前***n",
    "title": "温度计柱状图 计划值 实际值",
    "description": "温度计柱状图 计划值 实际值",
    "latestVersion": 2,
    "alwaysLatest": 1,
    "createTime": "2021-03-18T01:38:01.000Z",
    "lastUpdateTime": "2021-03-18T01:38:01.000Z",
    "auth": 2,
    "uid": "bd-71012466",
    "publishedVersion": 0,
    "forkFrom": "-",
    "isSpam": 0,
    "version": 2,
    "parentVersion": 1,
    "echartsVersion": "4.8.0",
    "versionCreateTime": "2021-03-18T01:38:32.000Z",
    "html": "",
    "externalScripts": "",
    "updaterUID": "bd-71012466",
    "theme": "",
    "layout": "",
    "viewCount": 29,
    "userName": "前***n",
    "commentCount": 0,
    "starCount": 0,
    "isStared": 0,
    "thumbnailURL": "https://www.makeapie.com/ecg-storage/ec_gallery_thumbnail/xOEkM3jV6p.png?v=1616031512322",
    "isCustomThumbnail": 0,
    "builtinTags": [
        "category-work",
        "grid",
        "series-bar",
        "series-scatter",
        "tooltip"
    ],
    "customTags": [],
    "updaterUserName": "前***n"
}