{
    "cid": "xYiXKlt0bd",
    "authorUid": "obd-oMh8dOJBM1AU_feLTKJcUeQxYXqhc2a",
    "authorUserName": "孤***夕",
    "title": "方格-进度条柱状图",
    "description": "方格-进度条柱状图",
    "latestVersion": 2,
    "alwaysLatest": 1,
    "createTime": "2021-03-17T11:54:58.000Z",
    "lastUpdateTime": "2021-03-17T11:54:58.000Z",
    "auth": 2,
    "uid": "obd-oMh8dOJBM1AU_feLTKJcUeQxYXqhc2a",
    "publishedVersion": 0,
    "forkFrom": "-",
    "isSpam": 0,
    "version": 2,
    "parentVersion": 1,
    "echartsVersion": "4.8.0",
    "versionCreateTime": "2021-03-17T11:55:30.000Z",
    "html": "",
    "externalScripts": "",
    "updaterUID": "obd-oMh8dOJBM1AU_feLTKJcUeQxYXqhc2a",
    "theme": "",
    "layout": "",
    "viewCount": 9,
    "userName": "孤***夕",
    "commentCount": 0,
    "starCount": 0,
    "isStared": 0,
    "thumbnailURL": "https://www.makeapie.com/ecg-storage/ec_gallery_thumbnail/xYiXKlt0bd.png?v=1615982130945",
    "isCustomThumbnail": 0,
    "builtinTags": [
        "category-work",
        "grid",
        "series-pictorialBar",
        "tooltip"
    ],
    "customTags": [],
    "updaterUserName": "孤***夕"
}