{
    "cid": "xZYTgD47Ze",
    "authorUid": "obd-oEywtNz2NG7QRiqwc902h4l4c8DM74N",
    "authorUserName": "131*****110",
    "title": "折线图标题、副标题、XY轴名称",
    "description": "副标题",
    "latestVersion": 1,
    "alwaysLatest": 1,
    "createTime": "2021-03-17T13:06:32.000Z",
    "lastUpdateTime": "2021-03-17T13:06:32.000Z",
    "auth": 2,
    "uid": "obd-oEywtNz2NG7QRiqwc902h4l4c8DM74N",
    "publishedVersion": 0,
    "forkFrom": "-",
    "isSpam": 0,
    "version": 1,
    "parentVersion": -1,
    "echartsVersion": "4.8.0",
    "versionCreateTime": "2021-03-17T13:06:32.000Z",
    "html": "",
    "externalScripts": "",
    "updaterUID": "obd-oEywtNz2NG7QRiqwc902h4l4c8DM74N",
    "theme": "",
    "layout": "",
    "viewCount": 18,
    "userName": "131*****110",
    "commentCount": 0,
    "starCount": 0,
    "isStared": 0,
    "thumbnailURL": "https://www.makeapie.com/ecg-storage/ec_gallery_thumbnail/xZYTgD47Ze.png?v=1615986392649",
    "isCustomThumbnail": 0,
    "builtinTags": [
        "category-work",
        "grid",
        "legend",
        "series-line",
        "title",
        "tooltip"
    ],
    "customTags": [],
    "updaterUserName": "131*****110"
}