{
    "cid": "x2TSGu9tB8",
    "authorUid": "obd-otBAnGXNMgsX1UlJs9FVlCP7Hxt3u86",
    "authorUserName": "H***G",
    "title": "关系图谱",
    "description": "",
    "latestVersion": 2,
    "alwaysLatest": 1,
    "createTime": "2020-05-21T09:04:28.000Z",
    "lastUpdateTime": "2020-05-21T09:04:28.000Z",
    "auth": 2,
    "uid": "obd-otBAnGXNMgsX1UlJs9FVlCP7Hxt3u86",
    "publishedVersion": 0,
    "forkFrom": "-",
    "isSpam": 0,
    "version": 2,
    "parentVersion": 1,
    "echartsVersion": "4.7.0",
    "versionCreateTime": "2020-05-22T08:37:59.000Z",
    "html": "",
    "externalScripts": "",
    "updaterUID": "obd-otBAnGXNMgsX1UlJs9FVlCP7Hxt3u86",
    "theme": "",
    "layout": "",
    "viewCount": 8041,
    "userName": "H***G",
    "commentCount": 1,
    "starCount": 34,
    "isStared": 0,
    "thumbnailURL": "https://www.makeapie.com/ecg-storage/ec_gallery_thumbnail/x2TSGu9tB8.png?v=1590136679230",
    "isCustomThumbnail": 0,
    "builtinTags": [
        "category-work",
        "grid",
        "series-graph",
        "tooltip"
    ],
    "customTags": [],
    "updaterUserName": "H***G"
}