{
    "cid": "x3gJpxCIUF",
    "authorUid": "bd-1399818579",
    "authorUserName": "a***2",
    "title": "全国地域分析",
    "description": "",
    "latestVersion": 2,
    "alwaysLatest": 1,
    "createTime": "2020-06-03T02:59:34.000Z",
    "lastUpdateTime": "2020-06-03T02:59:34.000Z",
    "auth": 2,
    "uid": "bd-1399818579",
    "publishedVersion": 0,
    "forkFrom": "-",
    "isSpam": 0,
    "version": 2,
    "parentVersion": 1,
    "echartsVersion": "4.8.0",
    "versionCreateTime": "2020-06-03T03:02:54.000Z",
    "html": "",
    "externalScripts": "/dep/echarts/latest/extension/bmap.min.js",
    "updaterUID": "bd-1399818579",
    "theme": "",
    "layout": "",
    "viewCount": 14056,
    "userName": "a***2",
    "commentCount": 2,
    "starCount": 22,
    "isStared": 0,
    "thumbnailURL": "https://www.makeapie.com/ecg-storage/ec_gallery_thumbnail/x3gJpxCIUF.png?v=1591153174862",
    "isCustomThumbnail": 1,
    "builtinTags": [
        "category-work",
        "series-map",
        "title",
        "toolbox",
        "tooltip",
        "visualMap"
    ],
    "customTags": [],
    "updaterUserName": "a***2"
}