{
    "cid": "xA4B5ypjq0",
    "authorUid": "bd-3996849279",
    "authorUserName": "N***1",
    "title": "实体属性关系图",
    "description": "",
    "latestVersion": 11,
    "alwaysLatest": 1,
    "createTime": "2020-06-08T02:26:09.000Z",
    "lastUpdateTime": "2020-06-08T02:26:09.000Z",
    "auth": 2,
    "uid": "bd-3996849279",
    "publishedVersion": 0,
    "forkFrom": "-",
    "isSpam": 0,
    "version": 11,
    "parentVersion": 10,
    "echartsVersion": "4.8.0",
    "versionCreateTime": "2020-09-07T08:58:27.000Z",
    "html": "",
    "externalScripts": "",
    "updaterUID": "bd-3996849279",
    "theme": "",
    "layout": "",
    "viewCount": 6649,
    "userName": "N***1",
    "commentCount": 2,
    "starCount": 28,
    "isStared": 0,
    "thumbnailURL": "https://www.makeapie.com/ecg-storage/ec_gallery_thumbnail/xA4B5ypjq0.png?v=1599469107666",
    "isCustomThumbnail": 0,
    "builtinTags": [
        "category-work",
        "grid",
        "legend",
        "series-graph",
        "series-lines",
        "title"
    ],
    "customTags": [],
    "updaterUserName": "N***1"
}