{
    "cid": "xB9bTXhQC3",
    "authorUid": "bd-1924515470",
    "authorUserName": "炫***8",
    "title": "立体柱状图",
    "description": "",
    "latestVersion": 9,
    "alwaysLatest": 1,
    "createTime": "2020-05-09T11:15:36.000Z",
    "lastUpdateTime": "2021-01-10T15:32:10.000Z",
    "auth": 2,
    "uid": "bd-1924515470",
    "publishedVersion": 5,
    "forkFrom": "-",
    "isSpam": 0,
    "version": 5,
    "parentVersion": 4,
    "echartsVersion": "4.7.0",
    "versionCreateTime": "2020-05-20T14:22:26.000Z",
    "html": "",
    "externalScripts": "",
    "updaterUID": "obd-o-UecA4Ze5FmDbnq-_nLQLbo4Z5gCAt",
    "theme": "dark",
    "layout": "",
    "viewCount": 9600,
    "userName": "炫***8",
    "commentCount": 1,
    "starCount": 22,
    "isStared": 0,
    "thumbnailURL": "https://www.makeapie.com/ecg-storage/ec_gallery_thumbnail/xB9bTXhQC3.png?v=1610292714693",
    "isCustomThumbnail": 0,
    "builtinTags": [],
    "customTags": [],
    "updaterUserName": "n***灬"
}