{
    "cid": "xB9i7zW6lu",
    "authorUid": "bd-3976868572",
    "authorUserName": "z***9",
    "title": "温度计",
    "description": "",
    "latestVersion": 1,
    "alwaysLatest": 1,
    "createTime": "2020-05-19T02:31:07.000Z",
    "lastUpdateTime": "2020-05-19T02:31:07.000Z",
    "auth": 2,
    "uid": "bd-3976868572",
    "publishedVersion": 0,
    "forkFrom": "-",
    "isSpam": 0,
    "version": 1,
    "parentVersion": -1,
    "echartsVersion": "4.7.0",
    "versionCreateTime": "2020-05-19T02:31:08.000Z",
    "html": "",
    "externalScripts": "",
    "updaterUID": "bd-3976868572",
    "theme": "",
    "layout": "",
    "viewCount": 3929,
    "userName": "z***9",
    "commentCount": 0,
    "starCount": 40,
    "isStared": 0,
    "thumbnailURL": "https://www.makeapie.com/ecg-storage/ec_gallery_thumbnail/xB9i7zW6lu.png?v=1589855468118",
    "isCustomThumbnail": 0,
    "builtinTags": [
        "category-work",
        "grid",
        "series-bar",
        "series-scatter",
        "title"
    ],
    "customTags": [],
    "updaterUserName": "z***9"
}