{
    "cid": "xdg4XkKtLi",
    "authorUid": "bd-85660897",
    "authorUserName": "晓***风",
    "title": "正负图表",
    "description": "多列表格正负图表设置",
    "latestVersion": 4,
    "alwaysLatest": 1,
    "createTime": "2020-05-28T03:36:31.000Z",
    "lastUpdateTime": "2020-05-28T12:10:22.000Z",
    "auth": 2,
    "uid": "bd-85660897",
    "publishedVersion": 0,
    "forkFrom": "-",
    "isSpam": 0,
    "version": 4,
    "parentVersion": 3,
    "echartsVersion": "4.8.0",
    "versionCreateTime": "2020-08-13T07:52:57.000Z",
    "html": "",
    "externalScripts": "",
    "updaterUID": "bd-85660897",
    "theme": "infographic",
    "layout": "",
    "viewCount": 4136,
    "userName": "晓***风",
    "commentCount": 0,
    "starCount": 23,
    "isStared": 0,
    "thumbnailURL": "https://www.makeapie.com/ecg-storage/ec_gallery_thumbnail/xdg4XkKtLi.png?v=1597305177511",
    "isCustomThumbnail": 0,
    "builtinTags": [],
    "customTags": [],
    "updaterUserName": "晓***风"
}