{
    "cid": "xFQR-hYy-Y",
    "authorUid": "obd-ojhPhq2syVGjX146eAncaIXyfZXryD8",
    "authorUserName": "d***m",
    "title": "圆角仪表盘",
    "description": "",
    "latestVersion": 4,
    "alwaysLatest": 1,
    "createTime": "2020-06-09T12:05:47.000Z",
    "lastUpdateTime": "2020-06-09T12:05:47.000Z",
    "auth": 2,
    "uid": "obd-ojhPhq2syVGjX146eAncaIXyfZXryD8",
    "publishedVersion": 0,
    "forkFrom": "-",
    "isSpam": 0,
    "version": 4,
    "parentVersion": 3,
    "echartsVersion": "4.8.0",
    "versionCreateTime": "2020-06-09T12:11:46.000Z",
    "html": "",
    "externalScripts": "",
    "updaterUID": "obd-ojhPhq2syVGjX146eAncaIXyfZXryD8",
    "theme": "",
    "layout": "",
    "viewCount": 2573,
    "userName": "d***m",
    "commentCount": 0,
    "starCount": 27,
    "isStared": 0,
    "thumbnailURL": "https://www.makeapie.com/ecg-storage/ec_gallery_thumbnail/xFQR-hYy-Y.png?v=1591704707089",
    "isCustomThumbnail": 0,
    "builtinTags": [
        "category-work",
        "legend",
        "polar",
        "series-bar",
        "series-gauge",
        "series-pie",
        "tooltip"
    ],
    "customTags": [],
    "updaterUserName": "d***m"
}