{
    "cid": "xGooulPiFp",
    "authorUid": "obd-oj8PCavbbVdlM3SdSwl9prUqGo-XPD5",
    "authorUserName": "f***e",
    "title": "X轴标签做了特殊处理的线图",
    "description": "X轴标签 label 做了特殊处理，防止左右溢出",
    "latestVersion": 2,
    "alwaysLatest": 1,
    "createTime": "2020-06-10T02:33:34.000Z",
    "lastUpdateTime": "2020-06-10T02:33:34.000Z",
    "auth": 2,
    "uid": "obd-oj8PCavbbVdlM3SdSwl9prUqGo-XPD5",
    "publishedVersion": 0,
    "forkFrom": "-",
    "isSpam": 0,
    "version": 2,
    "parentVersion": 1,
    "echartsVersion": "4.8.0",
    "versionCreateTime": "2020-06-10T02:33:55.000Z",
    "html": "",
    "externalScripts": "",
    "updaterUID": "obd-oj8PCavbbVdlM3SdSwl9prUqGo-XPD5",
    "theme": "",
    "layout": "",
    "viewCount": 8793,
    "userName": "f***e",
    "commentCount": 0,
    "starCount": 23,
    "isStared": 0,
    "thumbnailURL": "https://www.makeapie.com/ecg-storage/ec_gallery_thumbnail/xGooulPiFp.png?v=1591756435875",
    "isCustomThumbnail": 0,
    "builtinTags": [
        "category-work",
        "grid",
        "legend",
        "series-line",
        "title",
        "tooltip"
    ],
    "customTags": [],
    "updaterUserName": "f***e"
}