{
    "cid": "xjgbZkMyBi",
    "authorUid": "bd-1949357510",
    "authorUserName": "丶***炸",
    "title": "极坐标+饼图",
    "description": "实现玫瑰图角度、半径均体现当前维度的占比",
    "latestVersion": 1,
    "alwaysLatest": 1,
    "createTime": "2020-05-20T08:59:43.000Z",
    "lastUpdateTime": "2021-04-27T03:54:05.000Z",
    "auth": 2,
    "uid": "bd-1949357510",
    "publishedVersion": 0,
    "forkFrom": "-",
    "isSpam": 0,
    "version": 1,
    "parentVersion": -1,
    "echartsVersion": "4.7.0",
    "versionCreateTime": "2020-05-20T08:59:43.000Z",
    "html": "",
    "externalScripts": "",
    "updaterUID": "bd-1949357510",
    "theme": "default",
    "layout": "",
    "viewCount": 4356,
    "userName": "丶***炸",
    "commentCount": 0,
    "starCount": 39,
    "isStared": 0,
    "thumbnailURL": "https://www.makeapie.com/ecg-storage/ec_gallery_thumbnail/xjgbZkMyBi.png?v=1589965183564",
    "isCustomThumbnail": 0,
    "builtinTags": [
        "category-work",
        "polar",
        "series-bar",
        "series-pie",
        "tooltip"
    ],
    "customTags": [],
    "updaterUserName": "丶***炸"
}