{
    "cid": "xKhdZyDxNE",
    "authorUid": "bd-167860219",
    "authorUserName": "n***1",
    "title": "糟糕！中二病要感染全人类了！",
    "description": "2020年的某一天,未知疾病中二病突然出现\\n迅速在宅男之间传播,每个点表示一个宅男,点之间的连线代表宅男之间二次元的交流",
    "latestVersion": 52,
    "alwaysLatest": 1,
    "createTime": "2020-05-25T04:36:59.000Z",
    "lastUpdateTime": "2020-05-27T03:41:19.000Z",
    "auth": 2,
    "uid": "bd-167860219",
    "publishedVersion": 0,
    "forkFrom": "-",
    "isSpam": 0,
    "version": 52,
    "parentVersion": 51,
    "echartsVersion": "4.8.0",
    "versionCreateTime": "2020-08-08T15:45:03.000Z",
    "html": "",
    "externalScripts": "",
    "updaterUID": "bd-167860219",
    "theme": "default",
    "layout": "",
    "viewCount": 7079,
    "userName": "n***1",
    "commentCount": 1,
    "starCount": 24,
    "isStared": 0,
    "thumbnailURL": "https://www.makeapie.com/ecg-storage/ec_gallery_thumbnail/xKhdZyDxNE.png?v=1590550880007",
    "isCustomThumbnail": 1,
    "builtinTags": [
        "category-work",
        "grid",
        "legend",
        "series-graph",
        "series-line",
        "title",
        "tooltip"
    ],
    "customTags": [],
    "updaterUserName": "n***1"
}