{
    "cid": "xphzXhpvlq",
    "authorUid": "obd-oDTabqEYGCsdFGwRSDclyg_rm4E071E",
    "authorUserName": "w***5",
    "title": "饼图",
    "description": "",
    "latestVersion": 2,
    "alwaysLatest": 1,
    "createTime": "2020-05-14T13:57:03.000Z",
    "lastUpdateTime": "2021-09-15T07:43:23.000Z",
    "auth": 2,
    "uid": "obd-oDTabqEYGCsdFGwRSDclyg_rm4E071E",
    "publishedVersion": 0,
    "forkFrom": "-",
    "isSpam": 0,
    "version": 2,
    "parentVersion": 1,
    "echartsVersion": "4.9.0",
    "versionCreateTime": "2021-09-15T07:43:23.000Z",
    "html": "",
    "externalScripts": "",
    "updaterUID": "obd-oDTabqEYGCsdFGwRSDclyg_rm4E071E",
    "theme": "",
    "layout": "",
    "viewCount": 7617,
    "userName": "w***5",
    "commentCount": 0,
    "starCount": 28,
    "isStared": 0,
    "thumbnailURL": "https://www.makeapie.com/ecg-storage/ec_gallery_thumbnail/xphzXhpvlq.png?v=1631691803270",
    "isCustomThumbnail": 0,
    "builtinTags": [
        "category-work",
        "legend",
        "series-pie",
        "tooltip"
    ],
    "customTags": [],
    "updaterUserName": "w***5"
}