{
    "cid": "xrMmWOfeZD",
    "authorUid": "bd-2271200459",
    "authorUserName": "人***罪",
    "title": "树形关系图",
    "description": "",
    "latestVersion": 7,
    "alwaysLatest": 1,
    "createTime": "2020-05-22T02:36:52.000Z",
    "lastUpdateTime": "2020-05-22T02:36:52.000Z",
    "auth": 2,
    "uid": "bd-2271200459",
    "publishedVersion": 0,
    "forkFrom": "-",
    "isSpam": 0,
    "version": 7,
    "parentVersion": 6,
    "echartsVersion": "4.8.0",
    "versionCreateTime": "2020-09-21T09:41:38.000Z",
    "html": "",
    "externalScripts": "",
    "updaterUID": "bd-2271200459",
    "theme": "",
    "layout": "",
    "viewCount": 4829,
    "userName": "人***罪",
    "commentCount": 1,
    "starCount": 30,
    "isStared": 0,
    "thumbnailURL": "https://www.makeapie.com/ecg-storage/ec_gallery_thumbnail/xrMmWOfeZD.png?v=1600681298336",
    "isCustomThumbnail": 0,
    "builtinTags": [
        "category-work",
        "series-tree",
        "tooltip"
    ],
    "customTags": [],
    "updaterUserName": "人***罪"
}