{
    "cid": "xrVDtLMS5a",
    "authorUid": "bd-1832650076",
    "authorUserName": "凌***殇",
    "title": "排行对比",
    "description": "",
    "latestVersion": 1,
    "alwaysLatest": 1,
    "createTime": "2020-05-17T11:01:02.000Z",
    "lastUpdateTime": "2020-05-17T11:01:02.000Z",
    "auth": 2,
    "uid": "bd-1832650076",
    "publishedVersion": 0,
    "forkFrom": "-",
    "isSpam": 0,
    "version": 1,
    "parentVersion": -1,
    "echartsVersion": "4.7.0",
    "versionCreateTime": "2020-05-17T11:01:02.000Z",
    "html": "",
    "externalScripts": "",
    "updaterUID": "bd-1832650076",
    "theme": "",
    "layout": "",
    "viewCount": 5590,
    "userName": "凌***殇",
    "commentCount": 0,
    "starCount": 25,
    "isStared": 0,
    "thumbnailURL": "https://www.makeapie.com/ecg-storage/ec_gallery_thumbnail/xrVDtLMS5a.png?v=1589713262519",
    "isCustomThumbnail": 0,
    "builtinTags": [
        "category-work",
        "grid",
        "series-bar",
        "tooltip"
    ],
    "customTags": [],
    "updaterUserName": "凌***殇"
}