{
    "cid": "xu69H8xKUe",
    "authorUid": "obd-oCAn0py4agO8uEBCdnu3WSH2cOEzW3P",
    "authorUserName": "寒***枫",
    "title": "楼层电梯停摆位置",
    "description": "",
    "latestVersion": 13,
    "alwaysLatest": 1,
    "createTime": "2020-06-15T06:00:43.000Z",
    "lastUpdateTime": "2022-01-11T07:11:20.000Z",
    "auth": 1,
    "uid": "obd-oCAn0py4agO8uEBCdnu3WSH2cOEzW3P",
    "publishedVersion": 0,
    "forkFrom": "-",
    "isSpam": 0,
    "version": 13,
    "parentVersion": 12,
    "echartsVersion": "4.9.0",
    "versionCreateTime": "2022-01-11T07:11:20.000Z",
    "html": "",
    "externalScripts": "",
    "updaterUID": "obd-oNlOw-Q4fCOKMD15AHdGEvvRDxLTxCt",
    "theme": "",
    "layout": "",
    "viewCount": 5458,
    "userName": "寒***枫",
    "commentCount": 0,
    "starCount": 40,
    "isStared": 0,
    "thumbnailURL": "https://www.makeapie.com/ecg-storage/ec_gallery_thumbnail/xu69H8xKUe.png?v=1641885080917",
    "isCustomThumbnail": 0,
    "builtinTags": [
        "category-work",
        "grid",
        "series-bar",
        "title",
        "tooltip"
    ],
    "customTags": [],
    "updaterUserName": "i***n"
}