{
    "cid": "xvLVfMXW2m",
    "authorUid": "bd-90050728",
    "authorUserName": "刘***6",
    "title": "天眼查股权关系",
    "description": "天眼查股权关系",
    "latestVersion": 5,
    "alwaysLatest": 1,
    "createTime": "2020-06-11T01:31:45.000Z",
    "lastUpdateTime": "2020-06-11T01:31:45.000Z",
    "auth": 2,
    "uid": "bd-90050728",
    "publishedVersion": 0,
    "forkFrom": "-",
    "isSpam": 0,
    "version": 5,
    "parentVersion": 4,
    "echartsVersion": "4.8.0",
    "versionCreateTime": "2020-06-11T06:48:23.000Z",
    "html": "",
    "externalScripts": "",
    "updaterUID": "bd-90050728",
    "theme": "",
    "layout": "",
    "viewCount": 3551,
    "userName": "刘***6",
    "commentCount": 1,
    "starCount": 23,
    "isStared": 0,
    "thumbnailURL": "https://www.makeapie.com/ecg-storage/ec_gallery_thumbnail/xvLVfMXW2m.png?v=1591858103707",
    "isCustomThumbnail": 0,
    "builtinTags": [
        "category-work",
        "series-tree",
        "tooltip"
    ],
    "customTags": [
        "树形",
        "树结构",
        "组织结构"
    ],
    "updaterUserName": "刘***6"
}