{
    "cid": "xwXlZzUg7t",
    "authorUid": "bd-2469442982",
    "authorUserName": "天***狼",
    "title": "温湿度仪表盘",
    "description": "指针变色仪表盘",
    "latestVersion": 1,
    "alwaysLatest": 1,
    "createTime": "2020-06-06T01:39:33.000Z",
    "lastUpdateTime": "2020-06-06T01:39:33.000Z",
    "auth": 2,
    "uid": "bd-2469442982",
    "publishedVersion": 0,
    "forkFrom": "-",
    "isSpam": 0,
    "version": 1,
    "parentVersion": -1,
    "echartsVersion": "4.8.0",
    "versionCreateTime": "2020-06-06T01:39:33.000Z",
    "html": "",
    "externalScripts": "",
    "updaterUID": "bd-2469442982",
    "theme": "",
    "layout": "",
    "viewCount": 2030,
    "userName": "天***狼",
    "commentCount": 0,
    "starCount": 21,
    "isStared": 0,
    "thumbnailURL": "https://www.makeapie.com/ecg-storage/ec_gallery_thumbnail/xwXlZzUg7t.png?v=1591407573993",
    "isCustomThumbnail": 0,
    "builtinTags": [
        "category-work",
        "series-gauge"
    ],
    "customTags": [],
    "updaterUserName": "天***狼"
}