{
    "cid": "xyvHisL9fx",
    "authorUid": "obd-otRASwoelhFMgQG9HBXdklJxc1yWS87",
    "authorUserName": "双***杰",
    "title": "柱状图",
    "description": "图形变换",
    "latestVersion": 1,
    "alwaysLatest": 1,
    "createTime": "2020-06-01T06:54:53.000Z",
    "lastUpdateTime": "2020-06-01T06:54:53.000Z",
    "auth": 2,
    "uid": "obd-otRASwoelhFMgQG9HBXdklJxc1yWS87",
    "publishedVersion": 0,
    "forkFrom": "-",
    "isSpam": 0,
    "version": 1,
    "parentVersion": -1,
    "echartsVersion": "4.8.0",
    "versionCreateTime": "2020-06-01T06:54:53.000Z",
    "html": "",
    "externalScripts": "",
    "updaterUID": "obd-otRASwoelhFMgQG9HBXdklJxc1yWS87",
    "theme": "",
    "layout": "",
    "viewCount": 2452,
    "userName": "双***杰",
    "commentCount": 0,
    "starCount": 21,
    "isStared": 0,
    "thumbnailURL": "https://www.makeapie.com/ecg-storage/ec_gallery_thumbnail/xyvHisL9fx.png?v=1590994493367",
    "isCustomThumbnail": 0,
    "builtinTags": [
        "category-work",
        "grid",
        "series-line",
        "series-pictorialBar",
        "tooltip"
    ],
    "customTags": [],
    "updaterUserName": "双***杰"
}