{
    "cid": "xzQJpaR4UA",
    "authorUid": "bd-273460656",
    "authorUserName": "C***4",
    "title": "排行榜",
    "description": "",
    "latestVersion": 1,
    "alwaysLatest": 1,
    "createTime": "2020-06-09T06:19:29.000Z",
    "lastUpdateTime": "2020-06-09T06:19:29.000Z",
    "auth": 2,
    "uid": "bd-273460656",
    "publishedVersion": 0,
    "forkFrom": "-",
    "isSpam": 0,
    "version": 1,
    "parentVersion": -1,
    "echartsVersion": "4.8.0",
    "versionCreateTime": "2020-06-09T06:19:29.000Z",
    "html": "",
    "externalScripts": "",
    "updaterUID": "bd-273460656",
    "theme": "",
    "layout": "",
    "viewCount": 9511,
    "userName": "C***4",
    "commentCount": 2,
    "starCount": 36,
    "isStared": 0,
    "thumbnailURL": "https://www.makeapie.com/ecg-storage/ec_gallery_thumbnail/xzQJpaR4UA.png?v=1591683569802",
    "isCustomThumbnail": 0,
    "builtinTags": [
        "category-work",
        "grid",
        "series-bar",
        "title",
        "tooltip"
    ],
    "customTags": [],
    "updaterUserName": "C***4"
}