{
    "cid": "xB10y4pdMz",
    "authorUid": "bd-660812714",
    "authorUserName": "卡卡卡小宇宙",
    "title": "Awesome Chart",
    "description": "",
    "latestVersion": 1,
    "alwaysLatest": 1,
    "createTime": "2017-12-21T05:17:26.000Z",
    "lastUpdateTime": "2017-12-21T05:17:54.000Z",
    "auth": 2,
    "uid": "bd-660812714",
    "publishedVersion": 0,
    "forkFrom": "-",
    "isSpam": 0,
    "version": 1,
    "parentVersion": -1,
    "echartsVersion": "3.8.0",
    "versionCreateTime": "2017-12-21T05:17:26.000Z",
    "html": "",
    "externalScripts": "",
    "updaterUID": "bd-660812714",
    "theme": "dark",
    "layout": "{\"name\":\"1xN\",\"width\":[\"66.78%\",\"33.22%\"],\"height\":[\"100%\"]}",
    "viewCount": 1466,
    "userName": "卡卡卡小宇宙",
    "commentCount": 0,
    "starCount": 0,
    "isStared": 0,
    "thumbnailURL": "https://www.makeapie.com/ecg-storage/ec_gallery_thumbnail/xB10y4pdMz.png?v=1513833446320",
    "isCustomThumbnail": 0,
    "builtinTags": [],
    "customTags": [],
    "updaterUserName": "卡卡卡小宇宙"
}