{
    "cid": "xB1tvsJKff",
    "authorUid": "bd-1438757521",
    "authorUserName": "maps0927",
    "title": "基站打点",
    "description": "",
    "latestVersion": 20,
    "alwaysLatest": 1,
    "createTime": "2017-12-21T08:05:53.000Z",
    "lastUpdateTime": "2017-12-21T08:05:53.000Z",
    "auth": 2,
    "uid": "bd-1438757521",
    "publishedVersion": 0,
    "forkFrom": "-",
    "isSpam": 0,
    "version": 20,
    "parentVersion": 19,
    "echartsVersion": "3.8.0",
    "versionCreateTime": "2018-05-07T07:34:40.000Z",
    "html": "",
    "externalScripts": "http://echarts.baidu.com/resource/echarts-gl-latest/dist/echarts-gl.min.js,http://api.map.baidu.com/api?v=2.0&ak=hYCENCEx1nXO0Nt46ldexfG9oI49xBGh,/dep/echarts/latest/extension/bmap.min.js",
    "updaterUID": "bd-1438757521",
    "theme": "",
    "layout": "",
    "viewCount": 242,
    "userName": "maps0927",
    "commentCount": 0,
    "starCount": 0,
    "isStared": 0,
    "thumbnailURL": "https://www.makeapie.com/ecg-storage/ec_gallery_thumbnail/xB1tvsJKff.png?v=1524888607396",
    "isCustomThumbnail": 0,
    "builtinTags": [
        "category-work"
    ],
    "customTags": [],
    "updaterUserName": "maps0927"
}