{
    "cid": "xBJ8YycLzM",
    "authorUid": "bd-2215764494",
    "authorUserName": "p***g",
    "title": "Random Work",
    "description": "",
    "latestVersion": 2,
    "alwaysLatest": 1,
    "createTime": "2017-12-19T13:09:18.000Z",
    "lastUpdateTime": "2020-06-16T15:44:06.000Z",
    "auth": 2,
    "uid": "bd-2215764494",
    "publishedVersion": 0,
    "forkFrom": "-",
    "isSpam": 0,
    "version": 2,
    "parentVersion": 1,
    "echartsVersion": "3.8.0",
    "versionCreateTime": "2017-12-19T13:10:36.000Z",
    "html": "",
    "externalScripts": "http://echarts.baidu.com/resource/echarts-gl-latest/dist/echarts-gl.min.js",
    "updaterUID": "bd-2215764494",
    "theme": "default",
    "layout": "",
    "viewCount": 314,
    "userName": "p***g",
    "commentCount": 0,
    "starCount": 1,
    "isStared": 0,
    "thumbnailURL": "https://www.makeapie.com/ecg-storage/ec_gallery_thumbnail/xBJ8YycLzM.png?v=1592322246537",
    "isCustomThumbnail": 1,
    "builtinTags": [
        "category-work",
        "grid3D",
        "series-line3D",
        "title",
        "visualMap"
    ],
    "customTags": [],
    "updaterUserName": "p***g"
}