{
    "cid": "xBJkxK3PfG",
    "authorUid": "bd-4077380936",
    "authorUserName": "lixiang92229",
    "title": "不同功能区域热度",
    "description": "",
    "latestVersion": 5,
    "alwaysLatest": 1,
    "createTime": "2017-12-20T10:18:15.000Z",
    "lastUpdateTime": "2017-12-20T10:18:15.000Z",
    "auth": 2,
    "uid": "bd-4077380936",
    "publishedVersion": 0,
    "forkFrom": "-",
    "isSpam": 0,
    "version": 5,
    "parentVersion": 4,
    "echartsVersion": "3.8.0",
    "versionCreateTime": "2017-12-20T10:30:11.000Z",
    "html": "",
    "externalScripts": "",
    "updaterUID": "bd-4077380936",
    "theme": "",
    "layout": "",
    "viewCount": 1954,
    "userName": "lixiang92229",
    "commentCount": 0,
    "starCount": 3,
    "isStared": 0,
    "thumbnailURL": "https://www.makeapie.com/ecg-storage/ec_gallery_thumbnail/xBJkxK3PfG.png?v=1513765811293",
    "isCustomThumbnail": 0,
    "builtinTags": [
        "category-work",
        "dataZoom",
        "grid",
        "series-heatmap",
        "title",
        "tooltip",
        "visualMap"
    ],
    "customTags": [],
    "updaterUserName": "lixiang92229"
}