{
    "cid": "xBJvoMcPfz",
    "authorUid": "bd-259133423",
    "authorUserName": "祖***6",
    "title": "半圆环形图",
    "description": "15168836829",
    "latestVersion": 4,
    "alwaysLatest": 1,
    "createTime": "2017-12-20T07:34:55.000Z",
    "lastUpdateTime": "2017-12-20T07:34:55.000Z",
    "auth": 1,
    "uid": "bd-259133423",
    "publishedVersion": 0,
    "forkFrom": "-",
    "isSpam": 0,
    "version": 4,
    "parentVersion": 3,
    "echartsVersion": "3.8.0",
    "versionCreateTime": "2019-01-21T11:48:29.000Z",
    "html": "",
    "externalScripts": "",
    "updaterUID": "bd-3928677882",
    "theme": "",
    "layout": "",
    "viewCount": 3696,
    "userName": "祖***6",
    "commentCount": 0,
    "starCount": 2,
    "isStared": 0,
    "thumbnailURL": "https://www.makeapie.com/ecg-storage/ec_gallery_thumbnail/xBJvoMcPfz.png?v=1548071309675",
    "isCustomThumbnail": 0,
    "builtinTags": [
        "category-work",
        "series-pie",
        "tooltip"
    ],
    "customTags": [],
    "updaterUserName": "高***范"
}