{
    "cid": "xBy9E2oufM",
    "authorUid": "bd-3796128407",
    "authorUserName": "王***响",
    "title": "男性女性身高体重分布",
    "description": "",
    "latestVersion": 6,
    "alwaysLatest": 1,
    "createTime": "2017-12-21T03:36:18.000Z",
    "lastUpdateTime": "2020-01-09T02:28:19.000Z",
    "auth": 2,
    "uid": "bd-3796128407",
    "publishedVersion": 0,
    "forkFrom": "-",
    "isSpam": 0,
    "version": 6,
    "parentVersion": 5,
    "echartsVersion": "3.8.0",
    "versionCreateTime": "2018-01-16T02:18:13.000Z",
    "html": "",
    "externalScripts": "/dep/echarts/latest/extension/bmap.min.js,/dep/echarts/map/js/china.js,http://echarts.baidu.com/resource/echarts-gl-latest/dist/echarts-gl.min.js",
    "updaterUID": "bd-3796128407",
    "theme": "default",
    "layout": "",
    "viewCount": 1214,
    "userName": "王***响",
    "commentCount": 0,
    "starCount": 2,
    "isStared": 0,
    "thumbnailURL": "https://www.makeapie.com/ecg-storage/ec_gallery_thumbnail/xBy9E2oufM.png?v=1578536900055",
    "isCustomThumbnail": 0,
    "builtinTags": [
        "category-work",
        "grid",
        "legend",
        "markLine",
        "series-scatter",
        "tooltip"
    ],
    "customTags": [],
    "updaterUserName": "王***响"
}