{
    "cid": "xHyyB9a_MM",
    "authorUid": "bd-3121097083",
    "authorUserName": "wenhui7100",
    "title": "测试数据",
    "description": "",
    "latestVersion": 2,
    "alwaysLatest": 1,
    "createTime": "2017-12-21T05:44:22.000Z",
    "lastUpdateTime": "2017-12-21T05:44:22.000Z",
    "auth": 2,
    "uid": "bd-3121097083",
    "publishedVersion": 0,
    "forkFrom": "-",
    "isSpam": 0,
    "version": 2,
    "parentVersion": 1,
    "echartsVersion": "3.8.0",
    "versionCreateTime": "2017-12-21T07:12:38.000Z",
    "html": "",
    "externalScripts": "/dep/echarts/map/js/world.js",
    "updaterUID": "bd-3121097083",
    "theme": "",
    "layout": "",
    "viewCount": 5422,
    "userName": "wenhui7100",
    "commentCount": 0,
    "starCount": 13,
    "isStared": 0,
    "thumbnailURL": "https://www.makeapie.com/ecg-storage/ec_gallery_thumbnail/xHyyB9a_MM.png?v=1513840358328",
    "isCustomThumbnail": 0,
    "builtinTags": [
        "category-work",
        "geo",
        "series-effectScatter",
        "series-lines",
        "series-scatter",
        "title",
        "tooltip",
        "visualMap"
    ],
    "customTags": [],
    "updaterUserName": "wenhui7100"
}