{
    "cid": "xr1FaN2IGz",
    "authorUid": "bd-2758862834",
    "authorUserName": "1996晴天time",
    "title": "江歌事件热词趋势",
    "description": "",
    "latestVersion": 1,
    "alwaysLatest": 1,
    "createTime": "2017-12-19T15:48:16.000Z",
    "lastUpdateTime": "2017-12-19T15:48:16.000Z",
    "auth": 2,
    "uid": "bd-2758862834",
    "publishedVersion": 0,
    "forkFrom": "-",
    "isSpam": 0,
    "version": 1,
    "parentVersion": -1,
    "echartsVersion": "3.8.0",
    "versionCreateTime": "2017-12-19T15:48:16.000Z",
    "html": "",
    "externalScripts": "",
    "updaterUID": "bd-2758862834",
    "theme": "",
    "layout": "",
    "viewCount": 113,
    "userName": "1996晴天time",
    "commentCount": 0,
    "starCount": 0,
    "isStared": 0,
    "thumbnailURL": "https://www.makeapie.com/ecg-storage/ec_gallery_thumbnail/xr1FaN2IGz.png?v=1513698496743",
    "isCustomThumbnail": 0,
    "builtinTags": [
        "category-work",
        "grid",
        "series-line",
        "title"
    ],
    "customTags": [],
    "updaterUserName": "1996晴天time"
}