{
    "cid": "xr1lxGqDzf",
    "authorUid": "bd-4077380936",
    "authorUserName": "lixiang92229",
    "title": "服务区进店人数",
    "description": "服务区当日总顾客数2450人",
    "latestVersion": 6,
    "alwaysLatest": 1,
    "createTime": "2017-12-20T07:31:51.000Z",
    "lastUpdateTime": "2017-12-20T07:31:51.000Z",
    "auth": 2,
    "uid": "bd-4077380936",
    "publishedVersion": 0,
    "forkFrom": "-",
    "isSpam": 0,
    "version": 6,
    "parentVersion": 5,
    "echartsVersion": "3.8.0",
    "versionCreateTime": "2017-12-20T10:34:20.000Z",
    "html": "",
    "externalScripts": "",
    "updaterUID": "bd-4077380936",
    "theme": "",
    "layout": "",
    "viewCount": 57,
    "userName": "lixiang92229",
    "commentCount": 0,
    "starCount": 0,
    "isStared": 0,
    "thumbnailURL": "https://www.makeapie.com/ecg-storage/ec_gallery_thumbnail/xr1lxGqDzf.png?v=1513766060473",
    "isCustomThumbnail": 0,
    "builtinTags": [
        "category-work",
        "legend",
        "series-pie",
        "title",
        "tooltip"
    ],
    "customTags": [],
    "updaterUserName": "lixiang92229"
}