{
    "cid": "xrJwWxy_fG",
    "authorUid": "bd-2903669626",
    "authorUserName": "z***2",
    "title": "圆形图",
    "description": "",
    "latestVersion": 2,
    "alwaysLatest": 1,
    "createTime": "2017-12-20T13:05:02.000Z",
    "lastUpdateTime": "2017-12-20T13:05:02.000Z",
    "auth": 2,
    "uid": "bd-2903669626",
    "publishedVersion": 0,
    "forkFrom": "-",
    "isSpam": 0,
    "version": 2,
    "parentVersion": 1,
    "echartsVersion": "3.8.0",
    "versionCreateTime": "2019-04-01T06:02:35.000Z",
    "html": "",
    "externalScripts": "",
    "updaterUID": "bd-2903669626",
    "theme": "",
    "layout": "",
    "viewCount": 415,
    "userName": "z***2",
    "commentCount": 0,
    "starCount": 3,
    "isStared": 0,
    "thumbnailURL": "https://www.makeapie.com/ecg-storage/ec_gallery_thumbnail/xrJwWxy_fG.png?v=1554098555146",
    "isCustomThumbnail": 0,
    "builtinTags": [
        "category-work",
        "series-pie",
        "title"
    ],
    "customTags": [],
    "updaterUserName": "z***2"
}