{
    "cid": "xrkoGqqPGz",
    "authorUid": "bd-741667023",
    "authorUserName": "爱***月",
    "title": "双柱形加曲线 ",
    "description": "",
    "latestVersion": 1,
    "alwaysLatest": 1,
    "createTime": "2017-12-20T08:06:42.000Z",
    "lastUpdateTime": "2017-12-20T08:06:42.000Z",
    "auth": 2,
    "uid": "bd-741667023",
    "publishedVersion": 0,
    "forkFrom": "-",
    "isSpam": 0,
    "version": 1,
    "parentVersion": -1,
    "echartsVersion": "3.8.0",
    "versionCreateTime": "2017-12-20T08:06:42.000Z",
    "html": "",
    "externalScripts": "",
    "updaterUID": "bd-741667023",
    "theme": "",
    "layout": "",
    "viewCount": 162,
    "userName": "爱***月",
    "commentCount": 0,
    "starCount": 1,
    "isStared": 0,
    "thumbnailURL": "https://www.makeapie.com/ecg-storage/ec_gallery_thumbnail/xrkoGqqPGz.png?v=1513757202824",
    "isCustomThumbnail": 0,
    "builtinTags": [
        "category-work",
        "dataZoom",
        "grid",
        "legend",
        "series-bar",
        "series-line",
        "title",
        "tooltip"
    ],
    "customTags": [],
    "updaterUserName": "爱***月"
}