{
    "cid": "xS11ztFDfz",
    "authorUid": "bd-2215764494",
    "authorUserName": "p***g",
    "title": "Random Work 2",
    "description": "",
    "latestVersion": 2,
    "alwaysLatest": 1,
    "createTime": "2017-12-20T06:53:59.000Z",
    "lastUpdateTime": "2020-06-16T15:43:20.000Z",
    "auth": 2,
    "uid": "bd-2215764494",
    "publishedVersion": 0,
    "forkFrom": "-",
    "isSpam": 0,
    "version": 2,
    "parentVersion": 1,
    "echartsVersion": "3.8.0",
    "versionCreateTime": "2017-12-20T06:55:56.000Z",
    "html": "",
    "externalScripts": "",
    "updaterUID": "bd-2215764494",
    "theme": "default",
    "layout": "",
    "viewCount": 145,
    "userName": "p***g",
    "commentCount": 0,
    "starCount": 0,
    "isStared": 0,
    "thumbnailURL": "https://www.makeapie.com/ecg-storage/ec_gallery_thumbnail/xS11ztFDfz.png?v=1592322200951",
    "isCustomThumbnail": 0,
    "builtinTags": [
        "category-work",
        "grid",
        "series-custom",
        "visualMap"
    ],
    "customTags": [],
    "updaterUserName": "p***g"
}