{
    "cid": "xSkeWGSDMf",
    "authorUid": "bd-1344927122",
    "authorUserName": "小饶windy",
    "title": "自然网点分类",
    "description": "",
    "latestVersion": 2,
    "alwaysLatest": 1,
    "createTime": "2017-12-20T01:50:47.000Z",
    "lastUpdateTime": "2017-12-20T01:50:47.000Z",
    "auth": 2,
    "uid": "bd-1344927122",
    "publishedVersion": 0,
    "forkFrom": "-",
    "isSpam": 0,
    "version": 2,
    "parentVersion": 1,
    "echartsVersion": "3.8.0",
    "versionCreateTime": "2017-12-20T01:59:42.000Z",
    "html": "",
    "externalScripts": "",
    "updaterUID": "bd-1344927122",
    "theme": "",
    "layout": "",
    "viewCount": 24,
    "userName": "小饶windy",
    "commentCount": 0,
    "starCount": 0,
    "isStared": 0,
    "thumbnailURL": "https://www.makeapie.com/ecg-storage/ec_gallery_thumbnail/xSkeWGSDMf.png?v=1513735182213",
    "isCustomThumbnail": 0,
    "builtinTags": [
        "category-work",
        "legend",
        "series-pie",
        "tooltip"
    ],
    "customTags": [],
    "updaterUserName": "小饶windy"
}