{
    "cid": "xSkI7-etGf",
    "authorUid": "bd-1703269945",
    "authorUserName": "r***e",
    "title": "隧道内人员情况",
    "description": "",
    "latestVersion": 2,
    "alwaysLatest": 1,
    "createTime": "2017-12-21T08:30:21.000Z",
    "lastUpdateTime": "2017-12-21T08:30:21.000Z",
    "auth": 2,
    "uid": "bd-1703269945",
    "publishedVersion": 0,
    "forkFrom": "-",
    "isSpam": 0,
    "version": 2,
    "parentVersion": 1,
    "echartsVersion": "3.8.0",
    "versionCreateTime": "2017-12-22T01:51:15.000Z",
    "html": "",
    "externalScripts": "",
    "updaterUID": "bd-1703269945",
    "theme": "",
    "layout": "",
    "viewCount": 997,
    "userName": "r***e",
    "commentCount": 0,
    "starCount": 9,
    "isStared": 0,
    "thumbnailURL": "https://www.makeapie.com/ecg-storage/ec_gallery_thumbnail/xSkI7-etGf.png?v=1513907475240",
    "isCustomThumbnail": 0,
    "builtinTags": [
        "category-work",
        "dataZoom",
        "grid",
        "legend",
        "series-bar",
        "title",
        "tooltip"
    ],
    "customTags": [],
    "updaterUserName": "r***e"
}