{
    "cid": "xSysnAsDGz",
    "authorUid": "bd-4077380936",
    "authorUserName": "lixiang92229",
    "title": "月成单数",
    "description": "",
    "latestVersion": 2,
    "alwaysLatest": 1,
    "createTime": "2017-12-20T09:34:43.000Z",
    "lastUpdateTime": "2017-12-20T09:34:43.000Z",
    "auth": 2,
    "uid": "bd-4077380936",
    "publishedVersion": 0,
    "forkFrom": "-",
    "isSpam": 0,
    "version": 2,
    "parentVersion": 1,
    "echartsVersion": "3.8.0",
    "versionCreateTime": "2017-12-20T10:39:41.000Z",
    "html": "",
    "externalScripts": "",
    "updaterUID": "bd-4077380936",
    "theme": "default",
    "layout": "",
    "viewCount": 44,
    "userName": "lixiang92229",
    "commentCount": 0,
    "starCount": 1,
    "isStared": 0,
    "thumbnailURL": "https://www.makeapie.com/ecg-storage/ec_gallery_thumbnail/xSysnAsDGz.png?v=1513766381964",
    "isCustomThumbnail": 0,
    "builtinTags": [
        "category-work",
        "grid",
        "series-bar",
        "title",
        "tooltip"
    ],
    "customTags": [],
    "updaterUserName": "lixiang92229"
}