{
    "cid": "x96VP6UwQ",
    "authorUid": "bd-442035385",
    "authorUserName": "小***了",
    "title": "各市新型冠状病毒确诊人数和武汉迁出人口",
    "description": "数据来源：微信和百度地图",
    "latestVersion": 2,
    "alwaysLatest": 1,
    "createTime": "2020-02-01T16:05:47.000Z",
    "lastUpdateTime": "2020-02-01T16:05:47.000Z",
    "auth": 2,
    "uid": "bd-442035385",
    "publishedVersion": 0,
    "forkFrom": "-",
    "isSpam": 0,
    "version": 2,
    "parentVersion": 1,
    "echartsVersion": "4.4.0",
    "versionCreateTime": "2020-02-02T02:19:18.000Z",
    "html": "",
    "externalScripts": "/dep/echarts/latest/extension/dataTool.min.js,https://echarts.baidu.com/resource/echarts-stat-latest/dist/ecStat.min.js",
    "updaterUID": "bd-442035385",
    "theme": "",
    "layout": "",
    "viewCount": 509,
    "userName": "小***了",
    "commentCount": 0,
    "starCount": 1,
    "isStared": 0,
    "thumbnailURL": "https://www.makeapie.com/ecg-storage/ec_gallery_thumbnail/x96VP6UwQ.png?v=1580609958563",
    "isCustomThumbnail": 0,
    "builtinTags": [
        "category-work",
        "grid",
        "markPoint",
        "series-line",
        "series-scatter",
        "title",
        "toolbox"
    ],
    "customTags": [],
    "updaterUserName": "小***了"
}