{
    "cid": "x9mwxPEWO",
    "authorUid": "bd-4096194474",
    "authorUserName": "落***傷",
    "title": "Awesome Chart",
    "description": "",
    "latestVersion": 1,
    "alwaysLatest": 1,
    "createTime": "2020-02-09T07:32:11.000Z",
    "lastUpdateTime": "2020-02-09T07:32:11.000Z",
    "auth": 2,
    "uid": "bd-4096194474",
    "publishedVersion": 0,
    "forkFrom": "-",
    "isSpam": 0,
    "version": 1,
    "parentVersion": -1,
    "echartsVersion": "4.4.0",
    "versionCreateTime": "2020-02-09T07:32:11.000Z",
    "html": "",
    "externalScripts": "",
    "updaterUID": "bd-4096194474",
    "theme": "",
    "layout": "",
    "viewCount": 25,
    "userName": "落***傷",
    "commentCount": 1,
    "starCount": 0,
    "isStared": 0,
    "thumbnailURL": "https://www.makeapie.com/ecg-storage/ec_gallery_thumbnail/x9mwxPEWO.png?v=1581233531702",
    "isCustomThumbnail": 0,
    "builtinTags": [
        "category-work",
        "grid",
        "series-line",
        "title"
    ],
    "customTags": [],
    "updaterUserName": "落***傷"
}