{
    "cid": "xAirK-gSB",
    "authorUid": "bd-3491909698",
    "authorUserName": "S***凉",
    "title": "Third",
    "description": "",
    "latestVersion": 1,
    "alwaysLatest": 1,
    "createTime": "2020-02-07T15:46:09.000Z",
    "lastUpdateTime": "2020-02-07T15:46:09.000Z",
    "auth": 2,
    "uid": "bd-3491909698",
    "publishedVersion": 0,
    "forkFrom": "-",
    "isSpam": 0,
    "version": 1,
    "parentVersion": -1,
    "echartsVersion": "4.4.0",
    "versionCreateTime": "2020-02-07T15:46:09.000Z",
    "html": "",
    "externalScripts": "/dep/echarts/map/js/world.js",
    "updaterUID": "bd-3491909698",
    "theme": "",
    "layout": "",
    "viewCount": 167,
    "userName": "S***凉",
    "commentCount": 0,
    "starCount": 0,
    "isStared": 0,
    "thumbnailURL": "https://www.makeapie.com/ecg-storage/ec_gallery_thumbnail/xAirK-gSB.png?v=1581090369606",
    "isCustomThumbnail": 0,
    "builtinTags": [
        "category-work",
        "geo",
        "legend",
        "series-effectScatter",
        "series-scatter",
        "title",
        "tooltip"
    ],
    "customTags": [],
    "updaterUserName": "S***凉"
}