{
    "cid": "xd2G_yHny",
    "authorUid": "bd-1948741350",
    "authorUserName": "动***6",
    "title": "2020肺炎确诊预测对比",
    "description": "",
    "latestVersion": 5,
    "alwaysLatest": 1,
    "createTime": "2020-02-06T14:09:07.000Z",
    "lastUpdateTime": "2020-02-06T14:09:07.000Z",
    "auth": 1,
    "uid": "bd-1948741350",
    "publishedVersion": 0,
    "forkFrom": "-",
    "isSpam": 0,
    "version": 5,
    "parentVersion": 4,
    "echartsVersion": "4.4.0",
    "versionCreateTime": "2020-02-07T09:05:31.000Z",
    "html": "",
    "externalScripts": "",
    "updaterUID": "bd-3879144400",
    "theme": "",
    "layout": "",
    "viewCount": 100,
    "userName": "动***6",
    "commentCount": 0,
    "starCount": 1,
    "isStared": 0,
    "thumbnailURL": "https://www.makeapie.com/ecg-storage/ec_gallery_thumbnail/xd2G_yHny.png?v=1581066331123",
    "isCustomThumbnail": 0,
    "builtinTags": [
        "category-work",
        "grid",
        "legend",
        "series-bar",
        "title",
        "toolbox",
        "tooltip"
    ],
    "customTags": [],
    "updaterUserName": "爱***亮"
}