{
    "cid": "xhhibbxGV",
    "authorUid": "bd-2936691645",
    "authorUserName": "h***x",
    "title": "郫都区示例2",
    "description": "",
    "latestVersion": 1,
    "alwaysLatest": 1,
    "createTime": "2020-02-05T16:12:01.000Z",
    "lastUpdateTime": "2020-02-05T16:12:01.000Z",
    "auth": 2,
    "uid": "bd-2936691645",
    "publishedVersion": 0,
    "forkFrom": "-",
    "isSpam": 0,
    "version": 1,
    "parentVersion": -1,
    "echartsVersion": "4.4.0",
    "versionCreateTime": "2020-02-05T16:12:01.000Z",
    "html": "",
    "externalScripts": "",
    "updaterUID": "bd-2936691645",
    "theme": "",
    "layout": "",
    "viewCount": 1009,
    "userName": "h***x",
    "commentCount": 1,
    "starCount": 1,
    "isStared": 0,
    "thumbnailURL": "https://www.makeapie.com/ecg-storage/ec_gallery_thumbnail/xhhibbxGV.png?v=1580919121283",
    "isCustomThumbnail": 0,
    "builtinTags": [
        "category-work",
        "geo",
        "series-heatmap",
        "series-map",
        "series-scatter",
        "title",
        "tooltip",
        "visualMap"
    ],
    "customTags": [],
    "updaterUserName": "h***x"
}