{
    "cid": "xi5i7UmpQ",
    "authorUid": "bd-2668463452",
    "authorUserName": "E***2",
    "title": "2月5日湖北省新型肺炎疫情地图",
    "description": "",
    "latestVersion": 16,
    "alwaysLatest": 1,
    "createTime": "2020-02-07T04:38:40.000Z",
    "lastUpdateTime": "2020-02-07T04:38:40.000Z",
    "auth": 2,
    "uid": "bd-2668463452",
    "publishedVersion": 0,
    "forkFrom": "-",
    "isSpam": 0,
    "version": 16,
    "parentVersion": 15,
    "echartsVersion": "4.4.0",
    "versionCreateTime": "2020-03-01T07:33:39.000Z",
    "html": "",
    "externalScripts": "https://geo.datav.aliyun.com/areas/bound/100000_full.json",
    "updaterUID": "bd-2668463452",
    "theme": "",
    "layout": "",
    "viewCount": 1011,
    "userName": "E***2",
    "commentCount": 3,
    "starCount": 2,
    "isStared": 0,
    "thumbnailURL": "https://www.makeapie.com/ecg-storage/ec_gallery_thumbnail/xi5i7UmpQ.png?v=1583048020107",
    "isCustomThumbnail": 0,
    "builtinTags": [
        "category-work",
        "legend",
        "series-map",
        "title",
        "toolbox",
        "visualMap"
    ],
    "customTags": [
        "新型冠状病毒",
        "湖北",
        "疫情"
    ],
    "updaterUserName": "E***2"
}