{
    "cid": "xJFXIr4Y9",
    "authorUid": "bd-4286082641",
    "authorUserName": "l***s",
    "title": "中国2016年年龄结构",
    "description": "样本以1‰左右的抽样比从总体中抽选",
    "latestVersion": 1,
    "alwaysLatest": 1,
    "createTime": "2020-02-06T12:52:21.000Z",
    "lastUpdateTime": "2020-02-06T12:52:21.000Z",
    "auth": 2,
    "uid": "bd-4286082641",
    "publishedVersion": 0,
    "forkFrom": "-",
    "isSpam": 0,
    "version": 1,
    "parentVersion": -1,
    "echartsVersion": "4.4.0",
    "versionCreateTime": "2020-02-06T12:52:21.000Z",
    "html": "",
    "externalScripts": "",
    "updaterUID": "bd-4286082641",
    "theme": "",
    "layout": "",
    "viewCount": 1483,
    "userName": "l***s",
    "commentCount": 0,
    "starCount": 4,
    "isStared": 0,
    "thumbnailURL": "https://www.makeapie.com/ecg-storage/ec_gallery_thumbnail/xJFXIr4Y9.png?v=1580993541861",
    "isCustomThumbnail": 0,
    "builtinTags": [
        "category-work",
        "dataZoom",
        "grid",
        "legend",
        "series-bar",
        "timeline",
        "title",
        "toolbox",
        "tooltip"
    ],
    "customTags": [],
    "updaterUserName": "l***s"
}