{
    "cid": "xl7Xt5c9d",
    "authorUid": "bd-976562615",
    "authorUserName": "千***十",
    "title": "柱状图4",
    "description": "",
    "latestVersion": 2,
    "alwaysLatest": 1,
    "createTime": "2020-02-06T05:30:40.000Z",
    "lastUpdateTime": "2020-02-06T05:30:40.000Z",
    "auth": 2,
    "uid": "bd-976562615",
    "publishedVersion": 0,
    "forkFrom": "-",
    "isSpam": 0,
    "version": 2,
    "parentVersion": 1,
    "echartsVersion": "4.4.0",
    "versionCreateTime": "2020-02-06T05:31:16.000Z",
    "html": "",
    "externalScripts": "",
    "updaterUID": "bd-976562615",
    "theme": "",
    "layout": "",
    "viewCount": 827,
    "userName": "千***十",
    "commentCount": 0,
    "starCount": 5,
    "isStared": 0,
    "thumbnailURL": "https://www.makeapie.com/ecg-storage/ec_gallery_thumbnail/xl7Xt5c9d.png?v=1580967076682",
    "isCustomThumbnail": 0,
    "builtinTags": [
        "category-work",
        "grid",
        "series-bar",
        "title"
    ],
    "customTags": [],
    "updaterUserName": "千***十"
}