{
    "cid": "xLc0RdENe",
    "authorUid": "bd-3676951086",
    "authorUserName": "缘***m",
    "title": "气泡图，按照既定位置排布",
    "description": "气泡图，按照既定位置排布，气泡大小根据value，最大最小值限制",
    "latestVersion": 3,
    "alwaysLatest": 1,
    "createTime": "2020-02-06T10:57:53.000Z",
    "lastUpdateTime": "2020-02-06T10:57:53.000Z",
    "auth": 1,
    "uid": "bd-3676951086",
    "publishedVersion": 0,
    "forkFrom": "-",
    "isSpam": 0,
    "version": 3,
    "parentVersion": 2,
    "echartsVersion": "4.8.0",
    "versionCreateTime": "2020-08-25T01:28:41.000Z",
    "html": "",
    "externalScripts": "",
    "updaterUID": "obd-oPeKT5YataDbqJ2ifkRXhGgtvi0_j9W",
    "theme": "",
    "layout": "",
    "viewCount": 1182,
    "userName": "缘***m",
    "commentCount": 0,
    "starCount": 3,
    "isStared": 0,
    "thumbnailURL": "https://www.makeapie.com/ecg-storage/ec_gallery_thumbnail/xLc0RdENe.png?v=1598318921864",
    "isCustomThumbnail": 0,
    "builtinTags": [
        "category-work",
        "grid",
        "series-scatter"
    ],
    "customTags": [],
    "updaterUserName": "绿***冰"
}