{
    "cid": "xLULnAJVg",
    "authorUid": "bd-68505772",
    "authorUserName": "褚***升",
    "title": "中国GIS高校分布-2014年",
    "description": "",
    "latestVersion": 2,
    "alwaysLatest": 1,
    "createTime": "2020-02-01T14:05:53.000Z",
    "lastUpdateTime": "2020-02-01T14:05:53.000Z",
    "auth": 2,
    "uid": "bd-68505772",
    "publishedVersion": 0,
    "forkFrom": "-",
    "isSpam": 0,
    "version": 2,
    "parentVersion": 1,
    "echartsVersion": "4.4.0",
    "versionCreateTime": "2020-02-01T14:07:54.000Z",
    "html": "",
    "externalScripts": "",
    "updaterUID": "bd-68505772",
    "theme": "",
    "layout": "",
    "viewCount": 81,
    "userName": "褚***升",
    "commentCount": 0,
    "starCount": 0,
    "isStared": 0,
    "thumbnailURL": "https://www.makeapie.com/ecg-storage/ec_gallery_thumbnail/xLULnAJVg.png?v=1580566074941",
    "isCustomThumbnail": 0,
    "builtinTags": [
        "category-work",
        "grid",
        "markLine",
        "markPoint",
        "series-pictorialBar",
        "title"
    ],
    "customTags": [],
    "updaterUserName": "褚***升"
}