{
    "cid": "xNn97z2Dq",
    "authorUid": "bd-258458457",
    "authorUserName": "破***火",
    "title": "Echarts+bmap",
    "description": "",
    "latestVersion": 2,
    "alwaysLatest": 1,
    "createTime": "2020-02-05T13:36:42.000Z",
    "lastUpdateTime": "2020-02-05T13:36:42.000Z",
    "auth": 2,
    "uid": "bd-258458457",
    "publishedVersion": 0,
    "forkFrom": "-",
    "isSpam": 0,
    "version": 2,
    "parentVersion": 1,
    "echartsVersion": "4.4.0",
    "versionCreateTime": "2020-02-06T07:33:04.000Z",
    "html": "",
    "externalScripts": "/dep/echarts/latest/extension/bmap.min.js,https://api.map.baidu.com/api?v=2.0&ak=KOmVjPVUAey1G2E8zNhPiuQ6QiEmAwZu,/dep/echarts/map/js/world.js",
    "updaterUID": "bd-258458457",
    "theme": "",
    "layout": "",
    "viewCount": 63,
    "userName": "破***火",
    "commentCount": 0,
    "starCount": 0,
    "isStared": 0,
    "thumbnailURL": "https://www.makeapie.com/ecg-storage/ec_gallery_thumbnail/xNn97z2Dq.undefined?v=",
    "isCustomThumbnail": 0,
    "builtinTags": [
        "category-work"
    ],
    "customTags": [
        "bmap",
        "map",
        "scatter"
    ],
    "updaterUserName": "破***火"
}