{
    "cid": "xqLIfRtgo",
    "authorUid": "bd-386318694",
    "authorUserName": "大***儿",
    "title": "test",
    "description": "",
    "latestVersion": 1,
    "alwaysLatest": 1,
    "createTime": "2020-02-04T08:41:01.000Z",
    "lastUpdateTime": "2020-02-04T08:41:01.000Z",
    "auth": 2,
    "uid": "bd-386318694",
    "publishedVersion": 0,
    "forkFrom": "-",
    "isSpam": 0,
    "version": 1,
    "parentVersion": -1,
    "echartsVersion": "4.4.0",
    "versionCreateTime": "2020-02-04T08:41:01.000Z",
    "html": "",
    "externalScripts": "",
    "updaterUID": "bd-386318694",
    "theme": "",
    "layout": "",
    "viewCount": 391,
    "userName": "大***儿",
    "commentCount": 0,
    "starCount": 1,
    "isStared": 0,
    "thumbnailURL": "https://www.makeapie.com/ecg-storage/ec_gallery_thumbnail/xqLIfRtgo.png?v=1580805661337",
    "isCustomThumbnail": 0,
    "builtinTags": [
        "category-work",
        "series-graph"
    ],
    "customTags": [],
    "updaterUserName": "大***儿"
}