{
    "cid": "xR5LdLlw4",
    "authorUid": "bd-3020475805",
    "authorUserName": "l***7",
    "title": "雷达",
    "description": "",
    "latestVersion": 7,
    "alwaysLatest": 1,
    "createTime": "2020-02-02T14:25:04.000Z",
    "lastUpdateTime": "2020-02-02T14:25:04.000Z",
    "auth": 2,
    "uid": "bd-3020475805",
    "publishedVersion": 0,
    "forkFrom": "-",
    "isSpam": 0,
    "version": 7,
    "parentVersion": 6,
    "echartsVersion": "4.4.0",
    "versionCreateTime": "2020-02-13T04:33:28.000Z",
    "html": "",
    "externalScripts": "",
    "updaterUID": "bd-3020475805",
    "theme": "",
    "layout": "",
    "viewCount": 42,
    "userName": "l***7",
    "commentCount": 0,
    "starCount": 0,
    "isStared": 0,
    "thumbnailURL": "https://www.makeapie.com/ecg-storage/ec_gallery_thumbnail/xR5LdLlw4.png?v=1581568408282",
    "isCustomThumbnail": 0,
    "builtinTags": [
        "category-work",
        "series-pie"
    ],
    "customTags": [],
    "updaterUserName": "l***7"
}