{
    "cid": "xUFEJ7Oar",
    "authorUid": "bd-2105958829",
    "authorUserName": "安***子",
    "title": "",
    "description": "",
    "latestVersion": 4,
    "alwaysLatest": 1,
    "createTime": "2020-02-02T07:36:51.000Z",
    "lastUpdateTime": "2021-10-14T03:04:22.000Z",
    "auth": 2,
    "uid": "bd-2105958829",
    "publishedVersion": 0,
    "forkFrom": "-",
    "isSpam": 0,
    "version": 4,
    "parentVersion": 3,
    "echartsVersion": "4.9.0",
    "versionCreateTime": "2021-10-14T03:04:22.000Z",
    "html": "",
    "externalScripts": "https://cdn.jsdelivr.net/npm/echarts-stat/dist/ecStat.min.js",
    "updaterUID": "bd-2105958829",
    "theme": "",
    "layout": "",
    "viewCount": 21,
    "userName": "安***子",
    "commentCount": 0,
    "starCount": 0,
    "isStared": 0,
    "thumbnailURL": "https://www.makeapie.com/ecg-storage/ec_gallery_thumbnail/xUFEJ7Oar.png?v=1634180662360",
    "isCustomThumbnail": 0,
    "builtinTags": [
        "category-work"
    ],
    "customTags": [],
    "updaterUserName": "安***子"
}