{
    "cid": "xylqCbh7u",
    "authorUid": "bd-4179640802",
    "authorUserName": "四***8",
    "title": "风向风速玫瑰图",
    "description": "",
    "latestVersion": 1,
    "alwaysLatest": 1,
    "createTime": "2020-02-09T07:10:12.000Z",
    "lastUpdateTime": "2020-02-09T07:10:12.000Z",
    "auth": 2,
    "uid": "bd-4179640802",
    "publishedVersion": 0,
    "forkFrom": "-",
    "isSpam": 0,
    "version": 1,
    "parentVersion": -1,
    "echartsVersion": "4.4.0",
    "versionCreateTime": "2020-02-09T07:10:12.000Z",
    "html": "",
    "externalScripts": "",
    "updaterUID": "bd-4179640802",
    "theme": "",
    "layout": "",
    "viewCount": 322,
    "userName": "四***8",
    "commentCount": 0,
    "starCount": 0,
    "isStared": 0,
    "thumbnailURL": "https://www.makeapie.com/ecg-storage/ec_gallery_thumbnail/xylqCbh7u.png?v=1581232212730",
    "isCustomThumbnail": 0,
    "builtinTags": [
        "category-work",
        "legend",
        "polar",
        "series-bar",
        "tooltip"
    ],
    "customTags": [],
    "updaterUserName": "四***8"
}