{
    "cid": "x-z0R0AcI",
    "authorUid": "bd-2133619855",
    "authorUserName": "小***乖",
    "title": "",
    "description": "",
    "latestVersion": 3,
    "alwaysLatest": 1,
    "createTime": "2019-12-11T06:08:54.000Z",
    "lastUpdateTime": "2019-12-11T06:08:54.000Z",
    "auth": 2,
    "uid": "bd-2133619855",
    "publishedVersion": 0,
    "forkFrom": "-",
    "isSpam": 0,
    "version": 3,
    "parentVersion": 2,
    "echartsVersion": "4.4.0",
    "versionCreateTime": "2020-03-20T07:59:15.000Z",
    "html": "",
    "externalScripts": "",
    "updaterUID": "bd-2133619855",
    "theme": "",
    "layout": "",
    "viewCount": 336,
    "userName": "小***乖",
    "commentCount": 0,
    "starCount": 0,
    "isStared": 0,
    "thumbnailURL": "https://www.makeapie.com/ecg-storage/ec_gallery_thumbnail/x-z0R0AcI.png?v=1584691155201",
    "isCustomThumbnail": 0,
    "builtinTags": [
        "category-work",
        "graphic",
        "grid",
        "markArea",
        "series-line",
        "tooltip"
    ],
    "customTags": [],
    "updaterUserName": "小***乖"
}