{
    "cid": "x75s_cIu_",
    "authorUid": "bd-899837472",
    "authorUserName": "g***y",
    "title": "环境计划安排-甘特图",
    "description": "多任务甘特图，打mark点",
    "latestVersion": 2,
    "alwaysLatest": 1,
    "createTime": "2019-12-11T07:45:26.000Z",
    "lastUpdateTime": "2019-12-11T07:45:26.000Z",
    "auth": 2,
    "uid": "bd-899837472",
    "publishedVersion": 0,
    "forkFrom": "-",
    "isSpam": 0,
    "version": 2,
    "parentVersion": 1,
    "echartsVersion": "4.4.0",
    "versionCreateTime": "2019-12-11T07:50:00.000Z",
    "html": "",
    "externalScripts": "",
    "updaterUID": "bd-899837472",
    "theme": "",
    "layout": "",
    "viewCount": 1934,
    "userName": "g***y",
    "commentCount": 0,
    "starCount": 4,
    "isStared": 0,
    "thumbnailURL": "https://www.makeapie.com/ecg-storage/ec_gallery_thumbnail/x75s_cIu_.png?v=1576050600340",
    "isCustomThumbnail": 0,
    "builtinTags": [
        "category-work",
        "grid",
        "legend",
        "markPoint",
        "series-bar",
        "title",
        "tooltip"
    ],
    "customTags": [
        "甘特图"
    ],
    "updaterUserName": "g***y"
}