{
    "cid": "x8fqRjkOO",
    "authorUid": "bd-672389088",
    "authorUserName": "我***啊",
    "title": "test",
    "description": "test",
    "latestVersion": 2,
    "alwaysLatest": 1,
    "createTime": "2019-12-11T09:55:22.000Z",
    "lastUpdateTime": "2019-12-11T09:55:22.000Z",
    "auth": 1,
    "uid": "bd-672389088",
    "publishedVersion": 0,
    "forkFrom": "-",
    "isSpam": 0,
    "version": 2,
    "parentVersion": 1,
    "echartsVersion": "4.4.0",
    "versionCreateTime": "2019-12-11T09:56:33.000Z",
    "html": "",
    "externalScripts": "",
    "updaterUID": "bd-672389088",
    "theme": "",
    "layout": "",
    "viewCount": 184,
    "userName": "我***啊",
    "commentCount": 0,
    "starCount": 3,
    "isStared": 0,
    "thumbnailURL": "https://www.makeapie.com/ecg-storage/ec_gallery_thumbnail/x8fqRjkOO.png?v=1576058193730",
    "isCustomThumbnail": 0,
    "builtinTags": [
        "category-work",
        "grid",
        "legend",
        "series-bar",
        "tooltip"
    ],
    "customTags": [],
    "updaterUserName": "我***啊"
}