{
    "cid": "x9bRZPN14",
    "authorUid": "bd-1465853321",
    "authorUserName": "苏***蜗",
    "title": "饼图",
    "description": "",
    "latestVersion": 1,
    "alwaysLatest": 1,
    "createTime": "2019-12-11T06:34:27.000Z",
    "lastUpdateTime": "2019-12-11T08:48:45.000Z",
    "auth": 2,
    "uid": "bd-1465853321",
    "publishedVersion": 0,
    "forkFrom": "-",
    "isSpam": 0,
    "version": 1,
    "parentVersion": -1,
    "echartsVersion": "4.4.0",
    "versionCreateTime": "2019-12-11T06:34:27.000Z",
    "html": "",
    "externalScripts": "",
    "updaterUID": "bd-1465853321",
    "theme": "",
    "layout": "{\"name\":\"1xN\",\"width\":[],\"height\":[\"100%\"]}",
    "viewCount": 87,
    "userName": "苏***蜗",
    "commentCount": 0,
    "starCount": 1,
    "isStared": 0,
    "thumbnailURL": "https://www.makeapie.com/ecg-storage/ec_gallery_thumbnail/x9bRZPN14.png?v=1576046068033",
    "isCustomThumbnail": 0,
    "builtinTags": [],
    "customTags": [],
    "updaterUserName": "苏***蜗"
}