{
    "cid": "xcBwFIw1G",
    "authorUid": "bd-3361204259",
    "authorUserName": "儒***君",
    "title": "反向多个圆环图",
    "description": "",
    "latestVersion": 2,
    "alwaysLatest": 1,
    "createTime": "2019-12-11T05:52:17.000Z",
    "lastUpdateTime": "2019-12-11T05:52:17.000Z",
    "auth": 2,
    "uid": "bd-3361204259",
    "publishedVersion": 0,
    "forkFrom": "-",
    "isSpam": 0,
    "version": 2,
    "parentVersion": 1,
    "echartsVersion": "4.4.0",
    "versionCreateTime": "2019-12-17T06:52:09.000Z",
    "html": "",
    "externalScripts": "",
    "updaterUID": "bd-3361204259",
    "theme": "",
    "layout": "",
    "viewCount": 337,
    "userName": "儒***君",
    "commentCount": 0,
    "starCount": 4,
    "isStared": 0,
    "thumbnailURL": "https://www.makeapie.com/ecg-storage/ec_gallery_thumbnail/xcBwFIw1G.png?v=1576565529181",
    "isCustomThumbnail": 0,
    "builtinTags": [
        "category-work",
        "series-pie",
        "title"
    ],
    "customTags": [],
    "updaterUserName": "儒***君"
}