{
    "cid": "xiN-CUR3r",
    "authorUid": "bd-2503086910",
    "authorUserName": "w***_",
    "title": "能力偏向图",
    "description": "",
    "latestVersion": 1,
    "alwaysLatest": 1,
    "createTime": "2019-12-12T02:38:44.000Z",
    "lastUpdateTime": "2019-12-12T02:38:44.000Z",
    "auth": 2,
    "uid": "bd-2503086910",
    "publishedVersion": 0,
    "forkFrom": "-",
    "isSpam": 0,
    "version": 1,
    "parentVersion": -1,
    "echartsVersion": "4.4.0",
    "versionCreateTime": "2019-12-12T02:38:44.000Z",
    "html": "",
    "externalScripts": "",
    "updaterUID": "bd-2503086910",
    "theme": "",
    "layout": "",
    "viewCount": 283,
    "userName": "w***_",
    "commentCount": 0,
    "starCount": 0,
    "isStared": 0,
    "thumbnailURL": "https://www.makeapie.com/ecg-storage/ec_gallery_thumbnail/xiN-CUR3r.png?v=1576118324590",
    "isCustomThumbnail": 0,
    "builtinTags": [
        "category-work",
        "radar",
        "series-radar",
        "tooltip"
    ],
    "customTags": [],
    "updaterUserName": "w***_"
}