{
    "cid": "xNiDOQ4FE",
    "authorUid": "bd-578879392",
    "authorUserName": "青***刘",
    "title": "简单饼图",
    "description": "名称在右，百分比",
    "latestVersion": 1,
    "alwaysLatest": 1,
    "createTime": "2019-12-11T01:26:42.000Z",
    "lastUpdateTime": "2019-12-11T01:26:42.000Z",
    "auth": 2,
    "uid": "bd-578879392",
    "publishedVersion": 0,
    "forkFrom": "-",
    "isSpam": 0,
    "version": 1,
    "parentVersion": -1,
    "echartsVersion": "4.4.0",
    "versionCreateTime": "2019-12-11T01:26:42.000Z",
    "html": "",
    "externalScripts": "",
    "updaterUID": "bd-578879392",
    "theme": "",
    "layout": "",
    "viewCount": 39,
    "userName": "青***刘",
    "commentCount": 0,
    "starCount": 1,
    "isStared": 0,
    "thumbnailURL": "https://www.makeapie.com/ecg-storage/ec_gallery_thumbnail/xNiDOQ4FE.png?v=1576027602686",
    "isCustomThumbnail": 0,
    "builtinTags": [
        "category-work",
        "series-pie",
        "title"
    ],
    "customTags": [],
    "updaterUserName": "青***刘"
}