{
    "cid": "xqswEJbBE",
    "authorUid": "bd-1148448149",
    "authorUserName": "姑***语",
    "title": "象棋-散点图",
    "description": "象棋-散点图",
    "latestVersion": 5,
    "alwaysLatest": 1,
    "createTime": "2019-12-11T09:58:04.000Z",
    "lastUpdateTime": "2019-12-11T09:58:04.000Z",
    "auth": 2,
    "uid": "bd-1148448149",
    "publishedVersion": 0,
    "forkFrom": "-",
    "isSpam": 0,
    "version": 5,
    "parentVersion": 4,
    "echartsVersion": "4.4.0",
    "versionCreateTime": "2019-12-12T08:01:51.000Z",
    "html": "",
    "externalScripts": "",
    "updaterUID": "bd-1148448149",
    "theme": "",
    "layout": "",
    "viewCount": 262,
    "userName": "姑***语",
    "commentCount": 0,
    "starCount": 1,
    "isStared": 0,
    "thumbnailURL": "https://www.makeapie.com/ecg-storage/ec_gallery_thumbnail/xqswEJbBE.png?v=1576058285850",
    "isCustomThumbnail": 1,
    "builtinTags": [
        "category-work"
    ],
    "customTags": [],
    "updaterUserName": "姑***语"
}