{
    "cid": "x0-uCepnPl",
    "authorUid": "bd-4240785066",
    "authorUserName": "小***丶",
    "title": "全国销售额可点击到县",
    "description": "通过高德Api获取geoJso,可点击到县，添加了南海诸岛",
    "latestVersion": 7,
    "alwaysLatest": 1,
    "createTime": "2020-08-21T09:09:33.000Z",
    "lastUpdateTime": "2020-08-21T09:09:33.000Z",
    "auth": 2,
    "uid": "bd-4240785066",
    "publishedVersion": 0,
    "forkFrom": "-",
    "isSpam": 0,
    "version": 7,
    "parentVersion": 6,
    "echartsVersion": "4.8.0",
    "versionCreateTime": "2020-12-08T05:34:50.000Z",
    "html": "",
    "externalScripts": "https://webapi.amap.com/maps?v=1.3&key=73cddabc2173e0166a622f4483d3592a&plugin=AMap.DistrictSearch,https://webapi.amap.com/maps?v=1.3&key=73cddabc2173e0166a622f4483d3592a,https://webapi.amap.com/ui/1.0/main.js,https://echarts.baidu.com/resource/echarts-gl-latest/dist/echarts-gl.min.js",
    "updaterUID": "bd-4240785066",
    "theme": "",
    "layout": "",
    "viewCount": 43984,
    "userName": "小***丶",
    "commentCount": 70,
    "starCount": 255,
    "isStared": 0,
    "thumbnailURL": "https://www.makeapie.com/ecg-storage/ec_gallery_thumbnail/x0-uCepnPl.png?v=1607405690204",
    "isCustomThumbnail": 0,
    "builtinTags": [
        "category-work",
        "geo",
        "series-effectScatter",
        "series-map",
        "timeline",
        "title",
        "toolbox",
        "tooltip",
        "visualMap"
    ],
    "customTags": [],
    "updaterUserName": "小***丶"
}