{
    "cid": "x4SFfqL-2R",
    "authorUid": "bd-3817636711",
    "authorUserName": "S***G",
    "title": "全国6月销售统计",
    "description": "",
    "latestVersion": 3,
    "alwaysLatest": 1,
    "createTime": "2020-06-09T09:35:34.000Z",
    "lastUpdateTime": "2020-06-09T09:35:34.000Z",
    "auth": 2,
    "uid": "bd-3817636711",
    "publishedVersion": 0,
    "forkFrom": "-",
    "isSpam": 0,
    "version": 3,
    "parentVersion": 2,
    "echartsVersion": "4.8.0",
    "versionCreateTime": "2020-07-28T09:58:28.000Z",
    "html": "",
    "externalScripts": "",
    "updaterUID": "bd-3817636711",
    "theme": "",
    "layout": "",
    "viewCount": 44647,
    "userName": "S***G",
    "commentCount": 0,
    "starCount": 183,
    "isStared": 0,
    "thumbnailURL": "https://www.makeapie.com/ecg-storage/ec_gallery_thumbnail/x4SFfqL-2R.png?v=1595930308477",
    "isCustomThumbnail": 0,
    "builtinTags": [
        "category-work",
        "grid",
        "legend",
        "series-line",
        "title",
        "tooltip"
    ],
    "customTags": [],
    "updaterUserName": "S***G"
}