{
    "cid": "xBs0AfOWAz",
    "authorUid": "obd-oD9Z8WF_Ba-uPeAaXmnUeJ70qWFJR1d",
    "authorUserName": "提***块",
    "title": "地图上的模拟柱状图",
    "description": "",
    "latestVersion": 1,
    "alwaysLatest": 0,
    "createTime": "2021-06-15T08:59:40.000Z",
    "lastUpdateTime": "2021-06-15T08:59:40.000Z",
    "auth": 2,
    "uid": "obd-oD9Z8WF_Ba-uPeAaXmnUeJ70qWFJR1d",
    "publishedVersion": 0,
    "forkFrom": "-",
    "isSpam": 0,
    "version": 1,
    "parentVersion": -1,
    "echartsVersion": "5.1.2",
    "versionCreateTime": "2021-06-15T08:59:40.000Z",
    "html": "",
    "externalScripts": "",
    "updaterUID": "obd-oD9Z8WF_Ba-uPeAaXmnUeJ70qWFJR1d",
    "theme": "",
    "layout": "",
    "viewCount": 0,
    "userName": "提***块",
    "commentCount": 5,
    "starCount": 126,
    "isStared": 0,
    "thumbnailURL": "https://www.makeapie.com/ecg-storage/ec_gallery_thumbnail/xBs0AfOWAz.png?v=1623747581022",
    "isCustomThumbnail": 0,
    "builtinTags": [
        "category-work",
        "geo",
        "series-lines",
        "series-map",
        "series-scatter",
        "tooltip"
    ],
    "customTags": [],
    "updaterUserName": "提***块"
}