{
    "cid": "xByLjqtaLz",
    "authorUid": "bd-1263247155",
    "authorUserName": "心***着",
    "title": "地图下钻+地图数据展示",
    "description": "",
    "latestVersion": 1,
    "alwaysLatest": 1,
    "createTime": "2018-02-11T09:19:25.000Z",
    "lastUpdateTime": "2018-02-11T09:19:25.000Z",
    "auth": 2,
    "uid": "bd-1263247155",
    "publishedVersion": 0,
    "forkFrom": "-",
    "isSpam": 0,
    "version": 1,
    "parentVersion": -1,
    "echartsVersion": "3.8.0",
    "versionCreateTime": "2018-02-11T09:19:25.000Z",
    "html": "",
    "externalScripts": "",
    "updaterUID": "bd-1263247155",
    "theme": "",
    "layout": "",
    "viewCount": 151432,
    "userName": "心***着",
    "commentCount": 56,
    "starCount": 434,
    "isStared": 0,
    "thumbnailURL": "https://www.makeapie.com/ecg-storage/ec_gallery_thumbnail/xByLjqtaLz.png?v=1518340765980",
    "isCustomThumbnail": 0,
    "builtinTags": [
        "category-work",
        "geo",
        "graphic",
        "series-effectScatter"
    ],
    "customTags": [
        "地图",
        "地图下钻"
    ],
    "updaterUserName": "心***着"
}