{
    "cid": "xFkzKG-bpl",
    "authorUid": "bd-1704363465",
    "authorUserName": "煎***君",
    "title": "动画装饰仪表盘",
    "description": "",
    "latestVersion": 1,
    "alwaysLatest": 1,
    "createTime": "2020-06-14T09:18:26.000Z",
    "lastUpdateTime": "2020-06-14T09:18:26.000Z",
    "auth": 2,
    "uid": "bd-1704363465",
    "publishedVersion": 0,
    "forkFrom": "-",
    "isSpam": 0,
    "version": 1,
    "parentVersion": -1,
    "echartsVersion": "4.8.0",
    "versionCreateTime": "2020-06-14T09:18:26.000Z",
    "html": "",
    "externalScripts": "",
    "updaterUID": "bd-1704363465",
    "theme": "",
    "layout": "",
    "viewCount": 36080,
    "userName": "煎***君",
    "commentCount": 3,
    "starCount": 271,
    "isStared": 0,
    "thumbnailURL": "https://www.makeapie.com/ecg-storage/ec_gallery_thumbnail/xFkzKG-bpl.png?v=1592126306833",
    "isCustomThumbnail": 0,
    "builtinTags": [
        "category-work",
        "legend",
        "series-custom",
        "series-gauge",
        "series-pie",
        "title"
    ],
    "customTags": [],
    "updaterUserName": "煎***君"
}