{
    "cid": "xG3rZAFEqu",
    "authorUid": "bd-3073127017",
    "authorUserName": "素年花白c",
    "title": "渐变柱状图可移动",
    "description": "",
    "latestVersion": 1,
    "alwaysLatest": 1,
    "createTime": "2019-04-16T02:43:54.000Z",
    "lastUpdateTime": "2019-04-16T02:43:54.000Z",
    "auth": 2,
    "uid": "bd-3073127017",
    "publishedVersion": 0,
    "forkFrom": "-",
    "isSpam": 0,
    "version": 1,
    "parentVersion": -1,
    "echartsVersion": "4.2.1",
    "versionCreateTime": "2019-04-16T02:43:54.000Z",
    "html": "",
    "externalScripts": "",
    "updaterUID": "bd-3073127017",
    "theme": "",
    "layout": "",
    "viewCount": 78014,
    "userName": "素年花白c",
    "commentCount": 0,
    "starCount": 272,
    "isStared": 0,
    "thumbnailURL": "https://www.makeapie.com/ecg-storage/ec_gallery_thumbnail/xG3rZAFEqu.png?v=1555382634882",
    "isCustomThumbnail": 0,
    "builtinTags": [
        "category-work",
        "dataZoom",
        "grid",
        "legend",
        "series-bar",
        "tooltip"
    ],
    "customTags": [],
    "updaterUserName": "素年花白c"
}