{
    "cid": "xH0E6KFMcG",
    "authorUid": "obd-oNlDhrPwwniYmErIrxhUmQFFc_vUhCu",
    "authorUserName": "l***1",
    "title": "立体柱图",
    "description": "",
    "latestVersion": 1,
    "alwaysLatest": 1,
    "createTime": "2020-07-13T12:39:21.000Z",
    "lastUpdateTime": "2020-07-13T12:39:21.000Z",
    "auth": 2,
    "uid": "obd-oNlDhrPwwniYmErIrxhUmQFFc_vUhCu",
    "publishedVersion": 0,
    "forkFrom": "-",
    "isSpam": 0,
    "version": 1,
    "parentVersion": -1,
    "echartsVersion": "4.8.0",
    "versionCreateTime": "2020-07-13T12:39:21.000Z",
    "html": "",
    "externalScripts": "",
    "updaterUID": "obd-oNlDhrPwwniYmErIrxhUmQFFc_vUhCu",
    "theme": "",
    "layout": "",
    "viewCount": 46385,
    "userName": "l***1",
    "commentCount": 7,
    "starCount": 184,
    "isStared": 0,
    "thumbnailURL": "https://www.makeapie.com/ecg-storage/ec_gallery_thumbnail/xH0E6KFMcG.png?v=1594643961413",
    "isCustomThumbnail": 0,
    "builtinTags": [
        "category-work",
        "grid",
        "series-bar",
        "series-custom",
        "title"
    ],
    "customTags": [],
    "updaterUserName": "l***1"
}