{
    "cid": "xH2DfA0Olu",
    "authorUid": "bd-320126854",
    "authorUserName": "h***0",
    "title": "地图时间轴多样",
    "description": "地图  时间轴   多样",
    "latestVersion": 119,
    "alwaysLatest": 1,
    "createTime": "2019-05-13T10:18:22.000Z",
    "lastUpdateTime": "2019-11-22T00:24:44.000Z",
    "auth": 2,
    "uid": "bd-320126854",
    "publishedVersion": 97,
    "forkFrom": "-",
    "isSpam": 0,
    "version": 97,
    "parentVersion": 96,
    "echartsVersion": "4.4.0",
    "versionCreateTime": "2019-11-07T01:08:21.000Z",
    "html": "",
    "externalScripts": "https://echarts.baidu.com/resource/echarts-gl-latest/dist/echarts-gl.min.js",
    "updaterUID": "bd-320126854",
    "theme": "default",
    "layout": "",
    "viewCount": 124101,
    "userName": "h***0",
    "commentCount": 58,
    "starCount": 338,
    "isStared": 0,
    "thumbnailURL": "https://www.makeapie.com/ecg-storage/ec_gallery_thumbnail/xH2DfA0Olu.png?v=1574381987028",
    "isCustomThumbnail": 0,
    "builtinTags": [
        "category-work",
        "geo",
        "grid",
        "series-bar",
        "series-effectScatter",
        "series-lines",
        "series-map",
        "series-scatter",
        "timeline",
        "title",
        "tooltip"
    ],
    "customTags": [],
    "updaterUserName": "h***0"
}