{
    "cid": "xhbPZbrj9-",
    "authorUid": "obd-oCgt4uYL_58QxJ3uynRLtqOwUb_VE3y",
    "authorUserName": "155******41",
    "title": "普通柱状图",
    "description": "当数据数量大于14的时候，出现滚动条",
    "latestVersion": 5,
    "alwaysLatest": 0,
    "createTime": "2022-01-05T02:18:44.000Z",
    "lastUpdateTime": "2022-01-05T03:06:12.000Z",
    "auth": 2,
    "uid": "obd-oCgt4uYL_58QxJ3uynRLtqOwUb_VE3y",
    "publishedVersion": 0,
    "forkFrom": "-",
    "isSpam": 0,
    "version": 5,
    "parentVersion": 4,
    "echartsVersion": "4.9.0",
    "versionCreateTime": "2022-01-05T03:06:12.000Z",
    "html": "",
    "externalScripts": "",
    "updaterUID": "obd-oCgt4uYL_58QxJ3uynRLtqOwUb_VE3y",
    "theme": "",
    "layout": "",
    "viewCount": 0,
    "userName": "155******41",
    "commentCount": 0,
    "starCount": 2,
    "isStared": 0,
    "thumbnailURL": "https://www.makeapie.com/ecg-storage/ec_gallery_thumbnail/xhbPZbrj9-.png?v=1641351973062",
    "isCustomThumbnail": 0,
    "builtinTags": [
        "category-work",
        "dataZoom",
        "grid",
        "series-bar",
        "tooltip"
    ],
    "customTags": [],
    "updaterUserName": "155******41"
}