{
    "cid": "xr5cqmiBBf",
    "authorUid": "obd-oC-ckOd58OtDyenzW1lj-oNwP6W5D3r",
    "authorUserName": "t***1",
    "title": "模拟3D地图——迁徙图",
    "description": "",
    "latestVersion": 3,
    "alwaysLatest": 1,
    "createTime": "2020-07-14T08:34:32.000Z",
    "lastUpdateTime": "2020-07-14T08:34:32.000Z",
    "auth": 2,
    "uid": "obd-oC-ckOd58OtDyenzW1lj-oNwP6W5D3r",
    "publishedVersion": 0,
    "forkFrom": "-",
    "isSpam": 0,
    "version": 3,
    "parentVersion": 2,
    "echartsVersion": "4.8.0",
    "versionCreateTime": "2020-07-16T02:17:11.000Z",
    "html": "",
    "externalScripts": "",
    "updaterUID": "obd-oC-ckOd58OtDyenzW1lj-oNwP6W5D3r",
    "theme": "",
    "layout": "",
    "viewCount": 69042,
    "userName": "t***1",
    "commentCount": 15,
    "starCount": 161,
    "isStared": 0,
    "thumbnailURL": "https://www.makeapie.com/ecg-storage/ec_gallery_thumbnail/xr5cqmiBBf.png?v=1594865831570",
    "isCustomThumbnail": 0,
    "builtinTags": [
        "category-work",
        "geo",
        "series-effectScatter",
        "series-lines",
        "series-map"
    ],
    "customTags": [],
    "updaterUserName": "t***1"
}