{
    "cid": "x-HBMN1iod",
    "authorUid": "bd-4247132968",
    "authorUserName": "神***9",
    "title": "简约渐变色雷达图",
    "description": "",
    "latestVersion": 1,
    "alwaysLatest": 1,
    "createTime": "2018-12-29T05:36:34.000Z",
    "lastUpdateTime": "2018-12-29T05:36:34.000Z",
    "auth": 2,
    "uid": "bd-4247132968",
    "publishedVersion": 0,
    "forkFrom": "-",
    "isSpam": 0,
    "version": 1,
    "parentVersion": -1,
    "echartsVersion": "4.2.0",
    "versionCreateTime": "2018-12-29T05:36:34.000Z",
    "html": "",
    "externalScripts": "",
    "updaterUID": "bd-4247132968",
    "theme": "",
    "layout": "",
    "viewCount": 1324,
    "userName": "神***9",
    "commentCount": 0,
    "starCount": 11,
    "isStared": 0,
    "thumbnailURL": "https://www.makeapie.com/ecg-storage/ec_gallery_thumbnail/x-HBMN1iod.png?v=1546061794331",
    "isCustomThumbnail": 0,
    "builtinTags": [
        "category-work",
        "radar",
        "series-radar"
    ],
    "customTags": [],
    "updaterUserName": "神***9"
}