{
    "cid": "x-rQXHEv0d",
    "authorUid": "bd-3943842367",
    "authorUserName": "只***c",
    "title": "XY轴均使用time类型",
    "description": "XY轴均使用time类型，X轴显示年份，Y轴显示时间",
    "latestVersion": 1,
    "alwaysLatest": 1,
    "createTime": "2019-01-03T02:43:17.000Z",
    "lastUpdateTime": "2019-01-03T02:43:17.000Z",
    "auth": 2,
    "uid": "bd-3943842367",
    "publishedVersion": 0,
    "forkFrom": "-",
    "isSpam": 0,
    "version": 1,
    "parentVersion": -1,
    "echartsVersion": "4.2.0",
    "versionCreateTime": "2019-01-03T02:43:17.000Z",
    "html": "",
    "externalScripts": "",
    "updaterUID": "bd-3943842367",
    "theme": "",
    "layout": "",
    "viewCount": 1453,
    "userName": "只***c",
    "commentCount": 0,
    "starCount": 3,
    "isStared": 0,
    "thumbnailURL": "https://www.makeapie.com/ecg-storage/ec_gallery_thumbnail/x-rQXHEv0d.png?v=1546483397718",
    "isCustomThumbnail": 0,
    "builtinTags": [
        "category-work",
        "grid",
        "markLine",
        "series-scatter",
        "tooltip"
    ],
    "customTags": [
        "time"
    ],
    "updaterUserName": "只***c"
}