{
    "cid": "x0NP1eJH9D",
    "authorUid": "bd-3640806588",
    "authorUserName": "a***y",
    "title": "告警分布",
    "description": "",
    "latestVersion": 1,
    "alwaysLatest": 1,
    "createTime": "2018-12-31T13:48:51.000Z",
    "lastUpdateTime": "2018-12-31T13:48:51.000Z",
    "auth": 2,
    "uid": "bd-3640806588",
    "publishedVersion": 0,
    "forkFrom": "-",
    "isSpam": 0,
    "version": 1,
    "parentVersion": -1,
    "echartsVersion": "4.2.0",
    "versionCreateTime": "2018-12-31T13:48:51.000Z",
    "html": "",
    "externalScripts": "",
    "updaterUID": "bd-3640806588",
    "theme": "",
    "layout": "",
    "viewCount": 898,
    "userName": "a***y",
    "commentCount": 0,
    "starCount": 5,
    "isStared": 0,
    "thumbnailURL": "https://www.makeapie.com/ecg-storage/ec_gallery_thumbnail/x0NP1eJH9D.png?v=1546264131158",
    "isCustomThumbnail": 0,
    "builtinTags": [
        "category-work",
        "legend",
        "series-pie",
        "tooltip"
    ],
    "customTags": [],
    "updaterUserName": "a***y"
}