{
    "cid": "x898DNlqq6",
    "authorUid": "bd-694474498",
    "authorUserName": "宿命忆辰",
    "title": "echarts地图测试",
    "description": "学习echarts地图",
    "latestVersion": 7,
    "alwaysLatest": 1,
    "createTime": "2019-01-02T06:43:23.000Z",
    "lastUpdateTime": "2019-01-02T06:43:23.000Z",
    "auth": 2,
    "uid": "bd-694474498",
    "publishedVersion": 0,
    "forkFrom": "-",
    "isSpam": 0,
    "version": 7,
    "parentVersion": 6,
    "echartsVersion": "4.2.0",
    "versionCreateTime": "2019-01-02T08:17:42.000Z",
    "html": "",
    "externalScripts": "http://echarts.baidu.com/resource/echarts-gl-latest/dist/echarts-gl.min.js,/dep/echarts/map/js/china.js",
    "updaterUID": "bd-694474498",
    "theme": "",
    "layout": "",
    "viewCount": 649,
    "userName": "宿命忆辰",
    "commentCount": 0,
    "starCount": 2,
    "isStared": 0,
    "thumbnailURL": "https://www.makeapie.com/ecg-storage/ec_gallery_thumbnail/x898DNlqq6.png?v=1546417062531",
    "isCustomThumbnail": 0,
    "builtinTags": [
        "category-work",
        "geo",
        "series-effectScatter",
        "series-map",
        "title",
        "tooltip",
        "visualMap"
    ],
    "customTags": [],
    "updaterUserName": "宿命忆辰"
}