{
    "cid": "x_DmR07G6K",
    "authorUid": "bd-1101197343",
    "authorUserName": "名***取",
    "title": "厦门优芽网络科技有限公司",
    "description": "",
    "latestVersion": 4,
    "alwaysLatest": 1,
    "createTime": "2018-12-29T09:25:23.000Z",
    "lastUpdateTime": "2018-12-29T09:25:23.000Z",
    "auth": 2,
    "uid": "bd-1101197343",
    "publishedVersion": 0,
    "forkFrom": "-",
    "isSpam": 0,
    "version": 4,
    "parentVersion": 3,
    "echartsVersion": "4.2.1",
    "versionCreateTime": "2019-06-05T05:33:25.000Z",
    "html": "",
    "externalScripts": "",
    "updaterUID": "bd-1101197343",
    "theme": "",
    "layout": "",
    "viewCount": 2955,
    "userName": "名***取",
    "commentCount": 0,
    "starCount": 17,
    "isStared": 0,
    "thumbnailURL": "https://www.makeapie.com/ecg-storage/ec_gallery_thumbnail/x_DmR07G6K.png?v=1559712805782",
    "isCustomThumbnail": 0,
    "builtinTags": [
        "category-work",
        "grid",
        "legend",
        "series-bar",
        "tooltip"
    ],
    "customTags": [],
    "updaterUserName": "名***取"
}