{
    "cid": "xBNCvvHiKf",
    "authorUid": "bd-4145772538",
    "authorUserName": "X***s",
    "title": "知识点掌握情况",
    "description": "知识点掌握情况",
    "latestVersion": 3,
    "alwaysLatest": 1,
    "createTime": "2019-01-02T06:21:05.000Z",
    "lastUpdateTime": "2019-01-02T06:21:05.000Z",
    "auth": 2,
    "uid": "bd-4145772538",
    "publishedVersion": 0,
    "forkFrom": "-",
    "isSpam": 0,
    "version": 3,
    "parentVersion": 2,
    "echartsVersion": "4.2.0",
    "versionCreateTime": "2019-01-21T01:47:11.000Z",
    "html": "",
    "externalScripts": "",
    "updaterUID": "bd-4145772538",
    "theme": "",
    "layout": "",
    "viewCount": 731,
    "userName": "X***s",
    "commentCount": 0,
    "starCount": 0,
    "isStared": 0,
    "thumbnailURL": "https://www.makeapie.com/ecg-storage/ec_gallery_thumbnail/xBNCvvHiKf.png?v=1548035231097",
    "isCustomThumbnail": 0,
    "builtinTags": [
        "category-work",
        "legend",
        "series-pie",
        "title",
        "tooltip"
    ],
    "customTags": [],
    "updaterUserName": "X***s"
}