{
    "cid": "xDfe9PgPgQ",
    "authorUid": "bd-1879983178",
    "authorUserName": "k***3",
    "title": "北京人口分布24小时潮汐",
    "description": "使用人口经纬度数据(由于平台最大上传为5M,数据筛减后从8时到21时人口潮汐)",
    "latestVersion": 17,
    "alwaysLatest": 1,
    "createTime": "2019-01-03T07:47:56.000Z",
    "lastUpdateTime": "2019-01-30T02:13:07.000Z",
    "auth": 2,
    "uid": "bd-1879983178",
    "publishedVersion": 0,
    "forkFrom": "-",
    "isSpam": 0,
    "version": 17,
    "parentVersion": 16,
    "echartsVersion": "4.8.0",
    "versionCreateTime": "2020-08-06T07:17:02.000Z",
    "html": "",
    "externalScripts": "https://api.mapbox.com/mapbox-gl-js/v0.38.0/mapbox-gl.js,http://echarts.baidu.com/resource/echarts-gl-latest/mapboxgl-token.js,http://echarts.baidu.com/gallery/vendors/echarts-gl/echarts-gl.min.js,https://libs.baidu.com/jquery/2.1.1/jquery.min.js,https://cdn.jsdelivr.net/npm/maptalks@0.39.3/dist/maptalks.min.js,https://deyihu.github.io/src/lib/echarts-gl.1.1.3.js?tdsourcetag=s_pctim_aiomsg",
    "updaterUID": "bd-1879983178",
    "theme": "default",
    "layout": "",
    "viewCount": 18029,
    "userName": "k***3",
    "commentCount": 15,
    "starCount": 22,
    "isStared": 0,
    "thumbnailURL": "https://www.makeapie.com/ecg-storage/ec_gallery_thumbnail/xDfe9PgPgQ.png?v=1546501678105",
    "isCustomThumbnail": 1,
    "builtinTags": [
        "category-work",
        "maptalks3D",
        "series-bar3D",
        "timeline",
        "title",
        "visualMap"
    ],
    "customTags": [],
    "updaterUserName": "k***3"
}