{
    "cid": "xM6EeNzbNg",
    "authorUid": "bd-3773765287",
    "authorUserName": "大***边",
    "title": "test 预测-04",
    "description": "",
    "latestVersion": 2,
    "alwaysLatest": 1,
    "createTime": "2018-12-29T09:31:37.000Z",
    "lastUpdateTime": "2018-12-29T09:31:37.000Z",
    "auth": 2,
    "uid": "bd-3773765287",
    "publishedVersion": 0,
    "forkFrom": "-",
    "isSpam": 0,
    "version": 2,
    "parentVersion": 1,
    "echartsVersion": "4.2.0",
    "versionCreateTime": "2019-01-04T02:09:46.000Z",
    "html": "",
    "externalScripts": "http://echarts.baidu.com/resource/echarts-stat-latest/dist/ecStat.min.js",
    "updaterUID": "bd-3773765287",
    "theme": "",
    "layout": "",
    "viewCount": 49,
    "userName": "大***边",
    "commentCount": 0,
    "starCount": 1,
    "isStared": 0,
    "thumbnailURL": "https://www.makeapie.com/ecg-storage/ec_gallery_thumbnail/xM6EeNzbNg.png?v=1546567786520",
    "isCustomThumbnail": 0,
    "builtinTags": [
        "category-work",
        "grid",
        "series-bar",
        "tooltip"
    ],
    "customTags": [],
    "updaterUserName": "大***边"
}