{
    "cid": "xm_zk184UB",
    "authorUid": "bd-3773765287",
    "authorUserName": "大***边",
    "title": "test 预测",
    "description": "你认为预测起了吗？请留言",
    "latestVersion": 1,
    "alwaysLatest": 1,
    "createTime": "2018-12-29T07:13:57.000Z",
    "lastUpdateTime": "2018-12-29T07:13:57.000Z",
    "auth": 2,
    "uid": "bd-3773765287",
    "publishedVersion": 0,
    "forkFrom": "-",
    "isSpam": 0,
    "version": 1,
    "parentVersion": -1,
    "echartsVersion": "4.2.0",
    "versionCreateTime": "2018-12-29T07:13:57.000Z",
    "html": "",
    "externalScripts": "http://echarts.baidu.com/resource/echarts-stat-latest/dist/ecStat.min.js",
    "updaterUID": "bd-3773765287",
    "theme": "",
    "layout": "",
    "viewCount": 126,
    "userName": "大***边",
    "commentCount": 0,
    "starCount": 1,
    "isStared": 0,
    "thumbnailURL": "https://www.makeapie.com/ecg-storage/ec_gallery_thumbnail/xm_zk184UB.png?v=1546067637352",
    "isCustomThumbnail": 0,
    "builtinTags": [
        "category-work",
        "grid",
        "series-line",
        "title",
        "tooltip"
    ],
    "customTags": [],
    "updaterUserName": "大***边"
}