{
    "cid": "xuO9lTzAAm",
    "authorUid": "bd-478037203",
    "authorUserName": "177******58",
    "title": "实时产能监控2",
    "description": "实时产能监控",
    "latestVersion": 1,
    "alwaysLatest": 1,
    "createTime": "2019-01-03T02:57:50.000Z",
    "lastUpdateTime": "2019-01-03T02:57:50.000Z",
    "auth": 2,
    "uid": "bd-478037203",
    "publishedVersion": 0,
    "forkFrom": "-",
    "isSpam": 0,
    "version": 1,
    "parentVersion": -1,
    "echartsVersion": "4.2.0",
    "versionCreateTime": "2019-01-03T02:57:50.000Z",
    "html": "",
    "externalScripts": "",
    "updaterUID": "bd-478037203",
    "theme": "",
    "layout": "",
    "viewCount": 40,
    "userName": "177******58",
    "commentCount": 0,
    "starCount": 0,
    "isStared": 0,
    "thumbnailURL": "https://www.makeapie.com/ecg-storage/ec_gallery_thumbnail/xuO9lTzAAm.png?v=1546484270415",
    "isCustomThumbnail": 0,
    "builtinTags": [
        "category-work",
        "grid",
        "legend",
        "series-bar",
        "title",
        "toolbox",
        "tooltip"
    ],
    "customTags": [],
    "updaterUserName": "177******58"
}