{
    "cid": "xv1ZkKgIDF",
    "authorUid": "bd-4247132968",
    "authorUserName": "神***9",
    "title": "折线图",
    "description": "",
    "latestVersion": 1,
    "alwaysLatest": 1,
    "createTime": "2019-01-02T03:23:02.000Z",
    "lastUpdateTime": "2019-01-02T03:23:02.000Z",
    "auth": 2,
    "uid": "bd-4247132968",
    "publishedVersion": 0,
    "forkFrom": "-",
    "isSpam": 0,
    "version": 1,
    "parentVersion": -1,
    "echartsVersion": "4.2.0",
    "versionCreateTime": "2019-01-02T03:23:02.000Z",
    "html": "",
    "externalScripts": "",
    "updaterUID": "bd-4247132968",
    "theme": "",
    "layout": "",
    "viewCount": 51,
    "userName": "神***9",
    "commentCount": 0,
    "starCount": 0,
    "isStared": 0,
    "thumbnailURL": "https://www.makeapie.com/ecg-storage/ec_gallery_thumbnail/xv1ZkKgIDF.png?v=1546399382756",
    "isCustomThumbnail": 0,
    "builtinTags": [
        "category-work",
        "grid",
        "series-bar",
        "series-line",
        "tooltip"
    ],
    "customTags": [],
    "updaterUserName": "神***9"
}