{
    "cid": "xVMypWM_aE",
    "authorUid": "bd-1813650783",
    "authorUserName": "y***8",
    "title": "一个图表绘制两个柱状图形",
    "description": "这个是最简单的，用一个图表绘制两个柱状图",
    "latestVersion": 1,
    "alwaysLatest": 1,
    "createTime": "2019-01-03T03:57:08.000Z",
    "lastUpdateTime": "2019-01-03T03:57:08.000Z",
    "auth": 2,
    "uid": "bd-1813650783",
    "publishedVersion": 0,
    "forkFrom": "-",
    "isSpam": 0,
    "version": 1,
    "parentVersion": -1,
    "echartsVersion": "4.2.0",
    "versionCreateTime": "2019-01-03T03:57:08.000Z",
    "html": "",
    "externalScripts": "",
    "updaterUID": "bd-1813650783",
    "theme": "",
    "layout": "",
    "viewCount": 59,
    "userName": "y***8",
    "commentCount": 0,
    "starCount": 0,
    "isStared": 0,
    "thumbnailURL": "https://www.makeapie.com/ecg-storage/ec_gallery_thumbnail/xVMypWM_aE.png?v=1546487828559",
    "isCustomThumbnail": 0,
    "builtinTags": [
        "category-work",
        "grid",
        "series-bar"
    ],
    "customTags": [],
    "updaterUserName": "y***8"
}