{
    "cid": "xYCsHfPecT",
    "authorUid": "bd-3773765287",
    "authorUserName": "大***边",
    "title": "test 预测-02",
    "description": "带年预测",
    "latestVersion": 3,
    "alwaysLatest": 1,
    "createTime": "2018-12-29T09:01:42.000Z",
    "lastUpdateTime": "2018-12-29T09:01:42.000Z",
    "auth": 2,
    "uid": "bd-3773765287",
    "publishedVersion": 0,
    "forkFrom": "-",
    "isSpam": 0,
    "version": 3,
    "parentVersion": 2,
    "echartsVersion": "4.2.0",
    "versionCreateTime": "2019-01-07T09:22:14.000Z",
    "html": "",
    "externalScripts": "http://echarts.baidu.com/resource/echarts-stat-latest/dist/ecStat.min.js",
    "updaterUID": "bd-3773765287",
    "theme": "",
    "layout": "",
    "viewCount": 66,
    "userName": "大***边",
    "commentCount": 0,
    "starCount": 1,
    "isStared": 0,
    "thumbnailURL": "https://www.makeapie.com/ecg-storage/ec_gallery_thumbnail/xYCsHfPecT.png?v=1546852934670",
    "isCustomThumbnail": 0,
    "builtinTags": [
        "category-work",
        "grid",
        "series-line",
        "tooltip"
    ],
    "customTags": [],
    "updaterUserName": "大***边"
}