{
    "cid": "xB1p7-FL_f",
    "authorUid": "bd-1679792466",
    "authorUserName": "沉沦在回忆中",
    "title": "抽检异议情况分析",
    "description": "各检验机构异议情况",
    "latestVersion": 2,
    "alwaysLatest": 1,
    "createTime": "2018-03-02T07:45:41.000Z",
    "lastUpdateTime": "2018-03-02T07:45:41.000Z",
    "auth": 2,
    "uid": "bd-1679792466",
    "publishedVersion": 0,
    "forkFrom": "-",
    "isSpam": 0,
    "version": 2,
    "parentVersion": 1,
    "echartsVersion": "4.0.4",
    "versionCreateTime": "2018-03-02T09:16:23.000Z",
    "html": "",
    "externalScripts": "",
    "updaterUID": "bd-1679792466",
    "theme": "",
    "layout": "",
    "viewCount": 840,
    "userName": "沉沦在回忆中",
    "commentCount": 0,
    "starCount": 0,
    "isStared": 0,
    "thumbnailURL": "https://www.makeapie.com/ecg-storage/ec_gallery_thumbnail/xB1p7-FL_f.png?v=1519982183125",
    "isCustomThumbnail": 0,
    "builtinTags": [
        "category-work",
        "grid",
        "legend",
        "series-bar",
        "series-line",
        "title",
        "tooltip"
    ],
    "customTags": [],
    "updaterUserName": "沉沦在回忆中"
}