{
    "cid": "xH13w8vLdz",
    "authorUid": "bd-1446378519",
    "authorUserName": "灰太狼先生0_0",
    "title": "Awesome Chart",
    "description": "",
    "latestVersion": 3,
    "alwaysLatest": 1,
    "createTime": "2018-03-02T05:51:32.000Z",
    "lastUpdateTime": "2018-03-02T05:51:32.000Z",
    "auth": 1,
    "uid": "bd-1446378519",
    "publishedVersion": 0,
    "forkFrom": "-",
    "isSpam": 0,
    "version": 3,
    "parentVersion": 2,
    "echartsVersion": "4.0.4",
    "versionCreateTime": "2018-03-02T06:05:39.000Z",
    "html": "",
    "externalScripts": "https://cdn.bootcss.com/jquery/3.3.1/jquery.js,https://cdn.bootcss.com/d3/4.13.0/d3.js",
    "updaterUID": "bd-1446378519",
    "theme": "",
    "layout": "",
    "viewCount": 44,
    "userName": "灰太狼先生0_0",
    "commentCount": 0,
    "starCount": 0,
    "isStared": 0,
    "thumbnailURL": "https://www.makeapie.com/ecg-storage/ec_gallery_thumbnail/xH13w8vLdz.png?v=1519970739628",
    "isCustomThumbnail": 0,
    "builtinTags": [
        "category-work"
    ],
    "customTags": [],
    "updaterUserName": "灰太狼先生0_0"
}