{
    "cid": "xH1UiY_IdG",
    "authorUid": "bd-441871429",
    "authorUserName": "牧羊yun",
    "title": "食品安全抽检情况分析——全区抽样检验情况分析",
    "description": "生产环节合格率",
    "latestVersion": 2,
    "alwaysLatest": 1,
    "createTime": "2018-03-02T07:13:34.000Z",
    "lastUpdateTime": "2018-03-02T07:13:34.000Z",
    "auth": 2,
    "uid": "bd-441871429",
    "publishedVersion": 0,
    "forkFrom": "-",
    "isSpam": 0,
    "version": 2,
    "parentVersion": 1,
    "echartsVersion": "4.0.4",
    "versionCreateTime": "2018-03-02T08:53:44.000Z",
    "html": "",
    "externalScripts": "",
    "updaterUID": "bd-441871429",
    "theme": "",
    "layout": "",
    "viewCount": 283,
    "userName": "牧羊yun",
    "commentCount": 0,
    "starCount": 0,
    "isStared": 0,
    "thumbnailURL": "https://www.makeapie.com/ecg-storage/ec_gallery_thumbnail/xH1UiY_IdG.png?v=1519980824597",
    "isCustomThumbnail": 0,
    "builtinTags": [
        "category-work",
        "legend",
        "series-pie",
        "title",
        "tooltip"
    ],
    "customTags": [],
    "updaterUserName": "牧羊yun"
}