{
    "cid": "xHJsFJIHuM",
    "authorUid": "bd-1679792466",
    "authorUserName": "沉沦在回忆中",
    "title": "单位办理事项排名",
    "description": "市级",
    "latestVersion": 2,
    "alwaysLatest": 1,
    "createTime": "2018-03-01T10:01:39.000Z",
    "lastUpdateTime": "2018-03-01T10:01:39.000Z",
    "auth": 2,
    "uid": "bd-1679792466",
    "publishedVersion": 0,
    "forkFrom": "-",
    "isSpam": 0,
    "version": 2,
    "parentVersion": 1,
    "echartsVersion": "4.0.4",
    "versionCreateTime": "2018-03-02T03:41:06.000Z",
    "html": "",
    "externalScripts": "",
    "updaterUID": "bd-1679792466",
    "theme": "",
    "layout": "",
    "viewCount": 98,
    "userName": "沉沦在回忆中",
    "commentCount": 0,
    "starCount": 1,
    "isStared": 0,
    "thumbnailURL": "https://www.makeapie.com/ecg-storage/ec_gallery_thumbnail/xHJsFJIHuM.png?v=1519962066609",
    "isCustomThumbnail": 0,
    "builtinTags": [
        "category-work",
        "grid",
        "series-bar",
        "title",
        "tooltip"
    ],
    "customTags": [],
    "updaterUserName": "沉沦在回忆中"
}