{
    "cid": "xrybbMIHuz",
    "authorUid": "bd-1679792466",
    "authorUserName": "沉沦在回忆中",
    "title": "单位检查情况",
    "description": "市级",
    "latestVersion": 7,
    "alwaysLatest": 1,
    "createTime": "2018-03-01T10:12:09.000Z",
    "lastUpdateTime": "2018-03-01T10:12:09.000Z",
    "auth": 2,
    "uid": "bd-1679792466",
    "publishedVersion": 0,
    "forkFrom": "-",
    "isSpam": 0,
    "version": 7,
    "parentVersion": 6,
    "echartsVersion": "4.0.4",
    "versionCreateTime": "2018-03-11T14:45:26.000Z",
    "html": "",
    "externalScripts": "",
    "updaterUID": "bd-1679792466",
    "theme": "",
    "layout": "",
    "viewCount": 82,
    "userName": "沉沦在回忆中",
    "commentCount": 0,
    "starCount": 1,
    "isStared": 0,
    "thumbnailURL": "https://www.makeapie.com/ecg-storage/ec_gallery_thumbnail/xrybbMIHuz.png?v=1520779526279",
    "isCustomThumbnail": 0,
    "builtinTags": [
        "category-work",
        "grid",
        "legend",
        "series-bar",
        "series-pie",
        "title",
        "tooltip"
    ],
    "customTags": [],
    "updaterUserName": "沉沦在回忆中"
}