{
    "cid": "xryXFj48_z",
    "authorUid": "bd-441871429",
    "authorUserName": "牧羊yun",
    "title": "食品销售日常监管检查情况分析——检查企业覆盖情况",
    "description": "",
    "latestVersion": 1,
    "alwaysLatest": 1,
    "createTime": "2018-03-02T02:48:27.000Z",
    "lastUpdateTime": "2018-03-02T02:48:27.000Z",
    "auth": 2,
    "uid": "bd-441871429",
    "publishedVersion": 0,
    "forkFrom": "-",
    "isSpam": 0,
    "version": 1,
    "parentVersion": -1,
    "echartsVersion": "4.0.4",
    "versionCreateTime": "2018-03-02T02:48:27.000Z",
    "html": "",
    "externalScripts": "",
    "updaterUID": "bd-441871429",
    "theme": "",
    "layout": "",
    "viewCount": 77,
    "userName": "牧羊yun",
    "commentCount": 0,
    "starCount": 0,
    "isStared": 0,
    "thumbnailURL": "https://www.makeapie.com/ecg-storage/ec_gallery_thumbnail/xryXFj48_z.png?v=1519958907298",
    "isCustomThumbnail": 0,
    "builtinTags": [
        "category-work",
        "dataZoom",
        "grid",
        "legend",
        "series-bar",
        "title",
        "tooltip"
    ],
    "customTags": [],
    "updaterUserName": "牧羊yun"
}