{
    "cid": "xS1skftU_z",
    "authorUid": "bd-1679792466",
    "authorUserName": "沉沦在回忆中",
    "title": "抽检异议情况分析",
    "description": "各检验机构异议情况",
    "latestVersion": 1,
    "alwaysLatest": 1,
    "createTime": "2018-03-02T07:48:51.000Z",
    "lastUpdateTime": "2018-03-02T07:48:51.000Z",
    "auth": 2,
    "uid": "bd-1679792466",
    "publishedVersion": 0,
    "forkFrom": "-",
    "isSpam": 0,
    "version": 1,
    "parentVersion": -1,
    "echartsVersion": "4.0.4",
    "versionCreateTime": "2018-03-02T07:48:51.000Z",
    "html": "",
    "externalScripts": "",
    "updaterUID": "bd-1679792466",
    "theme": "",
    "layout": "",
    "viewCount": 43,
    "userName": "沉沦在回忆中",
    "commentCount": 0,
    "starCount": 1,
    "isStared": 0,
    "thumbnailURL": "https://www.makeapie.com/ecg-storage/ec_gallery_thumbnail/xS1skftU_z.png?v=1519976931226",
    "isCustomThumbnail": 0,
    "builtinTags": [
        "category-work",
        "grid",
        "legend",
        "series-bar",
        "series-line",
        "title",
        "tooltip"
    ],
    "customTags": [],
    "updaterUserName": "沉沦在回忆中"
}