{
    "cid": "xSJ7JzIBdG",
    "authorUid": "bd-441871429",
    "authorUserName": "牧羊yun",
    "title": "广西食品经营许可——各主体获证情况",
    "description": "饼图",
    "latestVersion": 9,
    "alwaysLatest": 1,
    "createTime": "2018-03-01T10:11:38.000Z",
    "lastUpdateTime": "2018-03-01T10:11:38.000Z",
    "auth": 2,
    "uid": "bd-441871429",
    "publishedVersion": 0,
    "forkFrom": "-",
    "isSpam": 0,
    "version": 9,
    "parentVersion": 8,
    "echartsVersion": "4.0.4",
    "versionCreateTime": "2018-03-02T03:56:37.000Z",
    "html": "",
    "externalScripts": "",
    "updaterUID": "bd-441871429",
    "theme": "",
    "layout": "",
    "viewCount": 958,
    "userName": "牧羊yun",
    "commentCount": 0,
    "starCount": 4,
    "isStared": 0,
    "thumbnailURL": "https://www.makeapie.com/ecg-storage/ec_gallery_thumbnail/xSJ7JzIBdG.png?v=1519962997654",
    "isCustomThumbnail": 0,
    "builtinTags": [
        "category-work",
        "legend",
        "series-pie",
        "title",
        "tooltip"
    ],
    "customTags": [],
    "updaterUserName": "牧羊yun"
}