{
    "cid": "xSkwHJV8uG",
    "authorUid": "bd-1679792466",
    "authorUserName": "沉沦在回忆中",
    "title": "检查模板情况",
    "description": "",
    "latestVersion": 8,
    "alwaysLatest": 1,
    "createTime": "2018-03-02T01:56:14.000Z",
    "lastUpdateTime": "2018-03-02T01:56:14.000Z",
    "auth": 2,
    "uid": "bd-1679792466",
    "publishedVersion": 0,
    "forkFrom": "-",
    "isSpam": 0,
    "version": 8,
    "parentVersion": 7,
    "echartsVersion": "4.0.4",
    "versionCreateTime": "2018-03-12T02:27:29.000Z",
    "html": "",
    "externalScripts": "",
    "updaterUID": "bd-1679792466",
    "theme": "",
    "layout": "",
    "viewCount": 84,
    "userName": "沉沦在回忆中",
    "commentCount": 0,
    "starCount": 0,
    "isStared": 0,
    "thumbnailURL": "https://www.makeapie.com/ecg-storage/ec_gallery_thumbnail/xSkwHJV8uG.png?v=1520821649986",
    "isCustomThumbnail": 0,
    "builtinTags": [
        "category-work",
        "grid",
        "series-bar",
        "title",
        "tooltip"
    ],
    "customTags": [],
    "updaterUserName": "沉沦在回忆中"
}