{
    "cid": "x3FuAAnY_",
    "authorUid": "bd-3691214131",
    "authorUserName": "w***9",
    "title": "北京市环保地图1",
    "description": "时间周期：2017.01.01——2017.06.30",
    "latestVersion": 4,
    "alwaysLatest": 1,
    "createTime": "2019-10-21T12:07:19.000Z",
    "lastUpdateTime": "2019-10-21T12:07:19.000Z",
    "auth": 2,
    "uid": "bd-3691214131",
    "publishedVersion": 0,
    "forkFrom": "-",
    "isSpam": 0,
    "version": 4,
    "parentVersion": 1,
    "echartsVersion": "4.4.0",
    "versionCreateTime": "2019-10-22T03:32:34.000Z",
    "html": "",
    "externalScripts": "",
    "updaterUID": "bd-3691214131",
    "theme": "",
    "layout": "",
    "viewCount": 2348,
    "userName": "w***9",
    "commentCount": 0,
    "starCount": 4,
    "isStared": 0,
    "thumbnailURL": "https://www.makeapie.com/ecg-storage/ec_gallery_thumbnail/x3FuAAnY_.png?v=1571715154586",
    "isCustomThumbnail": 0,
    "builtinTags": [
        "category-work",
        "geo",
        "series-map",
        "series-scatter",
        "title",
        "tooltip",
        "visualMap"
    ],
    "customTags": [],
    "updaterUserName": "w***9"
}