{
    "cid": "x7twayhgO",
    "authorUid": "bd-1078437236",
    "authorUserName": "右***变",
    "title": "横向渐变柱状图",
    "description": "",
    "latestVersion": 3,
    "alwaysLatest": 1,
    "createTime": "2019-10-21T11:11:50.000Z",
    "lastUpdateTime": "2019-10-21T11:11:50.000Z",
    "auth": 2,
    "uid": "bd-1078437236",
    "publishedVersion": 0,
    "forkFrom": "-",
    "isSpam": 0,
    "version": 3,
    "parentVersion": 2,
    "echartsVersion": "4.4.0",
    "versionCreateTime": "2019-12-01T05:27:24.000Z",
    "html": "",
    "externalScripts": "",
    "updaterUID": "bd-1078437236",
    "theme": "",
    "layout": "",
    "viewCount": 238,
    "userName": "右***变",
    "commentCount": 0,
    "starCount": 1,
    "isStared": 0,
    "thumbnailURL": "https://www.makeapie.com/ecg-storage/ec_gallery_thumbnail/x7twayhgO.png?v=1575178044213",
    "isCustomThumbnail": 0,
    "builtinTags": [
        "category-work",
        "grid",
        "legend",
        "series-bar",
        "tooltip"
    ],
    "customTags": [],
    "updaterUserName": "右***变"
}