{
    "cid": "xckc3vSjB",
    "authorUid": "bd-2160193529",
    "authorUserName": "1***x",
    "title": "3D地球",
    "description": "echars里面3d地球怎么不能使用呢",
    "latestVersion": 1,
    "alwaysLatest": 1,
    "createTime": "2019-10-22T06:32:16.000Z",
    "lastUpdateTime": "2019-10-22T06:32:16.000Z",
    "auth": 1,
    "uid": "bd-2160193529",
    "publishedVersion": 0,
    "forkFrom": "-",
    "isSpam": 0,
    "version": 1,
    "parentVersion": -1,
    "echartsVersion": "4.4.0",
    "versionCreateTime": "2019-10-22T06:32:16.000Z",
    "html": "",
    "externalScripts": "",
    "updaterUID": "bd-2160193529",
    "theme": "",
    "layout": "",
    "viewCount": 99,
    "userName": "1***x",
    "commentCount": 0,
    "starCount": 0,
    "isStared": 0,
    "thumbnailURL": "https://www.makeapie.com/ecg-storage/ec_gallery_thumbnail/xckc3vSjB.png?v=1571725936209",
    "isCustomThumbnail": 0,
    "builtinTags": [
        "category-work"
    ],
    "customTags": [],
    "updaterUserName": "1***x"
}