{
    "cid": "xf6h7BV5D",
    "authorUid": "bd-1928704263",
    "authorUserName": "認***浪",
    "title": "雷达图基本使用",
    "description": "备忘录",
    "latestVersion": 1,
    "alwaysLatest": 1,
    "createTime": "2019-10-23T03:17:54.000Z",
    "lastUpdateTime": "2019-10-23T03:17:54.000Z",
    "auth": 1,
    "uid": "bd-1928704263",
    "publishedVersion": 0,
    "forkFrom": "-",
    "isSpam": 0,
    "version": 1,
    "parentVersion": -1,
    "echartsVersion": "4.4.0",
    "versionCreateTime": "2019-10-23T03:17:54.000Z",
    "html": "",
    "externalScripts": "",
    "updaterUID": "bd-1928704263",
    "theme": "",
    "layout": "",
    "viewCount": 345,
    "userName": "認***浪",
    "commentCount": 0,
    "starCount": 2,
    "isStared": 0,
    "thumbnailURL": "https://www.makeapie.com/ecg-storage/ec_gallery_thumbnail/xf6h7BV5D.png?v=1571800674535",
    "isCustomThumbnail": 0,
    "builtinTags": [
        "category-work",
        "radar",
        "series-radar"
    ],
    "customTags": [],
    "updaterUserName": "認***浪"
}