{
    "cid": "xHoC5CjXH",
    "authorUid": "bd-1194627706",
    "authorUserName": "星***夜",
    "title": "柱状图的平均值",
    "description": "柱状图的平均值",
    "latestVersion": 1,
    "alwaysLatest": 1,
    "createTime": "2019-10-21T07:05:26.000Z",
    "lastUpdateTime": "2019-10-21T07:05:26.000Z",
    "auth": 2,
    "uid": "bd-1194627706",
    "publishedVersion": 0,
    "forkFrom": "-",
    "isSpam": 0,
    "version": 1,
    "parentVersion": -1,
    "echartsVersion": "4.4.0",
    "versionCreateTime": "2019-10-21T07:05:26.000Z",
    "html": "",
    "externalScripts": "",
    "updaterUID": "bd-1194627706",
    "theme": "",
    "layout": "",
    "viewCount": 160,
    "userName": "星***夜",
    "commentCount": 0,
    "starCount": 0,
    "isStared": 0,
    "thumbnailURL": "https://www.makeapie.com/ecg-storage/ec_gallery_thumbnail/xHoC5CjXH.png?v=1571641526707",
    "isCustomThumbnail": 0,
    "builtinTags": [
        "category-work",
        "grid",
        "markLine",
        "series-bar",
        "series-line",
        "title",
        "toolbox",
        "tooltip"
    ],
    "customTags": [],
    "updaterUserName": "星***夜"
}