{
    "cid": "xjH0popfn",
    "authorUid": "bd-2419985372",
    "authorUserName": "F***默",
    "title": "公文数量",
    "description": "",
    "latestVersion": 1,
    "alwaysLatest": 1,
    "createTime": "2019-10-21T06:22:54.000Z",
    "lastUpdateTime": "2019-10-21T06:22:54.000Z",
    "auth": 2,
    "uid": "bd-2419985372",
    "publishedVersion": 0,
    "forkFrom": "-",
    "isSpam": 0,
    "version": 1,
    "parentVersion": -1,
    "echartsVersion": "4.4.0",
    "versionCreateTime": "2019-10-21T06:22:54.000Z",
    "html": "",
    "externalScripts": "",
    "updaterUID": "bd-2419985372",
    "theme": "",
    "layout": "",
    "viewCount": 10,
    "userName": "F***默",
    "commentCount": 0,
    "starCount": 0,
    "isStared": 0,
    "thumbnailURL": "https://www.makeapie.com/ecg-storage/ec_gallery_thumbnail/xjH0popfn.png?v=1571638974409",
    "isCustomThumbnail": 0,
    "builtinTags": [
        "category-work",
        "grid",
        "series-bar",
        "title",
        "tooltip"
    ],
    "customTags": [],
    "updaterUserName": "F***默"
}