{
    "cid": "xOeKhkj-U",
    "authorUid": "bd-3894409606",
    "authorUserName": "睡***影",
    "title": "服务通过率",
    "description": "",
    "latestVersion": 4,
    "alwaysLatest": 1,
    "createTime": "2019-10-23T08:25:57.000Z",
    "lastUpdateTime": "2019-10-23T08:25:57.000Z",
    "auth": 2,
    "uid": "bd-3894409606",
    "publishedVersion": 0,
    "forkFrom": "-",
    "isSpam": 0,
    "version": 4,
    "parentVersion": 3,
    "echartsVersion": "4.4.0",
    "versionCreateTime": "2019-10-23T09:00:01.000Z",
    "html": "",
    "externalScripts": "",
    "updaterUID": "bd-3894409606",
    "theme": "",
    "layout": "",
    "viewCount": 68,
    "userName": "睡***影",
    "commentCount": 0,
    "starCount": 0,
    "isStared": 0,
    "thumbnailURL": "https://www.makeapie.com/ecg-storage/ec_gallery_thumbnail/xOeKhkj-U.png?v=1571821201416",
    "isCustomThumbnail": 0,
    "builtinTags": [
        "category-work",
        "grid",
        "series-line",
        "tooltip",
        "visualMap"
    ],
    "customTags": [],
    "updaterUserName": "睡***影"
}