{
    "cid": "xOjQgfgbu",
    "authorUid": "bd-138257330",
    "authorUserName": "o***5",
    "title": "世界地图",
    "description": "世界地图",
    "latestVersion": 4,
    "alwaysLatest": 1,
    "createTime": "2019-10-21T07:15:03.000Z",
    "lastUpdateTime": "2019-10-21T07:15:03.000Z",
    "auth": 2,
    "uid": "bd-138257330",
    "publishedVersion": 0,
    "forkFrom": "-",
    "isSpam": 0,
    "version": 4,
    "parentVersion": 3,
    "echartsVersion": "4.4.0",
    "versionCreateTime": "2019-11-07T09:45:30.000Z",
    "html": "",
    "externalScripts": "",
    "updaterUID": "bd-138257330",
    "theme": "",
    "layout": "",
    "viewCount": 726,
    "userName": "o***5",
    "commentCount": 0,
    "starCount": 2,
    "isStared": 0,
    "thumbnailURL": "https://www.makeapie.com/ecg-storage/ec_gallery_thumbnail/xOjQgfgbu.png?v=1573119930680",
    "isCustomThumbnail": 0,
    "builtinTags": [
        "category-work",
        "geo",
        "series-effectScatter",
        "series-map",
        "series-pie"
    ],
    "customTags": [],
    "updaterUserName": "o***5"
}