{
    "cid": "xqQWZaSp-",
    "authorUid": "bd-3187806297",
    "authorUserName": "j***4",
    "title": "柱形-折线组合图",
    "description": "",
    "latestVersion": 2,
    "alwaysLatest": 1,
    "createTime": "2019-10-22T07:26:37.000Z",
    "lastUpdateTime": "2019-10-22T07:26:37.000Z",
    "auth": 2,
    "uid": "bd-3187806297",
    "publishedVersion": 0,
    "forkFrom": "-",
    "isSpam": 0,
    "version": 2,
    "parentVersion": 1,
    "echartsVersion": "4.4.0",
    "versionCreateTime": "2019-10-22T07:35:53.000Z",
    "html": "",
    "externalScripts": "",
    "updaterUID": "bd-3187806297",
    "theme": "dark",
    "layout": "",
    "viewCount": 40,
    "userName": "j***4",
    "commentCount": 0,
    "starCount": 0,
    "isStared": 0,
    "thumbnailURL": "https://www.makeapie.com/ecg-storage/ec_gallery_thumbnail/xqQWZaSp-.png?v=1571729753762",
    "isCustomThumbnail": 0,
    "builtinTags": [
        "category-work",
        "grid",
        "legend",
        "series-bar",
        "series-line",
        "tooltip"
    ],
    "customTags": [],
    "updaterUserName": "j***4"
}