{
    "cid": "xTHvhGKc7",
    "authorUid": "bd-106058904",
    "authorUserName": "弓***开",
    "title": "世界范围模拟迁徙",
    "description": "数据纯属虚构",
    "latestVersion": 3,
    "alwaysLatest": 1,
    "createTime": "2019-10-23T13:50:15.000Z",
    "lastUpdateTime": "2019-10-23T13:50:15.000Z",
    "auth": 2,
    "uid": "bd-106058904",
    "publishedVersion": 0,
    "forkFrom": "-",
    "isSpam": 0,
    "version": 3,
    "parentVersion": 2,
    "echartsVersion": "4.8.0",
    "versionCreateTime": "2020-11-28T10:01:46.000Z",
    "html": "",
    "externalScripts": "/dep/echarts/map/js/world.js",
    "updaterUID": "bd-106058904",
    "theme": "",
    "layout": "",
    "viewCount": 1758,
    "userName": "弓***开",
    "commentCount": 2,
    "starCount": 11,
    "isStared": 0,
    "thumbnailURL": "https://www.makeapie.com/ecg-storage/ec_gallery_thumbnail/xTHvhGKc7.png?v=1606557706909",
    "isCustomThumbnail": 0,
    "builtinTags": [
        "category-work",
        "geo",
        "series-effectScatter",
        "series-lines",
        "title",
        "tooltip"
    ],
    "customTags": [
        "migrate",
        "world"
    ],
    "updaterUserName": "弓***开"
}