{
    "cid": "xWwQZGHGh",
    "authorUid": "bd-1078437236",
    "authorUserName": "右***变",
    "title": "峰值",
    "description": "",
    "latestVersion": 1,
    "alwaysLatest": 1,
    "createTime": "2019-10-22T11:01:33.000Z",
    "lastUpdateTime": "2019-10-22T11:01:33.000Z",
    "auth": 2,
    "uid": "bd-1078437236",
    "publishedVersion": 0,
    "forkFrom": "-",
    "isSpam": 0,
    "version": 1,
    "parentVersion": -1,
    "echartsVersion": "4.4.0",
    "versionCreateTime": "2019-10-22T11:01:33.000Z",
    "html": "",
    "externalScripts": "",
    "updaterUID": "bd-1078437236",
    "theme": "",
    "layout": "",
    "viewCount": 16,
    "userName": "右***变",
    "commentCount": 0,
    "starCount": 0,
    "isStared": 0,
    "thumbnailURL": "https://www.makeapie.com/ecg-storage/ec_gallery_thumbnail/xWwQZGHGh.png?v=1571742093465",
    "isCustomThumbnail": 0,
    "builtinTags": [
        "category-work",
        "grid",
        "legend",
        "series-bar"
    ],
    "customTags": [],
    "updaterUserName": "右***变"
}