{
    "cid": "x6mer1MZzD",
    "authorUid": "bd-2267294028",
    "authorUserName": "hexiao980",
    "title": "多环形与仪表盘结合、标题自定义",
    "description": "多环形与仪表盘结合、标题自定义",
    "latestVersion": 1,
    "alwaysLatest": 1,
    "createTime": "2018-12-07T09:06:23.000Z",
    "lastUpdateTime": "2018-12-07T09:06:23.000Z",
    "auth": 2,
    "uid": "bd-2267294028",
    "publishedVersion": 0,
    "forkFrom": "-",
    "isSpam": 0,
    "version": 1,
    "parentVersion": -1,
    "echartsVersion": "4.2.0",
    "versionCreateTime": "2018-12-07T09:06:23.000Z",
    "html": "",
    "externalScripts": "",
    "updaterUID": "bd-2267294028",
    "theme": "",
    "layout": "",
    "viewCount": 871,
    "userName": "hexiao980",
    "commentCount": 0,
    "starCount": 7,
    "isStared": 0,
    "thumbnailURL": "https://www.makeapie.com/ecg-storage/ec_gallery_thumbnail/x6mer1MZzD.png?v=1544173583147",
    "isCustomThumbnail": 0,
    "builtinTags": [
        "category-work",
        "series-gauge",
        "series-pie",
        "title",
        "tooltip"
    ],
    "customTags": [],
    "updaterUserName": "hexiao980"
}