{
    "cid": "x7Y0zASOaJ",
    "authorUid": "bd-2656394799",
    "authorUserName": "最***弱",
    "title": "双标题",
    "description": "",
    "latestVersion": 2,
    "alwaysLatest": 1,
    "createTime": "2018-12-07T06:00:06.000Z",
    "lastUpdateTime": "2018-12-07T06:00:06.000Z",
    "auth": 2,
    "uid": "bd-2656394799",
    "publishedVersion": 0,
    "forkFrom": "-",
    "isSpam": 0,
    "version": 2,
    "parentVersion": 1,
    "echartsVersion": "4.2.0",
    "versionCreateTime": "2018-12-07T06:05:02.000Z",
    "html": "",
    "externalScripts": "",
    "updaterUID": "bd-2656394799",
    "theme": "",
    "layout": "",
    "viewCount": 103,
    "userName": "最***弱",
    "commentCount": 0,
    "starCount": 0,
    "isStared": 0,
    "thumbnailURL": "https://www.makeapie.com/ecg-storage/ec_gallery_thumbnail/x7Y0zASOaJ.png?v=1544162702311",
    "isCustomThumbnail": 0,
    "builtinTags": [
        "category-work",
        "grid",
        "series-line",
        "title"
    ],
    "customTags": [],
    "updaterUserName": "最***弱"
}