{
    "cid": "x_--FUc5aM",
    "authorUid": "bd-1350546970",
    "authorUserName": "前***珊",
    "title": "饼图",
    "description": "就是合并显示的饼图",
    "latestVersion": 1,
    "alwaysLatest": 1,
    "createTime": "2018-12-11T03:49:17.000Z",
    "lastUpdateTime": "2018-12-11T03:49:17.000Z",
    "auth": 2,
    "uid": "bd-1350546970",
    "publishedVersion": 0,
    "forkFrom": "-",
    "isSpam": 0,
    "version": 1,
    "parentVersion": -1,
    "echartsVersion": "4.2.0",
    "versionCreateTime": "2018-12-11T03:49:17.000Z",
    "html": "",
    "externalScripts": "",
    "updaterUID": "bd-1350546970",
    "theme": "",
    "layout": "",
    "viewCount": 1086,
    "userName": "前***珊",
    "commentCount": 0,
    "starCount": 2,
    "isStared": 0,
    "thumbnailURL": "https://www.makeapie.com/ecg-storage/ec_gallery_thumbnail/x_--FUc5aM.png?v=1544500157785",
    "isCustomThumbnail": 0,
    "builtinTags": [
        "category-work",
        "legend",
        "series-pie"
    ],
    "customTags": [],
    "updaterUserName": "前***珊"
}