{
    "cid": "x_xNZPVkys",
    "authorUid": "bd-624055021",
    "authorUserName": "我***爱",
    "title": "内向（外向）渐变",
    "description": "学好数学！",
    "latestVersion": 1,
    "alwaysLatest": 1,
    "createTime": "2018-12-10T14:06:19.000Z",
    "lastUpdateTime": "2018-12-10T14:06:19.000Z",
    "auth": 2,
    "uid": "bd-624055021",
    "publishedVersion": 0,
    "forkFrom": "-",
    "isSpam": 0,
    "version": 1,
    "parentVersion": -1,
    "echartsVersion": "4.2.0",
    "versionCreateTime": "2018-12-10T14:06:19.000Z",
    "html": "",
    "externalScripts": "",
    "updaterUID": "bd-624055021",
    "theme": "",
    "layout": "",
    "viewCount": 2119,
    "userName": "我***爱",
    "commentCount": 0,
    "starCount": 12,
    "isStared": 0,
    "thumbnailURL": "https://www.makeapie.com/ecg-storage/ec_gallery_thumbnail/x_xNZPVkys.png?v=1544450779204",
    "isCustomThumbnail": 0,
    "builtinTags": [
        "category-work",
        "legend",
        "series-pie",
        "title",
        "tooltip"
    ],
    "customTags": [],
    "updaterUserName": "我***爱"
}