{
    "cid": "xaGrgB4OYm",
    "authorUid": "bd-2267294028",
    "authorUserName": "hexiao980",
    "title": "",
    "description": "",
    "latestVersion": 3,
    "alwaysLatest": 1,
    "createTime": "2018-12-07T07:28:32.000Z",
    "lastUpdateTime": "2018-12-07T07:28:32.000Z",
    "auth": 2,
    "uid": "bd-2267294028",
    "publishedVersion": 0,
    "forkFrom": "-",
    "isSpam": 0,
    "version": 3,
    "parentVersion": 2,
    "echartsVersion": "4.2.0",
    "versionCreateTime": "2018-12-07T07:57:30.000Z",
    "html": "",
    "externalScripts": "",
    "updaterUID": "bd-2267294028",
    "theme": "",
    "layout": "",
    "viewCount": 460,
    "userName": "hexiao980",
    "commentCount": 0,
    "starCount": 0,
    "isStared": 0,
    "thumbnailURL": "https://www.makeapie.com/ecg-storage/ec_gallery_thumbnail/xaGrgB4OYm.png?v=1544169450128",
    "isCustomThumbnail": 0,
    "builtinTags": [
        "category-work",
        "series-gauge",
        "series-pie",
        "title",
        "tooltip"
    ],
    "customTags": [],
    "updaterUserName": "hexiao980"
}