{
    "cid": "xBR-wE-KCK",
    "authorUid": "bd-693332284",
    "authorUserName": "晓磊sss",
    "title": "各项任务数量统计",
    "description": "用了其他楼主的东西",
    "latestVersion": 5,
    "alwaysLatest": 1,
    "createTime": "2018-12-07T01:32:25.000Z",
    "lastUpdateTime": "2018-12-07T01:32:25.000Z",
    "auth": 1,
    "uid": "bd-693332284",
    "publishedVersion": 0,
    "forkFrom": "-",
    "isSpam": 0,
    "version": 5,
    "parentVersion": 4,
    "echartsVersion": "4.2.1",
    "versionCreateTime": "2019-08-27T09:44:03.000Z",
    "html": "",
    "externalScripts": "",
    "updaterUID": "bd-1158894647",
    "theme": "",
    "layout": "",
    "viewCount": 408,
    "userName": "晓磊sss",
    "commentCount": 0,
    "starCount": 1,
    "isStared": 0,
    "thumbnailURL": "https://www.makeapie.com/ecg-storage/ec_gallery_thumbnail/xBR-wE-KCK.png?v=1566899043414",
    "isCustomThumbnail": 0,
    "builtinTags": [
        "category-work",
        "legend",
        "series-pie",
        "title",
        "toolbox",
        "tooltip"
    ],
    "customTags": [],
    "updaterUserName": "j***1"
}