{
    "cid": "xfkEKH49_n",
    "authorUid": "bd-4145772538",
    "authorUserName": "X***s",
    "title": "各个学科饼图",
    "description": "用于智能备考系统",
    "latestVersion": 1,
    "alwaysLatest": 1,
    "createTime": "2018-12-11T02:15:53.000Z",
    "lastUpdateTime": "2018-12-11T02:15:53.000Z",
    "auth": 2,
    "uid": "bd-4145772538",
    "publishedVersion": 0,
    "forkFrom": "-",
    "isSpam": 0,
    "version": 1,
    "parentVersion": -1,
    "echartsVersion": "4.2.0",
    "versionCreateTime": "2018-12-11T02:15:53.000Z",
    "html": "",
    "externalScripts": "",
    "updaterUID": "bd-4145772538",
    "theme": "",
    "layout": "",
    "viewCount": 146,
    "userName": "X***s",
    "commentCount": 0,
    "starCount": 1,
    "isStared": 0,
    "thumbnailURL": "https://www.makeapie.com/ecg-storage/ec_gallery_thumbnail/xfkEKH49_n.png?v=1544494553702",
    "isCustomThumbnail": 0,
    "builtinTags": [
        "category-work",
        "series-pie",
        "title",
        "tooltip"
    ],
    "customTags": [],
    "updaterUserName": "X***s"
}