{
    "cid": "xfkZxmpJKk",
    "authorUid": "bd-3074283470",
    "authorUserName": "189******59",
    "title": "收货",
    "description": "",
    "latestVersion": 4,
    "alwaysLatest": 1,
    "createTime": "2018-12-07T08:59:02.000Z",
    "lastUpdateTime": "2018-12-07T08:59:02.000Z",
    "auth": 2,
    "uid": "bd-3074283470",
    "publishedVersion": 0,
    "forkFrom": "-",
    "isSpam": 0,
    "version": 4,
    "parentVersion": 3,
    "echartsVersion": "4.2.0",
    "versionCreateTime": "2018-12-07T09:44:17.000Z",
    "html": "",
    "externalScripts": "",
    "updaterUID": "bd-3074283470",
    "theme": "",
    "layout": "",
    "viewCount": 213,
    "userName": "189******59",
    "commentCount": 0,
    "starCount": 3,
    "isStared": 0,
    "thumbnailURL": "https://www.makeapie.com/ecg-storage/ec_gallery_thumbnail/xfkZxmpJKk.png?v=1544175857655",
    "isCustomThumbnail": 0,
    "builtinTags": [
        "category-work",
        "grid",
        "legend",
        "series-bar",
        "series-line",
        "series-pie",
        "title",
        "tooltip"
    ],
    "customTags": [],
    "updaterUserName": "189******59"
}