{
    "cid": "xjNJO9Mo5p",
    "authorUid": "bd-3490003427",
    "authorUserName": "j***g",
    "title": "随时间轴变化的关系图",
    "description": "测试一下关系图配合时间轴的效果",
    "latestVersion": 2,
    "alwaysLatest": 1,
    "createTime": "2018-12-07T06:01:39.000Z",
    "lastUpdateTime": "2018-12-07T06:01:39.000Z",
    "auth": 2,
    "uid": "bd-3490003427",
    "publishedVersion": 0,
    "forkFrom": "-",
    "isSpam": 0,
    "version": 2,
    "parentVersion": 1,
    "echartsVersion": "4.2.0",
    "versionCreateTime": "2018-12-07T06:42:43.000Z",
    "html": "",
    "externalScripts": "",
    "updaterUID": "bd-3490003427",
    "theme": "",
    "layout": "",
    "viewCount": 753,
    "userName": "j***g",
    "commentCount": 0,
    "starCount": 1,
    "isStared": 0,
    "thumbnailURL": "https://www.makeapie.com/ecg-storage/ec_gallery_thumbnail/xjNJO9Mo5p.png?v=1544164963219",
    "isCustomThumbnail": 0,
    "builtinTags": [
        "category-work",
        "legend",
        "series-graph",
        "timeline",
        "title",
        "tooltip"
    ],
    "customTags": [],
    "updaterUserName": "j***g"
}