{
    "cid": "xMJ-64GfYf",
    "authorUid": "bd-1350546970",
    "authorUserName": "前***珊",
    "title": "柱状图",
    "description": "emmm，就是稍微有点变化的柱状图",
    "latestVersion": 4,
    "alwaysLatest": 1,
    "createTime": "2018-12-11T03:37:50.000Z",
    "lastUpdateTime": "2018-12-11T03:37:50.000Z",
    "auth": 2,
    "uid": "bd-1350546970",
    "publishedVersion": 0,
    "forkFrom": "-",
    "isSpam": 0,
    "version": 4,
    "parentVersion": 3,
    "echartsVersion": "4.2.0",
    "versionCreateTime": "2018-12-11T10:10:42.000Z",
    "html": "",
    "externalScripts": "",
    "updaterUID": "bd-1350546970",
    "theme": "",
    "layout": "",
    "viewCount": 47,
    "userName": "前***珊",
    "commentCount": 0,
    "starCount": 1,
    "isStared": 0,
    "thumbnailURL": "https://www.makeapie.com/ecg-storage/ec_gallery_thumbnail/xMJ-64GfYf.png?v=1544523042767",
    "isCustomThumbnail": 0,
    "builtinTags": [
        "category-work",
        "grid",
        "series-bar",
        "tooltip"
    ],
    "customTags": [],
    "updaterUserName": "前***珊"
}