{
    "cid": "xnKnrxDwID",
    "authorUid": "bd-3408619631",
    "authorUserName": "金***灬",
    "title": "数据完整率统计--  合理处理Y轴显示文字很长的问题",
    "description": "人员登记信息完整率统计",
    "latestVersion": 2,
    "alwaysLatest": 1,
    "createTime": "2018-12-07T02:01:57.000Z",
    "lastUpdateTime": "2018-12-07T02:01:57.000Z",
    "auth": 2,
    "uid": "bd-3408619631",
    "publishedVersion": 0,
    "forkFrom": "-",
    "isSpam": 0,
    "version": 2,
    "parentVersion": 1,
    "echartsVersion": "4.2.0",
    "versionCreateTime": "2018-12-07T02:06:28.000Z",
    "html": "",
    "externalScripts": "",
    "updaterUID": "bd-3408619631",
    "theme": "",
    "layout": "",
    "viewCount": 128,
    "userName": "金***灬",
    "commentCount": 0,
    "starCount": 5,
    "isStared": 0,
    "thumbnailURL": "https://www.makeapie.com/ecg-storage/ec_gallery_thumbnail/xnKnrxDwID.png?v=1544148388638",
    "isCustomThumbnail": 0,
    "builtinTags": [
        "category-work",
        "grid",
        "series-bar",
        "title"
    ],
    "customTags": [],
    "updaterUserName": "金***灬"
}