{
    "cid": "xRNX-DJhCe",
    "authorUid": "bd-540836030",
    "authorUserName": "霸***y",
    "title": "柱状图显示不同的颜色",
    "description": "",
    "latestVersion": 1,
    "alwaysLatest": 1,
    "createTime": "2018-12-10T03:34:35.000Z",
    "lastUpdateTime": "2018-12-10T03:34:35.000Z",
    "auth": 2,
    "uid": "bd-540836030",
    "publishedVersion": 0,
    "forkFrom": "-",
    "isSpam": 0,
    "version": 1,
    "parentVersion": -1,
    "echartsVersion": "4.2.0",
    "versionCreateTime": "2018-12-10T03:34:35.000Z",
    "html": "",
    "externalScripts": "",
    "updaterUID": "bd-540836030",
    "theme": "",
    "layout": "",
    "viewCount": 199,
    "userName": "霸***y",
    "commentCount": 0,
    "starCount": 1,
    "isStared": 0,
    "thumbnailURL": "https://www.makeapie.com/ecg-storage/ec_gallery_thumbnail/xRNX-DJhCe.png?v=1544412875580",
    "isCustomThumbnail": 0,
    "builtinTags": [
        "category-work",
        "grid",
        "series-bar"
    ],
    "customTags": [
        "柱状图",
        "颜色"
    ],
    "updaterUserName": "霸***y"
}