{
    "cid": "xseFrPsdY6",
    "authorUid": "bd-3357729617",
    "authorUserName": "三***漫",
    "title": "桑基图-用户路径",
    "description": "",
    "latestVersion": 1,
    "alwaysLatest": 1,
    "createTime": "2018-12-07T08:01:59.000Z",
    "lastUpdateTime": "2018-12-07T08:01:59.000Z",
    "auth": 2,
    "uid": "bd-3357729617",
    "publishedVersion": 0,
    "forkFrom": "-",
    "isSpam": 0,
    "version": 1,
    "parentVersion": -1,
    "echartsVersion": "4.2.0",
    "versionCreateTime": "2018-12-07T08:01:59.000Z",
    "html": "",
    "externalScripts": "",
    "updaterUID": "bd-3357729617",
    "theme": "",
    "layout": "",
    "viewCount": 461,
    "userName": "三***漫",
    "commentCount": 0,
    "starCount": 1,
    "isStared": 0,
    "thumbnailURL": "https://www.makeapie.com/ecg-storage/ec_gallery_thumbnail/xseFrPsdY6.png?v=1544169719667",
    "isCustomThumbnail": 0,
    "builtinTags": [
        "category-work",
        "series-sankey"
    ],
    "customTags": [],
    "updaterUserName": "三***漫"
}