{
    "cid": "x1Tq-5LO0",
    "authorUid": "bd-3792026641",
    "authorUserName": "y***n",
    "title": "aa",
    "description": "aa",
    "latestVersion": 1,
    "alwaysLatest": 1,
    "createTime": "2019-10-30T08:29:48.000Z",
    "lastUpdateTime": "2019-10-30T08:29:48.000Z",
    "auth": 2,
    "uid": "bd-3792026641",
    "publishedVersion": 0,
    "forkFrom": "-",
    "isSpam": 0,
    "version": 1,
    "parentVersion": -1,
    "echartsVersion": "4.4.0",
    "versionCreateTime": "2019-10-30T08:29:48.000Z",
    "html": "",
    "externalScripts": "",
    "updaterUID": "bd-3792026641",
    "theme": "",
    "layout": "",
    "viewCount": 765,
    "userName": "y***n",
    "commentCount": 0,
    "starCount": 2,
    "isStared": 0,
    "thumbnailURL": "https://www.makeapie.com/ecg-storage/ec_gallery_thumbnail/x1Tq-5LO0.png?v=1572424188504",
    "isCustomThumbnail": 0,
    "builtinTags": [
        "category-work",
        "radar",
        "series-radar"
    ],
    "customTags": [],
    "updaterUserName": "y***n"
}