{
    "cid": "x4xbfAuzK",
    "authorUid": "bd-1999552971",
    "authorUserName": "j***5",
    "title": "东莞",
    "description": "东莞",
    "latestVersion": 3,
    "alwaysLatest": 1,
    "createTime": "2019-10-28T13:02:21.000Z",
    "lastUpdateTime": "2019-10-28T13:02:21.000Z",
    "auth": 2,
    "uid": "bd-1999552971",
    "publishedVersion": 0,
    "forkFrom": "-",
    "isSpam": 0,
    "version": 3,
    "parentVersion": 1,
    "echartsVersion": "4.4.0",
    "versionCreateTime": "2019-10-28T13:12:49.000Z",
    "html": "",
    "externalScripts": "",
    "updaterUID": "bd-1999552971",
    "theme": "",
    "layout": "",
    "viewCount": 618,
    "userName": "j***5",
    "commentCount": 0,
    "starCount": 3,
    "isStared": 0,
    "thumbnailURL": "https://www.makeapie.com/ecg-storage/ec_gallery_thumbnail/x4xbfAuzK.png?v=1572268369460",
    "isCustomThumbnail": 0,
    "builtinTags": [
        "category-work",
        "geo",
        "series-effectScatter",
        "series-lines",
        "series-scatter",
        "tooltip",
        "visualMap"
    ],
    "customTags": [],
    "updaterUserName": "j***5"
}