{
    "cid": "x628qAnoN",
    "authorUid": "bd-1195210646",
    "authorUserName": "a***o",
    "title": "折线图配色",
    "description": "",
    "latestVersion": 3,
    "alwaysLatest": 1,
    "createTime": "2019-10-29T07:11:30.000Z",
    "lastUpdateTime": "2019-10-29T07:11:30.000Z",
    "auth": 2,
    "uid": "bd-1195210646",
    "publishedVersion": 0,
    "forkFrom": "-",
    "isSpam": 0,
    "version": 3,
    "parentVersion": 1,
    "echartsVersion": "4.7.0",
    "versionCreateTime": "2020-05-14T09:30:08.000Z",
    "html": "",
    "externalScripts": "https://echarts.baidu.com/resource/echarts-gl-latest/dist/echarts-gl.min.js,/dep/echarts/map/js/province/hubei.js,/dep/echarts/map/js/world.js,/dep/echarts/map/js/china.js",
    "updaterUID": "bd-1195210646",
    "theme": "",
    "layout": "",
    "viewCount": 1265,
    "userName": "a***o",
    "commentCount": 0,
    "starCount": 11,
    "isStared": 0,
    "thumbnailURL": "https://www.makeapie.com/ecg-storage/ec_gallery_thumbnail/x628qAnoN.png?v=1589448608702",
    "isCustomThumbnail": 0,
    "builtinTags": [
        "category-work",
        "grid",
        "series-line",
        "tooltip"
    ],
    "customTags": [],
    "updaterUserName": "a***o"
}