{
    "cid": "xAFExvcIc",
    "authorUid": "bd-3879175078",
    "authorUserName": "N***s",
    "title": "飞行先",
    "description": "",
    "latestVersion": 1,
    "alwaysLatest": 1,
    "createTime": "2019-10-29T08:46:49.000Z",
    "lastUpdateTime": "2019-10-29T08:46:49.000Z",
    "auth": 2,
    "uid": "bd-3879175078",
    "publishedVersion": 0,
    "forkFrom": "-",
    "isSpam": 0,
    "version": 1,
    "parentVersion": -1,
    "echartsVersion": "4.4.0",
    "versionCreateTime": "2019-10-29T08:46:49.000Z",
    "html": "",
    "externalScripts": "",
    "updaterUID": "bd-3879175078",
    "theme": "",
    "layout": "",
    "viewCount": 109,
    "userName": "N***s",
    "commentCount": 0,
    "starCount": 1,
    "isStared": 0,
    "thumbnailURL": "https://www.makeapie.com/ecg-storage/ec_gallery_thumbnail/xAFExvcIc.png?v=1572338809912",
    "isCustomThumbnail": 0,
    "builtinTags": [
        "category-work",
        "geo",
        "series-lines"
    ],
    "customTags": [],
    "updaterUserName": "N***s"
}