{
    "cid": "xeaROcOD7",
    "authorUid": "bd-2034378441",
    "authorUserName": "丶***光",
    "title": "测试K线图",
    "description": "",
    "latestVersion": 1,
    "alwaysLatest": 1,
    "createTime": "2019-10-29T09:44:50.000Z",
    "lastUpdateTime": "2019-10-29T09:44:50.000Z",
    "auth": 2,
    "uid": "bd-2034378441",
    "publishedVersion": 0,
    "forkFrom": "-",
    "isSpam": 0,
    "version": 1,
    "parentVersion": -1,
    "echartsVersion": "4.4.0",
    "versionCreateTime": "2019-10-29T09:44:51.000Z",
    "html": "",
    "externalScripts": "",
    "updaterUID": "bd-2034378441",
    "theme": "",
    "layout": "",
    "viewCount": 193,
    "userName": "丶***光",
    "commentCount": 0,
    "starCount": 0,
    "isStared": 0,
    "thumbnailURL": "https://www.makeapie.com/ecg-storage/ec_gallery_thumbnail/xeaROcOD7.png?v=1572342291094",
    "isCustomThumbnail": 0,
    "builtinTags": [
        "category-work",
        "grid",
        "series-candlestick",
        "tooltip"
    ],
    "customTags": [],
    "updaterUserName": "丶***光"
}