{
    "cid": "xFu5RiE14",
    "authorUid": "bd-2182780168",
    "authorUserName": "偶***道",
    "title": "饼图 - 外边框实线",
    "description": "",
    "latestVersion": 1,
    "alwaysLatest": 1,
    "createTime": "2019-10-28T06:56:16.000Z",
    "lastUpdateTime": "2019-10-28T06:56:16.000Z",
    "auth": 2,
    "uid": "bd-2182780168",
    "publishedVersion": 0,
    "forkFrom": "-",
    "isSpam": 0,
    "version": 1,
    "parentVersion": -1,
    "echartsVersion": "4.4.0",
    "versionCreateTime": "2019-10-28T06:56:16.000Z",
    "html": "",
    "externalScripts": "",
    "updaterUID": "bd-2182780168",
    "theme": "",
    "layout": "",
    "viewCount": 40,
    "userName": "偶***道",
    "commentCount": 0,
    "starCount": 0,
    "isStared": 0,
    "thumbnailURL": "https://www.makeapie.com/ecg-storage/ec_gallery_thumbnail/xFu5RiE14.png?v=1572245776491",
    "isCustomThumbnail": 0,
    "builtinTags": [
        "category-work",
        "legend",
        "series-pie",
        "tooltip"
    ],
    "customTags": [],
    "updaterUserName": "偶***道"
}