{
    "cid": "xnRvf1Qh0",
    "authorUid": "bd-2941282864",
    "authorUserName": "l***f",
    "title": "立体柱图+折线",
    "description": "legend点击、立体柱图、折线",
    "latestVersion": 3,
    "alwaysLatest": 1,
    "createTime": "2019-10-28T08:18:25.000Z",
    "lastUpdateTime": "2019-10-28T08:18:25.000Z",
    "auth": 2,
    "uid": "bd-2941282864",
    "publishedVersion": 0,
    "forkFrom": "-",
    "isSpam": 0,
    "version": 3,
    "parentVersion": 1,
    "echartsVersion": "4.4.0",
    "versionCreateTime": "2019-10-28T08:22:41.000Z",
    "html": "",
    "externalScripts": "",
    "updaterUID": "bd-2941282864",
    "theme": "",
    "layout": "",
    "viewCount": 393,
    "userName": "l***f",
    "commentCount": 0,
    "starCount": 5,
    "isStared": 0,
    "thumbnailURL": "https://www.makeapie.com/ecg-storage/ec_gallery_thumbnail/xnRvf1Qh0.png?v=1572250961914",
    "isCustomThumbnail": 0,
    "builtinTags": [
        "category-work",
        "grid",
        "legend",
        "series-bar",
        "series-line",
        "series-pictorialBar",
        "tooltip"
    ],
    "customTags": [],
    "updaterUserName": "l***f"
}