{
    "cid": "xQ7Z_c04k",
    "authorUid": "bd-571667510",
    "authorUserName": "K***头",
    "title": "本月拥堵时段统计表",
    "description": "网上很多例子是visualMap是阶段性或者渐层选择的,分享一个渐变直线,并且可以单条筛选的例子",
    "latestVersion": 3,
    "alwaysLatest": 1,
    "createTime": "2019-10-29T08:59:02.000Z",
    "lastUpdateTime": "2019-10-29T08:59:02.000Z",
    "auth": 2,
    "uid": "bd-571667510",
    "publishedVersion": 0,
    "forkFrom": "-",
    "isSpam": 0,
    "version": 3,
    "parentVersion": 2,
    "echartsVersion": "4.4.0",
    "versionCreateTime": "2019-11-03T15:39:21.000Z",
    "html": "",
    "externalScripts": "",
    "updaterUID": "bd-571667510",
    "theme": "",
    "layout": "",
    "viewCount": 58,
    "userName": "K***头",
    "commentCount": 0,
    "starCount": 0,
    "isStared": 0,
    "thumbnailURL": "https://www.makeapie.com/ecg-storage/ec_gallery_thumbnail/xQ7Z_c04k.png?v=1572795561405",
    "isCustomThumbnail": 0,
    "builtinTags": [
        "category-work",
        "grid",
        "legend",
        "series-line",
        "title",
        "tooltip",
        "visualMap"
    ],
    "customTags": [],
    "updaterUserName": "K***头"
}