{
    "cid": "xqxrceDS9",
    "authorUid": "bd-696783921",
    "authorUserName": "n***人",
    "title": "京津冀空气质量",
    "description": "数据来源：中国环境监测总站",
    "latestVersion": 13,
    "alwaysLatest": 1,
    "createTime": "2019-10-28T09:55:59.000Z",
    "lastUpdateTime": "2021-11-08T10:28:57.000Z",
    "auth": 2,
    "uid": "bd-696783921",
    "publishedVersion": 0,
    "forkFrom": "-",
    "isSpam": 0,
    "version": 13,
    "parentVersion": 12,
    "echartsVersion": "4.9.0",
    "versionCreateTime": "2021-11-08T10:28:57.000Z",
    "html": "",
    "externalScripts": "http://api.map.baidu.com/api?v=3.0&ak=bA8ttqluwMG4ksk3jv3yycLnXhUL7yBB,https://cdn.jsdelivr.net/npm/echarts@5/dist/extension/bmap.min.js",
    "updaterUID": "bd-696783921",
    "theme": "default",
    "layout": "",
    "viewCount": 199020,
    "userName": "n***人",
    "commentCount": 1,
    "starCount": 29,
    "isStared": 0,
    "thumbnailURL": "https://www.makeapie.com/ecg-storage/ec_gallery_thumbnail/xqxrceDS9.png?v=1572333027888",
    "isCustomThumbnail": 1,
    "builtinTags": [
        "category-work"
    ],
    "customTags": [
        "bar",
        "bmap",
        "effectScatter",
        "grid",
        "tooltip",
        "visualMap"
    ],
    "updaterUserName": "n***人"
}