{
    "cid": "xS_ecYTuM",
    "authorUid": "bd-696783921",
    "authorUserName": "n***人",
    "title": "京津冀空气质量",
    "description": "数据来源：中国环境监测总站",
    "latestVersion": 7,
    "alwaysLatest": 1,
    "createTime": "2019-10-29T12:51:05.000Z",
    "lastUpdateTime": "2019-10-29T12:51:05.000Z",
    "auth": 2,
    "uid": "bd-696783921",
    "publishedVersion": 0,
    "forkFrom": "-",
    "isSpam": 0,
    "version": 7,
    "parentVersion": 6,
    "echartsVersion": "4.4.0",
    "versionCreateTime": "2019-11-06T02:38:59.000Z",
    "html": "",
    "externalScripts": "/dep/echarts/map/js/china.js",
    "updaterUID": "bd-696783921",
    "theme": "",
    "layout": "",
    "viewCount": 217361,
    "userName": "n***人",
    "commentCount": 0,
    "starCount": 6,
    "isStared": 0,
    "thumbnailURL": "https://www.makeapie.com/ecg-storage/ec_gallery_thumbnail/xS_ecYTuM.png?v=1573007939737",
    "isCustomThumbnail": 0,
    "builtinTags": [
        "category-work",
        "geo",
        "grid",
        "series-bar",
        "series-effectScatter",
        "title",
        "tooltip",
        "visualMap"
    ],
    "customTags": [],
    "updaterUserName": "n***人"
}