{
    "cid": "xxv4o2TA-",
    "authorUid": "bd-1195210646",
    "authorUserName": "a***o",
    "title": "横向柱图配色",
    "description": "",
    "latestVersion": 1,
    "alwaysLatest": 1,
    "createTime": "2019-10-29T07:16:21.000Z",
    "lastUpdateTime": "2019-10-29T07:16:21.000Z",
    "auth": 2,
    "uid": "bd-1195210646",
    "publishedVersion": 0,
    "forkFrom": "-",
    "isSpam": 0,
    "version": 1,
    "parentVersion": -1,
    "echartsVersion": "4.4.0",
    "versionCreateTime": "2019-10-29T07:16:21.000Z",
    "html": "",
    "externalScripts": "",
    "updaterUID": "bd-1195210646",
    "theme": "",
    "layout": "",
    "viewCount": 145,
    "userName": "a***o",
    "commentCount": 0,
    "starCount": 1,
    "isStared": 0,
    "thumbnailURL": "https://www.makeapie.com/ecg-storage/ec_gallery_thumbnail/xxv4o2TA-.png?v=1572333381471",
    "isCustomThumbnail": 0,
    "builtinTags": [
        "category-work",
        "grid",
        "series-bar",
        "tooltip"
    ],
    "customTags": [],
    "updaterUserName": "a***o"
}