{
    "cid": "xYOdQg4Te",
    "authorUid": "bd-3258919093",
    "authorUserName": "l***2",
    "title": "环形饼图",
    "description": "",
    "latestVersion": 2,
    "alwaysLatest": 1,
    "createTime": "2019-10-29T03:08:04.000Z",
    "lastUpdateTime": "2019-10-29T03:08:04.000Z",
    "auth": 1,
    "uid": "bd-3258919093",
    "publishedVersion": 0,
    "forkFrom": "-",
    "isSpam": 0,
    "version": 2,
    "parentVersion": 1,
    "echartsVersion": "4.4.0",
    "versionCreateTime": "2019-10-29T05:00:46.000Z",
    "html": "",
    "externalScripts": "",
    "updaterUID": "bd-3258919093",
    "theme": "",
    "layout": "",
    "viewCount": 185,
    "userName": "l***2",
    "commentCount": 0,
    "starCount": 1,
    "isStared": 0,
    "thumbnailURL": "https://www.makeapie.com/ecg-storage/ec_gallery_thumbnail/xYOdQg4Te.png?v=1572325246236",
    "isCustomThumbnail": 0,
    "builtinTags": [
        "category-work",
        "legend",
        "series-pie",
        "title",
        "tooltip"
    ],
    "customTags": [],
    "updaterUserName": "l***2"
}