{
    "cid": "x03S3fcuP",
    "authorUid": "bd-1879216813",
    "authorUserName": "j***n",
    "title": "",
    "description": "bar的tooltip",
    "latestVersion": 2,
    "alwaysLatest": 1,
    "createTime": "2019-12-03T07:26:27.000Z",
    "lastUpdateTime": "2019-12-03T07:26:27.000Z",
    "auth": 2,
    "uid": "bd-1879216813",
    "publishedVersion": 0,
    "forkFrom": "-",
    "isSpam": 0,
    "version": 2,
    "parentVersion": 1,
    "echartsVersion": "4.4.0",
    "versionCreateTime": "2019-12-03T07:26:58.000Z",
    "html": "",
    "externalScripts": "",
    "updaterUID": "bd-1879216813",
    "theme": "",
    "layout": "",
    "viewCount": 113,
    "userName": "j***n",
    "commentCount": 0,
    "starCount": 0,
    "isStared": 0,
    "thumbnailURL": "https://www.makeapie.com/ecg-storage/ec_gallery_thumbnail/x03S3fcuP.png?v=1575358018570",
    "isCustomThumbnail": 0,
    "builtinTags": [
        "category-work",
        "grid",
        "series-bar",
        "tooltip"
    ],
    "customTags": [],
    "updaterUserName": "j***n"
}