{
    "cid": "x6mBrsrYx",
    "authorUid": "bd-1359166655",
    "authorUserName": "r***h",
    "title": "Echarts-图例备份",
    "description": "",
    "latestVersion": 1,
    "alwaysLatest": 1,
    "createTime": "2019-12-04T02:08:21.000Z",
    "lastUpdateTime": "2019-12-04T02:08:21.000Z",
    "auth": 2,
    "uid": "bd-1359166655",
    "publishedVersion": 0,
    "forkFrom": "-",
    "isSpam": 0,
    "version": 1,
    "parentVersion": -1,
    "echartsVersion": "4.4.0",
    "versionCreateTime": "2019-12-04T02:08:22.000Z",
    "html": "",
    "externalScripts": "",
    "updaterUID": "bd-1359166655",
    "theme": "",
    "layout": "",
    "viewCount": 616,
    "userName": "r***h",
    "commentCount": 0,
    "starCount": 11,
    "isStared": 0,
    "thumbnailURL": "https://www.makeapie.com/ecg-storage/ec_gallery_thumbnail/x6mBrsrYx.png?v=1575425302224",
    "isCustomThumbnail": 0,
    "builtinTags": [
        "category-work",
        "grid",
        "legend",
        "series-bar",
        "title"
    ],
    "customTags": [],
    "updaterUserName": "r***h"
}