{
    "cid": "xi9M4xWU4",
    "authorUid": "bd-4199671160",
    "authorUserName": "爱***陈",
    "title": "堆叠柱状图立体",
    "description": "堆叠柱状图--立体",
    "latestVersion": 1,
    "alwaysLatest": 1,
    "createTime": "2019-12-03T15:24:28.000Z",
    "lastUpdateTime": "2019-12-03T15:24:28.000Z",
    "auth": 2,
    "uid": "bd-4199671160",
    "publishedVersion": 0,
    "forkFrom": "-",
    "isSpam": 0,
    "version": 1,
    "parentVersion": -1,
    "echartsVersion": "4.4.0",
    "versionCreateTime": "2019-12-03T15:24:28.000Z",
    "html": "",
    "externalScripts": "",
    "updaterUID": "bd-4199671160",
    "theme": "",
    "layout": "",
    "viewCount": 271,
    "userName": "爱***陈",
    "commentCount": 0,
    "starCount": 4,
    "isStared": 0,
    "thumbnailURL": "https://www.makeapie.com/ecg-storage/ec_gallery_thumbnail/xi9M4xWU4.png?v=1575386668840",
    "isCustomThumbnail": 0,
    "builtinTags": [
        "category-work",
        "grid",
        "series-bar",
        "series-pictorialBar",
        "title",
        "tooltip"
    ],
    "customTags": [],
    "updaterUserName": "爱***陈"
}