{
    "cid": "xMQ7G8h3H",
    "authorUid": "bd-1701375761",
    "authorUserName": "迷***哦",
    "title": "仪表盘",
    "description": "渐变",
    "latestVersion": 2,
    "alwaysLatest": 1,
    "createTime": "2019-12-05T02:53:28.000Z",
    "lastUpdateTime": "2019-12-05T02:53:28.000Z",
    "auth": 2,
    "uid": "bd-1701375761",
    "publishedVersion": 0,
    "forkFrom": "-",
    "isSpam": 0,
    "version": 2,
    "parentVersion": 1,
    "echartsVersion": "4.4.0",
    "versionCreateTime": "2019-12-05T02:54:38.000Z",
    "html": "",
    "externalScripts": "",
    "updaterUID": "bd-1701375761",
    "theme": "",
    "layout": "",
    "viewCount": 203,
    "userName": "迷***哦",
    "commentCount": 0,
    "starCount": 1,
    "isStared": 0,
    "thumbnailURL": "https://www.makeapie.com/ecg-storage/ec_gallery_thumbnail/xMQ7G8h3H.png?v=1575514478990",
    "isCustomThumbnail": 0,
    "builtinTags": [
        "category-work",
        "series-gauge"
    ],
    "customTags": [
        "仪表盘",
        "渐变"
    ],
    "updaterUserName": "迷***哦"
}