{
    "cid": "xNpW_SDT2",
    "authorUid": "bd-749254193",
    "authorUserName": "欧***一",
    "title": "条形列表",
    "description": "克隆。。",
    "latestVersion": 1,
    "alwaysLatest": 1,
    "createTime": "2019-12-03T09:37:52.000Z",
    "lastUpdateTime": "2019-12-03T09:37:52.000Z",
    "auth": 2,
    "uid": "bd-749254193",
    "publishedVersion": 0,
    "forkFrom": "-",
    "isSpam": 0,
    "version": 1,
    "parentVersion": -1,
    "echartsVersion": "4.4.0",
    "versionCreateTime": "2019-12-03T09:37:52.000Z",
    "html": "",
    "externalScripts": "",
    "updaterUID": "bd-749254193",
    "theme": "",
    "layout": "",
    "viewCount": 238,
    "userName": "欧***一",
    "commentCount": 0,
    "starCount": 4,
    "isStared": 0,
    "thumbnailURL": "https://www.makeapie.com/ecg-storage/ec_gallery_thumbnail/xNpW_SDT2.png?v=1575365872240",
    "isCustomThumbnail": 0,
    "builtinTags": [
        "category-work",
        "grid",
        "series-bar"
    ],
    "customTags": [],
    "updaterUserName": "欧***一"
}