{
    "cid": "xoyKg9gac",
    "authorUid": "bd-4119181858",
    "authorUserName": "清***3",
    "title": "商品了解来源",
    "description": "",
    "latestVersion": 2,
    "alwaysLatest": 1,
    "createTime": "2019-12-02T09:01:55.000Z",
    "lastUpdateTime": "2019-12-02T09:01:55.000Z",
    "auth": 2,
    "uid": "bd-4119181858",
    "publishedVersion": 0,
    "forkFrom": "-",
    "isSpam": 0,
    "version": 2,
    "parentVersion": 1,
    "echartsVersion": "4.4.0",
    "versionCreateTime": "2019-12-02T09:03:08.000Z",
    "html": "",
    "externalScripts": "",
    "updaterUID": "bd-4119181858",
    "theme": "",
    "layout": "",
    "viewCount": 35,
    "userName": "清***3",
    "commentCount": 0,
    "starCount": 0,
    "isStared": 0,
    "thumbnailURL": "https://www.makeapie.com/ecg-storage/ec_gallery_thumbnail/xoyKg9gac.png?v=1575277388183",
    "isCustomThumbnail": 0,
    "builtinTags": [
        "category-work",
        "series-pie",
        "title",
        "tooltip",
        "visualMap"
    ],
    "customTags": [],
    "updaterUserName": "清***3"
}