{
    "cid": "xRH7hTK6F",
    "authorUid": "bd-4228668978",
    "authorUserName": "m***g",
    "title": "好差评",
    "description": "",
    "latestVersion": 2,
    "alwaysLatest": 1,
    "createTime": "2019-12-03T07:29:07.000Z",
    "lastUpdateTime": "2019-12-03T07:29:07.000Z",
    "auth": 1,
    "uid": "bd-4228668978",
    "publishedVersion": 0,
    "forkFrom": "-",
    "isSpam": 0,
    "version": 2,
    "parentVersion": 1,
    "echartsVersion": "4.4.0",
    "versionCreateTime": "2019-12-03T07:35:21.000Z",
    "html": "",
    "externalScripts": "",
    "updaterUID": "bd-4228668978",
    "theme": "",
    "layout": "",
    "viewCount": 16,
    "userName": "m***g",
    "commentCount": 0,
    "starCount": 0,
    "isStared": 0,
    "thumbnailURL": "https://www.makeapie.com/ecg-storage/ec_gallery_thumbnail/xRH7hTK6F.png?v=1575358521378",
    "isCustomThumbnail": 0,
    "builtinTags": [
        "category-work",
        "series-pie"
    ],
    "customTags": [],
    "updaterUserName": "m***g"
}