{
    "cid": "xueP84Sfi",
    "authorUid": "bd-1897241711",
    "authorUserName": "迷***夕",
    "title": "柱状图",
    "description": "",
    "latestVersion": 4,
    "alwaysLatest": 1,
    "createTime": "2019-12-04T10:23:34.000Z",
    "lastUpdateTime": "2019-12-04T10:23:34.000Z",
    "auth": 2,
    "uid": "bd-1897241711",
    "publishedVersion": 0,
    "forkFrom": "-",
    "isSpam": 0,
    "version": 4,
    "parentVersion": 2,
    "echartsVersion": "4.4.0",
    "versionCreateTime": "2019-12-17T08:34:35.000Z",
    "html": "",
    "externalScripts": "",
    "updaterUID": "bd-1897241711",
    "theme": "",
    "layout": "",
    "viewCount": 138,
    "userName": "迷***夕",
    "commentCount": 0,
    "starCount": 2,
    "isStared": 0,
    "thumbnailURL": "https://www.makeapie.com/ecg-storage/ec_gallery_thumbnail/xueP84Sfi.png?v=1576571675402",
    "isCustomThumbnail": 0,
    "builtinTags": [
        "category-work",
        "grid",
        "legend",
        "series-bar",
        "title",
        "tooltip"
    ],
    "customTags": [],
    "updaterUserName": "迷***夕"
}