{
    "cid": "xUF5S2_sH",
    "authorUid": "bd-1548620540",
    "authorUserName": "s***君",
    "title": "折线图",
    "description": "区域阴影折线图",
    "latestVersion": 2,
    "alwaysLatest": 1,
    "createTime": "2019-12-05T06:38:22.000Z",
    "lastUpdateTime": "2019-12-05T06:38:22.000Z",
    "auth": 2,
    "uid": "bd-1548620540",
    "publishedVersion": 0,
    "forkFrom": "-",
    "isSpam": 0,
    "version": 2,
    "parentVersion": 1,
    "echartsVersion": "4.4.0",
    "versionCreateTime": "2019-12-05T07:15:08.000Z",
    "html": "",
    "externalScripts": "",
    "updaterUID": "bd-1548620540",
    "theme": "",
    "layout": "",
    "viewCount": 33,
    "userName": "s***君",
    "commentCount": 0,
    "starCount": 1,
    "isStared": 0,
    "thumbnailURL": "https://www.makeapie.com/ecg-storage/ec_gallery_thumbnail/xUF5S2_sH.png?v=1575530108333",
    "isCustomThumbnail": 0,
    "builtinTags": [
        "category-work",
        "grid",
        "series-line",
        "tooltip"
    ],
    "customTags": [],
    "updaterUserName": "s***君"
}