{
    "cid": "xYgLCtx-s",
    "authorUid": "bd-1147429777",
    "authorUserName": "请***哦",
    "title": "汛限水位",
    "description": "",
    "latestVersion": 3,
    "alwaysLatest": 1,
    "createTime": "2019-12-05T01:23:53.000Z",
    "lastUpdateTime": "2019-12-05T01:23:53.000Z",
    "auth": 2,
    "uid": "bd-1147429777",
    "publishedVersion": 0,
    "forkFrom": "-",
    "isSpam": 0,
    "version": 3,
    "parentVersion": 1,
    "echartsVersion": "4.4.0",
    "versionCreateTime": "2019-12-06T05:32:07.000Z",
    "html": "",
    "externalScripts": "",
    "updaterUID": "bd-1147429777",
    "theme": "",
    "layout": "",
    "viewCount": 85,
    "userName": "请***哦",
    "commentCount": 0,
    "starCount": 0,
    "isStared": 0,
    "thumbnailURL": "https://www.makeapie.com/ecg-storage/ec_gallery_thumbnail/xYgLCtx-s.png?v=1575610327452",
    "isCustomThumbnail": 0,
    "builtinTags": [
        "category-work",
        "grid",
        "markLine",
        "series-bar",
        "title"
    ],
    "customTags": [],
    "updaterUserName": "请***哦"
}