{
    "cid": "xyWmG0SLK",
    "authorUid": "bd-4161428444",
    "authorUserName": "b***n",
    "title": "动态渐变折线区域图",
    "description": "GDP增长率(定时刷新过滤数据)",
    "latestVersion": 14,
    "alwaysLatest": 1,
    "createTime": "2019-12-03T06:21:18.000Z",
    "lastUpdateTime": "2019-12-03T06:21:18.000Z",
    "auth": 2,
    "uid": "bd-4161428444",
    "publishedVersion": 0,
    "forkFrom": "-",
    "isSpam": 0,
    "version": 14,
    "parentVersion": 13,
    "echartsVersion": "4.8.0",
    "versionCreateTime": "2020-11-24T04:25:09.000Z",
    "html": "",
    "externalScripts": "",
    "updaterUID": "bd-4161428444",
    "theme": "",
    "layout": "",
    "viewCount": 463,
    "userName": "b***n",
    "commentCount": 0,
    "starCount": 4,
    "isStared": 0,
    "thumbnailURL": "https://www.makeapie.com/ecg-storage/ec_gallery_thumbnail/xyWmG0SLK.png?v=1606191909664",
    "isCustomThumbnail": 0,
    "builtinTags": [
        "category-work",
        "grid",
        "legend",
        "series-line",
        "title",
        "tooltip"
    ],
    "customTags": [],
    "updaterUserName": "b***n"
}