{
    "cid": "xyxMrXWYQ",
    "authorUid": "bd-2974737681",
    "authorUserName": "猪***林",
    "title": "legend中添加数据项",
    "description": "",
    "latestVersion": 4,
    "alwaysLatest": 1,
    "createTime": "2019-12-04T08:51:21.000Z",
    "lastUpdateTime": "2019-12-04T08:51:21.000Z",
    "auth": 2,
    "uid": "bd-2974737681",
    "publishedVersion": 0,
    "forkFrom": "-",
    "isSpam": 0,
    "version": 4,
    "parentVersion": 3,
    "echartsVersion": "4.4.0",
    "versionCreateTime": "2020-02-25T07:08:03.000Z",
    "html": "",
    "externalScripts": "",
    "updaterUID": "bd-2974737681",
    "theme": "",
    "layout": "",
    "viewCount": 13,
    "userName": "猪***林",
    "commentCount": 0,
    "starCount": 0,
    "isStared": 0,
    "thumbnailURL": "https://www.makeapie.com/ecg-storage/ec_gallery_thumbnail/xyxMrXWYQ.png?v=1582614483455",
    "isCustomThumbnail": 0,
    "builtinTags": [
        "category-work",
        "grid",
        "legend",
        "series-line",
        "title",
        "tooltip"
    ],
    "customTags": [],
    "updaterUserName": "猪***林"
}