{
    "cid": "xzE7S3X9n",
    "authorUid": "bd-3427750255",
    "authorUserName": "木***H",
    "title": "test",
    "description": "",
    "latestVersion": 2,
    "alwaysLatest": 1,
    "createTime": "2019-12-03T07:48:09.000Z",
    "lastUpdateTime": "2019-12-03T07:48:09.000Z",
    "auth": 2,
    "uid": "bd-3427750255",
    "publishedVersion": 0,
    "forkFrom": "-",
    "isSpam": 0,
    "version": 2,
    "parentVersion": 1,
    "echartsVersion": "4.4.0",
    "versionCreateTime": "2019-12-03T07:48:28.000Z",
    "html": "",
    "externalScripts": "",
    "updaterUID": "bd-3427750255",
    "theme": "",
    "layout": "",
    "viewCount": 36,
    "userName": "木***H",
    "commentCount": 0,
    "starCount": 0,
    "isStared": 0,
    "thumbnailURL": "https://www.makeapie.com/ecg-storage/ec_gallery_thumbnail/xzE7S3X9n.png?v=1575359308838",
    "isCustomThumbnail": 0,
    "builtinTags": [
        "category-work",
        "grid",
        "legend",
        "series-bar",
        "tooltip"
    ],
    "customTags": [],
    "updaterUserName": "木***H"
}