{
    "cid": "xB10sRKDsW",
    "authorUid": "bd-2709834752",
    "authorUserName": "幸运的久久飞翔",
    "title": "",
    "description": "",
    "latestVersion": 1,
    "alwaysLatest": 1,
    "createTime": "2017-09-26T08:24:06.000Z",
    "lastUpdateTime": "2017-09-26T08:24:06.000Z",
    "auth": 2,
    "uid": "bd-2709834752",
    "publishedVersion": 0,
    "forkFrom": "-",
    "isSpam": 0,
    "version": 1,
    "parentVersion": -1,
    "echartsVersion": "3.7.1",
    "versionCreateTime": "2017-09-26T08:24:06.000Z",
    "html": "",
    "externalScripts": "",
    "updaterUID": "bd-2709834752",
    "theme": "",
    "layout": "",
    "viewCount": 2690,
    "userName": "幸运的久久飞翔",
    "commentCount": 1,
    "starCount": 9,
    "isStared": 0,
    "thumbnailURL": "https://www.makeapie.com/ecg-storage/ec_gallery_thumbnail/xB10sRKDsW.png?v=1506414246475",
    "isCustomThumbnail": 0,
    "builtinTags": [
        "category-work",
        "legend",
        "series-pie",
        "tooltip"
    ],
    "customTags": [],
    "updaterUserName": "幸运的久久飞翔"
}