{
    "cid": "xBJIhTULsW",
    "authorUid": "bd-2886003040",
    "authorUserName": "dubaochen1993",
    "title": "社交网络",
    "description": "",
    "latestVersion": 4,
    "alwaysLatest": 1,
    "createTime": "2017-09-25T10:42:54.000Z",
    "lastUpdateTime": "2017-09-25T10:42:54.000Z",
    "auth": 2,
    "uid": "bd-2886003040",
    "publishedVersion": 0,
    "forkFrom": "-",
    "isSpam": 0,
    "version": 4,
    "parentVersion": 3,
    "echartsVersion": "3.7.1",
    "versionCreateTime": "2017-09-25T11:16:41.000Z",
    "html": "",
    "externalScripts": "",
    "updaterUID": "bd-2886003040",
    "theme": "",
    "layout": "",
    "viewCount": 1431,
    "userName": "dubaochen1993",
    "commentCount": 0,
    "starCount": 8,
    "isStared": 0,
    "thumbnailURL": "https://www.makeapie.com/ecg-storage/ec_gallery_thumbnail/xBJIhTULsW.png?v=1506338202055",
    "isCustomThumbnail": 0,
    "builtinTags": [
        "category-work",
        "legend",
        "series-graph",
        "title",
        "tooltip"
    ],
    "customTags": [],
    "updaterUserName": "dubaochen1993"
}