{
    "cid": "xBJtrSXUs-",
    "authorUid": "bd-662148189",
    "authorUserName": "非***农",
    "title": "堆叠柱状图（每个堆叠柱显示具体的占比）",
    "description": "每个堆叠柱显示的不是具体的数字，取而代之的是每个柱的占比。",
    "latestVersion": 2,
    "alwaysLatest": 1,
    "createTime": "2017-09-25T06:42:09.000Z",
    "lastUpdateTime": "2017-09-25T06:42:09.000Z",
    "auth": 2,
    "uid": "bd-662148189",
    "publishedVersion": 0,
    "forkFrom": "-",
    "isSpam": 0,
    "version": 2,
    "parentVersion": 1,
    "echartsVersion": "3.7.1",
    "versionCreateTime": "2017-09-25T06:42:37.000Z",
    "html": "",
    "externalScripts": "",
    "updaterUID": "bd-662148189",
    "theme": "",
    "layout": "",
    "viewCount": 1084,
    "userName": "非***农",
    "commentCount": 0,
    "starCount": 1,
    "isStared": 0,
    "thumbnailURL": "https://www.makeapie.com/ecg-storage/ec_gallery_thumbnail/xBJtrSXUs-.png?v=1506321757603",
    "isCustomThumbnail": 0,
    "builtinTags": [
        "category-work",
        "grid",
        "legend",
        "series-bar",
        "tooltip"
    ],
    "customTags": [],
    "updaterUserName": "非***农"
}