{
    "cid": "xH1ZnrbNs-",
    "authorUid": "bd-2905269377",
    "authorUserName": "4***了",
    "title": "自定义坐标轴样式",
    "description": "坐标轴偏移 文本居中 自定义坐标轴样式",
    "latestVersion": 2,
    "alwaysLatest": 1,
    "createTime": "2017-09-23T16:02:49.000Z",
    "lastUpdateTime": "2017-09-23T16:02:49.000Z",
    "auth": 2,
    "uid": "bd-2905269377",
    "publishedVersion": 0,
    "forkFrom": "-",
    "isSpam": 0,
    "version": 2,
    "parentVersion": 1,
    "echartsVersion": "3.7.1",
    "versionCreateTime": "2017-09-23T16:08:25.000Z",
    "html": "",
    "externalScripts": "",
    "updaterUID": "bd-2905269377",
    "theme": "",
    "layout": "",
    "viewCount": 149,
    "userName": "4***了",
    "commentCount": 0,
    "starCount": 1,
    "isStared": 0,
    "thumbnailURL": "https://www.makeapie.com/ecg-storage/ec_gallery_thumbnail/xH1ZnrbNs-.png?v=1506182905762",
    "isCustomThumbnail": 0,
    "builtinTags": [
        "category-work",
        "grid",
        "series-bar",
        "tooltip"
    ],
    "customTags": [
        "nameTextStyle",
        "position"
    ],
    "updaterUserName": "4***了"
}