{
    "cid": "xHJbal-fo-",
    "authorUid": "bd-3663225035",
    "authorUserName": "坠***8",
    "title": "琳琳",
    "description": "132",
    "latestVersion": 1,
    "alwaysLatest": 1,
    "createTime": "2017-09-22T03:17:13.000Z",
    "lastUpdateTime": "2017-09-22T03:17:13.000Z",
    "auth": 2,
    "uid": "bd-3663225035",
    "publishedVersion": 0,
    "forkFrom": "-",
    "isSpam": 0,
    "version": 1,
    "parentVersion": -1,
    "echartsVersion": "3.7.1",
    "versionCreateTime": "2017-09-22T03:17:13.000Z",
    "html": "",
    "externalScripts": "",
    "updaterUID": "bd-3663225035",
    "theme": "",
    "layout": "",
    "viewCount": 39,
    "userName": "坠***8",
    "commentCount": 0,
    "starCount": 0,
    "isStared": 0,
    "thumbnailURL": "https://www.makeapie.com/ecg-storage/ec_gallery_thumbnail/xHJbal-fo-.png?v=1506050233569",
    "isCustomThumbnail": 0,
    "builtinTags": [
        "category-work",
        "grid",
        "series-line",
        "title"
    ],
    "customTags": [],
    "updaterUserName": "坠***8"
}