{
    "cid": "xHJtDmxzjb",
    "authorUid": "bd-1031056",
    "authorUserName": "小***米",
    "title": "地图",
    "description": "",
    "latestVersion": 11,
    "alwaysLatest": 1,
    "createTime": "2017-09-22T02:20:17.000Z",
    "lastUpdateTime": "2017-09-22T02:20:17.000Z",
    "auth": 1,
    "uid": "bd-1031056",
    "publishedVersion": 0,
    "forkFrom": "-",
    "isSpam": 0,
    "version": 11,
    "parentVersion": 10,
    "echartsVersion": "3.8.0",
    "versionCreateTime": "2018-02-26T06:04:52.000Z",
    "html": "",
    "externalScripts": "/dep/echarts/map/js/china.js",
    "updaterUID": "bd-1946739848",
    "theme": "",
    "layout": "",
    "viewCount": 5752,
    "userName": "小***米",
    "commentCount": 0,
    "starCount": 8,
    "isStared": 0,
    "thumbnailURL": "https://www.makeapie.com/ecg-storage/ec_gallery_thumbnail/xHJtDmxzjb.png?v=1519625092617",
    "isCustomThumbnail": 0,
    "builtinTags": [
        "category-work",
        "markPoint",
        "series-map",
        "tooltip"
    ],
    "customTags": [],
    "updaterUserName": "onceseo"
}