{
    "cid": "xHk6VeSUjZ",
    "authorUid": "bd-1031056",
    "authorUserName": "小***米",
    "title": "数量",
    "description": "",
    "latestVersion": 1,
    "alwaysLatest": 1,
    "createTime": "2017-09-25T08:37:08.000Z",
    "lastUpdateTime": "2017-09-25T08:37:08.000Z",
    "auth": 1,
    "uid": "bd-1031056",
    "publishedVersion": 0,
    "forkFrom": "-",
    "isSpam": 0,
    "version": 1,
    "parentVersion": -1,
    "echartsVersion": "3.7.1",
    "versionCreateTime": "2017-09-25T08:37:08.000Z",
    "html": "",
    "externalScripts": "",
    "updaterUID": "bd-1031056",
    "theme": "",
    "layout": "",
    "viewCount": 354,
    "userName": "小***米",
    "commentCount": 0,
    "starCount": 2,
    "isStared": 0,
    "thumbnailURL": "https://www.makeapie.com/ecg-storage/ec_gallery_thumbnail/xHk6VeSUjZ.png?v=1506328628739",
    "isCustomThumbnail": 0,
    "builtinTags": [
        "category-work",
        "grid",
        "markLine",
        "series-bar",
        "title",
        "tooltip"
    ],
    "customTags": [],
    "updaterUserName": "小***米"
}