{
    "cid": "xHyByquDsZ",
    "authorUid": "bd-1245979803",
    "authorUserName": "d***t",
    "title": "深湛高铁线路",
    "description": "bmap",
    "latestVersion": 7,
    "alwaysLatest": 1,
    "createTime": "2017-09-26T06:55:25.000Z",
    "lastUpdateTime": "2017-09-26T06:55:25.000Z",
    "auth": 2,
    "uid": "bd-1245979803",
    "publishedVersion": 0,
    "forkFrom": "-",
    "isSpam": 0,
    "version": 7,
    "parentVersion": 6,
    "echartsVersion": "3.8.0",
    "versionCreateTime": "2019-01-21T01:52:04.000Z",
    "html": "",
    "externalScripts": "https://api.map.baidu.com/api?v=2.0&ak=CP0iNotqTseHqmfzLVyn7HIHbde300PL,/dep/echarts/latest/extension/bmap.min.js",
    "updaterUID": "bd-1245979803",
    "theme": "",
    "layout": "",
    "viewCount": 241,
    "userName": "d***t",
    "commentCount": 0,
    "starCount": 1,
    "isStared": 0,
    "thumbnailURL": "https://www.makeapie.com/ecg-storage/ec_gallery_thumbnail/xHyByquDsZ.undefined?v=",
    "isCustomThumbnail": 0,
    "builtinTags": [
        "category-work"
    ],
    "customTags": [],
    "updaterUserName": "d***t"
}