{
    "cid": "xHyL5_gEjW",
    "authorUid": "bd-167980271",
    "authorUserName": "liujaygood",
    "title": "map3d 地图轮询",
    "description": "轮询中国地图和世界地图",
    "latestVersion": 3,
    "alwaysLatest": 1,
    "createTime": "2017-09-23T15:06:54.000Z",
    "lastUpdateTime": "2017-09-24T02:55:57.000Z",
    "auth": 2,
    "uid": "bd-167980271",
    "publishedVersion": 0,
    "forkFrom": "-",
    "isSpam": 0,
    "version": 3,
    "parentVersion": 2,
    "echartsVersion": "3.7.1",
    "versionCreateTime": "2017-09-23T15:43:34.000Z",
    "html": "",
    "externalScripts": "http://echarts.baidu.com/resource/echarts-gl-latest/dist/echarts-gl.min.js,/dep/echarts/map/js/china.js,/dep/echarts/map/js/world.js",
    "updaterUID": "bd-167980271",
    "theme": "default",
    "layout": "",
    "viewCount": 344,
    "userName": "liujaygood",
    "commentCount": 1,
    "starCount": 1,
    "isStared": 0,
    "thumbnailURL": "https://www.makeapie.com/ecg-storage/ec_gallery_thumbnail/xHyL5_gEjW.png?v=1506181414955",
    "isCustomThumbnail": 0,
    "builtinTags": [
        "category-work",
        "series-map3D"
    ],
    "customTags": [],
    "updaterUserName": "liujaygood"
}