{
    "cid": "xHyQliV8ob",
    "authorUid": "bd-817150907",
    "authorUserName": "乐观的庞国庆",
    "title": "定时刷新双环图",
    "description": "",
    "latestVersion": 5,
    "alwaysLatest": 1,
    "createTime": "2017-09-25T08:14:35.000Z",
    "lastUpdateTime": "2017-09-25T08:14:35.000Z",
    "auth": 2,
    "uid": "bd-817150907",
    "publishedVersion": 0,
    "forkFrom": "-",
    "isSpam": 0,
    "version": 5,
    "parentVersion": 4,
    "echartsVersion": "3.7.1",
    "versionCreateTime": "2017-09-25T08:35:30.000Z",
    "html": "",
    "externalScripts": "",
    "updaterUID": "bd-817150907",
    "theme": "",
    "layout": "",
    "viewCount": 158,
    "userName": "乐观的庞国庆",
    "commentCount": 0,
    "starCount": 0,
    "isStared": 0,
    "thumbnailURL": "https://www.makeapie.com/ecg-storage/ec_gallery_thumbnail/xHyQliV8ob.png?v=1506328530469",
    "isCustomThumbnail": 0,
    "builtinTags": [
        "category-work",
        "legend",
        "series-pie",
        "tooltip"
    ],
    "customTags": [],
    "updaterUserName": "乐观的庞国庆"
}