{
    "cid": "xrJorze8jb",
    "authorUid": "bd-817150907",
    "authorUserName": "乐观的庞国庆",
    "title": "双环图",
    "description": "",
    "latestVersion": 1,
    "alwaysLatest": 1,
    "createTime": "2017-09-25T03:04:35.000Z",
    "lastUpdateTime": "2017-09-25T03:04:35.000Z",
    "auth": 2,
    "uid": "bd-817150907",
    "publishedVersion": 0,
    "forkFrom": "-",
    "isSpam": 0,
    "version": 1,
    "parentVersion": -1,
    "echartsVersion": "3.7.1",
    "versionCreateTime": "2017-09-25T03:04:35.000Z",
    "html": "",
    "externalScripts": "",
    "updaterUID": "bd-817150907",
    "theme": "",
    "layout": "",
    "viewCount": 103,
    "userName": "乐观的庞国庆",
    "commentCount": 0,
    "starCount": 0,
    "isStared": 0,
    "thumbnailURL": "https://www.makeapie.com/ecg-storage/ec_gallery_thumbnail/xrJorze8jb.png?v=1506308675225",
    "isCustomThumbnail": 0,
    "builtinTags": [
        "category-work",
        "legend",
        "series-pie",
        "tooltip"
    ],
    "customTags": [],
    "updaterUserName": "乐观的庞国庆"
}