{
    "cid": "xrkBDHVbj-",
    "authorUid": "bd-741667023",
    "authorUserName": "爱***月",
    "title": "自动播放排名",
    "description": "",
    "latestVersion": 4,
    "alwaysLatest": 1,
    "createTime": "2017-09-21T12:49:33.000Z",
    "lastUpdateTime": "2017-09-21T12:49:33.000Z",
    "auth": 2,
    "uid": "bd-741667023",
    "publishedVersion": 0,
    "forkFrom": "-",
    "isSpam": 0,
    "version": 4,
    "parentVersion": 3,
    "echartsVersion": "3.7.1",
    "versionCreateTime": "2017-09-22T02:23:36.000Z",
    "html": "",
    "externalScripts": "",
    "updaterUID": "bd-741667023",
    "theme": "",
    "layout": "",
    "viewCount": 2586,
    "userName": "爱***月",
    "commentCount": 1,
    "starCount": 10,
    "isStared": 0,
    "thumbnailURL": "https://www.makeapie.com/ecg-storage/ec_gallery_thumbnail/xrkBDHVbj-.png?v=1506047016717",
    "isCustomThumbnail": 0,
    "builtinTags": [
        "category-work",
        "grid",
        "legend",
        "series-bar",
        "timeline",
        "title",
        "tooltip"
    ],
    "customTags": [],
    "updaterUserName": "爱***月"
}