{
    "cid": "xrys42LwsZ",
    "authorUid": "bd-943030441",
    "authorUserName": "芈***N",
    "title": "普奥云信息科技有限公司",
    "description": "同时加两个手柄",
    "latestVersion": 5,
    "alwaysLatest": 1,
    "createTime": "2017-09-26T04:48:50.000Z",
    "lastUpdateTime": "2017-09-26T04:48:50.000Z",
    "auth": 2,
    "uid": "bd-943030441",
    "publishedVersion": 0,
    "forkFrom": "-",
    "isSpam": 0,
    "version": 5,
    "parentVersion": 4,
    "echartsVersion": "3.7.2",
    "versionCreateTime": "2017-09-30T06:24:48.000Z",
    "html": "",
    "externalScripts": "",
    "updaterUID": "bd-943030441",
    "theme": "",
    "layout": "",
    "viewCount": 369,
    "userName": "芈***N",
    "commentCount": 0,
    "starCount": 0,
    "isStared": 0,
    "thumbnailURL": "https://www.makeapie.com/ecg-storage/ec_gallery_thumbnail/xrys42LwsZ.png?v=1506401331062",
    "isCustomThumbnail": 1,
    "builtinTags": [
        "category-work",
        "dataZoom",
        "grid",
        "series-line",
        "title",
        "tooltip"
    ],
    "customTags": [
        "dataZoom",
        "handle"
    ],
    "updaterUserName": "芈***N"
}