{
    "cid": "xS13HiOfjW",
    "authorUid": "bd-3090559198",
    "authorUserName": "不得了了赶快跑",
    "title": "湿度",
    "description": "",
    "latestVersion": 1,
    "alwaysLatest": 1,
    "createTime": "2017-09-22T12:00:04.000Z",
    "lastUpdateTime": "2017-09-22T12:00:04.000Z",
    "auth": 1,
    "uid": "bd-3090559198",
    "publishedVersion": 0,
    "forkFrom": "-",
    "isSpam": 0,
    "version": 1,
    "parentVersion": -1,
    "echartsVersion": "3.7.1",
    "versionCreateTime": "2017-09-22T12:00:04.000Z",
    "html": "",
    "externalScripts": "",
    "updaterUID": "bd-3090559198",
    "theme": "",
    "layout": "",
    "viewCount": 110,
    "userName": "不得了了赶快跑",
    "commentCount": 0,
    "starCount": 0,
    "isStared": 0,
    "thumbnailURL": "https://www.makeapie.com/ecg-storage/ec_gallery_thumbnail/xS13HiOfjW.png?v=1506081604255",
    "isCustomThumbnail": 0,
    "builtinTags": [
        "category-work",
        "grid",
        "legend",
        "series-line",
        "title"
    ],
    "customTags": [],
    "updaterUserName": "不得了了赶快跑"
}