{
    "cid": "xS1FGHrLi-",
    "authorUid": "bd-3004706054",
    "authorUserName": "earlybirdme",
    "title": "bar",
    "description": "",
    "latestVersion": 1,
    "alwaysLatest": 1,
    "createTime": "2017-09-25T08:57:52.000Z",
    "lastUpdateTime": "2017-09-25T08:57:52.000Z",
    "auth": 2,
    "uid": "bd-3004706054",
    "publishedVersion": 0,
    "forkFrom": "-",
    "isSpam": 0,
    "version": 1,
    "parentVersion": -1,
    "echartsVersion": "3.7.1",
    "versionCreateTime": "2017-09-25T08:57:52.000Z",
    "html": "",
    "externalScripts": "",
    "updaterUID": "bd-3004706054",
    "theme": "",
    "layout": "",
    "viewCount": 220,
    "userName": "earlybirdme",
    "commentCount": 0,
    "starCount": 1,
    "isStared": 0,
    "thumbnailURL": "https://www.makeapie.com/ecg-storage/ec_gallery_thumbnail/xS1FGHrLi-.png?v=1506329872959",
    "isCustomThumbnail": 0,
    "builtinTags": [
        "category-work",
        "dataZoom",
        "grid",
        "legend",
        "markLine",
        "markPoint",
        "series-bar",
        "title",
        "toolbox",
        "tooltip"
    ],
    "customTags": [],
    "updaterUserName": "earlybirdme"
}