{
    "cid": "xS1VP8Y7sZ",
    "authorUid": "bd-2282699073",
    "authorUserName": "黯夜卿卿",
    "title": "Echarts饼图图例配合富文本",
    "description": "Echarts饼图图例配合富文本",
    "latestVersion": 2,
    "alwaysLatest": 1,
    "createTime": "2017-09-23T06:59:40.000Z",
    "lastUpdateTime": "2017-09-23T06:59:40.000Z",
    "auth": 2,
    "uid": "bd-2282699073",
    "publishedVersion": 0,
    "forkFrom": "-",
    "isSpam": 0,
    "version": 2,
    "parentVersion": 1,
    "echartsVersion": "3.7.1",
    "versionCreateTime": "2017-09-23T07:10:01.000Z",
    "html": "",
    "externalScripts": "",
    "updaterUID": "bd-2282699073",
    "theme": "",
    "layout": "",
    "viewCount": 289,
    "userName": "黯夜卿卿",
    "commentCount": 0,
    "starCount": 1,
    "isStared": 0,
    "thumbnailURL": "https://www.makeapie.com/ecg-storage/ec_gallery_thumbnail/xS1VP8Y7sZ.png?v=1506150601702",
    "isCustomThumbnail": 0,
    "builtinTags": [
        "category-work",
        "legend",
        "series-pie",
        "tooltip"
    ],
    "customTags": [],
    "updaterUserName": "黯夜卿卿"
}