{
    "cid": "xS1yTpCSiW",
    "authorUid": "bd-923519622",
    "authorUserName": "h***g",
    "title": "阳泉地图",
    "description": "数据来源百科",
    "latestVersion": 1,
    "alwaysLatest": 1,
    "createTime": "2017-09-25T01:36:55.000Z",
    "lastUpdateTime": "2017-09-25T01:36:55.000Z",
    "auth": 2,
    "uid": "bd-923519622",
    "publishedVersion": 0,
    "forkFrom": "-",
    "isSpam": 0,
    "version": 1,
    "parentVersion": -1,
    "echartsVersion": "3.7.1",
    "versionCreateTime": "2017-09-25T01:36:55.000Z",
    "html": "",
    "externalScripts": "",
    "updaterUID": "bd-923519622",
    "theme": "",
    "layout": "",
    "viewCount": 1140,
    "userName": "h***g",
    "commentCount": 4,
    "starCount": 2,
    "isStared": 0,
    "thumbnailURL": "https://www.makeapie.com/ecg-storage/ec_gallery_thumbnail/xS1yTpCSiW.png?v=1506303415238",
    "isCustomThumbnail": 0,
    "builtinTags": [
        "category-work",
        "geo",
        "series-effectScatter",
        "series-lines",
        "title"
    ],
    "customTags": [],
    "updaterUserName": "h***g"
}