{
    "cid": "x03v4u3TFi",
    "authorUid": "bd-607919393",
    "authorUserName": "日***首",
    "title": "利用markPoint做商场的人数随天气变化去曲线",
    "description": "天气折线图",
    "latestVersion": 1,
    "alwaysLatest": 1,
    "createTime": "2020-05-18T11:08:04.000Z",
    "lastUpdateTime": "2020-05-18T11:08:04.000Z",
    "auth": 2,
    "uid": "bd-607919393",
    "publishedVersion": 0,
    "forkFrom": "-",
    "isSpam": 0,
    "version": 1,
    "parentVersion": -1,
    "echartsVersion": "4.7.0",
    "versionCreateTime": "2020-05-18T11:08:04.000Z",
    "html": "",
    "externalScripts": "",
    "updaterUID": "bd-607919393",
    "theme": "",
    "layout": "",
    "viewCount": 219,
    "userName": "日***首",
    "commentCount": 0,
    "starCount": 1,
    "isStared": 0,
    "thumbnailURL": "https://www.makeapie.com/ecg-storage/ec_gallery_thumbnail/x03v4u3TFi.png?v=1589800084418",
    "isCustomThumbnail": 0,
    "builtinTags": [
        "category-work",
        "dataZoom",
        "grid",
        "markPoint",
        "series-line"
    ],
    "customTags": [],
    "updaterUserName": "日***首"
}