{
    "cid": "x1X5ZWcBza",
    "authorUid": "bd-127895190",
    "authorUserName": "C***N",
    "title": "流程图",
    "description": "测试流程图",
    "latestVersion": 4,
    "alwaysLatest": 1,
    "createTime": "2020-05-18T07:08:59.000Z",
    "lastUpdateTime": "2020-05-18T07:08:59.000Z",
    "auth": 1,
    "uid": "bd-127895190",
    "publishedVersion": 0,
    "forkFrom": "-",
    "isSpam": 0,
    "version": 4,
    "parentVersion": 3,
    "echartsVersion": "4.8.0",
    "versionCreateTime": "2020-09-09T03:47:17.000Z",
    "html": "",
    "externalScripts": "",
    "updaterUID": "bd-127895190",
    "theme": "",
    "layout": "",
    "viewCount": 3559,
    "userName": "C***N",
    "commentCount": 1,
    "starCount": 18,
    "isStared": 0,
    "thumbnailURL": "https://www.makeapie.com/ecg-storage/ec_gallery_thumbnail/x1X5ZWcBza.png?v=1599623237557",
    "isCustomThumbnail": 0,
    "builtinTags": [
        "category-work",
        "grid",
        "series-graph",
        "series-lines"
    ],
    "customTags": [],
    "updaterUserName": "C***N"
}