{
    "cid": "x9cN5E5BCZ",
    "authorUid": "obd-oMmVa32ZxvtoBZejEza6fYE0Aag5P26",
    "authorUserName": "a***8",
    "title": "111",
    "description": "",
    "latestVersion": 1,
    "alwaysLatest": 1,
    "createTime": "2020-05-19T03:46:21.000Z",
    "lastUpdateTime": "2020-05-19T03:46:21.000Z",
    "auth": 2,
    "uid": "obd-oMmVa32ZxvtoBZejEza6fYE0Aag5P26",
    "publishedVersion": 0,
    "forkFrom": "-",
    "isSpam": 0,
    "version": 1,
    "parentVersion": -1,
    "echartsVersion": "4.7.0",
    "versionCreateTime": "2020-05-19T03:46:21.000Z",
    "html": "",
    "externalScripts": "",
    "updaterUID": "obd-oMmVa32ZxvtoBZejEza6fYE0Aag5P26",
    "theme": "",
    "layout": "",
    "viewCount": 22,
    "userName": "a***8",
    "commentCount": 0,
    "starCount": 0,
    "isStared": 0,
    "thumbnailURL": "https://www.makeapie.com/ecg-storage/ec_gallery_thumbnail/x9cN5E5BCZ.png?v=1589859981223",
    "isCustomThumbnail": 0,
    "builtinTags": [
        "category-work",
        "grid",
        "series-line",
        "title"
    ],
    "customTags": [],
    "updaterUserName": "a***8"
}