{
    "cid": "x_INaHGsh6",
    "authorUid": "bd-1847551832",
    "authorUserName": "s***0",
    "title": "贝塞尔曲线算法演示",
    "description": "",
    "latestVersion": 5,
    "alwaysLatest": 1,
    "createTime": "2020-05-17T13:43:09.000Z",
    "lastUpdateTime": "2020-05-17T13:43:09.000Z",
    "auth": 2,
    "uid": "bd-1847551832",
    "publishedVersion": 0,
    "forkFrom": "-",
    "isSpam": 0,
    "version": 5,
    "parentVersion": 4,
    "echartsVersion": "4.7.0",
    "versionCreateTime": "2020-05-17T14:48:24.000Z",
    "html": "",
    "externalScripts": "",
    "updaterUID": "bd-1847551832",
    "theme": "",
    "layout": "",
    "viewCount": 99,
    "userName": "s***0",
    "commentCount": 0,
    "starCount": 0,
    "isStared": 0,
    "thumbnailURL": "https://www.makeapie.com/ecg-storage/ec_gallery_thumbnail/x_INaHGsh6.png?v=1589726904797",
    "isCustomThumbnail": 0,
    "builtinTags": [
        "category-work",
        "dataZoom",
        "graphic",
        "grid",
        "series-line",
        "title",
        "tooltip"
    ],
    "customTags": [],
    "updaterUserName": "s***0"
}