{
    "cid": "xCDA8hm_et",
    "authorUid": "bd-374573742",
    "authorUserName": "歇***L",
    "title": "市场活动1",
    "description": "",
    "latestVersion": 1,
    "alwaysLatest": 1,
    "createTime": "2020-05-19T03:01:31.000Z",
    "lastUpdateTime": "2020-05-19T03:01:31.000Z",
    "auth": 2,
    "uid": "bd-374573742",
    "publishedVersion": 0,
    "forkFrom": "-",
    "isSpam": 0,
    "version": 1,
    "parentVersion": -1,
    "echartsVersion": "4.7.0",
    "versionCreateTime": "2020-05-19T03:01:31.000Z",
    "html": "",
    "externalScripts": "",
    "updaterUID": "bd-374573742",
    "theme": "",
    "layout": "",
    "viewCount": 111,
    "userName": "歇***L",
    "commentCount": 0,
    "starCount": 0,
    "isStared": 0,
    "thumbnailURL": "https://www.makeapie.com/ecg-storage/ec_gallery_thumbnail/xCDA8hm_et.png?v=1589857291114",
    "isCustomThumbnail": 0,
    "builtinTags": [
        "category-work",
        "grid",
        "legend",
        "series-bar",
        "series-line",
        "tooltip"
    ],
    "customTags": [],
    "updaterUserName": "歇***L"
}