{
    "cid": "xpYp1idFIS",
    "authorUid": "bd-1847551832",
    "authorUserName": "s***0",
    "title": "基本曲线方程",
    "description": "",
    "latestVersion": 7,
    "alwaysLatest": 1,
    "createTime": "2020-05-17T09:40:58.000Z",
    "lastUpdateTime": "2020-05-17T09:40:58.000Z",
    "auth": 2,
    "uid": "bd-1847551832",
    "publishedVersion": 0,
    "forkFrom": "-",
    "isSpam": 0,
    "version": 7,
    "parentVersion": 6,
    "echartsVersion": "4.7.0",
    "versionCreateTime": "2020-05-17T11:08:58.000Z",
    "html": "",
    "externalScripts": "",
    "updaterUID": "bd-1847551832",
    "theme": "",
    "layout": "",
    "viewCount": 86,
    "userName": "s***0",
    "commentCount": 0,
    "starCount": 2,
    "isStared": 0,
    "thumbnailURL": "https://www.makeapie.com/ecg-storage/ec_gallery_thumbnail/xpYp1idFIS.png?v=1589713738972",
    "isCustomThumbnail": 0,
    "builtinTags": [
        "category-work",
        "grid",
        "series-line",
        "title"
    ],
    "customTags": [],
    "updaterUserName": "s***0"
}