{
    "cid": "xqA_HezNdu",
    "authorUid": "obd-o2IublgXco--mcbNkHbUJCSz5li35Bx",
    "authorUserName": "H***3",
    "title": "北京热点图",
    "description": "",
    "latestVersion": 2,
    "alwaysLatest": 1,
    "createTime": "2020-05-17T12:32:17.000Z",
    "lastUpdateTime": "2020-05-17T12:32:17.000Z",
    "auth": 2,
    "uid": "obd-o2IublgXco--mcbNkHbUJCSz5li35Bx",
    "publishedVersion": 0,
    "forkFrom": "-",
    "isSpam": 0,
    "version": 2,
    "parentVersion": 1,
    "echartsVersion": "4.7.0",
    "versionCreateTime": "2020-05-17T12:33:09.000Z",
    "html": "",
    "externalScripts": "",
    "updaterUID": "obd-o2IublgXco--mcbNkHbUJCSz5li35Bx",
    "theme": "",
    "layout": "",
    "viewCount": 1436,
    "userName": "H***3",
    "commentCount": 0,
    "starCount": 5,
    "isStared": 0,
    "thumbnailURL": "https://www.makeapie.com/ecg-storage/ec_gallery_thumbnail/xqA_HezNdu.png?v=1589718789591",
    "isCustomThumbnail": 0,
    "builtinTags": [
        "category-work",
        "geo",
        "series-heatmap",
        "tooltip",
        "visualMap"
    ],
    "customTags": [],
    "updaterUserName": "H***3"
}