{
    "cid": "xRcXpBWywe",
    "authorUid": "obd-oj4Pm5WNsVx_Zy7zmbTJgmXI8rxwNDV",
    "authorUserName": "F***r",
    "title": "郴州",
    "description": "",
    "latestVersion": 2,
    "alwaysLatest": 1,
    "createTime": "2020-05-18T09:39:02.000Z",
    "lastUpdateTime": "2020-05-18T10:25:50.000Z",
    "auth": 2,
    "uid": "obd-oj4Pm5WNsVx_Zy7zmbTJgmXI8rxwNDV",
    "publishedVersion": 0,
    "forkFrom": "-",
    "isSpam": 0,
    "version": 2,
    "parentVersion": 1,
    "echartsVersion": "4.7.0",
    "versionCreateTime": "2020-05-18T10:25:49.000Z",
    "html": "",
    "externalScripts": "",
    "updaterUID": "obd-oj4Pm5WNsVx_Zy7zmbTJgmXI8rxwNDV",
    "theme": "default",
    "layout": "",
    "viewCount": 43,
    "userName": "F***r",
    "commentCount": 0,
    "starCount": 0,
    "isStared": 0,
    "thumbnailURL": "https://www.makeapie.com/ecg-storage/ec_gallery_thumbnail/xRcXpBWywe.png?v=1589797549622",
    "isCustomThumbnail": 0,
    "builtinTags": [],
    "customTags": [],
    "updaterUserName": "F***r"
}