{
    "cid": "xXIn_sX5XK",
    "authorUid": "bd-4065151397",
    "authorUserName": "李***我",
    "title": "水位",
    "description": "",
    "latestVersion": 4,
    "alwaysLatest": 1,
    "createTime": "2020-05-19T06:42:04.000Z",
    "lastUpdateTime": "2020-05-19T06:42:04.000Z",
    "auth": 2,
    "uid": "bd-4065151397",
    "publishedVersion": 0,
    "forkFrom": "-",
    "isSpam": 0,
    "version": 4,
    "parentVersion": 3,
    "echartsVersion": "4.8.0",
    "versionCreateTime": "2020-06-13T03:34:52.000Z",
    "html": "",
    "externalScripts": "",
    "updaterUID": "bd-4065151397",
    "theme": "",
    "layout": "",
    "viewCount": 61,
    "userName": "李***我",
    "commentCount": 0,
    "starCount": 0,
    "isStared": 0,
    "thumbnailURL": "https://www.makeapie.com/ecg-storage/ec_gallery_thumbnail/xXIn_sX5XK.png?v=1592019292590",
    "isCustomThumbnail": 0,
    "builtinTags": [
        "category-work",
        "grid",
        "series-line",
        "title"
    ],
    "customTags": [],
    "updaterUserName": "李***我"
}