{
    "cid": "xyYG_P53Bj",
    "authorUid": "obd-oNSDCqu42JEySyKzZOfcy6UjgFt5dCi",
    "authorUserName": "逆***h",
    "title": "票面库存统计",
    "description": "单位：万元",
    "latestVersion": 1,
    "alwaysLatest": 1,
    "createTime": "2020-05-18T07:28:56.000Z",
    "lastUpdateTime": "2020-05-18T07:28:56.000Z",
    "auth": 2,
    "uid": "obd-oNSDCqu42JEySyKzZOfcy6UjgFt5dCi",
    "publishedVersion": 0,
    "forkFrom": "-",
    "isSpam": 0,
    "version": 1,
    "parentVersion": -1,
    "echartsVersion": "4.7.0",
    "versionCreateTime": "2020-05-18T07:28:56.000Z",
    "html": "",
    "externalScripts": "",
    "updaterUID": "obd-oNSDCqu42JEySyKzZOfcy6UjgFt5dCi",
    "theme": "",
    "layout": "",
    "viewCount": 67,
    "userName": "逆***h",
    "commentCount": 0,
    "starCount": 0,
    "isStared": 0,
    "thumbnailURL": "https://www.makeapie.com/ecg-storage/ec_gallery_thumbnail/xyYG_P53Bj.png?v=1589786936514",
    "isCustomThumbnail": 0,
    "builtinTags": [
        "category-work",
        "dataset",
        "grid",
        "legend",
        "series-line",
        "series-pie",
        "title",
        "tooltip"
    ],
    "customTags": [],
    "updaterUserName": "逆***h"
}