{
    "cid": "x5-E1dyUvf",
    "authorUid": "bd-3769424993",
    "authorUserName": "w***啊",
    "title": "小明期末成绩单",
    "description": "纯属虚构o(*￣︶￣*)o",
    "latestVersion": 2,
    "alwaysLatest": 1,
    "createTime": "2019-03-12T09:12:41.000Z",
    "lastUpdateTime": "2019-03-12T09:12:41.000Z",
    "auth": 2,
    "uid": "bd-3769424993",
    "publishedVersion": 0,
    "forkFrom": "-",
    "isSpam": 0,
    "version": 2,
    "parentVersion": 1,
    "echartsVersion": "4.2.1",
    "versionCreateTime": "2019-03-13T01:56:16.000Z",
    "html": "",
    "externalScripts": "",
    "updaterUID": "bd-3769424993",
    "theme": "",
    "layout": "",
    "viewCount": 1849,
    "userName": "w***啊",
    "commentCount": 1,
    "starCount": 6,
    "isStared": 0,
    "thumbnailURL": "https://www.makeapie.com/ecg-storage/ec_gallery_thumbnail/x5-E1dyUvf.png?v=1552442176214",
    "isCustomThumbnail": 0,
    "builtinTags": [
        "category-work",
        "grid",
        "markLine",
        "series-bar",
        "title"
    ],
    "customTags": [],
    "updaterUserName": "w***啊"
}