{
    "cid": "xC6x6h22OS",
    "authorUid": "bd-2047937886",
    "authorUserName": "公***矣",
    "title": "浙江平台",
    "description": "浙江GEO",
    "latestVersion": 1,
    "alwaysLatest": 1,
    "createTime": "2019-03-11T13:23:07.000Z",
    "lastUpdateTime": "2019-03-11T13:23:07.000Z",
    "auth": 2,
    "uid": "bd-2047937886",
    "publishedVersion": 0,
    "forkFrom": "-",
    "isSpam": 0,
    "version": 1,
    "parentVersion": -1,
    "echartsVersion": "4.2.1",
    "versionCreateTime": "2019-03-11T13:23:07.000Z",
    "html": "",
    "externalScripts": "",
    "updaterUID": "bd-2047937886",
    "theme": "",
    "layout": "",
    "viewCount": 367,
    "userName": "公***矣",
    "commentCount": 0,
    "starCount": 1,
    "isStared": 0,
    "thumbnailURL": "https://www.makeapie.com/ecg-storage/ec_gallery_thumbnail/xC6x6h22OS.png?v=1552310588148",
    "isCustomThumbnail": 0,
    "builtinTags": [
        "category-work",
        "geo",
        "graphic",
        "series-effectScatter",
        "title"
    ],
    "customTags": [],
    "updaterUserName": "公***矣"
}