{
    "cid": "xDV-f9sO8Z",
    "authorUid": "bd-4061446379",
    "authorUserName": "A***9",
    "title": "category+time类型坐标轴",
    "description": "xAxis:{type:category}\nyAxis:{type:time}",
    "latestVersion": 1,
    "alwaysLatest": 1,
    "createTime": "2019-03-12T02:26:43.000Z",
    "lastUpdateTime": "2019-03-12T02:26:43.000Z",
    "auth": 1,
    "uid": "bd-4061446379",
    "publishedVersion": 0,
    "forkFrom": "-",
    "isSpam": 0,
    "version": 1,
    "parentVersion": -1,
    "echartsVersion": "4.2.1",
    "versionCreateTime": "2019-03-12T02:26:43.000Z",
    "html": "",
    "externalScripts": "",
    "updaterUID": "bd-4061446379",
    "theme": "",
    "layout": "",
    "viewCount": 386,
    "userName": "A***9",
    "commentCount": 1,
    "starCount": 1,
    "isStared": 0,
    "thumbnailURL": "https://www.makeapie.com/ecg-storage/ec_gallery_thumbnail/xDV-f9sO8Z.png?v=1552357603842",
    "isCustomThumbnail": 0,
    "builtinTags": [
        "category-work",
        "grid",
        "series-line",
        "tooltip"
    ],
    "customTags": [
        "time"
    ],
    "updaterUserName": "A***9"
}