{
    "cid": "xeA7tCofoY",
    "authorUid": "bd-3594932657",
    "authorUserName": "E***g",
    "title": "个人",
    "description": "",
    "latestVersion": 1,
    "alwaysLatest": 1,
    "createTime": "2019-03-13T01:43:23.000Z",
    "lastUpdateTime": "2019-03-13T01:43:23.000Z",
    "auth": 2,
    "uid": "bd-3594932657",
    "publishedVersion": 0,
    "forkFrom": "-",
    "isSpam": 0,
    "version": 1,
    "parentVersion": -1,
    "echartsVersion": "4.2.1",
    "versionCreateTime": "2019-03-13T01:43:23.000Z",
    "html": "",
    "externalScripts": "https://echarts.baidu.com/resource/echarts-gl-latest/dist/echarts-gl.min.js,/dep/echarts/latest/extension/bmap.min.js,https://cdn.rawgit.com/ecomfe/echarts-wordcloud/833ed011/dist/echarts-wordcloud.min.js,https://echarts.baidu.com/resource/echarts-liquidfill-latest/dist/echarts-liquidfill.min.js,/dep/echarts/map/js/china.js,/dep/echarts/map/js/world.js",
    "updaterUID": "bd-3594932657",
    "theme": "shine",
    "layout": "",
    "viewCount": 93,
    "userName": "E***g",
    "commentCount": 0,
    "starCount": 2,
    "isStared": 0,
    "thumbnailURL": "https://www.makeapie.com/ecg-storage/ec_gallery_thumbnail/xeA7tCofoY.png?v=1552441403967",
    "isCustomThumbnail": 0,
    "builtinTags": [
        "category-work",
        "grid",
        "series-bar",
        "tooltip"
    ],
    "customTags": [],
    "updaterUserName": "E***g"
}