{
    "cid": "xEGC3MI4bR",
    "authorUid": "bd-135386625",
    "authorUserName": "橙***料",
    "title": "多仪表盘",
    "description": "",
    "latestVersion": 1,
    "alwaysLatest": 1,
    "createTime": "2019-03-14T06:47:18.000Z",
    "lastUpdateTime": "2019-03-14T06:47:18.000Z",
    "auth": 2,
    "uid": "bd-135386625",
    "publishedVersion": 0,
    "forkFrom": "-",
    "isSpam": 0,
    "version": 1,
    "parentVersion": -1,
    "echartsVersion": "4.2.1",
    "versionCreateTime": "2019-03-14T06:47:18.000Z",
    "html": "",
    "externalScripts": "",
    "updaterUID": "bd-135386625",
    "theme": "",
    "layout": "",
    "viewCount": 697,
    "userName": "橙***料",
    "commentCount": 0,
    "starCount": 2,
    "isStared": 0,
    "thumbnailURL": "https://www.makeapie.com/ecg-storage/ec_gallery_thumbnail/xEGC3MI4bR.png?v=1552546038384",
    "isCustomThumbnail": 0,
    "builtinTags": [
        "category-work",
        "series-gauge",
        "toolbox",
        "tooltip"
    ],
    "customTags": [],
    "updaterUserName": "橙***料"
}