{
    "cid": "xF_LFmKGb8",
    "authorUid": "bd-1714647944",
    "authorUserName": "Art3mis_1",
    "title": "23333",
    "description": "11",
    "latestVersion": 1,
    "alwaysLatest": 1,
    "createTime": "2019-03-10T13:26:36.000Z",
    "lastUpdateTime": "2019-03-10T13:26:36.000Z",
    "auth": 2,
    "uid": "bd-1714647944",
    "publishedVersion": 0,
    "forkFrom": "-",
    "isSpam": 0,
    "version": 1,
    "parentVersion": -1,
    "echartsVersion": "4.2.1",
    "versionCreateTime": "2019-03-10T13:26:36.000Z",
    "html": "",
    "externalScripts": "",
    "updaterUID": "bd-1714647944",
    "theme": "",
    "layout": "",
    "viewCount": 38,
    "userName": "Art3mis_1",
    "commentCount": 0,
    "starCount": 0,
    "isStared": 0,
    "thumbnailURL": "https://www.makeapie.com/ecg-storage/ec_gallery_thumbnail/xF_LFmKGb8.png?v=1552224396138",
    "isCustomThumbnail": 0,
    "builtinTags": [
        "category-work",
        "grid",
        "series-line",
        "title"
    ],
    "customTags": [
        "a23"
    ],
    "updaterUserName": "Art3mis_1"
}