{
    "cid": "xholHjszMo",
    "authorUid": "bd-1828767492",
    "authorUserName": "t***q",
    "title": "心电图",
    "description": "",
    "latestVersion": 1,
    "alwaysLatest": 1,
    "createTime": "2019-03-09T02:07:38.000Z",
    "lastUpdateTime": "2019-03-09T02:07:38.000Z",
    "auth": 2,
    "uid": "bd-1828767492",
    "publishedVersion": 0,
    "forkFrom": "-",
    "isSpam": 0,
    "version": 1,
    "parentVersion": -1,
    "echartsVersion": "4.2.1",
    "versionCreateTime": "2019-03-09T02:07:38.000Z",
    "html": "",
    "externalScripts": "",
    "updaterUID": "bd-1828767492",
    "theme": "",
    "layout": "",
    "viewCount": 119,
    "userName": "t***q",
    "commentCount": 0,
    "starCount": 0,
    "isStared": 0,
    "thumbnailURL": "https://www.makeapie.com/ecg-storage/ec_gallery_thumbnail/xholHjszMo.png?v=1552097258646",
    "isCustomThumbnail": 0,
    "builtinTags": [
        "category-work",
        "grid",
        "series-line",
        "tooltip"
    ],
    "customTags": [],
    "updaterUserName": "t***q"
}