{
    "cid": "xjICCVirrf",
    "authorUid": "bd-168489742",
    "authorUserName": "w***5",
    "title": "1",
    "description": "1",
    "latestVersion": 1,
    "alwaysLatest": 1,
    "createTime": "2019-03-12T08:05:08.000Z",
    "lastUpdateTime": "2019-03-12T08:05:08.000Z",
    "auth": 2,
    "uid": "bd-168489742",
    "publishedVersion": 0,
    "forkFrom": "-",
    "isSpam": 0,
    "version": 1,
    "parentVersion": -1,
    "echartsVersion": "4.2.1",
    "versionCreateTime": "2019-03-12T08:05:08.000Z",
    "html": "",
    "externalScripts": "",
    "updaterUID": "bd-168489742",
    "theme": "",
    "layout": "",
    "viewCount": 20,
    "userName": "w***5",
    "commentCount": 0,
    "starCount": 0,
    "isStared": 0,
    "thumbnailURL": "https://www.makeapie.com/ecg-storage/ec_gallery_thumbnail/xjICCVirrf.png?v=1552377908336",
    "isCustomThumbnail": 0,
    "builtinTags": [
        "category-work",
        "legend",
        "series-pie",
        "tooltip"
    ],
    "customTags": [],
    "updaterUserName": "w***5"
}