{
    "cid": "xJT-rJt83w",
    "authorUid": "bd-442035385",
    "authorUserName": "小***了",
    "title": "写一篇文献综述的工作量",
    "description": "",
    "latestVersion": 1,
    "alwaysLatest": 1,
    "createTime": "2019-03-12T17:28:23.000Z",
    "lastUpdateTime": "2019-03-12T17:28:23.000Z",
    "auth": 2,
    "uid": "bd-442035385",
    "publishedVersion": 0,
    "forkFrom": "-",
    "isSpam": 0,
    "version": 1,
    "parentVersion": -1,
    "echartsVersion": "4.2.1",
    "versionCreateTime": "2019-03-12T17:28:23.000Z",
    "html": "",
    "externalScripts": "",
    "updaterUID": "bd-442035385",
    "theme": "",
    "layout": "",
    "viewCount": 259,
    "userName": "小***了",
    "commentCount": 0,
    "starCount": 0,
    "isStared": 0,
    "thumbnailURL": "https://www.makeapie.com/ecg-storage/ec_gallery_thumbnail/xJT-rJt83w.png?v=1552411703308",
    "isCustomThumbnail": 0,
    "builtinTags": [
        "category-work",
        "series-tree",
        "toolbox",
        "tooltip"
    ],
    "customTags": [],
    "updaterUserName": "小***了"
}