{
    "cid": "xmz9dH8W8-",
    "authorUid": "bd-1460395036",
    "authorUserName": "阿***美",
    "title": "仪表盘表示占比",
    "description": "",
    "latestVersion": 1,
    "alwaysLatest": 1,
    "createTime": "2019-03-12T07:15:15.000Z",
    "lastUpdateTime": "2019-03-12T07:15:15.000Z",
    "auth": 2,
    "uid": "bd-1460395036",
    "publishedVersion": 0,
    "forkFrom": "-",
    "isSpam": 0,
    "version": 1,
    "parentVersion": -1,
    "echartsVersion": "4.2.1",
    "versionCreateTime": "2019-03-12T07:15:15.000Z",
    "html": "",
    "externalScripts": "",
    "updaterUID": "bd-1460395036",
    "theme": "",
    "layout": "",
    "viewCount": 745,
    "userName": "阿***美",
    "commentCount": 0,
    "starCount": 2,
    "isStared": 0,
    "thumbnailURL": "https://www.makeapie.com/ecg-storage/ec_gallery_thumbnail/xmz9dH8W8-.png?v=1552374915470",
    "isCustomThumbnail": 0,
    "builtinTags": [
        "category-work",
        "series-gauge"
    ],
    "customTags": [],
    "updaterUserName": "阿***美"
}