{
    "cid": "xNrTFiv7r5",
    "authorUid": "bd-508094647",
    "authorUserName": "y***n",
    "title": "柱状图",
    "description": "坐标轴为文字的柱状图",
    "latestVersion": 1,
    "alwaysLatest": 1,
    "createTime": "2019-03-12T11:05:28.000Z",
    "lastUpdateTime": "2019-03-12T11:05:28.000Z",
    "auth": 2,
    "uid": "bd-508094647",
    "publishedVersion": 0,
    "forkFrom": "-",
    "isSpam": 0,
    "version": 1,
    "parentVersion": -1,
    "echartsVersion": "4.2.1",
    "versionCreateTime": "2019-03-12T11:05:28.000Z",
    "html": "",
    "externalScripts": "",
    "updaterUID": "bd-508094647",
    "theme": "",
    "layout": "",
    "viewCount": 29,
    "userName": "y***n",
    "commentCount": 0,
    "starCount": 0,
    "isStared": 0,
    "thumbnailURL": "https://www.makeapie.com/ecg-storage/ec_gallery_thumbnail/xNrTFiv7r5.png?v=1552388728492",
    "isCustomThumbnail": 0,
    "builtinTags": [
        "category-work",
        "grid",
        "series-bar"
    ],
    "customTags": [],
    "updaterUserName": "y***n"
}