{
    "cid": "xNrzsbAkVW",
    "authorUid": "bd-2013481626",
    "authorUserName": "じ***ゞ",
    "title": "柱状图+折线图",
    "description": "",
    "latestVersion": 2,
    "alwaysLatest": 1,
    "createTime": "2019-03-12T01:01:03.000Z",
    "lastUpdateTime": "2019-03-12T01:01:03.000Z",
    "auth": 2,
    "uid": "bd-2013481626",
    "publishedVersion": 0,
    "forkFrom": "-",
    "isSpam": 0,
    "version": 2,
    "parentVersion": 1,
    "echartsVersion": "4.2.1",
    "versionCreateTime": "2019-03-18T07:26:34.000Z",
    "html": "",
    "externalScripts": "",
    "updaterUID": "bd-2013481626",
    "theme": "",
    "layout": "",
    "viewCount": 90,
    "userName": "じ***ゞ",
    "commentCount": 0,
    "starCount": 2,
    "isStared": 0,
    "thumbnailURL": "https://www.makeapie.com/ecg-storage/ec_gallery_thumbnail/xNrzsbAkVW.png?v=1552893994370",
    "isCustomThumbnail": 0,
    "builtinTags": [
        "category-work",
        "grid",
        "legend",
        "series-bar",
        "series-line",
        "title",
        "toolbox",
        "tooltip"
    ],
    "customTags": [],
    "updaterUserName": "じ***ゞ"
}