{
    "cid": "xQDTVgEcjL",
    "authorUid": "bd-4061446379",
    "authorUserName": "A***9",
    "title": "让tooltip始终显示在最高的柱子顶端",
    "description": "让tooltip始终显示在最高的柱子顶端",
    "latestVersion": 2,
    "alwaysLatest": 1,
    "createTime": "2019-03-13T03:11:32.000Z",
    "lastUpdateTime": "2019-03-13T03:11:32.000Z",
    "auth": 2,
    "uid": "bd-4061446379",
    "publishedVersion": 0,
    "forkFrom": "-",
    "isSpam": 0,
    "version": 2,
    "parentVersion": 1,
    "echartsVersion": "4.2.1",
    "versionCreateTime": "2019-03-13T03:12:48.000Z",
    "html": "",
    "externalScripts": "",
    "updaterUID": "bd-4061446379",
    "theme": "",
    "layout": "",
    "viewCount": 53,
    "userName": "A***9",
    "commentCount": 0,
    "starCount": 0,
    "isStared": 0,
    "thumbnailURL": "https://www.makeapie.com/ecg-storage/ec_gallery_thumbnail/xQDTVgEcjL.png?v=1552446768180",
    "isCustomThumbnail": 0,
    "builtinTags": [
        "category-work",
        "dataset",
        "grid",
        "legend",
        "series-bar",
        "tooltip"
    ],
    "customTags": [
        "position"
    ],
    "updaterUserName": "A***9"
}