{
    "cid": "xRnE4YTnO6",
    "authorUid": "bd-2087717542",
    "authorUserName": "c***9",
    "title": "球形+effect",
    "description": "分层第一步",
    "latestVersion": 1,
    "alwaysLatest": 1,
    "createTime": "2019-03-10T05:36:57.000Z",
    "lastUpdateTime": "2019-05-12T05:42:13.000Z",
    "auth": 2,
    "uid": "bd-2087717542",
    "publishedVersion": 0,
    "forkFrom": "-",
    "isSpam": 0,
    "version": 1,
    "parentVersion": -1,
    "echartsVersion": "4.2.1",
    "versionCreateTime": "2019-03-10T05:36:57.000Z",
    "html": "",
    "externalScripts": "",
    "updaterUID": "bd-2087717542",
    "theme": "vintage",
    "layout": "",
    "viewCount": 706,
    "userName": "c***9",
    "commentCount": 0,
    "starCount": 4,
    "isStared": 0,
    "thumbnailURL": "https://www.makeapie.com/ecg-storage/ec_gallery_thumbnail/xRnE4YTnO6.png?v=1552196217780",
    "isCustomThumbnail": 0,
    "builtinTags": [],
    "customTags": [],
    "updaterUserName": "c***9"
}