{
    "cid": "xV0BoZaSia",
    "authorUid": "bd-2825237810",
    "authorUserName": "红***衩",
    "title": "金隅节点图",
    "description": "",
    "latestVersion": 3,
    "alwaysLatest": 1,
    "createTime": "2019-03-13T05:23:07.000Z",
    "lastUpdateTime": "2019-03-13T05:23:07.000Z",
    "auth": 2,
    "uid": "bd-2825237810",
    "publishedVersion": 0,
    "forkFrom": "-",
    "isSpam": 0,
    "version": 3,
    "parentVersion": 2,
    "echartsVersion": "4.2.1",
    "versionCreateTime": "2019-03-14T04:42:10.000Z",
    "html": "",
    "externalScripts": "",
    "updaterUID": "bd-2825237810",
    "theme": "",
    "layout": "",
    "viewCount": 31,
    "userName": "红***衩",
    "commentCount": 0,
    "starCount": 0,
    "isStared": 0,
    "thumbnailURL": "https://www.makeapie.com/ecg-storage/ec_gallery_thumbnail/xV0BoZaSia.png?v=1552454588007",
    "isCustomThumbnail": 1,
    "builtinTags": [
        "category-work",
        "dataset",
        "series-custom"
    ],
    "customTags": [],
    "updaterUserName": "红***衩"
}