{
    "cid": "xxGBIeQD_w",
    "authorUid": "bd-3951734745",
    "authorUserName": "花***4",
    "title": "摘抄",
    "description": "立体柱状图",
    "latestVersion": 1,
    "alwaysLatest": 1,
    "createTime": "2019-03-11T06:24:36.000Z",
    "lastUpdateTime": "2019-03-11T06:24:36.000Z",
    "auth": 2,
    "uid": "bd-3951734745",
    "publishedVersion": 0,
    "forkFrom": "-",
    "isSpam": 0,
    "version": 1,
    "parentVersion": -1,
    "echartsVersion": "4.2.1",
    "versionCreateTime": "2019-03-11T06:24:36.000Z",
    "html": "",
    "externalScripts": "",
    "updaterUID": "bd-3951734745",
    "theme": "",
    "layout": "",
    "viewCount": 3121,
    "userName": "花***4",
    "commentCount": 0,
    "starCount": 9,
    "isStared": 0,
    "thumbnailURL": "https://www.makeapie.com/ecg-storage/ec_gallery_thumbnail/xxGBIeQD_w.png?v=1552285476430",
    "isCustomThumbnail": 0,
    "builtinTags": [
        "category-work",
        "grid",
        "series-bar",
        "series-pictorialBar",
        "tooltip"
    ],
    "customTags": [],
    "updaterUserName": "花***4"
}