{
    "cid": "x-LmDHzuYl",
    "authorUid": "obd-olLl3QT7xUpjPH3c_zljOiS3V4A3x0T",
    "authorUserName": "L***i",
    "title": "账龄占比",
    "description": "简单饼图",
    "latestVersion": 1,
    "alwaysLatest": 1,
    "createTime": "2020-12-02T08:26:10.000Z",
    "lastUpdateTime": "2020-12-02T08:26:10.000Z",
    "auth": 2,
    "uid": "obd-olLl3QT7xUpjPH3c_zljOiS3V4A3x0T",
    "publishedVersion": 0,
    "forkFrom": "-",
    "isSpam": 0,
    "version": 1,
    "parentVersion": -1,
    "echartsVersion": "4.8.0",
    "versionCreateTime": "2020-12-02T08:26:10.000Z",
    "html": "",
    "externalScripts": "",
    "updaterUID": "obd-olLl3QT7xUpjPH3c_zljOiS3V4A3x0T",
    "theme": "",
    "layout": "",
    "viewCount": 45,
    "userName": "L***i",
    "commentCount": 0,
    "starCount": 0,
    "isStared": 0,
    "thumbnailURL": "https://www.makeapie.com/ecg-storage/ec_gallery_thumbnail/x-LmDHzuYl.png?v=1606897570703",
    "isCustomThumbnail": 0,
    "builtinTags": [
        "category-work",
        "legend",
        "series-pie",
        "title",
        "tooltip"
    ],
    "customTags": [],
    "updaterUserName": "L***i"
}