{
    "cid": "x4d5CxTS9l",
    "authorUid": "bd-1680604854",
    "authorUserName": "雾***鹿",
    "title": "简单曲线图",
    "description": "",
    "latestVersion": 1,
    "alwaysLatest": 1,
    "createTime": "2020-12-01T14:08:49.000Z",
    "lastUpdateTime": "2020-12-01T14:08:49.000Z",
    "auth": 2,
    "uid": "bd-1680604854",
    "publishedVersion": 0,
    "forkFrom": "-",
    "isSpam": 0,
    "version": 1,
    "parentVersion": -1,
    "echartsVersion": "4.8.0",
    "versionCreateTime": "2020-12-01T14:08:49.000Z",
    "html": "",
    "externalScripts": "",
    "updaterUID": "bd-1680604854",
    "theme": "",
    "layout": "",
    "viewCount": 51,
    "userName": "雾***鹿",
    "commentCount": 0,
    "starCount": 0,
    "isStared": 0,
    "thumbnailURL": "https://www.makeapie.com/ecg-storage/ec_gallery_thumbnail/x4d5CxTS9l.png?v=1606831729966",
    "isCustomThumbnail": 0,
    "builtinTags": [
        "category-work",
        "grid",
        "legend",
        "series-line",
        "tooltip"
    ],
    "customTags": [],
    "updaterUserName": "雾***鹿"
}