{
    "cid": "x6xEMsQniO",
    "authorUid": "obd-oDzQwU50Iea8GggcWyKqn5pyq56VK12",
    "authorUserName": "卧***竹",
    "title": "",
    "description": "",
    "latestVersion": 1,
    "alwaysLatest": 1,
    "createTime": "2020-12-01T07:05:28.000Z",
    "lastUpdateTime": "2020-12-01T07:05:28.000Z",
    "auth": 2,
    "uid": "obd-oDzQwU50Iea8GggcWyKqn5pyq56VK12",
    "publishedVersion": 0,
    "forkFrom": "-",
    "isSpam": 0,
    "version": 1,
    "parentVersion": -1,
    "echartsVersion": "4.8.0",
    "versionCreateTime": "2020-12-01T07:05:28.000Z",
    "html": "",
    "externalScripts": "",
    "updaterUID": "obd-oDzQwU50Iea8GggcWyKqn5pyq56VK12",
    "theme": "",
    "layout": "",
    "viewCount": 10,
    "userName": "卧***竹",
    "commentCount": 0,
    "starCount": 0,
    "isStared": 0,
    "thumbnailURL": "https://www.makeapie.com/ecg-storage/ec_gallery_thumbnail/x6xEMsQniO.png?v=1606806328988",
    "isCustomThumbnail": 0,
    "builtinTags": [
        "category-work"
    ],
    "customTags": [],
    "updaterUserName": "卧***竹"
}