{
    "cid": "x8MBrV6ofm",
    "authorUid": "obd-olRli-x7XCduYZxsmJ9fQSRbj9Uuu0c",
    "authorUserName": "6***3",
    "title": "测试用",
    "description": "",
    "latestVersion": 2,
    "alwaysLatest": 1,
    "createTime": "2020-12-02T02:49:18.000Z",
    "lastUpdateTime": "2020-12-02T02:49:18.000Z",
    "auth": 2,
    "uid": "obd-olRli-x7XCduYZxsmJ9fQSRbj9Uuu0c",
    "publishedVersion": 0,
    "forkFrom": "-",
    "isSpam": 0,
    "version": 2,
    "parentVersion": 1,
    "echartsVersion": "4.8.0",
    "versionCreateTime": "2020-12-02T07:07:39.000Z",
    "html": "",
    "externalScripts": "",
    "updaterUID": "obd-olRli-x7XCduYZxsmJ9fQSRbj9Uuu0c",
    "theme": "",
    "layout": "",
    "viewCount": 33,
    "userName": "6***3",
    "commentCount": 0,
    "starCount": 0,
    "isStared": 0,
    "thumbnailURL": "https://www.makeapie.com/ecg-storage/ec_gallery_thumbnail/x8MBrV6ofm.png?v=1606892859550",
    "isCustomThumbnail": 0,
    "builtinTags": [
        "category-work",
        "grid",
        "legend",
        "markPoint",
        "series-bar",
        "tooltip"
    ],
    "customTags": [],
    "updaterUserName": "6***3"
}