{
    "cid": "x8UmJxwdAy",
    "authorUid": "bd-2169962601",
    "authorUserName": "唯***t",
    "title": "悬浮",
    "description": "",
    "latestVersion": 1,
    "alwaysLatest": 1,
    "createTime": "2020-12-02T01:38:00.000Z",
    "lastUpdateTime": "2020-12-02T01:38:00.000Z",
    "auth": 2,
    "uid": "bd-2169962601",
    "publishedVersion": 0,
    "forkFrom": "-",
    "isSpam": 0,
    "version": 1,
    "parentVersion": -1,
    "echartsVersion": "4.8.0",
    "versionCreateTime": "2020-12-02T01:38:00.000Z",
    "html": "",
    "externalScripts": "",
    "updaterUID": "bd-2169962601",
    "theme": "",
    "layout": "",
    "viewCount": 21,
    "userName": "唯***t",
    "commentCount": 0,
    "starCount": 0,
    "isStared": 0,
    "thumbnailURL": "https://www.makeapie.com/ecg-storage/ec_gallery_thumbnail/x8UmJxwdAy.png?v=1606873080918",
    "isCustomThumbnail": 0,
    "builtinTags": [
        "category-work",
        "legend",
        "series-pie",
        "tooltip"
    ],
    "customTags": [],
    "updaterUserName": "唯***t"
}