{
    "cid": "xcAspR-krL",
    "authorUid": "bd-1279899726",
    "authorUserName": "设***空",
    "title": "柱图顶端趋图",
    "description": "",
    "latestVersion": 4,
    "alwaysLatest": 1,
    "createTime": "2020-12-01T14:02:15.000Z",
    "lastUpdateTime": "2020-12-01T14:02:15.000Z",
    "auth": 2,
    "uid": "bd-1279899726",
    "publishedVersion": 0,
    "forkFrom": "-",
    "isSpam": 0,
    "version": 4,
    "parentVersion": 3,
    "echartsVersion": "4.8.0",
    "versionCreateTime": "2020-12-01T14:10:03.000Z",
    "html": "",
    "externalScripts": "",
    "updaterUID": "bd-1279899726",
    "theme": "",
    "layout": "",
    "viewCount": 74,
    "userName": "设***空",
    "commentCount": 0,
    "starCount": 0,
    "isStared": 0,
    "thumbnailURL": "https://www.makeapie.com/ecg-storage/ec_gallery_thumbnail/xcAspR-krL.png?v=1606831803665",
    "isCustomThumbnail": 0,
    "builtinTags": [
        "category-work",
        "grid",
        "legend",
        "series-bar",
        "series-custom",
        "tooltip"
    ],
    "customTags": [],
    "updaterUserName": "设***空"
}