{
    "cid": "xcRrwCgZKX",
    "authorUid": "obd-oteT-mpHZVLFlR1rMfMDJMteFZDMI8U",
    "authorUserName": "Q***珊",
    "title": "实线虚线",
    "description": "部分虚线，需要自己处理数据， 一条线拆分为两条，实现一条线部分实线，部分虚线",
    "latestVersion": 1,
    "alwaysLatest": 1,
    "createTime": "2020-12-01T09:37:23.000Z",
    "lastUpdateTime": "2020-12-01T09:37:23.000Z",
    "auth": 2,
    "uid": "obd-oteT-mpHZVLFlR1rMfMDJMteFZDMI8U",
    "publishedVersion": 0,
    "forkFrom": "-",
    "isSpam": 0,
    "version": 1,
    "parentVersion": -1,
    "echartsVersion": "4.8.0",
    "versionCreateTime": "2020-12-01T09:37:23.000Z",
    "html": "",
    "externalScripts": "",
    "updaterUID": "obd-oteT-mpHZVLFlR1rMfMDJMteFZDMI8U",
    "theme": "",
    "layout": "",
    "viewCount": 41,
    "userName": "Q***珊",
    "commentCount": 0,
    "starCount": 0,
    "isStared": 0,
    "thumbnailURL": "https://www.makeapie.com/ecg-storage/ec_gallery_thumbnail/xcRrwCgZKX.png?v=1606815443483",
    "isCustomThumbnail": 0,
    "builtinTags": [
        "category-work",
        "grid",
        "legend",
        "series-line",
        "tooltip"
    ],
    "customTags": [],
    "updaterUserName": "Q***珊"
}