{
    "cid": "xe2fmfjavN",
    "authorUid": "obd-ol2fTna3SRj9iAHbPE8FHq2s0B6vf0V",
    "authorUserName": "q***l",
    "title": "蓝天日历",
    "description": "",
    "latestVersion": 2,
    "alwaysLatest": 1,
    "createTime": "2020-12-01T19:34:19.000Z",
    "lastUpdateTime": "2020-12-01T19:34:19.000Z",
    "auth": 2,
    "uid": "obd-ol2fTna3SRj9iAHbPE8FHq2s0B6vf0V",
    "publishedVersion": 0,
    "forkFrom": "-",
    "isSpam": 0,
    "version": 2,
    "parentVersion": 1,
    "echartsVersion": "4.8.0",
    "versionCreateTime": "2020-12-01T19:37:06.000Z",
    "html": "",
    "externalScripts": "",
    "updaterUID": "obd-ol2fTna3SRj9iAHbPE8FHq2s0B6vf0V",
    "theme": "",
    "layout": "",
    "viewCount": 244,
    "userName": "q***l",
    "commentCount": 0,
    "starCount": 1,
    "isStared": 0,
    "thumbnailURL": "https://www.makeapie.com/ecg-storage/ec_gallery_thumbnail/xe2fmfjavN.png?v=1606851426338",
    "isCustomThumbnail": 0,
    "builtinTags": [
        "calendar",
        "category-work",
        "legend",
        "series-pie",
        "series-scatter",
        "tooltip"
    ],
    "customTags": [],
    "updaterUserName": "q***l"
}