{
    "cid": "xf-1f8tnce",
    "authorUid": "bd-1275590612",
    "authorUserName": "n***2",
    "title": "中国地图",
    "description": "",
    "latestVersion": 1,
    "alwaysLatest": 1,
    "createTime": "2020-12-02T03:04:08.000Z",
    "lastUpdateTime": "2020-12-02T03:04:08.000Z",
    "auth": 2,
    "uid": "bd-1275590612",
    "publishedVersion": 0,
    "forkFrom": "-",
    "isSpam": 0,
    "version": 1,
    "parentVersion": -1,
    "echartsVersion": "4.8.0",
    "versionCreateTime": "2020-12-02T03:04:08.000Z",
    "html": "",
    "externalScripts": "",
    "updaterUID": "bd-1275590612",
    "theme": "",
    "layout": "",
    "viewCount": 68,
    "userName": "n***2",
    "commentCount": 0,
    "starCount": 0,
    "isStared": 0,
    "thumbnailURL": "https://www.makeapie.com/ecg-storage/ec_gallery_thumbnail/xf-1f8tnce.png?v=1606878248260",
    "isCustomThumbnail": 0,
    "builtinTags": [
        "category-work",
        "geo",
        "series-lines"
    ],
    "customTags": [],
    "updaterUserName": "n***2"
}