{
    "cid": "xf018ezV_x",
    "authorUid": "obd-ojqm7Uh_HBFnsQYbCuK9exP8B1RpBDJ",
    "authorUserName": "黄***奇",
    "title": "新杰物流出运状态饼图",
    "description": "新杰物流出运状态饼图",
    "latestVersion": 2,
    "alwaysLatest": 1,
    "createTime": "2020-12-01T08:26:40.000Z",
    "lastUpdateTime": "2020-12-01T08:26:40.000Z",
    "auth": 2,
    "uid": "obd-ojqm7Uh_HBFnsQYbCuK9exP8B1RpBDJ",
    "publishedVersion": 0,
    "forkFrom": "-",
    "isSpam": 0,
    "version": 2,
    "parentVersion": 1,
    "echartsVersion": "4.8.0",
    "versionCreateTime": "2020-12-01T08:28:20.000Z",
    "html": "",
    "externalScripts": "",
    "updaterUID": "obd-ojqm7Uh_HBFnsQYbCuK9exP8B1RpBDJ",
    "theme": "",
    "layout": "",
    "viewCount": 337,
    "userName": "黄***奇",
    "commentCount": 0,
    "starCount": 9,
    "isStared": 0,
    "thumbnailURL": "https://www.makeapie.com/ecg-storage/ec_gallery_thumbnail/xf018ezV_x.png?v=1606811300195",
    "isCustomThumbnail": 0,
    "builtinTags": [
        "category-work",
        "series-pie",
        "title"
    ],
    "customTags": [],
    "updaterUserName": "黄***奇"
}