{
    "cid": "xhNOmKYRIY",
    "authorUid": "obd-oEg7g4y1u_MfSNegYdeL204jRziV14u",
    "authorUserName": "_***u",
    "title": "压载对水航速4.4节,不同浪向下浪周期轴功率",
    "description": "测试数据",
    "latestVersion": 2,
    "alwaysLatest": 1,
    "createTime": "2020-12-01T08:46:37.000Z",
    "lastUpdateTime": "2020-12-01T08:46:37.000Z",
    "auth": 2,
    "uid": "obd-oEg7g4y1u_MfSNegYdeL204jRziV14u",
    "publishedVersion": 0,
    "forkFrom": "-",
    "isSpam": 0,
    "version": 2,
    "parentVersion": 1,
    "echartsVersion": "4.8.0",
    "versionCreateTime": "2020-12-01T08:50:29.000Z",
    "html": "",
    "externalScripts": "",
    "updaterUID": "obd-oEg7g4y1u_MfSNegYdeL204jRziV14u",
    "theme": "dark",
    "layout": "",
    "viewCount": 119,
    "userName": "_***u",
    "commentCount": 0,
    "starCount": 1,
    "isStared": 0,
    "thumbnailURL": "https://www.makeapie.com/ecg-storage/ec_gallery_thumbnail/xhNOmKYRIY.png?v=1606812629743",
    "isCustomThumbnail": 0,
    "builtinTags": [
        "category-work",
        "grid",
        "legend",
        "series-line",
        "timeline",
        "title",
        "tooltip"
    ],
    "customTags": [],
    "updaterUserName": "_***u"
}