{
    "cid": "xMrrEEJuG6",
    "authorUid": "obd-oteT-mpHZVLFlR1rMfMDJMteFZDMI8U",
    "authorUserName": "Q***珊",
    "title": "关系图",
    "description": "和弦图的拆分， 不使用和弦图",
    "latestVersion": 1,
    "alwaysLatest": 1,
    "createTime": "2020-12-01T09:20:40.000Z",
    "lastUpdateTime": "2020-12-01T09:20:40.000Z",
    "auth": 2,
    "uid": "obd-oteT-mpHZVLFlR1rMfMDJMteFZDMI8U",
    "publishedVersion": 0,
    "forkFrom": "-",
    "isSpam": 0,
    "version": 1,
    "parentVersion": -1,
    "echartsVersion": "4.8.0",
    "versionCreateTime": "2020-12-01T09:20:40.000Z",
    "html": "",
    "externalScripts": "",
    "updaterUID": "obd-oteT-mpHZVLFlR1rMfMDJMteFZDMI8U",
    "theme": "",
    "layout": "",
    "viewCount": 371,
    "userName": "Q***珊",
    "commentCount": 0,
    "starCount": 2,
    "isStared": 0,
    "thumbnailURL": "https://www.makeapie.com/ecg-storage/ec_gallery_thumbnail/xMrrEEJuG6.png?v=1606814440227",
    "isCustomThumbnail": 0,
    "builtinTags": [
        "category-work",
        "legend",
        "series-graph"
    ],
    "customTags": [],
    "updaterUserName": "Q***珊"
}