{
    "cid": "x0l3FUuEAq",
    "authorUid": "bd-536979093",
    "authorUserName": "脑***筋",
    "title": "玫瑰图标题与图并列",
    "description": "玫瑰图lengend与图并列",
    "latestVersion": 2,
    "alwaysLatest": 1,
    "createTime": "2019-01-04T08:04:54.000Z",
    "lastUpdateTime": "2019-01-04T08:04:54.000Z",
    "auth": 1,
    "uid": "bd-536979093",
    "publishedVersion": 0,
    "forkFrom": "-",
    "isSpam": 0,
    "version": 2,
    "parentVersion": 1,
    "echartsVersion": "4.2.0",
    "versionCreateTime": "2019-01-04T08:08:01.000Z",
    "html": "",
    "externalScripts": "",
    "updaterUID": "bd-536979093",
    "theme": "",
    "layout": "",
    "viewCount": 1688,
    "userName": "脑***筋",
    "commentCount": 0,
    "starCount": 3,
    "isStared": 0,
    "thumbnailURL": "https://www.makeapie.com/ecg-storage/ec_gallery_thumbnail/x0l3FUuEAq.png?v=1546589094799",
    "isCustomThumbnail": 1,
    "builtinTags": [
        "category-work",
        "graphic",
        "legend",
        "series-pie",
        "tooltip"
    ],
    "customTags": [],
    "updaterUserName": "脑***筋"
}