{
    "cid": "x5gpVzCz2m",
    "authorUid": "bd-1953133753",
    "authorUserName": "9603漫漫",
    "title": "",
    "description": "",
    "latestVersion": 3,
    "alwaysLatest": 1,
    "createTime": "2019-01-06T15:02:48.000Z",
    "lastUpdateTime": "2019-01-06T15:02:48.000Z",
    "auth": 2,
    "uid": "bd-1953133753",
    "publishedVersion": 0,
    "forkFrom": "-",
    "isSpam": 0,
    "version": 3,
    "parentVersion": 2,
    "echartsVersion": "4.2.0",
    "versionCreateTime": "2019-01-06T15:32:24.000Z",
    "html": "",
    "externalScripts": "",
    "updaterUID": "bd-1953133753",
    "theme": "",
    "layout": "",
    "viewCount": 652,
    "userName": "9603漫漫",
    "commentCount": 0,
    "starCount": 0,
    "isStared": 0,
    "thumbnailURL": "https://www.makeapie.com/ecg-storage/ec_gallery_thumbnail/x5gpVzCz2m.png?v=1546788744263",
    "isCustomThumbnail": 0,
    "builtinTags": [
        "category-work",
        "grid",
        "legend",
        "series-bar",
        "tooltip"
    ],
    "customTags": [],
    "updaterUserName": "9603漫漫"
}