{
    "cid": "xB0MgX-rr_",
    "authorUid": "bd-1606641265",
    "authorUserName": "你***1",
    "title": "有border的饼图",
    "description": "",
    "latestVersion": 2,
    "alwaysLatest": 1,
    "createTime": "2019-01-04T07:33:42.000Z",
    "lastUpdateTime": "2019-01-04T07:33:42.000Z",
    "auth": 2,
    "uid": "bd-1606641265",
    "publishedVersion": 0,
    "forkFrom": "-",
    "isSpam": 0,
    "version": 2,
    "parentVersion": 1,
    "echartsVersion": "4.2.0",
    "versionCreateTime": "2019-01-04T07:39:35.000Z",
    "html": "",
    "externalScripts": "",
    "updaterUID": "bd-1606641265",
    "theme": "",
    "layout": "",
    "viewCount": 290,
    "userName": "你***1",
    "commentCount": 0,
    "starCount": 0,
    "isStared": 0,
    "thumbnailURL": "https://www.makeapie.com/ecg-storage/ec_gallery_thumbnail/xB0MgX-rr_.png?v=1546587575354",
    "isCustomThumbnail": 0,
    "builtinTags": [
        "category-work",
        "series-pie",
        "tooltip"
    ],
    "customTags": [],
    "updaterUserName": "你***1"
}