{
    "cid": "xcb6jxNV76",
    "authorUid": "bd-1922242336",
    "authorUserName": "sybilheaven",
    "title": "中国GDP变化图",
    "description": "",
    "latestVersion": 1,
    "alwaysLatest": 1,
    "createTime": "2019-01-06T12:36:01.000Z",
    "lastUpdateTime": "2019-01-06T12:36:01.000Z",
    "auth": 2,
    "uid": "bd-1922242336",
    "publishedVersion": 0,
    "forkFrom": "-",
    "isSpam": 0,
    "version": 1,
    "parentVersion": -1,
    "echartsVersion": "4.2.0",
    "versionCreateTime": "2019-01-06T12:36:01.000Z",
    "html": "",
    "externalScripts": "",
    "updaterUID": "bd-1922242336",
    "theme": "",
    "layout": "",
    "viewCount": 32,
    "userName": "sybilheaven",
    "commentCount": 0,
    "starCount": 0,
    "isStared": 0,
    "thumbnailURL": "https://www.makeapie.com/ecg-storage/ec_gallery_thumbnail/xcb6jxNV76.png?v=1546778161200",
    "isCustomThumbnail": 0,
    "builtinTags": [
        "category-work",
        "grid",
        "series-line",
        "title"
    ],
    "customTags": [],
    "updaterUserName": "sybilheaven"
}