{
    "cid": "xHhMXlJDVm",
    "authorUid": "bd-2520534514",
    "authorUserName": "我***啊",
    "title": "散点图",
    "description": "污水散点图",
    "latestVersion": 1,
    "alwaysLatest": 1,
    "createTime": "2019-01-04T08:39:29.000Z",
    "lastUpdateTime": "2019-01-04T08:39:29.000Z",
    "auth": 2,
    "uid": "bd-2520534514",
    "publishedVersion": 0,
    "forkFrom": "-",
    "isSpam": 0,
    "version": 1,
    "parentVersion": -1,
    "echartsVersion": "4.2.0",
    "versionCreateTime": "2019-01-04T08:39:29.000Z",
    "html": "",
    "externalScripts": "",
    "updaterUID": "bd-2520534514",
    "theme": "",
    "layout": "",
    "viewCount": 141,
    "userName": "我***啊",
    "commentCount": 0,
    "starCount": 0,
    "isStared": 0,
    "thumbnailURL": "https://www.makeapie.com/ecg-storage/ec_gallery_thumbnail/xHhMXlJDVm.png?v=1546591170096",
    "isCustomThumbnail": 0,
    "builtinTags": [
        "category-work",
        "grid",
        "legend",
        "series-scatter",
        "tooltip"
    ],
    "customTags": [],
    "updaterUserName": "我***啊"
}