{
    "cid": "xip7qJ0NeX",
    "authorUid": "bd-2484687061",
    "authorUserName": "罗林平原",
    "title": "饼图两部分, 不同旋转方向",
    "description": "项目需求的产物, 饼图只有两部分, 在同一位置同时朝不同的方向旋转.\n思路: 两个重叠的饼图, 各显示一部分, 旋转方向不同. 但也有点瑕疵.细心会发现.",
    "latestVersion": 1,
    "alwaysLatest": 1,
    "createTime": "2019-01-04T12:31:45.000Z",
    "lastUpdateTime": "2019-01-04T12:31:45.000Z",
    "auth": 2,
    "uid": "bd-2484687061",
    "publishedVersion": 0,
    "forkFrom": "-",
    "isSpam": 0,
    "version": 1,
    "parentVersion": -1,
    "echartsVersion": "4.2.0",
    "versionCreateTime": "2019-01-04T12:31:45.000Z",
    "html": "",
    "externalScripts": "",
    "updaterUID": "bd-2484687061",
    "theme": "",
    "layout": "",
    "viewCount": 1902,
    "userName": "罗林平原",
    "commentCount": 0,
    "starCount": 0,
    "isStared": 0,
    "thumbnailURL": "https://www.makeapie.com/ecg-storage/ec_gallery_thumbnail/xip7qJ0NeX.png?v=1546605105705",
    "isCustomThumbnail": 1,
    "builtinTags": [
        "category-work",
        "series-pie"
    ],
    "customTags": [
        "clockwise"
    ],
    "updaterUserName": "罗林平原"
}