{
    "cid": "xjimE6HMsP",
    "authorUid": "bd-2956842748",
    "authorUserName": "天使第一二",
    "title": "渐变柱状图",
    "description": "",
    "latestVersion": 2,
    "alwaysLatest": 1,
    "createTime": "2019-01-07T08:43:40.000Z",
    "lastUpdateTime": "2019-01-07T08:43:40.000Z",
    "auth": 2,
    "uid": "bd-2956842748",
    "publishedVersion": 0,
    "forkFrom": "-",
    "isSpam": 0,
    "version": 2,
    "parentVersion": 1,
    "echartsVersion": "4.2.0",
    "versionCreateTime": "2019-01-07T09:21:47.000Z",
    "html": "",
    "externalScripts": "",
    "updaterUID": "bd-2956842748",
    "theme": "",
    "layout": "",
    "viewCount": 183,
    "userName": "天使第一二",
    "commentCount": 0,
    "starCount": 1,
    "isStared": 0,
    "thumbnailURL": "https://www.makeapie.com/ecg-storage/ec_gallery_thumbnail/xjimE6HMsP.png?v=1546852907130",
    "isCustomThumbnail": 0,
    "builtinTags": [
        "category-work",
        "grid",
        "legend",
        "series-bar",
        "tooltip"
    ],
    "customTags": [],
    "updaterUserName": "天使第一二"
}