{
    "cid": "xmjvgbxCBj",
    "authorUid": "bd-193171863",
    "authorUserName": "彭***7",
    "title": "排名动态高亮堆叠图",
    "description": "具有排名样式 自动高亮显示 柱状堆叠图",
    "latestVersion": 2,
    "alwaysLatest": 1,
    "createTime": "2019-01-04T05:47:18.000Z",
    "lastUpdateTime": "2019-01-04T05:47:18.000Z",
    "auth": 2,
    "uid": "bd-193171863",
    "publishedVersion": 0,
    "forkFrom": "-",
    "isSpam": 0,
    "version": 2,
    "parentVersion": 1,
    "echartsVersion": "4.2.0",
    "versionCreateTime": "2019-01-04T05:54:28.000Z",
    "html": "",
    "externalScripts": "",
    "updaterUID": "bd-193171863",
    "theme": "",
    "layout": "",
    "viewCount": 250,
    "userName": "彭***7",
    "commentCount": 0,
    "starCount": 1,
    "isStared": 0,
    "thumbnailURL": "https://www.makeapie.com/ecg-storage/ec_gallery_thumbnail/xmjvgbxCBj.png?v=1546581268791",
    "isCustomThumbnail": 0,
    "builtinTags": [
        "category-work",
        "grid",
        "legend",
        "series-bar",
        "tooltip"
    ],
    "customTags": [],
    "updaterUserName": "彭***7"
}