{
    "cid": "xppB-V7dn6",
    "authorUid": "bd-2956842748",
    "authorUserName": "天使第一二",
    "title": "水质六类水占比",
    "description": "",
    "latestVersion": 5,
    "alwaysLatest": 1,
    "createTime": "2019-01-04T10:31:59.000Z",
    "lastUpdateTime": "2019-01-04T10:31:59.000Z",
    "auth": 2,
    "uid": "bd-2956842748",
    "publishedVersion": 0,
    "forkFrom": "-",
    "isSpam": 0,
    "version": 5,
    "parentVersion": 4,
    "echartsVersion": "4.2.0",
    "versionCreateTime": "2019-01-07T08:34:29.000Z",
    "html": "",
    "externalScripts": "",
    "updaterUID": "bd-2956842748",
    "theme": "",
    "layout": "",
    "viewCount": 131,
    "userName": "天使第一二",
    "commentCount": 0,
    "starCount": 1,
    "isStared": 0,
    "thumbnailURL": "https://www.makeapie.com/ecg-storage/ec_gallery_thumbnail/xppB-V7dn6.png?v=1546850069620",
    "isCustomThumbnail": 0,
    "builtinTags": [
        "category-work",
        "legend",
        "series-pie",
        "title",
        "tooltip"
    ],
    "customTags": [],
    "updaterUserName": "天使第一二"
}