{
    "cid": "xB1pCHqusb",
    "authorUid": "bd-269251251",
    "authorUserName": "李嘉璐84",
    "title": "人工智能-技术层 项目数饼图",
    "description": "",
    "latestVersion": 5,
    "alwaysLatest": 1,
    "createTime": "2017-09-27T03:07:00.000Z",
    "lastUpdateTime": "2017-10-09T08:43:42.000Z",
    "auth": 2,
    "uid": "bd-269251251",
    "publishedVersion": 0,
    "forkFrom": "-",
    "isSpam": 0,
    "version": 5,
    "parentVersion": 4,
    "echartsVersion": "3.7.2",
    "versionCreateTime": "2017-10-16T11:56:20.000Z",
    "html": "",
    "externalScripts": "",
    "updaterUID": "bd-269251251",
    "theme": "dark",
    "layout": "",
    "viewCount": 701,
    "userName": "李嘉璐84",
    "commentCount": 0,
    "starCount": 0,
    "isStared": 0,
    "thumbnailURL": "https://www.makeapie.com/ecg-storage/ec_gallery_thumbnail/xB1pCHqusb.png?v=1508154980972",
    "isCustomThumbnail": 0,
    "builtinTags": [
        "category-work",
        "legend",
        "series-pie",
        "title",
        "tooltip"
    ],
    "customTags": [],
    "updaterUserName": "李嘉璐84"
}