{
    "cid": "xB1rRq_ujb",
    "authorUid": "bd-621198641",
    "authorUserName": "l***2",
    "title": "余杭路网监控图",
    "description": "echarts lines demo",
    "latestVersion": 1,
    "alwaysLatest": 1,
    "createTime": "2017-09-27T01:11:41.000Z",
    "lastUpdateTime": "2017-09-27T01:11:41.000Z",
    "auth": 2,
    "uid": "bd-621198641",
    "publishedVersion": 0,
    "forkFrom": "-",
    "isSpam": 0,
    "version": 1,
    "parentVersion": -1,
    "echartsVersion": "3.7.1",
    "versionCreateTime": "2017-09-27T01:11:41.000Z",
    "html": "",
    "externalScripts": "http://api.map.baidu.com/api?v=2.0&ak=hYCENCEx1nXO0Nt46ldexfG9oI49xBGh,http://echarts.baidu.com/resource/echarts-gl-latest/dist/echarts-gl.min.js,/dep/echarts/latest/extension/bmap.min.js",
    "updaterUID": "bd-621198641",
    "theme": "",
    "layout": "",
    "viewCount": 2812,
    "userName": "l***2",
    "commentCount": 0,
    "starCount": 23,
    "isStared": 0,
    "thumbnailURL": "https://www.makeapie.com/ecg-storage/ec_gallery_thumbnail/xB1rRq_ujb.png?v=1506474703225",
    "isCustomThumbnail": 1,
    "builtinTags": [
        "category-work"
    ],
    "customTags": [],
    "updaterUserName": "l***2"
}