{
    "cid": "xB1XmPH9jb",
    "authorUid": "bd-1896678522",
    "authorUserName": "shifeihua",
    "title": "招标倾向性分析",
    "description": "",
    "latestVersion": 1,
    "alwaysLatest": 1,
    "createTime": "2017-09-28T09:55:39.000Z",
    "lastUpdateTime": "2017-09-28T09:55:39.000Z",
    "auth": 2,
    "uid": "bd-1896678522",
    "publishedVersion": 0,
    "forkFrom": "-",
    "isSpam": 0,
    "version": 1,
    "parentVersion": -1,
    "echartsVersion": "3.7.2",
    "versionCreateTime": "2017-09-28T09:55:39.000Z",
    "html": "",
    "externalScripts": "",
    "updaterUID": "bd-1896678522",
    "theme": "",
    "layout": "",
    "viewCount": 7102,
    "userName": "shifeihua",
    "commentCount": 1,
    "starCount": 11,
    "isStared": 0,
    "thumbnailURL": "https://www.makeapie.com/ecg-storage/ec_gallery_thumbnail/xB1XmPH9jb.png?v=1506592539674",
    "isCustomThumbnail": 0,
    "builtinTags": [
        "category-work",
        "legend",
        "series-graph",
        "title",
        "toolbox",
        "tooltip"
    ],
    "customTags": [],
    "updaterUserName": "shifeihua"
}