{
    "cid": "xByIL4TFsb",
    "authorUid": "bd-2310194360",
    "authorUserName": "A***3",
    "title": "building+tooltip",
    "description": "",
    "latestVersion": 1,
    "alwaysLatest": 1,
    "createTime": "2017-09-28T00:37:33.000Z",
    "lastUpdateTime": "2017-09-28T00:37:33.000Z",
    "auth": 2,
    "uid": "bd-2310194360",
    "publishedVersion": 0,
    "forkFrom": "-",
    "isSpam": 0,
    "version": 1,
    "parentVersion": -1,
    "echartsVersion": "3.7.1",
    "versionCreateTime": "2017-09-28T00:37:33.000Z",
    "html": "",
    "externalScripts": "http://echarts.baidu.com/resource/echarts-gl-latest/dist/echarts-gl.min.js",
    "updaterUID": "bd-2310194360",
    "theme": "",
    "layout": "",
    "viewCount": 787,
    "userName": "A***3",
    "commentCount": 5,
    "starCount": 4,
    "isStared": 0,
    "thumbnailURL": "https://www.makeapie.com/ecg-storage/ec_gallery_thumbnail/xByIL4TFsb.png?v=1506559054574",
    "isCustomThumbnail": 1,
    "builtinTags": [
        "category-work",
        "series-map3D",
        "tooltip",
        "visualMap"
    ],
    "customTags": [],
    "updaterUserName": "A***3"
}