{
    "cid": "xHJYcAhDsZ",
    "authorUid": "bd-139682079",
    "authorUserName": "我***w",
    "title": "炫酷的饼状选科推荐表",
    "description": "",
    "latestVersion": 6,
    "alwaysLatest": 1,
    "createTime": "2017-09-26T11:48:32.000Z",
    "lastUpdateTime": "2021-01-05T07:41:39.000Z",
    "auth": 2,
    "uid": "bd-139682079",
    "publishedVersion": 0,
    "forkFrom": "-",
    "isSpam": 0,
    "version": 6,
    "parentVersion": 5,
    "echartsVersion": "3.8.0",
    "versionCreateTime": "2020-02-05T10:54:55.000Z",
    "html": "",
    "externalScripts": "",
    "updaterUID": "bd-139682079",
    "theme": "dark",
    "layout": "",
    "viewCount": 4079,
    "userName": "我***w",
    "commentCount": 0,
    "starCount": 15,
    "isStared": 0,
    "thumbnailURL": "https://www.makeapie.com/ecg-storage/ec_gallery_thumbnail/xHJYcAhDsZ.png?v=1580900095290",
    "isCustomThumbnail": 0,
    "builtinTags": [],
    "customTags": [],
    "updaterUserName": "我***w"
}