{
    "cid": "xHyQv0FOi-",
    "authorUid": "bd-4196992462",
    "authorUserName": "s***8",
    "title": "打点1",
    "description": "",
    "latestVersion": 2,
    "alwaysLatest": 1,
    "createTime": "2017-09-27T02:35:06.000Z",
    "lastUpdateTime": "2017-09-27T02:35:06.000Z",
    "auth": 2,
    "uid": "bd-4196992462",
    "publishedVersion": 0,
    "forkFrom": "-",
    "isSpam": 0,
    "version": 2,
    "parentVersion": 1,
    "echartsVersion": "3.7.1",
    "versionCreateTime": "2017-09-27T02:47:27.000Z",
    "html": "",
    "externalScripts": "http://api.map.baidu.com/api?v=2.0&ak=ZUONbpqGBsYGXNIYHicvbAbM,/dep/echarts/latest/extension/bmap.min.js",
    "updaterUID": "bd-4196992462",
    "theme": "",
    "layout": "",
    "viewCount": 113,
    "userName": "s***8",
    "commentCount": 0,
    "starCount": 0,
    "isStared": 0,
    "thumbnailURL": "https://www.makeapie.com/ecg-storage/ec_gallery_thumbnail/xHyQv0FOi-.png?v=1506479706681",
    "isCustomThumbnail": 0,
    "builtinTags": [
        "category-work"
    ],
    "customTags": [],
    "updaterUserName": "s***8"
}