{
    "cid": "xr1A9o4cj-",
    "authorUid": "bd-460850157",
    "authorUserName": "S***七",
    "title": "官网环形图",
    "description": "",
    "latestVersion": 1,
    "alwaysLatest": 1,
    "createTime": "2017-09-28T09:06:29.000Z",
    "lastUpdateTime": "2017-09-28T09:06:29.000Z",
    "auth": 2,
    "uid": "bd-460850157",
    "publishedVersion": 0,
    "forkFrom": "-",
    "isSpam": 0,
    "version": 1,
    "parentVersion": -1,
    "echartsVersion": "3.7.2",
    "versionCreateTime": "2017-09-28T09:06:29.000Z",
    "html": "",
    "externalScripts": "/dep/echarts/map/js/china.js",
    "updaterUID": "bd-460850157",
    "theme": "",
    "layout": "",
    "viewCount": 4197,
    "userName": "S***七",
    "commentCount": 0,
    "starCount": 20,
    "isStared": 0,
    "thumbnailURL": "https://www.makeapie.com/ecg-storage/ec_gallery_thumbnail/xr1A9o4cj-.png?v=1506589589959",
    "isCustomThumbnail": 0,
    "builtinTags": [
        "category-work",
        "legend",
        "series-pie",
        "tooltip"
    ],
    "customTags": [],
    "updaterUserName": "S***七"
}