{
    "cid": "xr1Nx1vco-",
    "authorUid": "bd-269251251",
    "authorUserName": "李嘉璐84",
    "title": "各行业热度与投资金额关系演变",
    "description": "",
    "latestVersion": 2,
    "alwaysLatest": 1,
    "createTime": "2017-09-28T11:37:16.000Z",
    "lastUpdateTime": "2017-09-28T11:37:16.000Z",
    "auth": 2,
    "uid": "bd-269251251",
    "publishedVersion": 0,
    "forkFrom": "-",
    "isSpam": 0,
    "version": 2,
    "parentVersion": 1,
    "echartsVersion": "3.7.2",
    "versionCreateTime": "2017-09-28T12:14:56.000Z",
    "html": "",
    "externalScripts": "",
    "updaterUID": "bd-269251251",
    "theme": "",
    "layout": "",
    "viewCount": 904,
    "userName": "李嘉璐84",
    "commentCount": 0,
    "starCount": 9,
    "isStared": 0,
    "thumbnailURL": "https://www.makeapie.com/ecg-storage/ec_gallery_thumbnail/xr1Nx1vco-.png?v=1506600896628",
    "isCustomThumbnail": 0,
    "builtinTags": [
        "category-work",
        "grid",
        "series-scatter",
        "timeline",
        "title",
        "tooltip",
        "visualMap"
    ],
    "customTags": [],
    "updaterUserName": "李嘉璐84"
}