{
    "cid": "xryKj55OsZ",
    "authorUid": "bd-269251251",
    "authorUserName": "李嘉璐84",
    "title": "项目竞争力综合",
    "description": "雷达图",
    "latestVersion": 4,
    "alwaysLatest": 1,
    "createTime": "2017-09-27T03:27:29.000Z",
    "lastUpdateTime": "2017-12-08T03:13:58.000Z",
    "auth": 2,
    "uid": "bd-269251251",
    "publishedVersion": 0,
    "forkFrom": "-",
    "isSpam": 0,
    "version": 4,
    "parentVersion": 3,
    "echartsVersion": "3.8.0",
    "versionCreateTime": "2017-12-08T03:08:05.000Z",
    "html": "",
    "externalScripts": "",
    "updaterUID": "bd-269251251",
    "theme": "default",
    "layout": "",
    "viewCount": 571,
    "userName": "李嘉璐84",
    "commentCount": 0,
    "starCount": 0,
    "isStared": 0,
    "thumbnailURL": "https://www.makeapie.com/ecg-storage/ec_gallery_thumbnail/xryKj55OsZ.png?v=1512702485942",
    "isCustomThumbnail": 0,
    "builtinTags": [],
    "customTags": [],
    "updaterUserName": "李嘉璐84"
}