{
    "cid": "xS1486YdjW",
    "authorUid": "bd-4196992462",
    "authorUserName": "s***8",
    "title": "一类分公司各级督办工单数量",
    "description": "",
    "latestVersion": 1,
    "alwaysLatest": 1,
    "createTime": "2017-09-27T02:30:35.000Z",
    "lastUpdateTime": "2017-09-27T02:30:35.000Z",
    "auth": 2,
    "uid": "bd-4196992462",
    "publishedVersion": 0,
    "forkFrom": "-",
    "isSpam": 0,
    "version": 1,
    "parentVersion": -1,
    "echartsVersion": "3.7.1",
    "versionCreateTime": "2017-09-27T02:30:35.000Z",
    "html": "",
    "externalScripts": "",
    "updaterUID": "bd-4196992462",
    "theme": "",
    "layout": "",
    "viewCount": 229,
    "userName": "s***8",
    "commentCount": 0,
    "starCount": 0,
    "isStared": 0,
    "thumbnailURL": "https://www.makeapie.com/ecg-storage/ec_gallery_thumbnail/xS1486YdjW.png?v=1506479435727",
    "isCustomThumbnail": 0,
    "builtinTags": [
        "category-work",
        "legend",
        "series-funnel",
        "title",
        "toolbox",
        "tooltip"
    ],
    "customTags": [],
    "updaterUserName": "s***8"
}