{
    "cid": "xS1JVewcjW",
    "authorUid": "bd-1939112099",
    "authorUserName": "长***离",
    "title": "分布图的改进版",
    "description": "",
    "latestVersion": 3,
    "alwaysLatest": 1,
    "createTime": "2017-09-28T11:42:31.000Z",
    "lastUpdateTime": "2017-09-28T11:42:31.000Z",
    "auth": 2,
    "uid": "bd-1939112099",
    "publishedVersion": 0,
    "forkFrom": "-",
    "isSpam": 0,
    "version": 3,
    "parentVersion": 2,
    "echartsVersion": "3.8.0",
    "versionCreateTime": "2019-07-16T02:14:09.000Z",
    "html": "",
    "externalScripts": "",
    "updaterUID": "bd-1939112099",
    "theme": "",
    "layout": "",
    "viewCount": 399,
    "userName": "长***离",
    "commentCount": 0,
    "starCount": 1,
    "isStared": 0,
    "thumbnailURL": "https://www.makeapie.com/ecg-storage/ec_gallery_thumbnail/xS1JVewcjW.png?v=1563243249874",
    "isCustomThumbnail": 0,
    "builtinTags": [
        "category-work",
        "grid",
        "series-line"
    ],
    "customTags": [],
    "updaterUserName": "长***离"
}