{
    "cid": "xSkKj8TuiW",
    "authorUid": "bd-3326534143",
    "authorUserName": "NodeGIS",
    "title": "风玫瑰图",
    "description": "虚构数据",
    "latestVersion": 1,
    "alwaysLatest": 1,
    "createTime": "2017-09-27T06:35:13.000Z",
    "lastUpdateTime": "2017-09-27T06:35:13.000Z",
    "auth": 2,
    "uid": "bd-3326534143",
    "publishedVersion": 0,
    "forkFrom": "-",
    "isSpam": 0,
    "version": 1,
    "parentVersion": -1,
    "echartsVersion": "3.7.1",
    "versionCreateTime": "2017-09-27T06:35:13.000Z",
    "html": "",
    "externalScripts": "",
    "updaterUID": "bd-3326534143",
    "theme": "",
    "layout": "",
    "viewCount": 3167,
    "userName": "NodeGIS",
    "commentCount": 0,
    "starCount": 7,
    "isStared": 0,
    "thumbnailURL": "https://www.makeapie.com/ecg-storage/ec_gallery_thumbnail/xSkKj8TuiW.png?v=1506494113543",
    "isCustomThumbnail": 0,
    "builtinTags": [
        "category-work",
        "legend",
        "polar",
        "series-bar",
        "title"
    ],
    "customTags": [],
    "updaterUserName": "NodeGIS"
}