{
    "cid": "x4dCfwfoNT",
    "authorUid": "bd-536979093",
    "authorUserName": "脑***筋",
    "title": "横排柱形图与模拟下划线",
    "description": "横排柱形图与模拟下划线",
    "latestVersion": 2,
    "alwaysLatest": 1,
    "createTime": "2019-01-25T06:19:09.000Z",
    "lastUpdateTime": "2019-01-25T06:19:09.000Z",
    "auth": 2,
    "uid": "bd-536979093",
    "publishedVersion": 0,
    "forkFrom": "-",
    "isSpam": 0,
    "version": 2,
    "parentVersion": 1,
    "echartsVersion": "4.2.1",
    "versionCreateTime": "2019-02-01T06:38:07.000Z",
    "html": "",
    "externalScripts": "",
    "updaterUID": "bd-536979093",
    "theme": "",
    "layout": "",
    "viewCount": 1943,
    "userName": "脑***筋",
    "commentCount": 0,
    "starCount": 7,
    "isStared": 0,
    "thumbnailURL": "https://www.makeapie.com/ecg-storage/ec_gallery_thumbnail/x4dCfwfoNT.png?v=1549003087937",
    "isCustomThumbnail": 0,
    "builtinTags": [
        "category-work",
        "grid",
        "legend",
        "series-bar",
        "title",
        "tooltip"
    ],
    "customTags": [],
    "updaterUserName": "脑***筋"
}