{
    "cid": "x8fFqm8fGK",
    "authorUid": "bd-547619534",
    "authorUserName": "谢***d",
    "title": "Awesome Chart",
    "description": "",
    "latestVersion": 1,
    "alwaysLatest": 1,
    "createTime": "2019-01-25T08:07:03.000Z",
    "lastUpdateTime": "2019-01-25T08:07:03.000Z",
    "auth": 2,
    "uid": "bd-547619534",
    "publishedVersion": 0,
    "forkFrom": "-",
    "isSpam": 0,
    "version": 1,
    "parentVersion": -1,
    "echartsVersion": "4.2.0",
    "versionCreateTime": "2019-01-25T08:07:03.000Z",
    "html": "",
    "externalScripts": "",
    "updaterUID": "bd-547619534",
    "theme": "",
    "layout": "",
    "viewCount": 36,
    "userName": "谢***d",
    "commentCount": 0,
    "starCount": 0,
    "isStared": 0,
    "thumbnailURL": "https://www.makeapie.com/ecg-storage/ec_gallery_thumbnail/x8fFqm8fGK.png?v=1548403623540",
    "isCustomThumbnail": 0,
    "builtinTags": [
        "category-work",
        "grid",
        "series-line",
        "title"
    ],
    "customTags": [],
    "updaterUserName": "谢***d"
}