{
    "cid": "xiIuxopiyj",
    "authorUid": "bd-1133251319",
    "authorUserName": "无聊嗷呜",
    "title": "Awesome Chart",
    "description": "",
    "latestVersion": 1,
    "alwaysLatest": 1,
    "createTime": "2019-01-25T02:41:10.000Z",
    "lastUpdateTime": "2019-01-25T02:41:10.000Z",
    "auth": 2,
    "uid": "bd-1133251319",
    "publishedVersion": 0,
    "forkFrom": "-",
    "isSpam": 0,
    "version": 1,
    "parentVersion": -1,
    "echartsVersion": "4.2.0",
    "versionCreateTime": "2019-01-25T02:41:10.000Z",
    "html": "",
    "externalScripts": "",
    "updaterUID": "bd-1133251319",
    "theme": "",
    "layout": "",
    "viewCount": 4,
    "userName": "无聊嗷呜",
    "commentCount": 0,
    "starCount": 0,
    "isStared": 0,
    "thumbnailURL": "https://www.makeapie.com/ecg-storage/ec_gallery_thumbnail/xiIuxopiyj.png?v=1548384070726",
    "isCustomThumbnail": 0,
    "builtinTags": [
        "category-work",
        "grid",
        "series-line",
        "title"
    ],
    "customTags": [],
    "updaterUserName": "无聊嗷呜"
}