{
    "cid": "xmnZZRLazh",
    "authorUid": "bd-3018411776",
    "authorUserName": "白石资产",
    "title": "Awesome Chart",
    "description": "",
    "latestVersion": 1,
    "alwaysLatest": 1,
    "createTime": "2019-01-25T03:10:59.000Z",
    "lastUpdateTime": "2019-01-25T03:10:59.000Z",
    "auth": 1,
    "uid": "bd-3018411776",
    "publishedVersion": 0,
    "forkFrom": "-",
    "isSpam": 0,
    "version": 1,
    "parentVersion": -1,
    "echartsVersion": "4.2.0",
    "versionCreateTime": "2019-01-25T03:10:59.000Z",
    "html": "",
    "externalScripts": "",
    "updaterUID": "bd-3018411776",
    "theme": "",
    "layout": "",
    "viewCount": 0,
    "userName": "白石资产",
    "commentCount": 0,
    "starCount": 0,
    "isStared": 0,
    "thumbnailURL": "https://www.makeapie.com/ecg-storage/ec_gallery_thumbnail/xmnZZRLazh.png?v=1548385860037",
    "isCustomThumbnail": 0,
    "builtinTags": [
        "category-work",
        "grid",
        "series-line",
        "title"
    ],
    "customTags": [],
    "updaterUserName": "白石资产"
}