{
    "cid": "xmvWv778rV",
    "authorUid": "bd-2208532672",
    "authorUserName": "进***眼",
    "title": "2016-2018年轮子哥知乎发布情况",
    "description": "",
    "latestVersion": 3,
    "alwaysLatest": 1,
    "createTime": "2019-01-26T11:23:31.000Z",
    "lastUpdateTime": "2019-01-26T11:23:31.000Z",
    "auth": 2,
    "uid": "bd-2208532672",
    "publishedVersion": 0,
    "forkFrom": "-",
    "isSpam": 0,
    "version": 3,
    "parentVersion": 2,
    "echartsVersion": "4.2.1",
    "versionCreateTime": "2019-01-27T07:42:47.000Z",
    "html": "",
    "externalScripts": "",
    "updaterUID": "bd-2208532672",
    "theme": "",
    "layout": "",
    "viewCount": 354,
    "userName": "进***眼",
    "commentCount": 0,
    "starCount": 3,
    "isStared": 0,
    "thumbnailURL": "https://www.makeapie.com/ecg-storage/ec_gallery_thumbnail/xmvWv778rV.png?v=1548574968007",
    "isCustomThumbnail": 0,
    "builtinTags": [
        "calendar",
        "category-work",
        "series-heatmap",
        "title",
        "tooltip",
        "visualMap"
    ],
    "customTags": [],
    "updaterUserName": "进***眼"
}