{
    "cid": "xSFyBjkjPv",
    "authorUid": "bd-2117376397",
    "authorUserName": "思绪再多丶",
    "title": "2222",
    "description": "",
    "latestVersion": 1,
    "alwaysLatest": 1,
    "createTime": "2019-01-25T07:44:39.000Z",
    "lastUpdateTime": "2019-01-25T07:44:39.000Z",
    "auth": 2,
    "uid": "bd-2117376397",
    "publishedVersion": 0,
    "forkFrom": "-",
    "isSpam": 0,
    "version": 1,
    "parentVersion": -1,
    "echartsVersion": "4.2.0",
    "versionCreateTime": "2019-01-25T07:44:39.000Z",
    "html": "",
    "externalScripts": "",
    "updaterUID": "bd-2117376397",
    "theme": "",
    "layout": "",
    "viewCount": 1,
    "userName": "思绪再多丶",
    "commentCount": 0,
    "starCount": 0,
    "isStared": 0,
    "thumbnailURL": "https://www.makeapie.com/ecg-storage/ec_gallery_thumbnail/xSFyBjkjPv.png?v=1548402279165",
    "isCustomThumbnail": 0,
    "builtinTags": [
        "category-work",
        "grid",
        "series-line",
        "title"
    ],
    "customTags": [],
    "updaterUserName": "思绪再多丶"
}