{
    "cid": "xsPgmyx_Z9",
    "authorUid": "bd-2208532672",
    "authorUserName": "进***眼",
    "title": "2013-2016年轮子哥知乎发布情况",
    "description": "",
    "latestVersion": 4,
    "alwaysLatest": 1,
    "createTime": "2019-01-26T11:20:18.000Z",
    "lastUpdateTime": "2019-01-26T11:20:18.000Z",
    "auth": 2,
    "uid": "bd-2208532672",
    "publishedVersion": 0,
    "forkFrom": "-",
    "isSpam": 0,
    "version": 4,
    "parentVersion": 3,
    "echartsVersion": "4.2.1",
    "versionCreateTime": "2019-01-27T07:42:13.000Z",
    "html": "",
    "externalScripts": "",
    "updaterUID": "bd-2208532672",
    "theme": "",
    "layout": "",
    "viewCount": 596,
    "userName": "进***眼",
    "commentCount": 0,
    "starCount": 0,
    "isStared": 0,
    "thumbnailURL": "https://www.makeapie.com/ecg-storage/ec_gallery_thumbnail/xsPgmyx_Z9.png?v=1548574933470",
    "isCustomThumbnail": 0,
    "builtinTags": [
        "calendar",
        "category-work",
        "series-heatmap",
        "title",
        "tooltip",
        "visualMap"
    ],
    "customTags": [],
    "updaterUserName": "进***眼"
}