{
    "cid": "xyR7umDOGu",
    "authorUid": "bd-3018411776",
    "authorUserName": "白石资产",
    "title": "1111",
    "description": "",
    "latestVersion": 1,
    "alwaysLatest": 1,
    "createTime": "2019-01-25T05:41:42.000Z",
    "lastUpdateTime": "2019-01-25T05:41:42.000Z",
    "auth": 2,
    "uid": "bd-3018411776",
    "publishedVersion": 0,
    "forkFrom": "-",
    "isSpam": 0,
    "version": 1,
    "parentVersion": -1,
    "echartsVersion": "4.2.0",
    "versionCreateTime": "2019-01-25T05:41:42.000Z",
    "html": "",
    "externalScripts": "",
    "updaterUID": "bd-3018411776",
    "theme": "",
    "layout": "",
    "viewCount": 247,
    "userName": "白石资产",
    "commentCount": 1,
    "starCount": 1,
    "isStared": 0,
    "thumbnailURL": "https://www.makeapie.com/ecg-storage/ec_gallery_thumbnail/xyR7umDOGu.png?v=1548394902266",
    "isCustomThumbnail": 0,
    "builtinTags": [
        "category-work",
        "legend",
        "series-graph",
        "tooltip"
    ],
    "customTags": [],
    "updaterUserName": "白石资产"
}