{
    "cid": "x53EBVDIfV",
    "authorUid": "obd-oNTOVHnFaw0LnPsih48HJoXN0h5RwCS",
    "authorUserName": "y***4",
    "title": "兴义市行（其他县级市合作QQ470797533）政区域图",
    "description": "县级市乡镇行政区域图",
    "latestVersion": 3,
    "alwaysLatest": 1,
    "createTime": "2021-01-11T07:54:45.000Z",
    "lastUpdateTime": "2021-01-11T07:54:45.000Z",
    "auth": 2,
    "uid": "obd-oNTOVHnFaw0LnPsih48HJoXN0h5RwCS",
    "publishedVersion": 0,
    "forkFrom": "-",
    "isSpam": 0,
    "version": 3,
    "parentVersion": 2,
    "echartsVersion": "4.8.0",
    "versionCreateTime": "2021-01-11T07:58:36.000Z",
    "html": "",
    "externalScripts": "",
    "updaterUID": "obd-oNTOVHnFaw0LnPsih48HJoXN0h5RwCS",
    "theme": "",
    "layout": "",
    "viewCount": 396,
    "userName": "y***4",
    "commentCount": 0,
    "starCount": 0,
    "isStared": 0,
    "thumbnailURL": "https://www.makeapie.com/ecg-storage/ec_gallery_thumbnail/x53EBVDIfV.png?v=1610351917023",
    "isCustomThumbnail": 0,
    "builtinTags": [
        "category-work",
        "geo",
        "legend",
        "series-map",
        "title",
        "tooltip"
    ],
    "customTags": [
        "县级市乡镇行政区域图"
    ],
    "updaterUserName": "y***4"
}