{
    "cid": "xl23DjNRtC",
    "authorUid": "bd-3959925009",
    "authorUserName": "随***缘",
    "title": "地图",
    "description": "",
    "latestVersion": 4,
    "alwaysLatest": 1,
    "createTime": "2021-01-09T04:09:29.000Z",
    "lastUpdateTime": "2021-10-22T18:01:29.000Z",
    "auth": 2,
    "uid": "bd-3959925009",
    "publishedVersion": 0,
    "forkFrom": "-",
    "isSpam": 0,
    "version": 4,
    "parentVersion": 3,
    "echartsVersion": "4.9.0",
    "versionCreateTime": "2021-10-22T18:01:29.000Z",
    "html": "",
    "externalScripts": "",
    "updaterUID": "bd-3959925009",
    "theme": "",
    "layout": "",
    "viewCount": 97,
    "userName": "随***缘",
    "commentCount": 0,
    "starCount": 0,
    "isStared": 0,
    "thumbnailURL": "https://www.makeapie.com/ecg-storage/ec_gallery_thumbnail/xl23DjNRtC.png?v=1634925689767",
    "isCustomThumbnail": 0,
    "builtinTags": [
        "category-work",
        "series-map",
        "toolbox",
        "tooltip",
        "visualMap"
    ],
    "customTags": [],
    "updaterUserName": "随***缘"
}