{
    "cid": "xLF88VfElJ",
    "authorUid": "obd-oNTOVHnFaw0LnPsih48HJoXN0h5RwCS",
    "authorUserName": "y***4",
    "title": "大理市（其他县级市合作QQ470797533）行政区域图",
    "description": "县级市行政区域图",
    "latestVersion": 3,
    "alwaysLatest": 1,
    "createTime": "2021-01-10T08:19:02.000Z",
    "lastUpdateTime": "2021-01-10T08:19:02.000Z",
    "auth": 2,
    "uid": "obd-oNTOVHnFaw0LnPsih48HJoXN0h5RwCS",
    "publishedVersion": 0,
    "forkFrom": "-",
    "isSpam": 0,
    "version": 3,
    "parentVersion": 2,
    "echartsVersion": "4.8.0",
    "versionCreateTime": "2021-01-10T08:20:32.000Z",
    "html": "",
    "externalScripts": "",
    "updaterUID": "obd-oNTOVHnFaw0LnPsih48HJoXN0h5RwCS",
    "theme": "",
    "layout": "",
    "viewCount": 64,
    "userName": "y***4",
    "commentCount": 0,
    "starCount": 0,
    "isStared": 0,
    "thumbnailURL": "https://www.makeapie.com/ecg-storage/ec_gallery_thumbnail/xLF88VfElJ.png?v=1610266833138",
    "isCustomThumbnail": 0,
    "builtinTags": [
        "category-work",
        "series-map",
        "title"
    ],
    "customTags": [
        "乡镇行政区域图",
        "县级市行政区域图",
        "行政区域图"
    ],
    "updaterUserName": "y***4"
}