{
    "cid": "xlKZXfGeAH",
    "authorUid": "bd-714299955",
    "authorUserName": "c***1",
    "title": "带背景",
    "description": "",
    "latestVersion": 2,
    "alwaysLatest": 1,
    "createTime": "2021-01-08T08:40:09.000Z",
    "lastUpdateTime": "2021-01-08T08:40:09.000Z",
    "auth": 2,
    "uid": "bd-714299955",
    "publishedVersion": 0,
    "forkFrom": "-",
    "isSpam": 0,
    "version": 2,
    "parentVersion": 1,
    "echartsVersion": "4.8.0",
    "versionCreateTime": "2021-01-08T08:45:08.000Z",
    "html": "",
    "externalScripts": "",
    "updaterUID": "bd-714299955",
    "theme": "",
    "layout": "",
    "viewCount": 82,
    "userName": "c***1",
    "commentCount": 0,
    "starCount": 1,
    "isStared": 0,
    "thumbnailURL": "https://www.makeapie.com/ecg-storage/ec_gallery_thumbnail/xlKZXfGeAH.png?v=1610095508767",
    "isCustomThumbnail": 0,
    "builtinTags": [
        "category-work",
        "grid",
        "legend",
        "series-bar",
        "tooltip"
    ],
    "customTags": [],
    "updaterUserName": "c***1"
}