{
    "cid": "xnwYbuHd04",
    "authorUid": "bd-2136137468",
    "authorUserName": "h***4",
    "title": "地球",
    "description": "",
    "latestVersion": 1,
    "alwaysLatest": 1,
    "createTime": "2021-01-07T12:07:45.000Z",
    "lastUpdateTime": "2021-01-07T12:07:45.000Z",
    "auth": 2,
    "uid": "bd-2136137468",
    "publishedVersion": 0,
    "forkFrom": "-",
    "isSpam": 0,
    "version": 1,
    "parentVersion": -1,
    "echartsVersion": "4.8.0",
    "versionCreateTime": "2021-01-07T12:07:45.000Z",
    "html": "",
    "externalScripts": "https://echarts.baidu.com/resource/echarts-gl-latest/dist/echarts-gl.min.js",
    "updaterUID": "bd-2136137468",
    "theme": "",
    "layout": "",
    "viewCount": 24,
    "userName": "h***4",
    "commentCount": 0,
    "starCount": 0,
    "isStared": 0,
    "thumbnailURL": "https://www.makeapie.com/ecg-storage/ec_gallery_thumbnail/xnwYbuHd04.png?v=1610021265755",
    "isCustomThumbnail": 0,
    "builtinTags": [
        "category-work",
        "globe",
        "series-lines3D",
        "series-scatter3D",
        "tooltip"
    ],
    "customTags": [],
    "updaterUserName": "h***4"
}