{
    "cid": "xQYNd_ryfD",
    "authorUid": "obd-olnpNwjajtkKmRA3AedAMVhClMTiF0W",
    "authorUserName": "防***油",
    "title": "车辆总数(辆)",
    "description": "",
    "latestVersion": 2,
    "alwaysLatest": 1,
    "createTime": "2021-01-09T13:55:00.000Z",
    "lastUpdateTime": "2021-01-09T13:55:00.000Z",
    "auth": 2,
    "uid": "obd-olnpNwjajtkKmRA3AedAMVhClMTiF0W",
    "publishedVersion": 0,
    "forkFrom": "-",
    "isSpam": 0,
    "version": 2,
    "parentVersion": 1,
    "echartsVersion": "4.8.0",
    "versionCreateTime": "2021-01-09T13:56:41.000Z",
    "html": "",
    "externalScripts": "",
    "updaterUID": "obd-olnpNwjajtkKmRA3AedAMVhClMTiF0W",
    "theme": "",
    "layout": "",
    "viewCount": 124,
    "userName": "防***油",
    "commentCount": 0,
    "starCount": 2,
    "isStared": 0,
    "thumbnailURL": "https://www.makeapie.com/ecg-storage/ec_gallery_thumbnail/xQYNd_ryfD.png?v=1610200601922",
    "isCustomThumbnail": 0,
    "builtinTags": [
        "category-work",
        "grid",
        "legend",
        "series-bar",
        "series-line",
        "series-pie",
        "title",
        "tooltip"
    ],
    "customTags": [],
    "updaterUserName": "防***油"
}