{
    "cid": "xRnDcGq6Qe",
    "authorUid": "obd-oNTOVHnFaw0LnPsih48HJoXN0h5RwCS",
    "authorUserName": "y***4",
    "title": "义务市行政区域图（QQ470797533合作）",
    "description": "县、县级市，乡镇行政区域图",
    "latestVersion": 3,
    "alwaysLatest": 1,
    "createTime": "2021-01-10T01:26:24.000Z",
    "lastUpdateTime": "2021-01-10T01:26:24.000Z",
    "auth": 2,
    "uid": "obd-oNTOVHnFaw0LnPsih48HJoXN0h5RwCS",
    "publishedVersion": 0,
    "forkFrom": "-",
    "isSpam": 0,
    "version": 3,
    "parentVersion": 2,
    "echartsVersion": "4.8.0",
    "versionCreateTime": "2021-01-10T02:06:30.000Z",
    "html": "",
    "externalScripts": "",
    "updaterUID": "obd-oNTOVHnFaw0LnPsih48HJoXN0h5RwCS",
    "theme": "",
    "layout": "",
    "viewCount": 101,
    "userName": "y***4",
    "commentCount": 0,
    "starCount": 0,
    "isStared": 0,
    "thumbnailURL": "https://www.makeapie.com/ecg-storage/ec_gallery_thumbnail/xRnDcGq6Qe.png?v=1610244390354",
    "isCustomThumbnail": 0,
    "builtinTags": [
        "category-work",
        "series-map",
        "title"
    ],
    "customTags": [
        "乡镇行政区域",
        "县级市地图",
        "县行政区域"
    ],
    "updaterUserName": "y***4"
}