{
    "cid": "xRvZCv7aJC",
    "authorUid": "obd-oEgwfC2Zab-broL6tMBlLcPT1wCLL4P",
    "authorUserName": "巨***a",
    "title": "",
    "description": "",
    "latestVersion": 1,
    "alwaysLatest": 1,
    "createTime": "2021-01-09T07:04:52.000Z",
    "lastUpdateTime": "2021-01-09T07:04:52.000Z",
    "auth": 2,
    "uid": "obd-oEgwfC2Zab-broL6tMBlLcPT1wCLL4P",
    "publishedVersion": 0,
    "forkFrom": "-",
    "isSpam": 0,
    "version": 1,
    "parentVersion": -1,
    "echartsVersion": "4.8.0",
    "versionCreateTime": "2021-01-09T07:04:52.000Z",
    "html": "",
    "externalScripts": "",
    "updaterUID": "obd-oEgwfC2Zab-broL6tMBlLcPT1wCLL4P",
    "theme": "",
    "layout": "",
    "viewCount": 29,
    "userName": "巨***a",
    "commentCount": 0,
    "starCount": 0,
    "isStared": 0,
    "thumbnailURL": "https://www.makeapie.com/ecg-storage/ec_gallery_thumbnail/xRvZCv7aJC.png?v=1610175892559",
    "isCustomThumbnail": 0,
    "builtinTags": [
        "category-work",
        "series-pie",
        "tooltip"
    ],
    "customTags": [],
    "updaterUserName": "巨***a"
}