{
    "cid": "xS0UGQzskn",
    "authorUid": "bd-85660897",
    "authorUserName": "晓***风",
    "title": "近一年总收益与各类资产收益按月变化",
    "description": "",
    "latestVersion": 1,
    "alwaysLatest": 1,
    "createTime": "2021-01-08T10:10:59.000Z",
    "lastUpdateTime": "2021-01-08T10:10:59.000Z",
    "auth": 2,
    "uid": "bd-85660897",
    "publishedVersion": 0,
    "forkFrom": "-",
    "isSpam": 0,
    "version": 1,
    "parentVersion": -1,
    "echartsVersion": "4.8.0",
    "versionCreateTime": "2021-01-08T10:10:59.000Z",
    "html": "",
    "externalScripts": "",
    "updaterUID": "bd-85660897",
    "theme": "",
    "layout": "",
    "viewCount": 68,
    "userName": "晓***风",
    "commentCount": 0,
    "starCount": 2,
    "isStared": 0,
    "thumbnailURL": "https://www.makeapie.com/ecg-storage/ec_gallery_thumbnail/xS0UGQzskn.png?v=1610100659350",
    "isCustomThumbnail": 0,
    "builtinTags": [
        "category-work",
        "dataZoom",
        "grid",
        "legend",
        "series-bar",
        "title",
        "tooltip"
    ],
    "customTags": [],
    "updaterUserName": "晓***风"
}