{
    "cid": "xUGmfc7Oem",
    "authorUid": "obd-ojqTNUq1GFZ2FYGnxCgY2zvS_mbh_DN",
    "authorUserName": "爱***机",
    "title": "自动轮播饼图",
    "description": "可以自动轮播，并自动切换中间内容",
    "latestVersion": 1,
    "alwaysLatest": 1,
    "createTime": "2021-01-08T08:11:52.000Z",
    "lastUpdateTime": "2021-01-08T08:11:52.000Z",
    "auth": 2,
    "uid": "obd-ojqTNUq1GFZ2FYGnxCgY2zvS_mbh_DN",
    "publishedVersion": 0,
    "forkFrom": "-",
    "isSpam": 0,
    "version": 1,
    "parentVersion": -1,
    "echartsVersion": "4.8.0",
    "versionCreateTime": "2021-01-08T08:11:52.000Z",
    "html": "",
    "externalScripts": "https://echarts.baidu.com/resource/echarts-liquidfill-latest/dist/echarts-liquidfill.min.js",
    "updaterUID": "obd-ojqTNUq1GFZ2FYGnxCgY2zvS_mbh_DN",
    "theme": "",
    "layout": "",
    "viewCount": 192,
    "userName": "爱***机",
    "commentCount": 0,
    "starCount": 0,
    "isStared": 0,
    "thumbnailURL": "https://www.makeapie.com/ecg-storage/ec_gallery_thumbnail/xUGmfc7Oem.png?v=1610093512751",
    "isCustomThumbnail": 0,
    "builtinTags": [
        "category-work",
        "series-pie",
        "title"
    ],
    "customTags": [],
    "updaterUserName": "爱***机"
}