{
    "cid": "xXsRlxl6HJ",
    "authorUid": "obd-o0NOsMY7OuT2PceCEyG2W-51BH7yWFD",
    "authorUserName": "W***3",
    "title": "成都重庆  双点双流向",
    "description": "",
    "latestVersion": 7,
    "alwaysLatest": 1,
    "createTime": "2021-01-08T04:27:23.000Z",
    "lastUpdateTime": "2021-01-08T04:27:23.000Z",
    "auth": 2,
    "uid": "obd-o0NOsMY7OuT2PceCEyG2W-51BH7yWFD",
    "publishedVersion": 0,
    "forkFrom": "-",
    "isSpam": 0,
    "version": 7,
    "parentVersion": 6,
    "echartsVersion": "4.8.0",
    "versionCreateTime": "2021-01-21T09:39:54.000Z",
    "html": "",
    "externalScripts": "",
    "updaterUID": "obd-o0NOsMY7OuT2PceCEyG2W-51BH7yWFD",
    "theme": "",
    "layout": "",
    "viewCount": 164,
    "userName": "W***3",
    "commentCount": 1,
    "starCount": 5,
    "isStared": 0,
    "thumbnailURL": "https://www.makeapie.com/ecg-storage/ec_gallery_thumbnail/xXsRlxl6HJ.png?v=1611221994812",
    "isCustomThumbnail": 0,
    "builtinTags": [
        "category-work",
        "geo",
        "graphic",
        "grid",
        "series-effectScatter",
        "series-lines",
        "toolbox"
    ],
    "customTags": [],
    "updaterUserName": "W***3"
}