{
    "cid": "xyPD4OFdue",
    "authorUid": "obd-o0XO4AO8BMFkvwrRmAO601-hOMPgVFN",
    "authorUserName": "J***z",
    "title": "无锡市各市区交通事故及交通指数",
    "description": "无锡市各市区交通事故及交通指数",
    "latestVersion": 1,
    "alwaysLatest": 1,
    "createTime": "2021-01-11T05:49:20.000Z",
    "lastUpdateTime": "2021-01-11T06:12:22.000Z",
    "auth": 2,
    "uid": "obd-o0XO4AO8BMFkvwrRmAO601-hOMPgVFN",
    "publishedVersion": 0,
    "forkFrom": "-",
    "isSpam": 0,
    "version": 1,
    "parentVersion": -1,
    "echartsVersion": "4.8.0",
    "versionCreateTime": "2021-01-11T05:49:20.000Z",
    "html": "",
    "externalScripts": "",
    "updaterUID": "obd-o0XO4AO8BMFkvwrRmAO601-hOMPgVFN",
    "theme": "",
    "layout": "{\"name\":\"Nx1\",\"width\":[],\"height\":[]}",
    "viewCount": 19,
    "userName": "J***z",
    "commentCount": 0,
    "starCount": 0,
    "isStared": 0,
    "thumbnailURL": "https://www.makeapie.com/ecg-storage/ec_gallery_thumbnail/xyPD4OFdue.png?v=1610344160603",
    "isCustomThumbnail": 0,
    "builtinTags": [],
    "customTags": [],
    "updaterUserName": "J***z"
}