{
    "cid": "xZORZXKrVZ",
    "authorUid": "obd-oCucXlPWzxnFF3gwtXXjxGdSbbq9M33",
    "authorUserName": "183*****796",
    "title": "环状饼图",
    "description": "",
    "latestVersion": 1,
    "alwaysLatest": 1,
    "createTime": "2021-01-08T06:42:44.000Z",
    "lastUpdateTime": "2021-01-08T06:42:44.000Z",
    "auth": 2,
    "uid": "obd-oCucXlPWzxnFF3gwtXXjxGdSbbq9M33",
    "publishedVersion": 0,
    "forkFrom": "-",
    "isSpam": 0,
    "version": 1,
    "parentVersion": -1,
    "echartsVersion": "4.8.0",
    "versionCreateTime": "2021-01-08T06:42:44.000Z",
    "html": "",
    "externalScripts": "",
    "updaterUID": "obd-oCucXlPWzxnFF3gwtXXjxGdSbbq9M33",
    "theme": "",
    "layout": "",
    "viewCount": 123,
    "userName": "183*****796",
    "commentCount": 0,
    "starCount": 7,
    "isStared": 0,
    "thumbnailURL": "https://www.makeapie.com/ecg-storage/ec_gallery_thumbnail/xZORZXKrVZ.png?v=1610088164652",
    "isCustomThumbnail": 0,
    "builtinTags": [
        "category-work",
        "legend",
        "series-pie"
    ],
    "customTags": [],
    "updaterUserName": "183*****796"
}