{
    "cid": "xZsF6eCHtu",
    "authorUid": "obd-oNTOVHnFaw0LnPsih48HJoXN0h5RwCS",
    "authorUserName": "y***4",
    "title": "（QQ470797533合作）贵州省>黔西南州>晴隆县>乡镇区域地图代码",
    "description": "地图行政区域getJosn代码，（省，市，区，县，镇，乡）",
    "latestVersion": 7,
    "alwaysLatest": 1,
    "createTime": "2021-01-09T08:04:10.000Z",
    "lastUpdateTime": "2021-01-09T08:04:10.000Z",
    "auth": 1,
    "uid": "obd-oNTOVHnFaw0LnPsih48HJoXN0h5RwCS",
    "publishedVersion": 0,
    "forkFrom": "-",
    "isSpam": 0,
    "version": 7,
    "parentVersion": 6,
    "echartsVersion": "4.8.0",
    "versionCreateTime": "2021-01-10T01:28:03.000Z",
    "html": "",
    "externalScripts": "https://echarts.baidu.com/resource/echarts-gl-latest/dist/echarts-gl.min.js",
    "updaterUID": "obd-oNTOVHnFaw0LnPsih48HJoXN0h5RwCS",
    "theme": "",
    "layout": "",
    "viewCount": 126,
    "userName": "y***4",
    "commentCount": 0,
    "starCount": 0,
    "isStared": 0,
    "thumbnailURL": "https://www.makeapie.com/ecg-storage/ec_gallery_thumbnail/xZsF6eCHtu.png?v=1610242084051",
    "isCustomThumbnail": 0,
    "builtinTags": [
        "category-work",
        "geo",
        "series-effectScatter",
        "series-map",
        "visualMap"
    ],
    "customTags": [
        "乡镇区域代码",
        "乡镇区域地图",
        "四级地图区域"
    ],
    "updaterUserName": "y***4"
}