{
    "cid": "x6BClus0xT",
    "authorUid": "bd-1298913600",
    "authorUserName": "思***展",
    "title": "可配置的多图联动",
    "description": "",
    "latestVersion": 2,
    "alwaysLatest": 1,
    "createTime": "2019-04-12T16:02:16.000Z",
    "lastUpdateTime": "2021-02-04T03:02:30.000Z",
    "auth": 1,
    "uid": "bd-1298913600",
    "publishedVersion": 0,
    "forkFrom": "-",
    "isSpam": 0,
    "version": 2,
    "parentVersion": 1,
    "echartsVersion": "4.2.1",
    "versionCreateTime": "2019-07-10T06:25:07.000Z",
    "html": "",
    "externalScripts": "",
    "updaterUID": "bd-2466829054",
    "theme": "default",
    "layout": "",
    "viewCount": 284,
    "userName": "思***展",
    "commentCount": 0,
    "starCount": 0,
    "isStared": 0,
    "thumbnailURL": "https://www.makeapie.com/ecg-storage/ec_gallery_thumbnail/x6BClus0xT.png?v=1612407751564",
    "isCustomThumbnail": 1,
    "builtinTags": [
        "category-work",
        "dataset",
        "dataZoom",
        "grid",
        "series-line",
        "tooltip"
    ],
    "customTags": [],
    "updaterUserName": "7***7"
}