{
    "cid": "x_nNQrZe6l",
    "authorUid": "bd-101698999",
    "authorUserName": "Z***8",
    "title": "从大神那学到的tooltip内部滚动条:D",
    "description": "tooltip.extraCssText = 'overflow-Y:scroll'",
    "latestVersion": 1,
    "alwaysLatest": 1,
    "createTime": "2019-04-16T02:36:35.000Z",
    "lastUpdateTime": "2019-04-16T02:37:37.000Z",
    "auth": 2,
    "uid": "bd-101698999",
    "publishedVersion": 0,
    "forkFrom": "-",
    "isSpam": 0,
    "version": 1,
    "parentVersion": -1,
    "echartsVersion": "4.2.1",
    "versionCreateTime": "2019-04-16T02:36:35.000Z",
    "html": "",
    "externalScripts": "http://data-visual.cn/datav/src/js/echarts/extension/echarts-wordcloud.min.js",
    "updaterUID": "bd-101698999",
    "theme": "default",
    "layout": "",
    "viewCount": 748,
    "userName": "Z***8",
    "commentCount": 0,
    "starCount": 1,
    "isStared": 0,
    "thumbnailURL": "https://www.makeapie.com/ecg-storage/ec_gallery_thumbnail/x_nNQrZe6l.png?v=1555382257305",
    "isCustomThumbnail": 1,
    "builtinTags": [
        "category-work",
        "grid",
        "series-bar",
        "title",
        "tooltip"
    ],
    "customTags": [],
    "updaterUserName": "Z***8"
}