{
    "cid": "xDLcOQaCZv",
    "authorUid": "bd-2167902842",
    "authorUserName": "free梦伽蓝",
    "title": "动态柱状图",
    "description": "动态柱状图",
    "latestVersion": 2,
    "alwaysLatest": 1,
    "createTime": "2019-04-16T02:07:20.000Z",
    "lastUpdateTime": "2019-04-16T02:07:20.000Z",
    "auth": 2,
    "uid": "bd-2167902842",
    "publishedVersion": 0,
    "forkFrom": "-",
    "isSpam": 0,
    "version": 2,
    "parentVersion": 1,
    "echartsVersion": "4.2.1",
    "versionCreateTime": "2019-06-08T07:19:21.000Z",
    "html": "",
    "externalScripts": "",
    "updaterUID": "bd-2167902842",
    "theme": "",
    "layout": "",
    "viewCount": 1640,
    "userName": "free梦伽蓝",
    "commentCount": 0,
    "starCount": 5,
    "isStared": 0,
    "thumbnailURL": "https://www.makeapie.com/ecg-storage/ec_gallery_thumbnail/xDLcOQaCZv.png?v=1559978362019",
    "isCustomThumbnail": 0,
    "builtinTags": [
        "category-work",
        "grid",
        "series-bar",
        "series-pictorialBar"
    ],
    "customTags": [],
    "updaterUserName": "free梦伽蓝"
}