{
    "cid": "xmiSQwhVBO",
    "authorUid": "bd-1896067372",
    "authorUserName": "a***6",
    "title": "昼夜",
    "description": "",
    "latestVersion": 1,
    "alwaysLatest": 1,
    "createTime": "2019-04-13T16:01:26.000Z",
    "lastUpdateTime": "2019-04-13T16:01:26.000Z",
    "auth": 2,
    "uid": "bd-1896067372",
    "publishedVersion": 0,
    "forkFrom": "-",
    "isSpam": 0,
    "version": 1,
    "parentVersion": -1,
    "echartsVersion": "4.2.1",
    "versionCreateTime": "2019-04-13T16:01:26.000Z",
    "html": "",
    "externalScripts": "",
    "updaterUID": "bd-1896067372",
    "theme": "",
    "layout": "",
    "viewCount": 41,
    "userName": "a***6",
    "commentCount": 0,
    "starCount": 0,
    "isStared": 0,
    "thumbnailURL": "https://www.makeapie.com/ecg-storage/ec_gallery_thumbnail/xmiSQwhVBO.png?v=1555171286406",
    "isCustomThumbnail": 0,
    "builtinTags": [
        "category-work",
        "grid",
        "legend",
        "series-bar",
        "tooltip"
    ],
    "customTags": [],
    "updaterUserName": "a***6"
}