{
    "cid": "xq-ZAlGdoS",
    "authorUid": "bd-1125435669",
    "authorUserName": "计***电",
    "title": "网络拓扑图2",
    "description": "",
    "latestVersion": 3,
    "alwaysLatest": 1,
    "createTime": "2019-04-16T02:58:45.000Z",
    "lastUpdateTime": "2019-04-16T02:58:45.000Z",
    "auth": 2,
    "uid": "bd-1125435669",
    "publishedVersion": 0,
    "forkFrom": "-",
    "isSpam": 0,
    "version": 3,
    "parentVersion": 2,
    "echartsVersion": "4.2.1",
    "versionCreateTime": "2019-04-16T03:54:13.000Z",
    "html": "",
    "externalScripts": "",
    "updaterUID": "bd-1125435669",
    "theme": "",
    "layout": "",
    "viewCount": 2358,
    "userName": "计***电",
    "commentCount": 4,
    "starCount": 8,
    "isStared": 0,
    "thumbnailURL": "https://www.makeapie.com/ecg-storage/ec_gallery_thumbnail/xq-ZAlGdoS.png?v=1555386853289",
    "isCustomThumbnail": 0,
    "builtinTags": [
        "category-work",
        "polar",
        "series-graph",
        "series-lines",
        "title"
    ],
    "customTags": [
        "关系",
        "拓扑"
    ],
    "updaterUserName": "计***电"
}