{
    "cid": "xSoW0V_j9B",
    "authorUid": "bd-3073127017",
    "authorUserName": "素年花白c",
    "title": "渐变柱状图",
    "description": "",
    "latestVersion": 1,
    "alwaysLatest": 1,
    "createTime": "2019-04-16T06:46:53.000Z",
    "lastUpdateTime": "2019-04-16T06:46:53.000Z",
    "auth": 2,
    "uid": "bd-3073127017",
    "publishedVersion": 0,
    "forkFrom": "-",
    "isSpam": 0,
    "version": 1,
    "parentVersion": -1,
    "echartsVersion": "4.2.1",
    "versionCreateTime": "2019-04-16T06:46:53.000Z",
    "html": "",
    "externalScripts": "",
    "updaterUID": "bd-3073127017",
    "theme": "",
    "layout": "",
    "viewCount": 201,
    "userName": "素年花白c",
    "commentCount": 0,
    "starCount": 3,
    "isStared": 0,
    "thumbnailURL": "https://www.makeapie.com/ecg-storage/ec_gallery_thumbnail/xSoW0V_j9B.png?v=1555397213911",
    "isCustomThumbnail": 0,
    "builtinTags": [
        "category-work",
        "dataZoom",
        "grid",
        "series-bar",
        "tooltip"
    ],
    "customTags": [
        "柱状图"
    ],
    "updaterUserName": "素年花白c"
}