{
    "cid": "xVgYqCisHu",
    "authorUid": "bd-143495432",
    "authorUserName": "d***3",
    "title": "50%",
    "description": "三环",
    "latestVersion": 2,
    "alwaysLatest": 1,
    "createTime": "2019-04-12T16:02:02.000Z",
    "lastUpdateTime": "2019-04-12T16:02:02.000Z",
    "auth": 2,
    "uid": "bd-143495432",
    "publishedVersion": 0,
    "forkFrom": "-",
    "isSpam": 0,
    "version": 2,
    "parentVersion": 1,
    "echartsVersion": "4.2.1",
    "versionCreateTime": "2019-04-18T06:19:16.000Z",
    "html": "",
    "externalScripts": "",
    "updaterUID": "bd-143495432",
    "theme": "",
    "layout": "",
    "viewCount": 136,
    "userName": "d***3",
    "commentCount": 0,
    "starCount": 1,
    "isStared": 0,
    "thumbnailURL": "https://www.makeapie.com/ecg-storage/ec_gallery_thumbnail/xVgYqCisHu.png?v=1555568356592",
    "isCustomThumbnail": 0,
    "builtinTags": [
        "category-work",
        "series-pie",
        "title",
        "toolbox",
        "tooltip"
    ],
    "customTags": [],
    "updaterUserName": "d***3"
}