{
    "cid": "xyAEr-Uvyk",
    "authorUid": "bd-3073127017",
    "authorUserName": "素年花白c",
    "title": "彩色折线图",
    "description": "",
    "latestVersion": 2,
    "alwaysLatest": 1,
    "createTime": "2019-04-16T02:22:26.000Z",
    "lastUpdateTime": "2019-04-16T02:22:26.000Z",
    "auth": 2,
    "uid": "bd-3073127017",
    "publishedVersion": 0,
    "forkFrom": "-",
    "isSpam": 0,
    "version": 2,
    "parentVersion": 1,
    "echartsVersion": "4.2.1",
    "versionCreateTime": "2019-04-16T02:38:31.000Z",
    "html": "",
    "externalScripts": "",
    "updaterUID": "bd-3073127017",
    "theme": "",
    "layout": "",
    "viewCount": 61,
    "userName": "素年花白c",
    "commentCount": 0,
    "starCount": 2,
    "isStared": 0,
    "thumbnailURL": "https://www.makeapie.com/ecg-storage/ec_gallery_thumbnail/xyAEr-Uvyk.png?v=1555382311103",
    "isCustomThumbnail": 0,
    "builtinTags": [
        "category-work",
        "grid",
        "legend",
        "series-line",
        "tooltip"
    ],
    "customTags": [],
    "updaterUserName": "素年花白c"
}