{
    "cid": "xyMvA0bbvw",
    "authorUid": "bd-2167902842",
    "authorUserName": "free梦伽蓝",
    "title": "分块散点图",
    "description": "分块，气泡大小变化",
    "latestVersion": 3,
    "alwaysLatest": 1,
    "createTime": "2019-04-16T07:05:21.000Z",
    "lastUpdateTime": "2019-04-16T07:05:21.000Z",
    "auth": 2,
    "uid": "bd-2167902842",
    "publishedVersion": 0,
    "forkFrom": "-",
    "isSpam": 0,
    "version": 3,
    "parentVersion": 2,
    "echartsVersion": "4.2.1",
    "versionCreateTime": "2019-06-08T07:24:47.000Z",
    "html": "",
    "externalScripts": "",
    "updaterUID": "bd-2167902842",
    "theme": "",
    "layout": "",
    "viewCount": 384,
    "userName": "free梦伽蓝",
    "commentCount": 0,
    "starCount": 1,
    "isStared": 0,
    "thumbnailURL": "https://www.makeapie.com/ecg-storage/ec_gallery_thumbnail/xyMvA0bbvw.png?v=1559978687336",
    "isCustomThumbnail": 0,
    "builtinTags": [
        "category-work",
        "grid",
        "legend",
        "markArea",
        "markLine",
        "series-scatter",
        "title",
        "tooltip"
    ],
    "customTags": [],
    "updaterUserName": "free梦伽蓝"
}