{
    "cid": "x3aEmWokrF",
    "authorUid": "bd-1009940966",
    "authorUserName": "纸***C",
    "title": "dataset示例",
    "description": "",
    "latestVersion": 12,
    "alwaysLatest": 1,
    "createTime": "2019-08-26T08:42:35.000Z",
    "lastUpdateTime": "2019-08-26T08:42:35.000Z",
    "auth": 2,
    "uid": "bd-1009940966",
    "publishedVersion": 0,
    "forkFrom": "-",
    "isSpam": 0,
    "version": 12,
    "parentVersion": 11,
    "echartsVersion": "4.3.0",
    "versionCreateTime": "2019-09-18T03:37:54.000Z",
    "html": "",
    "externalScripts": "",
    "updaterUID": "bd-1009940966",
    "theme": "",
    "layout": "{\"name\":\"NxM\",\"width\":[\"33.33%\",\"33.33%\",\"33.33%\"],\"height\":[\"33.33%\",\"33.33%\",\"33.33%\"]}",
    "viewCount": 390,
    "userName": "纸***C",
    "commentCount": 0,
    "starCount": 0,
    "isStared": 0,
    "thumbnailURL": "https://www.makeapie.com/ecg-storage/ec_gallery_thumbnail/x3aEmWokrF.png?v=1568777874792",
    "isCustomThumbnail": 0,
    "builtinTags": [
        "category-work",
        "dataset",
        "grid",
        "legend",
        "polar",
        "series-bar",
        "series-funnel",
        "series-line",
        "series-pie",
        "series-scatter",
        "tooltip",
        "visualMap"
    ],
    "customTags": [],
    "updaterUserName": "纸***C"
}