{
    "cid": "x74eeJu_OJ",
    "authorUid": "bd-3182588218",
    "authorUserName": "飞***燕",
    "title": "上海市3D 地图",
    "description": "",
    "latestVersion": 5,
    "alwaysLatest": 1,
    "createTime": "2019-08-26T08:24:36.000Z",
    "lastUpdateTime": "2019-08-26T08:24:36.000Z",
    "auth": 2,
    "uid": "bd-3182588218",
    "publishedVersion": 0,
    "forkFrom": "-",
    "isSpam": 0,
    "version": 5,
    "parentVersion": 4,
    "echartsVersion": "4.2.1",
    "versionCreateTime": "2019-08-26T10:19:39.000Z",
    "html": "",
    "externalScripts": "https://echarts.baidu.com/dist/echarts-gl.min.js,https://a1115040996.github.io/MyHTML/js/shanghai.js,https://gallerybox.echartsjs.com/dep/echarts/map/js/province/shandong.js",
    "updaterUID": "bd-3182588218",
    "theme": "",
    "layout": "",
    "viewCount": 3736,
    "userName": "飞***燕",
    "commentCount": 0,
    "starCount": 21,
    "isStared": 0,
    "thumbnailURL": "https://www.makeapie.com/ecg-storage/ec_gallery_thumbnail/x74eeJu_OJ.png?v=1566807876236",
    "isCustomThumbnail": 1,
    "builtinTags": [
        "category-work",
        "geo3D",
        "series-bar3D",
        "series-scatter3D",
        "visualMap"
    ],
    "customTags": [],
    "updaterUserName": "飞***燕"
}