{
    "cid": "x8sFKkLF1B",
    "authorUid": "bd-3182588218",
    "authorUserName": "飞***燕",
    "title": "备选折线+柱状图2",
    "description": "",
    "latestVersion": 1,
    "alwaysLatest": 1,
    "createTime": "2019-08-23T08:20:02.000Z",
    "lastUpdateTime": "2019-08-23T08:20:02.000Z",
    "auth": 2,
    "uid": "bd-3182588218",
    "publishedVersion": 0,
    "forkFrom": "-",
    "isSpam": 0,
    "version": 1,
    "parentVersion": -1,
    "echartsVersion": "4.2.1",
    "versionCreateTime": "2019-08-23T08:20:02.000Z",
    "html": "",
    "externalScripts": "",
    "updaterUID": "bd-3182588218",
    "theme": "",
    "layout": "",
    "viewCount": 3797,
    "userName": "飞***燕",
    "commentCount": 0,
    "starCount": 19,
    "isStared": 0,
    "thumbnailURL": "https://www.makeapie.com/ecg-storage/ec_gallery_thumbnail/x8sFKkLF1B.png?v=1566548402820",
    "isCustomThumbnail": 0,
    "builtinTags": [
        "category-work",
        "grid",
        "legend",
        "series-bar",
        "series-line",
        "series-pictorialBar"
    ],
    "customTags": [],
    "updaterUserName": "飞***燕"
}