{
    "cid": "x8tFflBWVS",
    "authorUid": "bd-1631520711",
    "authorUserName": "孤***回",
    "title": "点击力导向关系图--实现点击节点展开折叠",
    "description": "",
    "latestVersion": 1,
    "alwaysLatest": 1,
    "createTime": "2019-08-26T03:44:51.000Z",
    "lastUpdateTime": "2019-08-26T03:44:51.000Z",
    "auth": 2,
    "uid": "bd-1631520711",
    "publishedVersion": 0,
    "forkFrom": "-",
    "isSpam": 0,
    "version": 1,
    "parentVersion": -1,
    "echartsVersion": "4.2.1",
    "versionCreateTime": "2019-08-26T03:44:51.000Z",
    "html": "",
    "externalScripts": "",
    "updaterUID": "bd-1631520711",
    "theme": "",
    "layout": "",
    "viewCount": 551,
    "userName": "孤***回",
    "commentCount": 0,
    "starCount": 1,
    "isStared": 0,
    "thumbnailURL": "https://www.makeapie.com/ecg-storage/ec_gallery_thumbnail/x8tFflBWVS.png?v=1566791091581",
    "isCustomThumbnail": 0,
    "builtinTags": [
        "category-work",
        "series-graph",
        "title",
        "tooltip"
    ],
    "customTags": [
        "graph"
    ],
    "updaterUserName": "孤***回"
}