{
    "cid": "x93noucctB",
    "authorUid": "bd-2505828528",
    "authorUserName": "是***卿",
    "title": "水量变化",
    "description": "",
    "latestVersion": 1,
    "alwaysLatest": 1,
    "createTime": "2019-08-23T07:21:32.000Z",
    "lastUpdateTime": "2019-08-23T07:21:32.000Z",
    "auth": 1,
    "uid": "bd-2505828528",
    "publishedVersion": 0,
    "forkFrom": "-",
    "isSpam": 0,
    "version": 1,
    "parentVersion": -1,
    "echartsVersion": "4.2.1",
    "versionCreateTime": "2019-08-23T07:21:32.000Z",
    "html": "",
    "externalScripts": "",
    "updaterUID": "bd-2505828528",
    "theme": "",
    "layout": "",
    "viewCount": 115,
    "userName": "是***卿",
    "commentCount": 0,
    "starCount": 1,
    "isStared": 0,
    "thumbnailURL": "https://www.makeapie.com/ecg-storage/ec_gallery_thumbnail/x93noucctB.png?v=1566544892333",
    "isCustomThumbnail": 0,
    "builtinTags": [
        "category-work",
        "grid",
        "series-line",
        "title",
        "tooltip"
    ],
    "customTags": [],
    "updaterUserName": "是***卿"
}