{
    "cid": "xbqZ99Dfr2",
    "authorUid": "bd-1830065533",
    "authorUserName": "q***9",
    "title": "散点图特殊定制化",
    "description": "",
    "latestVersion": 2,
    "alwaysLatest": 1,
    "createTime": "2019-08-23T08:33:53.000Z",
    "lastUpdateTime": "2019-08-23T08:33:53.000Z",
    "auth": 2,
    "uid": "bd-1830065533",
    "publishedVersion": 0,
    "forkFrom": "-",
    "isSpam": 0,
    "version": 2,
    "parentVersion": 1,
    "echartsVersion": "4.2.1",
    "versionCreateTime": "2019-08-23T08:34:26.000Z",
    "html": "",
    "externalScripts": "",
    "updaterUID": "bd-1830065533",
    "theme": "",
    "layout": "",
    "viewCount": 494,
    "userName": "q***9",
    "commentCount": 0,
    "starCount": 1,
    "isStared": 0,
    "thumbnailURL": "https://www.makeapie.com/ecg-storage/ec_gallery_thumbnail/xbqZ99Dfr2.png?v=1566549266471",
    "isCustomThumbnail": 0,
    "builtinTags": [
        "category-work",
        "dataZoom",
        "grid",
        "markLine",
        "series-line",
        "series-scatter",
        "tooltip"
    ],
    "customTags": [],
    "updaterUserName": "q***9"
}