{
    "cid": "xggoTnY56-",
    "authorUid": "bd-3259090913",
    "authorUserName": "b***m",
    "title": "",
    "description": "",
    "latestVersion": 2,
    "alwaysLatest": 1,
    "createTime": "2019-08-23T09:54:03.000Z",
    "lastUpdateTime": "2019-08-23T09:54:03.000Z",
    "auth": 2,
    "uid": "bd-3259090913",
    "publishedVersion": 0,
    "forkFrom": "-",
    "isSpam": 0,
    "version": 2,
    "parentVersion": 1,
    "echartsVersion": "4.2.1",
    "versionCreateTime": "2019-08-23T09:58:33.000Z",
    "html": "",
    "externalScripts": "",
    "updaterUID": "bd-3259090913",
    "theme": "",
    "layout": "",
    "viewCount": 143,
    "userName": "b***m",
    "commentCount": 0,
    "starCount": 3,
    "isStared": 0,
    "thumbnailURL": "https://www.makeapie.com/ecg-storage/ec_gallery_thumbnail/xggoTnY56-.png?v=1566554313786",
    "isCustomThumbnail": 0,
    "builtinTags": [
        "category-work",
        "grid",
        "legend",
        "series-bar",
        "tooltip"
    ],
    "customTags": [],
    "updaterUserName": "b***m"
}