{
    "cid": "xhqOrUSZDD",
    "authorUid": "bd-1631520711",
    "authorUserName": "孤***回",
    "title": "设置阈值的折线图",
    "description": "",
    "latestVersion": 1,
    "alwaysLatest": 1,
    "createTime": "2019-08-23T06:43:24.000Z",
    "lastUpdateTime": "2019-08-23T06:43:24.000Z",
    "auth": 2,
    "uid": "bd-1631520711",
    "publishedVersion": 0,
    "forkFrom": "-",
    "isSpam": 0,
    "version": 1,
    "parentVersion": -1,
    "echartsVersion": "4.2.1",
    "versionCreateTime": "2019-08-23T06:43:24.000Z",
    "html": "",
    "externalScripts": "",
    "updaterUID": "bd-1631520711",
    "theme": "",
    "layout": "",
    "viewCount": 228,
    "userName": "孤***回",
    "commentCount": 0,
    "starCount": 1,
    "isStared": 0,
    "thumbnailURL": "https://www.makeapie.com/ecg-storage/ec_gallery_thumbnail/xhqOrUSZDD.png?v=1566542604524",
    "isCustomThumbnail": 0,
    "builtinTags": [
        "category-work",
        "grid",
        "legend",
        "markLine",
        "series-line",
        "tooltip"
    ],
    "customTags": [
        "line",
        "markLine"
    ],
    "updaterUserName": "孤***回"
}