{
    "cid": "xLUiHUBY_7",
    "authorUid": "bd-2215896966",
    "authorUserName": "4***8",
    "title": "分组柱状图",
    "description": "",
    "latestVersion": 2,
    "alwaysLatest": 1,
    "createTime": "2019-08-25T16:14:40.000Z",
    "lastUpdateTime": "2019-08-25T16:14:40.000Z",
    "auth": 2,
    "uid": "bd-2215896966",
    "publishedVersion": 0,
    "forkFrom": "-",
    "isSpam": 0,
    "version": 2,
    "parentVersion": 1,
    "echartsVersion": "4.2.1",
    "versionCreateTime": "2019-08-25T16:25:35.000Z",
    "html": "",
    "externalScripts": "",
    "updaterUID": "bd-2215896966",
    "theme": "",
    "layout": "",
    "viewCount": 117,
    "userName": "4***8",
    "commentCount": 0,
    "starCount": 0,
    "isStared": 0,
    "thumbnailURL": "https://www.makeapie.com/ecg-storage/ec_gallery_thumbnail/xLUiHUBY_7.png?v=1566750335718",
    "isCustomThumbnail": 0,
    "builtinTags": [
        "category-work",
        "grid",
        "legend",
        "series-bar"
    ],
    "customTags": [],
    "updaterUserName": "4***8"
}