{
    "cid": "xMhLOsk6Lx",
    "authorUid": "bd-1177841325",
    "authorUserName": "i***o",
    "title": "水电收入统计",
    "description": "水电收入统计",
    "latestVersion": 4,
    "alwaysLatest": 1,
    "createTime": "2019-08-23T05:28:17.000Z",
    "lastUpdateTime": "2019-08-23T05:28:17.000Z",
    "auth": 2,
    "uid": "bd-1177841325",
    "publishedVersion": 0,
    "forkFrom": "-",
    "isSpam": 0,
    "version": 4,
    "parentVersion": 3,
    "echartsVersion": "4.2.1",
    "versionCreateTime": "2019-08-23T05:45:02.000Z",
    "html": "",
    "externalScripts": "",
    "updaterUID": "bd-1177841325",
    "theme": "",
    "layout": "",
    "viewCount": 139,
    "userName": "i***o",
    "commentCount": 0,
    "starCount": 1,
    "isStared": 0,
    "thumbnailURL": "https://www.makeapie.com/ecg-storage/ec_gallery_thumbnail/xMhLOsk6Lx.png?v=1566539103045",
    "isCustomThumbnail": 0,
    "builtinTags": [
        "category-work",
        "grid",
        "legend",
        "series-line",
        "title",
        "toolbox",
        "tooltip"
    ],
    "customTags": [],
    "updaterUserName": "i***o"
}