{
    "cid": "xrA0YfokCV",
    "authorUid": "bd-2385886544",
    "authorUserName": "等***W",
    "title": "图例反选",
    "description": "dy",
    "latestVersion": 2,
    "alwaysLatest": 1,
    "createTime": "2019-08-26T05:39:45.000Z",
    "lastUpdateTime": "2019-08-26T05:39:45.000Z",
    "auth": 2,
    "uid": "bd-2385886544",
    "publishedVersion": 0,
    "forkFrom": "-",
    "isSpam": 0,
    "version": 2,
    "parentVersion": 1,
    "echartsVersion": "4.2.1",
    "versionCreateTime": "2019-08-27T05:52:21.000Z",
    "html": "",
    "externalScripts": "",
    "updaterUID": "bd-2385886544",
    "theme": "",
    "layout": "",
    "viewCount": 12,
    "userName": "等***W",
    "commentCount": 0,
    "starCount": 1,
    "isStared": 0,
    "thumbnailURL": "https://www.makeapie.com/ecg-storage/ec_gallery_thumbnail/xrA0YfokCV.png?v=1566885141883",
    "isCustomThumbnail": 0,
    "builtinTags": [
        "category-work",
        "grid",
        "legend",
        "series-line",
        "title",
        "tooltip"
    ],
    "customTags": [],
    "updaterUserName": "等***W"
}