{
    "cid": "xT78kikMhE",
    "authorUid": "bd-3154358575",
    "authorUserName": "a***5",
    "title": "标准板件在某年各月的生产比例统计柱状图",
    "description": "学习使用1",
    "latestVersion": 3,
    "alwaysLatest": 1,
    "createTime": "2019-08-23T09:34:36.000Z",
    "lastUpdateTime": "2019-08-23T09:34:36.000Z",
    "auth": 2,
    "uid": "bd-3154358575",
    "publishedVersion": 0,
    "forkFrom": "-",
    "isSpam": 0,
    "version": 3,
    "parentVersion": 2,
    "echartsVersion": "4.2.1",
    "versionCreateTime": "2019-08-23T10:09:19.000Z",
    "html": "",
    "externalScripts": "",
    "updaterUID": "bd-3154358575",
    "theme": "",
    "layout": "",
    "viewCount": 48,
    "userName": "a***5",
    "commentCount": 0,
    "starCount": 0,
    "isStared": 0,
    "thumbnailURL": "https://www.makeapie.com/ecg-storage/ec_gallery_thumbnail/xT78kikMhE.png?v=1566554959280",
    "isCustomThumbnail": 0,
    "builtinTags": [
        "category-work",
        "grid",
        "legend",
        "series-bar",
        "title",
        "toolbox",
        "tooltip"
    ],
    "customTags": [],
    "updaterUserName": "a***5"
}