{
    "cid": "xttjsiKInU",
    "authorUid": "bd-749254193",
    "authorUserName": "欧***一",
    "title": "民用户抄表率：96%",
    "description": "仪表盘盘",
    "latestVersion": 3,
    "alwaysLatest": 1,
    "createTime": "2019-08-23T08:44:02.000Z",
    "lastUpdateTime": "2019-08-23T08:44:02.000Z",
    "auth": 1,
    "uid": "bd-749254193",
    "publishedVersion": 0,
    "forkFrom": "-",
    "isSpam": 0,
    "version": 3,
    "parentVersion": 2,
    "echartsVersion": "4.8.0",
    "versionCreateTime": "2020-11-27T07:45:30.000Z",
    "html": "",
    "externalScripts": "",
    "updaterUID": "obd-oMHVs8kfIoF_AcaSW0q3I15lEgHZp2h",
    "theme": "",
    "layout": "",
    "viewCount": 463,
    "userName": "欧***一",
    "commentCount": 0,
    "starCount": 0,
    "isStared": 0,
    "thumbnailURL": "https://www.makeapie.com/ecg-storage/ec_gallery_thumbnail/xttjsiKInU.png?v=1606463130103",
    "isCustomThumbnail": 0,
    "builtinTags": [
        "category-work",
        "series-gauge",
        "title"
    ],
    "customTags": [
        "仪表盘"
    ],
    "updaterUserName": "童***一"
}