{
    "cid": "xUHOxf7KXa",
    "authorUid": "bd-1380071135",
    "authorUserName": "zh...8@vip.qq.com",
    "title": "Awesome Chart",
    "description": "",
    "latestVersion": 1,
    "alwaysLatest": 1,
    "createTime": "2019-08-26T09:27:57.000Z",
    "lastUpdateTime": "2019-08-26T09:27:57.000Z",
    "auth": 2,
    "uid": "bd-1380071135",
    "publishedVersion": 0,
    "forkFrom": "-",
    "isSpam": 0,
    "version": 1,
    "parentVersion": -1,
    "echartsVersion": "4.2.1",
    "versionCreateTime": "2019-08-26T09:27:57.000Z",
    "html": "",
    "externalScripts": "",
    "updaterUID": "bd-1380071135",
    "theme": "",
    "layout": "",
    "viewCount": 4,
    "userName": "zh...8@vip.qq.com",
    "commentCount": 0,
    "starCount": 0,
    "isStared": 0,
    "thumbnailURL": "https://www.makeapie.com/ecg-storage/ec_gallery_thumbnail/xUHOxf7KXa.png?v=1566811677927",
    "isCustomThumbnail": 0,
    "builtinTags": [
        "category-work",
        "grid",
        "series-line",
        "title"
    ],
    "customTags": [],
    "updaterUserName": "zh...8@vip.qq.com"
}