{
    "cid": "x0VVwkMJIC",
    "authorUid": "bd-1895925720",
    "authorUserName": "心***阔",
    "title": "平面图地图3D效果，整体地图渐变色，并且两层同步拖拽",
    "description": "",
    "latestVersion": 2,
    "alwaysLatest": 0,
    "createTime": "2021-06-16T03:49:48.000Z",
    "lastUpdateTime": "2021-06-16T03:49:48.000Z",
    "auth": 1,
    "uid": "bd-1895925720",
    "publishedVersion": 0,
    "forkFrom": "-",
    "isSpam": 0,
    "version": 2,
    "parentVersion": 1,
    "echartsVersion": "5.1.2",
    "versionCreateTime": "2021-06-16T03:52:58.000Z",
    "html": "",
    "externalScripts": "/dep/echarts/map/js/china.js",
    "updaterUID": "bd-1895925720",
    "theme": "",
    "layout": "",
    "viewCount": 0,
    "userName": "心***阔",
    "commentCount": 0,
    "starCount": 2,
    "isStared": 0,
    "thumbnailURL": "https://www.makeapie.com/ecg-storage/ec_gallery_thumbnail/x0VVwkMJIC.png?v=1623815578552",
    "isCustomThumbnail": 0,
    "builtinTags": [
        "category-work",
        "geo",
        "series-map",
        "title",
        "visualMap"
    ],
    "customTags": [],
    "updaterUserName": "心***阔"
}