{
    "cid": "x97xRAmnm1",
    "authorUid": "obd-oMu8c3MxDm428ZNZMzPSi4FSn4naG21",
    "authorUserName": "L***0",
    "title": "登录次数",
    "description": "",
    "latestVersion": 2,
    "alwaysLatest": 0,
    "createTime": "2021-06-17T06:21:12.000Z",
    "lastUpdateTime": "2021-06-17T06:21:12.000Z",
    "auth": 2,
    "uid": "obd-oMu8c3MxDm428ZNZMzPSi4FSn4naG21",
    "publishedVersion": 0,
    "forkFrom": "-",
    "isSpam": 0,
    "version": 2,
    "parentVersion": 1,
    "echartsVersion": "4.8.0",
    "versionCreateTime": "2021-06-17T06:53:58.000Z",
    "html": "",
    "externalScripts": "",
    "updaterUID": "obd-oMu8c3MxDm428ZNZMzPSi4FSn4naG21",
    "theme": "",
    "layout": "",
    "viewCount": 0,
    "userName": "L***0",
    "commentCount": 0,
    "starCount": 0,
    "isStared": 0,
    "thumbnailURL": "https://www.makeapie.com/ecg-storage/ec_gallery_thumbnail/x97xRAmnm1.png?v=1623912838562",
    "isCustomThumbnail": 0,
    "builtinTags": [
        "category-work",
        "series-pie",
        "title"
    ],
    "customTags": [],
    "updaterUserName": "L***0"
}