{
    "cid": "xfEd6Zyu8j",
    "authorUid": "obd-olzfCSZCumgHKulBoTFBtiDlRcIlD0u",
    "authorUserName": "佑***杰",
    "title": "时间线数据轮播",
    "description": "",
    "latestVersion": 2,
    "alwaysLatest": 0,
    "createTime": "2021-06-15T07:08:13.000Z",
    "lastUpdateTime": "2021-06-15T07:08:13.000Z",
    "auth": 2,
    "uid": "obd-olzfCSZCumgHKulBoTFBtiDlRcIlD0u",
    "publishedVersion": 0,
    "forkFrom": "-",
    "isSpam": 0,
    "version": 2,
    "parentVersion": 1,
    "echartsVersion": "5.1.2",
    "versionCreateTime": "2021-06-15T07:38:32.000Z",
    "html": "",
    "externalScripts": "",
    "updaterUID": "obd-olzfCSZCumgHKulBoTFBtiDlRcIlD0u",
    "theme": "",
    "layout": "",
    "viewCount": 0,
    "userName": "佑***杰",
    "commentCount": 0,
    "starCount": 4,
    "isStared": 0,
    "thumbnailURL": "https://www.makeapie.com/ecg-storage/ec_gallery_thumbnail/xfEd6Zyu8j.png?v=1623742712517",
    "isCustomThumbnail": 0,
    "builtinTags": [
        "category-work",
        "grid",
        "legend",
        "series-bar",
        "timeline",
        "title",
        "toolbox",
        "tooltip"
    ],
    "customTags": [],
    "updaterUserName": "佑***杰"
}