{
    "cid": "xFj1tXqwuN",
    "authorUid": "bd-2886597724",
    "authorUserName": "b***9",
    "title": "BZQ_P",
    "description": "",
    "latestVersion": 4,
    "alwaysLatest": 0,
    "createTime": "2021-06-17T02:36:53.000Z",
    "lastUpdateTime": "2021-12-06T10:15:04.000Z",
    "auth": 1,
    "uid": "bd-2886597724",
    "publishedVersion": 0,
    "forkFrom": "-",
    "isSpam": 0,
    "version": 4,
    "parentVersion": 3,
    "echartsVersion": "5.2.2",
    "versionCreateTime": "2021-12-06T10:15:04.000Z",
    "html": "",
    "externalScripts": "/dep/echarts/map/js/china.js",
    "updaterUID": "obd-oNgD-iltdN5GEpngNR2Qi9ICnehGJCG",
    "theme": "",
    "layout": "",
    "viewCount": 0,
    "userName": "b***9",
    "commentCount": 0,
    "starCount": 0,
    "isStared": 0,
    "thumbnailURL": "https://www.makeapie.com/ecg-storage/ec_gallery_thumbnail/xFj1tXqwuN.png?v=1638785704489",
    "isCustomThumbnail": 0,
    "builtinTags": [
        "category-work",
        "geo",
        "series-map",
        "tooltip",
        "visualMap"
    ],
    "customTags": [],
    "updaterUserName": "_***名"
}