{
    "cid": "xImmRG6gIE",
    "authorUid": "bd-4286708132",
    "authorUserName": "L***h",
    "title": "bigntu ",
    "description": "项目需要--记录",
    "latestVersion": 1,
    "alwaysLatest": 0,
    "createTime": "2021-06-15T08:50:45.000Z",
    "lastUpdateTime": "2021-06-15T08:50:45.000Z",
    "auth": 2,
    "uid": "bd-4286708132",
    "publishedVersion": 0,
    "forkFrom": "-",
    "isSpam": 0,
    "version": 1,
    "parentVersion": -1,
    "echartsVersion": "5.1.2",
    "versionCreateTime": "2021-06-15T08:50:45.000Z",
    "html": "",
    "externalScripts": "",
    "updaterUID": "bd-4286708132",
    "theme": "",
    "layout": "",
    "viewCount": 0,
    "userName": "L***h",
    "commentCount": 0,
    "starCount": 1,
    "isStared": 0,
    "thumbnailURL": "https://www.makeapie.com/ecg-storage/ec_gallery_thumbnail/xImmRG6gIE.png?v=1623747045523",
    "isCustomThumbnail": 0,
    "builtinTags": [
        "category-work",
        "legend",
        "series-pie",
        "title"
    ],
    "customTags": [],
    "updaterUserName": "L***h"
}