{
    "cid": "xiU2K8QuJM",
    "authorUid": "obd-ol9f3DqOv3X6lVLwrc4tIDRua0oOR0d",
    "authorUserName": "帅***鱼",
    "title": "ditu",
    "description": "",
    "latestVersion": 4,
    "alwaysLatest": 0,
    "createTime": "2021-06-15T10:20:49.000Z",
    "lastUpdateTime": "2021-06-15T10:20:49.000Z",
    "auth": 2,
    "uid": "obd-ol9f3DqOv3X6lVLwrc4tIDRua0oOR0d",
    "publishedVersion": 0,
    "forkFrom": "-",
    "isSpam": 0,
    "version": 4,
    "parentVersion": 3,
    "echartsVersion": "5.1.2",
    "versionCreateTime": "2021-06-16T09:27:01.000Z",
    "html": "",
    "externalScripts": "https://webapi.amap.com/maps?v=1.4.15&key=73cddabc2173e0166a622f4483d3592a&plugin=AMap.DistrictSearch,https://webapi.amap.com/maps?v=1.4.15&key=73cddabc2173e0166a622f4483d3592a,https://webapi.amap.com/ui/1.0/main.js",
    "updaterUID": "obd-ol9f3DqOv3X6lVLwrc4tIDRua0oOR0d",
    "theme": "",
    "layout": "",
    "viewCount": 0,
    "userName": "帅***鱼",
    "commentCount": 3,
    "starCount": 1,
    "isStared": 0,
    "thumbnailURL": "https://www.makeapie.com/ecg-storage/ec_gallery_thumbnail/xiU2K8QuJM.png?v=1623835621966",
    "isCustomThumbnail": 0,
    "builtinTags": [
        "category-work",
        "legend",
        "markPoint",
        "series-map",
        "tooltip",
        "visualMap"
    ],
    "customTags": [],
    "updaterUserName": "帅***鱼"
}