{
    "cid": "xJkCUNQXCA",
    "authorUid": "obd-oPvAG8_QaZGAqSZEVYGZhZc2zWJDU9K",
    "authorUserName": "紫***华",
    "title": "echarts饼图，自定义legend，解决legend字数太多和太长的问题，翻页处理",
    "description": "",
    "latestVersion": 4,
    "alwaysLatest": 0,
    "createTime": "2021-06-15T09:35:32.000Z",
    "lastUpdateTime": "2021-06-15T09:35:32.000Z",
    "auth": 2,
    "uid": "obd-oPvAG8_QaZGAqSZEVYGZhZc2zWJDU9K",
    "publishedVersion": 0,
    "forkFrom": "-",
    "isSpam": 0,
    "version": 4,
    "parentVersion": 3,
    "echartsVersion": "5.1.2",
    "versionCreateTime": "2021-06-16T02:14:40.000Z",
    "html": "",
    "externalScripts": "",
    "updaterUID": "obd-oPvAG8_QaZGAqSZEVYGZhZc2zWJDU9K",
    "theme": "dark",
    "layout": "",
    "viewCount": 0,
    "userName": "紫***华",
    "commentCount": 0,
    "starCount": 4,
    "isStared": 0,
    "thumbnailURL": "https://www.makeapie.com/ecg-storage/ec_gallery_thumbnail/xJkCUNQXCA.png?v=1623809680666",
    "isCustomThumbnail": 0,
    "builtinTags": [
        "category-work",
        "graphic",
        "legend",
        "series-pie",
        "tooltip"
    ],
    "customTags": [],
    "updaterUserName": "紫***华"
}