{
    "cid": "xlencXFDs_",
    "authorUid": "obd-oC-nCSZXjUhtzVsQQYqBt5gsuTb_q3n",
    "authorUserName": "怎***殇",
    "title": "饼图",
    "description": "自定义标签显示内容",
    "latestVersion": 2,
    "alwaysLatest": 0,
    "createTime": "2021-06-16T10:53:00.000Z",
    "lastUpdateTime": "2021-06-16T10:53:00.000Z",
    "auth": 2,
    "uid": "obd-oC-nCSZXjUhtzVsQQYqBt5gsuTb_q3n",
    "publishedVersion": 0,
    "forkFrom": "-",
    "isSpam": 0,
    "version": 2,
    "parentVersion": 1,
    "echartsVersion": "5.1.2",
    "versionCreateTime": "2021-06-16T10:53:32.000Z",
    "html": "",
    "externalScripts": "",
    "updaterUID": "obd-oC-nCSZXjUhtzVsQQYqBt5gsuTb_q3n",
    "theme": "",
    "layout": "",
    "viewCount": 0,
    "userName": "怎***殇",
    "commentCount": 0,
    "starCount": 0,
    "isStared": 0,
    "thumbnailURL": "https://www.makeapie.com/ecg-storage/ec_gallery_thumbnail/xlencXFDs_.png?v=1623840812461",
    "isCustomThumbnail": 0,
    "builtinTags": [
        "category-work",
        "legend",
        "series-pie",
        "title",
        "tooltip"
    ],
    "customTags": [],
    "updaterUserName": "怎***殇"
}