{
    "cid": "xM-THjOi9V",
    "authorUid": "bd-2556880193",
    "authorUserName": "C***0",
    "title": "对对对对",
    "description": "",
    "latestVersion": 1,
    "alwaysLatest": 0,
    "createTime": "2021-06-16T06:30:58.000Z",
    "lastUpdateTime": "2021-06-16T06:30:58.000Z",
    "auth": 2,
    "uid": "bd-2556880193",
    "publishedVersion": 0,
    "forkFrom": "-",
    "isSpam": 0,
    "version": 1,
    "parentVersion": -1,
    "echartsVersion": "4.0.2",
    "versionCreateTime": "2021-06-16T06:30:58.000Z",
    "html": "",
    "externalScripts": "",
    "updaterUID": "bd-2556880193",
    "theme": "dark",
    "layout": "",
    "viewCount": 0,
    "userName": "C***0",
    "commentCount": 0,
    "starCount": 1,
    "isStared": 0,
    "thumbnailURL": "https://www.makeapie.com/ecg-storage/ec_gallery_thumbnail/xM-THjOi9V.png?v=1623825058891",
    "isCustomThumbnail": 0,
    "builtinTags": [
        "category-work",
        "grid",
        "series-pictorialBar"
    ],
    "customTags": [],
    "updaterUserName": "C***0"
}