{
    "cid": "xRlyxPhG7c",
    "authorUid": "obd-oCOckb6hqM5dHH8EUKQpSCy2OP70i33",
    "authorUserName": "你***笑",
    "title": "红灯箱线图",
    "description": "",
    "latestVersion": 2,
    "alwaysLatest": 0,
    "createTime": "2021-06-15T07:15:35.000Z",
    "lastUpdateTime": "2021-06-15T07:15:35.000Z",
    "auth": 2,
    "uid": "obd-oCOckb6hqM5dHH8EUKQpSCy2OP70i33",
    "publishedVersion": 0,
    "forkFrom": "-",
    "isSpam": 0,
    "version": 2,
    "parentVersion": 1,
    "echartsVersion": "5.1.2",
    "versionCreateTime": "2021-06-15T15:49:48.000Z",
    "html": "",
    "externalScripts": "",
    "updaterUID": "obd-oCOckb6hqM5dHH8EUKQpSCy2OP70i33",
    "theme": "",
    "layout": "",
    "viewCount": 0,
    "userName": "你***笑",
    "commentCount": 0,
    "starCount": 0,
    "isStared": 0,
    "thumbnailURL": "https://www.makeapie.com/ecg-storage/ec_gallery_thumbnail/xRlyxPhG7c.png?v=1623772188816",
    "isCustomThumbnail": 0,
    "builtinTags": [
        "category-work",
        "dataset",
        "grid",
        "legend",
        "series-boxplot",
        "title",
        "toolbox",
        "tooltip"
    ],
    "customTags": [],
    "updaterUserName": "你***笑"
}