{
    "cid": "xSGo16oAIp",
    "authorUid": "obd-oF_xBEUaU3oyzHh0hg5ntWKmhb36Y5U",
    "authorUserName": "a***u",
    "title": "双向柱状图",
    "description": "双向柱状图",
    "latestVersion": 2,
    "alwaysLatest": 0,
    "createTime": "2021-06-16T09:20:52.000Z",
    "lastUpdateTime": "2021-06-16T09:20:52.000Z",
    "auth": 1,
    "uid": "obd-oF_xBEUaU3oyzHh0hg5ntWKmhb36Y5U",
    "publishedVersion": 0,
    "forkFrom": "-",
    "isSpam": 0,
    "version": 2,
    "parentVersion": 1,
    "echartsVersion": "5.1.2",
    "versionCreateTime": "2021-06-16T09:21:32.000Z",
    "html": "",
    "externalScripts": "",
    "updaterUID": "obd-oF_xBEUaU3oyzHh0hg5ntWKmhb36Y5U",
    "theme": "",
    "layout": "",
    "viewCount": 0,
    "userName": "a***u",
    "commentCount": 0,
    "starCount": 0,
    "isStared": 0,
    "thumbnailURL": "https://www.makeapie.com/ecg-storage/ec_gallery_thumbnail/xSGo16oAIp.png?v=1623835292238",
    "isCustomThumbnail": 0,
    "builtinTags": [
        "category-work",
        "grid",
        "series-bar",
        "timeline"
    ],
    "customTags": [
        "双向柱状图"
    ],
    "updaterUserName": "a***u"
}