{
    "cid": "xsUynMha8K",
    "authorUid": "bd-4145772538",
    "authorUserName": "X***s",
    "title": "人数占比图",
    "description": "人数占比图",
    "latestVersion": 1,
    "alwaysLatest": 0,
    "createTime": "2021-06-16T09:03:32.000Z",
    "lastUpdateTime": "2021-06-16T09:03:32.000Z",
    "auth": 2,
    "uid": "bd-4145772538",
    "publishedVersion": 0,
    "forkFrom": "-",
    "isSpam": 0,
    "version": 1,
    "parentVersion": -1,
    "echartsVersion": "5.1.2",
    "versionCreateTime": "2021-06-16T09:03:32.000Z",
    "html": "",
    "externalScripts": "",
    "updaterUID": "bd-4145772538",
    "theme": "",
    "layout": "",
    "viewCount": 0,
    "userName": "X***s",
    "commentCount": 0,
    "starCount": 0,
    "isStared": 0,
    "thumbnailURL": "https://www.makeapie.com/ecg-storage/ec_gallery_thumbnail/xsUynMha8K.png?v=1623834212752",
    "isCustomThumbnail": 0,
    "builtinTags": [
        "category-work",
        "series-pie"
    ],
    "customTags": [],
    "updaterUserName": "X***s"
}