{
    "cid": "xuF8cslIuP",
    "authorUid": "obd-olzfCSZCumgHKulBoTFBtiDlRcIlD0u",
    "authorUserName": "佑***杰",
    "title": "异步数据加载",
    "description": "",
    "latestVersion": 1,
    "alwaysLatest": 0,
    "createTime": "2021-06-16T11:46:28.000Z",
    "lastUpdateTime": "2021-06-16T11:46:28.000Z",
    "auth": 2,
    "uid": "obd-olzfCSZCumgHKulBoTFBtiDlRcIlD0u",
    "publishedVersion": 0,
    "forkFrom": "-",
    "isSpam": 0,
    "version": 1,
    "parentVersion": -1,
    "echartsVersion": "5.1.2",
    "versionCreateTime": "2021-06-16T11:46:28.000Z",
    "html": "",
    "externalScripts": "",
    "updaterUID": "obd-olzfCSZCumgHKulBoTFBtiDlRcIlD0u",
    "theme": "",
    "layout": "",
    "viewCount": 0,
    "userName": "佑***杰",
    "commentCount": 0,
    "starCount": 0,
    "isStared": 0,
    "thumbnailURL": "https://www.makeapie.com/ecg-storage/ec_gallery_thumbnail/xuF8cslIuP.png?v=1623843988682",
    "isCustomThumbnail": 0,
    "builtinTags": [
        "category-work",
        "grid",
        "series-bar"
    ],
    "customTags": [],
    "updaterUserName": "佑***杰"
}