{
    "cid": "xuMU_nBEgF",
    "authorUid": "bd-2556880193",
    "authorUserName": "C***0",
    "title": "拼接条形图",
    "description": "",
    "latestVersion": 1,
    "alwaysLatest": 0,
    "createTime": "2021-06-16T06:12:39.000Z",
    "lastUpdateTime": "2021-06-16T06:12:39.000Z",
    "auth": 1,
    "uid": "bd-2556880193",
    "publishedVersion": 0,
    "forkFrom": "-",
    "isSpam": 0,
    "version": 1,
    "parentVersion": -1,
    "echartsVersion": "5.1.2",
    "versionCreateTime": "2021-06-16T06:12:39.000Z",
    "html": "",
    "externalScripts": "",
    "updaterUID": "bd-2556880193",
    "theme": "dark",
    "layout": "",
    "viewCount": 0,
    "userName": "C***0",
    "commentCount": 0,
    "starCount": 5,
    "isStared": 0,
    "thumbnailURL": "https://www.makeapie.com/ecg-storage/ec_gallery_thumbnail/xuMU_nBEgF.png?v=1623823959416",
    "isCustomThumbnail": 0,
    "builtinTags": [
        "category-work",
        "grid",
        "legend",
        "series-bar",
        "tooltip"
    ],
    "customTags": [],
    "updaterUserName": "C***0"
}