{
    "cid": "xYnG1OT9RH",
    "authorUid": "obd-oPxA6DTuF6AyFn5_m45m9Z66KRKBa9P",
    "authorUserName": "爱***1",
    "title": "特殊柱状图",
    "description": "每个legend对应一条柱条",
    "latestVersion": 1,
    "alwaysLatest": 0,
    "createTime": "2021-06-15T03:38:38.000Z",
    "lastUpdateTime": "2021-06-15T03:38:38.000Z",
    "auth": 2,
    "uid": "obd-oPxA6DTuF6AyFn5_m45m9Z66KRKBa9P",
    "publishedVersion": 0,
    "forkFrom": "-",
    "isSpam": 0,
    "version": 1,
    "parentVersion": -1,
    "echartsVersion": "5.1.2",
    "versionCreateTime": "2021-06-15T03:38:38.000Z",
    "html": "",
    "externalScripts": "",
    "updaterUID": "obd-oPxA6DTuF6AyFn5_m45m9Z66KRKBa9P",
    "theme": "",
    "layout": "",
    "viewCount": 0,
    "userName": "爱***1",
    "commentCount": 0,
    "starCount": 2,
    "isStared": 0,
    "thumbnailURL": "https://www.makeapie.com/ecg-storage/ec_gallery_thumbnail/xYnG1OT9RH.png?v=1623728318993",
    "isCustomThumbnail": 0,
    "builtinTags": [
        "category-work",
        "grid",
        "legend",
        "series-bar",
        "title"
    ],
    "customTags": [],
    "updaterUserName": "爱***1"
}