{
    "cid": "xyy4_o5QKq",
    "authorUid": "bd-3811601985",
    "authorUserName": "S***L",
    "title": "带背景分割的象形图",
    "description": "象形柱图",
    "latestVersion": 6,
    "alwaysLatest": 0,
    "createTime": "2021-06-15T08:59:58.000Z",
    "lastUpdateTime": "2021-06-15T08:59:58.000Z",
    "auth": 1,
    "uid": "bd-3811601985",
    "publishedVersion": 0,
    "forkFrom": "-",
    "isSpam": 0,
    "version": 6,
    "parentVersion": 5,
    "echartsVersion": "5.1.2",
    "versionCreateTime": "2021-06-27T08:07:32.000Z",
    "html": "",
    "externalScripts": "",
    "updaterUID": "bd-841730846",
    "theme": "",
    "layout": "",
    "viewCount": 0,
    "userName": "S***L",
    "commentCount": 0,
    "starCount": 1,
    "isStared": 0,
    "thumbnailURL": "https://www.makeapie.com/ecg-storage/ec_gallery_thumbnail/xyy4_o5QKq.png?v=1624781252798",
    "isCustomThumbnail": 0,
    "builtinTags": [
        "category-work",
        "grid",
        "series-bar",
        "series-pictorialBar"
    ],
    "customTags": [],
    "updaterUserName": "S***菜"
}