{
    "cid": "xBk4Bjtx9f",
    "authorUid": "bd-404965171",
    "authorUserName": "小***物",
    "title": "单位办理事项排名",
    "description": "市级",
    "latestVersion": 1,
    "alwaysLatest": 1,
    "createTime": "2018-03-22T01:47:40.000Z",
    "lastUpdateTime": "2018-03-22T01:47:40.000Z",
    "auth": 2,
    "uid": "bd-404965171",
    "publishedVersion": 0,
    "forkFrom": "-",
    "isSpam": 0,
    "version": 1,
    "parentVersion": -1,
    "echartsVersion": "4.0.4",
    "versionCreateTime": "2018-03-22T01:47:40.000Z",
    "html": "",
    "externalScripts": "",
    "updaterUID": "bd-404965171",
    "theme": "",
    "layout": "",
    "viewCount": 602,
    "userName": "小***物",
    "commentCount": 0,
    "starCount": 1,
    "isStared": 0,
    "thumbnailURL": "https://www.makeapie.com/ecg-storage/ec_gallery_thumbnail/xBk4Bjtx9f.png?v=1521683260540",
    "isCustomThumbnail": 0,
    "builtinTags": [
        "category-work",
        "grid",
        "series-bar",
        "title",
        "tooltip"
    ],
    "customTags": [],
    "updaterUserName": "小***物"
}