{
    "cid": "xH1QVz_RKf",
    "authorUid": "bd-3523339945",
    "authorUserName": "forhot2000",
    "title": "规划总体一览表",
    "description": "纯属虚构",
    "latestVersion": 3,
    "alwaysLatest": 1,
    "createTime": "2018-03-20T11:36:11.000Z",
    "lastUpdateTime": "2018-03-20T11:36:11.000Z",
    "auth": 2,
    "uid": "bd-3523339945",
    "publishedVersion": 0,
    "forkFrom": "-",
    "isSpam": 0,
    "version": 3,
    "parentVersion": 2,
    "echartsVersion": "4.0.4",
    "versionCreateTime": "2018-03-20T12:03:53.000Z",
    "html": "",
    "externalScripts": "",
    "updaterUID": "bd-3523339945",
    "theme": "",
    "layout": "",
    "viewCount": 193,
    "userName": "forhot2000",
    "commentCount": 0,
    "starCount": 1,
    "isStared": 0,
    "thumbnailURL": "https://www.makeapie.com/ecg-storage/ec_gallery_thumbnail/xH1QVz_RKf.png?v=1521545771348",
    "isCustomThumbnail": 1,
    "builtinTags": [
        "category-work",
        "legend",
        "series-pie",
        "title",
        "tooltip"
    ],
    "customTags": [],
    "updaterUserName": "forhot2000"
}