{
    "cid": "xHyiOFukcf",
    "authorUid": "bd-1813650783",
    "authorUserName": "y***8",
    "title": "一种类型数据，柱条颜色不同",
    "description": "一个类型的数据，由于柱状条数多，可设置不同颜色",
    "latestVersion": 1,
    "alwaysLatest": 1,
    "createTime": "2018-03-21T06:19:31.000Z",
    "lastUpdateTime": "2018-03-21T06:19:31.000Z",
    "auth": 2,
    "uid": "bd-1813650783",
    "publishedVersion": 0,
    "forkFrom": "-",
    "isSpam": 0,
    "version": 1,
    "parentVersion": -1,
    "echartsVersion": "4.0.4",
    "versionCreateTime": "2018-03-21T06:19:31.000Z",
    "html": "",
    "externalScripts": "",
    "updaterUID": "bd-1813650783",
    "theme": "",
    "layout": "",
    "viewCount": 90,
    "userName": "y***8",
    "commentCount": 0,
    "starCount": 0,
    "isStared": 0,
    "thumbnailURL": "https://www.makeapie.com/ecg-storage/ec_gallery_thumbnail/xHyiOFukcf.png?v=1521613171205",
    "isCustomThumbnail": 0,
    "builtinTags": [
        "category-work",
        "grid",
        "legend",
        "series-bar",
        "title",
        "tooltip"
    ],
    "customTags": [],
    "updaterUserName": "y***8"
}