{
    "cid": "xHyPteq1qG",
    "authorUid": "bd-1833292178",
    "authorUserName": "和***长",
    "title": "混合图pie+gauge+map",
    "description": "",
    "latestVersion": 9,
    "alwaysLatest": 1,
    "createTime": "2018-03-21T07:57:51.000Z",
    "lastUpdateTime": "2018-03-21T07:57:51.000Z",
    "auth": 1,
    "uid": "bd-1833292178",
    "publishedVersion": 0,
    "forkFrom": "-",
    "isSpam": 0,
    "version": 9,
    "parentVersion": 8,
    "echartsVersion": "4.8.0",
    "versionCreateTime": "2020-09-14T03:14:07.000Z",
    "html": "",
    "externalScripts": "",
    "updaterUID": "bd-1007305017",
    "theme": "",
    "layout": "",
    "viewCount": 6140,
    "userName": "和***长",
    "commentCount": 2,
    "starCount": 26,
    "isStared": 0,
    "thumbnailURL": "https://www.makeapie.com/ecg-storage/ec_gallery_thumbnail/xHyPteq1qG.png?v=1600053247622",
    "isCustomThumbnail": 0,
    "builtinTags": [
        "category-work",
        "series-gauge",
        "tooltip"
    ],
    "customTags": [],
    "updaterUserName": "l***h"
}