{
    "cid": "xHyux04J9f",
    "authorUid": "bd-3675581816",
    "authorUserName": "谢方立",
    "title": "对比堆叠区域图",
    "description": "",
    "latestVersion": 4,
    "alwaysLatest": 1,
    "createTime": "2018-03-21T02:05:35.000Z",
    "lastUpdateTime": "2018-03-21T02:05:35.000Z",
    "auth": 2,
    "uid": "bd-3675581816",
    "publishedVersion": 0,
    "forkFrom": "-",
    "isSpam": 0,
    "version": 4,
    "parentVersion": 3,
    "echartsVersion": "4.0.4",
    "versionCreateTime": "2018-03-21T06:40:09.000Z",
    "html": "",
    "externalScripts": "",
    "updaterUID": "bd-3675581816",
    "theme": "",
    "layout": "",
    "viewCount": 157,
    "userName": "谢方立",
    "commentCount": 0,
    "starCount": 1,
    "isStared": 0,
    "thumbnailURL": "https://www.makeapie.com/ecg-storage/ec_gallery_thumbnail/xHyux04J9f.png?v=1521614409657",
    "isCustomThumbnail": 0,
    "builtinTags": [
        "category-work",
        "grid",
        "legend",
        "series-line",
        "title"
    ],
    "customTags": [],
    "updaterUserName": "谢方立"
}