{
    "cid": "xr1iHKtlcf",
    "authorUid": "bd-404965171",
    "authorUserName": "小***物",
    "title": "市级以上行政监管机构立案查处情况",
    "description": "研制环节",
    "latestVersion": 1,
    "alwaysLatest": 1,
    "createTime": "2018-03-22T01:39:15.000Z",
    "lastUpdateTime": "2018-03-22T01:39:15.000Z",
    "auth": 2,
    "uid": "bd-404965171",
    "publishedVersion": 0,
    "forkFrom": "-",
    "isSpam": 0,
    "version": 1,
    "parentVersion": -1,
    "echartsVersion": "4.0.4",
    "versionCreateTime": "2018-03-22T01:39:15.000Z",
    "html": "",
    "externalScripts": "",
    "updaterUID": "bd-404965171",
    "theme": "",
    "layout": "",
    "viewCount": 36,
    "userName": "小***物",
    "commentCount": 0,
    "starCount": 0,
    "isStared": 0,
    "thumbnailURL": "https://www.makeapie.com/ecg-storage/ec_gallery_thumbnail/xr1iHKtlcf.png?v=1521682755443",
    "isCustomThumbnail": 0,
    "builtinTags": [
        "category-work",
        "grid",
        "legend",
        "series-bar",
        "series-line",
        "title",
        "tooltip"
    ],
    "customTags": [],
    "updaterUserName": "小***物"
}