{
    "cid": "xrk_jmUk9M",
    "authorUid": "bd-2905269377",
    "authorUserName": "4***了",
    "title": "图表单击事件",
    "description": "简单的图表单击事件",
    "latestVersion": 1,
    "alwaysLatest": 1,
    "createTime": "2018-03-21T03:38:07.000Z",
    "lastUpdateTime": "2018-03-21T03:38:07.000Z",
    "auth": 2,
    "uid": "bd-2905269377",
    "publishedVersion": 0,
    "forkFrom": "-",
    "isSpam": 0,
    "version": 1,
    "parentVersion": -1,
    "echartsVersion": "4.0.4",
    "versionCreateTime": "2018-03-21T03:38:07.000Z",
    "html": "",
    "externalScripts": "",
    "updaterUID": "bd-2905269377",
    "theme": "",
    "layout": "",
    "viewCount": 221,
    "userName": "4***了",
    "commentCount": 0,
    "starCount": 0,
    "isStared": 0,
    "thumbnailURL": "https://www.makeapie.com/ecg-storage/ec_gallery_thumbnail/xrk_jmUk9M.png?v=1521603487956",
    "isCustomThumbnail": 0,
    "builtinTags": [
        "category-work",
        "grid",
        "series-line"
    ],
    "customTags": [
        "click"
    ],
    "updaterUserName": "4***了"
}