{
    "cid": "xrkMjE-aFM",
    "authorUid": "bd-139688996",
    "authorUserName": "残月下的面具",
    "title": "双y轴柱状图",
    "description": "",
    "latestVersion": 1,
    "alwaysLatest": 1,
    "createTime": "2018-03-19T09:36:26.000Z",
    "lastUpdateTime": "2018-03-19T09:36:26.000Z",
    "auth": 1,
    "uid": "bd-139688996",
    "publishedVersion": 0,
    "forkFrom": "-",
    "isSpam": 0,
    "version": 1,
    "parentVersion": -1,
    "echartsVersion": "4.0.4",
    "versionCreateTime": "2018-03-19T09:36:26.000Z",
    "html": "",
    "externalScripts": "",
    "updaterUID": "bd-139688996",
    "theme": "",
    "layout": "",
    "viewCount": 95,
    "userName": "残月下的面具",
    "commentCount": 0,
    "starCount": 0,
    "isStared": 0,
    "thumbnailURL": "https://www.makeapie.com/ecg-storage/ec_gallery_thumbnail/xrkMjE-aFM.png?v=1521452186258",
    "isCustomThumbnail": 0,
    "builtinTags": [
        "category-work",
        "grid",
        "legend",
        "series-bar",
        "toolbox",
        "tooltip"
    ],
    "customTags": [],
    "updaterUserName": "残月下的面具"
}