{
    "cid": "x69SgMaPlD",
    "authorUid": "bd-3619398030",
    "authorUserName": "段佳伟灬",
    "title": "漏斗图",
    "description": "光伏V1.0产品设计_电量指标分析",
    "latestVersion": 1,
    "alwaysLatest": 1,
    "createTime": "2018-10-15T08:13:27.000Z",
    "lastUpdateTime": "2018-10-15T08:13:27.000Z",
    "auth": 1,
    "uid": "bd-3619398030",
    "publishedVersion": 0,
    "forkFrom": "-",
    "isSpam": 0,
    "version": 1,
    "parentVersion": -1,
    "echartsVersion": "4.2.0",
    "versionCreateTime": "2018-10-15T08:13:27.000Z",
    "html": "",
    "externalScripts": "",
    "updaterUID": "bd-3619398030",
    "theme": "",
    "layout": "",
    "viewCount": 491,
    "userName": "段佳伟灬",
    "commentCount": 0,
    "starCount": 0,
    "isStared": 0,
    "thumbnailURL": "https://www.makeapie.com/ecg-storage/ec_gallery_thumbnail/x69SgMaPlD.png?v=1539591207973",
    "isCustomThumbnail": 0,
    "builtinTags": [
        "category-work",
        "legend",
        "series-funnel",
        "tooltip"
    ],
    "customTags": [],
    "updaterUserName": "段佳伟灬"
}