{
    "cid": "x6sNSILL9m",
    "authorUid": "bd-4129269411",
    "authorUserName": "1***9",
    "title": "这是一个另类的tooltip指示器？",
    "description": "点进去看看？？？",
    "latestVersion": 1,
    "alwaysLatest": 1,
    "createTime": "2018-10-15T05:55:18.000Z",
    "lastUpdateTime": "2018-10-15T05:55:18.000Z",
    "auth": 2,
    "uid": "bd-4129269411",
    "publishedVersion": 0,
    "forkFrom": "-",
    "isSpam": 0,
    "version": 1,
    "parentVersion": -1,
    "echartsVersion": "4.2.0",
    "versionCreateTime": "2018-10-15T05:55:18.000Z",
    "html": "",
    "externalScripts": "",
    "updaterUID": "bd-4129269411",
    "theme": "",
    "layout": "",
    "viewCount": 944,
    "userName": "1***9",
    "commentCount": 1,
    "starCount": 4,
    "isStared": 0,
    "thumbnailURL": "https://www.makeapie.com/ecg-storage/ec_gallery_thumbnail/x6sNSILL9m.png?v=1539582918911",
    "isCustomThumbnail": 0,
    "builtinTags": [
        "category-work",
        "grid",
        "legend",
        "series-bar",
        "series-line",
        "title",
        "tooltip"
    ],
    "customTags": [],
    "updaterUserName": "1***9"
}