{
    "cid": "xDP-XWH8Ic",
    "authorUid": "bd-4061446379",
    "authorUserName": "A***9",
    "title": "堆叠柱状图鼠标悬浮显示颜色",
    "description": "",
    "latestVersion": 1,
    "alwaysLatest": 1,
    "createTime": "2018-10-16T01:28:14.000Z",
    "lastUpdateTime": "2018-10-16T01:28:14.000Z",
    "auth": 2,
    "uid": "bd-4061446379",
    "publishedVersion": 0,
    "forkFrom": "-",
    "isSpam": 0,
    "version": 1,
    "parentVersion": -1,
    "echartsVersion": "4.2.0",
    "versionCreateTime": "2018-10-16T01:28:14.000Z",
    "html": "",
    "externalScripts": "",
    "updaterUID": "bd-4061446379",
    "theme": "",
    "layout": "",
    "viewCount": 650,
    "userName": "A***9",
    "commentCount": 0,
    "starCount": 2,
    "isStared": 0,
    "thumbnailURL": "https://www.makeapie.com/ecg-storage/ec_gallery_thumbnail/xDP-XWH8Ic.png?v=1539653295148",
    "isCustomThumbnail": 1,
    "builtinTags": [
        "brush",
        "category-work",
        "grid",
        "legend",
        "series-bar",
        "toolbox",
        "tooltip"
    ],
    "customTags": [
        "堆叠",
        "悬浮",
        "柱状图"
    ],
    "updaterUserName": "A***9"
}