{
    "cid": "xDqBH0t_Qi",
    "authorUid": "bd-2017816387",
    "authorUserName": "今日有约368",
    "title": "彩虹",
    "description": "作者: 断浪",
    "latestVersion": 3,
    "alwaysLatest": 1,
    "createTime": "2018-10-18T01:14:24.000Z",
    "lastUpdateTime": "2018-10-18T01:14:24.000Z",
    "auth": 1,
    "uid": "bd-2017816387",
    "publishedVersion": 0,
    "forkFrom": "-",
    "isSpam": 0,
    "version": 3,
    "parentVersion": 2,
    "echartsVersion": "4.2.1",
    "versionCreateTime": "2019-06-05T03:37:06.000Z",
    "html": "",
    "externalScripts": "",
    "updaterUID": "bd-1747335400",
    "theme": "",
    "layout": "",
    "viewCount": 208,
    "userName": "今日有约368",
    "commentCount": 0,
    "starCount": 2,
    "isStared": 0,
    "thumbnailURL": "https://www.makeapie.com/ecg-storage/ec_gallery_thumbnail/xDqBH0t_Qi.png?v=1559705826765",
    "isCustomThumbnail": 0,
    "builtinTags": [
        "category-work",
        "series-pie",
        "title"
    ],
    "customTags": [],
    "updaterUserName": "酒红色的可可茶"
}