{
    "cid": "xIPk4gfC8I",
    "authorUid": "bd-2903669626",
    "authorUserName": "z***2",
    "title": "动态显示数据的饼状图",
    "description": "外围环状图每一个自动轮流显示tooltips,  鼠标移动在里面的图的数据区域，外围环状图高亮",
    "latestVersion": 8,
    "alwaysLatest": 1,
    "createTime": "2018-10-16T09:12:38.000Z",
    "lastUpdateTime": "2018-10-16T09:12:38.000Z",
    "auth": 2,
    "uid": "bd-2903669626",
    "publishedVersion": 0,
    "forkFrom": "-",
    "isSpam": 0,
    "version": 8,
    "parentVersion": 7,
    "echartsVersion": "4.2.0",
    "versionCreateTime": "2018-10-17T10:42:29.000Z",
    "html": "",
    "externalScripts": "",
    "updaterUID": "bd-2903669626",
    "theme": "",
    "layout": "",
    "viewCount": 554,
    "userName": "z***2",
    "commentCount": 0,
    "starCount": 10,
    "isStared": 0,
    "thumbnailURL": "https://www.makeapie.com/ecg-storage/ec_gallery_thumbnail/xIPk4gfC8I.png?v=1539772949841",
    "isCustomThumbnail": 0,
    "builtinTags": [
        "category-work",
        "legend",
        "series-pie",
        "tooltip"
    ],
    "customTags": [],
    "updaterUserName": "z***2"
}