{
    "cid": "xOK60oYVm3",
    "authorUid": "bd-1881797374",
    "authorUserName": "g***涵",
    "title": "环形及饼图组合",
    "description": "环形和饼图组合图表",
    "latestVersion": 1,
    "alwaysLatest": 1,
    "createTime": "2018-10-13T10:50:16.000Z",
    "lastUpdateTime": "2018-10-13T10:50:16.000Z",
    "auth": 2,
    "uid": "bd-1881797374",
    "publishedVersion": 0,
    "forkFrom": "-",
    "isSpam": 0,
    "version": 1,
    "parentVersion": -1,
    "echartsVersion": "4.2.0",
    "versionCreateTime": "2018-10-13T10:50:16.000Z",
    "html": "",
    "externalScripts": "",
    "updaterUID": "bd-1881797374",
    "theme": "",
    "layout": "",
    "viewCount": 114,
    "userName": "g***涵",
    "commentCount": 0,
    "starCount": 0,
    "isStared": 0,
    "thumbnailURL": "https://www.makeapie.com/ecg-storage/ec_gallery_thumbnail/xOK60oYVm3.png?v=1539427816562",
    "isCustomThumbnail": 0,
    "builtinTags": [
        "category-work",
        "legend",
        "series-pie",
        "tooltip"
    ],
    "customTags": [],
    "updaterUserName": "g***涵"
}