{
    "cid": "xs_qIe6mPm",
    "authorUid": "bd-3675198357",
    "authorUserName": "碎***泪",
    "title": "测试",
    "description": "",
    "latestVersion": 3,
    "alwaysLatest": 1,
    "createTime": "2018-10-16T08:50:06.000Z",
    "lastUpdateTime": "2018-10-16T08:50:06.000Z",
    "auth": 2,
    "uid": "bd-3675198357",
    "publishedVersion": 0,
    "forkFrom": "-",
    "isSpam": 0,
    "version": 3,
    "parentVersion": 2,
    "echartsVersion": "4.4.0",
    "versionCreateTime": "2019-11-04T05:19:34.000Z",
    "html": "",
    "externalScripts": "",
    "updaterUID": "bd-3675198357",
    "theme": "",
    "layout": "",
    "viewCount": 123,
    "userName": "碎***泪",
    "commentCount": 0,
    "starCount": 0,
    "isStared": 0,
    "thumbnailURL": "https://www.makeapie.com/ecg-storage/ec_gallery_thumbnail/xs_qIe6mPm.png?v=1572844774566",
    "isCustomThumbnail": 0,
    "builtinTags": [
        "category-work",
        "geo",
        "series-effectScatter",
        "series-scatter",
        "tooltip"
    ],
    "customTags": [],
    "updaterUserName": "碎***泪"
}