{
    "cid": "xTrjSAhmFL",
    "authorUid": "bd-1833292178",
    "authorUserName": "和***长",
    "title": "ylabel-png",
    "description": "",
    "latestVersion": 1,
    "alwaysLatest": 1,
    "createTime": "2018-10-15T08:40:01.000Z",
    "lastUpdateTime": "2018-10-15T08:40:01.000Z",
    "auth": 1,
    "uid": "bd-1833292178",
    "publishedVersion": 0,
    "forkFrom": "-",
    "isSpam": 0,
    "version": 1,
    "parentVersion": -1,
    "echartsVersion": "4.2.0",
    "versionCreateTime": "2018-10-15T08:40:01.000Z",
    "html": "",
    "externalScripts": "",
    "updaterUID": "bd-1833292178",
    "theme": "",
    "layout": "",
    "viewCount": 41,
    "userName": "和***长",
    "commentCount": 0,
    "starCount": 1,
    "isStared": 0,
    "thumbnailURL": "https://www.makeapie.com/ecg-storage/ec_gallery_thumbnail/xTrjSAhmFL.png?v=1539592801144",
    "isCustomThumbnail": 0,
    "builtinTags": [
        "category-work",
        "grid",
        "series-bar",
        "tooltip"
    ],
    "customTags": [
        "png"
    ],
    "updaterUserName": "和***长"
}