{
    "cid": "xtWX8RhXOL",
    "authorUid": "bd-3629622273",
    "authorUserName": "0***翔",
    "title": "饼图中显示文本",
    "description": "在饼图中显示对应的文本",
    "latestVersion": 1,
    "alwaysLatest": 1,
    "createTime": "2018-10-16T01:50:08.000Z",
    "lastUpdateTime": "2018-10-16T01:50:08.000Z",
    "auth": 1,
    "uid": "bd-3629622273",
    "publishedVersion": 0,
    "forkFrom": "-",
    "isSpam": 0,
    "version": 1,
    "parentVersion": -1,
    "echartsVersion": "4.2.0",
    "versionCreateTime": "2018-10-16T01:50:08.000Z",
    "html": "",
    "externalScripts": "",
    "updaterUID": "bd-3629622273",
    "theme": "macarons",
    "layout": "",
    "viewCount": 107,
    "userName": "0***翔",
    "commentCount": 0,
    "starCount": 1,
    "isStared": 0,
    "thumbnailURL": "https://www.makeapie.com/ecg-storage/ec_gallery_thumbnail/xtWX8RhXOL.png?v=1539654608241",
    "isCustomThumbnail": 0,
    "builtinTags": [
        "category-work",
        "series-pie",
        "title"
    ],
    "customTags": [],
    "updaterUserName": "0***翔"
}