{
    "cid": "xvA_Jvw9Lj",
    "authorUid": "bd-2903669626",
    "authorUserName": "z***2",
    "title": "占比情况",
    "description": "",
    "latestVersion": 2,
    "alwaysLatest": 1,
    "createTime": "2018-10-17T09:38:53.000Z",
    "lastUpdateTime": "2018-10-17T09:38:53.000Z",
    "auth": 2,
    "uid": "bd-2903669626",
    "publishedVersion": 0,
    "forkFrom": "-",
    "isSpam": 0,
    "version": 2,
    "parentVersion": 1,
    "echartsVersion": "4.2.1",
    "versionCreateTime": "2019-06-17T08:23:33.000Z",
    "html": "",
    "externalScripts": "",
    "updaterUID": "bd-2903669626",
    "theme": "default",
    "layout": "",
    "viewCount": 153,
    "userName": "z***2",
    "commentCount": 0,
    "starCount": 0,
    "isStared": 0,
    "thumbnailURL": "https://www.makeapie.com/ecg-storage/ec_gallery_thumbnail/xvA_Jvw9Lj.png?v=1560759813932",
    "isCustomThumbnail": 0,
    "builtinTags": [
        "category-work",
        "radar",
        "series-radar",
        "title",
        "tooltip"
    ],
    "customTags": [],
    "updaterUserName": "z***2"
}