{
    "cid": "xz0DrOOjc9",
    "authorUid": "bd-2705338011",
    "authorUserName": "石***2",
    "title": "",
    "description": "",
    "latestVersion": 1,
    "alwaysLatest": 1,
    "createTime": "2018-10-17T01:57:39.000Z",
    "lastUpdateTime": "2018-10-17T01:57:39.000Z",
    "auth": 1,
    "uid": "bd-2705338011",
    "publishedVersion": 0,
    "forkFrom": "-",
    "isSpam": 0,
    "version": 1,
    "parentVersion": -1,
    "echartsVersion": "4.2.0",
    "versionCreateTime": "2018-10-17T01:57:39.000Z",
    "html": "",
    "externalScripts": "",
    "updaterUID": "bd-2705338011",
    "theme": "",
    "layout": "",
    "viewCount": 134,
    "userName": "石***2",
    "commentCount": 0,
    "starCount": 0,
    "isStared": 0,
    "thumbnailURL": "https://www.makeapie.com/ecg-storage/ec_gallery_thumbnail/xz0DrOOjc9.png?v=1539741459501",
    "isCustomThumbnail": 0,
    "builtinTags": [
        "category-work",
        "legend",
        "series-pie",
        "tooltip"
    ],
    "customTags": [],
    "updaterUserName": "石***2"
}