{
    "cid": "xZKbpSSB7L",
    "authorUid": "bd-2890925003",
    "authorUserName": "Y***D",
    "title": "定时切换视图",
    "description": "使用定时器实现toolbox切换视图效果",
    "latestVersion": 3,
    "alwaysLatest": 1,
    "createTime": "2018-10-16T10:26:27.000Z",
    "lastUpdateTime": "2018-10-16T10:26:27.000Z",
    "auth": 2,
    "uid": "bd-2890925003",
    "publishedVersion": 0,
    "forkFrom": "-",
    "isSpam": 0,
    "version": 3,
    "parentVersion": 2,
    "echartsVersion": "4.2.1",
    "versionCreateTime": "2019-07-04T02:15:36.000Z",
    "html": "",
    "externalScripts": "",
    "updaterUID": "bd-2890925003",
    "theme": "",
    "layout": "",
    "viewCount": 260,
    "userName": "Y***D",
    "commentCount": 0,
    "starCount": 1,
    "isStared": 0,
    "thumbnailURL": "https://www.makeapie.com/ecg-storage/ec_gallery_thumbnail/xZKbpSSB7L.png?v=1562206536270",
    "isCustomThumbnail": 0,
    "builtinTags": [
        "category-work",
        "grid",
        "legend",
        "series-bar",
        "series-line",
        "tooltip"
    ],
    "customTags": [],
    "updaterUserName": "Y***D"
}