{
    "cid": "xbupc42ib",
    "authorUid": "bd-521877759",
    "authorUserName": "0***磊",
    "title": "分时图",
    "description": "",
    "latestVersion": 1,
    "alwaysLatest": 1,
    "createTime": "2020-01-15T07:26:55.000Z",
    "lastUpdateTime": "2020-01-15T07:26:55.000Z",
    "auth": 2,
    "uid": "bd-521877759",
    "publishedVersion": 0,
    "forkFrom": "-",
    "isSpam": 0,
    "version": 1,
    "parentVersion": -1,
    "echartsVersion": "4.4.0",
    "versionCreateTime": "2020-01-15T07:26:55.000Z",
    "html": "",
    "externalScripts": "",
    "updaterUID": "bd-521877759",
    "theme": "",
    "layout": "",
    "viewCount": 183,
    "userName": "0***磊",
    "commentCount": 0,
    "starCount": 0,
    "isStared": 0,
    "thumbnailURL": "https://www.makeapie.com/ecg-storage/ec_gallery_thumbnail/xbupc42ib.png?v=1579073216020",
    "isCustomThumbnail": 0,
    "builtinTags": [
        "category-work",
        "grid",
        "legend",
        "markLine",
        "series-bar",
        "series-line",
        "tooltip"
    ],
    "customTags": [],
    "updaterUserName": "0***磊"
}