{
    "cid": "xFijSaiXI",
    "authorUid": "bd-749254193",
    "authorUserName": "欧***一",
    "title": "分区水量占比",
    "description": "饼冰图",
    "latestVersion": 2,
    "alwaysLatest": 1,
    "createTime": "2020-01-15T02:33:17.000Z",
    "lastUpdateTime": "2020-01-15T02:33:17.000Z",
    "auth": 2,
    "uid": "bd-749254193",
    "publishedVersion": 0,
    "forkFrom": "-",
    "isSpam": 0,
    "version": 2,
    "parentVersion": 1,
    "echartsVersion": "4.4.0",
    "versionCreateTime": "2020-01-15T03:42:25.000Z",
    "html": "",
    "externalScripts": "",
    "updaterUID": "bd-749254193",
    "theme": "",
    "layout": "",
    "viewCount": 100,
    "userName": "欧***一",
    "commentCount": 0,
    "starCount": 0,
    "isStared": 0,
    "thumbnailURL": "https://www.makeapie.com/ecg-storage/ec_gallery_thumbnail/xFijSaiXI.png?v=1579059745768",
    "isCustomThumbnail": 0,
    "builtinTags": [
        "category-work",
        "legend",
        "series-pie",
        "title",
        "tooltip"
    ],
    "customTags": [],
    "updaterUserName": "欧***一"
}