{
    "cid": "xfRTfpzSN",
    "authorUid": "bd-2534348271",
    "authorUserName": "H***e",
    "title": "Revenue by Game Category",
    "description": "",
    "latestVersion": 1,
    "alwaysLatest": 1,
    "createTime": "2020-01-14T08:24:56.000Z",
    "lastUpdateTime": "2020-01-14T08:24:56.000Z",
    "auth": 2,
    "uid": "bd-2534348271",
    "publishedVersion": 0,
    "forkFrom": "-",
    "isSpam": 0,
    "version": 1,
    "parentVersion": -1,
    "echartsVersion": "4.4.0",
    "versionCreateTime": "2020-01-14T08:24:56.000Z",
    "html": "",
    "externalScripts": "",
    "updaterUID": "bd-2534348271",
    "theme": "",
    "layout": "",
    "viewCount": 46,
    "userName": "H***e",
    "commentCount": 0,
    "starCount": 0,
    "isStared": 0,
    "thumbnailURL": "https://www.makeapie.com/ecg-storage/ec_gallery_thumbnail/xfRTfpzSN.png?v=1578990296965",
    "isCustomThumbnail": 0,
    "builtinTags": [
        "category-work",
        "grid",
        "legend",
        "series-bar",
        "series-line",
        "title",
        "toolbox",
        "tooltip"
    ],
    "customTags": [],
    "updaterUserName": "H***e"
}