{
    "cid": "xi1rRUpVL",
    "authorUid": "bd-944243892",
    "authorUserName": "韩***能",
    "title": "Top10-24小时舆情热度事件",
    "description": "",
    "latestVersion": 1,
    "alwaysLatest": 1,
    "createTime": "2020-01-16T03:13:46.000Z",
    "lastUpdateTime": "2020-01-16T03:13:46.000Z",
    "auth": 2,
    "uid": "bd-944243892",
    "publishedVersion": 0,
    "forkFrom": "-",
    "isSpam": 0,
    "version": 1,
    "parentVersion": -1,
    "echartsVersion": "4.4.0",
    "versionCreateTime": "2020-01-16T03:13:46.000Z",
    "html": "",
    "externalScripts": "",
    "updaterUID": "bd-944243892",
    "theme": "",
    "layout": "",
    "viewCount": 83,
    "userName": "韩***能",
    "commentCount": 0,
    "starCount": 0,
    "isStared": 0,
    "thumbnailURL": "https://www.makeapie.com/ecg-storage/ec_gallery_thumbnail/xi1rRUpVL.png?v=1579144426825",
    "isCustomThumbnail": 0,
    "builtinTags": [
        "category-work",
        "dataset",
        "grid",
        "series-line"
    ],
    "customTags": [
        "24小时"
    ],
    "updaterUserName": "韩***能"
}