{
    "cid": "xk7gu9hi1",
    "authorUid": "bd-2541213370",
    "authorUserName": "觅***蒿",
    "title": "动态数据刷新折线图",
    "description": "动态数据刷新折线图",
    "latestVersion": 1,
    "alwaysLatest": 1,
    "createTime": "2020-01-14T07:19:09.000Z",
    "lastUpdateTime": "2020-01-14T07:19:09.000Z",
    "auth": 1,
    "uid": "bd-2541213370",
    "publishedVersion": 0,
    "forkFrom": "-",
    "isSpam": 0,
    "version": 1,
    "parentVersion": -1,
    "echartsVersion": "4.4.0",
    "versionCreateTime": "2020-01-14T07:19:09.000Z",
    "html": "",
    "externalScripts": "",
    "updaterUID": "bd-2541213370",
    "theme": "",
    "layout": "",
    "viewCount": 261,
    "userName": "觅***蒿",
    "commentCount": 0,
    "starCount": 1,
    "isStared": 0,
    "thumbnailURL": "https://www.makeapie.com/ecg-storage/ec_gallery_thumbnail/xk7gu9hi1.png?v=1578986349909",
    "isCustomThumbnail": 0,
    "builtinTags": [
        "category-work",
        "dataZoom",
        "grid",
        "series-line",
        "tooltip"
    ],
    "customTags": [],
    "updaterUserName": "觅***蒿"
}