{
    "cid": "xMmdwywLp",
    "authorUid": "bd-361253046",
    "authorUserName": "雨***1",
    "title": "饼图实现圆环百分比",
    "description": "",
    "latestVersion": 1,
    "alwaysLatest": 1,
    "createTime": "2020-01-16T07:41:32.000Z",
    "lastUpdateTime": "2020-01-16T07:41:32.000Z",
    "auth": 2,
    "uid": "bd-361253046",
    "publishedVersion": 0,
    "forkFrom": "-",
    "isSpam": 0,
    "version": 1,
    "parentVersion": -1,
    "echartsVersion": "4.4.0",
    "versionCreateTime": "2020-01-16T07:41:33.000Z",
    "html": "",
    "externalScripts": "",
    "updaterUID": "bd-361253046",
    "theme": "",
    "layout": "",
    "viewCount": 97,
    "userName": "雨***1",
    "commentCount": 0,
    "starCount": 0,
    "isStared": 0,
    "thumbnailURL": "https://www.makeapie.com/ecg-storage/ec_gallery_thumbnail/xMmdwywLp.png?v=1579160493131",
    "isCustomThumbnail": 0,
    "builtinTags": [
        "category-work",
        "series-pie",
        "title",
        "tooltip"
    ],
    "customTags": [],
    "updaterUserName": "雨***1"
}