{
    "cid": "xs7b51AJw",
    "authorUid": "bd-876036826",
    "authorUserName": "袁***1",
    "title": "折线图",
    "description": "",
    "latestVersion": 1,
    "alwaysLatest": 1,
    "createTime": "2020-01-15T05:20:17.000Z",
    "lastUpdateTime": "2020-01-15T05:20:17.000Z",
    "auth": 2,
    "uid": "bd-876036826",
    "publishedVersion": 0,
    "forkFrom": "-",
    "isSpam": 0,
    "version": 1,
    "parentVersion": -1,
    "echartsVersion": "4.4.0",
    "versionCreateTime": "2020-01-15T05:20:17.000Z",
    "html": "",
    "externalScripts": "",
    "updaterUID": "bd-876036826",
    "theme": "",
    "layout": "",
    "viewCount": 1327,
    "userName": "袁***1",
    "commentCount": 0,
    "starCount": 10,
    "isStared": 0,
    "thumbnailURL": "https://www.makeapie.com/ecg-storage/ec_gallery_thumbnail/xs7b51AJw.png?v=1579065617761",
    "isCustomThumbnail": 0,
    "builtinTags": [
        "category-work",
        "grid",
        "series-line",
        "tooltip"
    ],
    "customTags": [],
    "updaterUserName": "袁***1"
}