{
    "cid": "xTn3tmjeQ",
    "authorUid": "bd-273460656",
    "authorUserName": "C***4",
    "title": "",
    "description": "",
    "latestVersion": 1,
    "alwaysLatest": 1,
    "createTime": "2020-01-15T03:28:28.000Z",
    "lastUpdateTime": "2020-01-15T03:28:28.000Z",
    "auth": 2,
    "uid": "bd-273460656",
    "publishedVersion": 0,
    "forkFrom": "-",
    "isSpam": 0,
    "version": 1,
    "parentVersion": -1,
    "echartsVersion": "4.4.0",
    "versionCreateTime": "2020-01-15T03:28:28.000Z",
    "html": "",
    "externalScripts": "",
    "updaterUID": "bd-273460656",
    "theme": "",
    "layout": "",
    "viewCount": 33,
    "userName": "C***4",
    "commentCount": 0,
    "starCount": 1,
    "isStared": 0,
    "thumbnailURL": "https://www.makeapie.com/ecg-storage/ec_gallery_thumbnail/xTn3tmjeQ.png?v=1579058908704",
    "isCustomThumbnail": 0,
    "builtinTags": [
        "category-work",
        "grid",
        "legend",
        "series-bar",
        "tooltip"
    ],
    "customTags": [],
    "updaterUserName": "C***4"
}