{
    "cid": "xB1V7Y9Y1G",
    "authorUid": "bd-2386579279",
    "authorUserName": "m***橘",
    "title": "环形图",
    "description": "环形图",
    "latestVersion": 2,
    "alwaysLatest": 1,
    "createTime": "2017-11-15T10:38:20.000Z",
    "lastUpdateTime": "2017-11-15T10:38:20.000Z",
    "auth": 2,
    "uid": "bd-2386579279",
    "publishedVersion": 0,
    "forkFrom": "-",
    "isSpam": 0,
    "version": 2,
    "parentVersion": 1,
    "echartsVersion": "3.8.0",
    "versionCreateTime": "2017-11-16T10:47:48.000Z",
    "html": "",
    "externalScripts": "",
    "updaterUID": "bd-2386579279",
    "theme": "",
    "layout": "",
    "viewCount": 2583,
    "userName": "m***橘",
    "commentCount": 0,
    "starCount": 7,
    "isStared": 0,
    "thumbnailURL": "https://www.makeapie.com/ecg-storage/ec_gallery_thumbnail/xB1V7Y9Y1G.png?v=1510829268201",
    "isCustomThumbnail": 0,
    "builtinTags": [
        "category-work",
        "legend",
        "series-pie",
        "tooltip"
    ],
    "customTags": [],
    "updaterUserName": "m***橘"
}