{
    "cid": "xBJdBIv9Jz",
    "authorUid": "bd-899169358",
    "authorUserName": "卓感李勇",
    "title": "12月 农机维护情况",
    "description": "柱折混搭统计图",
    "latestVersion": 1,
    "alwaysLatest": 1,
    "createTime": "2017-11-16T01:13:35.000Z",
    "lastUpdateTime": "2017-11-16T01:13:35.000Z",
    "auth": 2,
    "uid": "bd-899169358",
    "publishedVersion": 0,
    "forkFrom": "-",
    "isSpam": 0,
    "version": 1,
    "parentVersion": -1,
    "echartsVersion": "3.8.0",
    "versionCreateTime": "2017-11-16T01:13:35.000Z",
    "html": "",
    "externalScripts": "",
    "updaterUID": "bd-899169358",
    "theme": "",
    "layout": "",
    "viewCount": 1565,
    "userName": "卓感李勇",
    "commentCount": 0,
    "starCount": 7,
    "isStared": 0,
    "thumbnailURL": "https://www.makeapie.com/ecg-storage/ec_gallery_thumbnail/xBJdBIv9Jz.png?v=1510794815646",
    "isCustomThumbnail": 0,
    "builtinTags": [
        "category-work",
        "grid",
        "legend",
        "series-bar",
        "series-line"
    ],
    "customTags": [
        "bar",
        "line"
    ],
    "updaterUserName": "卓感李勇"
}