{
    "cid": "xBJUDl_9kG",
    "authorUid": "bd-1799079665",
    "authorUserName": "188******13",
    "title": "",
    "description": "",
    "latestVersion": 7,
    "alwaysLatest": 1,
    "createTime": "2017-11-16T01:56:46.000Z",
    "lastUpdateTime": "2017-11-16T01:56:46.000Z",
    "auth": 2,
    "uid": "bd-1799079665",
    "publishedVersion": 0,
    "forkFrom": "-",
    "isSpam": 0,
    "version": 7,
    "parentVersion": 6,
    "echartsVersion": "3.8.0",
    "versionCreateTime": "2017-12-14T01:23:46.000Z",
    "html": "",
    "externalScripts": "",
    "updaterUID": "bd-1799079665",
    "theme": "",
    "layout": "",
    "viewCount": 575,
    "userName": "188******13",
    "commentCount": 0,
    "starCount": 4,
    "isStared": 0,
    "thumbnailURL": "https://www.makeapie.com/ecg-storage/ec_gallery_thumbnail/xBJUDl_9kG.png?v=1513214626207",
    "isCustomThumbnail": 0,
    "builtinTags": [
        "category-work",
        "legend",
        "series-pie",
        "tooltip"
    ],
    "customTags": [],
    "updaterUserName": "188******13"
}