{
    "cid": "xH15AKvckM",
    "authorUid": "bd-2452356765",
    "authorUserName": "青春流泪的诗p",
    "title": "饼图纹理",
    "description": "",
    "latestVersion": 3,
    "alwaysLatest": 1,
    "createTime": "2017-11-16T01:28:50.000Z",
    "lastUpdateTime": "2017-11-16T01:28:50.000Z",
    "auth": 2,
    "uid": "bd-2452356765",
    "publishedVersion": 0,
    "forkFrom": "-",
    "isSpam": 0,
    "version": 3,
    "parentVersion": 2,
    "echartsVersion": "3.8.0",
    "versionCreateTime": "2017-11-16T01:57:36.000Z",
    "html": "",
    "externalScripts": "",
    "updaterUID": "bd-2452356765",
    "theme": "",
    "layout": "",
    "viewCount": 87,
    "userName": "青春流泪的诗p",
    "commentCount": 0,
    "starCount": 1,
    "isStared": 0,
    "thumbnailURL": "https://www.makeapie.com/ecg-storage/ec_gallery_thumbnail/xH15AKvckM.png?v=1510797456439",
    "isCustomThumbnail": 0,
    "builtinTags": [
        "category-work",
        "series-pie",
        "title",
        "tooltip"
    ],
    "customTags": [],
    "updaterUserName": "青春流泪的诗p"
}