{
    "cid": "xH1602ldJG",
    "authorUid": "bd-3475255319",
    "authorUserName": "mixjack1888",
    "title": "双 Y 轴折线图",
    "description": "双 Y 轴折线图",
    "latestVersion": 3,
    "alwaysLatest": 1,
    "createTime": "2017-11-14T05:19:16.000Z",
    "lastUpdateTime": "2017-11-14T05:19:16.000Z",
    "auth": 2,
    "uid": "bd-3475255319",
    "publishedVersion": 0,
    "forkFrom": "-",
    "isSpam": 0,
    "version": 3,
    "parentVersion": 2,
    "echartsVersion": "3.8.0",
    "versionCreateTime": "2017-11-15T09:26:02.000Z",
    "html": "",
    "externalScripts": "",
    "updaterUID": "bd-3475255319",
    "theme": "",
    "layout": "",
    "viewCount": 313,
    "userName": "mixjack1888",
    "commentCount": 0,
    "starCount": 1,
    "isStared": 0,
    "thumbnailURL": "https://www.makeapie.com/ecg-storage/ec_gallery_thumbnail/xH1602ldJG.png?v=1510737963064",
    "isCustomThumbnail": 0,
    "builtinTags": [
        "category-work",
        "grid",
        "series-line",
        "title"
    ],
    "customTags": [],
    "updaterUserName": "mixjack1888"
}