{
    "cid": "xH1A6WkdkM",
    "authorUid": "bd-1855122418",
    "authorUserName": "188******78",
    "title": "动态数据 + 时间坐标轴",
    "description": "",
    "latestVersion": 1,
    "alwaysLatest": 1,
    "createTime": "2017-11-14T03:23:49.000Z",
    "lastUpdateTime": "2017-11-14T03:23:49.000Z",
    "auth": 2,
    "uid": "bd-1855122418",
    "publishedVersion": 0,
    "forkFrom": "-",
    "isSpam": 0,
    "version": 1,
    "parentVersion": -1,
    "echartsVersion": "3.8.0",
    "versionCreateTime": "2017-11-14T03:23:49.000Z",
    "html": "",
    "externalScripts": "",
    "updaterUID": "bd-1855122418",
    "theme": "",
    "layout": "",
    "viewCount": 510,
    "userName": "188******78",
    "commentCount": 0,
    "starCount": 1,
    "isStared": 0,
    "thumbnailURL": "https://www.makeapie.com/ecg-storage/ec_gallery_thumbnail/xH1A6WkdkM.png?v=1510629829681",
    "isCustomThumbnail": 0,
    "builtinTags": [
        "category-work",
        "grid",
        "series-line",
        "title",
        "tooltip"
    ],
    "customTags": [],
    "updaterUserName": "188******78"
}