{
    "cid": "xHJQ6SNF1G",
    "authorUid": "bd-2386579279",
    "authorUserName": "m***橘",
    "title": "双曲线图",
    "description": "双曲线图.备份",
    "latestVersion": 2,
    "alwaysLatest": 1,
    "createTime": "2017-11-15T03:34:19.000Z",
    "lastUpdateTime": "2017-11-15T03:34:19.000Z",
    "auth": 2,
    "uid": "bd-2386579279",
    "publishedVersion": 0,
    "forkFrom": "-",
    "isSpam": 0,
    "version": 2,
    "parentVersion": 1,
    "echartsVersion": "3.8.0",
    "versionCreateTime": "2017-11-15T03:34:59.000Z",
    "html": "",
    "externalScripts": "",
    "updaterUID": "bd-2386579279",
    "theme": "",
    "layout": "",
    "viewCount": 493,
    "userName": "m***橘",
    "commentCount": 0,
    "starCount": 1,
    "isStared": 0,
    "thumbnailURL": "https://www.makeapie.com/ecg-storage/ec_gallery_thumbnail/xHJQ6SNF1G.png?v=1510716899203",
    "isCustomThumbnail": 0,
    "builtinTags": [
        "category-work",
        "grid",
        "markPoint",
        "series-line",
        "title",
        "tooltip"
    ],
    "customTags": [],
    "updaterUserName": "m***橘"
}