{
    "cid": "xrJds2v51G",
    "authorUid": "bd-4204406186",
    "authorUserName": "157******02",
    "title": "更改仪表盘value",
    "description": "若是为整数的时候显示小数点后两位",
    "latestVersion": 2,
    "alwaysLatest": 1,
    "createTime": "2017-11-16T01:40:47.000Z",
    "lastUpdateTime": "2017-11-16T01:40:47.000Z",
    "auth": 2,
    "uid": "bd-4204406186",
    "publishedVersion": 0,
    "forkFrom": "-",
    "isSpam": 0,
    "version": 2,
    "parentVersion": 1,
    "echartsVersion": "3.8.0",
    "versionCreateTime": "2018-01-11T01:52:19.000Z",
    "html": "",
    "externalScripts": "",
    "updaterUID": "bd-4204406186",
    "theme": "",
    "layout": "",
    "viewCount": 819,
    "userName": "157******02",
    "commentCount": 0,
    "starCount": 1,
    "isStared": 0,
    "thumbnailURL": "https://www.makeapie.com/ecg-storage/ec_gallery_thumbnail/xrJds2v51G.png?v=1515635539215",
    "isCustomThumbnail": 0,
    "builtinTags": [
        "category-work",
        "series-gauge",
        "toolbox",
        "tooltip"
    ],
    "customTags": [],
    "updaterUserName": "157******02"
}