{
    "cid": "xrJHWxIOJG",
    "authorUid": "bd-1899196690",
    "authorUserName": "机器人壹号",
    "title": "test",
    "description": "",
    "latestVersion": 2,
    "alwaysLatest": 1,
    "createTime": "2017-11-14T11:14:05.000Z",
    "lastUpdateTime": "2017-11-14T11:14:05.000Z",
    "auth": 2,
    "uid": "bd-1899196690",
    "publishedVersion": 0,
    "forkFrom": "-",
    "isSpam": 0,
    "version": 2,
    "parentVersion": 1,
    "echartsVersion": "3.8.0",
    "versionCreateTime": "2017-11-14T11:20:33.000Z",
    "html": "",
    "externalScripts": "",
    "updaterUID": "bd-1899196690",
    "theme": "macarons",
    "layout": "",
    "viewCount": 616,
    "userName": "机器人壹号",
    "commentCount": 0,
    "starCount": 4,
    "isStared": 0,
    "thumbnailURL": "https://www.makeapie.com/ecg-storage/ec_gallery_thumbnail/xrJHWxIOJG.png?v=1510658433436",
    "isCustomThumbnail": 0,
    "builtinTags": [
        "category-work",
        "dataZoom",
        "grid",
        "series-line",
        "series-pie",
        "tooltip"
    ],
    "customTags": [],
    "updaterUserName": "机器人壹号"
}