{
    "cid": "xry1Jf1O1G",
    "authorUid": "bd-4087858656",
    "authorUserName": "徐雪19960415",
    "title": "大规模散点图",
    "description": "",
    "latestVersion": 1,
    "alwaysLatest": 1,
    "createTime": "2017-11-14T03:24:07.000Z",
    "lastUpdateTime": "2017-11-14T03:24:07.000Z",
    "auth": 2,
    "uid": "bd-4087858656",
    "publishedVersion": 0,
    "forkFrom": "-",
    "isSpam": 0,
    "version": 1,
    "parentVersion": -1,
    "echartsVersion": "3.8.0",
    "versionCreateTime": "2017-11-14T03:24:07.000Z",
    "html": "",
    "externalScripts": "",
    "updaterUID": "bd-4087858656",
    "theme": "",
    "layout": "",
    "viewCount": 80,
    "userName": "徐雪19960415",
    "commentCount": 0,
    "starCount": 0,
    "isStared": 0,
    "thumbnailURL": "https://www.makeapie.com/ecg-storage/ec_gallery_thumbnail/xry1Jf1O1G.png?v=1510629847307",
    "isCustomThumbnail": 0,
    "builtinTags": [
        "category-work",
        "dataZoom",
        "grid",
        "legend",
        "series-scatter",
        "title",
        "toolbox",
        "tooltip"
    ],
    "customTags": [],
    "updaterUserName": "徐雪19960415"
}