{
    "cid": "xSJ4w6QK1M",
    "authorUid": "bd-536890673",
    "authorUserName": "s***s",
    "title": "温度计",
    "description": "温度计的实现",
    "latestVersion": 1,
    "alwaysLatest": 1,
    "createTime": "2017-11-15T02:58:36.000Z",
    "lastUpdateTime": "2017-11-15T02:58:36.000Z",
    "auth": 2,
    "uid": "bd-536890673",
    "publishedVersion": 0,
    "forkFrom": "-",
    "isSpam": 0,
    "version": 1,
    "parentVersion": -1,
    "echartsVersion": "3.8.0",
    "versionCreateTime": "2017-11-15T02:58:36.000Z",
    "html": "",
    "externalScripts": "",
    "updaterUID": "bd-536890673",
    "theme": "",
    "layout": "",
    "viewCount": 279,
    "userName": "s***s",
    "commentCount": 0,
    "starCount": 3,
    "isStared": 0,
    "thumbnailURL": "https://www.makeapie.com/ecg-storage/ec_gallery_thumbnail/xSJ4w6QK1M.png?v=1510714716501",
    "isCustomThumbnail": 0,
    "builtinTags": [
        "category-work",
        "grid",
        "series-bar",
        "series-scatter",
        "title"
    ],
    "customTags": [
        "thermometer",
        "温度计"
    ],
    "updaterUserName": "s***s"
}