{
    "cid": "xSk3hsXFkz",
    "authorUid": "bd-536890673",
    "authorUserName": "s***s",
    "title": "温度计 x",
    "description": "温度计的实现，带刻度",
    "latestVersion": 2,
    "alwaysLatest": 1,
    "createTime": "2017-11-15T02:51:31.000Z",
    "lastUpdateTime": "2017-11-15T02:51:31.000Z",
    "auth": 2,
    "uid": "bd-536890673",
    "publishedVersion": 0,
    "forkFrom": "-",
    "isSpam": 0,
    "version": 2,
    "parentVersion": 1,
    "echartsVersion": "3.8.0",
    "versionCreateTime": "2017-11-16T07:22:08.000Z",
    "html": "",
    "externalScripts": "",
    "updaterUID": "bd-536890673",
    "theme": "",
    "layout": "",
    "viewCount": 1364,
    "userName": "s***s",
    "commentCount": 0,
    "starCount": 7,
    "isStared": 0,
    "thumbnailURL": "https://www.makeapie.com/ecg-storage/ec_gallery_thumbnail/xSk3hsXFkz.png?v=1510816928558",
    "isCustomThumbnail": 0,
    "builtinTags": [
        "category-work",
        "grid",
        "series-bar",
        "series-scatter",
        "title"
    ],
    "customTags": [
        "thermometer",
        "温度计"
    ],
    "updaterUserName": "s***s"
}