{
    "cid": "xSkBR8JuJz",
    "authorUid": "bd-1520221042",
    "authorUserName": "叮叮冬啦",
    "title": "wangyunjing             ",
    "description": "",
    "latestVersion": 1,
    "alwaysLatest": 1,
    "createTime": "2017-11-14T03:45:16.000Z",
    "lastUpdateTime": "2017-11-14T03:45:16.000Z",
    "auth": 2,
    "uid": "bd-1520221042",
    "publishedVersion": 0,
    "forkFrom": "-",
    "isSpam": 0,
    "version": 1,
    "parentVersion": -1,
    "echartsVersion": "3.8.0",
    "versionCreateTime": "2017-11-14T03:45:16.000Z",
    "html": "",
    "externalScripts": "",
    "updaterUID": "bd-1520221042",
    "theme": "",
    "layout": "",
    "viewCount": 142,
    "userName": "叮叮冬啦",
    "commentCount": 0,
    "starCount": 1,
    "isStared": 0,
    "thumbnailURL": "https://www.makeapie.com/ecg-storage/ec_gallery_thumbnail/xSkBR8JuJz.png?v=1510631117075",
    "isCustomThumbnail": 0,
    "builtinTags": [
        "category-work",
        "grid",
        "legend",
        "series-scatter",
        "tooltip",
        "visualMap"
    ],
    "customTags": [],
    "updaterUserName": "叮叮冬啦"
}