{
    "cid": "x0aD_hEfHz",
    "authorUid": "bd-245229585",
    "authorUserName": "158******46",
    "title": "Awesome Chart",
    "description": "",
    "latestVersion": 1,
    "alwaysLatest": 1,
    "createTime": "2019-05-07T01:08:20.000Z",
    "lastUpdateTime": "2019-05-07T01:08:20.000Z",
    "auth": 2,
    "uid": "bd-245229585",
    "publishedVersion": 0,
    "forkFrom": "-",
    "isSpam": 0,
    "version": 1,
    "parentVersion": -1,
    "echartsVersion": "4.2.1",
    "versionCreateTime": "2019-05-07T01:08:20.000Z",
    "html": "",
    "externalScripts": "",
    "updaterUID": "bd-245229585",
    "theme": "",
    "layout": "",
    "viewCount": 106,
    "userName": "158******46",
    "commentCount": 0,
    "starCount": 0,
    "isStared": 0,
    "thumbnailURL": "https://www.makeapie.com/ecg-storage/ec_gallery_thumbnail/x0aD_hEfHz.png?v=1557191300785",
    "isCustomThumbnail": 0,
    "builtinTags": [
        "category-work",
        "grid",
        "series-line",
        "title"
    ],
    "customTags": [],
    "updaterUserName": "158******46"
}