{
    "cid": "x4OMFqT5e1",
    "authorUid": "bd-779443",
    "authorUserName": "乱***尚",
    "title": "新疆2",
    "description": "",
    "latestVersion": 5,
    "alwaysLatest": 1,
    "createTime": "2019-05-08T08:04:08.000Z",
    "lastUpdateTime": "2019-05-08T08:04:08.000Z",
    "auth": 2,
    "uid": "bd-779443",
    "publishedVersion": 0,
    "forkFrom": "-",
    "isSpam": 0,
    "version": 5,
    "parentVersion": 4,
    "echartsVersion": "4.2.1",
    "versionCreateTime": "2019-08-08T06:10:01.000Z",
    "html": "",
    "externalScripts": "",
    "updaterUID": "bd-779443",
    "theme": "",
    "layout": "",
    "viewCount": 3725,
    "userName": "乱***尚",
    "commentCount": 1,
    "starCount": 8,
    "isStared": 0,
    "thumbnailURL": "https://www.makeapie.com/ecg-storage/ec_gallery_thumbnail/x4OMFqT5e1.png?v=1565244601946",
    "isCustomThumbnail": 0,
    "builtinTags": [
        "category-work",
        "geo",
        "series-effectScatter",
        "series-map"
    ],
    "customTags": [],
    "updaterUserName": "乱***尚"
}