{
    "cid": "xbCIW8n2iC",
    "authorUid": "bd-608532473",
    "authorUserName": "X***X",
    "title": "极坐标系下的柱状图",
    "description": "",
    "latestVersion": 1,
    "alwaysLatest": 1,
    "createTime": "2019-05-06T08:00:02.000Z",
    "lastUpdateTime": "2019-05-06T08:00:02.000Z",
    "auth": 2,
    "uid": "bd-608532473",
    "publishedVersion": 0,
    "forkFrom": "-",
    "isSpam": 0,
    "version": 1,
    "parentVersion": -1,
    "echartsVersion": "4.2.1",
    "versionCreateTime": "2019-05-06T08:00:02.000Z",
    "html": "",
    "externalScripts": "",
    "updaterUID": "bd-608532473",
    "theme": "",
    "layout": "",
    "viewCount": 4432,
    "userName": "X***X",
    "commentCount": 0,
    "starCount": 16,
    "isStared": 0,
    "thumbnailURL": "https://www.makeapie.com/ecg-storage/ec_gallery_thumbnail/xbCIW8n2iC.png?v=1557129602446",
    "isCustomThumbnail": 0,
    "builtinTags": [
        "category-work",
        "legend",
        "polar",
        "series-bar",
        "tooltip"
    ],
    "customTags": [],
    "updaterUserName": "X***X"
}