{
    "cid": "xCmNTYFxVW",
    "authorUid": "bd-2633018513",
    "authorUserName": "阿***y",
    "title": "极简系列 - 柱状图",
    "description": "",
    "latestVersion": 5,
    "alwaysLatest": 1,
    "createTime": "2019-05-06T07:45:02.000Z",
    "lastUpdateTime": "2019-05-06T07:45:02.000Z",
    "auth": 2,
    "uid": "bd-2633018513",
    "publishedVersion": 0,
    "forkFrom": "-",
    "isSpam": 0,
    "version": 5,
    "parentVersion": 4,
    "echartsVersion": "4.2.1",
    "versionCreateTime": "2019-06-14T07:11:49.000Z",
    "html": "",
    "externalScripts": "",
    "updaterUID": "bd-2633018513",
    "theme": "",
    "layout": "",
    "viewCount": 4314,
    "userName": "阿***y",
    "commentCount": 0,
    "starCount": 20,
    "isStared": 0,
    "thumbnailURL": "https://www.makeapie.com/ecg-storage/ec_gallery_thumbnail/xCmNTYFxVW.png?v=1560496309510",
    "isCustomThumbnail": 0,
    "builtinTags": [
        "category-work",
        "grid",
        "series-bar",
        "series-scatter",
        "title",
        "tooltip"
    ],
    "customTags": [
        "条形图",
        "柱状图",
        "简约"
    ],
    "updaterUserName": "阿***y"
}