{
    "cid": "xenxuRmXE7",
    "authorUid": "bd-1896067372",
    "authorUserName": "a***6",
    "title": "总数",
    "description": "3个",
    "latestVersion": 1,
    "alwaysLatest": 1,
    "createTime": "2019-05-06T07:17:37.000Z",
    "lastUpdateTime": "2019-05-06T07:17:37.000Z",
    "auth": 2,
    "uid": "bd-1896067372",
    "publishedVersion": 0,
    "forkFrom": "-",
    "isSpam": 0,
    "version": 1,
    "parentVersion": -1,
    "echartsVersion": "4.2.1",
    "versionCreateTime": "2019-05-06T07:17:37.000Z",
    "html": "",
    "externalScripts": "",
    "updaterUID": "bd-1896067372",
    "theme": "",
    "layout": "",
    "viewCount": 87,
    "userName": "a***6",
    "commentCount": 0,
    "starCount": 0,
    "isStared": 0,
    "thumbnailURL": "https://www.makeapie.com/ecg-storage/ec_gallery_thumbnail/xenxuRmXE7.png?v=1557127057127",
    "isCustomThumbnail": 0,
    "builtinTags": [
        "category-work",
        "series-pie",
        "title",
        "tooltip"
    ],
    "customTags": [],
    "updaterUserName": "a***6"
}