{
    "cid": "xGLwWQ9mZZ",
    "authorUid": "bd-1044119663",
    "authorUserName": "brokencolor",
    "title": "实时数据折线图",
    "description": "",
    "latestVersion": 2,
    "alwaysLatest": 1,
    "createTime": "2019-05-08T05:26:45.000Z",
    "lastUpdateTime": "2019-05-08T05:26:45.000Z",
    "auth": 2,
    "uid": "bd-1044119663",
    "publishedVersion": 0,
    "forkFrom": "-",
    "isSpam": 0,
    "version": 2,
    "parentVersion": 1,
    "echartsVersion": "4.2.1",
    "versionCreateTime": "2019-05-08T05:30:17.000Z",
    "html": "",
    "externalScripts": "",
    "updaterUID": "bd-1044119663",
    "theme": "",
    "layout": "",
    "viewCount": 242,
    "userName": "brokencolor",
    "commentCount": 0,
    "starCount": 0,
    "isStared": 0,
    "thumbnailURL": "https://www.makeapie.com/ecg-storage/ec_gallery_thumbnail/xGLwWQ9mZZ.png?v=1557293417738",
    "isCustomThumbnail": 0,
    "builtinTags": [
        "category-work",
        "grid",
        "legend",
        "markPoint",
        "series-bar",
        "series-line",
        "title",
        "tooltip"
    ],
    "customTags": [],
    "updaterUserName": "brokencolor"
}