{
    "cid": "xlCfShRPAh",
    "authorUid": "bd-2114148453",
    "authorUserName": "沐霖海",
    "title": "永川近三年楼面价数据（2016~2019）",
    "description": "永川近三年楼面价数据（2016~2019） Created by 王丹 重庆大学",
    "latestVersion": 1,
    "alwaysLatest": 1,
    "createTime": "2019-05-06T08:48:41.000Z",
    "lastUpdateTime": "2019-05-06T08:48:41.000Z",
    "auth": 1,
    "uid": "bd-2114148453",
    "publishedVersion": 0,
    "forkFrom": "-",
    "isSpam": 0,
    "version": 1,
    "parentVersion": -1,
    "echartsVersion": "4.2.1",
    "versionCreateTime": "2019-05-06T08:48:41.000Z",
    "html": "",
    "externalScripts": "http://api.map.baidu.com/api?v=2.0&ak=ZUONbpqGBsYGXNIYHicvbAbM,/dep/echarts/latest/extension/bmap.min.js",
    "updaterUID": "bd-2114148453",
    "theme": "",
    "layout": "",
    "viewCount": 103,
    "userName": "沐霖海",
    "commentCount": 0,
    "starCount": 0,
    "isStared": 0,
    "thumbnailURL": "https://www.makeapie.com/ecg-storage/ec_gallery_thumbnail/xlCfShRPAh.png?v=1557132521468",
    "isCustomThumbnail": 0,
    "builtinTags": [
        "category-work",
        "dataZoom",
        "grid",
        "legend",
        "series-bar",
        "series-line",
        "title",
        "toolbox",
        "tooltip"
    ],
    "customTags": [],
    "updaterUserName": "沐霖海"
}