{
    "cid": "xLqr-c9LBP",
    "authorUid": "bd-2889485481",
    "authorUserName": "红尘世家丶",
    "title": "散点图带放大功能",
    "description": "",
    "latestVersion": 1,
    "alwaysLatest": 1,
    "createTime": "2019-05-06T05:43:25.000Z",
    "lastUpdateTime": "2019-05-06T05:43:25.000Z",
    "auth": 2,
    "uid": "bd-2889485481",
    "publishedVersion": 0,
    "forkFrom": "-",
    "isSpam": 0,
    "version": 1,
    "parentVersion": -1,
    "echartsVersion": "4.2.1",
    "versionCreateTime": "2019-05-06T05:43:25.000Z",
    "html": "",
    "externalScripts": "",
    "updaterUID": "bd-2889485481",
    "theme": "",
    "layout": "",
    "viewCount": 85,
    "userName": "红尘世家丶",
    "commentCount": 0,
    "starCount": 1,
    "isStared": 0,
    "thumbnailURL": "https://www.makeapie.com/ecg-storage/ec_gallery_thumbnail/xLqr-c9LBP.png?v=1557121405727",
    "isCustomThumbnail": 0,
    "builtinTags": [
        "category-work",
        "dataZoom",
        "grid",
        "series-scatter",
        "title"
    ],
    "customTags": [],
    "updaterUserName": "红尘世家丶"
}