{
    "cid": "xMogBjcH8q",
    "authorUid": "bd-2873280359",
    "authorUserName": "s***恋",
    "title": "折线走势图",
    "description": "",
    "latestVersion": 1,
    "alwaysLatest": 1,
    "createTime": "2019-05-07T09:02:43.000Z",
    "lastUpdateTime": "2019-05-07T09:02:43.000Z",
    "auth": 2,
    "uid": "bd-2873280359",
    "publishedVersion": 0,
    "forkFrom": "-",
    "isSpam": 0,
    "version": 1,
    "parentVersion": -1,
    "echartsVersion": "4.2.1",
    "versionCreateTime": "2019-05-07T09:02:43.000Z",
    "html": "",
    "externalScripts": "",
    "updaterUID": "bd-2873280359",
    "theme": "",
    "layout": "",
    "viewCount": 75,
    "userName": "s***恋",
    "commentCount": 0,
    "starCount": 0,
    "isStared": 0,
    "thumbnailURL": "https://www.makeapie.com/ecg-storage/ec_gallery_thumbnail/xMogBjcH8q.png?v=1557219764096",
    "isCustomThumbnail": 0,
    "builtinTags": [
        "category-work",
        "grid",
        "legend",
        "series-line",
        "tooltip"
    ],
    "customTags": [],
    "updaterUserName": "s***恋"
}