{
    "cid": "xmQM3DQcBx",
    "authorUid": "bd-2889485481",
    "authorUserName": "红尘世家丶",
    "title": "三环形竖版",
    "description": "",
    "latestVersion": 1,
    "alwaysLatest": 1,
    "createTime": "2019-05-06T05:47:36.000Z",
    "lastUpdateTime": "2019-05-06T05:47:36.000Z",
    "auth": 2,
    "uid": "bd-2889485481",
    "publishedVersion": 0,
    "forkFrom": "-",
    "isSpam": 0,
    "version": 1,
    "parentVersion": -1,
    "echartsVersion": "4.2.1",
    "versionCreateTime": "2019-05-06T05:47:36.000Z",
    "html": "",
    "externalScripts": "",
    "updaterUID": "bd-2889485481",
    "theme": "",
    "layout": "",
    "viewCount": 33,
    "userName": "红尘世家丶",
    "commentCount": 0,
    "starCount": 0,
    "isStared": 0,
    "thumbnailURL": "https://www.makeapie.com/ecg-storage/ec_gallery_thumbnail/xmQM3DQcBx.png?v=1557121656988",
    "isCustomThumbnail": 0,
    "builtinTags": [
        "category-work",
        "series-pie",
        "title",
        "tooltip"
    ],
    "customTags": [],
    "updaterUserName": "红尘世家丶"
}