{
    "cid": "xUKiD10WUZ",
    "authorUid": "bd-779443",
    "authorUserName": "乱***尚",
    "title": "新疆",
    "description": "新疆",
    "latestVersion": 5,
    "alwaysLatest": 1,
    "createTime": "2019-05-08T07:15:28.000Z",
    "lastUpdateTime": "2019-05-08T07:15:28.000Z",
    "auth": 2,
    "uid": "bd-779443",
    "publishedVersion": 0,
    "forkFrom": "-",
    "isSpam": 0,
    "version": 5,
    "parentVersion": 4,
    "echartsVersion": "4.2.1",
    "versionCreateTime": "2019-05-08T07:37:00.000Z",
    "html": "",
    "externalScripts": "",
    "updaterUID": "bd-779443",
    "theme": "",
    "layout": "",
    "viewCount": 426,
    "userName": "乱***尚",
    "commentCount": 0,
    "starCount": 2,
    "isStared": 0,
    "thumbnailURL": "https://www.makeapie.com/ecg-storage/ec_gallery_thumbnail/xUKiD10WUZ.png?v=1557301020760",
    "isCustomThumbnail": 0,
    "builtinTags": [
        "category-work",
        "geo",
        "series-map",
        "series-scatter",
        "tooltip"
    ],
    "customTags": [],
    "updaterUserName": "乱***尚"
}