{
    "cid": "xxCI4JyMQl",
    "authorUid": "bd-2518575702",
    "authorUserName": "上***姐",
    "title": "未处理的严重告警及已拖延时间的列表",
    "description": "",
    "latestVersion": 2,
    "alwaysLatest": 1,
    "createTime": "2019-05-07T05:17:54.000Z",
    "lastUpdateTime": "2019-05-07T05:17:54.000Z",
    "auth": 2,
    "uid": "bd-2518575702",
    "publishedVersion": 0,
    "forkFrom": "-",
    "isSpam": 0,
    "version": 2,
    "parentVersion": 1,
    "echartsVersion": "4.2.1",
    "versionCreateTime": "2019-05-07T05:18:43.000Z",
    "html": "",
    "externalScripts": "",
    "updaterUID": "bd-2518575702",
    "theme": "",
    "layout": "",
    "viewCount": 136,
    "userName": "上***姐",
    "commentCount": 0,
    "starCount": 1,
    "isStared": 0,
    "thumbnailURL": "https://www.makeapie.com/ecg-storage/ec_gallery_thumbnail/xxCI4JyMQl.png?v=1557206323360",
    "isCustomThumbnail": 0,
    "builtinTags": [
        "category-work",
        "grid",
        "series-bar",
        "title",
        "tooltip"
    ],
    "customTags": [],
    "updaterUserName": "上***姐"
}