{
    "cid": "xyD-B0uzKw",
    "authorUid": "bd-1461255316",
    "authorUserName": "hins333",
    "title": "学术热点与课程热点对比分析",
    "description": "",
    "latestVersion": 1,
    "alwaysLatest": 1,
    "createTime": "2019-05-08T02:18:09.000Z",
    "lastUpdateTime": "2019-05-08T02:18:09.000Z",
    "auth": 2,
    "uid": "bd-1461255316",
    "publishedVersion": 0,
    "forkFrom": "-",
    "isSpam": 0,
    "version": 1,
    "parentVersion": -1,
    "echartsVersion": "4.2.1",
    "versionCreateTime": "2019-05-08T02:18:09.000Z",
    "html": "",
    "externalScripts": "",
    "updaterUID": "bd-1461255316",
    "theme": "",
    "layout": "",
    "viewCount": 1056,
    "userName": "hins333",
    "commentCount": 0,
    "starCount": 5,
    "isStared": 0,
    "thumbnailURL": "https://www.makeapie.com/ecg-storage/ec_gallery_thumbnail/xyD-B0uzKw.png?v=1557281889828",
    "isCustomThumbnail": 0,
    "builtinTags": [
        "category-work",
        "grid",
        "legend",
        "series-bar",
        "timeline",
        "title",
        "tooltip"
    ],
    "customTags": [],
    "updaterUserName": "hins333"
}