{
    "cid": "xZEAiaojLw",
    "authorUid": "bd-2114148453",
    "authorUserName": "沐霖海",
    "title": "永川东站区域楼盘信息(2019.4.25)",
    "description": "永川东站区域楼盘信息(2019.4.25)\n\n/**\nCreated by 王丹 重庆大学\n*/\n",
    "latestVersion": 1,
    "alwaysLatest": 1,
    "createTime": "2019-05-06T08:55:31.000Z",
    "lastUpdateTime": "2019-05-06T08:55:31.000Z",
    "auth": 2,
    "uid": "bd-2114148453",
    "publishedVersion": 0,
    "forkFrom": "-",
    "isSpam": 0,
    "version": 1,
    "parentVersion": -1,
    "echartsVersion": "4.2.1",
    "versionCreateTime": "2019-05-06T08:55:31.000Z",
    "html": "",
    "externalScripts": "/dep/echarts/latest/extension/bmap.min.js,https://api.map.baidu.com/api?v=2.0&ak=afek9HkLgttWDQrKCHyqRunUz7hXOeGU",
    "updaterUID": "bd-2114148453",
    "theme": "",
    "layout": "",
    "viewCount": 59,
    "userName": "沐霖海",
    "commentCount": 0,
    "starCount": 2,
    "isStared": 0,
    "thumbnailURL": "https://www.makeapie.com/ecg-storage/ec_gallery_thumbnail/xZEAiaojLw.undefined?v=",
    "isCustomThumbnail": 0,
    "builtinTags": [
        "category-work"
    ],
    "customTags": [],
    "updaterUserName": "沐霖海"
}