{
    "cid": "x_3BWZQOI0",
    "authorUid": "bd-2332969606",
    "authorUserName": "1***生",
    "title": "极坐标 柱状图",
    "description": "多年度 分级不同渐变色数据",
    "latestVersion": 3,
    "alwaysLatest": 1,
    "createTime": "2019-09-09T06:56:24.000Z",
    "lastUpdateTime": "2019-09-09T06:56:24.000Z",
    "auth": 2,
    "uid": "bd-2332969606",
    "publishedVersion": 0,
    "forkFrom": "-",
    "isSpam": 0,
    "version": 3,
    "parentVersion": 2,
    "echartsVersion": "4.2.1",
    "versionCreateTime": "2019-09-12T05:48:50.000Z",
    "html": "",
    "externalScripts": "",
    "updaterUID": "bd-2332969606",
    "theme": "",
    "layout": "",
    "viewCount": 490,
    "userName": "1***生",
    "commentCount": 0,
    "starCount": 4,
    "isStared": 0,
    "thumbnailURL": "https://www.makeapie.com/ecg-storage/ec_gallery_thumbnail/x_3BWZQOI0.png?v=1568267330203",
    "isCustomThumbnail": 0,
    "builtinTags": [
        "category-work",
        "legend",
        "polar",
        "series-bar",
        "tooltip"
    ],
    "customTags": [],
    "updaterUserName": "1***生"
}