{
    "cid": "xGDRrUM5FB",
    "authorUid": "bd-3348891277",
    "authorUserName": "乐***8",
    "title": "贫困特征雷达图",
    "description": "",
    "latestVersion": 1,
    "alwaysLatest": 1,
    "createTime": "2019-09-08T15:04:46.000Z",
    "lastUpdateTime": "2019-09-08T15:04:46.000Z",
    "auth": 2,
    "uid": "bd-3348891277",
    "publishedVersion": 0,
    "forkFrom": "-",
    "isSpam": 0,
    "version": 1,
    "parentVersion": -1,
    "echartsVersion": "4.2.1",
    "versionCreateTime": "2019-09-08T15:04:46.000Z",
    "html": "",
    "externalScripts": "",
    "updaterUID": "bd-3348891277",
    "theme": "",
    "layout": "",
    "viewCount": 374,
    "userName": "乐***8",
    "commentCount": 0,
    "starCount": 1,
    "isStared": 0,
    "thumbnailURL": "https://www.makeapie.com/ecg-storage/ec_gallery_thumbnail/xGDRrUM5FB.png?v=1567955086972",
    "isCustomThumbnail": 0,
    "builtinTags": [
        "category-work",
        "legend",
        "radar",
        "series-radar",
        "title",
        "tooltip"
    ],
    "customTags": [],
    "updaterUserName": "乐***8"
}