{
    "cid": "xHwDlN2d_S",
    "authorUid": "bd-22639284",
    "authorUserName": "问***y",
    "title": "每木类型",
    "description": "多个饼图嵌套",
    "latestVersion": 2,
    "alwaysLatest": 1,
    "createTime": "2019-09-09T08:02:45.000Z",
    "lastUpdateTime": "2019-09-09T08:02:45.000Z",
    "auth": 2,
    "uid": "bd-22639284",
    "publishedVersion": 0,
    "forkFrom": "-",
    "isSpam": 0,
    "version": 2,
    "parentVersion": 1,
    "echartsVersion": "4.2.1",
    "versionCreateTime": "2019-09-09T08:10:38.000Z",
    "html": "",
    "externalScripts": "",
    "updaterUID": "bd-22639284",
    "theme": "",
    "layout": "",
    "viewCount": 116,
    "userName": "问***y",
    "commentCount": 0,
    "starCount": 0,
    "isStared": 0,
    "thumbnailURL": "https://www.makeapie.com/ecg-storage/ec_gallery_thumbnail/xHwDlN2d_S.png?v=1568016638858",
    "isCustomThumbnail": 0,
    "builtinTags": [
        "category-work",
        "legend",
        "series-pie",
        "title",
        "toolbox",
        "tooltip"
    ],
    "customTags": [],
    "updaterUserName": "问***y"
}