{
    "cid": "xJ0QASRROC",
    "authorUid": "bd-3793071787",
    "authorUserName": "二***弃",
    "title": "3个柱状图_2---平均值",
    "description": "",
    "latestVersion": 1,
    "alwaysLatest": 1,
    "createTime": "2019-09-09T14:45:58.000Z",
    "lastUpdateTime": "2019-09-09T14:45:58.000Z",
    "auth": 1,
    "uid": "bd-3793071787",
    "publishedVersion": 0,
    "forkFrom": "-",
    "isSpam": 0,
    "version": 1,
    "parentVersion": -1,
    "echartsVersion": "4.2.1",
    "versionCreateTime": "2019-09-09T14:45:58.000Z",
    "html": "",
    "externalScripts": "",
    "updaterUID": "bd-3793071787",
    "theme": "",
    "layout": "",
    "viewCount": 135,
    "userName": "二***弃",
    "commentCount": 0,
    "starCount": 2,
    "isStared": 0,
    "thumbnailURL": "https://www.makeapie.com/ecg-storage/ec_gallery_thumbnail/xJ0QASRROC.png?v=1568040358123",
    "isCustomThumbnail": 0,
    "builtinTags": [
        "category-work",
        "grid",
        "markLine",
        "series-bar"
    ],
    "customTags": [],
    "updaterUserName": "二***弃"
}