{
    "cid": "xjvEnFTaTD",
    "authorUid": "bd-696783921",
    "authorUserName": "n***人",
    "title": " 关中平原城市群 分布 ",
    "description": " 以西安为中心，是华夏文明重要发祥地之一，承载着中华民族的历史荣耀和厚重记忆。关中平原城市群发展基础较好、发展潜力较大，在国家现代化建设大局和全方位开放格局中具有独特战略地位。 ",
    "latestVersion": 1,
    "alwaysLatest": 1,
    "createTime": "2019-09-08T09:43:06.000Z",
    "lastUpdateTime": "2019-09-08T09:43:06.000Z",
    "auth": 2,
    "uid": "bd-696783921",
    "publishedVersion": 0,
    "forkFrom": "-",
    "isSpam": 0,
    "version": 1,
    "parentVersion": -1,
    "echartsVersion": "4.2.1",
    "versionCreateTime": "2019-09-08T09:43:06.000Z",
    "html": "",
    "externalScripts": "https://echarts.baidu.com/resource/echarts-gl-latest/dist/echarts-gl.min.js",
    "updaterUID": "bd-696783921",
    "theme": "",
    "layout": "",
    "viewCount": 204604,
    "userName": "n***人",
    "commentCount": 0,
    "starCount": 2,
    "isStared": 0,
    "thumbnailURL": "https://www.makeapie.com/ecg-storage/ec_gallery_thumbnail/xjvEnFTaTD.png?v=1567935787571",
    "isCustomThumbnail": 1,
    "builtinTags": [
        "category-work",
        "geo3D",
        "title"
    ],
    "customTags": [],
    "updaterUserName": "n***人"
}