{
    "cid": "xOsR0xBUuM",
    "authorUid": "bd-34533374",
    "authorUserName": "m***g",
    "title": "血缘关系图",
    "description": "",
    "latestVersion": 1,
    "alwaysLatest": 1,
    "createTime": "2019-09-09T08:19:30.000Z",
    "lastUpdateTime": "2019-09-09T08:19:30.000Z",
    "auth": 1,
    "uid": "bd-34533374",
    "publishedVersion": 0,
    "forkFrom": "-",
    "isSpam": 0,
    "version": 1,
    "parentVersion": -1,
    "echartsVersion": "4.2.1",
    "versionCreateTime": "2019-09-09T08:19:30.000Z",
    "html": "",
    "externalScripts": "",
    "updaterUID": "bd-34533374",
    "theme": "",
    "layout": "",
    "viewCount": 388,
    "userName": "m***g",
    "commentCount": 0,
    "starCount": 0,
    "isStared": 0,
    "thumbnailURL": "https://www.makeapie.com/ecg-storage/ec_gallery_thumbnail/xOsR0xBUuM.png?v=1568017170830",
    "isCustomThumbnail": 0,
    "builtinTags": [
        "category-work",
        "series-graph",
        "title",
        "tooltip"
    ],
    "customTags": [],
    "updaterUserName": "m***g"
}