{
    "cid": "xtDBHOh2en",
    "authorUid": "bd-2332969606",
    "authorUserName": "1***生",
    "title": "编制变化率-行业",
    "description": " 多环",
    "latestVersion": 1,
    "alwaysLatest": 1,
    "createTime": "2019-09-09T04:02:47.000Z",
    "lastUpdateTime": "2019-09-09T04:02:47.000Z",
    "auth": 2,
    "uid": "bd-2332969606",
    "publishedVersion": 0,
    "forkFrom": "-",
    "isSpam": 0,
    "version": 1,
    "parentVersion": -1,
    "echartsVersion": "4.2.1",
    "versionCreateTime": "2019-09-09T04:02:47.000Z",
    "html": "",
    "externalScripts": "",
    "updaterUID": "bd-2332969606",
    "theme": "",
    "layout": "",
    "viewCount": 286,
    "userName": "1***生",
    "commentCount": 0,
    "starCount": 0,
    "isStared": 0,
    "thumbnailURL": "https://www.makeapie.com/ecg-storage/ec_gallery_thumbnail/xtDBHOh2en.png?v=1568001767763",
    "isCustomThumbnail": 0,
    "builtinTags": [
        "category-work",
        "legend",
        "radar",
        "series-radar",
        "series-sunburst",
        "title",
        "tooltip"
    ],
    "customTags": [],
    "updaterUserName": "1***生"
}