{
    "cid": "xxSge9w3Qq",
    "authorUid": "bd-708931454",
    "authorUserName": "忠***O",
    "title": "玫瑰图内嵌",
    "description": "玫瑰图内嵌",
    "latestVersion": 2,
    "alwaysLatest": 1,
    "createTime": "2019-09-08T13:36:43.000Z",
    "lastUpdateTime": "2019-09-08T13:36:43.000Z",
    "auth": 2,
    "uid": "bd-708931454",
    "publishedVersion": 0,
    "forkFrom": "-",
    "isSpam": 0,
    "version": 2,
    "parentVersion": 1,
    "echartsVersion": "4.2.1",
    "versionCreateTime": "2019-09-08T13:38:06.000Z",
    "html": "",
    "externalScripts": "",
    "updaterUID": "bd-708931454",
    "theme": "",
    "layout": "",
    "viewCount": 154,
    "userName": "忠***O",
    "commentCount": 0,
    "starCount": 0,
    "isStared": 0,
    "thumbnailURL": "https://www.makeapie.com/ecg-storage/ec_gallery_thumbnail/xxSge9w3Qq.png?v=1567949886642",
    "isCustomThumbnail": 0,
    "builtinTags": [
        "category-work",
        "legend",
        "series-pie",
        "tooltip"
    ],
    "customTags": [],
    "updaterUserName": "忠***O"
}