{
    "cid": "xxx-tMHd79",
    "authorUid": "bd-2564071596",
    "authorUserName": "落***帅",
    "title": "形象工程汇总",
    "description": "百分比(%)",
    "latestVersion": 6,
    "alwaysLatest": 1,
    "createTime": "2019-09-09T07:01:06.000Z",
    "lastUpdateTime": "2019-09-09T07:01:06.000Z",
    "auth": 2,
    "uid": "bd-2564071596",
    "publishedVersion": 0,
    "forkFrom": "-",
    "isSpam": 0,
    "version": 6,
    "parentVersion": 5,
    "echartsVersion": "4.4.0",
    "versionCreateTime": "2019-10-18T06:51:13.000Z",
    "html": "",
    "externalScripts": "",
    "updaterUID": "bd-2564071596",
    "theme": "",
    "layout": "",
    "viewCount": 148,
    "userName": "落***帅",
    "commentCount": 0,
    "starCount": 0,
    "isStared": 0,
    "thumbnailURL": "https://www.makeapie.com/ecg-storage/ec_gallery_thumbnail/xxx-tMHd79.png?v=1571381473507",
    "isCustomThumbnail": 0,
    "builtinTags": [
        "category-work",
        "grid",
        "series-bar",
        "title",
        "tooltip"
    ],
    "customTags": [],
    "updaterUserName": "落***帅"
}