{
    "cid": "xy8G54fT-M",
    "authorUid": "bd-2332969606",
    "authorUserName": "1***生",
    "title": "极坐标 柱图",
    "description": "",
    "latestVersion": 2,
    "alwaysLatest": 1,
    "createTime": "2019-09-09T05:35:00.000Z",
    "lastUpdateTime": "2019-09-09T05:35:00.000Z",
    "auth": 2,
    "uid": "bd-2332969606",
    "publishedVersion": 0,
    "forkFrom": "-",
    "isSpam": 0,
    "version": 2,
    "parentVersion": 1,
    "echartsVersion": "4.3.0",
    "versionCreateTime": "2019-09-17T06:14:15.000Z",
    "html": "",
    "externalScripts": "",
    "updaterUID": "bd-2332969606",
    "theme": "",
    "layout": "",
    "viewCount": 509,
    "userName": "1***生",
    "commentCount": 0,
    "starCount": 3,
    "isStared": 0,
    "thumbnailURL": "https://www.makeapie.com/ecg-storage/ec_gallery_thumbnail/xy8G54fT-M.png?v=1568700855850",
    "isCustomThumbnail": 0,
    "builtinTags": [
        "category-work",
        "polar",
        "radar",
        "series-pie",
        "series-radar"
    ],
    "customTags": [],
    "updaterUserName": "1***生"
}