{
    "cid": "xB1NtDDXtf",
    "authorUid": "bd-441871429",
    "authorUserName": "牧羊yun",
    "title": "食品生产监管情况",
    "description": "检验机构异议排名（异议批次数、异议成立批次数\n）",
    "latestVersion": 2,
    "alwaysLatest": 1,
    "createTime": "2018-03-12T02:35:40.000Z",
    "lastUpdateTime": "2018-03-12T02:35:40.000Z",
    "auth": 2,
    "uid": "bd-441871429",
    "publishedVersion": 0,
    "forkFrom": "-",
    "isSpam": 0,
    "version": 2,
    "parentVersion": 1,
    "echartsVersion": "4.0.4",
    "versionCreateTime": "2018-03-12T02:53:49.000Z",
    "html": "",
    "externalScripts": "",
    "updaterUID": "bd-441871429",
    "theme": "",
    "layout": "",
    "viewCount": 1096,
    "userName": "牧羊yun",
    "commentCount": 0,
    "starCount": 4,
    "isStared": 0,
    "thumbnailURL": "https://www.makeapie.com/ecg-storage/ec_gallery_thumbnail/xB1NtDDXtf.png?v=1520823229866",
    "isCustomThumbnail": 0,
    "builtinTags": [
        "category-work",
        "grid",
        "legend",
        "series-bar",
        "title",
        "tooltip"
    ],
    "customTags": [],
    "updaterUserName": "牧羊yun"
}