{
    "cid": "xBJ0W_qmtM",
    "authorUid": "bd-1261501031",
    "authorUserName": "邓***e",
    "title": "投诉举报企业排名",
    "description": "柱状图（前十）被投诉举报次数",
    "latestVersion": 5,
    "alwaysLatest": 1,
    "createTime": "2018-03-12T06:02:46.000Z",
    "lastUpdateTime": "2018-03-12T06:02:46.000Z",
    "auth": 2,
    "uid": "bd-1261501031",
    "publishedVersion": 0,
    "forkFrom": "-",
    "isSpam": 0,
    "version": 5,
    "parentVersion": 4,
    "echartsVersion": "4.0.4",
    "versionCreateTime": "2018-03-28T01:36:24.000Z",
    "html": "",
    "externalScripts": "",
    "updaterUID": "bd-1261501031",
    "theme": "",
    "layout": "",
    "viewCount": 230,
    "userName": "邓***e",
    "commentCount": 0,
    "starCount": 0,
    "isStared": 0,
    "thumbnailURL": "https://www.makeapie.com/ecg-storage/ec_gallery_thumbnail/xBJ0W_qmtM.png?v=1522200984556",
    "isCustomThumbnail": 0,
    "builtinTags": [
        "category-work",
        "grid",
        "legend",
        "series-line",
        "title",
        "tooltip"
    ],
    "customTags": [],
    "updaterUserName": "邓***e"
}