{
    "cid": "xBJKW8vmKf",
    "authorUid": "bd-441871429",
    "authorUserName": "牧羊yun",
    "title": "食品生产监管情况",
    "description": "检验机构异议排名(异议成立批次数)",
    "latestVersion": 5,
    "alwaysLatest": 1,
    "createTime": "2018-03-12T02:29:21.000Z",
    "lastUpdateTime": "2018-03-12T02:29:21.000Z",
    "auth": 2,
    "uid": "bd-441871429",
    "publishedVersion": 0,
    "forkFrom": "-",
    "isSpam": 0,
    "version": 5,
    "parentVersion": 4,
    "echartsVersion": "4.0.4",
    "versionCreateTime": "2018-03-12T08:49:14.000Z",
    "html": "",
    "externalScripts": "",
    "updaterUID": "bd-441871429",
    "theme": "",
    "layout": "",
    "viewCount": 641,
    "userName": "牧羊yun",
    "commentCount": 0,
    "starCount": 0,
    "isStared": 0,
    "thumbnailURL": "https://www.makeapie.com/ecg-storage/ec_gallery_thumbnail/xBJKW8vmKf.png?v=1520844555029",
    "isCustomThumbnail": 0,
    "builtinTags": [
        "category-work",
        "grid",
        "legend",
        "series-bar",
        "title",
        "toolbox",
        "tooltip"
    ],
    "customTags": [],
    "updaterUserName": "牧羊yun"
}