{
    "cid": "xBk7vbhmKG",
    "authorUid": "bd-2853284743",
    "authorUserName": "C***_",
    "title": "USA地图打点",
    "description": "地图打点",
    "latestVersion": 1,
    "alwaysLatest": 1,
    "createTime": "2018-03-12T07:50:51.000Z",
    "lastUpdateTime": "2018-03-12T07:50:51.000Z",
    "auth": 2,
    "uid": "bd-2853284743",
    "publishedVersion": 0,
    "forkFrom": "-",
    "isSpam": 0,
    "version": 1,
    "parentVersion": -1,
    "echartsVersion": "4.0.4",
    "versionCreateTime": "2018-03-12T07:50:51.000Z",
    "html": "",
    "externalScripts": "",
    "updaterUID": "bd-2853284743",
    "theme": "",
    "layout": "",
    "viewCount": 468,
    "userName": "C***_",
    "commentCount": 0,
    "starCount": 2,
    "isStared": 0,
    "thumbnailURL": "https://www.makeapie.com/ecg-storage/ec_gallery_thumbnail/xBk7vbhmKG.png?v=1520841051267",
    "isCustomThumbnail": 0,
    "builtinTags": [
        "category-work",
        "geo",
        "series-scatter",
        "title",
        "toolbox"
    ],
    "customTags": [],
    "updaterUserName": "C***_"
}