{
    "cid": "xBkaxzsXtf",
    "authorUid": "bd-1261501031",
    "authorUserName": "邓***e",
    "title": "投诉举报问题排名",
    "description": "条形图\n指标：投诉举报数\n维度：问题类别.问题类别随投诉环节而改变",
    "latestVersion": 3,
    "alwaysLatest": 1,
    "createTime": "2018-03-12T06:45:09.000Z",
    "lastUpdateTime": "2018-03-12T06:45:09.000Z",
    "auth": 2,
    "uid": "bd-1261501031",
    "publishedVersion": 0,
    "forkFrom": "-",
    "isSpam": 0,
    "version": 3,
    "parentVersion": 2,
    "echartsVersion": "4.0.4",
    "versionCreateTime": "2018-03-12T15:02:57.000Z",
    "html": "",
    "externalScripts": "",
    "updaterUID": "bd-1261501031",
    "theme": "",
    "layout": "",
    "viewCount": 506,
    "userName": "邓***e",
    "commentCount": 0,
    "starCount": 2,
    "isStared": 0,
    "thumbnailURL": "https://www.makeapie.com/ecg-storage/ec_gallery_thumbnail/xBkaxzsXtf.png?v=1520866977899",
    "isCustomThumbnail": 0,
    "builtinTags": [
        "category-work",
        "grid",
        "legend",
        "series-bar",
        "title",
        "toolbox",
        "tooltip"
    ],
    "customTags": [],
    "updaterUserName": "邓***e"
}