{
    "cid": "xH1MwenmYM",
    "authorUid": "bd-3393057074",
    "authorUserName": "大***志",
    "title": "基础折线图",
    "description": "基础折线图示例",
    "latestVersion": 2,
    "alwaysLatest": 1,
    "createTime": "2018-03-12T07:46:34.000Z",
    "lastUpdateTime": "2018-03-12T07:46:34.000Z",
    "auth": 2,
    "uid": "bd-3393057074",
    "publishedVersion": 0,
    "forkFrom": "-",
    "isSpam": 0,
    "version": 2,
    "parentVersion": 1,
    "echartsVersion": "4.0.4",
    "versionCreateTime": "2018-03-12T07:46:57.000Z",
    "html": "",
    "externalScripts": "",
    "updaterUID": "bd-3393057074",
    "theme": "",
    "layout": "",
    "viewCount": 28,
    "userName": "大***志",
    "commentCount": 0,
    "starCount": 0,
    "isStared": 0,
    "thumbnailURL": "https://www.makeapie.com/ecg-storage/ec_gallery_thumbnail/xH1MwenmYM.png?v=1520840817370",
    "isCustomThumbnail": 0,
    "builtinTags": [
        "category-work",
        "grid",
        "series-line",
        "title",
        "tooltip"
    ],
    "customTags": [],
    "updaterUserName": "大***志"
}