{
    "cid": "xH1urIomKf",
    "authorUid": "bd-441871429",
    "authorUserName": "牧羊yun",
    "title": "检验结果趋势分析",
    "description": "区县\n",
    "latestVersion": 2,
    "alwaysLatest": 1,
    "createTime": "2018-03-12T07:03:27.000Z",
    "lastUpdateTime": "2018-03-12T07:03:27.000Z",
    "auth": 2,
    "uid": "bd-441871429",
    "publishedVersion": 0,
    "forkFrom": "-",
    "isSpam": 0,
    "version": 2,
    "parentVersion": 1,
    "echartsVersion": "4.0.4",
    "versionCreateTime": "2018-03-13T10:47:03.000Z",
    "html": "",
    "externalScripts": "",
    "updaterUID": "bd-441871429",
    "theme": "",
    "layout": "",
    "viewCount": 112,
    "userName": "牧羊yun",
    "commentCount": 0,
    "starCount": 1,
    "isStared": 0,
    "thumbnailURL": "https://www.makeapie.com/ecg-storage/ec_gallery_thumbnail/xH1urIomKf.png?v=1520938023171",
    "isCustomThumbnail": 0,
    "builtinTags": [
        "category-work",
        "grid",
        "legend",
        "series-bar",
        "series-line",
        "title",
        "tooltip"
    ],
    "customTags": [],
    "updaterUserName": "牧羊yun"
}