{
    "cid": "xHJ9mzqzKG",
    "authorUid": "bd-441871429",
    "authorUserName": "牧羊yun",
    "title": "色标管理市场规模情况（餐饮服务）",
    "description": "区县",
    "latestVersion": 1,
    "alwaysLatest": 1,
    "createTime": "2018-03-11T11:25:22.000Z",
    "lastUpdateTime": "2018-03-11T11:25:22.000Z",
    "auth": 2,
    "uid": "bd-441871429",
    "publishedVersion": 0,
    "forkFrom": "-",
    "isSpam": 0,
    "version": 1,
    "parentVersion": -1,
    "echartsVersion": "4.0.4",
    "versionCreateTime": "2018-03-11T11:25:22.000Z",
    "html": "",
    "externalScripts": "",
    "updaterUID": "bd-441871429",
    "theme": "",
    "layout": "",
    "viewCount": 67,
    "userName": "牧羊yun",
    "commentCount": 0,
    "starCount": 0,
    "isStared": 0,
    "thumbnailURL": "https://www.makeapie.com/ecg-storage/ec_gallery_thumbnail/xHJ9mzqzKG.png?v=1520767522163",
    "isCustomThumbnail": 0,
    "builtinTags": [
        "category-work",
        "grid",
        "legend",
        "series-bar",
        "series-line",
        "title",
        "tooltip"
    ],
    "customTags": [],
    "updaterUserName": "牧羊yun"
}