{
    "cid": "xHkQxlqfFG",
    "authorUid": "bd-1679792466",
    "authorUserName": "沉沦在回忆中",
    "title": "日常监管检查情况分析",
    "description": "",
    "latestVersion": 3,
    "alwaysLatest": 1,
    "createTime": "2018-03-11T11:15:54.000Z",
    "lastUpdateTime": "2018-03-11T11:15:54.000Z",
    "auth": 2,
    "uid": "bd-1679792466",
    "publishedVersion": 0,
    "forkFrom": "-",
    "isSpam": 0,
    "version": 3,
    "parentVersion": 2,
    "echartsVersion": "4.0.4",
    "versionCreateTime": "2018-03-11T14:23:35.000Z",
    "html": "",
    "externalScripts": "",
    "updaterUID": "bd-1679792466",
    "theme": "",
    "layout": "",
    "viewCount": 219,
    "userName": "沉沦在回忆中",
    "commentCount": 0,
    "starCount": 0,
    "isStared": 0,
    "thumbnailURL": "https://www.makeapie.com/ecg-storage/ec_gallery_thumbnail/xHkQxlqfFG.png?v=1520778215976",
    "isCustomThumbnail": 0,
    "builtinTags": [
        "category-work",
        "series-pie",
        "title",
        "tooltip"
    ],
    "customTags": [],
    "updaterUserName": "沉沦在回忆中"
}