{
    "cid": "xHky_auzYM",
    "authorUid": "bd-2989634992",
    "authorUserName": "Theowl13",
    "title": "单条生产线投入",
    "description": "ppt演示用",
    "latestVersion": 1,
    "alwaysLatest": 1,
    "createTime": "2018-03-11T09:56:54.000Z",
    "lastUpdateTime": "2018-03-11T09:56:54.000Z",
    "auth": 2,
    "uid": "bd-2989634992",
    "publishedVersion": 0,
    "forkFrom": "-",
    "isSpam": 0,
    "version": 1,
    "parentVersion": -1,
    "echartsVersion": "4.0.4",
    "versionCreateTime": "2018-03-11T09:56:54.000Z",
    "html": "",
    "externalScripts": "",
    "updaterUID": "bd-2989634992",
    "theme": "",
    "layout": "",
    "viewCount": 65,
    "userName": "Theowl13",
    "commentCount": 0,
    "starCount": 0,
    "isStared": 0,
    "thumbnailURL": "https://www.makeapie.com/ecg-storage/ec_gallery_thumbnail/xHky_auzYM.png?v=1520762214992",
    "isCustomThumbnail": 0,
    "builtinTags": [
        "category-work",
        "grid",
        "legend",
        "series-line",
        "title",
        "toolbox",
        "tooltip"
    ],
    "customTags": [],
    "updaterUserName": "Theowl13"
}