{
    "cid": "xr1s2BXfYM",
    "authorUid": "bd-441871429",
    "authorUserName": "牧羊yun",
    "title": "量化分级评定情况（餐饮服务）",
    "description": "1",
    "latestVersion": 2,
    "alwaysLatest": 1,
    "createTime": "2018-03-11T03:42:43.000Z",
    "lastUpdateTime": "2018-03-11T03:42:43.000Z",
    "auth": 2,
    "uid": "bd-441871429",
    "publishedVersion": 0,
    "forkFrom": "-",
    "isSpam": 0,
    "version": 2,
    "parentVersion": 1,
    "echartsVersion": "4.0.4",
    "versionCreateTime": "2018-03-11T04:01:30.000Z",
    "html": "",
    "externalScripts": "",
    "updaterUID": "bd-441871429",
    "theme": "",
    "layout": "",
    "viewCount": 197,
    "userName": "牧羊yun",
    "commentCount": 0,
    "starCount": 2,
    "isStared": 0,
    "thumbnailURL": "https://www.makeapie.com/ecg-storage/ec_gallery_thumbnail/xr1s2BXfYM.png?v=1520740890994",
    "isCustomThumbnail": 0,
    "builtinTags": [],
    "customTags": [],
    "updaterUserName": "牧羊yun"
}