{
    "cid": "xryJxsuXFf",
    "authorUid": "bd-4067285355",
    "authorUserName": "139******35",
    "title": "投诉举报接收渠道趋势分析",
    "description": "",
    "latestVersion": 1,
    "alwaysLatest": 1,
    "createTime": "2018-03-12T03:58:31.000Z",
    "lastUpdateTime": "2018-03-12T03:58:31.000Z",
    "auth": 2,
    "uid": "bd-4067285355",
    "publishedVersion": 0,
    "forkFrom": "-",
    "isSpam": 0,
    "version": 1,
    "parentVersion": -1,
    "echartsVersion": "4.0.4",
    "versionCreateTime": "2018-03-12T03:58:31.000Z",
    "html": "",
    "externalScripts": "",
    "updaterUID": "bd-4067285355",
    "theme": "",
    "layout": "",
    "viewCount": 39,
    "userName": "139******35",
    "commentCount": 0,
    "starCount": 0,
    "isStared": 0,
    "thumbnailURL": "https://www.makeapie.com/ecg-storage/ec_gallery_thumbnail/xryJxsuXFf.png?v=1520827111409",
    "isCustomThumbnail": 0,
    "builtinTags": [
        "category-work",
        "grid",
        "legend",
        "series-bar",
        "series-line",
        "title",
        "tooltip"
    ],
    "customTags": [],
    "updaterUserName": "139******35"
}