{
    "cid": "xryPaKUMYM",
    "authorUid": "bd-441871429",
    "authorUserName": "牧羊yun",
    "title": "餐饮服务安全体系建设分析",
    "description": "环形图",
    "latestVersion": 1,
    "alwaysLatest": 1,
    "createTime": "2018-03-11T07:24:47.000Z",
    "lastUpdateTime": "2018-03-11T07:24:47.000Z",
    "auth": 2,
    "uid": "bd-441871429",
    "publishedVersion": 0,
    "forkFrom": "-",
    "isSpam": 0,
    "version": 1,
    "parentVersion": -1,
    "echartsVersion": "4.0.4",
    "versionCreateTime": "2018-03-11T07:24:47.000Z",
    "html": "",
    "externalScripts": "",
    "updaterUID": "bd-441871429",
    "theme": "",
    "layout": "",
    "viewCount": 138,
    "userName": "牧羊yun",
    "commentCount": 0,
    "starCount": 1,
    "isStared": 0,
    "thumbnailURL": "https://www.makeapie.com/ecg-storage/ec_gallery_thumbnail/xryPaKUMYM.png?v=1520753087366",
    "isCustomThumbnail": 0,
    "builtinTags": [
        "category-work",
        "series-pie",
        "toolbox",
        "tooltip"
    ],
    "customTags": [],
    "updaterUserName": "牧羊yun"
}