{
    "cid": "xS1f2kpQtf",
    "authorUid": "bd-3393057074",
    "authorUserName": "大***志",
    "title": "饼图示例-点击时候中间部分改变",
    "description": "饼图示例-点击时候中间部分改变，显示单项结果。",
    "latestVersion": 2,
    "alwaysLatest": 1,
    "createTime": "2018-03-12T08:51:54.000Z",
    "lastUpdateTime": "2018-03-12T08:51:54.000Z",
    "auth": 2,
    "uid": "bd-3393057074",
    "publishedVersion": 0,
    "forkFrom": "-",
    "isSpam": 0,
    "version": 2,
    "parentVersion": 1,
    "echartsVersion": "4.0.4",
    "versionCreateTime": "2018-03-12T08:53:36.000Z",
    "html": "",
    "externalScripts": "",
    "updaterUID": "bd-3393057074",
    "theme": "",
    "layout": "",
    "viewCount": 187,
    "userName": "大***志",
    "commentCount": 0,
    "starCount": 1,
    "isStared": 0,
    "thumbnailURL": "https://www.makeapie.com/ecg-storage/ec_gallery_thumbnail/xS1f2kpQtf.png?v=1520844816252",
    "isCustomThumbnail": 0,
    "builtinTags": [
        "category-work",
        "series-pie",
        "title"
    ],
    "customTags": [],
    "updaterUserName": "大***志"
}