{
    "cid": "xSyWPwOfKz",
    "authorUid": "bd-441871429",
    "authorUserName": "牧羊yun",
    "title": "明厨亮灶市场规模情况（餐饮服务）",
    "description": "区县",
    "latestVersion": 2,
    "alwaysLatest": 1,
    "createTime": "2018-03-11T09:31:05.000Z",
    "lastUpdateTime": "2018-03-11T09:31:05.000Z",
    "auth": 2,
    "uid": "bd-441871429",
    "publishedVersion": 0,
    "forkFrom": "-",
    "isSpam": 0,
    "version": 2,
    "parentVersion": 1,
    "echartsVersion": "4.0.4",
    "versionCreateTime": "2018-03-11T11:24:32.000Z",
    "html": "",
    "externalScripts": "",
    "updaterUID": "bd-441871429",
    "theme": "",
    "layout": "",
    "viewCount": 31,
    "userName": "牧羊yun",
    "commentCount": 0,
    "starCount": 0,
    "isStared": 0,
    "thumbnailURL": "https://www.makeapie.com/ecg-storage/ec_gallery_thumbnail/xSyWPwOfKz.png?v=1520767472807",
    "isCustomThumbnail": 0,
    "builtinTags": [
        "category-work",
        "grid",
        "legend",
        "series-bar",
        "series-line",
        "title",
        "tooltip"
    ],
    "customTags": [],
    "updaterUserName": "牧羊yun"
}