{
    "cid": "x0nG2bDZT3",
    "authorUid": "bd-1094537494",
    "authorUserName": "空白1111199",
    "title": "昆明理工大学数据分析",
    "description": "各学院专业关系-Acring",
    "latestVersion": 5,
    "alwaysLatest": 1,
    "createTime": "2018-12-13T01:40:23.000Z",
    "lastUpdateTime": "2018-12-13T01:40:23.000Z",
    "auth": 2,
    "uid": "bd-1094537494",
    "publishedVersion": 0,
    "forkFrom": "-",
    "isSpam": 0,
    "version": 5,
    "parentVersion": 4,
    "echartsVersion": "4.2.0",
    "versionCreateTime": "2018-12-13T02:30:15.000Z",
    "html": "",
    "externalScripts": "",
    "updaterUID": "bd-1094537494",
    "theme": "",
    "layout": "",
    "viewCount": 482,
    "userName": "空白1111199",
    "commentCount": 0,
    "starCount": 1,
    "isStared": 0,
    "thumbnailURL": "https://www.makeapie.com/ecg-storage/ec_gallery_thumbnail/x0nG2bDZT3.png?v=1544668215996",
    "isCustomThumbnail": 0,
    "builtinTags": [
        "category-work",
        "series-graph",
        "title",
        "tooltip"
    ],
    "customTags": [],
    "updaterUserName": "空白1111199"
}