{
    "cid": "x3y6yVHKvl",
    "authorUid": "bd-4164615400",
    "authorUserName": "晋东毅",
    "title": "2018年11月社会融资规模存量占比",
    "description": "新华财经版社会融资规模存量占比",
    "latestVersion": 1,
    "alwaysLatest": 1,
    "createTime": "2018-12-12T09:32:33.000Z",
    "lastUpdateTime": "2018-12-12T09:32:33.000Z",
    "auth": 2,
    "uid": "bd-4164615400",
    "publishedVersion": 0,
    "forkFrom": "-",
    "isSpam": 0,
    "version": 1,
    "parentVersion": -1,
    "echartsVersion": "4.2.0",
    "versionCreateTime": "2018-12-12T09:32:33.000Z",
    "html": "",
    "externalScripts": "/dep/echarts/latest/extension/bmap.min.js,/dep/echarts/latest/extension/dataTool.min.js",
    "updaterUID": "bd-4164615400",
    "theme": "",
    "layout": "",
    "viewCount": 1662,
    "userName": "晋东毅",
    "commentCount": 0,
    "starCount": 6,
    "isStared": 0,
    "thumbnailURL": "https://www.makeapie.com/ecg-storage/ec_gallery_thumbnail/x3y6yVHKvl.png?v=1544607153949",
    "isCustomThumbnail": 0,
    "builtinTags": [
        "category-work",
        "legend",
        "series-pie",
        "title",
        "toolbox",
        "tooltip"
    ],
    "customTags": [
        "新华财经"
    ],
    "updaterUserName": "晋东毅"
}