{
    "cid": "x9sQI0ge8_",
    "authorUid": "bd-3357729617",
    "authorUserName": "三***漫",
    "title": "注册后开店情况",
    "description": "",
    "latestVersion": 2,
    "alwaysLatest": 1,
    "createTime": "2018-12-12T08:40:02.000Z",
    "lastUpdateTime": "2018-12-12T08:40:02.000Z",
    "auth": 2,
    "uid": "bd-3357729617",
    "publishedVersion": 0,
    "forkFrom": "-",
    "isSpam": 0,
    "version": 2,
    "parentVersion": 1,
    "echartsVersion": "4.2.0",
    "versionCreateTime": "2019-01-07T06:50:08.000Z",
    "html": "",
    "externalScripts": "",
    "updaterUID": "bd-3357729617",
    "theme": "",
    "layout": "",
    "viewCount": 214,
    "userName": "三***漫",
    "commentCount": 0,
    "starCount": 0,
    "isStared": 0,
    "thumbnailURL": "https://www.makeapie.com/ecg-storage/ec_gallery_thumbnail/x9sQI0ge8_.png?v=1546843808631",
    "isCustomThumbnail": 0,
    "builtinTags": [
        "category-work",
        "grid",
        "series-bar",
        "tooltip"
    ],
    "customTags": [],
    "updaterUserName": "三***漫"
}