{
    "cid": "xFVdgb61rG",
    "authorUid": "bd-1654800895",
    "authorUserName": "131******87",
    "title": "叶梦婷",
    "description": "2018秋 媒调 数据可视化作业",
    "latestVersion": 1,
    "alwaysLatest": 1,
    "createTime": "2018-12-13T00:50:40.000Z",
    "lastUpdateTime": "2018-12-13T00:50:40.000Z",
    "auth": 2,
    "uid": "bd-1654800895",
    "publishedVersion": 0,
    "forkFrom": "-",
    "isSpam": 0,
    "version": 1,
    "parentVersion": -1,
    "echartsVersion": "4.2.0",
    "versionCreateTime": "2018-12-13T00:50:41.000Z",
    "html": "",
    "externalScripts": "",
    "updaterUID": "bd-1654800895",
    "theme": "",
    "layout": "",
    "viewCount": 71,
    "userName": "131******87",
    "commentCount": 0,
    "starCount": 0,
    "isStared": 0,
    "thumbnailURL": "https://www.makeapie.com/ecg-storage/ec_gallery_thumbnail/xFVdgb61rG.png?v=1544662241111",
    "isCustomThumbnail": 0,
    "builtinTags": [
        "category-work",
        "series-pie",
        "title",
        "tooltip",
        "visualMap"
    ],
    "customTags": [],
    "updaterUserName": "131******87"
}