{
    "cid": "xgQYr56IF4",
    "authorUid": "bd-3090409183",
    "authorUserName": "旅地19街",
    "title": "北上广收入与支出条形图",
    "description": "",
    "latestVersion": 1,
    "alwaysLatest": 1,
    "createTime": "2018-12-11T15:12:59.000Z",
    "lastUpdateTime": "2018-12-11T15:12:59.000Z",
    "auth": 2,
    "uid": "bd-3090409183",
    "publishedVersion": 0,
    "forkFrom": "-",
    "isSpam": 0,
    "version": 1,
    "parentVersion": -1,
    "echartsVersion": "4.2.0",
    "versionCreateTime": "2018-12-11T15:12:59.000Z",
    "html": "",
    "externalScripts": "",
    "updaterUID": "bd-3090409183",
    "theme": "",
    "layout": "",
    "viewCount": 77,
    "userName": "旅地19街",
    "commentCount": 0,
    "starCount": 0,
    "isStared": 0,
    "thumbnailURL": "https://www.makeapie.com/ecg-storage/ec_gallery_thumbnail/xgQYr56IF4.png?v=1544541179335",
    "isCustomThumbnail": 0,
    "builtinTags": [
        "category-work",
        "grid",
        "legend",
        "series-bar",
        "tooltip"
    ],
    "customTags": [],
    "updaterUserName": "旅地19街"
}