{
    "cid": "xIuMf_y4sj",
    "authorUid": "bd-1335944923",
    "authorUserName": "锃***6",
    "title": "3d-effectScatter",
    "description": "2d-effectScatter做地球皮肤，但是tooltip并不支持",
    "latestVersion": 10,
    "alwaysLatest": 1,
    "createTime": "2018-12-12T07:24:55.000Z",
    "lastUpdateTime": "2018-12-12T07:24:55.000Z",
    "auth": 1,
    "uid": "bd-1335944923",
    "publishedVersion": 0,
    "forkFrom": "-",
    "isSpam": 0,
    "version": 10,
    "parentVersion": 9,
    "echartsVersion": "4.2.1",
    "versionCreateTime": "2019-08-06T08:25:54.000Z",
    "html": "",
    "externalScripts": "https://echarts.baidu.com/resource/echarts-gl-latest/dist/echarts-gl.min.js,/dep/echarts/map/js/world.js,/dep/echarts/map/js/china.js",
    "updaterUID": "bd-3182588218",
    "theme": "",
    "layout": "",
    "viewCount": 3013,
    "userName": "锃***6",
    "commentCount": 6,
    "starCount": 6,
    "isStared": 0,
    "thumbnailURL": "https://www.makeapie.com/ecg-storage/ec_gallery_thumbnail/xIuMf_y4sj.png?v=1544599495865",
    "isCustomThumbnail": 1,
    "builtinTags": [
        "category-work",
        "globe",
        "series-lines3D",
        "series-scatter3D",
        "tooltip",
        "visualMap"
    ],
    "customTags": [
        "3d",
        "effectScatter"
    ],
    "updaterUserName": "飞***燕"
}