{
    "cid": "xLDlHhFOV0",
    "authorUid": "bd-2341513011",
    "authorUserName": "k***雪",
    "title": "构件总数",
    "description": "bingzhuangtu",
    "latestVersion": 2,
    "alwaysLatest": 1,
    "createTime": "2018-12-13T12:48:01.000Z",
    "lastUpdateTime": "2018-12-13T12:48:01.000Z",
    "auth": 2,
    "uid": "bd-2341513011",
    "publishedVersion": 0,
    "forkFrom": "-",
    "isSpam": 0,
    "version": 2,
    "parentVersion": 1,
    "echartsVersion": "4.2.0",
    "versionCreateTime": "2018-12-18T10:31:27.000Z",
    "html": "",
    "externalScripts": "",
    "updaterUID": "bd-2341513011",
    "theme": "",
    "layout": "",
    "viewCount": 2549,
    "userName": "k***雪",
    "commentCount": 0,
    "starCount": 7,
    "isStared": 0,
    "thumbnailURL": "https://www.makeapie.com/ecg-storage/ec_gallery_thumbnail/xLDlHhFOV0.png?v=1545129087115",
    "isCustomThumbnail": 0,
    "builtinTags": [
        "category-work",
        "legend",
        "series-pie",
        "title"
    ],
    "customTags": [],
    "updaterUserName": "k***雪"
}