{
    "cid": "xOQneZ_lIK",
    "authorUid": "bd-101698999",
    "authorUserName": "Z***8",
    "title": "百度知道回答，饼图hover放大效果一直显示",
    "description": "纯属虚构",
    "latestVersion": 1,
    "alwaysLatest": 1,
    "createTime": "2018-12-12T01:16:04.000Z",
    "lastUpdateTime": "2018-12-12T01:16:04.000Z",
    "auth": 2,
    "uid": "bd-101698999",
    "publishedVersion": 0,
    "forkFrom": "-",
    "isSpam": 0,
    "version": 1,
    "parentVersion": -1,
    "echartsVersion": "4.2.0",
    "versionCreateTime": "2018-12-12T01:16:04.000Z",
    "html": "",
    "externalScripts": "",
    "updaterUID": "bd-101698999",
    "theme": "",
    "layout": "",
    "viewCount": 148,
    "userName": "Z***8",
    "commentCount": 0,
    "starCount": 1,
    "isStared": 0,
    "thumbnailURL": "https://www.makeapie.com/ecg-storage/ec_gallery_thumbnail/xOQneZ_lIK.png?v=1544577364840",
    "isCustomThumbnail": 0,
    "builtinTags": [
        "category-work",
        "legend",
        "series-pie",
        "title",
        "tooltip"
    ],
    "customTags": [],
    "updaterUserName": "Z***8"
}