{
    "cid": "xox7oWNvVj",
    "authorUid": "bd-3978290343",
    "authorUserName": "weconquered",
    "title": "原油贸易top",
    "description": "",
    "latestVersion": 2,
    "alwaysLatest": 1,
    "createTime": "2018-12-12T03:08:24.000Z",
    "lastUpdateTime": "2018-12-12T03:08:24.000Z",
    "auth": 2,
    "uid": "bd-3978290343",
    "publishedVersion": 0,
    "forkFrom": "-",
    "isSpam": 0,
    "version": 2,
    "parentVersion": 1,
    "echartsVersion": "4.2.0",
    "versionCreateTime": "2018-12-12T03:09:21.000Z",
    "html": "",
    "externalScripts": "",
    "updaterUID": "bd-3978290343",
    "theme": "",
    "layout": "",
    "viewCount": 404,
    "userName": "weconquered",
    "commentCount": 0,
    "starCount": 0,
    "isStared": 0,
    "thumbnailURL": "https://www.makeapie.com/ecg-storage/ec_gallery_thumbnail/xox7oWNvVj.png?v=1544584161937",
    "isCustomThumbnail": 0,
    "builtinTags": [
        "category-work",
        "series-sankey",
        "title",
        "tooltip"
    ],
    "customTags": [],
    "updaterUserName": "weconquered"
}