{
    "cid": "xrMf2i4vKC",
    "authorUid": "bd-2132094589",
    "authorUserName": "鬼***钢",
    "title": "长沙地图",
    "description": "",
    "latestVersion": 6,
    "alwaysLatest": 1,
    "createTime": "2018-12-12T08:10:35.000Z",
    "lastUpdateTime": "2018-12-12T08:10:35.000Z",
    "auth": 2,
    "uid": "bd-2132094589",
    "publishedVersion": 0,
    "forkFrom": "-",
    "isSpam": 0,
    "version": 6,
    "parentVersion": 5,
    "echartsVersion": "4.2.0",
    "versionCreateTime": "2018-12-12T14:42:32.000Z",
    "html": "",
    "externalScripts": "",
    "updaterUID": "bd-2132094589",
    "theme": "",
    "layout": "",
    "viewCount": 141,
    "userName": "鬼***钢",
    "commentCount": 0,
    "starCount": 0,
    "isStared": 0,
    "thumbnailURL": "https://www.makeapie.com/ecg-storage/ec_gallery_thumbnail/xrMf2i4vKC.png?v=1544625752194",
    "isCustomThumbnail": 0,
    "builtinTags": [
        "category-work",
        "geo",
        "series-scatter",
        "tooltip"
    ],
    "customTags": [],
    "updaterUserName": "鬼***钢"
}