{
    "cid": "xS_n-OBvm2",
    "authorUid": "bd-606632565",
    "authorUserName": "熐***L",
    "title": "面积曲线",
    "description": "平滑面积曲线",
    "latestVersion": 1,
    "alwaysLatest": 1,
    "createTime": "2018-12-13T08:44:29.000Z",
    "lastUpdateTime": "2018-12-13T08:44:29.000Z",
    "auth": 1,
    "uid": "bd-606632565",
    "publishedVersion": 0,
    "forkFrom": "-",
    "isSpam": 0,
    "version": 1,
    "parentVersion": -1,
    "echartsVersion": "4.2.0",
    "versionCreateTime": "2018-12-13T08:44:29.000Z",
    "html": "",
    "externalScripts": "",
    "updaterUID": "bd-606632565",
    "theme": "",
    "layout": "",
    "viewCount": 42,
    "userName": "熐***L",
    "commentCount": 0,
    "starCount": 1,
    "isStared": 0,
    "thumbnailURL": "https://www.makeapie.com/ecg-storage/ec_gallery_thumbnail/xS_n-OBvm2.png?v=1544690669425",
    "isCustomThumbnail": 0,
    "builtinTags": [
        "category-work",
        "grid",
        "legend",
        "series-line",
        "tooltip"
    ],
    "customTags": [],
    "updaterUserName": "熐***L"
}