{
    "cid": "xXR_sSlXIH",
    "authorUid": "bd-1013517419",
    "authorUserName": "爱***傻",
    "title": "排行榜",
    "description": "",
    "latestVersion": 1,
    "alwaysLatest": 1,
    "createTime": "2018-12-12T05:23:44.000Z",
    "lastUpdateTime": "2018-12-12T05:23:44.000Z",
    "auth": 2,
    "uid": "bd-1013517419",
    "publishedVersion": 0,
    "forkFrom": "-",
    "isSpam": 0,
    "version": 1,
    "parentVersion": -1,
    "echartsVersion": "4.2.0",
    "versionCreateTime": "2018-12-12T05:23:44.000Z",
    "html": "",
    "externalScripts": "",
    "updaterUID": "bd-1013517419",
    "theme": "",
    "layout": "",
    "viewCount": 2140,
    "userName": "爱***傻",
    "commentCount": 0,
    "starCount": 19,
    "isStared": 0,
    "thumbnailURL": "https://www.makeapie.com/ecg-storage/ec_gallery_thumbnail/xXR_sSlXIH.png?v=1544592224576",
    "isCustomThumbnail": 0,
    "builtinTags": [
        "category-work",
        "grid",
        "series-bar",
        "timeline",
        "title",
        "tooltip"
    ],
    "customTags": [],
    "updaterUserName": "爱***傻"
}