{
    "cid": "xYBJMcVnQt",
    "authorUid": "bd-3553659272",
    "authorUserName": "你***来",
    "title": "中国地图",
    "description": "",
    "latestVersion": 2,
    "alwaysLatest": 1,
    "createTime": "2018-12-12T03:18:38.000Z",
    "lastUpdateTime": "2018-12-12T03:18:38.000Z",
    "auth": 2,
    "uid": "bd-3553659272",
    "publishedVersion": 0,
    "forkFrom": "-",
    "isSpam": 0,
    "version": 2,
    "parentVersion": 1,
    "echartsVersion": "4.2.0",
    "versionCreateTime": "2018-12-12T03:19:02.000Z",
    "html": "",
    "externalScripts": "/dep/echarts/map/js/china.js",
    "updaterUID": "bd-3553659272",
    "theme": "",
    "layout": "",
    "viewCount": 944,
    "userName": "你***来",
    "commentCount": 0,
    "starCount": 2,
    "isStared": 0,
    "thumbnailURL": "https://www.makeapie.com/ecg-storage/ec_gallery_thumbnail/xYBJMcVnQt.png?v=1544584742395",
    "isCustomThumbnail": 0,
    "builtinTags": [
        "category-work",
        "grid",
        "series-pictorialBar",
        "title",
        "tooltip"
    ],
    "customTags": [],
    "updaterUserName": "你***来"
}