{
    "cid": "xzSeZ55kYV6",
    "authorUid": "bd-1747147066",
    "authorUserName": "fethy陈",
    "title": "价值与消费基于时间轴的散点图",
    "description": "",
    "latestVersion": 3,
    "alwaysLatest": 1,
    "createTime": "2018-12-13T06:46:25.000Z",
    "lastUpdateTime": "2018-12-13T06:46:25.000Z",
    "auth": 2,
    "uid": "bd-1747147066",
    "publishedVersion": 1,
    "forkFrom": "-",
    "isSpam": 0,
    "version": 1,
    "parentVersion": -1,
    "echartsVersion": "4.2.0",
    "versionCreateTime": "2018-12-13T06:46:25.000Z",
    "html": "",
    "externalScripts": "",
    "updaterUID": "bd-1747147066",
    "theme": "",
    "layout": "",
    "viewCount": 263,
    "userName": "fethy陈",
    "commentCount": 0,
    "starCount": 1,
    "isStared": 0,
    "thumbnailURL": "https://www.makeapie.com/ecg-storage/ec_gallery_thumbnail/xzSeZ55kYV6.png?v=1544683585227",
    "isCustomThumbnail": 0,
    "builtinTags": [
        "category-work",
        "grid",
        "series-scatter",
        "timeline",
        "title",
        "tooltip",
        "visualMap"
    ],
    "customTags": [],
    "updaterUserName": "fethy陈"
}