{
    "cid": "xByLCxESJX",
    "authorUid": "bd-404965171",
    "authorUserName": "小***物",
    "title": "各检查类型违规对比",
    "description": "日常监管（餐饮）",
    "latestVersion": 2,
    "alwaysLatest": 1,
    "createTime": "2018-05-25T06:44:29.000Z",
    "lastUpdateTime": "2018-05-25T06:44:29.000Z",
    "auth": 2,
    "uid": "bd-404965171",
    "publishedVersion": 0,
    "forkFrom": "-",
    "isSpam": 0,
    "version": 2,
    "parentVersion": 1,
    "echartsVersion": "4.1.0",
    "versionCreateTime": "2018-05-25T08:02:18.000Z",
    "html": "",
    "externalScripts": "",
    "updaterUID": "bd-404965171",
    "theme": "",
    "layout": "",
    "viewCount": 96,
    "userName": "小***物",
    "commentCount": 0,
    "starCount": 0,
    "isStared": 0,
    "thumbnailURL": "https://www.makeapie.com/ecg-storage/ec_gallery_thumbnail/xByLCxESJX.png?v=1527235338111",
    "isCustomThumbnail": 0,
    "builtinTags": [
        "category-work",
        "grid",
        "legend",
        "series-bar",
        "tooltip"
    ],
    "customTags": [],
    "updaterUserName": "小***物"
}