{
    "cid": "xHJyYNjcy7",
    "authorUid": "bd-1864516252",
    "authorUserName": "W还没睡醒",
    "title": "湿度",
    "description": "",
    "latestVersion": 2,
    "alwaysLatest": 1,
    "createTime": "2018-05-29T09:59:19.000Z",
    "lastUpdateTime": "2018-05-29T09:59:19.000Z",
    "auth": 2,
    "uid": "bd-1864516252",
    "publishedVersion": 0,
    "forkFrom": "-",
    "isSpam": 0,
    "version": 2,
    "parentVersion": 1,
    "echartsVersion": "4.1.0",
    "versionCreateTime": "2018-05-29T10:07:50.000Z",
    "html": "",
    "externalScripts": "",
    "updaterUID": "bd-1864516252",
    "theme": "",
    "layout": "",
    "viewCount": 94,
    "userName": "W还没睡醒",
    "commentCount": 0,
    "starCount": 1,
    "isStared": 0,
    "thumbnailURL": "https://www.makeapie.com/ecg-storage/ec_gallery_thumbnail/xHJyYNjcy7.png?v=1527588470763",
    "isCustomThumbnail": 0,
    "builtinTags": [
        "category-work",
        "title"
    ],
    "customTags": [],
    "updaterUserName": "W还没睡醒"
}