{
    "cid": "xHJZCdIr1Q",
    "authorUid": "bd-4160977703",
    "authorUserName": "pjj506406619",
    "title": "因子组合分析",
    "description": "",
    "latestVersion": 2,
    "alwaysLatest": 1,
    "createTime": "2018-05-25T09:35:05.000Z",
    "lastUpdateTime": "2018-05-25T09:35:05.000Z",
    "auth": 2,
    "uid": "bd-4160977703",
    "publishedVersion": 0,
    "forkFrom": "-",
    "isSpam": 0,
    "version": 2,
    "parentVersion": 1,
    "echartsVersion": "4.1.0",
    "versionCreateTime": "2018-05-25T09:50:23.000Z",
    "html": "",
    "externalScripts": "",
    "updaterUID": "bd-4160977703",
    "theme": "",
    "layout": "",
    "viewCount": 109,
    "userName": "pjj506406619",
    "commentCount": 0,
    "starCount": 0,
    "isStared": 0,
    "thumbnailURL": "https://www.makeapie.com/ecg-storage/ec_gallery_thumbnail/xHJZCdIr1Q.png?v=1527241823864",
    "isCustomThumbnail": 0,
    "builtinTags": [
        "category-work",
        "grid",
        "series-scatter",
        "title",
        "tooltip"
    ],
    "customTags": [],
    "updaterUserName": "pjj506406619"
}