{
    "cid": "xHkIQYVFyQ",
    "authorUid": "bd-1232725113",
    "authorUserName": "吴***4",
    "title": "天津房价分布地图 BY数据新闻小行家",
    "description": "利用八爪鱼数据采集工具我们在安居客网站爬取了2000多条天津房价信息，将其做可视化呈现。",
    "latestVersion": 1,
    "alwaysLatest": 1,
    "createTime": "2018-05-28T08:09:02.000Z",
    "lastUpdateTime": "2018-05-28T08:09:02.000Z",
    "auth": 2,
    "uid": "bd-1232725113",
    "publishedVersion": 0,
    "forkFrom": "-",
    "isSpam": 0,
    "version": 1,
    "parentVersion": -1,
    "echartsVersion": "4.1.0",
    "versionCreateTime": "2018-05-28T08:09:02.000Z",
    "html": "",
    "externalScripts": "http://api.map.baidu.com/api?v=2.0&ak=ZUONbpqGBsYGXNIYHicvbAbM,/dep/echarts/latest/extension/bmap.min.js",
    "updaterUID": "bd-1232725113",
    "theme": "",
    "layout": "",
    "viewCount": 239,
    "userName": "吴***4",
    "commentCount": 0,
    "starCount": 2,
    "isStared": 0,
    "thumbnailURL": "https://www.makeapie.com/ecg-storage/ec_gallery_thumbnail/xHkIQYVFyQ.png?v=1527494945589",
    "isCustomThumbnail": 1,
    "builtinTags": [
        "category-work"
    ],
    "customTags": [],
    "updaterUserName": "吴***4"
}