{
    "cid": "xHkY-HEqyX",
    "authorUid": "bd-3444656819",
    "authorUserName": "j***d",
    "title": "2D地图柱状图",
    "description": "测试",
    "latestVersion": 3,
    "alwaysLatest": 1,
    "createTime": "2018-05-29T02:03:45.000Z",
    "lastUpdateTime": "2018-05-29T02:03:45.000Z",
    "auth": 2,
    "uid": "bd-3444656819",
    "publishedVersion": 0,
    "forkFrom": "-",
    "isSpam": 0,
    "version": 3,
    "parentVersion": 2,
    "echartsVersion": "4.1.0",
    "versionCreateTime": "2018-05-29T02:07:30.000Z",
    "html": "",
    "externalScripts": "/dep/echarts/map/js/china.js",
    "updaterUID": "bd-3444656819",
    "theme": "",
    "layout": "",
    "viewCount": 1753,
    "userName": "j***d",
    "commentCount": 0,
    "starCount": 9,
    "isStared": 0,
    "thumbnailURL": "https://www.makeapie.com/ecg-storage/ec_gallery_thumbnail/xHkY-HEqyX.png?v=1527559650371",
    "isCustomThumbnail": 0,
    "builtinTags": [
        "category-work",
        "geo",
        "legend",
        "series-scatter",
        "title",
        "tooltip"
    ],
    "customTags": [],
    "updaterUserName": "j***d"
}