{
    "cid": "xHyZHJ9oJm",
    "authorUid": "bd-3493513353",
    "authorUserName": "兔子林_Grace",
    "title": "halfRose",
    "description": "",
    "latestVersion": 2,
    "alwaysLatest": 1,
    "createTime": "2018-05-30T02:40:57.000Z",
    "lastUpdateTime": "2018-05-30T02:40:57.000Z",
    "auth": 2,
    "uid": "bd-3493513353",
    "publishedVersion": 0,
    "forkFrom": "-",
    "isSpam": 0,
    "version": 2,
    "parentVersion": 1,
    "echartsVersion": "4.1.0",
    "versionCreateTime": "2018-05-30T02:42:04.000Z",
    "html": "",
    "externalScripts": "",
    "updaterUID": "bd-3493513353",
    "theme": "",
    "layout": "",
    "viewCount": 745,
    "userName": "兔子林_Grace",
    "commentCount": 0,
    "starCount": 8,
    "isStared": 0,
    "thumbnailURL": "https://www.makeapie.com/ecg-storage/ec_gallery_thumbnail/xHyZHJ9oJm.png?v=1527648124731",
    "isCustomThumbnail": 0,
    "builtinTags": [
        "category-work",
        "series-pie",
        "tooltip"
    ],
    "customTags": [],
    "updaterUserName": "兔子林_Grace"
}