{
    "cid": "xr1nH2_5km",
    "authorUid": "bd-992099902",
    "authorUserName": "论沙场",
    "title": "raster-colorscale",
    "description": "gago-mapbox-gl 的 raster-colorscale 展示图表",
    "latestVersion": 6,
    "alwaysLatest": 1,
    "createTime": "2018-05-29T07:07:47.000Z",
    "lastUpdateTime": "2018-05-29T07:07:47.000Z",
    "auth": 1,
    "uid": "bd-992099902",
    "publishedVersion": 0,
    "forkFrom": "-",
    "isSpam": 0,
    "version": 6,
    "parentVersion": 5,
    "echartsVersion": "4.1.0",
    "versionCreateTime": "2018-09-13T13:27:06.000Z",
    "html": "",
    "externalScripts": "",
    "updaterUID": "bd-2378501199",
    "theme": "",
    "layout": "",
    "viewCount": 147,
    "userName": "论沙场",
    "commentCount": 0,
    "starCount": 0,
    "isStared": 0,
    "thumbnailURL": "https://www.makeapie.com/ecg-storage/ec_gallery_thumbnail/xr1nH2_5km.png?v=1536845226750",
    "isCustomThumbnail": 0,
    "builtinTags": [
        "category-work",
        "grid",
        "legend",
        "markLine",
        "series-bar",
        "title",
        "tooltip"
    ],
    "customTags": [],
    "updaterUserName": "yyhyongheng"
}