{
    "cid": "xrJ66XLSJ7",
    "authorUid": "bd-355306739",
    "authorUserName": "吃货天下第一",
    "title": "多级地图叠加",
    "description": "globe>geo>series实现世界和中国地图共存",
    "latestVersion": 4,
    "alwaysLatest": 1,
    "createTime": "2018-05-25T09:13:41.000Z",
    "lastUpdateTime": "2018-05-25T09:13:41.000Z",
    "auth": 2,
    "uid": "bd-355306739",
    "publishedVersion": 0,
    "forkFrom": "-",
    "isSpam": 0,
    "version": 4,
    "parentVersion": 3,
    "echartsVersion": "4.1.0",
    "versionCreateTime": "2018-06-15T06:39:37.000Z",
    "html": "",
    "externalScripts": "http://echarts.baidu.com/resource/echarts-gl-latest/dist/echarts-gl.min.js,http://gallery.echartsjs.com/dep/jquery/jquery.min.js,/dep/echarts/map/js/world.js",
    "updaterUID": "bd-355306739",
    "theme": "",
    "layout": "",
    "viewCount": 186,
    "userName": "吃货天下第一",
    "commentCount": 0,
    "starCount": 0,
    "isStared": 0,
    "thumbnailURL": "https://www.makeapie.com/ecg-storage/ec_gallery_thumbnail/xrJ66XLSJ7.png?v=1529044777912",
    "isCustomThumbnail": 0,
    "builtinTags": [
        "category-work",
        "globe"
    ],
    "customTags": [
        "map"
    ],
    "updaterUserName": "吃货天下第一"
}