{
    "cid": "xSJ7rWyOkQ",
    "authorUid": "bd-2637237175",
    "authorUserName": "爱白280",
    "title": "Awesome Chart",
    "description": "",
    "latestVersion": 1,
    "alwaysLatest": 1,
    "createTime": "2018-05-27T07:41:46.000Z",
    "lastUpdateTime": "2018-05-27T07:41:46.000Z",
    "auth": 2,
    "uid": "bd-2637237175",
    "publishedVersion": 0,
    "forkFrom": "-",
    "isSpam": 0,
    "version": 1,
    "parentVersion": -1,
    "echartsVersion": "4.1.0",
    "versionCreateTime": "2018-05-27T07:41:46.000Z",
    "html": "",
    "externalScripts": "",
    "updaterUID": "bd-2637237175",
    "theme": "macarons",
    "layout": "",
    "viewCount": 23,
    "userName": "爱白280",
    "commentCount": 0,
    "starCount": 0,
    "isStared": 0,
    "thumbnailURL": "https://www.makeapie.com/ecg-storage/ec_gallery_thumbnail/xSJ7rWyOkQ.png?v=1527406907000",
    "isCustomThumbnail": 0,
    "builtinTags": [
        "category-work",
        "grid",
        "series-line",
        "title"
    ],
    "customTags": [],
    "updaterUserName": "爱白280"
}