{
    "cid": "xSkMFp55kX",
    "authorUid": "bd-1229725994",
    "authorUserName": "188******73",
    "title": "苍南县损失情况V2",
    "description": "",
    "latestVersion": 1,
    "alwaysLatest": 1,
    "createTime": "2018-05-29T09:29:29.000Z",
    "lastUpdateTime": "2018-05-29T09:29:29.000Z",
    "auth": 1,
    "uid": "bd-1229725994",
    "publishedVersion": 0,
    "forkFrom": "-",
    "isSpam": 0,
    "version": 1,
    "parentVersion": -1,
    "echartsVersion": "4.1.0",
    "versionCreateTime": "2018-05-29T09:29:29.000Z",
    "html": "",
    "externalScripts": "",
    "updaterUID": "bd-1229725994",
    "theme": "",
    "layout": "",
    "viewCount": 51,
    "userName": "188******73",
    "commentCount": 0,
    "starCount": 0,
    "isStared": 0,
    "thumbnailURL": "https://www.makeapie.com/ecg-storage/ec_gallery_thumbnail/xSkMFp55kX.png?v=1527586169990",
    "isCustomThumbnail": 0,
    "builtinTags": [
        "category-work",
        "grid",
        "series-bar",
        "title",
        "toolbox",
        "tooltip"
    ],
    "customTags": [],
    "updaterUserName": "188******73"
}