{
    "cid": "xSksrIrYJ7",
    "authorUid": "bd-442035385",
    "authorUserName": "小***了",
    "title": "北邮工作日各地点联网设备数量",
    "description": "",
    "latestVersion": 5,
    "alwaysLatest": 1,
    "createTime": "2018-05-28T09:05:07.000Z",
    "lastUpdateTime": "2018-07-27T02:41:13.000Z",
    "auth": 2,
    "uid": "bd-442035385",
    "publishedVersion": 0,
    "forkFrom": "-",
    "isSpam": 0,
    "version": 5,
    "parentVersion": 4,
    "echartsVersion": "4.1.0",
    "versionCreateTime": "2018-05-28T15:58:17.000Z",
    "html": "",
    "externalScripts": "/dep/echarts/latest/extension/bmap.min.js,http://api.map.baidu.com/api?v=2.0&ak=ZUONbpqGBsYGXNIYHicvbAbM",
    "updaterUID": "bd-442035385",
    "theme": "default",
    "layout": "",
    "viewCount": 64,
    "userName": "小***了",
    "commentCount": 0,
    "starCount": 1,
    "isStared": 0,
    "thumbnailURL": "https://www.makeapie.com/ecg-storage/ec_gallery_thumbnail/xSksrIrYJ7.undefined?v=",
    "isCustomThumbnail": 0,
    "builtinTags": [
        "category-work"
    ],
    "customTags": [],
    "updaterUserName": "小***了"
}