{
    "cid": "xSyrM77HJ7",
    "authorUid": "bd-2970201996",
    "authorUserName": "B***诺",
    "title": "bar",
    "description": "",
    "latestVersion": 3,
    "alwaysLatest": 1,
    "createTime": "2018-05-25T05:45:48.000Z",
    "lastUpdateTime": "2018-05-25T05:45:48.000Z",
    "auth": 2,
    "uid": "bd-2970201996",
    "publishedVersion": 0,
    "forkFrom": "-",
    "isSpam": 0,
    "version": 3,
    "parentVersion": 2,
    "echartsVersion": "4.1.0",
    "versionCreateTime": "2018-05-25T09:35:10.000Z",
    "html": "",
    "externalScripts": "",
    "updaterUID": "bd-2970201996",
    "theme": "",
    "layout": "",
    "viewCount": 76,
    "userName": "B***诺",
    "commentCount": 0,
    "starCount": 3,
    "isStared": 0,
    "thumbnailURL": "https://www.makeapie.com/ecg-storage/ec_gallery_thumbnail/xSyrM77HJ7.png?v=1527240910338",
    "isCustomThumbnail": 0,
    "builtinTags": [
        "category-work",
        "grid",
        "legend",
        "series-bar",
        "tooltip"
    ],
    "customTags": [],
    "updaterUserName": "B***诺"
}