{
    "cid": "x-DQfpiDHA",
    "authorUid": "bd-1459775612",
    "authorUserName": "u***y",
    "title": "水球图",
    "description": "",
    "latestVersion": 2,
    "alwaysLatest": 1,
    "createTime": "2018-11-27T09:09:44.000Z",
    "lastUpdateTime": "2018-11-27T09:09:44.000Z",
    "auth": 2,
    "uid": "bd-1459775612",
    "publishedVersion": 0,
    "forkFrom": "-",
    "isSpam": 0,
    "version": 2,
    "parentVersion": 1,
    "echartsVersion": "4.2.0",
    "versionCreateTime": "2018-11-27T09:09:59.000Z",
    "html": "",
    "externalScripts": "http://echarts.baidu.com/resource/echarts-liquidfill-latest/dist/echarts-liquidfill.min.js",
    "updaterUID": "bd-1459775612",
    "theme": "",
    "layout": "",
    "viewCount": 1614,
    "userName": "u***y",
    "commentCount": 2,
    "starCount": 7,
    "isStared": 0,
    "thumbnailURL": "https://www.makeapie.com/ecg-storage/ec_gallery_thumbnail/x-DQfpiDHA.png?v=1543309799257",
    "isCustomThumbnail": 0,
    "builtinTags": [
        "category-work",
        "series-liquidFill",
        "title"
    ],
    "customTags": [],
    "updaterUserName": "u***y"
}