{
    "cid": "x1UpFncUWy",
    "authorUid": "bd-4164208518",
    "authorUserName": "绝***的",
    "title": "仪表盘",
    "description": "仪表盘",
    "latestVersion": 1,
    "alwaysLatest": 1,
    "createTime": "2018-11-27T09:17:00.000Z",
    "lastUpdateTime": "2018-11-27T09:17:00.000Z",
    "auth": 2,
    "uid": "bd-4164208518",
    "publishedVersion": 0,
    "forkFrom": "-",
    "isSpam": 0,
    "version": 1,
    "parentVersion": -1,
    "echartsVersion": "4.2.0",
    "versionCreateTime": "2018-11-27T09:17:00.000Z",
    "html": "",
    "externalScripts": "",
    "updaterUID": "bd-4164208518",
    "theme": "",
    "layout": "",
    "viewCount": 1815,
    "userName": "绝***的",
    "commentCount": 0,
    "starCount": 1,
    "isStared": 0,
    "thumbnailURL": "https://www.makeapie.com/ecg-storage/ec_gallery_thumbnail/x1UpFncUWy.png?v=1543310220903",
    "isCustomThumbnail": 0,
    "builtinTags": [
        "category-work",
        "series-gauge"
    ],
    "customTags": [],
    "updaterUserName": "绝***的"
}