{
    "cid": "x7mMYTnYqE",
    "authorUid": "bd-1101694830",
    "authorUserName": "奋斗的我们友善",
    "title": "时间都去哪了",
    "description": "",
    "latestVersion": 4,
    "alwaysLatest": 1,
    "createTime": "2018-11-26T09:12:12.000Z",
    "lastUpdateTime": "2018-11-26T09:12:12.000Z",
    "auth": 2,
    "uid": "bd-1101694830",
    "publishedVersion": 0,
    "forkFrom": "-",
    "isSpam": 0,
    "version": 4,
    "parentVersion": 3,
    "echartsVersion": "4.2.0",
    "versionCreateTime": "2018-11-26T10:43:04.000Z",
    "html": "",
    "externalScripts": "http://echarts.baidu.com/examples/vendors/echarts-gl/echarts-gl.js",
    "updaterUID": "bd-1101694830",
    "theme": "",
    "layout": "",
    "viewCount": 157,
    "userName": "奋斗的我们友善",
    "commentCount": 0,
    "starCount": 0,
    "isStared": 0,
    "thumbnailURL": "https://www.makeapie.com/ecg-storage/ec_gallery_thumbnail/x7mMYTnYqE.png?v=1543228984475",
    "isCustomThumbnail": 0,
    "builtinTags": [
        "category-work",
        "grid3D",
        "legend",
        "series-bar3D",
        "tooltip",
        "visualMap"
    ],
    "customTags": [],
    "updaterUserName": "奋斗的我们友善"
}