{
    "cid": "x8VUsqiAVI",
    "authorUid": "bd-1411513722",
    "authorUserName": "xueboren001",
    "title": "wy-brokerage-manpower",
    "description": "人力日报 - 依据公司(公司、分公司、交服)展示",
    "latestVersion": 3,
    "alwaysLatest": 1,
    "createTime": "2018-11-27T13:15:19.000Z",
    "lastUpdateTime": "2018-11-27T13:15:19.000Z",
    "auth": 2,
    "uid": "bd-1411513722",
    "publishedVersion": 0,
    "forkFrom": "-",
    "isSpam": 0,
    "version": 3,
    "parentVersion": 2,
    "echartsVersion": "4.2.0",
    "versionCreateTime": "2018-11-27T13:59:33.000Z",
    "html": "",
    "externalScripts": "",
    "updaterUID": "bd-1411513722",
    "theme": "",
    "layout": "",
    "viewCount": 194,
    "userName": "xueboren001",
    "commentCount": 0,
    "starCount": 0,
    "isStared": 0,
    "thumbnailURL": "https://www.makeapie.com/ecg-storage/ec_gallery_thumbnail/x8VUsqiAVI.png?v=1543327173118",
    "isCustomThumbnail": 0,
    "builtinTags": [
        "category-work",
        "grid",
        "legend",
        "series-bar",
        "toolbox",
        "tooltip"
    ],
    "customTags": [
        "brokerage",
        "wy"
    ],
    "updaterUserName": "xueboren001"
}