{
    "cid": "xAsWJucWUf",
    "authorUid": "bd-1411513722",
    "authorUserName": "xueboren001",
    "title": "wy-manpower-time",
    "description": "人力日报 - 三个维度: 日期、人力类型、分公司",
    "latestVersion": 1,
    "alwaysLatest": 1,
    "createTime": "2018-11-27T14:09:10.000Z",
    "lastUpdateTime": "2018-11-27T14:09:10.000Z",
    "auth": 2,
    "uid": "bd-1411513722",
    "publishedVersion": 0,
    "forkFrom": "-",
    "isSpam": 0,
    "version": 1,
    "parentVersion": -1,
    "echartsVersion": "4.2.0",
    "versionCreateTime": "2018-11-27T14:09:10.000Z",
    "html": "",
    "externalScripts": "",
    "updaterUID": "bd-1411513722",
    "theme": "",
    "layout": "",
    "viewCount": 777,
    "userName": "xueboren001",
    "commentCount": 0,
    "starCount": 1,
    "isStared": 0,
    "thumbnailURL": "https://www.makeapie.com/ecg-storage/ec_gallery_thumbnail/xAsWJucWUf.png?v=1543327750175",
    "isCustomThumbnail": 0,
    "builtinTags": [
        "category-work",
        "dataZoom",
        "grid",
        "legend",
        "series-line",
        "title",
        "toolbox",
        "tooltip"
    ],
    "customTags": [
        "brokerage",
        "wy"
    ],
    "updaterUserName": "xueboren001"
}