{
    "cid": "xfa974PDY9",
    "authorUid": "bd-3033345977",
    "authorUserName": "p***h",
    "title": "Sinema Seyirci Sayısı",
    "description": "",
    "latestVersion": 1,
    "alwaysLatest": 1,
    "createTime": "2018-11-27T05:20:35.000Z",
    "lastUpdateTime": "2018-11-27T05:20:35.000Z",
    "auth": 2,
    "uid": "bd-3033345977",
    "publishedVersion": 0,
    "forkFrom": "-",
    "isSpam": 0,
    "version": 1,
    "parentVersion": -1,
    "echartsVersion": "4.2.0",
    "versionCreateTime": "2018-11-27T05:20:35.000Z",
    "html": "",
    "externalScripts": "",
    "updaterUID": "bd-3033345977",
    "theme": "",
    "layout": "",
    "viewCount": 105,
    "userName": "p***h",
    "commentCount": 0,
    "starCount": 1,
    "isStared": 0,
    "thumbnailURL": "https://www.makeapie.com/ecg-storage/ec_gallery_thumbnail/xfa974PDY9.png?v=1543296035910",
    "isCustomThumbnail": 0,
    "builtinTags": [
        "category-work",
        "grid",
        "markPoint",
        "series-line",
        "title",
        "tooltip"
    ],
    "customTags": [],
    "updaterUserName": "p***h"
}