{
    "cid": "xFNH_Ski35",
    "authorUid": "bd-2198702672",
    "authorUserName": "x***2",
    "title": "人口柱状demo",
    "description": "结合图片 可修改柱状图样式",
    "latestVersion": 1,
    "alwaysLatest": 1,
    "createTime": "2018-11-27T07:38:30.000Z",
    "lastUpdateTime": "2018-11-27T07:38:30.000Z",
    "auth": 2,
    "uid": "bd-2198702672",
    "publishedVersion": 0,
    "forkFrom": "-",
    "isSpam": 0,
    "version": 1,
    "parentVersion": -1,
    "echartsVersion": "4.2.0",
    "versionCreateTime": "2018-11-27T07:38:30.000Z",
    "html": "",
    "externalScripts": "",
    "updaterUID": "bd-2198702672",
    "theme": "",
    "layout": "",
    "viewCount": 72,
    "userName": "x***2",
    "commentCount": 0,
    "starCount": 2,
    "isStared": 0,
    "thumbnailURL": "https://www.makeapie.com/ecg-storage/ec_gallery_thumbnail/xFNH_Ski35.png?v=1543304310422",
    "isCustomThumbnail": 0,
    "builtinTags": [
        "category-work",
        "grid",
        "legend",
        "series-pictorialBar",
        "title",
        "tooltip"
    ],
    "customTags": [],
    "updaterUserName": "x***2"
}