{
    "cid": "xh-QXeuKzk",
    "authorUid": "bd-1101694830",
    "authorUserName": "奋斗的我们友善",
    "title": "研一新生对科学的认知",
    "description": "",
    "latestVersion": 2,
    "alwaysLatest": 1,
    "createTime": "2018-11-26T09:19:23.000Z",
    "lastUpdateTime": "2018-11-26T09:19:23.000Z",
    "auth": 2,
    "uid": "bd-1101694830",
    "publishedVersion": 0,
    "forkFrom": "-",
    "isSpam": 0,
    "version": 2,
    "parentVersion": 1,
    "echartsVersion": "4.2.0",
    "versionCreateTime": "2018-11-26T09:20:29.000Z",
    "html": "",
    "externalScripts": "http://data-visual.cn/datav/src/js/echarts/extension/echarts-wordcloud.min.js",
    "updaterUID": "bd-1101694830",
    "theme": "",
    "layout": "",
    "viewCount": 148,
    "userName": "奋斗的我们友善",
    "commentCount": 1,
    "starCount": 0,
    "isStared": 0,
    "thumbnailURL": "https://www.makeapie.com/ecg-storage/ec_gallery_thumbnail/xh-QXeuKzk.png?v=1543224029944",
    "isCustomThumbnail": 0,
    "builtinTags": [
        "category-work",
        "series-wordCloud",
        "tooltip"
    ],
    "customTags": [],
    "updaterUserName": "奋斗的我们友善"
}