{
    "cid": "xjYUrow1CJ",
    "authorUid": "bd-792004859",
    "authorUserName": "F***n",
    "title": "成都地铁示意图",
    "description": "用关系图实现 成都地铁示意图",
    "latestVersion": 3,
    "alwaysLatest": 1,
    "createTime": "2018-11-25T05:25:41.000Z",
    "lastUpdateTime": "2018-11-25T05:25:41.000Z",
    "auth": 2,
    "uid": "bd-792004859",
    "publishedVersion": 0,
    "forkFrom": "-",
    "isSpam": 0,
    "version": 3,
    "parentVersion": 2,
    "echartsVersion": "4.2.0",
    "versionCreateTime": "2018-11-26T10:43:45.000Z",
    "html": "",
    "externalScripts": "",
    "updaterUID": "bd-792004859",
    "theme": "",
    "layout": "",
    "viewCount": 1331,
    "userName": "F***n",
    "commentCount": 0,
    "starCount": 4,
    "isStared": 0,
    "thumbnailURL": "https://www.makeapie.com/ecg-storage/ec_gallery_thumbnail/xjYUrow1CJ.png?v=1543229025231",
    "isCustomThumbnail": 0,
    "builtinTags": [
        "category-work",
        "legend",
        "series-graph",
        "title",
        "tooltip"
    ],
    "customTags": [
        "metro",
        "subway",
        "关系图",
        "地铁"
    ],
    "updaterUserName": "F***n"
}