{
    "cid": "xniDd5PdW4",
    "authorUid": "bd-1093573601",
    "authorUserName": "滚衮棍",
    "title": "Awesome Chart",
    "description": "",
    "latestVersion": 1,
    "alwaysLatest": 1,
    "createTime": "2018-11-23T13:13:12.000Z",
    "lastUpdateTime": "2018-11-23T13:13:12.000Z",
    "auth": 2,
    "uid": "bd-1093573601",
    "publishedVersion": 0,
    "forkFrom": "-",
    "isSpam": 0,
    "version": 1,
    "parentVersion": -1,
    "echartsVersion": "4.2.0",
    "versionCreateTime": "2018-11-23T13:13:13.000Z",
    "html": "",
    "externalScripts": "",
    "updaterUID": "bd-1093573601",
    "theme": "",
    "layout": "",
    "viewCount": 4,
    "userName": "滚衮棍",
    "commentCount": 0,
    "starCount": 0,
    "isStared": 0,
    "thumbnailURL": "https://www.makeapie.com/ecg-storage/ec_gallery_thumbnail/xniDd5PdW4.png?v=1542978793121",
    "isCustomThumbnail": 0,
    "builtinTags": [
        "category-work",
        "grid",
        "series-line",
        "title"
    ],
    "customTags": [],
    "updaterUserName": "滚衮棍"
}