{
    "cid": "xRRU_BmSzB",
    "authorUid": "bd-2487563981",
    "authorUserName": "坚持1211120",
    "title": "双向柱子，双个标题，星座统计",
    "description": "参照了同类型的图表，做了进一步的分析",
    "latestVersion": 1,
    "alwaysLatest": 1,
    "createTime": "2018-11-22T09:57:33.000Z",
    "lastUpdateTime": "2018-11-22T09:57:33.000Z",
    "auth": 2,
    "uid": "bd-2487563981",
    "publishedVersion": 0,
    "forkFrom": "-",
    "isSpam": 0,
    "version": 1,
    "parentVersion": -1,
    "echartsVersion": "4.2.0",
    "versionCreateTime": "2018-11-22T09:57:34.000Z",
    "html": "",
    "externalScripts": "",
    "updaterUID": "bd-2487563981",
    "theme": "",
    "layout": "",
    "viewCount": 271,
    "userName": "坚持1211120",
    "commentCount": 0,
    "starCount": 3,
    "isStared": 0,
    "thumbnailURL": "https://www.makeapie.com/ecg-storage/ec_gallery_thumbnail/xRRU_BmSzB.png?v=1542880654075",
    "isCustomThumbnail": 0,
    "builtinTags": [
        "category-work",
        "grid",
        "legend",
        "series-pictorialBar",
        "timeline"
    ],
    "customTags": [],
    "updaterUserName": "坚持1211120"
}