{
    "cid": "xU5Svv2xB-",
    "authorUid": "bd-1411513722",
    "authorUserName": "xueboren001",
    "title": "wy-manpower-time-stack",
    "description": "人力日报 - 3个维度: 日期、人力类型、分公司",
    "latestVersion": 3,
    "alwaysLatest": 1,
    "createTime": "2018-11-27T14:52:31.000Z",
    "lastUpdateTime": "2018-11-27T14:52:31.000Z",
    "auth": 2,
    "uid": "bd-1411513722",
    "publishedVersion": 0,
    "forkFrom": "-",
    "isSpam": 0,
    "version": 3,
    "parentVersion": 2,
    "echartsVersion": "4.2.0",
    "versionCreateTime": "2018-11-29T02:01:27.000Z",
    "html": "",
    "externalScripts": "",
    "updaterUID": "bd-1411513722",
    "theme": "",
    "layout": "",
    "viewCount": 88,
    "userName": "xueboren001",
    "commentCount": 0,
    "starCount": 0,
    "isStared": 0,
    "thumbnailURL": "https://www.makeapie.com/ecg-storage/ec_gallery_thumbnail/xU5Svv2xB-.png?v=1543456887156",
    "isCustomThumbnail": 0,
    "builtinTags": [
        "category-work",
        "grid",
        "legend",
        "series-bar",
        "tooltip"
    ],
    "customTags": [
        "brokerage",
        "wy"
    ],
    "updaterUserName": "xueboren001"
}