{
    "cid": "xusWuqA8iX",
    "authorUid": "bd-1101694830",
    "authorUserName": "奋斗的我们友善",
    "title": "对科学的认识",
    "description": "",
    "latestVersion": 3,
    "alwaysLatest": 1,
    "createTime": "2018-11-26T08:56:14.000Z",
    "lastUpdateTime": "2018-11-26T08:56:14.000Z",
    "auth": 2,
    "uid": "bd-1101694830",
    "publishedVersion": 0,
    "forkFrom": "-",
    "isSpam": 0,
    "version": 3,
    "parentVersion": 2,
    "echartsVersion": "4.2.0",
    "versionCreateTime": "2018-11-26T09:20:41.000Z",
    "html": "",
    "externalScripts": "http://data-visual.cn/datav/src/js/echarts/extension/echarts-wordcloud.min.js",
    "updaterUID": "bd-1101694830",
    "theme": "",
    "layout": "",
    "viewCount": 88,
    "userName": "奋斗的我们友善",
    "commentCount": 0,
    "starCount": 0,
    "isStared": 0,
    "thumbnailURL": "https://www.makeapie.com/ecg-storage/ec_gallery_thumbnail/xusWuqA8iX.png?v=1543224041912",
    "isCustomThumbnail": 0,
    "builtinTags": [
        "category-work",
        "series-wordCloud",
        "tooltip"
    ],
    "customTags": [],
    "updaterUserName": "奋斗的我们友善"
}