{
    "cid": "xwPf5zfrIf",
    "authorUid": "bd-4164208518",
    "authorUserName": "绝***的",
    "title": "趋势图",
    "description": "趋势图",
    "latestVersion": 1,
    "alwaysLatest": 1,
    "createTime": "2018-11-27T08:53:10.000Z",
    "lastUpdateTime": "2018-11-27T08:53:10.000Z",
    "auth": 2,
    "uid": "bd-4164208518",
    "publishedVersion": 0,
    "forkFrom": "-",
    "isSpam": 0,
    "version": 1,
    "parentVersion": -1,
    "echartsVersion": "4.2.0",
    "versionCreateTime": "2018-11-27T08:53:10.000Z",
    "html": "",
    "externalScripts": "",
    "updaterUID": "bd-4164208518",
    "theme": "",
    "layout": "",
    "viewCount": 13,
    "userName": "绝***的",
    "commentCount": 0,
    "starCount": 1,
    "isStared": 0,
    "thumbnailURL": "https://www.makeapie.com/ecg-storage/ec_gallery_thumbnail/xwPf5zfrIf.png?v=1543308790591",
    "isCustomThumbnail": 0,
    "builtinTags": [
        "category-work",
        "grid",
        "legend",
        "series-line",
        "tooltip"
    ],
    "customTags": [],
    "updaterUserName": "绝***的"
}