{
    "cid": "xy49js0Wr6",
    "authorUid": "bd-2066513247",
    "authorUserName": "g***8",
    "title": "dh-pie",
    "description": "新的饼图",
    "latestVersion": 3,
    "alwaysLatest": 1,
    "createTime": "2018-11-27T03:24:21.000Z",
    "lastUpdateTime": "2018-11-27T03:24:21.000Z",
    "auth": 2,
    "uid": "bd-2066513247",
    "publishedVersion": 0,
    "forkFrom": "-",
    "isSpam": 0,
    "version": 3,
    "parentVersion": 2,
    "echartsVersion": "4.2.0",
    "versionCreateTime": "2018-11-28T04:19:04.000Z",
    "html": "",
    "externalScripts": "",
    "updaterUID": "bd-2066513247",
    "theme": "",
    "layout": "",
    "viewCount": 80,
    "userName": "g***8",
    "commentCount": 0,
    "starCount": 1,
    "isStared": 0,
    "thumbnailURL": "https://www.makeapie.com/ecg-storage/ec_gallery_thumbnail/xy49js0Wr6.png?v=1543378744437",
    "isCustomThumbnail": 0,
    "builtinTags": [
        "category-work",
        "series-pie"
    ],
    "customTags": [],
    "updaterUserName": "g***8"
}