{
    "cid": "x1zOZDoSxq",
    "authorUid": "obd-oNrF49s1TQu3mDmHhnt96xmGFxk3oCH",
    "authorUserName": "我***乞",
    "title": "简单南丁格尔图",
    "description": "运动、轻快配色，附带数字指标",
    "latestVersion": 1,
    "alwaysLatest": 1,
    "createTime": "2021-03-31T03:16:47.000Z",
    "lastUpdateTime": "2021-03-31T03:16:47.000Z",
    "auth": 2,
    "uid": "obd-oNrF49s1TQu3mDmHhnt96xmGFxk3oCH",
    "publishedVersion": 0,
    "forkFrom": "-",
    "isSpam": 0,
    "version": 1,
    "parentVersion": -1,
    "echartsVersion": "4.8.0",
    "versionCreateTime": "2021-03-31T03:16:47.000Z",
    "html": "",
    "externalScripts": "",
    "updaterUID": "obd-oNrF49s1TQu3mDmHhnt96xmGFxk3oCH",
    "theme": "dark",
    "layout": "",
    "viewCount": 80,
    "userName": "我***乞",
    "commentCount": 0,
    "starCount": 25,
    "isStared": 0,
    "thumbnailURL": "https://www.makeapie.com/ecg-storage/ec_gallery_thumbnail/x1zOZDoSxq.png?v=1617160607824",
    "isCustomThumbnail": 0,
    "builtinTags": [
        "category-work",
        "legend",
        "series-pie",
        "tooltip"
    ],
    "customTags": [],
    "updaterUserName": "我***乞"
}