{
    "cid": "x30zsJaXTX",
    "authorUid": "bd-2451952737",
    "authorUserName": "马***6",
    "title": "test",
    "description": "",
    "latestVersion": 1,
    "alwaysLatest": 0,
    "createTime": "2021-05-13T10:20:56.000Z",
    "lastUpdateTime": "2021-05-13T10:20:56.000Z",
    "auth": 2,
    "uid": "bd-2451952737",
    "publishedVersion": 0,
    "forkFrom": "-",
    "isSpam": 0,
    "version": 1,
    "parentVersion": -1,
    "echartsVersion": "5.1.1",
    "versionCreateTime": "2021-05-13T10:20:56.000Z",
    "html": "",
    "externalScripts": "",
    "updaterUID": "bd-2451952737",
    "theme": "",
    "layout": "",
    "viewCount": 0,
    "userName": "马***6",
    "commentCount": 0,
    "starCount": 28,
    "isStared": 0,
    "thumbnailURL": "https://www.makeapie.com/ecg-storage/ec_gallery_thumbnail/x30zsJaXTX.png?v=1620901257116",
    "isCustomThumbnail": 0,
    "builtinTags": [
        "category-work",
        "grid",
        "legend",
        "markLine",
        "markPoint",
        "series-bar"
    ],
    "customTags": [],
    "updaterUserName": "马***6"
}