{
    "cid": "x74NaG6Hod",
    "authorUid": "bd-1309162528",
    "authorUserName": "小***7",
    "title": "柱状图",
    "description": "",
    "latestVersion": 8,
    "alwaysLatest": 1,
    "createTime": "2021-02-03T08:45:58.000Z",
    "lastUpdateTime": "2021-02-03T08:45:58.000Z",
    "auth": 2,
    "uid": "bd-1309162528",
    "publishedVersion": 0,
    "forkFrom": "-",
    "isSpam": 0,
    "version": 8,
    "parentVersion": 6,
    "echartsVersion": "4.9.0",
    "versionCreateTime": "2021-05-19T08:07:20.000Z",
    "html": "",
    "externalScripts": "",
    "updaterUID": "bd-1309162528",
    "theme": "",
    "layout": "",
    "viewCount": 98,
    "userName": "小***7",
    "commentCount": 0,
    "starCount": 21,
    "isStared": 0,
    "thumbnailURL": "https://www.makeapie.com/ecg-storage/ec_gallery_thumbnail/x74NaG6Hod.png?v=1621411640770",
    "isCustomThumbnail": 0,
    "builtinTags": [
        "category-work",
        "grid",
        "legend",
        "series-bar",
        "series-line"
    ],
    "customTags": [],
    "updaterUserName": "小***7"
}