{
    "cid": "xe0cx1D1Y9",
    "authorUid": "obd-oMGzodsy9PP9jkwvH2kpSrH7o-UO82r",
    "authorUserName": "雎***",
    "title": "全国行政区划3D地图",
    "description": "",
    "latestVersion": 1,
    "alwaysLatest": 0,
    "createTime": "2021-05-15T09:09:12.000Z",
    "lastUpdateTime": "2021-05-15T09:09:12.000Z",
    "auth": 2,
    "uid": "obd-oMGzodsy9PP9jkwvH2kpSrH7o-UO82r",
    "publishedVersion": 0,
    "forkFrom": "-",
    "isSpam": 0,
    "version": 1,
    "parentVersion": -1,
    "echartsVersion": "4.7.0",
    "versionCreateTime": "2021-05-15T09:09:12.000Z",
    "html": "",
    "externalScripts": "https://echarts.baidu.com/resource/echarts-gl-latest/dist/echarts-gl.min.js,/dep/echarts/latest/extension/bmap.min.js,/dep/echarts/map/js/china.js",
    "updaterUID": "obd-oMGzodsy9PP9jkwvH2kpSrH7o-UO82r",
    "theme": "",
    "layout": "",
    "viewCount": 0,
    "userName": "雎***",
    "commentCount": 1,
    "starCount": 27,
    "isStared": 0,
    "thumbnailURL": "https://www.makeapie.com/ecg-storage/ec_gallery_thumbnail/xe0cx1D1Y9.png?v=1621069752535",
    "isCustomThumbnail": 1,
    "builtinTags": [
        "category-work",
        "geo3D",
        "series-scatter3D",
        "title",
        "tooltip"
    ],
    "customTags": [],
    "updaterUserName": "雎***"
}