{
    "cid": "xG3GJsBZ0K",
    "authorUid": "bd-3225283816",
    "authorUserName": "啸***y",
    "title": "PieChart",
    "description": "",
    "latestVersion": 1,
    "alwaysLatest": 1,
    "createTime": "2021-03-31T02:28:26.000Z",
    "lastUpdateTime": "2021-03-31T02:28:26.000Z",
    "auth": 2,
    "uid": "bd-3225283816",
    "publishedVersion": 0,
    "forkFrom": "-",
    "isSpam": 0,
    "version": 1,
    "parentVersion": -1,
    "echartsVersion": "4.8.0",
    "versionCreateTime": "2021-03-31T02:28:26.000Z",
    "html": "",
    "externalScripts": "",
    "updaterUID": "bd-3225283816",
    "theme": "",
    "layout": "",
    "viewCount": 66,
    "userName": "啸***y",
    "commentCount": 0,
    "starCount": 25,
    "isStared": 0,
    "thumbnailURL": "https://www.makeapie.com/ecg-storage/ec_gallery_thumbnail/xG3GJsBZ0K.png?v=1617157707112",
    "isCustomThumbnail": 0,
    "builtinTags": [
        "category-work",
        "legend",
        "series-pie",
        "title",
        "tooltip"
    ],
    "customTags": [],
    "updaterUserName": "啸***y"
}