{
    "cid": "xgCORrs3ug",
    "authorUid": "obd-otRkU1757iknDJhmN1I0K-LUoRnqq8o",
    "authorUserName": "炫***海",
    "title": "世界流量统计",
    "description": "",
    "latestVersion": 1,
    "alwaysLatest": 0,
    "createTime": "2021-05-07T10:06:17.000Z",
    "lastUpdateTime": "2021-05-07T10:06:17.000Z",
    "auth": 2,
    "uid": "obd-otRkU1757iknDJhmN1I0K-LUoRnqq8o",
    "publishedVersion": 0,
    "forkFrom": "-",
    "isSpam": 0,
    "version": 1,
    "parentVersion": -1,
    "echartsVersion": "5.1.1",
    "versionCreateTime": "2021-05-07T10:06:18.000Z",
    "html": "",
    "externalScripts": "",
    "updaterUID": "obd-otRkU1757iknDJhmN1I0K-LUoRnqq8o",
    "theme": "",
    "layout": "",
    "viewCount": 0,
    "userName": "炫***海",
    "commentCount": 0,
    "starCount": 23,
    "isStared": 0,
    "thumbnailURL": "https://www.makeapie.com/ecg-storage/ec_gallery_thumbnail/xgCORrs3ug.png?v=1620381979209",
    "isCustomThumbnail": 1,
    "builtinTags": [
        "category-work",
        "geo",
        "legend",
        "series-map",
        "series-scatter",
        "title",
        "tooltip",
        "visualMap"
    ],
    "customTags": [],
    "updaterUserName": "炫***海"
}