{
    "cid": "xJS60up2Vw",
    "authorUid": "bd-2646425411",
    "authorUserName": "s***g",
    "title": "3d立体渐变柱状图",
    "description": "自定义每个柱图的颜色",
    "latestVersion": 2,
    "alwaysLatest": 1,
    "createTime": "2021-03-30T02:06:21.000Z",
    "lastUpdateTime": "2021-03-30T02:06:21.000Z",
    "auth": 2,
    "uid": "bd-2646425411",
    "publishedVersion": 0,
    "forkFrom": "-",
    "isSpam": 0,
    "version": 2,
    "parentVersion": 1,
    "echartsVersion": "4.8.0",
    "versionCreateTime": "2021-03-30T03:30:04.000Z",
    "html": "",
    "externalScripts": "",
    "updaterUID": "bd-2646425411",
    "theme": "",
    "layout": "",
    "viewCount": 89,
    "userName": "s***g",
    "commentCount": 1,
    "starCount": 24,
    "isStared": 0,
    "thumbnailURL": "https://www.makeapie.com/ecg-storage/ec_gallery_thumbnail/xJS60up2Vw.png?v=1617075004168",
    "isCustomThumbnail": 0,
    "builtinTags": [
        "category-work",
        "grid",
        "series-bar",
        "series-custom",
        "title",
        "tooltip"
    ],
    "customTags": [],
    "updaterUserName": "s***g"
}