{
    "cid": "xjzKM5tM5A",
    "authorUid": "obd-oCghmT11NwoeFdDBgQh02zSCDdW1y3V",
    "authorUserName": "茶***子",
    "title": "分段渐变仪表盘",
    "description": "",
    "latestVersion": 1,
    "alwaysLatest": 0,
    "createTime": "2021-05-31T06:44:40.000Z",
    "lastUpdateTime": "2021-05-31T06:44:40.000Z",
    "auth": 2,
    "uid": "obd-oCghmT11NwoeFdDBgQh02zSCDdW1y3V",
    "publishedVersion": 0,
    "forkFrom": "-",
    "isSpam": 0,
    "version": 1,
    "parentVersion": -1,
    "echartsVersion": "5.1.1",
    "versionCreateTime": "2021-05-31T06:44:40.000Z",
    "html": "",
    "externalScripts": "",
    "updaterUID": "obd-oCghmT11NwoeFdDBgQh02zSCDdW1y3V",
    "theme": "",
    "layout": "",
    "viewCount": 0,
    "userName": "茶***子",
    "commentCount": 1,
    "starCount": 25,
    "isStared": 0,
    "thumbnailURL": "https://www.makeapie.com/ecg-storage/ec_gallery_thumbnail/xjzKM5tM5A.png?v=1622443480463",
    "isCustomThumbnail": 0,
    "builtinTags": [
        "category-work",
        "series-gauge"
    ],
    "customTags": [],
    "updaterUserName": "茶***子"
}