{
    "cid": "xlmUwprYL1",
    "authorUid": "obd-otKvUULPhrQJZffXPGGtlUdsZb1yj8d",
    "authorUserName": "s***漠",
    "title": "象形柱图",
    "description": "",
    "latestVersion": 15,
    "alwaysLatest": 0,
    "createTime": "2021-06-03T03:45:07.000Z",
    "lastUpdateTime": "2021-11-10T17:36:28.000Z",
    "auth": 1,
    "uid": "obd-otKvUULPhrQJZffXPGGtlUdsZb1yj8d",
    "publishedVersion": 0,
    "forkFrom": "-",
    "isSpam": 0,
    "version": 15,
    "parentVersion": 14,
    "echartsVersion": "5.1.1",
    "versionCreateTime": "2021-11-10T17:36:28.000Z",
    "html": "",
    "externalScripts": "",
    "updaterUID": "obd-oA5gPqbI4gxQS6FvMHSAZheLV_YuZ7S",
    "theme": "",
    "layout": "",
    "viewCount": 0,
    "userName": "s***漠",
    "commentCount": 0,
    "starCount": 23,
    "isStared": 0,
    "thumbnailURL": "https://www.makeapie.com/ecg-storage/ec_gallery_thumbnail/xlmUwprYL1.png?v=1636565788333",
    "isCustomThumbnail": 0,
    "builtinTags": [
        "category-work",
        "grid",
        "series-pictorialBar",
        "tooltip"
    ],
    "customTags": [],
    "updaterUserName": "c***0"
}