{
    "cid": "xxkpiJMIle",
    "authorUid": "obd-o2SdpVu0xEEq5kDTO4FCDMKLB-xKSBD",
    "authorUserName": "雅***珥",
    "title": "LOGO水球图",
    "description": "logo水球图",
    "latestVersion": 1,
    "alwaysLatest": 1,
    "createTime": "2021-03-24T09:34:06.000Z",
    "lastUpdateTime": "2021-03-24T09:34:06.000Z",
    "auth": 2,
    "uid": "obd-o2SdpVu0xEEq5kDTO4FCDMKLB-xKSBD",
    "publishedVersion": 0,
    "forkFrom": "-",
    "isSpam": 0,
    "version": 1,
    "parentVersion": -1,
    "echartsVersion": "4.8.0",
    "versionCreateTime": "2021-03-24T09:34:06.000Z",
    "html": "",
    "externalScripts": "https://echarts.baidu.com/resource/echarts-liquidfill-latest/dist/echarts-liquidfill.min.js",
    "updaterUID": "obd-o2SdpVu0xEEq5kDTO4FCDMKLB-xKSBD",
    "theme": "",
    "layout": "",
    "viewCount": 133,
    "userName": "雅***珥",
    "commentCount": 3,
    "starCount": 21,
    "isStared": 0,
    "thumbnailURL": "https://www.makeapie.com/ecg-storage/ec_gallery_thumbnail/xxkpiJMIle.png?v=1616578447044",
    "isCustomThumbnail": 1,
    "builtinTags": [
        "category-work",
        "series-liquidFill"
    ],
    "customTags": [
        "LOGO",
        "水球"
    ],
    "updaterUserName": "雅***珥"
}