{
    "cid": "xB11VFogne",
    "authorUid": "bd-3359271850",
    "authorUserName": "一半如尘",
    "title": "Les Miserables",
    "description": "Circular layout",
    "latestVersion": 1,
    "alwaysLatest": 1,
    "createTime": "2017-03-23T01:47:19.000Z",
    "lastUpdateTime": "2017-03-23T01:47:19.000Z",
    "auth": 2,
    "uid": "bd-3359271850",
    "publishedVersion": 0,
    "forkFrom": "-",
    "isSpam": 0,
    "version": 1,
    "parentVersion": -1,
    "echartsVersion": "3.4.0",
    "versionCreateTime": "2017-03-23T01:47:19.000Z",
    "html": "",
    "externalScripts": "/dep/echarts/latest/extension/dataTool.min.js",
    "updaterUID": "bd-3359271850",
    "theme": "",
    "layout": "",
    "viewCount": 4130,
    "userName": "一半如尘",
    "commentCount": 4,
    "starCount": 14,
    "isStared": 0,
    "thumbnailURL": "https://www.makeapie.com/ecg-storage/ec_gallery_thumbnail/xB11VFogne.png?v=1490233639992",
    "isCustomThumbnail": 0,
    "builtinTags": [
        "category-work",
        "legend",
        "series-graph",
        "title",
        "tooltip"
    ],
    "customTags": [],
    "updaterUserName": "一半如尘"
}