{
    "cid": "xB18Bvkxhg",
    "authorUid": "bd-3608323184",
    "authorUserName": "凹可卡",
    "title": "广州大学",
    "description": "三年男女比例变化",
    "latestVersion": 5,
    "alwaysLatest": 1,
    "createTime": "2017-03-22T11:59:58.000Z",
    "lastUpdateTime": "2017-03-22T11:59:58.000Z",
    "auth": 2,
    "uid": "bd-3608323184",
    "publishedVersion": 0,
    "forkFrom": "-",
    "isSpam": 0,
    "version": 5,
    "parentVersion": 4,
    "echartsVersion": "3.4.0",
    "versionCreateTime": "2017-03-26T05:56:34.000Z",
    "html": "",
    "externalScripts": "",
    "updaterUID": "bd-3608323184",
    "theme": "",
    "layout": "",
    "viewCount": 6481,
    "userName": "凹可卡",
    "commentCount": 1,
    "starCount": 26,
    "isStared": 0,
    "thumbnailURL": "https://www.makeapie.com/ecg-storage/ec_gallery_thumbnail/xB18Bvkxhg.png?v=1490507795369",
    "isCustomThumbnail": 0,
    "builtinTags": [
        "category-work",
        "legend",
        "series-pie",
        "title",
        "toolbox",
        "tooltip"
    ],
    "customTags": [],
    "updaterUserName": "凹可卡"
}