{
    "cid": "xBJbzJb-3l",
    "authorUid": "bd-4062093750",
    "authorUserName": "1514115107",
    "title": "铅笔水球图",
    "description": "",
    "latestVersion": 2,
    "alwaysLatest": 1,
    "createTime": "2017-03-23T07:53:44.000Z",
    "lastUpdateTime": "2017-03-23T07:53:44.000Z",
    "auth": 2,
    "uid": "bd-4062093750",
    "publishedVersion": 0,
    "forkFrom": "-",
    "isSpam": 0,
    "version": 2,
    "parentVersion": 1,
    "echartsVersion": "3.4.0",
    "versionCreateTime": "2017-03-23T07:54:19.000Z",
    "html": "",
    "externalScripts": "https://rawgit.com/ecomfe/echarts-liquidfill/master/dist/echarts-liquidfill.js",
    "updaterUID": "bd-4062093750",
    "theme": "dark",
    "layout": "",
    "viewCount": 1312,
    "userName": "1514115107",
    "commentCount": 0,
    "starCount": 3,
    "isStared": 0,
    "thumbnailURL": "https://www.makeapie.com/ecg-storage/ec_gallery_thumbnail/xBJbzJb-3l.png?v=1490255659878",
    "isCustomThumbnail": 0,
    "builtinTags": [
        "category-work",
        "series-liquidFill",
        "title"
    ],
    "customTags": [],
    "updaterUserName": "1514115107"
}