{
    "cid": "xBygYwhhil",
    "authorUid": "bd-1296534965",
    "authorUserName": "哈哈水电费ok",
    "title": "456",
    "description": "",
    "latestVersion": 1,
    "alwaysLatest": 1,
    "createTime": "2017-03-20T01:59:19.000Z",
    "lastUpdateTime": "2017-03-20T01:59:19.000Z",
    "auth": 2,
    "uid": "bd-1296534965",
    "publishedVersion": 0,
    "forkFrom": "-",
    "isSpam": 0,
    "version": 1,
    "parentVersion": -1,
    "echartsVersion": "3.4.0",
    "versionCreateTime": "2017-03-20T01:59:20.000Z",
    "html": "",
    "externalScripts": "http://gallery.echartsjs.com/dep/echarts/latest/extension/bmap.min.js,http://api.map.baidu.com/api?v=2.0&ak=ZUONbpqGBsYGXNIYHicvbAbM",
    "updaterUID": "bd-1296534965",
    "theme": "",
    "layout": "",
    "viewCount": 189,
    "userName": "哈哈水电费ok",
    "commentCount": 0,
    "starCount": 0,
    "isStared": 0,
    "thumbnailURL": "https://www.makeapie.com/ecg-storage/ec_gallery_thumbnail/xBygYwhhil.undefined?v=",
    "isCustomThumbnail": 0,
    "builtinTags": [
        "category-work"
    ],
    "customTags": [],
    "updaterUserName": "哈哈水电费ok"
}