{
    "cid": "xH198v-3sl",
    "authorUid": "bd-169539472",
    "authorUserName": "solarliyang",
    "title": "李姓人口迁徙图",
    "description": "第一个作品请多包含",
    "latestVersion": 2,
    "alwaysLatest": 1,
    "createTime": "2017-03-19T13:27:46.000Z",
    "lastUpdateTime": "2017-03-19T13:27:46.000Z",
    "auth": 2,
    "uid": "bd-169539472",
    "publishedVersion": 0,
    "forkFrom": "-",
    "isSpam": 0,
    "version": 2,
    "parentVersion": 1,
    "echartsVersion": "3.4.0",
    "versionCreateTime": "2017-03-19T13:28:22.000Z",
    "html": "",
    "externalScripts": "/dep/echarts/map/js/china.js",
    "updaterUID": "bd-169539472",
    "theme": "",
    "layout": "",
    "viewCount": 7015,
    "userName": "solarliyang",
    "commentCount": 0,
    "starCount": 12,
    "isStared": 0,
    "thumbnailURL": "https://www.makeapie.com/ecg-storage/ec_gallery_thumbnail/xH198v-3sl.png?v=1489930066752",
    "isCustomThumbnail": 1,
    "builtinTags": [
        "category-work",
        "geo",
        "legend",
        "series-effectScatter",
        "series-lines",
        "title"
    ],
    "customTags": [],
    "updaterUserName": "solarliyang"
}