{
    "cid": "xH1gAD33se",
    "authorUid": "bd-1296534965",
    "authorUserName": "哈哈水电费ok",
    "title": "789",
    "description": "",
    "latestVersion": 1,
    "alwaysLatest": 1,
    "createTime": "2017-03-20T02:00:40.000Z",
    "lastUpdateTime": "2017-03-20T02:00:40.000Z",
    "auth": 2,
    "uid": "bd-1296534965",
    "publishedVersion": 0,
    "forkFrom": "-",
    "isSpam": 0,
    "version": 1,
    "parentVersion": -1,
    "echartsVersion": "3.4.0",
    "versionCreateTime": "2017-03-20T02:00:40.000Z",
    "html": "",
    "externalScripts": "",
    "updaterUID": "bd-1296534965",
    "theme": "",
    "layout": "",
    "viewCount": 479,
    "userName": "哈哈水电费ok",
    "commentCount": 0,
    "starCount": 0,
    "isStared": 0,
    "thumbnailURL": "https://www.makeapie.com/ecg-storage/ec_gallery_thumbnail/xH1gAD33se.png?v=1489975240345",
    "isCustomThumbnail": 0,
    "builtinTags": [
        "category-work",
        "grid",
        "legend",
        "markLine",
        "series-bar",
        "tooltip"
    ],
    "customTags": [],
    "updaterUserName": "哈哈水电费ok"
}