{
    "cid": "xH1w7P4Rsx",
    "authorUid": "bd-1839878025",
    "authorUserName": "同天下无敌",
    "title": "收客走势图",
    "description": "计划位收客情况（确认位/预留位）",
    "latestVersion": 1,
    "alwaysLatest": 1,
    "createTime": "2017-03-21T05:16:14.000Z",
    "lastUpdateTime": "2017-03-21T05:16:14.000Z",
    "auth": 2,
    "uid": "bd-1839878025",
    "publishedVersion": 0,
    "forkFrom": "-",
    "isSpam": 0,
    "version": 1,
    "parentVersion": -1,
    "echartsVersion": "3.4.0",
    "versionCreateTime": "2017-03-21T05:16:14.000Z",
    "html": "",
    "externalScripts": "",
    "updaterUID": "bd-1839878025",
    "theme": "",
    "layout": "",
    "viewCount": 4368,
    "userName": "同天下无敌",
    "commentCount": 0,
    "starCount": 12,
    "isStared": 0,
    "thumbnailURL": "https://www.makeapie.com/ecg-storage/ec_gallery_thumbnail/xH1w7P4Rsx.png?v=1490073375191",
    "isCustomThumbnail": 0,
    "builtinTags": [
        "category-work",
        "dataZoom",
        "grid",
        "legend",
        "series-bar",
        "title",
        "toolbox",
        "tooltip"
    ],
    "customTags": [],
    "updaterUserName": "同天下无敌"
}