{
    "cid": "xHJ1H4Opil",
    "authorUid": "bd-1102368667",
    "authorUserName": "tuoshansq",
    "title": "重点人群分布",
    "description": "",
    "latestVersion": 1,
    "alwaysLatest": 1,
    "createTime": "2017-03-20T15:24:38.000Z",
    "lastUpdateTime": "2017-03-20T15:24:38.000Z",
    "auth": 2,
    "uid": "bd-1102368667",
    "publishedVersion": 0,
    "forkFrom": "-",
    "isSpam": 0,
    "version": 1,
    "parentVersion": -1,
    "echartsVersion": "3.4.0",
    "versionCreateTime": "2017-03-20T15:24:38.000Z",
    "html": "",
    "externalScripts": "http://api.map.baidu.com/api?v=2.0&ak=ZUONbpqGBsYGXNIYHicvbAbM,/dep/echarts/latest/extension/bmap.min.js",
    "updaterUID": "bd-1102368667",
    "theme": "",
    "layout": "",
    "viewCount": 153,
    "userName": "tuoshansq",
    "commentCount": 0,
    "starCount": 1,
    "isStared": 0,
    "thumbnailURL": "https://www.makeapie.com/ecg-storage/ec_gallery_thumbnail/xHJ1H4Opil.undefined?v=",
    "isCustomThumbnail": 0,
    "builtinTags": [
        "category-work"
    ],
    "customTags": [],
    "updaterUserName": "tuoshansq"
}