{
    "cid": "xHkd2awAig",
    "authorUid": "bd-2889079406",
    "authorUserName": "六***论",
    "title": "安吉物流相关测试",
    "description": "测试用",
    "latestVersion": 2,
    "alwaysLatest": 1,
    "createTime": "2017-03-21T09:09:04.000Z",
    "lastUpdateTime": "2017-03-21T09:09:04.000Z",
    "auth": 2,
    "uid": "bd-2889079406",
    "publishedVersion": 0,
    "forkFrom": "-",
    "isSpam": 0,
    "version": 2,
    "parentVersion": 1,
    "echartsVersion": "3.4.0",
    "versionCreateTime": "2017-03-21T09:09:33.000Z",
    "html": "",
    "externalScripts": "/dep/echarts/latest/extension/dataTool.min.js,https://cdn.bootcss.com/PapaParse/4.1.2/papaparse.min.js,/dep/echarts/latest/extension/bmap.min.js",
    "updaterUID": "bd-2889079406",
    "theme": "",
    "layout": "",
    "viewCount": 3868,
    "userName": "六***论",
    "commentCount": 1,
    "starCount": 8,
    "isStared": 0,
    "thumbnailURL": "https://www.makeapie.com/ecg-storage/ec_gallery_thumbnail/xHkd2awAig.png?v=1490087375068",
    "isCustomThumbnail": 0,
    "builtinTags": [
        "category-work",
        "legend",
        "series-graph",
        "title",
        "tooltip"
    ],
    "customTags": [],
    "updaterUserName": "六***论"
}