{
    "cid": "xr13rwz-nl",
    "authorUid": "bd-4062093750",
    "authorUserName": "1514115107",
    "title": "水球demo",
    "description": "",
    "latestVersion": 3,
    "alwaysLatest": 1,
    "createTime": "2017-03-23T09:37:07.000Z",
    "lastUpdateTime": "2017-03-23T09:37:07.000Z",
    "auth": 2,
    "uid": "bd-4062093750",
    "publishedVersion": 0,
    "forkFrom": "-",
    "isSpam": 0,
    "version": 3,
    "parentVersion": 2,
    "echartsVersion": "3.4.0",
    "versionCreateTime": "2017-03-23T10:00:43.000Z",
    "html": "",
    "externalScripts": "http://gallery.echartsjs.com/asset/get/s/data-1483511148104-SkVuHf9He.js",
    "updaterUID": "bd-4062093750",
    "theme": "",
    "layout": "",
    "viewCount": 1741,
    "userName": "1514115107",
    "commentCount": 0,
    "starCount": 10,
    "isStared": 0,
    "thumbnailURL": "https://www.makeapie.com/ecg-storage/ec_gallery_thumbnail/xr13rwz-nl.png?v=1490263244155",
    "isCustomThumbnail": 0,
    "builtinTags": [
        "category-work",
        "series-liquidFill"
    ],
    "customTags": [],
    "updaterUserName": "1514115107"
}