{
    "cid": "xr1IyE_ajx",
    "authorUid": "bd-1102368667",
    "authorUserName": "tuoshansq",
    "title": "平台分工图",
    "description": "",
    "latestVersion": 1,
    "alwaysLatest": 1,
    "createTime": "2017-03-20T15:23:09.000Z",
    "lastUpdateTime": "2017-03-20T15:23:09.000Z",
    "auth": 2,
    "uid": "bd-1102368667",
    "publishedVersion": 0,
    "forkFrom": "-",
    "isSpam": 0,
    "version": 1,
    "parentVersion": -1,
    "echartsVersion": "3.4.0",
    "versionCreateTime": "2017-03-20T15:23:09.000Z",
    "html": "",
    "externalScripts": "",
    "updaterUID": "bd-1102368667",
    "theme": "",
    "layout": "",
    "viewCount": 364,
    "userName": "tuoshansq",
    "commentCount": 0,
    "starCount": 0,
    "isStared": 0,
    "thumbnailURL": "https://www.makeapie.com/ecg-storage/ec_gallery_thumbnail/xr1IyE_ajx.png?v=1490023390066",
    "isCustomThumbnail": 0,
    "builtinTags": [
        "category-work",
        "legend",
        "series-pie",
        "tooltip"
    ],
    "customTags": [],
    "updaterUserName": "tuoshansq"
}