{
    "cid": "xry9ikIpje",
    "authorUid": "bd-3608323184",
    "authorUserName": "凹可卡",
    "title": "各学院男女占比图",
    "description": "",
    "latestVersion": 5,
    "alwaysLatest": 1,
    "createTime": "2017-03-20T12:48:33.000Z",
    "lastUpdateTime": "2017-03-20T12:48:33.000Z",
    "auth": 2,
    "uid": "bd-3608323184",
    "publishedVersion": 0,
    "forkFrom": "-",
    "isSpam": 0,
    "version": 5,
    "parentVersion": 4,
    "echartsVersion": "3.4.0",
    "versionCreateTime": "2017-03-26T06:28:22.000Z",
    "html": "",
    "externalScripts": "",
    "updaterUID": "bd-3608323184",
    "theme": "",
    "layout": "",
    "viewCount": 2314,
    "userName": "凹可卡",
    "commentCount": 0,
    "starCount": 16,
    "isStared": 0,
    "thumbnailURL": "https://www.makeapie.com/ecg-storage/ec_gallery_thumbnail/xry9ikIpje.png?v=1490014114449",
    "isCustomThumbnail": 0,
    "builtinTags": [
        "category-work",
        "grid",
        "legend",
        "series-scatter",
        "title",
        "toolbox",
        "tooltip"
    ],
    "customTags": [],
    "updaterUserName": "凹可卡"
}