{
    "cid": "xryBdtMnsx",
    "authorUid": "bd-1412566899",
    "authorUserName": "范勒个二",
    "title": "全国36城无人区数量",
    "description": "data from Anjuke",
    "latestVersion": 6,
    "alwaysLatest": 1,
    "createTime": "2017-03-19T14:45:01.000Z",
    "lastUpdateTime": "2017-03-19T14:45:01.000Z",
    "auth": 2,
    "uid": "bd-1412566899",
    "publishedVersion": 0,
    "forkFrom": "-",
    "isSpam": 0,
    "version": 6,
    "parentVersion": 5,
    "echartsVersion": "3.4.0",
    "versionCreateTime": "2017-03-19T14:59:18.000Z",
    "html": "",
    "externalScripts": "/dep/echarts/map/js/china.js",
    "updaterUID": "bd-1412566899",
    "theme": "",
    "layout": "",
    "viewCount": 1267,
    "userName": "范勒个二",
    "commentCount": 0,
    "starCount": 3,
    "isStared": 0,
    "thumbnailURL": "https://www.makeapie.com/ecg-storage/ec_gallery_thumbnail/xryBdtMnsx.png?v=1489935558681",
    "isCustomThumbnail": 0,
    "builtinTags": [
        "brush",
        "category-work",
        "dataZoom",
        "geo",
        "grid",
        "series-bar",
        "series-effectScatter",
        "series-scatter",
        "title",
        "toolbox",
        "tooltip"
    ],
    "customTags": [],
    "updaterUserName": "范勒个二"
}