{
    "cid": "xS1pScUAie",
    "authorUid": "bd-3423954353",
    "authorUserName": "枫***子",
    "title": "22",
    "description": "",
    "latestVersion": 1,
    "alwaysLatest": 1,
    "createTime": "2017-03-21T07:46:13.000Z",
    "lastUpdateTime": "2017-03-21T07:46:13.000Z",
    "auth": 2,
    "uid": "bd-3423954353",
    "publishedVersion": 0,
    "forkFrom": "-",
    "isSpam": 0,
    "version": 1,
    "parentVersion": -1,
    "echartsVersion": "3.4.0",
    "versionCreateTime": "2017-03-21T07:46:13.000Z",
    "html": "",
    "externalScripts": "",
    "updaterUID": "bd-3423954353",
    "theme": "",
    "layout": "",
    "viewCount": 1944,
    "userName": "枫***子",
    "commentCount": 0,
    "starCount": 10,
    "isStared": 0,
    "thumbnailURL": "https://www.makeapie.com/ecg-storage/ec_gallery_thumbnail/xS1pScUAie.png?v=1490082373749",
    "isCustomThumbnail": 0,
    "builtinTags": [
        "category-work",
        "series-gauge",
        "toolbox",
        "tooltip"
    ],
    "customTags": [],
    "updaterUserName": "枫***子"
}