{
    "cid": "xS1VIvE0je",
    "authorUid": "bd-1839878025",
    "authorUserName": "同天下无敌",
    "title": "各种排行榜",
    "description": "排行榜的性质说明附标题",
    "latestVersion": 1,
    "alwaysLatest": 1,
    "createTime": "2017-03-21T05:16:59.000Z",
    "lastUpdateTime": "2017-03-21T05:16:59.000Z",
    "auth": 2,
    "uid": "bd-1839878025",
    "publishedVersion": 0,
    "forkFrom": "-",
    "isSpam": 0,
    "version": 1,
    "parentVersion": -1,
    "echartsVersion": "3.4.0",
    "versionCreateTime": "2017-03-21T05:16:59.000Z",
    "html": "",
    "externalScripts": "",
    "updaterUID": "bd-1839878025",
    "theme": "",
    "layout": "",
    "viewCount": 736,
    "userName": "同天下无敌",
    "commentCount": 0,
    "starCount": 3,
    "isStared": 0,
    "thumbnailURL": "https://www.makeapie.com/ecg-storage/ec_gallery_thumbnail/xS1VIvE0je.png?v=1490073419976",
    "isCustomThumbnail": 0,
    "builtinTags": [
        "category-work",
        "grid",
        "series-bar",
        "title",
        "tooltip"
    ],
    "customTags": [],
    "updaterUserName": "同天下无敌"
}