{
    "cid": "xSJhyRZZ3g",
    "authorUid": "bd-622164431",
    "authorUserName": "goofus",
    "title": "折线图",
    "description": "",
    "latestVersion": 1,
    "alwaysLatest": 1,
    "createTime": "2017-03-23T08:57:07.000Z",
    "lastUpdateTime": "2017-03-23T09:02:45.000Z",
    "auth": 2,
    "uid": "bd-622164431",
    "publishedVersion": 0,
    "forkFrom": "-",
    "isSpam": 0,
    "version": 1,
    "parentVersion": -1,
    "echartsVersion": "3.4.0",
    "versionCreateTime": "2017-03-23T08:57:07.000Z",
    "html": "",
    "externalScripts": "",
    "updaterUID": "bd-622164431",
    "theme": "vintage",
    "layout": "",
    "viewCount": 164,
    "userName": "goofus",
    "commentCount": 0,
    "starCount": 0,
    "isStared": 0,
    "thumbnailURL": "https://www.makeapie.com/ecg-storage/ec_gallery_thumbnail/xSJhyRZZ3g.png?v=1490259428303",
    "isCustomThumbnail": 0,
    "builtinTags": [],
    "customTags": [],
    "updaterUserName": "goofus"
}