{
    "cid": "xSyfc7_Tjl",
    "authorUid": "bd-1102368667",
    "authorUserName": "tuoshansq",
    "title": "关注访问量",
    "description": "",
    "latestVersion": 4,
    "alwaysLatest": 1,
    "createTime": "2017-03-20T15:21:46.000Z",
    "lastUpdateTime": "2017-03-20T15:21:46.000Z",
    "auth": 2,
    "uid": "bd-1102368667",
    "publishedVersion": 0,
    "forkFrom": "-",
    "isSpam": 0,
    "version": 4,
    "parentVersion": 3,
    "echartsVersion": "3.4.0",
    "versionCreateTime": "2017-03-20T15:28:08.000Z",
    "html": "",
    "externalScripts": "",
    "updaterUID": "bd-1102368667",
    "theme": "",
    "layout": "",
    "viewCount": 119,
    "userName": "tuoshansq",
    "commentCount": 0,
    "starCount": 0,
    "isStared": 0,
    "thumbnailURL": "https://www.makeapie.com/ecg-storage/ec_gallery_thumbnail/xSyfc7_Tjl.png?v=1490023688545",
    "isCustomThumbnail": 0,
    "builtinTags": [
        "category-work",
        "grid",
        "legend",
        "markLine",
        "series-bar",
        "tooltip"
    ],
    "customTags": [],
    "updaterUserName": "tuoshansq"
}