{
    "cid": "xSyNP6G2sl",
    "authorUid": "bd-4003127363",
    "authorUserName": "tv89877",
    "title": "湘西旅游景点客源分布图_交研院",
    "description": "携程大数据制图",
    "latestVersion": 5,
    "alwaysLatest": 1,
    "createTime": "2017-03-19T15:01:47.000Z",
    "lastUpdateTime": "2017-03-19T15:01:47.000Z",
    "auth": 2,
    "uid": "bd-4003127363",
    "publishedVersion": 0,
    "forkFrom": "-",
    "isSpam": 0,
    "version": 5,
    "parentVersion": 4,
    "echartsVersion": "3.4.0",
    "versionCreateTime": "2017-03-19T15:05:55.000Z",
    "html": "",
    "externalScripts": "/dep/echarts/map/js/china.js",
    "updaterUID": "bd-4003127363",
    "theme": "",
    "layout": "",
    "viewCount": 6592,
    "userName": "tv89877",
    "commentCount": 0,
    "starCount": 11,
    "isStared": 0,
    "thumbnailURL": "https://www.makeapie.com/ecg-storage/ec_gallery_thumbnail/xSyNP6G2sl.png?v=1489935955482",
    "isCustomThumbnail": 0,
    "builtinTags": [
        "category-work",
        "geo",
        "legend",
        "series-effectScatter",
        "series-lines",
        "title"
    ],
    "customTags": [],
    "updaterUserName": "tv89877"
}