{
    "cid": "xSys8Vaose",
    "authorUid": "bd-1412566899",
    "authorUserName": "范勒个二",
    "title": "全国36城无人区占该城市所有小区比例",
    "description": "data from Anjuke (%) (比例越高圆圈越大)",
    "latestVersion": 1,
    "alwaysLatest": 1,
    "createTime": "2017-03-19T08:41:55.000Z",
    "lastUpdateTime": "2017-03-19T08:41:55.000Z",
    "auth": 2,
    "uid": "bd-1412566899",
    "publishedVersion": 0,
    "forkFrom": "-",
    "isSpam": 0,
    "version": 1,
    "parentVersion": -1,
    "echartsVersion": "3.4.0",
    "versionCreateTime": "2017-03-19T08:41:55.000Z",
    "html": "",
    "externalScripts": "/dep/echarts/map/js/china.js",
    "updaterUID": "bd-1412566899",
    "theme": "",
    "layout": "",
    "viewCount": 966,
    "userName": "范勒个二",
    "commentCount": 0,
    "starCount": 1,
    "isStared": 0,
    "thumbnailURL": "https://www.makeapie.com/ecg-storage/ec_gallery_thumbnail/xSys8Vaose.png?v=1489912915358",
    "isCustomThumbnail": 0,
    "builtinTags": [
        "brush",
        "category-work",
        "dataZoom",
        "geo",
        "grid",
        "series-bar",
        "series-effectScatter",
        "series-scatter",
        "title",
        "toolbox",
        "tooltip"
    ],
    "customTags": [],
    "updaterUserName": "范勒个二"
}