{
    "cid": "xB16Egtwbz",
    "authorUid": "bd-1588710136",
    "authorUserName": "思桐111",
    "title": "指责医院",
    "description": "",
    "latestVersion": 1,
    "alwaysLatest": 1,
    "createTime": "2017-12-08T03:00:05.000Z",
    "lastUpdateTime": "2017-12-08T03:00:05.000Z",
    "auth": 2,
    "uid": "bd-1588710136",
    "publishedVersion": 0,
    "forkFrom": "-",
    "isSpam": 0,
    "version": 1,
    "parentVersion": -1,
    "echartsVersion": "3.8.0",
    "versionCreateTime": "2017-12-08T03:00:05.000Z",
    "html": "",
    "externalScripts": "",
    "updaterUID": "bd-1588710136",
    "theme": "",
    "layout": "",
    "viewCount": 365,
    "userName": "思桐111",
    "commentCount": 0,
    "starCount": 0,
    "isStared": 0,
    "thumbnailURL": "https://www.makeapie.com/ecg-storage/ec_gallery_thumbnail/xB16Egtwbz.png?v=1512702005304",
    "isCustomThumbnail": 0,
    "builtinTags": [
        "category-work",
        "series-pie",
        "title",
        "tooltip",
        "visualMap"
    ],
    "customTags": [],
    "updaterUserName": "思桐111"
}