{
    "cid": "xB1riOYvZf",
    "authorUid": "bd-4104077439",
    "authorUserName": "多事的笨蛋",
    "title": "薛之谦事件的情感倾向",
    "description": "纯属虚构",
    "latestVersion": 1,
    "alwaysLatest": 1,
    "createTime": "2017-12-08T03:35:57.000Z",
    "lastUpdateTime": "2017-12-08T03:35:57.000Z",
    "auth": 2,
    "uid": "bd-4104077439",
    "publishedVersion": 0,
    "forkFrom": "-",
    "isSpam": 0,
    "version": 1,
    "parentVersion": -1,
    "echartsVersion": "3.8.0",
    "versionCreateTime": "2017-12-08T03:35:57.000Z",
    "html": "",
    "externalScripts": "",
    "updaterUID": "bd-4104077439",
    "theme": "",
    "layout": "",
    "viewCount": 684,
    "userName": "多事的笨蛋",
    "commentCount": 0,
    "starCount": 0,
    "isStared": 0,
    "thumbnailURL": "https://www.makeapie.com/ecg-storage/ec_gallery_thumbnail/xB1riOYvZf.png?v=1512704157222",
    "isCustomThumbnail": 0,
    "builtinTags": [
        "category-work",
        "legend",
        "series-pie",
        "title",
        "tooltip"
    ],
    "customTags": [],
    "updaterUserName": "多事的笨蛋"
}