{
    "cid": "xBJNgQRUWG",
    "authorUid": "bd-1588710136",
    "authorUserName": "思桐111",
    "title": "",
    "description": "",
    "latestVersion": 2,
    "alwaysLatest": 1,
    "createTime": "2017-12-07T14:40:43.000Z",
    "lastUpdateTime": "2017-12-07T14:40:43.000Z",
    "auth": 2,
    "uid": "bd-1588710136",
    "publishedVersion": 0,
    "forkFrom": "-",
    "isSpam": 0,
    "version": 2,
    "parentVersion": 1,
    "echartsVersion": "3.8.0",
    "versionCreateTime": "2017-12-08T03:41:13.000Z",
    "html": "",
    "externalScripts": "",
    "updaterUID": "bd-1588710136",
    "theme": "",
    "layout": "",
    "viewCount": 161,
    "userName": "思桐111",
    "commentCount": 0,
    "starCount": 0,
    "isStared": 0,
    "thumbnailURL": "https://www.makeapie.com/ecg-storage/ec_gallery_thumbnail/xBJNgQRUWG.png?v=1512704473462",
    "isCustomThumbnail": 0,
    "builtinTags": [
        "category-work"
    ],
    "customTags": [],
    "updaterUserName": "思桐111"
}