{
    "cid": "xBJNboALZG",
    "authorUid": "bd-1499053639",
    "authorUserName": "拉***2",
    "title": "网络拓扑信息",
    "description": "网络拓扑展示",
    "latestVersion": 2,
    "alwaysLatest": 1,
    "createTime": "2017-12-07T15:15:07.000Z",
    "lastUpdateTime": "2017-12-07T15:15:07.000Z",
    "auth": 2,
    "uid": "bd-1499053639",
    "publishedVersion": 0,
    "forkFrom": "-",
    "isSpam": 0,
    "version": 2,
    "parentVersion": 1,
    "echartsVersion": "3.8.0",
    "versionCreateTime": "2017-12-07T15:16:04.000Z",
    "html": "",
    "externalScripts": "",
    "updaterUID": "bd-1499053639",
    "theme": "",
    "layout": "",
    "viewCount": 4539,
    "userName": "拉***2",
    "commentCount": 1,
    "starCount": 18,
    "isStared": 0,
    "thumbnailURL": "https://www.makeapie.com/ecg-storage/ec_gallery_thumbnail/xBJNboALZG.png?v=1512659764551",
    "isCustomThumbnail": 0,
    "builtinTags": [
        "category-work",
        "series-graph",
        "title",
        "tooltip"
    ],
    "customTags": [],
    "updaterUserName": "拉***2"
}