{
    "cid": "xBkosssw-z",
    "authorUid": "bd-1803895219",
    "authorUserName": "扛扛kk",
    "title": "微博讨论对象",
    "description": "",
    "latestVersion": 1,
    "alwaysLatest": 1,
    "createTime": "2017-12-08T06:05:22.000Z",
    "lastUpdateTime": "2017-12-08T06:05:22.000Z",
    "auth": 2,
    "uid": "bd-1803895219",
    "publishedVersion": 0,
    "forkFrom": "-",
    "isSpam": 0,
    "version": 1,
    "parentVersion": -1,
    "echartsVersion": "3.8.0",
    "versionCreateTime": "2017-12-08T06:05:22.000Z",
    "html": "",
    "externalScripts": "",
    "updaterUID": "bd-1803895219",
    "theme": "",
    "layout": "",
    "viewCount": 146,
    "userName": "扛扛kk",
    "commentCount": 0,
    "starCount": 0,
    "isStared": 0,
    "thumbnailURL": "https://www.makeapie.com/ecg-storage/ec_gallery_thumbnail/xBkosssw-z.png?v=1512713123036",
    "isCustomThumbnail": 0,
    "builtinTags": [
        "category-work",
        "legend",
        "series-pie",
        "title",
        "tooltip"
    ],
    "customTags": [],
    "updaterUserName": "扛扛kk"
}