{
    "cid": "xBy6WCtPbz",
    "authorUid": "bd-242845983",
    "authorUserName": "赤鸟语",
    "title": "",
    "description": "",
    "latestVersion": 2,
    "alwaysLatest": 1,
    "createTime": "2017-12-08T03:59:01.000Z",
    "lastUpdateTime": "2017-12-08T03:59:01.000Z",
    "auth": 2,
    "uid": "bd-242845983",
    "publishedVersion": 0,
    "forkFrom": "-",
    "isSpam": 0,
    "version": 2,
    "parentVersion": 1,
    "echartsVersion": "3.8.0",
    "versionCreateTime": "2017-12-15T02:43:28.000Z",
    "html": "",
    "externalScripts": "",
    "updaterUID": "bd-242845983",
    "theme": "",
    "layout": "",
    "viewCount": 254,
    "userName": "赤鸟语",
    "commentCount": 0,
    "starCount": 1,
    "isStared": 0,
    "thumbnailURL": "https://www.makeapie.com/ecg-storage/ec_gallery_thumbnail/xBy6WCtPbz.png?v=1513305808218",
    "isCustomThumbnail": 0,
    "builtinTags": [
        "category-work",
        "dataZoom",
        "grid",
        "series-bar",
        "title"
    ],
    "customTags": [],
    "updaterUserName": "赤鸟语"
}