{
    "cid": "xHJh6NKwbM",
    "authorUid": "bd-1588710136",
    "authorUserName": "思桐111",
    "title": "榆林产妇事件",
    "description": "责任平均",
    "latestVersion": 1,
    "alwaysLatest": 1,
    "createTime": "2017-12-08T03:19:32.000Z",
    "lastUpdateTime": "2017-12-08T03:19:32.000Z",
    "auth": 2,
    "uid": "bd-1588710136",
    "publishedVersion": 0,
    "forkFrom": "-",
    "isSpam": 0,
    "version": 1,
    "parentVersion": -1,
    "echartsVersion": "3.8.0",
    "versionCreateTime": "2017-12-08T03:19:32.000Z",
    "html": "",
    "externalScripts": "",
    "updaterUID": "bd-1588710136",
    "theme": "",
    "layout": "",
    "viewCount": 56,
    "userName": "思桐111",
    "commentCount": 0,
    "starCount": 0,
    "isStared": 0,
    "thumbnailURL": "https://www.makeapie.com/ecg-storage/ec_gallery_thumbnail/xHJh6NKwbM.png?v=1512703172220",
    "isCustomThumbnail": 0,
    "builtinTags": [
        "category-work",
        "legend",
        "series-pie",
        "title",
        "tooltip"
    ],
    "customTags": [],
    "updaterUserName": "思桐111"
}