{
    "cid": "xHJh_9iDbM",
    "authorUid": "bd-1803895219",
    "authorUserName": "扛扛kk",
    "title": "不同渠道的讨论主题分析",
    "description": "",
    "latestVersion": 1,
    "alwaysLatest": 1,
    "createTime": "2017-12-08T06:00:19.000Z",
    "lastUpdateTime": "2017-12-08T06:00:19.000Z",
    "auth": 2,
    "uid": "bd-1803895219",
    "publishedVersion": 0,
    "forkFrom": "-",
    "isSpam": 0,
    "version": 1,
    "parentVersion": -1,
    "echartsVersion": "3.8.0",
    "versionCreateTime": "2017-12-08T06:00:19.000Z",
    "html": "",
    "externalScripts": "",
    "updaterUID": "bd-1803895219",
    "theme": "",
    "layout": "",
    "viewCount": 113,
    "userName": "扛扛kk",
    "commentCount": 0,
    "starCount": 0,
    "isStared": 0,
    "thumbnailURL": "https://www.makeapie.com/ecg-storage/ec_gallery_thumbnail/xHJh_9iDbM.png?v=1512712819788",
    "isCustomThumbnail": 0,
    "builtinTags": [
        "category-work",
        "grid",
        "legend",
        "series-bar",
        "tooltip"
    ],
    "customTags": [],
    "updaterUserName": "扛扛kk"
}