{
    "cid": "xHku8uivbz",
    "authorUid": "bd-607966589",
    "authorUserName": "281315514lwy",
    "title": "",
    "description": "",
    "latestVersion": 5,
    "alwaysLatest": 1,
    "createTime": "2017-12-08T05:51:11.000Z",
    "lastUpdateTime": "2017-12-08T05:51:11.000Z",
    "auth": 2,
    "uid": "bd-607966589",
    "publishedVersion": 0,
    "forkFrom": "-",
    "isSpam": 0,
    "version": 5,
    "parentVersion": 4,
    "echartsVersion": "3.8.0",
    "versionCreateTime": "2017-12-15T05:34:42.000Z",
    "html": "",
    "externalScripts": "",
    "updaterUID": "bd-607966589",
    "theme": "dark",
    "layout": "",
    "viewCount": 55,
    "userName": "281315514lwy",
    "commentCount": 0,
    "starCount": 0,
    "isStared": 0,
    "thumbnailURL": "https://www.makeapie.com/ecg-storage/ec_gallery_thumbnail/xHku8uivbz.png?v=1513316082374",
    "isCustomThumbnail": 0,
    "builtinTags": [
        "category-work",
        "legend",
        "series-pie",
        "title",
        "tooltip"
    ],
    "customTags": [],
    "updaterUserName": "281315514lwy"
}