{
    "cid": "xr18R-iwWM",
    "authorUid": "bd-1536945990",
    "authorUserName": "栗子与花生",
    "title": "五大网站评价",
    "description": "纯属虚构",
    "latestVersion": 2,
    "alwaysLatest": 1,
    "createTime": "2017-12-08T05:23:25.000Z",
    "lastUpdateTime": "2017-12-08T05:26:47.000Z",
    "auth": 2,
    "uid": "bd-1536945990",
    "publishedVersion": 0,
    "forkFrom": "-",
    "isSpam": 0,
    "version": 2,
    "parentVersion": 1,
    "echartsVersion": "3.8.0",
    "versionCreateTime": "2017-12-08T05:26:52.000Z",
    "html": "",
    "externalScripts": "",
    "updaterUID": "bd-1536945990",
    "theme": "dark",
    "layout": "",
    "viewCount": 36,
    "userName": "栗子与花生",
    "commentCount": 0,
    "starCount": 0,
    "isStared": 0,
    "thumbnailURL": "https://www.makeapie.com/ecg-storage/ec_gallery_thumbnail/xr18R-iwWM.png?v=1512710812977",
    "isCustomThumbnail": 0,
    "builtinTags": [
        "category-work",
        "legend",
        "series-pie",
        "title",
        "tooltip"
    ],
    "customTags": [],
    "updaterUserName": "栗子与花生"
}