{
    "cid": "xS1ncHsPWG",
    "authorUid": "bd-607966589",
    "authorUserName": "281315514lwy",
    "title": "评论数据来源",
    "description": "",
    "latestVersion": 1,
    "alwaysLatest": 1,
    "createTime": "2017-12-08T05:39:31.000Z",
    "lastUpdateTime": "2017-12-08T05:39:31.000Z",
    "auth": 2,
    "uid": "bd-607966589",
    "publishedVersion": 0,
    "forkFrom": "-",
    "isSpam": 0,
    "version": 1,
    "parentVersion": -1,
    "echartsVersion": "3.8.0",
    "versionCreateTime": "2017-12-08T05:39:31.000Z",
    "html": "",
    "externalScripts": "",
    "updaterUID": "bd-607966589",
    "theme": "default",
    "layout": "",
    "viewCount": 15,
    "userName": "281315514lwy",
    "commentCount": 0,
    "starCount": 0,
    "isStared": 0,
    "thumbnailURL": "https://www.makeapie.com/ecg-storage/ec_gallery_thumbnail/xS1ncHsPWG.png?v=1512711571838",
    "isCustomThumbnail": 0,
    "builtinTags": [
        "category-work",
        "legend",
        "series-pie",
        "title",
        "tooltip"
    ],
    "customTags": [],
    "updaterUserName": "281315514lwy"
}