{
    "cid": "xS1naPtP-M",
    "authorUid": "bd-1820530766",
    "authorUserName": "森吉多扎",
    "title": "医院家属情感倾向比例数量图",
    "description": "",
    "latestVersion": 1,
    "alwaysLatest": 1,
    "createTime": "2017-12-08T03:32:19.000Z",
    "lastUpdateTime": "2017-12-08T03:32:19.000Z",
    "auth": 2,
    "uid": "bd-1820530766",
    "publishedVersion": 0,
    "forkFrom": "-",
    "isSpam": 0,
    "version": 1,
    "parentVersion": -1,
    "echartsVersion": "3.8.0",
    "versionCreateTime": "2017-12-08T03:32:19.000Z",
    "html": "",
    "externalScripts": "",
    "updaterUID": "bd-1820530766",
    "theme": "",
    "layout": "",
    "viewCount": 77,
    "userName": "森吉多扎",
    "commentCount": 0,
    "starCount": 0,
    "isStared": 0,
    "thumbnailURL": "https://www.makeapie.com/ecg-storage/ec_gallery_thumbnail/xS1naPtP-M.png?v=1512703939838",
    "isCustomThumbnail": 0,
    "builtinTags": [
        "category-work",
        "grid",
        "legend",
        "series-bar",
        "series-line",
        "toolbox",
        "tooltip"
    ],
    "customTags": [],
    "updaterUserName": "森吉多扎"
}