{
    "cid": "x-CHiZYA8n",
    "authorUid": "bd-1991272748",
    "authorUserName": "圪***哔",
    "title": "柱状图",
    "description": "不同柱子颜色  渐变  进度条形式",
    "latestVersion": 2,
    "alwaysLatest": 1,
    "createTime": "2020-05-25T05:14:44.000Z",
    "lastUpdateTime": "2020-05-25T05:14:44.000Z",
    "auth": 1,
    "uid": "bd-1991272748",
    "publishedVersion": 0,
    "forkFrom": "-",
    "isSpam": 0,
    "version": 2,
    "parentVersion": 1,
    "echartsVersion": "4.7.0",
    "versionCreateTime": "2020-05-25T05:15:18.000Z",
    "html": "",
    "externalScripts": "",
    "updaterUID": "bd-1991272748",
    "theme": "",
    "layout": "",
    "viewCount": 180,
    "userName": "圪***哔",
    "commentCount": 0,
    "starCount": 0,
    "isStared": 0,
    "thumbnailURL": "https://www.makeapie.com/ecg-storage/ec_gallery_thumbnail/x-CHiZYA8n.png?v=1590383718669",
    "isCustomThumbnail": 0,
    "builtinTags": [
        "category-work",
        "grid",
        "series-bar"
    ],
    "customTags": [],
    "updaterUserName": "圪***哔"
}