{
    "cid": "x5X_6i77Dh",
    "authorUid": "bd-773815788",
    "authorUserName": "不***ゞ",
    "title": "横向柱图",
    "description": "",
    "latestVersion": 1,
    "alwaysLatest": 1,
    "createTime": "2020-05-25T07:47:46.000Z",
    "lastUpdateTime": "2020-05-25T07:47:46.000Z",
    "auth": 2,
    "uid": "bd-773815788",
    "publishedVersion": 0,
    "forkFrom": "-",
    "isSpam": 0,
    "version": 1,
    "parentVersion": -1,
    "echartsVersion": "4.7.0",
    "versionCreateTime": "2020-05-25T07:47:46.000Z",
    "html": "",
    "externalScripts": "",
    "updaterUID": "bd-773815788",
    "theme": "",
    "layout": "",
    "viewCount": 31,
    "userName": "不***ゞ",
    "commentCount": 0,
    "starCount": 0,
    "isStared": 0,
    "thumbnailURL": "https://www.makeapie.com/ecg-storage/ec_gallery_thumbnail/x5X_6i77Dh.png?v=1590392866411",
    "isCustomThumbnail": 0,
    "builtinTags": [
        "category-work",
        "grid",
        "legend",
        "series-pictorialBar",
        "tooltip"
    ],
    "customTags": [],
    "updaterUserName": "不***ゞ"
}