{
    "cid": "x8BYubvIyy",
    "authorUid": "obd-oCvchGapFZRJsAV1ASDgSrYx2Aqx13P",
    "authorUserName": "勤***王",
    "title": "各科考点覆盖率",
    "description": "",
    "latestVersion": 2,
    "alwaysLatest": 1,
    "createTime": "2020-05-25T09:43:52.000Z",
    "lastUpdateTime": "2020-05-25T09:43:52.000Z",
    "auth": 2,
    "uid": "obd-oCvchGapFZRJsAV1ASDgSrYx2Aqx13P",
    "publishedVersion": 0,
    "forkFrom": "-",
    "isSpam": 0,
    "version": 2,
    "parentVersion": 1,
    "echartsVersion": "4.7.0",
    "versionCreateTime": "2020-05-25T09:45:57.000Z",
    "html": "",
    "externalScripts": "",
    "updaterUID": "obd-oCvchGapFZRJsAV1ASDgSrYx2Aqx13P",
    "theme": "",
    "layout": "",
    "viewCount": 29,
    "userName": "勤***王",
    "commentCount": 0,
    "starCount": 0,
    "isStared": 0,
    "thumbnailURL": "https://www.makeapie.com/ecg-storage/ec_gallery_thumbnail/x8BYubvIyy.png?v=1590399957575",
    "isCustomThumbnail": 0,
    "builtinTags": [
        "category-work",
        "legend",
        "series-pie",
        "tooltip"
    ],
    "customTags": [],
    "updaterUserName": "勤***王"
}