{
    "cid": "xj2YKDHUYk",
    "authorUid": "bd-2773585429",
    "authorUserName": "百度用户#0045103430",
    "title": "",
    "description": "",
    "latestVersion": 1,
    "alwaysLatest": 1,
    "createTime": "2020-05-22T09:28:01.000Z",
    "lastUpdateTime": "2020-05-22T09:28:01.000Z",
    "auth": 2,
    "uid": "bd-2773585429",
    "publishedVersion": 0,
    "forkFrom": "-",
    "isSpam": 0,
    "version": 1,
    "parentVersion": -1,
    "echartsVersion": "4.7.0",
    "versionCreateTime": "2020-05-22T09:28:01.000Z",
    "html": "",
    "externalScripts": "",
    "updaterUID": "bd-2773585429",
    "theme": "",
    "layout": "",
    "viewCount": 80,
    "userName": "百度用户#0045103430",
    "commentCount": 0,
    "starCount": 0,
    "isStared": 0,
    "thumbnailURL": "https://www.makeapie.com/ecg-storage/ec_gallery_thumbnail/xj2YKDHUYk.png?v=1590139681701",
    "isCustomThumbnail": 0,
    "builtinTags": [
        "category-work",
        "grid",
        "legend",
        "series-bar",
        "tooltip"
    ],
    "customTags": [],
    "updaterUserName": "百度用户#0045103430"
}