{
    "cid": "xJuGbAz9dQ",
    "authorUid": "obd-o0aOu58L8uz43Y7CugDLZH8YDQKl9Fl",
    "authorUserName": "小***4",
    "title": "中药图谱",
    "description": "分类",
    "latestVersion": 2,
    "alwaysLatest": 1,
    "createTime": "2020-05-24T00:40:31.000Z",
    "lastUpdateTime": "2020-05-24T00:40:31.000Z",
    "auth": 2,
    "uid": "obd-o0aOu58L8uz43Y7CugDLZH8YDQKl9Fl",
    "publishedVersion": 0,
    "forkFrom": "-",
    "isSpam": 0,
    "version": 2,
    "parentVersion": 1,
    "echartsVersion": "4.7.0",
    "versionCreateTime": "2020-05-24T01:14:04.000Z",
    "html": "",
    "externalScripts": "",
    "updaterUID": "obd-o0aOu58L8uz43Y7CugDLZH8YDQKl9Fl",
    "theme": "",
    "layout": "",
    "viewCount": 132,
    "userName": "小***4",
    "commentCount": 0,
    "starCount": 2,
    "isStared": 0,
    "thumbnailURL": "https://www.makeapie.com/ecg-storage/ec_gallery_thumbnail/xJuGbAz9dQ.png?v=1590282845124",
    "isCustomThumbnail": 0,
    "builtinTags": [
        "category-work",
        "series-sunburst"
    ],
    "customTags": [],
    "updaterUserName": "小***4"
}