{
    "cid": "xvOy9beSiV",
    "authorUid": "bd-1551571642",
    "authorUserName": "笑***_",
    "title": "百分比立体柱状图",
    "description": "百分比圆柱图，显示各值在总值中的占比",
    "latestVersion": 2,
    "alwaysLatest": 1,
    "createTime": "2020-05-25T12:17:10.000Z",
    "lastUpdateTime": "2020-05-25T12:17:10.000Z",
    "auth": 2,
    "uid": "bd-1551571642",
    "publishedVersion": 0,
    "forkFrom": "-",
    "isSpam": 0,
    "version": 2,
    "parentVersion": 1,
    "echartsVersion": "4.7.0",
    "versionCreateTime": "2020-05-25T12:19:35.000Z",
    "html": "",
    "externalScripts": "",
    "updaterUID": "bd-1551571642",
    "theme": "",
    "layout": "",
    "viewCount": 310,
    "userName": "笑***_",
    "commentCount": 0,
    "starCount": 1,
    "isStared": 0,
    "thumbnailURL": "https://www.makeapie.com/ecg-storage/ec_gallery_thumbnail/xvOy9beSiV.png?v=1590409175956",
    "isCustomThumbnail": 0,
    "builtinTags": [
        "category-work",
        "grid",
        "series-bar",
        "series-pictorialBar",
        "tooltip"
    ],
    "customTags": [],
    "updaterUserName": "笑***_"
}