{
    "cid": "x0aGPvBRM",
    "authorUid": "bd-1711687770",
    "authorUserName": "依***缘",
    "title": "gzip vs br",
    "description": "",
    "latestVersion": 12,
    "alwaysLatest": 1,
    "createTime": "2020-03-15T15:28:49.000Z",
    "lastUpdateTime": "2020-03-15T15:28:49.000Z",
    "auth": 2,
    "uid": "bd-1711687770",
    "publishedVersion": 0,
    "forkFrom": "-",
    "isSpam": 0,
    "version": 12,
    "parentVersion": 11,
    "echartsVersion": "4.4.0",
    "versionCreateTime": "2020-03-16T02:14:32.000Z",
    "html": "",
    "externalScripts": "",
    "updaterUID": "bd-1711687770",
    "theme": "",
    "layout": "",
    "viewCount": 106,
    "userName": "依***缘",
    "commentCount": 0,
    "starCount": 0,
    "isStared": 0,
    "thumbnailURL": "https://www.makeapie.com/ecg-storage/ec_gallery_thumbnail/x0aGPvBRM.png?v=1584324872393",
    "isCustomThumbnail": 0,
    "builtinTags": [
        "category-work",
        "grid",
        "legend",
        "series-bar",
        "series-line",
        "title"
    ],
    "customTags": [],
    "updaterUserName": "依***缘"
}