{
    "cid": "x0lbl1clw",
    "authorUid": "bd-3797390536",
    "authorUserName": "咕***9",
    "title": "总项目分类（新分类体系）",
    "description": "",
    "latestVersion": 3,
    "alwaysLatest": 1,
    "createTime": "2020-03-12T11:49:09.000Z",
    "lastUpdateTime": "2020-03-12T11:49:09.000Z",
    "auth": 2,
    "uid": "bd-3797390536",
    "publishedVersion": 0,
    "forkFrom": "-",
    "isSpam": 0,
    "version": 3,
    "parentVersion": 2,
    "echartsVersion": "4.4.0",
    "versionCreateTime": "2020-03-12T11:55:59.000Z",
    "html": "",
    "externalScripts": "",
    "updaterUID": "bd-3797390536",
    "theme": "",
    "layout": "",
    "viewCount": 404,
    "userName": "咕***9",
    "commentCount": 0,
    "starCount": 2,
    "isStared": 0,
    "thumbnailURL": "https://www.makeapie.com/ecg-storage/ec_gallery_thumbnail/x0lbl1clw.png?v=1584014159693",
    "isCustomThumbnail": 0,
    "builtinTags": [
        "category-work",
        "legend",
        "series-pie",
        "tooltip"
    ],
    "customTags": [],
    "updaterUserName": "咕***9"
}