{
    "cid": "x2cWL6A-2",
    "authorUid": "bd-3523514114",
    "authorUserName": "l***r",
    "title": "多层仪表盘",
    "description": "实现多层显示，颜色分段",
    "latestVersion": 1,
    "alwaysLatest": 1,
    "createTime": "2020-03-16T01:34:52.000Z",
    "lastUpdateTime": "2020-03-16T01:34:52.000Z",
    "auth": 2,
    "uid": "bd-3523514114",
    "publishedVersion": 0,
    "forkFrom": "-",
    "isSpam": 0,
    "version": 1,
    "parentVersion": -1,
    "echartsVersion": "4.4.0",
    "versionCreateTime": "2020-03-16T01:34:52.000Z",
    "html": "",
    "externalScripts": "",
    "updaterUID": "bd-3523514114",
    "theme": "",
    "layout": "",
    "viewCount": 413,
    "userName": "l***r",
    "commentCount": 0,
    "starCount": 2,
    "isStared": 0,
    "thumbnailURL": "https://www.makeapie.com/ecg-storage/ec_gallery_thumbnail/x2cWL6A-2.png?v=1584322492170",
    "isCustomThumbnail": 0,
    "builtinTags": [
        "category-work",
        "series-gauge"
    ],
    "customTags": [],
    "updaterUserName": "l***r"
}