{
    "cid": "x5hla1hcT",
    "authorUid": "bd-3797390536",
    "authorUserName": "咕***9",
    "title": "合作客户行业分布（本）",
    "description": "",
    "latestVersion": 1,
    "alwaysLatest": 1,
    "createTime": "2020-03-13T06:00:04.000Z",
    "lastUpdateTime": "2020-03-13T06:00:04.000Z",
    "auth": 1,
    "uid": "bd-3797390536",
    "publishedVersion": 0,
    "forkFrom": "-",
    "isSpam": 0,
    "version": 1,
    "parentVersion": -1,
    "echartsVersion": "4.4.0",
    "versionCreateTime": "2020-03-13T06:00:04.000Z",
    "html": "",
    "externalScripts": "",
    "updaterUID": "bd-3797390536",
    "theme": "",
    "layout": "",
    "viewCount": 275,
    "userName": "咕***9",
    "commentCount": 0,
    "starCount": 2,
    "isStared": 0,
    "thumbnailURL": "https://www.makeapie.com/ecg-storage/ec_gallery_thumbnail/x5hla1hcT.png?v=1584079204513",
    "isCustomThumbnail": 0,
    "builtinTags": [
        "category-work",
        "legend",
        "series-pie",
        "tooltip"
    ],
    "customTags": [],
    "updaterUserName": "咕***9"
}