{
    "cid": "xBhB0IO5g",
    "authorUid": "bd-2949397875",
    "authorUserName": "哈***了",
    "title": "仪表盘-渐变色",
    "description": "",
    "latestVersion": 1,
    "alwaysLatest": 1,
    "createTime": "2020-03-13T01:44:51.000Z",
    "lastUpdateTime": "2020-03-13T01:44:51.000Z",
    "auth": 2,
    "uid": "bd-2949397875",
    "publishedVersion": 0,
    "forkFrom": "-",
    "isSpam": 0,
    "version": 1,
    "parentVersion": -1,
    "echartsVersion": "4.4.0",
    "versionCreateTime": "2020-03-13T01:44:51.000Z",
    "html": "",
    "externalScripts": "",
    "updaterUID": "bd-2949397875",
    "theme": "",
    "layout": "",
    "viewCount": 1485,
    "userName": "哈***了",
    "commentCount": 0,
    "starCount": 7,
    "isStared": 0,
    "thumbnailURL": "https://www.makeapie.com/ecg-storage/ec_gallery_thumbnail/xBhB0IO5g.png?v=1584063891583",
    "isCustomThumbnail": 0,
    "builtinTags": [
        "category-work",
        "series-gauge",
        "series-pie"
    ],
    "customTags": [],
    "updaterUserName": "哈***了"
}