{
    "cid": "xehrTYHS3",
    "authorUid": "bd-623649287",
    "authorUserName": "l***c",
    "title": "te",
    "description": "",
    "latestVersion": 1,
    "alwaysLatest": 1,
    "createTime": "2020-03-16T04:25:08.000Z",
    "lastUpdateTime": "2020-03-16T04:25:08.000Z",
    "auth": 2,
    "uid": "bd-623649287",
    "publishedVersion": 0,
    "forkFrom": "-",
    "isSpam": 0,
    "version": 1,
    "parentVersion": -1,
    "echartsVersion": "4.4.0",
    "versionCreateTime": "2020-03-16T04:25:08.000Z",
    "html": "",
    "externalScripts": "",
    "updaterUID": "bd-623649287",
    "theme": "",
    "layout": "",
    "viewCount": 514,
    "userName": "l***c",
    "commentCount": 0,
    "starCount": 3,
    "isStared": 0,
    "thumbnailURL": "https://www.makeapie.com/ecg-storage/ec_gallery_thumbnail/xehrTYHS3.png?v=1584332708850",
    "isCustomThumbnail": 0,
    "builtinTags": [
        "category-work",
        "dataZoom",
        "grid",
        "markArea",
        "markPoint",
        "series-line",
        "tooltip"
    ],
    "customTags": [],
    "updaterUserName": "l***c"
}