{
    "cid": "xhqC1g1j5",
    "authorUid": "bd-1363539791",
    "authorUserName": "高***爷",
    "title": "24小时用电量分析",
    "description": "24小时用电量分析",
    "latestVersion": 1,
    "alwaysLatest": 1,
    "createTime": "2020-03-14T07:13:44.000Z",
    "lastUpdateTime": "2020-03-14T07:13:44.000Z",
    "auth": 2,
    "uid": "bd-1363539791",
    "publishedVersion": 0,
    "forkFrom": "-",
    "isSpam": 0,
    "version": 1,
    "parentVersion": -1,
    "echartsVersion": "4.4.0",
    "versionCreateTime": "2020-03-14T07:13:44.000Z",
    "html": "",
    "externalScripts": "",
    "updaterUID": "bd-1363539791",
    "theme": "",
    "layout": "",
    "viewCount": 1475,
    "userName": "高***爷",
    "commentCount": 0,
    "starCount": 9,
    "isStared": 0,
    "thumbnailURL": "https://www.makeapie.com/ecg-storage/ec_gallery_thumbnail/xhqC1g1j5.png?v=1584170024401",
    "isCustomThumbnail": 0,
    "builtinTags": [
        "category-work",
        "series-pie",
        "title"
    ],
    "customTags": [],
    "updaterUserName": "高***爷"
}