{
    "cid": "xhtsuvnvZ",
    "authorUid": "bd-1363539791",
    "authorUserName": "高***爷",
    "title": "最全样式调整",
    "description": "涉及到所有的样式",
    "latestVersion": 2,
    "alwaysLatest": 1,
    "createTime": "2020-03-16T10:04:08.000Z",
    "lastUpdateTime": "2020-03-16T10:04:08.000Z",
    "auth": 2,
    "uid": "bd-1363539791",
    "publishedVersion": 0,
    "forkFrom": "-",
    "isSpam": 0,
    "version": 2,
    "parentVersion": 1,
    "echartsVersion": "4.4.0",
    "versionCreateTime": "2020-03-16T10:06:46.000Z",
    "html": "",
    "externalScripts": "",
    "updaterUID": "bd-1363539791",
    "theme": "",
    "layout": "",
    "viewCount": 41,
    "userName": "高***爷",
    "commentCount": 0,
    "starCount": 0,
    "isStared": 0,
    "thumbnailURL": "https://www.makeapie.com/ecg-storage/ec_gallery_thumbnail/xhtsuvnvZ.png?v=1584353206912",
    "isCustomThumbnail": 0,
    "builtinTags": [
        "category-work",
        "grid",
        "legend",
        "series-line",
        "title",
        "toolbox",
        "tooltip"
    ],
    "customTags": [],
    "updaterUserName": "高***爷"
}