{
    "cid": "xoCOT_IHN",
    "authorUid": "bd-2891249456",
    "authorUserName": "曦***儿",
    "title": "简单柱状图",
    "description": "",
    "latestVersion": 2,
    "alwaysLatest": 1,
    "createTime": "2020-03-16T10:21:33.000Z",
    "lastUpdateTime": "2020-03-16T10:21:33.000Z",
    "auth": 1,
    "uid": "bd-2891249456",
    "publishedVersion": 0,
    "forkFrom": "-",
    "isSpam": 0,
    "version": 2,
    "parentVersion": 1,
    "echartsVersion": "4.7.0",
    "versionCreateTime": "2020-04-24T02:57:01.000Z",
    "html": "",
    "externalScripts": "",
    "updaterUID": "bd-2891249456",
    "theme": "",
    "layout": "",
    "viewCount": 159,
    "userName": "曦***儿",
    "commentCount": 0,
    "starCount": 0,
    "isStared": 0,
    "thumbnailURL": "https://www.makeapie.com/ecg-storage/ec_gallery_thumbnail/xoCOT_IHN.png?v=1587697021536",
    "isCustomThumbnail": 0,
    "builtinTags": [
        "category-work",
        "grid",
        "markLine",
        "series-bar",
        "tooltip"
    ],
    "customTags": [],
    "updaterUserName": "曦***儿"
}