{
    "cid": "xoMEqlyWJ",
    "authorUid": "bd-769088646",
    "authorUserName": "小***个",
    "title": "仪表盘",
    "description": "",
    "latestVersion": 5,
    "alwaysLatest": 1,
    "createTime": "2020-03-14T08:00:33.000Z",
    "lastUpdateTime": "2020-03-14T08:00:33.000Z",
    "auth": 2,
    "uid": "bd-769088646",
    "publishedVersion": 0,
    "forkFrom": "-",
    "isSpam": 0,
    "version": 5,
    "parentVersion": 4,
    "echartsVersion": "4.4.0",
    "versionCreateTime": "2020-03-14T15:56:59.000Z",
    "html": "",
    "externalScripts": "",
    "updaterUID": "bd-769088646",
    "theme": "",
    "layout": "",
    "viewCount": 441,
    "userName": "小***个",
    "commentCount": 0,
    "starCount": 2,
    "isStared": 0,
    "thumbnailURL": "https://www.makeapie.com/ecg-storage/ec_gallery_thumbnail/xoMEqlyWJ.png?v=1584201419817",
    "isCustomThumbnail": 0,
    "builtinTags": [
        "category-work",
        "series-gauge",
        "series-pie",
        "toolbox",
        "tooltip"
    ],
    "customTags": [
        "仪表盘",
        "扇形",
        "速度"
    ],
    "updaterUserName": "小***个"
}