{
    "cid": "xPzL0lBC-",
    "authorUid": "bd-4145772538",
    "authorUserName": "X***s",
    "title": "学校应用效果分析",
    "description": "学校应用效果分析",
    "latestVersion": 5,
    "alwaysLatest": 1,
    "createTime": "2020-03-16T05:37:25.000Z",
    "lastUpdateTime": "2020-03-16T05:37:25.000Z",
    "auth": 2,
    "uid": "bd-4145772538",
    "publishedVersion": 0,
    "forkFrom": "-",
    "isSpam": 0,
    "version": 5,
    "parentVersion": 4,
    "echartsVersion": "4.4.0",
    "versionCreateTime": "2020-03-17T06:21:25.000Z",
    "html": "",
    "externalScripts": "",
    "updaterUID": "bd-4145772538",
    "theme": "",
    "layout": "",
    "viewCount": 381,
    "userName": "X***s",
    "commentCount": 0,
    "starCount": 1,
    "isStared": 0,
    "thumbnailURL": "https://www.makeapie.com/ecg-storage/ec_gallery_thumbnail/xPzL0lBC-.png?v=1584426085313",
    "isCustomThumbnail": 0,
    "builtinTags": [
        "category-work",
        "dataZoom",
        "grid",
        "legend",
        "series-bar",
        "timeline",
        "title",
        "tooltip"
    ],
    "customTags": [],
    "updaterUserName": "X***s"
}