{
    "cid": "xq1r0W9Yn",
    "authorUid": "bd-3577009453",
    "authorUserName": "贫***撸",
    "title": "简约饼图",
    "description": "",
    "latestVersion": 3,
    "alwaysLatest": 1,
    "createTime": "2020-03-13T02:16:50.000Z",
    "lastUpdateTime": "2020-03-13T02:16:50.000Z",
    "auth": 2,
    "uid": "bd-3577009453",
    "publishedVersion": 0,
    "forkFrom": "-",
    "isSpam": 0,
    "version": 3,
    "parentVersion": 2,
    "echartsVersion": "4.7.0",
    "versionCreateTime": "2020-03-24T10:38:16.000Z",
    "html": "",
    "externalScripts": "",
    "updaterUID": "bd-3577009453",
    "theme": "",
    "layout": "",
    "viewCount": 235,
    "userName": "贫***撸",
    "commentCount": 0,
    "starCount": 1,
    "isStared": 0,
    "thumbnailURL": "https://www.makeapie.com/ecg-storage/ec_gallery_thumbnail/xq1r0W9Yn.png?v=1585046296641",
    "isCustomThumbnail": 0,
    "builtinTags": [
        "category-work",
        "series-pie",
        "title"
    ],
    "customTags": [],
    "updaterUserName": "贫***撸"
}