{
    "cid": "xSk2S03LU",
    "authorUid": "bd-7382906384",
    "authorUserName": "满***6",
    "title": "柱状图+双y轴",
    "description": "",
    "latestVersion": 1,
    "alwaysLatest": 1,
    "createTime": "2020-03-13T02:57:59.000Z",
    "lastUpdateTime": "2020-03-13T02:57:59.000Z",
    "auth": 2,
    "uid": "bd-7382906384",
    "publishedVersion": 0,
    "forkFrom": "-",
    "isSpam": 0,
    "version": 1,
    "parentVersion": -1,
    "echartsVersion": "4.4.0",
    "versionCreateTime": "2020-03-13T02:57:59.000Z",
    "html": "",
    "externalScripts": "",
    "updaterUID": "bd-7382906384",
    "theme": "",
    "layout": "",
    "viewCount": 54,
    "userName": "满***6",
    "commentCount": 0,
    "starCount": 0,
    "isStared": 0,
    "thumbnailURL": "https://www.makeapie.com/ecg-storage/ec_gallery_thumbnail/xSk2S03LU.png?v=1584068279447",
    "isCustomThumbnail": 0,
    "builtinTags": [
        "category-work",
        "grid",
        "legend",
        "series-bar",
        "tooltip"
    ],
    "customTags": [],
    "updaterUserName": "满***6"
}