{
    "cid": "xSsu1wuf2",
    "authorUid": "bd-4129629956",
    "authorUserName": "a***3",
    "title": "line",
    "description": "",
    "latestVersion": 4,
    "alwaysLatest": 1,
    "createTime": "2020-03-13T02:15:11.000Z",
    "lastUpdateTime": "2020-03-13T02:15:11.000Z",
    "auth": 2,
    "uid": "bd-4129629956",
    "publishedVersion": 0,
    "forkFrom": "-",
    "isSpam": 0,
    "version": 4,
    "parentVersion": 3,
    "echartsVersion": "4.4.0",
    "versionCreateTime": "2020-03-19T08:02:13.000Z",
    "html": "",
    "externalScripts": "",
    "updaterUID": "bd-4129629956",
    "theme": "",
    "layout": "",
    "viewCount": 19,
    "userName": "a***3",
    "commentCount": 0,
    "starCount": 1,
    "isStared": 0,
    "thumbnailURL": "https://www.makeapie.com/ecg-storage/ec_gallery_thumbnail/xSsu1wuf2.png?v=1584604933630",
    "isCustomThumbnail": 0,
    "builtinTags": [
        "category-work",
        "grid",
        "series-bar",
        "title",
        "toolbox"
    ],
    "customTags": [],
    "updaterUserName": "a***3"
}