{
    "cid": "xTt5rqcrp",
    "authorUid": "bd-623649287",
    "authorUserName": "l***c",
    "title": "气泡图",
    "description": "",
    "latestVersion": 4,
    "alwaysLatest": 1,
    "createTime": "2020-03-16T04:25:49.000Z",
    "lastUpdateTime": "2020-03-16T04:25:49.000Z",
    "auth": 1,
    "uid": "bd-623649287",
    "publishedVersion": 0,
    "forkFrom": "-",
    "isSpam": 0,
    "version": 4,
    "parentVersion": 3,
    "echartsVersion": "4.8.0",
    "versionCreateTime": "2020-07-11T10:30:47.000Z",
    "html": "",
    "externalScripts": "",
    "updaterUID": "obd-oDoaUBlVuT_DOt9KjIdY2A6X6dFtE17",
    "theme": "",
    "layout": "",
    "viewCount": 1563,
    "userName": "l***c",
    "commentCount": 0,
    "starCount": 7,
    "isStared": 0,
    "thumbnailURL": "https://www.makeapie.com/ecg-storage/ec_gallery_thumbnail/xTt5rqcrp.png?v=1594463447278",
    "isCustomThumbnail": 0,
    "builtinTags": [
        "category-work",
        "grid",
        "series-scatter"
    ],
    "customTags": [],
    "updaterUserName": "c***g"
}