{
    "cid": "xWAIOctwr",
    "authorUid": "bd-3594736627",
    "authorUserName": "q***r",
    "title": "关系图",
    "description": "关系图  多关系 可以拖动",
    "latestVersion": 2,
    "alwaysLatest": 1,
    "createTime": "2020-03-16T02:07:01.000Z",
    "lastUpdateTime": "2020-03-16T02:07:01.000Z",
    "auth": 2,
    "uid": "bd-3594736627",
    "publishedVersion": 0,
    "forkFrom": "-",
    "isSpam": 0,
    "version": 2,
    "parentVersion": 1,
    "echartsVersion": "4.4.0",
    "versionCreateTime": "2020-03-16T02:38:08.000Z",
    "html": "",
    "externalScripts": "",
    "updaterUID": "bd-3594736627",
    "theme": "",
    "layout": "",
    "viewCount": 77,
    "userName": "q***r",
    "commentCount": 0,
    "starCount": 0,
    "isStared": 0,
    "thumbnailURL": "https://www.makeapie.com/ecg-storage/ec_gallery_thumbnail/xWAIOctwr.png?v=1584326288719",
    "isCustomThumbnail": 0,
    "builtinTags": [
        "category-work",
        "grid",
        "series-custom",
        "title"
    ],
    "customTags": [],
    "updaterUserName": "q***r"
}