{
    "cid": "xBycRmnouz",
    "authorUid": "bd-2419985372",
    "authorUserName": "F***默",
    "title": "已使用",
    "description": "",
    "latestVersion": 2,
    "alwaysLatest": 1,
    "createTime": "2018-03-06T06:23:13.000Z",
    "lastUpdateTime": "2018-03-06T06:23:13.000Z",
    "auth": 2,
    "uid": "bd-2419985372",
    "publishedVersion": 0,
    "forkFrom": "-",
    "isSpam": 0,
    "version": 2,
    "parentVersion": 1,
    "echartsVersion": "4.0.4",
    "versionCreateTime": "2018-03-06T06:24:03.000Z",
    "html": "",
    "externalScripts": "",
    "updaterUID": "bd-2419985372",
    "theme": "",
    "layout": "",
    "viewCount": 416,
    "userName": "F***默",
    "commentCount": 0,
    "starCount": 2,
    "isStared": 0,
    "thumbnailURL": "https://www.makeapie.com/ecg-storage/ec_gallery_thumbnail/xBycRmnouz.png?v=1520317443602",
    "isCustomThumbnail": 0,
    "builtinTags": [
        "category-work",
        "legend",
        "series-pie",
        "title"
    ],
    "customTags": [],
    "updaterUserName": "F***默"
}