{
    "cid": "xHJRGXzpdz",
    "authorUid": "bd-2034378441",
    "authorUserName": "丶***光",
    "title": "面积图案例",
    "description": "",
    "latestVersion": 3,
    "alwaysLatest": 1,
    "createTime": "2018-03-07T07:21:57.000Z",
    "lastUpdateTime": "2018-03-07T07:21:57.000Z",
    "auth": 2,
    "uid": "bd-2034378441",
    "publishedVersion": 0,
    "forkFrom": "-",
    "isSpam": 0,
    "version": 3,
    "parentVersion": 2,
    "echartsVersion": "4.0.4",
    "versionCreateTime": "2018-03-09T07:32:30.000Z",
    "html": "",
    "externalScripts": "",
    "updaterUID": "bd-2034378441",
    "theme": "",
    "layout": "",
    "viewCount": 132,
    "userName": "丶***光",
    "commentCount": 0,
    "starCount": 3,
    "isStared": 0,
    "thumbnailURL": "https://www.makeapie.com/ecg-storage/ec_gallery_thumbnail/xHJRGXzpdz.png?v=1520580750879",
    "isCustomThumbnail": 0,
    "builtinTags": [
        "category-work",
        "dataZoom",
        "grid",
        "series-line",
        "tooltip"
    ],
    "customTags": [],
    "updaterUserName": "丶***光"
}