{
    "cid": "xr1xE30nuM",
    "authorUid": "bd-441871429",
    "authorUserName": "牧羊yun",
    "title": "即办件情况分析",
    "description": "审批事项即办数",
    "latestVersion": 4,
    "alwaysLatest": 1,
    "createTime": "2018-03-07T03:27:35.000Z",
    "lastUpdateTime": "2018-03-07T03:27:35.000Z",
    "auth": 2,
    "uid": "bd-441871429",
    "publishedVersion": 0,
    "forkFrom": "-",
    "isSpam": 0,
    "version": 4,
    "parentVersion": 3,
    "echartsVersion": "4.0.4",
    "versionCreateTime": "2018-03-08T13:10:34.000Z",
    "html": "",
    "externalScripts": "",
    "updaterUID": "bd-441871429",
    "theme": "",
    "layout": "",
    "viewCount": 89,
    "userName": "牧羊yun",
    "commentCount": 0,
    "starCount": 0,
    "isStared": 0,
    "thumbnailURL": "https://www.makeapie.com/ecg-storage/ec_gallery_thumbnail/xr1xE30nuM.png?v=1520514634382",
    "isCustomThumbnail": 0,
    "builtinTags": [
        "category-work",
        "grid",
        "legend",
        "series-line",
        "title",
        "tooltip"
    ],
    "customTags": [],
    "updaterUserName": "牧羊yun"
}