{
    "cid": "xrkjEnZa_G",
    "authorUid": "bd-3675227057",
    "authorUserName": "锥心刺骨w",
    "title": "",
    "description": "",
    "latestVersion": 1,
    "alwaysLatest": 1,
    "createTime": "2018-03-07T06:52:35.000Z",
    "lastUpdateTime": "2018-03-07T06:52:35.000Z",
    "auth": 2,
    "uid": "bd-3675227057",
    "publishedVersion": 0,
    "forkFrom": "-",
    "isSpam": 0,
    "version": 1,
    "parentVersion": -1,
    "echartsVersion": "4.0.4",
    "versionCreateTime": "2018-03-07T06:52:35.000Z",
    "html": "",
    "externalScripts": "",
    "updaterUID": "bd-3675227057",
    "theme": "",
    "layout": "",
    "viewCount": 148,
    "userName": "锥心刺骨w",
    "commentCount": 0,
    "starCount": 0,
    "isStared": 0,
    "thumbnailURL": "https://www.makeapie.com/ecg-storage/ec_gallery_thumbnail/xrkjEnZa_G.png?v=1520405555310",
    "isCustomThumbnail": 0,
    "builtinTags": [
        "category-work",
        "grid",
        "markPoint",
        "series-bar",
        "tooltip"
    ],
    "customTags": [],
    "updaterUserName": "锥心刺骨w"
}