{
    "cid": "xrkLz5C2Oz",
    "authorUid": "bd-621307360",
    "authorUserName": "☆神☆圣☆",
    "title": "base",
    "description": "",
    "latestVersion": 4,
    "alwaysLatest": 1,
    "createTime": "2018-03-07T03:18:37.000Z",
    "lastUpdateTime": "2018-03-07T03:18:37.000Z",
    "auth": 2,
    "uid": "bd-621307360",
    "publishedVersion": 0,
    "forkFrom": "-",
    "isSpam": 0,
    "version": 4,
    "parentVersion": 3,
    "echartsVersion": "4.0.4",
    "versionCreateTime": "2018-03-07T09:32:26.000Z",
    "html": "",
    "externalScripts": "",
    "updaterUID": "bd-621307360",
    "theme": "",
    "layout": "",
    "viewCount": 180,
    "userName": "☆神☆圣☆",
    "commentCount": 0,
    "starCount": 0,
    "isStared": 0,
    "thumbnailURL": "https://www.makeapie.com/ecg-storage/ec_gallery_thumbnail/xrkLz5C2Oz.png?v=1520415146347",
    "isCustomThumbnail": 0,
    "builtinTags": [
        "category-work",
        "dataZoom",
        "graphic",
        "grid",
        "legend",
        "series-bar",
        "series-line",
        "series-pie",
        "title",
        "tooltip"
    ],
    "customTags": [],
    "updaterUserName": "☆神☆圣☆"
}