{
    "cid": "xrkXRLYj_z",
    "authorUid": "bd-2870690863",
    "authorUserName": "蓝***3",
    "title": "等分进度展示",
    "description": "根据计算得出工作完成进展，或者同类情况的完成进度展示",
    "latestVersion": 13,
    "alwaysLatest": 1,
    "createTime": "2018-03-06T03:11:06.000Z",
    "lastUpdateTime": "2018-03-06T03:11:06.000Z",
    "auth": 1,
    "uid": "bd-2870690863",
    "publishedVersion": 0,
    "forkFrom": "-",
    "isSpam": 0,
    "version": 13,
    "parentVersion": 12,
    "echartsVersion": "4.2.1",
    "versionCreateTime": "2019-04-03T06:00:17.000Z",
    "html": "",
    "externalScripts": "",
    "updaterUID": "bd-3643624805",
    "theme": "",
    "layout": "",
    "viewCount": 457,
    "userName": "蓝***3",
    "commentCount": 0,
    "starCount": 6,
    "isStared": 0,
    "thumbnailURL": "https://www.makeapie.com/ecg-storage/ec_gallery_thumbnail/xrkXRLYj_z.png?v=1554271217688",
    "isCustomThumbnail": 0,
    "builtinTags": [
        "category-work",
        "legend",
        "series-pie"
    ],
    "customTags": [],
    "updaterUserName": "994j"
}