{
    "cid": "xry8uqQ5_G",
    "authorUid": "bd-460850157",
    "authorUserName": "S***七",
    "title": "柱形图固定区间",
    "description": "固定区间~",
    "latestVersion": 1,
    "alwaysLatest": 1,
    "createTime": "2018-03-05T02:24:46.000Z",
    "lastUpdateTime": "2018-03-05T02:24:46.000Z",
    "auth": 2,
    "uid": "bd-460850157",
    "publishedVersion": 0,
    "forkFrom": "-",
    "isSpam": 0,
    "version": 1,
    "parentVersion": -1,
    "echartsVersion": "4.0.4",
    "versionCreateTime": "2018-03-05T02:24:46.000Z",
    "html": "",
    "externalScripts": "",
    "updaterUID": "bd-460850157",
    "theme": "",
    "layout": "",
    "viewCount": 211,
    "userName": "S***七",
    "commentCount": 0,
    "starCount": 2,
    "isStared": 0,
    "thumbnailURL": "https://www.makeapie.com/ecg-storage/ec_gallery_thumbnail/xry8uqQ5_G.png?v=1520216686615",
    "isCustomThumbnail": 0,
    "builtinTags": [
        "category-work",
        "dataZoom",
        "grid",
        "legend",
        "series-bar",
        "series-line",
        "title",
        "toolbox",
        "tooltip"
    ],
    "customTags": [],
    "updaterUserName": "S***七"
}