{
    "cid": "xSJT5kkp_G",
    "authorUid": "bd-1679792466",
    "authorUserName": "沉沦在回忆中",
    "title": "审批事项办理类型趋势分析",
    "description": "新办",
    "latestVersion": 4,
    "alwaysLatest": 1,
    "createTime": "2018-03-07T03:42:13.000Z",
    "lastUpdateTime": "2018-03-07T03:42:13.000Z",
    "auth": 2,
    "uid": "bd-1679792466",
    "publishedVersion": 0,
    "forkFrom": "-",
    "isSpam": 0,
    "version": 4,
    "parentVersion": 3,
    "echartsVersion": "4.0.4",
    "versionCreateTime": "2018-03-07T13:06:38.000Z",
    "html": "",
    "externalScripts": "",
    "updaterUID": "bd-1679792466",
    "theme": "",
    "layout": "",
    "viewCount": 43,
    "userName": "沉沦在回忆中",
    "commentCount": 0,
    "starCount": 0,
    "isStared": 0,
    "thumbnailURL": "https://www.makeapie.com/ecg-storage/ec_gallery_thumbnail/xSJT5kkp_G.png?v=1520427998248",
    "isCustomThumbnail": 0,
    "builtinTags": [
        "category-work",
        "grid",
        "series-bar",
        "series-line",
        "title",
        "tooltip"
    ],
    "customTags": [],
    "updaterUserName": "沉沦在回忆中"
}