{
    "cid": "xSkHgcD9uM",
    "authorUid": "bd-3675227057",
    "authorUserName": "锥心刺骨w",
    "title": "男女总量对比",
    "description": " 蓝色是一个数据 紫色是一个数据  前两天在echarts里看到这个图 我就是加了一个总和 因为我的项目需要，   如果作者看到 需要下架 请通知我。",
    "latestVersion": 1,
    "alwaysLatest": 1,
    "createTime": "2018-03-05T06:55:40.000Z",
    "lastUpdateTime": "2018-03-05T06:55:40.000Z",
    "auth": 1,
    "uid": "bd-3675227057",
    "publishedVersion": 0,
    "forkFrom": "-",
    "isSpam": 0,
    "version": 1,
    "parentVersion": -1,
    "echartsVersion": "4.0.4",
    "versionCreateTime": "2018-03-05T06:55:40.000Z",
    "html": "",
    "externalScripts": "",
    "updaterUID": "bd-3675227057",
    "theme": "",
    "layout": "",
    "viewCount": 163,
    "userName": "锥心刺骨w",
    "commentCount": 0,
    "starCount": 0,
    "isStared": 0,
    "thumbnailURL": "https://www.makeapie.com/ecg-storage/ec_gallery_thumbnail/xSkHgcD9uM.png?v=1520232940900",
    "isCustomThumbnail": 0,
    "builtinTags": [
        "category-work",
        "grid",
        "legend",
        "series-bar",
        "series-line",
        "tooltip"
    ],
    "customTags": [],
    "updaterUserName": "锥心刺骨w"
}