{
    "cid": "x-z2Q8zDGd",
    "authorUid": "obd-o2KTMIAzIrbE9Y5qbVWyEPVwrp7dh6n",
    "authorUserName": "煜***计",
    "title": "临猗县",
    "description": "山西省运城市临猗县",
    "latestVersion": 3,
    "alwaysLatest": 0,
    "createTime": "2021-07-05T03:33:50.000Z",
    "lastUpdateTime": "2021-07-05T08:06:50.000Z",
    "auth": 2,
    "uid": "obd-o2KTMIAzIrbE9Y5qbVWyEPVwrp7dh6n",
    "publishedVersion": 0,
    "forkFrom": "-",
    "isSpam": 0,
    "version": 3,
    "parentVersion": 2,
    "echartsVersion": "5.1.2",
    "versionCreateTime": "2021-07-05T08:06:50.000Z",
    "html": "",
    "externalScripts": "",
    "updaterUID": "obd-o2KTMIAzIrbE9Y5qbVWyEPVwrp7dh6n",
    "theme": "",
    "layout": "",
    "viewCount": 0,
    "userName": "煜***计",
    "commentCount": 1,
    "starCount": 0,
    "isStared": 0,
    "thumbnailURL": "https://www.makeapie.com/ecg-storage/ec_gallery_thumbnail/x-z2Q8zDGd.png?v=1625472410512",
    "isCustomThumbnail": 0,
    "builtinTags": [
        "category-work",
        "geo",
        "series-map",
        "series-scatter",
        "visualMap"
    ],
    "customTags": [
        "临猗县"
    ],
    "updaterUserName": "煜***计"
}