{
    "cid": "xaoiOl5b5m",
    "authorUid": "obd-olkA7j6zvsA9gqTPCIzazy3mm0lxK0K",
    "authorUserName": "白***码",
    "title": "Awesome Chart",
    "description": "",
    "latestVersion": 6,
    "alwaysLatest": 0,
    "createTime": "2021-07-06T10:12:30.000Z",
    "lastUpdateTime": "2021-07-13T02:03:42.000Z",
    "auth": 2,
    "uid": "obd-olkA7j6zvsA9gqTPCIzazy3mm0lxK0K",
    "publishedVersion": 0,
    "forkFrom": "-",
    "isSpam": 0,
    "version": 6,
    "parentVersion": 5,
    "echartsVersion": "5.1.2",
    "versionCreateTime": "2021-07-13T02:03:43.000Z",
    "html": "",
    "externalScripts": "",
    "updaterUID": "obd-olkA7j6zvsA9gqTPCIzazy3mm0lxK0K",
    "theme": "",
    "layout": "",
    "viewCount": 0,
    "userName": "白***码",
    "commentCount": 0,
    "starCount": 1,
    "isStared": 0,
    "thumbnailURL": "https://www.makeapie.com/ecg-storage/ec_gallery_thumbnail/xaoiOl5b5m.png?v=1626141823157",
    "isCustomThumbnail": 0,
    "builtinTags": [
        "category-work",
        "grid",
        "series-bar",
        "title"
    ],
    "customTags": [],
    "updaterUserName": "白***码"
}