{
    "cid": "xd3dvPWAyz",
    "authorUid": "obd-otrTmdlPtbfrzTNt5DDKQLVfvvtoa8t",
    "authorUserName": "唧***楠",
    "title": "ZX20210707",
    "description": "",
    "latestVersion": 3,
    "alwaysLatest": 0,
    "createTime": "2021-07-06T16:11:19.000Z",
    "lastUpdateTime": "2021-07-06T16:21:00.000Z",
    "auth": 2,
    "uid": "obd-otrTmdlPtbfrzTNt5DDKQLVfvvtoa8t",
    "publishedVersion": 0,
    "forkFrom": "-",
    "isSpam": 0,
    "version": 3,
    "parentVersion": 2,
    "echartsVersion": "5.1.2",
    "versionCreateTime": "2021-07-06T16:21:00.000Z",
    "html": "",
    "externalScripts": "",
    "updaterUID": "obd-otrTmdlPtbfrzTNt5DDKQLVfvvtoa8t",
    "theme": "",
    "layout": "",
    "viewCount": 0,
    "userName": "唧***楠",
    "commentCount": 0,
    "starCount": 7,
    "isStared": 0,
    "thumbnailURL": "https://www.makeapie.com/ecg-storage/ec_gallery_thumbnail/xd3dvPWAyz.png?v=1625588461097",
    "isCustomThumbnail": 0,
    "builtinTags": [
        "category-work",
        "legend",
        "series-pie",
        "title"
    ],
    "customTags": [],
    "updaterUserName": "唧***楠"
}