{
    "cid": "xF90jBnAae",
    "authorUid": "bd-2341513011",
    "authorUserName": "k***雪",
    "title": "{a|80}{c|%}",
    "description": "",
    "latestVersion": 1,
    "alwaysLatest": 0,
    "createTime": "2021-07-06T11:13:37.000Z",
    "lastUpdateTime": "2021-07-06T11:13:37.000Z",
    "auth": 2,
    "uid": "bd-2341513011",
    "publishedVersion": 0,
    "forkFrom": "-",
    "isSpam": 0,
    "version": 1,
    "parentVersion": -1,
    "echartsVersion": "4.3.0",
    "versionCreateTime": "2021-07-06T11:13:37.000Z",
    "html": "",
    "externalScripts": "",
    "updaterUID": "bd-2341513011",
    "theme": "",
    "layout": "",
    "viewCount": 0,
    "userName": "k***雪",
    "commentCount": 0,
    "starCount": 7,
    "isStared": 0,
    "thumbnailURL": "https://www.makeapie.com/ecg-storage/ec_gallery_thumbnail/xF90jBnAae.png?v=1625570018083",
    "isCustomThumbnail": 0,
    "builtinTags": [
        "category-work",
        "series-custom",
        "series-pie",
        "title"
    ],
    "customTags": [],
    "updaterUserName": "k***雪"
}