{
    "cid": "xRwN1YMiAK",
    "authorUid": "obd-ojGRUzaz3ZuAYvaoQT_QegxezAI7lEA",
    "authorUserName": "156******07",
    "title": "损失事件条线分析",
    "description": "驾驶舱M7损失事件条线分析示例。",
    "latestVersion": 3,
    "alwaysLatest": 0,
    "createTime": "2021-07-06T01:50:55.000Z",
    "lastUpdateTime": "2021-07-07T01:05:10.000Z",
    "auth": 1,
    "uid": "obd-ojGRUzaz3ZuAYvaoQT_QegxezAI7lEA",
    "publishedVersion": 0,
    "forkFrom": "-",
    "isSpam": 0,
    "version": 3,
    "parentVersion": 1,
    "echartsVersion": "3.8.5",
    "versionCreateTime": "2021-07-07T01:05:10.000Z",
    "html": "",
    "externalScripts": "",
    "updaterUID": "obd-ojGRUzaz3ZuAYvaoQT_QegxezAI7lEA",
    "theme": "",
    "layout": "",
    "viewCount": 0,
    "userName": "156******07",
    "commentCount": 0,
    "starCount": 0,
    "isStared": 0,
    "thumbnailURL": "https://www.makeapie.com/ecg-storage/ec_gallery_thumbnail/xRwN1YMiAK.png?v=1625619910667",
    "isCustomThumbnail": 0,
    "builtinTags": [
        "category-work",
        "grid",
        "series-bar",
        "title",
        "tooltip"
    ],
    "customTags": [],
    "updaterUserName": "156******07"
}