{
    "cid": "xsuoAZchBT",
    "authorUid": "bd-1225114884",
    "authorUserName": "k***1",
    "title": "饼图-玉环图",
    "description": "",
    "latestVersion": 1,
    "alwaysLatest": 0,
    "createTime": "2021-07-06T02:36:44.000Z",
    "lastUpdateTime": "2021-07-06T02:36:44.000Z",
    "auth": 2,
    "uid": "bd-1225114884",
    "publishedVersion": 0,
    "forkFrom": "-",
    "isSpam": 0,
    "version": 1,
    "parentVersion": -1,
    "echartsVersion": "4.9.0",
    "versionCreateTime": "2021-07-06T02:36:44.000Z",
    "html": "",
    "externalScripts": "",
    "updaterUID": "bd-1225114884",
    "theme": "",
    "layout": "",
    "viewCount": 0,
    "userName": "k***1",
    "commentCount": 0,
    "starCount": 0,
    "isStared": 0,
    "thumbnailURL": "https://www.makeapie.com/ecg-storage/ec_gallery_thumbnail/xsuoAZchBT.png?v=1625539004701",
    "isCustomThumbnail": 0,
    "builtinTags": [
        "category-work",
        "dataset",
        "grid",
        "series-pie",
        "tooltip"
    ],
    "customTags": [],
    "updaterUserName": "k***1"
}