{
    "cid": "xszNDjz7nd",
    "authorUid": "bd-1443642487",
    "authorUserName": "狂***书",
    "title": "工作雷达",
    "description": "1",
    "latestVersion": 3,
    "alwaysLatest": 0,
    "createTime": "2021-07-04T03:01:01.000Z",
    "lastUpdateTime": "2021-07-04T05:38:25.000Z",
    "auth": 2,
    "uid": "bd-1443642487",
    "publishedVersion": 0,
    "forkFrom": "-",
    "isSpam": 0,
    "version": 3,
    "parentVersion": 2,
    "echartsVersion": "4.9.0",
    "versionCreateTime": "2021-07-04T05:38:25.000Z",
    "html": "",
    "externalScripts": "",
    "updaterUID": "bd-1443642487",
    "theme": "",
    "layout": "",
    "viewCount": 0,
    "userName": "狂***书",
    "commentCount": 0,
    "starCount": 3,
    "isStared": 0,
    "thumbnailURL": "https://www.makeapie.com/ecg-storage/ec_gallery_thumbnail/xszNDjz7nd.png?v=1625377105538",
    "isCustomThumbnail": 0,
    "builtinTags": [
        "category-work",
        "radar",
        "series-radar",
        "title"
    ],
    "customTags": [],
    "updaterUserName": "狂***书"
}