{
    "cid": "xBk_4W1dyG",
    "authorUid": "bd-2859267267",
    "authorUserName": "Q浮生未歇Q",
    "title": "",
    "description": "",
    "latestVersion": 2,
    "alwaysLatest": 1,
    "createTime": "2017-11-14T03:21:19.000Z",
    "lastUpdateTime": "2017-11-14T03:21:19.000Z",
    "auth": 2,
    "uid": "bd-2859267267",
    "publishedVersion": 0,
    "forkFrom": "-",
    "isSpam": 0,
    "version": 2,
    "parentVersion": 1,
    "echartsVersion": "3.8.0",
    "versionCreateTime": "2017-11-14T03:29:53.000Z",
    "html": "",
    "externalScripts": "",
    "updaterUID": "bd-2859267267",
    "theme": "",
    "layout": "",
    "viewCount": 237,
    "userName": "Q浮生未歇Q",
    "commentCount": 0,
    "starCount": 4,
    "isStared": 0,
    "thumbnailURL": "https://www.makeapie.com/ecg-storage/ec_gallery_thumbnail/xBk_4W1dyG.png?v=1510630193960",
    "isCustomThumbnail": 0,
    "builtinTags": [
        "category-work",
        "grid",
        "series-pictorialBar",
        "tooltip"
    ],
    "customTags": [],
    "updaterUserName": "Q浮生未歇Q"
}