{
    "cid": "xHJrJo0P1G",
    "authorUid": "bd-1520221042",
    "authorUserName": "叮叮冬啦",
    "title": "wangyunjing",
    "description": "sduhfasdilfuwehpfhua",
    "latestVersion": 1,
    "alwaysLatest": 1,
    "createTime": "2017-11-14T02:54:20.000Z",
    "lastUpdateTime": "2017-11-14T02:54:20.000Z",
    "auth": 2,
    "uid": "bd-1520221042",
    "publishedVersion": 0,
    "forkFrom": "-",
    "isSpam": 0,
    "version": 1,
    "parentVersion": -1,
    "echartsVersion": "3.8.0",
    "versionCreateTime": "2017-11-14T02:54:20.000Z",
    "html": "",
    "externalScripts": "",
    "updaterUID": "bd-1520221042",
    "theme": "",
    "layout": "",
    "viewCount": 31,
    "userName": "叮叮冬啦",
    "commentCount": 0,
    "starCount": 0,
    "isStared": 0,
    "thumbnailURL": "https://www.makeapie.com/ecg-storage/ec_gallery_thumbnail/xHJrJo0P1G.png?v=1510628060670",
    "isCustomThumbnail": 0,
    "builtinTags": [
        "category-work",
        "grid",
        "series-line",
        "title"
    ],
    "customTags": [],
    "updaterUserName": "叮叮冬啦"
}