{
    "cid": "xHkPPUgEyf",
    "authorUid": "bd-1075817977",
    "authorUserName": "7***2",
    "title": "饼图之半圆",
    "description": "综合正确率",
    "latestVersion": 11,
    "alwaysLatest": 1,
    "createTime": "2017-11-11T04:02:39.000Z",
    "lastUpdateTime": "2017-11-11T04:02:39.000Z",
    "auth": 2,
    "uid": "bd-1075817977",
    "publishedVersion": 0,
    "forkFrom": "-",
    "isSpam": 0,
    "version": 11,
    "parentVersion": 10,
    "echartsVersion": "3.8.0",
    "versionCreateTime": "2017-11-13T06:33:36.000Z",
    "html": "",
    "externalScripts": "",
    "updaterUID": "bd-1075817977",
    "theme": "",
    "layout": "",
    "viewCount": 1049,
    "userName": "7***2",
    "commentCount": 0,
    "starCount": 9,
    "isStared": 0,
    "thumbnailURL": "https://www.makeapie.com/ecg-storage/ec_gallery_thumbnail/xHkPPUgEyf.png?v=1510554816268",
    "isCustomThumbnail": 0,
    "builtinTags": [
        "category-work",
        "legend",
        "series-pie"
    ],
    "customTags": [],
    "updaterUserName": "7***2"
}