{
    "cid": "xHyQxsAvkf",
    "authorUid": "bd-1954688051",
    "authorUserName": "章鱼哥bean",
    "title": "ym",
    "description": "",
    "latestVersion": 1,
    "alwaysLatest": 1,
    "createTime": "2017-11-14T02:54:35.000Z",
    "lastUpdateTime": "2017-11-14T02:54:35.000Z",
    "auth": 2,
    "uid": "bd-1954688051",
    "publishedVersion": 0,
    "forkFrom": "-",
    "isSpam": 0,
    "version": 1,
    "parentVersion": -1,
    "echartsVersion": "3.8.0",
    "versionCreateTime": "2017-11-14T02:54:35.000Z",
    "html": "",
    "externalScripts": "",
    "updaterUID": "bd-1954688051",
    "theme": "",
    "layout": "",
    "viewCount": 17,
    "userName": "章鱼哥bean",
    "commentCount": 0,
    "starCount": 0,
    "isStared": 0,
    "thumbnailURL": "https://www.makeapie.com/ecg-storage/ec_gallery_thumbnail/xHyQxsAvkf.png?v=1510628075280",
    "isCustomThumbnail": 0,
    "builtinTags": [
        "category-work",
        "grid",
        "series-line",
        "title"
    ],
    "customTags": [],
    "updaterUserName": "章鱼哥bean"
}