{
    "cid": "xrkWbjRwkM",
    "authorUid": "bd-1787471305",
    "authorUserName": "xyyyx13",
    "title": "wangxinyi",
    "description": "",
    "latestVersion": 1,
    "alwaysLatest": 1,
    "createTime": "2017-11-14T02:54:49.000Z",
    "lastUpdateTime": "2017-11-14T02:57:05.000Z",
    "auth": 2,
    "uid": "bd-1787471305",
    "publishedVersion": 0,
    "forkFrom": "-",
    "isSpam": 0,
    "version": 1,
    "parentVersion": -1,
    "echartsVersion": "3.8.0",
    "versionCreateTime": "2017-11-14T02:54:49.000Z",
    "html": "",
    "externalScripts": "",
    "updaterUID": "bd-1787471305",
    "theme": "dark",
    "layout": "",
    "viewCount": 13,
    "userName": "xyyyx13",
    "commentCount": 0,
    "starCount": 0,
    "isStared": 0,
    "thumbnailURL": "https://www.makeapie.com/ecg-storage/ec_gallery_thumbnail/xrkWbjRwkM.png?v=1510628089104",
    "isCustomThumbnail": 0,
    "builtinTags": [],
    "customTags": [],
    "updaterUserName": "xyyyx13"
}