{
    "cid": "xryoNZy_yf",
    "authorUid": "bd-1112027397",
    "authorUserName": "coco2kk",
    "title": "",
    "description": "",
    "latestVersion": 1,
    "alwaysLatest": 1,
    "createTime": "2017-11-14T03:21:22.000Z",
    "lastUpdateTime": "2017-11-14T03:21:22.000Z",
    "auth": 2,
    "uid": "bd-1112027397",
    "publishedVersion": 0,
    "forkFrom": "-",
    "isSpam": 0,
    "version": 1,
    "parentVersion": -1,
    "echartsVersion": "3.8.0",
    "versionCreateTime": "2017-11-14T03:21:22.000Z",
    "html": "",
    "externalScripts": "",
    "updaterUID": "bd-1112027397",
    "theme": "",
    "layout": "",
    "viewCount": 161,
    "userName": "coco2kk",
    "commentCount": 0,
    "starCount": 5,
    "isStared": 0,
    "thumbnailURL": "https://www.makeapie.com/ecg-storage/ec_gallery_thumbnail/xryoNZy_yf.png?v=1510629682987",
    "isCustomThumbnail": 0,
    "builtinTags": [
        "category-work",
        "grid",
        "legend",
        "series-bar",
        "series-line",
        "series-pictorialBar",
        "tooltip"
    ],
    "customTags": [],
    "updaterUserName": "coco2kk"
}