{
    "cid": "xSJotPRP1G",
    "authorUid": "bd-1797003820",
    "authorUserName": "次生缘",
    "title": "用户流失&回流走势",
    "description": "",
    "latestVersion": 2,
    "alwaysLatest": 1,
    "createTime": "2017-11-14T02:40:03.000Z",
    "lastUpdateTime": "2017-11-14T02:40:03.000Z",
    "auth": 2,
    "uid": "bd-1797003820",
    "publishedVersion": 0,
    "forkFrom": "-",
    "isSpam": 0,
    "version": 2,
    "parentVersion": 1,
    "echartsVersion": "3.8.0",
    "versionCreateTime": "2017-11-14T02:40:31.000Z",
    "html": "",
    "externalScripts": "https://raw.githubusercontent.com/nuysoft/Mock/refactoring/dist/mock.js",
    "updaterUID": "bd-1797003820",
    "theme": "",
    "layout": "",
    "viewCount": 106,
    "userName": "次生缘",
    "commentCount": 0,
    "starCount": 0,
    "isStared": 0,
    "thumbnailURL": "https://www.makeapie.com/ecg-storage/ec_gallery_thumbnail/xSJotPRP1G.png?v=1510627231690",
    "isCustomThumbnail": 0,
    "builtinTags": [
        "category-work",
        "grid",
        "legend",
        "series-bar",
        "series-line",
        "tooltip"
    ],
    "customTags": [],
    "updaterUserName": "次生缘"
}