{
    "cid": "xSkAHoMmkG",
    "authorUid": "bd-906558135",
    "authorUserName": "异常苦恼",
    "title": "linear",
    "description": "",
    "latestVersion": 1,
    "alwaysLatest": 1,
    "createTime": "2017-11-10T12:27:50.000Z",
    "lastUpdateTime": "2017-11-10T12:27:50.000Z",
    "auth": 2,
    "uid": "bd-906558135",
    "publishedVersion": 0,
    "forkFrom": "-",
    "isSpam": 0,
    "version": 1,
    "parentVersion": -1,
    "echartsVersion": "3.8.0",
    "versionCreateTime": "2017-11-10T12:27:50.000Z",
    "html": "",
    "externalScripts": "",
    "updaterUID": "bd-906558135",
    "theme": "",
    "layout": "",
    "viewCount": 29,
    "userName": "异常苦恼",
    "commentCount": 0,
    "starCount": 0,
    "isStared": 0,
    "thumbnailURL": "https://www.makeapie.com/ecg-storage/ec_gallery_thumbnail/xSkAHoMmkG.png?v=1510316870492",
    "isCustomThumbnail": 0,
    "builtinTags": [
        "category-work",
        "grid",
        "series-line",
        "title"
    ],
    "customTags": [],
    "updaterUserName": "异常苦恼"
}