{
    "cid": "xSkdtb1dJz",
    "authorUid": "bd-1520221042",
    "authorUserName": "叮叮冬啦",
    "title": "极坐标双数值轴",
    "description": "",
    "latestVersion": 1,
    "alwaysLatest": 1,
    "createTime": "2017-11-14T03:22:39.000Z",
    "lastUpdateTime": "2017-11-14T03:22:39.000Z",
    "auth": 2,
    "uid": "bd-1520221042",
    "publishedVersion": 0,
    "forkFrom": "-",
    "isSpam": 0,
    "version": 1,
    "parentVersion": -1,
    "echartsVersion": "3.8.0",
    "versionCreateTime": "2017-11-14T03:22:39.000Z",
    "html": "",
    "externalScripts": "",
    "updaterUID": "bd-1520221042",
    "theme": "",
    "layout": "",
    "viewCount": 155,
    "userName": "叮叮冬啦",
    "commentCount": 0,
    "starCount": 0,
    "isStared": 0,
    "thumbnailURL": "https://www.makeapie.com/ecg-storage/ec_gallery_thumbnail/xSkdtb1dJz.png?v=1510629760065",
    "isCustomThumbnail": 0,
    "builtinTags": [
        "category-work",
        "legend",
        "polar",
        "series-line",
        "title",
        "tooltip"
    ],
    "customTags": [],
    "updaterUserName": "叮叮冬啦"
}