{
    "cid": "xSkntbk_Jf",
    "authorUid": "bd-1787471305",
    "authorUserName": "xyyyx13",
    "title": "柱状图动画延迟",
    "description": "",
    "latestVersion": 2,
    "alwaysLatest": 1,
    "createTime": "2017-11-14T03:22:43.000Z",
    "lastUpdateTime": "2017-11-14T03:22:43.000Z",
    "auth": 2,
    "uid": "bd-1787471305",
    "publishedVersion": 0,
    "forkFrom": "-",
    "isSpam": 0,
    "version": 2,
    "parentVersion": 1,
    "echartsVersion": "3.8.0",
    "versionCreateTime": "2017-11-14T03:57:42.000Z",
    "html": "",
    "externalScripts": "",
    "updaterUID": "bd-1787471305",
    "theme": "",
    "layout": "",
    "viewCount": 70,
    "userName": "xyyyx13",
    "commentCount": 0,
    "starCount": 0,
    "isStared": 0,
    "thumbnailURL": "https://www.makeapie.com/ecg-storage/ec_gallery_thumbnail/xSkntbk_Jf.png?v=1510631862750",
    "isCustomThumbnail": 0,
    "builtinTags": [
        "category-work",
        "grid",
        "series-bar",
        "title",
        "tooltip"
    ],
    "customTags": [],
    "updaterUserName": "xyyyx13"
}