{
    "cid": "xSyeRNCvkM",
    "authorUid": "bd-4022476514",
    "authorUserName": "wdssb1114",
    "title": "数据分析&查询不合格来源",
    "description": "tooltip提示内容的修改，图例之间的联动。\n本地做了一个select用与合格数与全部之间的切换数据。文中已经注释掉，有兴趣的朋友可以复制到本地试一下。select的id为pass，选项为\n<option>不合格数</option><option>全部</option>\n另外，拉动条后期会做一个适配屏幕的大小；\n注：文中除echarts外的一切code，均为js，看着不爽的大神欢迎修改",
    "latestVersion": 1,
    "alwaysLatest": 1,
    "createTime": "2017-11-14T02:28:23.000Z",
    "lastUpdateTime": "2017-11-14T02:28:23.000Z",
    "auth": 2,
    "uid": "bd-4022476514",
    "publishedVersion": 0,
    "forkFrom": "-",
    "isSpam": 0,
    "version": 1,
    "parentVersion": -1,
    "echartsVersion": "3.8.0",
    "versionCreateTime": "2017-11-14T02:28:23.000Z",
    "html": "",
    "externalScripts": "",
    "updaterUID": "bd-4022476514",
    "theme": "",
    "layout": "",
    "viewCount": 995,
    "userName": "wdssb1114",
    "commentCount": 0,
    "starCount": 3,
    "isStared": 0,
    "thumbnailURL": "https://www.makeapie.com/ecg-storage/ec_gallery_thumbnail/xSyeRNCvkM.png?v=1510626504048",
    "isCustomThumbnail": 1,
    "builtinTags": [
        "category-work",
        "dataZoom",
        "grid",
        "legend",
        "series-bar",
        "series-line",
        "title",
        "toolbox",
        "tooltip"
    ],
    "customTags": [
        "dataZoom",
        "feature",
        "grid",
        "legendselectchanged",
        "on事件",
        "tooltip"
    ],
    "updaterUserName": "wdssb1114"
}