{
    "cid": "xSyV0q0v1M",
    "authorUid": "bd-2240291297",
    "authorUserName": "沉默的书生i",
    "title": "上周天气折线图",
    "description": "",
    "latestVersion": 5,
    "alwaysLatest": 1,
    "createTime": "2017-11-14T02:54:03.000Z",
    "lastUpdateTime": "2017-11-14T02:54:03.000Z",
    "auth": 2,
    "uid": "bd-2240291297",
    "publishedVersion": 0,
    "forkFrom": "-",
    "isSpam": 0,
    "version": 5,
    "parentVersion": 4,
    "echartsVersion": "3.8.0",
    "versionCreateTime": "2017-11-14T03:55:24.000Z",
    "html": "",
    "externalScripts": "",
    "updaterUID": "bd-2240291297",
    "theme": "",
    "layout": "",
    "viewCount": 92,
    "userName": "沉默的书生i",
    "commentCount": 0,
    "starCount": 0,
    "isStared": 0,
    "thumbnailURL": "https://www.makeapie.com/ecg-storage/ec_gallery_thumbnail/xSyV0q0v1M.png?v=1510631724167",
    "isCustomThumbnail": 0,
    "builtinTags": [
        "category-work",
        "grid",
        "legend",
        "series-bar",
        "series-line",
        "title"
    ],
    "customTags": [],
    "updaterUserName": "沉默的书生i"
}