{
    "cid": "xSyVEbJ_1G",
    "authorUid": "bd-2578839760",
    "authorUserName": "188******47",
    "title": "",
    "description": "",
    "latestVersion": 1,
    "alwaysLatest": 1,
    "createTime": "2017-11-14T03:21:15.000Z",
    "lastUpdateTime": "2017-11-14T03:21:15.000Z",
    "auth": 2,
    "uid": "bd-2578839760",
    "publishedVersion": 0,
    "forkFrom": "-",
    "isSpam": 0,
    "version": 1,
    "parentVersion": -1,
    "echartsVersion": "3.8.0",
    "versionCreateTime": "2017-11-14T03:21:15.000Z",
    "html": "",
    "externalScripts": "",
    "updaterUID": "bd-2578839760",
    "theme": "",
    "layout": "",
    "viewCount": 17,
    "userName": "188******47",
    "commentCount": 0,
    "starCount": 1,
    "isStared": 0,
    "thumbnailURL": "https://www.makeapie.com/ecg-storage/ec_gallery_thumbnail/xSyVEbJ_1G.png?v=1510629676090",
    "isCustomThumbnail": 0,
    "builtinTags": [
        "category-work",
        "grid",
        "series-pictorialBar",
        "tooltip"
    ],
    "customTags": [],
    "updaterUserName": "188******47"
}