{
    "cid": "x5McLzgAd",
    "authorUid": "bd-3489355751",
    "authorUserName": "火***冰",
    "title": "百分比柱状图",
    "description": "",
    "latestVersion": 1,
    "alwaysLatest": 1,
    "createTime": "2020-02-26T05:49:53.000Z",
    "lastUpdateTime": "2020-02-26T05:49:53.000Z",
    "auth": 2,
    "uid": "bd-3489355751",
    "publishedVersion": 0,
    "forkFrom": "-",
    "isSpam": 0,
    "version": 1,
    "parentVersion": -1,
    "echartsVersion": "4.4.0",
    "versionCreateTime": "2020-02-26T05:49:53.000Z",
    "html": "",
    "externalScripts": "",
    "updaterUID": "bd-3489355751",
    "theme": "",
    "layout": "",
    "viewCount": 1809,
    "userName": "火***冰",
    "commentCount": 0,
    "starCount": 4,
    "isStared": 0,
    "thumbnailURL": "https://www.makeapie.com/ecg-storage/ec_gallery_thumbnail/x5McLzgAd.png?v=1582696193433",
    "isCustomThumbnail": 0,
    "builtinTags": [
        "category-work",
        "dataZoom",
        "grid",
        "legend",
        "series-bar",
        "tooltip"
    ],
    "customTags": [
        "bar",
        "datazoom",
        "grid",
        "legend",
        "tooltip"
    ],
    "updaterUserName": "火***冰"
}