{
    "cid": "x664eKM2n",
    "authorUid": "bd-3469309476",
    "authorUserName": "小***0",
    "title": "折线图",
    "description": "",
    "latestVersion": 1,
    "alwaysLatest": 1,
    "createTime": "2020-02-27T10:02:34.000Z",
    "lastUpdateTime": "2020-02-27T10:02:34.000Z",
    "auth": 2,
    "uid": "bd-3469309476",
    "publishedVersion": 0,
    "forkFrom": "-",
    "isSpam": 0,
    "version": 1,
    "parentVersion": -1,
    "echartsVersion": "4.4.0",
    "versionCreateTime": "2020-02-27T10:02:34.000Z",
    "html": "",
    "externalScripts": "",
    "updaterUID": "bd-3469309476",
    "theme": "",
    "layout": "",
    "viewCount": 20,
    "userName": "小***0",
    "commentCount": 0,
    "starCount": 0,
    "isStared": 0,
    "thumbnailURL": "https://www.makeapie.com/ecg-storage/ec_gallery_thumbnail/x664eKM2n.png?v=1582797754438",
    "isCustomThumbnail": 0,
    "builtinTags": [
        "category-work",
        "grid",
        "series-line",
        "title"
    ],
    "customTags": [],
    "updaterUserName": "小***0"
}