{
    "cid": "xGsoj0OTs",
    "authorUid": "bd-2990579821",
    "authorUserName": "155*****175",
    "title": "不同工作地点人群的评价分布",
    "description": "",
    "latestVersion": 1,
    "alwaysLatest": 1,
    "createTime": "2020-02-27T08:00:08.000Z",
    "lastUpdateTime": "2020-02-27T08:00:08.000Z",
    "auth": 2,
    "uid": "bd-2990579821",
    "publishedVersion": 0,
    "forkFrom": "-",
    "isSpam": 0,
    "version": 1,
    "parentVersion": -1,
    "echartsVersion": "4.4.0",
    "versionCreateTime": "2020-02-27T08:00:08.000Z",
    "html": "",
    "externalScripts": "",
    "updaterUID": "bd-2990579821",
    "theme": "",
    "layout": "",
    "viewCount": 147,
    "userName": "155*****175",
    "commentCount": 0,
    "starCount": 0,
    "isStared": 0,
    "thumbnailURL": "https://www.makeapie.com/ecg-storage/ec_gallery_thumbnail/xGsoj0OTs.png?v=1582790408780",
    "isCustomThumbnail": 0,
    "builtinTags": [
        "category-work",
        "geo",
        "series-map",
        "series-scatter",
        "timeline",
        "title",
        "tooltip",
        "visualMap"
    ],
    "customTags": [],
    "updaterUserName": "155*****175"
}