{
    "cid": "xhdu7xE1h",
    "authorUid": "bd-3189977873",
    "authorUserName": "寻***n",
    "title": "甘特图-机器运行状态",
    "description": "",
    "latestVersion": 5,
    "alwaysLatest": 1,
    "createTime": "2020-02-26T08:55:22.000Z",
    "lastUpdateTime": "2020-02-26T08:55:22.000Z",
    "auth": 2,
    "uid": "bd-3189977873",
    "publishedVersion": 0,
    "forkFrom": "-",
    "isSpam": 0,
    "version": 5,
    "parentVersion": 4,
    "echartsVersion": "4.4.0",
    "versionCreateTime": "2020-02-27T00:02:33.000Z",
    "html": "",
    "externalScripts": "",
    "updaterUID": "bd-3189977873",
    "theme": "",
    "layout": "",
    "viewCount": 1617,
    "userName": "寻***n",
    "commentCount": 0,
    "starCount": 14,
    "isStared": 0,
    "thumbnailURL": "https://www.makeapie.com/ecg-storage/ec_gallery_thumbnail/xhdu7xE1h.png?v=1582761753523",
    "isCustomThumbnail": 0,
    "builtinTags": [
        "category-work",
        "dataZoom",
        "grid",
        "series-custom",
        "title",
        "tooltip"
    ],
    "customTags": [],
    "updaterUserName": "寻***n"
}