{
    "cid": "xKVAYiJQt",
    "authorUid": "bd-6442928284",
    "authorUserName": "流***r",
    "title": "中国地图",
    "description": "",
    "latestVersion": 2,
    "alwaysLatest": 1,
    "createTime": "2020-02-25T11:08:52.000Z",
    "lastUpdateTime": "2020-02-25T11:08:52.000Z",
    "auth": 2,
    "uid": "bd-6442928284",
    "publishedVersion": 0,
    "forkFrom": "-",
    "isSpam": 0,
    "version": 2,
    "parentVersion": 1,
    "echartsVersion": "4.4.0",
    "versionCreateTime": "2020-02-25T11:47:17.000Z",
    "html": "",
    "externalScripts": "/dep/echarts/map/js/china.js,/dep/echarts/map/js/china-contour.js",
    "updaterUID": "bd-6442928284",
    "theme": "",
    "layout": "",
    "viewCount": 359,
    "userName": "流***r",
    "commentCount": 0,
    "starCount": 2,
    "isStared": 0,
    "thumbnailURL": "https://www.makeapie.com/ecg-storage/ec_gallery_thumbnail/xKVAYiJQt.png?v=1582631237980",
    "isCustomThumbnail": 0,
    "builtinTags": [
        "category-work",
        "geo",
        "tooltip"
    ],
    "customTags": [],
    "updaterUserName": "流***r"
}