{
    "cid": "xMIWCGmKi",
    "authorUid": "bd-3489355751",
    "authorUserName": "火***冰",
    "title": "横向柱状百分比比例图",
    "description": "",
    "latestVersion": 2,
    "alwaysLatest": 1,
    "createTime": "2020-02-26T02:13:31.000Z",
    "lastUpdateTime": "2020-02-26T02:13:31.000Z",
    "auth": 2,
    "uid": "bd-3489355751",
    "publishedVersion": 0,
    "forkFrom": "-",
    "isSpam": 0,
    "version": 2,
    "parentVersion": 1,
    "echartsVersion": "4.4.0",
    "versionCreateTime": "2020-02-26T02:19:06.000Z",
    "html": "",
    "externalScripts": "",
    "updaterUID": "bd-3489355751",
    "theme": "",
    "layout": "",
    "viewCount": 242,
    "userName": "火***冰",
    "commentCount": 0,
    "starCount": 1,
    "isStared": 0,
    "thumbnailURL": "https://www.makeapie.com/ecg-storage/ec_gallery_thumbnail/xMIWCGmKi.png?v=1582683547028",
    "isCustomThumbnail": 0,
    "builtinTags": [
        "category-work",
        "grid",
        "series-bar",
        "tooltip"
    ],
    "customTags": [
        "bar",
        "grid",
        "tooltip"
    ],
    "updaterUserName": "火***冰"
}