{
    "cid": "xMjXFSdCr",
    "authorUid": "bd-104596799",
    "authorUserName": "1***的",
    "title": "小区不同时间段人员出入人数",
    "description": "",
    "latestVersion": 1,
    "alwaysLatest": 1,
    "createTime": "2020-02-27T12:54:26.000Z",
    "lastUpdateTime": "2020-02-27T12:54:26.000Z",
    "auth": 2,
    "uid": "bd-104596799",
    "publishedVersion": 0,
    "forkFrom": "-",
    "isSpam": 0,
    "version": 1,
    "parentVersion": -1,
    "echartsVersion": "4.4.0",
    "versionCreateTime": "2020-02-27T12:54:26.000Z",
    "html": "",
    "externalScripts": "",
    "updaterUID": "bd-104596799",
    "theme": "",
    "layout": "",
    "viewCount": 156,
    "userName": "1***的",
    "commentCount": 0,
    "starCount": 1,
    "isStared": 0,
    "thumbnailURL": "https://www.makeapie.com/ecg-storage/ec_gallery_thumbnail/xMjXFSdCr.png?v=1582808066676",
    "isCustomThumbnail": 0,
    "builtinTags": [
        "category-work",
        "dataZoom",
        "grid",
        "legend",
        "series-bar",
        "title",
        "tooltip"
    ],
    "customTags": [],
    "updaterUserName": "1***的"
}