{
    "cid": "xmLyrXBuy",
    "authorUid": "bd-104596799",
    "authorUserName": "1***的",
    "title": "出入人员年龄段分布",
    "description": "出入人员年龄段分布",
    "latestVersion": 6,
    "alwaysLatest": 1,
    "createTime": "2020-02-27T10:26:22.000Z",
    "lastUpdateTime": "2020-02-27T10:26:22.000Z",
    "auth": 2,
    "uid": "bd-104596799",
    "publishedVersion": 0,
    "forkFrom": "-",
    "isSpam": 0,
    "version": 6,
    "parentVersion": 5,
    "echartsVersion": "4.8.0",
    "versionCreateTime": "2020-06-10T02:53:49.000Z",
    "html": "",
    "externalScripts": "",
    "updaterUID": "bd-104596799",
    "theme": "",
    "layout": "",
    "viewCount": 83,
    "userName": "1***的",
    "commentCount": 0,
    "starCount": 0,
    "isStared": 0,
    "thumbnailURL": "https://www.makeapie.com/ecg-storage/ec_gallery_thumbnail/xmLyrXBuy.png?v=1591757629635",
    "isCustomThumbnail": 0,
    "builtinTags": [
        "category-work",
        "legend",
        "series-pie",
        "title",
        "tooltip"
    ],
    "customTags": [],
    "updaterUserName": "1***的"
}