{
    "cid": "xPxDlbO37",
    "authorUid": "bd-104596799",
    "authorUserName": "1***的",
    "title": "君悦华城楼栋出入人数排名",
    "description": "",
    "latestVersion": 2,
    "alwaysLatest": 1,
    "createTime": "2020-02-27T13:19:01.000Z",
    "lastUpdateTime": "2020-02-27T13:19:01.000Z",
    "auth": 2,
    "uid": "bd-104596799",
    "publishedVersion": 0,
    "forkFrom": "-",
    "isSpam": 0,
    "version": 2,
    "parentVersion": 1,
    "echartsVersion": "4.8.0",
    "versionCreateTime": "2020-06-10T03:43:35.000Z",
    "html": "",
    "externalScripts": "",
    "updaterUID": "bd-104596799",
    "theme": "",
    "layout": "",
    "viewCount": 105,
    "userName": "1***的",
    "commentCount": 0,
    "starCount": 0,
    "isStared": 0,
    "thumbnailURL": "https://www.makeapie.com/ecg-storage/ec_gallery_thumbnail/xPxDlbO37.png?v=1591760615401",
    "isCustomThumbnail": 0,
    "builtinTags": [
        "category-work",
        "grid",
        "series-bar",
        "title",
        "tooltip"
    ],
    "customTags": [],
    "updaterUserName": "1***的"
}