{
    "cid": "xRJ7Vf4a2",
    "authorUid": "bd-372486416",
    "authorUserName": "钢***k",
    "title": "坑爹的设计",
    "description": "饼图外半径固定，弧度根据数据变化",
    "latestVersion": 1,
    "alwaysLatest": 1,
    "createTime": "2020-02-27T10:29:12.000Z",
    "lastUpdateTime": "2020-02-27T10:29:12.000Z",
    "auth": 2,
    "uid": "bd-372486416",
    "publishedVersion": 0,
    "forkFrom": "-",
    "isSpam": 0,
    "version": 1,
    "parentVersion": -1,
    "echartsVersion": "4.4.0",
    "versionCreateTime": "2020-02-27T10:29:12.000Z",
    "html": "",
    "externalScripts": "",
    "updaterUID": "bd-372486416",
    "theme": "",
    "layout": "",
    "viewCount": 106,
    "userName": "钢***k",
    "commentCount": 0,
    "starCount": 0,
    "isStared": 0,
    "thumbnailURL": "https://www.makeapie.com/ecg-storage/ec_gallery_thumbnail/xRJ7Vf4a2.png?v=1582799352750",
    "isCustomThumbnail": 0,
    "builtinTags": [
        "category-work",
        "series-pie"
    ],
    "customTags": [],
    "updaterUserName": "钢***k"
}