{
    "cid": "xuP913fcB",
    "authorUid": "bd-944243892",
    "authorUserName": "韩***能",
    "title": "客服会话-各型号-品牌提及量",
    "description": "",
    "latestVersion": 1,
    "alwaysLatest": 1,
    "createTime": "2020-02-27T02:55:18.000Z",
    "lastUpdateTime": "2020-02-27T02:55:18.000Z",
    "auth": 2,
    "uid": "bd-944243892",
    "publishedVersion": 0,
    "forkFrom": "-",
    "isSpam": 0,
    "version": 1,
    "parentVersion": -1,
    "echartsVersion": "4.4.0",
    "versionCreateTime": "2020-02-27T02:55:18.000Z",
    "html": "",
    "externalScripts": "",
    "updaterUID": "bd-944243892",
    "theme": "",
    "layout": "",
    "viewCount": 30,
    "userName": "韩***能",
    "commentCount": 0,
    "starCount": 0,
    "isStared": 0,
    "thumbnailURL": "https://www.makeapie.com/ecg-storage/ec_gallery_thumbnail/xuP913fcB.png?v=1582772118239",
    "isCustomThumbnail": 0,
    "builtinTags": [
        "category-work",
        "dataset",
        "grid",
        "series-bar",
        "visualMap"
    ],
    "customTags": [],
    "updaterUserName": "韩***能"
}