{
    "cid": "xV2Al1apo",
    "authorUid": "bd-657564173",
    "authorUserName": "了***文",
    "title": "层级图（环状、树状等）",
    "description": "展示多种数据，关联",
    "latestVersion": 1,
    "alwaysLatest": 1,
    "createTime": "2020-02-25T09:16:43.000Z",
    "lastUpdateTime": "2020-02-25T09:16:43.000Z",
    "auth": 2,
    "uid": "bd-657564173",
    "publishedVersion": 0,
    "forkFrom": "-",
    "isSpam": 0,
    "version": 1,
    "parentVersion": -1,
    "echartsVersion": "4.4.0",
    "versionCreateTime": "2020-02-25T09:16:43.000Z",
    "html": "",
    "externalScripts": "",
    "updaterUID": "bd-657564173",
    "theme": "",
    "layout": "",
    "viewCount": 151,
    "userName": "了***文",
    "commentCount": 0,
    "starCount": 0,
    "isStared": 0,
    "thumbnailURL": "https://www.makeapie.com/ecg-storage/ec_gallery_thumbnail/xV2Al1apo.png?v=1582622203909",
    "isCustomThumbnail": 0,
    "builtinTags": [
        "category-work",
        "dataset",
        "grid",
        "legend",
        "series-bar",
        "series-pie",
        "title",
        "tooltip"
    ],
    "customTags": [],
    "updaterUserName": "了***文"
}