{
    "cid": "xv8O3FR8s",
    "authorUid": "bd-28308202",
    "authorUserName": "c***0",
    "title": "温度计",
    "description": "温度计图表",
    "latestVersion": 2,
    "alwaysLatest": 1,
    "createTime": "2020-02-26T10:27:11.000Z",
    "lastUpdateTime": "2020-02-26T10:27:11.000Z",
    "auth": 2,
    "uid": "bd-28308202",
    "publishedVersion": 0,
    "forkFrom": "-",
    "isSpam": 0,
    "version": 2,
    "parentVersion": 1,
    "echartsVersion": "4.4.0",
    "versionCreateTime": "2020-02-26T10:31:06.000Z",
    "html": "",
    "externalScripts": "",
    "updaterUID": "bd-28308202",
    "theme": "",
    "layout": "",
    "viewCount": 283,
    "userName": "c***0",
    "commentCount": 0,
    "starCount": 2,
    "isStared": 0,
    "thumbnailURL": "https://www.makeapie.com/ecg-storage/ec_gallery_thumbnail/xv8O3FR8s.png?v=1582713066257",
    "isCustomThumbnail": 0,
    "builtinTags": [
        "category-work",
        "grid",
        "series-bar",
        "series-scatter",
        "title"
    ],
    "customTags": [],
    "updaterUserName": "c***0"
}