{
    "cid": "xy9gGilkC",
    "authorUid": "bd-1009940966",
    "authorUserName": "纸***C",
    "title": "异步数据加载示例",
    "description": "",
    "latestVersion": 1,
    "alwaysLatest": 1,
    "createTime": "2020-02-25T14:24:44.000Z",
    "lastUpdateTime": "2020-02-25T14:24:44.000Z",
    "auth": 2,
    "uid": "bd-1009940966",
    "publishedVersion": 0,
    "forkFrom": "-",
    "isSpam": 0,
    "version": 1,
    "parentVersion": -1,
    "echartsVersion": "4.4.0",
    "versionCreateTime": "2020-02-25T14:24:44.000Z",
    "html": "",
    "externalScripts": "",
    "updaterUID": "bd-1009940966",
    "theme": "",
    "layout": "",
    "viewCount": 33,
    "userName": "纸***C",
    "commentCount": 0,
    "starCount": 0,
    "isStared": 0,
    "thumbnailURL": "https://www.makeapie.com/ecg-storage/ec_gallery_thumbnail/xy9gGilkC.png?v=1582640684174",
    "isCustomThumbnail": 0,
    "builtinTags": [
        "category-work",
        "grid",
        "legend",
        "series-line",
        "title",
        "tooltip"
    ],
    "customTags": [],
    "updaterUserName": "纸***C"
}