{
    "cid": "xBbL0xlKNL",
    "authorUid": "obd-ol7lKxK-eIyyttjOnmyLAeEw1yrmZ0F",
    "authorUserName": "s***a",
    "title": "CGP_DG_20210913",
    "description": "",
    "latestVersion": 6,
    "alwaysLatest": 0,
    "createTime": "2021-09-13T04:37:30.000Z",
    "lastUpdateTime": "2021-09-16T09:17:20.000Z",
    "auth": 2,
    "uid": "obd-ol7lKxK-eIyyttjOnmyLAeEw1yrmZ0F",
    "publishedVersion": 0,
    "forkFrom": "-",
    "isSpam": 0,
    "version": 6,
    "parentVersion": 5,
    "echartsVersion": "5.2.0",
    "versionCreateTime": "2021-09-16T09:17:20.000Z",
    "html": "",
    "externalScripts": "",
    "updaterUID": "obd-ol7lKxK-eIyyttjOnmyLAeEw1yrmZ0F",
    "theme": "",
    "layout": "",
    "viewCount": 0,
    "userName": "s***a",
    "commentCount": 0,
    "starCount": 1,
    "isStared": 0,
    "thumbnailURL": "https://www.makeapie.com/ecg-storage/ec_gallery_thumbnail/xBbL0xlKNL.png?v=1631783840377",
    "isCustomThumbnail": 0,
    "builtinTags": [
        "category-work",
        "grid",
        "series-bar",
        "title"
    ],
    "customTags": [],
    "updaterUserName": "s***a"
}