{
    "cid": "xByQG9EE24",
    "authorUid": "obd-oA_1vLeonneT5CvOpmO9Wy8oap7kH7T",
    "authorUserName": "l***8",
    "title": "带引导线的地图",
    "description": "带引导线的西湖区地图",
    "latestVersion": 1,
    "alwaysLatest": 0,
    "createTime": "2021-09-15T01:02:00.000Z",
    "lastUpdateTime": "2021-09-15T01:02:00.000Z",
    "auth": 2,
    "uid": "obd-oA_1vLeonneT5CvOpmO9Wy8oap7kH7T",
    "publishedVersion": 0,
    "forkFrom": "-",
    "isSpam": 0,
    "version": 1,
    "parentVersion": -1,
    "echartsVersion": "5.2.0",
    "versionCreateTime": "2021-09-15T01:02:00.000Z",
    "html": "",
    "externalScripts": "",
    "updaterUID": "obd-oA_1vLeonneT5CvOpmO9Wy8oap7kH7T",
    "theme": "",
    "layout": "",
    "viewCount": 0,
    "userName": "l***8",
    "commentCount": 0,
    "starCount": 0,
    "isStared": 0,
    "thumbnailURL": "https://www.makeapie.com/ecg-storage/ec_gallery_thumbnail/xByQG9EE24.png?v=1631667720685",
    "isCustomThumbnail": 0,
    "builtinTags": [
        "category-work",
        "geo",
        "series-lines",
        "series-map",
        "tooltip"
    ],
    "customTags": [],
    "updaterUserName": "l***8"
}