{
    "cid": "xpd3OS6yMi",
    "authorUid": "bd-167860219",
    "authorUserName": "n***1",
    "title": "动态排序柱状图",
    "description": "",
    "latestVersion": 2,
    "alwaysLatest": 0,
    "createTime": "2021-09-13T09:22:34.000Z",
    "lastUpdateTime": "2021-09-13T12:57:17.000Z",
    "auth": 2,
    "uid": "bd-167860219",
    "publishedVersion": 0,
    "forkFrom": "-",
    "isSpam": 0,
    "version": 2,
    "parentVersion": 1,
    "echartsVersion": "5.2.0",
    "versionCreateTime": "2021-09-13T12:57:17.000Z",
    "html": "",
    "externalScripts": "",
    "updaterUID": "bd-167860219",
    "theme": "",
    "layout": "",
    "viewCount": 0,
    "userName": "n***1",
    "commentCount": 0,
    "starCount": 3,
    "isStared": 0,
    "thumbnailURL": "https://www.makeapie.com/ecg-storage/ec_gallery_thumbnail/xpd3OS6yMi.png?v=1631537837246",
    "isCustomThumbnail": 0,
    "builtinTags": [
        "category-work",
        "grid",
        "legend",
        "series-bar",
        "title",
        "tooltip"
    ],
    "customTags": [],
    "updaterUserName": "n***1"
}