{
    "cid": "xPSKrBsAu1",
    "authorUid": "obd-o-xScPOjfIYQsZC2me-bvLvUZmnf2Ac",
    "authorUserName": "呆***新",
    "title": "双立体渐变柱",
    "description": "",
    "latestVersion": 1,
    "alwaysLatest": 0,
    "createTime": "2021-09-14T12:40:33.000Z",
    "lastUpdateTime": "2021-09-14T12:40:33.000Z",
    "auth": 2,
    "uid": "obd-o-xScPOjfIYQsZC2me-bvLvUZmnf2Ac",
    "publishedVersion": 0,
    "forkFrom": "-",
    "isSpam": 0,
    "version": 1,
    "parentVersion": -1,
    "echartsVersion": "5.2.0",
    "versionCreateTime": "2021-09-14T12:40:33.000Z",
    "html": "",
    "externalScripts": "",
    "updaterUID": "obd-o-xScPOjfIYQsZC2me-bvLvUZmnf2Ac",
    "theme": "",
    "layout": "",
    "viewCount": 0,
    "userName": "呆***新",
    "commentCount": 0,
    "starCount": 4,
    "isStared": 0,
    "thumbnailURL": "https://www.makeapie.com/ecg-storage/ec_gallery_thumbnail/xPSKrBsAu1.png?v=1631623234151",
    "isCustomThumbnail": 0,
    "builtinTags": [
        "category-work",
        "grid",
        "legend",
        "series-custom",
        "tooltip"
    ],
    "customTags": [],
    "updaterUserName": "呆***新"
}