{
    "cid": "xqVzH-Vl5D",
    "authorUid": "obd-ojYkvz_tu8RAzDWomwFrWVNEMNmbIEV",
    "authorUserName": "177******95",
    "title": "甘肃线",
    "description": "",
    "latestVersion": 1,
    "alwaysLatest": 0,
    "createTime": "2021-09-13T11:34:52.000Z",
    "lastUpdateTime": "2021-09-13T11:34:52.000Z",
    "auth": 2,
    "uid": "obd-ojYkvz_tu8RAzDWomwFrWVNEMNmbIEV",
    "publishedVersion": 0,
    "forkFrom": "-",
    "isSpam": 0,
    "version": 1,
    "parentVersion": -1,
    "echartsVersion": "5.2.0",
    "versionCreateTime": "2021-09-13T11:34:52.000Z",
    "html": "",
    "externalScripts": "",
    "updaterUID": "obd-ojYkvz_tu8RAzDWomwFrWVNEMNmbIEV",
    "theme": "",
    "layout": "",
    "viewCount": 0,
    "userName": "177******95",
    "commentCount": 0,
    "starCount": 0,
    "isStared": 0,
    "thumbnailURL": "https://www.makeapie.com/ecg-storage/ec_gallery_thumbnail/xqVzH-Vl5D.png?v=1631532892632",
    "isCustomThumbnail": 0,
    "builtinTags": [
        "category-work",
        "geo",
        "series-lines",
        "series-map",
        "series-scatter"
    ],
    "customTags": [],
    "updaterUserName": "177******95"
}