{
    "cid": "xQYK0EdE_D",
    "authorUid": "obd-o2STl5RmJb54SnFXnK5RYFQvYSNAO6x",
    "authorUserName": "深***_",
    "title": "Echarts 5 geo 轨迹图",
    "description": "在官方例子 https://echarts.apache.org/examples/zh/editor.html?c=geo-svg-lines 的基础上, 增加按钮控制播放暂停",
    "latestVersion": 6,
    "alwaysLatest": 0,
    "createTime": "2021-09-13T08:41:30.000Z",
    "lastUpdateTime": "2021-09-14T08:31:04.000Z",
    "auth": 2,
    "uid": "obd-o2STl5RmJb54SnFXnK5RYFQvYSNAO6x",
    "publishedVersion": 0,
    "forkFrom": "-",
    "isSpam": 0,
    "version": 6,
    "parentVersion": 5,
    "echartsVersion": "5.2.0",
    "versionCreateTime": "2021-09-14T08:24:29.000Z",
    "html": "",
    "externalScripts": "",
    "updaterUID": "obd-o2STl5RmJb54SnFXnK5RYFQvYSNAO6x",
    "theme": "default",
    "layout": "",
    "viewCount": 0,
    "userName": "深***_",
    "commentCount": 0,
    "starCount": 1,
    "isStared": 0,
    "thumbnailURL": "https://www.makeapie.com/ecg-storage/ec_gallery_thumbnail/xQYK0EdE_D.png?v=1631608265008",
    "isCustomThumbnail": 0,
    "builtinTags": [
        "category-work"
    ],
    "customTags": [],
    "updaterUserName": "深***_"
}