{
    "cid": "xRAiQLSRih",
    "authorUid": "bd-1580482230",
    "authorUserName": "零***影",
    "title": "堆叠柱状图显示总和",
    "description": "堆叠图，整体柱状图显示总和，边框，阴影效果",
    "latestVersion": 4,
    "alwaysLatest": 1,
    "createTime": "2021-09-15T03:23:46.000Z",
    "lastUpdateTime": "2021-09-16T02:41:01.000Z",
    "auth": 1,
    "uid": "bd-1580482230",
    "publishedVersion": 0,
    "forkFrom": "-",
    "isSpam": 0,
    "version": 4,
    "parentVersion": 3,
    "echartsVersion": "5.2.0",
    "versionCreateTime": "2021-09-16T02:41:01.000Z",
    "html": "",
    "externalScripts": "",
    "updaterUID": "bd-1580482230",
    "theme": "default",
    "layout": "",
    "viewCount": 0,
    "userName": "零***影",
    "commentCount": 0,
    "starCount": 1,
    "isStared": 0,
    "thumbnailURL": "https://www.makeapie.com/ecg-storage/ec_gallery_thumbnail/xRAiQLSRih.png?v=1631760061788",
    "isCustomThumbnail": 0,
    "builtinTags": [
        "category-work",
        "grid",
        "series-bar",
        "tooltip"
    ],
    "customTags": [],
    "updaterUserName": "零***影"
}