{
    "cid": "xSn0zshRMJ",
    "authorUid": "obd-oFRxOBuLgHQpDCw5oNbz59iW6Y-vF5S",
    "authorUserName": "酹***月",
    "title": "给环增加背景",
    "description": "背景定位需要调整",
    "latestVersion": 1,
    "alwaysLatest": 0,
    "createTime": "2021-09-15T02:34:41.000Z",
    "lastUpdateTime": "2021-09-15T02:34:41.000Z",
    "auth": 1,
    "uid": "obd-oFRxOBuLgHQpDCw5oNbz59iW6Y-vF5S",
    "publishedVersion": 0,
    "forkFrom": "-",
    "isSpam": 0,
    "version": 1,
    "parentVersion": -1,
    "echartsVersion": "5.2.0",
    "versionCreateTime": "2021-09-15T02:34:41.000Z",
    "html": "",
    "externalScripts": "",
    "updaterUID": "obd-oFRxOBuLgHQpDCw5oNbz59iW6Y-vF5S",
    "theme": "",
    "layout": "",
    "viewCount": 0,
    "userName": "酹***月",
    "commentCount": 0,
    "starCount": 3,
    "isStared": 0,
    "thumbnailURL": "https://www.makeapie.com/ecg-storage/ec_gallery_thumbnail/xSn0zshRMJ.png?v=1631673281656",
    "isCustomThumbnail": 1,
    "builtinTags": [
        "category-work",
        "graphic",
        "legend",
        "series-pie",
        "tooltip"
    ],
    "customTags": [],
    "updaterUserName": "酹***月"
}