{
    "cid": "xtrMOrqUfp",
    "authorUid": "obd-oAc51BVZnU4HPVShMesfkrbVjNChQ7A",
    "authorUserName": "枫***7",
    "title": "简单饼图  环形",
    "description": "",
    "latestVersion": 3,
    "alwaysLatest": 0,
    "createTime": "2021-09-15T02:42:57.000Z",
    "lastUpdateTime": "2021-09-15T02:49:21.000Z",
    "auth": 2,
    "uid": "obd-oAc51BVZnU4HPVShMesfkrbVjNChQ7A",
    "publishedVersion": 0,
    "forkFrom": "-",
    "isSpam": 0,
    "version": 3,
    "parentVersion": 2,
    "echartsVersion": "5.2.0",
    "versionCreateTime": "2021-09-15T02:49:22.000Z",
    "html": "",
    "externalScripts": "",
    "updaterUID": "obd-oAc51BVZnU4HPVShMesfkrbVjNChQ7A",
    "theme": "",
    "layout": "",
    "viewCount": 0,
    "userName": "枫***7",
    "commentCount": 0,
    "starCount": 0,
    "isStared": 0,
    "thumbnailURL": "https://www.makeapie.com/ecg-storage/ec_gallery_thumbnail/xtrMOrqUfp.png?v=1631674162136",
    "isCustomThumbnail": 0,
    "builtinTags": [
        "category-work",
        "legend",
        "series-pie",
        "tooltip"
    ],
    "customTags": [],
    "updaterUserName": "枫***7"
}