{
    "cid": "xuAHNWWTuw",
    "authorUid": "obd-o2LLJ3HnfCDuXIBOUe1ARmZF4qcvx60",
    "authorUserName": "沉***梦",
    "title": "四饼图",
    "description": "",
    "latestVersion": 3,
    "alwaysLatest": 0,
    "createTime": "2021-09-14T01:03:56.000Z",
    "lastUpdateTime": "2021-09-14T09:25:16.000Z",
    "auth": 2,
    "uid": "obd-o2LLJ3HnfCDuXIBOUe1ARmZF4qcvx60",
    "publishedVersion": 0,
    "forkFrom": "-",
    "isSpam": 0,
    "version": 3,
    "parentVersion": 2,
    "echartsVersion": "3.8.5",
    "versionCreateTime": "2021-09-14T09:25:16.000Z",
    "html": "",
    "externalScripts": "",
    "updaterUID": "obd-o2LLJ3HnfCDuXIBOUe1ARmZF4qcvx60",
    "theme": "",
    "layout": "",
    "viewCount": 0,
    "userName": "沉***梦",
    "commentCount": 0,
    "starCount": 1,
    "isStared": 0,
    "thumbnailURL": "https://www.makeapie.com/ecg-storage/ec_gallery_thumbnail/xuAHNWWTuw.png?v=1631611516730",
    "isCustomThumbnail": 0,
    "builtinTags": [
        "category-work",
        "series-pie",
        "title"
    ],
    "customTags": [],
    "updaterUserName": "沉***梦"
}