{
    "cid": "xuMz46zcgu",
    "authorUid": "obd-o2Ddhxs8w2CRgTDIeNePRpfCS3stZBY",
    "authorUserName": "彭***6",
    "title": "饼图3",
    "description": "",
    "latestVersion": 6,
    "alwaysLatest": 0,
    "createTime": "2021-09-13T08:50:54.000Z",
    "lastUpdateTime": "2021-09-14T01:21:09.000Z",
    "auth": 2,
    "uid": "obd-o2Ddhxs8w2CRgTDIeNePRpfCS3stZBY",
    "publishedVersion": 0,
    "forkFrom": "-",
    "isSpam": 0,
    "version": 6,
    "parentVersion": 5,
    "echartsVersion": "5.2.0",
    "versionCreateTime": "2021-09-14T01:21:09.000Z",
    "html": "",
    "externalScripts": "",
    "updaterUID": "obd-o2Ddhxs8w2CRgTDIeNePRpfCS3stZBY",
    "theme": "",
    "layout": "",
    "viewCount": 0,
    "userName": "彭***6",
    "commentCount": 0,
    "starCount": 2,
    "isStared": 0,
    "thumbnailURL": "https://www.makeapie.com/ecg-storage/ec_gallery_thumbnail/xuMz46zcgu.png?v=1631582469182",
    "isCustomThumbnail": 0,
    "builtinTags": [
        "category-work",
        "legend",
        "series-pie",
        "title"
    ],
    "customTags": [],
    "updaterUserName": "彭***6"
}