{
    "cid": "xVRWQd3YII",
    "authorUid": "obd-ojCke82slAZAaW4bdMVE6eyLqTTU3EV",
    "authorUserName": "巽***谭",
    "title": "水球图+环图",
    "description": "描述百分比及进度",
    "latestVersion": 2,
    "alwaysLatest": 0,
    "createTime": "2021-09-14T03:07:05.000Z",
    "lastUpdateTime": "2021-09-14T04:07:49.000Z",
    "auth": 2,
    "uid": "obd-ojCke82slAZAaW4bdMVE6eyLqTTU3EV",
    "publishedVersion": 0,
    "forkFrom": "-",
    "isSpam": 0,
    "version": 2,
    "parentVersion": 1,
    "echartsVersion": "4.9.0",
    "versionCreateTime": "2021-09-14T04:07:49.000Z",
    "html": "",
    "externalScripts": "https://echarts.baidu.com/resource/echarts-liquidfill-latest/dist/echarts-liquidfill.min.js",
    "updaterUID": "obd-ojCke82slAZAaW4bdMVE6eyLqTTU3EV",
    "theme": "",
    "layout": "",
    "viewCount": 0,
    "userName": "巽***谭",
    "commentCount": 0,
    "starCount": 2,
    "isStared": 0,
    "thumbnailURL": "https://www.makeapie.com/ecg-storage/ec_gallery_thumbnail/xVRWQd3YII.png?v=1631592469457",
    "isCustomThumbnail": 0,
    "builtinTags": [
        "category-work",
        "series-liquidFill",
        "series-pie",
        "title"
    ],
    "customTags": [],
    "updaterUserName": "巽***谭"
}