{
    "cid": "xvZY68X59-",
    "authorUid": "obd-o2LT5SPsRm62u1sF90rM6cs58MmkP66",
    "authorUserName": "j***9",
    "title": "Customized Pie",
    "description": "",
    "latestVersion": 2,
    "alwaysLatest": 0,
    "createTime": "2021-09-14T01:23:21.000Z",
    "lastUpdateTime": "2021-09-15T02:38:33.000Z",
    "auth": 2,
    "uid": "obd-o2LT5SPsRm62u1sF90rM6cs58MmkP66",
    "publishedVersion": 0,
    "forkFrom": "-",
    "isSpam": 0,
    "version": 2,
    "parentVersion": 1,
    "echartsVersion": "5.2.0",
    "versionCreateTime": "2021-09-15T02:38:33.000Z",
    "html": "",
    "externalScripts": "",
    "updaterUID": "obd-o2LT5SPsRm62u1sF90rM6cs58MmkP66",
    "theme": "",
    "layout": "",
    "viewCount": 0,
    "userName": "j***9",
    "commentCount": 0,
    "starCount": 0,
    "isStared": 0,
    "thumbnailURL": "https://www.makeapie.com/ecg-storage/ec_gallery_thumbnail/xvZY68X59-.png?v=1631673513476",
    "isCustomThumbnail": 0,
    "builtinTags": [
        "category-work",
        "series-pie",
        "title",
        "tooltip",
        "visualMap"
    ],
    "customTags": [],
    "updaterUserName": "j***9"
}