{
    "cid": "x2vu1ext4V",
    "authorUid": "bd-405506747",
    "authorUserName": "s***a",
    "title": "上海养老设施2021",
    "description": "",
    "latestVersion": 2,
    "alwaysLatest": 0,
    "createTime": "2021-07-08T08:54:44.000Z",
    "lastUpdateTime": "2021-07-08T08:56:46.000Z",
    "auth": 2,
    "uid": "bd-405506747",
    "publishedVersion": 0,
    "forkFrom": "-",
    "isSpam": 0,
    "version": 2,
    "parentVersion": 1,
    "echartsVersion": "5.1.2",
    "versionCreateTime": "2021-07-08T08:56:46.000Z",
    "html": "",
    "externalScripts": "https://cdn.jsdelivr.net/npm/echarts@5/dist/extension/bmap.min.js,https://api.map.baidu.com/api?v=3.0&ak=HzuYrxViWWHGdz1XiBCOukN4rKmmLju7",
    "updaterUID": "bd-405506747",
    "theme": "",
    "layout": "",
    "viewCount": 0,
    "userName": "s***a",
    "commentCount": 0,
    "starCount": 0,
    "isStared": 0,
    "thumbnailURL": "https://www.makeapie.com/ecg-storage/ec_gallery_thumbnail/x2vu1ext4V.png?v=1625734485154",
    "isCustomThumbnail": 1,
    "builtinTags": [
        "category-work"
    ],
    "customTags": [],
    "updaterUserName": "s***a"
}