{
    "cid": "x38rf73wht",
    "authorUid": "obd-otCAQOJLIwJsYiuqmEChCl3L8ulvl8Y",
    "authorUserName": "骨***酒",
    "title": "基础图表",
    "description": "基础图表",
    "latestVersion": 2,
    "alwaysLatest": 0,
    "createTime": "2021-07-09T05:04:30.000Z",
    "lastUpdateTime": "2021-10-29T09:24:03.000Z",
    "auth": 2,
    "uid": "obd-otCAQOJLIwJsYiuqmEChCl3L8ulvl8Y",
    "publishedVersion": 0,
    "forkFrom": "-",
    "isSpam": 0,
    "version": 2,
    "parentVersion": 1,
    "echartsVersion": "5.1.2",
    "versionCreateTime": "2021-10-29T09:24:03.000Z",
    "html": "",
    "externalScripts": "",
    "updaterUID": "obd-otCAQOJLIwJsYiuqmEChCl3L8ulvl8Y",
    "theme": "",
    "layout": "",
    "viewCount": 0,
    "userName": "骨***酒",
    "commentCount": 0,
    "starCount": 0,
    "isStared": 0,
    "thumbnailURL": "https://www.makeapie.com/ecg-storage/ec_gallery_thumbnail/x38rf73wht.png?v=1635499443685",
    "isCustomThumbnail": 0,
    "builtinTags": [
        "category-work",
        "series-pie",
        "tooltip"
    ],
    "customTags": [],
    "updaterUserName": "骨***酒"
}