{
    "cid": "x_kIw0QN-f",
    "authorUid": "obd-o2wuH1JuSVuem30pWIo97g5ptrEnEBF",
    "authorUserName": "杨***3",
    "title": "SVG水球图",
    "description": "SVG结和CSS动画实现动态水球图",
    "latestVersion": 1,
    "alwaysLatest": 0,
    "createTime": "2021-07-07T11:15:00.000Z",
    "lastUpdateTime": "2021-07-07T11:15:00.000Z",
    "auth": 2,
    "uid": "obd-o2wuH1JuSVuem30pWIo97g5ptrEnEBF",
    "publishedVersion": 0,
    "forkFrom": "-",
    "isSpam": 0,
    "version": 1,
    "parentVersion": -1,
    "echartsVersion": "5.1.2",
    "versionCreateTime": "2021-07-07T11:15:00.000Z",
    "html": "",
    "externalScripts": "",
    "updaterUID": "obd-o2wuH1JuSVuem30pWIo97g5ptrEnEBF",
    "theme": "",
    "layout": "",
    "viewCount": 0,
    "userName": "杨***3",
    "commentCount": 0,
    "starCount": 5,
    "isStared": 0,
    "thumbnailURL": "https://www.makeapie.com/ecg-storage/ec_gallery_thumbnail/x_kIw0QN-f.png?v=1625656500765",
    "isCustomThumbnail": 1,
    "builtinTags": [
        "category-work"
    ],
    "customTags": [
        "SVG",
        "水球动画",
        "水球图",
        "百分比图"
    ],
    "updaterUserName": "杨***3"
}