{
    "cid": "xB24RulKML",
    "authorUid": "obd-ot7kVcVcPgfvi23fQyvmM3M5Ar5vb82",
    "authorUserName": "s***r",
    "title": "数据集 重合柱状图",
    "description": "",
    "latestVersion": 1,
    "alwaysLatest": 0,
    "createTime": "2021-07-08T08:23:47.000Z",
    "lastUpdateTime": "2021-07-08T08:23:47.000Z",
    "auth": 2,
    "uid": "obd-ot7kVcVcPgfvi23fQyvmM3M5Ar5vb82",
    "publishedVersion": 0,
    "forkFrom": "-",
    "isSpam": 0,
    "version": 1,
    "parentVersion": -1,
    "echartsVersion": "5.1.2",
    "versionCreateTime": "2021-07-08T08:23:47.000Z",
    "html": "",
    "externalScripts": "",
    "updaterUID": "obd-ot7kVcVcPgfvi23fQyvmM3M5Ar5vb82",
    "theme": "",
    "layout": "",
    "viewCount": 0,
    "userName": "s***r",
    "commentCount": 0,
    "starCount": 3,
    "isStared": 0,
    "thumbnailURL": "https://www.makeapie.com/ecg-storage/ec_gallery_thumbnail/xB24RulKML.png?v=1625732627369",
    "isCustomThumbnail": 0,
    "builtinTags": [
        "category-work",
        "dataset",
        "grid",
        "legend",
        "series-bar",
        "tooltip"
    ],
    "customTags": [],
    "updaterUserName": "s***r"
}