{
    "cid": "xLLYlglqoz",
    "authorUid": "bd-2451952737",
    "authorUserName": "马***6",
    "title": "带圆圈的柱子",
    "description": "",
    "latestVersion": 1,
    "alwaysLatest": 0,
    "createTime": "2021-07-07T10:11:20.000Z",
    "lastUpdateTime": "2021-07-07T10:11:20.000Z",
    "auth": 2,
    "uid": "bd-2451952737",
    "publishedVersion": 0,
    "forkFrom": "-",
    "isSpam": 0,
    "version": 1,
    "parentVersion": -1,
    "echartsVersion": "5.1.2",
    "versionCreateTime": "2021-07-07T10:11:20.000Z",
    "html": "",
    "externalScripts": "",
    "updaterUID": "bd-2451952737",
    "theme": "",
    "layout": "",
    "viewCount": 0,
    "userName": "马***6",
    "commentCount": 0,
    "starCount": 1,
    "isStared": 0,
    "thumbnailURL": "https://www.makeapie.com/ecg-storage/ec_gallery_thumbnail/xLLYlglqoz.png?v=1625652680533",
    "isCustomThumbnail": 0,
    "builtinTags": [
        "category-work",
        "grid",
        "markPoint",
        "series-bar",
        "tooltip"
    ],
    "customTags": [],
    "updaterUserName": "马***6"
}