{
    "cid": "xLzvj9oAF-",
    "authorUid": "bd-506765776",
    "authorUserName": "我***脑",
    "title": "多组件组合",
    "description": "246853@qq.com",
    "latestVersion": 19,
    "alwaysLatest": 0,
    "createTime": "2021-07-08T07:37:51.000Z",
    "lastUpdateTime": "2021-07-08T09:05:25.000Z",
    "auth": 2,
    "uid": "bd-506765776",
    "publishedVersion": 0,
    "forkFrom": "-",
    "isSpam": 0,
    "version": 19,
    "parentVersion": 18,
    "echartsVersion": "5.1.2",
    "versionCreateTime": "2021-07-08T09:05:25.000Z",
    "html": "",
    "externalScripts": "",
    "updaterUID": "bd-506765776",
    "theme": "",
    "layout": "",
    "viewCount": 0,
    "userName": "我***脑",
    "commentCount": 0,
    "starCount": 3,
    "isStared": 0,
    "thumbnailURL": "https://www.makeapie.com/ecg-storage/ec_gallery_thumbnail/xLzvj9oAF-.png?v=1625735125198",
    "isCustomThumbnail": 0,
    "builtinTags": [
        "category-work"
    ],
    "customTags": [
        "graph",
        "lines",
        "pie"
    ],
    "updaterUserName": "我***脑"
}