{
    "cid": "xMxOSz-NkN",
    "authorUid": "obd-olmpUHyYeGXwuuZXGiz5XEVqljv9201",
    "authorUserName": "可***m",
    "title": "2017年全国废气中氮氧化物排放情况",
    "description": "单位/万吨",
    "latestVersion": 1,
    "alwaysLatest": 0,
    "createTime": "2021-07-08T02:02:46.000Z",
    "lastUpdateTime": "2021-07-08T02:02:46.000Z",
    "auth": 2,
    "uid": "obd-olmpUHyYeGXwuuZXGiz5XEVqljv9201",
    "publishedVersion": 0,
    "forkFrom": "-",
    "isSpam": 0,
    "version": 1,
    "parentVersion": -1,
    "echartsVersion": "5.1.2",
    "versionCreateTime": "2021-07-08T02:02:46.000Z",
    "html": "",
    "externalScripts": "https://www.makeapie.com/dep/echarts/map/js/china.js",
    "updaterUID": "obd-olmpUHyYeGXwuuZXGiz5XEVqljv9201",
    "theme": "",
    "layout": "",
    "viewCount": 0,
    "userName": "可***m",
    "commentCount": 0,
    "starCount": 3,
    "isStared": 0,
    "thumbnailURL": "https://www.makeapie.com/ecg-storage/ec_gallery_thumbnail/xMxOSz-NkN.png?v=1625709766875",
    "isCustomThumbnail": 0,
    "builtinTags": [
        "category-work",
        "geo",
        "series-map",
        "title",
        "toolbox",
        "tooltip",
        "visualMap"
    ],
    "customTags": [],
    "updaterUserName": "可***m"
}