{
    "cid": "xnES7gFxK6",
    "authorUid": "bd-405506747",
    "authorUserName": "s***a",
    "title": "日间照料设施热力图2021",
    "description": "",
    "latestVersion": 1,
    "alwaysLatest": 1,
    "createTime": "2021-07-09T05:23:12.000Z",
    "lastUpdateTime": "2021-07-09T05:23:12.000Z",
    "auth": 2,
    "uid": "bd-405506747",
    "publishedVersion": 0,
    "forkFrom": "-",
    "isSpam": 0,
    "version": 1,
    "parentVersion": -1,
    "echartsVersion": "5.1.2",
    "versionCreateTime": "2021-07-09T05:23:12.000Z",
    "html": "",
    "externalScripts": "https://cdn.jsdelivr.net/npm/echarts@5/dist/extension/bmap.min.js,https://api.map.baidu.com/api?v=3.0&ak=HzuYrxViWWHGdz1XiBCOukN4rKmmLju7",
    "updaterUID": "bd-405506747",
    "theme": "default",
    "layout": "",
    "viewCount": 0,
    "userName": "s***a",
    "commentCount": 0,
    "starCount": 2,
    "isStared": 0,
    "thumbnailURL": "https://www.makeapie.com/ecg-storage/ec_gallery_thumbnail/xnES7gFxK6.png?v=1625808194168",
    "isCustomThumbnail": 1,
    "builtinTags": [
        "category-work"
    ],
    "customTags": [],
    "updaterUserName": "s***a"
}