{
    "cid": "xNJQytvYfT",
    "authorUid": "bd-2352282627",
    "authorUserName": "通***6",
    "title": "饼图、仪表盘",
    "description": "",
    "latestVersion": 2,
    "alwaysLatest": 0,
    "createTime": "2021-07-09T08:09:32.000Z",
    "lastUpdateTime": "2021-07-09T08:11:30.000Z",
    "auth": 2,
    "uid": "bd-2352282627",
    "publishedVersion": 0,
    "forkFrom": "-",
    "isSpam": 0,
    "version": 2,
    "parentVersion": 1,
    "echartsVersion": "5.1.2",
    "versionCreateTime": "2021-07-09T08:11:30.000Z",
    "html": "",
    "externalScripts": "",
    "updaterUID": "bd-2352282627",
    "theme": "",
    "layout": "",
    "viewCount": 0,
    "userName": "通***6",
    "commentCount": 0,
    "starCount": 6,
    "isStared": 0,
    "thumbnailURL": "https://www.makeapie.com/ecg-storage/ec_gallery_thumbnail/xNJQytvYfT.png?v=1625818290827",
    "isCustomThumbnail": 0,
    "builtinTags": [
        "category-work",
        "series-gauge",
        "series-pie",
        "title",
        "tooltip"
    ],
    "customTags": [],
    "updaterUserName": "通***6"
}