{
    "cid": "xu6hNcbK_x",
    "authorUid": "obd-ol0lDmf9JR8NngODP1mdUIb21LQSy07",
    "authorUserName": "l***1",
    "title": "Awesome Chart",
    "description": "",
    "latestVersion": 2,
    "alwaysLatest": 0,
    "createTime": "2021-07-09T04:56:20.000Z",
    "lastUpdateTime": "2021-07-09T04:58:32.000Z",
    "auth": 1,
    "uid": "obd-ol0lDmf9JR8NngODP1mdUIb21LQSy07",
    "publishedVersion": 0,
    "forkFrom": "-",
    "isSpam": 0,
    "version": 2,
    "parentVersion": 1,
    "echartsVersion": "5.1.2",
    "versionCreateTime": "2021-07-09T04:58:33.000Z",
    "html": "",
    "externalScripts": "",
    "updaterUID": "obd-ol0lDmf9JR8NngODP1mdUIb21LQSy07",
    "theme": "",
    "layout": "",
    "viewCount": 0,
    "userName": "l***1",
    "commentCount": 0,
    "starCount": 0,
    "isStared": 0,
    "thumbnailURL": "https://www.makeapie.com/ecg-storage/ec_gallery_thumbnail/xu6hNcbK_x.png?v=1625806713139",
    "isCustomThumbnail": 0,
    "builtinTags": [
        "category-work",
        "grid",
        "series-bar",
        "title"
    ],
    "customTags": [],
    "updaterUserName": "l***1"
}