{
    "cid": "xWiHpEeIsS",
    "authorUid": "obd-oEu_ux7eGkYfLwyopuPnZu8d7Hpvn4P",
    "authorUserName": "黑***你",
    "title": "完整率",
    "description": "",
    "latestVersion": 1,
    "alwaysLatest": 0,
    "createTime": "2021-07-09T02:51:14.000Z",
    "lastUpdateTime": "2021-07-09T02:51:14.000Z",
    "auth": 2,
    "uid": "obd-oEu_ux7eGkYfLwyopuPnZu8d7Hpvn4P",
    "publishedVersion": 0,
    "forkFrom": "-",
    "isSpam": 0,
    "version": 1,
    "parentVersion": -1,
    "echartsVersion": "5.1.2",
    "versionCreateTime": "2021-07-09T02:51:14.000Z",
    "html": "",
    "externalScripts": "",
    "updaterUID": "obd-oEu_ux7eGkYfLwyopuPnZu8d7Hpvn4P",
    "theme": "",
    "layout": "",
    "viewCount": 0,
    "userName": "黑***你",
    "commentCount": 0,
    "starCount": 0,
    "isStared": 0,
    "thumbnailURL": "https://www.makeapie.com/ecg-storage/ec_gallery_thumbnail/xWiHpEeIsS.png?v=1625799074634",
    "isCustomThumbnail": 0,
    "builtinTags": [
        "category-work",
        "series-gauge",
        "title"
    ],
    "customTags": [],
    "updaterUserName": "黑***你"
}