{
    "cid": "xCEwsPJzIL",
    "authorUid": "bd-2889485481",
    "authorUserName": "红尘世家丶",
    "title": "期间：2019-05-06",
    "description": "对原有的基础上对标题进行了加工",
    "latestVersion": 1,
    "alwaysLatest": 1,
    "createTime": "2019-05-06T05:39:13.000Z",
    "lastUpdateTime": "2019-05-06T05:39:13.000Z",
    "auth": 2,
    "uid": "bd-2889485481",
    "publishedVersion": 0,
    "forkFrom": "-",
    "isSpam": 0,
    "version": 1,
    "parentVersion": -1,
    "echartsVersion": "4.2.1",
    "versionCreateTime": "2019-05-06T05:39:13.000Z",
    "html": "",
    "externalScripts": "",
    "updaterUID": "bd-2889485481",
    "theme": "",
    "layout": "",
    "viewCount": 70,
    "userName": "红尘世家丶",
    "commentCount": 0,
    "starCount": 1,
    "isStared": 0,
    "thumbnailURL": "https://www.makeapie.com/ecg-storage/ec_gallery_thumbnail/xCEwsPJzIL.png?v=1557121153688",
    "isCustomThumbnail": 0,
    "builtinTags": [
        "category-work",
        "grid",
        "series-scatter",
        "title",
        "tooltip"
    ],
    "customTags": [],
    "updaterUserName": "红尘世家丶"
}