{
    "cid": "xD2DAznrn9",
    "authorUid": "bd-3850529432",
    "authorUserName": "h***n",
    "title": "仪表盘",
    "description": "",
    "latestVersion": 3,
    "alwaysLatest": 1,
    "createTime": "2019-05-05T07:28:51.000Z",
    "lastUpdateTime": "2019-05-05T07:28:51.000Z",
    "auth": 2,
    "uid": "bd-3850529432",
    "publishedVersion": 0,
    "forkFrom": "-",
    "isSpam": 0,
    "version": 3,
    "parentVersion": 2,
    "echartsVersion": "4.2.1",
    "versionCreateTime": "2019-05-05T07:30:37.000Z",
    "html": "",
    "externalScripts": "",
    "updaterUID": "bd-3850529432",
    "theme": "",
    "layout": "",
    "viewCount": 790,
    "userName": "h***n",
    "commentCount": 0,
    "starCount": 3,
    "isStared": 0,
    "thumbnailURL": "https://www.makeapie.com/ecg-storage/ec_gallery_thumbnail/xD2DAznrn9.png?v=1557041437871",
    "isCustomThumbnail": 0,
    "builtinTags": [
        "category-work",
        "series-gauge",
        "title",
        "tooltip"
    ],
    "customTags": [],
    "updaterUserName": "h***n"
}