{
    "cid": "xD5ViHBKEI",
    "authorUid": "bd-4077488867",
    "authorUserName": "w***0",
    "title": "分段散点图",
    "description": "",
    "latestVersion": 4,
    "alwaysLatest": 1,
    "createTime": "2019-05-06T03:05:27.000Z",
    "lastUpdateTime": "2019-05-06T03:05:27.000Z",
    "auth": 2,
    "uid": "bd-4077488867",
    "publishedVersion": 0,
    "forkFrom": "-",
    "isSpam": 0,
    "version": 4,
    "parentVersion": 3,
    "echartsVersion": "4.4.0",
    "versionCreateTime": "2019-11-08T03:25:35.000Z",
    "html": "",
    "externalScripts": "",
    "updaterUID": "bd-4077488867",
    "theme": "",
    "layout": "",
    "viewCount": 189,
    "userName": "w***0",
    "commentCount": 0,
    "starCount": 1,
    "isStared": 0,
    "thumbnailURL": "https://www.makeapie.com/ecg-storage/ec_gallery_thumbnail/xD5ViHBKEI.png?v=1573183535328",
    "isCustomThumbnail": 0,
    "builtinTags": [
        "category-work",
        "grid",
        "series-scatter",
        "title",
        "tooltip"
    ],
    "customTags": [
        "scatter"
    ],
    "updaterUserName": "w***0"
}