{
    "cid": "xF7K7e8bRf",
    "authorUid": "bd-1580834365",
    "authorUserName": "随***空",
    "title": "bar",
    "description": "图片排行bar",
    "latestVersion": 1,
    "alwaysLatest": 1,
    "createTime": "2019-05-06T03:05:17.000Z",
    "lastUpdateTime": "2019-05-06T03:05:17.000Z",
    "auth": 2,
    "uid": "bd-1580834365",
    "publishedVersion": 0,
    "forkFrom": "-",
    "isSpam": 0,
    "version": 1,
    "parentVersion": -1,
    "echartsVersion": "4.2.1",
    "versionCreateTime": "2019-05-06T03:05:17.000Z",
    "html": "",
    "externalScripts": "",
    "updaterUID": "bd-1580834365",
    "theme": "",
    "layout": "",
    "viewCount": 332,
    "userName": "随***空",
    "commentCount": 0,
    "starCount": 6,
    "isStared": 0,
    "thumbnailURL": "https://www.makeapie.com/ecg-storage/ec_gallery_thumbnail/xF7K7e8bRf.png?v=1557111917922",
    "isCustomThumbnail": 0,
    "builtinTags": [
        "category-work",
        "grid",
        "series-bar"
    ],
    "customTags": [
        "bar",
        "img",
        "label"
    ],
    "updaterUserName": "随***空"
}