{
    "cid": "xgDmJ1tTwp",
    "authorUid": "bd-4198494328",
    "authorUserName": "十纪al",
    "title": "仪表盘-内存使用率",
    "description": "",
    "latestVersion": 4,
    "alwaysLatest": 1,
    "createTime": "2019-04-30T02:17:37.000Z",
    "lastUpdateTime": "2019-04-30T02:17:37.000Z",
    "auth": 2,
    "uid": "bd-4198494328",
    "publishedVersion": 0,
    "forkFrom": "-",
    "isSpam": 0,
    "version": 4,
    "parentVersion": 3,
    "echartsVersion": "4.2.1",
    "versionCreateTime": "2019-05-05T06:18:04.000Z",
    "html": "",
    "externalScripts": "",
    "updaterUID": "bd-4198494328",
    "theme": "",
    "layout": "",
    "viewCount": 542,
    "userName": "十纪al",
    "commentCount": 0,
    "starCount": 0,
    "isStared": 0,
    "thumbnailURL": "https://www.makeapie.com/ecg-storage/ec_gallery_thumbnail/xgDmJ1tTwp.png?v=1557037084796",
    "isCustomThumbnail": 0,
    "builtinTags": [
        "category-work",
        "series-gauge",
        "series-pie"
    ],
    "customTags": [],
    "updaterUserName": "十纪al"
}