{
    "cid": "xgSGVgW6O_",
    "authorUid": "bd-1547248901",
    "authorUserName": "段***8",
    "title": "柱状图",
    "description": "柱状图",
    "latestVersion": 4,
    "alwaysLatest": 1,
    "createTime": "2019-04-30T06:37:40.000Z",
    "lastUpdateTime": "2019-04-30T06:37:40.000Z",
    "auth": 2,
    "uid": "bd-1547248901",
    "publishedVersion": 0,
    "forkFrom": "-",
    "isSpam": 0,
    "version": 4,
    "parentVersion": 2,
    "echartsVersion": "4.2.1",
    "versionCreateTime": "2019-04-30T06:51:22.000Z",
    "html": "",
    "externalScripts": "",
    "updaterUID": "bd-1547248901",
    "theme": "",
    "layout": "",
    "viewCount": 63,
    "userName": "段***8",
    "commentCount": 0,
    "starCount": 0,
    "isStared": 0,
    "thumbnailURL": "https://www.makeapie.com/ecg-storage/ec_gallery_thumbnail/xgSGVgW6O_.png?v=1556607082362",
    "isCustomThumbnail": 0,
    "builtinTags": [
        "category-work",
        "grid",
        "series-bar",
        "tooltip"
    ],
    "customTags": [],
    "updaterUserName": "段***8"
}