{
    "cid": "xjReNuE6FN",
    "authorUid": "bd-1547248901",
    "authorUserName": "段***8",
    "title": "柱状图",
    "description": "柱状图",
    "latestVersion": 1,
    "alwaysLatest": 1,
    "createTime": "2019-04-30T06:43:21.000Z",
    "lastUpdateTime": "2019-04-30T06:43:21.000Z",
    "auth": 2,
    "uid": "bd-1547248901",
    "publishedVersion": 0,
    "forkFrom": "-",
    "isSpam": 0,
    "version": 1,
    "parentVersion": -1,
    "echartsVersion": "4.2.1",
    "versionCreateTime": "2019-04-30T06:43:21.000Z",
    "html": "",
    "externalScripts": "",
    "updaterUID": "bd-1547248901",
    "theme": "default",
    "layout": "",
    "viewCount": 40,
    "userName": "段***8",
    "commentCount": 0,
    "starCount": 0,
    "isStared": 0,
    "thumbnailURL": "https://www.makeapie.com/ecg-storage/ec_gallery_thumbnail/xjReNuE6FN.png?v=1556606601616",
    "isCustomThumbnail": 0,
    "builtinTags": [
        "category-work",
        "grid",
        "series-bar",
        "tooltip"
    ],
    "customTags": [],
    "updaterUserName": "段***8"
}