{
    "cid": "xKdf51HpRE",
    "authorUid": "bd-3778831175",
    "authorUserName": "m***i",
    "title": "百度地图扩展导出图片",
    "description": "重写 toolbox 图片下载功能",
    "latestVersion": 1,
    "alwaysLatest": 1,
    "createTime": "2019-05-01T15:44:15.000Z",
    "lastUpdateTime": "2019-05-01T15:44:15.000Z",
    "auth": 2,
    "uid": "bd-3778831175",
    "publishedVersion": 0,
    "forkFrom": "-",
    "isSpam": 0,
    "version": 1,
    "parentVersion": -1,
    "echartsVersion": "4.2.1",
    "versionCreateTime": "2019-05-01T15:44:15.000Z",
    "html": "",
    "externalScripts": "https://api.map.baidu.com/api?v=3.0&ak=E4805d16520de693a3fe707cdc962045,/dep/echarts/latest/extension/bmap.min.js",
    "updaterUID": "bd-3778831175",
    "theme": "",
    "layout": "",
    "viewCount": 729,
    "userName": "m***i",
    "commentCount": 0,
    "starCount": 3,
    "isStared": 0,
    "thumbnailURL": "https://www.makeapie.com/ecg-storage/ec_gallery_thumbnail/xKdf51HpRE.undefined?v=",
    "isCustomThumbnail": 0,
    "builtinTags": [
        "category-work"
    ],
    "customTags": [
        "bmap",
        "toolbox"
    ],
    "updaterUserName": "m***i"
}