{
    "cid": "xPEfSdEthI",
    "authorUid": "bd-101897118",
    "authorUserName": "q***e",
    "title": "-AQI-使图标居中",
    "description": "",
    "latestVersion": 2,
    "alwaysLatest": 1,
    "createTime": "2019-04-30T07:19:49.000Z",
    "lastUpdateTime": "2019-04-30T07:19:49.000Z",
    "auth": 2,
    "uid": "bd-101897118",
    "publishedVersion": 0,
    "forkFrom": "-",
    "isSpam": 0,
    "version": 2,
    "parentVersion": 1,
    "echartsVersion": "4.2.1",
    "versionCreateTime": "2019-04-30T07:20:28.000Z",
    "html": "",
    "externalScripts": "",
    "updaterUID": "bd-101897118",
    "theme": "",
    "layout": "",
    "viewCount": 1931,
    "userName": "q***e",
    "commentCount": 0,
    "starCount": 7,
    "isStared": 0,
    "thumbnailURL": "https://www.makeapie.com/ecg-storage/ec_gallery_thumbnail/xPEfSdEthI.png?v=1556608828393",
    "isCustomThumbnail": 0,
    "builtinTags": [
        "category-work",
        "series-pie",
        "title"
    ],
    "customTags": [],
    "updaterUserName": "q***e"
}