{
    "cid": "xSHh34mXx0",
    "authorUid": "bd-1664736122",
    "authorUserName": "无心ingsmile",
    "title": "双value柱形图",
    "description": "",
    "latestVersion": 1,
    "alwaysLatest": 1,
    "createTime": "2019-05-05T02:59:12.000Z",
    "lastUpdateTime": "2019-05-05T02:59:12.000Z",
    "auth": 2,
    "uid": "bd-1664736122",
    "publishedVersion": 0,
    "forkFrom": "-",
    "isSpam": 0,
    "version": 1,
    "parentVersion": -1,
    "echartsVersion": "4.2.1",
    "versionCreateTime": "2019-05-05T02:59:12.000Z",
    "html": "",
    "externalScripts": "",
    "updaterUID": "bd-1664736122",
    "theme": "",
    "layout": "",
    "viewCount": 23,
    "userName": "无心ingsmile",
    "commentCount": 0,
    "starCount": 0,
    "isStared": 0,
    "thumbnailURL": "https://www.makeapie.com/ecg-storage/ec_gallery_thumbnail/xSHh34mXx0.png?v=1557025152194",
    "isCustomThumbnail": 0,
    "builtinTags": [
        "category-work",
        "grid",
        "series-custom",
        "title",
        "tooltip"
    ],
    "customTags": [],
    "updaterUserName": "无心ingsmile"
}