{
    "cid": "xvgshCTYjZ",
    "authorUid": "bd-127895190",
    "authorUserName": "C***N",
    "title": "宁夏省各市站点分布排名情况",
    "description": "使用柱状图自定义排名",
    "latestVersion": 1,
    "alwaysLatest": 1,
    "createTime": "2019-04-29T09:40:11.000Z",
    "lastUpdateTime": "2019-04-29T09:40:11.000Z",
    "auth": 2,
    "uid": "bd-127895190",
    "publishedVersion": 0,
    "forkFrom": "-",
    "isSpam": 0,
    "version": 1,
    "parentVersion": -1,
    "echartsVersion": "4.2.1",
    "versionCreateTime": "2019-04-29T09:40:11.000Z",
    "html": "",
    "externalScripts": "",
    "updaterUID": "bd-127895190",
    "theme": "",
    "layout": "",
    "viewCount": 230,
    "userName": "C***N",
    "commentCount": 0,
    "starCount": 5,
    "isStared": 0,
    "thumbnailURL": "https://www.makeapie.com/ecg-storage/ec_gallery_thumbnail/xvgshCTYjZ.png?v=1556530811574",
    "isCustomThumbnail": 0,
    "builtinTags": [
        "category-work",
        "grid",
        "series-bar",
        "title",
        "tooltip"
    ],
    "customTags": [],
    "updaterUserName": "C***N"
}