{
    "cid": "xzOLkOcwLA",
    "authorUid": "bd-3578067285",
    "authorUserName": "勿***心",
    "title": "仪表盘",
    "description": "",
    "latestVersion": 2,
    "alwaysLatest": 1,
    "createTime": "2019-05-05T10:09:40.000Z",
    "lastUpdateTime": "2019-05-05T10:09:40.000Z",
    "auth": 2,
    "uid": "bd-3578067285",
    "publishedVersion": 0,
    "forkFrom": "-",
    "isSpam": 0,
    "version": 2,
    "parentVersion": 1,
    "echartsVersion": "4.2.1",
    "versionCreateTime": "2019-05-05T10:14:54.000Z",
    "html": "",
    "externalScripts": "",
    "updaterUID": "bd-3578067285",
    "theme": "",
    "layout": "",
    "viewCount": 243,
    "userName": "勿***心",
    "commentCount": 0,
    "starCount": 2,
    "isStared": 0,
    "thumbnailURL": "https://www.makeapie.com/ecg-storage/ec_gallery_thumbnail/xzOLkOcwLA.png?v=1557051294959",
    "isCustomThumbnail": 0,
    "builtinTags": [
        "category-work",
        "series-gauge",
        "toolbox",
        "tooltip"
    ],
    "customTags": [],
    "updaterUserName": "勿***心"
}