{
    "cid": "x17OFVY3j",
    "authorUid": "bd-2922637437",
    "authorUserName": "夜***淮",
    "title": "柱图-重叠",
    "description": "三组数据  两组重叠",
    "latestVersion": 7,
    "alwaysLatest": 1,
    "createTime": "2019-11-18T03:07:23.000Z",
    "lastUpdateTime": "2019-11-18T03:07:23.000Z",
    "auth": 2,
    "uid": "bd-2922637437",
    "publishedVersion": 0,
    "forkFrom": "-",
    "isSpam": 0,
    "version": 7,
    "parentVersion": 6,
    "echartsVersion": "4.4.0",
    "versionCreateTime": "2019-12-12T00:57:32.000Z",
    "html": "",
    "externalScripts": "",
    "updaterUID": "bd-2922637437",
    "theme": "",
    "layout": "",
    "viewCount": 298,
    "userName": "夜***淮",
    "commentCount": 0,
    "starCount": 0,
    "isStared": 0,
    "thumbnailURL": "https://www.makeapie.com/ecg-storage/ec_gallery_thumbnail/x17OFVY3j.png?v=1576112252357",
    "isCustomThumbnail": 0,
    "builtinTags": [
        "category-work",
        "dataZoom",
        "grid",
        "legend",
        "series-bar",
        "toolbox"
    ],
    "customTags": [
        "bar"
    ],
    "updaterUserName": "夜***淮"
}