{
    "cid": "x1phpsD6t",
    "authorUid": "bd-1276968252",
    "authorUserName": "吕***遥",
    "title": "折线图背景Area",
    "description": "",
    "latestVersion": 2,
    "alwaysLatest": 1,
    "createTime": "2019-11-18T06:54:41.000Z",
    "lastUpdateTime": "2019-11-18T06:54:41.000Z",
    "auth": 2,
    "uid": "bd-1276968252",
    "publishedVersion": 0,
    "forkFrom": "-",
    "isSpam": 0,
    "version": 2,
    "parentVersion": 1,
    "echartsVersion": "4.4.0",
    "versionCreateTime": "2019-11-19T08:45:09.000Z",
    "html": "",
    "externalScripts": "",
    "updaterUID": "bd-1276968252",
    "theme": "",
    "layout": "",
    "viewCount": 366,
    "userName": "吕***遥",
    "commentCount": 0,
    "starCount": 5,
    "isStared": 0,
    "thumbnailURL": "https://www.makeapie.com/ecg-storage/ec_gallery_thumbnail/x1phpsD6t.png?v=1574153109167",
    "isCustomThumbnail": 0,
    "builtinTags": [
        "category-work",
        "grid",
        "legend",
        "series-line"
    ],
    "customTags": [],
    "updaterUserName": "吕***遥"
}