{
    "cid": "x9ReTWWda",
    "authorUid": "bd-3984266780",
    "authorUserName": "九***技",
    "title": "饼图",
    "description": "之前大腿的作品-修改了下",
    "latestVersion": 1,
    "alwaysLatest": 1,
    "createTime": "2019-11-19T03:42:30.000Z",
    "lastUpdateTime": "2019-11-19T03:42:30.000Z",
    "auth": 2,
    "uid": "bd-3984266780",
    "publishedVersion": 0,
    "forkFrom": "-",
    "isSpam": 0,
    "version": 1,
    "parentVersion": -1,
    "echartsVersion": "4.4.0",
    "versionCreateTime": "2019-11-19T03:42:30.000Z",
    "html": "",
    "externalScripts": "",
    "updaterUID": "bd-3984266780",
    "theme": "",
    "layout": "",
    "viewCount": 658,
    "userName": "九***技",
    "commentCount": 0,
    "starCount": 4,
    "isStared": 0,
    "thumbnailURL": "https://www.makeapie.com/ecg-storage/ec_gallery_thumbnail/x9ReTWWda.png?v=1574134950188",
    "isCustomThumbnail": 0,
    "builtinTags": [
        "category-work",
        "legend",
        "polar",
        "series-pie",
        "tooltip"
    ],
    "customTags": [],
    "updaterUserName": "九***技"
}