{
    "cid": "xBpvWCE2u",
    "authorUid": "bd-1279899726",
    "authorUserName": "设***空",
    "title": "自定义堆积图",
    "description": "",
    "latestVersion": 1,
    "alwaysLatest": 1,
    "createTime": "2019-11-19T03:21:22.000Z",
    "lastUpdateTime": "2019-11-19T03:21:22.000Z",
    "auth": 2,
    "uid": "bd-1279899726",
    "publishedVersion": 0,
    "forkFrom": "-",
    "isSpam": 0,
    "version": 1,
    "parentVersion": -1,
    "echartsVersion": "4.4.0",
    "versionCreateTime": "2019-11-19T03:21:22.000Z",
    "html": "",
    "externalScripts": "",
    "updaterUID": "bd-1279899726",
    "theme": "",
    "layout": "",
    "viewCount": 62,
    "userName": "设***空",
    "commentCount": 0,
    "starCount": 0,
    "isStared": 0,
    "thumbnailURL": "https://www.makeapie.com/ecg-storage/ec_gallery_thumbnail/xBpvWCE2u.png?v=1574133682922",
    "isCustomThumbnail": 0,
    "builtinTags": [
        "category-work",
        "grid",
        "series-line"
    ],
    "customTags": [],
    "updaterUserName": "设***空"
}