{
    "cid": "xgkYEgfnJ",
    "authorUid": "bd-1279899726",
    "authorUserName": "设***空",
    "title": "条形T图",
    "description": "柱图+散点图 组合图",
    "latestVersion": 1,
    "alwaysLatest": 1,
    "createTime": "2019-11-19T03:12:06.000Z",
    "lastUpdateTime": "2019-11-19T03:12:06.000Z",
    "auth": 2,
    "uid": "bd-1279899726",
    "publishedVersion": 0,
    "forkFrom": "-",
    "isSpam": 0,
    "version": 1,
    "parentVersion": -1,
    "echartsVersion": "4.4.0",
    "versionCreateTime": "2019-11-19T03:12:06.000Z",
    "html": "",
    "externalScripts": "",
    "updaterUID": "bd-1279899726",
    "theme": "",
    "layout": "",
    "viewCount": 68,
    "userName": "设***空",
    "commentCount": 0,
    "starCount": 1,
    "isStared": 0,
    "thumbnailURL": "https://www.makeapie.com/ecg-storage/ec_gallery_thumbnail/xgkYEgfnJ.png?v=1574133126101",
    "isCustomThumbnail": 0,
    "builtinTags": [
        "category-work",
        "grid",
        "series-bar",
        "series-scatter"
    ],
    "customTags": [],
    "updaterUserName": "设***空"
}