{
    "cid": "xH-RapIGF",
    "authorUid": "bd-121324472",
    "authorUserName": "薄***凉",
    "title": "子弹图",
    "description": "",
    "latestVersion": 1,
    "alwaysLatest": 1,
    "createTime": "2019-11-19T06:09:44.000Z",
    "lastUpdateTime": "2019-11-19T06:09:44.000Z",
    "auth": 2,
    "uid": "bd-121324472",
    "publishedVersion": 0,
    "forkFrom": "-",
    "isSpam": 0,
    "version": 1,
    "parentVersion": -1,
    "echartsVersion": "4.4.0",
    "versionCreateTime": "2019-11-19T06:09:44.000Z",
    "html": "",
    "externalScripts": "",
    "updaterUID": "bd-121324472",
    "theme": "",
    "layout": "",
    "viewCount": 78,
    "userName": "薄***凉",
    "commentCount": 0,
    "starCount": 2,
    "isStared": 0,
    "thumbnailURL": "https://www.makeapie.com/ecg-storage/ec_gallery_thumbnail/xH-RapIGF.png?v=1574143784595",
    "isCustomThumbnail": 0,
    "builtinTags": [
        "category-work",
        "grid",
        "legend",
        "markLine",
        "series-bar",
        "title",
        "tooltip"
    ],
    "customTags": [
        "bullet-graph"
    ],
    "updaterUserName": "薄***凉"
}