{
    "cid": "xleQ2GRCh",
    "authorUid": "bd-775627581",
    "authorUserName": "s***丶",
    "title": "Awesome Chart",
    "description": "",
    "latestVersion": 1,
    "alwaysLatest": 1,
    "createTime": "2019-11-18T09:57:36.000Z",
    "lastUpdateTime": "2019-11-18T09:57:36.000Z",
    "auth": 2,
    "uid": "bd-775627581",
    "publishedVersion": 0,
    "forkFrom": "-",
    "isSpam": 0,
    "version": 1,
    "parentVersion": -1,
    "echartsVersion": "4.4.0",
    "versionCreateTime": "2019-11-18T09:57:36.000Z",
    "html": "",
    "externalScripts": "",
    "updaterUID": "bd-775627581",
    "theme": "",
    "layout": "",
    "viewCount": 9,
    "userName": "s***丶",
    "commentCount": 0,
    "starCount": 0,
    "isStared": 0,
    "thumbnailURL": "https://www.makeapie.com/ecg-storage/ec_gallery_thumbnail/xleQ2GRCh.png?v=1574071056444",
    "isCustomThumbnail": 0,
    "builtinTags": [
        "category-work",
        "grid",
        "series-line",
        "title"
    ],
    "customTags": [],
    "updaterUserName": "s***丶"
}