{
    "cid": "xPzXq4UV-",
    "authorUid": "bd-657056988",
    "authorUserName": "寒***寂",
    "title": "交通事故知识图谱",
    "description": "",
    "latestVersion": 1,
    "alwaysLatest": 1,
    "createTime": "2019-11-19T05:20:30.000Z",
    "lastUpdateTime": "2019-11-19T05:20:30.000Z",
    "auth": 2,
    "uid": "bd-657056988",
    "publishedVersion": 0,
    "forkFrom": "-",
    "isSpam": 0,
    "version": 1,
    "parentVersion": -1,
    "echartsVersion": "4.4.0",
    "versionCreateTime": "2019-11-19T05:20:31.000Z",
    "html": "",
    "externalScripts": "",
    "updaterUID": "bd-657056988",
    "theme": "",
    "layout": "",
    "viewCount": 325,
    "userName": "寒***寂",
    "commentCount": 0,
    "starCount": 0,
    "isStared": 0,
    "thumbnailURL": "https://www.makeapie.com/ecg-storage/ec_gallery_thumbnail/xPzXq4UV-.png?v=1574140831113",
    "isCustomThumbnail": 0,
    "builtinTags": [
        "category-work",
        "legend",
        "series-graph",
        "title",
        "toolbox",
        "tooltip"
    ],
    "customTags": [],
    "updaterUserName": "寒***寂"
}