{
    "cid": "xS84dKG2k",
    "authorUid": "bd-1279899726",
    "authorUserName": "设***空",
    "title": "环比图柱形图",
    "description": "",
    "latestVersion": 2,
    "alwaysLatest": 1,
    "createTime": "2019-11-19T03:22:23.000Z",
    "lastUpdateTime": "2019-11-19T03:22:23.000Z",
    "auth": 2,
    "uid": "bd-1279899726",
    "publishedVersion": 0,
    "forkFrom": "-",
    "isSpam": 0,
    "version": 2,
    "parentVersion": 1,
    "echartsVersion": "4.4.0",
    "versionCreateTime": "2019-11-27T07:21:32.000Z",
    "html": "",
    "externalScripts": "",
    "updaterUID": "bd-1279899726",
    "theme": "",
    "layout": "",
    "viewCount": 67,
    "userName": "设***空",
    "commentCount": 0,
    "starCount": 0,
    "isStared": 0,
    "thumbnailURL": "https://www.makeapie.com/ecg-storage/ec_gallery_thumbnail/xS84dKG2k.png?v=1574839292664",
    "isCustomThumbnail": 0,
    "builtinTags": [
        "category-work",
        "grid",
        "series-bar",
        "series-pictorialBar"
    ],
    "customTags": [],
    "updaterUserName": "设***空"
}