{
    "cid": "x2brr3CZKE",
    "authorUid": "obd-oNCD9qj3Hm7_BNJwPKH88weeiMbWcCZ",
    "authorUserName": "155******82",
    "title": "年龄分布",
    "description": "饼状图",
    "latestVersion": 2,
    "alwaysLatest": 0,
    "createTime": "2021-10-09T13:43:52.000Z",
    "lastUpdateTime": "2021-10-09T13:46:14.000Z",
    "auth": 2,
    "uid": "obd-oNCD9qj3Hm7_BNJwPKH88weeiMbWcCZ",
    "publishedVersion": 0,
    "forkFrom": "-",
    "isSpam": 0,
    "version": 2,
    "parentVersion": 1,
    "echartsVersion": "5.2.1",
    "versionCreateTime": "2021-10-09T13:46:14.000Z",
    "html": "",
    "externalScripts": "",
    "updaterUID": "obd-oNCD9qj3Hm7_BNJwPKH88weeiMbWcCZ",
    "theme": "",
    "layout": "",
    "viewCount": 0,
    "userName": "155******82",
    "commentCount": 0,
    "starCount": 0,
    "isStared": 0,
    "thumbnailURL": "https://www.makeapie.com/ecg-storage/ec_gallery_thumbnail/x2brr3CZKE.png?v=1633787174363",
    "isCustomThumbnail": 0,
    "builtinTags": [
        "category-work",
        "legend",
        "polar",
        "series-pie",
        "title",
        "tooltip"
    ],
    "customTags": [],
    "updaterUserName": "155******82"
}