{
    "cid": "xAYJG1wsX9",
    "authorUid": "bd-3626886291",
    "authorUserName": "l***u",
    "title": "班级积分排行榜",
    "description": "动态班级积分排行榜",
    "latestVersion": 3,
    "alwaysLatest": 0,
    "createTime": "2021-10-11T08:54:56.000Z",
    "lastUpdateTime": "2021-10-11T09:02:56.000Z",
    "auth": 2,
    "uid": "bd-3626886291",
    "publishedVersion": 0,
    "forkFrom": "-",
    "isSpam": 0,
    "version": 3,
    "parentVersion": 2,
    "echartsVersion": "5.2.1",
    "versionCreateTime": "2021-10-11T09:02:56.000Z",
    "html": "",
    "externalScripts": "",
    "updaterUID": "bd-3626886291",
    "theme": "dark",
    "layout": "",
    "viewCount": 0,
    "userName": "l***u",
    "commentCount": 0,
    "starCount": 1,
    "isStared": 0,
    "thumbnailURL": "https://www.makeapie.com/ecg-storage/ec_gallery_thumbnail/xAYJG1wsX9.png?v=1633942977130",
    "isCustomThumbnail": 0,
    "builtinTags": [
        "category-work",
        "grid",
        "series-bar",
        "title"
    ],
    "customTags": [
        "动态排序",
        "排行榜",
        "飙升榜"
    ],
    "updaterUserName": "l***u"
}