{
    "cid": "xbmSYGhnhK",
    "authorUid": "obd-otFvDd8X6Y0Q1OiiZOotYR2w68miI81",
    "authorUserName": "大***神",
    "title": "杭州市3D地图",
    "description": "杭州市3D地图",
    "latestVersion": 1,
    "alwaysLatest": 0,
    "createTime": "2021-10-12T03:30:15.000Z",
    "lastUpdateTime": "2021-10-12T03:30:15.000Z",
    "auth": 2,
    "uid": "obd-otFvDd8X6Y0Q1OiiZOotYR2w68miI81",
    "publishedVersion": 0,
    "forkFrom": "-",
    "isSpam": 0,
    "version": 1,
    "parentVersion": -1,
    "echartsVersion": "5.2.1",
    "versionCreateTime": "2021-10-12T03:30:15.000Z",
    "html": "",
    "externalScripts": "https://cdn.jsdelivr.net/npm/echarts-gl@2/dist/echarts-gl.min.js",
    "updaterUID": "obd-otFvDd8X6Y0Q1OiiZOotYR2w68miI81",
    "theme": "",
    "layout": "",
    "viewCount": 0,
    "userName": "大***神",
    "commentCount": 1,
    "starCount": 7,
    "isStared": 0,
    "thumbnailURL": "https://www.makeapie.com/ecg-storage/ec_gallery_thumbnail/xbmSYGhnhK.png?v=1634009415857",
    "isCustomThumbnail": 0,
    "builtinTags": [
        "category-work",
        "series-map3D",
        "title"
    ],
    "customTags": [
        "3d",
        "3d地图",
        "地图",
        "浙江省"
    ],
    "updaterUserName": "大***神"
}