{
    "cid": "xdXamHdiNS",
    "authorUid": "bd-3626886291",
    "authorUserName": "l***u",
    "title": "爱护卫生",
    "description": "",
    "latestVersion": 1,
    "alwaysLatest": 0,
    "createTime": "2021-10-11T06:47:13.000Z",
    "lastUpdateTime": "2021-10-11T06:47:13.000Z",
    "auth": 2,
    "uid": "bd-3626886291",
    "publishedVersion": 0,
    "forkFrom": "-",
    "isSpam": 0,
    "version": 1,
    "parentVersion": -1,
    "echartsVersion": "5.2.1",
    "versionCreateTime": "2021-10-11T06:47:13.000Z",
    "html": "",
    "externalScripts": "",
    "updaterUID": "bd-3626886291",
    "theme": "dark",
    "layout": "",
    "viewCount": 0,
    "userName": "l***u",
    "commentCount": 0,
    "starCount": 4,
    "isStared": 0,
    "thumbnailURL": "https://www.makeapie.com/ecg-storage/ec_gallery_thumbnail/xdXamHdiNS.png?v=1633934833998",
    "isCustomThumbnail": 0,
    "builtinTags": [
        "category-work",
        "legend",
        "radar",
        "series-radar",
        "title",
        "tooltip"
    ],
    "customTags": [],
    "updaterUserName": "l***u"
}