{
    "cid": "xEo14eUPct",
    "authorUid": "bd-2218151701",
    "authorUserName": "爱***鲜",
    "title": "水波纹图表",
    "description": "",
    "latestVersion": 3,
    "alwaysLatest": 1,
    "createTime": "2021-10-12T03:10:42.000Z",
    "lastUpdateTime": "2021-10-12T07:54:33.000Z",
    "auth": 2,
    "uid": "bd-2218151701",
    "publishedVersion": 0,
    "forkFrom": "-",
    "isSpam": 0,
    "version": 3,
    "parentVersion": 2,
    "echartsVersion": "4.9.0",
    "versionCreateTime": "2021-10-12T07:54:33.000Z",
    "html": "",
    "externalScripts": "https://echarts.baidu.com/resource/echarts-liquidfill-latest/dist/echarts-liquidfill.min.js",
    "updaterUID": "bd-2218151701",
    "theme": "",
    "layout": "",
    "viewCount": 0,
    "userName": "爱***鲜",
    "commentCount": 0,
    "starCount": 7,
    "isStared": 0,
    "thumbnailURL": "https://www.makeapie.com/ecg-storage/ec_gallery_thumbnail/xEo14eUPct.png?v=1634025274013",
    "isCustomThumbnail": 0,
    "builtinTags": [
        "category-work",
        "series-liquidFill",
        "series-pie",
        "title"
    ],
    "customTags": [],
    "updaterUserName": "爱***鲜"
}