{
    "cid": "xGmT8QJYq8",
    "authorUid": "bd-3626886291",
    "authorUserName": "l***u",
    "title": "进校礼仪",
    "description": "",
    "latestVersion": 1,
    "alwaysLatest": 0,
    "createTime": "2021-10-11T05:48:22.000Z",
    "lastUpdateTime": "2021-10-11T05:48:22.000Z",
    "auth": 2,
    "uid": "bd-3626886291",
    "publishedVersion": 0,
    "forkFrom": "-",
    "isSpam": 0,
    "version": 1,
    "parentVersion": -1,
    "echartsVersion": "5.2.1",
    "versionCreateTime": "2021-10-11T05:48:22.000Z",
    "html": "",
    "externalScripts": "",
    "updaterUID": "bd-3626886291",
    "theme": "dark",
    "layout": "",
    "viewCount": 0,
    "userName": "l***u",
    "commentCount": 0,
    "starCount": 1,
    "isStared": 0,
    "thumbnailURL": "https://www.makeapie.com/ecg-storage/ec_gallery_thumbnail/xGmT8QJYq8.png?v=1633931302792",
    "isCustomThumbnail": 0,
    "builtinTags": [
        "category-work",
        "dataset",
        "grid",
        "legend",
        "series-bar",
        "title",
        "tooltip"
    ],
    "customTags": [],
    "updaterUserName": "l***u"
}