{
    "cid": "xGT1HbylYj",
    "authorUid": "obd-ojgTs_jdAA-jsHdwfk15r7p6NNzmTDK",
    "authorUserName": "一***心",
    "title": "单位生产成本趋势分析",
    "description": "场景1",
    "latestVersion": 23,
    "alwaysLatest": 0,
    "createTime": "2021-10-12T03:32:52.000Z",
    "lastUpdateTime": "2021-11-09T06:34:43.000Z",
    "auth": 2,
    "uid": "obd-ojgTs_jdAA-jsHdwfk15r7p6NNzmTDK",
    "publishedVersion": 0,
    "forkFrom": "-",
    "isSpam": 0,
    "version": 23,
    "parentVersion": 22,
    "echartsVersion": "5.2.1",
    "versionCreateTime": "2021-11-09T06:34:43.000Z",
    "html": "",
    "externalScripts": "",
    "updaterUID": "obd-ojgTs_jdAA-jsHdwfk15r7p6NNzmTDK",
    "theme": "default",
    "layout": "",
    "viewCount": 0,
    "userName": "一***心",
    "commentCount": 0,
    "starCount": 1,
    "isStared": 0,
    "thumbnailURL": "https://www.makeapie.com/ecg-storage/ec_gallery_thumbnail/xGT1HbylYj.png?v=1636439684019",
    "isCustomThumbnail": 0,
    "builtinTags": [
        "category-work",
        "grid",
        "series-bar",
        "series-line",
        "title"
    ],
    "customTags": [],
    "updaterUserName": "一***心"
}