{
    "cid": "xHJVoXuzDk",
    "authorUid": "obd-o0mqqQ_j-RgMYHMENxVQTlUG0DW_qFt",
    "authorUserName": "O***O",
    "title": "强交互柱状图",
    "description": "带有以下功能:\n1.选中/停留,隐藏其他以起到强调作用\n2.带有灰色背景,可以更好的看出差值\n3.带datazoom,可用于选取需要的数据部分\n4.带有颜色条,可以自由选择需要数据的部分\n5,颜色丰富,饱满,不刺眼,看着很舒服",
    "latestVersion": 3,
    "alwaysLatest": 0,
    "createTime": "2021-10-12T05:39:10.000Z",
    "lastUpdateTime": "2021-10-12T05:40:43.000Z",
    "auth": 2,
    "uid": "obd-o0mqqQ_j-RgMYHMENxVQTlUG0DW_qFt",
    "publishedVersion": 0,
    "forkFrom": "-",
    "isSpam": 0,
    "version": 3,
    "parentVersion": 1,
    "echartsVersion": "5.2.1",
    "versionCreateTime": "2021-10-12T05:40:44.000Z",
    "html": "",
    "externalScripts": "",
    "updaterUID": "obd-o0mqqQ_j-RgMYHMENxVQTlUG0DW_qFt",
    "theme": "",
    "layout": "",
    "viewCount": 0,
    "userName": "O***O",
    "commentCount": 0,
    "starCount": 0,
    "isStared": 0,
    "thumbnailURL": "https://www.makeapie.com/ecg-storage/ec_gallery_thumbnail/xHJVoXuzDk.png?v=1634017244111",
    "isCustomThumbnail": 0,
    "builtinTags": [
        "category-work",
        "dataZoom",
        "grid",
        "series-bar",
        "title",
        "toolbox",
        "tooltip",
        "visualMap"
    ],
    "customTags": [],
    "updaterUserName": "O***O"
}