{
    "cid": "xi6grnsxkd",
    "authorUid": "bd-3489355751",
    "authorUserName": "火***冰",
    "title": "饼图",
    "description": "",
    "latestVersion": 1,
    "alwaysLatest": 0,
    "createTime": "2021-10-11T09:52:44.000Z",
    "lastUpdateTime": "2021-10-11T09:52:44.000Z",
    "auth": 2,
    "uid": "bd-3489355751",
    "publishedVersion": 0,
    "forkFrom": "-",
    "isSpam": 0,
    "version": 1,
    "parentVersion": -1,
    "echartsVersion": "4.9.0",
    "versionCreateTime": "2021-10-11T09:52:44.000Z",
    "html": "",
    "externalScripts": "",
    "updaterUID": "bd-3489355751",
    "theme": "",
    "layout": "",
    "viewCount": 0,
    "userName": "火***冰",
    "commentCount": 0,
    "starCount": 1,
    "isStared": 0,
    "thumbnailURL": "https://www.makeapie.com/ecg-storage/ec_gallery_thumbnail/xi6grnsxkd.png?v=1633945964556",
    "isCustomThumbnail": 0,
    "builtinTags": [
        "category-work",
        "legend",
        "series-pie",
        "tooltip"
    ],
    "customTags": [],
    "updaterUserName": "火***冰"
}