{
    "cid": "xjdK8ABz20",
    "authorUid": "obd-oM1VlKsG5ZBGX8SPmltDaAa9ymO6y2g",
    "authorUserName": "云***飞",
    "title": "左右对比图",
    "description": "",
    "latestVersion": 1,
    "alwaysLatest": 0,
    "createTime": "2021-10-11T10:23:06.000Z",
    "lastUpdateTime": "2021-10-11T10:23:06.000Z",
    "auth": 2,
    "uid": "obd-oM1VlKsG5ZBGX8SPmltDaAa9ymO6y2g",
    "publishedVersion": 0,
    "forkFrom": "-",
    "isSpam": 0,
    "version": 1,
    "parentVersion": -1,
    "echartsVersion": "5.2.1",
    "versionCreateTime": "2021-10-11T10:23:06.000Z",
    "html": "",
    "externalScripts": "",
    "updaterUID": "obd-oM1VlKsG5ZBGX8SPmltDaAa9ymO6y2g",
    "theme": "",
    "layout": "",
    "viewCount": 0,
    "userName": "云***飞",
    "commentCount": 0,
    "starCount": 1,
    "isStared": 0,
    "thumbnailURL": "https://www.makeapie.com/ecg-storage/ec_gallery_thumbnail/xjdK8ABz20.png?v=1633947787120",
    "isCustomThumbnail": 0,
    "builtinTags": [
        "category-work",
        "grid",
        "legend",
        "series-bar",
        "tooltip"
    ],
    "customTags": [],
    "updaterUserName": "云***飞"
}