{
    "cid": "xK_M-3eXGy",
    "authorUid": "obd-o0KOekueCf6RxxnL_0ra3oAQc7WuyFd",
    "authorUserName": "热***目",
    "title": "横向柱状图",
    "description": "",
    "latestVersion": 1,
    "alwaysLatest": 0,
    "createTime": "2021-10-11T02:54:57.000Z",
    "lastUpdateTime": "2021-10-11T02:54:57.000Z",
    "auth": 2,
    "uid": "obd-o0KOekueCf6RxxnL_0ra3oAQc7WuyFd",
    "publishedVersion": 0,
    "forkFrom": "-",
    "isSpam": 0,
    "version": 1,
    "parentVersion": -1,
    "echartsVersion": "5.2.1",
    "versionCreateTime": "2021-10-11T02:54:57.000Z",
    "html": "",
    "externalScripts": "",
    "updaterUID": "obd-o0KOekueCf6RxxnL_0ra3oAQc7WuyFd",
    "theme": "dark",
    "layout": "",
    "viewCount": 0,
    "userName": "热***目",
    "commentCount": 0,
    "starCount": 2,
    "isStared": 0,
    "thumbnailURL": "https://www.makeapie.com/ecg-storage/ec_gallery_thumbnail/xK_M-3eXGy.png?v=1633920897401",
    "isCustomThumbnail": 0,
    "builtinTags": [
        "category-work",
        "grid",
        "series-bar",
        "tooltip"
    ],
    "customTags": [],
    "updaterUserName": "热***目"
}