{
    "cid": "xQxoYQt2Ca",
    "authorUid": "obd-oEc70QTGd0ywmAB7Raqv5CBkzdVXZ4N",
    "authorUserName": "泡***_",
    "title": "安全基线",
    "description": "",
    "latestVersion": 1,
    "alwaysLatest": 0,
    "createTime": "2021-10-12T02:56:55.000Z",
    "lastUpdateTime": "2021-10-12T02:56:55.000Z",
    "auth": 2,
    "uid": "obd-oEc70QTGd0ywmAB7Raqv5CBkzdVXZ4N",
    "publishedVersion": 0,
    "forkFrom": "-",
    "isSpam": 0,
    "version": 1,
    "parentVersion": -1,
    "echartsVersion": "5.2.1",
    "versionCreateTime": "2021-10-12T02:56:55.000Z",
    "html": "",
    "externalScripts": "",
    "updaterUID": "obd-oEc70QTGd0ywmAB7Raqv5CBkzdVXZ4N",
    "theme": "",
    "layout": "",
    "viewCount": 0,
    "userName": "泡***_",
    "commentCount": 0,
    "starCount": 4,
    "isStared": 0,
    "thumbnailURL": "https://www.makeapie.com/ecg-storage/ec_gallery_thumbnail/xQxoYQt2Ca.png?v=1634007415622",
    "isCustomThumbnail": 0,
    "builtinTags": [
        "category-work",
        "grid",
        "legend",
        "markLine",
        "series-line",
        "tooltip"
    ],
    "customTags": [],
    "updaterUserName": "泡***_"
}