{
    "cid": "xSMDoXBiyX",
    "authorUid": "obd-otOvfSjx98CAjlBxD8rBotUbSPjjt8t",
    "authorUserName": "131******20",
    "title": "test_2 y axis",
    "description": "",
    "latestVersion": 1,
    "alwaysLatest": 0,
    "createTime": "2021-10-12T03:00:11.000Z",
    "lastUpdateTime": "2021-10-12T03:00:11.000Z",
    "auth": 2,
    "uid": "obd-otOvfSjx98CAjlBxD8rBotUbSPjjt8t",
    "publishedVersion": 0,
    "forkFrom": "-",
    "isSpam": 0,
    "version": 1,
    "parentVersion": -1,
    "echartsVersion": "5.2.1",
    "versionCreateTime": "2021-10-12T03:00:11.000Z",
    "html": "",
    "externalScripts": "",
    "updaterUID": "obd-otOvfSjx98CAjlBxD8rBotUbSPjjt8t",
    "theme": "",
    "layout": "",
    "viewCount": 0,
    "userName": "131******20",
    "commentCount": 0,
    "starCount": 0,
    "isStared": 0,
    "thumbnailURL": "https://www.makeapie.com/ecg-storage/ec_gallery_thumbnail/xSMDoXBiyX.png?v=1634007612106",
    "isCustomThumbnail": 0,
    "builtinTags": [
        "category-work",
        "grid",
        "legend",
        "series-bar",
        "series-line",
        "toolbox",
        "tooltip"
    ],
    "customTags": [],
    "updaterUserName": "131******20"
}