{
    "cid": "xtp6PbFgDp",
    "authorUid": "obd-otBkh-twA9VLc7yc6UjsLy4Jpf5gd88",
    "authorUserName": "U***1",
    "title": "Echarts实现多个x轴或y轴曲线图",
    "description": "",
    "latestVersion": 1,
    "alwaysLatest": 0,
    "createTime": "2021-10-10T02:48:24.000Z",
    "lastUpdateTime": "2021-10-10T02:48:24.000Z",
    "auth": 2,
    "uid": "obd-otBkh-twA9VLc7yc6UjsLy4Jpf5gd88",
    "publishedVersion": 0,
    "forkFrom": "-",
    "isSpam": 0,
    "version": 1,
    "parentVersion": -1,
    "echartsVersion": "5.2.1",
    "versionCreateTime": "2021-10-10T02:48:25.000Z",
    "html": "",
    "externalScripts": "",
    "updaterUID": "obd-otBkh-twA9VLc7yc6UjsLy4Jpf5gd88",
    "theme": "",
    "layout": "",
    "viewCount": 0,
    "userName": "U***1",
    "commentCount": 0,
    "starCount": 0,
    "isStared": 0,
    "thumbnailURL": "https://www.makeapie.com/ecg-storage/ec_gallery_thumbnail/xtp6PbFgDp.png?v=1633834105217",
    "isCustomThumbnail": 0,
    "builtinTags": [
        "category-work",
        "grid",
        "legend",
        "series-line",
        "tooltip"
    ],
    "customTags": [],
    "updaterUserName": "U***1"
}