{
    "cid": "xwPL9gwq0H",
    "authorUid": "obd-ojLRBrAONi5_FL-D7zCsQEUi8H6CYEn",
    "authorUserName": "苏***缚",
    "title": "bg_pie",
    "description": "",
    "latestVersion": 3,
    "alwaysLatest": 0,
    "createTime": "2021-10-10T01:09:12.000Z",
    "lastUpdateTime": "2021-10-10T01:11:17.000Z",
    "auth": 2,
    "uid": "obd-ojLRBrAONi5_FL-D7zCsQEUi8H6CYEn",
    "publishedVersion": 0,
    "forkFrom": "-",
    "isSpam": 0,
    "version": 3,
    "parentVersion": 2,
    "echartsVersion": "5.2.1",
    "versionCreateTime": "2021-10-10T01:11:17.000Z",
    "html": "",
    "externalScripts": "",
    "updaterUID": "obd-ojLRBrAONi5_FL-D7zCsQEUi8H6CYEn",
    "theme": "",
    "layout": "",
    "viewCount": 0,
    "userName": "苏***缚",
    "commentCount": 0,
    "starCount": 0,
    "isStared": 0,
    "thumbnailURL": "https://www.makeapie.com/ecg-storage/ec_gallery_thumbnail/xwPL9gwq0H.png?v=1633828277908",
    "isCustomThumbnail": 0,
    "builtinTags": [
        "category-work",
        "grid",
        "series-bar",
        "title"
    ],
    "customTags": [],
    "updaterUserName": "苏***缚"
}