{
    "cid": "xYCyZSomxs",
    "authorUid": "obd-otBkh-twA9VLc7yc6UjsLy4Jpf5gd88",
    "authorUserName": "U***1",
    "title": "二维图表",
    "description": "",
    "latestVersion": 2,
    "alwaysLatest": 0,
    "createTime": "2021-10-10T01:47:21.000Z",
    "lastUpdateTime": "2021-10-10T01:49:49.000Z",
    "auth": 2,
    "uid": "obd-otBkh-twA9VLc7yc6UjsLy4Jpf5gd88",
    "publishedVersion": 0,
    "forkFrom": "-",
    "isSpam": 0,
    "version": 2,
    "parentVersion": 1,
    "echartsVersion": "5.2.1",
    "versionCreateTime": "2021-10-10T01:49:49.000Z",
    "html": "",
    "externalScripts": "",
    "updaterUID": "obd-otBkh-twA9VLc7yc6UjsLy4Jpf5gd88",
    "theme": "",
    "layout": "",
    "viewCount": 0,
    "userName": "U***1",
    "commentCount": 0,
    "starCount": 1,
    "isStared": 0,
    "thumbnailURL": "https://www.makeapie.com/ecg-storage/ec_gallery_thumbnail/xYCyZSomxs.png?v=1633830590129",
    "isCustomThumbnail": 0,
    "builtinTags": [
        "category-work",
        "grid",
        "series-scatter",
        "tooltip"
    ],
    "customTags": [],
    "updaterUserName": "U***1"
}