{
    "cid": "xyhlnwrtcs",
    "authorUid": "bd-1359161935",
    "authorUserName": "t***e",
    "title": "地图效果",
    "description": "",
    "latestVersion": 2,
    "alwaysLatest": 0,
    "createTime": "2021-10-11T07:04:17.000Z",
    "lastUpdateTime": "2021-10-11T07:10:56.000Z",
    "auth": 2,
    "uid": "bd-1359161935",
    "publishedVersion": 0,
    "forkFrom": "-",
    "isSpam": 0,
    "version": 2,
    "parentVersion": 1,
    "echartsVersion": "4.9.0",
    "versionCreateTime": "2021-10-11T07:10:56.000Z",
    "html": "",
    "externalScripts": "",
    "updaterUID": "bd-1359161935",
    "theme": "",
    "layout": "",
    "viewCount": 0,
    "userName": "t***e",
    "commentCount": 0,
    "starCount": 0,
    "isStared": 0,
    "thumbnailURL": "https://www.makeapie.com/ecg-storage/ec_gallery_thumbnail/xyhlnwrtcs.png?v=1633936256986",
    "isCustomThumbnail": 0,
    "builtinTags": [
        "category-work"
    ],
    "customTags": [],
    "updaterUserName": "t***e"
}