{
    "cid": "xZ0-XGKsDt",
    "authorUid": "obd-oAggJkDDGVb2a06vSR3GhbRe_k7ME7e",
    "authorUserName": "染***翼",
    "title": "柱形图2",
    "description": "",
    "latestVersion": 2,
    "alwaysLatest": 0,
    "createTime": "2021-10-11T01:12:48.000Z",
    "lastUpdateTime": "2021-10-11T01:22:54.000Z",
    "auth": 2,
    "uid": "obd-oAggJkDDGVb2a06vSR3GhbRe_k7ME7e",
    "publishedVersion": 0,
    "forkFrom": "-",
    "isSpam": 0,
    "version": 2,
    "parentVersion": 1,
    "echartsVersion": "5.2.1",
    "versionCreateTime": "2021-10-11T01:22:54.000Z",
    "html": "",
    "externalScripts": "",
    "updaterUID": "obd-oAggJkDDGVb2a06vSR3GhbRe_k7ME7e",
    "theme": "",
    "layout": "",
    "viewCount": 0,
    "userName": "染***翼",
    "commentCount": 0,
    "starCount": 0,
    "isStared": 0,
    "thumbnailURL": "https://www.makeapie.com/ecg-storage/ec_gallery_thumbnail/xZ0-XGKsDt.png?v=1633915375028",
    "isCustomThumbnail": 0,
    "builtinTags": [
        "category-work",
        "grid",
        "legend",
        "series-bar",
        "tooltip"
    ],
    "customTags": [],
    "updaterUserName": "染***翼"
}