{
    "cid": "x1X1kAQkF9",
    "authorUid": "obd-oMHVs8kfIoF_AcaSW0q3I15lEgHZp2h",
    "authorUserName": "童***一",
    "title": "中国行政地区划分图 ",
    "description": "中国行政区域划分图 华北,东北,华东,中南,西南,西北",
    "latestVersion": 1,
    "alwaysLatest": 1,
    "createTime": "2020-12-16T07:25:35.000Z",
    "lastUpdateTime": "2020-12-16T07:25:35.000Z",
    "auth": 2,
    "uid": "obd-oMHVs8kfIoF_AcaSW0q3I15lEgHZp2h",
    "publishedVersion": 0,
    "forkFrom": "-",
    "isSpam": 0,
    "version": 1,
    "parentVersion": -1,
    "echartsVersion": "4.8.0",
    "versionCreateTime": "2020-12-16T07:25:35.000Z",
    "html": "",
    "externalScripts": "",
    "updaterUID": "obd-oMHVs8kfIoF_AcaSW0q3I15lEgHZp2h",
    "theme": "",
    "layout": "",
    "viewCount": 107,
    "userName": "童***一",
    "commentCount": 1,
    "starCount": 0,
    "isStared": 0,
    "thumbnailURL": "https://www.makeapie.com/ecg-storage/ec_gallery_thumbnail/x1X1kAQkF9.png?v=1608103535488",
    "isCustomThumbnail": 0,
    "builtinTags": [
        "category-work",
        "series-map",
        "title",
        "toolbox",
        "tooltip",
        "visualMap"
    ],
    "customTags": [],
    "updaterUserName": "童***一"
}