{
    "cid": "x4Wr3Hdcd1",
    "authorUid": "obd-oNb2YvN1HDCtA-12AhHR4kUXl5HfwC5",
    "authorUserName": "l***i",
    "title": "2013-2019全国各区域人口数量",
    "description": "",
    "latestVersion": 21,
    "alwaysLatest": 1,
    "createTime": "2020-12-17T12:41:48.000Z",
    "lastUpdateTime": "2020-12-17T12:41:48.000Z",
    "auth": 2,
    "uid": "obd-oNb2YvN1HDCtA-12AhHR4kUXl5HfwC5",
    "publishedVersion": 0,
    "forkFrom": "-",
    "isSpam": 0,
    "version": 21,
    "parentVersion": 20,
    "echartsVersion": "4.8.0",
    "versionCreateTime": "2020-12-17T13:49:03.000Z",
    "html": "",
    "externalScripts": "",
    "updaterUID": "obd-oNb2YvN1HDCtA-12AhHR4kUXl5HfwC5",
    "theme": "",
    "layout": "",
    "viewCount": 274,
    "userName": "l***i",
    "commentCount": 0,
    "starCount": 0,
    "isStared": 0,
    "thumbnailURL": "https://www.makeapie.com/ecg-storage/ec_gallery_thumbnail/x4Wr3Hdcd1.png?v=1608212943489",
    "isCustomThumbnail": 0,
    "builtinTags": [
        "category-work",
        "geo",
        "grid",
        "series-bar",
        "series-effectScatter",
        "series-map",
        "timeline",
        "title",
        "tooltip"
    ],
    "customTags": [],
    "updaterUserName": "l***i"
}