{
    "cid": "xesq1mFmS3",
    "authorUid": "bd-2510016275",
    "authorUserName": "吓***7",
    "title": "3D叠加柱",
    "description": "",
    "latestVersion": 2,
    "alwaysLatest": 1,
    "createTime": "2020-12-16T11:05:01.000Z",
    "lastUpdateTime": "2020-12-16T11:05:01.000Z",
    "auth": 2,
    "uid": "bd-2510016275",
    "publishedVersion": 0,
    "forkFrom": "-",
    "isSpam": 0,
    "version": 2,
    "parentVersion": 1,
    "echartsVersion": "4.8.0",
    "versionCreateTime": "2020-12-16T11:53:57.000Z",
    "html": "",
    "externalScripts": "",
    "updaterUID": "bd-2510016275",
    "theme": "",
    "layout": "",
    "viewCount": 269,
    "userName": "吓***7",
    "commentCount": 0,
    "starCount": 1,
    "isStared": 0,
    "thumbnailURL": "https://www.makeapie.com/ecg-storage/ec_gallery_thumbnail/xesq1mFmS3.png?v=1608119638080",
    "isCustomThumbnail": 0,
    "builtinTags": [
        "category-work",
        "grid",
        "series-bar",
        "series-pictorialBar",
        "title",
        "tooltip"
    ],
    "customTags": [],
    "updaterUserName": "吓***7"
}