{
    "cid": "xexcdSjf3t",
    "authorUid": "obd-oDmZbjsjXykqaqGLK4zhflrzMDass1k",
    "authorUserName": "可***联",
    "title": "数量统计水平柱状图",
    "description": "分享",
    "latestVersion": 3,
    "alwaysLatest": 1,
    "createTime": "2020-12-16T07:46:34.000Z",
    "lastUpdateTime": "2020-12-16T07:46:34.000Z",
    "auth": 2,
    "uid": "obd-oDmZbjsjXykqaqGLK4zhflrzMDass1k",
    "publishedVersion": 0,
    "forkFrom": "-",
    "isSpam": 0,
    "version": 3,
    "parentVersion": 2,
    "echartsVersion": "4.8.0",
    "versionCreateTime": "2020-12-16T07:49:10.000Z",
    "html": "",
    "externalScripts": "",
    "updaterUID": "obd-oDmZbjsjXykqaqGLK4zhflrzMDass1k",
    "theme": "",
    "layout": "",
    "viewCount": 193,
    "userName": "可***联",
    "commentCount": 0,
    "starCount": 2,
    "isStared": 0,
    "thumbnailURL": "https://www.makeapie.com/ecg-storage/ec_gallery_thumbnail/xexcdSjf3t.png?v=1608104950184",
    "isCustomThumbnail": 0,
    "builtinTags": [
        "category-work",
        "grid",
        "series-bar",
        "series-pictorialBar"
    ],
    "customTags": [
        "数量统计",
        "柱状图",
        "水平柱状图"
    ],
    "updaterUserName": "可***联"
}