{
    "cid": "xHiQbikuLY",
    "authorUid": "bd-2013481626",
    "authorUserName": "じ***ゞ",
    "title": "仪表盘",
    "description": "CPU使用率",
    "latestVersion": 3,
    "alwaysLatest": 1,
    "createTime": "2020-12-17T02:07:16.000Z",
    "lastUpdateTime": "2021-10-08T03:14:15.000Z",
    "auth": 2,
    "uid": "bd-2013481626",
    "publishedVersion": 0,
    "forkFrom": "-",
    "isSpam": 0,
    "version": 3,
    "parentVersion": 2,
    "echartsVersion": "4.9.0",
    "versionCreateTime": "2021-10-08T03:14:15.000Z",
    "html": "",
    "externalScripts": "",
    "updaterUID": "bd-2013481626",
    "theme": "dark",
    "layout": "",
    "viewCount": 263,
    "userName": "じ***ゞ",
    "commentCount": 0,
    "starCount": 6,
    "isStared": 0,
    "thumbnailURL": "https://www.makeapie.com/ecg-storage/ec_gallery_thumbnail/xHiQbikuLY.png?v=1633662855377",
    "isCustomThumbnail": 0,
    "builtinTags": [
        "category-work",
        "markPoint",
        "series-gauge",
        "title"
    ],
    "customTags": [],
    "updaterUserName": "じ***ゞ"
}