{
    "cid": "xkx30Jr-X6",
    "authorUid": "obd-ojxkXXNZs2hF_SPrJr_SvPoc_cwH7ER",
    "authorUserName": "庄***圳",
    "title": "相似情况",
    "description": "",
    "latestVersion": 1,
    "alwaysLatest": 1,
    "createTime": "2020-12-17T12:50:38.000Z",
    "lastUpdateTime": "2020-12-17T12:50:38.000Z",
    "auth": 2,
    "uid": "obd-ojxkXXNZs2hF_SPrJr_SvPoc_cwH7ER",
    "publishedVersion": 0,
    "forkFrom": "-",
    "isSpam": 0,
    "version": 1,
    "parentVersion": -1,
    "echartsVersion": "4.8.0",
    "versionCreateTime": "2020-12-17T12:50:38.000Z",
    "html": "",
    "externalScripts": "",
    "updaterUID": "obd-ojxkXXNZs2hF_SPrJr_SvPoc_cwH7ER",
    "theme": "",
    "layout": "",
    "viewCount": 61,
    "userName": "庄***圳",
    "commentCount": 0,
    "starCount": 2,
    "isStared": 0,
    "thumbnailURL": "https://www.makeapie.com/ecg-storage/ec_gallery_thumbnail/xkx30Jr-X6.png?v=1608209439137",
    "isCustomThumbnail": 0,
    "builtinTags": [
        "category-work",
        "polar",
        "series-pie",
        "series-scatter"
    ],
    "customTags": [],
    "updaterUserName": "庄***圳"
}