{
    "cid": "xoZeEjV6nl",
    "authorUid": "obd-o0aOTKhl9dCYOFa_8Y99cAthqhb5KFZ",
    "authorUserName": "a***南",
    "title": "中国各省电力消费量（1995-2019年）",
    "description": "",
    "latestVersion": 1,
    "alwaysLatest": 1,
    "createTime": "2020-12-17T05:15:09.000Z",
    "lastUpdateTime": "2020-12-17T05:15:09.000Z",
    "auth": 2,
    "uid": "obd-o0aOTKhl9dCYOFa_8Y99cAthqhb5KFZ",
    "publishedVersion": 0,
    "forkFrom": "-",
    "isSpam": 0,
    "version": 1,
    "parentVersion": -1,
    "echartsVersion": "4.8.0",
    "versionCreateTime": "2020-12-17T05:15:09.000Z",
    "html": "",
    "externalScripts": "",
    "updaterUID": "obd-o0aOTKhl9dCYOFa_8Y99cAthqhb5KFZ",
    "theme": "",
    "layout": "",
    "viewCount": 247,
    "userName": "a***南",
    "commentCount": 0,
    "starCount": 3,
    "isStared": 0,
    "thumbnailURL": "https://www.makeapie.com/ecg-storage/ec_gallery_thumbnail/xoZeEjV6nl.png?v=1608182109738",
    "isCustomThumbnail": 0,
    "builtinTags": [
        "category-work",
        "geo",
        "grid",
        "series-bar",
        "series-effectScatter",
        "series-map",
        "timeline",
        "title",
        "tooltip"
    ],
    "customTags": [],
    "updaterUserName": "a***南"
}