{
    "cid": "x5PhXqKLs6",
    "authorUid": "obd-otwkbXlSxkFkQPEpyPtP6CMYCCmr18b",
    "authorUserName": "h***0",
    "title": "玩转ECharts之实现“动态颜色的Label”",
    "description": "玩转ECharts之实现“动态颜色的Label”",
    "latestVersion": 8,
    "alwaysLatest": 1,
    "createTime": "2020-07-13T10:18:50.000Z",
    "lastUpdateTime": "2020-07-13T10:18:50.000Z",
    "auth": 2,
    "uid": "obd-otwkbXlSxkFkQPEpyPtP6CMYCCmr18b",
    "publishedVersion": 0,
    "forkFrom": "-",
    "isSpam": 0,
    "version": 8,
    "parentVersion": 7,
    "echartsVersion": "4.8.0",
    "versionCreateTime": "2020-07-16T10:36:01.000Z",
    "html": "",
    "externalScripts": "",
    "updaterUID": "obd-otwkbXlSxkFkQPEpyPtP6CMYCCmr18b",
    "theme": "",
    "layout": "",
    "viewCount": 106,
    "userName": "h***0",
    "commentCount": 0,
    "starCount": 1,
    "isStared": 0,
    "thumbnailURL": "https://www.makeapie.com/ecg-storage/ec_gallery_thumbnail/x5PhXqKLs6.png?v=1594895761789",
    "isCustomThumbnail": 0,
    "builtinTags": [
        "category-work",
        "series-pie"
    ],
    "customTags": [
        "layer",
        "雷尔"
    ],
    "updaterUserName": "h***0"
}