{
    "cid": "xBVOaoHVas",
    "authorUid": "obd-oM9zelbQRFkbjgw46BR2WT8gifX2-25",
    "authorUserName": "n***t",
    "title": "未命名",
    "description": "",
    "latestVersion": 6,
    "alwaysLatest": 1,
    "createTime": "2020-07-11T13:41:16.000Z",
    "lastUpdateTime": "2020-07-11T13:41:16.000Z",
    "auth": 2,
    "uid": "obd-oM9zelbQRFkbjgw46BR2WT8gifX2-25",
    "publishedVersion": 0,
    "forkFrom": "-",
    "isSpam": 0,
    "version": 6,
    "parentVersion": 1,
    "echartsVersion": "4.8.0",
    "versionCreateTime": "2020-07-12T05:03:40.000Z",
    "html": "",
    "externalScripts": "",
    "updaterUID": "obd-oM9zelbQRFkbjgw46BR2WT8gifX2-25",
    "theme": "",
    "layout": "",
    "viewCount": 96,
    "userName": "n***t",
    "commentCount": 0,
    "starCount": 1,
    "isStared": 0,
    "thumbnailURL": "https://www.makeapie.com/ecg-storage/ec_gallery_thumbnail/xBVOaoHVas.png?v=1594530221110",
    "isCustomThumbnail": 0,
    "builtinTags": [
        "category-work",
        "grid",
        "legend",
        "series-line",
        "tooltip"
    ],
    "customTags": [],
    "updaterUserName": "n***t"
}