{
    "cid": "xDqDpe_pK6",
    "authorUid": "bd-51445384",
    "authorUserName": "b***0",
    "title": "立体柱状图",
    "description": "立体柱状图",
    "latestVersion": 1,
    "alwaysLatest": 1,
    "createTime": "2020-07-13T02:26:14.000Z",
    "lastUpdateTime": "2020-07-13T02:26:14.000Z",
    "auth": 2,
    "uid": "bd-51445384",
    "publishedVersion": 0,
    "forkFrom": "-",
    "isSpam": 0,
    "version": 1,
    "parentVersion": -1,
    "echartsVersion": "4.8.0",
    "versionCreateTime": "2020-07-13T02:26:14.000Z",
    "html": "",
    "externalScripts": "",
    "updaterUID": "bd-51445384",
    "theme": "",
    "layout": "",
    "viewCount": 25,
    "userName": "b***0",
    "commentCount": 0,
    "starCount": 0,
    "isStared": 0,
    "thumbnailURL": "https://www.makeapie.com/ecg-storage/ec_gallery_thumbnail/xDqDpe_pK6.png?v=1594607174962",
    "isCustomThumbnail": 0,
    "builtinTags": [
        "category-work",
        "grid",
        "series-custom",
        "tooltip"
    ],
    "customTags": [],
    "updaterUserName": "b***0"
}