{
    "cid": "xgYKevG_6c",
    "authorUid": "bd-3797133147",
    "authorUserName": "专***年",
    "title": "tooltip 自定义 内容点击事件触发",
    "description": "",
    "latestVersion": 9,
    "alwaysLatest": 1,
    "createTime": "2020-07-14T05:18:37.000Z",
    "lastUpdateTime": "2021-10-20T07:14:33.000Z",
    "auth": 2,
    "uid": "bd-3797133147",
    "publishedVersion": 0,
    "forkFrom": "-",
    "isSpam": 0,
    "version": 9,
    "parentVersion": 8,
    "echartsVersion": "4.9.0",
    "versionCreateTime": "2021-10-20T07:14:33.000Z",
    "html": "",
    "externalScripts": "",
    "updaterUID": "bd-3797133147",
    "theme": "",
    "layout": "",
    "viewCount": 83,
    "userName": "专***年",
    "commentCount": 0,
    "starCount": 0,
    "isStared": 0,
    "thumbnailURL": "https://www.makeapie.com/ecg-storage/ec_gallery_thumbnail/xgYKevG_6c.png?v=1634714073426",
    "isCustomThumbnail": 0,
    "builtinTags": [
        "category-work",
        "grid",
        "legend",
        "series-line",
        "tooltip"
    ],
    "customTags": [],
    "updaterUserName": "专***年"
}