{
    "cid": "xh3wIH9Jy2",
    "authorUid": "obd-oMGbxxkeNUBTtPYgPMs20bhg-naW_20",
    "authorUserName": "l***u",
    "title": "社会治安 - 高发类型",
    "description": "控制线、显示百分比及标题",
    "latestVersion": 1,
    "alwaysLatest": 1,
    "createTime": "2020-07-14T07:39:30.000Z",
    "lastUpdateTime": "2020-07-14T07:39:30.000Z",
    "auth": 2,
    "uid": "obd-oMGbxxkeNUBTtPYgPMs20bhg-naW_20",
    "publishedVersion": 0,
    "forkFrom": "-",
    "isSpam": 0,
    "version": 1,
    "parentVersion": -1,
    "echartsVersion": "4.8.0",
    "versionCreateTime": "2020-07-14T07:39:30.000Z",
    "html": "",
    "externalScripts": "",
    "updaterUID": "obd-oMGbxxkeNUBTtPYgPMs20bhg-naW_20",
    "theme": "",
    "layout": "",
    "viewCount": 101,
    "userName": "l***u",
    "commentCount": 0,
    "starCount": 2,
    "isStared": 0,
    "thumbnailURL": "https://www.makeapie.com/ecg-storage/ec_gallery_thumbnail/xh3wIH9Jy2.png?v=1594712371063",
    "isCustomThumbnail": 1,
    "builtinTags": [
        "category-work",
        "series-pie",
        "title",
        "toolbox",
        "tooltip"
    ],
    "customTags": [],
    "updaterUserName": "l***u"
}