{
    "cid": "xHX99tHI8w",
    "authorUid": "obd-o0NO9syvHNyAp6oMjKBQ0rd66IP0eFj",
    "authorUserName": "离***酚",
    "title": "2018 v2 区域",
    "description": "",
    "latestVersion": 4,
    "alwaysLatest": 1,
    "createTime": "2020-07-12T05:43:27.000Z",
    "lastUpdateTime": "2020-07-12T05:43:27.000Z",
    "auth": 2,
    "uid": "obd-o0NO9syvHNyAp6oMjKBQ0rd66IP0eFj",
    "publishedVersion": 0,
    "forkFrom": "-",
    "isSpam": 0,
    "version": 4,
    "parentVersion": 3,
    "echartsVersion": "4.8.0",
    "versionCreateTime": "2020-07-21T01:31:24.000Z",
    "html": "",
    "externalScripts": "/dep/echarts/map/js/china.js",
    "updaterUID": "obd-o0NO9syvHNyAp6oMjKBQ0rd66IP0eFj",
    "theme": "",
    "layout": "",
    "viewCount": 439,
    "userName": "离***酚",
    "commentCount": 0,
    "starCount": 0,
    "isStared": 0,
    "thumbnailURL": "https://www.makeapie.com/ecg-storage/ec_gallery_thumbnail/xHX99tHI8w.png?v=1595295084350",
    "isCustomThumbnail": 0,
    "builtinTags": [
        "category-work",
        "geo",
        "series-map",
        "title",
        "tooltip",
        "visualMap"
    ],
    "customTags": [],
    "updaterUserName": "离***酚"
}