{
    "cid": "xoPoRAJ6lL",
    "authorUid": "obd-o0NO9syvHNyAp6oMjKBQ0rd66IP0eFj",
    "authorUserName": "离***酚",
    "title": "2018 v2",
    "description": "",
    "latestVersion": 6,
    "alwaysLatest": 1,
    "createTime": "2020-07-12T05:27:15.000Z",
    "lastUpdateTime": "2020-07-12T05:27:15.000Z",
    "auth": 2,
    "uid": "obd-o0NO9syvHNyAp6oMjKBQ0rd66IP0eFj",
    "publishedVersion": 0,
    "forkFrom": "-",
    "isSpam": 0,
    "version": 6,
    "parentVersion": 5,
    "echartsVersion": "4.8.0",
    "versionCreateTime": "2020-07-21T01:27:31.000Z",
    "html": "",
    "externalScripts": "/dep/echarts/map/js/china.js",
    "updaterUID": "obd-o0NO9syvHNyAp6oMjKBQ0rd66IP0eFj",
    "theme": "",
    "layout": "",
    "viewCount": 202,
    "userName": "离***酚",
    "commentCount": 0,
    "starCount": 2,
    "isStared": 0,
    "thumbnailURL": "https://www.makeapie.com/ecg-storage/ec_gallery_thumbnail/xoPoRAJ6lL.png?v=1595294851684",
    "isCustomThumbnail": 0,
    "builtinTags": [
        "category-work",
        "geo",
        "series-map",
        "title",
        "tooltip",
        "visualMap"
    ],
    "customTags": [],
    "updaterUserName": "离***酚"
}