{
    "cid": "xUOmXsJ7v_",
    "authorUid": "obd-oFOwwuh3i4-Gf9cTZjT8FU9ux81qY5J",
    "authorUserName": "z***9",
    "title": "进度",
    "description": "",
    "latestVersion": 1,
    "alwaysLatest": 1,
    "createTime": "2020-07-13T02:02:02.000Z",
    "lastUpdateTime": "2020-07-13T02:02:02.000Z",
    "auth": 2,
    "uid": "obd-oFOwwuh3i4-Gf9cTZjT8FU9ux81qY5J",
    "publishedVersion": 0,
    "forkFrom": "-",
    "isSpam": 0,
    "version": 1,
    "parentVersion": -1,
    "echartsVersion": "4.8.0",
    "versionCreateTime": "2020-07-13T02:02:02.000Z",
    "html": "",
    "externalScripts": "",
    "updaterUID": "obd-oFOwwuh3i4-Gf9cTZjT8FU9ux81qY5J",
    "theme": "",
    "layout": "",
    "viewCount": 75,
    "userName": "z***9",
    "commentCount": 0,
    "starCount": 0,
    "isStared": 0,
    "thumbnailURL": "https://www.makeapie.com/ecg-storage/ec_gallery_thumbnail/xUOmXsJ7v_.png?v=1594605722735",
    "isCustomThumbnail": 0,
    "builtinTags": [
        "category-work",
        "polar",
        "series-bar",
        "tooltip"
    ],
    "customTags": [
        "仪表"
    ],
    "updaterUserName": "z***9"
}