{
    "cid": "xY9CrBm4L_",
    "authorUid": "obd-o2cLUQTJ2n1mU6xU10leSa2zqmdWJ6t",
    "authorUserName": "S***泪",
    "title": "小飞机",
    "description": "飞呀飞~",
    "latestVersion": 1,
    "alwaysLatest": 1,
    "createTime": "2020-07-14T09:01:48.000Z",
    "lastUpdateTime": "2020-07-14T09:01:48.000Z",
    "auth": 1,
    "uid": "obd-o2cLUQTJ2n1mU6xU10leSa2zqmdWJ6t",
    "publishedVersion": 0,
    "forkFrom": "-",
    "isSpam": 0,
    "version": 1,
    "parentVersion": -1,
    "echartsVersion": "4.8.0",
    "versionCreateTime": "2020-07-14T09:01:48.000Z",
    "html": "",
    "externalScripts": "",
    "updaterUID": "obd-o2cLUQTJ2n1mU6xU10leSa2zqmdWJ6t",
    "theme": "",
    "layout": "",
    "viewCount": 371,
    "userName": "S***泪",
    "commentCount": 0,
    "starCount": 0,
    "isStared": 0,
    "thumbnailURL": "https://www.makeapie.com/ecg-storage/ec_gallery_thumbnail/xY9CrBm4L_.png?v=1594717308672",
    "isCustomThumbnail": 0,
    "builtinTags": [
        "category-work",
        "series-funnel",
        "series-gauge",
        "title",
        "toolbox",
        "tooltip"
    ],
    "customTags": [],
    "updaterUserName": "S***泪"
}