{
    "cid": "x1fh8oRh34",
    "authorUid": "bd-2721539501",
    "authorUserName": "世***e",
    "title": "map",
    "description": "",
    "latestVersion": 2,
    "alwaysLatest": 1,
    "createTime": "2019-07-23T05:29:52.000Z",
    "lastUpdateTime": "2019-07-23T05:29:52.000Z",
    "auth": 2,
    "uid": "bd-2721539501",
    "publishedVersion": 0,
    "forkFrom": "-",
    "isSpam": 0,
    "version": 2,
    "parentVersion": 1,
    "echartsVersion": "4.4.0",
    "versionCreateTime": "2019-11-08T08:43:56.000Z",
    "html": "",
    "externalScripts": "",
    "updaterUID": "bd-2721539501",
    "theme": "",
    "layout": "",
    "viewCount": 50,
    "userName": "世***e",
    "commentCount": 0,
    "starCount": 0,
    "isStared": 0,
    "thumbnailURL": "https://www.makeapie.com/ecg-storage/ec_gallery_thumbnail/x1fh8oRh34.undefined?v=",
    "isCustomThumbnail": 0,
    "builtinTags": [
        "category-work"
    ],
    "customTags": [],
    "updaterUserName": "世***e"
}