{
    "cid": "x2uaL2kFqE",
    "authorUid": "bd-419942613",
    "authorUserName": "g***8",
    "title": "人员流动情况",
    "description": "",
    "latestVersion": 2,
    "alwaysLatest": 1,
    "createTime": "2019-07-23T02:11:15.000Z",
    "lastUpdateTime": "2019-07-23T02:11:15.000Z",
    "auth": 2,
    "uid": "bd-419942613",
    "publishedVersion": 0,
    "forkFrom": "-",
    "isSpam": 0,
    "version": 2,
    "parentVersion": 1,
    "echartsVersion": "4.2.1",
    "versionCreateTime": "2019-07-23T05:33:26.000Z",
    "html": "",
    "externalScripts": "",
    "updaterUID": "bd-419942613",
    "theme": "",
    "layout": "",
    "viewCount": 460,
    "userName": "g***8",
    "commentCount": 0,
    "starCount": 1,
    "isStared": 0,
    "thumbnailURL": "https://www.makeapie.com/ecg-storage/ec_gallery_thumbnail/x2uaL2kFqE.png?v=1563860006287",
    "isCustomThumbnail": 0,
    "builtinTags": [
        "category-work",
        "grid",
        "legend",
        "series-line",
        "title",
        "toolbox",
        "tooltip"
    ],
    "customTags": [],
    "updaterUserName": "g***8"
}