{
    "cid": "x3w_o5EEDX",
    "authorUid": "bd-3842115868",
    "authorUserName": "缺***可",
    "title": "居民消费价格指数(上年=100)",
    "description": "非真实数据",
    "latestVersion": 1,
    "alwaysLatest": 1,
    "createTime": "2019-07-23T03:56:26.000Z",
    "lastUpdateTime": "2019-07-23T03:56:26.000Z",
    "auth": 2,
    "uid": "bd-3842115868",
    "publishedVersion": 0,
    "forkFrom": "-",
    "isSpam": 0,
    "version": 1,
    "parentVersion": -1,
    "echartsVersion": "4.2.1",
    "versionCreateTime": "2019-07-23T03:56:26.000Z",
    "html": "",
    "externalScripts": "",
    "updaterUID": "bd-3842115868",
    "theme": "",
    "layout": "",
    "viewCount": 262,
    "userName": "缺***可",
    "commentCount": 0,
    "starCount": 0,
    "isStared": 0,
    "thumbnailURL": "https://www.makeapie.com/ecg-storage/ec_gallery_thumbnail/x3w_o5EEDX.png?v=1563854186623",
    "isCustomThumbnail": 0,
    "builtinTags": [
        "category-work",
        "legend",
        "series-pie",
        "title",
        "toolbox",
        "tooltip"
    ],
    "customTags": [],
    "updaterUserName": "缺***可"
}