{
    "cid": "x8QKM3p7UG",
    "authorUid": "bd-778803181",
    "authorUserName": "187*****536",
    "title": "折线图自定义",
    "description": "",
    "latestVersion": 1,
    "alwaysLatest": 1,
    "createTime": "2019-07-23T05:34:45.000Z",
    "lastUpdateTime": "2019-07-23T05:34:45.000Z",
    "auth": 2,
    "uid": "bd-778803181",
    "publishedVersion": 0,
    "forkFrom": "-",
    "isSpam": 0,
    "version": 1,
    "parentVersion": -1,
    "echartsVersion": "4.2.1",
    "versionCreateTime": "2019-07-23T05:34:45.000Z",
    "html": "",
    "externalScripts": "",
    "updaterUID": "bd-778803181",
    "theme": "",
    "layout": "",
    "viewCount": 85,
    "userName": "187*****536",
    "commentCount": 0,
    "starCount": 0,
    "isStared": 0,
    "thumbnailURL": "https://www.makeapie.com/ecg-storage/ec_gallery_thumbnail/x8QKM3p7UG.png?v=1563860085695",
    "isCustomThumbnail": 0,
    "builtinTags": [
        "category-work",
        "grid",
        "legend",
        "series-line",
        "tooltip"
    ],
    "customTags": [],
    "updaterUserName": "187*****536"
}