{
    "cid": "xi2UsoH9-f",
    "authorUid": "bd-3736715428",
    "authorUserName": "L***3",
    "title": "横向统计图",
    "description": "",
    "latestVersion": 1,
    "alwaysLatest": 1,
    "createTime": "2019-07-20T07:35:18.000Z",
    "lastUpdateTime": "2019-07-20T07:35:18.000Z",
    "auth": 2,
    "uid": "bd-3736715428",
    "publishedVersion": 0,
    "forkFrom": "-",
    "isSpam": 0,
    "version": 1,
    "parentVersion": -1,
    "echartsVersion": "4.2.1",
    "versionCreateTime": "2019-07-20T07:35:18.000Z",
    "html": "",
    "externalScripts": "",
    "updaterUID": "bd-3736715428",
    "theme": "",
    "layout": "",
    "viewCount": 115,
    "userName": "L***3",
    "commentCount": 0,
    "starCount": 2,
    "isStared": 0,
    "thumbnailURL": "https://www.makeapie.com/ecg-storage/ec_gallery_thumbnail/xi2UsoH9-f.png?v=1563608118444",
    "isCustomThumbnail": 0,
    "builtinTags": [
        "category-work",
        "grid",
        "series-bar",
        "title"
    ],
    "customTags": [],
    "updaterUserName": "L***3"
}