{
    "cid": "xIuC-zw3iW",
    "authorUid": "bd-1497446243",
    "authorUserName": "唯***生",
    "title": "横向多彩柱形图自定义提示框",
    "description": "",
    "latestVersion": 3,
    "alwaysLatest": 1,
    "createTime": "2019-07-19T08:59:21.000Z",
    "lastUpdateTime": "2019-07-19T08:59:21.000Z",
    "auth": 1,
    "uid": "bd-1497446243",
    "publishedVersion": 0,
    "forkFrom": "-",
    "isSpam": 0,
    "version": 3,
    "parentVersion": 2,
    "echartsVersion": "4.2.1",
    "versionCreateTime": "2019-07-24T02:50:14.000Z",
    "html": "",
    "externalScripts": "",
    "updaterUID": "bd-1497446243",
    "theme": "",
    "layout": "",
    "viewCount": 109,
    "userName": "唯***生",
    "commentCount": 0,
    "starCount": 1,
    "isStared": 0,
    "thumbnailURL": "https://www.makeapie.com/ecg-storage/ec_gallery_thumbnail/xIuC-zw3iW.png?v=1563936614322",
    "isCustomThumbnail": 0,
    "builtinTags": [
        "category-work",
        "grid",
        "series-bar",
        "title",
        "tooltip"
    ],
    "customTags": [],
    "updaterUserName": "唯***生"
}