{
    "cid": "xJD2atwOQG",
    "authorUid": "bd-1110193739",
    "authorUserName": "f***g",
    "title": "趋势图通过告警不同，显示不同颜色的symbol",
    "description": "纯属虚构",
    "latestVersion": 4,
    "alwaysLatest": 1,
    "createTime": "2019-07-23T07:07:46.000Z",
    "lastUpdateTime": "2019-07-23T07:07:46.000Z",
    "auth": 2,
    "uid": "bd-1110193739",
    "publishedVersion": 0,
    "forkFrom": "-",
    "isSpam": 0,
    "version": 4,
    "parentVersion": 3,
    "echartsVersion": "4.2.1",
    "versionCreateTime": "2019-07-23T07:54:09.000Z",
    "html": "",
    "externalScripts": "",
    "updaterUID": "bd-1110193739",
    "theme": "",
    "layout": "",
    "viewCount": 73,
    "userName": "f***g",
    "commentCount": 0,
    "starCount": 1,
    "isStared": 0,
    "thumbnailURL": "https://www.makeapie.com/ecg-storage/ec_gallery_thumbnail/xJD2atwOQG.png?v=1563868450081",
    "isCustomThumbnail": 0,
    "builtinTags": [
        "category-work",
        "grid",
        "series-line",
        "title",
        "toolbox",
        "tooltip"
    ],
    "customTags": [],
    "updaterUserName": "f***g"
}