{
    "cid": "xlQR_4lmNE",
    "authorUid": "bd-3996849279",
    "authorUserName": "N***1",
    "title": "呼和浩特市企业数量示意地图",
    "description": "数据纯属虚构",
    "latestVersion": 3,
    "alwaysLatest": 1,
    "createTime": "2019-07-21T10:21:37.000Z",
    "lastUpdateTime": "2019-07-21T10:21:37.000Z",
    "auth": 2,
    "uid": "bd-3996849279",
    "publishedVersion": 0,
    "forkFrom": "-",
    "isSpam": 0,
    "version": 3,
    "parentVersion": 2,
    "echartsVersion": "4.8.0",
    "versionCreateTime": "2020-07-27T00:45:35.000Z",
    "html": "",
    "externalScripts": "",
    "updaterUID": "bd-3996849279",
    "theme": "",
    "layout": "",
    "viewCount": 1898,
    "userName": "N***1",
    "commentCount": 0,
    "starCount": 8,
    "isStared": 0,
    "thumbnailURL": "https://www.makeapie.com/ecg-storage/ec_gallery_thumbnail/xlQR_4lmNE.png?v=1595810735960",
    "isCustomThumbnail": 0,
    "builtinTags": [
        "category-work",
        "geo",
        "series-map",
        "title",
        "tooltip"
    ],
    "customTags": [],
    "updaterUserName": "N***1"
}