{
    "cid": "xo8SFDMzr8",
    "authorUid": "bd-738271008",
    "authorUserName": "6***6",
    "title": "大区销售情况按月对比",
    "description": "",
    "latestVersion": 1,
    "alwaysLatest": 1,
    "createTime": "2019-07-21T15:14:19.000Z",
    "lastUpdateTime": "2019-07-21T15:14:19.000Z",
    "auth": 2,
    "uid": "bd-738271008",
    "publishedVersion": 0,
    "forkFrom": "-",
    "isSpam": 0,
    "version": 1,
    "parentVersion": -1,
    "echartsVersion": "4.2.1",
    "versionCreateTime": "2019-07-21T15:14:19.000Z",
    "html": "",
    "externalScripts": "",
    "updaterUID": "bd-738271008",
    "theme": "",
    "layout": "",
    "viewCount": 54,
    "userName": "6***6",
    "commentCount": 0,
    "starCount": 0,
    "isStared": 0,
    "thumbnailURL": "https://www.makeapie.com/ecg-storage/ec_gallery_thumbnail/xo8SFDMzr8.png?v=1563722059691",
    "isCustomThumbnail": 0,
    "builtinTags": [
        "category-work",
        "dataset",
        "grid",
        "legend",
        "series-line",
        "tooltip"
    ],
    "customTags": [],
    "updaterUserName": "6***6"
}