{
    "cid": "xW3hUzJVIZ",
    "authorUid": "bd-599414847",
    "authorUserName": "A***M",
    "title": "背景边框可调整地图",
    "description": "",
    "latestVersion": 1,
    "alwaysLatest": 1,
    "createTime": "2019-07-19T09:58:15.000Z",
    "lastUpdateTime": "2019-07-19T09:58:15.000Z",
    "auth": 2,
    "uid": "bd-599414847",
    "publishedVersion": 0,
    "forkFrom": "-",
    "isSpam": 0,
    "version": 1,
    "parentVersion": -1,
    "echartsVersion": "4.2.1",
    "versionCreateTime": "2019-07-19T09:58:15.000Z",
    "html": "",
    "externalScripts": "/dep/echarts/map/js/china.js",
    "updaterUID": "bd-599414847",
    "theme": "",
    "layout": "",
    "viewCount": 223,
    "userName": "A***M",
    "commentCount": 0,
    "starCount": 0,
    "isStared": 0,
    "thumbnailURL": "https://www.makeapie.com/ecg-storage/ec_gallery_thumbnail/xW3hUzJVIZ.png?v=1563530295182",
    "isCustomThumbnail": 0,
    "builtinTags": [
        "category-work",
        "series-map",
        "tooltip"
    ],
    "customTags": [],
    "updaterUserName": "A***M"
}