{
    "cid": "xXJjKrmv1o",
    "authorUid": "bd-3850529432",
    "authorUserName": "h***n",
    "title": "地图和柱状图联动",
    "description": "数据来源网络（单位：万）",
    "latestVersion": 2,
    "alwaysLatest": 1,
    "createTime": "2019-07-22T02:26:31.000Z",
    "lastUpdateTime": "2019-07-22T02:26:31.000Z",
    "auth": 2,
    "uid": "bd-3850529432",
    "publishedVersion": 0,
    "forkFrom": "-",
    "isSpam": 0,
    "version": 2,
    "parentVersion": 1,
    "echartsVersion": "4.2.1",
    "versionCreateTime": "2019-07-22T02:45:30.000Z",
    "html": "",
    "externalScripts": "",
    "updaterUID": "bd-3850529432",
    "theme": "",
    "layout": "",
    "viewCount": 221,
    "userName": "h***n",
    "commentCount": 0,
    "starCount": 1,
    "isStared": 0,
    "thumbnailURL": "https://www.makeapie.com/ecg-storage/ec_gallery_thumbnail/xXJjKrmv1o.png?v=1563763530735",
    "isCustomThumbnail": 0,
    "builtinTags": [
        "category-work",
        "grid",
        "legend",
        "series-bar",
        "series-map",
        "title",
        "toolbox",
        "tooltip",
        "visualMap"
    ],
    "customTags": [],
    "updaterUserName": "h***n"
}