{
    "cid": "xZJnlMYORn",
    "authorUid": "bd-2132094589",
    "authorUserName": "鬼***钢",
    "title": "本省外市TOP5 -- 象形柱状图",
    "description": "象形柱状图",
    "latestVersion": 2,
    "alwaysLatest": 1,
    "createTime": "2019-07-22T06:28:28.000Z",
    "lastUpdateTime": "2019-07-22T06:28:28.000Z",
    "auth": 1,
    "uid": "bd-2132094589",
    "publishedVersion": 0,
    "forkFrom": "-",
    "isSpam": 0,
    "version": 2,
    "parentVersion": 1,
    "echartsVersion": "4.2.1",
    "versionCreateTime": "2019-07-29T12:06:04.000Z",
    "html": "",
    "externalScripts": "",
    "updaterUID": "bd-2852386591",
    "theme": "",
    "layout": "",
    "viewCount": 1354,
    "userName": "鬼***钢",
    "commentCount": 0,
    "starCount": 25,
    "isStared": 0,
    "thumbnailURL": "https://www.makeapie.com/ecg-storage/ec_gallery_thumbnail/xZJnlMYORn.png?v=1564401964578",
    "isCustomThumbnail": 0,
    "builtinTags": [
        "category-work",
        "grid",
        "series-pictorialBar",
        "title",
        "tooltip"
    ],
    "customTags": [],
    "updaterUserName": "h***k"
}