{
    "cid": "x29dNTSR5z",
    "authorUid": "obd-ojok0alWTQPs_TXsuxZyvC6hqlv3kE5",
    "authorUserName": "h***鸦",
    "title": "散点图-Satter",
    "description": "散点图基本演示",
    "latestVersion": 1,
    "alwaysLatest": 1,
    "createTime": "2021-02-02T08:50:07.000Z",
    "lastUpdateTime": "2021-02-02T08:50:07.000Z",
    "auth": 2,
    "uid": "obd-ojok0alWTQPs_TXsuxZyvC6hqlv3kE5",
    "publishedVersion": 0,
    "forkFrom": "-",
    "isSpam": 0,
    "version": 1,
    "parentVersion": -1,
    "echartsVersion": "4.8.0",
    "versionCreateTime": "2021-02-02T08:50:07.000Z",
    "html": "",
    "externalScripts": "",
    "updaterUID": "obd-ojok0alWTQPs_TXsuxZyvC6hqlv3kE5",
    "theme": "",
    "layout": "",
    "viewCount": 92,
    "userName": "h***鸦",
    "commentCount": 0,
    "starCount": 0,
    "isStared": 0,
    "thumbnailURL": "https://www.makeapie.com/ecg-storage/ec_gallery_thumbnail/x29dNTSR5z.png?v=1612255807393",
    "isCustomThumbnail": 0,
    "builtinTags": [
        "category-work",
        "grid",
        "markArea",
        "markLine",
        "series-scatter",
        "title",
        "tooltip"
    ],
    "customTags": [],
    "updaterUserName": "h***鸦"
}