{
    "cid": "x_4gp4GYDQ",
    "authorUid": "obd-o-xe63CCY7-j2x7camMzPwQIU7WkvAY",
    "authorUserName": "中***机",
    "title": "正太分布图形计算",
    "description": "",
    "latestVersion": 6,
    "alwaysLatest": 1,
    "createTime": "2021-02-02T05:34:55.000Z",
    "lastUpdateTime": "2021-02-02T05:34:55.000Z",
    "auth": 2,
    "uid": "obd-o-xe63CCY7-j2x7camMzPwQIU7WkvAY",
    "publishedVersion": 0,
    "forkFrom": "-",
    "isSpam": 0,
    "version": 6,
    "parentVersion": 5,
    "echartsVersion": "4.8.0",
    "versionCreateTime": "2021-02-04T02:47:09.000Z",
    "html": "",
    "externalScripts": "",
    "updaterUID": "obd-o-xe63CCY7-j2x7camMzPwQIU7WkvAY",
    "theme": "",
    "layout": "",
    "viewCount": 60,
    "userName": "中***机",
    "commentCount": 2,
    "starCount": 7,
    "isStared": 0,
    "thumbnailURL": "https://www.makeapie.com/ecg-storage/ec_gallery_thumbnail/x_4gp4GYDQ.png?v=1612406829701",
    "isCustomThumbnail": 0,
    "builtinTags": [
        "category-work",
        "grid",
        "series-line",
        "title"
    ],
    "customTags": [],
    "updaterUserName": "中***机"
}