{
    "cid": "xKpjIR5tET",
    "authorUid": "obd-oFOGQiMnpx9LeiGmgbukdWDRPU4Tf5u",
    "authorUserName": "z***2",
    "title": "双柱图",
    "description": "",
    "latestVersion": 1,
    "alwaysLatest": 1,
    "createTime": "2021-02-01T07:40:30.000Z",
    "lastUpdateTime": "2021-02-01T07:40:30.000Z",
    "auth": 2,
    "uid": "obd-oFOGQiMnpx9LeiGmgbukdWDRPU4Tf5u",
    "publishedVersion": 0,
    "forkFrom": "-",
    "isSpam": 0,
    "version": 1,
    "parentVersion": -1,
    "echartsVersion": "4.8.0",
    "versionCreateTime": "2021-02-01T07:40:30.000Z",
    "html": "",
    "externalScripts": "",
    "updaterUID": "obd-oFOGQiMnpx9LeiGmgbukdWDRPU4Tf5u",
    "theme": "",
    "layout": "",
    "viewCount": 24,
    "userName": "z***2",
    "commentCount": 0,
    "starCount": 0,
    "isStared": 0,
    "thumbnailURL": "https://www.makeapie.com/ecg-storage/ec_gallery_thumbnail/xKpjIR5tET.png?v=1612165230792",
    "isCustomThumbnail": 0,
    "builtinTags": [
        "category-work",
        "grid",
        "legend",
        "series-bar",
        "series-pictorialBar",
        "timeline"
    ],
    "customTags": [],
    "updaterUserName": "z***2"
}