{
    "cid": "xW50KZc4P8",
    "authorUid": "obd-o-3zTnrgfLUij6C32f-KtkpMwSKaEA7",
    "authorUserName": "凌***度",
    "title": "渐变折线图",
    "description": "",
    "latestVersion": 1,
    "alwaysLatest": 1,
    "createTime": "2021-02-01T10:13:56.000Z",
    "lastUpdateTime": "2021-02-01T10:13:56.000Z",
    "auth": 2,
    "uid": "obd-o-3zTnrgfLUij6C32f-KtkpMwSKaEA7",
    "publishedVersion": 0,
    "forkFrom": "-",
    "isSpam": 0,
    "version": 1,
    "parentVersion": -1,
    "echartsVersion": "4.8.0",
    "versionCreateTime": "2021-02-01T10:13:56.000Z",
    "html": "",
    "externalScripts": "",
    "updaterUID": "obd-o-3zTnrgfLUij6C32f-KtkpMwSKaEA7",
    "theme": "default",
    "layout": "",
    "viewCount": 127,
    "userName": "凌***度",
    "commentCount": 0,
    "starCount": 1,
    "isStared": 0,
    "thumbnailURL": "https://www.makeapie.com/ecg-storage/ec_gallery_thumbnail/xW50KZc4P8.png?v=1612174436712",
    "isCustomThumbnail": 0,
    "builtinTags": [
        "category-work",
        "grid",
        "series-bar",
        "series-line",
        "title",
        "tooltip"
    ],
    "customTags": [],
    "updaterUserName": "凌***度"
}