{
    "cid": "xwp-R6BELo",
    "authorUid": "bd-622564483",
    "authorUserName": "t***1",
    "title": "特明协助查看偏移",
    "description": "感谢特明",
    "latestVersion": 1,
    "alwaysLatest": 1,
    "createTime": "2021-02-02T08:08:29.000Z",
    "lastUpdateTime": "2021-02-02T08:08:29.000Z",
    "auth": 1,
    "uid": "bd-622564483",
    "publishedVersion": 0,
    "forkFrom": "-",
    "isSpam": 0,
    "version": 1,
    "parentVersion": -1,
    "echartsVersion": "4.8.0",
    "versionCreateTime": "2021-02-02T08:08:29.000Z",
    "html": "",
    "externalScripts": "",
    "updaterUID": "bd-622564483",
    "theme": "",
    "layout": "",
    "viewCount": 30,
    "userName": "t***1",
    "commentCount": 0,
    "starCount": 0,
    "isStared": 0,
    "thumbnailURL": "https://www.makeapie.com/ecg-storage/ec_gallery_thumbnail/xwp-R6BELo.png?v=1612253309889",
    "isCustomThumbnail": 0,
    "builtinTags": [
        "category-work",
        "grid",
        "legend",
        "series-bar",
        "series-line",
        "tooltip"
    ],
    "customTags": [],
    "updaterUserName": "t***1"
}