{
    "cid": "xX3GoIf3Hw",
    "authorUid": "obd-oDVacrrTHNUcUgC65H1tIVQwHw1h410",
    "authorUserName": "l***l",
    "title": "百分比",
    "description": "tooltip格式化",
    "latestVersion": 1,
    "alwaysLatest": 1,
    "createTime": "2021-02-02T09:06:07.000Z",
    "lastUpdateTime": "2021-02-02T09:06:07.000Z",
    "auth": 2,
    "uid": "obd-oDVacrrTHNUcUgC65H1tIVQwHw1h410",
    "publishedVersion": 0,
    "forkFrom": "-",
    "isSpam": 0,
    "version": 1,
    "parentVersion": -1,
    "echartsVersion": "4.8.0",
    "versionCreateTime": "2021-02-02T09:06:07.000Z",
    "html": "",
    "externalScripts": "",
    "updaterUID": "obd-oDVacrrTHNUcUgC65H1tIVQwHw1h410",
    "theme": "",
    "layout": "",
    "viewCount": 124,
    "userName": "l***l",
    "commentCount": 0,
    "starCount": 0,
    "isStared": 0,
    "thumbnailURL": "https://www.makeapie.com/ecg-storage/ec_gallery_thumbnail/xX3GoIf3Hw.png?v=1612256767734",
    "isCustomThumbnail": 0,
    "builtinTags": [
        "category-work",
        "grid",
        "legend",
        "series-line",
        "title",
        "tooltip"
    ],
    "customTags": [],
    "updaterUserName": "l***l"
}