{
    "cid": "x1TVKFGtZ1",
    "authorUid": "bd-2248245480",
    "authorUserName": "x***8",
    "title": "饼图标签两端对称效果",
    "description": "关键词: [饼图][环形图][引导线距离饼距离][label两端对称][label距离引导线距离]",
    "latestVersion": 3,
    "alwaysLatest": 1,
    "createTime": "2020-05-12T07:43:26.000Z",
    "lastUpdateTime": "2020-05-12T07:43:26.000Z",
    "auth": 1,
    "uid": "bd-2248245480",
    "publishedVersion": 0,
    "forkFrom": "-",
    "isSpam": 0,
    "version": 3,
    "parentVersion": 2,
    "echartsVersion": "4.7.0",
    "versionCreateTime": "2020-05-12T07:51:14.000Z",
    "html": "",
    "externalScripts": "",
    "updaterUID": "bd-2248245480",
    "theme": "",
    "layout": "",
    "viewCount": 2003,
    "userName": "x***8",
    "commentCount": 1,
    "starCount": 10,
    "isStared": 0,
    "thumbnailURL": "https://www.makeapie.com/ecg-storage/ec_gallery_thumbnail/x1TVKFGtZ1.png?v=1589269874700",
    "isCustomThumbnail": 0,
    "builtinTags": [
        "category-work",
        "series-pie",
        "title"
    ],
    "customTags": [
        "alignTo",
        "edge",
        "formatter",
        "itemStyle",
        "labelLine位置",
        "label对称",
        "环形"
    ],
    "updaterUserName": "x***8"
}