{
    "cid": "x1VedAWYnA",
    "authorUid": "obd-o25dWg0SuEfQzGXDlGX1B1LRrpEv1Bv",
    "authorUserName": "琼***e",
    "title": "双圆环",
    "description": "双圆环",
    "latestVersion": 3,
    "alwaysLatest": 1,
    "createTime": "2020-05-09T15:49:01.000Z",
    "lastUpdateTime": "2020-05-09T15:49:01.000Z",
    "auth": 2,
    "uid": "obd-o25dWg0SuEfQzGXDlGX1B1LRrpEv1Bv",
    "publishedVersion": 0,
    "forkFrom": "-",
    "isSpam": 0,
    "version": 3,
    "parentVersion": 1,
    "echartsVersion": "4.7.0",
    "versionCreateTime": "2020-05-10T06:30:55.000Z",
    "html": "",
    "externalScripts": "",
    "updaterUID": "obd-o25dWg0SuEfQzGXDlGX1B1LRrpEv1Bv",
    "theme": "",
    "layout": "",
    "viewCount": 112,
    "userName": "琼***e",
    "commentCount": 0,
    "starCount": 1,
    "isStared": 0,
    "thumbnailURL": "https://www.makeapie.com/ecg-storage/ec_gallery_thumbnail/x1VedAWYnA.png?v=1589039372839",
    "isCustomThumbnail": 0,
    "builtinTags": [
        "category-work"
    ],
    "customTags": [],
    "updaterUserName": "琼***e"
}