{
    "cid": "x5jzErRFOe",
    "authorUid": "obd-oNSDCqu42JEySyKzZOfcy6UjgFt5dCi",
    "authorUserName": "逆***h",
    "title": "人民币配款量统计",
    "description": "",
    "latestVersion": 7,
    "alwaysLatest": 1,
    "createTime": "2020-05-11T12:09:59.000Z",
    "lastUpdateTime": "2020-05-11T12:09:59.000Z",
    "auth": 2,
    "uid": "obd-oNSDCqu42JEySyKzZOfcy6UjgFt5dCi",
    "publishedVersion": 0,
    "forkFrom": "-",
    "isSpam": 0,
    "version": 7,
    "parentVersion": 6,
    "echartsVersion": "4.7.0",
    "versionCreateTime": "2020-05-15T09:07:52.000Z",
    "html": "",
    "externalScripts": "",
    "updaterUID": "obd-oNSDCqu42JEySyKzZOfcy6UjgFt5dCi",
    "theme": "",
    "layout": "",
    "viewCount": 67,
    "userName": "逆***h",
    "commentCount": 0,
    "starCount": 0,
    "isStared": 0,
    "thumbnailURL": "https://www.makeapie.com/ecg-storage/ec_gallery_thumbnail/x5jzErRFOe.png?v=1589533672444",
    "isCustomThumbnail": 0,
    "builtinTags": [
        "category-work",
        "dataset",
        "grid",
        "legend",
        "markPoint",
        "series-line",
        "title",
        "tooltip"
    ],
    "customTags": [],
    "updaterUserName": "逆***h"
}