{
    "cid": "xefuSQrc7N",
    "authorUid": "bd-1360947534",
    "authorUserName": "c***l",
    "title": "折线图",
    "description": "",
    "latestVersion": 4,
    "alwaysLatest": 1,
    "createTime": "2020-05-08T08:29:35.000Z",
    "lastUpdateTime": "2020-05-08T08:29:35.000Z",
    "auth": 2,
    "uid": "bd-1360947534",
    "publishedVersion": 0,
    "forkFrom": "-",
    "isSpam": 0,
    "version": 4,
    "parentVersion": 3,
    "echartsVersion": "4.7.0",
    "versionCreateTime": "2020-05-09T02:12:32.000Z",
    "html": "",
    "externalScripts": "",
    "updaterUID": "bd-1360947534",
    "theme": "",
    "layout": "",
    "viewCount": 993,
    "userName": "c***l",
    "commentCount": 0,
    "starCount": 3,
    "isStared": 0,
    "thumbnailURL": "https://www.makeapie.com/ecg-storage/ec_gallery_thumbnail/xefuSQrc7N.png?v=1588990352489",
    "isCustomThumbnail": 0,
    "builtinTags": [
        "category-work",
        "grid",
        "markLine",
        "series-line",
        "title",
        "tooltip"
    ],
    "customTags": [],
    "updaterUserName": "c***l"
}