{
    "cid": "xeOSdehQso",
    "authorUid": "obd-oCAn0py4agO8uEBCdnu3WSH2cOEzW3P",
    "authorUserName": "寒***枫",
    "title": "华南理工大学校区地址",
    "description": "",
    "latestVersion": 5,
    "alwaysLatest": 1,
    "createTime": "2020-05-09T03:58:48.000Z",
    "lastUpdateTime": "2020-05-09T03:58:48.000Z",
    "auth": 2,
    "uid": "obd-oCAn0py4agO8uEBCdnu3WSH2cOEzW3P",
    "publishedVersion": 0,
    "forkFrom": "-",
    "isSpam": 0,
    "version": 5,
    "parentVersion": 4,
    "echartsVersion": "4.7.0",
    "versionCreateTime": "2020-05-11T01:18:51.000Z",
    "html": "",
    "externalScripts": "",
    "updaterUID": "obd-oCAn0py4agO8uEBCdnu3WSH2cOEzW3P",
    "theme": "",
    "layout": "",
    "viewCount": 322,
    "userName": "寒***枫",
    "commentCount": 0,
    "starCount": 0,
    "isStared": 0,
    "thumbnailURL": "https://www.makeapie.com/ecg-storage/ec_gallery_thumbnail/xeOSdehQso.png?v=1589159931257",
    "isCustomThumbnail": 0,
    "builtinTags": [
        "category-work",
        "geo",
        "series-effectScatter",
        "series-lines"
    ],
    "customTags": [],
    "updaterUserName": "寒***枫"
}