{
    "cid": "xHIReDhByVw",
    "authorUid": "bd-3997171353",
    "authorUserName": "大***m",
    "title": "每天都要喝水呀",
    "description": "每天工作喝水情况",
    "latestVersion": 25,
    "alwaysLatest": 1,
    "createTime": "2020-05-11T07:27:36.000Z",
    "lastUpdateTime": "2020-05-11T07:27:36.000Z",
    "auth": 2,
    "uid": "bd-3997171353",
    "publishedVersion": 0,
    "forkFrom": "-",
    "isSpam": 0,
    "version": 25,
    "parentVersion": 24,
    "echartsVersion": "4.7.0",
    "versionCreateTime": "2020-05-19T07:59:03.000Z",
    "html": "",
    "externalScripts": "",
    "updaterUID": "bd-3997171353",
    "theme": "",
    "layout": "",
    "viewCount": 105,
    "userName": "大***m",
    "commentCount": 0,
    "starCount": 1,
    "isStared": 0,
    "thumbnailURL": "https://www.makeapie.com/ecg-storage/ec_gallery_thumbnail/xHIReDhByVw.png?v=1589875143962",
    "isCustomThumbnail": 0,
    "builtinTags": [
        "category-work",
        "grid",
        "series-bar",
        "title",
        "tooltip"
    ],
    "customTags": [],
    "updaterUserName": "大***m"
}