{
    "cid": "xk0O1v38vi",
    "authorUid": "bd-3893175972",
    "authorUserName": "q***3",
    "title": "深圳市参与国家标准制修订的外资企业情况分析--各区企业数量分布",
    "description": "",
    "latestVersion": 5,
    "alwaysLatest": 1,
    "createTime": "2020-05-12T12:18:35.000Z",
    "lastUpdateTime": "2020-05-12T12:18:35.000Z",
    "auth": 2,
    "uid": "bd-3893175972",
    "publishedVersion": 0,
    "forkFrom": "-",
    "isSpam": 0,
    "version": 5,
    "parentVersion": 4,
    "echartsVersion": "4.7.0",
    "versionCreateTime": "2020-05-21T04:01:35.000Z",
    "html": "",
    "externalScripts": "",
    "updaterUID": "bd-3893175972",
    "theme": "",
    "layout": "",
    "viewCount": 439,
    "userName": "q***3",
    "commentCount": 0,
    "starCount": 0,
    "isStared": 0,
    "thumbnailURL": "https://www.makeapie.com/ecg-storage/ec_gallery_thumbnail/xk0O1v38vi.png?v=1590033695620",
    "isCustomThumbnail": 0,
    "builtinTags": [
        "category-work",
        "series-map",
        "title",
        "tooltip",
        "visualMap"
    ],
    "customTags": [],
    "updaterUserName": "q***3"
}