{
    "cid": "xRsf560aEu",
    "authorUid": "obd-oNSDCqu42JEySyKzZOfcy6UjgFt5dCi",
    "authorUserName": "逆***h",
    "title": "各类型订单清分量统计",
    "description": "",
    "latestVersion": 4,
    "alwaysLatest": 1,
    "createTime": "2020-05-11T11:57:12.000Z",
    "lastUpdateTime": "2020-05-11T11:57:12.000Z",
    "auth": 2,
    "uid": "obd-oNSDCqu42JEySyKzZOfcy6UjgFt5dCi",
    "publishedVersion": 0,
    "forkFrom": "-",
    "isSpam": 0,
    "version": 4,
    "parentVersion": 3,
    "echartsVersion": "4.8.0",
    "versionCreateTime": "2020-05-27T11:44:10.000Z",
    "html": "",
    "externalScripts": "",
    "updaterUID": "obd-oNSDCqu42JEySyKzZOfcy6UjgFt5dCi",
    "theme": "",
    "layout": "",
    "viewCount": 49,
    "userName": "逆***h",
    "commentCount": 0,
    "starCount": 0,
    "isStared": 0,
    "thumbnailURL": "https://www.makeapie.com/ecg-storage/ec_gallery_thumbnail/xRsf560aEu.png?v=1590579850511",
    "isCustomThumbnail": 0,
    "builtinTags": [
        "category-work",
        "dataset",
        "grid",
        "legend",
        "markPoint",
        "series-line",
        "title",
        "tooltip"
    ],
    "customTags": [],
    "updaterUserName": "逆***h"
}