{
    "cid": "xrv4hpDTEH",
    "authorUid": "bd-1445099419",
    "authorUserName": "浅***一",
    "title": "散点，线，线",
    "description": "散点，线，线",
    "latestVersion": 1,
    "alwaysLatest": 1,
    "createTime": "2020-05-09T09:14:36.000Z",
    "lastUpdateTime": "2020-05-09T09:14:36.000Z",
    "auth": 2,
    "uid": "bd-1445099419",
    "publishedVersion": 0,
    "forkFrom": "-",
    "isSpam": 0,
    "version": 1,
    "parentVersion": -1,
    "echartsVersion": "4.7.0",
    "versionCreateTime": "2020-05-09T09:14:36.000Z",
    "html": "",
    "externalScripts": "",
    "updaterUID": "bd-1445099419",
    "theme": "macarons",
    "layout": "",
    "viewCount": 1724,
    "userName": "浅***一",
    "commentCount": 0,
    "starCount": 3,
    "isStared": 0,
    "thumbnailURL": "https://www.makeapie.com/ecg-storage/ec_gallery_thumbnail/xrv4hpDTEH.png?v=1589015676354",
    "isCustomThumbnail": 0,
    "builtinTags": [
        "category-work",
        "grid",
        "series-line",
        "series-scatter",
        "title"
    ],
    "customTags": [],
    "updaterUserName": "浅***一"
}