{
    "cid": "xU89fhxJZt",
    "authorUid": "obd-oNbDPm7-pQX--FSr0CBXDx_RVhIVwC0",
    "authorUserName": "善***c",
    "title": "曲线图",
    "description": "",
    "latestVersion": 8,
    "alwaysLatest": 1,
    "createTime": "2020-05-13T07:44:27.000Z",
    "lastUpdateTime": "2020-05-13T07:44:27.000Z",
    "auth": 2,
    "uid": "obd-oNbDPm7-pQX--FSr0CBXDx_RVhIVwC0",
    "publishedVersion": 0,
    "forkFrom": "-",
    "isSpam": 0,
    "version": 8,
    "parentVersion": 7,
    "echartsVersion": "4.7.0",
    "versionCreateTime": "2020-05-14T06:40:39.000Z",
    "html": "",
    "externalScripts": "",
    "updaterUID": "obd-oNbDPm7-pQX--FSr0CBXDx_RVhIVwC0",
    "theme": "",
    "layout": "",
    "viewCount": 213,
    "userName": "善***c",
    "commentCount": 0,
    "starCount": 1,
    "isStared": 0,
    "thumbnailURL": "https://www.makeapie.com/ecg-storage/ec_gallery_thumbnail/xU89fhxJZt.png?v=1589438439242",
    "isCustomThumbnail": 0,
    "builtinTags": [
        "category-work",
        "grid",
        "series-line",
        "tooltip"
    ],
    "customTags": [],
    "updaterUserName": "善***c"
}