{
    "cid": "xu_zLV26Dw",
    "authorUid": "bd-1546455063",
    "authorUserName": "t***爱",
    "title": "line",
    "description": "折线图",
    "latestVersion": 1,
    "alwaysLatest": 1,
    "createTime": "2020-05-09T01:45:53.000Z",
    "lastUpdateTime": "2020-05-09T01:45:53.000Z",
    "auth": 2,
    "uid": "bd-1546455063",
    "publishedVersion": 0,
    "forkFrom": "-",
    "isSpam": 0,
    "version": 1,
    "parentVersion": -1,
    "echartsVersion": "4.7.0",
    "versionCreateTime": "2020-05-09T01:45:53.000Z",
    "html": "",
    "externalScripts": "",
    "updaterUID": "bd-1546455063",
    "theme": "",
    "layout": "",
    "viewCount": 207,
    "userName": "t***爱",
    "commentCount": 0,
    "starCount": 3,
    "isStared": 0,
    "thumbnailURL": "https://www.makeapie.com/ecg-storage/ec_gallery_thumbnail/xu_zLV26Dw.png?v=1588988754092",
    "isCustomThumbnail": 0,
    "builtinTags": [
        "category-work",
        "grid",
        "series-line",
        "tooltip"
    ],
    "customTags": [],
    "updaterUserName": "t***爱"
}