{
    "cid": "xv90JyTXfG",
    "authorUid": "obd-oFbGqlEY7yUtHmSV7OesBYzmiWbiH59",
    "authorUserName": "f***9",
    "title": "广州地图数据基础版",
    "description": "",
    "latestVersion": 2,
    "alwaysLatest": 1,
    "createTime": "2020-05-12T07:21:37.000Z",
    "lastUpdateTime": "2020-05-12T07:21:37.000Z",
    "auth": 2,
    "uid": "obd-oFbGqlEY7yUtHmSV7OesBYzmiWbiH59",
    "publishedVersion": 0,
    "forkFrom": "-",
    "isSpam": 0,
    "version": 2,
    "parentVersion": 1,
    "echartsVersion": "4.7.0",
    "versionCreateTime": "2020-05-12T07:33:17.000Z",
    "html": "",
    "externalScripts": "",
    "updaterUID": "obd-oFbGqlEY7yUtHmSV7OesBYzmiWbiH59",
    "theme": "",
    "layout": "",
    "viewCount": 3663,
    "userName": "f***9",
    "commentCount": 0,
    "starCount": 6,
    "isStared": 0,
    "thumbnailURL": "https://www.makeapie.com/ecg-storage/ec_gallery_thumbnail/xv90JyTXfG.png?v=1589268798185",
    "isCustomThumbnail": 0,
    "builtinTags": [
        "category-work",
        "legend",
        "markPoint",
        "series-map",
        "tooltip"
    ],
    "customTags": [],
    "updaterUserName": "f***9"
}