{
    "cid": "xVi7scKbi_",
    "authorUid": "obd-oNSDCqu42JEySyKzZOfcy6UjgFt5dCi",
    "authorUserName": "逆***h",
    "title": "第一版-机具交易量",
    "description": "",
    "latestVersion": 3,
    "alwaysLatest": 1,
    "createTime": "2020-05-13T03:52:54.000Z",
    "lastUpdateTime": "2020-05-13T03:52:54.000Z",
    "auth": 2,
    "uid": "obd-oNSDCqu42JEySyKzZOfcy6UjgFt5dCi",
    "publishedVersion": 0,
    "forkFrom": "-",
    "isSpam": 0,
    "version": 3,
    "parentVersion": 1,
    "echartsVersion": "4.7.0",
    "versionCreateTime": "2020-05-13T09:28:14.000Z",
    "html": "",
    "externalScripts": "",
    "updaterUID": "obd-oNSDCqu42JEySyKzZOfcy6UjgFt5dCi",
    "theme": "",
    "layout": "",
    "viewCount": 751,
    "userName": "逆***h",
    "commentCount": 0,
    "starCount": 1,
    "isStared": 0,
    "thumbnailURL": "https://www.makeapie.com/ecg-storage/ec_gallery_thumbnail/xVi7scKbi_.png?v=1589362094517",
    "isCustomThumbnail": 0,
    "builtinTags": [
        "category-work",
        "geo",
        "legend",
        "series-map",
        "series-scatter",
        "title",
        "tooltip",
        "visualMap"
    ],
    "customTags": [],
    "updaterUserName": "逆***h"
}