{
    "cid": "xYCmFf_bAe",
    "authorUid": "bd-167860219",
    "authorUserName": "n***1",
    "title": "微博评论关系图",
    "description": "@观察者网：【#懂点儿啥#66：】papi酱孩子随父姓被骂，这是一件挺奇葩的事情，因为道理是不言自明的，套用郭德纲的话，这种讨论你认真参与一下就算输了。但既然已经这么热了，我觉得还是有必要认真讲一下这背后的问题。",
    "latestVersion": 5,
    "alwaysLatest": 1,
    "createTime": "2020-05-13T04:02:17.000Z",
    "lastUpdateTime": "2020-05-13T04:20:42.000Z",
    "auth": 2,
    "uid": "bd-167860219",
    "publishedVersion": 0,
    "forkFrom": "-",
    "isSpam": 0,
    "version": 5,
    "parentVersion": 4,
    "echartsVersion": "4.7.0",
    "versionCreateTime": "2020-05-13T04:29:17.000Z",
    "html": "",
    "externalScripts": "",
    "updaterUID": "bd-167860219",
    "theme": "default",
    "layout": "",
    "viewCount": 1469,
    "userName": "n***1",
    "commentCount": 0,
    "starCount": 3,
    "isStared": 0,
    "thumbnailURL": "https://www.makeapie.com/ecg-storage/ec_gallery_thumbnail/xYCmFf_bAe.png?v=1589343643197",
    "isCustomThumbnail": 1,
    "builtinTags": [
        "category-work",
        "legend",
        "series-graph",
        "title",
        "tooltip"
    ],
    "customTags": [],
    "updaterUserName": "n***1"
}