{
    "cid": "xyhZu7cb9f",
    "authorUid": "bd-136317861",
    "authorUserName": "生***络",
    "title": "行情深度图",
    "description": "行情深度图，挂单深度图",
    "latestVersion": 1,
    "alwaysLatest": 1,
    "createTime": "2020-05-13T06:09:36.000Z",
    "lastUpdateTime": "2020-05-13T06:09:36.000Z",
    "auth": 1,
    "uid": "bd-136317861",
    "publishedVersion": 0,
    "forkFrom": "-",
    "isSpam": 0,
    "version": 1,
    "parentVersion": -1,
    "echartsVersion": "4.7.0",
    "versionCreateTime": "2020-05-13T06:09:36.000Z",
    "html": "",
    "externalScripts": "",
    "updaterUID": "bd-136317861",
    "theme": "",
    "layout": "",
    "viewCount": 115,
    "userName": "生***络",
    "commentCount": 0,
    "starCount": 0,
    "isStared": 0,
    "thumbnailURL": "https://www.makeapie.com/ecg-storage/ec_gallery_thumbnail/xyhZu7cb9f.png?v=1589350176395",
    "isCustomThumbnail": 0,
    "builtinTags": [
        "category-work",
        "grid",
        "series-line",
        "tooltip"
    ],
    "customTags": [],
    "updaterUserName": "生***络"
}