{
    "cid": "x0poen5mSu",
    "authorUid": "obd-ojC2SFRnsaDAigetT60UB9OAyslNOEM",
    "authorUserName": "荒***语",
    "title": "南丁格尔图+中间图片+内环背景色",
    "description": "定制化饼图中间的背景颜色",
    "latestVersion": 5,
    "alwaysLatest": 0,
    "createTime": "2021-05-10T03:17:15.000Z",
    "lastUpdateTime": "2021-05-10T03:17:15.000Z",
    "auth": 2,
    "uid": "obd-ojC2SFRnsaDAigetT60UB9OAyslNOEM",
    "publishedVersion": 0,
    "forkFrom": "-",
    "isSpam": 0,
    "version": 5,
    "parentVersion": 4,
    "echartsVersion": "5.1.1",
    "versionCreateTime": "2021-05-11T03:01:06.000Z",
    "html": "",
    "externalScripts": "",
    "updaterUID": "obd-ojC2SFRnsaDAigetT60UB9OAyslNOEM",
    "theme": "",
    "layout": "",
    "viewCount": 0,
    "userName": "荒***语",
    "commentCount": 0,
    "starCount": 1,
    "isStared": 0,
    "thumbnailURL": "https://www.makeapie.com/ecg-storage/ec_gallery_thumbnail/x0poen5mSu.png?v=1620616635629",
    "isCustomThumbnail": 1,
    "builtinTags": [
        "category-work"
    ],
    "customTags": [
        "饼图背景色"
    ],
    "updaterUserName": "荒***语"
}