{
    "cid": "x1i6Qer9S9",
    "authorUid": "obd-ojqzcseu1JvwdiU9rUDiHeYlLCNyJEd",
    "authorUserName": "正***5",
    "title": "折线图",
    "description": "",
    "latestVersion": 2,
    "alwaysLatest": 0,
    "createTime": "2021-05-08T07:29:52.000Z",
    "lastUpdateTime": "2021-05-08T07:38:26.000Z",
    "auth": 2,
    "uid": "obd-ojqzcseu1JvwdiU9rUDiHeYlLCNyJEd",
    "publishedVersion": 0,
    "forkFrom": "-",
    "isSpam": 0,
    "version": 2,
    "parentVersion": 1,
    "echartsVersion": "5.1.1",
    "versionCreateTime": "2021-05-08T07:31:26.000Z",
    "html": "",
    "externalScripts": "",
    "updaterUID": "obd-ojqzcseu1JvwdiU9rUDiHeYlLCNyJEd",
    "theme": "default",
    "layout": "",
    "viewCount": 0,
    "userName": "正***5",
    "commentCount": 0,
    "starCount": 2,
    "isStared": 0,
    "thumbnailURL": "https://www.makeapie.com/ecg-storage/ec_gallery_thumbnail/x1i6Qer9S9.png?v=1620459086683",
    "isCustomThumbnail": 0,
    "builtinTags": [
        "category-work",
        "dataZoom",
        "grid",
        "markLine",
        "series-line",
        "tooltip"
    ],
    "customTags": [],
    "updaterUserName": "正***5"
}