{
    "cid": "x1JMvN-uX-",
    "authorUid": "obd-oDmQB5k4z4IKLErElDK2wSPA2Ls2z1J",
    "authorUserName": "丝***y",
    "title": "雷达图",
    "description": "radar-大屏",
    "latestVersion": 1,
    "alwaysLatest": 0,
    "createTime": "2021-05-08T09:35:51.000Z",
    "lastUpdateTime": "2021-05-08T09:35:51.000Z",
    "auth": 2,
    "uid": "obd-oDmQB5k4z4IKLErElDK2wSPA2Ls2z1J",
    "publishedVersion": 0,
    "forkFrom": "-",
    "isSpam": 0,
    "version": 1,
    "parentVersion": -1,
    "echartsVersion": "5.1.1",
    "versionCreateTime": "2021-05-08T09:35:51.000Z",
    "html": "",
    "externalScripts": "",
    "updaterUID": "obd-oDmQB5k4z4IKLErElDK2wSPA2Ls2z1J",
    "theme": "",
    "layout": "",
    "viewCount": 0,
    "userName": "丝***y",
    "commentCount": 0,
    "starCount": 1,
    "isStared": 0,
    "thumbnailURL": "https://www.makeapie.com/ecg-storage/ec_gallery_thumbnail/x1JMvN-uX-.png?v=1620466552054",
    "isCustomThumbnail": 0,
    "builtinTags": [
        "category-work",
        "legend",
        "radar",
        "series-radar",
        "tooltip"
    ],
    "customTags": [
        "radar"
    ],
    "updaterUserName": "丝***y"
}