{
    "cid": "x2nKk5tUyV",
    "authorUid": "obd-oDCaFX31jiwTXKlwjh_k6OKioVP0t1E",
    "authorUserName": "s***姊",
    "title": "高信环图",
    "description": "",
    "latestVersion": 2,
    "alwaysLatest": 0,
    "createTime": "2021-05-09T01:45:11.000Z",
    "lastUpdateTime": "2021-05-09T01:45:11.000Z",
    "auth": 2,
    "uid": "obd-oDCaFX31jiwTXKlwjh_k6OKioVP0t1E",
    "publishedVersion": 0,
    "forkFrom": "-",
    "isSpam": 0,
    "version": 2,
    "parentVersion": 1,
    "echartsVersion": "5.1.1",
    "versionCreateTime": "2021-05-09T03:51:27.000Z",
    "html": "",
    "externalScripts": "",
    "updaterUID": "obd-oDCaFX31jiwTXKlwjh_k6OKioVP0t1E",
    "theme": "",
    "layout": "",
    "viewCount": 0,
    "userName": "s***姊",
    "commentCount": 0,
    "starCount": 0,
    "isStared": 0,
    "thumbnailURL": "https://www.makeapie.com/ecg-storage/ec_gallery_thumbnail/x2nKk5tUyV.png?v=1620532287875",
    "isCustomThumbnail": 0,
    "builtinTags": [
        "category-work",
        "legend",
        "series-pie",
        "title",
        "tooltip"
    ],
    "customTags": [],
    "updaterUserName": "s***姊"
}