{
    "cid": "x9yhNWRx5U",
    "authorUid": "obd-ojLzjb3uoUxOpMGxdEP8KJdeD8hctEk",
    "authorUserName": "噬***灬",
    "title": "多组 多数据 多色 圆柱柱状图",
    "description": "四个组，组内有四个数据，有四个颜色的柱状图\n\n有个小Bug，因为圆柱顶部和底部的位置是写死的，如果要多加数据或者点击图例，都会使顶部和底部与柱体错开，如果有大佬看到可以试着帮忙解决一下",
    "latestVersion": 7,
    "alwaysLatest": 0,
    "createTime": "2021-05-08T06:17:03.000Z",
    "lastUpdateTime": "2021-05-08T06:17:03.000Z",
    "auth": 1,
    "uid": "obd-ojLzjb3uoUxOpMGxdEP8KJdeD8hctEk",
    "publishedVersion": 0,
    "forkFrom": "-",
    "isSpam": 0,
    "version": 7,
    "parentVersion": 6,
    "echartsVersion": "5.1.1",
    "versionCreateTime": "2021-05-11T08:38:29.000Z",
    "html": "",
    "externalScripts": "",
    "updaterUID": "obd-ojLzjb3uoUxOpMGxdEP8KJdeD8hctEk",
    "theme": "",
    "layout": "",
    "viewCount": 0,
    "userName": "噬***灬",
    "commentCount": 0,
    "starCount": 2,
    "isStared": 0,
    "thumbnailURL": "https://www.makeapie.com/ecg-storage/ec_gallery_thumbnail/x9yhNWRx5U.png?v=1620722309320",
    "isCustomThumbnail": 0,
    "builtinTags": [
        "category-work",
        "grid",
        "legend",
        "series-bar",
        "series-pictorialBar",
        "tooltip"
    ],
    "customTags": [],
    "updaterUserName": "噬***灬"
}