{
    "cid": "xHRK6WQJl7",
    "authorUid": "bd-2652911079",
    "authorUserName": "囧***哥",
    "title": "自定义扇形弧度坐标文本（雷达图）",
    "description": "包含自动计算扇形弧度坐标",
    "latestVersion": 7,
    "alwaysLatest": 0,
    "createTime": "2021-05-10T08:27:37.000Z",
    "lastUpdateTime": "2021-05-10T08:27:37.000Z",
    "auth": 2,
    "uid": "bd-2652911079",
    "publishedVersion": 0,
    "forkFrom": "-",
    "isSpam": 0,
    "version": 7,
    "parentVersion": 6,
    "echartsVersion": "5.1.1",
    "versionCreateTime": "2021-05-10T09:29:39.000Z",
    "html": "",
    "externalScripts": "",
    "updaterUID": "bd-2652911079",
    "theme": "",
    "layout": "",
    "viewCount": 0,
    "userName": "囧***哥",
    "commentCount": 0,
    "starCount": 0,
    "isStared": 0,
    "thumbnailURL": "https://www.makeapie.com/ecg-storage/ec_gallery_thumbnail/xHRK6WQJl7.png?v=1620638979593",
    "isCustomThumbnail": 0,
    "builtinTags": [
        "category-work",
        "polar",
        "series-custom",
        "tooltip"
    ],
    "customTags": [],
    "updaterUserName": "囧***哥"
}