{
    "cid": "xj75ukI4Wo",
    "authorUid": "obd-ojqzcseu1JvwdiU9rUDiHeYlLCNyJEd",
    "authorUserName": "正***5",
    "title": "堆叠柱状图",
    "description": "",
    "latestVersion": 1,
    "alwaysLatest": 0,
    "createTime": "2021-05-08T10:22:06.000Z",
    "lastUpdateTime": "2021-05-08T10:22:06.000Z",
    "auth": 2,
    "uid": "obd-ojqzcseu1JvwdiU9rUDiHeYlLCNyJEd",
    "publishedVersion": 0,
    "forkFrom": "-",
    "isSpam": 0,
    "version": 1,
    "parentVersion": -1,
    "echartsVersion": "5.1.1",
    "versionCreateTime": "2021-05-08T10:22:06.000Z",
    "html": "",
    "externalScripts": "",
    "updaterUID": "obd-ojqzcseu1JvwdiU9rUDiHeYlLCNyJEd",
    "theme": "",
    "layout": "",
    "viewCount": 0,
    "userName": "正***5",
    "commentCount": 0,
    "starCount": 2,
    "isStared": 0,
    "thumbnailURL": "https://www.makeapie.com/ecg-storage/ec_gallery_thumbnail/xj75ukI4Wo.png?v=1620469326753",
    "isCustomThumbnail": 0,
    "builtinTags": [
        "category-work",
        "dataZoom",
        "grid",
        "legend",
        "series-bar",
        "tooltip"
    ],
    "customTags": [],
    "updaterUserName": "正***5"
}