{
    "cid": "xobOAy-xLY",
    "authorUid": "obd-oPY-sy1sVE4L4ca2Y5ot-CG8DGI5r9r",
    "authorUserName": "j***8",
    "title": "Capability radar",
    "description": "能力雷达图",
    "latestVersion": 4,
    "alwaysLatest": 0,
    "createTime": "2021-05-09T09:58:02.000Z",
    "lastUpdateTime": "2021-05-09T09:58:02.000Z",
    "auth": 2,
    "uid": "obd-oPY-sy1sVE4L4ca2Y5ot-CG8DGI5r9r",
    "publishedVersion": 0,
    "forkFrom": "-",
    "isSpam": 0,
    "version": 4,
    "parentVersion": 3,
    "echartsVersion": "5.1.1",
    "versionCreateTime": "2021-05-09T10:24:07.000Z",
    "html": "",
    "externalScripts": "",
    "updaterUID": "obd-oPY-sy1sVE4L4ca2Y5ot-CG8DGI5r9r",
    "theme": "default",
    "layout": "",
    "viewCount": 0,
    "userName": "j***8",
    "commentCount": 0,
    "starCount": 8,
    "isStared": 0,
    "thumbnailURL": "https://www.makeapie.com/ecg-storage/ec_gallery_thumbnail/xobOAy-xLY.png?v=1620555847846",
    "isCustomThumbnail": 0,
    "builtinTags": [
        "category-work",
        "grid",
        "series-pie",
        "title"
    ],
    "customTags": [],
    "updaterUserName": "j***8"
}