{
    "cid": "xOM-qDXp50",
    "authorUid": "obd-oDoa8L5uR364zXRk5QpC_cigut0tw1m",
    "authorUserName": "花***n",
    "title": "旭日图",
    "description": "",
    "latestVersion": 1,
    "alwaysLatest": 0,
    "createTime": "2021-05-10T07:41:32.000Z",
    "lastUpdateTime": "2021-05-10T07:41:32.000Z",
    "auth": 2,
    "uid": "obd-oDoa8L5uR364zXRk5QpC_cigut0tw1m",
    "publishedVersion": 0,
    "forkFrom": "-",
    "isSpam": 0,
    "version": 1,
    "parentVersion": -1,
    "echartsVersion": "5.1.1",
    "versionCreateTime": "2021-05-10T07:41:32.000Z",
    "html": "",
    "externalScripts": "",
    "updaterUID": "obd-oDoa8L5uR364zXRk5QpC_cigut0tw1m",
    "theme": "",
    "layout": "",
    "viewCount": 0,
    "userName": "花***n",
    "commentCount": 0,
    "starCount": 1,
    "isStared": 0,
    "thumbnailURL": "https://www.makeapie.com/ecg-storage/ec_gallery_thumbnail/xOM-qDXp50.png?v=1620632492405",
    "isCustomThumbnail": 0,
    "builtinTags": [
        "category-work",
        "series-sunburst"
    ],
    "customTags": [],
    "updaterUserName": "花***n"
}