{
    "cid": "xpQoaCGyqN",
    "authorUid": "obd-oA0g7GucI5w3ubLsC-NgUnpPeBMx47l",
    "authorUserName": "老***侃",
    "title": "区域数字分布 - 郑州市",
    "description": "自己使用",
    "latestVersion": 2,
    "alwaysLatest": 0,
    "createTime": "2021-05-08T06:22:13.000Z",
    "lastUpdateTime": "2021-05-08T06:22:13.000Z",
    "auth": 2,
    "uid": "obd-oA0g7GucI5w3ubLsC-NgUnpPeBMx47l",
    "publishedVersion": 0,
    "forkFrom": "-",
    "isSpam": 0,
    "version": 2,
    "parentVersion": 1,
    "echartsVersion": "4.9.0",
    "versionCreateTime": "2021-05-08T06:22:34.000Z",
    "html": "",
    "externalScripts": "",
    "updaterUID": "obd-oA0g7GucI5w3ubLsC-NgUnpPeBMx47l",
    "theme": "",
    "layout": "",
    "viewCount": 0,
    "userName": "老***侃",
    "commentCount": 0,
    "starCount": 1,
    "isStared": 0,
    "thumbnailURL": "https://www.makeapie.com/ecg-storage/ec_gallery_thumbnail/xpQoaCGyqN.png?v=1620454954272",
    "isCustomThumbnail": 0,
    "builtinTags": [
        "category-work",
        "geo",
        "legend",
        "series-map",
        "series-scatter",
        "title",
        "tooltip",
        "visualMap"
    ],
    "customTags": [],
    "updaterUserName": "老***侃"
}