{
    "cid": "xqjyhAVx7V",
    "authorUid": "obd-oPby6eOXGS57MI1kL7_Fy0OJtjwuC9I",
    "authorUserName": "张***l",
    "title": "实时网络上传下载速率",
    "description": "实时网速折线图",
    "latestVersion": 1,
    "alwaysLatest": 0,
    "createTime": "2021-05-10T09:04:14.000Z",
    "lastUpdateTime": "2021-05-10T09:04:14.000Z",
    "auth": 1,
    "uid": "obd-oPby6eOXGS57MI1kL7_Fy0OJtjwuC9I",
    "publishedVersion": 0,
    "forkFrom": "-",
    "isSpam": 0,
    "version": 1,
    "parentVersion": -1,
    "echartsVersion": "5.1.1",
    "versionCreateTime": "2021-05-10T09:04:14.000Z",
    "html": "",
    "externalScripts": "",
    "updaterUID": "obd-oPby6eOXGS57MI1kL7_Fy0OJtjwuC9I",
    "theme": "",
    "layout": "",
    "viewCount": 0,
    "userName": "张***l",
    "commentCount": 0,
    "starCount": 3,
    "isStared": 0,
    "thumbnailURL": "https://www.makeapie.com/ecg-storage/ec_gallery_thumbnail/xqjyhAVx7V.png?v=1620637455171",
    "isCustomThumbnail": 0,
    "builtinTags": [
        "category-work",
        "grid",
        "legend",
        "series-line",
        "title",
        "tooltip"
    ],
    "customTags": [],
    "updaterUserName": "张***l"
}