{
    "cid": "xwvd2kz9zT",
    "authorUid": "obd-ojLRBrAONi5_FL-D7zCsQEUi8H6CYEn",
    "authorUserName": "苏***缚",
    "title": "t1",
    "description": "",
    "latestVersion": 5,
    "alwaysLatest": 0,
    "createTime": "2021-05-08T07:04:11.000Z",
    "lastUpdateTime": "2021-05-08T07:04:11.000Z",
    "auth": 2,
    "uid": "obd-ojLRBrAONi5_FL-D7zCsQEUi8H6CYEn",
    "publishedVersion": 0,
    "forkFrom": "-",
    "isSpam": 0,
    "version": 5,
    "parentVersion": 4,
    "echartsVersion": "5.1.1",
    "versionCreateTime": "2021-05-13T07:27:20.000Z",
    "html": "",
    "externalScripts": "",
    "updaterUID": "obd-ojLRBrAONi5_FL-D7zCsQEUi8H6CYEn",
    "theme": "",
    "layout": "",
    "viewCount": 0,
    "userName": "苏***缚",
    "commentCount": 0,
    "starCount": 0,
    "isStared": 0,
    "thumbnailURL": "https://www.makeapie.com/ecg-storage/ec_gallery_thumbnail/xwvd2kz9zT.png?v=1620890840715",
    "isCustomThumbnail": 0,
    "builtinTags": [
        "category-work",
        "grid",
        "series-bar",
        "title"
    ],
    "customTags": [],
    "updaterUserName": "苏***缚"
}