{
    "cid": "xHJ724IXYx",
    "authorUid": "bd-4104729751",
    "authorUserName": "教育集团EC",
    "title": "七十四语文教案质量统计饼状图（学科维度）",
    "description": "年级：七年级-九年级     单位：份    学科：语文\n",
    "latestVersion": 5,
    "alwaysLatest": 1,
    "createTime": "2017-02-16T16:34:51.000Z",
    "lastUpdateTime": "2017-02-16T16:34:51.000Z",
    "auth": 2,
    "uid": "bd-4104729751",
    "publishedVersion": 0,
    "forkFrom": "-",
    "isSpam": 0,
    "version": 5,
    "parentVersion": 4,
    "echartsVersion": "3.4.0",
    "versionCreateTime": "2017-02-16T16:43:09.000Z",
    "html": "",
    "externalScripts": "",
    "updaterUID": "bd-4104729751",
    "theme": "",
    "layout": "",
    "viewCount": 331,
    "userName": "教育集团EC",
    "commentCount": 0,
    "starCount": 0,
    "isStared": 0,
    "thumbnailURL": "https://www.makeapie.com/ecg-storage/ec_gallery_thumbnail/xHJ724IXYx.png?v=1487263389318",
    "isCustomThumbnail": 0,
    "builtinTags": [
        "category-work",
        "grid",
        "legend",
        "series-pie",
        "title",
        "toolbox",
        "tooltip"
    ],
    "customTags": [],
    "updaterUserName": "教育集团EC"
}