{
    "cid": "xrJ9WywmYg",
    "authorUid": "bd-4104729751",
    "authorUserName": "教育集团EC",
    "title": "七十四语文教案柱状图",
    "description": "七十四语文教案柱状图\n",
    "latestVersion": 2,
    "alwaysLatest": 1,
    "createTime": "2017-02-16T17:18:58.000Z",
    "lastUpdateTime": "2017-02-16T17:18:58.000Z",
    "auth": 2,
    "uid": "bd-4104729751",
    "publishedVersion": 0,
    "forkFrom": "-",
    "isSpam": 0,
    "version": 2,
    "parentVersion": 1,
    "echartsVersion": "3.4.0",
    "versionCreateTime": "2017-02-17T00:01:33.000Z",
    "html": "",
    "externalScripts": "",
    "updaterUID": "bd-4104729751",
    "theme": "",
    "layout": "",
    "viewCount": 81,
    "userName": "教育集团EC",
    "commentCount": 0,
    "starCount": 0,
    "isStared": 0,
    "thumbnailURL": "https://www.makeapie.com/ecg-storage/ec_gallery_thumbnail/xrJ9WywmYg.png?v=1487289693834",
    "isCustomThumbnail": 0,
    "builtinTags": [
        "category-work",
        "grid",
        "legend",
        "series-bar",
        "title",
        "toolbox",
        "tooltip"
    ],
    "customTags": [],
    "updaterUserName": "教育集团EC"
}