{
    "cid": "xrJcOXe7Ke",
    "authorUid": "bd-4104729751",
    "authorUserName": "教育集团EC",
    "title": "小学一年级教案质量统计饼状图（年级维度）",
    "description": "年级：一年级    单位：份    学科：语文、数学\n时间：2016.9.12-2017.2.19",
    "latestVersion": 5,
    "alwaysLatest": 1,
    "createTime": "2017-02-16T09:40:02.000Z",
    "lastUpdateTime": "2017-02-16T09:40:02.000Z",
    "auth": 2,
    "uid": "bd-4104729751",
    "publishedVersion": 0,
    "forkFrom": "-",
    "isSpam": 0,
    "version": 5,
    "parentVersion": 4,
    "echartsVersion": "3.4.0",
    "versionCreateTime": "2017-02-16T13:50:16.000Z",
    "html": "",
    "externalScripts": "",
    "updaterUID": "bd-4104729751",
    "theme": "",
    "layout": "",
    "viewCount": 189,
    "userName": "教育集团EC",
    "commentCount": 0,
    "starCount": 0,
    "isStared": 0,
    "thumbnailURL": "https://www.makeapie.com/ecg-storage/ec_gallery_thumbnail/xrJcOXe7Ke.png?v=1487253016323",
    "isCustomThumbnail": 0,
    "builtinTags": [
        "category-work",
        "grid",
        "legend",
        "series-pie",
        "title",
        "toolbox",
        "tooltip"
    ],
    "customTags": [],
    "updaterUserName": "教育集团EC"
}