{
    "cid": "xrJG3MxQYe",
    "authorUid": "bd-4104729751",
    "authorUserName": "教育集团EC",
    "title": "小学数学教案质量统计饼状图（学科维度）",
    "description": "年级：一年级-六年级     单位：份    学科：数学\n时间：2016.9.12-2017.2.19",
    "latestVersion": 6,
    "alwaysLatest": 1,
    "createTime": "2017-02-16T09:36:41.000Z",
    "lastUpdateTime": "2017-02-16T09:36:41.000Z",
    "auth": 2,
    "uid": "bd-4104729751",
    "publishedVersion": 0,
    "forkFrom": "-",
    "isSpam": 0,
    "version": 6,
    "parentVersion": 5,
    "echartsVersion": "3.4.0",
    "versionCreateTime": "2017-02-16T14:10:26.000Z",
    "html": "",
    "externalScripts": "",
    "updaterUID": "bd-4104729751",
    "theme": "",
    "layout": "",
    "viewCount": 180,
    "userName": "教育集团EC",
    "commentCount": 0,
    "starCount": 0,
    "isStared": 0,
    "thumbnailURL": "https://www.makeapie.com/ecg-storage/ec_gallery_thumbnail/xrJG3MxQYe.png?v=1487254226940",
    "isCustomThumbnail": 0,
    "builtinTags": [
        "category-work",
        "grid",
        "legend",
        "series-pie",
        "title",
        "toolbox",
        "tooltip"
    ],
    "customTags": [],
    "updaterUserName": "教育集团EC"
}