{
    "cid": "xry3aWkmYe",
    "authorUid": "bd-3997154932",
    "authorUserName": "l***d",
    "title": "logarithmic regression - 1990 and 2015 per capita life expectancy and GDP",
    "description": "using logarithmic regression to fit 1990 and 2015 per capita life expectancy and GDP",
    "latestVersion": 6,
    "alwaysLatest": 1,
    "createTime": "2017-02-16T08:24:35.000Z",
    "lastUpdateTime": "2017-02-16T08:24:35.000Z",
    "auth": 2,
    "uid": "bd-3997154932",
    "publishedVersion": 0,
    "forkFrom": "-",
    "isSpam": 0,
    "version": 6,
    "parentVersion": 5,
    "echartsVersion": "3.6.0",
    "versionCreateTime": "2017-05-26T02:59:02.000Z",
    "html": "",
    "externalScripts": "http://echarts.baidu.com/resource/echarts-stat-latest/dist/ecStat.min.js",
    "updaterUID": "bd-3997154932",
    "theme": "",
    "layout": "",
    "viewCount": 2227,
    "userName": "l***d",
    "commentCount": 0,
    "starCount": 3,
    "isStared": 0,
    "thumbnailURL": "https://www.makeapie.com/ecg-storage/ec_gallery_thumbnail/xry3aWkmYe.png?v=1495767542792",
    "isCustomThumbnail": 0,
    "builtinTags": [
        "category-work",
        "grid",
        "legend",
        "markPoint",
        "series-line",
        "series-scatter",
        "title",
        "tooltip"
    ],
    "customTags": [
        "line",
        "regression"
    ],
    "updaterUserName": "l***d"
}