{
    "cid": "xS1E1fLQKg",
    "authorUid": "bd-4104729751",
    "authorUserName": "教育集团EC",
    "title": "二十四七年级教案质量统计饼状图（年级维度）",
    "description": "年级：七年级    单位：份    学科：语文、英语\n",
    "latestVersion": 1,
    "alwaysLatest": 1,
    "createTime": "2017-02-16T16:22:52.000Z",
    "lastUpdateTime": "2017-02-16T16:22:52.000Z",
    "auth": 2,
    "uid": "bd-4104729751",
    "publishedVersion": 0,
    "forkFrom": "-",
    "isSpam": 0,
    "version": 1,
    "parentVersion": -1,
    "echartsVersion": "3.4.0",
    "versionCreateTime": "2017-02-16T16:22:52.000Z",
    "html": "",
    "externalScripts": "",
    "updaterUID": "bd-4104729751",
    "theme": "",
    "layout": "",
    "viewCount": 140,
    "userName": "教育集团EC",
    "commentCount": 0,
    "starCount": 0,
    "isStared": 0,
    "thumbnailURL": "https://www.makeapie.com/ecg-storage/ec_gallery_thumbnail/xS1E1fLQKg.png?v=1487262172595",
    "isCustomThumbnail": 0,
    "builtinTags": [
        "category-work",
        "grid",
        "legend",
        "series-pie",
        "title",
        "toolbox",
        "tooltip"
    ],
    "customTags": [],
    "updaterUserName": "教育集团EC"
}