{
    "cid": "xSJeAyvXtl",
    "authorUid": "bd-4104729751",
    "authorUserName": "教育集团EC",
    "title": "二十四英语教案柱状图",
    "description": "二十四英语教案柱状图\n",
    "latestVersion": 1,
    "alwaysLatest": 1,
    "createTime": "2017-02-16T17:22:15.000Z",
    "lastUpdateTime": "2017-02-16T17:22:15.000Z",
    "auth": 2,
    "uid": "bd-4104729751",
    "publishedVersion": 0,
    "forkFrom": "-",
    "isSpam": 0,
    "version": 1,
    "parentVersion": -1,
    "echartsVersion": "3.4.0",
    "versionCreateTime": "2017-02-16T17:22:15.000Z",
    "html": "",
    "externalScripts": "",
    "updaterUID": "bd-4104729751",
    "theme": "",
    "layout": "",
    "viewCount": 108,
    "userName": "教育集团EC",
    "commentCount": 0,
    "starCount": 0,
    "isStared": 0,
    "thumbnailURL": "https://www.makeapie.com/ecg-storage/ec_gallery_thumbnail/xSJeAyvXtl.png?v=1487265735768",
    "isCustomThumbnail": 0,
    "builtinTags": [
        "category-work",
        "grid",
        "legend",
        "series-bar",
        "title",
        "toolbox",
        "tooltip"
    ],
    "customTags": [],
    "updaterUserName": "教育集团EC"
}