{
    "cid": "xB15BZbhyM",
    "authorUid": "bd-2121980449",
    "authorUserName": "ss100113",
    "title": "某站点用户访问来源",
    "description": "纯属虚构",
    "latestVersion": 2,
    "alwaysLatest": 1,
    "createTime": "2017-11-17T06:27:13.000Z",
    "lastUpdateTime": "2017-11-17T06:27:13.000Z",
    "auth": 2,
    "uid": "bd-2121980449",
    "publishedVersion": 0,
    "forkFrom": "-",
    "isSpam": 0,
    "version": 2,
    "parentVersion": 1,
    "echartsVersion": "3.8.0",
    "versionCreateTime": "2017-11-17T06:27:39.000Z",
    "html": "",
    "externalScripts": "",
    "updaterUID": "bd-2121980449",
    "theme": "",
    "layout": "",
    "viewCount": 2725,
    "userName": "ss100113",
    "commentCount": 0,
    "starCount": 3,
    "isStared": 0,
    "thumbnailURL": "https://www.makeapie.com/ecg-storage/ec_gallery_thumbnail/xB15BZbhyM.png?v=1510900059744",
    "isCustomThumbnail": 0,
    "builtinTags": [
        "category-work",
        "legend",
        "series-pie",
        "title",
        "tooltip"
    ],
    "customTags": [],
    "updaterUserName": "ss100113"
}