{
    "cid": "xB17wfz31G",
    "authorUid": "bd-420765316",
    "authorUserName": "十号a",
    "title": "数据汇集",
    "description": "数据汇集",
    "latestVersion": 3,
    "alwaysLatest": 1,
    "createTime": "2017-11-17T07:40:10.000Z",
    "lastUpdateTime": "2017-11-17T07:40:10.000Z",
    "auth": 2,
    "uid": "bd-420765316",
    "publishedVersion": 0,
    "forkFrom": "-",
    "isSpam": 0,
    "version": 3,
    "parentVersion": 2,
    "echartsVersion": "3.8.0",
    "versionCreateTime": "2017-11-22T09:22:20.000Z",
    "html": "",
    "externalScripts": "/dep/echarts/latest/extension/bmap.min.js,http://api.map.baidu.com/api?v=2.0&ak=ZUONbpqGBsYGXNIYHicvbAbM,/dep/echarts/map/js/china.js",
    "updaterUID": "bd-420765316",
    "theme": "",
    "layout": "",
    "viewCount": 250,
    "userName": "十号a",
    "commentCount": 0,
    "starCount": 0,
    "isStared": 0,
    "thumbnailURL": "https://www.makeapie.com/ecg-storage/ec_gallery_thumbnail/xB17wfz31G.undefined?v=",
    "isCustomThumbnail": 0,
    "builtinTags": [
        "category-work"
    ],
    "customTags": [],
    "updaterUserName": "十号a"
}