{
    "cid": "xBJbvb-21G",
    "authorUid": "bd-607966589",
    "authorUserName": "281315514lwy",
    "title": "某站点用户访问来源",
    "description": "纯属虚构",
    "latestVersion": 1,
    "alwaysLatest": 1,
    "createTime": "2017-11-17T06:27:36.000Z",
    "lastUpdateTime": "2017-11-17T06:27:36.000Z",
    "auth": 2,
    "uid": "bd-607966589",
    "publishedVersion": 0,
    "forkFrom": "-",
    "isSpam": 0,
    "version": 1,
    "parentVersion": -1,
    "echartsVersion": "3.8.0",
    "versionCreateTime": "2017-11-17T06:27:36.000Z",
    "html": "",
    "externalScripts": "",
    "updaterUID": "bd-607966589",
    "theme": "default",
    "layout": "",
    "viewCount": 559,
    "userName": "281315514lwy",
    "commentCount": 0,
    "starCount": 2,
    "isStared": 0,
    "thumbnailURL": "https://www.makeapie.com/ecg-storage/ec_gallery_thumbnail/xBJbvb-21G.png?v=1510900056909",
    "isCustomThumbnail": 0,
    "builtinTags": [
        "category-work",
        "legend",
        "series-pie",
        "title",
        "tooltip"
    ],
    "customTags": [],
    "updaterUserName": "281315514lwy"
}