{
    "cid": "xBJmpil2JM",
    "authorUid": "bd-2121980449",
    "authorUserName": "ss100113",
    "title": "",
    "description": "",
    "latestVersion": 3,
    "alwaysLatest": 1,
    "createTime": "2017-11-17T06:03:39.000Z",
    "lastUpdateTime": "2017-11-17T06:03:39.000Z",
    "auth": 2,
    "uid": "bd-2121980449",
    "publishedVersion": 0,
    "forkFrom": "-",
    "isSpam": 0,
    "version": 3,
    "parentVersion": 2,
    "echartsVersion": "3.8.0",
    "versionCreateTime": "2017-11-17T06:05:51.000Z",
    "html": "",
    "externalScripts": "",
    "updaterUID": "bd-2121980449",
    "theme": "",
    "layout": "",
    "viewCount": 197,
    "userName": "ss100113",
    "commentCount": 0,
    "starCount": 0,
    "isStared": 0,
    "thumbnailURL": "https://www.makeapie.com/ecg-storage/ec_gallery_thumbnail/xBJmpil2JM.png?v=1510898751399",
    "isCustomThumbnail": 0,
    "builtinTags": [
        "category-work",
        "grid",
        "legend",
        "series-bar",
        "tooltip"
    ],
    "customTags": [],
    "updaterUserName": "ss100113"
}