{
    "cid": "xBkmeb-hyf",
    "authorUid": "bd-2138268889",
    "authorUserName": "得差不多了",
    "title": "某站点用户访问来源",
    "description": "纯属虚构",
    "latestVersion": 1,
    "alwaysLatest": 1,
    "createTime": "2017-11-17T06:25:46.000Z",
    "lastUpdateTime": "2017-11-17T06:25:46.000Z",
    "auth": 2,
    "uid": "bd-2138268889",
    "publishedVersion": 0,
    "forkFrom": "-",
    "isSpam": 0,
    "version": 1,
    "parentVersion": -1,
    "echartsVersion": "3.8.0",
    "versionCreateTime": "2017-11-17T06:25:46.000Z",
    "html": "",
    "externalScripts": "",
    "updaterUID": "bd-2138268889",
    "theme": "default",
    "layout": "",
    "viewCount": 238,
    "userName": "得差不多了",
    "commentCount": 0,
    "starCount": 1,
    "isStared": 0,
    "thumbnailURL": "https://www.makeapie.com/ecg-storage/ec_gallery_thumbnail/xBkmeb-hyf.png?v=1510899946806",
    "isCustomThumbnail": 0,
    "builtinTags": [
        "category-work",
        "legend",
        "series-pie",
        "title",
        "tooltip"
    ],
    "customTags": [],
    "updaterUserName": "得差不多了"
}