{
    "cid": "xH1Olz-hJf",
    "authorUid": "bd-1335648919",
    "authorUserName": "最遥远的飞鸟鱼",
    "title": "《海边的曼彻色特》舆情分析",
    "description": "纯属虚构",
    "latestVersion": 1,
    "alwaysLatest": 1,
    "createTime": "2017-11-17T06:30:08.000Z",
    "lastUpdateTime": "2017-11-17T06:30:08.000Z",
    "auth": 2,
    "uid": "bd-1335648919",
    "publishedVersion": 0,
    "forkFrom": "-",
    "isSpam": 0,
    "version": 1,
    "parentVersion": -1,
    "echartsVersion": "3.8.0",
    "versionCreateTime": "2017-11-17T06:30:08.000Z",
    "html": "",
    "externalScripts": "",
    "updaterUID": "bd-1335648919",
    "theme": "dark",
    "layout": "",
    "viewCount": 336,
    "userName": "最遥远的飞鸟鱼",
    "commentCount": 0,
    "starCount": 3,
    "isStared": 0,
    "thumbnailURL": "https://www.makeapie.com/ecg-storage/ec_gallery_thumbnail/xH1Olz-hJf.png?v=1510900208362",
    "isCustomThumbnail": 0,
    "builtinTags": [
        "category-work",
        "legend",
        "series-pie",
        "title",
        "tooltip"
    ],
    "customTags": [],
    "updaterUserName": "最遥远的飞鸟鱼"
}