{
    "cid": "xHJ_9og2JM",
    "authorUid": "bd-1195352646",
    "authorUserName": "静夏西凉",
    "title": "",
    "description": "",
    "latestVersion": 1,
    "alwaysLatest": 1,
    "createTime": "2017-11-17T06:02:55.000Z",
    "lastUpdateTime": "2017-11-17T06:02:55.000Z",
    "auth": 2,
    "uid": "bd-1195352646",
    "publishedVersion": 0,
    "forkFrom": "-",
    "isSpam": 0,
    "version": 1,
    "parentVersion": -1,
    "echartsVersion": "3.8.0",
    "versionCreateTime": "2017-11-17T06:02:55.000Z",
    "html": "",
    "externalScripts": "",
    "updaterUID": "bd-1195352646",
    "theme": "vintage",
    "layout": "",
    "viewCount": 56,
    "userName": "静夏西凉",
    "commentCount": 0,
    "starCount": 1,
    "isStared": 0,
    "thumbnailURL": "https://www.makeapie.com/ecg-storage/ec_gallery_thumbnail/xHJ_9og2JM.png?v=1510898575756",
    "isCustomThumbnail": 0,
    "builtinTags": [
        "category-work",
        "grid",
        "legend",
        "series-bar",
        "tooltip"
    ],
    "customTags": [],
    "updaterUserName": "静夏西凉"
}