{
    "cid": "xHkV8--h1G",
    "authorUid": "bd-3463934074",
    "authorUserName": "a普拉斯",
    "title": "天气情况统计",
    "description": "3rd",
    "latestVersion": 2,
    "alwaysLatest": 1,
    "createTime": "2017-11-17T06:27:23.000Z",
    "lastUpdateTime": "2017-11-17T06:27:23.000Z",
    "auth": 2,
    "uid": "bd-3463934074",
    "publishedVersion": 0,
    "forkFrom": "-",
    "isSpam": 0,
    "version": 2,
    "parentVersion": 1,
    "echartsVersion": "3.8.0",
    "versionCreateTime": "2017-11-17T06:28:26.000Z",
    "html": "",
    "externalScripts": "",
    "updaterUID": "bd-3463934074",
    "theme": "",
    "layout": "",
    "viewCount": 195,
    "userName": "a普拉斯",
    "commentCount": 0,
    "starCount": 1,
    "isStared": 0,
    "thumbnailURL": "https://www.makeapie.com/ecg-storage/ec_gallery_thumbnail/xHkV8--h1G.png?v=1510900106956",
    "isCustomThumbnail": 0,
    "builtinTags": [
        "category-work",
        "legend",
        "series-pie",
        "title",
        "tooltip"
    ],
    "customTags": [],
    "updaterUserName": "a普拉斯"
}