{
    "cid": "xHy0CDxhyM",
    "authorUid": "bd-1666958570",
    "authorUserName": "天天开心随便嗨",
    "title": "样",
    "description": "",
    "latestVersion": 3,
    "alwaysLatest": 1,
    "createTime": "2017-11-17T05:47:02.000Z",
    "lastUpdateTime": "2017-11-17T05:47:02.000Z",
    "auth": 2,
    "uid": "bd-1666958570",
    "publishedVersion": 0,
    "forkFrom": "-",
    "isSpam": 0,
    "version": 3,
    "parentVersion": 2,
    "echartsVersion": "3.8.0",
    "versionCreateTime": "2017-11-17T06:03:06.000Z",
    "html": "",
    "externalScripts": "",
    "updaterUID": "bd-1666958570",
    "theme": "",
    "layout": "",
    "viewCount": 31,
    "userName": "天天开心随便嗨",
    "commentCount": 0,
    "starCount": 0,
    "isStared": 0,
    "thumbnailURL": "https://www.makeapie.com/ecg-storage/ec_gallery_thumbnail/xHy0CDxhyM.png?v=1510898587037",
    "isCustomThumbnail": 0,
    "builtinTags": [
        "category-work",
        "grid",
        "legend",
        "series-bar",
        "tooltip"
    ],
    "customTags": [],
    "updaterUserName": "天天开心随便嗨"
}