{
    "cid": "xHysPZ-3kM",
    "authorUid": "bd-1195352646",
    "authorUserName": "静夏西凉",
    "title": "舆论导向分布情况",
    "description": "虚构数据",
    "latestVersion": 1,
    "alwaysLatest": 1,
    "createTime": "2017-11-17T06:27:47.000Z",
    "lastUpdateTime": "2017-11-17T06:27:47.000Z",
    "auth": 2,
    "uid": "bd-1195352646",
    "publishedVersion": 0,
    "forkFrom": "-",
    "isSpam": 0,
    "version": 1,
    "parentVersion": -1,
    "echartsVersion": "3.8.0",
    "versionCreateTime": "2017-11-17T06:27:47.000Z",
    "html": "",
    "externalScripts": "",
    "updaterUID": "bd-1195352646",
    "theme": "",
    "layout": "",
    "viewCount": 96,
    "userName": "静夏西凉",
    "commentCount": 0,
    "starCount": 0,
    "isStared": 0,
    "thumbnailURL": "https://www.makeapie.com/ecg-storage/ec_gallery_thumbnail/xHysPZ-3kM.png?v=1510900067178",
    "isCustomThumbnail": 0,
    "builtinTags": [
        "category-work",
        "legend",
        "series-pie",
        "title",
        "tooltip"
    ],
    "customTags": [],
    "updaterUserName": "静夏西凉"
}