{
    "cid": "xr1igZZ3kz",
    "authorUid": "bd-2237727618",
    "authorUserName": "洛颜烯泪",
    "title": "小可爱的大饼图",
    "description": "纯属虚构",
    "latestVersion": 1,
    "alwaysLatest": 1,
    "createTime": "2017-11-17T06:25:54.000Z",
    "lastUpdateTime": "2017-11-17T06:25:54.000Z",
    "auth": 2,
    "uid": "bd-2237727618",
    "publishedVersion": 0,
    "forkFrom": "-",
    "isSpam": 0,
    "version": 1,
    "parentVersion": -1,
    "echartsVersion": "3.8.0",
    "versionCreateTime": "2017-11-17T06:25:54.000Z",
    "html": "",
    "externalScripts": "",
    "updaterUID": "bd-2237727618",
    "theme": "roma",
    "layout": "",
    "viewCount": 140,
    "userName": "洛颜烯泪",
    "commentCount": 0,
    "starCount": 0,
    "isStared": 0,
    "thumbnailURL": "https://www.makeapie.com/ecg-storage/ec_gallery_thumbnail/xr1igZZ3kz.png?v=1510899954734",
    "isCustomThumbnail": 0,
    "builtinTags": [
        "category-work",
        "legend",
        "series-pie",
        "title",
        "tooltip"
    ],
    "customTags": [],
    "updaterUserName": "洛颜烯泪"
}