{
    "cid": "xr1tIWbhJG",
    "authorUid": "bd-1666958570",
    "authorUserName": "天天开心随便嗨",
    "title": "某站点用户访问来源",
    "description": "哈哈哈",
    "latestVersion": 1,
    "alwaysLatest": 1,
    "createTime": "2017-11-17T06:27:28.000Z",
    "lastUpdateTime": "2017-11-17T06:27:28.000Z",
    "auth": 2,
    "uid": "bd-1666958570",
    "publishedVersion": 0,
    "forkFrom": "-",
    "isSpam": 0,
    "version": 1,
    "parentVersion": -1,
    "echartsVersion": "3.8.0",
    "versionCreateTime": "2017-11-17T06:27:28.000Z",
    "html": "",
    "externalScripts": "",
    "updaterUID": "bd-1666958570",
    "theme": "",
    "layout": "",
    "viewCount": 44,
    "userName": "天天开心随便嗨",
    "commentCount": 0,
    "starCount": 0,
    "isStared": 0,
    "thumbnailURL": "https://www.makeapie.com/ecg-storage/ec_gallery_thumbnail/xr1tIWbhJG.png?v=1510900048836",
    "isCustomThumbnail": 0,
    "builtinTags": [
        "category-work",
        "legend",
        "series-pie",
        "title",
        "tooltip"
    ],
    "customTags": [],
    "updaterUserName": "天天开心随便嗨"
}