{
    "cid": "xr1y8WZ2yM",
    "authorUid": "bd-3129520144",
    "authorUserName": "158******49",
    "title": "某站点用户访问来源",
    "description": "纯属虚构",
    "latestVersion": 1,
    "alwaysLatest": 1,
    "createTime": "2017-11-17T06:27:18.000Z",
    "lastUpdateTime": "2017-11-17T06:27:18.000Z",
    "auth": 2,
    "uid": "bd-3129520144",
    "publishedVersion": 0,
    "forkFrom": "-",
    "isSpam": 0,
    "version": 1,
    "parentVersion": -1,
    "echartsVersion": "3.8.0",
    "versionCreateTime": "2017-11-17T06:27:18.000Z",
    "html": "",
    "externalScripts": "",
    "updaterUID": "bd-3129520144",
    "theme": "vintage",
    "layout": "",
    "viewCount": 43,
    "userName": "158******49",
    "commentCount": 0,
    "starCount": 0,
    "isStared": 0,
    "thumbnailURL": "https://www.makeapie.com/ecg-storage/ec_gallery_thumbnail/xr1y8WZ2yM.png?v=1510900039104",
    "isCustomThumbnail": 0,
    "builtinTags": [
        "category-work",
        "legend",
        "series-pie",
        "title",
        "tooltip"
    ],
    "customTags": [],
    "updaterUserName": "158******49"
}