{
    "cid": "xrJL8fZ2JG",
    "authorUid": "bd-3898251746",
    "authorUserName": "尤学谦",
    "title": "事故隐患趋势",
    "description": "",
    "latestVersion": 3,
    "alwaysLatest": 1,
    "createTime": "2017-11-17T06:31:41.000Z",
    "lastUpdateTime": "2017-11-17T06:31:41.000Z",
    "auth": 2,
    "uid": "bd-3898251746",
    "publishedVersion": 0,
    "forkFrom": "-",
    "isSpam": 0,
    "version": 3,
    "parentVersion": 2,
    "echartsVersion": "3.8.0",
    "versionCreateTime": "2017-11-23T01:44:41.000Z",
    "html": "",
    "externalScripts": "",
    "updaterUID": "bd-3898251746",
    "theme": "",
    "layout": "",
    "viewCount": 651,
    "userName": "尤学谦",
    "commentCount": 0,
    "starCount": 2,
    "isStared": 0,
    "thumbnailURL": "https://www.makeapie.com/ecg-storage/ec_gallery_thumbnail/xrJL8fZ2JG.png?v=1511401481530",
    "isCustomThumbnail": 0,
    "builtinTags": [
        "category-work",
        "grid",
        "series-bar",
        "timeline"
    ],
    "customTags": [],
    "updaterUserName": "尤学谦"
}