{
    "cid": "xrkczlVnkG",
    "authorUid": "bd-766657611",
    "authorUserName": "晴天第二119",
    "title": "进度条",
    "description": "",
    "latestVersion": 8,
    "alwaysLatest": 1,
    "createTime": "2017-11-17T09:46:57.000Z",
    "lastUpdateTime": "2017-11-17T09:46:57.000Z",
    "auth": 2,
    "uid": "bd-766657611",
    "publishedVersion": 0,
    "forkFrom": "-",
    "isSpam": 0,
    "version": 8,
    "parentVersion": 7,
    "echartsVersion": "3.8.0",
    "versionCreateTime": "2017-11-20T08:32:48.000Z",
    "html": "",
    "externalScripts": "",
    "updaterUID": "bd-766657611",
    "theme": "",
    "layout": "",
    "viewCount": 789,
    "userName": "晴天第二119",
    "commentCount": 0,
    "starCount": 2,
    "isStared": 0,
    "thumbnailURL": "https://www.makeapie.com/ecg-storage/ec_gallery_thumbnail/xrkczlVnkG.png?v=1511166768355",
    "isCustomThumbnail": 0,
    "builtinTags": [
        "category-work",
        "grid",
        "markPoint",
        "series-bar",
        "tooltip"
    ],
    "customTags": [],
    "updaterUserName": "晴天第二119"
}