{
    "cid": "xSJcrzW2kM",
    "authorUid": "bd-1750847238",
    "authorUserName": "angerlabayou",
    "title": "",
    "description": "",
    "latestVersion": 2,
    "alwaysLatest": 1,
    "createTime": "2017-11-17T06:31:29.000Z",
    "lastUpdateTime": "2017-11-17T06:31:29.000Z",
    "auth": 2,
    "uid": "bd-1750847238",
    "publishedVersion": 0,
    "forkFrom": "-",
    "isSpam": 0,
    "version": 2,
    "parentVersion": 1,
    "echartsVersion": "3.8.0",
    "versionCreateTime": "2017-11-17T06:32:24.000Z",
    "html": "",
    "externalScripts": "",
    "updaterUID": "bd-1750847238",
    "theme": "",
    "layout": "",
    "viewCount": 12,
    "userName": "angerlabayou",
    "commentCount": 0,
    "starCount": 0,
    "isStared": 0,
    "thumbnailURL": "https://www.makeapie.com/ecg-storage/ec_gallery_thumbnail/xSJcrzW2kM.png?v=1510900344468",
    "isCustomThumbnail": 0,
    "builtinTags": [
        "category-work",
        "grid",
        "legend",
        "series-bar",
        "tooltip"
    ],
    "customTags": [],
    "updaterUserName": "angerlabayou"
}