{
    "cid": "xSJWFiXhkf",
    "authorUid": "bd-3898251746",
    "authorUserName": "尤学谦",
    "title": "散点图",
    "description": "散点图",
    "latestVersion": 4,
    "alwaysLatest": 1,
    "createTime": "2017-11-17T09:27:20.000Z",
    "lastUpdateTime": "2017-11-17T09:27:20.000Z",
    "auth": 2,
    "uid": "bd-3898251746",
    "publishedVersion": 0,
    "forkFrom": "-",
    "isSpam": 0,
    "version": 4,
    "parentVersion": 3,
    "echartsVersion": "3.8.0",
    "versionCreateTime": "2017-11-22T02:31:35.000Z",
    "html": "",
    "externalScripts": "",
    "updaterUID": "bd-3898251746",
    "theme": "",
    "layout": "",
    "viewCount": 380,
    "userName": "尤学谦",
    "commentCount": 0,
    "starCount": 2,
    "isStared": 0,
    "thumbnailURL": "https://www.makeapie.com/ecg-storage/ec_gallery_thumbnail/xSJWFiXhkf.png?v=1511317895150",
    "isCustomThumbnail": 0,
    "builtinTags": [
        "category-work",
        "grid",
        "legend",
        "series-scatter",
        "title"
    ],
    "customTags": [],
    "updaterUserName": "尤学谦"
}