{
    "cid": "xSyz0WZ2kM",
    "authorUid": "bd-3759729079",
    "authorUserName": "張張張張張小纯",
    "title": "6663",
    "description": "纯属虚构",
    "latestVersion": 1,
    "alwaysLatest": 1,
    "createTime": "2017-11-17T06:29:30.000Z",
    "lastUpdateTime": "2017-11-17T06:29:30.000Z",
    "auth": 2,
    "uid": "bd-3759729079",
    "publishedVersion": 0,
    "forkFrom": "-",
    "isSpam": 0,
    "version": 1,
    "parentVersion": -1,
    "echartsVersion": "3.8.0",
    "versionCreateTime": "2017-11-17T06:29:30.000Z",
    "html": "",
    "externalScripts": "",
    "updaterUID": "bd-3759729079",
    "theme": "",
    "layout": "",
    "viewCount": 62,
    "userName": "張張張張張小纯",
    "commentCount": 0,
    "starCount": 0,
    "isStared": 0,
    "thumbnailURL": "https://www.makeapie.com/ecg-storage/ec_gallery_thumbnail/xSyz0WZ2kM.png?v=1510900170533",
    "isCustomThumbnail": 0,
    "builtinTags": [
        "category-work",
        "legend",
        "series-pie",
        "title",
        "tooltip"
    ],
    "customTags": [],
    "updaterUserName": "張張張張張小纯"
}