{
    "cid": "x__IYrNr9H",
    "authorUid": "obd-oF_wGRaJxOXOMbSL2ReZDordcCl_R5D",
    "authorUserName": "快***0",
    "title": "学习",
    "description": "",
    "latestVersion": 4,
    "alwaysLatest": 1,
    "createTime": "2020-09-21T04:17:13.000Z",
    "lastUpdateTime": "2020-09-21T04:17:13.000Z",
    "auth": 2,
    "uid": "obd-oF_wGRaJxOXOMbSL2ReZDordcCl_R5D",
    "publishedVersion": 0,
    "forkFrom": "-",
    "isSpam": 0,
    "version": 4,
    "parentVersion": 3,
    "echartsVersion": "4.8.0",
    "versionCreateTime": "2020-09-24T06:19:50.000Z",
    "html": "",
    "externalScripts": "",
    "updaterUID": "obd-oF_wGRaJxOXOMbSL2ReZDordcCl_R5D",
    "theme": "",
    "layout": "",
    "viewCount": 4203,
    "userName": "快***0",
    "commentCount": 0,
    "starCount": 31,
    "isStared": 0,
    "thumbnailURL": "https://www.makeapie.com/ecg-storage/ec_gallery_thumbnail/x__IYrNr9H.png?v=1600928390871",
    "isCustomThumbnail": 0,
    "builtinTags": [
        "category-work",
        "dataZoom",
        "grid",
        "legend",
        "series-bar",
        "series-pictorialBar",
        "tooltip"
    ],
    "customTags": [],
    "updaterUserName": "快***0"
}