{
    "cid": "xEUh2QCkuz",
    "authorUid": "obd-oNjFDRmEgMJiv2DIKsHqNYm3HSvRdCt",
    "authorUserName": "b***d",
    "title": "粉丝数据显示",
    "description": "粉丝数据显示",
    "latestVersion": 4,
    "alwaysLatest": 1,
    "createTime": "2020-09-22T14:42:07.000Z",
    "lastUpdateTime": "2020-09-22T14:42:07.000Z",
    "auth": 2,
    "uid": "obd-oNjFDRmEgMJiv2DIKsHqNYm3HSvRdCt",
    "publishedVersion": 0,
    "forkFrom": "-",
    "isSpam": 0,
    "version": 4,
    "parentVersion": 3,
    "echartsVersion": "4.8.0",
    "versionCreateTime": "2020-09-22T14:43:12.000Z",
    "html": "",
    "externalScripts": "",
    "updaterUID": "obd-oNjFDRmEgMJiv2DIKsHqNYm3HSvRdCt",
    "theme": "default",
    "layout": "",
    "viewCount": 1968,
    "userName": "b***d",
    "commentCount": 0,
    "starCount": 30,
    "isStared": 0,
    "thumbnailURL": "https://www.makeapie.com/ecg-storage/ec_gallery_thumbnail/xEUh2QCkuz.png?v=1600785792575",
    "isCustomThumbnail": 0,
    "builtinTags": [
        "category-work",
        "grid",
        "series-bar",
        "series-pictorialBar",
        "tooltip"
    ],
    "customTags": [],
    "updaterUserName": "b***d"
}