{
    "cid": "xfDxlyQ5OJ",
    "authorUid": "obd-oD-FpfcIsnKhvgF_8QA6KIZQ6gtyF1l",
    "authorUserName": "181******56",
    "title": "行业男女人员增减12月统计分析",
    "description": "12月行业男女人员增减变化",
    "latestVersion": 1,
    "alwaysLatest": 1,
    "createTime": "2020-10-22T12:45:11.000Z",
    "lastUpdateTime": "2020-10-22T12:45:11.000Z",
    "auth": 2,
    "uid": "obd-oD-FpfcIsnKhvgF_8QA6KIZQ6gtyF1l",
    "publishedVersion": 0,
    "forkFrom": "-",
    "isSpam": 0,
    "version": 1,
    "parentVersion": -1,
    "echartsVersion": "4.8.0",
    "versionCreateTime": "2020-10-22T12:45:11.000Z",
    "html": "",
    "externalScripts": "",
    "updaterUID": "obd-oD-FpfcIsnKhvgF_8QA6KIZQ6gtyF1l",
    "theme": "",
    "layout": "",
    "viewCount": 3830,
    "userName": "181******56",
    "commentCount": 0,
    "starCount": 28,
    "isStared": 0,
    "thumbnailURL": "https://www.makeapie.com/ecg-storage/ec_gallery_thumbnail/xfDxlyQ5OJ.png?v=1603370712174",
    "isCustomThumbnail": 0,
    "builtinTags": [
        "category-work",
        "grid",
        "legend",
        "series-bar",
        "timeline",
        "title",
        "tooltip"
    ],
    "customTags": [
        "时间轴"
    ],
    "updaterUserName": "181******56"
}