{
    "cid": "xgDFrJVm2D",
    "authorUid": "obd-oD0FFHJpMhQm98f08NmRJwAGWUn5I1x",
    "authorUserName": "心***7",
    "title": "区县占比排行榜",
    "description": "通过柱状图实现排行榜，增加背景色，显示当前比例进度条",
    "latestVersion": 8,
    "alwaysLatest": 1,
    "createTime": "2020-11-13T09:03:49.000Z",
    "lastUpdateTime": "2021-10-25T08:05:31.000Z",
    "auth": 1,
    "uid": "obd-oD0FFHJpMhQm98f08NmRJwAGWUn5I1x",
    "publishedVersion": 0,
    "forkFrom": "-",
    "isSpam": 0,
    "version": 8,
    "parentVersion": 7,
    "echartsVersion": "4.9.0",
    "versionCreateTime": "2021-10-25T08:05:31.000Z",
    "html": "",
    "externalScripts": "",
    "updaterUID": "bd-3964103758",
    "theme": "",
    "layout": "",
    "viewCount": 4095,
    "userName": "心***7",
    "commentCount": 0,
    "starCount": 24,
    "isStared": 0,
    "thumbnailURL": "https://www.makeapie.com/ecg-storage/ec_gallery_thumbnail/xgDFrJVm2D.png?v=1635149131926",
    "isCustomThumbnail": 0,
    "builtinTags": [
        "category-work",
        "grid",
        "series-bar",
        "title"
    ],
    "customTags": [
        "color"
    ],
    "updaterUserName": "e***s"
}