{
    "cid": "xH8UwQc2hU",
    "authorUid": "obd-oMN8owbmY0AMpeQVjGwQ2v4fIV7A12R",
    "authorUserName": "e***2",
    "title": "山东",
    "description": "",
    "latestVersion": 1,
    "alwaysLatest": 1,
    "createTime": "2020-09-25T08:26:52.000Z",
    "lastUpdateTime": "2020-09-25T08:26:52.000Z",
    "auth": 2,
    "uid": "obd-oMN8owbmY0AMpeQVjGwQ2v4fIV7A12R",
    "publishedVersion": 0,
    "forkFrom": "-",
    "isSpam": 0,
    "version": 1,
    "parentVersion": -1,
    "echartsVersion": "4.8.0",
    "versionCreateTime": "2020-09-25T08:26:52.000Z",
    "html": "",
    "externalScripts": "",
    "updaterUID": "obd-oMN8owbmY0AMpeQVjGwQ2v4fIV7A12R",
    "theme": "",
    "layout": "",
    "viewCount": 4281,
    "userName": "e***2",
    "commentCount": 0,
    "starCount": 22,
    "isStared": 0,
    "thumbnailURL": "https://www.makeapie.com/ecg-storage/ec_gallery_thumbnail/xH8UwQc2hU.png?v=1601022412854",
    "isCustomThumbnail": 0,
    "builtinTags": [
        "category-work",
        "geo",
        "graphic",
        "series-effectScatter",
        "series-lines",
        "series-scatter",
        "tooltip",
        "visualMap"
    ],
    "customTags": [],
    "updaterUserName": "e***2"
}