{
    "cid": "xrWkr3xxrn",
    "authorUid": "bd-4179640802",
    "authorUserName": "四***8",
    "title": "性别比例图",
    "description": "",
    "latestVersion": 1,
    "alwaysLatest": 1,
    "createTime": "2020-10-12T08:35:35.000Z",
    "lastUpdateTime": "2020-10-12T08:35:35.000Z",
    "auth": 2,
    "uid": "bd-4179640802",
    "publishedVersion": 0,
    "forkFrom": "-",
    "isSpam": 0,
    "version": 1,
    "parentVersion": -1,
    "echartsVersion": "4.8.0",
    "versionCreateTime": "2020-10-12T08:35:35.000Z",
    "html": "",
    "externalScripts": "",
    "updaterUID": "bd-4179640802",
    "theme": "",
    "layout": "",
    "viewCount": 1891,
    "userName": "四***8",
    "commentCount": 0,
    "starCount": 36,
    "isStared": 0,
    "thumbnailURL": "https://www.makeapie.com/ecg-storage/ec_gallery_thumbnail/xrWkr3xxrn.png?v=1602491736105",
    "isCustomThumbnail": 0,
    "builtinTags": [
        "category-work",
        "graphic",
        "series-pie",
        "toolbox",
        "tooltip"
    ],
    "customTags": [],
    "updaterUserName": "四***8"
}