{
    "cid": "xT61k307DZ",
    "authorUid": "obd-o-HS0ZTEBpotGpv-NJsAwpsi1oLQiAQ",
    "authorUserName": "s***1",
    "title": "支付占比",
    "description": "极坐标+bar+pie+gauge",
    "latestVersion": 17,
    "alwaysLatest": 1,
    "createTime": "2020-10-28T08:50:19.000Z",
    "lastUpdateTime": "2021-11-24T10:10:18.000Z",
    "auth": 1,
    "uid": "obd-o-HS0ZTEBpotGpv-NJsAwpsi1oLQiAQ",
    "publishedVersion": 0,
    "forkFrom": "-",
    "isSpam": 0,
    "version": 17,
    "parentVersion": 5,
    "echartsVersion": "4.9.0",
    "versionCreateTime": "2021-11-24T10:10:18.000Z",
    "html": "",
    "externalScripts": "",
    "updaterUID": "obd-o-HS0ZTEBpotGpv-NJsAwpsi1oLQiAQ",
    "theme": "",
    "layout": "",
    "viewCount": 3208,
    "userName": "s***1",
    "commentCount": 0,
    "starCount": 29,
    "isStared": 0,
    "thumbnailURL": "https://www.makeapie.com/ecg-storage/ec_gallery_thumbnail/xT61k307DZ.png?v=1637748618229",
    "isCustomThumbnail": 0,
    "builtinTags": [
        "category-work",
        "graphic",
        "polar",
        "series-bar",
        "series-gauge",
        "series-pie",
        "title",
        "tooltip"
    ],
    "customTags": [],
    "updaterUserName": "s***1"
}