{
    "cid": "xwd4hobhXp",
    "authorUid": "obd-ojCm9YN9rJ9w9-4ugHvqFGnN4EiQnDy",
    "authorUserName": "固***客",
    "title": "仪表盘",
    "description": "带有刻度仪表盘",
    "latestVersion": 1,
    "alwaysLatest": 1,
    "createTime": "2020-11-02T06:37:34.000Z",
    "lastUpdateTime": "2020-11-02T06:37:34.000Z",
    "auth": 2,
    "uid": "obd-ojCm9YN9rJ9w9-4ugHvqFGnN4EiQnDy",
    "publishedVersion": 0,
    "forkFrom": "-",
    "isSpam": 0,
    "version": 1,
    "parentVersion": -1,
    "echartsVersion": "4.8.0",
    "versionCreateTime": "2020-11-02T06:37:34.000Z",
    "html": "",
    "externalScripts": "",
    "updaterUID": "obd-ojCm9YN9rJ9w9-4ugHvqFGnN4EiQnDy",
    "theme": "",
    "layout": "",
    "viewCount": 2756,
    "userName": "固***客",
    "commentCount": 0,
    "starCount": 32,
    "isStared": 0,
    "thumbnailURL": "https://www.makeapie.com/ecg-storage/ec_gallery_thumbnail/xwd4hobhXp.png?v=1604299054712",
    "isCustomThumbnail": 0,
    "builtinTags": [
        "category-work",
        "series-gauge",
        "series-pie",
        "tooltip"
    ],
    "customTags": [],
    "updaterUserName": "固***客"
}