{
    "cid": "xYUn-QjGqX",
    "authorUid": "obd-oNxOZSEkrOwD2UCcoCgMtv6o35GSqCH",
    "authorUserName": "倦***生",
    "title": "路飞战力可视化",
    "description": "橡胶橡胶觉醒",
    "latestVersion": 19,
    "alwaysLatest": 1,
    "createTime": "2020-09-19T10:21:03.000Z",
    "lastUpdateTime": "2020-09-28T15:18:45.000Z",
    "auth": 2,
    "uid": "obd-oNxOZSEkrOwD2UCcoCgMtv6o35GSqCH",
    "publishedVersion": 0,
    "forkFrom": "-",
    "isSpam": 0,
    "version": 19,
    "parentVersion": 18,
    "echartsVersion": "4.8.0",
    "versionCreateTime": "2020-09-29T05:47:55.000Z",
    "html": "",
    "externalScripts": "",
    "updaterUID": "obd-oNxOZSEkrOwD2UCcoCgMtv6o35GSqCH",
    "theme": "default",
    "layout": "",
    "viewCount": 8932,
    "userName": "倦***生",
    "commentCount": 10,
    "starCount": 37,
    "isStared": 0,
    "thumbnailURL": "https://www.makeapie.com/ecg-storage/ec_gallery_thumbnail/xYUn-QjGqX.png?v=1601306327234",
    "isCustomThumbnail": 1,
    "builtinTags": [
        "category-work",
        "legend",
        "radar",
        "series-radar",
        "title",
        "tooltip"
    ],
    "customTags": [
        "海贼王"
    ],
    "updaterUserName": "倦***生"
}