{
    "cid": "x-vHTBvmG9",
    "authorUid": "obd-ojhzVR0BsdaD4SXcYD1Of9E2ka4tqEq",
    "authorUserName": "小***3",
    "title": "水球图",
    "description": "",
    "latestVersion": 4,
    "alwaysLatest": 1,
    "createTime": "2020-06-24T08:43:18.000Z",
    "lastUpdateTime": "2020-06-24T08:43:18.000Z",
    "auth": 1,
    "uid": "obd-ojhzVR0BsdaD4SXcYD1Of9E2ka4tqEq",
    "publishedVersion": 0,
    "forkFrom": "-",
    "isSpam": 0,
    "version": 4,
    "parentVersion": 3,
    "echartsVersion": "4.8.0",
    "versionCreateTime": "2020-07-03T08:13:26.000Z",
    "html": "",
    "externalScripts": "https://echarts.baidu.com/resource/echarts-liquidfill-latest/dist/echarts-liquidfill.min.js",
    "updaterUID": "obd-ojhzVR0BsdaD4SXcYD1Of9E2ka4tqEq",
    "theme": "",
    "layout": "",
    "viewCount": 181,
    "userName": "小***3",
    "commentCount": 0,
    "starCount": 1,
    "isStared": 0,
    "thumbnailURL": "https://www.makeapie.com/ecg-storage/ec_gallery_thumbnail/x-vHTBvmG9.png?v=1593764006277",
    "isCustomThumbnail": 0,
    "builtinTags": [
        "category-work",
        "series-liquidFill"
    ],
    "customTags": [],
    "updaterUserName": "小***3"
}