{
    "cid": "x6eewnhHrH",
    "authorUid": "bd-2680668432",
    "authorUserName": "C***酱",
    "title": "多组数据顶端装饰",
    "description": "",
    "latestVersion": 4,
    "alwaysLatest": 1,
    "createTime": "2020-06-23T12:45:46.000Z",
    "lastUpdateTime": "2020-06-23T12:45:46.000Z",
    "auth": 2,
    "uid": "bd-2680668432",
    "publishedVersion": 0,
    "forkFrom": "-",
    "isSpam": 0,
    "version": 4,
    "parentVersion": 3,
    "echartsVersion": "4.8.0",
    "versionCreateTime": "2020-06-30T07:29:08.000Z",
    "html": "",
    "externalScripts": "",
    "updaterUID": "bd-2680668432",
    "theme": "",
    "layout": "",
    "viewCount": 187,
    "userName": "C***酱",
    "commentCount": 0,
    "starCount": 0,
    "isStared": 0,
    "thumbnailURL": "https://www.makeapie.com/ecg-storage/ec_gallery_thumbnail/x6eewnhHrH.png?v=1593502148702",
    "isCustomThumbnail": 0,
    "builtinTags": [
        "category-work",
        "grid",
        "series-bar",
        "series-custom"
    ],
    "customTags": [],
    "updaterUserName": "C***酱"
}