{
    "cid": "x82D1U2wW3",
    "authorUid": "obd-oALgoro0xaNAewvgrVqwRBUWtxn4H7E",
    "authorUserName": "L***a",
    "title": "line1",
    "description": "",
    "latestVersion": 3,
    "alwaysLatest": 1,
    "createTime": "2020-06-28T07:46:38.000Z",
    "lastUpdateTime": "2020-06-28T07:46:38.000Z",
    "auth": 2,
    "uid": "obd-oALgoro0xaNAewvgrVqwRBUWtxn4H7E",
    "publishedVersion": 0,
    "forkFrom": "-",
    "isSpam": 0,
    "version": 3,
    "parentVersion": 2,
    "echartsVersion": "4.8.0",
    "versionCreateTime": "2020-06-28T07:54:20.000Z",
    "html": "",
    "externalScripts": "",
    "updaterUID": "obd-oALgoro0xaNAewvgrVqwRBUWtxn4H7E",
    "theme": "",
    "layout": "",
    "viewCount": 33,
    "userName": "L***a",
    "commentCount": 0,
    "starCount": 1,
    "isStared": 0,
    "thumbnailURL": "https://www.makeapie.com/ecg-storage/ec_gallery_thumbnail/x82D1U2wW3.png?v=1593330860490",
    "isCustomThumbnail": 0,
    "builtinTags": [
        "category-work",
        "grid",
        "series-line",
        "title"
    ],
    "customTags": [],
    "updaterUserName": "L***a"
}