{
    "cid": "x9jtIkmJny",
    "authorUid": "obd-oj9TZLYNs-Fmrv2UZva4xVB52SddyDT",
    "authorUserName": "洋***o",
    "title": "",
    "description": "",
    "latestVersion": 1,
    "alwaysLatest": 1,
    "createTime": "2020-06-24T03:33:07.000Z",
    "lastUpdateTime": "2020-06-24T03:33:07.000Z",
    "auth": 2,
    "uid": "obd-oj9TZLYNs-Fmrv2UZva4xVB52SddyDT",
    "publishedVersion": 0,
    "forkFrom": "-",
    "isSpam": 0,
    "version": 1,
    "parentVersion": -1,
    "echartsVersion": "4.8.0",
    "versionCreateTime": "2020-06-24T03:33:07.000Z",
    "html": "",
    "externalScripts": "",
    "updaterUID": "obd-oj9TZLYNs-Fmrv2UZva4xVB52SddyDT",
    "theme": "",
    "layout": "",
    "viewCount": 98,
    "userName": "洋***o",
    "commentCount": 0,
    "starCount": 1,
    "isStared": 0,
    "thumbnailURL": "https://www.makeapie.com/ecg-storage/ec_gallery_thumbnail/x9jtIkmJny.png?v=1592969587856",
    "isCustomThumbnail": 0,
    "builtinTags": [
        "category-work",
        "grid",
        "series-bar"
    ],
    "customTags": [],
    "updaterUserName": "洋***o"
}