{
    "cid": "xcEzmuTphd",
    "authorUid": "obd-oN7FqF-9Av8qCnY1JOwg9ZEy-T3l_Cf",
    "authorUserName": "Y***n",
    "title": "仪表盘",
    "description": "",
    "latestVersion": 1,
    "alwaysLatest": 1,
    "createTime": "2020-06-24T09:31:23.000Z",
    "lastUpdateTime": "2020-08-03T09:47:10.000Z",
    "auth": 2,
    "uid": "obd-oN7FqF-9Av8qCnY1JOwg9ZEy-T3l_Cf",
    "publishedVersion": 1,
    "forkFrom": "-",
    "isSpam": 0,
    "version": 1,
    "parentVersion": -1,
    "echartsVersion": "4.8.0",
    "versionCreateTime": "2020-06-24T09:31:23.000Z",
    "html": "",
    "externalScripts": "",
    "updaterUID": "obd-oN7FqF-9Av8qCnY1JOwg9ZEy-T3l_Cf",
    "theme": "default",
    "layout": "",
    "viewCount": 1544,
    "userName": "Y***n",
    "commentCount": 0,
    "starCount": 9,
    "isStared": 0,
    "thumbnailURL": "https://www.makeapie.com/ecg-storage/ec_gallery_thumbnail/xcEzmuTphd.png?v=1592991083765",
    "isCustomThumbnail": 0,
    "builtinTags": [
        "category-work",
        "series-gauge",
        "tooltip"
    ],
    "customTags": [],
    "updaterUserName": "Y***n"
}