{
    "cid": "xFhYwHmpG-",
    "authorUid": "bd-136292181",
    "authorUserName": "f***花",
    "title": "请求汇总",
    "description": "",
    "latestVersion": 9,
    "alwaysLatest": 1,
    "createTime": "2020-06-23T10:52:20.000Z",
    "lastUpdateTime": "2020-06-24T09:16:07.000Z",
    "auth": 2,
    "uid": "bd-136292181",
    "publishedVersion": 0,
    "forkFrom": "-",
    "isSpam": 0,
    "version": 9,
    "parentVersion": 8,
    "echartsVersion": "4.8.0",
    "versionCreateTime": "2020-06-24T08:58:42.000Z",
    "html": "",
    "externalScripts": "",
    "updaterUID": "bd-136292181",
    "theme": "default",
    "layout": "",
    "viewCount": 47,
    "userName": "f***花",
    "commentCount": 2,
    "starCount": 1,
    "isStared": 0,
    "thumbnailURL": "https://www.makeapie.com/ecg-storage/ec_gallery_thumbnail/xFhYwHmpG-.png?v=1592990167636",
    "isCustomThumbnail": 1,
    "builtinTags": [
        "category-issue"
    ],
    "customTags": [],
    "updaterUserName": "f***花"
}