{
    "cid": "xIgh6wMOy7",
    "authorUid": "obd-o-WSxtW8i10muVN-fGvypxP_ZFl9SAL",
    "authorUserName": "j***g",
    "title": "动态时序",
    "description": "",
    "latestVersion": 2,
    "alwaysLatest": 1,
    "createTime": "2020-06-28T10:21:46.000Z",
    "lastUpdateTime": "2020-06-28T10:21:46.000Z",
    "auth": 2,
    "uid": "obd-o-WSxtW8i10muVN-fGvypxP_ZFl9SAL",
    "publishedVersion": 0,
    "forkFrom": "-",
    "isSpam": 0,
    "version": 2,
    "parentVersion": 1,
    "echartsVersion": "4.8.0",
    "versionCreateTime": "2020-06-28T10:25:04.000Z",
    "html": "",
    "externalScripts": "",
    "updaterUID": "obd-o-WSxtW8i10muVN-fGvypxP_ZFl9SAL",
    "theme": "",
    "layout": "",
    "viewCount": 535,
    "userName": "j***g",
    "commentCount": 0,
    "starCount": 4,
    "isStared": 0,
    "thumbnailURL": "https://www.makeapie.com/ecg-storage/ec_gallery_thumbnail/xIgh6wMOy7.png?v=1593339904493",
    "isCustomThumbnail": 0,
    "builtinTags": [
        "category-work",
        "dataZoom",
        "grid",
        "series-line",
        "tooltip"
    ],
    "customTags": [],
    "updaterUserName": "j***g"
}