{
    "cid": "xkmYihN8Qx",
    "authorUid": "bd-4097838840",
    "authorUserName": "牛***Z",
    "title": "六色图",
    "description": "",
    "latestVersion": 9,
    "alwaysLatest": 1,
    "createTime": "2020-06-28T03:32:22.000Z",
    "lastUpdateTime": "2020-06-28T03:32:22.000Z",
    "auth": 2,
    "uid": "bd-4097838840",
    "publishedVersion": 0,
    "forkFrom": "-",
    "isSpam": 0,
    "version": 9,
    "parentVersion": 8,
    "echartsVersion": "4.8.0",
    "versionCreateTime": "2020-06-29T07:16:19.000Z",
    "html": "",
    "externalScripts": "",
    "updaterUID": "bd-4097838840",
    "theme": "",
    "layout": "",
    "viewCount": 95,
    "userName": "牛***Z",
    "commentCount": 0,
    "starCount": 0,
    "isStared": 0,
    "thumbnailURL": "https://www.makeapie.com/ecg-storage/ec_gallery_thumbnail/xkmYihN8Qx.png?v=1593414979606",
    "isCustomThumbnail": 0,
    "builtinTags": [
        "category-work",
        "grid",
        "series-line",
        "title"
    ],
    "customTags": [],
    "updaterUserName": "牛***Z"
}