{
    "cid": "xPn6pEWr23",
    "authorUid": "obd-o0SPU7pjdd5PlBu7PpJYQLyF7YElOFi",
    "authorUserName": "蓝***曦",
    "title": "土壤含水量数据变化",
    "description": "土壤含水量数据变化",
    "latestVersion": 2,
    "alwaysLatest": 1,
    "createTime": "2020-06-28T09:44:42.000Z",
    "lastUpdateTime": "2020-06-28T09:44:42.000Z",
    "auth": 2,
    "uid": "obd-o0SPU7pjdd5PlBu7PpJYQLyF7YElOFi",
    "publishedVersion": 0,
    "forkFrom": "-",
    "isSpam": 0,
    "version": 2,
    "parentVersion": 1,
    "echartsVersion": "4.8.0",
    "versionCreateTime": "2021-03-18T09:35:18.000Z",
    "html": "",
    "externalScripts": "",
    "updaterUID": "obd-o0SPU7pjdd5PlBu7PpJYQLyF7YElOFi",
    "theme": "",
    "layout": "",
    "viewCount": 50,
    "userName": "蓝***曦",
    "commentCount": 0,
    "starCount": 0,
    "isStared": 0,
    "thumbnailURL": "https://www.makeapie.com/ecg-storage/ec_gallery_thumbnail/xPn6pEWr23.png?v=1616060118919",
    "isCustomThumbnail": 0,
    "builtinTags": [
        "category-work",
        "grid",
        "legend",
        "series-line",
        "title",
        "toolbox",
        "tooltip"
    ],
    "customTags": [],
    "updaterUserName": "蓝***曦"
}