{
    "cid": "xpUdiJx8Nb",
    "authorUid": "obd-ojhzVR0BsdaD4SXcYD1Of9E2ka4tqEq",
    "authorUserName": "小***3",
    "title": "体重占比",
    "description": "",
    "latestVersion": 2,
    "alwaysLatest": 1,
    "createTime": "2020-06-28T08:39:02.000Z",
    "lastUpdateTime": "2020-06-28T08:39:02.000Z",
    "auth": 1,
    "uid": "obd-ojhzVR0BsdaD4SXcYD1Of9E2ka4tqEq",
    "publishedVersion": 0,
    "forkFrom": "-",
    "isSpam": 0,
    "version": 2,
    "parentVersion": 1,
    "echartsVersion": "4.9.0",
    "versionCreateTime": "2021-05-25T08:06:16.000Z",
    "html": "",
    "externalScripts": "",
    "updaterUID": "bd-2970746820",
    "theme": "default",
    "layout": "",
    "viewCount": 1494,
    "userName": "小***3",
    "commentCount": 0,
    "starCount": 7,
    "isStared": 0,
    "thumbnailURL": "https://www.makeapie.com/ecg-storage/ec_gallery_thumbnail/xpUdiJx8Nb.png?v=1621929976134",
    "isCustomThumbnail": 0,
    "builtinTags": [
        "category-work",
        "grid",
        "series-bar"
    ],
    "customTags": [],
    "updaterUserName": "幻***使"
}