{
    "cid": "xS2_nOYc9K",
    "authorUid": "bd-3560695082",
    "authorUserName": "射***士",
    "title": "折线样式",
    "description": "",
    "latestVersion": 5,
    "alwaysLatest": 1,
    "createTime": "2020-06-24T07:19:45.000Z",
    "lastUpdateTime": "2020-06-24T07:19:45.000Z",
    "auth": 2,
    "uid": "bd-3560695082",
    "publishedVersion": 0,
    "forkFrom": "-",
    "isSpam": 0,
    "version": 5,
    "parentVersion": 4,
    "echartsVersion": "4.8.0",
    "versionCreateTime": "2021-03-31T09:10:54.000Z",
    "html": "",
    "externalScripts": "",
    "updaterUID": "bd-3560695082",
    "theme": "",
    "layout": "",
    "viewCount": 117,
    "userName": "射***士",
    "commentCount": 0,
    "starCount": 1,
    "isStared": 0,
    "thumbnailURL": "https://www.makeapie.com/ecg-storage/ec_gallery_thumbnail/xS2_nOYc9K.png?v=1617181854869",
    "isCustomThumbnail": 0,
    "builtinTags": [
        "category-work",
        "grid",
        "series-line",
        "tooltip"
    ],
    "customTags": [],
    "updaterUserName": "射***士"
}