{
    "cid": "xS58k69z21",
    "authorUid": "obd-oj2MDBltqbkVUF8TkG4kyehpwjXRfDZ",
    "authorUserName": "181******59",
    "title": "迁移示例",
    "description": "使用自定义百度地图样式",
    "latestVersion": 1,
    "alwaysLatest": 1,
    "createTime": "2020-06-24T09:01:27.000Z",
    "lastUpdateTime": "2020-06-24T09:01:27.000Z",
    "auth": 2,
    "uid": "obd-oj2MDBltqbkVUF8TkG4kyehpwjXRfDZ",
    "publishedVersion": 0,
    "forkFrom": "-",
    "isSpam": 0,
    "version": 1,
    "parentVersion": -1,
    "echartsVersion": "4.8.0",
    "versionCreateTime": "2020-06-24T09:01:28.000Z",
    "html": "",
    "externalScripts": "/dep/echarts/latest/extension/bmap.min.js,http://api.map.baidu.com/api?v=3.0&ak=VEb1l2XdRBBcOG6TWIY1a9WFioIz7BsM",
    "updaterUID": "obd-oj2MDBltqbkVUF8TkG4kyehpwjXRfDZ",
    "theme": "",
    "layout": "",
    "viewCount": 80,
    "userName": "181******59",
    "commentCount": 0,
    "starCount": 0,
    "isStared": 0,
    "thumbnailURL": "https://www.makeapie.com/ecg-storage/ec_gallery_thumbnail/xS58k69z21.undefined?v=",
    "isCustomThumbnail": 0,
    "builtinTags": [
        "category-work"
    ],
    "customTags": [
        "geo",
        "散点图",
        "百度地图"
    ],
    "updaterUserName": "181******59"
}