{
    "cid": "xXe4Kmif2L",
    "authorUid": "obd-oMGVtRKzY3yTc9vjgIk6WODcIXEXR2F",
    "authorUserName": "张***4",
    "title": "测试",
    "description": "",
    "latestVersion": 1,
    "alwaysLatest": 1,
    "createTime": "2020-06-28T06:16:59.000Z",
    "lastUpdateTime": "2020-06-28T06:16:59.000Z",
    "auth": 2,
    "uid": "obd-oMGVtRKzY3yTc9vjgIk6WODcIXEXR2F",
    "publishedVersion": 0,
    "forkFrom": "-",
    "isSpam": 0,
    "version": 1,
    "parentVersion": -1,
    "echartsVersion": "4.8.0",
    "versionCreateTime": "2020-06-28T06:16:59.000Z",
    "html": "",
    "externalScripts": "",
    "updaterUID": "obd-oMGVtRKzY3yTc9vjgIk6WODcIXEXR2F",
    "theme": "",
    "layout": "",
    "viewCount": 1191,
    "userName": "张***4",
    "commentCount": 0,
    "starCount": 3,
    "isStared": 0,
    "thumbnailURL": "https://www.makeapie.com/ecg-storage/ec_gallery_thumbnail/xXe4Kmif2L.png?v=1593325020121",
    "isCustomThumbnail": 0,
    "builtinTags": [
        "category-work",
        "grid",
        "legend",
        "markLine",
        "series-bar",
        "toolbox",
        "tooltip"
    ],
    "customTags": [],
    "updaterUserName": "张***4"
}