{
    "cid": "xZFjRbbDtV",
    "authorUid": "obd-ojfmRqhCtHWExWAe9RJI_EcEhUELcDC",
    "authorUserName": "g***p",
    "title": "立体货架信息展示",
    "description": "仓库立体货架展示",
    "latestVersion": 4,
    "alwaysLatest": 1,
    "createTime": "2020-06-24T07:55:34.000Z",
    "lastUpdateTime": "2020-06-24T08:15:03.000Z",
    "auth": 2,
    "uid": "obd-ojfmRqhCtHWExWAe9RJI_EcEhUELcDC",
    "publishedVersion": 0,
    "forkFrom": "-",
    "isSpam": 0,
    "version": 4,
    "parentVersion": 3,
    "echartsVersion": "4.8.0",
    "versionCreateTime": "2020-06-24T08:33:16.000Z",
    "html": "",
    "externalScripts": "",
    "updaterUID": "obd-ojfmRqhCtHWExWAe9RJI_EcEhUELcDC",
    "theme": "vintage",
    "layout": "",
    "viewCount": 610,
    "userName": "g***p",
    "commentCount": 0,
    "starCount": 0,
    "isStared": 0,
    "thumbnailURL": "https://www.makeapie.com/ecg-storage/ec_gallery_thumbnail/xZFjRbbDtV.png?v=1592985338112",
    "isCustomThumbnail": 1,
    "builtinTags": [],
    "customTags": [],
    "updaterUserName": "g***p"
}