{
    "cid": "x3q9byvj7b",
    "authorUid": "bd-922784848",
    "authorUserName": "g***1",
    "title": "在线攻击分布情况",
    "description": "各区域攻击分布图",
    "latestVersion": 1,
    "alwaysLatest": 1,
    "createTime": "2020-08-10T03:02:39.000Z",
    "lastUpdateTime": "2020-08-10T03:02:39.000Z",
    "auth": 2,
    "uid": "bd-922784848",
    "publishedVersion": 0,
    "forkFrom": "-",
    "isSpam": 0,
    "version": 1,
    "parentVersion": -1,
    "echartsVersion": "4.8.0",
    "versionCreateTime": "2020-08-10T03:02:39.000Z",
    "html": "",
    "externalScripts": "",
    "updaterUID": "bd-922784848",
    "theme": "macarons",
    "layout": "",
    "viewCount": 128,
    "userName": "g***1",
    "commentCount": 0,
    "starCount": 1,
    "isStared": 0,
    "thumbnailURL": "https://www.makeapie.com/ecg-storage/ec_gallery_thumbnail/x3q9byvj7b.png?v=1597028559890",
    "isCustomThumbnail": 0,
    "builtinTags": [
        "category-work",
        "legend",
        "series-pie",
        "title",
        "toolbox",
        "tooltip"
    ],
    "customTags": [],
    "updaterUserName": "g***1"
}