{
    "cid": "x7-rrz62q2",
    "authorUid": "bd-1013517419",
    "authorUserName": "爱***傻",
    "title": "情况分析",
    "description": "",
    "latestVersion": 1,
    "alwaysLatest": 1,
    "createTime": "2020-08-10T00:28:49.000Z",
    "lastUpdateTime": "2020-08-10T00:28:49.000Z",
    "auth": 2,
    "uid": "bd-1013517419",
    "publishedVersion": 0,
    "forkFrom": "-",
    "isSpam": 0,
    "version": 1,
    "parentVersion": -1,
    "echartsVersion": "4.8.0",
    "versionCreateTime": "2020-08-10T00:28:49.000Z",
    "html": "",
    "externalScripts": "",
    "updaterUID": "bd-1013517419",
    "theme": "",
    "layout": "",
    "viewCount": 240,
    "userName": "爱***傻",
    "commentCount": 0,
    "starCount": 2,
    "isStared": 0,
    "thumbnailURL": "https://www.makeapie.com/ecg-storage/ec_gallery_thumbnail/x7-rrz62q2.png?v=1597019329839",
    "isCustomThumbnail": 0,
    "builtinTags": [
        "category-work",
        "series-gauge",
        "tooltip"
    ],
    "customTags": [],
    "updaterUserName": "爱***傻"
}