{
    "cid": "xAvnyxGlDe",
    "authorUid": "obd-oN6D3qfp-72Q3GmepBJ4XZpEj5XIyCI",
    "authorUserName": "b***n",
    "title": "渐变雷达图",
    "description": "渐变雷达图",
    "latestVersion": 2,
    "alwaysLatest": 1,
    "createTime": "2020-08-10T09:19:01.000Z",
    "lastUpdateTime": "2020-08-10T09:19:01.000Z",
    "auth": 2,
    "uid": "obd-oN6D3qfp-72Q3GmepBJ4XZpEj5XIyCI",
    "publishedVersion": 0,
    "forkFrom": "-",
    "isSpam": 0,
    "version": 2,
    "parentVersion": 1,
    "echartsVersion": "4.8.0",
    "versionCreateTime": "2020-08-10T09:19:31.000Z",
    "html": "",
    "externalScripts": "",
    "updaterUID": "obd-oN6D3qfp-72Q3GmepBJ4XZpEj5XIyCI",
    "theme": "",
    "layout": "",
    "viewCount": 154,
    "userName": "b***n",
    "commentCount": 0,
    "starCount": 0,
    "isStared": 0,
    "thumbnailURL": "https://www.makeapie.com/ecg-storage/ec_gallery_thumbnail/xAvnyxGlDe.png?v=1597051171809",
    "isCustomThumbnail": 0,
    "builtinTags": [
        "category-work",
        "legend",
        "radar",
        "series-radar",
        "tooltip"
    ],
    "customTags": [
        "radar"
    ],
    "updaterUserName": "b***n"
}