{
    "cid": "xfHgEn7T4Z",
    "authorUid": "obd-oF_wGRaJxOXOMbSL2ReZDordcCl_R5D",
    "authorUserName": "快***0",
    "title": "立体柱状图（数据是编的）",
    "description": "学习用图，问题多多。希望大神指教下。",
    "latestVersion": 33,
    "alwaysLatest": 1,
    "createTime": "2020-08-10T06:52:14.000Z",
    "lastUpdateTime": "2021-07-01T09:44:42.000Z",
    "auth": 1,
    "uid": "obd-oF_wGRaJxOXOMbSL2ReZDordcCl_R5D",
    "publishedVersion": 0,
    "forkFrom": "-",
    "isSpam": 0,
    "version": 33,
    "parentVersion": 32,
    "echartsVersion": "4.9.0",
    "versionCreateTime": "2021-07-01T09:44:42.000Z",
    "html": "",
    "externalScripts": "",
    "updaterUID": "obd-ot7vz0Iqi9MElhgpxFsRzfmu-9PBG8u",
    "theme": "",
    "layout": "",
    "viewCount": 8773,
    "userName": "快***0",
    "commentCount": 3,
    "starCount": 18,
    "isStared": 0,
    "thumbnailURL": "https://www.makeapie.com/ecg-storage/ec_gallery_thumbnail/xfHgEn7T4Z.png?v=1625132682809",
    "isCustomThumbnail": 0,
    "builtinTags": [
        "category-work",
        "grid",
        "legend",
        "series-bar",
        "series-pictorialBar",
        "tooltip"
    ],
    "customTags": [],
    "updaterUserName": "q***p"
}