{
    "cid": "xpvItSB5gU",
    "authorUid": "obd-oMu8EHf1M48tRn5X1gVuh2VpQ-2Nt2q",
    "authorUserName": "性***发",
    "title": "1909-1010年清末人口调查统计",
    "description": "参考：hotboyhaibin -【贯通情况-单位】\n           g***4 -【象形柱图】",
    "latestVersion": 8,
    "alwaysLatest": 1,
    "createTime": "2020-08-10T09:38:19.000Z",
    "lastUpdateTime": "2020-08-10T09:38:19.000Z",
    "auth": 2,
    "uid": "obd-oMu8EHf1M48tRn5X1gVuh2VpQ-2Nt2q",
    "publishedVersion": 0,
    "forkFrom": "-",
    "isSpam": 0,
    "version": 8,
    "parentVersion": 7,
    "echartsVersion": "4.8.0",
    "versionCreateTime": "2020-12-06T11:46:23.000Z",
    "html": "",
    "externalScripts": "",
    "updaterUID": "obd-oMu8EHf1M48tRn5X1gVuh2VpQ-2Nt2q",
    "theme": "",
    "layout": "",
    "viewCount": 583,
    "userName": "性***发",
    "commentCount": 0,
    "starCount": 4,
    "isStared": 0,
    "thumbnailURL": "https://www.makeapie.com/ecg-storage/ec_gallery_thumbnail/xpvItSB5gU.png?v=1607255183426",
    "isCustomThumbnail": 0,
    "builtinTags": [
        "category-work",
        "dataZoom",
        "grid",
        "legend",
        "series-line",
        "series-pictorialBar",
        "title",
        "tooltip"
    ],
    "customTags": [],
    "updaterUserName": "性***发"
}