{
    "cid": "xTaPSKB-tG",
    "authorUid": "obd-o2-aTjNCXh_ADELOPM4d70VB1G3Oy6I",
    "authorUserName": "衰***命",
    "title": "南丁格尔",
    "description": "",
    "latestVersion": 1,
    "alwaysLatest": 1,
    "createTime": "2020-08-10T08:31:15.000Z",
    "lastUpdateTime": "2020-08-10T08:31:15.000Z",
    "auth": 2,
    "uid": "obd-o2-aTjNCXh_ADELOPM4d70VB1G3Oy6I",
    "publishedVersion": 0,
    "forkFrom": "-",
    "isSpam": 0,
    "version": 1,
    "parentVersion": -1,
    "echartsVersion": "4.8.0",
    "versionCreateTime": "2020-08-10T08:31:15.000Z",
    "html": "",
    "externalScripts": "",
    "updaterUID": "obd-o2-aTjNCXh_ADELOPM4d70VB1G3Oy6I",
    "theme": "",
    "layout": "",
    "viewCount": 219,
    "userName": "衰***命",
    "commentCount": 0,
    "starCount": 1,
    "isStared": 0,
    "thumbnailURL": "https://www.makeapie.com/ecg-storage/ec_gallery_thumbnail/xTaPSKB-tG.png?v=1597048275622",
    "isCustomThumbnail": 0,
    "builtinTags": [
        "category-work",
        "graphic",
        "series-pie"
    ],
    "customTags": [],
    "updaterUserName": "衰***命"
}