{
    "cid": "xu0yyqohIB",
    "authorUid": "obd-oN6D3qfp-72Q3GmepBJ4XZpEj5XIyCI",
    "authorUserName": "b***n",
    "title": "柱状堆叠图",
    "description": "柱状堆叠图",
    "latestVersion": 2,
    "alwaysLatest": 1,
    "createTime": "2020-08-10T08:35:35.000Z",
    "lastUpdateTime": "2020-08-10T08:35:35.000Z",
    "auth": 2,
    "uid": "obd-oN6D3qfp-72Q3GmepBJ4XZpEj5XIyCI",
    "publishedVersion": 0,
    "forkFrom": "-",
    "isSpam": 0,
    "version": 2,
    "parentVersion": 1,
    "echartsVersion": "4.8.0",
    "versionCreateTime": "2020-08-26T08:28:59.000Z",
    "html": "",
    "externalScripts": "",
    "updaterUID": "obd-oN6D3qfp-72Q3GmepBJ4XZpEj5XIyCI",
    "theme": "",
    "layout": "",
    "viewCount": 62,
    "userName": "b***n",
    "commentCount": 0,
    "starCount": 0,
    "isStared": 0,
    "thumbnailURL": "https://www.makeapie.com/ecg-storage/ec_gallery_thumbnail/xu0yyqohIB.png?v=1598430539900",
    "isCustomThumbnail": 0,
    "builtinTags": [
        "category-work",
        "grid",
        "legend",
        "series-bar",
        "tooltip"
    ],
    "customTags": [],
    "updaterUserName": "b***n"
}