{
    "cid": "xvIJDnlrkl",
    "authorUid": "obd-oN6D3qfp-72Q3GmepBJ4XZpEj5XIyCI",
    "authorUserName": "b***n",
    "title": "饼状图 半圆",
    "description": "饼状图 半圆",
    "latestVersion": 1,
    "alwaysLatest": 1,
    "createTime": "2020-08-10T07:36:35.000Z",
    "lastUpdateTime": "2020-08-10T07:36:35.000Z",
    "auth": 2,
    "uid": "obd-oN6D3qfp-72Q3GmepBJ4XZpEj5XIyCI",
    "publishedVersion": 0,
    "forkFrom": "-",
    "isSpam": 0,
    "version": 1,
    "parentVersion": -1,
    "echartsVersion": "4.8.0",
    "versionCreateTime": "2020-08-10T07:36:35.000Z",
    "html": "",
    "externalScripts": "",
    "updaterUID": "obd-oN6D3qfp-72Q3GmepBJ4XZpEj5XIyCI",
    "theme": "",
    "layout": "",
    "viewCount": 824,
    "userName": "b***n",
    "commentCount": 0,
    "starCount": 7,
    "isStared": 0,
    "thumbnailURL": "https://www.makeapie.com/ecg-storage/ec_gallery_thumbnail/xvIJDnlrkl.png?v=1597044996139",
    "isCustomThumbnail": 0,
    "builtinTags": [
        "category-work",
        "series-pie",
        "tooltip"
    ],
    "customTags": [
        "pic"
    ],
    "updaterUserName": "b***n"
}