{
    "cid": "x-ahZmf3H1",
    "authorUid": "obd-o-USDM0nqctd9Yd2mgCALklUyXexrAY",
    "authorUserName": "g***e",
    "title": "Awesome Chart",
    "description": "",
    "latestVersion": 1,
    "alwaysLatest": 1,
    "createTime": "2020-09-07T09:30:58.000Z",
    "lastUpdateTime": "2020-09-07T09:30:58.000Z",
    "auth": 2,
    "uid": "obd-o-USDM0nqctd9Yd2mgCALklUyXexrAY",
    "publishedVersion": 0,
    "forkFrom": "-",
    "isSpam": 0,
    "version": 1,
    "parentVersion": -1,
    "echartsVersion": "4.8.0",
    "versionCreateTime": "2020-09-07T09:30:58.000Z",
    "html": "",
    "externalScripts": "",
    "updaterUID": "obd-o-USDM0nqctd9Yd2mgCALklUyXexrAY",
    "theme": "infographic",
    "layout": "",
    "viewCount": 32,
    "userName": "g***e",
    "commentCount": 0,
    "starCount": 0,
    "isStared": 0,
    "thumbnailURL": "https://www.makeapie.com/ecg-storage/ec_gallery_thumbnail/x-ahZmf3H1.png?v=1599471059019",
    "isCustomThumbnail": 0,
    "builtinTags": [
        "category-work",
        "grid",
        "series-line",
        "title"
    ],
    "customTags": [],
    "updaterUserName": "g***e"
}