{
    "cid": "x0G4k-bzod",
    "authorUid": "obd-ojCkNXchMZnGICIMD7ecH8hdnDusoEA",
    "authorUserName": "173******90",
    "title": "rich",
    "description": "",
    "latestVersion": 1,
    "alwaysLatest": 1,
    "createTime": "2020-09-07T14:02:29.000Z",
    "lastUpdateTime": "2020-09-07T14:02:29.000Z",
    "auth": 2,
    "uid": "obd-ojCkNXchMZnGICIMD7ecH8hdnDusoEA",
    "publishedVersion": 0,
    "forkFrom": "-",
    "isSpam": 0,
    "version": 1,
    "parentVersion": -1,
    "echartsVersion": "4.8.0",
    "versionCreateTime": "2020-09-07T14:02:29.000Z",
    "html": "",
    "externalScripts": "",
    "updaterUID": "obd-ojCkNXchMZnGICIMD7ecH8hdnDusoEA",
    "theme": "",
    "layout": "",
    "viewCount": 182,
    "userName": "173******90",
    "commentCount": 0,
    "starCount": 1,
    "isStared": 0,
    "thumbnailURL": "https://www.makeapie.com/ecg-storage/ec_gallery_thumbnail/x0G4k-bzod.png?v=1599487349822",
    "isCustomThumbnail": 0,
    "builtinTags": [
        "category-work",
        "series-pie",
        "title",
        "tooltip"
    ],
    "customTags": [],
    "updaterUserName": "173******90"
}