{
    "cid": "x0ho171e7d",
    "authorUid": "bd-1991272748",
    "authorUserName": "圪***哔",
    "title": "无数据时背景网格",
    "description": "在某些变态产品需求里 ，没数据还要网格线出来得情况，可用该方式实现。",
    "latestVersion": 1,
    "alwaysLatest": 1,
    "createTime": "2020-09-08T08:36:24.000Z",
    "lastUpdateTime": "2020-09-08T08:36:24.000Z",
    "auth": 1,
    "uid": "bd-1991272748",
    "publishedVersion": 0,
    "forkFrom": "-",
    "isSpam": 0,
    "version": 1,
    "parentVersion": -1,
    "echartsVersion": "4.8.0",
    "versionCreateTime": "2020-09-08T08:36:24.000Z",
    "html": "",
    "externalScripts": "",
    "updaterUID": "bd-1991272748",
    "theme": "",
    "layout": "",
    "viewCount": 42,
    "userName": "圪***哔",
    "commentCount": 0,
    "starCount": 1,
    "isStared": 0,
    "thumbnailURL": "https://www.makeapie.com/ecg-storage/ec_gallery_thumbnail/x0ho171e7d.png?v=1599554184639",
    "isCustomThumbnail": 0,
    "builtinTags": [
        "category-work",
        "grid",
        "series-line",
        "title"
    ],
    "customTags": [],
    "updaterUserName": "圪***哔"
}