{
    "cid": "x40jJqDZb0",
    "authorUid": "bd-4286708132",
    "authorUserName": "L***h",
    "title": "近三年审核问题重复发生率",
    "description": "",
    "latestVersion": 1,
    "alwaysLatest": 1,
    "createTime": "2020-09-07T08:48:30.000Z",
    "lastUpdateTime": "2020-09-07T08:48:30.000Z",
    "auth": 2,
    "uid": "bd-4286708132",
    "publishedVersion": 0,
    "forkFrom": "-",
    "isSpam": 0,
    "version": 1,
    "parentVersion": -1,
    "echartsVersion": "4.8.0",
    "versionCreateTime": "2020-09-07T08:48:30.000Z",
    "html": "",
    "externalScripts": "",
    "updaterUID": "bd-4286708132",
    "theme": "",
    "layout": "",
    "viewCount": 153,
    "userName": "L***h",
    "commentCount": 0,
    "starCount": 1,
    "isStared": 0,
    "thumbnailURL": "https://www.makeapie.com/ecg-storage/ec_gallery_thumbnail/x40jJqDZb0.png?v=1599468510795",
    "isCustomThumbnail": 0,
    "builtinTags": [
        "category-work",
        "grid",
        "legend",
        "series-line",
        "title",
        "tooltip"
    ],
    "customTags": [
        "折线图"
    ],
    "updaterUserName": "L***h"
}