{
    "cid": "x_7cYyAVrM",
    "authorUid": "obd-oAh5t2S9aueVj1-TBO9yTuvdQXkZU77",
    "authorUserName": "s***子",
    "title": "销售额",
    "description": "",
    "latestVersion": 2,
    "alwaysLatest": 1,
    "createTime": "2020-09-08T03:35:53.000Z",
    "lastUpdateTime": "2020-09-08T03:35:53.000Z",
    "auth": 2,
    "uid": "obd-oAh5t2S9aueVj1-TBO9yTuvdQXkZU77",
    "publishedVersion": 0,
    "forkFrom": "-",
    "isSpam": 0,
    "version": 2,
    "parentVersion": 1,
    "echartsVersion": "4.8.0",
    "versionCreateTime": "2020-09-08T10:30:07.000Z",
    "html": "",
    "externalScripts": "",
    "updaterUID": "obd-oAh5t2S9aueVj1-TBO9yTuvdQXkZU77",
    "theme": "",
    "layout": "",
    "viewCount": 32,
    "userName": "s***子",
    "commentCount": 0,
    "starCount": 0,
    "isStared": 0,
    "thumbnailURL": "https://www.makeapie.com/ecg-storage/ec_gallery_thumbnail/x_7cYyAVrM.png?v=1599561007584",
    "isCustomThumbnail": 0,
    "builtinTags": [
        "category-work",
        "grid",
        "legend",
        "series-line"
    ],
    "customTags": [],
    "updaterUserName": "s***子"
}