{
    "cid": "xe4RNt3bKr",
    "authorUid": "bd-1531921383",
    "authorUserName": "C***狼",
    "title": "百分比显示",
    "description": "",
    "latestVersion": 1,
    "alwaysLatest": 1,
    "createTime": "2020-09-07T10:49:44.000Z",
    "lastUpdateTime": "2020-09-07T10:49:44.000Z",
    "auth": 2,
    "uid": "bd-1531921383",
    "publishedVersion": 0,
    "forkFrom": "-",
    "isSpam": 0,
    "version": 1,
    "parentVersion": -1,
    "echartsVersion": "4.8.0",
    "versionCreateTime": "2020-09-07T10:49:44.000Z",
    "html": "",
    "externalScripts": "",
    "updaterUID": "bd-1531921383",
    "theme": "",
    "layout": "",
    "viewCount": 157,
    "userName": "C***狼",
    "commentCount": 0,
    "starCount": 3,
    "isStared": 0,
    "thumbnailURL": "https://www.makeapie.com/ecg-storage/ec_gallery_thumbnail/xe4RNt3bKr.png?v=1599475784595",
    "isCustomThumbnail": 0,
    "builtinTags": [
        "category-work",
        "polar",
        "series-bar",
        "title"
    ],
    "customTags": [],
    "updaterUserName": "C***狼"
}