{
    "cid": "xJxYglL_kP",
    "authorUid": "bd-3492896087",
    "authorUserName": "l***1",
    "title": "文字云",
    "description": "按文字值大小自动列，值越大文字越大",
    "latestVersion": 2,
    "alwaysLatest": 1,
    "createTime": "2020-09-08T02:22:41.000Z",
    "lastUpdateTime": "2020-09-08T02:22:41.000Z",
    "auth": 2,
    "uid": "bd-3492896087",
    "publishedVersion": 0,
    "forkFrom": "-",
    "isSpam": 0,
    "version": 2,
    "parentVersion": 1,
    "echartsVersion": "4.8.0",
    "versionCreateTime": "2020-09-08T02:30:55.000Z",
    "html": "",
    "externalScripts": "https://oisanjavax.github.io/echarts-wordcloud/dist/echarts-wordcloud.min.js",
    "updaterUID": "bd-3492896087",
    "theme": "",
    "layout": "",
    "viewCount": 427,
    "userName": "l***1",
    "commentCount": 0,
    "starCount": 0,
    "isStared": 0,
    "thumbnailURL": "https://www.makeapie.com/ecg-storage/ec_gallery_thumbnail/xJxYglL_kP.png?v=1599532255565",
    "isCustomThumbnail": 0,
    "builtinTags": [
        "category-work",
        "series-wordCloud",
        "tooltip"
    ],
    "customTags": [],
    "updaterUserName": "l***1"
}