{
    "cid": "xrpx5IKk4n",
    "authorUid": "obd-o-HS0ZTEBpotGpv-NJsAwpsi1oLQiAQ",
    "authorUserName": "s***1",
    "title": "4联水球图",
    "description": "",
    "latestVersion": 1,
    "alwaysLatest": 1,
    "createTime": "2020-09-08T07:43:44.000Z",
    "lastUpdateTime": "2020-09-08T07:43:44.000Z",
    "auth": 1,
    "uid": "obd-o-HS0ZTEBpotGpv-NJsAwpsi1oLQiAQ",
    "publishedVersion": 0,
    "forkFrom": "-",
    "isSpam": 0,
    "version": 1,
    "parentVersion": -1,
    "echartsVersion": "4.8.0",
    "versionCreateTime": "2020-09-08T07:43:44.000Z",
    "html": "",
    "externalScripts": "https://echarts.baidu.com/resource/echarts-liquidfill-latest/dist/echarts-liquidfill.min.js",
    "updaterUID": "obd-o-HS0ZTEBpotGpv-NJsAwpsi1oLQiAQ",
    "theme": "",
    "layout": "",
    "viewCount": 791,
    "userName": "s***1",
    "commentCount": 0,
    "starCount": 12,
    "isStared": 0,
    "thumbnailURL": "https://www.makeapie.com/ecg-storage/ec_gallery_thumbnail/xrpx5IKk4n.png?v=1599551024916",
    "isCustomThumbnail": 1,
    "builtinTags": [
        "category-work",
        "graphic",
        "series-liquidFill"
    ],
    "customTags": [
        "水球图"
    ],
    "updaterUserName": "s***1"
}