{
    "cid": "xu3r0_IFAi",
    "authorUid": "bd-4018496788",
    "authorUserName": "a***座",
    "title": "男女占比，饼图标签",
    "description": "",
    "latestVersion": 3,
    "alwaysLatest": 1,
    "createTime": "2020-09-08T02:34:56.000Z",
    "lastUpdateTime": "2020-09-08T02:34:56.000Z",
    "auth": 1,
    "uid": "bd-4018496788",
    "publishedVersion": 0,
    "forkFrom": "-",
    "isSpam": 0,
    "version": 3,
    "parentVersion": 2,
    "echartsVersion": "4.8.0",
    "versionCreateTime": "2020-12-16T06:17:07.000Z",
    "html": "",
    "externalScripts": "",
    "updaterUID": "obd-oElgx-gz4Vo_USLJPtgypAKS3HDG549",
    "theme": "",
    "layout": "",
    "viewCount": 136,
    "userName": "a***座",
    "commentCount": 0,
    "starCount": 1,
    "isStared": 0,
    "thumbnailURL": "https://www.makeapie.com/ecg-storage/ec_gallery_thumbnail/xu3r0_IFAi.png?v=1608099427469",
    "isCustomThumbnail": 0,
    "builtinTags": [
        "category-work",
        "legend",
        "series-pie",
        "title",
        "tooltip"
    ],
    "customTags": [],
    "updaterUserName": "f***福"
}