{
    "cid": "xWPaWG86MS",
    "authorUid": "obd-oAh5t2S9aueVj1-TBO9yTuvdQXkZU77",
    "authorUserName": "s***子",
    "title": "市场活动",
    "description": "",
    "latestVersion": 9,
    "alwaysLatest": 1,
    "createTime": "2020-09-08T04:04:03.000Z",
    "lastUpdateTime": "2020-09-08T04:14:59.000Z",
    "auth": 2,
    "uid": "obd-oAh5t2S9aueVj1-TBO9yTuvdQXkZU77",
    "publishedVersion": 0,
    "forkFrom": "-",
    "isSpam": 0,
    "version": 9,
    "parentVersion": 8,
    "echartsVersion": "4.8.0",
    "versionCreateTime": "2020-09-09T09:47:54.000Z",
    "html": "",
    "externalScripts": "",
    "updaterUID": "obd-oAh5t2S9aueVj1-TBO9yTuvdQXkZU77",
    "theme": "default",
    "layout": "",
    "viewCount": 32,
    "userName": "s***子",
    "commentCount": 0,
    "starCount": 0,
    "isStared": 0,
    "thumbnailURL": "https://www.makeapie.com/ecg-storage/ec_gallery_thumbnail/xWPaWG86MS.png?v=1599644874252",
    "isCustomThumbnail": 0,
    "builtinTags": [],
    "customTags": [],
    "updaterUserName": "s***子"
}