{
    "cid": "xyuryUfi9E",
    "authorUid": "obd-o2Rg8Q9nEgqGbejy4kNA19tbC4DznBd",
    "authorUserName": "z***w",
    "title": "Awesome Chart",
    "description": "",
    "latestVersion": 1,
    "alwaysLatest": 1,
    "createTime": "2020-09-08T08:34:50.000Z",
    "lastUpdateTime": "2020-09-08T08:34:50.000Z",
    "auth": 2,
    "uid": "obd-o2Rg8Q9nEgqGbejy4kNA19tbC4DznBd",
    "publishedVersion": 0,
    "forkFrom": "-",
    "isSpam": 0,
    "version": 1,
    "parentVersion": -1,
    "echartsVersion": "4.8.0",
    "versionCreateTime": "2020-09-08T08:34:50.000Z",
    "html": "",
    "externalScripts": "",
    "updaterUID": "obd-o2Rg8Q9nEgqGbejy4kNA19tbC4DznBd",
    "theme": "",
    "layout": "",
    "viewCount": 12,
    "userName": "z***w",
    "commentCount": 0,
    "starCount": 0,
    "isStared": 0,
    "thumbnailURL": "https://www.makeapie.com/ecg-storage/ec_gallery_thumbnail/xyuryUfi9E.png?v=1599554090794",
    "isCustomThumbnail": 0,
    "builtinTags": [
        "category-work",
        "grid",
        "series-line",
        "title"
    ],
    "customTags": [],
    "updaterUserName": "z***w"
}