{
    "cid": "x-RPJRRX2G",
    "authorUid": "obd-o0ePxLGVP3nuDyNxNlUzwNcwHMmvTFy",
    "authorUserName": "丑***脸",
    "title": "网络质量",
    "description": "使用饼图加仪表盘制作。",
    "latestVersion": 10,
    "alwaysLatest": 0,
    "createTime": "2021-10-09T01:47:12.000Z",
    "lastUpdateTime": "2021-10-09T07:18:21.000Z",
    "auth": 1,
    "uid": "obd-o0ePxLGVP3nuDyNxNlUzwNcwHMmvTFy",
    "publishedVersion": 0,
    "forkFrom": "-",
    "isSpam": 0,
    "version": 10,
    "parentVersion": 9,
    "echartsVersion": "5.2.0",
    "versionCreateTime": "2021-10-09T07:18:21.000Z",
    "html": "",
    "externalScripts": "",
    "updaterUID": "obd-o0ePxLGVP3nuDyNxNlUzwNcwHMmvTFy",
    "theme": "dark",
    "layout": "",
    "viewCount": 0,
    "userName": "丑***脸",
    "commentCount": 0,
    "starCount": 1,
    "isStared": 0,
    "thumbnailURL": "https://www.makeapie.com/ecg-storage/ec_gallery_thumbnail/x-RPJRRX2G.png?v=1633763901644",
    "isCustomThumbnail": 0,
    "builtinTags": [
        "category-work",
        "legend",
        "series-pie"
    ],
    "customTags": [
        "gauge",
        "仪表盘",
        "指针",
        "环形图",
        "饼图"
    ],
    "updaterUserName": "丑***脸"
}