{
    "cid": "x42BD8-q1h",
    "authorUid": "obd-o0aO3g-0thzjlxDdj4c8AlrWQo0MBFb",
    "authorUserName": "183*****932",
    "title": "中国女排历届国家队 成绩与参赛球员平均年龄、平均服役年限关联图",
    "description": "",
    "latestVersion": 7,
    "alwaysLatest": 0,
    "createTime": "2021-10-08T07:17:11.000Z",
    "lastUpdateTime": "2021-10-09T10:32:12.000Z",
    "auth": 2,
    "uid": "obd-o0aO3g-0thzjlxDdj4c8AlrWQo0MBFb",
    "publishedVersion": 0,
    "forkFrom": "-",
    "isSpam": 0,
    "version": 7,
    "parentVersion": 6,
    "echartsVersion": "5.2.1",
    "versionCreateTime": "2021-10-09T10:32:12.000Z",
    "html": "",
    "externalScripts": "",
    "updaterUID": "obd-o0aO3g-0thzjlxDdj4c8AlrWQo0MBFb",
    "theme": "",
    "layout": "",
    "viewCount": 0,
    "userName": "183*****932",
    "commentCount": 0,
    "starCount": 2,
    "isStared": 0,
    "thumbnailURL": "https://www.makeapie.com/ecg-storage/ec_gallery_thumbnail/x42BD8-q1h.png?v=1633775532596",
    "isCustomThumbnail": 0,
    "builtinTags": [
        "category-work",
        "grid",
        "legend",
        "series-line",
        "series-scatter",
        "title",
        "tooltip",
        "visualMap"
    ],
    "customTags": [],
    "updaterUserName": "183*****932"
}