{
    "cid": "x5VhgqebG4",
    "authorUid": "obd-o24ymbNi3Yq60yH7vRNH5fWBkdEbxBI",
    "authorUserName": "136******85",
    "title": "桑基图",
    "description": "",
    "latestVersion": 2,
    "alwaysLatest": 0,
    "createTime": "2021-10-09T09:22:03.000Z",
    "lastUpdateTime": "2021-10-12T06:41:00.000Z",
    "auth": 2,
    "uid": "obd-o24ymbNi3Yq60yH7vRNH5fWBkdEbxBI",
    "publishedVersion": 0,
    "forkFrom": "-",
    "isSpam": 0,
    "version": 2,
    "parentVersion": 1,
    "echartsVersion": "5.2.1",
    "versionCreateTime": "2021-10-12T06:41:00.000Z",
    "html": "",
    "externalScripts": "",
    "updaterUID": "obd-o24ymbNi3Yq60yH7vRNH5fWBkdEbxBI",
    "theme": "",
    "layout": "",
    "viewCount": 0,
    "userName": "136******85",
    "commentCount": 0,
    "starCount": 0,
    "isStared": 0,
    "thumbnailURL": "https://www.makeapie.com/ecg-storage/ec_gallery_thumbnail/x5VhgqebG4.png?v=1634020860333",
    "isCustomThumbnail": 0,
    "builtinTags": [
        "category-work",
        "series-sankey",
        "tooltip"
    ],
    "customTags": [],
    "updaterUserName": "136******85"
}