{
    "cid": "x8rcErM3do",
    "authorUid": "bd-2469886102",
    "authorUserName": "芊***8",
    "title": "综合评价",
    "description": "A级",
    "latestVersion": 1,
    "alwaysLatest": 0,
    "createTime": "2021-10-08T06:46:26.000Z",
    "lastUpdateTime": "2021-10-08T06:46:26.000Z",
    "auth": 2,
    "uid": "bd-2469886102",
    "publishedVersion": 0,
    "forkFrom": "-",
    "isSpam": 0,
    "version": 1,
    "parentVersion": -1,
    "echartsVersion": "5.2.1",
    "versionCreateTime": "2021-10-08T06:46:26.000Z",
    "html": "",
    "externalScripts": "",
    "updaterUID": "bd-2469886102",
    "theme": "",
    "layout": "",
    "viewCount": 0,
    "userName": "芊***8",
    "commentCount": 0,
    "starCount": 4,
    "isStared": 0,
    "thumbnailURL": "https://www.makeapie.com/ecg-storage/ec_gallery_thumbnail/x8rcErM3do.png?v=1633675587012",
    "isCustomThumbnail": 0,
    "builtinTags": [
        "category-work",
        "radar",
        "series-radar",
        "title"
    ],
    "customTags": [],
    "updaterUserName": "芊***8"
}