{
    "cid": "xA9asbsjRf",
    "authorUid": "obd-otKTe9sa8GxITy2bsrMA3HvKDqfAr8t",
    "authorUserName": "豌***噢",
    "title": "横向立体柱状图",
    "description": "",
    "latestVersion": 1,
    "alwaysLatest": 0,
    "createTime": "2021-10-08T05:24:10.000Z",
    "lastUpdateTime": "2021-10-08T05:24:10.000Z",
    "auth": 1,
    "uid": "obd-otKTe9sa8GxITy2bsrMA3HvKDqfAr8t",
    "publishedVersion": 0,
    "forkFrom": "-",
    "isSpam": 0,
    "version": 1,
    "parentVersion": -1,
    "echartsVersion": "5.2.1",
    "versionCreateTime": "2021-10-08T05:24:10.000Z",
    "html": "",
    "externalScripts": "",
    "updaterUID": "obd-otKTe9sa8GxITy2bsrMA3HvKDqfAr8t",
    "theme": "",
    "layout": "",
    "viewCount": 0,
    "userName": "豌***噢",
    "commentCount": 0,
    "starCount": 0,
    "isStared": 0,
    "thumbnailURL": "https://www.makeapie.com/ecg-storage/ec_gallery_thumbnail/xA9asbsjRf.png?v=1633670650908",
    "isCustomThumbnail": 0,
    "builtinTags": [
        "category-work",
        "grid",
        "legend",
        "series-bar",
        "series-effectScatter",
        "series-pictorialBar",
        "tooltip"
    ],
    "customTags": [],
    "updaterUserName": "豌***噢"
}