{
    "cid": "xb3Xhyksy-",
    "authorUid": "obd-o-FC47nbqEI5veO5tNbS1S-KADyYKAf",
    "authorUserName": "以***茗",
    "title": "象形柱状图",
    "description": "",
    "latestVersion": 3,
    "alwaysLatest": 0,
    "createTime": "2021-10-09T02:12:03.000Z",
    "lastUpdateTime": "2021-10-09T02:21:23.000Z",
    "auth": 2,
    "uid": "obd-o-FC47nbqEI5veO5tNbS1S-KADyYKAf",
    "publishedVersion": 0,
    "forkFrom": "-",
    "isSpam": 0,
    "version": 3,
    "parentVersion": 2,
    "echartsVersion": "5.2.1",
    "versionCreateTime": "2021-10-09T02:21:23.000Z",
    "html": "",
    "externalScripts": "",
    "updaterUID": "obd-o-FC47nbqEI5veO5tNbS1S-KADyYKAf",
    "theme": "",
    "layout": "",
    "viewCount": 0,
    "userName": "以***茗",
    "commentCount": 0,
    "starCount": 1,
    "isStared": 0,
    "thumbnailURL": "https://www.makeapie.com/ecg-storage/ec_gallery_thumbnail/xb3Xhyksy-.png?v=1633746083788",
    "isCustomThumbnail": 0,
    "builtinTags": [
        "category-work",
        "grid",
        "legend",
        "series-line",
        "series-pictorialBar",
        "tooltip"
    ],
    "customTags": [],
    "updaterUserName": "以***茗"
}