{
    "cid": "xBhnOfC6RR",
    "authorUid": "obd-ojpPDDTgr2EuNdSrDO-dcYmQylLTqDi",
    "authorUserName": "谢***s",
    "title": "面积动态多条折线图",
    "description": "面积动态多条折线图",
    "latestVersion": 1,
    "alwaysLatest": 0,
    "createTime": "2021-10-09T07:48:50.000Z",
    "lastUpdateTime": "2021-10-09T07:48:50.000Z",
    "auth": 1,
    "uid": "obd-ojpPDDTgr2EuNdSrDO-dcYmQylLTqDi",
    "publishedVersion": 0,
    "forkFrom": "-",
    "isSpam": 0,
    "version": 1,
    "parentVersion": -1,
    "echartsVersion": "5.2.1",
    "versionCreateTime": "2021-10-09T07:48:50.000Z",
    "html": "",
    "externalScripts": "",
    "updaterUID": "obd-ojpPDDTgr2EuNdSrDO-dcYmQylLTqDi",
    "theme": "",
    "layout": "",
    "viewCount": 0,
    "userName": "谢***s",
    "commentCount": 0,
    "starCount": 1,
    "isStared": 0,
    "thumbnailURL": "https://www.makeapie.com/ecg-storage/ec_gallery_thumbnail/xBhnOfC6RR.png?v=1633765731159",
    "isCustomThumbnail": 0,
    "builtinTags": [
        "category-work",
        "grid",
        "legend",
        "series-line",
        "tooltip"
    ],
    "customTags": [],
    "updaterUserName": "谢***s"
}