{
    "cid": "xDH27QHCOj",
    "authorUid": "bd-4247058731",
    "authorUserName": "强***来",
    "title": "多系列",
    "description": "",
    "latestVersion": 3,
    "alwaysLatest": 0,
    "createTime": "2021-10-08T14:44:06.000Z",
    "lastUpdateTime": "2021-10-10T15:05:48.000Z",
    "auth": 1,
    "uid": "bd-4247058731",
    "publishedVersion": 0,
    "forkFrom": "-",
    "isSpam": 0,
    "version": 3,
    "parentVersion": 2,
    "echartsVersion": "5.2.1",
    "versionCreateTime": "2021-10-10T15:05:48.000Z",
    "html": "",
    "externalScripts": "",
    "updaterUID": "bd-4247058731",
    "theme": "",
    "layout": "",
    "viewCount": 0,
    "userName": "强***来",
    "commentCount": 0,
    "starCount": 1,
    "isStared": 0,
    "thumbnailURL": "https://www.makeapie.com/ecg-storage/ec_gallery_thumbnail/xDH27QHCOj.png?v=1633878348343",
    "isCustomThumbnail": 0,
    "builtinTags": [
        "category-work",
        "grid",
        "series-bar",
        "series-pictorialBar"
    ],
    "customTags": [],
    "updaterUserName": "强***来"
}