{
    "cid": "xgLq5l7g7X",
    "authorUid": "bd-143495432",
    "authorUserName": "d***3",
    "title": "正负极",
    "description": "多轴",
    "latestVersion": 1,
    "alwaysLatest": 0,
    "createTime": "2021-10-09T09:25:30.000Z",
    "lastUpdateTime": "2021-10-09T09:25:30.000Z",
    "auth": 2,
    "uid": "bd-143495432",
    "publishedVersion": 0,
    "forkFrom": "-",
    "isSpam": 0,
    "version": 1,
    "parentVersion": -1,
    "echartsVersion": "5.2.1",
    "versionCreateTime": "2021-10-09T09:25:30.000Z",
    "html": "",
    "externalScripts": "",
    "updaterUID": "bd-143495432",
    "theme": "",
    "layout": "",
    "viewCount": 0,
    "userName": "d***3",
    "commentCount": 0,
    "starCount": 1,
    "isStared": 0,
    "thumbnailURL": "https://www.makeapie.com/ecg-storage/ec_gallery_thumbnail/xgLq5l7g7X.png?v=1633771531018",
    "isCustomThumbnail": 0,
    "builtinTags": [
        "category-work",
        "grid",
        "legend",
        "series-bar",
        "series-line",
        "toolbox",
        "tooltip"
    ],
    "customTags": [],
    "updaterUserName": "d***3"
}