{
    "cid": "xGv2KKHqiP",
    "authorUid": "obd-oNCD9qj3Hm7_BNJwPKH88weeiMbWcCZ",
    "authorUserName": "155******82",
    "title": "60岁及以上人口占总人口比重变化",
    "description": "",
    "latestVersion": 1,
    "alwaysLatest": 0,
    "createTime": "2021-10-09T11:59:50.000Z",
    "lastUpdateTime": "2021-10-09T11:59:50.000Z",
    "auth": 2,
    "uid": "obd-oNCD9qj3Hm7_BNJwPKH88weeiMbWcCZ",
    "publishedVersion": 0,
    "forkFrom": "-",
    "isSpam": 0,
    "version": 1,
    "parentVersion": -1,
    "echartsVersion": "5.2.1",
    "versionCreateTime": "2021-10-09T11:59:50.000Z",
    "html": "",
    "externalScripts": "",
    "updaterUID": "obd-oNCD9qj3Hm7_BNJwPKH88weeiMbWcCZ",
    "theme": "",
    "layout": "",
    "viewCount": 0,
    "userName": "155******82",
    "commentCount": 0,
    "starCount": 0,
    "isStared": 0,
    "thumbnailURL": "https://www.makeapie.com/ecg-storage/ec_gallery_thumbnail/xGv2KKHqiP.png?v=1633780791020",
    "isCustomThumbnail": 0,
    "builtinTags": [
        "category-work",
        "grid",
        "legend",
        "series-line",
        "title",
        "toolbox",
        "tooltip"
    ],
    "customTags": [],
    "updaterUserName": "155******82"
}