{
    "cid": "xOTpbgxvhQ",
    "authorUid": "obd-oNxO_0pSiX4Qhzuy4VZap5faODTirCs",
    "authorUserName": "梦***呢",
    "title": "机构信息",
    "description": "",
    "latestVersion": 2,
    "alwaysLatest": 0,
    "createTime": "2021-10-08T08:33:11.000Z",
    "lastUpdateTime": "2021-10-08T08:40:11.000Z",
    "auth": 2,
    "uid": "obd-oNxO_0pSiX4Qhzuy4VZap5faODTirCs",
    "publishedVersion": 0,
    "forkFrom": "-",
    "isSpam": 0,
    "version": 2,
    "parentVersion": 1,
    "echartsVersion": "5.2.1",
    "versionCreateTime": "2021-10-08T08:40:11.000Z",
    "html": "",
    "externalScripts": "",
    "updaterUID": "obd-oNxO_0pSiX4Qhzuy4VZap5faODTirCs",
    "theme": "",
    "layout": "",
    "viewCount": 0,
    "userName": "梦***呢",
    "commentCount": 0,
    "starCount": 1,
    "isStared": 0,
    "thumbnailURL": "https://www.makeapie.com/ecg-storage/ec_gallery_thumbnail/xOTpbgxvhQ.png?v=1633682411162",
    "isCustomThumbnail": 0,
    "builtinTags": [
        "category-work",
        "grid",
        "series-bar",
        "series-pictorialBar",
        "tooltip"
    ],
    "customTags": [],
    "updaterUserName": "梦***呢"
}