{
    "cid": "xqfpOw0-ds",
    "authorUid": "obd-oMHbZee6grtWfhjYky9PYRIlbypWr2S",
    "authorUserName": "Q***5",
    "title": "最大值75%同心圆，按百分比显示",
    "description": "作品基于【l***y】原创修改",
    "latestVersion": 1,
    "alwaysLatest": 0,
    "createTime": "2021-10-08T06:44:48.000Z",
    "lastUpdateTime": "2021-10-08T06:44:48.000Z",
    "auth": 2,
    "uid": "obd-oMHbZee6grtWfhjYky9PYRIlbypWr2S",
    "publishedVersion": 0,
    "forkFrom": "-",
    "isSpam": 0,
    "version": 1,
    "parentVersion": -1,
    "echartsVersion": "5.2.1",
    "versionCreateTime": "2021-10-08T06:44:48.000Z",
    "html": "",
    "externalScripts": "",
    "updaterUID": "obd-oMHbZee6grtWfhjYky9PYRIlbypWr2S",
    "theme": "",
    "layout": "",
    "viewCount": 0,
    "userName": "Q***5",
    "commentCount": 0,
    "starCount": 0,
    "isStared": 0,
    "thumbnailURL": "https://www.makeapie.com/ecg-storage/ec_gallery_thumbnail/xqfpOw0-ds.png?v=1633675488979",
    "isCustomThumbnail": 0,
    "builtinTags": [
        "category-work",
        "grid",
        "legend",
        "series-pie",
        "tooltip"
    ],
    "customTags": [],
    "updaterUserName": "Q***5"
}