{
    "cid": "xqUvZ1AANq",
    "authorUid": "obd-ojpPDDTgr2EuNdSrDO-dcYmQylLTqDi",
    "authorUserName": "谢***s",
    "title": "悬浮柱状折现动态混合图",
    "description": "悬浮柱状折现动态混合图",
    "latestVersion": 2,
    "alwaysLatest": 0,
    "createTime": "2021-10-09T08:03:09.000Z",
    "lastUpdateTime": "2021-10-09T08:03:42.000Z",
    "auth": 2,
    "uid": "obd-ojpPDDTgr2EuNdSrDO-dcYmQylLTqDi",
    "publishedVersion": 0,
    "forkFrom": "-",
    "isSpam": 0,
    "version": 2,
    "parentVersion": 1,
    "echartsVersion": "5.2.1",
    "versionCreateTime": "2021-10-09T08:03:42.000Z",
    "html": "",
    "externalScripts": "",
    "updaterUID": "obd-ojpPDDTgr2EuNdSrDO-dcYmQylLTqDi",
    "theme": "",
    "layout": "",
    "viewCount": 0,
    "userName": "谢***s",
    "commentCount": 0,
    "starCount": 4,
    "isStared": 0,
    "thumbnailURL": "https://www.makeapie.com/ecg-storage/ec_gallery_thumbnail/xqUvZ1AANq.png?v=1633766622271",
    "isCustomThumbnail": 0,
    "builtinTags": [
        "category-work",
        "grid",
        "legend",
        "series-bar",
        "series-line",
        "tooltip"
    ],
    "customTags": [],
    "updaterUserName": "谢***s"
}