{
    "cid": "xTSggjqvCr",
    "authorUid": "bd-2013481626",
    "authorUserName": "じ***ゞ",
    "title": "中国地图",
    "description": "",
    "latestVersion": 2,
    "alwaysLatest": 0,
    "createTime": "2021-10-09T09:11:22.000Z",
    "lastUpdateTime": "2021-10-12T03:33:11.000Z",
    "auth": 2,
    "uid": "bd-2013481626",
    "publishedVersion": 0,
    "forkFrom": "-",
    "isSpam": 0,
    "version": 2,
    "parentVersion": 1,
    "echartsVersion": "4.9.0",
    "versionCreateTime": "2021-10-12T03:33:11.000Z",
    "html": "",
    "externalScripts": "",
    "updaterUID": "bd-2013481626",
    "theme": "",
    "layout": "",
    "viewCount": 0,
    "userName": "じ***ゞ",
    "commentCount": 0,
    "starCount": 2,
    "isStared": 0,
    "thumbnailURL": "https://www.makeapie.com/ecg-storage/ec_gallery_thumbnail/xTSggjqvCr.png?v=1634009591571",
    "isCustomThumbnail": 0,
    "builtinTags": [
        "category-work",
        "geo"
    ],
    "customTags": [],
    "updaterUserName": "じ***ゞ"
}