{
    "cid": "xBJlFPy8m7",
    "authorUid": "bd-34533374",
    "authorUserName": "m***g",
    "title": "极简圆环图",
    "description": "",
    "latestVersion": 2,
    "alwaysLatest": 1,
    "createTime": "2018-07-13T08:48:55.000Z",
    "lastUpdateTime": "2018-07-13T08:48:55.000Z",
    "auth": 1,
    "uid": "bd-34533374",
    "publishedVersion": 0,
    "forkFrom": "-",
    "isSpam": 0,
    "version": 2,
    "parentVersion": 1,
    "echartsVersion": "4.2.0",
    "versionCreateTime": "2018-11-22T08:36:24.000Z",
    "html": "",
    "externalScripts": "",
    "updaterUID": "bd-34533374",
    "theme": "",
    "layout": "",
    "viewCount": 541,
    "userName": "m***g",
    "commentCount": 0,
    "starCount": 0,
    "isStared": 0,
    "thumbnailURL": "https://www.makeapie.com/ecg-storage/ec_gallery_thumbnail/xBJlFPy8m7.png?v=1542875784882",
    "isCustomThumbnail": 0,
    "builtinTags": [
        "category-work",
        "series-pie",
        "tooltip"
    ],
    "customTags": [],
    "updaterUserName": "m***g"
}