{
    "cid": "xByxPG9H7Q",
    "authorUid": "bd-599414847",
    "authorUserName": "A***M",
    "title": "custom自定义图",
    "description": "需求给出一个特殊的图\n先说弊端\n不支持自适应 \n不支持在矩形上面写文字\n不支持矩形的圆角展示\n需要遇到相同的问题公共解决\n如有更简单方法展示这种图 请分享 ",
    "latestVersion": 1,
    "alwaysLatest": 1,
    "createTime": "2018-07-13T02:45:44.000Z",
    "lastUpdateTime": "2018-07-13T02:45:44.000Z",
    "auth": 1,
    "uid": "bd-599414847",
    "publishedVersion": 0,
    "forkFrom": "-",
    "isSpam": 0,
    "version": 1,
    "parentVersion": -1,
    "echartsVersion": "4.1.0",
    "versionCreateTime": "2018-07-13T02:45:44.000Z",
    "html": "",
    "externalScripts": "",
    "updaterUID": "bd-599414847",
    "theme": "",
    "layout": "",
    "viewCount": 1304,
    "userName": "A***M",
    "commentCount": 0,
    "starCount": 10,
    "isStared": 0,
    "thumbnailURL": "https://www.makeapie.com/ecg-storage/ec_gallery_thumbnail/xByxPG9H7Q.png?v=1531449944250",
    "isCustomThumbnail": 0,
    "builtinTags": [
        "category-work",
        "grid",
        "series-custom",
        "title",
        "tooltip"
    ],
    "customTags": [
        "line",
        "rect"
    ],
    "updaterUserName": "A***M"
}