{
    "cid": "xHJr1ppBQQ",
    "authorUid": "bd-2048334472",
    "authorUserName": "小***5",
    "title": "跨城居住在佛山的居民，工作通勤流向",
    "description": "",
    "latestVersion": 2,
    "alwaysLatest": 1,
    "createTime": "2018-07-13T06:55:24.000Z",
    "lastUpdateTime": "2018-07-13T06:55:24.000Z",
    "auth": 2,
    "uid": "bd-2048334472",
    "publishedVersion": 0,
    "forkFrom": "-",
    "isSpam": 0,
    "version": 2,
    "parentVersion": 1,
    "echartsVersion": "4.1.0",
    "versionCreateTime": "2018-07-13T07:31:34.000Z",
    "html": "",
    "externalScripts": "",
    "updaterUID": "bd-2048334472",
    "theme": "",
    "layout": "",
    "viewCount": 619,
    "userName": "小***5",
    "commentCount": 1,
    "starCount": 2,
    "isStared": 0,
    "thumbnailURL": "https://www.makeapie.com/ecg-storage/ec_gallery_thumbnail/xHJr1ppBQQ.png?v=1531467094405",
    "isCustomThumbnail": 0,
    "builtinTags": [
        "category-work",
        "geo",
        "legend",
        "series-effectScatter",
        "series-lines",
        "title"
    ],
    "customTags": [],
    "updaterUserName": "小***5"
}