{
    "cid": "xHyjzHRHXm",
    "authorUid": "bd-2471617216",
    "authorUserName": "J***5",
    "title": "ddddd",
    "description": "",
    "latestVersion": 2,
    "alwaysLatest": 1,
    "createTime": "2018-07-13T07:30:26.000Z",
    "lastUpdateTime": "2018-07-13T07:30:26.000Z",
    "auth": 2,
    "uid": "bd-2471617216",
    "publishedVersion": 0,
    "forkFrom": "-",
    "isSpam": 0,
    "version": 2,
    "parentVersion": 1,
    "echartsVersion": "4.1.0",
    "versionCreateTime": "2018-07-14T00:45:33.000Z",
    "html": "",
    "externalScripts": "",
    "updaterUID": "bd-2471617216",
    "theme": "",
    "layout": "",
    "viewCount": 31,
    "userName": "J***5",
    "commentCount": 0,
    "starCount": 0,
    "isStared": 0,
    "thumbnailURL": "https://www.makeapie.com/ecg-storage/ec_gallery_thumbnail/xHyjzHRHXm.png?v=1531529134061",
    "isCustomThumbnail": 0,
    "builtinTags": [
        "category-work",
        "grid",
        "series-bar"
    ],
    "customTags": [],
    "updaterUserName": "J***5"
}