{
    "cid": "xryjsqcvXX",
    "authorUid": "bd-3724974333",
    "authorUserName": "m***3",
    "title": "上海内送货数据",
    "description": "data from Map",
    "latestVersion": 8,
    "alwaysLatest": 1,
    "createTime": "2018-07-14T15:45:39.000Z",
    "lastUpdateTime": "2018-07-14T15:45:39.000Z",
    "auth": 2,
    "uid": "bd-3724974333",
    "publishedVersion": 0,
    "forkFrom": "-",
    "isSpam": 0,
    "version": 8,
    "parentVersion": 7,
    "echartsVersion": "4.1.0",
    "versionCreateTime": "2018-07-15T11:22:32.000Z",
    "html": "",
    "externalScripts": "",
    "updaterUID": "bd-3724974333",
    "theme": "",
    "layout": "",
    "viewCount": 2426,
    "userName": "m***3",
    "commentCount": 0,
    "starCount": 6,
    "isStared": 0,
    "thumbnailURL": "https://www.makeapie.com/ecg-storage/ec_gallery_thumbnail/xryjsqcvXX.png?v=1531653753116",
    "isCustomThumbnail": 0,
    "builtinTags": [
        "category-work",
        "geo",
        "legend",
        "series-map",
        "series-scatter",
        "title",
        "tooltip",
        "visualMap"
    ],
    "customTags": [],
    "updaterUserName": "m***3"
}