{
    "cid": "xS1VbRa4mX",
    "authorUid": "bd-2048334472",
    "authorUserName": "小***5",
    "title": "跨城居住在佛山的居民，工作通勤流向",
    "description": "",
    "latestVersion": 4,
    "alwaysLatest": 1,
    "createTime": "2018-07-12T12:47:56.000Z",
    "lastUpdateTime": "2018-07-12T12:47:56.000Z",
    "auth": 2,
    "uid": "bd-2048334472",
    "publishedVersion": 0,
    "forkFrom": "-",
    "isSpam": 0,
    "version": 4,
    "parentVersion": 3,
    "echartsVersion": "4.1.0",
    "versionCreateTime": "2018-07-13T03:33:18.000Z",
    "html": "",
    "externalScripts": "",
    "updaterUID": "bd-2048334472",
    "theme": "",
    "layout": "",
    "viewCount": 1405,
    "userName": "小***5",
    "commentCount": 0,
    "starCount": 5,
    "isStared": 0,
    "thumbnailURL": "https://www.makeapie.com/ecg-storage/ec_gallery_thumbnail/xS1VbRa4mX.png?v=1531452798335",
    "isCustomThumbnail": 0,
    "builtinTags": [
        "category-work",
        "geo",
        "legend",
        "series-effectScatter",
        "series-lines",
        "title"
    ],
    "customTags": [],
    "updaterUserName": "小***5"
}