{
    "cid": "xSyjfK_Vm7",
    "authorUid": "bd-2048334472",
    "authorUserName": "小***5",
    "title": "居住地为佛山，就业地为广州的人群流向图",
    "description": "",
    "latestVersion": 1,
    "alwaysLatest": 1,
    "createTime": "2018-07-12T06:45:39.000Z",
    "lastUpdateTime": "2018-07-12T06:45:39.000Z",
    "auth": 2,
    "uid": "bd-2048334472",
    "publishedVersion": 0,
    "forkFrom": "-",
    "isSpam": 0,
    "version": 1,
    "parentVersion": -1,
    "echartsVersion": "4.1.0",
    "versionCreateTime": "2018-07-12T06:45:39.000Z",
    "html": "",
    "externalScripts": "",
    "updaterUID": "bd-2048334472",
    "theme": "",
    "layout": "",
    "viewCount": 2162,
    "userName": "小***5",
    "commentCount": 4,
    "starCount": 3,
    "isStared": 0,
    "thumbnailURL": "https://www.makeapie.com/ecg-storage/ec_gallery_thumbnail/xSyjfK_Vm7.png?v=1531377940254",
    "isCustomThumbnail": 0,
    "builtinTags": [
        "category-work",
        "geo",
        "legend",
        "series-effectScatter",
        "series-lines",
        "title"
    ],
    "customTags": [],
    "updaterUserName": "小***5"
}