{
    "cid": "xSyqV9trQ7",
    "authorUid": "bd-2889079406",
    "authorUserName": "六***论",
    "title": "病人迁移图",
    "description": "",
    "latestVersion": 4,
    "alwaysLatest": 1,
    "createTime": "2018-07-13T02:10:58.000Z",
    "lastUpdateTime": "2018-07-13T02:10:58.000Z",
    "auth": 2,
    "uid": "bd-2889079406",
    "publishedVersion": 0,
    "forkFrom": "-",
    "isSpam": 0,
    "version": 4,
    "parentVersion": 3,
    "echartsVersion": "4.1.0",
    "versionCreateTime": "2018-07-13T03:43:22.000Z",
    "html": "",
    "externalScripts": "/dep/echarts/latest/extension/dataTool.min.js,/dep/echarts/latest/extension/bmap.min.js,http://echarts.baidu.com/resource/echarts-gl-latest/dist/echarts-gl.min.js",
    "updaterUID": "bd-2889079406",
    "theme": "",
    "layout": "",
    "viewCount": 1048,
    "userName": "六***论",
    "commentCount": 0,
    "starCount": 2,
    "isStared": 0,
    "thumbnailURL": "https://www.makeapie.com/ecg-storage/ec_gallery_thumbnail/xSyqV9trQ7.png?v=1531453402335",
    "isCustomThumbnail": 0,
    "builtinTags": [
        "category-work",
        "geo",
        "series-lines",
        "series-scatter",
        "timeline",
        "title",
        "visualMap"
    ],
    "customTags": [],
    "updaterUserName": "六***论"
}