{
    "cid": "x6-ELPZy7",
    "authorUid": "bd-4198402328",
    "authorUserName": "a***3",
    "title": "最大数值颜色高亮",
    "description": "柱状图最大值颜色显示高亮",
    "latestVersion": 2,
    "alwaysLatest": 1,
    "createTime": "2019-10-15T01:56:48.000Z",
    "lastUpdateTime": "2019-10-15T01:56:48.000Z",
    "auth": 2,
    "uid": "bd-4198402328",
    "publishedVersion": 0,
    "forkFrom": "-",
    "isSpam": 0,
    "version": 2,
    "parentVersion": 1,
    "echartsVersion": "4.4.0",
    "versionCreateTime": "2019-11-01T07:35:51.000Z",
    "html": "",
    "externalScripts": "",
    "updaterUID": "bd-4198402328",
    "theme": "",
    "layout": "",
    "viewCount": 123,
    "userName": "a***3",
    "commentCount": 0,
    "starCount": 0,
    "isStared": 0,
    "thumbnailURL": "https://www.makeapie.com/ecg-storage/ec_gallery_thumbnail/x6-ELPZy7.png?v=1572593751987",
    "isCustomThumbnail": 0,
    "builtinTags": [
        "category-work",
        "grid",
        "series-bar",
        "title",
        "tooltip"
    ],
    "customTags": [
        "bar"
    ],
    "updaterUserName": "a***3"
}