{
    "cid": "xEnNpY4Po",
    "authorUid": "bd-2469886102",
    "authorUserName": "芊***8",
    "title": "自动轮播饼图auto",
    "description": "",
    "latestVersion": 1,
    "alwaysLatest": 1,
    "createTime": "2019-10-17T03:22:06.000Z",
    "lastUpdateTime": "2019-10-17T03:22:06.000Z",
    "auth": 2,
    "uid": "bd-2469886102",
    "publishedVersion": 0,
    "forkFrom": "-",
    "isSpam": 0,
    "version": 1,
    "parentVersion": -1,
    "echartsVersion": "4.4.0",
    "versionCreateTime": "2019-10-17T03:22:06.000Z",
    "html": "",
    "externalScripts": "",
    "updaterUID": "bd-2469886102",
    "theme": "",
    "layout": "",
    "viewCount": 316,
    "userName": "芊***8",
    "commentCount": 0,
    "starCount": 2,
    "isStared": 0,
    "thumbnailURL": "https://www.makeapie.com/ecg-storage/ec_gallery_thumbnail/xEnNpY4Po.png?v=1571282526194",
    "isCustomThumbnail": 0,
    "builtinTags": [
        "category-work",
        "legend",
        "series-pie",
        "tooltip"
    ],
    "customTags": [
        "auto",
        "autoswitch",
        "switch"
    ],
    "updaterUserName": "芊***8"
}