{
    "cid": "xJQ8zx2-G",
    "authorUid": "bd-1279877837",
    "authorUserName": "S***丶",
    "title": "饼状图+柱状图",
    "description": "",
    "latestVersion": 1,
    "alwaysLatest": 1,
    "createTime": "2019-10-15T09:38:04.000Z",
    "lastUpdateTime": "2019-10-15T09:38:04.000Z",
    "auth": 2,
    "uid": "bd-1279877837",
    "publishedVersion": 0,
    "forkFrom": "-",
    "isSpam": 0,
    "version": 1,
    "parentVersion": -1,
    "echartsVersion": "4.4.0",
    "versionCreateTime": "2019-10-15T09:38:04.000Z",
    "html": "",
    "externalScripts": "",
    "updaterUID": "bd-1279877837",
    "theme": "",
    "layout": "",
    "viewCount": 313,
    "userName": "S***丶",
    "commentCount": 0,
    "starCount": 4,
    "isStared": 0,
    "thumbnailURL": "https://www.makeapie.com/ecg-storage/ec_gallery_thumbnail/xJQ8zx2-G.png?v=1571132285104",
    "isCustomThumbnail": 0,
    "builtinTags": [
        "category-work",
        "grid",
        "legend",
        "series-bar",
        "series-pie",
        "title",
        "tooltip"
    ],
    "customTags": [],
    "updaterUserName": "S***丶"
}