{
    "cid": "xSkPpMVPt0",
    "authorUid": "bd-3259090913",
    "authorUserName": "b***m",
    "title": "实际从事风险应对人员情况",
    "description": "",
    "latestVersion": 1,
    "alwaysLatest": 1,
    "createTime": "2019-09-19T09:35:47.000Z",
    "lastUpdateTime": "2019-09-19T09:35:47.000Z",
    "auth": 2,
    "uid": "bd-3259090913",
    "publishedVersion": 0,
    "forkFrom": "-",
    "isSpam": 0,
    "version": 1,
    "parentVersion": -1,
    "echartsVersion": "4.3.0",
    "versionCreateTime": "2019-09-19T09:35:47.000Z",
    "html": "",
    "externalScripts": "",
    "updaterUID": "bd-3259090913",
    "theme": "",
    "layout": "",
    "viewCount": 239,
    "userName": "b***m",
    "commentCount": 0,
    "starCount": 4,
    "isStared": 0,
    "thumbnailURL": "https://www.makeapie.com/ecg-storage/ec_gallery_thumbnail/xSkPpMVPt0.png?v=1568885748003",
    "isCustomThumbnail": 0,
    "builtinTags": [
        "category-work",
        "dataZoom",
        "grid",
        "legend",
        "series-bar",
        "tooltip"
    ],
    "customTags": [],
    "updaterUserName": "b***m"
}