{
    "cid": "xuhrWuwKVJ",
    "authorUid": "bd-1742889184",
    "authorUserName": "我***症",
    "title": "分类销量（堆叠柱状图求和）",
    "description": "",
    "latestVersion": 2,
    "alwaysLatest": 1,
    "createTime": "2019-09-19T08:47:47.000Z",
    "lastUpdateTime": "2019-09-19T08:47:47.000Z",
    "auth": 2,
    "uid": "bd-1742889184",
    "publishedVersion": 0,
    "forkFrom": "-",
    "isSpam": 0,
    "version": 2,
    "parentVersion": 1,
    "echartsVersion": "4.4.0",
    "versionCreateTime": "2019-10-15T02:35:42.000Z",
    "html": "",
    "externalScripts": "",
    "updaterUID": "bd-1742889184",
    "theme": "default",
    "layout": "",
    "viewCount": 662,
    "userName": "我***症",
    "commentCount": 0,
    "starCount": 2,
    "isStared": 0,
    "thumbnailURL": "https://www.makeapie.com/ecg-storage/ec_gallery_thumbnail/xuhrWuwKVJ.png?v=1571106942217",
    "isCustomThumbnail": 0,
    "builtinTags": [
        "category-work",
        "grid",
        "legend",
        "series-bar",
        "title"
    ],
    "customTags": [],
    "updaterUserName": "我***症"
}