{
    "cid": "xB1j9UgsXQ",
    "authorUid": "bd-599414847",
    "authorUserName": "A***M",
    "title": "x轴可点击多柱子",
    "description": "x轴可点击多柱子，x轴label可点击，支持多种参数传递对样式的控制",
    "latestVersion": 3,
    "alwaysLatest": 1,
    "createTime": "2018-07-17T04:54:42.000Z",
    "lastUpdateTime": "2018-07-17T04:54:42.000Z",
    "auth": 2,
    "uid": "bd-599414847",
    "publishedVersion": 0,
    "forkFrom": "-",
    "isSpam": 0,
    "version": 3,
    "parentVersion": 2,
    "echartsVersion": "4.1.0",
    "versionCreateTime": "2018-09-06T02:02:47.000Z",
    "html": "",
    "externalScripts": "",
    "updaterUID": "bd-599414847",
    "theme": "",
    "layout": "",
    "viewCount": 13687,
    "userName": "A***M",
    "commentCount": 3,
    "starCount": 37,
    "isStared": 0,
    "thumbnailURL": "https://www.makeapie.com/ecg-storage/ec_gallery_thumbnail/xB1j9UgsXQ.png?v=1536199367750",
    "isCustomThumbnail": 0,
    "builtinTags": [
        "category-work",
        "grid",
        "legend",
        "series-bar",
        "title",
        "tooltip"
    ],
    "customTags": [
        "action"
    ],
    "updaterUserName": "A***M"
}