{
    "cid": "xBJEl5J9mX",
    "authorUid": "bd-4029760411",
    "authorUserName": "6002晴",
    "title": "时间轴加类目轴，数据缩放，实线虚线结合，点与坐标不对应",
    "description": "",
    "latestVersion": 2,
    "alwaysLatest": 1,
    "createTime": "2018-07-16T09:48:28.000Z",
    "lastUpdateTime": "2018-07-16T09:48:28.000Z",
    "auth": 2,
    "uid": "bd-4029760411",
    "publishedVersion": 0,
    "forkFrom": "-",
    "isSpam": 0,
    "version": 2,
    "parentVersion": 1,
    "echartsVersion": "4.2.1",
    "versionCreateTime": "2019-04-16T03:42:10.000Z",
    "html": "",
    "externalScripts": "",
    "updaterUID": "bd-4029760411",
    "theme": "",
    "layout": "",
    "viewCount": 13398,
    "userName": "6002晴",
    "commentCount": 1,
    "starCount": 32,
    "isStared": 0,
    "thumbnailURL": "https://www.makeapie.com/ecg-storage/ec_gallery_thumbnail/xBJEl5J9mX.png?v=1555386130423",
    "isCustomThumbnail": 0,
    "builtinTags": [
        "category-work",
        "dataZoom",
        "grid",
        "series-line",
        "tooltip"
    ],
    "customTags": [],
    "updaterUserName": "6002晴"
}