{
    "cid": "xBksRWF2m7",
    "authorUid": "bd-3393114599",
    "authorUserName": "木***g",
    "title": "跨象限阶梯瀑布图",
    "description": "传统echarts阶梯瀑布图是仅适用于数据集中于一个象限的情况，经过数据的改造，将阶梯瀑布图适用于跨象限的阶段",
    "latestVersion": 1,
    "alwaysLatest": 1,
    "createTime": "2018-07-18T09:01:07.000Z",
    "lastUpdateTime": "2018-07-18T09:01:07.000Z",
    "auth": 2,
    "uid": "bd-3393114599",
    "publishedVersion": 0,
    "forkFrom": "-",
    "isSpam": 0,
    "version": 1,
    "parentVersion": -1,
    "echartsVersion": "4.1.0",
    "versionCreateTime": "2018-07-18T09:01:07.000Z",
    "html": "",
    "externalScripts": "",
    "updaterUID": "bd-3393114599",
    "theme": "",
    "layout": "",
    "viewCount": 458,
    "userName": "木***g",
    "commentCount": 0,
    "starCount": 3,
    "isStared": 0,
    "thumbnailURL": "https://www.makeapie.com/ecg-storage/ec_gallery_thumbnail/xBksRWF2m7.png?v=1531904467611",
    "isCustomThumbnail": 0,
    "builtinTags": [
        "category-work",
        "grid",
        "legend",
        "series-bar",
        "title",
        "toolbox",
        "tooltip"
    ],
    "customTags": [],
    "updaterUserName": "木***g"
}