{
    "cid": "xByiFoXs77",
    "authorUid": "bd-599414847",
    "authorUserName": "A***M",
    "title": "双柱子",
    "description": "",
    "latestVersion": 2,
    "alwaysLatest": 1,
    "createTime": "2018-07-17T08:40:35.000Z",
    "lastUpdateTime": "2018-07-17T08:40:35.000Z",
    "auth": 2,
    "uid": "bd-599414847",
    "publishedVersion": 0,
    "forkFrom": "-",
    "isSpam": 0,
    "version": 2,
    "parentVersion": 1,
    "echartsVersion": "4.1.0",
    "versionCreateTime": "2018-07-17T09:15:25.000Z",
    "html": "",
    "externalScripts": "",
    "updaterUID": "bd-599414847",
    "theme": "",
    "layout": "",
    "viewCount": 5237,
    "userName": "A***M",
    "commentCount": 0,
    "starCount": 17,
    "isStared": 0,
    "thumbnailURL": "https://www.makeapie.com/ecg-storage/ec_gallery_thumbnail/xByiFoXs77.png?v=1531818925541",
    "isCustomThumbnail": 0,
    "builtinTags": [
        "category-work",
        "grid",
        "legend",
        "series-bar",
        "title",
        "tooltip"
    ],
    "customTags": [],
    "updaterUserName": "A***M"
}