{
    "cid": "xByq81_6QQ",
    "authorUid": "bd-599414847",
    "authorUserName": "A***M",
    "title": "饼图",
    "description": "普通饼图数据格式整理",
    "latestVersion": 1,
    "alwaysLatest": 1,
    "createTime": "2018-07-19T01:54:26.000Z",
    "lastUpdateTime": "2018-07-19T01:54:26.000Z",
    "auth": 2,
    "uid": "bd-599414847",
    "publishedVersion": 0,
    "forkFrom": "-",
    "isSpam": 0,
    "version": 1,
    "parentVersion": -1,
    "echartsVersion": "4.1.0",
    "versionCreateTime": "2018-07-19T01:54:26.000Z",
    "html": "",
    "externalScripts": "",
    "updaterUID": "bd-599414847",
    "theme": "",
    "layout": "",
    "viewCount": 13163,
    "userName": "A***M",
    "commentCount": 0,
    "starCount": 18,
    "isStared": 0,
    "thumbnailURL": "https://www.makeapie.com/ecg-storage/ec_gallery_thumbnail/xByq81_6QQ.png?v=1531965266353",
    "isCustomThumbnail": 0,
    "builtinTags": [
        "category-work",
        "legend",
        "series-pie",
        "title",
        "tooltip"
    ],
    "customTags": [],
    "updaterUserName": "A***M"
}