{
    "cid": "xByVDoVnXm",
    "authorUid": "bd-2284108535",
    "authorUserName": "沉鱼落雁惹人爱",
    "title": "简化柱状图",
    "description": "用于卡片式点缀，数据操作展示",
    "latestVersion": 1,
    "alwaysLatest": 1,
    "createTime": "2018-07-18T04:00:27.000Z",
    "lastUpdateTime": "2018-07-18T04:00:27.000Z",
    "auth": 2,
    "uid": "bd-2284108535",
    "publishedVersion": 0,
    "forkFrom": "-",
    "isSpam": 0,
    "version": 1,
    "parentVersion": -1,
    "echartsVersion": "4.1.0",
    "versionCreateTime": "2018-07-18T04:00:27.000Z",
    "html": "",
    "externalScripts": "",
    "updaterUID": "bd-2284108535",
    "theme": "",
    "layout": "",
    "viewCount": 70,
    "userName": "沉鱼落雁惹人爱",
    "commentCount": 0,
    "starCount": 0,
    "isStared": 0,
    "thumbnailURL": "https://www.makeapie.com/ecg-storage/ec_gallery_thumbnail/xByVDoVnXm.png?v=1531886428057",
    "isCustomThumbnail": 1,
    "builtinTags": [
        "category-work",
        "grid",
        "series-bar"
    ],
    "customTags": [],
    "updaterUserName": "沉鱼落雁惹人爱"
}