{
    "cid": "xH1Msebjmm",
    "authorUid": "bd-103587657",
    "authorUserName": "你***迈",
    "title": "供应商折线图",
    "description": "",
    "latestVersion": 2,
    "alwaysLatest": 1,
    "createTime": "2018-07-17T05:37:30.000Z",
    "lastUpdateTime": "2018-07-17T05:37:30.000Z",
    "auth": 2,
    "uid": "bd-103587657",
    "publishedVersion": 0,
    "forkFrom": "-",
    "isSpam": 0,
    "version": 2,
    "parentVersion": 1,
    "echartsVersion": "4.1.0",
    "versionCreateTime": "2018-07-23T02:51:58.000Z",
    "html": "",
    "externalScripts": "",
    "updaterUID": "bd-103587657",
    "theme": "",
    "layout": "",
    "viewCount": 76,
    "userName": "你***迈",
    "commentCount": 0,
    "starCount": 1,
    "isStared": 0,
    "thumbnailURL": "https://www.makeapie.com/ecg-storage/ec_gallery_thumbnail/xH1Msebjmm.png?v=1532314318518",
    "isCustomThumbnail": 0,
    "builtinTags": [
        "category-work",
        "grid",
        "legend",
        "series-line",
        "toolbox",
        "tooltip"
    ],
    "customTags": [],
    "updaterUserName": "你***迈"
}