{
    "cid": "xHk7xGg577",
    "authorUid": "bd-34533374",
    "authorUserName": "m***g",
    "title": "风险城市分布图",
    "description": "",
    "latestVersion": 1,
    "alwaysLatest": 1,
    "createTime": "2018-07-16T10:22:35.000Z",
    "lastUpdateTime": "2018-07-16T10:22:35.000Z",
    "auth": 2,
    "uid": "bd-34533374",
    "publishedVersion": 0,
    "forkFrom": "-",
    "isSpam": 0,
    "version": 1,
    "parentVersion": -1,
    "echartsVersion": "4.1.0",
    "versionCreateTime": "2018-07-16T10:22:35.000Z",
    "html": "",
    "externalScripts": "",
    "updaterUID": "bd-34533374",
    "theme": "",
    "layout": "",
    "viewCount": 208,
    "userName": "m***g",
    "commentCount": 0,
    "starCount": 0,
    "isStared": 0,
    "thumbnailURL": "https://www.makeapie.com/ecg-storage/ec_gallery_thumbnail/xHk7xGg577.png?v=1531736555534",
    "isCustomThumbnail": 0,
    "builtinTags": [
        "category-work",
        "geo",
        "series-effectScatter",
        "series-map",
        "series-scatter",
        "title",
        "tooltip",
        "visualMap"
    ],
    "customTags": [],
    "updaterUserName": "m***g"
}