{
    "cid": "xHyQ2ezsmQ",
    "authorUid": "bd-3675363652",
    "authorUserName": "哐当1ing",
    "title": "报警占比",
    "description": "",
    "latestVersion": 1,
    "alwaysLatest": 1,
    "createTime": "2018-07-17T06:46:03.000Z",
    "lastUpdateTime": "2018-07-17T06:46:03.000Z",
    "auth": 2,
    "uid": "bd-3675363652",
    "publishedVersion": 0,
    "forkFrom": "-",
    "isSpam": 0,
    "version": 1,
    "parentVersion": -1,
    "echartsVersion": "4.1.0",
    "versionCreateTime": "2018-07-17T06:46:03.000Z",
    "html": "",
    "externalScripts": "",
    "updaterUID": "bd-3675363652",
    "theme": "",
    "layout": "",
    "viewCount": 58,
    "userName": "哐当1ing",
    "commentCount": 0,
    "starCount": 0,
    "isStared": 0,
    "thumbnailURL": "https://www.makeapie.com/ecg-storage/ec_gallery_thumbnail/xHyQ2ezsmQ.png?v=1531809963395",
    "isCustomThumbnail": 0,
    "builtinTags": [
        "category-work",
        "series-pie",
        "tooltip"
    ],
    "customTags": [],
    "updaterUserName": "哐当1ing"
}