{
    "cid": "xr1SfOF3mX",
    "authorUid": "bd-3393114599",
    "authorUserName": "木***g",
    "title": "双向柱状图",
    "description": "适合表示财务的收益和损益情况",
    "latestVersion": 3,
    "alwaysLatest": 1,
    "createTime": "2018-07-18T09:27:40.000Z",
    "lastUpdateTime": "2018-07-18T09:27:40.000Z",
    "auth": 2,
    "uid": "bd-3393114599",
    "publishedVersion": 0,
    "forkFrom": "-",
    "isSpam": 0,
    "version": 3,
    "parentVersion": 2,
    "echartsVersion": "4.4.0",
    "versionCreateTime": "2019-11-05T10:33:11.000Z",
    "html": "",
    "externalScripts": "",
    "updaterUID": "bd-3393114599",
    "theme": "",
    "layout": "",
    "viewCount": 118,
    "userName": "木***g",
    "commentCount": 0,
    "starCount": 1,
    "isStared": 0,
    "thumbnailURL": "https://www.makeapie.com/ecg-storage/ec_gallery_thumbnail/xr1SfOF3mX.png?v=1572949992017",
    "isCustomThumbnail": 0,
    "builtinTags": [
        "category-work",
        "grid",
        "legend",
        "series-bar",
        "series-line",
        "title",
        "toolbox",
        "tooltip"
    ],
    "customTags": [],
    "updaterUserName": "木***g"
}