{
    "cid": "xr1XQ_O2QQ",
    "authorUid": "bd-2301626808",
    "authorUserName": "丶罚球线",
    "title": "学生个人考试成绩与班级得分率对比图",
    "description": "",
    "latestVersion": 1,
    "alwaysLatest": 1,
    "createTime": "2018-07-18T08:19:38.000Z",
    "lastUpdateTime": "2018-07-18T08:19:38.000Z",
    "auth": 2,
    "uid": "bd-2301626808",
    "publishedVersion": 0,
    "forkFrom": "-",
    "isSpam": 0,
    "version": 1,
    "parentVersion": -1,
    "echartsVersion": "4.1.0",
    "versionCreateTime": "2018-07-18T08:19:38.000Z",
    "html": "",
    "externalScripts": "",
    "updaterUID": "bd-2301626808",
    "theme": "",
    "layout": "",
    "viewCount": 76,
    "userName": "丶罚球线",
    "commentCount": 0,
    "starCount": 0,
    "isStared": 0,
    "thumbnailURL": "https://www.makeapie.com/ecg-storage/ec_gallery_thumbnail/xr1XQ_O2QQ.png?v=1531901978816",
    "isCustomThumbnail": 0,
    "builtinTags": [
        "category-work",
        "grid",
        "legend",
        "series-line",
        "series-scatter",
        "title",
        "toolbox"
    ],
    "customTags": [],
    "updaterUserName": "丶罚球线"
}