{
    "cid": "xrkYopkqQX",
    "authorUid": "bd-103587657",
    "authorUserName": "你***迈",
    "title": "国别平衡表条形图",
    "description": "",
    "latestVersion": 1,
    "alwaysLatest": 1,
    "createTime": "2018-07-16T10:04:17.000Z",
    "lastUpdateTime": "2018-07-16T10:04:17.000Z",
    "auth": 2,
    "uid": "bd-103587657",
    "publishedVersion": 0,
    "forkFrom": "-",
    "isSpam": 0,
    "version": 1,
    "parentVersion": -1,
    "echartsVersion": "4.1.0",
    "versionCreateTime": "2018-07-16T10:04:17.000Z",
    "html": "",
    "externalScripts": "",
    "updaterUID": "bd-103587657",
    "theme": "",
    "layout": "",
    "viewCount": 38,
    "userName": "你***迈",
    "commentCount": 0,
    "starCount": 0,
    "isStared": 0,
    "thumbnailURL": "https://www.makeapie.com/ecg-storage/ec_gallery_thumbnail/xrkYopkqQX.png?v=1531735457365",
    "isCustomThumbnail": 0,
    "builtinTags": [
        "category-work",
        "grid",
        "series-line",
        "title"
    ],
    "customTags": [],
    "updaterUserName": "你***迈"
}