{
    "cid": "xryqdOVh7Q",
    "authorUid": "bd-2284108535",
    "authorUserName": "沉鱼落雁惹人爱",
    "title": "简化轴坐标折线图",
    "description": "用于卡片式 点缀 折线图",
    "latestVersion": 4,
    "alwaysLatest": 1,
    "createTime": "2018-07-18T03:48:02.000Z",
    "lastUpdateTime": "2018-07-18T03:48:02.000Z",
    "auth": 2,
    "uid": "bd-2284108535",
    "publishedVersion": 0,
    "forkFrom": "-",
    "isSpam": 0,
    "version": 4,
    "parentVersion": 3,
    "echartsVersion": "4.1.0",
    "versionCreateTime": "2018-07-18T08:09:03.000Z",
    "html": "",
    "externalScripts": "",
    "updaterUID": "bd-2284108535",
    "theme": "",
    "layout": "",
    "viewCount": 165,
    "userName": "沉鱼落雁惹人爱",
    "commentCount": 0,
    "starCount": 1,
    "isStared": 0,
    "thumbnailURL": "https://www.makeapie.com/ecg-storage/ec_gallery_thumbnail/xryqdOVh7Q.png?v=1531885682510",
    "isCustomThumbnail": 1,
    "builtinTags": [
        "category-work",
        "grid",
        "series-line"
    ],
    "customTags": [],
    "updaterUserName": "沉鱼落雁惹人爱"
}