{
    "cid": "xS1-g6kcmX",
    "authorUid": "bd-103587657",
    "authorUserName": "你***迈",
    "title": "国别平衡表",
    "description": "",
    "latestVersion": 1,
    "alwaysLatest": 1,
    "createTime": "2018-07-16T10:01:12.000Z",
    "lastUpdateTime": "2018-07-16T10:01:12.000Z",
    "auth": 2,
    "uid": "bd-103587657",
    "publishedVersion": 0,
    "forkFrom": "-",
    "isSpam": 0,
    "version": 1,
    "parentVersion": -1,
    "echartsVersion": "4.1.0",
    "versionCreateTime": "2018-07-16T10:01:12.000Z",
    "html": "",
    "externalScripts": "",
    "updaterUID": "bd-103587657",
    "theme": "",
    "layout": "",
    "viewCount": 77,
    "userName": "你***迈",
    "commentCount": 0,
    "starCount": 0,
    "isStared": 0,
    "thumbnailURL": "https://www.makeapie.com/ecg-storage/ec_gallery_thumbnail/xS1-g6kcmX.png?v=1531735273075",
    "isCustomThumbnail": 0,
    "builtinTags": [
        "category-work",
        "series-pie",
        "title",
        "tooltip"
    ],
    "customTags": [],
    "updaterUserName": "你***迈"
}