{
    "cid": "xSJlzQqnX7",
    "authorUid": "bd-2385886544",
    "authorUserName": "等***W",
    "title": "ytry",
    "description": "",
    "latestVersion": 1,
    "alwaysLatest": 1,
    "createTime": "2018-07-18T10:14:32.000Z",
    "lastUpdateTime": "2018-07-18T10:14:32.000Z",
    "auth": 2,
    "uid": "bd-2385886544",
    "publishedVersion": 0,
    "forkFrom": "-",
    "isSpam": 0,
    "version": 1,
    "parentVersion": -1,
    "echartsVersion": "4.1.0",
    "versionCreateTime": "2018-07-18T10:14:32.000Z",
    "html": "",
    "externalScripts": "",
    "updaterUID": "bd-2385886544",
    "theme": "",
    "layout": "",
    "viewCount": 233,
    "userName": "等***W",
    "commentCount": 0,
    "starCount": 0,
    "isStared": 0,
    "thumbnailURL": "https://www.makeapie.com/ecg-storage/ec_gallery_thumbnail/xSJlzQqnX7.png?v=1531908872382",
    "isCustomThumbnail": 0,
    "builtinTags": [
        "category-work",
        "series-graph"
    ],
    "customTags": [],
    "updaterUserName": "等***W"
}