{
    "cid": "xSkDaqCtQm",
    "authorUid": "bd-3675363652",
    "authorUserName": "哐当1ing",
    "title": "堆叠柱状图",
    "description": "",
    "latestVersion": 1,
    "alwaysLatest": 1,
    "createTime": "2018-07-16T08:43:42.000Z",
    "lastUpdateTime": "2018-07-16T08:43:42.000Z",
    "auth": 2,
    "uid": "bd-3675363652",
    "publishedVersion": 0,
    "forkFrom": "-",
    "isSpam": 0,
    "version": 1,
    "parentVersion": -1,
    "echartsVersion": "4.1.0",
    "versionCreateTime": "2018-07-16T08:43:43.000Z",
    "html": "",
    "externalScripts": "",
    "updaterUID": "bd-3675363652",
    "theme": "",
    "layout": "",
    "viewCount": 38,
    "userName": "哐当1ing",
    "commentCount": 0,
    "starCount": 0,
    "isStared": 0,
    "thumbnailURL": "https://www.makeapie.com/ecg-storage/ec_gallery_thumbnail/xSkDaqCtQm.png?v=1531730623135",
    "isCustomThumbnail": 0,
    "builtinTags": [
        "category-work",
        "grid",
        "legend",
        "series-bar",
        "tooltip"
    ],
    "customTags": [],
    "updaterUserName": "哐当1ing"
}