{
    "cid": "xSygaUrsXX",
    "authorUid": "bd-2953846579",
    "authorUserName": "f***0",
    "title": "百分比占比",
    "description": "",
    "latestVersion": 4,
    "alwaysLatest": 1,
    "createTime": "2018-07-17T10:36:39.000Z",
    "lastUpdateTime": "2018-07-17T10:36:39.000Z",
    "auth": 2,
    "uid": "bd-2953846579",
    "publishedVersion": 0,
    "forkFrom": "-",
    "isSpam": 0,
    "version": 4,
    "parentVersion": 3,
    "echartsVersion": "4.4.0",
    "versionCreateTime": "2019-12-30T04:13:55.000Z",
    "html": "",
    "externalScripts": "",
    "updaterUID": "bd-2953846579",
    "theme": "",
    "layout": "",
    "viewCount": 77,
    "userName": "f***0",
    "commentCount": 0,
    "starCount": 1,
    "isStared": 0,
    "thumbnailURL": "https://www.makeapie.com/ecg-storage/ec_gallery_thumbnail/xSygaUrsXX.png?v=1577679236044",
    "isCustomThumbnail": 0,
    "builtinTags": [
        "category-work",
        "grid",
        "series-custom",
        "series-line",
        "tooltip"
    ],
    "customTags": [],
    "updaterUserName": "f***0"
}