{
    "cid": "xhOZrUPvit",
    "authorUid": "obd-oFgwdBv8Jx1Adj7QXrqoz44I8NOW35J",
    "authorUserName": "l***尼",
    "title": "主体-折线统计图",
    "description": "2020年药械原辅料数据",
    "latestVersion": 1,
    "alwaysLatest": 1,
    "createTime": "2020-09-26T13:30:41.000Z",
    "lastUpdateTime": "2020-09-26T13:30:41.000Z",
    "auth": 2,
    "uid": "obd-oFgwdBv8Jx1Adj7QXrqoz44I8NOW35J",
    "publishedVersion": 0,
    "forkFrom": "-",
    "isSpam": 0,
    "version": 1,
    "parentVersion": -1,
    "echartsVersion": "4.8.0",
    "versionCreateTime": "2020-09-26T13:30:41.000Z",
    "html": "",
    "externalScripts": "",
    "updaterUID": "obd-oFgwdBv8Jx1Adj7QXrqoz44I8NOW35J",
    "theme": "",
    "layout": "",
    "viewCount": 31,
    "userName": "l***尼",
    "commentCount": 0,
    "starCount": 0,
    "isStared": 0,
    "thumbnailURL": "https://www.makeapie.com/ecg-storage/ec_gallery_thumbnail/xhOZrUPvit.png?v=1601127042138",
    "isCustomThumbnail": 0,
    "builtinTags": [
        "category-work",
        "grid",
        "series-line",
        "title",
        "tooltip"
    ],
    "customTags": [],
    "updaterUserName": "l***尼"
}