{
    "cid": "xNlmnYVO4o",
    "authorUid": "bd-2891249456",
    "authorUserName": "曦***儿",
    "title": "ECharts 关系图",
    "description": "",
    "latestVersion": 1,
    "alwaysLatest": 1,
    "createTime": "2020-09-25T02:55:08.000Z",
    "lastUpdateTime": "2020-09-25T02:55:08.000Z",
    "auth": 2,
    "uid": "bd-2891249456",
    "publishedVersion": 0,
    "forkFrom": "-",
    "isSpam": 0,
    "version": 1,
    "parentVersion": -1,
    "echartsVersion": "4.8.0",
    "versionCreateTime": "2020-09-25T02:55:08.000Z",
    "html": "",
    "externalScripts": "",
    "updaterUID": "bd-2891249456",
    "theme": "",
    "layout": "",
    "viewCount": 371,
    "userName": "曦***儿",
    "commentCount": 0,
    "starCount": 0,
    "isStared": 0,
    "thumbnailURL": "https://www.makeapie.com/ecg-storage/ec_gallery_thumbnail/xNlmnYVO4o.png?v=1601002508510",
    "isCustomThumbnail": 0,
    "builtinTags": [
        "category-work",
        "legend",
        "series-graph",
        "title",
        "toolbox",
        "tooltip"
    ],
    "customTags": [],
    "updaterUserName": "曦***儿"
}