{
    "cid": "xsrIsKEkUd",
    "authorUid": "obd-ojw2Vva2GCS9Cw_ukdhnC_gitAfA-Ew",
    "authorUserName": "z***u",
    "title": "报警总数",
    "description": "",
    "latestVersion": 2,
    "alwaysLatest": 1,
    "createTime": "2020-09-26T05:22:30.000Z",
    "lastUpdateTime": "2020-09-26T05:22:30.000Z",
    "auth": 2,
    "uid": "obd-ojw2Vva2GCS9Cw_ukdhnC_gitAfA-Ew",
    "publishedVersion": 0,
    "forkFrom": "-",
    "isSpam": 0,
    "version": 2,
    "parentVersion": 1,
    "echartsVersion": "4.8.0",
    "versionCreateTime": "2020-09-26T05:23:50.000Z",
    "html": "",
    "externalScripts": "",
    "updaterUID": "obd-ojw2Vva2GCS9Cw_ukdhnC_gitAfA-Ew",
    "theme": "",
    "layout": "",
    "viewCount": 117,
    "userName": "z***u",
    "commentCount": 0,
    "starCount": 2,
    "isStared": 0,
    "thumbnailURL": "https://www.makeapie.com/ecg-storage/ec_gallery_thumbnail/xsrIsKEkUd.png?v=1601097830198",
    "isCustomThumbnail": 0,
    "builtinTags": [
        "category-work",
        "graphic",
        "series-pie",
        "title",
        "toolbox",
        "tooltip"
    ],
    "customTags": [],
    "updaterUserName": "z***u"
}