{
    "cid": "xwg512Kqw7",
    "authorUid": "bd-120283882",
    "authorUserName": "c***e",
    "title": "legend设置",
    "description": "",
    "latestVersion": 4,
    "alwaysLatest": 1,
    "createTime": "2020-09-25T06:02:23.000Z",
    "lastUpdateTime": "2020-09-25T06:02:23.000Z",
    "auth": 1,
    "uid": "bd-120283882",
    "publishedVersion": 0,
    "forkFrom": "-",
    "isSpam": 0,
    "version": 4,
    "parentVersion": 3,
    "echartsVersion": "4.8.0",
    "versionCreateTime": "2020-10-09T03:41:06.000Z",
    "html": "",
    "externalScripts": "",
    "updaterUID": "bd-120283882",
    "theme": "",
    "layout": "",
    "viewCount": 63,
    "userName": "c***e",
    "commentCount": 0,
    "starCount": 1,
    "isStared": 0,
    "thumbnailURL": "https://www.makeapie.com/ecg-storage/ec_gallery_thumbnail/xwg512Kqw7.png?v=1602214866944",
    "isCustomThumbnail": 0,
    "builtinTags": [
        "category-work",
        "grid",
        "legend",
        "series-line",
        "tooltip"
    ],
    "customTags": [],
    "updaterUserName": "c***e"
}