{
    "cid": "xXPbD4NAbA",
    "authorUid": "bd-4018496788",
    "authorUserName": "a***座",
    "title": "滚动条",
    "description": "滚动条",
    "latestVersion": 3,
    "alwaysLatest": 1,
    "createTime": "2020-09-25T06:21:08.000Z",
    "lastUpdateTime": "2020-09-25T06:21:08.000Z",
    "auth": 1,
    "uid": "bd-4018496788",
    "publishedVersion": 0,
    "forkFrom": "-",
    "isSpam": 0,
    "version": 3,
    "parentVersion": 2,
    "echartsVersion": "4.8.0",
    "versionCreateTime": "2020-09-25T06:22:55.000Z",
    "html": "",
    "externalScripts": "",
    "updaterUID": "bd-4018496788",
    "theme": "",
    "layout": "",
    "viewCount": 108,
    "userName": "a***座",
    "commentCount": 0,
    "starCount": 0,
    "isStared": 0,
    "thumbnailURL": "https://www.makeapie.com/ecg-storage/ec_gallery_thumbnail/xXPbD4NAbA.png?v=1601014975962",
    "isCustomThumbnail": 0,
    "builtinTags": [
        "category-work",
        "dataZoom",
        "grid",
        "legend",
        "series-bar",
        "series-line",
        "title",
        "tooltip"
    ],
    "customTags": [],
    "updaterUserName": "a***座"
}