{
    "cid": "area-stack",
    "authorUid": "bd-2135947294",
    "authorUserName": "echarts",
    "title": "堆叠面积图",
    "description": "堆叠面积图",
    "latestVersion": 1,
    "alwaysLatest": 1,
    "createTime": "2016-04-25T09:12:39.000Z",
    "lastUpdateTime": "2016-04-25T09:12:39.000Z",
    "auth": 2,
    "uid": "bd-2135947294",
    "publishedVersion": 0,
    "forkFrom": "-",
    "isSpam": 0,
    "version": 1,
    "parentVersion": -1,
    "echartsVersion": "3.1.6",
    "versionCreateTime": "2016-04-25T09:12:39.000Z",
    "html": "",
    "externalScripts": "",
    "updaterUID": "bd-2135947294",
    "theme": "default",
    "layout": "",
    "viewCount": 24175,
    "userName": "echarts",
    "commentCount": 3,
    "starCount": 62,
    "isStared": 0,
    "thumbnailURL": "https://www.makeapie.com/ecg-storage/ec_gallery_thumbnail/area-stack.png?v=1461575559876",
    "isCustomThumbnail": 0,
    "builtinTags": [
        "category-work",
        "grid",
        "legend",
        "series-line",
        "title",
        "toolbox",
        "tooltip"
    ],
    "customTags": [
        "stack"
    ],
    "updaterUserName": "echarts"
}