{
    "cid": "bar-y-category-stack",
    "authorUid": "bd-2135947294",
    "authorUserName": "echarts",
    "title": "Y 类目轴柱状图堆叠",
    "description": "",
    "latestVersion": 2,
    "alwaysLatest": 1,
    "createTime": "2016-04-25T11:15:07.000Z",
    "lastUpdateTime": "2016-07-22T08:29:16.000Z",
    "auth": 2,
    "uid": "bd-2135947294",
    "publishedVersion": 0,
    "forkFrom": "-",
    "isSpam": 0,
    "version": 2,
    "parentVersion": 1,
    "echartsVersion": "3.2.2",
    "versionCreateTime": "2016-07-22T08:30:16.000Z",
    "html": "",
    "externalScripts": "",
    "updaterUID": "bd-2135947294",
    "theme": "default",
    "layout": "",
    "viewCount": 22993,
    "userName": "echarts",
    "commentCount": 2,
    "starCount": 68,
    "isStared": 0,
    "thumbnailURL": "https://www.makeapie.com/ecg-storage/ec_gallery_thumbnail/bar-y-category-stack.png?v=1469176216471",
    "isCustomThumbnail": 0,
    "builtinTags": [
        "category-work",
        "grid",
        "legend",
        "series-bar",
        "tooltip"
    ],
    "customTags": [
        "stack"
    ],
    "updaterUserName": "echarts"
}