{
    "cid": "dynamic-data",
    "authorUid": "bd-2135947294",
    "authorUserName": "echarts",
    "title": "动态数据",
    "description": "动态添加和移除数据",
    "latestVersion": 1,
    "alwaysLatest": 1,
    "createTime": "2016-04-25T11:18:32.000Z",
    "lastUpdateTime": "2016-04-25T13:03:58.000Z",
    "auth": 2,
    "uid": "bd-2135947294",
    "publishedVersion": 0,
    "forkFrom": "-",
    "isSpam": 0,
    "version": 1,
    "parentVersion": -1,
    "echartsVersion": "3.1.6",
    "versionCreateTime": "2016-04-25T11:18:32.000Z",
    "html": "",
    "externalScripts": "",
    "updaterUID": "bd-2135947294",
    "theme": "default",
    "layout": "",
    "viewCount": 36516,
    "userName": "echarts",
    "commentCount": 4,
    "starCount": 64,
    "isStared": 0,
    "thumbnailURL": "https://www.makeapie.com/ecg-storage/ec_gallery_thumbnail/dynamic-data.png?v=1461589438522",
    "isCustomThumbnail": 0,
    "builtinTags": [
        "category-work",
        "dataZoom",
        "grid",
        "legend",
        "series-bar",
        "series-line",
        "title",
        "toolbox",
        "tooltip"
    ],
    "customTags": [],
    "updaterUserName": "echarts"
}