{
    "cid": "pie-custom",
    "authorUid": "bd-2135947294",
    "authorUserName": "echarts",
    "title": "Customized Pie",
    "description": "自定义饼图的样式",
    "latestVersion": 1,
    "alwaysLatest": 1,
    "createTime": "2016-04-25T11:50:29.000Z",
    "lastUpdateTime": "2016-04-25T11:50:29.000Z",
    "auth": 2,
    "uid": "bd-2135947294",
    "publishedVersion": 0,
    "forkFrom": "-",
    "isSpam": 0,
    "version": 1,
    "parentVersion": -1,
    "echartsVersion": "3.1.6",
    "versionCreateTime": "2016-04-25T11:50:29.000Z",
    "html": "",
    "externalScripts": "",
    "updaterUID": "bd-2135947294",
    "theme": "default",
    "layout": "",
    "viewCount": 15358,
    "userName": "echarts",
    "commentCount": 1,
    "starCount": 63,
    "isStared": 0,
    "thumbnailURL": "https://www.makeapie.com/ecg-storage/ec_gallery_thumbnail/pie-custom.png?v=1461585030292",
    "isCustomThumbnail": 0,
    "builtinTags": [
        "category-work",
        "series-pie",
        "title",
        "tooltip",
        "visualMap"
    ],
    "customTags": [],
    "updaterUserName": "echarts"
}