{
    "cid": "scatter-map-brush",
    "authorUid": "bd-2135947294",
    "authorUserName": "echarts",
    "title": "全国主要城市 PM 2.5",
    "description": "data from PM25.in.  Using brush.",
    "latestVersion": 1,
    "alwaysLatest": 1,
    "createTime": "2016-07-27T08:49:31.000Z",
    "lastUpdateTime": "2016-07-27T08:49:31.000Z",
    "auth": 2,
    "uid": "bd-2135947294",
    "publishedVersion": 0,
    "forkFrom": "-",
    "isSpam": 0,
    "version": 1,
    "parentVersion": -1,
    "echartsVersion": "3.2.2",
    "versionCreateTime": "2016-07-27T08:49:31.000Z",
    "html": "",
    "externalScripts": "/dep/echarts/map/js/china.js",
    "updaterUID": "bd-2135947294",
    "theme": "",
    "layout": "",
    "viewCount": 24443,
    "userName": "echarts",
    "commentCount": 5,
    "starCount": 69,
    "isStared": 0,
    "thumbnailURL": "https://www.makeapie.com/ecg-storage/ec_gallery_thumbnail/scatter-map-brush.png?v=1469609371358",
    "isCustomThumbnail": 0,
    "builtinTags": [
        "brush",
        "category-work",
        "geo",
        "grid",
        "series-bar",
        "series-effectScatter",
        "series-scatter",
        "title",
        "toolbox",
        "tooltip"
    ],
    "customTags": [
        "areaselect",
        "select",
        "区域选择",
        "框选",
        "选择"
    ],
    "updaterUserName": "echarts"
}