{
    "cid": "xBJLi4-7bx",
    "authorUid": "bd-3976584703",
    "authorUserName": "wang11084",
    "title": "全国主要城市 交易量",
    "description": "data from yunqicl",
    "latestVersion": 1,
    "alwaysLatest": 1,
    "createTime": "2016-11-11T08:43:10.000Z",
    "lastUpdateTime": "2016-11-11T08:43:10.000Z",
    "auth": 2,
    "uid": "bd-3976584703",
    "publishedVersion": 0,
    "forkFrom": "-",
    "isSpam": 0,
    "version": 1,
    "parentVersion": -1,
    "echartsVersion": "3.3.0",
    "versionCreateTime": "2016-11-11T08:43:10.000Z",
    "html": "",
    "externalScripts": "/dep/echarts/map/js/china.js",
    "updaterUID": "bd-3976584703",
    "theme": "",
    "layout": "",
    "viewCount": 25356,
    "userName": "wang11084",
    "commentCount": 3,
    "starCount": 99,
    "isStared": 0,
    "thumbnailURL": "https://www.makeapie.com/ecg-storage/ec_gallery_thumbnail/xBJLi4-7bx.png?v=1478853790607",
    "isCustomThumbnail": 0,
    "builtinTags": [
        "brush",
        "category-work",
        "dataZoom",
        "geo",
        "grid",
        "series-bar",
        "series-effectScatter",
        "series-scatter",
        "title",
        "toolbox",
        "tooltip"
    ],
    "customTags": [],
    "updaterUserName": "wang11084"
}