{
    "cid": "xBJMpakxzg",
    "authorUid": "bd-3507376824",
    "authorUserName": "_***了",
    "title": "信息渠道统计动画展示",
    "description": "应付各种脑洞需求",
    "latestVersion": 2,
    "alwaysLatest": 1,
    "createTime": "2016-11-21T03:44:57.000Z",
    "lastUpdateTime": "2016-11-21T03:44:57.000Z",
    "auth": 2,
    "uid": "bd-3507376824",
    "publishedVersion": 0,
    "forkFrom": "-",
    "isSpam": 0,
    "version": 2,
    "parentVersion": 1,
    "echartsVersion": "3.3.1",
    "versionCreateTime": "2016-11-21T03:46:56.000Z",
    "html": "",
    "externalScripts": "",
    "updaterUID": "bd-3507376824",
    "theme": "",
    "layout": "",
    "viewCount": 21209,
    "userName": "_***了",
    "commentCount": 28,
    "starCount": 95,
    "isStared": 0,
    "thumbnailURL": "https://www.makeapie.com/ecg-storage/ec_gallery_thumbnail/xBJMpakxzg.png?v=1479700016693",
    "isCustomThumbnail": 0,
    "builtinTags": [
        "category-work",
        "geo",
        "series-effectScatter",
        "series-lines",
        "title",
        "tooltip"
    ],
    "customTags": [],
    "updaterUserName": "_***了"
}