{
    "cid": "xBk3ufV0e",
    "authorUid": "bd-3796128407",
    "authorUserName": "王***响",
    "title": "漏斗分析图",
    "description": "网站用户行为统计－纯属虚构",
    "latestVersion": 7,
    "alwaysLatest": 1,
    "createTime": "2016-04-27T12:37:08.000Z",
    "lastUpdateTime": "2016-04-27T12:39:57.000Z",
    "auth": 2,
    "uid": "bd-3796128407",
    "publishedVersion": 0,
    "forkFrom": "-",
    "isSpam": 0,
    "version": 7,
    "parentVersion": 6,
    "echartsVersion": "3.1.10",
    "versionCreateTime": "2016-05-26T08:18:35.000Z",
    "html": "",
    "externalScripts": "",
    "updaterUID": "bd-3796128407",
    "theme": "macarons",
    "layout": "",
    "viewCount": 13407,
    "userName": "王***响",
    "commentCount": 0,
    "starCount": 96,
    "isStared": 0,
    "thumbnailURL": "https://www.makeapie.com/ecg-storage/ec_gallery_thumbnail/xBk3ufV0e.png?v=1461760628868",
    "isCustomThumbnail": 1,
    "builtinTags": [
        "category-work",
        "series-funnel",
        "title"
    ],
    "customTags": [],
    "updaterUserName": "王***响"
}