{
    "cid": "xBk7TY_hWx",
    "authorUid": "bd-1192091434",
    "authorUserName": "s***2",
    "title": "Simulate Hierarchy Axis",
    "description": "Find an approach to paint hierarchy axis.",
    "latestVersion": 2,
    "alwaysLatest": 1,
    "createTime": "2016-11-18T12:53:15.000Z",
    "lastUpdateTime": "2016-11-18T12:53:15.000Z",
    "auth": 2,
    "uid": "bd-1192091434",
    "publishedVersion": 0,
    "forkFrom": "-",
    "isSpam": 0,
    "version": 2,
    "parentVersion": 1,
    "echartsVersion": "3.3.0",
    "versionCreateTime": "2016-11-18T12:58:32.000Z",
    "html": "",
    "externalScripts": "",
    "updaterUID": "bd-1192091434",
    "theme": "",
    "layout": "",
    "viewCount": 17266,
    "userName": "s***2",
    "commentCount": 3,
    "starCount": 63,
    "isStared": 0,
    "thumbnailURL": "https://www.makeapie.com/ecg-storage/ec_gallery_thumbnail/xBk7TY_hWx.png?v=1479473913166",
    "isCustomThumbnail": 0,
    "builtinTags": [
        "category-work",
        "grid",
        "series-bar"
    ],
    "customTags": [
        "axis",
        "hierarchy"
    ],
    "updaterUserName": "s***2"
}