{
    "cid": "xBkVAKkIle",
    "authorUid": "bd-2500662229",
    "authorUserName": "虚***顶",
    "title": "Echarts3官方词云图",
    "description": "Echarts3官方词云图",
    "latestVersion": 5,
    "alwaysLatest": 1,
    "createTime": "2016-11-01T10:09:15.000Z",
    "lastUpdateTime": "2016-11-29T09:31:22.000Z",
    "auth": 2,
    "uid": "bd-2500662229",
    "publishedVersion": 0,
    "forkFrom": "-",
    "isSpam": 0,
    "version": 5,
    "parentVersion": 4,
    "echartsVersion": "3.3.2",
    "versionCreateTime": "2016-11-29T09:31:30.000Z",
    "html": "",
    "externalScripts": "http://data-visual.cn/datav/src/js/echarts/extension/echarts-wordcloud.min.js",
    "updaterUID": "bd-2500662229",
    "theme": "default",
    "layout": "",
    "viewCount": 54623,
    "userName": "虚***顶",
    "commentCount": 36,
    "starCount": 113,
    "isStared": 0,
    "thumbnailURL": "https://www.makeapie.com/ecg-storage/ec_gallery_thumbnail/xBkVAKkIle.png?v=1477995400873",
    "isCustomThumbnail": 1,
    "builtinTags": [
        "category-work",
        "series-wordCloud",
        "title",
        "tooltip"
    ],
    "customTags": [
        "tagCloud",
        "字符云",
        "词云图"
    ],
    "updaterUserName": "虚***顶"
}