{
    "cid": "xByj7eOSMx",
    "authorUid": "bd-3372546252",
    "authorUserName": "俏***猪",
    "title": "公交线路实时进度",
    "description": "使用单轴散点图实现公交线路站序实时进度。",
    "latestVersion": 5,
    "alwaysLatest": 1,
    "createTime": "2016-11-25T08:02:42.000Z",
    "lastUpdateTime": "2016-11-25T08:31:57.000Z",
    "auth": 2,
    "uid": "bd-3372546252",
    "publishedVersion": 3,
    "forkFrom": "-",
    "isSpam": 0,
    "version": 3,
    "parentVersion": 2,
    "echartsVersion": "3.3.2",
    "versionCreateTime": "2016-11-25T08:26:37.000Z",
    "html": "",
    "externalScripts": "",
    "updaterUID": "bd-3372546252",
    "theme": "default",
    "layout": "",
    "viewCount": 14324,
    "userName": "俏***猪",
    "commentCount": 12,
    "starCount": 81,
    "isStared": 0,
    "thumbnailURL": "https://www.makeapie.com/ecg-storage/ec_gallery_thumbnail/xByj7eOSMx.png?v=1480062703184",
    "isCustomThumbnail": 0,
    "builtinTags": [
        "category-work",
        "series-scatter",
        "singleAxis",
        "title",
        "tooltip"
    ],
    "customTags": [],
    "updaterUserName": "俏***猪"
}