{
    "cid": "xH1x0qk0v",
    "authorUid": "bd-2500662229",
    "authorUserName": "虚***顶",
    "title": "极坐标曲线图",
    "description": "极坐标画出的漂亮曲线",
    "latestVersion": 4,
    "alwaysLatest": 1,
    "createTime": "2016-07-21T06:25:12.000Z",
    "lastUpdateTime": "2016-11-29T09:33:10.000Z",
    "auth": 2,
    "uid": "bd-2500662229",
    "publishedVersion": 0,
    "forkFrom": "-",
    "isSpam": 0,
    "version": 4,
    "parentVersion": 3,
    "echartsVersion": "3.3.2",
    "versionCreateTime": "2016-11-29T09:33:14.000Z",
    "html": "",
    "externalScripts": "",
    "updaterUID": "bd-2500662229",
    "theme": "default",
    "layout": "",
    "viewCount": 13264,
    "userName": "虚***顶",
    "commentCount": 0,
    "starCount": 64,
    "isStared": 0,
    "thumbnailURL": "https://www.makeapie.com/ecg-storage/ec_gallery_thumbnail/xH1x0qk0v.png?v=1480411994748",
    "isCustomThumbnail": 0,
    "builtinTags": [
        "category-work",
        "polar",
        "series-line",
        "title",
        "tooltip"
    ],
    "customTags": [
        "曲线",
        "极坐标"
    ],
    "updaterUserName": "虚***顶"
}