{
    "cid": "xHyoiv-D-e",
    "authorUid": "bd-2656419351",
    "authorUserName": "SH小辉叔",
    "title": "16年1月-16年11月充值客单分析",
    "description": "BY MICVS",
    "latestVersion": 1,
    "alwaysLatest": 1,
    "createTime": "2016-11-14T09:45:07.000Z",
    "lastUpdateTime": "2016-11-14T09:45:07.000Z",
    "auth": 2,
    "uid": "bd-2656419351",
    "publishedVersion": 0,
    "forkFrom": "-",
    "isSpam": 0,
    "version": 1,
    "parentVersion": -1,
    "echartsVersion": "3.3.0",
    "versionCreateTime": "2016-11-14T09:45:07.000Z",
    "html": "",
    "externalScripts": "",
    "updaterUID": "bd-2656419351",
    "theme": "",
    "layout": "",
    "viewCount": 23179,
    "userName": "SH小辉叔",
    "commentCount": 0,
    "starCount": 99,
    "isStared": 0,
    "thumbnailURL": "https://www.makeapie.com/ecg-storage/ec_gallery_thumbnail/xHyoiv-D-e.png?v=1479116707747",
    "isCustomThumbnail": 0,
    "builtinTags": [
        "category-work",
        "dataZoom",
        "grid",
        "legend",
        "series-bar",
        "series-line",
        "title",
        "tooltip"
    ],
    "customTags": [],
    "updaterUserName": "SH小辉叔"
}