{
    "cid": "xL3r5AmO6h",
    "authorUid": "obd-oDCFSdQiZ9AKxl7QIblNH0ErOPfUf17",
    "authorUserName": "戴***龙",
    "title": "group bar",
    "description": "",
    "latestVersion": 2,
    "alwaysLatest": 0,
    "createTime": "2022-01-15T09:39:54.000Z",
    "lastUpdateTime": "2022-01-16T05:36:26.000Z",
    "auth": 2,
    "uid": "obd-oDCFSdQiZ9AKxl7QIblNH0ErOPfUf17",
    "publishedVersion": 0,
    "forkFrom": "-",
    "isSpam": 0,
    "version": 2,
    "parentVersion": 1,
    "echartsVersion": "5.2.2",
    "versionCreateTime": "2022-01-16T05:36:26.000Z",
    "html": "",
    "externalScripts": "",
    "updaterUID": "obd-oDCFSdQiZ9AKxl7QIblNH0ErOPfUf17",
    "theme": "",
    "layout": "",
    "viewCount": 0,
    "userName": "戴***龙",
    "commentCount": 0,
    "starCount": 0,
    "isStared": 0,
    "thumbnailURL": "https://www.makeapie.com/ecg-storage/ec_gallery_thumbnail/xL3r5AmO6h.png?v=1642311386747",
    "isCustomThumbnail": 0,
    "builtinTags": [
        "category-work",
        "grid",
        "legend",
        "series-bar",
        "tooltip"
    ],
    "customTags": [],
    "updaterUserName": "戴***龙"
}