{
    "cid": "xrk7fM82G",
    "authorUid": "bd-3796128407",
    "authorUserName": "王***响",
    "title": "环形图",
    "description": "From ExcelHome",
    "latestVersion": 7,
    "alwaysLatest": 1,
    "createTime": "2016-05-20T08:59:55.000Z",
    "lastUpdateTime": "2016-05-20T08:59:55.000Z",
    "auth": 2,
    "uid": "bd-3796128407",
    "publishedVersion": 0,
    "forkFrom": "-",
    "isSpam": 0,
    "version": 7,
    "parentVersion": 6,
    "echartsVersion": "3.5.4",
    "versionCreateTime": "2017-05-23T06:33:46.000Z",
    "html": "",
    "externalScripts": "",
    "updaterUID": "bd-3796128407",
    "theme": "",
    "layout": "",
    "viewCount": 30748,
    "userName": "王***响",
    "commentCount": 2,
    "starCount": 117,
    "isStared": 0,
    "thumbnailURL": "https://www.makeapie.com/ecg-storage/ec_gallery_thumbnail/xrk7fM82G.png?v=1495521226510",
    "isCustomThumbnail": 0,
    "builtinTags": [
        "category-work",
        "legend",
        "series-pie",
        "toolbox",
        "tooltip"
    ],
    "customTags": [],
    "updaterUserName": "王***响"
}