{
    "cid": "xSkHPwVPeg",
    "authorUid": "bd-3796128407",
    "authorUserName": "王***响",
    "title": "跑步数据检测",
    "description": "",
    "latestVersion": 5,
    "alwaysLatest": 1,
    "createTime": "2016-11-02T09:52:28.000Z",
    "lastUpdateTime": "2016-11-02T09:52:28.000Z",
    "auth": 2,
    "uid": "bd-3796128407",
    "publishedVersion": 0,
    "forkFrom": "-",
    "isSpam": 0,
    "version": 5,
    "parentVersion": 4,
    "echartsVersion": "3.3.0",
    "versionCreateTime": "2016-11-07T06:58:56.000Z",
    "html": "",
    "externalScripts": "",
    "updaterUID": "bd-3796128407",
    "theme": "",
    "layout": "",
    "viewCount": 17656,
    "userName": "王***响",
    "commentCount": 2,
    "starCount": 64,
    "isStared": 0,
    "thumbnailURL": "https://www.makeapie.com/ecg-storage/ec_gallery_thumbnail/xSkHPwVPeg.png?v=1478501937155",
    "isCustomThumbnail": 0,
    "builtinTags": [
        "category-work",
        "grid",
        "legend",
        "series-bar",
        "series-line",
        "title",
        "tooltip"
    ],
    "customTags": [],
    "updaterUserName": "王***响"
}