{
    "cid": "xSy5x00pP",
    "authorUid": "bd-2788798231",
    "authorUserName": "小银银叔",
    "title": "人流环比图",
    "description": "昨天 vs 前天",
    "latestVersion": 4,
    "alwaysLatest": 1,
    "createTime": "2016-07-21T05:30:25.000Z",
    "lastUpdateTime": "2016-07-21T05:30:25.000Z",
    "auth": 2,
    "uid": "bd-2788798231",
    "publishedVersion": 0,
    "forkFrom": "-",
    "isSpam": 0,
    "version": 4,
    "parentVersion": 3,
    "echartsVersion": "3.2.2",
    "versionCreateTime": "2016-07-21T05:40:35.000Z",
    "html": "",
    "externalScripts": "",
    "updaterUID": "bd-2788798231",
    "theme": "",
    "layout": "",
    "viewCount": 30146,
    "userName": "小银银叔",
    "commentCount": 8,
    "starCount": 78,
    "isStared": 0,
    "thumbnailURL": "https://www.makeapie.com/ecg-storage/ec_gallery_thumbnail/xSy5x00pP.png?v=1469079636169",
    "isCustomThumbnail": 0,
    "builtinTags": [
        "category-work",
        "dataZoom",
        "grid",
        "legend",
        "markArea",
        "series-bar",
        "title",
        "toolbox",
        "tooltip"
    ],
    "customTags": [],
    "updaterUserName": "小银银叔"
}