{
    "cid": "xSyKKAw97l",
    "authorUid": "bd-360124540",
    "authorUserName": "勇敢的半导体",
    "title": "1970年以来中国GDP排名变化情况",
    "description": "GDP单位:百万美元",
    "latestVersion": 114,
    "alwaysLatest": 1,
    "createTime": "2016-12-11T06:13:20.000Z",
    "lastUpdateTime": "2021-11-13T10:07:22.000Z",
    "auth": 1,
    "uid": "bd-360124540",
    "publishedVersion": 0,
    "forkFrom": "-",
    "isSpam": 0,
    "version": 114,
    "parentVersion": 113,
    "echartsVersion": "3.8.5",
    "versionCreateTime": "2021-11-13T10:07:22.000Z",
    "html": "",
    "externalScripts": "/dep/echarts/map/js/world.js,https://echarts.baidu.com/resource/echarts-gl-latest/dist/echarts-gl.min.js",
    "updaterUID": "obd-oCTtRzo96XTsXdYH_l_kgkvZ6OtkI3C",
    "theme": "",
    "layout": "",
    "viewCount": 35736,
    "userName": "勇敢的半导体",
    "commentCount": 15,
    "starCount": 108,
    "isStared": 0,
    "thumbnailURL": "https://www.makeapie.com/ecg-storage/ec_gallery_thumbnail/xSyKKAw97l.png?v=1636798042170",
    "isCustomThumbnail": 0,
    "builtinTags": [
        "category-work",
        "grid",
        "series-bar",
        "series-map",
        "series-pie",
        "timeline",
        "title",
        "tooltip",
        "visualMap"
    ],
    "customTags": [],
    "updaterUserName": "w***8"
}