{
    "cid": "x6GgIToW28",
    "authorUid": "bd-1896733785",
    "authorUserName": "s***0",
    "title": " 支/",
    "description": "",
    "latestVersion": 1,
    "alwaysLatest": 1,
    "createTime": "2020-08-27T02:39:57.000Z",
    "lastUpdateTime": "2020-08-27T02:39:57.000Z",
    "auth": 2,
    "uid": "bd-1896733785",
    "publishedVersion": 0,
    "forkFrom": "-",
    "isSpam": 0,
    "version": 1,
    "parentVersion": -1,
    "echartsVersion": "4.8.0",
    "versionCreateTime": "2020-08-27T02:39:57.000Z",
    "html": "",
    "externalScripts": "",
    "updaterUID": "bd-1896733785",
    "theme": "",
    "layout": "",
    "viewCount": 43,
    "userName": "s***0",
    "commentCount": 0,
    "starCount": 0,
    "isStared": 0,
    "thumbnailURL": "https://www.makeapie.com/ecg-storage/ec_gallery_thumbnail/x6GgIToW28.png?v=1598495998160",
    "isCustomThumbnail": 0,
    "builtinTags": [
        "category-work",
        "grid",
        "series-bar",
        "series-pictorialBar",
        "title",
        "tooltip"
    ],
    "customTags": [],
    "updaterUserName": "s***0"
}