{
    "cid": "x6rNt_QrhT",
    "authorUid": "bd-2133619855",
    "authorUserName": "小***乖",
    "title": "",
    "description": "",
    "latestVersion": 3,
    "alwaysLatest": 1,
    "createTime": "2020-08-27T05:21:28.000Z",
    "lastUpdateTime": "2020-08-27T05:21:28.000Z",
    "auth": 1,
    "uid": "bd-2133619855",
    "publishedVersion": 0,
    "forkFrom": "-",
    "isSpam": 0,
    "version": 3,
    "parentVersion": 2,
    "echartsVersion": "4.8.0",
    "versionCreateTime": "2020-08-27T06:47:31.000Z",
    "html": "",
    "externalScripts": "",
    "updaterUID": "bd-2133619855",
    "theme": "",
    "layout": "",
    "viewCount": 93,
    "userName": "小***乖",
    "commentCount": 0,
    "starCount": 0,
    "isStared": 0,
    "thumbnailURL": "https://www.makeapie.com/ecg-storage/ec_gallery_thumbnail/x6rNt_QrhT.png?v=1598510851171",
    "isCustomThumbnail": 0,
    "builtinTags": [
        "category-work",
        "grid",
        "series-line"
    ],
    "customTags": [],
    "updaterUserName": "小***乖"
}