{
    "cid": "xa2iUIsUH9",
    "authorUid": "bd-2013481626",
    "authorUserName": "じ***ゞ",
    "title": "柱状+折线 图",
    "description": "",
    "latestVersion": 4,
    "alwaysLatest": 1,
    "createTime": "2020-08-27T02:49:32.000Z",
    "lastUpdateTime": "2021-11-11T06:50:57.000Z",
    "auth": 2,
    "uid": "bd-2013481626",
    "publishedVersion": 0,
    "forkFrom": "-",
    "isSpam": 0,
    "version": 4,
    "parentVersion": 3,
    "echartsVersion": "4.9.0",
    "versionCreateTime": "2021-11-11T06:50:57.000Z",
    "html": "",
    "externalScripts": "",
    "updaterUID": "bd-2013481626",
    "theme": "shine",
    "layout": "",
    "viewCount": 172,
    "userName": "じ***ゞ",
    "commentCount": 0,
    "starCount": 1,
    "isStared": 0,
    "thumbnailURL": "https://www.makeapie.com/ecg-storage/ec_gallery_thumbnail/xa2iUIsUH9.png?v=1598496572615",
    "isCustomThumbnail": 1,
    "builtinTags": [
        "category-work",
        "grid",
        "legend",
        "series-bar",
        "series-line",
        "title",
        "toolbox",
        "tooltip"
    ],
    "customTags": [],
    "updaterUserName": "じ***ゞ"
}