{
    "cid": "xB3GGY9xLz",
    "authorUid": "obd-oD0a37KcYuNp1SoMSQEWBwy6RXJq01f",
    "authorUserName": "疾***子",
    "title": "难看的饼图",
    "description": ",也许有用",
    "latestVersion": 2,
    "alwaysLatest": 1,
    "createTime": "2020-08-25T09:22:07.000Z",
    "lastUpdateTime": "2020-08-25T09:22:07.000Z",
    "auth": 2,
    "uid": "obd-oD0a37KcYuNp1SoMSQEWBwy6RXJq01f",
    "publishedVersion": 0,
    "forkFrom": "-",
    "isSpam": 0,
    "version": 2,
    "parentVersion": 1,
    "echartsVersion": "4.8.0",
    "versionCreateTime": "2020-08-25T09:45:24.000Z",
    "html": "",
    "externalScripts": "",
    "updaterUID": "obd-oD0a37KcYuNp1SoMSQEWBwy6RXJq01f",
    "theme": "",
    "layout": "",
    "viewCount": 85,
    "userName": "疾***子",
    "commentCount": 0,
    "starCount": 1,
    "isStared": 0,
    "thumbnailURL": "https://www.makeapie.com/ecg-storage/ec_gallery_thumbnail/xB3GGY9xLz.png?v=1598348724569",
    "isCustomThumbnail": 0,
    "builtinTags": [
        "category-work",
        "legend",
        "series-pie",
        "tooltip"
    ],
    "customTags": [],
    "updaterUserName": "疾***子"
}