{
    "cid": "xCSqlo8DKn",
    "authorUid": "bd-3951156229",
    "authorUserName": "影***逑",
    "title": "进度条",
    "description": "",
    "latestVersion": 2,
    "alwaysLatest": 1,
    "createTime": "2020-08-25T09:10:26.000Z",
    "lastUpdateTime": "2020-08-25T09:10:26.000Z",
    "auth": 2,
    "uid": "bd-3951156229",
    "publishedVersion": 0,
    "forkFrom": "-",
    "isSpam": 0,
    "version": 2,
    "parentVersion": 1,
    "echartsVersion": "4.8.0",
    "versionCreateTime": "2020-08-25T09:29:14.000Z",
    "html": "",
    "externalScripts": "",
    "updaterUID": "bd-3951156229",
    "theme": "",
    "layout": "",
    "viewCount": 103,
    "userName": "影***逑",
    "commentCount": 0,
    "starCount": 0,
    "isStared": 0,
    "thumbnailURL": "https://www.makeapie.com/ecg-storage/ec_gallery_thumbnail/xCSqlo8DKn.png?v=1598347754613",
    "isCustomThumbnail": 0,
    "builtinTags": [
        "category-work",
        "grid",
        "series-pie",
        "title"
    ],
    "customTags": [],
    "updaterUserName": "影***逑"
}