{
    "cid": "xD5N0ncncr",
    "authorUid": "bd-2680668432",
    "authorUserName": "C***酱",
    "title": "1/2玫瑰图",
    "description": "1/2玫瑰图",
    "latestVersion": 4,
    "alwaysLatest": 1,
    "createTime": "2020-08-27T06:22:19.000Z",
    "lastUpdateTime": "2020-08-27T06:22:19.000Z",
    "auth": 2,
    "uid": "bd-2680668432",
    "publishedVersion": 0,
    "forkFrom": "-",
    "isSpam": 0,
    "version": 4,
    "parentVersion": 3,
    "echartsVersion": "4.8.0",
    "versionCreateTime": "2020-08-28T02:10:34.000Z",
    "html": "",
    "externalScripts": "",
    "updaterUID": "bd-2680668432",
    "theme": "",
    "layout": "",
    "viewCount": 239,
    "userName": "C***酱",
    "commentCount": 0,
    "starCount": 2,
    "isStared": 0,
    "thumbnailURL": "https://www.makeapie.com/ecg-storage/ec_gallery_thumbnail/xD5N0ncncr.png?v=1598580634164",
    "isCustomThumbnail": 0,
    "builtinTags": [
        "category-work",
        "series-pie",
        "tooltip"
    ],
    "customTags": [],
    "updaterUserName": "C***酱"
}