{
    "cid": "xD_nULeBhA",
    "authorUid": "obd-oDlZAyNk0MR8MOJcaHD4t_P3ohkEK17",
    "authorUserName": "码***记",
    "title": "自定义柱状图",
    "description": "",
    "latestVersion": 1,
    "alwaysLatest": 1,
    "createTime": "2020-08-27T06:22:38.000Z",
    "lastUpdateTime": "2020-08-27T06:22:38.000Z",
    "auth": 2,
    "uid": "obd-oDlZAyNk0MR8MOJcaHD4t_P3ohkEK17",
    "publishedVersion": 0,
    "forkFrom": "-",
    "isSpam": 0,
    "version": 1,
    "parentVersion": -1,
    "echartsVersion": "4.8.0",
    "versionCreateTime": "2020-08-27T06:22:38.000Z",
    "html": "",
    "externalScripts": "",
    "updaterUID": "obd-oDlZAyNk0MR8MOJcaHD4t_P3ohkEK17",
    "theme": "dark",
    "layout": "",
    "viewCount": 1033,
    "userName": "码***记",
    "commentCount": 0,
    "starCount": 11,
    "isStared": 0,
    "thumbnailURL": "https://www.makeapie.com/ecg-storage/ec_gallery_thumbnail/xD_nULeBhA.png?v=1598509358951",
    "isCustomThumbnail": 0,
    "builtinTags": [
        "category-work",
        "grid",
        "markLine",
        "series-line",
        "series-pictorialBar",
        "tooltip"
    ],
    "customTags": [],
    "updaterUserName": "码***记"
}