{
    "cid": "xedcb2C5Jw",
    "authorUid": "bd-1896733785",
    "authorUserName": "s***0",
    "title": "",
    "description": "",
    "latestVersion": 3,
    "alwaysLatest": 1,
    "createTime": "2020-08-26T01:59:35.000Z",
    "lastUpdateTime": "2020-08-26T01:59:35.000Z",
    "auth": 2,
    "uid": "bd-1896733785",
    "publishedVersion": 0,
    "forkFrom": "-",
    "isSpam": 0,
    "version": 3,
    "parentVersion": 2,
    "echartsVersion": "4.8.0",
    "versionCreateTime": "2020-08-26T07:51:10.000Z",
    "html": "",
    "externalScripts": "",
    "updaterUID": "bd-1896733785",
    "theme": "",
    "layout": "",
    "viewCount": 17,
    "userName": "s***0",
    "commentCount": 0,
    "starCount": 0,
    "isStared": 0,
    "thumbnailURL": "https://www.makeapie.com/ecg-storage/ec_gallery_thumbnail/xedcb2C5Jw.png?v=1598428270892",
    "isCustomThumbnail": 0,
    "builtinTags": [
        "category-work",
        "grid",
        "series-bar",
        "tooltip"
    ],
    "customTags": [],
    "updaterUserName": "s***0"
}