{
    "cid": "xFcvAMHjr1",
    "authorUid": "bd-2680668432",
    "authorUserName": "C***酱",
    "title": "1/2饼图",
    "description": "1/2饼图",
    "latestVersion": 1,
    "alwaysLatest": 1,
    "createTime": "2020-08-27T06:18:11.000Z",
    "lastUpdateTime": "2020-08-27T06:18:11.000Z",
    "auth": 2,
    "uid": "bd-2680668432",
    "publishedVersion": 0,
    "forkFrom": "-",
    "isSpam": 0,
    "version": 1,
    "parentVersion": -1,
    "echartsVersion": "4.8.0",
    "versionCreateTime": "2020-08-27T06:18:11.000Z",
    "html": "",
    "externalScripts": "",
    "updaterUID": "bd-2680668432",
    "theme": "",
    "layout": "",
    "viewCount": 138,
    "userName": "C***酱",
    "commentCount": 0,
    "starCount": 0,
    "isStared": 0,
    "thumbnailURL": "https://www.makeapie.com/ecg-storage/ec_gallery_thumbnail/xFcvAMHjr1.png?v=1598509091584",
    "isCustomThumbnail": 0,
    "builtinTags": [
        "category-work",
        "series-pie",
        "tooltip"
    ],
    "customTags": [],
    "updaterUserName": "C***酱"
}