{
    "cid": "xgdIP8ot14",
    "authorUid": "obd-oF6xtQp_rHAIyVULKWCsZ5Fi_wOcj5A",
    "authorUserName": "谦***逊",
    "title": "近七日能耗情况",
    "description": "",
    "latestVersion": 3,
    "alwaysLatest": 1,
    "createTime": "2020-08-26T11:40:43.000Z",
    "lastUpdateTime": "2020-08-26T11:40:43.000Z",
    "auth": 2,
    "uid": "obd-oF6xtQp_rHAIyVULKWCsZ5Fi_wOcj5A",
    "publishedVersion": 0,
    "forkFrom": "-",
    "isSpam": 0,
    "version": 3,
    "parentVersion": 2,
    "echartsVersion": "4.8.0",
    "versionCreateTime": "2020-08-26T12:20:24.000Z",
    "html": "",
    "externalScripts": "",
    "updaterUID": "obd-oF6xtQp_rHAIyVULKWCsZ5Fi_wOcj5A",
    "theme": "",
    "layout": "",
    "viewCount": 96,
    "userName": "谦***逊",
    "commentCount": 0,
    "starCount": 0,
    "isStared": 0,
    "thumbnailURL": "https://www.makeapie.com/ecg-storage/ec_gallery_thumbnail/xgdIP8ot14.png?v=1598444424658",
    "isCustomThumbnail": 0,
    "builtinTags": [
        "category-work",
        "grid",
        "legend",
        "series-bar",
        "title"
    ],
    "customTags": [],
    "updaterUserName": "谦***逊"
}