{
    "cid": "xIAIFiHn6D",
    "authorUid": "bd-3951156229",
    "authorUserName": "影***逑",
    "title": "水滴图",
    "description": "水滴",
    "latestVersion": 2,
    "alwaysLatest": 1,
    "createTime": "2020-08-25T08:42:49.000Z",
    "lastUpdateTime": "2020-08-25T08:42:49.000Z",
    "auth": 2,
    "uid": "bd-3951156229",
    "publishedVersion": 0,
    "forkFrom": "-",
    "isSpam": 0,
    "version": 2,
    "parentVersion": 1,
    "echartsVersion": "4.8.0",
    "versionCreateTime": "2020-08-25T08:43:16.000Z",
    "html": "",
    "externalScripts": "https://echarts.baidu.com/resource/echarts-liquidfill-latest/dist/echarts-liquidfill.min.js",
    "updaterUID": "bd-3951156229",
    "theme": "",
    "layout": "",
    "viewCount": 261,
    "userName": "影***逑",
    "commentCount": 0,
    "starCount": 1,
    "isStared": 0,
    "thumbnailURL": "https://www.makeapie.com/ecg-storage/ec_gallery_thumbnail/xIAIFiHn6D.png?v=1598344996765",
    "isCustomThumbnail": 0,
    "builtinTags": [
        "category-work",
        "series-liquidFill",
        "series-pie",
        "title"
    ],
    "customTags": [],
    "updaterUserName": "影***逑"
}