{
    "cid": "xKssmSkrNW",
    "authorUid": "bd-3951156229",
    "authorUserName": "影***逑",
    "title": "柱形图",
    "description": "简单的柱形图",
    "latestVersion": 2,
    "alwaysLatest": 1,
    "createTime": "2020-08-26T02:12:06.000Z",
    "lastUpdateTime": "2020-08-26T02:12:06.000Z",
    "auth": 2,
    "uid": "bd-3951156229",
    "publishedVersion": 0,
    "forkFrom": "-",
    "isSpam": 0,
    "version": 2,
    "parentVersion": 1,
    "echartsVersion": "4.8.0",
    "versionCreateTime": "2020-08-26T02:14:50.000Z",
    "html": "",
    "externalScripts": "",
    "updaterUID": "bd-3951156229",
    "theme": "",
    "layout": "",
    "viewCount": 68,
    "userName": "影***逑",
    "commentCount": 0,
    "starCount": 0,
    "isStared": 0,
    "thumbnailURL": "https://www.makeapie.com/ecg-storage/ec_gallery_thumbnail/xKssmSkrNW.png?v=1598408090869",
    "isCustomThumbnail": 0,
    "builtinTags": [
        "category-work",
        "grid",
        "series-bar"
    ],
    "customTags": [],
    "updaterUserName": "影***逑"
}