{
    "cid": "xlKsiuz4v5",
    "authorUid": "obd-oM584quG36WuL_Qt8FNCEwGrz7DPj2Y",
    "authorUserName": "百度用户#0469832854",
    "title": "江苏常熟",
    "description": "",
    "latestVersion": 4,
    "alwaysLatest": 1,
    "createTime": "2020-08-27T03:41:10.000Z",
    "lastUpdateTime": "2020-08-27T03:41:10.000Z",
    "auth": 2,
    "uid": "obd-oM584quG36WuL_Qt8FNCEwGrz7DPj2Y",
    "publishedVersion": 0,
    "forkFrom": "-",
    "isSpam": 0,
    "version": 4,
    "parentVersion": 3,
    "echartsVersion": "4.8.0",
    "versionCreateTime": "2020-08-27T03:54:27.000Z",
    "html": "",
    "externalScripts": "",
    "updaterUID": "obd-oM584quG36WuL_Qt8FNCEwGrz7DPj2Y",
    "theme": "",
    "layout": "",
    "viewCount": 942,
    "userName": "百度用户#0469832854",
    "commentCount": 0,
    "starCount": 2,
    "isStared": 0,
    "thumbnailURL": "https://www.makeapie.com/ecg-storage/ec_gallery_thumbnail/xlKsiuz4v5.png?v=1598500468038",
    "isCustomThumbnail": 0,
    "builtinTags": [
        "category-work",
        "geo",
        "markPoint",
        "series-map",
        "tooltip"
    ],
    "customTags": [],
    "updaterUserName": "百度用户#0469832854"
}