{
    "cid": "xNY_7V46W6",
    "authorUid": "obd-o2WyqZpjIJTq_DNaDCP2m6vai-daZBS",
    "authorUserName": "不***r",
    "title": "中国各市GDP（亿元）",
    "description": "",
    "latestVersion": 16,
    "alwaysLatest": 1,
    "createTime": "2020-08-25T12:07:02.000Z",
    "lastUpdateTime": "2020-08-25T12:07:02.000Z",
    "auth": 1,
    "uid": "obd-o2WyqZpjIJTq_DNaDCP2m6vai-daZBS",
    "publishedVersion": 0,
    "forkFrom": "-",
    "isSpam": 0,
    "version": 16,
    "parentVersion": 15,
    "echartsVersion": "4.8.0",
    "versionCreateTime": "2020-09-08T12:44:42.000Z",
    "html": "",
    "externalScripts": "",
    "updaterUID": "bd-3490920103",
    "theme": "",
    "layout": "",
    "viewCount": 1504,
    "userName": "不***r",
    "commentCount": 0,
    "starCount": 4,
    "isStared": 0,
    "thumbnailURL": "https://www.makeapie.com/ecg-storage/ec_gallery_thumbnail/xNY_7V46W6.png?v=1599569082899",
    "isCustomThumbnail": 0,
    "builtinTags": [
        "category-work",
        "grid",
        "series-line",
        "timeline",
        "title",
        "tooltip"
    ],
    "customTags": [],
    "updaterUserName": "a***4"
}