{
    "cid": "xQQkT68yvF",
    "authorUid": "bd-3951156229",
    "authorUserName": "影***逑",
    "title": "条形图",
    "description": "简单条形图",
    "latestVersion": 1,
    "alwaysLatest": 1,
    "createTime": "2020-08-26T02:55:56.000Z",
    "lastUpdateTime": "2020-08-26T02:55:56.000Z",
    "auth": 2,
    "uid": "bd-3951156229",
    "publishedVersion": 0,
    "forkFrom": "-",
    "isSpam": 0,
    "version": 1,
    "parentVersion": -1,
    "echartsVersion": "4.8.0",
    "versionCreateTime": "2020-08-26T02:55:56.000Z",
    "html": "",
    "externalScripts": "",
    "updaterUID": "bd-3951156229",
    "theme": "",
    "layout": "",
    "viewCount": 112,
    "userName": "影***逑",
    "commentCount": 0,
    "starCount": 0,
    "isStared": 0,
    "thumbnailURL": "https://www.makeapie.com/ecg-storage/ec_gallery_thumbnail/xQQkT68yvF.png?v=1598410556849",
    "isCustomThumbnail": 0,
    "builtinTags": [
        "category-work",
        "grid",
        "series-bar",
        "tooltip"
    ],
    "customTags": [],
    "updaterUserName": "影***逑"
}