{
    "cid": "xsKYuXlKiB",
    "authorUid": "obd-oD0a37KcYuNp1SoMSQEWBwy6RXJq01f",
    "authorUserName": "疾***子",
    "title": "折线图 方块点",
    "description": "折线图 方块点",
    "latestVersion": 1,
    "alwaysLatest": 1,
    "createTime": "2020-08-26T07:19:12.000Z",
    "lastUpdateTime": "2020-08-26T07:19:12.000Z",
    "auth": 2,
    "uid": "obd-oD0a37KcYuNp1SoMSQEWBwy6RXJq01f",
    "publishedVersion": 0,
    "forkFrom": "-",
    "isSpam": 0,
    "version": 1,
    "parentVersion": -1,
    "echartsVersion": "4.8.0",
    "versionCreateTime": "2020-08-26T07:19:12.000Z",
    "html": "",
    "externalScripts": "",
    "updaterUID": "obd-oD0a37KcYuNp1SoMSQEWBwy6RXJq01f",
    "theme": "",
    "layout": "",
    "viewCount": 68,
    "userName": "疾***子",
    "commentCount": 0,
    "starCount": 1,
    "isStared": 0,
    "thumbnailURL": "https://www.makeapie.com/ecg-storage/ec_gallery_thumbnail/xsKYuXlKiB.png?v=1598426352505",
    "isCustomThumbnail": 0,
    "builtinTags": [
        "category-work",
        "grid",
        "series-line",
        "title"
    ],
    "customTags": [],
    "updaterUserName": "疾***子"
}