{
    "cid": "xV6ciYzLFW",
    "authorUid": "obd-oD0a37KcYuNp1SoMSQEWBwy6RXJq01f",
    "authorUserName": "疾***子",
    "title": "饼图",
    "description": "纯属虚构",
    "latestVersion": 1,
    "alwaysLatest": 1,
    "createTime": "2020-08-25T08:40:34.000Z",
    "lastUpdateTime": "2020-08-25T08:40:34.000Z",
    "auth": 2,
    "uid": "obd-oD0a37KcYuNp1SoMSQEWBwy6RXJq01f",
    "publishedVersion": 0,
    "forkFrom": "-",
    "isSpam": 0,
    "version": 1,
    "parentVersion": -1,
    "echartsVersion": "4.8.0",
    "versionCreateTime": "2020-08-25T08:40:34.000Z",
    "html": "",
    "externalScripts": "",
    "updaterUID": "obd-oD0a37KcYuNp1SoMSQEWBwy6RXJq01f",
    "theme": "",
    "layout": "",
    "viewCount": 147,
    "userName": "疾***子",
    "commentCount": 0,
    "starCount": 0,
    "isStared": 0,
    "thumbnailURL": "https://www.makeapie.com/ecg-storage/ec_gallery_thumbnail/xV6ciYzLFW.png?v=1598344834929",
    "isCustomThumbnail": 0,
    "builtinTags": [
        "category-work",
        "legend",
        "series-pie",
        "title",
        "tooltip"
    ],
    "customTags": [],
    "updaterUserName": "疾***子"
}