{
    "cid": "xvVPINsdEQ",
    "authorUid": "obd-oD0a37KcYuNp1SoMSQEWBwy6RXJq01f",
    "authorUserName": "疾***子",
    "title": "barGap:重叠,相同值的stack: '1'为叠加",
    "description": "barGap:重叠,相同值的stack: '1'为叠加",
    "latestVersion": 1,
    "alwaysLatest": 1,
    "createTime": "2020-08-25T09:17:05.000Z",
    "lastUpdateTime": "2020-08-25T09:17:05.000Z",
    "auth": 2,
    "uid": "obd-oD0a37KcYuNp1SoMSQEWBwy6RXJq01f",
    "publishedVersion": 0,
    "forkFrom": "-",
    "isSpam": 0,
    "version": 1,
    "parentVersion": -1,
    "echartsVersion": "4.8.0",
    "versionCreateTime": "2020-08-25T09:17:05.000Z",
    "html": "",
    "externalScripts": "",
    "updaterUID": "obd-oD0a37KcYuNp1SoMSQEWBwy6RXJq01f",
    "theme": "",
    "layout": "",
    "viewCount": 95,
    "userName": "疾***子",
    "commentCount": 0,
    "starCount": 1,
    "isStared": 0,
    "thumbnailURL": "https://www.makeapie.com/ecg-storage/ec_gallery_thumbnail/xvVPINsdEQ.png?v=1598347025512",
    "isCustomThumbnail": 0,
    "builtinTags": [
        "category-work",
        "grid",
        "legend",
        "series-bar",
        "title",
        "tooltip"
    ],
    "customTags": [],
    "updaterUserName": "疾***子"
}