{
    "cid": "xZBjJyUe_U",
    "authorUid": "obd-oEg7g4y1u_MfSNegYdeL204jRziV14u",
    "authorUserName": "_***u",
    "title": "散点图 + 折线图1",
    "description": "纵倾=[0,0), 航速=[3,0)",
    "latestVersion": 5,
    "alwaysLatest": 1,
    "createTime": "2020-08-25T08:16:07.000Z",
    "lastUpdateTime": "2020-08-25T08:33:14.000Z",
    "auth": 2,
    "uid": "obd-oEg7g4y1u_MfSNegYdeL204jRziV14u",
    "publishedVersion": 0,
    "forkFrom": "-",
    "isSpam": 0,
    "version": 5,
    "parentVersion": 4,
    "echartsVersion": "4.8.0",
    "versionCreateTime": "2020-08-25T08:38:43.000Z",
    "html": "",
    "externalScripts": "",
    "updaterUID": "obd-oEg7g4y1u_MfSNegYdeL204jRziV14u",
    "theme": "",
    "layout": "{\"name\":\"NxM\",\"width\":[\"100%\"],\"height\":[\"50%\",\"50%\"]}",
    "viewCount": 32,
    "userName": "_***u",
    "commentCount": 0,
    "starCount": 0,
    "isStared": 0,
    "thumbnailURL": "https://www.makeapie.com/ecg-storage/ec_gallery_thumbnail/xZBjJyUe_U.png?v=1598344723289",
    "isCustomThumbnail": 0,
    "builtinTags": [],
    "customTags": [],
    "updaterUserName": "_***u"
}