{
    "cid": "x2gPrr0qNX",
    "authorUid": "bd-36670323",
    "authorUserName": "s***r",
    "title": "车行统计",
    "description": "",
    "latestVersion": 1,
    "alwaysLatest": 1,
    "createTime": "2019-08-14T06:32:01.000Z",
    "lastUpdateTime": "2019-08-14T06:32:01.000Z",
    "auth": 2,
    "uid": "bd-36670323",
    "publishedVersion": 0,
    "forkFrom": "-",
    "isSpam": 0,
    "version": 1,
    "parentVersion": -1,
    "echartsVersion": "4.2.1",
    "versionCreateTime": "2019-08-14T06:32:01.000Z",
    "html": "",
    "externalScripts": "",
    "updaterUID": "bd-36670323",
    "theme": "",
    "layout": "",
    "viewCount": 188,
    "userName": "s***r",
    "commentCount": 0,
    "starCount": 1,
    "isStared": 0,
    "thumbnailURL": "https://www.makeapie.com/ecg-storage/ec_gallery_thumbnail/x2gPrr0qNX.png?v=1565764321740",
    "isCustomThumbnail": 0,
    "builtinTags": [
        "category-work",
        "grid",
        "legend",
        "series-line",
        "title",
        "toolbox",
        "tooltip"
    ],
    "customTags": [],
    "updaterUserName": "s***r"
}