{
    "cid": "x8IJn-BkTO",
    "authorUid": "bd-3182588218",
    "authorUserName": "飞***燕",
    "title": "备选热力图",
    "description": "",
    "latestVersion": 3,
    "alwaysLatest": 1,
    "createTime": "2019-08-14T12:05:14.000Z",
    "lastUpdateTime": "2019-08-14T12:05:14.000Z",
    "auth": 2,
    "uid": "bd-3182588218",
    "publishedVersion": 0,
    "forkFrom": "-",
    "isSpam": 0,
    "version": 3,
    "parentVersion": 2,
    "echartsVersion": "4.2.1",
    "versionCreateTime": "2019-09-06T01:54:37.000Z",
    "html": "",
    "externalScripts": "/dep/echarts/map/js/china.js",
    "updaterUID": "bd-3182588218",
    "theme": "",
    "layout": "",
    "viewCount": 10882,
    "userName": "飞***燕",
    "commentCount": 0,
    "starCount": 28,
    "isStared": 0,
    "thumbnailURL": "https://www.makeapie.com/ecg-storage/ec_gallery_thumbnail/x8IJn-BkTO.png?v=1567734877958",
    "isCustomThumbnail": 0,
    "builtinTags": [
        "category-work",
        "geo",
        "series-heatmap",
        "title",
        "visualMap"
    ],
    "customTags": [],
    "updaterUserName": "飞***燕"
}