{
    "cid": "x_jVEP5xHC",
    "authorUid": "bd-547909240",
    "authorUserName": "i***明",
    "title": "bar",
    "description": "",
    "latestVersion": 1,
    "alwaysLatest": 1,
    "createTime": "2019-08-14T08:05:36.000Z",
    "lastUpdateTime": "2019-08-14T08:05:36.000Z",
    "auth": 2,
    "uid": "bd-547909240",
    "publishedVersion": 0,
    "forkFrom": "-",
    "isSpam": 0,
    "version": 1,
    "parentVersion": -1,
    "echartsVersion": "4.2.1",
    "versionCreateTime": "2019-08-14T08:05:36.000Z",
    "html": "",
    "externalScripts": "",
    "updaterUID": "bd-547909240",
    "theme": "",
    "layout": "",
    "viewCount": 89,
    "userName": "i***明",
    "commentCount": 0,
    "starCount": 0,
    "isStared": 0,
    "thumbnailURL": "https://www.makeapie.com/ecg-storage/ec_gallery_thumbnail/x_jVEP5xHC.png?v=1565769936239",
    "isCustomThumbnail": 0,
    "builtinTags": [
        "category-work",
        "dataset",
        "grid",
        "legend",
        "series-bar",
        "tooltip"
    ],
    "customTags": [],
    "updaterUserName": "i***明"
}