{
    "cid": "xbioNXdg51",
    "authorUid": "bd-4279558540",
    "authorUserName": "悟***街",
    "title": "就是记录用",
    "description": "",
    "latestVersion": 1,
    "alwaysLatest": 1,
    "createTime": "2019-08-15T08:17:46.000Z",
    "lastUpdateTime": "2019-08-15T08:17:46.000Z",
    "auth": 2,
    "uid": "bd-4279558540",
    "publishedVersion": 0,
    "forkFrom": "-",
    "isSpam": 0,
    "version": 1,
    "parentVersion": -1,
    "echartsVersion": "4.2.1",
    "versionCreateTime": "2019-08-15T08:17:46.000Z",
    "html": "",
    "externalScripts": "",
    "updaterUID": "bd-4279558540",
    "theme": "",
    "layout": "",
    "viewCount": 47,
    "userName": "悟***街",
    "commentCount": 0,
    "starCount": 0,
    "isStared": 0,
    "thumbnailURL": "https://www.makeapie.com/ecg-storage/ec_gallery_thumbnail/xbioNXdg51.png?v=1565857066600",
    "isCustomThumbnail": 0,
    "builtinTags": [
        "category-work",
        "grid",
        "legend",
        "series-bar",
        "tooltip"
    ],
    "customTags": [],
    "updaterUserName": "悟***街"
}