{
    "cid": "xEh-DarbY7",
    "authorUid": "bd-3984684844",
    "authorUserName": "X***f",
    "title": "FFFF",
    "description": "",
    "latestVersion": 1,
    "alwaysLatest": 1,
    "createTime": "2019-08-14T10:07:23.000Z",
    "lastUpdateTime": "2019-08-14T10:07:23.000Z",
    "auth": 2,
    "uid": "bd-3984684844",
    "publishedVersion": 0,
    "forkFrom": "-",
    "isSpam": 0,
    "version": 1,
    "parentVersion": -1,
    "echartsVersion": "4.2.1",
    "versionCreateTime": "2019-08-14T10:07:23.000Z",
    "html": "",
    "externalScripts": "",
    "updaterUID": "bd-3984684844",
    "theme": "",
    "layout": "",
    "viewCount": 923,
    "userName": "X***f",
    "commentCount": 0,
    "starCount": 9,
    "isStared": 0,
    "thumbnailURL": "https://www.makeapie.com/ecg-storage/ec_gallery_thumbnail/xEh-DarbY7.png?v=1565777243776",
    "isCustomThumbnail": 0,
    "builtinTags": [
        "category-work",
        "grid",
        "series-pie",
        "tooltip"
    ],
    "customTags": [],
    "updaterUserName": "X***f"
}