{
    "cid": "xG6xS4Nkpw",
    "authorUid": "bd-2341513011",
    "authorUserName": "k***雪",
    "title": "仪表盘",
    "description": "",
    "latestVersion": 1,
    "alwaysLatest": 1,
    "createTime": "2019-08-14T10:32:45.000Z",
    "lastUpdateTime": "2019-08-14T10:32:45.000Z",
    "auth": 2,
    "uid": "bd-2341513011",
    "publishedVersion": 0,
    "forkFrom": "-",
    "isSpam": 0,
    "version": 1,
    "parentVersion": -1,
    "echartsVersion": "4.2.1",
    "versionCreateTime": "2019-08-14T10:32:45.000Z",
    "html": "",
    "externalScripts": "",
    "updaterUID": "bd-2341513011",
    "theme": "",
    "layout": "",
    "viewCount": 470,
    "userName": "k***雪",
    "commentCount": 0,
    "starCount": 2,
    "isStared": 0,
    "thumbnailURL": "https://www.makeapie.com/ecg-storage/ec_gallery_thumbnail/xG6xS4Nkpw.png?v=1565778765921",
    "isCustomThumbnail": 0,
    "builtinTags": [
        "category-work",
        "series-gauge"
    ],
    "customTags": [],
    "updaterUserName": "k***雪"
}