{
    "cid": "xnceSAYt1o",
    "authorUid": "bd-3182588218",
    "authorUserName": "飞***燕",
    "title": "文字云",
    "description": "正方形文字云",
    "latestVersion": 1,
    "alwaysLatest": 1,
    "createTime": "2019-08-14T03:18:45.000Z",
    "lastUpdateTime": "2019-08-14T03:18:45.000Z",
    "auth": 2,
    "uid": "bd-3182588218",
    "publishedVersion": 0,
    "forkFrom": "-",
    "isSpam": 0,
    "version": 1,
    "parentVersion": -1,
    "echartsVersion": "4.2.1",
    "versionCreateTime": "2019-08-14T03:18:45.000Z",
    "html": "",
    "externalScripts": "https://oisanjavax.github.io/echarts-wordcloud/dist/echarts-wordcloud.min.js",
    "updaterUID": "bd-3182588218",
    "theme": "",
    "layout": "",
    "viewCount": 5456,
    "userName": "飞***燕",
    "commentCount": 5,
    "starCount": 28,
    "isStared": 0,
    "thumbnailURL": "https://www.makeapie.com/ecg-storage/ec_gallery_thumbnail/xnceSAYt1o.png?v=1565752726089",
    "isCustomThumbnail": 1,
    "builtinTags": [
        "category-work",
        "series-wordCloud",
        "title"
    ],
    "customTags": [],
    "updaterUserName": "飞***燕"
}