{
    "cid": "xrEDCIvNv1",
    "authorUid": "bd-3223785317",
    "authorUserName": "1***子",
    "title": "上海市20个场站示意地图",
    "description": "",
    "latestVersion": 10,
    "alwaysLatest": 1,
    "createTime": "2019-08-14T06:56:54.000Z",
    "lastUpdateTime": "2019-08-14T06:56:54.000Z",
    "auth": 2,
    "uid": "bd-3223785317",
    "publishedVersion": 0,
    "forkFrom": "-",
    "isSpam": 0,
    "version": 10,
    "parentVersion": 8,
    "echartsVersion": "4.2.1",
    "versionCreateTime": "2019-08-19T19:27:01.000Z",
    "html": "",
    "externalScripts": "",
    "updaterUID": "bd-3223785317",
    "theme": "",
    "layout": "",
    "viewCount": 549,
    "userName": "1***子",
    "commentCount": 0,
    "starCount": 2,
    "isStared": 0,
    "thumbnailURL": "https://www.makeapie.com/ecg-storage/ec_gallery_thumbnail/xrEDCIvNv1.png?v=1566242821196",
    "isCustomThumbnail": 0,
    "builtinTags": [
        "category-work",
        "geo",
        "legend",
        "series-effectScatter",
        "series-map",
        "title",
        "tooltip",
        "visualMap"
    ],
    "customTags": [],
    "updaterUserName": "1***子"
}