{
    "cid": "xSEUYfqP4h",
    "authorUid": "bd-340411910",
    "authorUserName": "唐***习",
    "title": "",
    "description": "",
    "latestVersion": 1,
    "alwaysLatest": 1,
    "createTime": "2019-08-15T03:08:39.000Z",
    "lastUpdateTime": "2019-08-15T03:08:39.000Z",
    "auth": 2,
    "uid": "bd-340411910",
    "publishedVersion": 0,
    "forkFrom": "-",
    "isSpam": 0,
    "version": 1,
    "parentVersion": -1,
    "echartsVersion": "4.2.1",
    "versionCreateTime": "2019-08-15T03:08:39.000Z",
    "html": "",
    "externalScripts": "",
    "updaterUID": "bd-340411910",
    "theme": "",
    "layout": "",
    "viewCount": 49,
    "userName": "唐***习",
    "commentCount": 0,
    "starCount": 2,
    "isStared": 0,
    "thumbnailURL": "https://www.makeapie.com/ecg-storage/ec_gallery_thumbnail/xSEUYfqP4h.png?v=1565838519953",
    "isCustomThumbnail": 0,
    "builtinTags": [
        "category-work",
        "grid",
        "legend",
        "series-bar",
        "series-line",
        "tooltip"
    ],
    "customTags": [],
    "updaterUserName": "唐***习"
}