{
    "cid": "xTGF81CkiC",
    "authorUid": "bd-3182588218",
    "authorUserName": "飞***燕",
    "title": "备选 柱状图表",
    "description": "",
    "latestVersion": 1,
    "alwaysLatest": 1,
    "createTime": "2019-08-15T06:04:18.000Z",
    "lastUpdateTime": "2019-08-15T06:04:18.000Z",
    "auth": 2,
    "uid": "bd-3182588218",
    "publishedVersion": 0,
    "forkFrom": "-",
    "isSpam": 0,
    "version": 1,
    "parentVersion": -1,
    "echartsVersion": "4.2.1",
    "versionCreateTime": "2019-08-15T06:04:18.000Z",
    "html": "",
    "externalScripts": "",
    "updaterUID": "bd-3182588218",
    "theme": "",
    "layout": "",
    "viewCount": 2967,
    "userName": "飞***燕",
    "commentCount": 0,
    "starCount": 18,
    "isStared": 0,
    "thumbnailURL": "https://www.makeapie.com/ecg-storage/ec_gallery_thumbnail/xTGF81CkiC.png?v=1565849058191",
    "isCustomThumbnail": 0,
    "builtinTags": [
        "category-work",
        "grid",
        "legend",
        "series-bar",
        "series-line",
        "series-pictorialBar"
    ],
    "customTags": [],
    "updaterUserName": "飞***燕"
}