{
    "cid": "xuixEfznXm",
    "authorUid": "bd-1883350410",
    "authorUserName": "M***i",
    "title": "重庆市各区县工业企业分布情况",
    "description": "shujulaiyuanp重庆市统计局",
    "latestVersion": 1,
    "alwaysLatest": 1,
    "createTime": "2019-08-14T09:02:44.000Z",
    "lastUpdateTime": "2019-08-14T09:02:44.000Z",
    "auth": 2,
    "uid": "bd-1883350410",
    "publishedVersion": 0,
    "forkFrom": "-",
    "isSpam": 0,
    "version": 1,
    "parentVersion": -1,
    "echartsVersion": "4.2.1",
    "versionCreateTime": "2019-08-14T09:02:44.000Z",
    "html": "",
    "externalScripts": "",
    "updaterUID": "bd-1883350410",
    "theme": "",
    "layout": "",
    "viewCount": 179,
    "userName": "M***i",
    "commentCount": 0,
    "starCount": 0,
    "isStared": 0,
    "thumbnailURL": "https://www.makeapie.com/ecg-storage/ec_gallery_thumbnail/xuixEfznXm.png?v=1565773364954",
    "isCustomThumbnail": 1,
    "builtinTags": [
        "category-work",
        "series-map",
        "title",
        "toolbox",
        "tooltip",
        "visualMap"
    ],
    "customTags": [],
    "updaterUserName": "M***i"
}