{
    "cid": "xwtfLN6keP",
    "authorUid": "bd-1325586035",
    "authorUserName": "金***牛",
    "title": "双Y轴",
    "description": "",
    "latestVersion": 1,
    "alwaysLatest": 1,
    "createTime": "2019-08-14T14:13:09.000Z",
    "lastUpdateTime": "2019-08-14T14:13:09.000Z",
    "auth": 2,
    "uid": "bd-1325586035",
    "publishedVersion": 0,
    "forkFrom": "-",
    "isSpam": 0,
    "version": 1,
    "parentVersion": -1,
    "echartsVersion": "4.2.1",
    "versionCreateTime": "2019-08-14T14:13:09.000Z",
    "html": "",
    "externalScripts": "",
    "updaterUID": "bd-1325586035",
    "theme": "",
    "layout": "",
    "viewCount": 65,
    "userName": "金***牛",
    "commentCount": 0,
    "starCount": 0,
    "isStared": 0,
    "thumbnailURL": "https://www.makeapie.com/ecg-storage/ec_gallery_thumbnail/xwtfLN6keP.png?v=1565791989532",
    "isCustomThumbnail": 0,
    "builtinTags": [
        "category-work",
        "grid",
        "series-line"
    ],
    "customTags": [],
    "updaterUserName": "金***牛"
}