{
    "cid": "xXL0yEybJq",
    "authorUid": "bd-338930378",
    "authorUserName": "s***筝",
    "title": "迁徙-模仿",
    "description": "",
    "latestVersion": 1,
    "alwaysLatest": 1,
    "createTime": "2019-08-14T08:36:09.000Z",
    "lastUpdateTime": "2019-08-14T08:36:09.000Z",
    "auth": 2,
    "uid": "bd-338930378",
    "publishedVersion": 0,
    "forkFrom": "-",
    "isSpam": 0,
    "version": 1,
    "parentVersion": -1,
    "echartsVersion": "4.2.1",
    "versionCreateTime": "2019-08-14T08:36:09.000Z",
    "html": "",
    "externalScripts": "http://code.jquery.com/jquery-1.12.1.min.js,/dep/echarts/map/js/china.js",
    "updaterUID": "bd-338930378",
    "theme": "",
    "layout": "",
    "viewCount": 2450,
    "userName": "s***筝",
    "commentCount": 0,
    "starCount": 10,
    "isStared": 0,
    "thumbnailURL": "https://www.makeapie.com/ecg-storage/ec_gallery_thumbnail/xXL0yEybJq.png?v=1565771769652",
    "isCustomThumbnail": 0,
    "builtinTags": [
        "category-work",
        "geo",
        "series-effectScatter",
        "series-lines",
        "series-scatter",
        "tooltip",
        "visualMap"
    ],
    "customTags": [],
    "updaterUserName": "s***筝"
}