{
    "cid": "x5s3m9FGTG",
    "authorUid": "obd-o-HS0ZTEBpotGpv-NJsAwpsi1oLQiAQ",
    "authorUserName": "s***1",
    "title": "交易关系图",
    "description": "多色+自定义起点到终点线色",
    "latestVersion": 5,
    "alwaysLatest": 1,
    "createTime": "2020-10-27T03:33:34.000Z",
    "lastUpdateTime": "2020-11-17T03:07:02.000Z",
    "auth": 1,
    "uid": "obd-o-HS0ZTEBpotGpv-NJsAwpsi1oLQiAQ",
    "publishedVersion": 0,
    "forkFrom": "-",
    "isSpam": 0,
    "version": 5,
    "parentVersion": 4,
    "echartsVersion": "4.8.0",
    "versionCreateTime": "2020-10-27T06:53:31.000Z",
    "html": "",
    "externalScripts": "",
    "updaterUID": "obd-o-HS0ZTEBpotGpv-NJsAwpsi1oLQiAQ",
    "theme": "dark",
    "layout": "",
    "viewCount": 196,
    "userName": "s***1",
    "commentCount": 0,
    "starCount": 4,
    "isStared": 0,
    "thumbnailURL": "https://www.makeapie.com/ecg-storage/ec_gallery_thumbnail/x5s3m9FGTG.png?v=1603781611572",
    "isCustomThumbnail": 0,
    "builtinTags": [],
    "customTags": [],
    "updaterUserName": "s***1"
}