{
    "cid": "x6v12RKSQe",
    "authorUid": "obd-ojCzFFdfUVKErdRedPqOCZGoLwvyBEy",
    "authorUserName": "2***5",
    "title": "Awesome Chart",
    "description": "f'd'd'z",
    "latestVersion": 1,
    "alwaysLatest": 1,
    "createTime": "2020-10-26T07:49:40.000Z",
    "lastUpdateTime": "2020-10-26T07:49:40.000Z",
    "auth": 2,
    "uid": "obd-ojCzFFdfUVKErdRedPqOCZGoLwvyBEy",
    "publishedVersion": 0,
    "forkFrom": "-",
    "isSpam": 0,
    "version": 1,
    "parentVersion": -1,
    "echartsVersion": "4.8.0",
    "versionCreateTime": "2020-10-26T07:49:40.000Z",
    "html": "",
    "externalScripts": "",
    "updaterUID": "obd-ojCzFFdfUVKErdRedPqOCZGoLwvyBEy",
    "theme": "",
    "layout": "",
    "viewCount": 17,
    "userName": "2***5",
    "commentCount": 0,
    "starCount": 0,
    "isStared": 0,
    "thumbnailURL": "https://www.makeapie.com/ecg-storage/ec_gallery_thumbnail/x6v12RKSQe.png?v=1603698580916",
    "isCustomThumbnail": 0,
    "builtinTags": [
        "category-work",
        "grid",
        "series-line",
        "title"
    ],
    "customTags": [],
    "updaterUserName": "2***5"
}