{
    "cid": "xa-f-aLlNA",
    "authorUid": "obd-oA01p57XPRzJapYgDc37UZwbFm4c778",
    "authorUserName": "f***n",
    "title": "风向风速玫瑰图",
    "description": "",
    "latestVersion": 1,
    "alwaysLatest": 1,
    "createTime": "2020-10-26T06:11:18.000Z",
    "lastUpdateTime": "2020-10-26T06:11:18.000Z",
    "auth": 2,
    "uid": "obd-oA01p57XPRzJapYgDc37UZwbFm4c778",
    "publishedVersion": 0,
    "forkFrom": "-",
    "isSpam": 0,
    "version": 1,
    "parentVersion": -1,
    "echartsVersion": "4.8.0",
    "versionCreateTime": "2020-10-26T06:11:18.000Z",
    "html": "",
    "externalScripts": "",
    "updaterUID": "obd-oA01p57XPRzJapYgDc37UZwbFm4c778",
    "theme": "",
    "layout": "",
    "viewCount": 192,
    "userName": "f***n",
    "commentCount": 0,
    "starCount": 3,
    "isStared": 0,
    "thumbnailURL": "https://www.makeapie.com/ecg-storage/ec_gallery_thumbnail/xa-f-aLlNA.png?v=1603692678374",
    "isCustomThumbnail": 0,
    "builtinTags": [
        "category-work",
        "legend",
        "polar",
        "series-bar",
        "tooltip"
    ],
    "customTags": [],
    "updaterUserName": "f***n"
}