{
    "cid": "xBGkbLiKwp",
    "authorUid": "bd-340991255",
    "authorUserName": "困***里",
    "title": "双柱状图",
    "description": "",
    "latestVersion": 1,
    "alwaysLatest": 1,
    "createTime": "2020-10-27T01:51:50.000Z",
    "lastUpdateTime": "2020-10-27T01:51:50.000Z",
    "auth": 2,
    "uid": "bd-340991255",
    "publishedVersion": 0,
    "forkFrom": "-",
    "isSpam": 0,
    "version": 1,
    "parentVersion": -1,
    "echartsVersion": "4.8.0",
    "versionCreateTime": "2020-10-27T01:51:50.000Z",
    "html": "",
    "externalScripts": "",
    "updaterUID": "bd-340991255",
    "theme": "",
    "layout": "",
    "viewCount": 51,
    "userName": "困***里",
    "commentCount": 0,
    "starCount": 0,
    "isStared": 0,
    "thumbnailURL": "https://www.makeapie.com/ecg-storage/ec_gallery_thumbnail/xBGkbLiKwp.png?v=1603763510187",
    "isCustomThumbnail": 0,
    "builtinTags": [
        "category-work",
        "grid",
        "legend",
        "series-bar"
    ],
    "customTags": [],
    "updaterUserName": "困***里"
}