{
    "cid": "xfagLZx26c",
    "authorUid": "bd-340991255",
    "authorUserName": "困***里",
    "title": "折线图",
    "description": "",
    "latestVersion": 1,
    "alwaysLatest": 1,
    "createTime": "2020-10-27T03:38:26.000Z",
    "lastUpdateTime": "2020-10-27T03:38:26.000Z",
    "auth": 2,
    "uid": "bd-340991255",
    "publishedVersion": 0,
    "forkFrom": "-",
    "isSpam": 0,
    "version": 1,
    "parentVersion": -1,
    "echartsVersion": "4.8.0",
    "versionCreateTime": "2020-10-27T03:38:26.000Z",
    "html": "",
    "externalScripts": "",
    "updaterUID": "bd-340991255",
    "theme": "",
    "layout": "",
    "viewCount": 99,
    "userName": "困***里",
    "commentCount": 0,
    "starCount": 2,
    "isStared": 0,
    "thumbnailURL": "https://www.makeapie.com/ecg-storage/ec_gallery_thumbnail/xfagLZx26c.png?v=1603769906369",
    "isCustomThumbnail": 0,
    "builtinTags": [
        "category-work",
        "grid",
        "legend",
        "series-line"
    ],
    "customTags": [],
    "updaterUserName": "困***里"
}