{
    "cid": "xJ6eWxZxZZ",
    "authorUid": "obd-oj3mNtnI4ulpncIz27PDkfEXlWD1bDq",
    "authorUserName": "r***n",
    "title": "柱状图示例",
    "description": "柱状图设置颜色，宽度，间距，间隔线样式，设置图例的位置，颜色等",
    "latestVersion": 1,
    "alwaysLatest": 1,
    "createTime": "2020-10-27T06:19:34.000Z",
    "lastUpdateTime": "2020-10-27T06:19:34.000Z",
    "auth": 2,
    "uid": "obd-oj3mNtnI4ulpncIz27PDkfEXlWD1bDq",
    "publishedVersion": 0,
    "forkFrom": "-",
    "isSpam": 0,
    "version": 1,
    "parentVersion": -1,
    "echartsVersion": "4.8.0",
    "versionCreateTime": "2020-10-27T06:19:34.000Z",
    "html": "",
    "externalScripts": "",
    "updaterUID": "obd-oj3mNtnI4ulpncIz27PDkfEXlWD1bDq",
    "theme": "default",
    "layout": "",
    "viewCount": 157,
    "userName": "r***n",
    "commentCount": 0,
    "starCount": 2,
    "isStared": 0,
    "thumbnailURL": "https://www.makeapie.com/ecg-storage/ec_gallery_thumbnail/xJ6eWxZxZZ.png?v=1603779574688",
    "isCustomThumbnail": 0,
    "builtinTags": [
        "category-work",
        "grid",
        "legend",
        "series-bar",
        "title",
        "tooltip"
    ],
    "customTags": [
        "柱状图"
    ],
    "updaterUserName": "r***n"
}