{
    "cid": "xK7uB1Snz2",
    "authorUid": "obd-o2LTBBVH-_wnf3bp-4xqHedZzh9Ah6j",
    "authorUserName": "l***n",
    "title": "双折线图",
    "description": "",
    "latestVersion": 2,
    "alwaysLatest": 1,
    "createTime": "2020-10-27T07:36:57.000Z",
    "lastUpdateTime": "2020-10-27T07:36:57.000Z",
    "auth": 2,
    "uid": "obd-o2LTBBVH-_wnf3bp-4xqHedZzh9Ah6j",
    "publishedVersion": 0,
    "forkFrom": "-",
    "isSpam": 0,
    "version": 2,
    "parentVersion": 1,
    "echartsVersion": "4.8.0",
    "versionCreateTime": "2020-10-27T10:49:58.000Z",
    "html": "",
    "externalScripts": "",
    "updaterUID": "obd-o2LTBBVH-_wnf3bp-4xqHedZzh9Ah6j",
    "theme": "",
    "layout": "",
    "viewCount": 22,
    "userName": "l***n",
    "commentCount": 0,
    "starCount": 0,
    "isStared": 0,
    "thumbnailURL": "https://www.makeapie.com/ecg-storage/ec_gallery_thumbnail/xK7uB1Snz2.png?v=1603795798325",
    "isCustomThumbnail": 0,
    "builtinTags": [
        "category-work",
        "grid",
        "series-line",
        "tooltip"
    ],
    "customTags": [],
    "updaterUserName": "l***n"
}