{
    "cid": "xkyuzpu8UM",
    "authorUid": "bd-340991255",
    "authorUserName": "困***里",
    "title": "环形 枚型",
    "description": "",
    "latestVersion": 1,
    "alwaysLatest": 1,
    "createTime": "2020-10-26T09:05:04.000Z",
    "lastUpdateTime": "2020-10-26T09:05:04.000Z",
    "auth": 2,
    "uid": "bd-340991255",
    "publishedVersion": 0,
    "forkFrom": "-",
    "isSpam": 0,
    "version": 1,
    "parentVersion": -1,
    "echartsVersion": "4.8.0",
    "versionCreateTime": "2020-10-26T09:05:04.000Z",
    "html": "",
    "externalScripts": "",
    "updaterUID": "bd-340991255",
    "theme": "",
    "layout": "",
    "viewCount": 52,
    "userName": "困***里",
    "commentCount": 0,
    "starCount": 0,
    "isStared": 0,
    "thumbnailURL": "https://www.makeapie.com/ecg-storage/ec_gallery_thumbnail/xkyuzpu8UM.png?v=1603703104189",
    "isCustomThumbnail": 0,
    "builtinTags": [
        "category-work",
        "series-pie"
    ],
    "customTags": [],
    "updaterUserName": "困***里"
}