{
    "cid": "xmU1tweHqR",
    "authorUid": "obd-oEwgamOhRLOuIwOtvmGm6PLs1C3ys4w",
    "authorUserName": "1***了",
    "title": "双Y轴折线图+柱状图",
    "description": "近七天告警数量及确认时长",
    "latestVersion": 2,
    "alwaysLatest": 1,
    "createTime": "2020-10-26T09:25:06.000Z",
    "lastUpdateTime": "2020-10-26T09:25:06.000Z",
    "auth": 1,
    "uid": "obd-oEwgamOhRLOuIwOtvmGm6PLs1C3ys4w",
    "publishedVersion": 0,
    "forkFrom": "-",
    "isSpam": 0,
    "version": 2,
    "parentVersion": 1,
    "echartsVersion": "4.9.0",
    "versionCreateTime": "2021-05-12T06:32:03.000Z",
    "html": "",
    "externalScripts": "",
    "updaterUID": "bd-4286708132",
    "theme": "",
    "layout": "",
    "viewCount": 717,
    "userName": "1***了",
    "commentCount": 0,
    "starCount": 6,
    "isStared": 0,
    "thumbnailURL": "https://www.makeapie.com/ecg-storage/ec_gallery_thumbnail/xmU1tweHqR.png?v=1620801123921",
    "isCustomThumbnail": 0,
    "builtinTags": [
        "category-work",
        "grid",
        "legend",
        "series-bar",
        "series-line",
        "tooltip"
    ],
    "customTags": [],
    "updaterUserName": "L***h"
}