{
    "cid": "xO0NfTb3J3",
    "authorUid": "bd-3626886291",
    "authorUserName": "l***u",
    "title": "雷达自动播放",
    "description": "",
    "latestVersion": 1,
    "alwaysLatest": 1,
    "createTime": "2020-10-27T06:36:38.000Z",
    "lastUpdateTime": "2020-10-27T06:36:38.000Z",
    "auth": 2,
    "uid": "bd-3626886291",
    "publishedVersion": 0,
    "forkFrom": "-",
    "isSpam": 0,
    "version": 1,
    "parentVersion": -1,
    "echartsVersion": "4.8.0",
    "versionCreateTime": "2020-10-27T06:36:38.000Z",
    "html": "",
    "externalScripts": "",
    "updaterUID": "bd-3626886291",
    "theme": "",
    "layout": "",
    "viewCount": 683,
    "userName": "l***u",
    "commentCount": 0,
    "starCount": 7,
    "isStared": 0,
    "thumbnailURL": "https://www.makeapie.com/ecg-storage/ec_gallery_thumbnail/xO0NfTb3J3.png?v=1603780598699",
    "isCustomThumbnail": 0,
    "builtinTags": [
        "category-work",
        "legend",
        "radar",
        "series-radar",
        "timeline",
        "title"
    ],
    "customTags": [],
    "updaterUserName": "l***u"
}