{
    "cid": "xP8IW241HY",
    "authorUid": "bd-336760053",
    "authorUserName": "w***g",
    "title": "在线构建",
    "description": "总计 10887",
    "latestVersion": 1,
    "alwaysLatest": 1,
    "createTime": "2020-10-26T08:48:42.000Z",
    "lastUpdateTime": "2020-10-26T08:48:42.000Z",
    "auth": 2,
    "uid": "bd-336760053",
    "publishedVersion": 0,
    "forkFrom": "-",
    "isSpam": 0,
    "version": 1,
    "parentVersion": -1,
    "echartsVersion": "4.8.0",
    "versionCreateTime": "2020-10-26T08:48:42.000Z",
    "html": "",
    "externalScripts": "",
    "updaterUID": "bd-336760053",
    "theme": "",
    "layout": "",
    "viewCount": 109,
    "userName": "w***g",
    "commentCount": 0,
    "starCount": 1,
    "isStared": 0,
    "thumbnailURL": "https://www.makeapie.com/ecg-storage/ec_gallery_thumbnail/xP8IW241HY.png?v=1603702122432",
    "isCustomThumbnail": 0,
    "builtinTags": [
        "category-work",
        "grid",
        "series-bar",
        "series-pie",
        "title",
        "tooltip"
    ],
    "customTags": [],
    "updaterUserName": "w***g"
}