{
    "cid": "xS-CngnhBm",
    "authorUid": "obd-o2pLFbsgpOsmKddigccXbTX7T_Can6e",
    "authorUserName": "l***y",
    "title": "饼图-基本版",
    "description": "图例；实心",
    "latestVersion": 4,
    "alwaysLatest": 1,
    "createTime": "2020-10-27T09:17:11.000Z",
    "lastUpdateTime": "2020-10-27T09:17:11.000Z",
    "auth": 2,
    "uid": "obd-o2pLFbsgpOsmKddigccXbTX7T_Can6e",
    "publishedVersion": 0,
    "forkFrom": "-",
    "isSpam": 0,
    "version": 4,
    "parentVersion": 3,
    "echartsVersion": "4.8.0",
    "versionCreateTime": "2020-10-28T07:44:53.000Z",
    "html": "",
    "externalScripts": "",
    "updaterUID": "obd-o2pLFbsgpOsmKddigccXbTX7T_Can6e",
    "theme": "",
    "layout": "",
    "viewCount": 76,
    "userName": "l***y",
    "commentCount": 0,
    "starCount": 0,
    "isStared": 0,
    "thumbnailURL": "https://www.makeapie.com/ecg-storage/ec_gallery_thumbnail/xS-CngnhBm.png?v=1603871093665",
    "isCustomThumbnail": 0,
    "builtinTags": [
        "category-work",
        "legend",
        "series-pie",
        "tooltip"
    ],
    "customTags": [],
    "updaterUserName": "l***y"
}