{
    "cid": "xXsRJ4kO5y",
    "authorUid": "obd-o-HS0ZTEBpotGpv-NJsAwpsi1oLQiAQ",
    "authorUserName": "s***1",
    "title": "地图：散点（气泡）图",
    "description": "第一版：散点+气泡",
    "latestVersion": 1,
    "alwaysLatest": 1,
    "createTime": "2020-10-27T10:51:40.000Z",
    "lastUpdateTime": "2020-10-27T10:51:40.000Z",
    "auth": 1,
    "uid": "obd-o-HS0ZTEBpotGpv-NJsAwpsi1oLQiAQ",
    "publishedVersion": 0,
    "forkFrom": "-",
    "isSpam": 0,
    "version": 1,
    "parentVersion": -1,
    "echartsVersion": "4.8.0",
    "versionCreateTime": "2020-10-27T10:51:40.000Z",
    "html": "",
    "externalScripts": "/dep/echarts/map/js/china.js",
    "updaterUID": "obd-o-HS0ZTEBpotGpv-NJsAwpsi1oLQiAQ",
    "theme": "",
    "layout": "",
    "viewCount": 2374,
    "userName": "s***1",
    "commentCount": 0,
    "starCount": 3,
    "isStared": 0,
    "thumbnailURL": "https://www.makeapie.com/ecg-storage/ec_gallery_thumbnail/xXsRJ4kO5y.png?v=1603795900756",
    "isCustomThumbnail": 0,
    "builtinTags": [
        "category-work",
        "geo",
        "legend",
        "series-map",
        "series-scatter",
        "tooltip"
    ],
    "customTags": [],
    "updaterUserName": "s***1"
}