{
    "cid": "xBJo2ym5hM",
    "authorUid": "bd-1803895219",
    "authorUserName": "扛扛kk",
    "title": "全校2017级新生男女比例饼状图",
    "description": "",
    "latestVersion": 1,
    "alwaysLatest": 1,
    "createTime": "2018-04-22T14:44:03.000Z",
    "lastUpdateTime": "2018-04-22T14:44:03.000Z",
    "auth": 2,
    "uid": "bd-1803895219",
    "publishedVersion": 0,
    "forkFrom": "-",
    "isSpam": 0,
    "version": 1,
    "parentVersion": -1,
    "echartsVersion": "4.0.4",
    "versionCreateTime": "2018-04-22T14:44:03.000Z",
    "html": "",
    "externalScripts": "",
    "updaterUID": "bd-1803895219",
    "theme": "",
    "layout": "",
    "viewCount": 207,
    "userName": "扛扛kk",
    "commentCount": 0,
    "starCount": 0,
    "isStared": 0,
    "thumbnailURL": "https://www.makeapie.com/ecg-storage/ec_gallery_thumbnail/xBJo2ym5hM.png?v=1524408243830",
    "isCustomThumbnail": 0,
    "builtinTags": [
        "category-work",
        "series-pie",
        "title",
        "tooltip"
    ],
    "customTags": [],
    "updaterUserName": "扛扛kk"
}