{
    "cid": "xH1Yvah92z",
    "authorUid": "bd-170272639",
    "authorUserName": "梦落花碎",
    "title": "全国门店分布",
    "description": "（单位/店）",
    "latestVersion": 5,
    "alwaysLatest": 1,
    "createTime": "2018-04-23T01:56:49.000Z",
    "lastUpdateTime": "2018-04-23T01:56:49.000Z",
    "auth": 1,
    "uid": "bd-170272639",
    "publishedVersion": 0,
    "forkFrom": "-",
    "isSpam": 0,
    "version": 5,
    "parentVersion": 4,
    "echartsVersion": "4.4.0",
    "versionCreateTime": "2020-03-20T09:38:18.000Z",
    "html": "",
    "externalScripts": "/dep/echarts/map/js/china.js",
    "updaterUID": "bd-1430627608",
    "theme": "",
    "layout": "",
    "viewCount": 6131,
    "userName": "梦落花碎",
    "commentCount": 0,
    "starCount": 11,
    "isStared": 0,
    "thumbnailURL": "https://www.makeapie.com/ecg-storage/ec_gallery_thumbnail/xH1Yvah92z.png?v=1584697099212",
    "isCustomThumbnail": 0,
    "builtinTags": [
        "category-work",
        "geo",
        "legend",
        "series-effectScatter",
        "series-scatter"
    ],
    "customTags": [],
    "updaterUserName": "y***3"
}