{
    "cid": "xHyurdNcnz",
    "authorUid": "bd-3920344716",
    "authorUserName": "liyu201712",
    "title": "北京市",
    "description": "",
    "latestVersion": 1,
    "alwaysLatest": 1,
    "createTime": "2018-04-22T16:28:48.000Z",
    "lastUpdateTime": "2018-04-22T16:28:48.000Z",
    "auth": 2,
    "uid": "bd-3920344716",
    "publishedVersion": 0,
    "forkFrom": "-",
    "isSpam": 0,
    "version": 1,
    "parentVersion": -1,
    "echartsVersion": "4.0.4",
    "versionCreateTime": "2018-04-22T16:28:48.000Z",
    "html": "",
    "externalScripts": "",
    "updaterUID": "bd-3920344716",
    "theme": "",
    "layout": "",
    "viewCount": 475,
    "userName": "liyu201712",
    "commentCount": 2,
    "starCount": 2,
    "isStared": 0,
    "thumbnailURL": "https://www.makeapie.com/ecg-storage/ec_gallery_thumbnail/xHyurdNcnz.png?v=1524414528494",
    "isCustomThumbnail": 0,
    "builtinTags": [
        "category-work",
        "geo",
        "graphic",
        "series-effectScatter"
    ],
    "customTags": [],
    "updaterUserName": "liyu201712"
}