{
    "cid": "xr1DpkJ03G",
    "authorUid": "bd-1515649092",
    "authorUserName": "可***字",
    "title": "甘特图测试",
    "description": "甘特图",
    "latestVersion": 4,
    "alwaysLatest": 1,
    "createTime": "2018-04-25T11:00:14.000Z",
    "lastUpdateTime": "2018-04-25T11:00:14.000Z",
    "auth": 2,
    "uid": "bd-1515649092",
    "publishedVersion": 0,
    "forkFrom": "-",
    "isSpam": 0,
    "version": 4,
    "parentVersion": 3,
    "echartsVersion": "4.0.4",
    "versionCreateTime": "2018-04-27T08:32:37.000Z",
    "html": "",
    "externalScripts": "",
    "updaterUID": "bd-1515649092",
    "theme": "",
    "layout": "",
    "viewCount": 1252,
    "userName": "可***字",
    "commentCount": 0,
    "starCount": 6,
    "isStared": 0,
    "thumbnailURL": "https://www.makeapie.com/ecg-storage/ec_gallery_thumbnail/xr1DpkJ03G.png?v=1524817957697",
    "isCustomThumbnail": 0,
    "builtinTags": [
        "category-work",
        "grid",
        "series-bar",
        "series-scatter",
        "title"
    ],
    "customTags": [],
    "updaterUserName": "可***字"
}