{
    "cid": "xrJargWq2G",
    "authorUid": "bd-2695027667",
    "authorUserName": "188******41",
    "title": "星座1",
    "description": "",
    "latestVersion": 3,
    "alwaysLatest": 1,
    "createTime": "2018-04-22T12:29:57.000Z",
    "lastUpdateTime": "2018-04-22T12:29:57.000Z",
    "auth": 2,
    "uid": "bd-2695027667",
    "publishedVersion": 0,
    "forkFrom": "-",
    "isSpam": 0,
    "version": 3,
    "parentVersion": 2,
    "echartsVersion": "4.0.4",
    "versionCreateTime": "2018-04-22T13:00:49.000Z",
    "html": "",
    "externalScripts": "",
    "updaterUID": "bd-2695027667",
    "theme": "",
    "layout": "",
    "viewCount": 105,
    "userName": "188******41",
    "commentCount": 0,
    "starCount": 0,
    "isStared": 0,
    "thumbnailURL": "https://www.makeapie.com/ecg-storage/ec_gallery_thumbnail/xrJargWq2G.png?v=1524402049477",
    "isCustomThumbnail": 0,
    "builtinTags": [
        "category-work",
        "legend",
        "series-pie",
        "tooltip"
    ],
    "customTags": [],
    "updaterUserName": "188******41"
}