{
    "cid": "xrJDsEGi2G",
    "authorUid": "bd-160485860",
    "authorUserName": "咋***名",
    "title": "员工上班时间分布图",
    "description": "",
    "latestVersion": 3,
    "alwaysLatest": 1,
    "createTime": "2018-04-23T08:09:03.000Z",
    "lastUpdateTime": "2018-04-23T08:09:03.000Z",
    "auth": 2,
    "uid": "bd-160485860",
    "publishedVersion": 0,
    "forkFrom": "-",
    "isSpam": 0,
    "version": 3,
    "parentVersion": 2,
    "echartsVersion": "4.0.4",
    "versionCreateTime": "2018-04-24T01:56:37.000Z",
    "html": "",
    "externalScripts": "",
    "updaterUID": "bd-160485860",
    "theme": "",
    "layout": "",
    "viewCount": 466,
    "userName": "咋***名",
    "commentCount": 0,
    "starCount": 0,
    "isStared": 0,
    "thumbnailURL": "https://www.makeapie.com/ecg-storage/ec_gallery_thumbnail/xrJDsEGi2G.png?v=1524534997317",
    "isCustomThumbnail": 0,
    "builtinTags": [
        "category-work",
        "dataZoom",
        "polar",
        "series-scatter",
        "title",
        "toolbox",
        "tooltip"
    ],
    "customTags": [],
    "updaterUserName": "咋***名"
}