{
    "cid": "xrJe_Bj6hG",
    "authorUid": "bd-53393375",
    "authorUserName": "雲sky1",
    "title": "广东省地图",
    "description": "",
    "latestVersion": 2,
    "alwaysLatest": 1,
    "createTime": "2018-04-25T06:51:20.000Z",
    "lastUpdateTime": "2018-04-25T06:51:20.000Z",
    "auth": 2,
    "uid": "bd-53393375",
    "publishedVersion": 0,
    "forkFrom": "-",
    "isSpam": 0,
    "version": 2,
    "parentVersion": 1,
    "echartsVersion": "4.0.4",
    "versionCreateTime": "2018-04-25T06:57:41.000Z",
    "html": "",
    "externalScripts": "",
    "updaterUID": "bd-53393375",
    "theme": "",
    "layout": "",
    "viewCount": 4166,
    "userName": "雲sky1",
    "commentCount": 1,
    "starCount": 12,
    "isStared": 0,
    "thumbnailURL": "https://www.makeapie.com/ecg-storage/ec_gallery_thumbnail/xrJe_Bj6hG.png?v=1524639461318",
    "isCustomThumbnail": 0,
    "builtinTags": [
        "category-work",
        "geo",
        "graphic",
        "series-effectScatter"
    ],
    "customTags": [],
    "updaterUserName": "雲sky1"
}