{
    "cid": "xry6Nhv3hz",
    "authorUid": "bd-3796128407",
    "authorUserName": "王***响",
    "title": "事件河流图",
    "description": "",
    "latestVersion": 2,
    "alwaysLatest": 1,
    "createTime": "2018-04-24T08:35:00.000Z",
    "lastUpdateTime": "2018-04-24T08:35:00.000Z",
    "auth": 2,
    "uid": "bd-3796128407",
    "publishedVersion": 0,
    "forkFrom": "-",
    "isSpam": 0,
    "version": 2,
    "parentVersion": 1,
    "echartsVersion": "4.0.4",
    "versionCreateTime": "2018-04-24T09:11:32.000Z",
    "html": "",
    "externalScripts": "",
    "updaterUID": "bd-3796128407",
    "theme": "default",
    "layout": "",
    "viewCount": 351,
    "userName": "王***响",
    "commentCount": 0,
    "starCount": 4,
    "isStared": 0,
    "thumbnailURL": "https://www.makeapie.com/ecg-storage/ec_gallery_thumbnail/xry6Nhv3hz.png?v=1524558901034",
    "isCustomThumbnail": 1,
    "builtinTags": [
        "category-work",
        "legend",
        "series-themeRiver",
        "singleAxis",
        "tooltip"
    ],
    "customTags": [],
    "updaterUserName": "王***响"
}