{
    "cid": "xS1eLY2pnG",
    "authorUid": "bd-2434570465",
    "authorUserName": "小爷路过这",
    "title": "双饼图叠加",
    "description": "",
    "latestVersion": 1,
    "alwaysLatest": 1,
    "createTime": "2018-04-25T08:16:07.000Z",
    "lastUpdateTime": "2018-04-25T08:16:07.000Z",
    "auth": 2,
    "uid": "bd-2434570465",
    "publishedVersion": 0,
    "forkFrom": "-",
    "isSpam": 0,
    "version": 1,
    "parentVersion": -1,
    "echartsVersion": "4.0.4",
    "versionCreateTime": "2018-04-25T08:16:07.000Z",
    "html": "",
    "externalScripts": "",
    "updaterUID": "bd-2434570465",
    "theme": "",
    "layout": "",
    "viewCount": 599,
    "userName": "小爷路过这",
    "commentCount": 0,
    "starCount": 1,
    "isStared": 0,
    "thumbnailURL": "https://www.makeapie.com/ecg-storage/ec_gallery_thumbnail/xS1eLY2pnG.png?v=1524644167802",
    "isCustomThumbnail": 0,
    "builtinTags": [
        "category-work",
        "series-pie",
        "tooltip"
    ],
    "customTags": [],
    "updaterUserName": "小爷路过这"
}