{
    "cid": "xS1Edb0qnz",
    "authorUid": "bd-2483681998",
    "authorUserName": "h***t",
    "title": "echarts 4.04  geo 为 world , nameMap 映射中文",
    "description": "",
    "latestVersion": 2,
    "alwaysLatest": 1,
    "createTime": "2018-04-23T03:22:20.000Z",
    "lastUpdateTime": "2018-04-23T03:22:20.000Z",
    "auth": 2,
    "uid": "bd-2483681998",
    "publishedVersion": 0,
    "forkFrom": "-",
    "isSpam": 0,
    "version": 2,
    "parentVersion": 1,
    "echartsVersion": "4.0.4",
    "versionCreateTime": "2018-04-23T03:29:49.000Z",
    "html": "",
    "externalScripts": "/dep/echarts/map/js/world.js",
    "updaterUID": "bd-2483681998",
    "theme": "",
    "layout": "",
    "viewCount": 1526,
    "userName": "h***t",
    "commentCount": 0,
    "starCount": 5,
    "isStared": 0,
    "thumbnailURL": "https://www.makeapie.com/ecg-storage/ec_gallery_thumbnail/xS1Edb0qnz.png?v=1524454189586",
    "isCustomThumbnail": 0,
    "builtinTags": [
        "category-work",
        "geo",
        "series-map",
        "series-scatter",
        "visualMap"
    ],
    "customTags": [],
    "updaterUserName": "h***t"
}