{
    "cid": "xS1UmZjd2f",
    "authorUid": "bd-1485068260",
    "authorUserName": "158******98",
    "title": "可缩放图表",
    "description": "Feature Sample: Gradient Color, Shadow, Click Zoom",
    "latestVersion": 2,
    "alwaysLatest": 1,
    "createTime": "2018-04-21T11:31:42.000Z",
    "lastUpdateTime": "2018-04-21T11:31:42.000Z",
    "auth": 2,
    "uid": "bd-1485068260",
    "publishedVersion": 0,
    "forkFrom": "-",
    "isSpam": 0,
    "version": 2,
    "parentVersion": 1,
    "echartsVersion": "4.0.4",
    "versionCreateTime": "2018-04-21T11:43:43.000Z",
    "html": "",
    "externalScripts": "",
    "updaterUID": "bd-1485068260",
    "theme": "",
    "layout": "",
    "viewCount": 97,
    "userName": "158******98",
    "commentCount": 0,
    "starCount": 0,
    "isStared": 0,
    "thumbnailURL": "https://www.makeapie.com/ecg-storage/ec_gallery_thumbnail/xS1UmZjd2f.png?v=1524311023743",
    "isCustomThumbnail": 0,
    "builtinTags": [
        "category-work",
        "dataZoom",
        "grid",
        "series-bar",
        "title",
        "toolbox"
    ],
    "customTags": [],
    "updaterUserName": "158******98"
}