{
    "cid": "x-I6nFsDsl",
    "authorUid": "bd-2586033500",
    "authorUserName": "尼古丁拌豆腐",
    "title": "s",
    "description": "",
    "latestVersion": 1,
    "alwaysLatest": 1,
    "createTime": "2019-01-29T07:16:23.000Z",
    "lastUpdateTime": "2019-01-29T07:16:23.000Z",
    "auth": 2,
    "uid": "bd-2586033500",
    "publishedVersion": 0,
    "forkFrom": "-",
    "isSpam": 0,
    "version": 1,
    "parentVersion": -1,
    "echartsVersion": "4.2.1",
    "versionCreateTime": "2019-01-29T07:16:23.000Z",
    "html": "",
    "externalScripts": "",
    "updaterUID": "bd-2586033500",
    "theme": "",
    "layout": "",
    "viewCount": 2170,
    "userName": "尼古丁拌豆腐",
    "commentCount": 0,
    "starCount": 3,
    "isStared": 0,
    "thumbnailURL": "https://www.makeapie.com/ecg-storage/ec_gallery_thumbnail/x-I6nFsDsl.png?v=1548746183701",
    "isCustomThumbnail": 0,
    "builtinTags": [
        "category-work",
        "series-graph",
        "title",
        "tooltip"
    ],
    "customTags": [
        "流程"
    ],
    "updaterUserName": "尼古丁拌豆腐"
}