{
    "cid": "x53k8OZzSs",
    "authorUid": "bd-3758512467",
    "authorUserName": "s***k",
    "title": "折柱混合",
    "description": "",
    "latestVersion": 1,
    "alwaysLatest": 1,
    "createTime": "2019-02-10T09:14:18.000Z",
    "lastUpdateTime": "2019-02-10T09:14:18.000Z",
    "auth": 2,
    "uid": "bd-3758512467",
    "publishedVersion": 0,
    "forkFrom": "-",
    "isSpam": 0,
    "version": 1,
    "parentVersion": -1,
    "echartsVersion": "4.2.1",
    "versionCreateTime": "2019-02-10T09:14:18.000Z",
    "html": "",
    "externalScripts": "",
    "updaterUID": "bd-3758512467",
    "theme": "",
    "layout": "",
    "viewCount": 468,
    "userName": "s***k",
    "commentCount": 0,
    "starCount": 1,
    "isStared": 0,
    "thumbnailURL": "https://www.makeapie.com/ecg-storage/ec_gallery_thumbnail/x53k8OZzSs.png?v=1549790058961",
    "isCustomThumbnail": 0,
    "builtinTags": [
        "category-work",
        "grid",
        "legend",
        "series-bar",
        "series-line",
        "tooltip"
    ],
    "customTags": [],
    "updaterUserName": "s***k"
}