{
    "cid": "xcso-yMWGS",
    "authorUid": "bd-305931428",
    "authorUserName": "一***鱼",
    "title": "月份+区域+目标",
    "description": "月份+区域+目标",
    "latestVersion": 1,
    "alwaysLatest": 1,
    "createTime": "2019-01-31T03:07:28.000Z",
    "lastUpdateTime": "2019-01-31T03:07:28.000Z",
    "auth": 2,
    "uid": "bd-305931428",
    "publishedVersion": 0,
    "forkFrom": "-",
    "isSpam": 0,
    "version": 1,
    "parentVersion": -1,
    "echartsVersion": "4.2.1",
    "versionCreateTime": "2019-01-31T03:07:28.000Z",
    "html": "",
    "externalScripts": "",
    "updaterUID": "bd-305931428",
    "theme": "",
    "layout": "",
    "viewCount": 103,
    "userName": "一***鱼",
    "commentCount": 0,
    "starCount": 0,
    "isStared": 0,
    "thumbnailURL": "https://www.makeapie.com/ecg-storage/ec_gallery_thumbnail/xcso-yMWGS.png?v=1548904048678",
    "isCustomThumbnail": 0,
    "builtinTags": [
        "category-work",
        "dataset",
        "grid",
        "legend",
        "series-bar",
        "tooltip"
    ],
    "customTags": [],
    "updaterUserName": "一***鱼"
}