{
    "cid": "xE92z2EyPl",
    "authorUid": "bd-101698999",
    "authorUserName": "Z***8",
    "title": "百度知道回答，市级地图显示",
    "description": "",
    "latestVersion": 1,
    "alwaysLatest": 1,
    "createTime": "2019-02-01T05:08:39.000Z",
    "lastUpdateTime": "2019-02-01T05:08:39.000Z",
    "auth": 2,
    "uid": "bd-101698999",
    "publishedVersion": 0,
    "forkFrom": "-",
    "isSpam": 0,
    "version": 1,
    "parentVersion": -1,
    "echartsVersion": "4.2.1",
    "versionCreateTime": "2019-02-01T05:08:40.000Z",
    "html": "",
    "externalScripts": "blob:https://gallerybox.echartsjs.com/a83763d1-fb79-4323-9730-73fa2da6e178",
    "updaterUID": "bd-101698999",
    "theme": "",
    "layout": "",
    "viewCount": 1982,
    "userName": "Z***8",
    "commentCount": 0,
    "starCount": 0,
    "isStared": 0,
    "thumbnailURL": "https://www.makeapie.com/ecg-storage/ec_gallery_thumbnail/xE92z2EyPl.png?v=1548997720181",
    "isCustomThumbnail": 0,
    "builtinTags": [
        "category-work",
        "series-map"
    ],
    "customTags": [
        "geoJson",
        "seriesmap"
    ],
    "updaterUserName": "Z***8"
}