{
    "cid": "xGpFIjxanE",
    "authorUid": "bd-3393040941",
    "authorUserName": "风***营",
    "title": "3j",
    "description": "",
    "latestVersion": 1,
    "alwaysLatest": 1,
    "createTime": "2019-02-11T05:19:55.000Z",
    "lastUpdateTime": "2019-02-11T05:19:55.000Z",
    "auth": 2,
    "uid": "bd-3393040941",
    "publishedVersion": 0,
    "forkFrom": "-",
    "isSpam": 0,
    "version": 1,
    "parentVersion": -1,
    "echartsVersion": "4.2.1",
    "versionCreateTime": "2019-02-11T05:19:55.000Z",
    "html": "",
    "externalScripts": "",
    "updaterUID": "bd-3393040941",
    "theme": "dark",
    "layout": "",
    "viewCount": 17,
    "userName": "风***营",
    "commentCount": 0,
    "starCount": 1,
    "isStared": 0,
    "thumbnailURL": "https://www.makeapie.com/ecg-storage/ec_gallery_thumbnail/xGpFIjxanE.png?v=1549862395714",
    "isCustomThumbnail": 0,
    "builtinTags": [
        "category-work",
        "grid",
        "series-pictorialBar"
    ],
    "customTags": [],
    "updaterUserName": "风***营"
}