{
    "cid": "xHf7G2kiTh",
    "authorUid": "bd-3372546252",
    "authorUserName": "俏***猪",
    "title": "气温趋势",
    "description": "",
    "latestVersion": 2,
    "alwaysLatest": 1,
    "createTime": "2019-01-31T07:44:25.000Z",
    "lastUpdateTime": "2019-01-31T07:44:25.000Z",
    "auth": 2,
    "uid": "bd-3372546252",
    "publishedVersion": 0,
    "forkFrom": "-",
    "isSpam": 0,
    "version": 2,
    "parentVersion": 1,
    "echartsVersion": "4.2.1",
    "versionCreateTime": "2019-01-31T13:03:54.000Z",
    "html": "",
    "externalScripts": "",
    "updaterUID": "bd-3372546252",
    "theme": "",
    "layout": "",
    "viewCount": 116,
    "userName": "俏***猪",
    "commentCount": 0,
    "starCount": 0,
    "isStared": 0,
    "thumbnailURL": "https://www.makeapie.com/ecg-storage/ec_gallery_thumbnail/xHf7G2kiTh.png?v=1548939835021",
    "isCustomThumbnail": 0,
    "builtinTags": [
        "category-work",
        "grid",
        "series-bar",
        "series-line"
    ],
    "customTags": [],
    "updaterUserName": "俏***猪"
}