{
    "cid": "xhTdmMEXVD",
    "authorUid": "bd-876438201",
    "authorUserName": "睡睡睡睡睡不饱",
    "title": "Step Line",
    "description": "",
    "latestVersion": 1,
    "alwaysLatest": 1,
    "createTime": "2019-01-30T07:36:51.000Z",
    "lastUpdateTime": "2019-01-30T07:36:51.000Z",
    "auth": 2,
    "uid": "bd-876438201",
    "publishedVersion": 0,
    "forkFrom": "-",
    "isSpam": 0,
    "version": 1,
    "parentVersion": -1,
    "echartsVersion": "4.2.1",
    "versionCreateTime": "2019-01-30T07:36:52.000Z",
    "html": "",
    "externalScripts": "",
    "updaterUID": "bd-876438201",
    "theme": "",
    "layout": "",
    "viewCount": 102,
    "userName": "睡睡睡睡睡不饱",
    "commentCount": 0,
    "starCount": 0,
    "isStared": 0,
    "thumbnailURL": "https://www.makeapie.com/ecg-storage/ec_gallery_thumbnail/xhTdmMEXVD.png?v=1548833812113",
    "isCustomThumbnail": 0,
    "builtinTags": [
        "category-work",
        "grid",
        "markArea",
        "series-line",
        "title",
        "toolbox"
    ],
    "customTags": [],
    "updaterUserName": "睡睡睡睡睡不饱"
}