{
    "cid": "xkXAcP0TY9",
    "authorUid": "bd-992099902",
    "authorUserName": "论沙场",
    "title": "大发放",
    "description": "",
    "latestVersion": 1,
    "alwaysLatest": 1,
    "createTime": "2019-01-30T07:49:58.000Z",
    "lastUpdateTime": "2019-01-30T07:49:58.000Z",
    "auth": 1,
    "uid": "bd-992099902",
    "publishedVersion": 0,
    "forkFrom": "-",
    "isSpam": 0,
    "version": 1,
    "parentVersion": -1,
    "echartsVersion": "4.2.1",
    "versionCreateTime": "2019-01-30T07:49:58.000Z",
    "html": "",
    "externalScripts": "",
    "updaterUID": "bd-992099902",
    "theme": "",
    "layout": "",
    "viewCount": 124,
    "userName": "论沙场",
    "commentCount": 0,
    "starCount": 0,
    "isStared": 0,
    "thumbnailURL": "https://www.makeapie.com/ecg-storage/ec_gallery_thumbnail/xkXAcP0TY9.png?v=1548834599012",
    "isCustomThumbnail": 0,
    "builtinTags": [
        "brush",
        "category-work",
        "dataset",
        "grid",
        "legend",
        "series-bar",
        "series-line",
        "toolbox",
        "tooltip"
    ],
    "customTags": [],
    "updaterUserName": "论沙场"
}