{
    "cid": "xOnFzXn53L",
    "authorUid": "bd-2049454422",
    "authorUserName": "物理锋muscle",
    "title": "Global incidence of CD",
    "description": "",
    "latestVersion": 1,
    "alwaysLatest": 1,
    "createTime": "2019-01-29T09:12:29.000Z",
    "lastUpdateTime": "2019-01-29T09:14:07.000Z",
    "auth": 2,
    "uid": "bd-2049454422",
    "publishedVersion": 0,
    "forkFrom": "-",
    "isSpam": 0,
    "version": 1,
    "parentVersion": -1,
    "echartsVersion": "4.2.1",
    "versionCreateTime": "2019-01-29T09:12:29.000Z",
    "html": "",
    "externalScripts": "",
    "updaterUID": "bd-2049454422",
    "theme": "",
    "layout": "{\"name\":\"1xN\",\"width\":[\"64.22%\",\"35.78%\"],\"height\":[\"100%\"]}",
    "viewCount": 110,
    "userName": "物理锋muscle",
    "commentCount": 0,
    "starCount": 0,
    "isStared": 0,
    "thumbnailURL": "https://www.makeapie.com/ecg-storage/ec_gallery_thumbnail/xOnFzXn53L.png?v=1548753149727",
    "isCustomThumbnail": 0,
    "builtinTags": [],
    "customTags": [],
    "updaterUserName": "物理锋muscle"
}