{
    "cid": "xsRWCU0ULd",
    "authorUid": "bd-1979934906",
    "authorUserName": "细***华",
    "title": "第一届获奖地区分布",
    "description": " ",
    "latestVersion": 1,
    "alwaysLatest": 1,
    "createTime": "2019-02-09T07:57:45.000Z",
    "lastUpdateTime": "2019-02-09T07:57:45.000Z",
    "auth": 2,
    "uid": "bd-1979934906",
    "publishedVersion": 0,
    "forkFrom": "-",
    "isSpam": 0,
    "version": 1,
    "parentVersion": -1,
    "echartsVersion": "4.2.1",
    "versionCreateTime": "2019-02-09T07:57:45.000Z",
    "html": "",
    "externalScripts": "",
    "updaterUID": "bd-1979934906",
    "theme": "",
    "layout": "",
    "viewCount": 142,
    "userName": "细***华",
    "commentCount": 0,
    "starCount": 0,
    "isStared": 0,
    "thumbnailURL": "https://www.makeapie.com/ecg-storage/ec_gallery_thumbnail/xsRWCU0ULd.png?v=1549699065389",
    "isCustomThumbnail": 0,
    "builtinTags": [
        "category-work",
        "legend",
        "series-pie",
        "timeline",
        "title",
        "toolbox",
        "tooltip"
    ],
    "customTags": [],
    "updaterUserName": "细***华"
}