{
    "cid": "xUGSmjxTcT",
    "authorUid": "bd-4231960130",
    "authorUserName": "数***天",
    "title": "三场对比分析",
    "description": "",
    "latestVersion": 1,
    "alwaysLatest": 1,
    "createTime": "2019-01-30T07:01:12.000Z",
    "lastUpdateTime": "2019-01-30T07:01:12.000Z",
    "auth": 2,
    "uid": "bd-4231960130",
    "publishedVersion": 0,
    "forkFrom": "-",
    "isSpam": 0,
    "version": 1,
    "parentVersion": -1,
    "echartsVersion": "4.2.1",
    "versionCreateTime": "2019-01-30T07:01:12.000Z",
    "html": "",
    "externalScripts": "",
    "updaterUID": "bd-4231960130",
    "theme": "",
    "layout": "",
    "viewCount": 78,
    "userName": "数***天",
    "commentCount": 0,
    "starCount": 0,
    "isStared": 0,
    "thumbnailURL": "https://www.makeapie.com/ecg-storage/ec_gallery_thumbnail/xUGSmjxTcT.png?v=1548831672525",
    "isCustomThumbnail": 0,
    "builtinTags": [
        "category-work",
        "series-pie",
        "title"
    ],
    "customTags": [],
    "updaterUserName": "数***天"
}