{
    "cid": "xVgu8fKn_0",
    "authorUid": "bd-530743805",
    "authorUserName": "fyy5520",
    "title": "1111111未",
    "description": "",
    "latestVersion": 1,
    "alwaysLatest": 1,
    "createTime": "2019-01-31T08:10:43.000Z",
    "lastUpdateTime": "2019-01-31T08:10:43.000Z",
    "auth": 2,
    "uid": "bd-530743805",
    "publishedVersion": 0,
    "forkFrom": "-",
    "isSpam": 0,
    "version": 1,
    "parentVersion": -1,
    "echartsVersion": "4.2.1",
    "versionCreateTime": "2019-01-31T08:10:43.000Z",
    "html": "",
    "externalScripts": "",
    "updaterUID": "bd-530743805",
    "theme": "",
    "layout": "",
    "viewCount": 59,
    "userName": "fyy5520",
    "commentCount": 0,
    "starCount": 1,
    "isStared": 0,
    "thumbnailURL": "https://www.makeapie.com/ecg-storage/ec_gallery_thumbnail/xVgu8fKn_0.png?v=1548922244010",
    "isCustomThumbnail": 0,
    "builtinTags": [
        "category-work",
        "series-pie",
        "title",
        "tooltip"
    ],
    "customTags": [],
    "updaterUserName": "fyy5520"
}