{
    "cid": "xWOR-JBwAe",
    "authorUid": "bd-305931428",
    "authorUserName": "一***鱼",
    "title": "月份+区域+目标图",
    "description": "",
    "latestVersion": 1,
    "alwaysLatest": 1,
    "createTime": "2019-01-31T03:06:43.000Z",
    "lastUpdateTime": "2019-01-31T03:06:43.000Z",
    "auth": 2,
    "uid": "bd-305931428",
    "publishedVersion": 0,
    "forkFrom": "-",
    "isSpam": 0,
    "version": 1,
    "parentVersion": -1,
    "echartsVersion": "4.2.1",
    "versionCreateTime": "2019-01-31T03:06:43.000Z",
    "html": "",
    "externalScripts": "",
    "updaterUID": "bd-305931428",
    "theme": "",
    "layout": "",
    "viewCount": 25,
    "userName": "一***鱼",
    "commentCount": 0,
    "starCount": 0,
    "isStared": 0,
    "thumbnailURL": "https://www.makeapie.com/ecg-storage/ec_gallery_thumbnail/xWOR-JBwAe.png?v=1548904003885",
    "isCustomThumbnail": 0,
    "builtinTags": [
        "category-work",
        "dataset",
        "grid",
        "legend",
        "series-bar",
        "tooltip"
    ],
    "customTags": [],
    "updaterUserName": "一***鱼"
}