{
    "cid": "xWSM3Y9WNI",
    "authorUid": "bd-1413038378",
    "authorUserName": "惟维微词",
    "title": "各机构实付应付统计图",
    "description": "动态对比bar柱形图",
    "latestVersion": 1,
    "alwaysLatest": 1,
    "createTime": "2019-01-29T08:27:06.000Z",
    "lastUpdateTime": "2019-01-29T08:27:06.000Z",
    "auth": 2,
    "uid": "bd-1413038378",
    "publishedVersion": 0,
    "forkFrom": "-",
    "isSpam": 0,
    "version": 1,
    "parentVersion": -1,
    "echartsVersion": "4.2.1",
    "versionCreateTime": "2019-01-29T08:27:06.000Z",
    "html": "",
    "externalScripts": "/dep/echarts/latest/extension/dataTool.min.js",
    "updaterUID": "bd-1413038378",
    "theme": "",
    "layout": "",
    "viewCount": 104,
    "userName": "惟维微词",
    "commentCount": 0,
    "starCount": 0,
    "isStared": 0,
    "thumbnailURL": "https://www.makeapie.com/ecg-storage/ec_gallery_thumbnail/xWSM3Y9WNI.png?v=1548750426620",
    "isCustomThumbnail": 0,
    "builtinTags": [
        "category-work",
        "dataZoom",
        "grid",
        "legend",
        "markLine",
        "series-bar",
        "title",
        "toolbox",
        "tooltip"
    ],
    "customTags": [],
    "updaterUserName": "惟维微词"
}