{
    "cid": "xX4wJuwBiX",
    "authorUid": "bd-523599052",
    "authorUserName": "dianyitongxiao",
    "title": "散点图",
    "description": "",
    "latestVersion": 1,
    "alwaysLatest": 1,
    "createTime": "2019-01-31T01:01:52.000Z",
    "lastUpdateTime": "2019-01-31T01:01:52.000Z",
    "auth": 2,
    "uid": "bd-523599052",
    "publishedVersion": 0,
    "forkFrom": "-",
    "isSpam": 0,
    "version": 1,
    "parentVersion": -1,
    "echartsVersion": "4.2.1",
    "versionCreateTime": "2019-01-31T01:01:52.000Z",
    "html": "",
    "externalScripts": "",
    "updaterUID": "bd-523599052",
    "theme": "",
    "layout": "",
    "viewCount": 38,
    "userName": "dianyitongxiao",
    "commentCount": 0,
    "starCount": 0,
    "isStared": 0,
    "thumbnailURL": "https://www.makeapie.com/ecg-storage/ec_gallery_thumbnail/xX4wJuwBiX.png?v=1548896512502",
    "isCustomThumbnail": 0,
    "builtinTags": [
        "category-work",
        "grid",
        "series-scatter",
        "tooltip"
    ],
    "customTags": [],
    "updaterUserName": "dianyitongxiao"
}