{
    "cid": "xB10F_OKrz",
    "authorUid": "bd-3759571704",
    "authorUserName": "d***1",
    "title": "Design Guidelines",
    "description": "Load case v.s. Material type 材料限值与计算结果对比，限值内的可用，超限值不可用，以此选择材料类型。目前是不支持echarts4吗，很多设置在电脑上有效，这里无效",
    "latestVersion": 3,
    "alwaysLatest": 1,
    "createTime": "2018-01-27T03:56:53.000Z",
    "lastUpdateTime": "2018-01-27T03:56:53.000Z",
    "auth": 2,
    "uid": "bd-3759571704",
    "publishedVersion": 0,
    "forkFrom": "-",
    "isSpam": 0,
    "version": 3,
    "parentVersion": 2,
    "echartsVersion": "3.8.0",
    "versionCreateTime": "2018-02-06T02:32:21.000Z",
    "html": "",
    "externalScripts": "",
    "updaterUID": "bd-3759571704",
    "theme": "",
    "layout": "",
    "viewCount": 1788,
    "userName": "d***1",
    "commentCount": 2,
    "starCount": 1,
    "isStared": 0,
    "thumbnailURL": "https://www.makeapie.com/ecg-storage/ec_gallery_thumbnail/xB10F_OKrz.png?v=1517884341567",
    "isCustomThumbnail": 0,
    "builtinTags": [
        "category-work",
        "dataZoom",
        "grid",
        "legend",
        "markLine",
        "series-scatter",
        "title",
        "toolbox",
        "tooltip"
    ],
    "customTags": [],
    "updaterUserName": "d***1"
}