{
    "cid": "xB1Q7wcYrz",
    "authorUid": "bd-3391562432",
    "authorUserName": "乱17",
    "title": "折线1",
    "description": "折点样式",
    "latestVersion": 1,
    "alwaysLatest": 1,
    "createTime": "2018-01-27T06:07:23.000Z",
    "lastUpdateTime": "2018-01-27T06:07:23.000Z",
    "auth": 2,
    "uid": "bd-3391562432",
    "publishedVersion": 0,
    "forkFrom": "-",
    "isSpam": 0,
    "version": 1,
    "parentVersion": -1,
    "echartsVersion": "3.8.0",
    "versionCreateTime": "2018-01-27T06:07:23.000Z",
    "html": "",
    "externalScripts": "",
    "updaterUID": "bd-3391562432",
    "theme": "",
    "layout": "",
    "viewCount": 2376,
    "userName": "乱17",
    "commentCount": 0,
    "starCount": 4,
    "isStared": 0,
    "thumbnailURL": "https://www.makeapie.com/ecg-storage/ec_gallery_thumbnail/xB1Q7wcYrz.png?v=1517033243705",
    "isCustomThumbnail": 0,
    "builtinTags": [
        "category-work",
        "grid",
        "legend",
        "series-line",
        "tooltip"
    ],
    "customTags": [],
    "updaterUserName": "乱17"
}