{
    "cid": "xB1xZJ3dHG",
    "authorUid": "bd-908104999",
    "authorUserName": "wh_lsb",
    "title": "Awesome Chart",
    "description": "",
    "latestVersion": 1,
    "alwaysLatest": 1,
    "createTime": "2018-01-26T13:36:56.000Z",
    "lastUpdateTime": "2018-01-26T13:36:56.000Z",
    "auth": 2,
    "uid": "bd-908104999",
    "publishedVersion": 0,
    "forkFrom": "-",
    "isSpam": 0,
    "version": 1,
    "parentVersion": -1,
    "echartsVersion": "3.8.0",
    "versionCreateTime": "2018-01-26T13:36:56.000Z",
    "html": "",
    "externalScripts": "",
    "updaterUID": "bd-908104999",
    "theme": "",
    "layout": "",
    "viewCount": 130,
    "userName": "wh_lsb",
    "commentCount": 0,
    "starCount": 0,
    "isStared": 0,
    "thumbnailURL": "https://www.makeapie.com/ecg-storage/ec_gallery_thumbnail/xB1xZJ3dHG.png?v=1516973816545",
    "isCustomThumbnail": 0,
    "builtinTags": [
        "category-work",
        "grid",
        "series-line",
        "title"
    ],
    "customTags": [],
    "updaterUserName": "wh_lsb"
}