{
    "cid": "xBJ5Y_VhSM",
    "authorUid": "bd-2434570465",
    "authorUserName": "小爷路过这",
    "title": "世界人口总量",
    "description": "",
    "latestVersion": 4,
    "alwaysLatest": 1,
    "createTime": "2018-01-29T06:00:34.000Z",
    "lastUpdateTime": "2018-01-29T06:00:34.000Z",
    "auth": 2,
    "uid": "bd-2434570465",
    "publishedVersion": 0,
    "forkFrom": "-",
    "isSpam": 0,
    "version": 4,
    "parentVersion": 3,
    "echartsVersion": "3.8.0",
    "versionCreateTime": "2018-01-29T06:22:02.000Z",
    "html": "",
    "externalScripts": "",
    "updaterUID": "bd-2434570465",
    "theme": "",
    "layout": "",
    "viewCount": 557,
    "userName": "小爷路过这",
    "commentCount": 0,
    "starCount": 0,
    "isStared": 0,
    "thumbnailURL": "https://www.makeapie.com/ecg-storage/ec_gallery_thumbnail/xBJ5Y_VhSM.png?v=1517206922104",
    "isCustomThumbnail": 0,
    "builtinTags": [
        "category-work",
        "grid",
        "legend",
        "series-bar",
        "title",
        "tooltip"
    ],
    "customTags": [],
    "updaterUserName": "小爷路过这"
}