{
    "cid": "xBJHz5M2Bf",
    "authorUid": "bd-4245162170",
    "authorUserName": "zsts_liucheng",
    "title": "多横向折线图",
    "description": "",
    "latestVersion": 3,
    "alwaysLatest": 1,
    "createTime": "2018-01-29T03:50:37.000Z",
    "lastUpdateTime": "2018-01-29T03:50:37.000Z",
    "auth": 2,
    "uid": "bd-4245162170",
    "publishedVersion": 0,
    "forkFrom": "-",
    "isSpam": 0,
    "version": 3,
    "parentVersion": 2,
    "echartsVersion": "3.8.0",
    "versionCreateTime": "2018-01-30T02:33:30.000Z",
    "html": "",
    "externalScripts": "",
    "updaterUID": "bd-4245162170",
    "theme": "",
    "layout": "",
    "viewCount": 12452,
    "userName": "zsts_liucheng",
    "commentCount": 0,
    "starCount": 32,
    "isStared": 0,
    "thumbnailURL": "https://www.makeapie.com/ecg-storage/ec_gallery_thumbnail/xBJHz5M2Bf.png?v=1517279610800",
    "isCustomThumbnail": 0,
    "builtinTags": [
        "category-work",
        "grid",
        "legend",
        "series-line",
        "title",
        "tooltip"
    ],
    "customTags": [],
    "updaterUserName": "zsts_liucheng"
}