{
    "cid": "xBJXl_9pSz",
    "authorUid": "bd-3769424993",
    "authorUserName": "w***啊",
    "title": "彩色小柱子",
    "description": "",
    "latestVersion": 2,
    "alwaysLatest": 1,
    "createTime": "2018-01-30T06:59:55.000Z",
    "lastUpdateTime": "2018-01-30T06:59:55.000Z",
    "auth": 2,
    "uid": "bd-3769424993",
    "publishedVersion": 0,
    "forkFrom": "-",
    "isSpam": 0,
    "version": 2,
    "parentVersion": 1,
    "echartsVersion": "3.8.0",
    "versionCreateTime": "2018-01-30T07:00:44.000Z",
    "html": "",
    "externalScripts": "",
    "updaterUID": "bd-3769424993",
    "theme": "",
    "layout": "",
    "viewCount": 9238,
    "userName": "w***啊",
    "commentCount": 1,
    "starCount": 39,
    "isStared": 0,
    "thumbnailURL": "https://www.makeapie.com/ecg-storage/ec_gallery_thumbnail/xBJXl_9pSz.png?v=1517295644880",
    "isCustomThumbnail": 0,
    "builtinTags": [
        "category-work",
        "grid",
        "series-bar"
    ],
    "customTags": [],
    "updaterUserName": "w***啊"
}