{
    "cid": "xHJ5DPcYrG",
    "authorUid": "bd-3391562432",
    "authorUserName": "乱17",
    "title": "柱状图",
    "description": "",
    "latestVersion": 2,
    "alwaysLatest": 1,
    "createTime": "2018-01-27T06:08:33.000Z",
    "lastUpdateTime": "2018-01-27T06:08:33.000Z",
    "auth": 2,
    "uid": "bd-3391562432",
    "publishedVersion": 0,
    "forkFrom": "-",
    "isSpam": 0,
    "version": 2,
    "parentVersion": 1,
    "echartsVersion": "3.8.0",
    "versionCreateTime": "2018-01-27T06:10:01.000Z",
    "html": "",
    "externalScripts": "",
    "updaterUID": "bd-3391562432",
    "theme": "",
    "layout": "",
    "viewCount": 168,
    "userName": "乱17",
    "commentCount": 0,
    "starCount": 2,
    "isStared": 0,
    "thumbnailURL": "https://www.makeapie.com/ecg-storage/ec_gallery_thumbnail/xHJ5DPcYrG.png?v=1517033401315",
    "isCustomThumbnail": 0,
    "builtinTags": [
        "category-work",
        "grid",
        "legend",
        "series-bar",
        "tooltip"
    ],
    "customTags": [],
    "updaterUserName": "乱17"
}