{
    "cid": "xHJtP5ZnHG",
    "authorUid": "bd-4245162170",
    "authorUserName": "zsts_liucheng",
    "title": "横向单个柱状图",
    "description": "",
    "latestVersion": 4,
    "alwaysLatest": 1,
    "createTime": "2018-01-29T02:43:45.000Z",
    "lastUpdateTime": "2018-01-29T02:43:45.000Z",
    "auth": 2,
    "uid": "bd-4245162170",
    "publishedVersion": 0,
    "forkFrom": "-",
    "isSpam": 0,
    "version": 4,
    "parentVersion": 3,
    "echartsVersion": "3.8.0",
    "versionCreateTime": "2018-02-01T06:50:46.000Z",
    "html": "",
    "externalScripts": "",
    "updaterUID": "bd-4245162170",
    "theme": "",
    "layout": "",
    "viewCount": 160,
    "userName": "zsts_liucheng",
    "commentCount": 0,
    "starCount": 0,
    "isStared": 0,
    "thumbnailURL": "https://www.makeapie.com/ecg-storage/ec_gallery_thumbnail/xHJtP5ZnHG.png?v=1517467846208",
    "isCustomThumbnail": 0,
    "builtinTags": [
        "category-work",
        "grid",
        "legend",
        "series-bar",
        "title",
        "tooltip"
    ],
    "customTags": [],
    "updaterUserName": "zsts_liucheng"
}