{
    "cid": "xBkXHn61Ne",
    "authorUid": "bd-1276286736",
    "authorUserName": "小朱爱一生",
    "title": "受众性别分布",
    "description": "",
    "latestVersion": 2,
    "alwaysLatest": 1,
    "createTime": "2016-12-15T07:54:34.000Z",
    "lastUpdateTime": "2016-12-15T07:54:34.000Z",
    "auth": 1,
    "uid": "bd-1276286736",
    "publishedVersion": 0,
    "forkFrom": "-",
    "isSpam": 0,
    "version": 2,
    "parentVersion": 1,
    "echartsVersion": "3.4.0",
    "versionCreateTime": "2017-02-27T09:18:21.000Z",
    "html": "",
    "externalScripts": "",
    "updaterUID": "bd-3894911789",
    "theme": "",
    "layout": "",
    "viewCount": 815,
    "userName": "小朱爱一生",
    "commentCount": 0,
    "starCount": 3,
    "isStared": 0,
    "thumbnailURL": "https://www.makeapie.com/ecg-storage/ec_gallery_thumbnail/xBkXHn61Ne.png?v=1488187101843",
    "isCustomThumbnail": 0,
    "builtinTags": [
        "category-work",
        "grid",
        "legend",
        "series-bar",
        "title",
        "tooltip"
    ],
    "customTags": [],
    "updaterUserName": "t***3"
}