{
    "cid": "xByARHC7Ng",
    "authorUid": "bd-2650906673",
    "authorUserName": "dujianguang369",
    "title": "e-FAI Total work time",
    "description": "2016/11/01-2016/12/01",
    "latestVersion": 2,
    "alwaysLatest": 1,
    "createTime": "2016-12-18T09:24:37.000Z",
    "lastUpdateTime": "2016-12-18T09:24:37.000Z",
    "auth": 2,
    "uid": "bd-2650906673",
    "publishedVersion": 0,
    "forkFrom": "-",
    "isSpam": 0,
    "version": 2,
    "parentVersion": 1,
    "echartsVersion": "3.3.2",
    "versionCreateTime": "2016-12-18T09:25:25.000Z",
    "html": "",
    "externalScripts": "",
    "updaterUID": "bd-2650906673",
    "theme": "",
    "layout": "",
    "viewCount": 1033,
    "userName": "dujianguang369",
    "commentCount": 0,
    "starCount": 1,
    "isStared": 0,
    "thumbnailURL": "https://www.makeapie.com/ecg-storage/ec_gallery_thumbnail/xByARHC7Ng.png?v=1482053125896",
    "isCustomThumbnail": 0,
    "builtinTags": [
        "category-work",
        "legend",
        "series-pie",
        "title",
        "toolbox",
        "tooltip"
    ],
    "customTags": [],
    "updaterUserName": "dujianguang369"
}