{
    "cid": "xByk1W7-4x",
    "authorUid": "bd-709031412",
    "authorUserName": "HeroWmb",
    "title": "百分比符号显示",
    "description": "大致解决了个人的需求 仅做参考",
    "latestVersion": 2,
    "alwaysLatest": 1,
    "createTime": "2016-12-16T08:07:50.000Z",
    "lastUpdateTime": "2016-12-16T08:07:50.000Z",
    "auth": 2,
    "uid": "bd-709031412",
    "publishedVersion": 0,
    "forkFrom": "-",
    "isSpam": 0,
    "version": 2,
    "parentVersion": 1,
    "echartsVersion": "3.3.2",
    "versionCreateTime": "2016-12-16T08:09:49.000Z",
    "html": "",
    "externalScripts": "",
    "updaterUID": "bd-709031412",
    "theme": "",
    "layout": "",
    "viewCount": 1913,
    "userName": "HeroWmb",
    "commentCount": 1,
    "starCount": 4,
    "isStared": 0,
    "thumbnailURL": "https://www.makeapie.com/ecg-storage/ec_gallery_thumbnail/xByk1W7-4x.png?v=1481875790239",
    "isCustomThumbnail": 0,
    "builtinTags": [
        "category-work",
        "dataZoom",
        "grid",
        "legend",
        "series-bar",
        "title",
        "toolbox",
        "tooltip"
    ],
    "customTags": [],
    "updaterUserName": "HeroWmb"
}