{
    "cid": "xByqXT1e4g",
    "authorUid": "bd-3676951086",
    "authorUserName": "缘***m",
    "title": "#正则表达式#数值加上千分符",
    "description": "缺点：小数部分暂时不能正确处理，只能保证不超过3位小数能得到正确结果。",
    "latestVersion": 2,
    "alwaysLatest": 1,
    "createTime": "2016-12-15T10:14:57.000Z",
    "lastUpdateTime": "2016-12-15T10:14:57.000Z",
    "auth": 2,
    "uid": "bd-3676951086",
    "publishedVersion": 0,
    "forkFrom": "-",
    "isSpam": 0,
    "version": 2,
    "parentVersion": 1,
    "echartsVersion": "3.3.2",
    "versionCreateTime": "2016-12-15T10:16:16.000Z",
    "html": "",
    "externalScripts": "",
    "updaterUID": "bd-3676951086",
    "theme": "",
    "layout": "",
    "viewCount": 1224,
    "userName": "缘***m",
    "commentCount": 0,
    "starCount": 1,
    "isStared": 0,
    "thumbnailURL": "https://www.makeapie.com/ecg-storage/ec_gallery_thumbnail/xByqXT1e4g.png?v=1481796976449",
    "isCustomThumbnail": 0,
    "builtinTags": [
        "category-work",
        "grid",
        "markPoint",
        "series-line",
        "title",
        "tooltip"
    ],
    "customTags": [],
    "updaterUserName": "缘***m"
}