{
    "cid": "xHk6YwqY7l",
    "authorUid": "bd-1613122333",
    "authorUserName": "__1987灬风",
    "title": "学生成绩-消费情况分布",
    "description": "数据来自:2015秋季学期",
    "latestVersion": 1,
    "alwaysLatest": 1,
    "createTime": "2016-12-10T14:56:04.000Z",
    "lastUpdateTime": "2016-12-10T14:56:04.000Z",
    "auth": 2,
    "uid": "bd-1613122333",
    "publishedVersion": 0,
    "forkFrom": "-",
    "isSpam": 0,
    "version": 1,
    "parentVersion": -1,
    "echartsVersion": "3.3.2",
    "versionCreateTime": "2016-12-10T14:56:04.000Z",
    "html": "",
    "externalScripts": "",
    "updaterUID": "bd-1613122333",
    "theme": "",
    "layout": "",
    "viewCount": 2242,
    "userName": "__1987灬风",
    "commentCount": 0,
    "starCount": 6,
    "isStared": 0,
    "thumbnailURL": "https://www.makeapie.com/ecg-storage/ec_gallery_thumbnail/xHk6YwqY7l.png?v=1481381764896",
    "isCustomThumbnail": 0,
    "builtinTags": [
        "brush",
        "category-work",
        "dataZoom",
        "grid",
        "markArea",
        "markLine",
        "markPoint",
        "series-scatter",
        "title",
        "toolbox",
        "tooltip"
    ],
    "customTags": [],
    "updaterUserName": "__1987灬风"
}