{
    "cid": "xHkGgd_14e",
    "authorUid": "bd-1627735165",
    "authorUserName": "comet927cpu",
    "title": "销售饼图",
    "description": "",
    "latestVersion": 1,
    "alwaysLatest": 1,
    "createTime": "2016-12-15T01:54:49.000Z",
    "lastUpdateTime": "2016-12-15T01:54:49.000Z",
    "auth": 2,
    "uid": "bd-1627735165",
    "publishedVersion": 0,
    "forkFrom": "-",
    "isSpam": 0,
    "version": 1,
    "parentVersion": -1,
    "echartsVersion": "3.3.2",
    "versionCreateTime": "2016-12-15T01:54:49.000Z",
    "html": "",
    "externalScripts": "",
    "updaterUID": "bd-1627735165",
    "theme": "",
    "layout": "",
    "viewCount": 866,
    "userName": "comet927cpu",
    "commentCount": 0,
    "starCount": 0,
    "isStared": 0,
    "thumbnailURL": "https://www.makeapie.com/ecg-storage/ec_gallery_thumbnail/xHkGgd_14e.png?v=1481766889781",
    "isCustomThumbnail": 0,
    "builtinTags": [
        "category-work",
        "legend",
        "series-pie",
        "tooltip"
    ],
    "customTags": [
        "pie"
    ],
    "updaterUserName": "comet927cpu"
}