{
    "cid": "xHkmeCS8Qg",
    "authorUid": "bd-1264881593",
    "authorUserName": "曾***心",
    "title": "区域业绩对比概况饼图",
    "description": "饼图 对比",
    "latestVersion": 4,
    "alwaysLatest": 1,
    "createTime": "2016-12-08T03:05:15.000Z",
    "lastUpdateTime": "2016-12-08T03:05:15.000Z",
    "auth": 2,
    "uid": "bd-1264881593",
    "publishedVersion": 0,
    "forkFrom": "-",
    "isSpam": 0,
    "version": 4,
    "parentVersion": 3,
    "echartsVersion": "3.3.2",
    "versionCreateTime": "2016-12-09T06:29:15.000Z",
    "html": "",
    "externalScripts": "",
    "updaterUID": "bd-1264881593",
    "theme": "",
    "layout": "",
    "viewCount": 3151,
    "userName": "曾***心",
    "commentCount": 0,
    "starCount": 9,
    "isStared": 0,
    "thumbnailURL": "https://www.makeapie.com/ecg-storage/ec_gallery_thumbnail/xHkmeCS8Qg.png?v=1481264955898",
    "isCustomThumbnail": 0,
    "builtinTags": [
        "category-work",
        "graphic",
        "series-pie"
    ],
    "customTags": [],
    "updaterUserName": "曾***心"
}