{
    "cid": "xHkrEgRvQg",
    "authorUid": "bd-285313180",
    "authorUserName": "RUDOLPHKING",
    "title": "玉玦图 + 单轴",
    "description": "玉玦图 + 单轴",
    "latestVersion": 1,
    "alwaysLatest": 1,
    "createTime": "2016-12-09T06:33:16.000Z",
    "lastUpdateTime": "2016-12-09T06:33:16.000Z",
    "auth": 2,
    "uid": "bd-285313180",
    "publishedVersion": 0,
    "forkFrom": "-",
    "isSpam": 0,
    "version": 1,
    "parentVersion": -1,
    "echartsVersion": "3.3.2",
    "versionCreateTime": "2016-12-09T06:33:16.000Z",
    "html": "",
    "externalScripts": "",
    "updaterUID": "bd-285313180",
    "theme": "",
    "layout": "",
    "viewCount": 5085,
    "userName": "RUDOLPHKING",
    "commentCount": 0,
    "starCount": 22,
    "isStared": 0,
    "thumbnailURL": "https://www.makeapie.com/ecg-storage/ec_gallery_thumbnail/xHkrEgRvQg.png?v=1481265196993",
    "isCustomThumbnail": 0,
    "builtinTags": [
        "category-work",
        "legend",
        "series-pie",
        "series-scatter",
        "singleAxis",
        "tooltip"
    ],
    "customTags": [],
    "updaterUserName": "RUDOLPHKING"
}