{
    "cid": "xr1SAv8CQg",
    "authorUid": "bd-3976584703",
    "authorUserName": "wang11084",
    "title": "多标签折线图",
    "description": "",
    "latestVersion": 1,
    "alwaysLatest": 1,
    "createTime": "2016-12-14T05:25:33.000Z",
    "lastUpdateTime": "2016-12-14T05:25:33.000Z",
    "auth": 2,
    "uid": "bd-3976584703",
    "publishedVersion": 0,
    "forkFrom": "-",
    "isSpam": 0,
    "version": 1,
    "parentVersion": -1,
    "echartsVersion": "3.3.2",
    "versionCreateTime": "2016-12-14T05:25:33.000Z",
    "html": "",
    "externalScripts": "",
    "updaterUID": "bd-3976584703",
    "theme": "",
    "layout": "",
    "viewCount": 1334,
    "userName": "wang11084",
    "commentCount": 0,
    "starCount": 3,
    "isStared": 0,
    "thumbnailURL": "https://www.makeapie.com/ecg-storage/ec_gallery_thumbnail/xr1SAv8CQg.png?v=1481693134403",
    "isCustomThumbnail": 0,
    "builtinTags": [
        "category-work",
        "grid",
        "markLine",
        "markPoint",
        "series-line",
        "tooltip"
    ],
    "customTags": [],
    "updaterUserName": "wang11084"
}