{
    "cid": "xr1XplzB4e",
    "authorUid": "bd-4013131402",
    "authorUserName": "o***4",
    "title": "基本水球图",
    "description": "ECharts 水球图插件 https://github.com/ecomfe/echarts-liquidfill",
    "latestVersion": 4,
    "alwaysLatest": 1,
    "createTime": "2016-12-19T07:48:11.000Z",
    "lastUpdateTime": "2016-12-26T05:43:38.000Z",
    "auth": 2,
    "uid": "bd-4013131402",
    "publishedVersion": 0,
    "forkFrom": "-",
    "isSpam": 0,
    "version": 4,
    "parentVersion": 3,
    "echartsVersion": "3.6.0",
    "versionCreateTime": "2017-05-26T04:57:14.000Z",
    "html": "",
    "externalScripts": "http://echarts.baidu.com/resource/echarts-liquidfill-latest/dist/echarts-liquidfill.min.js",
    "updaterUID": "bd-4013131402",
    "theme": "default",
    "layout": "",
    "viewCount": 8874,
    "userName": "o***4",
    "commentCount": 0,
    "starCount": 8,
    "isStared": 0,
    "thumbnailURL": "https://www.makeapie.com/ecg-storage/ec_gallery_thumbnail/xr1XplzB4e.png?v=1495774635896",
    "isCustomThumbnail": 0,
    "builtinTags": [
        "category-work",
        "series-liquidFill",
        "title"
    ],
    "customTags": [
        "liquidFill"
    ],
    "updaterUserName": "o***4"
}