{
    "cid": "xry3JmN6mx",
    "authorUid": "bd-1696688313",
    "authorUserName": "水***6",
    "title": "line",
    "description": "",
    "latestVersion": 5,
    "alwaysLatest": 1,
    "createTime": "2016-12-13T08:35:48.000Z",
    "lastUpdateTime": "2016-12-13T08:35:48.000Z",
    "auth": 2,
    "uid": "bd-1696688313",
    "publishedVersion": 0,
    "forkFrom": "-",
    "isSpam": 0,
    "version": 5,
    "parentVersion": 4,
    "echartsVersion": "3.4.0",
    "versionCreateTime": "2017-03-21T05:45:33.000Z",
    "html": "",
    "externalScripts": "/dep/echarts/latest/extension/dataTool.min.js",
    "updaterUID": "bd-1696688313",
    "theme": "",
    "layout": "",
    "viewCount": 635,
    "userName": "水***6",
    "commentCount": 0,
    "starCount": 2,
    "isStared": 0,
    "thumbnailURL": "https://www.makeapie.com/ecg-storage/ec_gallery_thumbnail/xry3JmN6mx.png?v=1490075133926",
    "isCustomThumbnail": 0,
    "builtinTags": [
        "category-work",
        "grid",
        "legend",
        "series-line",
        "title",
        "tooltip"
    ],
    "customTags": [],
    "updaterUserName": "水***6"
}