{
    "cid": "xryzwi7fVl",
    "authorUid": "bd-3859749559",
    "authorUserName": "fanyo190",
    "title": "工作流条形图",
    "description": "某项事情各阶段实际完成时间与预期完成时间",
    "latestVersion": 41,
    "alwaysLatest": 1,
    "createTime": "2016-12-17T03:04:57.000Z",
    "lastUpdateTime": "2016-12-17T03:04:57.000Z",
    "auth": 1,
    "uid": "bd-3859749559",
    "publishedVersion": 0,
    "forkFrom": "-",
    "isSpam": 0,
    "version": 41,
    "parentVersion": 40,
    "echartsVersion": "3.8.0",
    "versionCreateTime": "2020-12-01T06:17:03.000Z",
    "html": "",
    "externalScripts": "",
    "updaterUID": "obd-oCut_kvU5chZFrD8fWz4lBfSTTSO53z",
    "theme": "",
    "layout": "",
    "viewCount": 21501,
    "userName": "fanyo190",
    "commentCount": 2,
    "starCount": 29,
    "isStared": 0,
    "thumbnailURL": "https://www.makeapie.com/ecg-storage/ec_gallery_thumbnail/xryzwi7fVl.png?v=1606803423340",
    "isCustomThumbnail": 0,
    "builtinTags": [
        "category-work",
        "grid",
        "legend",
        "series-bar",
        "tooltip"
    ],
    "customTags": [],
    "updaterUserName": "有***友"
}