{
    "cid": "xS10v1jIXe",
    "authorUid": "bd-285313180",
    "authorUserName": "RUDOLPHKING",
    "title": "单轴图表",
    "description": "",
    "latestVersion": 3,
    "alwaysLatest": 1,
    "createTime": "2016-12-08T08:52:54.000Z",
    "lastUpdateTime": "2016-12-08T08:52:54.000Z",
    "auth": 2,
    "uid": "bd-285313180",
    "publishedVersion": 0,
    "forkFrom": "-",
    "isSpam": 0,
    "version": 3,
    "parentVersion": 2,
    "echartsVersion": "3.3.2",
    "versionCreateTime": "2016-12-09T06:29:40.000Z",
    "html": "",
    "externalScripts": "",
    "updaterUID": "bd-285313180",
    "theme": "",
    "layout": "",
    "viewCount": 644,
    "userName": "RUDOLPHKING",
    "commentCount": 0,
    "starCount": 1,
    "isStared": 0,
    "thumbnailURL": "https://www.makeapie.com/ecg-storage/ec_gallery_thumbnail/xS10v1jIXe.png?v=1481264980965",
    "isCustomThumbnail": 0,
    "builtinTags": [
        "category-work",
        "series-scatter",
        "singleAxis",
        "tooltip"
    ],
    "customTags": [],
    "updaterUserName": "RUDOLPHKING"
}