{
    "cid": "xS1FZR_1Eg",
    "authorUid": "bd-1627735165",
    "authorUserName": "comet927cpu",
    "title": "销售线形图",
    "description": "带渐进色",
    "latestVersion": 1,
    "alwaysLatest": 1,
    "createTime": "2016-12-15T02:20:48.000Z",
    "lastUpdateTime": "2016-12-15T02:20:48.000Z",
    "auth": 2,
    "uid": "bd-1627735165",
    "publishedVersion": 0,
    "forkFrom": "-",
    "isSpam": 0,
    "version": 1,
    "parentVersion": -1,
    "echartsVersion": "3.3.2",
    "versionCreateTime": "2016-12-15T02:20:48.000Z",
    "html": "",
    "externalScripts": "",
    "updaterUID": "bd-1627735165",
    "theme": "",
    "layout": "",
    "viewCount": 677,
    "userName": "comet927cpu",
    "commentCount": 0,
    "starCount": 1,
    "isStared": 0,
    "thumbnailURL": "https://www.makeapie.com/ecg-storage/ec_gallery_thumbnail/xS1FZR_1Eg.png?v=1481768448881",
    "isCustomThumbnail": 0,
    "builtinTags": [
        "category-work",
        "grid",
        "series-line",
        "tooltip"
    ],
    "customTags": [],
    "updaterUserName": "comet927cpu"
}