{
    "cid": "xS1HDw8UEg",
    "authorUid": "bd-4013131402",
    "authorUserName": "o***4",
    "title": "渐变 markArea",
    "description": "",
    "latestVersion": 1,
    "alwaysLatest": 1,
    "createTime": "2016-12-20T07:01:49.000Z",
    "lastUpdateTime": "2016-12-20T07:01:49.000Z",
    "auth": 2,
    "uid": "bd-4013131402",
    "publishedVersion": 0,
    "forkFrom": "-",
    "isSpam": 0,
    "version": 1,
    "parentVersion": -1,
    "echartsVersion": "3.3.2",
    "versionCreateTime": "2016-12-20T07:01:49.000Z",
    "html": "",
    "externalScripts": "",
    "updaterUID": "bd-4013131402",
    "theme": "",
    "layout": "",
    "viewCount": 936,
    "userName": "o***4",
    "commentCount": 0,
    "starCount": 3,
    "isStared": 0,
    "thumbnailURL": "https://www.makeapie.com/ecg-storage/ec_gallery_thumbnail/xS1HDw8UEg.png?v=1482217310541",
    "isCustomThumbnail": 0,
    "builtinTags": [
        "category-work",
        "grid",
        "markArea",
        "series-line",
        "title"
    ],
    "customTags": [],
    "updaterUserName": "o***4"
}