{
    "cid": "xS1KhfMHEx",
    "authorUid": "bd-3305391507",
    "authorUserName": "4135356",
    "title": "练习题",
    "description": "练习题",
    "latestVersion": 7,
    "alwaysLatest": 1,
    "createTime": "2016-12-19T07:56:33.000Z",
    "lastUpdateTime": "2016-12-19T07:56:33.000Z",
    "auth": 2,
    "uid": "bd-3305391507",
    "publishedVersion": 0,
    "forkFrom": "-",
    "isSpam": 0,
    "version": 7,
    "parentVersion": 6,
    "echartsVersion": "3.3.2",
    "versionCreateTime": "2016-12-27T06:10:46.000Z",
    "html": "",
    "externalScripts": "",
    "updaterUID": "bd-3305391507",
    "theme": "",
    "layout": "",
    "viewCount": 328,
    "userName": "4135356",
    "commentCount": 0,
    "starCount": 2,
    "isStared": 0,
    "thumbnailURL": "https://www.makeapie.com/ecg-storage/ec_gallery_thumbnail/xS1KhfMHEx.png?v=1482819046167",
    "isCustomThumbnail": 0,
    "builtinTags": [
        "category-work",
        "grid",
        "series-bar",
        "title",
        "tooltip",
        "visualMap"
    ],
    "customTags": [],
    "updaterUserName": "4135356"
}