{
    "cid": "xSkmhh_8Ql",
    "authorUid": "bd-3743777928",
    "authorUserName": "神影aa",
    "title": "分时图",
    "description": "",
    "latestVersion": 2,
    "alwaysLatest": 1,
    "createTime": "2016-12-08T06:24:42.000Z",
    "lastUpdateTime": "2016-12-08T06:24:42.000Z",
    "auth": 2,
    "uid": "bd-3743777928",
    "publishedVersion": 0,
    "forkFrom": "-",
    "isSpam": 0,
    "version": 2,
    "parentVersion": 1,
    "echartsVersion": "3.3.2",
    "versionCreateTime": "2017-01-12T07:16:27.000Z",
    "html": "",
    "externalScripts": "",
    "updaterUID": "bd-3743777928",
    "theme": "",
    "layout": "",
    "viewCount": 889,
    "userName": "神影aa",
    "commentCount": 0,
    "starCount": 4,
    "isStared": 0,
    "thumbnailURL": "https://www.makeapie.com/ecg-storage/ec_gallery_thumbnail/xSkmhh_8Ql.png?v=1484205388196",
    "isCustomThumbnail": 0,
    "builtinTags": [
        "category-work",
        "grid",
        "series-bar",
        "series-line",
        "tooltip"
    ],
    "customTags": [],
    "updaterUserName": "神影aa"
}