{
    "cid": "x-yZdr5YBi",
    "authorUid": "obd-oCTc_U8hPZbn_FmFJxbd5rj6Wwbow3n",
    "authorUserName": "J***x",
    "title": "雷达图",
    "description": "",
    "latestVersion": 1,
    "alwaysLatest": 1,
    "createTime": "2020-06-18T05:52:21.000Z",
    "lastUpdateTime": "2020-06-18T05:52:21.000Z",
    "auth": 2,
    "uid": "obd-oCTc_U8hPZbn_FmFJxbd5rj6Wwbow3n",
    "publishedVersion": 0,
    "forkFrom": "-",
    "isSpam": 0,
    "version": 1,
    "parentVersion": -1,
    "echartsVersion": "4.8.0",
    "versionCreateTime": "2020-06-18T05:52:21.000Z",
    "html": "",
    "externalScripts": "",
    "updaterUID": "obd-oCTc_U8hPZbn_FmFJxbd5rj6Wwbow3n",
    "theme": "",
    "layout": "",
    "viewCount": 4506,
    "userName": "J***x",
    "commentCount": 0,
    "starCount": 25,
    "isStared": 0,
    "thumbnailURL": "https://www.makeapie.com/ecg-storage/ec_gallery_thumbnail/x-yZdr5YBi.png?v=1592459541394",
    "isCustomThumbnail": 0,
    "builtinTags": [
        "category-work",
        "legend",
        "radar",
        "series-radar"
    ],
    "customTags": [],
    "updaterUserName": "J***x"
}