{
    "cid": "x5UuEsFUKK",
    "authorUid": "bd-3645736602",
    "authorUserName": "遗***D",
    "title": "扇形玫瑰图",
    "description": "",
    "latestVersion": 5,
    "alwaysLatest": 1,
    "createTime": "2020-07-14T02:12:56.000Z",
    "lastUpdateTime": "2020-07-14T02:12:56.000Z",
    "auth": 2,
    "uid": "bd-3645736602",
    "publishedVersion": 0,
    "forkFrom": "-",
    "isSpam": 0,
    "version": 5,
    "parentVersion": 4,
    "echartsVersion": "4.9.0",
    "versionCreateTime": "2021-04-26T07:41:49.000Z",
    "html": "",
    "externalScripts": "",
    "updaterUID": "bd-3645736602",
    "theme": "",
    "layout": "",
    "viewCount": 6039,
    "userName": "遗***D",
    "commentCount": 3,
    "starCount": 35,
    "isStared": 0,
    "thumbnailURL": "https://www.makeapie.com/ecg-storage/ec_gallery_thumbnail/x5UuEsFUKK.png?v=1619422909750",
    "isCustomThumbnail": 0,
    "builtinTags": [
        "category-work",
        "series-pie",
        "title",
        "tooltip"
    ],
    "customTags": [],
    "updaterUserName": "遗***D"
}