{
    "cid": "x8rCK8waHQ",
    "authorUid": "bd-71012466",
    "authorUserName": "前***n",
    "title": "立体柱状图",
    "description": "立体柱状图",
    "latestVersion": 1,
    "alwaysLatest": 1,
    "createTime": "2020-07-01T09:59:06.000Z",
    "lastUpdateTime": "2020-07-01T09:59:06.000Z",
    "auth": 2,
    "uid": "bd-71012466",
    "publishedVersion": 0,
    "forkFrom": "-",
    "isSpam": 0,
    "version": 1,
    "parentVersion": -1,
    "echartsVersion": "4.8.0",
    "versionCreateTime": "2020-07-01T09:59:06.000Z",
    "html": "",
    "externalScripts": "",
    "updaterUID": "bd-71012466",
    "theme": "",
    "layout": "",
    "viewCount": 6496,
    "userName": "前***n",
    "commentCount": 1,
    "starCount": 37,
    "isStared": 0,
    "thumbnailURL": "https://www.makeapie.com/ecg-storage/ec_gallery_thumbnail/x8rCK8waHQ.png?v=1593597547026",
    "isCustomThumbnail": 0,
    "builtinTags": [
        "category-work",
        "grid",
        "series-bar",
        "series-custom",
        "tooltip"
    ],
    "customTags": [],
    "updaterUserName": "前***n"
}