{
    "cid": "x9nYcpoHPW",
    "authorUid": "bd-2947300467",
    "authorUserName": "莱***o",
    "title": "多轴面积趋势图 面积图 for axurepro",
    "description": "多轴面积趋势图 面积图 可应用Axure设计",
    "latestVersion": 2,
    "alwaysLatest": 1,
    "createTime": "2020-06-18T09:02:58.000Z",
    "lastUpdateTime": "2020-06-18T09:02:58.000Z",
    "auth": 2,
    "uid": "bd-2947300467",
    "publishedVersion": 0,
    "forkFrom": "-",
    "isSpam": 0,
    "version": 2,
    "parentVersion": 1,
    "echartsVersion": "4.8.0",
    "versionCreateTime": "2020-06-18T09:03:13.000Z",
    "html": "",
    "externalScripts": "",
    "updaterUID": "bd-2947300467",
    "theme": "macarons",
    "layout": "",
    "viewCount": 3656,
    "userName": "莱***o",
    "commentCount": 0,
    "starCount": 23,
    "isStared": 0,
    "thumbnailURL": "https://www.makeapie.com/ecg-storage/ec_gallery_thumbnail/x9nYcpoHPW.png?v=1592470993158",
    "isCustomThumbnail": 0,
    "builtinTags": [
        "category-work",
        "grid",
        "legend",
        "series-line",
        "tooltip"
    ],
    "customTags": [
        "面积图"
    ],
    "updaterUserName": "莱***o"
}