{
    "cid": "x_yc-XqP1L",
    "authorUid": "obd-ojhzVR0BsdaD4SXcYD1Of9E2ka4tqEq",
    "authorUserName": "小***3",
    "title": "双轴折线图",
    "description": "",
    "latestVersion": 4,
    "alwaysLatest": 1,
    "createTime": "2020-06-24T08:22:27.000Z",
    "lastUpdateTime": "2020-06-24T08:22:27.000Z",
    "auth": 2,
    "uid": "obd-ojhzVR0BsdaD4SXcYD1Of9E2ka4tqEq",
    "publishedVersion": 0,
    "forkFrom": "-",
    "isSpam": 0,
    "version": 4,
    "parentVersion": 3,
    "echartsVersion": "4.8.0",
    "versionCreateTime": "2020-07-17T10:41:08.000Z",
    "html": "",
    "externalScripts": "",
    "updaterUID": "obd-ojhzVR0BsdaD4SXcYD1Of9E2ka4tqEq",
    "theme": "",
    "layout": "",
    "viewCount": 5666,
    "userName": "小***3",
    "commentCount": 0,
    "starCount": 23,
    "isStared": 0,
    "thumbnailURL": "https://www.makeapie.com/ecg-storage/ec_gallery_thumbnail/x_yc-XqP1L.png?v=1594982468503",
    "isCustomThumbnail": 0,
    "builtinTags": [
        "category-work",
        "grid",
        "legend",
        "series-bar",
        "series-line",
        "tooltip"
    ],
    "customTags": [],
    "updaterUserName": "小***3"
}