{
    "cid": "xBN0pSa1Wz",
    "authorUid": "obd-ot3Ab1rHf6koCAltWde5oW1x9QZJb8N",
    "authorUserName": "n***0",
    "title": "美智家",
    "description": "",
    "latestVersion": 2,
    "alwaysLatest": 1,
    "createTime": "2020-07-19T10:02:54.000Z",
    "lastUpdateTime": "2020-07-19T10:02:54.000Z",
    "auth": 2,
    "uid": "obd-ot3Ab1rHf6koCAltWde5oW1x9QZJb8N",
    "publishedVersion": 0,
    "forkFrom": "-",
    "isSpam": 0,
    "version": 2,
    "parentVersion": 1,
    "echartsVersion": "4.8.0",
    "versionCreateTime": "2020-07-20T05:23:34.000Z",
    "html": "",
    "externalScripts": "",
    "updaterUID": "obd-ot3Ab1rHf6koCAltWde5oW1x9QZJb8N",
    "theme": "",
    "layout": "",
    "viewCount": 4984,
    "userName": "n***0",
    "commentCount": 0,
    "starCount": 22,
    "isStared": 0,
    "thumbnailURL": "https://www.makeapie.com/ecg-storage/ec_gallery_thumbnail/xBN0pSa1Wz.png?v=1595222614828",
    "isCustomThumbnail": 0,
    "builtinTags": [
        "category-work",
        "geo",
        "series-effectScatter",
        "series-lines",
        "series-map"
    ],
    "customTags": [],
    "updaterUserName": "n***0"
}