{
    "cid": "xDmULPsxqy",
    "authorUid": "bd-365218436",
    "authorUserName": "G***G",
    "title": "仪表盘",
    "description": "",
    "latestVersion": 2,
    "alwaysLatest": 1,
    "createTime": "2020-06-28T02:49:17.000Z",
    "lastUpdateTime": "2020-06-28T02:49:17.000Z",
    "auth": 2,
    "uid": "bd-365218436",
    "publishedVersion": 0,
    "forkFrom": "-",
    "isSpam": 0,
    "version": 2,
    "parentVersion": 1,
    "echartsVersion": "4.8.0",
    "versionCreateTime": "2020-07-01T09:08:28.000Z",
    "html": "",
    "externalScripts": "",
    "updaterUID": "bd-365218436",
    "theme": "",
    "layout": "",
    "viewCount": 2329,
    "userName": "G***G",
    "commentCount": 0,
    "starCount": 21,
    "isStared": 0,
    "thumbnailURL": "https://www.makeapie.com/ecg-storage/ec_gallery_thumbnail/xDmULPsxqy.png?v=1593594508232",
    "isCustomThumbnail": 0,
    "builtinTags": [
        "category-work",
        "series-gauge"
    ],
    "customTags": [],
    "updaterUserName": "G***G"
}