{
    "cid": "xgw_rddKzb",
    "authorUid": "bd-3645736602",
    "authorUserName": "遗***D",
    "title": "仪表盘拓展",
    "description": "三个图表占比总和为100%,单个图表刻度代表百分比，鼠标移入显示具体数值。实际开发时可以通过动态的赋值，进行拓展。",
    "latestVersion": 2,
    "alwaysLatest": 1,
    "createTime": "2020-06-24T07:44:24.000Z",
    "lastUpdateTime": "2020-06-24T07:44:24.000Z",
    "auth": 2,
    "uid": "bd-3645736602",
    "publishedVersion": 0,
    "forkFrom": "-",
    "isSpam": 0,
    "version": 2,
    "parentVersion": 1,
    "echartsVersion": "4.9.0",
    "versionCreateTime": "2021-04-26T07:42:17.000Z",
    "html": "",
    "externalScripts": "",
    "updaterUID": "bd-3645736602",
    "theme": "",
    "layout": "",
    "viewCount": 3393,
    "userName": "遗***D",
    "commentCount": 0,
    "starCount": 21,
    "isStared": 0,
    "thumbnailURL": "https://www.makeapie.com/ecg-storage/ec_gallery_thumbnail/xgw_rddKzb.png?v=1619422937654",
    "isCustomThumbnail": 0,
    "builtinTags": [
        "category-work",
        "series-gauge",
        "tooltip"
    ],
    "customTags": [],
    "updaterUserName": "遗***D"
}