{
    "cid": "xihIMFyUL1",
    "authorUid": "obd-oFywMxOTC0LpUlk0zoQqAnIExMwvJ5r",
    "authorUserName": "硬***人",
    "title": "地图标注",
    "description": "",
    "latestVersion": 8,
    "alwaysLatest": 1,
    "createTime": "2020-06-30T05:21:23.000Z",
    "lastUpdateTime": "2020-06-30T05:21:23.000Z",
    "auth": 2,
    "uid": "obd-oFywMxOTC0LpUlk0zoQqAnIExMwvJ5r",
    "publishedVersion": 1,
    "forkFrom": "-",
    "isSpam": 0,
    "version": 1,
    "parentVersion": -1,
    "echartsVersion": "4.8.0",
    "versionCreateTime": "2020-06-30T05:21:23.000Z",
    "html": "",
    "externalScripts": "",
    "updaterUID": "obd-oFywMxOTC0LpUlk0zoQqAnIExMwvJ5r",
    "theme": "",
    "layout": "",
    "viewCount": 8020,
    "userName": "硬***人",
    "commentCount": 2,
    "starCount": 29,
    "isStared": 0,
    "thumbnailURL": "https://www.makeapie.com/ecg-storage/ec_gallery_thumbnail/xihIMFyUL1.png?v=1593494483537",
    "isCustomThumbnail": 0,
    "builtinTags": [
        "category-work",
        "geo",
        "series-lines",
        "series-map",
        "visualMap"
    ],
    "customTags": [],
    "updaterUserName": "硬***人"
}