{
    "cid": "xje9EHeSjW",
    "authorUid": "obd-o0ePk9CSR0X4LGImjktpKBBI9f-RWFL",
    "authorUserName": "h***0",
    "title": "1月",
    "description": "散点-气泡图",
    "latestVersion": 2,
    "alwaysLatest": 1,
    "createTime": "2020-07-09T06:56:47.000Z",
    "lastUpdateTime": "2020-07-09T06:56:47.000Z",
    "auth": 2,
    "uid": "obd-o0ePk9CSR0X4LGImjktpKBBI9f-RWFL",
    "publishedVersion": 0,
    "forkFrom": "-",
    "isSpam": 0,
    "version": 2,
    "parentVersion": 1,
    "echartsVersion": "4.8.0",
    "versionCreateTime": "2020-07-23T04:05:05.000Z",
    "html": "",
    "externalScripts": "",
    "updaterUID": "obd-o0ePk9CSR0X4LGImjktpKBBI9f-RWFL",
    "theme": "",
    "layout": "",
    "viewCount": 2347,
    "userName": "h***0",
    "commentCount": 0,
    "starCount": 21,
    "isStared": 0,
    "thumbnailURL": "https://www.makeapie.com/ecg-storage/ec_gallery_thumbnail/xje9EHeSjW.png?v=1595477106100",
    "isCustomThumbnail": 0,
    "builtinTags": [
        "category-work",
        "series-scatter",
        "singleAxis",
        "title",
        "tooltip"
    ],
    "customTags": [],
    "updaterUserName": "h***0"
}