{
    "cid": "xoUF58kFkG",
    "authorUid": "obd-oA059jI7iL4PksG6hwqkWgwCurzW674",
    "authorUserName": "贺***咻",
    "title": "关系图",
    "description": "",
    "latestVersion": 3,
    "alwaysLatest": 1,
    "createTime": "2020-06-18T13:03:42.000Z",
    "lastUpdateTime": "2020-06-18T13:03:42.000Z",
    "auth": 2,
    "uid": "obd-oA059jI7iL4PksG6hwqkWgwCurzW674",
    "publishedVersion": 0,
    "forkFrom": "-",
    "isSpam": 0,
    "version": 3,
    "parentVersion": 2,
    "echartsVersion": "4.8.0",
    "versionCreateTime": "2020-06-29T09:06:38.000Z",
    "html": "",
    "externalScripts": "",
    "updaterUID": "obd-oA059jI7iL4PksG6hwqkWgwCurzW674",
    "theme": "",
    "layout": "",
    "viewCount": 6310,
    "userName": "贺***咻",
    "commentCount": 0,
    "starCount": 30,
    "isStared": 0,
    "thumbnailURL": "https://www.makeapie.com/ecg-storage/ec_gallery_thumbnail/xoUF58kFkG.png?v=1593421599025",
    "isCustomThumbnail": 0,
    "builtinTags": [
        "category-work",
        "series-graph",
        "tooltip"
    ],
    "customTags": [],
    "updaterUserName": "贺***咻"
}