{
    "cid": "xPELmKN3wt",
    "authorUid": "obd-o2Tg8Soqp6tg8vOjMDDMhPYuf1QDABm",
    "authorUserName": "Y***s",
    "title": "Relationship",
    "description": "",
    "latestVersion": 6,
    "alwaysLatest": 1,
    "createTime": "2020-07-06T03:07:54.000Z",
    "lastUpdateTime": "2020-07-06T03:07:54.000Z",
    "auth": 2,
    "uid": "obd-o2Tg8Soqp6tg8vOjMDDMhPYuf1QDABm",
    "publishedVersion": 0,
    "forkFrom": "-",
    "isSpam": 0,
    "version": 6,
    "parentVersion": 5,
    "echartsVersion": "4.8.0",
    "versionCreateTime": "2020-09-02T01:53:55.000Z",
    "html": "",
    "externalScripts": "",
    "updaterUID": "obd-o2Tg8Soqp6tg8vOjMDDMhPYuf1QDABm",
    "theme": "",
    "layout": "",
    "viewCount": 4635,
    "userName": "Y***s",
    "commentCount": 0,
    "starCount": 28,
    "isStared": 0,
    "thumbnailURL": "https://www.makeapie.com/ecg-storage/ec_gallery_thumbnail/xPELmKN3wt.png?v=1599011635352",
    "isCustomThumbnail": 0,
    "builtinTags": [
        "category-work",
        "series-graph"
    ],
    "customTags": [],
    "updaterUserName": "Y***s"
}