{
    "cid": "xpS0XykpeX",
    "authorUid": "obd-o2-aTjNCXh_ADELOPM4d70VB1G3Oy6I",
    "authorUserName": "衰***命",
    "title": "带阴影中国热力图",
    "description": "",
    "latestVersion": 2,
    "alwaysLatest": 1,
    "createTime": "2020-07-22T09:41:35.000Z",
    "lastUpdateTime": "2020-07-22T09:41:35.000Z",
    "auth": 2,
    "uid": "obd-o2-aTjNCXh_ADELOPM4d70VB1G3Oy6I",
    "publishedVersion": 0,
    "forkFrom": "-",
    "isSpam": 0,
    "version": 2,
    "parentVersion": 1,
    "echartsVersion": "4.8.0",
    "versionCreateTime": "2020-08-07T01:18:14.000Z",
    "html": "",
    "externalScripts": "/dep/echarts/map/js/china.js",
    "updaterUID": "obd-o2-aTjNCXh_ADELOPM4d70VB1G3Oy6I",
    "theme": "",
    "layout": "",
    "viewCount": 6652,
    "userName": "衰***命",
    "commentCount": 0,
    "starCount": 23,
    "isStared": 0,
    "thumbnailURL": "https://www.makeapie.com/ecg-storage/ec_gallery_thumbnail/xpS0XykpeX.png?v=1596763094623",
    "isCustomThumbnail": 0,
    "builtinTags": [
        "category-work",
        "geo",
        "series-map",
        "tooltip",
        "visualMap"
    ],
    "customTags": [],
    "updaterUserName": "衰***命"
}