{
    "cid": "xssaseztAo",
    "authorUid": "bd-2304026310",
    "authorUserName": "x***e",
    "title": "仪表盘",
    "description": "",
    "latestVersion": 4,
    "alwaysLatest": 1,
    "createTime": "2020-07-10T15:13:11.000Z",
    "lastUpdateTime": "2020-07-10T15:13:11.000Z",
    "auth": 2,
    "uid": "bd-2304026310",
    "publishedVersion": 0,
    "forkFrom": "-",
    "isSpam": 0,
    "version": 4,
    "parentVersion": 3,
    "echartsVersion": "4.8.0",
    "versionCreateTime": "2020-07-10T15:42:31.000Z",
    "html": "",
    "externalScripts": "",
    "updaterUID": "bd-2304026310",
    "theme": "",
    "layout": "",
    "viewCount": 2285,
    "userName": "x***e",
    "commentCount": 0,
    "starCount": 26,
    "isStared": 0,
    "thumbnailURL": "https://www.makeapie.com/ecg-storage/ec_gallery_thumbnail/xssaseztAo.png?v=1594395751394",
    "isCustomThumbnail": 0,
    "builtinTags": [
        "category-work",
        "series-gauge"
    ],
    "customTags": [],
    "updaterUserName": "x***e"
}