{
    "cid": "xtWKI3jP7Q",
    "authorUid": "obd-ojhmrVr7HMv34xoKX5wbXcbj4nEThDB",
    "authorUserName": "咔***尅",
    "title": "单柱line",
    "description": "",
    "latestVersion": 1,
    "alwaysLatest": 1,
    "createTime": "2020-07-15T06:46:35.000Z",
    "lastUpdateTime": "2020-07-15T06:46:35.000Z",
    "auth": 2,
    "uid": "obd-ojhmrVr7HMv34xoKX5wbXcbj4nEThDB",
    "publishedVersion": 0,
    "forkFrom": "-",
    "isSpam": 0,
    "version": 1,
    "parentVersion": -1,
    "echartsVersion": "4.8.0",
    "versionCreateTime": "2020-07-15T06:46:35.000Z",
    "html": "",
    "externalScripts": "",
    "updaterUID": "obd-ojhmrVr7HMv34xoKX5wbXcbj4nEThDB",
    "theme": "",
    "layout": "",
    "viewCount": 6947,
    "userName": "咔***尅",
    "commentCount": 1,
    "starCount": 35,
    "isStared": 0,
    "thumbnailURL": "https://www.makeapie.com/ecg-storage/ec_gallery_thumbnail/xtWKI3jP7Q.png?v=1594795595663",
    "isCustomThumbnail": 0,
    "builtinTags": [
        "category-work",
        "grid",
        "legend",
        "series-bar",
        "tooltip"
    ],
    "customTags": [],
    "updaterUserName": "咔***尅"
}