{
    "cid": "xxlz1UR9A3",
    "authorUid": "bd-2304026310",
    "authorUserName": "x***e",
    "title": "流程图",
    "description": "自动生成流程图，并带特效",
    "latestVersion": 1,
    "alwaysLatest": 1,
    "createTime": "2020-06-20T05:41:37.000Z",
    "lastUpdateTime": "2020-06-20T05:41:37.000Z",
    "auth": 2,
    "uid": "bd-2304026310",
    "publishedVersion": 0,
    "forkFrom": "-",
    "isSpam": 0,
    "version": 1,
    "parentVersion": -1,
    "echartsVersion": "4.8.0",
    "versionCreateTime": "2020-06-20T05:41:37.000Z",
    "html": "",
    "externalScripts": "",
    "updaterUID": "bd-2304026310",
    "theme": "",
    "layout": "",
    "viewCount": 5347,
    "userName": "x***e",
    "commentCount": 0,
    "starCount": 28,
    "isStared": 0,
    "thumbnailURL": "https://www.makeapie.com/ecg-storage/ec_gallery_thumbnail/xxlz1UR9A3.png?v=1592631697473",
    "isCustomThumbnail": 0,
    "builtinTags": [
        "category-work",
        "grid",
        "series-graph",
        "series-lines",
        "tooltip"
    ],
    "customTags": [],
    "updaterUserName": "x***e"
}