{
    "cid": "xzrC7E63SH",
    "authorUid": "bd-2182780168",
    "authorUserName": "偶***道",
    "title": "雷达图-tooltip显示单轴数据",
    "description": "tooltip出发对应轴上的数据",
    "latestVersion": 1,
    "alwaysLatest": 1,
    "createTime": "2020-07-07T08:17:10.000Z",
    "lastUpdateTime": "2020-07-07T08:17:10.000Z",
    "auth": 2,
    "uid": "bd-2182780168",
    "publishedVersion": 0,
    "forkFrom": "-",
    "isSpam": 0,
    "version": 1,
    "parentVersion": -1,
    "echartsVersion": "4.8.0",
    "versionCreateTime": "2020-07-07T08:17:10.000Z",
    "html": "",
    "externalScripts": "",
    "updaterUID": "bd-2182780168",
    "theme": "",
    "layout": "",
    "viewCount": 6637,
    "userName": "偶***道",
    "commentCount": 1,
    "starCount": 32,
    "isStared": 0,
    "thumbnailURL": "https://www.makeapie.com/ecg-storage/ec_gallery_thumbnail/xzrC7E63SH.png?v=1594109830823",
    "isCustomThumbnail": 0,
    "builtinTags": [
        "category-work",
        "radar",
        "series-radar",
        "tooltip"
    ],
    "customTags": [],
    "updaterUserName": "偶***道"
}