{
    "cid": "xZSAU5f0ss",
    "authorUid": "bd-1841183165",
    "authorUserName": "o***趣",
    "title": "Transactions History",
    "description": "",
    "latestVersion": 2,
    "alwaysLatest": 1,
    "createTime": "2020-07-24T01:39:08.000Z",
    "lastUpdateTime": "2020-07-24T01:39:08.000Z",
    "auth": 2,
    "uid": "bd-1841183165",
    "publishedVersion": 0,
    "forkFrom": "-",
    "isSpam": 0,
    "version": 2,
    "parentVersion": 1,
    "echartsVersion": "4.8.0",
    "versionCreateTime": "2020-08-03T06:13:03.000Z",
    "html": "",
    "externalScripts": "",
    "updaterUID": "bd-1841183165",
    "theme": "",
    "layout": "",
    "viewCount": 6162,
    "userName": "o***趣",
    "commentCount": 0,
    "starCount": 26,
    "isStared": 0,
    "thumbnailURL": "https://www.makeapie.com/ecg-storage/ec_gallery_thumbnail/xZSAU5f0ss.png?v=1596435184040",
    "isCustomThumbnail": 0,
    "builtinTags": [
        "category-work",
        "grid",
        "legend",
        "series-line",
        "tooltip"
    ],
    "customTags": [],
    "updaterUserName": "o***趣"
}