{
    "cid": "xzzM_TP5o9",
    "authorUid": "obd-o2SyhOr9EA8c8Fs8q9dMyZ9h2p_L6BO",
    "authorUserName": "狒***落",
    "title": "重叠饼图，多线指标",
    "description": "",
    "latestVersion": 1,
    "alwaysLatest": 1,
    "createTime": "2020-07-24T02:41:57.000Z",
    "lastUpdateTime": "2020-07-24T02:41:57.000Z",
    "auth": 2,
    "uid": "obd-o2SyhOr9EA8c8Fs8q9dMyZ9h2p_L6BO",
    "publishedVersion": 0,
    "forkFrom": "-",
    "isSpam": 0,
    "version": 1,
    "parentVersion": -1,
    "echartsVersion": "4.8.0",
    "versionCreateTime": "2020-07-24T02:41:57.000Z",
    "html": "",
    "externalScripts": "",
    "updaterUID": "obd-o2SyhOr9EA8c8Fs8q9dMyZ9h2p_L6BO",
    "theme": "",
    "layout": "",
    "viewCount": 2936,
    "userName": "狒***落",
    "commentCount": 0,
    "starCount": 22,
    "isStared": 0,
    "thumbnailURL": "https://www.makeapie.com/ecg-storage/ec_gallery_thumbnail/xzzM_TP5o9.png?v=1595558517611",
    "isCustomThumbnail": 0,
    "builtinTags": [
        "category-work",
        "series-pie"
    ],
    "customTags": [],
    "updaterUserName": "狒***落"
}