{
    "cid": "xB17ZA7ruf",
    "authorUid": "bd-441871429",
    "authorUserName": "牧羊yun",
    "title": "2.1.2\t食品经营情况",
    "description": "地区办理事项排名",
    "latestVersion": 2,
    "alwaysLatest": 1,
    "createTime": "2018-03-01T07:38:35.000Z",
    "lastUpdateTime": "2018-03-01T07:38:35.000Z",
    "auth": 2,
    "uid": "bd-441871429",
    "publishedVersion": 0,
    "forkFrom": "-",
    "isSpam": 0,
    "version": 2,
    "parentVersion": 1,
    "echartsVersion": "4.0.4",
    "versionCreateTime": "2018-03-01T08:16:46.000Z",
    "html": "",
    "externalScripts": "",
    "updaterUID": "bd-441871429",
    "theme": "",
    "layout": "",
    "viewCount": 2132,
    "userName": "牧羊yun",
    "commentCount": 0,
    "starCount": 5,
    "isStared": 0,
    "thumbnailURL": "https://www.makeapie.com/ecg-storage/ec_gallery_thumbnail/xB17ZA7ruf.png?v=1519892206135",
    "isCustomThumbnail": 0,
    "builtinTags": [
        "category-work",
        "grid",
        "legend",
        "series-bar",
        "title",
        "toolbox",
        "tooltip"
    ],
    "customTags": [],
    "updaterUserName": "牧羊yun"
}