{
    "cid": "xB1G5sVr_z",
    "authorUid": "bd-1679792466",
    "authorUserName": "沉沦在回忆中",
    "title": "食品生产情况",
    "description": "每年企业新办/注销许可证趋势",
    "latestVersion": 1,
    "alwaysLatest": 1,
    "createTime": "2018-03-01T08:36:25.000Z",
    "lastUpdateTime": "2018-03-01T08:36:25.000Z",
    "auth": 2,
    "uid": "bd-1679792466",
    "publishedVersion": 0,
    "forkFrom": "-",
    "isSpam": 0,
    "version": 1,
    "parentVersion": -1,
    "echartsVersion": "4.0.4",
    "versionCreateTime": "2018-03-01T08:36:25.000Z",
    "html": "",
    "externalScripts": "",
    "updaterUID": "bd-1679792466",
    "theme": "",
    "layout": "",
    "viewCount": 3759,
    "userName": "沉沦在回忆中",
    "commentCount": 0,
    "starCount": 6,
    "isStared": 0,
    "thumbnailURL": "https://www.makeapie.com/ecg-storage/ec_gallery_thumbnail/xB1G5sVr_z.png?v=1519893385894",
    "isCustomThumbnail": 0,
    "builtinTags": [
        "category-work",
        "grid",
        "legend",
        "series-line",
        "title",
        "tooltip"
    ],
    "customTags": [],
    "updaterUserName": "沉沦在回忆中"
}