{
    "cid": "xB1k4tNB_z",
    "authorUid": "bd-441871429",
    "authorUserName": "牧羊yun",
    "title": "食品经营情况",
    "description": "办理事项超时地区Top5",
    "latestVersion": 5,
    "alwaysLatest": 1,
    "createTime": "2018-03-01T08:26:15.000Z",
    "lastUpdateTime": "2018-03-01T08:26:15.000Z",
    "auth": 2,
    "uid": "bd-441871429",
    "publishedVersion": 0,
    "forkFrom": "-",
    "isSpam": 0,
    "version": 5,
    "parentVersion": 4,
    "echartsVersion": "4.0.4",
    "versionCreateTime": "2018-03-02T02:39:44.000Z",
    "html": "",
    "externalScripts": "",
    "updaterUID": "bd-441871429",
    "theme": "",
    "layout": "",
    "viewCount": 1193,
    "userName": "牧羊yun",
    "commentCount": 0,
    "starCount": 5,
    "isStared": 0,
    "thumbnailURL": "https://www.makeapie.com/ecg-storage/ec_gallery_thumbnail/xB1k4tNB_z.png?v=1519958384271",
    "isCustomThumbnail": 0,
    "builtinTags": [
        "category-work",
        "grid",
        "legend",
        "series-bar",
        "title",
        "tooltip"
    ],
    "customTags": [],
    "updaterUserName": "牧羊yun"
}