{
    "cid": "xBJ3iL4BOG",
    "authorUid": "bd-1353429936",
    "authorUserName": "m***e",
    "title": "政策匹配度",
    "description": "渐变 柱状图",
    "latestVersion": 1,
    "alwaysLatest": 1,
    "createTime": "2018-03-01T08:15:32.000Z",
    "lastUpdateTime": "2018-03-01T08:15:32.000Z",
    "auth": 2,
    "uid": "bd-1353429936",
    "publishedVersion": 0,
    "forkFrom": "-",
    "isSpam": 0,
    "version": 1,
    "parentVersion": -1,
    "echartsVersion": "4.0.4",
    "versionCreateTime": "2018-03-01T08:15:32.000Z",
    "html": "",
    "externalScripts": "",
    "updaterUID": "bd-1353429936",
    "theme": "",
    "layout": "",
    "viewCount": 8704,
    "userName": "m***e",
    "commentCount": 0,
    "starCount": 38,
    "isStared": 0,
    "thumbnailURL": "https://www.makeapie.com/ecg-storage/ec_gallery_thumbnail/xBJ3iL4BOG.png?v=1519892132271",
    "isCustomThumbnail": 0,
    "builtinTags": [
        "category-work",
        "grid",
        "series-bar",
        "title",
        "tooltip"
    ],
    "customTags": [],
    "updaterUserName": "m***e"
}