{
    "cid": "xBkIrHkV_G",
    "authorUid": "bd-1679792466",
    "authorUserName": "沉沦在回忆中",
    "title": "地区办理事项排名",
    "description": "条形图",
    "latestVersion": 8,
    "alwaysLatest": 1,
    "createTime": "2018-02-28T08:15:57.000Z",
    "lastUpdateTime": "2018-02-28T08:15:57.000Z",
    "auth": 2,
    "uid": "bd-1679792466",
    "publishedVersion": 0,
    "forkFrom": "-",
    "isSpam": 0,
    "version": 8,
    "parentVersion": 7,
    "echartsVersion": "4.0.4",
    "versionCreateTime": "2018-03-06T08:43:09.000Z",
    "html": "",
    "externalScripts": "",
    "updaterUID": "bd-1679792466",
    "theme": "",
    "layout": "",
    "viewCount": 276,
    "userName": "沉沦在回忆中",
    "commentCount": 0,
    "starCount": 0,
    "isStared": 0,
    "thumbnailURL": "https://www.makeapie.com/ecg-storage/ec_gallery_thumbnail/xBkIrHkV_G.png?v=1520325790085",
    "isCustomThumbnail": 0,
    "builtinTags": [
        "category-work",
        "grid",
        "series-bar",
        "title",
        "tooltip"
    ],
    "customTags": [],
    "updaterUserName": "沉沦在回忆中"
}