{
    "cid": "xByzmNESdf",
    "authorUid": "bd-3030149739",
    "authorUserName": "呜啦啦0303",
    "title": "市场监管主题数据概况",
    "description": "",
    "latestVersion": 4,
    "alwaysLatest": 1,
    "createTime": "2018-03-01T08:04:42.000Z",
    "lastUpdateTime": "2018-03-01T08:04:42.000Z",
    "auth": 2,
    "uid": "bd-3030149739",
    "publishedVersion": 0,
    "forkFrom": "-",
    "isSpam": 0,
    "version": 4,
    "parentVersion": 3,
    "echartsVersion": "4.0.4",
    "versionCreateTime": "2018-03-01T08:13:44.000Z",
    "html": "",
    "externalScripts": "",
    "updaterUID": "bd-3030149739",
    "theme": "",
    "layout": "",
    "viewCount": 4308,
    "userName": "呜啦啦0303",
    "commentCount": 0,
    "starCount": 8,
    "isStared": 0,
    "thumbnailURL": "https://www.makeapie.com/ecg-storage/ec_gallery_thumbnail/xByzmNESdf.png?v=1519892025083",
    "isCustomThumbnail": 0,
    "builtinTags": [
        "category-work",
        "grid",
        "legend",
        "series-bar"
    ],
    "customTags": [],
    "updaterUserName": "呜啦啦0303"
}