{
    "cid": "xH1apr4rdM",
    "authorUid": "bd-1529786845",
    "authorUserName": "策少昊",
    "title": "数据分析/关键词",
    "description": "数据分析、关键词图标",
    "latestVersion": 3,
    "alwaysLatest": 1,
    "createTime": "2018-03-01T08:11:48.000Z",
    "lastUpdateTime": "2018-03-01T08:11:48.000Z",
    "auth": 1,
    "uid": "bd-1529786845",
    "publishedVersion": 0,
    "forkFrom": "-",
    "isSpam": 0,
    "version": 3,
    "parentVersion": 2,
    "echartsVersion": "4.0.4",
    "versionCreateTime": "2018-03-01T08:16:24.000Z",
    "html": "",
    "externalScripts": "",
    "updaterUID": "bd-1529786845",
    "theme": "",
    "layout": "",
    "viewCount": 240,
    "userName": "策少昊",
    "commentCount": 0,
    "starCount": 0,
    "isStared": 0,
    "thumbnailURL": "https://www.makeapie.com/ecg-storage/ec_gallery_thumbnail/xH1apr4rdM.png?v=1519892184644",
    "isCustomThumbnail": 0,
    "builtinTags": [
        "category-work",
        "grid",
        "legend",
        "series-line",
        "tooltip"
    ],
    "customTags": [],
    "updaterUserName": "策少昊"
}