{
    "cid": "xHJj9qx4uM",
    "authorUid": "bd-441871429",
    "authorUserName": "牧羊yun",
    "title": "食品生产监管情况",
    "description": "单位办理事项排名",
    "latestVersion": 2,
    "alwaysLatest": 1,
    "createTime": "2018-02-28T09:46:58.000Z",
    "lastUpdateTime": "2018-02-28T09:46:58.000Z",
    "auth": 2,
    "uid": "bd-441871429",
    "publishedVersion": 0,
    "forkFrom": "-",
    "isSpam": 0,
    "version": 2,
    "parentVersion": 1,
    "echartsVersion": "4.0.3",
    "versionCreateTime": "2018-02-28T10:06:42.000Z",
    "html": "",
    "externalScripts": "",
    "updaterUID": "bd-441871429",
    "theme": "",
    "layout": "",
    "viewCount": 101,
    "userName": "牧羊yun",
    "commentCount": 0,
    "starCount": 0,
    "isStared": 0,
    "thumbnailURL": "https://www.makeapie.com/ecg-storage/ec_gallery_thumbnail/xHJj9qx4uM.png?v=1519812403013",
    "isCustomThumbnail": 0,
    "builtinTags": [
        "category-work",
        "grid",
        "legend",
        "series-bar",
        "title",
        "toolbox",
        "tooltip"
    ],
    "customTags": [],
    "updaterUserName": "牧羊yun"
}