{
    "cid": "xHyH8Gx4uG",
    "authorUid": "bd-2702415119",
    "authorUserName": "口口未央口",
    "title": "bug模块分布",
    "description": "",
    "latestVersion": 1,
    "alwaysLatest": 1,
    "createTime": "2018-02-28T09:11:40.000Z",
    "lastUpdateTime": "2018-02-28T09:11:40.000Z",
    "auth": 2,
    "uid": "bd-2702415119",
    "publishedVersion": 0,
    "forkFrom": "-",
    "isSpam": 0,
    "version": 1,
    "parentVersion": -1,
    "echartsVersion": "4.0.3",
    "versionCreateTime": "2018-02-28T09:11:40.000Z",
    "html": "",
    "externalScripts": "",
    "updaterUID": "bd-2702415119",
    "theme": "",
    "layout": "",
    "viewCount": 73,
    "userName": "口口未央口",
    "commentCount": 0,
    "starCount": 0,
    "isStared": 0,
    "thumbnailURL": "https://www.makeapie.com/ecg-storage/ec_gallery_thumbnail/xHyH8Gx4uG.png?v=1519809100860",
    "isCustomThumbnail": 0,
    "builtinTags": [
        "category-work",
        "grid",
        "legend",
        "series-bar",
        "title",
        "tooltip"
    ],
    "customTags": [],
    "updaterUserName": "口口未央口"
}