{
    "cid": "xrJkv-mSOf",
    "authorUid": "bd-489365109",
    "authorUserName": "孙建辉0824",
    "title": "关系图",
    "description": "",
    "latestVersion": 1,
    "alwaysLatest": 1,
    "createTime": "2018-03-01T06:44:38.000Z",
    "lastUpdateTime": "2018-03-01T06:44:38.000Z",
    "auth": 2,
    "uid": "bd-489365109",
    "publishedVersion": 0,
    "forkFrom": "-",
    "isSpam": 0,
    "version": 1,
    "parentVersion": -1,
    "echartsVersion": "4.0.4",
    "versionCreateTime": "2018-03-01T06:44:38.000Z",
    "html": "",
    "externalScripts": "",
    "updaterUID": "bd-489365109",
    "theme": "",
    "layout": "",
    "viewCount": 4750,
    "userName": "孙建辉0824",
    "commentCount": 1,
    "starCount": 8,
    "isStared": 0,
    "thumbnailURL": "https://www.makeapie.com/ecg-storage/ec_gallery_thumbnail/xrJkv-mSOf.png?v=1519886678835",
    "isCustomThumbnail": 0,
    "builtinTags": [
        "category-work",
        "legend",
        "series-graph",
        "title",
        "tooltip"
    ],
    "customTags": [],
    "updaterUserName": "孙建辉0824"
}