{
    "cid": "xrkym4zSuM",
    "authorUid": "bd-441871429",
    "authorUserName": "牧羊yun",
    "title": "食品经营情况",
    "description": "单位办理事项排名",
    "latestVersion": 7,
    "alwaysLatest": 1,
    "createTime": "2018-03-01T05:48:07.000Z",
    "lastUpdateTime": "2018-03-01T05:48:07.000Z",
    "auth": 2,
    "uid": "bd-441871429",
    "publishedVersion": 0,
    "forkFrom": "-",
    "isSpam": 0,
    "version": 7,
    "parentVersion": 6,
    "echartsVersion": "4.0.4",
    "versionCreateTime": "2018-03-01T08:20:06.000Z",
    "html": "",
    "externalScripts": "",
    "updaterUID": "bd-441871429",
    "theme": "",
    "layout": "",
    "viewCount": 470,
    "userName": "牧羊yun",
    "commentCount": 0,
    "starCount": 2,
    "isStared": 0,
    "thumbnailURL": "https://www.makeapie.com/ecg-storage/ec_gallery_thumbnail/xrkym4zSuM.png?v=1519892406624",
    "isCustomThumbnail": 0,
    "builtinTags": [
        "category-work",
        "grid",
        "legend",
        "series-bar",
        "title",
        "toolbox",
        "tooltip"
    ],
    "customTags": [],
    "updaterUserName": "牧羊yun"
}