{
    "cid": "xryr3u0QdM",
    "authorUid": "bd-1353429936",
    "authorUserName": "m***e",
    "title": "负面信息分布",
    "description": "饼图",
    "latestVersion": 1,
    "alwaysLatest": 1,
    "createTime": "2018-02-28T07:22:21.000Z",
    "lastUpdateTime": "2018-02-28T07:22:21.000Z",
    "auth": 2,
    "uid": "bd-1353429936",
    "publishedVersion": 0,
    "forkFrom": "-",
    "isSpam": 0,
    "version": 1,
    "parentVersion": -1,
    "echartsVersion": "4.0.3",
    "versionCreateTime": "2018-02-28T07:22:21.000Z",
    "html": "",
    "externalScripts": "",
    "updaterUID": "bd-1353429936",
    "theme": "",
    "layout": "",
    "viewCount": 84,
    "userName": "m***e",
    "commentCount": 0,
    "starCount": 0,
    "isStared": 0,
    "thumbnailURL": "https://www.makeapie.com/ecg-storage/ec_gallery_thumbnail/xryr3u0QdM.png?v=1519802541431",
    "isCustomThumbnail": 1,
    "builtinTags": [
        "category-work",
        "legend",
        "series-pie",
        "title",
        "tooltip"
    ],
    "customTags": [],
    "updaterUserName": "m***e"
}