{
    "cid": "xryTQ40mdG",
    "authorUid": "bd-1261501031",
    "authorUserName": "邓***e",
    "title": "检查主体信息分析",
    "description": "数据来自网络",
    "latestVersion": 1,
    "alwaysLatest": 1,
    "createTime": "2018-02-28T07:03:01.000Z",
    "lastUpdateTime": "2018-02-28T07:03:01.000Z",
    "auth": 2,
    "uid": "bd-1261501031",
    "publishedVersion": 0,
    "forkFrom": "-",
    "isSpam": 0,
    "version": 1,
    "parentVersion": -1,
    "echartsVersion": "4.0.3",
    "versionCreateTime": "2018-02-28T07:03:01.000Z",
    "html": "",
    "externalScripts": "",
    "updaterUID": "bd-1261501031",
    "theme": "",
    "layout": "",
    "viewCount": 320,
    "userName": "邓***e",
    "commentCount": 0,
    "starCount": 1,
    "isStared": 0,
    "thumbnailURL": "https://www.makeapie.com/ecg-storage/ec_gallery_thumbnail/xryTQ40mdG.png?v=1519801381624",
    "isCustomThumbnail": 0,
    "builtinTags": [
        "category-work",
        "grid",
        "legend",
        "markLine",
        "markPoint",
        "series-bar",
        "series-line",
        "title",
        "toolbox",
        "tooltip"
    ],
    "customTags": [],
    "updaterUserName": "邓***e"
}