{
    "cid": "xS1W83HSOG",
    "authorUid": "bd-441871429",
    "authorUserName": "牧羊yun",
    "title": "广西食品经营许可——各主体获证情况",
    "description": "柱状图",
    "latestVersion": 5,
    "alwaysLatest": 1,
    "createTime": "2018-03-01T09:47:53.000Z",
    "lastUpdateTime": "2018-03-01T09:47:53.000Z",
    "auth": 2,
    "uid": "bd-441871429",
    "publishedVersion": 0,
    "forkFrom": "-",
    "isSpam": 0,
    "version": 5,
    "parentVersion": 4,
    "echartsVersion": "4.0.4",
    "versionCreateTime": "2018-03-02T06:13:25.000Z",
    "html": "",
    "externalScripts": "",
    "updaterUID": "bd-441871429",
    "theme": "",
    "layout": "",
    "viewCount": 83,
    "userName": "牧羊yun",
    "commentCount": 0,
    "starCount": 0,
    "isStared": 0,
    "thumbnailURL": "https://www.makeapie.com/ecg-storage/ec_gallery_thumbnail/xS1W83HSOG.png?v=1519971206069",
    "isCustomThumbnail": 0,
    "builtinTags": [
        "category-work",
        "grid",
        "legend",
        "series-bar",
        "series-line",
        "title",
        "tooltip"
    ],
    "customTags": [],
    "updaterUserName": "牧羊yun"
}