{
    "cid": "xSJvXigS_f",
    "authorUid": "bd-2334527171",
    "authorUserName": "tommywl",
    "title": "开工项目和精装项目总建面积",
    "description": "优采大数据",
    "latestVersion": 1,
    "alwaysLatest": 1,
    "createTime": "2018-03-01T04:01:35.000Z",
    "lastUpdateTime": "2018-03-01T04:01:35.000Z",
    "auth": 2,
    "uid": "bd-2334527171",
    "publishedVersion": 0,
    "forkFrom": "-",
    "isSpam": 0,
    "version": 1,
    "parentVersion": -1,
    "echartsVersion": "4.0.4",
    "versionCreateTime": "2018-03-01T04:01:35.000Z",
    "html": "",
    "externalScripts": "",
    "updaterUID": "bd-2334527171",
    "theme": "",
    "layout": "",
    "viewCount": 108,
    "userName": "tommywl",
    "commentCount": 0,
    "starCount": 1,
    "isStared": 0,
    "thumbnailURL": "https://www.makeapie.com/ecg-storage/ec_gallery_thumbnail/xSJvXigS_f.png?v=1519876895542",
    "isCustomThumbnail": 0,
    "builtinTags": [
        "category-work",
        "grid",
        "legend",
        "markLine",
        "markPoint",
        "series-bar",
        "title",
        "toolbox",
        "tooltip"
    ],
    "customTags": [],
    "updaterUserName": "tommywl"
}