{
    "cid": "xSk0e01rOG",
    "authorUid": "bd-441871429",
    "authorUserName": "牧羊yun",
    "title": "食品经营情况",
    "description": "每年新办许可证趋势",
    "latestVersion": 4,
    "alwaysLatest": 1,
    "createTime": "2018-03-01T03:05:25.000Z",
    "lastUpdateTime": "2018-03-01T03:05:25.000Z",
    "auth": 2,
    "uid": "bd-441871429",
    "publishedVersion": 0,
    "forkFrom": "-",
    "isSpam": 0,
    "version": 4,
    "parentVersion": 3,
    "echartsVersion": "4.0.4",
    "versionCreateTime": "2018-03-01T03:32:54.000Z",
    "html": "",
    "externalScripts": "",
    "updaterUID": "bd-441871429",
    "theme": "",
    "layout": "",
    "viewCount": 27,
    "userName": "牧羊yun",
    "commentCount": 0,
    "starCount": 0,
    "isStared": 0,
    "thumbnailURL": "https://www.makeapie.com/ecg-storage/ec_gallery_thumbnail/xSk0e01rOG.png?v=1519875174089",
    "isCustomThumbnail": 0,
    "builtinTags": [
        "category-work",
        "grid",
        "legend",
        "series-line",
        "title",
        "toolbox",
        "tooltip"
    ],
    "customTags": [],
    "updaterUserName": "牧羊yun"
}