{
    "cid": "xSk1g9VrOM",
    "authorUid": "bd-441871429",
    "authorUserName": "牧羊yun",
    "title": "食品经营情况",
    "description": "季度事项趋势分析",
    "latestVersion": 6,
    "alwaysLatest": 1,
    "createTime": "2018-03-01T08:29:27.000Z",
    "lastUpdateTime": "2018-03-01T08:29:27.000Z",
    "auth": 2,
    "uid": "bd-441871429",
    "publishedVersion": 0,
    "forkFrom": "-",
    "isSpam": 0,
    "version": 6,
    "parentVersion": 5,
    "echartsVersion": "4.0.4",
    "versionCreateTime": "2018-03-02T09:11:40.000Z",
    "html": "",
    "externalScripts": "",
    "updaterUID": "bd-441871429",
    "theme": "",
    "layout": "",
    "viewCount": 62,
    "userName": "牧羊yun",
    "commentCount": 0,
    "starCount": 1,
    "isStared": 0,
    "thumbnailURL": "https://www.makeapie.com/ecg-storage/ec_gallery_thumbnail/xSk1g9VrOM.png?v=1519981900320",
    "isCustomThumbnail": 0,
    "builtinTags": [
        "category-work",
        "grid",
        "legend",
        "series-bar",
        "series-line",
        "title",
        "tooltip"
    ],
    "customTags": [],
    "updaterUserName": "牧羊yun"
}