{
    "cid": "xSkkrM-Edf",
    "authorUid": "bd-441871429",
    "authorUserName": "牧羊yun",
    "title": "食品生产监管情况",
    "description": "新办率",
    "latestVersion": 3,
    "alwaysLatest": 1,
    "createTime": "2018-02-28T10:19:35.000Z",
    "lastUpdateTime": "2018-02-28T10:19:35.000Z",
    "auth": 2,
    "uid": "bd-441871429",
    "publishedVersion": 0,
    "forkFrom": "-",
    "isSpam": 0,
    "version": 3,
    "parentVersion": 2,
    "echartsVersion": "4.0.4",
    "versionCreateTime": "2018-03-01T05:41:45.000Z",
    "html": "",
    "externalScripts": "",
    "updaterUID": "bd-441871429",
    "theme": "",
    "layout": "",
    "viewCount": 121,
    "userName": "牧羊yun",
    "commentCount": 0,
    "starCount": 0,
    "isStared": 0,
    "thumbnailURL": "https://www.makeapie.com/ecg-storage/ec_gallery_thumbnail/xSkkrM-Edf.png?v=1519882905495",
    "isCustomThumbnail": 0,
    "builtinTags": [
        "category-work",
        "series-pie",
        "title",
        "tooltip"
    ],
    "customTags": [],
    "updaterUserName": "牧羊yun"
}