{
    "cid": "xSklc2amdf",
    "authorUid": "bd-1245979803",
    "authorUserName": "d***t",
    "title": "手机CPU性能",
    "description": "数据来源网络",
    "latestVersion": 6,
    "alwaysLatest": 1,
    "createTime": "2018-02-28T06:30:31.000Z",
    "lastUpdateTime": "2018-02-28T06:30:31.000Z",
    "auth": 2,
    "uid": "bd-1245979803",
    "publishedVersion": 0,
    "forkFrom": "-",
    "isSpam": 0,
    "version": 6,
    "parentVersion": 5,
    "echartsVersion": "4.8.0",
    "versionCreateTime": "2020-11-18T01:55:28.000Z",
    "html": "",
    "externalScripts": "",
    "updaterUID": "bd-1245979803",
    "theme": "",
    "layout": "",
    "viewCount": 5824,
    "userName": "d***t",
    "commentCount": 0,
    "starCount": 21,
    "isStared": 0,
    "thumbnailURL": "https://www.makeapie.com/ecg-storage/ec_gallery_thumbnail/xSklc2amdf.png?v=1605664528304",
    "isCustomThumbnail": 0,
    "builtinTags": [
        "category-work",
        "legend",
        "radar",
        "series-radar",
        "series-sunburst",
        "title",
        "tooltip"
    ],
    "customTags": [],
    "updaterUserName": "d***t"
}