{
    "cid": "x2SMRAhEQfZ",
    "authorUid": "bd-6442928284",
    "authorUserName": "流***r",
    "title": "柱图拖拽交互",
    "description": "",
    "latestVersion": 1,
    "alwaysLatest": 1,
    "createTime": "2021-03-23T06:52:04.000Z",
    "lastUpdateTime": "2021-03-23T06:52:04.000Z",
    "auth": 2,
    "uid": "bd-6442928284",
    "publishedVersion": 0,
    "forkFrom": "-",
    "isSpam": 0,
    "version": 1,
    "parentVersion": -1,
    "echartsVersion": "5.0.2",
    "versionCreateTime": "2021-03-23T06:52:04.000Z",
    "html": "",
    "externalScripts": "echarts5,https://lib.baomitu.com/echarts/5.0.2/echarts.js",
    "updaterUID": "bd-6442928284",
    "theme": "",
    "layout": "",
    "viewCount": 53,
    "userName": "流***r",
    "commentCount": 2,
    "starCount": 0,
    "isStared": 0,
    "thumbnailURL": "https://www.makeapie.com/ecg-storage/ec_gallery_thumbnail/x2SMRAhEQfZ.png?v=1616482324812",
    "isCustomThumbnail": 0,
    "builtinTags": [
        "category-work",
        "graphic",
        "grid",
        "series-bar",
        "title",
        "tooltip"
    ],
    "customTags": [
        "交互",
        "拖拽",
        "柱图"
    ],
    "updaterUserName": "流***r"
}