{
    "cid": "xDLg1wi9Ma",
    "authorUid": "obd-otBkE5aXvENhKJNHe7P4quGSE9psc8k",
    "authorUserName": "一***0",
    "title": "侧边柱状图+柱子渐变色",
    "description": "",
    "latestVersion": 2,
    "alwaysLatest": 1,
    "createTime": "2021-03-20T03:16:52.000Z",
    "lastUpdateTime": "2021-03-20T03:16:52.000Z",
    "auth": 2,
    "uid": "obd-otBkE5aXvENhKJNHe7P4quGSE9psc8k",
    "publishedVersion": 0,
    "forkFrom": "-",
    "isSpam": 0,
    "version": 2,
    "parentVersion": 1,
    "echartsVersion": "4.9.0",
    "versionCreateTime": "2021-05-15T07:42:30.000Z",
    "html": "",
    "externalScripts": "",
    "updaterUID": "obd-otBkE5aXvENhKJNHe7P4quGSE9psc8k",
    "theme": "",
    "layout": "",
    "viewCount": 55,
    "userName": "一***0",
    "commentCount": 0,
    "starCount": 0,
    "isStared": 0,
    "thumbnailURL": "https://www.makeapie.com/ecg-storage/ec_gallery_thumbnail/xDLg1wi9Ma.png?v=1621064550700",
    "isCustomThumbnail": 0,
    "builtinTags": [
        "category-work",
        "grid",
        "series-bar",
        "tooltip"
    ],
    "customTags": [],
    "updaterUserName": "一***0"
}