{
    "cid": "xLdL7Mw4hg",
    "authorUid": "obd-o2TqhU5V49yi28tSjDqysoIw4zUTi6H",
    "authorUserName": "m***h",
    "title": "高分段（600分以上）生源分布",
    "description": "",
    "latestVersion": 1,
    "alwaysLatest": 1,
    "createTime": "2021-03-23T06:12:42.000Z",
    "lastUpdateTime": "2021-03-23T06:12:42.000Z",
    "auth": 2,
    "uid": "obd-o2TqhU5V49yi28tSjDqysoIw4zUTi6H",
    "publishedVersion": 0,
    "forkFrom": "-",
    "isSpam": 0,
    "version": 1,
    "parentVersion": -1,
    "echartsVersion": "4.8.0",
    "versionCreateTime": "2021-03-23T06:12:42.000Z",
    "html": "",
    "externalScripts": "",
    "updaterUID": "obd-o2TqhU5V49yi28tSjDqysoIw4zUTi6H",
    "theme": "",
    "layout": "",
    "viewCount": 21,
    "userName": "m***h",
    "commentCount": 0,
    "starCount": 0,
    "isStared": 0,
    "thumbnailURL": "https://www.makeapie.com/ecg-storage/ec_gallery_thumbnail/xLdL7Mw4hg.png?v=1616479962841",
    "isCustomThumbnail": 0,
    "builtinTags": [
        "category-work",
        "grid",
        "series-bar",
        "title"
    ],
    "customTags": [],
    "updaterUserName": "m***h"
}