{
    "cid": "xlxzodfYEG",
    "authorUid": "bd-1832650076",
    "authorUserName": "凌***殇",
    "title": "【通用】柱状图/线状图 多参数封装",
    "description": " * @param {*} typeSelect  图表类型 line/bar\n * @param {*} ID  图表容器id\n * @param {*} xAxisArr  x轴文字数组\n * @param {*} nameArr   类别数组\n * @param {*} colorsArr  颜色数组\n * @param {*} dataArr  数据数组\n * @param {*} yAxisSet  是否双y轴\n * @param {*} yAxisUnit  y轴左右单位\n",
    "latestVersion": 3,
    "alwaysLatest": 1,
    "createTime": "2021-03-19T05:34:53.000Z",
    "lastUpdateTime": "2021-03-19T05:34:53.000Z",
    "auth": 2,
    "uid": "bd-1832650076",
    "publishedVersion": 0,
    "forkFrom": "-",
    "isSpam": 0,
    "version": 3,
    "parentVersion": 2,
    "echartsVersion": "4.9.0",
    "versionCreateTime": "2021-05-12T03:16:59.000Z",
    "html": "",
    "externalScripts": "",
    "updaterUID": "bd-1832650076",
    "theme": "",
    "layout": "",
    "viewCount": 37,
    "userName": "凌***殇",
    "commentCount": 0,
    "starCount": 0,
    "isStared": 0,
    "thumbnailURL": "https://www.makeapie.com/ecg-storage/ec_gallery_thumbnail/xlxzodfYEG.png?v=1620789419944",
    "isCustomThumbnail": 0,
    "builtinTags": [
        "category-work",
        "grid",
        "legend",
        "series-bar",
        "series-line",
        "tooltip"
    ],
    "customTags": [],
    "updaterUserName": "凌***殇"
}