{
    "cid": "xMjywpssmc",
    "authorUid": "bd-2115128819",
    "authorUserName": "2***k",
    "title": "Awesome Chart",
    "description": "我的作品",
    "latestVersion": 1,
    "alwaysLatest": 1,
    "createTime": "2021-03-22T08:42:04.000Z",
    "lastUpdateTime": "2021-03-22T08:42:04.000Z",
    "auth": 2,
    "uid": "bd-2115128819",
    "publishedVersion": 0,
    "forkFrom": "-",
    "isSpam": 0,
    "version": 1,
    "parentVersion": -1,
    "echartsVersion": "4.8.0",
    "versionCreateTime": "2021-03-22T08:42:04.000Z",
    "html": "",
    "externalScripts": "",
    "updaterUID": "bd-2115128819",
    "theme": "",
    "layout": "",
    "viewCount": 61,
    "userName": "2***k",
    "commentCount": 0,
    "starCount": 0,
    "isStared": 0,
    "thumbnailURL": "https://www.makeapie.com/ecg-storage/ec_gallery_thumbnail/xMjywpssmc.png?v=1616402524495",
    "isCustomThumbnail": 0,
    "builtinTags": [
        "category-work",
        "grid",
        "series-line",
        "title"
    ],
    "customTags": [],
    "updaterUserName": "2***k"
}