{
    "cid": "xSXlFAeXtq",
    "authorUid": "bd-2307958024",
    "authorUserName": "小***啊",
    "title": "进度条式水平柱状图",
    "description": "",
    "latestVersion": 1,
    "alwaysLatest": 1,
    "createTime": "2021-03-22T01:19:53.000Z",
    "lastUpdateTime": "2021-03-22T01:19:53.000Z",
    "auth": 2,
    "uid": "bd-2307958024",
    "publishedVersion": 0,
    "forkFrom": "-",
    "isSpam": 0,
    "version": 1,
    "parentVersion": -1,
    "echartsVersion": "4.8.0",
    "versionCreateTime": "2021-03-22T01:19:53.000Z",
    "html": "",
    "externalScripts": "",
    "updaterUID": "bd-2307958024",
    "theme": "",
    "layout": "",
    "viewCount": 36,
    "userName": "小***啊",
    "commentCount": 0,
    "starCount": 1,
    "isStared": 0,
    "thumbnailURL": "https://www.makeapie.com/ecg-storage/ec_gallery_thumbnail/xSXlFAeXtq.png?v=1616375993812",
    "isCustomThumbnail": 0,
    "builtinTags": [
        "category-work",
        "grid",
        "series-bar",
        "series-pictorialBar"
    ],
    "customTags": [],
    "updaterUserName": "小***啊"
}