{
    "cid": "xtvc0wXV1i",
    "authorUid": "bd-3553659272",
    "authorUserName": "你***来",
    "title": "",
    "description": "",
    "latestVersion": 10,
    "alwaysLatest": 1,
    "createTime": "2021-03-21T05:36:13.000Z",
    "lastUpdateTime": "2021-03-21T05:36:13.000Z",
    "auth": 2,
    "uid": "bd-3553659272",
    "publishedVersion": 0,
    "forkFrom": "-",
    "isSpam": 0,
    "version": 10,
    "parentVersion": 9,
    "echartsVersion": "4.8.0",
    "versionCreateTime": "2021-03-29T06:10:51.000Z",
    "html": "",
    "externalScripts": "/dep/echarts/map/js/china.js",
    "updaterUID": "bd-3553659272",
    "theme": "",
    "layout": "",
    "viewCount": 364,
    "userName": "你***来",
    "commentCount": 0,
    "starCount": 9,
    "isStared": 0,
    "thumbnailURL": "https://www.makeapie.com/ecg-storage/ec_gallery_thumbnail/xtvc0wXV1i.png?v=1616998251896",
    "isCustomThumbnail": 0,
    "builtinTags": [
        "category-work",
        "geo",
        "series-effectScatter",
        "series-map"
    ],
    "customTags": [],
    "updaterUserName": "你***来"
}