{
    "cid": "xuJud25f1s",
    "authorUid": "obd-oM1zzNOylAqD9wN1PP8nxTvMia6qi20",
    "authorUserName": "M***亮",
    "title": "系统运行桑基图",
    "description": "",
    "latestVersion": 1,
    "alwaysLatest": 1,
    "createTime": "2021-03-22T02:22:48.000Z",
    "lastUpdateTime": "2021-03-22T02:22:48.000Z",
    "auth": 2,
    "uid": "obd-oM1zzNOylAqD9wN1PP8nxTvMia6qi20",
    "publishedVersion": 0,
    "forkFrom": "-",
    "isSpam": 0,
    "version": 1,
    "parentVersion": -1,
    "echartsVersion": "4.8.0",
    "versionCreateTime": "2021-03-22T02:22:48.000Z",
    "html": "",
    "externalScripts": "",
    "updaterUID": "obd-oM1zzNOylAqD9wN1PP8nxTvMia6qi20",
    "theme": "",
    "layout": "",
    "viewCount": 66,
    "userName": "M***亮",
    "commentCount": 0,
    "starCount": 1,
    "isStared": 0,
    "thumbnailURL": "https://www.makeapie.com/ecg-storage/ec_gallery_thumbnail/xuJud25f1s.png?v=1616379769033",
    "isCustomThumbnail": 0,
    "builtinTags": [
        "category-work",
        "series-sankey",
        "tooltip"
    ],
    "customTags": [],
    "updaterUserName": "M***亮"
}