{
    "cid": "xZ7QKjbIm2",
    "authorUid": "bd-3033345977",
    "authorUserName": "p***h",
    "title": "Diagram 3.18",
    "description": "",
    "latestVersion": 1,
    "alwaysLatest": 1,
    "createTime": "2021-03-20T12:19:39.000Z",
    "lastUpdateTime": "2021-03-20T12:19:39.000Z",
    "auth": 2,
    "uid": "bd-3033345977",
    "publishedVersion": 0,
    "forkFrom": "-",
    "isSpam": 0,
    "version": 1,
    "parentVersion": -1,
    "echartsVersion": "4.8.0",
    "versionCreateTime": "2021-03-20T12:19:39.000Z",
    "html": "",
    "externalScripts": "",
    "updaterUID": "bd-3033345977",
    "theme": "",
    "layout": "",
    "viewCount": 22,
    "userName": "p***h",
    "commentCount": 0,
    "starCount": 0,
    "isStared": 0,
    "thumbnailURL": "https://www.makeapie.com/ecg-storage/ec_gallery_thumbnail/xZ7QKjbIm2.png?v=1616242779949",
    "isCustomThumbnail": 0,
    "builtinTags": [
        "category-work",
        "grid",
        "legend",
        "markLine",
        "series-bar",
        "series-line",
        "tooltip"
    ],
    "customTags": [],
    "updaterUserName": "p***h"
}