{
    "cid": "xZBhrBRvTY",
    "authorUid": "obd-oM1bP2PNHM2r9UvD73vSt5BUaV9E721",
    "authorUserName": "1***r",
    "title": "柱状图",
    "description": "",
    "latestVersion": 1,
    "alwaysLatest": 1,
    "createTime": "2021-03-22T01:30:12.000Z",
    "lastUpdateTime": "2021-03-22T01:30:12.000Z",
    "auth": 2,
    "uid": "obd-oM1bP2PNHM2r9UvD73vSt5BUaV9E721",
    "publishedVersion": 0,
    "forkFrom": "-",
    "isSpam": 0,
    "version": 1,
    "parentVersion": -1,
    "echartsVersion": "4.8.0",
    "versionCreateTime": "2021-03-22T01:30:12.000Z",
    "html": "",
    "externalScripts": "",
    "updaterUID": "obd-oM1bP2PNHM2r9UvD73vSt5BUaV9E721",
    "theme": "",
    "layout": "",
    "viewCount": 24,
    "userName": "1***r",
    "commentCount": 0,
    "starCount": 1,
    "isStared": 0,
    "thumbnailURL": "https://www.makeapie.com/ecg-storage/ec_gallery_thumbnail/xZBhrBRvTY.png?v=1616376612827",
    "isCustomThumbnail": 0,
    "builtinTags": [
        "category-work",
        "grid",
        "series-bar",
        "tooltip"
    ],
    "customTags": [
        "bar"
    ],
    "updaterUserName": "1***r"
}