{
    "cid": "xB1rCGo-ZZ",
    "authorUid": "bd-3231950184",
    "authorUserName": "158*****801",
    "title": "云南2006-2017年少数民族帅哥美女统计",
    "description": "云南特有16个少数民族",
    "latestVersion": 1,
    "alwaysLatest": 1,
    "createTime": "2017-05-23T11:53:48.000Z",
    "lastUpdateTime": "2017-05-23T11:53:48.000Z",
    "auth": 2,
    "uid": "bd-3231950184",
    "publishedVersion": 0,
    "forkFrom": "-",
    "isSpam": 0,
    "version": 1,
    "parentVersion": -1,
    "echartsVersion": "3.5.4",
    "versionCreateTime": "2017-05-23T11:53:48.000Z",
    "html": "",
    "externalScripts": "",
    "updaterUID": "bd-3231950184",
    "theme": "",
    "layout": "",
    "viewCount": 3624,
    "userName": "158*****801",
    "commentCount": 2,
    "starCount": 18,
    "isStared": 0,
    "thumbnailURL": "https://www.makeapie.com/ecg-storage/ec_gallery_thumbnail/xB1rCGo-ZZ.png?v=1495540428849",
    "isCustomThumbnail": 0,
    "builtinTags": [
        "category-work",
        "grid",
        "legend",
        "series-bar",
        "timeline",
        "title",
        "toolbox",
        "tooltip"
    ],
    "customTags": [],
    "updaterUserName": "158*****801"
}