{
    "cid": "xBkgy03M-Z",
    "authorUid": "bd-2452479794",
    "authorUserName": "凌风111234",
    "title": "中国各省城市建设用地扩张速度 ",
    "description": "",
    "latestVersion": 3,
    "alwaysLatest": 1,
    "createTime": "2017-05-24T08:01:27.000Z",
    "lastUpdateTime": "2017-05-24T08:01:27.000Z",
    "auth": 2,
    "uid": "bd-2452479794",
    "publishedVersion": 0,
    "forkFrom": "-",
    "isSpam": 0,
    "version": 3,
    "parentVersion": 2,
    "echartsVersion": "3.5.4",
    "versionCreateTime": "2017-05-24T08:28:43.000Z",
    "html": "",
    "externalScripts": "/dep/echarts/map/js/china.js",
    "updaterUID": "bd-2452479794",
    "theme": "",
    "layout": "",
    "viewCount": 943,
    "userName": "凌风111234",
    "commentCount": 0,
    "starCount": 1,
    "isStared": 0,
    "thumbnailURL": "https://www.makeapie.com/ecg-storage/ec_gallery_thumbnail/xBkgy03M-Z.png?v=1495614523715",
    "isCustomThumbnail": 0,
    "builtinTags": [
        "category-work",
        "geo",
        "legend",
        "series-effectScatter",
        "title",
        "tooltip",
        "visualMap"
    ],
    "customTags": [],
    "updaterUserName": "凌风111234"
}