{
    "cid": "xBkxhn_eb-",
    "authorUid": "bd-1097471260",
    "authorUserName": "园中橘",
    "title": "某地区蒸发量和降水量(学习用)",
    "description": "纯属虚构",
    "latestVersion": 2,
    "alwaysLatest": 1,
    "createTime": "2017-05-22T14:58:47.000Z",
    "lastUpdateTime": "2017-05-22T14:58:47.000Z",
    "auth": 1,
    "uid": "bd-1097471260",
    "publishedVersion": 0,
    "forkFrom": "-",
    "isSpam": 0,
    "version": 2,
    "parentVersion": 1,
    "echartsVersion": "3.8.0",
    "versionCreateTime": "2019-04-16T07:08:15.000Z",
    "html": "",
    "externalScripts": "",
    "updaterUID": "bd-3733583884",
    "theme": "vintage",
    "layout": "",
    "viewCount": 859,
    "userName": "园中橘",
    "commentCount": 0,
    "starCount": 2,
    "isStared": 0,
    "thumbnailURL": "https://www.makeapie.com/ecg-storage/ec_gallery_thumbnail/xBkxhn_eb-.png?v=1555398495988",
    "isCustomThumbnail": 0,
    "builtinTags": [
        "category-work",
        "grid",
        "legend",
        "markLine",
        "markPoint",
        "series-bar",
        "title",
        "tooltip"
    ],
    "customTags": [],
    "updaterUserName": "131******91"
}