{
    "cid": "xByukwtxW-",
    "authorUid": "bd-1097471260",
    "authorUserName": "园中橘",
    "title": "我接受的信息",
    "description": "史强",
    "latestVersion": 2,
    "alwaysLatest": 1,
    "createTime": "2017-05-22T15:42:24.000Z",
    "lastUpdateTime": "2017-05-22T15:42:24.000Z",
    "auth": 2,
    "uid": "bd-1097471260",
    "publishedVersion": 0,
    "forkFrom": "-",
    "isSpam": 0,
    "version": 2,
    "parentVersion": 1,
    "echartsVersion": "3.5.4",
    "versionCreateTime": "2017-05-22T17:00:59.000Z",
    "html": "",
    "externalScripts": "",
    "updaterUID": "bd-1097471260",
    "theme": "",
    "layout": "",
    "viewCount": 230,
    "userName": "园中橘",
    "commentCount": 0,
    "starCount": 0,
    "isStared": 0,
    "thumbnailURL": "https://www.makeapie.com/ecg-storage/ec_gallery_thumbnail/xByukwtxW-.png?v=1495472460206",
    "isCustomThumbnail": 0,
    "builtinTags": [
        "category-work",
        "legend",
        "series-pie",
        "title",
        "toolbox",
        "tooltip"
    ],
    "customTags": [],
    "updaterUserName": "园中橘"
}