{
    "cid": "xH1gzse7Wb",
    "authorUid": "bd-1514049855",
    "authorUserName": "懒橙无名小卒",
    "title": "连续时间",
    "description": "连续时间，部分数据",
    "latestVersion": 1,
    "alwaysLatest": 1,
    "createTime": "2017-05-24T12:22:31.000Z",
    "lastUpdateTime": "2017-05-24T12:22:31.000Z",
    "auth": 1,
    "uid": "bd-1514049855",
    "publishedVersion": 0,
    "forkFrom": "-",
    "isSpam": 0,
    "version": 1,
    "parentVersion": -1,
    "echartsVersion": "3.5.4",
    "versionCreateTime": "2017-05-24T12:22:31.000Z",
    "html": "",
    "externalScripts": "",
    "updaterUID": "bd-1514049855",
    "theme": "",
    "layout": "",
    "viewCount": 924,
    "userName": "懒橙无名小卒",
    "commentCount": 0,
    "starCount": 2,
    "isStared": 0,
    "thumbnailURL": "https://www.makeapie.com/ecg-storage/ec_gallery_thumbnail/xH1gzse7Wb.png?v=1495628552094",
    "isCustomThumbnail": 0,
    "builtinTags": [
        "category-work",
        "grid",
        "series-line",
        "tooltip"
    ],
    "customTags": [],
    "updaterUserName": "懒橙无名小卒"
}