{
    "cid": "xHJj84uMbb",
    "authorUid": "bd-2433218629",
    "authorUserName": "hill0731",
    "title": "智慧和平-数据云图-社区服务",
    "description": "",
    "latestVersion": 3,
    "alwaysLatest": 1,
    "createTime": "2017-05-24T02:47:46.000Z",
    "lastUpdateTime": "2017-05-24T02:47:46.000Z",
    "auth": 2,
    "uid": "bd-2433218629",
    "publishedVersion": 0,
    "forkFrom": "-",
    "isSpam": 0,
    "version": 3,
    "parentVersion": 2,
    "echartsVersion": "3.6.1",
    "versionCreateTime": "2017-05-30T10:39:37.000Z",
    "html": "",
    "externalScripts": "",
    "updaterUID": "bd-2433218629",
    "theme": "vintage",
    "layout": "",
    "viewCount": 1258,
    "userName": "hill0731",
    "commentCount": 0,
    "starCount": 1,
    "isStared": 0,
    "thumbnailURL": "https://www.makeapie.com/ecg-storage/ec_gallery_thumbnail/xHJj84uMbb.png?v=1496140777876",
    "isCustomThumbnail": 0,
    "builtinTags": [
        "category-work",
        "legend",
        "series-graph",
        "title",
        "toolbox",
        "tooltip"
    ],
    "customTags": [],
    "updaterUserName": "hill0731"
}