{
    "cid": "xHyRqLm-Zb",
    "authorUid": "bd-2654188288",
    "authorUserName": "h***u",
    "title": "折线图动态刷新",
    "description": "5s刷新一次折线图",
    "latestVersion": 2,
    "alwaysLatest": 1,
    "createTime": "2017-05-23T03:03:49.000Z",
    "lastUpdateTime": "2018-01-31T02:35:20.000Z",
    "auth": 1,
    "uid": "bd-2654188288",
    "publishedVersion": 0,
    "forkFrom": "-",
    "isSpam": 0,
    "version": 2,
    "parentVersion": 1,
    "echartsVersion": "3.8.0",
    "versionCreateTime": "2017-11-09T05:52:20.000Z",
    "html": "",
    "externalScripts": "",
    "updaterUID": "bd-2054318809",
    "theme": "vintage",
    "layout": "",
    "viewCount": 1084,
    "userName": "h***u",
    "commentCount": 0,
    "starCount": 4,
    "isStared": 0,
    "thumbnailURL": "https://www.makeapie.com/ecg-storage/ec_gallery_thumbnail/xHyRqLm-Zb.png?v=1510206740255",
    "isCustomThumbnail": 0,
    "builtinTags": [],
    "customTags": [],
    "updaterUserName": "短发II222"
}