{
    "cid": "xr1MDaRG--",
    "authorUid": "bd-2452479794",
    "authorUserName": "凌风111234",
    "title": "1.16 2000年和2010年两期世界各国农村建设用地增长量",
    "description": "国家基础地理信息中心",
    "latestVersion": 4,
    "alwaysLatest": 1,
    "createTime": "2017-05-24T10:15:53.000Z",
    "lastUpdateTime": "2017-05-24T10:15:53.000Z",
    "auth": 2,
    "uid": "bd-2452479794",
    "publishedVersion": 0,
    "forkFrom": "-",
    "isSpam": 0,
    "version": 4,
    "parentVersion": 3,
    "echartsVersion": "3.6.1",
    "versionCreateTime": "2017-05-27T08:48:01.000Z",
    "html": "",
    "externalScripts": "/asset/get/s/data-1495350605523-SJII63Rl-.js",
    "updaterUID": "bd-2452479794",
    "theme": "",
    "layout": "",
    "viewCount": 703,
    "userName": "凌风111234",
    "commentCount": 0,
    "starCount": 0,
    "isStared": 0,
    "thumbnailURL": "https://www.makeapie.com/ecg-storage/ec_gallery_thumbnail/xr1MDaRG--.png?v=1495874881774",
    "isCustomThumbnail": 0,
    "builtinTags": [
        "category-work",
        "series-map",
        "title",
        "toolbox",
        "tooltip",
        "visualMap"
    ],
    "customTags": [],
    "updaterUserName": "凌风111234"
}