{
    "cid": "xrkTrOM4ZZ",
    "authorUid": "bd-2718018885",
    "authorUserName": "灰***",
    "title": "SPC",
    "description": "",
    "latestVersion": 1,
    "alwaysLatest": 1,
    "createTime": "2017-05-25T08:39:32.000Z",
    "lastUpdateTime": "2017-05-25T08:39:32.000Z",
    "auth": 1,
    "uid": "bd-2718018885",
    "publishedVersion": 0,
    "forkFrom": "-",
    "isSpam": 0,
    "version": 1,
    "parentVersion": -1,
    "echartsVersion": "3.5.4",
    "versionCreateTime": "2017-05-25T08:39:32.000Z",
    "html": "",
    "externalScripts": "",
    "updaterUID": "bd-2718018885",
    "theme": "",
    "layout": "",
    "viewCount": 527,
    "userName": "灰***",
    "commentCount": 0,
    "starCount": 0,
    "isStared": 0,
    "thumbnailURL": "https://www.makeapie.com/ecg-storage/ec_gallery_thumbnail/xrkTrOM4ZZ.png?v=1495701573048",
    "isCustomThumbnail": 0,
    "builtinTags": [
        "category-work",
        "grid",
        "markLine",
        "series-line",
        "title",
        "tooltip"
    ],
    "customTags": [],
    "updaterUserName": "灰***"
}