{
    "cid": "xS1RCQPE-b",
    "authorUid": "bd-2452479794",
    "authorUserName": "凌风111234",
    "title": "1.23-1 分等级中美主要民用机场周边人造覆盖2010年平均面积",
    "description": "",
    "latestVersion": 3,
    "alwaysLatest": 1,
    "createTime": "2017-05-25T14:01:58.000Z",
    "lastUpdateTime": "2017-05-25T14:01:58.000Z",
    "auth": 2,
    "uid": "bd-2452479794",
    "publishedVersion": 0,
    "forkFrom": "-",
    "isSpam": 0,
    "version": 3,
    "parentVersion": 2,
    "echartsVersion": "3.6.0",
    "versionCreateTime": "2017-05-25T14:20:39.000Z",
    "html": "",
    "externalScripts": "/asset/get/s/data-1495629614845-B1w4kbXbb.js ",
    "updaterUID": "bd-2452479794",
    "theme": "",
    "layout": "",
    "viewCount": 143,
    "userName": "凌风111234",
    "commentCount": 0,
    "starCount": 1,
    "isStared": 0,
    "thumbnailURL": "https://www.makeapie.com/ecg-storage/ec_gallery_thumbnail/xS1RCQPE-b.png?v=1495722040163",
    "isCustomThumbnail": 0,
    "builtinTags": [
        "category-work",
        "grid",
        "legend",
        "series-line",
        "title",
        "tooltip"
    ],
    "customTags": [],
    "updaterUserName": "凌风111234"
}