{
    "cid": "xSJ_5x3fbW",
    "authorUid": "bd-4247710365",
    "authorUserName": "北师珠luffy",
    "title": "柱状图",
    "description": "",
    "latestVersion": 2,
    "alwaysLatest": 1,
    "createTime": "2017-05-24T07:04:47.000Z",
    "lastUpdateTime": "2017-05-24T07:04:47.000Z",
    "auth": 2,
    "uid": "bd-4247710365",
    "publishedVersion": 0,
    "forkFrom": "-",
    "isSpam": 0,
    "version": 2,
    "parentVersion": 1,
    "echartsVersion": "3.5.4",
    "versionCreateTime": "2017-05-24T08:36:03.000Z",
    "html": "",
    "externalScripts": "",
    "updaterUID": "bd-4247710365",
    "theme": "",
    "layout": "",
    "viewCount": 459,
    "userName": "北师珠luffy",
    "commentCount": 0,
    "starCount": 1,
    "isStared": 0,
    "thumbnailURL": "https://www.makeapie.com/ecg-storage/ec_gallery_thumbnail/xSJ_5x3fbW.png?v=1495614963908",
    "isCustomThumbnail": 0,
    "builtinTags": [
        "category-work",
        "grid",
        "markLine",
        "series-bar",
        "tooltip",
        "visualMap"
    ],
    "customTags": [],
    "updaterUserName": "北师珠luffy"
}