{
    "cid": "xSJfd30kbb",
    "authorUid": "bd-3725076066",
    "authorUserName": "千***两",
    "title": "平均值 最大值",
    "description": "",
    "latestVersion": 2,
    "alwaysLatest": 1,
    "createTime": "2017-05-22T03:35:06.000Z",
    "lastUpdateTime": "2017-05-22T03:35:06.000Z",
    "auth": 2,
    "uid": "bd-3725076066",
    "publishedVersion": 0,
    "forkFrom": "-",
    "isSpam": 0,
    "version": 2,
    "parentVersion": 1,
    "echartsVersion": "3.5.4",
    "versionCreateTime": "2017-05-22T05:38:26.000Z",
    "html": "",
    "externalScripts": "",
    "updaterUID": "bd-3725076066",
    "theme": "",
    "layout": "",
    "viewCount": 1220,
    "userName": "千***两",
    "commentCount": 0,
    "starCount": 11,
    "isStared": 0,
    "thumbnailURL": "https://www.makeapie.com/ecg-storage/ec_gallery_thumbnail/xSJfd30kbb.png?v=1495431507109",
    "isCustomThumbnail": 0,
    "builtinTags": [
        "category-work",
        "legend",
        "markLine",
        "series-pie",
        "tooltip"
    ],
    "customTags": [],
    "updaterUserName": "千***两"
}