{
    "cid": "xSkm36n7--",
    "authorUid": "bd-3761611997",
    "authorUserName": "Krista2013",
    "title": "关于三个y轴且可以，且计量单位对应的实现。",
    "description": "",
    "latestVersion": 1,
    "alwaysLatest": 1,
    "createTime": "2017-05-25T02:12:58.000Z",
    "lastUpdateTime": "2017-05-25T05:45:15.000Z",
    "auth": 2,
    "uid": "bd-3761611997",
    "publishedVersion": 0,
    "forkFrom": "-",
    "isSpam": 0,
    "version": 1,
    "parentVersion": -1,
    "echartsVersion": "3.5.4",
    "versionCreateTime": "2017-05-25T02:12:58.000Z",
    "html": "",
    "externalScripts": "",
    "updaterUID": "bd-3761611997",
    "theme": "default",
    "layout": "",
    "viewCount": 4787,
    "userName": "Krista2013",
    "commentCount": 0,
    "starCount": 7,
    "isStared": 0,
    "thumbnailURL": "https://www.makeapie.com/ecg-storage/ec_gallery_thumbnail/xSkm36n7--.png?v=1495678379132",
    "isCustomThumbnail": 0,
    "builtinTags": [],
    "customTags": [],
    "updaterUserName": "Krista2013"
}