{
    "cid": "x7XlQbkTj4",
    "authorUid": "obd-o0FqpWVJy9T2TXQd9Ju3KshT0HXV6F9",
    "authorUserName": "侯***伟",
    "title": "动态数据展示",
    "description": "动态数据展示",
    "latestVersion": 3,
    "alwaysLatest": 0,
    "createTime": "2021-07-18T13:15:37.000Z",
    "lastUpdateTime": "2021-07-19T05:55:42.000Z",
    "auth": 2,
    "uid": "obd-o0FqpWVJy9T2TXQd9Ju3KshT0HXV6F9",
    "publishedVersion": 0,
    "forkFrom": "-",
    "isSpam": 0,
    "version": 3,
    "parentVersion": 2,
    "echartsVersion": "5.1.2",
    "versionCreateTime": "2021-07-19T05:54:09.000Z",
    "html": "",
    "externalScripts": "",
    "updaterUID": "obd-o0FqpWVJy9T2TXQd9Ju3KshT0HXV6F9",
    "theme": "default",
    "layout": "",
    "viewCount": 0,
    "userName": "侯***伟",
    "commentCount": 0,
    "starCount": 0,
    "isStared": 0,
    "thumbnailURL": "https://www.makeapie.com/ecg-storage/ec_gallery_thumbnail/x7XlQbkTj4.png?v=1626674049682",
    "isCustomThumbnail": 0,
    "builtinTags": [
        "category-work",
        "dataZoom",
        "grid",
        "series-bar",
        "title",
        "tooltip"
    ],
    "customTags": [],
    "updaterUserName": "侯***伟"
}