{
    "cid": "xBjUhI-qiu",
    "authorUid": "bd-2673666397",
    "authorUserName": "I***j",
    "title": " 每日：消耗趋势-城市占比-日均",
    "description": "",
    "latestVersion": 8,
    "alwaysLatest": 0,
    "createTime": "2021-07-19T07:35:24.000Z",
    "lastUpdateTime": "2021-07-26T02:12:35.000Z",
    "auth": 2,
    "uid": "bd-2673666397",
    "publishedVersion": 0,
    "forkFrom": "-",
    "isSpam": 0,
    "version": 8,
    "parentVersion": 7,
    "echartsVersion": "5.1.2",
    "versionCreateTime": "2021-07-26T02:12:35.000Z",
    "html": "",
    "externalScripts": "",
    "updaterUID": "bd-2673666397",
    "theme": "",
    "layout": "",
    "viewCount": 0,
    "userName": "I***j",
    "commentCount": 0,
    "starCount": 0,
    "isStared": 0,
    "thumbnailURL": "https://www.makeapie.com/ecg-storage/ec_gallery_thumbnail/xBjUhI-qiu.png?v=1627265555237",
    "isCustomThumbnail": 0,
    "builtinTags": [
        "category-work",
        "grid",
        "legend",
        "series-line",
        "title",
        "toolbox",
        "tooltip"
    ],
    "customTags": [],
    "updaterUserName": "I***j"
}