{
    "cid": "xeUNC1MdCd",
    "authorUid": "obd-oM3zkwLzyXVx0EvbQUJuvnYMNrBKR2g",
    "authorUserName": "温***n",
    "title": "合格验收统计",
    "description": "",
    "latestVersion": 1,
    "alwaysLatest": 0,
    "createTime": "2021-07-19T06:42:50.000Z",
    "lastUpdateTime": "2021-07-19T06:42:50.000Z",
    "auth": 1,
    "uid": "obd-oM3zkwLzyXVx0EvbQUJuvnYMNrBKR2g",
    "publishedVersion": 0,
    "forkFrom": "-",
    "isSpam": 0,
    "version": 1,
    "parentVersion": -1,
    "echartsVersion": "5.1.2",
    "versionCreateTime": "2021-07-19T06:42:50.000Z",
    "html": "",
    "externalScripts": "",
    "updaterUID": "obd-oM3zkwLzyXVx0EvbQUJuvnYMNrBKR2g",
    "theme": "",
    "layout": "",
    "viewCount": 0,
    "userName": "温***n",
    "commentCount": 0,
    "starCount": 0,
    "isStared": 0,
    "thumbnailURL": "https://www.makeapie.com/ecg-storage/ec_gallery_thumbnail/xeUNC1MdCd.png?v=1626676970764",
    "isCustomThumbnail": 0,
    "builtinTags": [
        "category-work",
        "legend",
        "series-pie",
        "tooltip"
    ],
    "customTags": [],
    "updaterUserName": "温***n"
}