{
    "cid": "xh_U1oRHOE",
    "authorUid": "bd-171648521",
    "authorUserName": "绿***绿",
    "title": "",
    "description": "line",
    "latestVersion": 3,
    "alwaysLatest": 0,
    "createTime": "2021-07-18T04:47:18.000Z",
    "lastUpdateTime": "2021-07-18T09:25:27.000Z",
    "auth": 2,
    "uid": "bd-171648521",
    "publishedVersion": 0,
    "forkFrom": "-",
    "isSpam": 0,
    "version": 3,
    "parentVersion": 2,
    "echartsVersion": "5.1.2",
    "versionCreateTime": "2021-07-18T09:25:28.000Z",
    "html": "",
    "externalScripts": "",
    "updaterUID": "bd-171648521",
    "theme": "",
    "layout": "",
    "viewCount": 0,
    "userName": "绿***绿",
    "commentCount": 0,
    "starCount": 2,
    "isStared": 0,
    "thumbnailURL": "https://www.makeapie.com/ecg-storage/ec_gallery_thumbnail/xh_U1oRHOE.png?v=1626600328163",
    "isCustomThumbnail": 0,
    "builtinTags": [
        "category-work",
        "grid",
        "legend",
        "markPoint",
        "series-line",
        "tooltip"
    ],
    "customTags": [],
    "updaterUserName": "绿***绿"
}