{
    "cid": "xmUq4wwPBb",
    "authorUid": "obd-oMZboHfkOCO8vSHtpa3iJelPGV7_-2j",
    "authorUserName": "距***离",
    "title": "普通饼图带指示线",
    "description": "",
    "latestVersion": 1,
    "alwaysLatest": 0,
    "createTime": "2021-07-19T07:15:41.000Z",
    "lastUpdateTime": "2021-07-19T07:15:41.000Z",
    "auth": 2,
    "uid": "obd-oMZboHfkOCO8vSHtpa3iJelPGV7_-2j",
    "publishedVersion": 0,
    "forkFrom": "-",
    "isSpam": 0,
    "version": 1,
    "parentVersion": -1,
    "echartsVersion": "4.8.0",
    "versionCreateTime": "2021-07-19T07:15:41.000Z",
    "html": "",
    "externalScripts": "",
    "updaterUID": "obd-oMZboHfkOCO8vSHtpa3iJelPGV7_-2j",
    "theme": "",
    "layout": "",
    "viewCount": 0,
    "userName": "距***离",
    "commentCount": 0,
    "starCount": 1,
    "isStared": 0,
    "thumbnailURL": "https://www.makeapie.com/ecg-storage/ec_gallery_thumbnail/xmUq4wwPBb.png?v=1626678941285",
    "isCustomThumbnail": 0,
    "builtinTags": [
        "category-work",
        "legend",
        "series-pie",
        "tooltip"
    ],
    "customTags": [],
    "updaterUserName": "距***离"
}