{
    "cid": "xnCKnP8wj6",
    "authorUid": "obd-oDoZE0QFQiTJ8fgNYaJmNXNc2nGaq1W",
    "authorUserName": "v***哦",
    "title": "折线图基准线",
    "description": "tooltip是表格形式",
    "latestVersion": 1,
    "alwaysLatest": 0,
    "createTime": "2021-07-19T09:40:36.000Z",
    "lastUpdateTime": "2021-07-19T09:40:36.000Z",
    "auth": 2,
    "uid": "obd-oDoZE0QFQiTJ8fgNYaJmNXNc2nGaq1W",
    "publishedVersion": 0,
    "forkFrom": "-",
    "isSpam": 0,
    "version": 1,
    "parentVersion": -1,
    "echartsVersion": "5.1.2",
    "versionCreateTime": "2021-07-19T09:40:36.000Z",
    "html": "",
    "externalScripts": "",
    "updaterUID": "obd-oDoZE0QFQiTJ8fgNYaJmNXNc2nGaq1W",
    "theme": "",
    "layout": "",
    "viewCount": 0,
    "userName": "v***哦",
    "commentCount": 0,
    "starCount": 0,
    "isStared": 0,
    "thumbnailURL": "https://www.makeapie.com/ecg-storage/ec_gallery_thumbnail/xnCKnP8wj6.png?v=1626687636850",
    "isCustomThumbnail": 0,
    "builtinTags": [
        "category-work",
        "dataZoom",
        "grid",
        "legend",
        "series-line",
        "toolbox",
        "tooltip"
    ],
    "customTags": [],
    "updaterUserName": "v***哦"
}