{
    "cid": "xPfD4pzJG3",
    "authorUid": "obd-o0NPYcai2ITO5g8A06tgsvtbAks7tFX",
    "authorUserName": "H***了",
    "title": "横向柱状图",
    "description": "",
    "latestVersion": 1,
    "alwaysLatest": 0,
    "createTime": "2021-07-19T07:48:55.000Z",
    "lastUpdateTime": "2021-07-19T07:48:55.000Z",
    "auth": 1,
    "uid": "obd-o0NPYcai2ITO5g8A06tgsvtbAks7tFX",
    "publishedVersion": 0,
    "forkFrom": "-",
    "isSpam": 0,
    "version": 1,
    "parentVersion": -1,
    "echartsVersion": "5.1.2",
    "versionCreateTime": "2021-07-19T07:48:55.000Z",
    "html": "",
    "externalScripts": "",
    "updaterUID": "obd-o0NPYcai2ITO5g8A06tgsvtbAks7tFX",
    "theme": "",
    "layout": "",
    "viewCount": 0,
    "userName": "H***了",
    "commentCount": 0,
    "starCount": 5,
    "isStared": 0,
    "thumbnailURL": "https://www.makeapie.com/ecg-storage/ec_gallery_thumbnail/xPfD4pzJG3.png?v=1626680935946",
    "isCustomThumbnail": 0,
    "builtinTags": [
        "category-work",
        "grid",
        "series-bar",
        "tooltip"
    ],
    "customTags": [],
    "updaterUserName": "H***了"
}