{
    "cid": "xPpRBebdSA",
    "authorUid": "obd-oDLa2Nc_bnOvXqZzlAd0lCc5XqkgR1O",
    "authorUserName": "t***e",
    "title": "自定义形状",
    "description": "",
    "latestVersion": 1,
    "alwaysLatest": 0,
    "createTime": "2021-07-16T23:57:13.000Z",
    "lastUpdateTime": "2021-07-16T23:57:13.000Z",
    "auth": 2,
    "uid": "obd-oDLa2Nc_bnOvXqZzlAd0lCc5XqkgR1O",
    "publishedVersion": 0,
    "forkFrom": "-",
    "isSpam": 0,
    "version": 1,
    "parentVersion": -1,
    "echartsVersion": "5.1.2",
    "versionCreateTime": "2021-07-16T23:57:13.000Z",
    "html": "",
    "externalScripts": "",
    "updaterUID": "obd-oDLa2Nc_bnOvXqZzlAd0lCc5XqkgR1O",
    "theme": "",
    "layout": "",
    "viewCount": 0,
    "userName": "t***e",
    "commentCount": 0,
    "starCount": 1,
    "isStared": 0,
    "thumbnailURL": "https://www.makeapie.com/ecg-storage/ec_gallery_thumbnail/xPpRBebdSA.png?v=1626479833446",
    "isCustomThumbnail": 0,
    "builtinTags": [
        "category-work",
        "series-custom"
    ],
    "customTags": [],
    "updaterUserName": "t***e"
}