{
    "cid": "xpy6rq2BA_",
    "authorUid": "bd-171648521",
    "authorUserName": "绿***绿",
    "title": "22",
    "description": "门禁总数",
    "latestVersion": 2,
    "alwaysLatest": 0,
    "createTime": "2021-07-19T02:51:09.000Z",
    "lastUpdateTime": "2021-07-21T01:29:25.000Z",
    "auth": 2,
    "uid": "bd-171648521",
    "publishedVersion": 0,
    "forkFrom": "-",
    "isSpam": 0,
    "version": 2,
    "parentVersion": 1,
    "echartsVersion": "5.1.2",
    "versionCreateTime": "2021-07-21T01:29:25.000Z",
    "html": "",
    "externalScripts": "",
    "updaterUID": "bd-171648521",
    "theme": "",
    "layout": "",
    "viewCount": 0,
    "userName": "绿***绿",
    "commentCount": 0,
    "starCount": 0,
    "isStared": 0,
    "thumbnailURL": "https://www.makeapie.com/ecg-storage/ec_gallery_thumbnail/xpy6rq2BA_.png?v=1626830965227",
    "isCustomThumbnail": 0,
    "builtinTags": [
        "category-work",
        "graphic",
        "series-pie",
        "title"
    ],
    "customTags": [],
    "updaterUserName": "绿***绿"
}