{
    "cid": "xqCZaPpcB_",
    "authorUid": "bd-171648521",
    "authorUserName": "绿***绿",
    "title": "",
    "description": "",
    "latestVersion": 1,
    "alwaysLatest": 0,
    "createTime": "2021-07-19T02:59:59.000Z",
    "lastUpdateTime": "2021-07-19T02:59:59.000Z",
    "auth": 2,
    "uid": "bd-171648521",
    "publishedVersion": 0,
    "forkFrom": "-",
    "isSpam": 0,
    "version": 1,
    "parentVersion": -1,
    "echartsVersion": "5.1.2",
    "versionCreateTime": "2021-07-19T02:59:59.000Z",
    "html": "",
    "externalScripts": "",
    "updaterUID": "bd-171648521",
    "theme": "",
    "layout": "",
    "viewCount": 0,
    "userName": "绿***绿",
    "commentCount": 0,
    "starCount": 0,
    "isStared": 0,
    "thumbnailURL": "https://www.makeapie.com/ecg-storage/ec_gallery_thumbnail/xqCZaPpcB_.png?v=1626663600111",
    "isCustomThumbnail": 0,
    "builtinTags": [
        "category-work",
        "grid",
        "legend",
        "series-line",
        "tooltip"
    ],
    "customTags": [],
    "updaterUserName": "绿***绿"
}