{
    "cid": "xqMeAHz4id",
    "authorUid": "bd-769088646",
    "authorUserName": "小***个",
    "title": "测试",
    "description": "测试",
    "latestVersion": 1,
    "alwaysLatest": 0,
    "createTime": "2021-07-16T17:09:31.000Z",
    "lastUpdateTime": "2021-07-16T17:09:31.000Z",
    "auth": 2,
    "uid": "bd-769088646",
    "publishedVersion": 0,
    "forkFrom": "-",
    "isSpam": 0,
    "version": 1,
    "parentVersion": -1,
    "echartsVersion": "5.1.2",
    "versionCreateTime": "2021-07-16T17:09:31.000Z",
    "html": "",
    "externalScripts": "",
    "updaterUID": "bd-769088646",
    "theme": "",
    "layout": "",
    "viewCount": 0,
    "userName": "小***个",
    "commentCount": 0,
    "starCount": 6,
    "isStared": 0,
    "thumbnailURL": "https://www.makeapie.com/ecg-storage/ec_gallery_thumbnail/xqMeAHz4id.png?v=1626455371650",
    "isCustomThumbnail": 0,
    "builtinTags": [
        "category-work",
        "geo",
        "series-lines",
        "series-map",
        "series-scatter",
        "tooltip"
    ],
    "customTags": [],
    "updaterUserName": "小***个"
}