{
    "cid": "xrQ58BcmzF",
    "authorUid": "obd-oAh5lGd75hwQirB0Iqcew0kg2jqnF7v",
    "authorUserName": "l***3",
    "title": "矩形图",
    "description": "",
    "latestVersion": 1,
    "alwaysLatest": 0,
    "createTime": "2021-07-19T08:33:58.000Z",
    "lastUpdateTime": "2021-07-19T08:33:58.000Z",
    "auth": 2,
    "uid": "obd-oAh5lGd75hwQirB0Iqcew0kg2jqnF7v",
    "publishedVersion": 0,
    "forkFrom": "-",
    "isSpam": 0,
    "version": 1,
    "parentVersion": -1,
    "echartsVersion": "5.1.2",
    "versionCreateTime": "2021-07-19T08:33:58.000Z",
    "html": "",
    "externalScripts": "",
    "updaterUID": "obd-oAh5lGd75hwQirB0Iqcew0kg2jqnF7v",
    "theme": "",
    "layout": "",
    "viewCount": 0,
    "userName": "l***3",
    "commentCount": 0,
    "starCount": 3,
    "isStared": 0,
    "thumbnailURL": "https://www.makeapie.com/ecg-storage/ec_gallery_thumbnail/xrQ58BcmzF.png?v=1626683638904",
    "isCustomThumbnail": 0,
    "builtinTags": [
        "category-work",
        "grid",
        "series-bar"
    ],
    "customTags": [],
    "updaterUserName": "l***3"
}