{
    "cid": "xrqZzh0Rrp",
    "authorUid": "bd-1850970827",
    "authorUserName": "林***e",
    "title": "自定义系列绘制立体柱图",
    "description": "多系列立体柱图",
    "latestVersion": 3,
    "alwaysLatest": 0,
    "createTime": "2021-07-19T10:21:19.000Z",
    "lastUpdateTime": "2021-07-19T10:26:20.000Z",
    "auth": 2,
    "uid": "bd-1850970827",
    "publishedVersion": 0,
    "forkFrom": "-",
    "isSpam": 0,
    "version": 3,
    "parentVersion": 2,
    "echartsVersion": "4.6.0",
    "versionCreateTime": "2021-07-19T10:26:20.000Z",
    "html": "",
    "externalScripts": "",
    "updaterUID": "bd-1850970827",
    "theme": "default",
    "layout": "",
    "viewCount": 0,
    "userName": "林***e",
    "commentCount": 0,
    "starCount": 0,
    "isStared": 0,
    "thumbnailURL": "https://www.makeapie.com/ecg-storage/ec_gallery_thumbnail/xrqZzh0Rrp.png?v=1626690380753",
    "isCustomThumbnail": 0,
    "builtinTags": [
        "category-work",
        "grid",
        "legend",
        "series-custom",
        "tooltip"
    ],
    "customTags": [],
    "updaterUserName": "林***e"
}