{
    "cid": "xW68COhdps",
    "authorUid": "obd-oP4y9yQNBDm0UFRpHAjqzQp9y8QTy9r",
    "authorUserName": "150*****087",
    "title": "",
    "description": "",
    "latestVersion": 1,
    "alwaysLatest": 0,
    "createTime": "2021-07-16T12:14:02.000Z",
    "lastUpdateTime": "2021-07-16T12:14:02.000Z",
    "auth": 1,
    "uid": "obd-oP4y9yQNBDm0UFRpHAjqzQp9y8QTy9r",
    "publishedVersion": 0,
    "forkFrom": "-",
    "isSpam": 0,
    "version": 1,
    "parentVersion": -1,
    "echartsVersion": "5.1.2",
    "versionCreateTime": "2021-07-16T12:14:02.000Z",
    "html": "",
    "externalScripts": "",
    "updaterUID": "obd-oP4y9yQNBDm0UFRpHAjqzQp9y8QTy9r",
    "theme": "dark",
    "layout": "",
    "viewCount": 0,
    "userName": "150*****087",
    "commentCount": 0,
    "starCount": 7,
    "isStared": 0,
    "thumbnailURL": "https://www.makeapie.com/ecg-storage/ec_gallery_thumbnail/xW68COhdps.png?v=1626437642237",
    "isCustomThumbnail": 0,
    "builtinTags": [
        "category-work",
        "dataset",
        "grid",
        "series-bar"
    ],
    "customTags": [],
    "updaterUserName": "150*****087"
}