{
    "cid": "xwCwuLLeH6",
    "authorUid": "bd-925573494",
    "authorUserName": "群***乐",
    "title": "雷达图-max-min",
    "description": "雷达图，根据每个维度最大最小值计算，所以网格刻度比例是一致的",
    "latestVersion": 2,
    "alwaysLatest": 0,
    "createTime": "2021-07-19T03:09:11.000Z",
    "lastUpdateTime": "2021-07-19T03:09:37.000Z",
    "auth": 2,
    "uid": "bd-925573494",
    "publishedVersion": 0,
    "forkFrom": "-",
    "isSpam": 0,
    "version": 2,
    "parentVersion": 1,
    "echartsVersion": "4.9.0",
    "versionCreateTime": "2021-07-19T03:09:37.000Z",
    "html": "",
    "externalScripts": "",
    "updaterUID": "bd-925573494",
    "theme": "",
    "layout": "",
    "viewCount": 0,
    "userName": "群***乐",
    "commentCount": 0,
    "starCount": 2,
    "isStared": 0,
    "thumbnailURL": "https://www.makeapie.com/ecg-storage/ec_gallery_thumbnail/xwCwuLLeH6.png?v=1626664177518",
    "isCustomThumbnail": 0,
    "builtinTags": [
        "category-work",
        "radar",
        "series-radar",
        "tooltip"
    ],
    "customTags": [],
    "updaterUserName": "群***乐"
}