{
    "cid": "xZRLZ2we8_",
    "authorUid": "obd-oPbAMKik3B_d39mi4i2fx3qhMUtbA94",
    "authorUserName": "梁***e",
    "title": "双向柱形图",
    "description": "",
    "latestVersion": 1,
    "alwaysLatest": 0,
    "createTime": "2021-07-19T10:26:35.000Z",
    "lastUpdateTime": "2021-07-19T10:26:35.000Z",
    "auth": 2,
    "uid": "obd-oPbAMKik3B_d39mi4i2fx3qhMUtbA94",
    "publishedVersion": 0,
    "forkFrom": "-",
    "isSpam": 0,
    "version": 1,
    "parentVersion": -1,
    "echartsVersion": "5.1.2",
    "versionCreateTime": "2021-07-19T10:26:35.000Z",
    "html": "",
    "externalScripts": "",
    "updaterUID": "obd-oPbAMKik3B_d39mi4i2fx3qhMUtbA94",
    "theme": "",
    "layout": "",
    "viewCount": 0,
    "userName": "梁***e",
    "commentCount": 0,
    "starCount": 9,
    "isStared": 0,
    "thumbnailURL": "https://www.makeapie.com/ecg-storage/ec_gallery_thumbnail/xZRLZ2we8_.png?v=1626690395229",
    "isCustomThumbnail": 0,
    "builtinTags": [
        "category-work",
        "grid",
        "legend",
        "series-bar",
        "timeline",
        "title",
        "tooltip"
    ],
    "customTags": [],
    "updaterUserName": "梁***e"
}