{
    "cid": "x9Oe1p28Kj",
    "authorUid": "bd-2182838303",
    "authorUserName": "sinatan1105",
    "title": "yAxis 的min的影响1",
    "description": "yAxis 的min如果不设置，有时候会导致markArea的显示出现问题",
    "latestVersion": 1,
    "alwaysLatest": 1,
    "createTime": "2019-06-10T06:36:32.000Z",
    "lastUpdateTime": "2019-06-10T06:36:32.000Z",
    "auth": 2,
    "uid": "bd-2182838303",
    "publishedVersion": 0,
    "forkFrom": "-",
    "isSpam": 0,
    "version": 1,
    "parentVersion": -1,
    "echartsVersion": "4.2.1",
    "versionCreateTime": "2019-06-10T06:36:32.000Z",
    "html": "",
    "externalScripts": "",
    "updaterUID": "bd-2182838303",
    "theme": "",
    "layout": "",
    "viewCount": 534,
    "userName": "sinatan1105",
    "commentCount": 0,
    "starCount": 1,
    "isStared": 0,
    "thumbnailURL": "https://www.makeapie.com/ecg-storage/ec_gallery_thumbnail/x9Oe1p28Kj.png?v=1560148592206",
    "isCustomThumbnail": 0,
    "builtinTags": [
        "category-work",
        "dataZoom",
        "grid",
        "legend",
        "markArea",
        "markLine",
        "series-line",
        "toolbox",
        "tooltip",
        "visualMap"
    ],
    "customTags": [
        "markArea",
        "yAxis"
    ],
    "updaterUserName": "sinatan1105"
}