{
    "cid": "xdOVWoUx72",
    "authorUid": "bd-2281899968",
    "authorUserName": "d***k",
    "title": "背景",
    "description": "",
    "latestVersion": 11,
    "alwaysLatest": 1,
    "createTime": "2019-06-11T07:16:19.000Z",
    "lastUpdateTime": "2019-06-11T07:16:19.000Z",
    "auth": 2,
    "uid": "bd-2281899968",
    "publishedVersion": 0,
    "forkFrom": "-",
    "isSpam": 0,
    "version": 11,
    "parentVersion": 10,
    "echartsVersion": "4.2.1",
    "versionCreateTime": "2019-07-12T08:04:33.000Z",
    "html": "",
    "externalScripts": "https://dev.darlk.com/js/excellentexport.js,https://dev.darlk.com/js/skieer.theme.js,https://dev.darlk.com/js/skieer.utils.js",
    "updaterUID": "bd-2281899968",
    "theme": "",
    "layout": "",
    "viewCount": 50,
    "userName": "d***k",
    "commentCount": 0,
    "starCount": 0,
    "isStared": 0,
    "thumbnailURL": "https://www.makeapie.com/ecg-storage/ec_gallery_thumbnail/xdOVWoUx72.png?v=1560321488557",
    "isCustomThumbnail": 0,
    "builtinTags": [
        "category-work"
    ],
    "customTags": [],
    "updaterUserName": "d***k"
}