{
    "cid": "xEZT2bdstU",
    "authorUid": "bd-2469886102",
    "authorUserName": "芊***8",
    "title": "test",
    "description": "",
    "latestVersion": 1,
    "alwaysLatest": 1,
    "createTime": "2019-06-12T02:53:30.000Z",
    "lastUpdateTime": "2019-06-12T02:53:30.000Z",
    "auth": 2,
    "uid": "bd-2469886102",
    "publishedVersion": 0,
    "forkFrom": "-",
    "isSpam": 0,
    "version": 1,
    "parentVersion": -1,
    "echartsVersion": "4.2.1",
    "versionCreateTime": "2019-06-12T02:53:31.000Z",
    "html": "",
    "externalScripts": "https://www.echartsjs.com/examples/vendors/echarts/echarts.min.js,https://www.echartsjs.com/examples/vendors/echarts-gl/echarts-gl.js,https://cdn.bootcss.com/lodash.js/4.17.12-pre/lodash.min.js,https://cdn.bootcss.com/fecha/2.3.3/fecha.min.js",
    "updaterUID": "bd-2469886102",
    "theme": "",
    "layout": "",
    "viewCount": 28,
    "userName": "芊***8",
    "commentCount": 0,
    "starCount": 0,
    "isStared": 0,
    "thumbnailURL": "https://www.makeapie.com/ecg-storage/ec_gallery_thumbnail/xEZT2bdstU.png?v=1560308011158",
    "isCustomThumbnail": 0,
    "builtinTags": [
        "category-work",
        "grid3D",
        "series-surface",
        "tooltip"
    ],
    "customTags": [],
    "updaterUserName": "芊***8"
}