{
    "cid": "xhb1VuiJC7",
    "authorUid": "bd-1090763865",
    "authorUserName": "菲爱迷糊",
    "title": "各省罕见病纳入医保情况",
    "description": "",
    "latestVersion": 4,
    "alwaysLatest": 1,
    "createTime": "2019-06-06T17:13:00.000Z",
    "lastUpdateTime": "2019-06-06T17:13:00.000Z",
    "auth": 1,
    "uid": "bd-1090763865",
    "publishedVersion": 0,
    "forkFrom": "-",
    "isSpam": 0,
    "version": 4,
    "parentVersion": 3,
    "echartsVersion": "4.2.1",
    "versionCreateTime": "2019-06-06T19:10:12.000Z",
    "html": "",
    "externalScripts": "https://echarts.baidu.com/resource/echarts-gl-latest/dist/echarts-gl.min.js",
    "updaterUID": "bd-1090763865",
    "theme": "default",
    "layout": "",
    "viewCount": 228,
    "userName": "菲爱迷糊",
    "commentCount": 0,
    "starCount": 0,
    "isStared": 0,
    "thumbnailURL": "https://www.makeapie.com/ecg-storage/ec_gallery_thumbnail/xhb1VuiJC7.png?v=1559848212997",
    "isCustomThumbnail": 0,
    "builtinTags": [
        "category-work",
        "series-sankey",
        "title"
    ],
    "customTags": [],
    "updaterUserName": "菲爱迷糊"
}