{
    "cid": "xkIIb5qiR3",
    "authorUid": "bd-4233009854",
    "authorUserName": "大***e",
    "title": "如何实现柱状图和折线图的部分虚线功能",
    "description": "实现柱状图和折线图的虚线部分",
    "latestVersion": 3,
    "alwaysLatest": 1,
    "createTime": "2019-06-11T15:14:25.000Z",
    "lastUpdateTime": "2019-06-11T15:14:25.000Z",
    "auth": 2,
    "uid": "bd-4233009854",
    "publishedVersion": 0,
    "forkFrom": "-",
    "isSpam": 0,
    "version": 3,
    "parentVersion": 2,
    "echartsVersion": "4.2.1",
    "versionCreateTime": "2019-06-11T15:29:28.000Z",
    "html": "",
    "externalScripts": "",
    "updaterUID": "bd-4233009854",
    "theme": "",
    "layout": "",
    "viewCount": 178,
    "userName": "大***e",
    "commentCount": 0,
    "starCount": 1,
    "isStared": 0,
    "thumbnailURL": "https://www.makeapie.com/ecg-storage/ec_gallery_thumbnail/xkIIb5qiR3.png?v=1560266968819",
    "isCustomThumbnail": 0,
    "builtinTags": [
        "category-work",
        "dataZoom",
        "grid",
        "legend",
        "series-bar",
        "series-line",
        "tooltip"
    ],
    "customTags": [],
    "updaterUserName": "大***e"
}