{
    "cid": "xKvpoHRpKO",
    "authorUid": "bd-1080360291",
    "authorUserName": "超***l",
    "title": "动态改变图表颜色",
    "description": "动态改变折线图颜色， 点击圆点即可打开颜色选择器",
    "latestVersion": 2,
    "alwaysLatest": 1,
    "createTime": "2019-06-06T09:44:34.000Z",
    "lastUpdateTime": "2019-06-06T09:44:34.000Z",
    "auth": 2,
    "uid": "bd-1080360291",
    "publishedVersion": 0,
    "forkFrom": "-",
    "isSpam": 0,
    "version": 2,
    "parentVersion": 1,
    "echartsVersion": "4.2.1",
    "versionCreateTime": "2019-06-07T07:14:29.000Z",
    "html": "",
    "externalScripts": "",
    "updaterUID": "bd-1080360291",
    "theme": "",
    "layout": "",
    "viewCount": 134,
    "userName": "超***l",
    "commentCount": 0,
    "starCount": 1,
    "isStared": 0,
    "thumbnailURL": "https://www.makeapie.com/ecg-storage/ec_gallery_thumbnail/xKvpoHRpKO.png?v=1559891669781",
    "isCustomThumbnail": 0,
    "builtinTags": [
        "category-work",
        "grid",
        "series-line",
        "title",
        "tooltip"
    ],
    "customTags": [],
    "updaterUserName": "超***l"
}