{
    "cid": "xqb3xazVb3",
    "authorUid": "bd-1896067372",
    "authorUserName": "a***6",
    "title": "5省+武汉市",
    "description": "",
    "latestVersion": 1,
    "alwaysLatest": 1,
    "createTime": "2019-06-11T04:05:10.000Z",
    "lastUpdateTime": "2019-06-11T04:05:10.000Z",
    "auth": 2,
    "uid": "bd-1896067372",
    "publishedVersion": 0,
    "forkFrom": "-",
    "isSpam": 0,
    "version": 1,
    "parentVersion": -1,
    "echartsVersion": "4.2.1",
    "versionCreateTime": "2019-06-11T04:05:10.000Z",
    "html": "",
    "externalScripts": "",
    "updaterUID": "bd-1896067372",
    "theme": "",
    "layout": "",
    "viewCount": 362,
    "userName": "a***6",
    "commentCount": 0,
    "starCount": 1,
    "isStared": 0,
    "thumbnailURL": "https://www.makeapie.com/ecg-storage/ec_gallery_thumbnail/xqb3xazVb3.png?v=1560225910834",
    "isCustomThumbnail": 0,
    "builtinTags": [
        "category-work",
        "series-map",
        "timeline"
    ],
    "customTags": [],
    "updaterUserName": "a***6"
}