{
    "cid": "xTdymVFWc2",
    "authorUid": "bd-554908277",
    "authorUserName": "宸***",
    "title": "折线图，双Y",
    "description": "",
    "latestVersion": 1,
    "alwaysLatest": 1,
    "createTime": "2019-06-09T08:06:32.000Z",
    "lastUpdateTime": "2019-06-09T08:06:32.000Z",
    "auth": 2,
    "uid": "bd-554908277",
    "publishedVersion": 0,
    "forkFrom": "-",
    "isSpam": 0,
    "version": 1,
    "parentVersion": -1,
    "echartsVersion": "4.2.1",
    "versionCreateTime": "2019-06-09T08:06:32.000Z",
    "html": "",
    "externalScripts": "",
    "updaterUID": "bd-554908277",
    "theme": "",
    "layout": "",
    "viewCount": 51,
    "userName": "宸***",
    "commentCount": 0,
    "starCount": 0,
    "isStared": 0,
    "thumbnailURL": "https://www.makeapie.com/ecg-storage/ec_gallery_thumbnail/xTdymVFWc2.png?v=1560067592775",
    "isCustomThumbnail": 0,
    "builtinTags": [
        "category-work",
        "grid",
        "legend",
        "series-line",
        "tooltip"
    ],
    "customTags": [],
    "updaterUserName": "宸***"
}