{
    "cid": "xuBAChT_yV",
    "authorUid": "bd-2252478249",
    "authorUserName": "萌哒哒的喵喵酱",
    "title": "环图+时间轴",
    "description": "",
    "latestVersion": 1,
    "alwaysLatest": 1,
    "createTime": "2019-06-08T03:52:39.000Z",
    "lastUpdateTime": "2019-06-08T04:02:28.000Z",
    "auth": 1,
    "uid": "bd-2252478249",
    "publishedVersion": 0,
    "forkFrom": "-",
    "isSpam": 0,
    "version": 1,
    "parentVersion": -1,
    "echartsVersion": "4.2.1",
    "versionCreateTime": "2019-06-08T03:52:39.000Z",
    "html": "",
    "externalScripts": "",
    "updaterUID": "bd-2252478249",
    "theme": "infographic",
    "layout": "",
    "viewCount": 120,
    "userName": "萌哒哒的喵喵酱",
    "commentCount": 0,
    "starCount": 3,
    "isStared": 0,
    "thumbnailURL": "https://www.makeapie.com/ecg-storage/ec_gallery_thumbnail/xuBAChT_yV.png?v=1559965959783",
    "isCustomThumbnail": 0,
    "builtinTags": [],
    "customTags": [],
    "updaterUserName": "萌哒哒的喵喵酱"
}