{
    "cid": "xubMDzT64J",
    "authorUid": "bd-1128927562",
    "authorUserName": "173******70",
    "title": "家用电器能耗统计",
    "description": "渐变散点图",
    "latestVersion": 1,
    "alwaysLatest": 1,
    "createTime": "2019-06-10T06:41:25.000Z",
    "lastUpdateTime": "2019-06-10T06:41:25.000Z",
    "auth": 2,
    "uid": "bd-1128927562",
    "publishedVersion": 0,
    "forkFrom": "-",
    "isSpam": 0,
    "version": 1,
    "parentVersion": -1,
    "echartsVersion": "4.2.1",
    "versionCreateTime": "2019-06-10T06:41:25.000Z",
    "html": "",
    "externalScripts": "",
    "updaterUID": "bd-1128927562",
    "theme": "",
    "layout": "",
    "viewCount": 214,
    "userName": "173******70",
    "commentCount": 0,
    "starCount": 1,
    "isStared": 0,
    "thumbnailURL": "https://www.makeapie.com/ecg-storage/ec_gallery_thumbnail/xubMDzT64J.png?v=1560148885984",
    "isCustomThumbnail": 0,
    "builtinTags": [
        "category-work",
        "grid",
        "legend",
        "series-scatter",
        "title"
    ],
    "customTags": [],
    "updaterUserName": "173******70"
}