{
    "cid": "xV1BvBMzm0",
    "authorUid": "bd-2519963137",
    "authorUserName": "火***5",
    "title": "",
    "description": "",
    "latestVersion": 1,
    "alwaysLatest": 1,
    "createTime": "2019-06-10T08:54:45.000Z",
    "lastUpdateTime": "2019-06-10T08:54:45.000Z",
    "auth": 2,
    "uid": "bd-2519963137",
    "publishedVersion": 0,
    "forkFrom": "-",
    "isSpam": 0,
    "version": 1,
    "parentVersion": -1,
    "echartsVersion": "4.2.1",
    "versionCreateTime": "2019-06-10T08:54:45.000Z",
    "html": "",
    "externalScripts": "",
    "updaterUID": "bd-2519963137",
    "theme": "",
    "layout": "",
    "viewCount": 69,
    "userName": "火***5",
    "commentCount": 0,
    "starCount": 1,
    "isStared": 0,
    "thumbnailURL": "https://www.makeapie.com/ecg-storage/ec_gallery_thumbnail/xV1BvBMzm0.png?v=1560156885296",
    "isCustomThumbnail": 0,
    "builtinTags": [
        "category-work",
        "grid",
        "legend",
        "series-bar",
        "tooltip"
    ],
    "customTags": [],
    "updaterUserName": "火***5"
}