{
    "cid": "xvYaC-90OE",
    "authorUid": "bd-3348891277",
    "authorUserName": "乐***8",
    "title": "柱状图",
    "description": "",
    "latestVersion": 2,
    "alwaysLatest": 1,
    "createTime": "2019-06-10T06:47:37.000Z",
    "lastUpdateTime": "2019-06-10T06:47:37.000Z",
    "auth": 2,
    "uid": "bd-3348891277",
    "publishedVersion": 0,
    "forkFrom": "-",
    "isSpam": 0,
    "version": 2,
    "parentVersion": 1,
    "echartsVersion": "4.2.1",
    "versionCreateTime": "2019-06-11T01:15:54.000Z",
    "html": "",
    "externalScripts": "",
    "updaterUID": "bd-3348891277",
    "theme": "",
    "layout": "",
    "viewCount": 125,
    "userName": "乐***8",
    "commentCount": 0,
    "starCount": 0,
    "isStared": 0,
    "thumbnailURL": "https://www.makeapie.com/ecg-storage/ec_gallery_thumbnail/xvYaC-90OE.png?v=1560215754617",
    "isCustomThumbnail": 0,
    "builtinTags": [
        "category-work",
        "dataset",
        "grid",
        "legend",
        "series-bar",
        "tooltip"
    ],
    "customTags": [],
    "updaterUserName": "乐***8"
}