{
    "cid": "xW_1HXWRWZ",
    "authorUid": "bd-1328026605",
    "authorUserName": "x_mw_zglz",
    "title": "饼图分割",
    "description": "饼图分割的一个方案",
    "latestVersion": 1,
    "alwaysLatest": 1,
    "createTime": "2019-06-10T05:32:00.000Z",
    "lastUpdateTime": "2019-06-10T05:32:00.000Z",
    "auth": 2,
    "uid": "bd-1328026605",
    "publishedVersion": 0,
    "forkFrom": "-",
    "isSpam": 0,
    "version": 1,
    "parentVersion": -1,
    "echartsVersion": "4.2.1",
    "versionCreateTime": "2019-06-10T05:32:00.000Z",
    "html": "",
    "externalScripts": "",
    "updaterUID": "bd-1328026605",
    "theme": "",
    "layout": "",
    "viewCount": 43,
    "userName": "x_mw_zglz",
    "commentCount": 0,
    "starCount": 0,
    "isStared": 0,
    "thumbnailURL": "https://www.makeapie.com/ecg-storage/ec_gallery_thumbnail/xW_1HXWRWZ.png?v=1560144720739",
    "isCustomThumbnail": 0,
    "builtinTags": [
        "category-work",
        "legend",
        "series-pie",
        "tooltip"
    ],
    "customTags": [
        "pie"
    ],
    "updaterUserName": "x_mw_zglz"
}