{
    "cid": "xw_RU4T6CG",
    "authorUid": "bd-2519963137",
    "authorUserName": "火***5",
    "title": "饼状图",
    "description": "",
    "latestVersion": 1,
    "alwaysLatest": 1,
    "createTime": "2019-06-10T08:47:40.000Z",
    "lastUpdateTime": "2019-06-10T08:47:40.000Z",
    "auth": 2,
    "uid": "bd-2519963137",
    "publishedVersion": 0,
    "forkFrom": "-",
    "isSpam": 0,
    "version": 1,
    "parentVersion": -1,
    "echartsVersion": "4.2.1",
    "versionCreateTime": "2019-06-10T08:47:40.000Z",
    "html": "",
    "externalScripts": "",
    "updaterUID": "bd-2519963137",
    "theme": "",
    "layout": "",
    "viewCount": 74,
    "userName": "火***5",
    "commentCount": 0,
    "starCount": 1,
    "isStared": 0,
    "thumbnailURL": "https://www.makeapie.com/ecg-storage/ec_gallery_thumbnail/xw_RU4T6CG.png?v=1560156461025",
    "isCustomThumbnail": 0,
    "builtinTags": [
        "category-work",
        "series-pie",
        "tooltip"
    ],
    "customTags": [],
    "updaterUserName": "火***5"
}