{
    "cid": "x1lGrdRIQr",
    "authorUid": "obd-oCecNRVW6pzyo6FXc5y-1dGeQ7A-Q3s",
    "authorUserName": "幸***超",
    "title": "",
    "description": "",
    "latestVersion": 2,
    "alwaysLatest": 0,
    "createTime": "2021-12-14T02:49:30.000Z",
    "lastUpdateTime": "2021-12-14T02:51:26.000Z",
    "auth": 2,
    "uid": "obd-oCecNRVW6pzyo6FXc5y-1dGeQ7A-Q3s",
    "publishedVersion": 0,
    "forkFrom": "-",
    "isSpam": 0,
    "version": 2,
    "parentVersion": 1,
    "echartsVersion": "5.2.2",
    "versionCreateTime": "2021-12-14T02:51:26.000Z",
    "html": "",
    "externalScripts": "",
    "updaterUID": "obd-oCecNRVW6pzyo6FXc5y-1dGeQ7A-Q3s",
    "theme": "",
    "layout": "",
    "viewCount": 0,
    "userName": "幸***超",
    "commentCount": 0,
    "starCount": 0,
    "isStared": 0,
    "thumbnailURL": "https://www.makeapie.com/ecg-storage/ec_gallery_thumbnail/x1lGrdRIQr.png?v=1639450286475",
    "isCustomThumbnail": 0,
    "builtinTags": [
        "category-work",
        "grid",
        "series-line"
    ],
    "customTags": [],
    "updaterUserName": "幸***超"
}