{
    "cid": "x52XJ8ngZd",
    "authorUid": "obd-otCkFurVYcfazHQTExH9eTGvnA0Vh8X",
    "authorUserName": "风***下",
    "title": "折线图",
    "description": "折线图",
    "latestVersion": 4,
    "alwaysLatest": 0,
    "createTime": "2021-12-14T03:53:15.000Z",
    "lastUpdateTime": "2021-12-14T04:02:47.000Z",
    "auth": 2,
    "uid": "obd-otCkFurVYcfazHQTExH9eTGvnA0Vh8X",
    "publishedVersion": 0,
    "forkFrom": "-",
    "isSpam": 0,
    "version": 4,
    "parentVersion": 1,
    "echartsVersion": "5.2.2",
    "versionCreateTime": "2021-12-14T04:02:47.000Z",
    "html": "",
    "externalScripts": "",
    "updaterUID": "obd-otCkFurVYcfazHQTExH9eTGvnA0Vh8X",
    "theme": "",
    "layout": "",
    "viewCount": 0,
    "userName": "风***下",
    "commentCount": 0,
    "starCount": 5,
    "isStared": 0,
    "thumbnailURL": "https://www.makeapie.com/ecg-storage/ec_gallery_thumbnail/x52XJ8ngZd.png?v=1639454567494",
    "isCustomThumbnail": 0,
    "builtinTags": [
        "category-work",
        "grid",
        "legend",
        "series-bar",
        "series-line",
        "title",
        "tooltip"
    ],
    "customTags": [],
    "updaterUserName": "风***下"
}