{
    "cid": "x72VrIHFH4",
    "authorUid": "obd-oNjOU0DV9qNLRGvJT9TnWYdxfHpuyCc",
    "authorUserName": "小***呀",
    "title": "啊哈",
    "description": "",
    "latestVersion": 1,
    "alwaysLatest": 0,
    "createTime": "2021-12-13T09:41:39.000Z",
    "lastUpdateTime": "2021-12-13T09:41:39.000Z",
    "auth": 1,
    "uid": "obd-oNjOU0DV9qNLRGvJT9TnWYdxfHpuyCc",
    "publishedVersion": 0,
    "forkFrom": "-",
    "isSpam": 0,
    "version": 1,
    "parentVersion": -1,
    "echartsVersion": "5.2.2",
    "versionCreateTime": "2021-12-13T09:41:39.000Z",
    "html": "",
    "externalScripts": "",
    "updaterUID": "obd-oNjOU0DV9qNLRGvJT9TnWYdxfHpuyCc",
    "theme": "",
    "layout": "",
    "viewCount": 0,
    "userName": "小***呀",
    "commentCount": 0,
    "starCount": 0,
    "isStared": 0,
    "thumbnailURL": "https://www.makeapie.com/ecg-storage/ec_gallery_thumbnail/x72VrIHFH4.png?v=1639388499423",
    "isCustomThumbnail": 0,
    "builtinTags": [
        "category-work",
        "series-pie"
    ],
    "customTags": [],
    "updaterUserName": "小***呀"
}