{
    "cid": "x7bPHiVeAN",
    "authorUid": "obd-o0N9XgjzEtK8qv4eJ75aguEaOF08uFv",
    "authorUserName": "我***1",
    "title": "雷达图",
    "description": "",
    "latestVersion": 1,
    "alwaysLatest": 0,
    "createTime": "2021-12-14T03:16:03.000Z",
    "lastUpdateTime": "2021-12-14T03:16:03.000Z",
    "auth": 2,
    "uid": "obd-o0N9XgjzEtK8qv4eJ75aguEaOF08uFv",
    "publishedVersion": 0,
    "forkFrom": "-",
    "isSpam": 0,
    "version": 1,
    "parentVersion": -1,
    "echartsVersion": "5.2.2",
    "versionCreateTime": "2021-12-14T03:16:03.000Z",
    "html": "",
    "externalScripts": "",
    "updaterUID": "obd-o0N9XgjzEtK8qv4eJ75aguEaOF08uFv",
    "theme": "",
    "layout": "",
    "viewCount": 0,
    "userName": "我***1",
    "commentCount": 0,
    "starCount": 0,
    "isStared": 0,
    "thumbnailURL": "https://www.makeapie.com/ecg-storage/ec_gallery_thumbnail/x7bPHiVeAN.png?v=1639451764020",
    "isCustomThumbnail": 0,
    "builtinTags": [
        "category-work",
        "radar",
        "series-radar"
    ],
    "customTags": [],
    "updaterUserName": "我***1"
}