{
    "cid": "x8FLp_1Ol1",
    "authorUid": "obd-o0N9XgjzEtK8qv4eJ75aguEaOF08uFv",
    "authorUserName": "我***1",
    "title": "塔状柱状图+折线图",
    "description": "塔状柱状图+带阴影折线图",
    "latestVersion": 1,
    "alwaysLatest": 0,
    "createTime": "2021-12-14T01:50:48.000Z",
    "lastUpdateTime": "2021-12-14T01:50:48.000Z",
    "auth": 2,
    "uid": "obd-o0N9XgjzEtK8qv4eJ75aguEaOF08uFv",
    "publishedVersion": 0,
    "forkFrom": "-",
    "isSpam": 0,
    "version": 1,
    "parentVersion": -1,
    "echartsVersion": "5.2.2",
    "versionCreateTime": "2021-12-14T01:50:48.000Z",
    "html": "",
    "externalScripts": "",
    "updaterUID": "obd-o0N9XgjzEtK8qv4eJ75aguEaOF08uFv",
    "theme": "",
    "layout": "",
    "viewCount": 0,
    "userName": "我***1",
    "commentCount": 0,
    "starCount": 3,
    "isStared": 0,
    "thumbnailURL": "https://www.makeapie.com/ecg-storage/ec_gallery_thumbnail/x8FLp_1Ol1.png?v=1639446648503",
    "isCustomThumbnail": 0,
    "builtinTags": [
        "category-work",
        "grid",
        "legend",
        "series-line",
        "series-pictorialBar",
        "tooltip"
    ],
    "customTags": [],
    "updaterUserName": "我***1"
}