{
    "cid": "x8G4Vqx8jX",
    "authorUid": "obd-oPpApgNIqy4uspbiTFgDE0-1NzbHz9R",
    "authorUserName": "玄***尊",
    "title": "车位使用",
    "description": "",
    "latestVersion": 5,
    "alwaysLatest": 1,
    "createTime": "2021-12-14T05:18:04.000Z",
    "lastUpdateTime": "2021-12-14T05:47:42.000Z",
    "auth": 1,
    "uid": "obd-oPpApgNIqy4uspbiTFgDE0-1NzbHz9R",
    "publishedVersion": 0,
    "forkFrom": "-",
    "isSpam": 0,
    "version": 5,
    "parentVersion": 4,
    "echartsVersion": "5.2.2",
    "versionCreateTime": "2021-12-14T05:47:42.000Z",
    "html": "",
    "externalScripts": "",
    "updaterUID": "obd-oPpApgNIqy4uspbiTFgDE0-1NzbHz9R",
    "theme": "dark",
    "layout": "",
    "viewCount": 0,
    "userName": "玄***尊",
    "commentCount": 0,
    "starCount": 0,
    "isStared": 0,
    "thumbnailURL": "https://www.makeapie.com/ecg-storage/ec_gallery_thumbnail/x8G4Vqx8jX.png?v=1639460862449",
    "isCustomThumbnail": 0,
    "builtinTags": [
        "category-work",
        "series-pie",
        "title",
        "tooltip"
    ],
    "customTags": [],
    "updaterUserName": "玄***尊"
}