{
    "cid": "x9j5YZlRyZ",
    "authorUid": "obd-oCecNRVW6pzyo6FXc5y-1dGeQ7A-Q3s",
    "authorUserName": "幸***超",
    "title": "",
    "description": "",
    "latestVersion": 1,
    "alwaysLatest": 0,
    "createTime": "2021-12-14T04:02:48.000Z",
    "lastUpdateTime": "2021-12-14T04:02:48.000Z",
    "auth": 2,
    "uid": "obd-oCecNRVW6pzyo6FXc5y-1dGeQ7A-Q3s",
    "publishedVersion": 0,
    "forkFrom": "-",
    "isSpam": 0,
    "version": 1,
    "parentVersion": -1,
    "echartsVersion": "5.2.2",
    "versionCreateTime": "2021-12-14T04:02:48.000Z",
    "html": "",
    "externalScripts": "",
    "updaterUID": "obd-oCecNRVW6pzyo6FXc5y-1dGeQ7A-Q3s",
    "theme": "",
    "layout": "",
    "viewCount": 0,
    "userName": "幸***超",
    "commentCount": 0,
    "starCount": 4,
    "isStared": 0,
    "thumbnailURL": "https://www.makeapie.com/ecg-storage/ec_gallery_thumbnail/x9j5YZlRyZ.png?v=1639454568721",
    "isCustomThumbnail": 0,
    "builtinTags": [
        "category-work",
        "grid",
        "legend",
        "series-line",
        "tooltip"
    ],
    "customTags": [],
    "updaterUserName": "幸***超"
}