{
    "cid": "xCHRuuFyDu",
    "authorUid": "obd-oN7OQrfc4T57mcSC_m70cvg4_pbrEC6",
    "authorUserName": "小***画",
    "title": "02横向柱形图bar-世界人口",
    "description": "",
    "latestVersion": 3,
    "alwaysLatest": 0,
    "createTime": "2021-12-14T07:07:04.000Z",
    "lastUpdateTime": "2021-12-14T07:57:48.000Z",
    "auth": 2,
    "uid": "obd-oN7OQrfc4T57mcSC_m70cvg4_pbrEC6",
    "publishedVersion": 0,
    "forkFrom": "-",
    "isSpam": 0,
    "version": 3,
    "parentVersion": 2,
    "echartsVersion": "5.2.2",
    "versionCreateTime": "2021-12-14T07:57:48.000Z",
    "html": "",
    "externalScripts": "",
    "updaterUID": "obd-oN7OQrfc4T57mcSC_m70cvg4_pbrEC6",
    "theme": "",
    "layout": "",
    "viewCount": 0,
    "userName": "小***画",
    "commentCount": 0,
    "starCount": 0,
    "isStared": 0,
    "thumbnailURL": "https://www.makeapie.com/ecg-storage/ec_gallery_thumbnail/xCHRuuFyDu.png?v=1639468668194",
    "isCustomThumbnail": 0,
    "builtinTags": [
        "category-work",
        "grid",
        "series-bar",
        "title"
    ],
    "customTags": [],
    "updaterUserName": "小***画"
}