{
    "cid": "xDVI3YRKTU",
    "authorUid": "obd-o0N9XgjzEtK8qv4eJ75aguEaOF08uFv",
    "authorUserName": "我***1",
    "title": "饼图+仪表盘",
    "description": "饼图+仪表盘",
    "latestVersion": 3,
    "alwaysLatest": 0,
    "createTime": "2021-12-14T03:37:52.000Z",
    "lastUpdateTime": "2021-12-14T05:11:28.000Z",
    "auth": 2,
    "uid": "obd-o0N9XgjzEtK8qv4eJ75aguEaOF08uFv",
    "publishedVersion": 0,
    "forkFrom": "-",
    "isSpam": 0,
    "version": 3,
    "parentVersion": 2,
    "echartsVersion": "5.2.2",
    "versionCreateTime": "2021-12-14T05:11:28.000Z",
    "html": "",
    "externalScripts": "",
    "updaterUID": "obd-o0N9XgjzEtK8qv4eJ75aguEaOF08uFv",
    "theme": "",
    "layout": "",
    "viewCount": 0,
    "userName": "我***1",
    "commentCount": 0,
    "starCount": 3,
    "isStared": 0,
    "thumbnailURL": "https://www.makeapie.com/ecg-storage/ec_gallery_thumbnail/xDVI3YRKTU.png?v=1639458689002",
    "isCustomThumbnail": 0,
    "builtinTags": [
        "category-work",
        "legend",
        "series-gauge",
        "series-pie",
        "title",
        "tooltip"
    ],
    "customTags": [],
    "updaterUserName": "我***1"
}