{
    "cid": "xGd8_O6wKF",
    "authorUid": "obd-oDoZIY2Utcmo-T-oDy9pwF--e8gVz15",
    "authorUserName": "q***6",
    "title": "",
    "description": "",
    "latestVersion": 1,
    "alwaysLatest": 0,
    "createTime": "2021-12-14T02:50:14.000Z",
    "lastUpdateTime": "2021-12-14T02:50:14.000Z",
    "auth": 2,
    "uid": "obd-oDoZIY2Utcmo-T-oDy9pwF--e8gVz15",
    "publishedVersion": 0,
    "forkFrom": "-",
    "isSpam": 0,
    "version": 1,
    "parentVersion": -1,
    "echartsVersion": "5.2.2",
    "versionCreateTime": "2021-12-14T02:50:14.000Z",
    "html": "",
    "externalScripts": "",
    "updaterUID": "obd-oDoZIY2Utcmo-T-oDy9pwF--e8gVz15",
    "theme": "",
    "layout": "",
    "viewCount": 0,
    "userName": "q***6",
    "commentCount": 0,
    "starCount": 3,
    "isStared": 0,
    "thumbnailURL": "https://www.makeapie.com/ecg-storage/ec_gallery_thumbnail/xGd8_O6wKF.png?v=1639450214291",
    "isCustomThumbnail": 0,
    "builtinTags": [
        "category-work",
        "grid",
        "series-bar",
        "series-pictorialBar"
    ],
    "customTags": [],
    "updaterUserName": "q***6"
}