{
    "cid": "xhX5lEqyxg",
    "authorUid": "bd-3195553279",
    "authorUserName": "戈***凉",
    "title": "中国地图",
    "description": "",
    "latestVersion": 1,
    "alwaysLatest": 0,
    "createTime": "2021-12-14T01:59:02.000Z",
    "lastUpdateTime": "2021-12-14T01:59:02.000Z",
    "auth": 2,
    "uid": "bd-3195553279",
    "publishedVersion": 0,
    "forkFrom": "-",
    "isSpam": 0,
    "version": 1,
    "parentVersion": -1,
    "echartsVersion": "5.2.2",
    "versionCreateTime": "2021-12-14T01:59:02.000Z",
    "html": "",
    "externalScripts": "",
    "updaterUID": "bd-3195553279",
    "theme": "",
    "layout": "",
    "viewCount": 0,
    "userName": "戈***凉",
    "commentCount": 0,
    "starCount": 0,
    "isStared": 0,
    "thumbnailURL": "https://www.makeapie.com/ecg-storage/ec_gallery_thumbnail/xhX5lEqyxg.png?v=1639447142557",
    "isCustomThumbnail": 0,
    "builtinTags": [
        "category-work",
        "geo",
        "series-map",
        "series-scatter"
    ],
    "customTags": [],
    "updaterUserName": "戈***凉"
}