{
    "cid": "xI7TXdk9LC",
    "authorUid": "obd-otwkbXlSxkFkQPEpyPtP6CMYCCmr18b",
    "authorUserName": "h***0",
    "title": "矩形树图透明度",
    "description": "",
    "latestVersion": 1,
    "alwaysLatest": 0,
    "createTime": "2021-12-13T09:15:49.000Z",
    "lastUpdateTime": "2021-12-13T09:15:49.000Z",
    "auth": 2,
    "uid": "obd-otwkbXlSxkFkQPEpyPtP6CMYCCmr18b",
    "publishedVersion": 0,
    "forkFrom": "-",
    "isSpam": 0,
    "version": 1,
    "parentVersion": -1,
    "echartsVersion": "4.9.0",
    "versionCreateTime": "2021-12-13T09:15:50.000Z",
    "html": "",
    "externalScripts": "",
    "updaterUID": "obd-otwkbXlSxkFkQPEpyPtP6CMYCCmr18b",
    "theme": "",
    "layout": "",
    "viewCount": 0,
    "userName": "h***0",
    "commentCount": 0,
    "starCount": 0,
    "isStared": 0,
    "thumbnailURL": "https://www.makeapie.com/ecg-storage/ec_gallery_thumbnail/xI7TXdk9LC.png?v=1639386950142",
    "isCustomThumbnail": 0,
    "builtinTags": [
        "category-work",
        "series-treemap"
    ],
    "customTags": [],
    "updaterUserName": "h***0"
}