{
    "cid": "xOtERLUMOQ",
    "authorUid": "obd-o2rTAvCX0ZxPDSFaGfTKgmNwjS8YB6R",
    "authorUserName": "1***9",
    "title": "象形柱状体",
    "description": "",
    "latestVersion": 3,
    "alwaysLatest": 0,
    "createTime": "2021-12-14T01:40:19.000Z",
    "lastUpdateTime": "2021-12-14T02:14:24.000Z",
    "auth": 2,
    "uid": "obd-o2rTAvCX0ZxPDSFaGfTKgmNwjS8YB6R",
    "publishedVersion": 0,
    "forkFrom": "-",
    "isSpam": 0,
    "version": 3,
    "parentVersion": 2,
    "echartsVersion": "5.2.2",
    "versionCreateTime": "2021-12-14T02:14:24.000Z",
    "html": "",
    "externalScripts": "",
    "updaterUID": "obd-o2rTAvCX0ZxPDSFaGfTKgmNwjS8YB6R",
    "theme": "",
    "layout": "",
    "viewCount": 0,
    "userName": "1***9",
    "commentCount": 0,
    "starCount": 3,
    "isStared": 0,
    "thumbnailURL": "https://www.makeapie.com/ecg-storage/ec_gallery_thumbnail/xOtERLUMOQ.png?v=1639448064563",
    "isCustomThumbnail": 0,
    "builtinTags": [
        "category-work",
        "dataZoom",
        "grid",
        "series-pictorialBar"
    ],
    "customTags": [],
    "updaterUserName": "1***9"
}