{
    "cid": "xTY7-Ey9Jr",
    "authorUid": "obd-o-bC4vudqh9ip1KlNZ5eYmbil1a0wAl",
    "authorUserName": "j***e",
    "title": "空气质量仪表",
    "description": "空气质量仪表盘",
    "latestVersion": 6,
    "alwaysLatest": 1,
    "createTime": "2021-12-14T06:40:56.000Z",
    "lastUpdateTime": "2021-12-20T07:49:18.000Z",
    "auth": 1,
    "uid": "obd-o-bC4vudqh9ip1KlNZ5eYmbil1a0wAl",
    "publishedVersion": 0,
    "forkFrom": "-",
    "isSpam": 0,
    "version": 6,
    "parentVersion": 5,
    "echartsVersion": "5.2.2",
    "versionCreateTime": "2021-12-20T07:49:18.000Z",
    "html": "",
    "externalScripts": "",
    "updaterUID": "obd-o-bC4vudqh9ip1KlNZ5eYmbil1a0wAl",
    "theme": "",
    "layout": "",
    "viewCount": 0,
    "userName": "j***e",
    "commentCount": 0,
    "starCount": 0,
    "isStared": 0,
    "thumbnailURL": "https://www.makeapie.com/ecg-storage/ec_gallery_thumbnail/xTY7-Ey9Jr.png?v=1639986558760",
    "isCustomThumbnail": 0,
    "builtinTags": [
        "category-work",
        "series-gauge",
        "series-pie"
    ],
    "customTags": [],
    "updaterUserName": "j***e"
}