{
    "cid": "xBkJy52_cf",
    "authorUid": "bd-1261501031",
    "authorUserName": "邓***e",
    "title": "V0.3.0  日常监管——检查类型违法趋势子页面气泡图",
    "description": "V0.3.0  日常监管——检查类型违法趋势子页面气泡图",
    "latestVersion": 2,
    "alwaysLatest": 1,
    "createTime": "2018-03-28T06:44:39.000Z",
    "lastUpdateTime": "2018-03-28T06:44:39.000Z",
    "auth": 2,
    "uid": "bd-1261501031",
    "publishedVersion": 0,
    "forkFrom": "-",
    "isSpam": 0,
    "version": 2,
    "parentVersion": 1,
    "echartsVersion": "4.0.4",
    "versionCreateTime": "2018-04-01T14:29:23.000Z",
    "html": "",
    "externalScripts": "",
    "updaterUID": "bd-1261501031",
    "theme": "",
    "layout": "",
    "viewCount": 745,
    "userName": "邓***e",
    "commentCount": 0,
    "starCount": 0,
    "isStared": 0,
    "thumbnailURL": "https://www.makeapie.com/ecg-storage/ec_gallery_thumbnail/xBkJy52_cf.png?v=1522592963719",
    "isCustomThumbnail": 0,
    "builtinTags": [
        "category-work",
        "grid",
        "legend",
        "series-scatter",
        "title",
        "tooltip"
    ],
    "customTags": [],
    "updaterUserName": "邓***e"
}