{
    "cid": "xBkJ02Ct9G",
    "authorUid": "bd-638421887",
    "authorUserName": "玄魂玉",
    "title": "豆瓣电影",
    "description": "前100数据分析",
    "latestVersion": 1,
    "alwaysLatest": 1,
    "createTime": "2018-03-29T03:25:58.000Z",
    "lastUpdateTime": "2018-03-29T03:25:58.000Z",
    "auth": 2,
    "uid": "bd-638421887",
    "publishedVersion": 0,
    "forkFrom": "-",
    "isSpam": 0,
    "version": 1,
    "parentVersion": -1,
    "echartsVersion": "3.8.0",
    "versionCreateTime": "2018-03-29T03:25:58.000Z",
    "html": "",
    "externalScripts": "http://gallerybox.echartsjs.com/dep/echarts/3.8.0/echarts.min.js,http://echarts.baidu.com/resource/echarts-gl-latest/dist/echarts-gl.min.js",
    "updaterUID": "bd-638421887",
    "theme": "",
    "layout": "",
    "viewCount": 722,
    "userName": "玄魂玉",
    "commentCount": 1,
    "starCount": 3,
    "isStared": 0,
    "thumbnailURL": "https://www.makeapie.com/ecg-storage/ec_gallery_thumbnail/xBkJ02Ct9G.png?v=1522293958803",
    "isCustomThumbnail": 0,
    "builtinTags": [
        "category-work",
        "grid3D",
        "series-scatter3D",
        "tooltip",
        "visualMap"
    ],
    "customTags": [],
    "updaterUserName": "玄魂玉"
}