{
    "cid": "xBy3DXUuqG",
    "authorUid": "bd-404965171",
    "authorUserName": "小***物",
    "title": "   各企业类型持证占比",
    "description": "   各企业类型持证占比",
    "latestVersion": 4,
    "alwaysLatest": 1,
    "createTime": "2018-03-27T23:27:31.000Z",
    "lastUpdateTime": "2018-03-27T23:27:31.000Z",
    "auth": 2,
    "uid": "bd-404965171",
    "publishedVersion": 0,
    "forkFrom": "-",
    "isSpam": 0,
    "version": 4,
    "parentVersion": 3,
    "echartsVersion": "4.0.4",
    "versionCreateTime": "2018-04-12T07:34:08.000Z",
    "html": "",
    "externalScripts": "",
    "updaterUID": "bd-404965171",
    "theme": "",
    "layout": "",
    "viewCount": 386,
    "userName": "小***物",
    "commentCount": 0,
    "starCount": 1,
    "isStared": 0,
    "thumbnailURL": "https://www.makeapie.com/ecg-storage/ec_gallery_thumbnail/xBy3DXUuqG.png?v=1523518448520",
    "isCustomThumbnail": 0,
    "builtinTags": [
        "category-work",
        "series-pie",
        "title",
        "tooltip"
    ],
    "customTags": [],
    "updaterUserName": "小***物"
}