{
    "cid": "xByLfEKdqG",
    "authorUid": "bd-540836030",
    "authorUserName": "霸***y",
    "title": "简单的圆饼",
    "description": "简单的圆饼",
    "latestVersion": 2,
    "alwaysLatest": 1,
    "createTime": "2018-03-28T02:55:10.000Z",
    "lastUpdateTime": "2021-09-15T05:18:20.000Z",
    "auth": 2,
    "uid": "bd-540836030",
    "publishedVersion": 0,
    "forkFrom": "-",
    "isSpam": 0,
    "version": 2,
    "parentVersion": 1,
    "echartsVersion": "5.2.0",
    "versionCreateTime": "2021-09-15T05:18:20.000Z",
    "html": "",
    "externalScripts": "",
    "updaterUID": "bd-540836030",
    "theme": "",
    "layout": "",
    "viewCount": 317,
    "userName": "霸***y",
    "commentCount": 0,
    "starCount": 1,
    "isStared": 0,
    "thumbnailURL": "https://www.makeapie.com/ecg-storage/ec_gallery_thumbnail/xByLfEKdqG.png?v=1631683100795",
    "isCustomThumbnail": 0,
    "builtinTags": [
        "category-work",
        "legend",
        "series-pie"
    ],
    "customTags": [],
    "updaterUserName": "霸***y"
}