{
    "cid": "xHk_Aa8O9G",
    "authorUid": "bd-404965171",
    "authorUserName": "小***物",
    "title": "违法违规问题排名Top10（食品生产）",
    "description": "市级",
    "latestVersion": 2,
    "alwaysLatest": 1,
    "createTime": "2018-03-28T00:11:59.000Z",
    "lastUpdateTime": "2018-03-28T00:11:59.000Z",
    "auth": 2,
    "uid": "bd-404965171",
    "publishedVersion": 0,
    "forkFrom": "-",
    "isSpam": 0,
    "version": 2,
    "parentVersion": 1,
    "echartsVersion": "4.0.4",
    "versionCreateTime": "2018-04-12T09:25:19.000Z",
    "html": "",
    "externalScripts": "",
    "updaterUID": "bd-404965171",
    "theme": "",
    "layout": "",
    "viewCount": 134,
    "userName": "小***物",
    "commentCount": 0,
    "starCount": 0,
    "isStared": 0,
    "thumbnailURL": "https://www.makeapie.com/ecg-storage/ec_gallery_thumbnail/xHk_Aa8O9G.png?v=1523525119669",
    "isCustomThumbnail": 0,
    "builtinTags": [
        "category-work",
        "grid",
        "series-bar",
        "tooltip"
    ],
    "customTags": [],
    "updaterUserName": "小***物"
}