{
    "cid": "xHkrWgRYqM",
    "authorUid": "bd-2954501204",
    "authorUserName": "仆***乐",
    "title": "完成度_柱状图",
    "description": "",
    "latestVersion": 3,
    "alwaysLatest": 1,
    "createTime": "2018-03-29T02:31:24.000Z",
    "lastUpdateTime": "2018-03-29T02:31:24.000Z",
    "auth": 2,
    "uid": "bd-2954501204",
    "publishedVersion": 0,
    "forkFrom": "-",
    "isSpam": 0,
    "version": 3,
    "parentVersion": 2,
    "echartsVersion": "4.0.4",
    "versionCreateTime": "2018-03-29T02:33:44.000Z",
    "html": "",
    "externalScripts": "",
    "updaterUID": "bd-2954501204",
    "theme": "",
    "layout": "",
    "viewCount": 1487,
    "userName": "仆***乐",
    "commentCount": 0,
    "starCount": 10,
    "isStared": 0,
    "thumbnailURL": "https://www.makeapie.com/ecg-storage/ec_gallery_thumbnail/xHkrWgRYqM.png?v=1522290824114",
    "isCustomThumbnail": 0,
    "builtinTags": [
        "category-work",
        "grid",
        "series-bar",
        "title"
    ],
    "customTags": [],
    "updaterUserName": "仆***乐"
}