{
    "cid": "xr1P0swuqM",
    "authorUid": "bd-3796128407",
    "authorUserName": "王***响",
    "title": "示例-对比突出重点数据",
    "description": "",
    "latestVersion": 2,
    "alwaysLatest": 1,
    "createTime": "2018-03-28T01:11:43.000Z",
    "lastUpdateTime": "2020-01-09T02:20:43.000Z",
    "auth": 2,
    "uid": "bd-3796128407",
    "publishedVersion": 0,
    "forkFrom": "-",
    "isSpam": 0,
    "version": 2,
    "parentVersion": 1,
    "echartsVersion": "4.0.4",
    "versionCreateTime": "2018-03-28T02:55:41.000Z",
    "html": "",
    "externalScripts": "",
    "updaterUID": "bd-3796128407",
    "theme": "default",
    "layout": "",
    "viewCount": 85,
    "userName": "王***响",
    "commentCount": 0,
    "starCount": 0,
    "isStared": 0,
    "thumbnailURL": "https://www.makeapie.com/ecg-storage/ec_gallery_thumbnail/xr1P0swuqM.png?v=1578536443793",
    "isCustomThumbnail": 1,
    "builtinTags": [
        "category-work",
        "series-pie",
        "title",
        "tooltip"
    ],
    "customTags": [],
    "updaterUserName": "王***响"
}