{
    "cid": "xSJ4Zjt_cG",
    "authorUid": "bd-122637414",
    "authorUserName": "fsbz0t6tc5kz",
    "title": "融单流转图2固定",
    "description": "",
    "latestVersion": 2,
    "alwaysLatest": 1,
    "createTime": "2018-03-28T03:24:44.000Z",
    "lastUpdateTime": "2018-03-28T03:24:44.000Z",
    "auth": 2,
    "uid": "bd-122637414",
    "publishedVersion": 0,
    "forkFrom": "-",
    "isSpam": 0,
    "version": 2,
    "parentVersion": 1,
    "echartsVersion": "4.0.4",
    "versionCreateTime": "2018-03-28T03:36:59.000Z",
    "html": "",
    "externalScripts": "",
    "updaterUID": "bd-122637414",
    "theme": "",
    "layout": "",
    "viewCount": 2159,
    "userName": "fsbz0t6tc5kz",
    "commentCount": 1,
    "starCount": 2,
    "isStared": 0,
    "thumbnailURL": "https://www.makeapie.com/ecg-storage/ec_gallery_thumbnail/xSJ4Zjt_cG.png?v=1522208220043",
    "isCustomThumbnail": 0,
    "builtinTags": [
        "category-work",
        "legend",
        "series-graph",
        "title",
        "tooltip"
    ],
    "customTags": [],
    "updaterUserName": "fsbz0t6tc5kz"
}