{
    "cid": "xcZBwo7LKp",
    "authorUid": "obd-oAtFu3onGDkqZBn_kwzHow4hHkjxt7J",
    "authorUserName": "z***d",
    "title": "立体柱状图",
    "description": "屏体类型",
    "latestVersion": 2,
    "alwaysLatest": 1,
    "createTime": "2022-01-11T06:52:37.000Z",
    "lastUpdateTime": "2022-01-11T07:53:35.000Z",
    "auth": 1,
    "uid": "obd-oAtFu3onGDkqZBn_kwzHow4hHkjxt7J",
    "publishedVersion": 0,
    "forkFrom": "-",
    "isSpam": 0,
    "version": 2,
    "parentVersion": 1,
    "echartsVersion": "5.2.2",
    "versionCreateTime": "2022-01-11T07:53:35.000Z",
    "html": "",
    "externalScripts": "",
    "updaterUID": "obd-oAtFu3onGDkqZBn_kwzHow4hHkjxt7J",
    "theme": "",
    "layout": "",
    "viewCount": 0,
    "userName": "z***d",
    "commentCount": 0,
    "starCount": 1,
    "isStared": 0,
    "thumbnailURL": "https://www.makeapie.com/ecg-storage/ec_gallery_thumbnail/xcZBwo7LKp.png?v=1641887615260",
    "isCustomThumbnail": 0,
    "builtinTags": [
        "category-work",
        "grid",
        "legend",
        "series-custom",
        "tooltip"
    ],
    "customTags": [],
    "updaterUserName": "z***d"
}