{
    "cid": "xD358NGZeJ",
    "authorUid": "obd-o2HdiatgfizYaO-XMq1VWZaY3rkS0BE",
    "authorUserName": "秋***飒",
    "title": "水平柱图-分隔",
    "description": "",
    "latestVersion": 1,
    "alwaysLatest": 0,
    "createTime": "2022-01-10T08:03:36.000Z",
    "lastUpdateTime": "2022-01-10T08:03:36.000Z",
    "auth": 2,
    "uid": "obd-o2HdiatgfizYaO-XMq1VWZaY3rkS0BE",
    "publishedVersion": 0,
    "forkFrom": "-",
    "isSpam": 0,
    "version": 1,
    "parentVersion": -1,
    "echartsVersion": "5.2.2",
    "versionCreateTime": "2022-01-10T08:03:36.000Z",
    "html": "",
    "externalScripts": "",
    "updaterUID": "obd-o2HdiatgfizYaO-XMq1VWZaY3rkS0BE",
    "theme": "",
    "layout": "",
    "viewCount": 0,
    "userName": "秋***飒",
    "commentCount": 0,
    "starCount": 0,
    "isStared": 0,
    "thumbnailURL": "https://www.makeapie.com/ecg-storage/ec_gallery_thumbnail/xD358NGZeJ.png?v=1641801816488",
    "isCustomThumbnail": 0,
    "builtinTags": [
        "category-work",
        "grid",
        "series-bar",
        "series-pictorialBar",
        "tooltip"
    ],
    "customTags": [],
    "updaterUserName": "秋***飒"
}