{
    "cid": "xiqrsWI0uq",
    "authorUid": "obd-o2Syc7FOliwml4H1wOOzMdGwrFR2eBG",
    "authorUserName": "I***e",
    "title": "单行堆叠图",
    "description": "用于占比或数据大小排序的展示，可自定义内容、排序、颜色。",
    "latestVersion": 2,
    "alwaysLatest": 0,
    "createTime": "2022-01-11T11:01:29.000Z",
    "lastUpdateTime": "2022-01-11T11:09:10.000Z",
    "auth": 2,
    "uid": "obd-o2Syc7FOliwml4H1wOOzMdGwrFR2eBG",
    "publishedVersion": 0,
    "forkFrom": "-",
    "isSpam": 0,
    "version": 2,
    "parentVersion": 1,
    "echartsVersion": "5.2.2",
    "versionCreateTime": "2022-01-11T11:09:10.000Z",
    "html": "",
    "externalScripts": "",
    "updaterUID": "obd-o2Syc7FOliwml4H1wOOzMdGwrFR2eBG",
    "theme": "",
    "layout": "",
    "viewCount": 0,
    "userName": "I***e",
    "commentCount": 0,
    "starCount": 0,
    "isStared": 0,
    "thumbnailURL": "https://www.makeapie.com/ecg-storage/ec_gallery_thumbnail/xiqrsWI0uq.png?v=1641899350627",
    "isCustomThumbnail": 0,
    "builtinTags": [
        "category-work",
        "grid",
        "legend",
        "series-bar"
    ],
    "customTags": [
        "top5",
        "占比",
        "堆叠图",
        "排序"
    ],
    "updaterUserName": "I***e"
}