{
    "cid": "xJW9OonpaB",
    "authorUid": "obd-oCghmT11NwoeFdDBgQh02zSCDdW1y3V",
    "authorUserName": "茶***子",
    "title": "Awesome Chart",
    "description": "",
    "latestVersion": 1,
    "alwaysLatest": 0,
    "createTime": "2022-01-11T10:16:48.000Z",
    "lastUpdateTime": "2022-01-11T10:16:48.000Z",
    "auth": 2,
    "uid": "obd-oCghmT11NwoeFdDBgQh02zSCDdW1y3V",
    "publishedVersion": 0,
    "forkFrom": "-",
    "isSpam": 0,
    "version": 1,
    "parentVersion": -1,
    "echartsVersion": "5.2.2",
    "versionCreateTime": "2022-01-11T10:16:48.000Z",
    "html": "",
    "externalScripts": "",
    "updaterUID": "obd-oCghmT11NwoeFdDBgQh02zSCDdW1y3V",
    "theme": "",
    "layout": "",
    "viewCount": 0,
    "userName": "茶***子",
    "commentCount": 0,
    "starCount": 0,
    "isStared": 0,
    "thumbnailURL": "https://www.makeapie.com/ecg-storage/ec_gallery_thumbnail/xJW9OonpaB.png?v=1641896208450",
    "isCustomThumbnail": 0,
    "builtinTags": [
        "category-work",
        "grid",
        "series-bar",
        "title"
    ],
    "customTags": [],
    "updaterUserName": "茶***子"
}