{
    "cid": "xKy8btdBul",
    "authorUid": "obd-oPe-Vp1_b9glEYvmNYG8EMvJ_pNUC9x",
    "authorUserName": "希***兵",
    "title": "横向柱子",
    "description": "横向柱子",
    "latestVersion": 2,
    "alwaysLatest": 0,
    "createTime": "2022-01-13T03:03:12.000Z",
    "lastUpdateTime": "2022-01-13T03:08:57.000Z",
    "auth": 1,
    "uid": "obd-oPe-Vp1_b9glEYvmNYG8EMvJ_pNUC9x",
    "publishedVersion": 0,
    "forkFrom": "-",
    "isSpam": 0,
    "version": 2,
    "parentVersion": 1,
    "echartsVersion": "5.2.2",
    "versionCreateTime": "2022-01-13T03:08:57.000Z",
    "html": "",
    "externalScripts": "",
    "updaterUID": "obd-oPe-Vp1_b9glEYvmNYG8EMvJ_pNUC9x",
    "theme": "",
    "layout": "",
    "viewCount": 0,
    "userName": "希***兵",
    "commentCount": 0,
    "starCount": 0,
    "isStared": 0,
    "thumbnailURL": "https://www.makeapie.com/ecg-storage/ec_gallery_thumbnail/xKy8btdBul.png?v=1642043337485",
    "isCustomThumbnail": 0,
    "builtinTags": [
        "category-work",
        "grid",
        "series-bar",
        "tooltip"
    ],
    "customTags": [],
    "updaterUserName": "希***兵"
}