{
    "cid": "xmkFnQIYz4",
    "authorUid": "bd-1528266950",
    "authorUserName": "0***0",
    "title": "马鞍山色彩统计",
    "description": "仅对配色进行统计",
    "latestVersion": 1,
    "alwaysLatest": 0,
    "createTime": "2022-01-13T02:35:11.000Z",
    "lastUpdateTime": "2022-01-13T02:35:11.000Z",
    "auth": 2,
    "uid": "bd-1528266950",
    "publishedVersion": 0,
    "forkFrom": "-",
    "isSpam": 0,
    "version": 1,
    "parentVersion": -1,
    "echartsVersion": "5.2.2",
    "versionCreateTime": "2022-01-13T02:35:11.000Z",
    "html": "",
    "externalScripts": "",
    "updaterUID": "bd-1528266950",
    "theme": "",
    "layout": "",
    "viewCount": 0,
    "userName": "0***0",
    "commentCount": 0,
    "starCount": 0,
    "isStared": 0,
    "thumbnailURL": "https://www.makeapie.com/ecg-storage/ec_gallery_thumbnail/xmkFnQIYz4.png?v=1642041311232",
    "isCustomThumbnail": 0,
    "builtinTags": [
        "category-work",
        "series-pie",
        "title",
        "tooltip"
    ],
    "customTags": [],
    "updaterUserName": "0***0"
}