{
    "cid": "xOQSXIOQiK",
    "authorUid": "obd-oAtFu3onGDkqZBn_kwzHow4hHkjxt7J",
    "authorUserName": "z***d",
    "title": "屏体实时状态统计",
    "description": "",
    "latestVersion": 7,
    "alwaysLatest": 1,
    "createTime": "2022-01-13T01:53:31.000Z",
    "lastUpdateTime": "2022-01-13T02:54:02.000Z",
    "auth": 1,
    "uid": "obd-oAtFu3onGDkqZBn_kwzHow4hHkjxt7J",
    "publishedVersion": 0,
    "forkFrom": "-",
    "isSpam": 0,
    "version": 7,
    "parentVersion": 6,
    "echartsVersion": "5.2.2",
    "versionCreateTime": "2022-01-13T02:54:02.000Z",
    "html": "",
    "externalScripts": "",
    "updaterUID": "obd-oAtFu3onGDkqZBn_kwzHow4hHkjxt7J",
    "theme": "",
    "layout": "",
    "viewCount": 0,
    "userName": "z***d",
    "commentCount": 0,
    "starCount": 1,
    "isStared": 0,
    "thumbnailURL": "https://www.makeapie.com/ecg-storage/ec_gallery_thumbnail/xOQSXIOQiK.png?v=1642042442871",
    "isCustomThumbnail": 0,
    "builtinTags": [
        "category-work",
        "grid",
        "legend",
        "series-bar",
        "title",
        "tooltip"
    ],
    "customTags": [],
    "updaterUserName": "z***d"
}