{
    "cid": "xq6Cd5-hBv",
    "authorUid": "obd-ol2lzLE0qKlGJfGPR1IZeu8AHdcyV0z",
    "authorUserName": "l***e",
    "title": "患者年龄性别分布",
    "description": "",
    "latestVersion": 1,
    "alwaysLatest": 0,
    "createTime": "2022-01-10T07:14:40.000Z",
    "lastUpdateTime": "2022-01-10T07:14:40.000Z",
    "auth": 2,
    "uid": "obd-ol2lzLE0qKlGJfGPR1IZeu8AHdcyV0z",
    "publishedVersion": 0,
    "forkFrom": "-",
    "isSpam": 0,
    "version": 1,
    "parentVersion": -1,
    "echartsVersion": "5.2.2",
    "versionCreateTime": "2022-01-10T07:14:40.000Z",
    "html": "",
    "externalScripts": "",
    "updaterUID": "obd-ol2lzLE0qKlGJfGPR1IZeu8AHdcyV0z",
    "theme": "",
    "layout": "",
    "viewCount": 0,
    "userName": "l***e",
    "commentCount": 0,
    "starCount": 0,
    "isStared": 0,
    "thumbnailURL": "https://www.makeapie.com/ecg-storage/ec_gallery_thumbnail/xq6Cd5-hBv.png?v=1641798880129",
    "isCustomThumbnail": 0,
    "builtinTags": [
        "category-work",
        "grid",
        "legend",
        "series-bar",
        "title",
        "tooltip"
    ],
    "customTags": [
        "堆叠",
        "对比",
        "年龄分布"
    ],
    "updaterUserName": "l***e"
}