{
    "cid": "xqIRYA0Wmc",
    "authorUid": "obd-o2pLy6Bonp429MBT8fkaA6stb3m5Q6C",
    "authorUserName": "是***呐",
    "title": "三线雷达图",
    "description": "",
    "latestVersion": 1,
    "alwaysLatest": 0,
    "createTime": "2022-01-10T09:12:48.000Z",
    "lastUpdateTime": "2022-01-10T09:12:48.000Z",
    "auth": 1,
    "uid": "obd-o2pLy6Bonp429MBT8fkaA6stb3m5Q6C",
    "publishedVersion": 0,
    "forkFrom": "-",
    "isSpam": 0,
    "version": 1,
    "parentVersion": -1,
    "echartsVersion": "5.2.2",
    "versionCreateTime": "2022-01-10T09:12:48.000Z",
    "html": "",
    "externalScripts": "",
    "updaterUID": "obd-o2pLy6Bonp429MBT8fkaA6stb3m5Q6C",
    "theme": "",
    "layout": "",
    "viewCount": 0,
    "userName": "是***呐",
    "commentCount": 0,
    "starCount": 0,
    "isStared": 0,
    "thumbnailURL": "https://www.makeapie.com/ecg-storage/ec_gallery_thumbnail/xqIRYA0Wmc.png?v=1641805968509",
    "isCustomThumbnail": 0,
    "builtinTags": [
        "category-work",
        "radar",
        "series-radar",
        "tooltip"
    ],
    "customTags": [],
    "updaterUserName": "是***呐"
}