{
    "cid": "xwggM6kMKk",
    "authorUid": "obd-ol2lzLE0qKlGJfGPR1IZeu8AHdcyV0z",
    "authorUserName": "l***e",
    "title": "失能申请",
    "description": "",
    "latestVersion": 2,
    "alwaysLatest": 0,
    "createTime": "2022-01-13T03:46:15.000Z",
    "lastUpdateTime": "2022-01-13T03:48:25.000Z",
    "auth": 2,
    "uid": "obd-ol2lzLE0qKlGJfGPR1IZeu8AHdcyV0z",
    "publishedVersion": 0,
    "forkFrom": "-",
    "isSpam": 0,
    "version": 2,
    "parentVersion": 1,
    "echartsVersion": "5.2.2",
    "versionCreateTime": "2022-01-13T03:48:25.000Z",
    "html": "",
    "externalScripts": "",
    "updaterUID": "obd-ol2lzLE0qKlGJfGPR1IZeu8AHdcyV0z",
    "theme": "dark",
    "layout": "",
    "viewCount": 0,
    "userName": "l***e",
    "commentCount": 0,
    "starCount": 0,
    "isStared": 0,
    "thumbnailURL": "https://www.makeapie.com/ecg-storage/ec_gallery_thumbnail/xwggM6kMKk.png?v=1642045705667",
    "isCustomThumbnail": 0,
    "builtinTags": [
        "category-work",
        "geo",
        "legend",
        "series-effectScatter"
    ],
    "customTags": [
        "地图",
        "天津",
        "缩放",
        "随机点"
    ],
    "updaterUserName": "l***e"
}