{
    "cid": "x2sKgOz9LA",
    "authorUid": "obd-o0mPgn3QYXaBBI7PypPbsjVbZwvwnFm",
    "authorUserName": "C***咯",
    "title": "叠加柱状图",
    "description": "简单风格",
    "latestVersion": 2,
    "alwaysLatest": 1,
    "createTime": "2020-08-19T02:36:24.000Z",
    "lastUpdateTime": "2020-08-19T02:36:24.000Z",
    "auth": 2,
    "uid": "obd-o0mPgn3QYXaBBI7PypPbsjVbZwvwnFm",
    "publishedVersion": 0,
    "forkFrom": "-",
    "isSpam": 0,
    "version": 2,
    "parentVersion": 1,
    "echartsVersion": "4.8.0",
    "versionCreateTime": "2020-08-20T00:58:23.000Z",
    "html": "",
    "externalScripts": "",
    "updaterUID": "obd-o0mPgn3QYXaBBI7PypPbsjVbZwvwnFm",
    "theme": "",
    "layout": "",
    "viewCount": 120,
    "userName": "C***咯",
    "commentCount": 0,
    "starCount": 1,
    "isStared": 0,
    "thumbnailURL": "https://www.makeapie.com/ecg-storage/ec_gallery_thumbnail/x2sKgOz9LA.png?v=1597885103771",
    "isCustomThumbnail": 0,
    "builtinTags": [
        "category-work",
        "grid",
        "legend",
        "series-bar",
        "tooltip"
    ],
    "customTags": [],
    "updaterUserName": "C***咯"
}