{
    "cid": "xA1Ee5cpUq",
    "authorUid": "obd-o0mPgn3QYXaBBI7PypPbsjVbZwvwnFm",
    "authorUserName": "C***咯",
    "title": "双曲线图",
    "description": "",
    "latestVersion": 2,
    "alwaysLatest": 1,
    "createTime": "2020-08-20T01:00:15.000Z",
    "lastUpdateTime": "2020-08-20T01:00:15.000Z",
    "auth": 2,
    "uid": "obd-o0mPgn3QYXaBBI7PypPbsjVbZwvwnFm",
    "publishedVersion": 0,
    "forkFrom": "-",
    "isSpam": 0,
    "version": 2,
    "parentVersion": 1,
    "echartsVersion": "4.8.0",
    "versionCreateTime": "2020-08-20T01:03:17.000Z",
    "html": "",
    "externalScripts": "",
    "updaterUID": "obd-o0mPgn3QYXaBBI7PypPbsjVbZwvwnFm",
    "theme": "",
    "layout": "",
    "viewCount": 395,
    "userName": "C***咯",
    "commentCount": 0,
    "starCount": 4,
    "isStared": 0,
    "thumbnailURL": "https://www.makeapie.com/ecg-storage/ec_gallery_thumbnail/xA1Ee5cpUq.png?v=1597885397448",
    "isCustomThumbnail": 0,
    "builtinTags": [
        "category-work",
        "grid",
        "legend",
        "series-line",
        "tooltip"
    ],
    "customTags": [],
    "updaterUserName": "C***咯"
}