{
    "cid": "xeRuhjrg5l1",
    "authorUid": "obd-ojWRcbdVqca5JyuuTVIP7ZpNIVzBpE9",
    "authorUserName": "白***乐",
    "title": "标签图",
    "description": "饼套环",
    "latestVersion": 1,
    "alwaysLatest": 1,
    "createTime": "2020-08-19T09:36:24.000Z",
    "lastUpdateTime": "2020-08-19T09:36:24.000Z",
    "auth": 2,
    "uid": "obd-ojWRcbdVqca5JyuuTVIP7ZpNIVzBpE9",
    "publishedVersion": 0,
    "forkFrom": "-",
    "isSpam": 0,
    "version": 1,
    "parentVersion": -1,
    "echartsVersion": "4.8.0",
    "versionCreateTime": "2020-08-19T09:36:24.000Z",
    "html": "",
    "externalScripts": "",
    "updaterUID": "obd-ojWRcbdVqca5JyuuTVIP7ZpNIVzBpE9",
    "theme": "default",
    "layout": "",
    "viewCount": 281,
    "userName": "白***乐",
    "commentCount": 0,
    "starCount": 3,
    "isStared": 0,
    "thumbnailURL": "https://www.makeapie.com/ecg-storage/ec_gallery_thumbnail/xeRuhjrg5l1.png?v=1597829785110",
    "isCustomThumbnail": 0,
    "builtinTags": [
        "category-work",
        "series-pie",
        "title"
    ],
    "customTags": [],
    "updaterUserName": "白***乐"
}