{
    "cid": "xGlwRMV351",
    "authorUid": "obd-olklUpvb216IgDbHm7VVgPnHmwWUy0i",
    "authorUserName": "任***9",
    "title": "分组柱状图",
    "description": "",
    "latestVersion": 2,
    "alwaysLatest": 1,
    "createTime": "2020-08-19T08:29:03.000Z",
    "lastUpdateTime": "2020-08-19T08:29:03.000Z",
    "auth": 2,
    "uid": "obd-olklUpvb216IgDbHm7VVgPnHmwWUy0i",
    "publishedVersion": 0,
    "forkFrom": "-",
    "isSpam": 0,
    "version": 2,
    "parentVersion": 1,
    "echartsVersion": "4.8.0",
    "versionCreateTime": "2020-08-19T08:57:04.000Z",
    "html": "",
    "externalScripts": "",
    "updaterUID": "obd-olklUpvb216IgDbHm7VVgPnHmwWUy0i",
    "theme": "",
    "layout": "",
    "viewCount": 124,
    "userName": "任***9",
    "commentCount": 0,
    "starCount": 0,
    "isStared": 0,
    "thumbnailURL": "https://www.makeapie.com/ecg-storage/ec_gallery_thumbnail/xGlwRMV351.png?v=1597825743425",
    "isCustomThumbnail": 1,
    "builtinTags": [
        "category-work",
        "dataset",
        "grid",
        "legend",
        "series-bar",
        "tooltip"
    ],
    "customTags": [],
    "updaterUserName": "任***9"
}