{
    "cid": "xJdjyTqzJ-",
    "authorUid": "obd-oE17WSS2LCqiUxej9fKOdqQf_bxxZ4O",
    "authorUserName": "q***6",
    "title": "气泡",
    "description": "",
    "latestVersion": 2,
    "alwaysLatest": 1,
    "createTime": "2020-08-19T07:14:05.000Z",
    "lastUpdateTime": "2020-08-19T07:14:05.000Z",
    "auth": 2,
    "uid": "obd-oE17WSS2LCqiUxej9fKOdqQf_bxxZ4O",
    "publishedVersion": 0,
    "forkFrom": "-",
    "isSpam": 0,
    "version": 2,
    "parentVersion": 1,
    "echartsVersion": "4.8.0",
    "versionCreateTime": "2020-08-24T03:51:38.000Z",
    "html": "",
    "externalScripts": "",
    "updaterUID": "obd-oE17WSS2LCqiUxej9fKOdqQf_bxxZ4O",
    "theme": "",
    "layout": "",
    "viewCount": 1165,
    "userName": "q***6",
    "commentCount": 0,
    "starCount": 5,
    "isStared": 0,
    "thumbnailURL": "https://www.makeapie.com/ecg-storage/ec_gallery_thumbnail/xJdjyTqzJ-.png?v=1598241098445",
    "isCustomThumbnail": 0,
    "builtinTags": [
        "category-work",
        "grid",
        "series-scatter"
    ],
    "customTags": [],
    "updaterUserName": "q***6"
}