{
    "cid": "xL4f580n4W",
    "authorUid": "obd-oM98sJybw6Lfs6XeJWpKAmz8kdenS2D",
    "authorUserName": "丨***丨",
    "title": "科室报修情况",
    "description": "",
    "latestVersion": 3,
    "alwaysLatest": 1,
    "createTime": "2020-08-19T06:47:35.000Z",
    "lastUpdateTime": "2020-08-19T06:47:35.000Z",
    "auth": 2,
    "uid": "obd-oM98sJybw6Lfs6XeJWpKAmz8kdenS2D",
    "publishedVersion": 0,
    "forkFrom": "-",
    "isSpam": 0,
    "version": 3,
    "parentVersion": 2,
    "echartsVersion": "4.8.0",
    "versionCreateTime": "2020-08-19T07:30:19.000Z",
    "html": "",
    "externalScripts": "",
    "updaterUID": "obd-oM98sJybw6Lfs6XeJWpKAmz8kdenS2D",
    "theme": "",
    "layout": "",
    "viewCount": 66,
    "userName": "丨***丨",
    "commentCount": 0,
    "starCount": 1,
    "isStared": 0,
    "thumbnailURL": "https://www.makeapie.com/ecg-storage/ec_gallery_thumbnail/xL4f580n4W.png?v=1597822219142",
    "isCustomThumbnail": 0,
    "builtinTags": [
        "category-work",
        "grid",
        "legend",
        "series-line"
    ],
    "customTags": [],
    "updaterUserName": "丨***丨"
}