{
    "cid": "xLckvwRSrO",
    "authorUid": "obd-oCXcyPuzu5FKR0sIDwh3Tu_r7s61y3x",
    "authorUserName": "h***笙",
    "title": "渐变柱表",
    "description": "颜色方面有注释，改改就能用，颜色上我调的不大好看，对新手友好",
    "latestVersion": 1,
    "alwaysLatest": 1,
    "createTime": "2020-08-19T06:25:14.000Z",
    "lastUpdateTime": "2020-08-19T06:25:14.000Z",
    "auth": 2,
    "uid": "obd-oCXcyPuzu5FKR0sIDwh3Tu_r7s61y3x",
    "publishedVersion": 0,
    "forkFrom": "-",
    "isSpam": 0,
    "version": 1,
    "parentVersion": -1,
    "echartsVersion": "4.8.0",
    "versionCreateTime": "2020-08-19T06:25:14.000Z",
    "html": "",
    "externalScripts": "",
    "updaterUID": "obd-oCXcyPuzu5FKR0sIDwh3Tu_r7s61y3x",
    "theme": "",
    "layout": "",
    "viewCount": 74,
    "userName": "h***笙",
    "commentCount": 0,
    "starCount": 1,
    "isStared": 0,
    "thumbnailURL": "https://www.makeapie.com/ecg-storage/ec_gallery_thumbnail/xLckvwRSrO.png?v=1597818314378",
    "isCustomThumbnail": 0,
    "builtinTags": [
        "category-work",
        "grid",
        "legend",
        "series-bar",
        "tooltip"
    ],
    "customTags": [],
    "updaterUserName": "h***笙"
}