{
    "cid": "xlE0LtBaVF",
    "authorUid": "obd-oMHbKXp2DN1Osz3B8Bql3hIonJlOl21",
    "authorUserName": "别***鸡",
    "title": "dataset 多折线图学习",
    "description": "学习多折线图",
    "latestVersion": 1,
    "alwaysLatest": 1,
    "createTime": "2020-08-19T14:52:04.000Z",
    "lastUpdateTime": "2020-08-19T14:52:04.000Z",
    "auth": 2,
    "uid": "obd-oMHbKXp2DN1Osz3B8Bql3hIonJlOl21",
    "publishedVersion": 0,
    "forkFrom": "-",
    "isSpam": 0,
    "version": 1,
    "parentVersion": -1,
    "echartsVersion": "4.8.0",
    "versionCreateTime": "2020-08-19T14:52:04.000Z",
    "html": "",
    "externalScripts": "",
    "updaterUID": "obd-oMHbKXp2DN1Osz3B8Bql3hIonJlOl21",
    "theme": "default",
    "layout": "",
    "viewCount": 24,
    "userName": "别***鸡",
    "commentCount": 0,
    "starCount": 0,
    "isStared": 0,
    "thumbnailURL": "https://www.makeapie.com/ecg-storage/ec_gallery_thumbnail/xlE0LtBaVF.png?v=1597848724194",
    "isCustomThumbnail": 0,
    "builtinTags": [
        "category-work",
        "dataset",
        "dataZoom",
        "grid",
        "legend",
        "series-line",
        "title",
        "toolbox",
        "tooltip"
    ],
    "customTags": [],
    "updaterUserName": "别***鸡"
}