{
    "cid": "xN78ilPz49",
    "authorUid": "bd-3629622273",
    "authorUserName": "0***翔",
    "title": "雷达图",
    "description": "",
    "latestVersion": 2,
    "alwaysLatest": 1,
    "createTime": "2020-08-19T03:11:38.000Z",
    "lastUpdateTime": "2020-08-19T03:11:38.000Z",
    "auth": 2,
    "uid": "bd-3629622273",
    "publishedVersion": 0,
    "forkFrom": "-",
    "isSpam": 0,
    "version": 2,
    "parentVersion": 1,
    "echartsVersion": "4.8.0",
    "versionCreateTime": "2020-08-19T03:12:20.000Z",
    "html": "",
    "externalScripts": "",
    "updaterUID": "bd-3629622273",
    "theme": "",
    "layout": "",
    "viewCount": 43,
    "userName": "0***翔",
    "commentCount": 0,
    "starCount": 1,
    "isStared": 0,
    "thumbnailURL": "https://www.makeapie.com/ecg-storage/ec_gallery_thumbnail/xN78ilPz49.png?v=1597806741069",
    "isCustomThumbnail": 0,
    "builtinTags": [
        "category-work",
        "grid",
        "series-line",
        "title"
    ],
    "customTags": [],
    "updaterUserName": "0***翔"
}