{
    "cid": "xPfnUNgJH7",
    "authorUid": "obd-o-bSDz-axnlTCG1J2NALxjSEtRbIeA8",
    "authorUserName": "C***阳",
    "title": "科技风柱状图",
    "description": "",
    "latestVersion": 2,
    "alwaysLatest": 1,
    "createTime": "2020-08-19T07:48:28.000Z",
    "lastUpdateTime": "2020-08-19T07:48:28.000Z",
    "auth": 1,
    "uid": "obd-o-bSDz-axnlTCG1J2NALxjSEtRbIeA8",
    "publishedVersion": 0,
    "forkFrom": "-",
    "isSpam": 0,
    "version": 2,
    "parentVersion": 1,
    "echartsVersion": "4.8.0",
    "versionCreateTime": "2021-03-31T06:41:19.000Z",
    "html": "",
    "externalScripts": "",
    "updaterUID": "bd-71012466",
    "theme": "",
    "layout": "",
    "viewCount": 518,
    "userName": "C***阳",
    "commentCount": 0,
    "starCount": 8,
    "isStared": 0,
    "thumbnailURL": "https://www.makeapie.com/ecg-storage/ec_gallery_thumbnail/xPfnUNgJH7.png?v=1617172879687",
    "isCustomThumbnail": 0,
    "builtinTags": [
        "category-work",
        "grid",
        "series-bar",
        "series-pictorialBar"
    ],
    "customTags": [],
    "updaterUserName": "前***n"
}