{
    "cid": "xq-QQJyxEq",
    "authorUid": "obd-o2Vgdcd1r4SJD46ruK3f3xDIuJmq5Bp",
    "authorUserName": "皮***2",
    "title": "饼图1",
    "description": "",
    "latestVersion": 1,
    "alwaysLatest": 1,
    "createTime": "2020-08-19T03:23:43.000Z",
    "lastUpdateTime": "2020-08-19T03:23:43.000Z",
    "auth": 2,
    "uid": "obd-o2Vgdcd1r4SJD46ruK3f3xDIuJmq5Bp",
    "publishedVersion": 0,
    "forkFrom": "-",
    "isSpam": 0,
    "version": 1,
    "parentVersion": -1,
    "echartsVersion": "4.8.0",
    "versionCreateTime": "2020-08-19T03:23:43.000Z",
    "html": "",
    "externalScripts": "",
    "updaterUID": "obd-o2Vgdcd1r4SJD46ruK3f3xDIuJmq5Bp",
    "theme": "",
    "layout": "",
    "viewCount": 33,
    "userName": "皮***2",
    "commentCount": 0,
    "starCount": 0,
    "isStared": 0,
    "thumbnailURL": "https://www.makeapie.com/ecg-storage/ec_gallery_thumbnail/xq-QQJyxEq.png?v=1597807423436",
    "isCustomThumbnail": 0,
    "builtinTags": [
        "category-work",
        "series-pie",
        "title",
        "tooltip"
    ],
    "customTags": [],
    "updaterUserName": "皮***2"
}