{
    "cid": "xq2KpDIdBH",
    "authorUid": "obd-o0mPgn3QYXaBBI7PypPbsjVbZwvwnFm",
    "authorUserName": "C***咯",
    "title": "折线图",
    "description": "大气风格",
    "latestVersion": 2,
    "alwaysLatest": 1,
    "createTime": "2020-08-19T02:35:16.000Z",
    "lastUpdateTime": "2020-08-19T02:35:16.000Z",
    "auth": 2,
    "uid": "obd-o0mPgn3QYXaBBI7PypPbsjVbZwvwnFm",
    "publishedVersion": 0,
    "forkFrom": "-",
    "isSpam": 0,
    "version": 2,
    "parentVersion": 1,
    "echartsVersion": "4.8.0",
    "versionCreateTime": "2020-08-19T02:35:34.000Z",
    "html": "",
    "externalScripts": "",
    "updaterUID": "obd-o0mPgn3QYXaBBI7PypPbsjVbZwvwnFm",
    "theme": "",
    "layout": "",
    "viewCount": 77,
    "userName": "C***咯",
    "commentCount": 0,
    "starCount": 1,
    "isStared": 0,
    "thumbnailURL": "https://www.makeapie.com/ecg-storage/ec_gallery_thumbnail/xq2KpDIdBH.png?v=1597804534679",
    "isCustomThumbnail": 0,
    "builtinTags": [
        "category-work",
        "grid",
        "markPoint",
        "series-line",
        "title",
        "tooltip"
    ],
    "customTags": [],
    "updaterUserName": "C***咯"
}