{
    "cid": "xS7LfAIyE6",
    "authorUid": "obd-oFd6cOQC5k-tY6jvDS0uNLVc7YLZ25M",
    "authorUserName": "飞***g",
    "title": "渐变环图+内圈",
    "description": "",
    "latestVersion": 1,
    "alwaysLatest": 1,
    "createTime": "2020-08-19T07:26:06.000Z",
    "lastUpdateTime": "2020-08-19T07:26:06.000Z",
    "auth": 2,
    "uid": "obd-oFd6cOQC5k-tY6jvDS0uNLVc7YLZ25M",
    "publishedVersion": 0,
    "forkFrom": "-",
    "isSpam": 0,
    "version": 1,
    "parentVersion": -1,
    "echartsVersion": "4.8.0",
    "versionCreateTime": "2020-08-19T07:26:06.000Z",
    "html": "",
    "externalScripts": "",
    "updaterUID": "obd-oFd6cOQC5k-tY6jvDS0uNLVc7YLZ25M",
    "theme": "",
    "layout": "",
    "viewCount": 449,
    "userName": "飞***g",
    "commentCount": 0,
    "starCount": 3,
    "isStared": 0,
    "thumbnailURL": "https://www.makeapie.com/ecg-storage/ec_gallery_thumbnail/xS7LfAIyE6.png?v=1597821966204",
    "isCustomThumbnail": 0,
    "builtinTags": [
        "category-work",
        "series-pie",
        "title"
    ],
    "customTags": [],
    "updaterUserName": "飞***g"
}