{
    "cid": "x3RMd1QpJ-",
    "authorUid": "bd-759199384",
    "authorUserName": "栋***5",
    "title": "饼图和柱状图组合",
    "description": "",
    "latestVersion": 1,
    "alwaysLatest": 1,
    "createTime": "2019-04-10T16:04:08.000Z",
    "lastUpdateTime": "2019-04-10T16:04:08.000Z",
    "auth": 2,
    "uid": "bd-759199384",
    "publishedVersion": 0,
    "forkFrom": "-",
    "isSpam": 0,
    "version": 1,
    "parentVersion": -1,
    "echartsVersion": "4.2.1",
    "versionCreateTime": "2019-04-10T16:04:08.000Z",
    "html": "",
    "externalScripts": "",
    "updaterUID": "bd-759199384",
    "theme": "",
    "layout": "",
    "viewCount": 928,
    "userName": "栋***5",
    "commentCount": 0,
    "starCount": 3,
    "isStared": 0,
    "thumbnailURL": "https://www.makeapie.com/ecg-storage/ec_gallery_thumbnail/x3RMd1QpJ-.png?v=1554912248385",
    "isCustomThumbnail": 0,
    "builtinTags": [
        "category-work",
        "grid",
        "series-bar",
        "series-pie",
        "title",
        "tooltip"
    ],
    "customTags": [],
    "updaterUserName": "栋***5"
}