{
    "cid": "x41aST38Sv",
    "authorUid": "bd-436583279",
    "authorUserName": "applezsz",
    "title": "x轴隐藏",
    "description": "x轴隐藏",
    "latestVersion": 2,
    "alwaysLatest": 1,
    "createTime": "2019-04-07T18:16:20.000Z",
    "lastUpdateTime": "2019-04-09T16:02:54.000Z",
    "auth": 2,
    "uid": "bd-436583279",
    "publishedVersion": 0,
    "forkFrom": "-",
    "isSpam": 0,
    "version": 2,
    "parentVersion": 1,
    "echartsVersion": "4.2.1",
    "versionCreateTime": "2019-04-09T16:02:47.000Z",
    "html": "",
    "externalScripts": "",
    "updaterUID": "bd-436583279",
    "theme": "default",
    "layout": "",
    "viewCount": 377,
    "userName": "applezsz",
    "commentCount": 0,
    "starCount": 2,
    "isStared": 0,
    "thumbnailURL": "https://www.makeapie.com/ecg-storage/ec_gallery_thumbnail/x41aST38Sv.png?v=1554825767187",
    "isCustomThumbnail": 0,
    "builtinTags": [
        "category-work",
        "grid",
        "series-line",
        "tooltip"
    ],
    "customTags": [],
    "updaterUserName": "applezsz"
}