{
    "cid": "xa2WI4HFqL",
    "authorUid": "bd-4256274292",
    "authorUserName": "t***g",
    "title": "Ec模式单点3小时间隔综合廓线图",
    "description": "",
    "latestVersion": 6,
    "alwaysLatest": 1,
    "createTime": "2019-04-08T16:04:10.000Z",
    "lastUpdateTime": "2019-04-08T16:04:10.000Z",
    "auth": 2,
    "uid": "bd-4256274292",
    "publishedVersion": 0,
    "forkFrom": "-",
    "isSpam": 0,
    "version": 6,
    "parentVersion": 4,
    "echartsVersion": "4.2.1",
    "versionCreateTime": "2019-04-12T12:55:52.000Z",
    "html": "",
    "externalScripts": "",
    "updaterUID": "bd-4256274292",
    "theme": "",
    "layout": "",
    "viewCount": 246,
    "userName": "t***g",
    "commentCount": 0,
    "starCount": 0,
    "isStared": 0,
    "thumbnailURL": "https://www.makeapie.com/ecg-storage/ec_gallery_thumbnail/xa2WI4HFqL.png?v=1555073752939",
    "isCustomThumbnail": 0,
    "builtinTags": [
        "category-work",
        "dataZoom",
        "graphic",
        "grid",
        "markPoint",
        "series-custom",
        "series-line",
        "title"
    ],
    "customTags": [],
    "updaterUserName": "t***g"
}