{
    "cid": "xAi7BCNo6hk",
    "authorUid": "bd-2105958829",
    "authorUserName": "安***子",
    "title": "双柱状图",
    "description": "",
    "latestVersion": 2,
    "alwaysLatest": 1,
    "createTime": "2019-04-08T09:02:15.000Z",
    "lastUpdateTime": "2019-04-08T09:02:15.000Z",
    "auth": 2,
    "uid": "bd-2105958829",
    "publishedVersion": 0,
    "forkFrom": "-",
    "isSpam": 0,
    "version": 2,
    "parentVersion": 1,
    "echartsVersion": "4.2.1",
    "versionCreateTime": "2019-06-20T01:08:43.000Z",
    "html": "",
    "externalScripts": "",
    "updaterUID": "bd-2105958829",
    "theme": "",
    "layout": "",
    "viewCount": 392,
    "userName": "安***子",
    "commentCount": 0,
    "starCount": 1,
    "isStared": 0,
    "thumbnailURL": "https://www.makeapie.com/ecg-storage/ec_gallery_thumbnail/xAi7BCNo6hk.png?v=1560992923575",
    "isCustomThumbnail": 0,
    "builtinTags": [
        "category-work",
        "grid",
        "legend",
        "series-bar",
        "tooltip"
    ],
    "customTags": [],
    "updaterUserName": "安***子"
}