{
    "cid": "xDQHNrHkjs",
    "authorUid": "bd-101897118",
    "authorUserName": "q***e",
    "title": "AQI",
    "description": "",
    "latestVersion": 6,
    "alwaysLatest": 1,
    "createTime": "2019-04-10T16:02:28.000Z",
    "lastUpdateTime": "2019-04-10T16:02:28.000Z",
    "auth": 2,
    "uid": "bd-101897118",
    "publishedVersion": 0,
    "forkFrom": "-",
    "isSpam": 0,
    "version": 6,
    "parentVersion": 5,
    "echartsVersion": "4.2.1",
    "versionCreateTime": "2019-07-01T04:05:42.000Z",
    "html": "",
    "externalScripts": "",
    "updaterUID": "bd-101897118",
    "theme": "",
    "layout": "",
    "viewCount": 1272,
    "userName": "q***e",
    "commentCount": 0,
    "starCount": 5,
    "isStared": 0,
    "thumbnailURL": "https://www.makeapie.com/ecg-storage/ec_gallery_thumbnail/xDQHNrHkjs.png?v=1561953942836",
    "isCustomThumbnail": 0,
    "builtinTags": [
        "category-work",
        "series-gauge"
    ],
    "customTags": [],
    "updaterUserName": "q***e"
}