{
    "cid": "xdy-86C2wa",
    "authorUid": "bd-436583279",
    "authorUserName": "applezsz",
    "title": "情绪指数",
    "description": "情绪指数",
    "latestVersion": 3,
    "alwaysLatest": 1,
    "createTime": "2019-04-09T18:00:08.000Z",
    "lastUpdateTime": "2019-04-09T18:08:52.000Z",
    "auth": 2,
    "uid": "bd-436583279",
    "publishedVersion": 1,
    "forkFrom": "-",
    "isSpam": 0,
    "version": 1,
    "parentVersion": -1,
    "echartsVersion": "4.2.1",
    "versionCreateTime": "2019-04-09T18:00:08.000Z",
    "html": "",
    "externalScripts": "",
    "updaterUID": "bd-436583279",
    "theme": "default",
    "layout": "",
    "viewCount": 53,
    "userName": "applezsz",
    "commentCount": 0,
    "starCount": 0,
    "isStared": 0,
    "thumbnailURL": "https://www.makeapie.com/ecg-storage/ec_gallery_thumbnail/xdy-86C2wa.png?v=1554833332703",
    "isCustomThumbnail": 0,
    "builtinTags": [
        "category-work",
        "dataZoom",
        "grid",
        "series-line",
        "tooltip"
    ],
    "customTags": [],
    "updaterUserName": "applezsz"
}