{
    "cid": "xE6tFz77mH",
    "authorUid": "bd-3843166809",
    "authorUserName": "s***1",
    "title": "AI北京国家之间的迁徙",
    "description": "AI北京国家之间的迁徙",
    "latestVersion": 1,
    "alwaysLatest": 1,
    "createTime": "2019-04-08T09:02:01.000Z",
    "lastUpdateTime": "2019-04-08T09:02:01.000Z",
    "auth": 2,
    "uid": "bd-3843166809",
    "publishedVersion": 0,
    "forkFrom": "-",
    "isSpam": 0,
    "version": 1,
    "parentVersion": -1,
    "echartsVersion": "4.2.1",
    "versionCreateTime": "2019-04-08T09:02:01.000Z",
    "html": "",
    "externalScripts": "",
    "updaterUID": "bd-3843166809",
    "theme": "",
    "layout": "",
    "viewCount": 292,
    "userName": "s***1",
    "commentCount": 0,
    "starCount": 0,
    "isStared": 0,
    "thumbnailURL": "https://www.makeapie.com/ecg-storage/ec_gallery_thumbnail/xE6tFz77mH.png?v=1554714121934",
    "isCustomThumbnail": 0,
    "builtinTags": [
        "category-work",
        "series-sankey"
    ],
    "customTags": [],
    "updaterUserName": "s***1"
}