{
    "cid": "xgq97bY5WI",
    "authorUid": "bd-2105958829",
    "authorUserName": "安***子",
    "title": "仪表盘",
    "description": "",
    "latestVersion": 1,
    "alwaysLatest": 1,
    "createTime": "2019-04-09T16:00:53.000Z",
    "lastUpdateTime": "2019-04-09T16:00:53.000Z",
    "auth": 2,
    "uid": "bd-2105958829",
    "publishedVersion": 0,
    "forkFrom": "-",
    "isSpam": 0,
    "version": 1,
    "parentVersion": -1,
    "echartsVersion": "4.2.1",
    "versionCreateTime": "2019-04-09T16:00:53.000Z",
    "html": "",
    "externalScripts": "",
    "updaterUID": "bd-2105958829",
    "theme": "",
    "layout": "",
    "viewCount": 1919,
    "userName": "安***子",
    "commentCount": 0,
    "starCount": 8,
    "isStared": 0,
    "thumbnailURL": "https://www.makeapie.com/ecg-storage/ec_gallery_thumbnail/xgq97bY5WI.png?v=1554825654200",
    "isCustomThumbnail": 0,
    "builtinTags": [
        "category-work",
        "series-gauge",
        "title"
    ],
    "customTags": [],
    "updaterUserName": "安***子"
}