{
    "cid": "xjNmYbzKWK",
    "authorUid": "bd-1010675480",
    "authorUserName": "易水1236",
    "title": "设备空闲率走势",
    "description": "",
    "latestVersion": 1,
    "alwaysLatest": 1,
    "createTime": "2019-04-08T09:02:37.000Z",
    "lastUpdateTime": "2019-04-08T09:02:37.000Z",
    "auth": 2,
    "uid": "bd-1010675480",
    "publishedVersion": 0,
    "forkFrom": "-",
    "isSpam": 0,
    "version": 1,
    "parentVersion": -1,
    "echartsVersion": "4.2.1",
    "versionCreateTime": "2019-04-08T09:02:37.000Z",
    "html": "",
    "externalScripts": "",
    "updaterUID": "bd-1010675480",
    "theme": "",
    "layout": "",
    "viewCount": 13,
    "userName": "易水1236",
    "commentCount": 0,
    "starCount": 0,
    "isStared": 0,
    "thumbnailURL": "https://www.makeapie.com/ecg-storage/ec_gallery_thumbnail/xjNmYbzKWK.png?v=1554714157383",
    "isCustomThumbnail": 0,
    "builtinTags": [
        "category-work",
        "grid",
        "legend",
        "series-line",
        "title",
        "toolbox",
        "tooltip"
    ],
    "customTags": [],
    "updaterUserName": "易水1236"
}