{
    "cid": "xjwpeek17k",
    "authorUid": "bd-1703269945",
    "authorUserName": "r***e",
    "title": "Profile",
    "description": "增加缩放最小值",
    "latestVersion": 1,
    "alwaysLatest": 1,
    "createTime": "2019-04-10T03:49:58.000Z",
    "lastUpdateTime": "2019-04-10T03:49:58.000Z",
    "auth": 2,
    "uid": "bd-1703269945",
    "publishedVersion": 0,
    "forkFrom": "-",
    "isSpam": 0,
    "version": 1,
    "parentVersion": -1,
    "echartsVersion": "4.2.1",
    "versionCreateTime": "2019-04-10T03:49:58.000Z",
    "html": "",
    "externalScripts": "",
    "updaterUID": "bd-1703269945",
    "theme": "",
    "layout": "",
    "viewCount": 122,
    "userName": "r***e",
    "commentCount": 0,
    "starCount": 0,
    "isStared": 0,
    "thumbnailURL": "https://www.makeapie.com/ecg-storage/ec_gallery_thumbnail/xjwpeek17k.png?v=1554868198470",
    "isCustomThumbnail": 0,
    "builtinTags": [
        "category-work",
        "dataZoom",
        "geo",
        "grid",
        "series-custom",
        "title",
        "tooltip"
    ],
    "customTags": [],
    "updaterUserName": "r***e"
}