{
    "cid": "xmUGDIcZ2E",
    "authorUid": "bd-2376478881",
    "authorUserName": "x***2",
    "title": "",
    "description": "",
    "latestVersion": 1,
    "alwaysLatest": 1,
    "createTime": "2019-04-09T01:57:57.000Z",
    "lastUpdateTime": "2019-04-09T01:57:57.000Z",
    "auth": 1,
    "uid": "bd-2376478881",
    "publishedVersion": 0,
    "forkFrom": "-",
    "isSpam": 0,
    "version": 1,
    "parentVersion": -1,
    "echartsVersion": "4.2.1",
    "versionCreateTime": "2019-04-09T01:57:57.000Z",
    "html": "",
    "externalScripts": "",
    "updaterUID": "bd-2376478881",
    "theme": "",
    "layout": "",
    "viewCount": 115,
    "userName": "x***2",
    "commentCount": 0,
    "starCount": 0,
    "isStared": 0,
    "thumbnailURL": "https://www.makeapie.com/ecg-storage/ec_gallery_thumbnail/xmUGDIcZ2E.png?v=1554775077539",
    "isCustomThumbnail": 0,
    "builtinTags": [
        "category-work",
        "grid",
        "legend",
        "markLine",
        "markPoint",
        "series-bar",
        "title",
        "toolbox",
        "tooltip"
    ],
    "customTags": [],
    "updaterUserName": "x***2"
}