{
    "cid": "xSDe9VljFn",
    "authorUid": "bd-3273544780",
    "authorUserName": "s***0",
    "title": "Comparison of period for documents",
    "description": "send CI&BL to customer ask for due payment",
    "latestVersion": 1,
    "alwaysLatest": 1,
    "createTime": "2019-04-10T13:13:08.000Z",
    "lastUpdateTime": "2019-04-10T13:13:08.000Z",
    "auth": 2,
    "uid": "bd-3273544780",
    "publishedVersion": 0,
    "forkFrom": "-",
    "isSpam": 0,
    "version": 1,
    "parentVersion": -1,
    "echartsVersion": "4.2.1",
    "versionCreateTime": "2019-04-10T13:13:08.000Z",
    "html": "",
    "externalScripts": "",
    "updaterUID": "bd-3273544780",
    "theme": "",
    "layout": "",
    "viewCount": 16,
    "userName": "s***0",
    "commentCount": 0,
    "starCount": 0,
    "isStared": 0,
    "thumbnailURL": "https://www.makeapie.com/ecg-storage/ec_gallery_thumbnail/xSDe9VljFn.png?v=1554901988787",
    "isCustomThumbnail": 0,
    "builtinTags": [
        "category-work",
        "grid",
        "legend",
        "series-bar",
        "title",
        "tooltip"
    ],
    "customTags": [],
    "updaterUserName": "s***0"
}