{
    "cid": "xUQNPJG3Hc",
    "authorUid": "bd-651332836",
    "authorUserName": "lamervon",
    "title": "topology",
    "description": "网络拓扑图",
    "latestVersion": 7,
    "alwaysLatest": 1,
    "createTime": "2019-04-04T06:35:34.000Z",
    "lastUpdateTime": "2019-04-04T06:35:34.000Z",
    "auth": 2,
    "uid": "bd-651332836",
    "publishedVersion": 0,
    "forkFrom": "-",
    "isSpam": 0,
    "version": 7,
    "parentVersion": 1,
    "echartsVersion": "4.2.1",
    "versionCreateTime": "2019-04-04T16:02:24.000Z",
    "html": "",
    "externalScripts": "",
    "updaterUID": "bd-651332836",
    "theme": "dark",
    "layout": "",
    "viewCount": 1329,
    "userName": "lamervon",
    "commentCount": 0,
    "starCount": 0,
    "isStared": 0,
    "thumbnailURL": "https://www.makeapie.com/ecg-storage/ec_gallery_thumbnail/xUQNPJG3Hc.png?v=1554393744857",
    "isCustomThumbnail": 0,
    "builtinTags": [
        "category-work",
        "legend",
        "series-graph",
        "title",
        "tooltip"
    ],
    "customTags": [],
    "updaterUserName": "lamervon"
}