{
    "cid": "x0aNKVK2JL",
    "authorUid": "obd-ojMz2Y2PYh8zOUQyroRWO8TcC_DcaEF",
    "authorUserName": "悲***苣",
    "title": "圆角半圆环形图",
    "description": "",
    "latestVersion": 2,
    "alwaysLatest": 1,
    "createTime": "2021-02-20T07:20:16.000Z",
    "lastUpdateTime": "2021-02-20T07:20:16.000Z",
    "auth": 2,
    "uid": "obd-ojMz2Y2PYh8zOUQyroRWO8TcC_DcaEF",
    "publishedVersion": 0,
    "forkFrom": "-",
    "isSpam": 0,
    "version": 2,
    "parentVersion": 1,
    "echartsVersion": "4.8.0",
    "versionCreateTime": "2021-02-20T07:31:23.000Z",
    "html": "",
    "externalScripts": "",
    "updaterUID": "obd-ojMz2Y2PYh8zOUQyroRWO8TcC_DcaEF",
    "theme": "",
    "layout": "",
    "viewCount": 130,
    "userName": "悲***苣",
    "commentCount": 0,
    "starCount": 2,
    "isStared": 0,
    "thumbnailURL": "https://www.makeapie.com/ecg-storage/ec_gallery_thumbnail/x0aNKVK2JL.png?v=1613806283469",
    "isCustomThumbnail": 0,
    "builtinTags": [
        "category-work",
        "legend",
        "polar",
        "series-bar"
    ],
    "customTags": [
        "pie"
    ],
    "updaterUserName": "悲***苣"
}