{
    "cid": "x3-VHFFrEe",
    "authorUid": "obd-olmfWOISzDvRz3PoktuOKx2EPkpLL0U",
    "authorUserName": "白***鹫",
    "title": "圆环图——渐变",
    "description": "可以自定义渐变色设置",
    "latestVersion": 3,
    "alwaysLatest": 1,
    "createTime": "2021-02-18T03:30:32.000Z",
    "lastUpdateTime": "2021-02-18T03:35:47.000Z",
    "auth": 2,
    "uid": "obd-olmfWOISzDvRz3PoktuOKx2EPkpLL0U",
    "publishedVersion": 0,
    "forkFrom": "-",
    "isSpam": 0,
    "version": 3,
    "parentVersion": 2,
    "echartsVersion": "4.8.0",
    "versionCreateTime": "2021-02-18T03:36:25.000Z",
    "html": "",
    "externalScripts": "",
    "updaterUID": "obd-olmfWOISzDvRz3PoktuOKx2EPkpLL0U",
    "theme": "dark",
    "layout": "",
    "viewCount": 36,
    "userName": "白***鹫",
    "commentCount": 0,
    "starCount": 0,
    "isStared": 0,
    "thumbnailURL": "https://www.makeapie.com/ecg-storage/ec_gallery_thumbnail/x3-VHFFrEe.png?v=1613619385922",
    "isCustomThumbnail": 0,
    "builtinTags": [],
    "customTags": [],
    "updaterUserName": "白***鹫"
}