{
    "cid": "x6LiGFPW8I",
    "authorUid": "obd-olnpFw4Uv9yvzwmq4zGnV7KYZ825V0f",
    "authorUserName": "h***i",
    "title": "",
    "description": "",
    "latestVersion": 2,
    "alwaysLatest": 1,
    "createTime": "2021-02-18T05:52:33.000Z",
    "lastUpdateTime": "2021-02-18T05:52:33.000Z",
    "auth": 2,
    "uid": "obd-olnpFw4Uv9yvzwmq4zGnV7KYZ825V0f",
    "publishedVersion": 0,
    "forkFrom": "-",
    "isSpam": 0,
    "version": 2,
    "parentVersion": 1,
    "echartsVersion": "4.8.0",
    "versionCreateTime": "2021-04-01T02:46:39.000Z",
    "html": "",
    "externalScripts": "",
    "updaterUID": "obd-olnpFw4Uv9yvzwmq4zGnV7KYZ825V0f",
    "theme": "",
    "layout": "",
    "viewCount": 82,
    "userName": "h***i",
    "commentCount": 0,
    "starCount": 1,
    "isStared": 0,
    "thumbnailURL": "https://www.makeapie.com/ecg-storage/ec_gallery_thumbnail/x6LiGFPW8I.png?v=1617245199638",
    "isCustomThumbnail": 0,
    "builtinTags": [
        "category-work",
        "series-sankey",
        "tooltip"
    ],
    "customTags": [],
    "updaterUserName": "h***i"
}