{
    "cid": "xDN6JT2BhA",
    "authorUid": "bd-7382906384",
    "authorUserName": "满***6",
    "title": "组织架构树形图",
    "description": "如何把折线改成没有弧度的呢",
    "latestVersion": 1,
    "alwaysLatest": 1,
    "createTime": "2021-02-22T06:23:52.000Z",
    "lastUpdateTime": "2021-02-22T06:23:52.000Z",
    "auth": 2,
    "uid": "bd-7382906384",
    "publishedVersion": 0,
    "forkFrom": "-",
    "isSpam": 0,
    "version": 1,
    "parentVersion": -1,
    "echartsVersion": "4.8.0",
    "versionCreateTime": "2021-02-22T06:23:52.000Z",
    "html": "",
    "externalScripts": "",
    "updaterUID": "bd-7382906384",
    "theme": "",
    "layout": "",
    "viewCount": 198,
    "userName": "满***6",
    "commentCount": 0,
    "starCount": 3,
    "isStared": 0,
    "thumbnailURL": "https://www.makeapie.com/ecg-storage/ec_gallery_thumbnail/xDN6JT2BhA.png?v=1613975032234",
    "isCustomThumbnail": 0,
    "builtinTags": [
        "category-work",
        "legend",
        "series-tree",
        "tooltip"
    ],
    "customTags": [],
    "updaterUserName": "满***6"
}