{
    "cid": "xgbC2YzjhT",
    "authorUid": "bd-3676951086",
    "authorUserName": "缘***m",
    "title": "自定义custom",
    "description": "自定义xAxis样式",
    "latestVersion": 1,
    "alwaysLatest": 1,
    "createTime": "2021-02-22T06:24:18.000Z",
    "lastUpdateTime": "2021-02-22T06:24:18.000Z",
    "auth": 1,
    "uid": "bd-3676951086",
    "publishedVersion": 0,
    "forkFrom": "-",
    "isSpam": 0,
    "version": 1,
    "parentVersion": -1,
    "echartsVersion": "4.8.0",
    "versionCreateTime": "2021-02-22T06:24:18.000Z",
    "html": "",
    "externalScripts": "",
    "updaterUID": "bd-3676951086",
    "theme": "",
    "layout": "",
    "viewCount": 64,
    "userName": "缘***m",
    "commentCount": 0,
    "starCount": 1,
    "isStared": 0,
    "thumbnailURL": "https://www.makeapie.com/ecg-storage/ec_gallery_thumbnail/xgbC2YzjhT.png?v=1613975058344",
    "isCustomThumbnail": 0,
    "builtinTags": [
        "category-work",
        "grid",
        "legend",
        "series-custom",
        "series-line"
    ],
    "customTags": [],
    "updaterUserName": "缘***m"
}