{
    "cid": "xGFBXp2aMM",
    "authorUid": "bd-2641689181",
    "authorUserName": "未***w",
    "title": "格式化横轴",
    "description": "",
    "latestVersion": 2,
    "alwaysLatest": 1,
    "createTime": "2021-02-19T10:00:15.000Z",
    "lastUpdateTime": "2021-02-19T10:00:15.000Z",
    "auth": 2,
    "uid": "bd-2641689181",
    "publishedVersion": 0,
    "forkFrom": "-",
    "isSpam": 0,
    "version": 2,
    "parentVersion": 1,
    "echartsVersion": "4.8.0",
    "versionCreateTime": "2021-02-23T05:34:19.000Z",
    "html": "",
    "externalScripts": "",
    "updaterUID": "bd-2641689181",
    "theme": "",
    "layout": "",
    "viewCount": 40,
    "userName": "未***w",
    "commentCount": 0,
    "starCount": 0,
    "isStared": 0,
    "thumbnailURL": "https://www.makeapie.com/ecg-storage/ec_gallery_thumbnail/xGFBXp2aMM.png?v=1614058459801",
    "isCustomThumbnail": 0,
    "builtinTags": [
        "category-work",
        "grid",
        "series-line",
        "title",
        "tooltip"
    ],
    "customTags": [],
    "updaterUserName": "未***w"
}