{
    "cid": "xL5m9RTQL1",
    "authorUid": "obd-otekOmbwFIA8F73418P2O59IYO06m8E",
    "authorUserName": "186*****310",
    "title": "Awesome Chart",
    "description": "",
    "latestVersion": 1,
    "alwaysLatest": 1,
    "createTime": "2021-02-24T01:56:09.000Z",
    "lastUpdateTime": "2021-02-24T01:56:09.000Z",
    "auth": 2,
    "uid": "obd-otekOmbwFIA8F73418P2O59IYO06m8E",
    "publishedVersion": 0,
    "forkFrom": "-",
    "isSpam": 0,
    "version": 1,
    "parentVersion": -1,
    "echartsVersion": "4.8.0",
    "versionCreateTime": "2021-02-24T01:56:09.000Z",
    "html": "",
    "externalScripts": "",
    "updaterUID": "obd-otekOmbwFIA8F73418P2O59IYO06m8E",
    "theme": "",
    "layout": "",
    "viewCount": 18,
    "userName": "186*****310",
    "commentCount": 0,
    "starCount": 0,
    "isStared": 0,
    "thumbnailURL": "https://www.makeapie.com/ecg-storage/ec_gallery_thumbnail/xL5m9RTQL1.png?v=1614131769656",
    "isCustomThumbnail": 0,
    "builtinTags": [
        "category-work",
        "grid",
        "series-line",
        "title"
    ],
    "customTags": [],
    "updaterUserName": "186*****310"
}