{
    "cid": "xNVbMbrDEA",
    "authorUid": "obd-oDCZFyVuCAYLozGqnMleI21LLBsA21J",
    "authorUserName": "k***7",
    "title": "通勤距离图",
    "description": "",
    "latestVersion": 1,
    "alwaysLatest": 1,
    "createTime": "2021-02-14T03:07:31.000Z",
    "lastUpdateTime": "2021-02-14T03:07:31.000Z",
    "auth": 2,
    "uid": "obd-oDCZFyVuCAYLozGqnMleI21LLBsA21J",
    "publishedVersion": 0,
    "forkFrom": "-",
    "isSpam": 0,
    "version": 1,
    "parentVersion": -1,
    "echartsVersion": "4.8.0",
    "versionCreateTime": "2021-02-14T03:07:31.000Z",
    "html": "",
    "externalScripts": "",
    "updaterUID": "obd-oDCZFyVuCAYLozGqnMleI21LLBsA21J",
    "theme": "",
    "layout": "",
    "viewCount": 21,
    "userName": "k***7",
    "commentCount": 0,
    "starCount": 1,
    "isStared": 0,
    "thumbnailURL": "https://www.makeapie.com/ecg-storage/ec_gallery_thumbnail/xNVbMbrDEA.png?v=1613272051285",
    "isCustomThumbnail": 0,
    "builtinTags": [
        "category-work",
        "grid",
        "series-bar",
        "series-line",
        "title"
    ],
    "customTags": [],
    "updaterUserName": "k***7"
}