{
    "cid": "xoQSSrtGUu",
    "authorUid": "bd-3913771301",
    "authorUserName": "因***凡",
    "title": "多柱状图不同颜色 数据类型",
    "description": "多柱状图不同颜色 数据类型",
    "latestVersion": 1,
    "alwaysLatest": 1,
    "createTime": "2021-02-24T02:22:41.000Z",
    "lastUpdateTime": "2021-02-24T02:22:41.000Z",
    "auth": 2,
    "uid": "bd-3913771301",
    "publishedVersion": 0,
    "forkFrom": "-",
    "isSpam": 0,
    "version": 1,
    "parentVersion": -1,
    "echartsVersion": "4.8.0",
    "versionCreateTime": "2021-02-24T02:22:41.000Z",
    "html": "",
    "externalScripts": "",
    "updaterUID": "bd-3913771301",
    "theme": "",
    "layout": "",
    "viewCount": 38,
    "userName": "因***凡",
    "commentCount": 0,
    "starCount": 0,
    "isStared": 0,
    "thumbnailURL": "https://www.makeapie.com/ecg-storage/ec_gallery_thumbnail/xoQSSrtGUu.png?v=1614133361600",
    "isCustomThumbnail": 0,
    "builtinTags": [
        "category-work",
        "grid",
        "series-bar"
    ],
    "customTags": [
        "bar"
    ],
    "updaterUserName": "因***凡"
}