{
    "cid": "xP0gNInrjd",
    "authorUid": "obd-ojok0alWTQPs_TXsuxZyvC6hqlv3kE5",
    "authorUserName": "h***鸦",
    "title": "饼图和柱状图",
    "description": "",
    "latestVersion": 2,
    "alwaysLatest": 1,
    "createTime": "2021-02-20T09:40:55.000Z",
    "lastUpdateTime": "2021-02-22T10:02:35.000Z",
    "auth": 2,
    "uid": "obd-ojok0alWTQPs_TXsuxZyvC6hqlv3kE5",
    "publishedVersion": 0,
    "forkFrom": "-",
    "isSpam": 0,
    "version": 2,
    "parentVersion": 1,
    "echartsVersion": "4.8.0",
    "versionCreateTime": "2021-02-20T09:51:31.000Z",
    "html": "",
    "externalScripts": "",
    "updaterUID": "obd-ojok0alWTQPs_TXsuxZyvC6hqlv3kE5",
    "theme": "default",
    "layout": "",
    "viewCount": 32,
    "userName": "h***鸦",
    "commentCount": 0,
    "starCount": 1,
    "isStared": 0,
    "thumbnailURL": "https://www.makeapie.com/ecg-storage/ec_gallery_thumbnail/xP0gNInrjd.png?v=1613814691575",
    "isCustomThumbnail": 0,
    "builtinTags": [
        "category-issue"
    ],
    "customTags": [],
    "updaterUserName": "h***鸦"
}