{
    "cid": "xpZLtdxU_D",
    "authorUid": "obd-o2UacJV5hzcd4TNt5uY4Ohka8q6Bc6l",
    "authorUserName": "決***0",
    "title": "背景图测试",
    "description": "",
    "latestVersion": 7,
    "alwaysLatest": 1,
    "createTime": "2021-02-23T02:47:55.000Z",
    "lastUpdateTime": "2021-02-23T02:47:55.000Z",
    "auth": 2,
    "uid": "obd-o2UacJV5hzcd4TNt5uY4Ohka8q6Bc6l",
    "publishedVersion": 0,
    "forkFrom": "-",
    "isSpam": 0,
    "version": 7,
    "parentVersion": 6,
    "echartsVersion": "4.8.0",
    "versionCreateTime": "2021-03-18T06:26:22.000Z",
    "html": "",
    "externalScripts": "",
    "updaterUID": "obd-o2UacJV5hzcd4TNt5uY4Ohka8q6Bc6l",
    "theme": "",
    "layout": "",
    "viewCount": 88,
    "userName": "決***0",
    "commentCount": 0,
    "starCount": 3,
    "isStared": 0,
    "thumbnailURL": "https://www.makeapie.com/ecg-storage/ec_gallery_thumbnail/xpZLtdxU_D.png?v=1616048782567",
    "isCustomThumbnail": 0,
    "builtinTags": [
        "category-work",
        "grid",
        "series-graph",
        "title"
    ],
    "customTags": [],
    "updaterUserName": "決***0"
}