{
    "cid": "xqCzKIyCDj",
    "authorUid": "bd-85660897",
    "authorUserName": "晓***风",
    "title": "bars boundaryGap 设置问题",
    "description": "",
    "latestVersion": 3,
    "alwaysLatest": 1,
    "createTime": "2021-02-18T10:08:50.000Z",
    "lastUpdateTime": "2021-02-18T10:08:50.000Z",
    "auth": 1,
    "uid": "bd-85660897",
    "publishedVersion": 0,
    "forkFrom": "-",
    "isSpam": 0,
    "version": 3,
    "parentVersion": 2,
    "echartsVersion": "4.8.0",
    "versionCreateTime": "2021-02-18T10:44:43.000Z",
    "html": "",
    "externalScripts": "",
    "updaterUID": "bd-85660897",
    "theme": "",
    "layout": "",
    "viewCount": 44,
    "userName": "晓***风",
    "commentCount": 0,
    "starCount": 1,
    "isStared": 0,
    "thumbnailURL": "https://www.makeapie.com/ecg-storage/ec_gallery_thumbnail/xqCzKIyCDj.png?v=1613645083722",
    "isCustomThumbnail": 0,
    "builtinTags": [
        "category-work",
        "grid",
        "series-bar"
    ],
    "customTags": [],
    "updaterUserName": "晓***风"
}