{
    "cid": "xrNeNArft1",
    "authorUid": "obd-oD-ZQzWV7aWg-WMdTQCOeRrEA3hzD1E",
    "authorUserName": "5***0",
    "title": "awesome-title",
    "description": "学习配置项ititle",
    "latestVersion": 2,
    "alwaysLatest": 1,
    "createTime": "2021-02-23T07:11:27.000Z",
    "lastUpdateTime": "2021-02-23T07:11:27.000Z",
    "auth": 2,
    "uid": "obd-oD-ZQzWV7aWg-WMdTQCOeRrEA3hzD1E",
    "publishedVersion": 0,
    "forkFrom": "-",
    "isSpam": 0,
    "version": 2,
    "parentVersion": 1,
    "echartsVersion": "4.8.0",
    "versionCreateTime": "2021-02-23T08:02:19.000Z",
    "html": "",
    "externalScripts": "",
    "updaterUID": "obd-oD-ZQzWV7aWg-WMdTQCOeRrEA3hzD1E",
    "theme": "",
    "layout": "",
    "viewCount": 35,
    "userName": "5***0",
    "commentCount": 0,
    "starCount": 0,
    "isStared": 0,
    "thumbnailURL": "https://www.makeapie.com/ecg-storage/ec_gallery_thumbnail/xrNeNArft1.png?v=1614067339347",
    "isCustomThumbnail": 0,
    "builtinTags": [
        "category-work",
        "grid",
        "series-line",
        "title"
    ],
    "customTags": [],
    "updaterUserName": "5***0"
}