{
    "cid": "xSDH4c8Gr5",
    "authorUid": "bd-439334344",
    "authorUserName": "坏***4",
    "title": "折线点击",
    "description": "大佬们求给我一个赞---木可",
    "latestVersion": 1,
    "alwaysLatest": 1,
    "createTime": "2021-02-22T06:49:38.000Z",
    "lastUpdateTime": "2021-02-22T06:49:38.000Z",
    "auth": 2,
    "uid": "bd-439334344",
    "publishedVersion": 0,
    "forkFrom": "-",
    "isSpam": 0,
    "version": 1,
    "parentVersion": -1,
    "echartsVersion": "4.8.0",
    "versionCreateTime": "2021-02-22T06:49:38.000Z",
    "html": "",
    "externalScripts": "",
    "updaterUID": "bd-439334344",
    "theme": "",
    "layout": "",
    "viewCount": 71,
    "userName": "坏***4",
    "commentCount": 0,
    "starCount": 1,
    "isStared": 0,
    "thumbnailURL": "https://www.makeapie.com/ecg-storage/ec_gallery_thumbnail/xSDH4c8Gr5.png?v=1613976578730",
    "isCustomThumbnail": 0,
    "builtinTags": [
        "category-work",
        "grid",
        "legend",
        "series-bar",
        "series-line",
        "title",
        "tooltip"
    ],
    "customTags": [],
    "updaterUserName": "坏***4"
}