{
    "cid": "xwZp5dWUFF",
    "authorUid": "bd-3959925009",
    "authorUserName": "随***缘",
    "title": "河南省内表现",
    "description": "",
    "latestVersion": 2,
    "alwaysLatest": 1,
    "createTime": "2021-02-14T16:45:47.000Z",
    "lastUpdateTime": "2021-02-14T16:45:47.000Z",
    "auth": 2,
    "uid": "bd-3959925009",
    "publishedVersion": 0,
    "forkFrom": "-",
    "isSpam": 0,
    "version": 2,
    "parentVersion": 1,
    "echartsVersion": "4.8.0",
    "versionCreateTime": "2021-02-14T17:02:27.000Z",
    "html": "",
    "externalScripts": "/dep/echarts/map/js/china.js",
    "updaterUID": "bd-3959925009",
    "theme": "",
    "layout": "",
    "viewCount": 251,
    "userName": "随***缘",
    "commentCount": 0,
    "starCount": 1,
    "isStared": 0,
    "thumbnailURL": "https://www.makeapie.com/ecg-storage/ec_gallery_thumbnail/xwZp5dWUFF.png?v=1613322148015",
    "isCustomThumbnail": 0,
    "builtinTags": [
        "category-work",
        "series-map",
        "toolbox",
        "tooltip",
        "visualMap"
    ],
    "customTags": [],
    "updaterUserName": "随***缘"
}