{
    "cid": "x1UN4PCo4q",
    "authorUid": "bd-444769587",
    "authorUserName": "2***神",
    "title": "带背景的柱状图",
    "description": "",
    "latestVersion": 12,
    "alwaysLatest": 1,
    "createTime": "2018-12-20T07:40:18.000Z",
    "lastUpdateTime": "2018-12-20T07:40:18.000Z",
    "auth": 1,
    "uid": "bd-444769587",
    "publishedVersion": 0,
    "forkFrom": "-",
    "isSpam": 0,
    "version": 12,
    "parentVersion": 11,
    "echartsVersion": "4.9.0",
    "versionCreateTime": "2021-06-24T05:58:35.000Z",
    "html": "",
    "externalScripts": "",
    "updaterUID": "bd-444769587",
    "theme": "",
    "layout": "",
    "viewCount": 1534,
    "userName": "2***神",
    "commentCount": 0,
    "starCount": 15,
    "isStared": 0,
    "thumbnailURL": "https://www.makeapie.com/ecg-storage/ec_gallery_thumbnail/x1UN4PCo4q.png?v=1624514315808",
    "isCustomThumbnail": 0,
    "builtinTags": [
        "category-work",
        "grid",
        "legend",
        "series-bar",
        "title",
        "tooltip"
    ],
    "customTags": [],
    "updaterUserName": "2***神"
}