{
    "cid": "x7ykv0Z4ie",
    "authorUid": "bd-3793071787",
    "authorUserName": "二***弃",
    "title": "项目负责人属性分析",
    "description": "",
    "latestVersion": 8,
    "alwaysLatest": 1,
    "createTime": "2018-12-20T02:59:27.000Z",
    "lastUpdateTime": "2018-12-20T02:59:27.000Z",
    "auth": 1,
    "uid": "bd-3793071787",
    "publishedVersion": 0,
    "forkFrom": "-",
    "isSpam": 0,
    "version": 8,
    "parentVersion": 7,
    "echartsVersion": "4.4.0",
    "versionCreateTime": "2019-12-05T06:55:32.000Z",
    "html": "",
    "externalScripts": "",
    "updaterUID": "bd-85359966",
    "theme": "",
    "layout": "",
    "viewCount": 1033,
    "userName": "二***弃",
    "commentCount": 0,
    "starCount": 5,
    "isStared": 0,
    "thumbnailURL": "https://www.makeapie.com/ecg-storage/ec_gallery_thumbnail/x7ykv0Z4ie.png?v=1575528932763",
    "isCustomThumbnail": 0,
    "builtinTags": [
        "category-work",
        "grid",
        "series-bar",
        "series-pie",
        "title",
        "tooltip"
    ],
    "customTags": [],
    "updaterUserName": "9***8"
}