{
    "cid": "xcIWnZ_6VP",
    "authorUid": "bd-3793071787",
    "authorUserName": "二***弃",
    "title": "各月历史满意度",
    "description": "左侧y轴内容自定义",
    "latestVersion": 1,
    "alwaysLatest": 1,
    "createTime": "2018-12-20T06:06:22.000Z",
    "lastUpdateTime": "2018-12-20T06:06:22.000Z",
    "auth": 1,
    "uid": "bd-3793071787",
    "publishedVersion": 0,
    "forkFrom": "-",
    "isSpam": 0,
    "version": 1,
    "parentVersion": -1,
    "echartsVersion": "4.2.0",
    "versionCreateTime": "2018-12-20T06:06:22.000Z",
    "html": "",
    "externalScripts": "",
    "updaterUID": "bd-3793071787",
    "theme": "",
    "layout": "",
    "viewCount": 99,
    "userName": "二***弃",
    "commentCount": 0,
    "starCount": 0,
    "isStared": 0,
    "thumbnailURL": "https://www.makeapie.com/ecg-storage/ec_gallery_thumbnail/xcIWnZ_6VP.png?v=1545285982301",
    "isCustomThumbnail": 0,
    "builtinTags": [
        "category-work",
        "grid",
        "series-line",
        "title"
    ],
    "customTags": [],
    "updaterUserName": "二***弃"
}