{
    "cid": "xHJRkLYVdX",
    "authorUid": "bd-2217829247",
    "authorUserName": "5***e",
    "title": "业务信息",
    "description": "江苏省江阴市",
    "latestVersion": 3,
    "alwaysLatest": 1,
    "createTime": "2018-12-20T06:31:54.000Z",
    "lastUpdateTime": "2018-12-20T06:31:54.000Z",
    "auth": 2,
    "uid": "bd-2217829247",
    "publishedVersion": 0,
    "forkFrom": "-",
    "isSpam": 0,
    "version": 3,
    "parentVersion": 2,
    "echartsVersion": "4.2.0",
    "versionCreateTime": "2018-12-20T08:26:14.000Z",
    "html": "",
    "externalScripts": "",
    "updaterUID": "bd-2217829247",
    "theme": "",
    "layout": "",
    "viewCount": 463,
    "userName": "5***e",
    "commentCount": 0,
    "starCount": 0,
    "isStared": 0,
    "thumbnailURL": "https://www.makeapie.com/ecg-storage/ec_gallery_thumbnail/xHJRkLYVdX.png?v=1545294374374",
    "isCustomThumbnail": 0,
    "builtinTags": [
        "category-work",
        "geo",
        "legend",
        "series-effectScatter",
        "series-lines",
        "series-scatter",
        "title",
        "tooltip"
    ],
    "customTags": [],
    "updaterUserName": "5***e"
}