{
    "cid": "xHz9_P0tP3",
    "authorUid": "bd-3793071787",
    "authorUserName": "二***弃",
    "title": "年度招生/毕业人数",
    "description": "",
    "latestVersion": 1,
    "alwaysLatest": 1,
    "createTime": "2018-12-20T02:55:31.000Z",
    "lastUpdateTime": "2018-12-20T02:55:31.000Z",
    "auth": 1,
    "uid": "bd-3793071787",
    "publishedVersion": 0,
    "forkFrom": "-",
    "isSpam": 0,
    "version": 1,
    "parentVersion": -1,
    "echartsVersion": "4.2.0",
    "versionCreateTime": "2018-12-20T02:55:32.000Z",
    "html": "",
    "externalScripts": "",
    "updaterUID": "bd-3793071787",
    "theme": "",
    "layout": "",
    "viewCount": 20,
    "userName": "二***弃",
    "commentCount": 0,
    "starCount": 0,
    "isStared": 0,
    "thumbnailURL": "https://www.makeapie.com/ecg-storage/ec_gallery_thumbnail/xHz9_P0tP3.png?v=1545274532086",
    "isCustomThumbnail": 0,
    "builtinTags": [
        "category-work",
        "grid",
        "legend",
        "series-line",
        "title",
        "tooltip"
    ],
    "customTags": [],
    "updaterUserName": "二***弃"
}