{
    "cid": "xi-3xv9-nH",
    "authorUid": "bd-3793071787",
    "authorUserName": "二***弃",
    "title": "学生消费情况分析",
    "description": "",
    "latestVersion": 1,
    "alwaysLatest": 1,
    "createTime": "2018-12-20T03:26:13.000Z",
    "lastUpdateTime": "2018-12-20T03:26:13.000Z",
    "auth": 1,
    "uid": "bd-3793071787",
    "publishedVersion": 0,
    "forkFrom": "-",
    "isSpam": 0,
    "version": 1,
    "parentVersion": -1,
    "echartsVersion": "4.2.0",
    "versionCreateTime": "2018-12-20T03:26:13.000Z",
    "html": "",
    "externalScripts": "",
    "updaterUID": "bd-3793071787",
    "theme": "",
    "layout": "",
    "viewCount": 40,
    "userName": "二***弃",
    "commentCount": 0,
    "starCount": 0,
    "isStared": 0,
    "thumbnailURL": "https://www.makeapie.com/ecg-storage/ec_gallery_thumbnail/xi-3xv9-nH.png?v=1545276373567",
    "isCustomThumbnail": 0,
    "builtinTags": [
        "category-work",
        "grid",
        "series-bar",
        "title",
        "tooltip"
    ],
    "customTags": [],
    "updaterUserName": "二***弃"
}