{
    "cid": "xuwPHY9MIf",
    "authorUid": "bd-3793071787",
    "authorUserName": "二***弃",
    "title": "年度招生人数",
    "description": "不能直接运行，要指定id",
    "latestVersion": 1,
    "alwaysLatest": 1,
    "createTime": "2018-12-20T02:27:42.000Z",
    "lastUpdateTime": "2018-12-20T02:27:42.000Z",
    "auth": 1,
    "uid": "bd-3793071787",
    "publishedVersion": 0,
    "forkFrom": "-",
    "isSpam": 0,
    "version": 1,
    "parentVersion": -1,
    "echartsVersion": "4.2.0",
    "versionCreateTime": "2018-12-20T02:27:42.000Z",
    "html": "",
    "externalScripts": "",
    "updaterUID": "bd-3793071787",
    "theme": "",
    "layout": "",
    "viewCount": 31,
    "userName": "二***弃",
    "commentCount": 0,
    "starCount": 0,
    "isStared": 0,
    "thumbnailURL": "https://www.makeapie.com/ecg-storage/ec_gallery_thumbnail/xuwPHY9MIf.png?v=1545272862919",
    "isCustomThumbnail": 1,
    "builtinTags": [
        "category-work"
    ],
    "customTags": [],
    "updaterUserName": "二***弃"
}