{
    "cid": "xWEmP9W2uM",
    "authorUid": "bd-3793071787",
    "authorUserName": "二***弃",
    "title": "人均处理量\n2012件",
    "description": "没有hover效果",
    "latestVersion": 1,
    "alwaysLatest": 1,
    "createTime": "2018-12-20T06:09:31.000Z",
    "lastUpdateTime": "2018-12-20T06:09:31.000Z",
    "auth": 1,
    "uid": "bd-3793071787",
    "publishedVersion": 0,
    "forkFrom": "-",
    "isSpam": 0,
    "version": 1,
    "parentVersion": -1,
    "echartsVersion": "4.2.0",
    "versionCreateTime": "2018-12-20T06:09:31.000Z",
    "html": "",
    "externalScripts": "",
    "updaterUID": "bd-3793071787",
    "theme": "",
    "layout": "",
    "viewCount": 25,
    "userName": "二***弃",
    "commentCount": 0,
    "starCount": 0,
    "isStared": 0,
    "thumbnailURL": "https://www.makeapie.com/ecg-storage/ec_gallery_thumbnail/xWEmP9W2uM.png?v=1545286171161",
    "isCustomThumbnail": 0,
    "builtinTags": [
        "category-work",
        "series-pie",
        "title"
    ],
    "customTags": [],
    "updaterUserName": "二***弃"
}