{
    "cid": "xYgZZDHGfl",
    "authorUid": "bd-3793071787",
    "authorUserName": "二***弃",
    "title": "总教职工人数",
    "description": "",
    "latestVersion": 1,
    "alwaysLatest": 1,
    "createTime": "2018-12-20T02:32:22.000Z",
    "lastUpdateTime": "2018-12-20T02:32:22.000Z",
    "auth": 1,
    "uid": "bd-3793071787",
    "publishedVersion": 0,
    "forkFrom": "-",
    "isSpam": 0,
    "version": 1,
    "parentVersion": -1,
    "echartsVersion": "4.2.0",
    "versionCreateTime": "2018-12-20T02:32:22.000Z",
    "html": "",
    "externalScripts": "",
    "updaterUID": "bd-3793071787",
    "theme": "",
    "layout": "",
    "viewCount": 252,
    "userName": "二***弃",
    "commentCount": 0,
    "starCount": 6,
    "isStared": 0,
    "thumbnailURL": "https://www.makeapie.com/ecg-storage/ec_gallery_thumbnail/xYgZZDHGfl.png?v=1545273142345",
    "isCustomThumbnail": 0,
    "builtinTags": [
        "category-work",
        "legend",
        "series-pie",
        "title"
    ],
    "customTags": [],
    "updaterUserName": "二***弃"
}