{
    "cid": "x22c0Lp2a9",
    "authorUid": "bd-1291963670",
    "authorUserName": "7***6",
    "title": "饼柱结合",
    "description": "",
    "latestVersion": 1,
    "alwaysLatest": 0,
    "createTime": "2021-08-18T09:27:03.000Z",
    "lastUpdateTime": "2021-08-18T09:27:03.000Z",
    "auth": 2,
    "uid": "bd-1291963670",
    "publishedVersion": 0,
    "forkFrom": "-",
    "isSpam": 0,
    "version": 1,
    "parentVersion": -1,
    "echartsVersion": "4.8.0",
    "versionCreateTime": "2021-08-18T09:27:03.000Z",
    "html": "",
    "externalScripts": "",
    "updaterUID": "bd-1291963670",
    "theme": "dark",
    "layout": "",
    "viewCount": 0,
    "userName": "7***6",
    "commentCount": 0,
    "starCount": 10,
    "isStared": 0,
    "thumbnailURL": "https://www.makeapie.com/ecg-storage/ec_gallery_thumbnail/x22c0Lp2a9.png?v=1629278824211",
    "isCustomThumbnail": 1,
    "builtinTags": [
        "category-work",
        "dataset",
        "dataZoom",
        "grid",
        "legend",
        "series-bar",
        "series-pie",
        "title",
        "tooltip"
    ],
    "customTags": [],
    "updaterUserName": "7***6"
}