{
    "cid": "x55dhsMmSq",
    "authorUid": "obd-o2pqduIJs9_1vxwcTdu4Dqw6pZ8Vk61",
    "authorUserName": "跟***哒",
    "title": "定制气泡框点颜色",
    "description": "",
    "latestVersion": 1,
    "alwaysLatest": 0,
    "createTime": "2021-08-19T08:31:49.000Z",
    "lastUpdateTime": "2021-08-19T08:31:49.000Z",
    "auth": 2,
    "uid": "obd-o2pqduIJs9_1vxwcTdu4Dqw6pZ8Vk61",
    "publishedVersion": 0,
    "forkFrom": "-",
    "isSpam": 0,
    "version": 1,
    "parentVersion": -1,
    "echartsVersion": "5.1.2",
    "versionCreateTime": "2021-08-19T08:31:49.000Z",
    "html": "",
    "externalScripts": "",
    "updaterUID": "obd-o2pqduIJs9_1vxwcTdu4Dqw6pZ8Vk61",
    "theme": "dark",
    "layout": "",
    "viewCount": 0,
    "userName": "跟***哒",
    "commentCount": 0,
    "starCount": 1,
    "isStared": 0,
    "thumbnailURL": "https://www.makeapie.com/ecg-storage/ec_gallery_thumbnail/x55dhsMmSq.png?v=1629361910057",
    "isCustomThumbnail": 0,
    "builtinTags": [
        "category-work",
        "grid",
        "legend",
        "series-line",
        "tooltip"
    ],
    "customTags": [],
    "updaterUserName": "跟***哒"
}