{
    "cid": "x8fAmrCk3o",
    "authorUid": "obd-o2IgTk5uC5xx0ZyLYQaIGdrQbutiQBl",
    "authorUserName": "交***罩",
    "title": "材料消耗分析",
    "description": "",
    "latestVersion": 1,
    "alwaysLatest": 0,
    "createTime": "2021-08-18T02:41:07.000Z",
    "lastUpdateTime": "2021-08-18T02:41:07.000Z",
    "auth": 2,
    "uid": "obd-o2IgTk5uC5xx0ZyLYQaIGdrQbutiQBl",
    "publishedVersion": 0,
    "forkFrom": "-",
    "isSpam": 0,
    "version": 1,
    "parentVersion": -1,
    "echartsVersion": "5.1.2",
    "versionCreateTime": "2021-08-18T02:41:07.000Z",
    "html": "",
    "externalScripts": "",
    "updaterUID": "obd-o2IgTk5uC5xx0ZyLYQaIGdrQbutiQBl",
    "theme": "",
    "layout": "",
    "viewCount": 0,
    "userName": "交***罩",
    "commentCount": 0,
    "starCount": 1,
    "isStared": 0,
    "thumbnailURL": "https://www.makeapie.com/ecg-storage/ec_gallery_thumbnail/x8fAmrCk3o.png?v=1629254467630",
    "isCustomThumbnail": 0,
    "builtinTags": [
        "category-work",
        "legend",
        "series-pie",
        "title",
        "tooltip"
    ],
    "customTags": [],
    "updaterUserName": "交***罩"
}