{
    "cid": "xAxIhQBaKd",
    "authorUid": "obd-oNlOavm5mIyDmHx5vL644Fy6r7YbdCs",
    "authorUserName": "林***影",
    "title": "3/4圆进度条",
    "description": "3/4圆进度条",
    "latestVersion": 3,
    "alwaysLatest": 0,
    "createTime": "2021-08-18T07:36:45.000Z",
    "lastUpdateTime": "2021-08-18T07:48:02.000Z",
    "auth": 1,
    "uid": "obd-oNlOavm5mIyDmHx5vL644Fy6r7YbdCs",
    "publishedVersion": 0,
    "forkFrom": "-",
    "isSpam": 0,
    "version": 3,
    "parentVersion": 2,
    "echartsVersion": "5.1.2",
    "versionCreateTime": "2021-08-18T07:48:02.000Z",
    "html": "",
    "externalScripts": "",
    "updaterUID": "obd-oNlOavm5mIyDmHx5vL644Fy6r7YbdCs",
    "theme": "",
    "layout": "",
    "viewCount": 0,
    "userName": "林***影",
    "commentCount": 0,
    "starCount": 1,
    "isStared": 0,
    "thumbnailURL": "https://www.makeapie.com/ecg-storage/ec_gallery_thumbnail/xAxIhQBaKd.png?v=1629272882199",
    "isCustomThumbnail": 0,
    "builtinTags": [
        "category-work",
        "series-custom"
    ],
    "customTags": [],
    "updaterUserName": "林***影"
}