{
    "cid": "xBKpPcwuNY",
    "authorUid": "obd-ol7lKxK-eIyyttjOnmyLAeEw1yrmZ0F",
    "authorUserName": "s***a",
    "title": "NES_WAREHOUSES_CHINA_20210817",
    "description": "",
    "latestVersion": 23,
    "alwaysLatest": 0,
    "createTime": "2021-08-17T10:16:15.000Z",
    "lastUpdateTime": "2021-08-18T06:01:15.000Z",
    "auth": 2,
    "uid": "obd-ol7lKxK-eIyyttjOnmyLAeEw1yrmZ0F",
    "publishedVersion": 0,
    "forkFrom": "-",
    "isSpam": 0,
    "version": 23,
    "parentVersion": 22,
    "echartsVersion": "5.1.2",
    "versionCreateTime": "2021-08-18T06:01:15.000Z",
    "html": "",
    "externalScripts": "",
    "updaterUID": "obd-ol7lKxK-eIyyttjOnmyLAeEw1yrmZ0F",
    "theme": "",
    "layout": "",
    "viewCount": 0,
    "userName": "s***a",
    "commentCount": 0,
    "starCount": 1,
    "isStared": 0,
    "thumbnailURL": "https://www.makeapie.com/ecg-storage/ec_gallery_thumbnail/xBKpPcwuNY.png?v=1629266475396",
    "isCustomThumbnail": 0,
    "builtinTags": [
        "category-work",
        "grid",
        "series-bar",
        "title"
    ],
    "customTags": [],
    "updaterUserName": "s***a"
}