{
    "cid": "xG5_VVgdci",
    "authorUid": "obd-oPbAMKik3B_d39mi4i2fx3qhMUtbA94",
    "authorUserName": "梁***e",
    "title": "仪表图/饼图结合",
    "description": "",
    "latestVersion": 4,
    "alwaysLatest": 0,
    "createTime": "2021-08-19T07:31:01.000Z",
    "lastUpdateTime": "2021-12-13T01:48:21.000Z",
    "auth": 2,
    "uid": "obd-oPbAMKik3B_d39mi4i2fx3qhMUtbA94",
    "publishedVersion": 0,
    "forkFrom": "-",
    "isSpam": 0,
    "version": 4,
    "parentVersion": 3,
    "echartsVersion": "5.1.2",
    "versionCreateTime": "2021-12-13T01:48:21.000Z",
    "html": "",
    "externalScripts": "",
    "updaterUID": "obd-oPbAMKik3B_d39mi4i2fx3qhMUtbA94",
    "theme": "",
    "layout": "",
    "viewCount": 0,
    "userName": "梁***e",
    "commentCount": 0,
    "starCount": 0,
    "isStared": 0,
    "thumbnailURL": "https://www.makeapie.com/ecg-storage/ec_gallery_thumbnail/xG5_VVgdci.png?v=1639360101956",
    "isCustomThumbnail": 0,
    "builtinTags": [
        "category-work",
        "series-gauge",
        "series-pie",
        "title"
    ],
    "customTags": [],
    "updaterUserName": "梁***e"
}