{
    "cid": "xi8DDhoTUO",
    "authorUid": "bd-1606641265",
    "authorUserName": "你***1",
    "title": "评级情况",
    "description": "",
    "latestVersion": 2,
    "alwaysLatest": 0,
    "createTime": "2021-08-18T09:43:43.000Z",
    "lastUpdateTime": "2021-08-18T09:46:31.000Z",
    "auth": 2,
    "uid": "bd-1606641265",
    "publishedVersion": 0,
    "forkFrom": "-",
    "isSpam": 0,
    "version": 2,
    "parentVersion": 1,
    "echartsVersion": "5.1.2",
    "versionCreateTime": "2021-08-18T09:46:31.000Z",
    "html": "",
    "externalScripts": "",
    "updaterUID": "bd-1606641265",
    "theme": "",
    "layout": "",
    "viewCount": 0,
    "userName": "你***1",
    "commentCount": 0,
    "starCount": 1,
    "isStared": 0,
    "thumbnailURL": "https://www.makeapie.com/ecg-storage/ec_gallery_thumbnail/xi8DDhoTUO.png?v=1629279991915",
    "isCustomThumbnail": 0,
    "builtinTags": [
        "category-work",
        "grid",
        "series-bar",
        "series-pictorialBar"
    ],
    "customTags": [],
    "updaterUserName": "你***1"
}