{
    "cid": "xKNY69ljr_",
    "authorUid": "bd-71012466",
    "authorUserName": "前***n",
    "title": "斜纹柱状图",
    "description": "斜纹柱状图",
    "latestVersion": 1,
    "alwaysLatest": 0,
    "createTime": "2021-08-19T07:18:55.000Z",
    "lastUpdateTime": "2021-08-19T07:18:55.000Z",
    "auth": 2,
    "uid": "bd-71012466",
    "publishedVersion": 0,
    "forkFrom": "-",
    "isSpam": 0,
    "version": 1,
    "parentVersion": -1,
    "echartsVersion": "4.7.0",
    "versionCreateTime": "2021-08-19T07:18:55.000Z",
    "html": "",
    "externalScripts": "",
    "updaterUID": "bd-71012466",
    "theme": "",
    "layout": "",
    "viewCount": 0,
    "userName": "前***n",
    "commentCount": 0,
    "starCount": 5,
    "isStared": 0,
    "thumbnailURL": "https://www.makeapie.com/ecg-storage/ec_gallery_thumbnail/xKNY69ljr_.png?v=1629357536073",
    "isCustomThumbnail": 0,
    "builtinTags": [
        "category-work",
        "dataZoom",
        "grid",
        "series-bar",
        "series-pictorialBar",
        "tooltip"
    ],
    "customTags": [],
    "updaterUserName": "前***n"
}