{
    "cid": "xli0TFXg_0",
    "authorUid": "obd-oPX-bGgM59S-cvdAf4xdmVOFWbjwt9y",
    "authorUserName": "132*****767",
    "title": "Awesome Chart",
    "description": "",
    "latestVersion": 1,
    "alwaysLatest": 0,
    "createTime": "2021-08-17T11:21:17.000Z",
    "lastUpdateTime": "2021-08-17T11:21:17.000Z",
    "auth": 2,
    "uid": "obd-oPX-bGgM59S-cvdAf4xdmVOFWbjwt9y",
    "publishedVersion": 0,
    "forkFrom": "-",
    "isSpam": 0,
    "version": 1,
    "parentVersion": -1,
    "echartsVersion": "5.1.2",
    "versionCreateTime": "2021-08-17T11:21:17.000Z",
    "html": "",
    "externalScripts": "",
    "updaterUID": "obd-oPX-bGgM59S-cvdAf4xdmVOFWbjwt9y",
    "theme": "",
    "layout": "",
    "viewCount": 0,
    "userName": "132*****767",
    "commentCount": 0,
    "starCount": 0,
    "isStared": 0,
    "thumbnailURL": "https://www.makeapie.com/ecg-storage/ec_gallery_thumbnail/xli0TFXg_0.png?v=1629199277579",
    "isCustomThumbnail": 0,
    "builtinTags": [
        "category-work",
        "grid",
        "series-bar",
        "title"
    ],
    "customTags": [],
    "updaterUserName": "132*****767"
}