{
    "cid": "xTbY8XXTK5",
    "authorUid": "obd-oj1PKcTQAiE6FleSNWaJqzJ0oAIhvDV",
    "authorUserName": "J***6",
    "title": "人口年龄分布",
    "description": "饼图",
    "latestVersion": 2,
    "alwaysLatest": 0,
    "createTime": "2021-08-19T06:12:33.000Z",
    "lastUpdateTime": "2021-08-19T06:20:05.000Z",
    "auth": 2,
    "uid": "obd-oj1PKcTQAiE6FleSNWaJqzJ0oAIhvDV",
    "publishedVersion": 0,
    "forkFrom": "-",
    "isSpam": 0,
    "version": 2,
    "parentVersion": 1,
    "echartsVersion": "5.1.2",
    "versionCreateTime": "2021-08-19T06:20:05.000Z",
    "html": "",
    "externalScripts": "",
    "updaterUID": "obd-oj1PKcTQAiE6FleSNWaJqzJ0oAIhvDV",
    "theme": "",
    "layout": "",
    "viewCount": 0,
    "userName": "J***6",
    "commentCount": 0,
    "starCount": 0,
    "isStared": 0,
    "thumbnailURL": "https://www.makeapie.com/ecg-storage/ec_gallery_thumbnail/xTbY8XXTK5.png?v=1629354005279",
    "isCustomThumbnail": 0,
    "builtinTags": [
        "category-work",
        "series-pie",
        "title"
    ],
    "customTags": [],
    "updaterUserName": "J***6"
}