{
    "cid": "xYlAgkzg3W",
    "authorUid": "obd-oNjFNTw3WJQtsAaZ-bD3oKEiWUxyVCk",
    "authorUserName": "B***8",
    "title": "营商环境榜单",
    "description": "",
    "latestVersion": 17,
    "alwaysLatest": 0,
    "createTime": "2021-08-19T04:28:39.000Z",
    "lastUpdateTime": "2021-08-19T06:55:20.000Z",
    "auth": 2,
    "uid": "obd-oNjFNTw3WJQtsAaZ-bD3oKEiWUxyVCk",
    "publishedVersion": 0,
    "forkFrom": "-",
    "isSpam": 0,
    "version": 17,
    "parentVersion": 16,
    "echartsVersion": "5.1.2",
    "versionCreateTime": "2021-08-19T06:55:20.000Z",
    "html": "",
    "externalScripts": "",
    "updaterUID": "obd-oNjFNTw3WJQtsAaZ-bD3oKEiWUxyVCk",
    "theme": "",
    "layout": "",
    "viewCount": 0,
    "userName": "B***8",
    "commentCount": 0,
    "starCount": 2,
    "isStared": 0,
    "thumbnailURL": "https://www.makeapie.com/ecg-storage/ec_gallery_thumbnail/xYlAgkzg3W.png?v=1629356120434",
    "isCustomThumbnail": 0,
    "builtinTags": [
        "category-work",
        "geo",
        "grid",
        "series-bar",
        "series-effectScatter",
        "series-map",
        "timeline",
        "title",
        "tooltip"
    ],
    "customTags": [],
    "updaterUserName": "B***8"
}