{
    "cid": "xcbMdn_EuE",
    "authorUid": "obd-oD-Fg87qxxsXi2S0LWsaFu11fZtBj1L",
    "authorUserName": "少***i",
    "title": "折线图加双统计维度加渐变",
    "description": "",
    "latestVersion": 1,
    "alwaysLatest": 1,
    "createTime": "2021-01-05T06:37:33.000Z",
    "lastUpdateTime": "2021-01-05T06:37:33.000Z",
    "auth": 2,
    "uid": "obd-oD-Fg87qxxsXi2S0LWsaFu11fZtBj1L",
    "publishedVersion": 0,
    "forkFrom": "-",
    "isSpam": 0,
    "version": 1,
    "parentVersion": -1,
    "echartsVersion": "4.8.0",
    "versionCreateTime": "2021-01-05T06:37:33.000Z",
    "html": "",
    "externalScripts": "",
    "updaterUID": "obd-oD-Fg87qxxsXi2S0LWsaFu11fZtBj1L",
    "theme": "",
    "layout": "",
    "viewCount": 25,
    "userName": "少***i",
    "commentCount": 0,
    "starCount": 0,
    "isStared": 0,
    "thumbnailURL": "https://www.makeapie.com/ecg-storage/ec_gallery_thumbnail/xcbMdn_EuE.png?v=1609828654024",
    "isCustomThumbnail": 0,
    "builtinTags": [
        "category-work",
        "grid",
        "legend",
        "series-bar"
    ],
    "customTags": [],
    "updaterUserName": "少***i"
}