{
    "cid": "xcpYjAdn4k",
    "authorUid": "bd-1832650076",
    "authorUserName": "凌***殇",
    "title": "线性+饼图联动",
    "description": "",
    "latestVersion": 3,
    "alwaysLatest": 1,
    "createTime": "2021-01-06T07:39:41.000Z",
    "lastUpdateTime": "2021-01-06T07:39:41.000Z",
    "auth": 2,
    "uid": "bd-1832650076",
    "publishedVersion": 0,
    "forkFrom": "-",
    "isSpam": 0,
    "version": 3,
    "parentVersion": 2,
    "echartsVersion": "4.8.0",
    "versionCreateTime": "2021-04-01T06:12:43.000Z",
    "html": "",
    "externalScripts": "",
    "updaterUID": "bd-1832650076",
    "theme": "",
    "layout": "",
    "viewCount": 79,
    "userName": "凌***殇",
    "commentCount": 0,
    "starCount": 0,
    "isStared": 0,
    "thumbnailURL": "https://www.makeapie.com/ecg-storage/ec_gallery_thumbnail/xcpYjAdn4k.png?v=1617257563340",
    "isCustomThumbnail": 0,
    "builtinTags": [
        "category-work",
        "grid",
        "legend",
        "series-line",
        "series-pie",
        "title",
        "tooltip"
    ],
    "customTags": [],
    "updaterUserName": "凌***殇"
}