{
    "cid": "xCQqtvvC9O",
    "authorUid": "obd-oAc1WUhAEpTu8uHXwI1Q5tGqTUfkv7s",
    "authorUserName": "天***盟",
    "title": "环形流程图",
    "description": "",
    "latestVersion": 1,
    "alwaysLatest": 1,
    "createTime": "2021-01-07T05:43:20.000Z",
    "lastUpdateTime": "2021-01-07T05:43:20.000Z",
    "auth": 2,
    "uid": "obd-oAc1WUhAEpTu8uHXwI1Q5tGqTUfkv7s",
    "publishedVersion": 0,
    "forkFrom": "-",
    "isSpam": 0,
    "version": 1,
    "parentVersion": -1,
    "echartsVersion": "4.8.0",
    "versionCreateTime": "2021-01-07T05:43:20.000Z",
    "html": "",
    "externalScripts": "",
    "updaterUID": "obd-oAc1WUhAEpTu8uHXwI1Q5tGqTUfkv7s",
    "theme": "",
    "layout": "",
    "viewCount": 67,
    "userName": "天***盟",
    "commentCount": 0,
    "starCount": 6,
    "isStared": 0,
    "thumbnailURL": "https://www.makeapie.com/ecg-storage/ec_gallery_thumbnail/xCQqtvvC9O.png?v=1609998200600",
    "isCustomThumbnail": 0,
    "builtinTags": [
        "category-work",
        "series-sunburst",
        "title"
    ],
    "customTags": [
        "pie"
    ],
    "updaterUserName": "天***盟"
}