{
    "cid": "xDeM3kTqdC",
    "authorUid": "obd-oE_7MZ2w6bEM28YvJfdxMMeZvg_B94W",
    "authorUserName": "姬***y",
    "title": "模拟迁徙",
    "description": "数据纯属虚构",
    "latestVersion": 1,
    "alwaysLatest": 1,
    "createTime": "2021-01-06T06:34:18.000Z",
    "lastUpdateTime": "2021-01-06T06:34:18.000Z",
    "auth": 2,
    "uid": "obd-oE_7MZ2w6bEM28YvJfdxMMeZvg_B94W",
    "publishedVersion": 0,
    "forkFrom": "-",
    "isSpam": 0,
    "version": 1,
    "parentVersion": -1,
    "echartsVersion": "4.8.0",
    "versionCreateTime": "2021-01-06T06:34:18.000Z",
    "html": "",
    "externalScripts": "/dep/echarts/latest/extension/bmap.min.js,/dep/echarts/map/js/china.js",
    "updaterUID": "obd-oE_7MZ2w6bEM28YvJfdxMMeZvg_B94W",
    "theme": "",
    "layout": "",
    "viewCount": 193,
    "userName": "姬***y",
    "commentCount": 0,
    "starCount": 1,
    "isStared": 0,
    "thumbnailURL": "https://www.makeapie.com/ecg-storage/ec_gallery_thumbnail/xDeM3kTqdC.png?v=1609914858973",
    "isCustomThumbnail": 0,
    "builtinTags": [
        "category-work",
        "geo",
        "legend",
        "series-effectScatter",
        "series-lines",
        "title",
        "tooltip"
    ],
    "customTags": [],
    "updaterUserName": "姬***y"
}