{
    "cid": "xGCWezXoDe",
    "authorUid": "bd-3995468681",
    "authorUserName": "瞧***相",
    "title": "legend悬浮高亮对应线",
    "description": "hover到legend上高亮对应的线",
    "latestVersion": 3,
    "alwaysLatest": 1,
    "createTime": "2021-01-07T11:21:14.000Z",
    "lastUpdateTime": "2021-01-07T11:21:14.000Z",
    "auth": 2,
    "uid": "bd-3995468681",
    "publishedVersion": 0,
    "forkFrom": "-",
    "isSpam": 0,
    "version": 3,
    "parentVersion": 2,
    "echartsVersion": "4.8.0",
    "versionCreateTime": "2021-01-07T11:22:18.000Z",
    "html": "",
    "externalScripts": "",
    "updaterUID": "bd-3995468681",
    "theme": "",
    "layout": "",
    "viewCount": 29,
    "userName": "瞧***相",
    "commentCount": 0,
    "starCount": 0,
    "isStared": 0,
    "thumbnailURL": "https://www.makeapie.com/ecg-storage/ec_gallery_thumbnail/xGCWezXoDe.png?v=1610018474885",
    "isCustomThumbnail": 1,
    "builtinTags": [
        "category-work",
        "grid",
        "legend",
        "series-line",
        "title"
    ],
    "customTags": [
        "legenhover",
        "line"
    ],
    "updaterUserName": "瞧***相"
}