{
    "cid": "xH5RroxdUS",
    "authorUid": "obd-oCTh-qQrLuyIglpb1GoDS73Grw0OE3J",
    "authorUserName": "小***i",
    "title": "X,Y轴颠倒",
    "description": "",
    "latestVersion": 1,
    "alwaysLatest": 1,
    "createTime": "2021-01-06T06:36:38.000Z",
    "lastUpdateTime": "2021-01-06T06:36:38.000Z",
    "auth": 2,
    "uid": "obd-oCTh-qQrLuyIglpb1GoDS73Grw0OE3J",
    "publishedVersion": 0,
    "forkFrom": "-",
    "isSpam": 0,
    "version": 1,
    "parentVersion": -1,
    "echartsVersion": "4.8.0",
    "versionCreateTime": "2021-01-06T06:36:38.000Z",
    "html": "",
    "externalScripts": "",
    "updaterUID": "obd-oCTh-qQrLuyIglpb1GoDS73Grw0OE3J",
    "theme": "",
    "layout": "",
    "viewCount": 30,
    "userName": "小***i",
    "commentCount": 0,
    "starCount": 0,
    "isStared": 0,
    "thumbnailURL": "https://www.makeapie.com/ecg-storage/ec_gallery_thumbnail/xH5RroxdUS.png?v=1609914998906",
    "isCustomThumbnail": 0,
    "builtinTags": [
        "category-work",
        "grid",
        "legend",
        "series-bar",
        "tooltip"
    ],
    "customTags": [],
    "updaterUserName": "小***i"
}