{
    "cid": "xjWgQFSnUK",
    "authorUid": "obd-oD-Fg87qxxsXi2S0LWsaFu11fZtBj1L",
    "authorUserName": "少***i",
    "title": "渐变折线图",
    "description": "",
    "latestVersion": 1,
    "alwaysLatest": 1,
    "createTime": "2021-01-05T06:39:21.000Z",
    "lastUpdateTime": "2021-01-05T06:39:21.000Z",
    "auth": 2,
    "uid": "obd-oD-Fg87qxxsXi2S0LWsaFu11fZtBj1L",
    "publishedVersion": 0,
    "forkFrom": "-",
    "isSpam": 0,
    "version": 1,
    "parentVersion": -1,
    "echartsVersion": "4.8.0",
    "versionCreateTime": "2021-01-05T06:39:21.000Z",
    "html": "",
    "externalScripts": "",
    "updaterUID": "obd-oD-Fg87qxxsXi2S0LWsaFu11fZtBj1L",
    "theme": "",
    "layout": "",
    "viewCount": 57,
    "userName": "少***i",
    "commentCount": 0,
    "starCount": 0,
    "isStared": 0,
    "thumbnailURL": "https://www.makeapie.com/ecg-storage/ec_gallery_thumbnail/xjWgQFSnUK.png?v=1609828761484",
    "isCustomThumbnail": 0,
    "builtinTags": [
        "category-work",
        "grid",
        "series-line",
        "tooltip"
    ],
    "customTags": [],
    "updaterUserName": "少***i"
}