{
    "cid": "xk0UhJTRTc",
    "authorUid": "bd-2600710261",
    "authorUserName": "w***2",
    "title": "各分位数&均值",
    "description": "",
    "latestVersion": 1,
    "alwaysLatest": 1,
    "createTime": "2021-01-07T06:26:52.000Z",
    "lastUpdateTime": "2021-01-07T06:26:52.000Z",
    "auth": 2,
    "uid": "bd-2600710261",
    "publishedVersion": 0,
    "forkFrom": "-",
    "isSpam": 0,
    "version": 1,
    "parentVersion": -1,
    "echartsVersion": "4.8.0",
    "versionCreateTime": "2021-01-07T06:26:52.000Z",
    "html": "",
    "externalScripts": "",
    "updaterUID": "bd-2600710261",
    "theme": "",
    "layout": "",
    "viewCount": 42,
    "userName": "w***2",
    "commentCount": 0,
    "starCount": 0,
    "isStared": 0,
    "thumbnailURL": "https://www.makeapie.com/ecg-storage/ec_gallery_thumbnail/xk0UhJTRTc.png?v=1610000812777",
    "isCustomThumbnail": 0,
    "builtinTags": [
        "category-work",
        "grid",
        "legend",
        "series-line",
        "title",
        "tooltip"
    ],
    "customTags": [],
    "updaterUserName": "w***2"
}