{
    "cid": "xm-zQGCX8X",
    "authorUid": "obd-o-bzAfSwxWqsT7y36euh1uDf1lIL6AS",
    "authorUserName": "s***4",
    "title": "RPS",
    "description": "style",
    "latestVersion": 2,
    "alwaysLatest": 1,
    "createTime": "2021-01-07T05:38:44.000Z",
    "lastUpdateTime": "2021-01-07T05:38:44.000Z",
    "auth": 2,
    "uid": "obd-o-bzAfSwxWqsT7y36euh1uDf1lIL6AS",
    "publishedVersion": 0,
    "forkFrom": "-",
    "isSpam": 0,
    "version": 2,
    "parentVersion": 1,
    "echartsVersion": "4.8.0",
    "versionCreateTime": "2021-01-07T07:13:50.000Z",
    "html": "",
    "externalScripts": "",
    "updaterUID": "obd-o-bzAfSwxWqsT7y36euh1uDf1lIL6AS",
    "theme": "",
    "layout": "",
    "viewCount": 125,
    "userName": "s***4",
    "commentCount": 0,
    "starCount": 0,
    "isStared": 0,
    "thumbnailURL": "https://www.makeapie.com/ecg-storage/ec_gallery_thumbnail/xm-zQGCX8X.png?v=1610003631008",
    "isCustomThumbnail": 0,
    "builtinTags": [
        "category-work",
        "dataZoom",
        "grid",
        "legend",
        "markLine",
        "markPoint",
        "series-line",
        "title",
        "tooltip",
        "visualMap"
    ],
    "customTags": [],
    "updaterUserName": "s***4"
}