{
    "cid": "xqcLl-By-j",
    "authorUid": "bd-4286708132",
    "authorUserName": "L***h",
    "title": "堆叠柱状图",
    "description": "项目图表记录",
    "latestVersion": 3,
    "alwaysLatest": 1,
    "createTime": "2021-01-06T06:18:57.000Z",
    "lastUpdateTime": "2021-01-06T06:18:57.000Z",
    "auth": 2,
    "uid": "bd-4286708132",
    "publishedVersion": 0,
    "forkFrom": "-",
    "isSpam": 0,
    "version": 3,
    "parentVersion": 1,
    "echartsVersion": "4.8.0",
    "versionCreateTime": "2021-01-06T06:27:15.000Z",
    "html": "",
    "externalScripts": "",
    "updaterUID": "bd-4286708132",
    "theme": "",
    "layout": "",
    "viewCount": 160,
    "userName": "L***h",
    "commentCount": 0,
    "starCount": 2,
    "isStared": 0,
    "thumbnailURL": "https://www.makeapie.com/ecg-storage/ec_gallery_thumbnail/xqcLl-By-j.png?v=1609914435830",
    "isCustomThumbnail": 0,
    "builtinTags": [
        "category-work",
        "grid",
        "legend",
        "series-bar",
        "tooltip"
    ],
    "customTags": [],
    "updaterUserName": "L***h"
}