{
    "cid": "xqPqKRyyGw",
    "authorUid": "obd-oEw_PUga0oczg7PjFhjNXWQAGuNXP4E",
    "authorUserName": "c***7",
    "title": "曲线图",
    "description": "",
    "latestVersion": 2,
    "alwaysLatest": 1,
    "createTime": "2021-01-05T13:06:57.000Z",
    "lastUpdateTime": "2021-01-05T13:06:57.000Z",
    "auth": 2,
    "uid": "obd-oEw_PUga0oczg7PjFhjNXWQAGuNXP4E",
    "publishedVersion": 0,
    "forkFrom": "-",
    "isSpam": 0,
    "version": 2,
    "parentVersion": 1,
    "echartsVersion": "4.8.0",
    "versionCreateTime": "2021-01-06T01:56:47.000Z",
    "html": "",
    "externalScripts": "",
    "updaterUID": "obd-oEw_PUga0oczg7PjFhjNXWQAGuNXP4E",
    "theme": "",
    "layout": "",
    "viewCount": 80,
    "userName": "c***7",
    "commentCount": 0,
    "starCount": 1,
    "isStared": 0,
    "thumbnailURL": "https://www.makeapie.com/ecg-storage/ec_gallery_thumbnail/xqPqKRyyGw.png?v=1609898208088",
    "isCustomThumbnail": 0,
    "builtinTags": [
        "category-work",
        "grid",
        "legend",
        "series-line",
        "tooltip"
    ],
    "customTags": [],
    "updaterUserName": "c***7"
}