{
    "cid": "xtDqLh0mEI",
    "authorUid": "bd-3071323166",
    "authorUserName": "w***1",
    "title": "bar 分割线",
    "description": "",
    "latestVersion": 2,
    "alwaysLatest": 1,
    "createTime": "2021-01-06T07:49:26.000Z",
    "lastUpdateTime": "2021-01-06T07:49:26.000Z",
    "auth": 1,
    "uid": "bd-3071323166",
    "publishedVersion": 0,
    "forkFrom": "-",
    "isSpam": 0,
    "version": 2,
    "parentVersion": 1,
    "echartsVersion": "4.8.0",
    "versionCreateTime": "2021-01-06T08:24:43.000Z",
    "html": "",
    "externalScripts": "",
    "updaterUID": "bd-3071323166",
    "theme": "",
    "layout": "",
    "viewCount": 93,
    "userName": "w***1",
    "commentCount": 0,
    "starCount": 1,
    "isStared": 0,
    "thumbnailURL": "https://www.makeapie.com/ecg-storage/ec_gallery_thumbnail/xtDqLh0mEI.png?v=1609921484012",
    "isCustomThumbnail": 0,
    "builtinTags": [
        "category-work",
        "grid",
        "legend",
        "markLine",
        "series-bar",
        "tooltip"
    ],
    "customTags": [],
    "updaterUserName": "w***1"
}