{
    "cid": "xY7XhsdAbU",
    "authorUid": "obd-oCTh-qQrLuyIglpb1GoDS73Grw0OE3J",
    "authorUserName": "小***i",
    "title": "1111",
    "description": "",
    "latestVersion": 1,
    "alwaysLatest": 1,
    "createTime": "2021-01-06T06:39:11.000Z",
    "lastUpdateTime": "2021-01-06T06:39:11.000Z",
    "auth": 2,
    "uid": "obd-oCTh-qQrLuyIglpb1GoDS73Grw0OE3J",
    "publishedVersion": 0,
    "forkFrom": "-",
    "isSpam": 0,
    "version": 1,
    "parentVersion": -1,
    "echartsVersion": "4.8.0",
    "versionCreateTime": "2021-01-06T06:39:11.000Z",
    "html": "",
    "externalScripts": "",
    "updaterUID": "obd-oCTh-qQrLuyIglpb1GoDS73Grw0OE3J",
    "theme": "",
    "layout": "",
    "viewCount": 260,
    "userName": "小***i",
    "commentCount": 0,
    "starCount": 1,
    "isStared": 0,
    "thumbnailURL": "https://www.makeapie.com/ecg-storage/ec_gallery_thumbnail/xY7XhsdAbU.png?v=1609915151764",
    "isCustomThumbnail": 0,
    "builtinTags": [
        "category-work",
        "dataZoom",
        "grid",
        "legend",
        "markPoint",
        "series-bar",
        "series-line",
        "tooltip"
    ],
    "customTags": [],
    "updaterUserName": "小***i"
}