{
    "cid": "xZf_TTn1Y_",
    "authorUid": "bd-4145772538",
    "authorUserName": "X***s",
    "title": "认知指数增长速率",
    "description": "用作报告",
    "latestVersion": 2,
    "alwaysLatest": 1,
    "createTime": "2021-01-05T07:07:06.000Z",
    "lastUpdateTime": "2021-01-05T07:07:06.000Z",
    "auth": 2,
    "uid": "bd-4145772538",
    "publishedVersion": 0,
    "forkFrom": "-",
    "isSpam": 0,
    "version": 2,
    "parentVersion": 1,
    "echartsVersion": "4.8.0",
    "versionCreateTime": "2021-01-05T07:07:51.000Z",
    "html": "",
    "externalScripts": "",
    "updaterUID": "bd-4145772538",
    "theme": "",
    "layout": "",
    "viewCount": 24,
    "userName": "X***s",
    "commentCount": 0,
    "starCount": 0,
    "isStared": 0,
    "thumbnailURL": "https://www.makeapie.com/ecg-storage/ec_gallery_thumbnail/xZf_TTn1Y_.png?v=1609830471631",
    "isCustomThumbnail": 0,
    "builtinTags": [
        "category-work",
        "grid",
        "series-line",
        "title"
    ],
    "customTags": [],
    "updaterUserName": "X***s"
}