{
    "cid": "xBJAbMIcg7",
    "authorUid": "bd-1661529759",
    "authorUserName": "l***o",
    "title": "增长比较",
    "description": "增长比较",
    "latestVersion": 1,
    "alwaysLatest": 1,
    "createTime": "2018-06-10T07:23:50.000Z",
    "lastUpdateTime": "2018-06-10T07:23:50.000Z",
    "auth": 2,
    "uid": "bd-1661529759",
    "publishedVersion": 0,
    "forkFrom": "-",
    "isSpam": 0,
    "version": 1,
    "parentVersion": -1,
    "echartsVersion": "4.1.0",
    "versionCreateTime": "2018-06-10T07:23:50.000Z",
    "html": "",
    "externalScripts": "",
    "updaterUID": "bd-1661529759",
    "theme": "",
    "layout": "",
    "viewCount": 2875,
    "userName": "l***o",
    "commentCount": 0,
    "starCount": 18,
    "isStared": 0,
    "thumbnailURL": "https://www.makeapie.com/ecg-storage/ec_gallery_thumbnail/xBJAbMIcg7.png?v=1528615430603",
    "isCustomThumbnail": 0,
    "builtinTags": [
        "category-work",
        "grid",
        "legend",
        "series-line",
        "tooltip"
    ],
    "customTags": [],
    "updaterUserName": "l***o"
}