{
    "cid": "xByOPixngQ",
    "authorUid": "bd-4035288565",
    "authorUserName": "平生不会许多",
    "title": "一线城市供水损失率",
    "description": "",
    "latestVersion": 1,
    "alwaysLatest": 1,
    "createTime": "2018-06-11T13:38:39.000Z",
    "lastUpdateTime": "2018-06-11T13:38:39.000Z",
    "auth": 2,
    "uid": "bd-4035288565",
    "publishedVersion": 0,
    "forkFrom": "-",
    "isSpam": 0,
    "version": 1,
    "parentVersion": -1,
    "echartsVersion": "4.1.0",
    "versionCreateTime": "2018-06-11T13:38:39.000Z",
    "html": "",
    "externalScripts": "",
    "updaterUID": "bd-4035288565",
    "theme": "",
    "layout": "",
    "viewCount": 213,
    "userName": "平生不会许多",
    "commentCount": 0,
    "starCount": 2,
    "isStared": 0,
    "thumbnailURL": "https://www.makeapie.com/ecg-storage/ec_gallery_thumbnail/xByOPixngQ.png?v=1528724319869",
    "isCustomThumbnail": 0,
    "builtinTags": [
        "category-work",
        "grid",
        "legend",
        "series-line",
        "title",
        "tooltip"
    ],
    "customTags": [],
    "updaterUserName": "平生不会许多"
}