{
    "cid": "xH18DBOPg7",
    "authorUid": "bd-2066513247",
    "authorUserName": "g***8",
    "title": "环图的循环展示数据",
    "description": "",
    "latestVersion": 1,
    "alwaysLatest": 1,
    "createTime": "2018-06-08T03:17:49.000Z",
    "lastUpdateTime": "2018-06-08T03:17:49.000Z",
    "auth": 2,
    "uid": "bd-2066513247",
    "publishedVersion": 0,
    "forkFrom": "-",
    "isSpam": 0,
    "version": 1,
    "parentVersion": -1,
    "echartsVersion": "4.1.0",
    "versionCreateTime": "2018-06-08T03:17:49.000Z",
    "html": "",
    "externalScripts": "",
    "updaterUID": "bd-2066513247",
    "theme": "",
    "layout": "",
    "viewCount": 223,
    "userName": "g***8",
    "commentCount": 0,
    "starCount": 1,
    "isStared": 0,
    "thumbnailURL": "https://www.makeapie.com/ecg-storage/ec_gallery_thumbnail/xH18DBOPg7.png?v=1528427869706",
    "isCustomThumbnail": 0,
    "builtinTags": [
        "category-work",
        "series-pie",
        "tooltip"
    ],
    "customTags": [],
    "updaterUserName": "g***8"
}