{
    "cid": "xH1Xdthje7",
    "authorUid": "bd-673502109",
    "authorUserName": "ly6158bd",
    "title": "圆角进度条",
    "description": "",
    "latestVersion": 1,
    "alwaysLatest": 1,
    "createTime": "2018-06-11T08:57:15.000Z",
    "lastUpdateTime": "2018-06-11T08:57:15.000Z",
    "auth": 2,
    "uid": "bd-673502109",
    "publishedVersion": 0,
    "forkFrom": "-",
    "isSpam": 0,
    "version": 1,
    "parentVersion": -1,
    "echartsVersion": "4.1.0",
    "versionCreateTime": "2018-06-11T08:57:15.000Z",
    "html": "",
    "externalScripts": "",
    "updaterUID": "bd-673502109",
    "theme": "",
    "layout": "",
    "viewCount": 1238,
    "userName": "ly6158bd",
    "commentCount": 0,
    "starCount": 11,
    "isStared": 0,
    "thumbnailURL": "https://www.makeapie.com/ecg-storage/ec_gallery_thumbnail/xH1Xdthje7.png?v=1528707435471",
    "isCustomThumbnail": 0,
    "builtinTags": [
        "category-work",
        "grid",
        "series-bar"
    ],
    "customTags": [],
    "updaterUserName": "ly6158bd"
}