{
    "cid": "xHJeMQ6jlX",
    "authorUid": "bd-3778831175",
    "authorUserName": "m***i",
    "title": "Music Visualization By Bar",
    "description": "利用柱状图进行  音乐可视化",
    "latestVersion": 1,
    "alwaysLatest": 1,
    "createTime": "2018-06-11T09:38:15.000Z",
    "lastUpdateTime": "2018-06-11T09:38:15.000Z",
    "auth": 2,
    "uid": "bd-3778831175",
    "publishedVersion": 0,
    "forkFrom": "-",
    "isSpam": 0,
    "version": 1,
    "parentVersion": -1,
    "echartsVersion": "4.1.0",
    "versionCreateTime": "2018-06-11T09:38:15.000Z",
    "html": "",
    "externalScripts": "https://cdn.bootcss.com/randomcolor/0.5.2/randomColor.min.js",
    "updaterUID": "bd-3778831175",
    "theme": "",
    "layout": "",
    "viewCount": 619,
    "userName": "m***i",
    "commentCount": 0,
    "starCount": 5,
    "isStared": 0,
    "thumbnailURL": "https://www.makeapie.com/ecg-storage/ec_gallery_thumbnail/xHJeMQ6jlX.png?v=1528709895871",
    "isCustomThumbnail": 0,
    "builtinTags": [
        "category-work",
        "grid",
        "series-bar"
    ],
    "customTags": [],
    "updaterUserName": "m***i"
}