{
    "cid": "xHJIu37FgQ",
    "authorUid": "bd-3524109181",
    "authorUserName": "断***y",
    "title": "双进度仪表盘",
    "description": "双进度仪表盘,基于tianyongcang提交版本的优化。改了挺多，希望能帮到你们。",
    "latestVersion": 2,
    "alwaysLatest": 1,
    "createTime": "2018-06-09T10:31:10.000Z",
    "lastUpdateTime": "2018-06-09T10:31:10.000Z",
    "auth": 2,
    "uid": "bd-3524109181",
    "publishedVersion": 0,
    "forkFrom": "-",
    "isSpam": 0,
    "version": 2,
    "parentVersion": 1,
    "echartsVersion": "4.2.1",
    "versionCreateTime": "2019-05-29T02:28:11.000Z",
    "html": "",
    "externalScripts": "",
    "updaterUID": "bd-3524109181",
    "theme": "",
    "layout": "",
    "viewCount": 1955,
    "userName": "断***y",
    "commentCount": 0,
    "starCount": 4,
    "isStared": 0,
    "thumbnailURL": "https://www.makeapie.com/ecg-storage/ec_gallery_thumbnail/xHJIu37FgQ.png?v=1559096891549",
    "isCustomThumbnail": 0,
    "builtinTags": [
        "category-work",
        "series-gauge"
    ],
    "customTags": [],
    "updaterUserName": "断***y"
}