{
    "cid": "xHJosXOoeX",
    "authorUid": "bd-372118036",
    "authorUserName": "hantw80",
    "title": "山东迁徙",
    "description": "数据可更换，去掉头尾注释可直接应用到本地",
    "latestVersion": 5,
    "alwaysLatest": 1,
    "createTime": "2018-06-11T03:59:30.000Z",
    "lastUpdateTime": "2018-06-11T03:59:30.000Z",
    "auth": 2,
    "uid": "bd-372118036",
    "publishedVersion": 0,
    "forkFrom": "-",
    "isSpam": 0,
    "version": 5,
    "parentVersion": 4,
    "echartsVersion": "4.1.0",
    "versionCreateTime": "2018-06-11T07:52:09.000Z",
    "html": "",
    "externalScripts": "",
    "updaterUID": "bd-372118036",
    "theme": "",
    "layout": "",
    "viewCount": 3412,
    "userName": "hantw80",
    "commentCount": 1,
    "starCount": 13,
    "isStared": 0,
    "thumbnailURL": "https://www.makeapie.com/ecg-storage/ec_gallery_thumbnail/xHJosXOoeX.png?v=1528703530221",
    "isCustomThumbnail": 0,
    "builtinTags": [
        "category-work",
        "geo",
        "series-effectScatter",
        "series-lines",
        "title",
        "tooltip",
        "visualMap"
    ],
    "customTags": [],
    "updaterUserName": "hantw80"
}