{
    "cid": "xHymcofTxm",
    "authorUid": "bd-1092382189",
    "authorUserName": "午***书",
    "title": "",
    "description": "代写",
    "latestVersion": 13,
    "alwaysLatest": 1,
    "createTime": "2018-06-12T10:08:11.000Z",
    "lastUpdateTime": "2018-06-12T10:08:11.000Z",
    "auth": 1,
    "uid": "bd-1092382189",
    "publishedVersion": 0,
    "forkFrom": "-",
    "isSpam": 0,
    "version": 13,
    "parentVersion": 12,
    "echartsVersion": "4.1.0",
    "versionCreateTime": "2018-07-06T08:05:15.000Z",
    "html": "",
    "externalScripts": "",
    "updaterUID": "bd-1092382189",
    "theme": "",
    "layout": "",
    "viewCount": 146,
    "userName": "午***书",
    "commentCount": 0,
    "starCount": 0,
    "isStared": 0,
    "thumbnailURL": "https://www.makeapie.com/ecg-storage/ec_gallery_thumbnail/xHymcofTxm.png?v=1530864315725",
    "isCustomThumbnail": 0,
    "builtinTags": [
        "category-work",
        "dataZoom",
        "grid",
        "series-bar",
        "title"
    ],
    "customTags": [],
    "updaterUserName": "午***书"
}