{
    "cid": "xrJN4IsDl7",
    "authorUid": "bd-922784848",
    "authorUserName": "g***1",
    "title": "半圆评分",
    "description": "景区综合评分",
    "latestVersion": 1,
    "alwaysLatest": 1,
    "createTime": "2018-06-08T06:46:04.000Z",
    "lastUpdateTime": "2018-06-08T06:46:04.000Z",
    "auth": 2,
    "uid": "bd-922784848",
    "publishedVersion": 0,
    "forkFrom": "-",
    "isSpam": 0,
    "version": 1,
    "parentVersion": -1,
    "echartsVersion": "4.1.0",
    "versionCreateTime": "2018-06-08T06:46:04.000Z",
    "html": "",
    "externalScripts": "",
    "updaterUID": "bd-922784848",
    "theme": "",
    "layout": "",
    "viewCount": 235,
    "userName": "g***1",
    "commentCount": 0,
    "starCount": 3,
    "isStared": 0,
    "thumbnailURL": "https://www.makeapie.com/ecg-storage/ec_gallery_thumbnail/xrJN4IsDl7.png?v=1528440364597",
    "isCustomThumbnail": 0,
    "builtinTags": [
        "category-work",
        "series-pie",
        "title",
        "tooltip"
    ],
    "customTags": [],
    "updaterUserName": "g***1"
}