{
    "cid": "xrJqYMP6em",
    "authorUid": "bd-2640544051",
    "authorUserName": "魔都大侠",
    "title": "总案件量",
    "description": "",
    "latestVersion": 1,
    "alwaysLatest": 1,
    "createTime": "2018-06-12T15:10:57.000Z",
    "lastUpdateTime": "2018-06-12T15:10:57.000Z",
    "auth": 2,
    "uid": "bd-2640544051",
    "publishedVersion": 0,
    "forkFrom": "-",
    "isSpam": 0,
    "version": 1,
    "parentVersion": -1,
    "echartsVersion": "4.1.0",
    "versionCreateTime": "2018-06-12T15:10:57.000Z",
    "html": "",
    "externalScripts": "",
    "updaterUID": "bd-2640544051",
    "theme": "",
    "layout": "",
    "viewCount": 155,
    "userName": "魔都大侠",
    "commentCount": 0,
    "starCount": 0,
    "isStared": 0,
    "thumbnailURL": "https://www.makeapie.com/ecg-storage/ec_gallery_thumbnail/xrJqYMP6em.png?v=1528816258068",
    "isCustomThumbnail": 0,
    "builtinTags": [
        "category-work",
        "legend",
        "series-pie",
        "title"
    ],
    "customTags": [],
    "updaterUserName": "魔都大侠"
}