{
    "cid": "xrJxu9rqxm",
    "authorUid": "bd-3607108777",
    "authorUserName": "gj545165542",
    "title": "云南地图",
    "description": "",
    "latestVersion": 2,
    "alwaysLatest": 1,
    "createTime": "2018-06-10T06:51:19.000Z",
    "lastUpdateTime": "2018-06-10T06:51:19.000Z",
    "auth": 2,
    "uid": "bd-3607108777",
    "publishedVersion": 0,
    "forkFrom": "-",
    "isSpam": 0,
    "version": 2,
    "parentVersion": 1,
    "echartsVersion": "4.1.0",
    "versionCreateTime": "2018-06-10T06:54:00.000Z",
    "html": "",
    "externalScripts": "",
    "updaterUID": "bd-3607108777",
    "theme": "",
    "layout": "",
    "viewCount": 217,
    "userName": "gj545165542",
    "commentCount": 0,
    "starCount": 1,
    "isStared": 0,
    "thumbnailURL": "https://www.makeapie.com/ecg-storage/ec_gallery_thumbnail/xrJxu9rqxm.png?v=1528613640818",
    "isCustomThumbnail": 0,
    "builtinTags": [
        "category-work",
        "series-map",
        "title",
        "visualMap"
    ],
    "customTags": [],
    "updaterUserName": "gj545165542"
}