{
    "cid": "xrk5P0-qxm",
    "authorUid": "bd-2875881622",
    "authorUserName": "qq876395080",
    "title": "主题事件河流图",
    "description": "",
    "latestVersion": 2,
    "alwaysLatest": 1,
    "createTime": "2018-06-10T02:35:14.000Z",
    "lastUpdateTime": "2018-06-10T02:35:14.000Z",
    "auth": 2,
    "uid": "bd-2875881622",
    "publishedVersion": 0,
    "forkFrom": "-",
    "isSpam": 0,
    "version": 2,
    "parentVersion": 1,
    "echartsVersion": "4.1.0",
    "versionCreateTime": "2018-06-10T02:37:35.000Z",
    "html": "",
    "externalScripts": "/dep/echarts/map/js/china.js",
    "updaterUID": "bd-2875881622",
    "theme": "",
    "layout": "",
    "viewCount": 520,
    "userName": "qq876395080",
    "commentCount": 0,
    "starCount": 2,
    "isStared": 0,
    "thumbnailURL": "https://www.makeapie.com/ecg-storage/ec_gallery_thumbnail/xrk5P0-qxm.png?v=1528598256013",
    "isCustomThumbnail": 0,
    "builtinTags": [
        "category-work",
        "legend",
        "series-themeRiver",
        "singleAxis",
        "tooltip"
    ],
    "customTags": [],
    "updaterUserName": "qq876395080"
}