{
    "cid": "xSJ6XI9oeX",
    "authorUid": "bd-822533003",
    "authorUserName": "Mistmare",
    "title": "treemap drilldown",
    "description": "2018/06",
    "latestVersion": 1,
    "alwaysLatest": 1,
    "createTime": "2018-06-11T06:26:45.000Z",
    "lastUpdateTime": "2018-06-11T06:26:45.000Z",
    "auth": 2,
    "uid": "bd-822533003",
    "publishedVersion": 0,
    "forkFrom": "-",
    "isSpam": 0,
    "version": 1,
    "parentVersion": -1,
    "echartsVersion": "4.1.0",
    "versionCreateTime": "2018-06-11T06:26:45.000Z",
    "html": "",
    "externalScripts": "",
    "updaterUID": "bd-822533003",
    "theme": "default",
    "layout": "",
    "viewCount": 690,
    "userName": "Mistmare",
    "commentCount": 0,
    "starCount": 2,
    "isStared": 0,
    "thumbnailURL": "https://www.makeapie.com/ecg-storage/ec_gallery_thumbnail/xSJ6XI9oeX.png?v=1528698405576",
    "isCustomThumbnail": 0,
    "builtinTags": [
        "category-work",
        "series-treemap",
        "title",
        "tooltip"
    ],
    "customTags": [],
    "updaterUserName": "Mistmare"
}