{
    "cid": "x2tLu2IZEb",
    "authorUid": "obd-o2XyILJyFpfwM6RlkjnfAeij32nwDBT",
    "authorUserName": "沃***芭",
    "title": "柱状图",
    "description": "柱状图和红色图标可单独显示，单独比例位置。\n应用环境：蓝色：总人数，红色：报到人数/总人数=报到率",
    "latestVersion": 13,
    "alwaysLatest": 0,
    "createTime": "2021-08-23T09:10:50.000Z",
    "lastUpdateTime": "2021-08-24T07:57:56.000Z",
    "auth": 1,
    "uid": "obd-o2XyILJyFpfwM6RlkjnfAeij32nwDBT",
    "publishedVersion": 0,
    "forkFrom": "-",
    "isSpam": 0,
    "version": 13,
    "parentVersion": 12,
    "echartsVersion": "5.1.2",
    "versionCreateTime": "2021-08-24T07:57:57.000Z",
    "html": "",
    "externalScripts": "",
    "updaterUID": "obd-o2XyILJyFpfwM6RlkjnfAeij32nwDBT",
    "theme": "",
    "layout": "",
    "viewCount": 0,
    "userName": "沃***芭",
    "commentCount": 0,
    "starCount": 1,
    "isStared": 0,
    "thumbnailURL": "https://www.makeapie.com/ecg-storage/ec_gallery_thumbnail/x2tLu2IZEb.png?v=1629791877130",
    "isCustomThumbnail": 0,
    "builtinTags": [
        "category-work",
        "grid",
        "series-bar",
        "series-pictorialBar",
        "tooltip"
    ],
    "customTags": [],
    "updaterUserName": "沃***芭"
}