{
    "cid": "x3CySHqYMC",
    "authorUid": "bd-3721987274",
    "authorUserName": "者***_",
    "title": "示例 formatter",
    "description": "异步自定义渲染 tooltip\nencode/dimensions 的使用\nX轴 value",
    "latestVersion": 6,
    "alwaysLatest": 0,
    "createTime": "2021-08-23T11:42:14.000Z",
    "lastUpdateTime": "2021-12-30T06:55:14.000Z",
    "auth": 2,
    "uid": "bd-3721987274",
    "publishedVersion": 0,
    "forkFrom": "-",
    "isSpam": 0,
    "version": 6,
    "parentVersion": 5,
    "echartsVersion": "5.1.2",
    "versionCreateTime": "2021-12-30T06:55:14.000Z",
    "html": "",
    "externalScripts": "",
    "updaterUID": "bd-3721987274",
    "theme": "",
    "layout": "",
    "viewCount": 0,
    "userName": "者***_",
    "commentCount": 0,
    "starCount": 1,
    "isStared": 0,
    "thumbnailURL": "https://www.makeapie.com/ecg-storage/ec_gallery_thumbnail/x3CySHqYMC.png?v=1629718934277",
    "isCustomThumbnail": 1,
    "builtinTags": [
        "category-work",
        "dataZoom",
        "grid",
        "legend",
        "series-line",
        "toolbox",
        "tooltip"
    ],
    "customTags": [],
    "updaterUserName": "者***_"
}