{
    "cid": "xDoD2jyIIo",
    "authorUid": "obd-o0Aqu5hs6M1XPMScd-dC0vqCMaoXSFO",
    "authorUserName": "A***3",
    "title": "111",
    "description": "",
    "latestVersion": 1,
    "alwaysLatest": 0,
    "createTime": "2021-08-21T09:33:57.000Z",
    "lastUpdateTime": "2021-08-21T09:33:57.000Z",
    "auth": 2,
    "uid": "obd-o0Aqu5hs6M1XPMScd-dC0vqCMaoXSFO",
    "publishedVersion": 0,
    "forkFrom": "-",
    "isSpam": 0,
    "version": 1,
    "parentVersion": -1,
    "echartsVersion": "5.1.2",
    "versionCreateTime": "2021-08-21T09:33:57.000Z",
    "html": "",
    "externalScripts": "",
    "updaterUID": "obd-o0Aqu5hs6M1XPMScd-dC0vqCMaoXSFO",
    "theme": "",
    "layout": "",
    "viewCount": 0,
    "userName": "A***3",
    "commentCount": 0,
    "starCount": 0,
    "isStared": 0,
    "thumbnailURL": "https://www.makeapie.com/ecg-storage/ec_gallery_thumbnail/xDoD2jyIIo.png?v=1629538438044",
    "isCustomThumbnail": 0,
    "builtinTags": [
        "category-work",
        "grid",
        "series-bar",
        "title"
    ],
    "customTags": [],
    "updaterUserName": "A***3"
}