{
    "cid": "xenmWrl8UW",
    "authorUid": "obd-ol7lKxK-eIyyttjOnmyLAeEw1yrmZ0F",
    "authorUserName": "s***a",
    "title": "ChangSha",
    "description": "",
    "latestVersion": 13,
    "alwaysLatest": 0,
    "createTime": "2021-08-22T07:12:32.000Z",
    "lastUpdateTime": "2021-08-30T10:40:39.000Z",
    "auth": 2,
    "uid": "obd-ol7lKxK-eIyyttjOnmyLAeEw1yrmZ0F",
    "publishedVersion": 0,
    "forkFrom": "-",
    "isSpam": 0,
    "version": 13,
    "parentVersion": 12,
    "echartsVersion": "5.1.2",
    "versionCreateTime": "2021-08-30T10:40:39.000Z",
    "html": "",
    "externalScripts": "",
    "updaterUID": "obd-ol7lKxK-eIyyttjOnmyLAeEw1yrmZ0F",
    "theme": "",
    "layout": "",
    "viewCount": 0,
    "userName": "s***a",
    "commentCount": 0,
    "starCount": 0,
    "isStared": 0,
    "thumbnailURL": "https://www.makeapie.com/ecg-storage/ec_gallery_thumbnail/xenmWrl8UW.png?v=1630320039335",
    "isCustomThumbnail": 0,
    "builtinTags": [
        "category-work",
        "grid",
        "series-bar",
        "title"
    ],
    "customTags": [],
    "updaterUserName": "s***a"
}