{
    "cid": "xghbeHC2i4",
    "authorUid": "obd-o2pqduIJs9_1vxwcTdu4Dqw6pZ8Vk61",
    "authorUserName": "跟***哒",
    "title": "4",
    "description": "",
    "latestVersion": 2,
    "alwaysLatest": 0,
    "createTime": "2021-08-24T03:24:40.000Z",
    "lastUpdateTime": "2021-08-30T03:22:36.000Z",
    "auth": 2,
    "uid": "obd-o2pqduIJs9_1vxwcTdu4Dqw6pZ8Vk61",
    "publishedVersion": 0,
    "forkFrom": "-",
    "isSpam": 0,
    "version": 2,
    "parentVersion": 1,
    "echartsVersion": "5.1.2",
    "versionCreateTime": "2021-08-30T03:22:36.000Z",
    "html": "",
    "externalScripts": "",
    "updaterUID": "obd-o2pqduIJs9_1vxwcTdu4Dqw6pZ8Vk61",
    "theme": "dark",
    "layout": "",
    "viewCount": 0,
    "userName": "跟***哒",
    "commentCount": 0,
    "starCount": 1,
    "isStared": 0,
    "thumbnailURL": "https://www.makeapie.com/ecg-storage/ec_gallery_thumbnail/xghbeHC2i4.png?v=1630293756170",
    "isCustomThumbnail": 0,
    "builtinTags": [
        "category-work",
        "legend",
        "series-pie",
        "tooltip"
    ],
    "customTags": [],
    "updaterUserName": "跟***哒"
}