{
    "cid": "xj1M0QsSqD",
    "authorUid": "obd-ol7lKxK-eIyyttjOnmyLAeEw1yrmZ0F",
    "authorUserName": "s***a",
    "title": "CGP_WH_CLUSTERS_20210823",
    "description": "",
    "latestVersion": 3,
    "alwaysLatest": 0,
    "createTime": "2021-08-23T03:59:34.000Z",
    "lastUpdateTime": "2021-08-23T10:23:57.000Z",
    "auth": 2,
    "uid": "obd-ol7lKxK-eIyyttjOnmyLAeEw1yrmZ0F",
    "publishedVersion": 0,
    "forkFrom": "-",
    "isSpam": 0,
    "version": 3,
    "parentVersion": 2,
    "echartsVersion": "5.1.2",
    "versionCreateTime": "2021-08-23T10:23:57.000Z",
    "html": "",
    "externalScripts": "",
    "updaterUID": "obd-ol7lKxK-eIyyttjOnmyLAeEw1yrmZ0F",
    "theme": "",
    "layout": "",
    "viewCount": 0,
    "userName": "s***a",
    "commentCount": 0,
    "starCount": 0,
    "isStared": 0,
    "thumbnailURL": "https://www.makeapie.com/ecg-storage/ec_gallery_thumbnail/xj1M0QsSqD.png?v=1629714237496",
    "isCustomThumbnail": 0,
    "builtinTags": [
        "category-work",
        "grid",
        "series-bar",
        "title"
    ],
    "customTags": [],
    "updaterUserName": "s***a"
}