{
    "cid": "xmdlaGaSzX",
    "authorUid": "obd-ojVP7Y88-3MMOvUMlhW7WV2Eu9V7FDk",
    "authorUserName": "a***3",
    "title": "故障告警次数排序",
    "description": "",
    "latestVersion": 1,
    "alwaysLatest": 0,
    "createTime": "2021-08-24T02:47:39.000Z",
    "lastUpdateTime": "2021-08-24T02:47:39.000Z",
    "auth": 2,
    "uid": "obd-ojVP7Y88-3MMOvUMlhW7WV2Eu9V7FDk",
    "publishedVersion": 0,
    "forkFrom": "-",
    "isSpam": 0,
    "version": 1,
    "parentVersion": -1,
    "echartsVersion": "5.1.2",
    "versionCreateTime": "2021-08-24T02:47:39.000Z",
    "html": "",
    "externalScripts": "",
    "updaterUID": "obd-ojVP7Y88-3MMOvUMlhW7WV2Eu9V7FDk",
    "theme": "",
    "layout": "",
    "viewCount": 0,
    "userName": "a***3",
    "commentCount": 0,
    "starCount": 0,
    "isStared": 0,
    "thumbnailURL": "https://www.makeapie.com/ecg-storage/ec_gallery_thumbnail/xmdlaGaSzX.png?v=1629773259343",
    "isCustomThumbnail": 0,
    "builtinTags": [
        "category-work",
        "grid",
        "markPoint",
        "series-bar",
        "title",
        "toolbox",
        "tooltip"
    ],
    "customTags": [],
    "updaterUserName": "a***3"
}