{
    "cid": "xNnZJyh9xa",
    "authorUid": "bd-1291963670",
    "authorUserName": "7***6",
    "title": "饼图",
    "description": "",
    "latestVersion": 1,
    "alwaysLatest": 0,
    "createTime": "2021-08-23T05:47:11.000Z",
    "lastUpdateTime": "2021-08-23T05:47:11.000Z",
    "auth": 2,
    "uid": "bd-1291963670",
    "publishedVersion": 0,
    "forkFrom": "-",
    "isSpam": 0,
    "version": 1,
    "parentVersion": -1,
    "echartsVersion": "5.1.2",
    "versionCreateTime": "2021-08-23T05:47:11.000Z",
    "html": "",
    "externalScripts": "",
    "updaterUID": "bd-1291963670",
    "theme": "dark",
    "layout": "",
    "viewCount": 0,
    "userName": "7***6",
    "commentCount": 0,
    "starCount": 8,
    "isStared": 0,
    "thumbnailURL": "https://www.makeapie.com/ecg-storage/ec_gallery_thumbnail/xNnZJyh9xa.png?v=1629697631163",
    "isCustomThumbnail": 0,
    "builtinTags": [
        "category-work",
        "legend",
        "series-pie",
        "title"
    ],
    "customTags": [],
    "updaterUserName": "7***6"
}