{
    "cid": "xO_cvWjNfH",
    "authorUid": "obd-oC-tEppqRk80zQ5YDIG0zTWhFeFN83H",
    "authorUserName": "1***6",
    "title": "横坐标/纵坐标加图片",
    "description": "",
    "latestVersion": 2,
    "alwaysLatest": 0,
    "createTime": "2021-08-23T01:08:02.000Z",
    "lastUpdateTime": "2021-08-28T03:03:23.000Z",
    "auth": 2,
    "uid": "obd-oC-tEppqRk80zQ5YDIG0zTWhFeFN83H",
    "publishedVersion": 0,
    "forkFrom": "-",
    "isSpam": 0,
    "version": 2,
    "parentVersion": 1,
    "echartsVersion": "5.1.2",
    "versionCreateTime": "2021-08-28T03:03:23.000Z",
    "html": "",
    "externalScripts": "",
    "updaterUID": "obd-oC-tEppqRk80zQ5YDIG0zTWhFeFN83H",
    "theme": "",
    "layout": "",
    "viewCount": 0,
    "userName": "1***6",
    "commentCount": 0,
    "starCount": 1,
    "isStared": 0,
    "thumbnailURL": "https://www.makeapie.com/ecg-storage/ec_gallery_thumbnail/xO_cvWjNfH.png?v=1630119803476",
    "isCustomThumbnail": 0,
    "builtinTags": [
        "category-work",
        "grid",
        "series-bar",
        "tooltip"
    ],
    "customTags": [],
    "updaterUserName": "1***6"
}