{
    "cid": "xpkO30bd3f",
    "authorUid": "obd-oEgwJ9fSutFIOUr4VLivtSTqckET64S",
    "authorUserName": "猫***8",
    "title": "三角",
    "description": "",
    "latestVersion": 1,
    "alwaysLatest": 0,
    "createTime": "2021-08-23T01:19:12.000Z",
    "lastUpdateTime": "2021-08-23T01:19:12.000Z",
    "auth": 1,
    "uid": "obd-oEgwJ9fSutFIOUr4VLivtSTqckET64S",
    "publishedVersion": 0,
    "forkFrom": "-",
    "isSpam": 0,
    "version": 1,
    "parentVersion": -1,
    "echartsVersion": "5.1.2",
    "versionCreateTime": "2021-08-23T01:19:12.000Z",
    "html": "",
    "externalScripts": "",
    "updaterUID": "obd-oEgwJ9fSutFIOUr4VLivtSTqckET64S",
    "theme": "",
    "layout": "",
    "viewCount": 0,
    "userName": "猫***8",
    "commentCount": 0,
    "starCount": 2,
    "isStared": 0,
    "thumbnailURL": "https://www.makeapie.com/ecg-storage/ec_gallery_thumbnail/xpkO30bd3f.png?v=1629681552933",
    "isCustomThumbnail": 0,
    "builtinTags": [
        "category-work",
        "grid",
        "series-pictorialBar",
        "tooltip"
    ],
    "customTags": [],
    "updaterUserName": "猫***8"
}