{
    "cid": "xR9-8_6ljp",
    "authorUid": "bd-2218016047",
    "authorUserName": "洛***夫",
    "title": "饼柱结合",
    "description": "",
    "latestVersion": 1,
    "alwaysLatest": 0,
    "createTime": "2021-08-21T09:05:06.000Z",
    "lastUpdateTime": "2021-08-21T09:05:06.000Z",
    "auth": 2,
    "uid": "bd-2218016047",
    "publishedVersion": 0,
    "forkFrom": "-",
    "isSpam": 0,
    "version": 1,
    "parentVersion": -1,
    "echartsVersion": "5.1.2",
    "versionCreateTime": "2021-08-21T09:05:06.000Z",
    "html": "",
    "externalScripts": "",
    "updaterUID": "bd-2218016047",
    "theme": "dark",
    "layout": "",
    "viewCount": 0,
    "userName": "洛***夫",
    "commentCount": 0,
    "starCount": 2,
    "isStared": 0,
    "thumbnailURL": "https://www.makeapie.com/ecg-storage/ec_gallery_thumbnail/xR9-8_6ljp.png?v=1629536707083",
    "isCustomThumbnail": 0,
    "builtinTags": [
        "category-work",
        "dataset",
        "dataZoom",
        "grid",
        "legend",
        "series-bar",
        "series-pie",
        "title",
        "tooltip"
    ],
    "customTags": [],
    "updaterUserName": "洛***夫"
}