{
    "cid": "xSLCldVcaq",
    "authorUid": "obd-oj9m3g7nxfCD1Xbc9cAkQlklZHqLQDT",
    "authorUserName": "S***少",
    "title": "USA",
    "description": "Data from www.census.gov",
    "latestVersion": 2,
    "alwaysLatest": 0,
    "createTime": "2021-08-24T01:06:06.000Z",
    "lastUpdateTime": "2021-08-27T03:06:37.000Z",
    "auth": 2,
    "uid": "obd-oj9m3g7nxfCD1Xbc9cAkQlklZHqLQDT",
    "publishedVersion": 0,
    "forkFrom": "-",
    "isSpam": 0,
    "version": 2,
    "parentVersion": 1,
    "echartsVersion": "5.1.2",
    "versionCreateTime": "2021-08-27T03:06:37.000Z",
    "html": "",
    "externalScripts": "",
    "updaterUID": "obd-oj9m3g7nxfCD1Xbc9cAkQlklZHqLQDT",
    "theme": "",
    "layout": "",
    "viewCount": 0,
    "userName": "S***少",
    "commentCount": 0,
    "starCount": 0,
    "isStared": 0,
    "thumbnailURL": "https://www.makeapie.com/ecg-storage/ec_gallery_thumbnail/xSLCldVcaq.png?v=1630033597770",
    "isCustomThumbnail": 0,
    "builtinTags": [
        "category-work",
        "series-map",
        "title",
        "toolbox",
        "tooltip",
        "visualMap"
    ],
    "customTags": [],
    "updaterUserName": "S***少"
}