{
    "cid": "xsROabTQIe",
    "authorUid": "obd-o2pqduIJs9_1vxwcTdu4Dqw6pZ8Vk61",
    "authorUserName": "跟***哒",
    "title": "2",
    "description": "",
    "latestVersion": 1,
    "alwaysLatest": 0,
    "createTime": "2021-08-24T03:13:02.000Z",
    "lastUpdateTime": "2021-08-24T03:13:02.000Z",
    "auth": 2,
    "uid": "obd-o2pqduIJs9_1vxwcTdu4Dqw6pZ8Vk61",
    "publishedVersion": 0,
    "forkFrom": "-",
    "isSpam": 0,
    "version": 1,
    "parentVersion": -1,
    "echartsVersion": "5.1.2",
    "versionCreateTime": "2021-08-24T03:13:03.000Z",
    "html": "",
    "externalScripts": "",
    "updaterUID": "obd-o2pqduIJs9_1vxwcTdu4Dqw6pZ8Vk61",
    "theme": "",
    "layout": "",
    "viewCount": 0,
    "userName": "跟***哒",
    "commentCount": 0,
    "starCount": 1,
    "isStared": 0,
    "thumbnailURL": "https://www.makeapie.com/ecg-storage/ec_gallery_thumbnail/xsROabTQIe.png?v=1629774783164",
    "isCustomThumbnail": 0,
    "builtinTags": [
        "category-work",
        "grid",
        "series-bar",
        "tooltip"
    ],
    "customTags": [],
    "updaterUserName": "跟***哒"
}