{
    "cid": "xwrkvUmZER",
    "authorUid": "bd-756105392",
    "authorUserName": "小***名",
    "title": "人物画像",
    "description": "人物关系树",
    "latestVersion": 1,
    "alwaysLatest": 0,
    "createTime": "2021-08-23T13:02:50.000Z",
    "lastUpdateTime": "2021-08-23T13:02:50.000Z",
    "auth": 2,
    "uid": "bd-756105392",
    "publishedVersion": 0,
    "forkFrom": "-",
    "isSpam": 0,
    "version": 1,
    "parentVersion": -1,
    "echartsVersion": "5.1.2",
    "versionCreateTime": "2021-08-23T13:02:50.000Z",
    "html": "",
    "externalScripts": "",
    "updaterUID": "bd-756105392",
    "theme": "",
    "layout": "",
    "viewCount": 0,
    "userName": "小***名",
    "commentCount": 0,
    "starCount": 2,
    "isStared": 0,
    "thumbnailURL": "https://www.makeapie.com/ecg-storage/ec_gallery_thumbnail/xwrkvUmZER.png?v=1629723770924",
    "isCustomThumbnail": 0,
    "builtinTags": [
        "category-work",
        "series-tree",
        "tooltip"
    ],
    "customTags": [],
    "updaterUserName": "小***名"
}