{
    "cid": "xx1IbTzZQy",
    "authorUid": "obd-oA55SP5RtL-Zs0CVhRRqu8sr8qTfD7r",
    "authorUserName": "是***爷",
    "title": "仪表盘",
    "description": "",
    "latestVersion": 1,
    "alwaysLatest": 0,
    "createTime": "2021-08-24T02:31:11.000Z",
    "lastUpdateTime": "2021-08-24T02:31:11.000Z",
    "auth": 1,
    "uid": "obd-oA55SP5RtL-Zs0CVhRRqu8sr8qTfD7r",
    "publishedVersion": 0,
    "forkFrom": "-",
    "isSpam": 0,
    "version": 1,
    "parentVersion": -1,
    "echartsVersion": "5.1.2",
    "versionCreateTime": "2021-08-24T02:31:11.000Z",
    "html": "",
    "externalScripts": "",
    "updaterUID": "obd-oA55SP5RtL-Zs0CVhRRqu8sr8qTfD7r",
    "theme": "",
    "layout": "",
    "viewCount": 0,
    "userName": "是***爷",
    "commentCount": 0,
    "starCount": 2,
    "isStared": 0,
    "thumbnailURL": "https://www.makeapie.com/ecg-storage/ec_gallery_thumbnail/xx1IbTzZQy.png?v=1629772271299",
    "isCustomThumbnail": 0,
    "builtinTags": [
        "category-work",
        "graphic",
        "legend",
        "series-gauge",
        "series-pie",
        "title"
    ],
    "customTags": [],
    "updaterUserName": "是***爷"
}