{
    "cid": "xxUAap5tVX",
    "authorUid": "bd-756105392",
    "authorUserName": "小***名",
    "title": "热词气泡（未完成）",
    "description": "（进行中）",
    "latestVersion": 1,
    "alwaysLatest": 0,
    "createTime": "2021-08-23T16:13:53.000Z",
    "lastUpdateTime": "2021-08-23T16:13:53.000Z",
    "auth": 2,
    "uid": "bd-756105392",
    "publishedVersion": 0,
    "forkFrom": "-",
    "isSpam": 0,
    "version": 1,
    "parentVersion": -1,
    "echartsVersion": "5.1.2",
    "versionCreateTime": "2021-08-23T16:13:53.000Z",
    "html": "",
    "externalScripts": "",
    "updaterUID": "bd-756105392",
    "theme": "",
    "layout": "",
    "viewCount": 0,
    "userName": "小***名",
    "commentCount": 0,
    "starCount": 1,
    "isStared": 0,
    "thumbnailURL": "https://www.makeapie.com/ecg-storage/ec_gallery_thumbnail/xxUAap5tVX.png?v=1629735233897",
    "isCustomThumbnail": 0,
    "builtinTags": [
        "category-work",
        "series-graph",
        "tooltip"
    ],
    "customTags": [],
    "updaterUserName": "小***名"
}