{
    "cid": "xXY_71qLnf",
    "authorUid": "obd-oFuGckFOV92nzK_kcCLtu6GHy-wWX5u",
    "authorUserName": "a***4",
    "title": "堆叠柱图",
    "description": "",
    "latestVersion": 1,
    "alwaysLatest": 0,
    "createTime": "2021-08-24T02:30:12.000Z",
    "lastUpdateTime": "2021-08-24T02:30:12.000Z",
    "auth": 2,
    "uid": "obd-oFuGckFOV92nzK_kcCLtu6GHy-wWX5u",
    "publishedVersion": 0,
    "forkFrom": "-",
    "isSpam": 0,
    "version": 1,
    "parentVersion": -1,
    "echartsVersion": "5.1.2",
    "versionCreateTime": "2021-08-24T02:30:12.000Z",
    "html": "",
    "externalScripts": "",
    "updaterUID": "obd-oFuGckFOV92nzK_kcCLtu6GHy-wWX5u",
    "theme": "",
    "layout": "",
    "viewCount": 0,
    "userName": "a***4",
    "commentCount": 0,
    "starCount": 6,
    "isStared": 0,
    "thumbnailURL": "https://www.makeapie.com/ecg-storage/ec_gallery_thumbnail/xXY_71qLnf.png?v=1629772213082",
    "isCustomThumbnail": 0,
    "builtinTags": [
        "category-work",
        "grid",
        "legend",
        "series-bar",
        "title",
        "tooltip"
    ],
    "customTags": [],
    "updaterUserName": "a***4"
}