{
    "cid": "x0e5J6mZIu",
    "authorUid": "bd-3553659272",
    "authorUserName": "你***来",
    "title": "旋转3d 饼图",
    "description": "313123",
    "latestVersion": 1,
    "alwaysLatest": 1,
    "createTime": "2020-11-23T10:58:05.000Z",
    "lastUpdateTime": "2020-11-23T10:58:05.000Z",
    "auth": 2,
    "uid": "bd-3553659272",
    "publishedVersion": 0,
    "forkFrom": "-",
    "isSpam": 0,
    "version": 1,
    "parentVersion": -1,
    "echartsVersion": "4.8.0",
    "versionCreateTime": "2020-11-23T10:58:05.000Z",
    "html": "",
    "externalScripts": "https://echarts.baidu.com/resource/echarts-gl-latest/dist/echarts-gl.min.js",
    "updaterUID": "bd-3553659272",
    "theme": "",
    "layout": "",
    "viewCount": 103,
    "userName": "你***来",
    "commentCount": 0,
    "starCount": 0,
    "isStared": 0,
    "thumbnailURL": "https://www.makeapie.com/ecg-storage/ec_gallery_thumbnail/x0e5J6mZIu.png?v=1606129085662",
    "isCustomThumbnail": 0,
    "builtinTags": [
        "category-work",
        "grid3D",
        "legend",
        "series-surface",
        "tooltip"
    ],
    "customTags": [],
    "updaterUserName": "你***来"
}