{
    "cid": "x8EEz50dss",
    "authorUid": "bd-439334344",
    "authorUserName": "坏***4",
    "title": "双向三柱",
    "description": "",
    "latestVersion": 1,
    "alwaysLatest": 1,
    "createTime": "2020-11-24T08:42:02.000Z",
    "lastUpdateTime": "2020-11-24T08:42:02.000Z",
    "auth": 2,
    "uid": "bd-439334344",
    "publishedVersion": 0,
    "forkFrom": "-",
    "isSpam": 0,
    "version": 1,
    "parentVersion": -1,
    "echartsVersion": "4.8.0",
    "versionCreateTime": "2020-11-24T08:42:02.000Z",
    "html": "",
    "externalScripts": "",
    "updaterUID": "bd-439334344",
    "theme": "",
    "layout": "",
    "viewCount": 129,
    "userName": "坏***4",
    "commentCount": 0,
    "starCount": 4,
    "isStared": 0,
    "thumbnailURL": "https://www.makeapie.com/ecg-storage/ec_gallery_thumbnail/x8EEz50dss.png?v=1606207322595",
    "isCustomThumbnail": 1,
    "builtinTags": [
        "category-work",
        "dataset",
        "grid",
        "series-bar",
        "timeline",
        "title",
        "tooltip"
    ],
    "customTags": [],
    "updaterUserName": "坏***4"
}