{
    "cid": "x_mukkQZ8q",
    "authorUid": "obd-oPLAq_h1KE47z9Q1vg0SPDXJ72Ap59q",
    "authorUserName": "H***n",
    "title": "渐变投影柱状图",
    "description": "记录下渐变投影类型的柱状图",
    "latestVersion": 1,
    "alwaysLatest": 1,
    "createTime": "2020-11-24T05:55:16.000Z",
    "lastUpdateTime": "2020-11-24T05:55:16.000Z",
    "auth": 2,
    "uid": "obd-oPLAq_h1KE47z9Q1vg0SPDXJ72Ap59q",
    "publishedVersion": 0,
    "forkFrom": "-",
    "isSpam": 0,
    "version": 1,
    "parentVersion": -1,
    "echartsVersion": "4.8.0",
    "versionCreateTime": "2020-11-24T05:55:16.000Z",
    "html": "",
    "externalScripts": "",
    "updaterUID": "obd-oPLAq_h1KE47z9Q1vg0SPDXJ72Ap59q",
    "theme": "",
    "layout": "",
    "viewCount": 78,
    "userName": "H***n",
    "commentCount": 0,
    "starCount": 0,
    "isStared": 0,
    "thumbnailURL": "https://www.makeapie.com/ecg-storage/ec_gallery_thumbnail/x_mukkQZ8q.png?v=1606197316507",
    "isCustomThumbnail": 0,
    "builtinTags": [
        "category-work",
        "grid",
        "series-bar",
        "tooltip"
    ],
    "customTags": [],
    "updaterUserName": "H***n"
}