{
    "cid": "xCO4kP9rrB",
    "authorUid": "obd-oC-hJTVsHyT-vo_I9vqLbnICgMo5h3t",
    "authorUserName": "f***x",
    "title": "2012",
    "description": "",
    "latestVersion": 7,
    "alwaysLatest": 1,
    "createTime": "2020-11-24T07:09:20.000Z",
    "lastUpdateTime": "2020-11-24T07:09:20.000Z",
    "auth": 2,
    "uid": "obd-oC-hJTVsHyT-vo_I9vqLbnICgMo5h3t",
    "publishedVersion": 0,
    "forkFrom": "-",
    "isSpam": 0,
    "version": 7,
    "parentVersion": 6,
    "echartsVersion": "4.8.0",
    "versionCreateTime": "2020-11-24T09:41:02.000Z",
    "html": "",
    "externalScripts": "",
    "updaterUID": "obd-oC-hJTVsHyT-vo_I9vqLbnICgMo5h3t",
    "theme": "",
    "layout": "",
    "viewCount": 344,
    "userName": "f***x",
    "commentCount": 0,
    "starCount": 4,
    "isStared": 0,
    "thumbnailURL": "https://www.makeapie.com/ecg-storage/ec_gallery_thumbnail/xCO4kP9rrB.png?v=1606210862792",
    "isCustomThumbnail": 0,
    "builtinTags": [
        "category-work",
        "dataZoom",
        "geo",
        "grid",
        "series-line",
        "series-scatter",
        "timeline",
        "title",
        "toolbox",
        "tooltip",
        "visualMap"
    ],
    "customTags": [
        "bubble",
        "scatter",
        "timeline"
    ],
    "updaterUserName": "f***x"
}