{
    "cid": "xeoIh3HXx5",
    "authorUid": "obd-o28uNBGf2a_0MhZqALrghRIfHvOwyBC",
    "authorUserName": "红***斯",
    "title": "日历图",
    "description": "",
    "latestVersion": 1,
    "alwaysLatest": 1,
    "createTime": "2020-11-24T06:22:35.000Z",
    "lastUpdateTime": "2020-11-24T06:25:21.000Z",
    "auth": 2,
    "uid": "obd-o28uNBGf2a_0MhZqALrghRIfHvOwyBC",
    "publishedVersion": 0,
    "forkFrom": "-",
    "isSpam": 0,
    "version": 1,
    "parentVersion": -1,
    "echartsVersion": "4.8.0",
    "versionCreateTime": "2020-11-24T06:22:35.000Z",
    "html": "",
    "externalScripts": "",
    "updaterUID": "obd-o28uNBGf2a_0MhZqALrghRIfHvOwyBC",
    "theme": "default",
    "layout": "",
    "viewCount": 335,
    "userName": "红***斯",
    "commentCount": 0,
    "starCount": 0,
    "isStared": 0,
    "thumbnailURL": "https://www.makeapie.com/ecg-storage/ec_gallery_thumbnail/xeoIh3HXx5.png?v=1606198955230",
    "isCustomThumbnail": 0,
    "builtinTags": [],
    "customTags": [],
    "updaterUserName": "红***斯"
}