{
    "cid": "xgKW_0lWRj",
    "authorUid": "obd-oEc7DbUKqNVqRGdQ0r0krjYIVAQgj4I",
    "authorUserName": "一***心",
    "title": "1-9饼图占比",
    "description": "",
    "latestVersion": 1,
    "alwaysLatest": 1,
    "createTime": "2020-11-23T03:10:59.000Z",
    "lastUpdateTime": "2020-11-23T03:10:59.000Z",
    "auth": 2,
    "uid": "obd-oEc7DbUKqNVqRGdQ0r0krjYIVAQgj4I",
    "publishedVersion": 0,
    "forkFrom": "-",
    "isSpam": 0,
    "version": 1,
    "parentVersion": -1,
    "echartsVersion": "4.8.0",
    "versionCreateTime": "2020-11-23T03:10:59.000Z",
    "html": "",
    "externalScripts": "",
    "updaterUID": "obd-oEc7DbUKqNVqRGdQ0r0krjYIVAQgj4I",
    "theme": "",
    "layout": "",
    "viewCount": 129,
    "userName": "一***心",
    "commentCount": 0,
    "starCount": 2,
    "isStared": 0,
    "thumbnailURL": "https://www.makeapie.com/ecg-storage/ec_gallery_thumbnail/xgKW_0lWRj.png?v=1606101060041",
    "isCustomThumbnail": 0,
    "builtinTags": [
        "category-work",
        "grid",
        "series-pie"
    ],
    "customTags": [],
    "updaterUserName": "一***心"
}