{
    "cid": "xOGMW2A4jx",
    "authorUid": "bd-2014101758",
    "authorUserName": "z***3",
    "title": "测试图表",
    "description": "",
    "latestVersion": 2,
    "alwaysLatest": 1,
    "createTime": "2020-11-24T04:23:33.000Z",
    "lastUpdateTime": "2020-11-24T04:23:33.000Z",
    "auth": 2,
    "uid": "bd-2014101758",
    "publishedVersion": 0,
    "forkFrom": "-",
    "isSpam": 0,
    "version": 2,
    "parentVersion": 1,
    "echartsVersion": "4.8.0",
    "versionCreateTime": "2020-11-24T04:24:57.000Z",
    "html": "",
    "externalScripts": "",
    "updaterUID": "bd-2014101758",
    "theme": "",
    "layout": "",
    "viewCount": 22,
    "userName": "z***3",
    "commentCount": 0,
    "starCount": 0,
    "isStared": 0,
    "thumbnailURL": "https://www.makeapie.com/ecg-storage/ec_gallery_thumbnail/xOGMW2A4jx.png?v=1606191897328",
    "isCustomThumbnail": 0,
    "builtinTags": [
        "category-work",
        "grid",
        "legend",
        "series-bar",
        "title"
    ],
    "customTags": [],
    "updaterUserName": "z***3"
}