{
    "cid": "xTdBYZRkR9",
    "authorUid": "bd-3214593594",
    "authorUserName": "杨***6",
    "title": "柱形图与环装图",
    "description": "柱形图与环装图",
    "latestVersion": 1,
    "alwaysLatest": 1,
    "createTime": "2020-11-24T06:06:15.000Z",
    "lastUpdateTime": "2020-11-24T06:06:15.000Z",
    "auth": 2,
    "uid": "bd-3214593594",
    "publishedVersion": 0,
    "forkFrom": "-",
    "isSpam": 0,
    "version": 1,
    "parentVersion": -1,
    "echartsVersion": "4.8.0",
    "versionCreateTime": "2020-11-24T06:06:15.000Z",
    "html": "",
    "externalScripts": "",
    "updaterUID": "bd-3214593594",
    "theme": "",
    "layout": "",
    "viewCount": 77,
    "userName": "杨***6",
    "commentCount": 0,
    "starCount": 2,
    "isStared": 0,
    "thumbnailURL": "https://www.makeapie.com/ecg-storage/ec_gallery_thumbnail/xTdBYZRkR9.png?v=1606197976019",
    "isCustomThumbnail": 0,
    "builtinTags": [
        "category-work",
        "grid",
        "series-bar",
        "series-pie",
        "title"
    ],
    "customTags": [],
    "updaterUserName": "杨***6"
}