{
    "cid": "xZAzwknRBr",
    "authorUid": "obd-oD9Fe5SPJ5ahswit3fbUAHUllPaB113",
    "authorUserName": "纪***8",
    "title": "纪小琳她爸爸",
    "description": "透明背景折线图",
    "latestVersion": 6,
    "alwaysLatest": 1,
    "createTime": "2020-11-23T07:46:36.000Z",
    "lastUpdateTime": "2021-12-28T07:55:07.000Z",
    "auth": 1,
    "uid": "obd-oD9Fe5SPJ5ahswit3fbUAHUllPaB113",
    "publishedVersion": 0,
    "forkFrom": "-",
    "isSpam": 0,
    "version": 6,
    "parentVersion": 5,
    "echartsVersion": "4.9.0",
    "versionCreateTime": "2021-12-28T07:55:07.000Z",
    "html": "",
    "externalScripts": "",
    "updaterUID": "obd-o2aqOzvRjkiF5uKgNw9Itr_AYKj4d6L",
    "theme": "dark",
    "layout": "",
    "viewCount": 293,
    "userName": "纪***8",
    "commentCount": 0,
    "starCount": 5,
    "isStared": 0,
    "thumbnailURL": "https://www.makeapie.com/ecg-storage/ec_gallery_thumbnail/xZAzwknRBr.png?v=1640678107659",
    "isCustomThumbnail": 0,
    "builtinTags": [
        "category-work",
        "grid",
        "legend",
        "series-line",
        "tooltip"
    ],
    "customTags": [
        "折线图",
        "透明背景"
    ],
    "updaterUserName": "小***天"
}