{
    "cid": "x0-ah9I-8B",
    "authorUid": "bd-1513233592",
    "authorUserName": "敏***落",
    "title": "水滴图",
    "description": "",
    "latestVersion": 2,
    "alwaysLatest": 1,
    "createTime": "2020-11-30T09:27:01.000Z",
    "lastUpdateTime": "2020-11-30T09:27:01.000Z",
    "auth": 2,
    "uid": "bd-1513233592",
    "publishedVersion": 0,
    "forkFrom": "-",
    "isSpam": 0,
    "version": 2,
    "parentVersion": 1,
    "echartsVersion": "4.8.0",
    "versionCreateTime": "2020-12-04T01:55:53.000Z",
    "html": "",
    "externalScripts": "https://echarts.baidu.com/resource/echarts-liquidfill-latest/dist/echarts-liquidfill.min.js",
    "updaterUID": "bd-1513233592",
    "theme": "dark",
    "layout": "",
    "viewCount": 89,
    "userName": "敏***落",
    "commentCount": 0,
    "starCount": 0,
    "isStared": 0,
    "thumbnailURL": "https://www.makeapie.com/ecg-storage/ec_gallery_thumbnail/x0-ah9I-8B.png?v=1607046953532",
    "isCustomThumbnail": 0,
    "builtinTags": [
        "category-work",
        "series-liquidFill"
    ],
    "customTags": [],
    "updaterUserName": "敏***落"
}