{
    "cid": "x0_XaVQqPu",
    "authorUid": "obd-oNtFYK2yJiRtj5gkanWTbzwqbh3abCn",
    "authorUserName": "愤***师",
    "title": "柱图 自动轮播 自动判断最大最小值",
    "description": "",
    "latestVersion": 2,
    "alwaysLatest": 1,
    "createTime": "2020-12-01T06:10:25.000Z",
    "lastUpdateTime": "2020-12-01T06:10:25.000Z",
    "auth": 2,
    "uid": "obd-oNtFYK2yJiRtj5gkanWTbzwqbh3abCn",
    "publishedVersion": 0,
    "forkFrom": "-",
    "isSpam": 0,
    "version": 2,
    "parentVersion": 1,
    "echartsVersion": "4.8.0",
    "versionCreateTime": "2020-12-01T06:12:06.000Z",
    "html": "",
    "externalScripts": "",
    "updaterUID": "obd-oNtFYK2yJiRtj5gkanWTbzwqbh3abCn",
    "theme": "dark",
    "layout": "",
    "viewCount": 194,
    "userName": "愤***师",
    "commentCount": 0,
    "starCount": 1,
    "isStared": 0,
    "thumbnailURL": "https://www.makeapie.com/ecg-storage/ec_gallery_thumbnail/x0_XaVQqPu.png?v=1606803126441",
    "isCustomThumbnail": 0,
    "builtinTags": [
        "category-work",
        "grid",
        "series-bar",
        "timeline",
        "title",
        "tooltip"
    ],
    "customTags": [],
    "updaterUserName": "愤***师"
}