{
    "cid": "x1tPj4-YeU",
    "authorUid": "obd-o2mg74FfwyHhXevgAXUSg1re_wFg1B8",
    "authorUserName": "l***6",
    "title": "对比折线图",
    "description": "实际和计划对比，并显示自定义分割点日期",
    "latestVersion": 1,
    "alwaysLatest": 1,
    "createTime": "2020-12-01T02:17:33.000Z",
    "lastUpdateTime": "2020-12-01T02:17:33.000Z",
    "auth": 1,
    "uid": "obd-o2mg74FfwyHhXevgAXUSg1re_wFg1B8",
    "publishedVersion": 0,
    "forkFrom": "-",
    "isSpam": 0,
    "version": 1,
    "parentVersion": -1,
    "echartsVersion": "4.8.0",
    "versionCreateTime": "2020-12-01T02:17:33.000Z",
    "html": "",
    "externalScripts": "",
    "updaterUID": "obd-o2mg74FfwyHhXevgAXUSg1re_wFg1B8",
    "theme": "",
    "layout": "",
    "viewCount": 137,
    "userName": "l***6",
    "commentCount": 0,
    "starCount": 4,
    "isStared": 0,
    "thumbnailURL": "https://www.makeapie.com/ecg-storage/ec_gallery_thumbnail/x1tPj4-YeU.png?v=1606789053529",
    "isCustomThumbnail": 0,
    "builtinTags": [
        "category-work",
        "grid",
        "legend",
        "markLine",
        "series-line",
        "tooltip"
    ],
    "customTags": [],
    "updaterUserName": "l***6"
}