{
    "cid": "x3uNS9Q4fy",
    "authorUid": "obd-o2mg74FfwyHhXevgAXUSg1re_wFg1B8",
    "authorUserName": "l***6",
    "title": "堆叠柱状图",
    "description": "",
    "latestVersion": 1,
    "alwaysLatest": 1,
    "createTime": "2020-12-01T03:18:31.000Z",
    "lastUpdateTime": "2020-12-01T03:18:31.000Z",
    "auth": 1,
    "uid": "obd-o2mg74FfwyHhXevgAXUSg1re_wFg1B8",
    "publishedVersion": 0,
    "forkFrom": "-",
    "isSpam": 0,
    "version": 1,
    "parentVersion": -1,
    "echartsVersion": "4.8.0",
    "versionCreateTime": "2020-12-01T03:18:31.000Z",
    "html": "",
    "externalScripts": "",
    "updaterUID": "obd-o2mg74FfwyHhXevgAXUSg1re_wFg1B8",
    "theme": "",
    "layout": "",
    "viewCount": 101,
    "userName": "l***6",
    "commentCount": 0,
    "starCount": 0,
    "isStared": 0,
    "thumbnailURL": "https://www.makeapie.com/ecg-storage/ec_gallery_thumbnail/x3uNS9Q4fy.png?v=1606792711447",
    "isCustomThumbnail": 0,
    "builtinTags": [
        "category-work",
        "grid",
        "legend",
        "series-bar",
        "tooltip"
    ],
    "customTags": [],
    "updaterUserName": "l***6"
}