{
    "cid": "x3VsGxXj6O",
    "authorUid": "obd-o-bzAfSwxWqsT7y36euh1uDf1lIL6AS",
    "authorUserName": "s***4",
    "title": "Awesome Chart",
    "description": "",
    "latestVersion": 1,
    "alwaysLatest": 1,
    "createTime": "2020-11-30T07:13:46.000Z",
    "lastUpdateTime": "2020-11-30T07:13:46.000Z",
    "auth": 2,
    "uid": "obd-o-bzAfSwxWqsT7y36euh1uDf1lIL6AS",
    "publishedVersion": 0,
    "forkFrom": "-",
    "isSpam": 0,
    "version": 1,
    "parentVersion": -1,
    "echartsVersion": "4.8.0",
    "versionCreateTime": "2020-11-30T07:13:46.000Z",
    "html": "",
    "externalScripts": "",
    "updaterUID": "obd-o-bzAfSwxWqsT7y36euh1uDf1lIL6AS",
    "theme": "",
    "layout": "",
    "viewCount": 10,
    "userName": "s***4",
    "commentCount": 0,
    "starCount": 0,
    "isStared": 0,
    "thumbnailURL": "https://www.makeapie.com/ecg-storage/ec_gallery_thumbnail/x3VsGxXj6O.png?v=1606720426937",
    "isCustomThumbnail": 0,
    "builtinTags": [
        "category-work",
        "grid",
        "series-line",
        "title"
    ],
    "customTags": [],
    "updaterUserName": "s***4"
}