{
    "cid": "xf_MRO0sOp",
    "authorUid": "obd-oFGxphhzuvF4fw-Y9Ielo5xVg9IHf5G",
    "authorUserName": "所***生",
    "title": "漏斗图",
    "description": "",
    "latestVersion": 1,
    "alwaysLatest": 1,
    "createTime": "2020-12-01T06:12:22.000Z",
    "lastUpdateTime": "2020-12-01T06:12:22.000Z",
    "auth": 2,
    "uid": "obd-oFGxphhzuvF4fw-Y9Ielo5xVg9IHf5G",
    "publishedVersion": 0,
    "forkFrom": "-",
    "isSpam": 0,
    "version": 1,
    "parentVersion": -1,
    "echartsVersion": "4.8.0",
    "versionCreateTime": "2020-12-01T06:12:22.000Z",
    "html": "",
    "externalScripts": "",
    "updaterUID": "obd-oFGxphhzuvF4fw-Y9Ielo5xVg9IHf5G",
    "theme": "",
    "layout": "",
    "viewCount": 331,
    "userName": "所***生",
    "commentCount": 0,
    "starCount": 0,
    "isStared": 0,
    "thumbnailURL": "https://www.makeapie.com/ecg-storage/ec_gallery_thumbnail/xf_MRO0sOp.png?v=1606803142973",
    "isCustomThumbnail": 0,
    "builtinTags": [
        "category-work",
        "series-funnel"
    ],
    "customTags": [],
    "updaterUserName": "所***生"
}