{
    "cid": "xg67OWrKgG",
    "authorUid": "obd-oAY1Jf-qElATcftwLV55XCnWFvxtL7t",
    "authorUserName": "一***a",
    "title": "普通折线图",
    "description": "普通折线图",
    "latestVersion": 1,
    "alwaysLatest": 1,
    "createTime": "2020-11-30T10:37:25.000Z",
    "lastUpdateTime": "2020-11-30T10:37:25.000Z",
    "auth": 2,
    "uid": "obd-oAY1Jf-qElATcftwLV55XCnWFvxtL7t",
    "publishedVersion": 0,
    "forkFrom": "-",
    "isSpam": 0,
    "version": 1,
    "parentVersion": -1,
    "echartsVersion": "4.8.0",
    "versionCreateTime": "2020-11-30T10:37:25.000Z",
    "html": "",
    "externalScripts": "",
    "updaterUID": "obd-oAY1Jf-qElATcftwLV55XCnWFvxtL7t",
    "theme": "",
    "layout": "",
    "viewCount": 13,
    "userName": "一***a",
    "commentCount": 0,
    "starCount": 0,
    "isStared": 0,
    "thumbnailURL": "https://www.makeapie.com/ecg-storage/ec_gallery_thumbnail/xg67OWrKgG.png?v=1606732645272",
    "isCustomThumbnail": 0,
    "builtinTags": [
        "category-work",
        "grid",
        "series-line",
        "title"
    ],
    "customTags": [],
    "updaterUserName": "一***a"
}