{
    "cid": "xGgnir8HDj",
    "authorUid": "obd-oEg7g4y1u_MfSNegYdeL204jRziV14u",
    "authorUserName": "_***u",
    "title": "浪向0°,不同浪高下航速轴功率",
    "description": "测试数据",
    "latestVersion": 1,
    "alwaysLatest": 1,
    "createTime": "2020-11-30T02:55:00.000Z",
    "lastUpdateTime": "2020-11-30T02:55:00.000Z",
    "auth": 2,
    "uid": "obd-oEg7g4y1u_MfSNegYdeL204jRziV14u",
    "publishedVersion": 0,
    "forkFrom": "-",
    "isSpam": 0,
    "version": 1,
    "parentVersion": -1,
    "echartsVersion": "4.8.0",
    "versionCreateTime": "2020-11-30T02:55:00.000Z",
    "html": "",
    "externalScripts": "",
    "updaterUID": "obd-oEg7g4y1u_MfSNegYdeL204jRziV14u",
    "theme": "dark",
    "layout": "",
    "viewCount": 90,
    "userName": "_***u",
    "commentCount": 0,
    "starCount": 0,
    "isStared": 0,
    "thumbnailURL": "https://www.makeapie.com/ecg-storage/ec_gallery_thumbnail/xGgnir8HDj.png?v=1606704900685",
    "isCustomThumbnail": 0,
    "builtinTags": [
        "category-work",
        "grid",
        "legend",
        "series-line",
        "timeline",
        "title",
        "tooltip"
    ],
    "customTags": [],
    "updaterUserName": "_***u"
}