{
    "cid": "xk_WdYbul7",
    "authorUid": "obd-otaAfgIp_bpJM4KWJkvID1rr6cybb8U",
    "authorUserName": "d***懂",
    "title": "渐变折线柱状图",
    "description": "常用渐变折线柱状图，带显示tooltip定时器",
    "latestVersion": 2,
    "alwaysLatest": 1,
    "createTime": "2020-11-30T07:41:24.000Z",
    "lastUpdateTime": "2020-11-30T07:41:24.000Z",
    "auth": 2,
    "uid": "obd-otaAfgIp_bpJM4KWJkvID1rr6cybb8U",
    "publishedVersion": 0,
    "forkFrom": "-",
    "isSpam": 0,
    "version": 2,
    "parentVersion": 1,
    "echartsVersion": "4.8.0",
    "versionCreateTime": "2020-12-09T05:50:10.000Z",
    "html": "",
    "externalScripts": "",
    "updaterUID": "obd-otaAfgIp_bpJM4KWJkvID1rr6cybb8U",
    "theme": "",
    "layout": "",
    "viewCount": 32,
    "userName": "d***懂",
    "commentCount": 0,
    "starCount": 0,
    "isStared": 0,
    "thumbnailURL": "https://www.makeapie.com/ecg-storage/ec_gallery_thumbnail/xk_WdYbul7.png?v=1607493010784",
    "isCustomThumbnail": 0,
    "builtinTags": [
        "category-work",
        "grid",
        "legend",
        "series-bar",
        "series-line",
        "title",
        "toolbox",
        "tooltip"
    ],
    "customTags": [],
    "updaterUserName": "d***懂"
}