{
    "cid": "xoYYi-bsZ_",
    "authorUid": "obd-oM38E-fFdk95w31elliR2xN-UIRBp2P",
    "authorUserName": "仰***鬙",
    "title": "custom - 立体柱状图",
    "description": "",
    "latestVersion": 1,
    "alwaysLatest": 1,
    "createTime": "2020-11-30T09:23:14.000Z",
    "lastUpdateTime": "2020-11-30T09:23:14.000Z",
    "auth": 2,
    "uid": "obd-oM38E-fFdk95w31elliR2xN-UIRBp2P",
    "publishedVersion": 0,
    "forkFrom": "-",
    "isSpam": 0,
    "version": 1,
    "parentVersion": -1,
    "echartsVersion": "4.8.0",
    "versionCreateTime": "2020-11-30T09:23:14.000Z",
    "html": "",
    "externalScripts": "",
    "updaterUID": "obd-oM38E-fFdk95w31elliR2xN-UIRBp2P",
    "theme": "",
    "layout": "",
    "viewCount": 91,
    "userName": "仰***鬙",
    "commentCount": 0,
    "starCount": 0,
    "isStared": 0,
    "thumbnailURL": "https://www.makeapie.com/ecg-storage/ec_gallery_thumbnail/xoYYi-bsZ_.png?v=1606728194275",
    "isCustomThumbnail": 0,
    "builtinTags": [
        "category-work",
        "grid",
        "series-bar",
        "series-custom",
        "tooltip"
    ],
    "customTags": [],
    "updaterUserName": "仰***鬙"
}