{
    "cid": "xUa7KJkjbY",
    "authorUid": "bd-1275590612",
    "authorUserName": "n***2",
    "title": "圆环图2",
    "description": "",
    "latestVersion": 3,
    "alwaysLatest": 1,
    "createTime": "2020-11-30T11:02:36.000Z",
    "lastUpdateTime": "2020-11-30T11:02:36.000Z",
    "auth": 1,
    "uid": "bd-1275590612",
    "publishedVersion": 0,
    "forkFrom": "-",
    "isSpam": 0,
    "version": 3,
    "parentVersion": 2,
    "echartsVersion": "4.8.0",
    "versionCreateTime": "2020-12-02T07:35:38.000Z",
    "html": "",
    "externalScripts": "",
    "updaterUID": "bd-1275590612",
    "theme": "",
    "layout": "",
    "viewCount": 139,
    "userName": "n***2",
    "commentCount": 0,
    "starCount": 0,
    "isStared": 0,
    "thumbnailURL": "https://www.makeapie.com/ecg-storage/ec_gallery_thumbnail/xUa7KJkjbY.png?v=1606894538651",
    "isCustomThumbnail": 0,
    "builtinTags": [
        "category-work",
        "legend",
        "series-gauge",
        "series-pie",
        "tooltip"
    ],
    "customTags": [],
    "updaterUserName": "n***2"
}