{
    "cid": "xxhYEWWEGk",
    "authorUid": "obd-oM38E-fFdk95w31elliR2xN-UIRBp2P",
    "authorUserName": "仰***鬙",
    "title": "桑基图",
    "description": "",
    "latestVersion": 1,
    "alwaysLatest": 1,
    "createTime": "2020-11-30T09:35:18.000Z",
    "lastUpdateTime": "2020-11-30T09:35:18.000Z",
    "auth": 2,
    "uid": "obd-oM38E-fFdk95w31elliR2xN-UIRBp2P",
    "publishedVersion": 0,
    "forkFrom": "-",
    "isSpam": 0,
    "version": 1,
    "parentVersion": -1,
    "echartsVersion": "4.8.0",
    "versionCreateTime": "2020-11-30T09:35:18.000Z",
    "html": "",
    "externalScripts": "",
    "updaterUID": "obd-oM38E-fFdk95w31elliR2xN-UIRBp2P",
    "theme": "",
    "layout": "",
    "viewCount": 207,
    "userName": "仰***鬙",
    "commentCount": 0,
    "starCount": 2,
    "isStared": 0,
    "thumbnailURL": "https://www.makeapie.com/ecg-storage/ec_gallery_thumbnail/xxhYEWWEGk.png?v=1606728919118",
    "isCustomThumbnail": 0,
    "builtinTags": [
        "category-work",
        "series-sankey"
    ],
    "customTags": [],
    "updaterUserName": "仰***鬙"
}