{
    "cid": "xY18a7QfnA",
    "authorUid": "obd-o2aLi8f118VFtQiPCGlu59gv-o5xn6d",
    "authorUserName": "漱***0",
    "title": "柱形占比图",
    "description": "",
    "latestVersion": 2,
    "alwaysLatest": 1,
    "createTime": "2020-11-30T14:48:19.000Z",
    "lastUpdateTime": "2020-11-30T14:48:19.000Z",
    "auth": 2,
    "uid": "obd-o2aLi8f118VFtQiPCGlu59gv-o5xn6d",
    "publishedVersion": 0,
    "forkFrom": "-",
    "isSpam": 0,
    "version": 2,
    "parentVersion": 1,
    "echartsVersion": "4.8.0",
    "versionCreateTime": "2020-12-01T09:58:18.000Z",
    "html": "",
    "externalScripts": "",
    "updaterUID": "obd-o2aLi8f118VFtQiPCGlu59gv-o5xn6d",
    "theme": "",
    "layout": "",
    "viewCount": 73,
    "userName": "漱***0",
    "commentCount": 0,
    "starCount": 1,
    "isStared": 0,
    "thumbnailURL": "https://www.makeapie.com/ecg-storage/ec_gallery_thumbnail/xY18a7QfnA.png?v=1606816698662",
    "isCustomThumbnail": 0,
    "builtinTags": [
        "category-work",
        "grid",
        "series-bar",
        "tooltip"
    ],
    "customTags": [],
    "updaterUserName": "漱***0"
}