{
    "cid": "xzu3_7Aoam",
    "authorUid": "bd-1801852221",
    "authorUserName": "J***乐",
    "title": "大洼区数据",
    "description": "",
    "latestVersion": 2,
    "alwaysLatest": 1,
    "createTime": "2020-11-30T10:58:49.000Z",
    "lastUpdateTime": "2020-11-30T10:58:49.000Z",
    "auth": 2,
    "uid": "bd-1801852221",
    "publishedVersion": 0,
    "forkFrom": "-",
    "isSpam": 0,
    "version": 2,
    "parentVersion": 1,
    "echartsVersion": "4.8.0",
    "versionCreateTime": "2020-12-03T08:06:24.000Z",
    "html": "",
    "externalScripts": "",
    "updaterUID": "bd-1801852221",
    "theme": "",
    "layout": "",
    "viewCount": 373,
    "userName": "J***乐",
    "commentCount": 0,
    "starCount": 3,
    "isStared": 0,
    "thumbnailURL": "https://www.makeapie.com/ecg-storage/ec_gallery_thumbnail/xzu3_7Aoam.png?v=1606982784507",
    "isCustomThumbnail": 0,
    "builtinTags": [
        "category-work",
        "geo",
        "legend",
        "series-map",
        "series-scatter",
        "tooltip",
        "visualMap"
    ],
    "customTags": [],
    "updaterUserName": "J***乐"
}