{
    "cid": "x7YZ5x0A7M",
    "authorUid": "bd-86379122",
    "authorUserName": "x***m",
    "title": "单级地图下钻",
    "description": "单级地图下钻",
    "latestVersion": 1,
    "alwaysLatest": 1,
    "createTime": "2021-01-27T08:49:53.000Z",
    "lastUpdateTime": "2021-01-27T08:49:53.000Z",
    "auth": 2,
    "uid": "bd-86379122",
    "publishedVersion": 0,
    "forkFrom": "-",
    "isSpam": 0,
    "version": 1,
    "parentVersion": -1,
    "echartsVersion": "4.8.0",
    "versionCreateTime": "2021-01-27T08:49:53.000Z",
    "html": "",
    "externalScripts": "/dep/echarts/map/js/china.js",
    "updaterUID": "bd-86379122",
    "theme": "",
    "layout": "",
    "viewCount": 590,
    "userName": "x***m",
    "commentCount": 1,
    "starCount": 10,
    "isStared": 0,
    "thumbnailURL": "https://www.makeapie.com/ecg-storage/ec_gallery_thumbnail/x7YZ5x0A7M.png?v=1611737393351",
    "isCustomThumbnail": 0,
    "builtinTags": [
        "category-work",
        "geo",
        "series-effectScatter",
        "series-map",
        "title",
        "toolbox"
    ],
    "customTags": [],
    "updaterUserName": "x***m"
}