{
    "cid": "x_58xwN3eO",
    "authorUid": "obd-o0eON-cnAmP8IpkP7UKrNvBg3O1vJF8",
    "authorUserName": "最***字",
    "title": "特征值折线图",
    "description": "",
    "latestVersion": 1,
    "alwaysLatest": 1,
    "createTime": "2021-01-30T07:04:27.000Z",
    "lastUpdateTime": "2021-01-30T07:04:27.000Z",
    "auth": 2,
    "uid": "obd-o0eON-cnAmP8IpkP7UKrNvBg3O1vJF8",
    "publishedVersion": 0,
    "forkFrom": "-",
    "isSpam": 0,
    "version": 1,
    "parentVersion": -1,
    "echartsVersion": "4.8.0",
    "versionCreateTime": "2021-01-30T07:04:27.000Z",
    "html": "",
    "externalScripts": "",
    "updaterUID": "obd-o0eON-cnAmP8IpkP7UKrNvBg3O1vJF8",
    "theme": "",
    "layout": "",
    "viewCount": 25,
    "userName": "最***字",
    "commentCount": 0,
    "starCount": 0,
    "isStared": 0,
    "thumbnailURL": "https://www.makeapie.com/ecg-storage/ec_gallery_thumbnail/x_58xwN3eO.png?v=1611990268179",
    "isCustomThumbnail": 0,
    "builtinTags": [
        "category-work",
        "grid",
        "legend",
        "series-line"
    ],
    "customTags": [],
    "updaterUserName": "最***字"
}