{
    "cid": "xALWAEhAjl",
    "authorUid": "obd-ojGzVRdfrvFQ3IT5jCSeLtd_jXT5EEd",
    "authorUserName": "V***y",
    "title": "多图表汇总",
    "description": "一个canvas绘制多个多种图表",
    "latestVersion": 1,
    "alwaysLatest": 1,
    "createTime": "2021-01-28T08:43:47.000Z",
    "lastUpdateTime": "2021-01-28T08:43:47.000Z",
    "auth": 2,
    "uid": "obd-ojGzVRdfrvFQ3IT5jCSeLtd_jXT5EEd",
    "publishedVersion": 0,
    "forkFrom": "-",
    "isSpam": 0,
    "version": 1,
    "parentVersion": -1,
    "echartsVersion": "4.8.0",
    "versionCreateTime": "2021-01-28T08:43:47.000Z",
    "html": "",
    "externalScripts": "",
    "updaterUID": "obd-ojGzVRdfrvFQ3IT5jCSeLtd_jXT5EEd",
    "theme": "default",
    "layout": "",
    "viewCount": 276,
    "userName": "V***y",
    "commentCount": 0,
    "starCount": 7,
    "isStared": 0,
    "thumbnailURL": "https://www.makeapie.com/ecg-storage/ec_gallery_thumbnail/xALWAEhAjl.png?v=1611823427383",
    "isCustomThumbnail": 1,
    "builtinTags": [
        "category-work",
        "grid",
        "series-bar",
        "series-pie",
        "series-treemap",
        "title",
        "tooltip"
    ],
    "customTags": [],
    "updaterUserName": "V***y"
}