{
    "cid": "xEvmvXYP9O",
    "authorUid": "obd-oFGxphhzuvF4fw-Y9Ielo5xVg9IHf5G",
    "authorUserName": "所***生",
    "title": "柱状图的渐变效果",
    "description": "每根柱子的颜色都不一样的柱状图",
    "latestVersion": 1,
    "alwaysLatest": 1,
    "createTime": "2021-01-29T07:26:37.000Z",
    "lastUpdateTime": "2021-01-29T07:26:37.000Z",
    "auth": 2,
    "uid": "obd-oFGxphhzuvF4fw-Y9Ielo5xVg9IHf5G",
    "publishedVersion": 0,
    "forkFrom": "-",
    "isSpam": 0,
    "version": 1,
    "parentVersion": -1,
    "echartsVersion": "4.8.0",
    "versionCreateTime": "2021-01-29T07:26:37.000Z",
    "html": "",
    "externalScripts": "",
    "updaterUID": "obd-oFGxphhzuvF4fw-Y9Ielo5xVg9IHf5G",
    "theme": "",
    "layout": "",
    "viewCount": 85,
    "userName": "所***生",
    "commentCount": 0,
    "starCount": 0,
    "isStared": 0,
    "thumbnailURL": "https://www.makeapie.com/ecg-storage/ec_gallery_thumbnail/xEvmvXYP9O.png?v=1611905197300",
    "isCustomThumbnail": 0,
    "builtinTags": [
        "category-work",
        "grid",
        "series-bar",
        "series-pictorialBar",
        "title"
    ],
    "customTags": [],
    "updaterUserName": "所***生"
}