{
    "cid": "xH7aW0Yz_B",
    "authorUid": "bd-3913771301",
    "authorUserName": "因***凡",
    "title": "多图示例",
    "description": "多图示例",
    "latestVersion": 4,
    "alwaysLatest": 1,
    "createTime": "2021-01-27T11:25:43.000Z",
    "lastUpdateTime": "2021-01-27T11:25:43.000Z",
    "auth": 2,
    "uid": "bd-3913771301",
    "publishedVersion": 0,
    "forkFrom": "-",
    "isSpam": 0,
    "version": 4,
    "parentVersion": 3,
    "echartsVersion": "4.8.0",
    "versionCreateTime": "2021-02-01T03:41:55.000Z",
    "html": "",
    "externalScripts": "/dep/echarts/map/js/china.js",
    "updaterUID": "bd-3913771301",
    "theme": "",
    "layout": "",
    "viewCount": 108,
    "userName": "因***凡",
    "commentCount": 0,
    "starCount": 0,
    "isStared": 0,
    "thumbnailURL": "https://www.makeapie.com/ecg-storage/ec_gallery_thumbnail/xH7aW0Yz_B.png?v=1612150915198",
    "isCustomThumbnail": 0,
    "builtinTags": [
        "category-work",
        "dataZoom",
        "grid",
        "series-line",
        "title",
        "tooltip"
    ],
    "customTags": [
        "grid",
        "line"
    ],
    "updaterUserName": "因***凡"
}