{
    "cid": "xhzk2M_Fv2",
    "authorUid": "obd-oFRwLMxFFajuhJjdWa0OOm4t7CUif5z",
    "authorUserName": "鳌***",
    "title": "Echarts7",
    "description": "",
    "latestVersion": 2,
    "alwaysLatest": 1,
    "createTime": "2021-01-29T03:00:30.000Z",
    "lastUpdateTime": "2021-01-29T03:00:30.000Z",
    "auth": 2,
    "uid": "obd-oFRwLMxFFajuhJjdWa0OOm4t7CUif5z",
    "publishedVersion": 0,
    "forkFrom": "-",
    "isSpam": 0,
    "version": 2,
    "parentVersion": 1,
    "echartsVersion": "4.8.0",
    "versionCreateTime": "2021-01-29T06:08:55.000Z",
    "html": "",
    "externalScripts": "",
    "updaterUID": "obd-oFRwLMxFFajuhJjdWa0OOm4t7CUif5z",
    "theme": "",
    "layout": "",
    "viewCount": 136,
    "userName": "鳌***",
    "commentCount": 0,
    "starCount": 3,
    "isStared": 0,
    "thumbnailURL": "https://www.makeapie.com/ecg-storage/ec_gallery_thumbnail/xhzk2M_Fv2.png?v=1611900535197",
    "isCustomThumbnail": 0,
    "builtinTags": [
        "category-work",
        "graphic",
        "legend",
        "series-pie",
        "title",
        "toolbox",
        "tooltip"
    ],
    "customTags": [
        "wd"
    ],
    "updaterUserName": "鳌***"
}