{
    "cid": "xKSvPzmOpg",
    "authorUid": "obd-o2ETba-lpHCyaZ2ZAaI4kxbEyd4Me6O",
    "authorUserName": "h***6",
    "title": "柱状图---极坐标系",
    "description": "",
    "latestVersion": 3,
    "alwaysLatest": 1,
    "createTime": "2021-01-27T07:28:14.000Z",
    "lastUpdateTime": "2021-01-27T07:28:14.000Z",
    "auth": 2,
    "uid": "obd-o2ETba-lpHCyaZ2ZAaI4kxbEyd4Me6O",
    "publishedVersion": 0,
    "forkFrom": "-",
    "isSpam": 0,
    "version": 3,
    "parentVersion": 1,
    "echartsVersion": "4.8.0",
    "versionCreateTime": "2021-01-28T07:34:13.000Z",
    "html": "",
    "externalScripts": "",
    "updaterUID": "obd-o2ETba-lpHCyaZ2ZAaI4kxbEyd4Me6O",
    "theme": "",
    "layout": "",
    "viewCount": 75,
    "userName": "h***6",
    "commentCount": 0,
    "starCount": 1,
    "isStared": 0,
    "thumbnailURL": "https://www.makeapie.com/ecg-storage/ec_gallery_thumbnail/xKSvPzmOpg.png?v=1611819253765",
    "isCustomThumbnail": 0,
    "builtinTags": [
        "category-work",
        "legend",
        "polar",
        "series-bar",
        "tooltip"
    ],
    "customTags": [],
    "updaterUserName": "h***6"
}