{
    "cid": "xNe50NhwET",
    "authorUid": "obd-o2rLNh0qJ5G_mzprXJjN5B9Qq8wlO6K",
    "authorUserName": "c***J",
    "title": "双条形图",
    "description": "",
    "latestVersion": 2,
    "alwaysLatest": 1,
    "createTime": "2021-01-29T02:58:34.000Z",
    "lastUpdateTime": "2021-01-29T02:58:34.000Z",
    "auth": 2,
    "uid": "obd-o2rLNh0qJ5G_mzprXJjN5B9Qq8wlO6K",
    "publishedVersion": 0,
    "forkFrom": "-",
    "isSpam": 0,
    "version": 2,
    "parentVersion": 1,
    "echartsVersion": "4.8.0",
    "versionCreateTime": "2021-01-29T03:16:58.000Z",
    "html": "",
    "externalScripts": "",
    "updaterUID": "obd-o2rLNh0qJ5G_mzprXJjN5B9Qq8wlO6K",
    "theme": "",
    "layout": "",
    "viewCount": 82,
    "userName": "c***J",
    "commentCount": 0,
    "starCount": 1,
    "isStared": 0,
    "thumbnailURL": "https://www.makeapie.com/ecg-storage/ec_gallery_thumbnail/xNe50NhwET.png?v=1611890218881",
    "isCustomThumbnail": 0,
    "builtinTags": [
        "category-work",
        "grid",
        "legend",
        "series-bar",
        "tooltip"
    ],
    "customTags": [],
    "updaterUserName": "c***J"
}