{
    "cid": "xOPqDg0cdX",
    "authorUid": "bd-1345435232",
    "authorUserName": "b***u",
    "title": "关系图",
    "description": "",
    "latestVersion": 1,
    "alwaysLatest": 1,
    "createTime": "2021-01-27T08:54:27.000Z",
    "lastUpdateTime": "2021-01-27T08:54:27.000Z",
    "auth": 2,
    "uid": "bd-1345435232",
    "publishedVersion": 0,
    "forkFrom": "-",
    "isSpam": 0,
    "version": 1,
    "parentVersion": -1,
    "echartsVersion": "4.8.0",
    "versionCreateTime": "2021-01-27T08:54:27.000Z",
    "html": "",
    "externalScripts": "",
    "updaterUID": "bd-1345435232",
    "theme": "",
    "layout": "",
    "viewCount": 144,
    "userName": "b***u",
    "commentCount": 0,
    "starCount": 6,
    "isStared": 0,
    "thumbnailURL": "https://www.makeapie.com/ecg-storage/ec_gallery_thumbnail/xOPqDg0cdX.png?v=1611737667747",
    "isCustomThumbnail": 0,
    "builtinTags": [
        "category-work",
        "series-graph",
        "tooltip"
    ],
    "customTags": [],
    "updaterUserName": "b***u"
}