{
    "cid": "xPcnBp-fGH",
    "authorUid": "bd-1768072455",
    "authorUserName": "越***y",
    "title": "总占比",
    "description": "",
    "latestVersion": 1,
    "alwaysLatest": 1,
    "createTime": "2021-01-29T07:09:38.000Z",
    "lastUpdateTime": "2021-01-29T07:09:38.000Z",
    "auth": 2,
    "uid": "bd-1768072455",
    "publishedVersion": 0,
    "forkFrom": "-",
    "isSpam": 0,
    "version": 1,
    "parentVersion": -1,
    "echartsVersion": "4.8.0",
    "versionCreateTime": "2021-01-29T07:09:39.000Z",
    "html": "",
    "externalScripts": "",
    "updaterUID": "bd-1768072455",
    "theme": "",
    "layout": "",
    "viewCount": 135,
    "userName": "越***y",
    "commentCount": 0,
    "starCount": 5,
    "isStared": 0,
    "thumbnailURL": "https://www.makeapie.com/ecg-storage/ec_gallery_thumbnail/xPcnBp-fGH.png?v=1611904179233",
    "isCustomThumbnail": 0,
    "builtinTags": [
        "category-work",
        "polar",
        "series-bar",
        "series-gauge",
        "series-pie",
        "title",
        "tooltip"
    ],
    "customTags": [],
    "updaterUserName": "越***y"
}