{
    "cid": "xqNNdLmkt7",
    "authorUid": "obd-ojok0alWTQPs_TXsuxZyvC6hqlv3kE5",
    "authorUserName": "h***鸦",
    "title": "echarts折线图x轴垂线",
    "description": "画一条折线的点到x轴的垂线",
    "latestVersion": 1,
    "alwaysLatest": 1,
    "createTime": "2021-01-27T09:44:18.000Z",
    "lastUpdateTime": "2021-01-27T09:44:18.000Z",
    "auth": 2,
    "uid": "obd-ojok0alWTQPs_TXsuxZyvC6hqlv3kE5",
    "publishedVersion": 0,
    "forkFrom": "-",
    "isSpam": 0,
    "version": 1,
    "parentVersion": -1,
    "echartsVersion": "4.8.0",
    "versionCreateTime": "2021-01-27T09:44:18.000Z",
    "html": "",
    "externalScripts": "",
    "updaterUID": "obd-ojok0alWTQPs_TXsuxZyvC6hqlv3kE5",
    "theme": "macarons",
    "layout": "",
    "viewCount": 90,
    "userName": "h***鸦",
    "commentCount": 0,
    "starCount": 0,
    "isStared": 0,
    "thumbnailURL": "https://www.makeapie.com/ecg-storage/ec_gallery_thumbnail/xqNNdLmkt7.png?v=1611740658856",
    "isCustomThumbnail": 0,
    "builtinTags": [
        "category-work",
        "grid",
        "markLine",
        "series-line"
    ],
    "customTags": [],
    "updaterUserName": "h***鸦"
}