{
    "cid": "xqPiAmWU_N",
    "authorUid": "bd-1345435232",
    "authorUserName": "b***u",
    "title": "指数",
    "description": "",
    "latestVersion": 1,
    "alwaysLatest": 1,
    "createTime": "2021-01-28T06:23:56.000Z",
    "lastUpdateTime": "2021-01-28T06:23:56.000Z",
    "auth": 2,
    "uid": "bd-1345435232",
    "publishedVersion": 0,
    "forkFrom": "-",
    "isSpam": 0,
    "version": 1,
    "parentVersion": -1,
    "echartsVersion": "4.8.0",
    "versionCreateTime": "2021-01-28T06:23:56.000Z",
    "html": "",
    "externalScripts": "",
    "updaterUID": "bd-1345435232",
    "theme": "",
    "layout": "",
    "viewCount": 106,
    "userName": "b***u",
    "commentCount": 0,
    "starCount": 0,
    "isStared": 0,
    "thumbnailURL": "https://www.makeapie.com/ecg-storage/ec_gallery_thumbnail/xqPiAmWU_N.png?v=1611815036450",
    "isCustomThumbnail": 0,
    "builtinTags": [
        "category-work",
        "series-pie",
        "title"
    ],
    "customTags": [],
    "updaterUserName": "b***u"
}