{
    "cid": "xRCPgAOILk",
    "authorUid": "obd-oFRwLMxFFajuhJjdWa0OOm4t7CUif5z",
    "authorUserName": "鳌***",
    "title": "Echarts6",
    "description": "",
    "latestVersion": 2,
    "alwaysLatest": 1,
    "createTime": "2021-01-29T02:32:57.000Z",
    "lastUpdateTime": "2021-01-29T02:32:57.000Z",
    "auth": 2,
    "uid": "obd-oFRwLMxFFajuhJjdWa0OOm4t7CUif5z",
    "publishedVersion": 0,
    "forkFrom": "-",
    "isSpam": 0,
    "version": 2,
    "parentVersion": 1,
    "echartsVersion": "4.8.0",
    "versionCreateTime": "2021-01-29T02:33:31.000Z",
    "html": "",
    "externalScripts": "",
    "updaterUID": "obd-oFRwLMxFFajuhJjdWa0OOm4t7CUif5z",
    "theme": "",
    "layout": "",
    "viewCount": 37,
    "userName": "鳌***",
    "commentCount": 0,
    "starCount": 0,
    "isStared": 0,
    "thumbnailURL": "https://www.makeapie.com/ecg-storage/ec_gallery_thumbnail/xRCPgAOILk.png?v=1611887612088",
    "isCustomThumbnail": 0,
    "builtinTags": [
        "category-work",
        "dataset",
        "graphic",
        "polar",
        "series-custom",
        "series-pie",
        "toolbox",
        "tooltip"
    ],
    "customTags": [
        "wd"
    ],
    "updaterUserName": "鳌***"
}