{
    "cid": "xTZih6SG4F",
    "authorUid": "obd-oN7ObZjTghCN2vwon-jXLhw8TyGAdCy",
    "authorUserName": "Q***n",
    "title": "广度趋势图",
    "description": "",
    "latestVersion": 2,
    "alwaysLatest": 1,
    "createTime": "2021-01-29T05:46:21.000Z",
    "lastUpdateTime": "2021-01-29T05:49:44.000Z",
    "auth": 2,
    "uid": "obd-oN7ObZjTghCN2vwon-jXLhw8TyGAdCy",
    "publishedVersion": 0,
    "forkFrom": "-",
    "isSpam": 0,
    "version": 2,
    "parentVersion": 1,
    "echartsVersion": "4.8.0",
    "versionCreateTime": "2021-01-29T05:51:53.000Z",
    "html": "",
    "externalScripts": "",
    "updaterUID": "obd-oN7ObZjTghCN2vwon-jXLhw8TyGAdCy",
    "theme": "vintage",
    "layout": "",
    "viewCount": 9,
    "userName": "Q***n",
    "commentCount": 0,
    "starCount": 0,
    "isStared": 0,
    "thumbnailURL": "https://www.makeapie.com/ecg-storage/ec_gallery_thumbnail/xTZih6SG4F.png?v=1611899513746",
    "isCustomThumbnail": 0,
    "builtinTags": [],
    "customTags": [],
    "updaterUserName": "Q***n"
}