{
    "cid": "xzLCravv9E",
    "authorUid": "obd-o2ETba-lpHCyaZ2ZAaI4kxbEyd4Me6O",
    "authorUserName": "h***6",
    "title": "cv<1组数占比---绿线",
    "description": "",
    "latestVersion": 2,
    "alwaysLatest": 1,
    "createTime": "2021-01-28T07:04:01.000Z",
    "lastUpdateTime": "2021-01-28T07:04:01.000Z",
    "auth": 2,
    "uid": "obd-o2ETba-lpHCyaZ2ZAaI4kxbEyd4Me6O",
    "publishedVersion": 0,
    "forkFrom": "-",
    "isSpam": 0,
    "version": 2,
    "parentVersion": 1,
    "echartsVersion": "4.8.0",
    "versionCreateTime": "2021-01-28T07:09:02.000Z",
    "html": "",
    "externalScripts": "",
    "updaterUID": "obd-o2ETba-lpHCyaZ2ZAaI4kxbEyd4Me6O",
    "theme": "",
    "layout": "",
    "viewCount": 43,
    "userName": "h***6",
    "commentCount": 0,
    "starCount": 1,
    "isStared": 0,
    "thumbnailURL": "https://www.makeapie.com/ecg-storage/ec_gallery_thumbnail/xzLCravv9E.png?v=1611817742316",
    "isCustomThumbnail": 0,
    "builtinTags": [
        "category-work",
        "grid",
        "legend",
        "series-bar",
        "series-line"
    ],
    "customTags": [],
    "updaterUserName": "h***6"
}