{
    "cid": "xB1EqUfm7z",
    "authorUid": "bd-2172926024",
    "authorUserName": "185*****231",
    "title": "随便画的",
    "description": "",
    "latestVersion": 1,
    "alwaysLatest": 1,
    "createTime": "2017-12-29T01:12:44.000Z",
    "lastUpdateTime": "2017-12-29T01:12:44.000Z",
    "auth": 2,
    "uid": "bd-2172926024",
    "publishedVersion": 0,
    "forkFrom": "-",
    "isSpam": 0,
    "version": 1,
    "parentVersion": -1,
    "echartsVersion": "3.8.0",
    "versionCreateTime": "2017-12-29T01:12:44.000Z",
    "html": "",
    "externalScripts": "",
    "updaterUID": "bd-2172926024",
    "theme": "",
    "layout": "",
    "viewCount": 451,
    "userName": "185*****231",
    "commentCount": 0,
    "starCount": 0,
    "isStared": 0,
    "thumbnailURL": "https://www.makeapie.com/ecg-storage/ec_gallery_thumbnail/xB1EqUfm7z.png?v=1514509964479",
    "isCustomThumbnail": 0,
    "builtinTags": [
        "category-work",
        "grid",
        "series-line",
        "series-lines"
    ],
    "customTags": [],
    "updaterUserName": "185*****231"
}