{
    "cid": "xB1hGrFf7f",
    "authorUid": "bd-1881309101",
    "authorUserName": "忍修者X",
    "title": "百度迁徙图",
    "description": "",
    "latestVersion": 7,
    "alwaysLatest": 1,
    "createTime": "2017-12-28T14:52:03.000Z",
    "lastUpdateTime": "2017-12-28T14:52:03.000Z",
    "auth": 2,
    "uid": "bd-1881309101",
    "publishedVersion": 0,
    "forkFrom": "-",
    "isSpam": 0,
    "version": 7,
    "parentVersion": 6,
    "echartsVersion": "3.8.0",
    "versionCreateTime": "2018-01-02T01:39:07.000Z",
    "html": "",
    "externalScripts": "/dep/echarts/map/js/china.js,/dep/echarts/latest/extension/bmap.min.js,http://api.map.baidu.com/api?v=2.0&ak=QopKRCi7GrYZsjdp9hXNvSZ4K3mAOyM5",
    "updaterUID": "bd-1881309101",
    "theme": "",
    "layout": "",
    "viewCount": 1845,
    "userName": "忍修者X",
    "commentCount": 0,
    "starCount": 7,
    "isStared": 0,
    "thumbnailURL": "https://www.makeapie.com/ecg-storage/ec_gallery_thumbnail/xB1hGrFf7f.png?v=1514472724197",
    "isCustomThumbnail": 1,
    "builtinTags": [
        "category-work"
    ],
    "customTags": [],
    "updaterUserName": "忍修者X"
}