{
    "cid": "xBJAhycyXz",
    "authorUid": "bd-658405302",
    "authorUserName": "妖刀马努o0",
    "title": "问题：从数据库取出多条x轴数据，如何可以动态添加进去？谢谢大神",
    "description": "案例的option.series里边，如果写一条数据，就里边多添加一个对象。是手动写的，而我是数据库获取的，如何往里边添加呢？注意是多条",
    "latestVersion": 1,
    "alwaysLatest": 1,
    "createTime": "2017-12-26T09:00:37.000Z",
    "lastUpdateTime": "2017-12-26T09:00:37.000Z",
    "auth": 2,
    "uid": "bd-658405302",
    "publishedVersion": 0,
    "forkFrom": "-",
    "isSpam": 0,
    "version": 1,
    "parentVersion": -1,
    "echartsVersion": "3.8.0",
    "versionCreateTime": "2017-12-26T09:00:37.000Z",
    "html": "",
    "externalScripts": "",
    "updaterUID": "bd-658405302",
    "theme": "",
    "layout": "",
    "viewCount": 774,
    "userName": "妖刀马努o0",
    "commentCount": 0,
    "starCount": 3,
    "isStared": 0,
    "thumbnailURL": "https://www.makeapie.com/ecg-storage/ec_gallery_thumbnail/xBJAhycyXz.png?v=1514278837696",
    "isCustomThumbnail": 0,
    "builtinTags": [
        "category-work",
        "grid",
        "legend",
        "series-line",
        "tooltip"
    ],
    "customTags": [],
    "updaterUserName": "妖刀马努o0"
}