{
    "cid": "xByCF0dmQf",
    "authorUid": "bd-77825077",
    "authorUserName": "冰***孩",
    "title": "高低柱状图",
    "description": "从低到高排序，渐变，有气泡",
    "latestVersion": 2,
    "alwaysLatest": 1,
    "createTime": "2017-12-29T08:36:21.000Z",
    "lastUpdateTime": "2017-12-29T08:36:21.000Z",
    "auth": 2,
    "uid": "bd-77825077",
    "publishedVersion": 0,
    "forkFrom": "-",
    "isSpam": 0,
    "version": 2,
    "parentVersion": 1,
    "echartsVersion": "3.8.0",
    "versionCreateTime": "2017-12-29T08:36:32.000Z",
    "html": "",
    "externalScripts": "",
    "updaterUID": "bd-77825077",
    "theme": "",
    "layout": "",
    "viewCount": 1329,
    "userName": "冰***孩",
    "commentCount": 0,
    "starCount": 15,
    "isStared": 0,
    "thumbnailURL": "https://www.makeapie.com/ecg-storage/ec_gallery_thumbnail/xByCF0dmQf.png?v=1514536592996",
    "isCustomThumbnail": 0,
    "builtinTags": [
        "category-work",
        "grid",
        "markPoint",
        "series-bar"
    ],
    "customTags": [],
    "updaterUserName": "冰***孩"
}