{
    "cid": "xByfdMz7mM",
    "authorUid": "bd-2220533085",
    "authorUserName": "菟丝花开2016",
    "title": "手机型号TOP10",
    "description": "",
    "latestVersion": 3,
    "alwaysLatest": 1,
    "createTime": "2017-12-29T00:55:05.000Z",
    "lastUpdateTime": "2017-12-29T00:55:05.000Z",
    "auth": 2,
    "uid": "bd-2220533085",
    "publishedVersion": 0,
    "forkFrom": "-",
    "isSpam": 0,
    "version": 3,
    "parentVersion": 2,
    "echartsVersion": "3.8.0",
    "versionCreateTime": "2018-01-02T03:51:50.000Z",
    "html": "",
    "externalScripts": "",
    "updaterUID": "bd-2220533085",
    "theme": "",
    "layout": "",
    "viewCount": 6204,
    "userName": "菟丝花开2016",
    "commentCount": 0,
    "starCount": 20,
    "isStared": 0,
    "thumbnailURL": "https://www.makeapie.com/ecg-storage/ec_gallery_thumbnail/xByfdMz7mM.png?v=1514865110392",
    "isCustomThumbnail": 0,
    "builtinTags": [
        "category-work",
        "grid",
        "series-bar",
        "tooltip"
    ],
    "customTags": [],
    "updaterUserName": "菟丝花开2016"
}