{
    "cid": "xH1YaxKQmz",
    "authorUid": "bd-77825077",
    "authorUserName": "冰***孩",
    "title": "渐变折线图",
    "description": "渐变，折线",
    "latestVersion": 1,
    "alwaysLatest": 1,
    "createTime": "2017-12-29T08:45:53.000Z",
    "lastUpdateTime": "2017-12-29T08:45:53.000Z",
    "auth": 2,
    "uid": "bd-77825077",
    "publishedVersion": 0,
    "forkFrom": "-",
    "isSpam": 0,
    "version": 1,
    "parentVersion": -1,
    "echartsVersion": "3.8.0",
    "versionCreateTime": "2017-12-29T08:45:53.000Z",
    "html": "",
    "externalScripts": "",
    "updaterUID": "bd-77825077",
    "theme": "",
    "layout": "",
    "viewCount": 427,
    "userName": "冰***孩",
    "commentCount": 0,
    "starCount": 6,
    "isStared": 0,
    "thumbnailURL": "https://www.makeapie.com/ecg-storage/ec_gallery_thumbnail/xH1YaxKQmz.png?v=1514537153390",
    "isCustomThumbnail": 0,
    "builtinTags": [
        "category-work",
        "grid",
        "series-line"
    ],
    "customTags": [],
    "updaterUserName": "冰***孩"
}