{
    "cid": "xHJbn2kemM",
    "authorUid": "bd-3056387051",
    "authorUserName": "丶***奶",
    "title": "仪表指针",
    "description": "",
    "latestVersion": 7,
    "alwaysLatest": 1,
    "createTime": "2017-12-26T15:37:12.000Z",
    "lastUpdateTime": "2017-12-26T15:37:12.000Z",
    "auth": 2,
    "uid": "bd-3056387051",
    "publishedVersion": 0,
    "forkFrom": "-",
    "isSpam": 0,
    "version": 7,
    "parentVersion": 6,
    "echartsVersion": "3.8.0",
    "versionCreateTime": "2018-01-02T06:37:23.000Z",
    "html": "",
    "externalScripts": "",
    "updaterUID": "bd-3056387051",
    "theme": "",
    "layout": "",
    "viewCount": 1274,
    "userName": "丶***奶",
    "commentCount": 0,
    "starCount": 6,
    "isStared": 0,
    "thumbnailURL": "https://www.makeapie.com/ecg-storage/ec_gallery_thumbnail/xHJbn2kemM.png?v=1514875043706",
    "isCustomThumbnail": 0,
    "builtinTags": [
        "category-work",
        "polar",
        "series-line",
        "series-scatter",
        "title",
        "visualMap"
    ],
    "customTags": [],
    "updaterUserName": "丶***奶"
}