{
    "cid": "xHJhvutE7G",
    "authorUid": "bd-201593938",
    "authorUserName": "l***2",
    "title": "树图-组织关系图",
    "description": "",
    "latestVersion": 8,
    "alwaysLatest": 1,
    "createTime": "2017-12-30T03:30:43.000Z",
    "lastUpdateTime": "2017-12-30T03:30:43.000Z",
    "auth": 1,
    "uid": "bd-201593938",
    "publishedVersion": 0,
    "forkFrom": "-",
    "isSpam": 0,
    "version": 8,
    "parentVersion": 7,
    "echartsVersion": "3.8.0",
    "versionCreateTime": "2020-06-07T02:06:09.000Z",
    "html": "",
    "externalScripts": "",
    "updaterUID": "obd-oA51hG0mvqQQT_N7dn4do-Vxg43Gx7f",
    "theme": "",
    "layout": "",
    "viewCount": 2608,
    "userName": "l***2",
    "commentCount": 0,
    "starCount": 9,
    "isStared": 0,
    "thumbnailURL": "https://www.makeapie.com/ecg-storage/ec_gallery_thumbnail/xHJhvutE7G.png?v=1591495569682",
    "isCustomThumbnail": 0,
    "builtinTags": [
        "category-work",
        "series-tree"
    ],
    "customTags": [],
    "updaterUserName": "追***云"
}