{
    "cid": "xrJMHuy-mf",
    "authorUid": "bd-2014913124",
    "authorUserName": "lhzislhz12345",
    "title": "资金流量关系图",
    "description": "数据来自模拟数据",
    "latestVersion": 3,
    "alwaysLatest": 1,
    "createTime": "2017-12-27T09:30:33.000Z",
    "lastUpdateTime": "2017-12-27T09:30:33.000Z",
    "auth": 2,
    "uid": "bd-2014913124",
    "publishedVersion": 0,
    "forkFrom": "-",
    "isSpam": 0,
    "version": 3,
    "parentVersion": 2,
    "echartsVersion": "3.8.0",
    "versionCreateTime": "2017-12-28T02:13:24.000Z",
    "html": "",
    "externalScripts": "",
    "updaterUID": "bd-2014913124",
    "theme": "",
    "layout": "",
    "viewCount": 188,
    "userName": "lhzislhz12345",
    "commentCount": 0,
    "starCount": 1,
    "isStared": 0,
    "thumbnailURL": "https://www.makeapie.com/ecg-storage/ec_gallery_thumbnail/xrJMHuy-mf.png?v=1514427205077",
    "isCustomThumbnail": 0,
    "builtinTags": [
        "category-work",
        "dataZoom",
        "grid",
        "legend",
        "series-line",
        "title",
        "toolbox",
        "tooltip"
    ],
    "customTags": [],
    "updaterUserName": "lhzislhz12345"
}