{
    "cid": "xrkl7immmz",
    "authorUid": "bd-2233716223",
    "authorUserName": "qiu19920424",
    "title": "无锡市新的行政划分",
    "description": "无锡市新的行政划分",
    "latestVersion": 2,
    "alwaysLatest": 1,
    "createTime": "2017-12-29T02:40:23.000Z",
    "lastUpdateTime": "2017-12-29T02:40:23.000Z",
    "auth": 2,
    "uid": "bd-2233716223",
    "publishedVersion": 0,
    "forkFrom": "-",
    "isSpam": 0,
    "version": 2,
    "parentVersion": 1,
    "echartsVersion": "3.8.0",
    "versionCreateTime": "2018-05-24T08:51:45.000Z",
    "html": "",
    "externalScripts": "",
    "updaterUID": "bd-2233716223",
    "theme": "",
    "layout": "",
    "viewCount": 1047,
    "userName": "qiu19920424",
    "commentCount": 1,
    "starCount": 3,
    "isStared": 0,
    "thumbnailURL": "https://www.makeapie.com/ecg-storage/ec_gallery_thumbnail/xrkl7immmz.png?v=1514515223756",
    "isCustomThumbnail": 1,
    "builtinTags": [
        "category-work",
        "series-map",
        "tooltip"
    ],
    "customTags": [
        "map"
    ],
    "updaterUserName": "qiu19920424"
}