{
    "cid": "xrkx5zO17M",
    "authorUid": "bd-3929454393",
    "authorUserName": "默***灵",
    "title": "实时监控图",
    "description": "风琴的图表，只为了儿童的记忆",
    "latestVersion": 1,
    "alwaysLatest": 1,
    "createTime": "2017-12-26T06:56:08.000Z",
    "lastUpdateTime": "2017-12-26T06:56:08.000Z",
    "auth": 2,
    "uid": "bd-3929454393",
    "publishedVersion": 0,
    "forkFrom": "-",
    "isSpam": 0,
    "version": 1,
    "parentVersion": -1,
    "echartsVersion": "3.8.0",
    "versionCreateTime": "2017-12-26T06:56:08.000Z",
    "html": "",
    "externalScripts": "",
    "updaterUID": "bd-3929454393",
    "theme": "",
    "layout": "",
    "viewCount": 1375,
    "userName": "默***灵",
    "commentCount": 0,
    "starCount": 21,
    "isStared": 0,
    "thumbnailURL": "https://www.makeapie.com/ecg-storage/ec_gallery_thumbnail/xrkx5zO17M.png?v=1514271368544",
    "isCustomThumbnail": 0,
    "builtinTags": [
        "category-work",
        "grid",
        "legend",
        "series-bar",
        "series-line",
        "series-pictorialBar",
        "title",
        "tooltip"
    ],
    "customTags": [],
    "updaterUserName": "默***灵"
}