{
    "cid": "xry18Jok7G",
    "authorUid": "bd-2220533085",
    "authorUserName": "菟丝花开2016",
    "title": "曲线图",
    "description": "",
    "latestVersion": 4,
    "alwaysLatest": 1,
    "createTime": "2017-12-26T10:07:02.000Z",
    "lastUpdateTime": "2017-12-26T10:07:02.000Z",
    "auth": 2,
    "uid": "bd-2220533085",
    "publishedVersion": 0,
    "forkFrom": "-",
    "isSpam": 0,
    "version": 4,
    "parentVersion": 3,
    "echartsVersion": "3.8.0",
    "versionCreateTime": "2018-01-04T10:09:52.000Z",
    "html": "",
    "externalScripts": "",
    "updaterUID": "bd-2220533085",
    "theme": "",
    "layout": "",
    "viewCount": 348,
    "userName": "菟丝花开2016",
    "commentCount": 0,
    "starCount": 2,
    "isStared": 0,
    "thumbnailURL": "https://www.makeapie.com/ecg-storage/ec_gallery_thumbnail/xry18Jok7G.png?v=1515060592354",
    "isCustomThumbnail": 0,
    "builtinTags": [
        "category-work",
        "grid",
        "legend",
        "series-line",
        "title",
        "tooltip"
    ],
    "customTags": [],
    "updaterUserName": "菟丝花开2016"
}