{
    "cid": "xS1gC__17f",
    "authorUid": "bd-4029360319",
    "authorUserName": "大爱娜拉姐",
    "title": "饼图示例",
    "description": "",
    "latestVersion": 3,
    "alwaysLatest": 1,
    "createTime": "2017-12-26T07:22:47.000Z",
    "lastUpdateTime": "2017-12-26T07:22:47.000Z",
    "auth": 2,
    "uid": "bd-4029360319",
    "publishedVersion": 0,
    "forkFrom": "-",
    "isSpam": 0,
    "version": 3,
    "parentVersion": 2,
    "echartsVersion": "3.8.0",
    "versionCreateTime": "2017-12-27T08:30:08.000Z",
    "html": "",
    "externalScripts": "",
    "updaterUID": "bd-4029360319",
    "theme": "",
    "layout": "",
    "viewCount": 39,
    "userName": "大爱娜拉姐",
    "commentCount": 0,
    "starCount": 0,
    "isStared": 0,
    "thumbnailURL": "https://www.makeapie.com/ecg-storage/ec_gallery_thumbnail/xS1gC__17f.png?v=1514363408300",
    "isCustomThumbnail": 0,
    "builtinTags": [
        "category-work",
        "legend",
        "series-pie",
        "title",
        "tooltip"
    ],
    "customTags": [
        "pie"
    ],
    "updaterUserName": "大爱娜拉姐"
}