{
    "cid": "xS1wyAeZ7G",
    "authorUid": "bd-2172926024",
    "authorUserName": "185*****231",
    "title": "圆环渐变色",
    "description": "",
    "latestVersion": 2,
    "alwaysLatest": 1,
    "createTime": "2017-12-27T11:02:55.000Z",
    "lastUpdateTime": "2017-12-27T11:02:55.000Z",
    "auth": 2,
    "uid": "bd-2172926024",
    "publishedVersion": 0,
    "forkFrom": "-",
    "isSpam": 0,
    "version": 2,
    "parentVersion": 1,
    "echartsVersion": "3.8.0",
    "versionCreateTime": "2017-12-28T00:49:17.000Z",
    "html": "",
    "externalScripts": "",
    "updaterUID": "bd-2172926024",
    "theme": "",
    "layout": "",
    "viewCount": 91,
    "userName": "185*****231",
    "commentCount": 0,
    "starCount": 0,
    "isStared": 0,
    "thumbnailURL": "https://www.makeapie.com/ecg-storage/ec_gallery_thumbnail/xS1wyAeZ7G.png?v=1514422157165",
    "isCustomThumbnail": 0,
    "builtinTags": [
        "category-work",
        "legend",
        "series-pie",
        "tooltip"
    ],
    "customTags": [],
    "updaterUserName": "185*****231"
}