{
    "cid": "xSJc56PQXf",
    "authorUid": "bd-989904033",
    "authorUserName": "baixiaozhe",
    "title": "调用mapbox api 实现地图飞行定位 flyto",
    "description": "从echarts中获取到mapbox对象后，就可以使用mapbox功能强大的api了",
    "latestVersion": 3,
    "alwaysLatest": 1,
    "createTime": "2017-12-29T07:24:01.000Z",
    "lastUpdateTime": "2017-12-29T07:24:01.000Z",
    "auth": 2,
    "uid": "bd-989904033",
    "publishedVersion": 0,
    "forkFrom": "-",
    "isSpam": 0,
    "version": 3,
    "parentVersion": 2,
    "echartsVersion": "3.8.0",
    "versionCreateTime": "2017-12-29T07:26:01.000Z",
    "html": "",
    "externalScripts": "https://api.mapbox.com/mapbox-gl-js/v0.38.0/mapbox-gl.js,http://echarts.baidu.com/resource/echarts-gl-latest/dist/echarts-gl.min.js,http://echarts.baidu.com/resource/echarts-gl-latest/mapboxgl-token.js",
    "updaterUID": "bd-989904033",
    "theme": "",
    "layout": "",
    "viewCount": 759,
    "userName": "baixiaozhe",
    "commentCount": 0,
    "starCount": 6,
    "isStared": 0,
    "thumbnailURL": "https://www.makeapie.com/ecg-storage/ec_gallery_thumbnail/xSJc56PQXf.png?v=1514532242734",
    "isCustomThumbnail": 1,
    "builtinTags": [
        "category-work",
        "mapbox",
        "series-bar3D",
        "title",
        "visualMap"
    ],
    "customTags": [],
    "updaterUserName": "baixiaozhe"
}