{
    "cid": "xSJZXmY7Qf",
    "authorUid": "bd-77825077",
    "authorUserName": "冰***孩",
    "title": "关联柱状图",
    "description": "上下相加为100%，渐变",
    "latestVersion": 2,
    "alwaysLatest": 1,
    "createTime": "2017-12-29T08:55:52.000Z",
    "lastUpdateTime": "2017-12-29T08:55:52.000Z",
    "auth": 2,
    "uid": "bd-77825077",
    "publishedVersion": 0,
    "forkFrom": "-",
    "isSpam": 0,
    "version": 2,
    "parentVersion": 1,
    "echartsVersion": "3.8.0",
    "versionCreateTime": "2017-12-29T09:24:34.000Z",
    "html": "",
    "externalScripts": "",
    "updaterUID": "bd-77825077",
    "theme": "",
    "layout": "",
    "viewCount": 151,
    "userName": "冰***孩",
    "commentCount": 0,
    "starCount": 2,
    "isStared": 0,
    "thumbnailURL": "https://www.makeapie.com/ecg-storage/ec_gallery_thumbnail/xSJZXmY7Qf.png?v=1514539474117",
    "isCustomThumbnail": 0,
    "builtinTags": [
        "category-work",
        "grid",
        "series-bar"
    ],
    "customTags": [],
    "updaterUserName": "冰***孩"
}