{
    "cid": "xSywuWPGXG",
    "authorUid": "bd-1479180151",
    "authorUserName": "ywfish1989",
    "title": "2015年2月各国新闻事件",
    "description": "https://www.gdeltproject.org/",
    "latestVersion": 1,
    "alwaysLatest": 1,
    "createTime": "2017-12-28T12:19:59.000Z",
    "lastUpdateTime": "2017-12-28T12:19:59.000Z",
    "auth": 2,
    "uid": "bd-1479180151",
    "publishedVersion": 0,
    "forkFrom": "-",
    "isSpam": 0,
    "version": 1,
    "parentVersion": -1,
    "echartsVersion": "3.8.0",
    "versionCreateTime": "2017-12-28T12:19:59.000Z",
    "html": "",
    "externalScripts": "",
    "updaterUID": "bd-1479180151",
    "theme": "",
    "layout": "",
    "viewCount": 27,
    "userName": "ywfish1989",
    "commentCount": 0,
    "starCount": 0,
    "isStared": 0,
    "thumbnailURL": "https://www.makeapie.com/ecg-storage/ec_gallery_thumbnail/xSywuWPGXG.png?v=1514463599487",
    "isCustomThumbnail": 0,
    "builtinTags": [
        "category-work",
        "grid",
        "legend",
        "series-bar",
        "title",
        "tooltip"
    ],
    "customTags": [],
    "updaterUserName": "ywfish1989"
}