{
    "cid": "xSyx2NokXz",
    "authorUid": "bd-3192179315",
    "authorUserName": "策***腾",
    "title": "上海市分布式能源项目（已建）分布图 2017-12",
    "description": "",
    "latestVersion": 1,
    "alwaysLatest": 1,
    "createTime": "2017-12-26T10:30:00.000Z",
    "lastUpdateTime": "2017-12-26T10:30:00.000Z",
    "auth": 2,
    "uid": "bd-3192179315",
    "publishedVersion": 0,
    "forkFrom": "-",
    "isSpam": 0,
    "version": 1,
    "parentVersion": -1,
    "echartsVersion": "3.8.0",
    "versionCreateTime": "2017-12-26T10:30:00.000Z",
    "html": "",
    "externalScripts": "/dep/echarts/latest/extension/bmap.min.js,http://api.map.baidu.com/api?v=2.0&ak=ZUONbpqGBsYGXNIYHicvbAbM",
    "updaterUID": "bd-3192179315",
    "theme": "",
    "layout": "",
    "viewCount": 653,
    "userName": "策***腾",
    "commentCount": 0,
    "starCount": 3,
    "isStared": 0,
    "thumbnailURL": "https://www.makeapie.com/ecg-storage/ec_gallery_thumbnail/xSyx2NokXz.png?v=1514284202160",
    "isCustomThumbnail": 1,
    "builtinTags": [
        "category-work"
    ],
    "customTags": [],
    "updaterUserName": "策***腾"
}