{
    "cid": "x-XdRAQ2dG",
    "authorUid": "obd-otRvJpsfMfZ1av5G-19OI6SYprA6382",
    "authorUserName": "i***水",
    "title": "手机App使用24小时监测",
    "description": "使用markArea组件，展示24小时内手机APP使用监测情况",
    "latestVersion": 3,
    "alwaysLatest": 1,
    "createTime": "2020-11-13T09:21:03.000Z",
    "lastUpdateTime": "2020-11-13T09:21:03.000Z",
    "auth": 2,
    "uid": "obd-otRvJpsfMfZ1av5G-19OI6SYprA6382",
    "publishedVersion": 1,
    "forkFrom": "-",
    "isSpam": 0,
    "version": 1,
    "parentVersion": -1,
    "echartsVersion": "4.8.0",
    "versionCreateTime": "2020-11-13T09:21:03.000Z",
    "html": "",
    "externalScripts": "",
    "updaterUID": "obd-otRvJpsfMfZ1av5G-19OI6SYprA6382",
    "theme": "default",
    "layout": "",
    "viewCount": 852,
    "userName": "i***水",
    "commentCount": 0,
    "starCount": 3,
    "isStared": 0,
    "thumbnailURL": "https://www.makeapie.com/ecg-storage/ec_gallery_thumbnail/x-XdRAQ2dG.png?v=1605259263794",
    "isCustomThumbnail": 0,
    "builtinTags": [
        "category-work",
        "dataZoom",
        "grid",
        "markArea",
        "series-line",
        "title"
    ],
    "customTags": [],
    "updaterUserName": "i***水"
}