{
    "cid": "x21mQZOdDM",
    "authorUid": "obd-oPpyE0u9_iGABG35cHCl2UgDrgM_X9h",
    "authorUserName": "云***5",
    "title": "玫瑰图",
    "description": "玫瑰图和柱状图一起展示",
    "latestVersion": 1,
    "alwaysLatest": 1,
    "createTime": "2020-11-13T06:18:15.000Z",
    "lastUpdateTime": "2020-11-13T06:18:15.000Z",
    "auth": 2,
    "uid": "obd-oPpyE0u9_iGABG35cHCl2UgDrgM_X9h",
    "publishedVersion": 0,
    "forkFrom": "-",
    "isSpam": 0,
    "version": 1,
    "parentVersion": -1,
    "echartsVersion": "4.8.0",
    "versionCreateTime": "2020-11-13T06:18:15.000Z",
    "html": "",
    "externalScripts": "",
    "updaterUID": "obd-oPpyE0u9_iGABG35cHCl2UgDrgM_X9h",
    "theme": "dark",
    "layout": "",
    "viewCount": 393,
    "userName": "云***5",
    "commentCount": 0,
    "starCount": 4,
    "isStared": 0,
    "thumbnailURL": "https://www.makeapie.com/ecg-storage/ec_gallery_thumbnail/x21mQZOdDM.png?v=1605248295509",
    "isCustomThumbnail": 0,
    "builtinTags": [
        "category-work",
        "grid",
        "series-bar",
        "series-pie",
        "tooltip"
    ],
    "customTags": [
        "bar",
        "pie"
    ],
    "updaterUserName": "云***5"
}