{
    "cid": "x3iXoN8vai",
    "authorUid": "bd-3913771301",
    "authorUserName": "因***凡",
    "title": "演示睡眠分析（单位:小时）",
    "description": "从睡觉到起床\n根据睡眠时间来决定柱子的不同颜色",
    "latestVersion": 3,
    "alwaysLatest": 1,
    "createTime": "2020-11-12T12:07:52.000Z",
    "lastUpdateTime": "2020-11-12T12:07:52.000Z",
    "auth": 1,
    "uid": "bd-3913771301",
    "publishedVersion": 0,
    "forkFrom": "-",
    "isSpam": 0,
    "version": 3,
    "parentVersion": 2,
    "echartsVersion": "4.8.0",
    "versionCreateTime": "2020-12-01T07:18:34.000Z",
    "html": "",
    "externalScripts": "",
    "updaterUID": "bd-3913771301",
    "theme": "",
    "layout": "",
    "viewCount": 689,
    "userName": "因***凡",
    "commentCount": 0,
    "starCount": 3,
    "isStared": 0,
    "thumbnailURL": "https://www.makeapie.com/ecg-storage/ec_gallery_thumbnail/x3iXoN8vai.png?v=1606807114703",
    "isCustomThumbnail": 0,
    "builtinTags": [
        "category-work",
        "grid",
        "markArea",
        "series-bar",
        "title",
        "tooltip"
    ],
    "customTags": [
        "bar"
    ],
    "updaterUserName": "因***凡"
}