{
    "cid": "x5n0Bhqpo9",
    "authorUid": "bd-1275590612",
    "authorUserName": "n***2",
    "title": "test",
    "description": "",
    "latestVersion": 9,
    "alwaysLatest": 1,
    "createTime": "2020-11-12T07:32:36.000Z",
    "lastUpdateTime": "2020-11-12T07:32:36.000Z",
    "auth": 1,
    "uid": "bd-1275590612",
    "publishedVersion": 0,
    "forkFrom": "-",
    "isSpam": 0,
    "version": 9,
    "parentVersion": 7,
    "echartsVersion": "4.8.0",
    "versionCreateTime": "2020-11-13T02:49:32.000Z",
    "html": "",
    "externalScripts": "",
    "updaterUID": "bd-1275590612",
    "theme": "",
    "layout": "",
    "viewCount": 201,
    "userName": "n***2",
    "commentCount": 0,
    "starCount": 1,
    "isStared": 0,
    "thumbnailURL": "https://www.makeapie.com/ecg-storage/ec_gallery_thumbnail/x5n0Bhqpo9.png?v=1605235772694",
    "isCustomThumbnail": 0,
    "builtinTags": [
        "category-work",
        "legend",
        "series-pie",
        "toolbox",
        "tooltip"
    ],
    "customTags": [],
    "updaterUserName": "n***2"
}