{
    "cid": "x6aDNyXaFx",
    "authorUid": "obd-oNY2FYjc9LV9V8G-mzdpPmI8FemWxCK",
    "authorUserName": "X***2",
    "title": "图",
    "description": "图",
    "latestVersion": 2,
    "alwaysLatest": 1,
    "createTime": "2020-11-12T08:03:18.000Z",
    "lastUpdateTime": "2020-11-12T08:03:18.000Z",
    "auth": 2,
    "uid": "obd-oNY2FYjc9LV9V8G-mzdpPmI8FemWxCK",
    "publishedVersion": 0,
    "forkFrom": "-",
    "isSpam": 0,
    "version": 2,
    "parentVersion": 1,
    "echartsVersion": "4.8.0",
    "versionCreateTime": "2020-11-12T08:09:25.000Z",
    "html": "",
    "externalScripts": "",
    "updaterUID": "obd-oNY2FYjc9LV9V8G-mzdpPmI8FemWxCK",
    "theme": "",
    "layout": "",
    "viewCount": 197,
    "userName": "X***2",
    "commentCount": 0,
    "starCount": 0,
    "isStared": 0,
    "thumbnailURL": "https://www.makeapie.com/ecg-storage/ec_gallery_thumbnail/x6aDNyXaFx.png?v=1605168565647",
    "isCustomThumbnail": 0,
    "builtinTags": [
        "category-work",
        "grid",
        "series-line",
        "series-pictorialBar"
    ],
    "customTags": [],
    "updaterUserName": "X***2"
}