{
    "cid": "xa7tk6xkcj",
    "authorUid": "obd-o2HgkLuqycYWva2zUwRH05Gg8sUI1Bv",
    "authorUserName": "s***5",
    "title": "进度条",
    "description": "",
    "latestVersion": 1,
    "alwaysLatest": 1,
    "createTime": "2020-11-12T09:11:02.000Z",
    "lastUpdateTime": "2020-11-12T09:11:02.000Z",
    "auth": 2,
    "uid": "obd-o2HgkLuqycYWva2zUwRH05Gg8sUI1Bv",
    "publishedVersion": 0,
    "forkFrom": "-",
    "isSpam": 0,
    "version": 1,
    "parentVersion": -1,
    "echartsVersion": "4.8.0",
    "versionCreateTime": "2020-11-12T09:11:02.000Z",
    "html": "",
    "externalScripts": "",
    "updaterUID": "obd-o2HgkLuqycYWva2zUwRH05Gg8sUI1Bv",
    "theme": "",
    "layout": "",
    "viewCount": 70,
    "userName": "s***5",
    "commentCount": 0,
    "starCount": 1,
    "isStared": 0,
    "thumbnailURL": "https://www.makeapie.com/ecg-storage/ec_gallery_thumbnail/xa7tk6xkcj.png?v=1605172262208",
    "isCustomThumbnail": 0,
    "builtinTags": [
        "category-work",
        "grid",
        "series-bar",
        "title",
        "tooltip"
    ],
    "customTags": [],
    "updaterUserName": "s***5"
}