{
    "cid": "xbzuV52Z6p",
    "authorUid": "obd-oFh6Vsh_XwHWXiK62n7GisghaGcr15M",
    "authorUserName": "火***粉",
    "title": "bar排行",
    "description": "使用bar展示排名",
    "latestVersion": 1,
    "alwaysLatest": 1,
    "createTime": "2020-11-13T03:52:53.000Z",
    "lastUpdateTime": "2020-11-13T03:52:53.000Z",
    "auth": 2,
    "uid": "obd-oFh6Vsh_XwHWXiK62n7GisghaGcr15M",
    "publishedVersion": 0,
    "forkFrom": "-",
    "isSpam": 0,
    "version": 1,
    "parentVersion": -1,
    "echartsVersion": "4.8.0",
    "versionCreateTime": "2020-11-13T03:52:53.000Z",
    "html": "",
    "externalScripts": "",
    "updaterUID": "obd-oFh6Vsh_XwHWXiK62n7GisghaGcr15M",
    "theme": "",
    "layout": "",
    "viewCount": 227,
    "userName": "火***粉",
    "commentCount": 0,
    "starCount": 0,
    "isStared": 0,
    "thumbnailURL": "https://www.makeapie.com/ecg-storage/ec_gallery_thumbnail/xbzuV52Z6p.png?v=1605239573747",
    "isCustomThumbnail": 0,
    "builtinTags": [
        "category-work",
        "grid",
        "series-bar",
        "tooltip"
    ],
    "customTags": [],
    "updaterUserName": "火***粉"
}