{
    "cid": "xqnjNUaM_C",
    "authorUid": "bd-4129629956",
    "authorUserName": "a***3",
    "title": "热力图",
    "description": "",
    "latestVersion": 3,
    "alwaysLatest": 1,
    "createTime": "2020-11-12T08:17:23.000Z",
    "lastUpdateTime": "2020-11-12T08:17:23.000Z",
    "auth": 2,
    "uid": "bd-4129629956",
    "publishedVersion": 0,
    "forkFrom": "-",
    "isSpam": 0,
    "version": 3,
    "parentVersion": 2,
    "echartsVersion": "4.8.0",
    "versionCreateTime": "2020-11-12T08:31:13.000Z",
    "html": "",
    "externalScripts": "",
    "updaterUID": "bd-4129629956",
    "theme": "",
    "layout": "",
    "viewCount": 567,
    "userName": "a***3",
    "commentCount": 0,
    "starCount": 2,
    "isStared": 0,
    "thumbnailURL": "https://www.makeapie.com/ecg-storage/ec_gallery_thumbnail/xqnjNUaM_C.png?v=1605169873985",
    "isCustomThumbnail": 0,
    "builtinTags": [
        "category-work",
        "grid",
        "series-heatmap",
        "tooltip",
        "visualMap"
    ],
    "customTags": [
        "heatmap"
    ],
    "updaterUserName": "a***3"
}