{
    "cid": "xyhnni55iY",
    "authorUid": "obd-oFE6zdTgAXd2gQsp19c-uIbFK6ynn5x",
    "authorUserName": "w***同",
    "title": "圆角背景柱状图",
    "description": "实现带有背景和柱状圆角",
    "latestVersion": 1,
    "alwaysLatest": 1,
    "createTime": "2020-11-13T09:45:55.000Z",
    "lastUpdateTime": "2020-11-13T09:45:55.000Z",
    "auth": 2,
    "uid": "obd-oFE6zdTgAXd2gQsp19c-uIbFK6ynn5x",
    "publishedVersion": 0,
    "forkFrom": "-",
    "isSpam": 0,
    "version": 1,
    "parentVersion": -1,
    "echartsVersion": "4.8.0",
    "versionCreateTime": "2020-11-13T09:45:55.000Z",
    "html": "",
    "externalScripts": "",
    "updaterUID": "obd-oFE6zdTgAXd2gQsp19c-uIbFK6ynn5x",
    "theme": "",
    "layout": "",
    "viewCount": 52,
    "userName": "w***同",
    "commentCount": 0,
    "starCount": 1,
    "isStared": 0,
    "thumbnailURL": "https://www.makeapie.com/ecg-storage/ec_gallery_thumbnail/xyhnni55iY.png?v=1605260755501",
    "isCustomThumbnail": 0,
    "builtinTags": [
        "category-work",
        "grid",
        "series-bar",
        "title"
    ],
    "customTags": [],
    "updaterUserName": "w***同"
}