{
    "cid": "xBJ0I0HHvZ",
    "authorUid": "bd-2034378441",
    "authorUserName": "丶***光",
    "title": "tjqbRadar",
    "description": "tjqbRadar",
    "latestVersion": 5,
    "alwaysLatest": 1,
    "createTime": "2017-08-07T02:20:05.000Z",
    "lastUpdateTime": "2017-08-07T02:20:05.000Z",
    "auth": 2,
    "uid": "bd-2034378441",
    "publishedVersion": 0,
    "forkFrom": "-",
    "isSpam": 0,
    "version": 5,
    "parentVersion": 4,
    "echartsVersion": "3.8.0",
    "versionCreateTime": "2018-01-16T10:27:22.000Z",
    "html": "",
    "externalScripts": "",
    "updaterUID": "bd-2034378441",
    "theme": "dark",
    "layout": "",
    "viewCount": 4392,
    "userName": "丶***光",
    "commentCount": 1,
    "starCount": 11,
    "isStared": 0,
    "thumbnailURL": "https://www.makeapie.com/ecg-storage/ec_gallery_thumbnail/xBJ0I0HHvZ.png?v=1516098442266",
    "isCustomThumbnail": 0,
    "builtinTags": [
        "category-work",
        "radar",
        "series-radar"
    ],
    "customTags": [],
    "updaterUserName": "丶***光"
}