{
    "cid": "xBJ4FQlkvb",
    "authorUid": "bd-542270548",
    "authorUserName": "W***k",
    "title": "",
    "description": "",
    "latestVersion": 1,
    "alwaysLatest": 1,
    "createTime": "2017-08-02T06:38:51.000Z",
    "lastUpdateTime": "2017-08-02T06:38:51.000Z",
    "auth": 2,
    "uid": "bd-542270548",
    "publishedVersion": 0,
    "forkFrom": "-",
    "isSpam": 0,
    "version": 1,
    "parentVersion": -1,
    "echartsVersion": "3.6.2",
    "versionCreateTime": "2017-08-02T06:38:51.000Z",
    "html": "",
    "externalScripts": "",
    "updaterUID": "bd-542270548",
    "theme": "",
    "layout": "",
    "viewCount": 716,
    "userName": "W***k",
    "commentCount": 0,
    "starCount": 0,
    "isStared": 0,
    "thumbnailURL": "https://www.makeapie.com/ecg-storage/ec_gallery_thumbnail/xBJ4FQlkvb.png?v=1501655932037",
    "isCustomThumbnail": 0,
    "builtinTags": [
        "category-work",
        "grid",
        "series-heatmap",
        "tooltip",
        "visualMap"
    ],
    "customTags": [],
    "updaterUserName": "W***k"
}