{
    "cid": "xBJ9TaPJDZ",
    "authorUid": "bd-1731291088",
    "authorUserName": "走***a",
    "title": "有向关系图",
    "description": "",
    "latestVersion": 5,
    "alwaysLatest": 1,
    "createTime": "2017-08-02T15:20:34.000Z",
    "lastUpdateTime": "2017-08-02T15:20:34.000Z",
    "auth": 2,
    "uid": "bd-1731291088",
    "publishedVersion": 0,
    "forkFrom": "-",
    "isSpam": 0,
    "version": 5,
    "parentVersion": 4,
    "echartsVersion": "3.8.0",
    "versionCreateTime": "2018-01-26T10:46:45.000Z",
    "html": "",
    "externalScripts": "",
    "updaterUID": "bd-1731291088",
    "theme": "",
    "layout": "",
    "viewCount": 4130,
    "userName": "走***a",
    "commentCount": 0,
    "starCount": 2,
    "isStared": 0,
    "thumbnailURL": "https://www.makeapie.com/ecg-storage/ec_gallery_thumbnail/xBJ9TaPJDZ.png?v=1516963605367",
    "isCustomThumbnail": 0,
    "builtinTags": [
        "category-work",
        "legend",
        "series-graph",
        "title",
        "toolbox",
        "tooltip"
    ],
    "customTags": [],
    "updaterUserName": "走***a"
}