{
    "cid": "xBkpVms4PZ",
    "authorUid": "bd-1769710574",
    "authorUserName": "秋刀鱼的taste",
    "title": "Latency",
    "description": "有问题",
    "latestVersion": 1,
    "alwaysLatest": 1,
    "createTime": "2017-08-06T14:09:56.000Z",
    "lastUpdateTime": "2017-08-06T14:09:56.000Z",
    "auth": 1,
    "uid": "bd-1769710574",
    "publishedVersion": 0,
    "forkFrom": "-",
    "isSpam": 0,
    "version": 1,
    "parentVersion": -1,
    "echartsVersion": "3.6.2",
    "versionCreateTime": "2017-08-06T14:09:56.000Z",
    "html": "",
    "externalScripts": "",
    "updaterUID": "bd-1769710574",
    "theme": "",
    "layout": "",
    "viewCount": 211,
    "userName": "秋刀鱼的taste",
    "commentCount": 0,
    "starCount": 0,
    "isStared": 0,
    "thumbnailURL": "https://www.makeapie.com/ecg-storage/ec_gallery_thumbnail/xBkpVms4PZ.png?v=1502028596794",
    "isCustomThumbnail": 0,
    "builtinTags": [
        "category-work",
        "dataZoom",
        "grid",
        "markPoint",
        "series-line",
        "title",
        "toolbox",
        "tooltip"
    ],
    "customTags": [],
    "updaterUserName": "秋刀鱼的taste"
}