{
    "cid": "xByCITPQPb",
    "authorUid": "bd-4049368468",
    "authorUserName": "tony1991free",
    "title": "成都对苏州",
    "description": "",
    "latestVersion": 7,
    "alwaysLatest": 1,
    "createTime": "2017-08-05T16:07:50.000Z",
    "lastUpdateTime": "2017-08-05T16:07:50.000Z",
    "auth": 2,
    "uid": "bd-4049368468",
    "publishedVersion": 0,
    "forkFrom": "-",
    "isSpam": 0,
    "version": 7,
    "parentVersion": 6,
    "echartsVersion": "3.6.2",
    "versionCreateTime": "2017-08-05T16:40:38.000Z",
    "html": "",
    "externalScripts": "",
    "updaterUID": "bd-4049368468",
    "theme": "",
    "layout": "",
    "viewCount": 255,
    "userName": "tony1991free",
    "commentCount": 0,
    "starCount": 0,
    "isStared": 0,
    "thumbnailURL": "https://www.makeapie.com/ecg-storage/ec_gallery_thumbnail/xByCITPQPb.png?v=1501951238862",
    "isCustomThumbnail": 0,
    "builtinTags": [
        "category-work",
        "legend",
        "series-pie",
        "title",
        "toolbox",
        "tooltip"
    ],
    "customTags": [],
    "updaterUserName": "tony1991free"
}