{
    "cid": "xByDg0fyD-",
    "authorUid": "bd-2724980533",
    "authorUserName": "l***9",
    "title": "双Y轴折线图",
    "description": "",
    "latestVersion": 1,
    "alwaysLatest": 1,
    "createTime": "2017-08-02T09:39:59.000Z",
    "lastUpdateTime": "2017-08-02T09:39:59.000Z",
    "auth": 2,
    "uid": "bd-2724980533",
    "publishedVersion": 0,
    "forkFrom": "-",
    "isSpam": 0,
    "version": 1,
    "parentVersion": -1,
    "echartsVersion": "3.6.2",
    "versionCreateTime": "2017-08-02T09:39:59.000Z",
    "html": "",
    "externalScripts": "",
    "updaterUID": "bd-2724980533",
    "theme": "",
    "layout": "",
    "viewCount": 3486,
    "userName": "l***9",
    "commentCount": 0,
    "starCount": 21,
    "isStared": 0,
    "thumbnailURL": "https://www.makeapie.com/ecg-storage/ec_gallery_thumbnail/xByDg0fyD-.png?v=1501666799596",
    "isCustomThumbnail": 0,
    "builtinTags": [
        "category-work",
        "grid",
        "legend",
        "markLine",
        "markPoint",
        "series-line",
        "tooltip"
    ],
    "customTags": [],
    "updaterUserName": "l***9"
}