{
    "cid": "xH14AUvnUW",
    "authorUid": "bd-460850157",
    "authorUserName": "S***七",
    "title": "点击省份进入省地图",
    "description": "0 0 copy过来学习 免得忘记",
    "latestVersion": 4,
    "alwaysLatest": 1,
    "createTime": "2017-07-31T08:14:04.000Z",
    "lastUpdateTime": "2017-07-31T08:14:04.000Z",
    "auth": 2,
    "uid": "bd-460850157",
    "publishedVersion": 0,
    "forkFrom": "-",
    "isSpam": 0,
    "version": 4,
    "parentVersion": 3,
    "echartsVersion": "3.7.2",
    "versionCreateTime": "2017-10-26T04:22:04.000Z",
    "html": "",
    "externalScripts": "/dep/echarts/map/js/china.js",
    "updaterUID": "bd-460850157",
    "theme": "",
    "layout": "",
    "viewCount": 8915,
    "userName": "S***七",
    "commentCount": 16,
    "starCount": 25,
    "isStared": 0,
    "thumbnailURL": "https://www.makeapie.com/ecg-storage/ec_gallery_thumbnail/xH14AUvnUW.png?v=1508991724273",
    "isCustomThumbnail": 0,
    "builtinTags": [
        "category-work",
        "series-map",
        "toolbox",
        "tooltip"
    ],
    "customTags": [],
    "updaterUserName": "S***七"
}