{
    "cid": "xrJ-KaeNPZ",
    "authorUid": "bd-4049368468",
    "authorUserName": "tony1991free",
    "title": "苏州地区变电负荷分布",
    "description": "",
    "latestVersion": 1,
    "alwaysLatest": 1,
    "createTime": "2017-08-06T02:22:48.000Z",
    "lastUpdateTime": "2017-08-06T02:22:48.000Z",
    "auth": 2,
    "uid": "bd-4049368468",
    "publishedVersion": 0,
    "forkFrom": "-",
    "isSpam": 0,
    "version": 1,
    "parentVersion": -1,
    "echartsVersion": "3.6.2",
    "versionCreateTime": "2017-08-06T02:22:48.000Z",
    "html": "",
    "externalScripts": "",
    "updaterUID": "bd-4049368468",
    "theme": "",
    "layout": "",
    "viewCount": 537,
    "userName": "tony1991free",
    "commentCount": 0,
    "starCount": 1,
    "isStared": 0,
    "thumbnailURL": "https://www.makeapie.com/ecg-storage/ec_gallery_thumbnail/xrJ-KaeNPZ.png?v=1501986168737",
    "isCustomThumbnail": 0,
    "builtinTags": [
        "category-work",
        "series-map",
        "title",
        "toolbox",
        "tooltip",
        "visualMap"
    ],
    "customTags": [],
    "updaterUserName": "tony1991free"
}