{
    "cid": "xrJcPf9hLW",
    "authorUid": "bd-1142973048",
    "authorUserName": "x***a",
    "title": "河南迁徙",
    "description": "数据纯属虚构",
    "latestVersion": 1,
    "alwaysLatest": 1,
    "createTime": "2017-07-31T11:20:02.000Z",
    "lastUpdateTime": "2017-07-31T11:20:02.000Z",
    "auth": 2,
    "uid": "bd-1142973048",
    "publishedVersion": 0,
    "forkFrom": "-",
    "isSpam": 0,
    "version": 1,
    "parentVersion": -1,
    "echartsVersion": "3.6.2",
    "versionCreateTime": "2017-07-31T11:20:02.000Z",
    "html": "",
    "externalScripts": "/dep/echarts/map/js/province/henan.js",
    "updaterUID": "bd-1142973048",
    "theme": "",
    "layout": "",
    "viewCount": 4151,
    "userName": "x***a",
    "commentCount": 2,
    "starCount": 10,
    "isStared": 0,
    "thumbnailURL": "https://www.makeapie.com/ecg-storage/ec_gallery_thumbnail/xrJcPf9hLW.png?v=1501500002206",
    "isCustomThumbnail": 0,
    "builtinTags": [
        "category-work",
        "geo",
        "series-effectScatter",
        "series-lines",
        "title",
        "visualMap"
    ],
    "customTags": [],
    "updaterUserName": "x***a"
}