{
    "cid": "xrJhMhs8Pb",
    "authorUid": "bd-3006695220",
    "authorUserName": "ZTQ的天空",
    "title": "雷达图",
    "description": "",
    "latestVersion": 4,
    "alwaysLatest": 1,
    "createTime": "2017-08-08T03:12:20.000Z",
    "lastUpdateTime": "2017-08-08T03:12:20.000Z",
    "auth": 2,
    "uid": "bd-3006695220",
    "publishedVersion": 0,
    "forkFrom": "-",
    "isSpam": 0,
    "version": 4,
    "parentVersion": 3,
    "echartsVersion": "3.6.2",
    "versionCreateTime": "2017-08-09T07:42:13.000Z",
    "html": "",
    "externalScripts": "",
    "updaterUID": "bd-3006695220",
    "theme": "",
    "layout": "",
    "viewCount": 449,
    "userName": "ZTQ的天空",
    "commentCount": 0,
    "starCount": 0,
    "isStared": 0,
    "thumbnailURL": "https://www.makeapie.com/ecg-storage/ec_gallery_thumbnail/xrJhMhs8Pb.png?v=1502264533879",
    "isCustomThumbnail": 0,
    "builtinTags": [
        "category-work",
        "legend",
        "radar",
        "series-radar",
        "title",
        "tooltip"
    ],
    "customTags": [],
    "updaterUserName": "ZTQ的天空"
}