{
    "cid": "xrkeF6sUPb",
    "authorUid": "bd-3006695220",
    "authorUserName": "ZTQ的天空",
    "title": "饼状图1",
    "description": "",
    "latestVersion": 1,
    "alwaysLatest": 1,
    "createTime": "2017-08-08T03:18:16.000Z",
    "lastUpdateTime": "2017-08-08T03:18:16.000Z",
    "auth": 2,
    "uid": "bd-3006695220",
    "publishedVersion": 0,
    "forkFrom": "-",
    "isSpam": 0,
    "version": 1,
    "parentVersion": -1,
    "echartsVersion": "3.6.2",
    "versionCreateTime": "2017-08-08T03:18:16.000Z",
    "html": "",
    "externalScripts": "",
    "updaterUID": "bd-3006695220",
    "theme": "",
    "layout": "",
    "viewCount": 228,
    "userName": "ZTQ的天空",
    "commentCount": 0,
    "starCount": 0,
    "isStared": 0,
    "thumbnailURL": "https://www.makeapie.com/ecg-storage/ec_gallery_thumbnail/xrkeF6sUPb.png?v=1502162296387",
    "isCustomThumbnail": 0,
    "builtinTags": [
        "category-work",
        "graphic",
        "series-pie",
        "tooltip"
    ],
    "customTags": [],
    "updaterUserName": "ZTQ的天空"
}