{
    "cid": "xrySeMwJvW",
    "authorUid": "bd-2215764494",
    "authorUserName": "p***g",
    "title": "Noise modified from marpi's demo ",
    "description": "Original demo: https://demo.marpi.pl/biomes/",
    "latestVersion": 7,
    "alwaysLatest": 1,
    "createTime": "2017-08-02T14:30:04.000Z",
    "lastUpdateTime": "2021-04-25T02:59:44.000Z",
    "auth": 2,
    "uid": "bd-2215764494",
    "publishedVersion": 0,
    "forkFrom": "-",
    "isSpam": 0,
    "version": 7,
    "parentVersion": 6,
    "echartsVersion": "4.9.0",
    "versionCreateTime": "2021-04-25T03:00:10.000Z",
    "html": "",
    "externalScripts": "http://echarts.baidu.com/resource/echarts-gl-latest/dist/echarts-gl.min.js,https://demo.marpi.pl/biomes/SimplexNoise.js,https://rawgit.com/ecomfe/echarts-gl/master/test/lib/download.js,https://rawgit.com/ecomfe/echarts-gl/master/test/js/exportGL2PLY.js",
    "updaterUID": "bd-2215764494",
    "theme": "default",
    "layout": "",
    "viewCount": 8320,
    "userName": "p***g",
    "commentCount": 0,
    "starCount": 11,
    "isStared": 0,
    "thumbnailURL": "https://www.makeapie.com/ecg-storage/ec_gallery_thumbnail/xrySeMwJvW.png?v=1619319586204",
    "isCustomThumbnail": 1,
    "builtinTags": [
        "category-work",
        "grid3D",
        "series-bar3D",
        "toolbox",
        "tooltip",
        "visualMap"
    ],
    "customTags": [
        "echarts-gl"
    ],
    "updaterUserName": "p***g"
}