{
    "cid": "xSkKLtLkwW",
    "authorUid": "bd-2838033750",
    "authorUserName": "金佛老道",
    "title": "第一个作品",
    "description": "用的组件还可以，但是重复代码比价多",
    "latestVersion": 1,
    "alwaysLatest": 1,
    "createTime": "2017-08-02T13:53:21.000Z",
    "lastUpdateTime": "2017-08-03T04:06:53.000Z",
    "auth": 1,
    "uid": "bd-2838033750",
    "publishedVersion": 0,
    "forkFrom": "-",
    "isSpam": 0,
    "version": 1,
    "parentVersion": -1,
    "echartsVersion": "3.6.2",
    "versionCreateTime": "2017-08-02T13:53:21.000Z",
    "html": "",
    "externalScripts": "",
    "updaterUID": "bd-2838033750",
    "theme": "dark",
    "layout": "",
    "viewCount": 998,
    "userName": "金佛老道",
    "commentCount": 0,
    "starCount": 3,
    "isStared": 0,
    "thumbnailURL": "https://www.makeapie.com/ecg-storage/ec_gallery_thumbnail/xSkKLtLkwW.png?v=1501682001485",
    "isCustomThumbnail": 0,
    "builtinTags": [],
    "customTags": [],
    "updaterUserName": "金佛老道"
}