{
    "cid": "xSknX6oUDZ",
    "authorUid": "bd-4029360319",
    "authorUserName": "大爱娜拉姐",
    "title": "矩形图 - 数据纯属虚构",
    "description": "2017/08",
    "latestVersion": 1,
    "alwaysLatest": 1,
    "createTime": "2017-08-08T03:16:52.000Z",
    "lastUpdateTime": "2017-08-08T03:16:52.000Z",
    "auth": 2,
    "uid": "bd-4029360319",
    "publishedVersion": 0,
    "forkFrom": "-",
    "isSpam": 0,
    "version": 1,
    "parentVersion": -1,
    "echartsVersion": "3.6.2",
    "versionCreateTime": "2017-08-08T03:16:52.000Z",
    "html": "",
    "externalScripts": "",
    "updaterUID": "bd-4029360319",
    "theme": "",
    "layout": "",
    "viewCount": 945,
    "userName": "大爱娜拉姐",
    "commentCount": 0,
    "starCount": 1,
    "isStared": 0,
    "thumbnailURL": "https://www.makeapie.com/ecg-storage/ec_gallery_thumbnail/xSknX6oUDZ.png?v=1502162212371",
    "isCustomThumbnail": 0,
    "builtinTags": [
        "category-work",
        "series-treemap",
        "title",
        "tooltip"
    ],
    "customTags": [],
    "updaterUserName": "大爱娜拉姐"
}