{
    "cid": "xSyVPD0AIW",
    "authorUid": "bd-1192091434",
    "authorUserName": "s***2",
    "title": "Round Mask",
    "description": "",
    "latestVersion": 6,
    "alwaysLatest": 1,
    "createTime": "2017-08-02T04:38:51.000Z",
    "lastUpdateTime": "2017-08-02T04:38:51.000Z",
    "auth": 2,
    "uid": "bd-1192091434",
    "publishedVersion": 0,
    "forkFrom": "-",
    "isSpam": 0,
    "version": 6,
    "parentVersion": 5,
    "echartsVersion": "3.6.2",
    "versionCreateTime": "2017-08-02T05:08:24.000Z",
    "html": "",
    "externalScripts": "",
    "updaterUID": "bd-1192091434",
    "theme": "",
    "layout": "",
    "viewCount": 220,
    "userName": "s***2",
    "commentCount": 0,
    "starCount": 1,
    "isStared": 0,
    "thumbnailURL": "https://www.makeapie.com/ecg-storage/ec_gallery_thumbnail/xSyVPD0AIW.png?v=1501650504130",
    "isCustomThumbnail": 0,
    "builtinTags": [
        "category-work",
        "grid",
        "series-bar",
        "series-custom",
        "tooltip"
    ],
    "customTags": [],
    "updaterUserName": "s***2"
}