{
    "cid": "x6Rr6yQFb",
    "authorUid": "bd-623649287",
    "authorUserName": "l***c",
    "title": "银河·折线组合",
    "description": "",
    "latestVersion": 2,
    "alwaysLatest": 1,
    "createTime": "2019-11-09T07:41:20.000Z",
    "lastUpdateTime": "2019-11-09T07:41:20.000Z",
    "auth": 2,
    "uid": "bd-623649287",
    "publishedVersion": 0,
    "forkFrom": "-",
    "isSpam": 0,
    "version": 2,
    "parentVersion": 1,
    "echartsVersion": "4.4.0",
    "versionCreateTime": "2019-11-11T04:28:12.000Z",
    "html": "",
    "externalScripts": "",
    "updaterUID": "bd-623649287",
    "theme": "",
    "layout": "",
    "viewCount": 103,
    "userName": "l***c",
    "commentCount": 0,
    "starCount": 0,
    "isStared": 0,
    "thumbnailURL": "https://www.makeapie.com/ecg-storage/ec_gallery_thumbnail/x6Rr6yQFb.png?v=1573446492195",
    "isCustomThumbnail": 0,
    "builtinTags": [
        "category-work",
        "grid",
        "series-line",
        "tooltip"
    ],
    "customTags": [],
    "updaterUserName": "l***c"
}