{
    "cid": "x7P1CWGOY",
    "authorUid": "bd-3544681302",
    "authorUserName": "我***丶",
    "title": "附近小程序商家联系信息",
    "description": "",
    "latestVersion": 1,
    "alwaysLatest": 1,
    "createTime": "2019-11-08T06:21:36.000Z",
    "lastUpdateTime": "2019-11-08T06:21:36.000Z",
    "auth": 2,
    "uid": "bd-3544681302",
    "publishedVersion": 0,
    "forkFrom": "-",
    "isSpam": 0,
    "version": 1,
    "parentVersion": -1,
    "echartsVersion": "4.4.0",
    "versionCreateTime": "2019-11-08T06:21:36.000Z",
    "html": "",
    "externalScripts": "",
    "updaterUID": "bd-3544681302",
    "theme": "",
    "layout": "",
    "viewCount": 75,
    "userName": "我***丶",
    "commentCount": 0,
    "starCount": 0,
    "isStared": 0,
    "thumbnailURL": "https://www.makeapie.com/ecg-storage/ec_gallery_thumbnail/x7P1CWGOY.png?v=1573194096649",
    "isCustomThumbnail": 0,
    "builtinTags": [
        "category-work",
        "legend",
        "series-pie",
        "toolbox",
        "tooltip"
    ],
    "customTags": [],
    "updaterUserName": "我***丶"
}