{
    "cid": "x90bG1D_X",
    "authorUid": "bd-474718062",
    "authorUserName": "少***心",
    "title": "词云",
    "description": "仅供参考",
    "latestVersion": 3,
    "alwaysLatest": 1,
    "createTime": "2019-11-09T07:49:15.000Z",
    "lastUpdateTime": "2019-11-09T07:49:15.000Z",
    "auth": 2,
    "uid": "bd-474718062",
    "publishedVersion": 0,
    "forkFrom": "-",
    "isSpam": 0,
    "version": 3,
    "parentVersion": 2,
    "echartsVersion": "4.4.0",
    "versionCreateTime": "2019-11-09T09:00:45.000Z",
    "html": "",
    "externalScripts": "https://oisanjavax.github.io/echarts-wordcloud/dist/echarts-wordcloud.min.js",
    "updaterUID": "bd-474718062",
    "theme": "",
    "layout": "",
    "viewCount": 555,
    "userName": "少***心",
    "commentCount": 0,
    "starCount": 0,
    "isStared": 0,
    "thumbnailURL": "https://www.makeapie.com/ecg-storage/ec_gallery_thumbnail/x90bG1D_X.png?v=1573290045992",
    "isCustomThumbnail": 0,
    "builtinTags": [
        "category-work",
        "legend",
        "series-wordCloud",
        "title",
        "tooltip"
    ],
    "customTags": [],
    "updaterUserName": "少***心"
}