{
    "cid": "xEkFkYmS-",
    "authorUid": "bd-1027371310",
    "authorUserName": "1***A",
    "title": "China_styled_layer",
    "description": "",
    "latestVersion": 5,
    "alwaysLatest": 1,
    "createTime": "2019-11-08T09:23:52.000Z",
    "lastUpdateTime": "2019-11-08T09:23:52.000Z",
    "auth": 2,
    "uid": "bd-1027371310",
    "publishedVersion": 0,
    "forkFrom": "-",
    "isSpam": 0,
    "version": 5,
    "parentVersion": 4,
    "echartsVersion": "4.4.0",
    "versionCreateTime": "2019-11-08T09:45:21.000Z",
    "html": "",
    "externalScripts": "/dep/echarts/map/js/china.js",
    "updaterUID": "bd-1027371310",
    "theme": "",
    "layout": "",
    "viewCount": 268,
    "userName": "1***A",
    "commentCount": 0,
    "starCount": 1,
    "isStared": 0,
    "thumbnailURL": "https://www.makeapie.com/ecg-storage/ec_gallery_thumbnail/xEkFkYmS-.png?v=1573206321592",
    "isCustomThumbnail": 0,
    "builtinTags": [
        "category-work",
        "geo"
    ],
    "customTags": [],
    "updaterUserName": "1***A"
}