{
    "cid": "xHQPJlLex",
    "authorUid": "bd-3544681302",
    "authorUserName": "我***丶",
    "title": "小程序功能情况分析",
    "description": "",
    "latestVersion": 2,
    "alwaysLatest": 1,
    "createTime": "2019-11-08T06:19:25.000Z",
    "lastUpdateTime": "2019-11-08T06:19:25.000Z",
    "auth": 2,
    "uid": "bd-3544681302",
    "publishedVersion": 0,
    "forkFrom": "-",
    "isSpam": 0,
    "version": 2,
    "parentVersion": 1,
    "echartsVersion": "4.4.0",
    "versionCreateTime": "2019-11-12T07:00:58.000Z",
    "html": "",
    "externalScripts": "",
    "updaterUID": "bd-3544681302",
    "theme": "",
    "layout": "",
    "viewCount": 31,
    "userName": "我***丶",
    "commentCount": 0,
    "starCount": 0,
    "isStared": 0,
    "thumbnailURL": "https://www.makeapie.com/ecg-storage/ec_gallery_thumbnail/xHQPJlLex.png?v=1573542059018",
    "isCustomThumbnail": 0,
    "builtinTags": [
        "category-work",
        "legend",
        "series-pie",
        "toolbox",
        "tooltip"
    ],
    "customTags": [],
    "updaterUserName": "我***丶"
}