{
    "cid": "xN5mlbqok",
    "authorUid": "bd-2291206321",
    "authorUserName": "1***去",
    "title": "Y轴组合图",
    "description": "",
    "latestVersion": 9,
    "alwaysLatest": 1,
    "createTime": "2019-11-09T04:23:19.000Z",
    "lastUpdateTime": "2019-11-09T04:23:19.000Z",
    "auth": 2,
    "uid": "bd-2291206321",
    "publishedVersion": 0,
    "forkFrom": "-",
    "isSpam": 0,
    "version": 9,
    "parentVersion": 8,
    "echartsVersion": "4.4.0",
    "versionCreateTime": "2019-11-11T06:22:46.000Z",
    "html": "",
    "externalScripts": "",
    "updaterUID": "bd-2291206321",
    "theme": "",
    "layout": "",
    "viewCount": 199,
    "userName": "1***去",
    "commentCount": 0,
    "starCount": 0,
    "isStared": 0,
    "thumbnailURL": "https://www.makeapie.com/ecg-storage/ec_gallery_thumbnail/xN5mlbqok.png?v=1573453366381",
    "isCustomThumbnail": 0,
    "builtinTags": [
        "category-work",
        "dataZoom",
        "grid",
        "legend",
        "series-line",
        "title",
        "tooltip"
    ],
    "customTags": [],
    "updaterUserName": "1***去"
}