{
    "cid": "xwOgkTd4n",
    "authorUid": "bd-474718062",
    "authorUserName": "少***心",
    "title": "降水量与温度变化(年)",
    "description": "仅供参考",
    "latestVersion": 1,
    "alwaysLatest": 1,
    "createTime": "2019-11-08T06:01:39.000Z",
    "lastUpdateTime": "2019-11-08T06:01:39.000Z",
    "auth": 2,
    "uid": "bd-474718062",
    "publishedVersion": 0,
    "forkFrom": "-",
    "isSpam": 0,
    "version": 1,
    "parentVersion": -1,
    "echartsVersion": "4.4.0",
    "versionCreateTime": "2019-11-08T06:01:39.000Z",
    "html": "",
    "externalScripts": "",
    "updaterUID": "bd-474718062",
    "theme": "",
    "layout": "",
    "viewCount": 158,
    "userName": "少***心",
    "commentCount": 0,
    "starCount": 1,
    "isStared": 0,
    "thumbnailURL": "https://www.makeapie.com/ecg-storage/ec_gallery_thumbnail/xwOgkTd4n.png?v=1573192899944",
    "isCustomThumbnail": 0,
    "builtinTags": [
        "category-work",
        "grid",
        "legend",
        "series-bar",
        "series-line",
        "title",
        "tooltip"
    ],
    "customTags": [],
    "updaterUserName": "少***心"
}