{
    "cid": "xWSnx5gXV",
    "authorUid": "bd-623649287",
    "authorUserName": "l***c",
    "title": "同一个图中多坐标轴",
    "description": "",
    "latestVersion": 23,
    "alwaysLatest": 1,
    "createTime": "2019-11-11T05:30:36.000Z",
    "lastUpdateTime": "2019-11-11T05:30:36.000Z",
    "auth": 2,
    "uid": "bd-623649287",
    "publishedVersion": 0,
    "forkFrom": "-",
    "isSpam": 0,
    "version": 23,
    "parentVersion": 22,
    "echartsVersion": "4.4.0",
    "versionCreateTime": "2019-11-18T04:28:15.000Z",
    "html": "",
    "externalScripts": "",
    "updaterUID": "bd-623649287",
    "theme": "",
    "layout": "",
    "viewCount": 385,
    "userName": "l***c",
    "commentCount": 0,
    "starCount": 1,
    "isStared": 0,
    "thumbnailURL": "https://www.makeapie.com/ecg-storage/ec_gallery_thumbnail/xWSnx5gXV.png?v=1574051295953",
    "isCustomThumbnail": 0,
    "builtinTags": [
        "category-work",
        "dataZoom",
        "grid",
        "markPoint",
        "series-line",
        "tooltip"
    ],
    "customTags": [],
    "updaterUserName": "l***c"
}