{
    "cid": "x30sqIjOp7",
    "authorUid": "obd-ojLzjb3uoUxOpMGxdEP8KJdeD8hctEk",
    "authorUserName": "噬***灬",
    "title": "雷达图",
    "description": "渐变雷达图",
    "latestVersion": 8,
    "alwaysLatest": 0,
    "createTime": "2021-05-10T01:38:13.000Z",
    "lastUpdateTime": "2021-10-26T02:52:55.000Z",
    "auth": 1,
    "uid": "obd-ojLzjb3uoUxOpMGxdEP8KJdeD8hctEk",
    "publishedVersion": 0,
    "forkFrom": "-",
    "isSpam": 0,
    "version": 8,
    "parentVersion": 7,
    "echartsVersion": "5.1.1",
    "versionCreateTime": "2021-10-26T02:52:55.000Z",
    "html": "",
    "externalScripts": "",
    "updaterUID": "bd-7224748",
    "theme": "",
    "layout": "",
    "viewCount": 0,
    "userName": "噬***灬",
    "commentCount": 0,
    "starCount": 19,
    "isStared": 0,
    "thumbnailURL": "https://www.makeapie.com/ecg-storage/ec_gallery_thumbnail/x30sqIjOp7.png?v=1635216775838",
    "isCustomThumbnail": 0,
    "builtinTags": [
        "category-work",
        "legend",
        "radar",
        "series-radar",
        "tooltip"
    ],
    "customTags": [],
    "updaterUserName": "打***飞"
}