{
    "cid": "xANDf0gFAk",
    "authorUid": "obd-o04O47Ic0fY082wdaluUNUrelfhBhFq",
    "authorUserName": "l***油",
    "title": "组合图例（一）",
    "description": "",
    "latestVersion": 1,
    "alwaysLatest": 0,
    "createTime": "2021-04-27T01:02:29.000Z",
    "lastUpdateTime": "2021-04-27T01:02:29.000Z",
    "auth": 2,
    "uid": "obd-o04O47Ic0fY082wdaluUNUrelfhBhFq",
    "publishedVersion": 0,
    "forkFrom": "-",
    "isSpam": 0,
    "version": 1,
    "parentVersion": -1,
    "echartsVersion": "5.1.0",
    "versionCreateTime": "2021-04-27T01:02:29.000Z",
    "html": "",
    "externalScripts": "",
    "updaterUID": "obd-o04O47Ic0fY082wdaluUNUrelfhBhFq",
    "theme": "dark",
    "layout": "",
    "viewCount": 0,
    "userName": "l***油",
    "commentCount": 1,
    "starCount": 16,
    "isStared": 0,
    "thumbnailURL": "https://www.makeapie.com/ecg-storage/ec_gallery_thumbnail/xANDf0gFAk.png?v=1619485350034",
    "isCustomThumbnail": 0,
    "builtinTags": [
        "category-work",
        "grid",
        "legend",
        "series-bar",
        "series-line",
        "tooltip"
    ],
    "customTags": [],
    "updaterUserName": "l***油"
}