{
    "cid": "xE9XNMADdf",
    "authorUid": "obd-oMpbeiYhMmlUladllyofgMO_Tfrlg2R",
    "authorUserName": "1***b",
    "title": "比率",
    "description": "",
    "latestVersion": 3,
    "alwaysLatest": 0,
    "createTime": "2021-04-26T10:09:49.000Z",
    "lastUpdateTime": "2021-04-26T10:09:49.000Z",
    "auth": 2,
    "uid": "obd-oMpbeiYhMmlUladllyofgMO_Tfrlg2R",
    "publishedVersion": 0,
    "forkFrom": "-",
    "isSpam": 0,
    "version": 3,
    "parentVersion": 2,
    "echartsVersion": "5.1.0",
    "versionCreateTime": "2021-04-27T01:47:43.000Z",
    "html": "",
    "externalScripts": "",
    "updaterUID": "obd-oMpbeiYhMmlUladllyofgMO_Tfrlg2R",
    "theme": "",
    "layout": "",
    "viewCount": 0,
    "userName": "1***b",
    "commentCount": 0,
    "starCount": 13,
    "isStared": 0,
    "thumbnailURL": "https://www.makeapie.com/ecg-storage/ec_gallery_thumbnail/xE9XNMADdf.png?v=1619488063732",
    "isCustomThumbnail": 0,
    "builtinTags": [
        "category-work",
        "grid",
        "series-bar"
    ],
    "customTags": [],
    "updaterUserName": "1***b"
}