{
    "cid": "xFEWSTb5l8",
    "authorUid": "obd-oFbxfOlGkoVXv2Gg4ljMXpULydY6U5B",
    "authorUserName": "d***5",
    "title": "横向进度图",
    "description": "自己在原有上去修改的",
    "latestVersion": 2,
    "alwaysLatest": 0,
    "createTime": "2021-06-03T03:37:08.000Z",
    "lastUpdateTime": "2021-06-03T03:37:08.000Z",
    "auth": 2,
    "uid": "obd-oFbxfOlGkoVXv2Gg4ljMXpULydY6U5B",
    "publishedVersion": 0,
    "forkFrom": "-",
    "isSpam": 0,
    "version": 2,
    "parentVersion": 1,
    "echartsVersion": "5.1.1",
    "versionCreateTime": "2021-06-03T03:38:44.000Z",
    "html": "",
    "externalScripts": "",
    "updaterUID": "obd-oFbxfOlGkoVXv2Gg4ljMXpULydY6U5B",
    "theme": "",
    "layout": "",
    "viewCount": 0,
    "userName": "d***5",
    "commentCount": 0,
    "starCount": 19,
    "isStared": 0,
    "thumbnailURL": "https://www.makeapie.com/ecg-storage/ec_gallery_thumbnail/xFEWSTb5l8.png?v=1622691524713",
    "isCustomThumbnail": 0,
    "builtinTags": [
        "category-work",
        "grid",
        "series-bar",
        "series-pictorialBar"
    ],
    "customTags": [],
    "updaterUserName": "d***5"
}