{
    "cid": "xfIs8SjgSR",
    "authorUid": "obd-oDoa8L5uR364zXRk5QpC_cigut0tw1m",
    "authorUserName": "花***n",
    "title": "1-仪表盘-全校师生比",
    "description": "",
    "latestVersion": 7,
    "alwaysLatest": 0,
    "createTime": "2021-05-13T01:01:48.000Z",
    "lastUpdateTime": "2021-10-29T08:52:34.000Z",
    "auth": 1,
    "uid": "obd-oDoa8L5uR364zXRk5QpC_cigut0tw1m",
    "publishedVersion": 0,
    "forkFrom": "-",
    "isSpam": 0,
    "version": 7,
    "parentVersion": 6,
    "echartsVersion": "5.1.1",
    "versionCreateTime": "2021-10-29T08:52:34.000Z",
    "html": "",
    "externalScripts": "",
    "updaterUID": "bd-507364930",
    "theme": "",
    "layout": "",
    "viewCount": 0,
    "userName": "花***n",
    "commentCount": 0,
    "starCount": 14,
    "isStared": 0,
    "thumbnailURL": "https://www.makeapie.com/ecg-storage/ec_gallery_thumbnail/xfIs8SjgSR.png?v=1635497554546",
    "isCustomThumbnail": 0,
    "builtinTags": [
        "category-work",
        "polar",
        "series-bar",
        "series-gauge",
        "series-pie",
        "title",
        "tooltip"
    ],
    "customTags": [],
    "updaterUserName": "1***v"
}