{
    "cid": "xFpbH7tSVu",
    "authorUid": "obd-oMLbfwM7lRUCiBfrIF3uVAHIPC9Qa2u",
    "authorUserName": "t***1",
    "title": "双雷达图",
    "description": "（半成品）中间加圆圈和title文字具体看注释",
    "latestVersion": 2,
    "alwaysLatest": 0,
    "createTime": "2021-04-28T10:32:46.000Z",
    "lastUpdateTime": "2021-04-28T10:32:46.000Z",
    "auth": 2,
    "uid": "obd-oMLbfwM7lRUCiBfrIF3uVAHIPC9Qa2u",
    "publishedVersion": 0,
    "forkFrom": "-",
    "isSpam": 0,
    "version": 2,
    "parentVersion": 1,
    "echartsVersion": "5.1.1",
    "versionCreateTime": "2021-04-29T01:17:36.000Z",
    "html": "",
    "externalScripts": "",
    "updaterUID": "obd-oMLbfwM7lRUCiBfrIF3uVAHIPC9Qa2u",
    "theme": "",
    "layout": "",
    "viewCount": 0,
    "userName": "t***1",
    "commentCount": 0,
    "starCount": 19,
    "isStared": 0,
    "thumbnailURL": "https://www.makeapie.com/ecg-storage/ec_gallery_thumbnail/xFpbH7tSVu.png?v=1619659056888",
    "isCustomThumbnail": 0,
    "builtinTags": [
        "category-work",
        "legend",
        "radar",
        "series-pie",
        "series-radar",
        "title"
    ],
    "customTags": [],
    "updaterUserName": "t***1"
}