{
    "cid": "xFpqzcUKBh",
    "authorUid": "bd-3359884264",
    "authorUserName": "橙***蝎",
    "title": "bar_3d",
    "description": "",
    "latestVersion": 4,
    "alwaysLatest": 0,
    "createTime": "2021-08-17T05:53:21.000Z",
    "lastUpdateTime": "2021-08-18T08:12:17.000Z",
    "auth": 2,
    "uid": "bd-3359884264",
    "publishedVersion": 0,
    "forkFrom": "-",
    "isSpam": 0,
    "version": 4,
    "parentVersion": 3,
    "echartsVersion": "5.1.2",
    "versionCreateTime": "2021-08-18T08:12:17.000Z",
    "html": "",
    "externalScripts": "",
    "updaterUID": "bd-3359884264",
    "theme": "",
    "layout": "",
    "viewCount": 0,
    "userName": "橙***蝎",
    "commentCount": 0,
    "starCount": 16,
    "isStared": 0,
    "thumbnailURL": "https://www.makeapie.com/ecg-storage/ec_gallery_thumbnail/xFpqzcUKBh.png?v=1629274337603",
    "isCustomThumbnail": 0,
    "builtinTags": [
        "category-work",
        "grid",
        "series-bar",
        "series-pictorialBar"
    ],
    "customTags": [],
    "updaterUserName": "橙***蝎"
}