{
    "cid": "xnnQq9-AOM",
    "authorUid": "bd-1965603209",
    "authorUserName": "L***d",
    "title": "热词气泡图（范围内随机生成不重叠）",
    "description": "可以在矩形范围内随机生成不重叠的圆，且限制不同圆之间的大小差别。",
    "latestVersion": 3,
    "alwaysLatest": 0,
    "createTime": "2021-08-25T04:53:11.000Z",
    "lastUpdateTime": "2021-08-25T07:50:15.000Z",
    "auth": 2,
    "uid": "bd-1965603209",
    "publishedVersion": 0,
    "forkFrom": "-",
    "isSpam": 0,
    "version": 3,
    "parentVersion": 2,
    "echartsVersion": "5.1.2",
    "versionCreateTime": "2021-08-25T07:50:15.000Z",
    "html": "",
    "externalScripts": "",
    "updaterUID": "bd-1965603209",
    "theme": "",
    "layout": "",
    "viewCount": 0,
    "userName": "L***d",
    "commentCount": 0,
    "starCount": 14,
    "isStared": 0,
    "thumbnailURL": "https://www.makeapie.com/ecg-storage/ec_gallery_thumbnail/xnnQq9-AOM.png?v=1629877815718",
    "isCustomThumbnail": 0,
    "builtinTags": [
        "category-work",
        "series-graph",
        "title",
        "tooltip"
    ],
    "customTags": [],
    "updaterUserName": "L***d"
}