{
    "cid": "xpsQ77TdKP",
    "authorUid": "bd-1317155940",
    "authorUserName": "雪***0",
    "title": "linebar",
    "description": "",
    "latestVersion": 2,
    "alwaysLatest": 0,
    "createTime": "2021-04-27T12:10:14.000Z",
    "lastUpdateTime": "2021-04-27T12:10:14.000Z",
    "auth": 2,
    "uid": "bd-1317155940",
    "publishedVersion": 0,
    "forkFrom": "-",
    "isSpam": 0,
    "version": 2,
    "parentVersion": 1,
    "echartsVersion": "5.1.1",
    "versionCreateTime": "2021-04-27T12:10:38.000Z",
    "html": "",
    "externalScripts": "",
    "updaterUID": "bd-1317155940",
    "theme": "",
    "layout": "",
    "viewCount": 0,
    "userName": "雪***0",
    "commentCount": 0,
    "starCount": 11,
    "isStared": 0,
    "thumbnailURL": "https://www.makeapie.com/ecg-storage/ec_gallery_thumbnail/xpsQ77TdKP.png?v=1619525438367",
    "isCustomThumbnail": 0,
    "builtinTags": [
        "category-work",
        "grid",
        "legend",
        "series-bar",
        "series-line",
        "tooltip"
    ],
    "customTags": [],
    "updaterUserName": "雪***0"
}