{
    "cid": "xRLsH96oVe",
    "authorUid": "obd-ojgTs_jdAA-jsHdwfk15r7p6NNzmTDK",
    "authorUserName": "一***心",
    "title": "柱状图的下钻功能",
    "description": "",
    "latestVersion": 3,
    "alwaysLatest": 0,
    "createTime": "2021-05-25T09:41:49.000Z",
    "lastUpdateTime": "2021-12-27T08:16:41.000Z",
    "auth": 2,
    "uid": "obd-ojgTs_jdAA-jsHdwfk15r7p6NNzmTDK",
    "publishedVersion": 0,
    "forkFrom": "-",
    "isSpam": 0,
    "version": 3,
    "parentVersion": 2,
    "echartsVersion": "5.1.1",
    "versionCreateTime": "2021-12-27T08:16:41.000Z",
    "html": "",
    "externalScripts": "",
    "updaterUID": "obd-ojgTs_jdAA-jsHdwfk15r7p6NNzmTDK",
    "theme": "",
    "layout": "",
    "viewCount": 0,
    "userName": "一***心",
    "commentCount": 2,
    "starCount": 15,
    "isStared": 0,
    "thumbnailURL": "https://www.makeapie.com/ecg-storage/ec_gallery_thumbnail/xRLsH96oVe.png?v=1640593001484",
    "isCustomThumbnail": 0,
    "builtinTags": [
        "category-work",
        "legend",
        "series-pie",
        "title",
        "tooltip"
    ],
    "customTags": [],
    "updaterUserName": "一***心"
}