{
    "cid": "xWiozEjrnf",
    "authorUid": "bd-3074445319",
    "authorUserName": "黑***来",
    "title": "渐变横向柱状图",
    "description": "",
    "latestVersion": 1,
    "alwaysLatest": 0,
    "createTime": "2021-07-16T12:09:54.000Z",
    "lastUpdateTime": "2021-07-16T12:09:54.000Z",
    "auth": 2,
    "uid": "bd-3074445319",
    "publishedVersion": 0,
    "forkFrom": "-",
    "isSpam": 0,
    "version": 1,
    "parentVersion": -1,
    "echartsVersion": "5.1.2",
    "versionCreateTime": "2021-07-16T12:09:54.000Z",
    "html": "",
    "externalScripts": "",
    "updaterUID": "bd-3074445319",
    "theme": "dark",
    "layout": "",
    "viewCount": 0,
    "userName": "黑***来",
    "commentCount": 0,
    "starCount": 14,
    "isStared": 0,
    "thumbnailURL": "https://www.makeapie.com/ecg-storage/ec_gallery_thumbnail/xWiozEjrnf.png?v=1626437394610",
    "isCustomThumbnail": 0,
    "builtinTags": [
        "category-work",
        "dataset",
        "grid",
        "legend",
        "series-bar",
        "tooltip"
    ],
    "customTags": [],
    "updaterUserName": "黑***来"
}