{
    "cid": "xxhKljVdT1",
    "authorUid": "obd-o0B9fGAjy6H8RU1uHyn3e2FDTw--HF4",
    "authorUserName": "啊***听",
    "title": "宾王11",
    "description": "",
    "latestVersion": 3,
    "alwaysLatest": 0,
    "createTime": "2021-06-11T07:33:47.000Z",
    "lastUpdateTime": "2021-11-28T11:32:18.000Z",
    "auth": 1,
    "uid": "obd-o0B9fGAjy6H8RU1uHyn3e2FDTw--HF4",
    "publishedVersion": 0,
    "forkFrom": "-",
    "isSpam": 0,
    "version": 3,
    "parentVersion": 2,
    "echartsVersion": "5.1.2",
    "versionCreateTime": "2021-11-28T11:32:18.000Z",
    "html": "",
    "externalScripts": "",
    "updaterUID": "bd-3489928789",
    "theme": "",
    "layout": "",
    "viewCount": 0,
    "userName": "啊***听",
    "commentCount": 0,
    "starCount": 11,
    "isStared": 0,
    "thumbnailURL": "https://www.makeapie.com/ecg-storage/ec_gallery_thumbnail/xxhKljVdT1.png?v=1638099138471",
    "isCustomThumbnail": 0,
    "builtinTags": [
        "category-work",
        "grid",
        "series-custom",
        "title"
    ],
    "customTags": [],
    "updaterUserName": "v***2"
}