{
    "cid": "xXLsFtr-M3c",
    "authorUid": "obd-o0gOZGbn-lKPw4xQhyiQCAlPCUJd7Fr",
    "authorUserName": "k***9",
    "title": "圆柱",
    "description": "",
    "latestVersion": 1,
    "alwaysLatest": 0,
    "createTime": "2021-07-01T11:42:38.000Z",
    "lastUpdateTime": "2021-07-01T11:42:38.000Z",
    "auth": 2,
    "uid": "obd-o0gOZGbn-lKPw4xQhyiQCAlPCUJd7Fr",
    "publishedVersion": 0,
    "forkFrom": "-",
    "isSpam": 0,
    "version": 1,
    "parentVersion": -1,
    "echartsVersion": "5.1.2",
    "versionCreateTime": "2021-07-01T11:42:38.000Z",
    "html": "",
    "externalScripts": "",
    "updaterUID": "obd-o0gOZGbn-lKPw4xQhyiQCAlPCUJd7Fr",
    "theme": "",
    "layout": "",
    "viewCount": 0,
    "userName": "k***9",
    "commentCount": 0,
    "starCount": 18,
    "isStared": 0,
    "thumbnailURL": "https://www.makeapie.com/ecg-storage/ec_gallery_thumbnail/xXLsFtr-M3c.png?v=1625139759107",
    "isCustomThumbnail": 0,
    "builtinTags": [
        "category-work",
        "grid",
        "series-bar",
        "series-pictorialBar",
        "tooltip"
    ],
    "customTags": [],
    "updaterUserName": "k***9"
}