{
    "cid": "xxVMteY8qe",
    "authorUid": "obd-o-1SLhH1kkPp8_ImwKzwYvECZweJZAW",
    "authorUserName": "U***羽",
    "title": "电池状态",
    "description": "",
    "latestVersion": 12,
    "alwaysLatest": 1,
    "createTime": "2021-06-25T02:06:14.000Z",
    "lastUpdateTime": "2021-06-28T03:48:26.000Z",
    "auth": 2,
    "uid": "obd-o-1SLhH1kkPp8_ImwKzwYvECZweJZAW",
    "publishedVersion": 0,
    "forkFrom": "-",
    "isSpam": 0,
    "version": 12,
    "parentVersion": 11,
    "echartsVersion": "5.1.2",
    "versionCreateTime": "2021-06-28T03:48:26.000Z",
    "html": "",
    "externalScripts": "https://cdn.jsdelivr.net/npm/echarts-liquidfill@3/dist/echarts-liquidfill.min.js,https://www.layuicdn.com/layui/layui.js,https://www.layuicdn.com/layui/css/layui.css",
    "updaterUID": "obd-o-1SLhH1kkPp8_ImwKzwYvECZweJZAW",
    "theme": "",
    "layout": "",
    "viewCount": 0,
    "userName": "U***羽",
    "commentCount": 0,
    "starCount": 12,
    "isStared": 0,
    "thumbnailURL": "https://www.makeapie.com/ecg-storage/ec_gallery_thumbnail/xxVMteY8qe.png?v=1624852107041",
    "isCustomThumbnail": 0,
    "builtinTags": [
        "category-work",
        "series-liquidFill",
        "title"
    ],
    "customTags": [],
    "updaterUserName": "U***羽"
}