{
    "cid": "x-YEJBcFFt",
    "authorUid": "obd-oEg7g4y1u_MfSNegYdeL204jRziV14u",
    "authorUserName": "_***u",
    "title": "总和表",
    "description": "",
    "latestVersion": 1,
    "alwaysLatest": 0,
    "createTime": "2021-10-28T07:58:28.000Z",
    "lastUpdateTime": "2021-10-28T07:58:28.000Z",
    "auth": 2,
    "uid": "obd-oEg7g4y1u_MfSNegYdeL204jRziV14u",
    "publishedVersion": 0,
    "forkFrom": "-",
    "isSpam": 0,
    "version": 1,
    "parentVersion": -1,
    "echartsVersion": "5.2.1",
    "versionCreateTime": "2021-10-28T07:58:28.000Z",
    "html": "",
    "externalScripts": "",
    "updaterUID": "obd-oEg7g4y1u_MfSNegYdeL204jRziV14u",
    "theme": "",
    "layout": "",
    "viewCount": 0,
    "userName": "_***u",
    "commentCount": 0,
    "starCount": 0,
    "isStared": 0,
    "thumbnailURL": "https://www.makeapie.com/ecg-storage/ec_gallery_thumbnail/x-YEJBcFFt.png?v=1635407908809",
    "isCustomThumbnail": 0,
    "builtinTags": [
        "calendar",
        "category-work",
        "series-heatmap",
        "tooltip",
        "visualMap"
    ],
    "customTags": [],
    "updaterUserName": "_***u"
}