{
    "cid": "x2Fgx37nZj",
    "authorUid": "obd-oE_gqYS30Fcviz8kynavsyg5-oPjr47",
    "authorUserName": "冰***草",
    "title": "混合图表",
    "description": "记录特殊柱状图及formatter的应用",
    "latestVersion": 3,
    "alwaysLatest": 0,
    "createTime": "2021-10-28T08:35:37.000Z",
    "lastUpdateTime": "2021-10-28T08:43:36.000Z",
    "auth": 2,
    "uid": "obd-oE_gqYS30Fcviz8kynavsyg5-oPjr47",
    "publishedVersion": 0,
    "forkFrom": "-",
    "isSpam": 0,
    "version": 3,
    "parentVersion": 2,
    "echartsVersion": "4.9.0",
    "versionCreateTime": "2021-10-28T08:43:36.000Z",
    "html": "",
    "externalScripts": "",
    "updaterUID": "obd-oE_gqYS30Fcviz8kynavsyg5-oPjr47",
    "theme": "",
    "layout": "",
    "viewCount": 0,
    "userName": "冰***草",
    "commentCount": 0,
    "starCount": 1,
    "isStared": 0,
    "thumbnailURL": "https://www.makeapie.com/ecg-storage/ec_gallery_thumbnail/x2Fgx37nZj.png?v=1635410616649",
    "isCustomThumbnail": 0,
    "builtinTags": [
        "category-work",
        "grid",
        "legend",
        "series-bar",
        "series-line",
        "series-pictorialBar",
        "title"
    ],
    "customTags": [],
    "updaterUserName": "冰***草"
}