{
    "cid": "x2FmK8acEf",
    "authorUid": "obd-ojqzcseu1JvwdiU9rUDiHeYlLCNyJEd",
    "authorUserName": "正***5",
    "title": "环形图",
    "description": "环形图",
    "latestVersion": 1,
    "alwaysLatest": 0,
    "createTime": "2021-10-29T02:43:54.000Z",
    "lastUpdateTime": "2021-10-29T02:43:54.000Z",
    "auth": 2,
    "uid": "obd-ojqzcseu1JvwdiU9rUDiHeYlLCNyJEd",
    "publishedVersion": 0,
    "forkFrom": "-",
    "isSpam": 0,
    "version": 1,
    "parentVersion": -1,
    "echartsVersion": "5.2.1",
    "versionCreateTime": "2021-10-29T02:43:54.000Z",
    "html": "",
    "externalScripts": "",
    "updaterUID": "obd-ojqzcseu1JvwdiU9rUDiHeYlLCNyJEd",
    "theme": "",
    "layout": "",
    "viewCount": 0,
    "userName": "正***5",
    "commentCount": 0,
    "starCount": 0,
    "isStared": 0,
    "thumbnailURL": "https://www.makeapie.com/ecg-storage/ec_gallery_thumbnail/x2FmK8acEf.png?v=1635475434753",
    "isCustomThumbnail": 0,
    "builtinTags": [
        "category-work",
        "series-pie",
        "title",
        "tooltip"
    ],
    "customTags": [
        "环形图"
    ],
    "updaterUserName": "正***5"
}