{
    "cid": "x364ZfaKm-",
    "authorUid": "obd-otBAAyu_QweIVR7T1jnO5jOSpnTW08Y",
    "authorUserName": "l***j",
    "title": "正对的柱状图",
    "description": "",
    "latestVersion": 1,
    "alwaysLatest": 0,
    "createTime": "2021-10-29T01:56:57.000Z",
    "lastUpdateTime": "2021-10-29T01:56:57.000Z",
    "auth": 2,
    "uid": "obd-otBAAyu_QweIVR7T1jnO5jOSpnTW08Y",
    "publishedVersion": 0,
    "forkFrom": "-",
    "isSpam": 0,
    "version": 1,
    "parentVersion": -1,
    "echartsVersion": "5.2.1",
    "versionCreateTime": "2021-10-29T01:56:58.000Z",
    "html": "",
    "externalScripts": "",
    "updaterUID": "obd-otBAAyu_QweIVR7T1jnO5jOSpnTW08Y",
    "theme": "",
    "layout": "",
    "viewCount": 0,
    "userName": "l***j",
    "commentCount": 0,
    "starCount": 0,
    "isStared": 0,
    "thumbnailURL": "https://www.makeapie.com/ecg-storage/ec_gallery_thumbnail/x364ZfaKm-.png?v=1635472618118",
    "isCustomThumbnail": 0,
    "builtinTags": [
        "category-work",
        "grid",
        "series-bar",
        "series-custom",
        "tooltip"
    ],
    "customTags": [],
    "updaterUserName": "l***j"
}