{
    "cid": "x70-l5iUDf",
    "authorUid": "obd-oD5FRlmc-cSp4ho6UruvdLFzXuqoS1H",
    "authorUserName": "汤***j",
    "title": "",
    "description": "",
    "latestVersion": 2,
    "alwaysLatest": 0,
    "createTime": "2021-10-28T10:23:38.000Z",
    "lastUpdateTime": "2021-12-05T06:19:10.000Z",
    "auth": 1,
    "uid": "obd-oD5FRlmc-cSp4ho6UruvdLFzXuqoS1H",
    "publishedVersion": 0,
    "forkFrom": "-",
    "isSpam": 0,
    "version": 2,
    "parentVersion": 1,
    "echartsVersion": "5.2.1",
    "versionCreateTime": "2021-12-05T06:19:10.000Z",
    "html": "",
    "externalScripts": "",
    "updaterUID": "bd-1947010463",
    "theme": "",
    "layout": "",
    "viewCount": 0,
    "userName": "汤***j",
    "commentCount": 0,
    "starCount": 1,
    "isStared": 0,
    "thumbnailURL": "https://www.makeapie.com/ecg-storage/ec_gallery_thumbnail/x70-l5iUDf.png?v=1638685150709",
    "isCustomThumbnail": 0,
    "builtinTags": [
        "category-work",
        "grid",
        "legend",
        "series-scatter",
        "tooltip"
    ],
    "customTags": [],
    "updaterUserName": "畅***园"
}