{
    "cid": "xdrkELTGnr",
    "authorUid": "obd-oD5FRlmc-cSp4ho6UruvdLFzXuqoS1H",
    "authorUserName": "汤***j",
    "title": "",
    "description": "",
    "latestVersion": 1,
    "alwaysLatest": 0,
    "createTime": "2021-10-28T06:34:19.000Z",
    "lastUpdateTime": "2021-10-28T06:34:19.000Z",
    "auth": 1,
    "uid": "obd-oD5FRlmc-cSp4ho6UruvdLFzXuqoS1H",
    "publishedVersion": 0,
    "forkFrom": "-",
    "isSpam": 0,
    "version": 1,
    "parentVersion": -1,
    "echartsVersion": "5.2.1",
    "versionCreateTime": "2021-10-28T06:34:19.000Z",
    "html": "",
    "externalScripts": "",
    "updaterUID": "obd-oD5FRlmc-cSp4ho6UruvdLFzXuqoS1H",
    "theme": "",
    "layout": "",
    "viewCount": 0,
    "userName": "汤***j",
    "commentCount": 0,
    "starCount": 9,
    "isStared": 0,
    "thumbnailURL": "https://www.makeapie.com/ecg-storage/ec_gallery_thumbnail/xdrkELTGnr.png?v=1635402859596",
    "isCustomThumbnail": 0,
    "builtinTags": [
        "category-work",
        "grid",
        "series-bar",
        "tooltip"
    ],
    "customTags": [],
    "updaterUserName": "汤***j"
}