{
    "cid": "xelBBd_iFR",
    "authorUid": "obd-o2SuPEDc7-KceAolI-ZY5c4qqYB60BH",
    "authorUserName": "b***0",
    "title": "3D地图柱图可点击可以高亮选中",
    "description": "地图区块上有两立体柱，点击区块可获取对应series的data，可选中高亮。",
    "latestVersion": 2,
    "alwaysLatest": 0,
    "createTime": "2021-10-29T17:03:25.000Z",
    "lastUpdateTime": "2021-10-29T17:13:34.000Z",
    "auth": 2,
    "uid": "obd-o2SuPEDc7-KceAolI-ZY5c4qqYB60BH",
    "publishedVersion": 0,
    "forkFrom": "-",
    "isSpam": 0,
    "version": 2,
    "parentVersion": 1,
    "echartsVersion": "5.2.1",
    "versionCreateTime": "2021-10-29T17:13:34.000Z",
    "html": "",
    "externalScripts": "https://cdn.jsdelivr.net/npm/echarts-gl@2/dist/echarts-gl.min.js",
    "updaterUID": "obd-o2SuPEDc7-KceAolI-ZY5c4qqYB60BH",
    "theme": "",
    "layout": "",
    "viewCount": 0,
    "userName": "b***0",
    "commentCount": 0,
    "starCount": 3,
    "isStared": 0,
    "thumbnailURL": "https://www.makeapie.com/ecg-storage/ec_gallery_thumbnail/xelBBd_iFR.png?v=1635527614281",
    "isCustomThumbnail": 0,
    "builtinTags": [
        "category-work",
        "geo3D",
        "series-bar3D",
        "series-map3D",
        "tooltip"
    ],
    "customTags": [],
    "updaterUserName": "b***0"
}