{
    "cid": "xIBHXmiptk",
    "authorUid": "obd-ol9ApUNzruRtm2D-0e5Fb-FETwsWF0O",
    "authorUserName": "相***光",
    "title": "预测准确性报告",
    "description": "AQI预测 - 预测准确性报告 - 预测准确性报告",
    "latestVersion": 1,
    "alwaysLatest": 0,
    "createTime": "2021-10-28T07:53:13.000Z",
    "lastUpdateTime": "2021-10-28T07:53:13.000Z",
    "auth": 2,
    "uid": "obd-ol9ApUNzruRtm2D-0e5Fb-FETwsWF0O",
    "publishedVersion": 0,
    "forkFrom": "-",
    "isSpam": 0,
    "version": 1,
    "parentVersion": -1,
    "echartsVersion": "5.2.1",
    "versionCreateTime": "2021-10-28T07:53:13.000Z",
    "html": "",
    "externalScripts": "",
    "updaterUID": "obd-ol9ApUNzruRtm2D-0e5Fb-FETwsWF0O",
    "theme": "",
    "layout": "",
    "viewCount": 0,
    "userName": "相***光",
    "commentCount": 0,
    "starCount": 1,
    "isStared": 0,
    "thumbnailURL": "https://www.makeapie.com/ecg-storage/ec_gallery_thumbnail/xIBHXmiptk.png?v=1635407593669",
    "isCustomThumbnail": 1,
    "builtinTags": [
        "category-work",
        "grid",
        "legend",
        "markPoint",
        "series-line",
        "title",
        "tooltip"
    ],
    "customTags": [],
    "updaterUserName": "相***光"
}