{
    "cid": "xIiANyJuSG",
    "authorUid": "obd-oE_gqYS30Fcviz8kynavsyg5-oPjr47",
    "authorUserName": "冰***草",
    "title": "水波纹",
    "description": "",
    "latestVersion": 1,
    "alwaysLatest": 1,
    "createTime": "2021-10-28T08:55:38.000Z",
    "lastUpdateTime": "2021-10-28T08:55:38.000Z",
    "auth": 2,
    "uid": "obd-oE_gqYS30Fcviz8kynavsyg5-oPjr47",
    "publishedVersion": 0,
    "forkFrom": "-",
    "isSpam": 0,
    "version": 1,
    "parentVersion": -1,
    "echartsVersion": "4.9.0",
    "versionCreateTime": "2021-10-28T08:55:38.000Z",
    "html": "",
    "externalScripts": "https://cdn.jsdelivr.net/npm/echarts-liquidfill@3/dist/echarts-liquidfill.min.js,https://cdn.jsdelivr.net/npm/echarts-liquidfill@2/dist/echarts-liquidfill.min.js",
    "updaterUID": "obd-oE_gqYS30Fcviz8kynavsyg5-oPjr47",
    "theme": "roma",
    "layout": "",
    "viewCount": 0,
    "userName": "冰***草",
    "commentCount": 0,
    "starCount": 0,
    "isStared": 0,
    "thumbnailURL": "https://www.makeapie.com/ecg-storage/ec_gallery_thumbnail/xIiANyJuSG.png?v=1635411338399",
    "isCustomThumbnail": 0,
    "builtinTags": [
        "category-work",
        "series-liquidFill",
        "title"
    ],
    "customTags": [],
    "updaterUserName": "冰***草"
}