{
    "cid": "xMo-PJ2n1G",
    "authorUid": "obd-o2cqfY3hXN4XKwcZE62GDstkFBKQz64",
    "authorUserName": "冰***宸",
    "title": "横向条形统计图百分百",
    "description": "横向条形统计图计图百分百",
    "latestVersion": 2,
    "alwaysLatest": 0,
    "createTime": "2021-10-29T03:30:30.000Z",
    "lastUpdateTime": "2021-11-25T01:58:20.000Z",
    "auth": 2,
    "uid": "obd-o2cqfY3hXN4XKwcZE62GDstkFBKQz64",
    "publishedVersion": 0,
    "forkFrom": "-",
    "isSpam": 0,
    "version": 2,
    "parentVersion": 1,
    "echartsVersion": "5.2.1",
    "versionCreateTime": "2021-11-25T01:58:20.000Z",
    "html": "",
    "externalScripts": "",
    "updaterUID": "obd-o2cqfY3hXN4XKwcZE62GDstkFBKQz64",
    "theme": "",
    "layout": "",
    "viewCount": 0,
    "userName": "冰***宸",
    "commentCount": 0,
    "starCount": 5,
    "isStared": 0,
    "thumbnailURL": "https://www.makeapie.com/ecg-storage/ec_gallery_thumbnail/xMo-PJ2n1G.png?v=1637805500410",
    "isCustomThumbnail": 0,
    "builtinTags": [
        "category-work",
        "grid",
        "legend",
        "series-bar"
    ],
    "customTags": [],
    "updaterUserName": "冰***宸"
}