{
    "cid": "xQSnoPvavg",
    "authorUid": "obd-ojfPQYIGwV2F6A3rab2gfr4jNgHXrDS",
    "authorUserName": "阿***錒",
    "title": "玫瑰图+name+value+percent",
    "description": "",
    "latestVersion": 2,
    "alwaysLatest": 0,
    "createTime": "2021-10-28T09:52:53.000Z",
    "lastUpdateTime": "2021-10-28T10:12:31.000Z",
    "auth": 2,
    "uid": "obd-ojfPQYIGwV2F6A3rab2gfr4jNgHXrDS",
    "publishedVersion": 0,
    "forkFrom": "-",
    "isSpam": 0,
    "version": 2,
    "parentVersion": 1,
    "echartsVersion": "4.9.0",
    "versionCreateTime": "2021-10-28T10:12:31.000Z",
    "html": "",
    "externalScripts": "",
    "updaterUID": "obd-ojfPQYIGwV2F6A3rab2gfr4jNgHXrDS",
    "theme": "",
    "layout": "",
    "viewCount": 0,
    "userName": "阿***錒",
    "commentCount": 0,
    "starCount": 3,
    "isStared": 0,
    "thumbnailURL": "https://www.makeapie.com/ecg-storage/ec_gallery_thumbnail/xQSnoPvavg.png?v=1635415952065",
    "isCustomThumbnail": 0,
    "builtinTags": [
        "category-work",
        "legend",
        "series-pie",
        "tooltip"
    ],
    "customTags": [],
    "updaterUserName": "阿***錒"
}