{
    "cid": "xRjutg99nC",
    "authorUid": "obd-oEV7GQDl8UnBj5tFWjhOczXdiZo3A4b",
    "authorUserName": "w***5",
    "title": "1",
    "description": "",
    "latestVersion": 1,
    "alwaysLatest": 0,
    "createTime": "2021-10-29T07:12:09.000Z",
    "lastUpdateTime": "2021-10-29T07:12:09.000Z",
    "auth": 2,
    "uid": "obd-oEV7GQDl8UnBj5tFWjhOczXdiZo3A4b",
    "publishedVersion": 0,
    "forkFrom": "-",
    "isSpam": 0,
    "version": 1,
    "parentVersion": -1,
    "echartsVersion": "5.2.1",
    "versionCreateTime": "2021-10-29T07:12:09.000Z",
    "html": "",
    "externalScripts": "",
    "updaterUID": "obd-oEV7GQDl8UnBj5tFWjhOczXdiZo3A4b",
    "theme": "",
    "layout": "",
    "viewCount": 0,
    "userName": "w***5",
    "commentCount": 0,
    "starCount": 1,
    "isStared": 0,
    "thumbnailURL": "https://www.makeapie.com/ecg-storage/ec_gallery_thumbnail/xRjutg99nC.png?v=1635491529163",
    "isCustomThumbnail": 0,
    "builtinTags": [
        "category-work",
        "legend",
        "series-pie",
        "tooltip"
    ],
    "customTags": [],
    "updaterUserName": "w***5"
}