{
    "cid": "xsoN5-chSz",
    "authorUid": "obd-ojazCfL_sSLdvfEqAYLBaeVDVsjenE4",
    "authorUserName": "点***滴",
    "title": "",
    "description": "",
    "latestVersion": 1,
    "alwaysLatest": 0,
    "createTime": "2021-10-29T06:08:29.000Z",
    "lastUpdateTime": "2021-10-29T06:08:29.000Z",
    "auth": 2,
    "uid": "obd-ojazCfL_sSLdvfEqAYLBaeVDVsjenE4",
    "publishedVersion": 0,
    "forkFrom": "-",
    "isSpam": 0,
    "version": 1,
    "parentVersion": -1,
    "echartsVersion": "5.2.1",
    "versionCreateTime": "2021-10-29T06:08:29.000Z",
    "html": "",
    "externalScripts": "",
    "updaterUID": "obd-ojazCfL_sSLdvfEqAYLBaeVDVsjenE4",
    "theme": "",
    "layout": "",
    "viewCount": 0,
    "userName": "点***滴",
    "commentCount": 0,
    "starCount": 0,
    "isStared": 0,
    "thumbnailURL": "https://www.makeapie.com/ecg-storage/ec_gallery_thumbnail/xsoN5-chSz.png?v=1635487709906",
    "isCustomThumbnail": 0,
    "builtinTags": [
        "category-work",
        "grid",
        "legend",
        "series-bar",
        "tooltip"
    ],
    "customTags": [],
    "updaterUserName": "点***滴"
}