{
    "cid": "xtw892J8V9",
    "authorUid": "obd-ol9ApUNzruRtm2D-0e5Fb-FETwsWF0O",
    "authorUserName": "相***光",
    "title": "空气质量等级准确率评估",
    "description": "AQI预测 - 预报准确性评估 - 空气质量等级准确率评估",
    "latestVersion": 1,
    "alwaysLatest": 0,
    "createTime": "2021-10-28T07:32:42.000Z",
    "lastUpdateTime": "2021-10-28T07:32:42.000Z",
    "auth": 2,
    "uid": "obd-ol9ApUNzruRtm2D-0e5Fb-FETwsWF0O",
    "publishedVersion": 0,
    "forkFrom": "-",
    "isSpam": 0,
    "version": 1,
    "parentVersion": -1,
    "echartsVersion": "5.2.1",
    "versionCreateTime": "2021-10-28T07:32:42.000Z",
    "html": "",
    "externalScripts": "",
    "updaterUID": "obd-ol9ApUNzruRtm2D-0e5Fb-FETwsWF0O",
    "theme": "",
    "layout": "",
    "viewCount": 0,
    "userName": "相***光",
    "commentCount": 0,
    "starCount": 7,
    "isStared": 0,
    "thumbnailURL": "https://www.makeapie.com/ecg-storage/ec_gallery_thumbnail/xtw892J8V9.png?v=1635406363140",
    "isCustomThumbnail": 1,
    "builtinTags": [
        "category-work",
        "grid",
        "legend",
        "markPoint",
        "series-heatmap",
        "series-line",
        "title",
        "tooltip",
        "visualMap"
    ],
    "customTags": [],
    "updaterUserName": "相***光"
}