{
    "cid": "xzcVJe04b5",
    "authorUid": "obd-ojikY2BKEHzC-hP6atZyNrQdXONanEt",
    "authorUserName": "咸***哟",
    "title": "关系图",
    "description": "",
    "latestVersion": 1,
    "alwaysLatest": 1,
    "createTime": "2021-10-29T03:08:43.000Z",
    "lastUpdateTime": "2021-10-29T03:08:43.000Z",
    "auth": 2,
    "uid": "obd-ojikY2BKEHzC-hP6atZyNrQdXONanEt",
    "publishedVersion": 0,
    "forkFrom": "-",
    "isSpam": 0,
    "version": 1,
    "parentVersion": -1,
    "echartsVersion": "4.9.0",
    "versionCreateTime": "2021-10-29T03:08:43.000Z",
    "html": "",
    "externalScripts": "",
    "updaterUID": "obd-ojikY2BKEHzC-hP6atZyNrQdXONanEt",
    "theme": "",
    "layout": "",
    "viewCount": 0,
    "userName": "咸***哟",
    "commentCount": 0,
    "starCount": 1,
    "isStared": 0,
    "thumbnailURL": "https://www.makeapie.com/ecg-storage/ec_gallery_thumbnail/xzcVJe04b5.png?v=1635476923416",
    "isCustomThumbnail": 0,
    "builtinTags": [
        "category-work",
        "series-graph"
    ],
    "customTags": [],
    "updaterUserName": "咸***哟"
}