{
    "cid": "xzGrR8sEQN",
    "authorUid": "obd-oDlaPHF6i5MEsrC23epVZZjs7jc-T1o",
    "authorUserName": "小***_",
    "title": "仪表盘",
    "description": "",
    "latestVersion": 1,
    "alwaysLatest": 0,
    "createTime": "2021-10-28T08:05:03.000Z",
    "lastUpdateTime": "2021-10-28T08:05:03.000Z",
    "auth": 2,
    "uid": "obd-oDlaPHF6i5MEsrC23epVZZjs7jc-T1o",
    "publishedVersion": 0,
    "forkFrom": "-",
    "isSpam": 0,
    "version": 1,
    "parentVersion": -1,
    "echartsVersion": "5.2.1",
    "versionCreateTime": "2021-10-28T08:05:03.000Z",
    "html": "",
    "externalScripts": "",
    "updaterUID": "obd-oDlaPHF6i5MEsrC23epVZZjs7jc-T1o",
    "theme": "",
    "layout": "",
    "viewCount": 0,
    "userName": "小***_",
    "commentCount": 0,
    "starCount": 2,
    "isStared": 0,
    "thumbnailURL": "https://www.makeapie.com/ecg-storage/ec_gallery_thumbnail/xzGrR8sEQN.png?v=1635408303939",
    "isCustomThumbnail": 0,
    "builtinTags": [
        "category-work",
        "series-gauge"
    ],
    "customTags": [],
    "updaterUserName": "小***_"
}