{
    "cid": "xB1sPHAsY-",
    "authorUid": "bd-3209483575",
    "authorUserName": "爱笑的yudage",
    "title": "物理大师代理商分布区域",
    "description": "市场部",
    "latestVersion": 10,
    "alwaysLatest": 1,
    "createTime": "2017-09-05T07:42:27.000Z",
    "lastUpdateTime": "2017-09-05T07:42:27.000Z",
    "auth": 2,
    "uid": "bd-3209483575",
    "publishedVersion": 0,
    "forkFrom": "-",
    "isSpam": 0,
    "version": 10,
    "parentVersion": 9,
    "echartsVersion": "3.8.0",
    "versionCreateTime": "2019-01-16T09:19:22.000Z",
    "html": "",
    "externalScripts": "/dep/echarts/map/js/china.js",
    "updaterUID": "bd-3209483575",
    "theme": "",
    "layout": "",
    "viewCount": 5276,
    "userName": "爱笑的yudage",
    "commentCount": 0,
    "starCount": 6,
    "isStared": 0,
    "thumbnailURL": "https://www.makeapie.com/ecg-storage/ec_gallery_thumbnail/xB1sPHAsY-.png?v=1547630362795",
    "isCustomThumbnail": 0,
    "builtinTags": [
        "category-work",
        "geo",
        "legend",
        "series-effectScatter",
        "series-lines",
        "title",
        "tooltip"
    ],
    "customTags": [],
    "updaterUserName": "爱笑的yudage"
}