{
    "cid": "xBJh3XKctZ",
    "authorUid": "bd-2151109257",
    "authorUserName": "药坊老板",
    "title": "经纬度与像素点坐标的转换",
    "description": "在各地区上显示对应的饼图",
    "latestVersion": 1,
    "alwaysLatest": 1,
    "createTime": "2017-09-04T07:41:40.000Z",
    "lastUpdateTime": "2017-09-04T07:43:58.000Z",
    "auth": 2,
    "uid": "bd-2151109257",
    "publishedVersion": 0,
    "forkFrom": "-",
    "isSpam": 0,
    "version": 1,
    "parentVersion": -1,
    "echartsVersion": "3.7.1",
    "versionCreateTime": "2017-09-04T07:41:40.000Z",
    "html": "",
    "externalScripts": "/dep/echarts/map/js/world.js",
    "updaterUID": "bd-2151109257",
    "theme": "vintage",
    "layout": "",
    "viewCount": 2708,
    "userName": "药坊老板",
    "commentCount": 0,
    "starCount": 4,
    "isStared": 0,
    "thumbnailURL": "https://www.makeapie.com/ecg-storage/ec_gallery_thumbnail/xBJh3XKctZ.png?v=1504510900195",
    "isCustomThumbnail": 0,
    "builtinTags": [],
    "customTags": [],
    "updaterUserName": "药坊老板"
}