{
    "cid": "xBkh7aB6Fb",
    "authorUid": "bd-4029360319",
    "authorUserName": "大爱娜拉姐",
    "title": "通用 - timeseries (折线图，散点图)",
    "description": "",
    "latestVersion": 3,
    "alwaysLatest": 1,
    "createTime": "2017-09-06T10:25:40.000Z",
    "lastUpdateTime": "2017-09-06T10:25:40.000Z",
    "auth": 2,
    "uid": "bd-4029360319",
    "publishedVersion": 0,
    "forkFrom": "-",
    "isSpam": 0,
    "version": 3,
    "parentVersion": 2,
    "echartsVersion": "3.7.1",
    "versionCreateTime": "2017-09-06T10:28:28.000Z",
    "html": "",
    "externalScripts": "",
    "updaterUID": "bd-4029360319",
    "theme": "",
    "layout": "",
    "viewCount": 390,
    "userName": "大爱娜拉姐",
    "commentCount": 0,
    "starCount": 1,
    "isStared": 0,
    "thumbnailURL": "https://www.makeapie.com/ecg-storage/ec_gallery_thumbnail/xBkh7aB6Fb.png?v=1504693708407",
    "isCustomThumbnail": 0,
    "builtinTags": [
        "category-work",
        "grid",
        "legend",
        "series-line",
        "tooltip"
    ],
    "customTags": [],
    "updaterUserName": "大爱娜拉姐"
}