{
    "cid": "xH1ArmiRFb",
    "authorUid": "bd-1346536418",
    "authorUserName": "岚之秋",
    "title": "示范楼宇Markline",
    "description": "@author亮",
    "latestVersion": 2,
    "alwaysLatest": 1,
    "createTime": "2017-09-07T10:45:25.000Z",
    "lastUpdateTime": "2017-09-07T10:45:25.000Z",
    "auth": 2,
    "uid": "bd-1346536418",
    "publishedVersion": 0,
    "forkFrom": "-",
    "isSpam": 0,
    "version": 2,
    "parentVersion": 1,
    "echartsVersion": "3.7.1",
    "versionCreateTime": "2017-09-14T09:39:33.000Z",
    "html": "",
    "externalScripts": "",
    "updaterUID": "bd-1346536418",
    "theme": "",
    "layout": "",
    "viewCount": 392,
    "userName": "岚之秋",
    "commentCount": 0,
    "starCount": 1,
    "isStared": 0,
    "thumbnailURL": "https://www.makeapie.com/ecg-storage/ec_gallery_thumbnail/xH1ArmiRFb.png?v=1505381973893",
    "isCustomThumbnail": 0,
    "builtinTags": [
        "category-work",
        "grid",
        "markLine",
        "series-bar",
        "title",
        "tooltip"
    ],
    "customTags": [],
    "updaterUserName": "岚之秋"
}