{
    "cid": "xH1MI1N9Fb",
    "authorUid": "bd-1125088669",
    "authorUserName": "信争哥考本科",
    "title": "四块图表",
    "description": "",
    "latestVersion": 2,
    "alwaysLatest": 1,
    "createTime": "2017-09-04T01:41:29.000Z",
    "lastUpdateTime": "2017-09-04T01:41:29.000Z",
    "auth": 2,
    "uid": "bd-1125088669",
    "publishedVersion": 0,
    "forkFrom": "-",
    "isSpam": 0,
    "version": 2,
    "parentVersion": 1,
    "echartsVersion": "3.7.1",
    "versionCreateTime": "2017-09-04T02:01:41.000Z",
    "html": "",
    "externalScripts": "http://echarts.baidu.com/resource/echarts-stat-latest/dist/ecStat.min.js",
    "updaterUID": "bd-1125088669",
    "theme": "macarons",
    "layout": "",
    "viewCount": 1244,
    "userName": "信争哥考本科",
    "commentCount": 0,
    "starCount": 0,
    "isStared": 0,
    "thumbnailURL": "https://www.makeapie.com/ecg-storage/ec_gallery_thumbnail/xH1MI1N9Fb.png?v=1504490502114",
    "isCustomThumbnail": 0,
    "builtinTags": [],
    "customTags": [],
    "updaterUserName": "信争哥考本科"
}