{
    "cid": "xHJL94tTKZ",
    "authorUid": "bd-520997489",
    "authorUserName": "kinganpo",
    "title": "服务网点",
    "description": "服务网点",
    "latestVersion": 12,
    "alwaysLatest": 1,
    "createTime": "2017-09-06T14:22:05.000Z",
    "lastUpdateTime": "2017-09-06T14:22:05.000Z",
    "auth": 2,
    "uid": "bd-520997489",
    "publishedVersion": 0,
    "forkFrom": "-",
    "isSpam": 0,
    "version": 12,
    "parentVersion": 11,
    "echartsVersion": "3.7.1",
    "versionCreateTime": "2017-09-15T02:17:32.000Z",
    "html": "",
    "externalScripts": "http://echarts.baidu.com/dist/echarts.min.js,http://echarts.baidu.com/asset/map/js/china.js,http://echarts.baidu.com/asset/map/js/world.js",
    "updaterUID": "bd-520997489",
    "theme": "",
    "layout": "",
    "viewCount": 2020,
    "userName": "kinganpo",
    "commentCount": 0,
    "starCount": 3,
    "isStared": 0,
    "thumbnailURL": "https://www.makeapie.com/ecg-storage/ec_gallery_thumbnail/xHJL94tTKZ.png?v=1505441852362",
    "isCustomThumbnail": 0,
    "builtinTags": [
        "category-work",
        "geo",
        "series-effectScatter",
        "series-lines",
        "series-map",
        "title",
        "tooltip"
    ],
    "customTags": [
        "服务网点"
    ],
    "updaterUserName": "kinganpo"
}