{
    "cid": "xHkjv_58KW",
    "authorUid": "bd-4013131402",
    "authorUserName": "o***4",
    "title": "Canvas vs SVG 内存测试",
    "description": "图表尺寸 320x480",
    "latestVersion": 1,
    "alwaysLatest": 1,
    "createTime": "2017-09-01T08:20:50.000Z",
    "lastUpdateTime": "2017-09-01T08:20:50.000Z",
    "auth": 2,
    "uid": "bd-4013131402",
    "publishedVersion": 0,
    "forkFrom": "-",
    "isSpam": 0,
    "version": 1,
    "parentVersion": -1,
    "echartsVersion": "3.7.1",
    "versionCreateTime": "2017-09-01T08:20:50.000Z",
    "html": "",
    "externalScripts": "",
    "updaterUID": "bd-4013131402",
    "theme": "",
    "layout": "",
    "viewCount": 199,
    "userName": "o***4",
    "commentCount": 0,
    "starCount": 0,
    "isStared": 0,
    "thumbnailURL": "https://www.makeapie.com/ecg-storage/ec_gallery_thumbnail/xHkjv_58KW.png?v=1504254050788",
    "isCustomThumbnail": 0,
    "builtinTags": [
        "category-work",
        "grid",
        "legend",
        "series-bar",
        "title"
    ],
    "customTags": [],
    "updaterUserName": "o***4"
}