{
    "cid": "xHkjSkr9tZ",
    "authorUid": "bd-536890673",
    "authorUserName": "s***s",
    "title": "百分比",
    "description": "渐变",
    "latestVersion": 2,
    "alwaysLatest": 1,
    "createTime": "2017-09-04T02:49:38.000Z",
    "lastUpdateTime": "2017-11-27T01:36:43.000Z",
    "auth": 2,
    "uid": "bd-536890673",
    "publishedVersion": 0,
    "forkFrom": "-",
    "isSpam": 0,
    "version": 2,
    "parentVersion": 1,
    "echartsVersion": "3.7.1",
    "versionCreateTime": "2017-09-04T09:18:29.000Z",
    "html": "",
    "externalScripts": "",
    "updaterUID": "bd-536890673",
    "theme": "default",
    "layout": "",
    "viewCount": 545,
    "userName": "s***s",
    "commentCount": 0,
    "starCount": 2,
    "isStared": 0,
    "thumbnailURL": "https://www.makeapie.com/ecg-storage/ec_gallery_thumbnail/xHkjSkr9tZ.png?v=1504516709481",
    "isCustomThumbnail": 0,
    "builtinTags": [
        "category-work",
        "grid",
        "legend",
        "series-bar",
        "series-scatter",
        "title",
        "tooltip"
    ],
    "customTags": [],
    "updaterUserName": "s***s"
}