{
    "cid": "xrylMXk2KZ",
    "authorUid": "bd-2220533085",
    "authorUserName": "菟丝花开2016",
    "title": "横向渐变柱形图",
    "description": "",
    "latestVersion": 9,
    "alwaysLatest": 1,
    "createTime": "2017-09-05T08:40:39.000Z",
    "lastUpdateTime": "2017-09-05T08:40:39.000Z",
    "auth": 2,
    "uid": "bd-2220533085",
    "publishedVersion": 0,
    "forkFrom": "-",
    "isSpam": 0,
    "version": 9,
    "parentVersion": 8,
    "echartsVersion": "3.7.1",
    "versionCreateTime": "2017-09-05T09:26:07.000Z",
    "html": "",
    "externalScripts": "",
    "updaterUID": "bd-2220533085",
    "theme": "",
    "layout": "",
    "viewCount": 1119,
    "userName": "菟丝花开2016",
    "commentCount": 0,
    "starCount": 7,
    "isStared": 0,
    "thumbnailURL": "https://www.makeapie.com/ecg-storage/ec_gallery_thumbnail/xrylMXk2KZ.png?v=1504603568000",
    "isCustomThumbnail": 0,
    "builtinTags": [
        "category-work",
        "grid",
        "series-bar",
        "tooltip"
    ],
    "customTags": [],
    "updaterUserName": "菟丝花开2016"
}