{
    "cid": "xS1iho9UK-",
    "authorUid": "bd-896844109",
    "authorUserName": "YuCXKi",
    "title": "Awesome Chart",
    "description": "逐步上升的折线图",
    "latestVersion": 1,
    "alwaysLatest": 1,
    "createTime": "2017-09-01T08:34:59.000Z",
    "lastUpdateTime": "2017-09-01T08:34:59.000Z",
    "auth": 2,
    "uid": "bd-896844109",
    "publishedVersion": 0,
    "forkFrom": "-",
    "isSpam": 0,
    "version": 1,
    "parentVersion": -1,
    "echartsVersion": "3.7.1",
    "versionCreateTime": "2017-09-01T08:34:59.000Z",
    "html": "",
    "externalScripts": "",
    "updaterUID": "bd-896844109",
    "theme": "",
    "layout": "",
    "viewCount": 20,
    "userName": "YuCXKi",
    "commentCount": 0,
    "starCount": 0,
    "isStared": 0,
    "thumbnailURL": "https://www.makeapie.com/ecg-storage/ec_gallery_thumbnail/xS1iho9UK-.png?v=1504254899249",
    "isCustomThumbnail": 0,
    "builtinTags": [
        "category-work",
        "grid",
        "series-line",
        "title"
    ],
    "customTags": [],
    "updaterUserName": "YuCXKi"
}