{
    "cid": "xS1XGk9Ltb",
    "authorUid": "bd-167980271",
    "authorUserName": "liujaygood",
    "title": "动态数据 + 时间坐标轴",
    "description": "显示24小时",
    "latestVersion": 16,
    "alwaysLatest": 1,
    "createTime": "2017-09-01T07:40:59.000Z",
    "lastUpdateTime": "2017-09-01T07:40:59.000Z",
    "auth": 2,
    "uid": "bd-167980271",
    "publishedVersion": 0,
    "forkFrom": "-",
    "isSpam": 0,
    "version": 16,
    "parentVersion": 15,
    "echartsVersion": "3.7.1",
    "versionCreateTime": "2017-09-01T09:21:58.000Z",
    "html": "",
    "externalScripts": "",
    "updaterUID": "bd-167980271",
    "theme": "",
    "layout": "",
    "viewCount": 191,
    "userName": "liujaygood",
    "commentCount": 1,
    "starCount": 0,
    "isStared": 0,
    "thumbnailURL": "https://www.makeapie.com/ecg-storage/ec_gallery_thumbnail/xS1XGk9Ltb.png?v=1504257718300",
    "isCustomThumbnail": 0,
    "builtinTags": [
        "category-work",
        "dataZoom",
        "grid",
        "legend",
        "series-line",
        "title",
        "toolbox",
        "tooltip"
    ],
    "customTags": [
        "line"
    ],
    "updaterUserName": "liujaygood"
}