{
    "cid": "xSy97ciqtZ",
    "authorUid": "bd-4029360319",
    "authorUserName": "大爱娜拉姐",
    "title": "timeseries - 动态数据 + 时间坐标轴",
    "description": "",
    "latestVersion": 1,
    "alwaysLatest": 1,
    "createTime": "2017-09-04T10:25:37.000Z",
    "lastUpdateTime": "2017-09-04T10:25:37.000Z",
    "auth": 2,
    "uid": "bd-4029360319",
    "publishedVersion": 0,
    "forkFrom": "-",
    "isSpam": 0,
    "version": 1,
    "parentVersion": -1,
    "echartsVersion": "3.7.1",
    "versionCreateTime": "2017-09-04T10:25:37.000Z",
    "html": "",
    "externalScripts": "",
    "updaterUID": "bd-4029360319",
    "theme": "",
    "layout": "",
    "viewCount": 112,
    "userName": "大爱娜拉姐",
    "commentCount": 0,
    "starCount": 0,
    "isStared": 0,
    "thumbnailURL": "https://www.makeapie.com/ecg-storage/ec_gallery_thumbnail/xSy97ciqtZ.png?v=1504520737754",
    "isCustomThumbnail": 0,
    "builtinTags": [
        "category-work",
        "grid",
        "series-line",
        "title",
        "tooltip"
    ],
    "customTags": [
        "line",
        "ts"
    ],
    "updaterUserName": "大爱娜拉姐"
}