{
    "cid": "x-zpjcf5bR",
    "authorUid": "obd-o2cqfY3hXN4XKwcZE62GDstkFBKQz64",
    "authorUserName": "冰***宸",
    "title": "3D气泡图",
    "description": "",
    "latestVersion": 3,
    "alwaysLatest": 0,
    "createTime": "2021-11-24T10:46:31.000Z",
    "lastUpdateTime": "2021-11-25T01:57:58.000Z",
    "auth": 2,
    "uid": "obd-o2cqfY3hXN4XKwcZE62GDstkFBKQz64",
    "publishedVersion": 0,
    "forkFrom": "-",
    "isSpam": 0,
    "version": 3,
    "parentVersion": 2,
    "echartsVersion": "5.2.2",
    "versionCreateTime": "2021-11-25T01:57:58.000Z",
    "html": "",
    "externalScripts": "",
    "updaterUID": "obd-o2cqfY3hXN4XKwcZE62GDstkFBKQz64",
    "theme": "",
    "layout": "",
    "viewCount": 0,
    "userName": "冰***宸",
    "commentCount": 0,
    "starCount": 2,
    "isStared": 0,
    "thumbnailURL": "https://www.makeapie.com/ecg-storage/ec_gallery_thumbnail/x-zpjcf5bR.png?v=1637805478380",
    "isCustomThumbnail": 0,
    "builtinTags": [
        "category-work",
        "grid",
        "legend",
        "series-scatter"
    ],
    "customTags": [],
    "updaterUserName": "冰***宸"
}