{
    "cid": "x4bK75qWj8",
    "authorUid": "obd-o2myecsCJ5qYT9hhny3ENK4nUDWfbBw",
    "authorUserName": "文***旦",
    "title": "渐变环形图",
    "description": "",
    "latestVersion": 3,
    "alwaysLatest": 0,
    "createTime": "2021-11-24T07:58:30.000Z",
    "lastUpdateTime": "2021-11-24T09:17:30.000Z",
    "auth": 2,
    "uid": "obd-o2myecsCJ5qYT9hhny3ENK4nUDWfbBw",
    "publishedVersion": 0,
    "forkFrom": "-",
    "isSpam": 0,
    "version": 3,
    "parentVersion": 2,
    "echartsVersion": "5.2.2",
    "versionCreateTime": "2021-11-24T09:17:30.000Z",
    "html": "",
    "externalScripts": "",
    "updaterUID": "obd-o2myecsCJ5qYT9hhny3ENK4nUDWfbBw",
    "theme": "dark",
    "layout": "",
    "viewCount": 0,
    "userName": "文***旦",
    "commentCount": 0,
    "starCount": 1,
    "isStared": 0,
    "thumbnailURL": "https://www.makeapie.com/ecg-storage/ec_gallery_thumbnail/x4bK75qWj8.png?v=1637745450874",
    "isCustomThumbnail": 0,
    "builtinTags": [
        "category-work",
        "legend",
        "series-gauge",
        "series-pie",
        "tooltip"
    ],
    "customTags": [],
    "updaterUserName": "文***旦"
}