{
    "cid": "x54zyMd9G0",
    "authorUid": "obd-oNTDvDJe7_3RMKzHLILE8rk__8knPCk",
    "authorUserName": "q***3",
    "title": "快速cv折线",
    "description": "",
    "latestVersion": 1,
    "alwaysLatest": 1,
    "createTime": "2021-11-24T02:46:50.000Z",
    "lastUpdateTime": "2021-11-24T02:46:50.000Z",
    "auth": 2,
    "uid": "obd-oNTDvDJe7_3RMKzHLILE8rk__8knPCk",
    "publishedVersion": 0,
    "forkFrom": "-",
    "isSpam": 0,
    "version": 1,
    "parentVersion": -1,
    "echartsVersion": "5.2.2",
    "versionCreateTime": "2021-11-24T02:46:50.000Z",
    "html": "",
    "externalScripts": "",
    "updaterUID": "obd-oNTDvDJe7_3RMKzHLILE8rk__8knPCk",
    "theme": "",
    "layout": "",
    "viewCount": 0,
    "userName": "q***3",
    "commentCount": 0,
    "starCount": 1,
    "isStared": 0,
    "thumbnailURL": "https://www.makeapie.com/ecg-storage/ec_gallery_thumbnail/x54zyMd9G0.png?v=1637722011034",
    "isCustomThumbnail": 0,
    "builtinTags": [
        "category-work",
        "grid",
        "series-line",
        "tooltip"
    ],
    "customTags": [],
    "updaterUserName": "q***3"
}