{
    "cid": "x5KaAljgS2",
    "authorUid": "obd-o2VuO9KfnLYhy4bnlqrKR2IthgSNXBG",
    "authorUserName": "c***你",
    "title": "风向玫瑰图",
    "description": "风向频率玫瑰图",
    "latestVersion": 3,
    "alwaysLatest": 0,
    "createTime": "2021-11-25T02:08:52.000Z",
    "lastUpdateTime": "2021-11-26T03:10:19.000Z",
    "auth": 1,
    "uid": "obd-o2VuO9KfnLYhy4bnlqrKR2IthgSNXBG",
    "publishedVersion": 0,
    "forkFrom": "-",
    "isSpam": 0,
    "version": 3,
    "parentVersion": 2,
    "echartsVersion": "5.2.2",
    "versionCreateTime": "2021-11-26T03:08:53.000Z",
    "html": "",
    "externalScripts": "https://cdn.jsdelivr.net/npm/echarts-gl@2/dist/echarts-gl.min.js",
    "updaterUID": "obd-o2VuO9KfnLYhy4bnlqrKR2IthgSNXBG",
    "theme": "default",
    "layout": "",
    "viewCount": 0,
    "userName": "c***你",
    "commentCount": 0,
    "starCount": 1,
    "isStared": 0,
    "thumbnailURL": "https://www.makeapie.com/ecg-storage/ec_gallery_thumbnail/x5KaAljgS2.png?v=1637896133354",
    "isCustomThumbnail": 0,
    "builtinTags": [
        "category-work",
        "legend",
        "polar",
        "series-line",
        "title",
        "tooltip"
    ],
    "customTags": [
        "极坐标系",
        "风向玫瑰图"
    ],
    "updaterUserName": "c***你"
}