{
    "cid": "x_m3J1WhRp",
    "authorUid": "obd-oEc70QTGd0ywmAB7Raqv5CBkzdVXZ4N",
    "authorUserName": "泡***_",
    "title": "渐变双层饼状图",
    "description": "",
    "latestVersion": 5,
    "alwaysLatest": 0,
    "createTime": "2021-11-24T09:54:40.000Z",
    "lastUpdateTime": "2021-11-29T10:21:27.000Z",
    "auth": 2,
    "uid": "obd-oEc70QTGd0ywmAB7Raqv5CBkzdVXZ4N",
    "publishedVersion": 0,
    "forkFrom": "-",
    "isSpam": 0,
    "version": 5,
    "parentVersion": 4,
    "echartsVersion": "5.2.2",
    "versionCreateTime": "2021-11-29T10:21:27.000Z",
    "html": "",
    "externalScripts": "",
    "updaterUID": "obd-oEc70QTGd0ywmAB7Raqv5CBkzdVXZ4N",
    "theme": "",
    "layout": "",
    "viewCount": 0,
    "userName": "泡***_",
    "commentCount": 0,
    "starCount": 1,
    "isStared": 0,
    "thumbnailURL": "https://www.makeapie.com/ecg-storage/ec_gallery_thumbnail/x_m3J1WhRp.png?v=1638181287871",
    "isCustomThumbnail": 0,
    "builtinTags": [
        "category-work",
        "legend",
        "series-pie",
        "title",
        "tooltip"
    ],
    "customTags": [],
    "updaterUserName": "泡***_"
}