{
    "cid": "xc06h_rPpl",
    "authorUid": "bd-2468652156",
    "authorUserName": "z***2",
    "title": "line-chart-width-sort",
    "description": "",
    "latestVersion": 4,
    "alwaysLatest": 0,
    "createTime": "2021-11-25T03:15:34.000Z",
    "lastUpdateTime": "2021-11-25T03:35:26.000Z",
    "auth": 2,
    "uid": "bd-2468652156",
    "publishedVersion": 0,
    "forkFrom": "-",
    "isSpam": 0,
    "version": 4,
    "parentVersion": 3,
    "echartsVersion": "5.2.2",
    "versionCreateTime": "2021-11-25T03:35:26.000Z",
    "html": "",
    "externalScripts": "",
    "updaterUID": "bd-2468652156",
    "theme": "",
    "layout": "",
    "viewCount": 0,
    "userName": "z***2",
    "commentCount": 0,
    "starCount": 0,
    "isStared": 0,
    "thumbnailURL": "https://www.makeapie.com/ecg-storage/ec_gallery_thumbnail/xc06h_rPpl.png?v=1637811326242",
    "isCustomThumbnail": 0,
    "builtinTags": [
        "category-work",
        "grid",
        "series-line",
        "tooltip"
    ],
    "customTags": [],
    "updaterUserName": "z***2"
}