{
    "cid": "xCEXKMYyoy",
    "authorUid": "obd-oDmQdQAu26wgrVmion_eSC6A6CqNC1J",
    "authorUserName": "c***8",
    "title": "横向胶囊柱图",
    "description": "",
    "latestVersion": 3,
    "alwaysLatest": 0,
    "createTime": "2021-11-24T07:27:02.000Z",
    "lastUpdateTime": "2021-11-24T07:30:20.000Z",
    "auth": 2,
    "uid": "obd-oDmQdQAu26wgrVmion_eSC6A6CqNC1J",
    "publishedVersion": 0,
    "forkFrom": "-",
    "isSpam": 0,
    "version": 3,
    "parentVersion": 2,
    "echartsVersion": "5.2.2",
    "versionCreateTime": "2021-11-24T07:30:20.000Z",
    "html": "",
    "externalScripts": "",
    "updaterUID": "obd-oDmQdQAu26wgrVmion_eSC6A6CqNC1J",
    "theme": "",
    "layout": "",
    "viewCount": 0,
    "userName": "c***8",
    "commentCount": 0,
    "starCount": 0,
    "isStared": 0,
    "thumbnailURL": "https://www.makeapie.com/ecg-storage/ec_gallery_thumbnail/xCEXKMYyoy.png?v=1637739021035",
    "isCustomThumbnail": 0,
    "builtinTags": [
        "category-work",
        "grid",
        "series-bar"
    ],
    "customTags": [],
    "updaterUserName": "c***8"
}