{
    "cid": "xopwOQOz_v",
    "authorUid": "obd-o2VuO9KfnLYhy4bnlqrKR2IthgSNXBG",
    "authorUserName": "c***你",
    "title": "风向玫瑰图",
    "description": "风向玫瑰图",
    "latestVersion": 1,
    "alwaysLatest": 0,
    "createTime": "2021-11-25T02:53:47.000Z",
    "lastUpdateTime": "2021-11-25T02:53:47.000Z",
    "auth": 2,
    "uid": "obd-o2VuO9KfnLYhy4bnlqrKR2IthgSNXBG",
    "publishedVersion": 0,
    "forkFrom": "-",
    "isSpam": 0,
    "version": 1,
    "parentVersion": -1,
    "echartsVersion": "5.2.2",
    "versionCreateTime": "2021-11-25T02:53:47.000Z",
    "html": "",
    "externalScripts": "",
    "updaterUID": "obd-o2VuO9KfnLYhy4bnlqrKR2IthgSNXBG",
    "theme": "",
    "layout": "",
    "viewCount": 0,
    "userName": "c***你",
    "commentCount": 0,
    "starCount": 2,
    "isStared": 0,
    "thumbnailURL": "https://www.makeapie.com/ecg-storage/ec_gallery_thumbnail/xopwOQOz_v.png?v=1637808827826",
    "isCustomThumbnail": 0,
    "builtinTags": [
        "category-work",
        "polar",
        "series-line",
        "title",
        "tooltip"
    ],
    "customTags": [
        "极坐标",
        "风向玫瑰图"
    ],
    "updaterUserName": "c***你"
}