{
    "cid": "xpnp5dLF_o",
    "authorUid": "bd-2353983946",
    "authorUserName": "勤***姐",
    "title": "良/水源质量差别",
    "description": "渐变、横向显示、坐标轴只带箭头",
    "latestVersion": 1,
    "alwaysLatest": 0,
    "createTime": "2021-11-24T03:44:45.000Z",
    "lastUpdateTime": "2021-11-24T03:44:45.000Z",
    "auth": 2,
    "uid": "bd-2353983946",
    "publishedVersion": 0,
    "forkFrom": "-",
    "isSpam": 0,
    "version": 1,
    "parentVersion": -1,
    "echartsVersion": "5.2.2",
    "versionCreateTime": "2021-11-24T03:44:45.000Z",
    "html": "",
    "externalScripts": "",
    "updaterUID": "bd-2353983946",
    "theme": "",
    "layout": "",
    "viewCount": 0,
    "userName": "勤***姐",
    "commentCount": 0,
    "starCount": 0,
    "isStared": 0,
    "thumbnailURL": "https://www.makeapie.com/ecg-storage/ec_gallery_thumbnail/xpnp5dLF_o.png?v=1637725485574",
    "isCustomThumbnail": 0,
    "builtinTags": [
        "category-work",
        "grid",
        "series-bar",
        "title",
        "tooltip"
    ],
    "customTags": [],
    "updaterUserName": "勤***姐"
}