{
    "cid": "xQ1wTwhUI-",
    "authorUid": "obd-oNTDvDJe7_3RMKzHLILE8rk__8knPCk",
    "authorUserName": "q***3",
    "title": "",
    "description": "",
    "latestVersion": 1,
    "alwaysLatest": 0,
    "createTime": "2021-11-24T02:14:27.000Z",
    "lastUpdateTime": "2021-11-24T02:14:27.000Z",
    "auth": 2,
    "uid": "obd-oNTDvDJe7_3RMKzHLILE8rk__8knPCk",
    "publishedVersion": 0,
    "forkFrom": "-",
    "isSpam": 0,
    "version": 1,
    "parentVersion": -1,
    "echartsVersion": "4.8.0",
    "versionCreateTime": "2021-11-24T02:14:27.000Z",
    "html": "",
    "externalScripts": "",
    "updaterUID": "obd-oNTDvDJe7_3RMKzHLILE8rk__8knPCk",
    "theme": "",
    "layout": "",
    "viewCount": 0,
    "userName": "q***3",
    "commentCount": 0,
    "starCount": 0,
    "isStared": 0,
    "thumbnailURL": "https://www.makeapie.com/ecg-storage/ec_gallery_thumbnail/xQ1wTwhUI-.png?v=1637720067783",
    "isCustomThumbnail": 0,
    "builtinTags": [
        "category-work",
        "grid",
        "series-bar",
        "tooltip"
    ],
    "customTags": [],
    "updaterUserName": "q***3"
}