{
    "cid": "xsL1MDcric",
    "authorUid": "obd-o2cqfY3hXN4XKwcZE62GDstkFBKQz64",
    "authorUserName": "冰***宸",
    "title": "横向条形统计图-堆积图",
    "description": "",
    "latestVersion": 2,
    "alwaysLatest": 0,
    "createTime": "2021-11-24T02:34:45.000Z",
    "lastUpdateTime": "2021-11-25T01:58:51.000Z",
    "auth": 2,
    "uid": "obd-o2cqfY3hXN4XKwcZE62GDstkFBKQz64",
    "publishedVersion": 0,
    "forkFrom": "-",
    "isSpam": 0,
    "version": 2,
    "parentVersion": 1,
    "echartsVersion": "5.2.2",
    "versionCreateTime": "2021-11-25T01:58:51.000Z",
    "html": "",
    "externalScripts": "",
    "updaterUID": "obd-o2cqfY3hXN4XKwcZE62GDstkFBKQz64",
    "theme": "",
    "layout": "",
    "viewCount": 0,
    "userName": "冰***宸",
    "commentCount": 0,
    "starCount": 5,
    "isStared": 0,
    "thumbnailURL": "https://www.makeapie.com/ecg-storage/ec_gallery_thumbnail/xsL1MDcric.png?v=1637805531383",
    "isCustomThumbnail": 0,
    "builtinTags": [
        "category-work",
        "grid",
        "legend",
        "series-bar",
        "tooltip"
    ],
    "customTags": [],
    "updaterUserName": "冰***宸"
}