{
    "cid": "xtITHPm6Co",
    "authorUid": "obd-oNj2zvJFkuHMgFWUoXv43O1sHezoVCz",
    "authorUserName": "t***e",
    "title": "可拖拽的流程图/树形图",
    "description": "以树形显示数据，并且可以拖拽",
    "latestVersion": 1,
    "alwaysLatest": 0,
    "createTime": "2021-11-24T09:50:21.000Z",
    "lastUpdateTime": "2021-11-24T09:50:21.000Z",
    "auth": 2,
    "uid": "obd-oNj2zvJFkuHMgFWUoXv43O1sHezoVCz",
    "publishedVersion": 0,
    "forkFrom": "-",
    "isSpam": 0,
    "version": 1,
    "parentVersion": -1,
    "echartsVersion": "5.0.0",
    "versionCreateTime": "2021-11-24T09:50:21.000Z",
    "html": "",
    "externalScripts": "",
    "updaterUID": "obd-oNj2zvJFkuHMgFWUoXv43O1sHezoVCz",
    "theme": "",
    "layout": "",
    "viewCount": 0,
    "userName": "t***e",
    "commentCount": 0,
    "starCount": 3,
    "isStared": 0,
    "thumbnailURL": "https://www.makeapie.com/ecg-storage/ec_gallery_thumbnail/xtITHPm6Co.png?v=1637747422017",
    "isCustomThumbnail": 0,
    "builtinTags": [
        "category-work",
        "graphic",
        "legend",
        "series-graph",
        "tooltip"
    ],
    "customTags": [],
    "updaterUserName": "t***e"
}