{
    "cid": "xwuGrRaiPk",
    "authorUid": "obd-ojpmgDvF5Qz4DIK9TqdoMmTtmkktuDp",
    "authorUserName": "郑***代",
    "title": "舆情信息",
    "description": "",
    "latestVersion": 1,
    "alwaysLatest": 0,
    "createTime": "2021-11-24T09:31:46.000Z",
    "lastUpdateTime": "2021-11-24T09:31:46.000Z",
    "auth": 1,
    "uid": "obd-ojpmgDvF5Qz4DIK9TqdoMmTtmkktuDp",
    "publishedVersion": 0,
    "forkFrom": "-",
    "isSpam": 0,
    "version": 1,
    "parentVersion": -1,
    "echartsVersion": "4.9.0",
    "versionCreateTime": "2021-11-24T09:31:46.000Z",
    "html": "",
    "externalScripts": "",
    "updaterUID": "obd-ojpmgDvF5Qz4DIK9TqdoMmTtmkktuDp",
    "theme": "dark",
    "layout": "",
    "viewCount": 0,
    "userName": "郑***代",
    "commentCount": 0,
    "starCount": 1,
    "isStared": 0,
    "thumbnailURL": "https://www.makeapie.com/ecg-storage/ec_gallery_thumbnail/xwuGrRaiPk.png?v=1637746307074",
    "isCustomThumbnail": 0,
    "builtinTags": [
        "category-work",
        "series-gauge"
    ],
    "customTags": [],
    "updaterUserName": "郑***代"
}