{
    "cid": "xX4AQAbhD0",
    "authorUid": "obd-o0B9fGAjy6H8RU1uHyn3e2FDTw--HF4",
    "authorUserName": "啊***听",
    "title": "简单饼图  （ 带数值）",
    "description": "",
    "latestVersion": 1,
    "alwaysLatest": 0,
    "createTime": "2021-11-25T03:02:07.000Z",
    "lastUpdateTime": "2021-11-25T03:02:07.000Z",
    "auth": 2,
    "uid": "obd-o0B9fGAjy6H8RU1uHyn3e2FDTw--HF4",
    "publishedVersion": 0,
    "forkFrom": "-",
    "isSpam": 0,
    "version": 1,
    "parentVersion": -1,
    "echartsVersion": "5.2.2",
    "versionCreateTime": "2021-11-25T03:02:07.000Z",
    "html": "",
    "externalScripts": "",
    "updaterUID": "obd-o0B9fGAjy6H8RU1uHyn3e2FDTw--HF4",
    "theme": "",
    "layout": "",
    "viewCount": 0,
    "userName": "啊***听",
    "commentCount": 0,
    "starCount": 1,
    "isStared": 0,
    "thumbnailURL": "https://www.makeapie.com/ecg-storage/ec_gallery_thumbnail/xX4AQAbhD0.png?v=1637809327160",
    "isCustomThumbnail": 0,
    "builtinTags": [
        "category-work",
        "legend",
        "series-pie"
    ],
    "customTags": [],
    "updaterUserName": "啊***听"
}