{
    "cid": "x-crzSL1Sa",
    "authorUid": "bd-2215764494",
    "authorUserName": "p***g",
    "title": "Alpha 叠加",
    "description": "",
    "latestVersion": 1,
    "alwaysLatest": 0,
    "createTime": "2021-06-20T12:37:37.000Z",
    "lastUpdateTime": "2021-06-20T12:37:37.000Z",
    "auth": 2,
    "uid": "bd-2215764494",
    "publishedVersion": 0,
    "forkFrom": "-",
    "isSpam": 0,
    "version": 1,
    "parentVersion": -1,
    "echartsVersion": "5.1.2",
    "versionCreateTime": "2021-06-20T12:37:37.000Z",
    "html": "",
    "externalScripts": "",
    "updaterUID": "bd-2215764494",
    "theme": "",
    "layout": "",
    "viewCount": 0,
    "userName": "p***g",
    "commentCount": 0,
    "starCount": 0,
    "isStared": 0,
    "thumbnailURL": "https://www.makeapie.com/ecg-storage/ec_gallery_thumbnail/x-crzSL1Sa.png?v=1624192657975",
    "isCustomThumbnail": 0,
    "builtinTags": [
        "category-work",
        "grid",
        "legend",
        "series-line"
    ],
    "customTags": [],
    "updaterUserName": "p***g"
}