{
    "cid": "x5zMPbTZYn",
    "authorUid": "obd-oCOtjwPZjCXJHWxDvJy39AP2EUBm_3Z",
    "authorUserName": "d***e",
    "title": "负值 radius",
    "description": "",
    "latestVersion": 2,
    "alwaysLatest": 0,
    "createTime": "2021-06-21T04:13:07.000Z",
    "lastUpdateTime": "2021-06-21T04:13:07.000Z",
    "auth": 2,
    "uid": "obd-oCOtjwPZjCXJHWxDvJy39AP2EUBm_3Z",
    "publishedVersion": 0,
    "forkFrom": "-",
    "isSpam": 0,
    "version": 2,
    "parentVersion": 1,
    "echartsVersion": "5.1.2",
    "versionCreateTime": "2021-06-22T07:05:35.000Z",
    "html": "",
    "externalScripts": "",
    "updaterUID": "obd-oCOtjwPZjCXJHWxDvJy39AP2EUBm_3Z",
    "theme": "",
    "layout": "",
    "viewCount": 0,
    "userName": "d***e",
    "commentCount": 0,
    "starCount": 1,
    "isStared": 0,
    "thumbnailURL": "https://www.makeapie.com/ecg-storage/ec_gallery_thumbnail/x5zMPbTZYn.png?v=1624345535889",
    "isCustomThumbnail": 0,
    "builtinTags": [
        "category-work",
        "dataset",
        "grid",
        "legend",
        "series-bar",
        "tooltip"
    ],
    "customTags": [],
    "updaterUserName": "d***e"
}