{
    "cid": "xDlZA24kyS",
    "authorUid": "bd-1627449234",
    "authorUserName": "l***w",
    "title": "圆环",
    "description": "",
    "latestVersion": 1,
    "alwaysLatest": 0,
    "createTime": "2021-06-20T09:48:54.000Z",
    "lastUpdateTime": "2021-06-20T09:48:54.000Z",
    "auth": 2,
    "uid": "bd-1627449234",
    "publishedVersion": 0,
    "forkFrom": "-",
    "isSpam": 0,
    "version": 1,
    "parentVersion": -1,
    "echartsVersion": "4.8.0",
    "versionCreateTime": "2021-06-20T09:48:54.000Z",
    "html": "",
    "externalScripts": "",
    "updaterUID": "bd-1627449234",
    "theme": "",
    "layout": "",
    "viewCount": 0,
    "userName": "l***w",
    "commentCount": 0,
    "starCount": 0,
    "isStared": 0,
    "thumbnailURL": "https://www.makeapie.com/ecg-storage/ec_gallery_thumbnail/xDlZA24kyS.png?v=1624182534683",
    "isCustomThumbnail": 0,
    "builtinTags": [
        "category-work",
        "legend",
        "series-pie",
        "title"
    ],
    "customTags": [],
    "updaterUserName": "l***w"
}