{
    "cid": "xfB0uRcPLi",
    "authorUid": "obd-ot7AvX8YQxCBeV4ZnKNLKUNtCflx88v",
    "authorUserName": "槐***调",
    "title": "Olympics",
    "description": "",
    "latestVersion": 1,
    "alwaysLatest": 0,
    "createTime": "2021-06-19T06:41:11.000Z",
    "lastUpdateTime": "2021-06-19T06:41:11.000Z",
    "auth": 2,
    "uid": "obd-ot7AvX8YQxCBeV4ZnKNLKUNtCflx88v",
    "publishedVersion": 0,
    "forkFrom": "-",
    "isSpam": 0,
    "version": 1,
    "parentVersion": -1,
    "echartsVersion": "5.1.2",
    "versionCreateTime": "2021-06-19T06:41:11.000Z",
    "html": "",
    "externalScripts": "/dep/echarts/map/js/world.js",
    "updaterUID": "obd-ot7AvX8YQxCBeV4ZnKNLKUNtCflx88v",
    "theme": "",
    "layout": "",
    "viewCount": 0,
    "userName": "槐***调",
    "commentCount": 0,
    "starCount": 1,
    "isStared": 0,
    "thumbnailURL": "https://www.makeapie.com/ecg-storage/ec_gallery_thumbnail/xfB0uRcPLi.png?v=1624084871884",
    "isCustomThumbnail": 0,
    "builtinTags": [
        "category-work",
        "series-map",
        "timeline",
        "tooltip",
        "visualMap"
    ],
    "customTags": [],
    "updaterUserName": "槐***调"
}