{
    "cid": "xH3_DXvgDn",
    "authorUid": "obd-ot7AvX8YQxCBeV4ZnKNLKUNtCflx88v",
    "authorUserName": "槐***调",
    "title": "Olympics & medal ",
    "description": "",
    "latestVersion": 8,
    "alwaysLatest": 0,
    "createTime": "2021-06-19T16:56:48.000Z",
    "lastUpdateTime": "2021-06-30T02:20:49.000Z",
    "auth": 2,
    "uid": "obd-ot7AvX8YQxCBeV4ZnKNLKUNtCflx88v",
    "publishedVersion": 0,
    "forkFrom": "-",
    "isSpam": 0,
    "version": 8,
    "parentVersion": 7,
    "echartsVersion": "5.1.2",
    "versionCreateTime": "2021-06-30T02:20:49.000Z",
    "html": "",
    "externalScripts": "/dep/echarts/map/js/world.js",
    "updaterUID": "obd-ot7AvX8YQxCBeV4ZnKNLKUNtCflx88v",
    "theme": "",
    "layout": "",
    "viewCount": 0,
    "userName": "槐***调",
    "commentCount": 0,
    "starCount": 2,
    "isStared": 0,
    "thumbnailURL": "https://www.makeapie.com/ecg-storage/ec_gallery_thumbnail/xH3_DXvgDn.png?v=1625019649616",
    "isCustomThumbnail": 0,
    "builtinTags": [
        "category-work",
        "series-map",
        "timeline",
        "tooltip",
        "visualMap"
    ],
    "customTags": [],
    "updaterUserName": "槐***调"
}