{
    "cid": "xh4TUhkfkD",
    "authorUid": "bd-899322333",
    "authorUserName": "139*****254",
    "title": "柱状图（新）",
    "description": "",
    "latestVersion": 1,
    "alwaysLatest": 0,
    "createTime": "2021-06-21T01:32:10.000Z",
    "lastUpdateTime": "2021-06-21T01:32:10.000Z",
    "auth": 2,
    "uid": "bd-899322333",
    "publishedVersion": 0,
    "forkFrom": "-",
    "isSpam": 0,
    "version": 1,
    "parentVersion": -1,
    "echartsVersion": "5.1.2",
    "versionCreateTime": "2021-06-21T01:32:10.000Z",
    "html": "",
    "externalScripts": "",
    "updaterUID": "bd-899322333",
    "theme": "",
    "layout": "",
    "viewCount": 0,
    "userName": "139*****254",
    "commentCount": 0,
    "starCount": 1,
    "isStared": 0,
    "thumbnailURL": "https://www.makeapie.com/ecg-storage/ec_gallery_thumbnail/xh4TUhkfkD.png?v=1624239130375",
    "isCustomThumbnail": 0,
    "builtinTags": [
        "category-work",
        "grid",
        "series-bar",
        "tooltip"
    ],
    "customTags": [],
    "updaterUserName": "139*****254"
}