{
    "cid": "xk7bqygsjl",
    "authorUid": "obd-oA_56C2x0T02gPM8bKDnpk1PVgqRg7g",
    "authorUserName": "笙***_",
    "title": "百子湾pm25",
    "description": "",
    "latestVersion": 1,
    "alwaysLatest": 0,
    "createTime": "2021-06-21T03:11:02.000Z",
    "lastUpdateTime": "2021-06-21T03:11:02.000Z",
    "auth": 2,
    "uid": "obd-oA_56C2x0T02gPM8bKDnpk1PVgqRg7g",
    "publishedVersion": 0,
    "forkFrom": "-",
    "isSpam": 0,
    "version": 1,
    "parentVersion": -1,
    "echartsVersion": "5.1.2",
    "versionCreateTime": "2021-06-21T03:11:02.000Z",
    "html": "",
    "externalScripts": "https://cdn.jsdelivr.net/npm/echarts-gl@2/dist/echarts-gl.min.js",
    "updaterUID": "obd-oA_56C2x0T02gPM8bKDnpk1PVgqRg7g",
    "theme": "",
    "layout": "",
    "viewCount": 0,
    "userName": "笙***_",
    "commentCount": 0,
    "starCount": 2,
    "isStared": 0,
    "thumbnailURL": "https://www.makeapie.com/ecg-storage/ec_gallery_thumbnail/xk7bqygsjl.png?v=1624245062704",
    "isCustomThumbnail": 0,
    "builtinTags": [
        "category-work",
        "grid3D",
        "series-bar3D",
        "tooltip",
        "visualMap"
    ],
    "customTags": [],
    "updaterUserName": "笙***_"
}