{
    "cid": "xKALboRhOM",
    "authorUid": "obd-oDoa8L5uR364zXRk5QpC_cigut0tw1m",
    "authorUserName": "花***n",
    "title": "3-图例显示在下方",
    "description": "",
    "latestVersion": 3,
    "alwaysLatest": 0,
    "createTime": "2021-06-18T08:21:09.000Z",
    "lastUpdateTime": "2021-06-18T08:21:09.000Z",
    "auth": 2,
    "uid": "obd-oDoa8L5uR364zXRk5QpC_cigut0tw1m",
    "publishedVersion": 0,
    "forkFrom": "-",
    "isSpam": 0,
    "version": 3,
    "parentVersion": 2,
    "echartsVersion": "5.1.2",
    "versionCreateTime": "2021-06-18T08:57:03.000Z",
    "html": "",
    "externalScripts": "",
    "updaterUID": "obd-oDoa8L5uR364zXRk5QpC_cigut0tw1m",
    "theme": "",
    "layout": "",
    "viewCount": 0,
    "userName": "花***n",
    "commentCount": 0,
    "starCount": 2,
    "isStared": 0,
    "thumbnailURL": "https://www.makeapie.com/ecg-storage/ec_gallery_thumbnail/xKALboRhOM.png?v=1624006623871",
    "isCustomThumbnail": 0,
    "builtinTags": [
        "category-work",
        "legend",
        "series-pie",
        "tooltip"
    ],
    "customTags": [],
    "updaterUserName": "花***n"
}