{
    "cid": "xni7GlBE4J",
    "authorUid": "obd-oElg9JvMp45CdbzpDVq0iK_gqlJw-4s",
    "authorUserName": "b***0",
    "title": "示例-探空图",
    "description": "",
    "latestVersion": 2,
    "alwaysLatest": 0,
    "createTime": "2021-06-18T08:26:17.000Z",
    "lastUpdateTime": "2021-06-18T08:26:17.000Z",
    "auth": 2,
    "uid": "obd-oElg9JvMp45CdbzpDVq0iK_gqlJw-4s",
    "publishedVersion": 0,
    "forkFrom": "-",
    "isSpam": 0,
    "version": 2,
    "parentVersion": 1,
    "echartsVersion": "5.1.2",
    "versionCreateTime": "2021-06-18T08:28:46.000Z",
    "html": "",
    "externalScripts": "",
    "updaterUID": "obd-oElg9JvMp45CdbzpDVq0iK_gqlJw-4s",
    "theme": "",
    "layout": "",
    "viewCount": 0,
    "userName": "b***0",
    "commentCount": 0,
    "starCount": 2,
    "isStared": 0,
    "thumbnailURL": "https://www.makeapie.com/ecg-storage/ec_gallery_thumbnail/xni7GlBE4J.png?v=1624004926932",
    "isCustomThumbnail": 0,
    "builtinTags": [
        "category-work",
        "grid",
        "series-line",
        "tooltip"
    ],
    "customTags": [],
    "updaterUserName": "b***0"
}