{
    "cid": "xzFU8cxe4X",
    "authorUid": "bd-899322333",
    "authorUserName": "139*****254",
    "title": "柱状图",
    "description": "",
    "latestVersion": 1,
    "alwaysLatest": 0,
    "createTime": "2021-06-19T10:08:29.000Z",
    "lastUpdateTime": "2021-06-19T10:08:29.000Z",
    "auth": 2,
    "uid": "bd-899322333",
    "publishedVersion": 0,
    "forkFrom": "-",
    "isSpam": 0,
    "version": 1,
    "parentVersion": -1,
    "echartsVersion": "5.1.2",
    "versionCreateTime": "2021-06-19T10:08:29.000Z",
    "html": "",
    "externalScripts": "",
    "updaterUID": "bd-899322333",
    "theme": "",
    "layout": "",
    "viewCount": 0,
    "userName": "139*****254",
    "commentCount": 0,
    "starCount": 1,
    "isStared": 0,
    "thumbnailURL": "https://www.makeapie.com/ecg-storage/ec_gallery_thumbnail/xzFU8cxe4X.png?v=1624097309567",
    "isCustomThumbnail": 0,
    "builtinTags": [
        "category-work",
        "grid",
        "legend",
        "series-bar",
        "tooltip"
    ],
    "customTags": [],
    "updaterUserName": "139*****254"
}