{
    "cid": "x-NcS4NDzC",
    "authorUid": "obd-o-aSEAdBFmNgzJAn8sMH93q7S4ELLA9",
    "authorUserName": "w***7",
    "title": "总超期数量折线图",
    "description": "",
    "latestVersion": 2,
    "alwaysLatest": 0,
    "createTime": "2021-11-23T01:40:06.000Z",
    "lastUpdateTime": "2021-11-23T01:40:27.000Z",
    "auth": 1,
    "uid": "obd-o-aSEAdBFmNgzJAn8sMH93q7S4ELLA9",
    "publishedVersion": 0,
    "forkFrom": "-",
    "isSpam": 0,
    "version": 2,
    "parentVersion": 1,
    "echartsVersion": "5.2.2",
    "versionCreateTime": "2021-11-23T01:40:27.000Z",
    "html": "",
    "externalScripts": "",
    "updaterUID": "obd-o-aSEAdBFmNgzJAn8sMH93q7S4ELLA9",
    "theme": "",
    "layout": "",
    "viewCount": 0,
    "userName": "w***7",
    "commentCount": 0,
    "starCount": 0,
    "isStared": 0,
    "thumbnailURL": "https://www.makeapie.com/ecg-storage/ec_gallery_thumbnail/x-NcS4NDzC.png?v=1637631627982",
    "isCustomThumbnail": 0,
    "builtinTags": [
        "category-work",
        "dataZoom",
        "grid",
        "legend",
        "markPoint",
        "series-line",
        "tooltip"
    ],
    "customTags": [],
    "updaterUserName": "w***7"
}