{
    "cid": "xadUrKmsO7",
    "authorUid": "obd-oAlFYisM8E7gN8M2hZfP9KB4LbEBg7b",
    "authorUserName": "c***9",
    "title": "房屋结构",
    "description": "",
    "latestVersion": 1,
    "alwaysLatest": 0,
    "createTime": "2021-11-22T11:38:24.000Z",
    "lastUpdateTime": "2021-11-22T11:38:24.000Z",
    "auth": 2,
    "uid": "obd-oAlFYisM8E7gN8M2hZfP9KB4LbEBg7b",
    "publishedVersion": 0,
    "forkFrom": "-",
    "isSpam": 0,
    "version": 1,
    "parentVersion": -1,
    "echartsVersion": "5.2.2",
    "versionCreateTime": "2021-11-22T11:38:25.000Z",
    "html": "",
    "externalScripts": "",
    "updaterUID": "obd-oAlFYisM8E7gN8M2hZfP9KB4LbEBg7b",
    "theme": "",
    "layout": "",
    "viewCount": 0,
    "userName": "c***9",
    "commentCount": 0,
    "starCount": 1,
    "isStared": 0,
    "thumbnailURL": "https://www.makeapie.com/ecg-storage/ec_gallery_thumbnail/xadUrKmsO7.png?v=1637581105130",
    "isCustomThumbnail": 0,
    "builtinTags": [
        "category-work",
        "legend",
        "series-pie",
        "tooltip"
    ],
    "customTags": [],
    "updaterUserName": "c***9"
}