{
    "cid": "xCExOgfjoC",
    "authorUid": "obd-oEygZsDTLxuwmnak0OUEpb82X1KBU4e",
    "authorUserName": "谢***4",
    "title": "第一行两个字 第二行三个字",
    "description": "",
    "latestVersion": 2,
    "alwaysLatest": 0,
    "createTime": "2021-11-23T02:53:53.000Z",
    "lastUpdateTime": "2021-11-26T01:14:34.000Z",
    "auth": 2,
    "uid": "obd-oEygZsDTLxuwmnak0OUEpb82X1KBU4e",
    "publishedVersion": 0,
    "forkFrom": "-",
    "isSpam": 0,
    "version": 2,
    "parentVersion": 1,
    "echartsVersion": "5.2.2",
    "versionCreateTime": "2021-11-26T01:14:34.000Z",
    "html": "",
    "externalScripts": "",
    "updaterUID": "obd-oEygZsDTLxuwmnak0OUEpb82X1KBU4e",
    "theme": "",
    "layout": "",
    "viewCount": 0,
    "userName": "谢***4",
    "commentCount": 0,
    "starCount": 3,
    "isStared": 0,
    "thumbnailURL": "https://www.makeapie.com/ecg-storage/ec_gallery_thumbnail/xCExOgfjoC.png?v=1637889274271",
    "isCustomThumbnail": 0,
    "builtinTags": [
        "category-work",
        "grid",
        "series-custom",
        "title"
    ],
    "customTags": [],
    "updaterUserName": "谢***4"
}