{
    "cid": "xd6_stONlb",
    "authorUid": "obd-oEygZsDTLxuwmnak0OUEpb82X1KBU4e",
    "authorUserName": "谢***4",
    "title": "柱状图",
    "description": "",
    "latestVersion": 2,
    "alwaysLatest": 0,
    "createTime": "2021-11-22T09:59:17.000Z",
    "lastUpdateTime": "2021-11-23T02:41:07.000Z",
    "auth": 1,
    "uid": "obd-oEygZsDTLxuwmnak0OUEpb82X1KBU4e",
    "publishedVersion": 0,
    "forkFrom": "-",
    "isSpam": 0,
    "version": 2,
    "parentVersion": 1,
    "echartsVersion": "5.2.2",
    "versionCreateTime": "2021-11-23T02:41:07.000Z",
    "html": "",
    "externalScripts": "",
    "updaterUID": "obd-oEygZsDTLxuwmnak0OUEpb82X1KBU4e",
    "theme": "",
    "layout": "",
    "viewCount": 0,
    "userName": "谢***4",
    "commentCount": 1,
    "starCount": 5,
    "isStared": 0,
    "thumbnailURL": "https://www.makeapie.com/ecg-storage/ec_gallery_thumbnail/xd6_stONlb.png?v=1637635267344",
    "isCustomThumbnail": 0,
    "builtinTags": [
        "category-work",
        "grid",
        "series-custom",
        "title"
    ],
    "customTags": [],
    "updaterUserName": "谢***4"
}