{
    "cid": "xFa6kVCX8f",
    "authorUid": "obd-ojqMCZCHOBMrd7liUcO4GdAJ37q3yDJ",
    "authorUserName": "l***y",
    "title": "饼图-年轮夹带圆角",
    "description": "夹带圆角",
    "latestVersion": 2,
    "alwaysLatest": 0,
    "createTime": "2021-11-20T07:05:38.000Z",
    "lastUpdateTime": "2021-11-20T07:05:53.000Z",
    "auth": 2,
    "uid": "obd-ojqMCZCHOBMrd7liUcO4GdAJ37q3yDJ",
    "publishedVersion": 0,
    "forkFrom": "-",
    "isSpam": 0,
    "version": 2,
    "parentVersion": 1,
    "echartsVersion": "5.2.2",
    "versionCreateTime": "2021-11-20T07:05:54.000Z",
    "html": "",
    "externalScripts": "",
    "updaterUID": "obd-ojqMCZCHOBMrd7liUcO4GdAJ37q3yDJ",
    "theme": "",
    "layout": "",
    "viewCount": 0,
    "userName": "l***y",
    "commentCount": 1,
    "starCount": 1,
    "isStared": 0,
    "thumbnailURL": "https://www.makeapie.com/ecg-storage/ec_gallery_thumbnail/xFa6kVCX8f.png?v=1637391954164",
    "isCustomThumbnail": 0,
    "builtinTags": [
        "category-work",
        "legend",
        "series-pie"
    ],
    "customTags": [],
    "updaterUserName": "l***y"
}