{
    "cid": "xRfmvE_9RQ",
    "authorUid": "obd-o2CdMLYTO99CGzIzdGkCr0C86OmIdB6",
    "authorUserName": "i***1",
    "title": "饼图",
    "description": "",
    "latestVersion": 2,
    "alwaysLatest": 0,
    "createTime": "2021-11-22T07:40:02.000Z",
    "lastUpdateTime": "2021-11-22T09:47:57.000Z",
    "auth": 2,
    "uid": "obd-o2CdMLYTO99CGzIzdGkCr0C86OmIdB6",
    "publishedVersion": 0,
    "forkFrom": "-",
    "isSpam": 0,
    "version": 2,
    "parentVersion": 1,
    "echartsVersion": "5.2.2",
    "versionCreateTime": "2021-11-22T09:47:57.000Z",
    "html": "",
    "externalScripts": "",
    "updaterUID": "obd-o2CdMLYTO99CGzIzdGkCr0C86OmIdB6",
    "theme": "",
    "layout": "",
    "viewCount": 0,
    "userName": "i***1",
    "commentCount": 0,
    "starCount": 4,
    "isStared": 0,
    "thumbnailURL": "https://www.makeapie.com/ecg-storage/ec_gallery_thumbnail/xRfmvE_9RQ.png?v=1637574478051",
    "isCustomThumbnail": 0,
    "builtinTags": [
        "category-work",
        "legend",
        "series-pie"
    ],
    "customTags": [],
    "updaterUserName": "i***1"
}