{
    "cid": "xVXVYGL201",
    "authorUid": "obd-ojok0alWTQPs_TXsuxZyvC6hqlv3kE5",
    "authorUserName": "h***鸦",
    "title": "箭头形式标注同比增长或减少",
    "description": "实现箭头标注柱形图增减数据",
    "latestVersion": 4,
    "alwaysLatest": 1,
    "createTime": "2021-11-22T05:28:35.000Z",
    "lastUpdateTime": "2021-11-22T10:32:24.000Z",
    "auth": 2,
    "uid": "obd-ojok0alWTQPs_TXsuxZyvC6hqlv3kE5",
    "publishedVersion": 0,
    "forkFrom": "-",
    "isSpam": 0,
    "version": 4,
    "parentVersion": 3,
    "echartsVersion": "5.2.2",
    "versionCreateTime": "2021-11-22T10:32:24.000Z",
    "html": "",
    "externalScripts": "",
    "updaterUID": "obd-ojok0alWTQPs_TXsuxZyvC6hqlv3kE5",
    "theme": "",
    "layout": "",
    "viewCount": 0,
    "userName": "h***鸦",
    "commentCount": 0,
    "starCount": 0,
    "isStared": 0,
    "thumbnailURL": "https://www.makeapie.com/ecg-storage/ec_gallery_thumbnail/xVXVYGL201.png?v=1637577145018",
    "isCustomThumbnail": 0,
    "builtinTags": [
        "category-work",
        "grid",
        "markPoint",
        "series-bar",
        "title"
    ],
    "customTags": [],
    "updaterUserName": "h***鸦"
}