{
    "cid": "xB18IBNFxf",
    "authorUid": "bd-4095962404",
    "authorUserName": "l6113996",
    "title": "实时原油",
    "description": "个人练习所做",
    "latestVersion": 2,
    "alwaysLatest": 1,
    "createTime": "2017-11-27T06:48:46.000Z",
    "lastUpdateTime": "2017-11-27T06:48:46.000Z",
    "auth": 2,
    "uid": "bd-4095962404",
    "publishedVersion": 0,
    "forkFrom": "-",
    "isSpam": 0,
    "version": 2,
    "parentVersion": 1,
    "echartsVersion": "3.8.0",
    "versionCreateTime": "2017-11-27T06:51:07.000Z",
    "html": "",
    "externalScripts": "",
    "updaterUID": "bd-4095962404",
    "theme": "",
    "layout": "",
    "viewCount": 1929,
    "userName": "l6113996",
    "commentCount": 0,
    "starCount": 0,
    "isStared": 0,
    "thumbnailURL": "https://www.makeapie.com/ecg-storage/ec_gallery_thumbnail/xB18IBNFxf.png?v=1511765467761",
    "isCustomThumbnail": 0,
    "builtinTags": [
        "category-work",
        "grid",
        "series-line",
        "title",
        "tooltip"
    ],
    "customTags": [],
    "updaterUserName": "l6113996"
}