{
    "cid": "xBJO4bJtlM",
    "authorUid": "bd-1075817977",
    "authorUserName": "7***2",
    "title": "作品所属学科",
    "description": "柱形图",
    "latestVersion": 2,
    "alwaysLatest": 1,
    "createTime": "2017-11-27T00:49:52.000Z",
    "lastUpdateTime": "2017-11-27T00:49:52.000Z",
    "auth": 2,
    "uid": "bd-1075817977",
    "publishedVersion": 0,
    "forkFrom": "-",
    "isSpam": 0,
    "version": 2,
    "parentVersion": 1,
    "echartsVersion": "3.8.0",
    "versionCreateTime": "2017-11-27T01:52:29.000Z",
    "html": "",
    "externalScripts": "",
    "updaterUID": "bd-1075817977",
    "theme": "",
    "layout": "",
    "viewCount": 526,
    "userName": "7***2",
    "commentCount": 0,
    "starCount": 2,
    "isStared": 0,
    "thumbnailURL": "https://www.makeapie.com/ecg-storage/ec_gallery_thumbnail/xBJO4bJtlM.png?v=1511747549805",
    "isCustomThumbnail": 0,
    "builtinTags": [
        "category-work",
        "grid",
        "series-bar",
        "tooltip"
    ],
    "customTags": [],
    "updaterUserName": "7***2"
}