{
    "cid": "xBJSq4sLxf",
    "authorUid": "bd-830759022",
    "authorUserName": "188******79",
    "title": "全国分地区GDP占比（百亿）",
    "description": "将全国分为六大地区，分别是华北地区、东北地区、华东地区、中南地区、西南地区、西北地区，统计出各地区GDP，制作成饼图，查看各地区GDP占比。",
    "latestVersion": 3,
    "alwaysLatest": 1,
    "createTime": "2017-11-25T08:06:37.000Z",
    "lastUpdateTime": "2017-11-28T03:04:18.000Z",
    "auth": 2,
    "uid": "bd-830759022",
    "publishedVersion": 0,
    "forkFrom": "-",
    "isSpam": 0,
    "version": 3,
    "parentVersion": 2,
    "echartsVersion": "3.8.0",
    "versionCreateTime": "2017-11-28T02:58:11.000Z",
    "html": "",
    "externalScripts": "",
    "updaterUID": "bd-830759022",
    "theme": "dark",
    "layout": "",
    "viewCount": 399,
    "userName": "188******79",
    "commentCount": 0,
    "starCount": 0,
    "isStared": 0,
    "thumbnailURL": "https://www.makeapie.com/ecg-storage/ec_gallery_thumbnail/xBJSq4sLxf.png?v=1511837891634",
    "isCustomThumbnail": 0,
    "builtinTags": [],
    "customTags": [],
    "updaterUserName": "188******79"
}