{
    "cid": "xHJSg4-YlG",
    "authorUid": "bd-1379828180",
    "authorUserName": "lichen月上",
    "title": "2014年中国耕地质量",
    "description": "数据来源：国土资源部",
    "latestVersion": 2,
    "alwaysLatest": 1,
    "createTime": "2017-11-27T03:18:05.000Z",
    "lastUpdateTime": "2017-11-27T03:18:05.000Z",
    "auth": 2,
    "uid": "bd-1379828180",
    "publishedVersion": 0,
    "forkFrom": "-",
    "isSpam": 0,
    "version": 2,
    "parentVersion": 1,
    "echartsVersion": "3.8.0",
    "versionCreateTime": "2017-11-27T04:03:30.000Z",
    "html": "",
    "externalScripts": "",
    "updaterUID": "bd-1379828180",
    "theme": "",
    "layout": "",
    "viewCount": 863,
    "userName": "lichen月上",
    "commentCount": 0,
    "starCount": 0,
    "isStared": 0,
    "thumbnailURL": "https://www.makeapie.com/ecg-storage/ec_gallery_thumbnail/xHJSg4-YlG.png?v=1511755410223",
    "isCustomThumbnail": 0,
    "builtinTags": [
        "category-work",
        "series-treemap",
        "title",
        "toolbox",
        "tooltip"
    ],
    "customTags": [],
    "updaterUserName": "lichen月上"
}