{
    "cid": "xHkACayYxz",
    "authorUid": "bd-3276921040",
    "authorUserName": "狮***0",
    "title": "海口进港柱状图",
    "description": "柱状图",
    "latestVersion": 1,
    "alwaysLatest": 1,
    "createTime": "2017-11-27T01:43:50.000Z",
    "lastUpdateTime": "2017-11-27T01:43:50.000Z",
    "auth": 2,
    "uid": "bd-3276921040",
    "publishedVersion": 0,
    "forkFrom": "-",
    "isSpam": 0,
    "version": 1,
    "parentVersion": -1,
    "echartsVersion": "3.8.0",
    "versionCreateTime": "2017-11-27T01:43:50.000Z",
    "html": "",
    "externalScripts": "",
    "updaterUID": "bd-3276921040",
    "theme": "",
    "layout": "",
    "viewCount": 436,
    "userName": "狮***0",
    "commentCount": 0,
    "starCount": 2,
    "isStared": 0,
    "thumbnailURL": "https://www.makeapie.com/ecg-storage/ec_gallery_thumbnail/xHkACayYxz.png?v=1511747030299",
    "isCustomThumbnail": 0,
    "builtinTags": [
        "category-work",
        "grid",
        "markLine",
        "series-bar"
    ],
    "customTags": [],
    "updaterUserName": "狮***0"
}