{
    "cid": "xr1pFJfYxG",
    "authorUid": "bd-1379828180",
    "authorUserName": "lichen月上",
    "title": "2014年中国耕地质量",
    "description": "数据来源：国土资源部",
    "latestVersion": 2,
    "alwaysLatest": 1,
    "createTime": "2017-11-27T04:07:33.000Z",
    "lastUpdateTime": "2017-11-27T04:07:33.000Z",
    "auth": 2,
    "uid": "bd-1379828180",
    "publishedVersion": 0,
    "forkFrom": "-",
    "isSpam": 0,
    "version": 2,
    "parentVersion": 1,
    "echartsVersion": "3.8.0",
    "versionCreateTime": "2017-11-27T05:34:30.000Z",
    "html": "",
    "externalScripts": "",
    "updaterUID": "bd-1379828180",
    "theme": "",
    "layout": "",
    "viewCount": 817,
    "userName": "lichen月上",
    "commentCount": 0,
    "starCount": 1,
    "isStared": 0,
    "thumbnailURL": "https://www.makeapie.com/ecg-storage/ec_gallery_thumbnail/xr1pFJfYxG.png?v=1511760870220",
    "isCustomThumbnail": 0,
    "builtinTags": [
        "category-work",
        "series-treemap",
        "title",
        "tooltip"
    ],
    "customTags": [],
    "updaterUserName": "lichen月上"
}