{
    "cid": "xr1xpSjLgf",
    "authorUid": "bd-830759022",
    "authorUserName": "188******79",
    "title": "近五年全国GDP变化曲线",
    "description": "统计出全国近五年GDP总数，并绘制成折线图，看出GDP增长趋势",
    "latestVersion": 1,
    "alwaysLatest": 1,
    "createTime": "2017-11-25T08:11:36.000Z",
    "lastUpdateTime": "2017-11-25T08:11:36.000Z",
    "auth": 2,
    "uid": "bd-830759022",
    "publishedVersion": 0,
    "forkFrom": "-",
    "isSpam": 0,
    "version": 1,
    "parentVersion": -1,
    "echartsVersion": "3.8.0",
    "versionCreateTime": "2017-11-25T08:11:36.000Z",
    "html": "",
    "externalScripts": "",
    "updaterUID": "bd-830759022",
    "theme": "",
    "layout": "",
    "viewCount": 40,
    "userName": "188******79",
    "commentCount": 0,
    "starCount": 0,
    "isStared": 0,
    "thumbnailURL": "https://www.makeapie.com/ecg-storage/ec_gallery_thumbnail/xr1xpSjLgf.png?v=1511597496525",
    "isCustomThumbnail": 0,
    "builtinTags": [
        "category-work",
        "grid",
        "series-line",
        "title"
    ],
    "customTags": [],
    "updaterUserName": "188******79"
}