{
    "cid": "xrJdCeyKgf",
    "authorUid": "bd-1075817977",
    "authorUserName": "7***2",
    "title": "学历分布",
    "description": "柱象形图",
    "latestVersion": 1,
    "alwaysLatest": 1,
    "createTime": "2017-11-27T00:48:16.000Z",
    "lastUpdateTime": "2017-11-27T00:48:16.000Z",
    "auth": 2,
    "uid": "bd-1075817977",
    "publishedVersion": 0,
    "forkFrom": "-",
    "isSpam": 0,
    "version": 1,
    "parentVersion": -1,
    "echartsVersion": "3.8.0",
    "versionCreateTime": "2017-11-27T00:48:16.000Z",
    "html": "",
    "externalScripts": "",
    "updaterUID": "bd-1075817977",
    "theme": "",
    "layout": "",
    "viewCount": 373,
    "userName": "7***2",
    "commentCount": 1,
    "starCount": 11,
    "isStared": 0,
    "thumbnailURL": "https://www.makeapie.com/ecg-storage/ec_gallery_thumbnail/xrJdCeyKgf.png?v=1511743696611",
    "isCustomThumbnail": 0,
    "builtinTags": [
        "category-work",
        "grid",
        "series-pictorialBar"
    ],
    "customTags": [],
    "updaterUserName": "7***2"
}