{
    "cid": "xrJY-T85lM",
    "authorUid": "bd-940022354",
    "authorUserName": "5***7",
    "title": "占比分析",
    "description": "占比分析",
    "latestVersion": 2,
    "alwaysLatest": 1,
    "createTime": "2017-11-28T03:50:24.000Z",
    "lastUpdateTime": "2017-11-28T03:50:24.000Z",
    "auth": 2,
    "uid": "bd-940022354",
    "publishedVersion": 0,
    "forkFrom": "-",
    "isSpam": 0,
    "version": 2,
    "parentVersion": 1,
    "echartsVersion": "3.8.0",
    "versionCreateTime": "2017-11-28T04:45:43.000Z",
    "html": "",
    "externalScripts": "",
    "updaterUID": "bd-940022354",
    "theme": "",
    "layout": "",
    "viewCount": 393,
    "userName": "5***7",
    "commentCount": 0,
    "starCount": 8,
    "isStared": 0,
    "thumbnailURL": "https://www.makeapie.com/ecg-storage/ec_gallery_thumbnail/xrJY-T85lM.png?v=1511844343845",
    "isCustomThumbnail": 0,
    "builtinTags": [
        "category-work",
        "grid",
        "series-pictorialBar"
    ],
    "customTags": [],
    "updaterUserName": "5***7"
}