{
    "cid": "xrysDYVOxz",
    "authorUid": "bd-2469247196",
    "authorUserName": "小小虾米一只",
    "title": "rich",
    "description": "",
    "latestVersion": 1,
    "alwaysLatest": 1,
    "createTime": "2017-11-26T12:53:54.000Z",
    "lastUpdateTime": "2017-11-26T12:53:54.000Z",
    "auth": 2,
    "uid": "bd-2469247196",
    "publishedVersion": 0,
    "forkFrom": "-",
    "isSpam": 0,
    "version": 1,
    "parentVersion": -1,
    "echartsVersion": "3.8.0",
    "versionCreateTime": "2017-11-26T12:53:54.000Z",
    "html": "",
    "externalScripts": "",
    "updaterUID": "bd-2469247196",
    "theme": "",
    "layout": "",
    "viewCount": 134,
    "userName": "小小虾米一只",
    "commentCount": 0,
    "starCount": 1,
    "isStared": 0,
    "thumbnailURL": "https://www.makeapie.com/ecg-storage/ec_gallery_thumbnail/xrysDYVOxz.png?v=1511700834715",
    "isCustomThumbnail": 0,
    "builtinTags": [
        "category-work",
        "series-pie",
        "tooltip"
    ],
    "customTags": [],
    "updaterUserName": "小小虾米一只"
}