{
    "cid": "xS13wZZdlM",
    "authorUid": "bd-1632734138",
    "authorUserName": "曲终人散梦断1",
    "title": "2017年9月份河南省城市环境空气质量情况分布",
    "description": "",
    "latestVersion": 2,
    "alwaysLatest": 1,
    "createTime": "2017-11-26T08:54:59.000Z",
    "lastUpdateTime": "2017-11-26T08:54:59.000Z",
    "auth": 2,
    "uid": "bd-1632734138",
    "publishedVersion": 0,
    "forkFrom": "-",
    "isSpam": 0,
    "version": 2,
    "parentVersion": 1,
    "echartsVersion": "3.8.0",
    "versionCreateTime": "2017-11-26T09:12:10.000Z",
    "html": "",
    "externalScripts": "",
    "updaterUID": "bd-1632734138",
    "theme": "",
    "layout": "",
    "viewCount": 657,
    "userName": "曲终人散梦断1",
    "commentCount": 0,
    "starCount": 2,
    "isStared": 0,
    "thumbnailURL": "https://www.makeapie.com/ecg-storage/ec_gallery_thumbnail/xS13wZZdlM.png?v=1511687530698",
    "isCustomThumbnail": 0,
    "builtinTags": [
        "category-work",
        "series-map",
        "title",
        "toolbox",
        "tooltip",
        "visualMap"
    ],
    "customTags": [],
    "updaterUserName": "曲终人散梦断1"
}