{
    "cid": "xS1clAr9lf",
    "authorUid": "bd-2257899020",
    "authorUserName": "ueudjdjd216",
    "title": "薛之谦人设",
    "description": "",
    "latestVersion": 1,
    "alwaysLatest": 1,
    "createTime": "2017-11-28T02:46:10.000Z",
    "lastUpdateTime": "2017-11-28T02:46:10.000Z",
    "auth": 2,
    "uid": "bd-2257899020",
    "publishedVersion": 0,
    "forkFrom": "-",
    "isSpam": 0,
    "version": 1,
    "parentVersion": -1,
    "echartsVersion": "3.8.0",
    "versionCreateTime": "2017-11-28T02:46:10.000Z",
    "html": "",
    "externalScripts": "",
    "updaterUID": "bd-2257899020",
    "theme": "",
    "layout": "",
    "viewCount": 23,
    "userName": "ueudjdjd216",
    "commentCount": 0,
    "starCount": 0,
    "isStared": 0,
    "thumbnailURL": "https://www.makeapie.com/ecg-storage/ec_gallery_thumbnail/xS1clAr9lf.png?v=1511837170443",
    "isCustomThumbnail": 0,
    "builtinTags": [
        "category-work",
        "grid",
        "series-bar",
        "title"
    ],
    "customTags": [],
    "updaterUserName": "ueudjdjd216"
}