{
    "cid": "xSJlEw8qxz",
    "authorUid": "bd-830759022",
    "authorUserName": "188******79",
    "title": "近五年全国GDP变化情况",
    "description": "统计出近五年全国GDP总数，并绘制成柱形图，看出GDP的逐年稳步递增性",
    "latestVersion": 2,
    "alwaysLatest": 1,
    "createTime": "2017-11-28T03:25:27.000Z",
    "lastUpdateTime": "2017-11-28T03:25:27.000Z",
    "auth": 2,
    "uid": "bd-830759022",
    "publishedVersion": 0,
    "forkFrom": "-",
    "isSpam": 0,
    "version": 2,
    "parentVersion": 1,
    "echartsVersion": "3.8.0",
    "versionCreateTime": "2017-11-28T08:26:33.000Z",
    "html": "",
    "externalScripts": "",
    "updaterUID": "bd-830759022",
    "theme": "",
    "layout": "",
    "viewCount": 93,
    "userName": "188******79",
    "commentCount": 0,
    "starCount": 0,
    "isStared": 0,
    "thumbnailURL": "https://www.makeapie.com/ecg-storage/ec_gallery_thumbnail/xSJlEw8qxz.png?v=1511857593635",
    "isCustomThumbnail": 0,
    "builtinTags": [
        "category-work",
        "grid",
        "legend",
        "series-bar",
        "title",
        "tooltip"
    ],
    "customTags": [],
    "updaterUserName": "188******79"
}