{
    "cid": "xSyk8M4Kxz",
    "authorUid": "bd-4093672220",
    "authorUserName": "南极的南端",
    "title": "地级市经销商",
    "description": "",
    "latestVersion": 2,
    "alwaysLatest": 1,
    "createTime": "2017-11-27T06:35:50.000Z",
    "lastUpdateTime": "2017-11-27T06:35:50.000Z",
    "auth": 2,
    "uid": "bd-4093672220",
    "publishedVersion": 0,
    "forkFrom": "-",
    "isSpam": 0,
    "version": 2,
    "parentVersion": 1,
    "echartsVersion": "3.8.0",
    "versionCreateTime": "2017-11-27T06:44:26.000Z",
    "html": "",
    "externalScripts": "/dep/echarts/latest/extension/bmap.min.js,http://api.map.baidu.com/api?v=2.0&ak=ZUONbpqGBsYGXNIYHicvbAbM",
    "updaterUID": "bd-4093672220",
    "theme": "",
    "layout": "",
    "viewCount": 17,
    "userName": "南极的南端",
    "commentCount": 0,
    "starCount": 0,
    "isStared": 0,
    "thumbnailURL": "https://www.makeapie.com/ecg-storage/ec_gallery_thumbnail/xSyk8M4Kxz.png?v=1511764551030",
    "isCustomThumbnail": 0,
    "builtinTags": [
        "category-work"
    ],
    "customTags": [],
    "updaterUserName": "南极的南端"
}