{
    "cid": "x3wfc3Fjh",
    "authorUid": "bd-2013481626",
    "authorUserName": "じ***ゞ",
    "title": "柱状图",
    "description": "柱状图 不同柱色（注：x轴 单一）",
    "latestVersion": 2,
    "alwaysLatest": 1,
    "createTime": "2019-12-17T02:23:29.000Z",
    "lastUpdateTime": "2019-12-17T02:23:29.000Z",
    "auth": 2,
    "uid": "bd-2013481626",
    "publishedVersion": 0,
    "forkFrom": "-",
    "isSpam": 0,
    "version": 2,
    "parentVersion": 1,
    "echartsVersion": "4.8.0",
    "versionCreateTime": "2020-07-16T11:36:24.000Z",
    "html": "",
    "externalScripts": "",
    "updaterUID": "bd-2013481626",
    "theme": "",
    "layout": "",
    "viewCount": 213,
    "userName": "じ***ゞ",
    "commentCount": 0,
    "starCount": 1,
    "isStared": 0,
    "thumbnailURL": "https://www.makeapie.com/ecg-storage/ec_gallery_thumbnail/x3wfc3Fjh.png?v=1594899384165",
    "isCustomThumbnail": 0,
    "builtinTags": [
        "category-work",
        "grid",
        "legend",
        "series-bar",
        "tooltip"
    ],
    "customTags": [],
    "updaterUserName": "じ***ゞ"
}