{
    "cid": "x8MDCYZJl",
    "authorUid": "bd-2903669626",
    "authorUserName": "z***2",
    "title": "漏斗图",
    "description": "",
    "latestVersion": 36,
    "alwaysLatest": 1,
    "createTime": "2019-12-16T06:00:05.000Z",
    "lastUpdateTime": "2019-12-16T06:00:05.000Z",
    "auth": 2,
    "uid": "bd-2903669626",
    "publishedVersion": 0,
    "forkFrom": "-",
    "isSpam": 0,
    "version": 36,
    "parentVersion": 35,
    "echartsVersion": "4.4.0",
    "versionCreateTime": "2020-02-03T09:24:08.000Z",
    "html": "",
    "externalScripts": "",
    "updaterUID": "bd-2903669626",
    "theme": "",
    "layout": "",
    "viewCount": 3375,
    "userName": "z***2",
    "commentCount": 0,
    "starCount": 16,
    "isStared": 0,
    "thumbnailURL": "https://www.makeapie.com/ecg-storage/ec_gallery_thumbnail/x8MDCYZJl.png?v=1580721848746",
    "isCustomThumbnail": 0,
    "builtinTags": [
        "category-work",
        "grid",
        "series-funnel",
        "series-graph",
        "series-pictorialBar"
    ],
    "customTags": [
        "graph",
        "pictorialBar"
    ],
    "updaterUserName": "z***2"
}