{
    "cid": "xbUWnrFLI",
    "authorUid": "bd-92936652",
    "authorUserName": "一***8",
    "title": "井字形-换乘站",
    "description": "",
    "latestVersion": 2,
    "alwaysLatest": 1,
    "createTime": "2019-12-17T03:29:33.000Z",
    "lastUpdateTime": "2019-12-17T03:29:33.000Z",
    "auth": 2,
    "uid": "bd-92936652",
    "publishedVersion": 0,
    "forkFrom": "-",
    "isSpam": 0,
    "version": 2,
    "parentVersion": 1,
    "echartsVersion": "4.4.0",
    "versionCreateTime": "2019-12-17T03:33:24.000Z",
    "html": "",
    "externalScripts": "",
    "updaterUID": "bd-92936652",
    "theme": "",
    "layout": "",
    "viewCount": 368,
    "userName": "一***8",
    "commentCount": 0,
    "starCount": 4,
    "isStared": 0,
    "thumbnailURL": "https://www.makeapie.com/ecg-storage/ec_gallery_thumbnail/xbUWnrFLI.png?v=1576553604780",
    "isCustomThumbnail": 0,
    "builtinTags": [
        "category-work",
        "grid",
        "series-graph",
        "series-lines",
        "tooltip"
    ],
    "customTags": [
        "井字形-换乘站"
    ],
    "updaterUserName": "一***8"
}