{
    "cid": "xcBb6pjs5",
    "authorUid": "bd-1711277968",
    "authorUserName": "d***g",
    "title": "风电完成对比",
    "description": "",
    "latestVersion": 1,
    "alwaysLatest": 1,
    "createTime": "2019-12-17T09:41:10.000Z",
    "lastUpdateTime": "2019-12-17T09:41:10.000Z",
    "auth": 2,
    "uid": "bd-1711277968",
    "publishedVersion": 0,
    "forkFrom": "-",
    "isSpam": 0,
    "version": 1,
    "parentVersion": -1,
    "echartsVersion": "4.4.0",
    "versionCreateTime": "2019-12-17T09:41:10.000Z",
    "html": "",
    "externalScripts": "",
    "updaterUID": "bd-1711277968",
    "theme": "",
    "layout": "",
    "viewCount": 328,
    "userName": "d***g",
    "commentCount": 0,
    "starCount": 1,
    "isStared": 0,
    "thumbnailURL": "https://www.makeapie.com/ecg-storage/ec_gallery_thumbnail/xcBb6pjs5.png?v=1576575670603",
    "isCustomThumbnail": 0,
    "builtinTags": [
        "category-work",
        "series-treemap",
        "title",
        "tooltip"
    ],
    "customTags": [],
    "updaterUserName": "d***g"
}