{
    "cid": "xDxPnGNRF",
    "authorUid": "bd-289450008",
    "authorUserName": "T***3",
    "title": "坐标系图基础样式说明",
    "description": "我是副标题",
    "latestVersion": 1,
    "alwaysLatest": 1,
    "createTime": "2019-12-17T01:54:54.000Z",
    "lastUpdateTime": "2019-12-17T01:54:54.000Z",
    "auth": 2,
    "uid": "bd-289450008",
    "publishedVersion": 0,
    "forkFrom": "-",
    "isSpam": 0,
    "version": 1,
    "parentVersion": -1,
    "echartsVersion": "4.4.0",
    "versionCreateTime": "2019-12-17T01:54:54.000Z",
    "html": "",
    "externalScripts": "",
    "updaterUID": "bd-289450008",
    "theme": "",
    "layout": "",
    "viewCount": 74,
    "userName": "T***3",
    "commentCount": 0,
    "starCount": 1,
    "isStared": 0,
    "thumbnailURL": "https://www.makeapie.com/ecg-storage/ec_gallery_thumbnail/xDxPnGNRF.png?v=1576547694477",
    "isCustomThumbnail": 0,
    "builtinTags": [
        "category-work",
        "grid",
        "legend",
        "series-bar",
        "series-line",
        "title"
    ],
    "customTags": [],
    "updaterUserName": "T***3"
}