{
    "cid": "xGEEKmQPs",
    "authorUid": "bd-92936652",
    "authorUserName": "一***8",
    "title": "T字形-换乘站",
    "description": "",
    "latestVersion": 2,
    "alwaysLatest": 1,
    "createTime": "2019-12-17T07:20:42.000Z",
    "lastUpdateTime": "2019-12-17T07:20:42.000Z",
    "auth": 2,
    "uid": "bd-92936652",
    "publishedVersion": 0,
    "forkFrom": "-",
    "isSpam": 0,
    "version": 2,
    "parentVersion": 1,
    "echartsVersion": "4.4.0",
    "versionCreateTime": "2019-12-17T07:21:16.000Z",
    "html": "",
    "externalScripts": "",
    "updaterUID": "bd-92936652",
    "theme": "",
    "layout": "",
    "viewCount": 133,
    "userName": "一***8",
    "commentCount": 0,
    "starCount": 2,
    "isStared": 0,
    "thumbnailURL": "https://www.makeapie.com/ecg-storage/ec_gallery_thumbnail/xGEEKmQPs.png?v=1576567276960",
    "isCustomThumbnail": 0,
    "builtinTags": [
        "category-work",
        "grid",
        "series-graph",
        "series-lines",
        "tooltip"
    ],
    "customTags": [
        "T字形-换乘站"
    ],
    "updaterUserName": "一***8"
}