{
    "cid": "xioO7JcfJ",
    "authorUid": "bd-4043698537",
    "authorUserName": "彩***5",
    "title": "直角坐标系热力图",
    "description": "",
    "latestVersion": 1,
    "alwaysLatest": 1,
    "createTime": "2019-12-17T06:35:39.000Z",
    "lastUpdateTime": "2019-12-17T06:35:39.000Z",
    "auth": 2,
    "uid": "bd-4043698537",
    "publishedVersion": 0,
    "forkFrom": "-",
    "isSpam": 0,
    "version": 1,
    "parentVersion": -1,
    "echartsVersion": "4.4.0",
    "versionCreateTime": "2019-12-17T06:35:39.000Z",
    "html": "",
    "externalScripts": "/dep/echarts/map/js/world.js",
    "updaterUID": "bd-4043698537",
    "theme": "",
    "layout": "",
    "viewCount": 1137,
    "userName": "彩***5",
    "commentCount": 1,
    "starCount": 4,
    "isStared": 0,
    "thumbnailURL": "https://www.makeapie.com/ecg-storage/ec_gallery_thumbnail/xioO7JcfJ.png?v=1576564539259",
    "isCustomThumbnail": 0,
    "builtinTags": [
        "category-work",
        "geo",
        "grid",
        "series-heatmap",
        "tooltip",
        "visualMap"
    ],
    "customTags": [],
    "updaterUserName": "彩***5"
}