{
    "cid": "xKoVWFbze",
    "authorUid": "bd-1841183165",
    "authorUserName": "o***趣",
    "title": "Dashboard",
    "description": "瞎搞",
    "latestVersion": 5,
    "alwaysLatest": 1,
    "createTime": "2019-12-18T02:08:56.000Z",
    "lastUpdateTime": "2019-12-18T02:08:56.000Z",
    "auth": 2,
    "uid": "bd-1841183165",
    "publishedVersion": 0,
    "forkFrom": "-",
    "isSpam": 0,
    "version": 5,
    "parentVersion": 4,
    "echartsVersion": "4.4.0",
    "versionCreateTime": "2019-12-18T02:29:53.000Z",
    "html": "",
    "externalScripts": "",
    "updaterUID": "bd-1841183165",
    "theme": "",
    "layout": "",
    "viewCount": 451,
    "userName": "o***趣",
    "commentCount": 0,
    "starCount": 9,
    "isStared": 0,
    "thumbnailURL": "https://www.makeapie.com/ecg-storage/ec_gallery_thumbnail/xKoVWFbze.png?v=1576636193919",
    "isCustomThumbnail": 0,
    "builtinTags": [
        "category-work",
        "series-gauge",
        "series-pie"
    ],
    "customTags": [],
    "updaterUserName": "o***趣"
}