{
    "cid": "xlR3mvvyh",
    "authorUid": "bd-7626350",
    "authorUserName": "v***a",
    "title": "",
    "description": "",
    "latestVersion": 2,
    "alwaysLatest": 1,
    "createTime": "2019-12-16T12:13:30.000Z",
    "lastUpdateTime": "2019-12-16T12:13:30.000Z",
    "auth": 2,
    "uid": "bd-7626350",
    "publishedVersion": 0,
    "forkFrom": "-",
    "isSpam": 0,
    "version": 2,
    "parentVersion": 1,
    "echartsVersion": "4.4.0",
    "versionCreateTime": "2019-12-16T12:55:12.000Z",
    "html": "",
    "externalScripts": "",
    "updaterUID": "bd-7626350",
    "theme": "",
    "layout": "",
    "viewCount": 68,
    "userName": "v***a",
    "commentCount": 0,
    "starCount": 0,
    "isStared": 0,
    "thumbnailURL": "https://www.makeapie.com/ecg-storage/ec_gallery_thumbnail/xlR3mvvyh.png?v=1576500912542",
    "isCustomThumbnail": 0,
    "builtinTags": [
        "category-work",
        "dataZoom",
        "grid",
        "legend",
        "series-line",
        "tooltip"
    ],
    "customTags": [],
    "updaterUserName": "v***a"
}