{
    "cid": "xMYloZflb",
    "authorUid": "bd-3208210028",
    "authorUserName": "q***5",
    "title": "柱状图",
    "description": "",
    "latestVersion": 4,
    "alwaysLatest": 1,
    "createTime": "2019-12-16T09:18:37.000Z",
    "lastUpdateTime": "2019-12-16T09:18:37.000Z",
    "auth": 2,
    "uid": "bd-3208210028",
    "publishedVersion": 0,
    "forkFrom": "-",
    "isSpam": 0,
    "version": 4,
    "parentVersion": 3,
    "echartsVersion": "4.4.0",
    "versionCreateTime": "2019-12-16T09:22:23.000Z",
    "html": "",
    "externalScripts": "",
    "updaterUID": "bd-3208210028",
    "theme": "",
    "layout": "",
    "viewCount": 33,
    "userName": "q***5",
    "commentCount": 0,
    "starCount": 1,
    "isStared": 0,
    "thumbnailURL": "https://www.makeapie.com/ecg-storage/ec_gallery_thumbnail/xMYloZflb.png?v=1576488143288",
    "isCustomThumbnail": 0,
    "builtinTags": [
        "category-work",
        "dataset",
        "grid",
        "legend",
        "series-bar",
        "series-effectScatter",
        "tooltip"
    ],
    "customTags": [],
    "updaterUserName": "q***5"
}