{
    "cid": "xQoSEjPYl",
    "authorUid": "bd-1158218442",
    "authorUserName": "J***r",
    "title": "windows copy",
    "description": "",
    "latestVersion": 1,
    "alwaysLatest": 1,
    "createTime": "2019-12-18T03:10:06.000Z",
    "lastUpdateTime": "2019-12-18T03:10:06.000Z",
    "auth": 2,
    "uid": "bd-1158218442",
    "publishedVersion": 0,
    "forkFrom": "-",
    "isSpam": 0,
    "version": 1,
    "parentVersion": -1,
    "echartsVersion": "4.4.0",
    "versionCreateTime": "2019-12-18T03:10:06.000Z",
    "html": "",
    "externalScripts": "",
    "updaterUID": "bd-1158218442",
    "theme": "",
    "layout": "",
    "viewCount": 112,
    "userName": "J***r",
    "commentCount": 0,
    "starCount": 4,
    "isStared": 0,
    "thumbnailURL": "https://www.makeapie.com/ecg-storage/ec_gallery_thumbnail/xQoSEjPYl.png?v=1576638606816",
    "isCustomThumbnail": 1,
    "builtinTags": [
        "category-work",
        "grid",
        "series-line",
        "title",
        "toolbox"
    ],
    "customTags": [],
    "updaterUserName": "J***r"
}