{
    "cid": "xwwqiD8GI",
    "authorUid": "bd-1841183165",
    "authorUserName": "o***趣",
    "title": "Dashboard",
    "description": "",
    "latestVersion": 11,
    "alwaysLatest": 1,
    "createTime": "2019-12-18T03:24:39.000Z",
    "lastUpdateTime": "2019-12-18T03:24:39.000Z",
    "auth": 2,
    "uid": "bd-1841183165",
    "publishedVersion": 0,
    "forkFrom": "-",
    "isSpam": 0,
    "version": 11,
    "parentVersion": 10,
    "echartsVersion": "4.4.0",
    "versionCreateTime": "2019-12-20T01:55:04.000Z",
    "html": "",
    "externalScripts": "",
    "updaterUID": "bd-1841183165",
    "theme": "",
    "layout": "",
    "viewCount": 209,
    "userName": "o***趣",
    "commentCount": 0,
    "starCount": 6,
    "isStared": 0,
    "thumbnailURL": "https://www.makeapie.com/ecg-storage/ec_gallery_thumbnail/xwwqiD8GI.png?v=1576806904595",
    "isCustomThumbnail": 0,
    "builtinTags": [
        "category-work",
        "series-gauge"
    ],
    "customTags": [],
    "updaterUserName": "o***趣"
}