{
    "cid": "xZc30In1p",
    "authorUid": "bd-470064158",
    "authorUserName": "k***n",
    "title": "1111",
    "description": "",
    "latestVersion": 2,
    "alwaysLatest": 1,
    "createTime": "2019-12-17T02:30:22.000Z",
    "lastUpdateTime": "2019-12-17T02:30:22.000Z",
    "auth": 1,
    "uid": "bd-470064158",
    "publishedVersion": 0,
    "forkFrom": "-",
    "isSpam": 0,
    "version": 2,
    "parentVersion": 1,
    "echartsVersion": "4.4.0",
    "versionCreateTime": "2019-12-17T02:30:47.000Z",
    "html": "",
    "externalScripts": "",
    "updaterUID": "bd-470064158",
    "theme": "",
    "layout": "",
    "viewCount": 1124,
    "userName": "k***n",
    "commentCount": 0,
    "starCount": 4,
    "isStared": 0,
    "thumbnailURL": "https://www.makeapie.com/ecg-storage/ec_gallery_thumbnail/xZc30In1p.png?v=1576549847202",
    "isCustomThumbnail": 0,
    "builtinTags": [
        "category-work",
        "grid",
        "legend",
        "series-graph",
        "series-lines"
    ],
    "customTags": [],
    "updaterUserName": "k***n"
}