{
    "cid": "x-HYwPzIoS",
    "authorUid": "bd-289164046",
    "authorUserName": "c***8",
    "title": "排名",
    "description": "根据https://www.makeapie.com/editor.html?c=xRynVse3Qj修改",
    "latestVersion": 2,
    "alwaysLatest": 0,
    "createTime": "2021-07-02T04:27:40.000Z",
    "lastUpdateTime": "2021-07-02T04:27:55.000Z",
    "auth": 2,
    "uid": "bd-289164046",
    "publishedVersion": 0,
    "forkFrom": "-",
    "isSpam": 0,
    "version": 2,
    "parentVersion": 1,
    "echartsVersion": "5.1.2",
    "versionCreateTime": "2021-07-02T04:27:55.000Z",
    "html": "",
    "externalScripts": "",
    "updaterUID": "bd-289164046",
    "theme": "",
    "layout": "",
    "viewCount": 0,
    "userName": "c***8",
    "commentCount": 0,
    "starCount": 0,
    "isStared": 0,
    "thumbnailURL": "https://www.makeapie.com/ecg-storage/ec_gallery_thumbnail/x-HYwPzIoS.png?v=1625200075282",
    "isCustomThumbnail": 0,
    "builtinTags": [
        "category-work",
        "grid",
        "legend",
        "series-bar",
        "tooltip"
    ],
    "customTags": [],
    "updaterUserName": "c***8"
}