{
    "cid": "x1AXCDc8_2",
    "authorUid": "obd-ot7vz0Iqi9MElhgpxFsRzfmu-9PBG8u",
    "authorUserName": "q***p",
    "title": "线上品类TOP图",
    "description": "",
    "latestVersion": 1,
    "alwaysLatest": 0,
    "createTime": "2021-07-01T10:11:03.000Z",
    "lastUpdateTime": "2021-07-01T10:11:03.000Z",
    "auth": 2,
    "uid": "obd-ot7vz0Iqi9MElhgpxFsRzfmu-9PBG8u",
    "publishedVersion": 0,
    "forkFrom": "-",
    "isSpam": 0,
    "version": 1,
    "parentVersion": -1,
    "echartsVersion": "5.1.2",
    "versionCreateTime": "2021-07-01T10:11:03.000Z",
    "html": "",
    "externalScripts": "",
    "updaterUID": "obd-ot7vz0Iqi9MElhgpxFsRzfmu-9PBG8u",
    "theme": "",
    "layout": "",
    "viewCount": 0,
    "userName": "q***p",
    "commentCount": 0,
    "starCount": 2,
    "isStared": 0,
    "thumbnailURL": "https://www.makeapie.com/ecg-storage/ec_gallery_thumbnail/x1AXCDc8_2.png?v=1625134263458",
    "isCustomThumbnail": 0,
    "builtinTags": [
        "category-work",
        "grid",
        "series-bar",
        "title",
        "tooltip"
    ],
    "customTags": [],
    "updaterUserName": "q***p"
}