{
    "cid": "x6VcmSqVcP",
    "authorUid": "bd-2469886102",
    "authorUserName": "芊***8",
    "title": "测试",
    "description": "",
    "latestVersion": 1,
    "alwaysLatest": 0,
    "createTime": "2021-07-01T03:18:35.000Z",
    "lastUpdateTime": "2021-07-01T03:18:35.000Z",
    "auth": 1,
    "uid": "bd-2469886102",
    "publishedVersion": 0,
    "forkFrom": "-",
    "isSpam": 0,
    "version": 1,
    "parentVersion": -1,
    "echartsVersion": "5.1.2",
    "versionCreateTime": "2021-07-01T03:18:35.000Z",
    "html": "",
    "externalScripts": "",
    "updaterUID": "bd-2469886102",
    "theme": "",
    "layout": "",
    "viewCount": 0,
    "userName": "芊***8",
    "commentCount": 0,
    "starCount": 0,
    "isStared": 0,
    "thumbnailURL": "https://www.makeapie.com/ecg-storage/ec_gallery_thumbnail/x6VcmSqVcP.png?v=1625109515367",
    "isCustomThumbnail": 0,
    "builtinTags": [
        "category-work",
        "title"
    ],
    "customTags": [],
    "updaterUserName": "芊***8"
}