{
    "cid": "xdESO1QB_7",
    "authorUid": "obd-oMmVgYjzB50Xt-n57QwUKkfNi6WhY2E",
    "authorUserName": "伯***生",
    "title": "折线图图例事件",
    "description": "纯属虚构",
    "latestVersion": 1,
    "alwaysLatest": 0,
    "createTime": "2021-07-01T08:52:01.000Z",
    "lastUpdateTime": "2021-07-01T08:52:01.000Z",
    "auth": 2,
    "uid": "obd-oMmVgYjzB50Xt-n57QwUKkfNi6WhY2E",
    "publishedVersion": 0,
    "forkFrom": "-",
    "isSpam": 0,
    "version": 1,
    "parentVersion": -1,
    "echartsVersion": "5.1.2",
    "versionCreateTime": "2021-07-01T08:52:01.000Z",
    "html": "",
    "externalScripts": "",
    "updaterUID": "obd-oMmVgYjzB50Xt-n57QwUKkfNi6WhY2E",
    "theme": "",
    "layout": "",
    "viewCount": 0,
    "userName": "伯***生",
    "commentCount": 0,
    "starCount": 2,
    "isStared": 0,
    "thumbnailURL": "https://www.makeapie.com/ecg-storage/ec_gallery_thumbnail/xdESO1QB_7.png?v=1625129522029",
    "isCustomThumbnail": 0,
    "builtinTags": [
        "category-work",
        "dataZoom",
        "grid",
        "legend",
        "markLine",
        "markPoint",
        "series-line",
        "title",
        "toolbox",
        "tooltip"
    ],
    "customTags": [],
    "updaterUserName": "伯***生"
}