{
    "cid": "xHrgEIcDVG",
    "authorUid": "obd-otKvsjOvt73MJZbxrdliakYsP2v9887",
    "authorUserName": "时***凤",
    "title": "折线图节点断开连接",
    "description": "",
    "latestVersion": 1,
    "alwaysLatest": 0,
    "createTime": "2021-07-02T02:25:47.000Z",
    "lastUpdateTime": "2021-07-02T02:25:47.000Z",
    "auth": 2,
    "uid": "obd-otKvsjOvt73MJZbxrdliakYsP2v9887",
    "publishedVersion": 0,
    "forkFrom": "-",
    "isSpam": 0,
    "version": 1,
    "parentVersion": -1,
    "echartsVersion": "5.1.2",
    "versionCreateTime": "2021-07-02T02:25:47.000Z",
    "html": "",
    "externalScripts": "",
    "updaterUID": "obd-otKvsjOvt73MJZbxrdliakYsP2v9887",
    "theme": "",
    "layout": "",
    "viewCount": 0,
    "userName": "时***凤",
    "commentCount": 0,
    "starCount": 0,
    "isStared": 0,
    "thumbnailURL": "https://www.makeapie.com/ecg-storage/ec_gallery_thumbnail/xHrgEIcDVG.png?v=1625192747638",
    "isCustomThumbnail": 0,
    "builtinTags": [
        "category-work",
        "grid",
        "series-line"
    ],
    "customTags": [],
    "updaterUserName": "时***凤"
}