{
    "cid": "xioBce_St3",
    "authorUid": "obd-o-OzkOcjl8gItLdQIhY7pvXbznmleAO",
    "authorUserName": "﹎***离",
    "title": "huihui",
    "description": "",
    "latestVersion": 3,
    "alwaysLatest": 0,
    "createTime": "2021-07-02T08:25:28.000Z",
    "lastUpdateTime": "2021-07-05T02:30:33.000Z",
    "auth": 2,
    "uid": "obd-o-OzkOcjl8gItLdQIhY7pvXbznmleAO",
    "publishedVersion": 0,
    "forkFrom": "-",
    "isSpam": 0,
    "version": 3,
    "parentVersion": 2,
    "echartsVersion": "5.1.2",
    "versionCreateTime": "2021-07-05T02:30:33.000Z",
    "html": "",
    "externalScripts": "/dep/echarts/map/js/china.js",
    "updaterUID": "obd-o-OzkOcjl8gItLdQIhY7pvXbznmleAO",
    "theme": "",
    "layout": "",
    "viewCount": 0,
    "userName": "﹎***离",
    "commentCount": 0,
    "starCount": 1,
    "isStared": 0,
    "thumbnailURL": "https://www.makeapie.com/ecg-storage/ec_gallery_thumbnail/xioBce_St3.png?v=1625452233691",
    "isCustomThumbnail": 0,
    "builtinTags": [
        "category-work",
        "geo",
        "series-map",
        "tooltip",
        "visualMap"
    ],
    "customTags": [],
    "updaterUserName": "﹎***离"
}