{
    "cid": "xOjsVkbb8N",
    "authorUid": "obd-oNbFj49V9aMmujn8XhvUwCWGA9PZwCS",
    "authorUserName": "嫒***喱",
    "title": "三维三点图 随机分布",
    "description": "",
    "latestVersion": 2,
    "alwaysLatest": 1,
    "createTime": "2021-07-01T08:30:36.000Z",
    "lastUpdateTime": "2021-07-01T23:17:32.000Z",
    "auth": 2,
    "uid": "obd-oNbFj49V9aMmujn8XhvUwCWGA9PZwCS",
    "publishedVersion": 0,
    "forkFrom": "-",
    "isSpam": 0,
    "version": 2,
    "parentVersion": 1,
    "echartsVersion": "5.1.2",
    "versionCreateTime": "2021-07-01T23:17:32.000Z",
    "html": "",
    "externalScripts": "https://cdn.jsdelivr.net/npm/echarts-gl@2/dist/echarts-gl.min.js",
    "updaterUID": "obd-oNbFj49V9aMmujn8XhvUwCWGA9PZwCS",
    "theme": "",
    "layout": "",
    "viewCount": 0,
    "userName": "嫒***喱",
    "commentCount": 0,
    "starCount": 1,
    "isStared": 0,
    "thumbnailURL": "https://www.makeapie.com/ecg-storage/ec_gallery_thumbnail/xOjsVkbb8N.png?v=1625181452207",
    "isCustomThumbnail": 0,
    "builtinTags": [
        "category-work",
        "grid3D",
        "series-scatter3D",
        "tooltip"
    ],
    "customTags": [],
    "updaterUserName": "嫒***喱"
}