{
    "cid": "xpSktqvDod",
    "authorUid": "bd-3777121749",
    "authorUserName": "铁***h",
    "title": "流程折线图",
    "description": "固定列数,绘制折线节点图",
    "latestVersion": 2,
    "alwaysLatest": 0,
    "createTime": "2021-06-30T12:35:14.000Z",
    "lastUpdateTime": "2021-06-30T12:35:58.000Z",
    "auth": 2,
    "uid": "bd-3777121749",
    "publishedVersion": 0,
    "forkFrom": "-",
    "isSpam": 0,
    "version": 2,
    "parentVersion": 1,
    "echartsVersion": "5.1.2",
    "versionCreateTime": "2021-06-30T12:35:58.000Z",
    "html": "",
    "externalScripts": "",
    "updaterUID": "bd-3777121749",
    "theme": "default",
    "layout": "",
    "viewCount": 0,
    "userName": "铁***h",
    "commentCount": 0,
    "starCount": 2,
    "isStared": 0,
    "thumbnailURL": "https://www.makeapie.com/ecg-storage/ec_gallery_thumbnail/xpSktqvDod.png?v=1625056558717",
    "isCustomThumbnail": 0,
    "builtinTags": [
        "category-work",
        "series-graph"
    ],
    "customTags": [
        "折线"
    ],
    "updaterUserName": "铁***h"
}