{
    "cid": "xtMJWQoxe9",
    "authorUid": "obd-o-1C4fVlqOQz5KFYRSbPkH-BijUVKAu",
    "authorUserName": "S***君",
    "title": "饼图嵌套",
    "description": "",
    "latestVersion": 1,
    "alwaysLatest": 0,
    "createTime": "2021-07-01T07:08:23.000Z",
    "lastUpdateTime": "2021-07-01T07:08:23.000Z",
    "auth": 2,
    "uid": "obd-o-1C4fVlqOQz5KFYRSbPkH-BijUVKAu",
    "publishedVersion": 0,
    "forkFrom": "-",
    "isSpam": 0,
    "version": 1,
    "parentVersion": -1,
    "echartsVersion": "5.1.2",
    "versionCreateTime": "2021-07-01T07:08:23.000Z",
    "html": "",
    "externalScripts": "",
    "updaterUID": "obd-o-1C4fVlqOQz5KFYRSbPkH-BijUVKAu",
    "theme": "",
    "layout": "",
    "viewCount": 0,
    "userName": "S***君",
    "commentCount": 0,
    "starCount": 3,
    "isStared": 0,
    "thumbnailURL": "https://www.makeapie.com/ecg-storage/ec_gallery_thumbnail/xtMJWQoxe9.png?v=1625123303342",
    "isCustomThumbnail": 0,
    "builtinTags": [
        "category-work",
        "legend",
        "series-pie",
        "tooltip"
    ],
    "customTags": [
        "饼图"
    ],
    "updaterUserName": "S***君"
}