{
    "cid": "xuq8XYNiYZ",
    "authorUid": "obd-oj2M6fTMx1ZdsmlWKb_gMAI9CwtO2Dc",
    "authorUserName": "a***1",
    "title": "全国数据请求量",
    "description": "Show Data",
    "latestVersion": 2,
    "alwaysLatest": 0,
    "createTime": "2021-07-02T17:00:43.000Z",
    "lastUpdateTime": "2021-07-02T17:01:25.000Z",
    "auth": 2,
    "uid": "obd-oj2M6fTMx1ZdsmlWKb_gMAI9CwtO2Dc",
    "publishedVersion": 0,
    "forkFrom": "-",
    "isSpam": 0,
    "version": 2,
    "parentVersion": 1,
    "echartsVersion": "5.1.2",
    "versionCreateTime": "2021-07-02T17:01:26.000Z",
    "html": "",
    "externalScripts": "https://www.makeapie.com/dep/echarts/map/js/china.js,https://echarts.baidu.com/resource/echarts-gl-latest/dist/echarts-gl.min.js",
    "updaterUID": "obd-oj2M6fTMx1ZdsmlWKb_gMAI9CwtO2Dc",
    "theme": "",
    "layout": "",
    "viewCount": 0,
    "userName": "a***1",
    "commentCount": 0,
    "starCount": 7,
    "isStared": 0,
    "thumbnailURL": "https://www.makeapie.com/ecg-storage/ec_gallery_thumbnail/xuq8XYNiYZ.png?v=1625245286187",
    "isCustomThumbnail": 0,
    "builtinTags": [
        "category-work",
        "geo",
        "legend",
        "series-effectScatter",
        "series-map",
        "series-scatter",
        "title",
        "tooltip"
    ],
    "customTags": [],
    "updaterUserName": "a***1"
}