{
    "cid": "xuSbzLE2Xo",
    "authorUid": "obd-olXplCStLdeEMIRyKN53CY6O6SgoY0U",
    "authorUserName": "夜***空",
    "title": "漏斗图",
    "description": "",
    "latestVersion": 1,
    "alwaysLatest": 0,
    "createTime": "2021-07-01T06:45:55.000Z",
    "lastUpdateTime": "2021-07-01T06:45:55.000Z",
    "auth": 2,
    "uid": "obd-olXplCStLdeEMIRyKN53CY6O6SgoY0U",
    "publishedVersion": 0,
    "forkFrom": "-",
    "isSpam": 0,
    "version": 1,
    "parentVersion": -1,
    "echartsVersion": "5.1.2",
    "versionCreateTime": "2021-07-01T06:45:55.000Z",
    "html": "",
    "externalScripts": "",
    "updaterUID": "obd-olXplCStLdeEMIRyKN53CY6O6SgoY0U",
    "theme": "",
    "layout": "",
    "viewCount": 0,
    "userName": "夜***空",
    "commentCount": 0,
    "starCount": 1,
    "isStared": 0,
    "thumbnailURL": "https://www.makeapie.com/ecg-storage/ec_gallery_thumbnail/xuSbzLE2Xo.png?v=1625121956162",
    "isCustomThumbnail": 0,
    "builtinTags": [
        "category-work",
        "series-funnel"
    ],
    "customTags": [],
    "updaterUserName": "夜***空"
}