{
    "cid": "xV0NJVlhyh",
    "authorUid": "obd-otKvPSF64XGv_J4qrWXCb6cdSgZnV8J",
    "authorUserName": "低***霍",
    "title": "折线图轮播高亮",
    "description": "定时轮播高亮折线",
    "latestVersion": 4,
    "alwaysLatest": 0,
    "createTime": "2021-07-02T06:21:47.000Z",
    "lastUpdateTime": "2021-07-03T06:13:17.000Z",
    "auth": 2,
    "uid": "obd-otKvPSF64XGv_J4qrWXCb6cdSgZnV8J",
    "publishedVersion": 0,
    "forkFrom": "-",
    "isSpam": 0,
    "version": 4,
    "parentVersion": 3,
    "echartsVersion": "5.1.2",
    "versionCreateTime": "2021-07-03T06:13:17.000Z",
    "html": "",
    "externalScripts": "",
    "updaterUID": "obd-otKvPSF64XGv_J4qrWXCb6cdSgZnV8J",
    "theme": "",
    "layout": "",
    "viewCount": 0,
    "userName": "低***霍",
    "commentCount": 0,
    "starCount": 0,
    "isStared": 0,
    "thumbnailURL": "https://www.makeapie.com/ecg-storage/ec_gallery_thumbnail/xV0NJVlhyh.png?v=1625292797294",
    "isCustomThumbnail": 0,
    "builtinTags": [
        "category-work",
        "grid",
        "series-line",
        "title"
    ],
    "customTags": [],
    "updaterUserName": "低***霍"
}