{
    "cid": "xXtlk2egYy",
    "authorUid": "obd-oj4TR4ZUzAeNKdTnuNJ7lR_jG_5fSD2",
    "authorUserName": "q***9",
    "title": "geo",
    "description": "",
    "latestVersion": 3,
    "alwaysLatest": 0,
    "createTime": "2021-07-01T08:56:42.000Z",
    "lastUpdateTime": "2021-09-02T15:14:07.000Z",
    "auth": 1,
    "uid": "obd-oj4TR4ZUzAeNKdTnuNJ7lR_jG_5fSD2",
    "publishedVersion": 0,
    "forkFrom": "-",
    "isSpam": 0,
    "version": 3,
    "parentVersion": 2,
    "echartsVersion": "5.1.2",
    "versionCreateTime": "2021-09-02T15:14:07.000Z",
    "html": "",
    "externalScripts": "/dep/echarts/map/js/china.js",
    "updaterUID": "bd-51531618",
    "theme": "",
    "layout": "",
    "viewCount": 0,
    "userName": "q***9",
    "commentCount": 0,
    "starCount": 4,
    "isStared": 0,
    "thumbnailURL": "https://www.makeapie.com/ecg-storage/ec_gallery_thumbnail/xXtlk2egYy.png?v=1630595648100",
    "isCustomThumbnail": 0,
    "builtinTags": [
        "category-work",
        "geo",
        "series-effectScatter",
        "series-lines",
        "series-map"
    ],
    "customTags": [],
    "updaterUserName": "w***n"
}