{
    "cid": "xYuzJmDncd",
    "authorUid": "bd-1530657551",
    "authorUserName": "谢***Q",
    "title": "电视业务",
    "description": "",
    "latestVersion": 1,
    "alwaysLatest": 0,
    "createTime": "2021-07-02T02:58:05.000Z",
    "lastUpdateTime": "2021-07-02T02:58:05.000Z",
    "auth": 1,
    "uid": "bd-1530657551",
    "publishedVersion": 0,
    "forkFrom": "-",
    "isSpam": 0,
    "version": 1,
    "parentVersion": -1,
    "echartsVersion": "5.1.2",
    "versionCreateTime": "2021-07-02T02:58:05.000Z",
    "html": "",
    "externalScripts": "",
    "updaterUID": "bd-1530657551",
    "theme": "",
    "layout": "",
    "viewCount": 0,
    "userName": "谢***Q",
    "commentCount": 0,
    "starCount": 1,
    "isStared": 0,
    "thumbnailURL": "https://www.makeapie.com/ecg-storage/ec_gallery_thumbnail/xYuzJmDncd.png?v=1625194685506",
    "isCustomThumbnail": 0,
    "builtinTags": [
        "category-work",
        "grid",
        "series-pictorialBar",
        "title"
    ],
    "customTags": [],
    "updaterUserName": "谢***Q"
}