{
    "cid": "x1e5nw76Oa",
    "authorUid": "obd-oPqA-P_wbGUa0FRyvs-bH-OP0Twub9V",
    "authorUserName": "潜***丿",
    "title": "垂直滚动条",
    "description": "",
    "latestVersion": 1,
    "alwaysLatest": 0,
    "createTime": "2021-12-13T08:06:02.000Z",
    "lastUpdateTime": "2021-12-13T08:06:02.000Z",
    "auth": 2,
    "uid": "obd-oPqA-P_wbGUa0FRyvs-bH-OP0Twub9V",
    "publishedVersion": 0,
    "forkFrom": "-",
    "isSpam": 0,
    "version": 1,
    "parentVersion": -1,
    "echartsVersion": "5.2.2",
    "versionCreateTime": "2021-12-13T08:06:02.000Z",
    "html": "",
    "externalScripts": "",
    "updaterUID": "obd-oPqA-P_wbGUa0FRyvs-bH-OP0Twub9V",
    "theme": "",
    "layout": "",
    "viewCount": 0,
    "userName": "潜***丿",
    "commentCount": 0,
    "starCount": 0,
    "isStared": 0,
    "thumbnailURL": "https://www.makeapie.com/ecg-storage/ec_gallery_thumbnail/x1e5nw76Oa.png?v=1639382762653",
    "isCustomThumbnail": 0,
    "builtinTags": [
        "category-work",
        "dataZoom",
        "grid",
        "series-bar",
        "tooltip"
    ],
    "customTags": [
        "bar"
    ],
    "updaterUserName": "潜***丿"
}