{
    "cid": "x4DUiI45KP",
    "authorUid": "obd-oj3m9cNSUlNr1JfUCu4OUqzYekhN2Db",
    "authorUserName": "萨***士",
    "title": "省会城市GDP展示",
    "description": "",
    "latestVersion": 1,
    "alwaysLatest": 1,
    "createTime": "2021-12-11T08:32:37.000Z",
    "lastUpdateTime": "2021-12-11T08:32:37.000Z",
    "auth": 2,
    "uid": "obd-oj3m9cNSUlNr1JfUCu4OUqzYekhN2Db",
    "publishedVersion": 0,
    "forkFrom": "-",
    "isSpam": 0,
    "version": 1,
    "parentVersion": -1,
    "echartsVersion": "5.2.2",
    "versionCreateTime": "2021-12-11T08:32:37.000Z",
    "html": "",
    "externalScripts": "",
    "updaterUID": "obd-oj3m9cNSUlNr1JfUCu4OUqzYekhN2Db",
    "theme": "",
    "layout": "",
    "viewCount": 0,
    "userName": "萨***士",
    "commentCount": 0,
    "starCount": 0,
    "isStared": 0,
    "thumbnailURL": "https://www.makeapie.com/ecg-storage/ec_gallery_thumbnail/x4DUiI45KP.undefined?v=",
    "isCustomThumbnail": 0,
    "builtinTags": [
        "category-work"
    ],
    "customTags": [],
    "updaterUserName": "萨***士"
}