{
    "cid": "x4sWn-Dis6",
    "authorUid": "obd-otxA55SPIU2Fp0uqi8OWAW-HccgdK8H",
    "authorUserName": "北***丶",
    "title": "报警数量",
    "description": "",
    "latestVersion": 1,
    "alwaysLatest": 0,
    "createTime": "2021-12-13T07:29:10.000Z",
    "lastUpdateTime": "2021-12-13T07:29:10.000Z",
    "auth": 2,
    "uid": "obd-otxA55SPIU2Fp0uqi8OWAW-HccgdK8H",
    "publishedVersion": 0,
    "forkFrom": "-",
    "isSpam": 0,
    "version": 1,
    "parentVersion": -1,
    "echartsVersion": "5.2.2",
    "versionCreateTime": "2021-12-13T07:29:10.000Z",
    "html": "",
    "externalScripts": "",
    "updaterUID": "obd-otxA55SPIU2Fp0uqi8OWAW-HccgdK8H",
    "theme": "",
    "layout": "",
    "viewCount": 0,
    "userName": "北***丶",
    "commentCount": 0,
    "starCount": 0,
    "isStared": 0,
    "thumbnailURL": "https://www.makeapie.com/ecg-storage/ec_gallery_thumbnail/x4sWn-Dis6.png?v=1639380550950",
    "isCustomThumbnail": 0,
    "builtinTags": [
        "category-work",
        "grid",
        "series-bar",
        "tooltip"
    ],
    "customTags": [],
    "updaterUserName": "北***丶"
}