{
    "cid": "x7O3XLdfK7",
    "authorUid": "bd-2947300467",
    "authorUserName": "莱***o",
    "title": "数据1",
    "description": "",
    "latestVersion": 1,
    "alwaysLatest": 0,
    "createTime": "2021-12-11T03:03:44.000Z",
    "lastUpdateTime": "2021-12-11T03:03:44.000Z",
    "auth": 2,
    "uid": "bd-2947300467",
    "publishedVersion": 0,
    "forkFrom": "-",
    "isSpam": 0,
    "version": 1,
    "parentVersion": -1,
    "echartsVersion": "5.2.2",
    "versionCreateTime": "2021-12-11T03:03:44.000Z",
    "html": "",
    "externalScripts": "",
    "updaterUID": "bd-2947300467",
    "theme": "",
    "layout": "",
    "viewCount": 0,
    "userName": "莱***o",
    "commentCount": 0,
    "starCount": 0,
    "isStared": 0,
    "thumbnailURL": "https://www.makeapie.com/ecg-storage/ec_gallery_thumbnail/x7O3XLdfK7.png?v=1639191824531",
    "isCustomThumbnail": 0,
    "builtinTags": [
        "category-work",
        "grid",
        "legend",
        "series-line",
        "title",
        "tooltip"
    ],
    "customTags": [],
    "updaterUserName": "莱***o"
}