{
    "cid": "xfFTLr6hzA",
    "authorUid": "obd-olXlUBS37alvr8ARFBVccwArUaTdV0J",
    "authorUserName": "u***杰",
    "title": "",
    "description": "",
    "latestVersion": 1,
    "alwaysLatest": 0,
    "createTime": "2021-12-13T08:25:21.000Z",
    "lastUpdateTime": "2021-12-13T08:25:21.000Z",
    "auth": 2,
    "uid": "obd-olXlUBS37alvr8ARFBVccwArUaTdV0J",
    "publishedVersion": 0,
    "forkFrom": "-",
    "isSpam": 0,
    "version": 1,
    "parentVersion": -1,
    "echartsVersion": "5.2.2",
    "versionCreateTime": "2021-12-13T08:25:21.000Z",
    "html": "",
    "externalScripts": "",
    "updaterUID": "obd-olXlUBS37alvr8ARFBVccwArUaTdV0J",
    "theme": "",
    "layout": "",
    "viewCount": 0,
    "userName": "u***杰",
    "commentCount": 0,
    "starCount": 0,
    "isStared": 0,
    "thumbnailURL": "https://www.makeapie.com/ecg-storage/ec_gallery_thumbnail/xfFTLr6hzA.png?v=1639383921240",
    "isCustomThumbnail": 0,
    "builtinTags": [
        "category-work",
        "grid",
        "legend",
        "series-bar"
    ],
    "customTags": [],
    "updaterUserName": "u***杰"
}