{
    "cid": "xg_NcOvvyo",
    "authorUid": "obd-oN7OQrfc4T57mcSC_m70cvg4_pbrEC6",
    "authorUserName": "小***画",
    "title": "rander-菱形-渐变",
    "description": "",
    "latestVersion": 3,
    "alwaysLatest": 0,
    "createTime": "2021-12-11T01:51:55.000Z",
    "lastUpdateTime": "2021-12-11T02:58:34.000Z",
    "auth": 2,
    "uid": "obd-oN7OQrfc4T57mcSC_m70cvg4_pbrEC6",
    "publishedVersion": 0,
    "forkFrom": "-",
    "isSpam": 0,
    "version": 3,
    "parentVersion": 2,
    "echartsVersion": "5.2.2",
    "versionCreateTime": "2021-12-11T02:58:34.000Z",
    "html": "",
    "externalScripts": "",
    "updaterUID": "obd-oN7OQrfc4T57mcSC_m70cvg4_pbrEC6",
    "theme": "",
    "layout": "",
    "viewCount": 0,
    "userName": "小***画",
    "commentCount": 0,
    "starCount": 1,
    "isStared": 0,
    "thumbnailURL": "https://www.makeapie.com/ecg-storage/ec_gallery_thumbnail/xg_NcOvvyo.png?v=1639191514359",
    "isCustomThumbnail": 0,
    "builtinTags": [
        "category-work",
        "legend",
        "radar",
        "series-radar"
    ],
    "customTags": [],
    "updaterUserName": "小***画"
}