{
    "cid": "xNRYYiEsYc",
    "authorUid": "obd-otCkFurVYcfazHQTExH9eTGvnA0Vh8X",
    "authorUserName": "风***下",
    "title": "柱状图",
    "description": "柱状图",
    "latestVersion": 2,
    "alwaysLatest": 0,
    "createTime": "2021-12-11T07:49:20.000Z",
    "lastUpdateTime": "2021-12-11T08:02:34.000Z",
    "auth": 2,
    "uid": "obd-otCkFurVYcfazHQTExH9eTGvnA0Vh8X",
    "publishedVersion": 0,
    "forkFrom": "-",
    "isSpam": 0,
    "version": 2,
    "parentVersion": 1,
    "echartsVersion": "5.2.2",
    "versionCreateTime": "2021-12-11T08:02:34.000Z",
    "html": "",
    "externalScripts": "",
    "updaterUID": "obd-otCkFurVYcfazHQTExH9eTGvnA0Vh8X",
    "theme": "",
    "layout": "",
    "viewCount": 0,
    "userName": "风***下",
    "commentCount": 0,
    "starCount": 0,
    "isStared": 0,
    "thumbnailURL": "https://www.makeapie.com/ecg-storage/ec_gallery_thumbnail/xNRYYiEsYc.png?v=1639209754226",
    "isCustomThumbnail": 0,
    "builtinTags": [
        "category-work",
        "grid",
        "series-bar",
        "series-pictorialBar",
        "tooltip"
    ],
    "customTags": [],
    "updaterUserName": "风***下"
}