{
    "cid": "xOXJBM1uUM",
    "authorUid": "obd-ojh2PTvq-aKo04WGLyRd2S8ZGyiGdEb",
    "authorUserName": "蔚***陌",
    "title": "2003-2015年各地区水果总产量动态变化",
    "description": "基于中国农村统计年鉴数据，绘制2003-2015年中国各地区水果总产量动态变化。可直观清晰得出研究时段内中国各地区水果总产量的变化及其排名情况。",
    "latestVersion": 7,
    "alwaysLatest": 0,
    "createTime": "2021-12-11T08:56:55.000Z",
    "lastUpdateTime": "2021-12-17T11:17:10.000Z",
    "auth": 2,
    "uid": "obd-ojh2PTvq-aKo04WGLyRd2S8ZGyiGdEb",
    "publishedVersion": 0,
    "forkFrom": "-",
    "isSpam": 0,
    "version": 7,
    "parentVersion": 6,
    "echartsVersion": "5.2.2",
    "versionCreateTime": "2021-12-17T11:17:10.000Z",
    "html": "",
    "externalScripts": "",
    "updaterUID": "obd-ojh2PTvq-aKo04WGLyRd2S8ZGyiGdEb",
    "theme": "",
    "layout": "",
    "viewCount": 0,
    "userName": "蔚***陌",
    "commentCount": 0,
    "starCount": 1,
    "isStared": 0,
    "thumbnailURL": "https://www.makeapie.com/ecg-storage/ec_gallery_thumbnail/xOXJBM1uUM.png?v=1639739830214",
    "isCustomThumbnail": 0,
    "builtinTags": [
        "category-work",
        "geo",
        "grid",
        "series-bar",
        "series-effectScatter",
        "series-map",
        "series-scatter",
        "timeline",
        "title",
        "tooltip",
        "visualMap"
    ],
    "customTags": [],
    "updaterUserName": "蔚***陌"
}