{
    "cid": "xPdhQjiHdv",
    "authorUid": "obd-oj9PxEMqzM69RsYFs0EGJkhTk3TRADo",
    "authorUserName": "m***1",
    "title": "堆叠3D柱状图",
    "description": "堆叠3D柱状图",
    "latestVersion": 2,
    "alwaysLatest": 0,
    "createTime": "2021-12-11T14:38:55.000Z",
    "lastUpdateTime": "2021-12-11T14:40:45.000Z",
    "auth": 1,
    "uid": "obd-oj9PxEMqzM69RsYFs0EGJkhTk3TRADo",
    "publishedVersion": 0,
    "forkFrom": "-",
    "isSpam": 0,
    "version": 2,
    "parentVersion": 1,
    "echartsVersion": "5.2.2",
    "versionCreateTime": "2021-12-11T14:40:45.000Z",
    "html": "",
    "externalScripts": "",
    "updaterUID": "obd-oj9PxEMqzM69RsYFs0EGJkhTk3TRADo",
    "theme": "",
    "layout": "",
    "viewCount": 0,
    "userName": "m***1",
    "commentCount": 0,
    "starCount": 1,
    "isStared": 0,
    "thumbnailURL": "https://www.makeapie.com/ecg-storage/ec_gallery_thumbnail/xPdhQjiHdv.png?v=1639233645324",
    "isCustomThumbnail": 0,
    "builtinTags": [
        "category-work",
        "grid",
        "series-bar",
        "series-pictorialBar",
        "tooltip"
    ],
    "customTags": [],
    "updaterUserName": "m***1"
}