{
    "cid": "xSerEgNsK5",
    "authorUid": "obd-oNbDx0DIN58PIenawLXzTtbHWT5MhCO",
    "authorUserName": "梦***1",
    "title": "时间折线图",
    "description": "",
    "latestVersion": 1,
    "alwaysLatest": 0,
    "createTime": "2021-12-13T08:17:41.000Z",
    "lastUpdateTime": "2021-12-13T08:17:41.000Z",
    "auth": 2,
    "uid": "obd-oNbDx0DIN58PIenawLXzTtbHWT5MhCO",
    "publishedVersion": 0,
    "forkFrom": "-",
    "isSpam": 0,
    "version": 1,
    "parentVersion": -1,
    "echartsVersion": "5.2.2",
    "versionCreateTime": "2021-12-13T08:17:41.000Z",
    "html": "",
    "externalScripts": "",
    "updaterUID": "obd-oNbDx0DIN58PIenawLXzTtbHWT5MhCO",
    "theme": "",
    "layout": "",
    "viewCount": 0,
    "userName": "梦***1",
    "commentCount": 0,
    "starCount": 1,
    "isStared": 0,
    "thumbnailURL": "https://www.makeapie.com/ecg-storage/ec_gallery_thumbnail/xSerEgNsK5.png?v=1639383461381",
    "isCustomThumbnail": 0,
    "builtinTags": [
        "category-work",
        "grid",
        "legend",
        "series-line",
        "title",
        "tooltip"
    ],
    "customTags": [],
    "updaterUserName": "梦***1"
}