{
    "cid": "xvUNldFlcn",
    "authorUid": "obd-otCkFurVYcfazHQTExH9eTGvnA0Vh8X",
    "authorUserName": "风***下",
    "title": "柱状图",
    "description": "柱状图",
    "latestVersion": 2,
    "alwaysLatest": 0,
    "createTime": "2021-12-11T05:41:14.000Z",
    "lastUpdateTime": "2021-12-11T06:06:00.000Z",
    "auth": 2,
    "uid": "obd-otCkFurVYcfazHQTExH9eTGvnA0Vh8X",
    "publishedVersion": 0,
    "forkFrom": "-",
    "isSpam": 0,
    "version": 2,
    "parentVersion": 1,
    "echartsVersion": "5.2.2",
    "versionCreateTime": "2021-12-11T06:06:00.000Z",
    "html": "",
    "externalScripts": "",
    "updaterUID": "obd-otCkFurVYcfazHQTExH9eTGvnA0Vh8X",
    "theme": "",
    "layout": "",
    "viewCount": 0,
    "userName": "风***下",
    "commentCount": 0,
    "starCount": 4,
    "isStared": 0,
    "thumbnailURL": "https://www.makeapie.com/ecg-storage/ec_gallery_thumbnail/xvUNldFlcn.png?v=1639202760519",
    "isCustomThumbnail": 0,
    "builtinTags": [
        "category-work",
        "grid",
        "legend",
        "series-bar",
        "series-effectScatter",
        "series-pictorialBar",
        "timeline",
        "tooltip"
    ],
    "customTags": [],
    "updaterUserName": "风***下"
}