{
    "cid": "xXOD-ysSo3",
    "authorUid": "obd-oPLy4LwXlBLEUHKOnJ_byDyNYgHn39E",
    "authorUserName": "139******10",
    "title": "zwb大数据左右分割横向柱状图",
    "description": "更改得其他作品，便于大家使用",
    "latestVersion": 1,
    "alwaysLatest": 0,
    "createTime": "2021-12-10T10:14:09.000Z",
    "lastUpdateTime": "2021-12-10T10:14:09.000Z",
    "auth": 1,
    "uid": "obd-oPLy4LwXlBLEUHKOnJ_byDyNYgHn39E",
    "publishedVersion": 0,
    "forkFrom": "-",
    "isSpam": 0,
    "version": 1,
    "parentVersion": -1,
    "echartsVersion": "5.2.2",
    "versionCreateTime": "2021-12-10T10:14:09.000Z",
    "html": "",
    "externalScripts": "",
    "updaterUID": "obd-oPLy4LwXlBLEUHKOnJ_byDyNYgHn39E",
    "theme": "",
    "layout": "",
    "viewCount": 0,
    "userName": "139******10",
    "commentCount": 0,
    "starCount": 1,
    "isStared": 0,
    "thumbnailURL": "https://www.makeapie.com/ecg-storage/ec_gallery_thumbnail/xXOD-ysSo3.png?v=1639131250061",
    "isCustomThumbnail": 0,
    "builtinTags": [
        "category-work",
        "grid",
        "series-bar",
        "series-pictorialBar"
    ],
    "customTags": [],
    "updaterUserName": "139******10"
}