{
    "cid": "xYVBg6aWjQ",
    "authorUid": "obd-o-aC1qxAdzUNJ_7FwEIV1e31gETPIAO",
    "authorUserName": "温***弦",
    "title": "Awesome Chart",
    "description": "",
    "latestVersion": 2,
    "alwaysLatest": 0,
    "createTime": "2021-12-13T03:38:07.000Z",
    "lastUpdateTime": "2021-12-13T03:39:28.000Z",
    "auth": 2,
    "uid": "obd-o-aC1qxAdzUNJ_7FwEIV1e31gETPIAO",
    "publishedVersion": 0,
    "forkFrom": "-",
    "isSpam": 0,
    "version": 2,
    "parentVersion": 1,
    "echartsVersion": "5.2.2",
    "versionCreateTime": "2021-12-13T03:39:28.000Z",
    "html": "",
    "externalScripts": "",
    "updaterUID": "obd-o-aC1qxAdzUNJ_7FwEIV1e31gETPIAO",
    "theme": "",
    "layout": "",
    "viewCount": 0,
    "userName": "温***弦",
    "commentCount": 0,
    "starCount": 1,
    "isStared": 0,
    "thumbnailURL": "https://www.makeapie.com/ecg-storage/ec_gallery_thumbnail/xYVBg6aWjQ.png?v=1639366768775",
    "isCustomThumbnail": 0,
    "builtinTags": [
        "category-work",
        "grid",
        "series-bar",
        "title"
    ],
    "customTags": [],
    "updaterUserName": "温***弦"
}