{
    "cid": "x1tqAH1dGH",
    "authorUid": "obd-oD0a37KcYuNp1SoMSQEWBwy6RXJq01f",
    "authorUserName": "疾***子",
    "title": "正负柱状图",
    "description": "stack的使用",
    "latestVersion": 2,
    "alwaysLatest": 1,
    "createTime": "2020-08-21T09:16:45.000Z",
    "lastUpdateTime": "2020-08-21T09:16:45.000Z",
    "auth": 1,
    "uid": "obd-oD0a37KcYuNp1SoMSQEWBwy6RXJq01f",
    "publishedVersion": 0,
    "forkFrom": "-",
    "isSpam": 0,
    "version": 2,
    "parentVersion": 1,
    "echartsVersion": "4.8.0",
    "versionCreateTime": "2020-08-21T09:18:32.000Z",
    "html": "",
    "externalScripts": "",
    "updaterUID": "obd-oD0a37KcYuNp1SoMSQEWBwy6RXJq01f",
    "theme": "",
    "layout": "",
    "viewCount": 81,
    "userName": "疾***子",
    "commentCount": 0,
    "starCount": 1,
    "isStared": 0,
    "thumbnailURL": "https://www.makeapie.com/ecg-storage/ec_gallery_thumbnail/x1tqAH1dGH.png?v=1598001512988",
    "isCustomThumbnail": 0,
    "builtinTags": [
        "category-work",
        "grid",
        "series-bar",
        "tooltip"
    ],
    "customTags": [
        "stack"
    ],
    "updaterUserName": "疾***子"
}