{
    "cid": "x3e9rFqh2q",
    "authorUid": "bd-71012466",
    "authorUserName": "前***n",
    "title": "饼图",
    "description": "饼图",
    "latestVersion": 1,
    "alwaysLatest": 1,
    "createTime": "2020-08-21T08:47:59.000Z",
    "lastUpdateTime": "2020-08-21T08:47:59.000Z",
    "auth": 2,
    "uid": "bd-71012466",
    "publishedVersion": 0,
    "forkFrom": "-",
    "isSpam": 0,
    "version": 1,
    "parentVersion": -1,
    "echartsVersion": "4.8.0",
    "versionCreateTime": "2020-08-21T08:47:59.000Z",
    "html": "",
    "externalScripts": "",
    "updaterUID": "bd-71012466",
    "theme": "",
    "layout": "",
    "viewCount": 146,
    "userName": "前***n",
    "commentCount": 0,
    "starCount": 1,
    "isStared": 0,
    "thumbnailURL": "https://www.makeapie.com/ecg-storage/ec_gallery_thumbnail/x3e9rFqh2q.png?v=1597999679595",
    "isCustomThumbnail": 0,
    "builtinTags": [
        "category-work",
        "series-pie",
        "title"
    ],
    "customTags": [],
    "updaterUserName": "前***n"
}