{
    "cid": "x9evy90D1O",
    "authorUid": "bd-3492896087",
    "authorUserName": "l***1",
    "title": "吉林省车辆通行路线",
    "description": "",
    "latestVersion": 1,
    "alwaysLatest": 1,
    "createTime": "2020-08-21T08:41:23.000Z",
    "lastUpdateTime": "2020-08-21T08:41:23.000Z",
    "auth": 2,
    "uid": "bd-3492896087",
    "publishedVersion": 0,
    "forkFrom": "-",
    "isSpam": 0,
    "version": 1,
    "parentVersion": -1,
    "echartsVersion": "4.8.0",
    "versionCreateTime": "2020-08-21T08:41:23.000Z",
    "html": "",
    "externalScripts": "",
    "updaterUID": "bd-3492896087",
    "theme": "",
    "layout": "",
    "viewCount": 2523,
    "userName": "l***1",
    "commentCount": 2,
    "starCount": 6,
    "isStared": 0,
    "thumbnailURL": "https://www.makeapie.com/ecg-storage/ec_gallery_thumbnail/x9evy90D1O.png?v=1597999283647",
    "isCustomThumbnail": 0,
    "builtinTags": [
        "category-work",
        "geo",
        "series-effectScatter",
        "series-lines",
        "series-scatter"
    ],
    "customTags": [],
    "updaterUserName": "l***1"
}