{
    "cid": "x_U6iwAh8b",
    "authorUid": "bd-1765503565",
    "authorUserName": "学***斯",
    "title": "仪表盘  ",
    "description": "仪表盘  ",
    "latestVersion": 1,
    "alwaysLatest": 1,
    "createTime": "2020-08-21T07:27:53.000Z",
    "lastUpdateTime": "2020-08-21T07:27:53.000Z",
    "auth": 1,
    "uid": "bd-1765503565",
    "publishedVersion": 0,
    "forkFrom": "-",
    "isSpam": 0,
    "version": 1,
    "parentVersion": -1,
    "echartsVersion": "4.8.0",
    "versionCreateTime": "2020-08-21T07:27:54.000Z",
    "html": "",
    "externalScripts": "",
    "updaterUID": "bd-1765503565",
    "theme": "",
    "layout": "",
    "viewCount": 157,
    "userName": "学***斯",
    "commentCount": 0,
    "starCount": 1,
    "isStared": 0,
    "thumbnailURL": "https://www.makeapie.com/ecg-storage/ec_gallery_thumbnail/x_U6iwAh8b.png?v=1597994874201",
    "isCustomThumbnail": 0,
    "builtinTags": [
        "category-work",
        "series-pie",
        "title"
    ],
    "customTags": [
        "pie"
    ],
    "updaterUserName": "学***斯"
}