{
    "cid": "xDNeIly2cY",
    "authorUid": "obd-otwvroeTahCSER3tkRtUm5p1tFPAw8c",
    "authorUserName": "u***p",
    "title": "",
    "description": "",
    "latestVersion": 1,
    "alwaysLatest": 1,
    "createTime": "2020-08-22T13:41:30.000Z",
    "lastUpdateTime": "2020-08-22T13:41:30.000Z",
    "auth": 2,
    "uid": "obd-otwvroeTahCSER3tkRtUm5p1tFPAw8c",
    "publishedVersion": 0,
    "forkFrom": "-",
    "isSpam": 0,
    "version": 1,
    "parentVersion": -1,
    "echartsVersion": "4.8.0",
    "versionCreateTime": "2020-08-22T13:41:30.000Z",
    "html": "",
    "externalScripts": "",
    "updaterUID": "obd-otwvroeTahCSER3tkRtUm5p1tFPAw8c",
    "theme": "",
    "layout": "",
    "viewCount": 108,
    "userName": "u***p",
    "commentCount": 0,
    "starCount": 1,
    "isStared": 0,
    "thumbnailURL": "https://www.makeapie.com/ecg-storage/ec_gallery_thumbnail/xDNeIly2cY.png?v=1598103690199",
    "isCustomThumbnail": 0,
    "builtinTags": [
        "category-work",
        "legend",
        "series-graph",
        "tooltip"
    ],
    "customTags": [],
    "updaterUserName": "u***p"
}