{
    "cid": "xHRS5EEbX_",
    "authorUid": "obd-oCTnGnrJQoxYAJwb1AL6wlwFSXQzU31",
    "authorUserName": "浣***e",
    "title": "航行情况 - 饼图",
    "description": "",
    "latestVersion": 19,
    "alwaysLatest": 1,
    "createTime": "2020-08-21T07:12:49.000Z",
    "lastUpdateTime": "2020-08-21T07:12:49.000Z",
    "auth": 2,
    "uid": "obd-oCTnGnrJQoxYAJwb1AL6wlwFSXQzU31",
    "publishedVersion": 0,
    "forkFrom": "-",
    "isSpam": 0,
    "version": 19,
    "parentVersion": 18,
    "echartsVersion": "4.9.0",
    "versionCreateTime": "2021-06-02T02:45:11.000Z",
    "html": "",
    "externalScripts": "",
    "updaterUID": "obd-oCTnGnrJQoxYAJwb1AL6wlwFSXQzU31",
    "theme": "",
    "layout": "",
    "viewCount": 82,
    "userName": "浣***e",
    "commentCount": 0,
    "starCount": 1,
    "isStared": 0,
    "thumbnailURL": "https://www.makeapie.com/ecg-storage/ec_gallery_thumbnail/xHRS5EEbX_.png?v=1622601911223",
    "isCustomThumbnail": 0,
    "builtinTags": [
        "category-work",
        "legend",
        "series-pie",
        "title",
        "tooltip"
    ],
    "customTags": [],
    "updaterUserName": "浣***e"
}