{
    "cid": "xI2iQFHHG9",
    "authorUid": "bd-1765503565",
    "authorUserName": "学***斯",
    "title": "柱状图",
    "description": "隐藏坐标轴刻度，纵坐标轴轴线",
    "latestVersion": 1,
    "alwaysLatest": 1,
    "createTime": "2020-08-21T06:57:12.000Z",
    "lastUpdateTime": "2020-08-21T06:57:12.000Z",
    "auth": 2,
    "uid": "bd-1765503565",
    "publishedVersion": 0,
    "forkFrom": "-",
    "isSpam": 0,
    "version": 1,
    "parentVersion": -1,
    "echartsVersion": "4.8.0",
    "versionCreateTime": "2020-08-21T06:57:12.000Z",
    "html": "",
    "externalScripts": "",
    "updaterUID": "bd-1765503565",
    "theme": "",
    "layout": "",
    "viewCount": 85,
    "userName": "学***斯",
    "commentCount": 0,
    "starCount": 2,
    "isStared": 0,
    "thumbnailURL": "https://www.makeapie.com/ecg-storage/ec_gallery_thumbnail/xI2iQFHHG9.png?v=1597993032473",
    "isCustomThumbnail": 0,
    "builtinTags": [
        "category-work",
        "grid",
        "legend",
        "series-bar",
        "tooltip"
    ],
    "customTags": [
        "axisLine",
        "axisTick",
        "bar"
    ],
    "updaterUserName": "学***斯"
}