{
    "cid": "xK3W8IDQ9q",
    "authorUid": "obd-oDCQKM5wnL0yNYeWq4hmZJOSENvgZ1u",
    "authorUserName": "适***止",
    "title": "04安全服务-重要预警地段",
    "description": "04安全服务-重要预警地段",
    "latestVersion": 7,
    "alwaysLatest": 1,
    "createTime": "2020-08-22T07:07:21.000Z",
    "lastUpdateTime": "2020-08-22T07:07:21.000Z",
    "auth": 1,
    "uid": "obd-oDCQKM5wnL0yNYeWq4hmZJOSENvgZ1u",
    "publishedVersion": 0,
    "forkFrom": "-",
    "isSpam": 0,
    "version": 7,
    "parentVersion": 6,
    "echartsVersion": "4.8.0",
    "versionCreateTime": "2020-08-22T08:59:22.000Z",
    "html": "",
    "externalScripts": "",
    "updaterUID": "obd-oAl5M2T541FKFgGONpz0eRe3pPLhW7N",
    "theme": "",
    "layout": "",
    "viewCount": 487,
    "userName": "适***止",
    "commentCount": 0,
    "starCount": 4,
    "isStared": 0,
    "thumbnailURL": "https://www.makeapie.com/ecg-storage/ec_gallery_thumbnail/xK3W8IDQ9q.png?v=1598086762955",
    "isCustomThumbnail": 0,
    "builtinTags": [
        "category-work",
        "grid",
        "series-line",
        "title"
    ],
    "customTags": [],
    "updaterUserName": "a***7"
}