{
    "cid": "xlohy4CIJk",
    "authorUid": "obd-oMpb9U_VJBvIlrVhSp75QWOTO5mV12P",
    "authorUserName": "5***y",
    "title": "关系图",
    "description": "",
    "latestVersion": 1,
    "alwaysLatest": 1,
    "createTime": "2020-08-21T09:20:12.000Z",
    "lastUpdateTime": "2020-08-21T09:20:12.000Z",
    "auth": 2,
    "uid": "obd-oMpb9U_VJBvIlrVhSp75QWOTO5mV12P",
    "publishedVersion": 0,
    "forkFrom": "-",
    "isSpam": 0,
    "version": 1,
    "parentVersion": -1,
    "echartsVersion": "4.8.0",
    "versionCreateTime": "2020-08-21T09:20:12.000Z",
    "html": "",
    "externalScripts": "",
    "updaterUID": "obd-oMpb9U_VJBvIlrVhSp75QWOTO5mV12P",
    "theme": "",
    "layout": "",
    "viewCount": 397,
    "userName": "5***y",
    "commentCount": 0,
    "starCount": 4,
    "isStared": 0,
    "thumbnailURL": "https://www.makeapie.com/ecg-storage/ec_gallery_thumbnail/xlohy4CIJk.png?v=1598001613176",
    "isCustomThumbnail": 0,
    "builtinTags": [
        "category-work",
        "grid",
        "series-effectScatter",
        "series-lines"
    ],
    "customTags": [],
    "updaterUserName": "5***y"
}