{
    "cid": "xND5id1V_T",
    "authorUid": "bd-71012466",
    "authorUserName": "前***n",
    "title": "{num|76%}",
    "description": "\n违章比",
    "latestVersion": 1,
    "alwaysLatest": 1,
    "createTime": "2020-08-21T08:53:30.000Z",
    "lastUpdateTime": "2020-08-21T08:53:30.000Z",
    "auth": 2,
    "uid": "bd-71012466",
    "publishedVersion": 0,
    "forkFrom": "-",
    "isSpam": 0,
    "version": 1,
    "parentVersion": -1,
    "echartsVersion": "4.8.0",
    "versionCreateTime": "2020-08-21T08:53:30.000Z",
    "html": "",
    "externalScripts": "",
    "updaterUID": "bd-71012466",
    "theme": "",
    "layout": "",
    "viewCount": 1052,
    "userName": "前***n",
    "commentCount": 0,
    "starCount": 11,
    "isStared": 0,
    "thumbnailURL": "https://www.makeapie.com/ecg-storage/ec_gallery_thumbnail/xND5id1V_T.png?v=1598000011019",
    "isCustomThumbnail": 0,
    "builtinTags": [
        "category-work",
        "series-pie",
        "title"
    ],
    "customTags": [],
    "updaterUserName": "前***n"
}