{
    "cid": "xnsj8oVYkA",
    "authorUid": "obd-oDCQKM5wnL0yNYeWq4hmZJOSENvgZ1u",
    "authorUserName": "适***止",
    "title": "04安全服务-安全事故分析",
    "description": "04安全服务-安全事故分析",
    "latestVersion": 2,
    "alwaysLatest": 1,
    "createTime": "2020-08-22T02:22:55.000Z",
    "lastUpdateTime": "2020-08-22T02:22:55.000Z",
    "auth": 1,
    "uid": "obd-oDCQKM5wnL0yNYeWq4hmZJOSENvgZ1u",
    "publishedVersion": 0,
    "forkFrom": "-",
    "isSpam": 0,
    "version": 2,
    "parentVersion": 1,
    "echartsVersion": "4.8.0",
    "versionCreateTime": "2020-12-10T10:15:04.000Z",
    "html": "",
    "externalScripts": "",
    "updaterUID": "bd-3324614351",
    "theme": "",
    "layout": "",
    "viewCount": 568,
    "userName": "适***止",
    "commentCount": 0,
    "starCount": 3,
    "isStared": 0,
    "thumbnailURL": "https://www.makeapie.com/ecg-storage/ec_gallery_thumbnail/xnsj8oVYkA.png?v=1607595304581",
    "isCustomThumbnail": 0,
    "builtinTags": [
        "category-work",
        "grid",
        "legend",
        "series-bar",
        "series-line",
        "tooltip"
    ],
    "customTags": [],
    "updaterUserName": "m***q"
}