{
    "cid": "xNVCFowUWj",
    "authorUid": "bd-922784848",
    "authorUserName": "g***1",
    "title": "健康码调用量同比",
    "description": "",
    "latestVersion": 3,
    "alwaysLatest": 1,
    "createTime": "2020-08-22T03:11:33.000Z",
    "lastUpdateTime": "2020-08-22T03:11:33.000Z",
    "auth": 2,
    "uid": "bd-922784848",
    "publishedVersion": 0,
    "forkFrom": "-",
    "isSpam": 0,
    "version": 3,
    "parentVersion": 2,
    "echartsVersion": "4.8.0",
    "versionCreateTime": "2020-09-25T03:22:21.000Z",
    "html": "",
    "externalScripts": "",
    "updaterUID": "bd-922784848",
    "theme": "",
    "layout": "",
    "viewCount": 47,
    "userName": "g***1",
    "commentCount": 0,
    "starCount": 1,
    "isStared": 0,
    "thumbnailURL": "https://www.makeapie.com/ecg-storage/ec_gallery_thumbnail/xNVCFowUWj.png?v=1601004141967",
    "isCustomThumbnail": 0,
    "builtinTags": [
        "category-work",
        "grid",
        "legend",
        "series-line",
        "title",
        "toolbox",
        "tooltip"
    ],
    "customTags": [],
    "updaterUserName": "g***1"
}