{
    "cid": "xQZhtVzJ7q",
    "authorUid": "obd-oDCQKM5wnL0yNYeWq4hmZJOSENvgZ1u",
    "authorUserName": "适***止",
    "title": "04安全服务-培训约谈分析",
    "description": "04安全服务-培训约谈分析",
    "latestVersion": 1,
    "alwaysLatest": 1,
    "createTime": "2020-08-22T02:19:47.000Z",
    "lastUpdateTime": "2020-08-22T02:19:47.000Z",
    "auth": 1,
    "uid": "obd-oDCQKM5wnL0yNYeWq4hmZJOSENvgZ1u",
    "publishedVersion": 0,
    "forkFrom": "-",
    "isSpam": 0,
    "version": 1,
    "parentVersion": -1,
    "echartsVersion": "4.8.0",
    "versionCreateTime": "2020-08-22T02:19:47.000Z",
    "html": "",
    "externalScripts": "",
    "updaterUID": "obd-oDCQKM5wnL0yNYeWq4hmZJOSENvgZ1u",
    "theme": "",
    "layout": "",
    "viewCount": 125,
    "userName": "适***止",
    "commentCount": 0,
    "starCount": 1,
    "isStared": 0,
    "thumbnailURL": "https://www.makeapie.com/ecg-storage/ec_gallery_thumbnail/xQZhtVzJ7q.png?v=1598062787977",
    "isCustomThumbnail": 0,
    "builtinTags": [
        "category-work",
        "grid",
        "legend",
        "series-bar",
        "series-line",
        "tooltip"
    ],
    "customTags": [],
    "updaterUserName": "适***止"
}