{
    "cid": "xTI21Ck6G7",
    "authorUid": "obd-otwvroeTahCSER3tkRtUm5p1tFPAw8c",
    "authorUserName": "u***p",
    "title": "圆环图",
    "description": "",
    "latestVersion": 1,
    "alwaysLatest": 1,
    "createTime": "2020-08-22T13:42:10.000Z",
    "lastUpdateTime": "2020-08-22T13:42:10.000Z",
    "auth": 2,
    "uid": "obd-otwvroeTahCSER3tkRtUm5p1tFPAw8c",
    "publishedVersion": 0,
    "forkFrom": "-",
    "isSpam": 0,
    "version": 1,
    "parentVersion": -1,
    "echartsVersion": "4.8.0",
    "versionCreateTime": "2020-08-22T13:42:10.000Z",
    "html": "",
    "externalScripts": "",
    "updaterUID": "obd-otwvroeTahCSER3tkRtUm5p1tFPAw8c",
    "theme": "",
    "layout": "",
    "viewCount": 87,
    "userName": "u***p",
    "commentCount": 0,
    "starCount": 0,
    "isStared": 0,
    "thumbnailURL": "https://www.makeapie.com/ecg-storage/ec_gallery_thumbnail/xTI21Ck6G7.png?v=1598103730281",
    "isCustomThumbnail": 0,
    "builtinTags": [
        "category-work",
        "polar",
        "series-bar",
        "title"
    ],
    "customTags": [],
    "updaterUserName": "u***p"
}