{
    "cid": "xtiu-Usm6J",
    "authorUid": "obd-o0SqZ4dDA-1ZE8dS-9XVa619_hiVVF4",
    "authorUserName": "学***s",
    "title": "天津市滨海新区地图",
    "description": "可拖拽、缩放、自定义tooltip（注：拖拽时有点卡顿）",
    "latestVersion": 1,
    "alwaysLatest": 1,
    "createTime": "2020-08-21T08:29:58.000Z",
    "lastUpdateTime": "2020-08-21T08:29:58.000Z",
    "auth": 2,
    "uid": "obd-o0SqZ4dDA-1ZE8dS-9XVa619_hiVVF4",
    "publishedVersion": 0,
    "forkFrom": "-",
    "isSpam": 0,
    "version": 1,
    "parentVersion": -1,
    "echartsVersion": "4.8.0",
    "versionCreateTime": "2020-08-21T08:29:58.000Z",
    "html": "",
    "externalScripts": "",
    "updaterUID": "obd-o0SqZ4dDA-1ZE8dS-9XVa619_hiVVF4",
    "theme": "",
    "layout": "",
    "viewCount": 3179,
    "userName": "学***s",
    "commentCount": 0,
    "starCount": 7,
    "isStared": 0,
    "thumbnailURL": "https://www.makeapie.com/ecg-storage/ec_gallery_thumbnail/xtiu-Usm6J.png?v=1597998598244",
    "isCustomThumbnail": 0,
    "builtinTags": [
        "category-work",
        "geo",
        "series-map",
        "series-scatter",
        "title",
        "tooltip",
        "visualMap"
    ],
    "customTags": [],
    "updaterUserName": "学***s"
}