{
    "cid": "xUxi25Dw4y",
    "authorUid": "bd-1765503565",
    "authorUserName": "学***斯",
    "title": "散点图",
    "description": "隐藏刻度线，中坐标轴轴线",
    "latestVersion": 1,
    "alwaysLatest": 1,
    "createTime": "2020-08-21T07:11:50.000Z",
    "lastUpdateTime": "2020-08-21T07:11:50.000Z",
    "auth": 2,
    "uid": "bd-1765503565",
    "publishedVersion": 0,
    "forkFrom": "-",
    "isSpam": 0,
    "version": 1,
    "parentVersion": -1,
    "echartsVersion": "4.8.0",
    "versionCreateTime": "2020-08-21T07:11:50.000Z",
    "html": "",
    "externalScripts": "",
    "updaterUID": "bd-1765503565",
    "theme": "",
    "layout": "",
    "viewCount": 20,
    "userName": "学***斯",
    "commentCount": 0,
    "starCount": 1,
    "isStared": 0,
    "thumbnailURL": "https://www.makeapie.com/ecg-storage/ec_gallery_thumbnail/xUxi25Dw4y.png?v=1597993910531",
    "isCustomThumbnail": 0,
    "builtinTags": [
        "category-work",
        "grid",
        "series-scatter",
        "tooltip"
    ],
    "customTags": [],
    "updaterUserName": "学***斯"
}