{
    "cid": "xB18SpHsLl",
    "authorUid": "bd-1258761372",
    "authorUserName": "zw921016",
    "title": "誉达⑨号量化指数",
    "description": "",
    "latestVersion": 56,
    "alwaysLatest": 1,
    "createTime": "2017-01-17T07:52:29.000Z",
    "lastUpdateTime": "2017-01-17T07:52:29.000Z",
    "auth": 2,
    "uid": "bd-1258761372",
    "publishedVersion": 0,
    "forkFrom": "-",
    "isSpam": 0,
    "version": 56,
    "parentVersion": 55,
    "echartsVersion": "3.5.1",
    "versionCreateTime": "2017-03-30T07:11:39.000Z",
    "html": "",
    "externalScripts": "",
    "updaterUID": "bd-1258761372",
    "theme": "",
    "layout": "",
    "viewCount": 4693,
    "userName": "zw921016",
    "commentCount": 0,
    "starCount": 5,
    "isStared": 0,
    "thumbnailURL": "https://www.makeapie.com/ecg-storage/ec_gallery_thumbnail/xB18SpHsLl.png?v=1490857900002",
    "isCustomThumbnail": 0,
    "builtinTags": [
        "axisPointer",
        "category-work",
        "dataZoom",
        "grid",
        "legend",
        "series-line",
        "title",
        "toolbox",
        "tooltip"
    ],
    "customTags": [],
    "updaterUserName": "zw921016"
}