{
    "cid": "xBJXvvbALe",
    "authorUid": "bd-2435150801",
    "authorUserName": "岳冰洁199291",
    "title": "打开终端占比",
    "description": "",
    "latestVersion": 3,
    "alwaysLatest": 1,
    "createTime": "2017-01-19T09:31:07.000Z",
    "lastUpdateTime": "2017-01-19T09:31:07.000Z",
    "auth": 2,
    "uid": "bd-2435150801",
    "publishedVersion": 0,
    "forkFrom": "-",
    "isSpam": 0,
    "version": 3,
    "parentVersion": 2,
    "echartsVersion": "3.4.0",
    "versionCreateTime": "2017-01-19T09:32:12.000Z",
    "html": "",
    "externalScripts": "",
    "updaterUID": "bd-2435150801",
    "theme": "",
    "layout": "",
    "viewCount": 5795,
    "userName": "岳冰洁199291",
    "commentCount": 0,
    "starCount": 10,
    "isStared": 0,
    "thumbnailURL": "https://www.makeapie.com/ecg-storage/ec_gallery_thumbnail/xBJXvvbALe.png?v=1484818332281",
    "isCustomThumbnail": 0,
    "builtinTags": [
        "category-work",
        "legend",
        "series-pie",
        "tooltip"
    ],
    "customTags": [],
    "updaterUserName": "岳冰洁199291"
}