{
    "cid": "xBk3AcMsLx",
    "authorUid": "bd-2537251955",
    "authorUserName": "小小路人_回忆",
    "title": "简单统计人数",
    "description": "",
    "latestVersion": 1,
    "alwaysLatest": 1,
    "createTime": "2017-01-17T04:17:24.000Z",
    "lastUpdateTime": "2017-01-17T04:17:24.000Z",
    "auth": 2,
    "uid": "bd-2537251955",
    "publishedVersion": 0,
    "forkFrom": "-",
    "isSpam": 0,
    "version": 1,
    "parentVersion": -1,
    "echartsVersion": "3.4.0",
    "versionCreateTime": "2017-01-17T04:17:24.000Z",
    "html": "",
    "externalScripts": "",
    "updaterUID": "bd-2537251955",
    "theme": "",
    "layout": "",
    "viewCount": 2446,
    "userName": "小小路人_回忆",
    "commentCount": 0,
    "starCount": 7,
    "isStared": 0,
    "thumbnailURL": "https://www.makeapie.com/ecg-storage/ec_gallery_thumbnail/xBk3AcMsLx.png?v=1484626644820",
    "isCustomThumbnail": 0,
    "builtinTags": [
        "category-work",
        "grid",
        "legend",
        "series-bar",
        "tooltip"
    ],
    "customTags": [],
    "updaterUserName": "小小路人_回忆"
}