{
    "cid": "xBkB9R4mDx",
    "authorUid": "bd-3643364795",
    "authorUserName": "坏人没坏报",
    "title": "曲线",
    "description": "显示心率曲线",
    "latestVersion": 10,
    "alwaysLatest": 1,
    "createTime": "2017-01-23T08:27:57.000Z",
    "lastUpdateTime": "2017-01-23T08:27:57.000Z",
    "auth": 2,
    "uid": "bd-3643364795",
    "publishedVersion": 0,
    "forkFrom": "-",
    "isSpam": 0,
    "version": 10,
    "parentVersion": 9,
    "echartsVersion": "3.4.0",
    "versionCreateTime": "2017-02-10T05:22:55.000Z",
    "html": "",
    "externalScripts": "",
    "updaterUID": "bd-3643364795",
    "theme": "",
    "layout": "",
    "viewCount": 5734,
    "userName": "坏人没坏报",
    "commentCount": 9,
    "starCount": 11,
    "isStared": 0,
    "thumbnailURL": "https://www.makeapie.com/ecg-storage/ec_gallery_thumbnail/xBkB9R4mDx.png?v=1485163455829",
    "isCustomThumbnail": 0,
    "builtinTags": [
        "category-work",
        "grid",
        "legend",
        "markPoint",
        "series-line",
        "tooltip",
        "visualMap"
    ],
    "customTags": [],
    "updaterUserName": "坏人没坏报"
}