{
    "cid": "xHJiy6gp8g",
    "authorUid": "bd-1158218442",
    "authorUserName": "J***r",
    "title": "都市楼宇",
    "description": "",
    "latestVersion": 5,
    "alwaysLatest": 1,
    "createTime": "2017-01-18T14:34:10.000Z",
    "lastUpdateTime": "2017-01-18T14:34:10.000Z",
    "auth": 2,
    "uid": "bd-1158218442",
    "publishedVersion": 0,
    "forkFrom": "-",
    "isSpam": 0,
    "version": 5,
    "parentVersion": 4,
    "echartsVersion": "3.8.0",
    "versionCreateTime": "2018-07-27T01:47:54.000Z",
    "html": "",
    "externalScripts": "",
    "updaterUID": "bd-1158218442",
    "theme": "dark",
    "layout": "",
    "viewCount": 12971,
    "userName": "J***r",
    "commentCount": 4,
    "starCount": 51,
    "isStared": 0,
    "thumbnailURL": "https://www.makeapie.com/ecg-storage/ec_gallery_thumbnail/xHJiy6gp8g.png?v=1532656074142",
    "isCustomThumbnail": 0,
    "builtinTags": [
        "category-work",
        "grid",
        "series-bar",
        "series-graph",
        "series-lines"
    ],
    "customTags": [],
    "updaterUserName": "J***r"
}