{
    "cid": "xHk8BJ26Ie",
    "authorUid": "bd-2885956144",
    "authorUserName": "pziwolf",
    "title": "Source",
    "description": "",
    "latestVersion": 3,
    "alwaysLatest": 1,
    "createTime": "2017-01-19T03:15:09.000Z",
    "lastUpdateTime": "2017-01-19T03:15:09.000Z",
    "auth": 2,
    "uid": "bd-2885956144",
    "publishedVersion": 0,
    "forkFrom": "-",
    "isSpam": 0,
    "version": 3,
    "parentVersion": 2,
    "echartsVersion": "3.4.0",
    "versionCreateTime": "2017-01-19T03:21:08.000Z",
    "html": "",
    "externalScripts": "",
    "updaterUID": "bd-2885956144",
    "theme": "vintage",
    "layout": "",
    "viewCount": 13184,
    "userName": "pziwolf",
    "commentCount": 0,
    "starCount": 25,
    "isStared": 0,
    "thumbnailURL": "https://www.makeapie.com/ecg-storage/ec_gallery_thumbnail/xHk8BJ26Ie.png?v=1484796068397",
    "isCustomThumbnail": 0,
    "builtinTags": [
        "category-work",
        "grid",
        "legend",
        "series-bar",
        "tooltip"
    ],
    "customTags": [],
    "updaterUserName": "pziwolf"
}