{
    "cid": "xHyPMEc9ue",
    "authorUid": "bd-2843381631",
    "authorUserName": "l琳澜冰芸",
    "title": "铝模应用分布图",
    "description": "直营租赁站",
    "latestVersion": 1,
    "alwaysLatest": 1,
    "createTime": "2017-02-10T01:14:55.000Z",
    "lastUpdateTime": "2017-02-10T01:14:55.000Z",
    "auth": 2,
    "uid": "bd-2843381631",
    "publishedVersion": 0,
    "forkFrom": "-",
    "isSpam": 0,
    "version": 1,
    "parentVersion": -1,
    "echartsVersion": "3.4.0",
    "versionCreateTime": "2017-02-10T01:14:55.000Z",
    "html": "",
    "externalScripts": "/dep/echarts/map/js/china.js",
    "updaterUID": "bd-2843381631",
    "theme": "",
    "layout": "",
    "viewCount": 4876,
    "userName": "l琳澜冰芸",
    "commentCount": 0,
    "starCount": 6,
    "isStared": 0,
    "thumbnailURL": "https://www.makeapie.com/ecg-storage/ec_gallery_thumbnail/xHyPMEc9ue.png?v=1486689295668",
    "isCustomThumbnail": 0,
    "builtinTags": [
        "category-work",
        "legend",
        "series-map",
        "title",
        "toolbox",
        "tooltip",
        "visualMap"
    ],
    "customTags": [],
    "updaterUserName": "l琳澜冰芸"
}