{
    "cid": "xr1-F-ABdg",
    "authorUid": "bd-3239134882",
    "authorUserName": "《龙飞love》",
    "title": "深圳地铁1号线(罗宝线)线路图",
    "description": "地铁最后一班的线路图",
    "latestVersion": 2,
    "alwaysLatest": 1,
    "createTime": "2017-02-06T10:35:37.000Z",
    "lastUpdateTime": "2017-02-06T10:44:28.000Z",
    "auth": 2,
    "uid": "bd-3239134882",
    "publishedVersion": 0,
    "forkFrom": "-",
    "isSpam": 0,
    "version": 2,
    "parentVersion": 1,
    "echartsVersion": "3.4.0",
    "versionCreateTime": "2017-02-06T10:44:38.000Z",
    "html": "",
    "externalScripts": "",
    "updaterUID": "bd-3239134882",
    "theme": "roma",
    "layout": "{\"name\":\"1xN\",\"width\":[],\"height\":[]}",
    "viewCount": 255,
    "userName": "《龙飞love》",
    "commentCount": 0,
    "starCount": 1,
    "isStared": 0,
    "thumbnailURL": "https://www.makeapie.com/ecg-storage/ec_gallery_thumbnail/xr1-F-ABdg.png?v=1486377878982",
    "isCustomThumbnail": 0,
    "builtinTags": [
        "category-work",
        "grid",
        "legend",
        "series-line",
        "title",
        "toolbox",
        "tooltip"
    ],
    "customTags": [],
    "updaterUserName": "《龙飞love》"
}