{
    "cid": "xr1dm4Uaux",
    "authorUid": "bd-621044197",
    "authorUserName": "jackshao",
    "title": "终端品牌",
    "description": "",
    "latestVersion": 4,
    "alwaysLatest": 1,
    "createTime": "2017-02-12T03:18:56.000Z",
    "lastUpdateTime": "2017-02-12T03:18:56.000Z",
    "auth": 1,
    "uid": "bd-621044197",
    "publishedVersion": 0,
    "forkFrom": "-",
    "isSpam": 0,
    "version": 4,
    "parentVersion": 3,
    "echartsVersion": "3.4.0",
    "versionCreateTime": "2017-02-17T03:20:15.000Z",
    "html": "",
    "externalScripts": "",
    "updaterUID": "bd-2618008095",
    "theme": "",
    "layout": "",
    "viewCount": 762,
    "userName": "jackshao",
    "commentCount": 0,
    "starCount": 1,
    "isStared": 0,
    "thumbnailURL": "https://www.makeapie.com/ecg-storage/ec_gallery_thumbnail/xr1dm4Uaux.png?v=1487301616047",
    "isCustomThumbnail": 0,
    "builtinTags": [
        "category-work",
        "legend",
        "series-pie",
        "title",
        "toolbox",
        "tooltip"
    ],
    "customTags": [],
    "updaterUserName": "meimicing"
}