{
    "cid": "xr1WA36KOg",
    "authorUid": "bd-3390545861",
    "authorUserName": "w757639724",
    "title": "无差异曲线",
    "description": "",
    "latestVersion": 4,
    "alwaysLatest": 1,
    "createTime": "2017-02-09T11:04:40.000Z",
    "lastUpdateTime": "2017-02-09T11:04:40.000Z",
    "auth": 2,
    "uid": "bd-3390545861",
    "publishedVersion": 0,
    "forkFrom": "-",
    "isSpam": 0,
    "version": 4,
    "parentVersion": 3,
    "echartsVersion": "3.4.0",
    "versionCreateTime": "2017-02-10T02:55:02.000Z",
    "html": "",
    "externalScripts": "",
    "updaterUID": "bd-3390545861",
    "theme": "dark",
    "layout": "",
    "viewCount": 584,
    "userName": "w757639724",
    "commentCount": 0,
    "starCount": 2,
    "isStared": 0,
    "thumbnailURL": "https://www.makeapie.com/ecg-storage/ec_gallery_thumbnail/xr1WA36KOg.png?v=1486695302324",
    "isCustomThumbnail": 0,
    "builtinTags": [
        "category-work",
        "grid",
        "legend",
        "series-line",
        "title",
        "toolbox",
        "tooltip"
    ],
    "customTags": [],
    "updaterUserName": "w757639724"
}