{
    "cid": "xrJ-Btwtdg",
    "authorUid": "bd-3390545861",
    "authorUserName": "w757639724",
    "title": "菲利普斯曲线图",
    "description": "自己做了一条菲利普斯曲线的模拟图",
    "latestVersion": 2,
    "alwaysLatest": 1,
    "createTime": "2017-02-09T03:59:53.000Z",
    "lastUpdateTime": "2017-02-09T03:59:53.000Z",
    "auth": 2,
    "uid": "bd-3390545861",
    "publishedVersion": 0,
    "forkFrom": "-",
    "isSpam": 0,
    "version": 2,
    "parentVersion": 1,
    "echartsVersion": "3.4.0",
    "versionCreateTime": "2017-02-09T04:00:26.000Z",
    "html": "",
    "externalScripts": "",
    "updaterUID": "bd-3390545861",
    "theme": "dark",
    "layout": "",
    "viewCount": 293,
    "userName": "w757639724",
    "commentCount": 0,
    "starCount": 3,
    "isStared": 0,
    "thumbnailURL": "https://www.makeapie.com/ecg-storage/ec_gallery_thumbnail/xrJ-Btwtdg.png?v=1486612826317",
    "isCustomThumbnail": 0,
    "builtinTags": [
        "category-work",
        "grid",
        "legend",
        "series-line",
        "title",
        "tooltip",
        "visualMap"
    ],
    "customTags": [],
    "updaterUserName": "w757639724"
}