{
    "cid": "xrJfkbpKUl",
    "authorUid": "bd-2500662229",
    "authorUserName": "虚***顶",
    "title": "全球60%的圣诞礼物来自于中国义乌制造",
    "description": "",
    "latestVersion": 1,
    "alwaysLatest": 1,
    "createTime": "2017-01-16T03:41:14.000Z",
    "lastUpdateTime": "2017-01-16T03:41:14.000Z",
    "auth": 2,
    "uid": "bd-2500662229",
    "publishedVersion": 0,
    "forkFrom": "-",
    "isSpam": 0,
    "version": 1,
    "parentVersion": -1,
    "echartsVersion": "3.4.0",
    "versionCreateTime": "2017-01-16T03:41:14.000Z",
    "html": "",
    "externalScripts": "",
    "updaterUID": "bd-2500662229",
    "theme": "",
    "layout": "",
    "viewCount": 263,
    "userName": "虚***顶",
    "commentCount": 0,
    "starCount": 2,
    "isStared": 0,
    "thumbnailURL": "https://www.makeapie.com/ecg-storage/ec_gallery_thumbnail/xrJfkbpKUl.png?v=1484538074255",
    "isCustomThumbnail": 0,
    "builtinTags": [
        "category-work",
        "grid",
        "series-pictorialBar",
        "title"
    ],
    "customTags": [],
    "updaterUserName": "虚***顶"
}