{
    "cid": "xrk358sF_l",
    "authorUid": "bd-1108639900",
    "authorUserName": "a***1",
    "title": "echarts 小程序",
    "description": "echarts 如果开发一套控件库，我就可以编程了，\necharts 小程序，对抗微信小程序 ，哈哈哈",
    "latestVersion": 1,
    "alwaysLatest": 1,
    "createTime": "2017-02-09T08:21:40.000Z",
    "lastUpdateTime": "2017-02-09T08:21:40.000Z",
    "auth": 1,
    "uid": "bd-1108639900",
    "publishedVersion": 0,
    "forkFrom": "-",
    "isSpam": 0,
    "version": 1,
    "parentVersion": -1,
    "echartsVersion": "3.4.0",
    "versionCreateTime": "2017-02-09T08:21:40.000Z",
    "html": "",
    "externalScripts": "",
    "updaterUID": "bd-1108639900",
    "theme": "",
    "layout": "",
    "viewCount": 883,
    "userName": "a***1",
    "commentCount": 0,
    "starCount": 2,
    "isStared": 0,
    "thumbnailURL": "https://www.makeapie.com/ecg-storage/ec_gallery_thumbnail/xrk358sF_l.png?v=1486628500530",
    "isCustomThumbnail": 1,
    "builtinTags": [
        "category-work",
        "grid",
        "series-bar",
        "title"
    ],
    "customTags": [],
    "updaterUserName": "a***1"
}