{
    "cid": "xS1rsvCT_x",
    "authorUid": "bd-576345086",
    "authorUserName": "寂静独白Murray",
    "title": "P2解决趋势图",
    "description": "",
    "latestVersion": 2,
    "alwaysLatest": 1,
    "createTime": "2017-02-12T12:39:56.000Z",
    "lastUpdateTime": "2017-02-12T12:39:56.000Z",
    "auth": 2,
    "uid": "bd-576345086",
    "publishedVersion": 0,
    "forkFrom": "-",
    "isSpam": 0,
    "version": 2,
    "parentVersion": 1,
    "echartsVersion": "3.4.0",
    "versionCreateTime": "2017-02-12T12:41:09.000Z",
    "html": "",
    "externalScripts": "",
    "updaterUID": "bd-576345086",
    "theme": "",
    "layout": "",
    "viewCount": 124,
    "userName": "寂静独白Murray",
    "commentCount": 0,
    "starCount": 0,
    "isStared": 0,
    "thumbnailURL": "https://www.makeapie.com/ecg-storage/ec_gallery_thumbnail/xS1rsvCT_x.png?v=1486903269804",
    "isCustomThumbnail": 0,
    "builtinTags": [
        "category-work",
        "grid",
        "legend",
        "series-bar",
        "title",
        "toolbox",
        "tooltip"
    ],
    "customTags": [],
    "updaterUserName": "寂静独白Murray"
}