{
    "cid": "xSyESLRTUe",
    "authorUid": "bd-3659696196",
    "authorUserName": "_***_",
    "title": "麦汁过滤时的各种参数的变化过程",
    "description": "ALP",
    "latestVersion": 7,
    "alwaysLatest": 1,
    "createTime": "2017-01-19T06:01:31.000Z",
    "lastUpdateTime": "2017-01-19T06:52:58.000Z",
    "auth": 2,
    "uid": "bd-3659696196",
    "publishedVersion": 0,
    "forkFrom": "-",
    "isSpam": 0,
    "version": 7,
    "parentVersion": 6,
    "echartsVersion": "3.8.0",
    "versionCreateTime": "2020-11-18T11:05:55.000Z",
    "html": "",
    "externalScripts": "",
    "updaterUID": "bd-3659696196",
    "theme": "default",
    "layout": "",
    "viewCount": 4369,
    "userName": "_***_",
    "commentCount": 0,
    "starCount": 12,
    "isStared": 0,
    "thumbnailURL": "https://www.makeapie.com/ecg-storage/ec_gallery_thumbnail/xSyESLRTUe.png?v=1605697555450",
    "isCustomThumbnail": 0,
    "builtinTags": [
        "category-work",
        "grid",
        "legend",
        "markArea",
        "series-line",
        "toolbox",
        "tooltip"
    ],
    "customTags": [],
    "updaterUserName": "_***_"
}