{
    "cid": "x02ORo5Rid",
    "authorUid": "obd-olnf8nC5qKxMZKBlltBwT3HPMXg_m0F",
    "authorUserName": "h***a",
    "title": "普通地图",
    "description": "",
    "latestVersion": 2,
    "alwaysLatest": 0,
    "createTime": "2021-08-25T07:34:00.000Z",
    "lastUpdateTime": "2021-08-25T08:14:53.000Z",
    "auth": 2,
    "uid": "obd-olnf8nC5qKxMZKBlltBwT3HPMXg_m0F",
    "publishedVersion": 0,
    "forkFrom": "-",
    "isSpam": 0,
    "version": 2,
    "parentVersion": 1,
    "echartsVersion": "5.1.2",
    "versionCreateTime": "2021-08-25T08:14:54.000Z",
    "html": "",
    "externalScripts": "",
    "updaterUID": "obd-olnf8nC5qKxMZKBlltBwT3HPMXg_m0F",
    "theme": "",
    "layout": "",
    "viewCount": 0,
    "userName": "h***a",
    "commentCount": 0,
    "starCount": 7,
    "isStared": 0,
    "thumbnailURL": "https://www.makeapie.com/ecg-storage/ec_gallery_thumbnail/x02ORo5Rid.png?v=1629879294548",
    "isCustomThumbnail": 0,
    "builtinTags": [
        "category-work",
        "geo",
        "series-map",
        "tooltip"
    ],
    "customTags": [],
    "updaterUserName": "h***a"
}