{
    "cid": "x4Pm9sSeC0",
    "authorUid": "obd-ol9ADSWsJ_9GIRJYjNN6D2ZAO5CEM0k",
    "authorUserName": "R***0",
    "title": "双柱状图",
    "description": "双柱状图",
    "latestVersion": 1,
    "alwaysLatest": 0,
    "createTime": "2021-08-25T02:51:53.000Z",
    "lastUpdateTime": "2021-08-25T02:51:53.000Z",
    "auth": 2,
    "uid": "obd-ol9ADSWsJ_9GIRJYjNN6D2ZAO5CEM0k",
    "publishedVersion": 0,
    "forkFrom": "-",
    "isSpam": 0,
    "version": 1,
    "parentVersion": -1,
    "echartsVersion": "5.1.2",
    "versionCreateTime": "2021-08-25T02:51:53.000Z",
    "html": "",
    "externalScripts": "",
    "updaterUID": "obd-ol9ADSWsJ_9GIRJYjNN6D2ZAO5CEM0k",
    "theme": "",
    "layout": "",
    "viewCount": 0,
    "userName": "R***0",
    "commentCount": 0,
    "starCount": 0,
    "isStared": 0,
    "thumbnailURL": "https://www.makeapie.com/ecg-storage/ec_gallery_thumbnail/x4Pm9sSeC0.png?v=1629859913818",
    "isCustomThumbnail": 0,
    "builtinTags": [
        "category-work",
        "grid",
        "legend",
        "series-bar",
        "tooltip"
    ],
    "customTags": [],
    "updaterUserName": "R***0"
}