{
    "cid": "x4rwZPDJck",
    "authorUid": "obd-oEd_743uoklBwpuIJJ1I_hRb0NvMF4t",
    "authorUserName": "天***华",
    "title": "3D饼图",
    "description": "",
    "latestVersion": 3,
    "alwaysLatest": 0,
    "createTime": "2021-08-25T01:25:07.000Z",
    "lastUpdateTime": "2021-08-25T01:29:48.000Z",
    "auth": 2,
    "uid": "obd-oEd_743uoklBwpuIJJ1I_hRb0NvMF4t",
    "publishedVersion": 0,
    "forkFrom": "-",
    "isSpam": 0,
    "version": 3,
    "parentVersion": 2,
    "echartsVersion": "5.1.2",
    "versionCreateTime": "2021-08-25T01:29:48.000Z",
    "html": "",
    "externalScripts": "https://cdn.jsdelivr.net/npm/echarts-gl@2/dist/echarts-gl.min.js",
    "updaterUID": "obd-oEd_743uoklBwpuIJJ1I_hRb0NvMF4t",
    "theme": "",
    "layout": "",
    "viewCount": 0,
    "userName": "天***华",
    "commentCount": 0,
    "starCount": 0,
    "isStared": 0,
    "thumbnailURL": "https://www.makeapie.com/ecg-storage/ec_gallery_thumbnail/x4rwZPDJck.png?v=1629854988562",
    "isCustomThumbnail": 0,
    "builtinTags": [
        "category-work",
        "grid3D",
        "legend",
        "series-surface",
        "tooltip"
    ],
    "customTags": [],
    "updaterUserName": "天***华"
}