{
    "cid": "x6KOnaPe2r",
    "authorUid": "obd-oNb2iaZpAw__RgANeSyWwQnpcYw_mCu",
    "authorUserName": "源***彩",
    "title": "自定义热力图",
    "description": "",
    "latestVersion": 1,
    "alwaysLatest": 1,
    "createTime": "2021-08-24T10:08:34.000Z",
    "lastUpdateTime": "2021-08-24T10:08:34.000Z",
    "auth": 2,
    "uid": "obd-oNb2iaZpAw__RgANeSyWwQnpcYw_mCu",
    "publishedVersion": 0,
    "forkFrom": "-",
    "isSpam": 0,
    "version": 1,
    "parentVersion": -1,
    "echartsVersion": "5.1.2",
    "versionCreateTime": "2021-08-24T10:08:34.000Z",
    "html": "",
    "externalScripts": "",
    "updaterUID": "obd-oNb2iaZpAw__RgANeSyWwQnpcYw_mCu",
    "theme": "",
    "layout": "",
    "viewCount": 0,
    "userName": "源***彩",
    "commentCount": 0,
    "starCount": 4,
    "isStared": 0,
    "thumbnailURL": "https://www.makeapie.com/ecg-storage/ec_gallery_thumbnail/x6KOnaPe2r.png?v=1629799714315",
    "isCustomThumbnail": 0,
    "builtinTags": [
        "category-work",
        "grid",
        "series-heatmap",
        "tooltip",
        "visualMap"
    ],
    "customTags": [],
    "updaterUserName": "源***彩"
}