{
    "cid": "x_x8e6xxnO",
    "authorUid": "obd-olnf8nC5qKxMZKBlltBwT3HPMXg_m0F",
    "authorUserName": "h***a",
    "title": "带间隙的动态饼图",
    "description": "",
    "latestVersion": 2,
    "alwaysLatest": 0,
    "createTime": "2021-08-25T04:02:50.000Z",
    "lastUpdateTime": "2021-08-25T06:10:14.000Z",
    "auth": 2,
    "uid": "obd-olnf8nC5qKxMZKBlltBwT3HPMXg_m0F",
    "publishedVersion": 0,
    "forkFrom": "-",
    "isSpam": 0,
    "version": 2,
    "parentVersion": 1,
    "echartsVersion": "5.1.2",
    "versionCreateTime": "2021-08-25T06:10:14.000Z",
    "html": "",
    "externalScripts": "",
    "updaterUID": "obd-olnf8nC5qKxMZKBlltBwT3HPMXg_m0F",
    "theme": "",
    "layout": "",
    "viewCount": 0,
    "userName": "h***a",
    "commentCount": 0,
    "starCount": 1,
    "isStared": 0,
    "thumbnailURL": "https://www.makeapie.com/ecg-storage/ec_gallery_thumbnail/x_x8e6xxnO.png?v=1629871814359",
    "isCustomThumbnail": 0,
    "builtinTags": [
        "category-work",
        "legend",
        "series-pie",
        "title"
    ],
    "customTags": [],
    "updaterUserName": "h***a"
}