{
    "cid": "xCIAWUupB2",
    "authorUid": "obd-o0aqANU1yogWhKBAxD4G0GQquBv9HFp",
    "authorUserName": "182*****922",
    "title": "趋势分析",
    "description": "",
    "latestVersion": 8,
    "alwaysLatest": 0,
    "createTime": "2021-08-25T00:49:39.000Z",
    "lastUpdateTime": "2021-08-25T09:52:53.000Z",
    "auth": 2,
    "uid": "obd-o0aqANU1yogWhKBAxD4G0GQquBv9HFp",
    "publishedVersion": 0,
    "forkFrom": "-",
    "isSpam": 0,
    "version": 8,
    "parentVersion": 7,
    "echartsVersion": "5.1.2",
    "versionCreateTime": "2021-08-25T09:52:53.000Z",
    "html": "",
    "externalScripts": "",
    "updaterUID": "obd-o0aqANU1yogWhKBAxD4G0GQquBv9HFp",
    "theme": "",
    "layout": "",
    "viewCount": 0,
    "userName": "182*****922",
    "commentCount": 0,
    "starCount": 0,
    "isStared": 0,
    "thumbnailURL": "https://www.makeapie.com/ecg-storage/ec_gallery_thumbnail/xCIAWUupB2.png?v=1629885173347",
    "isCustomThumbnail": 0,
    "builtinTags": [
        "category-work",
        "grid",
        "legend",
        "series-line",
        "tooltip"
    ],
    "customTags": [],
    "updaterUserName": "182*****922"
}