{
    "cid": "xdGREQzUfv",
    "authorUid": "obd-oCOtjwPZjCXJHWxDvJy39AP2EUBm_3Z",
    "authorUserName": "d***e",
    "title": "左向柱状图",
    "description": "",
    "latestVersion": 1,
    "alwaysLatest": 0,
    "createTime": "2021-08-24T08:14:15.000Z",
    "lastUpdateTime": "2021-08-24T08:14:15.000Z",
    "auth": 2,
    "uid": "obd-oCOtjwPZjCXJHWxDvJy39AP2EUBm_3Z",
    "publishedVersion": 0,
    "forkFrom": "-",
    "isSpam": 0,
    "version": 1,
    "parentVersion": -1,
    "echartsVersion": "5.1.2",
    "versionCreateTime": "2021-08-24T08:14:15.000Z",
    "html": "",
    "externalScripts": "",
    "updaterUID": "obd-oCOtjwPZjCXJHWxDvJy39AP2EUBm_3Z",
    "theme": "",
    "layout": "",
    "viewCount": 0,
    "userName": "d***e",
    "commentCount": 0,
    "starCount": 0,
    "isStared": 0,
    "thumbnailURL": "https://www.makeapie.com/ecg-storage/ec_gallery_thumbnail/xdGREQzUfv.png?v=1629792855245",
    "isCustomThumbnail": 0,
    "builtinTags": [
        "category-work",
        "grid",
        "series-bar",
        "timeline"
    ],
    "customTags": [],
    "updaterUserName": "d***e"
}