{
    "cid": "xdVUd2Q31Y",
    "authorUid": "obd-ol2AVedMd7qDGt9iofj97qxnlosju0E",
    "authorUserName": "f***h",
    "title": "以厦门市为例做地区悬浮事件上浮效果",
    "description": "地图及设计来自本站别的大佬，我结合官网文档发现了shadowBlur和它的小伙伴很适合做上浮效果，就做了个图",
    "latestVersion": 1,
    "alwaysLatest": 0,
    "createTime": "2021-08-24T09:29:22.000Z",
    "lastUpdateTime": "2021-08-24T09:29:22.000Z",
    "auth": 2,
    "uid": "obd-ol2AVedMd7qDGt9iofj97qxnlosju0E",
    "publishedVersion": 0,
    "forkFrom": "-",
    "isSpam": 0,
    "version": 1,
    "parentVersion": -1,
    "echartsVersion": "5.1.2",
    "versionCreateTime": "2021-08-24T09:29:22.000Z",
    "html": "",
    "externalScripts": "",
    "updaterUID": "obd-ol2AVedMd7qDGt9iofj97qxnlosju0E",
    "theme": "",
    "layout": "",
    "viewCount": 0,
    "userName": "f***h",
    "commentCount": 0,
    "starCount": 0,
    "isStared": 0,
    "thumbnailURL": "https://www.makeapie.com/ecg-storage/ec_gallery_thumbnail/xdVUd2Q31Y.png?v=1629797362760",
    "isCustomThumbnail": 1,
    "builtinTags": [
        "category-work",
        "geo",
        "series-scatter",
        "title",
        "tooltip"
    ],
    "customTags": [],
    "updaterUserName": "f***h"
}