{
    "cid": "xeTtzxnFsu",
    "authorUid": "obd-o-GzlHOtcX2qLDLKK6adEDybW6V7iA4",
    "authorUserName": "候***沃",
    "title": "柱状重叠",
    "description": "内容不重叠值",
    "latestVersion": 1,
    "alwaysLatest": 0,
    "createTime": "2021-08-25T05:15:45.000Z",
    "lastUpdateTime": "2021-08-25T05:15:45.000Z",
    "auth": 2,
    "uid": "obd-o-GzlHOtcX2qLDLKK6adEDybW6V7iA4",
    "publishedVersion": 0,
    "forkFrom": "-",
    "isSpam": 0,
    "version": 1,
    "parentVersion": -1,
    "echartsVersion": "5.1.2",
    "versionCreateTime": "2021-08-25T05:15:45.000Z",
    "html": "",
    "externalScripts": "",
    "updaterUID": "obd-o-GzlHOtcX2qLDLKK6adEDybW6V7iA4",
    "theme": "",
    "layout": "",
    "viewCount": 0,
    "userName": "候***沃",
    "commentCount": 0,
    "starCount": 0,
    "isStared": 0,
    "thumbnailURL": "https://www.makeapie.com/ecg-storage/ec_gallery_thumbnail/xeTtzxnFsu.png?v=1629868545855",
    "isCustomThumbnail": 0,
    "builtinTags": [
        "category-work",
        "grid",
        "series-bar",
        "series-pictorialBar",
        "title",
        "tooltip"
    ],
    "customTags": [],
    "updaterUserName": "候***沃"
}