{
    "cid": "xIRfI-tBpF",
    "authorUid": "obd-o0aqANU1yogWhKBAxD4G0GQquBv9HFp",
    "authorUserName": "182*****922",
    "title": "专利监控-企业",
    "description": "",
    "latestVersion": 1,
    "alwaysLatest": 0,
    "createTime": "2021-08-24T10:04:12.000Z",
    "lastUpdateTime": "2021-08-24T10:04:12.000Z",
    "auth": 2,
    "uid": "obd-o0aqANU1yogWhKBAxD4G0GQquBv9HFp",
    "publishedVersion": 0,
    "forkFrom": "-",
    "isSpam": 0,
    "version": 1,
    "parentVersion": -1,
    "echartsVersion": "5.1.2",
    "versionCreateTime": "2021-08-24T10:04:12.000Z",
    "html": "",
    "externalScripts": "",
    "updaterUID": "obd-o0aqANU1yogWhKBAxD4G0GQquBv9HFp",
    "theme": "",
    "layout": "",
    "viewCount": 0,
    "userName": "182*****922",
    "commentCount": 0,
    "starCount": 1,
    "isStared": 0,
    "thumbnailURL": "https://www.makeapie.com/ecg-storage/ec_gallery_thumbnail/xIRfI-tBpF.png?v=1629799452845",
    "isCustomThumbnail": 0,
    "builtinTags": [
        "category-work",
        "grid",
        "legend",
        "series-line",
        "tooltip"
    ],
    "customTags": [],
    "updaterUserName": "182*****922"
}