{
    "cid": "xxRDY_77zA",
    "authorUid": "obd-o0APL1ok8bIJplw6O_3OqvzMM9B_1F1",
    "authorUserName": "阳***少",
    "title": "渐变柱状图",
    "description": "渐变柱状图，背景胶囊背景色，柱顶显示每个柱子当前值",
    "latestVersion": 1,
    "alwaysLatest": 0,
    "createTime": "2021-08-24T07:25:01.000Z",
    "lastUpdateTime": "2021-08-24T07:25:01.000Z",
    "auth": 2,
    "uid": "obd-o0APL1ok8bIJplw6O_3OqvzMM9B_1F1",
    "publishedVersion": 0,
    "forkFrom": "-",
    "isSpam": 0,
    "version": 1,
    "parentVersion": -1,
    "echartsVersion": "5.1.2",
    "versionCreateTime": "2021-08-24T07:25:01.000Z",
    "html": "",
    "externalScripts": "",
    "updaterUID": "obd-o0APL1ok8bIJplw6O_3OqvzMM9B_1F1",
    "theme": "",
    "layout": "",
    "viewCount": 0,
    "userName": "阳***少",
    "commentCount": 0,
    "starCount": 0,
    "isStared": 0,
    "thumbnailURL": "https://www.makeapie.com/ecg-storage/ec_gallery_thumbnail/xxRDY_77zA.png?v=1629789901528",
    "isCustomThumbnail": 0,
    "builtinTags": [
        "category-work",
        "dataZoom",
        "grid",
        "series-bar",
        "title",
        "tooltip"
    ],
    "customTags": [],
    "updaterUserName": "阳***少"
}