{
    "cid": "x4gTNLXEy4",
    "authorUid": "obd-oCXci_RolYUjjHLA-X4-aSYX89tcP3h",
    "authorUserName": "157*****625",
    "title": "双y轴分割线对齐",
    "description": "",
    "latestVersion": 1,
    "alwaysLatest": 0,
    "createTime": "2021-08-11T09:42:03.000Z",
    "lastUpdateTime": "2021-08-11T09:42:03.000Z",
    "auth": 2,
    "uid": "obd-oCXci_RolYUjjHLA-X4-aSYX89tcP3h",
    "publishedVersion": 0,
    "forkFrom": "-",
    "isSpam": 0,
    "version": 1,
    "parentVersion": -1,
    "echartsVersion": "5.1.2",
    "versionCreateTime": "2021-08-11T09:42:03.000Z",
    "html": "",
    "externalScripts": "",
    "updaterUID": "obd-oCXci_RolYUjjHLA-X4-aSYX89tcP3h",
    "theme": "",
    "layout": "",
    "viewCount": 0,
    "userName": "157*****625",
    "commentCount": 0,
    "starCount": 4,
    "isStared": 0,
    "thumbnailURL": "https://www.makeapie.com/ecg-storage/ec_gallery_thumbnail/x4gTNLXEy4.png?v=1628674923574",
    "isCustomThumbnail": 0,
    "builtinTags": [
        "category-work",
        "dataset",
        "grid",
        "legend",
        "series-bar",
        "series-line",
        "title",
        "tooltip"
    ],
    "customTags": [],
    "updaterUserName": "157*****625"
}