{
    "cid": "x4NMMhI5ZC",
    "authorUid": "bd-998331607",
    "authorUserName": "衢***傲",
    "title": "饼图",
    "description": "",
    "latestVersion": 2,
    "alwaysLatest": 0,
    "createTime": "2021-08-10T12:12:31.000Z",
    "lastUpdateTime": "2021-08-10T12:35:41.000Z",
    "auth": 2,
    "uid": "bd-998331607",
    "publishedVersion": 0,
    "forkFrom": "-",
    "isSpam": 0,
    "version": 2,
    "parentVersion": 1,
    "echartsVersion": "5.1.2",
    "versionCreateTime": "2021-08-10T12:35:41.000Z",
    "html": "",
    "externalScripts": "",
    "updaterUID": "bd-998331607",
    "theme": "",
    "layout": "",
    "viewCount": 0,
    "userName": "衢***傲",
    "commentCount": 0,
    "starCount": 0,
    "isStared": 0,
    "thumbnailURL": "https://www.makeapie.com/ecg-storage/ec_gallery_thumbnail/x4NMMhI5ZC.png?v=1628598942012",
    "isCustomThumbnail": 0,
    "builtinTags": [
        "category-work",
        "graphic",
        "legend",
        "series-pie",
        "tooltip"
    ],
    "customTags": [],
    "updaterUserName": "衢***傲"
}