{
    "cid": "xbofy_meqI",
    "authorUid": "obd-o049K6rsdqi2LsCosRhqiLbT8R5o6F9",
    "authorUserName": "水***枂",
    "title": "动态折线图",
    "description": "",
    "latestVersion": 1,
    "alwaysLatest": 0,
    "createTime": "2021-08-11T02:16:33.000Z",
    "lastUpdateTime": "2021-08-11T02:16:33.000Z",
    "auth": 2,
    "uid": "obd-o049K6rsdqi2LsCosRhqiLbT8R5o6F9",
    "publishedVersion": 0,
    "forkFrom": "-",
    "isSpam": 0,
    "version": 1,
    "parentVersion": -1,
    "echartsVersion": "5.1.2",
    "versionCreateTime": "2021-08-11T02:16:33.000Z",
    "html": "",
    "externalScripts": "",
    "updaterUID": "obd-o049K6rsdqi2LsCosRhqiLbT8R5o6F9",
    "theme": "",
    "layout": "",
    "viewCount": 0,
    "userName": "水***枂",
    "commentCount": 0,
    "starCount": 2,
    "isStared": 0,
    "thumbnailURL": "https://www.makeapie.com/ecg-storage/ec_gallery_thumbnail/xbofy_meqI.png?v=1628648193635",
    "isCustomThumbnail": 0,
    "builtinTags": [
        "category-work",
        "dataZoom",
        "grid",
        "legend",
        "markPoint",
        "series-line",
        "tooltip"
    ],
    "customTags": [],
    "updaterUserName": "水***枂"
}