{
    "cid": "xII65sIuO9",
    "authorUid": "obd-o-He_rlu8MGIgFNZUktrDyKlAyNNiAh",
    "authorUserName": "爱***波",
    "title": "展示信息过多时，分批展示",
    "description": "",
    "latestVersion": 2,
    "alwaysLatest": 0,
    "createTime": "2021-08-11T02:07:33.000Z",
    "lastUpdateTime": "2021-08-11T03:11:44.000Z",
    "auth": 2,
    "uid": "obd-o-He_rlu8MGIgFNZUktrDyKlAyNNiAh",
    "publishedVersion": 0,
    "forkFrom": "-",
    "isSpam": 0,
    "version": 2,
    "parentVersion": 1,
    "echartsVersion": "5.1.2",
    "versionCreateTime": "2021-08-11T03:11:44.000Z",
    "html": "",
    "externalScripts": "",
    "updaterUID": "obd-o-He_rlu8MGIgFNZUktrDyKlAyNNiAh",
    "theme": "",
    "layout": "",
    "viewCount": 0,
    "userName": "爱***波",
    "commentCount": 0,
    "starCount": 10,
    "isStared": 0,
    "thumbnailURL": "https://www.makeapie.com/ecg-storage/ec_gallery_thumbnail/xII65sIuO9.png?v=1628651504491",
    "isCustomThumbnail": 0,
    "builtinTags": [
        "category-work",
        "grid",
        "series-graph",
        "series-lines",
        "series-pie",
        "title"
    ],
    "customTags": [],
    "updaterUserName": "爱***波"
}