{
    "cid": "xIORJvuKyi",
    "authorUid": "obd-ol2AVedMd7qDGt9iofj97qxnlosju0E",
    "authorUserName": "f***h",
    "title": "双柱曲线图",
    "description": "根据本站大佬的作品做了配色改动",
    "latestVersion": 1,
    "alwaysLatest": 0,
    "createTime": "2021-08-11T08:38:18.000Z",
    "lastUpdateTime": "2021-08-11T08:38:18.000Z",
    "auth": 2,
    "uid": "obd-ol2AVedMd7qDGt9iofj97qxnlosju0E",
    "publishedVersion": 0,
    "forkFrom": "-",
    "isSpam": 0,
    "version": 1,
    "parentVersion": -1,
    "echartsVersion": "5.1.2",
    "versionCreateTime": "2021-08-11T08:38:18.000Z",
    "html": "",
    "externalScripts": "",
    "updaterUID": "obd-ol2AVedMd7qDGt9iofj97qxnlosju0E",
    "theme": "",
    "layout": "",
    "viewCount": 0,
    "userName": "f***h",
    "commentCount": 0,
    "starCount": 1,
    "isStared": 0,
    "thumbnailURL": "https://www.makeapie.com/ecg-storage/ec_gallery_thumbnail/xIORJvuKyi.png?v=1628671098350",
    "isCustomThumbnail": 0,
    "builtinTags": [
        "category-work",
        "grid",
        "legend",
        "series-bar",
        "series-line",
        "toolbox",
        "tooltip"
    ],
    "customTags": [],
    "updaterUserName": "f***h"
}