{
    "cid": "xJ1cqyJzhT",
    "authorUid": "bd-3359884264",
    "authorUserName": "橙***蝎",
    "title": "100%",
    "description": "水球",
    "latestVersion": 1,
    "alwaysLatest": 0,
    "createTime": "2021-08-11T09:03:08.000Z",
    "lastUpdateTime": "2021-08-11T09:03:08.000Z",
    "auth": 2,
    "uid": "bd-3359884264",
    "publishedVersion": 0,
    "forkFrom": "-",
    "isSpam": 0,
    "version": 1,
    "parentVersion": -1,
    "echartsVersion": "5.1.2",
    "versionCreateTime": "2021-08-11T09:03:08.000Z",
    "html": "",
    "externalScripts": "https://cdn.jsdelivr.net/npm/echarts-liquidfill@3/dist/echarts-liquidfill.min.js",
    "updaterUID": "bd-3359884264",
    "theme": "",
    "layout": "",
    "viewCount": 0,
    "userName": "橙***蝎",
    "commentCount": 0,
    "starCount": 6,
    "isStared": 0,
    "thumbnailURL": "https://www.makeapie.com/ecg-storage/ec_gallery_thumbnail/xJ1cqyJzhT.png?v=1628672589066",
    "isCustomThumbnail": 0,
    "builtinTags": [
        "category-work",
        "series-liquidFill",
        "series-pie",
        "title"
    ],
    "customTags": [],
    "updaterUserName": "橙***蝎"
}