{
    "cid": "xjX-ys1rN9",
    "authorUid": "bd-3359884264",
    "authorUserName": "橙***蝎",
    "title": "",
    "description": "",
    "latestVersion": 1,
    "alwaysLatest": 0,
    "createTime": "2021-08-11T11:46:49.000Z",
    "lastUpdateTime": "2021-08-11T11:46:49.000Z",
    "auth": 2,
    "uid": "bd-3359884264",
    "publishedVersion": 0,
    "forkFrom": "-",
    "isSpam": 0,
    "version": 1,
    "parentVersion": -1,
    "echartsVersion": "5.1.2",
    "versionCreateTime": "2021-08-11T11:46:49.000Z",
    "html": "",
    "externalScripts": "",
    "updaterUID": "bd-3359884264",
    "theme": "",
    "layout": "",
    "viewCount": 0,
    "userName": "橙***蝎",
    "commentCount": 0,
    "starCount": 3,
    "isStared": 0,
    "thumbnailURL": "https://www.makeapie.com/ecg-storage/ec_gallery_thumbnail/xjX-ys1rN9.png?v=1628682409443",
    "isCustomThumbnail": 0,
    "builtinTags": [
        "category-work",
        "grid",
        "series-bar",
        "series-pictorialBar"
    ],
    "customTags": [],
    "updaterUserName": "橙***蝎"
}