{
    "cid": "xkR4ZeO3hm",
    "authorUid": "bd-1679308530",
    "authorUserName": "一***醉",
    "title": "柱状图与折线图",
    "description": "",
    "latestVersion": 1,
    "alwaysLatest": 0,
    "createTime": "2021-08-10T06:20:18.000Z",
    "lastUpdateTime": "2021-08-10T06:20:18.000Z",
    "auth": 2,
    "uid": "bd-1679308530",
    "publishedVersion": 0,
    "forkFrom": "-",
    "isSpam": 0,
    "version": 1,
    "parentVersion": -1,
    "echartsVersion": "5.1.2",
    "versionCreateTime": "2021-08-10T06:20:18.000Z",
    "html": "",
    "externalScripts": "",
    "updaterUID": "bd-1679308530",
    "theme": "",
    "layout": "",
    "viewCount": 0,
    "userName": "一***醉",
    "commentCount": 0,
    "starCount": 2,
    "isStared": 0,
    "thumbnailURL": "https://www.makeapie.com/ecg-storage/ec_gallery_thumbnail/xkR4ZeO3hm.png?v=1628576418408",
    "isCustomThumbnail": 0,
    "builtinTags": [
        "category-work",
        "grid",
        "legend",
        "series-bar",
        "series-line",
        "tooltip"
    ],
    "customTags": [],
    "updaterUserName": "一***醉"
}