{
    "cid": "xkSUj0JyKa",
    "authorUid": "obd-oA_F1uK7jxdcrJu9yVHjQsvbiNucn7T",
    "authorUserName": "q***8",
    "title": "进度条",
    "description": "",
    "latestVersion": 2,
    "alwaysLatest": 0,
    "createTime": "2021-08-12T02:58:44.000Z",
    "lastUpdateTime": "2021-08-12T03:03:18.000Z",
    "auth": 1,
    "uid": "obd-oA_F1uK7jxdcrJu9yVHjQsvbiNucn7T",
    "publishedVersion": 0,
    "forkFrom": "-",
    "isSpam": 0,
    "version": 2,
    "parentVersion": 1,
    "echartsVersion": "5.1.2",
    "versionCreateTime": "2021-08-12T03:03:18.000Z",
    "html": "",
    "externalScripts": "",
    "updaterUID": "obd-oA_F1uK7jxdcrJu9yVHjQsvbiNucn7T",
    "theme": "",
    "layout": "",
    "viewCount": 0,
    "userName": "q***8",
    "commentCount": 0,
    "starCount": 5,
    "isStared": 0,
    "thumbnailURL": "https://www.makeapie.com/ecg-storage/ec_gallery_thumbnail/xkSUj0JyKa.png?v=1628737398274",
    "isCustomThumbnail": 0,
    "builtinTags": [
        "category-work",
        "grid",
        "series-bar",
        "tooltip"
    ],
    "customTags": [],
    "updaterUserName": "q***8"
}