{
    "cid": "xlhSx1GMbK",
    "authorUid": "obd-oDCZzhBEhLWKdHKpPIs8laYMtw3yR13",
    "authorUserName": "灬***砖",
    "title": "气泡图 Y轴变汉字中文",
    "description": "",
    "latestVersion": 1,
    "alwaysLatest": 0,
    "createTime": "2021-08-11T03:37:23.000Z",
    "lastUpdateTime": "2021-08-11T03:37:23.000Z",
    "auth": 2,
    "uid": "obd-oDCZzhBEhLWKdHKpPIs8laYMtw3yR13",
    "publishedVersion": 0,
    "forkFrom": "-",
    "isSpam": 0,
    "version": 1,
    "parentVersion": -1,
    "echartsVersion": "5.1.2",
    "versionCreateTime": "2021-08-11T03:37:23.000Z",
    "html": "",
    "externalScripts": "",
    "updaterUID": "obd-oDCZzhBEhLWKdHKpPIs8laYMtw3yR13",
    "theme": "",
    "layout": "",
    "viewCount": 0,
    "userName": "灬***砖",
    "commentCount": 0,
    "starCount": 1,
    "isStared": 0,
    "thumbnailURL": "https://www.makeapie.com/ecg-storage/ec_gallery_thumbnail/xlhSx1GMbK.png?v=1628653043514",
    "isCustomThumbnail": 0,
    "builtinTags": [
        "category-work",
        "grid",
        "legend",
        "series-scatter"
    ],
    "customTags": [],
    "updaterUserName": "灬***砖"
}