{
    "cid": "xqGFFbZO9S",
    "authorUid": "bd-3553659272",
    "authorUserName": "你***来",
    "title": "多点图？",
    "description": "",
    "latestVersion": 3,
    "alwaysLatest": 0,
    "createTime": "2021-08-11T02:22:21.000Z",
    "lastUpdateTime": "2021-08-11T07:55:53.000Z",
    "auth": 2,
    "uid": "bd-3553659272",
    "publishedVersion": 0,
    "forkFrom": "-",
    "isSpam": 0,
    "version": 3,
    "parentVersion": 2,
    "echartsVersion": "4.0.0",
    "versionCreateTime": "2021-08-11T07:55:53.000Z",
    "html": "",
    "externalScripts": "",
    "updaterUID": "bd-3553659272",
    "theme": "",
    "layout": "",
    "viewCount": 0,
    "userName": "你***来",
    "commentCount": 0,
    "starCount": 0,
    "isStared": 0,
    "thumbnailURL": "https://www.makeapie.com/ecg-storage/ec_gallery_thumbnail/xqGFFbZO9S.png?v=1628668553603",
    "isCustomThumbnail": 0,
    "builtinTags": [
        "category-work",
        "grid",
        "legend",
        "series-scatter",
        "tooltip"
    ],
    "customTags": [],
    "updaterUserName": "你***来"
}