{
    "cid": "xWk0jLc7fg",
    "authorUid": "obd-oAFgu6EERIikeH2xC5OA2aR8IonI-7d",
    "authorUserName": "余***教",
    "title": "动态饼图",
    "description": "",
    "latestVersion": 1,
    "alwaysLatest": 1,
    "createTime": "2021-08-11T14:21:17.000Z",
    "lastUpdateTime": "2021-08-11T14:21:17.000Z",
    "auth": 2,
    "uid": "obd-oAFgu6EERIikeH2xC5OA2aR8IonI-7d",
    "publishedVersion": 0,
    "forkFrom": "-",
    "isSpam": 0,
    "version": 1,
    "parentVersion": -1,
    "echartsVersion": "5.1.2",
    "versionCreateTime": "2021-08-11T14:21:17.000Z",
    "html": "",
    "externalScripts": "",
    "updaterUID": "obd-oAFgu6EERIikeH2xC5OA2aR8IonI-7d",
    "theme": "",
    "layout": "",
    "viewCount": 0,
    "userName": "余***教",
    "commentCount": 0,
    "starCount": 0,
    "isStared": 0,
    "thumbnailURL": "https://www.makeapie.com/ecg-storage/ec_gallery_thumbnail/xWk0jLc7fg.png?v=1628691677708",
    "isCustomThumbnail": 0,
    "builtinTags": [
        "category-work",
        "series-pie",
        "tooltip"
    ],
    "customTags": [],
    "updaterUserName": "余***教"
}