{
    "cid": "xx3PrYSa0h",
    "authorUid": "obd-oDCZzhBEhLWKdHKpPIs8laYMtw3yR13",
    "authorUserName": "灬***砖",
    "title": "横向斜边柱状图",
    "description": "",
    "latestVersion": 4,
    "alwaysLatest": 0,
    "createTime": "2021-08-11T03:26:42.000Z",
    "lastUpdateTime": "2021-08-20T07:39:43.000Z",
    "auth": 2,
    "uid": "obd-oDCZzhBEhLWKdHKpPIs8laYMtw3yR13",
    "publishedVersion": 0,
    "forkFrom": "-",
    "isSpam": 0,
    "version": 4,
    "parentVersion": 3,
    "echartsVersion": "5.1.2",
    "versionCreateTime": "2021-08-20T07:39:43.000Z",
    "html": "",
    "externalScripts": "",
    "updaterUID": "obd-oDCZzhBEhLWKdHKpPIs8laYMtw3yR13",
    "theme": "",
    "layout": "",
    "viewCount": 0,
    "userName": "灬***砖",
    "commentCount": 0,
    "starCount": 5,
    "isStared": 0,
    "thumbnailURL": "https://www.makeapie.com/ecg-storage/ec_gallery_thumbnail/xx3PrYSa0h.png?v=1629445183794",
    "isCustomThumbnail": 0,
    "builtinTags": [
        "category-work",
        "grid",
        "series-bar",
        "series-pictorialBar"
    ],
    "customTags": [],
    "updaterUserName": "灬***砖"
}