{
    "cid": "xYZ7vt8GYj",
    "authorUid": "bd-1679308530",
    "authorUserName": "一***醉",
    "title": "统一label位置的饼图",
    "description": "",
    "latestVersion": 1,
    "alwaysLatest": 1,
    "createTime": "2021-08-10T06:13:27.000Z",
    "lastUpdateTime": "2021-08-10T06:13:27.000Z",
    "auth": 2,
    "uid": "bd-1679308530",
    "publishedVersion": 0,
    "forkFrom": "-",
    "isSpam": 0,
    "version": 1,
    "parentVersion": -1,
    "echartsVersion": "5.1.2",
    "versionCreateTime": "2021-08-10T06:13:27.000Z",
    "html": "",
    "externalScripts": "",
    "updaterUID": "bd-1679308530",
    "theme": "",
    "layout": "",
    "viewCount": 0,
    "userName": "一***醉",
    "commentCount": 0,
    "starCount": 0,
    "isStared": 0,
    "thumbnailURL": "https://www.makeapie.com/ecg-storage/ec_gallery_thumbnail/xYZ7vt8GYj.png?v=1628576007466",
    "isCustomThumbnail": 0,
    "builtinTags": [
        "category-work",
        "legend",
        "series-pie"
    ],
    "customTags": [],
    "updaterUserName": "一***醉"
}