{
    "cid": "xZdBMXnKx9",
    "authorUid": "obd-o25gdjGDZdA41bnhWgcbt8cYcm_quBD",
    "authorUserName": "a***代",
    "title": "立体圆柱",
    "description": "",
    "latestVersion": 7,
    "alwaysLatest": 0,
    "createTime": "2021-08-11T04:07:43.000Z",
    "lastUpdateTime": "2021-08-11T08:48:41.000Z",
    "auth": 2,
    "uid": "obd-o25gdjGDZdA41bnhWgcbt8cYcm_quBD",
    "publishedVersion": 0,
    "forkFrom": "-",
    "isSpam": 0,
    "version": 7,
    "parentVersion": 6,
    "echartsVersion": "4.9.0",
    "versionCreateTime": "2021-08-11T08:48:41.000Z",
    "html": "",
    "externalScripts": "",
    "updaterUID": "obd-o25gdjGDZdA41bnhWgcbt8cYcm_quBD",
    "theme": "",
    "layout": "",
    "viewCount": 0,
    "userName": "a***代",
    "commentCount": 0,
    "starCount": 0,
    "isStared": 0,
    "thumbnailURL": "https://www.makeapie.com/ecg-storage/ec_gallery_thumbnail/xZdBMXnKx9.png?v=1628671721395",
    "isCustomThumbnail": 0,
    "builtinTags": [
        "category-work",
        "grid",
        "series-bar",
        "series-pictorialBar",
        "tooltip"
    ],
    "customTags": [
        "bar",
        "pictorialBar"
    ],
    "updaterUserName": "a***代"
}