{
    "cid": "x-sanrshdA",
    "authorUid": "obd-o2Uq48DS8VVe30Eo4Mzq2csfOGk3560",
    "authorUserName": "叫***e",
    "title": "百分比",
    "description": "处置率",
    "latestVersion": 1,
    "alwaysLatest": 0,
    "createTime": "2021-12-16T02:32:57.000Z",
    "lastUpdateTime": "2021-12-16T02:32:57.000Z",
    "auth": 2,
    "uid": "obd-o2Uq48DS8VVe30Eo4Mzq2csfOGk3560",
    "publishedVersion": 0,
    "forkFrom": "-",
    "isSpam": 0,
    "version": 1,
    "parentVersion": -1,
    "echartsVersion": "5.2.2",
    "versionCreateTime": "2021-12-16T02:32:57.000Z",
    "html": "",
    "externalScripts": "",
    "updaterUID": "obd-o2Uq48DS8VVe30Eo4Mzq2csfOGk3560",
    "theme": "",
    "layout": "",
    "viewCount": 0,
    "userName": "叫***e",
    "commentCount": 0,
    "starCount": 0,
    "isStared": 0,
    "thumbnailURL": "https://www.makeapie.com/ecg-storage/ec_gallery_thumbnail/x-sanrshdA.png?v=1639621977533",
    "isCustomThumbnail": 0,
    "builtinTags": [
        "category-work",
        "grid",
        "series-gauge",
        "series-pie",
        "title"
    ],
    "customTags": [],
    "updaterUserName": "叫***e"
}