{
    "cid": "x1x5oyR_wH",
    "authorUid": "bd-2451952737",
    "authorUserName": "马***6",
    "title": "柱图",
    "description": "",
    "latestVersion": 2,
    "alwaysLatest": 0,
    "createTime": "2021-12-16T10:30:37.000Z",
    "lastUpdateTime": "2022-01-05T06:18:42.000Z",
    "auth": 2,
    "uid": "bd-2451952737",
    "publishedVersion": 0,
    "forkFrom": "-",
    "isSpam": 0,
    "version": 2,
    "parentVersion": 1,
    "echartsVersion": "5.2.2",
    "versionCreateTime": "2022-01-05T06:18:42.000Z",
    "html": "",
    "externalScripts": "",
    "updaterUID": "bd-2451952737",
    "theme": "",
    "layout": "",
    "viewCount": 0,
    "userName": "马***6",
    "commentCount": 0,
    "starCount": 1,
    "isStared": 0,
    "thumbnailURL": "https://www.makeapie.com/ecg-storage/ec_gallery_thumbnail/x1x5oyR_wH.png?v=1641363522142",
    "isCustomThumbnail": 0,
    "builtinTags": [
        "category-work",
        "grid",
        "series-bar",
        "tooltip"
    ],
    "customTags": [],
    "updaterUserName": "马***6"
}