{
    "cid": "x9xiKzdi5i",
    "authorUid": "obd-oMNz0H5OyA5mGz9RVi0b5w_oDu4D-21",
    "authorUserName": "133******48",
    "title": "南丁格尔玫瑰图",
    "description": "",
    "latestVersion": 1,
    "alwaysLatest": 0,
    "createTime": "2021-12-16T08:09:43.000Z",
    "lastUpdateTime": "2021-12-16T08:09:43.000Z",
    "auth": 2,
    "uid": "obd-oMNz0H5OyA5mGz9RVi0b5w_oDu4D-21",
    "publishedVersion": 0,
    "forkFrom": "-",
    "isSpam": 0,
    "version": 1,
    "parentVersion": -1,
    "echartsVersion": "5.2.2",
    "versionCreateTime": "2021-12-16T08:09:43.000Z",
    "html": "",
    "externalScripts": "",
    "updaterUID": "obd-oMNz0H5OyA5mGz9RVi0b5w_oDu4D-21",
    "theme": "",
    "layout": "",
    "viewCount": 0,
    "userName": "133******48",
    "commentCount": 0,
    "starCount": 0,
    "isStared": 0,
    "thumbnailURL": "https://www.makeapie.com/ecg-storage/ec_gallery_thumbnail/x9xiKzdi5i.png?v=1639642183614",
    "isCustomThumbnail": 0,
    "builtinTags": [
        "category-work",
        "legend",
        "series-pie",
        "title",
        "tooltip"
    ],
    "customTags": [],
    "updaterUserName": "133******48"
}