{
    "cid": "xaLieL3Z2o",
    "authorUid": "obd-oPmyeC9GRYgAEGy-MF55FSKzrYsXM9P",
    "authorUserName": "e***昭",
    "title": "哒哒哒",
    "description": "哒哒哒",
    "latestVersion": 1,
    "alwaysLatest": 0,
    "createTime": "2021-12-16T05:44:53.000Z",
    "lastUpdateTime": "2021-12-16T05:44:53.000Z",
    "auth": 2,
    "uid": "obd-oPmyeC9GRYgAEGy-MF55FSKzrYsXM9P",
    "publishedVersion": 0,
    "forkFrom": "-",
    "isSpam": 0,
    "version": 1,
    "parentVersion": -1,
    "echartsVersion": "5.2.2",
    "versionCreateTime": "2021-12-16T05:44:53.000Z",
    "html": "",
    "externalScripts": "",
    "updaterUID": "obd-oPmyeC9GRYgAEGy-MF55FSKzrYsXM9P",
    "theme": "",
    "layout": "",
    "viewCount": 0,
    "userName": "e***昭",
    "commentCount": 0,
    "starCount": 0,
    "isStared": 0,
    "thumbnailURL": "https://www.makeapie.com/ecg-storage/ec_gallery_thumbnail/xaLieL3Z2o.png?v=1639633493920",
    "isCustomThumbnail": 0,
    "builtinTags": [
        "category-work",
        "dataZoom",
        "grid",
        "legend",
        "series-bar",
        "series-line",
        "title",
        "toolbox",
        "tooltip"
    ],
    "customTags": [],
    "updaterUserName": "e***昭"
}