{
    "cid": "xBachUI89y",
    "authorUid": "obd-oDJaXOcp04afCdkgE8LxlbX9kzxXl1W",
    "authorUserName": "Y***Z",
    "title": "交错正负轴小清新柱状图",
    "description": "交错正负轴小清新柱状图",
    "latestVersion": 1,
    "alwaysLatest": 0,
    "createTime": "2021-12-16T06:44:59.000Z",
    "lastUpdateTime": "2021-12-16T06:44:59.000Z",
    "auth": 2,
    "uid": "obd-oDJaXOcp04afCdkgE8LxlbX9kzxXl1W",
    "publishedVersion": 0,
    "forkFrom": "-",
    "isSpam": 0,
    "version": 1,
    "parentVersion": -1,
    "echartsVersion": "5.2.2",
    "versionCreateTime": "2021-12-16T06:44:59.000Z",
    "html": "",
    "externalScripts": "",
    "updaterUID": "obd-oDJaXOcp04afCdkgE8LxlbX9kzxXl1W",
    "theme": "",
    "layout": "",
    "viewCount": 0,
    "userName": "Y***Z",
    "commentCount": 0,
    "starCount": 2,
    "isStared": 0,
    "thumbnailURL": "https://www.makeapie.com/ecg-storage/ec_gallery_thumbnail/xBachUI89y.png?v=1639637099700",
    "isCustomThumbnail": 0,
    "builtinTags": [
        "category-work",
        "grid",
        "legend",
        "series-bar"
    ],
    "customTags": [],
    "updaterUserName": "Y***Z"
}