{
    "cid": "xdnFf9wDZp",
    "authorUid": "obd-ojwkMg9UFHcVnY22-QsFXNjrHYqw8Ea",
    "authorUserName": "a***x",
    "title": "数分知识",
    "description": "",
    "latestVersion": 2,
    "alwaysLatest": 0,
    "createTime": "2021-12-16T03:33:25.000Z",
    "lastUpdateTime": "2021-12-18T02:10:19.000Z",
    "auth": 2,
    "uid": "obd-ojwkMg9UFHcVnY22-QsFXNjrHYqw8Ea",
    "publishedVersion": 0,
    "forkFrom": "-",
    "isSpam": 0,
    "version": 2,
    "parentVersion": 1,
    "echartsVersion": "5.2.2",
    "versionCreateTime": "2021-12-18T02:10:19.000Z",
    "html": "",
    "externalScripts": "",
    "updaterUID": "obd-ojwkMg9UFHcVnY22-QsFXNjrHYqw8Ea",
    "theme": "",
    "layout": "",
    "viewCount": 0,
    "userName": "a***x",
    "commentCount": 0,
    "starCount": 1,
    "isStared": 0,
    "thumbnailURL": "https://www.makeapie.com/ecg-storage/ec_gallery_thumbnail/xdnFf9wDZp.png?v=1639793419261",
    "isCustomThumbnail": 0,
    "builtinTags": [
        "category-work",
        "grid",
        "series-bar",
        "title"
    ],
    "customTags": [],
    "updaterUserName": "a***x"
}