{
    "cid": "xGHm7FG8zn",
    "authorUid": "obd-o2SaVZ-cvP7zJfGmr9kgcph2k8Tju6R",
    "authorUserName": "166******64",
    "title": "",
    "description": "",
    "latestVersion": 3,
    "alwaysLatest": 0,
    "createTime": "2021-12-16T04:07:40.000Z",
    "lastUpdateTime": "2021-12-16T06:28:42.000Z",
    "auth": 2,
    "uid": "obd-o2SaVZ-cvP7zJfGmr9kgcph2k8Tju6R",
    "publishedVersion": 0,
    "forkFrom": "-",
    "isSpam": 0,
    "version": 3,
    "parentVersion": 2,
    "echartsVersion": "4.9.0",
    "versionCreateTime": "2021-12-16T06:28:42.000Z",
    "html": "",
    "externalScripts": "",
    "updaterUID": "obd-o2SaVZ-cvP7zJfGmr9kgcph2k8Tju6R",
    "theme": "",
    "layout": "",
    "viewCount": 0,
    "userName": "166******64",
    "commentCount": 0,
    "starCount": 0,
    "isStared": 0,
    "thumbnailURL": "https://www.makeapie.com/ecg-storage/ec_gallery_thumbnail/xGHm7FG8zn.png?v=1639636122795",
    "isCustomThumbnail": 0,
    "builtinTags": [
        "category-work",
        "series-gauge",
        "series-pie",
        "toolbox"
    ],
    "customTags": [],
    "updaterUserName": "166******64"
}