{
    "cid": "xHqgP-aV2v",
    "authorUid": "obd-oA7gT1wTmzoTVTL70X6kxk0e-kQVs7W",
    "authorUserName": "V***q",
    "title": "百分比 - 静态圆环",
    "description": "",
    "latestVersion": 1,
    "alwaysLatest": 0,
    "createTime": "2021-12-15T10:42:33.000Z",
    "lastUpdateTime": "2021-12-15T10:42:33.000Z",
    "auth": 2,
    "uid": "obd-oA7gT1wTmzoTVTL70X6kxk0e-kQVs7W",
    "publishedVersion": 0,
    "forkFrom": "-",
    "isSpam": 0,
    "version": 1,
    "parentVersion": -1,
    "echartsVersion": "5.2.2",
    "versionCreateTime": "2021-12-15T10:42:33.000Z",
    "html": "",
    "externalScripts": "",
    "updaterUID": "obd-oA7gT1wTmzoTVTL70X6kxk0e-kQVs7W",
    "theme": "",
    "layout": "",
    "viewCount": 0,
    "userName": "V***q",
    "commentCount": 0,
    "starCount": 1,
    "isStared": 0,
    "thumbnailURL": "https://www.makeapie.com/ecg-storage/ec_gallery_thumbnail/xHqgP-aV2v.png?v=1639564953948",
    "isCustomThumbnail": 0,
    "builtinTags": [
        "category-work",
        "series-pie",
        "title"
    ],
    "customTags": [],
    "updaterUserName": "V***q"
}