{
    "cid": "xjwQkLifGV",
    "authorUid": "obd-oN6D-m6oOgog1ap8g2xNcaUy-nYCTCe",
    "authorUserName": "有***4",
    "title": "费用统计-堆叠柱状图",
    "description": "",
    "latestVersion": 1,
    "alwaysLatest": 0,
    "createTime": "2021-12-16T03:04:45.000Z",
    "lastUpdateTime": "2021-12-16T03:04:45.000Z",
    "auth": 2,
    "uid": "obd-oN6D-m6oOgog1ap8g2xNcaUy-nYCTCe",
    "publishedVersion": 0,
    "forkFrom": "-",
    "isSpam": 0,
    "version": 1,
    "parentVersion": -1,
    "echartsVersion": "5.2.2",
    "versionCreateTime": "2021-12-16T03:04:45.000Z",
    "html": "",
    "externalScripts": "",
    "updaterUID": "obd-oN6D-m6oOgog1ap8g2xNcaUy-nYCTCe",
    "theme": "",
    "layout": "",
    "viewCount": 0,
    "userName": "有***4",
    "commentCount": 0,
    "starCount": 2,
    "isStared": 0,
    "thumbnailURL": "https://www.makeapie.com/ecg-storage/ec_gallery_thumbnail/xjwQkLifGV.png?v=1639623885737",
    "isCustomThumbnail": 0,
    "builtinTags": [
        "category-work",
        "grid",
        "series-bar",
        "title",
        "tooltip"
    ],
    "customTags": [],
    "updaterUserName": "有***4"
}