{
    "cid": "xLuBM3tTG6",
    "authorUid": "bd-1397440702",
    "authorUserName": "泰***人",
    "title": "花朵",
    "description": "花朵",
    "latestVersion": 1,
    "alwaysLatest": 0,
    "createTime": "2021-12-16T09:43:01.000Z",
    "lastUpdateTime": "2021-12-16T09:43:01.000Z",
    "auth": 2,
    "uid": "bd-1397440702",
    "publishedVersion": 0,
    "forkFrom": "-",
    "isSpam": 0,
    "version": 1,
    "parentVersion": -1,
    "echartsVersion": "5.2.2",
    "versionCreateTime": "2021-12-16T09:43:01.000Z",
    "html": "",
    "externalScripts": "",
    "updaterUID": "bd-1397440702",
    "theme": "",
    "layout": "",
    "viewCount": 0,
    "userName": "泰***人",
    "commentCount": 0,
    "starCount": 1,
    "isStared": 0,
    "thumbnailURL": "https://www.makeapie.com/ecg-storage/ec_gallery_thumbnail/xLuBM3tTG6.png?v=1639647782027",
    "isCustomThumbnail": 0,
    "builtinTags": [
        "category-work",
        "legend",
        "series-pie",
        "toolbox"
    ],
    "customTags": [],
    "updaterUserName": "泰***人"
}