{
    "cid": "xO55LoBsg9",
    "authorUid": "obd-oji2kmNAFxhtORCvyiphsFz1ZPq-eEJ",
    "authorUserName": "愛***A",
    "title": "Dada测试迁徙图",
    "description": "自己玩的",
    "latestVersion": 3,
    "alwaysLatest": 0,
    "createTime": "2021-12-15T10:39:20.000Z",
    "lastUpdateTime": "2021-12-16T08:03:50.000Z",
    "auth": 2,
    "uid": "obd-oji2kmNAFxhtORCvyiphsFz1ZPq-eEJ",
    "publishedVersion": 0,
    "forkFrom": "-",
    "isSpam": 0,
    "version": 3,
    "parentVersion": 2,
    "echartsVersion": "4.2.1",
    "versionCreateTime": "2021-12-16T08:03:50.000Z",
    "html": "",
    "externalScripts": "/dep/echarts/map/js/china.js",
    "updaterUID": "obd-oji2kmNAFxhtORCvyiphsFz1ZPq-eEJ",
    "theme": "",
    "layout": "",
    "viewCount": 0,
    "userName": "愛***A",
    "commentCount": 0,
    "starCount": 0,
    "isStared": 0,
    "thumbnailURL": "https://www.makeapie.com/ecg-storage/ec_gallery_thumbnail/xO55LoBsg9.png?v=1639641830525",
    "isCustomThumbnail": 0,
    "builtinTags": [
        "category-work",
        "geo",
        "legend",
        "series-effectScatter",
        "series-lines",
        "title",
        "tooltip"
    ],
    "customTags": [],
    "updaterUserName": "愛***A"
}