{
    "cid": "xtkc_VZSlw",
    "authorUid": "obd-olzp8syZ1rM1ify0FY_v5m3QEbePN0Q",
    "authorUserName": "q***7",
    "title": "作业进度",
    "description": "",
    "latestVersion": 1,
    "alwaysLatest": 0,
    "createTime": "2021-12-16T06:30:41.000Z",
    "lastUpdateTime": "2021-12-16T06:30:41.000Z",
    "auth": 2,
    "uid": "obd-olzp8syZ1rM1ify0FY_v5m3QEbePN0Q",
    "publishedVersion": 0,
    "forkFrom": "-",
    "isSpam": 0,
    "version": 1,
    "parentVersion": -1,
    "echartsVersion": "5.2.2",
    "versionCreateTime": "2021-12-16T06:30:41.000Z",
    "html": "",
    "externalScripts": "",
    "updaterUID": "obd-olzp8syZ1rM1ify0FY_v5m3QEbePN0Q",
    "theme": "",
    "layout": "",
    "viewCount": 0,
    "userName": "q***7",
    "commentCount": 0,
    "starCount": 0,
    "isStared": 0,
    "thumbnailURL": "https://www.makeapie.com/ecg-storage/ec_gallery_thumbnail/xtkc_VZSlw.png?v=1639636242014",
    "isCustomThumbnail": 0,
    "builtinTags": [
        "category-work",
        "polar",
        "series-bar",
        "series-pie",
        "title"
    ],
    "customTags": [],
    "updaterUserName": "q***7"
}