{
    "cid": "xVsr2pZId3",
    "authorUid": "obd-oC-cLc_4zUPi-M8I5miGKuohhEW6u3t",
    "authorUserName": "沁***代",
    "title": "Large Area Chart",
    "description": "",
    "latestVersion": 1,
    "alwaysLatest": 0,
    "createTime": "2021-12-16T09:29:20.000Z",
    "lastUpdateTime": "2021-12-16T09:29:20.000Z",
    "auth": 2,
    "uid": "obd-oC-cLc_4zUPi-M8I5miGKuohhEW6u3t",
    "publishedVersion": 0,
    "forkFrom": "-",
    "isSpam": 0,
    "version": 1,
    "parentVersion": -1,
    "echartsVersion": "5.2.2",
    "versionCreateTime": "2021-12-16T09:29:20.000Z",
    "html": "",
    "externalScripts": "",
    "updaterUID": "obd-oC-cLc_4zUPi-M8I5miGKuohhEW6u3t",
    "theme": "",
    "layout": "",
    "viewCount": 0,
    "userName": "沁***代",
    "commentCount": 0,
    "starCount": 0,
    "isStared": 0,
    "thumbnailURL": "https://www.makeapie.com/ecg-storage/ec_gallery_thumbnail/xVsr2pZId3.png?v=1639646960262",
    "isCustomThumbnail": 0,
    "builtinTags": [
        "category-work",
        "dataZoom",
        "grid",
        "series-line",
        "title",
        "tooltip"
    ],
    "customTags": [],
    "updaterUserName": "沁***代"
}