{
    "cid": "xB1-ayVW1G",
    "authorUid": "bd-3816780760",
    "authorUserName": "54662LN",
    "title": "",
    "description": "",
    "latestVersion": 1,
    "alwaysLatest": 1,
    "createTime": "2017-11-09T01:30:33.000Z",
    "lastUpdateTime": "2017-11-09T01:30:33.000Z",
    "auth": 2,
    "uid": "bd-3816780760",
    "publishedVersion": 0,
    "forkFrom": "-",
    "isSpam": 0,
    "version": 1,
    "parentVersion": -1,
    "echartsVersion": "3.8.0",
    "versionCreateTime": "2017-11-09T01:30:33.000Z",
    "html": "",
    "externalScripts": "",
    "updaterUID": "bd-3816780760",
    "theme": "",
    "layout": "",
    "viewCount": 2240,
    "userName": "54662LN",
    "commentCount": 0,
    "starCount": 13,
    "isStared": 0,
    "thumbnailURL": "https://www.makeapie.com/ecg-storage/ec_gallery_thumbnail/xB1-ayVW1G.png?v=1510191033577",
    "isCustomThumbnail": 0,
    "builtinTags": [
        "category-work",
        "grid",
        "legend",
        "series-bar",
        "series-line",
        "series-pictorialBar",
        "tooltip"
    ],
    "customTags": [],
    "updaterUserName": "54662LN"
}