{
    "cid": "xB11-kWfkG",
    "authorUid": "bd-738227457",
    "authorUserName": "woxicjr",
    "title": "Sankey Diagram",
    "description": "",
    "latestVersion": 2,
    "alwaysLatest": 1,
    "createTime": "2017-11-09T16:14:46.000Z",
    "lastUpdateTime": "2017-11-09T16:14:46.000Z",
    "auth": 2,
    "uid": "bd-738227457",
    "publishedVersion": 0,
    "forkFrom": "-",
    "isSpam": 0,
    "version": 2,
    "parentVersion": 1,
    "echartsVersion": "3.8.0",
    "versionCreateTime": "2017-11-16T16:10:07.000Z",
    "html": "",
    "externalScripts": "",
    "updaterUID": "bd-738227457",
    "theme": "vintage",
    "layout": "",
    "viewCount": 2985,
    "userName": "woxicjr",
    "commentCount": 1,
    "starCount": 2,
    "isStared": 0,
    "thumbnailURL": "https://www.makeapie.com/ecg-storage/ec_gallery_thumbnail/xB11-kWfkG.png?v=1510848608000",
    "isCustomThumbnail": 0,
    "builtinTags": [
        "category-work",
        "series-sankey",
        "title",
        "tooltip"
    ],
    "customTags": [],
    "updaterUserName": "woxicjr"
}