{
    "cid": "xBy0D4-7yG",
    "authorUid": "bd-3797122409",
    "authorUserName": "小璟橙",
    "title": "天气情况统计",
    "description": "虚构数据",
    "latestVersion": 1,
    "alwaysLatest": 1,
    "createTime": "2017-11-10T10:50:13.000Z",
    "lastUpdateTime": "2017-11-10T10:50:13.000Z",
    "auth": 2,
    "uid": "bd-3797122409",
    "publishedVersion": 0,
    "forkFrom": "-",
    "isSpam": 0,
    "version": 1,
    "parentVersion": -1,
    "echartsVersion": "3.8.0",
    "versionCreateTime": "2017-11-10T10:50:13.000Z",
    "html": "",
    "externalScripts": "",
    "updaterUID": "bd-3797122409",
    "theme": "",
    "layout": "",
    "viewCount": 315,
    "userName": "小璟橙",
    "commentCount": 0,
    "starCount": 2,
    "isStared": 0,
    "thumbnailURL": "https://www.makeapie.com/ecg-storage/ec_gallery_thumbnail/xBy0D4-7yG.png?v=1510311013847",
    "isCustomThumbnail": 0,
    "builtinTags": [
        "category-work",
        "legend",
        "series-pie",
        "title",
        "tooltip"
    ],
    "customTags": [],
    "updaterUserName": "小璟橙"
}