{
    "cid": "xBytKQqGJf",
    "authorUid": "bd-1920296508",
    "authorUserName": "涛涛与妍妍",
    "title": "linear",
    "description": "",
    "latestVersion": 1,
    "alwaysLatest": 1,
    "createTime": "2017-11-10T02:48:33.000Z",
    "lastUpdateTime": "2017-11-10T02:48:33.000Z",
    "auth": 2,
    "uid": "bd-1920296508",
    "publishedVersion": 0,
    "forkFrom": "-",
    "isSpam": 0,
    "version": 1,
    "parentVersion": -1,
    "echartsVersion": "3.8.0",
    "versionCreateTime": "2017-11-10T02:48:33.000Z",
    "html": "",
    "externalScripts": "",
    "updaterUID": "bd-1920296508",
    "theme": "macarons",
    "layout": "",
    "viewCount": 239,
    "userName": "涛涛与妍妍",
    "commentCount": 0,
    "starCount": 1,
    "isStared": 0,
    "thumbnailURL": "https://www.makeapie.com/ecg-storage/ec_gallery_thumbnail/xBytKQqGJf.png?v=1510282113688",
    "isCustomThumbnail": 0,
    "builtinTags": [
        "category-work",
        "grid",
        "series-line",
        "title"
    ],
    "customTags": [],
    "updaterUserName": "涛涛与妍妍"
}