{
    "cid": "xH1gkBAfkz",
    "authorUid": "bd-1813650783",
    "authorUserName": "y***8",
    "title": "点击button切换数据源",
    "description": "通过点击底部的两个按钮，获取索引值，然后传进来给图表，这里我暂时用定时器模拟点击事件",
    "latestVersion": 1,
    "alwaysLatest": 1,
    "createTime": "2017-11-10T07:27:20.000Z",
    "lastUpdateTime": "2017-11-10T07:27:20.000Z",
    "auth": 2,
    "uid": "bd-1813650783",
    "publishedVersion": 0,
    "forkFrom": "-",
    "isSpam": 0,
    "version": 1,
    "parentVersion": -1,
    "echartsVersion": "3.8.0",
    "versionCreateTime": "2017-11-10T07:27:20.000Z",
    "html": "",
    "externalScripts": "",
    "updaterUID": "bd-1813650783",
    "theme": "",
    "layout": "",
    "viewCount": 226,
    "userName": "y***8",
    "commentCount": 0,
    "starCount": 0,
    "isStared": 0,
    "thumbnailURL": "https://www.makeapie.com/ecg-storage/ec_gallery_thumbnail/xH1gkBAfkz.png?v=1510298840304",
    "isCustomThumbnail": 0,
    "builtinTags": [
        "category-work",
        "grid",
        "series-line",
        "title"
    ],
    "customTags": [],
    "updaterUserName": "y***8"
}