{
    "cid": "xH1huacW1z",
    "authorUid": "bd-1813650783",
    "authorUserName": "y***8",
    "title": "数据相差100 标红",
    "description": "折线两者的数据值，如果两者之间值相差超过某一个值的时候，会特别标红，一般用去数据监测，方便观察数据异常",
    "latestVersion": 1,
    "alwaysLatest": 1,
    "createTime": "2017-11-09T09:18:43.000Z",
    "lastUpdateTime": "2017-11-09T09:18:43.000Z",
    "auth": 1,
    "uid": "bd-1813650783",
    "publishedVersion": 0,
    "forkFrom": "-",
    "isSpam": 0,
    "version": 1,
    "parentVersion": -1,
    "echartsVersion": "3.8.0",
    "versionCreateTime": "2017-11-09T09:18:43.000Z",
    "html": "",
    "externalScripts": "",
    "updaterUID": "bd-1813650783",
    "theme": "",
    "layout": "",
    "viewCount": 688,
    "userName": "y***8",
    "commentCount": 0,
    "starCount": 1,
    "isStared": 0,
    "thumbnailURL": "https://www.makeapie.com/ecg-storage/ec_gallery_thumbnail/xH1huacW1z.png?v=1510219123678",
    "isCustomThumbnail": 0,
    "builtinTags": [
        "category-work",
        "grid",
        "legend",
        "markPoint",
        "series-bar",
        "series-line",
        "tooltip"
    ],
    "customTags": [],
    "updaterUserName": "y***8"
}