{
    "cid": "xH1O2qnfJG",
    "authorUid": "bd-2996722011",
    "authorUserName": "155******28",
    "title": "123",
    "description": "",
    "latestVersion": 2,
    "alwaysLatest": 1,
    "createTime": "2017-11-10T05:35:44.000Z",
    "lastUpdateTime": "2017-11-10T05:35:44.000Z",
    "auth": 2,
    "uid": "bd-2996722011",
    "publishedVersion": 0,
    "forkFrom": "-",
    "isSpam": 0,
    "version": 2,
    "parentVersion": 1,
    "echartsVersion": "3.8.0",
    "versionCreateTime": "2017-11-10T05:40:16.000Z",
    "html": "",
    "externalScripts": "",
    "updaterUID": "bd-2996722011",
    "theme": "",
    "layout": "",
    "viewCount": 31,
    "userName": "155******28",
    "commentCount": 0,
    "starCount": 0,
    "isStared": 0,
    "thumbnailURL": "https://www.makeapie.com/ecg-storage/ec_gallery_thumbnail/xH1O2qnfJG.undefined?v=",
    "isCustomThumbnail": 0,
    "builtinTags": [
        "category-work"
    ],
    "customTags": [],
    "updaterUserName": "155******28"
}