{
    "cid": "xH1rHqnzkG",
    "authorUid": "bd-3898251746",
    "authorUserName": "尤学谦",
    "title": "企业安全隐患情况分析",
    "description": "",
    "latestVersion": 3,
    "alwaysLatest": 1,
    "createTime": "2017-11-10T05:33:49.000Z",
    "lastUpdateTime": "2017-11-10T05:33:49.000Z",
    "auth": 2,
    "uid": "bd-3898251746",
    "publishedVersion": 0,
    "forkFrom": "-",
    "isSpam": 0,
    "version": 3,
    "parentVersion": 2,
    "echartsVersion": "3.8.0",
    "versionCreateTime": "2017-12-19T03:08:08.000Z",
    "html": "",
    "externalScripts": "",
    "updaterUID": "bd-3898251746",
    "theme": "",
    "layout": "",
    "viewCount": 281,
    "userName": "尤学谦",
    "commentCount": 0,
    "starCount": 1,
    "isStared": 0,
    "thumbnailURL": "https://www.makeapie.com/ecg-storage/ec_gallery_thumbnail/xH1rHqnzkG.png?v=1513652888678",
    "isCustomThumbnail": 0,
    "builtinTags": [
        "category-work",
        "grid",
        "legend",
        "series-line",
        "title",
        "tooltip"
    ],
    "customTags": [],
    "updaterUserName": "尤学谦"
}