{
    "cid": "xHJ_RNyQ1M",
    "authorUid": "bd-3898251746",
    "authorUserName": "尤学谦",
    "title": "通过ajax获取数据",
    "description": "通过ajax获取数据向图形中赋值",
    "latestVersion": 2,
    "alwaysLatest": 1,
    "createTime": "2017-11-10T08:35:28.000Z",
    "lastUpdateTime": "2017-11-10T08:35:28.000Z",
    "auth": 1,
    "uid": "bd-3898251746",
    "publishedVersion": 0,
    "forkFrom": "-",
    "isSpam": 0,
    "version": 2,
    "parentVersion": 1,
    "echartsVersion": "3.8.0",
    "versionCreateTime": "2019-07-11T03:30:44.000Z",
    "html": "",
    "externalScripts": "",
    "updaterUID": "bd-4281650800",
    "theme": "",
    "layout": "",
    "viewCount": 843,
    "userName": "尤学谦",
    "commentCount": 1,
    "starCount": 8,
    "isStared": 0,
    "thumbnailURL": "https://www.makeapie.com/ecg-storage/ec_gallery_thumbnail/xHJ_RNyQ1M.png?v=1562815844721",
    "isCustomThumbnail": 0,
    "builtinTags": [
        "category-work",
        "grid",
        "legend",
        "series-bar",
        "title",
        "tooltip"
    ],
    "customTags": [],
    "updaterUserName": "C***e"
}