{
    "cid": "xHkQFMNbJz",
    "authorUid": "bd-2127451917",
    "authorUserName": "yy199402260019",
    "title": "大数据量面积图",
    "description": "",
    "latestVersion": 1,
    "alwaysLatest": 1,
    "createTime": "2017-11-09T01:42:18.000Z",
    "lastUpdateTime": "2017-11-09T01:42:18.000Z",
    "auth": 2,
    "uid": "bd-2127451917",
    "publishedVersion": 0,
    "forkFrom": "-",
    "isSpam": 0,
    "version": 1,
    "parentVersion": -1,
    "echartsVersion": "3.8.0",
    "versionCreateTime": "2017-11-09T01:42:18.000Z",
    "html": "",
    "externalScripts": "",
    "updaterUID": "bd-2127451917",
    "theme": "",
    "layout": "",
    "viewCount": 164,
    "userName": "yy199402260019",
    "commentCount": 0,
    "starCount": 0,
    "isStared": 0,
    "thumbnailURL": "https://www.makeapie.com/ecg-storage/ec_gallery_thumbnail/xHkQFMNbJz.png?v=1510191738677",
    "isCustomThumbnail": 0,
    "builtinTags": [
        "category-work",
        "dataZoom",
        "grid",
        "series-line",
        "title",
        "toolbox",
        "tooltip"
    ],
    "customTags": [],
    "updaterUserName": "yy199402260019"
}