{
    "cid": "xHkXSEj-1G",
    "authorUid": "bd-1075817977",
    "authorUserName": "7***2",
    "title": "折线图",
    "description": "场次数量对比",
    "latestVersion": 15,
    "alwaysLatest": 1,
    "createTime": "2017-11-09T09:47:38.000Z",
    "lastUpdateTime": "2017-11-09T09:47:38.000Z",
    "auth": 2,
    "uid": "bd-1075817977",
    "publishedVersion": 0,
    "forkFrom": "-",
    "isSpam": 0,
    "version": 15,
    "parentVersion": 14,
    "echartsVersion": "3.8.0",
    "versionCreateTime": "2017-11-10T08:21:17.000Z",
    "html": "",
    "externalScripts": "",
    "updaterUID": "bd-1075817977",
    "theme": "",
    "layout": "",
    "viewCount": 219,
    "userName": "7***2",
    "commentCount": 0,
    "starCount": 0,
    "isStared": 0,
    "thumbnailURL": "https://www.makeapie.com/ecg-storage/ec_gallery_thumbnail/xHkXSEj-1G.png?v=1510302078082",
    "isCustomThumbnail": 0,
    "builtinTags": [
        "category-work",
        "grid",
        "legend",
        "markArea",
        "series-line",
        "tooltip"
    ],
    "customTags": [],
    "updaterUserName": "7***2"
}