{
    "cid": "xHyCQdV-JG",
    "authorUid": "bd-3816780760",
    "authorUserName": "54662LN",
    "title": "",
    "description": "",
    "latestVersion": 3,
    "alwaysLatest": 1,
    "createTime": "2017-11-09T02:06:30.000Z",
    "lastUpdateTime": "2017-11-09T02:06:30.000Z",
    "auth": 2,
    "uid": "bd-3816780760",
    "publishedVersion": 0,
    "forkFrom": "-",
    "isSpam": 0,
    "version": 3,
    "parentVersion": 2,
    "echartsVersion": "3.8.0",
    "versionCreateTime": "2017-11-16T01:24:26.000Z",
    "html": "",
    "externalScripts": "",
    "updaterUID": "bd-3816780760",
    "theme": "",
    "layout": "",
    "viewCount": 103,
    "userName": "54662LN",
    "commentCount": 0,
    "starCount": 2,
    "isStared": 0,
    "thumbnailURL": "https://www.makeapie.com/ecg-storage/ec_gallery_thumbnail/xHyCQdV-JG.png?v=1510795466740",
    "isCustomThumbnail": 0,
    "builtinTags": [
        "category-work",
        "legend",
        "series-pie",
        "tooltip"
    ],
    "customTags": [],
    "updaterUserName": "54662LN"
}