{
    "cid": "xr1Oz-CGkM",
    "authorUid": "bd-1813650783",
    "authorUserName": "y***8",
    "title": "通过天数-控制标准线位置",
    "description": "通过选择当月某一天日期，控制标线显示某个位置，一般是用来显示当月某一天项目完进度",
    "latestVersion": 1,
    "alwaysLatest": 1,
    "createTime": "2017-11-10T07:11:12.000Z",
    "lastUpdateTime": "2017-11-10T07:11:12.000Z",
    "auth": 2,
    "uid": "bd-1813650783",
    "publishedVersion": 0,
    "forkFrom": "-",
    "isSpam": 0,
    "version": 1,
    "parentVersion": -1,
    "echartsVersion": "3.8.0",
    "versionCreateTime": "2017-11-10T07:11:12.000Z",
    "html": "",
    "externalScripts": "",
    "updaterUID": "bd-1813650783",
    "theme": "",
    "layout": "",
    "viewCount": 242,
    "userName": "y***8",
    "commentCount": 0,
    "starCount": 0,
    "isStared": 0,
    "thumbnailURL": "https://www.makeapie.com/ecg-storage/ec_gallery_thumbnail/xr1Oz-CGkM.png?v=1510297872259",
    "isCustomThumbnail": 0,
    "builtinTags": [
        "category-work",
        "grid",
        "legend",
        "markLine",
        "series-bar",
        "series-scatter",
        "tooltip"
    ],
    "customTags": [],
    "updaterUserName": "y***8"
}