{
    "cid": "xr1pqLAWyf",
    "authorUid": "bd-3712508965",
    "authorUserName": "善良的_小青年",
    "title": "Awesome Chart",
    "description": "",
    "latestVersion": 1,
    "alwaysLatest": 1,
    "createTime": "2017-11-09T13:22:28.000Z",
    "lastUpdateTime": "2017-11-09T13:22:28.000Z",
    "auth": 2,
    "uid": "bd-3712508965",
    "publishedVersion": 0,
    "forkFrom": "-",
    "isSpam": 0,
    "version": 1,
    "parentVersion": -1,
    "echartsVersion": "3.8.0",
    "versionCreateTime": "2017-11-09T13:22:28.000Z",
    "html": "",
    "externalScripts": "",
    "updaterUID": "bd-3712508965",
    "theme": "",
    "layout": "",
    "viewCount": 27,
    "userName": "善良的_小青年",
    "commentCount": 0,
    "starCount": 0,
    "isStared": 0,
    "thumbnailURL": "https://www.makeapie.com/ecg-storage/ec_gallery_thumbnail/xr1pqLAWyf.png?v=1510233748909",
    "isCustomThumbnail": 0,
    "builtinTags": [
        "category-work",
        "grid",
        "series-line",
        "title"
    ],
    "customTags": [],
    "updaterUserName": "善良的_小青年"
}