{
    "cid": "xrk1kYO-JM",
    "authorUid": "bd-1075817977",
    "authorUserName": "7***2",
    "title": "折线图",
    "description": "同科历史通过率",
    "latestVersion": 8,
    "alwaysLatest": 1,
    "createTime": "2017-11-09T06:42:30.000Z",
    "lastUpdateTime": "2017-11-09T06:42:30.000Z",
    "auth": 2,
    "uid": "bd-1075817977",
    "publishedVersion": 0,
    "forkFrom": "-",
    "isSpam": 0,
    "version": 8,
    "parentVersion": 7,
    "echartsVersion": "3.8.0",
    "versionCreateTime": "2017-11-10T03:46:28.000Z",
    "html": "",
    "externalScripts": "",
    "updaterUID": "bd-1075817977",
    "theme": "",
    "layout": "",
    "viewCount": 807,
    "userName": "7***2",
    "commentCount": 0,
    "starCount": 1,
    "isStared": 0,
    "thumbnailURL": "https://www.makeapie.com/ecg-storage/ec_gallery_thumbnail/xrk1kYO-JM.png?v=1510285588826",
    "isCustomThumbnail": 0,
    "builtinTags": [
        "category-work",
        "grid",
        "markArea",
        "markLine",
        "markPoint",
        "series-line",
        "toolbox",
        "tooltip"
    ],
    "customTags": [],
    "updaterUserName": "7***2"
}