{
    "cid": "xrkeoXe71M",
    "authorUid": "bd-2130986558",
    "authorUserName": "s***5",
    "title": "标杆比较",
    "description": "",
    "latestVersion": 5,
    "alwaysLatest": 1,
    "createTime": "2017-11-10T09:38:32.000Z",
    "lastUpdateTime": "2017-11-10T09:38:32.000Z",
    "auth": 2,
    "uid": "bd-2130986558",
    "publishedVersion": 0,
    "forkFrom": "-",
    "isSpam": 0,
    "version": 5,
    "parentVersion": 4,
    "echartsVersion": "3.8.0",
    "versionCreateTime": "2017-11-14T09:00:04.000Z",
    "html": "",
    "externalScripts": "",
    "updaterUID": "bd-2130986558",
    "theme": "",
    "layout": "",
    "viewCount": 46,
    "userName": "s***5",
    "commentCount": 0,
    "starCount": 0,
    "isStared": 0,
    "thumbnailURL": "https://www.makeapie.com/ecg-storage/ec_gallery_thumbnail/xrkeoXe71M.png?v=1510650004435",
    "isCustomThumbnail": 0,
    "builtinTags": [
        "category-work",
        "grid",
        "legend",
        "series-line",
        "tooltip"
    ],
    "customTags": [],
    "updaterUserName": "s***5"
}