{
    "cid": "xSkCXmVZ1f",
    "authorUid": "bd-1837187133",
    "authorUserName": "王旭旭娇",
    "title": "口红",
    "description": "",
    "latestVersion": 1,
    "alwaysLatest": 1,
    "createTime": "2017-11-09T01:45:10.000Z",
    "lastUpdateTime": "2017-11-09T01:45:10.000Z",
    "auth": 2,
    "uid": "bd-1837187133",
    "publishedVersion": 0,
    "forkFrom": "-",
    "isSpam": 0,
    "version": 1,
    "parentVersion": -1,
    "echartsVersion": "3.8.0",
    "versionCreateTime": "2017-11-09T01:45:10.000Z",
    "html": "",
    "externalScripts": "",
    "updaterUID": "bd-1837187133",
    "theme": "",
    "layout": "",
    "viewCount": 28,
    "userName": "王旭旭娇",
    "commentCount": 0,
    "starCount": 0,
    "isStared": 0,
    "thumbnailURL": "https://www.makeapie.com/ecg-storage/ec_gallery_thumbnail/xSkCXmVZ1f.png?v=1510191910490",
    "isCustomThumbnail": 0,
    "builtinTags": [
        "category-work",
        "grid",
        "legend",
        "series-bar",
        "tooltip"
    ],
    "customTags": [],
    "updaterUserName": "王旭旭娇"
}