{
    "cid": "xSko3GyfyG",
    "authorUid": "bd-1939112099",
    "authorUserName": "长***离",
    "title": "3d柱状图",
    "description": "",
    "latestVersion": 3,
    "alwaysLatest": 1,
    "createTime": "2017-11-09T14:14:11.000Z",
    "lastUpdateTime": "2017-11-09T14:14:11.000Z",
    "auth": 2,
    "uid": "bd-1939112099",
    "publishedVersion": 0,
    "forkFrom": "-",
    "isSpam": 0,
    "version": 3,
    "parentVersion": 2,
    "echartsVersion": "3.8.0",
    "versionCreateTime": "2019-07-16T02:20:21.000Z",
    "html": "",
    "externalScripts": "http://echarts.baidu.com/resource/echarts-gl-latest/dist/echarts-gl.min.js",
    "updaterUID": "bd-1939112099",
    "theme": "",
    "layout": "",
    "viewCount": 459,
    "userName": "长***离",
    "commentCount": 0,
    "starCount": 1,
    "isStared": 0,
    "thumbnailURL": "https://www.makeapie.com/ecg-storage/ec_gallery_thumbnail/xSko3GyfyG.png?v=1563243621123",
    "isCustomThumbnail": 0,
    "builtinTags": [
        "category-work",
        "grid3D",
        "series-bar3D"
    ],
    "customTags": [],
    "updaterUserName": "长***离"
}