{
    "cid": "xSysiayXkz",
    "authorUid": "bd-2130986558",
    "authorUserName": "s***5",
    "title": "时间对比",
    "description": "",
    "latestVersion": 9,
    "alwaysLatest": 1,
    "createTime": "2017-11-10T09:13:06.000Z",
    "lastUpdateTime": "2017-11-10T09:13:06.000Z",
    "auth": 2,
    "uid": "bd-2130986558",
    "publishedVersion": 0,
    "forkFrom": "-",
    "isSpam": 0,
    "version": 9,
    "parentVersion": 8,
    "echartsVersion": "3.8.0",
    "versionCreateTime": "2018-01-30T06:42:06.000Z",
    "html": "",
    "externalScripts": "",
    "updaterUID": "bd-2130986558",
    "theme": "",
    "layout": "",
    "viewCount": 60,
    "userName": "s***5",
    "commentCount": 0,
    "starCount": 0,
    "isStared": 0,
    "thumbnailURL": "https://www.makeapie.com/ecg-storage/ec_gallery_thumbnail/xSysiayXkz.png?v=1517294526414",
    "isCustomThumbnail": 0,
    "builtinTags": [
        "category-work",
        "grid",
        "legend",
        "series-line",
        "tooltip"
    ],
    "customTags": [],
    "updaterUserName": "s***5"
}