{
    "cid": "xB1ehhZY3-",
    "authorUid": "bd-3190370387",
    "authorUserName": "12_杜蛋吻始",
    "title": "粉丝数变化情况",
    "description": "我的简书两月记：数据可视化",
    "latestVersion": 1,
    "alwaysLatest": 1,
    "createTime": "2017-10-09T14:50:16.000Z",
    "lastUpdateTime": "2017-10-09T14:50:16.000Z",
    "auth": 2,
    "uid": "bd-3190370387",
    "publishedVersion": 0,
    "forkFrom": "-",
    "isSpam": 0,
    "version": 1,
    "parentVersion": -1,
    "echartsVersion": "3.7.2",
    "versionCreateTime": "2017-10-09T14:50:16.000Z",
    "html": "",
    "externalScripts": "",
    "updaterUID": "bd-3190370387",
    "theme": "",
    "layout": "",
    "viewCount": 658,
    "userName": "12_杜蛋吻始",
    "commentCount": 0,
    "starCount": 1,
    "isStared": 0,
    "thumbnailURL": "https://www.makeapie.com/ecg-storage/ec_gallery_thumbnail/xB1ehhZY3-.png?v=1507560616408",
    "isCustomThumbnail": 0,
    "builtinTags": [
        "category-work",
        "grid",
        "legend",
        "series-bar",
        "title",
        "toolbox",
        "tooltip"
    ],
    "customTags": [],
    "updaterUserName": "12_杜蛋吻始"
}