{
    "cid": "xB1y3Hbq2Z",
    "authorUid": "bd-2738046816",
    "authorUserName": "s***3",
    "title": "上饶市小微市场D类集团拓展数量分布",
    "description": "",
    "latestVersion": 1,
    "alwaysLatest": 1,
    "createTime": "2017-10-10T08:32:38.000Z",
    "lastUpdateTime": "2017-10-10T09:47:10.000Z",
    "auth": 2,
    "uid": "bd-2738046816",
    "publishedVersion": 0,
    "forkFrom": "-",
    "isSpam": 0,
    "version": 1,
    "parentVersion": -1,
    "echartsVersion": "3.7.2",
    "versionCreateTime": "2017-10-10T08:32:38.000Z",
    "html": "",
    "externalScripts": "http://qxw1590230319.my3w.com/NewFile10.html",
    "updaterUID": "bd-2738046816",
    "theme": "shine",
    "layout": "",
    "viewCount": 4661,
    "userName": "s***3",
    "commentCount": 4,
    "starCount": 7,
    "isStared": 0,
    "thumbnailURL": "https://www.makeapie.com/ecg-storage/ec_gallery_thumbnail/xB1y3Hbq2Z.png?v=1507624358725",
    "isCustomThumbnail": 0,
    "builtinTags": [],
    "customTags": [],
    "updaterUserName": "s***3"
}