{
    "cid": "xBJxb0zc3b",
    "authorUid": "bd-596728482",
    "authorUserName": "灬乄丨",
    "title": "关系图展开",
    "description": "",
    "latestVersion": 1,
    "alwaysLatest": 1,
    "createTime": "2017-10-10T10:16:23.000Z",
    "lastUpdateTime": "2017-10-10T10:16:23.000Z",
    "auth": 2,
    "uid": "bd-596728482",
    "publishedVersion": 0,
    "forkFrom": "-",
    "isSpam": 0,
    "version": 1,
    "parentVersion": -1,
    "echartsVersion": "3.7.2",
    "versionCreateTime": "2017-10-10T10:16:23.000Z",
    "html": "",
    "externalScripts": "",
    "updaterUID": "bd-596728482",
    "theme": "",
    "layout": "",
    "viewCount": 3483,
    "userName": "灬乄丨",
    "commentCount": 0,
    "starCount": 6,
    "isStared": 0,
    "thumbnailURL": "https://www.makeapie.com/ecg-storage/ec_gallery_thumbnail/xBJxb0zc3b.png?v=1507630583998",
    "isCustomThumbnail": 0,
    "builtinTags": [
        "category-work",
        "series-graph",
        "title",
        "tooltip"
    ],
    "customTags": [],
    "updaterUserName": "灬乄丨"
}