{
    "cid": "xBklnZFl9hb",
    "authorUid": "bd-460850157",
    "authorUserName": "S***七",
    "title": "柱形图（图例和x轴数据相同&柱子颜色跟随图例.demo）",
    "description": "柱形图（图例和x轴数据相同&柱子颜色跟随图例.demo）",
    "latestVersion": 2,
    "alwaysLatest": 1,
    "createTime": "2017-10-10T07:38:44.000Z",
    "lastUpdateTime": "2017-10-10T07:38:44.000Z",
    "auth": 2,
    "uid": "bd-460850157",
    "publishedVersion": 0,
    "forkFrom": "-",
    "isSpam": 0,
    "version": 2,
    "parentVersion": 1,
    "echartsVersion": "3.7.2",
    "versionCreateTime": "2017-10-10T07:47:10.000Z",
    "html": "",
    "externalScripts": "",
    "updaterUID": "bd-460850157",
    "theme": "",
    "layout": "",
    "viewCount": 1676,
    "userName": "S***七",
    "commentCount": 0,
    "starCount": 8,
    "isStared": 0,
    "thumbnailURL": "https://www.makeapie.com/ecg-storage/ec_gallery_thumbnail/xBklnZFl9hb.png?v=1507621630366",
    "isCustomThumbnail": 0,
    "builtinTags": [
        "category-work",
        "grid",
        "legend",
        "series-bar",
        "series-scatter",
        "title"
    ],
    "customTags": [],
    "updaterUserName": "S***七"
}