{
    "cid": "xHk0L1fKnW",
    "authorUid": "bd-3190370387",
    "authorUserName": "12_杜蛋吻始",
    "title": "所有文章获赞数（共16篇）",
    "description": "我的简书两月记：数据可视化",
    "latestVersion": 1,
    "alwaysLatest": 1,
    "createTime": "2017-10-09T15:01:41.000Z",
    "lastUpdateTime": "2017-10-09T15:01:41.000Z",
    "auth": 2,
    "uid": "bd-3190370387",
    "publishedVersion": 0,
    "forkFrom": "-",
    "isSpam": 0,
    "version": 1,
    "parentVersion": -1,
    "echartsVersion": "3.7.2",
    "versionCreateTime": "2017-10-09T15:01:41.000Z",
    "html": "",
    "externalScripts": "",
    "updaterUID": "bd-3190370387",
    "theme": "macarons",
    "layout": "",
    "viewCount": 268,
    "userName": "12_杜蛋吻始",
    "commentCount": 0,
    "starCount": 0,
    "isStared": 0,
    "thumbnailURL": "https://www.makeapie.com/ecg-storage/ec_gallery_thumbnail/xHk0L1fKnW.png?v=1507561301712",
    "isCustomThumbnail": 0,
    "builtinTags": [
        "category-work",
        "legend",
        "series-pie",
        "title",
        "toolbox",
        "tooltip"
    ],
    "customTags": [],
    "updaterUserName": "12_杜蛋吻始"
}