{
    "cid": "xHy6FPWqhZ",
    "authorUid": "bd-470075491",
    "authorUserName": "被***光",
    "title": "多彩气泡散点",
    "description": "",
    "latestVersion": 1,
    "alwaysLatest": 1,
    "createTime": "2017-10-10T08:40:37.000Z",
    "lastUpdateTime": "2017-10-10T08:40:37.000Z",
    "auth": 2,
    "uid": "bd-470075491",
    "publishedVersion": 0,
    "forkFrom": "-",
    "isSpam": 0,
    "version": 1,
    "parentVersion": -1,
    "echartsVersion": "3.7.2",
    "versionCreateTime": "2017-10-10T08:40:37.000Z",
    "html": "",
    "externalScripts": "http://echarts.baidu.com/gallery/vendors/echarts-stat/ecStat.min.js",
    "updaterUID": "bd-470075491",
    "theme": "",
    "layout": "",
    "viewCount": 334,
    "userName": "被***光",
    "commentCount": 0,
    "starCount": 0,
    "isStared": 0,
    "thumbnailURL": "https://www.makeapie.com/ecg-storage/ec_gallery_thumbnail/xHy6FPWqhZ.png?v=1507624837513",
    "isCustomThumbnail": 0,
    "builtinTags": [
        "category-work",
        "grid",
        "markPoint",
        "series-line",
        "series-scatter",
        "tooltip"
    ],
    "customTags": [],
    "updaterUserName": "被***光"
}