{
    "cid": "xHyAbhz9nZ",
    "authorUid": "bd-104634319",
    "authorUserName": "__浅浅小幸福",
    "title": "雷达图，图例渐变",
    "description": "图例渐变",
    "latestVersion": 1,
    "alwaysLatest": 1,
    "createTime": "2017-10-10T10:08:05.000Z",
    "lastUpdateTime": "2017-10-10T10:08:05.000Z",
    "auth": 2,
    "uid": "bd-104634319",
    "publishedVersion": 0,
    "forkFrom": "-",
    "isSpam": 0,
    "version": 1,
    "parentVersion": -1,
    "echartsVersion": "3.7.2",
    "versionCreateTime": "2017-10-10T10:08:05.000Z",
    "html": "",
    "externalScripts": "",
    "updaterUID": "bd-104634319",
    "theme": "",
    "layout": "",
    "viewCount": 1728,
    "userName": "__浅浅小幸福",
    "commentCount": 0,
    "starCount": 10,
    "isStared": 0,
    "thumbnailURL": "https://www.makeapie.com/ecg-storage/ec_gallery_thumbnail/xHyAbhz9nZ.png?v=1507630085919",
    "isCustomThumbnail": 0,
    "builtinTags": [
        "category-work",
        "legend",
        "radar",
        "series-radar",
        "tooltip"
    ],
    "customTags": [],
    "updaterUserName": "__浅浅小幸福"
}