{
    "cid": "xHyITk2t3Z",
    "authorUid": "bd-4013131402",
    "authorUserName": "o***4",
    "title": "toolbox 自定义图形",
    "description": "",
    "latestVersion": 1,
    "alwaysLatest": 1,
    "createTime": "2017-10-10T02:26:06.000Z",
    "lastUpdateTime": "2017-10-10T02:26:06.000Z",
    "auth": 2,
    "uid": "bd-4013131402",
    "publishedVersion": 0,
    "forkFrom": "-",
    "isSpam": 0,
    "version": 1,
    "parentVersion": -1,
    "echartsVersion": "3.7.2",
    "versionCreateTime": "2017-10-10T02:26:06.000Z",
    "html": "",
    "externalScripts": "",
    "updaterUID": "bd-4013131402",
    "theme": "",
    "layout": "",
    "viewCount": 773,
    "userName": "o***4",
    "commentCount": 0,
    "starCount": 0,
    "isStared": 0,
    "thumbnailURL": "https://www.makeapie.com/ecg-storage/ec_gallery_thumbnail/xHyITk2t3Z.png?v=1507602366130",
    "isCustomThumbnail": 0,
    "builtinTags": [
        "category-work",
        "grid",
        "series-line",
        "toolbox"
    ],
    "customTags": [],
    "updaterUserName": "o***4"
}