{
    "cid": "xrJMlqWon-",
    "authorUid": "bd-2257836860",
    "authorUserName": "151*****175",
    "title": "补贴发放金额",
    "description": "虚拟数据",
    "latestVersion": 2,
    "alwaysLatest": 1,
    "createTime": "2017-10-11T03:03:06.000Z",
    "lastUpdateTime": "2017-10-11T03:03:06.000Z",
    "auth": 2,
    "uid": "bd-2257836860",
    "publishedVersion": 0,
    "forkFrom": "-",
    "isSpam": 0,
    "version": 2,
    "parentVersion": 1,
    "echartsVersion": "3.7.2",
    "versionCreateTime": "2017-10-11T03:07:51.000Z",
    "html": "",
    "externalScripts": "",
    "updaterUID": "bd-2257836860",
    "theme": "",
    "layout": "",
    "viewCount": 159,
    "userName": "151*****175",
    "commentCount": 0,
    "starCount": 0,
    "isStared": 0,
    "thumbnailURL": "https://www.makeapie.com/ecg-storage/ec_gallery_thumbnail/xrJMlqWon-.png?v=1507691271564",
    "isCustomThumbnail": 0,
    "builtinTags": [
        "category-work",
        "grid",
        "legend",
        "markLine",
        "markPoint",
        "series-bar",
        "title",
        "toolbox",
        "tooltip"
    ],
    "customTags": [],
    "updaterUserName": "151*****175"
}