{
    "cid": "xrJw6GZihb",
    "authorUid": "bd-110280249",
    "authorUserName": "幻流沙影",
    "title": "漏斗图",
    "description": "纯属虚构",
    "latestVersion": 1,
    "alwaysLatest": 1,
    "createTime": "2017-10-11T02:32:30.000Z",
    "lastUpdateTime": "2017-10-11T02:32:30.000Z",
    "auth": 2,
    "uid": "bd-110280249",
    "publishedVersion": 0,
    "forkFrom": "-",
    "isSpam": 0,
    "version": 1,
    "parentVersion": -1,
    "echartsVersion": "3.7.2",
    "versionCreateTime": "2017-10-11T02:32:30.000Z",
    "html": "",
    "externalScripts": "",
    "updaterUID": "bd-110280249",
    "theme": "",
    "layout": "",
    "viewCount": 514,
    "userName": "幻流沙影",
    "commentCount": 0,
    "starCount": 2,
    "isStared": 0,
    "thumbnailURL": "https://www.makeapie.com/ecg-storage/ec_gallery_thumbnail/xrJw6GZihb.png?v=1507689151010",
    "isCustomThumbnail": 0,
    "builtinTags": [
        "category-work",
        "legend",
        "series-funnel",
        "title",
        "toolbox",
        "tooltip"
    ],
    "customTags": [],
    "updaterUserName": "幻流沙影"
}