{
    "cid": "xS1nfceF2-",
    "authorUid": "bd-3190370387",
    "authorUserName": "12_杜蛋吻始",
    "title": "关注和点赞分布图",
    "description": "我的简书一月记：数据可视化",
    "latestVersion": 2,
    "alwaysLatest": 1,
    "createTime": "2017-10-09T13:31:00.000Z",
    "lastUpdateTime": "2017-10-09T13:31:00.000Z",
    "auth": 2,
    "uid": "bd-3190370387",
    "publishedVersion": 0,
    "forkFrom": "-",
    "isSpam": 0,
    "version": 2,
    "parentVersion": 1,
    "echartsVersion": "3.7.2",
    "versionCreateTime": "2017-10-09T13:37:34.000Z",
    "html": "",
    "externalScripts": "",
    "updaterUID": "bd-3190370387",
    "theme": "",
    "layout": "",
    "viewCount": 160,
    "userName": "12_杜蛋吻始",
    "commentCount": 0,
    "starCount": 0,
    "isStared": 0,
    "thumbnailURL": "https://www.makeapie.com/ecg-storage/ec_gallery_thumbnail/xS1nfceF2-.png?v=1507556254462",
    "isCustomThumbnail": 0,
    "builtinTags": [
        "category-work",
        "grid",
        "legend",
        "series-scatter",
        "title"
    ],
    "customTags": [],
    "updaterUserName": "12_杜蛋吻始"
}