{
    "cid": "xSkUYCxK2b",
    "authorUid": "bd-3190370387",
    "authorUserName": "12_杜蛋吻始",
    "title": "26w+简书用户粉丝情况",
    "description": "爬取简书26万+用户信息：数据可视化",
    "latestVersion": 1,
    "alwaysLatest": 1,
    "createTime": "2017-10-09T13:49:50.000Z",
    "lastUpdateTime": "2017-10-09T13:49:50.000Z",
    "auth": 2,
    "uid": "bd-3190370387",
    "publishedVersion": 0,
    "forkFrom": "-",
    "isSpam": 0,
    "version": 1,
    "parentVersion": -1,
    "echartsVersion": "3.7.2",
    "versionCreateTime": "2017-10-09T13:49:50.000Z",
    "html": "",
    "externalScripts": "",
    "updaterUID": "bd-3190370387",
    "theme": "",
    "layout": "",
    "viewCount": 203,
    "userName": "12_杜蛋吻始",
    "commentCount": 0,
    "starCount": 0,
    "isStared": 0,
    "thumbnailURL": "https://www.makeapie.com/ecg-storage/ec_gallery_thumbnail/xSkUYCxK2b.png?v=1507556990198",
    "isCustomThumbnail": 0,
    "builtinTags": [
        "category-work",
        "grid",
        "legend",
        "series-bar",
        "title",
        "toolbox",
        "tooltip"
    ],
    "customTags": [],
    "updaterUserName": "12_杜蛋吻始"
}