{
    "cid": "xafl2RzRcq",
    "authorUid": "bd-1031056",
    "authorUserName": "小***米",
    "title": "学生英语个人能力评估统计图",
    "description": "雷达图",
    "latestVersion": 1,
    "alwaysLatest": 1,
    "createTime": "2019-06-03T07:30:50.000Z",
    "lastUpdateTime": "2019-06-03T07:30:50.000Z",
    "auth": 1,
    "uid": "bd-1031056",
    "publishedVersion": 0,
    "forkFrom": "-",
    "isSpam": 0,
    "version": 1,
    "parentVersion": -1,
    "echartsVersion": "4.2.1",
    "versionCreateTime": "2019-06-03T07:30:51.000Z",
    "html": "",
    "externalScripts": "",
    "updaterUID": "bd-1031056",
    "theme": "",
    "layout": "",
    "viewCount": 1431,
    "userName": "小***米",
    "commentCount": 0,
    "starCount": 3,
    "isStared": 0,
    "thumbnailURL": "https://www.makeapie.com/ecg-storage/ec_gallery_thumbnail/xafl2RzRcq.png?v=1559547051115",
    "isCustomThumbnail": 0,
    "builtinTags": [
        "category-work",
        "legend",
        "radar",
        "series-radar",
        "title"
    ],
    "customTags": [],
    "updaterUserName": "小***米"
}