{
    "cid": "xCGw1sDm7i",
    "authorUid": "bd-1847981158",
    "authorUserName": "非***体",
    "title": "热力图（无数据/数据为0，提示无数据）",
    "description": "没有数据或者数据为0时，区域显示无数据，悬浮显示无数据",
    "latestVersion": 1,
    "alwaysLatest": 1,
    "createTime": "2019-06-04T03:13:57.000Z",
    "lastUpdateTime": "2019-06-04T03:13:57.000Z",
    "auth": 1,
    "uid": "bd-1847981158",
    "publishedVersion": 0,
    "forkFrom": "-",
    "isSpam": 0,
    "version": 1,
    "parentVersion": -1,
    "echartsVersion": "4.2.1",
    "versionCreateTime": "2019-06-04T03:13:57.000Z",
    "html": "",
    "externalScripts": "",
    "updaterUID": "bd-1847981158",
    "theme": "",
    "layout": "",
    "viewCount": 456,
    "userName": "非***体",
    "commentCount": 0,
    "starCount": 0,
    "isStared": 0,
    "thumbnailURL": "https://www.makeapie.com/ecg-storage/ec_gallery_thumbnail/xCGw1sDm7i.png?v=1559618037847",
    "isCustomThumbnail": 0,
    "builtinTags": [
        "category-work",
        "dataZoom",
        "grid",
        "series-heatmap",
        "tooltip",
        "visualMap"
    ],
    "customTags": [],
    "updaterUserName": "非***体"
}