{
    "cid": "xCYGdxUyjj",
    "authorUid": "bd-1896067372",
    "authorUserName": "a***6",
    "title": "分段",
    "description": "",
    "latestVersion": 16,
    "alwaysLatest": 1,
    "createTime": "2019-06-04T01:48:48.000Z",
    "lastUpdateTime": "2019-06-04T01:48:48.000Z",
    "auth": 2,
    "uid": "bd-1896067372",
    "publishedVersion": 0,
    "forkFrom": "-",
    "isSpam": 0,
    "version": 16,
    "parentVersion": 15,
    "echartsVersion": "4.2.1",
    "versionCreateTime": "2019-06-06T09:05:04.000Z",
    "html": "",
    "externalScripts": "",
    "updaterUID": "bd-1896067372",
    "theme": "",
    "layout": "",
    "viewCount": 228,
    "userName": "a***6",
    "commentCount": 0,
    "starCount": 0,
    "isStared": 0,
    "thumbnailURL": "https://www.makeapie.com/ecg-storage/ec_gallery_thumbnail/xCYGdxUyjj.png?v=1559811904405",
    "isCustomThumbnail": 0,
    "builtinTags": [
        "category-work",
        "grid",
        "legend",
        "markLine",
        "series-line",
        "tooltip",
        "visualMap"
    ],
    "customTags": [],
    "updaterUserName": "a***6"
}