{
    "cid": "xgXJrYsd7z",
    "authorUid": "bd-2680668432",
    "authorUserName": "C***酱",
    "title": "带有顶部装饰的bar",
    "description": "带有顶部装饰的bar",
    "latestVersion": 7,
    "alwaysLatest": 1,
    "createTime": "2019-06-03T09:08:05.000Z",
    "lastUpdateTime": "2019-06-03T09:08:05.000Z",
    "auth": 2,
    "uid": "bd-2680668432",
    "publishedVersion": 0,
    "forkFrom": "-",
    "isSpam": 0,
    "version": 7,
    "parentVersion": 2,
    "echartsVersion": "4.8.0",
    "versionCreateTime": "2020-06-30T08:48:48.000Z",
    "html": "",
    "externalScripts": "",
    "updaterUID": "bd-2680668432",
    "theme": "",
    "layout": "",
    "viewCount": 151,
    "userName": "C***酱",
    "commentCount": 0,
    "starCount": 0,
    "isStared": 0,
    "thumbnailURL": "https://www.makeapie.com/ecg-storage/ec_gallery_thumbnail/xgXJrYsd7z.png?v=1593506928556",
    "isCustomThumbnail": 0,
    "builtinTags": [
        "category-work",
        "grid",
        "series-custom"
    ],
    "customTags": [],
    "updaterUserName": "C***酱"
}