{
    "cid": "xHb9hiYq9g",
    "authorUid": "bd-2680668432",
    "authorUserName": "C***酱",
    "title": "horizontal custom type bar",
    "description": "测试基础的custom参数",
    "latestVersion": 3,
    "alwaysLatest": 1,
    "createTime": "2019-06-03T06:48:21.000Z",
    "lastUpdateTime": "2019-06-03T06:48:21.000Z",
    "auth": 2,
    "uid": "bd-2680668432",
    "publishedVersion": 0,
    "forkFrom": "-",
    "isSpam": 0,
    "version": 3,
    "parentVersion": 2,
    "echartsVersion": "4.2.1",
    "versionCreateTime": "2019-06-03T07:04:36.000Z",
    "html": "",
    "externalScripts": "",
    "updaterUID": "bd-2680668432",
    "theme": "",
    "layout": "",
    "viewCount": 27,
    "userName": "C***酱",
    "commentCount": 0,
    "starCount": 0,
    "isStared": 0,
    "thumbnailURL": "https://www.makeapie.com/ecg-storage/ec_gallery_thumbnail/xHb9hiYq9g.png?v=1559545476874",
    "isCustomThumbnail": 0,
    "builtinTags": [
        "category-work",
        "grid",
        "series-custom"
    ],
    "customTags": [],
    "updaterUserName": "C***酱"
}