{
    "cid": "xK8lOWraT4",
    "authorUid": "bd-3793071787",
    "authorUserName": "二***弃",
    "title": "有平均值的",
    "description": "有平均值的",
    "latestVersion": 3,
    "alwaysLatest": 1,
    "createTime": "2019-06-03T06:47:03.000Z",
    "lastUpdateTime": "2019-06-03T06:47:03.000Z",
    "auth": 1,
    "uid": "bd-3793071787",
    "publishedVersion": 0,
    "forkFrom": "-",
    "isSpam": 0,
    "version": 3,
    "parentVersion": 2,
    "echartsVersion": "4.2.1",
    "versionCreateTime": "2019-06-03T07:56:47.000Z",
    "html": "",
    "externalScripts": "",
    "updaterUID": "bd-3793071787",
    "theme": "",
    "layout": "",
    "viewCount": 103,
    "userName": "二***弃",
    "commentCount": 0,
    "starCount": 0,
    "isStared": 0,
    "thumbnailURL": "https://www.makeapie.com/ecg-storage/ec_gallery_thumbnail/xK8lOWraT4.png?v=1559548607394",
    "isCustomThumbnail": 0,
    "builtinTags": [
        "category-work",
        "grid",
        "markLine",
        "series-bar",
        "tooltip"
    ],
    "customTags": [],
    "updaterUserName": "二***弃"
}