{
    "cid": "xMj4R8Hmwq",
    "authorUid": "bd-1335944923",
    "authorUserName": "锃***6",
    "title": "3D散点",
    "description": "好看的图就是要分享出来～～",
    "latestVersion": 10,
    "alwaysLatest": 1,
    "createTime": "2019-06-04T04:04:31.000Z",
    "lastUpdateTime": "2019-06-04T04:04:31.000Z",
    "auth": 1,
    "uid": "bd-1335944923",
    "publishedVersion": 0,
    "forkFrom": "-",
    "isSpam": 0,
    "version": 10,
    "parentVersion": 9,
    "echartsVersion": "4.4.0",
    "versionCreateTime": "2019-10-22T08:45:04.000Z",
    "html": "",
    "externalScripts": "https://echarts.baidu.com/resource/echarts-gl-latest/dist/echarts-gl.min.js,/dep/echarts/map/js/world.js",
    "updaterUID": "bd-1146443849",
    "theme": "",
    "layout": "",
    "viewCount": 6009,
    "userName": "锃***6",
    "commentCount": 5,
    "starCount": 24,
    "isStared": 0,
    "thumbnailURL": "https://www.makeapie.com/ecg-storage/ec_gallery_thumbnail/xMj4R8Hmwq.png?v=1559621074360",
    "isCustomThumbnail": 1,
    "builtinTags": [
        "category-work",
        "globe",
        "tooltip",
        "visualMap"
    ],
    "customTags": [],
    "updaterUserName": "善***n"
}