{
    "cid": "xodWRVyT35",
    "authorUid": "bd-1678632265",
    "authorUserName": "希·我的爱",
    "title": "气泡图",
    "description": "",
    "latestVersion": 1,
    "alwaysLatest": 1,
    "createTime": "2019-06-04T10:19:36.000Z",
    "lastUpdateTime": "2019-06-04T10:19:36.000Z",
    "auth": 2,
    "uid": "bd-1678632265",
    "publishedVersion": 0,
    "forkFrom": "-",
    "isSpam": 0,
    "version": 1,
    "parentVersion": -1,
    "echartsVersion": "4.2.1",
    "versionCreateTime": "2019-06-04T10:19:36.000Z",
    "html": "",
    "externalScripts": "",
    "updaterUID": "bd-1678632265",
    "theme": "shine",
    "layout": "",
    "viewCount": 3981,
    "userName": "希·我的爱",
    "commentCount": 0,
    "starCount": 10,
    "isStared": 0,
    "thumbnailURL": "https://www.makeapie.com/ecg-storage/ec_gallery_thumbnail/xodWRVyT35.png?v=1559643577115",
    "isCustomThumbnail": 0,
    "builtinTags": [
        "category-work",
        "grid",
        "series-scatter"
    ],
    "customTags": [],
    "updaterUserName": "希·我的爱"
}