{
    "cid": "xTaG-q_Ozq",
    "authorUid": "bd-4231960130",
    "authorUserName": "数***天",
    "title": "Nightingale",
    "description": "",
    "latestVersion": 1,
    "alwaysLatest": 1,
    "createTime": "2019-06-03T05:34:57.000Z",
    "lastUpdateTime": "2019-06-03T05:34:57.000Z",
    "auth": 2,
    "uid": "bd-4231960130",
    "publishedVersion": 0,
    "forkFrom": "-",
    "isSpam": 0,
    "version": 1,
    "parentVersion": -1,
    "echartsVersion": "4.2.1",
    "versionCreateTime": "2019-06-03T05:34:57.000Z",
    "html": "",
    "externalScripts": "",
    "updaterUID": "bd-4231960130",
    "theme": "",
    "layout": "",
    "viewCount": 88,
    "userName": "数***天",
    "commentCount": 0,
    "starCount": 1,
    "isStared": 0,
    "thumbnailURL": "https://www.makeapie.com/ecg-storage/ec_gallery_thumbnail/xTaG-q_Ozq.png?v=1559540097717",
    "isCustomThumbnail": 0,
    "builtinTags": [
        "category-work",
        "legend",
        "series-pie"
    ],
    "customTags": [],
    "updaterUserName": "数***天"
}