{
    "cid": "xtmx12AnR3",
    "authorUid": "bd-1896067372",
    "authorUserName": "a***6",
    "title": "风速和风向（实测预测）",
    "description": "",
    "latestVersion": 6,
    "alwaysLatest": 1,
    "createTime": "2019-06-05T01:54:32.000Z",
    "lastUpdateTime": "2019-06-05T01:54:32.000Z",
    "auth": 2,
    "uid": "bd-1896067372",
    "publishedVersion": 0,
    "forkFrom": "-",
    "isSpam": 0,
    "version": 6,
    "parentVersion": 5,
    "echartsVersion": "4.2.1",
    "versionCreateTime": "2019-06-06T09:32:19.000Z",
    "html": "",
    "externalScripts": "",
    "updaterUID": "bd-1896067372",
    "theme": "",
    "layout": "",
    "viewCount": 267,
    "userName": "a***6",
    "commentCount": 0,
    "starCount": 1,
    "isStared": 0,
    "thumbnailURL": "https://www.makeapie.com/ecg-storage/ec_gallery_thumbnail/xtmx12AnR3.png?v=1559813540047",
    "isCustomThumbnail": 0,
    "builtinTags": [
        "category-work",
        "grid",
        "markLine",
        "series-custom",
        "series-line",
        "tooltip",
        "visualMap"
    ],
    "customTags": [],
    "updaterUserName": "a***6"
}