{
    "cid": "xYQ374IbTI",
    "authorUid": "bd-2769345138",
    "authorUserName": "轩***苦",
    "title": "金鑫1",
    "description": "",
    "latestVersion": 3,
    "alwaysLatest": 1,
    "createTime": "2019-06-03T07:19:37.000Z",
    "lastUpdateTime": "2019-06-03T07:19:37.000Z",
    "auth": 2,
    "uid": "bd-2769345138",
    "publishedVersion": 0,
    "forkFrom": "-",
    "isSpam": 0,
    "version": 3,
    "parentVersion": 2,
    "echartsVersion": "4.2.1",
    "versionCreateTime": "2019-06-03T07:54:51.000Z",
    "html": "",
    "externalScripts": "",
    "updaterUID": "bd-2769345138",
    "theme": "",
    "layout": "",
    "viewCount": 59,
    "userName": "轩***苦",
    "commentCount": 0,
    "starCount": 0,
    "isStared": 0,
    "thumbnailURL": "https://www.makeapie.com/ecg-storage/ec_gallery_thumbnail/xYQ374IbTI.png?v=1559548492065",
    "isCustomThumbnail": 0,
    "builtinTags": [
        "category-work",
        "grid",
        "series-bar",
        "series-line",
        "toolbox",
        "tooltip"
    ],
    "customTags": [],
    "updaterUserName": "轩***苦"
}