{
    "cid": "x11RpxqS_1",
    "authorUid": "bd-2427534238",
    "authorUserName": "阳***还",
    "title": "渐变色仪表盘",
    "description": "",
    "latestVersion": 1,
    "alwaysLatest": 0,
    "createTime": "2021-09-22T06:41:08.000Z",
    "lastUpdateTime": "2021-09-22T06:41:08.000Z",
    "auth": 2,
    "uid": "bd-2427534238",
    "publishedVersion": 0,
    "forkFrom": "-",
    "isSpam": 0,
    "version": 1,
    "parentVersion": -1,
    "echartsVersion": "5.2.1",
    "versionCreateTime": "2021-09-22T06:41:08.000Z",
    "html": "",
    "externalScripts": "",
    "updaterUID": "bd-2427534238",
    "theme": "",
    "layout": "",
    "viewCount": 0,
    "userName": "阳***还",
    "commentCount": 0,
    "starCount": 2,
    "isStared": 0,
    "thumbnailURL": "https://www.makeapie.com/ecg-storage/ec_gallery_thumbnail/x11RpxqS_1.png?v=1632292868631",
    "isCustomThumbnail": 0,
    "builtinTags": [
        "category-work",
        "series-gauge"
    ],
    "customTags": [],
    "updaterUserName": "阳***还"
}