{
    "cid": "x2ldlqHqmt",
    "authorUid": "obd-o2STmuCUY09mbQUPKD95dB8GXmM6Q6X",
    "authorUserName": "t***1",
    "title": "仪表盘-一般燃料电池车",
    "description": "",
    "latestVersion": 2,
    "alwaysLatest": 0,
    "createTime": "2021-09-20T15:54:42.000Z",
    "lastUpdateTime": "2021-09-20T16:09:29.000Z",
    "auth": 2,
    "uid": "obd-o2STmuCUY09mbQUPKD95dB8GXmM6Q6X",
    "publishedVersion": 0,
    "forkFrom": "-",
    "isSpam": 0,
    "version": 2,
    "parentVersion": 1,
    "echartsVersion": "5.2.0",
    "versionCreateTime": "2021-09-20T16:09:29.000Z",
    "html": "",
    "externalScripts": "",
    "updaterUID": "obd-o2STmuCUY09mbQUPKD95dB8GXmM6Q6X",
    "theme": "",
    "layout": "",
    "viewCount": 0,
    "userName": "t***1",
    "commentCount": 0,
    "starCount": 1,
    "isStared": 0,
    "thumbnailURL": "https://www.makeapie.com/ecg-storage/ec_gallery_thumbnail/x2ldlqHqmt.png?v=1632154169987",
    "isCustomThumbnail": 0,
    "builtinTags": [
        "category-work",
        "polar",
        "series-bar",
        "series-gauge",
        "title"
    ],
    "customTags": [],
    "updaterUserName": "t***1"
}