{
    "cid": "x5F6Ut6Aw2",
    "authorUid": "obd-oN6D-Xicxr5zJi4D9qcWWX5rkmFZHCN",
    "authorUserName": "呀***春",
    "title": "Awesome Chart",
    "description": "",
    "latestVersion": 2,
    "alwaysLatest": 0,
    "createTime": "2021-09-20T14:20:41.000Z",
    "lastUpdateTime": "2021-09-20T14:21:27.000Z",
    "auth": 2,
    "uid": "obd-oN6D-Xicxr5zJi4D9qcWWX5rkmFZHCN",
    "publishedVersion": 0,
    "forkFrom": "-",
    "isSpam": 0,
    "version": 2,
    "parentVersion": 1,
    "echartsVersion": "5.2.0",
    "versionCreateTime": "2021-09-20T14:21:28.000Z",
    "html": "",
    "externalScripts": "",
    "updaterUID": "obd-oN6D-Xicxr5zJi4D9qcWWX5rkmFZHCN",
    "theme": "",
    "layout": "",
    "viewCount": 0,
    "userName": "呀***春",
    "commentCount": 0,
    "starCount": 0,
    "isStared": 0,
    "thumbnailURL": "https://www.makeapie.com/ecg-storage/ec_gallery_thumbnail/x5F6Ut6Aw2.png?v=1632147688139",
    "isCustomThumbnail": 0,
    "builtinTags": [
        "category-work",
        "grid",
        "series-bar",
        "title"
    ],
    "customTags": [],
    "updaterUserName": "呀***春"
}