{
    "cid": "xa-CsMk1A7",
    "authorUid": "obd-oEu_pKFRv28Ex2D6sDY4FF97STmsB4E",
    "authorUserName": "p***9",
    "title": "衢州战略图",
    "description": "衢州战略迁徙图",
    "latestVersion": 1,
    "alwaysLatest": 0,
    "createTime": "2021-09-22T07:46:25.000Z",
    "lastUpdateTime": "2021-09-22T07:46:25.000Z",
    "auth": 2,
    "uid": "obd-oEu_pKFRv28Ex2D6sDY4FF97STmsB4E",
    "publishedVersion": 0,
    "forkFrom": "-",
    "isSpam": 0,
    "version": 1,
    "parentVersion": -1,
    "echartsVersion": "5.2.1",
    "versionCreateTime": "2021-09-22T07:46:25.000Z",
    "html": "",
    "externalScripts": "https://cdn.bootcdn.net/ajax/libs/axios/0.21.1/axios.min.js",
    "updaterUID": "obd-oEu_pKFRv28Ex2D6sDY4FF97STmsB4E",
    "theme": "",
    "layout": "",
    "viewCount": 0,
    "userName": "p***9",
    "commentCount": 0,
    "starCount": 1,
    "isStared": 0,
    "thumbnailURL": "https://www.makeapie.com/ecg-storage/ec_gallery_thumbnail/xa-CsMk1A7.png?v=1632296785482",
    "isCustomThumbnail": 0,
    "builtinTags": [
        "category-work",
        "geo",
        "series-effectScatter",
        "series-lines"
    ],
    "customTags": [],
    "updaterUserName": "p***9"
}