{
    "cid": "xaD9zDmw6m",
    "authorUid": "obd-oP6AIpqmTdhf1d_mmbFx-zEcp-xsr9l",
    "authorUserName": "范***飞",
    "title": "环形进度条",
    "description": "完成率",
    "latestVersion": 2,
    "alwaysLatest": 0,
    "createTime": "2021-09-22T09:06:37.000Z",
    "lastUpdateTime": "2021-09-24T01:14:44.000Z",
    "auth": 1,
    "uid": "obd-oP6AIpqmTdhf1d_mmbFx-zEcp-xsr9l",
    "publishedVersion": 0,
    "forkFrom": "-",
    "isSpam": 0,
    "version": 2,
    "parentVersion": 1,
    "echartsVersion": "5.2.1",
    "versionCreateTime": "2021-09-24T01:14:44.000Z",
    "html": "",
    "externalScripts": "",
    "updaterUID": "obd-oP6AIpqmTdhf1d_mmbFx-zEcp-xsr9l",
    "theme": "",
    "layout": "",
    "viewCount": 0,
    "userName": "范***飞",
    "commentCount": 0,
    "starCount": 1,
    "isStared": 0,
    "thumbnailURL": "https://www.makeapie.com/ecg-storage/ec_gallery_thumbnail/xaD9zDmw6m.png?v=1632446084210",
    "isCustomThumbnail": 0,
    "builtinTags": [
        "category-work",
        "polar",
        "series-bar",
        "title"
    ],
    "customTags": [],
    "updaterUserName": "范***飞"
}