{
    "cid": "xQRRYa7jzc",
    "authorUid": "obd-oA1g3d8URwRn7e9vW_b3oThJ5a_ML7d",
    "authorUserName": "轩***3",
    "title": "3D柱状图",
    "description": "",
    "latestVersion": 1,
    "alwaysLatest": 0,
    "createTime": "2021-09-22T07:49:05.000Z",
    "lastUpdateTime": "2021-09-22T07:49:05.000Z",
    "auth": 2,
    "uid": "obd-oA1g3d8URwRn7e9vW_b3oThJ5a_ML7d",
    "publishedVersion": 0,
    "forkFrom": "-",
    "isSpam": 0,
    "version": 1,
    "parentVersion": -1,
    "echartsVersion": "5.2.1",
    "versionCreateTime": "2021-09-22T07:49:05.000Z",
    "html": "",
    "externalScripts": "",
    "updaterUID": "obd-oA1g3d8URwRn7e9vW_b3oThJ5a_ML7d",
    "theme": "",
    "layout": "",
    "viewCount": 0,
    "userName": "轩***3",
    "commentCount": 0,
    "starCount": 2,
    "isStared": 0,
    "thumbnailURL": "https://www.makeapie.com/ecg-storage/ec_gallery_thumbnail/xQRRYa7jzc.png?v=1632296946004",
    "isCustomThumbnail": 0,
    "builtinTags": [
        "category-work",
        "grid",
        "series-bar",
        "series-pictorialBar",
        "tooltip"
    ],
    "customTags": [],
    "updaterUserName": "轩***3"
}