{
    "cid": "xSWWwNoUUr",
    "authorUid": "obd-oFHGbCdR3VXBQrvv0dok8R-NYjhMu57",
    "authorUserName": "影***后",
    "title": "江苏省地图数据高亮轮播展示",
    "description": "数据高亮轮播展示",
    "latestVersion": 5,
    "alwaysLatest": 0,
    "createTime": "2021-09-22T05:46:36.000Z",
    "lastUpdateTime": "2021-09-22T06:40:59.000Z",
    "auth": 2,
    "uid": "obd-oFHGbCdR3VXBQrvv0dok8R-NYjhMu57",
    "publishedVersion": 0,
    "forkFrom": "-",
    "isSpam": 0,
    "version": 5,
    "parentVersion": 4,
    "echartsVersion": "5.2.1",
    "versionCreateTime": "2021-09-22T06:41:00.000Z",
    "html": "",
    "externalScripts": "",
    "updaterUID": "obd-oFHGbCdR3VXBQrvv0dok8R-NYjhMu57",
    "theme": "default",
    "layout": "",
    "viewCount": 0,
    "userName": "影***后",
    "commentCount": 0,
    "starCount": 4,
    "isStared": 0,
    "thumbnailURL": "https://www.makeapie.com/ecg-storage/ec_gallery_thumbnail/xSWWwNoUUr.png?v=1632292860213",
    "isCustomThumbnail": 0,
    "builtinTags": [
        "category-work",
        "geo",
        "series-effectScatter",
        "series-scatter"
    ],
    "customTags": [
        "map"
    ],
    "updaterUserName": "影***后"
}