{
    "cid": "xupuEAo44Q",
    "authorUid": "obd-olnpFw4Uv9yvzwmq4zGnV7KYZ825V0f",
    "authorUserName": "h***i",
    "title": "桑吉图",
    "description": "",
    "latestVersion": 1,
    "alwaysLatest": 0,
    "createTime": "2021-09-22T03:07:44.000Z",
    "lastUpdateTime": "2021-09-22T03:07:44.000Z",
    "auth": 2,
    "uid": "obd-olnpFw4Uv9yvzwmq4zGnV7KYZ825V0f",
    "publishedVersion": 0,
    "forkFrom": "-",
    "isSpam": 0,
    "version": 1,
    "parentVersion": -1,
    "echartsVersion": "5.2.1",
    "versionCreateTime": "2021-09-22T03:07:44.000Z",
    "html": "",
    "externalScripts": "",
    "updaterUID": "obd-olnpFw4Uv9yvzwmq4zGnV7KYZ825V0f",
    "theme": "",
    "layout": "",
    "viewCount": 0,
    "userName": "h***i",
    "commentCount": 0,
    "starCount": 2,
    "isStared": 0,
    "thumbnailURL": "https://www.makeapie.com/ecg-storage/ec_gallery_thumbnail/xupuEAo44Q.png?v=1632280064988",
    "isCustomThumbnail": 0,
    "builtinTags": [
        "category-work",
        "series-sankey",
        "tooltip"
    ],
    "customTags": [],
    "updaterUserName": "h***i"
}