{
    "cid": "xVEs5tUwsU",
    "authorUid": "obd-otBkh-twA9VLc7yc6UjsLy4Jpf5gd88",
    "authorUserName": "U***1",
    "title": "聚合分析",
    "description": "",
    "latestVersion": 11,
    "alwaysLatest": 0,
    "createTime": "2021-09-20T03:31:26.000Z",
    "lastUpdateTime": "2021-09-25T07:55:41.000Z",
    "auth": 2,
    "uid": "obd-otBkh-twA9VLc7yc6UjsLy4Jpf5gd88",
    "publishedVersion": 0,
    "forkFrom": "-",
    "isSpam": 0,
    "version": 11,
    "parentVersion": 10,
    "echartsVersion": "5.2.0",
    "versionCreateTime": "2021-09-25T07:55:41.000Z",
    "html": "",
    "externalScripts": "https://cdn.jsdelivr.net/npm/echarts-stat/dist/ecStat.min.js",
    "updaterUID": "obd-otBkh-twA9VLc7yc6UjsLy4Jpf5gd88",
    "theme": "",
    "layout": "",
    "viewCount": 0,
    "userName": "U***1",
    "commentCount": 0,
    "starCount": 0,
    "isStared": 0,
    "thumbnailURL": "https://www.makeapie.com/ecg-storage/ec_gallery_thumbnail/xVEs5tUwsU.png?v=1632556541461",
    "isCustomThumbnail": 0,
    "builtinTags": [
        "category-work",
        "dataset",
        "grid",
        "series-scatter",
        "tooltip",
        "visualMap"
    ],
    "customTags": [],
    "updaterUserName": "U***1"
}