{
    "cid": "xvlW6SFQLn",
    "authorUid": "obd-oP6AIpqmTdhf1d_mmbFx-zEcp-xsr9l",
    "authorUserName": "范***飞",
    "title": "多色饼图带图例",
    "description": "总事件",
    "latestVersion": 1,
    "alwaysLatest": 0,
    "createTime": "2021-09-22T09:18:46.000Z",
    "lastUpdateTime": "2021-09-22T09:18:46.000Z",
    "auth": 1,
    "uid": "obd-oP6AIpqmTdhf1d_mmbFx-zEcp-xsr9l",
    "publishedVersion": 0,
    "forkFrom": "-",
    "isSpam": 0,
    "version": 1,
    "parentVersion": -1,
    "echartsVersion": "5.2.1",
    "versionCreateTime": "2021-09-22T09:18:46.000Z",
    "html": "",
    "externalScripts": "",
    "updaterUID": "obd-oP6AIpqmTdhf1d_mmbFx-zEcp-xsr9l",
    "theme": "",
    "layout": "",
    "viewCount": 0,
    "userName": "范***飞",
    "commentCount": 0,
    "starCount": 0,
    "isStared": 0,
    "thumbnailURL": "https://www.makeapie.com/ecg-storage/ec_gallery_thumbnail/xvlW6SFQLn.png?v=1632302326289",
    "isCustomThumbnail": 0,
    "builtinTags": [
        "category-work",
        "legend",
        "series-pie",
        "title",
        "tooltip"
    ],
    "customTags": [],
    "updaterUserName": "范***飞"
}