{
    "cid": "xWBKP7LkpL",
    "authorUid": "obd-o25gFplUW0oRft_X58OCbS1QL3KLlBj",
    "authorUserName": "n***l",
    "title": "多系列堆叠折线图",
    "description": "多个系列堆叠，附加折线图，趋势",
    "latestVersion": 2,
    "alwaysLatest": 0,
    "createTime": "2021-09-21T01:11:04.000Z",
    "lastUpdateTime": "2021-09-21T01:11:43.000Z",
    "auth": 2,
    "uid": "obd-o25gFplUW0oRft_X58OCbS1QL3KLlBj",
    "publishedVersion": 0,
    "forkFrom": "-",
    "isSpam": 0,
    "version": 2,
    "parentVersion": 1,
    "echartsVersion": "5.2.0",
    "versionCreateTime": "2021-09-21T01:11:43.000Z",
    "html": "",
    "externalScripts": "",
    "updaterUID": "obd-o25gFplUW0oRft_X58OCbS1QL3KLlBj",
    "theme": "",
    "layout": "",
    "viewCount": 0,
    "userName": "n***l",
    "commentCount": 0,
    "starCount": 4,
    "isStared": 0,
    "thumbnailURL": "https://www.makeapie.com/ecg-storage/ec_gallery_thumbnail/xWBKP7LkpL.png?v=1632186703491",
    "isCustomThumbnail": 0,
    "builtinTags": [
        "category-work",
        "grid",
        "legend",
        "markLine",
        "series-bar",
        "series-line",
        "tooltip"
    ],
    "customTags": [],
    "updaterUserName": "n***l"
}