{
    "cid": "xYkYvYpheR",
    "authorUid": "obd-oAggJkDDGVb2a06vSR3GhbRe_k7ME7e",
    "authorUserName": "染***翼",
    "title": "条形图1",
    "description": "",
    "latestVersion": 2,
    "alwaysLatest": 0,
    "createTime": "2021-09-23T00:21:44.000Z",
    "lastUpdateTime": "2021-09-26T02:49:52.000Z",
    "auth": 2,
    "uid": "obd-oAggJkDDGVb2a06vSR3GhbRe_k7ME7e",
    "publishedVersion": 0,
    "forkFrom": "-",
    "isSpam": 0,
    "version": 2,
    "parentVersion": 1,
    "echartsVersion": "5.2.1",
    "versionCreateTime": "2021-09-26T02:49:52.000Z",
    "html": "",
    "externalScripts": "",
    "updaterUID": "obd-oAggJkDDGVb2a06vSR3GhbRe_k7ME7e",
    "theme": "",
    "layout": "",
    "viewCount": 0,
    "userName": "染***翼",
    "commentCount": 0,
    "starCount": 6,
    "isStared": 0,
    "thumbnailURL": "https://www.makeapie.com/ecg-storage/ec_gallery_thumbnail/xYkYvYpheR.png?v=1632624592741",
    "isCustomThumbnail": 0,
    "builtinTags": [
        "category-work",
        "dataZoom",
        "grid",
        "legend",
        "series-bar",
        "tooltip"
    ],
    "customTags": [],
    "updaterUserName": "染***翼"
}