{
    "cid": "x-4eCAMJ7A",
    "authorUid": "obd-ojMkW5BblJFAS1B37ig5x-GfJIDvfED",
    "authorUserName": "l***7",
    "title": "2018年快递包装处理方式与处理量",
    "description": "",
    "latestVersion": 1,
    "alwaysLatest": 1,
    "createTime": "2020-12-22T15:14:46.000Z",
    "lastUpdateTime": "2020-12-22T15:14:46.000Z",
    "auth": 2,
    "uid": "obd-ojMkW5BblJFAS1B37ig5x-GfJIDvfED",
    "publishedVersion": 0,
    "forkFrom": "-",
    "isSpam": 0,
    "version": 1,
    "parentVersion": -1,
    "echartsVersion": "4.8.0",
    "versionCreateTime": "2020-12-22T15:14:46.000Z",
    "html": "",
    "externalScripts": "",
    "updaterUID": "obd-ojMkW5BblJFAS1B37ig5x-GfJIDvfED",
    "theme": "",
    "layout": "",
    "viewCount": 37,
    "userName": "l***7",
    "commentCount": 0,
    "starCount": 1,
    "isStared": 0,
    "thumbnailURL": "https://www.makeapie.com/ecg-storage/ec_gallery_thumbnail/x-4eCAMJ7A.png?v=1608650086431",
    "isCustomThumbnail": 0,
    "builtinTags": [
        "category-work",
        "legend",
        "series-pie",
        "title",
        "tooltip"
    ],
    "customTags": [],
    "updaterUserName": "l***7"
}