{
    "cid": "x33-zI3BUc",
    "authorUid": "obd-otzvfj8vteYdCiC0yVCJ0txO3Ohut87",
    "authorUserName": "天***2",
    "title": "极坐标玫瑰图饼图",
    "description": "一起学习~",
    "latestVersion": 1,
    "alwaysLatest": 1,
    "createTime": "2020-12-22T14:35:01.000Z",
    "lastUpdateTime": "2020-12-22T14:35:01.000Z",
    "auth": 2,
    "uid": "obd-otzvfj8vteYdCiC0yVCJ0txO3Ohut87",
    "publishedVersion": 0,
    "forkFrom": "-",
    "isSpam": 0,
    "version": 1,
    "parentVersion": -1,
    "echartsVersion": "4.8.0",
    "versionCreateTime": "2020-12-22T14:35:01.000Z",
    "html": "",
    "externalScripts": "",
    "updaterUID": "obd-otzvfj8vteYdCiC0yVCJ0txO3Ohut87",
    "theme": "",
    "layout": "",
    "viewCount": 209,
    "userName": "天***2",
    "commentCount": 0,
    "starCount": 7,
    "isStared": 0,
    "thumbnailURL": "https://www.makeapie.com/ecg-storage/ec_gallery_thumbnail/x33-zI3BUc.png?v=1608647701315",
    "isCustomThumbnail": 0,
    "builtinTags": [
        "category-work",
        "polar",
        "series-pie",
        "tooltip"
    ],
    "customTags": [
        "rosetype"
    ],
    "updaterUserName": "天***2"
}