{
    "cid": "xAdiZ894Sq",
    "authorUid": "obd-olmlg7w-krehHOeg2Ur7CKe92vvsu06",
    "authorUserName": "x***2",
    "title": "X轴多层级嵌套展示",
    "description": "",
    "latestVersion": 1,
    "alwaysLatest": 1,
    "createTime": "2020-12-21T07:58:13.000Z",
    "lastUpdateTime": "2020-12-21T07:58:13.000Z",
    "auth": 2,
    "uid": "obd-olmlg7w-krehHOeg2Ur7CKe92vvsu06",
    "publishedVersion": 0,
    "forkFrom": "-",
    "isSpam": 0,
    "version": 1,
    "parentVersion": -1,
    "echartsVersion": "4.8.0",
    "versionCreateTime": "2020-12-21T07:58:13.000Z",
    "html": "",
    "externalScripts": "",
    "updaterUID": "obd-olmlg7w-krehHOeg2Ur7CKe92vvsu06",
    "theme": "shine",
    "layout": "",
    "viewCount": 124,
    "userName": "x***2",
    "commentCount": 0,
    "starCount": 1,
    "isStared": 0,
    "thumbnailURL": "https://www.makeapie.com/ecg-storage/ec_gallery_thumbnail/xAdiZ894Sq.png?v=1608537493680",
    "isCustomThumbnail": 0,
    "builtinTags": [
        "category-work",
        "grid",
        "legend",
        "series-bar",
        "title"
    ],
    "customTags": [],
    "updaterUserName": "x***2"
}