{
    "cid": "xbnajBo_nE",
    "authorUid": "obd-oEygs0Uq5csuKF489x24Uo7aT0gNi4Z",
    "authorUserName": "亲***北",
    "title": "天气 风向 风速 海浪 预报",
    "description": "示例数据源于 www.seabreeze.com.au",
    "latestVersion": 1,
    "alwaysLatest": 1,
    "createTime": "2020-12-21T07:11:05.000Z",
    "lastUpdateTime": "2020-12-21T07:11:05.000Z",
    "auth": 2,
    "uid": "obd-oEygs0Uq5csuKF489x24Uo7aT0gNi4Z",
    "publishedVersion": 0,
    "forkFrom": "-",
    "isSpam": 0,
    "version": 1,
    "parentVersion": -1,
    "echartsVersion": "4.8.0",
    "versionCreateTime": "2020-12-21T07:11:05.000Z",
    "html": "",
    "externalScripts": "",
    "updaterUID": "obd-oEygs0Uq5csuKF489x24Uo7aT0gNi4Z",
    "theme": "",
    "layout": "",
    "viewCount": 12,
    "userName": "亲***北",
    "commentCount": 0,
    "starCount": 0,
    "isStared": 0,
    "thumbnailURL": "https://www.makeapie.com/ecg-storage/ec_gallery_thumbnail/xbnajBo_nE.png?v=1608534665839",
    "isCustomThumbnail": 0,
    "builtinTags": [
        "category-work",
        "title",
        "tooltip"
    ],
    "customTags": [],
    "updaterUserName": "亲***北"
}