{
    "cid": "xdno60tcsF",
    "authorUid": "obd-ojxkXXNZs2hF_SPrJr_SvPoc_cwH7ER",
    "authorUserName": "庄***圳",
    "title": "排行榜",
    "description": "",
    "latestVersion": 1,
    "alwaysLatest": 1,
    "createTime": "2020-12-21T09:12:58.000Z",
    "lastUpdateTime": "2020-12-21T09:12:58.000Z",
    "auth": 2,
    "uid": "obd-ojxkXXNZs2hF_SPrJr_SvPoc_cwH7ER",
    "publishedVersion": 0,
    "forkFrom": "-",
    "isSpam": 0,
    "version": 1,
    "parentVersion": -1,
    "echartsVersion": "4.8.0",
    "versionCreateTime": "2020-12-21T09:12:58.000Z",
    "html": "",
    "externalScripts": "",
    "updaterUID": "obd-ojxkXXNZs2hF_SPrJr_SvPoc_cwH7ER",
    "theme": "",
    "layout": "",
    "viewCount": 107,
    "userName": "庄***圳",
    "commentCount": 0,
    "starCount": 1,
    "isStared": 0,
    "thumbnailURL": "https://www.makeapie.com/ecg-storage/ec_gallery_thumbnail/xdno60tcsF.png?v=1608541978254",
    "isCustomThumbnail": 0,
    "builtinTags": [
        "category-work",
        "grid",
        "legend",
        "series-bar",
        "toolbox",
        "tooltip"
    ],
    "customTags": [],
    "updaterUserName": "庄***圳"
}