{
    "cid": "xG8nLSzXxR",
    "authorUid": "obd-otzvfj8vteYdCiC0yVCJ0txO3Ohut87",
    "authorUserName": "天***2",
    "title": "对称带点的圆环图",
    "description": "设计灵感来自上一个作品，此为本人魔改版本",
    "latestVersion": 3,
    "alwaysLatest": 1,
    "createTime": "2020-12-21T14:23:13.000Z",
    "lastUpdateTime": "2020-12-21T14:23:13.000Z",
    "auth": 2,
    "uid": "obd-otzvfj8vteYdCiC0yVCJ0txO3Ohut87",
    "publishedVersion": 0,
    "forkFrom": "-",
    "isSpam": 0,
    "version": 3,
    "parentVersion": 2,
    "echartsVersion": "4.8.0",
    "versionCreateTime": "2020-12-21T14:57:17.000Z",
    "html": "",
    "externalScripts": "",
    "updaterUID": "obd-otzvfj8vteYdCiC0yVCJ0txO3Ohut87",
    "theme": "",
    "layout": "",
    "viewCount": 190,
    "userName": "天***2",
    "commentCount": 0,
    "starCount": 8,
    "isStared": 0,
    "thumbnailURL": "https://www.makeapie.com/ecg-storage/ec_gallery_thumbnail/xG8nLSzXxR.png?v=1608562637187",
    "isCustomThumbnail": 0,
    "builtinTags": [
        "category-work",
        "polar",
        "series-bar",
        "series-custom",
        "series-gauge",
        "title"
    ],
    "customTags": [],
    "updaterUserName": "天***2"
}