{
    "cid": "xGXtrAteW9",
    "authorUid": "obd-oDJF7revpJwlFlMXkFcDE_f_Lh1fO14",
    "authorUserName": "z***7",
    "title": "矩阵图",
    "description": "",
    "latestVersion": 2,
    "alwaysLatest": 1,
    "createTime": "2020-12-22T06:11:50.000Z",
    "lastUpdateTime": "2020-12-22T06:11:50.000Z",
    "auth": 2,
    "uid": "obd-oDJF7revpJwlFlMXkFcDE_f_Lh1fO14",
    "publishedVersion": 0,
    "forkFrom": "-",
    "isSpam": 0,
    "version": 2,
    "parentVersion": 1,
    "echartsVersion": "4.8.0",
    "versionCreateTime": "2020-12-22T06:12:11.000Z",
    "html": "",
    "externalScripts": "",
    "updaterUID": "obd-oDJF7revpJwlFlMXkFcDE_f_Lh1fO14",
    "theme": "",
    "layout": "",
    "viewCount": 238,
    "userName": "z***7",
    "commentCount": 0,
    "starCount": 4,
    "isStared": 0,
    "thumbnailURL": "https://www.makeapie.com/ecg-storage/ec_gallery_thumbnail/xGXtrAteW9.png?v=1608617531353",
    "isCustomThumbnail": 0,
    "builtinTags": [
        "category-work",
        "grid",
        "series-scatter",
        "visualMap"
    ],
    "customTags": [
        "散点",
        "气泡",
        "热力"
    ],
    "updaterUserName": "z***7"
}