{
    "cid": "xib7m6ongK",
    "authorUid": "bd-7382906384",
    "authorUserName": "满***6",
    "title": "不一样的圆角环形图",
    "description": "",
    "latestVersion": 1,
    "alwaysLatest": 1,
    "createTime": "2020-12-22T07:26:04.000Z",
    "lastUpdateTime": "2020-12-22T07:26:04.000Z",
    "auth": 2,
    "uid": "bd-7382906384",
    "publishedVersion": 0,
    "forkFrom": "-",
    "isSpam": 0,
    "version": 1,
    "parentVersion": -1,
    "echartsVersion": "4.8.0",
    "versionCreateTime": "2020-12-22T07:26:04.000Z",
    "html": "",
    "externalScripts": "",
    "updaterUID": "bd-7382906384",
    "theme": "",
    "layout": "",
    "viewCount": 40,
    "userName": "满***6",
    "commentCount": 0,
    "starCount": 0,
    "isStared": 0,
    "thumbnailURL": "https://www.makeapie.com/ecg-storage/ec_gallery_thumbnail/xib7m6ongK.png?v=1608621964483",
    "isCustomThumbnail": 0,
    "builtinTags": [
        "category-work",
        "graphic",
        "polar",
        "series-bar",
        "title",
        "tooltip"
    ],
    "customTags": [],
    "updaterUserName": "满***6"
}