{
    "cid": "xIIdGPperO",
    "authorUid": "obd-oAl1pE6a8IK-V1VtIsMUNwEwQjmbQ7b",
    "authorUserName": "西***的",
    "title": "2019年中国三次产业增加值占GDP比重",
    "description": "by syx",
    "latestVersion": 1,
    "alwaysLatest": 1,
    "createTime": "2020-12-23T01:01:31.000Z",
    "lastUpdateTime": "2020-12-23T01:01:31.000Z",
    "auth": 2,
    "uid": "obd-oAl1pE6a8IK-V1VtIsMUNwEwQjmbQ7b",
    "publishedVersion": 0,
    "forkFrom": "-",
    "isSpam": 0,
    "version": 1,
    "parentVersion": -1,
    "echartsVersion": "4.8.0",
    "versionCreateTime": "2020-12-23T01:01:31.000Z",
    "html": "",
    "externalScripts": "",
    "updaterUID": "obd-oAl1pE6a8IK-V1VtIsMUNwEwQjmbQ7b",
    "theme": "",
    "layout": "",
    "viewCount": 111,
    "userName": "西***的",
    "commentCount": 0,
    "starCount": 1,
    "isStared": 0,
    "thumbnailURL": "https://www.makeapie.com/ecg-storage/ec_gallery_thumbnail/xIIdGPperO.png?v=1608685291320",
    "isCustomThumbnail": 0,
    "builtinTags": [
        "category-work",
        "graphic",
        "legend",
        "series-pie",
        "title",
        "toolbox",
        "tooltip"
    ],
    "customTags": [],
    "updaterUserName": "西***的"
}