{
    "cid": "xLI7Kn9Sla",
    "authorUid": "bd-2856137297",
    "authorUserName": "落***青",
    "title": "多环进度图",
    "description": "",
    "latestVersion": 6,
    "alwaysLatest": 1,
    "createTime": "2020-12-21T04:53:33.000Z",
    "lastUpdateTime": "2020-12-21T04:53:33.000Z",
    "auth": 2,
    "uid": "bd-2856137297",
    "publishedVersion": 0,
    "forkFrom": "-",
    "isSpam": 0,
    "version": 6,
    "parentVersion": 5,
    "echartsVersion": "4.8.0",
    "versionCreateTime": "2020-12-24T03:10:29.000Z",
    "html": "",
    "externalScripts": "",
    "updaterUID": "bd-2856137297",
    "theme": "",
    "layout": "",
    "viewCount": 105,
    "userName": "落***青",
    "commentCount": 0,
    "starCount": 0,
    "isStared": 0,
    "thumbnailURL": "https://www.makeapie.com/ecg-storage/ec_gallery_thumbnail/xLI7Kn9Sla.png?v=1608779429821",
    "isCustomThumbnail": 0,
    "builtinTags": [
        "category-work",
        "markPoint",
        "polar",
        "series-bar"
    ],
    "customTags": [],
    "updaterUserName": "落***青"
}