{
    "cid": "xLVLoA0-nZ",
    "authorUid": "obd-oMZbhSm9UgKYBO2al9eDTiUvvYF2i2D",
    "authorUserName": "r***6",
    "title": "库存分布",
    "description": "",
    "latestVersion": 2,
    "alwaysLatest": 1,
    "createTime": "2020-12-20T11:59:11.000Z",
    "lastUpdateTime": "2020-12-20T11:59:11.000Z",
    "auth": 2,
    "uid": "obd-oMZbhSm9UgKYBO2al9eDTiUvvYF2i2D",
    "publishedVersion": 0,
    "forkFrom": "-",
    "isSpam": 0,
    "version": 2,
    "parentVersion": 1,
    "echartsVersion": "4.8.0",
    "versionCreateTime": "2020-12-20T12:02:54.000Z",
    "html": "",
    "externalScripts": "",
    "updaterUID": "obd-oMZbhSm9UgKYBO2al9eDTiUvvYF2i2D",
    "theme": "",
    "layout": "",
    "viewCount": 630,
    "userName": "r***6",
    "commentCount": 0,
    "starCount": 1,
    "isStared": 0,
    "thumbnailURL": "https://www.makeapie.com/ecg-storage/ec_gallery_thumbnail/xLVLoA0-nZ.png?v=1608465774532",
    "isCustomThumbnail": 0,
    "builtinTags": [
        "category-work",
        "legend",
        "series-pie",
        "title",
        "tooltip"
    ],
    "customTags": [],
    "updaterUserName": "r***6"
}