{
    "cid": "xMaoFbRugi",
    "authorUid": "obd-ojMkW5BblJFAS1B37ig5x-GfJIDvfED",
    "authorUserName": "l***7",
    "title": "2018年快递包装各类型消耗量",
    "description": "",
    "latestVersion": 2,
    "alwaysLatest": 1,
    "createTime": "2020-12-22T15:19:32.000Z",
    "lastUpdateTime": "2020-12-22T15:19:32.000Z",
    "auth": 2,
    "uid": "obd-ojMkW5BblJFAS1B37ig5x-GfJIDvfED",
    "publishedVersion": 0,
    "forkFrom": "-",
    "isSpam": 0,
    "version": 2,
    "parentVersion": 1,
    "echartsVersion": "4.8.0",
    "versionCreateTime": "2020-12-23T04:32:12.000Z",
    "html": "",
    "externalScripts": "",
    "updaterUID": "obd-ojMkW5BblJFAS1B37ig5x-GfJIDvfED",
    "theme": "",
    "layout": "",
    "viewCount": 41,
    "userName": "l***7",
    "commentCount": 0,
    "starCount": 0,
    "isStared": 0,
    "thumbnailURL": "https://www.makeapie.com/ecg-storage/ec_gallery_thumbnail/xMaoFbRugi.png?v=1608697932612",
    "isCustomThumbnail": 0,
    "builtinTags": [
        "category-work",
        "legend",
        "series-pie",
        "title",
        "tooltip"
    ],
    "customTags": [],
    "updaterUserName": "l***7"
}