{
    "cid": "xR_4LWdD4N",
    "authorUid": "obd-o2mg74FfwyHhXevgAXUSg1re_wFg1B8",
    "authorUserName": "l***6",
    "title": "下达各区(新区)",
    "description": "横向进度条柱状图",
    "latestVersion": 1,
    "alwaysLatest": 1,
    "createTime": "2020-12-21T09:51:07.000Z",
    "lastUpdateTime": "2020-12-21T09:51:07.000Z",
    "auth": 1,
    "uid": "obd-o2mg74FfwyHhXevgAXUSg1re_wFg1B8",
    "publishedVersion": 0,
    "forkFrom": "-",
    "isSpam": 0,
    "version": 1,
    "parentVersion": -1,
    "echartsVersion": "4.8.0",
    "versionCreateTime": "2020-12-21T09:51:07.000Z",
    "html": "",
    "externalScripts": "",
    "updaterUID": "obd-o2mg74FfwyHhXevgAXUSg1re_wFg1B8",
    "theme": "",
    "layout": "",
    "viewCount": 93,
    "userName": "l***6",
    "commentCount": 0,
    "starCount": 0,
    "isStared": 0,
    "thumbnailURL": "https://www.makeapie.com/ecg-storage/ec_gallery_thumbnail/xR_4LWdD4N.png?v=1608544268059",
    "isCustomThumbnail": 0,
    "builtinTags": [
        "category-work",
        "grid",
        "legend",
        "series-bar",
        "title",
        "tooltip"
    ],
    "customTags": [],
    "updaterUserName": "l***6"
}