{
    "cid": "xRFDjdppfD",
    "authorUid": "obd-oFGxphhzuvF4fw-Y9Ielo5xVg9IHf5G",
    "authorUserName": "所***生",
    "title": "饼图",
    "description": "圆环套饼图",
    "latestVersion": 1,
    "alwaysLatest": 1,
    "createTime": "2020-12-22T02:40:05.000Z",
    "lastUpdateTime": "2020-12-22T02:40:05.000Z",
    "auth": 2,
    "uid": "obd-oFGxphhzuvF4fw-Y9Ielo5xVg9IHf5G",
    "publishedVersion": 0,
    "forkFrom": "-",
    "isSpam": 0,
    "version": 1,
    "parentVersion": -1,
    "echartsVersion": "4.8.0",
    "versionCreateTime": "2020-12-22T02:40:05.000Z",
    "html": "",
    "externalScripts": "",
    "updaterUID": "obd-oFGxphhzuvF4fw-Y9Ielo5xVg9IHf5G",
    "theme": "",
    "layout": "",
    "viewCount": 71,
    "userName": "所***生",
    "commentCount": 0,
    "starCount": 0,
    "isStared": 0,
    "thumbnailURL": "https://www.makeapie.com/ecg-storage/ec_gallery_thumbnail/xRFDjdppfD.png?v=1608604805522",
    "isCustomThumbnail": 0,
    "builtinTags": [
        "category-work",
        "graphic",
        "legend",
        "series-pie",
        "title",
        "tooltip"
    ],
    "customTags": [],
    "updaterUserName": "所***生"
}