{
    "cid": "xyPnlQ4YtY",
    "authorUid": "bd-2856137297",
    "authorUserName": "落***青",
    "title": "单柱",
    "description": "",
    "latestVersion": 3,
    "alwaysLatest": 1,
    "createTime": "2020-12-21T09:40:40.000Z",
    "lastUpdateTime": "2020-12-21T09:40:40.000Z",
    "auth": 2,
    "uid": "bd-2856137297",
    "publishedVersion": 0,
    "forkFrom": "-",
    "isSpam": 0,
    "version": 3,
    "parentVersion": 2,
    "echartsVersion": "4.8.0",
    "versionCreateTime": "2020-12-21T10:02:50.000Z",
    "html": "",
    "externalScripts": "",
    "updaterUID": "bd-2856137297",
    "theme": "",
    "layout": "",
    "viewCount": 27,
    "userName": "落***青",
    "commentCount": 0,
    "starCount": 0,
    "isStared": 0,
    "thumbnailURL": "https://www.makeapie.com/ecg-storage/ec_gallery_thumbnail/xyPnlQ4YtY.png?v=1608544970743",
    "isCustomThumbnail": 0,
    "builtinTags": [
        "category-work",
        "grid",
        "markPoint",
        "series-bar",
        "series-line"
    ],
    "customTags": [],
    "updaterUserName": "落***青"
}