{
    "cid": "xB1soR6jkM",
    "authorUid": "bd-1588710136",
    "authorUserName": "思桐111",
    "title": "你爱的喜剧符合大众口味吗",
    "description": "",
    "latestVersion": 1,
    "alwaysLatest": 1,
    "createTime": "2017-11-17T02:51:15.000Z",
    "lastUpdateTime": "2017-11-17T02:51:15.000Z",
    "auth": 2,
    "uid": "bd-1588710136",
    "publishedVersion": 0,
    "forkFrom": "-",
    "isSpam": 0,
    "version": 1,
    "parentVersion": -1,
    "echartsVersion": "3.8.0",
    "versionCreateTime": "2017-11-17T02:51:15.000Z",
    "html": "",
    "externalScripts": "",
    "updaterUID": "bd-1588710136",
    "theme": "macarons",
    "layout": "",
    "viewCount": 528,
    "userName": "思桐111",
    "commentCount": 0,
    "starCount": 2,
    "isStared": 0,
    "thumbnailURL": "https://www.makeapie.com/ecg-storage/ec_gallery_thumbnail/xB1soR6jkM.png?v=1510887075393",
    "isCustomThumbnail": 0,
    "builtinTags": [
        "category-work",
        "grid",
        "series-bar",
        "title"
    ],
    "customTags": [],
    "updaterUserName": "思桐111"
}