{
    "cid": "xBJjc06skz",
    "authorUid": "bd-2661858923",
    "authorUserName": "刘静然刘静然",
    "title": "Awesome Chart ",
    "description": "",
    "latestVersion": 1,
    "alwaysLatest": 1,
    "createTime": "2017-11-17T02:50:58.000Z",
    "lastUpdateTime": "2017-11-17T02:50:58.000Z",
    "auth": 2,
    "uid": "bd-2661858923",
    "publishedVersion": 0,
    "forkFrom": "-",
    "isSpam": 0,
    "version": 1,
    "parentVersion": -1,
    "echartsVersion": "3.8.0",
    "versionCreateTime": "2017-11-17T02:50:58.000Z",
    "html": "",
    "externalScripts": "",
    "updaterUID": "bd-2661858923",
    "theme": "macarons",
    "layout": "",
    "viewCount": 253,
    "userName": "刘静然刘静然",
    "commentCount": 0,
    "starCount": 0,
    "isStared": 0,
    "thumbnailURL": "https://www.makeapie.com/ecg-storage/ec_gallery_thumbnail/xBJjc06skz.png?v=1510887058800",
    "isCustomThumbnail": 0,
    "builtinTags": [
        "category-work",
        "grid",
        "series-bar",
        "title"
    ],
    "customTags": [],
    "updaterUserName": "刘静然刘静然"
}