{
    "cid": "xBJLVhhckM",
    "authorUid": "bd-1488472830",
    "authorUserName": "丨***点",
    "title": "柱状，折线，饼状统计！",
    "description": "统计12个月数据，点击柱状显示当月饼状图数据统计！",
    "latestVersion": 2,
    "alwaysLatest": 1,
    "createTime": "2017-11-16T07:20:13.000Z",
    "lastUpdateTime": "2017-11-16T07:20:13.000Z",
    "auth": 2,
    "uid": "bd-1488472830",
    "publishedVersion": 0,
    "forkFrom": "-",
    "isSpam": 0,
    "version": 2,
    "parentVersion": 1,
    "echartsVersion": "3.8.0",
    "versionCreateTime": "2017-11-17T01:54:35.000Z",
    "html": "",
    "externalScripts": "",
    "updaterUID": "bd-1488472830",
    "theme": "",
    "layout": "",
    "viewCount": 2391,
    "userName": "丨***点",
    "commentCount": 0,
    "starCount": 7,
    "isStared": 0,
    "thumbnailURL": "https://www.makeapie.com/ecg-storage/ec_gallery_thumbnail/xBJLVhhckM.png?v=1510816813859",
    "isCustomThumbnail": 1,
    "builtinTags": [
        "category-work",
        "grid",
        "series-bar",
        "series-line",
        "series-pie"
    ],
    "customTags": [],
    "updaterUserName": "丨***点"
}