{
    "cid": "xH198CajkM",
    "authorUid": "bd-2653749744",
    "authorUserName": "黑暗骑士勃起",
    "title": "Graph 简单示例",
    "description": "",
    "latestVersion": 2,
    "alwaysLatest": 1,
    "createTime": "2017-11-17T02:49:54.000Z",
    "lastUpdateTime": "2017-11-17T02:49:54.000Z",
    "auth": 2,
    "uid": "bd-2653749744",
    "publishedVersion": 0,
    "forkFrom": "-",
    "isSpam": 0,
    "version": 2,
    "parentVersion": 1,
    "echartsVersion": "3.8.0",
    "versionCreateTime": "2017-11-17T02:52:55.000Z",
    "html": "",
    "externalScripts": "",
    "updaterUID": "bd-2653749744",
    "theme": "",
    "layout": "",
    "viewCount": 2732,
    "userName": "黑暗骑士勃起",
    "commentCount": 0,
    "starCount": 3,
    "isStared": 0,
    "thumbnailURL": "https://www.makeapie.com/ecg-storage/ec_gallery_thumbnail/xH198CajkM.png?v=1510887175879",
    "isCustomThumbnail": 0,
    "builtinTags": [
        "category-work",
        "markArea",
        "markLine",
        "markPoint",
        "series-graph",
        "title",
        "tooltip"
    ],
    "customTags": [],
    "updaterUserName": "黑暗骑士勃起"
}