{
    "cid": "xHJo-J29yf",
    "authorUid": "bd-3038329137",
    "authorUserName": "魏***0",
    "title": "任务完成数统计",
    "description": "数据来源，纯属猜想，请勿当真",
    "latestVersion": 1,
    "alwaysLatest": 1,
    "createTime": "2017-11-16T06:24:02.000Z",
    "lastUpdateTime": "2017-11-16T06:24:02.000Z",
    "auth": 2,
    "uid": "bd-3038329137",
    "publishedVersion": 0,
    "forkFrom": "-",
    "isSpam": 0,
    "version": 1,
    "parentVersion": -1,
    "echartsVersion": "3.8.0",
    "versionCreateTime": "2017-11-16T06:24:02.000Z",
    "html": "",
    "externalScripts": "",
    "updaterUID": "bd-3038329137",
    "theme": "",
    "layout": "",
    "viewCount": 476,
    "userName": "魏***0",
    "commentCount": 0,
    "starCount": 1,
    "isStared": 0,
    "thumbnailURL": "https://www.makeapie.com/ecg-storage/ec_gallery_thumbnail/xHJo-J29yf.png?v=1510813443008",
    "isCustomThumbnail": 0,
    "builtinTags": [
        "category-work",
        "series-pie",
        "title",
        "tooltip"
    ],
    "customTags": [
        "pie",
        "半圆"
    ],
    "updaterUserName": "魏***0"
}