{
    "cid": "xHJPszncJM",
    "authorUid": "bd-3038329137",
    "authorUserName": "魏***0",
    "title": "仪表盘",
    "description": "纯属虚构",
    "latestVersion": 2,
    "alwaysLatest": 1,
    "createTime": "2017-11-16T06:39:26.000Z",
    "lastUpdateTime": "2017-11-16T06:39:26.000Z",
    "auth": 2,
    "uid": "bd-3038329137",
    "publishedVersion": 0,
    "forkFrom": "-",
    "isSpam": 0,
    "version": 2,
    "parentVersion": 1,
    "echartsVersion": "3.8.0",
    "versionCreateTime": "2017-11-16T06:42:43.000Z",
    "html": "",
    "externalScripts": "",
    "updaterUID": "bd-3038329137",
    "theme": "",
    "layout": "",
    "viewCount": 1869,
    "userName": "魏***0",
    "commentCount": 0,
    "starCount": 5,
    "isStared": 0,
    "thumbnailURL": "https://www.makeapie.com/ecg-storage/ec_gallery_thumbnail/xHJPszncJM.png?v=1510814563374",
    "isCustomThumbnail": 0,
    "builtinTags": [
        "category-work",
        "series-gauge",
        "title",
        "toolbox",
        "tooltip"
    ],
    "customTags": [
        "gauge",
        "仪表盘"
    ],
    "updaterUserName": "魏***0"
}