{
    "cid": "xHyOnC6skG",
    "authorUid": "bd-3844623567",
    "authorUserName": "_薰衣草purple",
    "title": "little cute",
    "description": "",
    "latestVersion": 1,
    "alwaysLatest": 1,
    "createTime": "2017-11-17T02:51:28.000Z",
    "lastUpdateTime": "2017-11-17T02:51:28.000Z",
    "auth": 2,
    "uid": "bd-3844623567",
    "publishedVersion": 0,
    "forkFrom": "-",
    "isSpam": 0,
    "version": 1,
    "parentVersion": -1,
    "echartsVersion": "3.8.0",
    "versionCreateTime": "2017-11-17T02:51:28.000Z",
    "html": "",
    "externalScripts": "",
    "updaterUID": "bd-3844623567",
    "theme": "macarons",
    "layout": "",
    "viewCount": 322,
    "userName": "_薰衣草purple",
    "commentCount": 0,
    "starCount": 2,
    "isStared": 0,
    "thumbnailURL": "https://www.makeapie.com/ecg-storage/ec_gallery_thumbnail/xHyOnC6skG.png?v=1510887088329",
    "isCustomThumbnail": 0,
    "builtinTags": [
        "category-work",
        "grid",
        "series-line",
        "title"
    ],
    "customTags": [],
    "updaterUserName": "_薰衣草purple"
}