{
    "cid": "xr12oATsyM",
    "authorUid": "bd-242845983",
    "authorUserName": "赤鸟语",
    "title": "每日喝水量",
    "description": "",
    "latestVersion": 1,
    "alwaysLatest": 1,
    "createTime": "2017-11-17T02:51:16.000Z",
    "lastUpdateTime": "2017-11-17T02:51:16.000Z",
    "auth": 2,
    "uid": "bd-242845983",
    "publishedVersion": 0,
    "forkFrom": "-",
    "isSpam": 0,
    "version": 1,
    "parentVersion": -1,
    "echartsVersion": "3.8.0",
    "versionCreateTime": "2017-11-17T02:51:16.000Z",
    "html": "",
    "externalScripts": "",
    "updaterUID": "bd-242845983",
    "theme": "",
    "layout": "",
    "viewCount": 24,
    "userName": "赤鸟语",
    "commentCount": 0,
    "starCount": 0,
    "isStared": 0,
    "thumbnailURL": "https://www.makeapie.com/ecg-storage/ec_gallery_thumbnail/xr12oATsyM.png?v=1510887076224",
    "isCustomThumbnail": 0,
    "builtinTags": [
        "category-work",
        "grid",
        "series-bar",
        "title"
    ],
    "customTags": [],
    "updaterUserName": "赤鸟语"
}