{
    "cid": "xr15Wk0okz",
    "authorUid": "bd-2054763569",
    "authorUserName": "瑶乖瑶",
    "title": "雷狗的悲惨生活",
    "description": "",
    "latestVersion": 1,
    "alwaysLatest": 1,
    "createTime": "2017-11-17T02:52:49.000Z",
    "lastUpdateTime": "2017-11-17T02:52:49.000Z",
    "auth": 2,
    "uid": "bd-2054763569",
    "publishedVersion": 0,
    "forkFrom": "-",
    "isSpam": 0,
    "version": 1,
    "parentVersion": -1,
    "echartsVersion": "3.8.0",
    "versionCreateTime": "2017-11-17T02:52:49.000Z",
    "html": "",
    "externalScripts": "",
    "updaterUID": "bd-2054763569",
    "theme": "macarons",
    "layout": "",
    "viewCount": 35,
    "userName": "瑶乖瑶",
    "commentCount": 0,
    "starCount": 1,
    "isStared": 0,
    "thumbnailURL": "https://www.makeapie.com/ecg-storage/ec_gallery_thumbnail/xr15Wk0okz.png?v=1510887169753",
    "isCustomThumbnail": 0,
    "builtinTags": [
        "category-work",
        "grid",
        "series-bar",
        "title"
    ],
    "customTags": [],
    "updaterUserName": "瑶乖瑶"
}