{
    "cid": "xrk1qSCjJz",
    "authorUid": "bd-2336113825",
    "authorUserName": "Snow丶hang",
    "title": "2222",
    "description": "",
    "latestVersion": 3,
    "alwaysLatest": 1,
    "createTime": "2017-11-17T03:20:38.000Z",
    "lastUpdateTime": "2017-11-17T03:22:53.000Z",
    "auth": 2,
    "uid": "bd-2336113825",
    "publishedVersion": 0,
    "forkFrom": "-",
    "isSpam": 0,
    "version": 3,
    "parentVersion": 2,
    "echartsVersion": "3.8.0",
    "versionCreateTime": "2017-11-17T03:46:13.000Z",
    "html": "",
    "externalScripts": "",
    "updaterUID": "bd-2336113825",
    "theme": "vintage",
    "layout": "",
    "viewCount": 42,
    "userName": "Snow丶hang",
    "commentCount": 0,
    "starCount": 0,
    "isStared": 0,
    "thumbnailURL": "https://www.makeapie.com/ecg-storage/ec_gallery_thumbnail/xrk1qSCjJz.png?v=1510890373940",
    "isCustomThumbnail": 0,
    "builtinTags": [
        "category-work",
        "legend",
        "series-pie",
        "title",
        "tooltip"
    ],
    "customTags": [],
    "updaterUserName": "Snow丶hang"
}