{
    "cid": "xrkiCA6jyG",
    "authorUid": "bd-1235958611",
    "authorUserName": "微ldx19970209",
    "title": "000",
    "description": "",
    "latestVersion": 1,
    "alwaysLatest": 1,
    "createTime": "2017-11-17T02:52:02.000Z",
    "lastUpdateTime": "2017-11-17T02:52:02.000Z",
    "auth": 2,
    "uid": "bd-1235958611",
    "publishedVersion": 0,
    "forkFrom": "-",
    "isSpam": 0,
    "version": 1,
    "parentVersion": -1,
    "echartsVersion": "3.8.0",
    "versionCreateTime": "2017-11-17T02:52:02.000Z",
    "html": "",
    "externalScripts": "",
    "updaterUID": "bd-1235958611",
    "theme": "vintage",
    "layout": "",
    "viewCount": 3585,
    "userName": "微ldx19970209",
    "commentCount": 0,
    "starCount": 0,
    "isStared": 0,
    "thumbnailURL": "https://www.makeapie.com/ecg-storage/ec_gallery_thumbnail/xrkiCA6jyG.png?v=1510887122758",
    "isCustomThumbnail": 0,
    "builtinTags": [
        "category-work",
        "grid",
        "series-bar",
        "title"
    ],
    "customTags": [],
    "updaterUserName": "微ldx19970209"
}