{
    "cid": "xSkdzKaq1f",
    "authorUid": "bd-1413343222",
    "authorUserName": "YoReay",
    "title": "渐变圆环图",
    "description": "",
    "latestVersion": 1,
    "alwaysLatest": 1,
    "createTime": "2017-11-16T08:15:11.000Z",
    "lastUpdateTime": "2017-11-16T08:15:11.000Z",
    "auth": 2,
    "uid": "bd-1413343222",
    "publishedVersion": 0,
    "forkFrom": "-",
    "isSpam": 0,
    "version": 1,
    "parentVersion": -1,
    "echartsVersion": "3.8.0",
    "versionCreateTime": "2017-11-16T08:15:11.000Z",
    "html": "",
    "externalScripts": "",
    "updaterUID": "bd-1413343222",
    "theme": "",
    "layout": "",
    "viewCount": 206,
    "userName": "YoReay",
    "commentCount": 0,
    "starCount": 2,
    "isStared": 0,
    "thumbnailURL": "https://www.makeapie.com/ecg-storage/ec_gallery_thumbnail/xSkdzKaq1f.png?v=1510820111774",
    "isCustomThumbnail": 0,
    "builtinTags": [
        "category-work",
        "series-pie"
    ],
    "customTags": [],
    "updaterUserName": "YoReay"
}