{
    "cid": "xSyeQsApjJG",
    "authorUid": "bd-2110743805",
    "authorUserName": "182******37",
    "title": "joke",
    "description": "this is my fist work",
    "latestVersion": 1,
    "alwaysLatest": 1,
    "createTime": "2017-11-17T02:51:07.000Z",
    "lastUpdateTime": "2017-11-17T02:51:07.000Z",
    "auth": 2,
    "uid": "bd-2110743805",
    "publishedVersion": 0,
    "forkFrom": "-",
    "isSpam": 0,
    "version": 1,
    "parentVersion": -1,
    "echartsVersion": "3.8.0",
    "versionCreateTime": "2017-11-17T02:51:07.000Z",
    "html": "",
    "externalScripts": "",
    "updaterUID": "bd-2110743805",
    "theme": "dark",
    "layout": "",
    "viewCount": 9,
    "userName": "182******37",
    "commentCount": 0,
    "starCount": 0,
    "isStared": 0,
    "thumbnailURL": "https://www.makeapie.com/ecg-storage/ec_gallery_thumbnail/xSyeQsApjJG.png?v=1510887067548",
    "isCustomThumbnail": 0,
    "builtinTags": [
        "category-work",
        "grid",
        "series-bar",
        "title"
    ],
    "customTags": [],
    "updaterUserName": "182******37"
}