{
    "cid": "xSyO6ATo1M",
    "authorUid": "bd-3363640760",
    "authorUserName": "188******67",
    "title": "一日内水果售卖数量",
    "description": "老师让分享自己的第一个作品哇哈哈哈哈哈啊哈哈哈",
    "latestVersion": 1,
    "alwaysLatest": 1,
    "createTime": "2017-11-17T02:51:43.000Z",
    "lastUpdateTime": "2017-11-17T02:51:43.000Z",
    "auth": 2,
    "uid": "bd-3363640760",
    "publishedVersion": 0,
    "forkFrom": "-",
    "isSpam": 0,
    "version": 1,
    "parentVersion": -1,
    "echartsVersion": "3.8.0",
    "versionCreateTime": "2017-11-17T02:51:43.000Z",
    "html": "",
    "externalScripts": "",
    "updaterUID": "bd-3363640760",
    "theme": "macarons",
    "layout": "",
    "viewCount": 36,
    "userName": "188******67",
    "commentCount": 0,
    "starCount": 0,
    "isStared": 0,
    "thumbnailURL": "https://www.makeapie.com/ecg-storage/ec_gallery_thumbnail/xSyO6ATo1M.png?v=1510887104037",
    "isCustomThumbnail": 0,
    "builtinTags": [
        "category-work",
        "grid",
        "series-bar",
        "title"
    ],
    "customTags": [],
    "updaterUserName": "188******67"
}