{
    "cid": "xSySYrAjJf",
    "authorUid": "bd-3808523808",
    "authorUserName": "Henry婴儿",
    "title": "",
    "description": "",
    "latestVersion": 5,
    "alwaysLatest": 1,
    "createTime": "2017-11-17T03:20:29.000Z",
    "lastUpdateTime": "2017-11-17T03:21:25.000Z",
    "auth": 2,
    "uid": "bd-3808523808",
    "publishedVersion": 0,
    "forkFrom": "-",
    "isSpam": 0,
    "version": 5,
    "parentVersion": 4,
    "echartsVersion": "3.8.0",
    "versionCreateTime": "2017-12-11T07:53:17.000Z",
    "html": "",
    "externalScripts": "",
    "updaterUID": "bd-3808523808",
    "theme": "vintage",
    "layout": "",
    "viewCount": 43,
    "userName": "Henry婴儿",
    "commentCount": 0,
    "starCount": 1,
    "isStared": 0,
    "thumbnailURL": "https://www.makeapie.com/ecg-storage/ec_gallery_thumbnail/xSySYrAjJf.png?v=1512978797164",
    "isCustomThumbnail": 0,
    "builtinTags": [
        "category-work",
        "legend",
        "series-pie",
        "title",
        "tooltip"
    ],
    "customTags": [],
    "updaterUserName": "Henry婴儿"
}