{
    "cid": "xBkFa9WuEX",
    "authorUid": "bd-2504319651",
    "authorUserName": "QQ地0",
    "title": "已卖车辆车主年龄分布",
    "description": "分析车辆车主年龄分布",
    "latestVersion": 2,
    "alwaysLatest": 1,
    "createTime": "2018-07-27T03:00:17.000Z",
    "lastUpdateTime": "2018-07-27T03:00:17.000Z",
    "auth": 2,
    "uid": "bd-2504319651",
    "publishedVersion": 0,
    "forkFrom": "-",
    "isSpam": 0,
    "version": 2,
    "parentVersion": 1,
    "echartsVersion": "4.1.0",
    "versionCreateTime": "2018-07-27T03:35:37.000Z",
    "html": "",
    "externalScripts": "",
    "updaterUID": "bd-2504319651",
    "theme": "",
    "layout": "",
    "viewCount": 1044,
    "userName": "QQ地0",
    "commentCount": 0,
    "starCount": 6,
    "isStared": 0,
    "thumbnailURL": "https://www.makeapie.com/ecg-storage/ec_gallery_thumbnail/xBkFa9WuEX.png?v=1532662537608",
    "isCustomThumbnail": 0,
    "builtinTags": [
        "category-work",
        "legend",
        "series-pie",
        "series-sunburst",
        "title",
        "tooltip"
    ],
    "customTags": [],
    "updaterUserName": "QQ地0"
}