{
    "cid": "xByetMGw4m",
    "authorUid": "bd-1496628851",
    "authorUserName": "prince流叶花",
    "title": "hetiantian",
    "description": "fangchan",
    "latestVersion": 1,
    "alwaysLatest": 1,
    "createTime": "2018-07-26T09:20:56.000Z",
    "lastUpdateTime": "2018-07-26T09:20:56.000Z",
    "auth": 2,
    "uid": "bd-1496628851",
    "publishedVersion": 0,
    "forkFrom": "-",
    "isSpam": 0,
    "version": 1,
    "parentVersion": -1,
    "echartsVersion": "4.1.0",
    "versionCreateTime": "2018-07-26T09:20:56.000Z",
    "html": "",
    "externalScripts": "",
    "updaterUID": "bd-1496628851",
    "theme": "",
    "layout": "",
    "viewCount": 39,
    "userName": "prince流叶花",
    "commentCount": 0,
    "starCount": 0,
    "isStared": 0,
    "thumbnailURL": "https://www.makeapie.com/ecg-storage/ec_gallery_thumbnail/xByetMGw4m.png?v=1532596856572",
    "isCustomThumbnail": 0,
    "builtinTags": [
        "category-work",
        "grid",
        "series-line",
        "title"
    ],
    "customTags": [],
    "updaterUserName": "prince流叶花"
}