{
    "cid": "xBytY1SOVQ",
    "authorUid": "bd-2504319651",
    "authorUserName": "QQ地0",
    "title": "双向图",
    "description": "",
    "latestVersion": 9,
    "alwaysLatest": 1,
    "createTime": "2018-07-27T06:45:21.000Z",
    "lastUpdateTime": "2018-07-27T06:45:21.000Z",
    "auth": 2,
    "uid": "bd-2504319651",
    "publishedVersion": 0,
    "forkFrom": "-",
    "isSpam": 0,
    "version": 9,
    "parentVersion": 8,
    "echartsVersion": "4.1.0",
    "versionCreateTime": "2018-07-27T08:01:51.000Z",
    "html": "",
    "externalScripts": "",
    "updaterUID": "bd-2504319651",
    "theme": "",
    "layout": "",
    "viewCount": 230,
    "userName": "QQ地0",
    "commentCount": 0,
    "starCount": 0,
    "isStared": 0,
    "thumbnailURL": "https://www.makeapie.com/ecg-storage/ec_gallery_thumbnail/xBytY1SOVQ.png?v=1532678511677",
    "isCustomThumbnail": 0,
    "builtinTags": [
        "category-work",
        "grid",
        "legend",
        "series-bar",
        "timeline",
        "title"
    ],
    "customTags": [],
    "updaterUserName": "QQ地0"
}