{
    "cid": "xHk9T7Bu4Q",
    "authorUid": "bd-2504319651",
    "authorUserName": "QQ地0",
    "title": "双向图2",
    "description": "",
    "latestVersion": 1,
    "alwaysLatest": 1,
    "createTime": "2018-07-27T07:03:29.000Z",
    "lastUpdateTime": "2018-07-27T07:03:29.000Z",
    "auth": 2,
    "uid": "bd-2504319651",
    "publishedVersion": 0,
    "forkFrom": "-",
    "isSpam": 0,
    "version": 1,
    "parentVersion": -1,
    "echartsVersion": "4.1.0",
    "versionCreateTime": "2018-07-27T07:03:29.000Z",
    "html": "",
    "externalScripts": "",
    "updaterUID": "bd-2504319651",
    "theme": "",
    "layout": "",
    "viewCount": 434,
    "userName": "QQ地0",
    "commentCount": 0,
    "starCount": 2,
    "isStared": 0,
    "thumbnailURL": "https://www.makeapie.com/ecg-storage/ec_gallery_thumbnail/xHk9T7Bu4Q.png?v=1532675009697",
    "isCustomThumbnail": 0,
    "builtinTags": [
        "category-work",
        "grid",
        "legend",
        "series-bar",
        "timeline",
        "title"
    ],
    "customTags": [],
    "updaterUserName": "QQ地0"
}