{
    "cid": "xHkFQceOEm",
    "authorUid": "bd-2504319651",
    "authorUserName": "QQ地0",
    "title": "已卖车辆车主年龄分布",
    "description": "",
    "latestVersion": 2,
    "alwaysLatest": 1,
    "createTime": "2018-07-27T01:49:21.000Z",
    "lastUpdateTime": "2018-07-27T01:49:21.000Z",
    "auth": 2,
    "uid": "bd-2504319651",
    "publishedVersion": 0,
    "forkFrom": "-",
    "isSpam": 0,
    "version": 2,
    "parentVersion": 1,
    "echartsVersion": "4.1.0",
    "versionCreateTime": "2018-07-27T02:36:04.000Z",
    "html": "",
    "externalScripts": "",
    "updaterUID": "bd-2504319651",
    "theme": "",
    "layout": "",
    "viewCount": 1272,
    "userName": "QQ地0",
    "commentCount": 0,
    "starCount": 12,
    "isStared": 0,
    "thumbnailURL": "https://www.makeapie.com/ecg-storage/ec_gallery_thumbnail/xHkFQceOEm.png?v=1532658964491",
    "isCustomThumbnail": 0,
    "builtinTags": [
        "category-work",
        "polar",
        "series-bar"
    ],
    "customTags": [],
    "updaterUserName": "QQ地0"
}