{
    "cid": "xHksYXCT47",
    "authorUid": "bd-2504319651",
    "authorUserName": "QQ地0",
    "title": "大北京7月份城区景点帅哥美女统计",
    "description": "统计2",
    "latestVersion": 1,
    "alwaysLatest": 1,
    "createTime": "2018-07-31T12:18:10.000Z",
    "lastUpdateTime": "2018-07-31T12:18:10.000Z",
    "auth": 2,
    "uid": "bd-2504319651",
    "publishedVersion": 0,
    "forkFrom": "-",
    "isSpam": 0,
    "version": 1,
    "parentVersion": -1,
    "echartsVersion": "4.1.0",
    "versionCreateTime": "2018-07-31T12:18:10.000Z",
    "html": "",
    "externalScripts": "",
    "updaterUID": "bd-2504319651",
    "theme": "",
    "layout": "",
    "viewCount": 139,
    "userName": "QQ地0",
    "commentCount": 0,
    "starCount": 0,
    "isStared": 0,
    "thumbnailURL": "https://www.makeapie.com/ecg-storage/ec_gallery_thumbnail/xHksYXCT47.png?v=1533039490727",
    "isCustomThumbnail": 0,
    "builtinTags": [
        "category-work",
        "grid",
        "legend",
        "series-bar",
        "timeline",
        "title"
    ],
    "customTags": [],
    "updaterUserName": "QQ地0"
}