{
    "cid": "xHyU6qlhEQ",
    "authorUid": "bd-1373032287",
    "authorUserName": "坠情朵yw",
    "title": "werhwerhwerh",
    "description": "34578345734583",
    "latestVersion": 1,
    "alwaysLatest": 1,
    "createTime": "2018-07-30T02:41:02.000Z",
    "lastUpdateTime": "2018-07-30T02:41:02.000Z",
    "auth": 2,
    "uid": "bd-1373032287",
    "publishedVersion": 0,
    "forkFrom": "-",
    "isSpam": 0,
    "version": 1,
    "parentVersion": -1,
    "echartsVersion": "4.1.0",
    "versionCreateTime": "2018-07-30T02:41:02.000Z",
    "html": "",
    "externalScripts": "",
    "updaterUID": "bd-1373032287",
    "theme": "",
    "layout": "",
    "viewCount": 23,
    "userName": "坠情朵yw",
    "commentCount": 0,
    "starCount": 0,
    "isStared": 0,
    "thumbnailURL": "https://www.makeapie.com/ecg-storage/ec_gallery_thumbnail/xHyU6qlhEQ.png?v=1532918462317",
    "isCustomThumbnail": 0,
    "builtinTags": [
        "category-work",
        "grid",
        "series-line",
        "title"
    ],
    "customTags": [],
    "updaterUserName": "坠情朵yw"
}