{
    "cid": "xry5kEfD4Q",
    "authorUid": "bd-1496628851",
    "authorUserName": "prince流叶花",
    "title": "Awesome Chart",
    "description": "房产",
    "latestVersion": 1,
    "alwaysLatest": 1,
    "createTime": "2018-07-26T09:26:58.000Z",
    "lastUpdateTime": "2018-07-26T09:26:58.000Z",
    "auth": 1,
    "uid": "bd-1496628851",
    "publishedVersion": 0,
    "forkFrom": "-",
    "isSpam": 0,
    "version": 1,
    "parentVersion": -1,
    "echartsVersion": "4.1.0",
    "versionCreateTime": "2018-07-26T09:26:58.000Z",
    "html": "",
    "externalScripts": "",
    "updaterUID": "bd-1496628851",
    "theme": "",
    "layout": "",
    "viewCount": 17,
    "userName": "prince流叶花",
    "commentCount": 0,
    "starCount": 0,
    "isStared": 0,
    "thumbnailURL": "https://www.makeapie.com/ecg-storage/ec_gallery_thumbnail/xry5kEfD4Q.png?v=1532597218843",
    "isCustomThumbnail": 0,
    "builtinTags": [
        "category-work",
        "grid",
        "series-line",
        "title"
    ],
    "customTags": [],
    "updaterUserName": "prince流叶花"
}