{
    "cid": "xryguRmdEm",
    "authorUid": "bd-322519332",
    "authorUserName": "现实世界的新手",
    "title": "教室使用率",
    "description": "测试一下",
    "latestVersion": 2,
    "alwaysLatest": 1,
    "createTime": "2018-07-27T05:32:23.000Z",
    "lastUpdateTime": "2018-07-27T05:32:23.000Z",
    "auth": 2,
    "uid": "bd-322519332",
    "publishedVersion": 0,
    "forkFrom": "-",
    "isSpam": 0,
    "version": 2,
    "parentVersion": 1,
    "echartsVersion": "4.1.0",
    "versionCreateTime": "2018-07-27T05:57:26.000Z",
    "html": "",
    "externalScripts": "http://api.map.baidu.com/api?v=2.0&ak=ZUONbpqGBsYGXNIYHicvbAbM,http://gallery.echartsjs.com/dep/echarts/latest/extension/bmap.min.js,/dep/echarts/latest/extension/bmap.min.js",
    "updaterUID": "bd-322519332",
    "theme": "",
    "layout": "",
    "viewCount": 33,
    "userName": "现实世界的新手",
    "commentCount": 0,
    "starCount": 0,
    "isStared": 0,
    "thumbnailURL": "https://www.makeapie.com/ecg-storage/ec_gallery_thumbnail/xryguRmdEm.undefined?v=",
    "isCustomThumbnail": 0,
    "builtinTags": [
        "category-work"
    ],
    "customTags": [],
    "updaterUserName": "现实世界的新手"
}