{
    "cid": "xS1jMxuOVm",
    "authorUid": "bd-3071805135",
    "authorUserName": "周***T",
    "title": "echarts-wordCloud 词云",
    "description": "",
    "latestVersion": 5,
    "alwaysLatest": 1,
    "createTime": "2018-07-27T10:12:34.000Z",
    "lastUpdateTime": "2018-07-27T10:12:34.000Z",
    "auth": 2,
    "uid": "bd-3071805135",
    "publishedVersion": 0,
    "forkFrom": "-",
    "isSpam": 0,
    "version": 5,
    "parentVersion": 2,
    "echartsVersion": "4.1.0",
    "versionCreateTime": "2018-08-01T16:02:54.000Z",
    "html": "",
    "externalScripts": "http://echarts.baidu.com/christmas/echarts-wordcloud.min.js,http://data-visual.cn/datav/src/js/echarts/extension/echarts-wordcloud.min.js",
    "updaterUID": "bd-3071805135",
    "theme": "",
    "layout": "",
    "viewCount": 4105,
    "userName": "周***T",
    "commentCount": 1,
    "starCount": 4,
    "isStared": 0,
    "thumbnailURL": "https://www.makeapie.com/ecg-storage/ec_gallery_thumbnail/xS1jMxuOVm.png?v=1533139374932",
    "isCustomThumbnail": 0,
    "builtinTags": [
        "category-work",
        "series-wordCloud",
        "tooltip"
    ],
    "customTags": [
        "词云"
    ],
    "updaterUserName": "周***T"
}