{
    "cid": "xSJi4kfvVX",
    "authorUid": "bd-1496628851",
    "authorUserName": "prince流叶花",
    "title": "何甜甜-二手房",
    "description": "房产",
    "latestVersion": 1,
    "alwaysLatest": 1,
    "createTime": "2018-07-26T09:06:59.000Z",
    "lastUpdateTime": "2018-07-26T09:06:59.000Z",
    "auth": 1,
    "uid": "bd-1496628851",
    "publishedVersion": 0,
    "forkFrom": "-",
    "isSpam": 0,
    "version": 1,
    "parentVersion": -1,
    "echartsVersion": "4.1.0",
    "versionCreateTime": "2018-07-26T09:06:59.000Z",
    "html": "",
    "externalScripts": "http://webapi.amap.com/maps?v=1.4.6&key=71b7119ba58b3e113a95951ccf340381,http://webapi.amap.com/ui/1.0/main.js?v=1.0.11,https://d3js.org/d3.v5.min.js",
    "updaterUID": "bd-1496628851",
    "theme": "",
    "layout": "",
    "viewCount": 10,
    "userName": "prince流叶花",
    "commentCount": 0,
    "starCount": 0,
    "isStared": 0,
    "thumbnailURL": "https://www.makeapie.com/ecg-storage/ec_gallery_thumbnail/xSJi4kfvVX.undefined?v=",
    "isCustomThumbnail": 0,
    "builtinTags": [
        "category-work"
    ],
    "customTags": [],
    "updaterUserName": "prince流叶花"
}