{
    "cid": "xSJuLyM_NQ",
    "authorUid": "bd-35734317",
    "authorUserName": "泪o0无痕",
    "title": "AQI指数",
    "description": "方便下次使用",
    "latestVersion": 2,
    "alwaysLatest": 1,
    "createTime": "2018-07-27T03:19:44.000Z",
    "lastUpdateTime": "2018-07-27T03:19:44.000Z",
    "auth": 2,
    "uid": "bd-35734317",
    "publishedVersion": 0,
    "forkFrom": "-",
    "isSpam": 0,
    "version": 2,
    "parentVersion": 1,
    "echartsVersion": "4.1.0",
    "versionCreateTime": "2018-08-01T16:01:09.000Z",
    "html": "",
    "externalScripts": "",
    "updaterUID": "bd-35734317",
    "theme": "",
    "layout": "",
    "viewCount": 798,
    "userName": "泪o0无痕",
    "commentCount": 0,
    "starCount": 1,
    "isStared": 0,
    "thumbnailURL": "https://www.makeapie.com/ecg-storage/ec_gallery_thumbnail/xSJuLyM_NQ.png?v=1533139269916",
    "isCustomThumbnail": 0,
    "builtinTags": [
        "category-work",
        "series-gauge"
    ],
    "customTags": [],
    "updaterUserName": "泪o0无痕"
}