{
    "cid": "xSkIMfGuEQ",
    "authorUid": "bd-1606641265",
    "authorUserName": "你***1",
    "title": "subtextStyle.rich",
    "description": "echarts富文本样式的使用",
    "latestVersion": 1,
    "alwaysLatest": 1,
    "createTime": "2018-07-27T03:31:26.000Z",
    "lastUpdateTime": "2018-07-27T03:31:26.000Z",
    "auth": 2,
    "uid": "bd-1606641265",
    "publishedVersion": 0,
    "forkFrom": "-",
    "isSpam": 0,
    "version": 1,
    "parentVersion": -1,
    "echartsVersion": "4.1.0",
    "versionCreateTime": "2018-07-27T03:31:26.000Z",
    "html": "",
    "externalScripts": "http://echarts.baidu.com/resource/echarts-gl-latest/dist/echarts-gl.min.js",
    "updaterUID": "bd-1606641265",
    "theme": "",
    "layout": "",
    "viewCount": 139,
    "userName": "你***1",
    "commentCount": 0,
    "starCount": 0,
    "isStared": 0,
    "thumbnailURL": "https://www.makeapie.com/ecg-storage/ec_gallery_thumbnail/xSkIMfGuEQ.png?v=1532662286399",
    "isCustomThumbnail": 0,
    "builtinTags": [
        "category-work",
        "grid",
        "series-bar",
        "title",
        "tooltip"
    ],
    "customTags": [],
    "updaterUserName": "你***1"
}