{
    "cid": "xSyKXBWwE7",
    "authorUid": "bd-3005307301",
    "authorUserName": "李***1",
    "title": "七大区域",
    "description": "",
    "latestVersion": 1,
    "alwaysLatest": 1,
    "createTime": "2018-07-26T08:24:01.000Z",
    "lastUpdateTime": "2018-07-26T08:24:01.000Z",
    "auth": 2,
    "uid": "bd-3005307301",
    "publishedVersion": 0,
    "forkFrom": "-",
    "isSpam": 0,
    "version": 1,
    "parentVersion": -1,
    "echartsVersion": "4.1.0",
    "versionCreateTime": "2018-07-26T08:24:01.000Z",
    "html": "",
    "externalScripts": "/dep/echarts/map/js/china.js",
    "updaterUID": "bd-3005307301",
    "theme": "",
    "layout": "",
    "viewCount": 12518,
    "userName": "李***1",
    "commentCount": 0,
    "starCount": 30,
    "isStared": 0,
    "thumbnailURL": "https://www.makeapie.com/ecg-storage/ec_gallery_thumbnail/xSyKXBWwE7.png?v=1532593441364",
    "isCustomThumbnail": 0,
    "builtinTags": [
        "category-work",
        "geo",
        "series-map",
        "title",
        "tooltip",
        "visualMap"
    ],
    "customTags": [],
    "updaterUserName": "李***1"
}