{
    "cid": "xSyO58xOEm",
    "authorUid": "bd-1158218442",
    "authorUserName": "J***r",
    "title": "雨夜",
    "description": "",
    "latestVersion": 1,
    "alwaysLatest": 1,
    "createTime": "2018-07-27T01:34:08.000Z",
    "lastUpdateTime": "2018-07-27T01:34:08.000Z",
    "auth": 2,
    "uid": "bd-1158218442",
    "publishedVersion": 0,
    "forkFrom": "-",
    "isSpam": 0,
    "version": 1,
    "parentVersion": -1,
    "echartsVersion": "4.1.0",
    "versionCreateTime": "2018-07-27T01:34:08.000Z",
    "html": "",
    "externalScripts": "",
    "updaterUID": "bd-1158218442",
    "theme": "",
    "layout": "",
    "viewCount": 2013,
    "userName": "J***r",
    "commentCount": 4,
    "starCount": 18,
    "isStared": 0,
    "thumbnailURL": "https://www.makeapie.com/ecg-storage/ec_gallery_thumbnail/xSyO58xOEm.png?v=1532655248571",
    "isCustomThumbnail": 1,
    "builtinTags": [
        "category-work",
        "grid",
        "series-graph",
        "series-line",
        "series-scatter"
    ],
    "customTags": [],
    "updaterUserName": "J***r"
}