{
    "cid": "xSyxeZrwEQ",
    "authorUid": "bd-3124196793",
    "authorUserName": "151******25",
    "title": "城市排名",
    "description": "数据来自网络",
    "latestVersion": 2,
    "alwaysLatest": 1,
    "createTime": "2018-07-26T12:39:04.000Z",
    "lastUpdateTime": "2018-07-26T12:39:04.000Z",
    "auth": 1,
    "uid": "bd-3124196793",
    "publishedVersion": 0,
    "forkFrom": "-",
    "isSpam": 0,
    "version": 2,
    "parentVersion": 1,
    "echartsVersion": "4.1.0",
    "versionCreateTime": "2018-07-27T06:59:35.000Z",
    "html": "",
    "externalScripts": "",
    "updaterUID": "bd-3124196793",
    "theme": "",
    "layout": "",
    "viewCount": 200,
    "userName": "151******25",
    "commentCount": 0,
    "starCount": 4,
    "isStared": 0,
    "thumbnailURL": "https://www.makeapie.com/ecg-storage/ec_gallery_thumbnail/xSyxeZrwEQ.png?v=1532674775182",
    "isCustomThumbnail": 0,
    "builtinTags": [
        "category-work",
        "grid",
        "legend",
        "series-bar"
    ],
    "customTags": [],
    "updaterUserName": "151******25"
}