{
    "cid": "x-0PxHSlcp",
    "authorUid": "bd-2903669626",
    "authorUserName": "z***2",
    "title": "地图",
    "description": "",
    "latestVersion": 6,
    "alwaysLatest": 1,
    "createTime": "2019-03-26T03:23:00.000Z",
    "lastUpdateTime": "2019-03-26T03:23:00.000Z",
    "auth": 2,
    "uid": "bd-2903669626",
    "publishedVersion": 0,
    "forkFrom": "-",
    "isSpam": 0,
    "version": 6,
    "parentVersion": 5,
    "echartsVersion": "4.2.1",
    "versionCreateTime": "2019-06-17T08:23:57.000Z",
    "html": "",
    "externalScripts": "/dep/echarts/map/js/china.js",
    "updaterUID": "bd-2903669626",
    "theme": "",
    "layout": "",
    "viewCount": 2446,
    "userName": "z***2",
    "commentCount": 0,
    "starCount": 5,
    "isStared": 0,
    "thumbnailURL": "https://www.makeapie.com/ecg-storage/ec_gallery_thumbnail/x-0PxHSlcp.png?v=1560759837751",
    "isCustomThumbnail": 0,
    "builtinTags": [
        "category-work",
        "geo",
        "series-map",
        "tooltip",
        "visualMap"
    ],
    "customTags": [],
    "updaterUserName": "z***2"
}