{
    "cid": "x3cs4_PrwD",
    "authorUid": "bd-273162918",
    "authorUserName": "泉水老坛",
    "title": "福建地图测试",
    "description": "数据来源网络（单位：万）",
    "latestVersion": 1,
    "alwaysLatest": 1,
    "createTime": "2019-03-23T15:01:29.000Z",
    "lastUpdateTime": "2019-03-23T15:01:29.000Z",
    "auth": 2,
    "uid": "bd-273162918",
    "publishedVersion": 0,
    "forkFrom": "-",
    "isSpam": 0,
    "version": 1,
    "parentVersion": -1,
    "echartsVersion": "4.2.1",
    "versionCreateTime": "2019-03-23T15:01:29.000Z",
    "html": "",
    "externalScripts": "",
    "updaterUID": "bd-273162918",
    "theme": "",
    "layout": "",
    "viewCount": 2427,
    "userName": "泉水老坛",
    "commentCount": 0,
    "starCount": 2,
    "isStared": 0,
    "thumbnailURL": "https://www.makeapie.com/ecg-storage/ec_gallery_thumbnail/x3cs4_PrwD.png?v=1553353289788",
    "isCustomThumbnail": 0,
    "builtinTags": [
        "category-work",
        "graphic",
        "legend",
        "series-map",
        "title",
        "toolbox",
        "tooltip",
        "visualMap"
    ],
    "customTags": [],
    "updaterUserName": "泉水老坛"
}