{
    "cid": "x3ltwmyz6P",
    "authorUid": "bd-2466829054",
    "authorUserName": "7***7",
    "title": "Step Line",
    "description": "官网用例， 高度图测试",
    "latestVersion": 2,
    "alwaysLatest": 1,
    "createTime": "2019-03-27T03:20:41.000Z",
    "lastUpdateTime": "2019-03-27T03:20:41.000Z",
    "auth": 2,
    "uid": "bd-2466829054",
    "publishedVersion": 0,
    "forkFrom": "-",
    "isSpam": 0,
    "version": 2,
    "parentVersion": 1,
    "echartsVersion": "4.2.1",
    "versionCreateTime": "2019-03-27T06:02:25.000Z",
    "html": "",
    "externalScripts": "",
    "updaterUID": "bd-2466829054",
    "theme": "",
    "layout": "",
    "viewCount": 141,
    "userName": "7***7",
    "commentCount": 0,
    "starCount": 0,
    "isStared": 0,
    "thumbnailURL": "https://www.makeapie.com/ecg-storage/ec_gallery_thumbnail/x3ltwmyz6P.png?v=1553666545447",
    "isCustomThumbnail": 0,
    "builtinTags": [
        "category-work",
        "grid",
        "series-line"
    ],
    "customTags": [],
    "updaterUserName": "7***7"
}