{
    "cid": "xC4dcdgsq9",
    "authorUid": "bd-842440411",
    "authorUserName": "夏虫不语冰G",
    "title": "全国新闻记者年龄分布情况（数据来源：中国记协）",
    "description": "",
    "latestVersion": 2,
    "alwaysLatest": 1,
    "createTime": "2019-03-25T14:13:06.000Z",
    "lastUpdateTime": "2019-03-25T14:13:06.000Z",
    "auth": 2,
    "uid": "bd-842440411",
    "publishedVersion": 0,
    "forkFrom": "-",
    "isSpam": 0,
    "version": 2,
    "parentVersion": 1,
    "echartsVersion": "4.2.1",
    "versionCreateTime": "2019-03-25T14:17:36.000Z",
    "html": "",
    "externalScripts": "",
    "updaterUID": "bd-842440411",
    "theme": "",
    "layout": "",
    "viewCount": 72,
    "userName": "夏虫不语冰G",
    "commentCount": 0,
    "starCount": 0,
    "isStared": 0,
    "thumbnailURL": "https://www.makeapie.com/ecg-storage/ec_gallery_thumbnail/xC4dcdgsq9.png?v=1553523456561",
    "isCustomThumbnail": 0,
    "builtinTags": [
        "category-work",
        "series-pie",
        "title",
        "tooltip",
        "visualMap"
    ],
    "customTags": [],
    "updaterUserName": "夏虫不语冰G"
}