{
    "cid": "xN5MDvxzcw",
    "authorUid": "bd-1547248901",
    "authorUserName": "段***8",
    "title": "多折线图",
    "description": "",
    "latestVersion": 1,
    "alwaysLatest": 1,
    "createTime": "2019-03-25T09:17:42.000Z",
    "lastUpdateTime": "2019-03-25T09:17:42.000Z",
    "auth": 2,
    "uid": "bd-1547248901",
    "publishedVersion": 0,
    "forkFrom": "-",
    "isSpam": 0,
    "version": 1,
    "parentVersion": -1,
    "echartsVersion": "4.2.1",
    "versionCreateTime": "2019-03-25T09:17:42.000Z",
    "html": "",
    "externalScripts": "",
    "updaterUID": "bd-1547248901",
    "theme": "vintage",
    "layout": "",
    "viewCount": 206,
    "userName": "段***8",
    "commentCount": 0,
    "starCount": 0,
    "isStared": 0,
    "thumbnailURL": "https://www.makeapie.com/ecg-storage/ec_gallery_thumbnail/xN5MDvxzcw.png?v=1553505462762",
    "isCustomThumbnail": 0,
    "builtinTags": [
        "category-work",
        "grid",
        "legend",
        "markLine",
        "markPoint",
        "series-line",
        "tooltip"
    ],
    "customTags": [],
    "updaterUserName": "段***8"
}