{
    "cid": "xnORwt0jz_",
    "authorUid": "bd-2466829054",
    "authorUserName": "7***7",
    "title": "显示误差值",
    "description": "",
    "latestVersion": 2,
    "alwaysLatest": 1,
    "createTime": "2019-03-25T02:15:18.000Z",
    "lastUpdateTime": "2019-03-25T02:15:18.000Z",
    "auth": 2,
    "uid": "bd-2466829054",
    "publishedVersion": 0,
    "forkFrom": "-",
    "isSpam": 0,
    "version": 2,
    "parentVersion": 1,
    "echartsVersion": "4.2.1",
    "versionCreateTime": "2019-03-25T02:18:27.000Z",
    "html": "",
    "externalScripts": "",
    "updaterUID": "bd-2466829054",
    "theme": "",
    "layout": "",
    "viewCount": 93,
    "userName": "7***7",
    "commentCount": 0,
    "starCount": 1,
    "isStared": 0,
    "thumbnailURL": "https://www.makeapie.com/ecg-storage/ec_gallery_thumbnail/xnORwt0jz_.png?v=1553480307380",
    "isCustomThumbnail": 0,
    "builtinTags": [
        "category-work",
        "grid",
        "series-custom",
        "series-scatter",
        "title",
        "tooltip"
    ],
    "customTags": [],
    "updaterUserName": "7***7"
}