{
    "cid": "xrMCCIMoat",
    "authorUid": "bd-2662104931",
    "authorUserName": "新新点灯9789",
    "title": "水利知识图谱",
    "description": "简单的水利知识图谱之二，才疏学浅，欢迎批评指正",
    "latestVersion": 2,
    "alwaysLatest": 1,
    "createTime": "2019-03-26T08:01:41.000Z",
    "lastUpdateTime": "2019-03-26T08:01:41.000Z",
    "auth": 2,
    "uid": "bd-2662104931",
    "publishedVersion": 0,
    "forkFrom": "-",
    "isSpam": 0,
    "version": 2,
    "parentVersion": 1,
    "echartsVersion": "4.2.1",
    "versionCreateTime": "2019-03-26T08:07:02.000Z",
    "html": "",
    "externalScripts": "",
    "updaterUID": "bd-2662104931",
    "theme": "",
    "layout": "",
    "viewCount": 217,
    "userName": "新新点灯9789",
    "commentCount": 0,
    "starCount": 0,
    "isStared": 0,
    "thumbnailURL": "https://www.makeapie.com/ecg-storage/ec_gallery_thumbnail/xrMCCIMoat.png?v=1553587623006",
    "isCustomThumbnail": 0,
    "builtinTags": [
        "category-work",
        "legend",
        "series-graph",
        "title",
        "toolbox",
        "tooltip"
    ],
    "customTags": [],
    "updaterUserName": "新新点灯9789"
}