{
    "cid": "xu2bKGkR9Z",
    "authorUid": "bd-3946821039",
    "authorUserName": "哟***3",
    "title": "标题换行",
    "description": "标题换行",
    "latestVersion": 4,
    "alwaysLatest": 1,
    "createTime": "2019-03-26T03:58:02.000Z",
    "lastUpdateTime": "2019-03-26T03:58:02.000Z",
    "auth": 2,
    "uid": "bd-3946821039",
    "publishedVersion": 0,
    "forkFrom": "-",
    "isSpam": 0,
    "version": 4,
    "parentVersion": 3,
    "echartsVersion": "4.2.1",
    "versionCreateTime": "2019-03-26T04:57:03.000Z",
    "html": "",
    "externalScripts": "",
    "updaterUID": "bd-3946821039",
    "theme": "",
    "layout": "",
    "viewCount": 24,
    "userName": "哟***3",
    "commentCount": 0,
    "starCount": 0,
    "isStared": 0,
    "thumbnailURL": "https://www.makeapie.com/ecg-storage/ec_gallery_thumbnail/xu2bKGkR9Z.png?v=1553576223791",
    "isCustomThumbnail": 0,
    "builtinTags": [
        "category-work",
        "grid",
        "series-bar",
        "tooltip"
    ],
    "customTags": [],
    "updaterUserName": "哟***3"
}