{
    "cid": "xWDMTIpKK9",
    "authorUid": "bd-1345026799",
    "authorUserName": "风云再现dragon",
    "title": "Awesome Chart",
    "description": "test",
    "latestVersion": 2,
    "alwaysLatest": 1,
    "createTime": "2019-03-26T01:05:13.000Z",
    "lastUpdateTime": "2019-03-26T01:05:13.000Z",
    "auth": 2,
    "uid": "bd-1345026799",
    "publishedVersion": 0,
    "forkFrom": "-",
    "isSpam": 0,
    "version": 2,
    "parentVersion": 1,
    "echartsVersion": "4.2.1",
    "versionCreateTime": "2019-03-26T01:07:34.000Z",
    "html": "",
    "externalScripts": "",
    "updaterUID": "bd-1345026799",
    "theme": "",
    "layout": "",
    "viewCount": 31,
    "userName": "风云再现dragon",
    "commentCount": 0,
    "starCount": 0,
    "isStared": 0,
    "thumbnailURL": "https://www.makeapie.com/ecg-storage/ec_gallery_thumbnail/xWDMTIpKK9.png?v=1553562454278",
    "isCustomThumbnail": 0,
    "builtinTags": [],
    "customTags": [],
    "updaterUserName": "风云再现dragon"
}