{
    "cid": "xyP-tJdlAs",
    "authorUid": "bd-3174405098",
    "authorUserName": "牧***曾",
    "title": "风向玫瑰图",
    "description": "",
    "latestVersion": 1,
    "alwaysLatest": 1,
    "createTime": "2019-03-25T03:29:27.000Z",
    "lastUpdateTime": "2019-03-25T03:29:27.000Z",
    "auth": 1,
    "uid": "bd-3174405098",
    "publishedVersion": 0,
    "forkFrom": "-",
    "isSpam": 0,
    "version": 1,
    "parentVersion": -1,
    "echartsVersion": "4.2.1",
    "versionCreateTime": "2019-03-25T03:29:27.000Z",
    "html": "",
    "externalScripts": "",
    "updaterUID": "bd-3174405098",
    "theme": "",
    "layout": "",
    "viewCount": 445,
    "userName": "牧***曾",
    "commentCount": 0,
    "starCount": 0,
    "isStared": 0,
    "thumbnailURL": "https://www.makeapie.com/ecg-storage/ec_gallery_thumbnail/xyP-tJdlAs.png?v=1553484567306",
    "isCustomThumbnail": 0,
    "builtinTags": [
        "category-work",
        "polar",
        "series-bar",
        "title",
        "tooltip"
    ],
    "customTags": [],
    "updaterUserName": "牧***曾"
}