{
    "cid": "x-uPjQKM5D",
    "authorUid": "obd-ojYROKFu3ArVZ4EDhCezjbZSUemJQE2",
    "authorUserName": "风***发",
    "title": "移入标签展示详情 tooltip",
    "description": "ehcarts自带的dispatchAction生成tooltip不好使 直接操作dom生成",
    "latestVersion": 1,
    "alwaysLatest": 0,
    "createTime": "2021-05-28T06:55:43.000Z",
    "lastUpdateTime": "2021-05-28T06:55:43.000Z",
    "auth": 2,
    "uid": "obd-ojYROKFu3ArVZ4EDhCezjbZSUemJQE2",
    "publishedVersion": 0,
    "forkFrom": "-",
    "isSpam": 0,
    "version": 1,
    "parentVersion": -1,
    "echartsVersion": "5.1.1",
    "versionCreateTime": "2021-05-28T06:55:43.000Z",
    "html": "",
    "externalScripts": "",
    "updaterUID": "obd-ojYROKFu3ArVZ4EDhCezjbZSUemJQE2",
    "theme": "",
    "layout": "",
    "viewCount": 0,
    "userName": "风***发",
    "commentCount": 0,
    "starCount": 0,
    "isStared": 0,
    "thumbnailURL": "https://www.makeapie.com/ecg-storage/ec_gallery_thumbnail/x-uPjQKM5D.png?v=1622184943525",
    "isCustomThumbnail": 1,
    "builtinTags": [
        "category-work",
        "radar",
        "series-radar",
        "tooltip"
    ],
    "customTags": [],
    "updaterUserName": "风***发"
}