{
    "cid": "x1SRwWmYiJ",
    "authorUid": "obd-o2aT_6t1ydoaj4rycixlrFRhAqMD96I",
    "authorUserName": "B***4",
    "title": "Graph工序流程图",
    "description": "",
    "latestVersion": 3,
    "alwaysLatest": 0,
    "createTime": "2021-05-27T06:06:18.000Z",
    "lastUpdateTime": "2021-05-27T06:06:18.000Z",
    "auth": 2,
    "uid": "obd-o2aT_6t1ydoaj4rycixlrFRhAqMD96I",
    "publishedVersion": 0,
    "forkFrom": "-",
    "isSpam": 0,
    "version": 3,
    "parentVersion": 2,
    "echartsVersion": "5.1.1",
    "versionCreateTime": "2021-05-27T06:07:34.000Z",
    "html": "",
    "externalScripts": "",
    "updaterUID": "obd-o2aT_6t1ydoaj4rycixlrFRhAqMD96I",
    "theme": "default",
    "layout": "",
    "viewCount": 0,
    "userName": "B***4",
    "commentCount": 0,
    "starCount": 2,
    "isStared": 0,
    "thumbnailURL": "https://www.makeapie.com/ecg-storage/ec_gallery_thumbnail/x1SRwWmYiJ.png?v=1622095654841",
    "isCustomThumbnail": 0,
    "builtinTags": [
        "category-work",
        "grid",
        "series-graph"
    ],
    "customTags": [],
    "updaterUserName": "B***4"
}