{
    "cid": "x_b7e4NDd_",
    "authorUid": "obd-oPY-dDto2zmj-z_Q2MFqWiWP8QyYC9N",
    "authorUserName": "150******36",
    "title": "公司满意度调查",
    "description": "",
    "latestVersion": 4,
    "alwaysLatest": 0,
    "createTime": "2021-05-28T06:45:36.000Z",
    "lastUpdateTime": "2021-05-28T06:45:36.000Z",
    "auth": 2,
    "uid": "obd-oPY-dDto2zmj-z_Q2MFqWiWP8QyYC9N",
    "publishedVersion": 0,
    "forkFrom": "-",
    "isSpam": 0,
    "version": 4,
    "parentVersion": 3,
    "echartsVersion": "5.1.1",
    "versionCreateTime": "2021-05-28T07:27:46.000Z",
    "html": "",
    "externalScripts": "",
    "updaterUID": "obd-oPY-dDto2zmj-z_Q2MFqWiWP8QyYC9N",
    "theme": "",
    "layout": "",
    "viewCount": 0,
    "userName": "150******36",
    "commentCount": 0,
    "starCount": 3,
    "isStared": 0,
    "thumbnailURL": "https://www.makeapie.com/ecg-storage/ec_gallery_thumbnail/x_b7e4NDd_.png?v=1622186866309",
    "isCustomThumbnail": 0,
    "builtinTags": [
        "category-work",
        "legend",
        "series-pie",
        "tooltip"
    ],
    "customTags": [],
    "updaterUserName": "150******36"
}