{
    "cid": "xcB42b6X7M",
    "authorUid": "obd-o2pqduIJs9_1vxwcTdu4Dqw6pZ8Vk61",
    "authorUserName": "跟***哒",
    "title": "未来一周气温变化使用time",
    "description": "使用time",
    "latestVersion": 5,
    "alwaysLatest": 0,
    "createTime": "2021-05-27T06:51:24.000Z",
    "lastUpdateTime": "2021-05-27T06:51:24.000Z",
    "auth": 2,
    "uid": "obd-o2pqduIJs9_1vxwcTdu4Dqw6pZ8Vk61",
    "publishedVersion": 0,
    "forkFrom": "-",
    "isSpam": 0,
    "version": 5,
    "parentVersion": 4,
    "echartsVersion": "5.1.1",
    "versionCreateTime": "2021-05-27T07:42:44.000Z",
    "html": "",
    "externalScripts": "",
    "updaterUID": "obd-o2pqduIJs9_1vxwcTdu4Dqw6pZ8Vk61",
    "theme": "",
    "layout": "",
    "viewCount": 0,
    "userName": "跟***哒",
    "commentCount": 0,
    "starCount": 1,
    "isStared": 0,
    "thumbnailURL": "https://www.makeapie.com/ecg-storage/ec_gallery_thumbnail/xcB42b6X7M.png?v=1622101364840",
    "isCustomThumbnail": 0,
    "builtinTags": [
        "category-work",
        "grid",
        "series-line",
        "title",
        "tooltip"
    ],
    "customTags": [],
    "updaterUserName": "跟***哒"
}