{
    "cid": "xhSVb4j_IP",
    "authorUid": "obd-oFH67wZDApRvorNY3nf_AEM9XuXI25C",
    "authorUserName": "d***l",
    "title": "排名 柱图",
    "description": "排名柱状图",
    "latestVersion": 2,
    "alwaysLatest": 1,
    "createTime": "2021-05-28T06:34:55.000Z",
    "lastUpdateTime": "2021-05-28T06:34:55.000Z",
    "auth": 2,
    "uid": "obd-oFH67wZDApRvorNY3nf_AEM9XuXI25C",
    "publishedVersion": 0,
    "forkFrom": "-",
    "isSpam": 0,
    "version": 2,
    "parentVersion": 1,
    "echartsVersion": "5.1.1",
    "versionCreateTime": "2021-05-28T06:37:21.000Z",
    "html": "",
    "externalScripts": "",
    "updaterUID": "obd-oFH67wZDApRvorNY3nf_AEM9XuXI25C",
    "theme": "",
    "layout": "",
    "viewCount": 0,
    "userName": "d***l",
    "commentCount": 0,
    "starCount": 5,
    "isStared": 0,
    "thumbnailURL": "https://www.makeapie.com/ecg-storage/ec_gallery_thumbnail/xhSVb4j_IP.png?v=1622183841998",
    "isCustomThumbnail": 0,
    "builtinTags": [
        "category-work",
        "grid",
        "series-bar"
    ],
    "customTags": [],
    "updaterUserName": "d***l"
}