{
    "cid": "xIWDRhf4vJ",
    "authorUid": "bd-2340065800",
    "authorUserName": "眉***藏",
    "title": "圆环图表",
    "description": "",
    "latestVersion": 1,
    "alwaysLatest": 0,
    "createTime": "2021-05-27T10:15:06.000Z",
    "lastUpdateTime": "2021-05-27T10:15:06.000Z",
    "auth": 2,
    "uid": "bd-2340065800",
    "publishedVersion": 0,
    "forkFrom": "-",
    "isSpam": 0,
    "version": 1,
    "parentVersion": -1,
    "echartsVersion": "5.1.1",
    "versionCreateTime": "2021-05-27T10:15:06.000Z",
    "html": "",
    "externalScripts": "",
    "updaterUID": "bd-2340065800",
    "theme": "",
    "layout": "",
    "viewCount": 0,
    "userName": "眉***藏",
    "commentCount": 0,
    "starCount": 1,
    "isStared": 0,
    "thumbnailURL": "https://www.makeapie.com/ecg-storage/ec_gallery_thumbnail/xIWDRhf4vJ.png?v=1622110506448",
    "isCustomThumbnail": 0,
    "builtinTags": [
        "category-work",
        "series-pie",
        "title"
    ],
    "customTags": [],
    "updaterUserName": "眉***藏"
}