{
    "cid": "xkYjCmziO8",
    "authorUid": "obd-oD-QH9S8m-XIzmxJNrbTxJrzOrWLW1Q",
    "authorUserName": "152*****362",
    "title": "柱状图热力图",
    "description": "柱状图热力图",
    "latestVersion": 1,
    "alwaysLatest": 1,
    "createTime": "2021-05-28T11:53:59.000Z",
    "lastUpdateTime": "2021-05-28T11:53:59.000Z",
    "auth": 2,
    "uid": "obd-oD-QH9S8m-XIzmxJNrbTxJrzOrWLW1Q",
    "publishedVersion": 0,
    "forkFrom": "-",
    "isSpam": 0,
    "version": 1,
    "parentVersion": -1,
    "echartsVersion": "5.1.1",
    "versionCreateTime": "2021-05-28T11:53:59.000Z",
    "html": "",
    "externalScripts": "",
    "updaterUID": "obd-oD-QH9S8m-XIzmxJNrbTxJrzOrWLW1Q",
    "theme": "",
    "layout": "",
    "viewCount": 0,
    "userName": "152*****362",
    "commentCount": 0,
    "starCount": 4,
    "isStared": 0,
    "thumbnailURL": "https://www.makeapie.com/ecg-storage/ec_gallery_thumbnail/xkYjCmziO8.png?v=1622202839377",
    "isCustomThumbnail": 0,
    "builtinTags": [
        "category-work",
        "grid",
        "series-bar",
        "title",
        "tooltip"
    ],
    "customTags": [
        "柱状图热力图",
        "热力图"
    ],
    "updaterUserName": "152*****362"
}