{
    "cid": "xLjEed9Gz5",
    "authorUid": "bd-1528266950",
    "authorUserName": "0***0",
    "title": "",
    "description": "",
    "latestVersion": 1,
    "alwaysLatest": 0,
    "createTime": "2021-05-28T08:33:18.000Z",
    "lastUpdateTime": "2021-05-28T08:33:18.000Z",
    "auth": 2,
    "uid": "bd-1528266950",
    "publishedVersion": 0,
    "forkFrom": "-",
    "isSpam": 0,
    "version": 1,
    "parentVersion": -1,
    "echartsVersion": "5.1.1",
    "versionCreateTime": "2021-05-28T08:33:18.000Z",
    "html": "",
    "externalScripts": "",
    "updaterUID": "bd-1528266950",
    "theme": "",
    "layout": "",
    "viewCount": 0,
    "userName": "0***0",
    "commentCount": 0,
    "starCount": 1,
    "isStared": 0,
    "thumbnailURL": "https://www.makeapie.com/ecg-storage/ec_gallery_thumbnail/xLjEed9Gz5.png?v=1622190798299",
    "isCustomThumbnail": 0,
    "builtinTags": [
        "category-work",
        "grid",
        "legend",
        "series-bar",
        "tooltip"
    ],
    "customTags": [],
    "updaterUserName": "0***0"
}