{
    "cid": "xn8KLVGYdI",
    "authorUid": "obd-o-ae8UGiAcKK4f0BKcynDZHBLQoYNAp",
    "authorUserName": "a***8",
    "title": "旋转特效测试",
    "description": "旋转特效",
    "latestVersion": 4,
    "alwaysLatest": 0,
    "createTime": "2021-05-28T05:50:09.000Z",
    "lastUpdateTime": "2021-12-03T09:20:28.000Z",
    "auth": 1,
    "uid": "obd-o-ae8UGiAcKK4f0BKcynDZHBLQoYNAp",
    "publishedVersion": 0,
    "forkFrom": "-",
    "isSpam": 0,
    "version": 4,
    "parentVersion": 3,
    "echartsVersion": "4.9.0",
    "versionCreateTime": "2021-12-03T09:18:12.000Z",
    "html": "",
    "externalScripts": "https://cdn.jsdelivr.net/npm/echarts-gl@1/dist/echarts-gl.min.js",
    "updaterUID": "obd-o-ae8UGiAcKK4f0BKcynDZHBLQoYNAp",
    "theme": "default",
    "layout": "",
    "viewCount": 0,
    "userName": "a***8",
    "commentCount": 0,
    "starCount": 1,
    "isStared": 0,
    "thumbnailURL": "https://www.makeapie.com/ecg-storage/ec_gallery_thumbnail/xn8KLVGYdI.png?v=1638523229062",
    "isCustomThumbnail": 0,
    "builtinTags": [
        "category-work",
        "grid3D",
        "series-surface"
    ],
    "customTags": [],
    "updaterUserName": "a***8"
}