{
    "cid": "xvNChNab7b",
    "authorUid": "obd-oDLaYoSFpVa9G-BeKFgryxMT-uYIg1s",
    "authorUserName": "1***8",
    "title": "机构占比",
    "description": "",
    "latestVersion": 2,
    "alwaysLatest": 0,
    "createTime": "2021-05-27T12:30:04.000Z",
    "lastUpdateTime": "2021-05-27T12:30:04.000Z",
    "auth": 2,
    "uid": "obd-oDLaYoSFpVa9G-BeKFgryxMT-uYIg1s",
    "publishedVersion": 0,
    "forkFrom": "-",
    "isSpam": 0,
    "version": 2,
    "parentVersion": 1,
    "echartsVersion": "4.9.0",
    "versionCreateTime": "2021-05-27T12:31:40.000Z",
    "html": "",
    "externalScripts": "",
    "updaterUID": "obd-oDLaYoSFpVa9G-BeKFgryxMT-uYIg1s",
    "theme": "",
    "layout": "",
    "viewCount": 0,
    "userName": "1***8",
    "commentCount": 0,
    "starCount": 3,
    "isStared": 0,
    "thumbnailURL": "https://www.makeapie.com/ecg-storage/ec_gallery_thumbnail/xvNChNab7b.png?v=1622118700235",
    "isCustomThumbnail": 0,
    "builtinTags": [
        "category-work",
        "series-gauge",
        "series-pie",
        "title"
    ],
    "customTags": [],
    "updaterUserName": "1***8"
}