{
    "cid": "xyzsJpr1U6",
    "authorUid": "bd-2686933915",
    "authorUserName": "强***神",
    "title": "",
    "description": "",
    "latestVersion": 1,
    "alwaysLatest": 0,
    "createTime": "2021-05-28T07:15:24.000Z",
    "lastUpdateTime": "2021-05-28T07:15:24.000Z",
    "auth": 2,
    "uid": "bd-2686933915",
    "publishedVersion": 0,
    "forkFrom": "-",
    "isSpam": 0,
    "version": 1,
    "parentVersion": -1,
    "echartsVersion": "5.1.1",
    "versionCreateTime": "2021-05-28T07:15:24.000Z",
    "html": "",
    "externalScripts": "",
    "updaterUID": "bd-2686933915",
    "theme": "",
    "layout": "",
    "viewCount": 0,
    "userName": "强***神",
    "commentCount": 0,
    "starCount": 4,
    "isStared": 0,
    "thumbnailURL": "https://www.makeapie.com/ecg-storage/ec_gallery_thumbnail/xyzsJpr1U6.png?v=1622186124972",
    "isCustomThumbnail": 0,
    "builtinTags": [
        "category-work",
        "grid",
        "series-bar",
        "title",
        "tooltip"
    ],
    "customTags": [],
    "updaterUserName": "强***神"
}