{
    "cid": "geo-lines",
    "authorUid": "bd-2135947294",
    "authorUserName": "echarts",
    "title": "模拟迁徙",
    "description": "线数据可视化 + 动画特效",
    "latestVersion": 1,
    "alwaysLatest": 1,
    "createTime": "2016-04-25T11:44:14.000Z",
    "lastUpdateTime": "2016-04-25T11:44:14.000Z",
    "auth": 2,
    "uid": "bd-2135947294",
    "publishedVersion": 0,
    "forkFrom": "-",
    "isSpam": 0,
    "version": 1,
    "parentVersion": -1,
    "echartsVersion": "3.1.6",
    "versionCreateTime": "2016-04-25T11:44:14.000Z",
    "html": "",
    "externalScripts": "/dep/echarts/map/js/china.js",
    "updaterUID": "bd-2135947294",
    "theme": "default",
    "layout": "",
    "viewCount": 62380,
    "userName": "echarts",
    "commentCount": 14,
    "starCount": 140,
    "isStared": 0,
    "thumbnailURL": "https://www.makeapie.com/ecg-storage/ec_gallery_thumbnail/geo-lines.png?v=1461584655167",
    "isCustomThumbnail": 0,
    "builtinTags": [
        "category-work",
        "geo",
        "legend",
        "series-effectScatter",
        "series-lines",
        "title",
        "tooltip"
    ],
    "customTags": [],
    "updaterUserName": "echarts"
}