{
    "cid": "xBkkLDElkZ",
    "authorUid": "bd-2215764494",
    "authorUserName": "p***g",
    "title": "Music Visualization",
    "description": "",
    "latestVersion": 3,
    "alwaysLatest": 1,
    "createTime": "2017-04-28T03:30:14.000Z",
    "lastUpdateTime": "2017-04-28T03:31:16.000Z",
    "auth": 2,
    "uid": "bd-2215764494",
    "publishedVersion": 0,
    "forkFrom": "-",
    "isSpam": 0,
    "version": 3,
    "parentVersion": 2,
    "echartsVersion": "3.8.0",
    "versionCreateTime": "2019-05-22T09:05:02.000Z",
    "html": "",
    "externalScripts": "https://echarts.baidu.com/resource/echarts-gl-latest/dist/echarts-gl.min.js",
    "updaterUID": "bd-2215764494",
    "theme": "default",
    "layout": "",
    "viewCount": 74234,
    "userName": "p***g",
    "commentCount": 19,
    "starCount": 114,
    "isStared": 0,
    "thumbnailURL": "https://www.makeapie.com/ecg-storage/ec_gallery_thumbnail/xBkkLDElkZ.png?v=1493350278382",
    "isCustomThumbnail": 1,
    "builtinTags": [
        "category-work",
        "grid3D",
        "series-bar3D",
        "tooltip",
        "visualMap"
    ],
    "customTags": [
        "echarts-gl"
    ],
    "updaterUserName": "p***g"
}