{
    "cid": "xD295WInq1",
    "authorUid": "obd-o2Ddhxs8w2CRgTDIeNePRpfCS3stZBY",
    "authorUserName": "彭***6",
    "title": "刻度盘3",
    "description": "",
    "latestVersion": 1,
    "alwaysLatest": 0,
    "createTime": "2021-09-22T01:37:19.000Z",
    "lastUpdateTime": "2021-09-22T01:37:19.000Z",
    "auth": 2,
    "uid": "obd-o2Ddhxs8w2CRgTDIeNePRpfCS3stZBY",
    "publishedVersion": 0,
    "forkFrom": "-",
    "isSpam": 0,
    "version": 1,
    "parentVersion": -1,
    "echartsVersion": "5.2.1",
    "versionCreateTime": "2021-09-22T01:37:19.000Z",
    "html": "",
    "externalScripts": "",
    "updaterUID": "obd-o2Ddhxs8w2CRgTDIeNePRpfCS3stZBY",
    "theme": "",
    "layout": "",
    "viewCount": 0,
    "userName": "彭***6",
    "commentCount": 0,
    "starCount": 16,
    "isStared": 0,
    "thumbnailURL": "https://www.makeapie.com/ecg-storage/ec_gallery_thumbnail/xD295WInq1.png?v=1632274639913",
    "isCustomThumbnail": 0,
    "builtinTags": [
        "category-work",
        "series-gauge",
        "series-pie",
        "title"
    ],
    "customTags": [],
    "updaterUserName": "彭***6"
}