{
    "cid": "xH1x8o9Kfx",
    "authorUid": "bd-2500662229",
    "authorUserName": "虚***顶",
    "title": "150种legend-----图例",
    "description": "150种图例的path路径, \nseries的symbol也可以调用",
    "latestVersion": 21,
    "alwaysLatest": 1,
    "createTime": "2016-11-28T11:55:52.000Z",
    "lastUpdateTime": "2016-11-29T09:24:05.000Z",
    "auth": 2,
    "uid": "bd-2500662229",
    "publishedVersion": 0,
    "forkFrom": "-",
    "isSpam": 0,
    "version": 21,
    "parentVersion": 20,
    "echartsVersion": "3.8.0",
    "versionCreateTime": "2018-06-06T09:34:19.000Z",
    "html": "",
    "externalScripts": "",
    "updaterUID": "bd-2500662229",
    "theme": "default",
    "layout": "",
    "viewCount": 22732,
    "userName": "虚***顶",
    "commentCount": 13,
    "starCount": 167,
    "isStared": 0,
    "thumbnailURL": "https://www.makeapie.com/ecg-storage/ec_gallery_thumbnail/xH1x8o9Kfx.png?v=1528277660079",
    "isCustomThumbnail": 0,
    "builtinTags": [
        "category-work",
        "grid",
        "legend",
        "series-bar",
        "title"
    ],
    "customTags": [
        "legend",
        "path"
    ],
    "updaterUserName": "虚***顶"
}