{
    "cid": "xHJ9to6zOx",
    "authorUid": "bd-1512494109",
    "authorUserName": "泰然204",
    "title": "网民上网时间分布",
    "description": "模拟百度流量研究院的网民上网时间分布",
    "latestVersion": 1,
    "alwaysLatest": 1,
    "createTime": "2017-02-04T03:33:22.000Z",
    "lastUpdateTime": "2017-02-04T03:33:22.000Z",
    "auth": 2,
    "uid": "bd-1512494109",
    "publishedVersion": 0,
    "forkFrom": "-",
    "isSpam": 0,
    "version": 1,
    "parentVersion": -1,
    "echartsVersion": "3.4.0",
    "versionCreateTime": "2017-02-04T03:33:22.000Z",
    "html": "",
    "externalScripts": "",
    "updaterUID": "bd-1512494109",
    "theme": "",
    "layout": "",
    "viewCount": 32992,
    "userName": "泰然204",
    "commentCount": 12,
    "starCount": 105,
    "isStared": 0,
    "thumbnailURL": "https://www.makeapie.com/ecg-storage/ec_gallery_thumbnail/xHJ9to6zOx.png?v=1486179202929",
    "isCustomThumbnail": 0,
    "builtinTags": [
        "category-work",
        "series-gauge",
        "series-pie",
        "title",
        "tooltip"
    ],
    "customTags": [],
    "updaterUserName": "泰然204"
}