{
    "cid": "xHJDyokLHb",
    "authorUid": "bd-4245162170",
    "authorUserName": "zsts_liucheng",
    "title": "分渠道／分级别投诉占比",
    "description": "",
    "latestVersion": 2,
    "alwaysLatest": 1,
    "createTime": "2017-07-14T06:55:27.000Z",
    "lastUpdateTime": "2017-07-14T06:55:27.000Z",
    "auth": 2,
    "uid": "bd-4245162170",
    "publishedVersion": 0,
    "forkFrom": "-",
    "isSpam": 0,
    "version": 2,
    "parentVersion": 1,
    "echartsVersion": "3.6.2",
    "versionCreateTime": "2017-07-18T06:11:02.000Z",
    "html": "",
    "externalScripts": "",
    "updaterUID": "bd-4245162170",
    "theme": "",
    "layout": "",
    "viewCount": 32801,
    "userName": "zsts_liucheng",
    "commentCount": 4,
    "starCount": 112,
    "isStared": 0,
    "thumbnailURL": "https://www.makeapie.com/ecg-storage/ec_gallery_thumbnail/xHJDyokLHb.png?v=1500358262856",
    "isCustomThumbnail": 0,
    "builtinTags": [
        "category-work",
        "grid",
        "series-bar",
        "series-pie",
        "title",
        "tooltip"
    ],
    "customTags": [],
    "updaterUserName": "zsts_liucheng"
}