{
    "cid": "xI-Zi66O0p",
    "authorUid": "obd-otOk5ZEAExiozOwnZuEXHFXdmuGYE8d",
    "authorUserName": "你***啊",
    "title": "外层柱状图",
    "description": "",
    "latestVersion": 3,
    "alwaysLatest": 0,
    "createTime": "2021-10-29T08:30:46.000Z",
    "lastUpdateTime": "2021-10-29T08:59:28.000Z",
    "auth": 2,
    "uid": "obd-otOk5ZEAExiozOwnZuEXHFXdmuGYE8d",
    "publishedVersion": 0,
    "forkFrom": "-",
    "isSpam": 0,
    "version": 3,
    "parentVersion": 2,
    "echartsVersion": "5.2.1",
    "versionCreateTime": "2021-10-29T08:59:28.000Z",
    "html": "",
    "externalScripts": "",
    "updaterUID": "obd-otOk5ZEAExiozOwnZuEXHFXdmuGYE8d",
    "theme": "",
    "layout": "",
    "viewCount": 0,
    "userName": "你***啊",
    "commentCount": 0,
    "starCount": 18,
    "isStared": 0,
    "thumbnailURL": "https://www.makeapie.com/ecg-storage/ec_gallery_thumbnail/xI-Zi66O0p.png?v=1635497968367",
    "isCustomThumbnail": 0,
    "builtinTags": [
        "category-work",
        "grid",
        "series-bar",
        "series-pictorialBar",
        "tooltip"
    ],
    "customTags": [],
    "updaterUserName": "你***啊"
}