{
    "cid": "xJ8RSNxhcQ",
    "authorUid": "obd-o-WeIDz9pQFG3HlZjbY3v-MnvKKSvAj",
    "authorUserName": "王***表",
    "title": "3d饼图",
    "description": "",
    "latestVersion": 2,
    "alwaysLatest": 0,
    "createTime": "2021-12-02T09:50:34.000Z",
    "lastUpdateTime": "2022-01-15T10:18:05.000Z",
    "auth": 1,
    "uid": "obd-o-WeIDz9pQFG3HlZjbY3v-MnvKKSvAj",
    "publishedVersion": 0,
    "forkFrom": "-",
    "isSpam": 0,
    "version": 2,
    "parentVersion": 1,
    "echartsVersion": "4.9.0",
    "versionCreateTime": "2022-01-15T10:18:05.000Z",
    "html": "",
    "externalScripts": "https://cdn.jsdelivr.net/npm/echarts-gl@1/dist/echarts-gl.min.js",
    "updaterUID": "obd-oAg5TMRWt2jDUvWLAe9z8PnGuvb8B7I",
    "theme": "",
    "layout": "",
    "viewCount": 0,
    "userName": "王***表",
    "commentCount": 0,
    "starCount": 13,
    "isStared": 0,
    "thumbnailURL": "https://www.makeapie.com/ecg-storage/ec_gallery_thumbnail/xJ8RSNxhcQ.png?v=1642241885243",
    "isCustomThumbnail": 0,
    "builtinTags": [
        "category-work",
        "grid3D",
        "legend",
        "series-surface",
        "title",
        "tooltip"
    ],
    "customTags": [
        "3d"
    ],
    "updaterUserName": "解***子"
}