{
    "cid": "xMEP0eokWA",
    "authorUid": "obd-oDCaFX31jiwTXKlwjh_k6OKioVP0t1E",
    "authorUserName": "s***姊",
    "title": "漂亮的关系图",
    "description": "",
    "latestVersion": 7,
    "alwaysLatest": 0,
    "createTime": "2021-09-03T10:10:51.000Z",
    "lastUpdateTime": "2021-12-02T02:45:06.000Z",
    "auth": 2,
    "uid": "obd-oDCaFX31jiwTXKlwjh_k6OKioVP0t1E",
    "publishedVersion": 0,
    "forkFrom": "-",
    "isSpam": 0,
    "version": 7,
    "parentVersion": 6,
    "echartsVersion": "5.1.1",
    "versionCreateTime": "2021-12-02T02:45:06.000Z",
    "html": "",
    "externalScripts": "",
    "updaterUID": "obd-oDCaFX31jiwTXKlwjh_k6OKioVP0t1E",
    "theme": "",
    "layout": "",
    "viewCount": 0,
    "userName": "s***姊",
    "commentCount": 0,
    "starCount": 11,
    "isStared": 0,
    "thumbnailURL": "https://www.makeapie.com/ecg-storage/ec_gallery_thumbnail/xMEP0eokWA.png?v=1638413106947",
    "isCustomThumbnail": 0,
    "builtinTags": [
        "category-work",
        "series-graph",
        "tooltip"
    ],
    "customTags": [],
    "updaterUserName": "s***姊"
}