{
    "cid": "xsewmxjjhv",
    "authorUid": "obd-olol75ql0BFZtXWppLIn9ObSKXsxU0t",
    "authorUserName": "C***r",
    "title": "3D柱状图",
    "description": "",
    "latestVersion": 1,
    "alwaysLatest": 0,
    "createTime": "2021-11-19T07:00:33.000Z",
    "lastUpdateTime": "2021-11-19T07:00:33.000Z",
    "auth": 2,
    "uid": "obd-olol75ql0BFZtXWppLIn9ObSKXsxU0t",
    "publishedVersion": 0,
    "forkFrom": "-",
    "isSpam": 0,
    "version": 1,
    "parentVersion": -1,
    "echartsVersion": "5.2.2",
    "versionCreateTime": "2021-11-19T07:00:33.000Z",
    "html": "",
    "externalScripts": "",
    "updaterUID": "obd-olol75ql0BFZtXWppLIn9ObSKXsxU0t",
    "theme": "",
    "layout": "",
    "viewCount": 0,
    "userName": "C***r",
    "commentCount": 0,
    "starCount": 14,
    "isStared": 0,
    "thumbnailURL": "https://www.makeapie.com/ecg-storage/ec_gallery_thumbnail/xsewmxjjhv.png?v=1637305233484",
    "isCustomThumbnail": 0,
    "builtinTags": [
        "category-work",
        "grid",
        "series-bar",
        "series-custom",
        "tooltip"
    ],
    "customTags": [],
    "updaterUserName": "C***r"
}