{
    "cid": "xSk7XrQKpl",
    "authorUid": "bd-2215764494",
    "authorUserName": "p***g",
    "title": "ECharts-GL Hello World",
    "description": "A simple example of globe",
    "latestVersion": 11,
    "alwaysLatest": 1,
    "createTime": "2017-04-10T15:30:34.000Z",
    "lastUpdateTime": "2021-04-25T02:50:44.000Z",
    "auth": 2,
    "uid": "bd-2215764494",
    "publishedVersion": 3,
    "forkFrom": "-",
    "isSpam": 0,
    "version": 3,
    "parentVersion": 2,
    "echartsVersion": "3.5.1",
    "versionCreateTime": "2017-04-11T04:03:15.000Z",
    "html": "",
    "externalScripts": "https://rawgit.com/ecomfe/echarts-gl/master/dist/echarts-gl.min.js",
    "updaterUID": "bd-2215764494",
    "theme": "default",
    "layout": "",
    "viewCount": 136068,
    "userName": "p***g",
    "commentCount": 56,
    "starCount": 116,
    "isStared": 0,
    "thumbnailURL": "https://www.makeapie.com/ecg-storage/ec_gallery_thumbnail/xSk7XrQKpl.png?v=1619319047039",
    "isCustomThumbnail": 1,
    "builtinTags": [
        "category-work",
        "globe"
    ],
    "customTags": [
        "echarts-gl"
    ],
    "updaterUserName": "p***g"
}