{
    "cid": "xBy6PnV0mO",
    "authorUid": "obd-oA_11Gg3Upe3bbZoFzBlbVr0XLRQR7w",
    "authorUserName": "R***u",
    "title": "基础雷达图",
    "description": "",
    "latestVersion": 2,
    "alwaysLatest": 1,
    "createTime": "2021-04-20T12:46:55.000Z",
    "lastUpdateTime": "2021-04-20T12:46:55.000Z",
    "auth": 2,
    "uid": "obd-oA_11Gg3Upe3bbZoFzBlbVr0XLRQR7w",
    "publishedVersion": 0,
    "forkFrom": "-",
    "isSpam": 0,
    "version": 2,
    "parentVersion": 1,
    "echartsVersion": "4.8.0",
    "versionCreateTime": "2021-04-20T13:21:00.000Z",
    "html": "",
    "externalScripts": "",
    "updaterUID": "obd-oA_11Gg3Upe3bbZoFzBlbVr0XLRQR7w",
    "theme": "",
    "layout": "",
    "viewCount": 16,
    "userName": "R***u",
    "commentCount": 0,
    "starCount": 1,
    "isStared": 0,
    "thumbnailURL": "https://www.makeapie.com/ecg-storage/ec_gallery_thumbnail/xBy6PnV0mO.png?v=1618924861118",
    "isCustomThumbnail": 0,
    "builtinTags": [
        "category-work",
        "legend",
        "radar",
        "series-radar",
        "title",
        "tooltip"
    ],
    "customTags": [],
    "updaterUserName": "R***u"
}