{
    "cid": "xD4nnAapwG",
    "authorUid": "obd-otKTIeBvi9tS0P8LLP05EiPqQnnTu8Z",
    "authorUserName": "a***y",
    "title": "WCPTN-2018",
    "description": "",
    "latestVersion": 3,
    "alwaysLatest": 1,
    "createTime": "2021-04-20T14:22:34.000Z",
    "lastUpdateTime": "2021-04-20T14:22:34.000Z",
    "auth": 2,
    "uid": "obd-otKTIeBvi9tS0P8LLP05EiPqQnnTu8Z",
    "publishedVersion": 0,
    "forkFrom": "-",
    "isSpam": 0,
    "version": 3,
    "parentVersion": 2,
    "echartsVersion": "4.8.0",
    "versionCreateTime": "2021-04-20T15:18:20.000Z",
    "html": "",
    "externalScripts": "",
    "updaterUID": "obd-otKTIeBvi9tS0P8LLP05EiPqQnnTu8Z",
    "theme": "",
    "layout": "",
    "viewCount": 20,
    "userName": "a***y",
    "commentCount": 0,
    "starCount": 1,
    "isStared": 0,
    "thumbnailURL": "https://www.makeapie.com/ecg-storage/ec_gallery_thumbnail/xD4nnAapwG.png?v=1618931900954",
    "isCustomThumbnail": 0,
    "builtinTags": [
        "category-work",
        "geo",
        "series-effectScatter",
        "series-lines"
    ],
    "customTags": [],
    "updaterUserName": "a***y"
}