{
    "cid": "xda8Hi7LgT",
    "authorUid": "obd-ojoTmkwspZaBt2leqxbbheo7ck0xnDh",
    "authorUserName": "l***会",
    "title": "扇形图",
    "description": "",
    "latestVersion": 1,
    "alwaysLatest": 1,
    "createTime": "2021-04-20T02:41:29.000Z",
    "lastUpdateTime": "2021-04-20T02:41:29.000Z",
    "auth": 2,
    "uid": "obd-ojoTmkwspZaBt2leqxbbheo7ck0xnDh",
    "publishedVersion": 0,
    "forkFrom": "-",
    "isSpam": 0,
    "version": 1,
    "parentVersion": -1,
    "echartsVersion": "4.8.0",
    "versionCreateTime": "2021-04-20T02:41:29.000Z",
    "html": "",
    "externalScripts": "",
    "updaterUID": "obd-ojoTmkwspZaBt2leqxbbheo7ck0xnDh",
    "theme": "",
    "layout": "",
    "viewCount": 11,
    "userName": "l***会",
    "commentCount": 0,
    "starCount": 0,
    "isStared": 0,
    "thumbnailURL": "https://www.makeapie.com/ecg-storage/ec_gallery_thumbnail/xda8Hi7LgT.png?v=1618886489380",
    "isCustomThumbnail": 0,
    "builtinTags": [
        "category-work",
        "graphic",
        "series-pie",
        "toolbox",
        "tooltip"
    ],
    "customTags": [],
    "updaterUserName": "l***会"
}