{
    "cid": "xE4zPNNXh4",
    "authorUid": "obd-oNrF49s1TQu3mDmHhnt96xmGFxk3oCH",
    "authorUserName": "我***乞",
    "title": "橙黑色仪表盘",
    "description": "",
    "latestVersion": 1,
    "alwaysLatest": 1,
    "createTime": "2021-04-21T06:17:20.000Z",
    "lastUpdateTime": "2021-04-21T06:17:20.000Z",
    "auth": 2,
    "uid": "obd-oNrF49s1TQu3mDmHhnt96xmGFxk3oCH",
    "publishedVersion": 0,
    "forkFrom": "-",
    "isSpam": 0,
    "version": 1,
    "parentVersion": -1,
    "echartsVersion": "4.8.0",
    "versionCreateTime": "2021-04-21T06:17:20.000Z",
    "html": "",
    "externalScripts": "",
    "updaterUID": "obd-oNrF49s1TQu3mDmHhnt96xmGFxk3oCH",
    "theme": "",
    "layout": "",
    "viewCount": 12,
    "userName": "我***乞",
    "commentCount": 0,
    "starCount": 4,
    "isStared": 0,
    "thumbnailURL": "https://www.makeapie.com/ecg-storage/ec_gallery_thumbnail/xE4zPNNXh4.png?v=1618985841013",
    "isCustomThumbnail": 0,
    "builtinTags": [
        "category-work",
        "series-gauge",
        "series-pie",
        "title"
    ],
    "customTags": [],
    "updaterUserName": "我***乞"
}