{
    "cid": "xEt0Qksc59",
    "authorUid": "obd-ojgTs_jdAA-jsHdwfk15r7p6NNzmTDK",
    "authorUserName": "一***心",
    "title": "饼图",
    "description": "",
    "latestVersion": 3,
    "alwaysLatest": 1,
    "createTime": "2021-04-22T04:02:43.000Z",
    "lastUpdateTime": "2021-04-22T04:02:43.000Z",
    "auth": 2,
    "uid": "obd-ojgTs_jdAA-jsHdwfk15r7p6NNzmTDK",
    "publishedVersion": 0,
    "forkFrom": "-",
    "isSpam": 0,
    "version": 3,
    "parentVersion": 2,
    "echartsVersion": "4.8.0",
    "versionCreateTime": "2021-04-22T06:17:03.000Z",
    "html": "",
    "externalScripts": "",
    "updaterUID": "obd-ojgTs_jdAA-jsHdwfk15r7p6NNzmTDK",
    "theme": "",
    "layout": "",
    "viewCount": 12,
    "userName": "一***心",
    "commentCount": 0,
    "starCount": 1,
    "isStared": 0,
    "thumbnailURL": "https://www.makeapie.com/ecg-storage/ec_gallery_thumbnail/xEt0Qksc59.png?v=1619072223455",
    "isCustomThumbnail": 0,
    "builtinTags": [
        "category-work",
        "legend",
        "series-pie",
        "title",
        "tooltip"
    ],
    "customTags": [],
    "updaterUserName": "一***心"
}