{
    "cid": "xnA2Wx1rpW",
    "authorUid": "bd-3013130924",
    "authorUserName": "上***死",
    "title": "混合",
    "description": "",
    "latestVersion": 1,
    "alwaysLatest": 1,
    "createTime": "2021-04-19T07:55:32.000Z",
    "lastUpdateTime": "2021-04-19T07:55:32.000Z",
    "auth": 2,
    "uid": "bd-3013130924",
    "publishedVersion": 0,
    "forkFrom": "-",
    "isSpam": 0,
    "version": 1,
    "parentVersion": -1,
    "echartsVersion": "4.8.0",
    "versionCreateTime": "2021-04-19T07:55:32.000Z",
    "html": "",
    "externalScripts": "",
    "updaterUID": "bd-3013130924",
    "theme": "",
    "layout": "",
    "viewCount": 13,
    "userName": "上***死",
    "commentCount": 0,
    "starCount": 0,
    "isStared": 0,
    "thumbnailURL": "https://www.makeapie.com/ecg-storage/ec_gallery_thumbnail/xnA2Wx1rpW.png?v=1618818932304",
    "isCustomThumbnail": 0,
    "builtinTags": [
        "category-work",
        "dataZoom",
        "grid",
        "legend",
        "series-bar",
        "series-line",
        "tooltip"
    ],
    "customTags": [],
    "updaterUserName": "上***死"
}