{
    "cid": "xRyuZ7UrJG",
    "authorUid": "obd-ol0lDmf9JR8NngODP1mdUIb21LQSy07",
    "authorUserName": "l***1",
    "title": "旭日图test",
    "description": "旭日图测试",
    "latestVersion": 3,
    "alwaysLatest": 1,
    "createTime": "2021-04-19T09:30:38.000Z",
    "lastUpdateTime": "2021-04-19T09:30:38.000Z",
    "auth": 2,
    "uid": "obd-ol0lDmf9JR8NngODP1mdUIb21LQSy07",
    "publishedVersion": 0,
    "forkFrom": "-",
    "isSpam": 0,
    "version": 3,
    "parentVersion": 2,
    "echartsVersion": "5.1.1",
    "versionCreateTime": "2021-05-06T05:24:00.000Z",
    "html": "",
    "externalScripts": "https://echarts.baidu.com/resource/echarts-gl-latest/dist/echarts-gl.min.js",
    "updaterUID": "obd-ol0lDmf9JR8NngODP1mdUIb21LQSy07",
    "theme": "",
    "layout": "",
    "viewCount": 15,
    "userName": "l***1",
    "commentCount": 0,
    "starCount": 1,
    "isStared": 0,
    "thumbnailURL": "https://www.makeapie.com/ecg-storage/ec_gallery_thumbnail/xRyuZ7UrJG.png?v=1620278641037",
    "isCustomThumbnail": 0,
    "builtinTags": [
        "category-work",
        "series-sunburst"
    ],
    "customTags": [],
    "updaterUserName": "l***1"
}