{
    "cid": "xuQcae322C",
    "authorUid": "obd-oFyxvc9kbI7yQphed6wW-Ko8tz5bP5W",
    "authorUserName": "f***s",
    "title": "测试bar3D、scatter3D、geo3D",
    "description": "测试",
    "latestVersion": 6,
    "alwaysLatest": 1,
    "createTime": "2021-04-20T12:58:49.000Z",
    "lastUpdateTime": "2021-04-20T12:58:49.000Z",
    "auth": 2,
    "uid": "obd-oFyxvc9kbI7yQphed6wW-Ko8tz5bP5W",
    "publishedVersion": 0,
    "forkFrom": "-",
    "isSpam": 0,
    "version": 6,
    "parentVersion": 5,
    "echartsVersion": "4.9.0",
    "versionCreateTime": "2021-04-26T15:54:08.000Z",
    "html": "",
    "externalScripts": "https://echarts.baidu.com/resource/echarts-gl-latest/dist/echarts-gl.min.js,/dep/echarts/map/js/china.js,/dep/echarts/map/js/world.js,https://cdn.jsdelivr.net/npm/echarts-gl@2/dist/echarts-gl.min.js",
    "updaterUID": "obd-oFyxvc9kbI7yQphed6wW-Ko8tz5bP5W",
    "theme": "",
    "layout": "",
    "viewCount": 14,
    "userName": "f***s",
    "commentCount": 0,
    "starCount": 2,
    "isStared": 0,
    "thumbnailURL": "https://www.makeapie.com/ecg-storage/ec_gallery_thumbnail/xuQcae322C.png?v=1618923530078",
    "isCustomThumbnail": 1,
    "builtinTags": [
        "category-work",
        "geo3D",
        "series-bar3D",
        "series-scatter3D",
        "title",
        "tooltip",
        "visualMap"
    ],
    "customTags": [],
    "updaterUserName": "f***s"
}