{
    "cid": "xVF9HNynbY",
    "authorUid": "obd-oA_11Gg3Upe3bbZoFzBlbVr0XLRQR7w",
    "authorUserName": "R***u",
    "title": "折线图堆叠",
    "description": "",
    "latestVersion": 3,
    "alwaysLatest": 1,
    "createTime": "2021-04-19T08:30:37.000Z",
    "lastUpdateTime": "2021-04-19T08:30:37.000Z",
    "auth": 2,
    "uid": "obd-oA_11Gg3Upe3bbZoFzBlbVr0XLRQR7w",
    "publishedVersion": 0,
    "forkFrom": "-",
    "isSpam": 0,
    "version": 3,
    "parentVersion": 2,
    "echartsVersion": "4.8.0",
    "versionCreateTime": "2021-04-25T00:36:02.000Z",
    "html": "",
    "externalScripts": "",
    "updaterUID": "obd-oA_11Gg3Upe3bbZoFzBlbVr0XLRQR7w",
    "theme": "",
    "layout": "",
    "viewCount": 14,
    "userName": "R***u",
    "commentCount": 0,
    "starCount": 0,
    "isStared": 0,
    "thumbnailURL": "https://www.makeapie.com/ecg-storage/ec_gallery_thumbnail/xVF9HNynbY.png?v=1619310962719",
    "isCustomThumbnail": 0,
    "builtinTags": [
        "category-work",
        "grid",
        "legend",
        "series-line",
        "title",
        "tooltip"
    ],
    "customTags": [],
    "updaterUserName": "R***u"
}