{
    "cid": "xYYT0ybfsm",
    "authorUid": "obd-oA_11Gg3Upe3bbZoFzBlbVr0XLRQR7w",
    "authorUserName": "R***u",
    "title": "面积饼图",
    "description": "纯属虚构",
    "latestVersion": 1,
    "alwaysLatest": 1,
    "createTime": "2021-04-20T12:30:32.000Z",
    "lastUpdateTime": "2021-04-20T12:30:32.000Z",
    "auth": 2,
    "uid": "obd-oA_11Gg3Upe3bbZoFzBlbVr0XLRQR7w",
    "publishedVersion": 0,
    "forkFrom": "-",
    "isSpam": 0,
    "version": 1,
    "parentVersion": -1,
    "echartsVersion": "4.8.0",
    "versionCreateTime": "2021-04-20T12:30:32.000Z",
    "html": "",
    "externalScripts": "",
    "updaterUID": "obd-oA_11Gg3Upe3bbZoFzBlbVr0XLRQR7w",
    "theme": "",
    "layout": "",
    "viewCount": 9,
    "userName": "R***u",
    "commentCount": 0,
    "starCount": 0,
    "isStared": 0,
    "thumbnailURL": "https://www.makeapie.com/ecg-storage/ec_gallery_thumbnail/xYYT0ybfsm.png?v=1618921832796",
    "isCustomThumbnail": 0,
    "builtinTags": [
        "category-work",
        "legend",
        "series-pie",
        "title",
        "tooltip"
    ],
    "customTags": [],
    "updaterUserName": "R***u"
}