{
    "cid": "x1US3ZvfPq",
    "authorUid": "bd-1841183165",
    "authorUserName": "o***趣",
    "title": "TEST",
    "description": "",
    "latestVersion": 5,
    "alwaysLatest": 1,
    "createTime": "2020-09-28T06:46:27.000Z",
    "lastUpdateTime": "2020-09-28T06:46:27.000Z",
    "auth": 2,
    "uid": "bd-1841183165",
    "publishedVersion": 0,
    "forkFrom": "-",
    "isSpam": 0,
    "version": 5,
    "parentVersion": 4,
    "echartsVersion": "4.8.0",
    "versionCreateTime": "2020-09-29T02:11:53.000Z",
    "html": "",
    "externalScripts": "https://echarts.baidu.com/resource/echarts-gl-latest/dist/echarts-gl.min.js,/dep/echarts/map/js/china.js",
    "updaterUID": "bd-1841183165",
    "theme": "",
    "layout": "",
    "viewCount": 757,
    "userName": "o***趣",
    "commentCount": 0,
    "starCount": 14,
    "isStared": 0,
    "thumbnailURL": "https://www.makeapie.com/ecg-storage/ec_gallery_thumbnail/x1US3ZvfPq.png?v=1601275588394",
    "isCustomThumbnail": 1,
    "builtinTags": [
        "category-work",
        "geo3D",
        "legend",
        "series-bar3D",
        "tooltip",
        "visualMap"
    ],
    "customTags": [],
    "updaterUserName": "o***趣"
}