{
    "cid": "x5Jmen2U7l",
    "authorUid": "bd-120283882",
    "authorUserName": "c***e",
    "title": "放大缩小datazoom",
    "description": "",
    "latestVersion": 2,
    "alwaysLatest": 1,
    "createTime": "2020-09-28T03:17:27.000Z",
    "lastUpdateTime": "2020-09-28T03:17:27.000Z",
    "auth": 2,
    "uid": "bd-120283882",
    "publishedVersion": 0,
    "forkFrom": "-",
    "isSpam": 0,
    "version": 2,
    "parentVersion": 1,
    "echartsVersion": "4.8.0",
    "versionCreateTime": "2020-09-28T03:29:35.000Z",
    "html": "",
    "externalScripts": "",
    "updaterUID": "bd-120283882",
    "theme": "",
    "layout": "",
    "viewCount": 86,
    "userName": "c***e",
    "commentCount": 0,
    "starCount": 0,
    "isStared": 0,
    "thumbnailURL": "https://www.makeapie.com/ecg-storage/ec_gallery_thumbnail/x5Jmen2U7l.png?v=1601263775322",
    "isCustomThumbnail": 0,
    "builtinTags": [
        "category-work",
        "grid",
        "series-line",
        "title"
    ],
    "customTags": [],
    "updaterUserName": "c***e"
}