{
    "cid": "x_DssFfJmO",
    "authorUid": "bd-1298913600",
    "authorUserName": "思***展",
    "title": "TOP5",
    "description": "数量排名",
    "latestVersion": 1,
    "alwaysLatest": 1,
    "createTime": "2020-09-27T11:06:49.000Z",
    "lastUpdateTime": "2020-09-27T11:06:49.000Z",
    "auth": 2,
    "uid": "bd-1298913600",
    "publishedVersion": 0,
    "forkFrom": "-",
    "isSpam": 0,
    "version": 1,
    "parentVersion": -1,
    "echartsVersion": "4.8.0",
    "versionCreateTime": "2020-09-27T11:06:49.000Z",
    "html": "",
    "externalScripts": "",
    "updaterUID": "bd-1298913600",
    "theme": "",
    "layout": "",
    "viewCount": 210,
    "userName": "思***展",
    "commentCount": 0,
    "starCount": 1,
    "isStared": 0,
    "thumbnailURL": "https://www.makeapie.com/ecg-storage/ec_gallery_thumbnail/x_DssFfJmO.png?v=1601204809325",
    "isCustomThumbnail": 0,
    "builtinTags": [
        "category-work",
        "grid",
        "series-bar"
    ],
    "customTags": [],
    "updaterUserName": "思***展"
}