{
    "cid": "xcjPb2K6IH",
    "authorUid": "obd-oDTQEeiKoNfSCbzRyNT28lt1pDuTf17",
    "authorUserName": "哒***线",
    "title": "",
    "description": "",
    "latestVersion": 1,
    "alwaysLatest": 1,
    "createTime": "2020-09-27T16:13:23.000Z",
    "lastUpdateTime": "2020-09-27T16:13:23.000Z",
    "auth": 2,
    "uid": "obd-oDTQEeiKoNfSCbzRyNT28lt1pDuTf17",
    "publishedVersion": 0,
    "forkFrom": "-",
    "isSpam": 0,
    "version": 1,
    "parentVersion": -1,
    "echartsVersion": "4.8.0",
    "versionCreateTime": "2020-09-27T16:13:23.000Z",
    "html": "",
    "externalScripts": "",
    "updaterUID": "obd-oDTQEeiKoNfSCbzRyNT28lt1pDuTf17",
    "theme": "vintage",
    "layout": "",
    "viewCount": 167,
    "userName": "哒***线",
    "commentCount": 0,
    "starCount": 1,
    "isStared": 0,
    "thumbnailURL": "https://www.makeapie.com/ecg-storage/ec_gallery_thumbnail/xcjPb2K6IH.png?v=1601223203500",
    "isCustomThumbnail": 0,
    "builtinTags": [
        "category-work",
        "series-sankey"
    ],
    "customTags": [],
    "updaterUserName": "哒***线"
}