{
    "cid": "xdChP60cve",
    "authorUid": "obd-oj1Tph9VM2SjbjlYDwr7u6Fdr-Y3ADU",
    "authorUserName": "李***3",
    "title": "多维折线及瀑布",
    "description": "",
    "latestVersion": 1,
    "alwaysLatest": 1,
    "createTime": "2020-09-27T07:55:54.000Z",
    "lastUpdateTime": "2020-09-27T07:55:54.000Z",
    "auth": 1,
    "uid": "obd-oj1Tph9VM2SjbjlYDwr7u6Fdr-Y3ADU",
    "publishedVersion": 0,
    "forkFrom": "-",
    "isSpam": 0,
    "version": 1,
    "parentVersion": -1,
    "echartsVersion": "4.8.0",
    "versionCreateTime": "2020-09-27T07:55:54.000Z",
    "html": "",
    "externalScripts": "",
    "updaterUID": "obd-oj1Tph9VM2SjbjlYDwr7u6Fdr-Y3ADU",
    "theme": "",
    "layout": "",
    "viewCount": 40,
    "userName": "李***3",
    "commentCount": 0,
    "starCount": 1,
    "isStared": 0,
    "thumbnailURL": "https://www.makeapie.com/ecg-storage/ec_gallery_thumbnail/xdChP60cve.png?v=1601193354170",
    "isCustomThumbnail": 0,
    "builtinTags": [
        "category-work",
        "grid",
        "legend",
        "series-line",
        "tooltip"
    ],
    "customTags": [],
    "updaterUserName": "李***3"
}