{
    "cid": "xdDYQAJSZA",
    "authorUid": "bd-2371199294",
    "authorUserName": "156*****368",
    "title": "双Y轴分割线对不齐问题",
    "description": "双Y轴分割线对不齐问题",
    "latestVersion": 1,
    "alwaysLatest": 1,
    "createTime": "2020-09-28T05:55:20.000Z",
    "lastUpdateTime": "2020-09-28T05:55:20.000Z",
    "auth": 1,
    "uid": "bd-2371199294",
    "publishedVersion": 0,
    "forkFrom": "-",
    "isSpam": 0,
    "version": 1,
    "parentVersion": -1,
    "echartsVersion": "4.8.0",
    "versionCreateTime": "2020-09-28T05:55:20.000Z",
    "html": "",
    "externalScripts": "",
    "updaterUID": "bd-2371199294",
    "theme": "macarons",
    "layout": "",
    "viewCount": 231,
    "userName": "156*****368",
    "commentCount": 0,
    "starCount": 2,
    "isStared": 0,
    "thumbnailURL": "https://www.makeapie.com/ecg-storage/ec_gallery_thumbnail/xdDYQAJSZA.png?v=1601272520325",
    "isCustomThumbnail": 0,
    "builtinTags": [
        "category-work",
        "grid",
        "legend",
        "series-bar",
        "series-line",
        "tooltip"
    ],
    "customTags": [
        "lineyAxis"
    ],
    "updaterUserName": "156*****368"
}