{
    "cid": "xMmNhUVhDV",
    "authorUid": "obd-oj1Tph9VM2SjbjlYDwr7u6Fdr-Y3ADU",
    "authorUserName": "李***3",
    "title": "各社区重点人员累计总数",
    "description": "",
    "latestVersion": 9,
    "alwaysLatest": 1,
    "createTime": "2020-09-28T08:55:10.000Z",
    "lastUpdateTime": "2020-09-28T08:55:10.000Z",
    "auth": 1,
    "uid": "obd-oj1Tph9VM2SjbjlYDwr7u6Fdr-Y3ADU",
    "publishedVersion": 0,
    "forkFrom": "-",
    "isSpam": 0,
    "version": 9,
    "parentVersion": 8,
    "echartsVersion": "4.9.0",
    "versionCreateTime": "2021-04-26T07:12:09.000Z",
    "html": "",
    "externalScripts": "",
    "updaterUID": "obd-ojCkNXchMZnGICIMD7ecH8hdnDusoEA",
    "theme": "",
    "layout": "",
    "viewCount": 5182,
    "userName": "李***3",
    "commentCount": 0,
    "starCount": 12,
    "isStared": 0,
    "thumbnailURL": "https://www.makeapie.com/ecg-storage/ec_gallery_thumbnail/xMmNhUVhDV.png?v=1619421129613",
    "isCustomThumbnail": 0,
    "builtinTags": [
        "category-work",
        "grid",
        "series-bar",
        "title",
        "tooltip"
    ],
    "customTags": [],
    "updaterUserName": "173******90"
}