{
    "cid": "xnS18yTa8W",
    "authorUid": "bd-3324614351",
    "authorUserName": "m***q",
    "title": "满意度",
    "description": "",
    "latestVersion": 18,
    "alwaysLatest": 1,
    "createTime": "2020-09-27T14:25:29.000Z",
    "lastUpdateTime": "2020-09-27T14:25:29.000Z",
    "auth": 2,
    "uid": "bd-3324614351",
    "publishedVersion": 0,
    "forkFrom": "-",
    "isSpam": 0,
    "version": 18,
    "parentVersion": 17,
    "echartsVersion": "4.8.0",
    "versionCreateTime": "2020-09-27T16:58:17.000Z",
    "html": "",
    "externalScripts": "",
    "updaterUID": "bd-3324614351",
    "theme": "",
    "layout": "",
    "viewCount": 109,
    "userName": "m***q",
    "commentCount": 0,
    "starCount": 0,
    "isStared": 0,
    "thumbnailURL": "https://www.makeapie.com/ecg-storage/ec_gallery_thumbnail/xnS18yTa8W.png?v=1601225897799",
    "isCustomThumbnail": 0,
    "builtinTags": [
        "category-work",
        "grid",
        "series-bar"
    ],
    "customTags": [],
    "updaterUserName": "m***q"
}