{
    "cid": "xO8aKJ8oFS",
    "authorUid": "bd-2291206321",
    "authorUserName": "1***去",
    "title": "水",
    "description": "123",
    "latestVersion": 2,
    "alwaysLatest": 1,
    "createTime": "2020-09-27T07:48:25.000Z",
    "lastUpdateTime": "2020-09-27T07:48:25.000Z",
    "auth": 2,
    "uid": "bd-2291206321",
    "publishedVersion": 0,
    "forkFrom": "-",
    "isSpam": 0,
    "version": 2,
    "parentVersion": 1,
    "echartsVersion": "4.8.0",
    "versionCreateTime": "2020-09-27T12:00:05.000Z",
    "html": "",
    "externalScripts": "",
    "updaterUID": "bd-2291206321",
    "theme": "",
    "layout": "",
    "viewCount": 23,
    "userName": "1***去",
    "commentCount": 0,
    "starCount": 0,
    "isStared": 0,
    "thumbnailURL": "https://www.makeapie.com/ecg-storage/ec_gallery_thumbnail/xO8aKJ8oFS.png?v=1601208006029",
    "isCustomThumbnail": 0,
    "builtinTags": [
        "category-work",
        "legend",
        "series-pie",
        "title",
        "tooltip"
    ],
    "customTags": [],
    "updaterUserName": "1***去"
}