{
    "cid": "xSvDwi2UP-",
    "authorUid": "obd-oj1Tph9VM2SjbjlYDwr7u6Fdr-Y3ADU",
    "authorUserName": "李***3",
    "title": "国外人口流动-入汉人口流向",
    "description": "数据纯属虚构",
    "latestVersion": 3,
    "alwaysLatest": 1,
    "createTime": "2020-09-27T09:05:10.000Z",
    "lastUpdateTime": "2020-09-27T09:05:10.000Z",
    "auth": 1,
    "uid": "obd-oj1Tph9VM2SjbjlYDwr7u6Fdr-Y3ADU",
    "publishedVersion": 0,
    "forkFrom": "-",
    "isSpam": 0,
    "version": 3,
    "parentVersion": 2,
    "echartsVersion": "4.8.0",
    "versionCreateTime": "2020-11-09T08:38:34.000Z",
    "html": "",
    "externalScripts": "/dep/echarts/map/js/world.js",
    "updaterUID": "obd-oj8MmIvomgMLCBkYnCwqKQCbOh412Dl",
    "theme": "",
    "layout": "",
    "viewCount": 248,
    "userName": "李***3",
    "commentCount": 0,
    "starCount": 2,
    "isStared": 0,
    "thumbnailURL": "https://www.makeapie.com/ecg-storage/ec_gallery_thumbnail/xSvDwi2UP-.png?v=1604911114986",
    "isCustomThumbnail": 0,
    "builtinTags": [
        "category-work",
        "geo",
        "legend",
        "series-effectScatter",
        "series-lines",
        "series-scatter",
        "title",
        "tooltip",
        "visualMap"
    ],
    "customTags": [],
    "updaterUserName": "a***1"
}