{
    "cid": "xYePXoh4xm",
    "authorUid": "obd-oj1Tph9VM2SjbjlYDwr7u6Fdr-Y3ADU",
    "authorUserName": "李***3",
    "title": "各类人员性别分布",
    "description": "",
    "latestVersion": 2,
    "alwaysLatest": 1,
    "createTime": "2020-09-28T07:47:30.000Z",
    "lastUpdateTime": "2020-09-28T07:47:30.000Z",
    "auth": 1,
    "uid": "obd-oj1Tph9VM2SjbjlYDwr7u6Fdr-Y3ADU",
    "publishedVersion": 0,
    "forkFrom": "-",
    "isSpam": 0,
    "version": 2,
    "parentVersion": 1,
    "echartsVersion": "4.8.0",
    "versionCreateTime": "2020-09-29T06:35:07.000Z",
    "html": "",
    "externalScripts": "",
    "updaterUID": "obd-oj1Tph9VM2SjbjlYDwr7u6Fdr-Y3ADU",
    "theme": "",
    "layout": "",
    "viewCount": 50,
    "userName": "李***3",
    "commentCount": 0,
    "starCount": 0,
    "isStared": 0,
    "thumbnailURL": "https://www.makeapie.com/ecg-storage/ec_gallery_thumbnail/xYePXoh4xm.png?v=1601361307060",
    "isCustomThumbnail": 0,
    "builtinTags": [
        "category-work",
        "grid",
        "legend",
        "series-bar",
        "title",
        "tooltip"
    ],
    "customTags": [],
    "updaterUserName": "李***3"
}