{
    "cid": "xzP-tkgZyB",
    "authorUid": "bd-171648521",
    "authorUserName": "绿***绿",
    "title": "人员总数",
    "description": "pie",
    "latestVersion": 4,
    "alwaysLatest": 1,
    "createTime": "2020-09-28T06:29:20.000Z",
    "lastUpdateTime": "2020-09-28T06:29:20.000Z",
    "auth": 2,
    "uid": "bd-171648521",
    "publishedVersion": 0,
    "forkFrom": "-",
    "isSpam": 0,
    "version": 4,
    "parentVersion": 3,
    "echartsVersion": "4.8.0",
    "versionCreateTime": "2020-09-28T07:15:20.000Z",
    "html": "",
    "externalScripts": "https://echarts.baidu.com/resource/echarts-gl-latest/dist/echarts-gl.min.js",
    "updaterUID": "bd-171648521",
    "theme": "",
    "layout": "",
    "viewCount": 142,
    "userName": "绿***绿",
    "commentCount": 0,
    "starCount": 1,
    "isStared": 0,
    "thumbnailURL": "https://www.makeapie.com/ecg-storage/ec_gallery_thumbnail/xzP-tkgZyB.png?v=1601277320585",
    "isCustomThumbnail": 0,
    "builtinTags": [
        "category-work",
        "legend",
        "series-pie",
        "title",
        "tooltip"
    ],
    "customTags": [],
    "updaterUserName": "绿***绿"
}