{
    "cid": "x0Qr1C6RBg",
    "authorUid": "bd-504008900",
    "authorUserName": "十***路",
    "title": "受众分布地图",
    "description": "",
    "latestVersion": 3,
    "alwaysLatest": 1,
    "createTime": "2018-10-12T05:54:17.000Z",
    "lastUpdateTime": "2018-10-12T05:54:17.000Z",
    "auth": 2,
    "uid": "bd-504008900",
    "publishedVersion": 0,
    "forkFrom": "-",
    "isSpam": 0,
    "version": 3,
    "parentVersion": 2,
    "echartsVersion": "4.2.0",
    "versionCreateTime": "2018-10-12T07:15:58.000Z",
    "html": "",
    "externalScripts": "/dep/echarts/map/js/world.js,/dep/echarts/latest/extension/bmap.min.js",
    "updaterUID": "bd-504008900",
    "theme": "",
    "layout": "",
    "viewCount": 1166,
    "userName": "十***路",
    "commentCount": 0,
    "starCount": 3,
    "isStared": 0,
    "thumbnailURL": "https://www.makeapie.com/ecg-storage/ec_gallery_thumbnail/x0Qr1C6RBg.png?v=1539328558427",
    "isCustomThumbnail": 0,
    "builtinTags": [
        "category-work",
        "series-map",
        "title",
        "tooltip",
        "visualMap"
    ],
    "customTags": [],
    "updaterUserName": "十***路"
}