{
    "cid": "x_ZP0CDOsH",
    "authorUid": "bd-3800534012",
    "authorUserName": "s***1",
    "title": "wangyuan_demo",
    "description": "",
    "latestVersion": 23,
    "alwaysLatest": 1,
    "createTime": "2018-10-11T07:33:31.000Z",
    "lastUpdateTime": "2018-10-11T07:33:31.000Z",
    "auth": 1,
    "uid": "bd-3800534012",
    "publishedVersion": 0,
    "forkFrom": "-",
    "isSpam": 0,
    "version": 23,
    "parentVersion": 22,
    "echartsVersion": "4.9.0",
    "versionCreateTime": "2021-05-10T17:21:03.000Z",
    "html": "",
    "externalScripts": "http://echarts.baidu.com/resource/echarts-liquidfill-latest/dist/echarts-liquidfill.min.js",
    "updaterUID": "obd-oA_5MIhWFXUooDQLL2aBFtBNJX9Qt7H",
    "theme": "",
    "layout": "",
    "viewCount": 9420,
    "userName": "s***1",
    "commentCount": 0,
    "starCount": 34,
    "isStared": 0,
    "thumbnailURL": "https://www.makeapie.com/ecg-storage/ec_gallery_thumbnail/x_ZP0CDOsH.png?v=1620667263571",
    "isCustomThumbnail": 0,
    "builtinTags": [
        "category-work",
        "series-liquidFill",
        "title"
    ],
    "customTags": [],
    "updaterUserName": "d***e"
}