{
    "cid": "xd5oYDbh7U",
    "authorUid": "bd-3619398030",
    "authorUserName": "段佳伟灬",
    "title": "单一折线图(工作台)",
    "description": "天津",
    "latestVersion": 1,
    "alwaysLatest": 1,
    "createTime": "2018-10-13T02:18:21.000Z",
    "lastUpdateTime": "2018-10-13T02:18:21.000Z",
    "auth": 1,
    "uid": "bd-3619398030",
    "publishedVersion": 0,
    "forkFrom": "-",
    "isSpam": 0,
    "version": 1,
    "parentVersion": -1,
    "echartsVersion": "4.2.0",
    "versionCreateTime": "2018-10-13T02:18:21.000Z",
    "html": "",
    "externalScripts": "",
    "updaterUID": "bd-3619398030",
    "theme": "",
    "layout": "",
    "viewCount": 65,
    "userName": "段佳伟灬",
    "commentCount": 0,
    "starCount": 0,
    "isStared": 0,
    "thumbnailURL": "https://www.makeapie.com/ecg-storage/ec_gallery_thumbnail/xd5oYDbh7U.png?v=1539397101673",
    "isCustomThumbnail": 0,
    "builtinTags": [
        "category-work",
        "grid",
        "legend",
        "series-line",
        "tooltip"
    ],
    "customTags": [],
    "updaterUserName": "段佳伟灬"
}