{
    "cid": "xdYlNNa-9Y",
    "authorUid": "bd-3619398030",
    "authorUserName": "段佳伟灬",
    "title": "占比图",
    "description": "光伏V1.0产品设计",
    "latestVersion": 1,
    "alwaysLatest": 1,
    "createTime": "2018-10-12T03:13:28.000Z",
    "lastUpdateTime": "2018-10-12T03:13:28.000Z",
    "auth": 1,
    "uid": "bd-3619398030",
    "publishedVersion": 0,
    "forkFrom": "-",
    "isSpam": 0,
    "version": 1,
    "parentVersion": -1,
    "echartsVersion": "4.2.0",
    "versionCreateTime": "2018-10-12T03:13:28.000Z",
    "html": "",
    "externalScripts": "",
    "updaterUID": "bd-3619398030",
    "theme": "",
    "layout": "",
    "viewCount": 144,
    "userName": "段佳伟灬",
    "commentCount": 0,
    "starCount": 1,
    "isStared": 0,
    "thumbnailURL": "https://www.makeapie.com/ecg-storage/ec_gallery_thumbnail/xdYlNNa-9Y.png?v=1539314008430",
    "isCustomThumbnail": 0,
    "builtinTags": [
        "category-work",
        "series-pie",
        "title",
        "tooltip"
    ],
    "customTags": [],
    "updaterUserName": "段佳伟灬"
}