{
    "cid": "xF2OwlWtLK",
    "authorUid": "bd-3650162791",
    "authorUserName": "富贵竹284",
    "title": "投诉举报接受渠道对比分析",
    "description": "",
    "latestVersion": 3,
    "alwaysLatest": 1,
    "createTime": "2018-10-11T08:29:13.000Z",
    "lastUpdateTime": "2018-10-11T08:29:13.000Z",
    "auth": 2,
    "uid": "bd-3650162791",
    "publishedVersion": 0,
    "forkFrom": "-",
    "isSpam": 0,
    "version": 3,
    "parentVersion": 2,
    "echartsVersion": "4.2.0",
    "versionCreateTime": "2018-10-11T09:01:00.000Z",
    "html": "",
    "externalScripts": "",
    "updaterUID": "bd-3650162791",
    "theme": "",
    "layout": "",
    "viewCount": 40,
    "userName": "富贵竹284",
    "commentCount": 0,
    "starCount": 0,
    "isStared": 0,
    "thumbnailURL": "https://www.makeapie.com/ecg-storage/ec_gallery_thumbnail/xF2OwlWtLK.png?v=1539248460902",
    "isCustomThumbnail": 0,
    "builtinTags": [
        "category-work",
        "radar",
        "tooltip"
    ],
    "customTags": [],
    "updaterUserName": "富贵竹284"
}