{
    "cid": "xJ1sEFeWw0",
    "authorUid": "bd-3619398030",
    "authorUserName": "段佳伟灬",
    "title": "折线图(工作台)",
    "description": "天津",
    "latestVersion": 2,
    "alwaysLatest": 1,
    "createTime": "2018-10-13T02:05:44.000Z",
    "lastUpdateTime": "2018-10-13T02:05:44.000Z",
    "auth": 1,
    "uid": "bd-3619398030",
    "publishedVersion": 0,
    "forkFrom": "-",
    "isSpam": 0,
    "version": 2,
    "parentVersion": 1,
    "echartsVersion": "4.2.0",
    "versionCreateTime": "2018-10-13T02:19:05.000Z",
    "html": "",
    "externalScripts": "",
    "updaterUID": "bd-3619398030",
    "theme": "",
    "layout": "",
    "viewCount": 107,
    "userName": "段佳伟灬",
    "commentCount": 0,
    "starCount": 0,
    "isStared": 0,
    "thumbnailURL": "https://www.makeapie.com/ecg-storage/ec_gallery_thumbnail/xJ1sEFeWw0.png?v=1539397145953",
    "isCustomThumbnail": 0,
    "builtinTags": [
        "category-work",
        "grid",
        "legend",
        "series-bar",
        "series-line",
        "tooltip"
    ],
    "customTags": [],
    "updaterUserName": "段佳伟灬"
}