{
    "cid": "xjZzTLIo74",
    "authorUid": "bd-3619398030",
    "authorUserName": "段佳伟灬",
    "title": "柱状图(工作台)",
    "description": "天津",
    "latestVersion": 1,
    "alwaysLatest": 1,
    "createTime": "2018-10-13T02:13:25.000Z",
    "lastUpdateTime": "2018-10-13T02:13:25.000Z",
    "auth": 1,
    "uid": "bd-3619398030",
    "publishedVersion": 0,
    "forkFrom": "-",
    "isSpam": 0,
    "version": 1,
    "parentVersion": -1,
    "echartsVersion": "4.2.0",
    "versionCreateTime": "2018-10-13T02:13:25.000Z",
    "html": "",
    "externalScripts": "",
    "updaterUID": "bd-3619398030",
    "theme": "",
    "layout": "",
    "viewCount": 147,
    "userName": "段佳伟灬",
    "commentCount": 0,
    "starCount": 3,
    "isStared": 0,
    "thumbnailURL": "https://www.makeapie.com/ecg-storage/ec_gallery_thumbnail/xjZzTLIo74.png?v=1539396805530",
    "isCustomThumbnail": 0,
    "builtinTags": [
        "category-work",
        "grid",
        "legend",
        "series-bar",
        "series-scatter",
        "tooltip"
    ],
    "customTags": [],
    "updaterUserName": "段佳伟灬"
}