{
    "cid": "xK_ZhRnivd",
    "authorUid": "bd-1394490398",
    "authorUserName": "逆天灬小酷",
    "title": "详情项目",
    "description": "",
    "latestVersion": 1,
    "alwaysLatest": 1,
    "createTime": "2018-10-12T06:48:18.000Z",
    "lastUpdateTime": "2018-10-12T06:48:18.000Z",
    "auth": 1,
    "uid": "bd-1394490398",
    "publishedVersion": 0,
    "forkFrom": "-",
    "isSpam": 0,
    "version": 1,
    "parentVersion": -1,
    "echartsVersion": "4.2.0",
    "versionCreateTime": "2018-10-12T06:48:18.000Z",
    "html": "",
    "externalScripts": "",
    "updaterUID": "bd-1394490398",
    "theme": "",
    "layout": "",
    "viewCount": 18,
    "userName": "逆天灬小酷",
    "commentCount": 0,
    "starCount": 0,
    "isStared": 0,
    "thumbnailURL": "https://www.makeapie.com/ecg-storage/ec_gallery_thumbnail/xK_ZhRnivd.png?v=1539326898821",
    "isCustomThumbnail": 0,
    "builtinTags": [
        "category-work",
        "grid",
        "legend",
        "series-line",
        "toolbox",
        "tooltip"
    ],
    "customTags": [],
    "updaterUserName": "逆天灬小酷"
}