{
    "cid": "xroCYvhMUZ",
    "authorUid": "bd-4061446379",
    "authorUserName": "A***9",
    "title": "2018年09月份爪哇市空气污染分布图",
    "description": "数据纯属虚构",
    "latestVersion": 4,
    "alwaysLatest": 1,
    "createTime": "2018-10-11T06:42:23.000Z",
    "lastUpdateTime": "2018-10-11T06:42:23.000Z",
    "auth": 1,
    "uid": "bd-4061446379",
    "publishedVersion": 0,
    "forkFrom": "-",
    "isSpam": 0,
    "version": 4,
    "parentVersion": 3,
    "echartsVersion": "4.2.0",
    "versionCreateTime": "2018-10-19T03:24:10.000Z",
    "html": "",
    "externalScripts": "",
    "updaterUID": "bd-475030868",
    "theme": "",
    "layout": "",
    "viewCount": 2054,
    "userName": "A***9",
    "commentCount": 2,
    "starCount": 9,
    "isStared": 0,
    "thumbnailURL": "https://www.makeapie.com/ecg-storage/ec_gallery_thumbnail/xroCYvhMUZ.png?v=1539919451027",
    "isCustomThumbnail": 0,
    "builtinTags": [
        "category-work",
        "grid",
        "series-scatter",
        "title",
        "tooltip",
        "visualMap"
    ],
    "customTags": [
        "分布",
        "堆积图",
        "散点图",
        "空气污染"
    ],
    "updaterUserName": "中***钓"
}