{
    "cid": "xRXEvZrKob",
    "authorUid": "bd-1881797374",
    "authorUserName": "g***涵",
    "title": "数据重叠展示柱状图及折线图",
    "description": "该图表是柱状图和折线图综合展示，柱状图的系列数据是重叠显示，不堆积！",
    "latestVersion": 1,
    "alwaysLatest": 1,
    "createTime": "2018-10-13T03:16:54.000Z",
    "lastUpdateTime": "2018-10-13T03:16:54.000Z",
    "auth": 2,
    "uid": "bd-1881797374",
    "publishedVersion": 0,
    "forkFrom": "-",
    "isSpam": 0,
    "version": 1,
    "parentVersion": -1,
    "echartsVersion": "4.2.0",
    "versionCreateTime": "2018-10-13T03:16:54.000Z",
    "html": "",
    "externalScripts": "",
    "updaterUID": "bd-1881797374",
    "theme": "",
    "layout": "",
    "viewCount": 176,
    "userName": "g***涵",
    "commentCount": 0,
    "starCount": 2,
    "isStared": 0,
    "thumbnailURL": "https://www.makeapie.com/ecg-storage/ec_gallery_thumbnail/xRXEvZrKob.png?v=1539400614178",
    "isCustomThumbnail": 0,
    "builtinTags": [
        "category-work",
        "grid",
        "series-bar",
        "series-line",
        "tooltip"
    ],
    "customTags": [],
    "updaterUserName": "g***涵"
}