{
    "cid": "xyVibPUCfT",
    "authorUid": "bd-859018119",
    "authorUserName": "omglhw",
    "title": "漏斗 转化率（待优化）",
    "description": "",
    "latestVersion": 1,
    "alwaysLatest": 1,
    "createTime": "2018-10-12T07:42:30.000Z",
    "lastUpdateTime": "2018-10-12T07:42:30.000Z",
    "auth": 2,
    "uid": "bd-859018119",
    "publishedVersion": 0,
    "forkFrom": "-",
    "isSpam": 0,
    "version": 1,
    "parentVersion": -1,
    "echartsVersion": "4.2.0",
    "versionCreateTime": "2018-10-12T07:42:30.000Z",
    "html": "",
    "externalScripts": "",
    "updaterUID": "bd-859018119",
    "theme": "",
    "layout": "",
    "viewCount": 1330,
    "userName": "omglhw",
    "commentCount": 2,
    "starCount": 3,
    "isStared": 0,
    "thumbnailURL": "https://www.makeapie.com/ecg-storage/ec_gallery_thumbnail/xyVibPUCfT.png?v=1539330151021",
    "isCustomThumbnail": 0,
    "builtinTags": [
        "category-work",
        "markLine",
        "markPoint",
        "series-funnel",
        "tooltip"
    ],
    "customTags": [],
    "updaterUserName": "omglhw"
}