{
    "cid": "xBJ7_n8XhZ",
    "authorUid": "bd-16906679",
    "authorUserName": "若怀冰",
    "title": "地铁与非地铁房房价分布",
    "description": "数据来自北京链家",
    "latestVersion": 8,
    "alwaysLatest": 1,
    "createTime": "2017-10-05T07:16:58.000Z",
    "lastUpdateTime": "2017-10-05T07:16:58.000Z",
    "auth": 2,
    "uid": "bd-16906679",
    "publishedVersion": 0,
    "forkFrom": "-",
    "isSpam": 0,
    "version": 8,
    "parentVersion": 7,
    "echartsVersion": "3.7.2",
    "versionCreateTime": "2017-10-22T09:05:53.000Z",
    "html": "",
    "externalScripts": "/dep/echarts/latest/extension/dataTool.min.js",
    "updaterUID": "bd-16906679",
    "theme": "",
    "layout": "",
    "viewCount": 1136,
    "userName": "若怀冰",
    "commentCount": 0,
    "starCount": 6,
    "isStared": 0,
    "thumbnailURL": "https://www.makeapie.com/ecg-storage/ec_gallery_thumbnail/xBJ7_n8XhZ.png?v=1508663153899",
    "isCustomThumbnail": 0,
    "builtinTags": [
        "category-work",
        "grid",
        "series-boxplot",
        "title",
        "tooltip"
    ],
    "customTags": [],
    "updaterUserName": "若怀冰"
}