{
    "cid": "xBJdn_henW",
    "authorUid": "bd-2476372423",
    "authorUserName": "啊噢嘿嘿",
    "title": "不同冷藏箱的制冷与监测效果统计图",
    "description": "",
    "latestVersion": 1,
    "alwaysLatest": 1,
    "createTime": "2017-10-03T07:13:51.000Z",
    "lastUpdateTime": "2017-10-03T07:13:51.000Z",
    "auth": 2,
    "uid": "bd-2476372423",
    "publishedVersion": 0,
    "forkFrom": "-",
    "isSpam": 0,
    "version": 1,
    "parentVersion": -1,
    "echartsVersion": "3.7.2",
    "versionCreateTime": "2017-10-03T07:13:51.000Z",
    "html": "",
    "externalScripts": "",
    "updaterUID": "bd-2476372423",
    "theme": "",
    "layout": "",
    "viewCount": 3329,
    "userName": "啊噢嘿嘿",
    "commentCount": 0,
    "starCount": 9,
    "isStared": 0,
    "thumbnailURL": "https://www.makeapie.com/ecg-storage/ec_gallery_thumbnail/xBJdn_henW.png?v=1507014831936",
    "isCustomThumbnail": 0,
    "builtinTags": [
        "category-work",
        "series-graph",
        "title"
    ],
    "customTags": [],
    "updaterUserName": "啊噢嘿嘿"
}