{
    "cid": "xH1xQ8kpjb",
    "authorUid": "bd-303424661",
    "authorUserName": "请叫我MrX",
    "title": "南京市公交网络图",
    "description": "",
    "latestVersion": 4,
    "alwaysLatest": 1,
    "createTime": "2017-09-30T09:38:32.000Z",
    "lastUpdateTime": "2017-09-30T09:38:32.000Z",
    "auth": 1,
    "uid": "bd-303424661",
    "publishedVersion": 0,
    "forkFrom": "-",
    "isSpam": 0,
    "version": 4,
    "parentVersion": 3,
    "echartsVersion": "3.8.0",
    "versionCreateTime": "2018-08-10T10:40:35.000Z",
    "html": "",
    "externalScripts": "http://api.map.baidu.com/api?v=2.0&ak=hYCENCEx1nXO0Nt46ldexfG9oI49xBGh,http://echarts.baidu.com/resource/echarts-gl-latest/dist/echarts-gl.min.js,/dep/echarts/latest/extension/bmap.min.js",
    "updaterUID": "bd-2071540259",
    "theme": "",
    "layout": "",
    "viewCount": 917,
    "userName": "请叫我MrX",
    "commentCount": 0,
    "starCount": 8,
    "isStared": 0,
    "thumbnailURL": "https://www.makeapie.com/ecg-storage/ec_gallery_thumbnail/xH1xQ8kpjb.png?v=1506764314452",
    "isCustomThumbnail": 1,
    "builtinTags": [
        "category-work"
    ],
    "customTags": [],
    "updaterUserName": "文伟科技001"
}