{
    "cid": "xHJLYjUijZ",
    "authorUid": "bd-4013131402",
    "authorUserName": "o***4",
    "title": "barMaxWidth 与 barWidth",
    "description": "",
    "latestVersion": 1,
    "alwaysLatest": 1,
    "createTime": "2017-09-29T05:34:54.000Z",
    "lastUpdateTime": "2017-09-29T05:34:54.000Z",
    "auth": 2,
    "uid": "bd-4013131402",
    "publishedVersion": 0,
    "forkFrom": "-",
    "isSpam": 0,
    "version": 1,
    "parentVersion": -1,
    "echartsVersion": "3.7.2",
    "versionCreateTime": "2017-09-29T05:34:54.000Z",
    "html": "",
    "externalScripts": "",
    "updaterUID": "bd-4013131402",
    "theme": "",
    "layout": "",
    "viewCount": 184,
    "userName": "o***4",
    "commentCount": 0,
    "starCount": 0,
    "isStared": 0,
    "thumbnailURL": "https://www.makeapie.com/ecg-storage/ec_gallery_thumbnail/xHJLYjUijZ.png?v=1506663294580",
    "isCustomThumbnail": 0,
    "builtinTags": [
        "category-work",
        "grid",
        "series-bar"
    ],
    "customTags": [],
    "updaterUserName": "o***4"
}