{
    "cid": "xHJPnsLJ3Z",
    "authorUid": "bd-1989546315",
    "authorUserName": "诺亚方舟TW",
    "title": "水球图",
    "description": "",
    "latestVersion": 1,
    "alwaysLatest": 1,
    "createTime": "2017-10-02T06:24:46.000Z",
    "lastUpdateTime": "2017-10-02T06:24:46.000Z",
    "auth": 2,
    "uid": "bd-1989546315",
    "publishedVersion": 1,
    "forkFrom": "-",
    "isSpam": 0,
    "version": 1,
    "parentVersion": -1,
    "echartsVersion": "3.7.2",
    "versionCreateTime": "2017-10-02T06:24:46.000Z",
    "html": "",
    "externalScripts": "http://echarts.baidu.com/resource/echarts-liquidfill-latest/dist/echarts-liquidfill.min.js",
    "updaterUID": "bd-1989546315",
    "theme": "",
    "layout": "",
    "viewCount": 467,
    "userName": "诺亚方舟TW",
    "commentCount": 0,
    "starCount": 0,
    "isStared": 0,
    "thumbnailURL": "https://www.makeapie.com/ecg-storage/ec_gallery_thumbnail/xHJPnsLJ3Z.png?v=1506925487020",
    "isCustomThumbnail": 0,
    "builtinTags": [
        "category-work",
        "series-liquidFill"
    ],
    "customTags": [],
    "updaterUserName": "诺亚方舟TW"
}