{
    "cid": "xHk0bc3hsW",
    "authorUid": "bd-900618179",
    "authorUserName": "御***r",
    "title": "展示一个百分比，炫酷的水球图",
    "description": "",
    "latestVersion": 2,
    "alwaysLatest": 1,
    "createTime": "2017-09-30T06:30:29.000Z",
    "lastUpdateTime": "2017-09-30T06:30:29.000Z",
    "auth": 2,
    "uid": "bd-900618179",
    "publishedVersion": 0,
    "forkFrom": "-",
    "isSpam": 0,
    "version": 2,
    "parentVersion": 1,
    "echartsVersion": "3.8.0",
    "versionCreateTime": "2020-11-04T10:16:50.000Z",
    "html": "",
    "externalScripts": "http://echarts.baidu.com/resource/echarts-liquidfill-latest/dist/echarts-liquidfill.min.js",
    "updaterUID": "bd-900618179",
    "theme": "",
    "layout": "",
    "viewCount": 265,
    "userName": "御***r",
    "commentCount": 0,
    "starCount": 0,
    "isStared": 0,
    "thumbnailURL": "https://www.makeapie.com/ecg-storage/ec_gallery_thumbnail/xHk0bc3hsW.png?v=1604485010316",
    "isCustomThumbnail": 0,
    "builtinTags": [
        "category-work",
        "series-liquidFill"
    ],
    "customTags": [],
    "updaterUserName": "御***r"
}