{
    "cid": "xr1mSyY72b",
    "authorUid": "bd-16906679",
    "authorUserName": "若怀冰",
    "title": "卧室数与房价分布",
    "description": "数据来源于北京链家",
    "latestVersion": 8,
    "alwaysLatest": 1,
    "createTime": "2017-10-05T09:45:30.000Z",
    "lastUpdateTime": "2017-10-05T09:45:30.000Z",
    "auth": 2,
    "uid": "bd-16906679",
    "publishedVersion": 0,
    "forkFrom": "-",
    "isSpam": 0,
    "version": 8,
    "parentVersion": 7,
    "echartsVersion": "3.7.2",
    "versionCreateTime": "2017-10-12T14:28:50.000Z",
    "html": "",
    "externalScripts": "/dep/echarts/latest/extension/dataTool.min.js",
    "updaterUID": "bd-16906679",
    "theme": "",
    "layout": "",
    "viewCount": 730,
    "userName": "若怀冰",
    "commentCount": 0,
    "starCount": 0,
    "isStared": 0,
    "thumbnailURL": "https://www.makeapie.com/ecg-storage/ec_gallery_thumbnail/xr1mSyY72b.png?v=1507818530160",
    "isCustomThumbnail": 0,
    "builtinTags": [
        "category-work",
        "grid",
        "series-boxplot",
        "title",
        "tooltip"
    ],
    "customTags": [],
    "updaterUserName": "若怀冰"
}