{
    "cid": "xrkRFuqjiW",
    "authorUid": "bd-1939112099",
    "authorUserName": "长***离",
    "title": "渐变柱状图",
    "description": "",
    "latestVersion": 5,
    "alwaysLatest": 1,
    "createTime": "2017-09-29T09:55:17.000Z",
    "lastUpdateTime": "2017-09-29T09:55:17.000Z",
    "auth": 2,
    "uid": "bd-1939112099",
    "publishedVersion": 0,
    "forkFrom": "-",
    "isSpam": 0,
    "version": 5,
    "parentVersion": 4,
    "echartsVersion": "3.8.0",
    "versionCreateTime": "2019-07-16T02:18:29.000Z",
    "html": "",
    "externalScripts": "",
    "updaterUID": "bd-1939112099",
    "theme": "",
    "layout": "",
    "viewCount": 177,
    "userName": "长***离",
    "commentCount": 0,
    "starCount": 0,
    "isStared": 0,
    "thumbnailURL": "https://www.makeapie.com/ecg-storage/ec_gallery_thumbnail/xrkRFuqjiW.png?v=1563243509650",
    "isCustomThumbnail": 0,
    "builtinTags": [
        "category-work",
        "grid",
        "legend",
        "series-bar",
        "tooltip"
    ],
    "customTags": [],
    "updaterUserName": "长***离"
}