{
    "cid": "xrkxKrunoW",
    "authorUid": "bd-170607827",
    "authorUserName": "duunn1",
    "title": "iphone销量",
    "description": "纯属虚构",
    "latestVersion": 1,
    "alwaysLatest": 1,
    "createTime": "2017-09-30T01:37:59.000Z",
    "lastUpdateTime": "2017-09-30T01:37:59.000Z",
    "auth": 2,
    "uid": "bd-170607827",
    "publishedVersion": 0,
    "forkFrom": "-",
    "isSpam": 0,
    "version": 1,
    "parentVersion": -1,
    "echartsVersion": "3.7.2",
    "versionCreateTime": "2017-09-30T01:37:59.000Z",
    "html": "",
    "externalScripts": "http://echarts.baidu.com/asset/map/js/china.js",
    "updaterUID": "bd-170607827",
    "theme": "",
    "layout": "",
    "viewCount": 818,
    "userName": "duunn1",
    "commentCount": 0,
    "starCount": 1,
    "isStared": 0,
    "thumbnailURL": "https://www.makeapie.com/ecg-storage/ec_gallery_thumbnail/xrkxKrunoW.png?v=1506735479980",
    "isCustomThumbnail": 0,
    "builtinTags": [
        "category-work",
        "legend",
        "series-map",
        "title",
        "toolbox",
        "tooltip",
        "visualMap"
    ],
    "customTags": [],
    "updaterUserName": "duunn1"
}