{
    "cid": "xry_8tQjib",
    "authorUid": "bd-1813650783",
    "authorUserName": "y***8",
    "title": "折线图tooltip中在生图",
    "description": "当需要折线图上某一个点的数据（如100  是由50  20 30组成）的组成方式，就可以使用这种方法，通过获取当前的X Y坐标，把当前的数据添加到饼图",
    "latestVersion": 1,
    "alwaysLatest": 1,
    "createTime": "2017-09-29T02:00:48.000Z",
    "lastUpdateTime": "2017-09-29T02:00:48.000Z",
    "auth": 2,
    "uid": "bd-1813650783",
    "publishedVersion": 0,
    "forkFrom": "-",
    "isSpam": 0,
    "version": 1,
    "parentVersion": -1,
    "echartsVersion": "3.7.2",
    "versionCreateTime": "2017-09-29T02:00:48.000Z",
    "html": "",
    "externalScripts": "",
    "updaterUID": "bd-1813650783",
    "theme": "",
    "layout": "",
    "viewCount": 1884,
    "userName": "y***8",
    "commentCount": 2,
    "starCount": 10,
    "isStared": 0,
    "thumbnailURL": "https://www.makeapie.com/ecg-storage/ec_gallery_thumbnail/xry_8tQjib.png?v=1506650448278",
    "isCustomThumbnail": 1,
    "builtinTags": [
        "category-work",
        "grid",
        "legend",
        "series-line",
        "title",
        "tooltip"
    ],
    "customTags": [],
    "updaterUserName": "y***8"
}