{
    "cid": "xryDcBOosW",
    "authorUid": "bd-3490003427",
    "authorUserName": "j***g",
    "title": "小区相关告警统计",
    "description": "告警统计",
    "latestVersion": 5,
    "alwaysLatest": 1,
    "createTime": "2017-09-29T07:26:06.000Z",
    "lastUpdateTime": "2017-09-29T07:26:06.000Z",
    "auth": 2,
    "uid": "bd-3490003427",
    "publishedVersion": 0,
    "forkFrom": "-",
    "isSpam": 0,
    "version": 5,
    "parentVersion": 4,
    "echartsVersion": "3.7.2",
    "versionCreateTime": "2017-09-29T07:53:26.000Z",
    "html": "",
    "externalScripts": "",
    "updaterUID": "bd-3490003427",
    "theme": "macarons",
    "layout": "",
    "viewCount": 4417,
    "userName": "j***g",
    "commentCount": 0,
    "starCount": 7,
    "isStared": 0,
    "thumbnailURL": "https://www.makeapie.com/ecg-storage/ec_gallery_thumbnail/xryDcBOosW.png?v=1506671606878",
    "isCustomThumbnail": 0,
    "builtinTags": [
        "category-work",
        "legend",
        "series-graph",
        "title",
        "toolbox",
        "tooltip"
    ],
    "customTags": [],
    "updaterUserName": "j***g"
}