{
    "cid": "xryew1Koib",
    "authorUid": "bd-170607827",
    "authorUserName": "duunn1",
    "title": "Awesome Chart",
    "description": "",
    "latestVersion": 6,
    "alwaysLatest": 1,
    "createTime": "2017-09-29T08:07:51.000Z",
    "lastUpdateTime": "2017-09-29T08:07:51.000Z",
    "auth": 2,
    "uid": "bd-170607827",
    "publishedVersion": 0,
    "forkFrom": "-",
    "isSpam": 0,
    "version": 6,
    "parentVersion": 5,
    "echartsVersion": "3.7.2",
    "versionCreateTime": "2017-09-29T10:51:41.000Z",
    "html": "",
    "externalScripts": "http://api.map.baidu.com/api?v=2.0&ak=ZUONbpqGBsYGXNIYHicvbAbM,http://gallery.echartsjs.com/dep/echarts/latest/extension/bmap.min.js",
    "updaterUID": "bd-170607827",
    "theme": "",
    "layout": "",
    "viewCount": 35,
    "userName": "duunn1",
    "commentCount": 0,
    "starCount": 0,
    "isStared": 0,
    "thumbnailURL": "https://www.makeapie.com/ecg-storage/ec_gallery_thumbnail/xryew1Koib.png?v=1506678492617",
    "isCustomThumbnail": 0,
    "builtinTags": [
        "category-work"
    ],
    "customTags": [],
    "updaterUserName": "duunn1"
}