{
    "cid": "xSJ_qq2ln-",
    "authorUid": "bd-2476372423",
    "authorUserName": "啊噢嘿嘿",
    "title": "冷藏箱的冷藏时间段所占比重",
    "description": "",
    "latestVersion": 1,
    "alwaysLatest": 1,
    "createTime": "2017-10-03T07:21:51.000Z",
    "lastUpdateTime": "2017-10-03T07:21:51.000Z",
    "auth": 1,
    "uid": "bd-2476372423",
    "publishedVersion": 0,
    "forkFrom": "-",
    "isSpam": 0,
    "version": 1,
    "parentVersion": -1,
    "echartsVersion": "3.7.2",
    "versionCreateTime": "2017-10-03T07:21:51.000Z",
    "html": "",
    "externalScripts": "",
    "updaterUID": "bd-2476372423",
    "theme": "",
    "layout": "",
    "viewCount": 258,
    "userName": "啊噢嘿嘿",
    "commentCount": 0,
    "starCount": 0,
    "isStared": 0,
    "thumbnailURL": "https://www.makeapie.com/ecg-storage/ec_gallery_thumbnail/xSJ_qq2ln-.png?v=1507015311923",
    "isCustomThumbnail": 0,
    "builtinTags": [
        "category-work",
        "legend",
        "series-pie",
        "title",
        "toolbox"
    ],
    "customTags": [],
    "updaterUserName": "啊噢嘿嘿"
}