{
    "cid": "xSkGmhKCoW",
    "authorUid": "bd-2286575029",
    "authorUserName": "蓝桉KK",
    "title": "闯红灯情况（年龄）",
    "description": "",
    "latestVersion": 1,
    "alwaysLatest": 1,
    "createTime": "2017-10-01T15:39:05.000Z",
    "lastUpdateTime": "2017-10-01T15:39:05.000Z",
    "auth": 2,
    "uid": "bd-2286575029",
    "publishedVersion": 0,
    "forkFrom": "-",
    "isSpam": 0,
    "version": 1,
    "parentVersion": -1,
    "echartsVersion": "3.7.2",
    "versionCreateTime": "2017-10-01T15:39:05.000Z",
    "html": "",
    "externalScripts": "",
    "updaterUID": "bd-2286575029",
    "theme": "dark",
    "layout": "",
    "viewCount": 50,
    "userName": "蓝桉KK",
    "commentCount": 0,
    "starCount": 1,
    "isStared": 0,
    "thumbnailURL": "https://www.makeapie.com/ecg-storage/ec_gallery_thumbnail/xSkGmhKCoW.png?v=1506872346037",
    "isCustomThumbnail": 0,
    "builtinTags": [
        "category-work",
        "grid",
        "legend",
        "series-bar",
        "tooltip"
    ],
    "customTags": [],
    "updaterUserName": "蓝桉KK"
}