{
    "cid": "xSyGqGcCsW",
    "authorUid": "bd-2286575029",
    "authorUserName": "蓝桉KK",
    "title": "是否会带头闯红灯（性别）",
    "description": "",
    "latestVersion": 2,
    "alwaysLatest": 1,
    "createTime": "2017-10-01T16:06:34.000Z",
    "lastUpdateTime": "2017-10-01T16:06:34.000Z",
    "auth": 2,
    "uid": "bd-2286575029",
    "publishedVersion": 0,
    "forkFrom": "-",
    "isSpam": 0,
    "version": 2,
    "parentVersion": 1,
    "echartsVersion": "3.7.2",
    "versionCreateTime": "2017-10-01T16:24:50.000Z",
    "html": "",
    "externalScripts": "",
    "updaterUID": "bd-2286575029",
    "theme": "",
    "layout": "",
    "viewCount": 175,
    "userName": "蓝桉KK",
    "commentCount": 0,
    "starCount": 0,
    "isStared": 0,
    "thumbnailURL": "https://www.makeapie.com/ecg-storage/ec_gallery_thumbnail/xSyGqGcCsW.png?v=1506875090899",
    "isCustomThumbnail": 0,
    "builtinTags": [
        "category-work",
        "grid",
        "legend",
        "series-bar",
        "title",
        "tooltip"
    ],
    "customTags": [],
    "updaterUserName": "蓝桉KK"
}