{
    "cid": "x075Gb4Wgh",
    "authorUid": "bd-18786276",
    "authorUserName": "威***S",
    "title": "失败总数",
    "description": "31242",
    "latestVersion": 9,
    "alwaysLatest": 1,
    "createTime": "2019-08-27T01:47:04.000Z",
    "lastUpdateTime": "2019-08-27T01:47:04.000Z",
    "auth": 2,
    "uid": "bd-18786276",
    "publishedVersion": 0,
    "forkFrom": "-",
    "isSpam": 0,
    "version": 9,
    "parentVersion": 8,
    "echartsVersion": "4.7.0",
    "versionCreateTime": "2020-05-13T06:10:16.000Z",
    "html": "",
    "externalScripts": "",
    "updaterUID": "bd-18786276",
    "theme": "",
    "layout": "",
    "viewCount": 923,
    "userName": "威***S",
    "commentCount": 0,
    "starCount": 5,
    "isStared": 0,
    "thumbnailURL": "https://www.makeapie.com/ecg-storage/ec_gallery_thumbnail/x075Gb4Wgh.png?v=1589350216666",
    "isCustomThumbnail": 0,
    "builtinTags": [
        "category-work",
        "legend",
        "series-pie",
        "title",
        "tooltip"
    ],
    "customTags": [],
    "updaterUserName": "威***S"
}