{
    "cid": "x4FIicqM3D",
    "authorUid": "bd-3182588218",
    "authorUserName": "飞***燕",
    "title": "备选饼状图表2",
    "description": "",
    "latestVersion": 1,
    "alwaysLatest": 1,
    "createTime": "2019-08-27T06:29:03.000Z",
    "lastUpdateTime": "2019-08-27T06:29:03.000Z",
    "auth": 2,
    "uid": "bd-3182588218",
    "publishedVersion": 0,
    "forkFrom": "-",
    "isSpam": 0,
    "version": 1,
    "parentVersion": -1,
    "echartsVersion": "4.2.1",
    "versionCreateTime": "2019-08-27T06:29:03.000Z",
    "html": "",
    "externalScripts": "",
    "updaterUID": "bd-3182588218",
    "theme": "",
    "layout": "",
    "viewCount": 1756,
    "userName": "飞***燕",
    "commentCount": 0,
    "starCount": 10,
    "isStared": 0,
    "thumbnailURL": "https://www.makeapie.com/ecg-storage/ec_gallery_thumbnail/x4FIicqM3D.png?v=1566887343942",
    "isCustomThumbnail": 0,
    "builtinTags": [
        "category-work",
        "legend",
        "series-pie"
    ],
    "customTags": [],
    "updaterUserName": "飞***燕"
}