{
    "cid": "x51xrowFdq",
    "authorUid": "bd-3053648824",
    "authorUserName": "【***】",
    "title": "客服中心数据统计",
    "description": "",
    "latestVersion": 1,
    "alwaysLatest": 1,
    "createTime": "2019-08-27T03:56:49.000Z",
    "lastUpdateTime": "2019-08-27T03:56:49.000Z",
    "auth": 2,
    "uid": "bd-3053648824",
    "publishedVersion": 0,
    "forkFrom": "-",
    "isSpam": 0,
    "version": 1,
    "parentVersion": -1,
    "echartsVersion": "4.2.1",
    "versionCreateTime": "2019-08-27T03:56:49.000Z",
    "html": "",
    "externalScripts": "",
    "updaterUID": "bd-3053648824",
    "theme": "",
    "layout": "",
    "viewCount": 153,
    "userName": "【***】",
    "commentCount": 0,
    "starCount": 2,
    "isStared": 0,
    "thumbnailURL": "https://www.makeapie.com/ecg-storage/ec_gallery_thumbnail/x51xrowFdq.png?v=1566878210049",
    "isCustomThumbnail": 0,
    "builtinTags": [
        "category-work",
        "grid",
        "legend",
        "series-bar",
        "series-line",
        "title",
        "tooltip"
    ],
    "customTags": [],
    "updaterUserName": "【***】"
}