{
    "cid": "x5o19vIln4",
    "authorUid": "bd-1631648030",
    "authorUserName": "鈽***鈩",
    "title": "可调节折线图",
    "description": "",
    "latestVersion": 1,
    "alwaysLatest": 1,
    "createTime": "2019-08-27T08:56:08.000Z",
    "lastUpdateTime": "2019-08-27T08:56:08.000Z",
    "auth": 2,
    "uid": "bd-1631648030",
    "publishedVersion": 0,
    "forkFrom": "-",
    "isSpam": 0,
    "version": 1,
    "parentVersion": -1,
    "echartsVersion": "4.2.1",
    "versionCreateTime": "2019-08-27T08:56:08.000Z",
    "html": "",
    "externalScripts": "",
    "updaterUID": "bd-1631648030",
    "theme": "",
    "layout": "",
    "viewCount": 3553,
    "userName": "鈽***鈩",
    "commentCount": 0,
    "starCount": 12,
    "isStared": 0,
    "thumbnailURL": "https://www.makeapie.com/ecg-storage/ec_gallery_thumbnail/x5o19vIln4.png?v=1566896168529",
    "isCustomThumbnail": 0,
    "builtinTags": [
        "category-work",
        "dataZoom",
        "grid",
        "legend",
        "series-line",
        "tooltip"
    ],
    "customTags": [],
    "updaterUserName": "鈽***鈩"
}