{
    "cid": "xbBJyMzxnS",
    "authorUid": "bd-3594932657",
    "authorUserName": "E***g",
    "title": "饼图示例1",
    "description": "",
    "latestVersion": 1,
    "alwaysLatest": 1,
    "createTime": "2019-08-28T06:10:34.000Z",
    "lastUpdateTime": "2019-08-28T06:10:34.000Z",
    "auth": 2,
    "uid": "bd-3594932657",
    "publishedVersion": 0,
    "forkFrom": "-",
    "isSpam": 0,
    "version": 1,
    "parentVersion": -1,
    "echartsVersion": "4.2.1",
    "versionCreateTime": "2019-08-28T06:10:34.000Z",
    "html": "",
    "externalScripts": "",
    "updaterUID": "bd-3594932657",
    "theme": "macarons",
    "layout": "",
    "viewCount": 184,
    "userName": "E***g",
    "commentCount": 0,
    "starCount": 1,
    "isStared": 0,
    "thumbnailURL": "https://www.makeapie.com/ecg-storage/ec_gallery_thumbnail/xbBJyMzxnS.png?v=1566972634521",
    "isCustomThumbnail": 0,
    "builtinTags": [
        "category-work",
        "legend",
        "series-pie",
        "tooltip"
    ],
    "customTags": [],
    "updaterUserName": "E***g"
}