{
    "cid": "xDHmXO6X5T",
    "authorUid": "bd-4044788461",
    "authorUserName": "话***有",
    "title": "评分柱状图",
    "description": "不同柱子不同颜色，底部字体倾斜",
    "latestVersion": 2,
    "alwaysLatest": 1,
    "createTime": "2019-08-27T00:25:36.000Z",
    "lastUpdateTime": "2019-08-27T00:25:36.000Z",
    "auth": 2,
    "uid": "bd-4044788461",
    "publishedVersion": 0,
    "forkFrom": "-",
    "isSpam": 0,
    "version": 2,
    "parentVersion": 1,
    "echartsVersion": "4.2.1",
    "versionCreateTime": "2019-08-27T00:31:42.000Z",
    "html": "",
    "externalScripts": "",
    "updaterUID": "bd-4044788461",
    "theme": "",
    "layout": "",
    "viewCount": 325,
    "userName": "话***有",
    "commentCount": 0,
    "starCount": 0,
    "isStared": 0,
    "thumbnailURL": "https://www.makeapie.com/ecg-storage/ec_gallery_thumbnail/xDHmXO6X5T.png?v=1566865902610",
    "isCustomThumbnail": 0,
    "builtinTags": [
        "category-work",
        "grid",
        "series-bar",
        "title"
    ],
    "customTags": [],
    "updaterUserName": "话***有"
}