{
    "cid": "xeLGDqQDr9",
    "authorUid": "bd-1631648030",
    "authorUserName": "鈽***鈩",
    "title": "自定义变色仪表盘",
    "description": "",
    "latestVersion": 4,
    "alwaysLatest": 1,
    "createTime": "2019-08-27T08:38:40.000Z",
    "lastUpdateTime": "2019-08-27T08:38:40.000Z",
    "auth": 1,
    "uid": "bd-1631648030",
    "publishedVersion": 0,
    "forkFrom": "-",
    "isSpam": 0,
    "version": 4,
    "parentVersion": 3,
    "echartsVersion": "4.7.0",
    "versionCreateTime": "2020-05-17T12:14:09.000Z",
    "html": "",
    "externalScripts": "",
    "updaterUID": "obd-o2Ea4Yowx3_TMjMqNmz449ZndpRPI6S",
    "theme": "",
    "layout": "",
    "viewCount": 469,
    "userName": "鈽***鈩",
    "commentCount": 0,
    "starCount": 3,
    "isStared": 0,
    "thumbnailURL": "https://www.makeapie.com/ecg-storage/ec_gallery_thumbnail/xeLGDqQDr9.png?v=1589717649815",
    "isCustomThumbnail": 0,
    "builtinTags": [
        "category-work",
        "series-gauge",
        "tooltip"
    ],
    "customTags": [],
    "updaterUserName": "P***0"
}