{
    "cid": "xeTOWPuwQ1",
    "authorUid": "bd-3182588218",
    "authorUserName": "飞***燕",
    "title": "备选圆环饼状图",
    "description": "",
    "latestVersion": 1,
    "alwaysLatest": 1,
    "createTime": "2019-08-28T02:55:59.000Z",
    "lastUpdateTime": "2019-08-28T02:55:59.000Z",
    "auth": 2,
    "uid": "bd-3182588218",
    "publishedVersion": 0,
    "forkFrom": "-",
    "isSpam": 0,
    "version": 1,
    "parentVersion": -1,
    "echartsVersion": "4.2.1",
    "versionCreateTime": "2019-08-28T02:55:59.000Z",
    "html": "",
    "externalScripts": "https://echarts.baidu.com/dist/echarts-gl.min.js,https://gallerybox.echartsjs.com/dep/echarts/map/js/province/shanghai.js",
    "updaterUID": "bd-3182588218",
    "theme": "",
    "layout": "",
    "viewCount": 4080,
    "userName": "飞***燕",
    "commentCount": 0,
    "starCount": 18,
    "isStared": 0,
    "thumbnailURL": "https://www.makeapie.com/ecg-storage/ec_gallery_thumbnail/xeTOWPuwQ1.png?v=1566960959635",
    "isCustomThumbnail": 0,
    "builtinTags": [
        "category-work",
        "legend",
        "series-pie"
    ],
    "customTags": [],
    "updaterUserName": "飞***燕"
}