{
    "cid": "xm-p9M3DJE",
    "authorUid": "bd-1402301208",
    "authorUserName": "d***l",
    "title": "坐标计算",
    "description": "",
    "latestVersion": 1,
    "alwaysLatest": 1,
    "createTime": "2019-08-26T15:25:18.000Z",
    "lastUpdateTime": "2019-08-26T15:25:18.000Z",
    "auth": 2,
    "uid": "bd-1402301208",
    "publishedVersion": 0,
    "forkFrom": "-",
    "isSpam": 0,
    "version": 1,
    "parentVersion": -1,
    "echartsVersion": "4.2.1",
    "versionCreateTime": "2019-08-26T15:25:18.000Z",
    "html": "",
    "externalScripts": "",
    "updaterUID": "bd-1402301208",
    "theme": "",
    "layout": "",
    "viewCount": 125,
    "userName": "d***l",
    "commentCount": 0,
    "starCount": 2,
    "isStared": 0,
    "thumbnailURL": "https://www.makeapie.com/ecg-storage/ec_gallery_thumbnail/xm-p9M3DJE.png?v=1566833118578",
    "isCustomThumbnail": 0,
    "builtinTags": [
        "category-work",
        "grid",
        "series-scatter"
    ],
    "customTags": [],
    "updaterUserName": "d***l"
}