{
    "cid": "xotUkUWcB0",
    "authorUid": "bd-2150127011",
    "authorUserName": "黒***紫",
    "title": "3D地图飞机线",
    "description": "3D地图飞机线",
    "latestVersion": 1,
    "alwaysLatest": 1,
    "createTime": "2019-08-27T09:41:53.000Z",
    "lastUpdateTime": "2019-08-27T09:41:53.000Z",
    "auth": 1,
    "uid": "bd-2150127011",
    "publishedVersion": 0,
    "forkFrom": "-",
    "isSpam": 0,
    "version": 1,
    "parentVersion": -1,
    "echartsVersion": "4.2.1",
    "versionCreateTime": "2019-08-27T09:41:53.000Z",
    "html": "",
    "externalScripts": "https://echarts.baidu.com/resource/echarts-gl-latest/dist/echarts-gl.min.js,/dep/echarts/latest/extension/bmap.min.js,/dep/echarts/map/js/china.js",
    "updaterUID": "bd-2150127011",
    "theme": "",
    "layout": "",
    "viewCount": 149,
    "userName": "黒***紫",
    "commentCount": 0,
    "starCount": 0,
    "isStared": 0,
    "thumbnailURL": "https://www.makeapie.com/ecg-storage/ec_gallery_thumbnail/xotUkUWcB0.png?v=1566898913551",
    "isCustomThumbnail": 0,
    "builtinTags": [
        "category-work",
        "geo3D",
        "series-bar3D",
        "series-lines3D",
        "series-scatter3D",
        "tooltip",
        "visualMap"
    ],
    "customTags": [],
    "updaterUserName": "黒***紫"
}