{
    "cid": "xqxC1bMBiF",
    "authorUid": "bd-2401441673",
    "authorUserName": "h***景",
    "title": "江西省下钻区县",
    "description": "模仿练习制作",
    "latestVersion": 1,
    "alwaysLatest": 1,
    "createTime": "2019-08-27T06:01:05.000Z",
    "lastUpdateTime": "2019-08-27T06:01:05.000Z",
    "auth": 2,
    "uid": "bd-2401441673",
    "publishedVersion": 0,
    "forkFrom": "-",
    "isSpam": 0,
    "version": 1,
    "parentVersion": -1,
    "echartsVersion": "4.2.1",
    "versionCreateTime": "2019-08-27T06:01:06.000Z",
    "html": "",
    "externalScripts": "",
    "updaterUID": "bd-2401441673",
    "theme": "",
    "layout": "",
    "viewCount": 961,
    "userName": "h***景",
    "commentCount": 0,
    "starCount": 4,
    "isStared": 0,
    "thumbnailURL": "https://www.makeapie.com/ecg-storage/ec_gallery_thumbnail/xqxC1bMBiF.png?v=1566885666135",
    "isCustomThumbnail": 0,
    "builtinTags": [
        "category-work",
        "grid",
        "series-bar",
        "series-map",
        "tooltip"
    ],
    "customTags": [],
    "updaterUserName": "h***景"
}