{
    "cid": "xVI-VbVJJ-",
    "authorUid": "bd-1398140008",
    "authorUserName": "时***n",
    "title": "",
    "description": "",
    "latestVersion": 1,
    "alwaysLatest": 1,
    "createTime": "2019-08-28T02:32:45.000Z",
    "lastUpdateTime": "2019-08-28T02:32:45.000Z",
    "auth": 2,
    "uid": "bd-1398140008",
    "publishedVersion": 0,
    "forkFrom": "-",
    "isSpam": 0,
    "version": 1,
    "parentVersion": -1,
    "echartsVersion": "4.2.1",
    "versionCreateTime": "2019-08-28T02:32:45.000Z",
    "html": "",
    "externalScripts": "",
    "updaterUID": "bd-1398140008",
    "theme": "",
    "layout": "",
    "viewCount": 150,
    "userName": "时***n",
    "commentCount": 0,
    "starCount": 0,
    "isStared": 0,
    "thumbnailURL": "https://www.makeapie.com/ecg-storage/ec_gallery_thumbnail/xVI-VbVJJ-.png?v=1566959565307",
    "isCustomThumbnail": 0,
    "builtinTags": [
        "category-work",
        "legend",
        "radar",
        "series-radar",
        "tooltip"
    ],
    "customTags": [],
    "updaterUserName": "时***n"
}