{
    "cid": "xvjGvY7uuU",
    "authorUid": "bd-1896733785",
    "authorUserName": "s***0",
    "title": "在线率",
    "description": "",
    "latestVersion": 2,
    "alwaysLatest": 1,
    "createTime": "2019-08-26T12:02:39.000Z",
    "lastUpdateTime": "2019-08-26T12:02:39.000Z",
    "auth": 2,
    "uid": "bd-1896733785",
    "publishedVersion": 0,
    "forkFrom": "-",
    "isSpam": 0,
    "version": 2,
    "parentVersion": 1,
    "echartsVersion": "4.2.1",
    "versionCreateTime": "2019-08-27T03:29:25.000Z",
    "html": "",
    "externalScripts": "",
    "updaterUID": "bd-1896733785",
    "theme": "",
    "layout": "",
    "viewCount": 54,
    "userName": "s***0",
    "commentCount": 0,
    "starCount": 1,
    "isStared": 0,
    "thumbnailURL": "https://www.makeapie.com/ecg-storage/ec_gallery_thumbnail/xvjGvY7uuU.png?v=1566876565288",
    "isCustomThumbnail": 0,
    "builtinTags": [
        "category-work",
        "grid",
        "series-bar",
        "title"
    ],
    "customTags": [],
    "updaterUserName": "s***0"
}