{
    "cid": "xZhzeCcAcx",
    "authorUid": "bd-2687908434",
    "authorUserName": "健***才",
    "title": "分个柱状图渐变",
    "description": "",
    "latestVersion": 3,
    "alwaysLatest": 1,
    "createTime": "2019-08-27T01:33:27.000Z",
    "lastUpdateTime": "2019-08-27T01:33:27.000Z",
    "auth": 2,
    "uid": "bd-2687908434",
    "publishedVersion": 0,
    "forkFrom": "-",
    "isSpam": 0,
    "version": 3,
    "parentVersion": 1,
    "echartsVersion": "4.2.1",
    "versionCreateTime": "2019-08-27T02:52:14.000Z",
    "html": "",
    "externalScripts": "",
    "updaterUID": "bd-2687908434",
    "theme": "",
    "layout": "",
    "viewCount": 32,
    "userName": "健***才",
    "commentCount": 0,
    "starCount": 2,
    "isStared": 0,
    "thumbnailURL": "https://www.makeapie.com/ecg-storage/ec_gallery_thumbnail/xZhzeCcAcx.png?v=1566874334261",
    "isCustomThumbnail": 0,
    "builtinTags": [
        "category-work",
        "grid",
        "series-bar",
        "toolbox",
        "tooltip"
    ],
    "customTags": [],
    "updaterUserName": "健***才"
}