{
    "cid": "xZnd-QsK1v",
    "authorUid": "bd-2687908434",
    "authorUserName": "健***才",
    "title": "柱状图加折线图",
    "description": "",
    "latestVersion": 1,
    "alwaysLatest": 1,
    "createTime": "2019-08-27T02:52:54.000Z",
    "lastUpdateTime": "2019-08-27T02:52:54.000Z",
    "auth": 2,
    "uid": "bd-2687908434",
    "publishedVersion": 0,
    "forkFrom": "-",
    "isSpam": 0,
    "version": 1,
    "parentVersion": -1,
    "echartsVersion": "4.2.1",
    "versionCreateTime": "2019-08-27T02:52:54.000Z",
    "html": "",
    "externalScripts": "",
    "updaterUID": "bd-2687908434",
    "theme": "",
    "layout": "",
    "viewCount": 11,
    "userName": "健***才",
    "commentCount": 0,
    "starCount": 1,
    "isStared": 0,
    "thumbnailURL": "https://www.makeapie.com/ecg-storage/ec_gallery_thumbnail/xZnd-QsK1v.png?v=1566874374393",
    "isCustomThumbnail": 0,
    "builtinTags": [
        "category-work",
        "grid",
        "legend",
        "series-bar",
        "series-line",
        "tooltip"
    ],
    "customTags": [],
    "updaterUserName": "健***才"
}