{
    "cid": "x3TRvhe2-J",
    "authorUid": "obd-o2qqD0Ax9_v3Rb1xS0f3jIAp39hoO6q",
    "authorUserName": "久***湮",
    "title": "柱状图-竖",
    "description": "",
    "latestVersion": 1,
    "alwaysLatest": 0,
    "createTime": "2021-09-09T10:35:59.000Z",
    "lastUpdateTime": "2021-09-09T10:35:59.000Z",
    "auth": 1,
    "uid": "obd-o2qqD0Ax9_v3Rb1xS0f3jIAp39hoO6q",
    "publishedVersion": 0,
    "forkFrom": "-",
    "isSpam": 0,
    "version": 1,
    "parentVersion": -1,
    "echartsVersion": "5.2.0",
    "versionCreateTime": "2021-09-09T10:35:59.000Z",
    "html": "",
    "externalScripts": "",
    "updaterUID": "obd-o2qqD0Ax9_v3Rb1xS0f3jIAp39hoO6q",
    "theme": "",
    "layout": "",
    "viewCount": 0,
    "userName": "久***湮",
    "commentCount": 0,
    "starCount": 1,
    "isStared": 0,
    "thumbnailURL": "https://www.makeapie.com/ecg-storage/ec_gallery_thumbnail/x3TRvhe2-J.png?v=1631183759440",
    "isCustomThumbnail": 0,
    "builtinTags": [
        "category-work",
        "grid",
        "legend",
        "series-bar",
        "tooltip"
    ],
    "customTags": [],
    "updaterUserName": "久***湮"
}