{
    "cid": "x4DriRYzXQ",
    "authorUid": "obd-oMCb2h4DeME5O8tz_Ls99c0EpuGkp2k",
    "authorUserName": "f***j",
    "title": "性能图",
    "description": "",
    "latestVersion": 2,
    "alwaysLatest": 0,
    "createTime": "2021-09-10T11:05:04.000Z",
    "lastUpdateTime": "2021-09-10T11:18:56.000Z",
    "auth": 2,
    "uid": "obd-oMCb2h4DeME5O8tz_Ls99c0EpuGkp2k",
    "publishedVersion": 0,
    "forkFrom": "-",
    "isSpam": 0,
    "version": 2,
    "parentVersion": 1,
    "echartsVersion": "5.2.0",
    "versionCreateTime": "2021-09-10T11:18:56.000Z",
    "html": "",
    "externalScripts": "",
    "updaterUID": "obd-oMCb2h4DeME5O8tz_Ls99c0EpuGkp2k",
    "theme": "",
    "layout": "",
    "viewCount": 0,
    "userName": "f***j",
    "commentCount": 0,
    "starCount": 2,
    "isStared": 0,
    "thumbnailURL": "https://www.makeapie.com/ecg-storage/ec_gallery_thumbnail/x4DriRYzXQ.png?v=1631272737056",
    "isCustomThumbnail": 0,
    "builtinTags": [
        "category-work",
        "dataZoom",
        "grid",
        "series-custom",
        "title",
        "tooltip"
    ],
    "customTags": [],
    "updaterUserName": "f***j"
}