{
    "cid": "x6EZprm-0A",
    "authorUid": "bd-6442928284",
    "authorUserName": "流***r",
    "title": "双y轴刻度对齐",
    "description": "",
    "latestVersion": 3,
    "alwaysLatest": 0,
    "createTime": "2021-09-12T10:17:14.000Z",
    "lastUpdateTime": "2021-09-13T09:38:03.000Z",
    "auth": 2,
    "uid": "bd-6442928284",
    "publishedVersion": 0,
    "forkFrom": "-",
    "isSpam": 0,
    "version": 3,
    "parentVersion": 2,
    "echartsVersion": "5.2.0",
    "versionCreateTime": "2021-09-13T09:38:03.000Z",
    "html": "",
    "externalScripts": "",
    "updaterUID": "bd-6442928284",
    "theme": "",
    "layout": "",
    "viewCount": 0,
    "userName": "流***r",
    "commentCount": 0,
    "starCount": 2,
    "isStared": 0,
    "thumbnailURL": "https://www.makeapie.com/ecg-storage/ec_gallery_thumbnail/x6EZprm-0A.png?v=1631525883306",
    "isCustomThumbnail": 0,
    "builtinTags": [
        "category-work",
        "grid",
        "series-bar",
        "series-line",
        "title"
    ],
    "customTags": [
        "y轴",
        "刻度线对齐",
        "双轴"
    ],
    "updaterUserName": "流***r"
}