{
    "cid": "xAgjC4Pamc",
    "authorUid": "obd-oPbAMKik3B_d39mi4i2fx3qhMUtbA94",
    "authorUserName": "梁***e",
    "title": "tree树图",
    "description": "",
    "latestVersion": 1,
    "alwaysLatest": 0,
    "createTime": "2021-09-11T09:29:32.000Z",
    "lastUpdateTime": "2021-09-11T09:29:32.000Z",
    "auth": 2,
    "uid": "obd-oPbAMKik3B_d39mi4i2fx3qhMUtbA94",
    "publishedVersion": 0,
    "forkFrom": "-",
    "isSpam": 0,
    "version": 1,
    "parentVersion": -1,
    "echartsVersion": "5.2.0",
    "versionCreateTime": "2021-09-11T09:29:32.000Z",
    "html": "",
    "externalScripts": "",
    "updaterUID": "obd-oPbAMKik3B_d39mi4i2fx3qhMUtbA94",
    "theme": "",
    "layout": "",
    "viewCount": 0,
    "userName": "梁***e",
    "commentCount": 0,
    "starCount": 7,
    "isStared": 0,
    "thumbnailURL": "https://www.makeapie.com/ecg-storage/ec_gallery_thumbnail/xAgjC4Pamc.png?v=1631352572833",
    "isCustomThumbnail": 1,
    "builtinTags": [
        "category-work",
        "series-tree"
    ],
    "customTags": [
        "关系图",
        "树",
        "树图",
        "树形图"
    ],
    "updaterUserName": "梁***e"
}