{
    "cid": "xCiaWF76O0",
    "authorUid": "obd-o2STdPTVRhVkPpxeka5LrEqIKA76-61",
    "authorUserName": "末***5",
    "title": "宁波市地图",
    "description": "南阳市VIP分布",
    "latestVersion": 3,
    "alwaysLatest": 0,
    "createTime": "2021-09-11T08:02:50.000Z",
    "lastUpdateTime": "2021-09-11T08:58:15.000Z",
    "auth": 2,
    "uid": "obd-o2STdPTVRhVkPpxeka5LrEqIKA76-61",
    "publishedVersion": 0,
    "forkFrom": "-",
    "isSpam": 0,
    "version": 3,
    "parentVersion": 2,
    "echartsVersion": "5.2.0",
    "versionCreateTime": "2021-09-11T08:58:15.000Z",
    "html": "",
    "externalScripts": "",
    "updaterUID": "obd-o2STdPTVRhVkPpxeka5LrEqIKA76-61",
    "theme": "",
    "layout": "",
    "viewCount": 0,
    "userName": "末***5",
    "commentCount": 0,
    "starCount": 0,
    "isStared": 0,
    "thumbnailURL": "https://www.makeapie.com/ecg-storage/ec_gallery_thumbnail/xCiaWF76O0.png?v=1631350695723",
    "isCustomThumbnail": 0,
    "builtinTags": [
        "category-work",
        "title",
        "tooltip"
    ],
    "customTags": [],
    "updaterUserName": "末***5"
}