{
    "cid": "xgJYXt-yUa",
    "authorUid": "obd-oA_FTAvPoepxDXhdUlbcCrglli8OY7G",
    "authorUserName": "S***m",
    "title": "多數據對比",
    "description": "",
    "latestVersion": 1,
    "alwaysLatest": 0,
    "createTime": "2021-09-13T02:10:25.000Z",
    "lastUpdateTime": "2021-09-13T02:10:25.000Z",
    "auth": 2,
    "uid": "obd-oA_FTAvPoepxDXhdUlbcCrglli8OY7G",
    "publishedVersion": 0,
    "forkFrom": "-",
    "isSpam": 0,
    "version": 1,
    "parentVersion": -1,
    "echartsVersion": "5.2.0",
    "versionCreateTime": "2021-09-13T02:10:25.000Z",
    "html": "",
    "externalScripts": "https://cdn.jsdelivr.net/npm/echarts@5/dist/extension/bmap.min.js,https://cdn.jsdelivr.net/npm/echarts-gl@2/dist/echarts-gl.min.js,https://cdn.jsdelivr.net/npm/echarts-stat@latest/dist/ecStat.min.js",
    "updaterUID": "obd-oA_FTAvPoepxDXhdUlbcCrglli8OY7G",
    "theme": "",
    "layout": "",
    "viewCount": 0,
    "userName": "S***m",
    "commentCount": 0,
    "starCount": 4,
    "isStared": 0,
    "thumbnailURL": "https://www.makeapie.com/ecg-storage/ec_gallery_thumbnail/xgJYXt-yUa.png?v=1631499025400",
    "isCustomThumbnail": 0,
    "builtinTags": [
        "category-work",
        "dataZoom",
        "grid",
        "legend",
        "series-line",
        "toolbox",
        "tooltip"
    ],
    "customTags": [
        "toolbox"
    ],
    "updaterUserName": "S***m"
}