{
    "cid": "xhwbRr9Qi0",
    "authorUid": "obd-otnT9o_JsJMuD5jKItoonsBVwIzt-8b",
    "authorUserName": "a***4",
    "title": "渐变柱状+折线图",
    "description": "",
    "latestVersion": 6,
    "alwaysLatest": 0,
    "createTime": "2021-09-10T07:59:46.000Z",
    "lastUpdateTime": "2021-09-23T06:18:52.000Z",
    "auth": 2,
    "uid": "obd-otnT9o_JsJMuD5jKItoonsBVwIzt-8b",
    "publishedVersion": 0,
    "forkFrom": "-",
    "isSpam": 0,
    "version": 6,
    "parentVersion": 5,
    "echartsVersion": "5.2.0",
    "versionCreateTime": "2021-09-23T06:18:52.000Z",
    "html": "",
    "externalScripts": "",
    "updaterUID": "obd-otnT9o_JsJMuD5jKItoonsBVwIzt-8b",
    "theme": "",
    "layout": "",
    "viewCount": 0,
    "userName": "a***4",
    "commentCount": 0,
    "starCount": 2,
    "isStared": 0,
    "thumbnailURL": "https://www.makeapie.com/ecg-storage/ec_gallery_thumbnail/xhwbRr9Qi0.png?v=1632377932763",
    "isCustomThumbnail": 0,
    "builtinTags": [
        "category-work",
        "grid",
        "legend",
        "series-bar",
        "series-line",
        "tooltip"
    ],
    "customTags": [],
    "updaterUserName": "a***4"
}