{
    "cid": "xN0GAPyR-c",
    "authorUid": "obd-oDlaDs0J42nfV34ZIq3ZyQK0OiRx31H",
    "authorUserName": "林***Y",
    "title": "球形",
    "description": "球形",
    "latestVersion": 1,
    "alwaysLatest": 0,
    "createTime": "2021-09-12T15:57:34.000Z",
    "lastUpdateTime": "2021-09-12T15:57:34.000Z",
    "auth": 2,
    "uid": "obd-oDlaDs0J42nfV34ZIq3ZyQK0OiRx31H",
    "publishedVersion": 0,
    "forkFrom": "-",
    "isSpam": 0,
    "version": 1,
    "parentVersion": -1,
    "echartsVersion": "5.2.0",
    "versionCreateTime": "2021-09-12T15:57:34.000Z",
    "html": "",
    "externalScripts": "",
    "updaterUID": "obd-oDlaDs0J42nfV34ZIq3ZyQK0OiRx31H",
    "theme": "",
    "layout": "",
    "viewCount": 0,
    "userName": "林***Y",
    "commentCount": 0,
    "starCount": 1,
    "isStared": 0,
    "thumbnailURL": "https://www.makeapie.com/ecg-storage/ec_gallery_thumbnail/xN0GAPyR-c.png?v=1631462254777",
    "isCustomThumbnail": 0,
    "builtinTags": [
        "category-work",
        "grid",
        "series-effectScatter"
    ],
    "customTags": [],
    "updaterUserName": "林***Y"
}