{
    "cid": "xn4ctveXmNK",
    "authorUid": "bd-167860219",
    "authorUserName": "n***1",
    "title": "咖啡风味树",
    "description": "",
    "latestVersion": 2,
    "alwaysLatest": 0,
    "createTime": "2021-09-09T07:43:16.000Z",
    "lastUpdateTime": "2021-09-09T09:20:11.000Z",
    "auth": 2,
    "uid": "bd-167860219",
    "publishedVersion": 0,
    "forkFrom": "-",
    "isSpam": 0,
    "version": 2,
    "parentVersion": 1,
    "echartsVersion": "5.2.0",
    "versionCreateTime": "2021-09-09T09:20:11.000Z",
    "html": "",
    "externalScripts": "",
    "updaterUID": "bd-167860219",
    "theme": "",
    "layout": "",
    "viewCount": 0,
    "userName": "n***1",
    "commentCount": 0,
    "starCount": 2,
    "isStared": 0,
    "thumbnailURL": "https://www.makeapie.com/ecg-storage/ec_gallery_thumbnail/xn4ctveXmNK.png?v=1631179211832",
    "isCustomThumbnail": 0,
    "builtinTags": [
        "category-work",
        "series-tree",
        "title"
    ],
    "customTags": [],
    "updaterUserName": "n***1"
}