{
    "cid": "xv61r6ihd-",
    "authorUid": "bd-1037470023",
    "authorUserName": "天***课",
    "title": "3d世界地图",
    "description": "",
    "latestVersion": 11,
    "alwaysLatest": 0,
    "createTime": "2021-09-13T02:17:33.000Z",
    "lastUpdateTime": "2021-11-19T08:50:07.000Z",
    "auth": 2,
    "uid": "bd-1037470023",
    "publishedVersion": 0,
    "forkFrom": "-",
    "isSpam": 0,
    "version": 11,
    "parentVersion": 10,
    "echartsVersion": "5.2.0",
    "versionCreateTime": "2021-11-19T08:50:07.000Z",
    "html": "",
    "externalScripts": "https://cdn.jsdelivr.net/npm/echarts-gl@2/dist/echarts-gl.min.js,/dep/echarts/map/js/world.js",
    "updaterUID": "bd-1037470023",
    "theme": "",
    "layout": "",
    "viewCount": 0,
    "userName": "天***课",
    "commentCount": 0,
    "starCount": 0,
    "isStared": 0,
    "thumbnailURL": "https://www.makeapie.com/ecg-storage/ec_gallery_thumbnail/xv61r6ihd-.png?v=1637311807560",
    "isCustomThumbnail": 0,
    "builtinTags": [
        "category-work",
        "series-map3D"
    ],
    "customTags": [],
    "updaterUserName": "天***课"
}