{
    "cid": "xV9ez0d83a",
    "authorUid": "obd-oA_FTAvPoepxDXhdUlbcCrglli8OY7G",
    "authorUserName": "S***m",
    "title": "Coffee export distributions",
    "description": "",
    "latestVersion": 1,
    "alwaysLatest": 0,
    "createTime": "2021-09-13T02:37:34.000Z",
    "lastUpdateTime": "2021-09-13T02:37:34.000Z",
    "auth": 2,
    "uid": "obd-oA_FTAvPoepxDXhdUlbcCrglli8OY7G",
    "publishedVersion": 0,
    "forkFrom": "-",
    "isSpam": 0,
    "version": 1,
    "parentVersion": -1,
    "echartsVersion": "5.2.0",
    "versionCreateTime": "2021-09-13T02:37:34.000Z",
    "html": "",
    "externalScripts": "",
    "updaterUID": "obd-oA_FTAvPoepxDXhdUlbcCrglli8OY7G",
    "theme": "",
    "layout": "",
    "viewCount": 0,
    "userName": "S***m",
    "commentCount": 0,
    "starCount": 0,
    "isStared": 0,
    "thumbnailURL": "https://www.makeapie.com/ecg-storage/ec_gallery_thumbnail/xV9ez0d83a.png?v=1631500654930",
    "isCustomThumbnail": 0,
    "builtinTags": [
        "category-work",
        "grid",
        "legend",
        "series-pictorialBar",
        "title",
        "tooltip"
    ],
    "customTags": [
        "pictorialBar"
    ],
    "updaterUserName": "S***m"
}