{
    "cid": "x-1Jo8Z1tg",
    "authorUid": "obd-oAcgMH1qZC3cYCxNyv00GL_LctiCX7a",
    "authorUserName": "2***瑞",
    "title": "tooltip显示自动播放",
    "description": "",
    "latestVersion": 2,
    "alwaysLatest": 0,
    "createTime": "2021-11-13T01:16:48.000Z",
    "lastUpdateTime": "2021-11-19T11:39:14.000Z",
    "auth": 1,
    "uid": "obd-oAcgMH1qZC3cYCxNyv00GL_LctiCX7a",
    "publishedVersion": 0,
    "forkFrom": "-",
    "isSpam": 0,
    "version": 2,
    "parentVersion": 1,
    "echartsVersion": "5.2.2",
    "versionCreateTime": "2021-11-19T11:39:14.000Z",
    "html": "",
    "externalScripts": "",
    "updaterUID": "obd-oDzFP67sGNqSxqv5AOqDbhjlyfBPn1R",
    "theme": "",
    "layout": "",
    "viewCount": 0,
    "userName": "2***瑞",
    "commentCount": 0,
    "starCount": 1,
    "isStared": 0,
    "thumbnailURL": "https://www.makeapie.com/ecg-storage/ec_gallery_thumbnail/x-1Jo8Z1tg.png?v=1636766208660",
    "isCustomThumbnail": 1,
    "builtinTags": [
        "category-work",
        "grid",
        "legend",
        "series-line",
        "title",
        "tooltip"
    ],
    "customTags": [],
    "updaterUserName": "火***水"
}