{
    "cid": "x6vjlSw8Q3",
    "authorUid": "obd-ojokPzujodPCgK_SV7EwsXD5tc37VEQ",
    "authorUserName": "G***薇",
    "title": "区分时间线的折线图",
    "description": "横坐标key作为时间，区分已过去的时间和将来的时间",
    "latestVersion": 1,
    "alwaysLatest": 0,
    "createTime": "2021-11-15T06:10:24.000Z",
    "lastUpdateTime": "2021-11-15T06:10:24.000Z",
    "auth": 2,
    "uid": "obd-ojokPzujodPCgK_SV7EwsXD5tc37VEQ",
    "publishedVersion": 0,
    "forkFrom": "-",
    "isSpam": 0,
    "version": 1,
    "parentVersion": -1,
    "echartsVersion": "5.2.2",
    "versionCreateTime": "2021-11-15T06:10:24.000Z",
    "html": "",
    "externalScripts": "",
    "updaterUID": "obd-ojokPzujodPCgK_SV7EwsXD5tc37VEQ",
    "theme": "",
    "layout": "",
    "viewCount": 0,
    "userName": "G***薇",
    "commentCount": 0,
    "starCount": 0,
    "isStared": 0,
    "thumbnailURL": "https://www.makeapie.com/ecg-storage/ec_gallery_thumbnail/x6vjlSw8Q3.png?v=1636956624415",
    "isCustomThumbnail": 0,
    "builtinTags": [
        "category-work",
        "grid",
        "series-line",
        "tooltip",
        "visualMap"
    ],
    "customTags": [],
    "updaterUserName": "G***薇"
}