{
    "cid": "x7-qgbeBH7",
    "authorUid": "obd-o2PLaeE_ayglzhN9wQuWR_uH7nH-a6Q",
    "authorUserName": "咘***乖",
    "title": "立体柱图自定义",
    "description": "",
    "latestVersion": 5,
    "alwaysLatest": 0,
    "createTime": "2021-11-15T08:59:21.000Z",
    "lastUpdateTime": "2021-12-07T02:43:27.000Z",
    "auth": 2,
    "uid": "obd-o2PLaeE_ayglzhN9wQuWR_uH7nH-a6Q",
    "publishedVersion": 0,
    "forkFrom": "-",
    "isSpam": 0,
    "version": 5,
    "parentVersion": 4,
    "echartsVersion": "5.2.2",
    "versionCreateTime": "2021-12-07T02:43:27.000Z",
    "html": "",
    "externalScripts": "",
    "updaterUID": "obd-o2PLaeE_ayglzhN9wQuWR_uH7nH-a6Q",
    "theme": "",
    "layout": "",
    "viewCount": 0,
    "userName": "咘***乖",
    "commentCount": 0,
    "starCount": 0,
    "isStared": 0,
    "thumbnailURL": "https://www.makeapie.com/ecg-storage/ec_gallery_thumbnail/x7-qgbeBH7.png?v=1638845007419",
    "isCustomThumbnail": 0,
    "builtinTags": [
        "category-work",
        "grid",
        "series-bar",
        "series-pictorialBar",
        "title"
    ],
    "customTags": [],
    "updaterUserName": "咘***乖"
}