{
    "cid": "x9pj3s6ruu",
    "authorUid": "obd-o2SqRTUfQwl2G06FO-ZZbeF15ZjDi6I",
    "authorUserName": "非***2",
    "title": "横向百分比柱状图",
    "description": "",
    "latestVersion": 1,
    "alwaysLatest": 0,
    "createTime": "2021-11-13T14:02:12.000Z",
    "lastUpdateTime": "2021-11-13T14:02:12.000Z",
    "auth": 2,
    "uid": "obd-o2SqRTUfQwl2G06FO-ZZbeF15ZjDi6I",
    "publishedVersion": 0,
    "forkFrom": "-",
    "isSpam": 0,
    "version": 1,
    "parentVersion": -1,
    "echartsVersion": "5.2.2",
    "versionCreateTime": "2021-11-13T14:02:12.000Z",
    "html": "",
    "externalScripts": "",
    "updaterUID": "obd-o2SqRTUfQwl2G06FO-ZZbeF15ZjDi6I",
    "theme": "",
    "layout": "",
    "viewCount": 0,
    "userName": "非***2",
    "commentCount": 0,
    "starCount": 4,
    "isStared": 0,
    "thumbnailURL": "https://www.makeapie.com/ecg-storage/ec_gallery_thumbnail/x9pj3s6ruu.png?v=1636812132221",
    "isCustomThumbnail": 0,
    "builtinTags": [
        "category-work",
        "grid",
        "legend",
        "series-bar",
        "series-pictorialBar",
        "tooltip"
    ],
    "customTags": [],
    "updaterUserName": "非***2"
}