{
    "cid": "xah5frkJ90",
    "authorUid": "bd-2435578046",
    "authorUserName": "r***l",
    "title": "仪表盘",
    "description": "",
    "latestVersion": 1,
    "alwaysLatest": 0,
    "createTime": "2021-11-15T03:43:07.000Z",
    "lastUpdateTime": "2021-11-15T03:43:07.000Z",
    "auth": 2,
    "uid": "bd-2435578046",
    "publishedVersion": 0,
    "forkFrom": "-",
    "isSpam": 0,
    "version": 1,
    "parentVersion": -1,
    "echartsVersion": "5.2.2",
    "versionCreateTime": "2021-11-15T03:43:07.000Z",
    "html": "",
    "externalScripts": "",
    "updaterUID": "bd-2435578046",
    "theme": "",
    "layout": "",
    "viewCount": 0,
    "userName": "r***l",
    "commentCount": 0,
    "starCount": 3,
    "isStared": 0,
    "thumbnailURL": "https://www.makeapie.com/ecg-storage/ec_gallery_thumbnail/xah5frkJ90.png?v=1636947787985",
    "isCustomThumbnail": 0,
    "builtinTags": [
        "category-work",
        "polar",
        "series-gauge",
        "series-pie",
        "title"
    ],
    "customTags": [
        "gauge",
        "pie"
    ],
    "updaterUserName": "r***l"
}