{
    "cid": "xGb998Bgc0",
    "authorUid": "obd-oETgwvt7DrTObml-zz9rR_u32LvxM4X",
    "authorUserName": "回***点",
    "title": "3D饼状图2",
    "description": "3D饼状图2",
    "latestVersion": 3,
    "alwaysLatest": 1,
    "createTime": "2021-11-13T07:53:16.000Z",
    "lastUpdateTime": "2021-11-22T07:24:15.000Z",
    "auth": 2,
    "uid": "obd-oETgwvt7DrTObml-zz9rR_u32LvxM4X",
    "publishedVersion": 0,
    "forkFrom": "-",
    "isSpam": 0,
    "version": 3,
    "parentVersion": 2,
    "echartsVersion": "5.2.2",
    "versionCreateTime": "2021-11-22T07:24:15.000Z",
    "html": "",
    "externalScripts": "https://cdn.jsdelivr.net/npm/echarts-gl@2/dist/echarts-gl.min.js",
    "updaterUID": "obd-oETgwvt7DrTObml-zz9rR_u32LvxM4X",
    "theme": "",
    "layout": "",
    "viewCount": 0,
    "userName": "回***点",
    "commentCount": 0,
    "starCount": 4,
    "isStared": 0,
    "thumbnailURL": "https://www.makeapie.com/ecg-storage/ec_gallery_thumbnail/xGb998Bgc0.png?v=1637565855454",
    "isCustomThumbnail": 0,
    "builtinTags": [
        "category-work",
        "grid3D",
        "legend",
        "series-surface"
    ],
    "customTags": [
        "3D饼状图"
    ],
    "updaterUserName": "回***点"
}