{
    "cid": "xGKJjayX3a",
    "authorUid": "bd-2167432574",
    "authorUserName": "堂***布",
    "title": "我的卡诺分析",
    "description": "",
    "latestVersion": 1,
    "alwaysLatest": 0,
    "createTime": "2021-11-15T08:19:20.000Z",
    "lastUpdateTime": "2021-11-15T08:19:20.000Z",
    "auth": 2,
    "uid": "bd-2167432574",
    "publishedVersion": 0,
    "forkFrom": "-",
    "isSpam": 0,
    "version": 1,
    "parentVersion": -1,
    "echartsVersion": "5.2.2",
    "versionCreateTime": "2021-11-15T08:19:20.000Z",
    "html": "",
    "externalScripts": "",
    "updaterUID": "bd-2167432574",
    "theme": "infographic",
    "layout": "",
    "viewCount": 0,
    "userName": "堂***布",
    "commentCount": 0,
    "starCount": 0,
    "isStared": 0,
    "thumbnailURL": "https://www.makeapie.com/ecg-storage/ec_gallery_thumbnail/xGKJjayX3a.png?v=1636964360662",
    "isCustomThumbnail": 0,
    "builtinTags": [
        "category-work",
        "grid",
        "markArea",
        "markLine",
        "series-scatter",
        "tooltip"
    ],
    "customTags": [],
    "updaterUserName": "堂***布"
}