{
    "cid": "xHMv7PBNIE",
    "authorUid": "bd-805586143",
    "authorUserName": "m***n",
    "title": "流程示意图",
    "description": "",
    "latestVersion": 2,
    "alwaysLatest": 0,
    "createTime": "2021-11-15T02:40:45.000Z",
    "lastUpdateTime": "2021-11-15T02:46:24.000Z",
    "auth": 2,
    "uid": "bd-805586143",
    "publishedVersion": 0,
    "forkFrom": "-",
    "isSpam": 0,
    "version": 2,
    "parentVersion": 1,
    "echartsVersion": "5.2.2",
    "versionCreateTime": "2021-11-15T02:46:24.000Z",
    "html": "",
    "externalScripts": "",
    "updaterUID": "bd-805586143",
    "theme": "",
    "layout": "",
    "viewCount": 0,
    "userName": "m***n",
    "commentCount": 0,
    "starCount": 2,
    "isStared": 0,
    "thumbnailURL": "https://www.makeapie.com/ecg-storage/ec_gallery_thumbnail/xHMv7PBNIE.png?v=1636944385087",
    "isCustomThumbnail": 0,
    "builtinTags": [
        "category-work",
        "series-graph",
        "toolbox"
    ],
    "customTags": [],
    "updaterUserName": "m***n"
}