{
    "cid": "xnm24bEAHD",
    "authorUid": "obd-oETgwvt7DrTObml-zz9rR_u32LvxM4X",
    "authorUserName": "回***点",
    "title": "渐变色柱状图",
    "description": "渐变色柱状图",
    "latestVersion": 1,
    "alwaysLatest": 0,
    "createTime": "2021-11-15T01:28:21.000Z",
    "lastUpdateTime": "2021-11-15T01:28:21.000Z",
    "auth": 2,
    "uid": "obd-oETgwvt7DrTObml-zz9rR_u32LvxM4X",
    "publishedVersion": 0,
    "forkFrom": "-",
    "isSpam": 0,
    "version": 1,
    "parentVersion": -1,
    "echartsVersion": "5.2.2",
    "versionCreateTime": "2021-11-15T01:28:21.000Z",
    "html": "",
    "externalScripts": "https://echarts.baidu.com/resource/echarts-gl-latest/dist/echarts-gl.min.js",
    "updaterUID": "obd-oETgwvt7DrTObml-zz9rR_u32LvxM4X",
    "theme": "",
    "layout": "",
    "viewCount": 0,
    "userName": "回***点",
    "commentCount": 0,
    "starCount": 1,
    "isStared": 0,
    "thumbnailURL": "https://www.makeapie.com/ecg-storage/ec_gallery_thumbnail/xnm24bEAHD.png?v=1636939701594",
    "isCustomThumbnail": 0,
    "builtinTags": [
        "category-work",
        "grid",
        "series-bar",
        "tooltip"
    ],
    "customTags": [
        "渐变色柱状图"
    ],
    "updaterUserName": "回***点"
}