{
    "cid": "xP7p27bwi4",
    "authorUid": "obd-o-WeIDz9pQFG3HlZjbY3v-MnvKKSvAj",
    "authorUserName": "王***表",
    "title": "水柱图--带边框",
    "description": "",
    "latestVersion": 2,
    "alwaysLatest": 0,
    "createTime": "2021-11-13T09:10:41.000Z",
    "lastUpdateTime": "2021-11-18T02:31:37.000Z",
    "auth": 1,
    "uid": "obd-o-WeIDz9pQFG3HlZjbY3v-MnvKKSvAj",
    "publishedVersion": 0,
    "forkFrom": "-",
    "isSpam": 0,
    "version": 2,
    "parentVersion": 1,
    "echartsVersion": "4.9.0",
    "versionCreateTime": "2021-11-18T02:31:37.000Z",
    "html": "",
    "externalScripts": "https://echarts.baidu.com/resource/echarts-liquidfill-latest/dist/echarts-liquidfill.min.js",
    "updaterUID": "obd-o2PLpTDqNV1w2_ydcNn63QB1JVJD06R",
    "theme": "",
    "layout": "",
    "viewCount": 0,
    "userName": "王***表",
    "commentCount": 0,
    "starCount": 8,
    "isStared": 0,
    "thumbnailURL": "https://www.makeapie.com/ecg-storage/ec_gallery_thumbnail/xP7p27bwi4.png?v=1637202697845",
    "isCustomThumbnail": 0,
    "builtinTags": [
        "category-work",
        "graphic",
        "series-liquidFill",
        "series-pie",
        "title"
    ],
    "customTags": [
        "liquidFill"
    ],
    "updaterUserName": "潑***人"
}