{
    "cid": "xrKEBV7o_d",
    "authorUid": "bd-2248245480",
    "authorUserName": "x***8",
    "title": "仪表盘",
    "description": "",
    "latestVersion": 11,
    "alwaysLatest": 0,
    "createTime": "2021-11-15T06:18:48.000Z",
    "lastUpdateTime": "2021-12-21T03:14:38.000Z",
    "auth": 2,
    "uid": "bd-2248245480",
    "publishedVersion": 0,
    "forkFrom": "-",
    "isSpam": 0,
    "version": 11,
    "parentVersion": 10,
    "echartsVersion": "5.2.2",
    "versionCreateTime": "2021-12-21T03:14:38.000Z",
    "html": "",
    "externalScripts": "",
    "updaterUID": "bd-2248245480",
    "theme": "",
    "layout": "",
    "viewCount": 0,
    "userName": "x***8",
    "commentCount": 0,
    "starCount": 1,
    "isStared": 0,
    "thumbnailURL": "https://www.makeapie.com/ecg-storage/ec_gallery_thumbnail/xrKEBV7o_d.png?v=1640056478740",
    "isCustomThumbnail": 0,
    "builtinTags": [
        "category-work",
        "series-gauge"
    ],
    "customTags": [],
    "updaterUserName": "x***8"
}