{
    "cid": "xRYhNBVdND",
    "authorUid": "bd-2291206321",
    "authorUserName": "1***去",
    "title": "demo",
    "description": "",
    "latestVersion": 4,
    "alwaysLatest": 0,
    "createTime": "2021-11-13T09:47:55.000Z",
    "lastUpdateTime": "2021-11-25T08:39:36.000Z",
    "auth": 2,
    "uid": "bd-2291206321",
    "publishedVersion": 0,
    "forkFrom": "-",
    "isSpam": 0,
    "version": 4,
    "parentVersion": 3,
    "echartsVersion": "5.2.2",
    "versionCreateTime": "2021-11-25T08:39:36.000Z",
    "html": "",
    "externalScripts": "",
    "updaterUID": "bd-2291206321",
    "theme": "",
    "layout": "",
    "viewCount": 0,
    "userName": "1***去",
    "commentCount": 0,
    "starCount": 3,
    "isStared": 0,
    "thumbnailURL": "https://www.makeapie.com/ecg-storage/ec_gallery_thumbnail/xRYhNBVdND.png?v=1637829576810",
    "isCustomThumbnail": 0,
    "builtinTags": [
        "category-work",
        "dataZoom",
        "grid",
        "legend",
        "series-bar",
        "series-line",
        "tooltip"
    ],
    "customTags": [],
    "updaterUserName": "1***去"
}