{
    "cid": "xtB9QX7Das",
    "authorUid": "obd-oETgwvt7DrTObml-zz9rR_u32LvxM4X",
    "authorUserName": "回***点",
    "title": "3D饼状图",
    "description": "3D饼状图",
    "latestVersion": 1,
    "alwaysLatest": 1,
    "createTime": "2021-11-13T06:34:23.000Z",
    "lastUpdateTime": "2021-11-13T06:34:23.000Z",
    "auth": 2,
    "uid": "obd-oETgwvt7DrTObml-zz9rR_u32LvxM4X",
    "publishedVersion": 0,
    "forkFrom": "-",
    "isSpam": 0,
    "version": 1,
    "parentVersion": -1,
    "echartsVersion": "5.2.2",
    "versionCreateTime": "2021-11-13T06:34:23.000Z",
    "html": "",
    "externalScripts": "https://cdn.jsdelivr.net/npm/echarts-gl@2/dist/echarts-gl.min.js",
    "updaterUID": "obd-oETgwvt7DrTObml-zz9rR_u32LvxM4X",
    "theme": "",
    "layout": "",
    "viewCount": 0,
    "userName": "回***点",
    "commentCount": 0,
    "starCount": 5,
    "isStared": 0,
    "thumbnailURL": "https://www.makeapie.com/ecg-storage/ec_gallery_thumbnail/xtB9QX7Das.png?v=1636785264013",
    "isCustomThumbnail": 0,
    "builtinTags": [
        "category-work",
        "grid3D",
        "legend",
        "series-surface"
    ],
    "customTags": [
        "3D饼状图"
    ],
    "updaterUserName": "回***点"
}