{
    "cid": "xU4_4gKUus",
    "authorUid": "obd-oMLV2pvfohTcl2cKR9nBkfE0sy0NC20",
    "authorUserName": "g***n",
    "title": "2021年11月体重趋势",
    "description": "体重趋势折线图",
    "latestVersion": 2,
    "alwaysLatest": 0,
    "createTime": "2021-11-12T12:56:28.000Z",
    "lastUpdateTime": "2021-11-12T12:58:50.000Z",
    "auth": 2,
    "uid": "obd-oMLV2pvfohTcl2cKR9nBkfE0sy0NC20",
    "publishedVersion": 0,
    "forkFrom": "-",
    "isSpam": 0,
    "version": 2,
    "parentVersion": 1,
    "echartsVersion": "5.2.2",
    "versionCreateTime": "2021-11-12T12:58:51.000Z",
    "html": "",
    "externalScripts": "",
    "updaterUID": "obd-oMLV2pvfohTcl2cKR9nBkfE0sy0NC20",
    "theme": "",
    "layout": "",
    "viewCount": 0,
    "userName": "g***n",
    "commentCount": 0,
    "starCount": 3,
    "isStared": 0,
    "thumbnailURL": "https://www.makeapie.com/ecg-storage/ec_gallery_thumbnail/xU4_4gKUus.png?v=1636721931108",
    "isCustomThumbnail": 0,
    "builtinTags": [
        "category-work",
        "grid",
        "legend",
        "series-line",
        "series-lines",
        "title",
        "tooltip"
    ],
    "customTags": [],
    "updaterUserName": "g***n"
}