{
    "cid": "xvgeXjS0OC",
    "authorUid": "obd-oE7wt-Hr7H0YYXr40UXym0LkgX6bL4H",
    "authorUserName": "183*****210",
    "title": "项目执行进度跟踪",
    "description": "仿机场航班甘特图（交点和尾点吸附暂没想到办法实现）",
    "latestVersion": 1,
    "alwaysLatest": 0,
    "createTime": "2021-11-15T08:45:15.000Z",
    "lastUpdateTime": "2021-11-15T08:45:15.000Z",
    "auth": 2,
    "uid": "obd-oE7wt-Hr7H0YYXr40UXym0LkgX6bL4H",
    "publishedVersion": 0,
    "forkFrom": "-",
    "isSpam": 0,
    "version": 1,
    "parentVersion": -1,
    "echartsVersion": "5.2.2",
    "versionCreateTime": "2021-11-15T08:45:15.000Z",
    "html": "",
    "externalScripts": "",
    "updaterUID": "obd-oE7wt-Hr7H0YYXr40UXym0LkgX6bL4H",
    "theme": "",
    "layout": "",
    "viewCount": 0,
    "userName": "183*****210",
    "commentCount": 0,
    "starCount": 0,
    "isStared": 0,
    "thumbnailURL": "https://www.makeapie.com/ecg-storage/ec_gallery_thumbnail/xvgeXjS0OC.png?v=1636965916154",
    "isCustomThumbnail": 0,
    "builtinTags": [
        "category-work",
        "dataZoom",
        "grid",
        "legend",
        "series-custom",
        "tooltip"
    ],
    "customTags": [
        "甘特图、项目进度、时间轴"
    ],
    "updaterUserName": "183*****210"
}