{
    "cid": "xVSSVHu7wt",
    "authorUid": "bd-2291206321",
    "authorUserName": "1***去",
    "title": "超期办结问题原因分析",
    "description": "",
    "latestVersion": 4,
    "alwaysLatest": 0,
    "createTime": "2021-11-13T10:28:00.000Z",
    "lastUpdateTime": "2021-11-19T08:44:42.000Z",
    "auth": 2,
    "uid": "bd-2291206321",
    "publishedVersion": 0,
    "forkFrom": "-",
    "isSpam": 0,
    "version": 4,
    "parentVersion": 3,
    "echartsVersion": "4.4.0",
    "versionCreateTime": "2021-11-19T08:44:42.000Z",
    "html": "",
    "externalScripts": "",
    "updaterUID": "bd-2291206321",
    "theme": "",
    "layout": "",
    "viewCount": 0,
    "userName": "1***去",
    "commentCount": 0,
    "starCount": 0,
    "isStared": 0,
    "thumbnailURL": "https://www.makeapie.com/ecg-storage/ec_gallery_thumbnail/xVSSVHu7wt.png?v=1637311482218",
    "isCustomThumbnail": 0,
    "builtinTags": [
        "category-work",
        "legend",
        "series-pie",
        "title",
        "tooltip"
    ],
    "customTags": [],
    "updaterUserName": "1***去"
}