{
    "cid": "xYJ4h9YgzY",
    "authorUid": "obd-oMubyz7OLBQRQnUkAoo4JCDiWZBL-2N",
    "authorUserName": "181*****283",
    "title": "仪表盘",
    "description": "",
    "latestVersion": 1,
    "alwaysLatest": 0,
    "createTime": "2021-11-15T04:52:42.000Z",
    "lastUpdateTime": "2021-11-15T04:52:42.000Z",
    "auth": 1,
    "uid": "obd-oMubyz7OLBQRQnUkAoo4JCDiWZBL-2N",
    "publishedVersion": 0,
    "forkFrom": "-",
    "isSpam": 0,
    "version": 1,
    "parentVersion": -1,
    "echartsVersion": "5.2.2",
    "versionCreateTime": "2021-11-15T04:52:42.000Z",
    "html": "",
    "externalScripts": "",
    "updaterUID": "obd-oMubyz7OLBQRQnUkAoo4JCDiWZBL-2N",
    "theme": "",
    "layout": "",
    "viewCount": 0,
    "userName": "181*****283",
    "commentCount": 0,
    "starCount": 2,
    "isStared": 0,
    "thumbnailURL": "https://www.makeapie.com/ecg-storage/ec_gallery_thumbnail/xYJ4h9YgzY.png?v=1636951962471",
    "isCustomThumbnail": 1,
    "builtinTags": [
        "category-work",
        "series-gauge"
    ],
    "customTags": [],
    "updaterUserName": "181*****283"
}