{
    "cid": "xB1box6Afx",
    "authorUid": "bd-1426657354",
    "authorUserName": "dynastydd",
    "title": "Total Monthly Forecast",
    "description": "",
    "latestVersion": 8,
    "alwaysLatest": 1,
    "createTime": "2016-12-02T09:36:24.000Z",
    "lastUpdateTime": "2016-12-03T07:08:10.000Z",
    "auth": 2,
    "uid": "bd-1426657354",
    "publishedVersion": 0,
    "forkFrom": "-",
    "isSpam": 0,
    "version": 8,
    "parentVersion": 7,
    "echartsVersion": "3.3.2",
    "versionCreateTime": "2016-12-03T08:17:36.000Z",
    "html": "",
    "externalScripts": "",
    "updaterUID": "bd-1426657354",
    "theme": "shine",
    "layout": "",
    "viewCount": 4682,
    "userName": "dynastydd",
    "commentCount": 0,
    "starCount": 5,
    "isStared": 0,
    "thumbnailURL": "https://www.makeapie.com/ecg-storage/ec_gallery_thumbnail/xB1box6Afx.png?v=1480753056194",
    "isCustomThumbnail": 0,
    "builtinTags": [
        "category-work",
        "graphic",
        "grid",
        "legend",
        "series-line",
        "title",
        "tooltip"
    ],
    "customTags": [],
    "updaterUserName": "dynastydd"
}