{
    "cid": "xB1o47u0fe",
    "authorUid": "bd-1781643625",
    "authorUserName": "千寻之士",
    "title": "未来一周气温变化",
    "description": "获取图表最大值显示",
    "latestVersion": 1,
    "alwaysLatest": 1,
    "createTime": "2016-12-02T04:06:11.000Z",
    "lastUpdateTime": "2016-12-02T04:06:11.000Z",
    "auth": 2,
    "uid": "bd-1781643625",
    "publishedVersion": 0,
    "forkFrom": "-",
    "isSpam": 0,
    "version": 1,
    "parentVersion": -1,
    "echartsVersion": "3.3.2",
    "versionCreateTime": "2016-12-02T04:06:11.000Z",
    "html": "",
    "externalScripts": "",
    "updaterUID": "bd-1781643625",
    "theme": "",
    "layout": "",
    "viewCount": 2761,
    "userName": "千寻之士",
    "commentCount": 0,
    "starCount": 0,
    "isStared": 0,
    "thumbnailURL": "https://www.makeapie.com/ecg-storage/ec_gallery_thumbnail/xB1o47u0fe.png?v=1480651571753",
    "isCustomThumbnail": 1,
    "builtinTags": [
        "category-work",
        "grid",
        "legend",
        "markPoint",
        "series-line",
        "title",
        "tooltip"
    ],
    "customTags": [
        "max"
    ],
    "updaterUserName": "千寻之士"
}