{
    "cid": "xBJZi5eiGl",
    "authorUid": "bd-523599052",
    "authorUserName": "dianyitongxiao",
    "title": "总就诊人次趋势",
    "description": "显示部分坐标轴 & 折线图不显示值",
    "latestVersion": 1,
    "alwaysLatest": 1,
    "createTime": "2016-11-29T12:54:49.000Z",
    "lastUpdateTime": "2019-01-31T10:26:55.000Z",
    "auth": 2,
    "uid": "bd-523599052",
    "publishedVersion": 0,
    "forkFrom": "-",
    "isSpam": 0,
    "version": 1,
    "parentVersion": -1,
    "echartsVersion": "3.3.2",
    "versionCreateTime": "2016-11-29T12:54:49.000Z",
    "html": "",
    "externalScripts": "",
    "updaterUID": "bd-523599052",
    "theme": "dark",
    "layout": "",
    "viewCount": 1248,
    "userName": "dianyitongxiao",
    "commentCount": 0,
    "starCount": 2,
    "isStared": 0,
    "thumbnailURL": "https://www.makeapie.com/ecg-storage/ec_gallery_thumbnail/xBJZi5eiGl.png?v=1480424089640",
    "isCustomThumbnail": 0,
    "builtinTags": [],
    "customTags": [],
    "updaterUserName": "dianyitongxiao"
}