{
    "cid": "xBknY_6AGg",
    "authorUid": "bd-3457282430",
    "authorUserName": "a695004175",
    "title": "指标卡？",
    "description": "后面在完善把",
    "latestVersion": 5,
    "alwaysLatest": 1,
    "createTime": "2016-12-02T10:10:12.000Z",
    "lastUpdateTime": "2016-12-02T10:10:12.000Z",
    "auth": 2,
    "uid": "bd-3457282430",
    "publishedVersion": 0,
    "forkFrom": "-",
    "isSpam": 0,
    "version": 5,
    "parentVersion": 4,
    "echartsVersion": "3.3.2",
    "versionCreateTime": "2016-12-27T09:28:25.000Z",
    "html": "",
    "externalScripts": "",
    "updaterUID": "bd-3457282430",
    "theme": "",
    "layout": "",
    "viewCount": 3443,
    "userName": "a695004175",
    "commentCount": 0,
    "starCount": 12,
    "isStared": 0,
    "thumbnailURL": "https://www.makeapie.com/ecg-storage/ec_gallery_thumbnail/xBknY_6AGg.png?v=1482830905284",
    "isCustomThumbnail": 0,
    "builtinTags": [
        "category-work",
        "graphic"
    ],
    "customTags": [],
    "updaterUserName": "a695004175"
}