{
    "cid": "xByk5XkEmx",
    "authorUid": "bd-3877420935",
    "authorUserName": "1一直到最后",
    "title": "矩形数图 二级",
    "description": "包含一层子级",
    "latestVersion": 5,
    "alwaysLatest": 1,
    "createTime": "2016-12-06T07:06:47.000Z",
    "lastUpdateTime": "2016-12-06T07:06:47.000Z",
    "auth": 1,
    "uid": "bd-3877420935",
    "publishedVersion": 0,
    "forkFrom": "-",
    "isSpam": 0,
    "version": 5,
    "parentVersion": 4,
    "echartsVersion": "3.8.0",
    "versionCreateTime": "2018-06-01T03:34:37.000Z",
    "html": "",
    "externalScripts": "",
    "updaterUID": "bd-3819357895",
    "theme": "",
    "layout": "",
    "viewCount": 3583,
    "userName": "1一直到最后",
    "commentCount": 0,
    "starCount": 4,
    "isStared": 0,
    "thumbnailURL": "https://www.makeapie.com/ecg-storage/ec_gallery_thumbnail/xByk5XkEmx.png?v=1527824077961",
    "isCustomThumbnail": 0,
    "builtinTags": [
        "category-work",
        "series-treemap",
        "tooltip"
    ],
    "customTags": [],
    "updaterUserName": "加菲0812小童鞋"
}