{
    "cid": "xBylQivTzg",
    "authorUid": "bd-2500662229",
    "authorUserName": "虚***顶",
    "title": "足球场",
    "description": "足球场",
    "latestVersion": 2,
    "alwaysLatest": 1,
    "createTime": "2016-12-01T09:19:20.000Z",
    "lastUpdateTime": "2016-12-01T09:19:20.000Z",
    "auth": 2,
    "uid": "bd-2500662229",
    "publishedVersion": 0,
    "forkFrom": "-",
    "isSpam": 0,
    "version": 2,
    "parentVersion": 1,
    "echartsVersion": "3.3.2",
    "versionCreateTime": "2016-12-01T09:37:55.000Z",
    "html": "",
    "externalScripts": "",
    "updaterUID": "bd-2500662229",
    "theme": "",
    "layout": "",
    "viewCount": 2734,
    "userName": "虚***顶",
    "commentCount": 0,
    "starCount": 12,
    "isStared": 0,
    "thumbnailURL": "https://www.makeapie.com/ecg-storage/ec_gallery_thumbnail/xBylQivTzg.undefined?v=",
    "isCustomThumbnail": 0,
    "builtinTags": [
        "category-work",
        "graphic",
        "grid",
        "series-effectScatter",
        "series-lines"
    ],
    "customTags": [],
    "updaterUserName": "虚***顶"
}