{
    "cid": "xBypTkA0ze",
    "authorUid": "bd-890443322",
    "authorUserName": "Elain_c",
    "title": "13-15年全国艾滋病患者统计",
    "description": "",
    "latestVersion": 1,
    "alwaysLatest": 1,
    "createTime": "2016-12-02T10:41:08.000Z",
    "lastUpdateTime": "2016-12-02T10:41:08.000Z",
    "auth": 2,
    "uid": "bd-890443322",
    "publishedVersion": 0,
    "forkFrom": "-",
    "isSpam": 0,
    "version": 1,
    "parentVersion": -1,
    "echartsVersion": "3.3.2",
    "versionCreateTime": "2016-12-02T10:41:08.000Z",
    "html": "",
    "externalScripts": "",
    "updaterUID": "bd-890443322",
    "theme": "",
    "layout": "",
    "viewCount": 1369,
    "userName": "Elain_c",
    "commentCount": 0,
    "starCount": 2,
    "isStared": 0,
    "thumbnailURL": "https://www.makeapie.com/ecg-storage/ec_gallery_thumbnail/xBypTkA0ze.png?v=1480675269113",
    "isCustomThumbnail": 0,
    "builtinTags": [
        "category-work",
        "grid",
        "legend",
        "series-line",
        "toolbox",
        "tooltip"
    ],
    "customTags": [],
    "updaterUserName": "Elain_c"
}