{
    "cid": "xHkcI7qGQx",
    "authorUid": "bd-285313180",
    "authorUserName": "RUDOLPHKING",
    "title": "折线图加柱状图",
    "description": "修改自 Wang Dingding的”本年商场顾客男女人数统计“图表",
    "latestVersion": 4,
    "alwaysLatest": 1,
    "createTime": "2016-12-05T07:12:18.000Z",
    "lastUpdateTime": "2016-12-05T07:12:18.000Z",
    "auth": 2,
    "uid": "bd-285313180",
    "publishedVersion": 0,
    "forkFrom": "-",
    "isSpam": 0,
    "version": 4,
    "parentVersion": 3,
    "echartsVersion": "3.3.2",
    "versionCreateTime": "2016-12-09T06:39:08.000Z",
    "html": "",
    "externalScripts": "",
    "updaterUID": "bd-285313180",
    "theme": "",
    "layout": "",
    "viewCount": 976,
    "userName": "RUDOLPHKING",
    "commentCount": 0,
    "starCount": 1,
    "isStared": 0,
    "thumbnailURL": "https://www.makeapie.com/ecg-storage/ec_gallery_thumbnail/xHkcI7qGQx.png?v=1481265548333",
    "isCustomThumbnail": 0,
    "builtinTags": [
        "category-work",
        "grid",
        "legend",
        "series-bar",
        "series-line",
        "tooltip"
    ],
    "customTags": [],
    "updaterUserName": "RUDOLPHKING"
}