{
    "cid": "xHyNxIYHQl",
    "authorUid": "bd-1192091434",
    "authorUserName": "s***2",
    "title": "Cartesian on map",
    "description": "Cartesian on map demo.",
    "latestVersion": 4,
    "alwaysLatest": 1,
    "createTime": "2016-12-07T12:51:56.000Z",
    "lastUpdateTime": "2016-12-07T13:58:48.000Z",
    "auth": 2,
    "uid": "bd-1192091434",
    "publishedVersion": 0,
    "forkFrom": "-",
    "isSpam": 0,
    "version": 4,
    "parentVersion": 3,
    "echartsVersion": "3.3.2",
    "versionCreateTime": "2016-12-07T14:01:00.000Z",
    "html": "",
    "externalScripts": "/dep/echarts/map/js/world.js",
    "updaterUID": "bd-1192091434",
    "theme": "default",
    "layout": "",
    "viewCount": 11770,
    "userName": "s***2",
    "commentCount": 10,
    "starCount": 55,
    "isStared": 0,
    "thumbnailURL": "https://www.makeapie.com/ecg-storage/ec_gallery_thumbnail/xHyNxIYHQl.png?v=1481119260814",
    "isCustomThumbnail": 0,
    "builtinTags": [
        "category-work",
        "geo",
        "grid",
        "series-line",
        "title",
        "tooltip"
    ],
    "customTags": [
        "dynamic",
        "roam"
    ],
    "updaterUserName": "s***2"
}