{
    "cid": "xrJvrTWafl",
    "authorUid": "bd-1208867678",
    "authorUserName": "忆***思",
    "title": "修改仪表盘图表 显示四分之三圆",
    "description": "",
    "latestVersion": 1,
    "alwaysLatest": 1,
    "createTime": "2016-12-01T02:38:54.000Z",
    "lastUpdateTime": "2016-12-01T02:38:54.000Z",
    "auth": 2,
    "uid": "bd-1208867678",
    "publishedVersion": 0,
    "forkFrom": "-",
    "isSpam": 0,
    "version": 1,
    "parentVersion": -1,
    "echartsVersion": "3.3.2",
    "versionCreateTime": "2016-12-01T02:38:54.000Z",
    "html": "",
    "externalScripts": "",
    "updaterUID": "bd-1208867678",
    "theme": "",
    "layout": "",
    "viewCount": 6796,
    "userName": "忆***思",
    "commentCount": 2,
    "starCount": 6,
    "isStared": 0,
    "thumbnailURL": "https://www.makeapie.com/ecg-storage/ec_gallery_thumbnail/xrJvrTWafl.png?v=1480559935308",
    "isCustomThumbnail": 0,
    "builtinTags": [
        "category-work",
        "series-gauge",
        "tooltip"
    ],
    "customTags": [],
    "updaterUserName": "忆***思"
}