{
    "cid": "xrk0U7wfQx",
    "authorUid": "bd-2315755981",
    "authorUserName": "cqcn1991",
    "title": "评论分布图",
    "description": "",
    "latestVersion": 1,
    "alwaysLatest": 1,
    "createTime": "2016-12-05T03:47:34.000Z",
    "lastUpdateTime": "2016-12-05T03:47:34.000Z",
    "auth": 2,
    "uid": "bd-2315755981",
    "publishedVersion": 0,
    "forkFrom": "-",
    "isSpam": 0,
    "version": 1,
    "parentVersion": -1,
    "echartsVersion": "3.3.2",
    "versionCreateTime": "2016-12-05T03:47:34.000Z",
    "html": "",
    "externalScripts": "",
    "updaterUID": "bd-2315755981",
    "theme": "",
    "layout": "",
    "viewCount": 1008,
    "userName": "cqcn1991",
    "commentCount": 0,
    "starCount": 4,
    "isStared": 0,
    "thumbnailURL": "https://www.makeapie.com/ecg-storage/ec_gallery_thumbnail/xrk0U7wfQx.png?v=1480909655650",
    "isCustomThumbnail": 0,
    "builtinTags": [
        "category-work",
        "legend",
        "series-pie",
        "tooltip"
    ],
    "customTags": [],
    "updaterUserName": "cqcn1991"
}