{
    "cid": "xrkEYzfnMg",
    "authorUid": "bd-1208867678",
    "authorUserName": "忆***思",
    "title": "堆叠区域图（tooltip 显示自己所需的值）",
    "description": "tooltip返回总数",
    "latestVersion": 3,
    "alwaysLatest": 1,
    "createTime": "2016-11-30T08:49:00.000Z",
    "lastUpdateTime": "2016-11-30T08:49:00.000Z",
    "auth": 2,
    "uid": "bd-1208867678",
    "publishedVersion": 0,
    "forkFrom": "-",
    "isSpam": 0,
    "version": 3,
    "parentVersion": 2,
    "echartsVersion": "3.3.2",
    "versionCreateTime": "2016-11-30T08:54:11.000Z",
    "html": "",
    "externalScripts": "",
    "updaterUID": "bd-1208867678",
    "theme": "",
    "layout": "",
    "viewCount": 655,
    "userName": "忆***思",
    "commentCount": 0,
    "starCount": 3,
    "isStared": 0,
    "thumbnailURL": "https://www.makeapie.com/ecg-storage/ec_gallery_thumbnail/xrkEYzfnMg.png?v=1480495740379",
    "isCustomThumbnail": 1,
    "builtinTags": [
        "category-work",
        "grid",
        "legend",
        "series-line",
        "title",
        "toolbox",
        "tooltip"
    ],
    "customTags": [],
    "updaterUserName": "忆***思"
}