{
    "cid": "xSJSdkLhfe",
    "authorUid": "bd-841113252",
    "authorUserName": "分吹PPJJ凉",
    "title": "multiple-type",
    "description": "多坐标系示例\n参考：\nhttp://echarts.baidu.com/demo.html#scatter-anscombe-quartet\nhttp://gallery.echartsjs.com/editor.html?c=multiple-y-axis",
    "latestVersion": 1,
    "alwaysLatest": 1,
    "createTime": "2016-11-30T13:09:01.000Z",
    "lastUpdateTime": "2016-11-30T13:09:01.000Z",
    "auth": 2,
    "uid": "bd-841113252",
    "publishedVersion": 0,
    "forkFrom": "-",
    "isSpam": 0,
    "version": 1,
    "parentVersion": -1,
    "echartsVersion": "3.3.2",
    "versionCreateTime": "2016-11-30T13:09:01.000Z",
    "html": "",
    "externalScripts": "",
    "updaterUID": "bd-841113252",
    "theme": "",
    "layout": "",
    "viewCount": 276,
    "userName": "分吹PPJJ凉",
    "commentCount": 0,
    "starCount": 1,
    "isStared": 0,
    "thumbnailURL": "https://www.makeapie.com/ecg-storage/ec_gallery_thumbnail/xSJSdkLhfe.png?v=1480511341817",
    "isCustomThumbnail": 0,
    "builtinTags": [
        "category-work",
        "grid",
        "series-bar",
        "series-line",
        "tooltip"
    ],
    "customTags": [
        "multiple"
    ],
    "updaterUserName": "分吹PPJJ凉"
}