{
    "cid": "xSkH6uUGQe",
    "authorUid": "bd-755685696",
    "authorUserName": "贺麟惠",
    "title": "柱状图+折线图",
    "description": "柱状图+折线图",
    "latestVersion": 1,
    "alwaysLatest": 1,
    "createTime": "2016-12-05T03:02:21.000Z",
    "lastUpdateTime": "2016-12-05T03:02:21.000Z",
    "auth": 2,
    "uid": "bd-755685696",
    "publishedVersion": 0,
    "forkFrom": "-",
    "isSpam": 0,
    "version": 1,
    "parentVersion": -1,
    "echartsVersion": "3.3.2",
    "versionCreateTime": "2016-12-05T03:02:21.000Z",
    "html": "",
    "externalScripts": "",
    "updaterUID": "bd-755685696",
    "theme": "",
    "layout": "",
    "viewCount": 563,
    "userName": "贺麟惠",
    "commentCount": 0,
    "starCount": 0,
    "isStared": 0,
    "thumbnailURL": "https://www.makeapie.com/ecg-storage/ec_gallery_thumbnail/xSkH6uUGQe.png?v=1480906941960",
    "isCustomThumbnail": 0,
    "builtinTags": [
        "category-work",
        "grid",
        "legend",
        "series-bar",
        "series-line",
        "tooltip"
    ],
    "customTags": [
        "bar",
        "line"
    ],
    "updaterUserName": "贺麟惠"
}