{
    "cid": "x2CMHnLaFN",
    "authorUid": "bd-3023798474",
    "authorUserName": "f***h",
    "title": "Awesome Chart",
    "description": "",
    "latestVersion": 2,
    "alwaysLatest": 1,
    "createTime": "2019-07-03T07:34:54.000Z",
    "lastUpdateTime": "2019-07-03T07:34:54.000Z",
    "auth": 2,
    "uid": "bd-3023798474",
    "publishedVersion": 0,
    "forkFrom": "-",
    "isSpam": 0,
    "version": 2,
    "parentVersion": 1,
    "echartsVersion": "4.2.1",
    "versionCreateTime": "2019-07-03T07:35:14.000Z",
    "html": "",
    "externalScripts": "",
    "updaterUID": "bd-3023798474",
    "theme": "",
    "layout": "",
    "viewCount": 50,
    "userName": "f***h",
    "commentCount": 0,
    "starCount": 0,
    "isStared": 0,
    "thumbnailURL": "https://www.makeapie.com/ecg-storage/ec_gallery_thumbnail/x2CMHnLaFN.png?v=1562139314662",
    "isCustomThumbnail": 0,
    "builtinTags": [
        "category-work",
        "grid",
        "series-line",
        "title"
    ],
    "customTags": [],
    "updaterUserName": "f***h"
}