{
    "cid": "xCgWAb-4Ab",
    "authorUid": "bd-3393057074",
    "authorUserName": "大***志",
    "title": "横向多行柱状图",
    "description": "横向多行柱状图",
    "latestVersion": 1,
    "alwaysLatest": 1,
    "createTime": "2019-07-02T16:18:56.000Z",
    "lastUpdateTime": "2019-07-02T16:18:56.000Z",
    "auth": 2,
    "uid": "bd-3393057074",
    "publishedVersion": 0,
    "forkFrom": "-",
    "isSpam": 0,
    "version": 1,
    "parentVersion": -1,
    "echartsVersion": "4.2.1",
    "versionCreateTime": "2019-07-02T16:18:56.000Z",
    "html": "",
    "externalScripts": "",
    "updaterUID": "bd-3393057074",
    "theme": "",
    "layout": "",
    "viewCount": 343,
    "userName": "大***志",
    "commentCount": 0,
    "starCount": 5,
    "isStared": 0,
    "thumbnailURL": "https://www.makeapie.com/ecg-storage/ec_gallery_thumbnail/xCgWAb-4Ab.png?v=1562084336741",
    "isCustomThumbnail": 0,
    "builtinTags": [
        "category-work",
        "grid",
        "legend",
        "series-bar",
        "tooltip"
    ],
    "customTags": [],
    "updaterUserName": "大***志"
}