{
    "cid": "xKsGWbPZZd",
    "authorUid": "bd-3207513388",
    "authorUserName": "x***n",
    "title": "基础雷达图",
    "description": "",
    "latestVersion": 10,
    "alwaysLatest": 1,
    "createTime": "2019-07-03T03:08:48.000Z",
    "lastUpdateTime": "2019-07-03T03:08:48.000Z",
    "auth": 2,
    "uid": "bd-3207513388",
    "publishedVersion": 0,
    "forkFrom": "-",
    "isSpam": 0,
    "version": 10,
    "parentVersion": 9,
    "echartsVersion": "4.2.1",
    "versionCreateTime": "2019-07-04T07:32:43.000Z",
    "html": "",
    "externalScripts": "",
    "updaterUID": "bd-3207513388",
    "theme": "",
    "layout": "",
    "viewCount": 1222,
    "userName": "x***n",
    "commentCount": 0,
    "starCount": 4,
    "isStared": 0,
    "thumbnailURL": "https://www.makeapie.com/ecg-storage/ec_gallery_thumbnail/xKsGWbPZZd.png?v=1562225564054",
    "isCustomThumbnail": 0,
    "builtinTags": [
        "category-work",
        "polar",
        "radar",
        "series-radar",
        "tooltip"
    ],
    "customTags": [],
    "updaterUserName": "x***n"
}