{
    "cid": "xl4d5upNIN",
    "authorUid": "bd-749254193",
    "authorUserName": "欧***一",
    "title": "未来一周气温变化",
    "description": "圆滑渐变折线图，未来一周最高气温最低气温对比",
    "latestVersion": 1,
    "alwaysLatest": 1,
    "createTime": "2019-07-03T06:53:40.000Z",
    "lastUpdateTime": "2019-07-03T06:53:40.000Z",
    "auth": 2,
    "uid": "bd-749254193",
    "publishedVersion": 0,
    "forkFrom": "-",
    "isSpam": 0,
    "version": 1,
    "parentVersion": -1,
    "echartsVersion": "4.2.1",
    "versionCreateTime": "2019-07-03T06:53:40.000Z",
    "html": "",
    "externalScripts": "",
    "updaterUID": "bd-749254193",
    "theme": "",
    "layout": "",
    "viewCount": 10272,
    "userName": "欧***一",
    "commentCount": 0,
    "starCount": 25,
    "isStared": 0,
    "thumbnailURL": "https://www.makeapie.com/ecg-storage/ec_gallery_thumbnail/xl4d5upNIN.png?v=1562136820661",
    "isCustomThumbnail": 0,
    "builtinTags": [
        "category-work",
        "grid",
        "legend",
        "markLine",
        "markPoint",
        "series-line",
        "title",
        "toolbox",
        "tooltip"
    ],
    "customTags": [],
    "updaterUserName": "欧***一"
}