{
    "cid": "xMKKAsaOe3",
    "authorUid": "bd-1259283473",
    "authorUserName": "地狱怒兽",
    "title": "横向树结构",
    "description": "",
    "latestVersion": 4,
    "alwaysLatest": 1,
    "createTime": "2019-07-01T08:51:44.000Z",
    "lastUpdateTime": "2019-07-01T08:51:44.000Z",
    "auth": 2,
    "uid": "bd-1259283473",
    "publishedVersion": 0,
    "forkFrom": "-",
    "isSpam": 0,
    "version": 4,
    "parentVersion": 3,
    "echartsVersion": "4.2.1",
    "versionCreateTime": "2019-07-01T09:09:55.000Z",
    "html": "",
    "externalScripts": "",
    "updaterUID": "bd-1259283473",
    "theme": "",
    "layout": "",
    "viewCount": 349,
    "userName": "地狱怒兽",
    "commentCount": 0,
    "starCount": 1,
    "isStared": 0,
    "thumbnailURL": "https://www.makeapie.com/ecg-storage/ec_gallery_thumbnail/xMKKAsaOe3.png?v=1561972195627",
    "isCustomThumbnail": 0,
    "builtinTags": [
        "category-work",
        "series-tree",
        "tooltip"
    ],
    "customTags": [],
    "updaterUserName": "地狱怒兽"
}