{
    "cid": "xnLkvcQA3l",
    "authorUid": "bd-2724980533",
    "authorUserName": "l***9",
    "title": "客户行业分布情况 ",
    "description": "",
    "latestVersion": 1,
    "alwaysLatest": 1,
    "createTime": "2019-07-02T08:27:54.000Z",
    "lastUpdateTime": "2019-07-02T08:27:54.000Z",
    "auth": 2,
    "uid": "bd-2724980533",
    "publishedVersion": 0,
    "forkFrom": "-",
    "isSpam": 0,
    "version": 1,
    "parentVersion": -1,
    "echartsVersion": "4.2.1",
    "versionCreateTime": "2019-07-02T08:27:54.000Z",
    "html": "",
    "externalScripts": "",
    "updaterUID": "bd-2724980533",
    "theme": "dark",
    "layout": "",
    "viewCount": 378,
    "userName": "l***9",
    "commentCount": 0,
    "starCount": 0,
    "isStared": 0,
    "thumbnailURL": "https://www.makeapie.com/ecg-storage/ec_gallery_thumbnail/xnLkvcQA3l.png?v=1562056074444",
    "isCustomThumbnail": 0,
    "builtinTags": [
        "category-work",
        "legend",
        "series-tree",
        "title",
        "tooltip"
    ],
    "customTags": [],
    "updaterUserName": "l***9"
}