{
    "cid": "xoXJE68Irt",
    "authorUid": "bd-2545319",
    "authorUserName": "i***绘",
    "title": "椭圆形关系图",
    "description": "椭圆的左半部分，改变坐标值可获得椭圆右半部分",
    "latestVersion": 4,
    "alwaysLatest": 1,
    "createTime": "2019-07-03T08:25:48.000Z",
    "lastUpdateTime": "2019-07-03T08:26:28.000Z",
    "auth": 1,
    "uid": "bd-2545319",
    "publishedVersion": 0,
    "forkFrom": "-",
    "isSpam": 0,
    "version": 4,
    "parentVersion": 3,
    "echartsVersion": "4.2.1",
    "versionCreateTime": "2019-08-13T10:37:09.000Z",
    "html": "",
    "externalScripts": "",
    "updaterUID": "bd-3467114956",
    "theme": "dark",
    "layout": "",
    "viewCount": 11909,
    "userName": "i***绘",
    "commentCount": 3,
    "starCount": 24,
    "isStared": 0,
    "thumbnailURL": "https://www.makeapie.com/ecg-storage/ec_gallery_thumbnail/xoXJE68Irt.png?v=1565692629234",
    "isCustomThumbnail": 0,
    "builtinTags": [
        "category-work",
        "grid",
        "legend",
        "series-graph",
        "series-lines"
    ],
    "customTags": [],
    "updaterUserName": "177*****600"
}