{
    "cid": "xSxtwC8EPf",
    "authorUid": "bd-1259283473",
    "authorUserName": "地狱怒兽",
    "title": "引力关系图-球形",
    "description": "",
    "latestVersion": 5,
    "alwaysLatest": 1,
    "createTime": "2019-07-01T08:40:03.000Z",
    "lastUpdateTime": "2019-07-01T08:40:03.000Z",
    "auth": 2,
    "uid": "bd-1259283473",
    "publishedVersion": 0,
    "forkFrom": "-",
    "isSpam": 0,
    "version": 5,
    "parentVersion": 4,
    "echartsVersion": "4.2.1",
    "versionCreateTime": "2019-07-01T09:19:44.000Z",
    "html": "",
    "externalScripts": "",
    "updaterUID": "bd-1259283473",
    "theme": "",
    "layout": "",
    "viewCount": 55,
    "userName": "地狱怒兽",
    "commentCount": 0,
    "starCount": 0,
    "isStared": 0,
    "thumbnailURL": "https://www.makeapie.com/ecg-storage/ec_gallery_thumbnail/xSxtwC8EPf.png?v=1561972784312",
    "isCustomThumbnail": 0,
    "builtinTags": [
        "category-work"
    ],
    "customTags": [],
    "updaterUserName": "地狱怒兽"
}