{
    "cid": "xVJCWe0wdp",
    "authorUid": "bd-2545319",
    "authorUserName": "i***绘",
    "title": "堆叠象形柱图",
    "description": "通过计算数据比例，将柱图进行堆叠展示，当告警数据小于某一比例时为不影响展示，将以固定比例大小",
    "latestVersion": 4,
    "alwaysLatest": 1,
    "createTime": "2019-07-03T08:00:41.000Z",
    "lastUpdateTime": "2019-07-03T09:15:40.000Z",
    "auth": 1,
    "uid": "bd-2545319",
    "publishedVersion": 0,
    "forkFrom": "-",
    "isSpam": 0,
    "version": 4,
    "parentVersion": 3,
    "echartsVersion": "4.8.0",
    "versionCreateTime": "2021-04-07T08:05:37.000Z",
    "html": "",
    "externalScripts": "",
    "updaterUID": "bd-2545319",
    "theme": "dark",
    "layout": "",
    "viewCount": 880,
    "userName": "i***绘",
    "commentCount": 0,
    "starCount": 7,
    "isStared": 0,
    "thumbnailURL": "https://www.makeapie.com/ecg-storage/ec_gallery_thumbnail/xVJCWe0wdp.png?v=1617782738007",
    "isCustomThumbnail": 0,
    "builtinTags": [],
    "customTags": [],
    "updaterUserName": "i***绘"
}