{
    "cid": "xZfB3d5-92",
    "authorUid": "bd-1259283473",
    "authorUserName": "地狱怒兽",
    "title": "向下生长树",
    "description": "",
    "latestVersion": 1,
    "alwaysLatest": 1,
    "createTime": "2019-07-01T09:28:26.000Z",
    "lastUpdateTime": "2019-07-01T09:28:26.000Z",
    "auth": 2,
    "uid": "bd-1259283473",
    "publishedVersion": 0,
    "forkFrom": "-",
    "isSpam": 0,
    "version": 1,
    "parentVersion": -1,
    "echartsVersion": "4.2.1",
    "versionCreateTime": "2019-07-01T09:28:26.000Z",
    "html": "",
    "externalScripts": "",
    "updaterUID": "bd-1259283473",
    "theme": "",
    "layout": "",
    "viewCount": 348,
    "userName": "地狱怒兽",
    "commentCount": 0,
    "starCount": 0,
    "isStared": 0,
    "thumbnailURL": "https://www.makeapie.com/ecg-storage/ec_gallery_thumbnail/xZfB3d5-92.png?v=1561973306717",
    "isCustomThumbnail": 0,
    "builtinTags": [
        "category-work",
        "series-tree",
        "tooltip"
    ],
    "customTags": [],
    "updaterUserName": "地狱怒兽"
}