{
    "cid": "x0cuef1iHX",
    "authorUid": "obd-oN7FqF-9Av8qCnY1JOwg9ZEy-T3l_Cf",
    "authorUserName": "Y***n",
    "title": "饼状图评分",
    "description": "",
    "latestVersion": 1,
    "alwaysLatest": 1,
    "createTime": "2020-06-09T03:15:58.000Z",
    "lastUpdateTime": "2020-08-03T09:48:29.000Z",
    "auth": 2,
    "uid": "obd-oN7FqF-9Av8qCnY1JOwg9ZEy-T3l_Cf",
    "publishedVersion": 1,
    "forkFrom": "-",
    "isSpam": 0,
    "version": 1,
    "parentVersion": -1,
    "echartsVersion": "4.8.0",
    "versionCreateTime": "2020-06-09T03:15:58.000Z",
    "html": "",
    "externalScripts": "",
    "updaterUID": "obd-oN7FqF-9Av8qCnY1JOwg9ZEy-T3l_Cf",
    "theme": "default",
    "layout": "",
    "viewCount": 190,
    "userName": "Y***n",
    "commentCount": 0,
    "starCount": 2,
    "isStared": 0,
    "thumbnailURL": "https://www.makeapie.com/ecg-storage/ec_gallery_thumbnail/x0cuef1iHX.png?v=1591672558291",
    "isCustomThumbnail": 0,
    "builtinTags": [
        "category-work",
        "series-pie"
    ],
    "customTags": [],
    "updaterUserName": "Y***n"
}