{
    "cid": "x3GE0vkezr",
    "authorUid": "obd-oj2mEWAJaTzuqlE-PsLV6PIDPZ2OXDb",
    "authorUserName": "6***6",
    "title": "perfectperson",
    "description": "时间管理",
    "latestVersion": 5,
    "alwaysLatest": 1,
    "createTime": "2020-06-09T05:50:31.000Z",
    "lastUpdateTime": "2020-06-09T05:50:31.000Z",
    "auth": 2,
    "uid": "obd-oj2mEWAJaTzuqlE-PsLV6PIDPZ2OXDb",
    "publishedVersion": 0,
    "forkFrom": "-",
    "isSpam": 0,
    "version": 5,
    "parentVersion": 4,
    "echartsVersion": "4.8.0",
    "versionCreateTime": "2020-06-10T01:36:49.000Z",
    "html": "",
    "externalScripts": "",
    "updaterUID": "obd-oj2mEWAJaTzuqlE-PsLV6PIDPZ2OXDb",
    "theme": "",
    "layout": "",
    "viewCount": 85,
    "userName": "6***6",
    "commentCount": 0,
    "starCount": 1,
    "isStared": 0,
    "thumbnailURL": "https://www.makeapie.com/ecg-storage/ec_gallery_thumbnail/x3GE0vkezr.png?v=1591753010021",
    "isCustomThumbnail": 0,
    "builtinTags": [
        "category-work",
        "grid",
        "series-line",
        "title"
    ],
    "customTags": [],
    "updaterUserName": "6***6"
}