{
    "cid": "x5OYuL5SJB",
    "authorUid": "obd-otaAfgIp_bpJM4KWJkvID1rr6cybb8U",
    "authorUserName": "d***懂",
    "title": "环形图",
    "description": "环形图",
    "latestVersion": 2,
    "alwaysLatest": 1,
    "createTime": "2020-06-09T09:33:26.000Z",
    "lastUpdateTime": "2020-06-09T09:33:26.000Z",
    "auth": 2,
    "uid": "obd-otaAfgIp_bpJM4KWJkvID1rr6cybb8U",
    "publishedVersion": 0,
    "forkFrom": "-",
    "isSpam": 0,
    "version": 2,
    "parentVersion": 1,
    "echartsVersion": "4.8.0",
    "versionCreateTime": "2020-12-09T05:48:46.000Z",
    "html": "",
    "externalScripts": "",
    "updaterUID": "obd-otaAfgIp_bpJM4KWJkvID1rr6cybb8U",
    "theme": "",
    "layout": "",
    "viewCount": 293,
    "userName": "d***懂",
    "commentCount": 0,
    "starCount": 2,
    "isStared": 0,
    "thumbnailURL": "https://www.makeapie.com/ecg-storage/ec_gallery_thumbnail/x5OYuL5SJB.png?v=1607492926443",
    "isCustomThumbnail": 0,
    "builtinTags": [
        "category-work",
        "legend",
        "series-pie",
        "tooltip"
    ],
    "customTags": [],
    "updaterUserName": "d***懂"
}