{
    "cid": "x8YhOQoPvW",
    "authorUid": "bd-4286708132",
    "authorUserName": "L***h",
    "title": "饼图",
    "description": "",
    "latestVersion": 4,
    "alwaysLatest": 1,
    "createTime": "2020-06-09T03:09:15.000Z",
    "lastUpdateTime": "2020-06-09T03:09:15.000Z",
    "auth": 2,
    "uid": "bd-4286708132",
    "publishedVersion": 0,
    "forkFrom": "-",
    "isSpam": 0,
    "version": 4,
    "parentVersion": 3,
    "echartsVersion": "4.8.0",
    "versionCreateTime": "2020-10-19T03:13:30.000Z",
    "html": "",
    "externalScripts": "",
    "updaterUID": "bd-4286708132",
    "theme": "",
    "layout": "",
    "viewCount": 1269,
    "userName": "L***h",
    "commentCount": 0,
    "starCount": 8,
    "isStared": 0,
    "thumbnailURL": "https://www.makeapie.com/ecg-storage/ec_gallery_thumbnail/x8YhOQoPvW.png?v=1603077210394",
    "isCustomThumbnail": 0,
    "builtinTags": [
        "category-work",
        "legend",
        "series-pie"
    ],
    "customTags": [],
    "updaterUserName": "L***h"
}