{
    "cid": "xC9DRaAiRB",
    "authorUid": "obd-oD3azM6s0nRCZi-0cjtwXGXTbtxCj17",
    "authorUserName": "甜***你",
    "title": "Awesome Chart",
    "description": "我的第一个作品",
    "latestVersion": 1,
    "alwaysLatest": 1,
    "createTime": "2020-06-09T10:46:49.000Z",
    "lastUpdateTime": "2020-06-09T10:46:49.000Z",
    "auth": 2,
    "uid": "obd-oD3azM6s0nRCZi-0cjtwXGXTbtxCj17",
    "publishedVersion": 0,
    "forkFrom": "-",
    "isSpam": 0,
    "version": 1,
    "parentVersion": -1,
    "echartsVersion": "4.8.0",
    "versionCreateTime": "2020-06-09T10:46:49.000Z",
    "html": "",
    "externalScripts": "",
    "updaterUID": "obd-oD3azM6s0nRCZi-0cjtwXGXTbtxCj17",
    "theme": "",
    "layout": "",
    "viewCount": 26,
    "userName": "甜***你",
    "commentCount": 0,
    "starCount": 0,
    "isStared": 0,
    "thumbnailURL": "https://www.makeapie.com/ecg-storage/ec_gallery_thumbnail/xC9DRaAiRB.png?v=1591699609550",
    "isCustomThumbnail": 1,
    "builtinTags": [
        "category-work",
        "grid",
        "series-line",
        "title"
    ],
    "customTags": [],
    "updaterUserName": "甜***你"
}