{
    "cid": "xdtVw6C2sq",
    "authorUid": "bd-1971616316",
    "authorUserName": "k***3",
    "title": "新型冠状病毒肺炎疫情地图",
    "description": "新型冠状病毒肺炎疫情累计确诊人数地图（截止至北京时间2020-06-09 08:30）",
    "latestVersion": 1,
    "alwaysLatest": 1,
    "createTime": "2020-06-09T01:06:59.000Z",
    "lastUpdateTime": "2020-06-09T01:06:59.000Z",
    "auth": 2,
    "uid": "bd-1971616316",
    "publishedVersion": 0,
    "forkFrom": "-",
    "isSpam": 0,
    "version": 1,
    "parentVersion": -1,
    "echartsVersion": "4.8.0",
    "versionCreateTime": "2020-06-09T01:06:59.000Z",
    "html": "",
    "externalScripts": "/dep/echarts/map/js/world.js",
    "updaterUID": "bd-1971616316",
    "theme": "",
    "layout": "",
    "viewCount": 1358,
    "userName": "k***3",
    "commentCount": 0,
    "starCount": 9,
    "isStared": 0,
    "thumbnailURL": "https://www.makeapie.com/ecg-storage/ec_gallery_thumbnail/xdtVw6C2sq.png?v=1591664819312",
    "isCustomThumbnail": 0,
    "builtinTags": [
        "category-work",
        "series-map",
        "title",
        "toolbox",
        "tooltip",
        "visualMap"
    ],
    "customTags": [],
    "updaterUserName": "k***3"
}