{
    "cid": "xLalwfP12d",
    "authorUid": "obd-oE7g_85M3XppVRxCvYPJKsoCPCpyP4L",
    "authorUserName": "凌***e",
    "title": "历年增长",
    "description": "",
    "latestVersion": 1,
    "alwaysLatest": 1,
    "createTime": "2020-06-08T10:17:06.000Z",
    "lastUpdateTime": "2020-06-08T10:17:06.000Z",
    "auth": 2,
    "uid": "obd-oE7g_85M3XppVRxCvYPJKsoCPCpyP4L",
    "publishedVersion": 0,
    "forkFrom": "-",
    "isSpam": 0,
    "version": 1,
    "parentVersion": -1,
    "echartsVersion": "4.8.0",
    "versionCreateTime": "2020-06-08T10:17:06.000Z",
    "html": "",
    "externalScripts": "",
    "updaterUID": "obd-oE7g_85M3XppVRxCvYPJKsoCPCpyP4L",
    "theme": "",
    "layout": "",
    "viewCount": 769,
    "userName": "凌***e",
    "commentCount": 0,
    "starCount": 4,
    "isStared": 0,
    "thumbnailURL": "https://www.makeapie.com/ecg-storage/ec_gallery_thumbnail/xLalwfP12d.png?v=1591611427087",
    "isCustomThumbnail": 0,
    "builtinTags": [
        "category-work",
        "grid",
        "legend",
        "series-line",
        "title",
        "toolbox",
        "tooltip"
    ],
    "customTags": [],
    "updaterUserName": "凌***e"
}