{
    "cid": "xPpo171Pyn",
    "authorUid": "obd-o2WyAIg9gfWa9N5KoO-X09AObsH_pB0",
    "authorUserName": "骚***姐",
    "title": "突出折点 部分加小图标",
    "description": "",
    "latestVersion": 2,
    "alwaysLatest": 1,
    "createTime": "2020-06-08T10:34:31.000Z",
    "lastUpdateTime": "2020-06-08T10:34:31.000Z",
    "auth": 1,
    "uid": "obd-o2WyAIg9gfWa9N5KoO-X09AObsH_pB0",
    "publishedVersion": 0,
    "forkFrom": "-",
    "isSpam": 0,
    "version": 2,
    "parentVersion": 1,
    "echartsVersion": "4.8.0",
    "versionCreateTime": "2021-04-18T06:18:02.000Z",
    "html": "",
    "externalScripts": "",
    "updaterUID": "bd-1075817977",
    "theme": "",
    "layout": "",
    "viewCount": 776,
    "userName": "骚***姐",
    "commentCount": 0,
    "starCount": 4,
    "isStared": 0,
    "thumbnailURL": "https://www.makeapie.com/ecg-storage/ec_gallery_thumbnail/xPpo171Pyn.png?v=1618726682542",
    "isCustomThumbnail": 0,
    "builtinTags": [
        "category-work",
        "grid",
        "markPoint",
        "series-line",
        "title",
        "tooltip"
    ],
    "customTags": [],
    "updaterUserName": "7***2"
}