{
    "cid": "xTQNtTimuC",
    "authorUid": "bd-1800740195",
    "authorUserName": "思***法",
    "title": "山东滕州",
    "description": "",
    "latestVersion": 1,
    "alwaysLatest": 1,
    "createTime": "2020-06-10T05:06:16.000Z",
    "lastUpdateTime": "2020-06-10T05:06:16.000Z",
    "auth": 1,
    "uid": "bd-1800740195",
    "publishedVersion": 0,
    "forkFrom": "-",
    "isSpam": 0,
    "version": 1,
    "parentVersion": -1,
    "echartsVersion": "4.8.0",
    "versionCreateTime": "2020-06-10T05:06:16.000Z",
    "html": "",
    "externalScripts": "",
    "updaterUID": "bd-1800740195",
    "theme": "",
    "layout": "",
    "viewCount": 71,
    "userName": "思***法",
    "commentCount": 0,
    "starCount": 0,
    "isStared": 0,
    "thumbnailURL": "https://www.makeapie.com/ecg-storage/ec_gallery_thumbnail/xTQNtTimuC.png?v=1591765576462",
    "isCustomThumbnail": 0,
    "builtinTags": [
        "category-work",
        "geo",
        "series-effectScatter",
        "title",
        "tooltip"
    ],
    "customTags": [],
    "updaterUserName": "思***法"
}