{
    "cid": "xVixthTx9L",
    "authorUid": "bd-2930146440",
    "authorUserName": "天***o",
    "title": " 程克-PPMI",
    "description": "",
    "latestVersion": 5,
    "alwaysLatest": 1,
    "createTime": "2020-06-09T22:18:11.000Z",
    "lastUpdateTime": "2020-06-09T22:18:11.000Z",
    "auth": 2,
    "uid": "bd-2930146440",
    "publishedVersion": 0,
    "forkFrom": "-",
    "isSpam": 0,
    "version": 5,
    "parentVersion": 4,
    "echartsVersion": "4.8.0",
    "versionCreateTime": "2020-06-11T08:53:48.000Z",
    "html": "",
    "externalScripts": "",
    "updaterUID": "bd-2930146440",
    "theme": "",
    "layout": "",
    "viewCount": 1610,
    "userName": "天***o",
    "commentCount": 0,
    "starCount": 9,
    "isStared": 0,
    "thumbnailURL": "https://www.makeapie.com/ecg-storage/ec_gallery_thumbnail/xVixthTx9L.png?v=1591865628541",
    "isCustomThumbnail": 0,
    "builtinTags": [
        "category-work",
        "series-graph",
        "title",
        "toolbox"
    ],
    "customTags": [],
    "updaterUserName": "天***o"
}