{
    "cid": "xXvEVSnEPF",
    "authorUid": "obd-oj8PCavbbVdlM3SdSwl9prUqGo-XPD5",
    "authorUserName": "f***e",
    "title": "带有自定义tooltip的词云",
    "description": "tooltip 的 formatter 属性可以读取 data 里的任意属性",
    "latestVersion": 3,
    "alwaysLatest": 1,
    "createTime": "2020-06-10T02:20:32.000Z",
    "lastUpdateTime": "2020-06-10T02:20:32.000Z",
    "auth": 2,
    "uid": "obd-oj8PCavbbVdlM3SdSwl9prUqGo-XPD5",
    "publishedVersion": 0,
    "forkFrom": "-",
    "isSpam": 0,
    "version": 3,
    "parentVersion": 2,
    "echartsVersion": "4.8.0",
    "versionCreateTime": "2020-06-10T02:21:52.000Z",
    "html": "",
    "externalScripts": "https://oisanjavax.github.io/echarts-wordcloud/dist/echarts-wordcloud.min.js",
    "updaterUID": "obd-oj8PCavbbVdlM3SdSwl9prUqGo-XPD5",
    "theme": "",
    "layout": "",
    "viewCount": 4608,
    "userName": "f***e",
    "commentCount": 0,
    "starCount": 11,
    "isStared": 0,
    "thumbnailURL": "https://www.makeapie.com/ecg-storage/ec_gallery_thumbnail/xXvEVSnEPF.png?v=1591755712629",
    "isCustomThumbnail": 0,
    "builtinTags": [
        "category-work",
        "series-wordCloud",
        "tooltip"
    ],
    "customTags": [],
    "updaterUserName": "f***e"
}