{
    "cid": "xYkgFDyFYv",
    "authorUid": "obd-oMCV8rZ6sqbWPIEyccNr1UmdKk0zY28",
    "authorUserName": "秋***夜",
    "title": "关系图数据",
    "description": "",
    "latestVersion": 2,
    "alwaysLatest": 1,
    "createTime": "2020-06-09T06:42:53.000Z",
    "lastUpdateTime": "2020-06-09T06:42:53.000Z",
    "auth": 2,
    "uid": "obd-oMCV8rZ6sqbWPIEyccNr1UmdKk0zY28",
    "publishedVersion": 0,
    "forkFrom": "-",
    "isSpam": 0,
    "version": 2,
    "parentVersion": 1,
    "echartsVersion": "4.8.0",
    "versionCreateTime": "2020-06-09T09:13:39.000Z",
    "html": "",
    "externalScripts": "",
    "updaterUID": "obd-oMCV8rZ6sqbWPIEyccNr1UmdKk0zY28",
    "theme": "",
    "layout": "",
    "viewCount": 513,
    "userName": "秋***夜",
    "commentCount": 0,
    "starCount": 2,
    "isStared": 0,
    "thumbnailURL": "https://www.makeapie.com/ecg-storage/ec_gallery_thumbnail/xYkgFDyFYv.png?v=1591694019511",
    "isCustomThumbnail": 0,
    "builtinTags": [
        "category-work",
        "legend",
        "series-graph",
        "tooltip"
    ],
    "customTags": [
        "关系图"
    ],
    "updaterUserName": "秋***夜"
}