{
    "cid": "x2HWza7Pi8",
    "authorUid": "obd-oCTc_U8hPZbn_FmFJxbd5rj6Wwbow3n",
    "authorUserName": "J***x",
    "title": "象形柱图",
    "description": "",
    "latestVersion": 3,
    "alwaysLatest": 1,
    "createTime": "2020-12-04T02:30:17.000Z",
    "lastUpdateTime": "2020-12-04T02:30:17.000Z",
    "auth": 2,
    "uid": "obd-oCTc_U8hPZbn_FmFJxbd5rj6Wwbow3n",
    "publishedVersion": 0,
    "forkFrom": "-",
    "isSpam": 0,
    "version": 3,
    "parentVersion": 2,
    "echartsVersion": "4.8.0",
    "versionCreateTime": "2020-12-07T01:45:20.000Z",
    "html": "",
    "externalScripts": "",
    "updaterUID": "obd-oCTc_U8hPZbn_FmFJxbd5rj6Wwbow3n",
    "theme": "",
    "layout": "",
    "viewCount": 55,
    "userName": "J***x",
    "commentCount": 0,
    "starCount": 1,
    "isStared": 0,
    "thumbnailURL": "https://www.makeapie.com/ecg-storage/ec_gallery_thumbnail/x2HWza7Pi8.png?v=1607305520389",
    "isCustomThumbnail": 0,
    "builtinTags": [
        "category-work",
        "grid",
        "series-pictorialBar",
        "tooltip"
    ],
    "customTags": [],
    "updaterUserName": "J***x"
}