{
    "cid": "xB3HEvArbq",
    "authorUid": "obd-o2TqhU5V49yi28tSjDqysoIw4zUTi6H",
    "authorUserName": "m***h",
    "title": "地区区域划分",
    "description": "地图区域划分",
    "latestVersion": 2,
    "alwaysLatest": 1,
    "createTime": "2020-12-03T01:47:38.000Z",
    "lastUpdateTime": "2020-12-03T01:47:38.000Z",
    "auth": 1,
    "uid": "obd-o2TqhU5V49yi28tSjDqysoIw4zUTi6H",
    "publishedVersion": 0,
    "forkFrom": "-",
    "isSpam": 0,
    "version": 2,
    "parentVersion": 1,
    "echartsVersion": "4.8.0",
    "versionCreateTime": "2020-12-03T02:46:10.000Z",
    "html": "",
    "externalScripts": "",
    "updaterUID": "obd-o2TqhU5V49yi28tSjDqysoIw4zUTi6H",
    "theme": "",
    "layout": "",
    "viewCount": 46,
    "userName": "m***h",
    "commentCount": 0,
    "starCount": 1,
    "isStared": 0,
    "thumbnailURL": "https://www.makeapie.com/ecg-storage/ec_gallery_thumbnail/xB3HEvArbq.png?v=1606963570425",
    "isCustomThumbnail": 0,
    "builtinTags": [
        "category-work",
        "geo"
    ],
    "customTags": [],
    "updaterUserName": "m***h"
}