{
    "cid": "xEPGncNqvk",
    "authorUid": "bd-4198402328",
    "authorUserName": "a***3",
    "title": "渐变色饼图",
    "description": "",
    "latestVersion": 1,
    "alwaysLatest": 1,
    "createTime": "2020-12-03T06:40:12.000Z",
    "lastUpdateTime": "2020-12-03T06:40:12.000Z",
    "auth": 2,
    "uid": "bd-4198402328",
    "publishedVersion": 0,
    "forkFrom": "-",
    "isSpam": 0,
    "version": 1,
    "parentVersion": -1,
    "echartsVersion": "4.8.0",
    "versionCreateTime": "2020-12-03T06:40:12.000Z",
    "html": "",
    "externalScripts": "",
    "updaterUID": "bd-4198402328",
    "theme": "",
    "layout": "",
    "viewCount": 76,
    "userName": "a***3",
    "commentCount": 0,
    "starCount": 1,
    "isStared": 0,
    "thumbnailURL": "https://www.makeapie.com/ecg-storage/ec_gallery_thumbnail/xEPGncNqvk.png?v=1606977612570",
    "isCustomThumbnail": 0,
    "builtinTags": [
        "category-work",
        "legend",
        "series-pie",
        "title",
        "tooltip"
    ],
    "customTags": [
        "pie"
    ],
    "updaterUserName": "a***3"
}