{
    "cid": "xfR1JvIh2S",
    "authorUid": "obd-oAF1wugdmNhEFCaskqNeQRt5X7w_U7c",
    "authorUserName": "南***箫",
    "title": "进度条",
    "description": "进度条",
    "latestVersion": 4,
    "alwaysLatest": 1,
    "createTime": "2020-12-03T06:01:40.000Z",
    "lastUpdateTime": "2021-08-26T05:22:42.000Z",
    "auth": 1,
    "uid": "obd-oAF1wugdmNhEFCaskqNeQRt5X7w_U7c",
    "publishedVersion": 0,
    "forkFrom": "-",
    "isSpam": 0,
    "version": 4,
    "parentVersion": 3,
    "echartsVersion": "4.9.0",
    "versionCreateTime": "2021-08-26T05:22:42.000Z",
    "html": "",
    "externalScripts": "",
    "updaterUID": "obd-ojDRjw6YlEwFsJUx32jhkYqov2GrjEI",
    "theme": "",
    "layout": "",
    "viewCount": 332,
    "userName": "南***箫",
    "commentCount": 0,
    "starCount": 3,
    "isStared": 0,
    "thumbnailURL": "https://www.makeapie.com/ecg-storage/ec_gallery_thumbnail/xfR1JvIh2S.png?v=1606975300670",
    "isCustomThumbnail": 1,
    "builtinTags": [
        "category-work",
        "grid",
        "series-bar",
        "series-scatter"
    ],
    "customTags": [
        "柱状图",
        "进度条"
    ],
    "updaterUserName": "a***5"
}