{
    "cid": "xRtCe3yVeF",
    "authorUid": "obd-oPsAGHpgBGA2jNZqPdz3IaOzFPUs59Q",
    "authorUserName": "3***9",
    "title": "折线图堆叠",
    "description": "",
    "latestVersion": 1,
    "alwaysLatest": 1,
    "createTime": "2020-12-04T07:16:02.000Z",
    "lastUpdateTime": "2020-12-04T07:16:02.000Z",
    "auth": 2,
    "uid": "obd-oPsAGHpgBGA2jNZqPdz3IaOzFPUs59Q",
    "publishedVersion": 0,
    "forkFrom": "-",
    "isSpam": 0,
    "version": 1,
    "parentVersion": -1,
    "echartsVersion": "4.8.0",
    "versionCreateTime": "2020-12-04T07:16:02.000Z",
    "html": "",
    "externalScripts": "",
    "updaterUID": "obd-oPsAGHpgBGA2jNZqPdz3IaOzFPUs59Q",
    "theme": "",
    "layout": "",
    "viewCount": 103,
    "userName": "3***9",
    "commentCount": 0,
    "starCount": 0,
    "isStared": 0,
    "thumbnailURL": "https://www.makeapie.com/ecg-storage/ec_gallery_thumbnail/xRtCe3yVeF.png?v=1607066162232",
    "isCustomThumbnail": 0,
    "builtinTags": [
        "category-work",
        "grid",
        "legend",
        "series-line",
        "title",
        "toolbox",
        "tooltip"
    ],
    "customTags": [],
    "updaterUserName": "3***9"
}