{
    "cid": "xu5hfJiAhv",
    "authorUid": "obd-oEgwfC2Zab-broL6tMBlLcPT1wCLL4P",
    "authorUserName": "巨***a",
    "title": "圆环进度",
    "description": "",
    "latestVersion": 1,
    "alwaysLatest": 1,
    "createTime": "2020-12-04T08:24:53.000Z",
    "lastUpdateTime": "2020-12-04T08:24:53.000Z",
    "auth": 2,
    "uid": "obd-oEgwfC2Zab-broL6tMBlLcPT1wCLL4P",
    "publishedVersion": 0,
    "forkFrom": "-",
    "isSpam": 0,
    "version": 1,
    "parentVersion": -1,
    "echartsVersion": "4.8.0",
    "versionCreateTime": "2020-12-04T08:24:53.000Z",
    "html": "",
    "externalScripts": "",
    "updaterUID": "obd-oEgwfC2Zab-broL6tMBlLcPT1wCLL4P",
    "theme": "",
    "layout": "",
    "viewCount": 356,
    "userName": "巨***a",
    "commentCount": 0,
    "starCount": 6,
    "isStared": 0,
    "thumbnailURL": "https://www.makeapie.com/ecg-storage/ec_gallery_thumbnail/xu5hfJiAhv.png?v=1607070293542",
    "isCustomThumbnail": 0,
    "builtinTags": [
        "category-work",
        "series-gauge",
        "series-pie",
        "title"
    ],
    "customTags": [],
    "updaterUserName": "巨***a"
}