{
    "cid": "x-kuZ3kkMV",
    "authorUid": "obd-oj9Mv0nf0p70mxuwPz3FHClAQoVeXDj",
    "authorUserName": "f***儿",
    "title": "柱状图",
    "description": "",
    "latestVersion": 3,
    "alwaysLatest": 0,
    "createTime": "2021-09-08T08:11:46.000Z",
    "lastUpdateTime": "2021-09-08T08:27:47.000Z",
    "auth": 1,
    "uid": "obd-oj9Mv0nf0p70mxuwPz3FHClAQoVeXDj",
    "publishedVersion": 0,
    "forkFrom": "-",
    "isSpam": 0,
    "version": 3,
    "parentVersion": 2,
    "echartsVersion": "5.2.0",
    "versionCreateTime": "2021-09-08T08:27:47.000Z",
    "html": "",
    "externalScripts": "",
    "updaterUID": "obd-oj9Mv0nf0p70mxuwPz3FHClAQoVeXDj",
    "theme": "",
    "layout": "",
    "viewCount": 0,
    "userName": "f***儿",
    "commentCount": 0,
    "starCount": 0,
    "isStared": 0,
    "thumbnailURL": "https://www.makeapie.com/ecg-storage/ec_gallery_thumbnail/x-kuZ3kkMV.png?v=1631089667860",
    "isCustomThumbnail": 0,
    "builtinTags": [
        "category-work",
        "grid",
        "legend",
        "series-bar"
    ],
    "customTags": [],
    "updaterUserName": "f***儿"
}