{
    "cid": "x4HaZLglxN",
    "authorUid": "obd-oA_FTAvPoepxDXhdUlbcCrglli8OY7G",
    "authorUserName": "S***m",
    "title": "變量數量篩選分析",
    "description": "data from wordbank",
    "latestVersion": 1,
    "alwaysLatest": 0,
    "createTime": "2021-09-08T18:59:38.000Z",
    "lastUpdateTime": "2021-09-08T18:59:38.000Z",
    "auth": 2,
    "uid": "obd-oA_FTAvPoepxDXhdUlbcCrglli8OY7G",
    "publishedVersion": 0,
    "forkFrom": "-",
    "isSpam": 0,
    "version": 1,
    "parentVersion": -1,
    "echartsVersion": "5.2.0",
    "versionCreateTime": "2021-09-08T18:59:38.000Z",
    "html": "",
    "externalScripts": "dep/echarts/map/js/world.js",
    "updaterUID": "obd-oA_FTAvPoepxDXhdUlbcCrglli8OY7G",
    "theme": "",
    "layout": "",
    "viewCount": 0,
    "userName": "S***m",
    "commentCount": 0,
    "starCount": 1,
    "isStared": 0,
    "thumbnailURL": "https://www.makeapie.com/ecg-storage/ec_gallery_thumbnail/x4HaZLglxN.png?v=1631127578750",
    "isCustomThumbnail": 0,
    "builtinTags": [
        "brush",
        "category-work",
        "geo",
        "parallel",
        "series-parallel",
        "series-scatter",
        "title",
        "toolbox",
        "tooltip"
    ],
    "customTags": [
        "factors",
        "toolip",
        "visualmap"
    ],
    "updaterUserName": "S***m"
}