{
    "cid": "x55OwkmHzg",
    "authorUid": "obd-o0g9_5gDiwuq8DNWyHgShmR6Tn-r4FL",
    "authorUserName": "关***m",
    "title": "带分割线的柱状图",
    "description": "",
    "latestVersion": 1,
    "alwaysLatest": 0,
    "createTime": "2021-09-08T07:35:50.000Z",
    "lastUpdateTime": "2021-09-08T07:35:50.000Z",
    "auth": 2,
    "uid": "obd-o0g9_5gDiwuq8DNWyHgShmR6Tn-r4FL",
    "publishedVersion": 0,
    "forkFrom": "-",
    "isSpam": 0,
    "version": 1,
    "parentVersion": -1,
    "echartsVersion": "5.2.0",
    "versionCreateTime": "2021-09-08T07:35:50.000Z",
    "html": "",
    "externalScripts": "",
    "updaterUID": "obd-o0g9_5gDiwuq8DNWyHgShmR6Tn-r4FL",
    "theme": "",
    "layout": "",
    "viewCount": 0,
    "userName": "关***m",
    "commentCount": 0,
    "starCount": 1,
    "isStared": 0,
    "thumbnailURL": "https://www.makeapie.com/ecg-storage/ec_gallery_thumbnail/x55OwkmHzg.png?v=1631086550765",
    "isCustomThumbnail": 0,
    "builtinTags": [
        "category-work",
        "grid",
        "series-bar",
        "tooltip"
    ],
    "customTags": [],
    "updaterUserName": "关***m"
}