{
    "cid": "x9CttOZrRZ",
    "authorUid": "obd-oj9Mv0nf0p70mxuwPz3FHClAQoVeXDj",
    "authorUserName": "f***儿",
    "title": "折线图-多条",
    "description": "",
    "latestVersion": 2,
    "alwaysLatest": 0,
    "createTime": "2021-09-08T02:54:16.000Z",
    "lastUpdateTime": "2021-09-08T02:54:35.000Z",
    "auth": 2,
    "uid": "obd-oj9Mv0nf0p70mxuwPz3FHClAQoVeXDj",
    "publishedVersion": 0,
    "forkFrom": "-",
    "isSpam": 0,
    "version": 2,
    "parentVersion": 1,
    "echartsVersion": "5.2.0",
    "versionCreateTime": "2021-09-08T02:54:35.000Z",
    "html": "",
    "externalScripts": "",
    "updaterUID": "obd-oj9Mv0nf0p70mxuwPz3FHClAQoVeXDj",
    "theme": "",
    "layout": "",
    "viewCount": 0,
    "userName": "f***儿",
    "commentCount": 0,
    "starCount": 6,
    "isStared": 0,
    "thumbnailURL": "https://www.makeapie.com/ecg-storage/ec_gallery_thumbnail/x9CttOZrRZ.png?v=1631069675929",
    "isCustomThumbnail": 0,
    "builtinTags": [
        "category-work",
        "grid",
        "series-line"
    ],
    "customTags": [],
    "updaterUserName": "f***儿"
}