{
    "cid": "xAhwNyp7zV",
    "authorUid": "obd-oj9Mv0nf0p70mxuwPz3FHClAQoVeXDj",
    "authorUserName": "f***儿",
    "title": "柱状图 条柱图",
    "description": "",
    "latestVersion": 1,
    "alwaysLatest": 0,
    "createTime": "2021-09-08T03:03:08.000Z",
    "lastUpdateTime": "2021-09-08T03:03:08.000Z",
    "auth": 1,
    "uid": "obd-oj9Mv0nf0p70mxuwPz3FHClAQoVeXDj",
    "publishedVersion": 0,
    "forkFrom": "-",
    "isSpam": 0,
    "version": 1,
    "parentVersion": -1,
    "echartsVersion": "5.2.0",
    "versionCreateTime": "2021-09-08T03:03:08.000Z",
    "html": "",
    "externalScripts": "",
    "updaterUID": "obd-oj9Mv0nf0p70mxuwPz3FHClAQoVeXDj",
    "theme": "",
    "layout": "",
    "viewCount": 0,
    "userName": "f***儿",
    "commentCount": 0,
    "starCount": 0,
    "isStared": 0,
    "thumbnailURL": "https://www.makeapie.com/ecg-storage/ec_gallery_thumbnail/xAhwNyp7zV.png?v=1631070188297",
    "isCustomThumbnail": 0,
    "builtinTags": [
        "category-work",
        "dataset",
        "grid",
        "series-bar"
    ],
    "customTags": [],
    "updaterUserName": "f***儿"
}