{
    "cid": "xaK8wSyXDZ",
    "authorUid": "bd-2721539501",
    "authorUserName": "世***e",
    "title": "line 的markPoint",
    "description": "某个点突出显示",
    "latestVersion": 1,
    "alwaysLatest": 0,
    "createTime": "2021-09-08T02:36:38.000Z",
    "lastUpdateTime": "2021-09-08T02:36:38.000Z",
    "auth": 2,
    "uid": "bd-2721539501",
    "publishedVersion": 0,
    "forkFrom": "-",
    "isSpam": 0,
    "version": 1,
    "parentVersion": -1,
    "echartsVersion": "5.2.0",
    "versionCreateTime": "2021-09-08T02:36:38.000Z",
    "html": "",
    "externalScripts": "",
    "updaterUID": "bd-2721539501",
    "theme": "",
    "layout": "",
    "viewCount": 0,
    "userName": "世***e",
    "commentCount": 0,
    "starCount": 1,
    "isStared": 0,
    "thumbnailURL": "https://www.makeapie.com/ecg-storage/ec_gallery_thumbnail/xaK8wSyXDZ.png?v=1631068598681",
    "isCustomThumbnail": 0,
    "builtinTags": [
        "category-work",
        "dataZoom",
        "grid",
        "legend",
        "markPoint",
        "series-line",
        "title",
        "toolbox",
        "tooltip"
    ],
    "customTags": [],
    "updaterUserName": "世***e"
}