{
    "cid": "xp9D-Ow7Ps",
    "authorUid": "obd-oj9Mv0nf0p70mxuwPz3FHClAQoVeXDj",
    "authorUserName": "f***儿",
    "title": "塔状图柱状图",
    "description": "",
    "latestVersion": 1,
    "alwaysLatest": 0,
    "createTime": "2021-09-08T02:28:09.000Z",
    "lastUpdateTime": "2021-09-08T02:28:09.000Z",
    "auth": 1,
    "uid": "obd-oj9Mv0nf0p70mxuwPz3FHClAQoVeXDj",
    "publishedVersion": 0,
    "forkFrom": "-",
    "isSpam": 0,
    "version": 1,
    "parentVersion": -1,
    "echartsVersion": "5.2.0",
    "versionCreateTime": "2021-09-08T02:28:09.000Z",
    "html": "",
    "externalScripts": "",
    "updaterUID": "obd-oj9Mv0nf0p70mxuwPz3FHClAQoVeXDj",
    "theme": "",
    "layout": "",
    "viewCount": 0,
    "userName": "f***儿",
    "commentCount": 0,
    "starCount": 1,
    "isStared": 0,
    "thumbnailURL": "https://www.makeapie.com/ecg-storage/ec_gallery_thumbnail/xp9D-Ow7Ps.png?v=1631068089730",
    "isCustomThumbnail": 0,
    "builtinTags": [
        "category-work",
        "grid",
        "series-pictorialBar",
        "tooltip"
    ],
    "customTags": [],
    "updaterUserName": "f***儿"
}