{
    "cid": "xPjmuzUNPC",
    "authorUid": "bd-2066513247",
    "authorUserName": "g***8",
    "title": "",
    "description": "",
    "latestVersion": 1,
    "alwaysLatest": 0,
    "createTime": "2021-09-08T02:26:13.000Z",
    "lastUpdateTime": "2021-09-08T02:26:13.000Z",
    "auth": 2,
    "uid": "bd-2066513247",
    "publishedVersion": 0,
    "forkFrom": "-",
    "isSpam": 0,
    "version": 1,
    "parentVersion": -1,
    "echartsVersion": "5.2.0",
    "versionCreateTime": "2021-09-08T02:26:13.000Z",
    "html": "",
    "externalScripts": "",
    "updaterUID": "bd-2066513247",
    "theme": "",
    "layout": "",
    "viewCount": 0,
    "userName": "g***8",
    "commentCount": 0,
    "starCount": 1,
    "isStared": 0,
    "thumbnailURL": "https://www.makeapie.com/ecg-storage/ec_gallery_thumbnail/xPjmuzUNPC.png?v=1631067973556",
    "isCustomThumbnail": 0,
    "builtinTags": [
        "category-work",
        "grid",
        "series-bar"
    ],
    "customTags": [],
    "updaterUserName": "g***8"
}