{
    "cid": "xTodibldnW",
    "authorUid": "bd-1981974220",
    "authorUserName": "时***去",
    "title": "上下渐变环形图",
    "description": "",
    "latestVersion": 1,
    "alwaysLatest": 0,
    "createTime": "2021-09-08T07:33:03.000Z",
    "lastUpdateTime": "2021-09-08T07:33:03.000Z",
    "auth": 2,
    "uid": "bd-1981974220",
    "publishedVersion": 0,
    "forkFrom": "-",
    "isSpam": 0,
    "version": 1,
    "parentVersion": -1,
    "echartsVersion": "5.2.0",
    "versionCreateTime": "2021-09-08T07:33:03.000Z",
    "html": "",
    "externalScripts": "",
    "updaterUID": "bd-1981974220",
    "theme": "",
    "layout": "",
    "viewCount": 0,
    "userName": "时***去",
    "commentCount": 0,
    "starCount": 6,
    "isStared": 0,
    "thumbnailURL": "https://www.makeapie.com/ecg-storage/ec_gallery_thumbnail/xTodibldnW.png?v=1631086383283",
    "isCustomThumbnail": 0,
    "builtinTags": [
        "category-work",
        "series-pie",
        "title"
    ],
    "customTags": [],
    "updaterUserName": "时***去"
}