{
    "cid": "xuWE8LKVJc",
    "authorUid": "obd-oP4yFspLjRVwrJMfdPnGV7KDfYDUc9Q",
    "authorUserName": "宁***群",
    "title": "堆叠柱状图",
    "description": "堆叠柱状图，dataset传值",
    "latestVersion": 1,
    "alwaysLatest": 0,
    "createTime": "2021-09-08T06:54:36.000Z",
    "lastUpdateTime": "2021-09-08T06:54:36.000Z",
    "auth": 2,
    "uid": "obd-oP4yFspLjRVwrJMfdPnGV7KDfYDUc9Q",
    "publishedVersion": 0,
    "forkFrom": "-",
    "isSpam": 0,
    "version": 1,
    "parentVersion": -1,
    "echartsVersion": "5.2.0",
    "versionCreateTime": "2021-09-08T06:54:36.000Z",
    "html": "",
    "externalScripts": "",
    "updaterUID": "obd-oP4yFspLjRVwrJMfdPnGV7KDfYDUc9Q",
    "theme": "",
    "layout": "",
    "viewCount": 0,
    "userName": "宁***群",
    "commentCount": 0,
    "starCount": 3,
    "isStared": 0,
    "thumbnailURL": "https://www.makeapie.com/ecg-storage/ec_gallery_thumbnail/xuWE8LKVJc.png?v=1631084076993",
    "isCustomThumbnail": 0,
    "builtinTags": [
        "category-work",
        "dataset",
        "grid",
        "legend",
        "series-bar",
        "tooltip"
    ],
    "customTags": [],
    "updaterUserName": "宁***群"
}