{
    "cid": "xV6-49jFHO",
    "authorUid": "obd-oNTOyho-jN95gv2nOjNaCjBAjwOCZCQ",
    "authorUserName": "j***f",
    "title": "关系图",
    "description": "",
    "latestVersion": 1,
    "alwaysLatest": 0,
    "createTime": "2021-09-08T09:44:48.000Z",
    "lastUpdateTime": "2021-09-08T09:44:48.000Z",
    "auth": 2,
    "uid": "obd-oNTOyho-jN95gv2nOjNaCjBAjwOCZCQ",
    "publishedVersion": 0,
    "forkFrom": "-",
    "isSpam": 0,
    "version": 1,
    "parentVersion": -1,
    "echartsVersion": "5.2.0",
    "versionCreateTime": "2021-09-08T09:44:48.000Z",
    "html": "",
    "externalScripts": "",
    "updaterUID": "obd-oNTOyho-jN95gv2nOjNaCjBAjwOCZCQ",
    "theme": "",
    "layout": "",
    "viewCount": 0,
    "userName": "j***f",
    "commentCount": 0,
    "starCount": 1,
    "isStared": 0,
    "thumbnailURL": "https://www.makeapie.com/ecg-storage/ec_gallery_thumbnail/xV6-49jFHO.png?v=1631094288593",
    "isCustomThumbnail": 0,
    "builtinTags": [
        "category-work",
        "series-graph",
        "tooltip"
    ],
    "customTags": [],
    "updaterUserName": "j***f"
}