{
    "cid": "xy7L_fWY56",
    "authorUid": "obd-oEO_fPvILoYlOqgDC3XwpITfsdIP244",
    "authorUserName": "維***計",
    "title": "测试02",
    "description": "测试",
    "latestVersion": 1,
    "alwaysLatest": 1,
    "createTime": "2021-09-09T05:41:13.000Z",
    "lastUpdateTime": "2021-09-09T05:41:13.000Z",
    "auth": 2,
    "uid": "obd-oEO_fPvILoYlOqgDC3XwpITfsdIP244",
    "publishedVersion": 0,
    "forkFrom": "-",
    "isSpam": 0,
    "version": 1,
    "parentVersion": -1,
    "echartsVersion": "5.2.0",
    "versionCreateTime": "2021-09-09T05:41:13.000Z",
    "html": "",
    "externalScripts": "https://cdn.jsdelivr.net/npm/echarts-gl@2/dist/echarts-gl.min.js",
    "updaterUID": "obd-oEO_fPvILoYlOqgDC3XwpITfsdIP244",
    "theme": "",
    "layout": "",
    "viewCount": 0,
    "userName": "維***計",
    "commentCount": 0,
    "starCount": 1,
    "isStared": 0,
    "thumbnailURL": "https://www.makeapie.com/ecg-storage/ec_gallery_thumbnail/xy7L_fWY56.png?v=1631166074134",
    "isCustomThumbnail": 0,
    "builtinTags": [
        "category-work",
        "grid",
        "legend",
        "series-line",
        "title",
        "toolbox",
        "tooltip"
    ],
    "customTags": [],
    "updaterUserName": "維***計"
}