{
    "cid": "xYbRfIYNQy",
    "authorUid": "bd-1606641265",
    "authorUserName": "你***1",
    "title": "医疗机构监管",
    "description": "",
    "latestVersion": 1,
    "alwaysLatest": 0,
    "createTime": "2021-09-08T14:08:19.000Z",
    "lastUpdateTime": "2021-09-08T14:08:19.000Z",
    "auth": 2,
    "uid": "bd-1606641265",
    "publishedVersion": 0,
    "forkFrom": "-",
    "isSpam": 0,
    "version": 1,
    "parentVersion": -1,
    "echartsVersion": "5.2.0",
    "versionCreateTime": "2021-09-08T14:08:19.000Z",
    "html": "",
    "externalScripts": "",
    "updaterUID": "bd-1606641265",
    "theme": "",
    "layout": "",
    "viewCount": 0,
    "userName": "你***1",
    "commentCount": 0,
    "starCount": 2,
    "isStared": 0,
    "thumbnailURL": "https://www.makeapie.com/ecg-storage/ec_gallery_thumbnail/xYbRfIYNQy.png?v=1631110099766",
    "isCustomThumbnail": 0,
    "builtinTags": [
        "category-work",
        "legend",
        "series-pie",
        "title",
        "tooltip"
    ],
    "customTags": [],
    "updaterUserName": "你***1"
}