{
    "cid": "xBJ66XAPYl",
    "authorUid": "bd-1309063244",
    "authorUserName": "arthur1983g",
    "title": "",
    "description": "",
    "latestVersion": 1,
    "alwaysLatest": 1,
    "createTime": "2017-02-20T02:26:12.000Z",
    "lastUpdateTime": "2017-02-20T02:26:12.000Z",
    "auth": 2,
    "uid": "bd-1309063244",
    "publishedVersion": 0,
    "forkFrom": "-",
    "isSpam": 0,
    "version": 1,
    "parentVersion": -1,
    "echartsVersion": "3.4.0",
    "versionCreateTime": "2017-02-20T02:26:12.000Z",
    "html": "",
    "externalScripts": "",
    "updaterUID": "bd-1309063244",
    "theme": "",
    "layout": "",
    "viewCount": 1731,
    "userName": "arthur1983g",
    "commentCount": 1,
    "starCount": 2,
    "isStared": 0,
    "thumbnailURL": "https://www.makeapie.com/ecg-storage/ec_gallery_thumbnail/xBJ66XAPYl.png?v=1487557573344",
    "isCustomThumbnail": 0,
    "builtinTags": [
        "category-work",
        "grid",
        "legend",
        "series-bar",
        "series-line",
        "toolbox",
        "tooltip"
    ],
    "customTags": [],
    "updaterUserName": "arthur1983g"
}