{
    "cid": "xByOl2q_tg",
    "authorUid": "bd-1192091434",
    "authorUserName": "s***2",
    "title": "Gradient line （折线图渐变色）",
    "description": "Gradient line （折线图渐变色）",
    "latestVersion": 1,
    "alwaysLatest": 1,
    "createTime": "2017-02-20T16:40:15.000Z",
    "lastUpdateTime": "2017-02-20T16:40:15.000Z",
    "auth": 2,
    "uid": "bd-1192091434",
    "publishedVersion": 0,
    "forkFrom": "-",
    "isSpam": 0,
    "version": 1,
    "parentVersion": -1,
    "echartsVersion": "3.4.0",
    "versionCreateTime": "2017-02-20T16:40:15.000Z",
    "html": "",
    "externalScripts": "",
    "updaterUID": "bd-1192091434",
    "theme": "",
    "layout": "",
    "viewCount": 12168,
    "userName": "s***2",
    "commentCount": 0,
    "starCount": 27,
    "isStared": 0,
    "thumbnailURL": "https://www.makeapie.com/ecg-storage/ec_gallery_thumbnail/xByOl2q_tg.png?v=1487608816144",
    "isCustomThumbnail": 0,
    "builtinTags": [
        "category-work",
        "grid",
        "series-line",
        "title",
        "tooltip",
        "visualMap"
    ],
    "customTags": [
        "color",
        "gradient"
    ],
    "updaterUserName": "s***2"
}