{
    "cid": "xH1MdWM4Ke",
    "authorUid": "bd-1881559225",
    "authorUserName": "roychenyi",
    "title": "通过函数控制饼图生成",
    "description": "",
    "latestVersion": 6,
    "alwaysLatest": 1,
    "createTime": "2017-02-17T06:00:10.000Z",
    "lastUpdateTime": "2017-02-17T06:00:10.000Z",
    "auth": 2,
    "uid": "bd-1881559225",
    "publishedVersion": 0,
    "forkFrom": "-",
    "isSpam": 0,
    "version": 6,
    "parentVersion": 5,
    "echartsVersion": "3.4.0",
    "versionCreateTime": "2017-02-17T08:19:47.000Z",
    "html": "",
    "externalScripts": "",
    "updaterUID": "bd-1881559225",
    "theme": "",
    "layout": "",
    "viewCount": 1791,
    "userName": "roychenyi",
    "commentCount": 0,
    "starCount": 5,
    "isStared": 0,
    "thumbnailURL": "https://www.makeapie.com/ecg-storage/ec_gallery_thumbnail/xH1MdWM4Ke.png?v=1487319587526",
    "isCustomThumbnail": 0,
    "builtinTags": [
        "category-work",
        "legend",
        "series-pie",
        "title",
        "toolbox",
        "tooltip"
    ],
    "customTags": [],
    "updaterUserName": "roychenyi"
}