{
    "cid": "xHJ5UWA7Ke",
    "authorUid": "bd-84308560",
    "authorUserName": "575751386",
    "title": "柱状渐变",
    "description": "",
    "latestVersion": 2,
    "alwaysLatest": 1,
    "createTime": "2017-02-17T01:26:42.000Z",
    "lastUpdateTime": "2017-02-17T01:26:42.000Z",
    "auth": 2,
    "uid": "bd-84308560",
    "publishedVersion": 0,
    "forkFrom": "-",
    "isSpam": 0,
    "version": 2,
    "parentVersion": 1,
    "echartsVersion": "3.4.0",
    "versionCreateTime": "2017-02-21T09:09:21.000Z",
    "html": "",
    "externalScripts": "",
    "updaterUID": "bd-84308560",
    "theme": "",
    "layout": "",
    "viewCount": 19106,
    "userName": "575751386",
    "commentCount": 0,
    "starCount": 39,
    "isStared": 0,
    "thumbnailURL": "https://www.makeapie.com/ecg-storage/ec_gallery_thumbnail/xHJ5UWA7Ke.png?v=1487668162107",
    "isCustomThumbnail": 0,
    "builtinTags": [
        "category-work",
        "grid",
        "series-bar",
        "tooltip"
    ],
    "customTags": [],
    "updaterUserName": "575751386"
}