{
    "cid": "xHJzUvmiYx",
    "authorUid": "bd-2034378441",
    "authorUserName": "丶***光",
    "title": "武汉迁徙图-迁入",
    "description": "武汉迁徙图-迁入",
    "latestVersion": 3,
    "alwaysLatest": 1,
    "createTime": "2017-02-22T14:59:22.000Z",
    "lastUpdateTime": "2017-02-22T14:59:22.000Z",
    "auth": 2,
    "uid": "bd-2034378441",
    "publishedVersion": 0,
    "forkFrom": "-",
    "isSpam": 0,
    "version": 3,
    "parentVersion": 2,
    "echartsVersion": "3.5.3",
    "versionCreateTime": "2017-04-24T06:50:56.000Z",
    "html": "",
    "externalScripts": "/dep/echarts/map/js/china.js",
    "updaterUID": "bd-2034378441",
    "theme": "",
    "layout": "",
    "viewCount": 1643,
    "userName": "丶***光",
    "commentCount": 0,
    "starCount": 3,
    "isStared": 0,
    "thumbnailURL": "https://www.makeapie.com/ecg-storage/ec_gallery_thumbnail/xHJzUvmiYx.png?v=1493016657329",
    "isCustomThumbnail": 0,
    "builtinTags": [
        "category-work",
        "geo",
        "series-effectScatter",
        "series-lines",
        "tooltip"
    ],
    "customTags": [],
    "updaterUserName": "丶***光"
}