{
    "cid": "xHkMzQVdFg",
    "authorUid": "bd-1309063244",
    "authorUserName": "arthur1983g",
    "title": "流程转化追踪",
    "description": "",
    "latestVersion": 7,
    "alwaysLatest": 1,
    "createTime": "2017-02-20T09:12:42.000Z",
    "lastUpdateTime": "2017-02-20T09:12:42.000Z",
    "auth": 2,
    "uid": "bd-1309063244",
    "publishedVersion": 0,
    "forkFrom": "-",
    "isSpam": 0,
    "version": 7,
    "parentVersion": 6,
    "echartsVersion": "3.4.0",
    "versionCreateTime": "2017-02-20T10:16:24.000Z",
    "html": "",
    "externalScripts": "",
    "updaterUID": "bd-1309063244",
    "theme": "",
    "layout": "",
    "viewCount": 420,
    "userName": "arthur1983g",
    "commentCount": 0,
    "starCount": 1,
    "isStared": 0,
    "thumbnailURL": "https://www.makeapie.com/ecg-storage/ec_gallery_thumbnail/xHkMzQVdFg.png?v=1487585784316",
    "isCustomThumbnail": 0,
    "builtinTags": [
        "category-work",
        "grid",
        "legend",
        "series-bar",
        "tooltip"
    ],
    "customTags": [],
    "updaterUserName": "arthur1983g"
}