{
    "cid": "xHymZjjIKe",
    "authorUid": "bd-1319736813",
    "authorUserName": "一发儿不可收拾",
    "title": "\n67373观众来源：20170211-20170218",
    "description": "",
    "latestVersion": 4,
    "alwaysLatest": 1,
    "createTime": "2017-02-19T05:19:54.000Z",
    "lastUpdateTime": "2017-02-19T05:19:54.000Z",
    "auth": 2,
    "uid": "bd-1319736813",
    "publishedVersion": 0,
    "forkFrom": "-",
    "isSpam": 0,
    "version": 4,
    "parentVersion": 3,
    "echartsVersion": "3.4.0",
    "versionCreateTime": "2017-02-19T05:36:06.000Z",
    "html": "",
    "externalScripts": "",
    "updaterUID": "bd-1319736813",
    "theme": "",
    "layout": "",
    "viewCount": 1361,
    "userName": "一发儿不可收拾",
    "commentCount": 0,
    "starCount": 1,
    "isStared": 0,
    "thumbnailURL": "https://www.makeapie.com/ecg-storage/ec_gallery_thumbnail/xHymZjjIKe.png?v=1487482567423",
    "isCustomThumbnail": 0,
    "builtinTags": [
        "category-work",
        "legend",
        "series-pie",
        "title",
        "toolbox",
        "tooltip"
    ],
    "customTags": [],
    "updaterUserName": "一发儿不可收拾"
}