{
    "cid": "xryMGvQstl",
    "authorUid": "bd-2034378441",
    "authorUserName": "丶***光",
    "title": "武汉迁徙图---迁出",
    "description": "武汉迁徙图---迁出",
    "latestVersion": 1,
    "alwaysLatest": 1,
    "createTime": "2017-02-22T14:58:17.000Z",
    "lastUpdateTime": "2017-02-22T14:58:17.000Z",
    "auth": 2,
    "uid": "bd-2034378441",
    "publishedVersion": 0,
    "forkFrom": "-",
    "isSpam": 0,
    "version": 1,
    "parentVersion": -1,
    "echartsVersion": "3.4.0",
    "versionCreateTime": "2017-02-22T14:58:17.000Z",
    "html": "",
    "externalScripts": "/dep/echarts/map/js/china.js",
    "updaterUID": "bd-2034378441",
    "theme": "",
    "layout": "",
    "viewCount": 1028,
    "userName": "丶***光",
    "commentCount": 0,
    "starCount": 1,
    "isStared": 0,
    "thumbnailURL": "https://www.makeapie.com/ecg-storage/ec_gallery_thumbnail/xryMGvQstl.png?v=1487775498189",
    "isCustomThumbnail": 0,
    "builtinTags": [
        "category-work",
        "geo",
        "series-effectScatter",
        "series-lines",
        "tooltip"
    ],
    "customTags": [],
    "updaterUserName": "丶***光"
}