{
    "cid": "xS154D2SFl",
    "authorUid": "bd-576345086",
    "authorUserName": "寂静独白Murray",
    "title": "BUG驳回率排名",
    "description": "",
    "latestVersion": 1,
    "alwaysLatest": 1,
    "createTime": "2017-02-18T11:59:45.000Z",
    "lastUpdateTime": "2017-02-18T11:59:45.000Z",
    "auth": 2,
    "uid": "bd-576345086",
    "publishedVersion": 0,
    "forkFrom": "-",
    "isSpam": 0,
    "version": 1,
    "parentVersion": -1,
    "echartsVersion": "3.4.0",
    "versionCreateTime": "2017-02-18T11:59:45.000Z",
    "html": "",
    "externalScripts": "",
    "updaterUID": "bd-576345086",
    "theme": "",
    "layout": "",
    "viewCount": 304,
    "userName": "寂静独白Murray",
    "commentCount": 0,
    "starCount": 2,
    "isStared": 0,
    "thumbnailURL": "https://www.makeapie.com/ecg-storage/ec_gallery_thumbnail/xS154D2SFl.png?v=1487419186259",
    "isCustomThumbnail": 0,
    "builtinTags": [
        "category-work",
        "grid",
        "legend",
        "series-bar",
        "title",
        "tooltip"
    ],
    "customTags": [],
    "updaterUserName": "寂静独白Murray"
}