{
    "cid": "xSJ_yNjFKg",
    "authorUid": "bd-1309063244",
    "authorUserName": "arthur1983g",
    "title": "用户兴趣分布",
    "description": "",
    "latestVersion": 1,
    "alwaysLatest": 1,
    "createTime": "2017-02-21T11:26:24.000Z",
    "lastUpdateTime": "2017-02-21T11:26:24.000Z",
    "auth": 2,
    "uid": "bd-1309063244",
    "publishedVersion": 0,
    "forkFrom": "-",
    "isSpam": 0,
    "version": 1,
    "parentVersion": -1,
    "echartsVersion": "3.4.0",
    "versionCreateTime": "2017-02-21T11:26:24.000Z",
    "html": "",
    "externalScripts": "",
    "updaterUID": "bd-1309063244",
    "theme": "",
    "layout": "",
    "viewCount": 916,
    "userName": "arthur1983g",
    "commentCount": 0,
    "starCount": 0,
    "isStared": 0,
    "thumbnailURL": "https://www.makeapie.com/ecg-storage/ec_gallery_thumbnail/xSJ_yNjFKg.png?v=1487676384336",
    "isCustomThumbnail": 0,
    "builtinTags": [
        "category-work",
        "legend",
        "radar",
        "series-radar",
        "title",
        "tooltip"
    ],
    "customTags": [],
    "updaterUserName": "arthur1983g"
}