{
    "cid": "xSkReWTIKe",
    "authorUid": "bd-1319736813",
    "authorUserName": "一发儿不可收拾",
    "title": "156277\n用户贡献组成20170212-20170218",
    "description": "",
    "latestVersion": 3,
    "alwaysLatest": 1,
    "createTime": "2017-02-19T06:53:41.000Z",
    "lastUpdateTime": "2017-02-19T06:53:41.000Z",
    "auth": 2,
    "uid": "bd-1319736813",
    "publishedVersion": 0,
    "forkFrom": "-",
    "isSpam": 0,
    "version": 3,
    "parentVersion": 2,
    "echartsVersion": "3.4.0",
    "versionCreateTime": "2017-02-19T06:55:50.000Z",
    "html": "",
    "externalScripts": "",
    "updaterUID": "bd-1319736813",
    "theme": "",
    "layout": "",
    "viewCount": 360,
    "userName": "一发儿不可收拾",
    "commentCount": 0,
    "starCount": 0,
    "isStared": 0,
    "thumbnailURL": "https://www.makeapie.com/ecg-storage/ec_gallery_thumbnail/xSkReWTIKe.png?v=1487487351137",
    "isCustomThumbnail": 0,
    "builtinTags": [
        "category-work",
        "legend",
        "series-pie",
        "title",
        "toolbox",
        "tooltip"
    ],
    "customTags": [],
    "updaterUserName": "一发儿不可收拾"
}