{
    "cid": "xSy3H-ztKx",
    "authorUid": "bd-4104729751",
    "authorUserName": "教育集团EC",
    "title": "七十四语文教案审核速度图",
    "description": "七十四语文审核速度图",
    "latestVersion": 1,
    "alwaysLatest": 1,
    "createTime": "2017-02-21T01:00:52.000Z",
    "lastUpdateTime": "2017-02-21T01:00:52.000Z",
    "auth": 2,
    "uid": "bd-4104729751",
    "publishedVersion": 0,
    "forkFrom": "-",
    "isSpam": 0,
    "version": 1,
    "parentVersion": -1,
    "echartsVersion": "3.4.0",
    "versionCreateTime": "2017-02-21T01:00:52.000Z",
    "html": "",
    "externalScripts": "",
    "updaterUID": "bd-4104729751",
    "theme": "",
    "layout": "",
    "viewCount": 125,
    "userName": "教育集团EC",
    "commentCount": 0,
    "starCount": 0,
    "isStared": 0,
    "thumbnailURL": "https://www.makeapie.com/ecg-storage/ec_gallery_thumbnail/xSy3H-ztKx.png?v=1487638852340",
    "isCustomThumbnail": 0,
    "builtinTags": [
        "category-work",
        "grid",
        "legend",
        "series-bar",
        "title",
        "toolbox",
        "tooltip"
    ],
    "customTags": [],
    "updaterUserName": "教育集团EC"
}