{
    "cid": "xSylHHavtx",
    "authorUid": "bd-4104729751",
    "authorUserName": "教育集团EC",
    "title": "小学语文教案审核速度图",
    "description": "小学语文审核速度图\n",
    "latestVersion": 7,
    "alwaysLatest": 1,
    "createTime": "2017-02-20T01:24:08.000Z",
    "lastUpdateTime": "2017-02-20T01:24:08.000Z",
    "auth": 2,
    "uid": "bd-4104729751",
    "publishedVersion": 0,
    "forkFrom": "-",
    "isSpam": 0,
    "version": 7,
    "parentVersion": 6,
    "echartsVersion": "3.4.0",
    "versionCreateTime": "2017-02-20T09:09:49.000Z",
    "html": "",
    "externalScripts": "",
    "updaterUID": "bd-4104729751",
    "theme": "",
    "layout": "",
    "viewCount": 181,
    "userName": "教育集团EC",
    "commentCount": 0,
    "starCount": 0,
    "isStared": 0,
    "thumbnailURL": "https://www.makeapie.com/ecg-storage/ec_gallery_thumbnail/xSylHHavtx.png?v=1487581789279",
    "isCustomThumbnail": 0,
    "builtinTags": [
        "category-work",
        "grid",
        "legend",
        "series-bar",
        "title",
        "toolbox",
        "tooltip"
    ],
    "customTags": [],
    "updaterUserName": "教育集团EC"
}