{
    "cid": "x7ka_OrJ7p",
    "authorUid": "obd-o-bSXblRsiw6uis3q3m2TWxfmsJRZAa",
    "authorUserName": "交***控",
    "title": "多环形图",
    "description": "多环形图",
    "latestVersion": 1,
    "alwaysLatest": 1,
    "createTime": "2020-11-11T01:32:08.000Z",
    "lastUpdateTime": "2020-11-11T01:32:08.000Z",
    "auth": 2,
    "uid": "obd-o-bSXblRsiw6uis3q3m2TWxfmsJRZAa",
    "publishedVersion": 0,
    "forkFrom": "-",
    "isSpam": 0,
    "version": 1,
    "parentVersion": -1,
    "echartsVersion": "4.8.0",
    "versionCreateTime": "2020-11-11T01:32:08.000Z",
    "html": "",
    "externalScripts": "",
    "updaterUID": "obd-o-bSXblRsiw6uis3q3m2TWxfmsJRZAa",
    "theme": "",
    "layout": "",
    "viewCount": 73,
    "userName": "交***控",
    "commentCount": 0,
    "starCount": 0,
    "isStared": 0,
    "thumbnailURL": "https://www.makeapie.com/ecg-storage/ec_gallery_thumbnail/x7ka_OrJ7p.png?v=1605058328344",
    "isCustomThumbnail": 0,
    "builtinTags": [
        "category-work",
        "legend",
        "series-pie",
        "tooltip"
    ],
    "customTags": [],
    "updaterUserName": "交***控"
}