{
    "cid": "x7X1U3Ormo",
    "authorUid": "bd-1109688145",
    "authorUserName": "n***g",
    "title": "{val|18,889,888} {name|（万人）}",
    "description": "自家调试用",
    "latestVersion": 1,
    "alwaysLatest": 1,
    "createTime": "2020-11-10T10:32:50.000Z",
    "lastUpdateTime": "2020-11-10T10:32:50.000Z",
    "auth": 2,
    "uid": "bd-1109688145",
    "publishedVersion": 0,
    "forkFrom": "-",
    "isSpam": 0,
    "version": 1,
    "parentVersion": -1,
    "echartsVersion": "4.8.0",
    "versionCreateTime": "2020-11-10T10:32:50.000Z",
    "html": "",
    "externalScripts": "",
    "updaterUID": "bd-1109688145",
    "theme": "",
    "layout": "",
    "viewCount": 722,
    "userName": "n***g",
    "commentCount": 0,
    "starCount": 2,
    "isStared": 0,
    "thumbnailURL": "https://www.makeapie.com/ecg-storage/ec_gallery_thumbnail/x7X1U3Ormo.png?v=1605004370959",
    "isCustomThumbnail": 0,
    "builtinTags": [
        "category-work",
        "grid",
        "markPoint",
        "series-line",
        "title",
        "tooltip"
    ],
    "customTags": [],
    "updaterUserName": "n***g"
}