{
    "cid": "x8JWvzmKDV",
    "authorUid": "bd-2673609924",
    "authorUserName": "185*****769",
    "title": "饼图legend富文本",
    "description": "",
    "latestVersion": 3,
    "alwaysLatest": 1,
    "createTime": "2020-11-11T01:33:56.000Z",
    "lastUpdateTime": "2020-11-11T01:33:56.000Z",
    "auth": 2,
    "uid": "bd-2673609924",
    "publishedVersion": 0,
    "forkFrom": "-",
    "isSpam": 0,
    "version": 3,
    "parentVersion": 2,
    "echartsVersion": "4.8.0",
    "versionCreateTime": "2020-11-12T05:57:54.000Z",
    "html": "",
    "externalScripts": "",
    "updaterUID": "bd-2673609924",
    "theme": "",
    "layout": "",
    "viewCount": 50,
    "userName": "185*****769",
    "commentCount": 0,
    "starCount": 1,
    "isStared": 0,
    "thumbnailURL": "https://www.makeapie.com/ecg-storage/ec_gallery_thumbnail/x8JWvzmKDV.png?v=1605160674462",
    "isCustomThumbnail": 0,
    "builtinTags": [
        "category-work",
        "legend",
        "series-pie",
        "title"
    ],
    "customTags": [],
    "updaterUserName": "185*****769"
}