{
    "cid": "x92IUG7Bx5",
    "authorUid": "bd-1597834988",
    "authorUserName": "m***猫",
    "title": "环形进度条",
    "description": "环形进度条",
    "latestVersion": 1,
    "alwaysLatest": 1,
    "createTime": "2020-11-10T09:31:42.000Z",
    "lastUpdateTime": "2020-11-10T09:31:42.000Z",
    "auth": 1,
    "uid": "bd-1597834988",
    "publishedVersion": 0,
    "forkFrom": "-",
    "isSpam": 0,
    "version": 1,
    "parentVersion": -1,
    "echartsVersion": "4.8.0",
    "versionCreateTime": "2020-11-10T09:31:42.000Z",
    "html": "",
    "externalScripts": "",
    "updaterUID": "bd-1597834988",
    "theme": "",
    "layout": "",
    "viewCount": 36,
    "userName": "m***猫",
    "commentCount": 0,
    "starCount": 0,
    "isStared": 0,
    "thumbnailURL": "https://www.makeapie.com/ecg-storage/ec_gallery_thumbnail/x92IUG7Bx5.png?v=1605000703042",
    "isCustomThumbnail": 0,
    "builtinTags": [
        "category-work",
        "polar",
        "series-bar",
        "title"
    ],
    "customTags": [
        "bar",
        "polar"
    ],
    "updaterUserName": "m***猫"
}