{
    "cid": "x9FlSSi06C",
    "authorUid": "obd-oAh5t2S9aueVj1-TBO9yTuvdQXkZU77",
    "authorUserName": "s***子",
    "title": "房产开发投资同比增速",
    "description": "",
    "latestVersion": 2,
    "alwaysLatest": 1,
    "createTime": "2020-11-10T07:55:25.000Z",
    "lastUpdateTime": "2020-11-10T07:55:25.000Z",
    "auth": 2,
    "uid": "obd-oAh5t2S9aueVj1-TBO9yTuvdQXkZU77",
    "publishedVersion": 0,
    "forkFrom": "-",
    "isSpam": 0,
    "version": 2,
    "parentVersion": 1,
    "echartsVersion": "4.8.0",
    "versionCreateTime": "2020-11-10T08:25:50.000Z",
    "html": "",
    "externalScripts": "",
    "updaterUID": "obd-oAh5t2S9aueVj1-TBO9yTuvdQXkZU77",
    "theme": "",
    "layout": "",
    "viewCount": 47,
    "userName": "s***子",
    "commentCount": 0,
    "starCount": 0,
    "isStared": 0,
    "thumbnailURL": "https://www.makeapie.com/ecg-storage/ec_gallery_thumbnail/x9FlSSi06C.png?v=1604996750194",
    "isCustomThumbnail": 0,
    "builtinTags": [
        "category-work",
        "grid",
        "legend",
        "series-bar",
        "series-line"
    ],
    "customTags": [],
    "updaterUserName": "s***子"
}