{
    "cid": "xE5ExO6MLT",
    "authorUid": "bd-1227565231",
    "authorUserName": "姜***肖",
    "title": "折线图+双柱状图",
    "description": "折线图+双柱状图",
    "latestVersion": 2,
    "alwaysLatest": 1,
    "createTime": "2020-11-12T06:22:16.000Z",
    "lastUpdateTime": "2020-11-12T06:22:16.000Z",
    "auth": 2,
    "uid": "bd-1227565231",
    "publishedVersion": 0,
    "forkFrom": "-",
    "isSpam": 0,
    "version": 2,
    "parentVersion": 1,
    "echartsVersion": "4.8.0",
    "versionCreateTime": "2020-11-12T06:24:04.000Z",
    "html": "",
    "externalScripts": "",
    "updaterUID": "bd-1227565231",
    "theme": "",
    "layout": "",
    "viewCount": 20,
    "userName": "姜***肖",
    "commentCount": 0,
    "starCount": 1,
    "isStared": 0,
    "thumbnailURL": "https://www.makeapie.com/ecg-storage/ec_gallery_thumbnail/xE5ExO6MLT.png?v=1605162244122",
    "isCustomThumbnail": 0,
    "builtinTags": [
        "category-work",
        "grid",
        "series-bar",
        "series-line"
    ],
    "customTags": [
        "bar",
        "double",
        "line"
    ],
    "updaterUserName": "姜***肖"
}