{
    "cid": "xPExuSSPjl",
    "authorUid": "bd-3203885044",
    "authorUserName": "176******00",
    "title": "修改yAxis.axisLabel.formatter",
    "description": "修改yAxis.axisLabel.formatter",
    "latestVersion": 1,
    "alwaysLatest": 1,
    "createTime": "2020-11-11T08:37:40.000Z",
    "lastUpdateTime": "2020-11-11T08:37:40.000Z",
    "auth": 1,
    "uid": "bd-3203885044",
    "publishedVersion": 0,
    "forkFrom": "-",
    "isSpam": 0,
    "version": 1,
    "parentVersion": -1,
    "echartsVersion": "4.8.0",
    "versionCreateTime": "2020-11-11T08:37:40.000Z",
    "html": "",
    "externalScripts": "",
    "updaterUID": "bd-3203885044",
    "theme": "",
    "layout": "",
    "viewCount": 66,
    "userName": "176******00",
    "commentCount": 0,
    "starCount": 0,
    "isStared": 0,
    "thumbnailURL": "https://www.makeapie.com/ecg-storage/ec_gallery_thumbnail/xPExuSSPjl.png?v=1605083860353",
    "isCustomThumbnail": 0,
    "builtinTags": [
        "category-work",
        "grid",
        "legend",
        "series-bar",
        "title",
        "tooltip"
    ],
    "customTags": [
        "axisLabel",
        "formatter",
        "yAxis"
    ],
    "updaterUserName": "176******00"
}