{
    "cid": "xPfyzXm3WJ",
    "authorUid": "obd-o-bSXblRsiw6uis3q3m2TWxfmsJRZAa",
    "authorUserName": "交***控",
    "title": "顺滑折线面积图",
    "description": "顺滑折线面积图",
    "latestVersion": 2,
    "alwaysLatest": 1,
    "createTime": "2020-11-11T01:07:26.000Z",
    "lastUpdateTime": "2020-11-11T01:07:26.000Z",
    "auth": 2,
    "uid": "obd-o-bSXblRsiw6uis3q3m2TWxfmsJRZAa",
    "publishedVersion": 0,
    "forkFrom": "-",
    "isSpam": 0,
    "version": 2,
    "parentVersion": 1,
    "echartsVersion": "4.8.0",
    "versionCreateTime": "2020-11-11T01:08:31.000Z",
    "html": "",
    "externalScripts": "",
    "updaterUID": "obd-o-bSXblRsiw6uis3q3m2TWxfmsJRZAa",
    "theme": "",
    "layout": "",
    "viewCount": 38,
    "userName": "交***控",
    "commentCount": 0,
    "starCount": 0,
    "isStared": 0,
    "thumbnailURL": "https://www.makeapie.com/ecg-storage/ec_gallery_thumbnail/xPfyzXm3WJ.png?v=1605056911680",
    "isCustomThumbnail": 0,
    "builtinTags": [
        "category-work",
        "grid",
        "series-line",
        "tooltip"
    ],
    "customTags": [],
    "updaterUserName": "交***控"
}