{
    "cid": "xPSDrv_rgp",
    "authorUid": "obd-oNZD5_7gLNdNiG8Prcu4Yw2NAwjn5CL",
    "authorUserName": "杨***5",
    "title": "波点图",
    "description": "",
    "latestVersion": 2,
    "alwaysLatest": 1,
    "createTime": "2020-11-10T09:00:25.000Z",
    "lastUpdateTime": "2020-11-10T09:00:25.000Z",
    "auth": 2,
    "uid": "obd-oNZD5_7gLNdNiG8Prcu4Yw2NAwjn5CL",
    "publishedVersion": 0,
    "forkFrom": "-",
    "isSpam": 0,
    "version": 2,
    "parentVersion": 1,
    "echartsVersion": "4.8.0",
    "versionCreateTime": "2020-11-10T09:01:19.000Z",
    "html": "",
    "externalScripts": "",
    "updaterUID": "obd-oNZD5_7gLNdNiG8Prcu4Yw2NAwjn5CL",
    "theme": "",
    "layout": "",
    "viewCount": 970,
    "userName": "杨***5",
    "commentCount": 0,
    "starCount": 4,
    "isStared": 0,
    "thumbnailURL": "https://www.makeapie.com/ecg-storage/ec_gallery_thumbnail/xPSDrv_rgp.png?v=1604998879161",
    "isCustomThumbnail": 0,
    "builtinTags": [
        "category-work",
        "grid",
        "legend",
        "series-scatter",
        "tooltip"
    ],
    "customTags": [],
    "updaterUserName": "杨***5"
}