{
    "cid": "xQ3FVomaCz",
    "authorUid": "obd-o-bSXblRsiw6uis3q3m2TWxfmsJRZAa",
    "authorUserName": "交***控",
    "title": "test",
    "description": "test",
    "latestVersion": 2,
    "alwaysLatest": 1,
    "createTime": "2020-11-11T02:45:58.000Z",
    "lastUpdateTime": "2020-11-11T02:45:58.000Z",
    "auth": 2,
    "uid": "obd-o-bSXblRsiw6uis3q3m2TWxfmsJRZAa",
    "publishedVersion": 0,
    "forkFrom": "-",
    "isSpam": 0,
    "version": 2,
    "parentVersion": 1,
    "echartsVersion": "4.8.0",
    "versionCreateTime": "2020-11-11T02:46:12.000Z",
    "html": "",
    "externalScripts": "",
    "updaterUID": "obd-o-bSXblRsiw6uis3q3m2TWxfmsJRZAa",
    "theme": "",
    "layout": "",
    "viewCount": 103,
    "userName": "交***控",
    "commentCount": 0,
    "starCount": 0,
    "isStared": 0,
    "thumbnailURL": "https://www.makeapie.com/ecg-storage/ec_gallery_thumbnail/xQ3FVomaCz.png?v=1605062772375",
    "isCustomThumbnail": 0,
    "builtinTags": [
        "category-work",
        "legend",
        "series-pie",
        "tooltip"
    ],
    "customTags": [],
    "updaterUserName": "交***控"
}