{
    "cid": "xRD1wWegrc",
    "authorUid": "bd-2673609924",
    "authorUserName": "185*****769",
    "title": "自定义柱图",
    "description": "",
    "latestVersion": 3,
    "alwaysLatest": 1,
    "createTime": "2020-11-11T02:49:41.000Z",
    "lastUpdateTime": "2020-11-11T02:49:41.000Z",
    "auth": 2,
    "uid": "bd-2673609924",
    "publishedVersion": 0,
    "forkFrom": "-",
    "isSpam": 0,
    "version": 3,
    "parentVersion": 2,
    "echartsVersion": "4.8.0",
    "versionCreateTime": "2020-11-11T03:01:23.000Z",
    "html": "",
    "externalScripts": "",
    "updaterUID": "bd-2673609924",
    "theme": "",
    "layout": "",
    "viewCount": 139,
    "userName": "185*****769",
    "commentCount": 0,
    "starCount": 5,
    "isStared": 0,
    "thumbnailURL": "https://www.makeapie.com/ecg-storage/ec_gallery_thumbnail/xRD1wWegrc.png?v=1605063683376",
    "isCustomThumbnail": 0,
    "builtinTags": [
        "category-work",
        "grid",
        "legend",
        "series-bar",
        "series-pictorialBar"
    ],
    "customTags": [],
    "updaterUserName": "185*****769"
}