{
    "cid": "xBkk5_XCBz",
    "authorUid": "bd-1261501031",
    "authorUserName": "邓***e",
    "title": "日常监管---违规情况统计",
    "description": "违规率趋势分析",
    "latestVersion": 3,
    "alwaysLatest": 1,
    "createTime": "2018-01-30T17:16:55.000Z",
    "lastUpdateTime": "2018-01-30T17:16:55.000Z",
    "auth": 2,
    "uid": "bd-1261501031",
    "publishedVersion": 0,
    "forkFrom": "-",
    "isSpam": 0,
    "version": 3,
    "parentVersion": 2,
    "echartsVersion": "3.8.0",
    "versionCreateTime": "2018-01-30T17:20:36.000Z",
    "html": "",
    "externalScripts": "",
    "updaterUID": "bd-1261501031",
    "theme": "",
    "layout": "",
    "viewCount": 3745,
    "userName": "邓***e",
    "commentCount": 0,
    "starCount": 10,
    "isStared": 0,
    "thumbnailURL": "https://www.makeapie.com/ecg-storage/ec_gallery_thumbnail/xBkk5_XCBz.png?v=1517332836860",
    "isCustomThumbnail": 0,
    "builtinTags": [
        "category-work",
        "grid",
        "legend",
        "markLine",
        "markPoint",
        "series-bar",
        "series-line",
        "toolbox",
        "tooltip"
    ],
    "customTags": [],
    "updaterUserName": "邓***e"
}