{
    "cid": "xHy8uq7CrM",
    "authorUid": "bd-1261501031",
    "authorUserName": "邓***e",
    "title": "食品经营日常监管---主体业态、量化分级评定统计",
    "description": "2017年",
    "latestVersion": 4,
    "alwaysLatest": 1,
    "createTime": "2018-01-30T17:25:02.000Z",
    "lastUpdateTime": "2018-01-30T17:25:02.000Z",
    "auth": 2,
    "uid": "bd-1261501031",
    "publishedVersion": 0,
    "forkFrom": "-",
    "isSpam": 0,
    "version": 4,
    "parentVersion": 3,
    "echartsVersion": "3.8.0",
    "versionCreateTime": "2018-01-31T01:19:24.000Z",
    "html": "",
    "externalScripts": "",
    "updaterUID": "bd-1261501031",
    "theme": "",
    "layout": "",
    "viewCount": 175,
    "userName": "邓***e",
    "commentCount": 0,
    "starCount": 1,
    "isStared": 0,
    "thumbnailURL": "https://www.makeapie.com/ecg-storage/ec_gallery_thumbnail/xHy8uq7CrM.png?v=1517361564912",
    "isCustomThumbnail": 0,
    "builtinTags": [
        "category-work",
        "legend",
        "series-pie",
        "title",
        "tooltip"
    ],
    "customTags": [],
    "updaterUserName": "邓***e"
}