{
    "cid": "xHygGvl0Bf",
    "authorUid": "bd-4247879265",
    "authorUserName": "1qwwok",
    "title": "多个环形图模板",
    "description": "",
    "latestVersion": 4,
    "alwaysLatest": 1,
    "createTime": "2018-01-30T13:45:44.000Z",
    "lastUpdateTime": "2018-01-30T13:45:44.000Z",
    "auth": 1,
    "uid": "bd-4247879265",
    "publishedVersion": 0,
    "forkFrom": "-",
    "isSpam": 0,
    "version": 4,
    "parentVersion": 3,
    "echartsVersion": "3.8.0",
    "versionCreateTime": "2018-01-31T09:47:07.000Z",
    "html": "",
    "externalScripts": "",
    "updaterUID": "ec-gallery-anonymous",
    "theme": "",
    "layout": "",
    "viewCount": 513,
    "userName": "1qwwok",
    "commentCount": 0,
    "starCount": 1,
    "isStared": 0,
    "thumbnailURL": "https://www.makeapie.com/ecg-storage/ec_gallery_thumbnail/xHygGvl0Bf.png?v=1517392027280",
    "isCustomThumbnail": 0,
    "builtinTags": [
        "category-work",
        "legend",
        "series-pie",
        "title",
        "tooltip"
    ],
    "customTags": []
}