{
    "cid": "xrJnuEP0HM",
    "authorUid": "bd-1261501031",
    "authorUserName": "邓***e",
    "title": "案件受理情况分析",
    "description": "折线图趋势图",
    "latestVersion": 3,
    "alwaysLatest": 1,
    "createTime": "2018-01-30T21:32:35.000Z",
    "lastUpdateTime": "2018-01-30T21:32:35.000Z",
    "auth": 2,
    "uid": "bd-1261501031",
    "publishedVersion": 0,
    "forkFrom": "-",
    "isSpam": 0,
    "version": 3,
    "parentVersion": 2,
    "echartsVersion": "3.8.0",
    "versionCreateTime": "2018-01-31T21:01:03.000Z",
    "html": "",
    "externalScripts": "",
    "updaterUID": "bd-1261501031",
    "theme": "",
    "layout": "",
    "viewCount": 233,
    "userName": "邓***e",
    "commentCount": 0,
    "starCount": 1,
    "isStared": 0,
    "thumbnailURL": "https://www.makeapie.com/ecg-storage/ec_gallery_thumbnail/xrJnuEP0HM.png?v=1517432463768",
    "isCustomThumbnail": 0,
    "builtinTags": [
        "category-work",
        "grid",
        "legend",
        "series-bar",
        "series-line",
        "title",
        "toolbox",
        "tooltip"
    ],
    "customTags": [],
    "updaterUserName": "邓***e"
}