{
    "cid": "xrk7mTspSf",
    "authorUid": "bd-1261501031",
    "authorUserName": "邓***e",
    "title": "日常监管覆盖情况统计-柱状图",
    "description": "柱状图",
    "latestVersion": 6,
    "alwaysLatest": 1,
    "createTime": "2018-01-30T08:30:18.000Z",
    "lastUpdateTime": "2018-01-30T08:30:18.000Z",
    "auth": 2,
    "uid": "bd-1261501031",
    "publishedVersion": 0,
    "forkFrom": "-",
    "isSpam": 0,
    "version": 6,
    "parentVersion": 5,
    "echartsVersion": "3.8.0",
    "versionCreateTime": "2018-01-31T08:12:26.000Z",
    "html": "",
    "externalScripts": "",
    "updaterUID": "bd-1261501031",
    "theme": "",
    "layout": "",
    "viewCount": 113,
    "userName": "邓***e",
    "commentCount": 0,
    "starCount": 0,
    "isStared": 0,
    "thumbnailURL": "https://www.makeapie.com/ecg-storage/ec_gallery_thumbnail/xrk7mTspSf.png?v=1517386346509",
    "isCustomThumbnail": 0,
    "builtinTags": [
        "category-work",
        "grid",
        "legend",
        "markLine",
        "markPoint",
        "series-bar",
        "title",
        "toolbox",
        "tooltip"
    ],
    "customTags": [],
    "updaterUserName": "邓***e"
}