{
    "cid": "xrydNSh6HG",
    "authorUid": "bd-1261501031",
    "authorUserName": "邓***e",
    "title": "被检查主体信息统计",
    "description": "折线（趋势图）",
    "latestVersion": 5,
    "alwaysLatest": 1,
    "createTime": "2018-01-30T09:04:47.000Z",
    "lastUpdateTime": "2018-01-30T09:04:47.000Z",
    "auth": 2,
    "uid": "bd-1261501031",
    "publishedVersion": 0,
    "forkFrom": "-",
    "isSpam": 0,
    "version": 5,
    "parentVersion": 4,
    "echartsVersion": "3.8.0",
    "versionCreateTime": "2018-01-31T20:59:00.000Z",
    "html": "",
    "externalScripts": "",
    "updaterUID": "bd-1261501031",
    "theme": "",
    "layout": "",
    "viewCount": 304,
    "userName": "邓***e",
    "commentCount": 0,
    "starCount": 0,
    "isStared": 0,
    "thumbnailURL": "https://www.makeapie.com/ecg-storage/ec_gallery_thumbnail/xrydNSh6HG.png?v=1517432340547",
    "isCustomThumbnail": 0,
    "builtinTags": [
        "category-work",
        "grid",
        "legend",
        "markLine",
        "markPoint",
        "series-line",
        "title",
        "toolbox",
        "tooltip"
    ],
    "customTags": [],
    "updaterUserName": "邓***e"
}