{
    "cid": "xSyAYzRRrf",
    "authorUid": "bd-2434570465",
    "authorUserName": "小爷路过这",
    "title": "环状图",
    "description": "",
    "latestVersion": 1,
    "alwaysLatest": 1,
    "createTime": "2018-01-31T05:22:14.000Z",
    "lastUpdateTime": "2018-01-31T05:22:14.000Z",
    "auth": 2,
    "uid": "bd-2434570465",
    "publishedVersion": 0,
    "forkFrom": "-",
    "isSpam": 0,
    "version": 1,
    "parentVersion": -1,
    "echartsVersion": "3.8.0",
    "versionCreateTime": "2018-01-31T05:22:14.000Z",
    "html": "",
    "externalScripts": "",
    "updaterUID": "bd-2434570465",
    "theme": "",
    "layout": "",
    "viewCount": 316,
    "userName": "小爷路过这",
    "commentCount": 0,
    "starCount": 1,
    "isStared": 0,
    "thumbnailURL": "https://www.makeapie.com/ecg-storage/ec_gallery_thumbnail/xSyAYzRRrf.png?v=1517376134655",
    "isCustomThumbnail": 0,
    "builtinTags": [
        "category-work",
        "series-pie",
        "title",
        "toolbox",
        "tooltip"
    ],
    "customTags": [],
    "updaterUserName": "小爷路过这"
}