{
    "cid": "xSyQcrDRHf",
    "authorUid": "bd-1261501031",
    "authorUserName": "邓***e",
    "title": "案件受理情况分析",
    "description": "同比环比",
    "latestVersion": 7,
    "alwaysLatest": 1,
    "createTime": "2018-01-30T21:37:14.000Z",
    "lastUpdateTime": "2018-01-30T21:37:14.000Z",
    "auth": 2,
    "uid": "bd-1261501031",
    "publishedVersion": 0,
    "forkFrom": "-",
    "isSpam": 0,
    "version": 7,
    "parentVersion": 6,
    "echartsVersion": "3.8.0",
    "versionCreateTime": "2018-02-01T06:01:33.000Z",
    "html": "",
    "externalScripts": "",
    "updaterUID": "bd-1261501031",
    "theme": "",
    "layout": "",
    "viewCount": 204,
    "userName": "邓***e",
    "commentCount": 0,
    "starCount": 2,
    "isStared": 0,
    "thumbnailURL": "https://www.makeapie.com/ecg-storage/ec_gallery_thumbnail/xSyQcrDRHf.png?v=1517464893782",
    "isCustomThumbnail": 0,
    "builtinTags": [
        "category-work",
        "grid",
        "legend",
        "markLine",
        "markPoint",
        "series-bar",
        "series-line",
        "title",
        "toolbox",
        "tooltip"
    ],
    "customTags": [],
    "updaterUserName": "邓***e"
}