{
    "cid": "x0ZHo6hzEV",
    "authorUid": "obd-olofOwo72VchGBRM76plPO39etMob0a",
    "authorUserName": "Z***8",
    "title": "饼图与动态数值",
    "description": "",
    "latestVersion": 1,
    "alwaysLatest": 1,
    "createTime": "2021-01-13T03:49:03.000Z",
    "lastUpdateTime": "2021-01-13T03:49:03.000Z",
    "auth": 2,
    "uid": "obd-olofOwo72VchGBRM76plPO39etMob0a",
    "publishedVersion": 0,
    "forkFrom": "-",
    "isSpam": 0,
    "version": 1,
    "parentVersion": -1,
    "echartsVersion": "4.8.0",
    "versionCreateTime": "2021-01-13T03:49:04.000Z",
    "html": "",
    "externalScripts": "",
    "updaterUID": "obd-olofOwo72VchGBRM76plPO39etMob0a",
    "theme": "",
    "layout": "",
    "viewCount": 60,
    "userName": "Z***8",
    "commentCount": 0,
    "starCount": 0,
    "isStared": 0,
    "thumbnailURL": "https://www.makeapie.com/ecg-storage/ec_gallery_thumbnail/x0ZHo6hzEV.png?v=1610509744205",
    "isCustomThumbnail": 0,
    "builtinTags": [
        "category-work",
        "legend",
        "series-pie",
        "title",
        "tooltip"
    ],
    "customTags": [],
    "updaterUserName": "Z***8"
}