{
    "cid": "x_snr9kz4v",
    "authorUid": "bd-2702734494",
    "authorUserName": "l***1",
    "title": "饼图向日葵",
    "description": "饼图线图与极坐标结合",
    "latestVersion": 1,
    "alwaysLatest": 1,
    "createTime": "2021-01-14T06:53:53.000Z",
    "lastUpdateTime": "2021-01-14T06:53:53.000Z",
    "auth": 2,
    "uid": "bd-2702734494",
    "publishedVersion": 0,
    "forkFrom": "-",
    "isSpam": 0,
    "version": 1,
    "parentVersion": -1,
    "echartsVersion": "4.8.0",
    "versionCreateTime": "2021-01-14T06:53:53.000Z",
    "html": "",
    "externalScripts": "",
    "updaterUID": "bd-2702734494",
    "theme": "",
    "layout": "",
    "viewCount": 40,
    "userName": "l***1",
    "commentCount": 0,
    "starCount": 2,
    "isStared": 0,
    "thumbnailURL": "https://www.makeapie.com/ecg-storage/ec_gallery_thumbnail/x_snr9kz4v.png?v=1610607233540",
    "isCustomThumbnail": 0,
    "builtinTags": [
        "category-work",
        "polar",
        "series-line",
        "series-pie",
        "title",
        "tooltip"
    ],
    "customTags": [],
    "updaterUserName": "l***1"
}