{
    "cid": "xBAO8dL7AS",
    "authorUid": "bd-944243892",
    "authorUserName": "韩***能",
    "title": "【饼图+折线图】-【1112*320】",
    "description": "",
    "latestVersion": 10,
    "alwaysLatest": 1,
    "createTime": "2021-01-13T08:08:18.000Z",
    "lastUpdateTime": "2021-01-13T08:08:18.000Z",
    "auth": 2,
    "uid": "bd-944243892",
    "publishedVersion": 0,
    "forkFrom": "-",
    "isSpam": 0,
    "version": 10,
    "parentVersion": 9,
    "echartsVersion": "4.8.0",
    "versionCreateTime": "2021-02-19T09:13:27.000Z",
    "html": "",
    "externalScripts": "",
    "updaterUID": "bd-944243892",
    "theme": "",
    "layout": "",
    "viewCount": 171,
    "userName": "韩***能",
    "commentCount": 0,
    "starCount": 4,
    "isStared": 0,
    "thumbnailURL": "https://www.makeapie.com/ecg-storage/ec_gallery_thumbnail/xBAO8dL7AS.png?v=1610525298318",
    "isCustomThumbnail": 1,
    "builtinTags": [
        "category-work",
        "dataset",
        "dataZoom",
        "grid",
        "legend",
        "series-line",
        "series-pie",
        "tooltip"
    ],
    "customTags": [],
    "updaterUserName": "韩***能"
}