{
    "cid": "xfxbPE1zGY",
    "authorUid": "obd-oCucXlPWzxnFF3gwtXXjxGdSbbq9M33",
    "authorUserName": "183*****796",
    "title": "K线图",
    "description": "",
    "latestVersion": 1,
    "alwaysLatest": 1,
    "createTime": "2021-01-13T07:02:43.000Z",
    "lastUpdateTime": "2021-01-13T07:02:43.000Z",
    "auth": 2,
    "uid": "obd-oCucXlPWzxnFF3gwtXXjxGdSbbq9M33",
    "publishedVersion": 0,
    "forkFrom": "-",
    "isSpam": 0,
    "version": 1,
    "parentVersion": -1,
    "echartsVersion": "4.8.0",
    "versionCreateTime": "2021-01-13T07:02:43.000Z",
    "html": "",
    "externalScripts": "",
    "updaterUID": "obd-oCucXlPWzxnFF3gwtXXjxGdSbbq9M33",
    "theme": "",
    "layout": "",
    "viewCount": 143,
    "userName": "183*****796",
    "commentCount": 0,
    "starCount": 0,
    "isStared": 0,
    "thumbnailURL": "https://www.makeapie.com/ecg-storage/ec_gallery_thumbnail/xfxbPE1zGY.png?v=1610521364197",
    "isCustomThumbnail": 0,
    "builtinTags": [
        "category-work",
        "graphic",
        "grid",
        "legend",
        "series-bar",
        "series-candlestick",
        "series-line",
        "tooltip"
    ],
    "customTags": [],
    "updaterUserName": "183*****796"
}