{
    "cid": "xfy8LqXqgs",
    "authorUid": "obd-oCucXlPWzxnFF3gwtXXjxGdSbbq9M33",
    "authorUserName": "183*****796",
    "title": "漂亮的雷达图",
    "description": "",
    "latestVersion": 1,
    "alwaysLatest": 1,
    "createTime": "2021-01-12T11:37:24.000Z",
    "lastUpdateTime": "2021-01-12T11:37:24.000Z",
    "auth": 2,
    "uid": "obd-oCucXlPWzxnFF3gwtXXjxGdSbbq9M33",
    "publishedVersion": 0,
    "forkFrom": "-",
    "isSpam": 0,
    "version": 1,
    "parentVersion": -1,
    "echartsVersion": "4.8.0",
    "versionCreateTime": "2021-01-12T11:37:24.000Z",
    "html": "",
    "externalScripts": "",
    "updaterUID": "obd-oCucXlPWzxnFF3gwtXXjxGdSbbq9M33",
    "theme": "",
    "layout": "",
    "viewCount": 230,
    "userName": "183*****796",
    "commentCount": 0,
    "starCount": 2,
    "isStared": 0,
    "thumbnailURL": "https://www.makeapie.com/ecg-storage/ec_gallery_thumbnail/xfy8LqXqgs.png?v=1610451445167",
    "isCustomThumbnail": 0,
    "builtinTags": [
        "category-work",
        "radar",
        "series-radar",
        "title",
        "tooltip"
    ],
    "customTags": [],
    "updaterUserName": "183*****796"
}