{
    "cid": "xJ38V9CXxC",
    "authorUid": "obd-oC-nJHA0--es1d6Ee1pM82HcUfWfL3i",
    "authorUserName": "瓜***子",
    "title": "水平主张图（渐变）",
    "description": "",
    "latestVersion": 1,
    "alwaysLatest": 1,
    "createTime": "2021-01-12T01:20:50.000Z",
    "lastUpdateTime": "2021-01-12T01:20:50.000Z",
    "auth": 2,
    "uid": "obd-oC-nJHA0--es1d6Ee1pM82HcUfWfL3i",
    "publishedVersion": 0,
    "forkFrom": "-",
    "isSpam": 0,
    "version": 1,
    "parentVersion": -1,
    "echartsVersion": "4.8.0",
    "versionCreateTime": "2021-01-12T01:20:50.000Z",
    "html": "",
    "externalScripts": "",
    "updaterUID": "obd-oC-nJHA0--es1d6Ee1pM82HcUfWfL3i",
    "theme": "",
    "layout": "",
    "viewCount": 83,
    "userName": "瓜***子",
    "commentCount": 0,
    "starCount": 1,
    "isStared": 0,
    "thumbnailURL": "https://www.makeapie.com/ecg-storage/ec_gallery_thumbnail/xJ38V9CXxC.png?v=1610414450791",
    "isCustomThumbnail": 0,
    "builtinTags": [
        "category-work",
        "grid",
        "series-bar"
    ],
    "customTags": [],
    "updaterUserName": "瓜***子"
}