{
    "cid": "xjIFzpWYlc",
    "authorUid": "obd-o2Rd7z3PHbkvmhgpb2-yzF5tdrKstBq",
    "authorUserName": "9***者",
    "title": "折线图",
    "description": "图例控制折线图",
    "latestVersion": 5,
    "alwaysLatest": 1,
    "createTime": "2021-01-13T09:37:44.000Z",
    "lastUpdateTime": "2021-01-13T09:37:44.000Z",
    "auth": 2,
    "uid": "obd-o2Rd7z3PHbkvmhgpb2-yzF5tdrKstBq",
    "publishedVersion": 0,
    "forkFrom": "-",
    "isSpam": 0,
    "version": 5,
    "parentVersion": 4,
    "echartsVersion": "4.8.0",
    "versionCreateTime": "2021-01-14T09:48:20.000Z",
    "html": "",
    "externalScripts": "https://cdn.bootcdn.net/ajax/libs/moment.js/2.29.1/moment.js",
    "updaterUID": "obd-o2Rd7z3PHbkvmhgpb2-yzF5tdrKstBq",
    "theme": "default",
    "layout": "",
    "viewCount": 72,
    "userName": "9***者",
    "commentCount": 0,
    "starCount": 1,
    "isStared": 0,
    "thumbnailURL": "https://www.makeapie.com/ecg-storage/ec_gallery_thumbnail/xjIFzpWYlc.png?v=1610617700866",
    "isCustomThumbnail": 0,
    "builtinTags": [
        "category-work",
        "grid",
        "legend",
        "series-line",
        "title",
        "tooltip"
    ],
    "customTags": [],
    "updaterUserName": "9***者"
}