{
    "cid": "xklR24KkKr",
    "authorUid": "obd-oC-nJHA0--es1d6Ee1pM82HcUfWfL3i",
    "authorUserName": "瓜***子",
    "title": "折线图渐变",
    "description": "",
    "latestVersion": 3,
    "alwaysLatest": 1,
    "createTime": "2021-01-12T02:56:28.000Z",
    "lastUpdateTime": "2021-01-12T02:56:28.000Z",
    "auth": 2,
    "uid": "obd-oC-nJHA0--es1d6Ee1pM82HcUfWfL3i",
    "publishedVersion": 0,
    "forkFrom": "-",
    "isSpam": 0,
    "version": 3,
    "parentVersion": 2,
    "echartsVersion": "4.8.0",
    "versionCreateTime": "2021-01-12T07:59:51.000Z",
    "html": "",
    "externalScripts": "",
    "updaterUID": "obd-oC-nJHA0--es1d6Ee1pM82HcUfWfL3i",
    "theme": "",
    "layout": "",
    "viewCount": 65,
    "userName": "瓜***子",
    "commentCount": 0,
    "starCount": 0,
    "isStared": 0,
    "thumbnailURL": "https://www.makeapie.com/ecg-storage/ec_gallery_thumbnail/xklR24KkKr.png?v=1610438391801",
    "isCustomThumbnail": 0,
    "builtinTags": [
        "category-work",
        "grid",
        "series-line"
    ],
    "customTags": [],
    "updaterUserName": "瓜***子"
}