{
    "cid": "xoOFGd2gGr",
    "authorUid": "obd-oFuxGxTia-XknNKjZ2noW44DSpZUV5b",
    "authorUserName": "潴***卜",
    "title": "近一年每月用户量",
    "description": "",
    "latestVersion": 5,
    "alwaysLatest": 1,
    "createTime": "2021-01-14T07:56:56.000Z",
    "lastUpdateTime": "2021-01-14T07:56:56.000Z",
    "auth": 2,
    "uid": "obd-oFuxGxTia-XknNKjZ2noW44DSpZUV5b",
    "publishedVersion": 0,
    "forkFrom": "-",
    "isSpam": 0,
    "version": 5,
    "parentVersion": 4,
    "echartsVersion": "4.8.0",
    "versionCreateTime": "2021-01-16T07:18:39.000Z",
    "html": "",
    "externalScripts": "",
    "updaterUID": "obd-oFuxGxTia-XknNKjZ2noW44DSpZUV5b",
    "theme": "",
    "layout": "",
    "viewCount": 91,
    "userName": "潴***卜",
    "commentCount": 0,
    "starCount": 0,
    "isStared": 0,
    "thumbnailURL": "https://www.makeapie.com/ecg-storage/ec_gallery_thumbnail/xoOFGd2gGr.png?v=1610781519803",
    "isCustomThumbnail": 0,
    "builtinTags": [
        "category-work",
        "grid",
        "series-bar",
        "series-line"
    ],
    "customTags": [],
    "updaterUserName": "潴***卜"
}