{
    "cid": "xOrP450pPo",
    "authorUid": "obd-o2TqhU5V49yi28tSjDqysoIw4zUTi6H",
    "authorUserName": "m***h",
    "title": "消费行为",
    "description": "",
    "latestVersion": 2,
    "alwaysLatest": 1,
    "createTime": "2021-01-12T03:29:26.000Z",
    "lastUpdateTime": "2021-01-12T03:29:26.000Z",
    "auth": 2,
    "uid": "obd-o2TqhU5V49yi28tSjDqysoIw4zUTi6H",
    "publishedVersion": 0,
    "forkFrom": "-",
    "isSpam": 0,
    "version": 2,
    "parentVersion": 1,
    "echartsVersion": "4.8.0",
    "versionCreateTime": "2021-01-12T09:56:05.000Z",
    "html": "",
    "externalScripts": "",
    "updaterUID": "obd-o2TqhU5V49yi28tSjDqysoIw4zUTi6H",
    "theme": "",
    "layout": "",
    "viewCount": 50,
    "userName": "m***h",
    "commentCount": 0,
    "starCount": 1,
    "isStared": 0,
    "thumbnailURL": "https://www.makeapie.com/ecg-storage/ec_gallery_thumbnail/xOrP450pPo.png?v=1610445365351",
    "isCustomThumbnail": 0,
    "builtinTags": [
        "category-work",
        "polar",
        "series-bar"
    ],
    "customTags": [],
    "updaterUserName": "m***h"
}