{
    "cid": "xoVSXWeZDJ",
    "authorUid": "obd-ot1AKySrUIIlOvgy_oKiPaWED8EcG8h",
    "authorUserName": "E***3",
    "title": "函数关系图",
    "description": "",
    "latestVersion": 1,
    "alwaysLatest": 1,
    "createTime": "2021-01-14T02:10:58.000Z",
    "lastUpdateTime": "2021-01-14T02:10:58.000Z",
    "auth": 2,
    "uid": "obd-ot1AKySrUIIlOvgy_oKiPaWED8EcG8h",
    "publishedVersion": 0,
    "forkFrom": "-",
    "isSpam": 0,
    "version": 1,
    "parentVersion": -1,
    "echartsVersion": "4.8.0",
    "versionCreateTime": "2021-01-14T02:10:58.000Z",
    "html": "",
    "externalScripts": "",
    "updaterUID": "obd-ot1AKySrUIIlOvgy_oKiPaWED8EcG8h",
    "theme": "",
    "layout": "",
    "viewCount": 384,
    "userName": "E***3",
    "commentCount": 0,
    "starCount": 2,
    "isStared": 0,
    "thumbnailURL": "https://www.makeapie.com/ecg-storage/ec_gallery_thumbnail/xoVSXWeZDJ.png?v=1610590259161",
    "isCustomThumbnail": 1,
    "builtinTags": [
        "category-work",
        "grid",
        "series-graph",
        "series-lines",
        "title",
        "tooltip"
    ],
    "customTags": [],
    "updaterUserName": "E***3"
}