{
    "cid": "xQHtwvF6Es",
    "authorUid": "obd-oFuxGxTia-XknNKjZ2noW44DSpZUV5b",
    "authorUserName": "潴***卜",
    "title": "农场一周图",
    "description": "修改得他人作品，仅供个人使用，感谢作者",
    "latestVersion": 2,
    "alwaysLatest": 1,
    "createTime": "2021-01-14T07:40:30.000Z",
    "lastUpdateTime": "2021-01-14T07:40:30.000Z",
    "auth": 2,
    "uid": "obd-oFuxGxTia-XknNKjZ2noW44DSpZUV5b",
    "publishedVersion": 0,
    "forkFrom": "-",
    "isSpam": 0,
    "version": 2,
    "parentVersion": 1,
    "echartsVersion": "4.8.0",
    "versionCreateTime": "2021-01-14T07:45:03.000Z",
    "html": "",
    "externalScripts": "",
    "updaterUID": "obd-oFuxGxTia-XknNKjZ2noW44DSpZUV5b",
    "theme": "",
    "layout": "",
    "viewCount": 200,
    "userName": "潴***卜",
    "commentCount": 0,
    "starCount": 2,
    "isStared": 0,
    "thumbnailURL": "https://www.makeapie.com/ecg-storage/ec_gallery_thumbnail/xQHtwvF6Es.png?v=1610610303824",
    "isCustomThumbnail": 0,
    "builtinTags": [
        "category-work",
        "grid",
        "legend",
        "series-line",
        "title",
        "tooltip"
    ],
    "customTags": [],
    "updaterUserName": "潴***卜"
}