{
    "cid": "xRIf1MZwGf",
    "authorUid": "bd-460850157",
    "authorUserName": "S***七",
    "title": "demo饼图相关",
    "description": "",
    "latestVersion": 3,
    "alwaysLatest": 1,
    "createTime": "2021-01-13T15:31:20.000Z",
    "lastUpdateTime": "2021-01-13T15:31:20.000Z",
    "auth": 2,
    "uid": "bd-460850157",
    "publishedVersion": 0,
    "forkFrom": "-",
    "isSpam": 0,
    "version": 3,
    "parentVersion": 2,
    "echartsVersion": "4.8.0",
    "versionCreateTime": "2021-01-14T07:28:15.000Z",
    "html": "",
    "externalScripts": "",
    "updaterUID": "bd-460850157",
    "theme": "",
    "layout": "",
    "viewCount": 98,
    "userName": "S***七",
    "commentCount": 0,
    "starCount": 1,
    "isStared": 0,
    "thumbnailURL": "https://www.makeapie.com/ecg-storage/ec_gallery_thumbnail/xRIf1MZwGf.png?v=1610609295497",
    "isCustomThumbnail": 0,
    "builtinTags": [
        "category-work",
        "legend",
        "series-pie"
    ],
    "customTags": [],
    "updaterUserName": "S***七"
}