{
    "cid": "xVgCJoYkfT",
    "authorUid": "obd-oFHGkoeJ4VshJggr4L54XI86ZErWt5c",
    "authorUserName": "2***丶",
    "title": "进度条",
    "description": "使用bar,创建进度条",
    "latestVersion": 1,
    "alwaysLatest": 1,
    "createTime": "2021-01-12T08:15:03.000Z",
    "lastUpdateTime": "2021-01-12T08:15:03.000Z",
    "auth": 2,
    "uid": "obd-oFHGkoeJ4VshJggr4L54XI86ZErWt5c",
    "publishedVersion": 0,
    "forkFrom": "-",
    "isSpam": 0,
    "version": 1,
    "parentVersion": -1,
    "echartsVersion": "4.8.0",
    "versionCreateTime": "2021-01-12T08:15:03.000Z",
    "html": "",
    "externalScripts": "",
    "updaterUID": "obd-oFHGkoeJ4VshJggr4L54XI86ZErWt5c",
    "theme": "",
    "layout": "",
    "viewCount": 74,
    "userName": "2***丶",
    "commentCount": 0,
    "starCount": 2,
    "isStared": 0,
    "thumbnailURL": "https://www.makeapie.com/ecg-storage/ec_gallery_thumbnail/xVgCJoYkfT.png?v=1610439303430",
    "isCustomThumbnail": 0,
    "builtinTags": [
        "category-work",
        "grid",
        "markPoint",
        "series-bar",
        "series-pictorialBar",
        "tooltip"
    ],
    "customTags": [],
    "updaterUserName": "2***丶"
}