{
    "cid": "xZ3zcimI_V",
    "authorUid": "obd-oj8MlDIsMdI2-arXdF4HmN6QkEq61Dx",
    "authorUserName": "承***y",
    "title": "十安",
    "description": "多个环形",
    "latestVersion": 1,
    "alwaysLatest": 1,
    "createTime": "2021-01-13T01:59:29.000Z",
    "lastUpdateTime": "2021-01-13T01:59:29.000Z",
    "auth": 1,
    "uid": "obd-oj8MlDIsMdI2-arXdF4HmN6QkEq61Dx",
    "publishedVersion": 0,
    "forkFrom": "-",
    "isSpam": 0,
    "version": 1,
    "parentVersion": -1,
    "echartsVersion": "4.8.0",
    "versionCreateTime": "2021-01-13T01:59:29.000Z",
    "html": "",
    "externalScripts": "",
    "updaterUID": "obd-oj8MlDIsMdI2-arXdF4HmN6QkEq61Dx",
    "theme": "",
    "layout": "",
    "viewCount": 73,
    "userName": "承***y",
    "commentCount": 0,
    "starCount": 2,
    "isStared": 0,
    "thumbnailURL": "https://www.makeapie.com/ecg-storage/ec_gallery_thumbnail/xZ3zcimI_V.png?v=1610503169766",
    "isCustomThumbnail": 0,
    "builtinTags": [
        "category-work",
        "series-pie",
        "title"
    ],
    "customTags": [],
    "updaterUserName": "承***y"
}