{
    "cid": "xZM0zcaoKS",
    "authorUid": "obd-ojFmRLmnMnqocki58src5RKAksIYKDn",
    "authorUserName": "温***晖",
    "title": "横向渐变进度条--电池柱状图",
    "description": "",
    "latestVersion": 3,
    "alwaysLatest": 1,
    "createTime": "2021-01-14T01:45:24.000Z",
    "lastUpdateTime": "2021-01-14T01:45:24.000Z",
    "auth": 1,
    "uid": "obd-ojFmRLmnMnqocki58src5RKAksIYKDn",
    "publishedVersion": 0,
    "forkFrom": "-",
    "isSpam": 0,
    "version": 3,
    "parentVersion": 1,
    "echartsVersion": "4.9.0",
    "versionCreateTime": "2021-05-28T09:20:02.000Z",
    "html": "",
    "externalScripts": "",
    "updaterUID": "obd-ojFmRLmnMnqocki58src5RKAksIYKDn",
    "theme": "",
    "layout": "",
    "viewCount": 474,
    "userName": "温***晖",
    "commentCount": 1,
    "starCount": 6,
    "isStared": 0,
    "thumbnailURL": "https://www.makeapie.com/ecg-storage/ec_gallery_thumbnail/xZM0zcaoKS.png?v=1622193603045",
    "isCustomThumbnail": 0,
    "builtinTags": [
        "category-work",
        "grid",
        "series-bar",
        "series-pictorialBar",
        "tooltip"
    ],
    "customTags": [
        "柱状图",
        "横向",
        "渐变",
        "电池",
        "进度"
    ],
    "updaterUserName": "温***晖"
}