{
    "cid": "x31-cSWOun",
    "authorUid": "obd-o2PLaeE_ayglzhN9wQuWR_uH7nH-a6Q",
    "authorUserName": "咘***乖",
    "title": "x轴垂直线设置",
    "description": "",
    "latestVersion": 2,
    "alwaysLatest": 0,
    "createTime": "2021-06-23T15:40:34.000Z",
    "lastUpdateTime": "2021-06-30T02:57:09.000Z",
    "auth": 2,
    "uid": "obd-o2PLaeE_ayglzhN9wQuWR_uH7nH-a6Q",
    "publishedVersion": 0,
    "forkFrom": "-",
    "isSpam": 0,
    "version": 2,
    "parentVersion": 1,
    "echartsVersion": "5.1.2",
    "versionCreateTime": "2021-06-30T02:57:09.000Z",
    "html": "",
    "externalScripts": "",
    "updaterUID": "obd-o2PLaeE_ayglzhN9wQuWR_uH7nH-a6Q",
    "theme": "",
    "layout": "",
    "viewCount": 0,
    "userName": "咘***乖",
    "commentCount": 0,
    "starCount": 2,
    "isStared": 0,
    "thumbnailURL": "https://www.makeapie.com/ecg-storage/ec_gallery_thumbnail/x31-cSWOun.png?v=1625021829203",
    "isCustomThumbnail": 0,
    "builtinTags": [
        "category-work",
        "grid",
        "markLine",
        "series-line"
    ],
    "customTags": [],
    "updaterUserName": "咘***乖"
}