{
    "cid": "x6T2feKMan",
    "authorUid": "obd-oPXKuyFuRN_i161p5ornTar292N2G9b",
    "authorUserName": "白***迹",
    "title": "内外文字",
    "description": "",
    "latestVersion": 1,
    "alwaysLatest": 0,
    "createTime": "2021-06-25T06:40:45.000Z",
    "lastUpdateTime": "2021-06-25T06:40:45.000Z",
    "auth": 2,
    "uid": "obd-oPXKuyFuRN_i161p5ornTar292N2G9b",
    "publishedVersion": 0,
    "forkFrom": "-",
    "isSpam": 0,
    "version": 1,
    "parentVersion": -1,
    "echartsVersion": "5.1.2",
    "versionCreateTime": "2021-06-25T06:40:45.000Z",
    "html": "",
    "externalScripts": "",
    "updaterUID": "obd-oPXKuyFuRN_i161p5ornTar292N2G9b",
    "theme": "",
    "layout": "",
    "viewCount": 0,
    "userName": "白***迹",
    "commentCount": 0,
    "starCount": 0,
    "isStared": 0,
    "thumbnailURL": "https://www.makeapie.com/ecg-storage/ec_gallery_thumbnail/x6T2feKMan.png?v=1624603246090",
    "isCustomThumbnail": 0,
    "builtinTags": [
        "category-work",
        "legend",
        "series-pie",
        "tooltip"
    ],
    "customTags": [],
    "updaterUserName": "白***迹"
}