{
    "cid": "xbM4oFpWY_",
    "authorUid": "obd-oAh1pmOtRq8dpE1-TB9zEDrgNUYDa75",
    "authorUserName": "y***车",
    "title": "象形柱图 底部有波澜",
    "description": "",
    "latestVersion": 2,
    "alwaysLatest": 0,
    "createTime": "2021-06-25T02:21:14.000Z",
    "lastUpdateTime": "2021-06-25T02:21:14.000Z",
    "auth": 2,
    "uid": "obd-oAh1pmOtRq8dpE1-TB9zEDrgNUYDa75",
    "publishedVersion": 0,
    "forkFrom": "-",
    "isSpam": 0,
    "version": 2,
    "parentVersion": 1,
    "echartsVersion": "5.1.2",
    "versionCreateTime": "2021-06-25T02:49:19.000Z",
    "html": "",
    "externalScripts": "",
    "updaterUID": "obd-oAh1pmOtRq8dpE1-TB9zEDrgNUYDa75",
    "theme": "",
    "layout": "",
    "viewCount": 0,
    "userName": "y***车",
    "commentCount": 0,
    "starCount": 3,
    "isStared": 0,
    "thumbnailURL": "https://www.makeapie.com/ecg-storage/ec_gallery_thumbnail/xbM4oFpWY_.png?v=1624589359640",
    "isCustomThumbnail": 0,
    "builtinTags": [
        "category-work",
        "grid",
        "legend",
        "series-bar",
        "series-pictorialBar",
        "title",
        "tooltip"
    ],
    "customTags": [],
    "updaterUserName": "y***车"
}