{
    "cid": "xbnm0KtfKR",
    "authorUid": "obd-olnfb3RZRmOWW6ZDLexp1A-EYjge90T",
    "authorUserName": "绿***张",
    "title": "Echarts垂直X轴的线",
    "description": "垂直线在x轴中心，当x轴数据为奇数时可取数据的平均数，当X轴数据为偶数时遍历x轴数据，去固定坐标定位",
    "latestVersion": 3,
    "alwaysLatest": 0,
    "createTime": "2021-06-23T14:23:28.000Z",
    "lastUpdateTime": "2021-06-23T14:23:28.000Z",
    "auth": 2,
    "uid": "obd-olnfb3RZRmOWW6ZDLexp1A-EYjge90T",
    "publishedVersion": 0,
    "forkFrom": "-",
    "isSpam": 0,
    "version": 3,
    "parentVersion": 2,
    "echartsVersion": "5.1.2",
    "versionCreateTime": "2021-06-23T14:24:19.000Z",
    "html": "",
    "externalScripts": "",
    "updaterUID": "obd-olnfb3RZRmOWW6ZDLexp1A-EYjge90T",
    "theme": "",
    "layout": "",
    "viewCount": 0,
    "userName": "绿***张",
    "commentCount": 0,
    "starCount": 1,
    "isStared": 0,
    "thumbnailURL": "https://www.makeapie.com/ecg-storage/ec_gallery_thumbnail/xbnm0KtfKR.png?v=1624458259946",
    "isCustomThumbnail": 0,
    "builtinTags": [
        "category-work",
        "grid",
        "markLine",
        "series-line"
    ],
    "customTags": [],
    "updaterUserName": "绿***张"
}