{
    "cid": "xDjeERUUwf",
    "authorUid": "bd-1848529308",
    "authorUserName": "丶***丶",
    "title": "滑动条样式条形图",
    "description": "",
    "latestVersion": 1,
    "alwaysLatest": 0,
    "createTime": "2021-06-25T08:13:52.000Z",
    "lastUpdateTime": "2021-06-25T08:13:52.000Z",
    "auth": 2,
    "uid": "bd-1848529308",
    "publishedVersion": 0,
    "forkFrom": "-",
    "isSpam": 0,
    "version": 1,
    "parentVersion": -1,
    "echartsVersion": "5.1.2",
    "versionCreateTime": "2021-06-25T08:13:52.000Z",
    "html": "",
    "externalScripts": "",
    "updaterUID": "bd-1848529308",
    "theme": "",
    "layout": "",
    "viewCount": 0,
    "userName": "丶***丶",
    "commentCount": 0,
    "starCount": 2,
    "isStared": 0,
    "thumbnailURL": "https://www.makeapie.com/ecg-storage/ec_gallery_thumbnail/xDjeERUUwf.png?v=1624608832350",
    "isCustomThumbnail": 0,
    "builtinTags": [
        "category-work",
        "grid",
        "series-bar",
        "series-scatter",
        "tooltip"
    ],
    "customTags": [],
    "updaterUserName": "丶***丶"
}