{
    "cid": "xFKSg7Y9sM",
    "authorUid": "obd-oMmzfg9Il6foXWjdff9QaRbVAKchw2t",
    "authorUserName": "喃***",
    "title": "占比",
    "description": "",
    "latestVersion": 1,
    "alwaysLatest": 1,
    "createTime": "2021-06-24T07:22:03.000Z",
    "lastUpdateTime": "2021-06-24T07:22:03.000Z",
    "auth": 2,
    "uid": "obd-oMmzfg9Il6foXWjdff9QaRbVAKchw2t",
    "publishedVersion": 0,
    "forkFrom": "-",
    "isSpam": 0,
    "version": 1,
    "parentVersion": -1,
    "echartsVersion": "5.1.2",
    "versionCreateTime": "2021-06-24T07:22:03.000Z",
    "html": "",
    "externalScripts": "",
    "updaterUID": "obd-oMmzfg9Il6foXWjdff9QaRbVAKchw2t",
    "theme": "",
    "layout": "",
    "viewCount": 0,
    "userName": "喃***",
    "commentCount": 0,
    "starCount": 3,
    "isStared": 0,
    "thumbnailURL": "https://www.makeapie.com/ecg-storage/ec_gallery_thumbnail/xFKSg7Y9sM.png?v=1624519323878",
    "isCustomThumbnail": 0,
    "builtinTags": [
        "category-work",
        "grid",
        "series-bar"
    ],
    "customTags": [],
    "updaterUserName": "喃***"
}