{
    "cid": "xIl3DXluTw",
    "authorUid": "bd-51531618",
    "authorUserName": "w***n",
    "title": "深色地图显示",
    "description": "",
    "latestVersion": 1,
    "alwaysLatest": 0,
    "createTime": "2021-06-24T09:35:32.000Z",
    "lastUpdateTime": "2021-06-24T09:35:32.000Z",
    "auth": 2,
    "uid": "bd-51531618",
    "publishedVersion": 0,
    "forkFrom": "-",
    "isSpam": 0,
    "version": 1,
    "parentVersion": -1,
    "echartsVersion": "5.1.2",
    "versionCreateTime": "2021-06-24T09:35:32.000Z",
    "html": "",
    "externalScripts": "https://cdn.jsdelivr.net/npm/echarts-gl@2/dist/echarts-gl.min.js",
    "updaterUID": "bd-51531618",
    "theme": "",
    "layout": "",
    "viewCount": 0,
    "userName": "w***n",
    "commentCount": 0,
    "starCount": 0,
    "isStared": 0,
    "thumbnailURL": "https://www.makeapie.com/ecg-storage/ec_gallery_thumbnail/xIl3DXluTw.png?v=1624527333012",
    "isCustomThumbnail": 0,
    "builtinTags": [
        "category-work",
        "geo",
        "legend",
        "series-map",
        "tooltip",
        "visualMap"
    ],
    "customTags": [],
    "updaterUserName": "w***n"
}