{
    "cid": "xIO6luVVBN",
    "authorUid": "obd-oNZ2E-u4io451uTYyhfyM-MOn7YQGCy",
    "authorUserName": "落***孩",
    "title": "志愿项目服务时长变化趋势",
    "description": "",
    "latestVersion": 2,
    "alwaysLatest": 0,
    "createTime": "2021-06-24T09:40:06.000Z",
    "lastUpdateTime": "2021-06-29T08:08:06.000Z",
    "auth": 2,
    "uid": "obd-oNZ2E-u4io451uTYyhfyM-MOn7YQGCy",
    "publishedVersion": 0,
    "forkFrom": "-",
    "isSpam": 0,
    "version": 2,
    "parentVersion": 1,
    "echartsVersion": "5.1.2",
    "versionCreateTime": "2021-06-29T08:08:06.000Z",
    "html": "",
    "externalScripts": "",
    "updaterUID": "obd-oNZ2E-u4io451uTYyhfyM-MOn7YQGCy",
    "theme": "",
    "layout": "",
    "viewCount": 0,
    "userName": "落***孩",
    "commentCount": 0,
    "starCount": 1,
    "isStared": 0,
    "thumbnailURL": "https://www.makeapie.com/ecg-storage/ec_gallery_thumbnail/xIO6luVVBN.png?v=1624954086884",
    "isCustomThumbnail": 0,
    "builtinTags": [
        "category-work",
        "grid",
        "series-bar",
        "series-pictorialBar",
        "title",
        "tooltip"
    ],
    "customTags": [],
    "updaterUserName": "落***孩"
}