{
    "cid": "xJemwuzVCM",
    "authorUid": "obd-ojGzOKTrwwIRJtGImmZBMYaJ7sK2VEL",
    "authorUserName": "风***破",
    "title": "",
    "description": "穿插",
    "latestVersion": 2,
    "alwaysLatest": 0,
    "createTime": "2021-06-24T09:52:09.000Z",
    "lastUpdateTime": "2021-06-24T09:52:09.000Z",
    "auth": 2,
    "uid": "obd-ojGzOKTrwwIRJtGImmZBMYaJ7sK2VEL",
    "publishedVersion": 0,
    "forkFrom": "-",
    "isSpam": 0,
    "version": 2,
    "parentVersion": 1,
    "echartsVersion": "5.1.2",
    "versionCreateTime": "2021-06-24T09:55:05.000Z",
    "html": "",
    "externalScripts": "",
    "updaterUID": "obd-ojGzOKTrwwIRJtGImmZBMYaJ7sK2VEL",
    "theme": "",
    "layout": "",
    "viewCount": 0,
    "userName": "风***破",
    "commentCount": 0,
    "starCount": 0,
    "isStared": 0,
    "thumbnailURL": "https://www.makeapie.com/ecg-storage/ec_gallery_thumbnail/xJemwuzVCM.png?v=1624528505538",
    "isCustomThumbnail": 0,
    "builtinTags": [
        "category-work",
        "grid",
        "legend",
        "series-line",
        "tooltip"
    ],
    "customTags": [],
    "updaterUserName": "风***破"
}