{
    "cid": "xKabVvQsH-",
    "authorUid": "bd-444769587",
    "authorUserName": "2***神",
    "title": "简单仪表盘",
    "description": "",
    "latestVersion": 1,
    "alwaysLatest": 0,
    "createTime": "2021-06-24T05:57:09.000Z",
    "lastUpdateTime": "2021-06-24T05:57:09.000Z",
    "auth": 2,
    "uid": "bd-444769587",
    "publishedVersion": 0,
    "forkFrom": "-",
    "isSpam": 0,
    "version": 1,
    "parentVersion": -1,
    "echartsVersion": "5.1.2",
    "versionCreateTime": "2021-06-24T05:57:09.000Z",
    "html": "",
    "externalScripts": "",
    "updaterUID": "bd-444769587",
    "theme": "",
    "layout": "",
    "viewCount": 0,
    "userName": "2***神",
    "commentCount": 0,
    "starCount": 0,
    "isStared": 0,
    "thumbnailURL": "https://www.makeapie.com/ecg-storage/ec_gallery_thumbnail/xKabVvQsH-.png?v=1624514229334",
    "isCustomThumbnail": 0,
    "builtinTags": [
        "category-work",
        "series-gauge"
    ],
    "customTags": [],
    "updaterUserName": "2***神"
}