{
    "cid": "xPOEoSWKFZ",
    "authorUid": "obd-oD0ZAj7SYexlF97EeSi1Rg-xZX-mU1s",
    "authorUserName": "z***6",
    "title": "柱状图-锥形图",
    "description": "",
    "latestVersion": 1,
    "alwaysLatest": 1,
    "createTime": "2021-06-24T11:19:36.000Z",
    "lastUpdateTime": "2021-06-24T11:19:36.000Z",
    "auth": 2,
    "uid": "obd-oD0ZAj7SYexlF97EeSi1Rg-xZX-mU1s",
    "publishedVersion": 0,
    "forkFrom": "-",
    "isSpam": 0,
    "version": 1,
    "parentVersion": -1,
    "echartsVersion": "5.1.2",
    "versionCreateTime": "2021-06-24T11:19:36.000Z",
    "html": "",
    "externalScripts": "",
    "updaterUID": "obd-oD0ZAj7SYexlF97EeSi1Rg-xZX-mU1s",
    "theme": "",
    "layout": "",
    "viewCount": 0,
    "userName": "z***6",
    "commentCount": 0,
    "starCount": 2,
    "isStared": 0,
    "thumbnailURL": "https://www.makeapie.com/ecg-storage/ec_gallery_thumbnail/xPOEoSWKFZ.png?v=1624533576440",
    "isCustomThumbnail": 0,
    "builtinTags": [
        "category-work",
        "grid",
        "series-pictorialBar",
        "title"
    ],
    "customTags": [],
    "updaterUserName": "z***6"
}