{
    "cid": "xR19vFJMUN",
    "authorUid": "obd-oAtFb0LgtypCeKIIqrN0SRi8-xnHy7Z",
    "authorUserName": "182******37",
    "title": "仪表盘",
    "description": "",
    "latestVersion": 1,
    "alwaysLatest": 0,
    "createTime": "2021-06-24T05:51:56.000Z",
    "lastUpdateTime": "2021-06-24T05:51:56.000Z",
    "auth": 1,
    "uid": "obd-oAtFb0LgtypCeKIIqrN0SRi8-xnHy7Z",
    "publishedVersion": 0,
    "forkFrom": "-",
    "isSpam": 0,
    "version": 1,
    "parentVersion": -1,
    "echartsVersion": "5.1.2",
    "versionCreateTime": "2021-06-24T05:51:57.000Z",
    "html": "",
    "externalScripts": "",
    "updaterUID": "obd-oAtFb0LgtypCeKIIqrN0SRi8-xnHy7Z",
    "theme": "",
    "layout": "",
    "viewCount": 0,
    "userName": "182******37",
    "commentCount": 0,
    "starCount": 0,
    "isStared": 0,
    "thumbnailURL": "https://www.makeapie.com/ecg-storage/ec_gallery_thumbnail/xR19vFJMUN.png?v=1624513917188",
    "isCustomThumbnail": 0,
    "builtinTags": [
        "category-work",
        "series-gauge"
    ],
    "customTags": [],
    "updaterUserName": "182******37"
}