{
    "cid": "xsqtt51LoY",
    "authorUid": "obd-oA0gKX2xnB8Luu3k0kaqbiPx5QYa778",
    "authorUserName": "R***y",
    "title": "电量图2",
    "description": "通行效率",
    "latestVersion": 2,
    "alwaysLatest": 0,
    "createTime": "2021-06-25T07:58:00.000Z",
    "lastUpdateTime": "2021-06-25T07:58:00.000Z",
    "auth": 2,
    "uid": "obd-oA0gKX2xnB8Luu3k0kaqbiPx5QYa778",
    "publishedVersion": 0,
    "forkFrom": "-",
    "isSpam": 0,
    "version": 2,
    "parentVersion": 1,
    "echartsVersion": "5.1.2",
    "versionCreateTime": "2021-06-25T09:07:20.000Z",
    "html": "",
    "externalScripts": "",
    "updaterUID": "obd-oA0gKX2xnB8Luu3k0kaqbiPx5QYa778",
    "theme": "",
    "layout": "",
    "viewCount": 0,
    "userName": "R***y",
    "commentCount": 0,
    "starCount": 0,
    "isStared": 0,
    "thumbnailURL": "https://www.makeapie.com/ecg-storage/ec_gallery_thumbnail/xsqtt51LoY.png?v=1624612040913",
    "isCustomThumbnail": 0,
    "builtinTags": [
        "category-work",
        "series-gauge",
        "series-pie",
        "title"
    ],
    "customTags": [],
    "updaterUserName": "R***y"
}