{
    "cid": "xB1DgDmtmb",
    "authorUid": "bd-2417514347",
    "authorUserName": "原***枫",
    "title": "自定义tootips",
    "description": "自定义tooltips，添加箭头，颜色，位置",
    "latestVersion": 1,
    "alwaysLatest": 1,
    "createTime": "2017-06-22T11:15:59.000Z",
    "lastUpdateTime": "2017-06-22T11:15:59.000Z",
    "auth": 2,
    "uid": "bd-2417514347",
    "publishedVersion": 0,
    "forkFrom": "-",
    "isSpam": 0,
    "version": 1,
    "parentVersion": -1,
    "echartsVersion": "3.6.2",
    "versionCreateTime": "2017-06-22T11:15:59.000Z",
    "html": "",
    "externalScripts": "",
    "updaterUID": "bd-2417514347",
    "theme": "",
    "layout": "",
    "viewCount": 2268,
    "userName": "原***枫",
    "commentCount": 0,
    "starCount": 3,
    "isStared": 0,
    "thumbnailURL": "https://www.makeapie.com/ecg-storage/ec_gallery_thumbnail/xB1DgDmtmb.png?v=1498130159179",
    "isCustomThumbnail": 0,
    "builtinTags": [
        "category-work",
        "grid",
        "series-bar",
        "tooltip"
    ],
    "customTags": [],
    "updaterUserName": "原***枫"
}