{
    "cid": "xBk_tU2D7-",
    "authorUid": "bd-2147980076",
    "authorUserName": "鹌鹑肉",
    "title": "阴阳师与王者荣耀贴吧用户区域分布",
    "description": "",
    "latestVersion": 2,
    "alwaysLatest": 1,
    "createTime": "2017-06-21T09:03:59.000Z",
    "lastUpdateTime": "2017-06-21T09:03:59.000Z",
    "auth": 2,
    "uid": "bd-2147980076",
    "publishedVersion": 0,
    "forkFrom": "-",
    "isSpam": 0,
    "version": 2,
    "parentVersion": 1,
    "echartsVersion": "3.6.2",
    "versionCreateTime": "2017-06-21T09:20:43.000Z",
    "html": "",
    "externalScripts": "/dep/echarts/map/js/china.js,/dep/echarts/map/js/world.js",
    "updaterUID": "bd-2147980076",
    "theme": "",
    "layout": "",
    "viewCount": 7770,
    "userName": "鹌鹑肉",
    "commentCount": 0,
    "starCount": 7,
    "isStared": 0,
    "thumbnailURL": "https://www.makeapie.com/ecg-storage/ec_gallery_thumbnail/xBk_tU2D7-.png?v=1498036844041",
    "isCustomThumbnail": 0,
    "builtinTags": [
        "category-work",
        "legend",
        "series-map",
        "title",
        "toolbox",
        "tooltip",
        "visualMap"
    ],
    "customTags": [],
    "updaterUserName": "鹌鹑肉"
}