{
    "cid": "xBy4VhD9mW",
    "authorUid": "bd-67125313",
    "authorUserName": "allanhboy",
    "title": "杭州房价分布图",
    "description": "",
    "latestVersion": 1,
    "alwaysLatest": 1,
    "createTime": "2017-06-23T10:23:39.000Z",
    "lastUpdateTime": "2017-06-23T10:23:39.000Z",
    "auth": 2,
    "uid": "bd-67125313",
    "publishedVersion": 0,
    "forkFrom": "-",
    "isSpam": 0,
    "version": 1,
    "parentVersion": -1,
    "echartsVersion": "3.6.2",
    "versionCreateTime": "2017-06-23T10:23:39.000Z",
    "html": "",
    "externalScripts": "/dep/echarts/latest/extension/bmap.min.js,http://api.map.baidu.com/api?v=2.0&ak=ZUONbpqGBsYGXNIYHicvbAbM",
    "updaterUID": "bd-67125313",
    "theme": "",
    "layout": "",
    "viewCount": 104,
    "userName": "allanhboy",
    "commentCount": 0,
    "starCount": 1,
    "isStared": 0,
    "thumbnailURL": "https://www.makeapie.com/ecg-storage/ec_gallery_thumbnail/xBy4VhD9mW.undefined?v=",
    "isCustomThumbnail": 0,
    "builtinTags": [
        "category-work"
    ],
    "customTags": [],
    "updaterUserName": "allanhboy"
}