{
    "cid": "xByOpg_rm-",
    "authorUid": "bd-2215764494",
    "authorUserName": "p***g",
    "title": "Flight path on Mapbox",
    "description": "",
    "latestVersion": 10,
    "alwaysLatest": 1,
    "createTime": "2017-06-19T15:41:52.000Z",
    "lastUpdateTime": "2017-06-20T02:22:43.000Z",
    "auth": 2,
    "uid": "bd-2215764494",
    "publishedVersion": 0,
    "forkFrom": "-",
    "isSpam": 0,
    "version": 10,
    "parentVersion": 9,
    "echartsVersion": "3.6.2",
    "versionCreateTime": "2017-07-11T16:36:41.000Z",
    "html": "",
    "externalScripts": "http://echarts.baidu.com/resource/echarts-gl-latest/dist/echarts-gl.min.js,https://api.mapbox.com/mapbox-gl-js/v0.38.0/mapbox-gl.js",
    "updaterUID": "bd-2215764494",
    "theme": "default",
    "layout": "",
    "viewCount": 21463,
    "userName": "p***g",
    "commentCount": 0,
    "starCount": 13,
    "isStared": 0,
    "thumbnailURL": "https://www.makeapie.com/ecg-storage/ec_gallery_thumbnail/xByOpg_rm-.png?v=1497925365751",
    "isCustomThumbnail": 1,
    "builtinTags": [
        "category-work",
        "mapbox",
        "series-lines3D"
    ],
    "customTags": [
        "echarts-gl"
    ],
    "updaterUserName": "p***g"
}