{
    "cid": "xrJhH8qc7b",
    "authorUid": "bd-235188057",
    "authorUserName": "ivernaloo",
    "title": "Enroll distribution",
    "description": "From Excel",
    "latestVersion": 1,
    "alwaysLatest": 1,
    "createTime": "2017-06-23T13:23:15.000Z",
    "lastUpdateTime": "2017-06-23T13:23:15.000Z",
    "auth": 2,
    "uid": "bd-235188057",
    "publishedVersion": 0,
    "forkFrom": "-",
    "isSpam": 0,
    "version": 1,
    "parentVersion": -1,
    "echartsVersion": "3.6.2",
    "versionCreateTime": "2017-06-23T13:23:15.000Z",
    "html": "",
    "externalScripts": "/dep/echarts/map/js/world.js",
    "updaterUID": "bd-235188057",
    "theme": "",
    "layout": "",
    "viewCount": 692,
    "userName": "ivernaloo",
    "commentCount": 0,
    "starCount": 2,
    "isStared": 0,
    "thumbnailURL": "https://www.makeapie.com/ecg-storage/ec_gallery_thumbnail/xrJhH8qc7b.png?v=1498224195698",
    "isCustomThumbnail": 0,
    "builtinTags": [
        "category-work",
        "geo",
        "series-scatter",
        "title",
        "tooltip",
        "visualMap"
    ],
    "customTags": [],
    "updaterUserName": "ivernaloo"
}