{
    "cid": "xrJLuc62mW",
    "authorUid": "bd-4049368468",
    "authorUserName": "tony1991free",
    "title": "成都变电容量与GDP关系图",
    "description": "BY Li Mao",
    "latestVersion": 2,
    "alwaysLatest": 1,
    "createTime": "2017-06-25T05:30:22.000Z",
    "lastUpdateTime": "2017-06-25T05:30:22.000Z",
    "auth": 2,
    "uid": "bd-4049368468",
    "publishedVersion": 0,
    "forkFrom": "-",
    "isSpam": 0,
    "version": 2,
    "parentVersion": 1,
    "echartsVersion": "3.6.2",
    "versionCreateTime": "2017-06-25T05:30:38.000Z",
    "html": "",
    "externalScripts": "",
    "updaterUID": "bd-4049368468",
    "theme": "",
    "layout": "",
    "viewCount": 569,
    "userName": "tony1991free",
    "commentCount": 0,
    "starCount": 2,
    "isStared": 0,
    "thumbnailURL": "https://www.makeapie.com/ecg-storage/ec_gallery_thumbnail/xrJLuc62mW.png?v=1498368639086",
    "isCustomThumbnail": 0,
    "builtinTags": [
        "category-work",
        "dataZoom",
        "grid",
        "legend",
        "series-bar",
        "series-line",
        "title",
        "toolbox",
        "tooltip"
    ],
    "customTags": [],
    "updaterUserName": "tony1991free"
}