{
    "cid": "xrJTlzeqQ-",
    "authorUid": "bd-2417514347",
    "authorUserName": "原***枫",
    "title": "折线图预测",
    "description": "折线图预测",
    "latestVersion": 1,
    "alwaysLatest": 1,
    "createTime": "2017-06-23T01:42:12.000Z",
    "lastUpdateTime": "2017-06-23T01:42:12.000Z",
    "auth": 2,
    "uid": "bd-2417514347",
    "publishedVersion": 0,
    "forkFrom": "-",
    "isSpam": 0,
    "version": 1,
    "parentVersion": -1,
    "echartsVersion": "3.6.2",
    "versionCreateTime": "2017-06-23T01:42:13.000Z",
    "html": "",
    "externalScripts": "",
    "updaterUID": "bd-2417514347",
    "theme": "",
    "layout": "",
    "viewCount": 104,
    "userName": "原***枫",
    "commentCount": 0,
    "starCount": 0,
    "isStared": 0,
    "thumbnailURL": "https://www.makeapie.com/ecg-storage/ec_gallery_thumbnail/xrJTlzeqQ-.png?v=1498182133130",
    "isCustomThumbnail": 0,
    "builtinTags": [
        "category-work",
        "grid",
        "series-line",
        "title"
    ],
    "customTags": [],
    "updaterUserName": "原***枫"
}