{
    "cid": "xrk6zhUrXb",
    "authorUid": "bd-2147980076",
    "authorUserName": "鹌鹑肉",
    "title": "16年手游用户游戏在线时间分布",
    "description": "数据来源：DataEye2016中国移动游戏行业年度报告",
    "latestVersion": 2,
    "alwaysLatest": 1,
    "createTime": "2017-06-19T14:13:41.000Z",
    "lastUpdateTime": "2017-06-19T14:13:41.000Z",
    "auth": 2,
    "uid": "bd-2147980076",
    "publishedVersion": 0,
    "forkFrom": "-",
    "isSpam": 0,
    "version": 2,
    "parentVersion": 1,
    "echartsVersion": "3.6.2",
    "versionCreateTime": "2017-06-19T14:19:58.000Z",
    "html": "",
    "externalScripts": "",
    "updaterUID": "bd-2147980076",
    "theme": "",
    "layout": "",
    "viewCount": 404,
    "userName": "鹌鹑肉",
    "commentCount": 0,
    "starCount": 2,
    "isStared": 0,
    "thumbnailURL": "https://www.makeapie.com/ecg-storage/ec_gallery_thumbnail/xrk6zhUrXb.png?v=1497881998977",
    "isCustomThumbnail": 0,
    "builtinTags": [
        "category-work",
        "series-pie",
        "title",
        "tooltip"
    ],
    "customTags": [],
    "updaterUserName": "鹌鹑肉"
}