{
    "cid": "xrkfMY4RQb",
    "authorUid": "bd-2520570534",
    "authorUserName": "梁惠鹏",
    "title": "多个背景颜色图",
    "description": "原多个背景图使用的是data组成的；\n新方法使用markArea组装；",
    "latestVersion": 1,
    "alwaysLatest": 1,
    "createTime": "2017-06-26T07:34:33.000Z",
    "lastUpdateTime": "2017-06-26T07:34:33.000Z",
    "auth": 2,
    "uid": "bd-2520570534",
    "publishedVersion": 0,
    "forkFrom": "-",
    "isSpam": 0,
    "version": 1,
    "parentVersion": -1,
    "echartsVersion": "3.6.2",
    "versionCreateTime": "2017-06-26T07:34:33.000Z",
    "html": "",
    "externalScripts": "",
    "updaterUID": "bd-2520570534",
    "theme": "",
    "layout": "",
    "viewCount": 994,
    "userName": "梁惠鹏",
    "commentCount": 0,
    "starCount": 5,
    "isStared": 0,
    "thumbnailURL": "https://www.makeapie.com/ecg-storage/ec_gallery_thumbnail/xrkfMY4RQb.png?v=1498462474048",
    "isCustomThumbnail": 0,
    "builtinTags": [
        "category-work",
        "dataZoom",
        "grid",
        "legend",
        "markArea",
        "markPoint",
        "series-line",
        "title",
        "toolbox",
        "tooltip"
    ],
    "customTags": [],
    "updaterUserName": "梁惠鹏"
}