{
    "cid": "xryOOcvw7Z",
    "authorUid": "bd-2501078763",
    "authorUserName": "格***s",
    "title": "自定义柱子样式",
    "description": "自定义柱子样式",
    "latestVersion": 7,
    "alwaysLatest": 1,
    "createTime": "2017-06-21T03:39:27.000Z",
    "lastUpdateTime": "2017-06-21T03:39:27.000Z",
    "auth": 1,
    "uid": "bd-2501078763",
    "publishedVersion": 0,
    "forkFrom": "-",
    "isSpam": 0,
    "version": 7,
    "parentVersion": 1,
    "echartsVersion": "3.7.2",
    "versionCreateTime": "2017-11-04T10:02:13.000Z",
    "html": "",
    "externalScripts": "",
    "updaterUID": "bd-1278449152",
    "theme": "",
    "layout": "",
    "viewCount": 2968,
    "userName": "格***s",
    "commentCount": 2,
    "starCount": 16,
    "isStared": 0,
    "thumbnailURL": "https://www.makeapie.com/ecg-storage/ec_gallery_thumbnail/xryOOcvw7Z.png?v=1498016367919",
    "isCustomThumbnail": 1,
    "builtinTags": [
        "category-work",
        "grid",
        "series-bar"
    ],
    "customTags": [
        "color",
        "image"
    ],
    "updaterUserName": "小家族666"
}