{
    "cid": "xS18srcw7b",
    "authorUid": "bd-4029360319",
    "authorUserName": "大爱娜拉姐",
    "title": "坐标轴-温度",
    "description": "温度",
    "latestVersion": 2,
    "alwaysLatest": 1,
    "createTime": "2017-06-21T06:43:41.000Z",
    "lastUpdateTime": "2017-06-21T06:43:41.000Z",
    "auth": 2,
    "uid": "bd-4029360319",
    "publishedVersion": 0,
    "forkFrom": "-",
    "isSpam": 0,
    "version": 2,
    "parentVersion": 1,
    "echartsVersion": "3.6.2",
    "versionCreateTime": "2017-06-21T07:00:08.000Z",
    "html": "",
    "externalScripts": "",
    "updaterUID": "bd-4029360319",
    "theme": "",
    "layout": "",
    "viewCount": 532,
    "userName": "大爱娜拉姐",
    "commentCount": 0,
    "starCount": 3,
    "isStared": 0,
    "thumbnailURL": "https://www.makeapie.com/ecg-storage/ec_gallery_thumbnail/xS18srcw7b.png?v=1498028408388",
    "isCustomThumbnail": 0,
    "builtinTags": [
        "category-work",
        "grid",
        "markLine",
        "series-pictorialBar",
        "tooltip"
    ],
    "customTags": [],
    "updaterUserName": "大爱娜拉姐"
}