{
    "cid": "xS1oA36_QZ",
    "authorUid": "bd-1599632611",
    "authorUserName": "造梦者的微风",
    "title": "选课展示",
    "description": "选课展示",
    "latestVersion": 1,
    "alwaysLatest": 1,
    "createTime": "2017-06-22T04:51:30.000Z",
    "lastUpdateTime": "2017-06-22T04:55:16.000Z",
    "auth": 2,
    "uid": "bd-1599632611",
    "publishedVersion": 0,
    "forkFrom": "-",
    "isSpam": 0,
    "version": 1,
    "parentVersion": -1,
    "echartsVersion": "3.6.2",
    "versionCreateTime": "2017-06-22T04:51:30.000Z",
    "html": "",
    "externalScripts": "",
    "updaterUID": "bd-1599632611",
    "theme": "default",
    "layout": "",
    "viewCount": 146,
    "userName": "造梦者的微风",
    "commentCount": 0,
    "starCount": 0,
    "isStared": 0,
    "thumbnailURL": "https://www.makeapie.com/ecg-storage/ec_gallery_thumbnail/xS1oA36_QZ.png?v=1498107091103",
    "isCustomThumbnail": 0,
    "builtinTags": [],
    "customTags": [],
    "updaterUserName": "造梦者的微风"
}