{
    "cid": "xS1S303RmW",
    "authorUid": "bd-4049368468",
    "authorUserName": "tony1991free",
    "title": "成都工业用电量（1978-2017）",
    "description": "单位（亿千瓦时）",
    "latestVersion": 2,
    "alwaysLatest": 1,
    "createTime": "2017-06-26T17:04:44.000Z",
    "lastUpdateTime": "2017-06-26T17:04:44.000Z",
    "auth": 2,
    "uid": "bd-4049368468",
    "publishedVersion": 0,
    "forkFrom": "-",
    "isSpam": 0,
    "version": 2,
    "parentVersion": 1,
    "echartsVersion": "3.6.2",
    "versionCreateTime": "2017-06-26T17:11:00.000Z",
    "html": "",
    "externalScripts": "",
    "updaterUID": "bd-4049368468",
    "theme": "",
    "layout": "",
    "viewCount": 328,
    "userName": "tony1991free",
    "commentCount": 0,
    "starCount": 1,
    "isStared": 0,
    "thumbnailURL": "https://www.makeapie.com/ecg-storage/ec_gallery_thumbnail/xS1S303RmW.png?v=1498497060364",
    "isCustomThumbnail": 0,
    "builtinTags": [
        "category-work",
        "dataZoom",
        "grid",
        "legend",
        "series-bar",
        "series-line",
        "title",
        "toolbox",
        "tooltip"
    ],
    "customTags": [],
    "updaterUserName": "tony1991free"
}