{
    "cid": "xSJdb7UJV-",
    "authorUid": "bd-2889079406",
    "authorUserName": "六***论",
    "title": "各社交媒体上的热力图统计",
    "description": "",
    "latestVersion": 1,
    "alwaysLatest": 1,
    "createTime": "2017-06-27T03:37:35.000Z",
    "lastUpdateTime": "2017-06-27T03:37:35.000Z",
    "auth": 2,
    "uid": "bd-2889079406",
    "publishedVersion": 0,
    "forkFrom": "-",
    "isSpam": 0,
    "version": 1,
    "parentVersion": -1,
    "echartsVersion": "3.6.2",
    "versionCreateTime": "2017-06-27T03:37:35.000Z",
    "html": "",
    "externalScripts": "",
    "updaterUID": "bd-2889079406",
    "theme": "",
    "layout": "",
    "viewCount": 886,
    "userName": "六***论",
    "commentCount": 0,
    "starCount": 1,
    "isStared": 0,
    "thumbnailURL": "https://www.makeapie.com/ecg-storage/ec_gallery_thumbnail/xSJdb7UJV-.png?v=1498534656094",
    "isCustomThumbnail": 0,
    "builtinTags": [
        "category-work",
        "grid",
        "series-heatmap",
        "tooltip",
        "visualMap"
    ],
    "customTags": [],
    "updaterUserName": "六***论"
}