{
    "cid": "xSJTQHMuX-",
    "authorUid": "bd-37009319",
    "authorUserName": "刘传耀charles",
    "title": "信息渠道",
    "description": "",
    "latestVersion": 1,
    "alwaysLatest": 1,
    "createTime": "2017-06-21T15:47:48.000Z",
    "lastUpdateTime": "2017-06-21T15:47:48.000Z",
    "auth": 2,
    "uid": "bd-37009319",
    "publishedVersion": 0,
    "forkFrom": "-",
    "isSpam": 0,
    "version": 1,
    "parentVersion": -1,
    "echartsVersion": "3.6.2",
    "versionCreateTime": "2017-06-21T15:47:48.000Z",
    "html": "",
    "externalScripts": "",
    "updaterUID": "bd-37009319",
    "theme": "",
    "layout": "",
    "viewCount": 2203,
    "userName": "刘传耀charles",
    "commentCount": 0,
    "starCount": 11,
    "isStared": 0,
    "thumbnailURL": "https://www.makeapie.com/ecg-storage/ec_gallery_thumbnail/xSJTQHMuX-.png?v=1498060068843",
    "isCustomThumbnail": 0,
    "builtinTags": [
        "category-work",
        "geo",
        "series-effectScatter",
        "series-lines",
        "title",
        "tooltip"
    ],
    "customTags": [],
    "updaterUserName": "刘传耀charles"
}