{
    "cid": "xSkDFula7W",
    "authorUid": "bd-4265003281",
    "authorUserName": "祈逐",
    "title": "hcytest",
    "description": "",
    "latestVersion": 1,
    "alwaysLatest": 1,
    "createTime": "2017-06-25T08:46:55.000Z",
    "lastUpdateTime": "2017-06-25T08:46:55.000Z",
    "auth": 2,
    "uid": "bd-4265003281",
    "publishedVersion": 1,
    "forkFrom": "-",
    "isSpam": 0,
    "version": 1,
    "parentVersion": -1,
    "echartsVersion": "3.6.2",
    "versionCreateTime": "2017-06-25T08:46:55.000Z",
    "html": "",
    "externalScripts": "",
    "updaterUID": "bd-4265003281",
    "theme": "",
    "layout": "",
    "viewCount": 37,
    "userName": "祈逐",
    "commentCount": 0,
    "starCount": 0,
    "isStared": 0,
    "thumbnailURL": "https://www.makeapie.com/ecg-storage/ec_gallery_thumbnail/xSkDFula7W.undefined?v=",
    "isCustomThumbnail": 0,
    "builtinTags": [
        "category-work"
    ],
    "customTags": [],
    "updaterUserName": "祈逐"
}