{
    "cid": "xSkGI6zLmb",
    "authorUid": "bd-289361150",
    "authorUserName": "嘉诚俊男",
    "title": "1980年以来中国各省GDP排名变化情况",
    "description": "GDP单位:亿元",
    "latestVersion": 1,
    "alwaysLatest": 1,
    "createTime": "2017-06-20T03:58:01.000Z",
    "lastUpdateTime": "2017-06-20T03:58:01.000Z",
    "auth": 2,
    "uid": "bd-289361150",
    "publishedVersion": 0,
    "forkFrom": "-",
    "isSpam": 0,
    "version": 1,
    "parentVersion": -1,
    "echartsVersion": "3.6.2",
    "versionCreateTime": "2017-06-20T03:58:01.000Z",
    "html": "",
    "externalScripts": "/dep/echarts/map/js/china.js",
    "updaterUID": "bd-289361150",
    "theme": "",
    "layout": "",
    "viewCount": 9301,
    "userName": "嘉诚俊男",
    "commentCount": 0,
    "starCount": 18,
    "isStared": 0,
    "thumbnailURL": "https://www.makeapie.com/ecg-storage/ec_gallery_thumbnail/xSkGI6zLmb.png?v=1497931081722",
    "isCustomThumbnail": 0,
    "builtinTags": [
        "category-work",
        "grid",
        "series-bar",
        "series-map",
        "series-pie",
        "timeline",
        "title",
        "tooltip",
        "visualMap"
    ],
    "customTags": [],
    "updaterUserName": "嘉诚俊男"
}