{
    "cid": "xSyKdqCh7W",
    "authorUid": "bd-104634319",
    "authorUserName": "__浅浅小幸福",
    "title": "折线图",
    "description": "双Y轴，同一方向，每条折现对应不同的Y轴",
    "latestVersion": 5,
    "alwaysLatest": 1,
    "createTime": "2017-06-25T06:38:41.000Z",
    "lastUpdateTime": "2017-06-25T06:38:41.000Z",
    "auth": 2,
    "uid": "bd-104634319",
    "publishedVersion": 0,
    "forkFrom": "-",
    "isSpam": 0,
    "version": 5,
    "parentVersion": 4,
    "echartsVersion": "3.6.2",
    "versionCreateTime": "2017-06-25T07:40:53.000Z",
    "html": "",
    "externalScripts": "",
    "updaterUID": "bd-104634319",
    "theme": "",
    "layout": "",
    "viewCount": 162,
    "userName": "__浅浅小幸福",
    "commentCount": 0,
    "starCount": 0,
    "isStared": 0,
    "thumbnailURL": "https://www.makeapie.com/ecg-storage/ec_gallery_thumbnail/xSyKdqCh7W.png?v=1498376453535",
    "isCustomThumbnail": 0,
    "builtinTags": [
        "category-work",
        "grid",
        "legend",
        "series-line",
        "title",
        "toolbox",
        "tooltip"
    ],
    "customTags": [],
    "updaterUserName": "__浅浅小幸福"
}