{
    "cid": "xSyzCwnL7Z",
    "authorUid": "bd-167860219",
    "authorUserName": "n***1",
    "title": "公交GPS可视化",
    "description": "公交GPS可视化，鼠标移动至右侧运行图",
    "latestVersion": 4,
    "alwaysLatest": 1,
    "createTime": "2017-06-20T14:57:14.000Z",
    "lastUpdateTime": "2020-05-09T14:17:12.000Z",
    "auth": 2,
    "uid": "bd-167860219",
    "publishedVersion": 0,
    "forkFrom": "-",
    "isSpam": 0,
    "version": 4,
    "parentVersion": 3,
    "echartsVersion": "3.8.0",
    "versionCreateTime": "2019-04-17T09:47:03.000Z",
    "html": "",
    "externalScripts": "/dep/echarts/latest/extension/bmap.min.js,https://api.map.baidu.com/getscript?v=2.0&amp;ak=xfhhaTThl11qYVrqLZii6w8qE5ggnhrY&amp;services=&amp;t=20190123111209",
    "updaterUID": "bd-167860219",
    "theme": "default",
    "layout": "",
    "viewCount": 1796,
    "userName": "n***1",
    "commentCount": 2,
    "starCount": 9,
    "isStared": 0,
    "thumbnailURL": "https://www.makeapie.com/ecg-storage/ec_gallery_thumbnail/xSyzCwnL7Z.png?v=1589033833037",
    "isCustomThumbnail": 1,
    "builtinTags": [
        "category-work"
    ],
    "customTags": [],
    "updaterUserName": "n***1"
}