{
    "cid": "x3TNWYdUiv",
    "authorUid": "obd-oPmyeC9GRYgAEGy-MF55FSKzrYsXM9P",
    "authorUserName": "e***昭",
    "title": "柱形图-左侧右侧两个Y轴，线条渐变色",
    "description": "柱形图-左侧右侧两个Y轴，线条渐变色",
    "latestVersion": 2,
    "alwaysLatest": 0,
    "createTime": "2021-09-27T07:21:17.000Z",
    "lastUpdateTime": "2021-09-27T07:21:37.000Z",
    "auth": 2,
    "uid": "obd-oPmyeC9GRYgAEGy-MF55FSKzrYsXM9P",
    "publishedVersion": 0,
    "forkFrom": "-",
    "isSpam": 0,
    "version": 2,
    "parentVersion": 1,
    "echartsVersion": "5.2.1",
    "versionCreateTime": "2021-09-27T07:21:37.000Z",
    "html": "",
    "externalScripts": "",
    "updaterUID": "obd-oPmyeC9GRYgAEGy-MF55FSKzrYsXM9P",
    "theme": "",
    "layout": "",
    "viewCount": 0,
    "userName": "e***昭",
    "commentCount": 0,
    "starCount": 0,
    "isStared": 0,
    "thumbnailURL": "https://www.makeapie.com/ecg-storage/ec_gallery_thumbnail/x3TNWYdUiv.png?v=1632727297688",
    "isCustomThumbnail": 0,
    "builtinTags": [
        "category-work",
        "grid",
        "legend",
        "series-bar",
        "tooltip"
    ],
    "customTags": [],
    "updaterUserName": "e***昭"
}