{
    "cid": "x5J3FPbKVT",
    "authorUid": "obd-oEd7an9qge4kkOWAiUODoIa62i1B84i",
    "authorUserName": "L***y",
    "title": "1",
    "description": "",
    "latestVersion": 1,
    "alwaysLatest": 0,
    "createTime": "2021-09-27T02:22:03.000Z",
    "lastUpdateTime": "2021-09-27T02:22:03.000Z",
    "auth": 2,
    "uid": "obd-oEd7an9qge4kkOWAiUODoIa62i1B84i",
    "publishedVersion": 0,
    "forkFrom": "-",
    "isSpam": 0,
    "version": 1,
    "parentVersion": -1,
    "echartsVersion": "5.2.1",
    "versionCreateTime": "2021-09-27T02:22:03.000Z",
    "html": "",
    "externalScripts": "",
    "updaterUID": "obd-oEd7an9qge4kkOWAiUODoIa62i1B84i",
    "theme": "",
    "layout": "",
    "viewCount": 0,
    "userName": "L***y",
    "commentCount": 0,
    "starCount": 0,
    "isStared": 0,
    "thumbnailURL": "https://www.makeapie.com/ecg-storage/ec_gallery_thumbnail/x5J3FPbKVT.png?v=1632709323544",
    "isCustomThumbnail": 0,
    "builtinTags": [
        "category-work",
        "series-gauge",
        "series-pie",
        "tooltip"
    ],
    "customTags": [],
    "updaterUserName": "L***y"
}