{
    "cid": "xC9ofYruCI",
    "authorUid": "obd-oPmyeC9GRYgAEGy-MF55FSKzrYsXM9P",
    "authorUserName": "e***昭",
    "title": "柱形图-多个柱形图堆叠",
    "description": "柱形图-多个柱形图堆叠",
    "latestVersion": 4,
    "alwaysLatest": 0,
    "createTime": "2021-09-27T06:18:39.000Z",
    "lastUpdateTime": "2021-10-27T11:34:24.000Z",
    "auth": 2,
    "uid": "obd-oPmyeC9GRYgAEGy-MF55FSKzrYsXM9P",
    "publishedVersion": 0,
    "forkFrom": "-",
    "isSpam": 0,
    "version": 4,
    "parentVersion": 3,
    "echartsVersion": "5.2.1",
    "versionCreateTime": "2021-10-27T11:34:24.000Z",
    "html": "",
    "externalScripts": "",
    "updaterUID": "obd-oPmyeC9GRYgAEGy-MF55FSKzrYsXM9P",
    "theme": "",
    "layout": "",
    "viewCount": 0,
    "userName": "e***昭",
    "commentCount": 0,
    "starCount": 0,
    "isStared": 0,
    "thumbnailURL": "https://www.makeapie.com/ecg-storage/ec_gallery_thumbnail/xC9ofYruCI.png?v=1635334464185",
    "isCustomThumbnail": 0,
    "builtinTags": [
        "category-work",
        "grid",
        "legend",
        "series-bar",
        "title",
        "tooltip"
    ],
    "customTags": [],
    "updaterUserName": "e***昭"
}