{
    "cid": "xCgQStsE6y",
    "authorUid": "obd-o2EqmK6J6zxYGlV5tSLHw7nV-fQiO6u",
    "authorUserName": "f***3",
    "title": "陕西热力图",
    "description": "",
    "latestVersion": 5,
    "alwaysLatest": 1,
    "createTime": "2021-09-26T03:31:56.000Z",
    "lastUpdateTime": "2021-09-26T05:57:04.000Z",
    "auth": 2,
    "uid": "obd-o2EqmK6J6zxYGlV5tSLHw7nV-fQiO6u",
    "publishedVersion": 0,
    "forkFrom": "-",
    "isSpam": 0,
    "version": 5,
    "parentVersion": 4,
    "echartsVersion": "5.2.1",
    "versionCreateTime": "2021-09-26T05:57:04.000Z",
    "html": "",
    "externalScripts": "",
    "updaterUID": "obd-o2EqmK6J6zxYGlV5tSLHw7nV-fQiO6u",
    "theme": "",
    "layout": "",
    "viewCount": 0,
    "userName": "f***3",
    "commentCount": 0,
    "starCount": 0,
    "isStared": 0,
    "thumbnailURL": "https://www.makeapie.com/ecg-storage/ec_gallery_thumbnail/xCgQStsE6y.png?v=1632635824986",
    "isCustomThumbnail": 0,
    "builtinTags": [
        "category-work",
        "geo",
        "series-map",
        "series-scatter",
        "timeline",
        "visualMap"
    ],
    "customTags": [
        "陕西"
    ],
    "updaterUserName": "f***3"
}