{
    "cid": "xDnKwflsp0",
    "authorUid": "obd-o2Hyatz76AH5N7ZSFj4_7fko_bka2Bs",
    "authorUserName": "棒***d",
    "title": "仪表盘-饼图",
    "description": "仪表盘和饼图",
    "latestVersion": 2,
    "alwaysLatest": 0,
    "createTime": "2021-09-27T01:04:41.000Z",
    "lastUpdateTime": "2021-09-27T01:06:03.000Z",
    "auth": 2,
    "uid": "obd-o2Hyatz76AH5N7ZSFj4_7fko_bka2Bs",
    "publishedVersion": 0,
    "forkFrom": "-",
    "isSpam": 0,
    "version": 2,
    "parentVersion": 1,
    "echartsVersion": "5.2.1",
    "versionCreateTime": "2021-09-27T01:06:03.000Z",
    "html": "",
    "externalScripts": "",
    "updaterUID": "obd-o2Hyatz76AH5N7ZSFj4_7fko_bka2Bs",
    "theme": "",
    "layout": "",
    "viewCount": 0,
    "userName": "棒***d",
    "commentCount": 0,
    "starCount": 2,
    "isStared": 0,
    "thumbnailURL": "https://www.makeapie.com/ecg-storage/ec_gallery_thumbnail/xDnKwflsp0.png?v=1632704763268",
    "isCustomThumbnail": 0,
    "builtinTags": [
        "category-work",
        "graphic",
        "series-gauge",
        "series-pie",
        "title"
    ],
    "customTags": [],
    "updaterUserName": "棒***d"
}