{
    "cid": "xewxyaEu0N",
    "authorUid": "obd-otnTuHx-oEMAo-rKACzjS-T670l1g88",
    "authorUserName": "v***2",
    "title": "漏斗图",
    "description": "漏斗图",
    "latestVersion": 1,
    "alwaysLatest": 0,
    "createTime": "2021-09-26T11:52:18.000Z",
    "lastUpdateTime": "2021-09-26T11:52:18.000Z",
    "auth": 2,
    "uid": "obd-otnTuHx-oEMAo-rKACzjS-T670l1g88",
    "publishedVersion": 0,
    "forkFrom": "-",
    "isSpam": 0,
    "version": 1,
    "parentVersion": -1,
    "echartsVersion": "5.2.1",
    "versionCreateTime": "2021-09-26T11:52:18.000Z",
    "html": "",
    "externalScripts": "",
    "updaterUID": "obd-otnTuHx-oEMAo-rKACzjS-T670l1g88",
    "theme": "",
    "layout": "",
    "viewCount": 0,
    "userName": "v***2",
    "commentCount": 0,
    "starCount": 2,
    "isStared": 0,
    "thumbnailURL": "https://www.makeapie.com/ecg-storage/ec_gallery_thumbnail/xewxyaEu0N.png?v=1632657138217",
    "isCustomThumbnail": 1,
    "builtinTags": [
        "category-work",
        "markLine",
        "series-funnel"
    ],
    "customTags": [
        "漏斗图"
    ],
    "updaterUserName": "v***2"
}