{
    "cid": "xhbQRMRslb",
    "authorUid": "obd-o0AP4HHW0jahxFS9LFYQ59p7xKysPFT",
    "authorUserName": "叼***嘴",
    "title": "类微信小程序后台展示柱状图",
    "description": "为实现需求，仿照微信小程序数据展示柱状图",
    "latestVersion": 1,
    "alwaysLatest": 0,
    "createTime": "2021-09-26T08:23:30.000Z",
    "lastUpdateTime": "2021-09-26T08:23:30.000Z",
    "auth": 2,
    "uid": "obd-o0AP4HHW0jahxFS9LFYQ59p7xKysPFT",
    "publishedVersion": 0,
    "forkFrom": "-",
    "isSpam": 0,
    "version": 1,
    "parentVersion": -1,
    "echartsVersion": "5.2.1",
    "versionCreateTime": "2021-09-26T08:23:30.000Z",
    "html": "",
    "externalScripts": "",
    "updaterUID": "obd-o0AP4HHW0jahxFS9LFYQ59p7xKysPFT",
    "theme": "",
    "layout": "",
    "viewCount": 0,
    "userName": "叼***嘴",
    "commentCount": 0,
    "starCount": 1,
    "isStared": 0,
    "thumbnailURL": "https://www.makeapie.com/ecg-storage/ec_gallery_thumbnail/xhbQRMRslb.png?v=1632644610328",
    "isCustomThumbnail": 0,
    "builtinTags": [
        "category-work",
        "dataset",
        "grid",
        "series-bar",
        "title",
        "tooltip"
    ],
    "customTags": [],
    "updaterUserName": "叼***嘴"
}