{
    "cid": "xHxIpYU4o3",
    "authorUid": "obd-ojpPDDTgr2EuNdSrDO-dcYmQylLTqDi",
    "authorUserName": "谢***s",
    "title": "动态环图",
    "description": "动态环图",
    "latestVersion": 1,
    "alwaysLatest": 0,
    "createTime": "2021-09-26T05:40:43.000Z",
    "lastUpdateTime": "2021-09-26T05:40:43.000Z",
    "auth": 1,
    "uid": "obd-ojpPDDTgr2EuNdSrDO-dcYmQylLTqDi",
    "publishedVersion": 0,
    "forkFrom": "-",
    "isSpam": 0,
    "version": 1,
    "parentVersion": -1,
    "echartsVersion": "5.2.1",
    "versionCreateTime": "2021-09-26T05:40:43.000Z",
    "html": "",
    "externalScripts": "",
    "updaterUID": "obd-ojpPDDTgr2EuNdSrDO-dcYmQylLTqDi",
    "theme": "",
    "layout": "",
    "viewCount": 0,
    "userName": "谢***s",
    "commentCount": 0,
    "starCount": 0,
    "isStared": 0,
    "thumbnailURL": "https://www.makeapie.com/ecg-storage/ec_gallery_thumbnail/xHxIpYU4o3.png?v=1632634844108",
    "isCustomThumbnail": 0,
    "builtinTags": [
        "category-work",
        "series-pie",
        "tooltip"
    ],
    "customTags": [],
    "updaterUserName": "谢***s"
}