{
    "cid": "xJmwzTf1ex",
    "authorUid": "obd-oM9bTBuyrOpFVAF7_7nlnIZcBjIYB2y",
    "authorUserName": "1***5",
    "title": "典型南格丁图",
    "description": "very nice",
    "latestVersion": 1,
    "alwaysLatest": 0,
    "createTime": "2021-09-26T09:25:24.000Z",
    "lastUpdateTime": "2021-09-26T09:25:24.000Z",
    "auth": 2,
    "uid": "obd-oM9bTBuyrOpFVAF7_7nlnIZcBjIYB2y",
    "publishedVersion": 0,
    "forkFrom": "-",
    "isSpam": 0,
    "version": 1,
    "parentVersion": -1,
    "echartsVersion": "5.2.1",
    "versionCreateTime": "2021-09-26T09:25:24.000Z",
    "html": "",
    "externalScripts": "",
    "updaterUID": "obd-oM9bTBuyrOpFVAF7_7nlnIZcBjIYB2y",
    "theme": "",
    "layout": "",
    "viewCount": 0,
    "userName": "1***5",
    "commentCount": 0,
    "starCount": 4,
    "isStared": 0,
    "thumbnailURL": "https://www.makeapie.com/ecg-storage/ec_gallery_thumbnail/xJmwzTf1ex.png?v=1632648324402",
    "isCustomThumbnail": 0,
    "builtinTags": [
        "category-work",
        "legend",
        "series-pie",
        "tooltip"
    ],
    "customTags": [],
    "updaterUserName": "1***5"
}