{
    "cid": "xJu-zTEvRr",
    "authorUid": "obd-olWAuczz2hhp4l01R6v2DITTOJ-i80L",
    "authorUserName": "阿***空",
    "title": "折线图和柱状图转换",
    "description": "",
    "latestVersion": 4,
    "alwaysLatest": 0,
    "createTime": "2021-09-26T02:52:00.000Z",
    "lastUpdateTime": "2021-09-26T03:02:11.000Z",
    "auth": 2,
    "uid": "obd-olWAuczz2hhp4l01R6v2DITTOJ-i80L",
    "publishedVersion": 0,
    "forkFrom": "-",
    "isSpam": 0,
    "version": 4,
    "parentVersion": 3,
    "echartsVersion": "5.0.1",
    "versionCreateTime": "2021-09-26T03:02:12.000Z",
    "html": "",
    "externalScripts": "",
    "updaterUID": "obd-olWAuczz2hhp4l01R6v2DITTOJ-i80L",
    "theme": "",
    "layout": "",
    "viewCount": 0,
    "userName": "阿***空",
    "commentCount": 0,
    "starCount": 1,
    "isStared": 0,
    "thumbnailURL": "https://www.makeapie.com/ecg-storage/ec_gallery_thumbnail/xJu-zTEvRr.png?v=1632625332070",
    "isCustomThumbnail": 0,
    "builtinTags": [
        "category-work",
        "dataZoom",
        "grid",
        "legend",
        "markLine",
        "markPoint",
        "series-line",
        "title",
        "toolbox",
        "tooltip"
    ],
    "customTags": [],
    "updaterUserName": "阿***空"
}