{
    "cid": "xmHRN6Pvxh",
    "authorUid": "bd-3797133147",
    "authorUserName": "专***年",
    "title": "练手",
    "description": "",
    "latestVersion": 19,
    "alwaysLatest": 0,
    "createTime": "2021-09-27T00:16:50.000Z",
    "lastUpdateTime": "2021-09-27T05:21:06.000Z",
    "auth": 2,
    "uid": "bd-3797133147",
    "publishedVersion": 0,
    "forkFrom": "-",
    "isSpam": 0,
    "version": 19,
    "parentVersion": 18,
    "echartsVersion": "5.2.1",
    "versionCreateTime": "2021-09-27T05:21:06.000Z",
    "html": "",
    "externalScripts": "",
    "updaterUID": "bd-3797133147",
    "theme": "",
    "layout": "",
    "viewCount": 0,
    "userName": "专***年",
    "commentCount": 0,
    "starCount": 4,
    "isStared": 0,
    "thumbnailURL": "https://www.makeapie.com/ecg-storage/ec_gallery_thumbnail/xmHRN6Pvxh.png?v=1632720066839",
    "isCustomThumbnail": 0,
    "builtinTags": [
        "category-work",
        "grid",
        "legend",
        "markLine",
        "series-bar",
        "series-line",
        "tooltip"
    ],
    "customTags": [],
    "updaterUserName": "专***年"
}