{
    "cid": "xTj8l_3ECq",
    "authorUid": "obd-oA75kdiSu5O4hwMDOLOsXMEyjvGrM7P",
    "authorUserName": "无***者",
    "title": "Awesome Chart",
    "description": "初始化图表",
    "latestVersion": 1,
    "alwaysLatest": 0,
    "createTime": "2021-09-26T09:24:09.000Z",
    "lastUpdateTime": "2021-09-26T09:24:09.000Z",
    "auth": 2,
    "uid": "obd-oA75kdiSu5O4hwMDOLOsXMEyjvGrM7P",
    "publishedVersion": 0,
    "forkFrom": "-",
    "isSpam": 0,
    "version": 1,
    "parentVersion": -1,
    "echartsVersion": "5.2.1",
    "versionCreateTime": "2021-09-26T09:24:09.000Z",
    "html": "",
    "externalScripts": "",
    "updaterUID": "obd-oA75kdiSu5O4hwMDOLOsXMEyjvGrM7P",
    "theme": "",
    "layout": "",
    "viewCount": 0,
    "userName": "无***者",
    "commentCount": 0,
    "starCount": 1,
    "isStared": 0,
    "thumbnailURL": "https://www.makeapie.com/ecg-storage/ec_gallery_thumbnail/xTj8l_3ECq.png?v=1632648249583",
    "isCustomThumbnail": 0,
    "builtinTags": [
        "category-work",
        "grid",
        "series-bar",
        "title"
    ],
    "customTags": [],
    "updaterUserName": "无***者"
}