{
    "cid": "xUv8Gn_KCY",
    "authorUid": "obd-oA0gZpK-ph-jkiphQSv3K9uvb2CU57Q",
    "authorUserName": "z***8",
    "title": "多彩渐变柱状图",
    "description": "",
    "latestVersion": 8,
    "alwaysLatest": 0,
    "createTime": "2021-09-27T01:10:03.000Z",
    "lastUpdateTime": "2021-09-27T03:24:41.000Z",
    "auth": 2,
    "uid": "obd-oA0gZpK-ph-jkiphQSv3K9uvb2CU57Q",
    "publishedVersion": 0,
    "forkFrom": "-",
    "isSpam": 0,
    "version": 8,
    "parentVersion": 7,
    "echartsVersion": "5.2.1",
    "versionCreateTime": "2021-09-27T03:24:41.000Z",
    "html": "",
    "externalScripts": "",
    "updaterUID": "obd-oA0gZpK-ph-jkiphQSv3K9uvb2CU57Q",
    "theme": "",
    "layout": "",
    "viewCount": 0,
    "userName": "z***8",
    "commentCount": 0,
    "starCount": 8,
    "isStared": 0,
    "thumbnailURL": "https://www.makeapie.com/ecg-storage/ec_gallery_thumbnail/xUv8Gn_KCY.png?v=1632713081488",
    "isCustomThumbnail": 0,
    "builtinTags": [
        "category-work",
        "grid",
        "series-bar",
        "title"
    ],
    "customTags": [
        "多彩"
    ],
    "updaterUserName": "z***8"
}