{
    "cid": "xv2-KQ3mXe",
    "authorUid": "bd-71012466",
    "authorUserName": "前***n",
    "title": "深色地图",
    "description": "深色地图",
    "latestVersion": 3,
    "alwaysLatest": 0,
    "createTime": "2021-09-26T07:11:41.000Z",
    "lastUpdateTime": "2021-09-26T07:53:05.000Z",
    "auth": 2,
    "uid": "bd-71012466",
    "publishedVersion": 0,
    "forkFrom": "-",
    "isSpam": 0,
    "version": 3,
    "parentVersion": 2,
    "echartsVersion": "5.2.1",
    "versionCreateTime": "2021-09-26T07:53:05.000Z",
    "html": "",
    "externalScripts": "http://api.map.baidu.com/api?v=2.0&ak=FxQ93kvTPGjRsAYwEkTHRDncpFIiBaud,https://cdn.jsdelivr.net/npm/echarts@5/dist/extension/bmap.min.js",
    "updaterUID": "bd-71012466",
    "theme": "",
    "layout": "",
    "viewCount": 0,
    "userName": "前***n",
    "commentCount": 0,
    "starCount": 3,
    "isStared": 0,
    "thumbnailURL": "https://www.makeapie.com/ecg-storage/ec_gallery_thumbnail/xv2-KQ3mXe.png?v=1632640302449",
    "isCustomThumbnail": 1,
    "builtinTags": [
        "category-work"
    ],
    "customTags": [],
    "updaterUserName": "前***n"
}