{
    "cid": "xv8FOoH3sc",
    "authorUid": "obd-oEOwrThfJPumWIAJ02lsZCGM-B2pc4h",
    "authorUserName": "河***骚",
    "title": "平平无奇的一个饼图",
    "description": "rt",
    "latestVersion": 1,
    "alwaysLatest": 0,
    "createTime": "2021-09-26T09:39:06.000Z",
    "lastUpdateTime": "2021-09-26T09:39:06.000Z",
    "auth": 2,
    "uid": "obd-oEOwrThfJPumWIAJ02lsZCGM-B2pc4h",
    "publishedVersion": 0,
    "forkFrom": "-",
    "isSpam": 0,
    "version": 1,
    "parentVersion": -1,
    "echartsVersion": "5.2.1",
    "versionCreateTime": "2021-09-26T09:39:06.000Z",
    "html": "",
    "externalScripts": "",
    "updaterUID": "obd-oEOwrThfJPumWIAJ02lsZCGM-B2pc4h",
    "theme": "",
    "layout": "",
    "viewCount": 0,
    "userName": "河***骚",
    "commentCount": 0,
    "starCount": 10,
    "isStared": 0,
    "thumbnailURL": "https://www.makeapie.com/ecg-storage/ec_gallery_thumbnail/xv8FOoH3sc.png?v=1632649146393",
    "isCustomThumbnail": 1,
    "builtinTags": [
        "category-work",
        "markPoint",
        "series-gauge",
        "series-pie",
        "title"
    ],
    "customTags": [],
    "updaterUserName": "河***骚"
}