{
    "cid": "xwIcUerAeZ",
    "authorUid": "obd-ojxkXXNZs2hF_SPrJr_SvPoc_cwH7ER",
    "authorUserName": "庄***圳",
    "title": "分段显示不同颜色",
    "description": "折线图分段显示不同颜色",
    "latestVersion": 1,
    "alwaysLatest": 0,
    "createTime": "2021-09-27T07:29:33.000Z",
    "lastUpdateTime": "2021-09-27T07:29:33.000Z",
    "auth": 2,
    "uid": "obd-ojxkXXNZs2hF_SPrJr_SvPoc_cwH7ER",
    "publishedVersion": 0,
    "forkFrom": "-",
    "isSpam": 0,
    "version": 1,
    "parentVersion": -1,
    "echartsVersion": "5.2.1",
    "versionCreateTime": "2021-09-27T07:29:33.000Z",
    "html": "",
    "externalScripts": "",
    "updaterUID": "obd-ojxkXXNZs2hF_SPrJr_SvPoc_cwH7ER",
    "theme": "",
    "layout": "",
    "viewCount": 0,
    "userName": "庄***圳",
    "commentCount": 0,
    "starCount": 2,
    "isStared": 0,
    "thumbnailURL": "https://www.makeapie.com/ecg-storage/ec_gallery_thumbnail/xwIcUerAeZ.png?v=1632727773370",
    "isCustomThumbnail": 0,
    "builtinTags": [
        "category-work",
        "grid",
        "series-line",
        "visualMap"
    ],
    "customTags": [],
    "updaterUserName": "庄***圳"
}