{
    "cid": "xBJ1yOCOE-",
    "authorUid": "bd-2215764494",
    "authorUserName": "p***g",
    "title": "修改自 丶灬豆奶 的 3D 地球飞线",
    "description": "原作品 http://gallery.echartsjs.com/editor.html?c=xryRlHd_NW",
    "latestVersion": 4,
    "alwaysLatest": 1,
    "createTime": "2017-07-04T08:54:47.000Z",
    "lastUpdateTime": "2017-07-04T08:55:04.000Z",
    "auth": 2,
    "uid": "bd-2215764494",
    "publishedVersion": 0,
    "forkFrom": "-",
    "isSpam": 0,
    "version": 4,
    "parentVersion": 3,
    "echartsVersion": "3.8.0",
    "versionCreateTime": "2017-12-06T07:53:25.000Z",
    "html": "",
    "externalScripts": "http://echarts.baidu.com/resource/echarts-gl-latest/dist/echarts-gl.min.js,/dep/echarts/map/js/world.js,/asset/get/s/data-1499132667476-ry7ZXuu4Z.js",
    "updaterUID": "bd-2215764494",
    "theme": "default",
    "layout": "",
    "viewCount": 8294,
    "userName": "p***g",
    "commentCount": 4,
    "starCount": 13,
    "isStared": 0,
    "thumbnailURL": "https://www.makeapie.com/ecg-storage/ec_gallery_thumbnail/xBJ1yOCOE-.png?v=1499158488775",
    "isCustomThumbnail": 1,
    "builtinTags": [
        "category-work",
        "globe",
        "series-lines3D"
    ],
    "customTags": [
        "echarts-gl"
    ],
    "updaterUserName": "p***g"
}