{
    "cid": "xBJ9FOD9N-",
    "authorUid": "bd-3393055403",
    "authorUserName": "HH_Yong",
    "title": "2个维度一个数值",
    "description": "",
    "latestVersion": 2,
    "alwaysLatest": 1,
    "createTime": "2017-07-05T13:24:18.000Z",
    "lastUpdateTime": "2017-07-05T13:24:18.000Z",
    "auth": 2,
    "uid": "bd-3393055403",
    "publishedVersion": 0,
    "forkFrom": "-",
    "isSpam": 0,
    "version": 2,
    "parentVersion": 1,
    "echartsVersion": "3.6.2",
    "versionCreateTime": "2017-07-05T13:24:44.000Z",
    "html": "",
    "externalScripts": "",
    "updaterUID": "bd-3393055403",
    "theme": "",
    "layout": "",
    "viewCount": 708,
    "userName": "HH_Yong",
    "commentCount": 0,
    "starCount": 0,
    "isStared": 0,
    "thumbnailURL": "https://www.makeapie.com/ecg-storage/ec_gallery_thumbnail/xBJ9FOD9N-.png?v=1499261084568",
    "isCustomThumbnail": 0,
    "builtinTags": [
        "category-work",
        "grid",
        "legend",
        "series-bar",
        "title",
        "tooltip"
    ],
    "customTags": [],
    "updaterUserName": "HH_Yong"
}