{
    "cid": "xBkyhntOEW",
    "authorUid": "bd-2215764494",
    "authorUserName": "p***g",
    "title": "成都市出租车运行轨迹图 - GL 版",
    "description": "修改自 http://gallery.echartsjs.com/editor.html?c=xr162SYdV-",
    "latestVersion": 7,
    "alwaysLatest": 1,
    "createTime": "2017-07-04T03:33:59.000Z",
    "lastUpdateTime": "2017-07-04T07:34:56.000Z",
    "auth": 2,
    "uid": "bd-2215764494",
    "publishedVersion": 2,
    "forkFrom": "-",
    "isSpam": 0,
    "version": 2,
    "parentVersion": 1,
    "echartsVersion": "3.6.2",
    "versionCreateTime": "2017-07-04T03:36:18.000Z",
    "html": "",
    "externalScripts": "http://echarts.baidu.com/resource/echarts-gl-latest/dist/echarts-gl.min.js,https://api.mapbox.com/mapbox-gl-js/v0.38.0/mapbox-gl.js",
    "updaterUID": "bd-2215764494",
    "theme": "default",
    "layout": "",
    "viewCount": 25740,
    "userName": "p***g",
    "commentCount": 5,
    "starCount": 23,
    "isStared": 0,
    "thumbnailURL": "https://www.makeapie.com/ecg-storage/ec_gallery_thumbnail/xBkyhntOEW.png?v=1499139401839",
    "isCustomThumbnail": 1,
    "builtinTags": [
        "category-work",
        "mapbox",
        "series-lines3D"
    ],
    "customTags": [
        "echarts-gl"
    ],
    "updaterUserName": "p***g"
}