{
    "cid": "xBy972KDNb",
    "authorUid": "bd-1212023602",
    "authorUserName": "美优ee",
    "title": "堆叠区域图数据筛选",
    "description": "本作品可以实现数据筛选，对于数据为0的不显示tooltip图例，可以指定，数值为0显示暂无数据",
    "latestVersion": 2,
    "alwaysLatest": 1,
    "createTime": "2017-07-03T09:19:29.000Z",
    "lastUpdateTime": "2017-07-03T09:19:29.000Z",
    "auth": 2,
    "uid": "bd-1212023602",
    "publishedVersion": 0,
    "forkFrom": "-",
    "isSpam": 0,
    "version": 2,
    "parentVersion": 1,
    "echartsVersion": "3.6.2",
    "versionCreateTime": "2017-07-03T09:20:06.000Z",
    "html": "",
    "externalScripts": "",
    "updaterUID": "bd-1212023602",
    "theme": "",
    "layout": "",
    "viewCount": 508,
    "userName": "美优ee",
    "commentCount": 0,
    "starCount": 1,
    "isStared": 0,
    "thumbnailURL": "https://www.makeapie.com/ecg-storage/ec_gallery_thumbnail/xBy972KDNb.png?v=1499073606491",
    "isCustomThumbnail": 0,
    "builtinTags": [
        "category-work",
        "grid",
        "legend",
        "series-line",
        "title",
        "toolbox",
        "tooltip"
    ],
    "customTags": [],
    "updaterUserName": "美优ee"
}