{
    "cid": "xH1L_QfcE-",
    "authorUid": "bd-2098078919",
    "authorUserName": "snowolf0712",
    "title": "2015年各省市小麦产量（不含港澳台）",
    "description": "数据来源于统计年鉴，单位：万吨，大地丰收制图",
    "latestVersion": 3,
    "alwaysLatest": 1,
    "createTime": "2017-07-05T07:21:17.000Z",
    "lastUpdateTime": "2017-07-05T07:21:17.000Z",
    "auth": 2,
    "uid": "bd-2098078919",
    "publishedVersion": 0,
    "forkFrom": "-",
    "isSpam": 0,
    "version": 3,
    "parentVersion": 2,
    "echartsVersion": "3.6.2",
    "versionCreateTime": "2017-07-05T08:12:50.000Z",
    "html": "",
    "externalScripts": "/dep/echarts/map/js/china.js",
    "updaterUID": "bd-2098078919",
    "theme": "",
    "layout": "",
    "viewCount": 2776,
    "userName": "snowolf0712",
    "commentCount": 0,
    "starCount": 5,
    "isStared": 0,
    "thumbnailURL": "https://www.makeapie.com/ecg-storage/ec_gallery_thumbnail/xH1L_QfcE-.png?v=1499242370363",
    "isCustomThumbnail": 0,
    "builtinTags": [
        "category-work",
        "series-map",
        "title",
        "toolbox",
        "tooltip",
        "visualMap"
    ],
    "customTags": [],
    "updaterUserName": "snowolf0712"
}