{
    "cid": "xHJQPGBz4b",
    "authorUid": "bd-900618179",
    "authorUserName": "御***r",
    "title": "各类销量分布情况",
    "description": "世界，国家 ，地区分布都一样，只是引入的第三方脚本不一样，还有需要修改一些配置项。",
    "latestVersion": 1,
    "alwaysLatest": 1,
    "createTime": "2017-06-29T09:03:23.000Z",
    "lastUpdateTime": "2017-06-29T09:03:23.000Z",
    "auth": 2,
    "uid": "bd-900618179",
    "publishedVersion": 0,
    "forkFrom": "-",
    "isSpam": 0,
    "version": 1,
    "parentVersion": -1,
    "echartsVersion": "3.6.2",
    "versionCreateTime": "2017-06-29T09:03:23.000Z",
    "html": "",
    "externalScripts": "/dep/echarts/map/js/world.js",
    "updaterUID": "bd-900618179",
    "theme": "",
    "layout": "",
    "viewCount": 4663,
    "userName": "御***r",
    "commentCount": 0,
    "starCount": 9,
    "isStared": 0,
    "thumbnailURL": "https://www.makeapie.com/ecg-storage/ec_gallery_thumbnail/xHJQPGBz4b.png?v=1498727003453",
    "isCustomThumbnail": 0,
    "builtinTags": [
        "category-work",
        "legend",
        "series-map",
        "title",
        "toolbox",
        "tooltip",
        "visualMap"
    ],
    "customTags": [],
    "updaterUserName": "御***r"
}