{
    "cid": "xHkofxmXEb",
    "authorUid": "bd-3423954353",
    "authorUserName": "枫***子",
    "title": "Sankey Diagram",
    "description": "",
    "latestVersion": 2,
    "alwaysLatest": 1,
    "createTime": "2017-06-30T00:49:22.000Z",
    "lastUpdateTime": "2017-06-30T00:49:22.000Z",
    "auth": 2,
    "uid": "bd-3423954353",
    "publishedVersion": 0,
    "forkFrom": "-",
    "isSpam": 0,
    "version": 2,
    "parentVersion": 1,
    "echartsVersion": "3.6.2",
    "versionCreateTime": "2017-06-30T02:46:23.000Z",
    "html": "",
    "externalScripts": "",
    "updaterUID": "bd-3423954353",
    "theme": "",
    "layout": "",
    "viewCount": 936,
    "userName": "枫***子",
    "commentCount": 0,
    "starCount": 0,
    "isStared": 0,
    "thumbnailURL": "https://www.makeapie.com/ecg-storage/ec_gallery_thumbnail/xHkofxmXEb.png?v=1498790783792",
    "isCustomThumbnail": 0,
    "builtinTags": [
        "category-work",
        "series-sankey",
        "title",
        "tooltip"
    ],
    "customTags": [],
    "updaterUserName": "枫***子"
}