{
    "cid": "xHyuJJzc4-",
    "authorUid": "bd-2452479794",
    "authorUserName": "凌风111234",
    "title": "\nGlobeLand30各大洲建设用地面积变化率",
    "description": "",
    "latestVersion": 1,
    "alwaysLatest": 1,
    "createTime": "2017-07-05T07:01:51.000Z",
    "lastUpdateTime": "2017-07-05T07:01:51.000Z",
    "auth": 2,
    "uid": "bd-2452479794",
    "publishedVersion": 0,
    "forkFrom": "-",
    "isSpam": 0,
    "version": 1,
    "parentVersion": -1,
    "echartsVersion": "3.6.2",
    "versionCreateTime": "2017-07-05T07:01:51.000Z",
    "html": "",
    "externalScripts": "/asset/get/s/data-1493974188662-SkB222t1-.js",
    "updaterUID": "bd-2452479794",
    "theme": "",
    "layout": "",
    "viewCount": 969,
    "userName": "凌风111234",
    "commentCount": 0,
    "starCount": 0,
    "isStared": 0,
    "thumbnailURL": "https://www.makeapie.com/ecg-storage/ec_gallery_thumbnail/xHyuJJzc4-.png?v=1499238111801",
    "isCustomThumbnail": 0,
    "builtinTags": [
        "category-work",
        "geo",
        "series-pie",
        "title",
        "toolbox",
        "tooltip",
        "visualMap"
    ],
    "customTags": [],
    "updaterUserName": "凌风111234"
}