{
    "cid": "xrkpXkdPNW",
    "authorUid": "bd-3056387051",
    "authorUserName": "丶***奶",
    "title": "百度地图渲染微博点亮数据",
    "description": "使用WebGL渲染海量数据",
    "latestVersion": 1,
    "alwaysLatest": 1,
    "createTime": "2017-07-03T07:15:49.000Z",
    "lastUpdateTime": "2017-07-03T07:15:49.000Z",
    "auth": 2,
    "uid": "bd-3056387051",
    "publishedVersion": 0,
    "forkFrom": "-",
    "isSpam": 0,
    "version": 1,
    "parentVersion": -1,
    "echartsVersion": "3.6.2",
    "versionCreateTime": "2017-07-03T07:15:49.000Z",
    "html": "",
    "externalScripts": "http://api.map.baidu.com/api?v=2.0&ak=b3Q0klvQQrd2yiROv2KAkwTsLz2EqV69,http://echarts.baidu.com/resource/echarts-gl-latest/dist/echarts-gl.min.js,/dep/echarts/latest/extension/bmap.min.js",
    "updaterUID": "bd-3056387051",
    "theme": "",
    "layout": "",
    "viewCount": 1253,
    "userName": "丶***奶",
    "commentCount": 0,
    "starCount": 0,
    "isStared": 0,
    "thumbnailURL": "https://www.makeapie.com/ecg-storage/ec_gallery_thumbnail/xrkpXkdPNW.png?v=1499066150270",
    "isCustomThumbnail": 1,
    "builtinTags": [
        "category-work"
    ],
    "customTags": [
        "WebGL"
    ],
    "updaterUserName": "丶***奶"
}