{
    "cid": "xry8g-yYEZ",
    "authorUid": "bd-2452479794",
    "authorUserName": "凌风111234",
    "title": "全球纬向水分布",
    "description": "",
    "latestVersion": 1,
    "alwaysLatest": 1,
    "createTime": "2017-07-04T09:33:33.000Z",
    "lastUpdateTime": "2017-07-04T09:33:33.000Z",
    "auth": 2,
    "uid": "bd-2452479794",
    "publishedVersion": 0,
    "forkFrom": "-",
    "isSpam": 0,
    "version": 1,
    "parentVersion": -1,
    "echartsVersion": "3.6.2",
    "versionCreateTime": "2017-07-04T09:33:33.000Z",
    "html": "",
    "externalScripts": "",
    "updaterUID": "bd-2452479794",
    "theme": "",
    "layout": "",
    "viewCount": 119,
    "userName": "凌风111234",
    "commentCount": 0,
    "starCount": 1,
    "isStared": 0,
    "thumbnailURL": "https://www.makeapie.com/ecg-storage/ec_gallery_thumbnail/xry8g-yYEZ.png?v=1499160813768",
    "isCustomThumbnail": 0,
    "builtinTags": [
        "category-work",
        "grid",
        "legend",
        "series-line",
        "title",
        "tooltip"
    ],
    "customTags": [],
    "updaterUserName": "凌风111234"
}