{
    "cid": "xryYRuv_4W",
    "authorUid": "bd-2098078919",
    "authorUserName": "snowolf0712",
    "title": "2015年31个省市猪肉产量（不含港澳台）",
    "description": "数据来源于统计年鉴，单位：万吨，大地丰收制图",
    "latestVersion": 2,
    "alwaysLatest": 1,
    "createTime": "2017-07-04T01:01:04.000Z",
    "lastUpdateTime": "2017-07-04T01:01:04.000Z",
    "auth": 2,
    "uid": "bd-2098078919",
    "publishedVersion": 0,
    "forkFrom": "-",
    "isSpam": 0,
    "version": 2,
    "parentVersion": 1,
    "echartsVersion": "3.7.1",
    "versionCreateTime": "2017-09-18T12:32:09.000Z",
    "html": "",
    "externalScripts": "/dep/echarts/map/js/china.js,http://echarts.baidu.com/resource/echarts-gl-latest/dist/echarts-gl.min.js",
    "updaterUID": "bd-2098078919",
    "theme": "",
    "layout": "",
    "viewCount": 620,
    "userName": "snowolf0712",
    "commentCount": 0,
    "starCount": 1,
    "isStared": 0,
    "thumbnailURL": "https://www.makeapie.com/ecg-storage/ec_gallery_thumbnail/xryYRuv_4W.png?v=1505737930076",
    "isCustomThumbnail": 0,
    "builtinTags": [
        "category-work",
        "series-map",
        "title",
        "toolbox",
        "tooltip",
        "visualMap"
    ],
    "customTags": [],
    "updaterUserName": "snowolf0712"
}