{
    "cid": "xS1rRXEzVb",
    "authorUid": "bd-2248422495",
    "authorUserName": "云端有天堂",
    "title": "11",
    "description": "111",
    "latestVersion": 1,
    "alwaysLatest": 1,
    "createTime": "2017-06-29T08:01:17.000Z",
    "lastUpdateTime": "2017-06-29T08:01:17.000Z",
    "auth": 2,
    "uid": "bd-2248422495",
    "publishedVersion": 0,
    "forkFrom": "-",
    "isSpam": 0,
    "version": 1,
    "parentVersion": -1,
    "echartsVersion": "3.6.2",
    "versionCreateTime": "2017-06-29T08:01:17.000Z",
    "html": "",
    "externalScripts": "",
    "updaterUID": "bd-2248422495",
    "theme": "",
    "layout": "",
    "viewCount": 132,
    "userName": "云端有天堂",
    "commentCount": 0,
    "starCount": 1,
    "isStared": 0,
    "thumbnailURL": "https://www.makeapie.com/ecg-storage/ec_gallery_thumbnail/xS1rRXEzVb.png?v=1498723277532",
    "isCustomThumbnail": 0,
    "builtinTags": [
        "category-work",
        "grid",
        "series-bar"
    ],
    "customTags": [],
    "updaterUserName": "云端有天堂"
}