{
    "cid": "xSygyb9wVb",
    "authorUid": "bd-2131774980",
    "authorUserName": "最后的霜",
    "title": "eChart演示-->快速排序<--过程",
    "description": "",
    "latestVersion": 2,
    "alwaysLatest": 1,
    "createTime": "2017-07-03T09:39:36.000Z",
    "lastUpdateTime": "2017-07-03T09:39:36.000Z",
    "auth": 2,
    "uid": "bd-2131774980",
    "publishedVersion": 0,
    "forkFrom": "-",
    "isSpam": 0,
    "version": 2,
    "parentVersion": 1,
    "echartsVersion": "3.6.2",
    "versionCreateTime": "2017-07-03T09:50:26.000Z",
    "html": "",
    "externalScripts": "",
    "updaterUID": "bd-2131774980",
    "theme": "macarons",
    "layout": "",
    "viewCount": 14790,
    "userName": "最后的霜",
    "commentCount": 1,
    "starCount": 20,
    "isStared": 0,
    "thumbnailURL": "https://www.makeapie.com/ecg-storage/ec_gallery_thumbnail/xSygyb9wVb.png?v=1499075426594",
    "isCustomThumbnail": 0,
    "builtinTags": [
        "category-work",
        "grid",
        "legend",
        "series-bar",
        "timeline",
        "title"
    ],
    "customTags": [],
    "updaterUserName": "最后的霜"
}