{
    "cid": "xSyh5M8zNb",
    "authorUid": "bd-1864516252",
    "authorUserName": "W还没睡醒",
    "title": "中国+印度",
    "description": "",
    "latestVersion": 2,
    "alwaysLatest": 1,
    "createTime": "2017-06-29T10:12:35.000Z",
    "lastUpdateTime": "2017-06-29T10:12:35.000Z",
    "auth": 2,
    "uid": "bd-1864516252",
    "publishedVersion": 0,
    "forkFrom": "-",
    "isSpam": 0,
    "version": 2,
    "parentVersion": 1,
    "echartsVersion": "3.6.2",
    "versionCreateTime": "2017-07-01T03:55:06.000Z",
    "html": "",
    "externalScripts": "",
    "updaterUID": "bd-1864516252",
    "theme": "",
    "layout": "",
    "viewCount": 679,
    "userName": "W还没睡醒",
    "commentCount": 3,
    "starCount": 2,
    "isStared": 0,
    "thumbnailURL": "https://www.makeapie.com/ecg-storage/ec_gallery_thumbnail/xSyh5M8zNb.png?v=1498881306987",
    "isCustomThumbnail": 0,
    "builtinTags": [
        "category-work",
        "series-map",
        "tooltip"
    ],
    "customTags": [],
    "updaterUserName": "W还没睡醒"
}