{
    "cid": "xaHmB4v718",
    "authorUid": "bd-2588117573",
    "authorUserName": "阳***末",
    "title": "2020年度（令和2年度）元岡交流ひろば　活動の記録（対面）",
    "description": "",
    "latestVersion": 2,
    "alwaysLatest": 0,
    "createTime": "2021-06-04T14:56:01.000Z",
    "lastUpdateTime": "2021-06-04T14:56:01.000Z",
    "auth": 2,
    "uid": "bd-2588117573",
    "publishedVersion": 0,
    "forkFrom": "-",
    "isSpam": 0,
    "version": 2,
    "parentVersion": 1,
    "echartsVersion": "5.1.1",
    "versionCreateTime": "2021-06-04T14:56:17.000Z",
    "html": "",
    "externalScripts": "",
    "updaterUID": "bd-2588117573",
    "theme": "",
    "layout": "",
    "viewCount": 0,
    "userName": "阳***末",
    "commentCount": 0,
    "starCount": 3,
    "isStared": 0,
    "thumbnailURL": "https://www.makeapie.com/ecg-storage/ec_gallery_thumbnail/xaHmB4v718.png?v=1622818577295",
    "isCustomThumbnail": 0,
    "builtinTags": [
        "category-work",
        "dataZoom",
        "grid",
        "legend",
        "markPoint",
        "series-line",
        "title",
        "toolbox",
        "tooltip"
    ],
    "customTags": [],
    "updaterUserName": "阳***末"
}