{
    "cid": "xcLRrijYNR",
    "authorUid": "obd-oCXtyz0xOcP6EqG0lH2aL9xyfMkRj3G",
    "authorUserName": "玉***s",
    "title": "",
    "description": "",
    "latestVersion": 1,
    "alwaysLatest": 0,
    "createTime": "2021-06-04T10:20:46.000Z",
    "lastUpdateTime": "2021-06-04T10:20:46.000Z",
    "auth": 1,
    "uid": "obd-oCXtyz0xOcP6EqG0lH2aL9xyfMkRj3G",
    "publishedVersion": 0,
    "forkFrom": "-",
    "isSpam": 0,
    "version": 1,
    "parentVersion": -1,
    "echartsVersion": "5.1.1",
    "versionCreateTime": "2021-06-04T10:20:46.000Z",
    "html": "",
    "externalScripts": "",
    "updaterUID": "obd-oCXtyz0xOcP6EqG0lH2aL9xyfMkRj3G",
    "theme": "",
    "layout": "",
    "viewCount": 0,
    "userName": "玉***s",
    "commentCount": 0,
    "starCount": 0,
    "isStared": 0,
    "thumbnailURL": "https://www.makeapie.com/ecg-storage/ec_gallery_thumbnail/xcLRrijYNR.png?v=1622802046531",
    "isCustomThumbnail": 0,
    "builtinTags": [
        "category-work",
        "grid",
        "legend",
        "series-bar",
        "series-line",
        "series-pictorialBar"
    ],
    "customTags": [],
    "updaterUserName": "玉***s"
}