{
    "cid": "xGC7rv0334",
    "authorUid": "obd-oFOGLkc-pHw4MjCqGm9-M0i9piwIp5q",
    "authorUserName": "红***x",
    "title": "固定资产投资平均处理效应(%)",
    "description": "",
    "latestVersion": 1,
    "alwaysLatest": 0,
    "createTime": "2021-06-06T11:33:01.000Z",
    "lastUpdateTime": "2021-06-06T11:33:01.000Z",
    "auth": 2,
    "uid": "obd-oFOGLkc-pHw4MjCqGm9-M0i9piwIp5q",
    "publishedVersion": 0,
    "forkFrom": "-",
    "isSpam": 0,
    "version": 1,
    "parentVersion": -1,
    "echartsVersion": "5.1.1",
    "versionCreateTime": "2021-06-06T11:33:01.000Z",
    "html": "",
    "externalScripts": "",
    "updaterUID": "obd-oFOGLkc-pHw4MjCqGm9-M0i9piwIp5q",
    "theme": "",
    "layout": "",
    "viewCount": 0,
    "userName": "红***x",
    "commentCount": 0,
    "starCount": 2,
    "isStared": 0,
    "thumbnailURL": "https://www.makeapie.com/ecg-storage/ec_gallery_thumbnail/xGC7rv0334.png?v=1622979182077",
    "isCustomThumbnail": 0,
    "builtinTags": [
        "category-work",
        "series-map",
        "title",
        "toolbox",
        "tooltip",
        "visualMap"
    ],
    "customTags": [],
    "updaterUserName": "红***x"
}