{
    "cid": "xIdOKyc1pu",
    "authorUid": "obd-olIl50Ng1n9XuBeB0CMFHxX6V-rYM0M",
    "authorUserName": "185*****126",
    "title": "多颜色状态图",
    "description": "",
    "latestVersion": 4,
    "alwaysLatest": 1,
    "createTime": "2021-06-04T07:43:59.000Z",
    "lastUpdateTime": "2021-06-04T07:45:18.000Z",
    "auth": 2,
    "uid": "obd-olIl50Ng1n9XuBeB0CMFHxX6V-rYM0M",
    "publishedVersion": 0,
    "forkFrom": "-",
    "isSpam": 0,
    "version": 4,
    "parentVersion": 3,
    "echartsVersion": "5.1.1",
    "versionCreateTime": "2021-06-04T07:48:43.000Z",
    "html": "",
    "externalScripts": "",
    "updaterUID": "obd-olIl50Ng1n9XuBeB0CMFHxX6V-rYM0M",
    "theme": "default",
    "layout": "",
    "viewCount": 0,
    "userName": "185*****126",
    "commentCount": 0,
    "starCount": 0,
    "isStared": 0,
    "thumbnailURL": "https://www.makeapie.com/ecg-storage/ec_gallery_thumbnail/xIdOKyc1pu.png?v=1622792924041",
    "isCustomThumbnail": 0,
    "builtinTags": [
        "category-work",
        "grid",
        "series-scatter",
        "tooltip"
    ],
    "customTags": [],
    "updaterUserName": "185*****126"
}