{
    "cid": "xJlbKWCDWV",
    "authorUid": "obd-o0EPn-U-tzXLx6OLVHZWgxYNMA9gCFM",
    "authorUserName": "王***e",
    "title": "渐变柱状图+虚线指向",
    "description": "柱状图添加markLine指向",
    "latestVersion": 2,
    "alwaysLatest": 0,
    "createTime": "2021-06-04T03:07:07.000Z",
    "lastUpdateTime": "2021-06-04T03:07:07.000Z",
    "auth": 2,
    "uid": "obd-o0EPn-U-tzXLx6OLVHZWgxYNMA9gCFM",
    "publishedVersion": 0,
    "forkFrom": "-",
    "isSpam": 0,
    "version": 2,
    "parentVersion": 1,
    "echartsVersion": "5.1.1",
    "versionCreateTime": "2021-06-04T03:14:07.000Z",
    "html": "",
    "externalScripts": "",
    "updaterUID": "obd-o0EPn-U-tzXLx6OLVHZWgxYNMA9gCFM",
    "theme": "",
    "layout": "",
    "viewCount": 0,
    "userName": "王***e",
    "commentCount": 0,
    "starCount": 0,
    "isStared": 0,
    "thumbnailURL": "https://www.makeapie.com/ecg-storage/ec_gallery_thumbnail/xJlbKWCDWV.png?v=1622776447545",
    "isCustomThumbnail": 0,
    "builtinTags": [
        "category-work",
        "grid",
        "markLine",
        "series-bar",
        "tooltip"
    ],
    "customTags": [],
    "updaterUserName": "王***e"
}