{
    "cid": "xnkxJi_7J5",
    "authorUid": "obd-o-He_rlu8MGIgFNZUktrDyKlAyNNiAh",
    "authorUserName": "爱***波",
    "title": "地图数据轮播展示及鼠标事件控制",
    "description": "轮播展示行政区域内各个点的数据，当鼠标进入时停止轮播，离开时接着轮播。",
    "latestVersion": 5,
    "alwaysLatest": 0,
    "createTime": "2021-06-04T02:52:12.000Z",
    "lastUpdateTime": "2021-06-04T02:52:12.000Z",
    "auth": 2,
    "uid": "obd-o-He_rlu8MGIgFNZUktrDyKlAyNNiAh",
    "publishedVersion": 0,
    "forkFrom": "-",
    "isSpam": 0,
    "version": 5,
    "parentVersion": 2,
    "echartsVersion": "4.9.0",
    "versionCreateTime": "2021-06-10T08:23:42.000Z",
    "html": "",
    "externalScripts": "",
    "updaterUID": "obd-o-He_rlu8MGIgFNZUktrDyKlAyNNiAh",
    "theme": "",
    "layout": "",
    "viewCount": 0,
    "userName": "爱***波",
    "commentCount": 0,
    "starCount": 2,
    "isStared": 0,
    "thumbnailURL": "https://www.makeapie.com/ecg-storage/ec_gallery_thumbnail/xnkxJi_7J5.png?v=1623313422501",
    "isCustomThumbnail": 0,
    "builtinTags": [
        "category-work",
        "legend",
        "markPoint",
        "series-map",
        "tooltip"
    ],
    "customTags": [],
    "updaterUserName": "爱***波"
}