{
    "cid": "xpKe6tctoA",
    "authorUid": "obd-o0EPn-U-tzXLx6OLVHZWgxYNMA9gCFM",
    "authorUserName": "王***e",
    "title": "渐变环状图",
    "description": "渐变环状图",
    "latestVersion": 1,
    "alwaysLatest": 0,
    "createTime": "2021-06-07T01:54:03.000Z",
    "lastUpdateTime": "2021-06-07T01:54:03.000Z",
    "auth": 2,
    "uid": "obd-o0EPn-U-tzXLx6OLVHZWgxYNMA9gCFM",
    "publishedVersion": 0,
    "forkFrom": "-",
    "isSpam": 0,
    "version": 1,
    "parentVersion": -1,
    "echartsVersion": "5.1.1",
    "versionCreateTime": "2021-06-07T01:54:03.000Z",
    "html": "",
    "externalScripts": "",
    "updaterUID": "obd-o0EPn-U-tzXLx6OLVHZWgxYNMA9gCFM",
    "theme": "",
    "layout": "",
    "viewCount": 0,
    "userName": "王***e",
    "commentCount": 0,
    "starCount": 0,
    "isStared": 0,
    "thumbnailURL": "https://www.makeapie.com/ecg-storage/ec_gallery_thumbnail/xpKe6tctoA.png?v=1623030843205",
    "isCustomThumbnail": 0,
    "builtinTags": [
        "category-work",
        "series-pie",
        "tooltip"
    ],
    "customTags": [],
    "updaterUserName": "王***e"
}