{
    "cid": "x08gNxOWCS",
    "authorUid": "bd-3154588958",
    "authorUserName": "m***1",
    "title": "",
    "description": "",
    "latestVersion": 1,
    "alwaysLatest": 1,
    "createTime": "2019-04-15T13:39:15.000Z",
    "lastUpdateTime": "2019-04-15T13:39:15.000Z",
    "auth": 2,
    "uid": "bd-3154588958",
    "publishedVersion": 0,
    "forkFrom": "-",
    "isSpam": 0,
    "version": 1,
    "parentVersion": -1,
    "echartsVersion": "4.2.1",
    "versionCreateTime": "2019-04-15T13:39:15.000Z",
    "html": "",
    "externalScripts": "",
    "updaterUID": "bd-3154588958",
    "theme": "",
    "layout": "",
    "viewCount": 14778,
    "userName": "m***1",
    "commentCount": 1,
    "starCount": 58,
    "isStared": 0,
    "thumbnailURL": "https://www.makeapie.com/ecg-storage/ec_gallery_thumbnail/x08gNxOWCS.png?v=1555335556070",
    "isCustomThumbnail": 0,
    "builtinTags": [
        "category-work",
        "series-graph",
        "tooltip"
    ],
    "customTags": [],
    "updaterUserName": "m***1"
}