{
    "cid": "x0x74bKnyw",
    "authorUid": "bd-1362249287",
    "authorUserName": "x***爵",
    "title": "伪成品拓扑单节点拖拽互不影响",
    "description": "该demo主要实现单节点能拖拽互不影响的拓扑图，在本地是可以实现的，这里不知道是不是版本导致的，另外需要自己更改图片路径，欢迎修改\n相关博客地址：https://blog.csdn.net/u012138137/article/details/89456199",
    "latestVersion": 28,
    "alwaysLatest": 1,
    "createTime": "2019-04-26T02:54:19.000Z",
    "lastUpdateTime": "2019-04-26T02:54:19.000Z",
    "auth": 1,
    "uid": "bd-1362249287",
    "publishedVersion": 0,
    "forkFrom": "-",
    "isSpam": 0,
    "version": 28,
    "parentVersion": 27,
    "echartsVersion": "4.8.0",
    "versionCreateTime": "2021-02-19T04:44:34.000Z",
    "html": "",
    "externalScripts": "",
    "updaterUID": "bd-1947010463",
    "theme": "",
    "layout": "",
    "viewCount": 9307,
    "userName": "x***爵",
    "commentCount": 5,
    "starCount": 32,
    "isStared": 0,
    "thumbnailURL": "https://www.makeapie.com/ecg-storage/ec_gallery_thumbnail/x0x74bKnyw.png?v=1613709875072",
    "isCustomThumbnail": 0,
    "builtinTags": [
        "category-work",
        "grid",
        "series-graph",
        "series-lines",
        "title",
        "tooltip"
    ],
    "customTags": [
        "拖拽"
    ],
    "updaterUserName": "畅***园"
}