{
    "cid": "x4snrWXFGe",
    "authorUid": "bd-1317263948",
    "authorUserName": "全***果",
    "title": "地图geojson数据的实时获取与应用",
    "description": "结合高德地图API，获取实时geoJson数据,    并提供json文件以及项目源码下载",
    "latestVersion": 1,
    "alwaysLatest": 1,
    "createTime": "2019-04-22T17:09:52.000Z",
    "lastUpdateTime": "2019-04-22T17:09:52.000Z",
    "auth": 2,
    "uid": "bd-1317263948",
    "publishedVersion": 0,
    "forkFrom": "-",
    "isSpam": 0,
    "version": 1,
    "parentVersion": -1,
    "echartsVersion": "4.2.1",
    "versionCreateTime": "2019-04-22T17:09:52.000Z",
    "html": "",
    "externalScripts": "https://webapi.amap.com/maps?v=1.4.11&key=35a871e5905ecfd749bd998448b9cd03,https://webapi.amap.com/maps?v=1.4.11&key=35a871e5905ecfd749bd998448b9cd03&plugin=AMap.DistrictSearch,https://webapi.amap.com/ui/1.0/main.js?v=1.0.11",
    "updaterUID": "bd-1317263948",
    "theme": "",
    "layout": "",
    "viewCount": 19326,
    "userName": "全***果",
    "commentCount": 5,
    "starCount": 52,
    "isStared": 0,
    "thumbnailURL": "https://www.makeapie.com/ecg-storage/ec_gallery_thumbnail/x4snrWXFGe.png?v=1555952993209",
    "isCustomThumbnail": 1,
    "builtinTags": [
        "category-work",
        "series-map",
        "visualMap"
    ],
    "customTags": [],
    "updaterUserName": "全***果"
}