{
    "cid": "x55KeX0qFo",
    "authorUid": "bd-101897118",
    "authorUserName": "q***e",
    "title": "圆环图带图标",
    "description": "",
    "latestVersion": 5,
    "alwaysLatest": 1,
    "createTime": "2019-04-30T04:29:27.000Z",
    "lastUpdateTime": "2021-09-01T07:39:40.000Z",
    "auth": 2,
    "uid": "bd-101897118",
    "publishedVersion": 0,
    "forkFrom": "-",
    "isSpam": 0,
    "version": 5,
    "parentVersion": 4,
    "echartsVersion": "5.2.0",
    "versionCreateTime": "2021-09-01T07:39:40.000Z",
    "html": "",
    "externalScripts": "",
    "updaterUID": "bd-101897118",
    "theme": "",
    "layout": "",
    "viewCount": 8891,
    "userName": "q***e",
    "commentCount": 2,
    "starCount": 46,
    "isStared": 0,
    "thumbnailURL": "https://www.makeapie.com/ecg-storage/ec_gallery_thumbnail/x55KeX0qFo.png?v=1630481980824",
    "isCustomThumbnail": 0,
    "builtinTags": [
        "category-work",
        "series-pie",
        "title"
    ],
    "customTags": [],
    "updaterUserName": "q***e"
}