{
    "cid": "x8a1h_vuSU",
    "authorUid": "bd-3653270493",
    "authorUserName": "冬***e",
    "title": "张三的朋友和他朋友的朋友",
    "description": "",
    "latestVersion": 1,
    "alwaysLatest": 1,
    "createTime": "2019-03-04T07:20:53.000Z",
    "lastUpdateTime": "2019-03-04T07:20:53.000Z",
    "auth": 2,
    "uid": "bd-3653270493",
    "publishedVersion": 0,
    "forkFrom": "-",
    "isSpam": 0,
    "version": 1,
    "parentVersion": -1,
    "echartsVersion": "4.2.1",
    "versionCreateTime": "2019-03-04T07:20:53.000Z",
    "html": "",
    "externalScripts": "",
    "updaterUID": "bd-3653270493",
    "theme": "",
    "layout": "",
    "viewCount": 15210,
    "userName": "冬***e",
    "commentCount": 7,
    "starCount": 38,
    "isStared": 0,
    "thumbnailURL": "https://www.makeapie.com/ecg-storage/ec_gallery_thumbnail/x8a1h_vuSU.png?v=1551684053872",
    "isCustomThumbnail": 0,
    "builtinTags": [
        "category-work",
        "legend",
        "series-graph",
        "title",
        "tooltip"
    ],
    "customTags": [],
    "updaterUserName": "冬***e"
}