{
    "cid": "x_2HiyllXb",
    "authorUid": "bd-3729916033",
    "authorUserName": "霁月流光下",
    "title": "象形柱图",
    "description": "",
    "latestVersion": 5,
    "alwaysLatest": 1,
    "createTime": "2019-03-19T06:44:30.000Z",
    "lastUpdateTime": "2019-03-19T06:44:30.000Z",
    "auth": 2,
    "uid": "bd-3729916033",
    "publishedVersion": 0,
    "forkFrom": "-",
    "isSpam": 0,
    "version": 5,
    "parentVersion": 4,
    "echartsVersion": "4.2.1",
    "versionCreateTime": "2019-03-19T07:44:17.000Z",
    "html": "",
    "externalScripts": "",
    "updaterUID": "bd-3729916033",
    "theme": "",
    "layout": "",
    "viewCount": 7592,
    "userName": "霁月流光下",
    "commentCount": 0,
    "starCount": 57,
    "isStared": 0,
    "thumbnailURL": "https://www.makeapie.com/ecg-storage/ec_gallery_thumbnail/x_2HiyllXb.png?v=1552981457674",
    "isCustomThumbnail": 0,
    "builtinTags": [
        "category-work",
        "grid",
        "series-pictorialBar",
        "tooltip"
    ],
    "customTags": [],
    "updaterUserName": "霁月流光下"
}