{
    "cid": "xAm5sMms36",
    "authorUid": "bd-1681259629",
    "authorUserName": "残***1",
    "title": "柱状",
    "description": "",
    "latestVersion": 4,
    "alwaysLatest": 1,
    "createTime": "2019-04-23T07:03:03.000Z",
    "lastUpdateTime": "2019-04-23T07:03:03.000Z",
    "auth": 2,
    "uid": "bd-1681259629",
    "publishedVersion": 0,
    "forkFrom": "-",
    "isSpam": 0,
    "version": 4,
    "parentVersion": 3,
    "echartsVersion": "4.2.1",
    "versionCreateTime": "2019-04-23T07:13:32.000Z",
    "html": "",
    "externalScripts": "",
    "updaterUID": "bd-1681259629",
    "theme": "",
    "layout": "",
    "viewCount": 10646,
    "userName": "残***1",
    "commentCount": 0,
    "starCount": 56,
    "isStared": 0,
    "thumbnailURL": "https://www.makeapie.com/ecg-storage/ec_gallery_thumbnail/xAm5sMms36.png?v=1556003613043",
    "isCustomThumbnail": 0,
    "builtinTags": [
        "category-work",
        "grid",
        "legend",
        "series-bar",
        "tooltip"
    ],
    "customTags": [],
    "updaterUserName": "残***1"
}