{
    "cid": "xcgVVS-RWx",
    "authorUid": "bd-2341513011",
    "authorUserName": "k***雪",
    "title": "24",
    "description": "沥青工",
    "latestVersion": 1,
    "alwaysLatest": 1,
    "createTime": "2019-03-22T10:49:24.000Z",
    "lastUpdateTime": "2019-03-22T10:49:24.000Z",
    "auth": 2,
    "uid": "bd-2341513011",
    "publishedVersion": 0,
    "forkFrom": "-",
    "isSpam": 0,
    "version": 1,
    "parentVersion": -1,
    "echartsVersion": "4.2.1",
    "versionCreateTime": "2019-03-22T10:49:24.000Z",
    "html": "",
    "externalScripts": "",
    "updaterUID": "bd-2341513011",
    "theme": "",
    "layout": "",
    "viewCount": 11923,
    "userName": "k***雪",
    "commentCount": 0,
    "starCount": 58,
    "isStared": 0,
    "thumbnailURL": "https://www.makeapie.com/ecg-storage/ec_gallery_thumbnail/xcgVVS-RWx.png?v=1553251765039",
    "isCustomThumbnail": 0,
    "builtinTags": [
        "category-work",
        "legend",
        "series-pie",
        "title"
    ],
    "customTags": [],
    "updaterUserName": "k***雪"
}