{
    "cid": "xfQHKpD-Nv",
    "authorUid": "bd-4179640802",
    "authorUserName": "四***8",
    "title": "圆环进度条",
    "description": "",
    "latestVersion": 4,
    "alwaysLatest": 1,
    "createTime": "2019-05-10T06:15:42.000Z",
    "lastUpdateTime": "2019-05-10T06:15:42.000Z",
    "auth": 2,
    "uid": "bd-4179640802",
    "publishedVersion": 0,
    "forkFrom": "-",
    "isSpam": 0,
    "version": 4,
    "parentVersion": 3,
    "echartsVersion": "4.2.1",
    "versionCreateTime": "2019-09-11T02:35:01.000Z",
    "html": "",
    "externalScripts": "",
    "updaterUID": "bd-4179640802",
    "theme": "",
    "layout": "",
    "viewCount": 15138,
    "userName": "四***8",
    "commentCount": 1,
    "starCount": 43,
    "isStared": 0,
    "thumbnailURL": "https://www.makeapie.com/ecg-storage/ec_gallery_thumbnail/xfQHKpD-Nv.png?v=1568169301088",
    "isCustomThumbnail": 0,
    "builtinTags": [
        "category-work",
        "series-pie",
        "title"
    ],
    "customTags": [],
    "updaterUserName": "四***8"
}