{
    "cid": "xgH-H4fcpY",
    "authorUid": "bd-3996849279",
    "authorUserName": "N***1",
    "title": "进度条",
    "description": "",
    "latestVersion": 6,
    "alwaysLatest": 1,
    "createTime": "2019-05-10T02:55:49.000Z",
    "lastUpdateTime": "2019-05-10T02:55:49.000Z",
    "auth": 2,
    "uid": "bd-3996849279",
    "publishedVersion": 0,
    "forkFrom": "-",
    "isSpam": 0,
    "version": 6,
    "parentVersion": 5,
    "echartsVersion": "4.2.1",
    "versionCreateTime": "2019-05-30T05:49:49.000Z",
    "html": "",
    "externalScripts": "",
    "updaterUID": "bd-3996849279",
    "theme": "",
    "layout": "",
    "viewCount": 9334,
    "userName": "N***1",
    "commentCount": 0,
    "starCount": 37,
    "isStared": 0,
    "thumbnailURL": "https://www.makeapie.com/ecg-storage/ec_gallery_thumbnail/xgH-H4fcpY.png?v=1559195390023",
    "isCustomThumbnail": 0,
    "builtinTags": [
        "category-work",
        "grid",
        "series-bar"
    ],
    "customTags": [],
    "updaterUserName": "N***1"
}