{
    "cid": "xIsttTbpSh",
    "authorUid": "bd-4233866569",
    "authorUserName": "e***g",
    "title": "坐席电话统计",
    "description": "统计坐席电话呼入呼出量，滚动条双折线",
    "latestVersion": 1,
    "alwaysLatest": 1,
    "createTime": "2019-04-10T03:49:31.000Z",
    "lastUpdateTime": "2019-04-10T03:49:31.000Z",
    "auth": 2,
    "uid": "bd-4233866569",
    "publishedVersion": 0,
    "forkFrom": "-",
    "isSpam": 0,
    "version": 1,
    "parentVersion": -1,
    "echartsVersion": "4.2.1",
    "versionCreateTime": "2019-04-10T03:49:31.000Z",
    "html": "",
    "externalScripts": "",
    "updaterUID": "bd-4233866569",
    "theme": "",
    "layout": "",
    "viewCount": 8869,
    "userName": "e***g",
    "commentCount": 0,
    "starCount": 34,
    "isStared": 0,
    "thumbnailURL": "https://www.makeapie.com/ecg-storage/ec_gallery_thumbnail/xIsttTbpSh.png?v=1554868171888",
    "isCustomThumbnail": 0,
    "builtinTags": [
        "category-work",
        "dataZoom",
        "grid",
        "legend",
        "series-line",
        "title",
        "tooltip"
    ],
    "customTags": [],
    "updaterUserName": "e***g"
}