{
    "cid": "xKQ9NRjxy5",
    "authorUid": "bd-1499308274",
    "authorUserName": "安***贡",
    "title": "力导向拓扑图",
    "description": "力导向图",
    "latestVersion": 2,
    "alwaysLatest": 1,
    "createTime": "2019-01-21T07:10:33.000Z",
    "lastUpdateTime": "2019-01-21T07:10:33.000Z",
    "auth": 2,
    "uid": "bd-1499308274",
    "publishedVersion": 0,
    "forkFrom": "-",
    "isSpam": 0,
    "version": 2,
    "parentVersion": 1,
    "echartsVersion": "4.2.1",
    "versionCreateTime": "2019-02-28T07:44:00.000Z",
    "html": "",
    "externalScripts": "",
    "updaterUID": "bd-1499308274",
    "theme": "",
    "layout": "",
    "viewCount": 15778,
    "userName": "安***贡",
    "commentCount": 12,
    "starCount": 59,
    "isStared": 0,
    "thumbnailURL": "https://www.makeapie.com/ecg-storage/ec_gallery_thumbnail/xKQ9NRjxy5.png?v=1551339840137",
    "isCustomThumbnail": 0,
    "builtinTags": [
        "category-work",
        "series-graph",
        "title",
        "tooltip"
    ],
    "customTags": [],
    "updaterUserName": "安***贡"
}