{
    "cid": "xR6euDFntb",
    "authorUid": "bd-4198494328",
    "authorUserName": "十纪al",
    "title": "数据采集",
    "description": "",
    "latestVersion": 4,
    "alwaysLatest": 1,
    "createTime": "2019-05-05T08:54:41.000Z",
    "lastUpdateTime": "2019-05-05T08:54:41.000Z",
    "auth": 2,
    "uid": "bd-4198494328",
    "publishedVersion": 0,
    "forkFrom": "-",
    "isSpam": 0,
    "version": 4,
    "parentVersion": 3,
    "echartsVersion": "4.2.1",
    "versionCreateTime": "2019-05-06T07:10:55.000Z",
    "html": "",
    "externalScripts": "",
    "updaterUID": "bd-4198494328",
    "theme": "dark",
    "layout": "",
    "viewCount": 16212,
    "userName": "十纪al",
    "commentCount": 0,
    "starCount": 32,
    "isStared": 0,
    "thumbnailURL": "https://www.makeapie.com/ecg-storage/ec_gallery_thumbnail/xR6euDFntb.png?v=1557126655573",
    "isCustomThumbnail": 0,
    "builtinTags": [
        "category-work",
        "legend",
        "series-pie",
        "title",
        "tooltip"
    ],
    "customTags": [],
    "updaterUserName": "十纪al"
}