{
    "cid": "x-gUBP6xiH",
    "authorUid": "obd-o2SaVZ-cvP7zJfGmr9kgcph2k8Tju6R",
    "authorUserName": "166******64",
    "title": "",
    "description": "",
    "latestVersion": 8,
    "alwaysLatest": 0,
    "createTime": "2022-01-08T09:13:40.000Z",
    "lastUpdateTime": "2022-01-10T07:41:39.000Z",
    "auth": 2,
    "uid": "obd-o2SaVZ-cvP7zJfGmr9kgcph2k8Tju6R",
    "publishedVersion": 0,
    "forkFrom": "-",
    "isSpam": 0,
    "version": 8,
    "parentVersion": 7,
    "echartsVersion": "4.9.0",
    "versionCreateTime": "2022-01-10T07:41:39.000Z",
    "html": "",
    "externalScripts": "",
    "updaterUID": "obd-o2SaVZ-cvP7zJfGmr9kgcph2k8Tju6R",
    "theme": "",
    "layout": "",
    "viewCount": 0,
    "userName": "166******64",
    "commentCount": 0,
    "starCount": 0,
    "isStared": 0,
    "thumbnailURL": "https://www.makeapie.com/ecg-storage/ec_gallery_thumbnail/x-gUBP6xiH.png?v=1641800499240",
    "isCustomThumbnail": 0,
    "builtinTags": [
        "category-work",
        "legend",
        "series-pie",
        "tooltip"
    ],
    "customTags": [],
    "updaterUserName": "166******64"
}