{
    "cid": "x03NJLhD3i",
    "authorUid": "obd-oN327cUKkKfJcwwxltpA5zvuAX-JmCf",
    "authorUserName": "南***6",
    "title": "椭圆柱状图",
    "description": "椭圆柱状图",
    "latestVersion": 1,
    "alwaysLatest": 0,
    "createTime": "2022-01-07T08:49:50.000Z",
    "lastUpdateTime": "2022-01-07T08:49:50.000Z",
    "auth": 1,
    "uid": "obd-oN327cUKkKfJcwwxltpA5zvuAX-JmCf",
    "publishedVersion": 0,
    "forkFrom": "-",
    "isSpam": 0,
    "version": 1,
    "parentVersion": -1,
    "echartsVersion": "5.2.2",
    "versionCreateTime": "2022-01-07T08:49:50.000Z",
    "html": "",
    "externalScripts": "",
    "updaterUID": "obd-oN327cUKkKfJcwwxltpA5zvuAX-JmCf",
    "theme": "",
    "layout": "",
    "viewCount": 0,
    "userName": "南***6",
    "commentCount": 0,
    "starCount": 0,
    "isStared": 0,
    "thumbnailURL": "https://www.makeapie.com/ecg-storage/ec_gallery_thumbnail/x03NJLhD3i.png?v=1641545390645",
    "isCustomThumbnail": 0,
    "builtinTags": [
        "category-work",
        "grid",
        "series-bar",
        "series-pictorialBar",
        "tooltip"
    ],
    "customTags": [],
    "updaterUserName": "南***6"
}