{
    "cid": "x0X4XuKc2V",
    "authorUid": "obd-o-sC5Z-8bYGrXiWn5CABYM4BwrPD7AA",
    "authorUserName": "S***a",
    "title": "现金获取能力demo",
    "description": "",
    "latestVersion": 3,
    "alwaysLatest": 0,
    "createTime": "2022-01-08T10:33:28.000Z",
    "lastUpdateTime": "2022-01-14T01:23:07.000Z",
    "auth": 2,
    "uid": "obd-o-sC5Z-8bYGrXiWn5CABYM4BwrPD7AA",
    "publishedVersion": 0,
    "forkFrom": "-",
    "isSpam": 0,
    "version": 3,
    "parentVersion": 2,
    "echartsVersion": "5.2.2",
    "versionCreateTime": "2022-01-14T01:23:07.000Z",
    "html": "",
    "externalScripts": "",
    "updaterUID": "obd-o-sC5Z-8bYGrXiWn5CABYM4BwrPD7AA",
    "theme": "",
    "layout": "",
    "viewCount": 0,
    "userName": "S***a",
    "commentCount": 0,
    "starCount": 0,
    "isStared": 0,
    "thumbnailURL": "https://www.makeapie.com/ecg-storage/ec_gallery_thumbnail/x0X4XuKc2V.png?v=1642123387208",
    "isCustomThumbnail": 0,
    "builtinTags": [
        "category-work",
        "grid",
        "series-pictorialBar"
    ],
    "customTags": [],
    "updaterUserName": "S***a"
}