{
    "cid": "x_VIXWc3dz",
    "authorUid": "bd-1157800540",
    "authorUserName": "s***1",
    "title": "退款金额",
    "description": "",
    "latestVersion": 1,
    "alwaysLatest": 0,
    "createTime": "2022-01-09T04:54:29.000Z",
    "lastUpdateTime": "2022-01-09T04:54:29.000Z",
    "auth": 2,
    "uid": "bd-1157800540",
    "publishedVersion": 0,
    "forkFrom": "-",
    "isSpam": 0,
    "version": 1,
    "parentVersion": -1,
    "echartsVersion": "5.2.2",
    "versionCreateTime": "2022-01-09T04:54:29.000Z",
    "html": "",
    "externalScripts": "",
    "updaterUID": "bd-1157800540",
    "theme": "",
    "layout": "",
    "viewCount": 0,
    "userName": "s***1",
    "commentCount": 0,
    "starCount": 0,
    "isStared": 0,
    "thumbnailURL": "https://www.makeapie.com/ecg-storage/ec_gallery_thumbnail/x_VIXWc3dz.png?v=1641704069417",
    "isCustomThumbnail": 0,
    "builtinTags": [
        "category-work",
        "grid",
        "legend",
        "series-bar",
        "tooltip"
    ],
    "customTags": [],
    "updaterUserName": "s***1"
}