{
    "cid": "xaNMaxVeIM",
    "authorUid": "obd-o2SaVZ-cvP7zJfGmr9kgcph2k8Tju6R",
    "authorUserName": "166******64",
    "title": "",
    "description": "",
    "latestVersion": 2,
    "alwaysLatest": 0,
    "createTime": "2022-01-08T05:33:15.000Z",
    "lastUpdateTime": "2022-01-08T08:47:35.000Z",
    "auth": 2,
    "uid": "obd-o2SaVZ-cvP7zJfGmr9kgcph2k8Tju6R",
    "publishedVersion": 0,
    "forkFrom": "-",
    "isSpam": 0,
    "version": 2,
    "parentVersion": 1,
    "echartsVersion": "5.2.2",
    "versionCreateTime": "2022-01-08T08:47:35.000Z",
    "html": "",
    "externalScripts": "",
    "updaterUID": "obd-o2SaVZ-cvP7zJfGmr9kgcph2k8Tju6R",
    "theme": "",
    "layout": "",
    "viewCount": 0,
    "userName": "166******64",
    "commentCount": 0,
    "starCount": 0,
    "isStared": 0,
    "thumbnailURL": "https://www.makeapie.com/ecg-storage/ec_gallery_thumbnail/xaNMaxVeIM.png?v=1641631655730",
    "isCustomThumbnail": 0,
    "builtinTags": [
        "category-work",
        "grid",
        "legend",
        "series-line",
        "tooltip"
    ],
    "customTags": [],
    "updaterUserName": "166******64"
}