{
    "cid": "xfFzb5TKTK",
    "authorUid": "obd-oAYF8lntnC9jEXPXkzLG1es6QKPD17y",
    "authorUserName": "鱼***6",
    "title": "多X轴",
    "description": "",
    "latestVersion": 1,
    "alwaysLatest": 0,
    "createTime": "2022-01-08T06:15:51.000Z",
    "lastUpdateTime": "2022-01-08T06:15:51.000Z",
    "auth": 2,
    "uid": "obd-oAYF8lntnC9jEXPXkzLG1es6QKPD17y",
    "publishedVersion": 0,
    "forkFrom": "-",
    "isSpam": 0,
    "version": 1,
    "parentVersion": -1,
    "echartsVersion": "5.2.2",
    "versionCreateTime": "2022-01-08T06:15:51.000Z",
    "html": "",
    "externalScripts": "",
    "updaterUID": "obd-oAYF8lntnC9jEXPXkzLG1es6QKPD17y",
    "theme": "",
    "layout": "",
    "viewCount": 0,
    "userName": "鱼***6",
    "commentCount": 0,
    "starCount": 0,
    "isStared": 0,
    "thumbnailURL": "https://www.makeapie.com/ecg-storage/ec_gallery_thumbnail/xfFzb5TKTK.png?v=1641622551955",
    "isCustomThumbnail": 0,
    "builtinTags": [
        "category-work",
        "grid",
        "legend",
        "series-line",
        "tooltip"
    ],
    "customTags": [],
    "updaterUserName": "鱼***6"
}