{
    "cid": "xHRfIuMqcN",
    "authorUid": "obd-o-6S8d0eJw6Pc3GW1rgYuU54gexNDAm",
    "authorUserName": "源***3",
    "title": "圆形雷达图",
    "description": "",
    "latestVersion": 1,
    "alwaysLatest": 0,
    "createTime": "2022-01-10T07:03:35.000Z",
    "lastUpdateTime": "2022-01-10T07:03:35.000Z",
    "auth": 2,
    "uid": "obd-o-6S8d0eJw6Pc3GW1rgYuU54gexNDAm",
    "publishedVersion": 0,
    "forkFrom": "-",
    "isSpam": 0,
    "version": 1,
    "parentVersion": -1,
    "echartsVersion": "5.2.2",
    "versionCreateTime": "2022-01-10T07:03:35.000Z",
    "html": "",
    "externalScripts": "",
    "updaterUID": "obd-o-6S8d0eJw6Pc3GW1rgYuU54gexNDAm",
    "theme": "",
    "layout": "",
    "viewCount": 0,
    "userName": "源***3",
    "commentCount": 0,
    "starCount": 0,
    "isStared": 0,
    "thumbnailURL": "https://www.makeapie.com/ecg-storage/ec_gallery_thumbnail/xHRfIuMqcN.png?v=1641798215726",
    "isCustomThumbnail": 0,
    "builtinTags": [
        "category-work",
        "radar",
        "series-radar",
        "tooltip"
    ],
    "customTags": [],
    "updaterUserName": "源***3"
}