{
    "cid": "xUzAc_Uu9w",
    "authorUid": "obd-o2tLhbYnOqERGa1YoPhP0N-Uqvfwi6t",
    "authorUserName": "X***1",
    "title": "日历坐标系与饼图的结合",
    "description": "日历坐标系与饼图的结合使用",
    "latestVersion": 1,
    "alwaysLatest": 0,
    "createTime": "2022-01-09T07:58:26.000Z",
    "lastUpdateTime": "2022-01-09T07:58:26.000Z",
    "auth": 2,
    "uid": "obd-o2tLhbYnOqERGa1YoPhP0N-Uqvfwi6t",
    "publishedVersion": 0,
    "forkFrom": "-",
    "isSpam": 0,
    "version": 1,
    "parentVersion": -1,
    "echartsVersion": "5.2.2",
    "versionCreateTime": "2022-01-09T07:58:26.000Z",
    "html": "",
    "externalScripts": "",
    "updaterUID": "obd-o2tLhbYnOqERGa1YoPhP0N-Uqvfwi6t",
    "theme": "",
    "layout": "",
    "viewCount": 0,
    "userName": "X***1",
    "commentCount": 0,
    "starCount": 1,
    "isStared": 0,
    "thumbnailURL": "https://www.makeapie.com/ecg-storage/ec_gallery_thumbnail/xUzAc_Uu9w.png?v=1641715106766",
    "isCustomThumbnail": 0,
    "builtinTags": [
        "calendar",
        "category-work",
        "legend",
        "series-pie",
        "series-scatter",
        "tooltip"
    ],
    "customTags": [],
    "updaterUserName": "X***1"
}