{
    "cid": "xV2FmNSmxb",
    "authorUid": "obd-ol7lKxK-eIyyttjOnmyLAeEw1yrmZ0F",
    "authorUserName": "s***a",
    "title": "2021年中国大润发门店全品类千元销量",
    "description": "",
    "latestVersion": 6,
    "alwaysLatest": 0,
    "createTime": "2022-01-07T04:45:31.000Z",
    "lastUpdateTime": "2022-01-11T05:01:37.000Z",
    "auth": 2,
    "uid": "obd-ol7lKxK-eIyyttjOnmyLAeEw1yrmZ0F",
    "publishedVersion": 0,
    "forkFrom": "-",
    "isSpam": 0,
    "version": 6,
    "parentVersion": 5,
    "echartsVersion": "5.2.2",
    "versionCreateTime": "2022-01-11T05:01:37.000Z",
    "html": "",
    "externalScripts": "",
    "updaterUID": "obd-ol7lKxK-eIyyttjOnmyLAeEw1yrmZ0F",
    "theme": "",
    "layout": "",
    "viewCount": 0,
    "userName": "s***a",
    "commentCount": 0,
    "starCount": 0,
    "isStared": 0,
    "thumbnailURL": "https://www.makeapie.com/ecg-storage/ec_gallery_thumbnail/xV2FmNSmxb.png?v=1641877297287",
    "isCustomThumbnail": 0,
    "builtinTags": [
        "category-work",
        "geo",
        "legend",
        "series-map",
        "series-scatter",
        "title",
        "toolbox",
        "tooltip",
        "visualMap"
    ],
    "customTags": [],
    "updaterUserName": "s***a"
}