{
    "cid": "xXqvdpY4dS",
    "authorUid": "obd-oDlFu0LaRHqW6lHVBWSORgPH3cdu_13",
    "authorUserName": "w***5",
    "title": "vip成长值",
    "description": "",
    "latestVersion": 3,
    "alwaysLatest": 0,
    "createTime": "2022-01-07T03:18:51.000Z",
    "lastUpdateTime": "2022-01-07T06:41:56.000Z",
    "auth": 2,
    "uid": "obd-oDlFu0LaRHqW6lHVBWSORgPH3cdu_13",
    "publishedVersion": 0,
    "forkFrom": "-",
    "isSpam": 0,
    "version": 3,
    "parentVersion": 2,
    "echartsVersion": "5.2.2",
    "versionCreateTime": "2022-01-07T06:41:56.000Z",
    "html": "",
    "externalScripts": "",
    "updaterUID": "obd-oDlFu0LaRHqW6lHVBWSORgPH3cdu_13",
    "theme": "",
    "layout": "",
    "viewCount": 0,
    "userName": "w***5",
    "commentCount": 0,
    "starCount": 0,
    "isStared": 0,
    "thumbnailURL": "https://www.makeapie.com/ecg-storage/ec_gallery_thumbnail/xXqvdpY4dS.png?v=1641537716893",
    "isCustomThumbnail": 0,
    "builtinTags": [
        "category-work",
        "series-gauge"
    ],
    "customTags": [],
    "updaterUserName": "w***5"
}