{
    "cid": "x0gTuz3h-y",
    "authorUid": "bd-3676951086",
    "authorUserName": "缘***m",
    "title": "graph原点坐标",
    "description": "",
    "latestVersion": 2,
    "alwaysLatest": 1,
    "createTime": "2020-06-02T11:22:18.000Z",
    "lastUpdateTime": "2020-06-02T11:22:18.000Z",
    "auth": 2,
    "uid": "bd-3676951086",
    "publishedVersion": 0,
    "forkFrom": "-",
    "isSpam": 0,
    "version": 2,
    "parentVersion": 1,
    "echartsVersion": "4.8.0",
    "versionCreateTime": "2021-02-18T10:28:39.000Z",
    "html": "",
    "externalScripts": "",
    "updaterUID": "bd-3676951086",
    "theme": "",
    "layout": "",
    "viewCount": 481,
    "userName": "缘***m",
    "commentCount": 0,
    "starCount": 4,
    "isStared": 0,
    "thumbnailURL": "https://www.makeapie.com/ecg-storage/ec_gallery_thumbnail/x0gTuz3h-y.png?v=1613644119596",
    "isCustomThumbnail": 0,
    "builtinTags": [
        "category-work",
        "grid",
        "series-graph",
        "tooltip"
    ],
    "customTags": [],
    "updaterUserName": "缘***m"
}