{
    "cid": "x4V65bTOV8",
    "authorUid": "bd-2461361090",
    "authorUserName": "鍙***0",
    "title": "到达晚点率吧最高top5",
    "description": "",
    "latestVersion": 1,
    "alwaysLatest": 1,
    "createTime": "2020-06-03T13:30:14.000Z",
    "lastUpdateTime": "2020-06-03T13:30:14.000Z",
    "auth": 2,
    "uid": "bd-2461361090",
    "publishedVersion": 0,
    "forkFrom": "-",
    "isSpam": 0,
    "version": 1,
    "parentVersion": -1,
    "echartsVersion": "4.8.0",
    "versionCreateTime": "2020-06-03T13:30:14.000Z",
    "html": "",
    "externalScripts": "",
    "updaterUID": "bd-2461361090",
    "theme": "",
    "layout": "",
    "viewCount": 531,
    "userName": "鍙***0",
    "commentCount": 0,
    "starCount": 2,
    "isStared": 0,
    "thumbnailURL": "https://www.makeapie.com/ecg-storage/ec_gallery_thumbnail/x4V65bTOV8.png?v=1591191014759",
    "isCustomThumbnail": 0,
    "builtinTags": [
        "category-work",
        "grid",
        "series-bar"
    ],
    "customTags": [],
    "updaterUserName": "鍙***0"
}