{
    "cid": "xc-gV1rSoE",
    "authorUid": "bd-2187909297",
    "authorUserName": "王***5",
    "title": "垃圾月进厂量",
    "description": "",
    "latestVersion": 2,
    "alwaysLatest": 1,
    "createTime": "2020-06-03T03:12:36.000Z",
    "lastUpdateTime": "2020-06-03T03:12:36.000Z",
    "auth": 2,
    "uid": "bd-2187909297",
    "publishedVersion": 0,
    "forkFrom": "-",
    "isSpam": 0,
    "version": 2,
    "parentVersion": 1,
    "echartsVersion": "4.8.0",
    "versionCreateTime": "2020-06-03T03:13:11.000Z",
    "html": "",
    "externalScripts": "",
    "updaterUID": "bd-2187909297",
    "theme": "",
    "layout": "",
    "viewCount": 82,
    "userName": "王***5",
    "commentCount": 0,
    "starCount": 0,
    "isStared": 0,
    "thumbnailURL": "https://www.makeapie.com/ecg-storage/ec_gallery_thumbnail/xc-gV1rSoE.png?v=1591153991290",
    "isCustomThumbnail": 0,
    "builtinTags": [
        "category-work",
        "grid",
        "legend",
        "series-bar",
        "title"
    ],
    "customTags": [],
    "updaterUserName": "王***5"
}