{
    "cid": "xdCScHuJ6E",
    "authorUid": "bd-1681947106",
    "authorUserName": "待***9",
    "title": "风向风速图",
    "description": "显示时间段内风速和风向数据，根据风向显示不同的图标",
    "latestVersion": 3,
    "alwaysLatest": 1,
    "createTime": "2020-06-03T08:47:17.000Z",
    "lastUpdateTime": "2020-06-03T09:29:40.000Z",
    "auth": 2,
    "uid": "bd-1681947106",
    "publishedVersion": 0,
    "forkFrom": "-",
    "isSpam": 0,
    "version": 3,
    "parentVersion": 2,
    "echartsVersion": "4.8.0",
    "versionCreateTime": "2020-06-03T09:29:55.000Z",
    "html": "",
    "externalScripts": "",
    "updaterUID": "bd-1681947106",
    "theme": "default",
    "layout": "",
    "viewCount": 2143,
    "userName": "待***9",
    "commentCount": 0,
    "starCount": 12,
    "isStared": 0,
    "thumbnailURL": "https://www.makeapie.com/ecg-storage/ec_gallery_thumbnail/xdCScHuJ6E.png?v=1591176595758",
    "isCustomThumbnail": 0,
    "builtinTags": [
        "category-work",
        "grid",
        "series-line",
        "tooltip"
    ],
    "customTags": [],
    "updaterUserName": "待***9"
}