{
    "cid": "xncu4lsRCz",
    "authorUid": "bd-2461361090",
    "authorUserName": "鍙***0",
    "title": "全国各省客运作业站点数统计",
    "description": "",
    "latestVersion": 1,
    "alwaysLatest": 1,
    "createTime": "2020-06-04T08:08:00.000Z",
    "lastUpdateTime": "2020-06-04T08:08:00.000Z",
    "auth": 2,
    "uid": "bd-2461361090",
    "publishedVersion": 0,
    "forkFrom": "-",
    "isSpam": 0,
    "version": 1,
    "parentVersion": -1,
    "echartsVersion": "4.8.0",
    "versionCreateTime": "2020-06-04T08:08:00.000Z",
    "html": "",
    "externalScripts": "",
    "updaterUID": "bd-2461361090",
    "theme": "",
    "layout": "",
    "viewCount": 199,
    "userName": "鍙***0",
    "commentCount": 0,
    "starCount": 0,
    "isStared": 0,
    "thumbnailURL": "https://www.makeapie.com/ecg-storage/ec_gallery_thumbnail/xncu4lsRCz.png?v=1591258080592",
    "isCustomThumbnail": 0,
    "builtinTags": [
        "category-work",
        "graphic",
        "series-pie",
        "title",
        "toolbox",
        "tooltip"
    ],
    "customTags": [],
    "updaterUserName": "鍙***0"
}