{
    "cid": "xP0QaJue3u",
    "authorUid": "obd-o2SdpZN1eaEtHTNpUkN3xwCMyPaQmBO",
    "authorUserName": "前***师",
    "title": "仪表盘速度",
    "description": "汽车仪表盘样式",
    "latestVersion": 1,
    "alwaysLatest": 1,
    "createTime": "2020-06-04T00:46:39.000Z",
    "lastUpdateTime": "2020-06-04T00:46:39.000Z",
    "auth": 1,
    "uid": "obd-o2SdpZN1eaEtHTNpUkN3xwCMyPaQmBO",
    "publishedVersion": 0,
    "forkFrom": "-",
    "isSpam": 0,
    "version": 1,
    "parentVersion": -1,
    "echartsVersion": "4.8.0",
    "versionCreateTime": "2020-06-04T00:46:39.000Z",
    "html": "",
    "externalScripts": "",
    "updaterUID": "obd-o2SdpZN1eaEtHTNpUkN3xwCMyPaQmBO",
    "theme": "",
    "layout": "",
    "viewCount": 610,
    "userName": "前***师",
    "commentCount": 0,
    "starCount": 4,
    "isStared": 0,
    "thumbnailURL": "https://www.makeapie.com/ecg-storage/ec_gallery_thumbnail/xP0QaJue3u.png?v=1591231599398",
    "isCustomThumbnail": 0,
    "builtinTags": [
        "category-work",
        "series-gauge",
        "title",
        "tooltip"
    ],
    "customTags": [],
    "updaterUserName": "前***师"
}