{
    "cid": "xQcMxx--kJ",
    "authorUid": "bd-3796128407",
    "authorUserName": "王***响",
    "title": "商务配色-占比分析",
    "description": "",
    "latestVersion": 2,
    "alwaysLatest": 1,
    "createTime": "2020-06-04T07:53:47.000Z",
    "lastUpdateTime": "2020-06-04T07:53:47.000Z",
    "auth": 2,
    "uid": "bd-3796128407",
    "publishedVersion": 0,
    "forkFrom": "-",
    "isSpam": 0,
    "version": 2,
    "parentVersion": 1,
    "echartsVersion": "4.8.0",
    "versionCreateTime": "2020-06-04T07:55:10.000Z",
    "html": "",
    "externalScripts": "",
    "updaterUID": "bd-3796128407",
    "theme": "",
    "layout": "",
    "viewCount": 267,
    "userName": "王***响",
    "commentCount": 0,
    "starCount": 1,
    "isStared": 0,
    "thumbnailURL": "https://www.makeapie.com/ecg-storage/ec_gallery_thumbnail/xQcMxx--kJ.png?v=1591257228485",
    "isCustomThumbnail": 1,
    "builtinTags": [
        "category-work",
        "legend",
        "series-pie",
        "title"
    ],
    "customTags": [],
    "updaterUserName": "王***响"
}