{
    "cid": "xqNVtDhYz8",
    "authorUid": "bd-1627449234",
    "authorUserName": "l***w",
    "title": "虚构疫情状况 练习",
    "description": "",
    "latestVersion": 3,
    "alwaysLatest": 1,
    "createTime": "2020-06-04T06:48:57.000Z",
    "lastUpdateTime": "2020-06-04T06:48:57.000Z",
    "auth": 2,
    "uid": "bd-1627449234",
    "publishedVersion": 0,
    "forkFrom": "-",
    "isSpam": 0,
    "version": 3,
    "parentVersion": 2,
    "echartsVersion": "4.8.0",
    "versionCreateTime": "2020-06-04T10:06:39.000Z",
    "html": "",
    "externalScripts": "/asset/get/s/data-1591252907761-po2vasjs3.js",
    "updaterUID": "bd-1627449234",
    "theme": "",
    "layout": "",
    "viewCount": 1193,
    "userName": "l***w",
    "commentCount": 0,
    "starCount": 2,
    "isStared": 0,
    "thumbnailURL": "https://www.makeapie.com/ecg-storage/ec_gallery_thumbnail/xqNVtDhYz8.png?v=1591265199842",
    "isCustomThumbnail": 0,
    "builtinTags": [
        "brush",
        "category-work",
        "geo",
        "grid",
        "legend",
        "series-bar",
        "series-effectScatter",
        "series-heatmap",
        "series-scatter",
        "title",
        "toolbox",
        "tooltip",
        "visualMap"
    ],
    "customTags": [],
    "updaterUserName": "l***w"
}