{
    "cid": "xS_kQu6JKR",
    "authorUid": "obd-otzTysutbzk8Wgn6hNV-jB01rvMqi8z",
    "authorUserName": "l***i",
    "title": "test",
    "description": "",
    "latestVersion": 6,
    "alwaysLatest": 1,
    "createTime": "2020-06-04T08:06:54.000Z",
    "lastUpdateTime": "2020-06-04T08:06:54.000Z",
    "auth": 2,
    "uid": "obd-otzTysutbzk8Wgn6hNV-jB01rvMqi8z",
    "publishedVersion": 0,
    "forkFrom": "-",
    "isSpam": 0,
    "version": 6,
    "parentVersion": 5,
    "echartsVersion": "4.8.0",
    "versionCreateTime": "2020-06-09T07:21:28.000Z",
    "html": "",
    "externalScripts": "",
    "updaterUID": "obd-otzTysutbzk8Wgn6hNV-jB01rvMqi8z",
    "theme": "",
    "layout": "",
    "viewCount": 218,
    "userName": "l***i",
    "commentCount": 0,
    "starCount": 0,
    "isStared": 0,
    "thumbnailURL": "https://www.makeapie.com/ecg-storage/ec_gallery_thumbnail/xS_kQu6JKR.png?v=1591687288513",
    "isCustomThumbnail": 0,
    "builtinTags": [
        "category-work",
        "legend",
        "radar",
        "series-radar",
        "title"
    ],
    "customTags": [],
    "updaterUserName": "l***i"
}