{
    "cid": "xV7FKPpJgr",
    "authorUid": "obd-olWfyZAa_ds4R2TmLN8Pv4UR9af0K07",
    "authorUserName": "G***丶",
    "title": "dg",
    "description": "Show Data",
    "latestVersion": 2,
    "alwaysLatest": 1,
    "createTime": "2020-06-03T03:21:19.000Z",
    "lastUpdateTime": "2020-06-03T03:21:19.000Z",
    "auth": 2,
    "uid": "obd-olWfyZAa_ds4R2TmLN8Pv4UR9af0K07",
    "publishedVersion": 0,
    "forkFrom": "-",
    "isSpam": 0,
    "version": 2,
    "parentVersion": 1,
    "echartsVersion": "4.8.0",
    "versionCreateTime": "2020-06-03T07:56:41.000Z",
    "html": "",
    "externalScripts": "http://echarts.baidu.com/resource/echarts-gl-latest/dist/echarts-gl.min.js",
    "updaterUID": "obd-olWfyZAa_ds4R2TmLN8Pv4UR9af0K07",
    "theme": "",
    "layout": "",
    "viewCount": 165,
    "userName": "G***丶",
    "commentCount": 0,
    "starCount": 0,
    "isStared": 0,
    "thumbnailURL": "https://www.makeapie.com/ecg-storage/ec_gallery_thumbnail/xV7FKPpJgr.png?v=1591171001232",
    "isCustomThumbnail": 0,
    "builtinTags": [
        "category-work",
        "geo",
        "legend",
        "series-map",
        "title",
        "tooltip"
    ],
    "customTags": [],
    "updaterUserName": "G***丶"
}