{
    "cid": "xYF6UxlBQm",
    "authorUid": "bd-2721539501",
    "authorUserName": "世***e",
    "title": "极坐标图",
    "description": "",
    "latestVersion": 1,
    "alwaysLatest": 1,
    "createTime": "2020-06-03T02:58:35.000Z",
    "lastUpdateTime": "2020-06-03T02:58:35.000Z",
    "auth": 2,
    "uid": "bd-2721539501",
    "publishedVersion": 0,
    "forkFrom": "-",
    "isSpam": 0,
    "version": 1,
    "parentVersion": -1,
    "echartsVersion": "4.8.0",
    "versionCreateTime": "2020-06-03T02:58:35.000Z",
    "html": "",
    "externalScripts": "",
    "updaterUID": "bd-2721539501",
    "theme": "",
    "layout": "",
    "viewCount": 144,
    "userName": "世***e",
    "commentCount": 0,
    "starCount": 1,
    "isStared": 0,
    "thumbnailURL": "https://www.makeapie.com/ecg-storage/ec_gallery_thumbnail/xYF6UxlBQm.png?v=1591153115929",
    "isCustomThumbnail": 0,
    "builtinTags": [
        "category-work",
        "polar",
        "series-bar",
        "tooltip"
    ],
    "customTags": [],
    "updaterUserName": "世***e"
}