<application>
  <component name="com.intellij.ide.ui.customization.CustomActionsSchema">
    <group value="Forward" is_action="true" action_type="-1" position="6">
      <path value="root" />
      <path value="主工具栏" />
      <option name="myInitialPosition" value="-1" />
    </group>
    <group value="Back" is_action="true" action_type="-1" position="5">
      <path value="root" />
      <path value="主工具栏" />
      <option name="myInitialPosition" value="-1" />
    </group>
    <group value="ChangesView.ToggleCommitUi" is_action="true" action_type="-1" position="4">
      <path value="root" />
      <path value="导航栏工具栏" />
      <path value="NavBarVcsGroup" />
      <path value="VcsNavBarToolbarActions" />
      <option name="myInitialPosition" value="-1" />
    </group>
    <group value="Vcs.UpdateProject" is_action="true" action_type="-1" position="1">
      <path value="root" />
      <path value="主工具栏" />
      <path value="MainToolBarSettings" />
      <path value="VCS 操作" />
      <option name="myInitialPosition" value="-1" />
    </group>
    <group value="Vcs.UpdateProject" is_action="true" action_type="-1" position="1">
      <path value="root" />
      <path value="导航栏工具栏" />
      <path value="NavBarVcsGroup" />
      <path value="VcsNavBarToolbarActions" />
      <option name="myInitialPosition" value="-1" />
    </group>
    <group value="Back" is_action="true" action_type="1" position="0">
      <path value="root" />
      <path value="主工具栏" />
      <path value="工具栏运行操作" />
      <option name="myInitialPosition" value="-1" />
    </group>
    <group value="Forward" is_action="true" action_type="1" position="1">
      <path value="root" />
      <path value="主工具栏" />
      <path value="工具栏运行操作" />
      <option name="myInitialPosition" value="-1" />
    </group>
    <group value="Git.Pull" is_action="true" action_type="1" position="1">
      <path value="root" />
      <path value="导航栏工具栏" />
      <path value="NavBarVcsGroup" />
      <path value="VcsNavBarToolbarActions" />
      <option name="myInitialPosition" value="-1" />
    </group>
    <group value="EditorActions" is_group="true" action_type="1" position="6">
      <path value="root" />
      <path value="主工具栏" />
      <option name="myInitialPosition" value="-1" />
    </group>
    <action id="Git.Pull" icon="D:/谷歌下载/下载_.svg" />
  </component>
</application>