<application>
  <component name="FileTypeManager" version="18">
    <extensionMap>
      <mapping pattern="loginEncryptType.json" type="AUTO_DETECTED" />
      <mapping pattern="AnalyticExp" type="AUTO_DETECTED" />
      <mapping pattern="replay.js" type="JavaScript" />
      <mapping ext="manifest" type="PLAIN_TEXT" />
      <mapping ext="tpl" type="PLAIN_TEXT" />
      <removed_mapping ext="ignore" approved="true" type="IgnoreLang file" />
      <removed_mapping ext="vue" approved="true" type="HTML" />
    </extensionMap>
  </component>
</application>