<application>
  <component name="GraziConfig">
    <option name="enabledLanguages">
      <set>
        <option value="English (US)" />
        <option value="Chinese" />
      </set>
    </option>
    <option name="disabledGrammarStrategies">
      <set>
        <option value="tanvd.grazi:Markdown" />
      </set>
    </option>
    <option name="checkingContext">
      <CheckingContext>
        <option name="isCheckInCommentsEnabled" value="false" />
        <option name="isCheckInDocumentationEnabled" value="false" />
      </CheckingContext>
    </option>
  </component>
</application>