<application>
  <component name="MaterialThemeConfig">
    <option name="premium" value="true" />
    <option name="allowDataCollection" value="true" />
    <option name="compactSidebar" value="true" />
    <option name="isWizardShown" value="true" />
    <option name="pristineConfig" value="false" />
    <option name="customSidebarHeight" value="24" />
    <option name="settingsSelectedTab" value="5" />
    <option name="accentColor" value="74a0f1" />
    <option name="selectedTheme" value="MOONLIGHT" />
    <option name="userId" value="-23d01da2:178258ece43:-8000" />
    <option name="version" value="6.9.1" />
  </component>
</application>