<application>
  <component name="AppStorage">
    <option name="newTranslationDialogCollapseDictViewer" value="false" />
    <option name="newTranslationDialogHeight" value="617" />
    <option name="newTranslationDialogWidth" value="1105" />
    <option name="newTranslationDialogX" value="2226" />
    <option name="newTranslationDialogY" value="186" />
    <option name="pinNewTranslationDialog" value="true" />
    <histories>
      <item value="`URLSearchParams` class is a global reference for `require('url').URLSearchParams`." />
      <item value="Subsequent variable declarations must have the same type.  Variable 'URLSearchParams' must be of type '{ new (init?: string | Record&lt;string, string&gt; | URLSearchParams | string[][]): URLSearchParams;&#10;prototype: URLSearchParams; }', but here has type '{ new (init?: string | Record&lt;string, string&gt; | URLSearchParams | string[][]): URLSearchParams; prototype: URLSearchParams; toString(): string; }'." />
      <item value="Argument of type '{ firstName: string; }' is not assignable to parameter of type 'IPerson'.   Property 'lastName' is missing in type '{ firstName: string; }' but required in type 'IPerson'" />
      <item value="string" />
      <item value="number" />
      <item value="COLOR" />
      <item value="&lt;html&gt;TS2345: Argument of type '{ firstName: string; }' is not assignable to parameter of type 'IPerson'.&lt;br/&gt;Property 'lastName' is missing in type '{ firstName: string; }' but required in type 'IPerson'." />
      <item value="person" />
      <item value="Occupied territory" />
      <item value="The expected type comes from property 'mutations' which is declared here on type 'Module&lt;ITodoState, any&gt;'" />
      <item value="将要做" />
      <item value="将要" />
      <item value="自定义" />
      <item value="receiver" />
      <item value="工作时长" />
      <item value="工作" />
      <item value="salary" />
      <item value="监听" />
      <item value="subscri" />
      <item value="If this timeout elapses without receiving any messages from the server, the connection will be terminated with an error. The default timeout value is 30,000 milliseconds (30 seconds)" />
      <item value="inherent Keep Alive" />
      <item value="The default value is 15,000 milliseconds (15 seconds). Allows the server to detect hard disconnects (like when a client unplugs their computer)." />
      <item value="he server timeout in milliseconds. If this timeout elapses without receiving any messages from the server, the connection will be terminated with an error. The default timeout value is 30,000 milliseconds (30 seconds)." />
      <item value="The server timeout in milliseconds. If this timeout elapses without receiving any messages from the server, the connection will be terminated with an error. The default timeout value is 30,000 milliseconds (30 seconds)." />
      <item value="Default interval at which to ping the server. The default value is 15,000 milliseconds (15 seconds). Allows the server to detect hard disconnects (like when a client unplugs their computer)." />
      <item value="skip Negotiation" />
      <item value="The name of the hub method to define" />
      <item value="Registers a handler that will be invoked when the hub method with the specified method name is invoked." />
      <item value="use the specified Hub Protocol" />
      <item value="Configures the @aspnetsignalr.HubConnection to use the specified Hub Protocol. 形参: protocol – The @aspnetsignalr.IHubProtocol implementation to use." />
      <item value="Injectable" />
      <item value="providers" />
      <item value="colnum" />
      <item value="colum" />
      <item value="col" />
      <item value="行" />
      <item value="hang" />
      <item value="列" />
      <item value="方向" />
      <item value="每次" />
      <item value="B Box" />
      <item value="临时" />
      <item value="；" />
      <item value="A regular expression method that returns the index within a string that matches the regular expression. Called by the String.prototype.search method" />
      <item value="The endsWith() method determines whether a string ends with the characters of a specified string, returning true or false as appropriate. 形参: searchString – The characters to be searched for at the end of str.   length – If provided, it is used as the length of str. Defaults to str.length.   返回: true if the given characters are found at the end of the string; otherwise, false." />
      <item value="联动" />
      <item value="l" />
      <item value="组合" />
      <item value="判断条件" />
      <item value="判断" />
    </histories>
    <option name="languageScores">
      <map>
        <entry key="CHINESE" value="144" />
        <entry key="ENGLISH" value="143" />
        <entry key="GERMAN" value="2" />
        <entry key="FRENCH" value="1" />
        <entry key="DUTCH" value="1" />
      </map>
    </option>
  </component>
  <component name="Cache">
    <option name="lastTrimTime" value="1644472453826" />
  </component>
  <component name="Settings">
    <option name="translateDocumentation" value="true" />
  </component>
</application>