{
    "cid": "x3ltPGNGdR",
    "authorUid": "bd-1895925720",
    "authorUserName": "心***阔",
    "title": "发货城市分布",
    "description": "",
    "latestVersion": 3,
    "alwaysLatest": 1,
    "createTime": "2018-10-31T10:42:24.000Z",
    "lastUpdateTime": "2018-10-31T10:42:24.000Z",
    "auth": 1,
    "uid": "bd-1895925720",
    "publishedVersion": 0,
    "forkFrom": "-",
    "isSpam": 0,
    "version": 3,
    "parentVersion": 2,
    "echartsVersion": "4.2.0",
    "versionCreateTime": "2018-12-12T02:45:06.000Z",
    "html": "",
    "externalScripts": "",
    "updaterUID": "bd-3978290343",
    "theme": "",
    "layout": "",
    "viewCount": 1202,
    "userName": "心***阔",
    "commentCount": 0,
    "starCount": 3,
    "isStared": 0,
    "thumbnailURL": "https://www.makeapie.com/ecg-storage/ec_gallery_thumbnail/x3ltPGNGdR.png?v=1544582707000",
    "isCustomThumbnail": 0,
    "builtinTags": [
        "category-work",
        "series-sankey",
        "title",
        "tooltip"
    ],
    "customTags": [],
    "updaterUserName": "weconquered"
}