{
    "cid": "xGoIX5t4GC",
    "authorUid": "bd-3675363652",
    "authorUserName": "哐当1ing",
    "title": "pie",
    "description": "",
    "latestVersion": 1,
    "alwaysLatest": 1,
    "createTime": "2018-10-29T08:13:18.000Z",
    "lastUpdateTime": "2018-10-29T08:13:18.000Z",
    "auth": 2,
    "uid": "bd-3675363652",
    "publishedVersion": 0,
    "forkFrom": "-",
    "isSpam": 0,
    "version": 1,
    "parentVersion": -1,
    "echartsVersion": "4.2.0",
    "versionCreateTime": "2018-10-29T08:13:18.000Z",
    "html": "",
    "externalScripts": "",
    "updaterUID": "bd-3675363652",
    "theme": "",
    "layout": "",
    "viewCount": 321,
    "userName": "哐当1ing",
    "commentCount": 0,
    "starCount": 0,
    "isStared": 0,
    "thumbnailURL": "https://www.makeapie.com/ecg-storage/ec_gallery_thumbnail/xGoIX5t4GC.png?v=1540800798201",
    "isCustomThumbnail": 0,
    "builtinTags": [
        "category-work",
        "polar",
        "series-pie",
        "tooltip"
    ],
    "customTags": [],
    "updaterUserName": "哐当1ing"
}