{
    "cid": "xhKGlg0_ys",
    "authorUid": "bd-1143504841",
    "authorUserName": "恶魔低吟那微笑",
    "title": "Awesome Chart",
    "description": "http://burp/repeat/8/ib1o3jss9b4p8rttn8db2cqibip8pd1d",
    "latestVersion": 1,
    "alwaysLatest": 1,
    "createTime": "2018-10-29T13:18:20.000Z",
    "lastUpdateTime": "2018-10-29T13:18:20.000Z",
    "auth": 2,
    "uid": "bd-1143504841",
    "publishedVersion": 0,
    "forkFrom": "-",
    "isSpam": 0,
    "version": 1,
    "parentVersion": -1,
    "echartsVersion": "4.2.0",
    "versionCreateTime": "2018-10-29T13:18:20.000Z",
    "html": "",
    "externalScripts": "",
    "updaterUID": "bd-1143504841",
    "theme": "",
    "layout": "",
    "viewCount": 26,
    "userName": "恶魔低吟那微笑",
    "commentCount": 0,
    "starCount": 0,
    "isStared": 0,
    "thumbnailURL": "https://www.makeapie.com/ecg-storage/ec_gallery_thumbnail/xhKGlg0_ys.png?v=1540819100422",
    "isCustomThumbnail": 0,
    "builtinTags": [
        "category-work",
        "grid",
        "series-line",
        "title"
    ],
    "customTags": [],
    "updaterUserName": "恶魔低吟那微笑"
}