{
    "cid": "xL2pum_YeO",
    "authorUid": "bd-3444809517",
    "authorUserName": "co...u@163.com",
    "title": "Compare trajectory/input_example/corridor_a503/",
    "description": "",
    "latestVersion": 1,
    "alwaysLatest": 1,
    "createTime": "2018-10-30T08:23:40.000Z",
    "lastUpdateTime": "2018-10-30T08:23:40.000Z",
    "auth": 2,
    "uid": "bd-3444809517",
    "publishedVersion": 0,
    "forkFrom": "-",
    "isSpam": 0,
    "version": 1,
    "parentVersion": -1,
    "echartsVersion": "4.2.0",
    "versionCreateTime": "2018-10-30T08:23:40.000Z",
    "html": "",
    "externalScripts": "",
    "updaterUID": "bd-3444809517",
    "theme": "",
    "layout": "",
    "viewCount": 353,
    "userName": "co...u@163.com",
    "commentCount": 0,
    "starCount": 0,
    "isStared": 0,
    "thumbnailURL": "https://www.makeapie.com/ecg-storage/ec_gallery_thumbnail/xL2pum_YeO.png?v=1540887820774",
    "isCustomThumbnail": 0,
    "builtinTags": [
        "category-work",
        "series-graph",
        "title",
        "tooltip"
    ],
    "customTags": [],
    "updaterUserName": "co...u@163.com"
}