{
    "cid": "xMGzVw4b4p",
    "authorUid": "bd-2469886102",
    "authorUserName": "芊***8",
    "title": "简单柱状图",
    "description": "",
    "latestVersion": 2,
    "alwaysLatest": 1,
    "createTime": "2018-10-31T12:45:58.000Z",
    "lastUpdateTime": "2018-10-31T12:45:58.000Z",
    "auth": 1,
    "uid": "bd-2469886102",
    "publishedVersion": 0,
    "forkFrom": "-",
    "isSpam": 0,
    "version": 2,
    "parentVersion": 1,
    "echartsVersion": "4.2.0",
    "versionCreateTime": "2018-11-20T05:42:38.000Z",
    "html": "",
    "externalScripts": "",
    "updaterUID": "bd-2625246959",
    "theme": "",
    "layout": "",
    "viewCount": 56,
    "userName": "芊***8",
    "commentCount": 0,
    "starCount": 0,
    "isStared": 0,
    "thumbnailURL": "https://www.makeapie.com/ecg-storage/ec_gallery_thumbnail/xMGzVw4b4p.png?v=1542692558914",
    "isCustomThumbnail": 0,
    "builtinTags": [
        "category-work",
        "grid",
        "series-bar",
        "tooltip"
    ],
    "customTags": [],
    "updaterUserName": "风竹韵w"
}