{
    "cid": "xmqhL970lh",
    "authorUid": "bd-1895925720",
    "authorUserName": "心***阔",
    "title": "时间轴",
    "description": "",
    "latestVersion": 2,
    "alwaysLatest": 1,
    "createTime": "2018-10-30T03:18:23.000Z",
    "lastUpdateTime": "2018-10-30T03:18:23.000Z",
    "auth": 2,
    "uid": "bd-1895925720",
    "publishedVersion": 0,
    "forkFrom": "-",
    "isSpam": 0,
    "version": 2,
    "parentVersion": 1,
    "echartsVersion": "4.2.0",
    "versionCreateTime": "2018-10-30T03:42:58.000Z",
    "html": "",
    "externalScripts": "",
    "updaterUID": "bd-1895925720",
    "theme": "",
    "layout": "",
    "viewCount": 572,
    "userName": "心***阔",
    "commentCount": 0,
    "starCount": 5,
    "isStared": 0,
    "thumbnailURL": "https://www.makeapie.com/ecg-storage/ec_gallery_thumbnail/xmqhL970lh.png?v=1540870978870",
    "isCustomThumbnail": 0,
    "builtinTags": [
        "category-work",
        "grid",
        "series-bar",
        "timeline",
        "title"
    ],
    "customTags": [],
    "updaterUserName": "心***阔"
}