{
    "cid": "xnGJHbxxBq",
    "authorUid": "bd-2239932449",
    "authorUserName": "137*****470",
    "title": "测组结构编辑",
    "description": "",
    "latestVersion": 1,
    "alwaysLatest": 1,
    "createTime": "2018-10-30T01:17:46.000Z",
    "lastUpdateTime": "2018-10-30T01:17:46.000Z",
    "auth": 2,
    "uid": "bd-2239932449",
    "publishedVersion": 0,
    "forkFrom": "-",
    "isSpam": 0,
    "version": 1,
    "parentVersion": -1,
    "echartsVersion": "4.2.0",
    "versionCreateTime": "2018-10-30T01:17:46.000Z",
    "html": "",
    "externalScripts": "",
    "updaterUID": "bd-2239932449",
    "theme": "",
    "layout": "",
    "viewCount": 205,
    "userName": "137*****470",
    "commentCount": 0,
    "starCount": 1,
    "isStared": 0,
    "thumbnailURL": "https://www.makeapie.com/ecg-storage/ec_gallery_thumbnail/xnGJHbxxBq.png?v=1540862266867",
    "isCustomThumbnail": 0,
    "builtinTags": [
        "category-work",
        "grid",
        "series-graph",
        "title",
        "tooltip"
    ],
    "customTags": [],
    "updaterUserName": "137*****470"
}