{
    "cid": "xNlj87e26G",
    "authorUid": "bd-3578067285",
    "authorUserName": "勿***心",
    "title": "动态数据 + 时间坐标轴",
    "description": "",
    "latestVersion": 3,
    "alwaysLatest": 1,
    "createTime": "2018-10-31T09:37:40.000Z",
    "lastUpdateTime": "2018-10-31T09:37:40.000Z",
    "auth": 2,
    "uid": "bd-3578067285",
    "publishedVersion": 0,
    "forkFrom": "-",
    "isSpam": 0,
    "version": 3,
    "parentVersion": 2,
    "echartsVersion": "4.2.0",
    "versionCreateTime": "2018-10-31T09:46:15.000Z",
    "html": "",
    "externalScripts": "",
    "updaterUID": "bd-3578067285",
    "theme": "",
    "layout": "",
    "viewCount": 71,
    "userName": "勿***心",
    "commentCount": 0,
    "starCount": 1,
    "isStared": 0,
    "thumbnailURL": "https://www.makeapie.com/ecg-storage/ec_gallery_thumbnail/xNlj87e26G.png?v=1540979175779",
    "isCustomThumbnail": 0,
    "builtinTags": [
        "category-work",
        "grid",
        "series-line",
        "title",
        "tooltip"
    ],
    "customTags": [],
    "updaterUserName": "勿***心"
}