{
    "cid": "xo60wqFVFc",
    "authorUid": "bd-2122468014",
    "authorUserName": "南***墨",
    "title": "机场航班到达数据可视化【Echarts】+百度地图",
    "description": "机场各个航班到达的数据可视化，【还有一个航班离开的例子，我没办法把它们循环的时候写在一块】emmmmmm......",
    "latestVersion": 2,
    "alwaysLatest": 1,
    "createTime": "2018-10-31T03:50:28.000Z",
    "lastUpdateTime": "2018-10-31T03:51:17.000Z",
    "auth": 2,
    "uid": "bd-2122468014",
    "publishedVersion": 0,
    "forkFrom": "-",
    "isSpam": 0,
    "version": 2,
    "parentVersion": 1,
    "echartsVersion": "4.2.1",
    "versionCreateTime": "2019-05-09T06:34:26.000Z",
    "html": "",
    "externalScripts": "https://api.map.baidu.com/api?v=2.0&ak=ZUONbpqGBsYGXNIYHicvbAbM,https://echarts.baidu.com/gallery/vendors/echarts/extension/bmap.min.js",
    "updaterUID": "bd-2122468014",
    "theme": "default",
    "layout": "",
    "viewCount": 436,
    "userName": "南***墨",
    "commentCount": 0,
    "starCount": 2,
    "isStared": 0,
    "thumbnailURL": "https://www.makeapie.com/ecg-storage/ec_gallery_thumbnail/xo60wqFVFc.png?v=1540957877646",
    "isCustomThumbnail": 1,
    "builtinTags": [
        "category-work"
    ],
    "customTags": [
        "baidu",
        "bmap",
        "effectScatter",
        "geo",
        "legend",
        "lines",
        "map",
        "tooltip"
    ],
    "updaterUserName": "南***墨"
}