{
    "cid": "xOAUteBD1l",
    "authorUid": "bd-3104958412",
    "authorUserName": "景***e",
    "title": "最近10日任务统计及类型分布",
    "description": "",
    "latestVersion": 3,
    "alwaysLatest": 1,
    "createTime": "2018-11-01T02:51:10.000Z",
    "lastUpdateTime": "2018-11-01T02:51:10.000Z",
    "auth": 2,
    "uid": "bd-3104958412",
    "publishedVersion": 0,
    "forkFrom": "-",
    "isSpam": 0,
    "version": 3,
    "parentVersion": 2,
    "echartsVersion": "4.2.1",
    "versionCreateTime": "2019-06-15T08:13:29.000Z",
    "html": "",
    "externalScripts": "",
    "updaterUID": "bd-3104958412",
    "theme": "",
    "layout": "",
    "viewCount": 223,
    "userName": "景***e",
    "commentCount": 0,
    "starCount": 0,
    "isStared": 0,
    "thumbnailURL": "https://www.makeapie.com/ecg-storage/ec_gallery_thumbnail/xOAUteBD1l.png?v=1560586409822",
    "isCustomThumbnail": 0,
    "builtinTags": [
        "category-work",
        "grid",
        "legend",
        "series-line",
        "title",
        "toolbox",
        "tooltip",
        "visualMap"
    ],
    "customTags": [],
    "updaterUserName": "景***e"
}