{
    "cid": "xw2F3QZqug",
    "authorUid": "bd-3959597918",
    "authorUserName": "风***落",
    "title": "横向数据展示",
    "description": "横向数据展示",
    "latestVersion": 2,
    "alwaysLatest": 1,
    "createTime": "2018-10-30T08:10:41.000Z",
    "lastUpdateTime": "2018-10-30T08:10:41.000Z",
    "auth": 1,
    "uid": "bd-3959597918",
    "publishedVersion": 0,
    "forkFrom": "-",
    "isSpam": 0,
    "version": 2,
    "parentVersion": 1,
    "echartsVersion": "4.8.0",
    "versionCreateTime": "2020-06-29T08:44:51.000Z",
    "html": "",
    "externalScripts": "",
    "updaterUID": "bd-3959597918",
    "theme": "",
    "layout": "",
    "viewCount": 53,
    "userName": "风***落",
    "commentCount": 0,
    "starCount": 0,
    "isStared": 0,
    "thumbnailURL": "https://www.makeapie.com/ecg-storage/ec_gallery_thumbnail/xw2F3QZqug.png?v=1593420291377",
    "isCustomThumbnail": 0,
    "builtinTags": [
        "category-work",
        "grid",
        "series-bar"
    ],
    "customTags": [],
    "updaterUserName": "风***落"
}