{
    "cid": "xx-B-Ggt58",
    "authorUid": "bd-2122468014",
    "authorUserName": "南***墨",
    "title": "机场航班离开数据可视化【Echarts】+百度地图",
    "description": "机场各个航班离开的数据可视化，【还有一个航班到达的例子，我没办法把它们循环的时候写在一块】emmmmmm......",
    "latestVersion": 6,
    "alwaysLatest": 1,
    "createTime": "2018-10-31T02:50:42.000Z",
    "lastUpdateTime": "2018-10-31T06:23:12.000Z",
    "auth": 2,
    "uid": "bd-2122468014",
    "publishedVersion": 0,
    "forkFrom": "-",
    "isSpam": 0,
    "version": 6,
    "parentVersion": 5,
    "echartsVersion": "4.2.0",
    "versionCreateTime": "2018-10-31T03:22:41.000Z",
    "html": "",
    "externalScripts": "https://api.map.baidu.com/api?v=2.0&ak=ZUONbpqGBsYGXNIYHicvbAbM,http://echarts.baidu.com/gallery/vendors/echarts/extension/bmap.min.js",
    "updaterUID": "bd-2122468014",
    "theme": "default",
    "layout": "",
    "viewCount": 366,
    "userName": "南***墨",
    "commentCount": 0,
    "starCount": 0,
    "isStared": 0,
    "thumbnailURL": "https://www.makeapie.com/ecg-storage/ec_gallery_thumbnail/xx-B-Ggt58.png?v=1540956219624",
    "isCustomThumbnail": 1,
    "builtinTags": [
        "category-work"
    ],
    "customTags": [
        "baidu",
        "bmap",
        "effectScatter",
        "geo",
        "legend",
        "lines",
        "map",
        "tooltip"
    ],
    "updaterUserName": "南***墨"
}