{
    "cid": "xxdw39smVW",
    "authorUid": "bd-3578067285",
    "authorUserName": "勿***心",
    "title": "移动端 K线图",
    "description": "",
    "latestVersion": 3,
    "alwaysLatest": 1,
    "createTime": "2018-10-31T10:09:17.000Z",
    "lastUpdateTime": "2018-10-31T10:09:17.000Z",
    "auth": 2,
    "uid": "bd-3578067285",
    "publishedVersion": 0,
    "forkFrom": "-",
    "isSpam": 0,
    "version": 3,
    "parentVersion": 2,
    "echartsVersion": "4.2.0",
    "versionCreateTime": "2018-10-31T14:53:07.000Z",
    "html": "",
    "externalScripts": "",
    "updaterUID": "bd-3578067285",
    "theme": "",
    "layout": "",
    "viewCount": 604,
    "userName": "勿***心",
    "commentCount": 0,
    "starCount": 0,
    "isStared": 0,
    "thumbnailURL": "https://www.makeapie.com/ecg-storage/ec_gallery_thumbnail/xxdw39smVW.png?v=1540996198871",
    "isCustomThumbnail": 0,
    "builtinTags": [
        "category-work"
    ],
    "customTags": [],
    "updaterUserName": "勿***心"
}