{
    "cid": "xzn3DlfnI2",
    "authorUid": "bd-3104958412",
    "authorUserName": "景***e",
    "title": "台站执行任务数量排名",
    "description": "",
    "latestVersion": 2,
    "alwaysLatest": 1,
    "createTime": "2018-11-01T02:20:34.000Z",
    "lastUpdateTime": "2018-11-01T02:20:34.000Z",
    "auth": 2,
    "uid": "bd-3104958412",
    "publishedVersion": 0,
    "forkFrom": "-",
    "isSpam": 0,
    "version": 2,
    "parentVersion": 1,
    "echartsVersion": "4.2.1",
    "versionCreateTime": "2019-02-15T03:22:57.000Z",
    "html": "",
    "externalScripts": "",
    "updaterUID": "bd-3104958412",
    "theme": "",
    "layout": "",
    "viewCount": 284,
    "userName": "景***e",
    "commentCount": 0,
    "starCount": 3,
    "isStared": 0,
    "thumbnailURL": "https://www.makeapie.com/ecg-storage/ec_gallery_thumbnail/xzn3DlfnI2.png?v=1550200978047",
    "isCustomThumbnail": 0,
    "builtinTags": [
        "category-work",
        "grid",
        "series-bar",
        "title",
        "tooltip"
    ],
    "customTags": [],
    "updaterUserName": "景***e"
}