{
    "cid": "x2sBkGuWT",
    "authorUid": "bd-3161425597",
    "authorUserName": "魑***魅",
    "title": "旭日图",
    "description": "",
    "latestVersion": 2,
    "alwaysLatest": 1,
    "createTime": "2019-10-24T07:25:08.000Z",
    "lastUpdateTime": "2019-10-24T07:25:08.000Z",
    "auth": 2,
    "uid": "bd-3161425597",
    "publishedVersion": 0,
    "forkFrom": "-",
    "isSpam": 0,
    "version": 2,
    "parentVersion": 1,
    "echartsVersion": "4.4.0",
    "versionCreateTime": "2019-10-24T07:33:06.000Z",
    "html": "",
    "externalScripts": "",
    "updaterUID": "bd-3161425597",
    "theme": "",
    "layout": "",
    "viewCount": 277,
    "userName": "魑***魅",
    "commentCount": 0,
    "starCount": 1,
    "isStared": 0,
    "thumbnailURL": "https://www.makeapie.com/ecg-storage/ec_gallery_thumbnail/x2sBkGuWT.png?v=1571902386476",
    "isCustomThumbnail": 0,
    "builtinTags": [
        "category-work",
        "series-sunburst",
        "tooltip"
    ],
    "customTags": [],
    "updaterUserName": "魑***魅"
}