{
    "cid": "x2zWsDYBs",
    "authorUid": "bd-2438101263",
    "authorUserName": "小***儿",
    "title": "热力图",
    "description": "",
    "latestVersion": 1,
    "alwaysLatest": 1,
    "createTime": "2019-10-24T08:11:52.000Z",
    "lastUpdateTime": "2019-10-24T08:11:52.000Z",
    "auth": 2,
    "uid": "bd-2438101263",
    "publishedVersion": 0,
    "forkFrom": "-",
    "isSpam": 0,
    "version": 1,
    "parentVersion": -1,
    "echartsVersion": "4.4.0",
    "versionCreateTime": "2019-10-24T08:11:52.000Z",
    "html": "",
    "externalScripts": "https://api.map.baidu.com/api?v=2.0&ak=1XjLLEhZhQNUzd93EjU5nOGQ,http://echarts.baidu.com/gallery/vendors/echarts/echarts.min.js,http://apps.bdimg.com/libs/jquery/2.1.1/jquery.min.js,/dep/echarts/latest/extension/bmap.min.js",
    "updaterUID": "bd-2438101263",
    "theme": "",
    "layout": "",
    "viewCount": 304,
    "userName": "小***儿",
    "commentCount": 0,
    "starCount": 0,
    "isStared": 0,
    "thumbnailURL": "https://www.makeapie.com/ecg-storage/ec_gallery_thumbnail/x2zWsDYBs.png?v=1571904712889",
    "isCustomThumbnail": 1,
    "builtinTags": [
        "category-work"
    ],
    "customTags": [],
    "updaterUserName": "小***儿"
}