{
    "cid": "x3Ua6adov",
    "authorUid": "bd-257182154",
    "authorUserName": "好***胡",
    "title": "17.多线图",
    "description": "",
    "latestVersion": 2,
    "alwaysLatest": 1,
    "createTime": "2019-10-24T02:27:55.000Z",
    "lastUpdateTime": "2019-10-24T02:27:55.000Z",
    "auth": 2,
    "uid": "bd-257182154",
    "publishedVersion": 0,
    "forkFrom": "-",
    "isSpam": 0,
    "version": 2,
    "parentVersion": 1,
    "echartsVersion": "4.4.0",
    "versionCreateTime": "2019-10-27T15:20:28.000Z",
    "html": "",
    "externalScripts": "",
    "updaterUID": "bd-257182154",
    "theme": "",
    "layout": "",
    "viewCount": 63,
    "userName": "好***胡",
    "commentCount": 0,
    "starCount": 0,
    "isStared": 0,
    "thumbnailURL": "https://www.makeapie.com/ecg-storage/ec_gallery_thumbnail/x3Ua6adov.png?v=1572189629051",
    "isCustomThumbnail": 0,
    "builtinTags": [
        "category-work",
        "dataset",
        "grid",
        "legend",
        "series-line",
        "tooltip"
    ],
    "customTags": [],
    "updaterUserName": "好***胡"
}