{
    "cid": "x4ETLmhsQ",
    "authorUid": "bd-998331607",
    "authorUserName": "衢***傲",
    "title": "环形-阴影",
    "description": "",
    "latestVersion": 1,
    "alwaysLatest": 1,
    "createTime": "2019-10-24T07:32:44.000Z",
    "lastUpdateTime": "2019-10-24T07:32:44.000Z",
    "auth": 2,
    "uid": "bd-998331607",
    "publishedVersion": 0,
    "forkFrom": "-",
    "isSpam": 0,
    "version": 1,
    "parentVersion": -1,
    "echartsVersion": "4.4.0",
    "versionCreateTime": "2019-10-24T07:32:44.000Z",
    "html": "",
    "externalScripts": "",
    "updaterUID": "bd-998331607",
    "theme": "",
    "layout": "",
    "viewCount": 398,
    "userName": "衢***傲",
    "commentCount": 0,
    "starCount": 1,
    "isStared": 0,
    "thumbnailURL": "https://www.makeapie.com/ecg-storage/ec_gallery_thumbnail/x4ETLmhsQ.png?v=1571902364304",
    "isCustomThumbnail": 0,
    "builtinTags": [
        "category-work",
        "legend",
        "series-pie",
        "tooltip"
    ],
    "customTags": [],
    "updaterUserName": "衢***傲"
}