{
    "cid": "x5_Lrej8v",
    "authorUid": "bd-1597834988",
    "authorUserName": "m***猫",
    "title": "物流线路展示",
    "description": "",
    "latestVersion": 5,
    "alwaysLatest": 1,
    "createTime": "2019-10-24T08:28:09.000Z",
    "lastUpdateTime": "2019-10-24T08:28:09.000Z",
    "auth": 2,
    "uid": "bd-1597834988",
    "publishedVersion": 0,
    "forkFrom": "-",
    "isSpam": 0,
    "version": 5,
    "parentVersion": 3,
    "echartsVersion": "4.4.0",
    "versionCreateTime": "2019-10-31T11:23:57.000Z",
    "html": "",
    "externalScripts": "/dep/echarts/map/js/china.js,/dep/echarts/latest/extension/bmap.min.js",
    "updaterUID": "bd-1597834988",
    "theme": "",
    "layout": "",
    "viewCount": 7935,
    "userName": "m***猫",
    "commentCount": 1,
    "starCount": 29,
    "isStared": 0,
    "thumbnailURL": "https://www.makeapie.com/ecg-storage/ec_gallery_thumbnail/x5_Lrej8v.png?v=1572521037169",
    "isCustomThumbnail": 0,
    "builtinTags": [
        "category-work",
        "geo",
        "series-effectScatter",
        "series-lines",
        "series-scatter",
        "tooltip"
    ],
    "customTags": [],
    "updaterUserName": "m***猫"
}