{
    "cid": "x_JBkRTcz",
    "authorUid": "bd-71012466",
    "authorUserName": "前***n",
    "title": "36",
    "description": "饼图 环形图",
    "latestVersion": 1,
    "alwaysLatest": 1,
    "createTime": "2019-10-24T10:08:43.000Z",
    "lastUpdateTime": "2019-10-24T10:08:43.000Z",
    "auth": 2,
    "uid": "bd-71012466",
    "publishedVersion": 0,
    "forkFrom": "-",
    "isSpam": 0,
    "version": 1,
    "parentVersion": -1,
    "echartsVersion": "4.4.0",
    "versionCreateTime": "2019-10-24T10:08:43.000Z",
    "html": "",
    "externalScripts": "",
    "updaterUID": "bd-71012466",
    "theme": "",
    "layout": "",
    "viewCount": 961,
    "userName": "前***n",
    "commentCount": 0,
    "starCount": 5,
    "isStared": 0,
    "thumbnailURL": "https://www.makeapie.com/ecg-storage/ec_gallery_thumbnail/x_JBkRTcz.png?v=1571911723134",
    "isCustomThumbnail": 0,
    "builtinTags": [
        "category-work",
        "series-pie",
        "title",
        "tooltip"
    ],
    "customTags": [],
    "updaterUserName": "前***n"
}