{
    "cid": "xMA-rGXGx",
    "authorUid": "bd-3161425597",
    "authorUserName": "魑***魅",
    "title": "双层环",
    "description": "",
    "latestVersion": 2,
    "alwaysLatest": 1,
    "createTime": "2019-10-24T06:40:35.000Z",
    "lastUpdateTime": "2019-10-24T06:40:35.000Z",
    "auth": 2,
    "uid": "bd-3161425597",
    "publishedVersion": 0,
    "forkFrom": "-",
    "isSpam": 0,
    "version": 2,
    "parentVersion": 1,
    "echartsVersion": "4.4.0",
    "versionCreateTime": "2019-10-24T06:54:18.000Z",
    "html": "",
    "externalScripts": "",
    "updaterUID": "bd-3161425597",
    "theme": "",
    "layout": "",
    "viewCount": 47,
    "userName": "魑***魅",
    "commentCount": 0,
    "starCount": 1,
    "isStared": 0,
    "thumbnailURL": "https://www.makeapie.com/ecg-storage/ec_gallery_thumbnail/xMA-rGXGx.png?v=1571900058134",
    "isCustomThumbnail": 0,
    "builtinTags": [
        "category-work",
        "series-pie",
        "tooltip"
    ],
    "customTags": [],
    "updaterUserName": "魑***魅"
}