{
    "cid": "xmutj6hMd",
    "authorUid": "bd-3969908886",
    "authorUserName": "莉***7",
    "title": "攻击来源TOP5",
    "description": "",
    "latestVersion": 1,
    "alwaysLatest": 1,
    "createTime": "2019-10-24T10:02:44.000Z",
    "lastUpdateTime": "2019-10-24T10:02:44.000Z",
    "auth": 2,
    "uid": "bd-3969908886",
    "publishedVersion": 0,
    "forkFrom": "-",
    "isSpam": 0,
    "version": 1,
    "parentVersion": -1,
    "echartsVersion": "4.4.0",
    "versionCreateTime": "2019-10-24T10:02:45.000Z",
    "html": "",
    "externalScripts": "",
    "updaterUID": "bd-3969908886",
    "theme": "",
    "layout": "",
    "viewCount": 1709,
    "userName": "莉***7",
    "commentCount": 0,
    "starCount": 8,
    "isStared": 0,
    "thumbnailURL": "https://www.makeapie.com/ecg-storage/ec_gallery_thumbnail/xmutj6hMd.png?v=1571911365084",
    "isCustomThumbnail": 0,
    "builtinTags": [
        "category-work",
        "grid",
        "legend",
        "series-bar"
    ],
    "customTags": [],
    "updaterUserName": "莉***7"
}