{
    "cid": "xnzfpJZay",
    "authorUid": "bd-3577715592",
    "authorUserName": "明***好",
    "title": "地图上结合柱状图",
    "description": "地图上结合柱状图",
    "latestVersion": 1,
    "alwaysLatest": 1,
    "createTime": "2019-10-24T06:48:36.000Z",
    "lastUpdateTime": "2019-10-24T06:48:36.000Z",
    "auth": 2,
    "uid": "bd-3577715592",
    "publishedVersion": 0,
    "forkFrom": "-",
    "isSpam": 0,
    "version": 1,
    "parentVersion": -1,
    "echartsVersion": "4.4.0",
    "versionCreateTime": "2019-10-24T06:48:36.000Z",
    "html": "",
    "externalScripts": "/dep/echarts/map/js/china.js",
    "updaterUID": "bd-3577715592",
    "theme": "",
    "layout": "",
    "viewCount": 383,
    "userName": "明***好",
    "commentCount": 0,
    "starCount": 2,
    "isStared": 0,
    "thumbnailURL": "https://www.makeapie.com/ecg-storage/ec_gallery_thumbnail/xnzfpJZay.png?v=1571899716482",
    "isCustomThumbnail": 1,
    "builtinTags": [
        "category-work",
        "geo",
        "grid",
        "series-bar"
    ],
    "customTags": [],
    "updaterUserName": "明***好"
}