{
    "cid": "xrqeHg29b",
    "authorUid": "bd-2829534522",
    "authorUserName": "康***森",
    "title": "圆柱图表",
    "description": "",
    "latestVersion": 3,
    "alwaysLatest": 1,
    "createTime": "2019-10-24T07:57:58.000Z",
    "lastUpdateTime": "2019-10-24T07:57:58.000Z",
    "auth": 2,
    "uid": "bd-2829534522",
    "publishedVersion": 0,
    "forkFrom": "-",
    "isSpam": 0,
    "version": 3,
    "parentVersion": 2,
    "echartsVersion": "4.4.0",
    "versionCreateTime": "2019-10-24T07:59:57.000Z",
    "html": "",
    "externalScripts": "",
    "updaterUID": "bd-2829534522",
    "theme": "",
    "layout": "",
    "viewCount": 62,
    "userName": "康***森",
    "commentCount": 0,
    "starCount": 0,
    "isStared": 0,
    "thumbnailURL": "https://www.makeapie.com/ecg-storage/ec_gallery_thumbnail/xrqeHg29b.png?v=1571903997914",
    "isCustomThumbnail": 0,
    "builtinTags": [
        "category-work",
        "series-pie"
    ],
    "customTags": [],
    "updaterUserName": "康***森"
}