{
    "cid": "xSMWZ4nmx",
    "authorUid": "bd-2674457144",
    "authorUserName": "低***h",
    "title": "借鉴",
    "description": "",
    "latestVersion": 2,
    "alwaysLatest": 1,
    "createTime": "2019-10-24T07:50:09.000Z",
    "lastUpdateTime": "2019-10-24T07:50:09.000Z",
    "auth": 2,
    "uid": "bd-2674457144",
    "publishedVersion": 0,
    "forkFrom": "-",
    "isSpam": 0,
    "version": 2,
    "parentVersion": 1,
    "echartsVersion": "4.4.0",
    "versionCreateTime": "2019-10-24T07:55:22.000Z",
    "html": "",
    "externalScripts": "",
    "updaterUID": "bd-2674457144",
    "theme": "",
    "layout": "",
    "viewCount": 61,
    "userName": "低***h",
    "commentCount": 0,
    "starCount": 1,
    "isStared": 0,
    "thumbnailURL": "https://www.makeapie.com/ecg-storage/ec_gallery_thumbnail/xSMWZ4nmx.png?v=1571903722895",
    "isCustomThumbnail": 0,
    "builtinTags": [
        "category-work",
        "grid",
        "legend",
        "series-line",
        "tooltip"
    ],
    "customTags": [],
    "updaterUserName": "低***h"
}