{
    "cid": "xtkUBEOHp",
    "authorUid": "bd-3577715592",
    "authorUserName": "明***好",
    "title": "异形柱状图",
    "description": "异形柱状图",
    "latestVersion": 1,
    "alwaysLatest": 1,
    "createTime": "2019-10-24T06:28:55.000Z",
    "lastUpdateTime": "2019-10-24T06:28:55.000Z",
    "auth": 2,
    "uid": "bd-3577715592",
    "publishedVersion": 0,
    "forkFrom": "-",
    "isSpam": 0,
    "version": 1,
    "parentVersion": -1,
    "echartsVersion": "4.4.0",
    "versionCreateTime": "2019-10-24T06:28:55.000Z",
    "html": "",
    "externalScripts": "",
    "updaterUID": "bd-3577715592",
    "theme": "",
    "layout": "",
    "viewCount": 67,
    "userName": "明***好",
    "commentCount": 0,
    "starCount": 1,
    "isStared": 0,
    "thumbnailURL": "https://www.makeapie.com/ecg-storage/ec_gallery_thumbnail/xtkUBEOHp.png?v=1571898535749",
    "isCustomThumbnail": 0,
    "builtinTags": [
        "category-work",
        "grid",
        "series-pictorialBar"
    ],
    "customTags": [],
    "updaterUserName": "明***好"
}