{
    "cid": "xuQJo2b9N",
    "authorUid": "bd-2829534522",
    "authorUserName": "康***森",
    "title": "折线图",
    "description": "",
    "latestVersion": 3,
    "alwaysLatest": 1,
    "createTime": "2019-10-24T08:08:37.000Z",
    "lastUpdateTime": "2019-10-24T08:08:37.000Z",
    "auth": 2,
    "uid": "bd-2829534522",
    "publishedVersion": 0,
    "forkFrom": "-",
    "isSpam": 0,
    "version": 3,
    "parentVersion": 2,
    "echartsVersion": "4.8.0",
    "versionCreateTime": "2020-06-09T08:08:31.000Z",
    "html": "",
    "externalScripts": "",
    "updaterUID": "bd-2829534522",
    "theme": "",
    "layout": "",
    "viewCount": 34,
    "userName": "康***森",
    "commentCount": 0,
    "starCount": 1,
    "isStared": 0,
    "thumbnailURL": "https://www.makeapie.com/ecg-storage/ec_gallery_thumbnail/xuQJo2b9N.png?v=1591690111338",
    "isCustomThumbnail": 0,
    "builtinTags": [
        "category-work",
        "grid",
        "series-line",
        "tooltip"
    ],
    "customTags": [],
    "updaterUserName": "康***森"
}