{
    "cid": "xwqIlihW4",
    "authorUid": "bd-3161425597",
    "authorUserName": "魑***魅",
    "title": "数据图片展示",
    "description": "",
    "latestVersion": 2,
    "alwaysLatest": 1,
    "createTime": "2019-10-24T08:00:41.000Z",
    "lastUpdateTime": "2019-10-24T08:00:41.000Z",
    "auth": 2,
    "uid": "bd-3161425597",
    "publishedVersion": 0,
    "forkFrom": "-",
    "isSpam": 0,
    "version": 2,
    "parentVersion": 1,
    "echartsVersion": "4.4.0",
    "versionCreateTime": "2019-10-24T08:10:27.000Z",
    "html": "",
    "externalScripts": "",
    "updaterUID": "bd-3161425597",
    "theme": "",
    "layout": "",
    "viewCount": 43,
    "userName": "魑***魅",
    "commentCount": 0,
    "starCount": 0,
    "isStared": 0,
    "thumbnailURL": "https://www.makeapie.com/ecg-storage/ec_gallery_thumbnail/xwqIlihW4.png?v=1571904627876",
    "isCustomThumbnail": 0,
    "builtinTags": [
        "category-work",
        "grid",
        "series-pictorialBar",
        "tooltip"
    ],
    "customTags": [],
    "updaterUserName": "魑***魅"
}