{
    "cid": "xBJ_pNe2JG",
    "authorUid": "bd-1750847238",
    "authorUserName": "angerlabayou",
    "title": "产品五天销量",
    "description": "",
    "latestVersion": 1,
    "alwaysLatest": 1,
    "createTime": "2017-11-17T05:33:52.000Z",
    "lastUpdateTime": "2017-11-17T05:33:52.000Z",
    "auth": 2,
    "uid": "bd-1750847238",
    "publishedVersion": 0,
    "forkFrom": "-",
    "isSpam": 0,
    "version": 1,
    "parentVersion": -1,
    "echartsVersion": "3.8.0",
    "versionCreateTime": "2017-11-17T05:33:52.000Z",
    "html": "",
    "externalScripts": "",
    "updaterUID": "bd-1750847238",
    "theme": "",
    "layout": "",
    "viewCount": 169,
    "userName": "angerlabayou",
    "commentCount": 0,
    "starCount": 0,
    "isStared": 0,
    "thumbnailURL": "https://www.makeapie.com/ecg-storage/ec_gallery_thumbnail/xBJ_pNe2JG.png?v=1510896832451",
    "isCustomThumbnail": 0,
    "builtinTags": [
        "category-work",
        "grid",
        "series-bar",
        "title"
    ],
    "customTags": [],
    "updaterUserName": "angerlabayou"
}