{
    "cid": "xBJ_dPghkG",
    "authorUid": "bd-3759729079",
    "authorUserName": "張張張張張小纯",
    "title": "6662",
    "description": "",
    "latestVersion": 3,
    "alwaysLatest": 1,
    "createTime": "2017-11-17T05:45:20.000Z",
    "lastUpdateTime": "2017-11-17T05:45:20.000Z",
    "auth": 2,
    "uid": "bd-3759729079",
    "publishedVersion": 0,
    "forkFrom": "-",
    "isSpam": 0,
    "version": 3,
    "parentVersion": 2,
    "echartsVersion": "3.8.0",
    "versionCreateTime": "2017-11-17T06:02:49.000Z",
    "html": "",
    "externalScripts": "",
    "updaterUID": "bd-3759729079",
    "theme": "",
    "layout": "",
    "viewCount": 331,
    "userName": "張張張張張小纯",
    "commentCount": 0,
    "starCount": 1,
    "isStared": 0,
    "thumbnailURL": "https://www.makeapie.com/ecg-storage/ec_gallery_thumbnail/xBJ_dPghkG.png?v=1510898569416",
    "isCustomThumbnail": 0,
    "builtinTags": [
        "category-work",
        "grid",
        "legend",
        "series-bar",
        "tooltip"
    ],
    "customTags": [],
    "updaterUserName": "張張張張張小纯"
}