{
    "cid": "xBkfRExhkG",
    "authorUid": "bd-3463934074",
    "authorUserName": "a普拉斯",
    "title": "Horace #12",
    "description": "example",
    "latestVersion": 1,
    "alwaysLatest": 1,
    "createTime": "2017-11-17T05:34:01.000Z",
    "lastUpdateTime": "2017-11-17T05:36:35.000Z",
    "auth": 2,
    "uid": "bd-3463934074",
    "publishedVersion": 0,
    "forkFrom": "-",
    "isSpam": 0,
    "version": 1,
    "parentVersion": -1,
    "echartsVersion": "3.8.0",
    "versionCreateTime": "2017-11-17T05:34:01.000Z",
    "html": "",
    "externalScripts": "",
    "updaterUID": "bd-3463934074",
    "theme": "vintage",
    "layout": "",
    "viewCount": 97,
    "userName": "a普拉斯",
    "commentCount": 0,
    "starCount": 0,
    "isStared": 0,
    "thumbnailURL": "https://www.makeapie.com/ecg-storage/ec_gallery_thumbnail/xBkfRExhkG.png?v=1510896841917",
    "isCustomThumbnail": 0,
    "builtinTags": [],
    "customTags": [],
    "updaterUserName": "a普拉斯"
}