{
    "cid": "xHyLZLRi1M",
    "authorUid": "bd-2695027667",
    "authorUserName": "188******41",
    "title": "Awesome Chart",
    "description": "",
    "latestVersion": 3,
    "alwaysLatest": 1,
    "createTime": "2017-11-17T03:22:38.000Z",
    "lastUpdateTime": "2017-11-17T03:22:38.000Z",
    "auth": 2,
    "uid": "bd-2695027667",
    "publishedVersion": 0,
    "forkFrom": "-",
    "isSpam": 0,
    "version": 3,
    "parentVersion": 1,
    "echartsVersion": "3.8.0",
    "versionCreateTime": "2017-11-17T03:48:32.000Z",
    "html": "",
    "externalScripts": "",
    "updaterUID": "bd-2695027667",
    "theme": "",
    "layout": "",
    "viewCount": 15,
    "userName": "188******41",
    "commentCount": 0,
    "starCount": 0,
    "isStared": 0,
    "thumbnailURL": "https://www.makeapie.com/ecg-storage/ec_gallery_thumbnail/xHyLZLRi1M.png?v=1510890512250",
    "isCustomThumbnail": 0,
    "builtinTags": [
        "category-work",
        "grid",
        "series-line",
        "title"
    ],
    "customTags": [],
    "updaterUserName": "188******41"
}