{
    "cid": "xHyXC4x3yf",
    "authorUid": "bd-198139047",
    "authorUserName": "超级史丹阳",
    "title": "astren",
    "description": "挺好的",
    "latestVersion": 3,
    "alwaysLatest": 1,
    "createTime": "2017-11-17T05:34:03.000Z",
    "lastUpdateTime": "2017-11-17T05:34:03.000Z",
    "auth": 2,
    "uid": "bd-198139047",
    "publishedVersion": 0,
    "forkFrom": "-",
    "isSpam": 0,
    "version": 3,
    "parentVersion": 2,
    "echartsVersion": "3.8.0",
    "versionCreateTime": "2017-12-12T08:26:35.000Z",
    "html": "",
    "externalScripts": "",
    "updaterUID": "bd-198139047",
    "theme": "",
    "layout": "",
    "viewCount": 23,
    "userName": "超级史丹阳",
    "commentCount": 0,
    "starCount": 0,
    "isStared": 0,
    "thumbnailURL": "https://www.makeapie.com/ecg-storage/ec_gallery_thumbnail/xHyXC4x3yf.png?v=1513067195084",
    "isCustomThumbnail": 0,
    "builtinTags": [
        "category-work",
        "grid",
        "series-bar",
        "title"
    ],
    "customTags": [],
    "updaterUserName": "超级史丹阳"
}