{
    "cid": "xr1ncPenyz",
    "authorUid": "bd-3129520144",
    "authorUserName": "158******49",
    "title": "1",
    "description": "",
    "latestVersion": 4,
    "alwaysLatest": 1,
    "createTime": "2017-11-17T05:45:55.000Z",
    "lastUpdateTime": "2017-11-17T06:03:08.000Z",
    "auth": 2,
    "uid": "bd-3129520144",
    "publishedVersion": 0,
    "forkFrom": "-",
    "isSpam": 0,
    "version": 4,
    "parentVersion": 3,
    "echartsVersion": "3.8.0",
    "versionCreateTime": "2017-11-17T06:03:41.000Z",
    "html": "",
    "externalScripts": "",
    "updaterUID": "bd-3129520144",
    "theme": "default",
    "layout": "",
    "viewCount": 27,
    "userName": "158******49",
    "commentCount": 0,
    "starCount": 0,
    "isStared": 0,
    "thumbnailURL": "https://www.makeapie.com/ecg-storage/ec_gallery_thumbnail/xr1ncPenyz.png?v=1510898621394",
    "isCustomThumbnail": 0,
    "builtinTags": [
        "category-work",
        "grid",
        "legend",
        "series-bar",
        "tooltip"
    ],
    "customTags": [],
    "updaterUserName": "158******49"
}