{
    "cid": "xr1RaiCiJG",
    "authorUid": "bd-792704989",
    "authorUserName": "_Renesmee__",
    "title": "战狼2",
    "description": "抽样调查来自: BaekruiHn",
    "latestVersion": 1,
    "alwaysLatest": 1,
    "createTime": "2017-11-17T03:47:18.000Z",
    "lastUpdateTime": "2017-11-17T03:47:18.000Z",
    "auth": 2,
    "uid": "bd-792704989",
    "publishedVersion": 0,
    "forkFrom": "-",
    "isSpam": 0,
    "version": 1,
    "parentVersion": -1,
    "echartsVersion": "3.8.0",
    "versionCreateTime": "2017-11-17T03:47:18.000Z",
    "html": "",
    "externalScripts": "",
    "updaterUID": "bd-792704989",
    "theme": "infographic",
    "layout": "",
    "viewCount": 44,
    "userName": "_Renesmee__",
    "commentCount": 0,
    "starCount": 0,
    "isStared": 0,
    "thumbnailURL": "https://www.makeapie.com/ecg-storage/ec_gallery_thumbnail/xr1RaiCiJG.png?v=1510890438312",
    "isCustomThumbnail": 0,
    "builtinTags": [
        "category-work",
        "legend",
        "series-pie",
        "title",
        "tooltip"
    ],
    "customTags": [],
    "updaterUserName": "_Renesmee__"
}