{
    "cid": "xrJ_04lnJf",
    "authorUid": "bd-607966589",
    "authorUserName": "281315514lwy",
    "title": "啦啦啦",
    "description": "第一次数据可视化成品",
    "latestVersion": 1,
    "alwaysLatest": 1,
    "createTime": "2017-11-17T05:34:08.000Z",
    "lastUpdateTime": "2017-11-17T05:34:08.000Z",
    "auth": 2,
    "uid": "bd-607966589",
    "publishedVersion": 0,
    "forkFrom": "-",
    "isSpam": 0,
    "version": 1,
    "parentVersion": -1,
    "echartsVersion": "3.8.0",
    "versionCreateTime": "2017-11-17T05:34:08.000Z",
    "html": "",
    "externalScripts": "",
    "updaterUID": "bd-607966589",
    "theme": "",
    "layout": "",
    "viewCount": 22,
    "userName": "281315514lwy",
    "commentCount": 0,
    "starCount": 0,
    "isStared": 0,
    "thumbnailURL": "https://www.makeapie.com/ecg-storage/ec_gallery_thumbnail/xrJ_04lnJf.png?v=1510896848601",
    "isCustomThumbnail": 0,
    "builtinTags": [
        "category-work",
        "grid",
        "series-bar",
        "title"
    ],
    "customTags": [],
    "updaterUserName": "281315514lwy"
}