{
    "cid": "xS1yRj0oyf",
    "authorUid": "bd-388611864",
    "authorUserName": "暖日阳光半倾城",
    "title": "..",
    "description": "数据",
    "latestVersion": 1,
    "alwaysLatest": 1,
    "createTime": "2017-11-17T03:47:19.000Z",
    "lastUpdateTime": "2017-11-17T03:47:19.000Z",
    "auth": 2,
    "uid": "bd-388611864",
    "publishedVersion": 0,
    "forkFrom": "-",
    "isSpam": 0,
    "version": 1,
    "parentVersion": -1,
    "echartsVersion": "3.8.0",
    "versionCreateTime": "2017-11-17T03:47:19.000Z",
    "html": "",
    "externalScripts": "",
    "updaterUID": "bd-388611864",
    "theme": "vintage",
    "layout": "",
    "viewCount": 37,
    "userName": "暖日阳光半倾城",
    "commentCount": 0,
    "starCount": 0,
    "isStared": 0,
    "thumbnailURL": "https://www.makeapie.com/ecg-storage/ec_gallery_thumbnail/xS1yRj0oyf.png?v=1510890439529",
    "isCustomThumbnail": 0,
    "builtinTags": [
        "category-work",
        "legend",
        "series-pie",
        "title",
        "tooltip"
    ],
    "customTags": [],
    "updaterUserName": "暖日阳光半倾城"
}