{
    "cid": "xSJ1Rvl2JM",
    "authorUid": "bd-2138268889",
    "authorUserName": "得差不多了",
    "title": "MM",
    "description": "",
    "latestVersion": 2,
    "alwaysLatest": 1,
    "createTime": "2017-11-17T05:46:46.000Z",
    "lastUpdateTime": "2017-11-17T06:03:33.000Z",
    "auth": 2,
    "uid": "bd-2138268889",
    "publishedVersion": 0,
    "forkFrom": "-",
    "isSpam": 0,
    "version": 2,
    "parentVersion": 1,
    "echartsVersion": "3.8.0",
    "versionCreateTime": "2017-11-17T06:03:58.000Z",
    "html": "",
    "externalScripts": "",
    "updaterUID": "bd-2138268889",
    "theme": "vintage",
    "layout": "",
    "viewCount": 6,
    "userName": "得差不多了",
    "commentCount": 0,
    "starCount": 0,
    "isStared": 0,
    "thumbnailURL": "https://www.makeapie.com/ecg-storage/ec_gallery_thumbnail/xSJ1Rvl2JM.png?v=1510898638369",
    "isCustomThumbnail": 0,
    "builtinTags": [
        "category-work",
        "grid",
        "legend",
        "series-bar",
        "tooltip"
    ],
    "customTags": [],
    "updaterUserName": "得差不多了"
}