{
    "cid": "xSkfp4x3Jz",
    "authorUid": "bd-1795274437",
    "authorUserName": "鸡***饼",
    "title": "佳音老蜜儿",
    "description": "佳音老蜜儿的快递统计",
    "latestVersion": 1,
    "alwaysLatest": 1,
    "createTime": "2017-11-17T05:33:45.000Z",
    "lastUpdateTime": "2017-11-17T05:35:32.000Z",
    "auth": 2,
    "uid": "bd-1795274437",
    "publishedVersion": 0,
    "forkFrom": "-",
    "isSpam": 0,
    "version": 1,
    "parentVersion": -1,
    "echartsVersion": "3.8.0",
    "versionCreateTime": "2017-11-17T05:33:45.000Z",
    "html": "",
    "externalScripts": "",
    "updaterUID": "bd-1795274437",
    "theme": "macarons",
    "layout": "",
    "viewCount": 21,
    "userName": "鸡***饼",
    "commentCount": 0,
    "starCount": 0,
    "isStared": 0,
    "thumbnailURL": "https://www.makeapie.com/ecg-storage/ec_gallery_thumbnail/xSkfp4x3Jz.png?v=1510896826041",
    "isCustomThumbnail": 0,
    "builtinTags": [],
    "customTags": [],
    "updaterUserName": "鸡***饼"
}