{
    "cid": "xSklkp0jkM",
    "authorUid": "bd-2758862834",
    "authorUserName": "1996晴天time",
    "title": "特性示例：渐变色 阴影 点击缩放",
    "description": "Feature Sample: Gradient Color, Shadow, Click Zoom",
    "latestVersion": 1,
    "alwaysLatest": 1,
    "createTime": "2017-11-17T03:51:51.000Z",
    "lastUpdateTime": "2017-11-17T03:51:51.000Z",
    "auth": 2,
    "uid": "bd-2758862834",
    "publishedVersion": 0,
    "forkFrom": "-",
    "isSpam": 0,
    "version": 1,
    "parentVersion": -1,
    "echartsVersion": "3.8.0",
    "versionCreateTime": "2017-11-17T03:51:51.000Z",
    "html": "",
    "externalScripts": "",
    "updaterUID": "bd-2758862834",
    "theme": "",
    "layout": "",
    "viewCount": 94,
    "userName": "1996晴天time",
    "commentCount": 0,
    "starCount": 0,
    "isStared": 0,
    "thumbnailURL": "https://www.makeapie.com/ecg-storage/ec_gallery_thumbnail/xSklkp0jkM.png?v=1510890711984",
    "isCustomThumbnail": 0,
    "builtinTags": [
        "category-work",
        "legend",
        "series-pie",
        "title",
        "tooltip"
    ],
    "customTags": [],
    "updaterUserName": "1996晴天time"
}