{
    "cid": "xSyWzRAjJz",
    "authorUid": "bd-2654195025",
    "authorUserName": "Treacherous_22",
    "title": "阶梯瀑布图",
    "description": "From ExcelHome",
    "latestVersion": 6,
    "alwaysLatest": 1,
    "createTime": "2017-11-17T03:56:56.000Z",
    "lastUpdateTime": "2017-11-17T03:56:56.000Z",
    "auth": 2,
    "uid": "bd-2654195025",
    "publishedVersion": 0,
    "forkFrom": "-",
    "isSpam": 0,
    "version": 6,
    "parentVersion": 5,
    "echartsVersion": "3.8.0",
    "versionCreateTime": "2017-12-01T08:36:15.000Z",
    "html": "",
    "externalScripts": "",
    "updaterUID": "bd-2654195025",
    "theme": "vintage",
    "layout": "",
    "viewCount": 86,
    "userName": "Treacherous_22",
    "commentCount": 0,
    "starCount": 0,
    "isStared": 0,
    "thumbnailURL": "https://www.makeapie.com/ecg-storage/ec_gallery_thumbnail/xSyWzRAjJz.png?v=1512117376009",
    "isCustomThumbnail": 0,
    "builtinTags": [
        "category-work",
        "legend",
        "series-pie",
        "title",
        "tooltip"
    ],
    "customTags": [],
    "updaterUserName": "Treacherous_22"
}