{
    "cid": "xB56tfWirM",
    "authorUid": "bd-2536962124",
    "authorUserName": "韩***翎",
    "title": "单兵执行分析",
    "description": "",
    "latestVersion": 2,
    "alwaysLatest": 1,
    "createTime": "2019-08-01T07:24:19.000Z",
    "lastUpdateTime": "2019-08-01T07:24:19.000Z",
    "auth": 2,
    "uid": "bd-2536962124",
    "publishedVersion": 0,
    "forkFrom": "-",
    "isSpam": 0,
    "version": 2,
    "parentVersion": 1,
    "echartsVersion": "4.2.1",
    "versionCreateTime": "2019-08-01T07:32:50.000Z",
    "html": "",
    "externalScripts": "",
    "updaterUID": "bd-2536962124",
    "theme": "",
    "layout": "",
    "viewCount": 379,
    "userName": "韩***翎",
    "commentCount": 0,
    "starCount": 2,
    "isStared": 0,
    "thumbnailURL": "https://www.makeapie.com/ecg-storage/ec_gallery_thumbnail/xB56tfWirM.png?v=1564644770373",
    "isCustomThumbnail": 0,
    "builtinTags": [
        "category-work",
        "dataZoom",
        "grid",
        "series-bar",
        "tooltip"
    ],
    "customTags": [],
    "updaterUserName": "韩***翎"
}