{
    "cid": "xDT25hpQeV",
    "authorUid": "bd-3658057009",
    "authorUserName": "j***4",
    "title": "最强NBA球星关系图谱",
    "description": "最强NBA球星关系图谱",
    "latestVersion": 3,
    "alwaysLatest": 1,
    "createTime": "2019-08-02T08:32:07.000Z",
    "lastUpdateTime": "2019-08-02T08:43:10.000Z",
    "auth": 2,
    "uid": "bd-3658057009",
    "publishedVersion": 0,
    "forkFrom": "-",
    "isSpam": 0,
    "version": 3,
    "parentVersion": 2,
    "echartsVersion": "4.2.1",
    "versionCreateTime": "2019-08-02T08:38:30.000Z",
    "html": "",
    "externalScripts": "",
    "updaterUID": "bd-3658057009",
    "theme": "default",
    "layout": "",
    "viewCount": 2146,
    "userName": "j***4",
    "commentCount": 4,
    "starCount": 3,
    "isStared": 0,
    "thumbnailURL": "https://www.makeapie.com/ecg-storage/ec_gallery_thumbnail/xDT25hpQeV.png?v=1564735111116",
    "isCustomThumbnail": 0,
    "builtinTags": [],
    "customTags": [],
    "updaterUserName": "j***4"
}