{
    "cid": "xGxd-giu5T",
    "authorUid": "bd-2536962124",
    "authorUserName": "韩***翎",
    "title": "平安会展--平安评估健康评分",
    "description": "",
    "latestVersion": 2,
    "alwaysLatest": 1,
    "createTime": "2019-07-31T11:14:08.000Z",
    "lastUpdateTime": "2019-07-31T11:14:08.000Z",
    "auth": 2,
    "uid": "bd-2536962124",
    "publishedVersion": 0,
    "forkFrom": "-",
    "isSpam": 0,
    "version": 2,
    "parentVersion": 1,
    "echartsVersion": "4.2.1",
    "versionCreateTime": "2019-08-09T03:09:35.000Z",
    "html": "",
    "externalScripts": "",
    "updaterUID": "bd-2536962124",
    "theme": "",
    "layout": "",
    "viewCount": 471,
    "userName": "韩***翎",
    "commentCount": 0,
    "starCount": 0,
    "isStared": 0,
    "thumbnailURL": "https://www.makeapie.com/ecg-storage/ec_gallery_thumbnail/xGxd-giu5T.png?v=1565320175248",
    "isCustomThumbnail": 0,
    "builtinTags": [
        "category-work",
        "graphic",
        "series-gauge",
        "series-pie",
        "tooltip"
    ],
    "customTags": [],
    "updaterUserName": "韩***翎"
}