{
    "cid": "xhBTASQXrG",
    "authorUid": "bd-455828630",
    "authorUserName": "s***f",
    "title": "包含合计的多环图",
    "description": "包含合计，自适应技术",
    "latestVersion": 1,
    "alwaysLatest": 1,
    "createTime": "2019-08-01T12:19:00.000Z",
    "lastUpdateTime": "2019-08-01T12:19:00.000Z",
    "auth": 2,
    "uid": "bd-455828630",
    "publishedVersion": 0,
    "forkFrom": "-",
    "isSpam": 0,
    "version": 1,
    "parentVersion": -1,
    "echartsVersion": "4.2.1",
    "versionCreateTime": "2019-08-01T12:19:00.000Z",
    "html": "",
    "externalScripts": "",
    "updaterUID": "bd-455828630",
    "theme": "",
    "layout": "",
    "viewCount": 104,
    "userName": "s***f",
    "commentCount": 0,
    "starCount": 0,
    "isStared": 0,
    "thumbnailURL": "https://www.makeapie.com/ecg-storage/ec_gallery_thumbnail/xhBTASQXrG.png?v=1564661940262",
    "isCustomThumbnail": 0,
    "builtinTags": [
        "category-work",
        "series-pie"
    ],
    "customTags": [],
    "updaterUserName": "s***f"
}