{
    "cid": "xMBGOadzBm",
    "authorUid": "bd-3074213604",
    "authorUserName": "你***哥",
    "title": "固定xy轴的刻度",
    "description": "",
    "latestVersion": 5,
    "alwaysLatest": 1,
    "createTime": "2019-07-30T11:58:14.000Z",
    "lastUpdateTime": "2019-07-30T11:58:14.000Z",
    "auth": 2,
    "uid": "bd-3074213604",
    "publishedVersion": 0,
    "forkFrom": "-",
    "isSpam": 0,
    "version": 5,
    "parentVersion": 4,
    "echartsVersion": "4.2.1",
    "versionCreateTime": "2019-07-31T09:00:53.000Z",
    "html": "",
    "externalScripts": "https://unpkg.com/dayjs",
    "updaterUID": "bd-3074213604",
    "theme": "",
    "layout": "",
    "viewCount": 36,
    "userName": "你***哥",
    "commentCount": 0,
    "starCount": 0,
    "isStared": 0,
    "thumbnailURL": "https://www.makeapie.com/ecg-storage/ec_gallery_thumbnail/xMBGOadzBm.png?v=1564563653505",
    "isCustomThumbnail": 0,
    "builtinTags": [
        "category-work",
        "grid",
        "legend",
        "series-line",
        "tooltip"
    ],
    "customTags": [],
    "updaterUserName": "你***哥"
}