{
    "cid": "xty2CXnzff",
    "authorUid": "bd-3348891277",
    "authorUserName": "乐***8",
    "title": "资产月处理",
    "description": "",
    "latestVersion": 3,
    "alwaysLatest": 1,
    "createTime": "2019-07-31T06:49:45.000Z",
    "lastUpdateTime": "2019-07-31T06:49:45.000Z",
    "auth": 2,
    "uid": "bd-3348891277",
    "publishedVersion": 0,
    "forkFrom": "-",
    "isSpam": 0,
    "version": 3,
    "parentVersion": 2,
    "echartsVersion": "4.2.1",
    "versionCreateTime": "2019-07-31T09:33:38.000Z",
    "html": "",
    "externalScripts": "",
    "updaterUID": "bd-3348891277",
    "theme": "",
    "layout": "",
    "viewCount": 389,
    "userName": "乐***8",
    "commentCount": 0,
    "starCount": 0,
    "isStared": 0,
    "thumbnailURL": "https://www.makeapie.com/ecg-storage/ec_gallery_thumbnail/xty2CXnzff.png?v=1564565618202",
    "isCustomThumbnail": 0,
    "builtinTags": [
        "category-work",
        "grid",
        "legend",
        "series-bar",
        "series-line",
        "toolbox",
        "tooltip"
    ],
    "customTags": [],
    "updaterUserName": "乐***8"
}