{
    "cid": "xUuuecYd50",
    "authorUid": "bd-1377782552",
    "authorUserName": "l***5",
    "title": "折线在起始绘制",
    "description": "折线在起始绘制",
    "latestVersion": 1,
    "alwaysLatest": 1,
    "createTime": "2019-08-02T08:24:27.000Z",
    "lastUpdateTime": "2019-08-02T08:24:27.000Z",
    "auth": 2,
    "uid": "bd-1377782552",
    "publishedVersion": 0,
    "forkFrom": "-",
    "isSpam": 0,
    "version": 1,
    "parentVersion": -1,
    "echartsVersion": "4.2.1",
    "versionCreateTime": "2019-08-02T08:24:27.000Z",
    "html": "",
    "externalScripts": "",
    "updaterUID": "bd-1377782552",
    "theme": "",
    "layout": "",
    "viewCount": 45,
    "userName": "l***5",
    "commentCount": 0,
    "starCount": 0,
    "isStared": 0,
    "thumbnailURL": "https://www.makeapie.com/ecg-storage/ec_gallery_thumbnail/xUuuecYd50.png?v=1564734268065",
    "isCustomThumbnail": 0,
    "builtinTags": [
        "category-work",
        "dataZoom",
        "grid",
        "legend",
        "series-bar",
        "series-line",
        "title",
        "toolbox",
        "tooltip"
    ],
    "customTags": [],
    "updaterUserName": "l***5"
}