{
    "cid": "xwGVzj83GC",
    "authorUid": "bd-2536962124",
    "authorUserName": "韩***翎",
    "title": "预案执行效率分析",
    "description": "",
    "latestVersion": 1,
    "alwaysLatest": 1,
    "createTime": "2019-08-01T06:41:47.000Z",
    "lastUpdateTime": "2019-08-01T06:41:47.000Z",
    "auth": 2,
    "uid": "bd-2536962124",
    "publishedVersion": 0,
    "forkFrom": "-",
    "isSpam": 0,
    "version": 1,
    "parentVersion": -1,
    "echartsVersion": "4.2.1",
    "versionCreateTime": "2019-08-01T06:41:47.000Z",
    "html": "",
    "externalScripts": "",
    "updaterUID": "bd-2536962124",
    "theme": "",
    "layout": "",
    "viewCount": 33,
    "userName": "韩***翎",
    "commentCount": 0,
    "starCount": 0,
    "isStared": 0,
    "thumbnailURL": "https://www.makeapie.com/ecg-storage/ec_gallery_thumbnail/xwGVzj83GC.png?v=1564641707325",
    "isCustomThumbnail": 0,
    "builtinTags": [
        "category-work",
        "grid",
        "series-bar",
        "title",
        "tooltip"
    ],
    "customTags": [],
    "updaterUserName": "韩***翎"
}