{
    "cid": "x-GKBfEJTp",
    "authorUid": "obd-o2pLp-mjfOYKu7p_y_CppZ-gZ5YLe6S",
    "authorUserName": "s***0",
    "title": "富文本标签",
    "description": "ECharts数据可视化入门、实战与进阶11.1",
    "latestVersion": 2,
    "alwaysLatest": 1,
    "createTime": "2021-02-08T13:41:05.000Z",
    "lastUpdateTime": "2021-12-14T13:46:39.000Z",
    "auth": 1,
    "uid": "obd-o2pLp-mjfOYKu7p_y_CppZ-gZ5YLe6S",
    "publishedVersion": 0,
    "forkFrom": "-",
    "isSpam": 0,
    "version": 2,
    "parentVersion": 1,
    "echartsVersion": "4.9.0",
    "versionCreateTime": "2021-12-14T13:46:39.000Z",
    "html": "",
    "externalScripts": "",
    "updaterUID": "bd-2838182126",
    "theme": "",
    "layout": "",
    "viewCount": 65,
    "userName": "s***0",
    "commentCount": 0,
    "starCount": 2,
    "isStared": 0,
    "thumbnailURL": "https://www.makeapie.com/ecg-storage/ec_gallery_thumbnail/x-GKBfEJTp.png?v=1639489599404",
    "isCustomThumbnail": 0,
    "builtinTags": [
        "category-work",
        "grid",
        "series-scatter"
    ],
    "customTags": [],
    "updaterUserName": "小***7"
}