{
    "cid": "x2aAN8WAfz",
    "authorUid": "obd-oEywtNz2NG7QRiqwc902h4l4c8DM74N",
    "authorUserName": "131*****110",
    "title": "印尼各省数据",
    "description": "",
    "latestVersion": 6,
    "alwaysLatest": 1,
    "createTime": "2021-02-05T14:36:17.000Z",
    "lastUpdateTime": "2021-02-05T14:36:17.000Z",
    "auth": 2,
    "uid": "obd-oEywtNz2NG7QRiqwc902h4l4c8DM74N",
    "publishedVersion": 0,
    "forkFrom": "-",
    "isSpam": 0,
    "version": 6,
    "parentVersion": 5,
    "echartsVersion": "4.8.0",
    "versionCreateTime": "2021-02-07T02:54:52.000Z",
    "html": "",
    "externalScripts": "/asset/get/s/data-1607996641366-ChGC6sTe-.js",
    "updaterUID": "obd-oEywtNz2NG7QRiqwc902h4l4c8DM74N",
    "theme": "",
    "layout": "",
    "viewCount": 38,
    "userName": "131*****110",
    "commentCount": 0,
    "starCount": 0,
    "isStared": 0,
    "thumbnailURL": "https://www.makeapie.com/ecg-storage/ec_gallery_thumbnail/x2aAN8WAfz.png?v=1612666492572",
    "isCustomThumbnail": 0,
    "builtinTags": [
        "category-work",
        "series-map",
        "title",
        "toolbox",
        "tooltip",
        "visualMap"
    ],
    "customTags": [],
    "updaterUserName": "131*****110"
}