{
    "cid": "x4Ko8oI38W",
    "authorUid": "bd-839832962",
    "authorUserName": "c***6",
    "title": "柱状图设计1-带滑动条、柱子带圆弧角",
    "description": "柱状图设计1-带滑动条（缩放条）、柱子带圆弧角 -- chunlynn个人备份",
    "latestVersion": 5,
    "alwaysLatest": 1,
    "createTime": "2021-02-06T01:49:47.000Z",
    "lastUpdateTime": "2021-02-06T01:49:47.000Z",
    "auth": 2,
    "uid": "bd-839832962",
    "publishedVersion": 0,
    "forkFrom": "-",
    "isSpam": 0,
    "version": 5,
    "parentVersion": 4,
    "echartsVersion": "4.8.0",
    "versionCreateTime": "2021-02-06T03:27:41.000Z",
    "html": "",
    "externalScripts": "",
    "updaterUID": "bd-839832962",
    "theme": "",
    "layout": "",
    "viewCount": 232,
    "userName": "c***6",
    "commentCount": 0,
    "starCount": 1,
    "isStared": 0,
    "thumbnailURL": "https://www.makeapie.com/ecg-storage/ec_gallery_thumbnail/x4Ko8oI38W.png?v=1612582061871",
    "isCustomThumbnail": 0,
    "builtinTags": [
        "category-work",
        "dataZoom",
        "grid",
        "legend",
        "series-bar",
        "title",
        "tooltip"
    ],
    "customTags": [
        "柱状图"
    ],
    "updaterUserName": "c***6"
}