{
    "cid": "xdHvtCo7VR",
    "authorUid": "obd-o0gOU8gu-Dic1TA-PlVR0edkajayQFE",
    "authorUserName": "滔***t",
    "title": "score",
    "description": "",
    "latestVersion": 1,
    "alwaysLatest": 1,
    "createTime": "2021-02-07T08:45:29.000Z",
    "lastUpdateTime": "2021-02-07T08:45:29.000Z",
    "auth": 2,
    "uid": "obd-o0gOU8gu-Dic1TA-PlVR0edkajayQFE",
    "publishedVersion": 0,
    "forkFrom": "-",
    "isSpam": 0,
    "version": 1,
    "parentVersion": -1,
    "echartsVersion": "4.8.0",
    "versionCreateTime": "2021-02-07T08:45:30.000Z",
    "html": "",
    "externalScripts": "",
    "updaterUID": "obd-o0gOU8gu-Dic1TA-PlVR0edkajayQFE",
    "theme": "",
    "layout": "",
    "viewCount": 34,
    "userName": "滔***t",
    "commentCount": 0,
    "starCount": 1,
    "isStared": 0,
    "thumbnailURL": "https://www.makeapie.com/ecg-storage/ec_gallery_thumbnail/xdHvtCo7VR.png?v=1612687530239",
    "isCustomThumbnail": 0,
    "builtinTags": [
        "category-work",
        "grid",
        "legend",
        "markPoint",
        "series-bar",
        "toolbox"
    ],
    "customTags": [],
    "updaterUserName": "滔***t"
}