{
    "cid": "xFcMjfBeZv",
    "authorUid": "bd-839832962",
    "authorUserName": "c***6",
    "title": "柱状图设计2---三个柱子对比、堆叠图",
    "description": "柱状图设计2---三个柱子对比、堆叠图--chunlynn个人备份",
    "latestVersion": 8,
    "alwaysLatest": 1,
    "createTime": "2021-02-06T02:09:18.000Z",
    "lastUpdateTime": "2021-02-06T02:09:18.000Z",
    "auth": 2,
    "uid": "bd-839832962",
    "publishedVersion": 0,
    "forkFrom": "-",
    "isSpam": 0,
    "version": 8,
    "parentVersion": 7,
    "echartsVersion": "4.8.0",
    "versionCreateTime": "2021-02-06T03:24:41.000Z",
    "html": "",
    "externalScripts": "",
    "updaterUID": "bd-839832962",
    "theme": "",
    "layout": "",
    "viewCount": 182,
    "userName": "c***6",
    "commentCount": 0,
    "starCount": 0,
    "isStared": 0,
    "thumbnailURL": "https://www.makeapie.com/ecg-storage/ec_gallery_thumbnail/xFcMjfBeZv.png?v=1612581881779",
    "isCustomThumbnail": 0,
    "builtinTags": [
        "category-work",
        "dataZoom",
        "grid",
        "legend",
        "series-bar",
        "title",
        "tooltip"
    ],
    "customTags": [
        "堆叠图",
        "柱状图"
    ],
    "updaterUserName": "c***6"
}