{
    "cid": "xjnq33Qht-",
    "authorUid": "obd-o2pLp-mjfOYKu7p_y_CppZ-gZ5YLe6S",
    "authorUserName": "s***0",
    "title": "关系图",
    "description": "ECharts数据可视化入门、实战与进阶",
    "latestVersion": 3,
    "alwaysLatest": 1,
    "createTime": "2021-02-08T04:12:38.000Z",
    "lastUpdateTime": "2021-11-02T05:32:42.000Z",
    "auth": 1,
    "uid": "obd-o2pLp-mjfOYKu7p_y_CppZ-gZ5YLe6S",
    "publishedVersion": 0,
    "forkFrom": "-",
    "isSpam": 0,
    "version": 3,
    "parentVersion": 2,
    "echartsVersion": "4.9.0",
    "versionCreateTime": "2021-11-02T05:32:42.000Z",
    "html": "",
    "externalScripts": "",
    "updaterUID": "obd-oFg6AEn3g41MHy-3Z5nLrCSkRTHuf5z",
    "theme": "",
    "layout": "",
    "viewCount": 232,
    "userName": "s***0",
    "commentCount": 0,
    "starCount": 1,
    "isStared": 0,
    "thumbnailURL": "https://www.makeapie.com/ecg-storage/ec_gallery_thumbnail/xjnq33Qht-.png?v=1635831162330",
    "isCustomThumbnail": 0,
    "builtinTags": [
        "category-work",
        "legend",
        "series-graph",
        "title"
    ],
    "customTags": [],
    "updaterUserName": "圣***奥"
}