{
    "cid": "xmpQf0Y4sS",
    "authorUid": "obd-o0gOU8gu-Dic1TA-PlVR0edkajayQFE",
    "authorUserName": "滔***t",
    "title": "educational pic1",
    "description": "",
    "latestVersion": 2,
    "alwaysLatest": 1,
    "createTime": "2021-02-07T06:37:13.000Z",
    "lastUpdateTime": "2021-02-08T03:26:03.000Z",
    "auth": 2,
    "uid": "obd-o0gOU8gu-Dic1TA-PlVR0edkajayQFE",
    "publishedVersion": 0,
    "forkFrom": "-",
    "isSpam": 0,
    "version": 2,
    "parentVersion": 1,
    "echartsVersion": "4.8.0",
    "versionCreateTime": "2021-02-08T04:33:01.000Z",
    "html": "",
    "externalScripts": "",
    "updaterUID": "obd-o0gOU8gu-Dic1TA-PlVR0edkajayQFE",
    "theme": "macarons",
    "layout": "",
    "viewCount": 25,
    "userName": "滔***t",
    "commentCount": 0,
    "starCount": 0,
    "isStared": 0,
    "thumbnailURL": "https://www.makeapie.com/ecg-storage/ec_gallery_thumbnail/xmpQf0Y4sS.png?v=1612758781571",
    "isCustomThumbnail": 0,
    "builtinTags": [],
    "customTags": [],
    "updaterUserName": "滔***t"
}