{
    "cid": "xN0sTrqBMt",
    "authorUid": "bd-19869866",
    "authorUserName": "精***男",
    "title": "线路站点连线",
    "description": "单个站点辐散连线",
    "latestVersion": 1,
    "alwaysLatest": 1,
    "createTime": "2021-02-08T02:33:22.000Z",
    "lastUpdateTime": "2021-02-08T02:33:22.000Z",
    "auth": 2,
    "uid": "bd-19869866",
    "publishedVersion": 0,
    "forkFrom": "-",
    "isSpam": 0,
    "version": 1,
    "parentVersion": -1,
    "echartsVersion": "4.8.0",
    "versionCreateTime": "2021-02-08T02:33:22.000Z",
    "html": "",
    "externalScripts": "",
    "updaterUID": "bd-19869866",
    "theme": "",
    "layout": "",
    "viewCount": 111,
    "userName": "精***男",
    "commentCount": 0,
    "starCount": 1,
    "isStared": 0,
    "thumbnailURL": "https://www.makeapie.com/ecg-storage/ec_gallery_thumbnail/xN0sTrqBMt.png?v=1612751602984",
    "isCustomThumbnail": 0,
    "builtinTags": [
        "category-work",
        "grid",
        "series-custom",
        "series-scatter"
    ],
    "customTags": [],
    "updaterUserName": "精***男"
}