{
    "cid": "xo3tdFGTV7",
    "authorUid": "bd-1177271758",
    "authorUserName": "s***五",
    "title": "时间轴-条形图加伪折线图（散点加连线）",
    "description": "创建时间轴表述时间内区段数据",
    "latestVersion": 3,
    "alwaysLatest": 1,
    "createTime": "2021-02-09T08:59:48.000Z",
    "lastUpdateTime": "2021-02-09T08:59:48.000Z",
    "auth": 2,
    "uid": "bd-1177271758",
    "publishedVersion": 0,
    "forkFrom": "-",
    "isSpam": 0,
    "version": 3,
    "parentVersion": 2,
    "echartsVersion": "4.8.0",
    "versionCreateTime": "2021-02-09T10:54:14.000Z",
    "html": "",
    "externalScripts": "",
    "updaterUID": "bd-1177271758",
    "theme": "",
    "layout": "",
    "viewCount": 68,
    "userName": "s***五",
    "commentCount": 0,
    "starCount": 0,
    "isStared": 0,
    "thumbnailURL": "https://www.makeapie.com/ecg-storage/ec_gallery_thumbnail/xo3tdFGTV7.png?v=1612868054251",
    "isCustomThumbnail": 0,
    "builtinTags": [
        "category-work",
        "dataZoom",
        "grid",
        "series-bar",
        "series-graph",
        "tooltip"
    ],
    "customTags": [],
    "updaterUserName": "s***五"
}