{
    "cid": "xqYNgc4MGN",
    "authorUid": "obd-ojMzsWxKSZO1QCZKzvlZINGDY_662EW",
    "authorUserName": "w***4",
    "title": "Evaluation Scores of current system and predictive system",
    "description": "2020 --- 2040",
    "latestVersion": 2,
    "alwaysLatest": 1,
    "createTime": "2021-02-08T02:49:28.000Z",
    "lastUpdateTime": "2021-02-08T02:49:28.000Z",
    "auth": 2,
    "uid": "obd-ojMzsWxKSZO1QCZKzvlZINGDY_662EW",
    "publishedVersion": 0,
    "forkFrom": "-",
    "isSpam": 0,
    "version": 2,
    "parentVersion": 1,
    "echartsVersion": "4.8.0",
    "versionCreateTime": "2021-02-08T05:37:59.000Z",
    "html": "",
    "externalScripts": "",
    "updaterUID": "obd-ojMzsWxKSZO1QCZKzvlZINGDY_662EW",
    "theme": "default",
    "layout": "",
    "viewCount": 29,
    "userName": "w***4",
    "commentCount": 0,
    "starCount": 0,
    "isStared": 0,
    "thumbnailURL": "https://www.makeapie.com/ecg-storage/ec_gallery_thumbnail/xqYNgc4MGN.png?v=1612762679932",
    "isCustomThumbnail": 0,
    "builtinTags": [
        "category-work",
        "legend",
        "series-pie",
        "title",
        "toolbox",
        "tooltip"
    ],
    "customTags": [],
    "updaterUserName": "w***4"
}