{
    "cid": "xv4apU7J-w",
    "authorUid": "obd-oN5FGO22cKHMLqLNDIsMx46Z1BCGdC3",
    "authorUserName": "默***y",
    "title": "sk",
    "description": "",
    "latestVersion": 1,
    "alwaysLatest": 1,
    "createTime": "2021-02-07T11:20:28.000Z",
    "lastUpdateTime": "2021-02-07T11:20:28.000Z",
    "auth": 2,
    "uid": "obd-oN5FGO22cKHMLqLNDIsMx46Z1BCGdC3",
    "publishedVersion": 0,
    "forkFrom": "-",
    "isSpam": 0,
    "version": 1,
    "parentVersion": -1,
    "echartsVersion": "4.8.0",
    "versionCreateTime": "2021-02-07T11:20:28.000Z",
    "html": "",
    "externalScripts": "",
    "updaterUID": "obd-oN5FGO22cKHMLqLNDIsMx46Z1BCGdC3",
    "theme": "",
    "layout": "",
    "viewCount": 116,
    "userName": "默***y",
    "commentCount": 0,
    "starCount": 0,
    "isStared": 0,
    "thumbnailURL": "https://www.makeapie.com/ecg-storage/ec_gallery_thumbnail/xv4apU7J-w.png?v=1612696829075",
    "isCustomThumbnail": 0,
    "builtinTags": [
        "category-work",
        "grid",
        "series-candlestick"
    ],
    "customTags": [],
    "updaterUserName": "默***y"
}