{
    "cid": "xVeR38yxAH",
    "authorUid": "bd-839832962",
    "authorUserName": "c***6",
    "title": "柱状图与折线图-3个参数的展示",
    "description": "柱状图与折线图-3个参数的展示-个人备份",
    "latestVersion": 9,
    "alwaysLatest": 1,
    "createTime": "2021-02-05T09:54:31.000Z",
    "lastUpdateTime": "2021-08-30T09:12:20.000Z",
    "auth": 1,
    "uid": "bd-839832962",
    "publishedVersion": 0,
    "forkFrom": "-",
    "isSpam": 0,
    "version": 9,
    "parentVersion": 8,
    "echartsVersion": "4.9.0",
    "versionCreateTime": "2021-08-30T09:12:21.000Z",
    "html": "",
    "externalScripts": "",
    "updaterUID": "bd-1696688313",
    "theme": "",
    "layout": "",
    "viewCount": 57,
    "userName": "c***6",
    "commentCount": 0,
    "starCount": 6,
    "isStared": 0,
    "thumbnailURL": "https://www.makeapie.com/ecg-storage/ec_gallery_thumbnail/xVeR38yxAH.png?v=1630314741247",
    "isCustomThumbnail": 0,
    "builtinTags": [
        "category-work",
        "grid",
        "legend",
        "series-bar",
        "series-line",
        "toolbox",
        "tooltip"
    ],
    "customTags": [],
    "updaterUserName": "水***6"
}