{
    "cid": "x4VQgCZ489",
    "authorUid": "obd-o2Ea8wrkofBx18EYpjBmtNJT-KamO6i",
    "authorUserName": "o***蝎",
    "title": "3D立体柱状图",
    "description": "",
    "latestVersion": 14,
    "alwaysLatest": 0,
    "createTime": "2021-05-11T07:26:40.000Z",
    "lastUpdateTime": "2021-12-24T03:44:44.000Z",
    "auth": 1,
    "uid": "obd-o2Ea8wrkofBx18EYpjBmtNJT-KamO6i",
    "publishedVersion": 0,
    "forkFrom": "-",
    "isSpam": 0,
    "version": 14,
    "parentVersion": 13,
    "echartsVersion": "4.9.0",
    "versionCreateTime": "2021-12-24T03:44:44.000Z",
    "html": "",
    "externalScripts": "",
    "updaterUID": "obd-oDTZV9ecpn-ddreydrTbrS5IuHuO11x",
    "theme": "",
    "layout": "",
    "viewCount": 0,
    "userName": "o***蝎",
    "commentCount": 0,
    "starCount": 30,
    "isStared": 0,
    "thumbnailURL": "https://www.makeapie.com/ecg-storage/ec_gallery_thumbnail/x4VQgCZ489.png?v=1640317484446",
    "isCustomThumbnail": 0,
    "builtinTags": [
        "category-work",
        "grid",
        "series-bar",
        "series-pictorialBar",
        "title"
    ],
    "customTags": [],
    "updaterUserName": "y***3"
}