{
    "cid": "x5SuhWIXgP",
    "authorUid": "obd-oM1bP2PNHM2r9UvD73vSt5BUaV9E721",
    "authorUserName": "1***r",
    "title": "",
    "description": "",
    "latestVersion": 1,
    "alwaysLatest": 0,
    "createTime": "2021-04-28T06:30:45.000Z",
    "lastUpdateTime": "2021-04-28T06:30:45.000Z",
    "auth": 2,
    "uid": "obd-oM1bP2PNHM2r9UvD73vSt5BUaV9E721",
    "publishedVersion": 0,
    "forkFrom": "-",
    "isSpam": 0,
    "version": 1,
    "parentVersion": -1,
    "echartsVersion": "5.1.1",
    "versionCreateTime": "2021-04-28T06:30:45.000Z",
    "html": "",
    "externalScripts": "",
    "updaterUID": "obd-oM1bP2PNHM2r9UvD73vSt5BUaV9E721",
    "theme": "",
    "layout": "",
    "viewCount": 0,
    "userName": "1***r",
    "commentCount": 0,
    "starCount": 35,
    "isStared": 0,
    "thumbnailURL": "https://www.makeapie.com/ecg-storage/ec_gallery_thumbnail/x5SuhWIXgP.png?v=1619591445868",
    "isCustomThumbnail": 0,
    "builtinTags": [
        "category-work",
        "legend",
        "series-pie",
        "tooltip"
    ],
    "customTags": [],
    "updaterUserName": "1***r"
}