{
    "cid": "x7PF0dgooR",
    "authorUid": "obd-otKvUULPhrQJZffXPGGtlUdsZb1yj8d",
    "authorUserName": "s***漠",
    "title": "伪3D柱图",
    "description": "",
    "latestVersion": 22,
    "alwaysLatest": 0,
    "createTime": "2021-06-03T03:38:21.000Z",
    "lastUpdateTime": "2021-12-02T10:17:04.000Z",
    "auth": 1,
    "uid": "obd-otKvUULPhrQJZffXPGGtlUdsZb1yj8d",
    "publishedVersion": 0,
    "forkFrom": "-",
    "isSpam": 0,
    "version": 22,
    "parentVersion": 21,
    "echartsVersion": "5.1.2",
    "versionCreateTime": "2021-12-02T10:17:04.000Z",
    "html": "",
    "externalScripts": "",
    "updaterUID": "obd-ojgTs_jdAA-jsHdwfk15r7p6NNzmTDK",
    "theme": "",
    "layout": "",
    "viewCount": 0,
    "userName": "s***漠",
    "commentCount": 0,
    "starCount": 34,
    "isStared": 0,
    "thumbnailURL": "https://www.makeapie.com/ecg-storage/ec_gallery_thumbnail/x7PF0dgooR.png?v=1638440224413",
    "isCustomThumbnail": 0,
    "builtinTags": [
        "category-work",
        "grid",
        "series-bar",
        "series-pictorialBar",
        "tooltip"
    ],
    "customTags": [],
    "updaterUserName": "一***心"
}