{
    "cid": "xa4R4-dWW_",
    "authorUid": "bd-925573494",
    "authorUserName": "群***乐",
    "title": "双饼图、多环",
    "description": "双饼图、多环",
    "latestVersion": 2,
    "alwaysLatest": 1,
    "createTime": "2021-03-03T02:00:17.000Z",
    "lastUpdateTime": "2021-03-03T02:00:17.000Z",
    "auth": 2,
    "uid": "bd-925573494",
    "publishedVersion": 0,
    "forkFrom": "-",
    "isSpam": 0,
    "version": 2,
    "parentVersion": 1,
    "echartsVersion": "4.8.0",
    "versionCreateTime": "2021-03-24T03:21:05.000Z",
    "html": "",
    "externalScripts": "",
    "updaterUID": "bd-925573494",
    "theme": "",
    "layout": "",
    "viewCount": 185,
    "userName": "群***乐",
    "commentCount": 0,
    "starCount": 41,
    "isStared": 0,
    "thumbnailURL": "https://www.makeapie.com/ecg-storage/ec_gallery_thumbnail/xa4R4-dWW_.png?v=1616556065882",
    "isCustomThumbnail": 0,
    "builtinTags": [
        "category-work",
        "series-pie",
        "title",
        "tooltip"
    ],
    "customTags": [],
    "updaterUserName": "群***乐"
}