{
    "cid": "xBGq7gnHzU",
    "authorUid": "obd-oD-FpfcIsnKhvgF_8QA6KIZQ6gtyF1l",
    "authorUserName": "181******56",
    "title": "热点云词",
    "description": "热点云词，根据云的背景，显示热点词汇。",
    "latestVersion": 5,
    "alwaysLatest": 1,
    "createTime": "2020-11-20T05:28:36.000Z",
    "lastUpdateTime": "2020-11-20T05:28:36.000Z",
    "auth": 2,
    "uid": "obd-oD-FpfcIsnKhvgF_8QA6KIZQ6gtyF1l",
    "publishedVersion": 0,
    "forkFrom": "-",
    "isSpam": 0,
    "version": 5,
    "parentVersion": 4,
    "echartsVersion": "4.8.0",
    "versionCreateTime": "2020-11-25T10:09:23.000Z",
    "html": "",
    "externalScripts": "https://oisanjavax.github.io/echarts-wordcloud/dist/echarts-wordcloud.min.js",
    "updaterUID": "obd-oD-FpfcIsnKhvgF_8QA6KIZQ6gtyF1l",
    "theme": "",
    "layout": "",
    "viewCount": 9634,
    "userName": "181******56",
    "commentCount": 5,
    "starCount": 74,
    "isStared": 0,
    "thumbnailURL": "https://www.makeapie.com/ecg-storage/ec_gallery_thumbnail/xBGq7gnHzU.png?v=1605850117319",
    "isCustomThumbnail": 1,
    "builtinTags": [
        "category-work",
        "grid",
        "series-pictorialBar",
        "series-wordCloud",
        "tooltip"
    ],
    "customTags": [],
    "updaterUserName": "181******56"
}