{
    "cid": "xBrTpWJ-m7",
    "authorUid": "obd-oj9m5L1LdOaoJiHWlReIJDJ9KAVlPDK",
    "authorUserName": "i***7",
    "title": "斜边柱子",
    "description": "",
    "latestVersion": 6,
    "alwaysLatest": 0,
    "createTime": "2021-05-13T15:13:43.000Z",
    "lastUpdateTime": "2021-05-13T15:13:43.000Z",
    "auth": 2,
    "uid": "obd-oj9m5L1LdOaoJiHWlReIJDJ9KAVlPDK",
    "publishedVersion": 0,
    "forkFrom": "-",
    "isSpam": 0,
    "version": 6,
    "parentVersion": 5,
    "echartsVersion": "5.1.1",
    "versionCreateTime": "2021-05-15T09:35:21.000Z",
    "html": "",
    "externalScripts": "",
    "updaterUID": "obd-oj9m5L1LdOaoJiHWlReIJDJ9KAVlPDK",
    "theme": "",
    "layout": "",
    "viewCount": 0,
    "userName": "i***7",
    "commentCount": 0,
    "starCount": 32,
    "isStared": 0,
    "thumbnailURL": "https://www.makeapie.com/ecg-storage/ec_gallery_thumbnail/xBrTpWJ-m7.png?v=1621071321327",
    "isCustomThumbnail": 0,
    "builtinTags": [
        "category-work",
        "grid",
        "series-bar",
        "title"
    ],
    "customTags": [],
    "updaterUserName": "i***7"
}