{
    "cid": "xMf8Zjd4B-",
    "authorUid": "bd-365218436",
    "authorUserName": "G***G",
    "title": "横向柱状图",
    "description": "",
    "latestVersion": 2,
    "alwaysLatest": 1,
    "createTime": "2021-02-23T01:56:29.000Z",
    "lastUpdateTime": "2021-02-23T01:56:29.000Z",
    "auth": 2,
    "uid": "bd-365218436",
    "publishedVersion": 0,
    "forkFrom": "-",
    "isSpam": 0,
    "version": 2,
    "parentVersion": 1,
    "echartsVersion": "4.8.0",
    "versionCreateTime": "2021-02-23T02:04:01.000Z",
    "html": "",
    "externalScripts": "",
    "updaterUID": "bd-365218436",
    "theme": "",
    "layout": "",
    "viewCount": 117,
    "userName": "G***G",
    "commentCount": 0,
    "starCount": 40,
    "isStared": 0,
    "thumbnailURL": "https://www.makeapie.com/ecg-storage/ec_gallery_thumbnail/xMf8Zjd4B-.png?v=1614045841585",
    "isCustomThumbnail": 0,
    "builtinTags": [
        "category-work",
        "grid",
        "series-bar",
        "tooltip"
    ],
    "customTags": [],
    "updaterUserName": "G***G"
}