{
    "cid": "xrwH_qvRep",
    "authorUid": "bd-925573494",
    "authorUserName": "群***乐",
    "title": "横轴分隔柱图",
    "description": "横轴分隔柱图",
    "latestVersion": 1,
    "alwaysLatest": 1,
    "createTime": "2021-02-05T08:17:55.000Z",
    "lastUpdateTime": "2021-03-02T08:09:42.000Z",
    "auth": 2,
    "uid": "bd-925573494",
    "publishedVersion": 0,
    "forkFrom": "-",
    "isSpam": 0,
    "version": 1,
    "parentVersion": -1,
    "echartsVersion": "4.8.0",
    "versionCreateTime": "2021-02-05T08:17:55.000Z",
    "html": "",
    "externalScripts": "",
    "updaterUID": "bd-925573494",
    "theme": "default",
    "layout": "",
    "viewCount": 158,
    "userName": "群***乐",
    "commentCount": 5,
    "starCount": 32,
    "isStared": 0,
    "thumbnailURL": "https://www.makeapie.com/ecg-storage/ec_gallery_thumbnail/xrwH_qvRep.png?v=1612513075544",
    "isCustomThumbnail": 0,
    "builtinTags": [
        "category-work",
        "grid",
        "series-bar",
        "series-pictorialBar"
    ],
    "customTags": [],
    "updaterUserName": "群***乐"
}