{
    "cid": "xRynVse3Qj",
    "authorUid": "bd-4286708132",
    "authorUserName": "L***h",
    "title": "柱状图TOP10",
    "description": "项目需要---记录",
    "latestVersion": 1,
    "alwaysLatest": 0,
    "createTime": "2021-06-01T07:39:04.000Z",
    "lastUpdateTime": "2021-06-01T07:39:04.000Z",
    "auth": 2,
    "uid": "bd-4286708132",
    "publishedVersion": 0,
    "forkFrom": "-",
    "isSpam": 0,
    "version": 1,
    "parentVersion": -1,
    "echartsVersion": "4.9.0",
    "versionCreateTime": "2021-06-01T07:39:04.000Z",
    "html": "",
    "externalScripts": "",
    "updaterUID": "bd-4286708132",
    "theme": "",
    "layout": "",
    "viewCount": 0,
    "userName": "L***h",
    "commentCount": 0,
    "starCount": 33,
    "isStared": 0,
    "thumbnailURL": "https://www.makeapie.com/ecg-storage/ec_gallery_thumbnail/xRynVse3Qj.png?v=1622533144412",
    "isCustomThumbnail": 0,
    "builtinTags": [
        "category-work",
        "grid",
        "legend",
        "series-bar",
        "tooltip"
    ],
    "customTags": [],
    "updaterUserName": "L***h"
}