{
    "cid": "xt_whraF9j",
    "authorUid": "obd-o-pCK5f7e3ByS4opuVPI3wlkXF72GAl",
    "authorUserName": "y***8",
    "title": "涉密岗位等级占比",
    "description": "带图片饼图",
    "latestVersion": 2,
    "alwaysLatest": 1,
    "createTime": "2021-01-13T01:09:03.000Z",
    "lastUpdateTime": "2021-01-13T01:09:03.000Z",
    "auth": 2,
    "uid": "obd-o-pCK5f7e3ByS4opuVPI3wlkXF72GAl",
    "publishedVersion": 0,
    "forkFrom": "-",
    "isSpam": 0,
    "version": 2,
    "parentVersion": 1,
    "echartsVersion": "4.8.0",
    "versionCreateTime": "2021-01-13T03:21:39.000Z",
    "html": "",
    "externalScripts": "",
    "updaterUID": "obd-o-pCK5f7e3ByS4opuVPI3wlkXF72GAl",
    "theme": "",
    "layout": "",
    "viewCount": 145,
    "userName": "y***8",
    "commentCount": 0,
    "starCount": 40,
    "isStared": 0,
    "thumbnailURL": "https://www.makeapie.com/ecg-storage/ec_gallery_thumbnail/xt_whraF9j.png?v=1610508099376",
    "isCustomThumbnail": 0,
    "builtinTags": [
        "category-work",
        "graphic",
        "legend",
        "series-pie",
        "title",
        "tooltip"
    ],
    "customTags": [],
    "updaterUserName": "y***8"
}