{
    "cid": "xTsJeVi0f7",
    "authorUid": "obd-o2Ea8wrkofBx18EYpjBmtNJT-KamO6i",
    "authorUserName": "o***蝎",
    "title": "刻度环形图",
    "description": "",
    "latestVersion": 12,
    "alwaysLatest": 1,
    "createTime": "2021-03-30T03:48:51.000Z",
    "lastUpdateTime": "2021-09-03T02:38:54.000Z",
    "auth": 1,
    "uid": "obd-o2Ea8wrkofBx18EYpjBmtNJT-KamO6i",
    "publishedVersion": 0,
    "forkFrom": "-",
    "isSpam": 0,
    "version": 12,
    "parentVersion": 11,
    "echartsVersion": "4.9.0",
    "versionCreateTime": "2021-09-03T02:38:54.000Z",
    "html": "",
    "externalScripts": "",
    "updaterUID": "obd-otRA5i9rEaNowidU4IRkdb2X1EQW28W",
    "theme": "",
    "layout": "",
    "viewCount": 210,
    "userName": "o***蝎",
    "commentCount": 0,
    "starCount": 32,
    "isStared": 0,
    "thumbnailURL": "https://www.makeapie.com/ecg-storage/ec_gallery_thumbnail/xTsJeVi0f7.png?v=1630636734927",
    "isCustomThumbnail": 0,
    "builtinTags": [
        "category-work",
        "series-gauge",
        "series-pie",
        "title"
    ],
    "customTags": [
        "gauge",
        "pie"
    ],
    "updaterUserName": "i***5"
}