{
    "cid": "xwigwFaytn",
    "authorUid": "obd-oDVaU0zAb0L4eMJdO-BskqAGNq2x-1l",
    "authorUserName": "r***h",
    "title": "设备柱状图",
    "description": "",
    "latestVersion": 1,
    "alwaysLatest": 1,
    "createTime": "2021-04-23T05:42:48.000Z",
    "lastUpdateTime": "2021-04-23T05:42:48.000Z",
    "auth": 2,
    "uid": "obd-oDVaU0zAb0L4eMJdO-BskqAGNq2x-1l",
    "publishedVersion": 0,
    "forkFrom": "-",
    "isSpam": 0,
    "version": 1,
    "parentVersion": -1,
    "echartsVersion": "4.8.0",
    "versionCreateTime": "2021-04-23T05:42:48.000Z",
    "html": "",
    "externalScripts": "",
    "updaterUID": "obd-oDVaU0zAb0L4eMJdO-BskqAGNq2x-1l",
    "theme": "",
    "layout": "",
    "viewCount": 4,
    "userName": "r***h",
    "commentCount": 0,
    "starCount": 34,
    "isStared": 0,
    "thumbnailURL": "https://www.makeapie.com/ecg-storage/ec_gallery_thumbnail/xwigwFaytn.png?v=1619156569070",
    "isCustomThumbnail": 0,
    "builtinTags": [
        "category-work",
        "grid",
        "series-bar",
        "series-pictorialBar",
        "tooltip"
    ],
    "customTags": [],
    "updaterUserName": "r***h"
}