{
    "cid": "xyKuJ502Pi",
    "authorUid": "obd-oFbxvYoSWxSLUyDt5qcvCYwk1vh505o",
    "authorUserName": "情***6",
    "title": "横排分隔形柱状图",
    "description": "",
    "latestVersion": 2,
    "alwaysLatest": 0,
    "createTime": "2021-04-26T02:30:25.000Z",
    "lastUpdateTime": "2021-08-27T06:17:05.000Z",
    "auth": 2,
    "uid": "obd-oFbxvYoSWxSLUyDt5qcvCYwk1vh505o",
    "publishedVersion": 0,
    "forkFrom": "-",
    "isSpam": 0,
    "version": 2,
    "parentVersion": 1,
    "echartsVersion": "4.9.0",
    "versionCreateTime": "2021-08-27T06:17:05.000Z",
    "html": "",
    "externalScripts": "",
    "updaterUID": "obd-oFbxvYoSWxSLUyDt5qcvCYwk1vh505o",
    "theme": "",
    "layout": "",
    "viewCount": 0,
    "userName": "情***6",
    "commentCount": 0,
    "starCount": 39,
    "isStared": 0,
    "thumbnailURL": "https://www.makeapie.com/ecg-storage/ec_gallery_thumbnail/xyKuJ502Pi.png?v=1630045025602",
    "isCustomThumbnail": 0,
    "builtinTags": [
        "category-work",
        "dataZoom",
        "grid",
        "series-bar",
        "series-pictorialBar",
        "tooltip"
    ],
    "customTags": [],
    "updaterUserName": "情***6"
}