{
    "cid": "xym37CelgU",
    "authorUid": "obd-oNg25yjXqnbvUC72PhC0EDXZDVQ34CY",
    "authorUserName": "9***4",
    "title": "横条",
    "description": "",
    "latestVersion": 2,
    "alwaysLatest": 0,
    "createTime": "2021-05-20T03:48:31.000Z",
    "lastUpdateTime": "2021-05-20T03:48:31.000Z",
    "auth": 2,
    "uid": "obd-oNg25yjXqnbvUC72PhC0EDXZDVQ34CY",
    "publishedVersion": 0,
    "forkFrom": "-",
    "isSpam": 0,
    "version": 2,
    "parentVersion": 1,
    "echartsVersion": "5.1.1",
    "versionCreateTime": "2021-06-19T08:17:58.000Z",
    "html": "",
    "externalScripts": "",
    "updaterUID": "obd-oNg25yjXqnbvUC72PhC0EDXZDVQ34CY",
    "theme": "",
    "layout": "",
    "viewCount": 0,
    "userName": "9***4",
    "commentCount": 0,
    "starCount": 30,
    "isStared": 0,
    "thumbnailURL": "https://www.makeapie.com/ecg-storage/ec_gallery_thumbnail/xym37CelgU.png?v=1624090678666",
    "isCustomThumbnail": 0,
    "builtinTags": [
        "category-work",
        "grid",
        "series-bar",
        "tooltip"
    ],
    "customTags": [],
    "updaterUserName": "9***4"
}