{
    "cid": "x3EwRv0DG7",
    "authorUid": "bd-273068982",
    "authorUserName": "幸***3",
    "title": "分段显示",
    "description": "",
    "latestVersion": 3,
    "alwaysLatest": 1,
    "createTime": "2019-03-04T10:30:32.000Z",
    "lastUpdateTime": "2019-03-04T10:30:32.000Z",
    "auth": 2,
    "uid": "bd-273068982",
    "publishedVersion": 0,
    "forkFrom": "-",
    "isSpam": 0,
    "version": 3,
    "parentVersion": 2,
    "echartsVersion": "4.2.1",
    "versionCreateTime": "2019-03-04T10:32:15.000Z",
    "html": "",
    "externalScripts": "",
    "updaterUID": "bd-273068982",
    "theme": "",
    "layout": "",
    "viewCount": 2011,
    "userName": "幸***3",
    "commentCount": 0,
    "starCount": 3,
    "isStared": 0,
    "thumbnailURL": "https://www.makeapie.com/ecg-storage/ec_gallery_thumbnail/x3EwRv0DG7.png?v=1551695535700",
    "isCustomThumbnail": 0,
    "builtinTags": [
        "category-work",
        "grid",
        "series-line",
        "tooltip",
        "visualMap"
    ],
    "customTags": [],
    "updaterUserName": "幸***3"
}