{
    "cid": "x3m_ey39vW",
    "authorUid": "bd-3951734745",
    "authorUserName": "花***4",
    "title": "map 两种点",
    "description": "map 两种点",
    "latestVersion": 1,
    "alwaysLatest": 1,
    "createTime": "2019-03-02T16:39:46.000Z",
    "lastUpdateTime": "2019-03-02T16:39:46.000Z",
    "auth": 2,
    "uid": "bd-3951734745",
    "publishedVersion": 0,
    "forkFrom": "-",
    "isSpam": 0,
    "version": 1,
    "parentVersion": -1,
    "echartsVersion": "4.2.1",
    "versionCreateTime": "2019-03-02T16:39:46.000Z",
    "html": "",
    "externalScripts": "/dep/echarts/map/js/china.js",
    "updaterUID": "bd-3951734745",
    "theme": "",
    "layout": "",
    "viewCount": 11209,
    "userName": "花***4",
    "commentCount": 0,
    "starCount": 20,
    "isStared": 0,
    "thumbnailURL": "https://www.makeapie.com/ecg-storage/ec_gallery_thumbnail/x3m_ey39vW.png?v=1551544786950",
    "isCustomThumbnail": 0,
    "builtinTags": [
        "category-work",
        "geo",
        "series-map",
        "series-scatter",
        "title",
        "tooltip",
        "visualMap"
    ],
    "customTags": [],
    "updaterUserName": "花***4"
}