{
    "cid": "xeLioj8git",
    "authorUid": "bd-606632565",
    "authorUserName": "熐***L",
    "title": "柱状图",
    "description": "最高、最低标注",
    "latestVersion": 3,
    "alwaysLatest": 1,
    "createTime": "2019-03-04T06:39:10.000Z",
    "lastUpdateTime": "2019-03-04T06:39:10.000Z",
    "auth": 2,
    "uid": "bd-606632565",
    "publishedVersion": 0,
    "forkFrom": "-",
    "isSpam": 0,
    "version": 3,
    "parentVersion": 2,
    "echartsVersion": "4.2.1",
    "versionCreateTime": "2019-03-04T08:47:03.000Z",
    "html": "",
    "externalScripts": "",
    "updaterUID": "bd-606632565",
    "theme": "",
    "layout": "",
    "viewCount": 144,
    "userName": "熐***L",
    "commentCount": 0,
    "starCount": 0,
    "isStared": 0,
    "thumbnailURL": "https://www.makeapie.com/ecg-storage/ec_gallery_thumbnail/xeLioj8git.png?v=1551689223280",
    "isCustomThumbnail": 0,
    "builtinTags": [
        "category-work",
        "grid",
        "legend",
        "markPoint",
        "series-bar",
        "title",
        "tooltip"
    ],
    "customTags": [],
    "updaterUserName": "熐***L"
}