{
    "cid": "xEPLidH_w-",
    "authorUid": "bd-939842705",
    "authorUserName": "j***h",
    "title": "厦门老人公交出行兴趣点分析",
    "description": "",
    "latestVersion": 8,
    "alwaysLatest": 1,
    "createTime": "2019-03-04T12:55:43.000Z",
    "lastUpdateTime": "2019-03-04T12:55:43.000Z",
    "auth": 2,
    "uid": "bd-939842705",
    "publishedVersion": 0,
    "forkFrom": "-",
    "isSpam": 0,
    "version": 8,
    "parentVersion": 7,
    "echartsVersion": "4.2.1",
    "versionCreateTime": "2019-07-03T02:48:37.000Z",
    "html": "",
    "externalScripts": "http://api.map.baidu.com/api?v=2.0&ak=BFcd9e84753ab8dcef34748bc43f952d,/dep/echarts/latest/extension/bmap.min.js",
    "updaterUID": "bd-939842705",
    "theme": "",
    "layout": "",
    "viewCount": 63,
    "userName": "j***h",
    "commentCount": 0,
    "starCount": 0,
    "isStared": 0,
    "thumbnailURL": "https://www.makeapie.com/ecg-storage/ec_gallery_thumbnail/xEPLidH_w-.png?v=1551707360760",
    "isCustomThumbnail": 0,
    "builtinTags": [
        "category-work"
    ],
    "customTags": [],
    "updaterUserName": "j***h"
}