{
    "cid": "xG6idJfPg7",
    "authorUid": "bd-290899024",
    "authorUserName": "依***t",
    "title": "2011全国宏观经济指标",
    "description": "数据来自国家统计局",
    "latestVersion": 4,
    "alwaysLatest": 1,
    "createTime": "2019-03-06T07:13:28.000Z",
    "lastUpdateTime": "2019-03-06T07:13:28.000Z",
    "auth": 2,
    "uid": "bd-290899024",
    "publishedVersion": 0,
    "forkFrom": "-",
    "isSpam": 0,
    "version": 4,
    "parentVersion": 3,
    "echartsVersion": "4.2.1",
    "versionCreateTime": "2019-03-06T08:13:58.000Z",
    "html": "",
    "externalScripts": "",
    "updaterUID": "bd-290899024",
    "theme": "",
    "layout": "",
    "viewCount": 430,
    "userName": "依***t",
    "commentCount": 0,
    "starCount": 0,
    "isStared": 0,
    "thumbnailURL": "https://www.makeapie.com/ecg-storage/ec_gallery_thumbnail/xG6idJfPg7.png?v=1551860038647",
    "isCustomThumbnail": 0,
    "builtinTags": [
        "category-work",
        "grid",
        "legend",
        "series-bar",
        "series-pie",
        "timeline",
        "title"
    ],
    "customTags": [],
    "updaterUserName": "依***t"
}