{
    "cid": "xi-ctDVmTS",
    "authorUid": "bd-1231329319",
    "authorUserName": "wjingism",
    "title": "时间轴刻度仅在跨天时显示日期",
    "description": "首点及跨天时显示日期, 否则只显示时间",
    "latestVersion": 1,
    "alwaysLatest": 1,
    "createTime": "2019-03-06T14:23:08.000Z",
    "lastUpdateTime": "2019-03-06T14:23:08.000Z",
    "auth": 2,
    "uid": "bd-1231329319",
    "publishedVersion": 0,
    "forkFrom": "-",
    "isSpam": 0,
    "version": 1,
    "parentVersion": -1,
    "echartsVersion": "4.2.1",
    "versionCreateTime": "2019-03-06T14:23:08.000Z",
    "html": "",
    "externalScripts": "",
    "updaterUID": "bd-1231329319",
    "theme": "",
    "layout": "",
    "viewCount": 97,
    "userName": "wjingism",
    "commentCount": 0,
    "starCount": 0,
    "isStared": 0,
    "thumbnailURL": "https://www.makeapie.com/ecg-storage/ec_gallery_thumbnail/xi-ctDVmTS.png?v=1551882188435",
    "isCustomThumbnail": 0,
    "builtinTags": [
        "category-work",
        "grid",
        "series-line"
    ],
    "customTags": [
        "axisLabel"
    ],
    "updaterUserName": "wjingism"
}