{
    "cid": "xKPNG2UZ5q",
    "authorUid": "bd-4256274292",
    "authorUserName": "t***g",
    "title": "EC模式3小时间隔10米风预报2",
    "description": "",
    "latestVersion": 1,
    "alwaysLatest": 1,
    "createTime": "2019-03-06T10:49:57.000Z",
    "lastUpdateTime": "2019-03-06T10:49:57.000Z",
    "auth": 2,
    "uid": "bd-4256274292",
    "publishedVersion": 0,
    "forkFrom": "-",
    "isSpam": 0,
    "version": 1,
    "parentVersion": -1,
    "echartsVersion": "4.2.1",
    "versionCreateTime": "2019-03-06T10:49:57.000Z",
    "html": "",
    "externalScripts": "",
    "updaterUID": "bd-4256274292",
    "theme": "",
    "layout": "",
    "viewCount": 120,
    "userName": "t***g",
    "commentCount": 0,
    "starCount": 0,
    "isStared": 0,
    "thumbnailURL": "https://www.makeapie.com/ecg-storage/ec_gallery_thumbnail/xKPNG2UZ5q.png?v=1551869397896",
    "isCustomThumbnail": 0,
    "builtinTags": [
        "category-work",
        "dataZoom",
        "grid",
        "markPoint",
        "series-bar",
        "series-custom",
        "title",
        "tooltip"
    ],
    "customTags": [],
    "updaterUserName": "t***g"
}