{
    "cid": "xpEwOtrUDL",
    "authorUid": "bd-118370542",
    "authorUserName": "8***2",
    "title": "非正规圆数据展示",
    "description": "非正规圆数据展示",
    "latestVersion": 2,
    "alwaysLatest": 1,
    "createTime": "2019-03-06T07:24:58.000Z",
    "lastUpdateTime": "2019-03-06T07:24:58.000Z",
    "auth": 2,
    "uid": "bd-118370542",
    "publishedVersion": 0,
    "forkFrom": "-",
    "isSpam": 0,
    "version": 2,
    "parentVersion": 1,
    "echartsVersion": "4.2.1",
    "versionCreateTime": "2019-03-06T07:41:33.000Z",
    "html": "",
    "externalScripts": "",
    "updaterUID": "bd-118370542",
    "theme": "",
    "layout": "",
    "viewCount": 221,
    "userName": "8***2",
    "commentCount": 0,
    "starCount": 0,
    "isStared": 0,
    "thumbnailURL": "https://www.makeapie.com/ecg-storage/ec_gallery_thumbnail/xpEwOtrUDL.png?v=1551858093821",
    "isCustomThumbnail": 0,
    "builtinTags": [
        "category-work",
        "series-pie",
        "toolbox",
        "tooltip"
    ],
    "customTags": [
        "pie"
    ],
    "updaterUserName": "8***2"
}