{
    "cid": "xUsyRoH3ng",
    "authorUid": "bd-118370542",
    "authorUserName": "8***2",
    "title": "椭圆带边框",
    "description": "椭圆带边框",
    "latestVersion": 1,
    "alwaysLatest": 1,
    "createTime": "2019-03-06T06:54:12.000Z",
    "lastUpdateTime": "2019-03-06T06:54:12.000Z",
    "auth": 2,
    "uid": "bd-118370542",
    "publishedVersion": 0,
    "forkFrom": "-",
    "isSpam": 0,
    "version": 1,
    "parentVersion": -1,
    "echartsVersion": "4.2.1",
    "versionCreateTime": "2019-03-06T06:54:12.000Z",
    "html": "",
    "externalScripts": "",
    "updaterUID": "bd-118370542",
    "theme": "",
    "layout": "",
    "viewCount": 39,
    "userName": "8***2",
    "commentCount": 0,
    "starCount": 0,
    "isStared": 0,
    "thumbnailURL": "https://www.makeapie.com/ecg-storage/ec_gallery_thumbnail/xUsyRoH3ng.png?v=1551855253108",
    "isCustomThumbnail": 0,
    "builtinTags": [
        "category-work",
        "legend",
        "series-pie",
        "tooltip"
    ],
    "customTags": [
        "pie"
    ],
    "updaterUserName": "8***2"
}