{
    "cid": "xwwrxfLZxU",
    "authorUid": "bd-1298913600",
    "authorUserName": "思***展",
    "title": "两轴联动",
    "description": "两轴联动曲线",
    "latestVersion": 9,
    "alwaysLatest": 1,
    "createTime": "2019-03-04T06:36:10.000Z",
    "lastUpdateTime": "2021-02-04T03:06:57.000Z",
    "auth": 1,
    "uid": "bd-1298913600",
    "publishedVersion": 0,
    "forkFrom": "-",
    "isSpam": 0,
    "version": 9,
    "parentVersion": 8,
    "echartsVersion": "4.4.0",
    "versionCreateTime": "2019-12-21T11:26:07.000Z",
    "html": "",
    "externalScripts": "",
    "updaterUID": "bd-269334032",
    "theme": "default",
    "layout": "",
    "viewCount": 117,
    "userName": "思***展",
    "commentCount": 0,
    "starCount": 0,
    "isStared": 0,
    "thumbnailURL": "https://www.makeapie.com/ecg-storage/ec_gallery_thumbnail/xwwrxfLZxU.png?v=1612408018228",
    "isCustomThumbnail": 1,
    "builtinTags": [
        "category-work",
        "dataset",
        "dataZoom",
        "grid",
        "series-line",
        "tooltip"
    ],
    "customTags": [],
    "updaterUserName": "f***贼"
}