{
    "cid": "xXLsS1RDmy",
    "authorUid": "bd-599414847",
    "authorUserName": "A***M",
    "title": "stack图",
    "description": "stack line",
    "latestVersion": 2,
    "alwaysLatest": 1,
    "createTime": "2019-03-04T05:28:47.000Z",
    "lastUpdateTime": "2019-03-04T05:28:47.000Z",
    "auth": 2,
    "uid": "bd-599414847",
    "publishedVersion": 0,
    "forkFrom": "-",
    "isSpam": 0,
    "version": 2,
    "parentVersion": 1,
    "echartsVersion": "4.2.1",
    "versionCreateTime": "2019-03-04T06:14:18.000Z",
    "html": "",
    "externalScripts": "",
    "updaterUID": "bd-599414847",
    "theme": "",
    "layout": "",
    "viewCount": 42,
    "userName": "A***M",
    "commentCount": 0,
    "starCount": 0,
    "isStared": 0,
    "thumbnailURL": "https://www.makeapie.com/ecg-storage/ec_gallery_thumbnail/xXLsS1RDmy.png?v=1551680058477",
    "isCustomThumbnail": 0,
    "builtinTags": [
        "category-work",
        "grid",
        "legend",
        "series-line",
        "title",
        "tooltip"
    ],
    "customTags": [],
    "updaterUserName": "A***M"
}