{
    "cid": "xB1HwA8QfQ",
    "authorUid": "bd-3778831175",
    "authorUserName": "m***i",
    "title": "Image to Bar3D on Map",
    "description": "Image to Bar3D on Map",
    "latestVersion": 3,
    "alwaysLatest": 1,
    "createTime": "2018-06-29T07:23:08.000Z",
    "lastUpdateTime": "2018-06-29T07:23:08.000Z",
    "auth": 2,
    "uid": "bd-3778831175",
    "publishedVersion": 0,
    "forkFrom": "-",
    "isSpam": 0,
    "version": 3,
    "parentVersion": 2,
    "echartsVersion": "4.2.0",
    "versionCreateTime": "2019-01-09T09:36:34.000Z",
    "html": "",
    "externalScripts": "https://deyihu.github.io/src/lib/echarts-gl.1.1.3.js?tdsourcetag=s_pctim_aiomsg,https://cdn.jsdelivr.net/npm/maptalks@0.40.1/dist/maptalks.min.js",
    "updaterUID": "bd-3778831175",
    "theme": "",
    "layout": "",
    "viewCount": 542,
    "userName": "m***i",
    "commentCount": 0,
    "starCount": 0,
    "isStared": 0,
    "thumbnailURL": "https://www.makeapie.com/ecg-storage/ec_gallery_thumbnail/xB1HwA8QfQ.png?v=1530256989574",
    "isCustomThumbnail": 1,
    "builtinTags": [
        "category-work",
        "maptalks3D",
        "series-bar3D",
        "tooltip"
    ],
    "customTags": [],
    "updaterUserName": "m***i"
}