{
    "cid": "xBkqVluQz7",
    "authorUid": "bd-2281917452",
    "authorUserName": "u***o",
    "title": "标度",
    "description": "",
    "latestVersion": 3,
    "alwaysLatest": 1,
    "createTime": "2018-06-29T08:39:14.000Z",
    "lastUpdateTime": "2018-06-29T08:39:14.000Z",
    "auth": 2,
    "uid": "bd-2281917452",
    "publishedVersion": 0,
    "forkFrom": "-",
    "isSpam": 0,
    "version": 3,
    "parentVersion": 2,
    "echartsVersion": "4.1.0",
    "versionCreateTime": "2018-06-29T11:05:17.000Z",
    "html": "",
    "externalScripts": "",
    "updaterUID": "bd-2281917452",
    "theme": "",
    "layout": "",
    "viewCount": 227,
    "userName": "u***o",
    "commentCount": 0,
    "starCount": 0,
    "isStared": 0,
    "thumbnailURL": "https://www.makeapie.com/ecg-storage/ec_gallery_thumbnail/xBkqVluQz7.png?v=1530270317317",
    "isCustomThumbnail": 0,
    "builtinTags": [
        "category-work",
        "grid",
        "series-bar",
        "series-pictorialBar",
        "tooltip"
    ],
    "customTags": [],
    "updaterUserName": "u***o"
}