{
    "cid": "xHJc9EjQfQ",
    "authorUid": "bd-1245979803",
    "authorUserName": "d***t",
    "title": "2018世界杯8组32队积分和净胜球",
    "description": "",
    "latestVersion": 7,
    "alwaysLatest": 1,
    "createTime": "2018-06-29T12:22:41.000Z",
    "lastUpdateTime": "2018-06-29T12:22:41.000Z",
    "auth": 2,
    "uid": "bd-1245979803",
    "publishedVersion": 0,
    "forkFrom": "-",
    "isSpam": 0,
    "version": 7,
    "parentVersion": 6,
    "echartsVersion": "4.1.0",
    "versionCreateTime": "2018-07-20T08:50:20.000Z",
    "html": "",
    "externalScripts": "",
    "updaterUID": "bd-1245979803",
    "theme": "",
    "layout": "",
    "viewCount": 9221,
    "userName": "d***t",
    "commentCount": 0,
    "starCount": 39,
    "isStared": 0,
    "thumbnailURL": "https://www.makeapie.com/ecg-storage/ec_gallery_thumbnail/xHJc9EjQfQ.png?v=1532076620308",
    "isCustomThumbnail": 0,
    "builtinTags": [
        "category-work",
        "grid",
        "legend",
        "series-bar",
        "series-graph",
        "title",
        "tooltip"
    ],
    "customTags": [],
    "updaterUserName": "d***t"
}