{
    "cid": "xHJDwODQMQ",
    "authorUid": "bd-3568485857",
    "authorUserName": "七年外推",
    "title": "这些擦千万人废弃物人情味人情味人情味",
    "description": "这些擦千万人废弃物人情味人情味人情味这些擦千万人废弃物人情味人情味人情味这些擦千万人废弃物人情味人情味人情味这些擦千万人废弃物人情味人情味人情味这些擦千万人废弃物人情味人情味人情味这些擦千万人废弃物人情味人情味人情味",
    "latestVersion": 1,
    "alwaysLatest": 1,
    "createTime": "2018-06-29T08:05:51.000Z",
    "lastUpdateTime": "2018-06-29T08:05:51.000Z",
    "auth": 2,
    "uid": "bd-3568485857",
    "publishedVersion": 0,
    "forkFrom": "-",
    "isSpam": 0,
    "version": 1,
    "parentVersion": -1,
    "echartsVersion": "4.1.0",
    "versionCreateTime": "2018-06-29T08:05:51.000Z",
    "html": "",
    "externalScripts": "",
    "updaterUID": "bd-3568485857",
    "theme": "",
    "layout": "",
    "viewCount": 22,
    "userName": "七年外推",
    "commentCount": 0,
    "starCount": 0,
    "isStared": 0,
    "thumbnailURL": "https://www.makeapie.com/ecg-storage/ec_gallery_thumbnail/xHJDwODQMQ.png?v=1530259551579",
    "isCustomThumbnail": 0,
    "builtinTags": [
        "category-work",
        "grid",
        "series-line",
        "title"
    ],
    "customTags": [],
    "updaterUserName": "七年外推"
}