{
    "cid": "xHkfBcHmMQ",
    "authorUid": "bd-3778831175",
    "authorUserName": "m***i",
    "title": "Music Visualization By bar3D on Map",
    "description": "在地图上进行音乐的可视化",
    "latestVersion": 4,
    "alwaysLatest": 1,
    "createTime": "2018-06-29T05:57:14.000Z",
    "lastUpdateTime": "2018-06-29T05:57:14.000Z",
    "auth": 2,
    "uid": "bd-3778831175",
    "publishedVersion": 0,
    "forkFrom": "-",
    "isSpam": 0,
    "version": 4,
    "parentVersion": 3,
    "echartsVersion": "4.2.0",
    "versionCreateTime": "2019-01-09T10:39:12.000Z",
    "html": "",
    "externalScripts": "https://deyihu.github.io/src/lib/echarts-gl.1.1.3.js?tdsourcetag=s_pctim_aiomsg,https://cdn.jsdelivr.net/npm/maptalks@0.40.1/dist/maptalks.min.js",
    "updaterUID": "bd-3778831175",
    "theme": "",
    "layout": "",
    "viewCount": 558,
    "userName": "m***i",
    "commentCount": 1,
    "starCount": 5,
    "isStared": 0,
    "thumbnailURL": "https://www.makeapie.com/ecg-storage/ec_gallery_thumbnail/xHkfBcHmMQ.png?v=1530251835772",
    "isCustomThumbnail": 1,
    "builtinTags": [
        "category-work",
        "maptalks3D",
        "series-bar3D",
        "tooltip",
        "visualMap"
    ],
    "customTags": [
        "Music"
    ],
    "updaterUserName": "m***i"
}