{
    "cid": "xHyHQdIMMX",
    "authorUid": "bd-3238471384",
    "authorUserName": "leiris",
    "title": "Awesome ChartCESHI123",
    "description": "",
    "latestVersion": 1,
    "alwaysLatest": 1,
    "createTime": "2018-06-28T12:44:12.000Z",
    "lastUpdateTime": "2018-06-28T12:44:12.000Z",
    "auth": 2,
    "uid": "bd-3238471384",
    "publishedVersion": 1,
    "forkFrom": "-",
    "isSpam": 0,
    "version": 1,
    "parentVersion": -1,
    "echartsVersion": "4.1.0",
    "versionCreateTime": "2018-06-28T12:44:13.000Z",
    "html": "",
    "externalScripts": "",
    "updaterUID": "bd-3238471384",
    "theme": "",
    "layout": "",
    "viewCount": 24,
    "userName": "leiris",
    "commentCount": 0,
    "starCount": 0,
    "isStared": 0,
    "thumbnailURL": "https://www.makeapie.com/ecg-storage/ec_gallery_thumbnail/xHyHQdIMMX.png?v=1530189853126",
    "isCustomThumbnail": 0,
    "builtinTags": [
        "category-work",
        "grid",
        "series-line",
        "title"
    ],
    "customTags": [],
    "updaterUserName": "leiris"
}