{
    "cid": "xr1JxsB7Gm",
    "authorUid": "bd-1696688313",
    "authorUserName": "水***6",
    "title": "k线",
    "description": "",
    "latestVersion": 1,
    "alwaysLatest": 1,
    "createTime": "2018-06-29T06:00:06.000Z",
    "lastUpdateTime": "2018-06-29T06:00:06.000Z",
    "auth": 2,
    "uid": "bd-1696688313",
    "publishedVersion": 0,
    "forkFrom": "-",
    "isSpam": 0,
    "version": 1,
    "parentVersion": -1,
    "echartsVersion": "4.1.0",
    "versionCreateTime": "2018-06-29T06:00:07.000Z",
    "html": "",
    "externalScripts": "",
    "updaterUID": "bd-1696688313",
    "theme": "",
    "layout": "",
    "viewCount": 663,
    "userName": "水***6",
    "commentCount": 0,
    "starCount": 0,
    "isStared": 0,
    "thumbnailURL": "https://www.makeapie.com/ecg-storage/ec_gallery_thumbnail/xr1JxsB7Gm.png?v=1530252007175",
    "isCustomThumbnail": 0,
    "builtinTags": [
        "category-work",
        "dataZoom",
        "grid",
        "legend",
        "series-bar",
        "series-candlestick",
        "series-line",
        "title",
        "tooltip"
    ],
    "customTags": [],
    "updaterUserName": "水***6"
}