{
    "cid": "xr1luJV4wzQ",
    "authorUid": "bd-2281917452",
    "authorUserName": "u***o",
    "title": "堆积加边",
    "description": "",
    "latestVersion": 3,
    "alwaysLatest": 1,
    "createTime": "2018-07-02T05:10:56.000Z",
    "lastUpdateTime": "2018-07-02T05:10:56.000Z",
    "auth": 2,
    "uid": "bd-2281917452",
    "publishedVersion": 0,
    "forkFrom": "-",
    "isSpam": 0,
    "version": 3,
    "parentVersion": 2,
    "echartsVersion": "4.1.0",
    "versionCreateTime": "2018-07-20T04:07:52.000Z",
    "html": "",
    "externalScripts": "",
    "updaterUID": "bd-2281917452",
    "theme": "",
    "layout": "",
    "viewCount": 53,
    "userName": "u***o",
    "commentCount": 0,
    "starCount": 0,
    "isStared": 0,
    "thumbnailURL": "https://www.makeapie.com/ecg-storage/ec_gallery_thumbnail/xr1luJV4wzQ.png?v=1532059673022",
    "isCustomThumbnail": 0,
    "builtinTags": [
        "category-work",
        "grid",
        "series-bar",
        "series-line"
    ],
    "customTags": [],
    "updaterUserName": "u***o"
}