{
    "cid": "xS1G9E-wzX",
    "authorUid": "bd-3778831175",
    "authorUserName": "m***i",
    "title": " large  lines on bmap",
    "description": "百度地图上渲染大量的线段 lines",
    "latestVersion": 2,
    "alwaysLatest": 1,
    "createTime": "2018-07-02T01:48:57.000Z",
    "lastUpdateTime": "2018-07-02T01:48:57.000Z",
    "auth": 2,
    "uid": "bd-3778831175",
    "publishedVersion": 0,
    "forkFrom": "-",
    "isSpam": 0,
    "version": 2,
    "parentVersion": 1,
    "echartsVersion": "4.2.0",
    "versionCreateTime": "2019-01-17T05:58:15.000Z",
    "html": "",
    "externalScripts": "https://api.map.baidu.com/api?v=2.0&ak=ZUONbpqGBsYGXNIYHicvbAbM,/dep/echarts/latest/extension/bmap.min.js,http://echarts.baidu.com/resource/echarts-gl-latest/dist/echarts-gl.min.js",
    "updaterUID": "bd-3778831175",
    "theme": "",
    "layout": "",
    "viewCount": 181,
    "userName": "m***i",
    "commentCount": 0,
    "starCount": 1,
    "isStared": 0,
    "thumbnailURL": "https://www.makeapie.com/ecg-storage/ec_gallery_thumbnail/xS1G9E-wzX.png?v=1530496139351",
    "isCustomThumbnail": 1,
    "builtinTags": [
        "category-work"
    ],
    "customTags": [
        "lines",
        "百度地图"
    ],
    "updaterUserName": "m***i"
}