{
    "cid": "xSJLS-fzM7",
    "authorUid": "bd-4029760411",
    "authorUserName": "6002晴",
    "title": "部分虚线部分实线",
    "description": "",
    "latestVersion": 1,
    "alwaysLatest": 1,
    "createTime": "2018-06-28T07:41:49.000Z",
    "lastUpdateTime": "2018-06-28T07:41:49.000Z",
    "auth": 2,
    "uid": "bd-4029760411",
    "publishedVersion": 0,
    "forkFrom": "-",
    "isSpam": 0,
    "version": 1,
    "parentVersion": -1,
    "echartsVersion": "4.1.0",
    "versionCreateTime": "2018-06-28T07:41:49.000Z",
    "html": "",
    "externalScripts": "",
    "updaterUID": "bd-4029760411",
    "theme": "",
    "layout": "",
    "viewCount": 113,
    "userName": "6002晴",
    "commentCount": 0,
    "starCount": 0,
    "isStared": 0,
    "thumbnailURL": "https://www.makeapie.com/ecg-storage/ec_gallery_thumbnail/xSJLS-fzM7.png?v=1530171709990",
    "isCustomThumbnail": 0,
    "builtinTags": [
        "category-work",
        "grid",
        "legend",
        "series-line",
        "tooltip"
    ],
    "customTags": [],
    "updaterUserName": "6002晴"
}