{
    "cid": "xSysgofMM7",
    "authorUid": "bd-4029760411",
    "authorUserName": "6002晴",
    "title": "自定义标题及副标题",
    "description": "",
    "latestVersion": 1,
    "alwaysLatest": 1,
    "createTime": "2018-06-28T08:23:15.000Z",
    "lastUpdateTime": "2018-06-28T08:23:15.000Z",
    "auth": 2,
    "uid": "bd-4029760411",
    "publishedVersion": 0,
    "forkFrom": "-",
    "isSpam": 0,
    "version": 1,
    "parentVersion": -1,
    "echartsVersion": "4.1.0",
    "versionCreateTime": "2018-06-28T08:23:15.000Z",
    "html": "",
    "externalScripts": "",
    "updaterUID": "bd-4029760411",
    "theme": "",
    "layout": "",
    "viewCount": 122,
    "userName": "6002晴",
    "commentCount": 0,
    "starCount": 0,
    "isStared": 0,
    "thumbnailURL": "https://www.makeapie.com/ecg-storage/ec_gallery_thumbnail/xSysgofMM7.png?v=1530174195219",
    "isCustomThumbnail": 0,
    "builtinTags": [
        "category-work",
        "legend",
        "series-pie",
        "title",
        "tooltip"
    ],
    "customTags": [],
    "updaterUserName": "6002晴"
}