{
    "cid": "x-67TJDii",
    "authorUid": "bd-1799383937",
    "authorUserName": "M***_",
    "title": "折线图 tooltip 百分比显示",
    "description": "",
    "latestVersion": 12,
    "alwaysLatest": 1,
    "createTime": "2020-02-24T08:44:23.000Z",
    "lastUpdateTime": "2020-02-24T08:56:37.000Z",
    "auth": 2,
    "uid": "bd-1799383937",
    "publishedVersion": 0,
    "forkFrom": "-",
    "isSpam": 0,
    "version": 12,
    "parentVersion": 11,
    "echartsVersion": "4.4.0",
    "versionCreateTime": "2020-02-24T09:35:45.000Z",
    "html": "",
    "externalScripts": "",
    "updaterUID": "bd-1799383937",
    "theme": "macarons",
    "layout": "",
    "viewCount": 1382,
    "userName": "M***_",
    "commentCount": 0,
    "starCount": 4,
    "isStared": 0,
    "thumbnailURL": "https://www.makeapie.com/ecg-storage/ec_gallery_thumbnail/x-67TJDii.png?v=1582536945316",
    "isCustomThumbnail": 0,
    "builtinTags": [
        "category-work",
        "dataZoom",
        "grid",
        "legend",
        "series-bar",
        "series-line",
        "toolbox",
        "tooltip"
    ],
    "customTags": [],
    "updaterUserName": "M***_"
}