{
    "cid": "x11grJNud",
    "authorUid": "bd-273460656",
    "authorUserName": "C***4",
    "title": "",
    "description": "",
    "latestVersion": 2,
    "alwaysLatest": 1,
    "createTime": "2020-02-25T02:19:33.000Z",
    "lastUpdateTime": "2020-02-25T02:19:33.000Z",
    "auth": 2,
    "uid": "bd-273460656",
    "publishedVersion": 0,
    "forkFrom": "-",
    "isSpam": 0,
    "version": 2,
    "parentVersion": 1,
    "echartsVersion": "4.7.0",
    "versionCreateTime": "2020-05-06T06:15:54.000Z",
    "html": "",
    "externalScripts": "",
    "updaterUID": "bd-273460656",
    "theme": "",
    "layout": "",
    "viewCount": 31,
    "userName": "C***4",
    "commentCount": 0,
    "starCount": 1,
    "isStared": 0,
    "thumbnailURL": "https://www.makeapie.com/ecg-storage/ec_gallery_thumbnail/x11grJNud.png?v=1588745755018",
    "isCustomThumbnail": 0,
    "builtinTags": [
        "category-work",
        "grid",
        "series-bar",
        "tooltip"
    ],
    "customTags": [],
    "updaterUserName": "C***4"
}