{
    "cid": "xDG_i5YHR",
    "authorUid": "bd-1246180876",
    "authorUserName": "夺***一",
    "title": "经典自适应",
    "description": "",
    "latestVersion": 1,
    "alwaysLatest": 1,
    "createTime": "2020-02-21T07:56:32.000Z",
    "lastUpdateTime": "2020-02-21T07:56:32.000Z",
    "auth": 2,
    "uid": "bd-1246180876",
    "publishedVersion": 0,
    "forkFrom": "-",
    "isSpam": 0,
    "version": 1,
    "parentVersion": -1,
    "echartsVersion": "4.4.0",
    "versionCreateTime": "2020-02-21T07:56:32.000Z",
    "html": "",
    "externalScripts": "",
    "updaterUID": "bd-1246180876",
    "theme": "",
    "layout": "",
    "viewCount": 69,
    "userName": "夺***一",
    "commentCount": 0,
    "starCount": 0,
    "isStared": 0,
    "thumbnailURL": "https://www.makeapie.com/ecg-storage/ec_gallery_thumbnail/xDG_i5YHR.png?v=1582271792254",
    "isCustomThumbnail": 0,
    "builtinTags": [
        "category-work",
        "grid",
        "legend",
        "series-bar",
        "tooltip"
    ],
    "customTags": [],
    "updaterUserName": "夺***一"
}