{
    "cid": "xfAiRwOXx",
    "authorUid": "bd-3172259413",
    "authorUserName": "w***u",
    "title": "识字率地区分布",
    "description": "ourchinaindata.com",
    "latestVersion": 1,
    "alwaysLatest": 1,
    "createTime": "2020-02-22T15:43:35.000Z",
    "lastUpdateTime": "2020-02-22T15:43:35.000Z",
    "auth": 2,
    "uid": "bd-3172259413",
    "publishedVersion": 0,
    "forkFrom": "-",
    "isSpam": 0,
    "version": 1,
    "parentVersion": -1,
    "echartsVersion": "4.4.0",
    "versionCreateTime": "2020-02-22T15:43:35.000Z",
    "html": "",
    "externalScripts": "",
    "updaterUID": "bd-3172259413",
    "theme": "",
    "layout": "",
    "viewCount": 10,
    "userName": "w***u",
    "commentCount": 0,
    "starCount": 0,
    "isStared": 0,
    "thumbnailURL": "https://www.makeapie.com/ecg-storage/ec_gallery_thumbnail/xfAiRwOXx.png?v=1582386216054",
    "isCustomThumbnail": 0,
    "builtinTags": [
        "category-work",
        "grid",
        "series-line",
        "title"
    ],
    "customTags": [
        "ourchinaindatacom"
    ],
    "updaterUserName": "w***u"
}