{
    "cid": "xh83R8kG_",
    "authorUid": "bd-621773938",
    "authorUserName": "幸***1",
    "title": "Awesome Chart",
    "description": "",
    "latestVersion": 1,
    "alwaysLatest": 1,
    "createTime": "2020-02-24T08:26:52.000Z",
    "lastUpdateTime": "2020-02-24T08:26:52.000Z",
    "auth": 1,
    "uid": "bd-621773938",
    "publishedVersion": 0,
    "forkFrom": "-",
    "isSpam": 0,
    "version": 1,
    "parentVersion": -1,
    "echartsVersion": "4.4.0",
    "versionCreateTime": "2020-02-24T08:26:52.000Z",
    "html": "",
    "externalScripts": "",
    "updaterUID": "bd-621773938",
    "theme": "",
    "layout": "",
    "viewCount": 3,
    "userName": "幸***1",
    "commentCount": 0,
    "starCount": 0,
    "isStared": 0,
    "thumbnailURL": "https://www.makeapie.com/ecg-storage/ec_gallery_thumbnail/xh83R8kG_.png?v=1582532812321",
    "isCustomThumbnail": 0,
    "builtinTags": [
        "category-work",
        "grid",
        "series-line",
        "title"
    ],
    "customTags": [],
    "updaterUserName": "幸***1"
}