{
    "cid": "xjl-HQZPe",
    "authorUid": "bd-2105958829",
    "authorUserName": "安***子",
    "title": "多类型条形图",
    "description": "",
    "latestVersion": 1,
    "alwaysLatest": 1,
    "createTime": "2020-02-24T01:05:49.000Z",
    "lastUpdateTime": "2020-02-24T01:05:49.000Z",
    "auth": 2,
    "uid": "bd-2105958829",
    "publishedVersion": 0,
    "forkFrom": "-",
    "isSpam": 0,
    "version": 1,
    "parentVersion": -1,
    "echartsVersion": "4.4.0",
    "versionCreateTime": "2020-02-24T01:05:49.000Z",
    "html": "",
    "externalScripts": "",
    "updaterUID": "bd-2105958829",
    "theme": "",
    "layout": "",
    "viewCount": 40,
    "userName": "安***子",
    "commentCount": 0,
    "starCount": 0,
    "isStared": 0,
    "thumbnailURL": "https://www.makeapie.com/ecg-storage/ec_gallery_thumbnail/xjl-HQZPe.png?v=1582506349895",
    "isCustomThumbnail": 0,
    "builtinTags": [
        "category-work",
        "grid",
        "series-bar",
        "tooltip"
    ],
    "customTags": [],
    "updaterUserName": "安***子"
}