{
    "cid": "xjtym2dnn",
    "authorUid": "bd-2166094446",
    "authorUserName": "乔***1",
    "title": "杭州写字楼2月10日复工后电梯平均增大人流量变化",
    "description": "",
    "latestVersion": 3,
    "alwaysLatest": 1,
    "createTime": "2020-02-22T14:34:20.000Z",
    "lastUpdateTime": "2020-02-22T14:34:20.000Z",
    "auth": 2,
    "uid": "bd-2166094446",
    "publishedVersion": 0,
    "forkFrom": "-",
    "isSpam": 0,
    "version": 3,
    "parentVersion": 1,
    "echartsVersion": "4.4.0",
    "versionCreateTime": "2020-02-22T14:44:34.000Z",
    "html": "",
    "externalScripts": "",
    "updaterUID": "bd-2166094446",
    "theme": "",
    "layout": "",
    "viewCount": 177,
    "userName": "乔***1",
    "commentCount": 0,
    "starCount": 1,
    "isStared": 0,
    "thumbnailURL": "https://www.makeapie.com/ecg-storage/ec_gallery_thumbnail/xjtym2dnn.png?v=1582382674430",
    "isCustomThumbnail": 0,
    "builtinTags": [
        "category-work",
        "grid",
        "markPoint",
        "series-bar",
        "series-line",
        "title"
    ],
    "customTags": [],
    "updaterUserName": "乔***1"
}