{
    "cid": "xn7D5_KCA",
    "authorUid": "bd-273460656",
    "authorUserName": "C***4",
    "title": "",
    "description": "",
    "latestVersion": 3,
    "alwaysLatest": 1,
    "createTime": "2020-02-25T02:49:48.000Z",
    "lastUpdateTime": "2020-02-25T02:49:48.000Z",
    "auth": 2,
    "uid": "bd-273460656",
    "publishedVersion": 0,
    "forkFrom": "-",
    "isSpam": 0,
    "version": 3,
    "parentVersion": 2,
    "echartsVersion": "4.7.0",
    "versionCreateTime": "2020-05-06T06:38:47.000Z",
    "html": "",
    "externalScripts": "",
    "updaterUID": "bd-273460656",
    "theme": "",
    "layout": "",
    "viewCount": 151,
    "userName": "C***4",
    "commentCount": 0,
    "starCount": 2,
    "isStared": 0,
    "thumbnailURL": "https://www.makeapie.com/ecg-storage/ec_gallery_thumbnail/xn7D5_KCA.png?v=1588747127729",
    "isCustomThumbnail": 0,
    "builtinTags": [
        "category-work",
        "legend",
        "series-pie",
        "tooltip"
    ],
    "customTags": [],
    "updaterUserName": "C***4"
}