{
    "cid": "xopWDPBsx",
    "authorUid": "bd-2137545045",
    "authorUserName": "11...7@qq.com",
    "title": "",
    "description": "",
    "latestVersion": 3,
    "alwaysLatest": 1,
    "createTime": "2020-02-22T06:33:41.000Z",
    "lastUpdateTime": "2020-02-22T06:33:41.000Z",
    "auth": 2,
    "uid": "bd-2137545045",
    "publishedVersion": 0,
    "forkFrom": "-",
    "isSpam": 0,
    "version": 3,
    "parentVersion": 2,
    "echartsVersion": "4.4.0",
    "versionCreateTime": "2020-02-22T07:37:56.000Z",
    "html": "",
    "externalScripts": "",
    "updaterUID": "bd-2137545045",
    "theme": "",
    "layout": "",
    "viewCount": 126,
    "userName": "11...7@qq.com",
    "commentCount": 0,
    "starCount": 1,
    "isStared": 0,
    "thumbnailURL": "https://www.makeapie.com/ecg-storage/ec_gallery_thumbnail/xopWDPBsx.png?v=1582357076338",
    "isCustomThumbnail": 0,
    "builtinTags": [
        "category-work",
        "grid",
        "legend",
        "series-bar",
        "tooltip"
    ],
    "customTags": [],
    "updaterUserName": "11...7@qq.com"
}