{
    "cid": "xoSZSHG5J",
    "authorUid": "bd-657564173",
    "authorUserName": "了***文",
    "title": "知识图谱-关系图",
    "description": "关联关系",
    "latestVersion": 3,
    "alwaysLatest": 1,
    "createTime": "2020-02-25T01:56:00.000Z",
    "lastUpdateTime": "2020-02-25T01:56:00.000Z",
    "auth": 2,
    "uid": "bd-657564173",
    "publishedVersion": 0,
    "forkFrom": "-",
    "isSpam": 0,
    "version": 3,
    "parentVersion": 2,
    "echartsVersion": "4.4.0",
    "versionCreateTime": "2020-02-25T02:24:37.000Z",
    "html": "",
    "externalScripts": "",
    "updaterUID": "bd-657564173",
    "theme": "",
    "layout": "",
    "viewCount": 140,
    "userName": "了***文",
    "commentCount": 0,
    "starCount": 0,
    "isStared": 0,
    "thumbnailURL": "https://www.makeapie.com/ecg-storage/ec_gallery_thumbnail/xoSZSHG5J.png?v=1582597477420",
    "isCustomThumbnail": 0,
    "builtinTags": [
        "category-work",
        "legend",
        "series-graph",
        "title",
        "tooltip"
    ],
    "customTags": [],
    "updaterUserName": "了***文"
}