{
    "cid": "xoWN0d_SW",
    "authorUid": "bd-809828383",
    "authorUserName": "l***j",
    "title": "动态数据 + 时间坐标轴 + 固定显示",
    "description": "",
    "latestVersion": 1,
    "alwaysLatest": 1,
    "createTime": "2020-02-24T01:36:18.000Z",
    "lastUpdateTime": "2020-02-24T01:36:18.000Z",
    "auth": 2,
    "uid": "bd-809828383",
    "publishedVersion": 0,
    "forkFrom": "-",
    "isSpam": 0,
    "version": 1,
    "parentVersion": -1,
    "echartsVersion": "4.4.0",
    "versionCreateTime": "2020-02-24T01:36:18.000Z",
    "html": "",
    "externalScripts": "",
    "updaterUID": "bd-809828383",
    "theme": "",
    "layout": "",
    "viewCount": 1818,
    "userName": "l***j",
    "commentCount": 0,
    "starCount": 6,
    "isStared": 0,
    "thumbnailURL": "https://www.makeapie.com/ecg-storage/ec_gallery_thumbnail/xoWN0d_SW.png?v=1582508179042",
    "isCustomThumbnail": 0,
    "builtinTags": [
        "category-work",
        "dataZoom",
        "grid",
        "series-line",
        "title",
        "tooltip"
    ],
    "customTags": [],
    "updaterUserName": "l***j"
}