{
    "cid": "xSIMq_6Rw",
    "authorUid": "bd-2291206321",
    "authorUserName": "1***去",
    "title": "测温",
    "description": "https://gallery.echartsjs.com/editor.html?c=x1RlWDeeen\n引用",
    "latestVersion": 3,
    "alwaysLatest": 1,
    "createTime": "2020-02-24T02:53:38.000Z",
    "lastUpdateTime": "2020-02-24T02:53:38.000Z",
    "auth": 2,
    "uid": "bd-2291206321",
    "publishedVersion": 0,
    "forkFrom": "-",
    "isSpam": 0,
    "version": 3,
    "parentVersion": 2,
    "echartsVersion": "4.8.0",
    "versionCreateTime": "2020-06-12T02:32:38.000Z",
    "html": "",
    "externalScripts": "",
    "updaterUID": "bd-2291206321",
    "theme": "",
    "layout": "",
    "viewCount": 365,
    "userName": "1***去",
    "commentCount": 0,
    "starCount": 2,
    "isStared": 0,
    "thumbnailURL": "https://www.makeapie.com/ecg-storage/ec_gallery_thumbnail/xSIMq_6Rw.png?v=1591929158859",
    "isCustomThumbnail": 0,
    "builtinTags": [
        "category-work",
        "grid",
        "series-bar",
        "title",
        "tooltip"
    ],
    "customTags": [],
    "updaterUserName": "1***去"
}