{
    "cid": "xSxMZqEkJ",
    "authorUid": "bd-4197905510",
    "authorUserName": "c***6",
    "title": "建议圆饼进度图",
    "description": "",
    "latestVersion": 1,
    "alwaysLatest": 1,
    "createTime": "2020-02-21T08:43:39.000Z",
    "lastUpdateTime": "2020-02-21T08:43:39.000Z",
    "auth": 2,
    "uid": "bd-4197905510",
    "publishedVersion": 0,
    "forkFrom": "-",
    "isSpam": 0,
    "version": 1,
    "parentVersion": -1,
    "echartsVersion": "4.4.0",
    "versionCreateTime": "2020-02-21T08:43:39.000Z",
    "html": "",
    "externalScripts": "",
    "updaterUID": "bd-4197905510",
    "theme": "",
    "layout": "",
    "viewCount": 2393,
    "userName": "c***6",
    "commentCount": 0,
    "starCount": 6,
    "isStared": 0,
    "thumbnailURL": "https://www.makeapie.com/ecg-storage/ec_gallery_thumbnail/xSxMZqEkJ.png?v=1582274619148",
    "isCustomThumbnail": 0,
    "builtinTags": [
        "category-work",
        "series-pie"
    ],
    "customTags": [],
    "updaterUserName": "c***6"
}