{
    "cid": "xUh9INbIB",
    "authorUid": "bd-648161531",
    "authorUserName": "天***道",
    "title": "有描述的柱状图",
    "description": "",
    "latestVersion": 11,
    "alwaysLatest": 1,
    "createTime": "2020-02-24T08:45:23.000Z",
    "lastUpdateTime": "2020-02-24T08:45:23.000Z",
    "auth": 2,
    "uid": "bd-648161531",
    "publishedVersion": 0,
    "forkFrom": "-",
    "isSpam": 0,
    "version": 11,
    "parentVersion": 9,
    "echartsVersion": "4.4.0",
    "versionCreateTime": "2020-02-26T08:42:23.000Z",
    "html": "",
    "externalScripts": "",
    "updaterUID": "bd-648161531",
    "theme": "",
    "layout": "",
    "viewCount": 83,
    "userName": "天***道",
    "commentCount": 0,
    "starCount": 0,
    "isStared": 0,
    "thumbnailURL": "https://www.makeapie.com/ecg-storage/ec_gallery_thumbnail/xUh9INbIB.png?v=1582706543999",
    "isCustomThumbnail": 0,
    "builtinTags": [
        "category-work",
        "graphic",
        "grid",
        "series-bar",
        "title",
        "tooltip"
    ],
    "customTags": [],
    "updaterUserName": "天***道"
}