{
    "cid": "xyuyXsI-7",
    "authorUid": "bd-1394971004",
    "authorUserName": "L***_",
    "title": "移动端-告警级别",
    "description": "",
    "latestVersion": 2,
    "alwaysLatest": 1,
    "createTime": "2020-02-24T07:39:36.000Z",
    "lastUpdateTime": "2020-02-24T07:39:36.000Z",
    "auth": 2,
    "uid": "bd-1394971004",
    "publishedVersion": 0,
    "forkFrom": "-",
    "isSpam": 0,
    "version": 2,
    "parentVersion": 1,
    "echartsVersion": "4.4.0",
    "versionCreateTime": "2020-02-29T02:24:56.000Z",
    "html": "",
    "externalScripts": "",
    "updaterUID": "bd-1394971004",
    "theme": "",
    "layout": "",
    "viewCount": 166,
    "userName": "L***_",
    "commentCount": 0,
    "starCount": 0,
    "isStared": 0,
    "thumbnailURL": "https://www.makeapie.com/ecg-storage/ec_gallery_thumbnail/xyuyXsI-7.png?v=1582943096465",
    "isCustomThumbnail": 0,
    "builtinTags": [
        "category-work",
        "grid",
        "series-bar",
        "tooltip"
    ],
    "customTags": [],
    "updaterUserName": "L***_"
}