{
    "cid": "xzcej9ncd",
    "authorUid": "bd-2052529378",
    "authorUserName": "荷***多",
    "title": "Awesome Chart",
    "description": "",
    "latestVersion": 1,
    "alwaysLatest": 1,
    "createTime": "2020-02-24T13:49:21.000Z",
    "lastUpdateTime": "2020-02-24T13:49:21.000Z",
    "auth": 2,
    "uid": "bd-2052529378",
    "publishedVersion": 0,
    "forkFrom": "-",
    "isSpam": 0,
    "version": 1,
    "parentVersion": -1,
    "echartsVersion": "4.4.0",
    "versionCreateTime": "2020-02-24T13:49:21.000Z",
    "html": "",
    "externalScripts": "",
    "updaterUID": "bd-2052529378",
    "theme": "",
    "layout": "",
    "viewCount": 7,
    "userName": "荷***多",
    "commentCount": 0,
    "starCount": 0,
    "isStared": 0,
    "thumbnailURL": "https://www.makeapie.com/ecg-storage/ec_gallery_thumbnail/xzcej9ncd.png?v=1582552161820",
    "isCustomThumbnail": 0,
    "builtinTags": [
        "category-work",
        "grid",
        "series-line",
        "title"
    ],
    "customTags": [],
    "updaterUserName": "荷***多"
}