{
    "cid": "xBJCIQnnmM",
    "authorUid": "bd-2573924606",
    "authorUserName": "小***o",
    "title": "环形渐变进度条",
    "description": "",
    "latestVersion": 6,
    "alwaysLatest": 1,
    "createTime": "2018-01-05T08:12:05.000Z",
    "lastUpdateTime": "2018-01-05T08:12:05.000Z",
    "auth": 2,
    "uid": "bd-2573924606",
    "publishedVersion": 0,
    "forkFrom": "-",
    "isSpam": 0,
    "version": 6,
    "parentVersion": 4,
    "echartsVersion": "3.8.0",
    "versionCreateTime": "2018-01-06T02:36:54.000Z",
    "html": "",
    "externalScripts": "",
    "updaterUID": "bd-2573924606",
    "theme": "",
    "layout": "",
    "viewCount": 2854,
    "userName": "小***o",
    "commentCount": 0,
    "starCount": 5,
    "isStared": 0,
    "thumbnailURL": "https://www.makeapie.com/ecg-storage/ec_gallery_thumbnail/xBJCIQnnmM.png?v=1515206214587",
    "isCustomThumbnail": 0,
    "builtinTags": [
        "category-work",
        "series-pie",
        "tooltip"
    ],
    "customTags": [
        "渐变",
        "环形",
        "进度条"
    ],
    "updaterUserName": "小***o"
}