{
    "cid": "xBJpVHNG4z",
    "authorUid": "bd-3796128407",
    "authorUserName": "王***响",
    "title": "饼图对比色",
    "description": "对比色强调数据",
    "latestVersion": 1,
    "alwaysLatest": 1,
    "createTime": "2018-01-09T12:27:32.000Z",
    "lastUpdateTime": "2019-12-25T02:42:03.000Z",
    "auth": 2,
    "uid": "bd-3796128407",
    "publishedVersion": 0,
    "forkFrom": "-",
    "isSpam": 0,
    "version": 1,
    "parentVersion": -1,
    "echartsVersion": "3.8.0",
    "versionCreateTime": "2018-01-09T12:27:32.000Z",
    "html": "",
    "externalScripts": "",
    "updaterUID": "bd-3796128407",
    "theme": "default",
    "layout": "",
    "viewCount": 229,
    "userName": "王***响",
    "commentCount": 0,
    "starCount": 0,
    "isStared": 0,
    "thumbnailURL": "https://www.makeapie.com/ecg-storage/ec_gallery_thumbnail/xBJpVHNG4z.png?v=1577241723621",
    "isCustomThumbnail": 1,
    "builtinTags": [
        "category-work",
        "series-pie"
    ],
    "customTags": [],
    "updaterUserName": "王***响"
}