{
    "cid": "xBk5NtuiXf",
    "authorUid": "bd-490582819",
    "authorUserName": "陈***6",
    "title": "抚州统计",
    "description": "",
    "latestVersion": 1,
    "alwaysLatest": 1,
    "createTime": "2018-01-04T09:51:46.000Z",
    "lastUpdateTime": "2018-01-04T09:51:46.000Z",
    "auth": 2,
    "uid": "bd-490582819",
    "publishedVersion": 0,
    "forkFrom": "-",
    "isSpam": 0,
    "version": 1,
    "parentVersion": -1,
    "echartsVersion": "3.8.0",
    "versionCreateTime": "2018-01-04T09:51:46.000Z",
    "html": "",
    "externalScripts": "",
    "updaterUID": "bd-490582819",
    "theme": "",
    "layout": "",
    "viewCount": 611,
    "userName": "陈***6",
    "commentCount": 0,
    "starCount": 0,
    "isStared": 0,
    "thumbnailURL": "https://www.makeapie.com/ecg-storage/ec_gallery_thumbnail/xBk5NtuiXf.png?v=1515059506123",
    "isCustomThumbnail": 0,
    "builtinTags": [
        "category-work",
        "grid",
        "legend",
        "series-bar",
        "series-line",
        "title",
        "toolbox",
        "tooltip"
    ],
    "customTags": [],
    "updaterUserName": "陈***6"
}