{
    "cid": "xBkdMdlGVz",
    "authorUid": "bd-1833292178",
    "authorUserName": "和***长",
    "title": "line-datazoom",
    "description": "",
    "latestVersion": 3,
    "alwaysLatest": 1,
    "createTime": "2018-01-09T08:06:40.000Z",
    "lastUpdateTime": "2018-01-09T08:06:40.000Z",
    "auth": 1,
    "uid": "bd-1833292178",
    "publishedVersion": 0,
    "forkFrom": "-",
    "isSpam": 0,
    "version": 3,
    "parentVersion": 2,
    "echartsVersion": "3.8.0",
    "versionCreateTime": "2018-01-09T08:47:36.000Z",
    "html": "",
    "externalScripts": "",
    "updaterUID": "bd-1833292178",
    "theme": "",
    "layout": "",
    "viewCount": 523,
    "userName": "和***长",
    "commentCount": 0,
    "starCount": 1,
    "isStared": 0,
    "thumbnailURL": "https://www.makeapie.com/ecg-storage/ec_gallery_thumbnail/xBkdMdlGVz.png?v=1515487656793",
    "isCustomThumbnail": 0,
    "builtinTags": [
        "category-work",
        "dataZoom",
        "grid",
        "legend",
        "series-line",
        "tooltip"
    ],
    "customTags": [],
    "updaterUserName": "和***长"
}