{
    "cid": "xHkmqkZG4G",
    "authorUid": "bd-3796128407",
    "authorUserName": "王***响",
    "title": "数字艺术系毕业生城市去向分布",
    "description": "饼图基本示例",
    "latestVersion": 2,
    "alwaysLatest": 1,
    "createTime": "2018-01-09T08:38:35.000Z",
    "lastUpdateTime": "2018-01-12T05:00:10.000Z",
    "auth": 2,
    "uid": "bd-3796128407",
    "publishedVersion": 0,
    "forkFrom": "-",
    "isSpam": 0,
    "version": 2,
    "parentVersion": 1,
    "echartsVersion": "3.8.0",
    "versionCreateTime": "2018-01-16T02:34:24.000Z",
    "html": "",
    "externalScripts": "",
    "updaterUID": "bd-3796128407",
    "theme": "default",
    "layout": "",
    "viewCount": 213,
    "userName": "王***响",
    "commentCount": 0,
    "starCount": 1,
    "isStared": 0,
    "thumbnailURL": "https://www.makeapie.com/ecg-storage/ec_gallery_thumbnail/xHkmqkZG4G.png?v=1516070064864",
    "isCustomThumbnail": 0,
    "builtinTags": [
        "category-work",
        "legend",
        "series-pie",
        "title",
        "tooltip"
    ],
    "customTags": [],
    "updaterUserName": "王***响"
}