{
    "cid": "xHyDY-2gNz",
    "authorUid": "bd-3977042860",
    "authorUserName": "英凰广场迎黄英",
    "title": "用户推导图示例",
    "description": "用户关系推导",
    "latestVersion": 1,
    "alwaysLatest": 1,
    "createTime": "2018-01-08T08:53:19.000Z",
    "lastUpdateTime": "2018-01-08T08:53:19.000Z",
    "auth": 2,
    "uid": "bd-3977042860",
    "publishedVersion": 0,
    "forkFrom": "-",
    "isSpam": 0,
    "version": 1,
    "parentVersion": -1,
    "echartsVersion": "3.8.0",
    "versionCreateTime": "2018-01-08T08:53:19.000Z",
    "html": "",
    "externalScripts": "",
    "updaterUID": "bd-3977042860",
    "theme": "",
    "layout": "",
    "viewCount": 4486,
    "userName": "英凰广场迎黄英",
    "commentCount": 0,
    "starCount": 9,
    "isStared": 0,
    "thumbnailURL": "https://www.makeapie.com/ecg-storage/ec_gallery_thumbnail/xHyDY-2gNz.png?v=1515401599635",
    "isCustomThumbnail": 0,
    "builtinTags": [
        "category-work",
        "legend",
        "series-graph",
        "title",
        "tooltip"
    ],
    "customTags": [],
    "updaterUserName": "英凰广场迎黄英"
}