{
    "cid": "xryQYN1zNf",
    "authorUid": "bd-1578696968",
    "authorUserName": "Ar_梦留香",
    "title": "地图自动轮播点击显示区块",
    "description": "地图自动轮播点击显示区块",
    "latestVersion": 1,
    "alwaysLatest": 1,
    "createTime": "2018-01-09T06:43:06.000Z",
    "lastUpdateTime": "2018-01-09T06:43:06.000Z",
    "auth": 2,
    "uid": "bd-1578696968",
    "publishedVersion": 0,
    "forkFrom": "-",
    "isSpam": 0,
    "version": 1,
    "parentVersion": -1,
    "echartsVersion": "3.8.0",
    "versionCreateTime": "2018-01-09T06:43:06.000Z",
    "html": "",
    "externalScripts": "",
    "updaterUID": "bd-1578696968",
    "theme": "",
    "layout": "",
    "viewCount": 937,
    "userName": "Ar_梦留香",
    "commentCount": 0,
    "starCount": 6,
    "isStared": 0,
    "thumbnailURL": "https://www.makeapie.com/ecg-storage/ec_gallery_thumbnail/xryQYN1zNf.png?v=1515480186810",
    "isCustomThumbnail": 0,
    "builtinTags": [
        "category-work",
        "series-map",
        "title",
        "toolbox",
        "tooltip"
    ],
    "customTags": [],
    "updaterUserName": "Ar_梦留香"
}