{
    "cid": "xSJ8p-xX4f",
    "authorUid": "bd-1041428789",
    "authorUserName": "clxgao",
    "title": "方格图",
    "description": "3*3的方格图，项目需求，自己是新手，无法实现，只能在heatmap的基础上做进一步的更改，案例代码参考ID为“草禺金兑”大佬的2048",
    "latestVersion": 2,
    "alwaysLatest": 1,
    "createTime": "2018-01-10T01:51:58.000Z",
    "lastUpdateTime": "2018-01-10T01:51:58.000Z",
    "auth": 1,
    "uid": "bd-1041428789",
    "publishedVersion": 0,
    "forkFrom": "-",
    "isSpam": 0,
    "version": 2,
    "parentVersion": 1,
    "echartsVersion": "3.8.0",
    "versionCreateTime": "2018-01-10T02:09:17.000Z",
    "html": "",
    "externalScripts": "",
    "updaterUID": "bd-1041428789",
    "theme": "",
    "layout": "",
    "viewCount": 619,
    "userName": "clxgao",
    "commentCount": 0,
    "starCount": 0,
    "isStared": 0,
    "thumbnailURL": "https://www.makeapie.com/ecg-storage/ec_gallery_thumbnail/xSJ8p-xX4f.png?v=1515550157494",
    "isCustomThumbnail": 0,
    "builtinTags": [
        "category-work",
        "grid",
        "series-heatmap",
        "title",
        "tooltip"
    ],
    "customTags": [],
    "updaterUserName": "clxgao"
}