{
    "cid": "xSJjm-OjXM",
    "authorUid": "bd-2216694364",
    "authorUserName": "zlz19911221",
    "title": "近24时气象趋势表",
    "description": "多y轴的折线图",
    "latestVersion": 1,
    "alwaysLatest": 1,
    "createTime": "2018-01-04T09:17:23.000Z",
    "lastUpdateTime": "2018-01-04T09:17:23.000Z",
    "auth": 2,
    "uid": "bd-2216694364",
    "publishedVersion": 0,
    "forkFrom": "-",
    "isSpam": 0,
    "version": 1,
    "parentVersion": -1,
    "echartsVersion": "3.8.0",
    "versionCreateTime": "2018-01-04T09:17:23.000Z",
    "html": "",
    "externalScripts": "",
    "updaterUID": "bd-2216694364",
    "theme": "",
    "layout": "",
    "viewCount": 288,
    "userName": "zlz19911221",
    "commentCount": 0,
    "starCount": 0,
    "isStared": 0,
    "thumbnailURL": "https://www.makeapie.com/ecg-storage/ec_gallery_thumbnail/xSJjm-OjXM.png?v=1515057443347",
    "isCustomThumbnail": 1,
    "builtinTags": [
        "category-work",
        "dataZoom",
        "grid",
        "legend",
        "series-line",
        "title",
        "toolbox",
        "tooltip"
    ],
    "customTags": [
        "折线图"
    ],
    "updaterUserName": "zlz19911221"
}