{
    "cid": "xSkd7iRbEz",
    "authorUid": "bd-755801371",
    "authorUserName": "文***潇",
    "title": "气泡显示文字的迁徙图",
    "description": "data from PM25.in（甲鱼是条狗）",
    "latestVersion": 1,
    "alwaysLatest": 1,
    "createTime": "2018-01-09T06:03:12.000Z",
    "lastUpdateTime": "2018-01-09T06:03:12.000Z",
    "auth": 2,
    "uid": "bd-755801371",
    "publishedVersion": 0,
    "forkFrom": "-",
    "isSpam": 0,
    "version": 1,
    "parentVersion": -1,
    "echartsVersion": "3.8.0",
    "versionCreateTime": "2018-01-09T06:03:12.000Z",
    "html": "",
    "externalScripts": "/dep/echarts/map/js/china.js,/dep/echarts/map/js/world.js",
    "updaterUID": "bd-755801371",
    "theme": "",
    "layout": "",
    "viewCount": 3817,
    "userName": "文***潇",
    "commentCount": 0,
    "starCount": 12,
    "isStared": 0,
    "thumbnailURL": "https://www.makeapie.com/ecg-storage/ec_gallery_thumbnail/xSkd7iRbEz.png?v=1515477792375",
    "isCustomThumbnail": 0,
    "builtinTags": [
        "category-work",
        "geo",
        "series-lines",
        "series-scatter",
        "title",
        "tooltip",
        "visualMap"
    ],
    "customTags": [],
    "updaterUserName": "文***潇"
}