{
    "cid": "xSylIGrG4G",
    "authorUid": "bd-605324080",
    "authorUserName": "samgiro",
    "title": "Customized Pie",
    "description": "",
    "latestVersion": 1,
    "alwaysLatest": 1,
    "createTime": "2018-01-09T13:23:19.000Z",
    "lastUpdateTime": "2018-01-09T13:23:19.000Z",
    "auth": 2,
    "uid": "bd-605324080",
    "publishedVersion": 0,
    "forkFrom": "-",
    "isSpam": 0,
    "version": 1,
    "parentVersion": -1,
    "echartsVersion": "3.8.0",
    "versionCreateTime": "2018-01-09T13:23:19.000Z",
    "html": "",
    "externalScripts": "",
    "updaterUID": "bd-605324080",
    "theme": "macarons",
    "layout": "",
    "viewCount": 51,
    "userName": "samgiro",
    "commentCount": 0,
    "starCount": 0,
    "isStared": 0,
    "thumbnailURL": "https://www.makeapie.com/ecg-storage/ec_gallery_thumbnail/xSylIGrG4G.png?v=1515504199961",
    "isCustomThumbnail": 0,
    "builtinTags": [
        "category-work",
        "series-pie",
        "title",
        "tooltip",
        "visualMap"
    ],
    "customTags": [],
    "updaterUserName": "samgiro"
}