{
    "cid": "x-OM-3Mv4Z",
    "authorUid": "obd-oDCaFX31jiwTXKlwjh_k6OKioVP0t1E",
    "authorUserName": "s***姊",
    "title": "驾驶行为风险分析",
    "description": "展示各机器间的网络情况",
    "latestVersion": 1,
    "alwaysLatest": 1,
    "createTime": "2021-01-05T03:57:14.000Z",
    "lastUpdateTime": "2021-01-05T03:57:14.000Z",
    "auth": 2,
    "uid": "obd-oDCaFX31jiwTXKlwjh_k6OKioVP0t1E",
    "publishedVersion": 0,
    "forkFrom": "-",
    "isSpam": 0,
    "version": 1,
    "parentVersion": -1,
    "echartsVersion": "4.8.0",
    "versionCreateTime": "2021-01-05T03:57:14.000Z",
    "html": "",
    "externalScripts": "",
    "updaterUID": "obd-oDCaFX31jiwTXKlwjh_k6OKioVP0t1E",
    "theme": "",
    "layout": "",
    "viewCount": 284,
    "userName": "s***姊",
    "commentCount": 0,
    "starCount": 0,
    "isStared": 0,
    "thumbnailURL": "https://www.makeapie.com/ecg-storage/ec_gallery_thumbnail/x-OM-3Mv4Z.png?v=1609819034558",
    "isCustomThumbnail": 0,
    "builtinTags": [
        "category-work",
        "dataZoom",
        "grid",
        "series-heatmap",
        "title",
        "toolbox",
        "tooltip",
        "visualMap"
    ],
    "customTags": [],
    "updaterUserName": "s***姊"
}