{
    "cid": "x6DZQYHdt-",
    "authorUid": "bd-554908277",
    "authorUserName": "宸***",
    "title": "带label的散点图",
    "description": "",
    "latestVersion": 1,
    "alwaysLatest": 1,
    "createTime": "2020-12-31T03:23:54.000Z",
    "lastUpdateTime": "2020-12-31T03:23:54.000Z",
    "auth": 2,
    "uid": "bd-554908277",
    "publishedVersion": 0,
    "forkFrom": "-",
    "isSpam": 0,
    "version": 1,
    "parentVersion": -1,
    "echartsVersion": "4.8.0",
    "versionCreateTime": "2020-12-31T03:23:54.000Z",
    "html": "",
    "externalScripts": "",
    "updaterUID": "bd-554908277",
    "theme": "",
    "layout": "",
    "viewCount": 52,
    "userName": "宸***",
    "commentCount": 0,
    "starCount": 1,
    "isStared": 0,
    "thumbnailURL": "https://www.makeapie.com/ecg-storage/ec_gallery_thumbnail/x6DZQYHdt-.png?v=1609385034529",
    "isCustomThumbnail": 0,
    "builtinTags": [
        "category-work",
        "grid",
        "series-scatter",
        "tooltip"
    ],
    "customTags": [],
    "updaterUserName": "宸***"
}