{
    "cid": "x6Q-hDjyOX",
    "authorUid": "obd-oF6xycBsxEEMzotwybuTHwCxE0myu5R",
    "authorUserName": "g***b",
    "title": "总",
    "description": "2019",
    "latestVersion": 2,
    "alwaysLatest": 1,
    "createTime": "2021-01-04T06:38:08.000Z",
    "lastUpdateTime": "2021-01-04T06:38:08.000Z",
    "auth": 1,
    "uid": "obd-oF6xycBsxEEMzotwybuTHwCxE0myu5R",
    "publishedVersion": 0,
    "forkFrom": "-",
    "isSpam": 0,
    "version": 2,
    "parentVersion": 1,
    "echartsVersion": "4.8.0",
    "versionCreateTime": "2021-01-04T06:47:06.000Z",
    "html": "",
    "externalScripts": "",
    "updaterUID": "obd-oF6xycBsxEEMzotwybuTHwCxE0myu5R",
    "theme": "",
    "layout": "",
    "viewCount": 89,
    "userName": "g***b",
    "commentCount": 0,
    "starCount": 0,
    "isStared": 0,
    "thumbnailURL": "https://www.makeapie.com/ecg-storage/ec_gallery_thumbnail/x6Q-hDjyOX.png?v=1609742826562",
    "isCustomThumbnail": 0,
    "builtinTags": [
        "category-work",
        "legend",
        "series-pie",
        "title",
        "tooltip"
    ],
    "customTags": [],
    "updaterUserName": "g***b"
}