{
    "cid": "xBx-UrJ1kf",
    "authorUid": "obd-oD-Fg87qxxsXi2S0LWsaFu11fZtBj1L",
    "authorUserName": "少***i",
    "title": "横向柱状图加悬浮框",
    "description": "",
    "latestVersion": 1,
    "alwaysLatest": 1,
    "createTime": "2021-01-05T06:25:13.000Z",
    "lastUpdateTime": "2021-01-05T06:25:13.000Z",
    "auth": 2,
    "uid": "obd-oD-Fg87qxxsXi2S0LWsaFu11fZtBj1L",
    "publishedVersion": 0,
    "forkFrom": "-",
    "isSpam": 0,
    "version": 1,
    "parentVersion": -1,
    "echartsVersion": "4.8.0",
    "versionCreateTime": "2021-01-05T06:25:13.000Z",
    "html": "",
    "externalScripts": "",
    "updaterUID": "obd-oD-Fg87qxxsXi2S0LWsaFu11fZtBj1L",
    "theme": "",
    "layout": "",
    "viewCount": 151,
    "userName": "少***i",
    "commentCount": 0,
    "starCount": 2,
    "isStared": 0,
    "thumbnailURL": "https://www.makeapie.com/ecg-storage/ec_gallery_thumbnail/xBx-UrJ1kf.png?v=1609827913970",
    "isCustomThumbnail": 0,
    "builtinTags": [
        "category-work",
        "grid",
        "series-bar"
    ],
    "customTags": [],
    "updaterUserName": "少***i"
}