{
    "cid": "xICpj5H7W9",
    "authorUid": "bd-3659696196",
    "authorUserName": "_***_",
    "title": "雷达图自定义tooltip",
    "description": "",
    "latestVersion": 1,
    "alwaysLatest": 1,
    "createTime": "2020-12-31T02:01:14.000Z",
    "lastUpdateTime": "2020-12-31T02:01:14.000Z",
    "auth": 2,
    "uid": "bd-3659696196",
    "publishedVersion": 0,
    "forkFrom": "-",
    "isSpam": 0,
    "version": 1,
    "parentVersion": -1,
    "echartsVersion": "4.8.0",
    "versionCreateTime": "2020-12-31T02:01:14.000Z",
    "html": "",
    "externalScripts": "",
    "updaterUID": "bd-3659696196",
    "theme": "",
    "layout": "",
    "viewCount": 216,
    "userName": "_***_",
    "commentCount": 0,
    "starCount": 0,
    "isStared": 0,
    "thumbnailURL": "https://www.makeapie.com/ecg-storage/ec_gallery_thumbnail/xICpj5H7W9.png?v=1609380074844",
    "isCustomThumbnail": 0,
    "builtinTags": [
        "category-work",
        "legend",
        "radar",
        "series-radar",
        "title",
        "tooltip"
    ],
    "customTags": [],
    "updaterUserName": "_***_"
}