{
    "cid": "xJ2UdOwRgH",
    "authorUid": "bd-2119482761",
    "authorUserName": "丶***u",
    "title": "xiangping",
    "description": "",
    "latestVersion": 1,
    "alwaysLatest": 1,
    "createTime": "2021-01-05T06:16:17.000Z",
    "lastUpdateTime": "2021-01-05T06:16:17.000Z",
    "auth": 2,
    "uid": "bd-2119482761",
    "publishedVersion": 0,
    "forkFrom": "-",
    "isSpam": 0,
    "version": 1,
    "parentVersion": -1,
    "echartsVersion": "4.8.0",
    "versionCreateTime": "2021-01-05T06:16:17.000Z",
    "html": "",
    "externalScripts": "",
    "updaterUID": "bd-2119482761",
    "theme": "",
    "layout": "",
    "viewCount": 27,
    "userName": "丶***u",
    "commentCount": 0,
    "starCount": 0,
    "isStared": 0,
    "thumbnailURL": "https://www.makeapie.com/ecg-storage/ec_gallery_thumbnail/xJ2UdOwRgH.png?v=1609827377489",
    "isCustomThumbnail": 0,
    "builtinTags": [
        "category-work",
        "geo",
        "legend",
        "series-effectScatter",
        "series-lines",
        "title",
        "tooltip"
    ],
    "customTags": [],
    "updaterUserName": "丶***u"
}