{
    "cid": "xL7q5-8Y74",
    "authorUid": "obd-oCvnoKJf4Ls0IYwqtPfVx5-uX2slB3J",
    "authorUserName": "骏***g",
    "title": "模拟带边框的环形图",
    "description": "",
    "latestVersion": 1,
    "alwaysLatest": 1,
    "createTime": "2021-01-04T09:10:16.000Z",
    "lastUpdateTime": "2021-01-04T09:10:16.000Z",
    "auth": 2,
    "uid": "obd-oCvnoKJf4Ls0IYwqtPfVx5-uX2slB3J",
    "publishedVersion": 0,
    "forkFrom": "-",
    "isSpam": 0,
    "version": 1,
    "parentVersion": -1,
    "echartsVersion": "4.8.0",
    "versionCreateTime": "2021-01-04T09:10:16.000Z",
    "html": "",
    "externalScripts": "",
    "updaterUID": "obd-oCvnoKJf4Ls0IYwqtPfVx5-uX2slB3J",
    "theme": "",
    "layout": "",
    "viewCount": 44,
    "userName": "骏***g",
    "commentCount": 0,
    "starCount": 1,
    "isStared": 0,
    "thumbnailURL": "https://www.makeapie.com/ecg-storage/ec_gallery_thumbnail/xL7q5-8Y74.png?v=1609751416776",
    "isCustomThumbnail": 0,
    "builtinTags": [
        "category-work",
        "legend",
        "series-pie",
        "tooltip"
    ],
    "customTags": [],
    "updaterUserName": "骏***g"
}