{
    "cid": "xngVtQBDqQ",
    "authorUid": "bd-993634818",
    "authorUserName": "6***9",
    "title": "中国地图标点扩散涟漪效果",
    "description": "中国地图标点扩散涟漪效果",
    "latestVersion": 1,
    "alwaysLatest": 1,
    "createTime": "2021-01-05T06:34:52.000Z",
    "lastUpdateTime": "2021-01-05T06:34:52.000Z",
    "auth": 2,
    "uid": "bd-993634818",
    "publishedVersion": 0,
    "forkFrom": "-",
    "isSpam": 0,
    "version": 1,
    "parentVersion": -1,
    "echartsVersion": "4.8.0",
    "versionCreateTime": "2021-01-05T06:34:52.000Z",
    "html": "",
    "externalScripts": "/dep/echarts/map/js/china.js",
    "updaterUID": "bd-993634818",
    "theme": "",
    "layout": "",
    "viewCount": 120,
    "userName": "6***9",
    "commentCount": 0,
    "starCount": 1,
    "isStared": 0,
    "thumbnailURL": "https://www.makeapie.com/ecg-storage/ec_gallery_thumbnail/xngVtQBDqQ.png?v=1609828492752",
    "isCustomThumbnail": 0,
    "builtinTags": [
        "category-work",
        "geo",
        "series-effectScatter",
        "tooltip"
    ],
    "customTags": [],
    "updaterUserName": "6***9"
}