{
    "cid": "xYd5iThEkL",
    "authorUid": "obd-otFA8X4JDP1jj87829ddT7b48jXQ68D",
    "authorUserName": "q***o",
    "title": "带边框柱状统计图",
    "description": "",
    "latestVersion": 1,
    "alwaysLatest": 1,
    "createTime": "2021-01-03T05:07:27.000Z",
    "lastUpdateTime": "2021-01-03T05:07:27.000Z",
    "auth": 1,
    "uid": "obd-otFA8X4JDP1jj87829ddT7b48jXQ68D",
    "publishedVersion": 0,
    "forkFrom": "-",
    "isSpam": 0,
    "version": 1,
    "parentVersion": -1,
    "echartsVersion": "4.8.0",
    "versionCreateTime": "2021-01-03T05:07:27.000Z",
    "html": "",
    "externalScripts": "",
    "updaterUID": "obd-otFA8X4JDP1jj87829ddT7b48jXQ68D",
    "theme": "",
    "layout": "",
    "viewCount": 75,
    "userName": "q***o",
    "commentCount": 0,
    "starCount": 3,
    "isStared": 0,
    "thumbnailURL": "https://www.makeapie.com/ecg-storage/ec_gallery_thumbnail/xYd5iThEkL.png?v=1609650447209",
    "isCustomThumbnail": 0,
    "builtinTags": [
        "category-work",
        "grid",
        "series-bar",
        "tooltip"
    ],
    "customTags": [],
    "updaterUserName": "q***o"
}