{
    "cid": "x-RuPufThq",
    "authorUid": "obd-oCytk-iscqjAoQgpI34LAUX1d2UkM3Y",
    "authorUserName": "1***4",
    "title": "地图+路线图",
    "description": "",
    "latestVersion": 3,
    "alwaysLatest": 1,
    "createTime": "2020-11-20T06:59:25.000Z",
    "lastUpdateTime": "2020-11-20T06:59:25.000Z",
    "auth": 2,
    "uid": "obd-oCytk-iscqjAoQgpI34LAUX1d2UkM3Y",
    "publishedVersion": 0,
    "forkFrom": "-",
    "isSpam": 0,
    "version": 3,
    "parentVersion": 2,
    "echartsVersion": "4.8.0",
    "versionCreateTime": "2020-11-20T10:22:09.000Z",
    "html": "",
    "externalScripts": "",
    "updaterUID": "obd-oCytk-iscqjAoQgpI34LAUX1d2UkM3Y",
    "theme": "",
    "layout": "",
    "viewCount": 133,
    "userName": "1***4",
    "commentCount": 0,
    "starCount": 0,
    "isStared": 0,
    "thumbnailURL": "https://www.makeapie.com/ecg-storage/ec_gallery_thumbnail/x-RuPufThq.png?v=1605867729118",
    "isCustomThumbnail": 0,
    "builtinTags": [
        "category-work",
        "geo",
        "series-lines",
        "series-scatter"
    ],
    "customTags": [],
    "updaterUserName": "1***4"
}