{
    "cid": "x-vNuax4BS",
    "authorUid": "obd-oM5buhXtxzDG7TGZ9FWfSwTXLCjYb2Z",
    "authorUserName": "c***5",
    "title": "数据统计",
    "description": "",
    "latestVersion": 2,
    "alwaysLatest": 1,
    "createTime": "2020-11-20T08:44:50.000Z",
    "lastUpdateTime": "2020-11-20T08:44:50.000Z",
    "auth": 2,
    "uid": "obd-oM5buhXtxzDG7TGZ9FWfSwTXLCjYb2Z",
    "publishedVersion": 0,
    "forkFrom": "-",
    "isSpam": 0,
    "version": 2,
    "parentVersion": 1,
    "echartsVersion": "4.8.0",
    "versionCreateTime": "2020-11-20T08:48:30.000Z",
    "html": "",
    "externalScripts": "",
    "updaterUID": "obd-oM5buhXtxzDG7TGZ9FWfSwTXLCjYb2Z",
    "theme": "",
    "layout": "",
    "viewCount": 142,
    "userName": "c***5",
    "commentCount": 0,
    "starCount": 1,
    "isStared": 0,
    "thumbnailURL": "https://www.makeapie.com/ecg-storage/ec_gallery_thumbnail/x-vNuax4BS.png?v=1605862110350",
    "isCustomThumbnail": 0,
    "builtinTags": [
        "category-work",
        "dataZoom",
        "grid",
        "series-line",
        "title",
        "toolbox",
        "tooltip"
    ],
    "customTags": [],
    "updaterUserName": "c***5"
}