{
    "cid": "x1VHvCGSP2",
    "authorUid": "obd-olml_glrFgrwKTmoYkDJMfSPmZ75I0n",
    "authorUserName": "起***难",
    "title": "双柱状图",
    "description": "",
    "latestVersion": 1,
    "alwaysLatest": 1,
    "createTime": "2020-11-20T09:33:05.000Z",
    "lastUpdateTime": "2020-11-20T09:33:05.000Z",
    "auth": 2,
    "uid": "obd-olml_glrFgrwKTmoYkDJMfSPmZ75I0n",
    "publishedVersion": 0,
    "forkFrom": "-",
    "isSpam": 0,
    "version": 1,
    "parentVersion": -1,
    "echartsVersion": "4.8.0",
    "versionCreateTime": "2020-11-20T09:33:05.000Z",
    "html": "",
    "externalScripts": "",
    "updaterUID": "obd-olml_glrFgrwKTmoYkDJMfSPmZ75I0n",
    "theme": "",
    "layout": "",
    "viewCount": 49,
    "userName": "起***难",
    "commentCount": 0,
    "starCount": 1,
    "isStared": 0,
    "thumbnailURL": "https://www.makeapie.com/ecg-storage/ec_gallery_thumbnail/x1VHvCGSP2.png?v=1605864785634",
    "isCustomThumbnail": 0,
    "builtinTags": [
        "category-work",
        "grid",
        "series-bar"
    ],
    "customTags": [],
    "updaterUserName": "起***难"
}