{
    "cid": "x8LLifOGSz",
    "authorUid": "obd-oMHbiHL6bDx1l0oDk5xqr1adbJQ-z2g",
    "authorUserName": "倾***梦",
    "title": "渐变gauge+pie",
    "description": "借鉴之后的修改，",
    "latestVersion": 1,
    "alwaysLatest": 1,
    "createTime": "2020-11-20T08:10:55.000Z",
    "lastUpdateTime": "2020-11-20T08:10:55.000Z",
    "auth": 1,
    "uid": "obd-oMHbiHL6bDx1l0oDk5xqr1adbJQ-z2g",
    "publishedVersion": 0,
    "forkFrom": "-",
    "isSpam": 0,
    "version": 1,
    "parentVersion": -1,
    "echartsVersion": "4.8.0",
    "versionCreateTime": "2020-11-20T08:10:56.000Z",
    "html": "",
    "externalScripts": "",
    "updaterUID": "obd-oMHbiHL6bDx1l0oDk5xqr1adbJQ-z2g",
    "theme": "",
    "layout": "",
    "viewCount": 146,
    "userName": "倾***梦",
    "commentCount": 0,
    "starCount": 6,
    "isStared": 0,
    "thumbnailURL": "https://www.makeapie.com/ecg-storage/ec_gallery_thumbnail/x8LLifOGSz.png?v=1605859856222",
    "isCustomThumbnail": 0,
    "builtinTags": [
        "category-work",
        "series-gauge",
        "series-pie"
    ],
    "customTags": [],
    "updaterUserName": "倾***梦"
}