{
    "cid": "xG3jvE3bW9",
    "authorUid": "obd-ojhmrVr7HMv34xoKX5wbXcbj4nEThDB",
    "authorUserName": "咔***尅",
    "title": "创新能力",
    "description": "",
    "latestVersion": 1,
    "alwaysLatest": 1,
    "createTime": "2020-11-19T08:47:56.000Z",
    "lastUpdateTime": "2020-11-19T08:47:56.000Z",
    "auth": 2,
    "uid": "obd-ojhmrVr7HMv34xoKX5wbXcbj4nEThDB",
    "publishedVersion": 0,
    "forkFrom": "-",
    "isSpam": 0,
    "version": 1,
    "parentVersion": -1,
    "echartsVersion": "4.8.0",
    "versionCreateTime": "2020-11-19T08:47:56.000Z",
    "html": "",
    "externalScripts": "",
    "updaterUID": "obd-ojhmrVr7HMv34xoKX5wbXcbj4nEThDB",
    "theme": "",
    "layout": "",
    "viewCount": 65,
    "userName": "咔***尅",
    "commentCount": 0,
    "starCount": 2,
    "isStared": 0,
    "thumbnailURL": "https://www.makeapie.com/ecg-storage/ec_gallery_thumbnail/xG3jvE3bW9.png?v=1605775676739",
    "isCustomThumbnail": 0,
    "builtinTags": [
        "category-work",
        "series-pie",
        "title"
    ],
    "customTags": [],
    "updaterUserName": "咔***尅"
}