{
    "cid": "xjQoq6EFh5",
    "authorUid": "bd-1147429777",
    "authorUserName": "请***哦",
    "title": "Awesome Chart",
    "description": "Awesome Chart",
    "latestVersion": 1,
    "alwaysLatest": 1,
    "createTime": "2020-11-20T02:25:08.000Z",
    "lastUpdateTime": "2020-11-20T02:25:08.000Z",
    "auth": 2,
    "uid": "bd-1147429777",
    "publishedVersion": 0,
    "forkFrom": "-",
    "isSpam": 0,
    "version": 1,
    "parentVersion": -1,
    "echartsVersion": "4.8.0",
    "versionCreateTime": "2020-11-20T02:25:08.000Z",
    "html": "",
    "externalScripts": "",
    "updaterUID": "bd-1147429777",
    "theme": "",
    "layout": "",
    "viewCount": 12,
    "userName": "请***哦",
    "commentCount": 0,
    "starCount": 0,
    "isStared": 0,
    "thumbnailURL": "https://www.makeapie.com/ecg-storage/ec_gallery_thumbnail/xjQoq6EFh5.png?v=1605839108528",
    "isCustomThumbnail": 0,
    "builtinTags": [
        "category-work",
        "grid",
        "series-line",
        "title"
    ],
    "customTags": [],
    "updaterUserName": "请***哦"
}