{
    "cid": "xOB0MDoEDu",
    "authorUid": "obd-oA05LaRAVY-jKyPQupI-_iHrrhtEt7v",
    "authorUserName": "李***3",
    "title": "图标",
    "description": "",
    "latestVersion": 1,
    "alwaysLatest": 1,
    "createTime": "2020-11-20T03:04:14.000Z",
    "lastUpdateTime": "2020-11-20T03:04:14.000Z",
    "auth": 2,
    "uid": "obd-oA05LaRAVY-jKyPQupI-_iHrrhtEt7v",
    "publishedVersion": 0,
    "forkFrom": "-",
    "isSpam": 0,
    "version": 1,
    "parentVersion": -1,
    "echartsVersion": "4.8.0",
    "versionCreateTime": "2020-11-20T03:04:14.000Z",
    "html": "",
    "externalScripts": "",
    "updaterUID": "obd-oA05LaRAVY-jKyPQupI-_iHrrhtEt7v",
    "theme": "",
    "layout": "",
    "viewCount": 82,
    "userName": "李***3",
    "commentCount": 0,
    "starCount": 1,
    "isStared": 0,
    "thumbnailURL": "https://www.makeapie.com/ecg-storage/ec_gallery_thumbnail/xOB0MDoEDu.png?v=1605841455021",
    "isCustomThumbnail": 0,
    "builtinTags": [
        "category-work",
        "grid",
        "legend",
        "series-bar",
        "series-line",
        "series-pictorialBar"
    ],
    "customTags": [],
    "updaterUserName": "李***3"
}