{
    "cid": "xOL_L0Z56Q",
    "authorUid": "obd-olLAU1BTSerG8y0U7GNm2DkGxr9dK0e",
    "authorUserName": "曹***灰",
    "title": "饼图自动高亮展示",
    "description": "自动高亮展示，鼠标移入展示当前",
    "latestVersion": 3,
    "alwaysLatest": 1,
    "createTime": "2020-11-20T09:36:37.000Z",
    "lastUpdateTime": "2020-11-20T09:36:37.000Z",
    "auth": 2,
    "uid": "obd-olLAU1BTSerG8y0U7GNm2DkGxr9dK0e",
    "publishedVersion": 0,
    "forkFrom": "-",
    "isSpam": 0,
    "version": 3,
    "parentVersion": 2,
    "echartsVersion": "4.8.0",
    "versionCreateTime": "2020-11-20T09:38:36.000Z",
    "html": "",
    "externalScripts": "",
    "updaterUID": "obd-olLAU1BTSerG8y0U7GNm2DkGxr9dK0e",
    "theme": "",
    "layout": "",
    "viewCount": 492,
    "userName": "曹***灰",
    "commentCount": 1,
    "starCount": 3,
    "isStared": 0,
    "thumbnailURL": "https://www.makeapie.com/ecg-storage/ec_gallery_thumbnail/xOL_L0Z56Q.png?v=1605865116799",
    "isCustomThumbnail": 0,
    "builtinTags": [
        "category-work",
        "legend",
        "series-pie",
        "tooltip"
    ],
    "customTags": [],
    "updaterUserName": "曹***灰"
}