{
    "cid": "xOytYWZhUh",
    "authorUid": "bd-1731291088",
    "authorUserName": "走***a",
    "title": "长沙市",
    "description": "",
    "latestVersion": 6,
    "alwaysLatest": 1,
    "createTime": "2020-11-19T10:15:45.000Z",
    "lastUpdateTime": "2020-11-19T10:15:45.000Z",
    "auth": 2,
    "uid": "bd-1731291088",
    "publishedVersion": 0,
    "forkFrom": "-",
    "isSpam": 0,
    "version": 6,
    "parentVersion": 5,
    "echartsVersion": "4.8.0",
    "versionCreateTime": "2020-11-25T02:52:33.000Z",
    "html": "",
    "externalScripts": "",
    "updaterUID": "bd-1731291088",
    "theme": "",
    "layout": "",
    "viewCount": 32,
    "userName": "走***a",
    "commentCount": 0,
    "starCount": 0,
    "isStared": 0,
    "thumbnailURL": "https://www.makeapie.com/ecg-storage/ec_gallery_thumbnail/xOytYWZhUh.png?v=1606272753291",
    "isCustomThumbnail": 0,
    "builtinTags": [
        "category-work",
        "geo",
        "title",
        "visualMap"
    ],
    "customTags": [],
    "updaterUserName": "走***a"
}