{
    "cid": "xsRwstBTRV",
    "authorUid": "bd-1488472830",
    "authorUserName": "丨***点",
    "title": "简易仪表盘",
    "description": "简易仪表盘",
    "latestVersion": 1,
    "alwaysLatest": 1,
    "createTime": "2020-11-19T10:32:21.000Z",
    "lastUpdateTime": "2020-11-19T10:32:21.000Z",
    "auth": 2,
    "uid": "bd-1488472830",
    "publishedVersion": 0,
    "forkFrom": "-",
    "isSpam": 0,
    "version": 1,
    "parentVersion": -1,
    "echartsVersion": "4.8.0",
    "versionCreateTime": "2020-11-19T10:32:21.000Z",
    "html": "",
    "externalScripts": "",
    "updaterUID": "bd-1488472830",
    "theme": "",
    "layout": "",
    "viewCount": 67,
    "userName": "丨***点",
    "commentCount": 0,
    "starCount": 1,
    "isStared": 0,
    "thumbnailURL": "https://www.makeapie.com/ecg-storage/ec_gallery_thumbnail/xsRwstBTRV.png?v=1605781941889",
    "isCustomThumbnail": 0,
    "builtinTags": [
        "category-work",
        "series-gauge",
        "title"
    ],
    "customTags": [],
    "updaterUserName": "丨***点"
}