{
    "cid": "xu5rYv2sld",
    "authorUid": "obd-oD9FBWNB_YRochzgkyLC2UgfxTJPP1q",
    "authorUserName": "r***n",
    "title": "对喝咖啡的看法",
    "description": "对喝咖啡的看法（问卷调查）",
    "latestVersion": 1,
    "alwaysLatest": 1,
    "createTime": "2020-11-22T14:12:42.000Z",
    "lastUpdateTime": "2020-11-22T14:12:42.000Z",
    "auth": 2,
    "uid": "obd-oD9FBWNB_YRochzgkyLC2UgfxTJPP1q",
    "publishedVersion": 0,
    "forkFrom": "-",
    "isSpam": 0,
    "version": 1,
    "parentVersion": -1,
    "echartsVersion": "4.8.0",
    "versionCreateTime": "2020-11-22T14:12:42.000Z",
    "html": "",
    "externalScripts": "",
    "updaterUID": "obd-oD9FBWNB_YRochzgkyLC2UgfxTJPP1q",
    "theme": "",
    "layout": "",
    "viewCount": 20,
    "userName": "r***n",
    "commentCount": 0,
    "starCount": 0,
    "isStared": 0,
    "thumbnailURL": "https://www.makeapie.com/ecg-storage/ec_gallery_thumbnail/xu5rYv2sld.png?v=1606054362674",
    "isCustomThumbnail": 0,
    "builtinTags": [
        "category-work",
        "grid",
        "series-line",
        "title"
    ],
    "customTags": [],
    "updaterUserName": "r***n"
}