{
    "cid": "xBJHFZ3Xof",
    "authorUid": "bd-442035385",
    "authorUserName": "小***了",
    "title": "经常账户余额的聚集程度",
    "description": "",
    "latestVersion": 8,
    "alwaysLatest": 1,
    "createTime": "2018-04-05T14:23:56.000Z",
    "lastUpdateTime": "2018-04-05T14:23:56.000Z",
    "auth": 2,
    "uid": "bd-442035385",
    "publishedVersion": 0,
    "forkFrom": "-",
    "isSpam": 0,
    "version": 8,
    "parentVersion": 7,
    "echartsVersion": "4.1.0",
    "versionCreateTime": "2018-05-17T15:00:20.000Z",
    "html": "",
    "externalScripts": "",
    "updaterUID": "bd-442035385",
    "theme": "",
    "layout": "",
    "viewCount": 4085,
    "userName": "小***了",
    "commentCount": 0,
    "starCount": 11,
    "isStared": 0,
    "thumbnailURL": "https://www.makeapie.com/ecg-storage/ec_gallery_thumbnail/xBJHFZ3Xof.png?v=1526569220387",
    "isCustomThumbnail": 0,
    "builtinTags": [
        "category-work",
        "dataZoom",
        "grid",
        "markLine",
        "markPoint",
        "series-line",
        "tooltip",
        "visualMap"
    ],
    "customTags": [],
    "updaterUserName": "小***了"
}