{
    "cid": "xBkITC-miG",
    "authorUid": "bd-3887061366",
    "authorUserName": "驍叔叔",
    "title": "蜡烛图模拟柱状图",
    "description": "",
    "latestVersion": 3,
    "alwaysLatest": 1,
    "createTime": "2018-04-05T02:49:34.000Z",
    "lastUpdateTime": "2018-04-05T02:49:34.000Z",
    "auth": 2,
    "uid": "bd-3887061366",
    "publishedVersion": 0,
    "forkFrom": "-",
    "isSpam": 0,
    "version": 3,
    "parentVersion": 2,
    "echartsVersion": "4.0.4",
    "versionCreateTime": "2018-04-05T04:42:20.000Z",
    "html": "",
    "externalScripts": "",
    "updaterUID": "bd-3887061366",
    "theme": "",
    "layout": "",
    "viewCount": 1171,
    "userName": "驍叔叔",
    "commentCount": 0,
    "starCount": 2,
    "isStared": 0,
    "thumbnailURL": "https://www.makeapie.com/ecg-storage/ec_gallery_thumbnail/xBkITC-miG.png?v=1522903341043",
    "isCustomThumbnail": 0,
    "builtinTags": [
        "category-work",
        "grid",
        "markPoint",
        "series-candlestick",
        "title",
        "tooltip"
    ],
    "customTags": [],
    "updaterUserName": "驍叔叔"
}