{
    "cid": "xByMbusdiz",
    "authorUid": "bd-442035385",
    "authorUserName": "小***了",
    "title": "自动化瀑布图且按时间顺序出现瀑布",
    "description": "",
    "latestVersion": 17,
    "alwaysLatest": 1,
    "createTime": "2018-04-09T08:44:41.000Z",
    "lastUpdateTime": "2018-04-11T06:24:15.000Z",
    "auth": 2,
    "uid": "bd-442035385",
    "publishedVersion": 0,
    "forkFrom": "-",
    "isSpam": 0,
    "version": 17,
    "parentVersion": 16,
    "echartsVersion": "4.8.0",
    "versionCreateTime": "2020-07-06T13:50:02.000Z",
    "html": "",
    "externalScripts": "",
    "updaterUID": "bd-442035385",
    "theme": "infographic",
    "layout": "",
    "viewCount": 3320,
    "userName": "小***了",
    "commentCount": 0,
    "starCount": 7,
    "isStared": 0,
    "thumbnailURL": "https://www.makeapie.com/ecg-storage/ec_gallery_thumbnail/xByMbusdiz.png?v=1594043402774",
    "isCustomThumbnail": 0,
    "builtinTags": [
        "category-work",
        "dataZoom",
        "grid",
        "legend",
        "series-bar",
        "title",
        "toolbox",
        "tooltip"
    ],
    "customTags": [],
    "updaterUserName": "小***了"
}