{
    "cid": "xByQKvVDoz",
    "authorUid": "bd-1953133753",
    "authorUserName": "9603漫漫",
    "title": "饼图样式",
    "description": "纯属虚构",
    "latestVersion": 4,
    "alwaysLatest": 1,
    "createTime": "2018-04-08T06:32:27.000Z",
    "lastUpdateTime": "2018-04-08T06:32:27.000Z",
    "auth": 2,
    "uid": "bd-1953133753",
    "publishedVersion": 0,
    "forkFrom": "-",
    "isSpam": 0,
    "version": 4,
    "parentVersion": 3,
    "echartsVersion": "4.0.4",
    "versionCreateTime": "2018-04-08T06:52:53.000Z",
    "html": "",
    "externalScripts": "",
    "updaterUID": "bd-1953133753",
    "theme": "",
    "layout": "",
    "viewCount": 225,
    "userName": "9603漫漫",
    "commentCount": 0,
    "starCount": 2,
    "isStared": 0,
    "thumbnailURL": "https://www.makeapie.com/ecg-storage/ec_gallery_thumbnail/xByQKvVDoz.png?v=1523170374034",
    "isCustomThumbnail": 0,
    "builtinTags": [
        "category-work",
        "series-pie",
        "title",
        "tooltip"
    ],
    "customTags": [],
    "updaterUserName": "9603漫漫"
}