{
    "cid": "xH1j60W8if",
    "authorUid": "bd-442035385",
    "authorUserName": "小***了",
    "title": "Middle income",
    "description": "",
    "latestVersion": 2,
    "alwaysLatest": 1,
    "createTime": "2018-04-07T09:26:26.000Z",
    "lastUpdateTime": "2018-04-07T09:26:26.000Z",
    "auth": 2,
    "uid": "bd-442035385",
    "publishedVersion": 0,
    "forkFrom": "-",
    "isSpam": 0,
    "version": 2,
    "parentVersion": 1,
    "echartsVersion": "4.0.4",
    "versionCreateTime": "2018-04-07T13:40:46.000Z",
    "html": "",
    "externalScripts": "",
    "updaterUID": "bd-442035385",
    "theme": "",
    "layout": "",
    "viewCount": 246,
    "userName": "小***了",
    "commentCount": 0,
    "starCount": 3,
    "isStared": 0,
    "thumbnailURL": "https://www.makeapie.com/ecg-storage/ec_gallery_thumbnail/xH1j60W8if.png?v=1523108446412",
    "isCustomThumbnail": 0,
    "builtinTags": [
        "category-work",
        "grid",
        "series-line",
        "title",
        "toolbox",
        "tooltip"
    ],
    "customTags": [],
    "updaterUserName": "小***了"
}