{
    "cid": "xHkRzyUXsM",
    "authorUid": "bd-442035385",
    "authorUserName": "小***了",
    "title": "2000-2016年主要经常账户盈余分布情况",
    "description": "箱线图和散点图的结合，利用散点图来突出极值点",
    "latestVersion": 6,
    "alwaysLatest": 1,
    "createTime": "2018-04-05T07:24:05.000Z",
    "lastUpdateTime": "2018-04-05T07:24:05.000Z",
    "auth": 2,
    "uid": "bd-442035385",
    "publishedVersion": 0,
    "forkFrom": "-",
    "isSpam": 0,
    "version": 6,
    "parentVersion": 5,
    "echartsVersion": "4.0.4",
    "versionCreateTime": "2018-04-29T12:41:15.000Z",
    "html": "",
    "externalScripts": "http://echarts.baidu.com/resource/echarts-stat-latest/dist/ecStat.min.js,/dep/echarts/latest/extension/dataTool.min.js",
    "updaterUID": "bd-442035385",
    "theme": "macarons",
    "layout": "",
    "viewCount": 2437,
    "userName": "小***了",
    "commentCount": 0,
    "starCount": 5,
    "isStared": 0,
    "thumbnailURL": "https://www.makeapie.com/ecg-storage/ec_gallery_thumbnail/xHkRzyUXsM.png?v=1525005675944",
    "isCustomThumbnail": 0,
    "builtinTags": [
        "category-work",
        "grid",
        "series-boxplot",
        "series-scatter",
        "title",
        "tooltip"
    ],
    "customTags": [],
    "updaterUserName": "小***了"
}