{
    "cid": "xHyIDMbqjf",
    "authorUid": "bd-688927624",
    "authorUserName": "l***7",
    "title": "在线数量",
    "description": "",
    "latestVersion": 3,
    "alwaysLatest": 1,
    "createTime": "2018-04-10T09:22:38.000Z",
    "lastUpdateTime": "2018-04-10T09:22:38.000Z",
    "auth": 2,
    "uid": "bd-688927624",
    "publishedVersion": 0,
    "forkFrom": "-",
    "isSpam": 0,
    "version": 3,
    "parentVersion": 2,
    "echartsVersion": "4.0.4",
    "versionCreateTime": "2018-04-10T09:59:17.000Z",
    "html": "",
    "externalScripts": "",
    "updaterUID": "bd-688927624",
    "theme": "",
    "layout": "",
    "viewCount": 761,
    "userName": "l***7",
    "commentCount": 0,
    "starCount": 4,
    "isStared": 0,
    "thumbnailURL": "https://www.makeapie.com/ecg-storage/ec_gallery_thumbnail/xHyIDMbqjf.png?v=1523354357332",
    "isCustomThumbnail": 0,
    "builtinTags": [
        "category-work",
        "series-pie",
        "title"
    ],
    "customTags": [],
    "updaterUserName": "l***7"
}