{
    "cid": "xHyl2CX9iG",
    "authorUid": "bd-3107974484",
    "authorUserName": "亭***影",
    "title": "双轴对等分，顶部预留空间",
    "description": "双轴对等分，顶部预留空间",
    "latestVersion": 2,
    "alwaysLatest": 1,
    "createTime": "2018-04-10T12:31:35.000Z",
    "lastUpdateTime": "2018-04-10T12:31:35.000Z",
    "auth": 2,
    "uid": "bd-3107974484",
    "publishedVersion": 0,
    "forkFrom": "-",
    "isSpam": 0,
    "version": 2,
    "parentVersion": 1,
    "echartsVersion": "4.0.4",
    "versionCreateTime": "2018-04-10T12:35:13.000Z",
    "html": "",
    "externalScripts": "",
    "updaterUID": "bd-3107974484",
    "theme": "",
    "layout": "",
    "viewCount": 328,
    "userName": "亭***影",
    "commentCount": 0,
    "starCount": 0,
    "isStared": 0,
    "thumbnailURL": "https://www.makeapie.com/ecg-storage/ec_gallery_thumbnail/xHyl2CX9iG.png?v=1523363713752",
    "isCustomThumbnail": 0,
    "builtinTags": [
        "category-work",
        "grid",
        "legend",
        "series-bar",
        "series-line",
        "tooltip"
    ],
    "customTags": [
        "双轴",
        "等分",
        "预留空间"
    ],
    "updaterUserName": "亭***影"
}