{
    "cid": "xHymv-EsjM",
    "authorUid": "bd-2585475181",
    "authorUserName": "雨田啊啊",
    "title": "不知道想展示什么",
    "description": "",
    "latestVersion": 1,
    "alwaysLatest": 1,
    "createTime": "2018-04-11T06:55:22.000Z",
    "lastUpdateTime": "2018-04-11T06:55:22.000Z",
    "auth": 2,
    "uid": "bd-2585475181",
    "publishedVersion": 0,
    "forkFrom": "-",
    "isSpam": 0,
    "version": 1,
    "parentVersion": -1,
    "echartsVersion": "4.0.4",
    "versionCreateTime": "2018-04-11T06:55:22.000Z",
    "html": "",
    "externalScripts": "http://echarts.baidu.com/resource/echarts-gl-latest/dist/echarts-gl.min.js",
    "updaterUID": "bd-2585475181",
    "theme": "",
    "layout": "",
    "viewCount": 70,
    "userName": "雨田啊啊",
    "commentCount": 0,
    "starCount": 0,
    "isStared": 0,
    "thumbnailURL": "https://www.makeapie.com/ecg-storage/ec_gallery_thumbnail/xHymv-EsjM.png?v=1523429722747",
    "isCustomThumbnail": 0,
    "builtinTags": [
        "category-work",
        "globe",
        "series-lines3D",
        "series-scatter3D"
    ],
    "customTags": [],
    "updaterUserName": "雨田啊啊"
}