{
    "cid": "xrkfewyjjG",
    "authorUid": "bd-557892022",
    "authorUserName": "蝉不知道",
    "title": "电力拓扑",
    "description": "一个简单的电力拓扑",
    "latestVersion": 1,
    "alwaysLatest": 1,
    "createTime": "2018-04-11T01:37:46.000Z",
    "lastUpdateTime": "2018-04-11T01:37:46.000Z",
    "auth": 2,
    "uid": "bd-557892022",
    "publishedVersion": 0,
    "forkFrom": "-",
    "isSpam": 0,
    "version": 1,
    "parentVersion": -1,
    "echartsVersion": "4.0.4",
    "versionCreateTime": "2018-04-11T01:37:46.000Z",
    "html": "",
    "externalScripts": "",
    "updaterUID": "bd-557892022",
    "theme": "dark",
    "layout": "",
    "viewCount": 1626,
    "userName": "蝉不知道",
    "commentCount": 0,
    "starCount": 7,
    "isStared": 0,
    "thumbnailURL": "https://www.makeapie.com/ecg-storage/ec_gallery_thumbnail/xrkfewyjjG.png?v=1523410666245",
    "isCustomThumbnail": 1,
    "builtinTags": [
        "category-work",
        "grid",
        "series-lines"
    ],
    "customTags": [
        "流动",
        "电力",
        "迁移"
    ],
    "updaterUserName": "蝉不知道"
}