{
    "cid": "xryd5zFjoz",
    "authorUid": "bd-540836030",
    "authorUserName": "霸***y",
    "title": "2017年度市工商与外部单位共享情况",
    "description": "指引线蛮不错的",
    "latestVersion": 1,
    "alwaysLatest": 1,
    "createTime": "2018-04-11T12:41:52.000Z",
    "lastUpdateTime": "2018-04-11T12:41:52.000Z",
    "auth": 2,
    "uid": "bd-540836030",
    "publishedVersion": 0,
    "forkFrom": "-",
    "isSpam": 0,
    "version": 1,
    "parentVersion": -1,
    "echartsVersion": "4.0.4",
    "versionCreateTime": "2018-04-11T12:41:52.000Z",
    "html": "",
    "externalScripts": "",
    "updaterUID": "bd-540836030",
    "theme": "",
    "layout": "",
    "viewCount": 68,
    "userName": "霸***y",
    "commentCount": 0,
    "starCount": 1,
    "isStared": 0,
    "thumbnailURL": "https://www.makeapie.com/ecg-storage/ec_gallery_thumbnail/xryd5zFjoz.png?v=1523450512198",
    "isCustomThumbnail": 0,
    "builtinTags": [
        "category-work",
        "grid",
        "series-line",
        "title"
    ],
    "customTags": [],
    "updaterUserName": "霸***y"
}