{
    "cid": "xSJrF21siz",
    "authorUid": "bd-1442910900",
    "authorUserName": "B***u",
    "title": "计划执行情况（分类）",
    "description": "",
    "latestVersion": 2,
    "alwaysLatest": 1,
    "createTime": "2018-04-11T02:01:33.000Z",
    "lastUpdateTime": "2018-04-11T02:01:33.000Z",
    "auth": 2,
    "uid": "bd-1442910900",
    "publishedVersion": 0,
    "forkFrom": "-",
    "isSpam": 0,
    "version": 2,
    "parentVersion": 1,
    "echartsVersion": "4.0.4",
    "versionCreateTime": "2018-04-11T02:02:53.000Z",
    "html": "",
    "externalScripts": "",
    "updaterUID": "bd-1442910900",
    "theme": "",
    "layout": "",
    "viewCount": 30,
    "userName": "B***u",
    "commentCount": 0,
    "starCount": 1,
    "isStared": 0,
    "thumbnailURL": "https://www.makeapie.com/ecg-storage/ec_gallery_thumbnail/xSJrF21siz.png?v=1523412174028",
    "isCustomThumbnail": 0,
    "builtinTags": [
        "category-work",
        "grid",
        "legend",
        "series-bar",
        "tooltip"
    ],
    "customTags": [],
    "updaterUserName": "B***u"
}