{
    "cid": "xSkELXLdjM",
    "authorUid": "bd-302257815",
    "authorUserName": "第***郎",
    "title": "实时动态温度曲线",
    "description": "实时动态温度曲线",
    "latestVersion": 2,
    "alwaysLatest": 1,
    "createTime": "2018-04-09T02:43:23.000Z",
    "lastUpdateTime": "2018-04-09T02:43:23.000Z",
    "auth": 2,
    "uid": "bd-302257815",
    "publishedVersion": 0,
    "forkFrom": "-",
    "isSpam": 0,
    "version": 2,
    "parentVersion": 1,
    "echartsVersion": "4.0.4",
    "versionCreateTime": "2018-04-09T02:46:41.000Z",
    "html": "",
    "externalScripts": "",
    "updaterUID": "bd-302257815",
    "theme": "",
    "layout": "",
    "viewCount": 1043,
    "userName": "第***郎",
    "commentCount": 0,
    "starCount": 5,
    "isStared": 0,
    "thumbnailURL": "https://www.makeapie.com/ecg-storage/ec_gallery_thumbnail/xSkELXLdjM.png?v=1523242001742",
    "isCustomThumbnail": 0,
    "builtinTags": [
        "category-work",
        "grid",
        "legend",
        "markLine",
        "series-line",
        "title",
        "tooltip"
    ],
    "customTags": [
        "line",
        "real-time"
    ],
    "updaterUserName": "第***郎"
}