{
    "cid": "xB1sx7vIWz",
    "authorUid": "bd-2704078021",
    "authorUserName": "直觉S",
    "title": "健康值:yellow",
    "description": "支持",
    "latestVersion": 1,
    "alwaysLatest": 1,
    "createTime": "2017-12-07T06:42:58.000Z",
    "lastUpdateTime": "2017-12-07T06:42:58.000Z",
    "auth": 2,
    "uid": "bd-2704078021",
    "publishedVersion": 0,
    "forkFrom": "-",
    "isSpam": 0,
    "version": 1,
    "parentVersion": -1,
    "echartsVersion": "3.8.0",
    "versionCreateTime": "2017-12-07T06:42:58.000Z",
    "html": "",
    "externalScripts": "https://cdn.rawgit.com/ecomfe/echarts-wordcloud/833ed011/dist/echarts-wordcloud.min.js,http://echarts.baidu.com/resource/echarts-liquidfill-latest/dist/echarts-liquidfill.min.js",
    "updaterUID": "bd-2704078021",
    "theme": "",
    "layout": "",
    "viewCount": 2590,
    "userName": "直觉S",
    "commentCount": 0,
    "starCount": 15,
    "isStared": 0,
    "thumbnailURL": "https://www.makeapie.com/ecg-storage/ec_gallery_thumbnail/xB1sx7vIWz.png?v=1512628978932",
    "isCustomThumbnail": 0,
    "builtinTags": [
        "category-work",
        "series-pie",
        "title",
        "tooltip"
    ],
    "customTags": [],
    "updaterUserName": "直觉S"
}