{
    "cid": "xBJ6XMXU-z",
    "authorUid": "bd-2452356765",
    "authorUserName": "青春流泪的诗p",
    "title": "总来源数",
    "description": "",
    "latestVersion": 1,
    "alwaysLatest": 1,
    "createTime": "2017-12-07T02:06:29.000Z",
    "lastUpdateTime": "2017-12-07T02:06:29.000Z",
    "auth": 2,
    "uid": "bd-2452356765",
    "publishedVersion": 0,
    "forkFrom": "-",
    "isSpam": 0,
    "version": 1,
    "parentVersion": -1,
    "echartsVersion": "3.8.0",
    "versionCreateTime": "2017-12-07T02:06:29.000Z",
    "html": "",
    "externalScripts": "",
    "updaterUID": "bd-2452356765",
    "theme": "",
    "layout": "",
    "viewCount": 1433,
    "userName": "青春流泪的诗p",
    "commentCount": 0,
    "starCount": 7,
    "isStared": 0,
    "thumbnailURL": "https://www.makeapie.com/ecg-storage/ec_gallery_thumbnail/xBJ6XMXU-z.png?v=1512612389135",
    "isCustomThumbnail": 0,
    "builtinTags": [
        "category-work",
        "legend",
        "series-pie",
        "title"
    ],
    "customTags": [],
    "updaterUserName": "青春流泪的诗p"
}