{
    "cid": "xBJWVr_Lbz",
    "authorUid": "bd-1820530766",
    "authorUserName": "森吉多扎",
    "title": "榆林产妇坠楼事件舆论时间",
    "description": "",
    "latestVersion": 1,
    "alwaysLatest": 1,
    "createTime": "2017-12-07T08:00:40.000Z",
    "lastUpdateTime": "2017-12-07T08:00:40.000Z",
    "auth": 2,
    "uid": "bd-1820530766",
    "publishedVersion": 0,
    "forkFrom": "-",
    "isSpam": 0,
    "version": 1,
    "parentVersion": -1,
    "echartsVersion": "3.8.0",
    "versionCreateTime": "2017-12-07T08:00:40.000Z",
    "html": "",
    "externalScripts": "",
    "updaterUID": "bd-1820530766",
    "theme": "default",
    "layout": "",
    "viewCount": 507,
    "userName": "森吉多扎",
    "commentCount": 0,
    "starCount": 2,
    "isStared": 0,
    "thumbnailURL": "https://www.makeapie.com/ecg-storage/ec_gallery_thumbnail/xBJWVr_Lbz.png?v=1512633640735",
    "isCustomThumbnail": 0,
    "builtinTags": [
        "category-work",
        "legend",
        "series-pie",
        "title",
        "toolbox",
        "tooltip"
    ],
    "customTags": [],
    "updaterUserName": "森吉多扎"
}