{
    "cid": "xH166TXIZG",
    "authorUid": "bd-1712165964",
    "authorUserName": "太医小熊",
    "title": "Awesome Chart",
    "description": "",
    "latestVersion": 1,
    "alwaysLatest": 1,
    "createTime": "2017-12-07T02:56:05.000Z",
    "lastUpdateTime": "2017-12-07T02:56:05.000Z",
    "auth": 2,
    "uid": "bd-1712165964",
    "publishedVersion": 0,
    "forkFrom": "-",
    "isSpam": 0,
    "version": 1,
    "parentVersion": -1,
    "echartsVersion": "3.8.0",
    "versionCreateTime": "2017-12-07T02:56:05.000Z",
    "html": "",
    "externalScripts": "",
    "updaterUID": "bd-1712165964",
    "theme": "",
    "layout": "",
    "viewCount": 30,
    "userName": "太医小熊",
    "commentCount": 0,
    "starCount": 0,
    "isStared": 0,
    "thumbnailURL": "https://www.makeapie.com/ecg-storage/ec_gallery_thumbnail/xH166TXIZG.png?v=1512615365314",
    "isCustomThumbnail": 0,
    "builtinTags": [
        "category-work",
        "grid",
        "series-line",
        "title"
    ],
    "customTags": [],
    "updaterUserName": "太医小熊"
}