{
    "cid": "xHkUPsn8bz",
    "authorUid": "bd-992912682",
    "authorUserName": "轩晨忆流年",
    "title": "热词搜索分布",
    "description": "",
    "latestVersion": 1,
    "alwaysLatest": 1,
    "createTime": "2017-12-07T13:00:13.000Z",
    "lastUpdateTime": "2017-12-07T13:00:13.000Z",
    "auth": 2,
    "uid": "bd-992912682",
    "publishedVersion": 0,
    "forkFrom": "-",
    "isSpam": 0,
    "version": 1,
    "parentVersion": -1,
    "echartsVersion": "3.8.0",
    "versionCreateTime": "2017-12-07T13:00:13.000Z",
    "html": "",
    "externalScripts": "",
    "updaterUID": "bd-992912682",
    "theme": "",
    "layout": "",
    "viewCount": 384,
    "userName": "轩晨忆流年",
    "commentCount": 0,
    "starCount": 0,
    "isStared": 0,
    "thumbnailURL": "https://www.makeapie.com/ecg-storage/ec_gallery_thumbnail/xHkUPsn8bz.png?v=1512651614035",
    "isCustomThumbnail": 0,
    "builtinTags": [
        "category-work",
        "legend",
        "radar",
        "series-radar",
        "title",
        "tooltip"
    ],
    "customTags": [],
    "updaterUserName": "轩晨忆流年"
}