{
    "cid": "xHyAVTIIWM",
    "authorUid": "bd-3507284955",
    "authorUserName": "羽神·獠",
    "title": "圆环添加图片，欢迎优化补充..很粗略",
    "description": "",
    "latestVersion": 1,
    "alwaysLatest": 1,
    "createTime": "2017-12-07T06:18:29.000Z",
    "lastUpdateTime": "2017-12-07T06:18:29.000Z",
    "auth": 2,
    "uid": "bd-3507284955",
    "publishedVersion": 0,
    "forkFrom": "-",
    "isSpam": 0,
    "version": 1,
    "parentVersion": -1,
    "echartsVersion": "3.8.0",
    "versionCreateTime": "2017-12-07T06:18:29.000Z",
    "html": "",
    "externalScripts": "",
    "updaterUID": "bd-3507284955",
    "theme": "",
    "layout": "",
    "viewCount": 192,
    "userName": "羽神·獠",
    "commentCount": 0,
    "starCount": 0,
    "isStared": 0,
    "thumbnailURL": "https://www.makeapie.com/ecg-storage/ec_gallery_thumbnail/xHyAVTIIWM.png?v=1512627510052",
    "isCustomThumbnail": 0,
    "builtinTags": [
        "category-work",
        "markPoint",
        "series-pie"
    ],
    "customTags": [],
    "updaterUserName": "羽神·獠"
}