{
    "cid": "xHyCSpfIZz",
    "authorUid": "bd-2495986475",
    "authorUserName": "枫雨叶露",
    "title": "鼓励",
    "description": "",
    "latestVersion": 1,
    "alwaysLatest": 1,
    "createTime": "2017-12-07T01:45:42.000Z",
    "lastUpdateTime": "2017-12-07T01:45:42.000Z",
    "auth": 2,
    "uid": "bd-2495986475",
    "publishedVersion": 0,
    "forkFrom": "-",
    "isSpam": 0,
    "version": 1,
    "parentVersion": -1,
    "echartsVersion": "3.8.0",
    "versionCreateTime": "2017-12-07T01:45:42.000Z",
    "html": "",
    "externalScripts": "",
    "updaterUID": "bd-2495986475",
    "theme": "",
    "layout": "",
    "viewCount": 44,
    "userName": "枫雨叶露",
    "commentCount": 0,
    "starCount": 0,
    "isStared": 0,
    "thumbnailURL": "https://www.makeapie.com/ecg-storage/ec_gallery_thumbnail/xHyCSpfIZz.png?v=1512611142357",
    "isCustomThumbnail": 0,
    "builtinTags": [
        "category-work",
        "grid",
        "series-bar",
        "tooltip"
    ],
    "customTags": [],
    "updaterUserName": "枫雨叶露"
}