{
    "cid": "xHyK6WO8bM",
    "authorUid": "bd-2724980533",
    "authorUserName": "l***9",
    "title": "",
    "description": "",
    "latestVersion": 1,
    "alwaysLatest": 1,
    "createTime": "2017-12-07T07:46:09.000Z",
    "lastUpdateTime": "2017-12-07T07:46:09.000Z",
    "auth": 2,
    "uid": "bd-2724980533",
    "publishedVersion": 0,
    "forkFrom": "-",
    "isSpam": 0,
    "version": 1,
    "parentVersion": -1,
    "echartsVersion": "3.8.0",
    "versionCreateTime": "2017-12-07T07:46:09.000Z",
    "html": "",
    "externalScripts": "",
    "updaterUID": "bd-2724980533",
    "theme": "",
    "layout": "",
    "viewCount": 2073,
    "userName": "l***9",
    "commentCount": 0,
    "starCount": 6,
    "isStared": 0,
    "thumbnailURL": "https://www.makeapie.com/ecg-storage/ec_gallery_thumbnail/xHyK6WO8bM.png?v=1512632769502",
    "isCustomThumbnail": 0,
    "builtinTags": [
        "category-work",
        "series-treemap",
        "title",
        "tooltip"
    ],
    "customTags": [],
    "updaterUserName": "l***9"
}