{
    "cid": "xr11cZXU-G",
    "authorUid": "bd-1837187133",
    "authorUserName": "王旭旭娇",
    "title": "香港中文大学热议指数",
    "description": "微博",
    "latestVersion": 4,
    "alwaysLatest": 1,
    "createTime": "2017-12-07T02:03:50.000Z",
    "lastUpdateTime": "2017-12-07T02:03:50.000Z",
    "auth": 2,
    "uid": "bd-1837187133",
    "publishedVersion": 0,
    "forkFrom": "-",
    "isSpam": 0,
    "version": 4,
    "parentVersion": 3,
    "echartsVersion": "3.8.0",
    "versionCreateTime": "2017-12-17T08:23:57.000Z",
    "html": "",
    "externalScripts": "",
    "updaterUID": "bd-1837187133",
    "theme": "",
    "layout": "",
    "viewCount": 393,
    "userName": "王旭旭娇",
    "commentCount": 0,
    "starCount": 0,
    "isStared": 0,
    "thumbnailURL": "https://www.makeapie.com/ecg-storage/ec_gallery_thumbnail/xr11cZXU-G.png?v=1513499037916",
    "isCustomThumbnail": 0,
    "builtinTags": [
        "category-work",
        "dataZoom",
        "grid",
        "legend",
        "markLine",
        "markPoint",
        "series-line",
        "title",
        "toolbox",
        "tooltip"
    ],
    "customTags": [],
    "updaterUserName": "王旭旭娇"
}