{
    "cid": "xrkecmqLZz",
    "authorUid": "bd-3020740868",
    "authorUserName": "心碎精灵945",
    "title": "杜思敏的echarts作业  201501213027  15媒调",
    "description": "2016年自由行路线报告",
    "latestVersion": 1,
    "alwaysLatest": 1,
    "createTime": "2017-12-07T10:10:16.000Z",
    "lastUpdateTime": "2017-12-07T10:10:16.000Z",
    "auth": 2,
    "uid": "bd-3020740868",
    "publishedVersion": 0,
    "forkFrom": "-",
    "isSpam": 0,
    "version": 1,
    "parentVersion": -1,
    "echartsVersion": "3.8.0",
    "versionCreateTime": "2017-12-07T10:10:16.000Z",
    "html": "",
    "externalScripts": "/dep/echarts/map/js/china.js",
    "updaterUID": "bd-3020740868",
    "theme": "",
    "layout": "",
    "viewCount": 3283,
    "userName": "心碎精灵945",
    "commentCount": 0,
    "starCount": 11,
    "isStared": 0,
    "thumbnailURL": "https://www.makeapie.com/ecg-storage/ec_gallery_thumbnail/xrkecmqLZz.png?v=1512641416292",
    "isCustomThumbnail": 0,
    "builtinTags": [
        "category-work",
        "geo",
        "series-effectScatter",
        "series-lines",
        "series-scatter",
        "title",
        "tooltip",
        "visualMap"
    ],
    "customTags": [],
    "updaterUserName": "心碎精灵945"
}