{
    "cid": "xryMJL3Ubf",
    "authorUid": "bd-992912682",
    "authorUserName": "轩晨忆流年",
    "title": "情感倾向",
    "description": "",
    "latestVersion": 1,
    "alwaysLatest": 1,
    "createTime": "2017-12-07T12:36:41.000Z",
    "lastUpdateTime": "2017-12-07T12:36:41.000Z",
    "auth": 2,
    "uid": "bd-992912682",
    "publishedVersion": 0,
    "forkFrom": "-",
    "isSpam": 0,
    "version": 1,
    "parentVersion": -1,
    "echartsVersion": "3.8.0",
    "versionCreateTime": "2017-12-07T12:36:41.000Z",
    "html": "",
    "externalScripts": "",
    "updaterUID": "bd-992912682",
    "theme": "",
    "layout": "",
    "viewCount": 17,
    "userName": "轩晨忆流年",
    "commentCount": 0,
    "starCount": 0,
    "isStared": 0,
    "thumbnailURL": "https://www.makeapie.com/ecg-storage/ec_gallery_thumbnail/xryMJL3Ubf.png?v=1512650201627",
    "isCustomThumbnail": 0,
    "builtinTags": [
        "category-work",
        "grid",
        "legend",
        "series-line",
        "tooltip"
    ],
    "customTags": [],
    "updaterUserName": "轩晨忆流年"
}