{
    "cid": "xSJ2qxPLbG",
    "authorUid": "bd-2199483008",
    "authorUserName": "阴***里",
    "title": "OD线图（修改自中关村三小学区房）",
    "description": "",
    "latestVersion": 1,
    "alwaysLatest": 1,
    "createTime": "2017-12-07T06:32:51.000Z",
    "lastUpdateTime": "2017-12-07T06:32:51.000Z",
    "auth": 2,
    "uid": "bd-2199483008",
    "publishedVersion": 0,
    "forkFrom": "-",
    "isSpam": 0,
    "version": 1,
    "parentVersion": -1,
    "echartsVersion": "3.8.0",
    "versionCreateTime": "2017-12-07T06:32:51.000Z",
    "html": "",
    "externalScripts": "http://api.map.baidu.com/api?v=2.0&ak=ZUONbpqGBsYGXNIYHicvbAbM,/dep/echarts/latest/extension/bmap.min.js",
    "updaterUID": "bd-2199483008",
    "theme": "",
    "layout": "",
    "viewCount": 170,
    "userName": "阴***里",
    "commentCount": 0,
    "starCount": 1,
    "isStared": 0,
    "thumbnailURL": "https://www.makeapie.com/ecg-storage/ec_gallery_thumbnail/xSJ2qxPLbG.png?v=1512628374283",
    "isCustomThumbnail": 1,
    "builtinTags": [
        "category-work"
    ],
    "customTags": [],
    "updaterUserName": "阴***里"
}