{
    "cid": "xSJuE6z8Zz",
    "authorUid": "bd-4051795950",
    "authorUserName": "188******36",
    "title": "情感倾向",
    "description": "",
    "latestVersion": 2,
    "alwaysLatest": 1,
    "createTime": "2017-12-07T01:45:20.000Z",
    "lastUpdateTime": "2017-12-07T01:45:20.000Z",
    "auth": 2,
    "uid": "bd-4051795950",
    "publishedVersion": 0,
    "forkFrom": "-",
    "isSpam": 0,
    "version": 2,
    "parentVersion": 1,
    "echartsVersion": "3.8.0",
    "versionCreateTime": "2017-12-07T01:46:41.000Z",
    "html": "",
    "externalScripts": "",
    "updaterUID": "bd-4051795950",
    "theme": "dark",
    "layout": "",
    "viewCount": 45,
    "userName": "188******36",
    "commentCount": 0,
    "starCount": 0,
    "isStared": 0,
    "thumbnailURL": "https://www.makeapie.com/ecg-storage/ec_gallery_thumbnail/xSJuE6z8Zz.png?v=1512611201614",
    "isCustomThumbnail": 0,
    "builtinTags": [
        "category-work",
        "legend",
        "series-pie",
        "tooltip"
    ],
    "customTags": [],
    "updaterUserName": "188******36"
}