{
    "cid": "xSkHU-5LZz",
    "authorUid": "bd-3020740868",
    "authorUserName": "心碎精灵945",
    "title": "2016年自由行路线报告",
    "description": "杜思敏的 echarts 作业     201501213027     15（媒调）",
    "latestVersion": 2,
    "alwaysLatest": 1,
    "createTime": "2017-12-07T10:00:45.000Z",
    "lastUpdateTime": "2017-12-07T10:00:45.000Z",
    "auth": 2,
    "uid": "bd-3020740868",
    "publishedVersion": 0,
    "forkFrom": "-",
    "isSpam": 0,
    "version": 2,
    "parentVersion": 1,
    "echartsVersion": "3.8.0",
    "versionCreateTime": "2017-12-07T10:07:11.000Z",
    "html": "",
    "externalScripts": "/dep/echarts/map/js/china.js",
    "updaterUID": "bd-3020740868",
    "theme": "",
    "layout": "",
    "viewCount": 1493,
    "userName": "心碎精灵945",
    "commentCount": 0,
    "starCount": 7,
    "isStared": 0,
    "thumbnailURL": "https://www.makeapie.com/ecg-storage/ec_gallery_thumbnail/xSkHU-5LZz.png?v=1512641231888",
    "isCustomThumbnail": 0,
    "builtinTags": [
        "category-work",
        "geo",
        "series-effectScatter",
        "series-lines",
        "series-scatter",
        "title",
        "tooltip",
        "visualMap"
    ],
    "customTags": [],
    "updaterUserName": "心碎精灵945"
}