{
    "cid": "xSyaVJQ8-f",
    "authorUid": "bd-2452356765",
    "authorUserName": "青春流泪的诗p",
    "title": "南丁格尔玫瑰图",
    "description": "纯属虚构",
    "latestVersion": 1,
    "alwaysLatest": 1,
    "createTime": "2017-12-07T01:53:56.000Z",
    "lastUpdateTime": "2017-12-07T01:53:56.000Z",
    "auth": 2,
    "uid": "bd-2452356765",
    "publishedVersion": 0,
    "forkFrom": "-",
    "isSpam": 0,
    "version": 1,
    "parentVersion": -1,
    "echartsVersion": "3.8.0",
    "versionCreateTime": "2017-12-07T01:53:56.000Z",
    "html": "",
    "externalScripts": "",
    "updaterUID": "bd-2452356765",
    "theme": "",
    "layout": "",
    "viewCount": 103,
    "userName": "青春流泪的诗p",
    "commentCount": 0,
    "starCount": 1,
    "isStared": 0,
    "thumbnailURL": "https://www.makeapie.com/ecg-storage/ec_gallery_thumbnail/xSyaVJQ8-f.png?v=1512611636875",
    "isCustomThumbnail": 0,
    "builtinTags": [
        "category-work",
        "legend",
        "series-pie",
        "title",
        "toolbox",
        "tooltip"
    ],
    "customTags": [],
    "updaterUserName": "青春流泪的诗p"
}