{
    "cid": "x1npkJXbyI",
    "authorUid": "obd-o0WOhcvOABactlumkrW3-_gbrOTx5FI",
    "authorUserName": "囂***",
    "title": "柱状图高光效果",
    "description": "柱状图高光效果，白光滑过特效",
    "latestVersion": 1,
    "alwaysLatest": 0,
    "createTime": "2021-09-28T01:40:42.000Z",
    "lastUpdateTime": "2021-09-28T01:40:42.000Z",
    "auth": 2,
    "uid": "obd-o0WOhcvOABactlumkrW3-_gbrOTx5FI",
    "publishedVersion": 0,
    "forkFrom": "-",
    "isSpam": 0,
    "version": 1,
    "parentVersion": -1,
    "echartsVersion": "5.2.1",
    "versionCreateTime": "2021-09-28T01:40:42.000Z",
    "html": "",
    "externalScripts": "",
    "updaterUID": "obd-o0WOhcvOABactlumkrW3-_gbrOTx5FI",
    "theme": "",
    "layout": "",
    "viewCount": 0,
    "userName": "囂***",
    "commentCount": 0,
    "starCount": 0,
    "isStared": 0,
    "thumbnailURL": "https://www.makeapie.com/ecg-storage/ec_gallery_thumbnail/x1npkJXbyI.png?v=1632793243123",
    "isCustomThumbnail": 1,
    "builtinTags": [
        "category-work",
        "grid",
        "series-bar",
        "title"
    ],
    "customTags": [
        "效果"
    ],
    "updaterUserName": "囂***"
}