{
    "cid": "x5B5PPr4go",
    "authorUid": "obd-oMN8dKFwP9eThai_xcbBoFHaD86vG2i",
    "authorUserName": "132******85",
    "title": "多柱状图+顶部折线",
    "description": "",
    "latestVersion": 1,
    "alwaysLatest": 0,
    "createTime": "2021-09-29T02:33:47.000Z",
    "lastUpdateTime": "2021-09-29T02:33:47.000Z",
    "auth": 2,
    "uid": "obd-oMN8dKFwP9eThai_xcbBoFHaD86vG2i",
    "publishedVersion": 0,
    "forkFrom": "-",
    "isSpam": 0,
    "version": 1,
    "parentVersion": -1,
    "echartsVersion": "5.2.1",
    "versionCreateTime": "2021-09-29T02:33:47.000Z",
    "html": "",
    "externalScripts": "",
    "updaterUID": "obd-oMN8dKFwP9eThai_xcbBoFHaD86vG2i",
    "theme": "",
    "layout": "",
    "viewCount": 0,
    "userName": "132******85",
    "commentCount": 0,
    "starCount": 0,
    "isStared": 0,
    "thumbnailURL": "https://www.makeapie.com/ecg-storage/ec_gallery_thumbnail/x5B5PPr4go.png?v=1632882827761",
    "isCustomThumbnail": 0,
    "builtinTags": [
        "category-work",
        "grid",
        "legend",
        "series-bar",
        "series-line",
        "title",
        "tooltip"
    ],
    "customTags": [],
    "updaterUserName": "132******85"
}