{
    "cid": "xD2lfZxLFw",
    "authorUid": "obd-oETw1pgnGaPczqip7gjnQDrcVlyeY4i",
    "authorUserName": "立***e",
    "title": "折线图的相互关系",
    "description": "",
    "latestVersion": 2,
    "alwaysLatest": 0,
    "createTime": "2021-09-28T07:13:34.000Z",
    "lastUpdateTime": "2021-09-28T07:27:04.000Z",
    "auth": 2,
    "uid": "obd-oETw1pgnGaPczqip7gjnQDrcVlyeY4i",
    "publishedVersion": 0,
    "forkFrom": "-",
    "isSpam": 0,
    "version": 2,
    "parentVersion": 1,
    "echartsVersion": "5.2.1",
    "versionCreateTime": "2021-09-28T07:27:04.000Z",
    "html": "",
    "externalScripts": "",
    "updaterUID": "obd-oETw1pgnGaPczqip7gjnQDrcVlyeY4i",
    "theme": "",
    "layout": "",
    "viewCount": 0,
    "userName": "立***e",
    "commentCount": 0,
    "starCount": 1,
    "isStared": 0,
    "thumbnailURL": "https://www.makeapie.com/ecg-storage/ec_gallery_thumbnail/xD2lfZxLFw.png?v=1632814024287",
    "isCustomThumbnail": 0,
    "builtinTags": [
        "category-work",
        "grid",
        "markLine",
        "series-line"
    ],
    "customTags": [],
    "updaterUserName": "立***e"
}