{
    "cid": "xdUMDAEVQX",
    "authorUid": "bd-2013481626",
    "authorUserName": "じ***ゞ",
    "title": "Demo Chart",
    "description": "热力图+折线图+等值线图+风羽symbol",
    "latestVersion": 12,
    "alwaysLatest": 0,
    "createTime": "2021-09-29T02:39:08.000Z",
    "lastUpdateTime": "2021-10-13T01:32:22.000Z",
    "auth": 2,
    "uid": "bd-2013481626",
    "publishedVersion": 0,
    "forkFrom": "-",
    "isSpam": 0,
    "version": 12,
    "parentVersion": 11,
    "echartsVersion": "5.2.1",
    "versionCreateTime": "2021-10-13T01:32:22.000Z",
    "html": "",
    "externalScripts": "",
    "updaterUID": "bd-2013481626",
    "theme": "",
    "layout": "",
    "viewCount": 0,
    "userName": "じ***ゞ",
    "commentCount": 0,
    "starCount": 10,
    "isStared": 0,
    "thumbnailURL": "https://www.makeapie.com/ecg-storage/ec_gallery_thumbnail/xdUMDAEVQX.png?v=1632883149518",
    "isCustomThumbnail": 1,
    "builtinTags": [
        "category-work",
        "dataZoom",
        "grid",
        "legend",
        "series-heatmap",
        "series-line",
        "title",
        "tooltip",
        "visualMap"
    ],
    "customTags": [],
    "updaterUserName": "じ***ゞ"
}