{
    "cid": "xGMEua7peN",
    "authorUid": "bd-2248245480",
    "authorUserName": "x***8",
    "title": "伪正态分布图",
    "description": "",
    "latestVersion": 1,
    "alwaysLatest": 0,
    "createTime": "2021-09-28T07:13:27.000Z",
    "lastUpdateTime": "2021-09-28T07:13:27.000Z",
    "auth": 2,
    "uid": "bd-2248245480",
    "publishedVersion": 0,
    "forkFrom": "-",
    "isSpam": 0,
    "version": 1,
    "parentVersion": -1,
    "echartsVersion": "5.2.1",
    "versionCreateTime": "2021-09-28T07:13:27.000Z",
    "html": "",
    "externalScripts": "",
    "updaterUID": "bd-2248245480",
    "theme": "",
    "layout": "",
    "viewCount": 0,
    "userName": "x***8",
    "commentCount": 0,
    "starCount": 1,
    "isStared": 0,
    "thumbnailURL": "https://www.makeapie.com/ecg-storage/ec_gallery_thumbnail/xGMEua7peN.png?v=1632813207880",
    "isCustomThumbnail": 0,
    "builtinTags": [
        "category-work",
        "grid",
        "markLine",
        "series-line",
        "visualMap"
    ],
    "customTags": [],
    "updaterUserName": "x***8"
}