{
    "cid": "xH36hwXMH6",
    "authorUid": "obd-oC-tNzpqa7yRNI97rAjLR0GZbiIeI35",
    "authorUserName": "1***0",
    "title": "geo3D",
    "description": "参考 https://www.makeapie.com/editor.html?c=xfPu47DJ5- \n修改而来",
    "latestVersion": 1,
    "alwaysLatest": 1,
    "createTime": "2021-09-28T06:40:23.000Z",
    "lastUpdateTime": "2021-09-28T06:40:23.000Z",
    "auth": 2,
    "uid": "obd-oC-tNzpqa7yRNI97rAjLR0GZbiIeI35",
    "publishedVersion": 0,
    "forkFrom": "-",
    "isSpam": 0,
    "version": 1,
    "parentVersion": -1,
    "echartsVersion": "4.9.0",
    "versionCreateTime": "2021-09-28T06:40:23.000Z",
    "html": "",
    "externalScripts": "https://www.makeapie.com/dep/echarts/map/js/china.js,https://echarts.baidu.com/resource/echarts-gl-latest/dist/echarts-gl.min.js",
    "updaterUID": "obd-oC-tNzpqa7yRNI97rAjLR0GZbiIeI35",
    "theme": "",
    "layout": "",
    "viewCount": 0,
    "userName": "1***0",
    "commentCount": 0,
    "starCount": 0,
    "isStared": 0,
    "thumbnailURL": "https://www.makeapie.com/ecg-storage/ec_gallery_thumbnail/xH36hwXMH6.png?v=1632811223793",
    "isCustomThumbnail": 0,
    "builtinTags": [
        "category-work",
        "geo3D",
        "series-lines3D",
        "title",
        "tooltip"
    ],
    "customTags": [],
    "updaterUserName": "1***0"
}