{
    "cid": "xjinO6dWXi",
    "authorUid": "bd-2451952737",
    "authorUserName": "马***6",
    "title": "柱状图",
    "description": "柱状图",
    "latestVersion": 1,
    "alwaysLatest": 0,
    "createTime": "2021-09-28T07:24:02.000Z",
    "lastUpdateTime": "2021-09-28T07:24:02.000Z",
    "auth": 1,
    "uid": "bd-2451952737",
    "publishedVersion": 0,
    "forkFrom": "-",
    "isSpam": 0,
    "version": 1,
    "parentVersion": -1,
    "echartsVersion": "5.2.1",
    "versionCreateTime": "2021-09-28T07:24:02.000Z",
    "html": "",
    "externalScripts": "",
    "updaterUID": "bd-2451952737",
    "theme": "",
    "layout": "",
    "viewCount": 0,
    "userName": "马***6",
    "commentCount": 0,
    "starCount": 5,
    "isStared": 0,
    "thumbnailURL": "https://www.makeapie.com/ecg-storage/ec_gallery_thumbnail/xjinO6dWXi.png?v=1632813842796",
    "isCustomThumbnail": 0,
    "builtinTags": [
        "category-work",
        "grid",
        "legend",
        "series-bar",
        "series-pictorialBar",
        "tooltip"
    ],
    "customTags": [],
    "updaterUserName": "马***6"
}