{
    "cid": "xJwBTF_v69",
    "authorUid": "obd-oAFgu6EERIikeH2xC5OA2aR8IonI-7d",
    "authorUserName": "余***教",
    "title": "带小圆点的仪表盘",
    "description": "",
    "latestVersion": 1,
    "alwaysLatest": 0,
    "createTime": "2021-09-29T02:26:16.000Z",
    "lastUpdateTime": "2021-09-29T02:26:16.000Z",
    "auth": 2,
    "uid": "obd-oAFgu6EERIikeH2xC5OA2aR8IonI-7d",
    "publishedVersion": 0,
    "forkFrom": "-",
    "isSpam": 0,
    "version": 1,
    "parentVersion": -1,
    "echartsVersion": "5.2.1",
    "versionCreateTime": "2021-09-29T02:26:16.000Z",
    "html": "",
    "externalScripts": "",
    "updaterUID": "obd-oAFgu6EERIikeH2xC5OA2aR8IonI-7d",
    "theme": "",
    "layout": "",
    "viewCount": 0,
    "userName": "余***教",
    "commentCount": 0,
    "starCount": 5,
    "isStared": 0,
    "thumbnailURL": "https://www.makeapie.com/ecg-storage/ec_gallery_thumbnail/xJwBTF_v69.png?v=1632882376411",
    "isCustomThumbnail": 0,
    "builtinTags": [
        "category-work",
        "polar",
        "series-bar",
        "series-pie",
        "title"
    ],
    "customTags": [],
    "updaterUserName": "余***教"
}