{
    "cid": "xKCGONDVcG",
    "authorUid": "bd-1679308530",
    "authorUserName": "一***醉",
    "title": "塔形柱状图",
    "description": "",
    "latestVersion": 2,
    "alwaysLatest": 0,
    "createTime": "2021-09-28T08:58:59.000Z",
    "lastUpdateTime": "2021-09-28T09:47:40.000Z",
    "auth": 2,
    "uid": "bd-1679308530",
    "publishedVersion": 0,
    "forkFrom": "-",
    "isSpam": 0,
    "version": 2,
    "parentVersion": 1,
    "echartsVersion": "5.2.1",
    "versionCreateTime": "2021-09-28T09:47:40.000Z",
    "html": "",
    "externalScripts": "",
    "updaterUID": "bd-1679308530",
    "theme": "",
    "layout": "",
    "viewCount": 0,
    "userName": "一***醉",
    "commentCount": 0,
    "starCount": 0,
    "isStared": 0,
    "thumbnailURL": "https://www.makeapie.com/ecg-storage/ec_gallery_thumbnail/xKCGONDVcG.png?v=1632822460905",
    "isCustomThumbnail": 0,
    "builtinTags": [
        "category-work",
        "grid",
        "series-line",
        "series-pictorialBar",
        "tooltip"
    ],
    "customTags": [],
    "updaterUserName": "一***醉"
}