{
    "cid": "xl7rrpazaX",
    "authorUid": "obd-ololkbyQE8ELTFFU7FSZZUSSSv38Z0t",
    "authorUserName": "你***悴",
    "title": "漏斗",
    "description": "漏斗加标注",
    "latestVersion": 1,
    "alwaysLatest": 0,
    "createTime": "2021-09-29T05:42:43.000Z",
    "lastUpdateTime": "2021-09-29T05:42:43.000Z",
    "auth": 2,
    "uid": "obd-ololkbyQE8ELTFFU7FSZZUSSSv38Z0t",
    "publishedVersion": 0,
    "forkFrom": "-",
    "isSpam": 0,
    "version": 1,
    "parentVersion": -1,
    "echartsVersion": "5.2.1",
    "versionCreateTime": "2021-09-29T05:42:43.000Z",
    "html": "",
    "externalScripts": "",
    "updaterUID": "obd-ololkbyQE8ELTFFU7FSZZUSSSv38Z0t",
    "theme": "",
    "layout": "",
    "viewCount": 0,
    "userName": "你***悴",
    "commentCount": 0,
    "starCount": 2,
    "isStared": 0,
    "thumbnailURL": "https://www.makeapie.com/ecg-storage/ec_gallery_thumbnail/xl7rrpazaX.png?v=1632894163335",
    "isCustomThumbnail": 0,
    "builtinTags": [
        "category-work",
        "grid",
        "series-funnel",
        "tooltip"
    ],
    "customTags": [],
    "updaterUserName": "你***悴"
}