{
    "cid": "xQIM2epY9T",
    "authorUid": "obd-oCjhaXFbRoGEF9SHhuXZpbFC4UN2l3W",
    "authorUserName": "188******75",
    "title": "circle",
    "description": "shopping",
    "latestVersion": 2,
    "alwaysLatest": 0,
    "createTime": "2021-09-28T10:23:45.000Z",
    "lastUpdateTime": "2021-09-29T01:17:24.000Z",
    "auth": 2,
    "uid": "obd-oCjhaXFbRoGEF9SHhuXZpbFC4UN2l3W",
    "publishedVersion": 0,
    "forkFrom": "-",
    "isSpam": 0,
    "version": 2,
    "parentVersion": 1,
    "echartsVersion": "5.2.1",
    "versionCreateTime": "2021-09-29T01:17:24.000Z",
    "html": "",
    "externalScripts": "",
    "updaterUID": "obd-oCjhaXFbRoGEF9SHhuXZpbFC4UN2l3W",
    "theme": "",
    "layout": "",
    "viewCount": 0,
    "userName": "188******75",
    "commentCount": 0,
    "starCount": 4,
    "isStared": 0,
    "thumbnailURL": "https://www.makeapie.com/ecg-storage/ec_gallery_thumbnail/xQIM2epY9T.png?v=1632878244686",
    "isCustomThumbnail": 0,
    "builtinTags": [
        "category-work",
        "polar",
        "series-bar",
        "tooltip"
    ],
    "customTags": [],
    "updaterUserName": "188******75"
}