{
    "cid": "xybnpU7cRv",
    "authorUid": "obd-olIAToZP4-mrN6FV_DpkaTOJbZgkb0i",
    "authorUserName": "毅***5",
    "title": "旋转饼图",
    "description": "",
    "latestVersion": 1,
    "alwaysLatest": 0,
    "createTime": "2021-09-27T10:25:45.000Z",
    "lastUpdateTime": "2021-09-27T10:25:45.000Z",
    "auth": 2,
    "uid": "obd-olIAToZP4-mrN6FV_DpkaTOJbZgkb0i",
    "publishedVersion": 0,
    "forkFrom": "-",
    "isSpam": 0,
    "version": 1,
    "parentVersion": -1,
    "echartsVersion": "5.2.1",
    "versionCreateTime": "2021-09-27T10:25:45.000Z",
    "html": "",
    "externalScripts": "",
    "updaterUID": "obd-olIAToZP4-mrN6FV_DpkaTOJbZgkb0i",
    "theme": "",
    "layout": "",
    "viewCount": 0,
    "userName": "毅***5",
    "commentCount": 0,
    "starCount": 1,
    "isStared": 0,
    "thumbnailURL": "https://www.makeapie.com/ecg-storage/ec_gallery_thumbnail/xybnpU7cRv.png?v=1632738345361",
    "isCustomThumbnail": 0,
    "builtinTags": [
        "category-work",
        "series-pie",
        "tooltip"
    ],
    "customTags": [],
    "updaterUserName": "毅***5"
}