{
    "cid": "xz_IuNJJQ0",
    "authorUid": "obd-o0Bqba9umyqR1TOQsLrDjY3wezydOF4",
    "authorUserName": "l***e",
    "title": "上海地铁线路图",
    "description": "3,4,715号线",
    "latestVersion": 6,
    "alwaysLatest": 1,
    "createTime": "2021-09-29T07:08:25.000Z",
    "lastUpdateTime": "2021-09-29T08:35:19.000Z",
    "auth": 1,
    "uid": "obd-o0Bqba9umyqR1TOQsLrDjY3wezydOF4",
    "publishedVersion": 0,
    "forkFrom": "-",
    "isSpam": 0,
    "version": 6,
    "parentVersion": 5,
    "echartsVersion": "5.2.1",
    "versionCreateTime": "2021-09-29T08:35:19.000Z",
    "html": "",
    "externalScripts": "",
    "updaterUID": "obd-o0Bqba9umyqR1TOQsLrDjY3wezydOF4",
    "theme": "",
    "layout": "",
    "viewCount": 0,
    "userName": "l***e",
    "commentCount": 0,
    "starCount": 0,
    "isStared": 0,
    "thumbnailURL": "https://www.makeapie.com/ecg-storage/ec_gallery_thumbnail/xz_IuNJJQ0.png?v=1632904519353",
    "isCustomThumbnail": 0,
    "builtinTags": [
        "category-work",
        "grid",
        "series-graph",
        "series-lines",
        "title",
        "tooltip"
    ],
    "customTags": [],
    "updaterUserName": "l***e"
}