{
    "cid": "xE10n24r8H",
    "authorUid": "obd-oA_5L_jRqnAs8bBvtEhvdp7_UAqMZ7H",
    "authorUserName": "相***丛",
    "title": "应收回收",
    "description": "",
    "latestVersion": 1,
    "alwaysLatest": 0,
    "createTime": "2021-07-21T08:52:12.000Z",
    "lastUpdateTime": "2021-07-21T08:52:12.000Z",
    "auth": 2,
    "uid": "obd-oA_5L_jRqnAs8bBvtEhvdp7_UAqMZ7H",
    "publishedVersion": 0,
    "forkFrom": "-",
    "isSpam": 0,
    "version": 1,
    "parentVersion": -1,
    "echartsVersion": "5.1.2",
    "versionCreateTime": "2021-07-21T08:52:13.000Z",
    "html": "",
    "externalScripts": "",
    "updaterUID": "obd-oA_5L_jRqnAs8bBvtEhvdp7_UAqMZ7H",
    "theme": "",
    "layout": "",
    "viewCount": 0,
    "userName": "相***丛",
    "commentCount": 0,
    "starCount": 0,
    "isStared": 0,
    "thumbnailURL": "https://www.makeapie.com/ecg-storage/ec_gallery_thumbnail/xE10n24r8H.png?v=1626857533212",
    "isCustomThumbnail": 0,
    "builtinTags": [
        "category-work",
        "dataset",
        "grid",
        "legend",
        "series-bar",
        "series-line",
        "title",
        "tooltip"
    ],
    "customTags": [],
    "updaterUserName": "相***丛"
}