{
    "cid": "xER1x4-WrH",
    "authorUid": "obd-oA7gT1wTmzoTVTL70X6kxk0e-kQVs7W",
    "authorUserName": "V***q",
    "title": "柱状隔断图",
    "description": "",
    "latestVersion": 1,
    "alwaysLatest": 0,
    "createTime": "2021-07-21T08:57:18.000Z",
    "lastUpdateTime": "2021-07-21T08:57:18.000Z",
    "auth": 2,
    "uid": "obd-oA7gT1wTmzoTVTL70X6kxk0e-kQVs7W",
    "publishedVersion": 0,
    "forkFrom": "-",
    "isSpam": 0,
    "version": 1,
    "parentVersion": -1,
    "echartsVersion": "5.1.2",
    "versionCreateTime": "2021-07-21T08:57:18.000Z",
    "html": "",
    "externalScripts": "",
    "updaterUID": "obd-oA7gT1wTmzoTVTL70X6kxk0e-kQVs7W",
    "theme": "dark",
    "layout": "",
    "viewCount": 0,
    "userName": "V***q",
    "commentCount": 0,
    "starCount": 4,
    "isStared": 0,
    "thumbnailURL": "https://www.makeapie.com/ecg-storage/ec_gallery_thumbnail/xER1x4-WrH.png?v=1626857838354",
    "isCustomThumbnail": 0,
    "builtinTags": [
        "category-work",
        "grid",
        "series-bar",
        "series-pictorialBar",
        "tooltip"
    ],
    "customTags": [],
    "updaterUserName": "V***q"
}