{
    "cid": "xF-2Jzqnan",
    "authorUid": "obd-olIAwJLD2ka1IaNYOs2bYtijyuAtj0F",
    "authorUserName": "士***方",
    "title": "pie",
    "description": "",
    "latestVersion": 1,
    "alwaysLatest": 0,
    "createTime": "2021-07-22T01:45:13.000Z",
    "lastUpdateTime": "2021-07-22T01:45:13.000Z",
    "auth": 2,
    "uid": "obd-olIAwJLD2ka1IaNYOs2bYtijyuAtj0F",
    "publishedVersion": 0,
    "forkFrom": "-",
    "isSpam": 0,
    "version": 1,
    "parentVersion": -1,
    "echartsVersion": "4.9.0",
    "versionCreateTime": "2021-07-22T01:45:13.000Z",
    "html": "",
    "externalScripts": "",
    "updaterUID": "obd-olIAwJLD2ka1IaNYOs2bYtijyuAtj0F",
    "theme": "",
    "layout": "",
    "viewCount": 0,
    "userName": "士***方",
    "commentCount": 0,
    "starCount": 4,
    "isStared": 0,
    "thumbnailURL": "https://www.makeapie.com/ecg-storage/ec_gallery_thumbnail/xF-2Jzqnan.png?v=1626918313488",
    "isCustomThumbnail": 0,
    "builtinTags": [
        "category-work",
        "legend",
        "series-pie",
        "toolbox",
        "tooltip"
    ],
    "customTags": [],
    "updaterUserName": "士***方"
}