{
    "cid": "xiUhU2cjIh",
    "authorUid": "obd-olIAwJLD2ka1IaNYOs2bYtijyuAtj0F",
    "authorUserName": "士***方",
    "title": "进度",
    "description": "",
    "latestVersion": 1,
    "alwaysLatest": 0,
    "createTime": "2021-07-22T06:47:00.000Z",
    "lastUpdateTime": "2021-07-22T06:47:00.000Z",
    "auth": 2,
    "uid": "obd-olIAwJLD2ka1IaNYOs2bYtijyuAtj0F",
    "publishedVersion": 0,
    "forkFrom": "-",
    "isSpam": 0,
    "version": 1,
    "parentVersion": -1,
    "echartsVersion": "5.1.2",
    "versionCreateTime": "2021-07-22T06:47:00.000Z",
    "html": "",
    "externalScripts": "",
    "updaterUID": "obd-olIAwJLD2ka1IaNYOs2bYtijyuAtj0F",
    "theme": "",
    "layout": "",
    "viewCount": 0,
    "userName": "士***方",
    "commentCount": 0,
    "starCount": 1,
    "isStared": 0,
    "thumbnailURL": "https://www.makeapie.com/ecg-storage/ec_gallery_thumbnail/xiUhU2cjIh.png?v=1626936421019",
    "isCustomThumbnail": 0,
    "builtinTags": [
        "category-work",
        "grid",
        "series-bar",
        "series-pictorialBar",
        "tooltip"
    ],
    "customTags": [],
    "updaterUserName": "士***方"
}