{
    "cid": "xO65Uaoryf",
    "authorUid": "obd-o-cClmFtKHS1g3WdJNoD_AZHGj8koA4",
    "authorUserName": "d***c",
    "title": "环形图",
    "description": "",
    "latestVersion": 2,
    "alwaysLatest": 0,
    "createTime": "2021-07-21T09:58:01.000Z",
    "lastUpdateTime": "2021-07-21T10:46:11.000Z",
    "auth": 2,
    "uid": "obd-o-cClmFtKHS1g3WdJNoD_AZHGj8koA4",
    "publishedVersion": 0,
    "forkFrom": "-",
    "isSpam": 0,
    "version": 2,
    "parentVersion": 1,
    "echartsVersion": "5.1.2",
    "versionCreateTime": "2021-07-21T10:46:12.000Z",
    "html": "",
    "externalScripts": "",
    "updaterUID": "obd-o-cClmFtKHS1g3WdJNoD_AZHGj8koA4",
    "theme": "",
    "layout": "",
    "viewCount": 0,
    "userName": "d***c",
    "commentCount": 0,
    "starCount": 1,
    "isStared": 0,
    "thumbnailURL": "https://www.makeapie.com/ecg-storage/ec_gallery_thumbnail/xO65Uaoryf.png?v=1626864372097",
    "isCustomThumbnail": 0,
    "builtinTags": [
        "category-work",
        "grid",
        "series-pie",
        "tooltip"
    ],
    "customTags": [],
    "updaterUserName": "d***c"
}