{
    "cid": "xP1DMmZ0c0",
    "authorUid": "obd-o0NPYcai2ITO5g8A06tgsvtbAks7tFX",
    "authorUserName": "H***了",
    "title": "仪表盘（半圆环）",
    "description": "",
    "latestVersion": 2,
    "alwaysLatest": 0,
    "createTime": "2021-07-22T08:49:19.000Z",
    "lastUpdateTime": "2021-07-22T08:52:04.000Z",
    "auth": 2,
    "uid": "obd-o0NPYcai2ITO5g8A06tgsvtbAks7tFX",
    "publishedVersion": 0,
    "forkFrom": "-",
    "isSpam": 0,
    "version": 2,
    "parentVersion": 1,
    "echartsVersion": "5.1.2",
    "versionCreateTime": "2021-07-22T08:52:04.000Z",
    "html": "",
    "externalScripts": "",
    "updaterUID": "obd-o0NPYcai2ITO5g8A06tgsvtbAks7tFX",
    "theme": "",
    "layout": "",
    "viewCount": 0,
    "userName": "H***了",
    "commentCount": 0,
    "starCount": 1,
    "isStared": 0,
    "thumbnailURL": "https://www.makeapie.com/ecg-storage/ec_gallery_thumbnail/xP1DMmZ0c0.png?v=1626943925014",
    "isCustomThumbnail": 0,
    "builtinTags": [
        "category-work",
        "polar",
        "series-bar",
        "tooltip"
    ],
    "customTags": [],
    "updaterUserName": "H***了"
}