{
    "cid": "xpbqlDuMsl",
    "authorUid": "obd-oAF5VnfoCBhZ0Bp8Mb3Z6YCys5wkj7V",
    "authorUserName": "爱***7",
    "title": "房屋总数",
    "description": "",
    "latestVersion": 1,
    "alwaysLatest": 0,
    "createTime": "2021-07-22T01:48:25.000Z",
    "lastUpdateTime": "2021-07-22T01:48:25.000Z",
    "auth": 2,
    "uid": "obd-oAF5VnfoCBhZ0Bp8Mb3Z6YCys5wkj7V",
    "publishedVersion": 0,
    "forkFrom": "-",
    "isSpam": 0,
    "version": 1,
    "parentVersion": -1,
    "echartsVersion": "5.1.2",
    "versionCreateTime": "2021-07-22T01:48:25.000Z",
    "html": "",
    "externalScripts": "",
    "updaterUID": "obd-oAF5VnfoCBhZ0Bp8Mb3Z6YCys5wkj7V",
    "theme": "",
    "layout": "",
    "viewCount": 0,
    "userName": "爱***7",
    "commentCount": 0,
    "starCount": 2,
    "isStared": 0,
    "thumbnailURL": "https://www.makeapie.com/ecg-storage/ec_gallery_thumbnail/xpbqlDuMsl.png?v=1626918505475",
    "isCustomThumbnail": 0,
    "builtinTags": [
        "category-work",
        "graphic",
        "legend",
        "series-pie",
        "title",
        "toolbox",
        "tooltip"
    ],
    "customTags": [],
    "updaterUserName": "爱***7"
}