{
    "cid": "xQj_4UZEU4",
    "authorUid": "bd-439054212",
    "authorUserName": "大***0",
    "title": "3d地图demo",
    "description": "demo",
    "latestVersion": 1,
    "alwaysLatest": 0,
    "createTime": "2021-07-22T01:13:48.000Z",
    "lastUpdateTime": "2021-07-22T01:13:48.000Z",
    "auth": 2,
    "uid": "bd-439054212",
    "publishedVersion": 0,
    "forkFrom": "-",
    "isSpam": 0,
    "version": 1,
    "parentVersion": -1,
    "echartsVersion": "4.9.0",
    "versionCreateTime": "2021-07-22T01:13:48.000Z",
    "html": "",
    "externalScripts": "https://echarts.baidu.com/resource/echarts-gl-latest/dist/echarts-gl.min.js",
    "updaterUID": "bd-439054212",
    "theme": "",
    "layout": "",
    "viewCount": 0,
    "userName": "大***0",
    "commentCount": 0,
    "starCount": 3,
    "isStared": 0,
    "thumbnailURL": "https://www.makeapie.com/ecg-storage/ec_gallery_thumbnail/xQj_4UZEU4.png?v=1626916429085",
    "isCustomThumbnail": 0,
    "builtinTags": [
        "category-work",
        "series-map3D",
        "visualMap"
    ],
    "customTags": [],
    "updaterUserName": "大***0"
}