{
    "cid": "xX_coxJCpA",
    "authorUid": "obd-o28gEIUx77mHBF-F649G_3ezcwC0nBp",
    "authorUserName": "公***南",
    "title": "HY 饼图",
    "description": "label上下分层",
    "latestVersion": 1,
    "alwaysLatest": 0,
    "createTime": "2021-07-22T06:13:59.000Z",
    "lastUpdateTime": "2021-07-22T06:13:59.000Z",
    "auth": 1,
    "uid": "obd-o28gEIUx77mHBF-F649G_3ezcwC0nBp",
    "publishedVersion": 0,
    "forkFrom": "-",
    "isSpam": 0,
    "version": 1,
    "parentVersion": -1,
    "echartsVersion": "5.1.2",
    "versionCreateTime": "2021-07-22T06:13:59.000Z",
    "html": "",
    "externalScripts": "",
    "updaterUID": "obd-o28gEIUx77mHBF-F649G_3ezcwC0nBp",
    "theme": "dark",
    "layout": "",
    "viewCount": 0,
    "userName": "公***南",
    "commentCount": 0,
    "starCount": 0,
    "isStared": 0,
    "thumbnailURL": "https://www.makeapie.com/ecg-storage/ec_gallery_thumbnail/xX_coxJCpA.png?v=1626934440024",
    "isCustomThumbnail": 0,
    "builtinTags": [
        "category-work",
        "series-pie",
        "title",
        "tooltip"
    ],
    "customTags": [
        "hy",
        "label",
        "pie"
    ],
    "updaterUserName": "公***南"
}