{
    "cid": "x4h4B2ZhQV",
    "authorUid": "bd-2536962124",
    "authorUserName": "韩***翎",
    "title": "单兵平均响应时间",
    "description": "",
    "latestVersion": 2,
    "alwaysLatest": 1,
    "createTime": "2019-08-07T06:27:09.000Z",
    "lastUpdateTime": "2019-08-07T06:27:09.000Z",
    "auth": 2,
    "uid": "bd-2536962124",
    "publishedVersion": 0,
    "forkFrom": "-",
    "isSpam": 0,
    "version": 2,
    "parentVersion": 1,
    "echartsVersion": "4.2.1",
    "versionCreateTime": "2019-08-07T08:12:16.000Z",
    "html": "",
    "externalScripts": "",
    "updaterUID": "bd-2536962124",
    "theme": "",
    "layout": "",
    "viewCount": 2053,
    "userName": "韩***翎",
    "commentCount": 0,
    "starCount": 10,
    "isStared": 0,
    "thumbnailURL": "https://www.makeapie.com/ecg-storage/ec_gallery_thumbnail/x4h4B2ZhQV.png?v=1565165536663",
    "isCustomThumbnail": 0,
    "builtinTags": [
        "category-work",
        "series-gauge"
    ],
    "customTags": [],
    "updaterUserName": "韩***翎"
}