{
    "cid": "xETTkavNKI",
    "authorUid": "bd-389143290",
    "authorUserName": "心***L",
    "title": "渐变色仪表盘",
    "description": "由于原生不支持弧形渐变，只能用线性渐变模拟，成品效果看着还凑合......",
    "latestVersion": 1,
    "alwaysLatest": 1,
    "createTime": "2019-08-05T08:10:02.000Z",
    "lastUpdateTime": "2019-08-05T08:10:02.000Z",
    "auth": 2,
    "uid": "bd-389143290",
    "publishedVersion": 0,
    "forkFrom": "-",
    "isSpam": 0,
    "version": 1,
    "parentVersion": -1,
    "echartsVersion": "4.2.1",
    "versionCreateTime": "2019-08-05T08:10:02.000Z",
    "html": "",
    "externalScripts": "",
    "updaterUID": "bd-389143290",
    "theme": "default",
    "layout": "",
    "viewCount": 468,
    "userName": "心***L",
    "commentCount": 0,
    "starCount": 2,
    "isStared": 0,
    "thumbnailURL": "https://www.makeapie.com/ecg-storage/ec_gallery_thumbnail/xETTkavNKI.png?v=1564992602772",
    "isCustomThumbnail": 0,
    "builtinTags": [
        "category-work",
        "series-gauge",
        "toolbox",
        "tooltip"
    ],
    "customTags": [],
    "updaterUserName": "心***L"
}