{
    "cid": "xh7rCVCo7x",
    "authorUid": "bd-3693939231",
    "authorUserName": "匿***名",
    "title": "穿梭",
    "description": "",
    "latestVersion": 1,
    "alwaysLatest": 1,
    "createTime": "2019-08-03T03:03:37.000Z",
    "lastUpdateTime": "2019-08-03T03:03:37.000Z",
    "auth": 2,
    "uid": "bd-3693939231",
    "publishedVersion": 0,
    "forkFrom": "-",
    "isSpam": 0,
    "version": 1,
    "parentVersion": -1,
    "echartsVersion": "4.2.1",
    "versionCreateTime": "2019-08-03T03:03:37.000Z",
    "html": "",
    "externalScripts": "/dep/echarts/latest/extension/bmap.min.js,https://echarts.baidu.com/resource/echarts-gl-latest/dist/echarts-gl.min.js",
    "updaterUID": "bd-3693939231",
    "theme": "",
    "layout": "",
    "viewCount": 667,
    "userName": "匿***名",
    "commentCount": 0,
    "starCount": 1,
    "isStared": 0,
    "thumbnailURL": "https://www.makeapie.com/ecg-storage/ec_gallery_thumbnail/xh7rCVCo7x.png?v=1564801417942",
    "isCustomThumbnail": 0,
    "builtinTags": [
        "category-work",
        "geo",
        "graphic",
        "series-effectScatter",
        "series-map",
        "tooltip",
        "visualMap"
    ],
    "customTags": [],
    "updaterUserName": "匿***名"
}