{
    "cid": "xhDCJFK1YN",
    "authorUid": "bd-1359747608",
    "authorUserName": "i***h",
    "title": "安全评分",
    "description": "",
    "latestVersion": 1,
    "alwaysLatest": 1,
    "createTime": "2019-08-03T09:16:55.000Z",
    "lastUpdateTime": "2019-08-03T09:16:55.000Z",
    "auth": 2,
    "uid": "bd-1359747608",
    "publishedVersion": 0,
    "forkFrom": "-",
    "isSpam": 0,
    "version": 1,
    "parentVersion": -1,
    "echartsVersion": "4.2.1",
    "versionCreateTime": "2019-08-03T09:16:55.000Z",
    "html": "",
    "externalScripts": "",
    "updaterUID": "bd-1359747608",
    "theme": "",
    "layout": "",
    "viewCount": 598,
    "userName": "i***h",
    "commentCount": 0,
    "starCount": 1,
    "isStared": 0,
    "thumbnailURL": "https://www.makeapie.com/ecg-storage/ec_gallery_thumbnail/xhDCJFK1YN.png?v=1564823815837",
    "isCustomThumbnail": 0,
    "builtinTags": [
        "category-work",
        "series-gauge",
        "title",
        "tooltip"
    ],
    "customTags": [
        "评分"
    ],
    "updaterUserName": "i***h"
}