{
    "cid": "xhSslA0Zta",
    "authorUid": "bd-2469095704",
    "authorUserName": "旺***湾",
    "title": "中国为中心的地图",
    "description": "中国为中心的地图",
    "latestVersion": 1,
    "alwaysLatest": 1,
    "createTime": "2019-08-05T09:21:27.000Z",
    "lastUpdateTime": "2019-08-05T09:21:27.000Z",
    "auth": 2,
    "uid": "bd-2469095704",
    "publishedVersion": 0,
    "forkFrom": "-",
    "isSpam": 0,
    "version": 1,
    "parentVersion": -1,
    "echartsVersion": "4.2.1",
    "versionCreateTime": "2019-08-05T09:21:27.000Z",
    "html": "",
    "externalScripts": "/asset/get/s/data-1556466081698-qDedSQsRX.js,https://echarts.baidu.com/resource/echarts-gl-latest/dist/echarts-gl.min.js",
    "updaterUID": "bd-2469095704",
    "theme": "",
    "layout": "",
    "viewCount": 25,
    "userName": "旺***湾",
    "commentCount": 0,
    "starCount": 0,
    "isStared": 0,
    "thumbnailURL": "https://www.makeapie.com/ecg-storage/ec_gallery_thumbnail/xhSslA0Zta.png?v=1564996888033",
    "isCustomThumbnail": 0,
    "builtinTags": [
        "category-work",
        "geo3D",
        "series-map3D",
        "tooltip",
        "visualMap"
    ],
    "customTags": [],
    "updaterUserName": "旺***湾"
}