{
    "cid": "xnc6iA7tT3",
    "authorUid": "bd-1695364889",
    "authorUserName": "y***r",
    "title": "环形嵌套 饼形图",
    "description": "环形嵌套 饼形图",
    "latestVersion": 1,
    "alwaysLatest": 1,
    "createTime": "2019-08-06T02:33:03.000Z",
    "lastUpdateTime": "2019-08-06T02:33:03.000Z",
    "auth": 2,
    "uid": "bd-1695364889",
    "publishedVersion": 0,
    "forkFrom": "-",
    "isSpam": 0,
    "version": 1,
    "parentVersion": -1,
    "echartsVersion": "4.2.1",
    "versionCreateTime": "2019-08-06T02:33:03.000Z",
    "html": "",
    "externalScripts": "",
    "updaterUID": "bd-1695364889",
    "theme": "",
    "layout": "",
    "viewCount": 584,
    "userName": "y***r",
    "commentCount": 0,
    "starCount": 3,
    "isStared": 0,
    "thumbnailURL": "https://www.makeapie.com/ecg-storage/ec_gallery_thumbnail/xnc6iA7tT3.png?v=1565058783856",
    "isCustomThumbnail": 0,
    "builtinTags": [
        "category-work",
        "graphic",
        "legend",
        "series-pie",
        "title"
    ],
    "customTags": [],
    "updaterUserName": "y***r"
}