{
    "cid": "xoKf29kzMz",
    "authorUid": "bd-3845125919",
    "authorUserName": "冰***琪",
    "title": "关系图选中事件",
    "description": "关系图实现选中",
    "latestVersion": 1,
    "alwaysLatest": 1,
    "createTime": "2019-08-07T03:12:19.000Z",
    "lastUpdateTime": "2019-08-07T03:12:19.000Z",
    "auth": 2,
    "uid": "bd-3845125919",
    "publishedVersion": 0,
    "forkFrom": "-",
    "isSpam": 0,
    "version": 1,
    "parentVersion": -1,
    "echartsVersion": "4.2.1",
    "versionCreateTime": "2019-08-07T03:12:19.000Z",
    "html": "",
    "externalScripts": "",
    "updaterUID": "bd-3845125919",
    "theme": "roma",
    "layout": "",
    "viewCount": 403,
    "userName": "冰***琪",
    "commentCount": 0,
    "starCount": 1,
    "isStared": 0,
    "thumbnailURL": "https://www.makeapie.com/ecg-storage/ec_gallery_thumbnail/xoKf29kzMz.png?v=1565147539210",
    "isCustomThumbnail": 0,
    "builtinTags": [
        "category-work",
        "series-graph",
        "title",
        "tooltip"
    ],
    "customTags": [],
    "updaterUserName": "冰***琪"
}