{
    "cid": "xQCapTBR5p",
    "authorUid": "bd-748460427",
    "authorUserName": "求***止",
    "title": "北京城区图",
    "description": "地图来源于网络",
    "latestVersion": 1,
    "alwaysLatest": 1,
    "createTime": "2019-08-05T14:45:22.000Z",
    "lastUpdateTime": "2019-08-05T14:45:22.000Z",
    "auth": 2,
    "uid": "bd-748460427",
    "publishedVersion": 0,
    "forkFrom": "-",
    "isSpam": 0,
    "version": 1,
    "parentVersion": -1,
    "echartsVersion": "4.2.1",
    "versionCreateTime": "2019-08-05T14:45:22.000Z",
    "html": "",
    "externalScripts": "",
    "updaterUID": "bd-748460427",
    "theme": "",
    "layout": "",
    "viewCount": 297,
    "userName": "求***止",
    "commentCount": 0,
    "starCount": 0,
    "isStared": 0,
    "thumbnailURL": "https://www.makeapie.com/ecg-storage/ec_gallery_thumbnail/xQCapTBR5p.png?v=1565016322984",
    "isCustomThumbnail": 0,
    "builtinTags": [
        "category-work",
        "series-map",
        "title"
    ],
    "customTags": [],
    "updaterUserName": "求***止"
}