{
    "cid": "xqhJ6Ho65u",
    "authorUid": "bd-3996849279",
    "authorUserName": "N***1",
    "title": "树形图",
    "description": "",
    "latestVersion": 2,
    "alwaysLatest": 1,
    "createTime": "2019-08-06T02:30:28.000Z",
    "lastUpdateTime": "2019-08-06T02:30:28.000Z",
    "auth": 2,
    "uid": "bd-3996849279",
    "publishedVersion": 0,
    "forkFrom": "-",
    "isSpam": 0,
    "version": 2,
    "parentVersion": 1,
    "echartsVersion": "4.2.1",
    "versionCreateTime": "2019-08-06T02:32:51.000Z",
    "html": "",
    "externalScripts": "",
    "updaterUID": "bd-3996849279",
    "theme": "",
    "layout": "",
    "viewCount": 417,
    "userName": "N***1",
    "commentCount": 0,
    "starCount": 1,
    "isStared": 0,
    "thumbnailURL": "https://www.makeapie.com/ecg-storage/ec_gallery_thumbnail/xqhJ6Ho65u.png?v=1565058771794",
    "isCustomThumbnail": 0,
    "builtinTags": [
        "category-work",
        "series-tree",
        "title",
        "tooltip"
    ],
    "customTags": [],
    "updaterUserName": "N***1"
}