{
    "cid": "xTrn6uZL_d",
    "authorUid": "bd-3084140089",
    "authorUserName": "w***猫",
    "title": "左右对比柱状图",
    "description": "左右对比柱状图",
    "latestVersion": 1,
    "alwaysLatest": 1,
    "createTime": "2019-08-06T08:30:17.000Z",
    "lastUpdateTime": "2019-08-06T08:30:17.000Z",
    "auth": 1,
    "uid": "bd-3084140089",
    "publishedVersion": 0,
    "forkFrom": "-",
    "isSpam": 0,
    "version": 1,
    "parentVersion": -1,
    "echartsVersion": "4.2.1",
    "versionCreateTime": "2019-08-06T08:30:17.000Z",
    "html": "",
    "externalScripts": "",
    "updaterUID": "bd-3084140089",
    "theme": "",
    "layout": "",
    "viewCount": 239,
    "userName": "w***猫",
    "commentCount": 0,
    "starCount": 6,
    "isStared": 0,
    "thumbnailURL": "https://www.makeapie.com/ecg-storage/ec_gallery_thumbnail/xTrn6uZL_d.png?v=1565080217965",
    "isCustomThumbnail": 1,
    "builtinTags": [
        "category-work",
        "grid",
        "series-line",
        "title"
    ],
    "customTags": [],
    "updaterUserName": "w***猫"
}