{
    "cid": "xu-E_v_asj",
    "authorUid": "bd-3894911789",
    "authorUserName": "t***3",
    "title": "热力地图",
    "description": "",
    "latestVersion": 2,
    "alwaysLatest": 1,
    "createTime": "2019-08-05T09:07:58.000Z",
    "lastUpdateTime": "2019-08-05T09:07:58.000Z",
    "auth": 2,
    "uid": "bd-3894911789",
    "publishedVersion": 0,
    "forkFrom": "-",
    "isSpam": 0,
    "version": 2,
    "parentVersion": 1,
    "echartsVersion": "4.2.1",
    "versionCreateTime": "2019-08-06T01:46:27.000Z",
    "html": "",
    "externalScripts": "/dep/echarts/map/js/china.js",
    "updaterUID": "bd-3894911789",
    "theme": "",
    "layout": "",
    "viewCount": 2533,
    "userName": "t***3",
    "commentCount": 0,
    "starCount": 2,
    "isStared": 0,
    "thumbnailURL": "https://www.makeapie.com/ecg-storage/ec_gallery_thumbnail/xu-E_v_asj.png?v=1565055988050",
    "isCustomThumbnail": 0,
    "builtinTags": [
        "category-work",
        "geo",
        "series-heatmap",
        "visualMap"
    ],
    "customTags": [],
    "updaterUserName": "t***3"
}