{
    "cid": "xXk8fpUYWH",
    "authorUid": "bd-2237397521",
    "authorUserName": "天***一",
    "title": "Sankey Diagram",
    "description": "",
    "latestVersion": 3,
    "alwaysLatest": 1,
    "createTime": "2019-08-06T12:22:37.000Z",
    "lastUpdateTime": "2019-08-06T12:22:37.000Z",
    "auth": 2,
    "uid": "bd-2237397521",
    "publishedVersion": 0,
    "forkFrom": "-",
    "isSpam": 0,
    "version": 3,
    "parentVersion": 2,
    "echartsVersion": "4.2.1",
    "versionCreateTime": "2019-08-07T02:08:04.000Z",
    "html": "",
    "externalScripts": "",
    "updaterUID": "bd-2237397521",
    "theme": "",
    "layout": "",
    "viewCount": 546,
    "userName": "天***一",
    "commentCount": 0,
    "starCount": 1,
    "isStared": 0,
    "thumbnailURL": "https://www.makeapie.com/ecg-storage/ec_gallery_thumbnail/xXk8fpUYWH.png?v=1565143684764",
    "isCustomThumbnail": 0,
    "builtinTags": [
        "category-work",
        "series-sankey",
        "title",
        "tooltip"
    ],
    "customTags": [],
    "updaterUserName": "天***一"
}