{
    "cid": "xYGsuKfb2h",
    "authorUid": "bd-1638105085",
    "authorUserName": "1***m",
    "title": "利差图",
    "description": "利差图",
    "latestVersion": 1,
    "alwaysLatest": 1,
    "createTime": "2019-08-06T10:05:27.000Z",
    "lastUpdateTime": "2019-08-06T10:05:27.000Z",
    "auth": 2,
    "uid": "bd-1638105085",
    "publishedVersion": 0,
    "forkFrom": "-",
    "isSpam": 0,
    "version": 1,
    "parentVersion": -1,
    "echartsVersion": "4.2.1",
    "versionCreateTime": "2019-08-06T10:05:27.000Z",
    "html": "",
    "externalScripts": "",
    "updaterUID": "bd-1638105085",
    "theme": "",
    "layout": "",
    "viewCount": 85,
    "userName": "1***m",
    "commentCount": 0,
    "starCount": 0,
    "isStared": 0,
    "thumbnailURL": "https://www.makeapie.com/ecg-storage/ec_gallery_thumbnail/xYGsuKfb2h.png?v=1565085927448",
    "isCustomThumbnail": 0,
    "builtinTags": [
        "category-work",
        "dataset",
        "dataZoom",
        "grid",
        "legend",
        "series-line",
        "series-scatter",
        "title",
        "toolbox",
        "tooltip"
    ],
    "customTags": [],
    "updaterUserName": "1***m"
}