{
    "cid": "x60T6iqmzI",
    "authorUid": "bd-925211152",
    "authorUserName": "5***t",
    "title": "双柱曲线图调整坐标轴显示位数",
    "description": "调整y轴标签小数显示位数",
    "latestVersion": 1,
    "alwaysLatest": 1,
    "createTime": "2020-08-18T06:31:12.000Z",
    "lastUpdateTime": "2020-08-18T06:31:12.000Z",
    "auth": 2,
    "uid": "bd-925211152",
    "publishedVersion": 0,
    "forkFrom": "-",
    "isSpam": 0,
    "version": 1,
    "parentVersion": -1,
    "echartsVersion": "4.8.0",
    "versionCreateTime": "2020-08-18T06:31:12.000Z",
    "html": "",
    "externalScripts": "",
    "updaterUID": "bd-925211152",
    "theme": "",
    "layout": "",
    "viewCount": 1025,
    "userName": "5***t",
    "commentCount": 0,
    "starCount": 6,
    "isStared": 0,
    "thumbnailURL": "https://www.makeapie.com/ecg-storage/ec_gallery_thumbnail/x60T6iqmzI.png?v=1597732272996",
    "isCustomThumbnail": 0,
    "builtinTags": [
        "category-work",
        "grid",
        "legend",
        "markLine",
        "series-bar",
        "series-line",
        "tooltip"
    ],
    "customTags": [],
    "updaterUserName": "5***t"
}