{
    "cid": "x73j8sKdbJ",
    "authorUid": "obd-oALFHwMpvu_uMax07NKdYyAtHH15T7p",
    "authorUserName": "q***0",
    "title": "散点图",
    "description": "动态改变symbol样式",
    "latestVersion": 1,
    "alwaysLatest": 1,
    "createTime": "2020-08-18T09:28:33.000Z",
    "lastUpdateTime": "2020-08-18T09:28:33.000Z",
    "auth": 2,
    "uid": "obd-oALFHwMpvu_uMax07NKdYyAtHH15T7p",
    "publishedVersion": 0,
    "forkFrom": "-",
    "isSpam": 0,
    "version": 1,
    "parentVersion": -1,
    "echartsVersion": "4.8.0",
    "versionCreateTime": "2020-08-18T09:28:34.000Z",
    "html": "",
    "externalScripts": "",
    "updaterUID": "obd-oALFHwMpvu_uMax07NKdYyAtHH15T7p",
    "theme": "",
    "layout": "",
    "viewCount": 116,
    "userName": "q***0",
    "commentCount": 0,
    "starCount": 0,
    "isStared": 0,
    "thumbnailURL": "https://www.makeapie.com/ecg-storage/ec_gallery_thumbnail/x73j8sKdbJ.png?v=1597742914114",
    "isCustomThumbnail": 0,
    "builtinTags": [
        "category-work",
        "grid",
        "series-bar",
        "series-line"
    ],
    "customTags": [],
    "updaterUserName": "q***0"
}