{
    "cid": "xByWEJu5ii",
    "authorUid": "obd-oD5QHIQKvyAEAlFrydaX9u9P5FyWq1T",
    "authorUserName": "l***煌",
    "title": "11",
    "description": "",
    "latestVersion": 1,
    "alwaysLatest": 1,
    "createTime": "2020-08-18T12:18:10.000Z",
    "lastUpdateTime": "2020-08-18T12:18:10.000Z",
    "auth": 2,
    "uid": "obd-oD5QHIQKvyAEAlFrydaX9u9P5FyWq1T",
    "publishedVersion": 0,
    "forkFrom": "-",
    "isSpam": 0,
    "version": 1,
    "parentVersion": -1,
    "echartsVersion": "4.8.0",
    "versionCreateTime": "2020-08-18T12:18:10.000Z",
    "html": "",
    "externalScripts": "",
    "updaterUID": "obd-oD5QHIQKvyAEAlFrydaX9u9P5FyWq1T",
    "theme": "",
    "layout": "",
    "viewCount": 19,
    "userName": "l***煌",
    "commentCount": 0,
    "starCount": 0,
    "isStared": 0,
    "thumbnailURL": "https://www.makeapie.com/ecg-storage/ec_gallery_thumbnail/xByWEJu5ii.png?v=1597753090824",
    "isCustomThumbnail": 0,
    "builtinTags": [
        "category-work",
        "dataset",
        "grid",
        "series-bar"
    ],
    "customTags": [],
    "updaterUserName": "l***煌"
}