{
    "cid": "xf5Ryappyf",
    "authorUid": "obd-olklUpvb216IgDbHm7VVgPnHmwWUy0i",
    "authorUserName": "任***9",
    "title": "刻度和进度",
    "description": "",
    "latestVersion": 3,
    "alwaysLatest": 1,
    "createTime": "2020-08-18T02:20:03.000Z",
    "lastUpdateTime": "2020-08-18T02:20:03.000Z",
    "auth": 2,
    "uid": "obd-olklUpvb216IgDbHm7VVgPnHmwWUy0i",
    "publishedVersion": 0,
    "forkFrom": "-",
    "isSpam": 0,
    "version": 3,
    "parentVersion": 2,
    "echartsVersion": "4.8.0",
    "versionCreateTime": "2020-08-18T08:39:24.000Z",
    "html": "",
    "externalScripts": "",
    "updaterUID": "obd-olklUpvb216IgDbHm7VVgPnHmwWUy0i",
    "theme": "",
    "layout": "",
    "viewCount": 162,
    "userName": "任***9",
    "commentCount": 0,
    "starCount": 0,
    "isStared": 0,
    "thumbnailURL": "https://www.makeapie.com/ecg-storage/ec_gallery_thumbnail/xf5Ryappyf.png?v=1597717203659",
    "isCustomThumbnail": 1,
    "builtinTags": [
        "category-work",
        "grid",
        "legend",
        "series-bar",
        "title",
        "tooltip"
    ],
    "customTags": [],
    "updaterUserName": "任***9"
}