{
    "cid": "xq8zUvcN1g",
    "authorUid": "obd-oMu8EHf1M48tRn5X1gVuh2VpQ-2Nt2q",
    "authorUserName": "性***发",
    "title": "奉天省 锦县 疫毙男女人数、年龄比较",
    "description": "数据来源：《东三省疫事报告书》奉天防疫总局，1911年\n参考自  中国2016年年龄结构 By l***s",
    "latestVersion": 1,
    "alwaysLatest": 1,
    "createTime": "2020-08-18T13:01:11.000Z",
    "lastUpdateTime": "2020-08-18T13:01:11.000Z",
    "auth": 2,
    "uid": "obd-oMu8EHf1M48tRn5X1gVuh2VpQ-2Nt2q",
    "publishedVersion": 0,
    "forkFrom": "-",
    "isSpam": 0,
    "version": 1,
    "parentVersion": -1,
    "echartsVersion": "4.8.0",
    "versionCreateTime": "2020-08-18T13:01:11.000Z",
    "html": "",
    "externalScripts": "",
    "updaterUID": "obd-oMu8EHf1M48tRn5X1gVuh2VpQ-2Nt2q",
    "theme": "",
    "layout": "",
    "viewCount": 962,
    "userName": "性***发",
    "commentCount": 0,
    "starCount": 4,
    "isStared": 0,
    "thumbnailURL": "https://www.makeapie.com/ecg-storage/ec_gallery_thumbnail/xq8zUvcN1g.png?v=1597755671519",
    "isCustomThumbnail": 0,
    "builtinTags": [
        "category-work",
        "grid",
        "legend",
        "series-bar",
        "timeline",
        "title",
        "tooltip"
    ],
    "customTags": [],
    "updaterUserName": "性***发"
}