{
    "cid": "xY4cjvDjma",
    "authorUid": "obd-ojG2EJ8YCU_WB2P-GREom13723QteEj",
    "authorUserName": "豪***害",
    "title": "安全系数",
    "description": "",
    "latestVersion": 1,
    "alwaysLatest": 1,
    "createTime": "2020-08-18T03:23:34.000Z",
    "lastUpdateTime": "2020-08-18T03:23:34.000Z",
    "auth": 1,
    "uid": "obd-ojG2EJ8YCU_WB2P-GREom13723QteEj",
    "publishedVersion": 0,
    "forkFrom": "-",
    "isSpam": 0,
    "version": 1,
    "parentVersion": -1,
    "echartsVersion": "4.8.0",
    "versionCreateTime": "2020-08-18T03:23:34.000Z",
    "html": "",
    "externalScripts": "",
    "updaterUID": "obd-ojG2EJ8YCU_WB2P-GREom13723QteEj",
    "theme": "",
    "layout": "",
    "viewCount": 96,
    "userName": "豪***害",
    "commentCount": 0,
    "starCount": 0,
    "isStared": 0,
    "thumbnailURL": "https://www.makeapie.com/ecg-storage/ec_gallery_thumbnail/xY4cjvDjma.png?v=1597721014726",
    "isCustomThumbnail": 0,
    "builtinTags": [
        "category-work",
        "dataZoom",
        "grid",
        "legend",
        "markLine",
        "markPoint",
        "series-line",
        "title",
        "toolbox",
        "tooltip"
    ],
    "customTags": [],
    "updaterUserName": "豪***害"
}