{
    "cid": "xzGkWfF1TJ",
    "authorUid": "obd-o28dfTnFKHWjGh9nAryQUisiTnhBXBX",
    "authorUserName": "弹***础",
    "title": "颗粒级配",
    "description": "常用的级配曲线",
    "latestVersion": 1,
    "alwaysLatest": 1,
    "createTime": "2020-08-18T05:39:05.000Z",
    "lastUpdateTime": "2020-08-18T05:39:05.000Z",
    "auth": 1,
    "uid": "obd-o28dfTnFKHWjGh9nAryQUisiTnhBXBX",
    "publishedVersion": 0,
    "forkFrom": "-",
    "isSpam": 0,
    "version": 1,
    "parentVersion": -1,
    "echartsVersion": "4.8.0",
    "versionCreateTime": "2020-08-18T05:39:05.000Z",
    "html": "",
    "externalScripts": "",
    "updaterUID": "obd-o28dfTnFKHWjGh9nAryQUisiTnhBXBX",
    "theme": "",
    "layout": "",
    "viewCount": 24,
    "userName": "弹***础",
    "commentCount": 0,
    "starCount": 0,
    "isStared": 0,
    "thumbnailURL": "https://www.makeapie.com/ecg-storage/ec_gallery_thumbnail/xzGkWfF1TJ.png?v=1597729146098",
    "isCustomThumbnail": 0,
    "builtinTags": [
        "category-work",
        "grid",
        "legend",
        "series-line",
        "title"
    ],
    "customTags": [],
    "updaterUserName": "弹***础"
}