{
    "cid": "xZs0kj5GoY",
    "authorUid": "obd-olklUpvb216IgDbHm7VVgPnHmwWUy0i",
    "authorUserName": "任***9",
    "title": "饼图2",
    "description": "1068",
    "latestVersion": 1,
    "alwaysLatest": 1,
    "createTime": "2020-08-18T09:11:18.000Z",
    "lastUpdateTime": "2020-08-18T09:11:18.000Z",
    "auth": 2,
    "uid": "obd-olklUpvb216IgDbHm7VVgPnHmwWUy0i",
    "publishedVersion": 0,
    "forkFrom": "-",
    "isSpam": 0,
    "version": 1,
    "parentVersion": -1,
    "echartsVersion": "4.8.0",
    "versionCreateTime": "2020-08-18T09:11:18.000Z",
    "html": "",
    "externalScripts": "",
    "updaterUID": "obd-olklUpvb216IgDbHm7VVgPnHmwWUy0i",
    "theme": "",
    "layout": "",
    "viewCount": 164,
    "userName": "任***9",
    "commentCount": 0,
    "starCount": 1,
    "isStared": 0,
    "thumbnailURL": "https://www.makeapie.com/ecg-storage/ec_gallery_thumbnail/xZs0kj5GoY.png?v=1597741878283",
    "isCustomThumbnail": 0,
    "builtinTags": [
        "category-work",
        "legend",
        "series-pie",
        "title",
        "toolbox",
        "tooltip"
    ],
    "customTags": [],
    "updaterUserName": "任***9"
}