{
    "cid": "xzWduQjVlZ",
    "authorUid": "obd-o-bSDz-axnlTCG1J2NALxjSEtRbIeA8",
    "authorUserName": "C***阳",
    "title": "折线图1",
    "description": "",
    "latestVersion": 1,
    "alwaysLatest": 1,
    "createTime": "2020-08-19T02:15:25.000Z",
    "lastUpdateTime": "2020-08-19T02:15:25.000Z",
    "auth": 1,
    "uid": "obd-o-bSDz-axnlTCG1J2NALxjSEtRbIeA8",
    "publishedVersion": 0,
    "forkFrom": "-",
    "isSpam": 0,
    "version": 1,
    "parentVersion": -1,
    "echartsVersion": "4.8.0",
    "versionCreateTime": "2020-08-19T02:15:25.000Z",
    "html": "",
    "externalScripts": "",
    "updaterUID": "obd-o-bSDz-axnlTCG1J2NALxjSEtRbIeA8",
    "theme": "",
    "layout": "",
    "viewCount": 54,
    "userName": "C***阳",
    "commentCount": 0,
    "starCount": 0,
    "isStared": 0,
    "thumbnailURL": "https://www.makeapie.com/ecg-storage/ec_gallery_thumbnail/xzWduQjVlZ.png?v=1597803325673",
    "isCustomThumbnail": 0,
    "builtinTags": [
        "category-work",
        "grid",
        "legend",
        "series-line",
        "title",
        "tooltip"
    ],
    "customTags": [],
    "updaterUserName": "C***阳"
}