{
    "cid": "x6LP_hPTE",
    "authorUid": "bd-3130639154",
    "authorUserName": "聆***拍",
    "title": "Awesome Chart",
    "description": "测试",
    "latestVersion": 1,
    "alwaysLatest": 1,
    "createTime": "2020-03-11T02:20:50.000Z",
    "lastUpdateTime": "2020-03-11T02:20:50.000Z",
    "auth": 1,
    "uid": "bd-3130639154",
    "publishedVersion": 0,
    "forkFrom": "-",
    "isSpam": 0,
    "version": 1,
    "parentVersion": -1,
    "echartsVersion": "4.4.0",
    "versionCreateTime": "2020-03-11T02:20:50.000Z",
    "html": "",
    "externalScripts": "",
    "updaterUID": "bd-3130639154",
    "theme": "",
    "layout": "",
    "viewCount": 7,
    "userName": "聆***拍",
    "commentCount": 0,
    "starCount": 0,
    "isStared": 0,
    "thumbnailURL": "https://www.makeapie.com/ecg-storage/ec_gallery_thumbnail/x6LP_hPTE.png?v=1583893250487",
    "isCustomThumbnail": 0,
    "builtinTags": [
        "category-work",
        "grid",
        "series-line",
        "title"
    ],
    "customTags": [],
    "updaterUserName": "聆***拍"
}