{
    "cid": "xaBAb1Du7",
    "authorUid": "bd-223008707",
    "authorUserName": "岚***粉",
    "title": "付费项目（新签）产品分布",
    "description": "",
    "latestVersion": 4,
    "alwaysLatest": 1,
    "createTime": "2020-03-10T09:16:41.000Z",
    "lastUpdateTime": "2020-03-10T09:16:41.000Z",
    "auth": 2,
    "uid": "bd-223008707",
    "publishedVersion": 0,
    "forkFrom": "-",
    "isSpam": 0,
    "version": 4,
    "parentVersion": 3,
    "echartsVersion": "4.4.0",
    "versionCreateTime": "2020-03-10T11:16:36.000Z",
    "html": "",
    "externalScripts": "",
    "updaterUID": "bd-223008707",
    "theme": "",
    "layout": "",
    "viewCount": 199,
    "userName": "岚***粉",
    "commentCount": 0,
    "starCount": 0,
    "isStared": 0,
    "thumbnailURL": "https://www.makeapie.com/ecg-storage/ec_gallery_thumbnail/xaBAb1Du7.png?v=1583838996903",
    "isCustomThumbnail": 0,
    "builtinTags": [
        "category-work",
        "series-pie",
        "title",
        "tooltip",
        "visualMap"
    ],
    "customTags": [],
    "updaterUserName": "岚***粉"
}