{
    "cid": "xB0L1fcTV",
    "authorUid": "bd-3723970825",
    "authorUserName": "A***2",
    "title": "六边柱-立体柱状图",
    "description": "使用矢量路径path://描绘六边形",
    "latestVersion": 10,
    "alwaysLatest": 1,
    "createTime": "2020-03-10T12:03:34.000Z",
    "lastUpdateTime": "2020-03-10T12:03:34.000Z",
    "auth": 1,
    "uid": "bd-3723970825",
    "publishedVersion": 0,
    "forkFrom": "-",
    "isSpam": 0,
    "version": 10,
    "parentVersion": 9,
    "echartsVersion": "4.8.0",
    "versionCreateTime": "2020-08-17T03:16:53.000Z",
    "html": "",
    "externalScripts": "",
    "updaterUID": "bd-3675198357",
    "theme": "",
    "layout": "",
    "viewCount": 6051,
    "userName": "A***2",
    "commentCount": 0,
    "starCount": 13,
    "isStared": 0,
    "thumbnailURL": "https://www.makeapie.com/ecg-storage/ec_gallery_thumbnail/xB0L1fcTV.png?v=1597634213750",
    "isCustomThumbnail": 0,
    "builtinTags": [
        "category-work",
        "grid",
        "series-bar",
        "title"
    ],
    "customTags": [
        "symbol",
        "六边",
        "立体"
    ],
    "updaterUserName": "碎***泪"
}