{
    "cid": "xCV2CdhTD",
    "authorUid": "bd-1869368524",
    "authorUserName": "流***起",
    "title": "横向气泡图",
    "description": "",
    "latestVersion": 1,
    "alwaysLatest": 1,
    "createTime": "2020-03-10T06:41:39.000Z",
    "lastUpdateTime": "2020-03-10T06:41:39.000Z",
    "auth": 2,
    "uid": "bd-1869368524",
    "publishedVersion": 0,
    "forkFrom": "-",
    "isSpam": 0,
    "version": 1,
    "parentVersion": -1,
    "echartsVersion": "4.4.0",
    "versionCreateTime": "2020-03-10T06:41:39.000Z",
    "html": "",
    "externalScripts": "",
    "updaterUID": "bd-1869368524",
    "theme": "",
    "layout": "",
    "viewCount": 372,
    "userName": "流***起",
    "commentCount": 0,
    "starCount": 0,
    "isStared": 0,
    "thumbnailURL": "https://www.makeapie.com/ecg-storage/ec_gallery_thumbnail/xCV2CdhTD.png?v=1583822499661",
    "isCustomThumbnail": 0,
    "builtinTags": [
        "category-work",
        "grid",
        "series-scatter"
    ],
    "customTags": [],
    "updaterUserName": "流***起"
}