{
    "cid": "xCxVZO2TJ",
    "authorUid": "bd-959326585",
    "authorUserName": "w***n",
    "title": "模拟编辑性能统计",
    "description": "",
    "latestVersion": 16,
    "alwaysLatest": 1,
    "createTime": "2020-03-09T10:01:04.000Z",
    "lastUpdateTime": "2020-03-09T10:01:04.000Z",
    "auth": 2,
    "uid": "bd-959326585",
    "publishedVersion": 0,
    "forkFrom": "-",
    "isSpam": 0,
    "version": 16,
    "parentVersion": 14,
    "echartsVersion": "4.4.0",
    "versionCreateTime": "2020-03-09T11:12:32.000Z",
    "html": "",
    "externalScripts": "",
    "updaterUID": "bd-959326585",
    "theme": "",
    "layout": "",
    "viewCount": 57,
    "userName": "w***n",
    "commentCount": 0,
    "starCount": 0,
    "isStared": 0,
    "thumbnailURL": "https://www.makeapie.com/ecg-storage/ec_gallery_thumbnail/xCxVZO2TJ.png?v=1583752352537",
    "isCustomThumbnail": 0,
    "builtinTags": [
        "category-work",
        "dataset",
        "grid",
        "legend",
        "series-bar",
        "title",
        "tooltip"
    ],
    "customTags": [],
    "updaterUserName": "w***n"
}