{
    "cid": "xDxOucNa4",
    "authorUid": "bd-113970880",
    "authorUserName": "j***k",
    "title": "四象限图",
    "description": "四象限图",
    "latestVersion": 4,
    "alwaysLatest": 1,
    "createTime": "2020-03-10T11:01:37.000Z",
    "lastUpdateTime": "2020-03-10T11:01:37.000Z",
    "auth": 2,
    "uid": "bd-113970880",
    "publishedVersion": 0,
    "forkFrom": "-",
    "isSpam": 0,
    "version": 4,
    "parentVersion": 3,
    "echartsVersion": "4.4.0",
    "versionCreateTime": "2020-03-10T11:20:43.000Z",
    "html": "",
    "externalScripts": "",
    "updaterUID": "bd-113970880",
    "theme": "",
    "layout": "",
    "viewCount": 1029,
    "userName": "j***k",
    "commentCount": 0,
    "starCount": 5,
    "isStared": 0,
    "thumbnailURL": "https://www.makeapie.com/ecg-storage/ec_gallery_thumbnail/xDxOucNa4.png?v=1583839243273",
    "isCustomThumbnail": 0,
    "builtinTags": [
        "category-work",
        "dataZoom",
        "grid",
        "markArea",
        "markLine",
        "series-scatter",
        "title",
        "toolbox",
        "tooltip",
        "visualMap"
    ],
    "customTags": [
        "四象限图"
    ],
    "updaterUserName": "j***k"
}