{
    "cid": "xhy44xkDc",
    "authorUid": "bd-4164182603",
    "authorUserName": "生***蛋",
    "title": "Line an Bar",
    "description": "",
    "latestVersion": 3,
    "alwaysLatest": 1,
    "createTime": "2020-03-11T11:44:03.000Z",
    "lastUpdateTime": "2020-03-11T11:44:03.000Z",
    "auth": 2,
    "uid": "bd-4164182603",
    "publishedVersion": 0,
    "forkFrom": "-",
    "isSpam": 0,
    "version": 3,
    "parentVersion": 2,
    "echartsVersion": "4.4.0",
    "versionCreateTime": "2020-03-14T10:29:48.000Z",
    "html": "",
    "externalScripts": "",
    "updaterUID": "bd-4164182603",
    "theme": "",
    "layout": "",
    "viewCount": 57,
    "userName": "生***蛋",
    "commentCount": 0,
    "starCount": 0,
    "isStared": 0,
    "thumbnailURL": "https://www.makeapie.com/ecg-storage/ec_gallery_thumbnail/xhy44xkDc.png?v=1584181788578",
    "isCustomThumbnail": 0,
    "builtinTags": [
        "category-work",
        "grid",
        "legend",
        "series-bar",
        "series-line",
        "toolbox",
        "tooltip"
    ],
    "customTags": [],
    "updaterUserName": "生***蛋"
}