{
    "cid": "xJ9rOFyB6",
    "authorUid": "bd-3945581135",
    "authorUserName": "a***n",
    "title": "cpu TOP3",
    "description": "2010-03-12 10:00",
    "latestVersion": 8,
    "alwaysLatest": 1,
    "createTime": "2020-03-12T03:04:18.000Z",
    "lastUpdateTime": "2020-03-12T03:04:18.000Z",
    "auth": 1,
    "uid": "bd-3945581135",
    "publishedVersion": 0,
    "forkFrom": "-",
    "isSpam": 0,
    "version": 8,
    "parentVersion": 7,
    "echartsVersion": "4.8.0",
    "versionCreateTime": "2020-11-13T06:45:49.000Z",
    "html": "",
    "externalScripts": "",
    "updaterUID": "bd-3945581135",
    "theme": "",
    "layout": "",
    "viewCount": 177,
    "userName": "a***n",
    "commentCount": 0,
    "starCount": 0,
    "isStared": 0,
    "thumbnailURL": "https://www.makeapie.com/ecg-storage/ec_gallery_thumbnail/xJ9rOFyB6.png?v=1605249949850",
    "isCustomThumbnail": 0,
    "builtinTags": [
        "category-work",
        "grid",
        "markLine",
        "series-bar",
        "title",
        "tooltip"
    ],
    "customTags": [],
    "updaterUserName": "a***n"
}