{
    "cid": "xND5nZoKY",
    "authorUid": "bd-893944912",
    "authorUserName": "发***7",
    "title": "街道迁徙",
    "description": "各个街道的迁徙图，点击地图切换街道",
    "latestVersion": 4,
    "alwaysLatest": 1,
    "createTime": "2020-03-10T06:19:15.000Z",
    "lastUpdateTime": "2020-03-10T06:19:15.000Z",
    "auth": 2,
    "uid": "bd-893944912",
    "publishedVersion": 0,
    "forkFrom": "-",
    "isSpam": 0,
    "version": 4,
    "parentVersion": 3,
    "echartsVersion": "4.4.0",
    "versionCreateTime": "2020-03-10T06:51:36.000Z",
    "html": "",
    "externalScripts": "",
    "updaterUID": "bd-893944912",
    "theme": "",
    "layout": "",
    "viewCount": 2640,
    "userName": "发***7",
    "commentCount": 1,
    "starCount": 7,
    "isStared": 0,
    "thumbnailURL": "https://www.makeapie.com/ecg-storage/ec_gallery_thumbnail/xND5nZoKY.png?v=1583823097018",
    "isCustomThumbnail": 0,
    "builtinTags": [
        "category-work",
        "geo",
        "series-effectScatter",
        "series-lines",
        "title",
        "tooltip",
        "visualMap"
    ],
    "customTags": [],
    "updaterUserName": "发***7"
}