{
    "cid": "xoYBLOzYW",
    "authorUid": "bd-1479225098",
    "authorUserName": "帅***阳",
    "title": "基础雷达图",
    "description": "",
    "latestVersion": 2,
    "alwaysLatest": 1,
    "createTime": "2020-03-11T14:08:42.000Z",
    "lastUpdateTime": "2020-03-11T14:08:42.000Z",
    "auth": 2,
    "uid": "bd-1479225098",
    "publishedVersion": 0,
    "forkFrom": "-",
    "isSpam": 0,
    "version": 2,
    "parentVersion": 1,
    "echartsVersion": "4.4.0",
    "versionCreateTime": "2020-03-11T14:23:24.000Z",
    "html": "",
    "externalScripts": "",
    "updaterUID": "bd-1479225098",
    "theme": "",
    "layout": "",
    "viewCount": 341,
    "userName": "帅***阳",
    "commentCount": 0,
    "starCount": 0,
    "isStared": 0,
    "thumbnailURL": "https://www.makeapie.com/ecg-storage/ec_gallery_thumbnail/xoYBLOzYW.png?v=1583936604529",
    "isCustomThumbnail": 0,
    "builtinTags": [
        "category-work",
        "legend",
        "radar",
        "series-radar",
        "title",
        "tooltip"
    ],
    "customTags": [],
    "updaterUserName": "帅***阳"
}