{
    "cid": "xP2xrkpnM",
    "authorUid": "bd-992272830",
    "authorUserName": "藏***i",
    "title": "简约折线图 ",
    "description": "y轴不显示，y轴数据不显示",
    "latestVersion": 4,
    "alwaysLatest": 1,
    "createTime": "2020-03-11T02:05:15.000Z",
    "lastUpdateTime": "2020-03-11T02:05:15.000Z",
    "auth": 2,
    "uid": "bd-992272830",
    "publishedVersion": 0,
    "forkFrom": "-",
    "isSpam": 0,
    "version": 4,
    "parentVersion": 3,
    "echartsVersion": "4.4.0",
    "versionCreateTime": "2020-03-13T07:55:15.000Z",
    "html": "",
    "externalScripts": "",
    "updaterUID": "bd-992272830",
    "theme": "",
    "layout": "",
    "viewCount": 46,
    "userName": "藏***i",
    "commentCount": 0,
    "starCount": 0,
    "isStared": 0,
    "thumbnailURL": "https://www.makeapie.com/ecg-storage/ec_gallery_thumbnail/xP2xrkpnM.png?v=1584086115281",
    "isCustomThumbnail": 0,
    "builtinTags": [
        "category-work",
        "grid",
        "series-line",
        "tooltip"
    ],
    "customTags": [
        "y轴不显示",
        "折线图"
    ],
    "updaterUserName": "藏***i"
}