{
    "cid": "xPYN2jPHb",
    "authorUid": "bd-2461361090",
    "authorUserName": "鍙***0",
    "title": "重庆坠江关键词",
    "description": "",
    "latestVersion": 3,
    "alwaysLatest": 1,
    "createTime": "2020-03-11T07:56:28.000Z",
    "lastUpdateTime": "2020-03-11T07:56:28.000Z",
    "auth": 2,
    "uid": "bd-2461361090",
    "publishedVersion": 0,
    "forkFrom": "-",
    "isSpam": 0,
    "version": 3,
    "parentVersion": 2,
    "echartsVersion": "4.8.0",
    "versionCreateTime": "2020-10-31T07:54:22.000Z",
    "html": "",
    "externalScripts": "",
    "updaterUID": "bd-2461361090",
    "theme": "",
    "layout": "",
    "viewCount": 153,
    "userName": "鍙***0",
    "commentCount": 0,
    "starCount": 1,
    "isStared": 0,
    "thumbnailURL": "https://www.makeapie.com/ecg-storage/ec_gallery_thumbnail/xPYN2jPHb.png?v=1604130862857",
    "isCustomThumbnail": 0,
    "builtinTags": [
        "category-work",
        "legend",
        "series-pie",
        "title",
        "tooltip"
    ],
    "customTags": [],
    "updaterUserName": "鍙***0"
}