{
    "cid": "xrGNj6zRE",
    "authorUid": "bd-3241410369",
    "authorUserName": "2***回",
    "title": "bar条形状数据统计",
    "description": "",
    "latestVersion": 1,
    "alwaysLatest": 1,
    "createTime": "2020-03-09T16:57:07.000Z",
    "lastUpdateTime": "2020-03-09T16:57:07.000Z",
    "auth": 2,
    "uid": "bd-3241410369",
    "publishedVersion": 0,
    "forkFrom": "-",
    "isSpam": 0,
    "version": 1,
    "parentVersion": -1,
    "echartsVersion": "4.4.0",
    "versionCreateTime": "2020-03-09T16:57:07.000Z",
    "html": "",
    "externalScripts": "",
    "updaterUID": "bd-3241410369",
    "theme": "",
    "layout": "",
    "viewCount": 183,
    "userName": "2***回",
    "commentCount": 0,
    "starCount": 1,
    "isStared": 0,
    "thumbnailURL": "https://www.makeapie.com/ecg-storage/ec_gallery_thumbnail/xrGNj6zRE.png?v=1583773027759",
    "isCustomThumbnail": 0,
    "builtinTags": [
        "category-work",
        "grid",
        "series-bar"
    ],
    "customTags": [
        "bar"
    ],
    "updaterUserName": "2***回"
}