{
    "cid": "xXFSEz-ho",
    "authorUid": "bd-1711687770",
    "authorUserName": "依***缘",
    "title": "部署工具部署次数",
    "description": "",
    "latestVersion": 1,
    "alwaysLatest": 1,
    "createTime": "2020-03-11T12:07:05.000Z",
    "lastUpdateTime": "2020-03-11T12:07:05.000Z",
    "auth": 2,
    "uid": "bd-1711687770",
    "publishedVersion": 0,
    "forkFrom": "-",
    "isSpam": 0,
    "version": 1,
    "parentVersion": -1,
    "echartsVersion": "4.4.0",
    "versionCreateTime": "2020-03-11T12:07:05.000Z",
    "html": "",
    "externalScripts": "",
    "updaterUID": "bd-1711687770",
    "theme": "",
    "layout": "",
    "viewCount": 48,
    "userName": "依***缘",
    "commentCount": 0,
    "starCount": 0,
    "isStared": 0,
    "thumbnailURL": "https://www.makeapie.com/ecg-storage/ec_gallery_thumbnail/xXFSEz-ho.png?v=1583928425796",
    "isCustomThumbnail": 0,
    "builtinTags": [
        "category-work",
        "grid",
        "legend",
        "series-bar",
        "title",
        "tooltip"
    ],
    "customTags": [],
    "updaterUserName": "依***缘"
}