{
    "cid": "x2zCHU-MlM",
    "authorUid": "bd-4211215265",
    "authorUserName": "江***士",
    "title": "Test",
    "description": "",
    "latestVersion": 3,
    "alwaysLatest": 0,
    "createTime": "2021-12-28T06:04:52.000Z",
    "lastUpdateTime": "2021-12-28T06:21:31.000Z",
    "auth": 2,
    "uid": "bd-4211215265",
    "publishedVersion": 0,
    "forkFrom": "-",
    "isSpam": 0,
    "version": 3,
    "parentVersion": 2,
    "echartsVersion": "5.2.2",
    "versionCreateTime": "2021-12-28T06:21:31.000Z",
    "html": "",
    "externalScripts": "",
    "updaterUID": "bd-4211215265",
    "theme": "",
    "layout": "",
    "viewCount": 0,
    "userName": "江***士",
    "commentCount": 0,
    "starCount": 0,
    "isStared": 0,
    "thumbnailURL": "https://www.makeapie.com/ecg-storage/ec_gallery_thumbnail/x2zCHU-MlM.png?v=1640672491749",
    "isCustomThumbnail": 0,
    "builtinTags": [
        "category-work"
    ],
    "customTags": [],
    "updaterUserName": "江***士"
}