{
    "cid": "xA-okb0pgI",
    "authorUid": "obd-olmfh18ylqdoP1ywfzxsVKLkgZPvK0d",
    "authorUserName": "c***t",
    "title": "分隔进度条",
    "description": "",
    "latestVersion": 2,
    "alwaysLatest": 0,
    "createTime": "2021-12-25T14:28:13.000Z",
    "lastUpdateTime": "2021-12-31T01:31:00.000Z",
    "auth": 1,
    "uid": "obd-olmfh18ylqdoP1ywfzxsVKLkgZPvK0d",
    "publishedVersion": 0,
    "forkFrom": "-",
    "isSpam": 0,
    "version": 2,
    "parentVersion": 1,
    "echartsVersion": "5.2.2",
    "versionCreateTime": "2021-12-31T01:31:00.000Z",
    "html": "",
    "externalScripts": "",
    "updaterUID": "obd-oCecDnh_hG_hivYPAc_EpJXy-ga3q3M",
    "theme": "",
    "layout": "",
    "viewCount": 0,
    "userName": "c***t",
    "commentCount": 0,
    "starCount": 4,
    "isStared": 0,
    "thumbnailURL": "https://www.makeapie.com/ecg-storage/ec_gallery_thumbnail/xA-okb0pgI.png?v=1640914260428",
    "isCustomThumbnail": 0,
    "builtinTags": [
        "category-work",
        "dataZoom",
        "grid",
        "series-bar",
        "series-pictorialBar",
        "tooltip"
    ],
    "customTags": [],
    "updaterUserName": "夜***星"
}