{
    "cid": "xdtpS00gXc",
    "authorUid": "obd-olGlCkbUpVhsbeDLID8112dZgCEQU0c",
    "authorUserName": "o***6",
    "title": "mpa strain",
    "description": "",
    "latestVersion": 2,
    "alwaysLatest": 0,
    "createTime": "2021-12-27T03:13:42.000Z",
    "lastUpdateTime": "2021-12-27T03:16:31.000Z",
    "auth": 2,
    "uid": "obd-olGlCkbUpVhsbeDLID8112dZgCEQU0c",
    "publishedVersion": 0,
    "forkFrom": "-",
    "isSpam": 0,
    "version": 2,
    "parentVersion": 1,
    "echartsVersion": "5.2.2",
    "versionCreateTime": "2021-12-27T03:16:31.000Z",
    "html": "",
    "externalScripts": "",
    "updaterUID": "obd-olGlCkbUpVhsbeDLID8112dZgCEQU0c",
    "theme": "",
    "layout": "",
    "viewCount": 0,
    "userName": "o***6",
    "commentCount": 0,
    "starCount": 0,
    "isStared": 0,
    "thumbnailURL": "https://www.makeapie.com/ecg-storage/ec_gallery_thumbnail/xdtpS00gXc.png?v=1640574991948",
    "isCustomThumbnail": 0,
    "builtinTags": [
        "category-work",
        "series-sunburst",
        "title"
    ],
    "customTags": [],
    "updaterUserName": "o***6"
}