{
    "cid": "xoYSzoCYZ0",
    "authorUid": "obd-oE_7R2C3DvXcp12OuvL41OcBaW1qH4v",
    "authorUserName": "v***v",
    "title": "双轴双列柱状图",
    "description": "",
    "latestVersion": 2,
    "alwaysLatest": 0,
    "createTime": "2021-12-28T07:57:30.000Z",
    "lastUpdateTime": "2021-12-28T08:01:04.000Z",
    "auth": 2,
    "uid": "obd-oE_7R2C3DvXcp12OuvL41OcBaW1qH4v",
    "publishedVersion": 0,
    "forkFrom": "-",
    "isSpam": 0,
    "version": 2,
    "parentVersion": 1,
    "echartsVersion": "5.2.2",
    "versionCreateTime": "2021-12-28T08:01:04.000Z",
    "html": "",
    "externalScripts": "",
    "updaterUID": "obd-oE_7R2C3DvXcp12OuvL41OcBaW1qH4v",
    "theme": "",
    "layout": "",
    "viewCount": 0,
    "userName": "v***v",
    "commentCount": 0,
    "starCount": 0,
    "isStared": 0,
    "thumbnailURL": "https://www.makeapie.com/ecg-storage/ec_gallery_thumbnail/xoYSzoCYZ0.png?v=1640678464667",
    "isCustomThumbnail": 0,
    "builtinTags": [
        "category-work",
        "grid",
        "legend",
        "series-bar",
        "title",
        "toolbox",
        "tooltip"
    ],
    "customTags": [],
    "updaterUserName": "v***v"
}