{
    "cid": "xsj5OmvBee",
    "authorUid": "bd-1362249287",
    "authorUserName": "x***爵",
    "title": "横向柱状图",
    "description": "多条横向柱状图",
    "latestVersion": 2,
    "alwaysLatest": 0,
    "createTime": "2021-12-28T03:43:36.000Z",
    "lastUpdateTime": "2021-12-28T03:43:58.000Z",
    "auth": 1,
    "uid": "bd-1362249287",
    "publishedVersion": 0,
    "forkFrom": "-",
    "isSpam": 0,
    "version": 2,
    "parentVersion": 1,
    "echartsVersion": "5.2.2",
    "versionCreateTime": "2021-12-28T03:43:58.000Z",
    "html": "",
    "externalScripts": "",
    "updaterUID": "bd-1362249287",
    "theme": "",
    "layout": "",
    "viewCount": 0,
    "userName": "x***爵",
    "commentCount": 0,
    "starCount": 0,
    "isStared": 0,
    "thumbnailURL": "https://www.makeapie.com/ecg-storage/ec_gallery_thumbnail/xsj5OmvBee.png?v=1640663038403",
    "isCustomThumbnail": 0,
    "builtinTags": [
        "category-work",
        "grid",
        "legend",
        "series-bar",
        "tooltip"
    ],
    "customTags": [
        "bar"
    ],
    "updaterUserName": "x***爵"
}