{
    "cid": "xu2jMaChLU",
    "authorUid": "obd-oE_7R2C3DvXcp12OuvL41OcBaW1qH4v",
    "authorUserName": "v***v",
    "title": "3D柱状图",
    "description": "",
    "latestVersion": 1,
    "alwaysLatest": 0,
    "createTime": "2021-12-28T08:30:53.000Z",
    "lastUpdateTime": "2021-12-28T08:30:53.000Z",
    "auth": 2,
    "uid": "obd-oE_7R2C3DvXcp12OuvL41OcBaW1qH4v",
    "publishedVersion": 0,
    "forkFrom": "-",
    "isSpam": 0,
    "version": 1,
    "parentVersion": -1,
    "echartsVersion": "5.2.2",
    "versionCreateTime": "2021-12-28T08:30:53.000Z",
    "html": "",
    "externalScripts": "",
    "updaterUID": "obd-oE_7R2C3DvXcp12OuvL41OcBaW1qH4v",
    "theme": "",
    "layout": "",
    "viewCount": 0,
    "userName": "v***v",
    "commentCount": 0,
    "starCount": 2,
    "isStared": 0,
    "thumbnailURL": "https://www.makeapie.com/ecg-storage/ec_gallery_thumbnail/xu2jMaChLU.png?v=1640680253506",
    "isCustomThumbnail": 0,
    "builtinTags": [
        "category-work",
        "grid",
        "series-bar",
        "series-custom",
        "tooltip"
    ],
    "customTags": [],
    "updaterUserName": "v***v"
}