{
    "cid": "xuxzITMEj6",
    "authorUid": "obd-olIpngb4U9r3ilV9Oqv1UVaiJ-9xg0E",
    "authorUserName": "R***X",
    "title": "地图阴影,tooltip轮播,触摸不同颜色设置",
    "description": "",
    "latestVersion": 4,
    "alwaysLatest": 0,
    "createTime": "2021-12-27T08:36:51.000Z",
    "lastUpdateTime": "2021-12-27T11:46:03.000Z",
    "auth": 2,
    "uid": "obd-olIpngb4U9r3ilV9Oqv1UVaiJ-9xg0E",
    "publishedVersion": 0,
    "forkFrom": "-",
    "isSpam": 0,
    "version": 4,
    "parentVersion": 3,
    "echartsVersion": "5.2.2",
    "versionCreateTime": "2021-12-27T11:46:03.000Z",
    "html": "",
    "externalScripts": "/dep/echarts/map/js/china.js",
    "updaterUID": "obd-olIpngb4U9r3ilV9Oqv1UVaiJ-9xg0E",
    "theme": "",
    "layout": "",
    "viewCount": 0,
    "userName": "R***X",
    "commentCount": 0,
    "starCount": 1,
    "isStared": 0,
    "thumbnailURL": "https://www.makeapie.com/ecg-storage/ec_gallery_thumbnail/xuxzITMEj6.png?v=1640605563513",
    "isCustomThumbnail": 0,
    "builtinTags": [
        "category-work",
        "geo",
        "series-custom",
        "series-effectScatter",
        "series-map",
        "tooltip"
    ],
    "customTags": [],
    "updaterUserName": "R***X"
}