{
    "cid": "xZQak3ATSn",
    "authorUid": "obd-oPvKXcSGmLpm8qcAiYnaWMErxKKQJ9c",
    "authorUserName": "182*****270",
    "title": "饼图",
    "description": "副标题",
    "latestVersion": 1,
    "alwaysLatest": 0,
    "createTime": "2021-12-28T00:43:58.000Z",
    "lastUpdateTime": "2021-12-28T00:43:58.000Z",
    "auth": 2,
    "uid": "obd-oPvKXcSGmLpm8qcAiYnaWMErxKKQJ9c",
    "publishedVersion": 0,
    "forkFrom": "-",
    "isSpam": 0,
    "version": 1,
    "parentVersion": -1,
    "echartsVersion": "4.9.0",
    "versionCreateTime": "2021-12-28T00:43:58.000Z",
    "html": "",
    "externalScripts": "",
    "updaterUID": "obd-oPvKXcSGmLpm8qcAiYnaWMErxKKQJ9c",
    "theme": "",
    "layout": "",
    "viewCount": 0,
    "userName": "182*****270",
    "commentCount": 0,
    "starCount": 0,
    "isStared": 0,
    "thumbnailURL": "https://www.makeapie.com/ecg-storage/ec_gallery_thumbnail/xZQak3ATSn.png?v=1640652238848",
    "isCustomThumbnail": 0,
    "builtinTags": [
        "category-work",
        "legend",
        "series-pie",
        "title",
        "tooltip"
    ],
    "customTags": [],
    "updaterUserName": "182*****270"
}