{
    "cid": "x2EfKMj8Hv",
    "authorUid": "obd-olGA-Q8ymiknXCpSUCyKk56IPdKrq0f",
    "authorUserName": "W***王",
    "title": "2019年31省份的GDP（亿元）",
    "description": "",
    "latestVersion": 2,
    "alwaysLatest": 1,
    "createTime": "2020-12-28T07:20:31.000Z",
    "lastUpdateTime": "2020-12-28T07:20:31.000Z",
    "auth": 2,
    "uid": "obd-olGA-Q8ymiknXCpSUCyKk56IPdKrq0f",
    "publishedVersion": 0,
    "forkFrom": "-",
    "isSpam": 0,
    "version": 2,
    "parentVersion": 1,
    "echartsVersion": "4.8.0",
    "versionCreateTime": "2020-12-28T09:42:08.000Z",
    "html": "",
    "externalScripts": "/dep/echarts/map/js/china.js",
    "updaterUID": "obd-olGA-Q8ymiknXCpSUCyKk56IPdKrq0f",
    "theme": "",
    "layout": "",
    "viewCount": 180,
    "userName": "W***王",
    "commentCount": 0,
    "starCount": 0,
    "isStared": 0,
    "thumbnailURL": "https://www.makeapie.com/ecg-storage/ec_gallery_thumbnail/x2EfKMj8Hv.png?v=1609148528966",
    "isCustomThumbnail": 0,
    "builtinTags": [
        "category-work",
        "geo",
        "grid",
        "series-bar",
        "series-map",
        "tooltip",
        "visualMap"
    ],
    "customTags": [
        "map"
    ],
    "updaterUserName": "W***王"
}