{
    "cid": "x6BGWmonS0",
    "authorUid": "bd-2671340109",
    "authorUserName": "Q***儿",
    "title": "组合图-柱状图横向滚动",
    "description": "柱状图横向滚动",
    "latestVersion": 1,
    "alwaysLatest": 1,
    "createTime": "2020-12-28T02:03:57.000Z",
    "lastUpdateTime": "2020-12-28T02:03:57.000Z",
    "auth": 1,
    "uid": "bd-2671340109",
    "publishedVersion": 0,
    "forkFrom": "-",
    "isSpam": 0,
    "version": 1,
    "parentVersion": -1,
    "echartsVersion": "4.8.0",
    "versionCreateTime": "2020-12-28T02:03:57.000Z",
    "html": "",
    "externalScripts": "",
    "updaterUID": "bd-2671340109",
    "theme": "",
    "layout": "",
    "viewCount": 295,
    "userName": "Q***儿",
    "commentCount": 0,
    "starCount": 4,
    "isStared": 0,
    "thumbnailURL": "https://www.makeapie.com/ecg-storage/ec_gallery_thumbnail/x6BGWmonS0.png?v=1609121038106",
    "isCustomThumbnail": 0,
    "builtinTags": [
        "category-work",
        "dataZoom",
        "grid",
        "legend",
        "radar",
        "series-bar",
        "series-pie",
        "series-radar",
        "title",
        "toolbox",
        "tooltip"
    ],
    "customTags": [],
    "updaterUserName": "Q***儿"
}