{
    "cid": "x8RxBfHZ9f",
    "authorUid": "obd-oCvnoIEUOIJ5v6WUR31hwYR2nWf473O",
    "authorUserName": "今***鸟",
    "title": "单柱",
    "description": "",
    "latestVersion": 13,
    "alwaysLatest": 1,
    "createTime": "2020-12-28T02:58:06.000Z",
    "lastUpdateTime": "2020-12-28T02:58:06.000Z",
    "auth": 2,
    "uid": "obd-oCvnoIEUOIJ5v6WUR31hwYR2nWf473O",
    "publishedVersion": 0,
    "forkFrom": "-",
    "isSpam": 0,
    "version": 13,
    "parentVersion": 12,
    "echartsVersion": "4.8.0",
    "versionCreateTime": "2020-12-30T07:45:51.000Z",
    "html": "",
    "externalScripts": "",
    "updaterUID": "obd-oCvnoIEUOIJ5v6WUR31hwYR2nWf473O",
    "theme": "",
    "layout": "",
    "viewCount": 63,
    "userName": "今***鸟",
    "commentCount": 0,
    "starCount": 0,
    "isStared": 0,
    "thumbnailURL": "https://www.makeapie.com/ecg-storage/ec_gallery_thumbnail/x8RxBfHZ9f.png?v=1609314351932",
    "isCustomThumbnail": 0,
    "builtinTags": [
        "category-work",
        "grid",
        "legend",
        "series-bar",
        "title"
    ],
    "customTags": [],
    "updaterUserName": "今***鸟"
}