{
    "cid": "x_3a4Br5m1",
    "authorUid": "obd-olmlg7w-krehHOeg2Ur7CKe92vvsu06",
    "authorUserName": "x***2",
    "title": "堆叠图-总和",
    "description": "",
    "latestVersion": 2,
    "alwaysLatest": 1,
    "createTime": "2020-12-28T09:41:06.000Z",
    "lastUpdateTime": "2020-12-28T09:41:06.000Z",
    "auth": 2,
    "uid": "obd-olmlg7w-krehHOeg2Ur7CKe92vvsu06",
    "publishedVersion": 0,
    "forkFrom": "-",
    "isSpam": 0,
    "version": 2,
    "parentVersion": 1,
    "echartsVersion": "4.8.0",
    "versionCreateTime": "2020-12-28T14:06:24.000Z",
    "html": "",
    "externalScripts": "",
    "updaterUID": "obd-olmlg7w-krehHOeg2Ur7CKe92vvsu06",
    "theme": "",
    "layout": "",
    "viewCount": 77,
    "userName": "x***2",
    "commentCount": 0,
    "starCount": 1,
    "isStared": 0,
    "thumbnailURL": "https://www.makeapie.com/ecg-storage/ec_gallery_thumbnail/x_3a4Br5m1.png?v=1609164384397",
    "isCustomThumbnail": 0,
    "builtinTags": [
        "category-work",
        "grid",
        "legend",
        "series-bar",
        "tooltip"
    ],
    "customTags": [],
    "updaterUserName": "x***2"
}