{
    "cid": "xacE0ifFBE",
    "authorUid": "obd-oDla0V5bspKgTu6E_bZhJDgDtr2Ta1e",
    "authorUserName": "182******80",
    "title": "互动营销中心全球用户",
    "description": "单位:人",
    "latestVersion": 1,
    "alwaysLatest": 1,
    "createTime": "2020-12-27T12:43:57.000Z",
    "lastUpdateTime": "2020-12-27T12:43:57.000Z",
    "auth": 2,
    "uid": "obd-oDla0V5bspKgTu6E_bZhJDgDtr2Ta1e",
    "publishedVersion": 0,
    "forkFrom": "-",
    "isSpam": 0,
    "version": 1,
    "parentVersion": -1,
    "echartsVersion": "4.8.0",
    "versionCreateTime": "2020-12-27T12:43:57.000Z",
    "html": "",
    "externalScripts": "/dep/echarts/map/js/world.js",
    "updaterUID": "obd-oDla0V5bspKgTu6E_bZhJDgDtr2Ta1e",
    "theme": "",
    "layout": "",
    "viewCount": 195,
    "userName": "182******80",
    "commentCount": 0,
    "starCount": 0,
    "isStared": 0,
    "thumbnailURL": "https://www.makeapie.com/ecg-storage/ec_gallery_thumbnail/xacE0ifFBE.png?v=1609073037423",
    "isCustomThumbnail": 0,
    "builtinTags": [
        "category-work",
        "grid",
        "series-bar",
        "series-map",
        "series-pie",
        "timeline",
        "title",
        "tooltip",
        "visualMap"
    ],
    "customTags": [],
    "updaterUserName": "182******80"
}