{
    "cid": "xDIbYgmH0O",
    "authorUid": "obd-oN7O8cnrB7cACxn6yytWXvsVtzIC5C7",
    "authorUserName": "桃***样",
    "title": "仪表盘",
    "description": "",
    "latestVersion": 5,
    "alwaysLatest": 1,
    "createTime": "2020-12-28T08:59:20.000Z",
    "lastUpdateTime": "2020-12-28T08:59:20.000Z",
    "auth": 2,
    "uid": "obd-oN7O8cnrB7cACxn6yytWXvsVtzIC5C7",
    "publishedVersion": 0,
    "forkFrom": "-",
    "isSpam": 0,
    "version": 5,
    "parentVersion": 4,
    "echartsVersion": "4.8.0",
    "versionCreateTime": "2020-12-29T02:45:53.000Z",
    "html": "",
    "externalScripts": "",
    "updaterUID": "obd-oN7O8cnrB7cACxn6yytWXvsVtzIC5C7",
    "theme": "",
    "layout": "",
    "viewCount": 92,
    "userName": "桃***样",
    "commentCount": 0,
    "starCount": 2,
    "isStared": 0,
    "thumbnailURL": "https://www.makeapie.com/ecg-storage/ec_gallery_thumbnail/xDIbYgmH0O.png?v=1609209953169",
    "isCustomThumbnail": 0,
    "builtinTags": [
        "category-work",
        "series-gauge"
    ],
    "customTags": [],
    "updaterUserName": "桃***样"
}