{
    "cid": "xdOZnAtd8B",
    "authorUid": "obd-o2HgkLuqycYWva2zUwRH05Gg8sUI1Bv",
    "authorUserName": "s***5",
    "title": "仓库总量",
    "description": "",
    "latestVersion": 1,
    "alwaysLatest": 1,
    "createTime": "2020-12-28T09:14:24.000Z",
    "lastUpdateTime": "2020-12-28T09:14:24.000Z",
    "auth": 2,
    "uid": "obd-o2HgkLuqycYWva2zUwRH05Gg8sUI1Bv",
    "publishedVersion": 0,
    "forkFrom": "-",
    "isSpam": 0,
    "version": 1,
    "parentVersion": -1,
    "echartsVersion": "4.8.0",
    "versionCreateTime": "2020-12-28T09:14:24.000Z",
    "html": "",
    "externalScripts": "",
    "updaterUID": "obd-o2HgkLuqycYWva2zUwRH05Gg8sUI1Bv",
    "theme": "",
    "layout": "",
    "viewCount": 46,
    "userName": "s***5",
    "commentCount": 0,
    "starCount": 0,
    "isStared": 0,
    "thumbnailURL": "https://www.makeapie.com/ecg-storage/ec_gallery_thumbnail/xdOZnAtd8B.png?v=1609146864973",
    "isCustomThumbnail": 0,
    "builtinTags": [
        "category-work",
        "series-pie",
        "title",
        "toolbox",
        "tooltip"
    ],
    "customTags": [],
    "updaterUserName": "s***5"
}