{
    "cid": "xeLm65MCT3",
    "authorUid": "obd-oAY1m81AjtqWCXJ9l_-SQikacAI2T7r",
    "authorUserName": "千***g",
    "title": "2020年各省常住人口分布柱状图",
    "description": "用柱状图的形式表示2020年各省的常住人口分布，将鼠标放在各省位置会显示各省名称，鼠标放在柱状图上会显示常住人口数量（万人）。",
    "latestVersion": 6,
    "alwaysLatest": 1,
    "createTime": "2020-12-28T02:55:58.000Z",
    "lastUpdateTime": "2020-12-28T02:55:58.000Z",
    "auth": 2,
    "uid": "obd-oAY1m81AjtqWCXJ9l_-SQikacAI2T7r",
    "publishedVersion": 0,
    "forkFrom": "-",
    "isSpam": 0,
    "version": 6,
    "parentVersion": 5,
    "echartsVersion": "4.8.0",
    "versionCreateTime": "2020-12-28T04:59:31.000Z",
    "html": "",
    "externalScripts": "https://echarts.baidu.com/resource/echarts-gl-latest/dist/echarts-gl.min.js,/dep/echarts/latest/extension/bmap.min.js,/dep/echarts/map/js/china.js",
    "updaterUID": "obd-oAY1m81AjtqWCXJ9l_-SQikacAI2T7r",
    "theme": "",
    "layout": "",
    "viewCount": 28,
    "userName": "千***g",
    "commentCount": 0,
    "starCount": 0,
    "isStared": 0,
    "thumbnailURL": "https://www.makeapie.com/ecg-storage/ec_gallery_thumbnail/xeLm65MCT3.png?v=1609131572059",
    "isCustomThumbnail": 0,
    "builtinTags": [
        "category-work",
        "geo3D",
        "series-bar3D",
        "visualMap"
    ],
    "customTags": [],
    "updaterUserName": "千***g"
}