{
    "cid": "xf8QeCbHT9",
    "authorUid": "obd-oEcw9KhFQuIFLS6HD9zVau0BMIa_x48",
    "authorUserName": "8***0",
    "title": "label字体颜色与图表一致",
    "description": "",
    "latestVersion": 2,
    "alwaysLatest": 1,
    "createTime": "2020-12-28T08:09:27.000Z",
    "lastUpdateTime": "2020-12-28T08:09:27.000Z",
    "auth": 2,
    "uid": "obd-oEcw9KhFQuIFLS6HD9zVau0BMIa_x48",
    "publishedVersion": 0,
    "forkFrom": "-",
    "isSpam": 0,
    "version": 2,
    "parentVersion": 1,
    "echartsVersion": "4.8.0",
    "versionCreateTime": "2020-12-28T08:13:12.000Z",
    "html": "",
    "externalScripts": "",
    "updaterUID": "obd-oEcw9KhFQuIFLS6HD9zVau0BMIa_x48",
    "theme": "",
    "layout": "",
    "viewCount": 46,
    "userName": "8***0",
    "commentCount": 0,
    "starCount": 1,
    "isStared": 0,
    "thumbnailURL": "https://www.makeapie.com/ecg-storage/ec_gallery_thumbnail/xf8QeCbHT9.png?v=1609143192572",
    "isCustomThumbnail": 0,
    "builtinTags": [
        "category-work",
        "legend",
        "series-pie"
    ],
    "customTags": [],
    "updaterUserName": "8***0"
}