{
    "cid": "xlzXwq7Pxb",
    "authorUid": "obd-oN6D3qfp-72Q3GmepBJ4XZpEj5XIyCI",
    "authorUserName": "b***n",
    "title": "双圆环",
    "description": "外部和内部一样的圆环",
    "latestVersion": 2,
    "alwaysLatest": 1,
    "createTime": "2020-12-28T07:15:26.000Z",
    "lastUpdateTime": "2020-12-28T07:15:26.000Z",
    "auth": 2,
    "uid": "obd-oN6D3qfp-72Q3GmepBJ4XZpEj5XIyCI",
    "publishedVersion": 0,
    "forkFrom": "-",
    "isSpam": 0,
    "version": 2,
    "parentVersion": 1,
    "echartsVersion": "4.8.0",
    "versionCreateTime": "2020-12-28T08:15:08.000Z",
    "html": "",
    "externalScripts": "",
    "updaterUID": "obd-oN6D3qfp-72Q3GmepBJ4XZpEj5XIyCI",
    "theme": "",
    "layout": "",
    "viewCount": 62,
    "userName": "b***n",
    "commentCount": 0,
    "starCount": 0,
    "isStared": 0,
    "thumbnailURL": "https://www.makeapie.com/ecg-storage/ec_gallery_thumbnail/xlzXwq7Pxb.png?v=1609143308963",
    "isCustomThumbnail": 0,
    "builtinTags": [
        "category-work",
        "polar",
        "series-bar",
        "series-pie",
        "title",
        "tooltip"
    ],
    "customTags": [
        "bar"
    ],
    "updaterUserName": "b***n"
}