{
    "cid": "xnb4BZkReK",
    "authorUid": "obd-oDJF7revpJwlFlMXkFcDE_f_Lh1fO14",
    "authorUserName": "z***7",
    "title": "仪表盘",
    "description": "",
    "latestVersion": 1,
    "alwaysLatest": 1,
    "createTime": "2020-12-28T03:04:33.000Z",
    "lastUpdateTime": "2020-12-28T03:04:33.000Z",
    "auth": 2,
    "uid": "obd-oDJF7revpJwlFlMXkFcDE_f_Lh1fO14",
    "publishedVersion": 0,
    "forkFrom": "-",
    "isSpam": 0,
    "version": 1,
    "parentVersion": -1,
    "echartsVersion": "4.8.0",
    "versionCreateTime": "2020-12-28T03:04:33.000Z",
    "html": "",
    "externalScripts": "",
    "updaterUID": "obd-oDJF7revpJwlFlMXkFcDE_f_Lh1fO14",
    "theme": "shine",
    "layout": "",
    "viewCount": 72,
    "userName": "z***7",
    "commentCount": 0,
    "starCount": 2,
    "isStared": 0,
    "thumbnailURL": "https://www.makeapie.com/ecg-storage/ec_gallery_thumbnail/xnb4BZkReK.png?v=1609124673941",
    "isCustomThumbnail": 0,
    "builtinTags": [
        "category-work",
        "series-gauge"
    ],
    "customTags": [],
    "updaterUserName": "z***7"
}