{
    "cid": "xnmqy964_Z",
    "authorUid": "obd-oDJF7revpJwlFlMXkFcDE_f_Lh1fO14",
    "authorUserName": "z***7",
    "title": "对比雷达图",
    "description": "",
    "latestVersion": 1,
    "alwaysLatest": 1,
    "createTime": "2020-12-28T02:18:06.000Z",
    "lastUpdateTime": "2020-12-28T02:18:06.000Z",
    "auth": 2,
    "uid": "obd-oDJF7revpJwlFlMXkFcDE_f_Lh1fO14",
    "publishedVersion": 0,
    "forkFrom": "-",
    "isSpam": 0,
    "version": 1,
    "parentVersion": -1,
    "echartsVersion": "4.8.0",
    "versionCreateTime": "2020-12-28T02:18:06.000Z",
    "html": "",
    "externalScripts": "",
    "updaterUID": "obd-oDJF7revpJwlFlMXkFcDE_f_Lh1fO14",
    "theme": "",
    "layout": "",
    "viewCount": 165,
    "userName": "z***7",
    "commentCount": 0,
    "starCount": 2,
    "isStared": 0,
    "thumbnailURL": "https://www.makeapie.com/ecg-storage/ec_gallery_thumbnail/xnmqy964_Z.png?v=1609121886723",
    "isCustomThumbnail": 0,
    "builtinTags": [
        "category-work",
        "legend",
        "radar",
        "series-radar",
        "tooltip"
    ],
    "customTags": [],
    "updaterUserName": "z***7"
}