{
    "cid": "xR_n-VdMMD",
    "authorUid": "bd-3893175972",
    "authorUserName": "q***3",
    "title": "深圳市参与企业标准制修订的情况分析--各区企业数量分布",
    "description": "",
    "latestVersion": 1,
    "alwaysLatest": 1,
    "createTime": "2020-12-28T01:49:21.000Z",
    "lastUpdateTime": "2020-12-28T01:49:21.000Z",
    "auth": 2,
    "uid": "bd-3893175972",
    "publishedVersion": 0,
    "forkFrom": "-",
    "isSpam": 0,
    "version": 1,
    "parentVersion": -1,
    "echartsVersion": "4.8.0",
    "versionCreateTime": "2020-12-28T01:49:21.000Z",
    "html": "",
    "externalScripts": "",
    "updaterUID": "bd-3893175972",
    "theme": "",
    "layout": "",
    "viewCount": 107,
    "userName": "q***3",
    "commentCount": 0,
    "starCount": 0,
    "isStared": 0,
    "thumbnailURL": "https://www.makeapie.com/ecg-storage/ec_gallery_thumbnail/xR_n-VdMMD.png?v=1609120162168",
    "isCustomThumbnail": 0,
    "builtinTags": [
        "category-work",
        "geo",
        "series-effectScatter",
        "series-map",
        "title",
        "tooltip",
        "visualMap"
    ],
    "customTags": [],
    "updaterUserName": "q***3"
}