{
    "cid": "xSgZEueSM2",
    "authorUid": "obd-oN7O8cnrB7cACxn6yytWXvsVtzIC5C7",
    "authorUserName": "桃***样",
    "title": "液压",
    "description": "",
    "latestVersion": 2,
    "alwaysLatest": 1,
    "createTime": "2020-12-28T09:37:10.000Z",
    "lastUpdateTime": "2020-12-28T09:37:10.000Z",
    "auth": 2,
    "uid": "obd-oN7O8cnrB7cACxn6yytWXvsVtzIC5C7",
    "publishedVersion": 0,
    "forkFrom": "-",
    "isSpam": 0,
    "version": 2,
    "parentVersion": 1,
    "echartsVersion": "4.8.0",
    "versionCreateTime": "2020-12-29T02:52:44.000Z",
    "html": "",
    "externalScripts": "",
    "updaterUID": "obd-oN7O8cnrB7cACxn6yytWXvsVtzIC5C7",
    "theme": "",
    "layout": "",
    "viewCount": 46,
    "userName": "桃***样",
    "commentCount": 0,
    "starCount": 1,
    "isStared": 0,
    "thumbnailURL": "https://www.makeapie.com/ecg-storage/ec_gallery_thumbnail/xSgZEueSM2.png?v=1609210364619",
    "isCustomThumbnail": 0,
    "builtinTags": [
        "category-work",
        "grid",
        "markLine",
        "series-line",
        "tooltip"
    ],
    "customTags": [],
    "updaterUserName": "桃***样"
}