{
    "cid": "xsQAryew0kR",
    "authorUid": "obd-ojWRW-AwT50Y1p3OBOYxv52lhbv_3En",
    "authorUserName": "双***瀚",
    "title": "Awesome Chart",
    "description": "",
    "latestVersion": 1,
    "alwaysLatest": 1,
    "createTime": "2020-12-28T09:33:05.000Z",
    "lastUpdateTime": "2020-12-28T09:33:05.000Z",
    "auth": 2,
    "uid": "obd-ojWRW-AwT50Y1p3OBOYxv52lhbv_3En",
    "publishedVersion": 0,
    "forkFrom": "-",
    "isSpam": 0,
    "version": 1,
    "parentVersion": -1,
    "echartsVersion": "4.8.0",
    "versionCreateTime": "2020-12-28T09:33:05.000Z",
    "html": "",
    "externalScripts": "",
    "updaterUID": "obd-ojWRW-AwT50Y1p3OBOYxv52lhbv_3En",
    "theme": "",
    "layout": "",
    "viewCount": 10,
    "userName": "双***瀚",
    "commentCount": 0,
    "starCount": 0,
    "isStared": 0,
    "thumbnailURL": "https://www.makeapie.com/ecg-storage/ec_gallery_thumbnail/xsQAryew0kR.png?v=1609147985281",
    "isCustomThumbnail": 0,
    "builtinTags": [
        "category-work",
        "grid",
        "series-line",
        "title"
    ],
    "customTags": [],
    "updaterUserName": "双***瀚"
}