{
    "cid": "xtEUzQgF4z",
    "authorUid": "obd-oAtFqlA0qPQfVVpRCzNLP9AbK3MHN74",
    "authorUserName": "欧***0",
    "title": "",
    "description": "我的moran指数",
    "latestVersion": 1,
    "alwaysLatest": 1,
    "createTime": "2020-12-27T11:56:38.000Z",
    "lastUpdateTime": "2020-12-27T11:56:38.000Z",
    "auth": 2,
    "uid": "obd-oAtFqlA0qPQfVVpRCzNLP9AbK3MHN74",
    "publishedVersion": 0,
    "forkFrom": "-",
    "isSpam": 0,
    "version": 1,
    "parentVersion": -1,
    "echartsVersion": "4.8.0",
    "versionCreateTime": "2020-12-27T11:56:38.000Z",
    "html": "",
    "externalScripts": "",
    "updaterUID": "obd-oAtFqlA0qPQfVVpRCzNLP9AbK3MHN74",
    "theme": "",
    "layout": "",
    "viewCount": 26,
    "userName": "欧***0",
    "commentCount": 0,
    "starCount": 0,
    "isStared": 0,
    "thumbnailURL": "https://www.makeapie.com/ecg-storage/ec_gallery_thumbnail/xtEUzQgF4z.png?v=1609070199258",
    "isCustomThumbnail": 0,
    "builtinTags": [
        "category-work",
        "grid",
        "series-pictorialBar"
    ],
    "customTags": [],
    "updaterUserName": "欧***0"
}