{
    "cid": "xVNl_-jjok",
    "authorUid": "obd-ojWRW-AwT50Y1p3OBOYxv52lhbv_3En",
    "authorUserName": "双***瀚",
    "title": "中国一月份各省份疫情人口数字",
    "description": "",
    "latestVersion": 3,
    "alwaysLatest": 1,
    "createTime": "2020-12-28T09:36:47.000Z",
    "lastUpdateTime": "2020-12-28T09:36:47.000Z",
    "auth": 2,
    "uid": "obd-ojWRW-AwT50Y1p3OBOYxv52lhbv_3En",
    "publishedVersion": 0,
    "forkFrom": "-",
    "isSpam": 0,
    "version": 3,
    "parentVersion": 1,
    "echartsVersion": "4.8.0",
    "versionCreateTime": "2020-12-28T10:10:58.000Z",
    "html": "",
    "externalScripts": "/dep/echarts/map/js/china.js",
    "updaterUID": "obd-ojWRW-AwT50Y1p3OBOYxv52lhbv_3En",
    "theme": "",
    "layout": "",
    "viewCount": 272,
    "userName": "双***瀚",
    "commentCount": 0,
    "starCount": 1,
    "isStared": 0,
    "thumbnailURL": "https://www.makeapie.com/ecg-storage/ec_gallery_thumbnail/xVNl_-jjok.png?v=1609150258811",
    "isCustomThumbnail": 0,
    "builtinTags": [
        "category-work",
        "geo",
        "series-effectScatter",
        "series-map",
        "series-scatter",
        "title",
        "tooltip",
        "visualMap"
    ],
    "customTags": [],
    "updaterUserName": "双***瀚"
}