{
    "cid": "xZdnJ9Sx-I",
    "authorUid": "obd-oNrDLmqL2J0Qoy3X7kYztXynJB5AwC3",
    "authorUserName": "小***5",
    "title": "2019年31省市区GDP总量",
    "description": "",
    "latestVersion": 1,
    "alwaysLatest": 1,
    "createTime": "2020-12-28T02:59:58.000Z",
    "lastUpdateTime": "2020-12-28T02:59:58.000Z",
    "auth": 2,
    "uid": "obd-oNrDLmqL2J0Qoy3X7kYztXynJB5AwC3",
    "publishedVersion": 0,
    "forkFrom": "-",
    "isSpam": 0,
    "version": 1,
    "parentVersion": -1,
    "echartsVersion": "4.8.0",
    "versionCreateTime": "2020-12-28T02:59:58.000Z",
    "html": "",
    "externalScripts": "/dep/echarts/map/js/china.js",
    "updaterUID": "obd-oNrDLmqL2J0Qoy3X7kYztXynJB5AwC3",
    "theme": "",
    "layout": "",
    "viewCount": 379,
    "userName": "小***5",
    "commentCount": 0,
    "starCount": 3,
    "isStared": 0,
    "thumbnailURL": "https://www.makeapie.com/ecg-storage/ec_gallery_thumbnail/xZdnJ9Sx-I.png?v=1609124398707",
    "isCustomThumbnail": 0,
    "builtinTags": [
        "category-work",
        "geo",
        "series-effectScatter",
        "series-map",
        "title",
        "tooltip"
    ],
    "customTags": [],
    "updaterUserName": "小***5"
}