<code_scheme name="Default" version="173">
  <option name="RIGHT_MARGIN" value="300" />
  <HTMLCodeStyleSettings>
    <option name="HTML_ENFORCE_QUOTES" value="true" />
  </HTMLCodeStyleSettings>
  <JSCodeStyleSettings version="0">
    <option name="FORCE_SEMICOLON_STYLE" value="true" />
    <option name="SPACES_WITHIN_OBJECT_LITERAL_BRACES" value="true" />
    <option name="SPACES_WITHIN_IMPORTS" value="true" />
    <option name="SPACES_WITHIN_INTERPOLATION_EXPRESSIONS" value="true" />
  </JSCodeStyleSettings>
  <TypeScriptCodeStyleSettings version="0">
    <option name="SPACE_WITHIN_ARRAY_INITIALIZER_BRACKETS" value="true" />
    <option name="SPACES_WITHIN_IMPORTS" value="true" />
    <option name="SPACES_WITHIN_INTERPOLATION_EXPRESSIONS" value="true" />
  </TypeScriptCodeStyleSettings>
  <editorconfig>
    <option name="ENABLED" value="false" />
  </editorconfig>
  <codeStyleSettings language="HTML">
    <option name="RIGHT_MARGIN" value="120" />
    <option name="LINE_COMMENT_AT_FIRST_COLUMN" value="false" />
    <option name="BLOCK_COMMENT_AT_FIRST_COLUMN" value="false" />
  </codeStyleSettings>
  <codeStyleSettings language="JavaScript">
    <indentOptions>
      <option name="INDENT_SIZE" value="2" />
      <option name="CONTINUATION_INDENT_SIZE" value="2" />
    </indentOptions>
  </codeStyleSettings>
  <codeStyleSettings language="LESS">
    <indentOptions>
      <option name="INDENT_SIZE" value="4" />
    </indentOptions>
  </codeStyleSettings>
  <codeStyleSettings language="SCSS">
    <indentOptions>
      <option name="INDENT_SIZE" value="4" />
      <option name="CONTINUATION_INDENT_SIZE" value="4" />
    </indentOptions>
  </codeStyleSettings>
  <codeStyleSettings language="Vue">
    <indentOptions>
      <option name="INDENT_SIZE" value="4" />
      <option name="CONTINUATION_INDENT_SIZE" value="8" />
      <option name="TAB_SIZE" value="4" />
    </indentOptions>
  </codeStyleSettings>
</code_scheme>