{
    "cid": "x-4j52Inua",
    "authorUid": "obd-oFHwLHnNsjDUTgPXCZYmOwjyicKL05z",
    "authorUserName": "阳***派",
    "title": "",
    "description": "",
    "latestVersion": 6,
    "alwaysLatest": 1,
    "createTime": "2020-11-06T05:36:32.000Z",
    "lastUpdateTime": "2020-11-06T05:36:32.000Z",
    "auth": 2,
    "uid": "obd-oFHwLHnNsjDUTgPXCZYmOwjyicKL05z",
    "publishedVersion": 0,
    "forkFrom": "-",
    "isSpam": 0,
    "version": 6,
    "parentVersion": 5,
    "echartsVersion": "4.8.0",
    "versionCreateTime": "2020-11-23T02:35:09.000Z",
    "html": "",
    "externalScripts": "",
    "updaterUID": "obd-oFHwLHnNsjDUTgPXCZYmOwjyicKL05z",
    "theme": "",
    "layout": "",
    "viewCount": 52,
    "userName": "阳***派",
    "commentCount": 0,
    "starCount": 1,
    "isStared": 0,
    "thumbnailURL": "https://www.makeapie.com/ecg-storage/ec_gallery_thumbnail/x-4j52Inua.png?v=1606098910010",
    "isCustomThumbnail": 0,
    "builtinTags": [
        "category-work",
        "grid",
        "legend",
        "series-bar",
        "series-line",
        "title"
    ],
    "customTags": [],
    "updaterUserName": "阳***派"
}