{
    "cid": "x6NVruskap",
    "authorUid": "bd-508094647",
    "authorUserName": "y***n",
    "title": "圆环",
    "description": "",
    "latestVersion": 1,
    "alwaysLatest": 1,
    "createTime": "2020-11-06T03:10:45.000Z",
    "lastUpdateTime": "2020-11-06T03:10:45.000Z",
    "auth": 2,
    "uid": "bd-508094647",
    "publishedVersion": 0,
    "forkFrom": "-",
    "isSpam": 0,
    "version": 1,
    "parentVersion": -1,
    "echartsVersion": "4.8.0",
    "versionCreateTime": "2020-11-06T03:10:45.000Z",
    "html": "",
    "externalScripts": "",
    "updaterUID": "bd-508094647",
    "theme": "",
    "layout": "",
    "viewCount": 25,
    "userName": "y***n",
    "commentCount": 0,
    "starCount": 0,
    "isStared": 0,
    "thumbnailURL": "https://www.makeapie.com/ecg-storage/ec_gallery_thumbnail/x6NVruskap.png?v=1604632245472",
    "isCustomThumbnail": 0,
    "builtinTags": [
        "category-work",
        "series-pie"
    ],
    "customTags": [],
    "updaterUserName": "y***n"
}