{
    "cid": "x7sZQkgNuv",
    "authorUid": "bd-3560695082",
    "authorUserName": "射***士",
    "title": "发光柱状折线图",
    "description": "船新版本的！",
    "latestVersion": 1,
    "alwaysLatest": 1,
    "createTime": "2020-11-06T04:24:18.000Z",
    "lastUpdateTime": "2020-11-06T04:24:18.000Z",
    "auth": 2,
    "uid": "bd-3560695082",
    "publishedVersion": 0,
    "forkFrom": "-",
    "isSpam": 0,
    "version": 1,
    "parentVersion": -1,
    "echartsVersion": "4.8.0",
    "versionCreateTime": "2020-11-06T04:24:18.000Z",
    "html": "",
    "externalScripts": "",
    "updaterUID": "bd-3560695082",
    "theme": "",
    "layout": "",
    "viewCount": 113,
    "userName": "射***士",
    "commentCount": 0,
    "starCount": 0,
    "isStared": 0,
    "thumbnailURL": "https://www.makeapie.com/ecg-storage/ec_gallery_thumbnail/x7sZQkgNuv.png?v=1604636658600",
    "isCustomThumbnail": 0,
    "builtinTags": [
        "category-work",
        "grid",
        "series-bar",
        "series-line",
        "tooltip"
    ],
    "customTags": [],
    "updaterUserName": "射***士"
}