{
    "cid": "xFoxR_AYZa",
    "authorUid": "obd-o0NPj-ZW--Ns2YbTlqxNt_kSBJ85VFe",
    "authorUserName": "微***琪",
    "title": "rainbow",
    "description": "",
    "latestVersion": 1,
    "alwaysLatest": 1,
    "createTime": "2020-11-05T10:19:22.000Z",
    "lastUpdateTime": "2020-11-05T10:19:22.000Z",
    "auth": 2,
    "uid": "obd-o0NPj-ZW--Ns2YbTlqxNt_kSBJ85VFe",
    "publishedVersion": 0,
    "forkFrom": "-",
    "isSpam": 0,
    "version": 1,
    "parentVersion": -1,
    "echartsVersion": "4.8.0",
    "versionCreateTime": "2020-11-05T10:19:22.000Z",
    "html": "",
    "externalScripts": "",
    "updaterUID": "obd-o0NPj-ZW--Ns2YbTlqxNt_kSBJ85VFe",
    "theme": "",
    "layout": "",
    "viewCount": 73,
    "userName": "微***琪",
    "commentCount": 0,
    "starCount": 0,
    "isStared": 0,
    "thumbnailURL": "https://www.makeapie.com/ecg-storage/ec_gallery_thumbnail/xFoxR_AYZa.png?v=1604571562922",
    "isCustomThumbnail": 0,
    "builtinTags": [
        "category-work",
        "grid",
        "series-line",
        "title",
        "visualMap"
    ],
    "customTags": [],
    "updaterUserName": "微***琪"
}