{
    "cid": "xj8CIkGz5N",
    "authorUid": "obd-oP4yFspLjRVwrJMfdPnGV7KDfYDUc9Q",
    "authorUserName": "宁***群",
    "title": "基础雷达图",
    "description": "（非原创）部分修改，居中，类别组件文字颜色对应",
    "latestVersion": 1,
    "alwaysLatest": 1,
    "createTime": "2020-11-06T07:01:45.000Z",
    "lastUpdateTime": "2020-11-06T07:01:45.000Z",
    "auth": 2,
    "uid": "obd-oP4yFspLjRVwrJMfdPnGV7KDfYDUc9Q",
    "publishedVersion": 0,
    "forkFrom": "-",
    "isSpam": 0,
    "version": 1,
    "parentVersion": -1,
    "echartsVersion": "4.8.0",
    "versionCreateTime": "2020-11-06T07:01:45.000Z",
    "html": "",
    "externalScripts": "",
    "updaterUID": "obd-oP4yFspLjRVwrJMfdPnGV7KDfYDUc9Q",
    "theme": "",
    "layout": "",
    "viewCount": 298,
    "userName": "宁***群",
    "commentCount": 0,
    "starCount": 4,
    "isStared": 0,
    "thumbnailURL": "https://www.makeapie.com/ecg-storage/ec_gallery_thumbnail/xj8CIkGz5N.png?v=1604646105234",
    "isCustomThumbnail": 0,
    "builtinTags": [
        "category-work",
        "legend",
        "radar",
        "series-radar",
        "title",
        "tooltip"
    ],
    "customTags": [],
    "updaterUserName": "宁***群"
}