{
    "cid": "xrrodzKMip",
    "authorUid": "bd-439334344",
    "authorUserName": "坏***4",
    "title": "tooltip牵引线",
    "description": "",
    "latestVersion": 1,
    "alwaysLatest": 1,
    "createTime": "2020-11-06T02:49:42.000Z",
    "lastUpdateTime": "2020-11-06T02:49:42.000Z",
    "auth": 2,
    "uid": "bd-439334344",
    "publishedVersion": 0,
    "forkFrom": "-",
    "isSpam": 0,
    "version": 1,
    "parentVersion": -1,
    "echartsVersion": "4.8.0",
    "versionCreateTime": "2020-11-06T02:49:42.000Z",
    "html": "",
    "externalScripts": "/dep/echarts/map/js/china.js,https://cdnjs.cloudflare.com/ajax/libs/gsap/2.0.1/TweenMax.min.js,https://code.createjs.com/1.0.0/easeljs.min.js",
    "updaterUID": "bd-439334344",
    "theme": "",
    "layout": "",
    "viewCount": 91,
    "userName": "坏***4",
    "commentCount": 0,
    "starCount": 1,
    "isStared": 0,
    "thumbnailURL": "https://www.makeapie.com/ecg-storage/ec_gallery_thumbnail/xrrodzKMip.png?v=1604630982303",
    "isCustomThumbnail": 0,
    "builtinTags": [
        "category-work",
        "grid",
        "legend",
        "series-scatter",
        "tooltip"
    ],
    "customTags": [],
    "updaterUserName": "坏***4"
}