{
    "cid": "xuv5XWimdR",
    "authorUid": "obd-oCOn_0cg9EoJvLSodOb1bst5tHDUG3y",
    "authorUserName": "阿***啊",
    "title": "子弹图",
    "description": "虚拟数据",
    "latestVersion": 1,
    "alwaysLatest": 1,
    "createTime": "2020-11-05T07:28:07.000Z",
    "lastUpdateTime": "2020-11-05T07:28:07.000Z",
    "auth": 1,
    "uid": "obd-oCOn_0cg9EoJvLSodOb1bst5tHDUG3y",
    "publishedVersion": 0,
    "forkFrom": "-",
    "isSpam": 0,
    "version": 1,
    "parentVersion": -1,
    "echartsVersion": "4.8.0",
    "versionCreateTime": "2020-11-05T07:28:07.000Z",
    "html": "",
    "externalScripts": "",
    "updaterUID": "obd-oCOn_0cg9EoJvLSodOb1bst5tHDUG3y",
    "theme": "",
    "layout": "",
    "viewCount": 66,
    "userName": "阿***啊",
    "commentCount": 0,
    "starCount": 0,
    "isStared": 0,
    "thumbnailURL": "https://www.makeapie.com/ecg-storage/ec_gallery_thumbnail/xuv5XWimdR.png?v=1604561287378",
    "isCustomThumbnail": 0,
    "builtinTags": [
        "category-work",
        "grid",
        "legend",
        "series-bar",
        "title",
        "tooltip"
    ],
    "customTags": [],
    "updaterUserName": "阿***啊"
}