{
    "cid": "xvoehxIvG6",
    "authorUid": "obd-o2pLFbsgpOsmKddigccXbTX7T_Can6e",
    "authorUserName": "l***y",
    "title": "关系图-力引导布局",
    "description": "",
    "latestVersion": 1,
    "alwaysLatest": 1,
    "createTime": "2020-11-06T07:26:18.000Z",
    "lastUpdateTime": "2020-11-06T07:26:18.000Z",
    "auth": 2,
    "uid": "obd-o2pLFbsgpOsmKddigccXbTX7T_Can6e",
    "publishedVersion": 0,
    "forkFrom": "-",
    "isSpam": 0,
    "version": 1,
    "parentVersion": -1,
    "echartsVersion": "4.8.0",
    "versionCreateTime": "2020-11-06T07:26:18.000Z",
    "html": "",
    "externalScripts": "",
    "updaterUID": "obd-o2pLFbsgpOsmKddigccXbTX7T_Can6e",
    "theme": "",
    "layout": "",
    "viewCount": 115,
    "userName": "l***y",
    "commentCount": 0,
    "starCount": 0,
    "isStared": 0,
    "thumbnailURL": "https://www.makeapie.com/ecg-storage/ec_gallery_thumbnail/xvoehxIvG6.png?v=1604647578700",
    "isCustomThumbnail": 0,
    "builtinTags": [
        "category-work",
        "series-graph",
        "tooltip"
    ],
    "customTags": [],
    "updaterUserName": "l***y"
}