{
    "cid": "x37zVDjLru",
    "authorUid": "bd-4264242335",
    "authorUserName": "d***4",
    "title": "大屏统计世界地图初版",
    "description": "",
    "latestVersion": 2,
    "alwaysLatest": 0,
    "createTime": "2021-10-25T11:44:37.000Z",
    "lastUpdateTime": "2021-10-25T12:08:34.000Z",
    "auth": 2,
    "uid": "bd-4264242335",
    "publishedVersion": 0,
    "forkFrom": "-",
    "isSpam": 0,
    "version": 2,
    "parentVersion": 1,
    "echartsVersion": "5.2.1",
    "versionCreateTime": "2021-10-25T12:08:34.000Z",
    "html": "",
    "externalScripts": "",
    "updaterUID": "bd-4264242335",
    "theme": "",
    "layout": "",
    "viewCount": 0,
    "userName": "d***4",
    "commentCount": 0,
    "starCount": 0,
    "isStared": 0,
    "thumbnailURL": "https://www.makeapie.com/ecg-storage/ec_gallery_thumbnail/x37zVDjLru.png?v=1635163715085",
    "isCustomThumbnail": 0,
    "builtinTags": [
        "category-work",
        "geo",
        "legend",
        "series-map",
        "title",
        "tooltip",
        "visualMap"
    ],
    "customTags": [],
    "updaterUserName": "d***4"
}