{
    "cid": "x5yO8rsr3o",
    "authorUid": "bd-101698999",
    "authorUserName": "Z***8",
    "title": "有读者说不想要线图上的小圆圈",
    "description": "尤其是坐标轴指示器（axisPointer）选中高亮（放大）的时候",
    "latestVersion": 1,
    "alwaysLatest": 0,
    "createTime": "2021-10-25T12:50:37.000Z",
    "lastUpdateTime": "2021-10-25T12:50:37.000Z",
    "auth": 2,
    "uid": "bd-101698999",
    "publishedVersion": 0,
    "forkFrom": "-",
    "isSpam": 0,
    "version": 1,
    "parentVersion": -1,
    "echartsVersion": "5.2.1",
    "versionCreateTime": "2021-10-25T12:50:37.000Z",
    "html": "",
    "externalScripts": "",
    "updaterUID": "bd-101698999",
    "theme": "",
    "layout": "",
    "viewCount": 0,
    "userName": "Z***8",
    "commentCount": 0,
    "starCount": 0,
    "isStared": 0,
    "thumbnailURL": "https://www.makeapie.com/ecg-storage/ec_gallery_thumbnail/x5yO8rsr3o.png?v=1635166237281",
    "isCustomThumbnail": 0,
    "builtinTags": [
        "category-work",
        "grid",
        "legend",
        "series-line",
        "title",
        "tooltip"
    ],
    "customTags": [],
    "updaterUserName": "Z***8"
}