{
    "cid": "xhwvtljmiW",
    "authorUid": "obd-oDlaPHF6i5MEsrC23epVZZjs7jc-T1o",
    "authorUserName": "小***_",
    "title": "完成产值，目标产值，完成率",
    "description": "",
    "latestVersion": 1,
    "alwaysLatest": 0,
    "createTime": "2021-10-25T06:24:12.000Z",
    "lastUpdateTime": "2021-10-25T06:24:12.000Z",
    "auth": 2,
    "uid": "obd-oDlaPHF6i5MEsrC23epVZZjs7jc-T1o",
    "publishedVersion": 0,
    "forkFrom": "-",
    "isSpam": 0,
    "version": 1,
    "parentVersion": -1,
    "echartsVersion": "5.2.1",
    "versionCreateTime": "2021-10-25T06:24:12.000Z",
    "html": "",
    "externalScripts": "",
    "updaterUID": "obd-oDlaPHF6i5MEsrC23epVZZjs7jc-T1o",
    "theme": "",
    "layout": "",
    "viewCount": 0,
    "userName": "小***_",
    "commentCount": 0,
    "starCount": 3,
    "isStared": 0,
    "thumbnailURL": "https://www.makeapie.com/ecg-storage/ec_gallery_thumbnail/xhwvtljmiW.png?v=1635143052326",
    "isCustomThumbnail": 0,
    "builtinTags": [
        "category-work",
        "grid",
        "legend",
        "series-bar",
        "series-line",
        "tooltip"
    ],
    "customTags": [],
    "updaterUserName": "小***_"
}