{
    "cid": "xn-tlxeqN4",
    "authorUid": "obd-oEwg-tfsyQIhSqPGVP0ELPf0oiElT4U",
    "authorUserName": "1***1",
    "title": "柱图",
    "description": "",
    "latestVersion": 2,
    "alwaysLatest": 0,
    "createTime": "2021-10-24T08:00:06.000Z",
    "lastUpdateTime": "2021-10-24T08:02:50.000Z",
    "auth": 2,
    "uid": "obd-oEwg-tfsyQIhSqPGVP0ELPf0oiElT4U",
    "publishedVersion": 0,
    "forkFrom": "-",
    "isSpam": 0,
    "version": 2,
    "parentVersion": 1,
    "echartsVersion": "5.2.1",
    "versionCreateTime": "2021-10-24T08:02:50.000Z",
    "html": "",
    "externalScripts": "",
    "updaterUID": "obd-oEwg-tfsyQIhSqPGVP0ELPf0oiElT4U",
    "theme": "",
    "layout": "",
    "viewCount": 0,
    "userName": "1***1",
    "commentCount": 0,
    "starCount": 0,
    "isStared": 0,
    "thumbnailURL": "https://www.makeapie.com/ecg-storage/ec_gallery_thumbnail/xn-tlxeqN4.png?v=1635062570584",
    "isCustomThumbnail": 0,
    "builtinTags": [
        "category-work",
        "grid",
        "series-bar"
    ],
    "customTags": [],
    "updaterUserName": "1***1"
}