{
    "cid": "xPtZk3-RB0",
    "authorUid": "obd-ojYRX5h8UdwWEmvESC9NuClPUY-qDEo",
    "authorUserName": "离***翼",
    "title": "柱状图",
    "description": "",
    "latestVersion": 2,
    "alwaysLatest": 0,
    "createTime": "2021-10-25T02:12:04.000Z",
    "lastUpdateTime": "2021-10-25T02:12:58.000Z",
    "auth": 1,
    "uid": "obd-ojYRX5h8UdwWEmvESC9NuClPUY-qDEo",
    "publishedVersion": 0,
    "forkFrom": "-",
    "isSpam": 0,
    "version": 2,
    "parentVersion": 1,
    "echartsVersion": "5.2.1",
    "versionCreateTime": "2021-10-25T02:12:58.000Z",
    "html": "",
    "externalScripts": "",
    "updaterUID": "obd-ojYRX5h8UdwWEmvESC9NuClPUY-qDEo",
    "theme": "",
    "layout": "",
    "viewCount": 0,
    "userName": "离***翼",
    "commentCount": 0,
    "starCount": 0,
    "isStared": 0,
    "thumbnailURL": "https://www.makeapie.com/ecg-storage/ec_gallery_thumbnail/xPtZk3-RB0.png?v=1635127978356",
    "isCustomThumbnail": 0,
    "builtinTags": [
        "category-work",
        "grid",
        "legend",
        "series-bar",
        "tooltip"
    ],
    "customTags": [],
    "updaterUserName": "离***翼"
}