{
    "cid": "xSTedpXfTg",
    "authorUid": "obd-oC-tNzpqa7yRNI97rAjLR0GZbiIeI35",
    "authorUserName": "1***0",
    "title": "地图柱状图",
    "description": "",
    "latestVersion": 2,
    "alwaysLatest": 0,
    "createTime": "2021-10-23T14:25:27.000Z",
    "lastUpdateTime": "2021-10-24T03:32:45.000Z",
    "auth": 2,
    "uid": "obd-oC-tNzpqa7yRNI97rAjLR0GZbiIeI35",
    "publishedVersion": 0,
    "forkFrom": "-",
    "isSpam": 0,
    "version": 2,
    "parentVersion": 1,
    "echartsVersion": "5.2.1",
    "versionCreateTime": "2021-10-24T03:32:45.000Z",
    "html": "",
    "externalScripts": "/dep/echarts/map/js/china.js",
    "updaterUID": "obd-oC-tNzpqa7yRNI97rAjLR0GZbiIeI35",
    "theme": "",
    "layout": "",
    "viewCount": 0,
    "userName": "1***0",
    "commentCount": 0,
    "starCount": 0,
    "isStared": 0,
    "thumbnailURL": "https://www.makeapie.com/ecg-storage/ec_gallery_thumbnail/xSTedpXfTg.png?v=1635046365929",
    "isCustomThumbnail": 0,
    "builtinTags": [
        "category-work",
        "geo",
        "grid",
        "series-bar",
        "tooltip"
    ],
    "customTags": [],
    "updaterUserName": "1***0"
}