{
    "cid": "xV0GSoK4JT",
    "authorUid": "obd-oEwg-tfsyQIhSqPGVP0ELPf0oiElT4U",
    "authorUserName": "1***1",
    "title": "仪表盘",
    "description": "",
    "latestVersion": 2,
    "alwaysLatest": 0,
    "createTime": "2021-10-24T08:12:34.000Z",
    "lastUpdateTime": "2021-10-26T04:08:11.000Z",
    "auth": 2,
    "uid": "obd-oEwg-tfsyQIhSqPGVP0ELPf0oiElT4U",
    "publishedVersion": 0,
    "forkFrom": "-",
    "isSpam": 0,
    "version": 2,
    "parentVersion": 1,
    "echartsVersion": "5.2.1",
    "versionCreateTime": "2021-10-26T04:08:11.000Z",
    "html": "",
    "externalScripts": "",
    "updaterUID": "obd-oEwg-tfsyQIhSqPGVP0ELPf0oiElT4U",
    "theme": "",
    "layout": "",
    "viewCount": 0,
    "userName": "1***1",
    "commentCount": 0,
    "starCount": 0,
    "isStared": 0,
    "thumbnailURL": "https://www.makeapie.com/ecg-storage/ec_gallery_thumbnail/xV0GSoK4JT.png?v=1635221292067",
    "isCustomThumbnail": 0,
    "builtinTags": [
        "category-work",
        "series-gauge",
        "series-pie",
        "tooltip"
    ],
    "customTags": [],
    "updaterUserName": "1***1"
}