{
    "cid": "xxBpQGlGzg",
    "authorUid": "bd-4111265691",
    "authorUserName": "y***洋",
    "title": "两色折线",
    "description": "",
    "latestVersion": 1,
    "alwaysLatest": 0,
    "createTime": "2021-10-25T03:49:05.000Z",
    "lastUpdateTime": "2021-10-25T03:49:05.000Z",
    "auth": 2,
    "uid": "bd-4111265691",
    "publishedVersion": 0,
    "forkFrom": "-",
    "isSpam": 0,
    "version": 1,
    "parentVersion": -1,
    "echartsVersion": "5.2.1",
    "versionCreateTime": "2021-10-25T03:49:05.000Z",
    "html": "",
    "externalScripts": "",
    "updaterUID": "bd-4111265691",
    "theme": "",
    "layout": "",
    "viewCount": 0,
    "userName": "y***洋",
    "commentCount": 0,
    "starCount": 1,
    "isStared": 0,
    "thumbnailURL": "https://www.makeapie.com/ecg-storage/ec_gallery_thumbnail/xxBpQGlGzg.png?v=1635133746116",
    "isCustomThumbnail": 0,
    "builtinTags": [
        "category-work",
        "grid",
        "legend",
        "series-line",
        "tooltip"
    ],
    "customTags": [],
    "updaterUserName": "y***洋"
}