{
    "cid": "xY3OohqzwG",
    "authorUid": "obd-ojYRX5h8UdwWEmvESC9NuClPUY-qDEo",
    "authorUserName": "离***翼",
    "title": "折线图",
    "description": "",
    "latestVersion": 1,
    "alwaysLatest": 0,
    "createTime": "2021-10-25T01:27:59.000Z",
    "lastUpdateTime": "2021-10-25T01:27:59.000Z",
    "auth": 1,
    "uid": "obd-ojYRX5h8UdwWEmvESC9NuClPUY-qDEo",
    "publishedVersion": 0,
    "forkFrom": "-",
    "isSpam": 0,
    "version": 1,
    "parentVersion": -1,
    "echartsVersion": "5.2.1",
    "versionCreateTime": "2021-10-25T01:27:59.000Z",
    "html": "",
    "externalScripts": "",
    "updaterUID": "obd-ojYRX5h8UdwWEmvESC9NuClPUY-qDEo",
    "theme": "",
    "layout": "",
    "viewCount": 0,
    "userName": "离***翼",
    "commentCount": 0,
    "starCount": 0,
    "isStared": 0,
    "thumbnailURL": "https://www.makeapie.com/ecg-storage/ec_gallery_thumbnail/xY3OohqzwG.png?v=1635125280050",
    "isCustomThumbnail": 0,
    "builtinTags": [
        "category-work",
        "grid",
        "series-line"
    ],
    "customTags": [],
    "updaterUserName": "离***翼"
}