{
    "cid": "xBkeTJ8LZW",
    "authorUid": "bd-1211179608",
    "authorUserName": "最爱lovewar",
    "title": "Issues解决率趋势分析",
    "description": "纯属虚构",
    "latestVersion": 1,
    "alwaysLatest": 1,
    "createTime": "2017-05-27T01:00:40.000Z",
    "lastUpdateTime": "2017-05-27T01:00:40.000Z",
    "auth": 2,
    "uid": "bd-1211179608",
    "publishedVersion": 0,
    "forkFrom": "-",
    "isSpam": 0,
    "version": 1,
    "parentVersion": -1,
    "echartsVersion": "3.6.0",
    "versionCreateTime": "2017-05-27T01:00:40.000Z",
    "html": "",
    "externalScripts": "",
    "updaterUID": "bd-1211179608",
    "theme": "macarons",
    "layout": "",
    "viewCount": 7518,
    "userName": "最爱lovewar",
    "commentCount": 0,
    "starCount": 17,
    "isStared": 0,
    "thumbnailURL": "https://www.makeapie.com/ecg-storage/ec_gallery_thumbnail/xBkeTJ8LZW.png?v=1495846840848",
    "isCustomThumbnail": 0,
    "builtinTags": [
        "category-work",
        "dataZoom",
        "grid",
        "legend",
        "markLine",
        "markPoint",
        "series-line",
        "title",
        "toolbox",
        "tooltip"
    ],
    "customTags": [],
    "updaterUserName": "最爱lovewar"
}