{
    "cid": "xBkjBzwd-Z",
    "authorUid": "bd-2452479794",
    "authorUserName": "凌风111234",
    "title": "1.15 2010年世界各国农村建设用地面积比例 中文版国家名",
    "description": "国家基础地理信息中心",
    "latestVersion": 2,
    "alwaysLatest": 1,
    "createTime": "2017-05-28T14:44:19.000Z",
    "lastUpdateTime": "2017-05-28T14:44:19.000Z",
    "auth": 2,
    "uid": "bd-2452479794",
    "publishedVersion": 0,
    "forkFrom": "-",
    "isSpam": 0,
    "version": 2,
    "parentVersion": 1,
    "echartsVersion": "3.6.1",
    "versionCreateTime": "2017-05-28T14:44:31.000Z",
    "html": "",
    "externalScripts": "/asset/get/s/data-1495350605523-SJII63Rl-.js ",
    "updaterUID": "bd-2452479794",
    "theme": "",
    "layout": "",
    "viewCount": 3442,
    "userName": "凌风111234",
    "commentCount": 0,
    "starCount": 1,
    "isStared": 0,
    "thumbnailURL": "https://www.makeapie.com/ecg-storage/ec_gallery_thumbnail/xBkjBzwd-Z.png?v=1495982671946",
    "isCustomThumbnail": 0,
    "builtinTags": [
        "category-work",
        "series-map",
        "timeline",
        "title",
        "tooltip",
        "visualMap"
    ],
    "customTags": [],
    "updaterUserName": "凌风111234"
}