{
    "cid": "xBkszUOY--",
    "authorUid": "bd-1158218442",
    "authorUserName": "J***r",
    "title": "都市楼宇3d",
    "description": "",
    "latestVersion": 2,
    "alwaysLatest": 1,
    "createTime": "2017-05-29T10:21:06.000Z",
    "lastUpdateTime": "2017-05-29T10:21:06.000Z",
    "auth": 2,
    "uid": "bd-1158218442",
    "publishedVersion": 0,
    "forkFrom": "-",
    "isSpam": 0,
    "version": 2,
    "parentVersion": 1,
    "echartsVersion": "3.8.0",
    "versionCreateTime": "2018-07-27T01:53:25.000Z",
    "html": "",
    "externalScripts": "http://echarts.baidu.com/resource/echarts-gl-latest/dist/echarts-gl.min.js",
    "updaterUID": "bd-1158218442",
    "theme": "default",
    "layout": "",
    "viewCount": 1254,
    "userName": "J***r",
    "commentCount": 0,
    "starCount": 7,
    "isStared": 0,
    "thumbnailURL": "https://www.makeapie.com/ecg-storage/ec_gallery_thumbnail/xBkszUOY--.png?v=1496053267494",
    "isCustomThumbnail": 1,
    "builtinTags": [
        "category-work",
        "grid3D",
        "series-bar3D",
        "series-scatter3D"
    ],
    "customTags": [],
    "updaterUserName": "J***r"
}