{
    "cid": "xBksrxLrWZ",
    "authorUid": "bd-1946750021",
    "authorUserName": "小※彬",
    "title": "cdn节点市场占有率",
    "description": "",
    "latestVersion": 1,
    "alwaysLatest": 1,
    "createTime": "2017-05-26T06:50:43.000Z",
    "lastUpdateTime": "2017-05-26T06:50:43.000Z",
    "auth": 2,
    "uid": "bd-1946750021",
    "publishedVersion": 0,
    "forkFrom": "-",
    "isSpam": 0,
    "version": 1,
    "parentVersion": -1,
    "echartsVersion": "3.6.0",
    "versionCreateTime": "2017-05-26T06:50:43.000Z",
    "html": "",
    "externalScripts": "",
    "updaterUID": "bd-1946750021",
    "theme": "",
    "layout": "",
    "viewCount": 373,
    "userName": "小※彬",
    "commentCount": 0,
    "starCount": 0,
    "isStared": 0,
    "thumbnailURL": "https://www.makeapie.com/ecg-storage/ec_gallery_thumbnail/xBksrxLrWZ.png?v=1495781443479",
    "isCustomThumbnail": 0,
    "builtinTags": [
        "category-work",
        "legend",
        "series-pie",
        "title",
        "tooltip"
    ],
    "customTags": [],
    "updaterUserName": "小※彬"
}