{
    "cid": "xBkS7XpwW-",
    "authorUid": "bd-167860219",
    "authorUserName": "n***1",
    "title": "微博转发关系图garphGL",
    "description": "微博转发关系链的graphGL可视化",
    "latestVersion": 3,
    "alwaysLatest": 1,
    "createTime": "2017-05-28T03:25:17.000Z",
    "lastUpdateTime": "2020-05-09T14:13:49.000Z",
    "auth": 2,
    "uid": "bd-167860219",
    "publishedVersion": 0,
    "forkFrom": "-",
    "isSpam": 0,
    "version": 3,
    "parentVersion": 2,
    "echartsVersion": "3.8.0",
    "versionCreateTime": "2019-04-23T07:14:07.000Z",
    "html": "",
    "externalScripts": "https://echarts.baidu.com/resource/echarts-gl-latest/dist/echarts-gl.min.js",
    "updaterUID": "bd-167860219",
    "theme": "default",
    "layout": "",
    "viewCount": 5153,
    "userName": "n***1",
    "commentCount": 0,
    "starCount": 12,
    "isStared": 0,
    "thumbnailURL": "https://www.makeapie.com/ecg-storage/ec_gallery_thumbnail/xBkS7XpwW-.png?v=1589033629193",
    "isCustomThumbnail": 1,
    "builtinTags": [
        "category-work",
        "series-graphGL",
        "title",
        "toolbox",
        "tooltip"
    ],
    "customTags": [],
    "updaterUserName": "n***1"
}