{
    "cid": "xBy_mWc8--",
    "authorUid": "bd-3124714968",
    "authorUserName": "乐观的nicaiwa",
    "title": "风机状态",
    "description": "用liquidFill制作",
    "latestVersion": 2,
    "alwaysLatest": 1,
    "createTime": "2017-05-27T05:39:44.000Z",
    "lastUpdateTime": "2017-05-27T05:39:44.000Z",
    "auth": 2,
    "uid": "bd-3124714968",
    "publishedVersion": 0,
    "forkFrom": "-",
    "isSpam": 0,
    "version": 2,
    "parentVersion": 1,
    "echartsVersion": "3.6.1",
    "versionCreateTime": "2017-05-27T05:43:53.000Z",
    "html": "",
    "externalScripts": "https://rawgit.com/ecomfe/echarts-liquidfill/0bd405f012e1a23408e1bf70ec3a727cab169c16/dist/echarts-liquidfill.js",
    "updaterUID": "bd-3124714968",
    "theme": "",
    "layout": "",
    "viewCount": 410,
    "userName": "乐观的nicaiwa",
    "commentCount": 0,
    "starCount": 1,
    "isStared": 0,
    "thumbnailURL": "https://www.makeapie.com/ecg-storage/ec_gallery_thumbnail/xBy_mWc8--.png?v=1495863833782",
    "isCustomThumbnail": 0,
    "builtinTags": [
        "category-work",
        "series-liquidFill"
    ],
    "customTags": [],
    "updaterUserName": "乐观的nicaiwa"
}