{
    "cid": "xH1XN1oS-Z",
    "authorUid": "bd-2452479794",
    "authorUserName": "凌风111234",
    "title": "1.23-2 分等级中美主要民用机场周边人造覆盖2000-2010年平均增量",
    "description": "",
    "latestVersion": 3,
    "alwaysLatest": 1,
    "createTime": "2017-05-26T12:27:22.000Z",
    "lastUpdateTime": "2017-05-26T12:27:22.000Z",
    "auth": 2,
    "uid": "bd-2452479794",
    "publishedVersion": 0,
    "forkFrom": "-",
    "isSpam": 0,
    "version": 3,
    "parentVersion": 2,
    "echartsVersion": "3.6.0",
    "versionCreateTime": "2017-05-26T12:48:47.000Z",
    "html": "",
    "externalScripts": "",
    "updaterUID": "bd-2452479794",
    "theme": "",
    "layout": "",
    "viewCount": 326,
    "userName": "凌风111234",
    "commentCount": 0,
    "starCount": 3,
    "isStared": 0,
    "thumbnailURL": "https://www.makeapie.com/ecg-storage/ec_gallery_thumbnail/xH1XN1oS-Z.png?v=1495802927799",
    "isCustomThumbnail": 0,
    "builtinTags": [
        "category-work",
        "grid",
        "legend",
        "series-line",
        "title",
        "tooltip"
    ],
    "customTags": [],
    "updaterUserName": "凌风111234"
}