{
    "cid": "xHJEWRrrbZ",
    "authorUid": "bd-2787351044",
    "authorUserName": "晴子雪",
    "title": "每年人数统计",
    "description": "柱图和折现的另外一种表现形式",
    "latestVersion": 1,
    "alwaysLatest": 1,
    "createTime": "2017-05-26T06:40:59.000Z",
    "lastUpdateTime": "2017-05-26T06:40:59.000Z",
    "auth": 2,
    "uid": "bd-2787351044",
    "publishedVersion": 0,
    "forkFrom": "-",
    "isSpam": 0,
    "version": 1,
    "parentVersion": -1,
    "echartsVersion": "3.6.0",
    "versionCreateTime": "2017-05-26T06:41:00.000Z",
    "html": "",
    "externalScripts": "",
    "updaterUID": "bd-2787351044",
    "theme": "",
    "layout": "",
    "viewCount": 678,
    "userName": "晴子雪",
    "commentCount": 0,
    "starCount": 4,
    "isStared": 0,
    "thumbnailURL": "https://www.makeapie.com/ecg-storage/ec_gallery_thumbnail/xHJEWRrrbZ.png?v=1495780860233",
    "isCustomThumbnail": 0,
    "builtinTags": [
        "category-work",
        "grid",
        "series-pictorialBar",
        "title",
        "tooltip"
    ],
    "customTags": [
        "bar",
        "pictorialBar"
    ],
    "updaterUserName": "晴子雪"
}