{
    "cid": "xHJIab8H-b",
    "authorUid": "bd-2787351044",
    "authorUserName": "晴子雪",
    "title": "教职工职称详细分析",
    "description": "散点图，二维坐标",
    "latestVersion": 1,
    "alwaysLatest": 1,
    "createTime": "2017-05-26T06:57:02.000Z",
    "lastUpdateTime": "2017-05-26T06:57:02.000Z",
    "auth": 2,
    "uid": "bd-2787351044",
    "publishedVersion": 0,
    "forkFrom": "-",
    "isSpam": 0,
    "version": 1,
    "parentVersion": -1,
    "echartsVersion": "3.6.0",
    "versionCreateTime": "2017-05-26T06:57:02.000Z",
    "html": "",
    "externalScripts": "",
    "updaterUID": "bd-2787351044",
    "theme": "",
    "layout": "",
    "viewCount": 931,
    "userName": "晴子雪",
    "commentCount": 0,
    "starCount": 3,
    "isStared": 0,
    "thumbnailURL": "https://www.makeapie.com/ecg-storage/ec_gallery_thumbnail/xHJIab8H-b.png?v=1495781822621",
    "isCustomThumbnail": 0,
    "builtinTags": [
        "category-work",
        "grid",
        "series-scatter",
        "title",
        "tooltip"
    ],
    "customTags": [],
    "updaterUserName": "晴子雪"
}