{
    "cid": "xHJjq5Br-b",
    "authorUid": "bd-2787351044",
    "authorUserName": "晴子雪",
    "title": "交错正负轴，y轴显示正值",
    "description": "",
    "latestVersion": 1,
    "alwaysLatest": 1,
    "createTime": "2017-05-26T06:26:26.000Z",
    "lastUpdateTime": "2017-05-26T06:26:26.000Z",
    "auth": 2,
    "uid": "bd-2787351044",
    "publishedVersion": 0,
    "forkFrom": "-",
    "isSpam": 0,
    "version": 1,
    "parentVersion": -1,
    "echartsVersion": "3.6.0",
    "versionCreateTime": "2017-05-26T06:26:26.000Z",
    "html": "",
    "externalScripts": "",
    "updaterUID": "bd-2787351044",
    "theme": "",
    "layout": "",
    "viewCount": 1936,
    "userName": "晴子雪",
    "commentCount": 0,
    "starCount": 3,
    "isStared": 0,
    "thumbnailURL": "https://www.makeapie.com/ecg-storage/ec_gallery_thumbnail/xHJjq5Br-b.png?v=1495779986962",
    "isCustomThumbnail": 0,
    "builtinTags": [
        "category-work",
        "grid",
        "legend",
        "series-bar",
        "title",
        "toolbox",
        "tooltip"
    ],
    "customTags": [],
    "updaterUserName": "晴子雪"
}