{
    "cid": "xrJIg-LrWZ",
    "authorUid": "bd-1946750021",
    "authorUserName": "小※彬",
    "title": "全国445端口分布",
    "description": "",
    "latestVersion": 1,
    "alwaysLatest": 1,
    "createTime": "2017-05-26T06:53:34.000Z",
    "lastUpdateTime": "2017-05-26T06:53:34.000Z",
    "auth": 2,
    "uid": "bd-1946750021",
    "publishedVersion": 0,
    "forkFrom": "-",
    "isSpam": 0,
    "version": 1,
    "parentVersion": -1,
    "echartsVersion": "3.6.0",
    "versionCreateTime": "2017-05-26T06:53:34.000Z",
    "html": "",
    "externalScripts": "/dep/echarts/map/js/china.js",
    "updaterUID": "bd-1946750021",
    "theme": "",
    "layout": "",
    "viewCount": 797,
    "userName": "小※彬",
    "commentCount": 1,
    "starCount": 0,
    "isStared": 0,
    "thumbnailURL": "https://www.makeapie.com/ecg-storage/ec_gallery_thumbnail/xrJIg-LrWZ.png?v=1495781614627",
    "isCustomThumbnail": 0,
    "builtinTags": [
        "brush",
        "category-work",
        "dataZoom",
        "geo",
        "grid",
        "series-bar",
        "series-effectScatter",
        "series-scatter",
        "title",
        "toolbox",
        "tooltip"
    ],
    "customTags": [],
    "updaterUserName": "小※彬"
}