{
    "cid": "xrkEzQssbZ",
    "authorUid": "bd-1125403132",
    "authorUserName": "灯应橙",
    "title": "对比柱状图",
    "description": "渐变、边框、光晕",
    "latestVersion": 2,
    "alwaysLatest": 1,
    "createTime": "2017-05-31T01:57:32.000Z",
    "lastUpdateTime": "2017-05-31T01:57:32.000Z",
    "auth": 2,
    "uid": "bd-1125403132",
    "publishedVersion": 0,
    "forkFrom": "-",
    "isSpam": 0,
    "version": 2,
    "parentVersion": 1,
    "echartsVersion": "3.6.1",
    "versionCreateTime": "2017-05-31T02:04:11.000Z",
    "html": "",
    "externalScripts": "",
    "updaterUID": "bd-1125403132",
    "theme": "",
    "layout": "",
    "viewCount": 1301,
    "userName": "灯应橙",
    "commentCount": 0,
    "starCount": 7,
    "isStared": 0,
    "thumbnailURL": "https://www.makeapie.com/ecg-storage/ec_gallery_thumbnail/xrkEzQssbZ.png?v=1496196252072",
    "isCustomThumbnail": 0,
    "builtinTags": [
        "category-work",
        "grid",
        "series-bar"
    ],
    "customTags": [],
    "updaterUserName": "灯应橙"
}