{
    "cid": "xryzIeY9WW",
    "authorUid": "bd-54322411",
    "authorUserName": "纵横捭阖越千年",
    "title": "test1",
    "description": "动态数据表格",
    "latestVersion": 1,
    "alwaysLatest": 1,
    "createTime": "2017-05-30T05:16:58.000Z",
    "lastUpdateTime": "2017-05-30T05:16:58.000Z",
    "auth": 2,
    "uid": "bd-54322411",
    "publishedVersion": 0,
    "forkFrom": "-",
    "isSpam": 0,
    "version": 1,
    "parentVersion": -1,
    "echartsVersion": "3.6.1",
    "versionCreateTime": "2017-05-30T05:16:58.000Z",
    "html": "",
    "externalScripts": "",
    "updaterUID": "bd-54322411",
    "theme": "",
    "layout": "",
    "viewCount": 193,
    "userName": "纵横捭阖越千年",
    "commentCount": 0,
    "starCount": 2,
    "isStared": 0,
    "thumbnailURL": "https://www.makeapie.com/ecg-storage/ec_gallery_thumbnail/xryzIeY9WW.png?v=1496121419076",
    "isCustomThumbnail": 0,
    "builtinTags": [
        "category-work",
        "grid",
        "series-bar",
        "tooltip"
    ],
    "customTags": [],
    "updaterUserName": "纵横捭阖越千年"
}