{
    "cid": "xSJzesb2bZ",
    "authorUid": "bd-504301386",
    "authorUserName": "skymeteorlc",
    "title": "",
    "description": "",
    "latestVersion": 2,
    "alwaysLatest": 1,
    "createTime": "2017-05-31T09:20:41.000Z",
    "lastUpdateTime": "2017-05-31T09:20:41.000Z",
    "auth": 2,
    "uid": "bd-504301386",
    "publishedVersion": 0,
    "forkFrom": "-",
    "isSpam": 0,
    "version": 2,
    "parentVersion": 1,
    "echartsVersion": "3.6.1",
    "versionCreateTime": "2017-06-06T03:23:40.000Z",
    "html": "",
    "externalScripts": "",
    "updaterUID": "bd-504301386",
    "theme": "dark",
    "layout": "",
    "viewCount": 5149,
    "userName": "skymeteorlc",
    "commentCount": 1,
    "starCount": 9,
    "isStared": 0,
    "thumbnailURL": "https://www.makeapie.com/ecg-storage/ec_gallery_thumbnail/xSJzesb2bZ.png?v=1496719420915",
    "isCustomThumbnail": 0,
    "builtinTags": [
        "category-work",
        "grid",
        "legend",
        "series-bar",
        "tooltip"
    ],
    "customTags": [],
    "updaterUserName": "skymeteorlc"
}