{
    "cid": "xSyYMoBHWW",
    "authorUid": "bd-2787351044",
    "authorUserName": "晴子雪",
    "title": "折线图堆叠，给星期天加阴影，某一列",
    "description": "",
    "latestVersion": 3,
    "alwaysLatest": 1,
    "createTime": "2017-05-26T06:28:32.000Z",
    "lastUpdateTime": "2017-05-26T06:28:32.000Z",
    "auth": 2,
    "uid": "bd-2787351044",
    "publishedVersion": 0,
    "forkFrom": "-",
    "isSpam": 0,
    "version": 3,
    "parentVersion": 2,
    "echartsVersion": "3.6.0",
    "versionCreateTime": "2017-05-26T06:29:51.000Z",
    "html": "",
    "externalScripts": "",
    "updaterUID": "bd-2787351044",
    "theme": "",
    "layout": "",
    "viewCount": 280,
    "userName": "晴子雪",
    "commentCount": 0,
    "starCount": 0,
    "isStared": 0,
    "thumbnailURL": "https://www.makeapie.com/ecg-storage/ec_gallery_thumbnail/xSyYMoBHWW.png?v=1495780156395",
    "isCustomThumbnail": 0,
    "builtinTags": [
        "category-work",
        "grid",
        "legend",
        "series-bar",
        "series-line",
        "title",
        "toolbox",
        "tooltip"
    ],
    "customTags": [],
    "updaterUserName": "晴子雪"
}