{
    "cid": "x-P1XKJyPe",
    "authorUid": "obd-oPgA5TpUxfyPkBtjuaeqaDbHBmgwR9L",
    "authorUserName": "131*****868",
    "title": "水球图-显示name和value",
    "description": "",
    "latestVersion": 1,
    "alwaysLatest": 1,
    "createTime": "2020-05-08T03:19:42.000Z",
    "lastUpdateTime": "2020-05-08T03:19:42.000Z",
    "auth": 2,
    "uid": "obd-oPgA5TpUxfyPkBtjuaeqaDbHBmgwR9L",
    "publishedVersion": 0,
    "forkFrom": "-",
    "isSpam": 0,
    "version": 1,
    "parentVersion": -1,
    "echartsVersion": "4.7.0",
    "versionCreateTime": "2020-05-08T03:19:42.000Z",
    "html": "",
    "externalScripts": "http://echarts.baidu.com/resource/echarts-liquidfill-latest/dist/echarts-liquidfill.min.js",
    "updaterUID": "obd-oPgA5TpUxfyPkBtjuaeqaDbHBmgwR9L",
    "theme": "",
    "layout": "",
    "viewCount": 208,
    "userName": "131*****868",
    "commentCount": 0,
    "starCount": 1,
    "isStared": 0,
    "thumbnailURL": "https://www.makeapie.com/ecg-storage/ec_gallery_thumbnail/x-P1XKJyPe.png?v=1588907982322",
    "isCustomThumbnail": 0,
    "builtinTags": [
        "category-work",
        "series-liquidFill"
    ],
    "customTags": [],
    "updaterUserName": "131*****868"
}