{
    "cid": "x4_ztBIf5u",
    "authorUid": "obd-o0FO6SMLB0My7GZQWOG-dqUyS5wugF2",
    "authorUserName": "a***w",
    "title": "2017-2020年出差情况",
    "description": "",
    "latestVersion": 5,
    "alwaysLatest": 1,
    "createTime": "2020-05-08T03:52:24.000Z",
    "lastUpdateTime": "2020-05-08T03:52:24.000Z",
    "auth": 2,
    "uid": "obd-o0FO6SMLB0My7GZQWOG-dqUyS5wugF2",
    "publishedVersion": 0,
    "forkFrom": "-",
    "isSpam": 0,
    "version": 5,
    "parentVersion": 4,
    "echartsVersion": "4.7.0",
    "versionCreateTime": "2020-05-08T08:14:18.000Z",
    "html": "",
    "externalScripts": "/dep/echarts/map/js/china.js",
    "updaterUID": "obd-o0FO6SMLB0My7GZQWOG-dqUyS5wugF2",
    "theme": "",
    "layout": "",
    "viewCount": 10252,
    "userName": "a***w",
    "commentCount": 0,
    "starCount": 19,
    "isStared": 0,
    "thumbnailURL": "https://www.makeapie.com/ecg-storage/ec_gallery_thumbnail/x4_ztBIf5u.png?v=1588925658738",
    "isCustomThumbnail": 0,
    "builtinTags": [
        "category-work",
        "geo",
        "legend",
        "series-effectScatter",
        "series-lines",
        "title",
        "tooltip"
    ],
    "customTags": [],
    "updaterUserName": "a***w"
}