{
    "cid": "x9knU_-_lZ",
    "authorUid": "bd-2838733078",
    "authorUserName": "高***猫",
    "title": "JSON & cPickle & Pickle 性能对比",
    "description": "",
    "latestVersion": 2,
    "alwaysLatest": 1,
    "createTime": "2020-05-07T03:39:39.000Z",
    "lastUpdateTime": "2020-05-07T03:39:39.000Z",
    "auth": 2,
    "uid": "bd-2838733078",
    "publishedVersion": 0,
    "forkFrom": "-",
    "isSpam": 0,
    "version": 2,
    "parentVersion": 1,
    "echartsVersion": "4.7.0",
    "versionCreateTime": "2020-05-07T03:44:06.000Z",
    "html": "",
    "externalScripts": "",
    "updaterUID": "bd-2838733078",
    "theme": "",
    "layout": "",
    "viewCount": 328,
    "userName": "高***猫",
    "commentCount": 0,
    "starCount": 1,
    "isStared": 0,
    "thumbnailURL": "https://www.makeapie.com/ecg-storage/ec_gallery_thumbnail/x9knU_-_lZ.png?v=1588823046805",
    "isCustomThumbnail": 0,
    "builtinTags": [
        "category-work",
        "grid",
        "legend",
        "series-bar",
        "title",
        "tooltip"
    ],
    "customTags": [],
    "updaterUserName": "高***猫"
}