{
    "cid": "x_eyMSnTD8",
    "authorUid": "bd-2385645868",
    "authorUserName": "闻***哒",
    "title": "基本柱状图",
    "description": "基本柱状图",
    "latestVersion": 1,
    "alwaysLatest": 1,
    "createTime": "2020-05-08T02:14:46.000Z",
    "lastUpdateTime": "2020-05-08T02:14:46.000Z",
    "auth": 1,
    "uid": "bd-2385645868",
    "publishedVersion": 0,
    "forkFrom": "-",
    "isSpam": 0,
    "version": 1,
    "parentVersion": -1,
    "echartsVersion": "4.7.0",
    "versionCreateTime": "2020-05-08T02:14:46.000Z",
    "html": "",
    "externalScripts": "",
    "updaterUID": "bd-2385645868",
    "theme": "",
    "layout": "",
    "viewCount": 85,
    "userName": "闻***哒",
    "commentCount": 0,
    "starCount": 0,
    "isStared": 0,
    "thumbnailURL": "https://www.makeapie.com/ecg-storage/ec_gallery_thumbnail/x_eyMSnTD8.png?v=1588904086339",
    "isCustomThumbnail": 0,
    "builtinTags": [
        "category-work",
        "grid",
        "legend",
        "series-bar",
        "tooltip"
    ],
    "customTags": [],
    "updaterUserName": "闻***哒"
}