{
    "cid": "xAuMvo9vYC",
    "authorUid": "bd-3817636711",
    "authorUserName": "S***G",
    "title": "仪表图",
    "description": "",
    "latestVersion": 1,
    "alwaysLatest": 1,
    "createTime": "2020-05-08T07:25:26.000Z",
    "lastUpdateTime": "2020-05-08T07:25:26.000Z",
    "auth": 2,
    "uid": "bd-3817636711",
    "publishedVersion": 0,
    "forkFrom": "-",
    "isSpam": 0,
    "version": 1,
    "parentVersion": -1,
    "echartsVersion": "4.7.0",
    "versionCreateTime": "2020-05-08T07:25:26.000Z",
    "html": "",
    "externalScripts": "",
    "updaterUID": "bd-3817636711",
    "theme": "",
    "layout": "",
    "viewCount": 114,
    "userName": "S***G",
    "commentCount": 0,
    "starCount": 2,
    "isStared": 0,
    "thumbnailURL": "https://www.makeapie.com/ecg-storage/ec_gallery_thumbnail/xAuMvo9vYC.png?v=1588922726449",
    "isCustomThumbnail": 0,
    "builtinTags": [
        "category-work",
        "series-gauge",
        "tooltip"
    ],
    "customTags": [
        "pie"
    ],
    "updaterUserName": "S***G"
}