{
    "cid": "xb2oHY6OBR",
    "authorUid": "obd-oPgA5TpUxfyPkBtjuaeqaDbHBmgwR9L",
    "authorUserName": "131*****868",
    "title": "进度条不同颜色",
    "description": "",
    "latestVersion": 1,
    "alwaysLatest": 1,
    "createTime": "2020-05-08T03:25:45.000Z",
    "lastUpdateTime": "2020-05-08T03:25:45.000Z",
    "auth": 2,
    "uid": "obd-oPgA5TpUxfyPkBtjuaeqaDbHBmgwR9L",
    "publishedVersion": 0,
    "forkFrom": "-",
    "isSpam": 0,
    "version": 1,
    "parentVersion": -1,
    "echartsVersion": "4.7.0",
    "versionCreateTime": "2020-05-08T03:25:45.000Z",
    "html": "",
    "externalScripts": "",
    "updaterUID": "obd-oPgA5TpUxfyPkBtjuaeqaDbHBmgwR9L",
    "theme": "",
    "layout": "",
    "viewCount": 239,
    "userName": "131*****868",
    "commentCount": 0,
    "starCount": 1,
    "isStared": 0,
    "thumbnailURL": "https://www.makeapie.com/ecg-storage/ec_gallery_thumbnail/xb2oHY6OBR.png?v=1588908345850",
    "isCustomThumbnail": 0,
    "builtinTags": [
        "category-work",
        "grid",
        "series-pictorialBar",
        "title"
    ],
    "customTags": [],
    "updaterUserName": "131*****868"
}