{
    "cid": "xC_5D_voOn",
    "authorUid": "obd-oteAUrKNdywnEfMSZAl4V5_eZ6Gzr8B",
    "authorUserName": "d***t",
    "title": "私人阅读史_两年读书记录的时间分布散点图",
    "description": "作者技术博客 https://baiyongan.github.io\n记录了作者2016-8~2018-8 两年内，业余时间的阅读事件，详细分析见作者博客，欢迎评论留言",
    "latestVersion": 3,
    "alwaysLatest": 1,
    "createTime": "2020-05-07T05:28:12.000Z",
    "lastUpdateTime": "2020-05-07T05:28:12.000Z",
    "auth": 2,
    "uid": "obd-oteAUrKNdywnEfMSZAl4V5_eZ6Gzr8B",
    "publishedVersion": 0,
    "forkFrom": "-",
    "isSpam": 0,
    "version": 3,
    "parentVersion": 2,
    "echartsVersion": "4.7.0",
    "versionCreateTime": "2020-05-19T03:16:17.000Z",
    "html": "",
    "externalScripts": "",
    "updaterUID": "obd-oteAUrKNdywnEfMSZAl4V5_eZ6Gzr8B",
    "theme": "",
    "layout": "",
    "viewCount": 1324,
    "userName": "d***t",
    "commentCount": 0,
    "starCount": 2,
    "isStared": 0,
    "thumbnailURL": "https://www.makeapie.com/ecg-storage/ec_gallery_thumbnail/xC_5D_voOn.png?v=1589858178071",
    "isCustomThumbnail": 0,
    "builtinTags": [
        "category-work",
        "dataZoom",
        "grid",
        "legend",
        "series-scatter",
        "title"
    ],
    "customTags": [
        "dataZoom",
        "grid",
        "legend",
        "scatter",
        "title"
    ],
    "updaterUserName": "d***t"
}