{
    "cid": "xdsuKmvOOa",
    "authorUid": "bd-4179503778",
    "authorUserName": "戴***华",
    "title": "政策留言",
    "description": "",
    "latestVersion": 1,
    "alwaysLatest": 1,
    "createTime": "2020-05-07T15:08:59.000Z",
    "lastUpdateTime": "2020-05-07T15:08:59.000Z",
    "auth": 2,
    "uid": "bd-4179503778",
    "publishedVersion": 0,
    "forkFrom": "-",
    "isSpam": 0,
    "version": 1,
    "parentVersion": -1,
    "echartsVersion": "4.7.0",
    "versionCreateTime": "2020-05-07T15:08:59.000Z",
    "html": "",
    "externalScripts": "",
    "updaterUID": "bd-4179503778",
    "theme": "",
    "layout": "",
    "viewCount": 24,
    "userName": "戴***华",
    "commentCount": 0,
    "starCount": 0,
    "isStared": 0,
    "thumbnailURL": "https://www.makeapie.com/ecg-storage/ec_gallery_thumbnail/xdsuKmvOOa.png?v=1588864139706",
    "isCustomThumbnail": 0,
    "builtinTags": [
        "category-work",
        "grid",
        "series-line",
        "title"
    ],
    "customTags": [],
    "updaterUserName": "戴***华"
}