{
    "cid": "xh-5do-Oj5",
    "authorUid": "bd-723739763",
    "authorUserName": "黑***寞",
    "title": "街道排名变化",
    "description": "",
    "latestVersion": 1,
    "alwaysLatest": 1,
    "createTime": "2020-05-08T03:06:16.000Z",
    "lastUpdateTime": "2020-05-08T03:06:16.000Z",
    "auth": 2,
    "uid": "bd-723739763",
    "publishedVersion": 0,
    "forkFrom": "-",
    "isSpam": 0,
    "version": 1,
    "parentVersion": -1,
    "echartsVersion": "4.7.0",
    "versionCreateTime": "2020-05-08T03:06:16.000Z",
    "html": "",
    "externalScripts": "",
    "updaterUID": "bd-723739763",
    "theme": "",
    "layout": "",
    "viewCount": 55,
    "userName": "黑***寞",
    "commentCount": 0,
    "starCount": 0,
    "isStared": 0,
    "thumbnailURL": "https://www.makeapie.com/ecg-storage/ec_gallery_thumbnail/xh-5do-Oj5.png?v=1588907176406",
    "isCustomThumbnail": 0,
    "builtinTags": [
        "category-work",
        "grid",
        "legend",
        "series-line",
        "title"
    ],
    "customTags": [],
    "updaterUserName": "黑***寞"
}