{
    "cid": "xHH1fIj805",
    "authorUid": "bd-1385837864",
    "authorUserName": "星***笔",
    "title": "今日进出馆累计曲线",
    "description": "折线图",
    "latestVersion": 1,
    "alwaysLatest": 1,
    "createTime": "2020-05-08T07:49:39.000Z",
    "lastUpdateTime": "2020-05-08T07:49:39.000Z",
    "auth": 2,
    "uid": "bd-1385837864",
    "publishedVersion": 0,
    "forkFrom": "-",
    "isSpam": 0,
    "version": 1,
    "parentVersion": -1,
    "echartsVersion": "4.7.0",
    "versionCreateTime": "2020-05-08T07:49:39.000Z",
    "html": "",
    "externalScripts": "",
    "updaterUID": "bd-1385837864",
    "theme": "",
    "layout": "",
    "viewCount": 79,
    "userName": "星***笔",
    "commentCount": 0,
    "starCount": 0,
    "isStared": 0,
    "thumbnailURL": "https://www.makeapie.com/ecg-storage/ec_gallery_thumbnail/xHH1fIj805.png?v=1588924179704",
    "isCustomThumbnail": 0,
    "builtinTags": [
        "category-work",
        "grid",
        "markPoint",
        "series-line",
        "title",
        "tooltip"
    ],
    "customTags": [],
    "updaterUserName": "星***笔"
}