{
    "cid": "xkcA92XBOh",
    "authorUid": "obd-oFGx6roojp6rXJje2Yuad36VFnjBQ5b",
    "authorUserName": "p***0",
    "title": "2001年",
    "description": "",
    "latestVersion": 2,
    "alwaysLatest": 1,
    "createTime": "2020-05-07T13:37:03.000Z",
    "lastUpdateTime": "2020-05-07T13:37:03.000Z",
    "auth": 2,
    "uid": "obd-oFGx6roojp6rXJje2Yuad36VFnjBQ5b",
    "publishedVersion": 0,
    "forkFrom": "-",
    "isSpam": 0,
    "version": 2,
    "parentVersion": 1,
    "echartsVersion": "4.7.0",
    "versionCreateTime": "2020-05-07T13:40:04.000Z",
    "html": "",
    "externalScripts": "",
    "updaterUID": "obd-oFGx6roojp6rXJje2Yuad36VFnjBQ5b",
    "theme": "",
    "layout": "",
    "viewCount": 170,
    "userName": "p***0",
    "commentCount": 0,
    "starCount": 0,
    "isStared": 0,
    "thumbnailURL": "https://www.makeapie.com/ecg-storage/ec_gallery_thumbnail/xkcA92XBOh.png?v=1588858804835",
    "isCustomThumbnail": 0,
    "builtinTags": [
        "category-work",
        "grid",
        "series-bar",
        "timeline",
        "title"
    ],
    "customTags": [],
    "updaterUserName": "p***0"
}