{
    "cid": "xkd-rGeANb",
    "authorUid": "obd-otRASwoelhFMgQG9HBXdklJxc1yWS87",
    "authorUserName": "双***杰",
    "title": "漏斗图",
    "description": "",
    "latestVersion": 1,
    "alwaysLatest": 1,
    "createTime": "2020-05-08T06:07:36.000Z",
    "lastUpdateTime": "2020-05-08T06:07:36.000Z",
    "auth": 2,
    "uid": "obd-otRASwoelhFMgQG9HBXdklJxc1yWS87",
    "publishedVersion": 0,
    "forkFrom": "-",
    "isSpam": 0,
    "version": 1,
    "parentVersion": -1,
    "echartsVersion": "4.7.0",
    "versionCreateTime": "2020-05-08T06:07:36.000Z",
    "html": "",
    "externalScripts": "",
    "updaterUID": "obd-otRASwoelhFMgQG9HBXdklJxc1yWS87",
    "theme": "",
    "layout": "",
    "viewCount": 638,
    "userName": "双***杰",
    "commentCount": 0,
    "starCount": 6,
    "isStared": 0,
    "thumbnailURL": "https://www.makeapie.com/ecg-storage/ec_gallery_thumbnail/xkd-rGeANb.png?v=1588918056653",
    "isCustomThumbnail": 0,
    "builtinTags": [
        "category-work",
        "series-funnel",
        "tooltip"
    ],
    "customTags": [],
    "updaterUserName": "双***杰"
}