{
    "cid": "xKokvJ4B32",
    "authorUid": "obd-oPgA5TpUxfyPkBtjuaeqaDbHBmgwR9L",
    "authorUserName": "131*****868",
    "title": "扇形半圆图",
    "description": "",
    "latestVersion": 1,
    "alwaysLatest": 1,
    "createTime": "2020-05-08T03:18:01.000Z",
    "lastUpdateTime": "2020-05-08T03:18:01.000Z",
    "auth": 2,
    "uid": "obd-oPgA5TpUxfyPkBtjuaeqaDbHBmgwR9L",
    "publishedVersion": 0,
    "forkFrom": "-",
    "isSpam": 0,
    "version": 1,
    "parentVersion": -1,
    "echartsVersion": "4.7.0",
    "versionCreateTime": "2020-05-08T03:18:01.000Z",
    "html": "",
    "externalScripts": "",
    "updaterUID": "obd-oPgA5TpUxfyPkBtjuaeqaDbHBmgwR9L",
    "theme": "",
    "layout": "",
    "viewCount": 197,
    "userName": "131*****868",
    "commentCount": 0,
    "starCount": 2,
    "isStared": 0,
    "thumbnailURL": "https://www.makeapie.com/ecg-storage/ec_gallery_thumbnail/xKokvJ4B32.png?v=1588907881988",
    "isCustomThumbnail": 0,
    "builtinTags": [
        "category-work",
        "legend",
        "polar",
        "series-pie",
        "tooltip"
    ],
    "customTags": [],
    "updaterUserName": "131*****868"
}