{
    "cid": "xL8leEBqYE",
    "authorUid": "obd-oEngC8j_XjUM303OmHF1WMhRMZpPZ4D",
    "authorUserName": "十***8",
    "title": "echarts折线图虚实交叉",
    "description": "虚线和实线交叉显示",
    "latestVersion": 5,
    "alwaysLatest": 1,
    "createTime": "2020-05-08T07:47:51.000Z",
    "lastUpdateTime": "2020-05-08T07:47:51.000Z",
    "auth": 2,
    "uid": "obd-oEngC8j_XjUM303OmHF1WMhRMZpPZ4D",
    "publishedVersion": 0,
    "forkFrom": "-",
    "isSpam": 0,
    "version": 5,
    "parentVersion": 2,
    "echartsVersion": "4.7.0",
    "versionCreateTime": "2020-05-08T07:56:29.000Z",
    "html": "",
    "externalScripts": "",
    "updaterUID": "obd-oEngC8j_XjUM303OmHF1WMhRMZpPZ4D",
    "theme": "",
    "layout": "",
    "viewCount": 46,
    "userName": "十***8",
    "commentCount": 0,
    "starCount": 0,
    "isStared": 0,
    "thumbnailURL": "https://www.makeapie.com/ecg-storage/ec_gallery_thumbnail/xL8leEBqYE.png?v=1588924589892",
    "isCustomThumbnail": 0,
    "builtinTags": [
        "category-work",
        "grid",
        "legend",
        "series-line",
        "title",
        "toolbox"
    ],
    "customTags": [],
    "updaterUserName": "十***8"
}