{
    "cid": "xLOXoWBtA9",
    "authorUid": "obd-oteAUrKNdywnEfMSZAl4V5_eZ6Gzr8B",
    "authorUserName": "d***t",
    "title": "2年私人阅读史_阅读时间统计分析",
    "description": "展示了个人在2016-8~2018-8月的两年内，业余期间的阅读统计，具体的分析总结，见作者的技术博客 https://baiyongan.github.io",
    "latestVersion": 3,
    "alwaysLatest": 1,
    "createTime": "2020-05-07T05:22:35.000Z",
    "lastUpdateTime": "2020-05-07T05:22:35.000Z",
    "auth": 2,
    "uid": "obd-oteAUrKNdywnEfMSZAl4V5_eZ6Gzr8B",
    "publishedVersion": 0,
    "forkFrom": "-",
    "isSpam": 0,
    "version": 3,
    "parentVersion": 2,
    "echartsVersion": "4.7.0",
    "versionCreateTime": "2020-05-07T05:55:53.000Z",
    "html": "",
    "externalScripts": "",
    "updaterUID": "obd-oteAUrKNdywnEfMSZAl4V5_eZ6Gzr8B",
    "theme": "",
    "layout": "",
    "viewCount": 90,
    "userName": "d***t",
    "commentCount": 0,
    "starCount": 1,
    "isStared": 0,
    "thumbnailURL": "https://www.makeapie.com/ecg-storage/ec_gallery_thumbnail/xLOXoWBtA9.png?v=1588830953430",
    "isCustomThumbnail": 0,
    "builtinTags": [
        "category-work",
        "legend",
        "series-pie",
        "title",
        "tooltip"
    ],
    "customTags": [
        "pie",
        "title"
    ],
    "updaterUserName": "d***t"
}