{
    "cid": "xN6mqBQpv2",
    "authorUid": "bd-789750710",
    "authorUserName": "z***n",
    "title": "121",
    "description": "",
    "latestVersion": 1,
    "alwaysLatest": 1,
    "createTime": "2020-05-08T02:29:51.000Z",
    "lastUpdateTime": "2020-05-08T02:29:51.000Z",
    "auth": 2,
    "uid": "bd-789750710",
    "publishedVersion": 0,
    "forkFrom": "-",
    "isSpam": 0,
    "version": 1,
    "parentVersion": -1,
    "echartsVersion": "4.7.0",
    "versionCreateTime": "2020-05-08T02:29:51.000Z",
    "html": "",
    "externalScripts": "",
    "updaterUID": "bd-789750710",
    "theme": "",
    "layout": "",
    "viewCount": 14,
    "userName": "z***n",
    "commentCount": 0,
    "starCount": 0,
    "isStared": 0,
    "thumbnailURL": "https://www.makeapie.com/ecg-storage/ec_gallery_thumbnail/xN6mqBQpv2.png?v=1588904991126",
    "isCustomThumbnail": 0,
    "builtinTags": [
        "category-work",
        "grid",
        "series-line",
        "title"
    ],
    "customTags": [],
    "updaterUserName": "z***n"
}