{
    "cid": "xNMx6xtyEv",
    "authorUid": "obd-oPgA5TpUxfyPkBtjuaeqaDbHBmgwR9L",
    "authorUserName": "131*****868",
    "title": "数据分布",
    "description": "",
    "latestVersion": 1,
    "alwaysLatest": 1,
    "createTime": "2020-05-08T03:23:47.000Z",
    "lastUpdateTime": "2020-05-08T03:23:47.000Z",
    "auth": 2,
    "uid": "obd-oPgA5TpUxfyPkBtjuaeqaDbHBmgwR9L",
    "publishedVersion": 0,
    "forkFrom": "-",
    "isSpam": 0,
    "version": 1,
    "parentVersion": -1,
    "echartsVersion": "4.7.0",
    "versionCreateTime": "2020-05-08T03:23:47.000Z",
    "html": "",
    "externalScripts": "",
    "updaterUID": "obd-oPgA5TpUxfyPkBtjuaeqaDbHBmgwR9L",
    "theme": "",
    "layout": "",
    "viewCount": 839,
    "userName": "131*****868",
    "commentCount": 0,
    "starCount": 2,
    "isStared": 0,
    "thumbnailURL": "https://www.makeapie.com/ecg-storage/ec_gallery_thumbnail/xNMx6xtyEv.png?v=1588908227286",
    "isCustomThumbnail": 0,
    "builtinTags": [
        "category-work",
        "series-treemap",
        "title",
        "tooltip"
    ],
    "customTags": [],
    "updaterUserName": "131*****868"
}