{
    "cid": "xRcLx-t09R",
    "authorUid": "obd-o0ePBOfgkpZOhB8npklfoGTmxZiP-Fw",
    "authorUserName": "f***g",
    "title": "Awesome Chart",
    "description": "",
    "latestVersion": 1,
    "alwaysLatest": 1,
    "createTime": "2020-05-08T03:25:22.000Z",
    "lastUpdateTime": "2020-05-08T03:25:22.000Z",
    "auth": 2,
    "uid": "obd-o0ePBOfgkpZOhB8npklfoGTmxZiP-Fw",
    "publishedVersion": 0,
    "forkFrom": "-",
    "isSpam": 0,
    "version": 1,
    "parentVersion": -1,
    "echartsVersion": "4.7.0",
    "versionCreateTime": "2020-05-08T03:25:22.000Z",
    "html": "",
    "externalScripts": "",
    "updaterUID": "obd-o0ePBOfgkpZOhB8npklfoGTmxZiP-Fw",
    "theme": "",
    "layout": "",
    "viewCount": 8,
    "userName": "f***g",
    "commentCount": 0,
    "starCount": 0,
    "isStared": 0,
    "thumbnailURL": "https://www.makeapie.com/ecg-storage/ec_gallery_thumbnail/xRcLx-t09R.png?v=1588908322639",
    "isCustomThumbnail": 0,
    "builtinTags": [
        "category-work",
        "grid",
        "series-line",
        "title"
    ],
    "customTags": [],
    "updaterUserName": "f***g"
}