{
    "cid": "xvDd8TkLlc",
    "authorUid": "bd-460850157",
    "authorUserName": "S***七",
    "title": "雷达图 护照",
    "description": "",
    "latestVersion": 1,
    "alwaysLatest": 1,
    "createTime": "2020-05-07T01:02:37.000Z",
    "lastUpdateTime": "2020-05-07T01:02:37.000Z",
    "auth": 2,
    "uid": "bd-460850157",
    "publishedVersion": 0,
    "forkFrom": "-",
    "isSpam": 0,
    "version": 1,
    "parentVersion": -1,
    "echartsVersion": "4.7.0",
    "versionCreateTime": "2020-05-07T01:02:37.000Z",
    "html": "",
    "externalScripts": "",
    "updaterUID": "bd-460850157",
    "theme": "",
    "layout": "",
    "viewCount": 703,
    "userName": "S***七",
    "commentCount": 0,
    "starCount": 3,
    "isStared": 0,
    "thumbnailURL": "https://www.makeapie.com/ecg-storage/ec_gallery_thumbnail/xvDd8TkLlc.png?v=1588813357886",
    "isCustomThumbnail": 0,
    "builtinTags": [
        "category-work",
        "legend",
        "radar",
        "series-radar",
        "tooltip"
    ],
    "customTags": [],
    "updaterUserName": "S***七"
}