{
    "cid": "xBJZRJVPab",
    "authorUid": "bd-1797003820",
    "authorUserName": "次生缘",
    "title": "折线、柱状混合",
    "description": "",
    "latestVersion": 2,
    "alwaysLatest": 1,
    "createTime": "2017-10-20T08:11:52.000Z",
    "lastUpdateTime": "2017-10-20T08:11:52.000Z",
    "auth": 2,
    "uid": "bd-1797003820",
    "publishedVersion": 0,
    "forkFrom": "-",
    "isSpam": 0,
    "version": 2,
    "parentVersion": 1,
    "echartsVersion": "3.7.2",
    "versionCreateTime": "2017-10-20T08:14:23.000Z",
    "html": "",
    "externalScripts": "",
    "updaterUID": "bd-1797003820",
    "theme": "",
    "layout": "",
    "viewCount": 675,
    "userName": "次生缘",
    "commentCount": 0,
    "starCount": 1,
    "isStared": 0,
    "thumbnailURL": "https://www.makeapie.com/ecg-storage/ec_gallery_thumbnail/xBJZRJVPab.png?v=1508487263575",
    "isCustomThumbnail": 0,
    "builtinTags": [
        "category-work",
        "grid",
        "legend",
        "series-bar",
        "series-line",
        "tooltip"
    ],
    "customTags": [],
    "updaterUserName": "次生缘"
}