{
    "cid": "xBky9G3Va-",
    "authorUid": "bd-460850157",
    "authorUserName": "S***七",
    "title": "两个Y轴对应显示",
    "description": "略！",
    "latestVersion": 2,
    "alwaysLatest": 1,
    "createTime": "2017-10-18T10:52:55.000Z",
    "lastUpdateTime": "2017-10-18T10:52:55.000Z",
    "auth": 2,
    "uid": "bd-460850157",
    "publishedVersion": 0,
    "forkFrom": "-",
    "isSpam": 0,
    "version": 2,
    "parentVersion": 1,
    "echartsVersion": "3.7.2",
    "versionCreateTime": "2017-10-18T11:00:34.000Z",
    "html": "",
    "externalScripts": "",
    "updaterUID": "bd-460850157",
    "theme": "",
    "layout": "",
    "viewCount": 647,
    "userName": "S***七",
    "commentCount": 0,
    "starCount": 2,
    "isStared": 0,
    "thumbnailURL": "https://www.makeapie.com/ecg-storage/ec_gallery_thumbnail/xBky9G3Va-.png?v=1508324434510",
    "isCustomThumbnail": 0,
    "builtinTags": [
        "category-work",
        "grid",
        "legend",
        "markLine",
        "series-bar",
        "series-scatter",
        "tooltip"
    ],
    "customTags": [],
    "updaterUserName": "S***七"
}