{
    "cid": "xByt2kpSa-",
    "authorUid": "bd-2637376829",
    "authorUserName": "以御寒1230",
    "title": "心电图模拟",
    "description": "",
    "latestVersion": 7,
    "alwaysLatest": 1,
    "createTime": "2017-10-19T06:01:20.000Z",
    "lastUpdateTime": "2017-10-19T06:01:20.000Z",
    "auth": 1,
    "uid": "bd-2637376829",
    "publishedVersion": 1,
    "forkFrom": "-",
    "isSpam": 0,
    "version": 1,
    "parentVersion": -1,
    "echartsVersion": "3.7.2",
    "versionCreateTime": "2017-10-19T06:01:20.000Z",
    "html": "",
    "externalScripts": "",
    "updaterUID": "bd-2637376829",
    "theme": "",
    "layout": "",
    "viewCount": 1401,
    "userName": "以御寒1230",
    "commentCount": 0,
    "starCount": 1,
    "isStared": 0,
    "thumbnailURL": "https://www.makeapie.com/ecg-storage/ec_gallery_thumbnail/xByt2kpSa-.png?v=1508392880888",
    "isCustomThumbnail": 0,
    "builtinTags": [
        "category-work",
        "dataZoom",
        "graphic",
        "grid",
        "series-line"
    ],
    "customTags": [],
    "updaterUserName": "以御寒1230"
}