{
    "cid": "xH13jis4aZ",
    "authorUid": "bd-186954852",
    "authorUserName": "l***7",
    "title": "省际客运",
    "description": "",
    "latestVersion": 2,
    "alwaysLatest": 1,
    "createTime": "2017-10-18T10:23:32.000Z",
    "lastUpdateTime": "2017-10-18T10:23:32.000Z",
    "auth": 2,
    "uid": "bd-186954852",
    "publishedVersion": 0,
    "forkFrom": "-",
    "isSpam": 0,
    "version": 2,
    "parentVersion": 1,
    "echartsVersion": "3.7.2",
    "versionCreateTime": "2017-10-18T11:07:10.000Z",
    "html": "",
    "externalScripts": "http://echarts.baidu.com/resource/echarts-gl-latest/dist/echarts-gl.min.js,/dep/echarts/map/js/china.js",
    "updaterUID": "bd-186954852",
    "theme": "",
    "layout": "",
    "viewCount": 1141,
    "userName": "l***7",
    "commentCount": 5,
    "starCount": 10,
    "isStared": 0,
    "thumbnailURL": "https://www.makeapie.com/ecg-storage/ec_gallery_thumbnail/xH13jis4aZ.png?v=1508324830398",
    "isCustomThumbnail": 0,
    "builtinTags": [
        "category-work",
        "geo3D"
    ],
    "customTags": [],
    "updaterUserName": "l***7"
}