{
    "cid": "xHJdfcM7TW",
    "authorUid": "bd-4010221838",
    "authorUserName": "lihonghua168",
    "title": "环形图图列点击隐藏时图中百分比不变",
    "description": "环形图图列点击隐藏时图中百分比不变的解决方案。通过追加其他 选项来保证环形图的完整性",
    "latestVersion": 5,
    "alwaysLatest": 1,
    "createTime": "2017-10-17T05:50:07.000Z",
    "lastUpdateTime": "2017-10-17T05:50:07.000Z",
    "auth": 2,
    "uid": "bd-4010221838",
    "publishedVersion": 0,
    "forkFrom": "-",
    "isSpam": 0,
    "version": 5,
    "parentVersion": 4,
    "echartsVersion": "3.7.2",
    "versionCreateTime": "2017-10-17T07:12:18.000Z",
    "html": "",
    "externalScripts": "",
    "updaterUID": "bd-4010221838",
    "theme": "",
    "layout": "",
    "viewCount": 465,
    "userName": "lihonghua168",
    "commentCount": 0,
    "starCount": 2,
    "isStared": 0,
    "thumbnailURL": "https://www.makeapie.com/ecg-storage/ec_gallery_thumbnail/xHJdfcM7TW.png?v=1508224338562",
    "isCustomThumbnail": 0,
    "builtinTags": [
        "category-work",
        "legend",
        "series-pie",
        "tooltip"
    ],
    "customTags": [
        "legend",
        "series"
    ],
    "updaterUserName": "lihonghua168"
}