{
    "cid": "xHk39PymTW",
    "authorUid": "bd-3523509632",
    "authorUserName": "mxwhzt",
    "title": "用户数对比",
    "description": "用户数对比",
    "latestVersion": 2,
    "alwaysLatest": 1,
    "createTime": "2017-10-17T02:14:43.000Z",
    "lastUpdateTime": "2017-10-17T02:14:43.000Z",
    "auth": 2,
    "uid": "bd-3523509632",
    "publishedVersion": 0,
    "forkFrom": "-",
    "isSpam": 0,
    "version": 2,
    "parentVersion": 1,
    "echartsVersion": "3.7.2",
    "versionCreateTime": "2017-10-17T03:19:05.000Z",
    "html": "",
    "externalScripts": "",
    "updaterUID": "bd-3523509632",
    "theme": "",
    "layout": "",
    "viewCount": 282,
    "userName": "mxwhzt",
    "commentCount": 0,
    "starCount": 3,
    "isStared": 0,
    "thumbnailURL": "https://www.makeapie.com/ecg-storage/ec_gallery_thumbnail/xHk39PymTW.png?v=1508210345504",
    "isCustomThumbnail": 0,
    "builtinTags": [
        "category-work",
        "grid",
        "legend",
        "series-bar",
        "toolbox",
        "tooltip"
    ],
    "customTags": [],
    "updaterUserName": "mxwhzt"
}