{
    "cid": "xHk86pYVT-",
    "authorUid": "bd-4261657721",
    "authorUserName": "353694124",
    "title": "喜迎十九大",
    "description": "使用line和graphic制作",
    "latestVersion": 2,
    "alwaysLatest": 1,
    "createTime": "2017-10-18T08:15:57.000Z",
    "lastUpdateTime": "2017-10-18T08:15:57.000Z",
    "auth": 2,
    "uid": "bd-4261657721",
    "publishedVersion": 0,
    "forkFrom": "-",
    "isSpam": 0,
    "version": 2,
    "parentVersion": 1,
    "echartsVersion": "3.7.2",
    "versionCreateTime": "2017-10-21T08:02:01.000Z",
    "html": "",
    "externalScripts": "",
    "updaterUID": "bd-4261657721",
    "theme": "",
    "layout": "",
    "viewCount": 645,
    "userName": "353694124",
    "commentCount": 0,
    "starCount": 1,
    "isStared": 0,
    "thumbnailURL": "https://www.makeapie.com/ecg-storage/ec_gallery_thumbnail/xHk86pYVT-.png?v=1508314558052",
    "isCustomThumbnail": 1,
    "builtinTags": [
        "category-work",
        "graphic",
        "grid",
        "series-line",
        "title"
    ],
    "customTags": [
        "graphic",
        "line"
    ],
    "updaterUserName": "353694124"
}