{
    "cid": "xHyyWyiETZ",
    "authorUid": "bd-2174963159",
    "authorUserName": "黎大大live",
    "title": "环形图",
    "description": "环形图",
    "latestVersion": 3,
    "alwaysLatest": 1,
    "createTime": "2017-10-18T09:29:26.000Z",
    "lastUpdateTime": "2017-10-18T09:29:26.000Z",
    "auth": 2,
    "uid": "bd-2174963159",
    "publishedVersion": 0,
    "forkFrom": "-",
    "isSpam": 0,
    "version": 3,
    "parentVersion": 2,
    "echartsVersion": "3.8.0",
    "versionCreateTime": "2017-12-18T01:04:21.000Z",
    "html": "",
    "externalScripts": "",
    "updaterUID": "bd-2174963159",
    "theme": "dark",
    "layout": "",
    "viewCount": 502,
    "userName": "黎大大live",
    "commentCount": 0,
    "starCount": 3,
    "isStared": 0,
    "thumbnailURL": "https://www.makeapie.com/ecg-storage/ec_gallery_thumbnail/xHyyWyiETZ.png?v=1513559061508",
    "isCustomThumbnail": 0,
    "builtinTags": [
        "category-work",
        "series-pie",
        "title"
    ],
    "customTags": [],
    "updaterUserName": "黎大大live"
}