{
    "cid": "xr13DsN86Z",
    "authorUid": "bd-556757779",
    "authorUserName": "carsonchn",
    "title": "环比柱形图",
    "description": "同比或者环比图",
    "latestVersion": 1,
    "alwaysLatest": 1,
    "createTime": "2017-10-19T14:49:07.000Z",
    "lastUpdateTime": "2017-10-19T14:49:07.000Z",
    "auth": 2,
    "uid": "bd-556757779",
    "publishedVersion": 0,
    "forkFrom": "-",
    "isSpam": 0,
    "version": 1,
    "parentVersion": -1,
    "echartsVersion": "3.7.2",
    "versionCreateTime": "2017-10-19T14:49:07.000Z",
    "html": "",
    "externalScripts": "",
    "updaterUID": "bd-556757779",
    "theme": "",
    "layout": "",
    "viewCount": 175,
    "userName": "carsonchn",
    "commentCount": 0,
    "starCount": 1,
    "isStared": 0,
    "thumbnailURL": "https://www.makeapie.com/ecg-storage/ec_gallery_thumbnail/xr13DsN86Z.png?v=1508424547823",
    "isCustomThumbnail": 0,
    "builtinTags": [
        "category-work",
        "grid",
        "legend",
        "series-bar",
        "title",
        "toolbox",
        "tooltip"
    ],
    "customTags": [],
    "updaterUserName": "carsonchn"
}