{
    "cid": "xr1m3fMv6-",
    "authorUid": "bd-1916130272",
    "authorUserName": "肆肆肆厮",
    "title": "自定义toolbox修改series数据源",
    "description": "",
    "latestVersion": 2,
    "alwaysLatest": 1,
    "createTime": "2017-10-20T06:07:39.000Z",
    "lastUpdateTime": "2017-10-20T06:07:39.000Z",
    "auth": 1,
    "uid": "bd-1916130272",
    "publishedVersion": 0,
    "forkFrom": "-",
    "isSpam": 0,
    "version": 2,
    "parentVersion": 1,
    "echartsVersion": "3.7.2",
    "versionCreateTime": "2017-10-20T09:56:23.000Z",
    "html": "",
    "externalScripts": "/dep/echarts/map/js/china.js",
    "updaterUID": "bd-1916130272",
    "theme": "",
    "layout": "",
    "viewCount": 293,
    "userName": "肆肆肆厮",
    "commentCount": 0,
    "starCount": 3,
    "isStared": 0,
    "thumbnailURL": "https://www.makeapie.com/ecg-storage/ec_gallery_thumbnail/xr1m3fMv6-.png?v=1508493383906",
    "isCustomThumbnail": 0,
    "builtinTags": [
        "category-work",
        "dataZoom",
        "grid",
        "legend",
        "series-bar",
        "title",
        "toolbox",
        "tooltip"
    ],
    "customTags": [],
    "updaterUserName": "肆肆肆厮"
}