{
    "cid": "xrJ7b3qHpW",
    "authorUid": "bd-186954852",
    "authorUserName": "l***7",
    "title": "图形柱子",
    "description": "",
    "latestVersion": 3,
    "alwaysLatest": 1,
    "createTime": "2017-10-19T03:28:59.000Z",
    "lastUpdateTime": "2017-10-19T03:28:59.000Z",
    "auth": 2,
    "uid": "bd-186954852",
    "publishedVersion": 0,
    "forkFrom": "-",
    "isSpam": 0,
    "version": 3,
    "parentVersion": 2,
    "echartsVersion": "3.7.2",
    "versionCreateTime": "2017-10-19T08:57:37.000Z",
    "html": "",
    "externalScripts": "",
    "updaterUID": "bd-186954852",
    "theme": "",
    "layout": "",
    "viewCount": 149,
    "userName": "l***7",
    "commentCount": 0,
    "starCount": 3,
    "isStared": 0,
    "thumbnailURL": "https://www.makeapie.com/ecg-storage/ec_gallery_thumbnail/xrJ7b3qHpW.png?v=1508403457658",
    "isCustomThumbnail": 0,
    "builtinTags": [
        "category-work",
        "grid",
        "legend",
        "series-bar"
    ],
    "customTags": [],
    "updaterUserName": "l***7"
}