{
    "cid": "xrJdXNbM6-",
    "authorUid": "bd-4273464948",
    "authorUserName": "eztdev",
    "title": "医指通覆盖区域",
    "description": "data from PM25.in",
    "latestVersion": 1,
    "alwaysLatest": 1,
    "createTime": "2017-10-16T10:04:16.000Z",
    "lastUpdateTime": "2017-10-16T10:04:16.000Z",
    "auth": 2,
    "uid": "bd-4273464948",
    "publishedVersion": 0,
    "forkFrom": "-",
    "isSpam": 0,
    "version": 1,
    "parentVersion": -1,
    "echartsVersion": "3.7.2",
    "versionCreateTime": "2017-10-16T10:04:16.000Z",
    "html": "",
    "externalScripts": "",
    "updaterUID": "bd-4273464948",
    "theme": "",
    "layout": "",
    "viewCount": 77,
    "userName": "eztdev",
    "commentCount": 0,
    "starCount": 0,
    "isStared": 0,
    "thumbnailURL": "https://www.makeapie.com/ecg-storage/ec_gallery_thumbnail/xrJdXNbM6-.png?v=1508148256485",
    "isCustomThumbnail": 0,
    "builtinTags": [
        "category-work",
        "geo",
        "legend",
        "series-effectScatter",
        "series-scatter",
        "title",
        "tooltip"
    ],
    "customTags": [],
    "updaterUserName": "eztdev"
}