{
    "cid": "xrkLI7VE6W",
    "authorUid": "bd-2433902141",
    "authorUserName": "cucao",
    "title": "123",
    "description": "",
    "latestVersion": 3,
    "alwaysLatest": 1,
    "createTime": "2017-10-18T01:50:05.000Z",
    "lastUpdateTime": "2017-10-18T01:50:05.000Z",
    "auth": 2,
    "uid": "bd-2433902141",
    "publishedVersion": 0,
    "forkFrom": "-",
    "isSpam": 0,
    "version": 3,
    "parentVersion": 2,
    "echartsVersion": "3.7.2",
    "versionCreateTime": "2017-10-18T05:44:38.000Z",
    "html": "",
    "externalScripts": "",
    "updaterUID": "bd-2433902141",
    "theme": "",
    "layout": "",
    "viewCount": 130,
    "userName": "cucao",
    "commentCount": 0,
    "starCount": 0,
    "isStared": 0,
    "thumbnailURL": "https://www.makeapie.com/ecg-storage/ec_gallery_thumbnail/xrkLI7VE6W.png?v=1508305478894",
    "isCustomThumbnail": 0,
    "builtinTags": [
        "category-work",
        "grid",
        "legend",
        "series-line",
        "tooltip"
    ],
    "customTags": [],
    "updaterUserName": "cucao"
}