{
    "cid": "xSkHDz1IT-",
    "authorUid": "bd-1083205924",
    "authorUserName": "半城樱花_yong",
    "title": "背景饼图",
    "description": "带环状背景的饼图",
    "latestVersion": 1,
    "alwaysLatest": 1,
    "createTime": "2017-10-19T08:29:16.000Z",
    "lastUpdateTime": "2017-10-19T08:29:16.000Z",
    "auth": 2,
    "uid": "bd-1083205924",
    "publishedVersion": 0,
    "forkFrom": "-",
    "isSpam": 0,
    "version": 1,
    "parentVersion": -1,
    "echartsVersion": "3.7.2",
    "versionCreateTime": "2017-10-19T08:29:16.000Z",
    "html": "",
    "externalScripts": "",
    "updaterUID": "bd-1083205924",
    "theme": "",
    "layout": "",
    "viewCount": 2433,
    "userName": "半城樱花_yong",
    "commentCount": 2,
    "starCount": 2,
    "isStared": 0,
    "thumbnailURL": "https://www.makeapie.com/ecg-storage/ec_gallery_thumbnail/xSkHDz1IT-.png?v=1508401756871",
    "isCustomThumbnail": 0,
    "builtinTags": [
        "category-work",
        "legend",
        "series-pie",
        "title",
        "tooltip"
    ],
    "customTags": [],
    "updaterUserName": "半城樱花_yong"
}