{
    "cid": "x25Mrw4vjI",
    "authorUid": "bd-2567567083",
    "authorUserName": "青***染",
    "title": "大转盘",
    "description": "",
    "latestVersion": 1,
    "alwaysLatest": 1,
    "createTime": "2020-11-09T12:01:30.000Z",
    "lastUpdateTime": "2020-11-09T12:01:30.000Z",
    "auth": 2,
    "uid": "bd-2567567083",
    "publishedVersion": 0,
    "forkFrom": "-",
    "isSpam": 0,
    "version": 1,
    "parentVersion": -1,
    "echartsVersion": "4.8.0",
    "versionCreateTime": "2020-11-09T12:01:30.000Z",
    "html": "",
    "externalScripts": "",
    "updaterUID": "bd-2567567083",
    "theme": "",
    "layout": "",
    "viewCount": 136,
    "userName": "青***染",
    "commentCount": 0,
    "starCount": 1,
    "isStared": 0,
    "thumbnailURL": "https://www.makeapie.com/ecg-storage/ec_gallery_thumbnail/x25Mrw4vjI.png?v=1604923291104",
    "isCustomThumbnail": 0,
    "builtinTags": [
        "category-work",
        "legend",
        "series-pie",
        "title"
    ],
    "customTags": [],
    "updaterUserName": "青***染"
}