{
    "cid": "x90e4y1T2x",
    "authorUid": "obd-oNZD5_7gLNdNiG8Prcu4Yw2NAwjn5CL",
    "authorUserName": "杨***5",
    "title": "显示最大值渐变横向柱图",
    "description": "",
    "latestVersion": 1,
    "alwaysLatest": 1,
    "createTime": "2020-11-09T03:48:20.000Z",
    "lastUpdateTime": "2020-11-09T03:48:20.000Z",
    "auth": 2,
    "uid": "obd-oNZD5_7gLNdNiG8Prcu4Yw2NAwjn5CL",
    "publishedVersion": 0,
    "forkFrom": "-",
    "isSpam": 0,
    "version": 1,
    "parentVersion": -1,
    "echartsVersion": "4.8.0",
    "versionCreateTime": "2020-11-09T03:48:20.000Z",
    "html": "",
    "externalScripts": "",
    "updaterUID": "obd-oNZD5_7gLNdNiG8Prcu4Yw2NAwjn5CL",
    "theme": "",
    "layout": "",
    "viewCount": 112,
    "userName": "杨***5",
    "commentCount": 0,
    "starCount": 0,
    "isStared": 0,
    "thumbnailURL": "https://www.makeapie.com/ecg-storage/ec_gallery_thumbnail/x90e4y1T2x.png?v=1604893700682",
    "isCustomThumbnail": 0,
    "builtinTags": [
        "category-work",
        "grid",
        "series-bar",
        "tooltip"
    ],
    "customTags": [],
    "updaterUserName": "杨***5"
}