{
    "cid": "xbxqHSjx_K",
    "authorUid": "bd-171648521",
    "authorUserName": "绿***绿",
    "title": "75%",
    "description": "pie",
    "latestVersion": 1,
    "alwaysLatest": 1,
    "createTime": "2020-11-09T09:19:15.000Z",
    "lastUpdateTime": "2020-11-09T09:19:15.000Z",
    "auth": 2,
    "uid": "bd-171648521",
    "publishedVersion": 0,
    "forkFrom": "-",
    "isSpam": 0,
    "version": 1,
    "parentVersion": -1,
    "echartsVersion": "4.8.0",
    "versionCreateTime": "2020-11-09T09:19:15.000Z",
    "html": "",
    "externalScripts": "",
    "updaterUID": "bd-171648521",
    "theme": "",
    "layout": "",
    "viewCount": 256,
    "userName": "绿***绿",
    "commentCount": 0,
    "starCount": 2,
    "isStared": 0,
    "thumbnailURL": "https://www.makeapie.com/ecg-storage/ec_gallery_thumbnail/xbxqHSjx_K.png?v=1604913555655",
    "isCustomThumbnail": 0,
    "builtinTags": [
        "category-work",
        "polar",
        "series-bar",
        "series-pie",
        "title"
    ],
    "customTags": [],
    "updaterUserName": "绿***绿"
}