{
    "cid": "xg88BUNgFy",
    "authorUid": "obd-olLlcu5sOyT1Xi3NsCrCTzPsUdE6A0q",
    "authorUserName": "130*****982",
    "title": "Awesome Chart4343",
    "description": "",
    "latestVersion": 2,
    "alwaysLatest": 1,
    "createTime": "2020-11-06T13:38:19.000Z",
    "lastUpdateTime": "2020-11-06T13:38:19.000Z",
    "auth": 2,
    "uid": "obd-olLlcu5sOyT1Xi3NsCrCTzPsUdE6A0q",
    "publishedVersion": 0,
    "forkFrom": "-",
    "isSpam": 0,
    "version": 2,
    "parentVersion": 1,
    "echartsVersion": "4.8.0",
    "versionCreateTime": "2020-11-06T13:42:01.000Z",
    "html": "",
    "externalScripts": "",
    "updaterUID": "obd-olLlcu5sOyT1Xi3NsCrCTzPsUdE6A0q",
    "theme": "",
    "layout": "",
    "viewCount": 26,
    "userName": "130*****982",
    "commentCount": 0,
    "starCount": 0,
    "isStared": 0,
    "thumbnailURL": "https://www.makeapie.com/ecg-storage/ec_gallery_thumbnail/xg88BUNgFy.png?v=1604670121380",
    "isCustomThumbnail": 0,
    "builtinTags": [
        "category-work",
        "grid",
        "series-line",
        "title"
    ],
    "customTags": [],
    "updaterUserName": "130*****982"
}