{
    "cid": "xJcN1mKrtm",
    "authorUid": "obd-ojok0alWTQPs_TXsuxZyvC6hqlv3kE5",
    "authorUserName": "h***鸦",
    "title": "仪表盘",
    "description": "通过series.radius可以调整周边空白；axisLine.lineStyle.width调整环宽;axisLine.lineStyle.color调整各阶段颜色",
    "latestVersion": 3,
    "alwaysLatest": 1,
    "createTime": "2020-11-09T13:02:40.000Z",
    "lastUpdateTime": "2020-11-09T13:02:40.000Z",
    "auth": 2,
    "uid": "obd-ojok0alWTQPs_TXsuxZyvC6hqlv3kE5",
    "publishedVersion": 0,
    "forkFrom": "-",
    "isSpam": 0,
    "version": 3,
    "parentVersion": 2,
    "echartsVersion": "4.8.0",
    "versionCreateTime": "2021-01-12T02:52:34.000Z",
    "html": "",
    "externalScripts": "",
    "updaterUID": "obd-ojok0alWTQPs_TXsuxZyvC6hqlv3kE5",
    "theme": "",
    "layout": "",
    "viewCount": 211,
    "userName": "h***鸦",
    "commentCount": 2,
    "starCount": 4,
    "isStared": 0,
    "thumbnailURL": "https://www.makeapie.com/ecg-storage/ec_gallery_thumbnail/xJcN1mKrtm.png?v=1610419954165",
    "isCustomThumbnail": 0,
    "builtinTags": [
        "category-work",
        "series-gauge",
        "tooltip"
    ],
    "customTags": [],
    "updaterUserName": "h***鸦"
}