{
    "cid": "xK3TkBdNFs",
    "authorUid": "obd-o2rLNh0qJ5G_mzprXJjN5B9Qq8wlO6K",
    "authorUserName": "c***J",
    "title": "扇形有阴影",
    "description": "",
    "latestVersion": 2,
    "alwaysLatest": 1,
    "createTime": "2020-11-10T01:38:17.000Z",
    "lastUpdateTime": "2020-11-10T01:38:17.000Z",
    "auth": 2,
    "uid": "obd-o2rLNh0qJ5G_mzprXJjN5B9Qq8wlO6K",
    "publishedVersion": 0,
    "forkFrom": "-",
    "isSpam": 0,
    "version": 2,
    "parentVersion": 1,
    "echartsVersion": "4.8.0",
    "versionCreateTime": "2020-11-10T01:44:20.000Z",
    "html": "",
    "externalScripts": "",
    "updaterUID": "obd-o2rLNh0qJ5G_mzprXJjN5B9Qq8wlO6K",
    "theme": "",
    "layout": "",
    "viewCount": 106,
    "userName": "c***J",
    "commentCount": 0,
    "starCount": 1,
    "isStared": 0,
    "thumbnailURL": "https://www.makeapie.com/ecg-storage/ec_gallery_thumbnail/xK3TkBdNFs.png?v=1604972660201",
    "isCustomThumbnail": 0,
    "builtinTags": [
        "category-work",
        "legend",
        "series-pie"
    ],
    "customTags": [],
    "updaterUserName": "c***J"
}