{
    "cid": "xl2i_TGxx1",
    "authorUid": "obd-o2pqtqI77aLmnejEOnAFDwwsnqTki6D",
    "authorUserName": "H***w",
    "title": "负面意见概览",
    "description": "",
    "latestVersion": 1,
    "alwaysLatest": 1,
    "createTime": "2020-11-09T08:20:38.000Z",
    "lastUpdateTime": "2020-11-09T08:20:38.000Z",
    "auth": 2,
    "uid": "obd-o2pqtqI77aLmnejEOnAFDwwsnqTki6D",
    "publishedVersion": 0,
    "forkFrom": "-",
    "isSpam": 0,
    "version": 1,
    "parentVersion": -1,
    "echartsVersion": "4.8.0",
    "versionCreateTime": "2020-11-09T08:20:38.000Z",
    "html": "",
    "externalScripts": "",
    "updaterUID": "obd-o2pqtqI77aLmnejEOnAFDwwsnqTki6D",
    "theme": "",
    "layout": "",
    "viewCount": 10,
    "userName": "H***w",
    "commentCount": 0,
    "starCount": 0,
    "isStared": 0,
    "thumbnailURL": "https://www.makeapie.com/ecg-storage/ec_gallery_thumbnail/xl2i_TGxx1.png?v=1604910038866",
    "isCustomThumbnail": 0,
    "builtinTags": [
        "category-work",
        "grid",
        "series-line",
        "title"
    ],
    "customTags": [],
    "updaterUserName": "H***w"
}