{
    "cid": "xnzOjiHmZv",
    "authorUid": "obd-oPXyaozbbWKGInN7iHnMzWMPARkuj9l",
    "authorUserName": "龙***恒",
    "title": "地图折线标记物",
    "description": "地图折线标记物",
    "latestVersion": 6,
    "alwaysLatest": 1,
    "createTime": "2020-11-10T05:45:54.000Z",
    "lastUpdateTime": "2020-11-10T05:58:36.000Z",
    "auth": 2,
    "uid": "obd-oPXyaozbbWKGInN7iHnMzWMPARkuj9l",
    "publishedVersion": 0,
    "forkFrom": "-",
    "isSpam": 0,
    "version": 6,
    "parentVersion": 5,
    "echartsVersion": "4.8.0",
    "versionCreateTime": "2020-11-10T06:04:46.000Z",
    "html": "",
    "externalScripts": "",
    "updaterUID": "obd-oPXyaozbbWKGInN7iHnMzWMPARkuj9l",
    "theme": "default",
    "layout": "",
    "viewCount": 88,
    "userName": "龙***恒",
    "commentCount": 0,
    "starCount": 0,
    "isStared": 0,
    "thumbnailURL": "https://www.makeapie.com/ecg-storage/ec_gallery_thumbnail/xnzOjiHmZv.png?v=1604988286144",
    "isCustomThumbnail": 0,
    "builtinTags": [],
    "customTags": [],
    "updaterUserName": "龙***恒"
}