{
    "cid": "xQVSI5ywez",
    "authorUid": "obd-ojD2J1-_2eHU3TncYEJL7ej94Xe50EI",
    "authorUserName": "王***d",
    "title": "打卤馕",
    "description": "",
    "latestVersion": 3,
    "alwaysLatest": 1,
    "createTime": "2020-11-07T15:25:18.000Z",
    "lastUpdateTime": "2020-11-07T15:25:18.000Z",
    "auth": 1,
    "uid": "obd-ojD2J1-_2eHU3TncYEJL7ej94Xe50EI",
    "publishedVersion": 0,
    "forkFrom": "-",
    "isSpam": 0,
    "version": 3,
    "parentVersion": 2,
    "echartsVersion": "4.8.0",
    "versionCreateTime": "2020-11-07T15:26:33.000Z",
    "html": "",
    "externalScripts": "",
    "updaterUID": "obd-ojD2J1-_2eHU3TncYEJL7ej94Xe50EI",
    "theme": "",
    "layout": "",
    "viewCount": 101,
    "userName": "王***d",
    "commentCount": 0,
    "starCount": 1,
    "isStared": 0,
    "thumbnailURL": "https://www.makeapie.com/ecg-storage/ec_gallery_thumbnail/xQVSI5ywez.png?v=1604762793443",
    "isCustomThumbnail": 0,
    "builtinTags": [
        "category-work",
        "legend",
        "series-pie"
    ],
    "customTags": [],
    "updaterUserName": "王***d"
}