{
    "cid": "xtY6H10ZhE",
    "authorUid": "bd-7382906384",
    "authorUserName": "满***6",
    "title": "不同颜色边框渐变色柱子",
    "description": "",
    "latestVersion": 1,
    "alwaysLatest": 1,
    "createTime": "2020-11-09T06:57:02.000Z",
    "lastUpdateTime": "2020-11-09T06:57:02.000Z",
    "auth": 2,
    "uid": "bd-7382906384",
    "publishedVersion": 0,
    "forkFrom": "-",
    "isSpam": 0,
    "version": 1,
    "parentVersion": -1,
    "echartsVersion": "4.8.0",
    "versionCreateTime": "2020-11-09T06:57:02.000Z",
    "html": "",
    "externalScripts": "",
    "updaterUID": "bd-7382906384",
    "theme": "",
    "layout": "",
    "viewCount": 18,
    "userName": "满***6",
    "commentCount": 0,
    "starCount": 0,
    "isStared": 0,
    "thumbnailURL": "https://www.makeapie.com/ecg-storage/ec_gallery_thumbnail/xtY6H10ZhE.png?v=1604905023137",
    "isCustomThumbnail": 0,
    "builtinTags": [
        "category-work",
        "grid",
        "legend",
        "series-bar",
        "tooltip"
    ],
    "customTags": [],
    "updaterUserName": "满***6"
}