{
    "cid": "xtYcLN7Aas",
    "authorUid": "bd-1833292178",
    "authorUserName": "和***长",
    "title": "阶段内时钟",
    "description": "",
    "latestVersion": 2,
    "alwaysLatest": 1,
    "createTime": "2020-11-10T04:02:52.000Z",
    "lastUpdateTime": "2020-11-10T04:02:52.000Z",
    "auth": 1,
    "uid": "bd-1833292178",
    "publishedVersion": 0,
    "forkFrom": "-",
    "isSpam": 0,
    "version": 2,
    "parentVersion": 1,
    "echartsVersion": "4.8.0",
    "versionCreateTime": "2020-11-10T06:15:28.000Z",
    "html": "",
    "externalScripts": "",
    "updaterUID": "bd-1833292178",
    "theme": "",
    "layout": "",
    "viewCount": 61,
    "userName": "和***长",
    "commentCount": 0,
    "starCount": 2,
    "isStared": 0,
    "thumbnailURL": "https://www.makeapie.com/ecg-storage/ec_gallery_thumbnail/xtYcLN7Aas.png?v=1604988928920",
    "isCustomThumbnail": 0,
    "builtinTags": [
        "category-work",
        "series-gauge",
        "series-pie"
    ],
    "customTags": [],
    "updaterUserName": "和***长"
}