{
    "cid": "xWQ5Km4v6t",
    "authorUid": "obd-o2pqtqI77aLmnejEOnAFDwwsnqTki6D",
    "authorUserName": "H***w",
    "title": "官方饼状图 test",
    "description": "",
    "latestVersion": 3,
    "alwaysLatest": 1,
    "createTime": "2020-11-09T06:50:25.000Z",
    "lastUpdateTime": "2020-11-22T05:38:21.000Z",
    "auth": 2,
    "uid": "obd-o2pqtqI77aLmnejEOnAFDwwsnqTki6D",
    "publishedVersion": 0,
    "forkFrom": "-",
    "isSpam": 0,
    "version": 3,
    "parentVersion": 2,
    "echartsVersion": "4.8.0",
    "versionCreateTime": "2020-11-22T05:49:29.000Z",
    "html": "",
    "externalScripts": "",
    "updaterUID": "obd-o2pqtqI77aLmnejEOnAFDwwsnqTki6D",
    "theme": "default",
    "layout": "",
    "viewCount": 18,
    "userName": "H***w",
    "commentCount": 0,
    "starCount": 0,
    "isStared": 0,
    "thumbnailURL": "https://www.makeapie.com/ecg-storage/ec_gallery_thumbnail/xWQ5Km4v6t.png?v=1606024169152",
    "isCustomThumbnail": 0,
    "builtinTags": [],
    "customTags": [],
    "updaterUserName": "H***w"
}