{
    "cid": "xByE000kMl",
    "authorUid": "bd-3507376824",
    "authorUserName": "_***了",
    "title": "滑动刻度值",
    "description": "游标展示数值的变化以及级别",
    "latestVersion": 3,
    "alwaysLatest": 1,
    "createTime": "2016-11-21T02:41:16.000Z",
    "lastUpdateTime": "2016-11-21T02:41:16.000Z",
    "auth": 1,
    "uid": "bd-3507376824",
    "publishedVersion": 0,
    "forkFrom": "-",
    "isSpam": 0,
    "version": 3,
    "parentVersion": 2,
    "echartsVersion": "3.8.0",
    "versionCreateTime": "2020-11-19T06:29:31.000Z",
    "html": "",
    "externalScripts": "",
    "updaterUID": "obd-ojdzrZTV4f6klGdd72JhrRtUOTs3iEH",
    "theme": "",
    "layout": "",
    "viewCount": 3692,
    "userName": "_***了",
    "commentCount": 0,
    "starCount": 13,
    "isStared": 0,
    "thumbnailURL": "https://www.makeapie.com/ecg-storage/ec_gallery_thumbnail/xByE000kMl.png?v=1479696076317",
    "isCustomThumbnail": 1,
    "builtinTags": [
        "category-work",
        "grid",
        "series-bar",
        "series-line",
        "tooltip"
    ],
    "customTags": [],
    "updaterUserName": "花***锅"
}