{
    "cid": "xHJkfwxiZx",
    "authorUid": "bd-3796128407",
    "authorUserName": "王***响",
    "title": "本周空气质量指数",
    "description": "",
    "latestVersion": 5,
    "alwaysLatest": 1,
    "createTime": "2016-11-17T09:23:19.000Z",
    "lastUpdateTime": "2017-02-08T03:43:02.000Z",
    "auth": 2,
    "uid": "bd-3796128407",
    "publishedVersion": 0,
    "forkFrom": "-",
    "isSpam": 0,
    "version": 5,
    "parentVersion": 4,
    "echartsVersion": "3.3.2",
    "versionCreateTime": "2016-12-07T12:13:47.000Z",
    "html": "",
    "externalScripts": "",
    "updaterUID": "bd-3796128407",
    "theme": "default",
    "layout": "{\"name\":\"1xN\",\"width\":[],\"height\":[]}",
    "viewCount": 4914,
    "userName": "王***响",
    "commentCount": 11,
    "starCount": 13,
    "isStared": 0,
    "thumbnailURL": "https://www.makeapie.com/ecg-storage/ec_gallery_thumbnail/xHJkfwxiZx.png?v=1479395848060",
    "isCustomThumbnail": 1,
    "builtinTags": [],
    "customTags": [],
    "updaterUserName": "王***响"
}