{
    "cid": "xHJmGaKK-x",
    "authorUid": "bd-2993736275",
    "authorUserName": "琵莎麦天枰",
    "title": "批量生成多组图表",
    "description": "批量生成多组图表",
    "latestVersion": 1,
    "alwaysLatest": 1,
    "createTime": "2016-11-16T07:38:50.000Z",
    "lastUpdateTime": "2016-11-16T07:38:50.000Z",
    "auth": 2,
    "uid": "bd-2993736275",
    "publishedVersion": 0,
    "forkFrom": "-",
    "isSpam": 0,
    "version": 1,
    "parentVersion": -1,
    "echartsVersion": "3.3.0",
    "versionCreateTime": "2016-11-16T07:38:50.000Z",
    "html": "",
    "externalScripts": "",
    "updaterUID": "bd-2993736275",
    "theme": "dark",
    "layout": "",
    "viewCount": 13313,
    "userName": "琵莎麦天枰",
    "commentCount": 6,
    "starCount": 51,
    "isStared": 0,
    "thumbnailURL": "https://www.makeapie.com/ecg-storage/ec_gallery_thumbnail/xHJmGaKK-x.png?v=1479281930993",
    "isCustomThumbnail": 0,
    "builtinTags": [
        "category-work",
        "grid",
        "series-bar",
        "series-line",
        "title"
    ],
    "customTags": [],
    "updaterUserName": "琵莎麦天枰"
}