{
    "cid": "xHknbRf3We",
    "authorUid": "bd-1192091434",
    "authorUserName": "s***2",
    "title": "Hack: gradient on pie",
    "description": "tangential",
    "latestVersion": 1,
    "alwaysLatest": 1,
    "createTime": "2016-11-18T06:21:56.000Z",
    "lastUpdateTime": "2016-11-18T06:21:56.000Z",
    "auth": 2,
    "uid": "bd-1192091434",
    "publishedVersion": 0,
    "forkFrom": "-",
    "isSpam": 0,
    "version": 1,
    "parentVersion": -1,
    "echartsVersion": "3.3.0",
    "versionCreateTime": "2016-11-18T06:21:56.000Z",
    "html": "",
    "externalScripts": "",
    "updaterUID": "bd-1192091434",
    "theme": "",
    "layout": "",
    "viewCount": 1384,
    "userName": "s***2",
    "commentCount": 0,
    "starCount": 9,
    "isStared": 0,
    "thumbnailURL": "https://www.makeapie.com/ecg-storage/ec_gallery_thumbnail/xHknbRf3We.png?v=1479450116667",
    "isCustomThumbnail": 0,
    "builtinTags": [
        "category-work",
        "legend",
        "series-pie",
        "visualMap"
    ],
    "customTags": [],
    "updaterUserName": "s***2"
}