{
    "cid": "xHkNrtouWx",
    "authorUid": "bd-2315755981",
    "authorUserName": "cqcn1991",
    "title": "三星在2011-2012年间，成功成为智能手机市场领跑者",
    "description": "苹果被成功阻击，诺基亚、HTC等持续下跌",
    "latestVersion": 1,
    "alwaysLatest": 1,
    "createTime": "2016-11-15T15:26:52.000Z",
    "lastUpdateTime": "2016-11-15T15:26:52.000Z",
    "auth": 2,
    "uid": "bd-2315755981",
    "publishedVersion": 0,
    "forkFrom": "-",
    "isSpam": 0,
    "version": 1,
    "parentVersion": -1,
    "echartsVersion": "3.3.0",
    "versionCreateTime": "2016-11-15T15:26:52.000Z",
    "html": "",
    "externalScripts": "",
    "updaterUID": "bd-2315755981",
    "theme": "",
    "layout": "",
    "viewCount": 1223,
    "userName": "cqcn1991",
    "commentCount": 0,
    "starCount": 0,
    "isStared": 0,
    "thumbnailURL": "https://www.makeapie.com/ecg-storage/ec_gallery_thumbnail/xHkNrtouWx.png?v=1479223612128",
    "isCustomThumbnail": 0,
    "builtinTags": [
        "category-work",
        "grid",
        "legend",
        "series-line",
        "series-scatter",
        "title",
        "tooltip"
    ],
    "customTags": [],
    "updaterUserName": "cqcn1991"
}