{
    "cid": "xHkpGJUuWg",
    "authorUid": "bd-2315755981",
    "authorUserName": "cqcn1991",
    "title": "2016年，MO&Co.达到天猫服装品类销量前十，并以均价680元位列第一",
    "description": "",
    "latestVersion": 1,
    "alwaysLatest": 1,
    "createTime": "2016-11-15T09:02:12.000Z",
    "lastUpdateTime": "2016-11-20T11:07:45.000Z",
    "auth": 2,
    "uid": "bd-2315755981",
    "publishedVersion": 0,
    "forkFrom": "-",
    "isSpam": 0,
    "version": 1,
    "parentVersion": -1,
    "echartsVersion": "3.3.0",
    "versionCreateTime": "2016-11-15T09:02:12.000Z",
    "html": "",
    "externalScripts": "",
    "updaterUID": "bd-2315755981",
    "theme": "vintage",
    "layout": "",
    "viewCount": 1541,
    "userName": "cqcn1991",
    "commentCount": 0,
    "starCount": 4,
    "isStared": 0,
    "thumbnailURL": "https://www.makeapie.com/ecg-storage/ec_gallery_thumbnail/xHkpGJUuWg.png?v=1479200532971",
    "isCustomThumbnail": 0,
    "builtinTags": [],
    "customTags": [],
    "updaterUserName": "cqcn1991"
}