{
    "cid": "xHy6gXpq-l",
    "authorUid": "bd-2788798231",
    "authorUserName": "小银银叔",
    "title": "多个圆环",
    "description": "给群友制作的\n群号：152448569",
    "latestVersion": 1,
    "alwaysLatest": 1,
    "createTime": "2016-11-17T05:41:09.000Z",
    "lastUpdateTime": "2016-11-17T05:41:09.000Z",
    "auth": 2,
    "uid": "bd-2788798231",
    "publishedVersion": 0,
    "forkFrom": "-",
    "isSpam": 0,
    "version": 1,
    "parentVersion": -1,
    "echartsVersion": "3.3.0",
    "versionCreateTime": "2016-11-17T05:41:09.000Z",
    "html": "",
    "externalScripts": "",
    "updaterUID": "bd-2788798231",
    "theme": "",
    "layout": "",
    "viewCount": 1394,
    "userName": "小银银叔",
    "commentCount": 0,
    "starCount": 1,
    "isStared": 0,
    "thumbnailURL": "https://www.makeapie.com/ecg-storage/ec_gallery_thumbnail/xHy6gXpq-l.png?v=1479361269161",
    "isCustomThumbnail": 0,
    "builtinTags": [
        "category-work",
        "series-pie"
    ],
    "customTags": [],
    "updaterUserName": "小银银叔"
}