{
    "cid": "xrJYso8uZe",
    "authorUid": "bd-2656419351",
    "authorUserName": "SH小辉叔",
    "title": "客单消费分析201512-201611",
    "description": "纯属虚构",
    "latestVersion": 10,
    "alwaysLatest": 1,
    "createTime": "2016-11-15T09:55:45.000Z",
    "lastUpdateTime": "2016-11-15T09:55:45.000Z",
    "auth": 2,
    "uid": "bd-2656419351",
    "publishedVersion": 0,
    "forkFrom": "-",
    "isSpam": 0,
    "version": 10,
    "parentVersion": 9,
    "echartsVersion": "3.3.0",
    "versionCreateTime": "2016-11-15T10:34:10.000Z",
    "html": "",
    "externalScripts": "",
    "updaterUID": "bd-2656419351",
    "theme": "",
    "layout": "",
    "viewCount": 571,
    "userName": "SH小辉叔",
    "commentCount": 0,
    "starCount": 1,
    "isStared": 0,
    "thumbnailURL": "https://www.makeapie.com/ecg-storage/ec_gallery_thumbnail/xrJYso8uZe.png?v=1479206050629",
    "isCustomThumbnail": 0,
    "builtinTags": [
        "category-work",
        "grid",
        "legend",
        "series-bar",
        "title",
        "tooltip"
    ],
    "customTags": [],
    "updaterUserName": "SH小辉叔"
}