{
    "cid": "xrkC8Zeq-l",
    "authorUid": "bd-4230368007",
    "authorUserName": "a935045149",
    "title": "可模仿写轮眼",
    "description": "test demo test demo",
    "latestVersion": 11,
    "alwaysLatest": 1,
    "createTime": "2016-11-16T14:46:46.000Z",
    "lastUpdateTime": "2016-11-16T14:46:46.000Z",
    "auth": 1,
    "uid": "bd-4230368007",
    "publishedVersion": 0,
    "forkFrom": "-",
    "isSpam": 0,
    "version": 11,
    "parentVersion": 10,
    "echartsVersion": "3.8.0",
    "versionCreateTime": "2018-09-03T01:20:18.000Z",
    "html": "",
    "externalScripts": "",
    "updaterUID": "bd-1848505194",
    "theme": "",
    "layout": "",
    "viewCount": 8769,
    "userName": "a935045149",
    "commentCount": 5,
    "starCount": 31,
    "isStared": 0,
    "thumbnailURL": "https://www.makeapie.com/ecg-storage/ec_gallery_thumbnail/xrkC8Zeq-l.png?v=1535937618409",
    "isCustomThumbnail": 0,
    "builtinTags": [
        "category-work",
        "series-pie"
    ],
    "customTags": [],
    "updaterUserName": "ziwuniao1"
}