{
    "cid": "xrkGm8Ccbx",
    "authorUid": "bd-1696688313",
    "authorUserName": "水***6",
    "title": "雷达图总集",
    "description": "",
    "latestVersion": 1,
    "alwaysLatest": 1,
    "createTime": "2016-11-17T07:02:49.000Z",
    "lastUpdateTime": "2016-11-17T07:02:49.000Z",
    "auth": 2,
    "uid": "bd-1696688313",
    "publishedVersion": 0,
    "forkFrom": "-",
    "isSpam": 0,
    "version": 1,
    "parentVersion": -1,
    "echartsVersion": "3.3.0",
    "versionCreateTime": "2016-11-17T07:02:49.000Z",
    "html": "",
    "externalScripts": "",
    "updaterUID": "bd-1696688313",
    "theme": "",
    "layout": "",
    "viewCount": 1885,
    "userName": "水***6",
    "commentCount": 0,
    "starCount": 1,
    "isStared": 0,
    "thumbnailURL": "https://www.makeapie.com/ecg-storage/ec_gallery_thumbnail/xrkGm8Ccbx.png?v=1479366170141",
    "isCustomThumbnail": 0,
    "builtinTags": [
        "category-work",
        "radar",
        "series-radar",
        "title",
        "tooltip"
    ],
    "customTags": [],
    "updaterUserName": "水***6"
}