{
    "cid": "xrkLqXAUbe",
    "authorUid": "bd-2315755981",
    "authorUserName": "cqcn1991",
    "title": "雅虎日本的用户年龄构成中，中老年用户（30岁以上）占到了绝大多数",
    "description": "",
    "latestVersion": 2,
    "alwaysLatest": 1,
    "createTime": "2016-11-14T06:02:54.000Z",
    "lastUpdateTime": "2016-11-14T06:02:54.000Z",
    "auth": 2,
    "uid": "bd-2315755981",
    "publishedVersion": 0,
    "forkFrom": "-",
    "isSpam": 0,
    "version": 2,
    "parentVersion": 1,
    "echartsVersion": "3.3.0",
    "versionCreateTime": "2016-11-15T09:16:08.000Z",
    "html": "",
    "externalScripts": "",
    "updaterUID": "bd-2315755981",
    "theme": "",
    "layout": "",
    "viewCount": 864,
    "userName": "cqcn1991",
    "commentCount": 0,
    "starCount": 1,
    "isStared": 0,
    "thumbnailURL": "https://www.makeapie.com/ecg-storage/ec_gallery_thumbnail/xrkLqXAUbe.png?v=1479201368738",
    "isCustomThumbnail": 0,
    "builtinTags": [
        "category-work",
        "grid",
        "series-bar",
        "title",
        "tooltip"
    ],
    "customTags": [],
    "updaterUserName": "cqcn1991"
}