{
    "cid": "xrycCOZgfl",
    "authorUid": "bd-3776283732",
    "authorUserName": "berlai056",
    "title": "2014年-2016年淘宝“双十一”各省成交额",
    "description": "单位：万元",
    "latestVersion": 2,
    "alwaysLatest": 1,
    "createTime": "2016-11-21T05:40:34.000Z",
    "lastUpdateTime": "2016-11-21T05:40:34.000Z",
    "auth": 2,
    "uid": "bd-3776283732",
    "publishedVersion": 0,
    "forkFrom": "-",
    "isSpam": 0,
    "version": 2,
    "parentVersion": 1,
    "echartsVersion": "3.3.1",
    "versionCreateTime": "2016-11-24T08:44:20.000Z",
    "html": "",
    "externalScripts": "/dep/echarts/map/js/china.js",
    "updaterUID": "bd-3776283732",
    "theme": "",
    "layout": "",
    "viewCount": 3263,
    "userName": "berlai056",
    "commentCount": 0,
    "starCount": 4,
    "isStared": 0,
    "thumbnailURL": "https://www.makeapie.com/ecg-storage/ec_gallery_thumbnail/xrycCOZgfl.png?v=1479977061115",
    "isCustomThumbnail": 0,
    "builtinTags": [
        "category-work",
        "legend",
        "series-map",
        "title",
        "toolbox",
        "tooltip",
        "visualMap"
    ],
    "customTags": [],
    "updaterUserName": "berlai056"
}