{
    "cid": "xS1yswGEbx",
    "authorUid": "bd-3626944205",
    "authorUserName": "钸***糖",
    "title": "yaopin",
    "description": "",
    "latestVersion": 4,
    "alwaysLatest": 1,
    "createTime": "2016-11-12T04:16:23.000Z",
    "lastUpdateTime": "2016-11-13T14:11:06.000Z",
    "auth": 2,
    "uid": "bd-3626944205",
    "publishedVersion": 0,
    "forkFrom": "-",
    "isSpam": 0,
    "version": 4,
    "parentVersion": 3,
    "echartsVersion": "3.3.0",
    "versionCreateTime": "2016-11-13T20:10:49.000Z",
    "html": "",
    "externalScripts": "",
    "updaterUID": "bd-3626944205",
    "theme": "vintage",
    "layout": "",
    "viewCount": 830,
    "userName": "钸***糖",
    "commentCount": 0,
    "starCount": 1,
    "isStared": 0,
    "thumbnailURL": "https://www.makeapie.com/ecg-storage/ec_gallery_thumbnail/xS1yswGEbx.png?v=1479067850223",
    "isCustomThumbnail": 0,
    "builtinTags": [],
    "customTags": [],
    "updaterUserName": "钸***糖"
}