{
    "cid": "xB1N4nX6ZW",
    "authorUid": "bd-4265933866",
    "authorUserName": "h***1",
    "title": "违规占比雷达图",
    "description": "",
    "latestVersion": 3,
    "alwaysLatest": 1,
    "createTime": "2017-06-01T05:54:51.000Z",
    "lastUpdateTime": "2017-06-01T05:54:51.000Z",
    "auth": 2,
    "uid": "bd-4265933866",
    "publishedVersion": 0,
    "forkFrom": "-",
    "isSpam": 0,
    "version": 3,
    "parentVersion": 2,
    "echartsVersion": "3.6.2",
    "versionCreateTime": "2017-06-28T06:26:17.000Z",
    "html": "",
    "externalScripts": "",
    "updaterUID": "bd-4265933866",
    "theme": "",
    "layout": "",
    "viewCount": 4985,
    "userName": "h***1",
    "commentCount": 0,
    "starCount": 28,
    "isStared": 0,
    "thumbnailURL": "https://www.makeapie.com/ecg-storage/ec_gallery_thumbnail/xB1N4nX6ZW.png?v=1498631177500",
    "isCustomThumbnail": 0,
    "builtinTags": [
        "category-work",
        "legend",
        "radar",
        "series-radar",
        "tooltip",
        "visualMap"
    ],
    "customTags": [],
    "updaterUserName": "h***1"
}