{
    "cid": "xB1nPVfmMW",
    "authorUid": "bd-3825252040",
    "authorUserName": "haliluya26",
    "title": "荣格类型",
    "description": "",
    "latestVersion": 1,
    "alwaysLatest": 1,
    "createTime": "2017-06-05T17:27:00.000Z",
    "lastUpdateTime": "2017-06-05T17:27:00.000Z",
    "auth": 2,
    "uid": "bd-3825252040",
    "publishedVersion": 0,
    "forkFrom": "-",
    "isSpam": 0,
    "version": 1,
    "parentVersion": -1,
    "echartsVersion": "3.6.1",
    "versionCreateTime": "2017-06-05T17:27:00.000Z",
    "html": "",
    "externalScripts": "",
    "updaterUID": "bd-3825252040",
    "theme": "",
    "layout": "",
    "viewCount": 1770,
    "userName": "haliluya26",
    "commentCount": 0,
    "starCount": 2,
    "isStared": 0,
    "thumbnailURL": "https://www.makeapie.com/ecg-storage/ec_gallery_thumbnail/xB1nPVfmMW.png?v=1496683620936",
    "isCustomThumbnail": 0,
    "builtinTags": [
        "category-work",
        "radar",
        "series-radar",
        "tooltip"
    ],
    "customTags": [],
    "updaterUserName": "haliluya26"
}