{
    "cid": "xBknmPXpWb",
    "authorUid": "bd-504301386",
    "authorUserName": "skymeteorlc",
    "title": "阶梯瀑布图",
    "description": "From ExcelHome",
    "latestVersion": 1,
    "alwaysLatest": 1,
    "createTime": "2017-06-01T05:33:23.000Z",
    "lastUpdateTime": "2017-06-01T05:33:23.000Z",
    "auth": 2,
    "uid": "bd-504301386",
    "publishedVersion": 0,
    "forkFrom": "-",
    "isSpam": 0,
    "version": 1,
    "parentVersion": -1,
    "echartsVersion": "3.6.1",
    "versionCreateTime": "2017-06-01T05:33:23.000Z",
    "html": "",
    "externalScripts": "",
    "updaterUID": "bd-504301386",
    "theme": "dark",
    "layout": "",
    "viewCount": 567,
    "userName": "skymeteorlc",
    "commentCount": 0,
    "starCount": 5,
    "isStared": 0,
    "thumbnailURL": "https://www.makeapie.com/ecg-storage/ec_gallery_thumbnail/xBknmPXpWb.png?v=1496295204235",
    "isCustomThumbnail": 0,
    "builtinTags": [
        "category-work",
        "grid",
        "legend",
        "series-bar",
        "title",
        "tooltip"
    ],
    "customTags": [],
    "updaterUserName": "skymeteorlc"
}