{
    "cid": "xByCdgiaW-",
    "authorUid": "bd-2452479794",
    "authorUserName": "凌风111234",
    "title": "1.6 世界各国地均GDP",
    "description": "国家基础地理信息中心",
    "latestVersion": 1,
    "alwaysLatest": 1,
    "createTime": "2017-06-01T14:11:02.000Z",
    "lastUpdateTime": "2017-06-01T14:11:02.000Z",
    "auth": 2,
    "uid": "bd-2452479794",
    "publishedVersion": 0,
    "forkFrom": "-",
    "isSpam": 0,
    "version": 1,
    "parentVersion": -1,
    "echartsVersion": "3.6.1",
    "versionCreateTime": "2017-06-01T14:11:02.000Z",
    "html": "",
    "externalScripts": "/asset/get/s/data-1495350605523-SJII63Rl-.js ",
    "updaterUID": "bd-2452479794",
    "theme": "",
    "layout": "",
    "viewCount": 3322,
    "userName": "凌风111234",
    "commentCount": 0,
    "starCount": 6,
    "isStared": 0,
    "thumbnailURL": "https://www.makeapie.com/ecg-storage/ec_gallery_thumbnail/xByCdgiaW-.png?v=1496326262506",
    "isCustomThumbnail": 0,
    "builtinTags": [
        "category-work",
        "series-map",
        "timeline",
        "title",
        "tooltip",
        "visualMap"
    ],
    "customTags": [],
    "updaterUserName": "凌风111234"
}