{
    "cid": "xH1O7ePpWW",
    "authorUid": "bd-4265933866",
    "authorUserName": "h***1",
    "title": "地图",
    "description": "",
    "latestVersion": 6,
    "alwaysLatest": 1,
    "createTime": "2017-06-01T09:36:31.000Z",
    "lastUpdateTime": "2017-06-01T09:36:31.000Z",
    "auth": 2,
    "uid": "bd-4265933866",
    "publishedVersion": 0,
    "forkFrom": "-",
    "isSpam": 0,
    "version": 6,
    "parentVersion": 5,
    "echartsVersion": "3.6.1",
    "versionCreateTime": "2017-06-03T07:33:18.000Z",
    "html": "",
    "externalScripts": "http://echarts.baidu.com/resource/echarts-gl-latest/dist/echarts-gl.min.js,/dep/echarts/map/js/world.js",
    "updaterUID": "bd-4265933866",
    "theme": "",
    "layout": "",
    "viewCount": 234,
    "userName": "h***1",
    "commentCount": 0,
    "starCount": 0,
    "isStared": 0,
    "thumbnailURL": "https://www.makeapie.com/ecg-storage/ec_gallery_thumbnail/xH1O7ePpWW.png?v=1496475199098",
    "isCustomThumbnail": 0,
    "builtinTags": [
        "category-work",
        "globe",
        "series-lines3D"
    ],
    "customTags": [],
    "updaterUserName": "h***1"
}