{
    "cid": "xHkzostAbZ",
    "authorUid": "bd-2417514347",
    "authorUserName": "原***枫",
    "title": "资源轮播图",
    "description": "轮播显示自己的数据",
    "latestVersion": 2,
    "alwaysLatest": 1,
    "createTime": "2017-06-02T06:54:17.000Z",
    "lastUpdateTime": "2017-06-02T06:54:17.000Z",
    "auth": 2,
    "uid": "bd-2417514347",
    "publishedVersion": 0,
    "forkFrom": "-",
    "isSpam": 0,
    "version": 2,
    "parentVersion": 1,
    "echartsVersion": "3.6.1",
    "versionCreateTime": "2017-06-02T06:54:55.000Z",
    "html": "",
    "externalScripts": "",
    "updaterUID": "bd-2417514347",
    "theme": "vintage",
    "layout": "",
    "viewCount": 425,
    "userName": "原***枫",
    "commentCount": 0,
    "starCount": 1,
    "isStared": 0,
    "thumbnailURL": "https://www.makeapie.com/ecg-storage/ec_gallery_thumbnail/xHkzostAbZ.png?v=1496386495823",
    "isCustomThumbnail": 0,
    "builtinTags": [
        "category-work",
        "legend",
        "series-pie",
        "tooltip"
    ],
    "customTags": [],
    "updaterUserName": "原***枫"
}