{
    "cid": "xHy0gJsAZW",
    "authorUid": "bd-1277513445",
    "authorUserName": "周***农",
    "title": "模拟迁徙",
    "description": "数据纯属虚构",
    "latestVersion": 1,
    "alwaysLatest": 1,
    "createTime": "2017-06-02T08:16:54.000Z",
    "lastUpdateTime": "2017-06-02T08:17:07.000Z",
    "auth": 2,
    "uid": "bd-1277513445",
    "publishedVersion": 0,
    "forkFrom": "-",
    "isSpam": 0,
    "version": 1,
    "parentVersion": -1,
    "echartsVersion": "3.6.1",
    "versionCreateTime": "2017-06-02T08:16:54.000Z",
    "html": "",
    "externalScripts": "/dep/echarts/map/js/china.js",
    "updaterUID": "bd-1277513445",
    "theme": "infographic",
    "layout": "",
    "viewCount": 2248,
    "userName": "周***农",
    "commentCount": 0,
    "starCount": 0,
    "isStared": 0,
    "thumbnailURL": "https://www.makeapie.com/ecg-storage/ec_gallery_thumbnail/xHy0gJsAZW.png?v=1496391414552",
    "isCustomThumbnail": 0,
    "builtinTags": [],
    "customTags": [],
    "updaterUserName": "周***农"
}