{
    "cid": "xHys9Fp7G-",
    "authorUid": "bd-604683283",
    "authorUserName": "wsqe4444",
    "title": "Awesome Chart",
    "description": "text",
    "latestVersion": 1,
    "alwaysLatest": 1,
    "createTime": "2017-06-06T06:20:02.000Z",
    "lastUpdateTime": "2017-06-06T06:20:02.000Z",
    "auth": 2,
    "uid": "bd-604683283",
    "publishedVersion": 0,
    "forkFrom": "-",
    "isSpam": 0,
    "version": 1,
    "parentVersion": -1,
    "echartsVersion": "3.6.1",
    "versionCreateTime": "2017-06-06T06:20:02.000Z",
    "html": "",
    "externalScripts": "",
    "updaterUID": "bd-604683283",
    "theme": "",
    "layout": "",
    "viewCount": 38,
    "userName": "wsqe4444",
    "commentCount": 0,
    "starCount": 0,
    "isStared": 0,
    "thumbnailURL": "https://www.makeapie.com/ecg-storage/ec_gallery_thumbnail/xHys9Fp7G-.png?v=1496730002869",
    "isCustomThumbnail": 0,
    "builtinTags": [
        "category-work",
        "grid",
        "series-line",
        "title"
    ],
    "customTags": [],
    "updaterUserName": "wsqe4444"
}