{
    "cid": "xrJLGYMT-b",
    "authorUid": "bd-4265933866",
    "authorUserName": "h***1",
    "title": "广州人群来源",
    "description": "",
    "latestVersion": 12,
    "alwaysLatest": 1,
    "createTime": "2017-06-01T04:33:17.000Z",
    "lastUpdateTime": "2017-06-01T04:33:17.000Z",
    "auth": 2,
    "uid": "bd-4265933866",
    "publishedVersion": 0,
    "forkFrom": "-",
    "isSpam": 0,
    "version": 12,
    "parentVersion": 11,
    "echartsVersion": "3.8.0",
    "versionCreateTime": "2018-02-01T13:00:39.000Z",
    "html": "",
    "externalScripts": "/dep/echarts/map/js/china.js,http://192.168.1.177:8080/CM/view/webapp/js/map/guangzhou.js?version=20171132",
    "updaterUID": "bd-4265933866",
    "theme": "",
    "layout": "",
    "viewCount": 5142,
    "userName": "h***1",
    "commentCount": 0,
    "starCount": 14,
    "isStared": 0,
    "thumbnailURL": "https://www.makeapie.com/ecg-storage/ec_gallery_thumbnail/xrJLGYMT-b.png?v=1517490039302",
    "isCustomThumbnail": 0,
    "builtinTags": [
        "category-work",
        "geo",
        "series-effectScatter",
        "series-lines",
        "tooltip",
        "visualMap"
    ],
    "customTags": [],
    "updaterUserName": "h***1"
}