{
    "cid": "xryAxwdzMZ",
    "authorUid": "bd-3423954353",
    "authorUserName": "枫***子",
    "title": "包裹柱状图",
    "description": "",
    "latestVersion": 3,
    "alwaysLatest": 1,
    "createTime": "2017-06-05T06:15:18.000Z",
    "lastUpdateTime": "2017-06-05T06:15:18.000Z",
    "auth": 2,
    "uid": "bd-3423954353",
    "publishedVersion": 0,
    "forkFrom": "-",
    "isSpam": 0,
    "version": 3,
    "parentVersion": 2,
    "echartsVersion": "3.6.1",
    "versionCreateTime": "2017-06-05T07:12:46.000Z",
    "html": "",
    "externalScripts": "",
    "updaterUID": "bd-3423954353",
    "theme": "",
    "layout": "",
    "viewCount": 405,
    "userName": "枫***子",
    "commentCount": 0,
    "starCount": 0,
    "isStared": 0,
    "thumbnailURL": "https://www.makeapie.com/ecg-storage/ec_gallery_thumbnail/xryAxwdzMZ.png?v=1496646766337",
    "isCustomThumbnail": 0,
    "builtinTags": [
        "category-work",
        "grid",
        "legend",
        "series-bar"
    ],
    "customTags": [],
    "updaterUserName": "枫***子"
}