{
    "cid": "xryhBNYfGW",
    "authorUid": "bd-4265933866",
    "authorUserName": "h***1",
    "title": "违规数据统计",
    "description": "",
    "latestVersion": 2,
    "alwaysLatest": 1,
    "createTime": "2017-06-05T07:12:03.000Z",
    "lastUpdateTime": "2017-06-05T07:12:03.000Z",
    "auth": 2,
    "uid": "bd-4265933866",
    "publishedVersion": 0,
    "forkFrom": "-",
    "isSpam": 0,
    "version": 2,
    "parentVersion": 1,
    "echartsVersion": "3.6.1",
    "versionCreateTime": "2017-06-05T07:13:01.000Z",
    "html": "",
    "externalScripts": "",
    "updaterUID": "bd-4265933866",
    "theme": "",
    "layout": "",
    "viewCount": 8520,
    "userName": "h***1",
    "commentCount": 0,
    "starCount": 28,
    "isStared": 0,
    "thumbnailURL": "https://www.makeapie.com/ecg-storage/ec_gallery_thumbnail/xryhBNYfGW.png?v=1496646781358",
    "isCustomThumbnail": 0,
    "builtinTags": [
        "category-work",
        "legend",
        "series-pie",
        "tooltip"
    ],
    "customTags": [],
    "updaterUserName": "h***1"
}