{
    "cid": "xryNyMsZfb",
    "authorUid": "bd-1025800666",
    "authorUserName": "outofdate",
    "title": "十八大落马官员贪腐金额之最（单位：万元）",
    "description": "",
    "latestVersion": 1,
    "alwaysLatest": 1,
    "createTime": "2017-06-04T15:06:03.000Z",
    "lastUpdateTime": "2017-06-04T15:06:03.000Z",
    "auth": 2,
    "uid": "bd-1025800666",
    "publishedVersion": 0,
    "forkFrom": "-",
    "isSpam": 0,
    "version": 1,
    "parentVersion": -1,
    "echartsVersion": "3.6.1",
    "versionCreateTime": "2017-06-04T15:06:03.000Z",
    "html": "",
    "externalScripts": "",
    "updaterUID": "bd-1025800666",
    "theme": "",
    "layout": "",
    "viewCount": 101,
    "userName": "outofdate",
    "commentCount": 0,
    "starCount": 1,
    "isStared": 0,
    "thumbnailURL": "https://www.makeapie.com/ecg-storage/ec_gallery_thumbnail/xryNyMsZfb.png?v=1496588763945",
    "isCustomThumbnail": 0,
    "builtinTags": [
        "category-work",
        "grid",
        "legend",
        "series-bar",
        "title",
        "toolbox",
        "tooltip"
    ],
    "customTags": [],
    "updaterUserName": "outofdate"
}