{
    "cid": "xS113CXaWb",
    "authorUid": "bd-1129617608",
    "authorUserName": "L小婉0609",
    "title": "区域成交情况",
    "description": "",
    "latestVersion": 1,
    "alwaysLatest": 1,
    "createTime": "2017-06-01T06:05:26.000Z",
    "lastUpdateTime": "2017-06-01T06:05:26.000Z",
    "auth": 2,
    "uid": "bd-1129617608",
    "publishedVersion": 0,
    "forkFrom": "-",
    "isSpam": 0,
    "version": 1,
    "parentVersion": -1,
    "echartsVersion": "3.6.1",
    "versionCreateTime": "2017-06-01T06:05:26.000Z",
    "html": "",
    "externalScripts": "",
    "updaterUID": "bd-1129617608",
    "theme": "",
    "layout": "",
    "viewCount": 490,
    "userName": "L小婉0609",
    "commentCount": 0,
    "starCount": 2,
    "isStared": 0,
    "thumbnailURL": "https://www.makeapie.com/ecg-storage/ec_gallery_thumbnail/xS113CXaWb.png?v=1496297127153",
    "isCustomThumbnail": 0,
    "builtinTags": [
        "category-work",
        "grid",
        "legend",
        "series-bar",
        "series-line",
        "tooltip"
    ],
    "customTags": [],
    "updaterUserName": "L小婉0609"
}