{
    "cid": "xSJGyUiMMW",
    "authorUid": "bd-3423954353",
    "authorUserName": "枫***子",
    "title": "12312312",
    "description": "",
    "latestVersion": 2,
    "alwaysLatest": 1,
    "createTime": "2017-06-05T09:35:22.000Z",
    "lastUpdateTime": "2017-06-05T09:35:22.000Z",
    "auth": 2,
    "uid": "bd-3423954353",
    "publishedVersion": 0,
    "forkFrom": "-",
    "isSpam": 0,
    "version": 2,
    "parentVersion": 1,
    "echartsVersion": "3.6.1",
    "versionCreateTime": "2017-06-06T03:18:45.000Z",
    "html": "",
    "externalScripts": "",
    "updaterUID": "bd-3423954353",
    "theme": "",
    "layout": "",
    "viewCount": 176,
    "userName": "枫***子",
    "commentCount": 0,
    "starCount": 1,
    "isStared": 0,
    "thumbnailURL": "https://www.makeapie.com/ecg-storage/ec_gallery_thumbnail/xSJGyUiMMW.undefined?v=",
    "isCustomThumbnail": 0,
    "builtinTags": [
        "category-work",
        "series-pie"
    ],
    "customTags": [],
    "updaterUserName": "枫***子"
}