{
    "cid": "xSJyRpoAWW",
    "authorUid": "bd-4265933866",
    "authorUserName": "h***1",
    "title": "3D地图",
    "description": "",
    "latestVersion": 4,
    "alwaysLatest": 1,
    "createTime": "2017-06-02T09:20:07.000Z",
    "lastUpdateTime": "2017-06-02T09:20:07.000Z",
    "auth": 2,
    "uid": "bd-4265933866",
    "publishedVersion": 0,
    "forkFrom": "-",
    "isSpam": 0,
    "version": 4,
    "parentVersion": 3,
    "echartsVersion": "3.6.1",
    "versionCreateTime": "2017-06-03T07:25:57.000Z",
    "html": "",
    "externalScripts": "http://echarts.baidu.com/resource/echarts-gl-latest/dist/echarts-gl.min.js,/dep/echarts/map/js/world.js",
    "updaterUID": "bd-4265933866",
    "theme": "",
    "layout": "",
    "viewCount": 379,
    "userName": "h***1",
    "commentCount": 0,
    "starCount": 0,
    "isStared": 0,
    "thumbnailURL": "https://www.makeapie.com/ecg-storage/ec_gallery_thumbnail/xSJyRpoAWW.png?v=1496474758214",
    "isCustomThumbnail": 0,
    "builtinTags": [
        "category-work",
        "geo3D",
        "series-bar3D",
        "visualMap"
    ],
    "customTags": [],
    "updaterUserName": "h***1"
}