{
    "cid": "xSJZhIzTZb",
    "authorUid": "bd-4265933866",
    "authorUserName": "h***1",
    "title": "bar3D",
    "description": "",
    "latestVersion": 1,
    "alwaysLatest": 1,
    "createTime": "2017-06-01T04:23:05.000Z",
    "lastUpdateTime": "2017-06-01T04:23:05.000Z",
    "auth": 2,
    "uid": "bd-4265933866",
    "publishedVersion": 0,
    "forkFrom": "-",
    "isSpam": 0,
    "version": 1,
    "parentVersion": -1,
    "echartsVersion": "3.6.1",
    "versionCreateTime": "2017-06-01T04:23:05.000Z",
    "html": "",
    "externalScripts": "http://echarts.baidu.com/resource/echarts-gl-latest/dist/echarts-gl.min.js",
    "updaterUID": "bd-4265933866",
    "theme": "",
    "layout": "",
    "viewCount": 102,
    "userName": "h***1",
    "commentCount": 0,
    "starCount": 0,
    "isStared": 0,
    "thumbnailURL": "https://www.makeapie.com/ecg-storage/ec_gallery_thumbnail/xSJZhIzTZb.png?v=1496290985452",
    "isCustomThumbnail": 0,
    "builtinTags": [
        "category-work",
        "grid3D",
        "series-bar3D",
        "tooltip",
        "visualMap"
    ],
    "customTags": [],
    "updaterUserName": "h***1"
}