{
    "cid": "xSkNi3l-fW",
    "authorUid": "bd-504301386",
    "authorUserName": "skymeteorlc",
    "title": "世界人口总量",
    "description": "数据来自网络",
    "latestVersion": 3,
    "alwaysLatest": 1,
    "createTime": "2017-06-04T03:20:59.000Z",
    "lastUpdateTime": "2017-06-04T03:20:59.000Z",
    "auth": 2,
    "uid": "bd-504301386",
    "publishedVersion": 0,
    "forkFrom": "-",
    "isSpam": 0,
    "version": 3,
    "parentVersion": 2,
    "echartsVersion": "3.6.1",
    "versionCreateTime": "2017-06-06T03:51:23.000Z",
    "html": "",
    "externalScripts": "",
    "updaterUID": "bd-504301386",
    "theme": "dark",
    "layout": "",
    "viewCount": 83,
    "userName": "skymeteorlc",
    "commentCount": 0,
    "starCount": 0,
    "isStared": 0,
    "thumbnailURL": "https://www.makeapie.com/ecg-storage/ec_gallery_thumbnail/xSkNi3l-fW.png?v=1496721083909",
    "isCustomThumbnail": 0,
    "builtinTags": [
        "category-work",
        "grid",
        "legend",
        "series-bar",
        "title",
        "toolbox",
        "tooltip"
    ],
    "customTags": [],
    "updaterUserName": "skymeteorlc"
}