{
    "cid": "xSy-ynNmGW",
    "authorUid": "bd-3825252040",
    "authorUserName": "haliluya26",
    "title": "NST幸运指数",
    "description": "",
    "latestVersion": 13,
    "alwaysLatest": 1,
    "createTime": "2017-06-05T20:15:20.000Z",
    "lastUpdateTime": "2017-06-05T20:15:20.000Z",
    "auth": 1,
    "uid": "bd-3825252040",
    "publishedVersion": 0,
    "forkFrom": "-",
    "isSpam": 0,
    "version": 13,
    "parentVersion": 12,
    "echartsVersion": "3.8.0",
    "versionCreateTime": "2019-03-14T08:01:25.000Z",
    "html": "",
    "externalScripts": "",
    "updaterUID": "bd-135386625",
    "theme": "",
    "layout": "",
    "viewCount": 4996,
    "userName": "haliluya26",
    "commentCount": 0,
    "starCount": 13,
    "isStared": 0,
    "thumbnailURL": "https://www.makeapie.com/ecg-storage/ec_gallery_thumbnail/xSy-ynNmGW.png?v=1552550485701",
    "isCustomThumbnail": 0,
    "builtinTags": [
        "category-work",
        "series-gauge",
        "title",
        "tooltip"
    ],
    "customTags": [],
    "updaterUserName": "橙***料"
}