{
    "cid": "x0hkuJ501B",
    "authorUid": "bd-361253046",
    "authorUserName": "雨***1",
    "title": "自定义提示框 轮播",
    "description": "",
    "latestVersion": 4,
    "alwaysLatest": 1,
    "createTime": "2018-10-19T08:06:08.000Z",
    "lastUpdateTime": "2018-10-19T08:06:08.000Z",
    "auth": 2,
    "uid": "bd-361253046",
    "publishedVersion": 0,
    "forkFrom": "-",
    "isSpam": 0,
    "version": 4,
    "parentVersion": 3,
    "echartsVersion": "4.2.0",
    "versionCreateTime": "2018-10-19T08:07:49.000Z",
    "html": "",
    "externalScripts": "/dep/echarts/map/js/china.js",
    "updaterUID": "bd-361253046",
    "theme": "",
    "layout": "",
    "viewCount": 8231,
    "userName": "雨***1",
    "commentCount": 5,
    "starCount": 29,
    "isStared": 0,
    "thumbnailURL": "https://www.makeapie.com/ecg-storage/ec_gallery_thumbnail/x0hkuJ501B.png?v=1539936469884",
    "isCustomThumbnail": 0,
    "builtinTags": [
        "category-work",
        "series-map",
        "tooltip",
        "visualMap"
    ],
    "customTags": [],
    "updaterUserName": "雨***1"
}