{
    "cid": "x8_AGAnQzq",
    "authorUid": "bd-3113235299",
    "authorUserName": "131******85",
    "title": "分级图",
    "description": "能耗分级图\b",
    "latestVersion": 2,
    "alwaysLatest": 1,
    "createTime": "2018-10-18T10:29:37.000Z",
    "lastUpdateTime": "2018-10-18T10:29:37.000Z",
    "auth": 2,
    "uid": "bd-3113235299",
    "publishedVersion": 0,
    "forkFrom": "-",
    "isSpam": 0,
    "version": 2,
    "parentVersion": 1,
    "echartsVersion": "4.2.0",
    "versionCreateTime": "2018-10-19T03:18:49.000Z",
    "html": "",
    "externalScripts": "",
    "updaterUID": "bd-3113235299",
    "theme": "default",
    "layout": "",
    "viewCount": 498,
    "userName": "131******85",
    "commentCount": 0,
    "starCount": 7,
    "isStared": 0,
    "thumbnailURL": "https://www.makeapie.com/ecg-storage/ec_gallery_thumbnail/x8_AGAnQzq.png?v=1539919129350",
    "isCustomThumbnail": 0,
    "builtinTags": [
        "category-work",
        "grid",
        "series-line",
        "series-scatter"
    ],
    "customTags": [],
    "updaterUserName": "131******85"
}