{
    "cid": "xa9aPNIoiN",
    "authorUid": "bd-995589324",
    "authorUserName": "155******35",
    "title": "简约饼图",
    "description": "简约饼图",
    "latestVersion": 1,
    "alwaysLatest": 1,
    "createTime": "2018-10-18T09:31:25.000Z",
    "lastUpdateTime": "2018-10-18T09:31:25.000Z",
    "auth": 2,
    "uid": "bd-995589324",
    "publishedVersion": 0,
    "forkFrom": "-",
    "isSpam": 0,
    "version": 1,
    "parentVersion": -1,
    "echartsVersion": "4.2.0",
    "versionCreateTime": "2018-10-18T09:31:25.000Z",
    "html": "",
    "externalScripts": "",
    "updaterUID": "bd-995589324",
    "theme": "",
    "layout": "",
    "viewCount": 2610,
    "userName": "155******35",
    "commentCount": 0,
    "starCount": 10,
    "isStared": 0,
    "thumbnailURL": "https://www.makeapie.com/ecg-storage/ec_gallery_thumbnail/xa9aPNIoiN.png?v=1539855085830",
    "isCustomThumbnail": 0,
    "builtinTags": [
        "category-work",
        "series-pie",
        "title"
    ],
    "customTags": [
        "弧度",
        "渐变"
    ],
    "updaterUserName": "155******35"
}