{
    "cid": "xaUx-2m3-K",
    "authorUid": "bd-3650162791",
    "authorUserName": "富贵竹284",
    "title": "8563",
    "description": "资产总量",
    "latestVersion": 1,
    "alwaysLatest": 1,
    "createTime": "2018-10-18T03:20:06.000Z",
    "lastUpdateTime": "2018-10-18T03:20:06.000Z",
    "auth": 2,
    "uid": "bd-3650162791",
    "publishedVersion": 0,
    "forkFrom": "-",
    "isSpam": 0,
    "version": 1,
    "parentVersion": -1,
    "echartsVersion": "4.2.0",
    "versionCreateTime": "2018-10-18T03:20:06.000Z",
    "html": "",
    "externalScripts": "",
    "updaterUID": "bd-3650162791",
    "theme": "",
    "layout": "",
    "viewCount": 1303,
    "userName": "富贵竹284",
    "commentCount": 0,
    "starCount": 5,
    "isStared": 0,
    "thumbnailURL": "https://www.makeapie.com/ecg-storage/ec_gallery_thumbnail/xaUx-2m3-K.png?v=1539832806410",
    "isCustomThumbnail": 0,
    "builtinTags": [
        "category-work",
        "series-treemap",
        "title"
    ],
    "customTags": [],
    "updaterUserName": "富贵竹284"
}