{
    "cid": "xBZil87SSF",
    "authorUid": "bd-2673054839",
    "authorUserName": "找***e",
    "title": "双y轴之一",
    "description": "",
    "latestVersion": 1,
    "alwaysLatest": 1,
    "createTime": "2018-10-22T03:31:49.000Z",
    "lastUpdateTime": "2018-10-22T03:31:49.000Z",
    "auth": 2,
    "uid": "bd-2673054839",
    "publishedVersion": 0,
    "forkFrom": "-",
    "isSpam": 0,
    "version": 1,
    "parentVersion": -1,
    "echartsVersion": "4.2.0",
    "versionCreateTime": "2018-10-22T03:31:49.000Z",
    "html": "",
    "externalScripts": "",
    "updaterUID": "bd-2673054839",
    "theme": "",
    "layout": "",
    "viewCount": 267,
    "userName": "找***e",
    "commentCount": 0,
    "starCount": 2,
    "isStared": 0,
    "thumbnailURL": "https://www.makeapie.com/ecg-storage/ec_gallery_thumbnail/xBZil87SSF.png?v=1540179109236",
    "isCustomThumbnail": 0,
    "builtinTags": [
        "category-work",
        "grid",
        "legend",
        "series-bar",
        "series-line",
        "tooltip"
    ],
    "customTags": [],
    "updaterUserName": "找***e"
}