{
    "cid": "xDMHttGTmL",
    "authorUid": "bd-3650162791",
    "authorUserName": "富贵竹284",
    "title": "本周告警量",
    "description": "x z",
    "latestVersion": 2,
    "alwaysLatest": 1,
    "createTime": "2018-10-18T02:16:19.000Z",
    "lastUpdateTime": "2018-10-18T02:16:19.000Z",
    "auth": 2,
    "uid": "bd-3650162791",
    "publishedVersion": 0,
    "forkFrom": "-",
    "isSpam": 0,
    "version": 2,
    "parentVersion": 1,
    "echartsVersion": "4.2.0",
    "versionCreateTime": "2018-10-25T10:02:47.000Z",
    "html": "",
    "externalScripts": "",
    "updaterUID": "bd-3650162791",
    "theme": "",
    "layout": "",
    "viewCount": 51,
    "userName": "富贵竹284",
    "commentCount": 0,
    "starCount": 0,
    "isStared": 0,
    "thumbnailURL": "https://www.makeapie.com/ecg-storage/ec_gallery_thumbnail/xDMHttGTmL.png?v=1540461767752",
    "isCustomThumbnail": 0,
    "builtinTags": [
        "category-work",
        "grid",
        "series-bar",
        "title",
        "tooltip"
    ],
    "customTags": [],
    "updaterUserName": "富贵竹284"
}