{
    "cid": "xe2uqsF1Tt",
    "authorUid": "bd-2122468014",
    "authorUserName": "南***墨",
    "title": "安检区每小时安检旅客",
    "description": "机场安检区每小时安检旅客信息分析",
    "latestVersion": 3,
    "alwaysLatest": 1,
    "createTime": "2018-10-19T03:43:19.000Z",
    "lastUpdateTime": "2018-10-31T03:12:00.000Z",
    "auth": 2,
    "uid": "bd-2122468014",
    "publishedVersion": 0,
    "forkFrom": "-",
    "isSpam": 0,
    "version": 3,
    "parentVersion": 1,
    "echartsVersion": "4.2.1",
    "versionCreateTime": "2019-04-15T07:24:36.000Z",
    "html": "",
    "externalScripts": "",
    "updaterUID": "bd-2122468014",
    "theme": "default",
    "layout": "",
    "viewCount": 159,
    "userName": "南***墨",
    "commentCount": 0,
    "starCount": 0,
    "isStared": 0,
    "thumbnailURL": "https://www.makeapie.com/ecg-storage/ec_gallery_thumbnail/xe2uqsF1Tt.png?v=1555313076887",
    "isCustomThumbnail": 0,
    "builtinTags": [
        "category-work",
        "grid",
        "legend",
        "series-line",
        "tooltip"
    ],
    "customTags": [],
    "updaterUserName": "南***墨"
}