{
    "cid": "xIfgt9NkR0",
    "authorUid": "bd-1547248901",
    "authorUserName": "段***8",
    "title": "多维雷达",
    "description": "成绩多维雷达",
    "latestVersion": 1,
    "alwaysLatest": 1,
    "createTime": "2018-10-19T07:24:46.000Z",
    "lastUpdateTime": "2018-10-19T07:24:46.000Z",
    "auth": 2,
    "uid": "bd-1547248901",
    "publishedVersion": 0,
    "forkFrom": "-",
    "isSpam": 0,
    "version": 1,
    "parentVersion": -1,
    "echartsVersion": "4.2.0",
    "versionCreateTime": "2018-10-19T07:24:46.000Z",
    "html": "",
    "externalScripts": "",
    "updaterUID": "bd-1547248901",
    "theme": "default",
    "layout": "",
    "viewCount": 276,
    "userName": "段***8",
    "commentCount": 0,
    "starCount": 0,
    "isStared": 0,
    "thumbnailURL": "https://www.makeapie.com/ecg-storage/ec_gallery_thumbnail/xIfgt9NkR0.png?v=1539933887043",
    "isCustomThumbnail": 0,
    "builtinTags": [
        "category-work",
        "legend",
        "radar",
        "series-radar",
        "title",
        "tooltip"
    ],
    "customTags": [],
    "updaterUserName": "段***8"
}