{
    "cid": "xIwlHT13m7",
    "authorUid": "bd-3650162791",
    "authorUserName": "富贵竹284",
    "title": "饼图",
    "description": "",
    "latestVersion": 9,
    "alwaysLatest": 1,
    "createTime": "2018-10-19T03:58:03.000Z",
    "lastUpdateTime": "2018-10-19T03:58:03.000Z",
    "auth": 2,
    "uid": "bd-3650162791",
    "publishedVersion": 0,
    "forkFrom": "-",
    "isSpam": 0,
    "version": 9,
    "parentVersion": 8,
    "echartsVersion": "4.2.0",
    "versionCreateTime": "2018-10-19T09:17:53.000Z",
    "html": "",
    "externalScripts": "",
    "updaterUID": "bd-3650162791",
    "theme": "",
    "layout": "",
    "viewCount": 55,
    "userName": "富贵竹284",
    "commentCount": 0,
    "starCount": 1,
    "isStared": 0,
    "thumbnailURL": "https://www.makeapie.com/ecg-storage/ec_gallery_thumbnail/xIwlHT13m7.png?v=1539940674015",
    "isCustomThumbnail": 0,
    "builtinTags": [
        "category-work",
        "series-pie",
        "tooltip"
    ],
    "customTags": [],
    "updaterUserName": "富贵竹284"
}