{
    "cid": "xNOAv8bDtN",
    "authorUid": "bd-3650162791",
    "authorUserName": "富贵竹284",
    "title": "123",
    "description": "1233",
    "latestVersion": 6,
    "alwaysLatest": 1,
    "createTime": "2018-10-18T01:21:05.000Z",
    "lastUpdateTime": "2018-10-18T01:21:05.000Z",
    "auth": 2,
    "uid": "bd-3650162791",
    "publishedVersion": 0,
    "forkFrom": "-",
    "isSpam": 0,
    "version": 6,
    "parentVersion": 5,
    "echartsVersion": "4.2.0",
    "versionCreateTime": "2018-10-18T03:12:01.000Z",
    "html": "",
    "externalScripts": "",
    "updaterUID": "bd-3650162791",
    "theme": "",
    "layout": "",
    "viewCount": 74,
    "userName": "富贵竹284",
    "commentCount": 0,
    "starCount": 0,
    "isStared": 0,
    "thumbnailURL": "https://www.makeapie.com/ecg-storage/ec_gallery_thumbnail/xNOAv8bDtN.png?v=1539832321255",
    "isCustomThumbnail": 0,
    "builtinTags": [
        "category-work",
        "grid",
        "series-bar"
    ],
    "customTags": [],
    "updaterUserName": "富贵竹284"
}