{
    "cid": "xOgyLs09YZ",
    "authorUid": "bd-3778831175",
    "authorUserName": "m***i",
    "title": "tween.js 部分动画效果 渐变值变化可视化",
    "description": "tween.js 部分动画效果 渐变值变化可视化",
    "latestVersion": 1,
    "alwaysLatest": 1,
    "createTime": "2018-10-19T05:40:38.000Z",
    "lastUpdateTime": "2018-10-19T05:40:38.000Z",
    "auth": 2,
    "uid": "bd-3778831175",
    "publishedVersion": 0,
    "forkFrom": "-",
    "isSpam": 0,
    "version": 1,
    "parentVersion": -1,
    "echartsVersion": "4.2.0",
    "versionCreateTime": "2018-10-19T05:40:38.000Z",
    "html": "",
    "externalScripts": "https://cdnjs.cloudflare.com/ajax/libs/tween.js/r14/Tween.js,https://cdn.bootcss.com/randomcolor/0.5.2/randomColor.min.js",
    "updaterUID": "bd-3778831175",
    "theme": "",
    "layout": "",
    "viewCount": 158,
    "userName": "m***i",
    "commentCount": 0,
    "starCount": 1,
    "isStared": 0,
    "thumbnailURL": "https://www.makeapie.com/ecg-storage/ec_gallery_thumbnail/xOgyLs09YZ.png?v=1539927638676",
    "isCustomThumbnail": 1,
    "builtinTags": [
        "category-work",
        "grid",
        "series-line",
        "title",
        "tooltip"
    ],
    "customTags": [],
    "updaterUserName": "m***i"
}