{
    "cid": "xPVnc9wHhg",
    "authorUid": "bd-1872031875",
    "authorUserName": "大保实492501",
    "title": "Awesome Chart",
    "description": "",
    "latestVersion": 2,
    "alwaysLatest": 1,
    "createTime": "2018-10-19T12:23:17.000Z",
    "lastUpdateTime": "2018-10-19T12:23:17.000Z",
    "auth": 2,
    "uid": "bd-1872031875",
    "publishedVersion": 0,
    "forkFrom": "-",
    "isSpam": 0,
    "version": 2,
    "parentVersion": 1,
    "echartsVersion": "4.2.0",
    "versionCreateTime": "2018-10-19T12:23:42.000Z",
    "html": "",
    "externalScripts": "",
    "updaterUID": "bd-1872031875",
    "theme": "",
    "layout": "",
    "viewCount": 6,
    "userName": "大保实492501",
    "commentCount": 0,
    "starCount": 0,
    "isStared": 0,
    "thumbnailURL": "https://www.makeapie.com/ecg-storage/ec_gallery_thumbnail/xPVnc9wHhg.png?v=1539951822398",
    "isCustomThumbnail": 0,
    "builtinTags": [
        "category-work",
        "grid",
        "series-line",
        "title"
    ],
    "customTags": [],
    "updaterUserName": "大保实492501"
}