{
    "cid": "xQcfVQWzXs",
    "authorUid": "bd-3778831175",
    "authorUserName": "m***i",
    "title": "冒泡排序 可视化",
    "description": "冒泡排序 可视化",
    "latestVersion": 1,
    "alwaysLatest": 1,
    "createTime": "2018-10-19T07:17:02.000Z",
    "lastUpdateTime": "2018-10-19T07:17:02.000Z",
    "auth": 2,
    "uid": "bd-3778831175",
    "publishedVersion": 0,
    "forkFrom": "-",
    "isSpam": 0,
    "version": 1,
    "parentVersion": -1,
    "echartsVersion": "4.2.0",
    "versionCreateTime": "2018-10-19T07:17:02.000Z",
    "html": "",
    "externalScripts": "",
    "updaterUID": "bd-3778831175",
    "theme": "",
    "layout": "",
    "viewCount": 118,
    "userName": "m***i",
    "commentCount": 0,
    "starCount": 1,
    "isStared": 0,
    "thumbnailURL": "https://www.makeapie.com/ecg-storage/ec_gallery_thumbnail/xQcfVQWzXs.png?v=1539933422404",
    "isCustomThumbnail": 0,
    "builtinTags": [
        "category-work",
        "grid",
        "series-bar",
        "title",
        "tooltip"
    ],
    "customTags": [],
    "updaterUserName": "m***i"
}