{
    "cid": "xtzQLYFl01",
    "authorUid": "bd-2122468014",
    "authorUserName": "南***墨",
    "title": "日模块点击数",
    "description": "日模块点击数 【今日/昨日】",
    "latestVersion": 1,
    "alwaysLatest": 1,
    "createTime": "2018-10-19T07:50:59.000Z",
    "lastUpdateTime": "2018-10-31T03:10:34.000Z",
    "auth": 2,
    "uid": "bd-2122468014",
    "publishedVersion": 0,
    "forkFrom": "-",
    "isSpam": 0,
    "version": 1,
    "parentVersion": -1,
    "echartsVersion": "4.2.0",
    "versionCreateTime": "2018-10-19T07:50:59.000Z",
    "html": "",
    "externalScripts": "",
    "updaterUID": "bd-2122468014",
    "theme": "default",
    "layout": "",
    "viewCount": 147,
    "userName": "南***墨",
    "commentCount": 0,
    "starCount": 1,
    "isStared": 0,
    "thumbnailURL": "https://www.makeapie.com/ecg-storage/ec_gallery_thumbnail/xtzQLYFl01.png?v=1539935459574",
    "isCustomThumbnail": 0,
    "builtinTags": [
        "category-work",
        "grid",
        "series-bar",
        "tooltip"
    ],
    "customTags": [],
    "updaterUserName": "南***墨"
}