{
    "cid": "x50FbA60Ee",
    "authorUid": "obd-o2HyD4BRquD_bBgquCMQ5lhB73nlbB6",
    "authorUserName": "j***h",
    "title": "医疗作品",
    "description": "医疗行业相关的图表",
    "latestVersion": 1,
    "alwaysLatest": 0,
    "createTime": "2021-09-24T02:48:22.000Z",
    "lastUpdateTime": "2021-09-24T02:48:22.000Z",
    "auth": 1,
    "uid": "obd-o2HyD4BRquD_bBgquCMQ5lhB73nlbB6",
    "publishedVersion": 0,
    "forkFrom": "-",
    "isSpam": 0,
    "version": 1,
    "parentVersion": -1,
    "echartsVersion": "5.2.1",
    "versionCreateTime": "2021-09-24T02:48:22.000Z",
    "html": "",
    "externalScripts": "",
    "updaterUID": "obd-o2HyD4BRquD_bBgquCMQ5lhB73nlbB6",
    "theme": "",
    "layout": "",
    "viewCount": 0,
    "userName": "j***h",
    "commentCount": 0,
    "starCount": 2,
    "isStared": 0,
    "thumbnailURL": "https://www.makeapie.com/ecg-storage/ec_gallery_thumbnail/x50FbA60Ee.png?v=1632451702535",
    "isCustomThumbnail": 0,
    "builtinTags": [
        "category-work",
        "dataset",
        "dataZoom",
        "grid",
        "legend",
        "markArea",
        "markLine",
        "markPoint",
        "series-line",
        "series-scatter",
        "singleAxis",
        "title",
        "tooltip"
    ],
    "customTags": [],
    "updaterUserName": "j***h"
}