{
    "cid": "x7WZ_sGf59",
    "authorUid": "obd-oAlFYisM8E7gN8M2hZfP9KB4LbEBg7b",
    "authorUserName": "c***9",
    "title": "古村落热力图",
    "description": "",
    "latestVersion": 2,
    "alwaysLatest": 0,
    "createTime": "2021-09-25T16:04:45.000Z",
    "lastUpdateTime": "2021-10-08T10:43:24.000Z",
    "auth": 2,
    "uid": "obd-oAlFYisM8E7gN8M2hZfP9KB4LbEBg7b",
    "publishedVersion": 0,
    "forkFrom": "-",
    "isSpam": 0,
    "version": 2,
    "parentVersion": 1,
    "echartsVersion": "5.2.1",
    "versionCreateTime": "2021-10-08T10:43:24.000Z",
    "html": "",
    "externalScripts": "",
    "updaterUID": "obd-oAlFYisM8E7gN8M2hZfP9KB4LbEBg7b",
    "theme": "",
    "layout": "",
    "viewCount": 0,
    "userName": "c***9",
    "commentCount": 0,
    "starCount": 0,
    "isStared": 0,
    "thumbnailURL": "https://www.makeapie.com/ecg-storage/ec_gallery_thumbnail/x7WZ_sGf59.png?v=1633689804497",
    "isCustomThumbnail": 0,
    "builtinTags": [
        "category-work",
        "grid",
        "series-heatmap",
        "tooltip",
        "visualMap"
    ],
    "customTags": [],
    "updaterUserName": "c***9"
}