{
    "cid": "xbjmk1vOVA",
    "authorUid": "obd-o0WOhcvOABactlumkrW3-_gbrOTx5FI",
    "authorUserName": "囂***",
    "title": "根据折线图改版的散点图",
    "description": "UI给了散点图的图表，后台给的数据不是双系坐标，所以用折线图替代散点图",
    "latestVersion": 1,
    "alwaysLatest": 0,
    "createTime": "2021-09-24T08:21:10.000Z",
    "lastUpdateTime": "2021-09-24T08:21:10.000Z",
    "auth": 1,
    "uid": "obd-o0WOhcvOABactlumkrW3-_gbrOTx5FI",
    "publishedVersion": 0,
    "forkFrom": "-",
    "isSpam": 0,
    "version": 1,
    "parentVersion": -1,
    "echartsVersion": "5.2.1",
    "versionCreateTime": "2021-09-24T08:21:10.000Z",
    "html": "",
    "externalScripts": "",
    "updaterUID": "obd-o0WOhcvOABactlumkrW3-_gbrOTx5FI",
    "theme": "",
    "layout": "",
    "viewCount": 0,
    "userName": "囂***",
    "commentCount": 0,
    "starCount": 2,
    "isStared": 0,
    "thumbnailURL": "https://www.makeapie.com/ecg-storage/ec_gallery_thumbnail/xbjmk1vOVA.png?v=1632471670985",
    "isCustomThumbnail": 0,
    "builtinTags": [
        "category-work",
        "grid",
        "legend",
        "series-line",
        "title",
        "tooltip"
    ],
    "customTags": [
        "散点图，折线图，tooltipformatter"
    ],
    "updaterUserName": "囂***"
}