{
    "cid": "xbR84Y-Cf4",
    "authorUid": "obd-oAlFYisM8E7gN8M2hZfP9KB4LbEBg7b",
    "authorUserName": "c***9",
    "title": "已采纳已发布",
    "description": "",
    "latestVersion": 1,
    "alwaysLatest": 0,
    "createTime": "2021-09-25T15:54:41.000Z",
    "lastUpdateTime": "2021-09-25T15:54:41.000Z",
    "auth": 2,
    "uid": "obd-oAlFYisM8E7gN8M2hZfP9KB4LbEBg7b",
    "publishedVersion": 0,
    "forkFrom": "-",
    "isSpam": 0,
    "version": 1,
    "parentVersion": -1,
    "echartsVersion": "5.2.1",
    "versionCreateTime": "2021-09-25T15:54:41.000Z",
    "html": "",
    "externalScripts": "",
    "updaterUID": "obd-oAlFYisM8E7gN8M2hZfP9KB4LbEBg7b",
    "theme": "",
    "layout": "",
    "viewCount": 0,
    "userName": "c***9",
    "commentCount": 0,
    "starCount": 2,
    "isStared": 0,
    "thumbnailURL": "https://www.makeapie.com/ecg-storage/ec_gallery_thumbnail/xbR84Y-Cf4.png?v=1632585281487",
    "isCustomThumbnail": 0,
    "builtinTags": [
        "category-work",
        "grid",
        "legend",
        "markPoint",
        "series-line",
        "tooltip"
    ],
    "customTags": [],
    "updaterUserName": "c***9"
}