{
    "cid": "xbujQ6Aoi1",
    "authorUid": "obd-o28yEmsJcQDtQS5x8Y2eJjx5ZuUUGBT",
    "authorUserName": "灵***版",
    "title": "词云图",
    "description": "",
    "latestVersion": 1,
    "alwaysLatest": 0,
    "createTime": "2021-09-26T02:06:50.000Z",
    "lastUpdateTime": "2021-09-26T02:06:50.000Z",
    "auth": 1,
    "uid": "obd-o28yEmsJcQDtQS5x8Y2eJjx5ZuUUGBT",
    "publishedVersion": 0,
    "forkFrom": "-",
    "isSpam": 0,
    "version": 1,
    "parentVersion": -1,
    "echartsVersion": "5.2.1",
    "versionCreateTime": "2021-09-26T02:06:50.000Z",
    "html": "",
    "externalScripts": "",
    "updaterUID": "obd-o28yEmsJcQDtQS5x8Y2eJjx5ZuUUGBT",
    "theme": "",
    "layout": "",
    "viewCount": 0,
    "userName": "灵***版",
    "commentCount": 0,
    "starCount": 1,
    "isStared": 0,
    "thumbnailURL": "https://www.makeapie.com/ecg-storage/ec_gallery_thumbnail/xbujQ6Aoi1.png?v=1632622010772",
    "isCustomThumbnail": 0,
    "builtinTags": [
        "category-work",
        "series-graph",
        "title",
        "toolbox"
    ],
    "customTags": [],
    "updaterUserName": "灵***版"
}