{
    "cid": "xbV75TQCy7",
    "authorUid": "obd-oA7gT1wTmzoTVTL70X6kxk0e-kQVs7W",
    "authorUserName": "V***q",
    "title": "xyy折线图",
    "description": "共用x轴，两个y轴不同数据",
    "latestVersion": 4,
    "alwaysLatest": 0,
    "createTime": "2021-09-24T02:36:16.000Z",
    "lastUpdateTime": "2021-10-28T10:04:02.000Z",
    "auth": 2,
    "uid": "obd-oA7gT1wTmzoTVTL70X6kxk0e-kQVs7W",
    "publishedVersion": 0,
    "forkFrom": "-",
    "isSpam": 0,
    "version": 4,
    "parentVersion": 3,
    "echartsVersion": "5.2.1",
    "versionCreateTime": "2021-10-28T10:04:02.000Z",
    "html": "",
    "externalScripts": "",
    "updaterUID": "obd-oA7gT1wTmzoTVTL70X6kxk0e-kQVs7W",
    "theme": "",
    "layout": "",
    "viewCount": 0,
    "userName": "V***q",
    "commentCount": 0,
    "starCount": 1,
    "isStared": 0,
    "thumbnailURL": "https://www.makeapie.com/ecg-storage/ec_gallery_thumbnail/xbV75TQCy7.png?v=1635415442798",
    "isCustomThumbnail": 0,
    "builtinTags": [
        "category-work",
        "grid",
        "legend",
        "series-bar",
        "series-line",
        "tooltip"
    ],
    "customTags": [],
    "updaterUserName": "V***q"
}