{
    "cid": "xdjwnEchdq",
    "authorUid": "obd-o2HyD4BRquD_bBgquCMQ5lhB73nlbB6",
    "authorUserName": "j***h",
    "title": "医疗行业聚合统计",
    "description": "医疗行业相关聚合统计，主要以饼图为主",
    "latestVersion": 1,
    "alwaysLatest": 0,
    "createTime": "2021-09-24T08:52:23.000Z",
    "lastUpdateTime": "2021-09-24T08:52:23.000Z",
    "auth": 1,
    "uid": "obd-o2HyD4BRquD_bBgquCMQ5lhB73nlbB6",
    "publishedVersion": 0,
    "forkFrom": "-",
    "isSpam": 0,
    "version": 1,
    "parentVersion": -1,
    "echartsVersion": "5.2.1",
    "versionCreateTime": "2021-09-24T08:52:23.000Z",
    "html": "",
    "externalScripts": "",
    "updaterUID": "obd-o2HyD4BRquD_bBgquCMQ5lhB73nlbB6",
    "theme": "",
    "layout": "",
    "viewCount": 0,
    "userName": "j***h",
    "commentCount": 0,
    "starCount": 0,
    "isStared": 0,
    "thumbnailURL": "https://www.makeapie.com/ecg-storage/ec_gallery_thumbnail/xdjwnEchdq.png?v=1632473543589",
    "isCustomThumbnail": 0,
    "builtinTags": [
        "category-work",
        "dataset",
        "legend",
        "series-pie",
        "title",
        "tooltip"
    ],
    "customTags": [],
    "updaterUserName": "j***h"
}