{
    "cid": "xhxgHdVCY4",
    "authorUid": "obd-oAlFYisM8E7gN8M2hZfP9KB4LbEBg7b",
    "authorUserName": "c***9",
    "title": "建房现状",
    "description": "1350",
    "latestVersion": 1,
    "alwaysLatest": 0,
    "createTime": "2021-09-25T17:40:17.000Z",
    "lastUpdateTime": "2021-09-25T17:40:17.000Z",
    "auth": 2,
    "uid": "obd-oAlFYisM8E7gN8M2hZfP9KB4LbEBg7b",
    "publishedVersion": 0,
    "forkFrom": "-",
    "isSpam": 0,
    "version": 1,
    "parentVersion": -1,
    "echartsVersion": "5.2.1",
    "versionCreateTime": "2021-09-25T17:40:17.000Z",
    "html": "",
    "externalScripts": "",
    "updaterUID": "obd-oAlFYisM8E7gN8M2hZfP9KB4LbEBg7b",
    "theme": "",
    "layout": "",
    "viewCount": 0,
    "userName": "c***9",
    "commentCount": 0,
    "starCount": 0,
    "isStared": 0,
    "thumbnailURL": "https://www.makeapie.com/ecg-storage/ec_gallery_thumbnail/xhxgHdVCY4.png?v=1632591618083",
    "isCustomThumbnail": 0,
    "builtinTags": [
        "category-work",
        "dataset",
        "dataZoom",
        "grid",
        "legend",
        "series-bar",
        "series-pie",
        "title",
        "tooltip"
    ],
    "customTags": [],
    "updaterUserName": "c***9"
}