{
    "cid": "xixAsf3Oxk",
    "authorUid": "obd-o-3eziZdErW7VxipUVWwvD-XbtzyCAV",
    "authorUserName": "饿***部",
    "title": "分割环形图",
    "description": "环形图，分割",
    "latestVersion": 1,
    "alwaysLatest": 0,
    "createTime": "2021-09-24T07:56:28.000Z",
    "lastUpdateTime": "2021-09-24T07:56:28.000Z",
    "auth": 2,
    "uid": "obd-o-3eziZdErW7VxipUVWwvD-XbtzyCAV",
    "publishedVersion": 0,
    "forkFrom": "-",
    "isSpam": 0,
    "version": 1,
    "parentVersion": -1,
    "echartsVersion": "5.2.1",
    "versionCreateTime": "2021-09-24T07:56:28.000Z",
    "html": "",
    "externalScripts": "",
    "updaterUID": "obd-o-3eziZdErW7VxipUVWwvD-XbtzyCAV",
    "theme": "",
    "layout": "",
    "viewCount": 0,
    "userName": "饿***部",
    "commentCount": 0,
    "starCount": 8,
    "isStared": 0,
    "thumbnailURL": "https://www.makeapie.com/ecg-storage/ec_gallery_thumbnail/xixAsf3Oxk.png?v=1632470188758",
    "isCustomThumbnail": 0,
    "builtinTags": [
        "category-work",
        "markArea",
        "series-gauge",
        "series-pie",
        "title"
    ],
    "customTags": [],
    "updaterUserName": "饿***部"
}