{
    "cid": "xO3EqQiI7C",
    "authorUid": "obd-oAFFRtl-8KGgtrR_EaQiZuNhR3-QI7x",
    "authorUserName": "怎***天",
    "title": "金额面积堆叠图",
    "description": "",
    "latestVersion": 1,
    "alwaysLatest": 0,
    "createTime": "2021-09-25T07:28:16.000Z",
    "lastUpdateTime": "2021-09-25T07:28:16.000Z",
    "auth": 2,
    "uid": "obd-oAFFRtl-8KGgtrR_EaQiZuNhR3-QI7x",
    "publishedVersion": 0,
    "forkFrom": "-",
    "isSpam": 0,
    "version": 1,
    "parentVersion": -1,
    "echartsVersion": "5.2.1",
    "versionCreateTime": "2021-09-25T07:28:16.000Z",
    "html": "",
    "externalScripts": "",
    "updaterUID": "obd-oAFFRtl-8KGgtrR_EaQiZuNhR3-QI7x",
    "theme": "",
    "layout": "",
    "viewCount": 0,
    "userName": "怎***天",
    "commentCount": 0,
    "starCount": 1,
    "isStared": 0,
    "thumbnailURL": "https://www.makeapie.com/ecg-storage/ec_gallery_thumbnail/xO3EqQiI7C.png?v=1632554896368",
    "isCustomThumbnail": 0,
    "builtinTags": [
        "category-work",
        "grid",
        "legend",
        "series-line",
        "tooltip"
    ],
    "customTags": [],
    "updaterUserName": "怎***天"
}