{
    "cid": "xxjZZTv6z8",
    "authorUid": "obd-o24ymbNi3Yq60yH7vRNH5fWBkdEbxBI",
    "authorUserName": "136******85",
    "title": "散点图",
    "description": "",
    "latestVersion": 1,
    "alwaysLatest": 0,
    "createTime": "2021-09-24T08:32:36.000Z",
    "lastUpdateTime": "2021-09-24T08:32:36.000Z",
    "auth": 2,
    "uid": "obd-o24ymbNi3Yq60yH7vRNH5fWBkdEbxBI",
    "publishedVersion": 0,
    "forkFrom": "-",
    "isSpam": 0,
    "version": 1,
    "parentVersion": -1,
    "echartsVersion": "5.2.1",
    "versionCreateTime": "2021-09-24T08:32:36.000Z",
    "html": "",
    "externalScripts": "",
    "updaterUID": "obd-o24ymbNi3Yq60yH7vRNH5fWBkdEbxBI",
    "theme": "",
    "layout": "",
    "viewCount": 0,
    "userName": "136******85",
    "commentCount": 0,
    "starCount": 0,
    "isStared": 0,
    "thumbnailURL": "https://www.makeapie.com/ecg-storage/ec_gallery_thumbnail/xxjZZTv6z8.png?v=1632472356334",
    "isCustomThumbnail": 0,
    "builtinTags": [
        "category-work",
        "grid",
        "series-scatter"
    ],
    "customTags": [],
    "updaterUserName": "136******85"
}