{
    "cid": "xYpVCdXW_o",
    "authorUid": "obd-o2LT5SPsRm62u1sF90rM6cs58MmkP66",
    "authorUserName": "j***9",
    "title": "298",
    "description": "总数",
    "latestVersion": 2,
    "alwaysLatest": 0,
    "createTime": "2021-09-24T08:48:32.000Z",
    "lastUpdateTime": "2021-09-24T08:54:45.000Z",
    "auth": 2,
    "uid": "obd-o2LT5SPsRm62u1sF90rM6cs58MmkP66",
    "publishedVersion": 0,
    "forkFrom": "-",
    "isSpam": 0,
    "version": 2,
    "parentVersion": 1,
    "echartsVersion": "5.2.1",
    "versionCreateTime": "2021-09-24T08:54:45.000Z",
    "html": "",
    "externalScripts": "",
    "updaterUID": "obd-o2LT5SPsRm62u1sF90rM6cs58MmkP66",
    "theme": "",
    "layout": "",
    "viewCount": 0,
    "userName": "j***9",
    "commentCount": 0,
    "starCount": 2,
    "isStared": 0,
    "thumbnailURL": "https://www.makeapie.com/ecg-storage/ec_gallery_thumbnail/xYpVCdXW_o.png?v=1632473685732",
    "isCustomThumbnail": 0,
    "builtinTags": [
        "category-work",
        "legend",
        "series-pie",
        "title",
        "tooltip"
    ],
    "customTags": [],
    "updaterUserName": "j***9"
}