{
    "cid": "xzUlwqM2rh",
    "authorUid": "obd-o0EOPuEjYVvXQVbYeJgnI6adC0dW6FF",
    "authorUserName": "三***风",
    "title": "环形柱图",
    "description": "",
    "latestVersion": 1,
    "alwaysLatest": 0,
    "createTime": "2021-09-24T03:16:42.000Z",
    "lastUpdateTime": "2021-09-24T03:16:42.000Z",
    "auth": 2,
    "uid": "obd-o0EOPuEjYVvXQVbYeJgnI6adC0dW6FF",
    "publishedVersion": 0,
    "forkFrom": "-",
    "isSpam": 0,
    "version": 1,
    "parentVersion": -1,
    "echartsVersion": "4.7.0",
    "versionCreateTime": "2021-09-24T03:16:42.000Z",
    "html": "",
    "externalScripts": "",
    "updaterUID": "obd-o0EOPuEjYVvXQVbYeJgnI6adC0dW6FF",
    "theme": "",
    "layout": "",
    "viewCount": 0,
    "userName": "三***风",
    "commentCount": 0,
    "starCount": 2,
    "isStared": 0,
    "thumbnailURL": "https://www.makeapie.com/ecg-storage/ec_gallery_thumbnail/xzUlwqM2rh.png?v=1632453403108",
    "isCustomThumbnail": 1,
    "builtinTags": [
        "category-work",
        "grid",
        "polar",
        "series-bar",
        "series-pie",
        "title",
        "tooltip"
    ],
    "customTags": [],
    "updaterUserName": "三***风"
}