{
    "cid": "xBkTMbWLYM",
    "authorUid": "bd-4030174378",
    "authorUserName": "零***解",
    "title": "图标柱状图",
    "description": "",
    "latestVersion": 1,
    "alwaysLatest": 1,
    "createTime": "2018-03-14T01:55:33.000Z",
    "lastUpdateTime": "2018-03-14T01:55:33.000Z",
    "auth": 2,
    "uid": "bd-4030174378",
    "publishedVersion": 0,
    "forkFrom": "-",
    "isSpam": 0,
    "version": 1,
    "parentVersion": -1,
    "echartsVersion": "4.0.4",
    "versionCreateTime": "2018-03-14T01:55:33.000Z",
    "html": "",
    "externalScripts": "",
    "updaterUID": "bd-4030174378",
    "theme": "",
    "layout": "",
    "viewCount": 24507,
    "userName": "零***解",
    "commentCount": 2,
    "starCount": 107,
    "isStared": 0,
    "thumbnailURL": "https://www.makeapie.com/ecg-storage/ec_gallery_thumbnail/xBkTMbWLYM.png?v=1520992533243",
    "isCustomThumbnail": 1,
    "builtinTags": [
        "category-work",
        "grid",
        "series-bar",
        "series-pictorialBar",
        "tooltip"
    ],
    "customTags": [],
    "updaterUserName": "零***解"
}