{
    "cid": "xHJkoiH-_G",
    "authorUid": "bd-3902973793",
    "authorUserName": "xiangcaozhu",
    "title": "温度计",
    "description": "温度计",
    "latestVersion": 4,
    "alwaysLatest": 1,
    "createTime": "2018-02-26T08:55:50.000Z",
    "lastUpdateTime": "2018-02-26T08:55:50.000Z",
    "auth": 2,
    "uid": "bd-3902973793",
    "publishedVersion": 0,
    "forkFrom": "-",
    "isSpam": 0,
    "version": 4,
    "parentVersion": 3,
    "echartsVersion": "3.8.0",
    "versionCreateTime": "2018-02-26T09:03:29.000Z",
    "html": "",
    "externalScripts": "",
    "updaterUID": "bd-3902973793",
    "theme": "",
    "layout": "",
    "viewCount": 12585,
    "userName": "xiangcaozhu",
    "commentCount": 3,
    "starCount": 82,
    "isStared": 0,
    "thumbnailURL": "https://www.makeapie.com/ecg-storage/ec_gallery_thumbnail/xHJkoiH-_G.png?v=1519635809924",
    "isCustomThumbnail": 0,
    "builtinTags": [
        "category-work",
        "grid",
        "series-bar",
        "series-scatter",
        "title"
    ],
    "customTags": [],
    "updaterUserName": "xiangcaozhu"
}