{
    "cid": "xHkCjtI1Bm",
    "authorUid": "bd-3929454393",
    "authorUserName": "默***灵",
    "title": "饼图",
    "description": "不需要使用D3，也可以实现的图表",
    "latestVersion": 1,
    "alwaysLatest": 1,
    "createTime": "2018-08-01T16:02:45.000Z",
    "lastUpdateTime": "2018-08-01T16:02:45.000Z",
    "auth": 2,
    "uid": "bd-3929454393",
    "publishedVersion": 0,
    "forkFrom": "-",
    "isSpam": 0,
    "version": 1,
    "parentVersion": -1,
    "echartsVersion": "4.1.0",
    "versionCreateTime": "2018-08-01T16:02:45.000Z",
    "html": "",
    "externalScripts": "",
    "updaterUID": "bd-3929454393",
    "theme": "",
    "layout": "",
    "viewCount": 30354,
    "userName": "默***灵",
    "commentCount": 0,
    "starCount": 114,
    "isStared": 0,
    "thumbnailURL": "https://www.makeapie.com/ecg-storage/ec_gallery_thumbnail/xHkCjtI1Bm.png?v=1533139366095",
    "isCustomThumbnail": 0,
    "builtinTags": [
        "category-work",
        "legend",
        "series-pie",
        "toolbox",
        "tooltip"
    ],
    "customTags": [],
    "updaterUserName": "默***灵"
}