{
    "cid": "xMOEsMUSLk",
    "authorUid": "bd-4212196138",
    "authorUserName": "q***5",
    "title": "词云",
    "description": "",
    "latestVersion": 3,
    "alwaysLatest": 1,
    "createTime": "2019-04-09T05:27:02.000Z",
    "lastUpdateTime": "2019-04-09T05:27:02.000Z",
    "auth": 2,
    "uid": "bd-4212196138",
    "publishedVersion": 0,
    "forkFrom": "-",
    "isSpam": 0,
    "version": 3,
    "parentVersion": 2,
    "echartsVersion": "4.8.0",
    "versionCreateTime": "2020-09-09T13:58:21.000Z",
    "html": "",
    "externalScripts": "https://oix87.gitee.io/echarts-wordcloud.use/wordcloud.js",
    "updaterUID": "bd-4212196138",
    "theme": "",
    "layout": "",
    "viewCount": 17304,
    "userName": "q***5",
    "commentCount": 6,
    "starCount": 78,
    "isStared": 0,
    "thumbnailURL": "https://www.makeapie.com/ecg-storage/ec_gallery_thumbnail/xMOEsMUSLk.png?v=1599659901782",
    "isCustomThumbnail": 0,
    "builtinTags": [
        "category-work",
        "series-wordCloud",
        "tooltip"
    ],
    "customTags": [],
    "updaterUserName": "q***5"
}