{
    "cid": "xPQyAxdcyG",
    "authorUid": "bd-2903669626",
    "authorUserName": "z***2",
    "title": "项目需要的图",
    "description": "",
    "latestVersion": 11,
    "alwaysLatest": 1,
    "createTime": "2019-03-26T02:08:35.000Z",
    "lastUpdateTime": "2019-03-26T02:08:35.000Z",
    "auth": 2,
    "uid": "bd-2903669626",
    "publishedVersion": 0,
    "forkFrom": "-",
    "isSpam": 0,
    "version": 11,
    "parentVersion": 10,
    "echartsVersion": "4.4.0",
    "versionCreateTime": "2019-12-16T05:43:49.000Z",
    "html": "",
    "externalScripts": "",
    "updaterUID": "bd-2903669626",
    "theme": "",
    "layout": "",
    "viewCount": 10860,
    "userName": "z***2",
    "commentCount": 1,
    "starCount": 64,
    "isStared": 0,
    "thumbnailURL": "https://www.makeapie.com/ecg-storage/ec_gallery_thumbnail/xPQyAxdcyG.png?v=1576475029616",
    "isCustomThumbnail": 0,
    "builtinTags": [
        "category-work",
        "grid",
        "series-scatter"
    ],
    "customTags": [],
    "updaterUserName": "z***2"
}