{
    "cid": "xr1NbmrIZQ",
    "authorUid": "bd-2459271525",
    "authorUserName": "柳***6",
    "title": "大厅办事满意率水球图",
    "description": "",
    "latestVersion": 1,
    "alwaysLatest": 1,
    "createTime": "2018-06-19T08:46:51.000Z",
    "lastUpdateTime": "2018-06-19T08:46:51.000Z",
    "auth": 2,
    "uid": "bd-2459271525",
    "publishedVersion": 0,
    "forkFrom": "-",
    "isSpam": 0,
    "version": 1,
    "parentVersion": -1,
    "echartsVersion": "4.1.0",
    "versionCreateTime": "2018-06-19T08:46:51.000Z",
    "html": "",
    "externalScripts": "http://echarts.baidu.com/resource/echarts-liquidfill-latest/dist/echarts-liquidfill.min.js",
    "updaterUID": "bd-2459271525",
    "theme": "dark",
    "layout": "",
    "viewCount": 23190,
    "userName": "柳***6",
    "commentCount": 2,
    "starCount": 115,
    "isStared": 0,
    "thumbnailURL": "https://www.makeapie.com/ecg-storage/ec_gallery_thumbnail/xr1NbmrIZQ.png?v=1529398011969",
    "isCustomThumbnail": 0,
    "builtinTags": [
        "category-work",
        "series-liquidFill"
    ],
    "customTags": [],
    "updaterUserName": "柳***6"
}