{
    "cid": "xr1PF1dquf",
    "authorUid": "bd-238392997",
    "authorUserName": "不愿一人沉沦",
    "title": "Graph 简单示例",
    "description": "",
    "latestVersion": 1,
    "alwaysLatest": 1,
    "createTime": "2018-03-05T07:19:26.000Z",
    "lastUpdateTime": "2018-03-05T07:19:26.000Z",
    "auth": 2,
    "uid": "bd-238392997",
    "publishedVersion": 0,
    "forkFrom": "-",
    "isSpam": 0,
    "version": 1,
    "parentVersion": -1,
    "echartsVersion": "4.0.4",
    "versionCreateTime": "2018-03-05T07:19:26.000Z",
    "html": "",
    "externalScripts": "",
    "updaterUID": "bd-238392997",
    "theme": "",
    "layout": "",
    "viewCount": 29268,
    "userName": "不愿一人沉沦",
    "commentCount": 5,
    "starCount": 84,
    "isStared": 0,
    "thumbnailURL": "https://www.makeapie.com/ecg-storage/ec_gallery_thumbnail/xr1PF1dquf.png?v=1520234367095",
    "isCustomThumbnail": 1,
    "builtinTags": [
        "category-work",
        "legend",
        "series-graph",
        "title",
        "tooltip"
    ],
    "customTags": [],
    "updaterUserName": "不愿一人沉沦"
}