{
    "cid": "xrJ5YWDj7M",
    "authorUid": "bd-1335944923",
    "authorUserName": "锃***6",
    "title": "地球lines多色",
    "description": "为什么tooltip不好使呢",
    "latestVersion": 112,
    "alwaysLatest": 1,
    "createTime": "2018-01-04T08:10:42.000Z",
    "lastUpdateTime": "2021-12-13T05:55:10.000Z",
    "auth": 1,
    "uid": "bd-1335944923",
    "publishedVersion": 0,
    "forkFrom": "-",
    "isSpam": 0,
    "version": 112,
    "parentVersion": 111,
    "echartsVersion": "3.8.5",
    "versionCreateTime": "2021-12-13T05:55:10.000Z",
    "html": "",
    "externalScripts": "https://echarts.baidu.com/resource/echarts-gl-latest/dist/echarts-gl.min.js,/dep/echarts/map/js/world.js",
    "updaterUID": "obd-oEO77t38z_o4ASQJpYyjbS4ybHigl45",
    "theme": "",
    "layout": "",
    "viewCount": 59755,
    "userName": "锃***6",
    "commentCount": 43,
    "starCount": 119,
    "isStared": 0,
    "thumbnailURL": "https://www.makeapie.com/ecg-storage/ec_gallery_thumbnail/xrJ5YWDj7M.png?v=1639374910608",
    "isCustomThumbnail": 0,
    "builtinTags": [
        "category-work",
        "globe",
        "series-lines3D",
        "title",
        "tooltip",
        "visualMap"
    ],
    "customTags": [],
    "updaterUserName": "月***汐"
}