{
    "cid": "xS1LQ8SMuG",
    "authorUid": "bd-1353429936",
    "authorUserName": "m***e",
    "title": "温度计柱状图",
    "description": "",
    "latestVersion": 5,
    "alwaysLatest": 1,
    "createTime": "2018-02-27T02:44:46.000Z",
    "lastUpdateTime": "2018-02-27T02:44:46.000Z",
    "auth": 2,
    "uid": "bd-1353429936",
    "publishedVersion": 0,
    "forkFrom": "-",
    "isSpam": 0,
    "version": 5,
    "parentVersion": 4,
    "echartsVersion": "3.8.0",
    "versionCreateTime": "2018-03-02T01:40:15.000Z",
    "html": "",
    "externalScripts": "",
    "updaterUID": "bd-1353429936",
    "theme": "",
    "layout": "",
    "viewCount": 42992,
    "userName": "m***e",
    "commentCount": 6,
    "starCount": 117,
    "isStared": 0,
    "thumbnailURL": "https://www.makeapie.com/ecg-storage/ec_gallery_thumbnail/xS1LQ8SMuG.png?v=1519954816000",
    "isCustomThumbnail": 0,
    "builtinTags": [
        "category-work",
        "grid",
        "legend",
        "series-bar",
        "series-scatter",
        "title",
        "tooltip"
    ],
    "customTags": [],
    "updaterUserName": "m***e"
}