{
    "cid": "xS1sKZMUg7",
    "authorUid": "bd-673502109",
    "authorUserName": "ly6158bd",
    "title": "雷达图",
    "description": "",
    "latestVersion": 1,
    "alwaysLatest": 1,
    "createTime": "2018-06-07T01:59:31.000Z",
    "lastUpdateTime": "2018-06-07T01:59:31.000Z",
    "auth": 2,
    "uid": "bd-673502109",
    "publishedVersion": 0,
    "forkFrom": "-",
    "isSpam": 0,
    "version": 1,
    "parentVersion": -1,
    "echartsVersion": "4.1.0",
    "versionCreateTime": "2018-06-07T01:59:31.000Z",
    "html": "",
    "externalScripts": "",
    "updaterUID": "bd-673502109",
    "theme": "",
    "layout": "",
    "viewCount": 15809,
    "userName": "ly6158bd",
    "commentCount": 0,
    "starCount": 98,
    "isStared": 0,
    "thumbnailURL": "https://www.makeapie.com/ecg-storage/ec_gallery_thumbnail/xS1sKZMUg7.png?v=1528336771448",
    "isCustomThumbnail": 0,
    "builtinTags": [
        "category-work",
        "legend",
        "radar",
        "series-radar",
        "title",
        "tooltip"
    ],
    "customTags": [],
    "updaterUserName": "ly6158bd"
}