{
    "cid": "xSkUQiHdBz",
    "authorUid": "bd-2434570465",
    "authorUserName": "小爷路过这",
    "title": "“会员活跃度” - 山东省",
    "description": "",
    "latestVersion": 3,
    "alwaysLatest": 1,
    "createTime": "2018-01-26T06:30:54.000Z",
    "lastUpdateTime": "2018-01-26T06:30:54.000Z",
    "auth": 2,
    "uid": "bd-2434570465",
    "publishedVersion": 0,
    "forkFrom": "-",
    "isSpam": 0,
    "version": 3,
    "parentVersion": 2,
    "echartsVersion": "3.8.0",
    "versionCreateTime": "2018-01-26T09:14:07.000Z",
    "html": "",
    "externalScripts": "",
    "updaterUID": "bd-2434570465",
    "theme": "",
    "layout": "",
    "viewCount": 34596,
    "userName": "小爷路过这",
    "commentCount": 18,
    "starCount": 84,
    "isStared": 0,
    "thumbnailURL": "https://www.makeapie.com/ecg-storage/ec_gallery_thumbnail/xSkUQiHdBz.png?v=1516958047340",
    "isCustomThumbnail": 0,
    "builtinTags": [
        "category-work",
        "geo",
        "legend",
        "series-effectScatter",
        "series-map",
        "series-scatter",
        "title",
        "tooltip",
        "visualMap"
    ],
    "customTags": [],
    "updaterUserName": "小爷路过这"
}