{
    "cid": "xTsu_f6uCC",
    "authorUid": "bd-1013517419",
    "authorUserName": "爱***傻",
    "title": "信息贡献统计",
    "description": "",
    "latestVersion": 1,
    "alwaysLatest": 1,
    "createTime": "2018-12-12T05:04:13.000Z",
    "lastUpdateTime": "2018-12-12T05:04:13.000Z",
    "auth": 2,
    "uid": "bd-1013517419",
    "publishedVersion": 0,
    "forkFrom": "-",
    "isSpam": 0,
    "version": 1,
    "parentVersion": -1,
    "echartsVersion": "4.2.0",
    "versionCreateTime": "2018-12-12T05:04:13.000Z",
    "html": "",
    "externalScripts": "",
    "updaterUID": "bd-1013517419",
    "theme": "",
    "layout": "",
    "viewCount": 16222,
    "userName": "爱***傻",
    "commentCount": 0,
    "starCount": 109,
    "isStared": 0,
    "thumbnailURL": "https://www.makeapie.com/ecg-storage/ec_gallery_thumbnail/xTsu_f6uCC.png?v=1544591053597",
    "isCustomThumbnail": 0,
    "builtinTags": [
        "category-work",
        "grid",
        "legend",
        "markPoint",
        "series-line",
        "tooltip"
    ],
    "customTags": [],
    "updaterUserName": "爱***傻"
}