{
    "cid": "xuqmbQ15J7",
    "authorUid": "bd-1335944923",
    "authorUserName": "锃***6",
    "title": "引导线tooltip",
    "description": "制作带引导线动画的tooltip",
    "latestVersion": 6,
    "alwaysLatest": 1,
    "createTime": "2019-01-08T08:07:33.000Z",
    "lastUpdateTime": "2019-01-08T08:07:33.000Z",
    "auth": 2,
    "uid": "bd-1335944923",
    "publishedVersion": 0,
    "forkFrom": "-",
    "isSpam": 0,
    "version": 6,
    "parentVersion": 5,
    "echartsVersion": "4.2.1",
    "versionCreateTime": "2019-09-16T06:14:18.000Z",
    "html": "",
    "externalScripts": "/dep/echarts/map/js/china.js,https://cdnjs.cloudflare.com/ajax/libs/gsap/2.0.1/TweenMax.min.js,https://code.createjs.com/1.0.0/easeljs.min.js",
    "updaterUID": "bd-1335944923",
    "theme": "",
    "layout": "",
    "viewCount": 28342,
    "userName": "锃***6",
    "commentCount": 32,
    "starCount": 77,
    "isStared": 0,
    "thumbnailURL": "https://www.makeapie.com/ecg-storage/ec_gallery_thumbnail/xuqmbQ15J7.png?v=1546934853419",
    "isCustomThumbnail": 1,
    "builtinTags": [
        "category-work",
        "geo",
        "legend",
        "series-effectScatter",
        "title",
        "tooltip"
    ],
    "customTags": [
        "createjs",
        "tooltip",
        "tweenmax"
    ],
    "updaterUserName": "锃***6"
}