{
    "cid": "x1eJbZoxyO",
    "authorUid": "obd-o2CgThNCuZcmKK17Cn6GOK8Iz8uG_BN",
    "authorUserName": "半***婷",
    "title": "group",
    "description": "group",
    "latestVersion": 2,
    "alwaysLatest": 1,
    "createTime": "2021-01-22T11:25:25.000Z",
    "lastUpdateTime": "2021-01-22T11:25:25.000Z",
    "auth": 2,
    "uid": "obd-o2CgThNCuZcmKK17Cn6GOK8Iz8uG_BN",
    "publishedVersion": 0,
    "forkFrom": "-",
    "isSpam": 0,
    "version": 2,
    "parentVersion": 1,
    "echartsVersion": "4.8.0",
    "versionCreateTime": "2021-01-22T11:26:42.000Z",
    "html": "",
    "externalScripts": "",
    "updaterUID": "obd-o2CgThNCuZcmKK17Cn6GOK8Iz8uG_BN",
    "theme": "dark",
    "layout": "",
    "viewCount": 60,
    "userName": "半***婷",
    "commentCount": 0,
    "starCount": 1,
    "isStared": 0,
    "thumbnailURL": "https://www.makeapie.com/ecg-storage/ec_gallery_thumbnail/x1eJbZoxyO.png?v=1611314802853",
    "isCustomThumbnail": 0,
    "builtinTags": [
        "category-work",
        "grid",
        "series-bar",
        "series-line"
    ],
    "customTags": [],
    "updaterUserName": "半***婷"
}