{
    "cid": "x29Pk1WR2A",
    "authorUid": "obd-oEc7DbUKqNVqRGdQ0r0krjYIVAQgj4I",
    "authorUserName": "一***心",
    "title": "Awesome Chart",
    "description": "",
    "latestVersion": 1,
    "alwaysLatest": 1,
    "createTime": "2021-01-22T10:42:07.000Z",
    "lastUpdateTime": "2021-01-22T10:42:07.000Z",
    "auth": 2,
    "uid": "obd-oEc7DbUKqNVqRGdQ0r0krjYIVAQgj4I",
    "publishedVersion": 0,
    "forkFrom": "-",
    "isSpam": 0,
    "version": 1,
    "parentVersion": -1,
    "echartsVersion": "4.8.0",
    "versionCreateTime": "2021-01-22T10:42:07.000Z",
    "html": "",
    "externalScripts": "",
    "updaterUID": "obd-oEc7DbUKqNVqRGdQ0r0krjYIVAQgj4I",
    "theme": "",
    "layout": "",
    "viewCount": 13,
    "userName": "一***心",
    "commentCount": 0,
    "starCount": 0,
    "isStared": 0,
    "thumbnailURL": "https://www.makeapie.com/ecg-storage/ec_gallery_thumbnail/x29Pk1WR2A.png?v=1611312127439",
    "isCustomThumbnail": 0,
    "builtinTags": [
        "category-work",
        "grid",
        "series-line",
        "title"
    ],
    "customTags": [],
    "updaterUserName": "一***心"
}