{
    "cid": "x5BwZ3bvbu",
    "authorUid": "obd-ojCz53OL3DN0P9hzCTdbEISxLZUCLE9",
    "authorUserName": "s***3",
    "title": "我的修改",
    "description": "",
    "latestVersion": 2,
    "alwaysLatest": 1,
    "createTime": "2021-01-22T06:56:28.000Z",
    "lastUpdateTime": "2021-01-22T06:56:28.000Z",
    "auth": 2,
    "uid": "obd-ojCz53OL3DN0P9hzCTdbEISxLZUCLE9",
    "publishedVersion": 0,
    "forkFrom": "-",
    "isSpam": 0,
    "version": 2,
    "parentVersion": 1,
    "echartsVersion": "4.8.0",
    "versionCreateTime": "2021-01-25T01:07:00.000Z",
    "html": "",
    "externalScripts": "",
    "updaterUID": "obd-ojCz53OL3DN0P9hzCTdbEISxLZUCLE9",
    "theme": "",
    "layout": "",
    "viewCount": 87,
    "userName": "s***3",
    "commentCount": 0,
    "starCount": 0,
    "isStared": 0,
    "thumbnailURL": "https://www.makeapie.com/ecg-storage/ec_gallery_thumbnail/x5BwZ3bvbu.png?v=1611536820463",
    "isCustomThumbnail": 0,
    "builtinTags": [
        "category-work",
        "grid",
        "series-bar",
        "title",
        "tooltip"
    ],
    "customTags": [],
    "updaterUserName": "s***3"
}