{
    "cid": "x7314EKOvk",
    "authorUid": "bd-3079028567",
    "authorUserName": "金***7",
    "title": "pie2",
    "description": "饼图",
    "latestVersion": 7,
    "alwaysLatest": 1,
    "createTime": "2021-01-20T08:59:29.000Z",
    "lastUpdateTime": "2021-01-20T08:59:29.000Z",
    "auth": 2,
    "uid": "bd-3079028567",
    "publishedVersion": 0,
    "forkFrom": "-",
    "isSpam": 0,
    "version": 7,
    "parentVersion": 6,
    "echartsVersion": "4.8.0",
    "versionCreateTime": "2021-01-27T08:07:42.000Z",
    "html": "",
    "externalScripts": "",
    "updaterUID": "bd-3079028567",
    "theme": "",
    "layout": "",
    "viewCount": 50,
    "userName": "金***7",
    "commentCount": 0,
    "starCount": 1,
    "isStared": 0,
    "thumbnailURL": "https://www.makeapie.com/ecg-storage/ec_gallery_thumbnail/x7314EKOvk.png?v=1611734862382",
    "isCustomThumbnail": 0,
    "builtinTags": [
        "category-work",
        "grid",
        "series-line",
        "title"
    ],
    "customTags": [],
    "updaterUserName": "金***7"
}