{
    "cid": "x8tOM_zLR9",
    "authorUid": "bd-1833292178",
    "authorUserName": "和***长",
    "title": "基线划分",
    "description": "根据基线位置划不同颜色线",
    "latestVersion": 5,
    "alwaysLatest": 1,
    "createTime": "2021-01-20T10:04:42.000Z",
    "lastUpdateTime": "2021-01-20T10:04:42.000Z",
    "auth": 1,
    "uid": "bd-1833292178",
    "publishedVersion": 0,
    "forkFrom": "-",
    "isSpam": 0,
    "version": 5,
    "parentVersion": 4,
    "echartsVersion": "4.8.0",
    "versionCreateTime": "2021-01-21T09:12:20.000Z",
    "html": "",
    "externalScripts": "",
    "updaterUID": "bd-1833292178",
    "theme": "",
    "layout": "",
    "viewCount": 149,
    "userName": "和***长",
    "commentCount": 0,
    "starCount": 3,
    "isStared": 0,
    "thumbnailURL": "https://www.makeapie.com/ecg-storage/ec_gallery_thumbnail/x8tOM_zLR9.png?v=1611220340417",
    "isCustomThumbnail": 0,
    "builtinTags": [
        "category-work",
        "grid",
        "markLine",
        "series-line",
        "tooltip",
        "visualMap"
    ],
    "customTags": [],
    "updaterUserName": "和***长"
}