{
    "cid": "x_DuIAmJ5Y",
    "authorUid": "bd-1298913600",
    "authorUserName": "思***展",
    "title": "设备总量饼图",
    "description": "",
    "latestVersion": 4,
    "alwaysLatest": 1,
    "createTime": "2021-01-22T03:22:50.000Z",
    "lastUpdateTime": "2021-02-04T03:00:56.000Z",
    "auth": 2,
    "uid": "bd-1298913600",
    "publishedVersion": 0,
    "forkFrom": "-",
    "isSpam": 0,
    "version": 4,
    "parentVersion": 3,
    "echartsVersion": "4.8.0",
    "versionCreateTime": "2021-02-04T02:50:54.000Z",
    "html": "",
    "externalScripts": "",
    "updaterUID": "bd-1298913600",
    "theme": "default",
    "layout": "",
    "viewCount": 68,
    "userName": "思***展",
    "commentCount": 0,
    "starCount": 0,
    "isStared": 0,
    "thumbnailURL": "https://www.makeapie.com/ecg-storage/ec_gallery_thumbnail/x_DuIAmJ5Y.png?v=1612407656240",
    "isCustomThumbnail": 1,
    "builtinTags": [
        "category-work",
        "dataset",
        "legend",
        "series-pie",
        "title"
    ],
    "customTags": [],
    "updaterUserName": "思***展"
}