{
    "cid": "xG_8UJx0YV",
    "authorUid": "bd-3079028567",
    "authorUserName": "金***7",
    "title": "折线图1",
    "description": "折线图",
    "latestVersion": 6,
    "alwaysLatest": 1,
    "createTime": "2021-01-22T09:00:31.000Z",
    "lastUpdateTime": "2021-01-22T09:00:31.000Z",
    "auth": 2,
    "uid": "bd-3079028567",
    "publishedVersion": 0,
    "forkFrom": "-",
    "isSpam": 0,
    "version": 6,
    "parentVersion": 5,
    "echartsVersion": "4.8.0",
    "versionCreateTime": "2021-01-25T07:56:16.000Z",
    "html": "",
    "externalScripts": "",
    "updaterUID": "bd-3079028567",
    "theme": "",
    "layout": "",
    "viewCount": 34,
    "userName": "金***7",
    "commentCount": 0,
    "starCount": 0,
    "isStared": 0,
    "thumbnailURL": "https://www.makeapie.com/ecg-storage/ec_gallery_thumbnail/xG_8UJx0YV.png?v=1611561376819",
    "isCustomThumbnail": 0,
    "builtinTags": [
        "category-work",
        "grid",
        "series-line",
        "title"
    ],
    "customTags": [],
    "updaterUserName": "金***7"
}