{
    "cid": "xgywXR-cWM",
    "authorUid": "bd-3079028567",
    "authorUserName": "金***7",
    "title": "饼图4",
    "description": "饼图",
    "latestVersion": 2,
    "alwaysLatest": 1,
    "createTime": "2021-01-22T03:02:31.000Z",
    "lastUpdateTime": "2021-01-22T03:02:31.000Z",
    "auth": 2,
    "uid": "bd-3079028567",
    "publishedVersion": 0,
    "forkFrom": "-",
    "isSpam": 0,
    "version": 2,
    "parentVersion": 1,
    "echartsVersion": "4.8.0",
    "versionCreateTime": "2021-01-22T06:55:45.000Z",
    "html": "",
    "externalScripts": "",
    "updaterUID": "bd-3079028567",
    "theme": "",
    "layout": "",
    "viewCount": 28,
    "userName": "金***7",
    "commentCount": 0,
    "starCount": 0,
    "isStared": 0,
    "thumbnailURL": "https://www.makeapie.com/ecg-storage/ec_gallery_thumbnail/xgywXR-cWM.png?v=1611298545792",
    "isCustomThumbnail": 0,
    "builtinTags": [
        "category-work",
        "grid",
        "series-line",
        "title"
    ],
    "customTags": [],
    "updaterUserName": "金***7"
}