{
    "cid": "xS-6RDerT8",
    "authorUid": "obd-oMmzfg9Il6foXWjdff9QaRbVAKchw2t",
    "authorUserName": "喃***",
    "title": "饼图-目标线",
    "description": "",
    "latestVersion": 1,
    "alwaysLatest": 1,
    "createTime": "2021-01-20T09:27:28.000Z",
    "lastUpdateTime": "2021-01-20T09:27:28.000Z",
    "auth": 1,
    "uid": "obd-oMmzfg9Il6foXWjdff9QaRbVAKchw2t",
    "publishedVersion": 0,
    "forkFrom": "-",
    "isSpam": 0,
    "version": 1,
    "parentVersion": -1,
    "echartsVersion": "4.8.0",
    "versionCreateTime": "2021-01-20T09:27:28.000Z",
    "html": "",
    "externalScripts": "",
    "updaterUID": "obd-oMmzfg9Il6foXWjdff9QaRbVAKchw2t",
    "theme": "",
    "layout": "",
    "viewCount": 42,
    "userName": "喃***",
    "commentCount": 0,
    "starCount": 0,
    "isStared": 0,
    "thumbnailURL": "https://www.makeapie.com/ecg-storage/ec_gallery_thumbnail/xS-6RDerT8.png?v=1611134848255",
    "isCustomThumbnail": 0,
    "builtinTags": [
        "category-work",
        "series-pie",
        "title"
    ],
    "customTags": [],
    "updaterUserName": "喃***"
}