{
    "cid": "xTkEnsfVP4",
    "authorUid": "obd-oFuxGxTia-XknNKjZ2noW44DSpZUV5b",
    "authorUserName": "潴***卜",
    "title": "养护计划",
    "description": "",
    "latestVersion": 2,
    "alwaysLatest": 1,
    "createTime": "2021-01-20T07:12:39.000Z",
    "lastUpdateTime": "2021-01-20T07:12:39.000Z",
    "auth": 2,
    "uid": "obd-oFuxGxTia-XknNKjZ2noW44DSpZUV5b",
    "publishedVersion": 0,
    "forkFrom": "-",
    "isSpam": 0,
    "version": 2,
    "parentVersion": 1,
    "echartsVersion": "4.8.0",
    "versionCreateTime": "2021-01-20T07:15:08.000Z",
    "html": "",
    "externalScripts": "",
    "updaterUID": "obd-oFuxGxTia-XknNKjZ2noW44DSpZUV5b",
    "theme": "",
    "layout": "",
    "viewCount": 171,
    "userName": "潴***卜",
    "commentCount": 0,
    "starCount": 0,
    "isStared": 0,
    "thumbnailURL": "https://www.makeapie.com/ecg-storage/ec_gallery_thumbnail/xTkEnsfVP4.png?v=1611126908533",
    "isCustomThumbnail": 0,
    "builtinTags": [
        "category-work",
        "grid",
        "series-bar",
        "series-line"
    ],
    "customTags": [],
    "updaterUserName": "潴***卜"
}