{
    "cid": "xU4C3mLN_2",
    "authorUid": "obd-ot1AKySrUIIlOvgy_oKiPaWED8EcG8h",
    "authorUserName": "E***3",
    "title": "月度报告披露情况",
    "description": "",
    "latestVersion": 3,
    "alwaysLatest": 1,
    "createTime": "2021-01-22T08:06:58.000Z",
    "lastUpdateTime": "2021-01-22T08:06:58.000Z",
    "auth": 2,
    "uid": "obd-ot1AKySrUIIlOvgy_oKiPaWED8EcG8h",
    "publishedVersion": 0,
    "forkFrom": "-",
    "isSpam": 0,
    "version": 3,
    "parentVersion": 1,
    "echartsVersion": "4.8.0",
    "versionCreateTime": "2021-01-22T08:18:55.000Z",
    "html": "",
    "externalScripts": "",
    "updaterUID": "obd-ot1AKySrUIIlOvgy_oKiPaWED8EcG8h",
    "theme": "",
    "layout": "",
    "viewCount": 65,
    "userName": "E***3",
    "commentCount": 0,
    "starCount": 0,
    "isStared": 0,
    "thumbnailURL": "https://www.makeapie.com/ecg-storage/ec_gallery_thumbnail/xU4C3mLN_2.png?v=1611303535947",
    "isCustomThumbnail": 0,
    "builtinTags": [
        "category-work",
        "grid",
        "series-bar",
        "title",
        "tooltip"
    ],
    "customTags": [],
    "updaterUserName": "E***3"
}