{
    "cid": "xB1Lk5RLO-",
    "authorUid": "bd-2239932449",
    "authorUserName": "137*****470",
    "title": "Line Chart with scatters",
    "description": "",
    "latestVersion": 4,
    "alwaysLatest": 1,
    "createTime": "2017-08-20T09:43:57.000Z",
    "lastUpdateTime": "2017-08-20T09:43:57.000Z",
    "auth": 2,
    "uid": "bd-2239932449",
    "publishedVersion": 0,
    "forkFrom": "-",
    "isSpam": 0,
    "version": 4,
    "parentVersion": 3,
    "echartsVersion": "3.6.2",
    "versionCreateTime": "2017-08-21T06:04:33.000Z",
    "html": "",
    "externalScripts": "",
    "updaterUID": "bd-2239932449",
    "theme": "",
    "layout": "",
    "viewCount": 314,
    "userName": "137*****470",
    "commentCount": 0,
    "starCount": 1,
    "isStared": 0,
    "thumbnailURL": "https://www.makeapie.com/ecg-storage/ec_gallery_thumbnail/xB1Lk5RLO-.png?v=1503295473133",
    "isCustomThumbnail": 0,
    "builtinTags": [
        "category-work",
        "grid",
        "legend",
        "series-custom",
        "series-effectScatter",
        "title",
        "tooltip"
    ],
    "customTags": [],
    "updaterUserName": "137*****470"
}