{
    "cid": "xB1zTX-4O-",
    "authorUid": "bd-4145736568",
    "authorUserName": "J***月",
    "title": "折线图",
    "description": "测试",
    "latestVersion": 1,
    "alwaysLatest": 1,
    "createTime": "2017-08-18T06:05:45.000Z",
    "lastUpdateTime": "2017-08-18T06:05:45.000Z",
    "auth": 2,
    "uid": "bd-4145736568",
    "publishedVersion": 0,
    "forkFrom": "-",
    "isSpam": 0,
    "version": 1,
    "parentVersion": -1,
    "echartsVersion": "3.6.2",
    "versionCreateTime": "2017-08-18T06:05:46.000Z",
    "html": "",
    "externalScripts": "",
    "updaterUID": "bd-4145736568",
    "theme": "",
    "layout": "",
    "viewCount": 504,
    "userName": "J***月",
    "commentCount": 0,
    "starCount": 0,
    "isStared": 0,
    "thumbnailURL": "https://www.makeapie.com/ecg-storage/ec_gallery_thumbnail/xB1zTX-4O-.png?v=1503036346073",
    "isCustomThumbnail": 0,
    "builtinTags": [
        "category-work",
        "grid",
        "legend",
        "series-line",
        "title"
    ],
    "customTags": [],
    "updaterUserName": "J***月"
}