{
    "cid": "xBJQiO25O-",
    "authorUid": "bd-841732013",
    "authorUserName": "亡心6",
    "title": "100城房价",
    "description": "",
    "latestVersion": 4,
    "alwaysLatest": 1,
    "createTime": "2017-08-23T08:11:07.000Z",
    "lastUpdateTime": "2017-08-23T08:11:07.000Z",
    "auth": 2,
    "uid": "bd-841732013",
    "publishedVersion": 0,
    "forkFrom": "-",
    "isSpam": 0,
    "version": 4,
    "parentVersion": 3,
    "echartsVersion": "3.7.0",
    "versionCreateTime": "2017-08-23T11:13:32.000Z",
    "html": "",
    "externalScripts": "",
    "updaterUID": "bd-841732013",
    "theme": "",
    "layout": "",
    "viewCount": 952,
    "userName": "亡心6",
    "commentCount": 0,
    "starCount": 1,
    "isStared": 0,
    "thumbnailURL": "https://www.makeapie.com/ecg-storage/ec_gallery_thumbnail/xBJQiO25O-.png?v=1503486812651",
    "isCustomThumbnail": 0,
    "builtinTags": [
        "category-work",
        "grid",
        "legend",
        "series-line",
        "title",
        "toolbox",
        "tooltip"
    ],
    "customTags": [],
    "updaterUserName": "亡心6"
}