{
    "cid": "xBJQXXi5_W",
    "authorUid": "bd-2099986119",
    "authorUserName": "文***5",
    "title": "广州市历年中小客车增量指标摇号人数",
    "description": "广州市从开始摇号到截止至2017年8月份的\n中小客车增量指标审核通过人数的增长量",
    "latestVersion": 10,
    "alwaysLatest": 1,
    "createTime": "2017-08-23T06:39:23.000Z",
    "lastUpdateTime": "2017-11-23T08:34:25.000Z",
    "auth": 2,
    "uid": "bd-2099986119",
    "publishedVersion": 0,
    "forkFrom": "-",
    "isSpam": 0,
    "version": 10,
    "parentVersion": 9,
    "echartsVersion": "3.8.0",
    "versionCreateTime": "2018-05-28T15:47:00.000Z",
    "html": "",
    "externalScripts": "",
    "updaterUID": "bd-2099986119",
    "theme": "roma",
    "layout": "",
    "viewCount": 906,
    "userName": "文***5",
    "commentCount": 0,
    "starCount": 0,
    "isStared": 0,
    "thumbnailURL": "https://www.makeapie.com/ecg-storage/ec_gallery_thumbnail/xBJQXXi5_W.png?v=1527522421067",
    "isCustomThumbnail": 0,
    "builtinTags": [
        "category-work",
        "grid",
        "legend",
        "markPoint",
        "series-line",
        "title",
        "tooltip"
    ],
    "customTags": [],
    "updaterUserName": "文***5"
}