{
    "cid": "xHJ3rWO5_b",
    "authorUid": "bd-4029199157",
    "authorUserName": "shinee911009",
    "title": "Awesome Chart",
    "description": "",
    "latestVersion": 2,
    "alwaysLatest": 1,
    "createTime": "2017-08-23T03:06:43.000Z",
    "lastUpdateTime": "2017-08-23T03:06:43.000Z",
    "auth": 2,
    "uid": "bd-4029199157",
    "publishedVersion": 0,
    "forkFrom": "-",
    "isSpam": 0,
    "version": 2,
    "parentVersion": 1,
    "echartsVersion": "3.6.2",
    "versionCreateTime": "2017-08-23T03:07:17.000Z",
    "html": "",
    "externalScripts": "",
    "updaterUID": "bd-4029199157",
    "theme": "",
    "layout": "",
    "viewCount": 55,
    "userName": "shinee911009",
    "commentCount": 0,
    "starCount": 0,
    "isStared": 0,
    "thumbnailURL": "https://www.makeapie.com/ecg-storage/ec_gallery_thumbnail/xHJ3rWO5_b.png?v=1503457637735",
    "isCustomThumbnail": 0,
    "builtinTags": [
        "category-work",
        "grid",
        "series-line",
        "title"
    ],
    "customTags": [],
    "updaterUserName": "shinee911009"
}