{
    "cid": "xHJKa2WVO-",
    "authorUid": "bd-4145736568",
    "authorUserName": "J***月",
    "title": "x轴柱状图重叠",
    "description": "",
    "latestVersion": 2,
    "alwaysLatest": 1,
    "createTime": "2017-08-18T06:44:17.000Z",
    "lastUpdateTime": "2017-08-18T06:44:17.000Z",
    "auth": 2,
    "uid": "bd-4145736568",
    "publishedVersion": 0,
    "forkFrom": "-",
    "isSpam": 0,
    "version": 2,
    "parentVersion": 1,
    "echartsVersion": "3.8.0",
    "versionCreateTime": "2018-04-18T10:50:18.000Z",
    "html": "",
    "externalScripts": "",
    "updaterUID": "bd-4145736568",
    "theme": "",
    "layout": "",
    "viewCount": 308,
    "userName": "J***月",
    "commentCount": 0,
    "starCount": 0,
    "isStared": 0,
    "thumbnailURL": "https://www.makeapie.com/ecg-storage/ec_gallery_thumbnail/xHJKa2WVO-.png?v=1524048618137",
    "isCustomThumbnail": 0,
    "builtinTags": [
        "category-work",
        "grid",
        "series-bar",
        "tooltip"
    ],
    "customTags": [],
    "updaterUserName": "J***月"
}