{
    "cid": "xHy0P1e_ub",
    "authorUid": "bd-2239932449",
    "authorUserName": "137*****470",
    "title": "Typical Relationship Chart with Graph type",
    "description": "",
    "latestVersion": 4,
    "alwaysLatest": 1,
    "createTime": "2017-08-21T05:28:06.000Z",
    "lastUpdateTime": "2017-08-21T05:28:06.000Z",
    "auth": 2,
    "uid": "bd-2239932449",
    "publishedVersion": 0,
    "forkFrom": "-",
    "isSpam": 0,
    "version": 4,
    "parentVersion": 3,
    "echartsVersion": "3.6.2",
    "versionCreateTime": "2017-08-22T03:09:46.000Z",
    "html": "",
    "externalScripts": "",
    "updaterUID": "bd-2239932449",
    "theme": "",
    "layout": "",
    "viewCount": 464,
    "userName": "137*****470",
    "commentCount": 0,
    "starCount": 2,
    "isStared": 0,
    "thumbnailURL": "https://www.makeapie.com/ecg-storage/ec_gallery_thumbnail/xHy0P1e_ub.png?v=1503371386650",
    "isCustomThumbnail": 0,
    "builtinTags": [
        "category-work",
        "graphic",
        "grid",
        "legend",
        "series-graph",
        "title",
        "tooltip"
    ],
    "customTags": [],
    "updaterUserName": "137*****470"
}