{
    "cid": "xry8WsXdOW",
    "authorUid": "bd-3796128407",
    "authorUserName": "王***响",
    "title": "2017年7月水果销量",
    "description": "",
    "latestVersion": 5,
    "alwaysLatest": 1,
    "createTime": "2017-08-21T09:42:21.000Z",
    "lastUpdateTime": "2020-01-09T02:37:23.000Z",
    "auth": 2,
    "uid": "bd-3796128407",
    "publishedVersion": 0,
    "forkFrom": "-",
    "isSpam": 0,
    "version": 5,
    "parentVersion": 4,
    "echartsVersion": "3.8.0",
    "versionCreateTime": "2020-06-19T07:57:10.000Z",
    "html": "",
    "externalScripts": "",
    "updaterUID": "bd-3796128407",
    "theme": "default",
    "layout": "",
    "viewCount": 524,
    "userName": "王***响",
    "commentCount": 0,
    "starCount": 0,
    "isStared": 0,
    "thumbnailURL": "https://www.makeapie.com/ecg-storage/ec_gallery_thumbnail/xry8WsXdOW.png?v=1592553430084",
    "isCustomThumbnail": 0,
    "builtinTags": [
        "category-work",
        "grid",
        "legend",
        "series-bar",
        "title",
        "tooltip"
    ],
    "customTags": [],
    "updaterUserName": "王***响"
}