{
    "cid": "xryWOK2i_Z",
    "authorUid": "bd-3410746519",
    "authorUserName": "风***巅",
    "title": "Sankey 桑基图",
    "description": "桑基图参考资料很少，分享作品。改变节点颜色，以及节点链接部分颜色。\n可添加点击事件。",
    "latestVersion": 2,
    "alwaysLatest": 1,
    "createTime": "2017-08-24T02:26:48.000Z",
    "lastUpdateTime": "2017-08-24T02:26:48.000Z",
    "auth": 2,
    "uid": "bd-3410746519",
    "publishedVersion": 0,
    "forkFrom": "-",
    "isSpam": 0,
    "version": 2,
    "parentVersion": 1,
    "echartsVersion": "3.7.0",
    "versionCreateTime": "2017-08-24T02:27:25.000Z",
    "html": "",
    "externalScripts": "",
    "updaterUID": "bd-3410746519",
    "theme": "",
    "layout": "",
    "viewCount": 1040,
    "userName": "风***巅",
    "commentCount": 0,
    "starCount": 0,
    "isStared": 0,
    "thumbnailURL": "https://www.makeapie.com/ecg-storage/ec_gallery_thumbnail/xryWOK2i_Z.png?v=1503541645577",
    "isCustomThumbnail": 0,
    "builtinTags": [
        "category-work",
        "series-sankey",
        "title",
        "tooltip"
    ],
    "customTags": [],
    "updaterUserName": "风***巅"
}