{
    "cid": "xSJzV0ZVOZ",
    "authorUid": "bd-408297755",
    "authorUserName": "双子座的人药",
    "title": "浏览器占比变化旋涡",
    "description": "",
    "latestVersion": 1,
    "alwaysLatest": 1,
    "createTime": "2017-08-18T06:50:18.000Z",
    "lastUpdateTime": "2017-08-18T06:50:18.000Z",
    "auth": 1,
    "uid": "bd-408297755",
    "publishedVersion": 0,
    "forkFrom": "-",
    "isSpam": 0,
    "version": 1,
    "parentVersion": -1,
    "echartsVersion": "3.6.2",
    "versionCreateTime": "2017-08-18T06:50:18.000Z",
    "html": "",
    "externalScripts": "",
    "updaterUID": "bd-408297755",
    "theme": "",
    "layout": "",
    "viewCount": 478,
    "userName": "双子座的人药",
    "commentCount": 0,
    "starCount": 3,
    "isStared": 0,
    "thumbnailURL": "https://www.makeapie.com/ecg-storage/ec_gallery_thumbnail/xSJzV0ZVOZ.png?v=1503039018415",
    "isCustomThumbnail": 0,
    "builtinTags": [
        "category-work",
        "legend",
        "series-pie",
        "tooltip"
    ],
    "customTags": [],
    "updaterUserName": "双子座的人药"
}