{
    "cid": "xSyapxNVO-",
    "authorUid": "bd-4145736568",
    "authorUserName": "J***月",
    "title": "树型关系图谱",
    "description": "",
    "latestVersion": 1,
    "alwaysLatest": 1,
    "createTime": "2017-08-18T09:17:57.000Z",
    "lastUpdateTime": "2017-08-18T09:17:57.000Z",
    "auth": 2,
    "uid": "bd-4145736568",
    "publishedVersion": 0,
    "forkFrom": "-",
    "isSpam": 0,
    "version": 1,
    "parentVersion": -1,
    "echartsVersion": "3.6.2",
    "versionCreateTime": "2017-08-18T09:17:57.000Z",
    "html": "",
    "externalScripts": "",
    "updaterUID": "bd-4145736568",
    "theme": "",
    "layout": "",
    "viewCount": 2252,
    "userName": "J***月",
    "commentCount": 0,
    "starCount": 0,
    "isStared": 0,
    "thumbnailURL": "https://www.makeapie.com/ecg-storage/ec_gallery_thumbnail/xSyapxNVO-.png?v=1503047877460",
    "isCustomThumbnail": 0,
    "builtinTags": [
        "category-work",
        "series-graph",
        "title",
        "tooltip"
    ],
    "customTags": [],
    "updaterUserName": "J***月"
}