{
    "cid": "xSylIqNNdW",
    "authorUid": "bd-1245979803",
    "authorUserName": "d***t",
    "title": "广东省茂名市各县(区)人口，GDP(2017)",
    "description": "增加一个图表",
    "latestVersion": 7,
    "alwaysLatest": 1,
    "createTime": "2017-08-18T09:58:32.000Z",
    "lastUpdateTime": "2017-08-18T09:58:32.000Z",
    "auth": 2,
    "uid": "bd-1245979803",
    "publishedVersion": 0,
    "forkFrom": "-",
    "isSpam": 0,
    "version": 7,
    "parentVersion": 6,
    "echartsVersion": "3.8.0",
    "versionCreateTime": "2018-07-05T06:44:11.000Z",
    "html": "",
    "externalScripts": "",
    "updaterUID": "bd-1245979803",
    "theme": "",
    "layout": "",
    "viewCount": 1994,
    "userName": "d***t",
    "commentCount": 0,
    "starCount": 8,
    "isStared": 0,
    "thumbnailURL": "https://www.makeapie.com/ecg-storage/ec_gallery_thumbnail/xSylIqNNdW.png?v=1530773051370",
    "isCustomThumbnail": 0,
    "builtinTags": [
        "category-work",
        "grid",
        "legend",
        "series-bar",
        "series-map",
        "title",
        "toolbox",
        "tooltip",
        "visualMap"
    ],
    "customTags": [],
    "updaterUserName": "d***t"
}