{
    "cid": "xSyoG0ZF_Z",
    "authorUid": "bd-1715093739",
    "authorUserName": "萨满无",
    "title": "实线 虚线",
    "description": "",
    "latestVersion": 2,
    "alwaysLatest": 1,
    "createTime": "2017-08-22T01:51:15.000Z",
    "lastUpdateTime": "2017-08-22T01:51:15.000Z",
    "auth": 2,
    "uid": "bd-1715093739",
    "publishedVersion": 0,
    "forkFrom": "-",
    "isSpam": 0,
    "version": 2,
    "parentVersion": 1,
    "echartsVersion": "3.6.2",
    "versionCreateTime": "2017-08-24T09:20:34.000Z",
    "html": "",
    "externalScripts": "",
    "updaterUID": "bd-1715093739",
    "theme": "",
    "layout": "",
    "viewCount": 156,
    "userName": "萨满无",
    "commentCount": 0,
    "starCount": 2,
    "isStared": 0,
    "thumbnailURL": "https://www.makeapie.com/ecg-storage/ec_gallery_thumbnail/xSyoG0ZF_Z.png?v=1503566434596",
    "isCustomThumbnail": 0,
    "builtinTags": [
        "category-work",
        "grid",
        "series-line",
        "title",
        "tooltip"
    ],
    "customTags": [],
    "updaterUserName": "萨满无"
}