{
    "cid": "xB1Yh-iOhW",
    "authorUid": "bd-3190370387",
    "authorUserName": "12_杜蛋吻始",
    "title": "138w+关注者",
    "description": "张佳玮知乎关注者（金字塔图）",
    "latestVersion": 5,
    "alwaysLatest": 1,
    "createTime": "2017-10-09T07:13:53.000Z",
    "lastUpdateTime": "2017-10-09T07:13:53.000Z",
    "auth": 2,
    "uid": "bd-3190370387",
    "publishedVersion": 0,
    "forkFrom": "-",
    "isSpam": 0,
    "version": 5,
    "parentVersion": 4,
    "echartsVersion": "3.7.2",
    "versionCreateTime": "2017-10-09T07:44:44.000Z",
    "html": "",
    "externalScripts": "",
    "updaterUID": "bd-3190370387",
    "theme": "",
    "layout": "",
    "viewCount": 1629,
    "userName": "12_杜蛋吻始",
    "commentCount": 0,
    "starCount": 4,
    "isStared": 0,
    "thumbnailURL": "https://www.makeapie.com/ecg-storage/ec_gallery_thumbnail/xB1Yh-iOhW.png?v=1507535084858",
    "isCustomThumbnail": 0,
    "builtinTags": [
        "category-work",
        "legend",
        "series-funnel",
        "title",
        "toolbox",
        "tooltip"
    ],
    "customTags": [],
    "updaterUserName": "12_杜蛋吻始"
}