{
    "cid": "xBJSSvnu2b",
    "authorUid": "bd-3190370387",
    "authorUserName": "12_杜蛋吻始",
    "title": "微博转发数随时间变化情况",
    "description": "老树微博，三千诗与画",
    "latestVersion": 2,
    "alwaysLatest": 1,
    "createTime": "2017-10-09T08:45:48.000Z",
    "lastUpdateTime": "2017-10-09T08:45:48.000Z",
    "auth": 2,
    "uid": "bd-3190370387",
    "publishedVersion": 0,
    "forkFrom": "-",
    "isSpam": 0,
    "version": 2,
    "parentVersion": 1,
    "echartsVersion": "3.7.2",
    "versionCreateTime": "2017-10-10T03:42:05.000Z",
    "html": "",
    "externalScripts": "",
    "updaterUID": "bd-3190370387",
    "theme": "macarons",
    "layout": "",
    "viewCount": 1144,
    "userName": "12_杜蛋吻始",
    "commentCount": 0,
    "starCount": 1,
    "isStared": 0,
    "thumbnailURL": "https://www.makeapie.com/ecg-storage/ec_gallery_thumbnail/xBJSSvnu2b.png?v=1507606925423",
    "isCustomThumbnail": 0,
    "builtinTags": [
        "category-work",
        "grid",
        "markPoint",
        "series-bar",
        "title",
        "toolbox",
        "tooltip"
    ],
    "customTags": [],
    "updaterUserName": "12_杜蛋吻始"
}