{
    "cid": "xBJxeypXnb",
    "authorUid": "bd-16906679",
    "authorUserName": "若怀冰",
    "title": "住宅建成年代与房价分布",
    "description": "",
    "latestVersion": 9,
    "alwaysLatest": 1,
    "createTime": "2017-10-05T14:17:12.000Z",
    "lastUpdateTime": "2017-10-05T14:17:12.000Z",
    "auth": 2,
    "uid": "bd-16906679",
    "publishedVersion": 0,
    "forkFrom": "-",
    "isSpam": 0,
    "version": 9,
    "parentVersion": 8,
    "echartsVersion": "3.8.0",
    "versionCreateTime": "2017-12-18T08:38:32.000Z",
    "html": "",
    "externalScripts": "",
    "updaterUID": "bd-16906679",
    "theme": "",
    "layout": "",
    "viewCount": 4513,
    "userName": "若怀冰",
    "commentCount": 0,
    "starCount": 25,
    "isStared": 0,
    "thumbnailURL": "https://www.makeapie.com/ecg-storage/ec_gallery_thumbnail/xBJxeypXnb.png?v=1513586312599",
    "isCustomThumbnail": 0,
    "builtinTags": [
        "category-work",
        "grid",
        "series-scatter",
        "title",
        "tooltip",
        "visualMap"
    ],
    "customTags": [],
    "updaterUserName": "若怀冰"
}