{
    "cid": "xBkMVuau3-",
    "authorUid": "bd-269251251",
    "authorUserName": "李嘉璐84",
    "title": "机构活跃度排名",
    "description": "活跃度算法....",
    "latestVersion": 1,
    "alwaysLatest": 1,
    "createTime": "2017-10-09T09:58:01.000Z",
    "lastUpdateTime": "2017-10-09T09:58:01.000Z",
    "auth": 2,
    "uid": "bd-269251251",
    "publishedVersion": 0,
    "forkFrom": "-",
    "isSpam": 0,
    "version": 1,
    "parentVersion": -1,
    "echartsVersion": "3.7.2",
    "versionCreateTime": "2017-10-09T09:58:01.000Z",
    "html": "",
    "externalScripts": "",
    "updaterUID": "bd-269251251",
    "theme": "dark",
    "layout": "",
    "viewCount": 617,
    "userName": "李嘉璐84",
    "commentCount": 0,
    "starCount": 5,
    "isStared": 0,
    "thumbnailURL": "https://www.makeapie.com/ecg-storage/ec_gallery_thumbnail/xBkMVuau3-.png?v=1507543081791",
    "isCustomThumbnail": 0,
    "builtinTags": [
        "category-work",
        "grid",
        "legend",
        "series-bar",
        "title",
        "tooltip"
    ],
    "customTags": [],
    "updaterUserName": "李嘉璐84"
}