{
    "cid": "xBktHLn_nZ",
    "authorUid": "bd-3190370387",
    "authorUserName": "12_杜蛋吻始",
    "title": "100+关注者",
    "description": "爬取张佳玮138w+知乎关注者：数据可视化",
    "latestVersion": 4,
    "alwaysLatest": 1,
    "createTime": "2017-10-09T08:41:37.000Z",
    "lastUpdateTime": "2017-10-09T08:41:37.000Z",
    "auth": 2,
    "uid": "bd-3190370387",
    "publishedVersion": 0,
    "forkFrom": "-",
    "isSpam": 0,
    "version": 4,
    "parentVersion": 3,
    "echartsVersion": "3.7.2",
    "versionCreateTime": "2017-10-10T05:33:27.000Z",
    "html": "",
    "externalScripts": "",
    "updaterUID": "bd-3190370387",
    "theme": "macarons",
    "layout": "",
    "viewCount": 2222,
    "userName": "12_杜蛋吻始",
    "commentCount": 0,
    "starCount": 5,
    "isStared": 0,
    "thumbnailURL": "https://www.makeapie.com/ecg-storage/ec_gallery_thumbnail/xBktHLn_nZ.png?v=1507613607588",
    "isCustomThumbnail": 0,
    "builtinTags": [
        "category-work",
        "grid",
        "legend",
        "series-bar",
        "series-pie",
        "title",
        "toolbox",
        "tooltip"
    ],
    "customTags": [],
    "updaterUserName": "12_杜蛋吻始"
}