{
    "cid": "xByRMv3mnZ",
    "authorUid": "bd-16906679",
    "authorUserName": "若怀冰",
    "title": "层位与房价",
    "description": "",
    "latestVersion": 4,
    "alwaysLatest": 1,
    "createTime": "2017-10-05T13:43:50.000Z",
    "lastUpdateTime": "2017-10-05T13:43:50.000Z",
    "auth": 2,
    "uid": "bd-16906679",
    "publishedVersion": 0,
    "forkFrom": "-",
    "isSpam": 0,
    "version": 4,
    "parentVersion": 3,
    "echartsVersion": "3.7.2",
    "versionCreateTime": "2017-10-12T14:43:29.000Z",
    "html": "",
    "externalScripts": "/dep/echarts/latest/extension/dataTool.min.js",
    "updaterUID": "bd-16906679",
    "theme": "",
    "layout": "",
    "viewCount": 2069,
    "userName": "若怀冰",
    "commentCount": 1,
    "starCount": 4,
    "isStared": 0,
    "thumbnailURL": "https://www.makeapie.com/ecg-storage/ec_gallery_thumbnail/xByRMv3mnZ.png?v=1507819409359",
    "isCustomThumbnail": 0,
    "builtinTags": [
        "category-work",
        "grid",
        "series-boxplot",
        "title",
        "tooltip"
    ],
    "customTags": [],
    "updaterUserName": "若怀冰"
}