{
    "cid": "xHJdKE2O2-",
    "authorUid": "bd-269251251",
    "authorUserName": "李嘉璐84",
    "title": "融资趋势",
    "description": "",
    "latestVersion": 1,
    "alwaysLatest": 1,
    "createTime": "2017-10-09T08:34:07.000Z",
    "lastUpdateTime": "2017-10-09T08:34:07.000Z",
    "auth": 2,
    "uid": "bd-269251251",
    "publishedVersion": 0,
    "forkFrom": "-",
    "isSpam": 0,
    "version": 1,
    "parentVersion": -1,
    "echartsVersion": "3.7.2",
    "versionCreateTime": "2017-10-09T08:34:07.000Z",
    "html": "",
    "externalScripts": "",
    "updaterUID": "bd-269251251",
    "theme": "dark",
    "layout": "",
    "viewCount": 275,
    "userName": "李嘉璐84",
    "commentCount": 0,
    "starCount": 3,
    "isStared": 0,
    "thumbnailURL": "https://www.makeapie.com/ecg-storage/ec_gallery_thumbnail/xHJdKE2O2-.png?v=1507538048012",
    "isCustomThumbnail": 0,
    "builtinTags": [
        "category-work",
        "grid",
        "legend",
        "series-bar",
        "series-line",
        "toolbox",
        "tooltip"
    ],
    "customTags": [],
    "updaterUserName": "李嘉璐84"
}