{
    "cid": "xHJSojqP3-",
    "authorUid": "bd-16906679",
    "authorUserName": "若怀冰",
    "title": "北京市2016-2017各区房价涨幅",
    "description": "",
    "latestVersion": 3,
    "alwaysLatest": 1,
    "createTime": "2017-10-08T12:35:40.000Z",
    "lastUpdateTime": "2017-10-08T12:35:40.000Z",
    "auth": 2,
    "uid": "bd-16906679",
    "publishedVersion": 0,
    "forkFrom": "-",
    "isSpam": 0,
    "version": 3,
    "parentVersion": 2,
    "echartsVersion": "3.7.2",
    "versionCreateTime": "2017-10-08T13:32:44.000Z",
    "html": "",
    "externalScripts": "/dep/echarts/latest/extension/dataTool.min.js",
    "updaterUID": "bd-16906679",
    "theme": "",
    "layout": "",
    "viewCount": 927,
    "userName": "若怀冰",
    "commentCount": 1,
    "starCount": 3,
    "isStared": 0,
    "thumbnailURL": "https://www.makeapie.com/ecg-storage/ec_gallery_thumbnail/xHJSojqP3-.png?v=1507469564962",
    "isCustomThumbnail": 0,
    "builtinTags": [
        "category-work",
        "series-map",
        "title",
        "visualMap"
    ],
    "customTags": [],
    "updaterUserName": "若怀冰"
}