{
    "cid": "xrkdn32_nZ",
    "authorUid": "bd-269251251",
    "authorUserName": "李嘉璐84",
    "title": "行业融资分布",
    "description": "过去6个月融资数量按行业分布",
    "latestVersion": 3,
    "alwaysLatest": 1,
    "createTime": "2017-10-09T09:09:04.000Z",
    "lastUpdateTime": "2017-10-09T09:09:04.000Z",
    "auth": 2,
    "uid": "bd-269251251",
    "publishedVersion": 0,
    "forkFrom": "-",
    "isSpam": 0,
    "version": 3,
    "parentVersion": 2,
    "echartsVersion": "3.7.2",
    "versionCreateTime": "2017-10-16T11:55:30.000Z",
    "html": "",
    "externalScripts": "",
    "updaterUID": "bd-269251251",
    "theme": "dark",
    "layout": "",
    "viewCount": 153,
    "userName": "李嘉璐84",
    "commentCount": 0,
    "starCount": 0,
    "isStared": 0,
    "thumbnailURL": "https://www.makeapie.com/ecg-storage/ec_gallery_thumbnail/xrkdn32_nZ.png?v=1508154930670",
    "isCustomThumbnail": 0,
    "builtinTags": [
        "category-work",
        "legend",
        "series-pie",
        "title",
        "toolbox",
        "tooltip"
    ],
    "customTags": [],
    "updaterUserName": "李嘉璐84"
}