{
    "cid": "xrkfHehu3-",
    "authorUid": "bd-3929818263",
    "authorUserName": "top冰激凌",
    "title": "仪表盘-指标",
    "description": "外盘设置指标值及其颜色，内盘显示完成率。",
    "latestVersion": 1,
    "alwaysLatest": 1,
    "createTime": "2017-10-09T08:15:54.000Z",
    "lastUpdateTime": "2017-10-09T08:15:54.000Z",
    "auth": 2,
    "uid": "bd-3929818263",
    "publishedVersion": 0,
    "forkFrom": "-",
    "isSpam": 0,
    "version": 1,
    "parentVersion": -1,
    "echartsVersion": "3.7.2",
    "versionCreateTime": "2017-10-09T08:15:54.000Z",
    "html": "",
    "externalScripts": "",
    "updaterUID": "bd-3929818263",
    "theme": "",
    "layout": "",
    "viewCount": 3241,
    "userName": "top冰激凌",
    "commentCount": 0,
    "starCount": 11,
    "isStared": 0,
    "thumbnailURL": "https://www.makeapie.com/ecg-storage/ec_gallery_thumbnail/xrkfHehu3-.png?v=1507536954832",
    "isCustomThumbnail": 1,
    "builtinTags": [
        "category-work",
        "series-gauge",
        "toolbox",
        "tooltip"
    ],
    "customTags": [
        "仪表盘"
    ],
    "updaterUserName": "top冰激凌"
}