{
    "cid": "xrkp_Jadnb",
    "authorUid": "bd-3190370387",
    "authorUserName": "12_杜蛋吻始",
    "title": "2011-2013年微博发布情况",
    "description": "老树微博，三千诗与画",
    "latestVersion": 1,
    "alwaysLatest": 1,
    "createTime": "2017-10-09T09:20:53.000Z",
    "lastUpdateTime": "2017-10-09T09:20:53.000Z",
    "auth": 2,
    "uid": "bd-3190370387",
    "publishedVersion": 0,
    "forkFrom": "-",
    "isSpam": 0,
    "version": 1,
    "parentVersion": -1,
    "echartsVersion": "3.7.2",
    "versionCreateTime": "2017-10-09T09:20:53.000Z",
    "html": "",
    "externalScripts": "",
    "updaterUID": "bd-3190370387",
    "theme": "",
    "layout": "",
    "viewCount": 1094,
    "userName": "12_杜蛋吻始",
    "commentCount": 0,
    "starCount": 3,
    "isStared": 0,
    "thumbnailURL": "https://www.makeapie.com/ecg-storage/ec_gallery_thumbnail/xrkp_Jadnb.png?v=1507540853490",
    "isCustomThumbnail": 0,
    "builtinTags": [
        "calendar",
        "category-work",
        "series-heatmap",
        "title",
        "tooltip",
        "visualMap"
    ],
    "customTags": [],
    "updaterUserName": "12_杜蛋吻始"
}