{
    "cid": "xS1jD6od2-",
    "authorUid": "bd-3190370387",
    "authorUserName": "12_杜蛋吻始",
    "title": "Top20 公司和职业",
    "description": "爬取张佳玮138w+知乎关注者：数据可视化",
    "latestVersion": 1,
    "alwaysLatest": 1,
    "createTime": "2017-10-09T08:03:46.000Z",
    "lastUpdateTime": "2017-10-09T08:03:46.000Z",
    "auth": 2,
    "uid": "bd-3190370387",
    "publishedVersion": 0,
    "forkFrom": "-",
    "isSpam": 0,
    "version": 1,
    "parentVersion": -1,
    "echartsVersion": "3.7.2",
    "versionCreateTime": "2017-10-09T08:03:47.000Z",
    "html": "",
    "externalScripts": "",
    "updaterUID": "bd-3190370387",
    "theme": "macarons",
    "layout": "",
    "viewCount": 438,
    "userName": "12_杜蛋吻始",
    "commentCount": 0,
    "starCount": 0,
    "isStared": 0,
    "thumbnailURL": "https://www.makeapie.com/ecg-storage/ec_gallery_thumbnail/xS1jD6od2-.png?v=1507536227148",
    "isCustomThumbnail": 0,
    "builtinTags": [
        "category-work",
        "legend",
        "series-pie",
        "title",
        "toolbox",
        "tooltip"
    ],
    "customTags": [],
    "updaterUserName": "12_杜蛋吻始"
}