{
    "cid": "xSkccoovhZ",
    "authorUid": "bd-16906679",
    "authorUserName": "若怀冰",
    "title": "北京市各区人口密度",
    "description": "时间：2017.08",
    "latestVersion": 2,
    "alwaysLatest": 1,
    "createTime": "2017-10-08T13:43:45.000Z",
    "lastUpdateTime": "2017-10-08T13:43:45.000Z",
    "auth": 2,
    "uid": "bd-16906679",
    "publishedVersion": 0,
    "forkFrom": "-",
    "isSpam": 0,
    "version": 2,
    "parentVersion": 1,
    "echartsVersion": "3.7.2",
    "versionCreateTime": "2017-10-08T15:34:21.000Z",
    "html": "",
    "externalScripts": "",
    "updaterUID": "bd-16906679",
    "theme": "",
    "layout": "",
    "viewCount": 801,
    "userName": "若怀冰",
    "commentCount": 0,
    "starCount": 0,
    "isStared": 0,
    "thumbnailURL": "https://www.makeapie.com/ecg-storage/ec_gallery_thumbnail/xSkccoovhZ.png?v=1507476861869",
    "isCustomThumbnail": 0,
    "builtinTags": [
        "category-work",
        "series-map",
        "title",
        "visualMap"
    ],
    "customTags": [],
    "updaterUserName": "若怀冰"
}