{
    "cid": "xSkk_Yet2Z",
    "authorUid": "bd-3190370387",
    "authorUserName": "12_杜蛋吻始",
    "title": "单轴散点图",
    "description": "我的简书一月记：数据可视化",
    "latestVersion": 1,
    "alwaysLatest": 1,
    "createTime": "2017-10-09T13:28:07.000Z",
    "lastUpdateTime": "2017-10-09T13:28:07.000Z",
    "auth": 2,
    "uid": "bd-3190370387",
    "publishedVersion": 0,
    "forkFrom": "-",
    "isSpam": 0,
    "version": 1,
    "parentVersion": -1,
    "echartsVersion": "3.7.2",
    "versionCreateTime": "2017-10-09T13:28:07.000Z",
    "html": "",
    "externalScripts": "",
    "updaterUID": "bd-3190370387",
    "theme": "shine",
    "layout": "",
    "viewCount": 1393,
    "userName": "12_杜蛋吻始",
    "commentCount": 0,
    "starCount": 1,
    "isStared": 0,
    "thumbnailURL": "https://www.makeapie.com/ecg-storage/ec_gallery_thumbnail/xSkk_Yet2Z.png?v=1507555687431",
    "isCustomThumbnail": 0,
    "builtinTags": [
        "category-work",
        "series-scatter",
        "singleAxis",
        "title",
        "tooltip"
    ],
    "customTags": [],
    "updaterUserName": "12_杜蛋吻始"
}