{
    "cid": "x3nvZ7Gsiu",
    "authorUid": "obd-o2KTcui9w2l6tl8q15jyCum5Cn6XY6w",
    "authorUserName": "火***3",
    "title": "哎呦,不错哦",
    "description": "测试一下分享",
    "latestVersion": 1,
    "alwaysLatest": 1,
    "createTime": "2020-11-02T02:10:48.000Z",
    "lastUpdateTime": "2020-11-02T02:10:48.000Z",
    "auth": 2,
    "uid": "obd-o2KTcui9w2l6tl8q15jyCum5Cn6XY6w",
    "publishedVersion": 0,
    "forkFrom": "-",
    "isSpam": 0,
    "version": 1,
    "parentVersion": -1,
    "echartsVersion": "4.8.0",
    "versionCreateTime": "2020-11-02T02:10:48.000Z",
    "html": "",
    "externalScripts": "/dep/echarts/map/js/china.js,/dep/echarts/map/js/world.js",
    "updaterUID": "obd-o2KTcui9w2l6tl8q15jyCum5Cn6XY6w",
    "theme": "",
    "layout": "",
    "viewCount": 99,
    "userName": "火***3",
    "commentCount": 0,
    "starCount": 1,
    "isStared": 0,
    "thumbnailURL": "https://www.makeapie.com/ecg-storage/ec_gallery_thumbnail/x3nvZ7Gsiu.png?v=1604283049000",
    "isCustomThumbnail": 0,
    "builtinTags": [
        "category-work",
        "grid",
        "series-line",
        "title",
        "tooltip"
    ],
    "customTags": [],
    "updaterUserName": "火***3"
}