{
    "cid": "x5PNc5Ku07",
    "authorUid": "bd-3959597918",
    "authorUserName": "风***落",
    "title": "仪表盘",
    "description": "",
    "latestVersion": 1,
    "alwaysLatest": 1,
    "createTime": "2020-11-03T03:50:29.000Z",
    "lastUpdateTime": "2020-11-03T03:50:29.000Z",
    "auth": 2,
    "uid": "bd-3959597918",
    "publishedVersion": 0,
    "forkFrom": "-",
    "isSpam": 0,
    "version": 1,
    "parentVersion": -1,
    "echartsVersion": "4.8.0",
    "versionCreateTime": "2020-11-03T03:50:29.000Z",
    "html": "",
    "externalScripts": "",
    "updaterUID": "bd-3959597918",
    "theme": "",
    "layout": "",
    "viewCount": 190,
    "userName": "风***落",
    "commentCount": 0,
    "starCount": 1,
    "isStared": 0,
    "thumbnailURL": "https://www.makeapie.com/ecg-storage/ec_gallery_thumbnail/x5PNc5Ku07.png?v=1604375429264",
    "isCustomThumbnail": 0,
    "builtinTags": [
        "category-work",
        "series-gauge",
        "title"
    ],
    "customTags": [],
    "updaterUserName": "风***落"
}