{
    "cid": "xbQDb9abeC",
    "authorUid": "bd-1731291088",
    "authorUserName": "走***a",
    "title": "极坐标",
    "description": "",
    "latestVersion": 1,
    "alwaysLatest": 1,
    "createTime": "2020-11-02T03:51:49.000Z",
    "lastUpdateTime": "2020-11-02T03:51:49.000Z",
    "auth": 2,
    "uid": "bd-1731291088",
    "publishedVersion": 0,
    "forkFrom": "-",
    "isSpam": 0,
    "version": 1,
    "parentVersion": -1,
    "echartsVersion": "4.8.0",
    "versionCreateTime": "2020-11-02T03:51:49.000Z",
    "html": "",
    "externalScripts": "",
    "updaterUID": "bd-1731291088",
    "theme": "",
    "layout": "",
    "viewCount": 48,
    "userName": "走***a",
    "commentCount": 0,
    "starCount": 0,
    "isStared": 0,
    "thumbnailURL": "https://www.makeapie.com/ecg-storage/ec_gallery_thumbnail/xbQDb9abeC.png?v=1604289109840",
    "isCustomThumbnail": 0,
    "builtinTags": [
        "category-work",
        "legend",
        "polar",
        "series-bar"
    ],
    "customTags": [],
    "updaterUserName": "走***a"
}