{
    "cid": "xD6rtWfNry",
    "authorUid": "bd-1731291088",
    "authorUserName": "走***a",
    "title": "guan+pie",
    "description": "",
    "latestVersion": 20,
    "alwaysLatest": 1,
    "createTime": "2020-11-02T03:53:32.000Z",
    "lastUpdateTime": "2020-11-02T03:53:32.000Z",
    "auth": 2,
    "uid": "bd-1731291088",
    "publishedVersion": 0,
    "forkFrom": "-",
    "isSpam": 0,
    "version": 20,
    "parentVersion": 19,
    "echartsVersion": "4.8.0",
    "versionCreateTime": "2020-11-13T07:29:44.000Z",
    "html": "",
    "externalScripts": "",
    "updaterUID": "bd-1731291088",
    "theme": "",
    "layout": "",
    "viewCount": 1033,
    "userName": "走***a",
    "commentCount": 0,
    "starCount": 3,
    "isStared": 0,
    "thumbnailURL": "https://www.makeapie.com/ecg-storage/ec_gallery_thumbnail/xD6rtWfNry.png?v=1605252584153",
    "isCustomThumbnail": 0,
    "builtinTags": [
        "category-work",
        "series-gauge",
        "series-pie",
        "title"
    ],
    "customTags": [],
    "updaterUserName": "走***a"
}