{
    "cid": "xeo2aOXQtN",
    "authorUid": "obd-oD5ZwbWIQ9QZAPHDFiU420YvEUtol1V",
    "authorUserName": "我***白",
    "title": "品牌转移分析",
    "description": "",
    "latestVersion": 3,
    "alwaysLatest": 1,
    "createTime": "2020-11-02T09:56:36.000Z",
    "lastUpdateTime": "2020-11-02T09:56:36.000Z",
    "auth": 2,
    "uid": "obd-oD5ZwbWIQ9QZAPHDFiU420YvEUtol1V",
    "publishedVersion": 0,
    "forkFrom": "-",
    "isSpam": 0,
    "version": 3,
    "parentVersion": 2,
    "echartsVersion": "4.8.0",
    "versionCreateTime": "2020-11-02T09:57:09.000Z",
    "html": "",
    "externalScripts": "",
    "updaterUID": "obd-oD5ZwbWIQ9QZAPHDFiU420YvEUtol1V",
    "theme": "",
    "layout": "",
    "viewCount": 314,
    "userName": "我***白",
    "commentCount": 0,
    "starCount": 1,
    "isStared": 0,
    "thumbnailURL": "https://www.makeapie.com/ecg-storage/ec_gallery_thumbnail/xeo2aOXQtN.png?v=1604311029635",
    "isCustomThumbnail": 0,
    "builtinTags": [
        "category-work",
        "geo",
        "grid",
        "legend",
        "markLine",
        "markPoint",
        "series-bar",
        "series-effectScatter",
        "series-line",
        "series-lines",
        "series-map",
        "timeline",
        "title",
        "toolbox",
        "tooltip",
        "visualMap"
    ],
    "customTags": [],
    "updaterUserName": "我***白"
}