{
    "cid": "xkd5X_aQZt",
    "authorUid": "obd-oFdGm4yhYIMTOhGipshh5kh9vCmpR5j",
    "authorUserName": "丫***7",
    "title": "资源汇聚图",
    "description": "",
    "latestVersion": 4,
    "alwaysLatest": 1,
    "createTime": "2020-11-03T06:35:48.000Z",
    "lastUpdateTime": "2020-11-03T06:35:48.000Z",
    "auth": 2,
    "uid": "obd-oFdGm4yhYIMTOhGipshh5kh9vCmpR5j",
    "publishedVersion": 0,
    "forkFrom": "-",
    "isSpam": 0,
    "version": 4,
    "parentVersion": 3,
    "echartsVersion": "4.8.0",
    "versionCreateTime": "2020-11-03T08:32:18.000Z",
    "html": "",
    "externalScripts": "",
    "updaterUID": "obd-oFdGm4yhYIMTOhGipshh5kh9vCmpR5j",
    "theme": "",
    "layout": "",
    "viewCount": 978,
    "userName": "丫***7",
    "commentCount": 1,
    "starCount": 4,
    "isStared": 0,
    "thumbnailURL": "https://www.makeapie.com/ecg-storage/ec_gallery_thumbnail/xkd5X_aQZt.png?v=1604392338465",
    "isCustomThumbnail": 0,
    "builtinTags": [
        "category-work",
        "series-tree",
        "toolbox",
        "tooltip"
    ],
    "customTags": [],
    "updaterUserName": "丫***7"
}