{
    "cid": "xKR1QT86pj",
    "authorUid": "obd-o0eON-cnAmP8IpkP7UKrNvBg3O1vJF8",
    "authorUserName": "最***字",
    "title": "最近3天的实际温度和预测温度",
    "description": "不同背景色区分实际数据和预测数据",
    "latestVersion": 3,
    "alwaysLatest": 1,
    "createTime": "2020-11-03T01:22:06.000Z",
    "lastUpdateTime": "2020-11-03T01:22:06.000Z",
    "auth": 2,
    "uid": "obd-o0eON-cnAmP8IpkP7UKrNvBg3O1vJF8",
    "publishedVersion": 0,
    "forkFrom": "-",
    "isSpam": 0,
    "version": 3,
    "parentVersion": 2,
    "echartsVersion": "4.8.0",
    "versionCreateTime": "2020-11-05T01:59:09.000Z",
    "html": "",
    "externalScripts": "",
    "updaterUID": "obd-o0eON-cnAmP8IpkP7UKrNvBg3O1vJF8",
    "theme": "",
    "layout": "",
    "viewCount": 30,
    "userName": "最***字",
    "commentCount": 0,
    "starCount": 0,
    "isStared": 0,
    "thumbnailURL": "https://www.makeapie.com/ecg-storage/ec_gallery_thumbnail/xKR1QT86pj.png?v=1604541549308",
    "isCustomThumbnail": 0,
    "builtinTags": [
        "category-work",
        "grid",
        "series-bar",
        "title",
        "tooltip"
    ],
    "customTags": [],
    "updaterUserName": "最***字"
}