{
    "cid": "xl1-2SzDyW",
    "authorUid": "obd-olmlg7w-krehHOeg2Ur7CKe92vvsu06",
    "authorUserName": "x***2",
    "title": "双轴曲线图",
    "description": "",
    "latestVersion": 1,
    "alwaysLatest": 1,
    "createTime": "2020-11-03T03:20:51.000Z",
    "lastUpdateTime": "2020-11-03T03:20:51.000Z",
    "auth": 2,
    "uid": "obd-olmlg7w-krehHOeg2Ur7CKe92vvsu06",
    "publishedVersion": 0,
    "forkFrom": "-",
    "isSpam": 0,
    "version": 1,
    "parentVersion": -1,
    "echartsVersion": "4.8.0",
    "versionCreateTime": "2020-11-03T03:20:51.000Z",
    "html": "",
    "externalScripts": "",
    "updaterUID": "obd-olmlg7w-krehHOeg2Ur7CKe92vvsu06",
    "theme": "",
    "layout": "",
    "viewCount": 58,
    "userName": "x***2",
    "commentCount": 0,
    "starCount": 0,
    "isStared": 0,
    "thumbnailURL": "https://www.makeapie.com/ecg-storage/ec_gallery_thumbnail/xl1-2SzDyW.png?v=1604373651706",
    "isCustomThumbnail": 0,
    "builtinTags": [
        "category-work",
        "grid",
        "legend",
        "series-line",
        "tooltip"
    ],
    "customTags": [],
    "updaterUserName": "x***2"
}