{
    "cid": "xMfiOrTT5S",
    "authorUid": "obd-olmlC2OnKFlHonWlcMj87Kv1wxsmv0G",
    "authorUserName": "萨***d",
    "title": "",
    "description": "",
    "latestVersion": 1,
    "alwaysLatest": 1,
    "createTime": "2020-11-03T05:46:41.000Z",
    "lastUpdateTime": "2020-11-03T05:46:41.000Z",
    "auth": 2,
    "uid": "obd-olmlC2OnKFlHonWlcMj87Kv1wxsmv0G",
    "publishedVersion": 0,
    "forkFrom": "-",
    "isSpam": 0,
    "version": 1,
    "parentVersion": -1,
    "echartsVersion": "4.8.0",
    "versionCreateTime": "2020-11-03T05:46:41.000Z",
    "html": "",
    "externalScripts": "",
    "updaterUID": "obd-olmlC2OnKFlHonWlcMj87Kv1wxsmv0G",
    "theme": "",
    "layout": "",
    "viewCount": 55,
    "userName": "萨***d",
    "commentCount": 0,
    "starCount": 0,
    "isStared": 0,
    "thumbnailURL": "https://www.makeapie.com/ecg-storage/ec_gallery_thumbnail/xMfiOrTT5S.png?v=1604382401604",
    "isCustomThumbnail": 0,
    "builtinTags": [
        "category-work",
        "grid",
        "legend",
        "series-bar",
        "tooltip"
    ],
    "customTags": [],
    "updaterUserName": "萨***d"
}