{
    "cid": "xpJix9wylv",
    "authorUid": "obd-oNjD1hfoEerq1Xn-aS8ByfOKxg7G8C0",
    "authorUserName": "L***坛",
    "title": "横向柱状图",
    "description": "",
    "latestVersion": 1,
    "alwaysLatest": 1,
    "createTime": "2020-11-03T00:12:05.000Z",
    "lastUpdateTime": "2020-11-03T00:12:05.000Z",
    "auth": 2,
    "uid": "obd-oNjD1hfoEerq1Xn-aS8ByfOKxg7G8C0",
    "publishedVersion": 0,
    "forkFrom": "-",
    "isSpam": 0,
    "version": 1,
    "parentVersion": -1,
    "echartsVersion": "4.8.0",
    "versionCreateTime": "2020-11-03T00:12:05.000Z",
    "html": "",
    "externalScripts": "",
    "updaterUID": "obd-oNjD1hfoEerq1Xn-aS8ByfOKxg7G8C0",
    "theme": "",
    "layout": "",
    "viewCount": 89,
    "userName": "L***坛",
    "commentCount": 0,
    "starCount": 0,
    "isStared": 0,
    "thumbnailURL": "https://www.makeapie.com/ecg-storage/ec_gallery_thumbnail/xpJix9wylv.png?v=1604362325908",
    "isCustomThumbnail": 0,
    "builtinTags": [
        "category-work",
        "grid",
        "series-bar",
        "tooltip"
    ],
    "customTags": [],
    "updaterUserName": "L***坛"
}