{
    "cid": "xu_-Uiuhll",
    "authorUid": "bd-2994611029",
    "authorUserName": "好***呀",
    "title": "自定义仪表盘",
    "description": "",
    "latestVersion": 2,
    "alwaysLatest": 1,
    "createTime": "2020-11-02T06:48:38.000Z",
    "lastUpdateTime": "2020-11-02T06:48:38.000Z",
    "auth": 2,
    "uid": "bd-2994611029",
    "publishedVersion": 0,
    "forkFrom": "-",
    "isSpam": 0,
    "version": 2,
    "parentVersion": 1,
    "echartsVersion": "4.8.0",
    "versionCreateTime": "2020-11-02T06:49:49.000Z",
    "html": "",
    "externalScripts": "",
    "updaterUID": "bd-2994611029",
    "theme": "",
    "layout": "",
    "viewCount": 355,
    "userName": "好***呀",
    "commentCount": 0,
    "starCount": 3,
    "isStared": 0,
    "thumbnailURL": "https://www.makeapie.com/ecg-storage/ec_gallery_thumbnail/xu_-Uiuhll.png?v=1604299789307",
    "isCustomThumbnail": 0,
    "builtinTags": [
        "category-work",
        "series-custom",
        "series-gauge",
        "series-pie",
        "title"
    ],
    "customTags": [],
    "updaterUserName": "好***呀"
}