{
    "cid": "xx4LgfrgO3",
    "authorUid": "bd-4111265691",
    "authorUserName": "y***洋",
    "title": "关系图",
    "description": "",
    "latestVersion": 1,
    "alwaysLatest": 1,
    "createTime": "2020-11-03T02:12:24.000Z",
    "lastUpdateTime": "2020-11-03T02:12:24.000Z",
    "auth": 2,
    "uid": "bd-4111265691",
    "publishedVersion": 0,
    "forkFrom": "-",
    "isSpam": 0,
    "version": 1,
    "parentVersion": -1,
    "echartsVersion": "4.8.0",
    "versionCreateTime": "2020-11-03T02:12:24.000Z",
    "html": "",
    "externalScripts": "",
    "updaterUID": "bd-4111265691",
    "theme": "",
    "layout": "",
    "viewCount": 320,
    "userName": "y***洋",
    "commentCount": 0,
    "starCount": 1,
    "isStared": 0,
    "thumbnailURL": "https://www.makeapie.com/ecg-storage/ec_gallery_thumbnail/xx4LgfrgO3.png?v=1604369544832",
    "isCustomThumbnail": 0,
    "builtinTags": [
        "category-work",
        "legend",
        "series-graph",
        "tooltip"
    ],
    "customTags": [],
    "updaterUserName": "y***洋"
}