{
    "cid": "xBJEQWpw9W",
    "authorUid": "bd-642339550",
    "authorUserName": "夏雨影韵",
    "title": "点击图例最后一个后，重置全部图例",
    "description": "发现图例点击最后一个后，就没有图了，感觉这样不是很好，所以就调研了下这个问题，现在的效果就是点击图例最后一个后，重置全部图例，全部为选中状态",
    "latestVersion": 1,
    "alwaysLatest": 1,
    "createTime": "2017-09-14T08:43:07.000Z",
    "lastUpdateTime": "2017-09-14T08:43:07.000Z",
    "auth": 2,
    "uid": "bd-642339550",
    "publishedVersion": 0,
    "forkFrom": "-",
    "isSpam": 0,
    "version": 1,
    "parentVersion": -1,
    "echartsVersion": "3.7.1",
    "versionCreateTime": "2017-09-14T08:43:07.000Z",
    "html": "",
    "externalScripts": "",
    "updaterUID": "bd-642339550",
    "theme": "",
    "layout": "",
    "viewCount": 632,
    "userName": "夏雨影韵",
    "commentCount": 1,
    "starCount": 0,
    "isStared": 0,
    "thumbnailURL": "https://www.makeapie.com/ecg-storage/ec_gallery_thumbnail/xBJEQWpw9W.png?v=1505378587751",
    "isCustomThumbnail": 0,
    "builtinTags": [
        "category-work",
        "legend",
        "series-pie",
        "tooltip"
    ],
    "customTags": [],
    "updaterUserName": "夏雨影韵"
}