{
    "cid": "xByxl_lOqb",
    "authorUid": "bd-302833795",
    "authorUserName": "gshock007",
    "title": "全国主要城市 噪音分贝",
    "description": "data from 中国统计局官网",
    "latestVersion": 1,
    "alwaysLatest": 1,
    "createTime": "2017-09-14T12:36:56.000Z",
    "lastUpdateTime": "2017-09-14T12:36:56.000Z",
    "auth": 2,
    "uid": "bd-302833795",
    "publishedVersion": 0,
    "forkFrom": "-",
    "isSpam": 0,
    "version": 1,
    "parentVersion": -1,
    "echartsVersion": "3.7.1",
    "versionCreateTime": "2017-09-14T12:36:56.000Z",
    "html": "",
    "externalScripts": "/dep/echarts/map/js/china.js",
    "updaterUID": "bd-302833795",
    "theme": "",
    "layout": "",
    "viewCount": 905,
    "userName": "gshock007",
    "commentCount": 0,
    "starCount": 0,
    "isStared": 0,
    "thumbnailURL": "https://www.makeapie.com/ecg-storage/ec_gallery_thumbnail/xByxl_lOqb.png?v=1505392616453",
    "isCustomThumbnail": 0,
    "builtinTags": [
        "brush",
        "category-work",
        "geo",
        "grid",
        "series-bar",
        "series-effectScatter",
        "series-scatter",
        "title",
        "toolbox",
        "tooltip"
    ],
    "customTags": [],
    "updaterUserName": "gshock007"
}