{
    "cid": "xH1qA9f2qW",
    "authorUid": "bd-3020475805",
    "authorUserName": "l***7",
    "title": "运维问题比例",
    "description": "",
    "latestVersion": 8,
    "alwaysLatest": 1,
    "createTime": "2017-09-17T15:54:58.000Z",
    "lastUpdateTime": "2017-09-17T15:54:58.000Z",
    "auth": 2,
    "uid": "bd-3020475805",
    "publishedVersion": 0,
    "forkFrom": "-",
    "isSpam": 0,
    "version": 8,
    "parentVersion": 7,
    "echartsVersion": "3.7.1",
    "versionCreateTime": "2017-09-18T07:53:54.000Z",
    "html": "",
    "externalScripts": "",
    "updaterUID": "bd-3020475805",
    "theme": "",
    "layout": "",
    "viewCount": 149,
    "userName": "l***7",
    "commentCount": 0,
    "starCount": 0,
    "isStared": 0,
    "thumbnailURL": "https://www.makeapie.com/ecg-storage/ec_gallery_thumbnail/xH1qA9f2qW.png?v=1505721234183",
    "isCustomThumbnail": 0,
    "builtinTags": [
        "category-work",
        "series-pie",
        "title",
        "toolbox"
    ],
    "customTags": [],
    "updaterUserName": "l***7"
}