{
    "cid": "xHJO5reFqZ",
    "authorUid": "bd-591231425",
    "authorUserName": "和蔼的君临天上",
    "title": "排名前五位&后五位",
    "description": "123",
    "latestVersion": 1,
    "alwaysLatest": 1,
    "createTime": "2017-09-15T06:39:12.000Z",
    "lastUpdateTime": "2017-09-15T06:39:12.000Z",
    "auth": 2,
    "uid": "bd-591231425",
    "publishedVersion": 1,
    "forkFrom": "-",
    "isSpam": 0,
    "version": 1,
    "parentVersion": -1,
    "echartsVersion": "3.7.1",
    "versionCreateTime": "2017-09-15T06:39:12.000Z",
    "html": "",
    "externalScripts": "",
    "updaterUID": "bd-591231425",
    "theme": "",
    "layout": "",
    "viewCount": 160,
    "userName": "和蔼的君临天上",
    "commentCount": 0,
    "starCount": 0,
    "isStared": 0,
    "thumbnailURL": "https://www.makeapie.com/ecg-storage/ec_gallery_thumbnail/xHJO5reFqZ.png?v=1505457552220",
    "isCustomThumbnail": 0,
    "builtinTags": [
        "category-work",
        "grid",
        "series-bar",
        "title",
        "tooltip"
    ],
    "customTags": [],
    "updaterUserName": "和蔼的君临天上"
}