{
    "cid": "xHyd5p6u9W",
    "authorUid": "bd-2386579279",
    "authorUserName": "m***橘",
    "title": "左侧柱状图bar",
    "description": "左侧柱状图 ",
    "latestVersion": 2,
    "alwaysLatest": 1,
    "createTime": "2017-09-15T03:48:32.000Z",
    "lastUpdateTime": "2017-09-15T03:48:32.000Z",
    "auth": 2,
    "uid": "bd-2386579279",
    "publishedVersion": 0,
    "forkFrom": "-",
    "isSpam": 0,
    "version": 2,
    "parentVersion": 1,
    "echartsVersion": "3.7.1",
    "versionCreateTime": "2017-09-15T06:18:10.000Z",
    "html": "",
    "externalScripts": "",
    "updaterUID": "bd-2386579279",
    "theme": "",
    "layout": "",
    "viewCount": 263,
    "userName": "m***橘",
    "commentCount": 0,
    "starCount": 1,
    "isStared": 0,
    "thumbnailURL": "https://www.makeapie.com/ecg-storage/ec_gallery_thumbnail/xHyd5p6u9W.png?v=1505456290847",
    "isCustomThumbnail": 0,
    "builtinTags": [
        "category-work",
        "grid",
        "series-bar",
        "title",
        "tooltip"
    ],
    "customTags": [
        "bar"
    ],
    "updaterUserName": "m***橘"
}