{
    "cid": "xrJDOQAPqW",
    "authorUid": "bd-3743044666",
    "authorUserName": "许仙521983",
    "title": "品牌TOP在地图上的显示",
    "description": "纯属虚构啦啦啦",
    "latestVersion": 1,
    "alwaysLatest": 1,
    "createTime": "2017-09-14T10:01:18.000Z",
    "lastUpdateTime": "2017-09-14T10:01:18.000Z",
    "auth": 2,
    "uid": "bd-3743044666",
    "publishedVersion": 0,
    "forkFrom": "-",
    "isSpam": 0,
    "version": 1,
    "parentVersion": -1,
    "echartsVersion": "3.7.1",
    "versionCreateTime": "2017-09-14T10:01:18.000Z",
    "html": "",
    "externalScripts": "/dep/echarts/map/js/china.js,https://cdn.bootcss.com/lodash.js/4.17.4/lodash.min.js",
    "updaterUID": "bd-3743044666",
    "theme": "",
    "layout": "",
    "viewCount": 1585,
    "userName": "许仙521983",
    "commentCount": 0,
    "starCount": 9,
    "isStared": 0,
    "thumbnailURL": "https://www.makeapie.com/ecg-storage/ec_gallery_thumbnail/xrJDOQAPqW.png?v=1505383278992",
    "isCustomThumbnail": 0,
    "builtinTags": [
        "category-work",
        "geo",
        "series-scatter",
        "title",
        "toolbox",
        "tooltip"
    ],
    "customTags": [],
    "updaterUserName": "许仙521983"
}