{
    "cid": "xrki_gTD9Z",
    "authorUid": "bd-2184425502",
    "authorUserName": "轻狂书生198899",
    "title": "发货包裹地区分布地图",
    "description": "项目中用到seajs，加载js依赖。地图有时好，有时不好。搞不懂。",
    "latestVersion": 1,
    "alwaysLatest": 1,
    "createTime": "2017-09-14T08:40:19.000Z",
    "lastUpdateTime": "2017-09-14T08:40:19.000Z",
    "auth": 2,
    "uid": "bd-2184425502",
    "publishedVersion": 0,
    "forkFrom": "-",
    "isSpam": 0,
    "version": 1,
    "parentVersion": -1,
    "echartsVersion": "3.7.1",
    "versionCreateTime": "2017-09-14T08:40:19.000Z",
    "html": "",
    "externalScripts": "/dep/echarts/latest/extension/bmap.min.js,/dep/echarts/map/js/china.js",
    "updaterUID": "bd-2184425502",
    "theme": "default",
    "layout": "",
    "viewCount": 485,
    "userName": "轻狂书生198899",
    "commentCount": 0,
    "starCount": 0,
    "isStared": 0,
    "thumbnailURL": "https://www.makeapie.com/ecg-storage/ec_gallery_thumbnail/xrki_gTD9Z.png?v=1505378420331",
    "isCustomThumbnail": 1,
    "builtinTags": [
        "category-work",
        "geo",
        "series-effectScatter",
        "series-scatter",
        "title",
        "tooltip"
    ],
    "customTags": [],
    "updaterUserName": "轻狂书生198899"
}