{
    "cid": "xS17cg-WsW",
    "authorUid": "bd-2650802227",
    "authorUserName": "c***s",
    "title": "正态分布图",
    "description": "",
    "latestVersion": 1,
    "alwaysLatest": 1,
    "createTime": "2017-09-21T09:04:11.000Z",
    "lastUpdateTime": "2017-12-11T04:33:01.000Z",
    "auth": 2,
    "uid": "bd-2650802227",
    "publishedVersion": 0,
    "forkFrom": "-",
    "isSpam": 0,
    "version": 1,
    "parentVersion": -1,
    "echartsVersion": "3.7.1",
    "versionCreateTime": "2017-09-21T09:04:11.000Z",
    "html": "",
    "externalScripts": "",
    "updaterUID": "bd-2650802227",
    "theme": "macarons",
    "layout": "",
    "viewCount": 180,
    "userName": "c***s",
    "commentCount": 0,
    "starCount": 1,
    "isStared": 0,
    "thumbnailURL": "https://www.makeapie.com/ecg-storage/ec_gallery_thumbnail/xS17cg-WsW.png?v=1505984651372",
    "isCustomThumbnail": 0,
    "builtinTags": [],
    "customTags": [],
    "updaterUserName": "c***s"
}