{
    "cid": "xS1Hnc3ncW",
    "authorUid": "bd-3898251746",
    "authorUserName": "尤学谦",
    "title": "企业分析",
    "description": "线图结合环形图",
    "latestVersion": 1,
    "alwaysLatest": 1,
    "createTime": "2017-09-18T03:17:00.000Z",
    "lastUpdateTime": "2017-09-18T03:17:00.000Z",
    "auth": 2,
    "uid": "bd-3898251746",
    "publishedVersion": 0,
    "forkFrom": "-",
    "isSpam": 0,
    "version": 1,
    "parentVersion": -1,
    "echartsVersion": "3.7.1",
    "versionCreateTime": "2017-09-18T03:17:00.000Z",
    "html": "",
    "externalScripts": "",
    "updaterUID": "bd-3898251746",
    "theme": "",
    "layout": "",
    "viewCount": 4038,
    "userName": "尤学谦",
    "commentCount": 0,
    "starCount": 7,
    "isStared": 0,
    "thumbnailURL": "https://www.makeapie.com/ecg-storage/ec_gallery_thumbnail/xS1Hnc3ncW.png?v=1505704621019",
    "isCustomThumbnail": 0,
    "builtinTags": [
        "category-work",
        "grid",
        "series-line",
        "series-pie",
        "title",
        "toolbox",
        "tooltip"
    ],
    "customTags": [],
    "updaterUserName": "尤学谦"
}