{
    "cid": "xS1O4y2cq-",
    "authorUid": "bd-167980271",
    "authorUserName": "liujaygood",
    "title": "geo3d 中国地图",
    "description": "正在完善",
    "latestVersion": 4,
    "alwaysLatest": 1,
    "createTime": "2017-09-16T14:03:28.000Z",
    "lastUpdateTime": "2017-09-16T14:03:28.000Z",
    "auth": 2,
    "uid": "bd-167980271",
    "publishedVersion": 0,
    "forkFrom": "-",
    "isSpam": 0,
    "version": 4,
    "parentVersion": 3,
    "echartsVersion": "3.7.1",
    "versionCreateTime": "2017-09-16T14:41:18.000Z",
    "html": "",
    "externalScripts": "http://echarts.baidu.com/resource/echarts-gl-latest/dist/echarts-gl.min.js",
    "updaterUID": "bd-167980271",
    "theme": "",
    "layout": "",
    "viewCount": 56,
    "userName": "liujaygood",
    "commentCount": 0,
    "starCount": 0,
    "isStared": 0,
    "thumbnailURL": "https://www.makeapie.com/ecg-storage/ec_gallery_thumbnail/xS1O4y2cq-.png?v=1505572878935",
    "isCustomThumbnail": 0,
    "builtinTags": [
        "category-work",
        "geo3D",
        "legend",
        "title",
        "tooltip"
    ],
    "customTags": [],
    "updaterUserName": "liujaygood"
}