{
    "cid": "xSJotLlF9-",
    "authorUid": "bd-3021662072",
    "authorUserName": "上帝已封神",
    "title": "柱状图渐变色",
    "description": "柱状图渐变色",
    "latestVersion": 1,
    "alwaysLatest": 1,
    "createTime": "2017-09-15T06:43:14.000Z",
    "lastUpdateTime": "2017-09-15T06:43:14.000Z",
    "auth": 2,
    "uid": "bd-3021662072",
    "publishedVersion": 0,
    "forkFrom": "-",
    "isSpam": 0,
    "version": 1,
    "parentVersion": -1,
    "echartsVersion": "3.7.1",
    "versionCreateTime": "2017-09-15T06:43:14.000Z",
    "html": "",
    "externalScripts": "",
    "updaterUID": "bd-3021662072",
    "theme": "",
    "layout": "",
    "viewCount": 263,
    "userName": "上帝已封神",
    "commentCount": 0,
    "starCount": 0,
    "isStared": 0,
    "thumbnailURL": "https://www.makeapie.com/ecg-storage/ec_gallery_thumbnail/xSJotLlF9-.png?v=1505457795078",
    "isCustomThumbnail": 0,
    "builtinTags": [
        "category-work",
        "dataZoom",
        "grid",
        "markLine",
        "markPoint",
        "series-bar",
        "title",
        "toolbox",
        "tooltip"
    ],
    "customTags": [],
    "updaterUserName": "上帝已封神"
}