{
    "cid": "xSJrEERPc-",
    "authorUid": "bd-3743044666",
    "authorUserName": "许仙521983",
    "title": "地图上显示的数量分布图",
    "description": "数据纯属虚构啦啦啦",
    "latestVersion": 1,
    "alwaysLatest": 1,
    "createTime": "2017-09-14T10:04:28.000Z",
    "lastUpdateTime": "2017-09-14T10:04:28.000Z",
    "auth": 2,
    "uid": "bd-3743044666",
    "publishedVersion": 0,
    "forkFrom": "-",
    "isSpam": 0,
    "version": 1,
    "parentVersion": -1,
    "echartsVersion": "3.7.1",
    "versionCreateTime": "2017-09-14T10:04:28.000Z",
    "html": "",
    "externalScripts": "/dep/echarts/map/js/china.js",
    "updaterUID": "bd-3743044666",
    "theme": "",
    "layout": "",
    "viewCount": 2736,
    "userName": "许仙521983",
    "commentCount": 4,
    "starCount": 12,
    "isStared": 0,
    "thumbnailURL": "https://www.makeapie.com/ecg-storage/ec_gallery_thumbnail/xSJrEERPc-.png?v=1505383469029",
    "isCustomThumbnail": 0,
    "builtinTags": [
        "category-work",
        "geo",
        "legend",
        "series-scatter",
        "title",
        "tooltip",
        "visualMap"
    ],
    "customTags": [],
    "updaterUserName": "许仙521983"
}