{
    "cid": "xSyBBw3n5-",
    "authorUid": "bd-460850157",
    "authorUserName": "S***七",
    "title": "当x和y轴的宽度不是1时，柱压住线的3种解决办法",
    "description": "",
    "latestVersion": 3,
    "alwaysLatest": 1,
    "createTime": "2017-09-18T03:02:21.000Z",
    "lastUpdateTime": "2017-09-18T03:02:21.000Z",
    "auth": 2,
    "uid": "bd-460850157",
    "publishedVersion": 0,
    "forkFrom": "-",
    "isSpam": 0,
    "version": 3,
    "parentVersion": 2,
    "echartsVersion": "3.7.1",
    "versionCreateTime": "2017-09-18T03:06:42.000Z",
    "html": "",
    "externalScripts": "",
    "updaterUID": "bd-460850157",
    "theme": "",
    "layout": "",
    "viewCount": 347,
    "userName": "S***七",
    "commentCount": 0,
    "starCount": 3,
    "isStared": 0,
    "thumbnailURL": "https://www.makeapie.com/ecg-storage/ec_gallery_thumbnail/xSyBBw3n5-.png?v=1505704002444",
    "isCustomThumbnail": 0,
    "builtinTags": [
        "category-work",
        "grid",
        "legend",
        "series-bar",
        "toolbox",
        "tooltip"
    ],
    "customTags": [],
    "updaterUserName": "S***七"
}