{
    "cid": "xSyQzmr_cW",
    "authorUid": "bd-688596196",
    "authorUserName": "谷歌五千万",
    "title": "手机对比",
    "description": "百分制 （价格分数高表示贵）",
    "latestVersion": 2,
    "alwaysLatest": 1,
    "createTime": "2017-09-14T17:57:31.000Z",
    "lastUpdateTime": "2017-09-14T17:57:31.000Z",
    "auth": 2,
    "uid": "bd-688596196",
    "publishedVersion": 0,
    "forkFrom": "-",
    "isSpam": 0,
    "version": 2,
    "parentVersion": 1,
    "echartsVersion": "3.7.1",
    "versionCreateTime": "2017-09-14T17:57:49.000Z",
    "html": "",
    "externalScripts": "",
    "updaterUID": "bd-688596196",
    "theme": "dark",
    "layout": "",
    "viewCount": 97,
    "userName": "谷歌五千万",
    "commentCount": 0,
    "starCount": 1,
    "isStared": 0,
    "thumbnailURL": "https://www.makeapie.com/ecg-storage/ec_gallery_thumbnail/xSyQzmr_cW.png?v=1505411869538",
    "isCustomThumbnail": 0,
    "builtinTags": [
        "category-work",
        "grid",
        "legend",
        "series-bar",
        "title",
        "tooltip"
    ],
    "customTags": [],
    "updaterUserName": "谷歌五千万"
}