{
    "cid": "x0hxC1vNJk",
    "authorUid": "obd-o24yyFRUITdJ1B79kj67FCBzEIRV3BT",
    "authorUserName": "李***o",
    "title": "仪表盘刻度",
    "description": "",
    "latestVersion": 3,
    "alwaysLatest": 1,
    "createTime": "2021-11-05T08:05:43.000Z",
    "lastUpdateTime": "2021-11-05T08:17:28.000Z",
    "auth": 2,
    "uid": "obd-o24yyFRUITdJ1B79kj67FCBzEIRV3BT",
    "publishedVersion": 0,
    "forkFrom": "-",
    "isSpam": 0,
    "version": 3,
    "parentVersion": 2,
    "echartsVersion": "5.2.2",
    "versionCreateTime": "2021-11-05T08:17:28.000Z",
    "html": "",
    "externalScripts": "",
    "updaterUID": "obd-o24yyFRUITdJ1B79kj67FCBzEIRV3BT",
    "theme": "",
    "layout": "",
    "viewCount": 0,
    "userName": "李***o",
    "commentCount": 0,
    "starCount": 0,
    "isStared": 0,
    "thumbnailURL": "https://www.makeapie.com/ecg-storage/ec_gallery_thumbnail/x0hxC1vNJk.png?v=1636100248461",
    "isCustomThumbnail": 0,
    "builtinTags": [
        "category-work",
        "polar",
        "series-bar",
        "series-gauge",
        "title",
        "tooltip"
    ],
    "customTags": [],
    "updaterUserName": "李***o"
}