{
    "cid": "x9sS6iSXgL",
    "authorUid": "obd-o24yyFRUITdJ1B79kj67FCBzEIRV3BT",
    "authorUserName": "李***o",
    "title": "横向柱状图",
    "description": "",
    "latestVersion": 1,
    "alwaysLatest": 0,
    "createTime": "2021-11-05T07:13:51.000Z",
    "lastUpdateTime": "2021-11-05T07:13:51.000Z",
    "auth": 2,
    "uid": "obd-o24yyFRUITdJ1B79kj67FCBzEIRV3BT",
    "publishedVersion": 0,
    "forkFrom": "-",
    "isSpam": 0,
    "version": 1,
    "parentVersion": -1,
    "echartsVersion": "5.2.2",
    "versionCreateTime": "2021-11-05T07:13:51.000Z",
    "html": "",
    "externalScripts": "",
    "updaterUID": "obd-o24yyFRUITdJ1B79kj67FCBzEIRV3BT",
    "theme": "",
    "layout": "",
    "viewCount": 0,
    "userName": "李***o",
    "commentCount": 0,
    "starCount": 3,
    "isStared": 0,
    "thumbnailURL": "https://www.makeapie.com/ecg-storage/ec_gallery_thumbnail/x9sS6iSXgL.png?v=1636096431414",
    "isCustomThumbnail": 0,
    "builtinTags": [
        "category-work",
        "grid",
        "series-bar"
    ],
    "customTags": [],
    "updaterUserName": "李***o"
}