{
    "cid": "xcDer9Vxzq",
    "authorUid": "bd-2427534238",
    "authorUserName": "阳***还",
    "title": "象形柱图与折线混合",
    "description": "",
    "latestVersion": 3,
    "alwaysLatest": 0,
    "createTime": "2021-11-05T06:26:40.000Z",
    "lastUpdateTime": "2021-11-05T07:34:21.000Z",
    "auth": 2,
    "uid": "bd-2427534238",
    "publishedVersion": 0,
    "forkFrom": "-",
    "isSpam": 0,
    "version": 3,
    "parentVersion": 2,
    "echartsVersion": "5.2.2",
    "versionCreateTime": "2021-11-05T07:34:21.000Z",
    "html": "",
    "externalScripts": "",
    "updaterUID": "bd-2427534238",
    "theme": "",
    "layout": "",
    "viewCount": 0,
    "userName": "阳***还",
    "commentCount": 0,
    "starCount": 0,
    "isStared": 0,
    "thumbnailURL": "https://www.makeapie.com/ecg-storage/ec_gallery_thumbnail/xcDer9Vxzq.png?v=1636097661700",
    "isCustomThumbnail": 0,
    "builtinTags": [
        "category-work",
        "grid",
        "series-line",
        "series-pictorialBar",
        "tooltip"
    ],
    "customTags": [],
    "updaterUserName": "阳***还"
}