{
    "cid": "xgHljdTCV3",
    "authorUid": "obd-o24yyFRUITdJ1B79kj67FCBzEIRV3BT",
    "authorUserName": "李***o",
    "title": "日历",
    "description": "对应日期带不同颜色",
    "latestVersion": 1,
    "alwaysLatest": 0,
    "createTime": "2021-11-05T07:33:24.000Z",
    "lastUpdateTime": "2021-11-05T07:33:24.000Z",
    "auth": 2,
    "uid": "obd-o24yyFRUITdJ1B79kj67FCBzEIRV3BT",
    "publishedVersion": 0,
    "forkFrom": "-",
    "isSpam": 0,
    "version": 1,
    "parentVersion": -1,
    "echartsVersion": "5.2.2",
    "versionCreateTime": "2021-11-05T07:33:24.000Z",
    "html": "",
    "externalScripts": "",
    "updaterUID": "obd-o24yyFRUITdJ1B79kj67FCBzEIRV3BT",
    "theme": "",
    "layout": "",
    "viewCount": 0,
    "userName": "李***o",
    "commentCount": 0,
    "starCount": 0,
    "isStared": 0,
    "thumbnailURL": "https://www.makeapie.com/ecg-storage/ec_gallery_thumbnail/xgHljdTCV3.png?v=1636097604629",
    "isCustomThumbnail": 0,
    "builtinTags": [
        "calendar",
        "category-work",
        "series-heatmap",
        "series-scatter",
        "visualMap"
    ],
    "customTags": [],
    "updaterUserName": "李***o"
}