{
    "cid": "xgVF-eAYed",
    "authorUid": "obd-ol9ApUNzruRtm2D-0e5Fb-FETwsWF0O",
    "authorUserName": "相***光",
    "title": "污染贡献值",
    "description": "企业画像 - 污染贡献值",
    "latestVersion": 3,
    "alwaysLatest": 0,
    "createTime": "2021-11-05T06:53:54.000Z",
    "lastUpdateTime": "2021-11-05T09:16:30.000Z",
    "auth": 2,
    "uid": "obd-ol9ApUNzruRtm2D-0e5Fb-FETwsWF0O",
    "publishedVersion": 0,
    "forkFrom": "-",
    "isSpam": 0,
    "version": 3,
    "parentVersion": 2,
    "echartsVersion": "5.2.2",
    "versionCreateTime": "2021-11-05T09:16:30.000Z",
    "html": "",
    "externalScripts": "",
    "updaterUID": "obd-ol9ApUNzruRtm2D-0e5Fb-FETwsWF0O",
    "theme": "",
    "layout": "",
    "viewCount": 0,
    "userName": "相***光",
    "commentCount": 0,
    "starCount": 0,
    "isStared": 0,
    "thumbnailURL": "https://www.makeapie.com/ecg-storage/ec_gallery_thumbnail/xgVF-eAYed.png?v=1636095234494",
    "isCustomThumbnail": 1,
    "builtinTags": [
        "category-work",
        "grid",
        "series-bar",
        "title"
    ],
    "customTags": [],
    "updaterUserName": "相***光"
}