{
    "cid": "xKgejdt7Bb",
    "authorUid": "obd-oCShU4_h1_MRDgYsmGGGtKmFk6Es93f",
    "authorUserName": "130******38",
    "title": "柱状图",
    "description": "",
    "latestVersion": 1,
    "alwaysLatest": 0,
    "createTime": "2021-11-08T01:44:25.000Z",
    "lastUpdateTime": "2021-11-08T01:44:25.000Z",
    "auth": 2,
    "uid": "obd-oCShU4_h1_MRDgYsmGGGtKmFk6Es93f",
    "publishedVersion": 0,
    "forkFrom": "-",
    "isSpam": 0,
    "version": 1,
    "parentVersion": -1,
    "echartsVersion": "5.2.2",
    "versionCreateTime": "2021-11-08T01:44:25.000Z",
    "html": "",
    "externalScripts": "",
    "updaterUID": "obd-oCShU4_h1_MRDgYsmGGGtKmFk6Es93f",
    "theme": "",
    "layout": "",
    "viewCount": 0,
    "userName": "130******38",
    "commentCount": 0,
    "starCount": 0,
    "isStared": 0,
    "thumbnailURL": "https://www.makeapie.com/ecg-storage/ec_gallery_thumbnail/xKgejdt7Bb.png?v=1636335865374",
    "isCustomThumbnail": 0,
    "builtinTags": [
        "category-work",
        "grid",
        "legend",
        "series-bar",
        "series-line",
        "tooltip"
    ],
    "customTags": [],
    "updaterUserName": "130******38"
}