{
    "cid": "xS_oZgSQzY",
    "authorUid": "obd-oDpaItygjJAI1OP69ZaVUeC6rFNQ51y",
    "authorUserName": "悠***寒",
    "title": "2015~2020中国各省居民人均可支配收入",
    "description": "",
    "latestVersion": 2,
    "alwaysLatest": 0,
    "createTime": "2021-11-07T11:32:55.000Z",
    "lastUpdateTime": "2021-11-10T02:42:12.000Z",
    "auth": 2,
    "uid": "obd-oDpaItygjJAI1OP69ZaVUeC6rFNQ51y",
    "publishedVersion": 0,
    "forkFrom": "-",
    "isSpam": 0,
    "version": 2,
    "parentVersion": 1,
    "echartsVersion": "5.2.2",
    "versionCreateTime": "2021-11-10T02:42:12.000Z",
    "html": "",
    "externalScripts": "",
    "updaterUID": "obd-oDpaItygjJAI1OP69ZaVUeC6rFNQ51y",
    "theme": "",
    "layout": "",
    "viewCount": 0,
    "userName": "悠***寒",
    "commentCount": 0,
    "starCount": 0,
    "isStared": 0,
    "thumbnailURL": "https://www.makeapie.com/ecg-storage/ec_gallery_thumbnail/xS_oZgSQzY.png?v=1636512132575",
    "isCustomThumbnail": 0,
    "builtinTags": [
        "category-work",
        "geo",
        "grid",
        "series-bar",
        "series-map",
        "series-scatter",
        "timeline",
        "title",
        "tooltip"
    ],
    "customTags": [],
    "updaterUserName": "悠***寒"
}