{
    "cid": "xsEetG-kx9",
    "authorUid": "obd-o-1zI7rdBxP6n8aGB69kgIdgL0iEJAa",
    "authorUserName": "穻***",
    "title": "灾害柱状图",
    "description": "",
    "latestVersion": 1,
    "alwaysLatest": 0,
    "createTime": "2021-11-05T07:39:54.000Z",
    "lastUpdateTime": "2021-11-05T07:39:54.000Z",
    "auth": 2,
    "uid": "obd-o-1zI7rdBxP6n8aGB69kgIdgL0iEJAa",
    "publishedVersion": 0,
    "forkFrom": "-",
    "isSpam": 0,
    "version": 1,
    "parentVersion": -1,
    "echartsVersion": "5.2.2",
    "versionCreateTime": "2021-11-05T07:39:54.000Z",
    "html": "",
    "externalScripts": "",
    "updaterUID": "obd-o-1zI7rdBxP6n8aGB69kgIdgL0iEJAa",
    "theme": "",
    "layout": "",
    "viewCount": 0,
    "userName": "穻***",
    "commentCount": 0,
    "starCount": 2,
    "isStared": 0,
    "thumbnailURL": "https://www.makeapie.com/ecg-storage/ec_gallery_thumbnail/xsEetG-kx9.png?v=1636097994771",
    "isCustomThumbnail": 0,
    "builtinTags": [
        "category-work",
        "grid",
        "legend",
        "series-bar",
        "toolbox",
        "tooltip"
    ],
    "customTags": [],
    "updaterUserName": "穻***"
}