{
    "cid": "xvnvL_EkAb",
    "authorUid": "obd-o24yyFRUITdJ1B79kj67FCBzEIRV3BT",
    "authorUserName": "李***o",
    "title": "柱状图",
    "description": "指定区域颜色不同，指定区域带阴影",
    "latestVersion": 2,
    "alwaysLatest": 0,
    "createTime": "2021-11-05T08:25:20.000Z",
    "lastUpdateTime": "2021-11-05T08:25:41.000Z",
    "auth": 2,
    "uid": "obd-o24yyFRUITdJ1B79kj67FCBzEIRV3BT",
    "publishedVersion": 0,
    "forkFrom": "-",
    "isSpam": 0,
    "version": 2,
    "parentVersion": 1,
    "echartsVersion": "4.2.1",
    "versionCreateTime": "2021-11-05T08:25:41.000Z",
    "html": "",
    "externalScripts": "",
    "updaterUID": "obd-o24yyFRUITdJ1B79kj67FCBzEIRV3BT",
    "theme": "",
    "layout": "",
    "viewCount": 0,
    "userName": "李***o",
    "commentCount": 0,
    "starCount": 1,
    "isStared": 0,
    "thumbnailURL": "https://www.makeapie.com/ecg-storage/ec_gallery_thumbnail/xvnvL_EkAb.png?v=1636100741865",
    "isCustomThumbnail": 0,
    "builtinTags": [
        "category-work",
        "grid",
        "markArea",
        "markLine",
        "series-bar",
        "series-line",
        "tooltip"
    ],
    "customTags": [],
    "updaterUserName": "李***o"
}