{
    "cid": "xWhxVYNjmG",
    "authorUid": "obd-oPfy07aNXnfq7aUxlcqzG4mwxbzQI9C",
    "authorUserName": "鱼***堡",
    "title": "南丁格尔图",
    "description": "",
    "latestVersion": 1,
    "alwaysLatest": 0,
    "createTime": "2021-11-06T15:00:24.000Z",
    "lastUpdateTime": "2021-11-06T15:00:24.000Z",
    "auth": 2,
    "uid": "obd-oPfy07aNXnfq7aUxlcqzG4mwxbzQI9C",
    "publishedVersion": 0,
    "forkFrom": "-",
    "isSpam": 0,
    "version": 1,
    "parentVersion": -1,
    "echartsVersion": "5.2.2",
    "versionCreateTime": "2021-11-06T15:00:24.000Z",
    "html": "",
    "externalScripts": "",
    "updaterUID": "obd-oPfy07aNXnfq7aUxlcqzG4mwxbzQI9C",
    "theme": "",
    "layout": "",
    "viewCount": 0,
    "userName": "鱼***堡",
    "commentCount": 0,
    "starCount": 0,
    "isStared": 0,
    "thumbnailURL": "https://www.makeapie.com/ecg-storage/ec_gallery_thumbnail/xWhxVYNjmG.png?v=1636210824199",
    "isCustomThumbnail": 0,
    "builtinTags": [
        "category-work",
        "legend",
        "series-pie",
        "toolbox"
    ],
    "customTags": [],
    "updaterUserName": "鱼***堡"
}