{
    "cid": "xWu80RFTjv",
    "authorUid": "bd-1829592654",
    "authorUserName": "q***t",
    "title": "世界地图",
    "description": "",
    "latestVersion": 2,
    "alwaysLatest": 0,
    "createTime": "2021-11-05T09:05:33.000Z",
    "lastUpdateTime": "2021-11-05T09:24:45.000Z",
    "auth": 2,
    "uid": "bd-1829592654",
    "publishedVersion": 0,
    "forkFrom": "-",
    "isSpam": 0,
    "version": 2,
    "parentVersion": 1,
    "echartsVersion": "5.2.2",
    "versionCreateTime": "2021-11-05T09:24:45.000Z",
    "html": "",
    "externalScripts": "",
    "updaterUID": "bd-1829592654",
    "theme": "",
    "layout": "",
    "viewCount": 0,
    "userName": "q***t",
    "commentCount": 0,
    "starCount": 0,
    "isStared": 0,
    "thumbnailURL": "https://www.makeapie.com/ecg-storage/ec_gallery_thumbnail/xWu80RFTjv.png?v=1636104286079",
    "isCustomThumbnail": 0,
    "builtinTags": [
        "category-work",
        "series-map",
        "tooltip"
    ],
    "customTags": [],
    "updaterUserName": "q***t"
}