{
    "cid": "xwVyx4-J81",
    "authorUid": "obd-o25dPHqg0v7WmM6KLj5M58cKAiiuSB1",
    "authorUserName": "f***0",
    "title": "折线图",
    "description": "",
    "latestVersion": 2,
    "alwaysLatest": 0,
    "createTime": "2021-11-06T08:13:52.000Z",
    "lastUpdateTime": "2021-11-06T08:14:29.000Z",
    "auth": 2,
    "uid": "obd-o25dPHqg0v7WmM6KLj5M58cKAiiuSB1",
    "publishedVersion": 0,
    "forkFrom": "-",
    "isSpam": 0,
    "version": 2,
    "parentVersion": 1,
    "echartsVersion": "5.2.2",
    "versionCreateTime": "2021-11-06T08:14:29.000Z",
    "html": "",
    "externalScripts": "",
    "updaterUID": "obd-o25dPHqg0v7WmM6KLj5M58cKAiiuSB1",
    "theme": "",
    "layout": "",
    "viewCount": 0,
    "userName": "f***0",
    "commentCount": 0,
    "starCount": 5,
    "isStared": 0,
    "thumbnailURL": "https://www.makeapie.com/ecg-storage/ec_gallery_thumbnail/xwVyx4-J81.png?v=1636186469239",
    "isCustomThumbnail": 0,
    "builtinTags": [
        "category-work",
        "grid",
        "legend",
        "series-line",
        "tooltip"
    ],
    "customTags": [],
    "updaterUserName": "f***0"
}