{
    "cid": "xBkXl1xIcG",
    "authorUid": "bd-4067285355",
    "authorUserName": "139******35",
    "title": "历年发展趋势",
    "description": "日常监管_食品安全生产_历年发展趋势V0.0.1",
    "latestVersion": 1,
    "alwaysLatest": 1,
    "createTime": "2018-03-26T03:54:19.000Z",
    "lastUpdateTime": "2018-03-26T03:54:19.000Z",
    "auth": 2,
    "uid": "bd-4067285355",
    "publishedVersion": 0,
    "forkFrom": "-",
    "isSpam": 0,
    "version": 1,
    "parentVersion": -1,
    "echartsVersion": "4.0.4",
    "versionCreateTime": "2018-03-26T03:54:19.000Z",
    "html": "",
    "externalScripts": "",
    "updaterUID": "bd-4067285355",
    "theme": "",
    "layout": "",
    "viewCount": 56,
    "userName": "139******35",
    "commentCount": 0,
    "starCount": 0,
    "isStared": 0,
    "thumbnailURL": "https://www.makeapie.com/ecg-storage/ec_gallery_thumbnail/xBkXl1xIcG.png?v=1522036459346",
    "isCustomThumbnail": 0,
    "builtinTags": [
        "category-work",
        "grid",
        "series-line",
        "title"
    ],
    "customTags": [],
    "updaterUserName": "139******35"
}