{
    "cid": "xByGbGzU5f",
    "authorUid": "bd-4067285355",
    "authorUserName": "139******35",
    "title": "检查覆盖与违规情况",
    "description": "日常监管—食品生产—检查覆盖与违规情况V0.0.1",
    "latestVersion": 1,
    "alwaysLatest": 1,
    "createTime": "2018-03-26T06:23:54.000Z",
    "lastUpdateTime": "2018-03-26T06:23:54.000Z",
    "auth": 2,
    "uid": "bd-4067285355",
    "publishedVersion": 0,
    "forkFrom": "-",
    "isSpam": 0,
    "version": 1,
    "parentVersion": -1,
    "echartsVersion": "4.0.4",
    "versionCreateTime": "2018-03-26T06:23:54.000Z",
    "html": "",
    "externalScripts": "",
    "updaterUID": "bd-4067285355",
    "theme": "",
    "layout": "",
    "viewCount": 78,
    "userName": "139******35",
    "commentCount": 0,
    "starCount": 0,
    "isStared": 0,
    "thumbnailURL": "https://www.makeapie.com/ecg-storage/ec_gallery_thumbnail/xByGbGzU5f.png?v=1522045434527",
    "isCustomThumbnail": 0,
    "builtinTags": [
        "category-work",
        "series-pie",
        "title",
        "tooltip"
    ],
    "customTags": [],
    "updaterUserName": "139******35"
}