{
    "cid": "xByLCAJLqf",
    "authorUid": "bd-441871429",
    "authorUserName": "牧羊yun",
    "title": "投诉举报环节立案对比",
    "description": "",
    "latestVersion": 6,
    "alwaysLatest": 1,
    "createTime": "2018-03-26T03:53:50.000Z",
    "lastUpdateTime": "2018-03-26T03:53:50.000Z",
    "auth": 2,
    "uid": "bd-441871429",
    "publishedVersion": 0,
    "forkFrom": "-",
    "isSpam": 0,
    "version": 6,
    "parentVersion": 5,
    "echartsVersion": "4.0.4",
    "versionCreateTime": "2018-03-28T03:45:03.000Z",
    "html": "",
    "externalScripts": "",
    "updaterUID": "bd-441871429",
    "theme": "",
    "layout": "",
    "viewCount": 530,
    "userName": "牧羊yun",
    "commentCount": 0,
    "starCount": 0,
    "isStared": 0,
    "thumbnailURL": "https://www.makeapie.com/ecg-storage/ec_gallery_thumbnail/xByLCAJLqf.png?v=1522208703832",
    "isCustomThumbnail": 0,
    "builtinTags": [
        "category-work",
        "legend",
        "radar",
        "series-radar",
        "title",
        "tooltip"
    ],
    "customTags": [],
    "updaterUserName": "牧羊yun"
}