{
    "cid": "xH1_Wkf89M",
    "authorUid": "bd-1261501031",
    "authorUserName": "邓***e",
    "title": "V3.0.0  行政审批 ——有案底企业许可申请办结情况",
    "description": "V3.0.0  行政审批 ——有案底企业许可申请办结情况",
    "latestVersion": 4,
    "alwaysLatest": 1,
    "createTime": "2018-03-26T06:11:12.000Z",
    "lastUpdateTime": "2018-03-26T06:11:12.000Z",
    "auth": 2,
    "uid": "bd-1261501031",
    "publishedVersion": 0,
    "forkFrom": "-",
    "isSpam": 0,
    "version": 4,
    "parentVersion": 3,
    "echartsVersion": "4.0.4",
    "versionCreateTime": "2018-03-27T16:10:32.000Z",
    "html": "",
    "externalScripts": "",
    "updaterUID": "bd-1261501031",
    "theme": "",
    "layout": "",
    "viewCount": 425,
    "userName": "邓***e",
    "commentCount": 0,
    "starCount": 0,
    "isStared": 0,
    "thumbnailURL": "https://www.makeapie.com/ecg-storage/ec_gallery_thumbnail/xH1_Wkf89M.png?v=1522167032986",
    "isCustomThumbnail": 0,
    "builtinTags": [
        "category-work",
        "legend",
        "radar",
        "series-radar",
        "title",
        "tooltip"
    ],
    "customTags": [],
    "updaterUserName": "邓***e"
}