{
    "cid": "xH1QumkI9f",
    "authorUid": "bd-1261501031",
    "authorUserName": "邓***e",
    "title": "V0.3.0   行政审批__事项申请对比分析",
    "description": "V0.3.0   行政审批__事项申请对比分析",
    "latestVersion": 6,
    "alwaysLatest": 1,
    "createTime": "2018-03-26T03:05:15.000Z",
    "lastUpdateTime": "2018-03-26T03:05:15.000Z",
    "auth": 2,
    "uid": "bd-1261501031",
    "publishedVersion": 0,
    "forkFrom": "-",
    "isSpam": 0,
    "version": 6,
    "parentVersion": 5,
    "echartsVersion": "4.0.4",
    "versionCreateTime": "2018-03-27T06:57:52.000Z",
    "html": "",
    "externalScripts": "",
    "updaterUID": "bd-1261501031",
    "theme": "",
    "layout": "",
    "viewCount": 199,
    "userName": "邓***e",
    "commentCount": 0,
    "starCount": 0,
    "isStared": 0,
    "thumbnailURL": "https://www.makeapie.com/ecg-storage/ec_gallery_thumbnail/xH1QumkI9f.png?v=1522133872736",
    "isCustomThumbnail": 0,
    "builtinTags": [
        "category-work",
        "legend",
        "series-pie",
        "tooltip"
    ],
    "customTags": [],
    "updaterUserName": "邓***e"
}