{
    "cid": "xrkBsUQ8qz",
    "authorUid": "bd-3055827877",
    "authorUserName": "怒***8",
    "title": "3d折线图，维度：时间、里程、速度",
    "description": "3d折线图，维度：时间、里程、速度",
    "latestVersion": 7,
    "alwaysLatest": 1,
    "createTime": "2018-03-26T07:51:57.000Z",
    "lastUpdateTime": "2018-03-26T07:51:57.000Z",
    "auth": 2,
    "uid": "bd-3055827877",
    "publishedVersion": 0,
    "forkFrom": "-",
    "isSpam": 0,
    "version": 7,
    "parentVersion": 6,
    "echartsVersion": "4.0.4",
    "versionCreateTime": "2018-04-10T10:23:20.000Z",
    "html": "",
    "externalScripts": "http://echarts.baidu.com/resource/echarts-gl-latest/dist/echarts-gl.min.js",
    "updaterUID": "bd-3055827877",
    "theme": "",
    "layout": "",
    "viewCount": 5301,
    "userName": "怒***8",
    "commentCount": 1,
    "starCount": 9,
    "isStared": 0,
    "thumbnailURL": "https://www.makeapie.com/ecg-storage/ec_gallery_thumbnail/xrkBsUQ8qz.png?v=1522050717447",
    "isCustomThumbnail": 1,
    "builtinTags": [
        "category-work",
        "grid3D",
        "series-line3D",
        "tooltip"
    ],
    "customTags": [],
    "updaterUserName": "怒***8"
}