{
    "cid": "xryH8sMU9G",
    "authorUid": "bd-4067285355",
    "authorUserName": "139******35",
    "title": "检查时停产企业分布对比",
    "description": "日常监管—食品生产—检查时停产企业分布对比V0.0.1",
    "latestVersion": 1,
    "alwaysLatest": 1,
    "createTime": "2018-03-26T07:03:41.000Z",
    "lastUpdateTime": "2018-03-26T07:03:41.000Z",
    "auth": 2,
    "uid": "bd-4067285355",
    "publishedVersion": 0,
    "forkFrom": "-",
    "isSpam": 0,
    "version": 1,
    "parentVersion": -1,
    "echartsVersion": "4.0.4",
    "versionCreateTime": "2018-03-26T07:03:41.000Z",
    "html": "",
    "externalScripts": "",
    "updaterUID": "bd-4067285355",
    "theme": "",
    "layout": "",
    "viewCount": 25,
    "userName": "139******35",
    "commentCount": 0,
    "starCount": 0,
    "isStared": 0,
    "thumbnailURL": "https://www.makeapie.com/ecg-storage/ec_gallery_thumbnail/xryH8sMU9G.png?v=1522047821265",
    "isCustomThumbnail": 0,
    "builtinTags": [
        "category-work",
        "legend",
        "series-pie",
        "title",
        "tooltip"
    ],
    "customTags": [],
    "updaterUserName": "139******35"
}