{
    "cid": "x-P11QVqoQ",
    "authorUid": "obd-o-pCK5f7e3ByS4opuVPI3wlkXF72GAl",
    "authorUserName": "y***8",
    "title": "仪表盘与饼图结合实现进度图",
    "description": "",
    "latestVersion": 1,
    "alwaysLatest": 1,
    "createTime": "2020-09-29T02:48:40.000Z",
    "lastUpdateTime": "2020-09-29T02:48:40.000Z",
    "auth": 2,
    "uid": "obd-o-pCK5f7e3ByS4opuVPI3wlkXF72GAl",
    "publishedVersion": 0,
    "forkFrom": "-",
    "isSpam": 0,
    "version": 1,
    "parentVersion": -1,
    "echartsVersion": "4.8.0",
    "versionCreateTime": "2020-09-29T02:48:40.000Z",
    "html": "",
    "externalScripts": "",
    "updaterUID": "obd-o-pCK5f7e3ByS4opuVPI3wlkXF72GAl",
    "theme": "",
    "layout": "",
    "viewCount": 6446,
    "userName": "y***8",
    "commentCount": 0,
    "starCount": 66,
    "isStared": 0,
    "thumbnailURL": "https://www.makeapie.com/ecg-storage/ec_gallery_thumbnail/x-P11QVqoQ.png?v=1601347720175",
    "isCustomThumbnail": 0,
    "builtinTags": [
        "category-work",
        "series-gauge",
        "series-pie",
        "title"
    ],
    "customTags": [],
    "updaterUserName": "y***8"
}