{
    "cid": "x14aQzmmc",
    "authorUid": "bd-3174260705",
    "authorUserName": "J***灬",
    "title": "柱形图",
    "description": "",
    "latestVersion": 2,
    "alwaysLatest": 1,
    "createTime": "2020-02-19T10:10:49.000Z",
    "lastUpdateTime": "2020-02-19T10:10:49.000Z",
    "auth": 2,
    "uid": "bd-3174260705",
    "publishedVersion": 0,
    "forkFrom": "-",
    "isSpam": 0,
    "version": 2,
    "parentVersion": 1,
    "echartsVersion": "4.4.0",
    "versionCreateTime": "2020-02-19T10:11:19.000Z",
    "html": "",
    "externalScripts": "",
    "updaterUID": "bd-3174260705",
    "theme": "",
    "layout": "",
    "viewCount": 20233,
    "userName": "J***灬",
    "commentCount": 0,
    "starCount": 63,
    "isStared": 0,
    "thumbnailURL": "https://www.makeapie.com/ecg-storage/ec_gallery_thumbnail/x14aQzmmc.png?v=1582107079538",
    "isCustomThumbnail": 0,
    "builtinTags": [
        "category-work",
        "grid",
        "legend",
        "series-bar",
        "tooltip"
    ],
    "customTags": [],
    "updaterUserName": "J***灬"
}