{
    "cid": "x2cB0ME9Az",
    "authorUid": "obd-oMhbuaepSC7H-Jfq9XFDtZbQ5UKRd2Q",
    "authorUserName": "北***雨",
    "title": "电池-进度柱状图",
    "description": "",
    "latestVersion": 3,
    "alwaysLatest": 1,
    "createTime": "2020-05-22T09:03:01.000Z",
    "lastUpdateTime": "2020-05-22T09:03:01.000Z",
    "auth": 2,
    "uid": "obd-oMhbuaepSC7H-Jfq9XFDtZbQ5UKRd2Q",
    "publishedVersion": 0,
    "forkFrom": "-",
    "isSpam": 0,
    "version": 3,
    "parentVersion": 2,
    "echartsVersion": "4.7.0",
    "versionCreateTime": "2020-05-22T10:16:53.000Z",
    "html": "",
    "externalScripts": "",
    "updaterUID": "obd-oMhbuaepSC7H-Jfq9XFDtZbQ5UKRd2Q",
    "theme": "",
    "layout": "",
    "viewCount": 6448,
    "userName": "北***雨",
    "commentCount": 2,
    "starCount": 72,
    "isStared": 0,
    "thumbnailURL": "https://www.makeapie.com/ecg-storage/ec_gallery_thumbnail/x2cB0ME9Az.png?v=1590142613220",
    "isCustomThumbnail": 0,
    "builtinTags": [
        "category-work",
        "grid",
        "series-bar",
        "series-pictorialBar"
    ],
    "customTags": [
        "bar"
    ],
    "updaterUserName": "北***雨"
}