{
    "cid": "xEyDk1hwBx",
    "authorUid": "bd-2633018513",
    "authorUserName": "阿***y",
    "title": "极简系列 - 折线图",
    "description": "OCTOBER 2015",
    "latestVersion": 5,
    "alwaysLatest": 1,
    "createTime": "2019-05-07T08:48:40.000Z",
    "lastUpdateTime": "2019-05-07T08:48:40.000Z",
    "auth": 2,
    "uid": "bd-2633018513",
    "publishedVersion": 0,
    "forkFrom": "-",
    "isSpam": 0,
    "version": 5,
    "parentVersion": 4,
    "echartsVersion": "4.2.1",
    "versionCreateTime": "2019-06-14T07:42:48.000Z",
    "html": "",
    "externalScripts": "",
    "updaterUID": "bd-2633018513",
    "theme": "",
    "layout": "",
    "viewCount": 34605,
    "userName": "阿***y",
    "commentCount": 2,
    "starCount": 115,
    "isStared": 0,
    "thumbnailURL": "https://www.makeapie.com/ecg-storage/ec_gallery_thumbnail/xEyDk1hwBx.png?v=1557218920306",
    "isCustomThumbnail": 1,
    "builtinTags": [
        "category-work",
        "grid",
        "series-line",
        "title"
    ],
    "customTags": [
        "折线图",
        "简洁"
    ],
    "updaterUserName": "阿***y"
}