{
    "cid": "xGHjFjBvIF",
    "authorUid": "obd-oj4mj_1ziPTIa6ESs-cdd3e_FaAv6DQ",
    "authorUserName": "檬***岁",
    "title": "性别统计饼图",
    "description": "饼图展示性别统计数据",
    "latestVersion": 2,
    "alwaysLatest": 1,
    "createTime": "2020-07-24T06:32:52.000Z",
    "lastUpdateTime": "2020-07-24T06:32:52.000Z",
    "auth": 2,
    "uid": "obd-oj4mj_1ziPTIa6ESs-cdd3e_FaAv6DQ",
    "publishedVersion": 0,
    "forkFrom": "-",
    "isSpam": 0,
    "version": 2,
    "parentVersion": 1,
    "echartsVersion": "4.8.0",
    "versionCreateTime": "2020-07-24T06:40:31.000Z",
    "html": "",
    "externalScripts": "",
    "updaterUID": "obd-oj4mj_1ziPTIa6ESs-cdd3e_FaAv6DQ",
    "theme": "",
    "layout": "",
    "viewCount": 9018,
    "userName": "檬***岁",
    "commentCount": 0,
    "starCount": 70,
    "isStared": 0,
    "thumbnailURL": "https://www.makeapie.com/ecg-storage/ec_gallery_thumbnail/xGHjFjBvIF.png?v=1595572831639",
    "isCustomThumbnail": 0,
    "builtinTags": [
        "category-work",
        "graphic",
        "series-pie",
        "toolbox",
        "tooltip"
    ],
    "customTags": [],
    "updaterUserName": "檬***岁"
}