{
    "cid": "xlrO8rm-4",
    "authorUid": "bd-1841183165",
    "authorUserName": "o***趣",
    "title": "SVG path 路径",
    "description": "实现方法",
    "latestVersion": 13,
    "alwaysLatest": 1,
    "createTime": "2020-01-03T09:07:05.000Z",
    "lastUpdateTime": "2020-01-03T09:07:05.000Z",
    "auth": 2,
    "uid": "bd-1841183165",
    "publishedVersion": 0,
    "forkFrom": "-",
    "isSpam": 0,
    "version": 13,
    "parentVersion": 12,
    "echartsVersion": "4.8.0",
    "versionCreateTime": "2020-08-12T07:31:20.000Z",
    "html": "",
    "externalScripts": "https://echarts.baidu.com/resource/echarts-liquidfill-1.0.4/dist/echarts-liquidfill.js",
    "updaterUID": "bd-1841183165",
    "theme": "",
    "layout": "",
    "viewCount": 26768,
    "userName": "o***趣",
    "commentCount": 7,
    "starCount": 69,
    "isStared": 0,
    "thumbnailURL": "https://www.makeapie.com/ecg-storage/ec_gallery_thumbnail/xlrO8rm-4.png?v=1597217481044",
    "isCustomThumbnail": 0,
    "builtinTags": [
        "category-work",
        "series-liquidFill",
        "title"
    ],
    "customTags": [],
    "updaterUserName": "o***趣"
}