{
    "cid": "xn_F_GyqL9",
    "authorUid": "bd-3139205537",
    "authorUserName": "q***w",
    "title": "立体柱状图",
    "description": "通过bar 组合及颜色配置实现立体效果",
    "latestVersion": 1,
    "alwaysLatest": 1,
    "createTime": "2020-05-04T09:58:51.000Z",
    "lastUpdateTime": "2020-05-04T09:58:51.000Z",
    "auth": 2,
    "uid": "bd-3139205537",
    "publishedVersion": 0,
    "forkFrom": "-",
    "isSpam": 0,
    "version": 1,
    "parentVersion": -1,
    "echartsVersion": "4.7.0",
    "versionCreateTime": "2020-05-04T09:58:51.000Z",
    "html": "",
    "externalScripts": "",
    "updaterUID": "bd-3139205537",
    "theme": "",
    "layout": "",
    "viewCount": 22979,
    "userName": "q***w",
    "commentCount": 1,
    "starCount": 74,
    "isStared": 0,
    "thumbnailURL": "https://www.makeapie.com/ecg-storage/ec_gallery_thumbnail/xn_F_GyqL9.png?v=1588586331602",
    "isCustomThumbnail": 0,
    "builtinTags": [
        "category-work",
        "grid",
        "series-bar",
        "series-pictorialBar",
        "tooltip"
    ],
    "customTags": [],
    "updaterUserName": "q***w"
}