{
    "cid": "xOei8MK_k",
    "authorUid": "bd-998331607",
    "authorUserName": "衢***傲",
    "title": "玫瑰图",
    "description": "",
    "latestVersion": 2,
    "alwaysLatest": 1,
    "createTime": "2019-11-12T11:56:53.000Z",
    "lastUpdateTime": "2019-11-12T11:56:53.000Z",
    "auth": 2,
    "uid": "bd-998331607",
    "publishedVersion": 0,
    "forkFrom": "-",
    "isSpam": 0,
    "version": 2,
    "parentVersion": 1,
    "echartsVersion": "4.4.0",
    "versionCreateTime": "2019-11-14T06:39:01.000Z",
    "html": "",
    "externalScripts": "",
    "updaterUID": "bd-998331607",
    "theme": "",
    "layout": "",
    "viewCount": 9207,
    "userName": "衢***傲",
    "commentCount": 1,
    "starCount": 101,
    "isStared": 0,
    "thumbnailURL": "https://www.makeapie.com/ecg-storage/ec_gallery_thumbnail/xOei8MK_k.png?v=1573713541895",
    "isCustomThumbnail": 0,
    "builtinTags": [
        "category-work",
        "legend",
        "polar",
        "series-pie",
        "tooltip"
    ],
    "customTags": [],
    "updaterUserName": "衢***傲"
}