{
    "cid": "xtq4ON0N_p",
    "authorUid": "bd-960630",
    "authorUserName": "s***3",
    "title": "进度条",
    "description": "",
    "latestVersion": 1,
    "alwaysLatest": 1,
    "createTime": "2019-07-11T03:01:50.000Z",
    "lastUpdateTime": "2019-07-11T03:01:50.000Z",
    "auth": 2,
    "uid": "bd-960630",
    "publishedVersion": 0,
    "forkFrom": "-",
    "isSpam": 0,
    "version": 1,
    "parentVersion": -1,
    "echartsVersion": "4.2.1",
    "versionCreateTime": "2019-07-11T03:01:50.000Z",
    "html": "",
    "externalScripts": "",
    "updaterUID": "bd-960630",
    "theme": "",
    "layout": "",
    "viewCount": 23747,
    "userName": "s***3",
    "commentCount": 0,
    "starCount": 109,
    "isStared": 0,
    "thumbnailURL": "https://www.makeapie.com/ecg-storage/ec_gallery_thumbnail/xtq4ON0N_p.png?v=1562814111013",
    "isCustomThumbnail": 0,
    "builtinTags": [
        "category-work",
        "grid",
        "series-bar"
    ],
    "customTags": [],
    "updaterUserName": "s***3"
}