{
    "cid": "xVLyIqg5y",
    "authorUid": "bd-3342206826",
    "authorUserName": "小***琪",
    "title": "超期率",
    "description": "",
    "latestVersion": 1,
    "alwaysLatest": 1,
    "createTime": "2020-02-26T10:42:51.000Z",
    "lastUpdateTime": "2020-02-26T10:42:51.000Z",
    "auth": 2,
    "uid": "bd-3342206826",
    "publishedVersion": 0,
    "forkFrom": "-",
    "isSpam": 0,
    "version": 1,
    "parentVersion": -1,
    "echartsVersion": "4.4.0",
    "versionCreateTime": "2020-02-26T10:42:51.000Z",
    "html": "",
    "externalScripts": "",
    "updaterUID": "bd-3342206826",
    "theme": "",
    "layout": "",
    "viewCount": 10101,
    "userName": "小***琪",
    "commentCount": 4,
    "starCount": 69,
    "isStared": 0,
    "thumbnailURL": "https://www.makeapie.com/ecg-storage/ec_gallery_thumbnail/xVLyIqg5y.png?v=1582713771886",
    "isCustomThumbnail": 0,
    "builtinTags": [
        "category-work",
        "series-gauge",
        "series-pie",
        "title"
    ],
    "customTags": [],
    "updaterUserName": "小***琪"
}