{
    "cid": "xz3RJ015k",
    "authorUid": "bd-1006967428",
    "authorUserName": "w***7",
    "title": "双Y轴横向柱状图带排名",
    "description": "",
    "latestVersion": 1,
    "alwaysLatest": 1,
    "createTime": "2019-10-17T07:27:49.000Z",
    "lastUpdateTime": "2019-10-17T07:27:49.000Z",
    "auth": 2,
    "uid": "bd-1006967428",
    "publishedVersion": 0,
    "forkFrom": "-",
    "isSpam": 0,
    "version": 1,
    "parentVersion": -1,
    "echartsVersion": "4.4.0",
    "versionCreateTime": "2019-10-17T07:27:49.000Z",
    "html": "",
    "externalScripts": "",
    "updaterUID": "bd-1006967428",
    "theme": "",
    "layout": "",
    "viewCount": 12603,
    "userName": "w***7",
    "commentCount": 0,
    "starCount": 100,
    "isStared": 0,
    "thumbnailURL": "https://www.makeapie.com/ecg-storage/ec_gallery_thumbnail/xz3RJ015k.png?v=1571297270022",
    "isCustomThumbnail": 0,
    "builtinTags": [
        "category-work",
        "grid",
        "series-bar"
    ],
    "customTags": [],
    "updaterUserName": "w***7"
}