{
    "cid": "x-uwlJs9J1",
    "authorUid": "obd-oNbDoFdgr2NW68GSmlyP9PFDY8_f_Ca",
    "authorUserName": "修***灶",
    "title": "graph-circular-layout",
    "description": "1111",
    "latestVersion": 6,
    "alwaysLatest": 1,
    "createTime": "2020-04-23T11:23:40.000Z",
    "lastUpdateTime": "2020-04-23T11:23:40.000Z",
    "auth": 2,
    "uid": "obd-oNbDoFdgr2NW68GSmlyP9PFDY8_f_Ca",
    "publishedVersion": 0,
    "forkFrom": "-",
    "isSpam": 0,
    "version": 6,
    "parentVersion": 4,
    "echartsVersion": "4.7.0",
    "versionCreateTime": "2020-04-23T12:32:50.000Z",
    "html": "",
    "externalScripts": "/dep/echarts/latest/extension/dataTool.min.js",
    "updaterUID": "obd-oNbDoFdgr2NW68GSmlyP9PFDY8_f_Ca",
    "theme": "",
    "layout": "",
    "viewCount": 588,
    "userName": "修***灶",
    "commentCount": 0,
    "starCount": 2,
    "isStared": 0,
    "thumbnailURL": "https://www.makeapie.com/ecg-storage/ec_gallery_thumbnail/x-uwlJs9J1.png?v=1587645170872",
    "isCustomThumbnail": 0,
    "builtinTags": [
        "category-work",
        "legend",
        "series-graph",
        "title",
        "toolbox",
        "tooltip"
    ],
    "customTags": [],
    "updaterUserName": "修***灶"
}