{
    "cid": "x1En05qqY0",
    "authorUid": "bd-3030365616",
    "authorUserName": "182*****191",
    "title": "基础雷达图",
    "description": "tooltip左右对齐",
    "latestVersion": 1,
    "alwaysLatest": 1,
    "createTime": "2020-04-24T07:52:35.000Z",
    "lastUpdateTime": "2020-04-24T07:52:35.000Z",
    "auth": 2,
    "uid": "bd-3030365616",
    "publishedVersion": 0,
    "forkFrom": "-",
    "isSpam": 0,
    "version": 1,
    "parentVersion": -1,
    "echartsVersion": "4.7.0",
    "versionCreateTime": "2020-04-24T07:52:35.000Z",
    "html": "",
    "externalScripts": "",
    "updaterUID": "bd-3030365616",
    "theme": "",
    "layout": "",
    "viewCount": 914,
    "userName": "182*****191",
    "commentCount": 0,
    "starCount": 1,
    "isStared": 0,
    "thumbnailURL": "https://www.makeapie.com/ecg-storage/ec_gallery_thumbnail/x1En05qqY0.png?v=1587714755174",
    "isCustomThumbnail": 0,
    "builtinTags": [
        "category-work",
        "legend",
        "radar",
        "series-radar",
        "title",
        "tooltip"
    ],
    "customTags": [],
    "updaterUserName": "182*****191"
}