{
    "cid": "x5Ki4oDK-L",
    "authorUid": "bd-2340065800",
    "authorUserName": "眉***藏",
    "title": "血糖达标率统计",
    "description": "",
    "latestVersion": 1,
    "alwaysLatest": 1,
    "createTime": "2020-04-24T06:38:20.000Z",
    "lastUpdateTime": "2020-04-24T06:38:20.000Z",
    "auth": 2,
    "uid": "bd-2340065800",
    "publishedVersion": 0,
    "forkFrom": "-",
    "isSpam": 0,
    "version": 1,
    "parentVersion": -1,
    "echartsVersion": "4.7.0",
    "versionCreateTime": "2020-04-24T06:38:20.000Z",
    "html": "",
    "externalScripts": "",
    "updaterUID": "bd-2340065800",
    "theme": "",
    "layout": "",
    "viewCount": 345,
    "userName": "眉***藏",
    "commentCount": 0,
    "starCount": 2,
    "isStared": 0,
    "thumbnailURL": "https://www.makeapie.com/ecg-storage/ec_gallery_thumbnail/x5Ki4oDK-L.png?v=1587710300714",
    "isCustomThumbnail": 0,
    "builtinTags": [
        "category-work",
        "grid",
        "legend",
        "series-bar",
        "series-line",
        "title",
        "tooltip"
    ],
    "customTags": [],
    "updaterUserName": "眉***藏"
}