{
    "cid": "xBcgLo3YZZ",
    "authorUid": "bd-4097838840",
    "authorUserName": "牛***Z",
    "title": "绿色",
    "description": "",
    "latestVersion": 1,
    "alwaysLatest": 1,
    "createTime": "2020-04-24T10:28:43.000Z",
    "lastUpdateTime": "2020-04-24T10:28:43.000Z",
    "auth": 2,
    "uid": "bd-4097838840",
    "publishedVersion": 0,
    "forkFrom": "-",
    "isSpam": 0,
    "version": 1,
    "parentVersion": -1,
    "echartsVersion": "4.7.0",
    "versionCreateTime": "2020-04-24T10:28:43.000Z",
    "html": "",
    "externalScripts": "",
    "updaterUID": "bd-4097838840",
    "theme": "",
    "layout": "",
    "viewCount": 306,
    "userName": "牛***Z",
    "commentCount": 0,
    "starCount": 0,
    "isStared": 0,
    "thumbnailURL": "https://www.makeapie.com/ecg-storage/ec_gallery_thumbnail/xBcgLo3YZZ.png?v=1587724123723",
    "isCustomThumbnail": 0,
    "builtinTags": [
        "category-work",
        "series-map",
        "title",
        "visualMap"
    ],
    "customTags": [],
    "updaterUserName": "牛***Z"
}