{
    "cid": "xCHud1zaZP",
    "authorUid": "obd-oNrOJNVl6QvYRPbhVWsyWMKqxA4znCO",
    "authorUserName": "我***e",
    "title": "",
    "description": "",
    "latestVersion": 5,
    "alwaysLatest": 1,
    "createTime": "2020-04-26T04:52:08.000Z",
    "lastUpdateTime": "2020-04-26T04:52:08.000Z",
    "auth": 2,
    "uid": "obd-oNrOJNVl6QvYRPbhVWsyWMKqxA4znCO",
    "publishedVersion": 0,
    "forkFrom": "-",
    "isSpam": 0,
    "version": 5,
    "parentVersion": 4,
    "echartsVersion": "4.7.0",
    "versionCreateTime": "2020-04-26T09:58:10.000Z",
    "html": "",
    "externalScripts": "",
    "updaterUID": "obd-oNrOJNVl6QvYRPbhVWsyWMKqxA4znCO",
    "theme": "",
    "layout": "",
    "viewCount": 285,
    "userName": "我***e",
    "commentCount": 0,
    "starCount": 0,
    "isStared": 0,
    "thumbnailURL": "https://www.makeapie.com/ecg-storage/ec_gallery_thumbnail/xCHud1zaZP.png?v=1587895090961",
    "isCustomThumbnail": 0,
    "builtinTags": [
        "category-work",
        "markPoint",
        "series-gauge",
        "toolbox",
        "tooltip"
    ],
    "customTags": [],
    "updaterUserName": "我***e"
}