{
    "cid": "xdXtTFzAtt",
    "authorUid": "bd-2891249456",
    "authorUserName": "曦***儿",
    "title": "",
    "description": "",
    "latestVersion": 1,
    "alwaysLatest": 1,
    "createTime": "2020-04-24T07:18:41.000Z",
    "lastUpdateTime": "2020-04-24T07:18:41.000Z",
    "auth": 2,
    "uid": "bd-2891249456",
    "publishedVersion": 0,
    "forkFrom": "-",
    "isSpam": 0,
    "version": 1,
    "parentVersion": -1,
    "echartsVersion": "4.7.0",
    "versionCreateTime": "2020-04-24T07:18:41.000Z",
    "html": "",
    "externalScripts": "",
    "updaterUID": "bd-2891249456",
    "theme": "",
    "layout": "",
    "viewCount": 33,
    "userName": "曦***儿",
    "commentCount": 0,
    "starCount": 0,
    "isStared": 0,
    "thumbnailURL": "https://www.makeapie.com/ecg-storage/ec_gallery_thumbnail/xdXtTFzAtt.png?v=1587712721981",
    "isCustomThumbnail": 0,
    "builtinTags": [
        "category-work",
        "series-pie",
        "tooltip"
    ],
    "customTags": [],
    "updaterUserName": "曦***儿"
}