{
    "cid": "xGld27fSNA",
    "authorUid": "bd-977196853",
    "authorUserName": "残***漫",
    "title": "linear 实现伪弧形渐变",
    "description": "这用的是作者：KrisLee92 的 Demo  感谢",
    "latestVersion": 1,
    "alwaysLatest": 1,
    "createTime": "2020-04-23T12:33:14.000Z",
    "lastUpdateTime": "2020-04-23T12:33:14.000Z",
    "auth": 2,
    "uid": "bd-977196853",
    "publishedVersion": 0,
    "forkFrom": "-",
    "isSpam": 0,
    "version": 1,
    "parentVersion": -1,
    "echartsVersion": "4.7.0",
    "versionCreateTime": "2020-04-23T12:33:14.000Z",
    "html": "",
    "externalScripts": "",
    "updaterUID": "bd-977196853",
    "theme": "",
    "layout": "",
    "viewCount": 211,
    "userName": "残***漫",
    "commentCount": 0,
    "starCount": 1,
    "isStared": 0,
    "thumbnailURL": "https://www.makeapie.com/ecg-storage/ec_gallery_thumbnail/xGld27fSNA.png?v=1587645194386",
    "isCustomThumbnail": 0,
    "builtinTags": [
        "category-work",
        "series-pie",
        "title"
    ],
    "customTags": [],
    "updaterUserName": "残***漫"
}