{
    "cid": "xk-mpoXfUS",
    "authorUid": "bd-2891249456",
    "authorUserName": "曦***儿",
    "title": "",
    "description": "",
    "latestVersion": 1,
    "alwaysLatest": 1,
    "createTime": "2020-04-24T03:00:17.000Z",
    "lastUpdateTime": "2020-04-24T03:00:17.000Z",
    "auth": 1,
    "uid": "bd-2891249456",
    "publishedVersion": 0,
    "forkFrom": "-",
    "isSpam": 0,
    "version": 1,
    "parentVersion": -1,
    "echartsVersion": "4.7.0",
    "versionCreateTime": "2020-04-24T03:00:17.000Z",
    "html": "",
    "externalScripts": "",
    "updaterUID": "bd-2891249456",
    "theme": "",
    "layout": "",
    "viewCount": 34,
    "userName": "曦***儿",
    "commentCount": 0,
    "starCount": 0,
    "isStared": 0,
    "thumbnailURL": "https://www.makeapie.com/ecg-storage/ec_gallery_thumbnail/xk-mpoXfUS.png?v=1587697217874",
    "isCustomThumbnail": 0,
    "builtinTags": [
        "category-work",
        "grid",
        "series-bar",
        "tooltip"
    ],
    "customTags": [],
    "updaterUserName": "曦***儿"
}