{
    "cid": "xMrmLEweXl",
    "authorUid": "bd-4199582992",
    "authorUserName": "秀***起",
    "title": "地图散点涟漪",
    "description": "",
    "latestVersion": 1,
    "alwaysLatest": 1,
    "createTime": "2020-04-26T05:35:58.000Z",
    "lastUpdateTime": "2020-04-26T05:35:58.000Z",
    "auth": 2,
    "uid": "bd-4199582992",
    "publishedVersion": 0,
    "forkFrom": "-",
    "isSpam": 0,
    "version": 1,
    "parentVersion": -1,
    "echartsVersion": "4.7.0",
    "versionCreateTime": "2020-04-26T05:35:59.000Z",
    "html": "",
    "externalScripts": "",
    "updaterUID": "bd-4199582992",
    "theme": "",
    "layout": "",
    "viewCount": 76,
    "userName": "秀***起",
    "commentCount": 0,
    "starCount": 1,
    "isStared": 0,
    "thumbnailURL": "https://www.makeapie.com/ecg-storage/ec_gallery_thumbnail/xMrmLEweXl.png?v=1587879359197",
    "isCustomThumbnail": 0,
    "builtinTags": [
        "category-work",
        "geo",
        "series-effectScatter",
        "tooltip"
    ],
    "customTags": [],
    "updaterUserName": "秀***起"
}