{
    "cid": "xNtfFAcRE8",
    "authorUid": "obd-oj4MK60C5RrD2WtybFl7tZUKIoHtuDy",
    "authorUserName": "w***泡",
    "title": "柱状图",
    "description": "4.7版本有bug，backgroundStyle的barBorderRadius不生效。官方已做修改，但未发布可用的正式版。",
    "latestVersion": 6,
    "alwaysLatest": 1,
    "createTime": "2020-04-26T05:50:45.000Z",
    "lastUpdateTime": "2020-04-26T05:50:45.000Z",
    "auth": 2,
    "uid": "obd-oj4MK60C5RrD2WtybFl7tZUKIoHtuDy",
    "publishedVersion": 0,
    "forkFrom": "-",
    "isSpam": 0,
    "version": 6,
    "parentVersion": 4,
    "echartsVersion": "4.7.0",
    "versionCreateTime": "2020-04-27T03:13:52.000Z",
    "html": "",
    "externalScripts": "",
    "updaterUID": "obd-oj4MK60C5RrD2WtybFl7tZUKIoHtuDy",
    "theme": "",
    "layout": "",
    "viewCount": 298,
    "userName": "w***泡",
    "commentCount": 0,
    "starCount": 4,
    "isStared": 0,
    "thumbnailURL": "https://www.makeapie.com/ecg-storage/ec_gallery_thumbnail/xNtfFAcRE8.png?v=1587957232864",
    "isCustomThumbnail": 0,
    "builtinTags": [
        "category-work",
        "grid",
        "series-bar",
        "tooltip"
    ],
    "customTags": [],
    "updaterUserName": "w***泡"
}