{
    "cid": "xwfeK9jkVu",
    "authorUid": "bd-1380664696",
    "authorUserName": "丫***咚",
    "title": "横线柱图",
    "description": "目标值与实际值用柱状图表示",
    "latestVersion": 1,
    "alwaysLatest": 1,
    "createTime": "2020-04-26T01:19:41.000Z",
    "lastUpdateTime": "2020-04-26T01:19:41.000Z",
    "auth": 1,
    "uid": "bd-1380664696",
    "publishedVersion": 0,
    "forkFrom": "-",
    "isSpam": 0,
    "version": 1,
    "parentVersion": -1,
    "echartsVersion": "4.7.0",
    "versionCreateTime": "2020-04-26T01:19:41.000Z",
    "html": "",
    "externalScripts": "",
    "updaterUID": "bd-1380664696",
    "theme": "",
    "layout": "",
    "viewCount": 105,
    "userName": "丫***咚",
    "commentCount": 0,
    "starCount": 0,
    "isStared": 0,
    "thumbnailURL": "https://www.makeapie.com/ecg-storage/ec_gallery_thumbnail/xwfeK9jkVu.png?v=1587863981769",
    "isCustomThumbnail": 0,
    "builtinTags": [
        "category-work",
        "grid",
        "legend",
        "series-bar"
    ],
    "customTags": [],
    "updaterUserName": "丫***咚"
}