{
    "cid": "x2e3YjIhvW",
    "authorUid": "obd-oA059jI7iL4PksG6hwqkWgwCurzW674",
    "authorUserName": "贺***咻",
    "title": "情报加工任务",
    "description": "",
    "latestVersion": 3,
    "alwaysLatest": 1,
    "createTime": "2020-06-23T07:27:31.000Z",
    "lastUpdateTime": "2020-06-23T07:27:31.000Z",
    "auth": 2,
    "uid": "obd-oA059jI7iL4PksG6hwqkWgwCurzW674",
    "publishedVersion": 0,
    "forkFrom": "-",
    "isSpam": 0,
    "version": 3,
    "parentVersion": 2,
    "echartsVersion": "4.8.0",
    "versionCreateTime": "2020-06-29T09:07:38.000Z",
    "html": "",
    "externalScripts": "",
    "updaterUID": "obd-oA059jI7iL4PksG6hwqkWgwCurzW674",
    "theme": "",
    "layout": "",
    "viewCount": 611,
    "userName": "贺***咻",
    "commentCount": 0,
    "starCount": 5,
    "isStared": 0,
    "thumbnailURL": "https://www.makeapie.com/ecg-storage/ec_gallery_thumbnail/x2e3YjIhvW.png?v=1593421659082",
    "isCustomThumbnail": 0,
    "builtinTags": [
        "category-work",
        "series-gauge",
        "series-pie",
        "title"
    ],
    "customTags": [],
    "updaterUserName": "贺***咻"
}