{
    "cid": "x3Ashq_PbL",
    "authorUid": "obd-oMGVtRKzY3yTc9vjgIk6WODcIXEXR2F",
    "authorUserName": "张***4",
    "title": "类目柱状图图例优化",
    "description": "",
    "latestVersion": 1,
    "alwaysLatest": 1,
    "createTime": "2020-06-22T03:32:51.000Z",
    "lastUpdateTime": "2020-06-22T03:32:51.000Z",
    "auth": 2,
    "uid": "obd-oMGVtRKzY3yTc9vjgIk6WODcIXEXR2F",
    "publishedVersion": 0,
    "forkFrom": "-",
    "isSpam": 0,
    "version": 1,
    "parentVersion": -1,
    "echartsVersion": "4.8.0",
    "versionCreateTime": "2020-06-22T03:32:51.000Z",
    "html": "",
    "externalScripts": "",
    "updaterUID": "obd-oMGVtRKzY3yTc9vjgIk6WODcIXEXR2F",
    "theme": "",
    "layout": "",
    "viewCount": 1692,
    "userName": "张***4",
    "commentCount": 0,
    "starCount": 5,
    "isStared": 0,
    "thumbnailURL": "https://www.makeapie.com/ecg-storage/ec_gallery_thumbnail/x3Ashq_PbL.png?v=1592796772103",
    "isCustomThumbnail": 0,
    "builtinTags": [
        "category-work",
        "grid",
        "legend",
        "series-bar",
        "series-pie"
    ],
    "customTags": [],
    "updaterUserName": "张***4"
}