{
    "cid": "x_EocBD0B5",
    "authorUid": "bd-2680668432",
    "authorUserName": "C***酱",
    "title": "带有顶部装饰的pie",
    "description": "",
    "latestVersion": 2,
    "alwaysLatest": 1,
    "createTime": "2020-06-22T12:46:28.000Z",
    "lastUpdateTime": "2020-06-22T12:46:28.000Z",
    "auth": 2,
    "uid": "bd-2680668432",
    "publishedVersion": 0,
    "forkFrom": "-",
    "isSpam": 0,
    "version": 2,
    "parentVersion": 1,
    "echartsVersion": "4.8.0",
    "versionCreateTime": "2020-06-30T08:00:11.000Z",
    "html": "",
    "externalScripts": "",
    "updaterUID": "bd-2680668432",
    "theme": "",
    "layout": "",
    "viewCount": 98,
    "userName": "C***酱",
    "commentCount": 0,
    "starCount": 0,
    "isStared": 0,
    "thumbnailURL": "https://www.makeapie.com/ecg-storage/ec_gallery_thumbnail/x_EocBD0B5.png?v=1593504011227",
    "isCustomThumbnail": 0,
    "builtinTags": [
        "category-work",
        "polar",
        "series-custom"
    ],
    "customTags": [],
    "updaterUserName": "C***酱"
}