{
    "cid": "xCaUeGNaYa",
    "authorUid": "bd-3645736602",
    "authorUserName": "遗***D",
    "title": "分段式柱状图",
    "description": "",
    "latestVersion": 4,
    "alwaysLatest": 1,
    "createTime": "2020-06-22T06:17:35.000Z",
    "lastUpdateTime": "2020-06-22T06:17:35.000Z",
    "auth": 2,
    "uid": "bd-3645736602",
    "publishedVersion": 0,
    "forkFrom": "-",
    "isSpam": 0,
    "version": 4,
    "parentVersion": 3,
    "echartsVersion": "4.9.0",
    "versionCreateTime": "2021-04-26T07:43:40.000Z",
    "html": "",
    "externalScripts": "",
    "updaterUID": "bd-3645736602",
    "theme": "",
    "layout": "",
    "viewCount": 257,
    "userName": "遗***D",
    "commentCount": 0,
    "starCount": 2,
    "isStared": 0,
    "thumbnailURL": "https://www.makeapie.com/ecg-storage/ec_gallery_thumbnail/xCaUeGNaYa.png?v=1619423020535",
    "isCustomThumbnail": 0,
    "builtinTags": [
        "category-work",
        "grid",
        "legend",
        "series-bar",
        "tooltip"
    ],
    "customTags": [],
    "updaterUserName": "遗***D"
}