{
    "cid": "xeyxqD5RPy",
    "authorUid": "bd-101698999",
    "authorUserName": "Z***8",
    "title": "用柱/线图图「仿制」一个图例",
    "description": "版本 1 是柱图仿制\n版本 2-5 是用线图 symbol 仿制（隐藏连接线 lineStyle.opacity = 0）",
    "latestVersion": 5,
    "alwaysLatest": 1,
    "createTime": "2020-06-23T09:14:32.000Z",
    "lastUpdateTime": "2020-07-01T07:52:15.000Z",
    "auth": 2,
    "uid": "bd-101698999",
    "publishedVersion": 0,
    "forkFrom": "-",
    "isSpam": 0,
    "version": 5,
    "parentVersion": 4,
    "echartsVersion": "4.8.0",
    "versionCreateTime": "2020-07-01T07:50:11.000Z",
    "html": "",
    "externalScripts": "",
    "updaterUID": "bd-101698999",
    "theme": "default",
    "layout": "",
    "viewCount": 114,
    "userName": "Z***8",
    "commentCount": 0,
    "starCount": 0,
    "isStared": 0,
    "thumbnailURL": "https://www.makeapie.com/ecg-storage/ec_gallery_thumbnail/xeyxqD5RPy.png?v=1593589811218",
    "isCustomThumbnail": 0,
    "builtinTags": [
        "category-work",
        "grid",
        "legend",
        "series-bar",
        "title"
    ],
    "customTags": [],
    "updaterUserName": "Z***8"
}