{
    "cid": "xifNZqpctE",
    "authorUid": "obd-oFgxeOImDyGaYaUVj8Ze-CeWci-ka5J",
    "authorUserName": "二***桐",
    "title": "水平柱形图-渐变色",
    "description": "数据来自网络",
    "latestVersion": 1,
    "alwaysLatest": 1,
    "createTime": "2020-06-22T10:05:01.000Z",
    "lastUpdateTime": "2020-06-22T10:05:01.000Z",
    "auth": 2,
    "uid": "obd-oFgxeOImDyGaYaUVj8Ze-CeWci-ka5J",
    "publishedVersion": 0,
    "forkFrom": "-",
    "isSpam": 0,
    "version": 1,
    "parentVersion": -1,
    "echartsVersion": "4.8.0",
    "versionCreateTime": "2020-06-22T10:05:01.000Z",
    "html": "",
    "externalScripts": "",
    "updaterUID": "obd-oFgxeOImDyGaYaUVj8Ze-CeWci-ka5J",
    "theme": "",
    "layout": "",
    "viewCount": 87,
    "userName": "二***桐",
    "commentCount": 0,
    "starCount": 1,
    "isStared": 0,
    "thumbnailURL": "https://www.makeapie.com/ecg-storage/ec_gallery_thumbnail/xifNZqpctE.png?v=1592820301863",
    "isCustomThumbnail": 0,
    "builtinTags": [
        "category-work",
        "grid",
        "legend",
        "series-bar",
        "title",
        "tooltip"
    ],
    "customTags": [],
    "updaterUserName": "二***桐"
}