{
    "cid": "xJL1baT_yU",
    "authorUid": "bd-2958410647",
    "authorUserName": "任***恼",
    "title": "柱形图插入图片",
    "description": "柱形图插入图片",
    "latestVersion": 1,
    "alwaysLatest": 1,
    "createTime": "2020-06-22T02:35:43.000Z",
    "lastUpdateTime": "2020-06-22T02:35:43.000Z",
    "auth": 1,
    "uid": "bd-2958410647",
    "publishedVersion": 0,
    "forkFrom": "-",
    "isSpam": 0,
    "version": 1,
    "parentVersion": -1,
    "echartsVersion": "4.8.0",
    "versionCreateTime": "2020-06-22T02:35:43.000Z",
    "html": "",
    "externalScripts": "",
    "updaterUID": "bd-2958410647",
    "theme": "",
    "layout": "",
    "viewCount": 126,
    "userName": "任***恼",
    "commentCount": 0,
    "starCount": 0,
    "isStared": 0,
    "thumbnailURL": "https://www.makeapie.com/ecg-storage/ec_gallery_thumbnail/xJL1baT_yU.png?v=1592793343238",
    "isCustomThumbnail": 0,
    "builtinTags": [
        "category-work",
        "grid",
        "legend",
        "markPoint",
        "series-bar",
        "title",
        "tooltip"
    ],
    "customTags": [],
    "updaterUserName": "任***恼"
}