{
    "cid": "xKpaQLM7Gz",
    "authorUid": "obd-oAtgKba6p0G2b0tCVdTccE2E_DMJg73",
    "authorUserName": "水***墨",
    "title": "调整地图位置",
    "description": "",
    "latestVersion": 3,
    "alwaysLatest": 1,
    "createTime": "2020-06-22T11:44:04.000Z",
    "lastUpdateTime": "2020-06-22T11:44:04.000Z",
    "auth": 2,
    "uid": "obd-oAtgKba6p0G2b0tCVdTccE2E_DMJg73",
    "publishedVersion": 0,
    "forkFrom": "-",
    "isSpam": 0,
    "version": 3,
    "parentVersion": 2,
    "echartsVersion": "4.8.0",
    "versionCreateTime": "2020-06-22T11:49:07.000Z",
    "html": "",
    "externalScripts": "/dep/echarts/latest/extension/bmap.min.js,https://shengchangwei.github.io/assets/js/world.js",
    "updaterUID": "obd-oAtgKba6p0G2b0tCVdTccE2E_DMJg73",
    "theme": "",
    "layout": "",
    "viewCount": 1880,
    "userName": "水***墨",
    "commentCount": 0,
    "starCount": 3,
    "isStared": 0,
    "thumbnailURL": "https://www.makeapie.com/ecg-storage/ec_gallery_thumbnail/xKpaQLM7Gz.png?v=1592826547677",
    "isCustomThumbnail": 0,
    "builtinTags": [
        "category-work",
        "geo",
        "series-effectScatter",
        "series-scatter",
        "title",
        "tooltip"
    ],
    "customTags": [],
    "updaterUserName": "水***墨"
}