{
    "cid": "xO-sOFe5yn",
    "authorUid": "bd-1832650076",
    "authorUserName": "凌***殇",
    "title": "杭州地图默认选中其中一个",
    "description": "",
    "latestVersion": 1,
    "alwaysLatest": 1,
    "createTime": "2020-06-23T00:49:55.000Z",
    "lastUpdateTime": "2020-06-23T00:49:55.000Z",
    "auth": 2,
    "uid": "bd-1832650076",
    "publishedVersion": 0,
    "forkFrom": "-",
    "isSpam": 0,
    "version": 1,
    "parentVersion": -1,
    "echartsVersion": "4.8.0",
    "versionCreateTime": "2020-06-23T00:49:55.000Z",
    "html": "",
    "externalScripts": "",
    "updaterUID": "bd-1832650076",
    "theme": "",
    "layout": "",
    "viewCount": 125,
    "userName": "凌***殇",
    "commentCount": 3,
    "starCount": 1,
    "isStared": 0,
    "thumbnailURL": "https://www.makeapie.com/ecg-storage/ec_gallery_thumbnail/xO-sOFe5yn.png?v=1592873395345",
    "isCustomThumbnail": 0,
    "builtinTags": [
        "category-work",
        "geo",
        "series-scatter"
    ],
    "customTags": [],
    "updaterUserName": "凌***殇"
}