{
    "cid": "xPpkF1DKQX",
    "authorUid": "bd-353054937",
    "authorUserName": "t***g",
    "title": "3D柱状图",
    "description": "基于X轴的伪3D柱状图",
    "latestVersion": 1,
    "alwaysLatest": 1,
    "createTime": "2020-06-23T07:54:45.000Z",
    "lastUpdateTime": "2020-06-23T07:54:45.000Z",
    "auth": 2,
    "uid": "bd-353054937",
    "publishedVersion": 0,
    "forkFrom": "-",
    "isSpam": 0,
    "version": 1,
    "parentVersion": -1,
    "echartsVersion": "4.8.0",
    "versionCreateTime": "2020-06-23T07:54:45.000Z",
    "html": "",
    "externalScripts": "",
    "updaterUID": "bd-353054937",
    "theme": "",
    "layout": "",
    "viewCount": 254,
    "userName": "t***g",
    "commentCount": 0,
    "starCount": 2,
    "isStared": 0,
    "thumbnailURL": "https://www.makeapie.com/ecg-storage/ec_gallery_thumbnail/xPpkF1DKQX.png?v=1592898885521",
    "isCustomThumbnail": 0,
    "builtinTags": [
        "category-work",
        "grid",
        "series-custom"
    ],
    "customTags": [
        "3D",
        "X",
        "柱状图"
    ],
    "updaterUserName": "t***g"
}