{
    "cid": "xPXVrZcBuf",
    "authorUid": "obd-oM5VGzvEo0hcF5sTvpgHiN98n8DFh2T",
    "authorUserName": "妳***由",
    "title": "世界地图 of 576",
    "description": "demo",
    "latestVersion": 4,
    "alwaysLatest": 1,
    "createTime": "2020-06-22T11:28:31.000Z",
    "lastUpdateTime": "2020-06-22T11:28:31.000Z",
    "auth": 2,
    "uid": "obd-oM5VGzvEo0hcF5sTvpgHiN98n8DFh2T",
    "publishedVersion": 0,
    "forkFrom": "-",
    "isSpam": 0,
    "version": 4,
    "parentVersion": 3,
    "echartsVersion": "4.8.0",
    "versionCreateTime": "2020-07-29T02:28:42.000Z",
    "html": "",
    "externalScripts": "https://a1115040996.github.io/MyHTML/js/world-china.js",
    "updaterUID": "obd-oM5VGzvEo0hcF5sTvpgHiN98n8DFh2T",
    "theme": "",
    "layout": "",
    "viewCount": 310,
    "userName": "妳***由",
    "commentCount": 0,
    "starCount": 0,
    "isStared": 0,
    "thumbnailURL": "https://www.makeapie.com/ecg-storage/ec_gallery_thumbnail/xPXVrZcBuf.png?v=1595989722470",
    "isCustomThumbnail": 0,
    "builtinTags": [
        "category-work",
        "series-map",
        "visualMap"
    ],
    "customTags": [],
    "updaterUserName": "妳***由"
}