{
    "cid": "xWwCyhRlAY",
    "authorUid": "bd-3946821039",
    "authorUserName": "哟***3",
    "title": "图表类型切换",
    "description": "图表类型切换",
    "latestVersion": 1,
    "alwaysLatest": 1,
    "createTime": "2020-06-22T03:49:57.000Z",
    "lastUpdateTime": "2020-06-22T03:49:57.000Z",
    "auth": 2,
    "uid": "bd-3946821039",
    "publishedVersion": 0,
    "forkFrom": "-",
    "isSpam": 0,
    "version": 1,
    "parentVersion": -1,
    "echartsVersion": "4.8.0",
    "versionCreateTime": "2020-06-22T03:49:57.000Z",
    "html": "",
    "externalScripts": "",
    "updaterUID": "bd-3946821039",
    "theme": "",
    "layout": "",
    "viewCount": 78,
    "userName": "哟***3",
    "commentCount": 0,
    "starCount": 0,
    "isStared": 0,
    "thumbnailURL": "https://www.makeapie.com/ecg-storage/ec_gallery_thumbnail/xWwCyhRlAY.png?v=1592797797475",
    "isCustomThumbnail": 0,
    "builtinTags": [
        "category-work",
        "grid",
        "series-bar",
        "toolbox"
    ],
    "customTags": [],
    "updaterUserName": "哟***3"
}