{
    "cid": "x6j9kwAwE0",
    "authorUid": "obd-ojpPDDTgr2EuNdSrDO-dcYmQylLTqDi",
    "authorUserName": "谢***s",
    "title": "多环圆环图",
    "description": "多环圆环图",
    "latestVersion": 1,
    "alwaysLatest": 0,
    "createTime": "2021-11-02T09:29:32.000Z",
    "lastUpdateTime": "2021-11-02T09:29:32.000Z",
    "auth": 1,
    "uid": "obd-ojpPDDTgr2EuNdSrDO-dcYmQylLTqDi",
    "publishedVersion": 0,
    "forkFrom": "-",
    "isSpam": 0,
    "version": 1,
    "parentVersion": -1,
    "echartsVersion": "5.2.2",
    "versionCreateTime": "2021-11-02T09:29:32.000Z",
    "html": "",
    "externalScripts": "",
    "updaterUID": "obd-ojpPDDTgr2EuNdSrDO-dcYmQylLTqDi",
    "theme": "",
    "layout": "",
    "viewCount": 0,
    "userName": "谢***s",
    "commentCount": 0,
    "starCount": 2,
    "isStared": 0,
    "thumbnailURL": "https://www.makeapie.com/ecg-storage/ec_gallery_thumbnail/x6j9kwAwE0.png?v=1635845372876",
    "isCustomThumbnail": 0,
    "builtinTags": [
        "category-work",
        "series-pie",
        "tooltip"
    ],
    "customTags": [],
    "updaterUserName": "谢***s"
}