{
    "cid": "x6x5aMKDgN",
    "authorUid": "obd-o2tTFxTbU03Zv9r1ID53336yheSPF6d",
    "authorUserName": "187*****097",
    "title": "安徽省各市房屋均价历年变化",
    "description": "",
    "latestVersion": 1,
    "alwaysLatest": 0,
    "createTime": "2021-10-31T07:32:18.000Z",
    "lastUpdateTime": "2021-10-31T07:32:18.000Z",
    "auth": 2,
    "uid": "obd-o2tTFxTbU03Zv9r1ID53336yheSPF6d",
    "publishedVersion": 0,
    "forkFrom": "-",
    "isSpam": 0,
    "version": 1,
    "parentVersion": -1,
    "echartsVersion": "5.2.1",
    "versionCreateTime": "2021-10-31T07:32:18.000Z",
    "html": "",
    "externalScripts": "",
    "updaterUID": "obd-o2tTFxTbU03Zv9r1ID53336yheSPF6d",
    "theme": "",
    "layout": "",
    "viewCount": 0,
    "userName": "187*****097",
    "commentCount": 0,
    "starCount": 1,
    "isStared": 0,
    "thumbnailURL": "https://www.makeapie.com/ecg-storage/ec_gallery_thumbnail/x6x5aMKDgN.png?v=1635665538424",
    "isCustomThumbnail": 0,
    "builtinTags": [
        "category-work",
        "geo",
        "grid",
        "series-bar",
        "series-effectScatter",
        "series-map",
        "series-scatter",
        "timeline",
        "title",
        "tooltip",
        "visualMap"
    ],
    "customTags": [],
    "updaterUserName": "187*****097"
}