{
    "cid": "x7AacK7YAL",
    "authorUid": "obd-ojqzcseu1JvwdiU9rUDiHeYlLCNyJEd",
    "authorUserName": "正***5",
    "title": "立体柱状图",
    "description": "立体柱状图",
    "latestVersion": 1,
    "alwaysLatest": 0,
    "createTime": "2021-11-02T06:05:34.000Z",
    "lastUpdateTime": "2021-11-02T06:05:34.000Z",
    "auth": 2,
    "uid": "obd-ojqzcseu1JvwdiU9rUDiHeYlLCNyJEd",
    "publishedVersion": 0,
    "forkFrom": "-",
    "isSpam": 0,
    "version": 1,
    "parentVersion": -1,
    "echartsVersion": "5.2.2",
    "versionCreateTime": "2021-11-02T06:05:34.000Z",
    "html": "",
    "externalScripts": "",
    "updaterUID": "obd-ojqzcseu1JvwdiU9rUDiHeYlLCNyJEd",
    "theme": "",
    "layout": "",
    "viewCount": 0,
    "userName": "正***5",
    "commentCount": 0,
    "starCount": 5,
    "isStared": 0,
    "thumbnailURL": "https://www.makeapie.com/ecg-storage/ec_gallery_thumbnail/x7AacK7YAL.png?v=1635833135052",
    "isCustomThumbnail": 0,
    "builtinTags": [
        "category-work",
        "grid",
        "legend",
        "series-custom",
        "tooltip"
    ],
    "customTags": [
        "立体柱状图"
    ],
    "updaterUserName": "正***5"
}