{
    "cid": "xbO-mCVVEi",
    "authorUid": "bd-2340065800",
    "authorUserName": "眉***藏",
    "title": "男女血压图表",
    "description": "",
    "latestVersion": 2,
    "alwaysLatest": 0,
    "createTime": "2021-11-02T08:11:20.000Z",
    "lastUpdateTime": "2021-11-08T02:30:39.000Z",
    "auth": 2,
    "uid": "bd-2340065800",
    "publishedVersion": 0,
    "forkFrom": "-",
    "isSpam": 0,
    "version": 2,
    "parentVersion": 1,
    "echartsVersion": "5.2.2",
    "versionCreateTime": "2021-11-08T02:30:39.000Z",
    "html": "",
    "externalScripts": "",
    "updaterUID": "bd-2340065800",
    "theme": "",
    "layout": "",
    "viewCount": 0,
    "userName": "眉***藏",
    "commentCount": 0,
    "starCount": 2,
    "isStared": 0,
    "thumbnailURL": "https://www.makeapie.com/ecg-storage/ec_gallery_thumbnail/xbO-mCVVEi.png?v=1636338639801",
    "isCustomThumbnail": 0,
    "builtinTags": [
        "category-work",
        "grid",
        "legend",
        "series-line",
        "tooltip"
    ],
    "customTags": [],
    "updaterUserName": "眉***藏"
}