{
    "cid": "xBslTq2cVi",
    "authorUid": "obd-otakvESUXw_cYC87SnOAJPpwLBnNB8k",
    "authorUserName": "顾***s",
    "title": "热力图，",
    "description": "",
    "latestVersion": 1,
    "alwaysLatest": 0,
    "createTime": "2021-11-03T01:08:28.000Z",
    "lastUpdateTime": "2021-11-03T01:08:28.000Z",
    "auth": 2,
    "uid": "obd-otakvESUXw_cYC87SnOAJPpwLBnNB8k",
    "publishedVersion": 0,
    "forkFrom": "-",
    "isSpam": 0,
    "version": 1,
    "parentVersion": -1,
    "echartsVersion": "4.9.0",
    "versionCreateTime": "2021-11-03T01:08:28.000Z",
    "html": "",
    "externalScripts": "",
    "updaterUID": "obd-otakvESUXw_cYC87SnOAJPpwLBnNB8k",
    "theme": "",
    "layout": "",
    "viewCount": 0,
    "userName": "顾***s",
    "commentCount": 0,
    "starCount": 2,
    "isStared": 0,
    "thumbnailURL": "https://www.makeapie.com/ecg-storage/ec_gallery_thumbnail/xBslTq2cVi.png?v=1635901708768",
    "isCustomThumbnail": 0,
    "builtinTags": [
        "category-work",
        "geo",
        "series-heatmap",
        "series-map",
        "tooltip",
        "visualMap"
    ],
    "customTags": [],
    "updaterUserName": "顾***s"
}