{
    "cid": "xi5zPH5p1V",
    "authorUid": "obd-ojL2mqX1YXYEtgRNJvqU71-CBWq40EQ",
    "authorUserName": "k***瑶",
    "title": "渐变-topIcon",
    "description": "",
    "latestVersion": 1,
    "alwaysLatest": 0,
    "createTime": "2021-11-02T06:15:56.000Z",
    "lastUpdateTime": "2021-11-02T06:15:56.000Z",
    "auth": 2,
    "uid": "obd-ojL2mqX1YXYEtgRNJvqU71-CBWq40EQ",
    "publishedVersion": 0,
    "forkFrom": "-",
    "isSpam": 0,
    "version": 1,
    "parentVersion": -1,
    "echartsVersion": "5.2.2",
    "versionCreateTime": "2021-11-02T06:15:56.000Z",
    "html": "",
    "externalScripts": "",
    "updaterUID": "obd-ojL2mqX1YXYEtgRNJvqU71-CBWq40EQ",
    "theme": "",
    "layout": "",
    "viewCount": 0,
    "userName": "k***瑶",
    "commentCount": 0,
    "starCount": 0,
    "isStared": 0,
    "thumbnailURL": "https://www.makeapie.com/ecg-storage/ec_gallery_thumbnail/xi5zPH5p1V.png?v=1635833756810",
    "isCustomThumbnail": 0,
    "builtinTags": [
        "category-work",
        "grid",
        "series-bar",
        "series-pictorialBar",
        "tooltip"
    ],
    "customTags": [
        "柱状图"
    ],
    "updaterUserName": "k***瑶"
}