{
    "cid": "xkIyyvmWAF",
    "authorUid": "obd-oNSON4L6i3YnaITQX240ucHQDsyeCCw",
    "authorUserName": "酷***i",
    "title": "队伍人员结构-学历分布",
    "description": "",
    "latestVersion": 2,
    "alwaysLatest": 0,
    "createTime": "2021-11-01T04:17:42.000Z",
    "lastUpdateTime": "2021-11-01T04:54:50.000Z",
    "auth": 2,
    "uid": "obd-oNSON4L6i3YnaITQX240ucHQDsyeCCw",
    "publishedVersion": 0,
    "forkFrom": "-",
    "isSpam": 0,
    "version": 2,
    "parentVersion": 1,
    "echartsVersion": "5.2.1",
    "versionCreateTime": "2021-11-01T04:54:50.000Z",
    "html": "",
    "externalScripts": "",
    "updaterUID": "obd-oNSON4L6i3YnaITQX240ucHQDsyeCCw",
    "theme": "",
    "layout": "",
    "viewCount": 0,
    "userName": "酷***i",
    "commentCount": 0,
    "starCount": 1,
    "isStared": 0,
    "thumbnailURL": "https://www.makeapie.com/ecg-storage/ec_gallery_thumbnail/xkIyyvmWAF.png?v=1635742491013",
    "isCustomThumbnail": 0,
    "builtinTags": [
        "category-work",
        "legend",
        "series-pie",
        "title",
        "tooltip"
    ],
    "customTags": [],
    "updaterUserName": "酷***i"
}