{
    "cid": "xMq2wLaq2V",
    "authorUid": "obd-ojL2mqX1YXYEtgRNJvqU71-CBWq40EQ",
    "authorUserName": "k***瑶",
    "title": "渐变仪表盘",
    "description": "",
    "latestVersion": 1,
    "alwaysLatest": 0,
    "createTime": "2021-11-02T06:02:54.000Z",
    "lastUpdateTime": "2021-11-02T06:02:54.000Z",
    "auth": 2,
    "uid": "obd-ojL2mqX1YXYEtgRNJvqU71-CBWq40EQ",
    "publishedVersion": 0,
    "forkFrom": "-",
    "isSpam": 0,
    "version": 1,
    "parentVersion": -1,
    "echartsVersion": "5.2.2",
    "versionCreateTime": "2021-11-02T06:02:54.000Z",
    "html": "",
    "externalScripts": "",
    "updaterUID": "obd-ojL2mqX1YXYEtgRNJvqU71-CBWq40EQ",
    "theme": "",
    "layout": "",
    "viewCount": 0,
    "userName": "k***瑶",
    "commentCount": 0,
    "starCount": 3,
    "isStared": 0,
    "thumbnailURL": "https://www.makeapie.com/ecg-storage/ec_gallery_thumbnail/xMq2wLaq2V.png?v=1635832974853",
    "isCustomThumbnail": 0,
    "builtinTags": [
        "category-work",
        "markPoint",
        "series-gauge",
        "tooltip"
    ],
    "customTags": [],
    "updaterUserName": "k***瑶"
}