{
    "cid": "xmxFVZN3Pb",
    "authorUid": "obd-o-HzVI9rMtiNV9Ore7WPKlZxeP-p6Az",
    "authorUserName": "天***万",
    "title": "cn地图模块",
    "description": "在另一个大佬的作品上改了一些东西应用到自己的项目中了,感谢大佬",
    "latestVersion": 1,
    "alwaysLatest": 0,
    "createTime": "2021-11-02T09:13:24.000Z",
    "lastUpdateTime": "2021-11-02T09:13:24.000Z",
    "auth": 1,
    "uid": "obd-o-HzVI9rMtiNV9Ore7WPKlZxeP-p6Az",
    "publishedVersion": 0,
    "forkFrom": "-",
    "isSpam": 0,
    "version": 1,
    "parentVersion": -1,
    "echartsVersion": "5.2.2",
    "versionCreateTime": "2021-11-02T09:13:24.000Z",
    "html": "",
    "externalScripts": "https://cdn.jsdelivr.net/npm/echarts/map/js/china.js?v=1598903772045",
    "updaterUID": "obd-o-HzVI9rMtiNV9Ore7WPKlZxeP-p6Az",
    "theme": "",
    "layout": "",
    "viewCount": 0,
    "userName": "天***万",
    "commentCount": 0,
    "starCount": 0,
    "isStared": 0,
    "thumbnailURL": "https://www.makeapie.com/ecg-storage/ec_gallery_thumbnail/xmxFVZN3Pb.png?v=1635844405098",
    "isCustomThumbnail": 0,
    "builtinTags": [
        "category-work",
        "geo",
        "legend",
        "series-effectScatter",
        "series-lines",
        "series-scatter",
        "tooltip",
        "visualMap"
    ],
    "customTags": [],
    "updaterUserName": "天***万"
}