{
    "cid": "xsJyfiOeHj",
    "authorUid": "bd-3626886291",
    "authorUserName": "l***u",
    "title": "健康知识",
    "description": "",
    "latestVersion": 1,
    "alwaysLatest": 0,
    "createTime": "2021-11-02T11:44:20.000Z",
    "lastUpdateTime": "2021-11-02T11:44:20.000Z",
    "auth": 2,
    "uid": "bd-3626886291",
    "publishedVersion": 0,
    "forkFrom": "-",
    "isSpam": 0,
    "version": 1,
    "parentVersion": -1,
    "echartsVersion": "5.2.2",
    "versionCreateTime": "2021-11-02T11:44:20.000Z",
    "html": "",
    "externalScripts": "",
    "updaterUID": "bd-3626886291",
    "theme": "",
    "layout": "",
    "viewCount": 0,
    "userName": "l***u",
    "commentCount": 0,
    "starCount": 0,
    "isStared": 0,
    "thumbnailURL": "https://www.makeapie.com/ecg-storage/ec_gallery_thumbnail/xsJyfiOeHj.png?v=1635853461043",
    "isCustomThumbnail": 0,
    "builtinTags": [
        "category-work",
        "grid",
        "legend",
        "radar",
        "series-bar",
        "series-radar",
        "title",
        "tooltip"
    ],
    "customTags": [],
    "updaterUserName": "l***u"
}