{
    "cid": "xtHPiu_ZRh",
    "authorUid": "bd-2427534238",
    "authorUserName": "阳***还",
    "title": "柱状图进度条",
    "description": "数据来自网络",
    "latestVersion": 3,
    "alwaysLatest": 0,
    "createTime": "2021-11-01T05:35:57.000Z",
    "lastUpdateTime": "2021-11-01T07:40:48.000Z",
    "auth": 2,
    "uid": "bd-2427534238",
    "publishedVersion": 0,
    "forkFrom": "-",
    "isSpam": 0,
    "version": 3,
    "parentVersion": 2,
    "echartsVersion": "5.2.2",
    "versionCreateTime": "2021-11-01T07:40:48.000Z",
    "html": "",
    "externalScripts": "",
    "updaterUID": "bd-2427534238",
    "theme": "",
    "layout": "",
    "viewCount": 0,
    "userName": "阳***还",
    "commentCount": 0,
    "starCount": 1,
    "isStared": 0,
    "thumbnailURL": "https://www.makeapie.com/ecg-storage/ec_gallery_thumbnail/xtHPiu_ZRh.png?v=1635752448585",
    "isCustomThumbnail": 0,
    "builtinTags": [
        "category-work",
        "grid",
        "series-bar",
        "title",
        "tooltip"
    ],
    "customTags": [],
    "updaterUserName": "阳***还"
}