{
    "cid": "xV8TLLad_f",
    "authorUid": "obd-o0WOzy8Ry9VvRfHH8xrRtonr5bXF9Fe",
    "authorUserName": "゛***岚",
    "title": "谐波2",
    "description": "",
    "latestVersion": 1,
    "alwaysLatest": 0,
    "createTime": "2021-11-01T03:18:29.000Z",
    "lastUpdateTime": "2021-11-01T03:18:29.000Z",
    "auth": 1,
    "uid": "obd-o0WOzy8Ry9VvRfHH8xrRtonr5bXF9Fe",
    "publishedVersion": 0,
    "forkFrom": "-",
    "isSpam": 0,
    "version": 1,
    "parentVersion": -1,
    "echartsVersion": "5.2.1",
    "versionCreateTime": "2021-11-01T03:18:29.000Z",
    "html": "",
    "externalScripts": "",
    "updaterUID": "obd-o0WOzy8Ry9VvRfHH8xrRtonr5bXF9Fe",
    "theme": "",
    "layout": "",
    "viewCount": 0,
    "userName": "゛***岚",
    "commentCount": 0,
    "starCount": 0,
    "isStared": 0,
    "thumbnailURL": "https://www.makeapie.com/ecg-storage/ec_gallery_thumbnail/xV8TLLad_f.png?v=1635736709873",
    "isCustomThumbnail": 0,
    "builtinTags": [
        "category-work",
        "grid",
        "series-line",
        "tooltip"
    ],
    "customTags": [],
    "updaterUserName": "゛***岚"
}