{
    "cid": "xvE_yDj6YP",
    "authorUid": "obd-oCAhBEM8SFj7yuRYcV11UwJ5EJAGM37",
    "authorUserName": "1***6",
    "title": "三股折线图(包含百分比、动态Y轴、固定Y轴)",
    "description": "三股折线图(包含百分比、动态Y轴、固定Y轴)",
    "latestVersion": 2,
    "alwaysLatest": 0,
    "createTime": "2021-11-01T10:15:01.000Z",
    "lastUpdateTime": "2021-11-01T10:21:25.000Z",
    "auth": 2,
    "uid": "obd-oCAhBEM8SFj7yuRYcV11UwJ5EJAGM37",
    "publishedVersion": 0,
    "forkFrom": "-",
    "isSpam": 0,
    "version": 2,
    "parentVersion": 1,
    "echartsVersion": "5.2.2",
    "versionCreateTime": "2021-11-01T10:21:25.000Z",
    "html": "",
    "externalScripts": "",
    "updaterUID": "obd-oCAhBEM8SFj7yuRYcV11UwJ5EJAGM37",
    "theme": "",
    "layout": "",
    "viewCount": 0,
    "userName": "1***6",
    "commentCount": 0,
    "starCount": 0,
    "isStared": 0,
    "thumbnailURL": "https://www.makeapie.com/ecg-storage/ec_gallery_thumbnail/xvE_yDj6YP.png?v=1635762086058",
    "isCustomThumbnail": 0,
    "builtinTags": [
        "category-work",
        "grid",
        "legend",
        "series-line",
        "title",
        "toolbox",
        "tooltip"
    ],
    "customTags": [],
    "updaterUserName": "1***6"
}