{
    "cid": "xw-g3bQw-Q",
    "authorUid": "obd-o2PLaeE_ayglzhN9wQuWR_uH7nH-a6Q",
    "authorUserName": "咘***乖",
    "title": "折线显示最大值最小值",
    "description": "",
    "latestVersion": 1,
    "alwaysLatest": 0,
    "createTime": "2021-11-01T01:03:50.000Z",
    "lastUpdateTime": "2021-11-01T01:03:50.000Z",
    "auth": 2,
    "uid": "obd-o2PLaeE_ayglzhN9wQuWR_uH7nH-a6Q",
    "publishedVersion": 0,
    "forkFrom": "-",
    "isSpam": 0,
    "version": 1,
    "parentVersion": -1,
    "echartsVersion": "5.2.1",
    "versionCreateTime": "2021-11-01T01:03:50.000Z",
    "html": "",
    "externalScripts": "",
    "updaterUID": "obd-o2PLaeE_ayglzhN9wQuWR_uH7nH-a6Q",
    "theme": "",
    "layout": "",
    "viewCount": 0,
    "userName": "咘***乖",
    "commentCount": 0,
    "starCount": 0,
    "isStared": 0,
    "thumbnailURL": "https://www.makeapie.com/ecg-storage/ec_gallery_thumbnail/xw-g3bQw-Q.png?v=1635728630844",
    "isCustomThumbnail": 0,
    "builtinTags": [
        "category-work",
        "grid",
        "markPoint",
        "series-line"
    ],
    "customTags": [],
    "updaterUserName": "咘***乖"
}