{
    "cid": "xB1e8ZJ76W",
    "authorUid": "bd-2939525108",
    "authorUserName": "x***鱼",
    "title": "多图形点击事件",
    "description": "",
    "latestVersion": 12,
    "alwaysLatest": 1,
    "createTime": "2017-10-17T01:47:51.000Z",
    "lastUpdateTime": "2017-10-17T01:47:51.000Z",
    "auth": 2,
    "uid": "bd-2939525108",
    "publishedVersion": 0,
    "forkFrom": "-",
    "isSpam": 0,
    "version": 12,
    "parentVersion": 11,
    "echartsVersion": "3.7.2",
    "versionCreateTime": "2017-10-26T03:36:25.000Z",
    "html": "",
    "externalScripts": "",
    "updaterUID": "bd-2939525108",
    "theme": "",
    "layout": "",
    "viewCount": 14568,
    "userName": "x***鱼",
    "commentCount": 0,
    "starCount": 52,
    "isStared": 0,
    "thumbnailURL": "https://www.makeapie.com/ecg-storage/ec_gallery_thumbnail/xB1e8ZJ76W.png?v=1508988985241",
    "isCustomThumbnail": 0,
    "builtinTags": [
        "category-work",
        "grid",
        "markLine",
        "series-line",
        "series-pie",
        "title",
        "tooltip"
    ],
    "customTags": [],
    "updaterUserName": "x***鱼"
}