{
    "cid": "xB1h4fNE1G",
    "authorUid": "bd-1075817977",
    "authorUserName": "7***2",
    "title": "各题型平均正确率",
    "description": "柱形图",
    "latestVersion": 11,
    "alwaysLatest": 1,
    "createTime": "2017-11-11T08:17:55.000Z",
    "lastUpdateTime": "2017-11-11T08:17:55.000Z",
    "auth": 2,
    "uid": "bd-1075817977",
    "publishedVersion": 0,
    "forkFrom": "-",
    "isSpam": 0,
    "version": 11,
    "parentVersion": 10,
    "echartsVersion": "3.8.0",
    "versionCreateTime": "2017-11-13T06:25:57.000Z",
    "html": "",
    "externalScripts": "",
    "updaterUID": "bd-1075817977",
    "theme": "",
    "layout": "",
    "viewCount": 8481,
    "userName": "7***2",
    "commentCount": 0,
    "starCount": 54,
    "isStared": 0,
    "thumbnailURL": "https://www.makeapie.com/ecg-storage/ec_gallery_thumbnail/xB1h4fNE1G.png?v=1510554357655",
    "isCustomThumbnail": 0,
    "builtinTags": [
        "category-work",
        "grid",
        "legend",
        "series-bar",
        "tooltip"
    ],
    "customTags": [],
    "updaterUserName": "7***2"
}