{
    "cid": "xB1ZxDJm_b",
    "authorUid": "bd-3374785608",
    "authorUserName": "WANGYUNZHI_",
    "title": "地图--柱状图",
    "description": "",
    "latestVersion": 1,
    "alwaysLatest": 1,
    "createTime": "2017-08-17T09:50:33.000Z",
    "lastUpdateTime": "2017-08-17T09:50:33.000Z",
    "auth": 2,
    "uid": "bd-3374785608",
    "publishedVersion": 0,
    "forkFrom": "-",
    "isSpam": 0,
    "version": 1,
    "parentVersion": -1,
    "echartsVersion": "3.6.2",
    "versionCreateTime": "2017-08-17T09:50:33.000Z",
    "html": "",
    "externalScripts": "/dep/echarts/map/js/china.js",
    "updaterUID": "bd-3374785608",
    "theme": "",
    "layout": "",
    "viewCount": 14236,
    "userName": "WANGYUNZHI_",
    "commentCount": 8,
    "starCount": 70,
    "isStared": 0,
    "thumbnailURL": "https://www.makeapie.com/ecg-storage/ec_gallery_thumbnail/xB1ZxDJm_b.png?v=1502963433635",
    "isCustomThumbnail": 0,
    "builtinTags": [
        "category-work",
        "geo",
        "grid",
        "legend",
        "series-bar",
        "tooltip"
    ],
    "customTags": [],
    "updaterUserName": "WANGYUNZHI_"
}