{
    "cid": "xBJ5SCdrrG",
    "authorUid": "bd-1748348265",
    "authorUserName": "jididelei",
    "title": "开票金额",
    "description": "饼图与关系图的结合",
    "latestVersion": 1,
    "alwaysLatest": 1,
    "createTime": "2018-01-24T03:32:18.000Z",
    "lastUpdateTime": "2018-01-24T03:32:18.000Z",
    "auth": 2,
    "uid": "bd-1748348265",
    "publishedVersion": 0,
    "forkFrom": "-",
    "isSpam": 0,
    "version": 1,
    "parentVersion": -1,
    "echartsVersion": "3.8.0",
    "versionCreateTime": "2018-01-24T03:32:18.000Z",
    "html": "",
    "externalScripts": "",
    "updaterUID": "bd-1748348265",
    "theme": "",
    "layout": "",
    "viewCount": 15185,
    "userName": "jididelei",
    "commentCount": 2,
    "starCount": 67,
    "isStared": 0,
    "thumbnailURL": "https://www.makeapie.com/ecg-storage/ec_gallery_thumbnail/xBJ5SCdrrG.png?v=1516764738226",
    "isCustomThumbnail": 0,
    "builtinTags": [
        "category-work",
        "series-graph",
        "series-pie",
        "title",
        "visualMap"
    ],
    "customTags": [],
    "updaterUserName": "jididelei"
}