{
    "cid": "xBJdHzSGff",
    "authorUid": "bd-2802325258",
    "authorUserName": "达***奇",
    "title": "树状图",
    "description": "",
    "latestVersion": 3,
    "alwaysLatest": 1,
    "createTime": "2017-12-16T06:50:39.000Z",
    "lastUpdateTime": "2017-12-16T06:50:39.000Z",
    "auth": 2,
    "uid": "bd-2802325258",
    "publishedVersion": 0,
    "forkFrom": "-",
    "isSpam": 0,
    "version": 3,
    "parentVersion": 2,
    "echartsVersion": "3.8.0",
    "versionCreateTime": "2017-12-16T10:27:34.000Z",
    "html": "",
    "externalScripts": "",
    "updaterUID": "bd-2802325258",
    "theme": "",
    "layout": "",
    "viewCount": 12611,
    "userName": "达***奇",
    "commentCount": 0,
    "starCount": 92,
    "isStared": 0,
    "thumbnailURL": "https://www.makeapie.com/ecg-storage/ec_gallery_thumbnail/xBJdHzSGff.png?v=1513420054125",
    "isCustomThumbnail": 0,
    "builtinTags": [
        "category-work",
        "legend",
        "series-tree",
        "tooltip"
    ],
    "customTags": [],
    "updaterUserName": "达***奇"
}