{
    "cid": "xBJiXNw8Zf",
    "authorUid": "bd-2905269377",
    "authorUserName": "4***了",
    "title": "象形柱图练习",
    "description": "象形柱图,dataURL转换图片格式,间隔模拟现实数据(参考738782092)",
    "latestVersion": 5,
    "alwaysLatest": 1,
    "createTime": "2017-12-07T06:48:03.000Z",
    "lastUpdateTime": "2017-12-13T01:33:03.000Z",
    "auth": 2,
    "uid": "bd-2905269377",
    "publishedVersion": 0,
    "forkFrom": "-",
    "isSpam": 0,
    "version": 5,
    "parentVersion": 4,
    "echartsVersion": "3.8.0",
    "versionCreateTime": "2017-12-13T01:33:07.000Z",
    "html": "",
    "externalScripts": "/dep/echarts/map/js/world.js,/dep/echarts/map/js/china.js,http://echarts.baidu.com/resource/echarts-gl-latest/dist/echarts-gl.min.js",
    "updaterUID": "bd-2905269377",
    "theme": "default",
    "layout": "",
    "viewCount": 8885,
    "userName": "4***了",
    "commentCount": 0,
    "starCount": 91,
    "isStared": 0,
    "thumbnailURL": "https://www.makeapie.com/ecg-storage/ec_gallery_thumbnail/xBJiXNw8Zf.png?v=1513128787240",
    "isCustomThumbnail": 0,
    "builtinTags": [
        "category-work",
        "grid",
        "series-pictorialBar",
        "tooltip"
    ],
    "customTags": [
        "dataURL",
        "rich"
    ],
    "updaterUserName": "4***了"
}