{
    "cid": "xHJAKnYbdb",
    "authorUid": "bd-2550250860",
    "authorUserName": "635913935",
    "title": "多维度象形柱状图",
    "description": "仅供参考",
    "latestVersion": 1,
    "alwaysLatest": 1,
    "createTime": "2017-08-16T09:12:37.000Z",
    "lastUpdateTime": "2017-08-16T09:12:37.000Z",
    "auth": 2,
    "uid": "bd-2550250860",
    "publishedVersion": 0,
    "forkFrom": "-",
    "isSpam": 0,
    "version": 1,
    "parentVersion": -1,
    "echartsVersion": "3.6.2",
    "versionCreateTime": "2017-08-16T09:12:37.000Z",
    "html": "",
    "externalScripts": "",
    "updaterUID": "bd-2550250860",
    "theme": "",
    "layout": "",
    "viewCount": 6982,
    "userName": "635913935",
    "commentCount": 1,
    "starCount": 62,
    "isStared": 0,
    "thumbnailURL": "https://www.makeapie.com/ecg-storage/ec_gallery_thumbnail/xHJAKnYbdb.png?v=1502874757871",
    "isCustomThumbnail": 0,
    "builtinTags": [
        "category-work",
        "grid",
        "legend",
        "series-line",
        "series-pictorialBar",
        "tooltip"
    ],
    "customTags": [],
    "updaterUserName": "635913935"
}