{
    "cid": "xHJj_whyez",
    "authorUid": "bd-1075817977",
    "authorUserName": "7***2",
    "title": "整体考试情况",
    "description": "考试报名缴费数据分析之整体考试情况",
    "latestVersion": 5,
    "alwaysLatest": 1,
    "createTime": "2017-11-20T02:01:22.000Z",
    "lastUpdateTime": "2017-11-20T02:01:22.000Z",
    "auth": 2,
    "uid": "bd-1075817977",
    "publishedVersion": 0,
    "forkFrom": "-",
    "isSpam": 0,
    "version": 5,
    "parentVersion": 4,
    "echartsVersion": "3.8.0",
    "versionCreateTime": "2017-11-29T06:06:23.000Z",
    "html": "",
    "externalScripts": "",
    "updaterUID": "bd-1075817977",
    "theme": "",
    "layout": "",
    "viewCount": 7571,
    "userName": "7***2",
    "commentCount": 1,
    "starCount": 63,
    "isStared": 0,
    "thumbnailURL": "https://www.makeapie.com/ecg-storage/ec_gallery_thumbnail/xHJj_whyez.png?v=1511935583410",
    "isCustomThumbnail": 0,
    "builtinTags": [
        "category-work",
        "legend",
        "series-pie",
        "title"
    ],
    "customTags": [],
    "updaterUserName": "7***2"
}