{
    "cid": "xHyaRaRa2W",
    "authorUid": "bd-3561379785",
    "authorUserName": "90摩羯小妹妹",
    "title": "新疆设备部署图",
    "description": "散点圆的大小随设备数量改变而改变",
    "latestVersion": 1,
    "alwaysLatest": 1,
    "createTime": "2017-10-13T06:31:48.000Z",
    "lastUpdateTime": "2017-10-13T06:31:48.000Z",
    "auth": 2,
    "uid": "bd-3561379785",
    "publishedVersion": 0,
    "forkFrom": "-",
    "isSpam": 0,
    "version": 1,
    "parentVersion": -1,
    "echartsVersion": "3.7.2",
    "versionCreateTime": "2017-10-13T06:31:48.000Z",
    "html": "",
    "externalScripts": "",
    "updaterUID": "bd-3561379785",
    "theme": "",
    "layout": "",
    "viewCount": 23464,
    "userName": "90摩羯小妹妹",
    "commentCount": 19,
    "starCount": 55,
    "isStared": 0,
    "thumbnailURL": "https://www.makeapie.com/ecg-storage/ec_gallery_thumbnail/xHyaRaRa2W.png?v=1507876308875",
    "isCustomThumbnail": 0,
    "builtinTags": [
        "category-work",
        "geo",
        "series-effectScatter",
        "series-map",
        "series-scatter",
        "title"
    ],
    "customTags": [],
    "updaterUserName": "90摩羯小妹妹"
}