{
    "cid": "xHyzR8UUNb",
    "authorUid": "bd-1192091434",
    "authorUserName": "s***2",
    "title": "circle packing (d3 + echarts custom series)",
    "description": "",
    "latestVersion": 4,
    "alwaysLatest": 1,
    "createTime": "2017-07-02T11:19:37.000Z",
    "lastUpdateTime": "2017-07-02T11:19:37.000Z",
    "auth": 2,
    "uid": "bd-1192091434",
    "publishedVersion": 0,
    "forkFrom": "-",
    "isSpam": 0,
    "version": 4,
    "parentVersion": 3,
    "echartsVersion": "3.6.2",
    "versionCreateTime": "2017-07-05T02:43:14.000Z",
    "html": "",
    "externalScripts": "https://d3js.org/d3.v4.min.js",
    "updaterUID": "bd-1192091434",
    "theme": "",
    "layout": "",
    "viewCount": 10229,
    "userName": "s***2",
    "commentCount": 3,
    "starCount": 54,
    "isStared": 0,
    "thumbnailURL": "https://www.makeapie.com/ecg-storage/ec_gallery_thumbnail/xHyzR8UUNb.png?v=1499222594922",
    "isCustomThumbnail": 0,
    "builtinTags": [
        "category-work",
        "grid",
        "series-custom",
        "tooltip",
        "visualMap"
    ],
    "customTags": [],
    "updaterUserName": "s***2"
}