{
    "cid": "xSkzC9odmf",
    "authorUid": "bd-2743220520",
    "authorUserName": "Lost_none",
    "title": "四象限图制作演示",
    "description": "",
    "latestVersion": 2,
    "alwaysLatest": 1,
    "createTime": "2018-01-02T06:46:33.000Z",
    "lastUpdateTime": "2018-01-02T06:46:33.000Z",
    "auth": 2,
    "uid": "bd-2743220520",
    "publishedVersion": 0,
    "forkFrom": "-",
    "isSpam": 0,
    "version": 2,
    "parentVersion": 1,
    "echartsVersion": "3.8.0",
    "versionCreateTime": "2018-01-02T06:47:03.000Z",
    "html": "",
    "externalScripts": "",
    "updaterUID": "bd-2743220520",
    "theme": "",
    "layout": "",
    "viewCount": 18407,
    "userName": "Lost_none",
    "commentCount": 5,
    "starCount": 50,
    "isStared": 0,
    "thumbnailURL": "https://www.makeapie.com/ecg-storage/ec_gallery_thumbnail/xSkzC9odmf.png?v=1514875624179",
    "isCustomThumbnail": 0,
    "builtinTags": [
        "category-work",
        "dataZoom",
        "grid",
        "markArea",
        "markLine",
        "series-scatter",
        "title",
        "toolbox",
        "tooltip",
        "visualMap"
    ],
    "customTags": [],
    "updaterUserName": "Lost_none"
}