{
    "cid": "x1_zaILigg",
    "authorUid": "obd-oAh5s-kJUW3jQnyAV_j7NxtIS-V5c76",
    "authorUserName": "呵***仔",
    "title": "横坐标显示降水",
    "description": "",
    "latestVersion": 3,
    "alwaysLatest": 1,
    "createTime": "2020-09-09T07:57:20.000Z",
    "lastUpdateTime": "2020-09-09T07:57:20.000Z",
    "auth": 2,
    "uid": "obd-oAh5s-kJUW3jQnyAV_j7NxtIS-V5c76",
    "publishedVersion": 0,
    "forkFrom": "-",
    "isSpam": 0,
    "version": 3,
    "parentVersion": 2,
    "echartsVersion": "4.8.0",
    "versionCreateTime": "2020-09-09T09:23:24.000Z",
    "html": "",
    "externalScripts": "",
    "updaterUID": "obd-oAh5s-kJUW3jQnyAV_j7NxtIS-V5c76",
    "theme": "",
    "layout": "",
    "viewCount": 131,
    "userName": "呵***仔",
    "commentCount": 0,
    "starCount": 1,
    "isStared": 0,
    "thumbnailURL": "https://www.makeapie.com/ecg-storage/ec_gallery_thumbnail/x1_zaILigg.png?v=1599643404144",
    "isCustomThumbnail": 0,
    "builtinTags": [
        "category-work",
        "grid",
        "series-bar",
        "tooltip"
    ],
    "customTags": [],
    "updaterUserName": "呵***仔"
}