{
    "cid": "xaHeh1W7bp",
    "authorUid": "bd-1841183165",
    "authorUserName": "o***趣",
    "title": "TEST",
    "description": "",
    "latestVersion": 2,
    "alwaysLatest": 1,
    "createTime": "2020-09-09T03:44:43.000Z",
    "lastUpdateTime": "2020-09-09T03:44:43.000Z",
    "auth": 2,
    "uid": "bd-1841183165",
    "publishedVersion": 0,
    "forkFrom": "-",
    "isSpam": 0,
    "version": 2,
    "parentVersion": 1,
    "echartsVersion": "4.8.0",
    "versionCreateTime": "2020-09-09T03:53:44.000Z",
    "html": "",
    "externalScripts": "",
    "updaterUID": "bd-1841183165",
    "theme": "",
    "layout": "",
    "viewCount": 1087,
    "userName": "o***趣",
    "commentCount": 0,
    "starCount": 10,
    "isStared": 0,
    "thumbnailURL": "https://www.makeapie.com/ecg-storage/ec_gallery_thumbnail/xaHeh1W7bp.png?v=1599623625081",
    "isCustomThumbnail": 0,
    "builtinTags": [
        "category-work",
        "grid",
        "legend",
        "markPoint",
        "series-effectScatter",
        "tooltip"
    ],
    "customTags": [],
    "updaterUserName": "o***趣"
}