{
    "cid": "xgERkrUnGJ",
    "authorUid": "obd-oML8IrWqNsv2a7qu1uoEgj47lxKsN2t",
    "authorUserName": "小***天",
    "title": "折线图 数据联动 月份跟随切换 ",
    "description": "折线图 数据联动 月份跟随切换 ",
    "latestVersion": 2,
    "alwaysLatest": 1,
    "createTime": "2020-09-09T03:17:12.000Z",
    "lastUpdateTime": "2020-09-09T03:17:12.000Z",
    "auth": 2,
    "uid": "obd-oML8IrWqNsv2a7qu1uoEgj47lxKsN2t",
    "publishedVersion": 0,
    "forkFrom": "-",
    "isSpam": 0,
    "version": 2,
    "parentVersion": 1,
    "echartsVersion": "4.8.0",
    "versionCreateTime": "2020-09-09T03:21:13.000Z",
    "html": "",
    "externalScripts": "",
    "updaterUID": "obd-oML8IrWqNsv2a7qu1uoEgj47lxKsN2t",
    "theme": "",
    "layout": "",
    "viewCount": 300,
    "userName": "小***天",
    "commentCount": 0,
    "starCount": 3,
    "isStared": 0,
    "thumbnailURL": "https://www.makeapie.com/ecg-storage/ec_gallery_thumbnail/xgERkrUnGJ.png?v=1599621673669",
    "isCustomThumbnail": 0,
    "builtinTags": [
        "category-work",
        "grid",
        "legend",
        "series-bar",
        "series-line",
        "timeline",
        "tooltip"
    ],
    "customTags": [],
    "updaterUserName": "小***天"
}