{
    "cid": "xghCre93KR",
    "authorUid": "bd-2266073099",
    "authorUserName": "y***f",
    "title": "品牌转移分析",
    "description": "",
    "latestVersion": 3,
    "alwaysLatest": 1,
    "createTime": "2020-09-09T05:46:44.000Z",
    "lastUpdateTime": "2020-09-09T05:46:44.000Z",
    "auth": 2,
    "uid": "bd-2266073099",
    "publishedVersion": 0,
    "forkFrom": "-",
    "isSpam": 0,
    "version": 3,
    "parentVersion": 2,
    "echartsVersion": "4.8.0",
    "versionCreateTime": "2020-09-10T01:42:02.000Z",
    "html": "",
    "externalScripts": "",
    "updaterUID": "bd-2266073099",
    "theme": "",
    "layout": "",
    "viewCount": 2456,
    "userName": "y***f",
    "commentCount": 0,
    "starCount": 3,
    "isStared": 0,
    "thumbnailURL": "https://www.makeapie.com/ecg-storage/ec_gallery_thumbnail/xghCre93KR.png?v=1599702123204",
    "isCustomThumbnail": 0,
    "builtinTags": [
        "category-work",
        "geo",
        "grid",
        "legend",
        "markLine",
        "markPoint",
        "series-bar",
        "series-effectScatter",
        "series-line",
        "series-lines",
        "series-map",
        "timeline",
        "title",
        "toolbox",
        "tooltip",
        "visualMap"
    ],
    "customTags": [],
    "updaterUserName": "y***f"
}