{
    "cid": "xI3AM3HqH2",
    "authorUid": "bd-2100154623",
    "authorUserName": "I***筱",
    "title": "数据化颜色 横向柱状图",
    "description": "",
    "latestVersion": 3,
    "alwaysLatest": 1,
    "createTime": "2020-09-09T06:20:00.000Z",
    "lastUpdateTime": "2020-09-09T06:20:00.000Z",
    "auth": 2,
    "uid": "bd-2100154623",
    "publishedVersion": 0,
    "forkFrom": "-",
    "isSpam": 0,
    "version": 3,
    "parentVersion": 1,
    "echartsVersion": "4.8.0",
    "versionCreateTime": "2020-12-04T02:38:48.000Z",
    "html": "",
    "externalScripts": "",
    "updaterUID": "bd-2100154623",
    "theme": "",
    "layout": "",
    "viewCount": 140,
    "userName": "I***筱",
    "commentCount": 0,
    "starCount": 2,
    "isStared": 0,
    "thumbnailURL": "https://www.makeapie.com/ecg-storage/ec_gallery_thumbnail/xI3AM3HqH2.png?v=1599632400703",
    "isCustomThumbnail": 1,
    "builtinTags": [
        "category-work",
        "dataset",
        "grid",
        "series-bar"
    ],
    "customTags": [],
    "updaterUserName": "I***筱"
}