{
    "cid": "xjB-ZtqPjA",
    "authorUid": "bd-3935712987",
    "authorUserName": "z***1",
    "title": "",
    "description": "",
    "latestVersion": 1,
    "alwaysLatest": 1,
    "createTime": "2020-09-09T13:24:17.000Z",
    "lastUpdateTime": "2020-09-09T13:24:17.000Z",
    "auth": 2,
    "uid": "bd-3935712987",
    "publishedVersion": 0,
    "forkFrom": "-",
    "isSpam": 0,
    "version": 1,
    "parentVersion": -1,
    "echartsVersion": "4.8.0",
    "versionCreateTime": "2020-09-09T13:24:18.000Z",
    "html": "",
    "externalScripts": "",
    "updaterUID": "bd-3935712987",
    "theme": "dark",
    "layout": "",
    "viewCount": 209,
    "userName": "z***1",
    "commentCount": 0,
    "starCount": 4,
    "isStared": 0,
    "thumbnailURL": "https://www.makeapie.com/ecg-storage/ec_gallery_thumbnail/xjB-ZtqPjA.png?v=1599657858203",
    "isCustomThumbnail": 0,
    "builtinTags": [
        "category-work",
        "grid",
        "markLine",
        "series-line",
        "series-pictorialBar",
        "tooltip"
    ],
    "customTags": [],
    "updaterUserName": "z***1"
}