{
    "cid": "xUx9e0rdaR",
    "authorUid": "obd-oA55hQhCcN5O11W2KVul078H1lbPe7n",
    "authorUserName": "我***5",
    "title": "告警分类柱状图",
    "description": "告警分类柱状图",
    "latestVersion": 1,
    "alwaysLatest": 1,
    "createTime": "2020-09-09T05:26:31.000Z",
    "lastUpdateTime": "2020-09-09T05:26:31.000Z",
    "auth": 2,
    "uid": "obd-oA55hQhCcN5O11W2KVul078H1lbPe7n",
    "publishedVersion": 0,
    "forkFrom": "-",
    "isSpam": 0,
    "version": 1,
    "parentVersion": -1,
    "echartsVersion": "4.8.0",
    "versionCreateTime": "2020-09-09T05:26:31.000Z",
    "html": "",
    "externalScripts": "",
    "updaterUID": "obd-oA55hQhCcN5O11W2KVul078H1lbPe7n",
    "theme": "",
    "layout": "",
    "viewCount": 87,
    "userName": "我***5",
    "commentCount": 0,
    "starCount": 0,
    "isStared": 0,
    "thumbnailURL": "https://www.makeapie.com/ecg-storage/ec_gallery_thumbnail/xUx9e0rdaR.png?v=1599629192042",
    "isCustomThumbnail": 0,
    "builtinTags": [
        "category-work",
        "grid",
        "series-bar",
        "toolbox",
        "tooltip"
    ],
    "customTags": [
        "alarm",
        "告警"
    ],
    "updaterUserName": "我***5"
}