{
    "cid": "xzR-bs14lW",
    "authorUid": "obd-ol2fJ4Rs2tP6_lnILs4SgTNA2t92e0d",
    "authorUserName": "别***的",
    "title": "多层仪表圆圈图",
    "description": "多层仪表圆圈图",
    "latestVersion": 1,
    "alwaysLatest": 1,
    "createTime": "2020-09-09T07:39:54.000Z",
    "lastUpdateTime": "2020-09-09T07:39:54.000Z",
    "auth": 2,
    "uid": "obd-ol2fJ4Rs2tP6_lnILs4SgTNA2t92e0d",
    "publishedVersion": 0,
    "forkFrom": "-",
    "isSpam": 0,
    "version": 1,
    "parentVersion": -1,
    "echartsVersion": "4.8.0",
    "versionCreateTime": "2020-09-09T07:39:54.000Z",
    "html": "",
    "externalScripts": "",
    "updaterUID": "obd-ol2fJ4Rs2tP6_lnILs4SgTNA2t92e0d",
    "theme": "",
    "layout": "",
    "viewCount": 414,
    "userName": "别***的",
    "commentCount": 0,
    "starCount": 4,
    "isStared": 0,
    "thumbnailURL": "https://www.makeapie.com/ecg-storage/ec_gallery_thumbnail/xzR-bs14lW.png?v=1599637194649",
    "isCustomThumbnail": 0,
    "builtinTags": [
        "category-work",
        "series-gauge",
        "series-pie",
        "title"
    ],
    "customTags": [],
    "updaterUserName": "别***的"
}