{
    "cid": "x5GmZhBV9h",
    "authorUid": "obd-o2rqdQaQu2v52hy_Q70x6YPKfgrsr6v",
    "authorUserName": "l***r",
    "title": "Awesome Chart",
    "description": "",
    "latestVersion": 1,
    "alwaysLatest": 1,
    "createTime": "2020-07-16T00:33:39.000Z",
    "lastUpdateTime": "2020-07-16T00:33:39.000Z",
    "auth": 2,
    "uid": "obd-o2rqdQaQu2v52hy_Q70x6YPKfgrsr6v",
    "publishedVersion": 0,
    "forkFrom": "-",
    "isSpam": 0,
    "version": 1,
    "parentVersion": -1,
    "echartsVersion": "4.8.0",
    "versionCreateTime": "2020-07-16T00:33:39.000Z",
    "html": "",
    "externalScripts": "",
    "updaterUID": "obd-o2rqdQaQu2v52hy_Q70x6YPKfgrsr6v",
    "theme": "",
    "layout": "",
    "viewCount": 15,
    "userName": "l***r",
    "commentCount": 0,
    "starCount": 0,
    "isStared": 0,
    "thumbnailURL": "https://www.makeapie.com/ecg-storage/ec_gallery_thumbnail/x5GmZhBV9h.png?v=1594859619942",
    "isCustomThumbnail": 1,
    "builtinTags": [
        "category-work",
        "grid",
        "series-line",
        "title"
    ],
    "customTags": [],
    "updaterUserName": "l***r"
}