{
    "cid": "xa1vYRWeCG",
    "authorUid": "bd-2552142171",
    "authorUserName": "镜***白",
    "title": "3d饼图",
    "description": "现在还没有做label，有做了label的后面我会上传github",
    "latestVersion": 5,
    "alwaysLatest": 1,
    "createTime": "2020-07-16T05:04:53.000Z",
    "lastUpdateTime": "2021-08-10T03:55:13.000Z",
    "auth": 2,
    "uid": "bd-2552142171",
    "publishedVersion": 0,
    "forkFrom": "-",
    "isSpam": 0,
    "version": 5,
    "parentVersion": 4,
    "echartsVersion": "4.9.0",
    "versionCreateTime": "2021-08-10T03:55:13.000Z",
    "html": "",
    "externalScripts": "",
    "updaterUID": "bd-2552142171",
    "theme": "",
    "layout": "",
    "viewCount": 464,
    "userName": "镜***白",
    "commentCount": 2,
    "starCount": 1,
    "isStared": 0,
    "thumbnailURL": "https://www.makeapie.com/ecg-storage/ec_gallery_thumbnail/xa1vYRWeCG.png?v=1628567713281",
    "isCustomThumbnail": 0,
    "builtinTags": [
        "category-work",
        "series-custom"
    ],
    "customTags": [],
    "updaterUserName": "镜***白"
}