{
    "cid": "xaAz3PUtFk",
    "authorUid": "bd-2972011940",
    "authorUserName": "y***5",
    "title": "比例",
    "description": "",
    "latestVersion": 1,
    "alwaysLatest": 1,
    "createTime": "2020-07-15T11:05:08.000Z",
    "lastUpdateTime": "2020-07-15T11:05:08.000Z",
    "auth": 2,
    "uid": "bd-2972011940",
    "publishedVersion": 0,
    "forkFrom": "-",
    "isSpam": 0,
    "version": 1,
    "parentVersion": -1,
    "echartsVersion": "4.8.0",
    "versionCreateTime": "2020-07-15T11:05:08.000Z",
    "html": "",
    "externalScripts": "",
    "updaterUID": "bd-2972011940",
    "theme": "",
    "layout": "",
    "viewCount": 31,
    "userName": "y***5",
    "commentCount": 0,
    "starCount": 1,
    "isStared": 0,
    "thumbnailURL": "https://www.makeapie.com/ecg-storage/ec_gallery_thumbnail/xaAz3PUtFk.png?v=1594811108838",
    "isCustomThumbnail": 0,
    "builtinTags": [
        "category-work",
        "grid",
        "series-line",
        "title"
    ],
    "customTags": [],
    "updaterUserName": "y***5"
}