{
    "cid": "xaB7uHRU8e",
    "authorUid": "obd-oN7OAtIi7b2A-hTNG2ozNGc2gZUoeC4",
    "authorUserName": "l***1",
    "title": "Awesome Chart",
    "description": "",
    "latestVersion": 1,
    "alwaysLatest": 1,
    "createTime": "2020-07-16T07:34:39.000Z",
    "lastUpdateTime": "2020-07-16T07:34:39.000Z",
    "auth": 2,
    "uid": "obd-oN7OAtIi7b2A-hTNG2ozNGc2gZUoeC4",
    "publishedVersion": 0,
    "forkFrom": "-",
    "isSpam": 0,
    "version": 1,
    "parentVersion": -1,
    "echartsVersion": "4.8.0",
    "versionCreateTime": "2020-07-16T07:34:39.000Z",
    "html": "",
    "externalScripts": "",
    "updaterUID": "obd-oN7OAtIi7b2A-hTNG2ozNGc2gZUoeC4",
    "theme": "",
    "layout": "",
    "viewCount": 15,
    "userName": "l***1",
    "commentCount": 0,
    "starCount": 0,
    "isStared": 0,
    "thumbnailURL": "https://www.makeapie.com/ecg-storage/ec_gallery_thumbnail/xaB7uHRU8e.png?v=1594884879531",
    "isCustomThumbnail": 0,
    "builtinTags": [
        "category-work",
        "grid",
        "series-line",
        "title"
    ],
    "customTags": [],
    "updaterUserName": "l***1"
}