{
    "cid": "xAqrJsSCbF",
    "authorUid": "bd-3456915023",
    "authorUserName": "咏***恒",
    "title": "疫情发展模拟",
    "description": "交流请教",
    "latestVersion": 2,
    "alwaysLatest": 1,
    "createTime": "2020-07-15T12:13:46.000Z",
    "lastUpdateTime": "2020-07-15T12:13:46.000Z",
    "auth": 2,
    "uid": "bd-3456915023",
    "publishedVersion": 0,
    "forkFrom": "-",
    "isSpam": 0,
    "version": 2,
    "parentVersion": 1,
    "echartsVersion": "4.8.0",
    "versionCreateTime": "2020-07-15T12:40:44.000Z",
    "html": "",
    "externalScripts": "",
    "updaterUID": "bd-3456915023",
    "theme": "",
    "layout": "",
    "viewCount": 934,
    "userName": "咏***恒",
    "commentCount": 0,
    "starCount": 3,
    "isStared": 0,
    "thumbnailURL": "https://www.makeapie.com/ecg-storage/ec_gallery_thumbnail/xAqrJsSCbF.png?v=1594816845096",
    "isCustomThumbnail": 0,
    "builtinTags": [
        "category-work",
        "grid",
        "legend",
        "series-graph",
        "series-line",
        "title",
        "tooltip"
    ],
    "customTags": [],
    "updaterUserName": "咏***恒"
}