{
    "cid": "xauHjmWOvC",
    "authorUid": "obd-oD9amj-nrX6I9Fya4pN5tL3yvku-W1N",
    "authorUserName": "勤***量",
    "title": "饼图大套小",
    "description": "",
    "latestVersion": 2,
    "alwaysLatest": 1,
    "createTime": "2020-07-15T08:07:07.000Z",
    "lastUpdateTime": "2020-07-15T08:07:07.000Z",
    "auth": 2,
    "uid": "obd-oD9amj-nrX6I9Fya4pN5tL3yvku-W1N",
    "publishedVersion": 0,
    "forkFrom": "-",
    "isSpam": 0,
    "version": 2,
    "parentVersion": 1,
    "echartsVersion": "4.8.0",
    "versionCreateTime": "2020-07-15T08:14:39.000Z",
    "html": "",
    "externalScripts": "",
    "updaterUID": "obd-oD9amj-nrX6I9Fya4pN5tL3yvku-W1N",
    "theme": "",
    "layout": "",
    "viewCount": 142,
    "userName": "勤***量",
    "commentCount": 0,
    "starCount": 0,
    "isStared": 0,
    "thumbnailURL": "https://www.makeapie.com/ecg-storage/ec_gallery_thumbnail/xauHjmWOvC.png?v=1594800879170",
    "isCustomThumbnail": 0,
    "builtinTags": [
        "category-work",
        "legend",
        "series-pie"
    ],
    "customTags": [],
    "updaterUserName": "勤***量"
}