{
    "cid": "xbuDSxBQ5X",
    "authorUid": "obd-oNCOv71c8dxOkk8-ZUtFyBO8lg-PvCA",
    "authorUserName": "h***9",
    "title": "世界人口总量",
    "description": "数据来自网络",
    "latestVersion": 2,
    "alwaysLatest": 1,
    "createTime": "2020-07-16T05:09:50.000Z",
    "lastUpdateTime": "2020-07-16T05:15:58.000Z",
    "auth": 2,
    "uid": "obd-oNCOv71c8dxOkk8-ZUtFyBO8lg-PvCA",
    "publishedVersion": 0,
    "forkFrom": "-",
    "isSpam": 0,
    "version": 2,
    "parentVersion": 1,
    "echartsVersion": "4.8.0",
    "versionCreateTime": "2020-07-16T05:14:04.000Z",
    "html": "",
    "externalScripts": "",
    "updaterUID": "obd-oNCOv71c8dxOkk8-ZUtFyBO8lg-PvCA",
    "theme": "default",
    "layout": "",
    "viewCount": 20,
    "userName": "h***9",
    "commentCount": 0,
    "starCount": 0,
    "isStared": 0,
    "thumbnailURL": "https://www.makeapie.com/ecg-storage/ec_gallery_thumbnail/xbuDSxBQ5X.png?v=1594876444487",
    "isCustomThumbnail": 0,
    "builtinTags": [],
    "customTags": [],
    "updaterUserName": "h***9"
}