{
    "cid": "xIG4dvxsmo",
    "authorUid": "obd-oMpzwAuCKXtSzZgLHDlYbZjUfZqDs2E",
    "authorUserName": "j***9",
    "title": "折线图",
    "description": "抄的其他作者，等修正。回头修正",
    "latestVersion": 3,
    "alwaysLatest": 1,
    "createTime": "2020-07-16T05:27:19.000Z",
    "lastUpdateTime": "2020-07-16T05:56:12.000Z",
    "auth": 2,
    "uid": "obd-oMpzwAuCKXtSzZgLHDlYbZjUfZqDs2E",
    "publishedVersion": 0,
    "forkFrom": "-",
    "isSpam": 0,
    "version": 3,
    "parentVersion": 2,
    "echartsVersion": "4.8.0",
    "versionCreateTime": "2020-07-16T05:55:35.000Z",
    "html": "",
    "externalScripts": "/dep/echarts/map/js/china.js",
    "updaterUID": "obd-oMpzwAuCKXtSzZgLHDlYbZjUfZqDs2E",
    "theme": "default",
    "layout": "",
    "viewCount": 251,
    "userName": "j***9",
    "commentCount": 0,
    "starCount": 0,
    "isStared": 0,
    "thumbnailURL": "https://www.makeapie.com/ecg-storage/ec_gallery_thumbnail/xIG4dvxsmo.png?v=1594878935228",
    "isCustomThumbnail": 0,
    "builtinTags": [
        "category-work",
        "geo",
        "legend",
        "series-effectScatter",
        "series-lines",
        "title",
        "tooltip"
    ],
    "customTags": [],
    "updaterUserName": "j***9"
}