{
    "cid": "xkD0dWcd_K",
    "authorUid": "bd-1801852221",
    "authorUserName": "J***乐",
    "title": "计算准确的饼图进度条",
    "description": "30%",
    "latestVersion": 2,
    "alwaysLatest": 1,
    "createTime": "2020-07-15T07:17:52.000Z",
    "lastUpdateTime": "2020-07-15T07:17:52.000Z",
    "auth": 2,
    "uid": "bd-1801852221",
    "publishedVersion": 0,
    "forkFrom": "-",
    "isSpam": 0,
    "version": 2,
    "parentVersion": 1,
    "echartsVersion": "4.8.0",
    "versionCreateTime": "2020-07-15T07:39:17.000Z",
    "html": "",
    "externalScripts": "",
    "updaterUID": "bd-1801852221",
    "theme": "",
    "layout": "",
    "viewCount": 64,
    "userName": "J***乐",
    "commentCount": 0,
    "starCount": 1,
    "isStared": 0,
    "thumbnailURL": "https://www.makeapie.com/ecg-storage/ec_gallery_thumbnail/xkD0dWcd_K.png?v=1594798757684",
    "isCustomThumbnail": 0,
    "builtinTags": [
        "category-work",
        "series-pie",
        "title",
        "tooltip"
    ],
    "customTags": [],
    "updaterUserName": "J***乐"
}