{
    "cid": "xkgHI-TMdE",
    "authorUid": "obd-o2ULNsJruAxNgoC1sAytt79UPkY_y6P",
    "authorUserName": "清***0",
    "title": "雷达图，边框颜色，区域着色等",
    "description": "雷达图，边框颜色，顶点颜色，legend设置，雷达区域着色",
    "latestVersion": 1,
    "alwaysLatest": 1,
    "createTime": "2020-07-16T02:32:54.000Z",
    "lastUpdateTime": "2020-07-16T02:32:54.000Z",
    "auth": 2,
    "uid": "obd-o2ULNsJruAxNgoC1sAytt79UPkY_y6P",
    "publishedVersion": 0,
    "forkFrom": "-",
    "isSpam": 0,
    "version": 1,
    "parentVersion": -1,
    "echartsVersion": "4.8.0",
    "versionCreateTime": "2020-07-16T02:32:54.000Z",
    "html": "",
    "externalScripts": "",
    "updaterUID": "obd-o2ULNsJruAxNgoC1sAytt79UPkY_y6P",
    "theme": "",
    "layout": "",
    "viewCount": 668,
    "userName": "清***0",
    "commentCount": 0,
    "starCount": 0,
    "isStared": 0,
    "thumbnailURL": "https://www.makeapie.com/ecg-storage/ec_gallery_thumbnail/xkgHI-TMdE.png?v=1594866774722",
    "isCustomThumbnail": 0,
    "builtinTags": [
        "category-work",
        "legend",
        "radar",
        "series-radar",
        "tooltip"
    ],
    "customTags": [
        "legend",
        "radar"
    ],
    "updaterUserName": "清***0"
}