{
    "cid": "xQ9Fe1xHsG",
    "authorUid": "obd-o2ULNsJruAxNgoC1sAytt79UPkY_y6P",
    "authorUserName": "清***0",
    "title": "柱形堆叠 坐标设置，统计总量展示",
    "description": "柱形堆叠 坐标设置，统计总量展示",
    "latestVersion": 2,
    "alwaysLatest": 1,
    "createTime": "2020-07-16T03:43:43.000Z",
    "lastUpdateTime": "2020-07-16T03:43:43.000Z",
    "auth": 2,
    "uid": "obd-o2ULNsJruAxNgoC1sAytt79UPkY_y6P",
    "publishedVersion": 0,
    "forkFrom": "-",
    "isSpam": 0,
    "version": 2,
    "parentVersion": 1,
    "echartsVersion": "4.8.0",
    "versionCreateTime": "2020-07-16T03:44:39.000Z",
    "html": "",
    "externalScripts": "",
    "updaterUID": "obd-o2ULNsJruAxNgoC1sAytt79UPkY_y6P",
    "theme": "",
    "layout": "",
    "viewCount": 273,
    "userName": "清***0",
    "commentCount": 0,
    "starCount": 2,
    "isStared": 0,
    "thumbnailURL": "https://www.makeapie.com/ecg-storage/ec_gallery_thumbnail/xQ9Fe1xHsG.png?v=1594871079405",
    "isCustomThumbnail": 0,
    "builtinTags": [
        "category-work",
        "grid",
        "legend",
        "series-bar",
        "tooltip"
    ],
    "customTags": [
        "label",
        "xAxis",
        "yAxis"
    ],
    "updaterUserName": "清***0"
}