{
    "cid": "xqBBHsSrK_",
    "authorUid": "bd-1801852221",
    "authorUserName": "J***乐",
    "title": "44%饼图",
    "description": "",
    "latestVersion": 2,
    "alwaysLatest": 1,
    "createTime": "2020-07-15T07:40:37.000Z",
    "lastUpdateTime": "2020-07-15T07:40:37.000Z",
    "auth": 2,
    "uid": "bd-1801852221",
    "publishedVersion": 0,
    "forkFrom": "-",
    "isSpam": 0,
    "version": 2,
    "parentVersion": 1,
    "echartsVersion": "4.9.0",
    "versionCreateTime": "2021-06-23T02:02:20.000Z",
    "html": "",
    "externalScripts": "",
    "updaterUID": "bd-1801852221",
    "theme": "",
    "layout": "",
    "viewCount": 77,
    "userName": "J***乐",
    "commentCount": 0,
    "starCount": 0,
    "isStared": 0,
    "thumbnailURL": "https://www.makeapie.com/ecg-storage/ec_gallery_thumbnail/xqBBHsSrK_.png?v=1624413740454",
    "isCustomThumbnail": 0,
    "builtinTags": [
        "category-work",
        "series-pie",
        "title"
    ],
    "customTags": [],
    "updaterUserName": "J***乐"
}