{
    "cid": "xTYDeXUHGp",
    "authorUid": "bd-1801852221",
    "authorUserName": "J***乐",
    "title": "简单的仪表盘",
    "description": "",
    "latestVersion": 1,
    "alwaysLatest": 1,
    "createTime": "2020-07-15T02:02:12.000Z",
    "lastUpdateTime": "2020-07-15T02:02:12.000Z",
    "auth": 2,
    "uid": "bd-1801852221",
    "publishedVersion": 0,
    "forkFrom": "-",
    "isSpam": 0,
    "version": 1,
    "parentVersion": -1,
    "echartsVersion": "4.8.0",
    "versionCreateTime": "2020-07-15T02:02:12.000Z",
    "html": "",
    "externalScripts": "",
    "updaterUID": "bd-1801852221",
    "theme": "",
    "layout": "",
    "viewCount": 263,
    "userName": "J***乐",
    "commentCount": 0,
    "starCount": 2,
    "isStared": 0,
    "thumbnailURL": "https://www.makeapie.com/ecg-storage/ec_gallery_thumbnail/xTYDeXUHGp.png?v=1594778532740",
    "isCustomThumbnail": 0,
    "builtinTags": [
        "category-work",
        "series-gauge",
        "tooltip"
    ],
    "customTags": [],
    "updaterUserName": "J***乐"
}