{
    "cid": "xYZ8viPRzE",
    "authorUid": "obd-oFg6PrVkfIgGwHpIf0WU7KQbEZGab5M",
    "authorUserName": "带***飞",
    "title": "怎么让ECharts图表向左移动起来?",
    "description": "让ECharts图表动起来~",
    "latestVersion": 2,
    "alwaysLatest": 1,
    "createTime": "2020-07-16T03:41:39.000Z",
    "lastUpdateTime": "2020-07-16T03:41:39.000Z",
    "auth": 2,
    "uid": "obd-oFg6PrVkfIgGwHpIf0WU7KQbEZGab5M",
    "publishedVersion": 0,
    "forkFrom": "-",
    "isSpam": 0,
    "version": 2,
    "parentVersion": 1,
    "echartsVersion": "4.8.0",
    "versionCreateTime": "2020-07-16T03:48:07.000Z",
    "html": "",
    "externalScripts": "",
    "updaterUID": "obd-oFg6PrVkfIgGwHpIf0WU7KQbEZGab5M",
    "theme": "",
    "layout": "",
    "viewCount": 1094,
    "userName": "带***飞",
    "commentCount": 1,
    "starCount": 5,
    "isStared": 0,
    "thumbnailURL": "https://www.makeapie.com/ecg-storage/ec_gallery_thumbnail/xYZ8viPRzE.png?v=1594871287650",
    "isCustomThumbnail": 0,
    "builtinTags": [
        "category-work",
        "dataZoom",
        "grid",
        "series-line",
        "tooltip"
    ],
    "customTags": [],
    "updaterUserName": "带***飞"
}