{
    "cid": "xdI3QvOXsu",
    "authorUid": "obd-oFgwdBv8Jx1Adj7QXrqoz44I8NOW35J",
    "authorUserName": "l***尼",
    "title": "贴图统计图",
    "description": "",
    "latestVersion": 1,
    "alwaysLatest": 1,
    "createTime": "2020-09-24T01:02:51.000Z",
    "lastUpdateTime": "2020-09-24T01:02:51.000Z",
    "auth": 2,
    "uid": "obd-oFgwdBv8Jx1Adj7QXrqoz44I8NOW35J",
    "publishedVersion": 0,
    "forkFrom": "-",
    "isSpam": 0,
    "version": 1,
    "parentVersion": -1,
    "echartsVersion": "4.8.0",
    "versionCreateTime": "2020-09-24T01:02:51.000Z",
    "html": "",
    "externalScripts": "",
    "updaterUID": "obd-oFgwdBv8Jx1Adj7QXrqoz44I8NOW35J",
    "theme": "",
    "layout": "",
    "viewCount": 132,
    "userName": "l***尼",
    "commentCount": 0,
    "starCount": 1,
    "isStared": 0,
    "thumbnailURL": "https://www.makeapie.com/ecg-storage/ec_gallery_thumbnail/xdI3QvOXsu.png?v=1600909372193",
    "isCustomThumbnail": 0,
    "builtinTags": [
        "category-work",
        "grid",
        "legend",
        "markLine",
        "series-pictorialBar",
        "tooltip"
    ],
    "customTags": [],
    "updaterUserName": "l***尼"
}