{
    "cid": "xMunFC17KM",
    "authorUid": "bd-3361204259",
    "authorUserName": "儒***君",
    "title": "飞线",
    "description": "",
    "latestVersion": 8,
    "alwaysLatest": 1,
    "createTime": "2020-09-24T10:51:09.000Z",
    "lastUpdateTime": "2020-09-24T10:51:09.000Z",
    "auth": 2,
    "uid": "bd-3361204259",
    "publishedVersion": 0,
    "forkFrom": "-",
    "isSpam": 0,
    "version": 8,
    "parentVersion": 5,
    "echartsVersion": "4.8.0",
    "versionCreateTime": "2020-11-24T06:03:16.000Z",
    "html": "",
    "externalScripts": "/dep/echarts/map/js/china.js,/dep/echarts/map/js/world.js",
    "updaterUID": "bd-3361204259",
    "theme": "",
    "layout": "",
    "viewCount": 2122,
    "userName": "儒***君",
    "commentCount": 0,
    "starCount": 8,
    "isStared": 0,
    "thumbnailURL": "https://www.makeapie.com/ecg-storage/ec_gallery_thumbnail/xMunFC17KM.png?v=1606197796639",
    "isCustomThumbnail": 0,
    "builtinTags": [
        "category-work",
        "geo",
        "series-effectScatter",
        "series-lines",
        "series-map",
        "tooltip"
    ],
    "customTags": [],
    "updaterUserName": "儒***君"
}