{
    "cid": "xrajvmakPm",
    "authorUid": "obd-oDlZAyNk0MR8MOJcaHD4t_P3ohkEK17",
    "authorUserName": "码***记",
    "title": "47810",
    "description": "",
    "latestVersion": 2,
    "alwaysLatest": 1,
    "createTime": "2020-09-23T13:32:28.000Z",
    "lastUpdateTime": "2020-09-23T13:32:28.000Z",
    "auth": 2,
    "uid": "obd-oDlZAyNk0MR8MOJcaHD4t_P3ohkEK17",
    "publishedVersion": 0,
    "forkFrom": "-",
    "isSpam": 0,
    "version": 2,
    "parentVersion": 1,
    "echartsVersion": "4.8.0",
    "versionCreateTime": "2020-09-25T06:43:30.000Z",
    "html": "",
    "externalScripts": "",
    "updaterUID": "obd-oDlZAyNk0MR8MOJcaHD4t_P3ohkEK17",
    "theme": "",
    "layout": "",
    "viewCount": 63,
    "userName": "码***记",
    "commentCount": 0,
    "starCount": 1,
    "isStared": 0,
    "thumbnailURL": "https://www.makeapie.com/ecg-storage/ec_gallery_thumbnail/xrajvmakPm.png?v=1601016210422",
    "isCustomThumbnail": 0,
    "builtinTags": [
        "category-work",
        "legend",
        "series-pie",
        "title"
    ],
    "customTags": [],
    "updaterUserName": "码***记"
}