{
    "cid": "xyFOg64VfQ",
    "authorUid": "obd-oMu8EHf1M48tRn5X1gVuh2VpQ-2Nt2q",
    "authorUserName": "性***发",
    "title": "2015-2020 福州市黑翅鸢观测数",
    "description": "数据来源于：中国观鸟记录中心",
    "latestVersion": 12,
    "alwaysLatest": 1,
    "createTime": "2020-09-24T12:29:20.000Z",
    "lastUpdateTime": "2020-09-24T12:29:20.000Z",
    "auth": 2,
    "uid": "obd-oMu8EHf1M48tRn5X1gVuh2VpQ-2Nt2q",
    "publishedVersion": 0,
    "forkFrom": "-",
    "isSpam": 0,
    "version": 12,
    "parentVersion": 11,
    "echartsVersion": "4.8.0",
    "versionCreateTime": "2020-09-29T04:39:20.000Z",
    "html": "",
    "externalScripts": "",
    "updaterUID": "obd-oMu8EHf1M48tRn5X1gVuh2VpQ-2Nt2q",
    "theme": "",
    "layout": "",
    "viewCount": 464,
    "userName": "性***发",
    "commentCount": 0,
    "starCount": 4,
    "isStared": 0,
    "thumbnailURL": "https://www.makeapie.com/ecg-storage/ec_gallery_thumbnail/xyFOg64VfQ.png?v=1601354361216",
    "isCustomThumbnail": 0,
    "builtinTags": [
        "category-work",
        "geo",
        "series-effectScatter",
        "series-scatter",
        "title",
        "toolbox",
        "tooltip"
    ],
    "customTags": [],
    "updaterUserName": "性***发"
}