{
    "cid": "x-dorcWMsL",
    "authorUid": "bd-7896795",
    "authorUserName": "sigechanxxx",
    "title": "如何实现局部series重绘？",
    "description": "如图，一共有两个series，包括一个heatmap和一个scatter，我想通过setInterval实现对scatter那个series的动态更新，但是我不想重新绘制heatmap（这里是模拟的数据，我自己的数据量特别大，heatmap绘制需要好几秒），但是在我的电脑上运行时，发现setOption会将两个series全部重新绘制，使得速度特别慢。\n我尝试了设置不同的zlevel，但是没有效果，仍然会将两个series都重新绘制，请问有什么办法只re-render scatter那个series，而不重新绘制heatmap那个series？谢谢",
    "latestVersion": 2,
    "alwaysLatest": 1,
    "createTime": "2019-06-17T01:38:48.000Z",
    "lastUpdateTime": "2019-06-17T01:38:48.000Z",
    "auth": 2,
    "uid": "bd-7896795",
    "publishedVersion": 0,
    "forkFrom": "-",
    "isSpam": 0,
    "version": 2,
    "parentVersion": 1,
    "echartsVersion": "4.2.1",
    "versionCreateTime": "2019-06-17T01:39:42.000Z",
    "html": "",
    "externalScripts": "",
    "updaterUID": "bd-7896795",
    "theme": "",
    "layout": "",
    "viewCount": 1658,
    "userName": "sigechanxxx",
    "commentCount": 0,
    "starCount": 11,
    "isStared": 0,
    "thumbnailURL": "https://www.makeapie.com/ecg-storage/ec_gallery_thumbnail/x-dorcWMsL.png?v=1560735528662",
    "isCustomThumbnail": 1,
    "builtinTags": [
        "category-work",
        "grid",
        "series-heatmap",
        "series-scatter",
        "tooltip",
        "visualMap"
    ],
    "customTags": [
        "refresh",
        "update"
    ],
    "updaterUserName": "sigechanxxx"
}