{
    "cid": "x0ZLm5LLIA",
    "authorUid": "bd-3231205383",
    "authorUserName": "y***6",
    "title": "医院经纬度-测试",
    "description": "多点定位  ",
    "latestVersion": 3,
    "alwaysLatest": 1,
    "createTime": "2019-06-14T09:34:14.000Z",
    "lastUpdateTime": "2019-06-14T09:34:14.000Z",
    "auth": 2,
    "uid": "bd-3231205383",
    "publishedVersion": 0,
    "forkFrom": "-",
    "isSpam": 0,
    "version": 3,
    "parentVersion": 2,
    "echartsVersion": "4.8.0",
    "versionCreateTime": "2020-09-01T09:13:58.000Z",
    "html": "",
    "externalScripts": "",
    "updaterUID": "bd-3231205383",
    "theme": "",
    "layout": "",
    "viewCount": 2447,
    "userName": "y***6",
    "commentCount": 2,
    "starCount": 5,
    "isStared": 0,
    "thumbnailURL": "https://www.makeapie.com/ecg-storage/ec_gallery_thumbnail/x0ZLm5LLIA.png?v=1598951638555",
    "isCustomThumbnail": 0,
    "builtinTags": [
        "category-work",
        "geo",
        "legend",
        "series-effectScatter",
        "series-map",
        "series-scatter",
        "title",
        "tooltip",
        "visualMap"
    ],
    "customTags": [],
    "updaterUserName": "y***6"
}