{
    "cid": "x5BrlE0fyJ",
    "authorUid": "bd-3484322716",
    "authorUserName": "伈洳止水mz",
    "title": "Awesome Chart",
    "description": "",
    "latestVersion": 2,
    "alwaysLatest": 1,
    "createTime": "2019-06-14T13:34:47.000Z",
    "lastUpdateTime": "2019-06-14T13:34:47.000Z",
    "auth": 2,
    "uid": "bd-3484322716",
    "publishedVersion": 0,
    "forkFrom": "-",
    "isSpam": 0,
    "version": 2,
    "parentVersion": 1,
    "echartsVersion": "4.2.1",
    "versionCreateTime": "2019-06-14T13:35:21.000Z",
    "html": "",
    "externalScripts": "",
    "updaterUID": "bd-3484322716",
    "theme": "",
    "layout": "",
    "viewCount": 16,
    "userName": "伈洳止水mz",
    "commentCount": 0,
    "starCount": 0,
    "isStared": 0,
    "thumbnailURL": "https://www.makeapie.com/ecg-storage/ec_gallery_thumbnail/x5BrlE0fyJ.png?v=1560519321257",
    "isCustomThumbnail": 0,
    "builtinTags": [
        "category-work",
        "grid",
        "series-line",
        "title"
    ],
    "customTags": [],
    "updaterUserName": "伈洳止水mz"
}