{
    "cid": "x9456PDNKm",
    "authorUid": "bd-749254193",
    "authorUserName": "欧***一",
    "title": "五六月份压力对比",
    "description": "横坐标柱状图",
    "latestVersion": 5,
    "alwaysLatest": 1,
    "createTime": "2019-06-14T09:09:06.000Z",
    "lastUpdateTime": "2019-06-14T09:09:06.000Z",
    "auth": 2,
    "uid": "bd-749254193",
    "publishedVersion": 0,
    "forkFrom": "-",
    "isSpam": 0,
    "version": 5,
    "parentVersion": 4,
    "echartsVersion": "4.2.1",
    "versionCreateTime": "2019-08-16T08:19:09.000Z",
    "html": "",
    "externalScripts": "",
    "updaterUID": "bd-749254193",
    "theme": "",
    "layout": "",
    "viewCount": 4503,
    "userName": "欧***一",
    "commentCount": 0,
    "starCount": 13,
    "isStared": 0,
    "thumbnailURL": "https://www.makeapie.com/ecg-storage/ec_gallery_thumbnail/x9456PDNKm.png?v=1565943549211",
    "isCustomThumbnail": 0,
    "builtinTags": [
        "category-work",
        "grid",
        "legend",
        "series-bar",
        "title",
        "toolbox",
        "tooltip"
    ],
    "customTags": [],
    "updaterUserName": "欧***一"
}