{
    "cid": "xDZ8kaipcL",
    "authorUid": "bd-749254193",
    "authorUserName": "欧***一",
    "title": "压力与流量",
    "description": "",
    "latestVersion": 1,
    "alwaysLatest": 1,
    "createTime": "2019-06-14T09:51:22.000Z",
    "lastUpdateTime": "2019-06-14T09:51:22.000Z",
    "auth": 2,
    "uid": "bd-749254193",
    "publishedVersion": 0,
    "forkFrom": "-",
    "isSpam": 0,
    "version": 1,
    "parentVersion": -1,
    "echartsVersion": "4.2.1",
    "versionCreateTime": "2019-06-14T09:51:22.000Z",
    "html": "",
    "externalScripts": "",
    "updaterUID": "bd-749254193",
    "theme": "",
    "layout": "",
    "viewCount": 167,
    "userName": "欧***一",
    "commentCount": 0,
    "starCount": 2,
    "isStared": 0,
    "thumbnailURL": "https://www.makeapie.com/ecg-storage/ec_gallery_thumbnail/xDZ8kaipcL.png?v=1560505882310",
    "isCustomThumbnail": 0,
    "builtinTags": [
        "category-work",
        "grid",
        "legend",
        "series-bar",
        "series-line",
        "title",
        "toolbox",
        "tooltip"
    ],
    "customTags": [],
    "updaterUserName": "欧***一"
}