{
    "cid": "xGIitpXqcb",
    "authorUid": "bd-2633018513",
    "authorUserName": "阿***y",
    "title": "AxisLabel过长解决方案 - 悬浮显示",
    "description": "超出部分显示...,鼠标移入悬浮框显示全部",
    "latestVersion": 3,
    "alwaysLatest": 1,
    "createTime": "2019-06-14T07:41:48.000Z",
    "lastUpdateTime": "2019-06-14T07:41:48.000Z",
    "auth": 2,
    "uid": "bd-2633018513",
    "publishedVersion": 0,
    "forkFrom": "-",
    "isSpam": 0,
    "version": 3,
    "parentVersion": 1,
    "echartsVersion": "4.2.1",
    "versionCreateTime": "2019-06-18T04:19:07.000Z",
    "html": "",
    "externalScripts": "",
    "updaterUID": "bd-2633018513",
    "theme": "",
    "layout": "",
    "viewCount": 143,
    "userName": "阿***y",
    "commentCount": 0,
    "starCount": 0,
    "isStared": 0,
    "thumbnailURL": "https://www.makeapie.com/ecg-storage/ec_gallery_thumbnail/xGIitpXqcb.png?v=1560498109102",
    "isCustomThumbnail": 1,
    "builtinTags": [
        "category-work",
        "grid",
        "series-bar"
    ],
    "customTags": [
        "axislabel",
        "柱状图"
    ],
    "updaterUserName": "阿***y"
}