{
    "cid": "xI86Ds2b3C",
    "authorUid": "bd-1681259629",
    "authorUserName": "残***1",
    "title": "特殊横向图",
    "description": "",
    "latestVersion": 1,
    "alwaysLatest": 1,
    "createTime": "2019-06-18T08:23:03.000Z",
    "lastUpdateTime": "2019-06-18T08:23:03.000Z",
    "auth": 2,
    "uid": "bd-1681259629",
    "publishedVersion": 0,
    "forkFrom": "-",
    "isSpam": 0,
    "version": 1,
    "parentVersion": -1,
    "echartsVersion": "4.2.1",
    "versionCreateTime": "2019-06-18T08:23:03.000Z",
    "html": "",
    "externalScripts": "",
    "updaterUID": "bd-1681259629",
    "theme": "",
    "layout": "",
    "viewCount": 288,
    "userName": "残***1",
    "commentCount": 0,
    "starCount": 1,
    "isStared": 0,
    "thumbnailURL": "https://www.makeapie.com/ecg-storage/ec_gallery_thumbnail/xI86Ds2b3C.png?v=1560846183164",
    "isCustomThumbnail": 0,
    "builtinTags": [
        "category-work",
        "grid",
        "legend",
        "series-bar",
        "tooltip"
    ],
    "customTags": [],
    "updaterUserName": "残***1"
}