{
    "cid": "xo4yqYZKyc",
    "authorUid": "bd-853500374",
    "authorUserName": "F***1",
    "title": "F2",
    "description": "",
    "latestVersion": 6,
    "alwaysLatest": 1,
    "createTime": "2019-06-18T00:53:08.000Z",
    "lastUpdateTime": "2019-06-18T00:53:08.000Z",
    "auth": 2,
    "uid": "bd-853500374",
    "publishedVersion": 0,
    "forkFrom": "-",
    "isSpam": 0,
    "version": 6,
    "parentVersion": 5,
    "echartsVersion": "4.2.1",
    "versionCreateTime": "2019-06-18T01:04:03.000Z",
    "html": "",
    "externalScripts": "",
    "updaterUID": "bd-853500374",
    "theme": "",
    "layout": "",
    "viewCount": 26,
    "userName": "F***1",
    "commentCount": 0,
    "starCount": 1,
    "isStared": 0,
    "thumbnailURL": "https://www.makeapie.com/ecg-storage/ec_gallery_thumbnail/xo4yqYZKyc.png?v=1560819843527",
    "isCustomThumbnail": 0,
    "builtinTags": [
        "category-work",
        "grid",
        "series-bar",
        "title",
        "tooltip"
    ],
    "customTags": [],
    "updaterUserName": "F***1"
}