{
    "cid": "xpuk2R_ujI",
    "authorUid": "bd-853500374",
    "authorUserName": "F***1",
    "title": "F3",
    "description": "",
    "latestVersion": 1,
    "alwaysLatest": 1,
    "createTime": "2019-06-18T01:01:59.000Z",
    "lastUpdateTime": "2019-06-18T01:01:59.000Z",
    "auth": 2,
    "uid": "bd-853500374",
    "publishedVersion": 0,
    "forkFrom": "-",
    "isSpam": 0,
    "version": 1,
    "parentVersion": -1,
    "echartsVersion": "4.2.1",
    "versionCreateTime": "2019-06-18T01:01:59.000Z",
    "html": "",
    "externalScripts": "",
    "updaterUID": "bd-853500374",
    "theme": "",
    "layout": "",
    "viewCount": 58,
    "userName": "F***1",
    "commentCount": 0,
    "starCount": 2,
    "isStared": 0,
    "thumbnailURL": "https://www.makeapie.com/ecg-storage/ec_gallery_thumbnail/xpuk2R_ujI.png?v=1560819719634",
    "isCustomThumbnail": 0,
    "builtinTags": [
        "category-work",
        "grid",
        "series-bar",
        "title",
        "tooltip"
    ],
    "customTags": [],
    "updaterUserName": "F***1"
}