{
    "cid": "xqy7MyN8uX",
    "authorUid": "bd-2861661645",
    "authorUserName": "A***g",
    "title": "柱状同比对比图",
    "description": "月份进行同比，并且支持隔一个显示",
    "latestVersion": 2,
    "alwaysLatest": 1,
    "createTime": "2019-06-17T01:21:53.000Z",
    "lastUpdateTime": "2019-06-17T01:21:53.000Z",
    "auth": 2,
    "uid": "bd-2861661645",
    "publishedVersion": 0,
    "forkFrom": "-",
    "isSpam": 0,
    "version": 2,
    "parentVersion": 1,
    "echartsVersion": "4.2.1",
    "versionCreateTime": "2019-06-17T01:22:07.000Z",
    "html": "",
    "externalScripts": "",
    "updaterUID": "bd-2861661645",
    "theme": "",
    "layout": "",
    "viewCount": 36,
    "userName": "A***g",
    "commentCount": 0,
    "starCount": 1,
    "isStared": 0,
    "thumbnailURL": "https://www.makeapie.com/ecg-storage/ec_gallery_thumbnail/xqy7MyN8uX.png?v=1560734527914",
    "isCustomThumbnail": 0,
    "builtinTags": [
        "category-work",
        "grid",
        "legend",
        "series-bar",
        "tooltip"
    ],
    "customTags": [],
    "updaterUserName": "A***g"
}