{
    "cid": "xsuMHoPj30",
    "authorUid": "bd-2903669626",
    "authorUserName": "z***2",
    "title": "年份分布图",
    "description": "项目需要",
    "latestVersion": 3,
    "alwaysLatest": 1,
    "createTime": "2019-06-17T09:43:18.000Z",
    "lastUpdateTime": "2019-06-17T09:43:18.000Z",
    "auth": 2,
    "uid": "bd-2903669626",
    "publishedVersion": 0,
    "forkFrom": "-",
    "isSpam": 0,
    "version": 3,
    "parentVersion": 2,
    "echartsVersion": "4.2.1",
    "versionCreateTime": "2019-06-25T06:53:02.000Z",
    "html": "",
    "externalScripts": "",
    "updaterUID": "bd-2903669626",
    "theme": "",
    "layout": "",
    "viewCount": 48,
    "userName": "z***2",
    "commentCount": 0,
    "starCount": 0,
    "isStared": 0,
    "thumbnailURL": "https://www.makeapie.com/ecg-storage/ec_gallery_thumbnail/xsuMHoPj30.png?v=1561445582162",
    "isCustomThumbnail": 0,
    "builtinTags": [
        "category-work",
        "grid",
        "series-pictorialBar"
    ],
    "customTags": [],
    "updaterUserName": "z***2"
}