{
    "cid": "xW2BqQDRNX",
    "authorUid": "bd-853500374",
    "authorUserName": "F***1",
    "title": "F0",
    "description": "",
    "latestVersion": 2,
    "alwaysLatest": 1,
    "createTime": "2019-06-18T00:46:48.000Z",
    "lastUpdateTime": "2019-06-18T00:46:48.000Z",
    "auth": 2,
    "uid": "bd-853500374",
    "publishedVersion": 0,
    "forkFrom": "-",
    "isSpam": 0,
    "version": 2,
    "parentVersion": 1,
    "echartsVersion": "4.2.1",
    "versionCreateTime": "2019-06-18T01:09:33.000Z",
    "html": "",
    "externalScripts": "",
    "updaterUID": "bd-853500374",
    "theme": "",
    "layout": "",
    "viewCount": 16,
    "userName": "F***1",
    "commentCount": 0,
    "starCount": 0,
    "isStared": 0,
    "thumbnailURL": "https://www.makeapie.com/ecg-storage/ec_gallery_thumbnail/xW2BqQDRNX.png?v=1560820173651",
    "isCustomThumbnail": 0,
    "builtinTags": [
        "category-work",
        "grid",
        "series-bar",
        "tooltip"
    ],
    "customTags": [],
    "updaterUserName": "F***1"
}