{
    "cid": "xXou3erGx9",
    "authorUid": "bd-853500374",
    "authorUserName": "F***1",
    "title": "F1",
    "description": "",
    "latestVersion": 3,
    "alwaysLatest": 1,
    "createTime": "2019-06-18T00:50:14.000Z",
    "lastUpdateTime": "2019-06-18T00:50:14.000Z",
    "auth": 2,
    "uid": "bd-853500374",
    "publishedVersion": 0,
    "forkFrom": "-",
    "isSpam": 0,
    "version": 3,
    "parentVersion": 2,
    "echartsVersion": "4.2.1",
    "versionCreateTime": "2019-06-18T01:05:39.000Z",
    "html": "",
    "externalScripts": "",
    "updaterUID": "bd-853500374",
    "theme": "",
    "layout": "",
    "viewCount": 20,
    "userName": "F***1",
    "commentCount": 0,
    "starCount": 0,
    "isStared": 0,
    "thumbnailURL": "https://www.makeapie.com/ecg-storage/ec_gallery_thumbnail/xXou3erGx9.png?v=1560819939742",
    "isCustomThumbnail": 0,
    "builtinTags": [
        "category-work",
        "grid",
        "series-bar",
        "title",
        "tooltip"
    ],
    "customTags": [],
    "updaterUserName": "F***1"
}