{
    "cid": "xxwem1iRKG",
    "authorUid": "bd-2218016047",
    "authorUserName": "洛***夫",
    "title": "函数的使用",
    "description": "",
    "latestVersion": 1,
    "alwaysLatest": 1,
    "createTime": "2019-06-18T08:02:44.000Z",
    "lastUpdateTime": "2019-06-18T08:02:44.000Z",
    "auth": 2,
    "uid": "bd-2218016047",
    "publishedVersion": 0,
    "forkFrom": "-",
    "isSpam": 0,
    "version": 1,
    "parentVersion": -1,
    "echartsVersion": "4.2.1",
    "versionCreateTime": "2019-06-18T08:02:44.000Z",
    "html": "",
    "externalScripts": "",
    "updaterUID": "bd-2218016047",
    "theme": "",
    "layout": "",
    "viewCount": 39,
    "userName": "洛***夫",
    "commentCount": 0,
    "starCount": 1,
    "isStared": 0,
    "thumbnailURL": "https://www.makeapie.com/ecg-storage/ec_gallery_thumbnail/xxwem1iRKG.png?v=1560844964838",
    "isCustomThumbnail": 0,
    "builtinTags": [
        "category-work",
        "graphic",
        "grid",
        "series-bar",
        "title",
        "tooltip"
    ],
    "customTags": [],
    "updaterUserName": "洛***夫"
}