{
    "cid": "xyIFBZf2j9",
    "authorUid": "bd-1883047840",
    "authorUserName": "秋***m",
    "title": "渐变的饼图",
    "description": "渐变的饼图",
    "latestVersion": 4,
    "alwaysLatest": 1,
    "createTime": "2019-06-14T10:21:12.000Z",
    "lastUpdateTime": "2019-06-14T10:21:12.000Z",
    "auth": 2,
    "uid": "bd-1883047840",
    "publishedVersion": 0,
    "forkFrom": "-",
    "isSpam": 0,
    "version": 4,
    "parentVersion": 3,
    "echartsVersion": "4.2.1",
    "versionCreateTime": "2019-06-14T10:34:00.000Z",
    "html": "",
    "externalScripts": "",
    "updaterUID": "bd-1883047840",
    "theme": "",
    "layout": "",
    "viewCount": 36,
    "userName": "秋***m",
    "commentCount": 0,
    "starCount": 1,
    "isStared": 0,
    "thumbnailURL": "https://www.makeapie.com/ecg-storage/ec_gallery_thumbnail/xyIFBZf2j9.png?v=1560508440740",
    "isCustomThumbnail": 0,
    "builtinTags": [
        "category-work",
        "legend",
        "series-pie",
        "title",
        "tooltip"
    ],
    "customTags": [],
    "updaterUserName": "秋***m"
}