{
    "cid": "xzFvAo_kGf",
    "authorUid": "bd-2964226290",
    "authorUserName": "有你的远方_",
    "title": "Awesome Chart",
    "description": "and ",
    "latestVersion": 1,
    "alwaysLatest": 1,
    "createTime": "2019-06-17T08:59:44.000Z",
    "lastUpdateTime": "2019-06-17T08:59:44.000Z",
    "auth": 2,
    "uid": "bd-2964226290",
    "publishedVersion": 0,
    "forkFrom": "-",
    "isSpam": 0,
    "version": 1,
    "parentVersion": -1,
    "echartsVersion": "4.2.1",
    "versionCreateTime": "2019-06-17T08:59:44.000Z",
    "html": "",
    "externalScripts": "",
    "updaterUID": "bd-2964226290",
    "theme": "",
    "layout": "",
    "viewCount": 11,
    "userName": "有你的远方_",
    "commentCount": 0,
    "starCount": 0,
    "isStared": 0,
    "thumbnailURL": "https://www.makeapie.com/ecg-storage/ec_gallery_thumbnail/xzFvAo_kGf.png?v=1560761984603",
    "isCustomThumbnail": 0,
    "builtinTags": [
        "category-work",
        "grid",
        "series-line",
        "title"
    ],
    "customTags": [],
    "updaterUserName": "有你的远方_"
}