{
    "cid": "x31OoEvKdr",
    "authorUid": "bd-3876849695",
    "authorUserName": "8***5",
    "title": "数据饼状图",
    "description": "适合初学者看的数据饼状图",
    "latestVersion": 1,
    "alwaysLatest": 1,
    "createTime": "2019-09-03T03:56:03.000Z",
    "lastUpdateTime": "2019-09-03T03:56:03.000Z",
    "auth": 1,
    "uid": "bd-3876849695",
    "publishedVersion": 0,
    "forkFrom": "-",
    "isSpam": 0,
    "version": 1,
    "parentVersion": -1,
    "echartsVersion": "4.2.1",
    "versionCreateTime": "2019-09-03T03:56:03.000Z",
    "html": "",
    "externalScripts": "",
    "updaterUID": "bd-3876849695",
    "theme": "",
    "layout": "",
    "viewCount": 229,
    "userName": "8***5",
    "commentCount": 0,
    "starCount": 1,
    "isStared": 0,
    "thumbnailURL": "https://www.makeapie.com/ecg-storage/ec_gallery_thumbnail/x31OoEvKdr.png?v=1567482963747",
    "isCustomThumbnail": 0,
    "builtinTags": [
        "category-work",
        "legend",
        "series-pie",
        "title",
        "tooltip"
    ],
    "customTags": [],
    "updaterUserName": "8***5"
}