{
    "cid": "x9e1UmK6qD",
    "authorUid": "bd-127895190",
    "authorUserName": "C***N",
    "title": "风玫瑰图",
    "description": "风玫瑰图是气象科学专业统计图表,用来统计某个地区一段时期内风向、风速发生频率，又分为“风向玫瑰图”和“风速玫瑰图\"",
    "latestVersion": 1,
    "alwaysLatest": 1,
    "createTime": "2019-09-03T00:58:13.000Z",
    "lastUpdateTime": "2019-09-03T00:58:13.000Z",
    "auth": 2,
    "uid": "bd-127895190",
    "publishedVersion": 0,
    "forkFrom": "-",
    "isSpam": 0,
    "version": 1,
    "parentVersion": -1,
    "echartsVersion": "4.2.1",
    "versionCreateTime": "2019-09-03T00:58:13.000Z",
    "html": "",
    "externalScripts": "",
    "updaterUID": "bd-127895190",
    "theme": "",
    "layout": "",
    "viewCount": 1084,
    "userName": "C***N",
    "commentCount": 0,
    "starCount": 4,
    "isStared": 0,
    "thumbnailURL": "https://www.makeapie.com/ecg-storage/ec_gallery_thumbnail/x9e1UmK6qD.png?v=1567472293791",
    "isCustomThumbnail": 0,
    "builtinTags": [
        "category-work",
        "legend",
        "polar",
        "series-bar",
        "title",
        "tooltip"
    ],
    "customTags": [],
    "updaterUserName": "C***N"
}