{
    "cid": "x_8o5Q7zNC",
    "authorUid": "bd-2564071596",
    "authorUserName": "落***帅",
    "title": "形象工程汇总",
    "description": "百分比(%)",
    "latestVersion": 3,
    "alwaysLatest": 1,
    "createTime": "2019-09-04T01:46:04.000Z",
    "lastUpdateTime": "2019-09-04T01:46:04.000Z",
    "auth": 2,
    "uid": "bd-2564071596",
    "publishedVersion": 0,
    "forkFrom": "-",
    "isSpam": 0,
    "version": 3,
    "parentVersion": 2,
    "echartsVersion": "4.2.1",
    "versionCreateTime": "2019-09-16T01:17:07.000Z",
    "html": "",
    "externalScripts": "",
    "updaterUID": "bd-2564071596",
    "theme": "",
    "layout": "",
    "viewCount": 915,
    "userName": "落***帅",
    "commentCount": 0,
    "starCount": 3,
    "isStared": 0,
    "thumbnailURL": "https://www.makeapie.com/ecg-storage/ec_gallery_thumbnail/x_8o5Q7zNC.png?v=1568596627878",
    "isCustomThumbnail": 0,
    "builtinTags": [
        "category-work",
        "grid",
        "series-bar",
        "title",
        "tooltip"
    ],
    "customTags": [],
    "updaterUserName": "落***帅"
}