{
    "cid": "xfxSI1_M5n",
    "authorUid": "bd-3182588218",
    "authorUserName": "飞***燕",
    "title": "备选轮播饼状图表2",
    "description": "",
    "latestVersion": 1,
    "alwaysLatest": 1,
    "createTime": "2019-09-02T03:45:44.000Z",
    "lastUpdateTime": "2019-09-02T03:45:44.000Z",
    "auth": 2,
    "uid": "bd-3182588218",
    "publishedVersion": 0,
    "forkFrom": "-",
    "isSpam": 0,
    "version": 1,
    "parentVersion": -1,
    "echartsVersion": "4.2.1",
    "versionCreateTime": "2019-09-02T03:45:44.000Z",
    "html": "",
    "externalScripts": "",
    "updaterUID": "bd-3182588218",
    "theme": "",
    "layout": "",
    "viewCount": 9615,
    "userName": "飞***燕",
    "commentCount": 1,
    "starCount": 29,
    "isStared": 0,
    "thumbnailURL": "https://www.makeapie.com/ecg-storage/ec_gallery_thumbnail/xfxSI1_M5n.png?v=1567395944600",
    "isCustomThumbnail": 0,
    "builtinTags": [
        "category-work",
        "legend",
        "series-pie"
    ],
    "customTags": [],
    "updaterUserName": "飞***燕"
}