{
    "cid": "xGV0XN_ls-",
    "authorUid": "bd-2101217541",
    "authorUserName": "蝶***海",
    "title": "柱状图",
    "description": "",
    "latestVersion": 1,
    "alwaysLatest": 1,
    "createTime": "2019-09-03T12:08:11.000Z",
    "lastUpdateTime": "2019-09-03T12:08:11.000Z",
    "auth": 2,
    "uid": "bd-2101217541",
    "publishedVersion": 0,
    "forkFrom": "-",
    "isSpam": 0,
    "version": 1,
    "parentVersion": -1,
    "echartsVersion": "4.2.1",
    "versionCreateTime": "2019-09-03T12:08:11.000Z",
    "html": "",
    "externalScripts": "",
    "updaterUID": "bd-2101217541",
    "theme": "",
    "layout": "",
    "viewCount": 69,
    "userName": "蝶***海",
    "commentCount": 0,
    "starCount": 0,
    "isStared": 0,
    "thumbnailURL": "https://www.makeapie.com/ecg-storage/ec_gallery_thumbnail/xGV0XN_ls-.png?v=1567512491536",
    "isCustomThumbnail": 0,
    "builtinTags": [
        "category-work",
        "grid",
        "legend",
        "series-bar",
        "tooltip"
    ],
    "customTags": [],
    "updaterUserName": "蝶***海"
}