{
    "cid": "xHsw0PVwin",
    "authorUid": "bd-2564071596",
    "authorUserName": "落***帅",
    "title": "Awesome Chart",
    "description": "wwwwww",
    "latestVersion": 8,
    "alwaysLatest": 1,
    "createTime": "2019-09-03T09:17:14.000Z",
    "lastUpdateTime": "2019-09-03T09:17:14.000Z",
    "auth": 2,
    "uid": "bd-2564071596",
    "publishedVersion": 0,
    "forkFrom": "-",
    "isSpam": 0,
    "version": 8,
    "parentVersion": 7,
    "echartsVersion": "4.4.0",
    "versionCreateTime": "2019-10-18T03:53:41.000Z",
    "html": "",
    "externalScripts": "",
    "updaterUID": "bd-2564071596",
    "theme": "",
    "layout": "",
    "viewCount": 715,
    "userName": "落***帅",
    "commentCount": 0,
    "starCount": 0,
    "isStared": 0,
    "thumbnailURL": "https://www.makeapie.com/ecg-storage/ec_gallery_thumbnail/xHsw0PVwin.png?v=1571370821574",
    "isCustomThumbnail": 0,
    "builtinTags": [
        "category-work",
        "grid",
        "legend",
        "series-bar",
        "series-line",
        "title",
        "toolbox",
        "tooltip"
    ],
    "customTags": [],
    "updaterUserName": "落***帅"
}