{
    "cid": "xKrhe0UyXN",
    "authorUid": "bd-2564071596",
    "authorUserName": "落***帅",
    "title": "路面工程数据分析",
    "description": "3月完成情况",
    "latestVersion": 2,
    "alwaysLatest": 1,
    "createTime": "2019-09-03T10:39:54.000Z",
    "lastUpdateTime": "2019-09-03T10:39:54.000Z",
    "auth": 2,
    "uid": "bd-2564071596",
    "publishedVersion": 0,
    "forkFrom": "-",
    "isSpam": 0,
    "version": 2,
    "parentVersion": 1,
    "echartsVersion": "4.2.1",
    "versionCreateTime": "2019-09-05T05:51:25.000Z",
    "html": "",
    "externalScripts": "",
    "updaterUID": "bd-2564071596",
    "theme": "",
    "layout": "",
    "viewCount": 832,
    "userName": "落***帅",
    "commentCount": 0,
    "starCount": 3,
    "isStared": 0,
    "thumbnailURL": "https://www.makeapie.com/ecg-storage/ec_gallery_thumbnail/xKrhe0UyXN.png?v=1567662685992",
    "isCustomThumbnail": 0,
    "builtinTags": [
        "category-work",
        "grid",
        "series-bar",
        "series-pie",
        "timeline",
        "title",
        "tooltip"
    ],
    "customTags": [],
    "updaterUserName": "落***帅"
}