{
    "cid": "xpoHkYmHRy",
    "authorUid": "bd-2235327794",
    "authorUserName": "爱***野",
    "title": "渐变仪表盘",
    "description": "渐变仪表盘",
    "latestVersion": 1,
    "alwaysLatest": 1,
    "createTime": "2019-09-03T01:09:28.000Z",
    "lastUpdateTime": "2019-09-03T01:09:28.000Z",
    "auth": 2,
    "uid": "bd-2235327794",
    "publishedVersion": 0,
    "forkFrom": "-",
    "isSpam": 0,
    "version": 1,
    "parentVersion": -1,
    "echartsVersion": "4.2.1",
    "versionCreateTime": "2019-09-03T01:09:28.000Z",
    "html": "",
    "externalScripts": "",
    "updaterUID": "bd-2235327794",
    "theme": "",
    "layout": "",
    "viewCount": 306,
    "userName": "爱***野",
    "commentCount": 0,
    "starCount": 1,
    "isStared": 0,
    "thumbnailURL": "https://www.makeapie.com/ecg-storage/ec_gallery_thumbnail/xpoHkYmHRy.png?v=1567472968683",
    "isCustomThumbnail": 0,
    "builtinTags": [
        "category-work",
        "series-gauge",
        "toolbox",
        "tooltip"
    ],
    "customTags": [
        "guage"
    ],
    "updaterUserName": "爱***野"
}