{
    "cid": "xQgp0NPBHA",
    "authorUid": "bd-2235327794",
    "authorUserName": "爱***野",
    "title": "圆环label自定义",
    "description": "",
    "latestVersion": 1,
    "alwaysLatest": 1,
    "createTime": "2019-09-03T04:33:23.000Z",
    "lastUpdateTime": "2019-09-03T04:33:23.000Z",
    "auth": 2,
    "uid": "bd-2235327794",
    "publishedVersion": 0,
    "forkFrom": "-",
    "isSpam": 0,
    "version": 1,
    "parentVersion": -1,
    "echartsVersion": "4.2.1",
    "versionCreateTime": "2019-09-03T04:33:23.000Z",
    "html": "",
    "externalScripts": "",
    "updaterUID": "bd-2235327794",
    "theme": "",
    "layout": "",
    "viewCount": 89,
    "userName": "爱***野",
    "commentCount": 0,
    "starCount": 0,
    "isStared": 0,
    "thumbnailURL": "https://www.makeapie.com/ecg-storage/ec_gallery_thumbnail/xQgp0NPBHA.png?v=1567485203910",
    "isCustomThumbnail": 0,
    "builtinTags": [
        "category-work",
        "series-pie",
        "tooltip"
    ],
    "customTags": [],
    "updaterUserName": "爱***野"
}