{
    "cid": "xqOsY03g-3",
    "authorUid": "bd-3005310845",
    "authorUserName": "股***斯",
    "title": "工单处理评分",
    "description": "test",
    "latestVersion": 2,
    "alwaysLatest": 1,
    "createTime": "2019-09-02T03:31:54.000Z",
    "lastUpdateTime": "2019-09-02T03:31:54.000Z",
    "auth": 2,
    "uid": "bd-3005310845",
    "publishedVersion": 0,
    "forkFrom": "-",
    "isSpam": 0,
    "version": 2,
    "parentVersion": 1,
    "echartsVersion": "4.2.1",
    "versionCreateTime": "2019-09-06T03:15:34.000Z",
    "html": "",
    "externalScripts": "",
    "updaterUID": "bd-3005310845",
    "theme": "",
    "layout": "",
    "viewCount": 866,
    "userName": "股***斯",
    "commentCount": 0,
    "starCount": 0,
    "isStared": 0,
    "thumbnailURL": "https://www.makeapie.com/ecg-storage/ec_gallery_thumbnail/xqOsY03g-3.png?v=1567739734421",
    "isCustomThumbnail": 0,
    "builtinTags": [
        "category-work",
        "grid",
        "series-bar"
    ],
    "customTags": [
        "工单",
        "评分",
        "进度条"
    ],
    "updaterUserName": "股***斯"
}