{
    "cid": "xVJCpTikJr",
    "authorUid": "bd-3205083398",
    "authorUserName": "n***t",
    "title": "深圳地图",
    "description": "",
    "latestVersion": 4,
    "alwaysLatest": 1,
    "createTime": "2019-09-02T05:51:41.000Z",
    "lastUpdateTime": "2019-09-02T05:51:41.000Z",
    "auth": 2,
    "uid": "bd-3205083398",
    "publishedVersion": 0,
    "forkFrom": "-",
    "isSpam": 0,
    "version": 4,
    "parentVersion": 3,
    "echartsVersion": "4.2.1",
    "versionCreateTime": "2019-09-10T09:37:44.000Z",
    "html": "",
    "externalScripts": "",
    "updaterUID": "bd-3205083398",
    "theme": "",
    "layout": "",
    "viewCount": 591,
    "userName": "n***t",
    "commentCount": 0,
    "starCount": 2,
    "isStared": 0,
    "thumbnailURL": "https://www.makeapie.com/ecg-storage/ec_gallery_thumbnail/xVJCpTikJr.png?v=1568108264490",
    "isCustomThumbnail": 0,
    "builtinTags": [
        "category-work",
        "geo",
        "series-lines",
        "series-map",
        "title",
        "tooltip",
        "visualMap"
    ],
    "customTags": [],
    "updaterUserName": "n***t"
}