{
    "cid": "xvploACtke",
    "authorUid": "bd-3456958835",
    "authorUserName": "蚜***族",
    "title": "Anscombe's quartet",
    "description": "",
    "latestVersion": 1,
    "alwaysLatest": 1,
    "createTime": "2019-09-03T12:03:16.000Z",
    "lastUpdateTime": "2019-09-03T12:03:16.000Z",
    "auth": 2,
    "uid": "bd-3456958835",
    "publishedVersion": 0,
    "forkFrom": "-",
    "isSpam": 0,
    "version": 1,
    "parentVersion": -1,
    "echartsVersion": "4.2.1",
    "versionCreateTime": "2019-09-03T12:03:16.000Z",
    "html": "",
    "externalScripts": "",
    "updaterUID": "bd-3456958835",
    "theme": "",
    "layout": "",
    "viewCount": 162,
    "userName": "蚜***族",
    "commentCount": 0,
    "starCount": 0,
    "isStared": 0,
    "thumbnailURL": "https://www.makeapie.com/ecg-storage/ec_gallery_thumbnail/xvploACtke.png?v=1567512196260",
    "isCustomThumbnail": 0,
    "builtinTags": [
        "category-work",
        "grid",
        "markLine",
        "series-scatter",
        "title",
        "tooltip"
    ],
    "customTags": [],
    "updaterUserName": "蚜***族"
}