{
    "cid": "xxTD5Dw4p2",
    "authorUid": "bd-3259090913",
    "authorUserName": "b***m",
    "title": "实体办税工作量",
    "description": "",
    "latestVersion": 1,
    "alwaysLatest": 1,
    "createTime": "2019-09-03T08:20:20.000Z",
    "lastUpdateTime": "2019-09-03T08:20:20.000Z",
    "auth": 2,
    "uid": "bd-3259090913",
    "publishedVersion": 0,
    "forkFrom": "-",
    "isSpam": 0,
    "version": 1,
    "parentVersion": -1,
    "echartsVersion": "4.2.1",
    "versionCreateTime": "2019-09-03T08:20:20.000Z",
    "html": "",
    "externalScripts": "",
    "updaterUID": "bd-3259090913",
    "theme": "",
    "layout": "",
    "viewCount": 130,
    "userName": "b***m",
    "commentCount": 0,
    "starCount": 1,
    "isStared": 0,
    "thumbnailURL": "https://www.makeapie.com/ecg-storage/ec_gallery_thumbnail/xxTD5Dw4p2.png?v=1567498820503",
    "isCustomThumbnail": 0,
    "builtinTags": [
        "category-work",
        "legend",
        "series-pie",
        "title"
    ],
    "customTags": [],
    "updaterUserName": "b***m"
}