{
    "cid": "xB1eehpktG",
    "authorUid": "bd-1679792466",
    "authorUserName": "沉沦在回忆中",
    "title": "各类型注销数量占比",
    "description": "区县级",
    "latestVersion": 2,
    "alwaysLatest": 1,
    "createTime": "2018-03-09T08:55:04.000Z",
    "lastUpdateTime": "2018-03-09T08:55:04.000Z",
    "auth": 2,
    "uid": "bd-1679792466",
    "publishedVersion": 0,
    "forkFrom": "-",
    "isSpam": 0,
    "version": 2,
    "parentVersion": 1,
    "echartsVersion": "4.0.4",
    "versionCreateTime": "2018-03-10T09:22:33.000Z",
    "html": "",
    "externalScripts": "",
    "updaterUID": "bd-1679792466",
    "theme": "",
    "layout": "",
    "viewCount": 8774,
    "userName": "沉沦在回忆中",
    "commentCount": 0,
    "starCount": 12,
    "isStared": 0,
    "thumbnailURL": "https://www.makeapie.com/ecg-storage/ec_gallery_thumbnail/xB1eehpktG.png?v=1520673753914",
    "isCustomThumbnail": 0,
    "builtinTags": [
        "category-work",
        "series-pie",
        "title",
        "tooltip"
    ],
    "customTags": [],
    "updaterUserName": "沉沦在回忆中"
}