{
    "cid": "xBJEGkegKG",
    "authorUid": "bd-3493513353",
    "authorUserName": "兔子林_Grace",
    "title": "柱状图",
    "description": "",
    "latestVersion": 8,
    "alwaysLatest": 1,
    "createTime": "2018-03-09T11:24:59.000Z",
    "lastUpdateTime": "2018-03-09T11:24:59.000Z",
    "auth": 2,
    "uid": "bd-3493513353",
    "publishedVersion": 0,
    "forkFrom": "-",
    "isSpam": 0,
    "version": 8,
    "parentVersion": 7,
    "echartsVersion": "4.0.4",
    "versionCreateTime": "2018-03-12T03:18:28.000Z",
    "html": "",
    "externalScripts": "",
    "updaterUID": "bd-3493513353",
    "theme": "",
    "layout": "",
    "viewCount": 1835,
    "userName": "兔子林_Grace",
    "commentCount": 0,
    "starCount": 12,
    "isStared": 0,
    "thumbnailURL": "https://www.makeapie.com/ecg-storage/ec_gallery_thumbnail/xBJEGkegKG.png?v=1520824708171",
    "isCustomThumbnail": 0,
    "builtinTags": [
        "category-work",
        "grid",
        "series-pictorialBar"
    ],
    "customTags": [],
    "updaterUserName": "兔子林_Grace"
}