{
    "cid": "xBJw69b-tz",
    "authorUid": "bd-918439656",
    "authorUserName": "人月圆11111111",
    "title": "0.0",
    "description": "屋里糖糖和我",
    "latestVersion": 1,
    "alwaysLatest": 1,
    "createTime": "2018-03-10T07:35:26.000Z",
    "lastUpdateTime": "2018-03-10T07:35:26.000Z",
    "auth": 2,
    "uid": "bd-918439656",
    "publishedVersion": 0,
    "forkFrom": "-",
    "isSpam": 0,
    "version": 1,
    "parentVersion": -1,
    "echartsVersion": "4.0.4",
    "versionCreateTime": "2018-03-10T07:35:26.000Z",
    "html": "",
    "externalScripts": "",
    "updaterUID": "bd-918439656",
    "theme": "",
    "layout": "",
    "viewCount": 1856,
    "userName": "人月圆11111111",
    "commentCount": 0,
    "starCount": 1,
    "isStared": 0,
    "thumbnailURL": "https://www.makeapie.com/ecg-storage/ec_gallery_thumbnail/xBJw69b-tz.png?v=1520667326826",
    "isCustomThumbnail": 0,
    "builtinTags": [
        "category-work",
        "legend",
        "series-graph",
        "title",
        "tooltip"
    ],
    "customTags": [],
    "updaterUserName": "人月圆11111111"
}