{
    "cid": "xH1-HdMa_M",
    "authorUid": "bd-1966289498",
    "authorUserName": "可爱的smc",
    "title": "雾霾项目-柱状",
    "description": "",
    "latestVersion": 6,
    "alwaysLatest": 1,
    "createTime": "2018-03-07T07:43:52.000Z",
    "lastUpdateTime": "2018-03-07T07:43:52.000Z",
    "auth": 2,
    "uid": "bd-1966289498",
    "publishedVersion": 0,
    "forkFrom": "-",
    "isSpam": 0,
    "version": 6,
    "parentVersion": 5,
    "echartsVersion": "4.0.4",
    "versionCreateTime": "2018-03-18T07:19:49.000Z",
    "html": "",
    "externalScripts": "",
    "updaterUID": "bd-1966289498",
    "theme": "",
    "layout": "",
    "viewCount": 142,
    "userName": "可爱的smc",
    "commentCount": 0,
    "starCount": 0,
    "isStared": 0,
    "thumbnailURL": "https://www.makeapie.com/ecg-storage/ec_gallery_thumbnail/xH1-HdMa_M.png?v=1521357589420",
    "isCustomThumbnail": 0,
    "builtinTags": [
        "category-work",
        "grid",
        "series-bar"
    ],
    "customTags": [],
    "updaterUserName": "可爱的smc"
}