{
    "cid": "xHyHkFhyYM",
    "authorUid": "bd-1679792466",
    "authorUserName": "沉沦在回忆中",
    "title": "许可证有效数量发展趋势",
    "description": "区县级",
    "latestVersion": 1,
    "alwaysLatest": 1,
    "createTime": "2018-03-09T07:33:49.000Z",
    "lastUpdateTime": "2018-03-09T07:33:49.000Z",
    "auth": 2,
    "uid": "bd-1679792466",
    "publishedVersion": 0,
    "forkFrom": "-",
    "isSpam": 0,
    "version": 1,
    "parentVersion": -1,
    "echartsVersion": "4.0.4",
    "versionCreateTime": "2018-03-09T07:33:49.000Z",
    "html": "",
    "externalScripts": "",
    "updaterUID": "bd-1679792466",
    "theme": "",
    "layout": "",
    "viewCount": 44,
    "userName": "沉沦在回忆中",
    "commentCount": 0,
    "starCount": 0,
    "isStared": 0,
    "thumbnailURL": "https://www.makeapie.com/ecg-storage/ec_gallery_thumbnail/xHyHkFhyYM.png?v=1520580829467",
    "isCustomThumbnail": 0,
    "builtinTags": [
        "category-work",
        "grid",
        "series-line",
        "title",
        "tooltip"
    ],
    "customTags": [],
    "updaterUserName": "沉沦在回忆中"
}