{
    "cid": "xHyltAmTOG",
    "authorUid": "bd-1882523961",
    "authorUserName": "辉辉FSH",
    "title": "shanghai",
    "description": "保存上海地图json",
    "latestVersion": 1,
    "alwaysLatest": 1,
    "createTime": "2018-03-07T09:18:47.000Z",
    "lastUpdateTime": "2018-03-07T09:18:47.000Z",
    "auth": 2,
    "uid": "bd-1882523961",
    "publishedVersion": 0,
    "forkFrom": "-",
    "isSpam": 0,
    "version": 1,
    "parentVersion": -1,
    "echartsVersion": "4.0.4",
    "versionCreateTime": "2018-03-07T09:18:47.000Z",
    "html": "",
    "externalScripts": "",
    "updaterUID": "bd-1882523961",
    "theme": "",
    "layout": "",
    "viewCount": 2949,
    "userName": "辉辉FSH",
    "commentCount": 1,
    "starCount": 8,
    "isStared": 0,
    "thumbnailURL": "https://www.makeapie.com/ecg-storage/ec_gallery_thumbnail/xHyltAmTOG.png?v=1520414327798",
    "isCustomThumbnail": 0,
    "builtinTags": [
        "category-work",
        "geo",
        "legend",
        "series-effectScatter",
        "series-map",
        "series-scatter",
        "title",
        "tooltip",
        "visualMap"
    ],
    "customTags": [],
    "updaterUserName": "辉辉FSH"
}