{
    "cid": "xS1EIPVauz",
    "authorUid": "bd-3030149739",
    "authorUserName": "呜啦啦0303",
    "title": "政务概况-窗口规范",
    "description": "",
    "latestVersion": 2,
    "alwaysLatest": 1,
    "createTime": "2018-03-07T09:56:28.000Z",
    "lastUpdateTime": "2018-03-07T09:56:28.000Z",
    "auth": 2,
    "uid": "bd-3030149739",
    "publishedVersion": 0,
    "forkFrom": "-",
    "isSpam": 0,
    "version": 2,
    "parentVersion": 1,
    "echartsVersion": "4.0.4",
    "versionCreateTime": "2018-03-08T03:39:45.000Z",
    "html": "",
    "externalScripts": "",
    "updaterUID": "bd-3030149739",
    "theme": "",
    "layout": "",
    "viewCount": 300,
    "userName": "呜啦啦0303",
    "commentCount": 0,
    "starCount": 0,
    "isStared": 0,
    "thumbnailURL": "https://www.makeapie.com/ecg-storage/ec_gallery_thumbnail/xS1EIPVauz.png?v=1520480385521",
    "isCustomThumbnail": 0,
    "builtinTags": [
        "category-work",
        "legend",
        "radar",
        "series-radar",
        "tooltip"
    ],
    "customTags": [],
    "updaterUserName": "呜啦啦0303"
}