{
    "cid": "xSkCoBEpuM",
    "authorUid": "bd-3676951086",
    "authorUserName": "缘***m",
    "title": "水球图",
    "description": "暂时保存，项目需要",
    "latestVersion": 3,
    "alwaysLatest": 1,
    "createTime": "2018-03-07T09:49:25.000Z",
    "lastUpdateTime": "2018-03-07T09:49:25.000Z",
    "auth": 1,
    "uid": "bd-3676951086",
    "publishedVersion": 0,
    "forkFrom": "-",
    "isSpam": 0,
    "version": 3,
    "parentVersion": 2,
    "echartsVersion": "4.2.0",
    "versionCreateTime": "2018-12-29T02:36:00.000Z",
    "html": "",
    "externalScripts": "http://echarts.baidu.com/resource/echarts-liquidfill-1.0.4/dist/echarts-liquidfill.js",
    "updaterUID": "bd-574853079",
    "theme": "",
    "layout": "",
    "viewCount": 607,
    "userName": "缘***m",
    "commentCount": 0,
    "starCount": 2,
    "isStared": 0,
    "thumbnailURL": "https://www.makeapie.com/ecg-storage/ec_gallery_thumbnail/xSkCoBEpuM.png?v=1546050961003",
    "isCustomThumbnail": 0,
    "builtinTags": [
        "category-work",
        "series-liquidFill"
    ],
    "customTags": [],
    "updaterUserName": "Meng_szm"
}