{
    "cid": "x_mqOwL_bw",
    "authorUid": "bd-306466163",
    "authorUserName": "与***醉",
    "title": "Awesome Chart",
    "description": "",
    "latestVersion": 1,
    "alwaysLatest": 1,
    "createTime": "2020-09-14T09:16:02.000Z",
    "lastUpdateTime": "2020-09-14T09:16:02.000Z",
    "auth": 2,
    "uid": "bd-306466163",
    "publishedVersion": 0,
    "forkFrom": "-",
    "isSpam": 0,
    "version": 1,
    "parentVersion": -1,
    "echartsVersion": "4.8.0",
    "versionCreateTime": "2020-09-14T09:16:02.000Z",
    "html": "",
    "externalScripts": "",
    "updaterUID": "bd-306466163",
    "theme": "",
    "layout": "",
    "viewCount": 42,
    "userName": "与***醉",
    "commentCount": 0,
    "starCount": 0,
    "isStared": 0,
    "thumbnailURL": "https://www.makeapie.com/ecg-storage/ec_gallery_thumbnail/x_mqOwL_bw.png?v=1600074962349",
    "isCustomThumbnail": 0,
    "builtinTags": [
        "category-work",
        "dataZoom",
        "grid",
        "series-line",
        "title"
    ],
    "customTags": [],
    "updaterUserName": "与***醉"
}