{
    "cid": "xabGScy_E4",
    "authorUid": "obd-o2rTrBa6u2Nga_LiT1Qw8nN8i09sp66",
    "authorUserName": "年***彩",
    "title": "测试一个横向展示事件的时间轴示例",
    "description": "",
    "latestVersion": 6,
    "alwaysLatest": 1,
    "createTime": "2020-09-12T06:55:53.000Z",
    "lastUpdateTime": "2020-09-12T06:55:53.000Z",
    "auth": 2,
    "uid": "obd-o2rTrBa6u2Nga_LiT1Qw8nN8i09sp66",
    "publishedVersion": 0,
    "forkFrom": "-",
    "isSpam": 0,
    "version": 6,
    "parentVersion": 5,
    "echartsVersion": "4.8.0",
    "versionCreateTime": "2020-09-12T08:50:39.000Z",
    "html": "",
    "externalScripts": "",
    "updaterUID": "obd-o2rTrBa6u2Nga_LiT1Qw8nN8i09sp66",
    "theme": "",
    "layout": "",
    "viewCount": 54,
    "userName": "年***彩",
    "commentCount": 0,
    "starCount": 0,
    "isStared": 0,
    "thumbnailURL": "https://www.makeapie.com/ecg-storage/ec_gallery_thumbnail/xabGScy_E4.png?v=1599900639815",
    "isCustomThumbnail": 0,
    "builtinTags": [
        "category-work",
        "dataset",
        "grid",
        "series-line",
        "series-scatter",
        "tooltip"
    ],
    "customTags": [],
    "updaterUserName": "年***彩"
}