{
    "cid": "xbPumiZD2G",
    "authorUid": "bd-2947300467",
    "authorUserName": "莱***o",
    "title": "美团/饿了么用户性别占比",
    "description": "美团/饿了么用户性别占比",
    "latestVersion": 1,
    "alwaysLatest": 1,
    "createTime": "2020-09-12T05:56:55.000Z",
    "lastUpdateTime": "2020-09-12T05:56:55.000Z",
    "auth": 2,
    "uid": "bd-2947300467",
    "publishedVersion": 0,
    "forkFrom": "-",
    "isSpam": 0,
    "version": 1,
    "parentVersion": -1,
    "echartsVersion": "4.8.0",
    "versionCreateTime": "2020-09-12T05:56:55.000Z",
    "html": "",
    "externalScripts": "",
    "updaterUID": "bd-2947300467",
    "theme": "",
    "layout": "",
    "viewCount": 85,
    "userName": "莱***o",
    "commentCount": 0,
    "starCount": 2,
    "isStared": 0,
    "thumbnailURL": "https://www.makeapie.com/ecg-storage/ec_gallery_thumbnail/xbPumiZD2G.png?v=1599890215330",
    "isCustomThumbnail": 0,
    "builtinTags": [
        "category-work",
        "series-pie",
        "tooltip"
    ],
    "customTags": [],
    "updaterUserName": "莱***o"
}