{
    "cid": "xdj4IF5lQQ",
    "authorUid": "obd-oEggQstih0w4R3S6bXXLaYth5a4qo4Q",
    "authorUserName": "林***勇",
    "title": "Hong Kong Road Speed Indicator",
    "description": "",
    "latestVersion": 1,
    "alwaysLatest": 1,
    "createTime": "2020-09-12T13:08:55.000Z",
    "lastUpdateTime": "2020-09-12T13:08:55.000Z",
    "auth": 2,
    "uid": "obd-oEggQstih0w4R3S6bXXLaYth5a4qo4Q",
    "publishedVersion": 0,
    "forkFrom": "-",
    "isSpam": 0,
    "version": 1,
    "parentVersion": -1,
    "echartsVersion": "4.8.0",
    "versionCreateTime": "2020-09-12T13:08:55.000Z",
    "html": "",
    "externalScripts": "https://api.map.baidu.com/getscript?v=2.0&ak=xfhhaTThl11qYVrqLZii6w8qE5ggnhrY&services=&t=20190123111209,/dep/echarts/latest/extension/bmap.min.js",
    "updaterUID": "obd-oEggQstih0w4R3S6bXXLaYth5a4qo4Q",
    "theme": "",
    "layout": "",
    "viewCount": 75,
    "userName": "林***勇",
    "commentCount": 0,
    "starCount": 2,
    "isStared": 0,
    "thumbnailURL": "https://www.makeapie.com/ecg-storage/ec_gallery_thumbnail/xdj4IF5lQQ.undefined?v=",
    "isCustomThumbnail": 0,
    "builtinTags": [
        "category-work"
    ],
    "customTags": [],
    "updaterUserName": "林***勇"
}