{
    "cid": "xg5m9qQZww",
    "authorUid": "bd-1402301208",
    "authorUserName": "d***l",
    "title": "多饼图",
    "description": "",
    "latestVersion": 2,
    "alwaysLatest": 1,
    "createTime": "2020-09-15T03:27:42.000Z",
    "lastUpdateTime": "2020-09-15T03:27:42.000Z",
    "auth": 2,
    "uid": "bd-1402301208",
    "publishedVersion": 0,
    "forkFrom": "-",
    "isSpam": 0,
    "version": 2,
    "parentVersion": 1,
    "echartsVersion": "4.8.0",
    "versionCreateTime": "2020-09-15T03:30:14.000Z",
    "html": "",
    "externalScripts": "",
    "updaterUID": "bd-1402301208",
    "theme": "",
    "layout": "",
    "viewCount": 56,
    "userName": "d***l",
    "commentCount": 0,
    "starCount": 0,
    "isStared": 0,
    "thumbnailURL": "https://www.makeapie.com/ecg-storage/ec_gallery_thumbnail/xg5m9qQZww.png?v=1600140614134",
    "isCustomThumbnail": 0,
    "builtinTags": [
        "category-work",
        "series-pie",
        "title"
    ],
    "customTags": [],
    "updaterUserName": "d***l"
}