{
    "cid": "xHrUgqwC7Y",
    "authorUid": "bd-1402301208",
    "authorUserName": "d***l",
    "title": "双坐标系, 坐标轴格式化",
    "description": "Top5",
    "latestVersion": 2,
    "alwaysLatest": 1,
    "createTime": "2020-09-14T05:59:13.000Z",
    "lastUpdateTime": "2020-09-14T05:59:13.000Z",
    "auth": 2,
    "uid": "bd-1402301208",
    "publishedVersion": 0,
    "forkFrom": "-",
    "isSpam": 0,
    "version": 2,
    "parentVersion": 1,
    "echartsVersion": "4.8.0",
    "versionCreateTime": "2020-09-14T07:03:28.000Z",
    "html": "",
    "externalScripts": "",
    "updaterUID": "bd-1402301208",
    "theme": "",
    "layout": "",
    "viewCount": 120,
    "userName": "d***l",
    "commentCount": 0,
    "starCount": 0,
    "isStared": 0,
    "thumbnailURL": "https://www.makeapie.com/ecg-storage/ec_gallery_thumbnail/xHrUgqwC7Y.png?v=1600067009079",
    "isCustomThumbnail": 0,
    "builtinTags": [
        "category-work",
        "grid",
        "series-bar",
        "title"
    ],
    "customTags": [],
    "updaterUserName": "d***l"
}