{
    "cid": "xIkPkAxUqk",
    "authorUid": "obd-oD5QHIQKvyAEAlFrydaX9u9P5FyWq1T",
    "authorUserName": "l***煌",
    "title": "重点人极坐标",
    "description": "",
    "latestVersion": 4,
    "alwaysLatest": 1,
    "createTime": "2020-09-14T02:27:43.000Z",
    "lastUpdateTime": "2020-09-14T02:27:43.000Z",
    "auth": 2,
    "uid": "obd-oD5QHIQKvyAEAlFrydaX9u9P5FyWq1T",
    "publishedVersion": 0,
    "forkFrom": "-",
    "isSpam": 0,
    "version": 4,
    "parentVersion": 3,
    "echartsVersion": "4.8.0",
    "versionCreateTime": "2020-09-14T06:27:34.000Z",
    "html": "",
    "externalScripts": "",
    "updaterUID": "obd-oD5QHIQKvyAEAlFrydaX9u9P5FyWq1T",
    "theme": "",
    "layout": "",
    "viewCount": 123,
    "userName": "l***煌",
    "commentCount": 0,
    "starCount": 1,
    "isStared": 0,
    "thumbnailURL": "https://www.makeapie.com/ecg-storage/ec_gallery_thumbnail/xIkPkAxUqk.png?v=1600064854595",
    "isCustomThumbnail": 0,
    "builtinTags": [
        "category-work",
        "polar",
        "series-bar"
    ],
    "customTags": [],
    "updaterUserName": "l***煌"
}