{
    "cid": "xP6ZJJ1QOO",
    "authorUid": "bd-3882834585",
    "authorUserName": "g***4",
    "title": "仪表盘",
    "description": "",
    "latestVersion": 1,
    "alwaysLatest": 1,
    "createTime": "2020-09-11T10:06:17.000Z",
    "lastUpdateTime": "2020-09-11T10:06:17.000Z",
    "auth": 2,
    "uid": "bd-3882834585",
    "publishedVersion": 0,
    "forkFrom": "-",
    "isSpam": 0,
    "version": 1,
    "parentVersion": -1,
    "echartsVersion": "4.8.0",
    "versionCreateTime": "2020-09-11T10:06:17.000Z",
    "html": "",
    "externalScripts": "",
    "updaterUID": "bd-3882834585",
    "theme": "",
    "layout": "",
    "viewCount": 284,
    "userName": "g***4",
    "commentCount": 0,
    "starCount": 2,
    "isStared": 0,
    "thumbnailURL": "https://www.makeapie.com/ecg-storage/ec_gallery_thumbnail/xP6ZJJ1QOO.png?v=1599818777351",
    "isCustomThumbnail": 0,
    "builtinTags": [
        "category-work",
        "series-gauge"
    ],
    "customTags": [],
    "updaterUserName": "g***4"
}