{
    "cid": "xQOWFD0KfG",
    "authorUid": "obd-oNjOVqmw3EwADog-XQblNZXk-XLvoCU",
    "authorUserName": "真***s",
    "title": "",
    "description": "",
    "latestVersion": 2,
    "alwaysLatest": 1,
    "createTime": "2020-09-14T11:56:44.000Z",
    "lastUpdateTime": "2020-09-14T11:56:44.000Z",
    "auth": 2,
    "uid": "obd-oNjOVqmw3EwADog-XQblNZXk-XLvoCU",
    "publishedVersion": 0,
    "forkFrom": "-",
    "isSpam": 0,
    "version": 2,
    "parentVersion": 1,
    "echartsVersion": "4.8.0",
    "versionCreateTime": "2020-09-14T11:57:29.000Z",
    "html": "",
    "externalScripts": "",
    "updaterUID": "obd-oNjOVqmw3EwADog-XQblNZXk-XLvoCU",
    "theme": "",
    "layout": "",
    "viewCount": 29,
    "userName": "真***s",
    "commentCount": 0,
    "starCount": 0,
    "isStared": 0,
    "thumbnailURL": "https://www.makeapie.com/ecg-storage/ec_gallery_thumbnail/xQOWFD0KfG.png?v=1600084649327",
    "isCustomThumbnail": 0,
    "builtinTags": [
        "category-work",
        "grid",
        "series-line",
        "tooltip"
    ],
    "customTags": [],
    "updaterUserName": "真***s"
}