{
    "cid": "xrQ8h-yf47",
    "authorUid": "obd-ojWkxhfQB4sN6nZNKTzWjnrihAnkEEk",
    "authorUserName": "e***o",
    "title": "生产合同额+跟踪合同额",
    "description": "",
    "latestVersion": 2,
    "alwaysLatest": 1,
    "createTime": "2020-09-14T08:57:01.000Z",
    "lastUpdateTime": "2020-09-14T08:57:01.000Z",
    "auth": 2,
    "uid": "obd-ojWkxhfQB4sN6nZNKTzWjnrihAnkEEk",
    "publishedVersion": 0,
    "forkFrom": "-",
    "isSpam": 0,
    "version": 2,
    "parentVersion": 1,
    "echartsVersion": "4.8.0",
    "versionCreateTime": "2020-09-16T01:57:37.000Z",
    "html": "",
    "externalScripts": "",
    "updaterUID": "obd-ojWkxhfQB4sN6nZNKTzWjnrihAnkEEk",
    "theme": "",
    "layout": "",
    "viewCount": 160,
    "userName": "e***o",
    "commentCount": 0,
    "starCount": 1,
    "isStared": 0,
    "thumbnailURL": "https://www.makeapie.com/ecg-storage/ec_gallery_thumbnail/xrQ8h-yf47.png?v=1600221457950",
    "isCustomThumbnail": 0,
    "builtinTags": [
        "category-work",
        "series-gauge"
    ],
    "customTags": [],
    "updaterUserName": "e***o"
}