{
    "cid": "xUMzLOlZW8",
    "authorUid": "obd-o-HS0ZTEBpotGpv-NJsAwpsi1oLQiAQ",
    "authorUserName": "s***1",
    "title": "品种类目",
    "description": "待优化",
    "latestVersion": 4,
    "alwaysLatest": 1,
    "createTime": "2020-09-14T13:09:32.000Z",
    "lastUpdateTime": "2020-09-14T13:09:32.000Z",
    "auth": 1,
    "uid": "obd-o-HS0ZTEBpotGpv-NJsAwpsi1oLQiAQ",
    "publishedVersion": 0,
    "forkFrom": "-",
    "isSpam": 0,
    "version": 4,
    "parentVersion": 3,
    "echartsVersion": "4.8.0",
    "versionCreateTime": "2021-04-19T06:28:50.000Z",
    "html": "",
    "externalScripts": "",
    "updaterUID": "obd-oD-Fg87qxxsXi2S0LWsaFu11fZtBj1L",
    "theme": "dark",
    "layout": "",
    "viewCount": 348,
    "userName": "s***1",
    "commentCount": 0,
    "starCount": 4,
    "isStared": 0,
    "thumbnailURL": "https://www.makeapie.com/ecg-storage/ec_gallery_thumbnail/xUMzLOlZW8.png?v=1618813730623",
    "isCustomThumbnail": 0,
    "builtinTags": [
        "category-work",
        "series-graph",
        "tooltip"
    ],
    "customTags": [],
    "updaterUserName": "少***i"
}