{
    "cid": "xy-xDxz3Yi",
    "authorUid": "obd-oDlZAyNk0MR8MOJcaHD4t_P3ohkEK17",
    "authorUserName": "码***记",
    "title": "柱状图与标准值",
    "description": "",
    "latestVersion": 1,
    "alwaysLatest": 1,
    "createTime": "2020-09-11T06:23:18.000Z",
    "lastUpdateTime": "2020-09-11T06:23:18.000Z",
    "auth": 2,
    "uid": "obd-oDlZAyNk0MR8MOJcaHD4t_P3ohkEK17",
    "publishedVersion": 0,
    "forkFrom": "-",
    "isSpam": 0,
    "version": 1,
    "parentVersion": -1,
    "echartsVersion": "4.8.0",
    "versionCreateTime": "2020-09-11T06:23:18.000Z",
    "html": "",
    "externalScripts": "",
    "updaterUID": "obd-oDlZAyNk0MR8MOJcaHD4t_P3ohkEK17",
    "theme": "dark",
    "layout": "",
    "viewCount": 90,
    "userName": "码***记",
    "commentCount": 0,
    "starCount": 0,
    "isStared": 0,
    "thumbnailURL": "https://www.makeapie.com/ecg-storage/ec_gallery_thumbnail/xy-xDxz3Yi.png?v=1599805398603",
    "isCustomThumbnail": 0,
    "builtinTags": [
        "category-work",
        "grid",
        "legend",
        "series-bar",
        "series-line"
    ],
    "customTags": [],
    "updaterUserName": "码***记"
}