{
    "cid": "xZt-K5G0Rj",
    "authorUid": "obd-oCAnF-IkoNz6-G3tFJAwfCuHDpfSI3d",
    "authorUserName": "流***烟",
    "title": "柱状图倒置",
    "description": "将柱状图翻到过来，让数据横向显示",
    "latestVersion": 2,
    "alwaysLatest": 1,
    "createTime": "2020-09-12T11:52:58.000Z",
    "lastUpdateTime": "2020-09-12T11:52:58.000Z",
    "auth": 2,
    "uid": "obd-oCAnF-IkoNz6-G3tFJAwfCuHDpfSI3d",
    "publishedVersion": 0,
    "forkFrom": "-",
    "isSpam": 0,
    "version": 2,
    "parentVersion": 1,
    "echartsVersion": "4.8.0",
    "versionCreateTime": "2020-09-12T11:53:14.000Z",
    "html": "",
    "externalScripts": "",
    "updaterUID": "obd-oCAnF-IkoNz6-G3tFJAwfCuHDpfSI3d",
    "theme": "",
    "layout": "",
    "viewCount": 128,
    "userName": "流***烟",
    "commentCount": 0,
    "starCount": 1,
    "isStared": 0,
    "thumbnailURL": "https://www.makeapie.com/ecg-storage/ec_gallery_thumbnail/xZt-K5G0Rj.png?v=1599911594156",
    "isCustomThumbnail": 0,
    "builtinTags": [
        "category-work",
        "grid",
        "series-bar"
    ],
    "customTags": [],
    "updaterUserName": "流***烟"
}