{
    "cid": "x670HFB3sFX",
    "authorUid": "bd-631626546",
    "authorUserName": "pandaboy1123",
    "title": "博客数据",
    "description": "自己的博客数据",
    "latestVersion": 2,
    "alwaysLatest": 1,
    "createTime": "2018-09-25T08:57:50.000Z",
    "lastUpdateTime": "2018-09-25T08:57:50.000Z",
    "auth": 2,
    "uid": "bd-631626546",
    "publishedVersion": 0,
    "forkFrom": "-",
    "isSpam": 0,
    "version": 2,
    "parentVersion": 1,
    "echartsVersion": "4.2.0",
    "versionCreateTime": "2018-09-25T09:01:20.000Z",
    "html": "",
    "externalScripts": "",
    "updaterUID": "bd-631626546",
    "theme": "",
    "layout": "",
    "viewCount": 339,
    "userName": "pandaboy1123",
    "commentCount": 0,
    "starCount": 0,
    "isStared": 0,
    "thumbnailURL": "https://www.makeapie.com/ecg-storage/ec_gallery_thumbnail/x670HFB3sFX.png?v=1537866080341",
    "isCustomThumbnail": 0,
    "builtinTags": [
        "category-work",
        "grid",
        "legend",
        "series-bar",
        "toolbox",
        "tooltip"
    ],
    "customTags": [],
    "updaterUserName": "pandaboy1123"
}