{
    "cid": "x7QERSM9Vr",
    "authorUid": "bd-1125403132",
    "authorUserName": "灯应橙",
    "title": "简单圆环图",
    "description": "",
    "latestVersion": 1,
    "alwaysLatest": 1,
    "createTime": "2018-09-25T02:45:50.000Z",
    "lastUpdateTime": "2018-09-25T02:45:50.000Z",
    "auth": 2,
    "uid": "bd-1125403132",
    "publishedVersion": 0,
    "forkFrom": "-",
    "isSpam": 0,
    "version": 1,
    "parentVersion": -1,
    "echartsVersion": "4.2.0",
    "versionCreateTime": "2018-09-25T02:45:50.000Z",
    "html": "",
    "externalScripts": "",
    "updaterUID": "bd-1125403132",
    "theme": "",
    "layout": "",
    "viewCount": 2557,
    "userName": "灯应橙",
    "commentCount": 0,
    "starCount": 6,
    "isStared": 0,
    "thumbnailURL": "https://www.makeapie.com/ecg-storage/ec_gallery_thumbnail/x7QERSM9Vr.png?v=1537843550315",
    "isCustomThumbnail": 0,
    "builtinTags": [
        "category-work",
        "legend",
        "series-pie",
        "title",
        "tooltip"
    ],
    "customTags": [],
    "updaterUserName": "灯应橙"
}