{
    "cid": "xljE2T4YMP",
    "authorUid": "bd-1125403132",
    "authorUserName": "灯应橙",
    "title": "简单折线图",
    "description": "",
    "latestVersion": 1,
    "alwaysLatest": 1,
    "createTime": "2018-09-25T02:38:31.000Z",
    "lastUpdateTime": "2018-09-25T02:38:31.000Z",
    "auth": 2,
    "uid": "bd-1125403132",
    "publishedVersion": 0,
    "forkFrom": "-",
    "isSpam": 0,
    "version": 1,
    "parentVersion": -1,
    "echartsVersion": "4.2.0",
    "versionCreateTime": "2018-09-25T02:38:31.000Z",
    "html": "",
    "externalScripts": "",
    "updaterUID": "bd-1125403132",
    "theme": "",
    "layout": "",
    "viewCount": 45,
    "userName": "灯应橙",
    "commentCount": 0,
    "starCount": 0,
    "isStared": 0,
    "thumbnailURL": "https://www.makeapie.com/ecg-storage/ec_gallery_thumbnail/xljE2T4YMP.png?v=1537843111369",
    "isCustomThumbnail": 0,
    "builtinTags": [
        "category-work",
        "grid",
        "series-line",
        "tooltip"
    ],
    "customTags": [],
    "updaterUserName": "灯应橙"
}