{
    "cid": "xr1ar-FgYX",
    "authorUid": "bd-1732058280",
    "authorUserName": "W***8",
    "title": "客单价",
    "description": "",
    "latestVersion": 3,
    "alwaysLatest": 1,
    "createTime": "2018-09-20T02:09:09.000Z",
    "lastUpdateTime": "2018-09-20T02:09:09.000Z",
    "auth": 2,
    "uid": "bd-1732058280",
    "publishedVersion": 0,
    "forkFrom": "-",
    "isSpam": 0,
    "version": 3,
    "parentVersion": 2,
    "echartsVersion": "4.1.0",
    "versionCreateTime": "2018-09-20T07:23:10.000Z",
    "html": "",
    "externalScripts": "",
    "updaterUID": "bd-1732058280",
    "theme": "",
    "layout": "",
    "viewCount": 522,
    "userName": "W***8",
    "commentCount": 0,
    "starCount": 10,
    "isStared": 0,
    "thumbnailURL": "https://www.makeapie.com/ecg-storage/ec_gallery_thumbnail/xr1ar-FgYX.png?v=1537428191042",
    "isCustomThumbnail": 0,
    "builtinTags": [
        "category-work",
        "series-gauge"
    ],
    "customTags": [],
    "updaterUserName": "W***8"
}