{
    "cid": "xrJndfFxY7",
    "authorUid": "bd-2136137468",
    "authorUserName": "h***4",
    "title": "双散点图",
    "description": "",
    "latestVersion": 2,
    "alwaysLatest": 1,
    "createTime": "2018-09-20T02:14:12.000Z",
    "lastUpdateTime": "2018-09-20T02:14:12.000Z",
    "auth": 2,
    "uid": "bd-2136137468",
    "publishedVersion": 0,
    "forkFrom": "-",
    "isSpam": 0,
    "version": 2,
    "parentVersion": 1,
    "echartsVersion": "4.1.0",
    "versionCreateTime": "2018-09-20T02:58:18.000Z",
    "html": "",
    "externalScripts": "",
    "updaterUID": "bd-2136137468",
    "theme": "",
    "layout": "",
    "viewCount": 151,
    "userName": "h***4",
    "commentCount": 0,
    "starCount": 0,
    "isStared": 0,
    "thumbnailURL": "https://www.makeapie.com/ecg-storage/ec_gallery_thumbnail/xrJndfFxY7.png?v=1537412298391",
    "isCustomThumbnail": 0,
    "builtinTags": [
        "category-work",
        "grid",
        "legend",
        "series-scatter",
        "tooltip"
    ],
    "customTags": [],
    "updaterUserName": "h***4"
}