{
    "cid": "xSklcy1ZYX",
    "authorUid": "bd-3724974333",
    "authorUserName": "m***3",
    "title": "dataset饼图",
    "description": "",
    "latestVersion": 3,
    "alwaysLatest": 1,
    "createTime": "2018-09-20T08:51:20.000Z",
    "lastUpdateTime": "2020-09-29T07:54:43.000Z",
    "auth": 2,
    "uid": "bd-3724974333",
    "publishedVersion": 0,
    "forkFrom": "-",
    "isSpam": 0,
    "version": 3,
    "parentVersion": 2,
    "echartsVersion": "4.1.0",
    "versionCreateTime": "2018-09-20T10:13:18.000Z",
    "html": "",
    "externalScripts": "",
    "updaterUID": "bd-3724974333",
    "theme": "default",
    "layout": "",
    "viewCount": 121,
    "userName": "m***3",
    "commentCount": 0,
    "starCount": 0,
    "isStared": 0,
    "thumbnailURL": "https://www.makeapie.com/ecg-storage/ec_gallery_thumbnail/xSklcy1ZYX.png?v=1601366083409",
    "isCustomThumbnail": 1,
    "builtinTags": [
        "category-work",
        "dataset",
        "legend",
        "series-pie",
        "tooltip"
    ],
    "customTags": [],
    "updaterUserName": "m***3"
}