{
    "cid": "xSkVhyx-Y7",
    "authorUid": "bd-1732058280",
    "authorUserName": "W***8",
    "title": "转化率",
    "description": "",
    "latestVersion": 1,
    "alwaysLatest": 1,
    "createTime": "2018-09-20T10:00:11.000Z",
    "lastUpdateTime": "2018-09-20T10:00:11.000Z",
    "auth": 2,
    "uid": "bd-1732058280",
    "publishedVersion": 0,
    "forkFrom": "-",
    "isSpam": 0,
    "version": 1,
    "parentVersion": -1,
    "echartsVersion": "4.1.0",
    "versionCreateTime": "2018-09-20T10:00:11.000Z",
    "html": "",
    "externalScripts": "",
    "updaterUID": "bd-1732058280",
    "theme": "",
    "layout": "",
    "viewCount": 11,
    "userName": "W***8",
    "commentCount": 0,
    "starCount": 0,
    "isStared": 0,
    "thumbnailURL": "https://www.makeapie.com/ecg-storage/ec_gallery_thumbnail/xSkVhyx-Y7.png?v=1537437611928",
    "isCustomThumbnail": 0,
    "builtinTags": [
        "category-work",
        "grid",
        "legend",
        "series-line",
        "tooltip"
    ],
    "customTags": [],
    "updaterUserName": "W***8"
}