{
    "cid": "xwCe4pVyOr",
    "authorUid": "bd-3597583405",
    "authorUserName": "ti...a@sina.com",
    "title": "",
    "description": "",
    "latestVersion": 1,
    "alwaysLatest": 1,
    "createTime": "2018-09-21T08:59:09.000Z",
    "lastUpdateTime": "2018-09-21T08:59:20.000Z",
    "auth": 2,
    "uid": "bd-3597583405",
    "publishedVersion": 0,
    "forkFrom": "-",
    "isSpam": 0,
    "version": 1,
    "parentVersion": -1,
    "echartsVersion": "4.2.0",
    "versionCreateTime": "2018-09-21T08:59:09.000Z",
    "html": "",
    "externalScripts": "",
    "updaterUID": "bd-3597583405",
    "theme": "dark",
    "layout": "",
    "viewCount": 150,
    "userName": "ti...a@sina.com",
    "commentCount": 0,
    "starCount": 0,
    "isStared": 0,
    "thumbnailURL": "https://www.makeapie.com/ecg-storage/ec_gallery_thumbnail/xwCe4pVyOr.png?v=1537520350059",
    "isCustomThumbnail": 0,
    "builtinTags": [],
    "customTags": [],
    "updaterUserName": "ti...a@sina.com"
}