{
    "cid": "x6APr2i-oF",
    "authorUid": "bd-4231960130",
    "authorUserName": "数***天",
    "title": "xxx同比分析",
    "description": "柱状图and折线图",
    "latestVersion": 1,
    "alwaysLatest": 1,
    "createTime": "2019-05-29T03:20:36.000Z",
    "lastUpdateTime": "2019-05-29T03:20:36.000Z",
    "auth": 2,
    "uid": "bd-4231960130",
    "publishedVersion": 0,
    "forkFrom": "-",
    "isSpam": 0,
    "version": 1,
    "parentVersion": -1,
    "echartsVersion": "4.2.1",
    "versionCreateTime": "2019-05-29T03:20:36.000Z",
    "html": "",
    "externalScripts": "",
    "updaterUID": "bd-4231960130",
    "theme": "",
    "layout": "",
    "viewCount": 645,
    "userName": "数***天",
    "commentCount": 0,
    "starCount": 1,
    "isStared": 0,
    "thumbnailURL": "https://www.makeapie.com/ecg-storage/ec_gallery_thumbnail/x6APr2i-oF.png?v=1559100036564",
    "isCustomThumbnail": 0,
    "builtinTags": [
        "category-work",
        "grid",
        "legend",
        "series-bar",
        "series-line",
        "title",
        "tooltip"
    ],
    "customTags": [],
    "updaterUserName": "数***天"
}