{
    "cid": "xb8oMeSMtA",
    "authorUid": "bd-1830065533",
    "authorUserName": "q***9",
    "title": "最值差别很大图标",
    "description": "仅提供了处理思路。如果两个数据对于均值都超过两倍，暂未处理。\n\n如果要使用，请尽量处理数据指纹标识问题",
    "latestVersion": 1,
    "alwaysLatest": 1,
    "createTime": "2019-05-29T08:52:21.000Z",
    "lastUpdateTime": "2019-05-29T08:52:21.000Z",
    "auth": 2,
    "uid": "bd-1830065533",
    "publishedVersion": 0,
    "forkFrom": "-",
    "isSpam": 0,
    "version": 1,
    "parentVersion": -1,
    "echartsVersion": "4.2.1",
    "versionCreateTime": "2019-05-29T08:52:21.000Z",
    "html": "",
    "externalScripts": "",
    "updaterUID": "bd-1830065533",
    "theme": "",
    "layout": "",
    "viewCount": 59,
    "userName": "q***9",
    "commentCount": 0,
    "starCount": 0,
    "isStared": 0,
    "thumbnailURL": "https://www.makeapie.com/ecg-storage/ec_gallery_thumbnail/xb8oMeSMtA.png?v=1559119941239",
    "isCustomThumbnail": 0,
    "builtinTags": [
        "category-work",
        "grid",
        "series-line",
        "title",
        "tooltip"
    ],
    "customTags": [],
    "updaterUserName": "q***9"
}