{
    "cid": "xboH7OMbuv",
    "authorUid": "bd-2668314135",
    "authorUserName": "小么iii",
    "title": "2000个点的关系图网",
    "description": "2000个点的关系图网",
    "latestVersion": 7,
    "alwaysLatest": 1,
    "createTime": "2019-05-29T05:35:29.000Z",
    "lastUpdateTime": "2019-05-29T05:35:29.000Z",
    "auth": 2,
    "uid": "bd-2668314135",
    "publishedVersion": 0,
    "forkFrom": "-",
    "isSpam": 0,
    "version": 7,
    "parentVersion": 6,
    "echartsVersion": "4.2.1",
    "versionCreateTime": "2019-05-29T06:40:58.000Z",
    "html": "",
    "externalScripts": "",
    "updaterUID": "bd-2668314135",
    "theme": "",
    "layout": "",
    "viewCount": 158,
    "userName": "小么iii",
    "commentCount": 0,
    "starCount": 0,
    "isStared": 0,
    "thumbnailURL": "https://www.makeapie.com/ecg-storage/ec_gallery_thumbnail/xboH7OMbuv.png?v=1559112058281",
    "isCustomThumbnail": 0,
    "builtinTags": [
        "category-work",
        "legend",
        "series-graph"
    ],
    "customTags": [],
    "updaterUserName": "小么iii"
}