{
    "cid": "xBu6SVxOkk",
    "authorUid": "bd-181101713",
    "authorUserName": "j***6",
    "title": "环状百分比进度饼图",
    "description": "展示部分数据占百分比的多少，含背景。",
    "latestVersion": 1,
    "alwaysLatest": 1,
    "createTime": "2019-05-29T01:47:28.000Z",
    "lastUpdateTime": "2019-05-29T01:47:28.000Z",
    "auth": 2,
    "uid": "bd-181101713",
    "publishedVersion": 0,
    "forkFrom": "-",
    "isSpam": 0,
    "version": 1,
    "parentVersion": -1,
    "echartsVersion": "4.2.1",
    "versionCreateTime": "2019-05-29T01:47:28.000Z",
    "html": "",
    "externalScripts": "",
    "updaterUID": "bd-181101713",
    "theme": "",
    "layout": "",
    "viewCount": 527,
    "userName": "j***6",
    "commentCount": 0,
    "starCount": 3,
    "isStared": 0,
    "thumbnailURL": "https://www.makeapie.com/ecg-storage/ec_gallery_thumbnail/xBu6SVxOkk.png?v=1559094448977",
    "isCustomThumbnail": 0,
    "builtinTags": [
        "category-work",
        "legend",
        "series-pie",
        "title",
        "tooltip"
    ],
    "customTags": [],
    "updaterUserName": "j***6"
}