{
    "cid": "xCRwnmV3uv",
    "authorUid": "bd-1789385225",
    "authorUserName": "大***祖",
    "title": "",
    "description": "",
    "latestVersion": 1,
    "alwaysLatest": 1,
    "createTime": "2019-05-28T10:47:36.000Z",
    "lastUpdateTime": "2019-05-28T10:47:36.000Z",
    "auth": 2,
    "uid": "bd-1789385225",
    "publishedVersion": 0,
    "forkFrom": "-",
    "isSpam": 0,
    "version": 1,
    "parentVersion": -1,
    "echartsVersion": "4.2.1",
    "versionCreateTime": "2019-05-28T10:47:36.000Z",
    "html": "",
    "externalScripts": "",
    "updaterUID": "bd-1789385225",
    "theme": "",
    "layout": "",
    "viewCount": 204,
    "userName": "大***祖",
    "commentCount": 0,
    "starCount": 2,
    "isStared": 0,
    "thumbnailURL": "https://www.makeapie.com/ecg-storage/ec_gallery_thumbnail/xCRwnmV3uv.png?v=1559040456753",
    "isCustomThumbnail": 0,
    "builtinTags": [
        "category-work",
        "grid",
        "legend",
        "markLine",
        "markPoint",
        "series-bar"
    ],
    "customTags": [],
    "updaterUserName": "大***祖"
}