{
    "cid": "xe3EEjdorB",
    "authorUid": "bd-258458457",
    "authorUserName": "破***火",
    "title": "省级下辖城市",
    "description": "",
    "latestVersion": 3,
    "alwaysLatest": 1,
    "createTime": "2019-05-28T05:34:27.000Z",
    "lastUpdateTime": "2019-05-28T05:34:27.000Z",
    "auth": 2,
    "uid": "bd-258458457",
    "publishedVersion": 0,
    "forkFrom": "-",
    "isSpam": 0,
    "version": 3,
    "parentVersion": 2,
    "echartsVersion": "4.2.1",
    "versionCreateTime": "2019-05-28T05:41:09.000Z",
    "html": "",
    "externalScripts": "",
    "updaterUID": "bd-258458457",
    "theme": "",
    "layout": "",
    "viewCount": 3501,
    "userName": "破***火",
    "commentCount": 0,
    "starCount": 4,
    "isStared": 0,
    "thumbnailURL": "https://www.makeapie.com/ecg-storage/ec_gallery_thumbnail/xe3EEjdorB.png?v=1559022069465",
    "isCustomThumbnail": 0,
    "builtinTags": [
        "category-work",
        "geo",
        "series-map",
        "series-scatter",
        "title",
        "tooltip"
    ],
    "customTags": [],
    "updaterUserName": "破***火"
}