{
    "cid": "xeOsSP2YKH",
    "authorUid": "bd-181101713",
    "authorUserName": "j***6",
    "title": "轮播柱状图",
    "description": "轮播数据，tooltip根据鼠标位置计算，不固定位置，Y轴无刻线、无分割线，加箭头指示",
    "latestVersion": 3,
    "alwaysLatest": 1,
    "createTime": "2019-05-29T02:04:23.000Z",
    "lastUpdateTime": "2019-05-29T02:04:23.000Z",
    "auth": 2,
    "uid": "bd-181101713",
    "publishedVersion": 0,
    "forkFrom": "-",
    "isSpam": 0,
    "version": 3,
    "parentVersion": 2,
    "echartsVersion": "4.2.1",
    "versionCreateTime": "2019-05-29T02:18:22.000Z",
    "html": "",
    "externalScripts": "",
    "updaterUID": "bd-181101713",
    "theme": "",
    "layout": "",
    "viewCount": 992,
    "userName": "j***6",
    "commentCount": 0,
    "starCount": 6,
    "isStared": 0,
    "thumbnailURL": "https://www.makeapie.com/ecg-storage/ec_gallery_thumbnail/xeOsSP2YKH.png?v=1559096302747",
    "isCustomThumbnail": 0,
    "builtinTags": [
        "category-work",
        "grid",
        "series-bar",
        "tooltip"
    ],
    "customTags": [],
    "updaterUserName": "j***6"
}