{
    "cid": "xf0L5xzxuf",
    "authorUid": "bd-2132367858",
    "authorUserName": "爱屋1314521",
    "title": "水平渐变柱状图",
    "description": "Feature Sample: Gradient Color, Shadow, Click Zoom",
    "latestVersion": 1,
    "alwaysLatest": 1,
    "createTime": "2019-05-28T02:49:16.000Z",
    "lastUpdateTime": "2019-05-28T02:49:16.000Z",
    "auth": 2,
    "uid": "bd-2132367858",
    "publishedVersion": 0,
    "forkFrom": "-",
    "isSpam": 0,
    "version": 1,
    "parentVersion": -1,
    "echartsVersion": "4.2.1",
    "versionCreateTime": "2019-05-28T02:49:16.000Z",
    "html": "",
    "externalScripts": "",
    "updaterUID": "bd-2132367858",
    "theme": "",
    "layout": "",
    "viewCount": 228,
    "userName": "爱屋1314521",
    "commentCount": 0,
    "starCount": 3,
    "isStared": 0,
    "thumbnailURL": "https://www.makeapie.com/ecg-storage/ec_gallery_thumbnail/xf0L5xzxuf.png?v=1559011756715",
    "isCustomThumbnail": 0,
    "builtinTags": [
        "category-work",
        "dataZoom",
        "grid",
        "series-bar",
        "title"
    ],
    "customTags": [],
    "updaterUserName": "爱屋1314521"
}