{
    "cid": "xgansEFmRN",
    "authorUid": "bd-2941282864",
    "authorUserName": "l***f",
    "title": "柱图+象形图",
    "description": "柱图+象形图制作的类似于电池效果的echarts",
    "latestVersion": 3,
    "alwaysLatest": 1,
    "createTime": "2019-05-28T09:15:03.000Z",
    "lastUpdateTime": "2019-05-28T09:15:03.000Z",
    "auth": 2,
    "uid": "bd-2941282864",
    "publishedVersion": 0,
    "forkFrom": "-",
    "isSpam": 0,
    "version": 3,
    "parentVersion": 2,
    "echartsVersion": "4.2.1",
    "versionCreateTime": "2019-07-09T07:43:32.000Z",
    "html": "",
    "externalScripts": "",
    "updaterUID": "bd-2941282864",
    "theme": "",
    "layout": "",
    "viewCount": 1169,
    "userName": "l***f",
    "commentCount": 0,
    "starCount": 8,
    "isStared": 0,
    "thumbnailURL": "https://www.makeapie.com/ecg-storage/ec_gallery_thumbnail/xgansEFmRN.png?v=1562658212495",
    "isCustomThumbnail": 0,
    "builtinTags": [
        "category-work",
        "grid",
        "series-bar",
        "series-pictorialBar"
    ],
    "customTags": [],
    "updaterUserName": "l***f"
}