{
    "cid": "xiOkfPsqyl",
    "authorUid": "bd-184588791",
    "authorUserName": "r***e",
    "title": "动态子弹图示例",
    "description": "点击查看横向版本",
    "latestVersion": 2,
    "alwaysLatest": 1,
    "createTime": "2019-05-29T15:49:03.000Z",
    "lastUpdateTime": "2019-05-29T15:49:03.000Z",
    "auth": 2,
    "uid": "bd-184588791",
    "publishedVersion": 0,
    "forkFrom": "-",
    "isSpam": 0,
    "version": 2,
    "parentVersion": 1,
    "echartsVersion": "4.2.1",
    "versionCreateTime": "2019-05-29T15:50:18.000Z",
    "html": "",
    "externalScripts": "https://cdn.bootcss.com/ramda/0.25.0/ramda.min.js",
    "updaterUID": "bd-184588791",
    "theme": "",
    "layout": "",
    "viewCount": 20585,
    "userName": "r***e",
    "commentCount": 0,
    "starCount": 1,
    "isStared": 0,
    "thumbnailURL": "https://www.makeapie.com/ecg-storage/ec_gallery_thumbnail/xiOkfPsqyl.png?v=1559145018231",
    "isCustomThumbnail": 0,
    "builtinTags": [
        "category-work",
        "grid",
        "legend",
        "series-bar",
        "series-custom",
        "title",
        "toolbox",
        "tooltip"
    ],
    "customTags": [],
    "updaterUserName": "r***e"
}