{
    "cid": "xKiARwQOz8",
    "authorUid": "bd-3590532776",
    "authorUserName": "m***1",
    "title": "设置每根柱子的颜色",
    "description": "",
    "latestVersion": 1,
    "alwaysLatest": 1,
    "createTime": "2019-05-28T05:37:51.000Z",
    "lastUpdateTime": "2019-05-28T05:37:51.000Z",
    "auth": 2,
    "uid": "bd-3590532776",
    "publishedVersion": 0,
    "forkFrom": "-",
    "isSpam": 0,
    "version": 1,
    "parentVersion": -1,
    "echartsVersion": "4.2.1",
    "versionCreateTime": "2019-05-28T05:37:51.000Z",
    "html": "",
    "externalScripts": "",
    "updaterUID": "bd-3590532776",
    "theme": "",
    "layout": "",
    "viewCount": 46,
    "userName": "m***1",
    "commentCount": 0,
    "starCount": 0,
    "isStared": 0,
    "thumbnailURL": "https://www.makeapie.com/ecg-storage/ec_gallery_thumbnail/xKiARwQOz8.png?v=1559021871342",
    "isCustomThumbnail": 0,
    "builtinTags": [
        "category-work",
        "grid",
        "series-bar",
        "tooltip"
    ],
    "customTags": [],
    "updaterUserName": "m***1"
}