{
    "cid": "xMeqYqcdJl",
    "authorUid": "bd-1101197343",
    "authorUserName": "名***取",
    "title": "对称图",
    "description": "",
    "latestVersion": 3,
    "alwaysLatest": 1,
    "createTime": "2019-05-28T05:59:57.000Z",
    "lastUpdateTime": "2019-05-28T05:59:57.000Z",
    "auth": 2,
    "uid": "bd-1101197343",
    "publishedVersion": 0,
    "forkFrom": "-",
    "isSpam": 0,
    "version": 3,
    "parentVersion": 2,
    "echartsVersion": "4.2.1",
    "versionCreateTime": "2019-05-30T03:32:35.000Z",
    "html": "",
    "externalScripts": "",
    "updaterUID": "bd-1101197343",
    "theme": "",
    "layout": "",
    "viewCount": 76,
    "userName": "名***取",
    "commentCount": 0,
    "starCount": 0,
    "isStared": 0,
    "thumbnailURL": "https://www.makeapie.com/ecg-storage/ec_gallery_thumbnail/xMeqYqcdJl.png?v=1559023197990",
    "isCustomThumbnail": 1,
    "builtinTags": [
        "category-work",
        "dataZoom",
        "grid",
        "legend",
        "series-line",
        "tooltip"
    ],
    "customTags": [],
    "updaterUserName": "名***取"
}