{
    "cid": "xnp-DssHbB",
    "authorUid": "bd-2215896966",
    "authorUserName": "4***8",
    "title": "扇形图",
    "description": "",
    "latestVersion": 1,
    "alwaysLatest": 1,
    "createTime": "2019-05-29T06:10:41.000Z",
    "lastUpdateTime": "2019-05-29T06:10:41.000Z",
    "auth": 2,
    "uid": "bd-2215896966",
    "publishedVersion": 0,
    "forkFrom": "-",
    "isSpam": 0,
    "version": 1,
    "parentVersion": -1,
    "echartsVersion": "4.2.1",
    "versionCreateTime": "2019-05-29T06:10:41.000Z",
    "html": "",
    "externalScripts": "",
    "updaterUID": "bd-2215896966",
    "theme": "",
    "layout": "",
    "viewCount": 45,
    "userName": "4***8",
    "commentCount": 0,
    "starCount": 0,
    "isStared": 0,
    "thumbnailURL": "https://www.makeapie.com/ecg-storage/ec_gallery_thumbnail/xnp-DssHbB.png?v=1559110241688",
    "isCustomThumbnail": 0,
    "builtinTags": [
        "category-work",
        "legend",
        "series-pie",
        "tooltip"
    ],
    "customTags": [],
    "updaterUserName": "4***8"
}