{
    "cid": "xQ-p7W_GpY",
    "authorUid": "bd-736113567",
    "authorUserName": "白***生",
    "title": "横屏展示",
    "description": "",
    "latestVersion": 1,
    "alwaysLatest": 1,
    "createTime": "2019-05-28T09:06:49.000Z",
    "lastUpdateTime": "2019-05-28T09:06:49.000Z",
    "auth": 2,
    "uid": "bd-736113567",
    "publishedVersion": 0,
    "forkFrom": "-",
    "isSpam": 0,
    "version": 1,
    "parentVersion": -1,
    "echartsVersion": "4.2.1",
    "versionCreateTime": "2019-05-28T09:06:49.000Z",
    "html": "",
    "externalScripts": "",
    "updaterUID": "bd-736113567",
    "theme": "",
    "layout": "",
    "viewCount": 16,
    "userName": "白***生",
    "commentCount": 0,
    "starCount": 0,
    "isStared": 0,
    "thumbnailURL": "https://www.makeapie.com/ecg-storage/ec_gallery_thumbnail/xQ-p7W_GpY.png?v=1559034409784",
    "isCustomThumbnail": 0,
    "builtinTags": [
        "category-work",
        "grid",
        "series-line",
        "tooltip"
    ],
    "customTags": [],
    "updaterUserName": "白***生"
}