{
    "cid": "xrCVOGHeSj",
    "authorUid": "bd-949352471",
    "authorUserName": "b***r",
    "title": "漏斗（自定义导向漏斗）",
    "description": "1.可以自己调式位置。此示例坐标适应宽 高 都为 500px的div",
    "latestVersion": 2,
    "alwaysLatest": 1,
    "createTime": "2019-05-29T06:00:15.000Z",
    "lastUpdateTime": "2019-05-29T06:00:15.000Z",
    "auth": 2,
    "uid": "bd-949352471",
    "publishedVersion": 0,
    "forkFrom": "-",
    "isSpam": 0,
    "version": 2,
    "parentVersion": 1,
    "echartsVersion": "4.2.1",
    "versionCreateTime": "2019-05-29T06:02:48.000Z",
    "html": "",
    "externalScripts": "",
    "updaterUID": "bd-949352471",
    "theme": "",
    "layout": "",
    "viewCount": 1407,
    "userName": "b***r",
    "commentCount": 0,
    "starCount": 8,
    "isStared": 0,
    "thumbnailURL": "https://www.makeapie.com/ecg-storage/ec_gallery_thumbnail/xrCVOGHeSj.png?v=1559109768473",
    "isCustomThumbnail": 0,
    "builtinTags": [
        "category-work",
        "series-graph",
        "title",
        "tooltip"
    ],
    "customTags": [],
    "updaterUserName": "b***r"
}