{
    "cid": "xt7Gi61kWl",
    "authorUid": "bd-1610942177",
    "authorUserName": "i***t",
    "title": "苏州终端模拟",
    "description": "kongchun",
    "latestVersion": 5,
    "alwaysLatest": 1,
    "createTime": "2019-05-28T05:06:05.000Z",
    "lastUpdateTime": "2019-05-28T05:06:05.000Z",
    "auth": 2,
    "uid": "bd-1610942177",
    "publishedVersion": 0,
    "forkFrom": "-",
    "isSpam": 0,
    "version": 5,
    "parentVersion": 4,
    "echartsVersion": "4.2.1",
    "versionCreateTime": "2019-05-28T06:50:54.000Z",
    "html": "",
    "externalScripts": "/dep/echarts/map/js/china.js,/asset/get/s/data-1559018660966-7N6M4tGmm.js",
    "updaterUID": "bd-1610942177",
    "theme": "",
    "layout": "",
    "viewCount": 835,
    "userName": "i***t",
    "commentCount": 0,
    "starCount": 4,
    "isStared": 0,
    "thumbnailURL": "https://www.makeapie.com/ecg-storage/ec_gallery_thumbnail/xt7Gi61kWl.png?v=1559026254522",
    "isCustomThumbnail": 0,
    "builtinTags": [
        "category-work",
        "geo",
        "series-effectScatter",
        "series-graph",
        "series-lines",
        "title",
        "tooltip"
    ],
    "customTags": [],
    "updaterUserName": "i***t"
}