{
    "cid": "xU9HJWqM_0",
    "authorUid": "bd-3225283816",
    "authorUserName": "啸***y",
    "title": "Awesome Chart",
    "description": "",
    "latestVersion": 1,
    "alwaysLatest": 1,
    "createTime": "2019-05-29T07:55:38.000Z",
    "lastUpdateTime": "2019-05-29T07:55:38.000Z",
    "auth": 2,
    "uid": "bd-3225283816",
    "publishedVersion": 0,
    "forkFrom": "-",
    "isSpam": 0,
    "version": 1,
    "parentVersion": -1,
    "echartsVersion": "4.2.1",
    "versionCreateTime": "2019-05-29T07:55:38.000Z",
    "html": "",
    "externalScripts": "",
    "updaterUID": "bd-3225283816",
    "theme": "",
    "layout": "",
    "viewCount": 9,
    "userName": "啸***y",
    "commentCount": 0,
    "starCount": 0,
    "isStared": 0,
    "thumbnailURL": "https://www.makeapie.com/ecg-storage/ec_gallery_thumbnail/xU9HJWqM_0.png?v=1559116538290",
    "isCustomThumbnail": 0,
    "builtinTags": [
        "category-work",
        "grid",
        "series-line",
        "title"
    ],
    "customTags": [],
    "updaterUserName": "啸***y"
}