{
    "cid": "xZp8IBBL8H",
    "authorUid": "bd-3969692056",
    "authorUserName": "r***y",
    "title": "柱状图加折线图",
    "description": "柱状图加折线图",
    "latestVersion": 1,
    "alwaysLatest": 1,
    "createTime": "2019-05-28T03:40:34.000Z",
    "lastUpdateTime": "2019-05-28T03:40:34.000Z",
    "auth": 2,
    "uid": "bd-3969692056",
    "publishedVersion": 0,
    "forkFrom": "-",
    "isSpam": 0,
    "version": 1,
    "parentVersion": -1,
    "echartsVersion": "4.2.1",
    "versionCreateTime": "2019-05-28T03:40:34.000Z",
    "html": "",
    "externalScripts": "https://echarts.baidu.com/resource/echarts-gl-latest/dist/echarts-gl.min.js,/dep/echarts/latest/extension/bmap.min.js,/dep/echarts/map/js/china.js",
    "updaterUID": "bd-3969692056",
    "theme": "",
    "layout": "",
    "viewCount": 53,
    "userName": "r***y",
    "commentCount": 0,
    "starCount": 0,
    "isStared": 0,
    "thumbnailURL": "https://www.makeapie.com/ecg-storage/ec_gallery_thumbnail/xZp8IBBL8H.png?v=1559014834288",
    "isCustomThumbnail": 0,
    "builtinTags": [
        "category-work",
        "grid",
        "legend",
        "series-bar",
        "series-line",
        "title",
        "tooltip"
    ],
    "customTags": [
        "bar",
        "line"
    ],
    "updaterUserName": "r***y"
}