{
    "cid": "x-5jXqyKAB",
    "authorUid": "obd-ojh2PTvq-aKo04WGLyRd2S8ZGyiGdEb",
    "authorUserName": "蔚***陌",
    "title": "2015-2017年中国各地区水果总产量均值等级图",
    "description": "",
    "latestVersion": 5,
    "alwaysLatest": 0,
    "createTime": "2021-12-17T13:20:07.000Z",
    "lastUpdateTime": "2021-12-18T06:18:14.000Z",
    "auth": 2,
    "uid": "obd-ojh2PTvq-aKo04WGLyRd2S8ZGyiGdEb",
    "publishedVersion": 0,
    "forkFrom": "-",
    "isSpam": 0,
    "version": 5,
    "parentVersion": 3,
    "echartsVersion": "5.2.2",
    "versionCreateTime": "2021-12-18T06:18:14.000Z",
    "html": "",
    "externalScripts": "",
    "updaterUID": "obd-ojh2PTvq-aKo04WGLyRd2S8ZGyiGdEb",
    "theme": "",
    "layout": "",
    "viewCount": 0,
    "userName": "蔚***陌",
    "commentCount": 0,
    "starCount": 1,
    "isStared": 0,
    "thumbnailURL": "https://www.makeapie.com/ecg-storage/ec_gallery_thumbnail/x-5jXqyKAB.png?v=1639808294455",
    "isCustomThumbnail": 0,
    "builtinTags": [
        "category-work",
        "geo",
        "series-map",
        "tooltip",
        "visualMap"
    ],
    "customTags": [],
    "updaterUserName": "蔚***陌"
}