{
    "cid": "x553DZL50p",
    "authorUid": "bd-2752879575",
    "authorUserName": "张***杰",
    "title": "折线图表上画3角形",
    "description": "xy轴都是数字",
    "latestVersion": 2,
    "alwaysLatest": 0,
    "createTime": "2021-12-21T06:16:10.000Z",
    "lastUpdateTime": "2021-12-21T06:21:40.000Z",
    "auth": 2,
    "uid": "bd-2752879575",
    "publishedVersion": 0,
    "forkFrom": "-",
    "isSpam": 0,
    "version": 2,
    "parentVersion": 1,
    "echartsVersion": "5.2.2",
    "versionCreateTime": "2021-12-21T06:21:40.000Z",
    "html": "",
    "externalScripts": "",
    "updaterUID": "bd-2752879575",
    "theme": "",
    "layout": "",
    "viewCount": 0,
    "userName": "张***杰",
    "commentCount": 0,
    "starCount": 0,
    "isStared": 0,
    "thumbnailURL": "https://www.makeapie.com/ecg-storage/ec_gallery_thumbnail/x553DZL50p.png?v=1640067700604",
    "isCustomThumbnail": 0,
    "builtinTags": [
        "category-work",
        "grid",
        "series-line"
    ],
    "customTags": [],
    "updaterUserName": "张***杰"
}