{
    "cid": "x9SLiPVR44",
    "authorUid": "obd-o-ae8UGiAcKK4f0BKcynDZHBLQoYNAp",
    "authorUserName": "a***8",
    "title": "三维折线图",
    "description": "3d折线图绘制",
    "latestVersion": 1,
    "alwaysLatest": 0,
    "createTime": "2021-12-21T01:52:19.000Z",
    "lastUpdateTime": "2021-12-21T01:52:19.000Z",
    "auth": 2,
    "uid": "obd-o-ae8UGiAcKK4f0BKcynDZHBLQoYNAp",
    "publishedVersion": 0,
    "forkFrom": "-",
    "isSpam": 0,
    "version": 1,
    "parentVersion": -1,
    "echartsVersion": "5.2.2",
    "versionCreateTime": "2021-12-21T01:52:19.000Z",
    "html": "",
    "externalScripts": "https://cdn.jsdelivr.net/npm/echarts-gl@2/dist/echarts-gl.min.js",
    "updaterUID": "obd-o-ae8UGiAcKK4f0BKcynDZHBLQoYNAp",
    "theme": "",
    "layout": "",
    "viewCount": 0,
    "userName": "a***8",
    "commentCount": 0,
    "starCount": 1,
    "isStared": 0,
    "thumbnailURL": "https://www.makeapie.com/ecg-storage/ec_gallery_thumbnail/x9SLiPVR44.png?v=1640051539621",
    "isCustomThumbnail": 0,
    "builtinTags": [
        "category-work",
        "grid3D",
        "series-bar3D",
        "series-line3D"
    ],
    "customTags": [],
    "updaterUserName": "a***8"
}