{
    "cid": "x_4xBLUc0e",
    "authorUid": "obd-oD-F5asfPS3cQFdykVhq5olb8csHh1S",
    "authorUserName": "g***2",
    "title": "2016-2020年各省级行政区水资源总量",
    "description": "",
    "latestVersion": 18,
    "alwaysLatest": 0,
    "createTime": "2021-12-19T12:13:38.000Z",
    "lastUpdateTime": "2021-12-19T16:57:15.000Z",
    "auth": 2,
    "uid": "obd-oD-F5asfPS3cQFdykVhq5olb8csHh1S",
    "publishedVersion": 0,
    "forkFrom": "-",
    "isSpam": 0,
    "version": 18,
    "parentVersion": 17,
    "echartsVersion": "5.2.2",
    "versionCreateTime": "2021-12-19T16:57:15.000Z",
    "html": "",
    "externalScripts": "https://cdn.jsdelivr.net/npm/echarts@5/dist/extension/bmap.min.js",
    "updaterUID": "obd-oD-F5asfPS3cQFdykVhq5olb8csHh1S",
    "theme": "",
    "layout": "",
    "viewCount": 0,
    "userName": "g***2",
    "commentCount": 0,
    "starCount": 0,
    "isStared": 0,
    "thumbnailURL": "https://www.makeapie.com/ecg-storage/ec_gallery_thumbnail/x_4xBLUc0e.png?v=1639933035951",
    "isCustomThumbnail": 0,
    "builtinTags": [
        "category-work",
        "geo",
        "grid",
        "series-bar",
        "series-map",
        "series-scatter",
        "timeline",
        "title",
        "tooltip",
        "visualMap"
    ],
    "customTags": [],
    "updaterUserName": "g***2"
}