{
    "cid": "xjzWjK-Ev6",
    "authorUid": "obd-oMmVgYjzB50Xt-n57QwUKkfNi6WhY2E",
    "authorUserName": "伯***生",
    "title": "流动",
    "description": "",
    "latestVersion": 1,
    "alwaysLatest": 0,
    "createTime": "2021-12-17T12:20:55.000Z",
    "lastUpdateTime": "2021-12-17T12:20:55.000Z",
    "auth": 2,
    "uid": "obd-oMmVgYjzB50Xt-n57QwUKkfNi6WhY2E",
    "publishedVersion": 0,
    "forkFrom": "-",
    "isSpam": 0,
    "version": 1,
    "parentVersion": -1,
    "echartsVersion": "5.2.2",
    "versionCreateTime": "2021-12-17T12:20:55.000Z",
    "html": "",
    "externalScripts": "",
    "updaterUID": "obd-oMmVgYjzB50Xt-n57QwUKkfNi6WhY2E",
    "theme": "",
    "layout": "",
    "viewCount": 0,
    "userName": "伯***生",
    "commentCount": 0,
    "starCount": 0,
    "isStared": 0,
    "thumbnailURL": "https://www.makeapie.com/ecg-storage/ec_gallery_thumbnail/xjzWjK-Ev6.png?v=1639743655661",
    "isCustomThumbnail": 0,
    "builtinTags": [
        "category-work",
        "grid",
        "legend",
        "series-line",
        "series-lines",
        "tooltip"
    ],
    "customTags": [],
    "updaterUserName": "伯***生"
}