{
    "cid": "xKgcEa7L7o",
    "authorUid": "obd-oEV7GQDl8UnBj5tFWjhOczXdiZo3A4b",
    "authorUserName": "w***5",
    "title": "路线地图",
    "description": "",
    "latestVersion": 1,
    "alwaysLatest": 0,
    "createTime": "2021-12-21T03:32:50.000Z",
    "lastUpdateTime": "2021-12-21T03:32:50.000Z",
    "auth": 2,
    "uid": "obd-oEV7GQDl8UnBj5tFWjhOczXdiZo3A4b",
    "publishedVersion": 0,
    "forkFrom": "-",
    "isSpam": 0,
    "version": 1,
    "parentVersion": -1,
    "echartsVersion": "5.2.2",
    "versionCreateTime": "2021-12-21T03:32:50.000Z",
    "html": "",
    "externalScripts": "ningbo.json",
    "updaterUID": "obd-oEV7GQDl8UnBj5tFWjhOczXdiZo3A4b",
    "theme": "",
    "layout": "",
    "viewCount": 0,
    "userName": "w***5",
    "commentCount": 0,
    "starCount": 1,
    "isStared": 0,
    "thumbnailURL": "https://www.makeapie.com/ecg-storage/ec_gallery_thumbnail/xKgcEa7L7o.png?v=1640057570596",
    "isCustomThumbnail": 0,
    "builtinTags": [
        "category-work",
        "geo",
        "series-lines",
        "series-map",
        "series-scatter",
        "visualMap"
    ],
    "customTags": [],
    "updaterUserName": "w***5"
}