{
    "cid": "xKQGNqVvQq",
    "authorUid": "obd-o0BOMdovXx54JSqvCTFK45mAwO6XiFN",
    "authorUserName": "淼***呀",
    "title": "温度表盘",
    "description": "请使用echart5.0版本以上以支持distance",
    "latestVersion": 2,
    "alwaysLatest": 0,
    "createTime": "2021-12-21T02:55:30.000Z",
    "lastUpdateTime": "2021-12-21T03:40:01.000Z",
    "auth": 2,
    "uid": "obd-o0BOMdovXx54JSqvCTFK45mAwO6XiFN",
    "publishedVersion": 0,
    "forkFrom": "-",
    "isSpam": 0,
    "version": 2,
    "parentVersion": 1,
    "echartsVersion": "5.2.2",
    "versionCreateTime": "2021-12-21T03:40:01.000Z",
    "html": "",
    "externalScripts": "",
    "updaterUID": "obd-o0BOMdovXx54JSqvCTFK45mAwO6XiFN",
    "theme": "",
    "layout": "",
    "viewCount": 0,
    "userName": "淼***呀",
    "commentCount": 0,
    "starCount": 0,
    "isStared": 0,
    "thumbnailURL": "https://www.makeapie.com/ecg-storage/ec_gallery_thumbnail/xKQGNqVvQq.png?v=1640058001940",
    "isCustomThumbnail": 0,
    "builtinTags": [
        "category-work",
        "series-gauge",
        "series-pie"
    ],
    "customTags": [],
    "updaterUserName": "淼***呀"
}