{
    "cid": "xkwrTvvjG8",
    "authorUid": "obd-oPsyhu4fiDDup2Qm3T1s3EYr3UVrr9D",
    "authorUserName": "z***4",
    "title": "三角雷达图",
    "description": "良好",
    "latestVersion": 1,
    "alwaysLatest": 0,
    "createTime": "2021-12-21T06:51:37.000Z",
    "lastUpdateTime": "2021-12-21T06:51:37.000Z",
    "auth": 2,
    "uid": "obd-oPsyhu4fiDDup2Qm3T1s3EYr3UVrr9D",
    "publishedVersion": 0,
    "forkFrom": "-",
    "isSpam": 0,
    "version": 1,
    "parentVersion": -1,
    "echartsVersion": "5.2.2",
    "versionCreateTime": "2021-12-21T06:51:37.000Z",
    "html": "",
    "externalScripts": "",
    "updaterUID": "obd-oPsyhu4fiDDup2Qm3T1s3EYr3UVrr9D",
    "theme": "",
    "layout": "",
    "viewCount": 0,
    "userName": "z***4",
    "commentCount": 0,
    "starCount": 1,
    "isStared": 0,
    "thumbnailURL": "https://www.makeapie.com/ecg-storage/ec_gallery_thumbnail/xkwrTvvjG8.png?v=1640069497814",
    "isCustomThumbnail": 0,
    "builtinTags": [
        "category-work",
        "radar",
        "series-radar",
        "title",
        "tooltip"
    ],
    "customTags": [],
    "updaterUserName": "z***4"
}