{
    "cid": "xKzEDNjW2F",
    "authorUid": "obd-o2SLy3-g3q7ExOyp36JF2Ob_F87gk64",
    "authorUserName": "B***n",
    "title": "高英杰微创新",
    "description": "重庆城交院",
    "latestVersion": 2,
    "alwaysLatest": 0,
    "createTime": "2021-12-19T05:34:27.000Z",
    "lastUpdateTime": "2021-12-23T16:42:33.000Z",
    "auth": 2,
    "uid": "obd-o2SLy3-g3q7ExOyp36JF2Ob_F87gk64",
    "publishedVersion": 0,
    "forkFrom": "-",
    "isSpam": 0,
    "version": 2,
    "parentVersion": 1,
    "echartsVersion": "5.2.2",
    "versionCreateTime": "2021-12-23T16:42:33.000Z",
    "html": "",
    "externalScripts": "",
    "updaterUID": "obd-o2SLy3-g3q7ExOyp36JF2Ob_F87gk64",
    "theme": "",
    "layout": "",
    "viewCount": 0,
    "userName": "B***n",
    "commentCount": 0,
    "starCount": 1,
    "isStared": 0,
    "thumbnailURL": "https://www.makeapie.com/ecg-storage/ec_gallery_thumbnail/xKzEDNjW2F.png?v=1640277753986",
    "isCustomThumbnail": 0,
    "builtinTags": [
        "category-work",
        "geo",
        "grid",
        "series-bar",
        "series-effectScatter",
        "series-lines",
        "series-map",
        "series-scatter",
        "timeline",
        "title",
        "tooltip",
        "visualMap"
    ],
    "customTags": [],
    "updaterUserName": "B***n"
}