{
    "cid": "xNKeN8fb2S",
    "authorUid": "obd-oN3Der7145xNUFRjASJf0tX8wSsjOCj",
    "authorUserName": "l***亚",
    "title": "芝麻分",
    "description": "",
    "latestVersion": 1,
    "alwaysLatest": 0,
    "createTime": "2021-12-20T01:33:19.000Z",
    "lastUpdateTime": "2021-12-20T01:33:19.000Z",
    "auth": 2,
    "uid": "obd-oN3Der7145xNUFRjASJf0tX8wSsjOCj",
    "publishedVersion": 0,
    "forkFrom": "-",
    "isSpam": 0,
    "version": 1,
    "parentVersion": -1,
    "echartsVersion": "5.2.2",
    "versionCreateTime": "2021-12-20T01:33:19.000Z",
    "html": "",
    "externalScripts": "",
    "updaterUID": "obd-oN3Der7145xNUFRjASJf0tX8wSsjOCj",
    "theme": "",
    "layout": "",
    "viewCount": 0,
    "userName": "l***亚",
    "commentCount": 0,
    "starCount": 4,
    "isStared": 0,
    "thumbnailURL": "https://www.makeapie.com/ecg-storage/ec_gallery_thumbnail/xNKeN8fb2S.png?v=1639963999134",
    "isCustomThumbnail": 1,
    "builtinTags": [
        "category-work",
        "series-gauge"
    ],
    "customTags": [],
    "updaterUserName": "l***亚"
}