{
    "cid": "xTJE1690bG",
    "authorUid": "bd-2752879575",
    "authorUserName": "张***杰",
    "title": "折线图上画3角形",
    "description": "x轴是时间",
    "latestVersion": 4,
    "alwaysLatest": 0,
    "createTime": "2021-12-21T06:16:55.000Z",
    "lastUpdateTime": "2021-12-21T06:29:49.000Z",
    "auth": 2,
    "uid": "bd-2752879575",
    "publishedVersion": 0,
    "forkFrom": "-",
    "isSpam": 0,
    "version": 4,
    "parentVersion": 3,
    "echartsVersion": "5.2.2",
    "versionCreateTime": "2021-12-21T06:29:49.000Z",
    "html": "",
    "externalScripts": "",
    "updaterUID": "bd-2752879575",
    "theme": "",
    "layout": "",
    "viewCount": 0,
    "userName": "张***杰",
    "commentCount": 0,
    "starCount": 0,
    "isStared": 0,
    "thumbnailURL": "https://www.makeapie.com/ecg-storage/ec_gallery_thumbnail/xTJE1690bG.png?v=1640068189846",
    "isCustomThumbnail": 0,
    "builtinTags": [
        "category-work",
        "grid",
        "series-line"
    ],
    "customTags": [],
    "updaterUserName": "张***杰"
}