{
    "cid": "xVYAw_e68L",
    "authorUid": "obd-oN5Ds0RSZeHageOmpvV6ymVe71BRVCx",
    "authorUserName": "正***眼",
    "title": "线图",
    "description": "线图",
    "latestVersion": 4,
    "alwaysLatest": 0,
    "createTime": "2021-12-19T10:55:49.000Z",
    "lastUpdateTime": "2021-12-19T13:20:18.000Z",
    "auth": 2,
    "uid": "obd-oN5Ds0RSZeHageOmpvV6ymVe71BRVCx",
    "publishedVersion": 0,
    "forkFrom": "-",
    "isSpam": 0,
    "version": 4,
    "parentVersion": 3,
    "echartsVersion": "5.2.2",
    "versionCreateTime": "2021-12-19T13:20:18.000Z",
    "html": "",
    "externalScripts": "",
    "updaterUID": "obd-oN5Ds0RSZeHageOmpvV6ymVe71BRVCx",
    "theme": "",
    "layout": "",
    "viewCount": 0,
    "userName": "正***眼",
    "commentCount": 0,
    "starCount": 0,
    "isStared": 0,
    "thumbnailURL": "https://www.makeapie.com/ecg-storage/ec_gallery_thumbnail/xVYAw_e68L.png?v=1639920018731",
    "isCustomThumbnail": 0,
    "builtinTags": [
        "category-work",
        "series-graph",
        "title",
        "tooltip"
    ],
    "customTags": [],
    "updaterUserName": "正***眼"
}