{
    "cid": "xyFHg3dhLl",
    "authorUid": "obd-o2SLy3-g3q7ExOyp36JF2Ob_F87gk64",
    "authorUserName": "B***n",
    "title": "高英杰微创新作品",
    "description": "绵阳市对外交通量吸引比例，数据虚构",
    "latestVersion": 1,
    "alwaysLatest": 1,
    "createTime": "2021-12-19T08:00:50.000Z",
    "lastUpdateTime": "2021-12-19T08:00:50.000Z",
    "auth": 2,
    "uid": "obd-o2SLy3-g3q7ExOyp36JF2Ob_F87gk64",
    "publishedVersion": 0,
    "forkFrom": "-",
    "isSpam": 0,
    "version": 1,
    "parentVersion": -1,
    "echartsVersion": "5.2.2",
    "versionCreateTime": "2021-12-19T08:00:50.000Z",
    "html": "",
    "externalScripts": "/dep/echarts/map/js/china.js",
    "updaterUID": "obd-o2SLy3-g3q7ExOyp36JF2Ob_F87gk64",
    "theme": "",
    "layout": "",
    "viewCount": 0,
    "userName": "B***n",
    "commentCount": 0,
    "starCount": 0,
    "isStared": 0,
    "thumbnailURL": "https://www.makeapie.com/ecg-storage/ec_gallery_thumbnail/xyFHg3dhLl.png?v=1639900850938",
    "isCustomThumbnail": 0,
    "builtinTags": [
        "category-work",
        "geo",
        "series-effectScatter",
        "series-lines",
        "series-scatter",
        "title",
        "tooltip",
        "visualMap"
    ],
    "customTags": [],
    "updaterUserName": "B***n"
}