{
    "cid": "xZ34COHqPU",
    "authorUid": "obd-otCkFurVYcfazHQTExH9eTGvnA0Vh8X",
    "authorUserName": "风***下",
    "title": "折线图",
    "description": "折线图",
    "latestVersion": 1,
    "alwaysLatest": 0,
    "createTime": "2021-12-20T05:28:28.000Z",
    "lastUpdateTime": "2021-12-20T05:28:28.000Z",
    "auth": 2,
    "uid": "obd-otCkFurVYcfazHQTExH9eTGvnA0Vh8X",
    "publishedVersion": 0,
    "forkFrom": "-",
    "isSpam": 0,
    "version": 1,
    "parentVersion": -1,
    "echartsVersion": "5.2.2",
    "versionCreateTime": "2021-12-20T05:28:28.000Z",
    "html": "",
    "externalScripts": "",
    "updaterUID": "obd-otCkFurVYcfazHQTExH9eTGvnA0Vh8X",
    "theme": "",
    "layout": "",
    "viewCount": 0,
    "userName": "风***下",
    "commentCount": 0,
    "starCount": 2,
    "isStared": 0,
    "thumbnailURL": "https://www.makeapie.com/ecg-storage/ec_gallery_thumbnail/xZ34COHqPU.png?v=1639978108717",
    "isCustomThumbnail": 0,
    "builtinTags": [
        "category-work",
        "grid",
        "legend",
        "series-line",
        "tooltip"
    ],
    "customTags": [],
    "updaterUserName": "风***下"
}