{
    "cid": "xBJ7Ba1cXz",
    "authorUid": "bd-1195210646",
    "authorUserName": "a***o",
    "title": "地球",
    "description": "",
    "latestVersion": 3,
    "alwaysLatest": 1,
    "createTime": "2018-01-03T05:42:19.000Z",
    "lastUpdateTime": "2018-01-03T05:42:19.000Z",
    "auth": 2,
    "uid": "bd-1195210646",
    "publishedVersion": 0,
    "forkFrom": "-",
    "isSpam": 0,
    "version": 3,
    "parentVersion": 2,
    "echartsVersion": "3.8.0",
    "versionCreateTime": "2018-01-03T05:50:45.000Z",
    "html": "",
    "externalScripts": "http://echarts.baidu.com/resource/echarts-gl-latest/dist/echarts-gl.min.js",
    "updaterUID": "bd-1195210646",
    "theme": "",
    "layout": "",
    "viewCount": 369,
    "userName": "a***o",
    "commentCount": 0,
    "starCount": 1,
    "isStared": 0,
    "thumbnailURL": "https://www.makeapie.com/ecg-storage/ec_gallery_thumbnail/xBJ7Ba1cXz.png?v=1514958645170",
    "isCustomThumbnail": 0,
    "builtinTags": [
        "category-work",
        "globe",
        "series-scatter3D"
    ],
    "customTags": [],
    "updaterUserName": "a***o"
}