{
    "cid": "xByh-kvLmf",
    "authorUid": "bd-3778831175",
    "authorUserName": "m***i",
    "title": "上海房价可视化 GL 版 --coorSys is maptalks",
    "description": "map tileLayer from  google.cn",
    "latestVersion": 9,
    "alwaysLatest": 1,
    "createTime": "2017-12-31T12:58:43.000Z",
    "lastUpdateTime": "2017-12-31T12:58:43.000Z",
    "auth": 2,
    "uid": "bd-3778831175",
    "publishedVersion": 0,
    "forkFrom": "-",
    "isSpam": 0,
    "version": 9,
    "parentVersion": 8,
    "echartsVersion": "4.1.0",
    "versionCreateTime": "2019-01-09T10:26:25.000Z",
    "html": "",
    "externalScripts": "https://cdn.jsdelivr.net/npm/maptalks@0.39.3/dist/maptalks.min.js,https://cdn.bootcss.com/echarts/4.1.0/echarts.min.js,https://deyihu.github.io/src/lib/echarts-gl.1.1.3.js?tdsourcetag=s_pctim_aiomsg,https://cdn.bootcss.com/jquery/2.0.3/jquery.min.js",
    "updaterUID": "bd-3778831175",
    "theme": "",
    "layout": "",
    "viewCount": 1713,
    "userName": "m***i",
    "commentCount": 10,
    "starCount": 9,
    "isStared": 0,
    "thumbnailURL": "https://www.makeapie.com/ecg-storage/ec_gallery_thumbnail/xByh-kvLmf.png?v=1514725125562",
    "isCustomThumbnail": 1,
    "builtinTags": [
        "category-work",
        "maptalks3D",
        "series-bar3D",
        "visualMap"
    ],
    "customTags": [],
    "updaterUserName": "m***i"
}