{
    "cid": "xByWEvMqQf",
    "authorUid": "bd-3509442556",
    "authorUserName": "S***情",
    "title": "左右对比图",
    "description": "",
    "latestVersion": 1,
    "alwaysLatest": 1,
    "createTime": "2018-01-03T08:41:12.000Z",
    "lastUpdateTime": "2018-01-03T08:41:12.000Z",
    "auth": 2,
    "uid": "bd-3509442556",
    "publishedVersion": 0,
    "forkFrom": "-",
    "isSpam": 0,
    "version": 1,
    "parentVersion": -1,
    "echartsVersion": "3.8.0",
    "versionCreateTime": "2018-01-03T08:41:12.000Z",
    "html": "",
    "externalScripts": "",
    "updaterUID": "bd-3509442556",
    "theme": "",
    "layout": "",
    "viewCount": 2357,
    "userName": "S***情",
    "commentCount": 0,
    "starCount": 9,
    "isStared": 0,
    "thumbnailURL": "https://www.makeapie.com/ecg-storage/ec_gallery_thumbnail/xByWEvMqQf.png?v=1514968872906",
    "isCustomThumbnail": 0,
    "builtinTags": [
        "category-work",
        "grid",
        "legend",
        "series-bar"
    ],
    "customTags": [],
    "updaterUserName": "S***情"
}