{
    "cid": "xH1XqxDU7M",
    "authorUid": "bd-3778831175",
    "authorUserName": "m***i",
    "title": "Taxi routes of Cape Town  ---maptalks",
    "description": "copy from @pissang",
    "latestVersion": 7,
    "alwaysLatest": 1,
    "createTime": "2017-12-31T13:05:15.000Z",
    "lastUpdateTime": "2017-12-31T13:05:15.000Z",
    "auth": 2,
    "uid": "bd-3778831175",
    "publishedVersion": 0,
    "forkFrom": "-",
    "isSpam": 0,
    "version": 7,
    "parentVersion": 6,
    "echartsVersion": "4.1.0",
    "versionCreateTime": "2019-01-09T10:35:20.000Z",
    "html": "",
    "externalScripts": "https://cdn.jsdelivr.net/npm/maptalks@0.39.3/dist/maptalks.min.js,https://cdn.bootcss.com/echarts/4.1.0/echarts.min.js,https://deyihu.github.io/src/lib/echarts-gl.1.1.3.js?tdsourcetag=s_pctim_aiomsg,https://cdn.bootcss.com/jquery/2.0.3/jquery.min.js,https://unpkg.com/shapefile@0.6.6/dist/shapefile.js",
    "updaterUID": "bd-3778831175",
    "theme": "",
    "layout": "",
    "viewCount": 1061,
    "userName": "m***i",
    "commentCount": 1,
    "starCount": 6,
    "isStared": 0,
    "thumbnailURL": "https://www.makeapie.com/ecg-storage/ec_gallery_thumbnail/xH1XqxDU7M.png?v=1514725516934",
    "isCustomThumbnail": 1,
    "builtinTags": [
        "category-work",
        "maptalks3D",
        "series-lines3D",
        "series-map3D"
    ],
    "customTags": [],
    "updaterUserName": "m***i"
}