{
    "cid": "xHJNVUWFmM",
    "authorUid": "bd-1195210646",
    "authorUserName": "a***o",
    "title": "百分比环形图",
    "description": "",
    "latestVersion": 1,
    "alwaysLatest": 1,
    "createTime": "2018-01-02T13:16:27.000Z",
    "lastUpdateTime": "2018-01-02T13:16:27.000Z",
    "auth": 2,
    "uid": "bd-1195210646",
    "publishedVersion": 0,
    "forkFrom": "-",
    "isSpam": 0,
    "version": 1,
    "parentVersion": -1,
    "echartsVersion": "3.8.0",
    "versionCreateTime": "2018-01-02T13:16:27.000Z",
    "html": "",
    "externalScripts": "",
    "updaterUID": "bd-1195210646",
    "theme": "",
    "layout": "",
    "viewCount": 711,
    "userName": "a***o",
    "commentCount": 0,
    "starCount": 0,
    "isStared": 0,
    "thumbnailURL": "https://www.makeapie.com/ecg-storage/ec_gallery_thumbnail/xHJNVUWFmM.png?v=1514898988061",
    "isCustomThumbnail": 0,
    "builtinTags": [
        "category-work",
        "legend",
        "series-pie"
    ],
    "customTags": [],
    "updaterUserName": "a***o"
}