{
    "cid": "xHJp7fhVQM",
    "authorUid": "bd-3556892882",
    "authorUserName": "jackysunhat",
    "title": "BMI简化",
    "description": "",
    "latestVersion": 5,
    "alwaysLatest": 1,
    "createTime": "2017-12-30T06:28:53.000Z",
    "lastUpdateTime": "2017-12-30T06:28:53.000Z",
    "auth": 2,
    "uid": "bd-3556892882",
    "publishedVersion": 0,
    "forkFrom": "-",
    "isSpam": 0,
    "version": 5,
    "parentVersion": 4,
    "echartsVersion": "3.8.0",
    "versionCreateTime": "2017-12-31T15:27:02.000Z",
    "html": "",
    "externalScripts": "",
    "updaterUID": "bd-3556892882",
    "theme": "",
    "layout": "",
    "viewCount": 87,
    "userName": "jackysunhat",
    "commentCount": 0,
    "starCount": 1,
    "isStared": 0,
    "thumbnailURL": "https://www.makeapie.com/ecg-storage/ec_gallery_thumbnail/xHJp7fhVQM.png?v=1514734023029",
    "isCustomThumbnail": 0,
    "builtinTags": [
        "category-work",
        "grid",
        "series-line",
        "title"
    ],
    "customTags": [],
    "updaterUserName": "jackysunhat"
}