{
    "cid": "xHk57t88Xz",
    "authorUid": "bd-3778831175",
    "authorUserName": "m***i",
    "title": "Plastic material style buildings on maptalks",
    "description": "thanks  @pissang",
    "latestVersion": 6,
    "alwaysLatest": 1,
    "createTime": "2017-12-31T12:33:38.000Z",
    "lastUpdateTime": "2017-12-31T12:33:38.000Z",
    "auth": 2,
    "uid": "bd-3778831175",
    "publishedVersion": 0,
    "forkFrom": "-",
    "isSpam": 0,
    "version": 6,
    "parentVersion": 5,
    "echartsVersion": "4.1.0",
    "versionCreateTime": "2019-01-09T10:38:13.000Z",
    "html": "",
    "externalScripts": "https://cdn.jsdelivr.net/npm/maptalks@0.39.3/dist/maptalks.min.js,https://cdn.bootcss.com/echarts/4.1.0/echarts.min.js,https://deyihu.github.io/src/lib/echarts-gl.1.1.3.js?tdsourcetag=s_pctim_aiomsg,https://cdn.bootcss.com/jquery/2.0.3/jquery.min.js",
    "updaterUID": "bd-3778831175",
    "theme": "",
    "layout": "",
    "viewCount": 596,
    "userName": "m***i",
    "commentCount": 1,
    "starCount": 4,
    "isStared": 0,
    "thumbnailURL": "https://www.makeapie.com/ecg-storage/ec_gallery_thumbnail/xHk57t88Xz.png?v=1514723621472",
    "isCustomThumbnail": 1,
    "builtinTags": [
        "category-work",
        "maptalks3D",
        "series-map3D"
    ],
    "customTags": [],
    "updaterUserName": "m***i"
}