{
    "cid": "xr15S_oOQf",
    "authorUid": "bd-4204406186",
    "authorUserName": "157******02",
    "title": "饼图修改labelLIne，以及legend",
    "description": "饼图修改labelLIne、labe显示与否，以及legend，",
    "latestVersion": 1,
    "alwaysLatest": 1,
    "createTime": "2018-01-02T06:35:45.000Z",
    "lastUpdateTime": "2018-01-02T06:35:45.000Z",
    "auth": 2,
    "uid": "bd-4204406186",
    "publishedVersion": 0,
    "forkFrom": "-",
    "isSpam": 0,
    "version": 1,
    "parentVersion": -1,
    "echartsVersion": "3.8.0",
    "versionCreateTime": "2018-01-02T06:35:45.000Z",
    "html": "",
    "externalScripts": "",
    "updaterUID": "bd-4204406186",
    "theme": "",
    "layout": "",
    "viewCount": 74,
    "userName": "157******02",
    "commentCount": 0,
    "starCount": 1,
    "isStared": 0,
    "thumbnailURL": "https://www.makeapie.com/ecg-storage/ec_gallery_thumbnail/xr15S_oOQf.png?v=1514874945718",
    "isCustomThumbnail": 0,
    "builtinTags": [
        "category-work",
        "legend",
        "series-pie",
        "title",
        "tooltip"
    ],
    "customTags": [],
    "updaterUserName": "157******02"
}