{
    "cid": "xr1zxsjE7M",
    "authorUid": "bd-3556892882",
    "authorUserName": "jackysunhat",
    "title": "血氧  简化",
    "description": "",
    "latestVersion": 3,
    "alwaysLatest": 1,
    "createTime": "2017-12-30T05:58:02.000Z",
    "lastUpdateTime": "2017-12-30T05:58:02.000Z",
    "auth": 2,
    "uid": "bd-3556892882",
    "publishedVersion": 0,
    "forkFrom": "-",
    "isSpam": 0,
    "version": 3,
    "parentVersion": 2,
    "echartsVersion": "3.8.0",
    "versionCreateTime": "2017-12-31T15:26:56.000Z",
    "html": "",
    "externalScripts": "",
    "updaterUID": "bd-3556892882",
    "theme": "",
    "layout": "",
    "viewCount": 47,
    "userName": "jackysunhat",
    "commentCount": 0,
    "starCount": 0,
    "isStared": 0,
    "thumbnailURL": "https://www.makeapie.com/ecg-storage/ec_gallery_thumbnail/xr1zxsjE7M.png?v=1514734016791",
    "isCustomThumbnail": 0,
    "builtinTags": [
        "category-work",
        "grid",
        "series-line",
        "title"
    ],
    "customTags": [],
    "updaterUserName": "jackysunhat"
}