{
    "cid": "xrJfevsuQM",
    "authorUid": "bd-4265933866",
    "authorUserName": "h***1",
    "title": "广州地图点击事件",
    "description": "",
    "latestVersion": 1,
    "alwaysLatest": 1,
    "createTime": "2018-01-02T06:30:01.000Z",
    "lastUpdateTime": "2018-01-02T06:30:01.000Z",
    "auth": 2,
    "uid": "bd-4265933866",
    "publishedVersion": 0,
    "forkFrom": "-",
    "isSpam": 0,
    "version": 1,
    "parentVersion": -1,
    "echartsVersion": "3.8.0",
    "versionCreateTime": "2018-01-02T06:30:01.000Z",
    "html": "",
    "externalScripts": "http://pc.mejun.com.cn:8090/crowdMonitor/view/webapp/js/map/guangzhou.js",
    "updaterUID": "bd-4265933866",
    "theme": "",
    "layout": "",
    "viewCount": 581,
    "userName": "h***1",
    "commentCount": 0,
    "starCount": 1,
    "isStared": 0,
    "thumbnailURL": "https://www.makeapie.com/ecg-storage/ec_gallery_thumbnail/xrJfevsuQM.png?v=1514874601655",
    "isCustomThumbnail": 0,
    "builtinTags": [
        "category-work",
        "geo",
        "series-effectScatter"
    ],
    "customTags": [],
    "updaterUserName": "h***1"
}