{
    "cid": "xrkNgaUUmf",
    "authorUid": "bd-3778831175",
    "authorUserName": "m***i",
    "title": "Flight path on Maptalks",
    "description": "data from  uber/deck.gl   ;copy from @pissang",
    "latestVersion": 10,
    "alwaysLatest": 1,
    "createTime": "2017-12-31T12:49:48.000Z",
    "lastUpdateTime": "2017-12-31T12:49:48.000Z",
    "auth": 2,
    "uid": "bd-3778831175",
    "publishedVersion": 0,
    "forkFrom": "-",
    "isSpam": 0,
    "version": 10,
    "parentVersion": 9,
    "echartsVersion": "4.1.0",
    "versionCreateTime": "2019-01-09T10:55:27.000Z",
    "html": "",
    "externalScripts": "https://cdn.jsdelivr.net/npm/maptalks@0.39.3/dist/maptalks.min.js,https://cdn.bootcss.com/echarts/4.1.0/echarts.min.js,https://deyihu.github.io/src/lib/echarts-gl.1.1.3.js?tdsourcetag=s_pctim_aiomsg,https://cdn.bootcss.com/jquery/2.0.3/jquery.min.js",
    "updaterUID": "bd-3778831175",
    "theme": "",
    "layout": "",
    "viewCount": 547,
    "userName": "m***i",
    "commentCount": 0,
    "starCount": 3,
    "isStared": 0,
    "thumbnailURL": "https://www.makeapie.com/ecg-storage/ec_gallery_thumbnail/xrkNgaUUmf.png?v=1514724589384",
    "isCustomThumbnail": 1,
    "builtinTags": [
        "category-work",
        "maptalks3D",
        "series-lines3D"
    ],
    "customTags": [],
    "updaterUserName": "m***i"
}