{
    "cid": "xrytHtoNmM",
    "authorUid": "bd-3556892882",
    "authorUserName": "jackysunhat",
    "title": "血氧  ",
    "description": "",
    "latestVersion": 8,
    "alwaysLatest": 1,
    "createTime": "2017-12-30T05:50:56.000Z",
    "lastUpdateTime": "2017-12-30T05:50:56.000Z",
    "auth": 2,
    "uid": "bd-3556892882",
    "publishedVersion": 0,
    "forkFrom": "-",
    "isSpam": 0,
    "version": 8,
    "parentVersion": 7,
    "echartsVersion": "3.8.0",
    "versionCreateTime": "2017-12-31T14:33:37.000Z",
    "html": "",
    "externalScripts": "",
    "updaterUID": "bd-3556892882",
    "theme": "",
    "layout": "",
    "viewCount": 202,
    "userName": "jackysunhat",
    "commentCount": 0,
    "starCount": 0,
    "isStared": 0,
    "thumbnailURL": "https://www.makeapie.com/ecg-storage/ec_gallery_thumbnail/xrytHtoNmM.png?v=1514730817911",
    "isCustomThumbnail": 0,
    "builtinTags": [
        "category-work",
        "grid",
        "markLine",
        "series-line",
        "title"
    ],
    "customTags": [],
    "updaterUserName": "jackysunhat"
}