{
    "cid": "xS1F1F-5mG",
    "authorUid": "bd-1110193739",
    "authorUserName": "f***g",
    "title": "svg象形图进度条",
    "description": "进度条，运用path路径生成进度条",
    "latestVersion": 1,
    "alwaysLatest": 1,
    "createTime": "2018-01-03T07:40:17.000Z",
    "lastUpdateTime": "2018-01-03T07:40:17.000Z",
    "auth": 1,
    "uid": "bd-1110193739",
    "publishedVersion": 0,
    "forkFrom": "-",
    "isSpam": 0,
    "version": 1,
    "parentVersion": -1,
    "echartsVersion": "3.8.0",
    "versionCreateTime": "2018-01-03T07:40:17.000Z",
    "html": "",
    "externalScripts": "",
    "updaterUID": "bd-1110193739",
    "theme": "roma",
    "layout": "",
    "viewCount": 189,
    "userName": "f***g",
    "commentCount": 0,
    "starCount": 1,
    "isStared": 0,
    "thumbnailURL": "https://www.makeapie.com/ecg-storage/ec_gallery_thumbnail/xS1F1F-5mG.png?v=1514965217612",
    "isCustomThumbnail": 0,
    "builtinTags": [
        "category-work",
        "grid",
        "series-pictorialBar"
    ],
    "customTags": [],
    "updaterUserName": "f***g"
}