{
    "cid": "xSJxPrz8mf",
    "authorUid": "bd-741667023",
    "authorUserName": "爱***月",
    "title": "柱形重叠",
    "description": "",
    "latestVersion": 5,
    "alwaysLatest": 1,
    "createTime": "2017-12-31T07:44:24.000Z",
    "lastUpdateTime": "2017-12-31T07:44:24.000Z",
    "auth": 2,
    "uid": "bd-741667023",
    "publishedVersion": 0,
    "forkFrom": "-",
    "isSpam": 0,
    "version": 5,
    "parentVersion": 4,
    "echartsVersion": "3.8.0",
    "versionCreateTime": "2018-02-03T08:12:25.000Z",
    "html": "",
    "externalScripts": "",
    "updaterUID": "bd-741667023",
    "theme": "",
    "layout": "",
    "viewCount": 95,
    "userName": "爱***月",
    "commentCount": 0,
    "starCount": 0,
    "isStared": 0,
    "thumbnailURL": "https://www.makeapie.com/ecg-storage/ec_gallery_thumbnail/xSJxPrz8mf.png?v=1517645545348",
    "isCustomThumbnail": 0,
    "builtinTags": [
        "category-work",
        "grid",
        "legend",
        "series-bar",
        "tooltip"
    ],
    "customTags": [],
    "updaterUserName": "爱***月"
}