{
    "cid": "xSyXtW2EQf",
    "authorUid": "bd-3556892882",
    "authorUserName": "jackysunhat",
    "title": "BMI ",
    "description": "",
    "latestVersion": 6,
    "alwaysLatest": 1,
    "createTime": "2017-12-30T06:26:02.000Z",
    "lastUpdateTime": "2017-12-30T06:26:02.000Z",
    "auth": 2,
    "uid": "bd-3556892882",
    "publishedVersion": 0,
    "forkFrom": "-",
    "isSpam": 0,
    "version": 6,
    "parentVersion": 5,
    "echartsVersion": "3.8.0",
    "versionCreateTime": "2017-12-31T17:03:12.000Z",
    "html": "",
    "externalScripts": "",
    "updaterUID": "bd-3556892882",
    "theme": "",
    "layout": "",
    "viewCount": 444,
    "userName": "jackysunhat",
    "commentCount": 0,
    "starCount": 3,
    "isStared": 0,
    "thumbnailURL": "https://www.makeapie.com/ecg-storage/ec_gallery_thumbnail/xSyXtW2EQf.png?v=1514739792476",
    "isCustomThumbnail": 0,
    "builtinTags": [
        "category-work",
        "grid",
        "markLine",
        "series-line",
        "title"
    ],
    "customTags": [],
    "updaterUserName": "jackysunhat"
}