{
    "cid": "x-Ma2t97EI",
    "authorUid": "bd-2147910427",
    "authorUserName": "清***纸",
    "title": "自学2",
    "description": "自学2",
    "latestVersion": 1,
    "alwaysLatest": 1,
    "createTime": "2020-04-15T09:48:50.000Z",
    "lastUpdateTime": "2020-04-15T09:48:50.000Z",
    "auth": 2,
    "uid": "bd-2147910427",
    "publishedVersion": 0,
    "forkFrom": "-",
    "isSpam": 0,
    "version": 1,
    "parentVersion": -1,
    "echartsVersion": "4.7.0",
    "versionCreateTime": "2020-04-15T09:48:50.000Z",
    "html": "",
    "externalScripts": "",
    "updaterUID": "bd-2147910427",
    "theme": "",
    "layout": "",
    "viewCount": 38,
    "userName": "清***纸",
    "commentCount": 0,
    "starCount": 0,
    "isStared": 0,
    "thumbnailURL": "https://www.makeapie.com/ecg-storage/ec_gallery_thumbnail/x-Ma2t97EI.png?v=1586944130205",
    "isCustomThumbnail": 0,
    "builtinTags": [
        "category-work",
        "dataset",
        "grid",
        "legend",
        "series-bar",
        "tooltip"
    ],
    "customTags": [],
    "updaterUserName": "清***纸"
}