{
    "cid": "x5ZoMkywXG",
    "authorUid": "bd-1847551832",
    "authorUserName": "s***0",
    "title": "平滑折线测试",
    "description": "平滑折线测试",
    "latestVersion": 2,
    "alwaysLatest": 1,
    "createTime": "2020-04-15T09:45:30.000Z",
    "lastUpdateTime": "2020-04-15T09:45:30.000Z",
    "auth": 2,
    "uid": "bd-1847551832",
    "publishedVersion": 0,
    "forkFrom": "-",
    "isSpam": 0,
    "version": 2,
    "parentVersion": 1,
    "echartsVersion": "4.7.0",
    "versionCreateTime": "2020-04-15T10:19:13.000Z",
    "html": "",
    "externalScripts": "",
    "updaterUID": "bd-1847551832",
    "theme": "",
    "layout": "",
    "viewCount": 62,
    "userName": "s***0",
    "commentCount": 0,
    "starCount": 0,
    "isStared": 0,
    "thumbnailURL": "https://www.makeapie.com/ecg-storage/ec_gallery_thumbnail/x5ZoMkywXG.png?v=1586945953619",
    "isCustomThumbnail": 0,
    "builtinTags": [
        "category-work",
        "grid",
        "legend",
        "series-line",
        "title",
        "tooltip"
    ],
    "customTags": [],
    "updaterUserName": "s***0"
}