{
    "cid": "x_3EcR6VMs",
    "authorUid": "bd-306466163",
    "authorUserName": "与***醉",
    "title": "致贫原因",
    "description": "",
    "latestVersion": 1,
    "alwaysLatest": 1,
    "createTime": "2020-04-15T07:21:40.000Z",
    "lastUpdateTime": "2020-04-15T07:21:40.000Z",
    "auth": 2,
    "uid": "bd-306466163",
    "publishedVersion": 0,
    "forkFrom": "-",
    "isSpam": 0,
    "version": 1,
    "parentVersion": -1,
    "echartsVersion": "4.7.0",
    "versionCreateTime": "2020-04-15T07:21:40.000Z",
    "html": "",
    "externalScripts": "",
    "updaterUID": "bd-306466163",
    "theme": "",
    "layout": "",
    "viewCount": 318,
    "userName": "与***醉",
    "commentCount": 0,
    "starCount": 1,
    "isStared": 0,
    "thumbnailURL": "https://www.makeapie.com/ecg-storage/ec_gallery_thumbnail/x_3EcR6VMs.png?v=1586935300569",
    "isCustomThumbnail": 0,
    "builtinTags": [
        "category-work",
        "legend",
        "series-pie",
        "title",
        "tooltip"
    ],
    "customTags": [],
    "updaterUserName": "与***醉"
}