{
    "cid": "x_XVJ8ubjD",
    "authorUid": "bd-3509914490",
    "authorUserName": "c***2",
    "title": "多表格双坐标轴",
    "description": "多表格双坐标轴",
    "latestVersion": 1,
    "alwaysLatest": 1,
    "createTime": "2020-04-14T07:36:02.000Z",
    "lastUpdateTime": "2020-04-14T07:36:02.000Z",
    "auth": 2,
    "uid": "bd-3509914490",
    "publishedVersion": 0,
    "forkFrom": "-",
    "isSpam": 0,
    "version": 1,
    "parentVersion": -1,
    "echartsVersion": "4.7.0",
    "versionCreateTime": "2020-04-14T07:36:02.000Z",
    "html": "",
    "externalScripts": "",
    "updaterUID": "bd-3509914490",
    "theme": "",
    "layout": "",
    "viewCount": 424,
    "userName": "c***2",
    "commentCount": 0,
    "starCount": 1,
    "isStared": 0,
    "thumbnailURL": "https://www.makeapie.com/ecg-storage/ec_gallery_thumbnail/x_XVJ8ubjD.png?v=1586849762620",
    "isCustomThumbnail": 0,
    "builtinTags": [
        "category-work",
        "grid",
        "legend",
        "series-bar",
        "series-graph",
        "series-line",
        "title",
        "tooltip"
    ],
    "customTags": [],
    "updaterUserName": "c***2"
}