{
    "cid": "xA2jgaKGDc",
    "authorUid": "bd-3894409606",
    "authorUserName": "睡***影",
    "title": "分段颜色折线图及分段标示",
    "description": "",
    "latestVersion": 2,
    "alwaysLatest": 1,
    "createTime": "2020-04-15T08:42:15.000Z",
    "lastUpdateTime": "2020-04-15T08:42:15.000Z",
    "auth": 2,
    "uid": "bd-3894409606",
    "publishedVersion": 0,
    "forkFrom": "-",
    "isSpam": 0,
    "version": 2,
    "parentVersion": 1,
    "echartsVersion": "4.7.0",
    "versionCreateTime": "2020-04-15T09:06:50.000Z",
    "html": "",
    "externalScripts": "",
    "updaterUID": "bd-3894409606",
    "theme": "",
    "layout": "",
    "viewCount": 402,
    "userName": "睡***影",
    "commentCount": 0,
    "starCount": 2,
    "isStared": 0,
    "thumbnailURL": "https://www.makeapie.com/ecg-storage/ec_gallery_thumbnail/xA2jgaKGDc.png?v=1586941610540",
    "isCustomThumbnail": 0,
    "builtinTags": [
        "category-work",
        "grid",
        "markLine",
        "markPoint",
        "series-line",
        "visualMap"
    ],
    "customTags": [],
    "updaterUserName": "睡***影"
}