{
    "cid": "xayU4FxiYB",
    "authorUid": "obd-ojgM0pcYhMc41cKhEu6bCLwJv3FukDX",
    "authorUserName": "水***玥",
    "title": "正负多柱子柱状图",
    "description": "",
    "latestVersion": 6,
    "alwaysLatest": 1,
    "createTime": "2020-04-15T02:10:30.000Z",
    "lastUpdateTime": "2020-04-15T02:10:30.000Z",
    "auth": 1,
    "uid": "obd-ojgM0pcYhMc41cKhEu6bCLwJv3FukDX",
    "publishedVersion": 0,
    "forkFrom": "-",
    "isSpam": 0,
    "version": 6,
    "parentVersion": 5,
    "echartsVersion": "4.8.0",
    "versionCreateTime": "2020-07-31T02:07:19.000Z",
    "html": "",
    "externalScripts": "",
    "updaterUID": "obd-ojgT7Fl9NQk2DUOs-VtcDrHRTqAd3DB",
    "theme": "",
    "layout": "",
    "viewCount": 2114,
    "userName": "水***玥",
    "commentCount": 2,
    "starCount": 4,
    "isStared": 0,
    "thumbnailURL": "https://www.makeapie.com/ecg-storage/ec_gallery_thumbnail/xayU4FxiYB.png?v=1596161239951",
    "isCustomThumbnail": 0,
    "builtinTags": [
        "category-work",
        "grid",
        "series-bar",
        "tooltip"
    ],
    "customTags": [],
    "updaterUserName": "梨***4"
}