{
    "cid": "xbfNrTLwc7",
    "authorUid": "obd-o2EL9PDu-n6BfULR--90QQStBAmy-6J",
    "authorUserName": "一***空",
    "title": "折线图()折点位于X轴两标签之间)",
    "description": "整理精简了另一位朋友的代码.达到了自己想要的效果,很感谢\n原作品地址:https://gallery.echartsjs.com/editor.html?c=xBkAWPljpz",
    "latestVersion": 3,
    "alwaysLatest": 1,
    "createTime": "2020-04-14T08:54:16.000Z",
    "lastUpdateTime": "2020-04-14T08:54:16.000Z",
    "auth": 2,
    "uid": "obd-o2EL9PDu-n6BfULR--90QQStBAmy-6J",
    "publishedVersion": 0,
    "forkFrom": "-",
    "isSpam": 0,
    "version": 3,
    "parentVersion": 1,
    "echartsVersion": "4.7.0",
    "versionCreateTime": "2020-04-14T09:01:45.000Z",
    "html": "",
    "externalScripts": "",
    "updaterUID": "obd-o2EL9PDu-n6BfULR--90QQStBAmy-6J",
    "theme": "",
    "layout": "",
    "viewCount": 156,
    "userName": "一***空",
    "commentCount": 0,
    "starCount": 0,
    "isStared": 0,
    "thumbnailURL": "https://www.makeapie.com/ecg-storage/ec_gallery_thumbnail/xbfNrTLwc7.png?v=1586854905626",
    "isCustomThumbnail": 0,
    "builtinTags": [
        "category-work",
        "grid",
        "legend",
        "series-line",
        "tooltip"
    ],
    "customTags": [],
    "updaterUserName": "一***空"
}