{
    "cid": "xhEnymKELx",
    "authorUid": "bd-420474456",
    "authorUserName": "彼***儡",
    "title": "双柱加折线",
    "description": "",
    "latestVersion": 1,
    "alwaysLatest": 1,
    "createTime": "2020-04-14T03:27:50.000Z",
    "lastUpdateTime": "2020-04-14T03:27:50.000Z",
    "auth": 2,
    "uid": "bd-420474456",
    "publishedVersion": 0,
    "forkFrom": "-",
    "isSpam": 0,
    "version": 1,
    "parentVersion": -1,
    "echartsVersion": "4.7.0",
    "versionCreateTime": "2020-04-14T03:27:50.000Z",
    "html": "",
    "externalScripts": "",
    "updaterUID": "bd-420474456",
    "theme": "",
    "layout": "",
    "viewCount": 221,
    "userName": "彼***儡",
    "commentCount": 0,
    "starCount": 2,
    "isStared": 0,
    "thumbnailURL": "https://www.makeapie.com/ecg-storage/ec_gallery_thumbnail/xhEnymKELx.png?v=1586834871043",
    "isCustomThumbnail": 0,
    "builtinTags": [
        "category-work",
        "grid",
        "legend",
        "series-bar",
        "series-line",
        "title"
    ],
    "customTags": [],
    "updaterUserName": "彼***儡"
}