{
    "cid": "xhizmBDc88",
    "authorUid": "bd-2119482761",
    "authorUserName": "丶***u",
    "title": "pieBar",
    "description": "",
    "latestVersion": 1,
    "alwaysLatest": 1,
    "createTime": "2020-04-14T11:33:05.000Z",
    "lastUpdateTime": "2020-04-14T11:33:05.000Z",
    "auth": 2,
    "uid": "bd-2119482761",
    "publishedVersion": 0,
    "forkFrom": "-",
    "isSpam": 0,
    "version": 1,
    "parentVersion": -1,
    "echartsVersion": "4.7.0",
    "versionCreateTime": "2020-04-14T11:33:05.000Z",
    "html": "",
    "externalScripts": "",
    "updaterUID": "bd-2119482761",
    "theme": "",
    "layout": "",
    "viewCount": 92,
    "userName": "丶***u",
    "commentCount": 0,
    "starCount": 1,
    "isStared": 0,
    "thumbnailURL": "https://www.makeapie.com/ecg-storage/ec_gallery_thumbnail/xhizmBDc88.png?v=1586863985292",
    "isCustomThumbnail": 0,
    "builtinTags": [
        "category-work",
        "series-pie"
    ],
    "customTags": [],
    "updaterUserName": "丶***u"
}