{
    "cid": "xJ78mqjo5l",
    "authorUid": "bd-578879392",
    "authorUserName": "青***刘",
    "title": "考试通过率{a|95%}",
    "description": "带富文本的标题",
    "latestVersion": 1,
    "alwaysLatest": 1,
    "createTime": "2020-04-14T11:14:12.000Z",
    "lastUpdateTime": "2020-04-14T11:14:12.000Z",
    "auth": 2,
    "uid": "bd-578879392",
    "publishedVersion": 0,
    "forkFrom": "-",
    "isSpam": 0,
    "version": 1,
    "parentVersion": -1,
    "echartsVersion": "4.7.0",
    "versionCreateTime": "2020-04-14T11:14:12.000Z",
    "html": "",
    "externalScripts": "",
    "updaterUID": "bd-578879392",
    "theme": "",
    "layout": "",
    "viewCount": 130,
    "userName": "青***刘",
    "commentCount": 0,
    "starCount": 1,
    "isStared": 0,
    "thumbnailURL": "https://www.makeapie.com/ecg-storage/ec_gallery_thumbnail/xJ78mqjo5l.png?v=1586862852601",
    "isCustomThumbnail": 0,
    "builtinTags": [
        "category-work",
        "series-pie",
        "title",
        "tooltip"
    ],
    "customTags": [],
    "updaterUserName": "青***刘"
}