{
    "cid": "xkGP8QKaB5",
    "authorUid": "obd-oPqKoiqdMbnNlWB7uDUQZpFTsYcOK9w",
    "authorUserName": "优***n",
    "title": "这是真的阿饼",
    "description": "",
    "latestVersion": 11,
    "alwaysLatest": 1,
    "createTime": "2020-04-14T12:59:20.000Z",
    "lastUpdateTime": "2020-04-14T12:59:20.000Z",
    "auth": 2,
    "uid": "obd-oPqKoiqdMbnNlWB7uDUQZpFTsYcOK9w",
    "publishedVersion": 0,
    "forkFrom": "-",
    "isSpam": 0,
    "version": 11,
    "parentVersion": 10,
    "echartsVersion": "4.7.0",
    "versionCreateTime": "2020-04-17T01:28:20.000Z",
    "html": "",
    "externalScripts": "",
    "updaterUID": "obd-oPqKoiqdMbnNlWB7uDUQZpFTsYcOK9w",
    "theme": "",
    "layout": "",
    "viewCount": 289,
    "userName": "优***n",
    "commentCount": 0,
    "starCount": 2,
    "isStared": 0,
    "thumbnailURL": "https://www.makeapie.com/ecg-storage/ec_gallery_thumbnail/xkGP8QKaB5.png?v=1587086900261",
    "isCustomThumbnail": 0,
    "builtinTags": [
        "category-work",
        "polar",
        "series-pie"
    ],
    "customTags": [],
    "updaterUserName": "优***n"
}