{
    "cid": "xqnCsUVzng",
    "authorUid": "bd-2375100838",
    "authorUserName": "2***克",
    "title": "折线图",
    "description": "",
    "latestVersion": 1,
    "alwaysLatest": 1,
    "createTime": "2020-04-14T09:08:17.000Z",
    "lastUpdateTime": "2020-04-14T09:08:17.000Z",
    "auth": 2,
    "uid": "bd-2375100838",
    "publishedVersion": 0,
    "forkFrom": "-",
    "isSpam": 0,
    "version": 1,
    "parentVersion": -1,
    "echartsVersion": "4.7.0",
    "versionCreateTime": "2020-04-14T09:08:17.000Z",
    "html": "",
    "externalScripts": "",
    "updaterUID": "bd-2375100838",
    "theme": "",
    "layout": "",
    "viewCount": 198,
    "userName": "2***克",
    "commentCount": 0,
    "starCount": 0,
    "isStared": 0,
    "thumbnailURL": "https://www.makeapie.com/ecg-storage/ec_gallery_thumbnail/xqnCsUVzng.png?v=1586855297554",
    "isCustomThumbnail": 0,
    "builtinTags": [
        "category-work",
        "dataZoom",
        "grid",
        "series-line",
        "tooltip"
    ],
    "customTags": [],
    "updaterUserName": "2***克"
}