{
    "cid": "xRHtj1tyPj",
    "authorUid": "bd-3257607802",
    "authorUserName": "歆***缘",
    "title": "元宝",
    "description": "通过南丁格尔图实现",
    "latestVersion": 1,
    "alwaysLatest": 1,
    "createTime": "2020-04-14T07:52:49.000Z",
    "lastUpdateTime": "2020-04-14T07:52:49.000Z",
    "auth": 2,
    "uid": "bd-3257607802",
    "publishedVersion": 0,
    "forkFrom": "-",
    "isSpam": 0,
    "version": 1,
    "parentVersion": -1,
    "echartsVersion": "4.7.0",
    "versionCreateTime": "2020-04-14T07:52:49.000Z",
    "html": "",
    "externalScripts": "",
    "updaterUID": "bd-3257607802",
    "theme": "",
    "layout": "",
    "viewCount": 36,
    "userName": "歆***缘",
    "commentCount": 0,
    "starCount": 0,
    "isStared": 0,
    "thumbnailURL": "https://www.makeapie.com/ecg-storage/ec_gallery_thumbnail/xRHtj1tyPj.png?v=1586850769431",
    "isCustomThumbnail": 0,
    "builtinTags": [
        "category-work",
        "series-pie"
    ],
    "customTags": [],
    "updaterUserName": "歆***缘"
}