{
    "cid": "xS17EQWOUo",
    "authorUid": "bd-2147910427",
    "authorUserName": "清***纸",
    "title": "自学",
    "description": "还不熟悉。",
    "latestVersion": 4,
    "alwaysLatest": 1,
    "createTime": "2020-04-15T00:37:36.000Z",
    "lastUpdateTime": "2020-04-15T00:37:36.000Z",
    "auth": 1,
    "uid": "bd-2147910427",
    "publishedVersion": 1,
    "forkFrom": "-",
    "isSpam": 0,
    "version": 1,
    "parentVersion": -1,
    "echartsVersion": "4.7.0",
    "versionCreateTime": "2020-04-15T00:37:36.000Z",
    "html": "",
    "externalScripts": "",
    "updaterUID": "bd-2147910427",
    "theme": "",
    "layout": "",
    "viewCount": 46,
    "userName": "清***纸",
    "commentCount": 0,
    "starCount": 0,
    "isStared": 0,
    "thumbnailURL": "https://www.makeapie.com/ecg-storage/ec_gallery_thumbnail/xS17EQWOUo.png?v=1586911056728",
    "isCustomThumbnail": 0,
    "builtinTags": [
        "category-work",
        "dataset",
        "grid",
        "legend",
        "series-bar",
        "tooltip"
    ],
    "customTags": [],
    "updaterUserName": "清***纸"
}