{
    "cid": "xz096XCGrY",
    "authorUid": "obd-oPqKoiqdMbnNlWB7uDUQZpFTsYcOK9w",
    "authorUserName": "优***n",
    "title": "阿饼",
    "description": "",
    "latestVersion": 3,
    "alwaysLatest": 1,
    "createTime": "2020-04-14T11:46:36.000Z",
    "lastUpdateTime": "2020-04-14T11:46:36.000Z",
    "auth": 2,
    "uid": "obd-oPqKoiqdMbnNlWB7uDUQZpFTsYcOK9w",
    "publishedVersion": 0,
    "forkFrom": "-",
    "isSpam": 0,
    "version": 3,
    "parentVersion": 1,
    "echartsVersion": "4.7.0",
    "versionCreateTime": "2020-04-14T12:34:55.000Z",
    "html": "",
    "externalScripts": "",
    "updaterUID": "obd-oPqKoiqdMbnNlWB7uDUQZpFTsYcOK9w",
    "theme": "",
    "layout": "",
    "viewCount": 190,
    "userName": "优***n",
    "commentCount": 0,
    "starCount": 1,
    "isStared": 0,
    "thumbnailURL": "https://www.makeapie.com/ecg-storage/ec_gallery_thumbnail/xz096XCGrY.png?v=1586867696054",
    "isCustomThumbnail": 0,
    "builtinTags": [
        "category-work",
        "legend",
        "series-pie",
        "series-sunburst",
        "title",
        "tooltip"
    ],
    "customTags": [],
    "updaterUserName": "优***n"
}