{
    "cid": "xZ0pMaKjTX",
    "authorUid": "bd-2032688531",
    "authorUserName": "q***2",
    "title": "X轴日期过多导致显示不全",
    "description": "",
    "latestVersion": 3,
    "alwaysLatest": 1,
    "createTime": "2020-04-14T06:58:13.000Z",
    "lastUpdateTime": "2020-04-14T06:58:13.000Z",
    "auth": 2,
    "uid": "bd-2032688531",
    "publishedVersion": 0,
    "forkFrom": "-",
    "isSpam": 0,
    "version": 3,
    "parentVersion": 2,
    "echartsVersion": "4.7.0",
    "versionCreateTime": "2020-04-14T09:28:57.000Z",
    "html": "",
    "externalScripts": "",
    "updaterUID": "bd-2032688531",
    "theme": "",
    "layout": "",
    "viewCount": 156,
    "userName": "q***2",
    "commentCount": 0,
    "starCount": 0,
    "isStared": 0,
    "thumbnailURL": "https://www.makeapie.com/ecg-storage/ec_gallery_thumbnail/xZ0pMaKjTX.png?v=1586856537319",
    "isCustomThumbnail": 0,
    "builtinTags": [
        "category-work",
        "dataZoom",
        "grid",
        "legend",
        "series-line",
        "toolbox",
        "tooltip"
    ],
    "customTags": [],
    "updaterUserName": "q***2"
}