{
    "cid": "x1kSG86Z1h",
    "authorUid": "bd-1801852221",
    "authorUserName": "J***乐",
    "title": "",
    "description": "",
    "latestVersion": 1,
    "alwaysLatest": 1,
    "createTime": "2020-11-27T06:07:48.000Z",
    "lastUpdateTime": "2020-11-27T06:07:48.000Z",
    "auth": 2,
    "uid": "bd-1801852221",
    "publishedVersion": 0,
    "forkFrom": "-",
    "isSpam": 0,
    "version": 1,
    "parentVersion": -1,
    "echartsVersion": "4.8.0",
    "versionCreateTime": "2020-11-27T06:07:48.000Z",
    "html": "",
    "externalScripts": "",
    "updaterUID": "bd-1801852221",
    "theme": "",
    "layout": "",
    "viewCount": 1089,
    "userName": "J***乐",
    "commentCount": 0,
    "starCount": 9,
    "isStared": 0,
    "thumbnailURL": "https://www.makeapie.com/ecg-storage/ec_gallery_thumbnail/x1kSG86Z1h.png?v=1606457269078",
    "isCustomThumbnail": 0,
    "builtinTags": [
        "category-work",
        "geo",
        "series-effectScatter",
        "series-lines",
        "series-map"
    ],
    "customTags": [],
    "updaterUserName": "J***乐"
}