{
    "cid": "x33hWC-0-F",
    "authorUid": "bd-2100154623",
    "authorUserName": "I***筱",
    "title": "双柱折线图",
    "description": "",
    "latestVersion": 2,
    "alwaysLatest": 1,
    "createTime": "2020-11-27T04:57:19.000Z",
    "lastUpdateTime": "2020-11-27T04:57:19.000Z",
    "auth": 1,
    "uid": "bd-2100154623",
    "publishedVersion": 0,
    "forkFrom": "-",
    "isSpam": 0,
    "version": 2,
    "parentVersion": 1,
    "echartsVersion": "4.8.0",
    "versionCreateTime": "2020-11-27T05:20:01.000Z",
    "html": "",
    "externalScripts": "",
    "updaterUID": "bd-2100154623",
    "theme": "",
    "layout": "",
    "viewCount": 86,
    "userName": "I***筱",
    "commentCount": 0,
    "starCount": 0,
    "isStared": 0,
    "thumbnailURL": "https://www.makeapie.com/ecg-storage/ec_gallery_thumbnail/x33hWC-0-F.png?v=1606453039968",
    "isCustomThumbnail": 1,
    "builtinTags": [
        "category-work",
        "dataset",
        "grid",
        "legend",
        "series-bar",
        "series-line",
        "tooltip"
    ],
    "customTags": [],
    "updaterUserName": "I***筱"
}