{
    "cid": "x6AsF5vvDB",
    "authorUid": "bd-2773585429",
    "authorUserName": "百度用户#0045103430",
    "title": "",
    "description": "",
    "latestVersion": 3,
    "alwaysLatest": 1,
    "createTime": "2020-11-26T06:49:25.000Z",
    "lastUpdateTime": "2020-11-26T06:49:25.000Z",
    "auth": 2,
    "uid": "bd-2773585429",
    "publishedVersion": 0,
    "forkFrom": "-",
    "isSpam": 0,
    "version": 3,
    "parentVersion": 2,
    "echartsVersion": "4.9.0",
    "versionCreateTime": "2021-05-29T03:13:05.000Z",
    "html": "",
    "externalScripts": "",
    "updaterUID": "bd-2773585429",
    "theme": "",
    "layout": "",
    "viewCount": 67,
    "userName": "百度用户#0045103430",
    "commentCount": 0,
    "starCount": 0,
    "isStared": 0,
    "thumbnailURL": "https://www.makeapie.com/ecg-storage/ec_gallery_thumbnail/x6AsF5vvDB.png?v=1622257986083",
    "isCustomThumbnail": 0,
    "builtinTags": [
        "category-work",
        "grid",
        "legend",
        "series-bar",
        "tooltip"
    ],
    "customTags": [],
    "updaterUserName": "百度用户#0045103430"
}