{
    "cid": "x9W5UnniwY",
    "authorUid": "obd-o2-LLWDwzeS-EmSwas9Wmz-VBbJeZ6z",
    "authorUserName": "西***影",
    "title": "中国历代军力对比-玫瑰图",
    "description": "双指标堆叠玫瑰图",
    "latestVersion": 5,
    "alwaysLatest": 1,
    "createTime": "2020-11-26T12:40:48.000Z",
    "lastUpdateTime": "2020-11-26T12:40:48.000Z",
    "auth": 1,
    "uid": "obd-o2-LLWDwzeS-EmSwas9Wmz-VBbJeZ6z",
    "publishedVersion": 0,
    "forkFrom": "-",
    "isSpam": 0,
    "version": 5,
    "parentVersion": 4,
    "echartsVersion": "4.9.0",
    "versionCreateTime": "2021-05-21T04:47:12.000Z",
    "html": "",
    "externalScripts": "",
    "updaterUID": "obd-o2LLW_JwZUcWnSnSJR7FKhDh8Lk1762",
    "theme": "",
    "layout": "",
    "viewCount": 167,
    "userName": "西***影",
    "commentCount": 0,
    "starCount": 2,
    "isStared": 0,
    "thumbnailURL": "https://www.makeapie.com/ecg-storage/ec_gallery_thumbnail/x9W5UnniwY.png?v=1621572432994",
    "isCustomThumbnail": 0,
    "builtinTags": [
        "category-work",
        "legend",
        "polar",
        "series-bar",
        "title",
        "tooltip"
    ],
    "customTags": [
        "radar",
        "雷达图"
    ],
    "updaterUserName": "唔***u"
}