{
    "cid": "xDF1lfCeFf",
    "authorUid": "obd-oA_gpRqEg1rErmtirGNixnF_AkeK87X",
    "authorUserName": "亮***4",
    "title": "对数轴示例",
    "description": "折线图断点",
    "latestVersion": 2,
    "alwaysLatest": 1,
    "createTime": "2020-11-26T09:33:08.000Z",
    "lastUpdateTime": "2020-11-26T09:33:08.000Z",
    "auth": 2,
    "uid": "obd-oA_gpRqEg1rErmtirGNixnF_AkeK87X",
    "publishedVersion": 0,
    "forkFrom": "-",
    "isSpam": 0,
    "version": 2,
    "parentVersion": 1,
    "echartsVersion": "4.8.0",
    "versionCreateTime": "2020-11-26T09:34:26.000Z",
    "html": "",
    "externalScripts": "",
    "updaterUID": "obd-oA_gpRqEg1rErmtirGNixnF_AkeK87X",
    "theme": "",
    "layout": "",
    "viewCount": 48,
    "userName": "亮***4",
    "commentCount": 0,
    "starCount": 0,
    "isStared": 0,
    "thumbnailURL": "https://www.makeapie.com/ecg-storage/ec_gallery_thumbnail/xDF1lfCeFf.png?v=1606383266519",
    "isCustomThumbnail": 0,
    "builtinTags": [
        "category-work",
        "grid",
        "legend",
        "series-line",
        "title",
        "tooltip"
    ],
    "customTags": [],
    "updaterUserName": "亮***4"
}