{
    "cid": "xDoTDlajsn",
    "authorUid": "obd-oFgwdBv8Jx1Adj7QXrqoz44I8NOW35J",
    "authorUserName": "l***尼",
    "title": "企业类型，加背景图片，且旋转",
    "description": "饼状图",
    "latestVersion": 4,
    "alwaysLatest": 1,
    "createTime": "2020-11-30T02:03:14.000Z",
    "lastUpdateTime": "2020-11-30T02:03:14.000Z",
    "auth": 2,
    "uid": "obd-oFgwdBv8Jx1Adj7QXrqoz44I8NOW35J",
    "publishedVersion": 0,
    "forkFrom": "-",
    "isSpam": 0,
    "version": 4,
    "parentVersion": 1,
    "echartsVersion": "4.8.0",
    "versionCreateTime": "2020-11-30T09:01:20.000Z",
    "html": "",
    "externalScripts": "",
    "updaterUID": "obd-oFgwdBv8Jx1Adj7QXrqoz44I8NOW35J",
    "theme": "",
    "layout": "",
    "viewCount": 85,
    "userName": "l***尼",
    "commentCount": 0,
    "starCount": 0,
    "isStared": 0,
    "thumbnailURL": "https://www.makeapie.com/ecg-storage/ec_gallery_thumbnail/xDoTDlajsn.png?v=1606726880744",
    "isCustomThumbnail": 0,
    "builtinTags": [
        "category-work",
        "graphic",
        "legend",
        "series-pie",
        "toolbox",
        "tooltip"
    ],
    "customTags": [],
    "updaterUserName": "l***尼"
}