{
    "cid": "xh-BqGbVOx",
    "authorUid": "obd-olLAU1BTSerG8y0U7GNm2DkGxr9dK0e",
    "authorUserName": "曹***灰",
    "title": "立体圆环",
    "description": "",
    "latestVersion": 1,
    "alwaysLatest": 1,
    "createTime": "2020-11-26T03:59:15.000Z",
    "lastUpdateTime": "2020-11-26T03:59:15.000Z",
    "auth": 2,
    "uid": "obd-olLAU1BTSerG8y0U7GNm2DkGxr9dK0e",
    "publishedVersion": 0,
    "forkFrom": "-",
    "isSpam": 0,
    "version": 1,
    "parentVersion": -1,
    "echartsVersion": "4.8.0",
    "versionCreateTime": "2020-11-26T03:59:15.000Z",
    "html": "",
    "externalScripts": "",
    "updaterUID": "obd-olLAU1BTSerG8y0U7GNm2DkGxr9dK0e",
    "theme": "",
    "layout": "",
    "viewCount": 66,
    "userName": "曹***灰",
    "commentCount": 0,
    "starCount": 1,
    "isStared": 0,
    "thumbnailURL": "https://www.makeapie.com/ecg-storage/ec_gallery_thumbnail/xh-BqGbVOx.png?v=1606363155267",
    "isCustomThumbnail": 0,
    "builtinTags": [
        "category-work",
        "series-pie",
        "title",
        "tooltip"
    ],
    "customTags": [],
    "updaterUserName": "曹***灰"
}