{
    "cid": "xIeZrUNbug",
    "authorUid": "obd-o-Uexou-eLV3ZPNaPJZ5DzpOR1qAjAe",
    "authorUserName": "伊***城",
    "title": "中国地图",
    "description": "测试",
    "latestVersion": 1,
    "alwaysLatest": 1,
    "createTime": "2020-11-26T07:09:05.000Z",
    "lastUpdateTime": "2020-11-26T07:09:05.000Z",
    "auth": 2,
    "uid": "obd-o-Uexou-eLV3ZPNaPJZ5DzpOR1qAjAe",
    "publishedVersion": 0,
    "forkFrom": "-",
    "isSpam": 0,
    "version": 1,
    "parentVersion": -1,
    "echartsVersion": "4.8.0",
    "versionCreateTime": "2020-11-26T07:09:05.000Z",
    "html": "",
    "externalScripts": "/dep/echarts/map/js/china.js",
    "updaterUID": "obd-o-Uexou-eLV3ZPNaPJZ5DzpOR1qAjAe",
    "theme": "",
    "layout": "",
    "viewCount": 284,
    "userName": "伊***城",
    "commentCount": 0,
    "starCount": 0,
    "isStared": 0,
    "thumbnailURL": "https://www.makeapie.com/ecg-storage/ec_gallery_thumbnail/xIeZrUNbug.png?v=1606374546233",
    "isCustomThumbnail": 0,
    "builtinTags": [
        "category-work",
        "geo",
        "series-lines",
        "series-map",
        "title",
        "tooltip",
        "visualMap"
    ],
    "customTags": [],
    "updaterUserName": "伊***城"
}