{
    "cid": "xjAx0V48Aq",
    "authorUid": "obd-oEg7g4y1u_MfSNegYdeL204jRziV14u",
    "authorUserName": "_***u",
    "title": "统计直方图",
    "description": "",
    "latestVersion": 1,
    "alwaysLatest": 1,
    "createTime": "2020-11-29T13:46:54.000Z",
    "lastUpdateTime": "2020-11-29T13:46:54.000Z",
    "auth": 2,
    "uid": "obd-oEg7g4y1u_MfSNegYdeL204jRziV14u",
    "publishedVersion": 0,
    "forkFrom": "-",
    "isSpam": 0,
    "version": 1,
    "parentVersion": -1,
    "echartsVersion": "4.8.0",
    "versionCreateTime": "2020-11-29T13:46:54.000Z",
    "html": "",
    "externalScripts": "",
    "updaterUID": "obd-oEg7g4y1u_MfSNegYdeL204jRziV14u",
    "theme": "dark",
    "layout": "",
    "viewCount": 67,
    "userName": "_***u",
    "commentCount": 0,
    "starCount": 0,
    "isStared": 0,
    "thumbnailURL": "https://www.makeapie.com/ecg-storage/ec_gallery_thumbnail/xjAx0V48Aq.png?v=1606657614978",
    "isCustomThumbnail": 0,
    "builtinTags": [
        "category-work",
        "dataZoom",
        "grid",
        "legend",
        "series-bar",
        "series-line",
        "title",
        "toolbox",
        "tooltip"
    ],
    "customTags": [],
    "updaterUserName": "_***u"
}