{
    "cid": "xmH-d1AT6k",
    "authorUid": "bd-1194627706",
    "authorUserName": "星***夜",
    "title": "标题：渐变色 阴影 点击缩放",
    "description": "二级标题: Gradient Color, Shadow, Click Zoom",
    "latestVersion": 2,
    "alwaysLatest": 1,
    "createTime": "2020-11-27T02:01:55.000Z",
    "lastUpdateTime": "2020-11-27T02:01:55.000Z",
    "auth": 2,
    "uid": "bd-1194627706",
    "publishedVersion": 0,
    "forkFrom": "-",
    "isSpam": 0,
    "version": 2,
    "parentVersion": 1,
    "echartsVersion": "4.8.0",
    "versionCreateTime": "2020-11-27T02:24:29.000Z",
    "html": "",
    "externalScripts": "",
    "updaterUID": "bd-1194627706",
    "theme": "",
    "layout": "",
    "viewCount": 114,
    "userName": "星***夜",
    "commentCount": 0,
    "starCount": 0,
    "isStared": 0,
    "thumbnailURL": "https://www.makeapie.com/ecg-storage/ec_gallery_thumbnail/xmH-d1AT6k.png?v=1606443869422",
    "isCustomThumbnail": 0,
    "builtinTags": [
        "category-work",
        "dataZoom",
        "grid",
        "series-bar",
        "title"
    ],
    "customTags": [],
    "updaterUserName": "星***夜"
}