{
    "cid": "xOPonVjlol",
    "authorUid": "bd-1968981738",
    "authorUserName": "刺***忄",
    "title": "左右对比柱状图",
    "description": "根据需求，简单记录下。",
    "latestVersion": 2,
    "alwaysLatest": 1,
    "createTime": "2020-11-27T06:24:18.000Z",
    "lastUpdateTime": "2020-11-27T06:24:18.000Z",
    "auth": 2,
    "uid": "bd-1968981738",
    "publishedVersion": 0,
    "forkFrom": "-",
    "isSpam": 0,
    "version": 2,
    "parentVersion": 1,
    "echartsVersion": "4.8.0",
    "versionCreateTime": "2020-11-27T06:24:47.000Z",
    "html": "",
    "externalScripts": "",
    "updaterUID": "bd-1968981738",
    "theme": "",
    "layout": "",
    "viewCount": 110,
    "userName": "刺***忄",
    "commentCount": 0,
    "starCount": 0,
    "isStared": 0,
    "thumbnailURL": "https://www.makeapie.com/ecg-storage/ec_gallery_thumbnail/xOPonVjlol.png?v=1606458287582",
    "isCustomThumbnail": 0,
    "builtinTags": [
        "category-work",
        "grid",
        "legend",
        "series-bar",
        "tooltip"
    ],
    "customTags": [],
    "updaterUserName": "刺***忄"
}