{
    "cid": "xPAxxh_kH9",
    "authorUid": "bd-827438878",
    "authorUserName": "帝***尊",
    "title": "南丁格尔_edit",
    "description": "南丁格尔_edit",
    "latestVersion": 3,
    "alwaysLatest": 1,
    "createTime": "2020-11-29T04:31:20.000Z",
    "lastUpdateTime": "2020-11-29T04:31:20.000Z",
    "auth": 1,
    "uid": "bd-827438878",
    "publishedVersion": 0,
    "forkFrom": "-",
    "isSpam": 0,
    "version": 3,
    "parentVersion": 2,
    "echartsVersion": "4.8.0",
    "versionCreateTime": "2020-11-29T04:48:44.000Z",
    "html": "",
    "externalScripts": "",
    "updaterUID": "bd-827438878",
    "theme": "",
    "layout": "",
    "viewCount": 88,
    "userName": "帝***尊",
    "commentCount": 0,
    "starCount": 0,
    "isStared": 0,
    "thumbnailURL": "https://www.makeapie.com/ecg-storage/ec_gallery_thumbnail/xPAxxh_kH9.png?v=1606625325061",
    "isCustomThumbnail": 0,
    "builtinTags": [
        "category-work",
        "legend",
        "series-pie",
        "title",
        "tooltip"
    ],
    "customTags": [],
    "updaterUserName": "帝***尊"
}