{
    "cid": "xQE-ef8eVY",
    "authorUid": "obd-o2nLdA_55TetlV8DF_ebSZNrY0Pyu6M",
    "authorUserName": "1***1",
    "title": "通行车次",
    "description": "",
    "latestVersion": 1,
    "alwaysLatest": 1,
    "createTime": "2020-11-26T07:44:04.000Z",
    "lastUpdateTime": "2020-11-26T07:44:04.000Z",
    "auth": 2,
    "uid": "obd-o2nLdA_55TetlV8DF_ebSZNrY0Pyu6M",
    "publishedVersion": 0,
    "forkFrom": "-",
    "isSpam": 0,
    "version": 1,
    "parentVersion": -1,
    "echartsVersion": "4.8.0",
    "versionCreateTime": "2020-11-26T07:44:04.000Z",
    "html": "",
    "externalScripts": "",
    "updaterUID": "obd-o2nLdA_55TetlV8DF_ebSZNrY0Pyu6M",
    "theme": "",
    "layout": "",
    "viewCount": 94,
    "userName": "1***1",
    "commentCount": 0,
    "starCount": 3,
    "isStared": 0,
    "thumbnailURL": "https://www.makeapie.com/ecg-storage/ec_gallery_thumbnail/xQE-ef8eVY.png?v=1606376644959",
    "isCustomThumbnail": 0,
    "builtinTags": [
        "category-work",
        "legend",
        "series-pie",
        "title",
        "tooltip"
    ],
    "customTags": [],
    "updaterUserName": "1***1"
}