{
    "cid": "xB1hdR7h8Q",
    "authorUid": "bd-403143514",
    "authorUserName": "a***7",
    "title": "数字滚动",
    "description": "",
    "latestVersion": 4,
    "alwaysLatest": 1,
    "createTime": "2018-08-23T12:54:11.000Z",
    "lastUpdateTime": "2018-08-23T12:54:11.000Z",
    "auth": 2,
    "uid": "bd-403143514",
    "publishedVersion": 0,
    "forkFrom": "-",
    "isSpam": 0,
    "version": 4,
    "parentVersion": 1,
    "echartsVersion": "4.1.0",
    "versionCreateTime": "2018-08-24T00:57:56.000Z",
    "html": "",
    "externalScripts": "",
    "updaterUID": "bd-403143514",
    "theme": "",
    "layout": "",
    "viewCount": 1941,
    "userName": "a***7",
    "commentCount": 1,
    "starCount": 21,
    "isStared": 0,
    "thumbnailURL": "https://www.makeapie.com/ecg-storage/ec_gallery_thumbnail/xB1hdR7h8Q.png?v=1535072276134",
    "isCustomThumbnail": 0,
    "builtinTags": [
        "category-work",
        "graphic"
    ],
    "customTags": [],
    "updaterUserName": "a***7"
}