{
    "cid": "xB1yRG-eDm",
    "authorUid": "bd-340029981",
    "authorUserName": "和蔼的我去12",
    "title": "zuopin",
    "description": "",
    "latestVersion": 31,
    "alwaysLatest": 1,
    "createTime": "2018-08-26T10:36:55.000Z",
    "lastUpdateTime": "2018-08-26T10:36:55.000Z",
    "auth": 2,
    "uid": "bd-340029981",
    "publishedVersion": 0,
    "forkFrom": "-",
    "isSpam": 0,
    "version": 31,
    "parentVersion": 30,
    "echartsVersion": "4.1.0",
    "versionCreateTime": "2018-08-27T07:12:00.000Z",
    "html": "",
    "externalScripts": "",
    "updaterUID": "bd-340029981",
    "theme": "",
    "layout": "",
    "viewCount": 1067,
    "userName": "和蔼的我去12",
    "commentCount": 0,
    "starCount": 9,
    "isStared": 0,
    "thumbnailURL": "https://www.makeapie.com/ecg-storage/ec_gallery_thumbnail/xB1yRG-eDm.png?v=1535353920149",
    "isCustomThumbnail": 0,
    "builtinTags": [
        "category-work",
        "legend",
        "polar",
        "series-bar",
        "title",
        "tooltip"
    ],
    "customTags": [],
    "updaterUserName": "和蔼的我去12"
}