{
    "cid": "xH10IXe-Dm",
    "authorUid": "bd-2459271525",
    "authorUserName": "柳***6",
    "title": "嵌套环形图",
    "description": "",
    "latestVersion": 3,
    "alwaysLatest": 1,
    "createTime": "2018-08-27T03:43:18.000Z",
    "lastUpdateTime": "2018-08-27T03:43:18.000Z",
    "auth": 2,
    "uid": "bd-2459271525",
    "publishedVersion": 0,
    "forkFrom": "-",
    "isSpam": 0,
    "version": 3,
    "parentVersion": 2,
    "echartsVersion": "4.1.0",
    "versionCreateTime": "2018-08-31T02:40:45.000Z",
    "html": "",
    "externalScripts": "",
    "updaterUID": "bd-2459271525",
    "theme": "",
    "layout": "",
    "viewCount": 1165,
    "userName": "柳***6",
    "commentCount": 0,
    "starCount": 7,
    "isStared": 0,
    "thumbnailURL": "https://www.makeapie.com/ecg-storage/ec_gallery_thumbnail/xH10IXe-Dm.png?v=1535683245142",
    "isCustomThumbnail": 0,
    "builtinTags": [
        "category-work",
        "graphic",
        "series-pie",
        "title",
        "tooltip"
    ],
    "customTags": [],
    "updaterUserName": "柳***6"
}