{
    "cid": "xH1cGXVzvm",
    "authorUid": "bd-599414847",
    "authorUserName": "A***M",
    "title": "bar-stack",
    "description": "bar stack",
    "latestVersion": 2,
    "alwaysLatest": 1,
    "createTime": "2018-08-28T02:27:29.000Z",
    "lastUpdateTime": "2018-08-28T02:27:29.000Z",
    "auth": 2,
    "uid": "bd-599414847",
    "publishedVersion": 0,
    "forkFrom": "-",
    "isSpam": 0,
    "version": 2,
    "parentVersion": 1,
    "echartsVersion": "4.1.0",
    "versionCreateTime": "2018-08-28T02:46:39.000Z",
    "html": "",
    "externalScripts": "",
    "updaterUID": "bd-599414847",
    "theme": "",
    "layout": "",
    "viewCount": 388,
    "userName": "A***M",
    "commentCount": 0,
    "starCount": 4,
    "isStared": 0,
    "thumbnailURL": "https://www.makeapie.com/ecg-storage/ec_gallery_thumbnail/xH1cGXVzvm.png?v=1535424399590",
    "isCustomThumbnail": 0,
    "builtinTags": [
        "category-work",
        "grid",
        "legend",
        "series-bar",
        "tooltip"
    ],
    "customTags": [],
    "updaterUserName": "A***M"
}