{
    "cid": "xHJ9cdM1DQ",
    "authorUid": "bd-1577806679",
    "authorUserName": "zhaozexiang88",
    "title": "多组数据在同一位置显示",
    "description": "",
    "latestVersion": 1,
    "alwaysLatest": 1,
    "createTime": "2018-08-25T17:57:37.000Z",
    "lastUpdateTime": "2018-08-25T17:57:37.000Z",
    "auth": 2,
    "uid": "bd-1577806679",
    "publishedVersion": 0,
    "forkFrom": "-",
    "isSpam": 0,
    "version": 1,
    "parentVersion": -1,
    "echartsVersion": "4.1.0",
    "versionCreateTime": "2018-08-25T17:57:37.000Z",
    "html": "",
    "externalScripts": "",
    "updaterUID": "bd-1577806679",
    "theme": "",
    "layout": "",
    "viewCount": 280,
    "userName": "zhaozexiang88",
    "commentCount": 0,
    "starCount": 4,
    "isStared": 0,
    "thumbnailURL": "https://www.makeapie.com/ecg-storage/ec_gallery_thumbnail/xHJ9cdM1DQ.png?v=1535219858000",
    "isCustomThumbnail": 0,
    "builtinTags": [
        "category-work",
        "grid",
        "legend",
        "series-bar"
    ],
    "customTags": [],
    "updaterUserName": "zhaozexiang88"
}