{
    "cid": "xHkJPTG6Im",
    "authorUid": "bd-103587657",
    "authorUserName": "你***迈",
    "title": "通报国分布",
    "description": "",
    "latestVersion": 1,
    "alwaysLatest": 1,
    "createTime": "2018-08-24T05:53:27.000Z",
    "lastUpdateTime": "2018-08-24T05:53:27.000Z",
    "auth": 2,
    "uid": "bd-103587657",
    "publishedVersion": 0,
    "forkFrom": "-",
    "isSpam": 0,
    "version": 1,
    "parentVersion": -1,
    "echartsVersion": "4.1.0",
    "versionCreateTime": "2018-08-24T05:53:27.000Z",
    "html": "",
    "externalScripts": "",
    "updaterUID": "bd-103587657",
    "theme": "",
    "layout": "",
    "viewCount": 69,
    "userName": "你***迈",
    "commentCount": 0,
    "starCount": 1,
    "isStared": 0,
    "thumbnailURL": "https://www.makeapie.com/ecg-storage/ec_gallery_thumbnail/xHkJPTG6Im.png?v=1535090007359",
    "isCustomThumbnail": 0,
    "builtinTags": [
        "category-work",
        "legend",
        "series-pie",
        "title",
        "tooltip"
    ],
    "customTags": [],
    "updaterUserName": "你***迈"
}