{
    "cid": "xHkVCYQ-vm",
    "authorUid": "bd-3105938787",
    "authorUserName": "啥在西元前",
    "title": "Awesome Chart",
    "description": "",
    "latestVersion": 1,
    "alwaysLatest": 1,
    "createTime": "2018-08-27T07:35:39.000Z",
    "lastUpdateTime": "2018-08-27T07:35:39.000Z",
    "auth": 2,
    "uid": "bd-3105938787",
    "publishedVersion": 0,
    "forkFrom": "-",
    "isSpam": 0,
    "version": 1,
    "parentVersion": -1,
    "echartsVersion": "4.1.0",
    "versionCreateTime": "2018-08-27T07:35:39.000Z",
    "html": "",
    "externalScripts": "",
    "updaterUID": "bd-3105938787",
    "theme": "macarons",
    "layout": "",
    "viewCount": 21,
    "userName": "啥在西元前",
    "commentCount": 0,
    "starCount": 0,
    "isStared": 0,
    "thumbnailURL": "https://www.makeapie.com/ecg-storage/ec_gallery_thumbnail/xHkVCYQ-vm.png?v=1535355340041",
    "isCustomThumbnail": 0,
    "builtinTags": [
        "category-work",
        "grid",
        "series-line",
        "title"
    ],
    "customTags": [],
    "updaterUserName": "啥在西元前"
}