{
    "cid": "xrJiZx4fPX",
    "authorUid": "bd-303323606",
    "authorUserName": "201092041",
    "title": "贵阳",
    "description": "贵阳",
    "latestVersion": 1,
    "alwaysLatest": 1,
    "createTime": "2018-08-28T02:14:26.000Z",
    "lastUpdateTime": "2018-08-28T02:14:26.000Z",
    "auth": 2,
    "uid": "bd-303323606",
    "publishedVersion": 0,
    "forkFrom": "-",
    "isSpam": 0,
    "version": 1,
    "parentVersion": -1,
    "echartsVersion": "4.1.0",
    "versionCreateTime": "2018-08-28T02:14:28.000Z",
    "html": "",
    "externalScripts": "http://api.map.baidu.com/api?v=2.0&ak=ZUONbpqGBsYGXNIYHicvbAbM,/dep/echarts/latest/extension/bmap.min.js",
    "updaterUID": "bd-303323606",
    "theme": "",
    "layout": "",
    "viewCount": 36,
    "userName": "201092041",
    "commentCount": 0,
    "starCount": 0,
    "isStared": 0,
    "thumbnailURL": "https://www.makeapie.com/ecg-storage/ec_gallery_thumbnail/xrJiZx4fPX.undefined?v=",
    "isCustomThumbnail": 0,
    "builtinTags": [
        "category-work"
    ],
    "customTags": [],
    "updaterUserName": "201092041"
}