{
    "cid": "xrJL5rHRLX",
    "authorUid": "bd-86379122",
    "authorUserName": "x***m",
    "title": "对比条形图",
    "description": "",
    "latestVersion": 5,
    "alwaysLatest": 1,
    "createTime": "2018-08-25T02:57:18.000Z",
    "lastUpdateTime": "2018-08-25T02:57:18.000Z",
    "auth": 2,
    "uid": "bd-86379122",
    "publishedVersion": 0,
    "forkFrom": "-",
    "isSpam": 0,
    "version": 5,
    "parentVersion": 4,
    "echartsVersion": "4.8.0",
    "versionCreateTime": "2020-06-18T08:56:18.000Z",
    "html": "",
    "externalScripts": "",
    "updaterUID": "bd-86379122",
    "theme": "",
    "layout": "",
    "viewCount": 100,
    "userName": "x***m",
    "commentCount": 0,
    "starCount": 2,
    "isStared": 0,
    "thumbnailURL": "https://www.makeapie.com/ecg-storage/ec_gallery_thumbnail/xrJL5rHRLX.png?v=1592470578066",
    "isCustomThumbnail": 0,
    "builtinTags": [
        "category-work",
        "grid",
        "legend",
        "series-bar",
        "title",
        "toolbox",
        "tooltip"
    ],
    "customTags": [],
    "updaterUserName": "x***m"
}