{
    "cid": "xrkEDtAlPQ",
    "authorUid": "bd-2459271525",
    "authorUserName": "柳***6",
    "title": "中心带数字的环形图",
    "description": "",
    "latestVersion": 1,
    "alwaysLatest": 1,
    "createTime": "2018-08-27T01:52:28.000Z",
    "lastUpdateTime": "2018-08-27T01:52:28.000Z",
    "auth": 2,
    "uid": "bd-2459271525",
    "publishedVersion": 0,
    "forkFrom": "-",
    "isSpam": 0,
    "version": 1,
    "parentVersion": -1,
    "echartsVersion": "4.1.0",
    "versionCreateTime": "2018-08-27T01:52:28.000Z",
    "html": "",
    "externalScripts": "",
    "updaterUID": "bd-2459271525",
    "theme": "",
    "layout": "",
    "viewCount": 904,
    "userName": "柳***6",
    "commentCount": 0,
    "starCount": 9,
    "isStared": 0,
    "thumbnailURL": "https://www.makeapie.com/ecg-storage/ec_gallery_thumbnail/xrkEDtAlPQ.png?v=1535334748227",
    "isCustomThumbnail": 0,
    "builtinTags": [
        "category-work",
        "series-pie",
        "title",
        "tooltip"
    ],
    "customTags": [],
    "updaterUserName": "柳***6"
}