{
    "cid": "xSJnXOtfD7",
    "authorUid": "bd-3225273598",
    "authorUserName": "冷***_",
    "title": "饼柱混搭时间轴",
    "description": "饼图混合条形图搭配时间轴的使用，数据自定义。",
    "latestVersion": 2,
    "alwaysLatest": 1,
    "createTime": "2018-08-28T08:30:27.000Z",
    "lastUpdateTime": "2018-08-28T08:30:27.000Z",
    "auth": 2,
    "uid": "bd-3225273598",
    "publishedVersion": 0,
    "forkFrom": "-",
    "isSpam": 0,
    "version": 2,
    "parentVersion": 1,
    "echartsVersion": "4.1.0",
    "versionCreateTime": "2018-08-28T08:33:13.000Z",
    "html": "",
    "externalScripts": "",
    "updaterUID": "bd-3225273598",
    "theme": "",
    "layout": "",
    "viewCount": 570,
    "userName": "冷***_",
    "commentCount": 0,
    "starCount": 2,
    "isStared": 0,
    "thumbnailURL": "https://www.makeapie.com/ecg-storage/ec_gallery_thumbnail/xSJnXOtfD7.png?v=1535445193180",
    "isCustomThumbnail": 0,
    "builtinTags": [
        "category-work",
        "grid",
        "series-bar",
        "series-pie",
        "timeline",
        "title",
        "tooltip"
    ],
    "customTags": [],
    "updaterUserName": "冷***_"
}