{
    "cid": "xSJNSQvfw7",
    "authorUid": "bd-4013131402",
    "authorUserName": "o***4",
    "title": "K 线图十字星测试",
    "description": "",
    "latestVersion": 2,
    "alwaysLatest": 1,
    "createTime": "2018-08-28T05:53:00.000Z",
    "lastUpdateTime": "2018-08-28T05:53:00.000Z",
    "auth": 2,
    "uid": "bd-4013131402",
    "publishedVersion": 0,
    "forkFrom": "-",
    "isSpam": 0,
    "version": 2,
    "parentVersion": 1,
    "echartsVersion": "4.1.0",
    "versionCreateTime": "2018-08-28T05:55:51.000Z",
    "html": "",
    "externalScripts": "",
    "updaterUID": "bd-4013131402",
    "theme": "",
    "layout": "",
    "viewCount": 444,
    "userName": "o***4",
    "commentCount": 0,
    "starCount": 0,
    "isStared": 0,
    "thumbnailURL": "https://www.makeapie.com/ecg-storage/ec_gallery_thumbnail/xSJNSQvfw7.png?v=1535435751825",
    "isCustomThumbnail": 0,
    "builtinTags": [
        "category-work",
        "grid",
        "markPoint",
        "series-candlestick",
        "title"
    ],
    "customTags": [],
    "updaterUserName": "o***4"
}