{
    "cid": "xSkQtIQWD7",
    "authorUid": "bd-303323606",
    "authorUserName": "201092041",
    "title": "地铁",
    "description": "地铁图",
    "latestVersion": 1,
    "alwaysLatest": 1,
    "createTime": "2018-08-27T07:21:31.000Z",
    "lastUpdateTime": "2018-08-27T07:21:31.000Z",
    "auth": 2,
    "uid": "bd-303323606",
    "publishedVersion": 0,
    "forkFrom": "-",
    "isSpam": 0,
    "version": 1,
    "parentVersion": -1,
    "echartsVersion": "4.1.0",
    "versionCreateTime": "2018-08-27T07:21:31.000Z",
    "html": "",
    "externalScripts": "",
    "updaterUID": "bd-303323606",
    "theme": "",
    "layout": "",
    "viewCount": 370,
    "userName": "201092041",
    "commentCount": 0,
    "starCount": 0,
    "isStared": 0,
    "thumbnailURL": "https://www.makeapie.com/ecg-storage/ec_gallery_thumbnail/xSkQtIQWD7.png?v=1535354491286",
    "isCustomThumbnail": 0,
    "builtinTags": [
        "category-work",
        "series-graph"
    ],
    "customTags": [],
    "updaterUserName": "201092041"
}