{
    "cid": "xSyJqzA1DQ",
    "authorUid": "bd-340029981",
    "authorUserName": "和蔼的我去12",
    "title": "。。。",
    "description": "",
    "latestVersion": 2,
    "alwaysLatest": 1,
    "createTime": "2018-08-26T07:11:03.000Z",
    "lastUpdateTime": "2018-08-26T07:11:03.000Z",
    "auth": 2,
    "uid": "bd-340029981",
    "publishedVersion": 0,
    "forkFrom": "-",
    "isSpam": 0,
    "version": 2,
    "parentVersion": 1,
    "echartsVersion": "4.1.0",
    "versionCreateTime": "2018-08-26T07:21:17.000Z",
    "html": "",
    "externalScripts": "",
    "updaterUID": "bd-340029981",
    "theme": "",
    "layout": "",
    "viewCount": 176,
    "userName": "和蔼的我去12",
    "commentCount": 0,
    "starCount": 0,
    "isStared": 0,
    "thumbnailURL": "https://www.makeapie.com/ecg-storage/ec_gallery_thumbnail/xSyJqzA1DQ.png?v=1535268077272",
    "isCustomThumbnail": 0,
    "builtinTags": [
        "category-work",
        "legend",
        "polar",
        "series-bar"
    ],
    "customTags": [],
    "updaterUserName": "和蔼的我去12"
}