{
    "cid": "xdAuqRlLf",
    "authorUid": "bd-2218484457",
    "authorUserName": "鈅***陌",
    "title": "Awesome Chart",
    "description": "",
    "latestVersion": 1,
    "alwaysLatest": 1,
    "createTime": "2020-03-06T01:38:21.000Z",
    "lastUpdateTime": "2020-03-06T01:38:21.000Z",
    "auth": 2,
    "uid": "bd-2218484457",
    "publishedVersion": 0,
    "forkFrom": "-",
    "isSpam": 0,
    "version": 1,
    "parentVersion": -1,
    "echartsVersion": "4.4.0",
    "versionCreateTime": "2020-03-06T01:38:21.000Z",
    "html": "",
    "externalScripts": "",
    "updaterUID": "bd-2218484457",
    "theme": "",
    "layout": "",
    "viewCount": 8,
    "userName": "鈅***陌",
    "commentCount": 0,
    "starCount": 0,
    "isStared": 0,
    "thumbnailURL": "https://www.makeapie.com/ecg-storage/ec_gallery_thumbnail/xdAuqRlLf.png?v=1583458702029",
    "isCustomThumbnail": 0,
    "builtinTags": [
        "category-work",
        "grid",
        "series-line",
        "title"
    ],
    "customTags": [],
    "updaterUserName": "鈅***陌"
}