{
    "cid": "xGRArg81F",
    "authorUid": "bd-4013131402",
    "authorUserName": "o***4",
    "title": "Average ranged in seperate series",
    "description": "",
    "latestVersion": 1,
    "alwaysLatest": 1,
    "createTime": "2020-03-06T07:13:57.000Z",
    "lastUpdateTime": "2020-03-06T07:13:57.000Z",
    "auth": 2,
    "uid": "bd-4013131402",
    "publishedVersion": 0,
    "forkFrom": "-",
    "isSpam": 0,
    "version": 1,
    "parentVersion": -1,
    "echartsVersion": "4.4.0",
    "versionCreateTime": "2020-03-06T07:13:57.000Z",
    "html": "",
    "externalScripts": "",
    "updaterUID": "bd-4013131402",
    "theme": "",
    "layout": "",
    "viewCount": 316,
    "userName": "o***4",
    "commentCount": 0,
    "starCount": 2,
    "isStared": 0,
    "thumbnailURL": "https://www.makeapie.com/ecg-storage/ec_gallery_thumbnail/xGRArg81F.png?v=1583478837205",
    "isCustomThumbnail": 0,
    "builtinTags": [
        "category-work",
        "grid",
        "markLine",
        "series-line",
        "title"
    ],
    "customTags": [],
    "updaterUserName": "o***4"
}