{
    "cid": "xhXhFWU16",
    "authorUid": "bd-3577009453",
    "authorUserName": "贫***撸",
    "title": "横轴多曲线",
    "description": "",
    "latestVersion": 2,
    "alwaysLatest": 1,
    "createTime": "2020-03-06T04:00:26.000Z",
    "lastUpdateTime": "2020-03-06T04:00:26.000Z",
    "auth": 2,
    "uid": "bd-3577009453",
    "publishedVersion": 0,
    "forkFrom": "-",
    "isSpam": 0,
    "version": 2,
    "parentVersion": 1,
    "echartsVersion": "4.4.0",
    "versionCreateTime": "2020-03-06T04:37:29.000Z",
    "html": "",
    "externalScripts": "",
    "updaterUID": "bd-3577009453",
    "theme": "",
    "layout": "",
    "viewCount": 87,
    "userName": "贫***撸",
    "commentCount": 0,
    "starCount": 1,
    "isStared": 0,
    "thumbnailURL": "https://www.makeapie.com/ecg-storage/ec_gallery_thumbnail/xhXhFWU16.png?v=1583469449760",
    "isCustomThumbnail": 0,
    "builtinTags": [
        "category-work",
        "grid",
        "legend",
        "series-line",
        "tooltip"
    ],
    "customTags": [],
    "updaterUserName": "贫***撸"
}