{
    "cid": "xOdTTj58g",
    "authorUid": "bd-37135131",
    "authorUserName": "s***8",
    "title": "平均分",
    "description": "平均分",
    "latestVersion": 3,
    "alwaysLatest": 1,
    "createTime": "2020-03-05T01:08:45.000Z",
    "lastUpdateTime": "2020-03-05T01:08:45.000Z",
    "auth": 2,
    "uid": "bd-37135131",
    "publishedVersion": 0,
    "forkFrom": "-",
    "isSpam": 0,
    "version": 3,
    "parentVersion": 2,
    "echartsVersion": "4.7.0",
    "versionCreateTime": "2020-04-13T01:04:46.000Z",
    "html": "",
    "externalScripts": "",
    "updaterUID": "bd-37135131",
    "theme": "",
    "layout": "",
    "viewCount": 50,
    "userName": "s***8",
    "commentCount": 0,
    "starCount": 0,
    "isStared": 0,
    "thumbnailURL": "https://www.makeapie.com/ecg-storage/ec_gallery_thumbnail/xOdTTj58g.png?v=1586739886299",
    "isCustomThumbnail": 0,
    "builtinTags": [
        "category-work",
        "grid",
        "series-bar",
        "tooltip"
    ],
    "customTags": [],
    "updaterUserName": "s***8"
}