{
    "cid": "xqwiEY_TS",
    "authorUid": "bd-3087274484",
    "authorUserName": "x***t",
    "title": "南丁格尔玫瑰图",
    "description": "",
    "latestVersion": 3,
    "alwaysLatest": 1,
    "createTime": "2020-03-05T13:36:37.000Z",
    "lastUpdateTime": "2020-03-05T13:36:37.000Z",
    "auth": 1,
    "uid": "bd-3087274484",
    "publishedVersion": 0,
    "forkFrom": "-",
    "isSpam": 0,
    "version": 3,
    "parentVersion": 2,
    "echartsVersion": "4.7.0",
    "versionCreateTime": "2020-04-06T12:29:24.000Z",
    "html": "",
    "externalScripts": "",
    "updaterUID": "bd-2356999455",
    "theme": "",
    "layout": "",
    "viewCount": 1477,
    "userName": "x***t",
    "commentCount": 0,
    "starCount": 3,
    "isStared": 0,
    "thumbnailURL": "https://www.makeapie.com/ecg-storage/ec_gallery_thumbnail/xqwiEY_TS.png?v=1586176164916",
    "isCustomThumbnail": 0,
    "builtinTags": [
        "category-work"
    ],
    "customTags": [],
    "updaterUserName": "z***0"
}