{
    "cid": "xrTo259rj",
    "authorUid": "bd-1502984891",
    "authorUserName": "p***n",
    "title": "请求下如何监听手柄的移动",
    "description": "我想让手柄移动后，重新进行setoption操作，但是找不到对于的方法",
    "latestVersion": 2,
    "alwaysLatest": 1,
    "createTime": "2020-03-06T14:29:51.000Z",
    "lastUpdateTime": "2020-03-06T14:29:51.000Z",
    "auth": 2,
    "uid": "bd-1502984891",
    "publishedVersion": 0,
    "forkFrom": "-",
    "isSpam": 0,
    "version": 2,
    "parentVersion": 1,
    "echartsVersion": "4.4.0",
    "versionCreateTime": "2020-03-06T14:31:44.000Z",
    "html": "",
    "externalScripts": "",
    "updaterUID": "bd-1502984891",
    "theme": "",
    "layout": "",
    "viewCount": 66,
    "userName": "p***n",
    "commentCount": 0,
    "starCount": 0,
    "isStared": 0,
    "thumbnailURL": "https://www.makeapie.com/ecg-storage/ec_gallery_thumbnail/xrTo259rj.png?v=1583505104630",
    "isCustomThumbnail": 0,
    "builtinTags": [
        "category-work",
        "grid",
        "series-bar",
        "series-line"
    ],
    "customTags": [],
    "updaterUserName": "p***n"
}