{
    "cid": "xUkFje067",
    "authorUid": "bd-37135131",
    "authorUserName": "s***8",
    "title": "及格率/优秀率",
    "description": "",
    "latestVersion": 3,
    "alwaysLatest": 1,
    "createTime": "2020-03-05T11:11:56.000Z",
    "lastUpdateTime": "2020-03-05T11:11:56.000Z",
    "auth": 2,
    "uid": "bd-37135131",
    "publishedVersion": 0,
    "forkFrom": "-",
    "isSpam": 0,
    "version": 3,
    "parentVersion": 2,
    "echartsVersion": "4.4.0",
    "versionCreateTime": "2020-03-17T02:48:39.000Z",
    "html": "",
    "externalScripts": "",
    "updaterUID": "bd-37135131",
    "theme": "",
    "layout": "",
    "viewCount": 306,
    "userName": "s***8",
    "commentCount": 0,
    "starCount": 0,
    "isStared": 0,
    "thumbnailURL": "https://www.makeapie.com/ecg-storage/ec_gallery_thumbnail/xUkFje067.png?v=1584413319213",
    "isCustomThumbnail": 0,
    "builtinTags": [
        "category-work",
        "series-gauge",
        "title",
        "tooltip"
    ],
    "customTags": [],
    "updaterUserName": "s***8"
}