{
    "cid": "xvdWnE217",
    "authorUid": "bd-1208768205",
    "authorUserName": "不***愿",
    "title": "Awesome Chart",
    "description": "",
    "latestVersion": 5,
    "alwaysLatest": 1,
    "createTime": "2020-03-07T04:46:41.000Z",
    "lastUpdateTime": "2020-03-07T04:46:41.000Z",
    "auth": 1,
    "uid": "bd-1208768205",
    "publishedVersion": 0,
    "forkFrom": "-",
    "isSpam": 0,
    "version": 5,
    "parentVersion": 4,
    "echartsVersion": "4.4.0",
    "versionCreateTime": "2020-03-08T15:29:11.000Z",
    "html": "",
    "externalScripts": "",
    "updaterUID": "bd-1208768205",
    "theme": "",
    "layout": "",
    "viewCount": 38,
    "userName": "不***愿",
    "commentCount": 0,
    "starCount": 0,
    "isStared": 0,
    "thumbnailURL": "https://www.makeapie.com/ecg-storage/ec_gallery_thumbnail/xvdWnE217.png?v=1583681351447",
    "isCustomThumbnail": 0,
    "builtinTags": [
        "category-work",
        "grid",
        "series-line",
        "title"
    ],
    "customTags": [],
    "updaterUserName": "不***愿"
}