{
    "cid": "xxHE97THs",
    "authorUid": "bd-1983375875",
    "authorUserName": "月***2",
    "title": "不显示x轴，标签文字左侧左对齐，右侧右对齐，其他居中对齐",
    "description": "",
    "latestVersion": 1,
    "alwaysLatest": 1,
    "createTime": "2020-03-05T15:05:52.000Z",
    "lastUpdateTime": "2020-03-05T15:05:52.000Z",
    "auth": 2,
    "uid": "bd-1983375875",
    "publishedVersion": 0,
    "forkFrom": "-",
    "isSpam": 0,
    "version": 1,
    "parentVersion": -1,
    "echartsVersion": "4.4.0",
    "versionCreateTime": "2020-03-05T15:05:52.000Z",
    "html": "",
    "externalScripts": "",
    "updaterUID": "bd-1983375875",
    "theme": "",
    "layout": "",
    "viewCount": 23,
    "userName": "月***2",
    "commentCount": 0,
    "starCount": 0,
    "isStared": 0,
    "thumbnailURL": "https://www.makeapie.com/ecg-storage/ec_gallery_thumbnail/xxHE97THs.png?v=1583420752740",
    "isCustomThumbnail": 0,
    "builtinTags": [
        "category-work",
        "grid",
        "legend",
        "series-line",
        "title",
        "toolbox",
        "tooltip"
    ],
    "customTags": [],
    "updaterUserName": "月***2"
}