{
    "cid": "x0sI8rKy6S",
    "authorUid": "obd-o0F99Swp-oZFAsL_N-a3lZcT6M7pvFh",
    "authorUserName": "零***e",
    "title": "供应商销售饼图",
    "description": "",
    "latestVersion": 3,
    "alwaysLatest": 1,
    "createTime": "2020-06-17T09:35:36.000Z",
    "lastUpdateTime": "2020-06-17T09:35:36.000Z",
    "auth": 2,
    "uid": "obd-o0F99Swp-oZFAsL_N-a3lZcT6M7pvFh",
    "publishedVersion": 0,
    "forkFrom": "-",
    "isSpam": 0,
    "version": 3,
    "parentVersion": 2,
    "echartsVersion": "4.8.0",
    "versionCreateTime": "2020-07-02T06:02:50.000Z",
    "html": "",
    "externalScripts": "",
    "updaterUID": "obd-o0F99Swp-oZFAsL_N-a3lZcT6M7pvFh",
    "theme": "",
    "layout": "",
    "viewCount": 1985,
    "userName": "零***e",
    "commentCount": 0,
    "starCount": 19,
    "isStared": 0,
    "thumbnailURL": "https://www.makeapie.com/ecg-storage/ec_gallery_thumbnail/x0sI8rKy6S.png?v=1593669770866",
    "isCustomThumbnail": 0,
    "builtinTags": [
        "category-work",
        "legend",
        "series-pie",
        "title",
        "tooltip",
        "visualMap"
    ],
    "customTags": [],
    "updaterUserName": "零***e"
}