{
    "cid": "x1HoYx72jgL",
    "authorUid": "obd-ojazB7LLJesC4SpDglIFPBwKrcrE-EW",
    "authorUserName": "j***n",
    "title": "Forces Categories",
    "description": "",
    "latestVersion": 2,
    "alwaysLatest": 1,
    "createTime": "2020-06-18T03:21:22.000Z",
    "lastUpdateTime": "2020-06-18T03:21:22.000Z",
    "auth": 2,
    "uid": "obd-ojazB7LLJesC4SpDglIFPBwKrcrE-EW",
    "publishedVersion": 0,
    "forkFrom": "-",
    "isSpam": 0,
    "version": 2,
    "parentVersion": 1,
    "echartsVersion": "4.8.0",
    "versionCreateTime": "2020-06-18T03:21:38.000Z",
    "html": "",
    "externalScripts": "",
    "updaterUID": "obd-ojazB7LLJesC4SpDglIFPBwKrcrE-EW",
    "theme": "",
    "layout": "",
    "viewCount": 31,
    "userName": "j***n",
    "commentCount": 0,
    "starCount": 0,
    "isStared": 0,
    "thumbnailURL": "https://www.makeapie.com/ecg-storage/ec_gallery_thumbnail/x1HoYx72jgL.png?v=1592450498887",
    "isCustomThumbnail": 0,
    "builtinTags": [
        "category-work",
        "series-sunburst",
        "title"
    ],
    "customTags": [],
    "updaterUserName": "j***n"
}