{
    "cid": "x5Adv6UA-3",
    "authorUid": "bd-1896733785",
    "authorUserName": "s***0",
    "title": "Awesome Chart",
    "description": "",
    "latestVersion": 1,
    "alwaysLatest": 1,
    "createTime": "2020-06-16T08:23:47.000Z",
    "lastUpdateTime": "2020-06-16T08:23:47.000Z",
    "auth": 2,
    "uid": "bd-1896733785",
    "publishedVersion": 0,
    "forkFrom": "-",
    "isSpam": 0,
    "version": 1,
    "parentVersion": -1,
    "echartsVersion": "4.8.0",
    "versionCreateTime": "2020-06-16T08:23:47.000Z",
    "html": "",
    "externalScripts": "",
    "updaterUID": "bd-1896733785",
    "theme": "",
    "layout": "",
    "viewCount": 30,
    "userName": "s***0",
    "commentCount": 0,
    "starCount": 0,
    "isStared": 0,
    "thumbnailURL": "https://www.makeapie.com/ecg-storage/ec_gallery_thumbnail/x5Adv6UA-3.png?v=1592295827235",
    "isCustomThumbnail": 0,
    "builtinTags": [
        "category-work",
        "grid",
        "series-line",
        "title"
    ],
    "customTags": [],
    "updaterUserName": "s***0"
}