{
    "cid": "x_l4aGH5l_",
    "authorUid": "obd-o2Cu6Fu8pg896ESqXwpR-T6d1K1a8Bx",
    "authorUserName": "水***风",
    "title": "运输次数",
    "description": "百分比3D正体柱状图",
    "latestVersion": 1,
    "alwaysLatest": 1,
    "createTime": "2020-06-17T09:45:36.000Z",
    "lastUpdateTime": "2020-06-17T09:45:36.000Z",
    "auth": 2,
    "uid": "obd-o2Cu6Fu8pg896ESqXwpR-T6d1K1a8Bx",
    "publishedVersion": 0,
    "forkFrom": "-",
    "isSpam": 0,
    "version": 1,
    "parentVersion": -1,
    "echartsVersion": "4.8.0",
    "versionCreateTime": "2020-06-17T09:45:36.000Z",
    "html": "",
    "externalScripts": "",
    "updaterUID": "obd-o2Cu6Fu8pg896ESqXwpR-T6d1K1a8Bx",
    "theme": "",
    "layout": "",
    "viewCount": 256,
    "userName": "水***风",
    "commentCount": 0,
    "starCount": 0,
    "isStared": 0,
    "thumbnailURL": "https://www.makeapie.com/ecg-storage/ec_gallery_thumbnail/x_l4aGH5l_.png?v=1592387136150",
    "isCustomThumbnail": 0,
    "builtinTags": [
        "category-work",
        "grid",
        "series-bar",
        "series-custom",
        "title"
    ],
    "customTags": [],
    "updaterUserName": "水***风"
}