{
    "cid": "xBz_YdJXdo",
    "authorUid": "bd-547909240",
    "authorUserName": "i***明",
    "title": "流线图（单线）",
    "description": "纯属虚构",
    "latestVersion": 1,
    "alwaysLatest": 1,
    "createTime": "2020-06-16T09:57:19.000Z",
    "lastUpdateTime": "2020-06-16T09:57:19.000Z",
    "auth": 2,
    "uid": "bd-547909240",
    "publishedVersion": 0,
    "forkFrom": "-",
    "isSpam": 0,
    "version": 1,
    "parentVersion": -1,
    "echartsVersion": "4.8.0",
    "versionCreateTime": "2020-06-16T09:57:19.000Z",
    "html": "",
    "externalScripts": "",
    "updaterUID": "bd-547909240",
    "theme": "",
    "layout": "",
    "viewCount": 143,
    "userName": "i***明",
    "commentCount": 0,
    "starCount": 1,
    "isStared": 0,
    "thumbnailURL": "https://www.makeapie.com/ecg-storage/ec_gallery_thumbnail/xBz_YdJXdo.png?v=1592301439201",
    "isCustomThumbnail": 0,
    "builtinTags": [
        "category-work",
        "grid",
        "legend",
        "series-line",
        "series-lines",
        "title",
        "toolbox",
        "tooltip"
    ],
    "customTags": [],
    "updaterUserName": "i***明"
}