{
    "cid": "xF-nyUmZTV",
    "authorUid": "obd-ojakbO3WQ-Z9mYKRzjZldAXj0Qia3EK",
    "authorUserName": "没***我",
    "title": "简单纵向数据显示",
    "description": "",
    "latestVersion": 1,
    "alwaysLatest": 1,
    "createTime": "2020-06-17T10:06:53.000Z",
    "lastUpdateTime": "2020-06-17T10:06:53.000Z",
    "auth": 2,
    "uid": "obd-ojakbO3WQ-Z9mYKRzjZldAXj0Qia3EK",
    "publishedVersion": 0,
    "forkFrom": "-",
    "isSpam": 0,
    "version": 1,
    "parentVersion": -1,
    "echartsVersion": "4.8.0",
    "versionCreateTime": "2020-06-17T10:06:53.000Z",
    "html": "",
    "externalScripts": "",
    "updaterUID": "obd-ojakbO3WQ-Z9mYKRzjZldAXj0Qia3EK",
    "theme": "",
    "layout": "",
    "viewCount": 404,
    "userName": "没***我",
    "commentCount": 0,
    "starCount": 2,
    "isStared": 0,
    "thumbnailURL": "https://www.makeapie.com/ecg-storage/ec_gallery_thumbnail/xF-nyUmZTV.png?v=1592388413778",
    "isCustomThumbnail": 0,
    "builtinTags": [
        "category-work",
        "grid",
        "series-bar"
    ],
    "customTags": [],
    "updaterUserName": "没***我"
}