{
    "cid": "xfX7ZMgLty",
    "authorUid": "obd-oF_GB46NsA77VVAusJfZexZGlOOsf5c",
    "authorUserName": "4***4",
    "title": "资金分析",
    "description": "资金分析",
    "latestVersion": 1,
    "alwaysLatest": 1,
    "createTime": "2020-06-17T06:24:55.000Z",
    "lastUpdateTime": "2020-06-17T06:24:55.000Z",
    "auth": 2,
    "uid": "obd-oF_GB46NsA77VVAusJfZexZGlOOsf5c",
    "publishedVersion": 0,
    "forkFrom": "-",
    "isSpam": 0,
    "version": 1,
    "parentVersion": -1,
    "echartsVersion": "4.8.0",
    "versionCreateTime": "2020-06-17T06:24:55.000Z",
    "html": "",
    "externalScripts": "",
    "updaterUID": "obd-oF_GB46NsA77VVAusJfZexZGlOOsf5c",
    "theme": "",
    "layout": "",
    "viewCount": 883,
    "userName": "4***4",
    "commentCount": 0,
    "starCount": 6,
    "isStared": 0,
    "thumbnailURL": "https://www.makeapie.com/ecg-storage/ec_gallery_thumbnail/xfX7ZMgLty.png?v=1592375095217",
    "isCustomThumbnail": 0,
    "builtinTags": [
        "category-work",
        "grid",
        "series-bar",
        "series-line",
        "series-pie",
        "title",
        "toolbox",
        "tooltip"
    ],
    "customTags": [
        "我的故事"
    ],
    "updaterUserName": "4***4"
}