{
    "cid": "xhvZHXW_wK",
    "authorUid": "bd-101698999",
    "authorUserName": "Z***8",
    "title": "读者提问，提示框显示饼图",
    "description": "版本 1：使用 setInterval 随时判断、渲染；\n版本 2：使用了 setTimeout 函数，随着 tooltip.formatter 回调函数的执行而触发。",
    "latestVersion": 2,
    "alwaysLatest": 1,
    "createTime": "2020-06-18T06:30:35.000Z",
    "lastUpdateTime": "2020-06-23T05:47:06.000Z",
    "auth": 2,
    "uid": "bd-101698999",
    "publishedVersion": 0,
    "forkFrom": "-",
    "isSpam": 0,
    "version": 2,
    "parentVersion": 1,
    "echartsVersion": "4.8.0",
    "versionCreateTime": "2020-06-23T05:18:49.000Z",
    "html": "",
    "externalScripts": "",
    "updaterUID": "bd-101698999",
    "theme": "default",
    "layout": "",
    "viewCount": 397,
    "userName": "Z***8",
    "commentCount": 0,
    "starCount": 1,
    "isStared": 0,
    "thumbnailURL": "https://www.makeapie.com/ecg-storage/ec_gallery_thumbnail/xhvZHXW_wK.png?v=1592461836028",
    "isCustomThumbnail": 1,
    "builtinTags": [
        "category-work",
        "grid",
        "series-bar",
        "title",
        "tooltip"
    ],
    "customTags": [
        "pie"
    ],
    "updaterUserName": "Z***8"
}