{
    "cid": "xIe7R-LIBf",
    "authorUid": "bd-3882009687",
    "authorUserName": "183*****196",
    "title": "各货币与美元兑换外汇汇率趋势",
    "description": "2000年-2019年美元兑换外汇，右侧使用图例做成条形图（统计dataZoom刷选区域内哥汇率最大值降序排列），点击图例可筛选货币类型，拖动dataZoom，长条图重新统计",
    "latestVersion": 2,
    "alwaysLatest": 1,
    "createTime": "2020-06-17T06:24:35.000Z",
    "lastUpdateTime": "2020-06-17T06:24:35.000Z",
    "auth": 2,
    "uid": "bd-3882009687",
    "publishedVersion": 0,
    "forkFrom": "-",
    "isSpam": 0,
    "version": 2,
    "parentVersion": 1,
    "echartsVersion": "4.8.0",
    "versionCreateTime": "2020-07-31T09:32:25.000Z",
    "html": "",
    "externalScripts": "",
    "updaterUID": "bd-3882009687",
    "theme": "",
    "layout": "",
    "viewCount": 6081,
    "userName": "183*****196",
    "commentCount": 0,
    "starCount": 13,
    "isStared": 0,
    "thumbnailURL": "https://www.makeapie.com/ecg-storage/ec_gallery_thumbnail/xIe7R-LIBf.png?v=1592375076674",
    "isCustomThumbnail": 1,
    "builtinTags": [
        "category-work",
        "dataZoom",
        "grid",
        "legend",
        "markLine",
        "markPoint",
        "series-line",
        "title",
        "tooltip"
    ],
    "customTags": [
        "奇安信雷尔可视化团队",
        "码上生花"
    ],
    "updaterUserName": "183*****196"
}