{
    "cid": "xIq4k1_q_s",
    "authorUid": "obd-oCAn0py4agO8uEBCdnu3WSH2cOEzW3P",
    "authorUserName": "寒***枫",
    "title": "智慧照明楼层开关显示",
    "description": "",
    "latestVersion": 3,
    "alwaysLatest": 1,
    "createTime": "2020-06-16T08:57:40.000Z",
    "lastUpdateTime": "2020-06-16T08:57:40.000Z",
    "auth": 1,
    "uid": "obd-oCAn0py4agO8uEBCdnu3WSH2cOEzW3P",
    "publishedVersion": 0,
    "forkFrom": "-",
    "isSpam": 0,
    "version": 3,
    "parentVersion": 2,
    "echartsVersion": "4.8.0",
    "versionCreateTime": "2020-06-17T01:59:33.000Z",
    "html": "",
    "externalScripts": "",
    "updaterUID": "obd-oCAn0py4agO8uEBCdnu3WSH2cOEzW3P",
    "theme": "",
    "layout": "",
    "viewCount": 208,
    "userName": "寒***枫",
    "commentCount": 0,
    "starCount": 1,
    "isStared": 0,
    "thumbnailURL": "https://www.makeapie.com/ecg-storage/ec_gallery_thumbnail/xIq4k1_q_s.png?v=1592359173492",
    "isCustomThumbnail": 0,
    "builtinTags": [
        "category-work",
        "grid",
        "series-bar",
        "title"
    ],
    "customTags": [],
    "updaterUserName": "寒***枫"
}