{
    "cid": "xlSB_YRWZs",
    "authorUid": "bd-138418302",
    "authorUserName": "157*****657",
    "title": "",
    "description": "",
    "latestVersion": 1,
    "alwaysLatest": 1,
    "createTime": "2020-06-18T02:32:54.000Z",
    "lastUpdateTime": "2020-06-18T02:32:54.000Z",
    "auth": 2,
    "uid": "bd-138418302",
    "publishedVersion": 0,
    "forkFrom": "-",
    "isSpam": 0,
    "version": 1,
    "parentVersion": -1,
    "echartsVersion": "4.8.0",
    "versionCreateTime": "2020-06-18T02:32:54.000Z",
    "html": "",
    "externalScripts": "",
    "updaterUID": "bd-138418302",
    "theme": "",
    "layout": "",
    "viewCount": 23,
    "userName": "157*****657",
    "commentCount": 0,
    "starCount": 0,
    "isStared": 0,
    "thumbnailURL": "https://www.makeapie.com/ecg-storage/ec_gallery_thumbnail/xlSB_YRWZs.png?v=1592447574768",
    "isCustomThumbnail": 0,
    "builtinTags": [
        "category-work",
        "dataset",
        "grid",
        "series-bar",
        "tooltip"
    ],
    "customTags": [],
    "updaterUserName": "157*****657"
}