{
    "cid": "xPfvEYuSgr",
    "authorUid": "obd-oN72DLzPzRS3c3Okdtf3VVfU69eeNCb",
    "authorUserName": "137*****249",
    "title": "关系图",
    "description": "关系图",
    "latestVersion": 1,
    "alwaysLatest": 1,
    "createTime": "2020-06-18T03:45:53.000Z",
    "lastUpdateTime": "2020-06-18T03:45:53.000Z",
    "auth": 2,
    "uid": "obd-oN72DLzPzRS3c3Okdtf3VVfU69eeNCb",
    "publishedVersion": 1,
    "forkFrom": "-",
    "isSpam": 0,
    "version": 1,
    "parentVersion": -1,
    "echartsVersion": "4.8.0",
    "versionCreateTime": "2020-06-18T03:45:53.000Z",
    "html": "",
    "externalScripts": "",
    "updaterUID": "obd-oN72DLzPzRS3c3Okdtf3VVfU69eeNCb",
    "theme": "",
    "layout": "",
    "viewCount": 239,
    "userName": "137*****249",
    "commentCount": 0,
    "starCount": 0,
    "isStared": 0,
    "thumbnailURL": "https://www.makeapie.com/ecg-storage/ec_gallery_thumbnail/xPfvEYuSgr.png?v=1592451953713",
    "isCustomThumbnail": 0,
    "builtinTags": [
        "category-work",
        "series-tree"
    ],
    "customTags": [],
    "updaterUserName": "137*****249"
}