{
    "cid": "xqY0H0rx2D",
    "authorUid": "bd-3892615926",
    "authorUserName": "笑***",
    "title": "中国疫情图test",
    "description": "",
    "latestVersion": 1,
    "alwaysLatest": 1,
    "createTime": "2020-06-16T09:26:50.000Z",
    "lastUpdateTime": "2020-08-10T13:53:10.000Z",
    "auth": 2,
    "uid": "bd-3892615926",
    "publishedVersion": 0,
    "forkFrom": "-",
    "isSpam": 0,
    "version": 1,
    "parentVersion": -1,
    "echartsVersion": "4.8.0",
    "versionCreateTime": "2020-06-16T09:26:50.000Z",
    "html": "",
    "externalScripts": "/dep/echarts/map/js/china.js",
    "updaterUID": "bd-3892615926",
    "theme": "default",
    "layout": "",
    "viewCount": 177,
    "userName": "笑***",
    "commentCount": 0,
    "starCount": 0,
    "isStared": 0,
    "thumbnailURL": "https://www.makeapie.com/ecg-storage/ec_gallery_thumbnail/xqY0H0rx2D.png?v=1597067591065",
    "isCustomThumbnail": 0,
    "builtinTags": [
        "category-work",
        "legend",
        "series-map",
        "title",
        "toolbox",
        "tooltip",
        "visualMap"
    ],
    "customTags": [],
    "updaterUserName": "笑***"
}