{
    "cid": "xSjoynEXbl",
    "authorUid": "obd-ojP2gHAckVtfwspDyYC5FR1RH3Sj8E7",
    "authorUserName": "最***平",
    "title": "1",
    "description": "",
    "latestVersion": 1,
    "alwaysLatest": 1,
    "createTime": "2020-06-17T12:06:55.000Z",
    "lastUpdateTime": "2020-06-17T12:06:55.000Z",
    "auth": 2,
    "uid": "obd-ojP2gHAckVtfwspDyYC5FR1RH3Sj8E7",
    "publishedVersion": 0,
    "forkFrom": "-",
    "isSpam": 0,
    "version": 1,
    "parentVersion": -1,
    "echartsVersion": "4.8.0",
    "versionCreateTime": "2020-06-17T12:06:55.000Z",
    "html": "",
    "externalScripts": "",
    "updaterUID": "obd-ojP2gHAckVtfwspDyYC5FR1RH3Sj8E7",
    "theme": "default",
    "layout": "",
    "viewCount": 239,
    "userName": "最***平",
    "commentCount": 0,
    "starCount": 1,
    "isStared": 0,
    "thumbnailURL": "https://www.makeapie.com/ecg-storage/ec_gallery_thumbnail/xSjoynEXbl.png?v=1592395615396",
    "isCustomThumbnail": 0,
    "builtinTags": [
        "category-work",
        "geo",
        "series-effectScatter",
        "series-lines",
        "tooltip"
    ],
    "customTags": [],
    "updaterUserName": "最***平"
}