{
    "cid": "xUF_hxK7a3",
    "authorUid": "obd-otwkbXlSxkFkQPEpyPtP6CMYCCmr18b",
    "authorUserName": "h***0",
    "title": "新冠疫情下美国黑白人种的死亡数据对比",
    "description": "图表描述了新冠疫情下美国黑白人种的死亡数据，中央柱状图描述了总人口与死亡人数，环状节点描述了不同人中每10W人死亡人数。很明显的可以看出黑人在人口基数不大的前提下因疫情死亡人数缺居高不下",
    "latestVersion": 2,
    "alwaysLatest": 1,
    "createTime": "2020-06-16T15:57:34.000Z",
    "lastUpdateTime": "2020-06-16T15:57:34.000Z",
    "auth": 2,
    "uid": "obd-otwkbXlSxkFkQPEpyPtP6CMYCCmr18b",
    "publishedVersion": 0,
    "forkFrom": "-",
    "isSpam": 0,
    "version": 2,
    "parentVersion": 1,
    "echartsVersion": "4.8.0",
    "versionCreateTime": "2020-07-03T09:37:43.000Z",
    "html": "",
    "externalScripts": "",
    "updaterUID": "obd-otwkbXlSxkFkQPEpyPtP6CMYCCmr18b",
    "theme": "",
    "layout": "",
    "viewCount": 1453,
    "userName": "h***0",
    "commentCount": 0,
    "starCount": 9,
    "isStared": 0,
    "thumbnailURL": "https://www.makeapie.com/ecg-storage/ec_gallery_thumbnail/xUF_hxK7a3.png?v=1592323055099",
    "isCustomThumbnail": 1,
    "builtinTags": [
        "category-work",
        "grid",
        "series-bar",
        "series-custom",
        "title",
        "tooltip"
    ],
    "customTags": [
        "码上生花"
    ],
    "updaterUserName": "h***0"
}