{
    "cid": "xWj0OEA3-U",
    "authorUid": "bd-4280613197",
    "authorUserName": "木***6",
    "title": "OD方向统计雷达图",
    "description": "",
    "latestVersion": 3,
    "alwaysLatest": 1,
    "createTime": "2020-06-18T01:57:14.000Z",
    "lastUpdateTime": "2020-06-18T01:57:14.000Z",
    "auth": 2,
    "uid": "bd-4280613197",
    "publishedVersion": 0,
    "forkFrom": "-",
    "isSpam": 0,
    "version": 3,
    "parentVersion": 2,
    "echartsVersion": "4.8.0",
    "versionCreateTime": "2020-06-18T02:07:15.000Z",
    "html": "",
    "externalScripts": "",
    "updaterUID": "bd-4280613197",
    "theme": "",
    "layout": "",
    "viewCount": 498,
    "userName": "木***6",
    "commentCount": 0,
    "starCount": 1,
    "isStared": 0,
    "thumbnailURL": "https://www.makeapie.com/ecg-storage/ec_gallery_thumbnail/xWj0OEA3-U.png?v=1592446035528",
    "isCustomThumbnail": 0,
    "builtinTags": [
        "category-work",
        "legend",
        "radar",
        "series-radar",
        "title",
        "tooltip"
    ],
    "customTags": [],
    "updaterUserName": "木***6"
}