{
    "cid": "xBJxgCJfTz",
    "authorUid": "bd-2675531275",
    "authorUserName": "小小王子up",
    "title": "民族",
    "description": "Feature Sample: Gradient Color, Shadow, Click Zoom",
    "latestVersion": 1,
    "alwaysLatest": 1,
    "createTime": "2018-04-28T12:49:44.000Z",
    "lastUpdateTime": "2018-04-28T12:49:44.000Z",
    "auth": 1,
    "uid": "bd-2675531275",
    "publishedVersion": 0,
    "forkFrom": "-",
    "isSpam": 0,
    "version": 1,
    "parentVersion": -1,
    "echartsVersion": "4.0.4",
    "versionCreateTime": "2018-04-28T12:49:44.000Z",
    "html": "",
    "externalScripts": "",
    "updaterUID": "bd-2675531275",
    "theme": "",
    "layout": "",
    "viewCount": 296,
    "userName": "小小王子up",
    "commentCount": 0,
    "starCount": 1,
    "isStared": 0,
    "thumbnailURL": "https://www.makeapie.com/ecg-storage/ec_gallery_thumbnail/xBJxgCJfTz.png?v=1524919784283",
    "isCustomThumbnail": 0,
    "builtinTags": [
        "category-work",
        "dataZoom",
        "grid",
        "series-bar",
        "title"
    ],
    "customTags": [],
    "updaterUserName": "小小王子up"
}