{
    "cid": "xBkl9kIgaG",
    "authorUid": "bd-2695027667",
    "authorUserName": "188******41",
    "title": "应届",
    "description": "",
    "latestVersion": 1,
    "alwaysLatest": 1,
    "createTime": "2018-04-27T07:21:43.000Z",
    "lastUpdateTime": "2018-04-27T07:21:43.000Z",
    "auth": 2,
    "uid": "bd-2695027667",
    "publishedVersion": 0,
    "forkFrom": "-",
    "isSpam": 0,
    "version": 1,
    "parentVersion": -1,
    "echartsVersion": "4.0.4",
    "versionCreateTime": "2018-04-27T07:21:43.000Z",
    "html": "",
    "externalScripts": "",
    "updaterUID": "bd-2695027667",
    "theme": "",
    "layout": "",
    "viewCount": 218,
    "userName": "188******41",
    "commentCount": 0,
    "starCount": 2,
    "isStared": 0,
    "thumbnailURL": "https://www.makeapie.com/ecg-storage/ec_gallery_thumbnail/xBkl9kIgaG.png?v=1524813703805",
    "isCustomThumbnail": 0,
    "builtinTags": [
        "category-work",
        "legend",
        "series-pie",
        "tooltip"
    ],
    "customTags": [],
    "updaterUserName": "188******41"
}