{
    "cid": "xBkU2CtWTG",
    "authorUid": "bd-1898198602",
    "authorUserName": "快***6",
    "title": "",
    "description": "",
    "latestVersion": 1,
    "alwaysLatest": 1,
    "createTime": "2018-04-28T06:03:26.000Z",
    "lastUpdateTime": "2018-04-28T06:03:26.000Z",
    "auth": 2,
    "uid": "bd-1898198602",
    "publishedVersion": 0,
    "forkFrom": "-",
    "isSpam": 0,
    "version": 1,
    "parentVersion": -1,
    "echartsVersion": "4.0.4",
    "versionCreateTime": "2018-04-28T06:03:26.000Z",
    "html": "",
    "externalScripts": "",
    "updaterUID": "bd-1898198602",
    "theme": "",
    "layout": "",
    "viewCount": 722,
    "userName": "快***6",
    "commentCount": 0,
    "starCount": 3,
    "isStared": 0,
    "thumbnailURL": "https://www.makeapie.com/ecg-storage/ec_gallery_thumbnail/xBkU2CtWTG.png?v=1524895406181",
    "isCustomThumbnail": 0,
    "builtinTags": [
        "category-work",
        "grid",
        "legend",
        "series-bar",
        "series-line",
        "series-scatter",
        "title",
        "tooltip"
    ],
    "customTags": [],
    "updaterUserName": "快***6"
}