{
    "cid": "xH1NFOY-Tz",
    "authorUid": "bd-2838733078",
    "authorUserName": "高***猫",
    "title": "2017年鬼猫猫每天的工时",
    "description": "艺术家的按日历的全年工时统计",
    "latestVersion": 6,
    "alwaysLatest": 1,
    "createTime": "2018-04-28T05:37:00.000Z",
    "lastUpdateTime": "2018-04-28T05:37:00.000Z",
    "auth": 2,
    "uid": "bd-2838733078",
    "publishedVersion": 0,
    "forkFrom": "-",
    "isSpam": 0,
    "version": 6,
    "parentVersion": 2,
    "echartsVersion": "4.1.0",
    "versionCreateTime": "2018-07-18T09:07:22.000Z",
    "html": "",
    "externalScripts": "",
    "updaterUID": "bd-2838733078",
    "theme": "",
    "layout": "",
    "viewCount": 1513,
    "userName": "高***猫",
    "commentCount": 0,
    "starCount": 10,
    "isStared": 0,
    "thumbnailURL": "https://www.makeapie.com/ecg-storage/ec_gallery_thumbnail/xH1NFOY-Tz.png?v=1531904842635",
    "isCustomThumbnail": 0,
    "builtinTags": [
        "calendar",
        "category-work",
        "legend",
        "series-effectScatter",
        "series-scatter",
        "title",
        "tooltip"
    ],
    "customTags": [],
    "updaterUserName": "高***猫"
}