{
    "cid": "xH1w7-HlaG",
    "authorUid": "bd-120882058",
    "authorUserName": "ifantozgo",
    "title": "demo",
    "description": "demo",
    "latestVersion": 9,
    "alwaysLatest": 1,
    "createTime": "2018-04-27T06:20:15.000Z",
    "lastUpdateTime": "2018-04-27T06:20:15.000Z",
    "auth": 2,
    "uid": "bd-120882058",
    "publishedVersion": 0,
    "forkFrom": "-",
    "isSpam": 0,
    "version": 9,
    "parentVersion": 8,
    "echartsVersion": "4.0.4",
    "versionCreateTime": "2018-04-27T06:49:02.000Z",
    "html": "",
    "externalScripts": "",
    "updaterUID": "bd-120882058",
    "theme": "",
    "layout": "",
    "viewCount": 40,
    "userName": "ifantozgo",
    "commentCount": 0,
    "starCount": 0,
    "isStared": 0,
    "thumbnailURL": "https://www.makeapie.com/ecg-storage/ec_gallery_thumbnail/xH1w7-HlaG.png?v=1524811742340",
    "isCustomThumbnail": 0,
    "builtinTags": [
        "category-work"
    ],
    "customTags": [],
    "updaterUserName": "ifantozgo"
}