{
    "cid": "xHJqy6CA3G",
    "authorUid": "bd-101698999",
    "authorUserName": "Z***8",
    "title": "猜数游戏",
    "description": "猜一个0到100的数",
    "latestVersion": 5,
    "alwaysLatest": 1,
    "createTime": "2018-04-26T05:00:18.000Z",
    "lastUpdateTime": "2019-05-17T06:34:11.000Z",
    "auth": 2,
    "uid": "bd-101698999",
    "publishedVersion": 4,
    "forkFrom": "-",
    "isSpam": 0,
    "version": 4,
    "parentVersion": 3,
    "echartsVersion": "4.0.4",
    "versionCreateTime": "2018-04-26T05:31:13.000Z",
    "html": "",
    "externalScripts": "",
    "updaterUID": "bd-101698999",
    "theme": "default",
    "layout": "",
    "viewCount": 1328,
    "userName": "Z***8",
    "commentCount": 4,
    "starCount": 4,
    "isStared": 0,
    "thumbnailURL": "https://www.makeapie.com/ecg-storage/ec_gallery_thumbnail/xHJqy6CA3G.png?v=1558074769026",
    "isCustomThumbnail": 0,
    "builtinTags": [
        "category-work",
        "grid",
        "series-gauge",
        "series-heatmap",
        "tooltip"
    ],
    "customTags": [],
    "updaterUserName": "Z***8"
}