{
    "cid": "xr1-VYR-Tz",
    "authorUid": "bd-3129520144",
    "authorUserName": "158******49",
    "title": "2017xs",
    "description": "",
    "latestVersion": 1,
    "alwaysLatest": 1,
    "createTime": "2018-04-28T11:21:12.000Z",
    "lastUpdateTime": "2018-04-28T11:21:12.000Z",
    "auth": 2,
    "uid": "bd-3129520144",
    "publishedVersion": 0,
    "forkFrom": "-",
    "isSpam": 0,
    "version": 1,
    "parentVersion": -1,
    "echartsVersion": "4.0.4",
    "versionCreateTime": "2018-04-28T11:21:12.000Z",
    "html": "",
    "externalScripts": "",
    "updaterUID": "bd-3129520144",
    "theme": "",
    "layout": "",
    "viewCount": 73,
    "userName": "158******49",
    "commentCount": 0,
    "starCount": 1,
    "isStared": 0,
    "thumbnailURL": "https://www.makeapie.com/ecg-storage/ec_gallery_thumbnail/xr1-VYR-Tz.png?v=1524914472808",
    "isCustomThumbnail": 0,
    "builtinTags": [
        "category-work",
        "grid",
        "legend",
        "series-bar",
        "tooltip"
    ],
    "customTags": [],
    "updaterUserName": "158******49"
}