{
    "cid": "xr1c2nde6G",
    "authorUid": "bd-3493513353",
    "authorUserName": "兔子林_Grace",
    "title": "日历图",
    "description": "",
    "latestVersion": 1,
    "alwaysLatest": 1,
    "createTime": "2018-04-27T10:34:26.000Z",
    "lastUpdateTime": "2018-04-27T10:34:26.000Z",
    "auth": 2,
    "uid": "bd-3493513353",
    "publishedVersion": 0,
    "forkFrom": "-",
    "isSpam": 0,
    "version": 1,
    "parentVersion": -1,
    "echartsVersion": "4.0.4",
    "versionCreateTime": "2018-04-27T10:34:26.000Z",
    "html": "",
    "externalScripts": "",
    "updaterUID": "bd-3493513353",
    "theme": "",
    "layout": "",
    "viewCount": 1122,
    "userName": "兔子林_Grace",
    "commentCount": 0,
    "starCount": 4,
    "isStared": 0,
    "thumbnailURL": "https://www.makeapie.com/ecg-storage/ec_gallery_thumbnail/xr1c2nde6G.png?v=1524825266247",
    "isCustomThumbnail": 0,
    "builtinTags": [
        "calendar",
        "category-work",
        "series-effectScatter",
        "tooltip"
    ],
    "customTags": [],
    "updaterUserName": "兔子林_Grace"
}