{
    "cid": "xr1esSdx6M",
    "authorUid": "bd-1438757521",
    "authorUserName": "maps0927",
    "title": "",
    "description": "",
    "latestVersion": 2,
    "alwaysLatest": 1,
    "createTime": "2018-04-27T10:04:08.000Z",
    "lastUpdateTime": "2018-04-27T10:04:08.000Z",
    "auth": 2,
    "uid": "bd-1438757521",
    "publishedVersion": 0,
    "forkFrom": "-",
    "isSpam": 0,
    "version": 2,
    "parentVersion": 1,
    "echartsVersion": "4.0.4",
    "versionCreateTime": "2018-04-27T11:04:50.000Z",
    "html": "",
    "externalScripts": "/dep/echarts/latest/extension/bmap.min.js,http://echarts.baidu.com/resource/echarts-gl-latest/dist/echarts-gl.min.js,/dep/echarts/map/js/china.js,http://api.map.baidu.com/api?v=2.0&ak=hYCENCEx1nXO0Nt46ldexfG9oI49xBGh",
    "updaterUID": "bd-1438757521",
    "theme": "",
    "layout": "",
    "viewCount": 23,
    "userName": "maps0927",
    "commentCount": 0,
    "starCount": 0,
    "isStared": 0,
    "thumbnailURL": "https://www.makeapie.com/ecg-storage/ec_gallery_thumbnail/xr1esSdx6M.undefined?v=",
    "isCustomThumbnail": 0,
    "builtinTags": [
        "category-work"
    ],
    "customTags": [],
    "updaterUserName": "maps0927"
}