{
    "cid": "xrk9RwSlaz",
    "authorUid": "bd-442035385",
    "authorUserName": "小***了",
    "title": "中、美、日GDP占世界GDP比重",
    "description": "",
    "latestVersion": 2,
    "alwaysLatest": 1,
    "createTime": "2018-04-27T06:48:50.000Z",
    "lastUpdateTime": "2018-04-27T06:48:50.000Z",
    "auth": 2,
    "uid": "bd-442035385",
    "publishedVersion": 0,
    "forkFrom": "-",
    "isSpam": 0,
    "version": 2,
    "parentVersion": 1,
    "echartsVersion": "4.1.0",
    "versionCreateTime": "2018-05-06T15:27:19.000Z",
    "html": "",
    "externalScripts": "",
    "updaterUID": "bd-442035385",
    "theme": "",
    "layout": "",
    "viewCount": 237,
    "userName": "小***了",
    "commentCount": 0,
    "starCount": 3,
    "isStared": 0,
    "thumbnailURL": "https://www.makeapie.com/ecg-storage/ec_gallery_thumbnail/xrk9RwSlaz.png?v=1525620439175",
    "isCustomThumbnail": 0,
    "builtinTags": [
        "category-work",
        "dataZoom",
        "grid",
        "markPoint",
        "series-line",
        "title",
        "toolbox",
        "tooltip"
    ],
    "customTags": [],
    "updaterUserName": "小***了"
}