{
    "cid": "xryaEF-kpM",
    "authorUid": "bd-2695027667",
    "authorUserName": "188******41",
    "title": "专业",
    "description": "纯属虚构",
    "latestVersion": 1,
    "alwaysLatest": 1,
    "createTime": "2018-04-26T08:09:25.000Z",
    "lastUpdateTime": "2018-04-26T08:09:25.000Z",
    "auth": 2,
    "uid": "bd-2695027667",
    "publishedVersion": 0,
    "forkFrom": "-",
    "isSpam": 0,
    "version": 1,
    "parentVersion": -1,
    "echartsVersion": "4.0.4",
    "versionCreateTime": "2018-04-26T08:09:25.000Z",
    "html": "",
    "externalScripts": "",
    "updaterUID": "bd-2695027667",
    "theme": "",
    "layout": "",
    "viewCount": 691,
    "userName": "188******41",
    "commentCount": 0,
    "starCount": 4,
    "isStared": 0,
    "thumbnailURL": "https://www.makeapie.com/ecg-storage/ec_gallery_thumbnail/xryaEF-kpM.png?v=1524730165301",
    "isCustomThumbnail": 0,
    "builtinTags": [
        "category-work",
        "legend",
        "series-pie",
        "title",
        "toolbox",
        "tooltip"
    ],
    "customTags": [],
    "updaterUserName": "188******41"
}