{
    "cid": "xryr8VGxaG",
    "authorUid": "bd-826069560",
    "authorUserName": "快乐的生活我",
    "title": "重庆地铁人流轨迹图",
    "description": "初步接触地理轨迹可视化",
    "latestVersion": 8,
    "alwaysLatest": 1,
    "createTime": "2018-04-27T03:09:01.000Z",
    "lastUpdateTime": "2018-04-27T03:09:01.000Z",
    "auth": 2,
    "uid": "bd-826069560",
    "publishedVersion": 1,
    "forkFrom": "-",
    "isSpam": 0,
    "version": 1,
    "parentVersion": -1,
    "echartsVersion": "4.0.4",
    "versionCreateTime": "2018-04-27T03:09:01.000Z",
    "html": "",
    "externalScripts": "/dep/echarts/latest/extension/bmap.min.js,http://api.map.baidu.com/api?v=2.0&ak=ZUONbpqGBsYGXNIYHicvbAbM",
    "updaterUID": "bd-826069560",
    "theme": "",
    "layout": "",
    "viewCount": 162,
    "userName": "快乐的生活我",
    "commentCount": 0,
    "starCount": 0,
    "isStared": 0,
    "thumbnailURL": "https://www.makeapie.com/ecg-storage/ec_gallery_thumbnail/xryr8VGxaG.undefined?v=",
    "isCustomThumbnail": 0,
    "builtinTags": [
        "category-work"
    ],
    "customTags": [],
    "updaterUserName": "快乐的生活我"
}