{
    "cid": "xS1322m1pf",
    "authorUid": "bd-1645569210",
    "authorUserName": "4***9",
    "title": "世界人口总量",
    "description": "数据来自网络",
    "latestVersion": 1,
    "alwaysLatest": 1,
    "createTime": "2018-04-26T10:40:51.000Z",
    "lastUpdateTime": "2018-04-26T10:40:51.000Z",
    "auth": 2,
    "uid": "bd-1645569210",
    "publishedVersion": 0,
    "forkFrom": "-",
    "isSpam": 0,
    "version": 1,
    "parentVersion": -1,
    "echartsVersion": "4.0.4",
    "versionCreateTime": "2018-04-26T10:40:51.000Z",
    "html": "",
    "externalScripts": "",
    "updaterUID": "bd-1645569210",
    "theme": "",
    "layout": "",
    "viewCount": 52,
    "userName": "4***9",
    "commentCount": 0,
    "starCount": 0,
    "isStared": 0,
    "thumbnailURL": "https://www.makeapie.com/ecg-storage/ec_gallery_thumbnail/xS1322m1pf.png?v=1524739251963",
    "isCustomThumbnail": 0,
    "builtinTags": [
        "category-work",
        "grid",
        "legend",
        "series-bar",
        "title",
        "tooltip"
    ],
    "customTags": [],
    "updaterUserName": "4***9"
}