{
    "cid": "xS1eSGzQTf",
    "authorUid": "bd-4104077439",
    "authorUserName": "多事的笨蛋",
    "title": "星座人数分布",
    "description": "",
    "latestVersion": 1,
    "alwaysLatest": 1,
    "createTime": "2018-04-29T09:36:56.000Z",
    "lastUpdateTime": "2018-04-29T09:36:56.000Z",
    "auth": 1,
    "uid": "bd-4104077439",
    "publishedVersion": 0,
    "forkFrom": "-",
    "isSpam": 0,
    "version": 1,
    "parentVersion": -1,
    "echartsVersion": "4.0.4",
    "versionCreateTime": "2018-04-29T09:36:56.000Z",
    "html": "",
    "externalScripts": "",
    "updaterUID": "bd-4104077439",
    "theme": "vintage",
    "layout": "",
    "viewCount": 38,
    "userName": "多事的笨蛋",
    "commentCount": 0,
    "starCount": 0,
    "isStared": 0,
    "thumbnailURL": "https://www.makeapie.com/ecg-storage/ec_gallery_thumbnail/xS1eSGzQTf.png?v=1524994616509",
    "isCustomThumbnail": 0,
    "builtinTags": [
        "category-work",
        "legend",
        "series-pie",
        "title",
        "tooltip"
    ],
    "customTags": [],
    "updaterUserName": "多事的笨蛋"
}