{
    "cid": "xSk7_sSbaz",
    "authorUid": "bd-1837187133",
    "authorUserName": "王旭旭娇",
    "title": "星座前五名分布",
    "description": "大一新生数据汇总",
    "latestVersion": 1,
    "alwaysLatest": 1,
    "createTime": "2018-04-28T01:16:27.000Z",
    "lastUpdateTime": "2018-04-28T01:16:27.000Z",
    "auth": 2,
    "uid": "bd-1837187133",
    "publishedVersion": 0,
    "forkFrom": "-",
    "isSpam": 0,
    "version": 1,
    "parentVersion": -1,
    "echartsVersion": "4.0.4",
    "versionCreateTime": "2018-04-28T01:16:27.000Z",
    "html": "",
    "externalScripts": "",
    "updaterUID": "bd-1837187133",
    "theme": "",
    "layout": "",
    "viewCount": 37,
    "userName": "王旭旭娇",
    "commentCount": 0,
    "starCount": 0,
    "isStared": 0,
    "thumbnailURL": "https://www.makeapie.com/ecg-storage/ec_gallery_thumbnail/xSk7_sSbaz.png?v=1524878187288",
    "isCustomThumbnail": 0,
    "builtinTags": [
        "category-work",
        "legend",
        "series-pie",
        "title",
        "tooltip"
    ],
    "customTags": [],
    "updaterUserName": "王旭旭娇"
}