{
    "cid": "xA2ngO7VO-",
    "authorUid": "obd-o2rTcw1eIS3zwcFCUYYKRTLFsP8Ux6n",
    "authorUserName": "白***默",
    "title": "渐变圆环",
    "description": "",
    "latestVersion": 1,
    "alwaysLatest": 1,
    "createTime": "2021-01-15T08:52:42.000Z",
    "lastUpdateTime": "2021-01-15T08:52:42.000Z",
    "auth": 1,
    "uid": "obd-o2rTcw1eIS3zwcFCUYYKRTLFsP8Ux6n",
    "publishedVersion": 0,
    "forkFrom": "-",
    "isSpam": 0,
    "version": 1,
    "parentVersion": -1,
    "echartsVersion": "4.8.0",
    "versionCreateTime": "2021-01-15T08:52:42.000Z",
    "html": "",
    "externalScripts": "",
    "updaterUID": "obd-o2rTcw1eIS3zwcFCUYYKRTLFsP8Ux6n",
    "theme": "",
    "layout": "",
    "viewCount": 38,
    "userName": "白***默",
    "commentCount": 0,
    "starCount": 1,
    "isStared": 0,
    "thumbnailURL": "https://www.makeapie.com/ecg-storage/ec_gallery_thumbnail/xA2ngO7VO-.png?v=1610700762630",
    "isCustomThumbnail": 0,
    "builtinTags": [
        "category-work",
        "polar",
        "series-bar",
        "title"
    ],
    "customTags": [
        "pie"
    ],
    "updaterUserName": "白***默"
}