{
    "cid": "xA5RaTKJUl",
    "authorUid": "obd-oj8MlDIsMdI2-arXdF4HmN6QkEq61Dx",
    "authorUserName": "承***y",
    "title": "一柱三色",
    "description": "",
    "latestVersion": 1,
    "alwaysLatest": 1,
    "createTime": "2021-01-18T05:30:06.000Z",
    "lastUpdateTime": "2021-01-18T05:30:06.000Z",
    "auth": 1,
    "uid": "obd-oj8MlDIsMdI2-arXdF4HmN6QkEq61Dx",
    "publishedVersion": 0,
    "forkFrom": "-",
    "isSpam": 0,
    "version": 1,
    "parentVersion": -1,
    "echartsVersion": "4.8.0",
    "versionCreateTime": "2021-01-18T05:30:06.000Z",
    "html": "",
    "externalScripts": "",
    "updaterUID": "obd-oj8MlDIsMdI2-arXdF4HmN6QkEq61Dx",
    "theme": "",
    "layout": "",
    "viewCount": 53,
    "userName": "承***y",
    "commentCount": 0,
    "starCount": 1,
    "isStared": 0,
    "thumbnailURL": "https://www.makeapie.com/ecg-storage/ec_gallery_thumbnail/xA5RaTKJUl.png?v=1610947807084",
    "isCustomThumbnail": 0,
    "builtinTags": [
        "category-work",
        "grid",
        "legend",
        "series-bar"
    ],
    "customTags": [],
    "updaterUserName": "承***y"
}