{
    "cid": "xaYuw4_VHW",
    "authorUid": "obd-o2mg74FfwyHhXevgAXUSg1re_wFg1B8",
    "authorUserName": "l***6",
    "title": "警戒线图表",
    "description": "",
    "latestVersion": 4,
    "alwaysLatest": 1,
    "createTime": "2021-01-15T09:29:44.000Z",
    "lastUpdateTime": "2021-01-15T09:29:44.000Z",
    "auth": 1,
    "uid": "obd-o2mg74FfwyHhXevgAXUSg1re_wFg1B8",
    "publishedVersion": 0,
    "forkFrom": "-",
    "isSpam": 0,
    "version": 4,
    "parentVersion": 3,
    "echartsVersion": "4.8.0",
    "versionCreateTime": "2021-01-23T08:55:02.000Z",
    "html": "",
    "externalScripts": "",
    "updaterUID": "obd-oMCVF83sJJRH5zUlg8VI0hlSGGzLS2Q",
    "theme": "",
    "layout": "",
    "viewCount": 125,
    "userName": "l***6",
    "commentCount": 0,
    "starCount": 5,
    "isStared": 0,
    "thumbnailURL": "https://www.makeapie.com/ecg-storage/ec_gallery_thumbnail/xaYuw4_VHW.png?v=1611392102852",
    "isCustomThumbnail": 0,
    "builtinTags": [
        "category-work",
        "grid",
        "legend",
        "series-line",
        "tooltip"
    ],
    "customTags": [],
    "updaterUserName": "g***g"
}