{
    "cid": "xbIAAi-kwT",
    "authorUid": "obd-o-pCK5f7e3ByS4opuVPI3wlkXF72GAl",
    "authorUserName": "y***8",
    "title": "渐变柱状图",
    "description": "",
    "latestVersion": 1,
    "alwaysLatest": 1,
    "createTime": "2021-01-15T06:21:33.000Z",
    "lastUpdateTime": "2021-01-15T06:21:33.000Z",
    "auth": 2,
    "uid": "obd-o-pCK5f7e3ByS4opuVPI3wlkXF72GAl",
    "publishedVersion": 0,
    "forkFrom": "-",
    "isSpam": 0,
    "version": 1,
    "parentVersion": -1,
    "echartsVersion": "4.8.0",
    "versionCreateTime": "2021-01-15T06:21:33.000Z",
    "html": "",
    "externalScripts": "",
    "updaterUID": "obd-o-pCK5f7e3ByS4opuVPI3wlkXF72GAl",
    "theme": "",
    "layout": "",
    "viewCount": 45,
    "userName": "y***8",
    "commentCount": 0,
    "starCount": 0,
    "isStared": 0,
    "thumbnailURL": "https://www.makeapie.com/ecg-storage/ec_gallery_thumbnail/xbIAAi-kwT.png?v=1610691693887",
    "isCustomThumbnail": 0,
    "builtinTags": [
        "category-work",
        "grid",
        "series-bar",
        "tooltip"
    ],
    "customTags": [],
    "updaterUserName": "y***8"
}