{
    "cid": "xCzLXChknD",
    "authorUid": "obd-ojgM33Q5chuDris7f07k8h8VW5h1qDa",
    "authorUserName": "伏***",
    "title": "假想风玫瑰图",
    "description": "在极坐标的情况下进行数据插值，呈现渲染效果（等级颜色与渐变颜色，代码中可选）",
    "latestVersion": 2,
    "alwaysLatest": 1,
    "createTime": "2021-01-18T01:12:55.000Z",
    "lastUpdateTime": "2021-01-18T01:12:55.000Z",
    "auth": 2,
    "uid": "obd-ojgM33Q5chuDris7f07k8h8VW5h1qDa",
    "publishedVersion": 0,
    "forkFrom": "-",
    "isSpam": 0,
    "version": 2,
    "parentVersion": 1,
    "echartsVersion": "4.8.0",
    "versionCreateTime": "2021-01-18T01:16:45.000Z",
    "html": "",
    "externalScripts": "https://cdnjs.cloudflare.com/ajax/libs/mathjs/8.1.1/math.js",
    "updaterUID": "obd-ojgM33Q5chuDris7f07k8h8VW5h1qDa",
    "theme": "",
    "layout": "",
    "viewCount": 244,
    "userName": "伏***",
    "commentCount": 0,
    "starCount": 4,
    "isStared": 0,
    "thumbnailURL": "https://www.makeapie.com/ecg-storage/ec_gallery_thumbnail/xCzLXChknD.png?v=1610932606012",
    "isCustomThumbnail": 0,
    "builtinTags": [
        "category-work",
        "legend",
        "polar",
        "radar",
        "series-radar",
        "series-scatter",
        "tooltip"
    ],
    "customTags": [],
    "updaterUserName": "伏***"
}