{
    "cid": "xFwSGsL0sP",
    "authorUid": "obd-oM98sJybw6Lfs6XeJWpKAmz8kdenS2D",
    "authorUserName": "丨***丨",
    "title": "近六月维修情况统计",
    "description": "",
    "latestVersion": 1,
    "alwaysLatest": 1,
    "createTime": "2021-01-18T07:05:34.000Z",
    "lastUpdateTime": "2021-01-18T07:05:34.000Z",
    "auth": 2,
    "uid": "obd-oM98sJybw6Lfs6XeJWpKAmz8kdenS2D",
    "publishedVersion": 0,
    "forkFrom": "-",
    "isSpam": 0,
    "version": 1,
    "parentVersion": -1,
    "echartsVersion": "4.8.0",
    "versionCreateTime": "2021-01-18T07:05:34.000Z",
    "html": "",
    "externalScripts": "",
    "updaterUID": "obd-oM98sJybw6Lfs6XeJWpKAmz8kdenS2D",
    "theme": "",
    "layout": "",
    "viewCount": 66,
    "userName": "丨***丨",
    "commentCount": 0,
    "starCount": 1,
    "isStared": 0,
    "thumbnailURL": "https://www.makeapie.com/ecg-storage/ec_gallery_thumbnail/xFwSGsL0sP.png?v=1610953534633",
    "isCustomThumbnail": 0,
    "builtinTags": [
        "category-work",
        "grid",
        "legend",
        "series-bar",
        "series-line",
        "title",
        "tooltip"
    ],
    "customTags": [],
    "updaterUserName": "丨***丨"
}