{
    "cid": "xj63gjDwhT",
    "authorUid": "obd-oPfA4qOPjuI06UtIF1iRsYfBGmruk9P",
    "authorUserName": "e***r",
    "title": " 横向柱状图",
    "description": "",
    "latestVersion": 2,
    "alwaysLatest": 1,
    "createTime": "2021-01-17T13:25:13.000Z",
    "lastUpdateTime": "2021-01-17T13:25:13.000Z",
    "auth": 2,
    "uid": "obd-oPfA4qOPjuI06UtIF1iRsYfBGmruk9P",
    "publishedVersion": 0,
    "forkFrom": "-",
    "isSpam": 0,
    "version": 2,
    "parentVersion": 1,
    "echartsVersion": "4.8.0",
    "versionCreateTime": "2021-01-17T13:26:27.000Z",
    "html": "",
    "externalScripts": "",
    "updaterUID": "obd-oPfA4qOPjuI06UtIF1iRsYfBGmruk9P",
    "theme": "",
    "layout": "",
    "viewCount": 50,
    "userName": "e***r",
    "commentCount": 0,
    "starCount": 2,
    "isStared": 0,
    "thumbnailURL": "https://www.makeapie.com/ecg-storage/ec_gallery_thumbnail/xj63gjDwhT.png?v=1610889987739",
    "isCustomThumbnail": 0,
    "builtinTags": [
        "category-work",
        "grid",
        "series-bar",
        "tooltip"
    ],
    "customTags": [],
    "updaterUserName": "e***r"
}