{
    "cid": "xoFmRAIeoU",
    "authorUid": "obd-oCucXlPWzxnFF3gwtXXjxGdSbbq9M33",
    "authorUserName": "183*****796",
    "title": "立体堆叠柱状图",
    "description": "",
    "latestVersion": 2,
    "alwaysLatest": 1,
    "createTime": "2021-01-15T10:05:35.000Z",
    "lastUpdateTime": "2021-01-15T10:05:35.000Z",
    "auth": 2,
    "uid": "obd-oCucXlPWzxnFF3gwtXXjxGdSbbq9M33",
    "publishedVersion": 0,
    "forkFrom": "-",
    "isSpam": 0,
    "version": 2,
    "parentVersion": 1,
    "echartsVersion": "4.8.0",
    "versionCreateTime": "2021-01-21T07:29:02.000Z",
    "html": "",
    "externalScripts": "",
    "updaterUID": "obd-oCucXlPWzxnFF3gwtXXjxGdSbbq9M33",
    "theme": "",
    "layout": "",
    "viewCount": 169,
    "userName": "183*****796",
    "commentCount": 0,
    "starCount": 7,
    "isStared": 0,
    "thumbnailURL": "https://www.makeapie.com/ecg-storage/ec_gallery_thumbnail/xoFmRAIeoU.png?v=1611214142281",
    "isCustomThumbnail": 0,
    "builtinTags": [
        "category-work",
        "grid",
        "legend",
        "series-bar",
        "series-pictorialBar",
        "tooltip"
    ],
    "customTags": [],
    "updaterUserName": "183*****796"
}