{
    "cid": "xRW_7hnwtQ",
    "authorUid": "obd-oDLaYoSFpVa9G-BeKFgryxMT-uYIg1s",
    "authorUserName": "1***8",
    "title": "雷达图 - 立体背景",
    "description": "",
    "latestVersion": 2,
    "alwaysLatest": 1,
    "createTime": "2021-01-15T02:45:56.000Z",
    "lastUpdateTime": "2021-01-15T02:45:56.000Z",
    "auth": 2,
    "uid": "obd-oDLaYoSFpVa9G-BeKFgryxMT-uYIg1s",
    "publishedVersion": 0,
    "forkFrom": "-",
    "isSpam": 0,
    "version": 2,
    "parentVersion": 1,
    "echartsVersion": "4.8.0",
    "versionCreateTime": "2021-01-15T02:46:11.000Z",
    "html": "",
    "externalScripts": "",
    "updaterUID": "obd-oDLaYoSFpVa9G-BeKFgryxMT-uYIg1s",
    "theme": "",
    "layout": "",
    "viewCount": 242,
    "userName": "1***8",
    "commentCount": 0,
    "starCount": 1,
    "isStared": 0,
    "thumbnailURL": "https://www.makeapie.com/ecg-storage/ec_gallery_thumbnail/xRW_7hnwtQ.png?v=1610678771479",
    "isCustomThumbnail": 0,
    "builtinTags": [
        "category-work",
        "radar",
        "series-radar",
        "tooltip"
    ],
    "customTags": [],
    "updaterUserName": "1***8"
}