{
    "cid": "x6XEnCBBV",
    "authorUid": "bd-86736961",
    "authorUserName": "暮***雁",
    "title": "图表",
    "description": "",
    "latestVersion": 2,
    "alwaysLatest": 1,
    "createTime": "2020-03-04T03:35:10.000Z",
    "lastUpdateTime": "2020-03-04T03:35:10.000Z",
    "auth": 2,
    "uid": "bd-86736961",
    "publishedVersion": 0,
    "forkFrom": "-",
    "isSpam": 0,
    "version": 2,
    "parentVersion": 1,
    "echartsVersion": "4.4.0",
    "versionCreateTime": "2020-03-05T01:28:16.000Z",
    "html": "",
    "externalScripts": "",
    "updaterUID": "bd-86736961",
    "theme": "",
    "layout": "",
    "viewCount": 380,
    "userName": "暮***雁",
    "commentCount": 0,
    "starCount": 1,
    "isStared": 0,
    "thumbnailURL": "https://www.makeapie.com/ecg-storage/ec_gallery_thumbnail/x6XEnCBBV.png?v=1583371696195",
    "isCustomThumbnail": 0,
    "builtinTags": [
        "category-work",
        "legend",
        "series-pie",
        "tooltip"
    ],
    "customTags": [],
    "updaterUserName": "暮***雁"
}