{
    "cid": "x9PNKdWhV",
    "authorUid": "bd-4161428444",
    "authorUserName": "b***n",
    "title": "海外疫情病例趋势图",
    "description": "截止: 2020年3月03日\n累计确诊: {a| sumDiagnosed}  累计治愈: {c| sumCured}  累计死亡: {d| sumDied}",
    "latestVersion": 8,
    "alwaysLatest": 1,
    "createTime": "2020-03-03T13:58:13.000Z",
    "lastUpdateTime": "2020-03-03T13:58:13.000Z",
    "auth": 2,
    "uid": "bd-4161428444",
    "publishedVersion": 0,
    "forkFrom": "-",
    "isSpam": 0,
    "version": 8,
    "parentVersion": 7,
    "echartsVersion": "4.7.0",
    "versionCreateTime": "2020-05-18T13:03:18.000Z",
    "html": "",
    "externalScripts": "",
    "updaterUID": "bd-4161428444",
    "theme": "",
    "layout": "",
    "viewCount": 8119,
    "userName": "b***n",
    "commentCount": 2,
    "starCount": 16,
    "isStared": 0,
    "thumbnailURL": "https://www.makeapie.com/ecg-storage/ec_gallery_thumbnail/x9PNKdWhV.png?v=1589806998784",
    "isCustomThumbnail": 0,
    "builtinTags": [
        "category-work",
        "dataZoom",
        "grid",
        "legend",
        "series-line",
        "title",
        "tooltip"
    ],
    "customTags": [],
    "updaterUserName": "b***n"
}