{
    "cid": "xDQ3VMqAm",
    "authorUid": "bd-1059950937",
    "authorUserName": "z***i",
    "title": "GAP产品功能进展概览",
    "description": "",
    "latestVersion": 1,
    "alwaysLatest": 1,
    "createTime": "2020-03-02T09:31:41.000Z",
    "lastUpdateTime": "2020-03-02T09:31:41.000Z",
    "auth": 2,
    "uid": "bd-1059950937",
    "publishedVersion": 0,
    "forkFrom": "-",
    "isSpam": 0,
    "version": 1,
    "parentVersion": -1,
    "echartsVersion": "4.4.0",
    "versionCreateTime": "2020-03-02T09:31:41.000Z",
    "html": "",
    "externalScripts": "",
    "updaterUID": "bd-1059950937",
    "theme": "",
    "layout": "",
    "viewCount": 537,
    "userName": "z***i",
    "commentCount": 0,
    "starCount": 3,
    "isStared": 0,
    "thumbnailURL": "https://www.makeapie.com/ecg-storage/ec_gallery_thumbnail/xDQ3VMqAm.png?v=1583141501951",
    "isCustomThumbnail": 0,
    "builtinTags": [
        "category-work",
        "series-treemap",
        "title",
        "tooltip"
    ],
    "customTags": [],
    "updaterUserName": "z***i"
}