{
    "cid": "xEuILxLli",
    "authorUid": "bd-193171863",
    "authorUserName": "彭***7",
    "title": "贵州地图",
    "description": "查看贵州的学员分布",
    "latestVersion": 8,
    "alwaysLatest": 1,
    "createTime": "2020-03-03T05:48:15.000Z",
    "lastUpdateTime": "2020-03-03T05:48:15.000Z",
    "auth": 1,
    "uid": "bd-193171863",
    "publishedVersion": 0,
    "forkFrom": "-",
    "isSpam": 0,
    "version": 8,
    "parentVersion": 7,
    "echartsVersion": "4.9.0",
    "versionCreateTime": "2021-06-07T08:28:20.000Z",
    "html": "",
    "externalScripts": "/asset/get/s/data-1583218239982-ER1uuBjj.js",
    "updaterUID": "obd-otzTfIH3L4PiXmya6sxgRn449eSHe8q",
    "theme": "",
    "layout": "",
    "viewCount": 7920,
    "userName": "彭***7",
    "commentCount": 1,
    "starCount": 7,
    "isStared": 0,
    "thumbnailURL": "https://www.makeapie.com/ecg-storage/ec_gallery_thumbnail/xEuILxLli.png?v=1623054500561",
    "isCustomThumbnail": 0,
    "builtinTags": [
        "category-work",
        "geo",
        "series-map",
        "title",
        "tooltip",
        "visualMap"
    ],
    "customTags": [],
    "updaterUserName": "150******37"
}