{
    "cid": "xgFFym_da",
    "authorUid": "bd-2668463452",
    "authorUserName": "E***2",
    "title": "2月29日湖北省新型肺炎疫情地图",
    "description": "2月29日湖北省新型肺炎疫情地图\n//湖北加油",
    "latestVersion": 1,
    "alwaysLatest": 1,
    "createTime": "2020-03-01T06:28:38.000Z",
    "lastUpdateTime": "2020-03-01T06:28:38.000Z",
    "auth": 2,
    "uid": "bd-2668463452",
    "publishedVersion": 0,
    "forkFrom": "-",
    "isSpam": 0,
    "version": 1,
    "parentVersion": -1,
    "echartsVersion": "4.4.0",
    "versionCreateTime": "2020-03-01T06:28:38.000Z",
    "html": "",
    "externalScripts": "",
    "updaterUID": "bd-2668463452",
    "theme": "",
    "layout": "",
    "viewCount": 683,
    "userName": "E***2",
    "commentCount": 0,
    "starCount": 3,
    "isStared": 0,
    "thumbnailURL": "https://www.makeapie.com/ecg-storage/ec_gallery_thumbnail/xgFFym_da.png?v=1583044119140",
    "isCustomThumbnail": 0,
    "builtinTags": [
        "category-work",
        "legend",
        "series-map",
        "title",
        "toolbox",
        "visualMap"
    ],
    "customTags": [
        "新型冠状病毒",
        "新型肺炎",
        "湖北省"
    ],
    "updaterUserName": "E***2"
}