{
    "cid": "xGOH9mGgD",
    "authorUid": "bd-3325524436",
    "authorUserName": "水***尘",
    "title": "excel流程配置echart",
    "description": "",
    "latestVersion": 2,
    "alwaysLatest": 1,
    "createTime": "2020-03-02T08:49:11.000Z",
    "lastUpdateTime": "2020-03-02T08:49:11.000Z",
    "auth": 2,
    "uid": "bd-3325524436",
    "publishedVersion": 0,
    "forkFrom": "-",
    "isSpam": 0,
    "version": 2,
    "parentVersion": 1,
    "echartsVersion": "4.4.0",
    "versionCreateTime": "2020-03-02T08:50:11.000Z",
    "html": "",
    "externalScripts": "https://www.echartsjs.com/zh/dist/echarts-gl.min.js",
    "updaterUID": "bd-3325524436",
    "theme": "",
    "layout": "",
    "viewCount": 58,
    "userName": "水***尘",
    "commentCount": 0,
    "starCount": 0,
    "isStared": 0,
    "thumbnailURL": "https://www.makeapie.com/ecg-storage/ec_gallery_thumbnail/xGOH9mGgD.png?v=1583139011076",
    "isCustomThumbnail": 0,
    "builtinTags": [
        "category-work",
        "dataset",
        "grid",
        "legend",
        "series-bar",
        "title",
        "tooltip"
    ],
    "customTags": [],
    "updaterUserName": "水***尘"
}