{
    "cid": "xl2--twMG",
    "authorUid": "bd-1833292178",
    "authorUserName": "和***长",
    "title": "流程图测试",
    "description": "",
    "latestVersion": 8,
    "alwaysLatest": 1,
    "createTime": "2020-03-03T07:25:54.000Z",
    "lastUpdateTime": "2021-08-25T02:05:57.000Z",
    "auth": 1,
    "uid": "bd-1833292178",
    "publishedVersion": 0,
    "forkFrom": "-",
    "isSpam": 0,
    "version": 8,
    "parentVersion": 7,
    "echartsVersion": "4.9.0",
    "versionCreateTime": "2021-08-25T02:05:58.000Z",
    "html": "",
    "externalScripts": "",
    "updaterUID": "obd-olkp277NA8Ngou96k2F6rb7uOZUpK0W",
    "theme": "",
    "layout": "",
    "viewCount": 1332,
    "userName": "和***长",
    "commentCount": 0,
    "starCount": 8,
    "isStared": 0,
    "thumbnailURL": "https://www.makeapie.com/ecg-storage/ec_gallery_thumbnail/xl2--twMG.png?v=1629857158109",
    "isCustomThumbnail": 0,
    "builtinTags": [
        "category-work",
        "series-graph"
    ],
    "customTags": [],
    "updaterUserName": "淄***海"
}