{
    "cid": "xnp6NzyAj",
    "authorUid": "bd-3866493540",
    "authorUserName": "死***i",
    "title": "goldencis-嵌套环形图",
    "description": "图表包含两层背景和两层数据，中间文本用label实现，tooltip只在hover数据环时显示",
    "latestVersion": 2,
    "alwaysLatest": 1,
    "createTime": "2020-03-03T02:14:41.000Z",
    "lastUpdateTime": "2020-03-03T02:14:41.000Z",
    "auth": 2,
    "uid": "bd-3866493540",
    "publishedVersion": 0,
    "forkFrom": "-",
    "isSpam": 0,
    "version": 2,
    "parentVersion": 1,
    "echartsVersion": "4.4.0",
    "versionCreateTime": "2020-03-03T02:15:21.000Z",
    "html": "",
    "externalScripts": "",
    "updaterUID": "bd-3866493540",
    "theme": "",
    "layout": "",
    "viewCount": 1663,
    "userName": "死***i",
    "commentCount": 0,
    "starCount": 9,
    "isStared": 0,
    "thumbnailURL": "https://www.makeapie.com/ecg-storage/ec_gallery_thumbnail/xnp6NzyAj.png?v=1583201682264",
    "isCustomThumbnail": 1,
    "builtinTags": [
        "category-work",
        "series-pie",
        "tooltip"
    ],
    "customTags": [
        "label"
    ],
    "updaterUserName": "死***i"
}