{
    "cid": "xOrxbills",
    "authorUid": "bd-236536942",
    "authorUserName": "梦***7",
    "title": "热力图网格",
    "description": "",
    "latestVersion": 7,
    "alwaysLatest": 1,
    "createTime": "2020-03-04T07:19:51.000Z",
    "lastUpdateTime": "2020-03-04T07:19:51.000Z",
    "auth": 2,
    "uid": "bd-236536942",
    "publishedVersion": 0,
    "forkFrom": "-",
    "isSpam": 0,
    "version": 7,
    "parentVersion": 5,
    "echartsVersion": "4.4.0",
    "versionCreateTime": "2020-03-05T02:16:39.000Z",
    "html": "",
    "externalScripts": "",
    "updaterUID": "bd-236536942",
    "theme": "",
    "layout": "",
    "viewCount": 1992,
    "userName": "梦***7",
    "commentCount": 0,
    "starCount": 10,
    "isStared": 0,
    "thumbnailURL": "https://www.makeapie.com/ecg-storage/ec_gallery_thumbnail/xOrxbills.png?v=1583374599430",
    "isCustomThumbnail": 0,
    "builtinTags": [
        "category-work",
        "grid",
        "series-heatmap",
        "title",
        "tooltip",
        "visualMap"
    ],
    "customTags": [],
    "updaterUserName": "梦***7"
}