{
    "cid": "xtyVhbHtK",
    "authorUid": "bd-1394971004",
    "authorUserName": "L***_",
    "title": "goldencis-正负值带选区柱状图",
    "description": "",
    "latestVersion": 1,
    "alwaysLatest": 1,
    "createTime": "2020-02-29T01:24:16.000Z",
    "lastUpdateTime": "2020-02-29T01:24:16.000Z",
    "auth": 2,
    "uid": "bd-1394971004",
    "publishedVersion": 0,
    "forkFrom": "-",
    "isSpam": 0,
    "version": 1,
    "parentVersion": -1,
    "echartsVersion": "4.4.0",
    "versionCreateTime": "2020-02-29T01:24:16.000Z",
    "html": "",
    "externalScripts": "",
    "updaterUID": "bd-1394971004",
    "theme": "",
    "layout": "",
    "viewCount": 292,
    "userName": "L***_",
    "commentCount": 0,
    "starCount": 1,
    "isStared": 0,
    "thumbnailURL": "https://www.makeapie.com/ecg-storage/ec_gallery_thumbnail/xtyVhbHtK.png?v=1582939456692",
    "isCustomThumbnail": 0,
    "builtinTags": [
        "category-work",
        "dataZoom",
        "grid",
        "markArea",
        "markLine",
        "series-bar",
        "tooltip"
    ],
    "customTags": [],
    "updaterUserName": "L***_"
}