{
    "cid": "xYI0Y3mc2",
    "authorUid": "bd-965581290",
    "authorUserName": "130*****015",
    "title": "南丁格尔图issue",
    "description": "南丁格尔图外半径不能自定义解决方案",
    "latestVersion": 2,
    "alwaysLatest": 1,
    "createTime": "2020-02-28T11:47:29.000Z",
    "lastUpdateTime": "2020-02-28T11:47:29.000Z",
    "auth": 1,
    "uid": "bd-965581290",
    "publishedVersion": 0,
    "forkFrom": "-",
    "isSpam": 0,
    "version": 2,
    "parentVersion": 1,
    "echartsVersion": "4.4.0",
    "versionCreateTime": "2020-02-28T11:51:39.000Z",
    "html": "",
    "externalScripts": "",
    "updaterUID": "bd-965581290",
    "theme": "",
    "layout": "",
    "viewCount": 163,
    "userName": "130*****015",
    "commentCount": 0,
    "starCount": 0,
    "isStared": 0,
    "thumbnailURL": "https://www.makeapie.com/ecg-storage/ec_gallery_thumbnail/xYI0Y3mc2.png?v=1582890699233",
    "isCustomThumbnail": 0,
    "builtinTags": [
        "category-work",
        "series-pie"
    ],
    "customTags": [],
    "updaterUserName": "130*****015"
}