{
    "cid": "x35ujVYlDp",
    "authorUid": "obd-ol7lKxK-eIyyttjOnmyLAeEw1yrmZ0F",
    "authorUserName": "s***a",
    "title": "",
    "description": "",
    "latestVersion": 21,
    "alwaysLatest": 0,
    "createTime": "2021-10-06T10:40:19.000Z",
    "lastUpdateTime": "2021-10-07T08:28:57.000Z",
    "auth": 2,
    "uid": "obd-ol7lKxK-eIyyttjOnmyLAeEw1yrmZ0F",
    "publishedVersion": 0,
    "forkFrom": "-",
    "isSpam": 0,
    "version": 21,
    "parentVersion": 20,
    "echartsVersion": "5.2.1",
    "versionCreateTime": "2021-10-07T08:28:57.000Z",
    "html": "",
    "externalScripts": "https://unpkg.com/xlsx/dist/xlsx.full.min.js",
    "updaterUID": "obd-ol7lKxK-eIyyttjOnmyLAeEw1yrmZ0F",
    "theme": "",
    "layout": "",
    "viewCount": 0,
    "userName": "s***a",
    "commentCount": 0,
    "starCount": 0,
    "isStared": 0,
    "thumbnailURL": "https://www.makeapie.com/ecg-storage/ec_gallery_thumbnail/x35ujVYlDp.png?v=1633517163933",
    "isCustomThumbnail": 0,
    "builtinTags": [
        "category-work"
    ],
    "customTags": [],
    "updaterUserName": "s***a"
}