{
    "cid": "xfNsoP1NxG",
    "authorUid": "obd-o25y_UH6DkYpu0eORCvH4o7IaFZ45Bg",
    "authorUserName": "大***一",
    "title": "A-01-01-01项目分析",
    "description": "项目编号-供代关系",
    "latestVersion": 1,
    "alwaysLatest": 0,
    "createTime": "2021-10-04T00:06:47.000Z",
    "lastUpdateTime": "2021-10-04T00:06:47.000Z",
    "auth": 1,
    "uid": "obd-o25y_UH6DkYpu0eORCvH4o7IaFZ45Bg",
    "publishedVersion": 0,
    "forkFrom": "-",
    "isSpam": 0,
    "version": 1,
    "parentVersion": -1,
    "echartsVersion": "5.2.1",
    "versionCreateTime": "2021-10-04T00:06:47.000Z",
    "html": "",
    "externalScripts": "",
    "updaterUID": "obd-o25y_UH6DkYpu0eORCvH4o7IaFZ45Bg",
    "theme": "",
    "layout": "",
    "viewCount": 0,
    "userName": "大***一",
    "commentCount": 0,
    "starCount": 1,
    "isStared": 0,
    "thumbnailURL": "https://www.makeapie.com/ecg-storage/ec_gallery_thumbnail/xfNsoP1NxG.png?v=1633306007537",
    "isCustomThumbnail": 0,
    "builtinTags": [
        "category-work",
        "legend",
        "series-graph",
        "title",
        "toolbox",
        "tooltip"
    ],
    "customTags": [],
    "updaterUserName": "大***一"
}