{
    "cid": "xFzVA1foFa",
    "authorUid": "obd-o0KOekueCf6RxxnL_0ra3oAQc7WuyFd",
    "authorUserName": "热***目",
    "title": "环形占比",
    "description": "",
    "latestVersion": 2,
    "alwaysLatest": 0,
    "createTime": "2021-10-08T03:57:21.000Z",
    "lastUpdateTime": "2021-10-09T05:37:03.000Z",
    "auth": 2,
    "uid": "obd-o0KOekueCf6RxxnL_0ra3oAQc7WuyFd",
    "publishedVersion": 0,
    "forkFrom": "-",
    "isSpam": 0,
    "version": 2,
    "parentVersion": 1,
    "echartsVersion": "5.2.1",
    "versionCreateTime": "2021-10-09T05:37:03.000Z",
    "html": "",
    "externalScripts": "",
    "updaterUID": "obd-o0KOekueCf6RxxnL_0ra3oAQc7WuyFd",
    "theme": "",
    "layout": "",
    "viewCount": 0,
    "userName": "热***目",
    "commentCount": 0,
    "starCount": 0,
    "isStared": 0,
    "thumbnailURL": "https://www.makeapie.com/ecg-storage/ec_gallery_thumbnail/xFzVA1foFa.png?v=1633757823964",
    "isCustomThumbnail": 0,
    "builtinTags": [
        "category-work",
        "series-pie",
        "title"
    ],
    "customTags": [],
    "updaterUserName": "热***目"
}