{
    "cid": "xHKNiCr1yI",
    "authorUid": "bd-3645309627",
    "authorUserName": "1***_",
    "title": "健康度百分比饼图",
    "description": "",
    "latestVersion": 2,
    "alwaysLatest": 0,
    "createTime": "2021-09-30T08:33:53.000Z",
    "lastUpdateTime": "2021-10-08T06:19:36.000Z",
    "auth": 2,
    "uid": "bd-3645309627",
    "publishedVersion": 0,
    "forkFrom": "-",
    "isSpam": 0,
    "version": 2,
    "parentVersion": 1,
    "echartsVersion": "5.2.1",
    "versionCreateTime": "2021-10-08T06:19:36.000Z",
    "html": "",
    "externalScripts": "",
    "updaterUID": "bd-3645309627",
    "theme": "",
    "layout": "",
    "viewCount": 0,
    "userName": "1***_",
    "commentCount": 0,
    "starCount": 2,
    "isStared": 0,
    "thumbnailURL": "https://www.makeapie.com/ecg-storage/ec_gallery_thumbnail/xHKNiCr1yI.png?v=1633673976815",
    "isCustomThumbnail": 0,
    "builtinTags": [
        "category-work",
        "series-gauge",
        "series-pie",
        "title"
    ],
    "customTags": [],
    "updaterUserName": "1***_"
}