{
    "cid": "xjse-GvlYa",
    "authorUid": "obd-ojVPQgNxtFvGU6Qyt-F02gzjz1zfWDW",
    "authorUserName": "j***9",
    "title": "关联状态",
    "description": "Lucky_demo",
    "latestVersion": 1,
    "alwaysLatest": 0,
    "createTime": "2021-09-30T10:01:56.000Z",
    "lastUpdateTime": "2021-09-30T10:01:56.000Z",
    "auth": 2,
    "uid": "obd-ojVPQgNxtFvGU6Qyt-F02gzjz1zfWDW",
    "publishedVersion": 0,
    "forkFrom": "-",
    "isSpam": 0,
    "version": 1,
    "parentVersion": -1,
    "echartsVersion": "5.2.1",
    "versionCreateTime": "2021-09-30T10:01:56.000Z",
    "html": "",
    "externalScripts": "",
    "updaterUID": "obd-ojVPQgNxtFvGU6Qyt-F02gzjz1zfWDW",
    "theme": "",
    "layout": "",
    "viewCount": 0,
    "userName": "j***9",
    "commentCount": 0,
    "starCount": 0,
    "isStared": 0,
    "thumbnailURL": "https://www.makeapie.com/ecg-storage/ec_gallery_thumbnail/xjse-GvlYa.png?v=1632996116336",
    "isCustomThumbnail": 0,
    "builtinTags": [
        "category-work",
        "series-pie",
        "title",
        "toolbox"
    ],
    "customTags": [],
    "updaterUserName": "j***9"
}