{
    "cid": "xkZgKIyFtf",
    "authorUid": "bd-4247058731",
    "authorUserName": "强***来",
    "title": "在线率",
    "description": "",
    "latestVersion": 1,
    "alwaysLatest": 0,
    "createTime": "2021-10-05T15:34:23.000Z",
    "lastUpdateTime": "2021-10-05T15:34:23.000Z",
    "auth": 1,
    "uid": "bd-4247058731",
    "publishedVersion": 0,
    "forkFrom": "-",
    "isSpam": 0,
    "version": 1,
    "parentVersion": -1,
    "echartsVersion": "5.2.1",
    "versionCreateTime": "2021-10-05T15:34:23.000Z",
    "html": "",
    "externalScripts": "",
    "updaterUID": "bd-4247058731",
    "theme": "",
    "layout": "",
    "viewCount": 0,
    "userName": "强***来",
    "commentCount": 0,
    "starCount": 3,
    "isStared": 0,
    "thumbnailURL": "https://www.makeapie.com/ecg-storage/ec_gallery_thumbnail/xkZgKIyFtf.png?v=1633448064043",
    "isCustomThumbnail": 0,
    "builtinTags": [
        "category-work",
        "grid",
        "series-bar",
        "series-pictorialBar",
        "tooltip"
    ],
    "customTags": [],
    "updaterUserName": "强***来"
}