{
    "cid": "xlXDHlbL6S",
    "authorUid": "obd-o0B9qOcgrC3FQNSuXPvQdh2fNOpY9FS",
    "authorUserName": "B***昕",
    "title": "",
    "description": "",
    "latestVersion": 3,
    "alwaysLatest": 0,
    "createTime": "2021-10-06T10:28:55.000Z",
    "lastUpdateTime": "2021-10-06T10:37:55.000Z",
    "auth": 2,
    "uid": "obd-o0B9qOcgrC3FQNSuXPvQdh2fNOpY9FS",
    "publishedVersion": 0,
    "forkFrom": "-",
    "isSpam": 0,
    "version": 3,
    "parentVersion": 2,
    "echartsVersion": "5.2.1",
    "versionCreateTime": "2021-10-06T10:37:56.000Z",
    "html": "",
    "externalScripts": "",
    "updaterUID": "obd-o0B9qOcgrC3FQNSuXPvQdh2fNOpY9FS",
    "theme": "",
    "layout": "",
    "viewCount": 0,
    "userName": "B***昕",
    "commentCount": 0,
    "starCount": 2,
    "isStared": 0,
    "thumbnailURL": "https://www.makeapie.com/ecg-storage/ec_gallery_thumbnail/xlXDHlbL6S.png?v=1633516676189",
    "isCustomThumbnail": 0,
    "builtinTags": [
        "category-work",
        "geo",
        "series-effectScatter",
        "series-lines",
        "series-map"
    ],
    "customTags": [],
    "updaterUserName": "B***昕"
}