{
    "cid": "xPfoPqDjuh",
    "authorUid": "bd-4247058731",
    "authorUserName": "强***来",
    "title": "多系列3d",
    "description": "",
    "latestVersion": 3,
    "alwaysLatest": 0,
    "createTime": "2021-10-07T16:04:25.000Z",
    "lastUpdateTime": "2021-10-08T14:45:37.000Z",
    "auth": 1,
    "uid": "bd-4247058731",
    "publishedVersion": 0,
    "forkFrom": "-",
    "isSpam": 0,
    "version": 3,
    "parentVersion": 1,
    "echartsVersion": "5.2.1",
    "versionCreateTime": "2021-10-08T14:45:37.000Z",
    "html": "",
    "externalScripts": "",
    "updaterUID": "bd-4247058731",
    "theme": "",
    "layout": "",
    "viewCount": 0,
    "userName": "强***来",
    "commentCount": 0,
    "starCount": 6,
    "isStared": 0,
    "thumbnailURL": "https://www.makeapie.com/ecg-storage/ec_gallery_thumbnail/xPfoPqDjuh.png?v=1633704337546",
    "isCustomThumbnail": 0,
    "builtinTags": [
        "category-work",
        "grid",
        "legend",
        "series-bar",
        "series-effectScatter",
        "series-pictorialBar",
        "title",
        "tooltip"
    ],
    "customTags": [],
    "updaterUserName": "强***来"
}