{
    "cid": "xRauPXqUwy",
    "authorUid": "obd-oCjhaXFbRoGEF9SHhuXZpbFC4UN2l3W",
    "authorUserName": "188******75",
    "title": "圆柱",
    "description": "shopping",
    "latestVersion": 3,
    "alwaysLatest": 0,
    "createTime": "2021-09-30T02:00:33.000Z",
    "lastUpdateTime": "2021-09-30T02:05:47.000Z",
    "auth": 2,
    "uid": "obd-oCjhaXFbRoGEF9SHhuXZpbFC4UN2l3W",
    "publishedVersion": 0,
    "forkFrom": "-",
    "isSpam": 0,
    "version": 3,
    "parentVersion": 2,
    "echartsVersion": "5.2.1",
    "versionCreateTime": "2021-09-30T02:05:47.000Z",
    "html": "",
    "externalScripts": "",
    "updaterUID": "obd-oCjhaXFbRoGEF9SHhuXZpbFC4UN2l3W",
    "theme": "",
    "layout": "",
    "viewCount": 0,
    "userName": "188******75",
    "commentCount": 0,
    "starCount": 3,
    "isStared": 0,
    "thumbnailURL": "https://www.makeapie.com/ecg-storage/ec_gallery_thumbnail/xRauPXqUwy.png?v=1632967547206",
    "isCustomThumbnail": 0,
    "builtinTags": [
        "category-work",
        "grid",
        "legend",
        "series-bar",
        "series-pictorialBar",
        "title",
        "tooltip"
    ],
    "customTags": [],
    "updaterUserName": "188******75"
}