{
    "cid": "xrDHk0GSCl",
    "authorUid": "bd-1385837864",
    "authorUserName": "星***笔",
    "title": "折线图上下边界实现",
    "description": "",
    "latestVersion": 1,
    "alwaysLatest": 0,
    "createTime": "2021-10-07T13:52:39.000Z",
    "lastUpdateTime": "2021-10-07T13:52:39.000Z",
    "auth": 2,
    "uid": "bd-1385837864",
    "publishedVersion": 0,
    "forkFrom": "-",
    "isSpam": 0,
    "version": 1,
    "parentVersion": -1,
    "echartsVersion": "5.2.1",
    "versionCreateTime": "2021-10-07T13:52:39.000Z",
    "html": "",
    "externalScripts": "",
    "updaterUID": "bd-1385837864",
    "theme": "",
    "layout": "",
    "viewCount": 0,
    "userName": "星***笔",
    "commentCount": 0,
    "starCount": 2,
    "isStared": 0,
    "thumbnailURL": "https://www.makeapie.com/ecg-storage/ec_gallery_thumbnail/xrDHk0GSCl.png?v=1633614759652",
    "isCustomThumbnail": 0,
    "builtinTags": [
        "category-work",
        "grid",
        "markLine",
        "markPoint",
        "series-line",
        "visualMap"
    ],
    "customTags": [],
    "updaterUserName": "星***笔"
}