{
    "cid": "xUgAWToZgW",
    "authorUid": "bd-405910062",
    "authorUserName": "人***去",
    "title": "上海",
    "description": "",
    "latestVersion": 1,
    "alwaysLatest": 0,
    "createTime": "2021-10-03T07:53:19.000Z",
    "lastUpdateTime": "2021-10-03T07:53:19.000Z",
    "auth": 2,
    "uid": "bd-405910062",
    "publishedVersion": 0,
    "forkFrom": "-",
    "isSpam": 0,
    "version": 1,
    "parentVersion": -1,
    "echartsVersion": "4.7.0",
    "versionCreateTime": "2021-10-03T07:53:19.000Z",
    "html": "",
    "externalScripts": "",
    "updaterUID": "bd-405910062",
    "theme": "",
    "layout": "",
    "viewCount": 0,
    "userName": "人***去",
    "commentCount": 0,
    "starCount": 2,
    "isStared": 0,
    "thumbnailURL": "https://www.makeapie.com/ecg-storage/ec_gallery_thumbnail/xUgAWToZgW.png?v=1633247599613",
    "isCustomThumbnail": 0,
    "builtinTags": [
        "category-work",
        "geo",
        "grid",
        "series-bar",
        "series-effectScatter",
        "series-lines",
        "series-map",
        "series-scatter",
        "timeline",
        "title",
        "tooltip",
        "visualMap"
    ],
    "customTags": [],
    "updaterUserName": "人***去"
}