{
    "cid": "xui2Lk7X-u",
    "authorUid": "obd-ojhzVR0BsdaD4SXcYD1Of9E2ka4tqEq",
    "authorUserName": "小***3",
    "title": "雷达图",
    "description": "",
    "latestVersion": 1,
    "alwaysLatest": 1,
    "createTime": "2021-09-29T08:54:40.000Z",
    "lastUpdateTime": "2021-09-29T08:54:40.000Z",
    "auth": 2,
    "uid": "obd-ojhzVR0BsdaD4SXcYD1Of9E2ka4tqEq",
    "publishedVersion": 0,
    "forkFrom": "-",
    "isSpam": 0,
    "version": 1,
    "parentVersion": -1,
    "echartsVersion": "5.2.1",
    "versionCreateTime": "2021-09-29T08:54:40.000Z",
    "html": "",
    "externalScripts": "",
    "updaterUID": "obd-ojhzVR0BsdaD4SXcYD1Of9E2ka4tqEq",
    "theme": "dark",
    "layout": "",
    "viewCount": 0,
    "userName": "小***3",
    "commentCount": 0,
    "starCount": 0,
    "isStared": 0,
    "thumbnailURL": "https://www.makeapie.com/ecg-storage/ec_gallery_thumbnail/xui2Lk7X-u.png?v=1632905681004",
    "isCustomThumbnail": 0,
    "builtinTags": [
        "category-work",
        "legend",
        "radar",
        "series-radar"
    ],
    "customTags": [],
    "updaterUserName": "小***3"
}