{
    "cid": "xVo4utoS_B",
    "authorUid": "obd-o-6za2kvr7S7mtXpot5-RE9bEx6kjA8",
    "authorUserName": "村***k",
    "title": "1",
    "description": "",
    "latestVersion": 1,
    "alwaysLatest": 0,
    "createTime": "2021-09-30T09:48:43.000Z",
    "lastUpdateTime": "2021-09-30T09:48:43.000Z",
    "auth": 1,
    "uid": "obd-o-6za2kvr7S7mtXpot5-RE9bEx6kjA8",
    "publishedVersion": 0,
    "forkFrom": "-",
    "isSpam": 0,
    "version": 1,
    "parentVersion": -1,
    "echartsVersion": "5.2.1",
    "versionCreateTime": "2021-09-30T09:48:43.000Z",
    "html": "",
    "externalScripts": "",
    "updaterUID": "obd-o-6za2kvr7S7mtXpot5-RE9bEx6kjA8",
    "theme": "vintage",
    "layout": "",
    "viewCount": 0,
    "userName": "村***k",
    "commentCount": 0,
    "starCount": 1,
    "isStared": 0,
    "thumbnailURL": "https://www.makeapie.com/ecg-storage/ec_gallery_thumbnail/xVo4utoS_B.png?v=1632995323608",
    "isCustomThumbnail": 0,
    "builtinTags": [
        "category-work",
        "legend",
        "series-pie",
        "tooltip"
    ],
    "customTags": [],
    "updaterUserName": "村***k"
}