{
    "cid": "x2PEGLWY6D",
    "authorUid": "obd-o2SThaCHSK0kiVBCLSZEWMoeo_e0w6d",
    "authorUserName": "浮***少",
    "title": "已打卡总人数",
    "description": "",
    "latestVersion": 2,
    "alwaysLatest": 0,
    "createTime": "2021-10-28T05:08:07.000Z",
    "lastUpdateTime": "2021-10-28T05:12:52.000Z",
    "auth": 2,
    "uid": "obd-o2SThaCHSK0kiVBCLSZEWMoeo_e0w6d",
    "publishedVersion": 0,
    "forkFrom": "-",
    "isSpam": 0,
    "version": 2,
    "parentVersion": 1,
    "echartsVersion": "5.2.1",
    "versionCreateTime": "2021-10-28T05:12:52.000Z",
    "html": "",
    "externalScripts": "",
    "updaterUID": "obd-o2SThaCHSK0kiVBCLSZEWMoeo_e0w6d",
    "theme": "",
    "layout": "",
    "viewCount": 0,
    "userName": "浮***少",
    "commentCount": 0,
    "starCount": 2,
    "isStared": 0,
    "thumbnailURL": "https://www.makeapie.com/ecg-storage/ec_gallery_thumbnail/x2PEGLWY6D.png?v=1635397972899",
    "isCustomThumbnail": 0,
    "builtinTags": [
        "category-work",
        "legend",
        "series-pie",
        "title"
    ],
    "customTags": [],
    "updaterUserName": "浮***少"
}