{
    "cid": "x84s0DgcLs",
    "authorUid": "obd-oD5FRlmc-cSp4ho6UruvdLFzXuqoS1H",
    "authorUserName": "汤***j",
    "title": "柱状图",
    "description": "",
    "latestVersion": 1,
    "alwaysLatest": 0,
    "createTime": "2021-10-28T03:29:46.000Z",
    "lastUpdateTime": "2021-10-28T03:29:46.000Z",
    "auth": 1,
    "uid": "obd-oD5FRlmc-cSp4ho6UruvdLFzXuqoS1H",
    "publishedVersion": 0,
    "forkFrom": "-",
    "isSpam": 0,
    "version": 1,
    "parentVersion": -1,
    "echartsVersion": "5.2.1",
    "versionCreateTime": "2021-10-28T03:29:46.000Z",
    "html": "",
    "externalScripts": "",
    "updaterUID": "obd-oD5FRlmc-cSp4ho6UruvdLFzXuqoS1H",
    "theme": "",
    "layout": "",
    "viewCount": 0,
    "userName": "汤***j",
    "commentCount": 0,
    "starCount": 0,
    "isStared": 0,
    "thumbnailURL": "https://www.makeapie.com/ecg-storage/ec_gallery_thumbnail/x84s0DgcLs.png?v=1635391786819",
    "isCustomThumbnail": 0,
    "builtinTags": [
        "category-work",
        "grid",
        "series-bar",
        "series-pictorialBar",
        "tooltip"
    ],
    "customTags": [],
    "updaterUserName": "汤***j"
}