{
    "cid": "xbYK4USuAX",
    "authorUid": "bd-2437013587",
    "authorUserName": "就***呵",
    "title": "矩阵气泡图",
    "description": "",
    "latestVersion": 1,
    "alwaysLatest": 0,
    "createTime": "2021-10-28T03:29:30.000Z",
    "lastUpdateTime": "2021-10-28T03:29:30.000Z",
    "auth": 1,
    "uid": "bd-2437013587",
    "publishedVersion": 0,
    "forkFrom": "-",
    "isSpam": 0,
    "version": 1,
    "parentVersion": -1,
    "echartsVersion": "5.2.1",
    "versionCreateTime": "2021-10-28T03:29:30.000Z",
    "html": "",
    "externalScripts": "",
    "updaterUID": "bd-2437013587",
    "theme": "",
    "layout": "",
    "viewCount": 0,
    "userName": "就***呵",
    "commentCount": 0,
    "starCount": 0,
    "isStared": 0,
    "thumbnailURL": "https://www.makeapie.com/ecg-storage/ec_gallery_thumbnail/xbYK4USuAX.png?v=1635391770716",
    "isCustomThumbnail": 0,
    "builtinTags": [
        "category-work",
        "grid",
        "series-scatter",
        "visualMap"
    ],
    "customTags": [],
    "updaterUserName": "就***呵"
}