{
    "cid": "xDkauxD9FY",
    "authorUid": "obd-o2SThaCHSK0kiVBCLSZEWMoeo_e0w6d",
    "authorUserName": "浮***少",
    "title": "柱状图",
    "description": "",
    "latestVersion": 2,
    "alwaysLatest": 0,
    "createTime": "2021-10-28T05:24:40.000Z",
    "lastUpdateTime": "2021-12-22T01:55:28.000Z",
    "auth": 2,
    "uid": "obd-o2SThaCHSK0kiVBCLSZEWMoeo_e0w6d",
    "publishedVersion": 0,
    "forkFrom": "-",
    "isSpam": 0,
    "version": 2,
    "parentVersion": 1,
    "echartsVersion": "5.2.1",
    "versionCreateTime": "2021-12-22T01:55:28.000Z",
    "html": "",
    "externalScripts": "",
    "updaterUID": "obd-o2SThaCHSK0kiVBCLSZEWMoeo_e0w6d",
    "theme": "",
    "layout": "",
    "viewCount": 0,
    "userName": "浮***少",
    "commentCount": 0,
    "starCount": 1,
    "isStared": 0,
    "thumbnailURL": "https://www.makeapie.com/ecg-storage/ec_gallery_thumbnail/xDkauxD9FY.png?v=1640138128958",
    "isCustomThumbnail": 0,
    "builtinTags": [
        "category-work",
        "grid",
        "legend",
        "series-bar",
        "title"
    ],
    "customTags": [],
    "updaterUserName": "浮***少"
}