{
    "cid": "xf5Y583LqQ",
    "authorUid": "obd-oD3ZZQis90Rzr9WPzuedQjRsa7RB61X",
    "authorUserName": "苏***饼",
    "title": "圆形进度",
    "description": "圆形进度",
    "latestVersion": 1,
    "alwaysLatest": 0,
    "createTime": "2021-10-28T03:07:15.000Z",
    "lastUpdateTime": "2021-10-28T03:07:15.000Z",
    "auth": 1,
    "uid": "obd-oD3ZZQis90Rzr9WPzuedQjRsa7RB61X",
    "publishedVersion": 0,
    "forkFrom": "-",
    "isSpam": 0,
    "version": 1,
    "parentVersion": -1,
    "echartsVersion": "5.2.1",
    "versionCreateTime": "2021-10-28T03:07:15.000Z",
    "html": "",
    "externalScripts": "",
    "updaterUID": "obd-oD3ZZQis90Rzr9WPzuedQjRsa7RB61X",
    "theme": "",
    "layout": "",
    "viewCount": 0,
    "userName": "苏***饼",
    "commentCount": 0,
    "starCount": 0,
    "isStared": 0,
    "thumbnailURL": "https://www.makeapie.com/ecg-storage/ec_gallery_thumbnail/xf5Y583LqQ.png?v=1635390435707",
    "isCustomThumbnail": 0,
    "builtinTags": [
        "category-work",
        "polar",
        "series-bar",
        "series-pie",
        "title"
    ],
    "customTags": [],
    "updaterUserName": "苏***饼"
}