{
    "cid": "xJfP5C5XO7",
    "authorUid": "obd-o2SThaCHSK0kiVBCLSZEWMoeo_e0w6d",
    "authorUserName": "浮***少",
    "title": "进度条",
    "description": "",
    "latestVersion": 1,
    "alwaysLatest": 0,
    "createTime": "2021-10-28T05:27:10.000Z",
    "lastUpdateTime": "2021-10-28T05:27:10.000Z",
    "auth": 2,
    "uid": "obd-o2SThaCHSK0kiVBCLSZEWMoeo_e0w6d",
    "publishedVersion": 0,
    "forkFrom": "-",
    "isSpam": 0,
    "version": 1,
    "parentVersion": -1,
    "echartsVersion": "5.2.1",
    "versionCreateTime": "2021-10-28T05:27:10.000Z",
    "html": "",
    "externalScripts": "",
    "updaterUID": "obd-o2SThaCHSK0kiVBCLSZEWMoeo_e0w6d",
    "theme": "",
    "layout": "",
    "viewCount": 0,
    "userName": "浮***少",
    "commentCount": 0,
    "starCount": 3,
    "isStared": 0,
    "thumbnailURL": "https://www.makeapie.com/ecg-storage/ec_gallery_thumbnail/xJfP5C5XO7.png?v=1635398831045",
    "isCustomThumbnail": 0,
    "builtinTags": [
        "category-work",
        "grid",
        "series-bar",
        "series-scatter"
    ],
    "customTags": [],
    "updaterUserName": "浮***少"
}