{
    "cid": "xKS6Hn2F-g",
    "authorUid": "obd-oA11vT5qq-4bF5MCUbbE-1thP9IoG79",
    "authorUserName": "q***5",
    "title": "任务完成进度",
    "description": "",
    "latestVersion": 1,
    "alwaysLatest": 0,
    "createTime": "2021-10-27T08:36:06.000Z",
    "lastUpdateTime": "2021-10-27T08:36:06.000Z",
    "auth": 2,
    "uid": "obd-oA11vT5qq-4bF5MCUbbE-1thP9IoG79",
    "publishedVersion": 0,
    "forkFrom": "-",
    "isSpam": 0,
    "version": 1,
    "parentVersion": -1,
    "echartsVersion": "5.2.1",
    "versionCreateTime": "2021-10-27T08:36:06.000Z",
    "html": "",
    "externalScripts": "https://cdn.jsdelivr.net/npm/echarts-liquidfill@3/dist/echarts-liquidfill.min.js",
    "updaterUID": "obd-oA11vT5qq-4bF5MCUbbE-1thP9IoG79",
    "theme": "",
    "layout": "",
    "viewCount": 0,
    "userName": "q***5",
    "commentCount": 0,
    "starCount": 1,
    "isStared": 0,
    "thumbnailURL": "https://www.makeapie.com/ecg-storage/ec_gallery_thumbnail/xKS6Hn2F-g.png?v=1635323766571",
    "isCustomThumbnail": 0,
    "builtinTags": [
        "category-work",
        "series-liquidFill",
        "series-pie",
        "title"
    ],
    "customTags": [],
    "updaterUserName": "q***5"
}