{
    "cid": "xsOiNAIIc8",
    "authorUid": "bd-4280613197",
    "authorUserName": "木***6",
    "title": "拥堵时序图",
    "description": "拥堵时序图",
    "latestVersion": 1,
    "alwaysLatest": 0,
    "createTime": "2021-10-27T12:01:53.000Z",
    "lastUpdateTime": "2021-10-27T12:01:53.000Z",
    "auth": 1,
    "uid": "bd-4280613197",
    "publishedVersion": 0,
    "forkFrom": "-",
    "isSpam": 0,
    "version": 1,
    "parentVersion": -1,
    "echartsVersion": "5.2.1",
    "versionCreateTime": "2021-10-27T12:01:53.000Z",
    "html": "",
    "externalScripts": "",
    "updaterUID": "bd-4280613197",
    "theme": "macarons",
    "layout": "",
    "viewCount": 0,
    "userName": "木***6",
    "commentCount": 0,
    "starCount": 0,
    "isStared": 0,
    "thumbnailURL": "https://www.makeapie.com/ecg-storage/ec_gallery_thumbnail/xsOiNAIIc8.png?v=1635336113229",
    "isCustomThumbnail": 0,
    "builtinTags": [
        "category-work",
        "grid",
        "legend",
        "series-line",
        "title",
        "toolbox",
        "tooltip"
    ],
    "customTags": [],
    "updaterUserName": "木***6"
}