{
    "cid": "x1eDuXonD3",
    "authorUid": "bd-1411450294",
    "authorUserName": "永恒的洛伦丹",
    "title": "工作面风流瓦斯",
    "description": "",
    "latestVersion": 1,
    "alwaysLatest": 1,
    "createTime": "2018-12-23T09:29:42.000Z",
    "lastUpdateTime": "2018-12-23T09:29:42.000Z",
    "auth": 2,
    "uid": "bd-1411450294",
    "publishedVersion": 0,
    "forkFrom": "-",
    "isSpam": 0,
    "version": 1,
    "parentVersion": -1,
    "echartsVersion": "4.2.0",
    "versionCreateTime": "2018-12-23T09:29:42.000Z",
    "html": "",
    "externalScripts": "",
    "updaterUID": "bd-1411450294",
    "theme": "dark",
    "layout": "",
    "viewCount": 1345,
    "userName": "永恒的洛伦丹",
    "commentCount": 0,
    "starCount": 4,
    "isStared": 0,
    "thumbnailURL": "https://www.makeapie.com/ecg-storage/ec_gallery_thumbnail/x1eDuXonD3.png?v=1545557382739",
    "isCustomThumbnail": 0,
    "builtinTags": [
        "category-work",
        "grid",
        "legend",
        "series-bar",
        "series-line"
    ],
    "customTags": [],
    "updaterUserName": "永恒的洛伦丹"
}