{
    "cid": "x3jmr2Aqmh",
    "authorUid": "bd-2848565059",
    "authorUserName": "j***8",
    "title": "模拟迁徙",
    "description": "",
    "latestVersion": 1,
    "alwaysLatest": 1,
    "createTime": "2018-12-23T10:22:20.000Z",
    "lastUpdateTime": "2018-12-23T10:22:20.000Z",
    "auth": 2,
    "uid": "bd-2848565059",
    "publishedVersion": 0,
    "forkFrom": "-",
    "isSpam": 0,
    "version": 1,
    "parentVersion": -1,
    "echartsVersion": "4.2.0",
    "versionCreateTime": "2018-12-23T10:22:20.000Z",
    "html": "",
    "externalScripts": "/dep/echarts/map/js/china.js",
    "updaterUID": "bd-2848565059",
    "theme": "",
    "layout": "",
    "viewCount": 1872,
    "userName": "j***8",
    "commentCount": 0,
    "starCount": 4,
    "isStared": 0,
    "thumbnailURL": "https://www.makeapie.com/ecg-storage/ec_gallery_thumbnail/x3jmr2Aqmh.png?v=1545560540191",
    "isCustomThumbnail": 0,
    "builtinTags": [
        "category-work",
        "geo",
        "legend",
        "series-effectScatter",
        "series-lines",
        "title",
        "tooltip"
    ],
    "customTags": [],
    "updaterUserName": "j***8"
}