{
    "cid": "x7yftMgYd6",
    "authorUid": "bd-940265080",
    "authorUserName": "hao123hahaha",
    "title": "电量统计",
    "description": "电量按照天统计",
    "latestVersion": 3,
    "alwaysLatest": 1,
    "createTime": "2018-12-20T09:24:58.000Z",
    "lastUpdateTime": "2018-12-20T09:24:58.000Z",
    "auth": 2,
    "uid": "bd-940265080",
    "publishedVersion": 0,
    "forkFrom": "-",
    "isSpam": 0,
    "version": 3,
    "parentVersion": 2,
    "echartsVersion": "4.2.0",
    "versionCreateTime": "2018-12-20T10:11:25.000Z",
    "html": "",
    "externalScripts": "",
    "updaterUID": "bd-940265080",
    "theme": "dark",
    "layout": "",
    "viewCount": 619,
    "userName": "hao123hahaha",
    "commentCount": 0,
    "starCount": 0,
    "isStared": 0,
    "thumbnailURL": "https://www.makeapie.com/ecg-storage/ec_gallery_thumbnail/x7yftMgYd6.png?v=1545300685416",
    "isCustomThumbnail": 0,
    "builtinTags": [
        "category-work",
        "grid",
        "legend",
        "series-bar",
        "series-line",
        "tooltip"
    ],
    "customTags": [],
    "updaterUserName": "hao123hahaha"
}