{
    "cid": "x8oH9m199Q",
    "authorUid": "bd-2556880193",
    "authorUserName": "C***0",
    "title": "颜色分段最后一个数据点涟漪效果",
    "description": "",
    "latestVersion": 1,
    "alwaysLatest": 1,
    "createTime": "2018-12-21T10:22:25.000Z",
    "lastUpdateTime": "2018-12-21T10:22:25.000Z",
    "auth": 2,
    "uid": "bd-2556880193",
    "publishedVersion": 0,
    "forkFrom": "-",
    "isSpam": 0,
    "version": 1,
    "parentVersion": -1,
    "echartsVersion": "4.2.0",
    "versionCreateTime": "2018-12-21T10:22:25.000Z",
    "html": "",
    "externalScripts": "",
    "updaterUID": "bd-2556880193",
    "theme": "",
    "layout": "",
    "viewCount": 1093,
    "userName": "C***0",
    "commentCount": 0,
    "starCount": 6,
    "isStared": 0,
    "thumbnailURL": "https://www.makeapie.com/ecg-storage/ec_gallery_thumbnail/x8oH9m199Q.png?v=1545387745646",
    "isCustomThumbnail": 0,
    "builtinTags": [
        "category-work",
        "grid",
        "legend",
        "markArea",
        "series-effectScatter",
        "series-line",
        "title",
        "toolbox",
        "tooltip",
        "visualMap"
    ],
    "customTags": [],
    "updaterUserName": "C***0"
}