{
    "cid": "xCi1VOJrMP",
    "authorUid": "bd-940265080",
    "authorUserName": "hao123hahaha",
    "title": "自定义状态监测图表",
    "description": "绘制方块",
    "latestVersion": 1,
    "alwaysLatest": 1,
    "createTime": "2018-12-20T09:53:22.000Z",
    "lastUpdateTime": "2018-12-20T09:53:22.000Z",
    "auth": 2,
    "uid": "bd-940265080",
    "publishedVersion": 0,
    "forkFrom": "-",
    "isSpam": 0,
    "version": 1,
    "parentVersion": -1,
    "echartsVersion": "4.2.0",
    "versionCreateTime": "2018-12-20T09:53:22.000Z",
    "html": "",
    "externalScripts": "",
    "updaterUID": "bd-940265080",
    "theme": "dark",
    "layout": "",
    "viewCount": 202,
    "userName": "hao123hahaha",
    "commentCount": 0,
    "starCount": 0,
    "isStared": 0,
    "thumbnailURL": "https://www.makeapie.com/ecg-storage/ec_gallery_thumbnail/xCi1VOJrMP.png?v=1545299602686",
    "isCustomThumbnail": 0,
    "builtinTags": [
        "category-work",
        "grid",
        "series-custom",
        "tooltip"
    ],
    "customTags": [],
    "updaterUserName": "hao123hahaha"
}