{
    "cid": "xDonnoB8mz",
    "authorUid": "bd-940265080",
    "authorUserName": "hao123hahaha",
    "title": "备忘",
    "description": "",
    "latestVersion": 1,
    "alwaysLatest": 1,
    "createTime": "2018-12-20T10:09:48.000Z",
    "lastUpdateTime": "2018-12-20T10:09:48.000Z",
    "auth": 2,
    "uid": "bd-940265080",
    "publishedVersion": 0,
    "forkFrom": "-",
    "isSpam": 0,
    "version": 1,
    "parentVersion": -1,
    "echartsVersion": "4.2.0",
    "versionCreateTime": "2018-12-20T10:09:48.000Z",
    "html": "",
    "externalScripts": "",
    "updaterUID": "bd-940265080",
    "theme": "",
    "layout": "",
    "viewCount": 62,
    "userName": "hao123hahaha",
    "commentCount": 0,
    "starCount": 1,
    "isStared": 0,
    "thumbnailURL": "https://www.makeapie.com/ecg-storage/ec_gallery_thumbnail/xDonnoB8mz.png?v=1545300588890",
    "isCustomThumbnail": 0,
    "builtinTags": [
        "category-work",
        "grid",
        "legend",
        "series-bar",
        "tooltip"
    ],
    "customTags": [],
    "updaterUserName": "hao123hahaha"
}