{
    "cid": "xf2SGB9hs5",
    "authorUid": "bd-624055021",
    "authorUserName": "我***爱",
    "title": "扫雷参考",
    "description": "",
    "latestVersion": 2,
    "alwaysLatest": 1,
    "createTime": "2018-12-21T03:21:35.000Z",
    "lastUpdateTime": "2018-12-21T03:21:35.000Z",
    "auth": 2,
    "uid": "bd-624055021",
    "publishedVersion": 0,
    "forkFrom": "-",
    "isSpam": 0,
    "version": 2,
    "parentVersion": 1,
    "echartsVersion": "4.2.0",
    "versionCreateTime": "2018-12-21T03:21:46.000Z",
    "html": "",
    "externalScripts": "",
    "updaterUID": "bd-624055021",
    "theme": "",
    "layout": "",
    "viewCount": 109,
    "userName": "我***爱",
    "commentCount": 0,
    "starCount": 2,
    "isStared": 0,
    "thumbnailURL": "https://www.makeapie.com/ecg-storage/ec_gallery_thumbnail/xf2SGB9hs5.png?v=1545362506296",
    "isCustomThumbnail": 0,
    "builtinTags": [
        "category-work",
        "grid",
        "legend",
        "series-scatter",
        "title"
    ],
    "customTags": [],
    "updaterUserName": "我***爱"
}