{
    "cid": "xHeo4lWK88",
    "authorUid": "bd-940265080",
    "authorUserName": "hao123hahaha",
    "title": "流量监测",
    "description": "x:time\ny:value",
    "latestVersion": 5,
    "alwaysLatest": 1,
    "createTime": "2018-12-20T08:46:56.000Z",
    "lastUpdateTime": "2018-12-20T09:14:51.000Z",
    "auth": 2,
    "uid": "bd-940265080",
    "publishedVersion": 0,
    "forkFrom": "-",
    "isSpam": 0,
    "version": 5,
    "parentVersion": 4,
    "echartsVersion": "4.2.0",
    "versionCreateTime": "2018-12-21T13:51:15.000Z",
    "html": "",
    "externalScripts": "",
    "updaterUID": "bd-940265080",
    "theme": "dark",
    "layout": "",
    "viewCount": 91,
    "userName": "hao123hahaha",
    "commentCount": 0,
    "starCount": 0,
    "isStared": 0,
    "thumbnailURL": "https://www.makeapie.com/ecg-storage/ec_gallery_thumbnail/xHeo4lWK88.png?v=1545400275889",
    "isCustomThumbnail": 0,
    "builtinTags": [
        "category-work",
        "dataZoom",
        "grid",
        "legend",
        "series-line",
        "tooltip"
    ],
    "customTags": [],
    "updaterUserName": "hao123hahaha"
}