{
    "cid": "xPIHHOxB4n",
    "authorUid": "bd-1580834365",
    "authorUserName": "随***空",
    "title": "立体感彩色地图",
    "description": "彩色立体地图+固定颜色+地图边框",
    "latestVersion": 1,
    "alwaysLatest": 1,
    "createTime": "2018-12-21T07:02:31.000Z",
    "lastUpdateTime": "2018-12-21T07:02:31.000Z",
    "auth": 2,
    "uid": "bd-1580834365",
    "publishedVersion": 0,
    "forkFrom": "-",
    "isSpam": 0,
    "version": 1,
    "parentVersion": -1,
    "echartsVersion": "4.2.0",
    "versionCreateTime": "2018-12-21T07:02:31.000Z",
    "html": "",
    "externalScripts": "",
    "updaterUID": "bd-1580834365",
    "theme": "",
    "layout": "",
    "viewCount": 1185,
    "userName": "随***空",
    "commentCount": 0,
    "starCount": 3,
    "isStared": 0,
    "thumbnailURL": "https://www.makeapie.com/ecg-storage/ec_gallery_thumbnail/xPIHHOxB4n.png?v=1545375752515",
    "isCustomThumbnail": 1,
    "builtinTags": [
        "category-work",
        "series-map",
        "tooltip",
        "visualMap"
    ],
    "customTags": [
        "map"
    ],
    "updaterUserName": "随***空"
}