{
    "cid": "xpJT1rUws4",
    "authorUid": "bd-940265080",
    "authorUserName": "hao123hahaha",
    "title": "水质监测模拟",
    "description": "调整后的图表测试用例",
    "latestVersion": 1,
    "alwaysLatest": 1,
    "createTime": "2018-12-20T09:13:44.000Z",
    "lastUpdateTime": "2018-12-20T09:13:44.000Z",
    "auth": 2,
    "uid": "bd-940265080",
    "publishedVersion": 0,
    "forkFrom": "-",
    "isSpam": 0,
    "version": 1,
    "parentVersion": -1,
    "echartsVersion": "4.2.0",
    "versionCreateTime": "2018-12-20T09:13:44.000Z",
    "html": "",
    "externalScripts": "",
    "updaterUID": "bd-940265080",
    "theme": "dark",
    "layout": "",
    "viewCount": 147,
    "userName": "hao123hahaha",
    "commentCount": 0,
    "starCount": 2,
    "isStared": 0,
    "thumbnailURL": "https://www.makeapie.com/ecg-storage/ec_gallery_thumbnail/xpJT1rUws4.png?v=1545297225041",
    "isCustomThumbnail": 0,
    "builtinTags": [
        "category-work",
        "grid",
        "legend",
        "series-line",
        "tooltip"
    ],
    "customTags": [],
    "updaterUserName": "hao123hahaha"
}