{
    "cid": "xqiBXJ8r1_",
    "authorUid": "bd-2341513011",
    "authorUserName": "k***雪",
    "title": "设备状态统计",
    "description": "",
    "latestVersion": 1,
    "alwaysLatest": 1,
    "createTime": "2018-12-20T11:48:02.000Z",
    "lastUpdateTime": "2018-12-20T11:48:02.000Z",
    "auth": 2,
    "uid": "bd-2341513011",
    "publishedVersion": 0,
    "forkFrom": "-",
    "isSpam": 0,
    "version": 1,
    "parentVersion": -1,
    "echartsVersion": "4.2.0",
    "versionCreateTime": "2018-12-20T11:48:02.000Z",
    "html": "",
    "externalScripts": "",
    "updaterUID": "bd-2341513011",
    "theme": "",
    "layout": "",
    "viewCount": 118,
    "userName": "k***雪",
    "commentCount": 0,
    "starCount": 1,
    "isStared": 0,
    "thumbnailURL": "https://www.makeapie.com/ecg-storage/ec_gallery_thumbnail/xqiBXJ8r1_.png?v=1545306482199",
    "isCustomThumbnail": 0,
    "builtinTags": [
        "category-work",
        "grid",
        "series-bar",
        "tooltip"
    ],
    "customTags": [],
    "updaterUserName": "k***雪"
}