{
    "cid": "xQjJB04SHk",
    "authorUid": "bd-4211500535",
    "authorUserName": "l***9",
    "title": "生成物区域图",
    "description": "生成物区域图",
    "latestVersion": 2,
    "alwaysLatest": 1,
    "createTime": "2018-12-20T15:37:51.000Z",
    "lastUpdateTime": "2018-12-20T15:37:51.000Z",
    "auth": 2,
    "uid": "bd-4211500535",
    "publishedVersion": 0,
    "forkFrom": "-",
    "isSpam": 0,
    "version": 2,
    "parentVersion": 1,
    "echartsVersion": "4.2.0",
    "versionCreateTime": "2018-12-21T08:11:04.000Z",
    "html": "",
    "externalScripts": "",
    "updaterUID": "bd-4211500535",
    "theme": "",
    "layout": "",
    "viewCount": 274,
    "userName": "l***9",
    "commentCount": 0,
    "starCount": 1,
    "isStared": 0,
    "thumbnailURL": "https://www.makeapie.com/ecg-storage/ec_gallery_thumbnail/xQjJB04SHk.png?v=1545379864740",
    "isCustomThumbnail": 0,
    "builtinTags": [
        "category-work",
        "geo",
        "series-effectScatter",
        "series-scatter"
    ],
    "customTags": [],
    "updaterUserName": "l***9"
}