{
    "cid": "xS0sWP0Ynl",
    "authorUid": "bd-2956842748",
    "authorUserName": "天使第一二",
    "title": "某月空气质量",
    "description": "",
    "latestVersion": 7,
    "alwaysLatest": 1,
    "createTime": "2018-12-22T02:20:10.000Z",
    "lastUpdateTime": "2018-12-22T02:20:10.000Z",
    "auth": 2,
    "uid": "bd-2956842748",
    "publishedVersion": 0,
    "forkFrom": "-",
    "isSpam": 0,
    "version": 7,
    "parentVersion": 6,
    "echartsVersion": "4.2.0",
    "versionCreateTime": "2018-12-25T09:27:38.000Z",
    "html": "",
    "externalScripts": "",
    "updaterUID": "bd-2956842748",
    "theme": "",
    "layout": "",
    "viewCount": 110,
    "userName": "天使第一二",
    "commentCount": 0,
    "starCount": 1,
    "isStared": 0,
    "thumbnailURL": "https://www.makeapie.com/ecg-storage/ec_gallery_thumbnail/xS0sWP0Ynl.png?v=1545730058567",
    "isCustomThumbnail": 0,
    "builtinTags": [
        "category-work",
        "legend",
        "series-pie",
        "toolbox"
    ],
    "customTags": [],
    "updaterUserName": "天使第一二"
}