{
    "cid": "xulTf_8lvb",
    "authorUid": "bd-1013517419",
    "authorUserName": "爱***傻",
    "title": "个人学习排行",
    "description": "",
    "latestVersion": 2,
    "alwaysLatest": 1,
    "createTime": "2018-12-21T02:17:40.000Z",
    "lastUpdateTime": "2018-12-21T02:17:40.000Z",
    "auth": 2,
    "uid": "bd-1013517419",
    "publishedVersion": 0,
    "forkFrom": "-",
    "isSpam": 0,
    "version": 2,
    "parentVersion": 1,
    "echartsVersion": "4.2.0",
    "versionCreateTime": "2018-12-21T02:23:24.000Z",
    "html": "",
    "externalScripts": "",
    "updaterUID": "bd-1013517419",
    "theme": "",
    "layout": "",
    "viewCount": 1636,
    "userName": "爱***傻",
    "commentCount": 0,
    "starCount": 12,
    "isStared": 0,
    "thumbnailURL": "https://www.makeapie.com/ecg-storage/ec_gallery_thumbnail/xulTf_8lvb.png?v=1545359004077",
    "isCustomThumbnail": 0,
    "builtinTags": [
        "category-work",
        "grid",
        "legend",
        "series-bar",
        "timeline",
        "tooltip"
    ],
    "customTags": [],
    "updaterUserName": "爱***傻"
}