{
    "cid": "xUwEqjmlTj",
    "authorUid": "bd-1309125827",
    "authorUserName": "l***0",
    "title": "长相伴和金诺人生对比",
    "description": "对比",
    "latestVersion": 1,
    "alwaysLatest": 1,
    "createTime": "2018-12-21T01:45:04.000Z",
    "lastUpdateTime": "2018-12-21T01:45:04.000Z",
    "auth": 2,
    "uid": "bd-1309125827",
    "publishedVersion": 0,
    "forkFrom": "-",
    "isSpam": 0,
    "version": 1,
    "parentVersion": -1,
    "echartsVersion": "4.2.0",
    "versionCreateTime": "2018-12-21T01:45:04.000Z",
    "html": "",
    "externalScripts": "",
    "updaterUID": "bd-1309125827",
    "theme": "",
    "layout": "",
    "viewCount": 36,
    "userName": "l***0",
    "commentCount": 0,
    "starCount": 0,
    "isStared": 0,
    "thumbnailURL": "https://www.makeapie.com/ecg-storage/ec_gallery_thumbnail/xUwEqjmlTj.png?v=1545356704623",
    "isCustomThumbnail": 0,
    "builtinTags": [
        "category-work",
        "grid",
        "legend",
        "series-line",
        "title",
        "toolbox",
        "tooltip"
    ],
    "customTags": [],
    "updaterUserName": "l***0"
}