{
    "cid": "xVQ_05-OzG",
    "authorUid": "bd-624055021",
    "authorUserName": "我***爱",
    "title": "thtfCharts(类似D3的bar)",
    "description": "",
    "latestVersion": 6,
    "alwaysLatest": 1,
    "createTime": "2018-12-21T03:36:22.000Z",
    "lastUpdateTime": "2018-12-21T03:36:22.000Z",
    "auth": 2,
    "uid": "bd-624055021",
    "publishedVersion": 0,
    "forkFrom": "-",
    "isSpam": 0,
    "version": 6,
    "parentVersion": 5,
    "echartsVersion": "4.2.0",
    "versionCreateTime": "2018-12-24T11:14:05.000Z",
    "html": "",
    "externalScripts": "",
    "updaterUID": "bd-624055021",
    "theme": "",
    "layout": "",
    "viewCount": 115,
    "userName": "我***爱",
    "commentCount": 0,
    "starCount": 2,
    "isStared": 0,
    "thumbnailURL": "https://www.makeapie.com/ecg-storage/ec_gallery_thumbnail/xVQ_05-OzG.png?v=1545650045870",
    "isCustomThumbnail": 0,
    "builtinTags": [
        "category-work",
        "grid",
        "legend",
        "series-bar"
    ],
    "customTags": [],
    "updaterUserName": "我***爱"
}