{
    "cid": "xzFu7N6ntv",
    "authorUid": "bd-2319615676",
    "authorUserName": "告***寂",
    "title": "活跃用户量--三饼图",
    "description": "",
    "latestVersion": 1,
    "alwaysLatest": 1,
    "createTime": "2018-12-20T09:47:13.000Z",
    "lastUpdateTime": "2018-12-20T09:47:13.000Z",
    "auth": 2,
    "uid": "bd-2319615676",
    "publishedVersion": 0,
    "forkFrom": "-",
    "isSpam": 0,
    "version": 1,
    "parentVersion": -1,
    "echartsVersion": "4.2.0",
    "versionCreateTime": "2018-12-20T09:47:13.000Z",
    "html": "",
    "externalScripts": "",
    "updaterUID": "bd-2319615676",
    "theme": "",
    "layout": "",
    "viewCount": 169,
    "userName": "告***寂",
    "commentCount": 0,
    "starCount": 1,
    "isStared": 0,
    "thumbnailURL": "https://www.makeapie.com/ecg-storage/ec_gallery_thumbnail/xzFu7N6ntv.png?v=1545299233503",
    "isCustomThumbnail": 0,
    "builtinTags": [
        "category-work",
        "series-pie",
        "title"
    ],
    "customTags": [
        "饼图"
    ],
    "updaterUserName": "告***寂"
}