{
    "cid": "x5L3KUU3ZY",
    "authorUid": "bd-3928677882",
    "authorUserName": "高***范",
    "title": "有角度的扇形百分比",
    "description": "用于表示百分比的环形扇形图",
    "latestVersion": 1,
    "alwaysLatest": 1,
    "createTime": "2019-01-21T11:49:53.000Z",
    "lastUpdateTime": "2019-01-21T11:49:53.000Z",
    "auth": 2,
    "uid": "bd-3928677882",
    "publishedVersion": 0,
    "forkFrom": "-",
    "isSpam": 0,
    "version": 1,
    "parentVersion": -1,
    "echartsVersion": "4.2.0",
    "versionCreateTime": "2019-01-21T11:49:53.000Z",
    "html": "",
    "externalScripts": "",
    "updaterUID": "bd-3928677882",
    "theme": "",
    "layout": "",
    "viewCount": 978,
    "userName": "高***范",
    "commentCount": 0,
    "starCount": 3,
    "isStared": 0,
    "thumbnailURL": "https://www.makeapie.com/ecg-storage/ec_gallery_thumbnail/x5L3KUU3ZY.png?v=1548071393257",
    "isCustomThumbnail": 0,
    "builtinTags": [
        "category-work",
        "series-pie",
        "tooltip"
    ],
    "customTags": [],
    "updaterUserName": "高***范"
}