{
    "cid": "x66KhCaKGl",
    "authorUid": "bd-2147833240",
    "authorUserName": "jy00315189",
    "title": "我画了个图",
    "description": "我画了个图",
    "latestVersion": 1,
    "alwaysLatest": 1,
    "createTime": "2019-01-23T07:30:54.000Z",
    "lastUpdateTime": "2019-01-23T07:30:54.000Z",
    "auth": 1,
    "uid": "bd-2147833240",
    "publishedVersion": 0,
    "forkFrom": "-",
    "isSpam": 0,
    "version": 1,
    "parentVersion": -1,
    "echartsVersion": "4.2.0",
    "versionCreateTime": "2019-01-23T07:30:54.000Z",
    "html": "",
    "externalScripts": "",
    "updaterUID": "bd-2147833240",
    "theme": "",
    "layout": "",
    "viewCount": 91,
    "userName": "jy00315189",
    "commentCount": 0,
    "starCount": 0,
    "isStared": 0,
    "thumbnailURL": "https://www.makeapie.com/ecg-storage/ec_gallery_thumbnail/x66KhCaKGl.png?v=1548228654596",
    "isCustomThumbnail": 0,
    "builtinTags": [
        "category-work",
        "geo",
        "title"
    ],
    "customTags": [],
    "updaterUserName": "jy00315189"
}