{
    "cid": "xbN9k0y2yg",
    "authorUid": "bd-1598160324",
    "authorUserName": "年轻小伙灬力旺",
    "title": "地图列表联动",
    "description": "",
    "latestVersion": 1,
    "alwaysLatest": 1,
    "createTime": "2019-01-24T12:27:31.000Z",
    "lastUpdateTime": "2019-01-24T12:27:31.000Z",
    "auth": 2,
    "uid": "bd-1598160324",
    "publishedVersion": 0,
    "forkFrom": "-",
    "isSpam": 0,
    "version": 1,
    "parentVersion": -1,
    "echartsVersion": "4.2.0",
    "versionCreateTime": "2019-01-24T12:27:31.000Z",
    "html": "",
    "externalScripts": "",
    "updaterUID": "bd-1598160324",
    "theme": "",
    "layout": "{\"name\":\"NxM\",\"width\":[\"50%\",\"50%\"],\"height\":[\"100%\"]}",
    "viewCount": 69,
    "userName": "年轻小伙灬力旺",
    "commentCount": 0,
    "starCount": 0,
    "isStared": 0,
    "thumbnailURL": "https://www.makeapie.com/ecg-storage/ec_gallery_thumbnail/xbN9k0y2yg.undefined?v=",
    "isCustomThumbnail": 0,
    "builtinTags": [
        "category-work"
    ],
    "customTags": [],
    "updaterUserName": "年轻小伙灬力旺"
}