{
    "cid": "xd4qSOGNRV",
    "authorUid": "bd-1763661382",
    "authorUserName": "炎炎有夏",
    "title": "",
    "description": "",
    "latestVersion": 1,
    "alwaysLatest": 1,
    "createTime": "2019-01-24T16:08:14.000Z",
    "lastUpdateTime": "2019-01-24T16:08:14.000Z",
    "auth": 2,
    "uid": "bd-1763661382",
    "publishedVersion": 0,
    "forkFrom": "-",
    "isSpam": 0,
    "version": 1,
    "parentVersion": -1,
    "echartsVersion": "4.2.0",
    "versionCreateTime": "2019-01-24T16:08:14.000Z",
    "html": "",
    "externalScripts": "",
    "updaterUID": "bd-1763661382",
    "theme": "",
    "layout": "",
    "viewCount": 967,
    "userName": "炎炎有夏",
    "commentCount": 0,
    "starCount": 1,
    "isStared": 0,
    "thumbnailURL": "https://www.makeapie.com/ecg-storage/ec_gallery_thumbnail/xd4qSOGNRV.png?v=1548346094581",
    "isCustomThumbnail": 0,
    "builtinTags": [
        "category-work",
        "grid",
        "legend",
        "series-graph",
        "series-lines"
    ],
    "customTags": [],
    "updaterUserName": "炎炎有夏"
}