{
    "cid": "xDRzY3EYvw",
    "authorUid": "bd-3163037103",
    "authorUserName": "百度用户#5456387577",
    "title": "颜色",
    "description": "",
    "latestVersion": 1,
    "alwaysLatest": 1,
    "createTime": "2019-01-24T03:34:55.000Z",
    "lastUpdateTime": "2019-01-24T03:34:55.000Z",
    "auth": 1,
    "uid": "bd-3163037103",
    "publishedVersion": 0,
    "forkFrom": "-",
    "isSpam": 0,
    "version": 1,
    "parentVersion": -1,
    "echartsVersion": "4.2.0",
    "versionCreateTime": "2019-01-24T03:34:55.000Z",
    "html": "",
    "externalScripts": "",
    "updaterUID": "bd-3163037103",
    "theme": "",
    "layout": "",
    "viewCount": 109,
    "userName": "百度用户#5456387577",
    "commentCount": 0,
    "starCount": 1,
    "isStared": 0,
    "thumbnailURL": "https://www.makeapie.com/ecg-storage/ec_gallery_thumbnail/xDRzY3EYvw.png?v=1548300895922",
    "isCustomThumbnail": 0,
    "builtinTags": [
        "brush",
        "category-work",
        "grid",
        "legend",
        "series-bar",
        "toolbox",
        "tooltip",
        "visualMap"
    ],
    "customTags": [],
    "updaterUserName": "百度用户#5456387577"
}