{
    "cid": "xFIJ_78SCP",
    "authorUid": "bd-4013131402",
    "authorUserName": "o***4",
    "title": "温度计",
    "description": "",
    "latestVersion": 2,
    "alwaysLatest": 1,
    "createTime": "2019-01-21T12:49:13.000Z",
    "lastUpdateTime": "2019-01-21T12:49:13.000Z",
    "auth": 2,
    "uid": "bd-4013131402",
    "publishedVersion": 0,
    "forkFrom": "-",
    "isSpam": 0,
    "version": 2,
    "parentVersion": 1,
    "echartsVersion": "4.2.0",
    "versionCreateTime": "2019-01-21T13:20:53.000Z",
    "html": "",
    "externalScripts": "",
    "updaterUID": "bd-4013131402",
    "theme": "",
    "layout": "",
    "viewCount": 139,
    "userName": "o***4",
    "commentCount": 0,
    "starCount": 0,
    "isStared": 0,
    "thumbnailURL": "https://www.makeapie.com/ecg-storage/ec_gallery_thumbnail/xFIJ_78SCP.png?v=1548076854000",
    "isCustomThumbnail": 0,
    "builtinTags": [
        "category-work",
        "series-custom"
    ],
    "customTags": [],
    "updaterUserName": "o***4"
}