{
    "cid": "xi5kSjVK55",
    "authorUid": "bd-3959597918",
    "authorUserName": "风***落",
    "title": "各省数据合格率统计(动画效果更新)",
    "description": "各省数据合格率统计(动画效果更新)",
    "latestVersion": 4,
    "alwaysLatest": 1,
    "createTime": "2019-01-24T06:33:18.000Z",
    "lastUpdateTime": "2019-01-24T06:33:18.000Z",
    "auth": 1,
    "uid": "bd-3959597918",
    "publishedVersion": 0,
    "forkFrom": "-",
    "isSpam": 0,
    "version": 4,
    "parentVersion": 3,
    "echartsVersion": "4.8.0",
    "versionCreateTime": "2020-06-29T08:43:15.000Z",
    "html": "",
    "externalScripts": "",
    "updaterUID": "bd-3959597918",
    "theme": "",
    "layout": "",
    "viewCount": 341,
    "userName": "风***落",
    "commentCount": 0,
    "starCount": 1,
    "isStared": 0,
    "thumbnailURL": "https://www.makeapie.com/ecg-storage/ec_gallery_thumbnail/xi5kSjVK55.png?v=1593420196008",
    "isCustomThumbnail": 0,
    "builtinTags": [
        "category-work",
        "grid",
        "series-bar",
        "title",
        "tooltip"
    ],
    "customTags": [
        "柱状图"
    ],
    "updaterUserName": "风***落"
}