{
    "cid": "xJEQ3qKhbx",
    "authorUid": "bd-2208532672",
    "authorUserName": "进***眼",
    "title": "武器与距离之间的关系",
    "description": "",
    "latestVersion": 13,
    "alwaysLatest": 1,
    "createTime": "2019-01-24T07:59:50.000Z",
    "lastUpdateTime": "2019-01-24T07:59:50.000Z",
    "auth": 2,
    "uid": "bd-2208532672",
    "publishedVersion": 0,
    "forkFrom": "-",
    "isSpam": 0,
    "version": 13,
    "parentVersion": 12,
    "echartsVersion": "4.2.0",
    "versionCreateTime": "2019-01-24T09:13:28.000Z",
    "html": "",
    "externalScripts": "",
    "updaterUID": "bd-2208532672",
    "theme": "",
    "layout": "",
    "viewCount": 123,
    "userName": "进***眼",
    "commentCount": 0,
    "starCount": 0,
    "isStared": 0,
    "thumbnailURL": "https://www.makeapie.com/ecg-storage/ec_gallery_thumbnail/xJEQ3qKhbx.png?v=1548321208704",
    "isCustomThumbnail": 0,
    "builtinTags": [
        "category-work",
        "legend",
        "polar",
        "series-bar",
        "toolbox"
    ],
    "customTags": [],
    "updaterUserName": "进***眼"
}