{
    "cid": "xqb0F68BJe",
    "authorUid": "bd-4145772538",
    "authorUserName": "X***s",
    "title": "知识点",
    "description": "ZSD_B",
    "latestVersion": 2,
    "alwaysLatest": 1,
    "createTime": "2019-01-22T01:24:39.000Z",
    "lastUpdateTime": "2019-01-22T01:24:39.000Z",
    "auth": 2,
    "uid": "bd-4145772538",
    "publishedVersion": 0,
    "forkFrom": "-",
    "isSpam": 0,
    "version": 2,
    "parentVersion": 1,
    "echartsVersion": "4.2.0",
    "versionCreateTime": "2019-01-22T01:55:54.000Z",
    "html": "",
    "externalScripts": "",
    "updaterUID": "bd-4145772538",
    "theme": "",
    "layout": "",
    "viewCount": 58,
    "userName": "X***s",
    "commentCount": 0,
    "starCount": 0,
    "isStared": 0,
    "thumbnailURL": "https://www.makeapie.com/ecg-storage/ec_gallery_thumbnail/xqb0F68BJe.png?v=1548122154837",
    "isCustomThumbnail": 0,
    "builtinTags": [
        "category-work",
        "legend",
        "series-pie",
        "title",
        "tooltip"
    ],
    "customTags": [],
    "updaterUserName": "X***s"
}