{
    "cid": "xqiBwiDYas",
    "authorUid": "bd-2066513247",
    "authorUserName": "g***8",
    "title": "测试bar3D、scatter3D、geo3D",
    "description": "酷炫3d地图",
    "latestVersion": 2,
    "alwaysLatest": 1,
    "createTime": "2019-01-23T09:53:02.000Z",
    "lastUpdateTime": "2019-01-23T09:53:02.000Z",
    "auth": 2,
    "uid": "bd-2066513247",
    "publishedVersion": 0,
    "forkFrom": "-",
    "isSpam": 0,
    "version": 2,
    "parentVersion": 1,
    "echartsVersion": "4.2.0",
    "versionCreateTime": "2019-01-23T09:53:30.000Z",
    "html": "",
    "externalScripts": "https://echarts.baidu.com/resource/echarts-gl-latest/dist/echarts-gl.min.js,/dep/echarts/map/js/china.js",
    "updaterUID": "bd-2066513247",
    "theme": "",
    "layout": "",
    "viewCount": 412,
    "userName": "g***8",
    "commentCount": 0,
    "starCount": 2,
    "isStared": 0,
    "thumbnailURL": "https://www.makeapie.com/ecg-storage/ec_gallery_thumbnail/xqiBwiDYas.png?v=1548237210510",
    "isCustomThumbnail": 0,
    "builtinTags": [
        "category-work",
        "geo3D",
        "series-bar3D",
        "series-lines3D",
        "series-scatter3D",
        "title",
        "tooltip",
        "visualMap"
    ],
    "customTags": [],
    "updaterUserName": "g***8"
}