{
    "cid": "xRfa_U7Z0s",
    "authorUid": "bd-863917321",
    "authorUserName": "wokaron",
    "title": "世界地图",
    "description": "",
    "latestVersion": 15,
    "alwaysLatest": 1,
    "createTime": "2019-01-22T06:55:50.000Z",
    "lastUpdateTime": "2019-01-22T06:55:50.000Z",
    "auth": 1,
    "uid": "bd-863917321",
    "publishedVersion": 0,
    "forkFrom": "-",
    "isSpam": 0,
    "version": 15,
    "parentVersion": 14,
    "echartsVersion": "4.2.1",
    "versionCreateTime": "2019-03-17T00:50:19.000Z",
    "html": "",
    "externalScripts": "/dep/echarts/map/js/world.js",
    "updaterUID": "bd-84678004",
    "theme": "",
    "layout": "",
    "viewCount": 403,
    "userName": "wokaron",
    "commentCount": 0,
    "starCount": 1,
    "isStared": 0,
    "thumbnailURL": "https://www.makeapie.com/ecg-storage/ec_gallery_thumbnail/xRfa_U7Z0s.png?v=1552783819629",
    "isCustomThumbnail": 0,
    "builtinTags": [
        "category-work",
        "geo",
        "series-scatter",
        "tooltip"
    ],
    "customTags": [],
    "updaterUserName": "lonewanderer"
}