{
    "cid": "xxmoMHPN2Z",
    "authorUid": "bd-2302755999",
    "authorUserName": "159*****209",
    "title": "指标下钻",
    "description": "月指标查询日指标或者特征值",
    "latestVersion": 1,
    "alwaysLatest": 1,
    "createTime": "2019-01-22T04:42:10.000Z",
    "lastUpdateTime": "2019-01-22T04:42:10.000Z",
    "auth": 2,
    "uid": "bd-2302755999",
    "publishedVersion": 0,
    "forkFrom": "-",
    "isSpam": 0,
    "version": 1,
    "parentVersion": -1,
    "echartsVersion": "4.2.0",
    "versionCreateTime": "2019-01-22T04:42:10.000Z",
    "html": "",
    "externalScripts": "",
    "updaterUID": "bd-2302755999",
    "theme": "",
    "layout": "",
    "viewCount": 361,
    "userName": "159*****209",
    "commentCount": 0,
    "starCount": 0,
    "isStared": 0,
    "thumbnailURL": "https://www.makeapie.com/ecg-storage/ec_gallery_thumbnail/xxmoMHPN2Z.png?v=1548132130774",
    "isCustomThumbnail": 0,
    "builtinTags": [
        "category-work",
        "grid",
        "markArea",
        "series-line",
        "title"
    ],
    "customTags": [],
    "updaterUserName": "159*****209"
}