{
    "cid": "x2xhfLgKWK",
    "authorUid": "bd-659604629",
    "authorUserName": "1***右",
    "title": "x轴滚动条",
    "description": "",
    "latestVersion": 1,
    "alwaysLatest": 0,
    "createTime": "2021-05-24T08:47:36.000Z",
    "lastUpdateTime": "2021-05-24T08:47:36.000Z",
    "auth": 2,
    "uid": "bd-659604629",
    "publishedVersion": 0,
    "forkFrom": "-",
    "isSpam": 0,
    "version": 1,
    "parentVersion": -1,
    "echartsVersion": "5.1.1",
    "versionCreateTime": "2021-05-24T08:47:36.000Z",
    "html": "",
    "externalScripts": "",
    "updaterUID": "bd-659604629",
    "theme": "",
    "layout": "",
    "viewCount": 0,
    "userName": "1***右",
    "commentCount": 0,
    "starCount": 0,
    "isStared": 0,
    "thumbnailURL": "https://www.makeapie.com/ecg-storage/ec_gallery_thumbnail/x2xhfLgKWK.png?v=1621846056728",
    "isCustomThumbnail": 0,
    "builtinTags": [
        "category-work",
        "dataZoom",
        "grid",
        "series-line"
    ],
    "customTags": [],
    "updaterUserName": "1***右"
}