{
    "cid": "x509MvjzxG",
    "authorUid": "obd-ojxkXXNZs2hF_SPrJr_SvPoc_cwH7ER",
    "authorUserName": "庄***圳",
    "title": "symbol样式",
    "description": "",
    "latestVersion": 1,
    "alwaysLatest": 0,
    "createTime": "2021-05-23T08:09:26.000Z",
    "lastUpdateTime": "2021-05-23T08:09:26.000Z",
    "auth": 2,
    "uid": "obd-ojxkXXNZs2hF_SPrJr_SvPoc_cwH7ER",
    "publishedVersion": 0,
    "forkFrom": "-",
    "isSpam": 0,
    "version": 1,
    "parentVersion": -1,
    "echartsVersion": "5.1.1",
    "versionCreateTime": "2021-05-23T08:09:26.000Z",
    "html": "",
    "externalScripts": "",
    "updaterUID": "obd-ojxkXXNZs2hF_SPrJr_SvPoc_cwH7ER",
    "theme": "",
    "layout": "",
    "viewCount": 0,
    "userName": "庄***圳",
    "commentCount": 0,
    "starCount": 2,
    "isStared": 0,
    "thumbnailURL": "https://www.makeapie.com/ecg-storage/ec_gallery_thumbnail/x509MvjzxG.png?v=1621757366588",
    "isCustomThumbnail": 0,
    "builtinTags": [
        "category-work",
        "grid",
        "legend",
        "series-line",
        "tooltip"
    ],
    "customTags": [],
    "updaterUserName": "庄***圳"
}