{
    "cid": "x_ulWlnNLC",
    "authorUid": "bd-688927624",
    "authorUserName": "l***7",
    "title": "统计折现X轴线",
    "description": "统计折现X轴线",
    "latestVersion": 1,
    "alwaysLatest": 0,
    "createTime": "2021-05-24T10:39:52.000Z",
    "lastUpdateTime": "2021-05-24T10:39:52.000Z",
    "auth": 2,
    "uid": "bd-688927624",
    "publishedVersion": 0,
    "forkFrom": "-",
    "isSpam": 0,
    "version": 1,
    "parentVersion": -1,
    "echartsVersion": "5.1.1",
    "versionCreateTime": "2021-05-24T10:39:52.000Z",
    "html": "",
    "externalScripts": "",
    "updaterUID": "bd-688927624",
    "theme": "",
    "layout": "",
    "viewCount": 0,
    "userName": "l***7",
    "commentCount": 0,
    "starCount": 4,
    "isStared": 0,
    "thumbnailURL": "https://www.makeapie.com/ecg-storage/ec_gallery_thumbnail/x_ulWlnNLC.png?v=1621852793017",
    "isCustomThumbnail": 0,
    "builtinTags": [
        "category-work",
        "dataZoom",
        "grid",
        "legend",
        "series-line",
        "title",
        "tooltip"
    ],
    "customTags": [],
    "updaterUserName": "l***7"
}