{
    "cid": "xb7TbezG3S",
    "authorUid": "bd-944243892",
    "authorUserName": "韩***能",
    "title": "趋势上升",
    "description": "",
    "latestVersion": 1,
    "alwaysLatest": 0,
    "createTime": "2021-05-21T09:08:22.000Z",
    "lastUpdateTime": "2021-05-21T09:08:22.000Z",
    "auth": 2,
    "uid": "bd-944243892",
    "publishedVersion": 0,
    "forkFrom": "-",
    "isSpam": 0,
    "version": 1,
    "parentVersion": -1,
    "echartsVersion": "5.1.1",
    "versionCreateTime": "2021-05-21T09:08:22.000Z",
    "html": "",
    "externalScripts": "https://cdn.jsdelivr.net/npm/echarts-stat/dist/ecStat.min.js",
    "updaterUID": "bd-944243892",
    "theme": "",
    "layout": "",
    "viewCount": 0,
    "userName": "韩***能",
    "commentCount": 0,
    "starCount": 1,
    "isStared": 0,
    "thumbnailURL": "https://www.makeapie.com/ecg-storage/ec_gallery_thumbnail/xb7TbezG3S.png?v=1621588103103",
    "isCustomThumbnail": 0,
    "builtinTags": [
        "category-work",
        "dataset",
        "grid",
        "series-line",
        "tooltip"
    ],
    "customTags": [],
    "updaterUserName": "韩***能"
}