{
    "cid": "xFLW57yHWz",
    "authorUid": "bd-1326617093",
    "authorUserName": "龙***",
    "title": "",
    "description": "更新线图数据",
    "latestVersion": 1,
    "alwaysLatest": 0,
    "createTime": "2021-05-24T05:29:59.000Z",
    "lastUpdateTime": "2021-05-24T05:29:59.000Z",
    "auth": 2,
    "uid": "bd-1326617093",
    "publishedVersion": 0,
    "forkFrom": "-",
    "isSpam": 0,
    "version": 1,
    "parentVersion": -1,
    "echartsVersion": "5.1.1",
    "versionCreateTime": "2021-05-24T05:29:59.000Z",
    "html": "",
    "externalScripts": "",
    "updaterUID": "bd-1326617093",
    "theme": "",
    "layout": "",
    "viewCount": 0,
    "userName": "龙***",
    "commentCount": 0,
    "starCount": 0,
    "isStared": 0,
    "thumbnailURL": "https://www.makeapie.com/ecg-storage/ec_gallery_thumbnail/xFLW57yHWz.png?v=1621834199234",
    "isCustomThumbnail": 0,
    "builtinTags": [
        "category-work",
        "dataZoom",
        "grid",
        "series-line",
        "title",
        "tooltip"
    ],
    "customTags": [],
    "updaterUserName": "龙***"
}