{
    "cid": "xigaqy3Ks-",
    "authorUid": "bd-2721539501",
    "authorUserName": "世***e",
    "title": "柱状图",
    "description": "data为数组格式，单独设置样式",
    "latestVersion": 3,
    "alwaysLatest": 0,
    "createTime": "2021-05-21T02:43:14.000Z",
    "lastUpdateTime": "2021-05-21T02:43:14.000Z",
    "auth": 2,
    "uid": "bd-2721539501",
    "publishedVersion": 0,
    "forkFrom": "-",
    "isSpam": 0,
    "version": 3,
    "parentVersion": 2,
    "echartsVersion": "5.1.1",
    "versionCreateTime": "2021-06-01T12:03:48.000Z",
    "html": "",
    "externalScripts": "",
    "updaterUID": "bd-2721539501",
    "theme": "",
    "layout": "",
    "viewCount": 0,
    "userName": "世***e",
    "commentCount": 0,
    "starCount": 0,
    "isStared": 0,
    "thumbnailURL": "https://www.makeapie.com/ecg-storage/ec_gallery_thumbnail/xigaqy3Ks-.png?v=1622549028134",
    "isCustomThumbnail": 0,
    "builtinTags": [
        "category-work",
        "grid",
        "series-bar",
        "tooltip"
    ],
    "customTags": [],
    "updaterUserName": "世***e"
}