{
    "cid": "xk5LzP1Edf",
    "authorUid": "obd-o-oeiQn_YENVlz5lehHdqzorhzpBBAu",
    "authorUserName": "J***o",
    "title": "雷达图多层效果",
    "description": "",
    "latestVersion": 1,
    "alwaysLatest": 0,
    "createTime": "2021-05-21T04:01:53.000Z",
    "lastUpdateTime": "2021-05-21T04:01:53.000Z",
    "auth": 2,
    "uid": "obd-o-oeiQn_YENVlz5lehHdqzorhzpBBAu",
    "publishedVersion": 0,
    "forkFrom": "-",
    "isSpam": 0,
    "version": 1,
    "parentVersion": -1,
    "echartsVersion": "4.9.0",
    "versionCreateTime": "2021-05-21T04:01:53.000Z",
    "html": "",
    "externalScripts": "",
    "updaterUID": "obd-o-oeiQn_YENVlz5lehHdqzorhzpBBAu",
    "theme": "",
    "layout": "",
    "viewCount": 0,
    "userName": "J***o",
    "commentCount": 0,
    "starCount": 0,
    "isStared": 0,
    "thumbnailURL": "https://www.makeapie.com/ecg-storage/ec_gallery_thumbnail/xk5LzP1Edf.png?v=1621569714063",
    "isCustomThumbnail": 0,
    "builtinTags": [
        "category-work",
        "polar",
        "series-bar",
        "series-gauge",
        "series-pie",
        "title"
    ],
    "customTags": [],
    "updaterUserName": "J***o"
}