{
    "cid": "xVvdDLwf0I",
    "authorUid": "bd-944243892",
    "authorUserName": "韩***能",
    "title": "排行榜，最多显示9个",
    "description": "",
    "latestVersion": 2,
    "alwaysLatest": 0,
    "createTime": "2021-05-21T08:39:46.000Z",
    "lastUpdateTime": "2021-05-21T08:39:46.000Z",
    "auth": 2,
    "uid": "bd-944243892",
    "publishedVersion": 0,
    "forkFrom": "-",
    "isSpam": 0,
    "version": 2,
    "parentVersion": 1,
    "echartsVersion": "5.1.1",
    "versionCreateTime": "2021-05-21T08:49:03.000Z",
    "html": "",
    "externalScripts": "",
    "updaterUID": "bd-944243892",
    "theme": "",
    "layout": "",
    "viewCount": 0,
    "userName": "韩***能",
    "commentCount": 0,
    "starCount": 0,
    "isStared": 0,
    "thumbnailURL": "https://www.makeapie.com/ecg-storage/ec_gallery_thumbnail/xVvdDLwf0I.png?v=1621586943104",
    "isCustomThumbnail": 0,
    "builtinTags": [
        "category-work",
        "dataset",
        "dataZoom",
        "grid",
        "series-bar",
        "visualMap"
    ],
    "customTags": [],
    "updaterUserName": "韩***能"
}