{
    "cid": "xxM6EiE-FM",
    "authorUid": "obd-o2ET2FBlH_cnyRZdFaJtSFTT-8F7F6h",
    "authorUserName": "S***K",
    "title": "柱状图加减分",
    "description": "用来直观看到各省的加减分",
    "latestVersion": 1,
    "alwaysLatest": 0,
    "createTime": "2021-05-21T11:16:42.000Z",
    "lastUpdateTime": "2021-05-21T11:16:42.000Z",
    "auth": 2,
    "uid": "obd-o2ET2FBlH_cnyRZdFaJtSFTT-8F7F6h",
    "publishedVersion": 0,
    "forkFrom": "-",
    "isSpam": 0,
    "version": 1,
    "parentVersion": -1,
    "echartsVersion": "5.1.1",
    "versionCreateTime": "2021-05-21T11:16:42.000Z",
    "html": "",
    "externalScripts": "",
    "updaterUID": "obd-o2ET2FBlH_cnyRZdFaJtSFTT-8F7F6h",
    "theme": "",
    "layout": "",
    "viewCount": 0,
    "userName": "S***K",
    "commentCount": 0,
    "starCount": 1,
    "isStared": 0,
    "thumbnailURL": "https://www.makeapie.com/ecg-storage/ec_gallery_thumbnail/xxM6EiE-FM.png?v=1621595802349",
    "isCustomThumbnail": 0,
    "builtinTags": [
        "category-work",
        "grid",
        "legend",
        "series-bar",
        "tooltip"
    ],
    "customTags": [],
    "updaterUserName": "S***K"
}