{
    "cid": "xxZJEPKf7P",
    "authorUid": "bd-2940081396",
    "authorUserName": "w***色",
    "title": "某手机特征",
    "description": "难点 主要在那个好几种颜色的字",
    "latestVersion": 4,
    "alwaysLatest": 0,
    "createTime": "2021-05-21T12:57:37.000Z",
    "lastUpdateTime": "2021-05-21T12:57:37.000Z",
    "auth": 2,
    "uid": "bd-2940081396",
    "publishedVersion": 0,
    "forkFrom": "-",
    "isSpam": 0,
    "version": 4,
    "parentVersion": 3,
    "echartsVersion": "5.1.1",
    "versionCreateTime": "2021-05-21T13:10:16.000Z",
    "html": "",
    "externalScripts": "",
    "updaterUID": "bd-2940081396",
    "theme": "",
    "layout": "",
    "viewCount": 0,
    "userName": "w***色",
    "commentCount": 3,
    "starCount": 8,
    "isStared": 0,
    "thumbnailURL": "https://www.makeapie.com/ecg-storage/ec_gallery_thumbnail/xxZJEPKf7P.png?v=1621602616796",
    "isCustomThumbnail": 0,
    "builtinTags": [
        "category-work",
        "legend",
        "radar",
        "series-radar",
        "title",
        "tooltip"
    ],
    "customTags": [],
    "updaterUserName": "w***色"
}