{
    "cid": "xZ9VreP3pMw",
    "authorUid": "obd-ojw2Oh0_9XBygvAmbaqMTE40zcPurEx",
    "authorUserName": "f***3",
    "title": "bar1",
    "description": "",
    "latestVersion": 1,
    "alwaysLatest": 0,
    "createTime": "2021-05-21T08:50:21.000Z",
    "lastUpdateTime": "2021-05-21T08:50:21.000Z",
    "auth": 2,
    "uid": "obd-ojw2Oh0_9XBygvAmbaqMTE40zcPurEx",
    "publishedVersion": 0,
    "forkFrom": "-",
    "isSpam": 0,
    "version": 1,
    "parentVersion": -1,
    "echartsVersion": "5.1.1",
    "versionCreateTime": "2021-05-21T08:50:21.000Z",
    "html": "",
    "externalScripts": "",
    "updaterUID": "obd-ojw2Oh0_9XBygvAmbaqMTE40zcPurEx",
    "theme": "",
    "layout": "",
    "viewCount": 0,
    "userName": "f***3",
    "commentCount": 0,
    "starCount": 1,
    "isStared": 0,
    "thumbnailURL": "https://www.makeapie.com/ecg-storage/ec_gallery_thumbnail/xZ9VreP3pMw.png?v=1621587021980",
    "isCustomThumbnail": 0,
    "builtinTags": [
        "category-work",
        "dataZoom",
        "grid",
        "series-bar",
        "series-pictorialBar",
        "tooltip"
    ],
    "customTags": [],
    "updaterUserName": "f***3"
}