{
    "cid": "xHJmRM4Eeb",
    "authorUid": "bd-1192091434",
    "authorUserName": "s***2",
    "title": "Generate Data",
    "description": "",
    "latestVersion": 6,
    "alwaysLatest": 1,
    "createTime": "2017-05-13T07:16:26.000Z",
    "lastUpdateTime": "2017-05-13T07:16:26.000Z",
    "auth": 2,
    "uid": "bd-1192091434",
    "publishedVersion": 0,
    "forkFrom": "-",
    "isSpam": 0,
    "version": 6,
    "parentVersion": 5,
    "echartsVersion": "3.5.4",
    "versionCreateTime": "2017-05-13T07:49:50.000Z",
    "html": "",
    "externalScripts": "/dep/echarts/map/js/china.js",
    "updaterUID": "bd-1192091434",
    "theme": "",
    "layout": "",
    "viewCount": 261,
    "userName": "s***2",
    "commentCount": 0,
    "starCount": 1,
    "isStared": 0,
    "thumbnailURL": "https://www.makeapie.com/ecg-storage/ec_gallery_thumbnail/xHJmRM4Eeb.png?v=1494661791430",
    "isCustomThumbnail": 0,
    "builtinTags": [
        "category-work",
        "grid",
        "legend",
        "series-line",
        "title",
        "toolbox",
        "tooltip"
    ],
    "customTags": [],
    "updaterUserName": "s***2"
}