{
    "cid": "xrJI-zyElW",
    "authorUid": "bd-2772384434",
    "authorUserName": "中和3000",
    "title": "XL20150816/17",
    "description": "",
    "latestVersion": 2,
    "alwaysLatest": 1,
    "createTime": "2017-05-13T01:31:42.000Z",
    "lastUpdateTime": "2017-05-13T01:31:42.000Z",
    "auth": 1,
    "uid": "bd-2772384434",
    "publishedVersion": 0,
    "forkFrom": "-",
    "isSpam": 0,
    "version": 2,
    "parentVersion": 1,
    "echartsVersion": "3.5.4",
    "versionCreateTime": "2017-05-13T01:32:24.000Z",
    "html": "",
    "externalScripts": "",
    "updaterUID": "bd-2772384434",
    "theme": "",
    "layout": "",
    "viewCount": 36,
    "userName": "中和3000",
    "commentCount": 0,
    "starCount": 0,
    "isStared": 0,
    "thumbnailURL": "https://www.makeapie.com/ecg-storage/ec_gallery_thumbnail/xrJI-zyElW.png?v=1494639144728",
    "isCustomThumbnail": 0,
    "builtinTags": [
        "category-work",
        "dataZoom",
        "grid",
        "legend",
        "series-bar",
        "series-line",
        "toolbox",
        "tooltip"
    ],
    "customTags": [],
    "updaterUserName": "中和3000"
}