{
    "cid": "xrJRttQwgZ",
    "authorUid": "bd-2772384434",
    "authorUserName": "中和3000",
    "title": "BFD2015818/19",
    "description": "",
    "latestVersion": 1,
    "alwaysLatest": 1,
    "createTime": "2017-05-15T13:13:42.000Z",
    "lastUpdateTime": "2017-05-15T13:13:42.000Z",
    "auth": 2,
    "uid": "bd-2772384434",
    "publishedVersion": 0,
    "forkFrom": "-",
    "isSpam": 0,
    "version": 1,
    "parentVersion": -1,
    "echartsVersion": "3.5.4",
    "versionCreateTime": "2017-05-15T13:13:42.000Z",
    "html": "",
    "externalScripts": "",
    "updaterUID": "bd-2772384434",
    "theme": "",
    "layout": "",
    "viewCount": 48,
    "userName": "中和3000",
    "commentCount": 0,
    "starCount": 0,
    "isStared": 0,
    "thumbnailURL": "https://www.makeapie.com/ecg-storage/ec_gallery_thumbnail/xrJRttQwgZ.png?v=1494854022321",
    "isCustomThumbnail": 0,
    "builtinTags": [
        "category-work",
        "dataZoom",
        "grid",
        "legend",
        "series-bar",
        "series-line",
        "toolbox",
        "tooltip"
    ],
    "customTags": [],
    "updaterUserName": "中和3000"
}