{
    "cid": "xrk7S6_UgW",
    "authorUid": "bd-1526773001",
    "authorUserName": "yuefengkai",
    "title": "国内地图标注",
    "description": "国内地图经纬度标注",
    "latestVersion": 1,
    "alwaysLatest": 1,
    "createTime": "2017-05-15T00:58:35.000Z",
    "lastUpdateTime": "2017-05-15T00:58:35.000Z",
    "auth": 2,
    "uid": "bd-1526773001",
    "publishedVersion": 0,
    "forkFrom": "-",
    "isSpam": 0,
    "version": 1,
    "parentVersion": -1,
    "echartsVersion": "3.5.4",
    "versionCreateTime": "2017-05-15T00:58:35.000Z",
    "html": "",
    "externalScripts": "/dep/echarts/latest/extension/bmap.min.js,/dep/echarts/map/js/china.js",
    "updaterUID": "bd-1526773001",
    "theme": "",
    "layout": "",
    "viewCount": 1938,
    "userName": "yuefengkai",
    "commentCount": 0,
    "starCount": 9,
    "isStared": 0,
    "thumbnailURL": "https://www.makeapie.com/ecg-storage/ec_gallery_thumbnail/xrk7S6_UgW.png?v=1494809915755",
    "isCustomThumbnail": 0,
    "builtinTags": [
        "category-work",
        "geo",
        "legend",
        "series-effectScatter",
        "title",
        "tooltip"
    ],
    "customTags": [],
    "updaterUserName": "yuefengkai"
}