{
    "cid": "xS1lgvCPgW",
    "authorUid": "bd-3725076066",
    "authorUserName": "千***两",
    "title": "阿里云数据展示",
    "description": "",
    "latestVersion": 4,
    "alwaysLatest": 1,
    "createTime": "2017-05-16T01:33:27.000Z",
    "lastUpdateTime": "2017-05-16T01:33:27.000Z",
    "auth": 2,
    "uid": "bd-3725076066",
    "publishedVersion": 0,
    "forkFrom": "-",
    "isSpam": 0,
    "version": 4,
    "parentVersion": 3,
    "echartsVersion": "3.6.2",
    "versionCreateTime": "2017-06-21T09:55:47.000Z",
    "html": "",
    "externalScripts": "",
    "updaterUID": "bd-3725076066",
    "theme": "",
    "layout": "",
    "viewCount": 6414,
    "userName": "千***两",
    "commentCount": 0,
    "starCount": 41,
    "isStared": 0,
    "thumbnailURL": "https://www.makeapie.com/ecg-storage/ec_gallery_thumbnail/xS1lgvCPgW.png?v=1498038947592",
    "isCustomThumbnail": 0,
    "builtinTags": [
        "category-work",
        "legend",
        "radar",
        "series-radar"
    ],
    "customTags": [],
    "updaterUserName": "千***两"
}