{
    "cid": "xSJLo0dLeb",
    "authorUid": "bd-1526773001",
    "authorUserName": "yuefengkai",
    "title": "世界地图标注",
    "description": "世界地图经纬度标注",
    "latestVersion": 1,
    "alwaysLatest": 1,
    "createTime": "2017-05-15T01:04:29.000Z",
    "lastUpdateTime": "2017-05-15T01:04:29.000Z",
    "auth": 2,
    "uid": "bd-1526773001",
    "publishedVersion": 0,
    "forkFrom": "-",
    "isSpam": 0,
    "version": 1,
    "parentVersion": -1,
    "echartsVersion": "3.5.4",
    "versionCreateTime": "2017-05-15T01:04:29.000Z",
    "html": "",
    "externalScripts": "/dep/echarts/latest/extension/bmap.min.js,/dep/echarts/map/js/world.js",
    "updaterUID": "bd-1526773001",
    "theme": "",
    "layout": "",
    "viewCount": 661,
    "userName": "yuefengkai",
    "commentCount": 0,
    "starCount": 1,
    "isStared": 0,
    "thumbnailURL": "https://www.makeapie.com/ecg-storage/ec_gallery_thumbnail/xSJLo0dLeb.png?v=1494810270186",
    "isCustomThumbnail": 0,
    "builtinTags": [
        "category-work",
        "geo",
        "series-effectScatter",
        "title",
        "tooltip"
    ],
    "customTags": [],
    "updaterUserName": "yuefengkai"
}