{
    "cid": "xB1gjBSLqz",
    "authorUid": "bd-1261501031",
    "authorUserName": "邓***e",
    "title": "V0.3.0  日常监管（餐饮）——单位业态占比",
    "description": "V0.3.0  日常监管（餐饮）——单位业态占比",
    "latestVersion": 5,
    "alwaysLatest": 1,
    "createTime": "2018-03-26T10:04:08.000Z",
    "lastUpdateTime": "2018-03-26T10:04:08.000Z",
    "auth": 2,
    "uid": "bd-1261501031",
    "publishedVersion": 0,
    "forkFrom": "-",
    "isSpam": 0,
    "version": 5,
    "parentVersion": 4,
    "echartsVersion": "4.0.4",
    "versionCreateTime": "2018-03-28T03:21:24.000Z",
    "html": "",
    "externalScripts": "",
    "updaterUID": "bd-1261501031",
    "theme": "",
    "layout": "",
    "viewCount": 1758,
    "userName": "邓***e",
    "commentCount": 0,
    "starCount": 2,
    "isStared": 0,
    "thumbnailURL": "https://www.makeapie.com/ecg-storage/ec_gallery_thumbnail/xB1gjBSLqz.png?v=1522207284838",
    "isCustomThumbnail": 0,
    "builtinTags": [
        "category-work",
        "legend",
        "series-pie",
        "tooltip"
    ],
    "customTags": [],
    "updaterUserName": "邓***e"
}