{
    "cid": "xB1oyuN8qG",
    "authorUid": "bd-404965171",
    "authorUserName": "小***物",
    "title": "持证企业数、检企业查数、违规企业数对比(食品销售)",
    "description": "",
    "latestVersion": 5,
    "alwaysLatest": 1,
    "createTime": "2018-03-26T09:05:38.000Z",
    "lastUpdateTime": "2018-03-26T09:05:38.000Z",
    "auth": 2,
    "uid": "bd-404965171",
    "publishedVersion": 0,
    "forkFrom": "-",
    "isSpam": 0,
    "version": 5,
    "parentVersion": 4,
    "echartsVersion": "4.0.4",
    "versionCreateTime": "2018-03-26T10:00:00.000Z",
    "html": "",
    "externalScripts": "",
    "updaterUID": "bd-404965171",
    "theme": "",
    "layout": "",
    "viewCount": 4105,
    "userName": "小***物",
    "commentCount": 0,
    "starCount": 9,
    "isStared": 0,
    "thumbnailURL": "https://www.makeapie.com/ecg-storage/ec_gallery_thumbnail/xB1oyuN8qG.png?v=1522058401048",
    "isCustomThumbnail": 0,
    "builtinTags": [
        "category-work",
        "grid",
        "legend",
        "series-line",
        "title",
        "tooltip"
    ],
    "customTags": [],
    "updaterUserName": "小***物"
}