{
    "cid": "xBkOWPSI5M",
    "authorUid": "bd-2000941130",
    "authorUserName": "y***人",
    "title": "东农2006年毕业论文通过率",
    "description": "",
    "latestVersion": 5,
    "alwaysLatest": 1,
    "createTime": "2018-03-26T10:10:07.000Z",
    "lastUpdateTime": "2018-03-26T10:10:07.000Z",
    "auth": 2,
    "uid": "bd-2000941130",
    "publishedVersion": 0,
    "forkFrom": "-",
    "isSpam": 0,
    "version": 5,
    "parentVersion": 4,
    "echartsVersion": "4.0.4",
    "versionCreateTime": "2018-03-27T02:59:37.000Z",
    "html": "",
    "externalScripts": "",
    "updaterUID": "bd-2000941130",
    "theme": "",
    "layout": "",
    "viewCount": 2081,
    "userName": "y***人",
    "commentCount": 0,
    "starCount": 3,
    "isStared": 0,
    "thumbnailURL": "https://www.makeapie.com/ecg-storage/ec_gallery_thumbnail/xBkOWPSI5M.png?v=1522119577984",
    "isCustomThumbnail": 0,
    "builtinTags": [
        "category-work",
        "grid",
        "series-line",
        "timeline",
        "title"
    ],
    "customTags": [],
    "updaterUserName": "y***人"
}