{
    "cid": "xHkaefuwcM",
    "authorUid": "bd-940022354",
    "authorUserName": "5***7",
    "title": "玫瑰图",
    "description": "",
    "latestVersion": 2,
    "alwaysLatest": 1,
    "createTime": "2018-03-27T07:25:41.000Z",
    "lastUpdateTime": "2018-03-27T07:25:41.000Z",
    "auth": 2,
    "uid": "bd-940022354",
    "publishedVersion": 0,
    "forkFrom": "-",
    "isSpam": 0,
    "version": 2,
    "parentVersion": 1,
    "echartsVersion": "4.0.4",
    "versionCreateTime": "2018-03-27T07:51:49.000Z",
    "html": "",
    "externalScripts": "",
    "updaterUID": "bd-940022354",
    "theme": "",
    "layout": "",
    "viewCount": 142,
    "userName": "5***7",
    "commentCount": 0,
    "starCount": 0,
    "isStared": 0,
    "thumbnailURL": "https://www.makeapie.com/ecg-storage/ec_gallery_thumbnail/xHkaefuwcM.png?v=1522137110112",
    "isCustomThumbnail": 0,
    "builtinTags": [
        "category-work",
        "markPoint",
        "series-pie"
    ],
    "customTags": [],
    "updaterUserName": "5***7"
}