{
    "cid": "xHyEU4VIqG",
    "authorUid": "bd-4067285355",
    "authorUserName": "139******35",
    "title": "各环节抽样不合格批次占比",
    "description": "食品安全抽检—不合格抽检批占比V0.0.1",
    "latestVersion": 1,
    "alwaysLatest": 1,
    "createTime": "2018-03-26T08:50:20.000Z",
    "lastUpdateTime": "2018-03-26T08:50:20.000Z",
    "auth": 2,
    "uid": "bd-4067285355",
    "publishedVersion": 0,
    "forkFrom": "-",
    "isSpam": 0,
    "version": 1,
    "parentVersion": -1,
    "echartsVersion": "4.0.4",
    "versionCreateTime": "2018-03-26T08:50:20.000Z",
    "html": "",
    "externalScripts": "",
    "updaterUID": "bd-4067285355",
    "theme": "",
    "layout": "",
    "viewCount": 52,
    "userName": "139******35",
    "commentCount": 0,
    "starCount": 0,
    "isStared": 0,
    "thumbnailURL": "https://www.makeapie.com/ecg-storage/ec_gallery_thumbnail/xHyEU4VIqG.png?v=1522054220277",
    "isCustomThumbnail": 0,
    "builtinTags": [
        "category-work",
        "legend",
        "series-pie",
        "title",
        "tooltip"
    ],
    "customTags": [],
    "updaterUserName": "139******35"
}