{
    "cid": "xrJ6r4ODqz",
    "authorUid": "bd-404965171",
    "authorUserName": "小***物",
    "title": "   经营类别持证占比与检查违规情况",
    "description": "各检查类型违规占比",
    "latestVersion": 2,
    "alwaysLatest": 1,
    "createTime": "2018-03-27T07:35:33.000Z",
    "lastUpdateTime": "2018-03-27T07:35:33.000Z",
    "auth": 2,
    "uid": "bd-404965171",
    "publishedVersion": 0,
    "forkFrom": "-",
    "isSpam": 0,
    "version": 2,
    "parentVersion": 1,
    "echartsVersion": "4.0.4",
    "versionCreateTime": "2018-04-12T07:15:33.000Z",
    "html": "",
    "externalScripts": "",
    "updaterUID": "bd-404965171",
    "theme": "",
    "layout": "",
    "viewCount": 77,
    "userName": "小***物",
    "commentCount": 0,
    "starCount": 0,
    "isStared": 0,
    "thumbnailURL": "https://www.makeapie.com/ecg-storage/ec_gallery_thumbnail/xrJ6r4ODqz.png?v=1523517333748",
    "isCustomThumbnail": 0,
    "builtinTags": [
        "category-work",
        "legend",
        "series-pie",
        "title",
        "tooltip"
    ],
    "customTags": [],
    "updaterUserName": "小***物"
}