{
    "cid": "xrk0h2EIcG",
    "authorUid": "bd-4067285355",
    "authorUserName": "139******35",
    "title": "抽检核查处置情况",
    "description": "食品安全抽检—抽检核查处置情况V0.0.1",
    "latestVersion": 1,
    "alwaysLatest": 1,
    "createTime": "2018-03-26T09:26:14.000Z",
    "lastUpdateTime": "2018-03-26T09:26:14.000Z",
    "auth": 2,
    "uid": "bd-4067285355",
    "publishedVersion": 0,
    "forkFrom": "-",
    "isSpam": 0,
    "version": 1,
    "parentVersion": -1,
    "echartsVersion": "4.0.4",
    "versionCreateTime": "2018-03-26T09:26:14.000Z",
    "html": "",
    "externalScripts": "",
    "updaterUID": "bd-4067285355",
    "theme": "",
    "layout": "",
    "viewCount": 46,
    "userName": "139******35",
    "commentCount": 0,
    "starCount": 0,
    "isStared": 0,
    "thumbnailURL": "https://www.makeapie.com/ecg-storage/ec_gallery_thumbnail/xrk0h2EIcG.png?v=1522056374628",
    "isCustomThumbnail": 0,
    "builtinTags": [
        "category-work",
        "legend",
        "series-pie",
        "title",
        "tooltip"
    ],
    "customTags": [],
    "updaterUserName": "139******35"
}