{
    "cid": "xryimtdP5f",
    "authorUid": "bd-441871429",
    "authorUserName": "牧羊yun",
    "title": "各环节抽样批次占比",
    "description": "食品安全抽检（抽检批次）",
    "latestVersion": 1,
    "alwaysLatest": 1,
    "createTime": "2018-03-27T07:56:19.000Z",
    "lastUpdateTime": "2018-03-27T07:56:19.000Z",
    "auth": 2,
    "uid": "bd-441871429",
    "publishedVersion": 0,
    "forkFrom": "-",
    "isSpam": 0,
    "version": 1,
    "parentVersion": -1,
    "echartsVersion": "4.0.4",
    "versionCreateTime": "2018-03-27T07:56:19.000Z",
    "html": "",
    "externalScripts": "",
    "updaterUID": "bd-441871429",
    "theme": "",
    "layout": "",
    "viewCount": 14,
    "userName": "牧羊yun",
    "commentCount": 0,
    "starCount": 0,
    "isStared": 0,
    "thumbnailURL": "https://www.makeapie.com/ecg-storage/ec_gallery_thumbnail/xryimtdP5f.png?v=1522137379235",
    "isCustomThumbnail": 0,
    "builtinTags": [
        "category-work",
        "legend",
        "series-pie",
        "tooltip"
    ],
    "customTags": [],
    "updaterUserName": "牧羊yun"
}