{
    "cid": "xryUh4NLqM",
    "authorUid": "bd-404965171",
    "authorUserName": "小***物",
    "title": "各检查类型违规占比",
    "description": "各检查类型违规占比",
    "latestVersion": 3,
    "alwaysLatest": 1,
    "createTime": "2018-03-26T08:51:58.000Z",
    "lastUpdateTime": "2018-03-26T08:51:58.000Z",
    "auth": 2,
    "uid": "bd-404965171",
    "publishedVersion": 0,
    "forkFrom": "-",
    "isSpam": 0,
    "version": 3,
    "parentVersion": 2,
    "echartsVersion": "4.0.4",
    "versionCreateTime": "2018-03-26T09:32:05.000Z",
    "html": "",
    "externalScripts": "",
    "updaterUID": "bd-404965171",
    "theme": "",
    "layout": "",
    "viewCount": 31,
    "userName": "小***物",
    "commentCount": 0,
    "starCount": 0,
    "isStared": 0,
    "thumbnailURL": "https://www.makeapie.com/ecg-storage/ec_gallery_thumbnail/xryUh4NLqM.png?v=1522056725766",
    "isCustomThumbnail": 0,
    "builtinTags": [
        "category-work",
        "legend",
        "series-pie",
        "title",
        "tooltip"
    ],
    "customTags": [],
    "updaterUserName": "小***物"
}