{
    "cid": "xSJinYII9f",
    "authorUid": "bd-2016888261",
    "authorUserName": "蓝猴子1988",
    "title": "收缩压-柱状图",
    "description": "",
    "latestVersion": 1,
    "alwaysLatest": 1,
    "createTime": "2018-03-26T11:29:55.000Z",
    "lastUpdateTime": "2018-03-26T11:29:55.000Z",
    "auth": 2,
    "uid": "bd-2016888261",
    "publishedVersion": 0,
    "forkFrom": "-",
    "isSpam": 0,
    "version": 1,
    "parentVersion": -1,
    "echartsVersion": "4.0.4",
    "versionCreateTime": "2018-03-26T11:29:55.000Z",
    "html": "",
    "externalScripts": "",
    "updaterUID": "bd-2016888261",
    "theme": "",
    "layout": "",
    "viewCount": 28,
    "userName": "蓝猴子1988",
    "commentCount": 0,
    "starCount": 0,
    "isStared": 0,
    "thumbnailURL": "https://www.makeapie.com/ecg-storage/ec_gallery_thumbnail/xSJinYII9f.png?v=1522063795194",
    "isCustomThumbnail": 0,
    "builtinTags": [
        "category-work",
        "grid",
        "series-bar"
    ],
    "customTags": [],
    "updaterUserName": "蓝猴子1988"
}