{
    "cid": "xSyfIi_P9f",
    "authorUid": "bd-1261501031",
    "authorUserName": "邓***e",
    "title": "V0.3.0     行政审批——申请事项受理与办结分析",
    "description": "V0.3.0     行政审批——申请事项受理与办结分析",
    "latestVersion": 1,
    "alwaysLatest": 1,
    "createTime": "2018-03-27T08:05:29.000Z",
    "lastUpdateTime": "2018-03-27T08:05:29.000Z",
    "auth": 2,
    "uid": "bd-1261501031",
    "publishedVersion": 0,
    "forkFrom": "-",
    "isSpam": 0,
    "version": 1,
    "parentVersion": -1,
    "echartsVersion": "4.0.4",
    "versionCreateTime": "2018-03-27T08:05:29.000Z",
    "html": "",
    "externalScripts": "",
    "updaterUID": "bd-1261501031",
    "theme": "",
    "layout": "",
    "viewCount": 95,
    "userName": "邓***e",
    "commentCount": 0,
    "starCount": 0,
    "isStared": 0,
    "thumbnailURL": "https://www.makeapie.com/ecg-storage/ec_gallery_thumbnail/xSyfIi_P9f.png?v=1522137929964",
    "isCustomThumbnail": 0,
    "builtinTags": [
        "category-work",
        "grid",
        "markLine",
        "series-scatter",
        "title",
        "tooltip"
    ],
    "customTags": [],
    "updaterUserName": "邓***e"
}