{
    "cid": "xSytuhdPqz",
    "authorUid": "bd-441871429",
    "authorUserName": "牧羊yun",
    "title": "各环节抽样不合格批次占比",
    "description": "餐饮环节\n",
    "latestVersion": 1,
    "alwaysLatest": 1,
    "createTime": "2018-03-27T08:10:24.000Z",
    "lastUpdateTime": "2018-03-27T08:10:24.000Z",
    "auth": 2,
    "uid": "bd-441871429",
    "publishedVersion": 0,
    "forkFrom": "-",
    "isSpam": 0,
    "version": 1,
    "parentVersion": -1,
    "echartsVersion": "4.0.4",
    "versionCreateTime": "2018-03-27T08:10:24.000Z",
    "html": "",
    "externalScripts": "",
    "updaterUID": "bd-441871429",
    "theme": "",
    "layout": "",
    "viewCount": 28,
    "userName": "牧羊yun",
    "commentCount": 0,
    "starCount": 0,
    "isStared": 0,
    "thumbnailURL": "https://www.makeapie.com/ecg-storage/ec_gallery_thumbnail/xSytuhdPqz.png?v=1522138224802",
    "isCustomThumbnail": 0,
    "builtinTags": [
        "category-work",
        "legend",
        "series-pie",
        "tooltip"
    ],
    "customTags": [],
    "updaterUserName": "牧羊yun"
}